Stock,Expiry,Strike,Ask,OpenInterest,Volume,IV,DTE,Spot,Tags,Action,Score
IBIT,2026-09-18,43.0,0.24,7557,9148,36.914693359375,44,36.38999938964844,🚨異常掃貨 🚀點火(48.4x) 🚬菸屁股,STRONG_BUY,9
SOFI,2026-12-18,42.0,0.12,1882,5069,68.16438085937502,135,18.700000762939453,🚨異常掃貨 🚀點火(>50x) 🚬菸屁股,STRONG_BUY,9
BAC,2026-10-16,75.0,0.15,897,1942,23.975369628906247,72,62.900001525878906,🚨異常掃貨 🆕新倉暴量 🚬菸屁股,STRONG_BUY,9
AMZN,2026-09-18,320.0,2.07,9145,13235,34.48551843261719,44,277.4200134277344,🚨異常掃貨 🚀點火(2.8x),STRONG_BUY,8
NVDA,2026-08-21,240.0,0.65,38003,11618,38.9654541015625,16,211.94000244140625,🚀點火(2.6x) 🚬菸屁股 🔥萬人塚,BUY_WATCH,8
AMZN,2026-09-18,305.0,4.3,7254,9083,34.40617352294921,44,277.4200134277344,🚨異常掃貨 🆕新倉暴量,STRONG_BUY,8
CRWV,2027-01-15,240.0,2.91,2771,4342,97.25344543457031,163,91.9000015258789,🚨異常掃貨 🆕新倉暴量,STRONG_BUY,8
CRWV,2026-11-20,200.0,2.7,1466,3287,102.73486132812502,107,91.9000015258789,🚨異常掃貨 🆕新倉暴量,STRONG_BUY,8
CRSP,2027-01-15,80.0,2.65,1991,2724,65.25913647460939,163,53.06999969482422,🚨異常掃貨 🆕新倉暴量,STRONG_BUY,8
HIMS,2026-10-16,50.0,1.4,1097,2611,93.164130859375,72,32.15999984741211,🚨異常掃貨 🆕新倉暴量,STRONG_BUY,8
IBIT,2026-09-18,45.0,0.15,45059,2249,39.45373046875,44,36.38999938964844,🚀點火(2.6x) 🚬菸屁股 🔥萬人塚,BUY_WATCH,8
JOBY,2026-11-20,9.0,1.2,1132,2200,87.0118486328125,107,7.96999979019165,🚨異常掃貨 🚀點火(>50x),STRONG_BUY,8
IBM,2026-10-16,280.0,4.7,804,2039,42.963216857910155,72,235.14999389648438,🚨異常掃貨 🆕新倉暴量,STRONG_BUY,8
LUNR,2027-01-15,27.0,1.73,817,1528,119.43399658203124,163,13.960000038146973,🚨異常掃貨 🆕新倉暴量,STRONG_BUY,8
IBIT,2027-01-15,70.0,0.17,32217,1231,50.0005,163,36.38999938964844,🚀點火(5.7x) 🚬菸屁股 🔥萬人塚,BUY_WATCH,8
TSLA,2027-01-15,960.0,0.98,111749,764,69.77569287109377,163,327.3500061035156,🚀點火(3.5x) 🚬菸屁股 🔥萬人塚,BUY_WATCH,8
OPEN,2027-01-15,7.0,0.47,51901,757,104.10204199218754,163,4.119999885559082,🚀點火(2.9x) 🚬菸屁股 🔥萬人塚,BUY_WATCH,8
SOFI,2027-01-15,35.0,0.32,33820,484,62.45154736328126,163,18.700000762939453,🚀點火(2.7x) 🚬菸屁股 🔥萬人塚,BUY_WATCH,8
ONDS,2027-01-15,30.0,0.29,81133,449,116.40666796875001,163,8.859999656677246,🚀點火(3.0x) 🚬菸屁股 🔥萬人塚,BUY_WATCH,8
IBIT,2027-01-15,140.0,0.03,30327,415,73.82838671875,163,36.38999938964844,🚀點火(10.1x) 🚬菸屁股 🔥萬人塚,BUY_WATCH,8
IREN,2028-01-21,110.0,9.45,52359,155,104.88939157104494,534,40.849998474121094,🚀點火(6.5x) 🔭LEAPS 🔥萬人塚,BUY_WATCH,8
NVDA,2026-08-07,222.5,0.46,6057,21074,38.3795224609375,2,211.94000244140625,🎲末日結算 🚨異常掃貨 🆕新倉暴量 🚬菸屁股,GAMBLE,7
MSFT,2026-09-18,510.0,14.35,6637,13867,32.080757324218744,44,492.80999755859375,🚨異常掃貨 🚀點火(4.7x) 🏛️機構場,STRONG_BUY,7
RIVN,2026-08-07,16.0,0.27,6640,8232,59.375406250000005,2,15.760000228881836,🎲末日結算 🚨異常掃貨 🆕新倉暴量 🚬菸屁股,GAMBLE,7
F,2026-08-07,14.0,0.34,2089,3882,35.1568984375,2,14.239999771118164,🎲末日結算 🚨異常掃貨 🆕新倉暴量 🚬菸屁股,GAMBLE,7
ACHR,2026-08-07,6.0,0.01,2314,3210,79.687703125,2,5.309999942779541,🎲末日結算 🚨異常掃貨 🆕新倉暴量 🚬菸屁股,GAMBLE,7
ORCL,2026-08-07,157.5,0.79,956,3121,68.84796777343752,2,145.74000549316406,🎲末日結算 🚨異常掃貨 🆕新倉暴量 🚬菸屁股,GAMBLE,7
META,2026-08-07,630.0,0.86,2343,2858,44.92242578125,2,587.9400024414062,🎲末日結算 🚨異常掃貨 🆕新倉暴量 🚬菸屁股,GAMBLE,7
ORCL,2026-08-07,162.5,0.38,1050,2282,71.28934960937501,2,145.74000549316406,🎲末日結算 🚨異常掃貨 🆕新倉暴量 🚬菸屁股,GAMBLE,7
HOOD,2026-08-07,99.0,0.92,995,2279,71.19169433593751,2,93.51000213623047,🎲末日結算 🚨異常掃貨 🆕新倉暴量 🚬菸屁股,GAMBLE,7
PATH,2026-08-07,15.0,0.15,1395,2118,73.82838671875,2,14.100000381469727,🎲末日結算 🚨異常掃貨 🚀點火(3.1x) 🚬菸屁股,GAMBLE,7
HOOD,2026-08-07,101.0,0.6,985,1310,72.851833984375,2,93.51000213623047,🎲末日結算 🚨異常掃貨 🆕新倉暴量 🚬菸屁股,GAMBLE,7
PLTR,2026-08-07,160.0,5.85,17042,109284,65.21030883789064,2,162.66000366210938,🎲末日結算 🚨異常掃貨 🚀點火(8.7x),GAMBLE,6
PLTR,2026-08-07,165.0,3.3,5744,75894,64.648791015625,2,162.66000366210938,🎲末日結算 🚨異常掃貨 🆕新倉暴量,GAMBLE,6
PLTR,2026-08-07,155.0,9.23,8413,48901,65.86948193359376,2,162.66000366210938,🎲末日結算 🚨異常掃貨 🆕新倉暴量,GAMBLE,6
NVDA,2026-08-07,220.0,0.77,31202,40624,37.74476318359375,2,211.94000244140625,🎲末日結算 🚨異常掃貨 🚬菸屁股 🔥萬人塚,GAMBLE,6
PLTR,2026-08-07,152.5,11.31,9327,31155,68.60382958984376,2,162.66000366210938,🎲末日結算 🚨異常掃貨 🆕新倉暴量,GAMBLE,6
NVDA,2026-08-07,217.5,1.28,18028,28561,37.52503881835938,2,211.94000244140625,🎲末日結算 🚨異常掃貨 🆕新倉暴量,GAMBLE,6
AMZN,2026-08-07,280.0,3.05,10272,15018,37.53724572753906,2,277.4200134277344,🎲末日結算 🚨異常掃貨 🆕新倉暴量,GAMBLE,6
PLTR,2026-08-21,200.0,0.62,11088,12708,59.766027343750004,16,162.66000366210938,🚀點火(7.9x) 🚬菸屁股,BUY_WATCH,6
TSLA,2026-08-07,327.5,6.45,5217,12589,48.816429809570316,2,327.3500061035156,🎲末日結算 🚨異常掃貨 🆕新倉暴量,GAMBLE,6
AMZN,2026-08-07,277.5,4.25,2756,8110,37.89124609375,2,277.4200134277344,🎲末日結算 🚨異常掃貨 🆕新倉暴量,GAMBLE,6
META,2026-08-07,600.0,5.4,4010,7970,41.6448706665039,2,587.9400024414062,🎲末日結算 🚨異常掃貨 🆕新倉暴量,GAMBLE,6
IBM,2026-08-07,240.0,2.2,2527,6602,42.8716650390625,2,235.14999389648438,🎲末日結算 🚨異常掃貨 🚀點火(4.0x),GAMBLE,6
RIVN,2026-08-07,16.5,0.14,31405,6468,61.328511718750015,2,15.760000228881836,🎲末日結算 🆕新倉暴量 🚬菸屁股 🔥萬人塚,GAMBLE,6
RIVN,2026-08-21,18.0,0.19,5567,6121,59.766027343750004,16,15.760000228881836,🆕新倉暴量 🚬菸屁股,BUY_WATCH,6
ORCL,2026-08-07,152.5,1.65,1532,5934,67.13900048828127,2,145.74000549316406,🎲末日結算 🚨異常掃貨 🆕新倉暴量,GAMBLE,6
RIVN,2026-08-21,17.0,0.39,11055,4670,58.984785156250005,16,15.760000228881836,🆕新倉暴量 🚬菸屁股,BUY_WATCH,6
HOOD,2026-08-07,96.0,1.76,1623,4556,70.8010732421875,2,93.51000213623047,🎲末日結算 🚨異常掃貨 🆕新倉暴量,GAMBLE,6
OPEN,2028-01-21,7.0,1.4,20596,4486,106.05515722656251,534,4.119999885559082,🚀點火(35.6x) 🔭LEAPS,BUY_WATCH,6
META,2026-08-07,620.0,1.53,1159,3644,43.079182495117195,2,587.9400024414062,🎲末日結算 🚨異常掃貨 🆕新倉暴量,GAMBLE,6
RIVN,2026-08-21,20.0,0.05,10113,3372,65.62534375000001,16,15.760000228881836,🆕新倉暴量 🚬菸屁股,BUY_WATCH,6
META,2026-08-07,610.0,2.85,1366,2675,42.22469885253906,2,587.9400024414062,🎲末日結算 🚨異常掃貨 🆕新倉暴量,GAMBLE,6
NVDA,2026-08-21,245.0,0.44,14806,2672,40.08848974609375,16,211.94000244140625,🚀點火(2.9x) 🚬菸屁股,BUY_WATCH,6
LUNR,2026-09-18,15.0,2.0,762,2647,119.62930810546877,44,13.960000038146973,🚨異常掃貨 🆕新倉暴量 ⚠️暴動高IV(120%),STRONG_BUY,6
VST,2026-08-21,180.0,0.61,12237,2633,67.23665576171877,16,143.22999572753906,🆕新倉暴量 🚬菸屁股,BUY_WATCH,6
LCID,2026-11-20,18.0,0.15,2958,2524,90.23447265624999,107,7.78000020980835,🆕新倉暴量 🚬菸屁股,BUY_WATCH,6
PFE,2026-08-21,26.5,0.14,4256,2502,23.438265625,16,25.40999984741211,🆕新倉暴量 🚬菸屁股,BUY_WATCH,6
PLTR,2027-01-15,410.0,0.72,8568,2306,65.9183095703125,163,162.66000366210938,🚀點火(>50x) 🚬菸屁股,BUY_WATCH,6
SOUN,2027-01-15,37.0,0.1,15558,2283,121.09414453124998,163,6.510000228881836,🚀點火(32.6x) 🚬菸屁股,BUY_WATCH,6
PATH,2027-01-15,37.0,0.22,2839,2049,81.34784277343749,163,14.100000381469727,🚀點火(6.8x) 🚬菸屁股,BUY_WATCH,6
IBIT,2026-12-18,60.0,0.2,16876,2031,47.6567734375,135,36.38999938964844,🚀點火(7.4x) 🚬菸屁股,BUY_WATCH,6
OPEN,2028-01-21,15.0,0.71,25305,2025,107.32468212890626,534,4.119999885559082,🚀點火(13.2x) 🔭LEAPS,BUY_WATCH,6
PATH,2027-01-15,35.0,0.22,1645,1896,83.20329296874999,163,14.100000381469727,🚀點火(5.6x) 🚬菸屁股,BUY_WATCH,6
SOFI,2026-10-16,30.0,0.12,3737,1703,61.71913281250001,72,18.700000762939453,🚀點火(>50x) 🚬菸屁股,BUY_WATCH,6
ORCL,2026-08-07,146.0,3.95,943,1485,66.13803393554689,2,145.74000549316406,🎲末日結算 🚨異常掃貨 🆕新倉暴量,GAMBLE,6
SOFI,2026-08-21,20.5,0.26,1153,1422,50.098155273437506,16,18.700000762939453,🚨異常掃貨 🚬菸屁股,STRONG_BUY,6
ACHR,2026-10-16,6.0,0.58,7147,1404,87.10950390625,72,5.309999942779541,🚀點火(3.5x) 🚬菸屁股,BUY_WATCH,6
PATH,2026-08-21,17.0,0.18,2382,1400,73.82838671875,16,14.100000381469727,🚀點火(9.1x) 🚬菸屁股,BUY_WATCH,6
DKNG,2026-09-18,27.5,0.83,4348,1369,65.38120556640627,44,23.610000610351562,🚀點火(18.3x) 🚬菸屁股,BUY_WATCH,6
ACHR,2028-01-21,5.0,2.38,20100,1187,94.43364941406249,534,5.309999942779541,🚀點火(3.3x) 🔭LEAPS,BUY_WATCH,6
META,2026-09-18,1430.0,0.04,944,1171,79.29708203125,44,587.9400024414062,🚨異常掃貨 🆕新倉暴量 🚬菸屁股 ⚠️尾段價外(143%),STRONG_BUY,6
IBIT,2026-08-21,44.0,0.04,13837,1147,44.14118359375,16,36.38999938964844,🚀點火(4.0x) 🚬菸屁股,BUY_WATCH,6
SOFI,2028-01-21,10.0,10.4,5194,1139,75.34204345703125,534,18.700000762939453,🚀點火(8.9x) 🔭LEAPS,BUY_WATCH,6
PFE,2026-10-16,26.0,0.81,5037,1053,24.95192236328125,72,25.40999984741211,🆕新倉暴量 🚬菸屁股,BUY_WATCH,6
IBM,2026-08-07,245.0,1.11,809,1006,44.31208032226562,2,235.14999389648438,🎲末日結算 🚨異常掃貨 🆕新倉暴量,GAMBLE,6
IBIT,2028-01-21,85.0,1.08,14168,950,50.146982910156254,534,36.38999938964844,🚀點火(2.7x) 🔭LEAPS,BUY_WATCH,6
ACHR,2026-10-16,5.0,0.99,3307,939,87.500125,72,5.309999942779541,🚀點火(8.0x) 🚬菸屁股,BUY_WATCH,6
SOUN,2026-10-16,7.0,0.87,6462,926,91.992267578125,72,6.510000228881836,🚀點火(7.0x) 🚬菸屁股,BUY_WATCH,6
IBM,2026-08-21,270.0,0.76,3047,906,43.21345849609375,16,235.14999389648438,🚀點火(3.8x) 🚬菸屁股,BUY_WATCH,6
F,2026-08-21,17.5,0.01,861,872,49.219257812500004,16,14.239999771118164,🆕新倉暴量 🚬菸屁股,BUY_WATCH,6
OPEN,2027-01-15,6.0,0.62,8967,776,102.34423828125001,163,4.119999885559082,🚀點火(3.7x) 🚬菸屁股,BUY_WATCH,6
F,2026-08-21,14.5,0.27,3042,758,31.153032226562495,16,14.239999771118164,🆕新倉暴量 🚬菸屁股,BUY_WATCH,6
RIVN,2026-08-21,16.0,0.73,3233,707,59.375406250000005,16,15.760000228881836,🆕新倉暴量 🚬菸屁股,BUY_WATCH,6
ACHR,2027-01-15,12.0,0.26,20365,700,94.33599414062499,163,5.309999942779541,🚀點火(13.5x) 🚬菸屁股,BUY_WATCH,6
OPEN,2026-11-20,9.0,0.2,10410,697,116.79729101562502,107,4.119999885559082,🚀點火(4.4x) 🚬菸屁股,BUY_WATCH,6
ONDS,2026-12-18,15.0,0.98,3963,623,113.37933935546877,135,8.859999656677246,🚀點火(3.3x) 🚬菸屁股,BUY_WATCH,6
IREN,2026-12-18,140.0,0.84,7198,622,114.45355273437498,135,40.849998474121094,🚀點火(3.5x) 🚬菸屁股,BUY_WATCH,6
SMR,2027-01-15,20.0,0.79,20027,606,110.25435498046878,163,9.489999771118164,🚀點火(7.1x) 🚬菸屁股,BUY_WATCH,6
SOFI,2028-06-16,40.0,2.69,8868,582,67.04134521484376,681,18.700000762939453,🚀點火(2.7x) 🔭LEAPS,BUY_WATCH,6
RIVN,2026-08-21,15.5,0.91,1480,578,60.547269531250016,16,15.760000228881836,🆕新倉暴量 🚬菸屁股,BUY_WATCH,6
PFE,2026-11-20,28.0,0.46,1826,572,24.073024902343747,107,25.40999984741211,🆕新倉暴量 🚬菸屁股,BUY_WATCH,6
JOBY,2028-01-21,12.0,2.46,5616,570,93.31061376953124,534,7.96999979019165,🚀點火(16.3x) 🔭LEAPS,BUY_WATCH,6
JOBY,2028-01-21,15.0,1.93,9982,555,90.08798974609374,534,7.96999979019165,🚀點火(12.6x) 🔭LEAPS,BUY_WATCH,6
SOUN,2028-01-21,8.0,2.3,11419,546,88.96495410156248,534,6.510000228881836,🚀點火(7.5x) 🔭LEAPS,BUY_WATCH,6
T,2026-10-16,24.0,0.9,11307,532,29.29758203124999,72,23.3799991607666,🚀點火(7.2x) 🚬菸屁股,BUY_WATCH,6
SOFI,2026-08-21,21.5,0.12,788,524,50.0005,16,18.700000762939453,🆕新倉暴量 🚬菸屁股,BUY_WATCH,6
ZM,2026-08-21,120.0,0.21,1674,517,47.51029052734375,16,102.12000274658203,🚀點火(22.5x) 🚬菸屁股,BUY_WATCH,6
ACHR,2027-01-15,8.0,0.59,13407,490,91.01571484374999,163,5.309999942779541,🚀點火(3.3x) 🚬菸屁股,BUY_WATCH,6
SOUN,2026-10-16,9.0,0.43,4005,473,93.164130859375,72,6.510000228881836,🚀點火(6.1x) 🚬菸屁股,BUY_WATCH,6
TSLA,2028-06-16,990.0,15.7,5594,442,57.71984419250489,681,327.3500061035156,🚀點火(4.7x) 🔭LEAPS,BUY_WATCH,6
PLTR,2028-01-21,410.0,10.24,8113,421,62.95508236694337,534,162.66000366210938,🚀點火(5.0x) 🔭LEAPS,BUY_WATCH,6
IBIT,2028-01-21,75.0,1.55,5304,414,49.69532727050782,534,36.38999938964844,🚀點火(15.9x) 🔭LEAPS,BUY_WATCH,6
T,2026-08-21,24.5,0.24,3371,406,31.348342773437498,16,23.3799991607666,🚀點火(3.8x) 🚬菸屁股,BUY_WATCH,6
OPEN,2027-01-15,12.0,0.16,5235,368,105.85984570312502,163,4.119999885559082,🚀點火(5.3x) 🚬菸屁股,BUY_WATCH,6
SOUN,2027-01-15,25.0,0.15,5436,357,115.8207333984375,163,6.510000228881836,🚀點火(7.1x) 🚬菸屁股,BUY_WATCH,6
SOFI,2028-06-16,25.0,5.01,16899,348,67.9934841308594,681,18.700000762939453,🚀點火(3.6x) 🔭LEAPS,BUY_WATCH,6
OPEN,2026-10-16,4.0,0.77,994,342,101.5629921875,72,4.119999885559082,🚀點火(2.7x) 🚬菸屁股,BUY_WATCH,6
IREN,2028-01-21,100.0,10.4,6529,329,105.44480871582032,534,40.849998474121094,🚀點火(3.3x) 🔭LEAPS,BUY_WATCH,6
T,2026-12-18,30.0,0.17,7577,322,29.395237304687495,135,23.3799991607666,🚀點火(3.3x) 🚬菸屁股,BUY_WATCH,6
OPEN,2026-12-18,6.0,0.54,1348,315,100.0005,135,4.119999885559082,🚀點火(15.0x) 🚬菸屁股,BUY_WATCH,6
OPEN,2026-11-20,15.0,0.08,14167,286,127.34411328124997,107,4.119999885559082,🚀點火(8.2x) 🚬菸屁股,BUY_WATCH,6
OPEN,2026-11-20,6.0,0.46,5788,283,110.35201074218752,107,4.119999885559082,🚀點火(2.8x) 🚬菸屁股,BUY_WATCH,6
JOBY,2028-01-21,8.0,3.44,7752,279,93.945373046875,534,7.96999979019165,🚀點火(3.9x) 🔭LEAPS,BUY_WATCH,6
SMCI,2028-01-21,105.0,4.29,8061,278,92.21199194335938,534,31.690000534057617,🚀點火(8.7x) 🔭LEAPS,BUY_WATCH,6
SOUN,2026-10-16,12.0,0.2,8316,277,104.29735351562503,72,6.510000228881836,🚀點火(6.2x) 🚬菸屁股,BUY_WATCH,6
TDOC,2027-01-15,15.0,0.2,10469,276,84.961087890625,163,6.710000038146973,🚀點火(2.7x) 🚬菸屁股,BUY_WATCH,6
SOFI,2026-12-18,45.0,0.1,7833,247,69.14093359375,135,18.700000762939453,🚀點火(5.6x) 🚬菸屁股,BUY_WATCH,6
SOUN,2028-01-21,5.0,3.15,7236,235,88.76964355468748,534,6.510000228881836,🚀點火(5.2x) 🔭LEAPS,BUY_WATCH,6
INTC,2028-01-21,100.0,40.03,12419,233,85.05569143676757,534,100.86000061035156,🚀點火(2.9x) 🔭LEAPS,BUY_WATCH,6
IBIT,2028-01-21,60.0,3.05,6901,228,49.87843090820313,534,36.38999938964844,🚀點火(3.5x) 🔭LEAPS,BUY_WATCH,6
ACHR,2027-01-15,9.0,0.42,3595,222,91.992267578125,163,5.309999942779541,🚀點火(6.2x) 🚬菸屁股,BUY_WATCH,6
ACHR,2028-01-21,12.0,1.1,4243,220,91.84578466796876,534,5.309999942779541,🚀點火(6.9x) 🔭LEAPS,BUY_WATCH,6
SMR,2028-01-21,8.0,5.1,5330,214,109.86373193359378,534,9.489999771118164,🚀點火(3.6x) 🔭LEAPS,BUY_WATCH,6
SOUN,2027-01-15,12.0,0.54,15676,206,97.85158398437501,163,6.510000228881836,🚀點火(3.3x) 🚬菸屁股,BUY_WATCH,6
NVDA,2028-01-21,230.0,41.95,14140,205,47.47824739074707,534,211.94000244140625,🚀點火(5.9x) 🔭LEAPS,BUY_WATCH,6
OPEN,2026-11-20,12.0,0.13,7443,205,123.43788281249999,107,4.119999885559082,🚀點火(8.2x) 🚬菸屁股,BUY_WATCH,6
SOUN,2027-01-15,22.0,0.19,2592,205,117.1879140625,163,6.510000228881836,🚀點火(3.1x) 🚬菸屁股,BUY_WATCH,6
TDOC,2027-01-15,7.5,0.85,15105,198,65.43003320312502,163,6.710000038146973,🚀點火(6.6x) 🚬菸屁股,BUY_WATCH,6
JOBY,2028-01-21,20.0,1.4,9272,197,90.08798974609374,534,7.96999979019165,🚀點火(7.9x) 🔭LEAPS,BUY_WATCH,6
ACHR,2026-10-16,12.0,0.06,7493,181,102.34423828125001,72,5.309999942779541,🚀點火(5.5x) 🚬菸屁股,BUY_WATCH,6
JOBY,2028-01-21,10.0,2.87,14837,178,92.187578125,534,7.96999979019165,🚀點火(3.6x) 🔭LEAPS,BUY_WATCH,6
ACHR,2028-01-21,15.0,0.89,13593,178,92.33406103515625,534,5.309999942779541,🚀點火(5.9x) 🔭LEAPS,BUY_WATCH,6
ACHR,2026-10-16,9.0,0.15,3463,176,93.7500625,72,5.309999942779541,🚀點火(3.7x) 🚬菸屁股,BUY_WATCH,6
ORCL,2026-12-18,510.0,0.4,10789,165,88.52550537109374,135,145.74000549316406,🚀點火(4.0x) 🚬菸屁股,BUY_WATCH,6
ACHR,2027-01-15,27.0,0.06,5916,164,114.84417578124999,163,5.309999942779541,🚀點火(6.6x) 🚬菸屁股,BUY_WATCH,6
SMR,2026-11-20,15.0,0.9,2578,159,109.27779736328125,107,9.489999771118164,🚀點火(5.7x) 🚬菸屁股,BUY_WATCH,6
AMZN,2026-10-16,380.0,0.46,4935,158,37.84241845703124,72,277.4200134277344,🚀點火(7.9x) 🚬菸屁股,BUY_WATCH,6
LUNR,2028-01-21,40.0,3.95,3672,131,118.70157836914062,534,13.960000038146973,🚀點火(2.8x) 🔭LEAPS,BUY_WATCH,6
JOBY,2026-10-16,9.0,0.88,788,120,86.7188828125,72,7.96999979019165,🚀點火(2.7x) 🚬菸屁股,BUY_WATCH,6
ONDS,2028-01-21,25.0,1.95,7256,112,101.95361523437501,534,8.859999656677246,🚀點火(5.1x) 🔭LEAPS,BUY_WATCH,6
SOFI,2026-12-18,32.0,0.32,3923,106,62.2074091796875,135,18.700000762939453,🚀點火(2.8x) 🚬菸屁股,BUY_WATCH,6
ACHR,2027-01-15,15.0,0.14,24433,106,99.60937890625,163,5.309999942779541,🚀點火(3.7x) 🚬菸屁股,BUY_WATCH,6
IBM,2026-08-21,275.0,0.57,4266,105,44.092355957031245,16,235.14999389648438,🚀點火(3.9x) 🚬菸屁股,BUY_WATCH,6
SOUN,2026-10-16,16.0,0.09,1669,103,117.1879140625,72,6.510000228881836,🚀點火(4.5x) 🚬菸屁股,BUY_WATCH,6
MSTR,2027-01-15,500.0,0.39,7441,93,102.29541040039064,163,97.6500015258789,🚀點火(3.4x) 🚬菸屁股,BUY_WATCH,6
NNE,2026-10-16,40.0,0.28,1189,70,113.0863720703125,72,18.170000076293945,🚀點火(2.9x) 🚬菸屁股,BUY_WATCH,6
PATH,2028-01-21,30.0,2.15,6532,69,77.31956274414063,534,14.100000381469727,🚀點火(2.7x) 🔭LEAPS,BUY_WATCH,6
IBIT,2026-11-20,45.0,0.76,8086,62,39.551385742187506,107,36.38999938964844,🚀點火(2.8x) 🚬菸屁股,BUY_WATCH,6
SOFI,2028-01-21,27.0,3.64,4375,59,66.38217211914063,534,18.700000762939453,🚀點火(2.7x) 🔭LEAPS,BUY_WATCH,6
AAPL,2026-08-07,315.0,1.61,6638,20151,29.21213366699218,2,309.3800048828125,🎲末日結算 🚨異常掃貨 🆕新倉暴量 🏛️機構場,GAMBLE,5
IBIT,2026-08-21,39.0,0.21,16055,18176,30.86006640625,16,36.38999938964844,🆕新倉暴量 🚬菸屁股 🏛️機構場,BUY_WATCH,5
MSFT,2026-08-07,500.0,3.75,5980,15144,33.58220715332031,2,492.80999755859375,🎲末日結算 🚨異常掃貨 🆕新倉暴量 🏛️機構場,GAMBLE,5
RKLB,2026-08-07,85.0,0.53,1503,12243,105.76218994140625,2,74.4800033569336,🎲末日結算 🚨異常掃貨 🚀點火(9.9x) 🚬菸屁股 ⚠️暴動高IV(106%),GAMBLE,5
ONDS,2026-08-07,10.0,0.07,8925,11407,107.03171484375002,2,8.859999656677246,🎲末日結算 🚨異常掃貨 🚀點火(2.6x) 🚬菸屁股 ⚠️暴動高IV(107%),GAMBLE,5
RKLB,2026-08-07,90.0,0.22,2115,7720,108.59420703125,2,74.4800033569336,🎲末日結算 🚨異常掃貨 🆕新倉暴量 🚬菸屁股 ⚠️暴動高IV(109%),GAMBLE,5
ORCL,2026-08-21,155.0,4.8,5166,7025,65.4422401123047,16,145.74000549316406,🚨異常掃貨,STRONG_BUY,5
PLTR,2026-09-18,155.0,16.41,61432,6104,54.16305603027345,44,162.66000366210938,🚀點火(4.6x) 🔥萬人塚,HOLD,5
IBIT,2026-09-18,39.0,0.83,19774,6043,34.91276025390625,44,36.38999938964844,🚀點火(2.6x) 🚬菸屁股 🏛️機構場,BUY_WATCH,5
SOFI,2026-09-18,25.0,0.13,37538,4719,55.273884765625006,44,18.700000762939453,🚀點火(7.4x) 🚬菸屁股 🔥萬人塚 ⚠️尾段價外(34%),BUY_WATCH,5
IBIT,2026-08-21,39.5,0.17,9616,3513,31.641308593749994,16,36.38999938964844,🆕新倉暴量 🚬菸屁股 🏛️機構場,BUY_WATCH,5
HIMS,2026-08-07,32.5,0.93,891,3281,87.5977802734375,2,32.15999984741211,🎲末日結算 🚨異常掃貨 🆕新倉暴量 🚬菸屁股 ⚠️暴動高IV(88%),GAMBLE,5
ONDS,2027-01-15,15.0,1.13,52809,3207,110.54732226562503,163,8.859999656677246,🚀點火(8.0x) 🔥萬人塚,HOLD,5
JOBY,2026-08-07,9.0,0.13,2101,3199,133.59408203124997,2,7.96999979019165,🎲末日結算 🚨異常掃貨 🚀點火(3.4x) 🚬菸屁股 ⚠️暴動高IV(134%),GAMBLE,5
NVDA,2026-09-18,270.0,0.96,42300,3139,43.95807995605468,44,211.94000244140625,🚀點火(3.2x) 🚬菸屁股 🔥萬人塚 ⚠️尾段價外(27%),BUY_WATCH,5
SHOP,2026-09-18,140.0,6.15,47844,3054,65.35679174804689,44,123.30000305175781,🚀點火(4.2x) 🔥萬人塚,HOLD,5
ASTS,2026-08-07,85.0,0.34,1587,3032,123.047259765625,2,70.30999755859375,🎲末日結算 🚨異常掃貨 🚀點火(5.0x) 🚬菸屁股 ⚠️暴動高IV(123%),GAMBLE,5
ONDS,2026-08-07,11.0,0.03,2128,2891,112.5004375,2,8.859999656677246,🎲末日結算 🚨異常掃貨 🚀點火(4.3x) 🚬菸屁股 ⚠️暴動高IV(113%),GAMBLE,5
SMCI,2026-08-07,34.0,0.53,1121,2828,99.2187578125,2,31.690000534057617,🎲末日結算 🚨異常掃貨 🚀點火(6.3x) 🚬菸屁股 ⚠️暴動高IV(99%),GAMBLE,5
DKNG,2026-11-20,30.0,1.36,36187,2789,63.81872119140625,107,23.610000610351562,🚀點火(32.1x) 🔥萬人塚,HOLD,5
NVDA,2026-09-18,195.0,23.3,85235,2617,46.81449670410156,44,211.94000244140625,🚀點火(2.9x) 🔥萬人塚,HOLD,5
IBIT,2026-08-21,36.5,0.98,5305,2598,31.39717041015625,16,36.38999938964844,🆕新倉暴量 🚬菸屁股 🏛️機構場,BUY_WATCH,5
SMCI,2026-08-07,32.5,0.94,1620,2329,97.070341796875,2,31.690000534057617,🎲末日結算 🚨異常掃貨 🚀點火(2.8x) 🚬菸屁股 ⚠️暴動高IV(97%),GAMBLE,5
MSTR,2026-08-21,95.0,7.85,47113,2305,73.1447998046875,16,97.6500015258789,🚀點火(6.6x) 🔥萬人塚,HOLD,5
IBIT,2026-08-21,41.0,0.08,6006,1796,34.961587890625,16,36.38999938964844,🚀點火(12.9x) 🚬菸屁股 🏛️機構場,BUY_WATCH,5
KTOS,2026-08-07,60.0,0.64,765,1749,137.3050009765625,2,51.869998931884766,🎲末日結算 🚨異常掃貨 🆕新倉暴量 🚬菸屁股 ⚠️暴動高IV(137%),GAMBLE,5
SMCI,2026-08-07,33.5,0.66,879,1627,98.04689453125,2,31.690000534057617,🎲末日結算 🚨異常掃貨 🆕新倉暴量 🚬菸屁股 ⚠️暴動高IV(98%),GAMBLE,5
MSFT,2026-12-18,525.0,28.61,54088,1164,35.22556230163574,135,492.80999755859375,🚀點火(4.5x) 🔥萬人塚,HOLD,5
CRWV,2026-08-07,115.0,0.15,779,984,124.21912890624998,2,91.9000015258789,🎲末日結算 🚨異常掃貨 🆕新倉暴量 🚬菸屁股 ⚠️暴動高IV(124%),GAMBLE,5
IBIT,2026-11-20,40.0,1.8,58580,789,39.67345483398438,107,36.38999938964844,🚀點火(12.1x) 🔥萬人塚,HOLD,5
NVDA,2027-01-15,340.0,1.85,72370,214,44.2388388671875,163,211.94000244140625,🚀點火(4.0x) 🔥萬人塚,HOLD,5
INTC,2026-08-07,105.0,2.39,7388,26516,96.48441015625,2,100.86000061035156,🎲末日結算 🚨異常掃貨 🚀點火(6.3x) ⚠️暴動高IV(96%),GAMBLE,4
SOFI,2026-08-07,19.0,0.26,16269,24279,50.39112109375,2,18.700000762939453,🎲末日結算 🚨異常掃貨 🚬菸屁股,GAMBLE,4
SOFI,2026-08-07,19.5,0.12,12105,18375,50.0005,2,18.700000762939453,🎲末日結算 🚨異常掃貨 🚬菸屁股,GAMBLE,4
PFE,2026-08-07,25.5,0.22,26122,17806,24.61012890625,2,25.40999984741211,🎲末日結算 🆕新倉暴量 🚬菸屁股,GAMBLE,4
ZM,2026-08-07,105.0,0.75,15064,15595,43.7505625,2,102.12000274658203,🎲末日結算 🆕新倉暴量 🚬菸屁股,GAMBLE,4
ORCL,2026-08-07,160.0,0.55,11935,15261,69.72686523437501,2,145.74000549316406,🎲末日結算 🚨異常掃貨 🚬菸屁股,GAMBLE,4
NVDA,2026-08-07,225.0,0.28,10831,14470,39.20959228515625,2,211.94000244140625,🎲末日結算 🚨異常掃貨 🚬菸屁股,GAMBLE,4
PFE,2026-08-07,25.0,0.53,22110,12907,26.367923828125,2,25.40999984741211,🎲末日結算 🆕新倉暴量 🚬菸屁股,GAMBLE,4
HOOD,2026-08-07,100.0,0.73,5984,11517,71.63114306640624,2,93.51000213623047,🎲末日結算 🚨異常掃貨 🚬菸屁股,GAMBLE,4
T,2026-08-07,23.5,0.33,7739,9732,44.727115234375,2,23.3799991607666,🎲末日結算 🚨異常掃貨 🚬菸屁股,GAMBLE,4
PFE,2026-08-07,26.0,0.08,20000,9481,26.17261328125,2,25.40999984741211,🎲末日結算 🆕新倉暴量 🚬菸屁股,GAMBLE,4
IREN,2026-08-07,50.0,0.15,6485,9411,123.82850585937497,2,40.849998474121094,🎲末日結算 🚨異常掃貨 🚬菸屁股,GAMBLE,4
F,2026-08-07,14.5,0.1,7802,9086,35.938140624999996,2,14.239999771118164,🎲末日結算 🆕新倉暴量 🚬菸屁股,GAMBLE,4
INTC,2026-08-07,95.0,7.75,5969,7228,98.04689453125,2,100.86000061035156,🎲末日結算 🚨異常掃貨 🆕新倉暴量 ⚠️暴動高IV(98%),GAMBLE,4
F,2026-08-07,15.0,0.03,10691,7104,39.45373046875,2,14.239999771118164,🎲末日結算 🆕新倉暴量 🚬菸屁股,GAMBLE,4
BAC,2026-08-07,64.0,0.14,7960,6917,19.92267578125,2,62.900001525878906,🎲末日結算 🆕新倉暴量 🚬菸屁股,GAMBLE,4
SMCI,2026-08-07,31.5,1.41,5678,6872,95.312546875,2,31.690000534057617,🎲末日結算 🚨異常掃貨 🚀點火(6.0x) ⚠️暴動高IV(95%),GAMBLE,4
SMCI,2026-08-07,32.0,1.13,4742,6717,95.89847851562499,2,31.690000534057617,🎲末日結算 🚨異常掃貨 🚀點火(2.9x) ⚠️暴動高IV(96%),GAMBLE,4
ASTS,2026-08-07,80.0,0.74,3219,4930,120.11758691406249,2,70.30999755859375,🎲末日結算 🚨異常掃貨 🚬菸屁股,GAMBLE,4
PFE,2026-08-07,26.5,0.02,3940,4607,28.906960937499992,2,25.40999984741211,🎲末日結算 🆕新倉暴量 🚬菸屁股,GAMBLE,4
RIVN,2026-08-07,17.0,0.08,7342,4421,65.23472265625001,2,15.760000228881836,🎲末日結算 🆕新倉暴量 🚬菸屁股,GAMBLE,4
BAC,2026-08-07,65.0,0.05,10415,4098,21.87578125,2,62.900001525878906,🎲末日結算 🆕新倉暴量 🚬菸屁股,GAMBLE,4
CRWV,2026-08-07,110.0,0.42,2110,3709,119.922275390625,2,91.9000015258789,🎲末日結算 🚨異常掃貨 🚬菸屁股,GAMBLE,4
BAC,2026-08-07,63.0,0.5,12946,3674,20.899228515624994,2,62.900001525878906,🎲末日結算 🆕新倉暴量 🚬菸屁股,GAMBLE,4
NVDA,2026-08-07,235.0,0.06,5297,3649,45.898978515625004,2,211.94000244140625,🎲末日結算 🆕新倉暴量 🚬菸屁股,GAMBLE,4
LCID,2026-09-18,8.0,0.95,9670,3590,96.87503124999999,44,7.78000020980835,🆕新倉暴量 🚬菸屁股 ⚠️暴動高IV(97%),BUY_WATCH,4
CRWV,2026-08-07,105.0,0.85,2149,3424,118.99454565429686,2,91.9000015258789,🎲末日結算 🚨異常掃貨 🚬菸屁股,GAMBLE,4
DKNG,2026-08-07,24.0,1.02,2379,3208,120.70352148437497,2,23.610000610351562,🎲末日結算 🚨異常掃貨 🚀點火(6.4x) ⚠️暴動高IV(121%),GAMBLE,4
ASTS,2026-08-07,72.0,2.62,2019,3194,114.0629296875,2,70.30999755859375,🎲末日結算 🚨異常掃貨 🚀點火(3.1x) ⚠️暴動高IV(114%),GAMBLE,4
NVDA,2026-08-07,227.5,0.19,10940,3175,40.38145556640625,2,211.94000244140625,🎲末日結算 🆕新倉暴量 🚬菸屁股,GAMBLE,4
JOBY,2026-08-21,8.0,0.64,3149,3080,91.992267578125,16,7.96999979019165,🚀點火(19.1x) 🚬菸屁股 ⚠️暴動高IV(92%),BUY_WATCH,4
IBM,2026-08-07,250.0,0.51,2416,2876,45.67925415039063,2,235.14999389648438,🎲末日結算 🚀點火(2.7x) 🚬菸屁股,GAMBLE,4
HOOD,2026-08-07,105.0,0.22,2155,2814,73.437765625,2,93.51000213623047,🎲末日結算 🚨異常掃貨 🚬菸屁股,GAMBLE,4
GOOG,2026-08-07,395.0,0.55,6630,2640,35.86489916992188,2,375.3500061035156,🎲末日結算 🆕新倉暴量 🚬菸屁股,GAMBLE,4
RKLB,2026-08-07,76.0,2.46,1112,2637,101.95361523437501,2,74.4800033569336,🎲末日結算 🚨異常掃貨 🆕新倉暴量 ⚠️暴動高IV(102%),GAMBLE,4
RIVN,2026-08-07,18.0,0.03,4527,2635,75.00025000000001,2,15.760000228881836,🎲末日結算 🆕新倉暴量 🚬菸屁股,GAMBLE,4
IREN,2026-08-07,41.5,1.84,1816,2617,124.51209619140621,2,40.849998474121094,🎲末日結算 🚨異常掃貨 🆕新倉暴量 ⚠️暴動高IV(125%),GAMBLE,4
TSLA,2026-08-07,400.0,0.09,5629,2563,79.49239257812499,2,327.3500061035156,🎲末日結算 🆕新倉暴量 🚬菸屁股,GAMBLE,4
RIVN,2026-08-07,15.5,0.5,2905,2452,60.74258007812501,2,15.760000228881836,🎲末日結算 🆕新倉暴量 🚬菸屁股,GAMBLE,4
OPEN,2026-08-21,6.0,0.07,18319,2404,135.15657421875,16,4.119999885559082,🚀點火(4.9x) 🚬菸屁股 ⚠️暴動高IV(135%),BUY_WATCH,4
ORCL,2026-08-07,165.0,0.26,1218,2172,72.6565234375,2,145.74000549316406,🎲末日結算 🚨異常掃貨 🚬菸屁股,GAMBLE,4
SMCI,2026-08-21,45.0,0.47,8580,2103,121.09414453124998,16,31.690000534057617,🚀點火(14.7x) 🚬菸屁股 ⚠️暴動高IV(121%),BUY_WATCH,4
META,2026-09-18,1440.0,0.07,1216,1992,87.10950390625,44,587.9400024414062,🚨異常掃貨 🆕新倉暴量 🚬菸屁股 ⚠️尾段價外(145%) ⚠️暴動高IV(87%),STRONG_BUY,4
ONDS,2026-08-21,9.5,0.66,3296,1769,114.84417578124999,16,8.859999656677246,🚀點火(3.1x) 🚬菸屁股 ⚠️暴動高IV(115%),BUY_WATCH,4
CRWV,2026-08-07,91.0,5.07,935,1604,119.48282446289062,2,91.9000015258789,🎲末日結算 🚨異常掃貨 🆕新倉暴量 ⚠️暴動高IV(119%),GAMBLE,4
OKLO,2026-08-07,44.0,2.2,965,1558,136.1331318359375,2,43.33000183105469,🎲末日結算 🚨異常掃貨 🆕新倉暴量 ⚠️暴動高IV(136%),GAMBLE,4
CRWV,2026-08-07,92.0,4.53,1115,1557,119.87344750976563,2,91.9000015258789,🎲末日結算 🚨異常掃貨 🆕新倉暴量 ⚠️暴動高IV(120%),GAMBLE,4
KTOS,2026-08-07,55.0,1.68,943,1522,132.51986865234372,2,51.869998931884766,🎲末日結算 🚨異常掃貨 🆕新倉暴量 ⚠️暴動高IV(133%),GAMBLE,4
SMCI,2026-08-21,40.0,0.95,17254,1475,116.99260253906249,16,31.690000534057617,🚀點火(6.0x) 🚬菸屁股 ⚠️暴動高IV(117%),BUY_WATCH,4
LCID,2026-08-21,11.5,0.13,1472,1470,145.3127734375,16,7.78000020980835,🆕新倉暴量 🚬菸屁股 ⚠️暴動高IV(145%),BUY_WATCH,4
HOOD,2026-08-07,102.0,0.47,1087,1417,72.55886816406249,2,93.51000213623047,🎲末日結算 🚨異常掃貨 🚬菸屁股,GAMBLE,4
META,2026-08-07,650.0,0.31,1980,1335,49.70753417968751,2,587.9400024414062,🎲末日結算 🆕新倉暴量 🚬菸屁股,GAMBLE,4
CRWV,2026-08-07,93.0,4.15,910,1311,119.9711032714844,2,91.9000015258789,🎲末日結算 🚨異常掃貨 🆕新倉暴量 ⚠️暴動高IV(120%),GAMBLE,4
META,2026-09-18,1420.0,0.05,967,1273,84.57046679687498,44,587.9400024414062,🚨異常掃貨 🆕新倉暴量 🚬菸屁股 ⚠️尾段價外(142%) ⚠️暴動高IV(85%),STRONG_BUY,4
CRWV,2026-08-07,101.0,1.5,770,1230,118.65275048828123,2,91.9000015258789,🎲末日結算 🚨異常掃貨 🆕新倉暴量 ⚠️暴動高IV(119%),GAMBLE,4
RIVN,2026-08-07,19.0,0.01,5413,1227,78.12521875,2,15.760000228881836,🎲末日結算 🆕新倉暴量 🚬菸屁股,GAMBLE,4
META,2026-08-21,1060.0,0.07,911,1170,90.429783203125,16,587.9400024414062,🚨異常掃貨 🆕新倉暴量 🚬菸屁股 ⚠️尾段價外(80%) ⚠️暴動高IV(90%),STRONG_BUY,4
F,2026-08-07,15.5,0.01,5432,1170,51.562984375,2,14.239999771118164,🎲末日結算 🆕新倉暴量 🚬菸屁股,GAMBLE,4
META,2026-08-07,700.0,0.07,3254,1152,63.281617187500004,2,587.9400024414062,🎲末日結算 🆕新倉暴量 🚬菸屁股,GAMBLE,4
PFE,2026-08-07,24.5,0.9,1238,1141,32.227240234374996,2,25.40999984741211,🎲末日結算 🆕新倉暴量 🚬菸屁股,GAMBLE,4
META,2026-08-07,640.0,0.49,2907,1133,47.1684970703125,2,587.9400024414062,🎲末日結算 🆕新倉暴量 🚬菸屁股,GAMBLE,4
ACHR,2026-08-21,7.0,0.08,17453,1034,102.34423828125001,16,5.309999942779541,🚀點火(4.6x) 🚬菸屁股 ⚠️暴動高IV(102%),BUY_WATCH,4
IBM,2026-08-07,260.0,0.13,1000,1034,50.19581054687501,2,235.14999389648438,🎲末日結算 🆕新倉暴量 🚬菸屁股,GAMBLE,4
OPEN,2026-08-21,5.5,0.11,1213,1014,126.56286718749999,16,4.119999885559082,🚀點火(3.3x) 🚬菸屁股 ⚠️暴動高IV(127%),BUY_WATCH,4
JOBY,2026-09-18,9.0,0.61,1195,1014,85.1563984375,44,7.96999979019165,🚀點火(10.3x) 🚬菸屁股 ⚠️暴動高IV(85%),BUY_WATCH,4
ACHR,2026-08-21,6.0,0.21,6224,899,96.87503124999999,16,5.309999942779541,🚀點火(3.9x) 🚬菸屁股 ⚠️暴動高IV(97%),BUY_WATCH,4
META,2026-08-07,635.0,0.66,921,882,45.508357421875004,2,587.9400024414062,🎲末日結算 🆕新倉暴量 🚬菸屁股,GAMBLE,4
HIMS,2026-08-07,33.0,0.75,2850,834,79.687703125,2,32.15999984741211,🎲末日結算 🆕新倉暴量 🚬菸屁股,GAMBLE,4
AMZN,2026-08-07,310.0,0.04,3001,800,44.5318046875,2,277.4200134277344,🎲末日結算 🆕新倉暴量 🚬菸屁股,GAMBLE,4
KTOS,2026-08-21,70.0,0.48,2683,627,94.0430283203125,16,51.869998931884766,🚀點火(20.2x) 🚬菸屁股 ⚠️暴動高IV(94%),BUY_WATCH,4
ACHR,2026-09-18,7.0,0.2,873,587,87.89074609375,44,5.309999942779541,🚀點火(3.9x) 🚬菸屁股 ⚠️暴動高IV(88%),BUY_WATCH,4
LUNR,2026-08-21,16.0,0.96,886,540,133.39877050781246,16,13.960000038146973,🆕新倉暴量 🚬菸屁股 ⚠️暴動高IV(133%),BUY_WATCH,4
JOBY,2026-08-21,10.0,0.13,5338,489,96.0937890625,16,7.96999979019165,🚀點火(11.6x) 🚬菸屁股 ⚠️暴動高IV(96%),BUY_WATCH,4
OPEN,2026-08-21,3.5,0.77,812,476,82.0314296875,16,4.119999885559082,🚀點火(5.0x) 🚬菸屁股 ⚠️暴動高IV(82%),BUY_WATCH,4
SMR,2026-08-21,12.0,0.28,4602,444,103.51610742187502,16,9.489999771118164,🚀點火(3.9x) 🚬菸屁股 ⚠️暴動高IV(104%),BUY_WATCH,4
OPEN,2026-09-18,4.0,0.63,5470,434,100.1958115234375,44,4.119999885559082,🚀點火(2.8x) 🚬菸屁股 ⚠️暴動高IV(100%),BUY_WATCH,4
AMZN,2026-08-07,320.0,0.02,1098,420,51.562984375,2,277.4200134277344,🎲末日結算 🆕新倉暴量 🚬菸屁股,GAMBLE,4
KTOS,2026-08-21,65.0,0.85,1743,285,94.5313046875,16,51.869998931884766,🚀點火(2.9x) 🚬菸屁股 ⚠️暴動高IV(95%),BUY_WATCH,4
JOBY,2026-09-18,8.0,0.96,2177,271,86.914193359375,44,7.96999979019165,🚀點火(6.6x) 🚬菸屁股 ⚠️暴動高IV(87%),BUY_WATCH,4
LUNR,2026-09-18,20.0,0.85,2499,201,124.80506347656248,44,13.960000038146973,🚀點火(2.8x) 🚬菸屁股 ⚠️暴動高IV(125%),BUY_WATCH,4
NVDA,2026-08-07,215.0,2.04,29221,56146,37.451797363281244,2,211.94000244140625,🎲末日結算 🚨異常掃貨,GAMBLE,3
PLTR,2026-08-07,150.0,13.38,24344,55817,66.74837939453127,2,162.66000366210938,🎲末日結算 🚨異常掃貨,GAMBLE,3
NVDA,2026-08-07,212.5,3.04,12915,37807,38.06214282226562,2,211.94000244140625,🎲末日結算 🚨異常掃貨,GAMBLE,3
ORCL,2026-08-07,150.0,2.31,16996,29228,66.62631030273441,2,145.74000549316406,🎲末日結算 🚨異常掃貨,GAMBLE,3
INTC,2026-08-07,100.0,4.45,13179,26755,94.92192578125,2,100.86000061035156,🎲末日結算 🚨異常掃貨,GAMBLE,3
TSLA,2026-08-07,350.0,1.01,11175,25843,52.75926147460939,2,327.3500061035156,🎲末日結算 🚨異常掃貨,GAMBLE,3
TSLA,2026-08-07,325.0,7.8,5972,25684,48.88967126464845,2,327.3500061035156,🎲末日結算 🚨異常掃貨,GAMBLE,3
AMZN,2026-08-21,300.0,1.8,28209,24483,35.30338134765625,16,277.4200134277344,🆕新倉暴量,HOLD,3
AAPL,2026-08-07,320.0,0.66,17703,22672,29.688203124999994,2,309.3800048828125,🎲末日結算 🚨異常掃貨 🚬菸屁股 🏛️機構場,GAMBLE,3
AMZN,2026-09-18,300.0,5.4,29127,18121,34.839518798828124,44,277.4200134277344,🆕新倉暴量,HOLD,3
INTC,2026-08-21,120.0,2.35,42412,17932,90.47861083984375,16,100.86000061035156,🚀點火(6.0x) 🔥萬人塚 ⚠️暴動高IV(90%),HOLD,3
TSLA,2026-08-07,340.0,2.34,8243,17580,50.06153454589843,2,327.3500061035156,🎲末日結算 🚨異常掃貨,GAMBLE,3
TSLA,2026-08-07,320.0,10.84,6074,15831,49.10939562988281,2,327.3500061035156,🎲末日結算 🚨異常掃貨,GAMBLE,3
SOFI,2026-08-21,20.0,0.36,49668,15208,50.098155273437506,16,18.700000762939453,🚬菸屁股 🔥萬人塚,HOLD,3
IBIT,2026-08-07,37.5,0.1,15523,13550,29.492892578124994,2,36.38999938964844,🎲末日結算 🚀點火(3.2x) 🚬菸屁股 🏛️機構場,GAMBLE,3
PLTR,2026-08-21,150.0,15.7,16527,12850,57.617611328124994,16,162.66000366210938,🆕新倉暴量,HOLD,3
HOOD,2026-08-07,95.0,2.08,5175,12440,70.70341796875,2,93.51000213623047,🎲末日結算 🚨異常掃貨,GAMBLE,3
PLTR,2026-09-18,200.0,2.65,10593,12392,54.93209130859377,44,162.66000366210938,🚀點火(2.9x),HOLD,3
PLTR,2026-08-21,160.0,9.52,16070,11456,56.531196411132825,16,162.66000366210938,🚀點火(2.5x),HOLD,3
NVDA,2026-08-21,225.0,2.54,29343,11373,37.84241845703124,16,211.94000244140625,🆕新倉暴量,HOLD,3
PLTR,2026-08-21,165.0,7.0,11104,11103,56.47016186523439,16,162.66000366210938,🚀點火(3.2x),HOLD,3
HOOD,2026-08-07,92.0,3.59,8969,10828,71.14286669921876,2,93.51000213623047,🎲末日結算 🚨異常掃貨,GAMBLE,3
PLTR,2026-09-18,160.0,13.8,10095,10513,53.79684875488282,44,162.66000366210938,🆕新倉暴量,HOLD,3
ORCL,2026-08-07,155.0,1.13,4069,9875,68.01789794921876,2,145.74000549316406,🎲末日結算 🚨異常掃貨,GAMBLE,3
INTC,2026-08-21,110.0,4.54,32001,9706,88.84288500976561,16,100.86000061035156,🚀點火(2.9x) 🔥萬人塚 ⚠️暴動高IV(89%),HOLD,3
ORCL,2026-08-21,160.0,3.55,18391,9406,65.78403356933593,16,145.74000549316406,🆕新倉暴量,HOLD,3
PFE,2026-08-21,26.0,0.27,71400,8437,23.438265625,16,25.40999984741211,🚬菸屁股 🔥萬人塚,HOLD,3
ORCL,2026-08-07,145.0,4.3,6633,8363,65.79624047851563,2,145.74000549316406,🎲末日結算 🚨異常掃貨,GAMBLE,3
ONDS,2026-09-18,10.0,0.95,49610,8243,109.375453125,44,8.859999656677246,🚬菸屁股 🔥萬人塚,HOLD,3
PLTR,2026-08-21,180.0,2.61,9833,8196,56.90961059570312,16,162.66000366210938,🚀點火(7.7x),HOLD,3
AMZN,2026-08-07,285.0,1.55,6096,8145,38.64807446289062,2,277.4200134277344,🎲末日結算 🚨異常掃貨,GAMBLE,3
PLTR,2026-08-21,170.0,5.11,7109,7815,56.250437500000004,16,162.66000366210938,🚀點火(6.7x),HOLD,3
PLTR,2026-09-18,180.0,6.18,7889,7709,54.040986938476586,44,162.66000366210938,🚀點火(4.4x),HOLD,3
RKLB,2026-08-07,80.0,1.29,3480,7568,103.22314013671878,2,74.4800033569336,🎲末日結算 🚨異常掃貨,GAMBLE,3
NVDA,2026-08-21,235.0,1.04,25630,7524,38.3795224609375,16,211.94000244140625,🚀點火(3.5x),HOLD,3
IBIT,2026-08-07,38.0,0.06,19434,7318,32.422550781249996,2,36.38999938964844,🎲末日結算 🆕新倉暴量 🚬菸屁股 🏛️機構場,GAMBLE,3
NVDA,2026-08-21,250.0,0.29,89764,6746,41.01621484375,16,211.94000244140625,🚬菸屁股 🔥萬人塚,HOLD,3
ASTS,2026-08-07,75.0,1.66,3376,6645,116.8461188964844,2,70.30999755859375,🎲末日結算 🚨異常掃貨,GAMBLE,3
INTC,2026-09-18,110.0,8.9,39903,6365,86.48695153808592,44,100.86000061035156,🚀點火(4.8x) 🔥萬人塚 ⚠️暴動高IV(86%),HOLD,3
IBM,2026-08-07,235.0,4.2,2218,5819,42.017181396484375,2,235.14999389648438,🎲末日結算 🚨異常掃貨,GAMBLE,3
TSLA,2026-09-18,400.0,3.89,13070,5779,49.25587854003906,44,327.3500061035156,🆕新倉暴量,HOLD,3
PLTR,2026-08-21,155.0,12.5,10945,5753,57.0316796875,16,162.66000366210938,🆕新倉暴量,HOLD,3
PFE,2027-01-15,27.0,0.95,54135,5637,24.488059814453127,163,25.40999984741211,🚬菸屁股 🔥萬人塚,HOLD,3
F,2026-09-18,16.0,0.17,32095,5530,34.570966796875,44,14.239999771118164,🚬菸屁股 🔥萬人塚,HOLD,3
PLTR,2026-09-18,165.0,11.2,10404,5378,53.99826275634767,44,162.66000366210938,🆕新倉暴量,HOLD,3
PLTR,2026-09-18,170.0,9.3,11856,5264,53.60153820800782,44,162.66000366210938,🆕新倉暴量,HOLD,3
ORCL,2026-08-07,148.0,3.02,2901,5240,65.86948193359376,2,145.74000549316406,🎲末日結算 🚨異常掃貨,GAMBLE,3
PLTR,2026-08-21,175.0,3.62,6801,5206,56.5556102294922,16,162.66000366210938,🚀點火(13.3x),HOLD,3
ASTS,2026-08-07,70.0,3.55,3769,4862,113.28168359375002,2,70.30999755859375,🎲末日結算 🚨異常掃貨,GAMBLE,3
TSLA,2026-08-21,350.0,5.65,10396,4856,47.54080780029296,16,327.3500061035156,🆕新倉暴量,HOLD,3
PLTR,2026-12-18,200.0,11.0,6393,4459,58.21574987792968,135,162.66000366210938,🆕新倉暴量,HOLD,3
PFE,2026-09-18,26.0,0.58,41864,4360,23.438265625,44,25.40999984741211,🚬菸屁股 🔥萬人塚,HOLD,3
AMZN,2026-08-21,285.0,5.4,20922,4282,35.4376573486328,16,277.4200134277344,🆕新倉暴量,HOLD,3
VST,2026-08-21,165.0,1.9,12968,4194,65.40561938476563,16,143.22999572753906,🆕新倉暴量,HOLD,3
AAPL,2026-08-07,330.0,0.11,5542,4151,32.422550781249996,2,309.3800048828125,🎲末日結算 🆕新倉暴量 🚬菸屁股 🏛️機構場,GAMBLE,3
SOFI,2027-01-15,30.0,0.58,68059,4122,60.79140771484376,163,18.700000762939453,🚬菸屁股 🔥萬人塚,HOLD,3
AMZN,2026-08-21,290.0,3.83,17113,4112,35.01041552734374,16,277.4200134277344,🆕新倉暴量,HOLD,3
SOFI,2026-09-18,22.0,0.4,146946,4095,52.3442265625,44,18.700000762939453,🚬菸屁股 🔥萬人塚,HOLD,3
PLTR,2026-09-18,185.0,4.96,5860,3995,54.13253875732424,44,162.66000366210938,🚀點火(17.6x),HOLD,3
PLTR,2026-11-20,200.0,9.15,6234,3984,59.44864770507813,107,162.66000366210938,🆕新倉暴量,HOLD,3
PLTR,2026-09-18,190.0,4.05,10570,3954,54.46822875976562,44,162.66000366210938,🚀點火(8.9x),HOLD,3
NBIS,2026-08-07,260.0,3.3,2332,3862,140.234673828125,2,225.74000549316406,🎲末日結算 🚨異常掃貨,GAMBLE,3
NVDA,2026-09-18,245.0,3.0,17716,3734,42.00497448730469,44,211.94000244140625,🆕新倉暴量,HOLD,3
NVDA,2026-09-18,235.0,4.85,17862,3698,42.175871215820315,44,211.94000244140625,🆕新倉暴量,HOLD,3
IBIT,2026-09-18,37.0,1.58,16633,3693,35.986968261718744,44,36.38999938964844,🆕新倉暴量,HOLD,3
PLTR,2027-01-15,160.0,26.46,13306,3613,58.30730169677734,163,162.66000366210938,🆕新倉暴量,HOLD,3
PLTR,2027-01-15,165.0,24.25,7409,3567,58.169973968505865,163,162.66000366210938,🆕新倉暴量,HOLD,3
MSTR,2026-08-21,105.0,3.57,7047,3490,73.12038598632812,16,97.6500015258789,🆕新倉暴量,HOLD,3
AAPL,2026-08-07,327.5,0.18,5439,3469,31.836619140624993,2,309.3800048828125,🎲末日結算 🆕新倉暴量 🚬菸屁股 🏛️機構場,GAMBLE,3
OPEN,2026-08-21,5.0,0.17,31347,3394,123.43788281249999,16,4.119999885559082,🚬菸屁股 🔥萬人塚,HOLD,3
META,2026-11-20,820.0,3.47,4298,3274,45.64873687744141,107,587.9400024414062,🆕新倉暴量,HOLD,3
AAPL,2026-08-07,322.5,0.43,6266,3153,30.347376220703122,2,309.3800048828125,🎲末日結算 🆕新倉暴量 🚬菸屁股 🏛️機構場,GAMBLE,3
ORCL,2026-08-07,144.0,4.83,1615,2994,66.45541357421877,2,145.74000549316406,🎲末日結算 🚨異常掃貨,GAMBLE,3
HOOD,2026-09-18,110.0,3.83,6215,2732,69.55596850585938,44,93.51000213623047,🆕新倉暴量,HOLD,3
HOOD,2026-10-16,120.0,4.05,5034,2732,69.66583068847658,72,93.51000213623047,🆕新倉暴量,HOLD,3
PLTR,2026-08-21,135.0,28.35,8737,2697,64.99058447265625,16,162.66000366210938,🆕新倉暴量,HOLD,3
PATH,2026-08-21,12.0,2.23,8354,2465,66.79720703125001,16,14.100000381469727,🆕新倉暴量,HOLD,3
INTC,2026-10-16,170.0,2.35,9383,2361,89.47764428710936,72,100.86000061035156,🚀點火(32.3x),HOLD,3
RKLB,2026-12-18,150.0,3.92,1984,2197,99.56055126953125,135,74.4800033569336,🆕新倉暴量,HOLD,3
AMZN,2026-10-16,320.0,4.53,4823,2092,34.699139343261706,72,277.4200134277344,🆕新倉暴量,HOLD,3
PFE,2026-09-18,27.0,0.26,34027,2014,22.852333984375,44,25.40999984741211,🚬菸屁股 🔥萬人塚,HOLD,3
IBIT,2026-09-18,40.0,0.6,51026,1967,35.01041552734374,44,36.38999938964844,🚬菸屁股 🔥萬人塚,HOLD,3
META,2026-12-18,805.0,5.75,1941,1826,44.53485641479492,135,587.9400024414062,🆕新倉暴量,HOLD,3
SOFI,2026-10-16,17.0,2.78,6038,1778,56.10395458984375,72,18.700000762939453,🆕新倉暴量,HOLD,3
ORCL,2026-08-07,147.0,3.51,1120,1772,67.06575903320314,2,145.74000549316406,🎲末日結算 🚨異常掃貨,GAMBLE,3
LCID,2026-11-20,9.0,1.23,6382,1653,93.2617861328125,107,7.78000020980835,🆕新倉暴量,HOLD,3
PLTR,2027-01-15,300.0,2.55,7263,1639,60.38857971191409,163,162.66000366210938,🚀點火(12.4x),HOLD,3
PFE,2027-01-15,30.0,0.34,57276,1554,23.975369628906247,163,25.40999984741211,🚬菸屁股 🔥萬人塚,HOLD,3
ONDS,2028-01-21,30.0,1.55,75540,1504,103.07665649414064,534,8.859999656677246,🔭LEAPS 🔥萬人塚,HOLD,3
HOOD,2026-08-21,105.0,2.02,3980,1432,70.117486328125,16,93.51000213623047,🆕新倉暴量,HOLD,3
PLTR,2026-08-21,220.0,0.23,7984,1361,66.30893066406252,16,162.66000366210938,🚀點火(15.3x) 🚬菸屁股 ⚠️尾段價外(35%),BUY_WATCH,3
F,2026-09-18,15.0,0.36,33376,1280,33.008482421874994,44,14.239999771118164,🚬菸屁股 🔥萬人塚,HOLD,3
OPEN,2027-01-15,10.0,0.24,40319,1188,105.46922265625001,163,4.119999885559082,🚬菸屁股 🔥萬人塚,HOLD,3
SOUN,2026-08-21,8.0,0.23,51665,1117,118.75040625,16,6.510000228881836,🚬菸屁股 🔥萬人塚,HOLD,3
RIVN,2026-09-18,20.0,0.29,48341,1105,62.9886513671875,44,15.760000228881836,🚬菸屁股 🔥萬人塚,HOLD,3
SOFI,2026-09-18,27.0,0.08,12696,1090,58.984785156250005,44,18.700000762939453,🚀點火(5.4x) 🚬菸屁股 ⚠️尾段價外(44%),BUY_WATCH,3
NVDA,2026-09-18,300.0,0.36,30785,1042,48.92629199218751,44,211.94000244140625,🚬菸屁股 🔥萬人塚,HOLD,3
RIVN,2027-01-15,13.0,4.45,1516,1003,67.18782812500001,163,15.760000228881836,🆕新倉暴量,HOLD,3
JOBY,2027-01-15,10.0,1.16,23948,960,86.0352958984375,163,7.96999979019165,🚀點火(12.6x),HOLD,3
AMZN,2026-10-16,325.0,3.7,1871,937,34.68082897949218,72,277.4200134277344,🆕新倉暴量,HOLD,3
PFE,2026-09-18,28.0,0.12,60335,933,23.82888671875,44,25.40999984741211,🚬菸屁股 🔥萬人塚,HOLD,3
SOUN,2027-01-15,10.0,0.75,31756,916,94.726615234375,163,6.510000228881836,🚬菸屁股 🔥萬人塚,HOLD,3
OPEN,2026-08-21,7.0,0.03,30606,911,143.75028125,16,4.119999885559082,🚬菸屁股 🔥萬人塚,HOLD,3
ONDS,2027-01-15,13.0,1.5,2459,907,110.54732226562503,163,8.859999656677246,🆕新倉暴量,HOLD,3
RIVN,2026-09-18,22.0,0.15,39076,901,65.820654296875,44,15.760000228881836,🚬菸屁股 🔥萬人塚,HOLD,3
ASTS,2026-10-16,110.0,4.37,1722,834,112.29291900634766,72,70.30999755859375,🆕新倉暴量,HOLD,3
PLTR,2026-09-18,230.0,0.78,5237,828,58.27678442382812,44,162.66000366210938,🚀點火(2.6x) 🚬菸屁股 ⚠️尾段價外(41%),BUY_WATCH,3
AMZN,2026-10-16,350.0,1.46,1713,820,34.88834643554687,72,277.4200134277344,🆕新倉暴量,HOLD,3
SOFI,2027-01-15,23.0,1.55,3808,819,60.547269531250016,163,18.700000762939453,🆕新倉暴量,HOLD,3
NVDA,2026-09-18,280.0,0.65,17671,792,45.4107021484375,44,211.94000244140625,🚀點火(2.9x) 🚬菸屁股 ⚠️尾段價外(32%),BUY_WATCH,3
DKNG,2026-11-20,27.5,1.86,1756,792,64.40465283203125,107,23.610000610351562,🆕新倉暴量,HOLD,3
AMZN,2026-08-21,310.0,0.82,31045,766,35.69400244140625,16,277.4200134277344,🚬菸屁股 🔥萬人塚,HOLD,3
IBIT,2027-01-15,50.0,0.77,45806,758,42.31014721679687,163,36.38999938964844,🚬菸屁股 🔥萬人塚,HOLD,3
AMZN,2026-08-21,320.0,0.35,45604,744,36.524072265625,16,277.4200134277344,🚬菸屁股 🔥萬人塚,HOLD,3
META,2026-08-21,640.0,5.2,2775,738,40.61338684082031,16,587.9400024414062,🆕新倉暴量,HOLD,3
NVDA,2026-09-18,460.0,0.02,23449,737,68.7503125,44,211.94000244140625,🚀點火(11.0x) 🚬菸屁股 ⚠️尾段價外(117%),BUY_WATCH,3
T,2026-09-18,25.0,0.37,31029,704,29.151099121093736,44,23.3799991607666,🚬菸屁股 🔥萬人塚,HOLD,3
PFE,2026-08-21,24.5,1.05,1356,677,30.762411132812495,16,25.40999984741211,🆕新倉暴量,HOLD,3
SMCI,2026-11-20,50.0,2.27,2550,671,97.68068725585938,107,31.690000534057617,🆕新倉暴量,HOLD,3
OPEN,2028-01-21,5.0,1.72,33242,648,104.68797656250001,534,4.119999885559082,🔭LEAPS 🔥萬人塚,HOLD,3
AMZN,2026-12-18,380.0,2.92,2061,621,37.68983209228516,135,277.4200134277344,🆕新倉暴量,HOLD,3
ZM,2026-08-21,105.0,2.62,2341,620,44.824770507812495,16,102.12000274658203,🆕新倉暴量,HOLD,3
XYZ,2026-08-21,90.0,2.83,1511,616,64.8441015625,16,84.63999938964844,🆕新倉暴量,HOLD,3
ACHR,2027-01-15,10.0,0.35,53579,612,91.60164648437501,163,5.309999942779541,🚬菸屁股 🔥萬人塚,HOLD,3
SMR,2026-11-20,10.0,2.01,1989,610,108.69186279296876,107,9.489999771118164,🆕新倉暴量,HOLD,3
ORCL,2027-01-15,310.0,3.09,2184,588,74.56080126953125,163,145.74000549316406,🆕新倉暴量,HOLD,3
RIVN,2027-01-15,21.0,1.35,795,580,68.60382958984376,163,15.760000228881836,🆕新倉暴量,HOLD,3
IREN,2026-10-16,75.0,1.79,1870,572,120.21524267578125,72,40.849998474121094,🆕新倉暴量,HOLD,3
SOFI,2028-01-21,20.0,5.52,30604,555,67.92024267578127,534,18.700000762939453,🔭LEAPS 🔥萬人塚,HOLD,3
AMZN,2027-01-15,400.0,2.73,1023,555,37.555556091308596,163,277.4200134277344,🆕新倉暴量,HOLD,3
LUNR,2027-01-15,35.0,1.1,2013,548,120.41055419921874,163,13.960000038146973,🚀點火(17.7x),HOLD,3
OKLO,2026-10-16,80.0,1.29,2563,537,104.73680444335938,72,43.33000183105469,🆕新倉暴量,HOLD,3
IBM,2026-09-18,350.0,0.17,4630,529,50.586431640624994,44,235.14999389648438,🚀點火(3.5x) 🚬菸屁股 ⚠️尾段價外(49%),BUY_WATCH,3
F,2026-09-18,17.0,0.08,48062,490,37.695935546875,44,14.239999771118164,🚬菸屁股 🔥萬人塚,HOLD,3
ACHR,2027-01-15,7.0,0.77,53927,460,89.84385156249999,163,5.309999942779541,🚬菸屁股 🔥萬人塚,HOLD,3
HOOD,2026-10-16,115.0,4.86,1065,444,68.01789794921876,72,93.51000213623047,🆕新倉暴量,HOLD,3
RKLB,2026-10-16,130.0,2.4,780,425,99.38965454101563,72,74.4800033569336,🆕新倉暴量,HOLD,3
OPEN,2028-01-21,10.0,1.06,34006,424,105.37156689453124,534,4.119999885559082,🔭LEAPS 🔥萬人塚,HOLD,3
NVDA,2028-01-21,250.0,34.35,36384,421,46.60087579345704,534,211.94000244140625,🔭LEAPS 🔥萬人塚,HOLD,3
SOFI,2026-10-16,15.0,4.25,1179,410,58.789474609375006,72,18.700000762939453,🆕新倉暴量,HOLD,3
RKLB,2026-10-16,125.0,2.7,1100,409,100.29346728515624,72,74.4800033569336,🆕新倉暴量,HOLD,3
NVDA,2028-01-21,300.0,21.95,92905,401,45.374081420898435,534,211.94000244140625,🔭LEAPS 🔥萬人塚,HOLD,3
ONDS,2027-01-15,20.0,0.7,34237,373,112.69574902343751,163,8.859999656677246,🚬菸屁股 🔥萬人塚,HOLD,3
OPEN,2028-01-21,20.0,3.25,37480,327,25.00075,534,4.119999885559082,🔭LEAPS 🔥萬人塚,HOLD,3
NVDA,2026-09-18,350.0,0.1,24318,320,56.250437500000004,44,211.94000244140625,🚀點火(2.6x) 🚬菸屁股 ⚠️尾段價外(65%),BUY_WATCH,3
IBM,2026-09-18,470.0,0.04,2248,298,64.062859375,44,235.14999389648438,🚀點火(4.9x) 🚬菸屁股 ⚠️尾段價外(100%),BUY_WATCH,3
IBM,2026-08-21,320.0,0.09,3853,284,57.0316796875,16,235.14999389648438,🚀點火(11.4x) 🚬菸屁股 ⚠️尾段價外(36%),BUY_WATCH,3
IBIT,2027-01-15,60.0,0.3,45647,271,46.289599609375,163,36.38999938964844,🚬菸屁股 🔥萬人塚,HOLD,3
SMR,2026-11-20,14.0,1.04,1649,262,108.88717431640625,107,9.489999771118164,🚀點火(5.5x),HOLD,3
AAPL,2026-08-21,400.0,0.03,5968,258,43.35994140625,16,309.3800048828125,🚀點火(5.7x) 🚬菸屁股 ⚠️尾段價外(29%),BUY_WATCH,3
ZM,2026-08-21,110.0,1.28,1952,249,45.09332250976563,16,102.12000274658203,🚀點火(6.9x),HOLD,3
JOBY,2026-10-16,8.0,1.27,941,240,82.42205078125,72,7.96999979019165,🚀點火(2.7x),HOLD,3
SOUN,2027-01-15,8.0,1.08,4404,219,92.57819921875,163,6.510000228881836,🚀點火(2.6x),HOLD,3
IBIT,2026-08-21,50.0,0.01,16779,212,59.375406250000005,16,36.38999938964844,🚀點火(2.6x) 🚬菸屁股 ⚠️尾段價外(37%),BUY_WATCH,3
CRWV,2026-10-16,200.0,1.3,1027,197,105.46922265625001,72,91.9000015258789,🚀點火(4.6x),HOLD,3
DKNG,2026-08-21,30.0,0.19,48710,192,75.7814921875,16,23.610000610351562,🚬菸屁股 🔥萬人塚,HOLD,3
IBIT,2027-01-15,90.0,0.09,34666,180,58.984785156250005,163,36.38999938964844,🆕低基期(前日Vol2) 🚬菸屁股 🔥萬人塚,HOLD,3
HOOD,2026-09-18,140.0,0.75,7469,180,72.9494892578125,44,93.51000213623047,🚀點火(3.2x) 🚬菸屁股 ⚠️尾段價外(50%),BUY_WATCH,3
IBM,2026-09-18,400.0,0.09,3462,171,57.812921875,44,235.14999389648438,🚀點火(5.3x) 🚬菸屁股 ⚠️尾段價外(70%),BUY_WATCH,3
IBIT,2028-06-16,100.0,1.5,33332,157,52.12450219726561,681,36.38999938964844,🔭LEAPS 🔥萬人塚,HOLD,3
F,2027-01-15,19.85,0.21,50038,148,39.7466962890625,163,14.239999771118164,🚬菸屁股 🔥萬人塚,HOLD,3
RIVN,2028-01-21,40.0,1.7,61344,147,75.4885263671875,534,15.760000228881836,🔭LEAPS 🔥萬人塚,HOLD,3
HOOD,2026-09-18,155.0,0.35,2120,136,74.7072841796875,44,93.51000213623047,🚀點火(6.5x) 🚬菸屁股 ⚠️尾段價外(66%),BUY_WATCH,3
HOOD,2026-12-18,200.0,1.21,1268,110,75.9035612792969,135,93.51000213623047,🚀點火(5.5x),HOLD,3
IBIT,2026-11-20,46.0,0.62,51531,102,39.89317919921875,107,36.38999938964844,🚬菸屁股 🔥萬人塚,HOLD,3
RIVN,2027-01-15,25.0,0.8,35478,87,70.21514160156251,163,15.760000228881836,🚬菸屁股 🔥萬人塚,HOLD,3
F,2027-01-15,16.85,0.56,36586,67,37.89124609375,163,14.239999771118164,🚬菸屁股 🔥萬人塚,HOLD,3
SOFI,2026-09-18,32.0,0.03,54507,66,70.70341796875,44,18.700000762939453,🚬菸屁股 🔥萬人塚,HOLD,3
IBIT,2027-01-15,100.0,0.06,42214,51,61.71913281250001,163,36.38999938964844,🚬菸屁股 🔥萬人塚,HOLD,3
RIVN,2026-12-18,35.0,0.24,32287,43,77.929908203125,135,15.760000228881836,🚬菸屁股 🔥萬人塚,HOLD,3
META,2027-01-15,1430.0,0.66,45827,41,52.734847656250004,163,587.9400024414062,🚬菸屁股 🔥萬人塚,HOLD,3
AMZN,2026-08-21,370.0,0.02,43704,40,50.19581054687501,16,277.4200134277344,🚬菸屁股 🔥萬人塚,HOLD,3
NVDA,2028-01-21,400.0,9.21,51332,32,45.15740878295899,534,211.94000244140625,🔭LEAPS 🔥萬人塚,HOLD,3
IBIT,2026-08-21,55.0,0.02,32216,30,75.00025000000001,16,36.38999938964844,🚬菸屁股 🔥萬人塚,HOLD,3
IBIT,2026-09-18,55.0,0.04,34805,28,52.734847656250004,44,36.38999938964844,🚬菸屁股 🔥萬人塚,HOLD,3
TSLA,2026-09-18,990.0,0.08,38181,20,104.10204199218754,44,327.3500061035156,🚬菸屁股 🔥萬人塚,HOLD,3
SHOP,2026-09-18,195.0,0.37,82802,20,73.38893798828124,44,123.30000305175781,🆕低基期(前日Vol2) 🚬菸屁股 🔥萬人塚,HOLD,3
IBIT,2026-09-18,50.0,0.06,40422,19,46.0942890625,44,36.38999938964844,🚬菸屁股 🔥萬人塚,HOLD,3
T,2027-01-15,30.0,0.23,50278,14,29.492892578124994,163,23.3799991607666,🚬菸屁股 🔥萬人塚,HOLD,3
F,2026-08-21,18.0,0.01,31759,8,49.219257812500004,16,14.239999771118164,🚬菸屁股 🔥萬人塚,HOLD,3
DKNG,2026-11-20,37.5,0.4,30586,3,62.40271972656251,107,23.610000610351562,🚬菸屁股 🔥萬人塚,HOLD,3
IBIT,2026-09-18,65.0,0.03,36143,1,66.40658593750001,44,36.38999938964844,🚬菸屁股 🔥萬人塚,HOLD,3
PFE,2026-09-18,32.0,0.02,35021,1,30.86006640625,44,25.40999984741211,🚬菸屁股 🔥萬人塚,HOLD,3
AAPL,2026-08-07,310.0,3.4,18111,45868,29.004616210937495,2,309.3800048828125,🎲末日結算 🚨異常掃貨 🏛️機構場,GAMBLE,2
NVDA,2026-08-21,220.0,3.89,60425,26111,38.07434973144531,16,211.94000244140625,🔥萬人塚,HOLD,2
NVDA,2026-08-21,215.0,5.8,41044,18519,38.757936645507804,16,211.94000244140625,🔥萬人塚,HOLD,2
AAPL,2026-08-07,305.0,6.25,9359,18247,30.61592822265625,2,309.3800048828125,🎲末日結算 🚨異常掃貨 🏛️機構場,GAMBLE,2
SOFI,2026-08-21,18.0,1.23,30307,17012,51.36767382812499,16,18.700000762939453,🔥萬人塚,HOLD,2
AAPL,2026-09-18,330.0,4.65,17311,13609,27.619132019042958,44,309.3800048828125,🆕新倉暴量 🏛️機構場,HOLD,2
NVDA,2026-08-21,210.0,8.48,45993,12463,39.00817828369141,16,211.94000244140625,🔥萬人塚,HOLD,2
AAPL,2026-08-07,307.5,4.66,6406,11952,31.372756591796875,2,309.3800048828125,🎲末日結算 🚨異常掃貨 🏛️機構場,GAMBLE,2
NVDA,2026-08-21,230.0,1.64,79246,10000,37.964487548828124,16,211.94000244140625,🔥萬人塚,HOLD,2
NVDA,2027-01-15,260.0,9.5,32200,9475,43.14632049560547,163,211.94000244140625,🔥萬人塚,HOLD,2
AAPL,2026-08-21,330.0,1.36,25916,8789,27.393304199218747,16,309.3800048828125,🆕新倉暴量 🏛️機構場,HOLD,2
ACHR,2026-08-07,5.5,0.11,7984,8636,86.7188828125,2,5.309999942779541,🎲末日結算 🚀點火(2.9x) 🚬菸屁股 ⚠️暴動高IV(87%),GAMBLE,2
AAPL,2026-08-21,310.0,7.15,26868,8540,27.722890747070306,16,309.3800048828125,🆕新倉暴量 🏛️機構場,HOLD,2
NVDA,2026-09-18,240.0,3.75,48854,7732,41.998871032714845,44,211.94000244140625,🔥萬人塚,HOLD,2
NVDA,2026-09-18,210.0,14.07,66270,7106,43.73835559082031,44,211.94000244140625,🔥萬人塚,HOLD,2
SMCI,2026-08-07,35.0,0.32,6593,6968,99.41406835937501,2,31.690000534057617,🎲末日結算 🚀點火(3.1x) 🚬菸屁股 ⚠️暴動高IV(99%),GAMBLE,2
NVDA,2026-09-18,220.0,9.52,41501,6959,42.82894085693359,44,211.94000244140625,🔥萬人塚,HOLD,2
NVDA,2026-09-18,250.0,2.32,40798,6661,42.139250488281256,44,211.94000244140625,🔥萬人塚,HOLD,2
NVDA,2026-09-18,230.0,6.05,34302,5720,42.27962994384765,44,211.94000244140625,🔥萬人塚,HOLD,2
INTC,2026-09-18,100.0,12.7,32061,5703,86.74329663085938,44,100.86000061035156,🔥萬人塚,HOLD,2
AAPL,2026-09-18,310.0,12.03,17238,5588,28.412581115722645,44,309.3800048828125,🆕新倉暴量 🏛️機構場,HOLD,2
NVDA,2026-09-18,225.0,7.7,52176,5349,42.413905944824215,44,211.94000244140625,🔥萬人塚,HOLD,2
AAPL,2026-08-21,340.0,0.52,40077,5339,27.91820129394531,16,309.3800048828125,🚬菸屁股 🔥萬人塚 🏛️機構場,HOLD,2
AMZN,2026-08-21,295.0,2.68,32524,5166,35.18131225585937,16,277.4200134277344,🔥萬人塚,HOLD,2
NVDA,2026-08-21,200.0,15.3,39227,4534,42.566492309570314,16,211.94000244140625,🔥萬人塚,HOLD,2
SOFI,2027-01-15,25.0,1.18,97783,4426,59.375406250000005,163,18.700000762939453,🔥萬人塚,HOLD,2
SOFI,2027-01-15,20.0,2.5,82507,4151,60.30313134765627,163,18.700000762939453,🔥萬人塚,HOLD,2
AAPL,2027-01-15,315.0,22.7,11604,4140,30.512169494628903,163,309.3800048828125,🆕新倉暴量 🏛️機構場,HOLD,2
NVDA,2027-01-15,250.0,11.77,52189,3870,43.29585513305664,163,211.94000244140625,🔥萬人塚,HOLD,2
IREN,2027-01-15,110.0,2.11,43088,3764,111.89008898925783,163,40.849998474121094,🔥萬人塚,HOLD,2
NVDA,2026-10-16,250.0,4.5,42305,3510,41.72421557617187,72,211.94000244140625,🔥萬人塚,HOLD,2
IBIT,2026-08-21,37.0,0.73,33462,3427,30.9577216796875,16,36.38999938964844,🚬菸屁股 🔥萬人塚 🏛️機構場,HOLD,2
MSFT,2026-08-21,530.0,2.4,12357,3157,31.128618408203117,16,492.80999755859375,🆕新倉暴量 🏛️機構場,HOLD,2
AAPL,2026-08-21,305.0,9.82,6616,3149,28.528546752929685,16,309.3800048828125,🆕新倉暴量 🏛️機構場,HOLD,2
AAPL,2026-08-21,315.0,4.89,9755,3085,27.222407470703118,16,309.3800048828125,🆕新倉暴量 🏛️機構場,HOLD,2
U,2026-08-07,40.0,0.95,1464,2766,166.01579492187503,2,35.220001220703125,🎲末日結算 🚨異常掃貨 🚀點火(6.7x) ⚠️IV頂峰 🚬菸屁股 ⚠️暴動高IV(166%),GAMBLE,2
BAC,2026-09-18,65.0,1.04,48286,2719,21.43633251953125,44,62.900001525878906,🔥萬人塚,HOLD,2
AAPL,2026-09-18,335.0,3.6,6245,2610,27.722890747070306,44,309.3800048828125,🆕新倉暴量 🏛️機構場,HOLD,2
NVDA,2026-10-16,220.0,12.8,84907,2584,43.43318286132813,72,211.94000244140625,🔥萬人塚,HOLD,2
NVDA,2027-01-15,220.0,22.0,30225,2494,45.0200810546875,163,211.94000244140625,🔥萬人塚,HOLD,2
UPST,2026-08-07,38.0,0.24,1496,2489,156.64084179687498,2,30.31999969482422,🎲末日結算 🚨異常掃貨 🆕新倉暴量 ⚠️IV頂峰 🚬菸屁股 ⚠️暴動高IV(157%),GAMBLE,2
SHOP,2026-09-18,160.0,2.42,83510,2161,68.33527758789064,44,123.30000305175781,🚀點火(21.6x) 🔥萬人塚 ⚠️尾段價外(30%),HOLD,2
SOUN,2026-08-07,8.5,0.05,1697,2047,184.375078125,2,6.510000228881836,🎲末日結算 🚨異常掃貨 🚀點火(4.0x) ⚠️IV頂峰 🚬菸屁股 ⚠️暴動高IV(184%),GAMBLE,2
ONDS,2027-01-15,10.0,2.14,48957,1999,108.49655126953124,163,8.859999656677246,🔥萬人塚,HOLD,2
NVDA,2026-12-18,300.0,2.86,35905,1914,43.24397576904296,135,211.94000244140625,🔥萬人塚,HOLD,2
NVDA,2026-10-16,230.0,9.3,31742,1841,42.57259576416016,72,211.94000244140625,🔥萬人塚,HOLD,2
NVDA,2027-01-15,300.0,4.05,64974,1821,43.01204449462891,163,211.94000244140625,🔥萬人塚,HOLD,2
NVDA,2026-09-18,200.0,20.1,51782,1733,45.78301287841797,44,211.94000244140625,🔥萬人塚,HOLD,2
TSLA,2027-01-15,400.0,21.17,34167,1678,50.78784564208985,163,327.3500061035156,🔥萬人塚,HOLD,2
SMCI,2026-08-07,36.0,0.2,2164,1466,101.95361523437501,2,31.690000534057617,🎲末日結算 🚀點火(3.0x) 🚬菸屁股 ⚠️暴動高IV(102%),GAMBLE,2
SOFI,2027-01-15,15.0,5.15,42183,1457,64.45348046875,163,18.700000762939453,🔥萬人塚,HOLD,2
NVDA,2026-12-18,250.0,9.75,32217,1400,43.23176885986329,135,211.94000244140625,🔥萬人塚,HOLD,2
SMCI,2026-08-07,35.5,0.24,1464,1356,101.5629921875,2,31.690000534057617,🎲末日結算 🆕新倉暴量 🚬菸屁股 ⚠️暴動高IV(102%),GAMBLE,2
NVDA,2026-12-18,200.0,30.0,48464,1298,46.74125524902344,135,211.94000244140625,🔥萬人塚,HOLD,2
NVDA,2027-01-15,210.0,26.73,41644,1266,45.97832342529296,163,211.94000244140625,🔥萬人塚,HOLD,2
ASTS,2026-08-07,90.0,0.14,1076,1082,129.297228515625,2,70.30999755859375,🎲末日結算 🆕新倉暴量 🚬菸屁股 ⚠️暴動高IV(129%),GAMBLE,2
RIVN,2026-12-18,20.0,1.29,37619,1048,68.40851904296876,135,15.760000228881836,🔥萬人塚,HOLD,2
HIMS,2026-08-07,36.0,0.14,1121,1021,84.57046679687498,2,32.15999984741211,🎲末日結算 🆕新倉暴量 🚬菸屁股 ⚠️暴動高IV(85%),GAMBLE,2
DKNG,2026-08-07,24.5,0.72,895,935,110.9379453125,2,23.610000610351562,🎲末日結算 🆕新倉暴量 🚬菸屁股 ⚠️暴動高IV(111%),GAMBLE,2
PFE,2026-09-18,25.0,1.03,31085,903,24.95192236328125,44,25.40999984741211,🔥萬人塚,HOLD,2
IBIT,2026-08-21,38.0,0.41,47146,837,30.567100585937503,16,36.38999938964844,🚬菸屁股 🔥萬人塚 🏛️機構場,HOLD,2
HOOD,2026-08-07,120.0,0.01,3546,795,87.500125,2,93.51000213623047,🎲末日結算 🆕新倉暴量 🚬菸屁股 ⚠️暴動高IV(88%),GAMBLE,2
NVDA,2027-01-15,240.0,14.6,41402,788,44.022166229248036,163,211.94000244140625,🔥萬人塚,HOLD,2
LUNR,2026-08-07,15.0,0.34,949,743,121.875390625,2,13.960000038146973,🎲末日結算 🆕新倉暴量 🚬菸屁股 ⚠️暴動高IV(122%),GAMBLE,2
PATH,2027-01-15,15.0,2.55,34752,714,76.12328564453125,163,14.100000381469727,🔥萬人塚,HOLD,2
IREN,2026-08-07,49.0,0.19,915,697,122.266013671875,2,40.849998474121094,🎲末日結算 🆕新倉暴量 🚬菸屁股 ⚠️暴動高IV(122%),GAMBLE,2
CRWV,2026-08-07,120.0,0.1,1132,667,122.266013671875,2,91.9000015258789,🎲末日結算 🆕新倉暴量 🚬菸屁股 ⚠️暴動高IV(122%),GAMBLE,2
OKLO,2026-08-07,48.0,0.94,1343,569,140.234673828125,2,43.33000183105469,🎲末日結算 🆕新倉暴量 🚬菸屁股 ⚠️暴動高IV(140%),GAMBLE,2
MSTR,2026-09-18,100.0,9.6,36450,562,76.02563037109377,44,97.6500015258789,🔥萬人塚,HOLD,2
NBIS,2026-08-07,290.0,0.73,1052,520,141.9924775390625,2,225.74000549316406,🎲末日結算 🆕新倉暴量 🚬菸屁股 ⚠️暴動高IV(142%),GAMBLE,2
F,2027-01-15,14.85,1.13,56094,490,37.11000390625,163,14.239999771118164,🔥萬人塚,HOLD,2
SMCI,2026-08-21,34.0,2.26,45654,467,113.67230664062502,16,31.690000534057617,🔥萬人塚,HOLD,2
NVDA,2027-01-15,230.0,18.1,34922,437,44.46771841430663,163,211.94000244140625,🔥萬人塚,HOLD,2
IREN,2026-09-18,65.0,1.53,30561,420,120.70352148437497,44,40.849998474121094,🔥萬人塚,HOLD,2
RIVN,2027-01-15,22.0,1.2,31674,420,69.09210595703127,163,15.760000228881836,🔥萬人塚,HOLD,2
OKLO,2026-12-18,90.0,2.4,53427,260,102.41748010253909,135,43.33000183105469,🔥萬人塚,HOLD,2
RIVN,2027-01-15,20.0,1.57,53326,176,68.65265722656251,163,15.760000228881836,🔥萬人塚,HOLD,2
NVDA,2027-01-15,290.0,5.08,38195,159,43.03645831298829,163,211.94000244140625,🔥萬人塚,HOLD,2
SHOP,2026-10-16,135.0,9.88,45926,121,64.14830773925782,72,123.30000305175781,🆕低基期(前日Vol5) 🔥萬人塚,HOLD,2
SHOP,2026-09-18,175.0,1.21,44053,56,67.55403540039065,44,123.30000305175781,🔥萬人塚,HOLD,2
TSLA,2027-01-15,940.0,1.01,93565,24,69.17755432128907,163,327.3500061035156,🔥萬人塚,HOLD,2
META,2027-01-15,1250.0,1.24,38699,8,50.110362182617195,163,587.9400024414062,🔥萬人塚,HOLD,2
PLTR,2026-08-07,145.0,18.11,10760,10601,71.679970703125,2,162.66000366210938,🎲末日結算 🆕新倉暴量,HOLD,1
ORCL,2026-08-21,180.0,0.95,10619,10049,68.65265722656251,16,145.74000549316406,🚬菸屁股,HOLD,1
RKLB,2026-08-21,100.0,1.24,11417,8082,111.42622412109375,16,74.4800033569336,🚀點火(4.7x) ⚠️暴動高IV(111%),HOLD,1
MSFT,2026-08-21,500.0,9.9,45353,7933,30.44808322143554,16,492.80999755859375,🔥萬人塚 🏛️機構場,HOLD,1
AAPL,2026-09-18,320.0,7.75,35336,7732,27.814442565917965,44,309.3800048828125,🔥萬人塚 🏛️機構場,HOLD,1
SOFI,2026-08-21,19.0,0.7,24605,7725,50.6840869140625,16,18.700000762939453,🚬菸屁股,HOLD,1
INTC,2026-08-21,125.0,1.71,18743,7020,91.65047412109377,16,100.86000061035156,🚀點火(25.8x) ⚠️暴動高IV(92%),HOLD,1
AMZN,2026-08-07,282.5,2.26,5506,6467,37.94007373046875,2,277.4200134277344,🎲末日結算 🚀點火(2.5x),HOLD,1
SOFI,2026-09-18,20.0,0.87,29078,5952,51.758294921875006,44,18.700000762939453,🚬菸屁股,HOLD,1
TSLA,2026-08-21,400.0,0.91,18812,5554,54.810022216796895,16,327.3500061035156,🚬菸屁股,HOLD,1
TSLA,2026-08-07,345.0,1.55,6564,5484,51.09912182617188,2,327.3500061035156,🎲末日結算 🆕新倉暴量,HOLD,1
IREN,2026-08-21,50.0,1.55,16773,5109,120.01993115234374,16,40.849998474121094,🆕新倉暴量 ⚠️暴動高IV(120%),HOLD,1
NVDA,2026-08-21,400.0,0.01,12006,4488,84.37515624999999,16,211.94000244140625,🚬菸屁股,HOLD,1
ONDS,2026-08-21,9.0,0.83,27688,4448,113.8676181640625,16,8.859999656677246,🚬菸屁股,HOLD,1
AMD,2026-08-21,600.0,15.5,6998,4060,91.38497384643554,16,518.5800170898438,🆕新倉暴量 ⚠️暴動高IV(91%),HOLD,1
MSTR,2026-08-07,98.0,2.83,12858,3871,71.87528125,2,97.6500015258789,🎲末日結算 🆕新倉暴量,HOLD,1
UPST,2026-08-07,31.0,1.72,804,3587,160.84003955078123,2,30.31999969482422,🎲末日結算 🚨異常掃貨 🆕新倉暴量 ⚠️IV頂峰 ⚠️暴動高IV(161%),GAMBLE,1
LCID,2026-09-18,14.0,0.18,3712,3582,106.25046875000001,44,7.78000020980835,🆕新倉暴量 🚬菸屁股 ⚠️尾段價外(80%) ⚠️暴動高IV(106%),BUY_WATCH,1
MSFT,2026-10-16,510.0,21.0,52671,3369,32.553775054931634,72,492.80999755859375,🔥萬人塚 🏛️機構場,HOLD,1
NVDA,2026-08-07,192.5,19.65,7527,3318,70.117486328125,2,211.94000244140625,🎲末日結算 🆕新倉暴量,HOLD,1
CRWV,2026-08-21,120.0,2.53,16509,3273,123.12050158691407,16,91.9000015258789,🚀點火(2.5x) ⚠️暴動高IV(123%),HOLD,1
AMZN,2026-08-07,275.0,5.7,12889,3087,39.78331701660156,2,277.4200134277344,🎲末日結算 🆕新倉暴量,HOLD,1
U,2026-08-21,35.0,3.1,5835,2984,96.289099609375,16,35.220001220703125,🆕新倉暴量 ⚠️暴動高IV(96%),HOLD,1
SOFI,2026-08-21,22.0,0.09,17659,2911,51.95360546875,16,18.700000762939453,🚬菸屁股,HOLD,1
ORCL,2026-08-21,200.0,0.31,14616,2828,74.90259472656251,16,145.74000549316406,🚬菸屁股,HOLD,1
COIN,2026-08-07,155.0,3.13,6123,2812,77.49045947265626,2,150.72999572753906,🎲末日結算 🆕新倉暴量,HOLD,1
SMCI,2026-09-18,35.0,3.3,13604,2794,100.58643457031249,44,31.690000534057617,🆕新倉暴量 ⚠️暴動高IV(101%),HOLD,1
OPEN,2026-09-18,6.0,0.15,6711,2722,107.42233789062503,44,4.119999885559082,🚀點火(12.2x) 🚬菸屁股 ⚠️尾段價外(46%) ⚠️暴動高IV(107%),BUY_WATCH,1
INTC,2026-08-21,150.0,0.34,21954,2709,96.5820654296875,16,100.86000061035156,🚬菸屁股,HOLD,1
ONDS,2026-08-21,10.0,0.51,15183,2634,114.45355273437498,16,8.859999656677246,🚬菸屁股,HOLD,1
SOFI,2026-08-21,18.5,0.94,5585,2626,51.36767382812499,16,18.700000762939453,🚬菸屁股,HOLD,1
CRWV,2026-09-18,190.0,0.65,5037,2553,113.13519995117187,44,91.9000015258789,🚀點火(>50x) 🚬菸屁股 ⚠️尾段價外(107%) ⚠️暴動高IV(113%),BUY_WATCH,1
IREN,2026-08-21,55.0,0.85,13862,2529,119.141029296875,16,40.849998474121094,🚬菸屁股,HOLD,1
INTC,2026-08-21,165.0,0.13,5097,2509,110.64497802734377,16,100.86000061035156,🚀點火(20.2x) 🚬菸屁股 ⚠️尾段價外(64%) ⚠️暴動高IV(111%),BUY_WATCH,1
META,2026-08-21,1050.0,0.03,2168,2475,82.42205078125,16,587.9400024414062,🆕新倉暴量 🚬菸屁股 ⚠️尾段價外(79%) ⚠️暴動高IV(82%),BUY_WATCH,1
NVDA,2026-08-21,460.0,0.01,7039,2472,100.0005,16,211.94000244140625,🚬菸屁股,HOLD,1
INTC,2026-08-21,175.0,0.07,8234,2447,113.0863720703125,16,100.86000061035156,🚀點火(>50x) 🚬菸屁股 ⚠️尾段價外(74%) ⚠️暴動高IV(113%),BUY_WATCH,1
IBIT,2026-10-16,50.0,0.17,18090,2420,43.35994140625,72,36.38999938964844,🚬菸屁股,HOLD,1
OPEN,2026-09-18,5.0,0.31,10480,2411,94.5313046875,44,4.119999885559082,🚬菸屁股,HOLD,1
ASTS,2026-08-21,100.0,1.3,25175,2391,130.17613037109373,16,70.30999755859375,🚀點火(2.5x) ⚠️暴動高IV(130%),HOLD,1
UPST,2026-08-07,32.0,1.34,994,2345,161.1330068359375,2,30.31999969482422,🎲末日結算 🚨異常掃貨 🆕新倉暴量 ⚠️IV頂峰 ⚠️暴動高IV(161%),GAMBLE,1
IREN,2026-08-21,45.0,2.78,6755,2296,120.16641479492188,16,40.849998474121094,🆕新倉暴量 ⚠️暴動高IV(120%),HOLD,1
PATH,2026-08-21,15.0,0.52,10456,2161,68.94562304687501,16,14.100000381469727,🚬菸屁股,HOLD,1
INTC,2026-08-21,170.0,0.11,13818,2131,100.39112304687498,16,100.86000061035156,🆕低基期(前日Vol4) 🚬菸屁股,HOLD,1
SOFI,2026-09-18,21.0,0.58,6637,2043,51.8559501953125,44,18.700000762939453,🚬菸屁股,HOLD,1
UPST,2027-01-15,135.0,0.11,5074,2015,95.70316796875,163,30.31999969482422,🆕低基期(前日Vol1) 🚬菸屁股,HOLD,1
INTC,2026-08-21,180.0,0.05,6849,1985,108.984830078125,16,100.86000061035156,🚀點火(43.2x) 🚬菸屁股 ⚠️尾段價外(78%) ⚠️暴動高IV(109%),BUY_WATCH,1
SOFI,2026-09-18,23.0,0.27,13929,1881,52.93015820312501,44,18.700000762939453,🚬菸屁股,HOLD,1
ORCL,2026-08-21,190.0,0.51,4851,1841,70.9963837890625,16,145.74000549316406,🚬菸屁股,HOLD,1
ONDS,2026-09-18,11.0,0.7,17527,1773,109.76607617187501,44,8.859999656677246,🚬菸屁股,HOLD,1
HOOD,2026-08-07,97.0,1.43,1547,1772,70.55693505859377,2,93.51000213623047,🎲末日結算 🆕新倉暴量,HOLD,1
PFE,2026-08-21,25.0,0.69,23252,1752,24.7077841796875,16,25.40999984741211,🚬菸屁股,HOLD,1
SMCI,2026-08-21,29.0,4.65,6116,1737,115.52776611328125,16,31.690000534057617,🆕新倉暴量 ⚠️暴動高IV(116%),HOLD,1
BAC,2026-08-07,58.0,5.22,1776,1709,62.109753906250006,2,62.900001525878906,🎲末日結算 🆕新倉暴量,HOLD,1
SOUN,2026-08-21,7.5,0.32,19555,1690,115.625421875,16,6.510000228881836,🚬菸屁股,HOLD,1
IREN,2026-08-21,48.0,1.93,2917,1669,119.23868505859376,16,40.849998474121094,🆕新倉暴量 ⚠️暴動高IV(119%),HOLD,1
IBIT,2026-09-18,95.0,0.02,8401,1655,96.87503124999999,44,36.38999938964844,🚬菸屁股,HOLD,1
RKLB,2026-09-18,140.0,0.75,2840,1651,110.54732226562503,44,74.4800033569336,🚬菸屁股,HOLD,1
IBIT,2026-09-18,100.0,0.01,16114,1642,100.78174609374999,44,36.38999938964844,🚬菸屁股,HOLD,1
F,2026-08-21,17.0,0.01,17633,1619,43.7505625,16,14.239999771118164,🚬菸屁股,HOLD,1
META,2026-08-21,800.0,0.19,14389,1608,55.322712402343754,16,587.9400024414062,🚬菸屁股,HOLD,1
HOOD,2026-08-07,98.0,1.16,1491,1607,71.28934960937501,2,93.51000213623047,🎲末日結算 🆕新倉暴量,HOLD,1
U,2026-08-21,34.0,3.7,2494,1578,96.3867548828125,16,35.220001220703125,🆕新倉暴量 ⚠️暴動高IV(96%),HOLD,1
IREN,2026-09-18,45.0,5.4,3756,1575,121.75332092285154,44,40.849998474121094,🆕新倉暴量 ⚠️暴動高IV(122%),HOLD,1
SOUN,2026-08-21,10.0,0.06,10456,1573,132.03158984375,16,6.510000228881836,🚀點火(20.7x) 🚬菸屁股 ⚠️尾段價外(54%) ⚠️暴動高IV(132%),BUY_WATCH,1
IONQ,2026-08-21,55.0,0.78,4177,1570,111.08442895507812,16,41.720001220703125,🚬菸屁股,HOLD,1
PACB,2026-12-18,1.5,0.35,2568,1500,145.3127734375,135,1.440000057220459,🚬菸屁股,HOLD,1
SOUN,2026-08-21,9.0,0.13,4712,1500,124.21912890624998,16,6.510000228881836,🚬菸屁股,HOLD,1
SMCI,2026-09-18,30.0,5.3,6108,1489,101.3676806640625,44,31.690000534057617,🆕新倉暴量 ⚠️暴動高IV(101%),HOLD,1
UPST,2026-09-18,42.5,0.73,1423,1466,84.61929443359374,44,30.31999969482422,🚀點火(3.6x) 🚬菸屁股 ⚠️尾段價外(40%) ⚠️暴動高IV(85%),BUY_WATCH,1
SMR,2026-08-21,10.0,0.75,6864,1457,111.9145029296875,16,9.489999771118164,🚬菸屁股,HOLD,1
SOFI,2026-08-21,19.5,0.51,5285,1402,50.586431640624994,16,18.700000762939453,🚬菸屁股,HOLD,1
BAC,2026-08-21,65.0,0.4,24675,1387,20.948056152343746,16,62.900001525878906,🚬菸屁股,HOLD,1
SOFI,2026-10-16,23.0,0.56,5203,1370,54.541470214843756,72,18.700000762939453,🚬菸屁股,HOLD,1
PFE,2026-08-21,27.0,0.08,22004,1363,24.1218525390625,16,25.40999984741211,🚬菸屁股,HOLD,1
SOUN,2026-09-18,7.0,0.65,1816,1360,94.92192578125,44,6.510000228881836,🚬菸屁股,HOLD,1
AMZN,2026-09-18,340.0,0.78,4898,1344,34.90055334472656,44,277.4200134277344,🚬菸屁股,HOLD,1
ACHR,2026-08-21,5.5,0.37,4401,1306,96.0937890625,16,5.309999942779541,🚬菸屁股,HOLD,1
HOOD,2026-08-21,120.0,0.44,14261,1282,72.6565234375,16,93.51000213623047,🚬菸屁股,HOLD,1
F,2026-08-21,15.0,0.14,14655,1278,33.008482421874994,16,14.239999771118164,🚬菸屁股,HOLD,1
IBM,2026-08-07,232.5,5.56,1896,1265,45.04449487304687,2,235.14999389648438,🎲末日結算 🆕新倉暴量,HOLD,1
PATH,2026-08-21,14.0,0.91,9578,1264,69.14093359375,16,14.100000381469727,🚬菸屁股,HOLD,1
ORCL,2026-08-21,250.0,0.07,9143,1261,94.5313046875,16,145.74000549316406,🚬菸屁股,HOLD,1
CRWV,2026-08-21,115.0,3.24,4304,1256,123.63319433593749,16,91.9000015258789,🆕新倉暴量 ⚠️暴動高IV(124%),HOLD,1
NVDA,2026-10-16,300.0,0.8,7871,1244,44.434149414062496,72,211.94000244140625,🚬菸屁股,HOLD,1
OPEN,2026-08-21,4.5,0.29,2117,1236,117.96916015624998,16,4.119999885559082,🚬菸屁股,HOLD,1
AAPL,2026-10-16,360.0,2.2,79059,1235,27.832752929687498,72,309.3800048828125,🔥萬人塚 🏛️機構場,HOLD,1
ONDS,2026-09-18,12.0,0.52,17376,1233,111.13325683593752,44,8.859999656677246,🚬菸屁股,HOLD,1
PFE,2026-10-16,27.0,0.49,8181,1191,24.317163085937498,72,25.40999984741211,🚬菸屁股,HOLD,1
ORCL,2026-09-18,260.0,0.75,2739,1187,88.37902246093749,44,145.74000549316406,🚀點火(39.6x) 🚬菸屁股 ⚠️尾段價外(78%) ⚠️暴動高IV(88%),BUY_WATCH,1
IREN,2026-08-21,60.0,0.47,10324,1178,120.50820996093749,16,40.849998474121094,🚬菸屁股,HOLD,1
ORCL,2026-08-21,220.0,0.15,9605,1171,85.742330078125,16,145.74000549316406,🚀點火(4.4x) 🚬菸屁股 ⚠️尾段價外(51%) ⚠️暴動高IV(86%),BUY_WATCH,1
SOFI,2026-08-21,21.0,0.17,27731,1162,50.586431640624994,16,18.700000762939453,🚬菸屁股,HOLD,1
KTOS,2026-08-21,60.0,1.68,3138,1160,93.60357958984375,16,51.869998931884766,🆕新倉暴量 ⚠️暴動高IV(94%),HOLD,1
IREN,2026-08-21,65.0,0.24,7331,1152,116.40666796875001,16,40.849998474121094,🚀點火(3.0x) 🚬菸屁股 ⚠️尾段價外(59%) ⚠️暴動高IV(116%),BUY_WATCH,1
HOOD,2026-09-18,150.0,0.45,8443,1117,74.07252490234374,44,93.51000213623047,🚬菸屁股,HOLD,1
SMCI,2026-08-21,50.0,0.25,16615,1109,126.56286718749999,16,31.690000534057617,🚬菸屁股,HOLD,1
ACHR,2026-08-21,5.0,0.6,6256,1108,97.26565234374999,16,5.309999942779541,🚬菸屁股,HOLD,1
AAPL,2027-01-15,600.0,0.12,9514,1103,37.35414208984375,163,309.3800048828125,🚬菸屁股,HOLD,1
SOFI,2026-08-21,25.0,0.02,22252,1103,64.8441015625,16,18.700000762939453,🚬菸屁股,HOLD,1
INTC,2026-08-21,140.0,0.62,16270,1089,94.33599414062499,16,100.86000061035156,🚀點火(4.2x) 🚬菸屁股 ⚠️尾段價外(39%) ⚠️暴動高IV(94%),BUY_WATCH,1
IONQ,2026-08-21,41.0,4.4,1667,1073,109.57076464843752,16,41.720001220703125,🆕新倉暴量 ⚠️暴動高IV(110%),HOLD,1
AMZN,2026-09-18,350.0,0.44,13407,1027,35.10807080078124,44,277.4200134277344,🚬菸屁股,HOLD,1
PFE,2026-10-16,28.0,0.27,5026,988,23.975369628906247,72,25.40999984741211,🚬菸屁股,HOLD,1
ORCL,2026-08-07,143.0,5.46,1741,985,66.8948623046875,2,145.74000549316406,🎲末日結算 🆕新倉暴量,HOLD,1
IBIT,2026-08-21,36.0,1.28,33083,981,31.934274414062493,16,36.38999938964844,🔥萬人塚 🏛️機構場,HOLD,1
ORCL,2026-08-21,185.0,0.69,4808,981,69.87334814453125,16,145.74000549316406,🚬菸屁股,HOLD,1
TSLA,2026-08-21,420.0,0.56,18172,979,59.22892333984377,16,327.3500061035156,🚬菸屁股,HOLD,1
SOUN,2026-10-16,10.0,0.34,11651,977,102.1489267578125,72,6.510000228881836,🚬菸屁股,HOLD,1
META,2026-08-07,605.0,3.9,897,970,42.15145739746094,2,587.9400024414062,🎲末日結算 🆕新倉暴量,HOLD,1
SOFI,2026-11-20,25.0,0.69,10545,960,59.375406250000005,107,18.700000762939453,🚬菸屁股,HOLD,1
IBM,2026-08-21,300.0,0.17,6067,949,50.39112109375,16,235.14999389648438,🚬菸屁股,HOLD,1
RKLB,2026-08-21,85.0,3.66,2638,931,110.54732226562503,16,74.4800033569336,🆕新倉暴量 ⚠️暴動高IV(111%),HOLD,1
OPEN,2026-08-21,4.0,0.51,7142,925,113.28168359375002,16,4.119999885559082,🚬菸屁股,HOLD,1
RKLB,2026-08-21,150.0,0.06,9079,921,123.82850585937497,16,74.4800033569336,🚬菸屁股,HOLD,1
SMR,2026-08-21,7.0,2.7,1138,903,138.28155859374996,16,9.489999771118164,🆕新倉暴量 ⚠️暴動高IV(138%),HOLD,1
INTC,2026-09-18,210.0,0.27,10955,900,98.82813671875,44,100.86000061035156,🚀點火(7.8x) 🚬菸屁股 ⚠️尾段價外(108%) ⚠️暴動高IV(99%),BUY_WATCH,1
SOFI,2026-08-21,23.0,0.04,11800,884,55.859816406250005,16,18.700000762939453,🚬菸屁股,HOLD,1
ORCL,2026-09-18,250.0,0.91,12047,881,85.8399853515625,44,145.74000549316406,🚬菸屁股,HOLD,1
T,2026-12-18,26.0,0.7,18938,867,29.199926757812488,135,23.3799991607666,🚬菸屁股,HOLD,1
ASTS,2026-08-21,110.0,0.75,7049,859,134.66829541015622,16,70.30999755859375,🚀點火(7.0x) 🚬菸屁股 ⚠️尾段價外(56%) ⚠️暴動高IV(135%),BUY_WATCH,1
PFE,2028-01-21,30.0,1.46,28218,851,24.854267089843752,534,25.40999984741211,🔭LEAPS,HOLD,1
NVDA,2026-08-21,265.0,0.13,7557,842,45.898978515625004,16,211.94000244140625,🚬菸屁股,HOLD,1
NTLA,2026-08-21,12.0,0.6,978,838,76.95335546875,16,11.319999694824219,🚬菸屁股,HOLD,1
INTC,2026-09-18,195.0,0.45,9406,836,96.87503124999999,44,100.86000061035156,🚀點火(3.0x) 🚬菸屁股 ⚠️尾段價外(93%) ⚠️暴動高IV(97%),BUY_WATCH,1
AAPL,2026-11-20,400.0,1.17,42606,833,28.84592639160155,107,309.3800048828125,🔥萬人塚 🏛️機構場,HOLD,1
ONDS,2028-01-21,27.0,1.73,10569,829,102.73486132812502,534,8.859999656677246,🔭LEAPS,HOLD,1
ONDS,2026-09-18,13.0,0.42,8684,815,113.47699511718751,44,8.859999656677246,🚬菸屁股,HOLD,1
NVDA,2026-08-21,360.0,0.01,8394,801,71.87528125,16,211.94000244140625,🚬菸屁股,HOLD,1
COIN,2026-08-21,200.0,0.75,9408,768,80.27363476562499,16,150.72999572753906,🚬菸屁股,HOLD,1
ONDS,2026-08-21,11.0,0.3,7802,768,121.09414453124998,16,8.859999656677246,🚬菸屁股,HOLD,1
META,2026-08-21,700.0,0.96,21945,763,44.861391235351554,16,587.9400024414062,🚬菸屁股,HOLD,1
SOFI,2026-10-16,21.0,0.99,3616,743,54.00436621093752,72,18.700000762939453,🚬菸屁股,HOLD,1
SOFI,2026-12-18,25.0,0.91,12732,742,59.6683720703125,135,18.700000762939453,🚬菸屁股,HOLD,1
SMR,2026-08-21,11.0,0.46,4173,737,115.8207333984375,16,9.489999771118164,🚬菸屁股,HOLD,1
NVDA,2026-09-18,275.0,0.79,10681,736,44.6294599609375,44,211.94000244140625,🚬菸屁股,HOLD,1
U,2028-01-21,75.0,5.05,4833,719,74.73169799804688,534,35.220001220703125,🔭LEAPS,HOLD,1
IBIT,2026-09-18,41.0,0.45,6003,716,35.2545537109375,44,36.38999938964844,🚬菸屁股,HOLD,1
CRWV,2026-08-21,125.0,1.92,3051,701,122.70546459960939,16,91.9000015258789,🆕新倉暴量 ⚠️暴動高IV(123%),HOLD,1
PATH,2026-09-18,25.0,0.07,1051,700,89.84385156249999,44,14.100000381469727,🚬菸屁股,HOLD,1
AAPL,2027-01-15,320.0,20.27,35034,698,30.26803131103516,163,309.3800048828125,🔥萬人塚 🏛️機構場,HOLD,1
PLTR,2028-01-21,200.0,37.05,12723,685,62.82080636596681,534,162.66000366210938,🔭LEAPS,HOLD,1
AMZN,2026-09-18,360.0,0.25,5939,671,38.086556640625,44,277.4200134277344,🚬菸屁股,HOLD,1
OPEN,2027-01-15,15.0,0.12,20542,668,129.6878515625,163,4.119999885559082,🚬菸屁股,HOLD,1
TXG,2026-08-21,50.0,3.5,776,668,100.24463940429689,16,47.86000061035156,🆕新倉暴量 ⚠️暴動高IV(100%),HOLD,1
META,2026-08-07,625.0,1.13,1010,668,43.71394177246094,2,587.9400024414062,🎲末日結算 🆕新倉暴量,HOLD,1
SMCI,2026-09-18,105.0,0.04,8152,666,130.46909765624997,44,31.690000534057617,🆕低基期(前日Vol1) 🚬菸屁股,HOLD,1
OPEN,2027-01-15,5.0,0.84,27493,666,101.95361523437501,163,4.119999885559082,🚬菸屁股,HOLD,1
ASTS,2026-08-21,95.0,1.72,3515,663,127.93004785156248,16,70.30999755859375,🚀點火(3.1x) ⚠️暴動高IV(128%),HOLD,1
T,2026-10-16,25.0,0.56,5748,660,28.955788574218744,72,23.3799991607666,🚬菸屁股,HOLD,1
SMR,2028-01-21,10.0,4.55,7856,657,108.7895185546875,534,9.489999771118164,🔭LEAPS,HOLD,1
SOFI,2028-01-21,15.0,7.6,28813,656,69.50714086914063,534,18.700000762939453,🔭LEAPS,HOLD,1
OPEN,2026-12-18,10.0,0.24,24764,642,124.21912890624998,135,4.119999885559082,🚬菸屁股,HOLD,1
IREN,2026-09-18,110.0,0.13,3172,640,126.95349023437497,44,40.849998474121094,🚀點火(20.0x) 🚬菸屁股 ⚠️尾段價外(169%) ⚠️暴動高IV(127%),BUY_WATCH,1
PFE,2026-08-21,25.5,0.45,5541,631,24.1218525390625,16,25.40999984741211,🚬菸屁股,HOLD,1
RIVN,2026-09-18,17.0,0.88,22734,627,61.133201171875015,44,15.760000228881836,🚬菸屁股,HOLD,1
PFE,2028-01-21,25.0,3.02,21580,625,23.792265991210932,534,25.40999984741211,🔭LEAPS,HOLD,1
AMZN,2026-08-21,315.0,0.54,11837,622,37.74476318359375,16,277.4200134277344,🚬菸屁股,HOLD,1
HIMS,2026-09-18,50.0,0.72,2145,621,96.0937890625,44,32.15999984741211,🚀點火(6.3x) 🚬菸屁股 ⚠️尾段價外(55%) ⚠️暴動高IV(96%),BUY_WATCH,1
RKLB,2026-08-21,110.0,0.66,11986,620,114.64886425781249,16,74.4800033569336,🚀點火(5.0x) 🚬菸屁股 ⚠️尾段價外(48%) ⚠️暴動高IV(115%),BUY_WATCH,1
U,2028-01-21,70.0,5.61,1100,618,75.01245690917968,534,35.220001220703125,🔭LEAPS,HOLD,1
IBIT,2028-01-21,140.0,0.39,28688,617,55.56685058593751,534,36.38999938964844,🔭LEAPS,HOLD,1
SOUN,2026-08-21,7.0,0.46,8946,617,114.45355273437498,16,6.510000228881836,🚬菸屁股,HOLD,1
TSLA,2026-08-21,450.0,0.28,13056,615,65.77182666015625,16,327.3500061035156,🚬菸屁股,HOLD,1
OPEN,2026-09-18,7.0,0.1,9308,612,114.0629296875,44,4.119999885559082,🚬菸屁股,HOLD,1
NVDA,2026-08-21,255.0,0.21,8515,610,42.920492675781254,16,211.94000244140625,🚬菸屁股,HOLD,1
HOOD,2026-10-16,230.0,0.08,2579,604,84.47281152343749,72,93.51000213623047,🆕低基期(前日Vol4) 🚬菸屁股,HOLD,1
HOOD,2026-09-18,135.0,0.86,9186,602,71.63114306640624,44,93.51000213623047,🚬菸屁股,HOLD,1
SOUN,2026-08-21,6.5,0.65,1589,602,112.109814453125,16,6.510000228881836,🚬菸屁股,HOLD,1
CRWV,2026-08-21,175.0,0.13,1647,595,125.00037499999999,16,91.9000015258789,🚀點火(12.4x) 🚬菸屁股 ⚠️尾段價外(90%) ⚠️暴動高IV(125%),BUY_WATCH,1
HIMS,2026-08-21,40.0,0.91,10028,590,111.81684716796876,16,32.15999984741211,🚬菸屁股,HOLD,1
TSLA,2026-08-21,500.0,0.13,18646,586,75.195560546875,16,327.3500061035156,🚬菸屁股,HOLD,1
OKLO,2026-08-21,60.0,0.58,3326,586,115.13714306640624,16,43.33000183105469,🚬菸屁股,HOLD,1
IBIT,2028-01-21,70.0,2.0,15065,572,49.377947631835944,534,36.38999938964844,🔭LEAPS,HOLD,1
CRWV,2026-08-21,140.0,0.85,5650,571,124.26795678710936,16,91.9000015258789,🚬菸屁股,HOLD,1
ORCL,2026-09-18,500.0,0.1,6884,570,117.57853710937498,44,145.74000549316406,🚬菸屁股,HOLD,1
IBIT,2026-08-21,35.0,1.94,43641,569,33.301448242187504,16,36.38999938964844,🔥萬人塚 🏛️機構場,HOLD,1
NVDA,2027-01-15,460.0,0.4,10906,563,50.34229345703125,163,211.94000244140625,🚬菸屁股,HOLD,1
KTOS,2026-08-21,75.0,0.25,3379,560,97.94923925781251,16,51.869998931884766,🚀點火(4.6x) 🚬菸屁股 ⚠️尾段價外(45%) ⚠️暴動高IV(98%),BUY_WATCH,1
TSLA,2026-08-21,460.0,0.24,5366,558,67.57844921875001,16,327.3500061035156,🚬菸屁股,HOLD,1
XYZ,2026-08-21,100.0,0.85,1108,558,64.99058447265625,16,84.63999938964844,🚬菸屁股,HOLD,1
BAC,2026-08-07,61.0,2.09,2568,548,33.008482421874994,2,62.900001525878906,🎲末日結算 🆕新倉暴量,HOLD,1
IBIT,2026-10-16,45.0,0.39,12320,546,39.014281738281255,72,36.38999938964844,🚬菸屁股,HOLD,1
CRWV,2026-09-18,180.0,0.9,2918,543,110.64497802734377,44,91.9000015258789,🚀點火(7.9x) 🚬菸屁股 ⚠️尾段價外(96%) ⚠️暴動高IV(111%),BUY_WATCH,1
SMCI,2026-09-18,31.0,4.65,2047,539,101.85595947265624,44,31.690000534057617,🆕新倉暴量 ⚠️暴動高IV(102%),HOLD,1
ONDS,2026-08-21,10.5,0.38,1398,534,121.28945605468748,16,8.859999656677246,🚬菸屁股,HOLD,1
SOFI,2026-12-18,30.0,0.42,19690,533,61.62147753906251,135,18.700000762939453,🚬菸屁股,HOLD,1
F,2026-08-21,16.0,0.05,11577,533,38.2818671875,16,14.239999771118164,🚬菸屁股,HOLD,1
SMCI,2026-08-21,60.0,0.09,8086,529,139.06280468749998,16,31.690000534057617,🚬菸屁股,HOLD,1
BAC,2026-09-18,70.0,0.13,5939,527,20.459779785156247,44,62.900001525878906,🚬菸屁股,HOLD,1
META,2026-08-21,770.0,0.29,2747,524,52.246571289062494,16,587.9400024414062,🚬菸屁股,HOLD,1
MSFT,2026-08-21,600.0,0.12,6281,523,37.89124609375,16,492.80999755859375,🚬菸屁股,HOLD,1
OKLO,2026-08-21,55.0,1.11,2257,523,110.05904345703127,16,43.33000183105469,🚀點火(3.3x) ⚠️暴動高IV(110%),HOLD,1
TSLA,2026-09-18,500.0,0.82,11491,515,60.84023535156251,44,327.3500061035156,🚬菸屁股,HOLD,1
ACHR,2028-01-21,7.0,1.86,18559,511,94.92192578125,534,5.309999942779541,🔭LEAPS,HOLD,1
NVDA,2026-08-21,260.0,0.15,22014,510,44.336494140625,16,211.94000244140625,🚬菸屁股,HOLD,1
IONQ,2026-08-21,60.0,0.42,14126,502,113.57465087890625,16,41.720001220703125,🚬菸屁股,HOLD,1
PLTR,2026-09-18,300.0,0.13,8043,500,69.5315546875,44,162.66000366210938,🚬菸屁股,HOLD,1
F,2026-09-18,14.0,0.77,19093,500,32.12958496093749,44,14.239999771118164,🚬菸屁股,HOLD,1
PFE,2026-11-20,27.0,0.7,9295,491,24.61012890625,107,25.40999984741211,🚬菸屁股,HOLD,1
T,2026-08-21,24.0,0.35,17194,488,31.641308593749994,16,23.3799991607666,🚬菸屁股,HOLD,1
F,2026-08-21,14.0,0.48,8794,488,29.395237304687495,16,14.239999771118164,🚬菸屁股,HOLD,1
MSTR,2026-12-18,1080.0,0.06,12810,480,137.79327978515624,135,97.6500015258789,🚬菸屁股,HOLD,1
PFE,2026-12-18,30.0,0.24,22840,480,24.5124736328125,135,25.40999984741211,🚬菸屁股,HOLD,1
HOOD,2028-01-21,290.0,6.45,14721,478,73.4499725341797,534,93.51000213623047,🔭LEAPS,HOLD,1
SMCI,2026-08-21,44.0,0.48,1811,477,119.72696386718751,16,31.690000534057617,🆕低基期(前日Vol9) 🚬菸屁股,HOLD,1
META,2026-08-21,720.0,0.68,22420,477,47.41263525390625,16,587.9400024414062,🚬菸屁股,HOLD,1
SOUN,2027-01-15,15.0,0.35,22249,476,103.02782861328126,163,6.510000228881836,🚬菸屁股,HOLD,1
SOUN,2026-10-16,8.0,0.61,9280,474,93.55475195312499,72,6.510000228881836,🚬菸屁股,HOLD,1
SOUN,2026-08-21,6.0,0.9,3336,473,113.67230664062502,16,6.510000228881836,🚬菸屁股,HOLD,1
IBIT,2026-10-16,41.0,0.94,5002,471,37.695935546875,72,36.38999938964844,🚬菸屁股,HOLD,1
RKLB,2026-09-18,150.0,0.53,3639,469,108.00827246093752,44,74.4800033569336,🚀點火(9.4x) 🚬菸屁股 ⚠️尾段價外(101%) ⚠️暴動高IV(108%),BUY_WATCH,1
META,2026-09-18,1410.0,0.05,876,464,83.98453515624999,44,587.9400024414062,🆕新倉暴量 🚬菸屁股 ⚠️尾段價外(140%) ⚠️暴動高IV(84%),BUY_WATCH,1
TSLA,2026-08-21,430.0,0.43,7136,451,61.328511718750015,16,327.3500061035156,🚬菸屁股,HOLD,1
OPEN,2026-10-16,5.0,0.45,3310,446,103.51610742187502,72,4.119999885559082,🚬菸屁股,HOLD,1
NVDA,2026-08-21,300.0,0.03,28736,443,56.250437500000004,16,211.94000244140625,🚬菸屁股,HOLD,1
MSFT,2026-12-18,575.0,14.18,129502,441,34.21086297607422,135,492.80999755859375,🔥萬人塚 🏛️機構場,HOLD,1
SOFI,2026-10-16,24.0,0.42,3565,439,54.834436035156266,72,18.700000762939453,🚬菸屁股,HOLD,1
INTC,2026-09-18,180.0,0.7,7320,437,93.60357958984375,44,100.86000061035156,🆕低基期(前日Vol15) 🚬菸屁股,HOLD,1
JOBY,2026-09-18,10.0,0.37,11084,436,84.961087890625,44,7.96999979019165,🚬菸屁股,HOLD,1
ONDS,2026-09-18,15.0,0.24,14384,433,118.35978320312499,44,8.859999656677246,🚬菸屁股,HOLD,1
HOOD,2026-08-21,115.0,0.77,4460,432,71.14286669921876,16,93.51000213623047,🚬菸屁股,HOLD,1
IBIT,2026-09-18,44.0,0.18,21334,430,38.2818671875,44,36.38999938964844,🚬菸屁股,HOLD,1
ACHR,2026-10-16,7.0,0.35,7148,430,88.86729882812499,72,5.309999942779541,🚬菸屁股,HOLD,1
META,2026-08-21,730.0,0.53,5754,423,48.58449853515625,16,587.9400024414062,🚬菸屁股,HOLD,1
F,2027-01-15,18.0,0.38,10547,423,39.16076464843749,163,14.239999771118164,🚬菸屁股,HOLD,1
MSTR,2026-08-21,150.0,0.15,10316,413,91.60164648437501,16,97.6500015258789,🚬菸屁股,HOLD,1
F,2026-12-18,18.0,0.29,6566,412,38.574833007812494,135,14.239999771118164,🚬菸屁股,HOLD,1
IBIT,2028-01-21,95.0,0.82,5805,400,50.65967309570312,534,36.38999938964844,🆕低基期(前日Vol10) 🔭LEAPS,HOLD,1
DKNG,2026-12-18,45.0,0.21,1127,400,67.09017285156251,135,23.610000610351562,🚬菸屁股,HOLD,1
IREN,2028-01-21,85.0,11.9,7478,400,103.60155621337894,534,40.849998474121094,🆕低基期(前日Vol2) 🔭LEAPS,HOLD,1
SMR,2026-08-21,9.5,0.98,1142,400,112.69574902343751,16,9.489999771118164,🚬菸屁股,HOLD,1
TSLA,2026-12-18,990.0,0.62,19203,399,74.19459399414062,135,327.3500061035156,🚬菸屁股,HOLD,1
F,2026-08-21,15.5,0.06,2883,397,34.961587890625,16,14.239999771118164,🚬菸屁股,HOLD,1
SOFI,2027-01-15,27.0,0.89,20167,396,59.6683720703125,163,18.700000762939453,🚬菸屁股,HOLD,1
MSFT,2028-01-21,600.0,52.33,7278,390,37.51359484100342,534,492.80999755859375,🔭LEAPS,HOLD,1
PATH,2026-08-21,16.0,0.27,3172,389,69.14093359375,16,14.100000381469727,🚬菸屁股,HOLD,1
LUNR,2026-08-21,20.0,0.31,2262,388,135.7425087890625,16,13.960000038146973,🚬菸屁股,HOLD,1
RIVN,2027-01-15,30.0,0.45,29234,381,71.9729365234375,163,15.760000228881836,🚬菸屁股,HOLD,1
SOFI,2028-06-16,20.0,6.4,28649,379,69.09210595703127,681,18.700000762939453,🔭LEAPS,HOLD,1
ORCL,2026-08-21,195.0,0.43,2744,379,74.36549072265625,16,145.74000549316406,🚬菸屁股,HOLD,1
SOFI,2028-06-16,15.0,8.3,22933,373,71.87528125,681,18.700000762939453,🔭LEAPS,HOLD,1
IREN,2028-01-21,140.0,7.43,3843,373,103.33300286865237,534,40.849998474121094,🔭LEAPS,HOLD,1
SOFI,2028-01-21,30.0,3.1,21785,371,65.9183095703125,534,18.700000762939453,🔭LEAPS,HOLD,1
U,2026-08-21,50.0,0.2,1748,371,101.5629921875,16,35.220001220703125,🚬菸屁股,HOLD,1
ONDS,2028-01-21,10.0,3.9,20577,368,104.83446020507814,534,8.859999656677246,🔭LEAPS,HOLD,1
RIVN,2027-01-15,27.0,0.66,4390,368,71.0940390625,163,15.760000228881836,🚬菸屁股,HOLD,1
MSTR,2026-09-18,200.0,0.24,11080,367,93.7500625,44,97.6500015258789,🚬菸屁股,HOLD,1
SOFI,2026-10-16,25.0,0.33,4973,367,55.1762294921875,72,18.700000762939453,🚬菸屁股,HOLD,1
T,2026-09-18,24.0,0.67,7434,362,30.420617675781248,44,23.3799991607666,🚬菸屁股,HOLD,1
TSLA,2026-08-21,990.0,0.01,11117,361,142.1877890625,16,327.3500061035156,🆕低基期(前日Vol3) 🚬菸屁股,HOLD,1
PATH,2026-09-18,18.0,0.6,2705,361,84.37515624999999,44,14.100000381469727,🚬菸屁股,HOLD,1
OPEN,2026-09-18,10.0,0.03,16810,361,142.1877890625,44,4.119999885559082,🚬菸屁股,HOLD,1
AMZN,2026-08-21,325.0,0.23,4087,358,36.67055517578125,16,277.4200134277344,🚬菸屁股,HOLD,1
ONDS,2026-09-18,14.0,0.32,6025,357,114.84417578124999,44,8.859999656677246,🚀點火(4.4x) 🚬菸屁股 ⚠️尾段價外(58%) ⚠️暴動高IV(115%),BUY_WATCH,1
SOUN,2027-01-15,20.0,0.22,16774,356,110.35201074218752,163,6.510000228881836,🚬菸屁股,HOLD,1
SOFI,2026-10-16,22.0,0.73,3641,354,54.00436621093752,72,18.700000762939453,🚬菸屁股,HOLD,1
ACHR,2026-09-18,6.0,0.4,1546,350,88.08605664062499,44,5.309999942779541,🚬菸屁股,HOLD,1
SMCI,2026-08-21,36.0,1.58,5422,349,114.35589697265624,16,31.690000534057617,🚀點火(5.7x) ⚠️暴動高IV(114%),HOLD,1
KTOS,2026-08-21,80.0,0.12,1796,349,101.3676806640625,16,51.869998931884766,🆕低基期(前日Vol4) 🚬菸屁股,HOLD,1
META,2026-09-18,1340.0,0.05,1143,347,77.148666015625,44,587.9400024414062,🚬菸屁股,HOLD,1
PFE,2026-12-18,27.0,0.81,25246,347,23.82888671875,135,25.40999984741211,🚬菸屁股,HOLD,1
SOFI,2028-01-21,23.0,4.7,3597,342,67.2976903076172,534,18.700000762939453,🔭LEAPS,HOLD,1
NVDA,2026-08-21,270.0,0.1,15623,341,47.26615234375,16,211.94000244140625,🚬菸屁股,HOLD,1
MSTR,2026-09-18,170.0,0.52,5104,341,85.4493642578125,44,97.6500015258789,🚬菸屁股,HOLD,1
SOFI,2026-09-18,24.0,0.18,2334,341,54.102021484375015,44,18.700000762939453,🚬菸屁股,HOLD,1
IBIT,2026-08-21,42.0,0.06,13453,339,37.89124609375,16,36.38999938964844,🚬菸屁股,HOLD,1
ONDS,2026-08-21,14.0,0.08,1572,336,125.78162109374999,16,8.859999656677246,🚬菸屁股,HOLD,1
ACHR,2026-08-21,6.5,0.12,911,334,97.6562734375,16,5.309999942779541,🚬菸屁股,HOLD,1
UPST,2026-08-21,35.0,1.1,1644,332,96.87503124999999,16,30.31999969482422,🚀點火(4.0x) ⚠️暴動高IV(97%),HOLD,1
TDOC,2028-01-21,15.0,0.8,1033,332,72.11941943359376,534,6.710000038146973,🆕低基期(前日Vol1) 🔭LEAPS,HOLD,1
TSLA,2026-09-18,550.0,0.5,6587,331,67.04134521484376,44,327.3500061035156,🚬菸屁股,HOLD,1
HOOD,2026-08-21,130.0,0.18,10317,331,76.367423828125,16,93.51000213623047,🚬菸屁股,HOLD,1
ORCL,2026-10-16,300.0,0.78,2679,331,82.66618896484374,72,145.74000549316406,🚬菸屁股,HOLD,1
F,2026-10-16,15.0,0.56,808,327,35.059243164062494,72,14.239999771118164,🚬菸屁股,HOLD,1
SOUN,2026-09-18,10.0,0.18,1054,326,105.85984570312502,44,6.510000228881836,🚬菸屁股,HOLD,1
IREN,2028-01-21,95.0,9.15,1103,324,106.11008859252928,534,40.849998474121094,🔭LEAPS,HOLD,1
CRWV,2026-08-21,150.0,0.48,5399,324,125.48865380859375,16,91.9000015258789,🚬菸屁股,HOLD,1
ORCL,2026-08-21,290.0,0.04,1933,322,137.10968945312501,16,145.74000549316406,🚬菸屁股,HOLD,1
BAC,2026-08-21,64.0,0.74,1855,318,21.72929833984375,16,62.900001525878906,🚬菸屁股,HOLD,1
SMCI,2026-09-18,60.0,0.33,14529,316,109.08248583984377,44,31.690000534057617,🚀點火(10.5x) 🚬菸屁股 ⚠️尾段價外(89%) ⚠️暴動高IV(109%),BUY_WATCH,1
BAC,2026-10-16,70.0,0.57,3525,315,23.60916235351562,72,62.900001525878906,🚬菸屁股,HOLD,1
RIVN,2027-01-15,24.0,0.94,8667,312,69.87334814453125,163,15.760000228881836,🚬菸屁股,HOLD,1
IBIT,2027-01-15,80.0,0.12,23580,309,54.49264257812501,163,36.38999938964844,🚬菸屁股,HOLD,1
RKLB,2026-08-21,140.0,0.07,2545,308,121.48476757812499,16,74.4800033569336,🚀點火(4.2x) 🚬菸屁股 ⚠️尾段價外(88%) ⚠️暴動高IV(121%),BUY_WATCH,1
LCID,2026-08-21,8.0,0.81,20031,307,127.73473632812498,16,7.78000020980835,🚬菸屁股,HOLD,1
SOFI,2026-12-18,28.0,0.55,11193,305,60.40078662109377,135,18.700000762939453,🚬菸屁股,HOLD,1
ONDS,2026-08-21,12.0,0.18,6126,305,121.48476757812499,16,8.859999656677246,🚬菸屁股,HOLD,1
ONDS,2028-01-21,20.0,2.37,15506,305,101.172369140625,534,8.859999656677246,🔭LEAPS,HOLD,1
JOBY,2026-08-21,9.0,0.31,8318,304,93.7500625,16,7.96999979019165,🚬菸屁股,HOLD,1
DKNG,2026-09-18,30.0,0.47,11384,303,64.1605146484375,44,23.610000610351562,🚬菸屁股,HOLD,1
AMZN,2026-08-21,390.0,0.01,4659,302,50.0005,16,277.4200134277344,🚬菸屁股,HOLD,1
SMCI,2026-09-18,43.0,1.5,2082,300,102.58837768554687,44,31.690000534057617,🚀點火(6.8x) ⚠️暴動高IV(103%),HOLD,1
OPEN,2026-10-16,7.0,0.17,2662,300,106.25046875000001,72,4.119999885559082,🚬菸屁股,HOLD,1
OPEN,2026-11-20,7.0,0.32,4020,299,108.59420703125,107,4.119999885559082,🚬菸屁股,HOLD,1
META,2026-08-21,750.0,0.41,18710,299,50.41553491210937,16,587.9400024414062,🚬菸屁股,HOLD,1
SOFI,2027-01-15,45.0,0.13,11137,298,69.5315546875,163,18.700000762939453,🚬菸屁股,HOLD,1
IBIT,2026-10-16,48.0,0.21,7457,296,41.211525390625,72,36.38999938964844,🚬菸屁股,HOLD,1
RKLB,2026-08-21,130.0,0.15,3279,295,123.047259765625,16,74.4800033569336,🚀點火(4.4x) 🚬菸屁股 ⚠️尾段價外(75%) ⚠️暴動高IV(123%),BUY_WATCH,1
ONDS,2026-08-21,13.0,0.13,2547,293,125.78162109374999,16,8.859999656677246,🚬菸屁股,HOLD,1
IBIT,2027-01-15,95.0,0.07,17907,291,59.766027343750004,163,36.38999938964844,🚬菸屁股,HOLD,1
IBIT,2026-09-18,60.0,0.02,24954,290,59.766027343750004,44,36.38999938964844,🚬菸屁股,HOLD,1
ORCL,2026-08-21,260.0,0.07,2706,290,105.46922265625001,16,145.74000549316406,🚀點火(6.4x) 🚬菸屁股 ⚠️尾段價外(78%) ⚠️暴動高IV(105%),BUY_WATCH,1
F,2026-12-18,19.82,0.13,7303,290,43.555251953125,135,14.239999771118164,🚬菸屁股,HOLD,1
RIVN,2026-09-18,18.0,0.61,18689,290,61.23085644531252,44,15.760000228881836,🚬菸屁股,HOLD,1
SMCI,2026-08-21,38.0,1.27,2573,289,117.43205346679689,16,31.690000534057617,🚀點火(6.3x) ⚠️暴動高IV(117%),HOLD,1
PFE,2026-12-18,32.0,0.12,8072,285,25.586681640625002,135,25.40999984741211,🚬菸屁股,HOLD,1
SOUN,2026-10-16,11.0,0.25,4165,284,105.078599609375,72,6.510000228881836,🚬菸屁股,HOLD,1
T,2026-09-18,26.0,0.18,8728,280,29.10227148437499,44,23.3799991607666,🚬菸屁股,HOLD,1
PATH,2026-08-21,18.0,0.09,18859,278,71.87528125,16,14.100000381469727,🚬菸屁股,HOLD,1
PFE,2026-09-18,29.0,0.06,22898,278,24.805439453125,44,25.40999984741211,🚬菸屁股,HOLD,1
T,2026-10-16,26.0,0.36,13218,277,29.395237304687495,72,23.3799991607666,🚬菸屁股,HOLD,1
SMCI,2026-08-21,37.0,1.42,6852,275,114.25824121093751,16,31.690000534057617,🚀點火(7.2x) ⚠️暴動高IV(114%),HOLD,1
IBIT,2026-09-18,48.0,0.1,20747,274,43.164630859375,44,36.38999938964844,🆕低基期(前日Vol6) 🚬菸屁股,HOLD,1
ORCL,2026-08-21,230.0,0.1,4041,274,83.20329296874999,16,145.74000549316406,🚬菸屁股,HOLD,1
SOFI,2026-09-18,26.0,0.12,1703,273,58.00823242187501,44,18.700000762939453,🚬菸屁股,HOLD,1
SMR,2026-08-21,13.0,0.16,3934,273,119.53165234375001,16,9.489999771118164,🚬菸屁股,HOLD,1
META,2026-08-21,1000.0,0.04,2079,272,78.9064609375,16,587.9400024414062,🚬菸屁股,HOLD,1
ACHR,2026-08-21,8.0,0.03,1621,271,106.25046875000001,16,5.309999942779541,🆕低基期(前日Vol5) 🚬菸屁股,HOLD,1
NVDA,2026-08-21,280.0,0.05,12117,269,50.19581054687501,16,211.94000244140625,🚬菸屁股,HOLD,1
INTC,2026-08-21,135.0,0.87,8750,267,93.0664755859375,16,100.86000061035156,🚬菸屁股,HOLD,1
ORCL,2028-01-21,470.0,8.53,6367,266,70.98417687988281,534,145.74000549316406,🔭LEAPS,HOLD,1
BAC,2026-09-18,67.5,0.42,3447,266,20.87481469726562,44,62.900001525878906,🚬菸屁股,HOLD,1
SMR,2026-08-21,15.0,0.08,11746,263,131.25034374999998,16,9.489999771118164,🚬菸屁股,HOLD,1
ONDS,2028-01-21,7.0,4.8,14385,261,105.61570629882814,534,8.859999656677246,🔭LEAPS,HOLD,1
SOFI,2026-08-21,28.0,0.03,2365,260,85.1563984375,16,18.700000762939453,🚬菸屁股,HOLD,1
OPEN,2026-11-20,5.0,0.65,6702,259,105.46922265625001,107,4.119999885559082,🚬菸屁股,HOLD,1
UPST,2026-09-18,50.0,0.26,5454,257,85.937640625,44,30.31999969482422,🚀點火(4.8x) 🚬菸屁股 ⚠️尾段價外(65%) ⚠️暴動高IV(86%),BUY_WATCH,1
OPEN,2028-01-21,4.0,1.93,6840,257,105.85984570312502,534,4.119999885559082,🔭LEAPS,HOLD,1
T,2026-08-21,25.0,0.13,24499,257,31.250687499999998,16,23.3799991607666,🚬菸屁股,HOLD,1
MSTR,2026-08-21,130.0,0.46,8014,254,78.8088056640625,16,97.6500015258789,🚬菸屁股,HOLD,1
SMCI,2026-09-18,50.0,0.73,11270,251,103.32079589843752,44,31.690000534057617,🚬菸屁股,HOLD,1
RIVN,2028-06-16,15.0,6.58,2029,251,80.61542822265625,681,15.760000228881836,🔭LEAPS,HOLD,1
HIMS,2026-09-18,55.0,0.45,1127,250,100.1958115234375,44,32.15999984741211,🚬菸屁股,HOLD,1
INTC,2028-01-21,150.0,27.16,7650,249,83.67325897216796,534,100.86000061035156,🔭LEAPS,HOLD,1
SOFI,2026-11-20,24.0,0.84,2918,249,59.08244042968751,107,18.700000762939453,🚬菸屁股,HOLD,1
SOUN,2026-09-18,8.0,0.43,750,248,98.04689453125,44,6.510000228881836,🚬菸屁股,HOLD,1
AAPL,2028-01-21,300.0,57.4,21115,247,36.31502894592285,534,309.3800048828125,🔭LEAPS,HOLD,1
SOFI,2026-09-18,30.0,0.04,23305,247,66.01596484375001,44,18.700000762939453,🚬菸屁股,HOLD,1
PATH,2026-09-18,17.0,0.76,1235,247,85.35170898437501,44,14.100000381469727,🚬菸屁股,HOLD,1
SOFI,2026-12-18,26.0,0.79,1758,245,59.6683720703125,135,18.700000762939453,🚬菸屁股,HOLD,1
META,2026-09-18,850.0,0.57,10640,244,47.77884252929688,44,587.9400024414062,🚬菸屁股,HOLD,1
SOFI,2028-01-21,18.0,6.28,12493,243,69.26300268554688,534,18.700000762939453,🔭LEAPS,HOLD,1
ACHR,2028-01-21,10.0,1.35,19077,243,92.9688203125,534,5.309999942779541,🔭LEAPS,HOLD,1
PATH,2026-09-18,20.0,0.34,3205,242,86.914193359375,44,14.100000381469727,🚬菸屁股,HOLD,1
AMZN,2026-08-21,360.0,0.04,1216,240,48.04739453125,16,277.4200134277344,🚬菸屁股,HOLD,1
META,2026-09-18,900.0,0.38,3461,238,50.63525927734375,44,587.9400024414062,🚬菸屁股,HOLD,1
META,2026-11-20,1480.0,0.22,2389,238,59.22892333984377,107,587.9400024414062,🚬菸屁股,HOLD,1
ORCL,2026-08-21,210.0,0.24,6654,237,79.9806689453125,16,145.74000549316406,🚬菸屁股,HOLD,1
RIVN,2026-10-16,20.0,0.59,2110,236,61.81678808593751,72,15.760000228881836,🚬菸屁股,HOLD,1
U,2026-08-21,45.0,0.51,1238,234,95.99613378906248,16,35.220001220703125,🚬菸屁股,HOLD,1
META,2026-08-21,1180.0,0.02,1046,234,92.187578125,16,587.9400024414062,🚬菸屁股,HOLD,1
RIVN,2026-08-21,17.5,0.28,1232,234,59.375406250000005,16,15.760000228881836,🚬菸屁股,HOLD,1
OKLO,2026-09-18,70.0,0.95,1815,232,104.5414929199219,44,43.33000183105469,🚬菸屁股,HOLD,1
META,2026-08-21,1270.0,0.08,799,231,128.02770361328123,16,587.9400024414062,🚬菸屁股,HOLD,1
NVDA,2028-01-21,200.0,54.0,27302,230,49.329119995117196,534,211.94000244140625,🔭LEAPS,HOLD,1
SMCI,2026-09-18,55.0,0.5,10593,230,105.37156689453124,44,31.690000534057617,🚀點火(2.6x) 🚬菸屁股 ⚠️尾段價外(74%) ⚠️暴動高IV(105%),BUY_WATCH,1
PFE,2028-01-21,20.0,6.16,20627,229,24.463645996093753,534,25.40999984741211,🔭LEAPS,HOLD,1
RKLB,2026-08-21,115.0,0.46,920,228,111.81684716796876,16,74.4800033569336,🚀點火(3.9x) 🚬菸屁股 ⚠️尾段價外(54%) ⚠️暴動高IV(112%),BUY_WATCH,1
IBIT,2026-10-16,43.0,0.59,12283,225,37.9889013671875,72,36.38999938964844,🚬菸屁股,HOLD,1
HOOD,2026-08-21,150.0,0.05,3816,224,86.32826171875,16,93.51000213623047,🚬菸屁股,HOLD,1
ORCL,2026-08-21,340.0,0.03,2529,224,129.6878515625,16,145.74000549316406,🚬菸屁股,HOLD,1
RIVN,2026-12-18,25.0,0.63,16613,224,70.8010732421875,135,15.760000228881836,🚬菸屁股,HOLD,1
NVDA,2026-09-18,410.0,0.02,5550,222,64.062859375,44,211.94000244140625,🆕低基期(前日Vol8) 🚬菸屁股,HOLD,1
SOFI,2026-08-21,24.0,0.03,7101,222,60.547269531250016,16,18.700000762939453,🚬菸屁股,HOLD,1
F,2026-08-21,21.0,0.01,10205,221,79.687703125,16,14.239999771118164,🚬菸屁股,HOLD,1
RKLB,2026-08-21,120.0,0.32,2313,220,116.40666796875001,16,74.4800033569336,🚀點火(3.9x) 🚬菸屁股 ⚠️尾段價外(61%) ⚠️暴動高IV(116%),BUY_WATCH,1
SOFI,2026-10-16,28.0,0.18,1062,220,60.15664843750002,72,18.700000762939453,🚬菸屁股,HOLD,1
IREN,2026-09-18,80.0,0.6,4351,218,120.99648876953123,44,40.849998474121094,🚬菸屁股,HOLD,1
IBM,2026-08-21,360.0,0.03,1284,217,68.7503125,16,235.14999389648438,🆕低基期(前日Vol5) 🚬菸屁股,HOLD,1
META,2026-08-21,1110.0,0.01,1244,216,85.1563984375,16,587.9400024414062,🚬菸屁股,HOLD,1
SMCI,2026-09-18,70.0,0.17,6430,214,113.0863720703125,44,31.690000534057617,🚀點火(3.2x) 🚬菸屁股 ⚠️尾段價外(121%) ⚠️暴動高IV(113%),BUY_WATCH,1
OPEN,2026-11-20,8.0,0.27,3722,214,110.9379453125,107,4.119999885559082,🚬菸屁股,HOLD,1
SOFI,2026-11-20,28.0,0.41,1591,213,59.96133789062501,107,18.700000762939453,🚬菸屁股,HOLD,1
JOBY,2026-10-16,10.0,0.6,4652,212,85.1563984375,72,7.96999979019165,🚬菸屁股,HOLD,1
SMCI,2028-01-21,90.0,5.0,3313,211,91.4185428466797,534,31.690000534057617,🆕低基期(前日Vol1) 🔭LEAPS,HOLD,1
SOFI,2026-08-21,29.0,0.03,1588,210,90.62509374999999,16,18.700000762939453,🚀點火(5.2x) 🚬菸屁股 ⚠️尾段價外(55%) ⚠️暴動高IV(91%),BUY_WATCH,1
DKNG,2026-08-21,42.5,0.15,838,210,131.25034374999998,16,23.610000610351562,🚬菸屁股,HOLD,1
IBIT,2026-09-18,80.0,0.03,12383,209,83.59391406249999,44,36.38999938964844,🚬菸屁股,HOLD,1
IBIT,2026-10-16,60.0,0.07,9368,209,52.734847656250004,72,36.38999938964844,🚬菸屁股,HOLD,1
NVDA,2026-08-21,285.0,0.03,8211,208,50.39112109375,16,211.94000244140625,🚬菸屁股,HOLD,1
SMCI,2027-01-15,90.0,0.92,25906,206,100.3422951660156,163,31.690000534057617,🚬菸屁股,HOLD,1
IREN,2026-08-21,75.0,0.08,5716,206,124.60975195312498,16,40.849998474121094,🚬菸屁股,HOLD,1
F,2026-10-16,16.0,0.33,2024,205,35.6451748046875,72,14.239999771118164,🚬菸屁股,HOLD,1
RIVN,2026-12-18,22.5,0.89,8587,205,69.43389941406251,135,15.760000228881836,🚬菸屁股,HOLD,1
TSLA,2026-08-21,600.0,0.04,8031,204,93.35944140625,16,327.3500061035156,🚬菸屁股,HOLD,1
KTOS,2026-08-21,85.0,0.09,7144,202,101.5629921875,16,51.869998931884766,🚬菸屁股,HOLD,1
JOBY,2026-11-20,15.0,0.27,1028,202,90.82040429687498,107,7.96999979019165,🆕低基期(前日Vol9) 🚬菸屁股,HOLD,1
TSLA,2026-08-21,750.0,0.02,5255,200,120.3128984375,16,327.3500061035156,🆕低基期(前日Vol2) 🚬菸屁股,HOLD,1
RKLB,2026-08-21,105.0,0.92,2548,199,108.88717431640625,16,74.4800033569336,🚬菸屁股,HOLD,1
T,2026-08-21,23.5,0.56,3327,198,40.918559570312496,16,23.3799991607666,🚬菸屁股,HOLD,1
META,2026-08-21,1150.0,0.02,1140,198,89.062609375,16,587.9400024414062,🚬菸屁股,HOLD,1
SOFI,2026-12-18,35.0,0.22,14899,197,63.9652041015625,135,18.700000762939453,🚬菸屁股,HOLD,1
PATH,2028-01-21,10.0,6.8,7101,197,80.22480712890624,534,14.100000381469727,🔭LEAPS,HOLD,1
AMZN,2026-08-21,330.0,0.18,2927,197,37.793590820312495,16,277.4200134277344,🚬菸屁股,HOLD,1
SOUN,2028-01-21,10.0,1.95,8278,196,92.13875048828125,534,6.510000228881836,🔭LEAPS,HOLD,1
NVDA,2026-08-21,275.0,0.07,7938,195,49.60987890625,16,211.94000244140625,🚬菸屁股,HOLD,1
IBIT,2026-08-21,60.0,0.01,7509,194,78.12521875,16,36.38999938964844,🚬菸屁股,HOLD,1
META,2026-08-21,1080.0,0.02,1163,194,83.59391406249999,16,587.9400024414062,🚬菸屁股,HOLD,1
IBIT,2028-01-21,50.0,4.85,8603,192,50.537604003906246,534,36.38999938964844,🔭LEAPS,HOLD,1
ONDS,2026-12-18,20.0,0.58,4774,192,113.47699511718751,135,8.859999656677246,🚬菸屁股,HOLD,1
ACHR,2027-01-15,25.0,0.06,22989,191,114.84417578124999,163,5.309999942779541,🚬菸屁股,HOLD,1
F,2027-01-15,25.0,0.06,18710,189,47.070841796875,163,14.239999771118164,🚬菸屁股,HOLD,1
SOFI,2027-01-15,32.0,0.45,18645,187,61.52382226562501,163,18.700000762939453,🚬菸屁股,HOLD,1
RIVN,2026-12-18,24.0,0.73,1044,187,68.7503125,135,15.760000228881836,🚬菸屁股,HOLD,1
INTC,2026-08-21,160.0,0.2,11383,186,99.804689453125,16,100.86000061035156,🚀點火(3.9x) 🚬菸屁股 ⚠️尾段價外(59%) ⚠️暴動高IV(100%),BUY_WATCH,1
SOFI,2028-06-16,47.0,2.12,18503,186,67.50520776367189,681,18.700000762939453,🔭LEAPS,HOLD,1
PFE,2027-01-15,28.0,0.65,7570,186,23.95095581054687,163,25.40999984741211,🚬菸屁股,HOLD,1
SMCI,2027-01-15,85.0,0.56,3241,185,97.41213525390626,163,31.690000534057617,🚬菸屁股,HOLD,1
U,2027-01-15,75.0,0.67,2454,185,72.7541787109375,163,35.220001220703125,🆕低基期(前日Vol12) 🚬菸屁股,HOLD,1
IBIT,2026-09-18,42.0,0.33,24227,184,36.08462353515625,44,36.38999938964844,🚬菸屁股,HOLD,1
PATH,2028-01-21,20.0,3.5,7954,182,76.05004418945313,534,14.100000381469727,🔭LEAPS,HOLD,1
PFE,2026-12-18,28.0,0.58,6976,182,23.438265625,135,25.40999984741211,🚬菸屁股,HOLD,1
RIVN,2026-09-18,19.0,0.43,5164,182,62.40271972656251,44,15.760000228881836,🚬菸屁股,HOLD,1
SOUN,2026-09-18,9.0,0.28,978,181,102.93017285156252,44,6.510000228881836,🚬菸屁股,HOLD,1
IREN,2026-08-21,70.0,0.14,15547,179,125.39099804687498,16,40.849998474121094,🚬菸屁股,HOLD,1
SMCI,2026-08-21,41.0,0.8,1270,178,117.57853710937498,16,31.690000534057617,🆕低基期(前日Vol9) 🚬菸屁股,HOLD,1
ASTS,2026-08-21,130.0,0.3,3049,178,145.80105224609375,16,70.30999755859375,🚀點火(2.9x) 🚬菸屁股 ⚠️尾段價外(85%) ⚠️暴動高IV(146%),BUY_WATCH,1
HOOD,2026-08-21,160.0,0.01,9583,178,87.500125,16,93.51000213623047,🚬菸屁股,HOLD,1
SOFI,2026-09-18,40.0,0.02,25328,177,84.37515624999999,44,18.700000762939453,🚬菸屁股,HOLD,1
ONDS,2026-08-21,15.0,0.05,1606,176,125.00037499999999,16,8.859999656677246,🚬菸屁股,HOLD,1
META,2026-08-21,1300.0,0.01,1915,175,117.57853710937498,16,587.9400024414062,🚬菸屁股,HOLD,1
META,2026-09-18,1300.0,0.07,2014,175,73.437765625,44,587.9400024414062,🚬菸屁股,HOLD,1
IBM,2026-09-18,320.0,0.56,2094,174,46.72904833984375,44,235.14999389648438,🚬菸屁股,HOLD,1
T,2027-01-15,26.0,0.85,2558,173,28.906960937499992,163,23.3799991607666,🚬菸屁股,HOLD,1
SOFI,2026-08-21,31.0,0.01,3109,172,95.312546875,16,18.700000762939453,🚬菸屁股,HOLD,1
PFE,2026-12-18,29.0,0.39,3068,172,24.414818359375,135,25.40999984741211,🚬菸屁股,HOLD,1
F,2026-12-18,24.67,0.04,12711,170,47.26615234375,135,14.239999771118164,🚬菸屁股,HOLD,1
SOFI,2026-08-21,37.0,0.02,855,166,144.53152734375,16,18.700000762939453,🚬菸屁股,HOLD,1
SOFI,2028-01-21,40.0,1.95,15370,166,66.28451684570314,534,18.700000762939453,🔭LEAPS,HOLD,1
SMR,2026-08-21,14.0,0.11,7771,165,123.43788281249999,16,9.489999771118164,🚬菸屁股,HOLD,1
PATH,2026-08-21,20.0,0.02,4750,164,78.9064609375,16,14.100000381469727,🆕低基期(前日Vol6) 🚬菸屁股,HOLD,1
META,2026-09-18,1350.0,0.06,823,162,74.60962890625001,44,587.9400024414062,🚬菸屁股,HOLD,1
PFE,2027-01-15,29.0,0.56,6618,162,24.414818359375,163,25.40999984741211,🚬菸屁股,HOLD,1
HOOD,2026-08-21,175.0,0.02,1528,160,143.5549697265625,16,93.51000213623047,🚬菸屁股,HOLD,1
ACHR,2026-09-18,5.0,0.81,1166,160,87.89074609375,44,5.309999942779541,🚬菸屁股,HOLD,1
ACHR,2026-10-16,11.0,0.07,3949,160,102.34423828125001,72,5.309999942779541,🆕低基期(前日Vol11) 🚬菸屁股,HOLD,1
PFE,2028-01-21,35.0,0.67,24403,159,25.24488818359375,534,25.40999984741211,🔭LEAPS,HOLD,1
SOFI,2028-01-21,13.0,8.64,3980,158,71.65555688476562,534,18.700000762939453,🔭LEAPS,HOLD,1
LCID,2026-08-21,9.0,0.49,2967,157,128.125359375,16,7.78000020980835,🚬菸屁股,HOLD,1
MSTR,2026-08-21,125.0,0.65,8592,156,77.8322529296875,16,97.6500015258789,🚬菸屁股,HOLD,1
OKLO,2026-08-21,80.0,0.09,4323,156,126.56286718749999,16,43.33000183105469,🚬菸屁股,HOLD,1
JOBY,2027-01-15,15.0,0.43,11048,156,88.67198828125,163,7.96999979019165,🚬菸屁股,HOLD,1
MSFT,2027-01-15,625.0,9.55,51847,155,34.04606970214844,163,492.80999755859375,🔥萬人塚 🏛️機構場,HOLD,1
SOFI,2026-12-18,29.0,0.5,1124,155,61.23085644531252,135,18.700000762939453,🆕低基期(前日Vol19) 🚬菸屁股,HOLD,1
CRWV,2026-09-18,200.0,0.5,5255,155,113.47699511718751,44,91.9000015258789,🆕低基期(前日Vol10) 🚬菸屁股,HOLD,1
NNE,2027-01-15,50.0,0.55,2277,152,102.44189404296877,163,18.170000076293945,🚬菸屁股,HOLD,1
ASTS,2026-08-21,120.0,0.48,4502,151,137.01203369140623,16,70.30999755859375,🚬菸屁股,HOLD,1
T,2026-08-21,23.0,0.89,19630,150,34.278000976562495,16,23.3799991607666,🚬菸屁股,HOLD,1
NVDA,2028-01-21,210.0,50.35,9723,149,48.85762812805176,534,211.94000244140625,🔭LEAPS,HOLD,1
PATH,2026-09-18,16.0,0.98,2113,149,84.76577734374999,44,14.100000381469727,🚬菸屁股,HOLD,1
CRWV,2026-08-21,160.0,0.28,1768,149,122.8519482421875,16,91.9000015258789,🚀點火(5.1x) 🚬菸屁股 ⚠️尾段價外(74%) ⚠️暴動高IV(123%),BUY_WATCH,1
T,2026-10-16,27.0,0.2,6661,149,29.24875439453124,72,23.3799991607666,🚬菸屁股,HOLD,1
ONDS,2028-01-21,5.0,5.55,16684,148,112.40278173828125,534,8.859999656677246,🔭LEAPS,HOLD,1
DKNG,2028-01-21,30.0,4.85,3491,147,60.63271789550782,534,23.610000610351562,🔭LEAPS,HOLD,1
RIVN,2026-08-21,16.5,0.53,1001,147,59.4730615234375,16,15.760000228881836,🚬菸屁股,HOLD,1
DKNG,2026-08-21,27.5,0.41,12298,146,74.12135253906249,16,23.610000610351562,🚬菸屁股,HOLD,1
F,2028-01-21,20.0,1.05,3486,146,40.015248291015624,534,14.239999771118164,🔭LEAPS,HOLD,1
SOFI,2026-12-18,40.0,0.15,13161,145,72.6565234375,135,18.700000762939453,🚬菸屁股,HOLD,1
PFE,2027-01-15,35.0,0.07,25111,145,26.758544921875,163,25.40999984741211,🚬菸屁股,HOLD,1
IBIT,2028-06-16,50.0,6.5,8428,144,53.4184345703125,681,36.38999938964844,🆕低基期(前日Vol5) 🔭LEAPS,HOLD,1
META,2026-08-21,1120.0,0.01,799,144,85.937640625,16,587.9400024414062,🚬菸屁股,HOLD,1
TSLA,2026-08-21,410.0,0.71,5991,143,56.958438232421884,16,327.3500061035156,🚬菸屁股,HOLD,1
IBIT,2026-08-21,65.0,0.01,19729,143,90.62509374999999,16,36.38999938964844,🚬菸屁股,HOLD,1
ONDS,2026-12-18,16.0,0.83,920,143,113.0863720703125,135,8.859999656677246,🚬菸屁股,HOLD,1
INTC,2026-08-21,195.0,0.03,11292,142,101.5629921875,16,100.86000061035156,🆕低基期(前日Vol8) 🚬菸屁股,HOLD,1
ORCL,2026-08-21,380.0,0.03,2517,142,142.1877890625,16,145.74000549316406,🚬菸屁股,HOLD,1
PATH,2027-01-15,25.0,0.71,12986,141,77.58811474609377,163,14.100000381469727,🆕低基期(前日Vol10) 🚬菸屁股,HOLD,1
HOOD,2026-08-21,125.0,0.3,4092,141,74.5119736328125,16,93.51000213623047,🚬菸屁股,HOLD,1
AMZN,2026-10-16,370.0,0.68,4481,141,35.44986425781249,72,277.4200134277344,🚬菸屁股,HOLD,1
NVDA,2026-08-21,420.0,0.01,9195,140,90.62509374999999,16,211.94000244140625,🚬菸屁股,HOLD,1
COIN,2026-08-21,250.0,0.15,5728,140,96.87503124999999,16,150.72999572753906,🚬菸屁股,HOLD,1
CRWV,2026-09-18,210.0,0.4,2453,140,110.9379453125,44,91.9000015258789,🚀點火(4.8x) 🚬菸屁股 ⚠️尾段價外(129%) ⚠️暴動高IV(111%),BUY_WATCH,1
RKLB,2026-08-21,125.0,0.26,2932,139,118.55509472656249,16,74.4800033569336,🚀點火(3.5x) 🚬菸屁股 ⚠️尾段價外(68%) ⚠️暴動高IV(119%),BUY_WATCH,1
SMR,2026-09-18,11.0,0.9,3962,137,107.22702636718753,44,9.489999771118164,🚬菸屁股,HOLD,1
PFE,2028-01-21,27.0,2.24,20964,137,24.317163085937498,534,25.40999984741211,🔭LEAPS,HOLD,1
OPEN,2026-09-18,8.0,0.07,10524,136,121.09414453124998,44,4.119999885559082,🚬菸屁股,HOLD,1
ACHR,2028-01-21,27.0,0.5,15093,136,97.070341796875,534,5.309999942779541,🆕低基期(前日Vol17) 🔭LEAPS,HOLD,1
UPST,2026-08-21,40.0,0.35,1534,135,97.3633076171875,16,30.31999969482422,🚬菸屁股,HOLD,1
SOFI,2026-12-18,27.0,0.65,2125,134,59.766027343750004,135,18.700000762939453,🚬菸屁股,HOLD,1
PATH,2026-11-20,20.0,0.8,814,134,79.3947373046875,107,14.100000381469727,🆕低基期(前日Vol16) 🚬菸屁股,HOLD,1
IBM,2026-08-21,400.0,0.03,4685,134,79.687703125,16,235.14999389648438,🆕低基期(前日Vol7) 🚬菸屁股,HOLD,1
ORCL,2027-01-15,500.0,0.75,6432,134,85.00991552734375,163,145.74000549316406,🚬菸屁股,HOLD,1
F,2028-01-21,22.0,0.83,1889,133,39.99083447265625,534,14.239999771118164,🔭LEAPS,HOLD,1
T,2026-10-16,28.0,0.11,2219,132,29.688203124999994,72,23.3799991607666,🆕低基期(前日Vol18) 🚬菸屁股,HOLD,1
ONDS,2026-09-18,20.0,0.1,12565,131,128.90660546875,44,8.859999656677246,🚬菸屁股,HOLD,1
CRWV,2026-08-21,145.0,0.72,3191,131,123.53553857421873,16,91.9000015258789,🚬菸屁股,HOLD,1
SMR,2027-01-15,25.0,0.52,4770,130,113.57465087890625,163,9.489999771118164,🚬菸屁股,HOLD,1
CRWV,2026-08-21,155.0,0.3,1520,130,127.44176904296873,16,91.9000015258789,🚀點火(3.2x) 🚬菸屁股 ⚠️尾段價外(69%) ⚠️暴動高IV(127%),BUY_WATCH,1
IBIT,2026-12-18,50.0,0.57,7848,129,42.188078125,135,36.38999938964844,🚬菸屁股,HOLD,1
SOFI,2028-01-21,42.0,1.74,9145,129,66.45541357421877,534,18.700000762939453,🔭LEAPS,HOLD,1
F,2028-01-21,25.0,0.6,15069,129,41.846284667968746,534,14.239999771118164,🔭LEAPS,HOLD,1
NVDA,2028-01-21,420.0,8.0,21536,128,45.22454678344727,534,211.94000244140625,🔭LEAPS,HOLD,1
SMR,2026-11-20,16.0,0.77,843,128,109.96138769531252,107,9.489999771118164,🆕低基期(前日Vol19) 🚬菸屁股,HOLD,1
SOFI,2028-06-16,42.0,2.46,3280,127,67.65169067382814,681,18.700000762939453,🆕低基期(前日Vol2) 🔭LEAPS,HOLD,1
ACHR,2026-10-16,10.0,0.1,5945,127,99.60937890625,72,5.309999942779541,🚬菸屁股,HOLD,1
F,2026-08-21,16.5,0.02,1646,127,43.35994140625,16,14.239999771118164,🚬菸屁股,HOLD,1
SOFI,2028-06-16,30.0,4.03,21649,125,67.28548339843752,681,18.700000762939453,🔭LEAPS,HOLD,1
RIVN,2028-01-21,15.0,5.9,7807,125,76.44066528320312,534,15.760000228881836,🔭LEAPS,HOLD,1
ONDS,2028-01-21,12.0,3.5,14048,124,105.37156689453124,534,8.859999656677246,🔭LEAPS,HOLD,1
TSLA,2028-01-21,500.0,42.25,6166,123,55.154867401123056,534,327.3500061035156,🔭LEAPS,HOLD,1
ASTS,2026-09-18,150.0,0.78,8918,123,125.04920288085937,44,70.30999755859375,🆕低基期(前日Vol9) 🚬菸屁股,HOLD,1
HOOD,2026-09-18,290.0,0.04,1958,123,114.0629296875,44,93.51000213623047,🚬菸屁股,HOLD,1
META,2026-08-21,1250.0,0.01,890,122,105.46922265625001,16,587.9400024414062,🚬菸屁股,HOLD,1
UPST,2027-01-15,75.0,0.59,2794,121,83.789224609375,163,30.31999969482422,🆕低基期(前日Vol4) 🚬菸屁股,HOLD,1
DKNG,2026-09-18,52.5,0.09,4510,120,100.78174609374999,44,23.610000610351562,🚬菸屁股,HOLD,1
PACB,2028-01-21,3.0,0.44,1127,120,109.76607617187501,534,1.440000057220459,🔭LEAPS,HOLD,1
ORCL,2026-08-21,350.0,0.02,1379,120,133.59408203124997,16,145.74000549316406,🆕低基期(前日Vol9) 🚬菸屁股,HOLD,1
SMCI,2026-08-21,70.0,0.03,1668,119,135.93782031249998,16,31.690000534057617,🆕低基期(前日Vol15) 🚬菸屁股,HOLD,1
ACHR,2028-01-21,4.0,2.75,4008,119,99.41406835937501,534,5.309999942779541,🔭LEAPS,HOLD,1
RIVN,2026-08-21,19.0,0.1,4464,119,62.69568554687501,16,15.760000228881836,🚬菸屁股,HOLD,1
PLTR,2026-09-18,410.0,0.03,6769,118,85.1563984375,44,162.66000366210938,🚬菸屁股,HOLD,1
HOOD,2026-08-21,140.0,0.08,2914,118,81.83611914062499,16,93.51000213623047,🚀點火(2.6x) 🚬菸屁股 ⚠️尾段價外(50%) ⚠️暴動高IV(82%),BUY_WATCH,1
JOBY,2026-10-16,12.0,0.31,1842,118,86.132951171875,72,7.96999979019165,🚬菸屁股,HOLD,1
SMR,2027-01-15,50.0,0.15,4744,118,123.047259765625,163,9.489999771118164,🆕低基期(前日Vol13) 🚬菸屁股,HOLD,1
SOFI,2026-09-18,42.0,0.02,5755,116,89.062609375,44,18.700000762939453,🆕低基期(前日Vol17) 🚬菸屁股,HOLD,1
SOFI,2028-06-16,18.0,7.0,9522,116,69.6414168701172,681,18.700000762939453,🔭LEAPS,HOLD,1
JOBY,2027-01-15,12.0,0.8,7799,116,87.5977802734375,163,7.96999979019165,🚬菸屁股,HOLD,1
ORCL,2027-01-15,510.0,0.69,7808,115,83.69156933593749,163,145.74000549316406,🚬菸屁股,HOLD,1
F,2028-01-21,17.0,1.72,7534,115,39.33166137695313,534,14.239999771118164,🔭LEAPS,HOLD,1
PATH,2027-01-15,30.0,0.43,26157,114,81.64080859375,163,14.100000381469727,🚬菸屁股,HOLD,1
F,2026-12-18,16.0,0.62,2847,114,37.5982802734375,135,14.239999771118164,🚬菸屁股,HOLD,1
IBIT,2026-10-16,55.0,0.1,5243,113,48.438015625000006,72,36.38999938964844,🆕低基期(前日Vol4) 🚬菸屁股,HOLD,1
AMZN,2026-10-16,360.0,0.98,979,113,36.58510681152344,72,277.4200134277344,🚬菸屁股,HOLD,1
VST,2026-08-21,200.0,0.21,1791,112,77.929908203125,16,143.22999572753906,🚬菸屁股,HOLD,1
TDOC,2027-01-15,12.5,0.24,5501,112,75.7814921875,163,6.710000038146973,🆕低基期(前日Vol16) 🚬菸屁股,HOLD,1
ONDS,2026-09-18,16.0,0.19,10686,112,123.43788281249999,44,8.859999656677246,🚬菸屁股,HOLD,1
AMZN,2026-08-21,350.0,0.05,10654,112,43.457596679687505,16,277.4200134277344,🚬菸屁股,HOLD,1
TSLA,2026-08-21,440.0,0.35,6993,111,63.574583007812514,16,327.3500061035156,🚬菸屁股,HOLD,1
PATH,2028-01-21,35.0,1.7,915,111,76.51390673828125,534,14.100000381469727,🆕低基期(前日Vol1) 🔭LEAPS,HOLD,1
IBIT,2026-08-21,52.0,0.01,9022,110,65.62534375000001,16,36.38999938964844,🆕低基期(前日Vol15) 🚬菸屁股,HOLD,1
INTC,2028-01-21,80.0,47.35,10495,109,84.98550170898437,534,100.86000061035156,🆕低基期(前日Vol14) 🔭LEAPS,HOLD,1
UPST,2028-01-21,50.0,7.5,2577,109,84.88784643554688,534,30.31999969482422,🆕低基期(前日Vol6) 🔭LEAPS,HOLD,1
TDOC,2026-10-16,10.0,0.12,2663,109,70.70341796875,72,6.710000038146973,🚬菸屁股,HOLD,1
T,2026-09-18,29.0,0.02,6609,109,33.20379296875,44,23.3799991607666,🚬菸屁股,HOLD,1
LCID,2026-09-18,15.0,0.09,2696,109,115.234798828125,44,7.78000020980835,🚬菸屁股,HOLD,1
F,2027-01-15,16.0,0.75,4828,109,37.35414208984375,163,14.239999771118164,🚬菸屁股,HOLD,1
IBM,2026-08-21,350.0,0.05,2057,108,65.62534375000001,16,235.14999389648438,🚬菸屁股,HOLD,1
IBIT,2026-12-18,55.0,0.34,9412,107,44.67828759765625,135,36.38999938964844,🆕低基期(前日Vol18) 🚬菸屁股,HOLD,1
JOBY,2026-11-20,10.0,0.88,1744,107,87.10950390625,107,7.96999979019165,🆕低基期(前日Vol2) 🚬菸屁股,HOLD,1
F,2028-01-21,15.0,2.46,19676,107,38.574833007812494,534,14.239999771118164,🔭LEAPS,HOLD,1
NVDA,2028-01-21,360.0,12.51,7449,106,45.38018487548828,534,211.94000244140625,🔭LEAPS,HOLD,1
NVDA,2028-01-21,390.0,9.7,8543,106,45.16961569213868,534,211.94000244140625,🆕低基期(前日Vol11) 🔭LEAPS,HOLD,1
DKNG,2028-01-21,35.0,3.7,1824,106,63.37927246093751,534,23.610000610351562,🔭LEAPS,HOLD,1
HOOD,2028-01-21,250.0,7.5,2370,106,72.07059179687501,534,93.51000213623047,🔭LEAPS,HOLD,1
ORCL,2026-08-21,300.0,0.04,11674,106,116.01604492187501,16,145.74000549316406,🚬菸屁股,HOLD,1
IONQ,2026-08-21,75.0,0.07,1565,105,120.70352148437497,16,41.720001220703125,🚀點火(2.9x) 🚬菸屁股 ⚠️尾段價外(80%) ⚠️暴動高IV(121%),BUY_WATCH,1
ORCL,2026-09-18,300.0,0.34,8267,105,94.726615234375,44,145.74000549316406,🚬菸屁股,HOLD,1
MSFT,2026-09-18,800.0,0.03,10346,104,44.5318046875,44,492.80999755859375,🚬菸屁股,HOLD,1
IBIT,2027-01-15,120.0,0.03,19611,104,68.35969140625001,163,36.38999938964844,🚬菸屁股,HOLD,1
SOFI,2026-11-20,27.0,0.47,2111,104,59.18009570312501,107,18.700000762939453,🚬菸屁股,HOLD,1
HOOD,2026-08-21,145.0,0.08,4399,104,85.1563984375,16,93.51000213623047,🆕低基期(前日Vol6) 🚬菸屁股,HOLD,1
IBM,2026-08-21,280.0,0.4,2650,104,46.3872548828125,16,235.14999389648438,🚬菸屁股,HOLD,1
NVDA,2028-01-21,290.0,24.0,5469,103,45.572443695068365,534,211.94000244140625,🔭LEAPS,HOLD,1
IBIT,2026-09-18,47.0,0.1,8392,103,42.188078125,44,36.38999938964844,🚬菸屁股,HOLD,1
ACHR,2026-10-16,8.0,0.23,8411,103,90.23447265624999,72,5.309999942779541,🚬菸屁股,HOLD,1
META,2026-08-21,1010.0,0.15,761,103,91.6993017578125,16,587.9400024414062,🚬菸屁股,HOLD,1
PFE,2026-09-18,30.0,0.03,28089,103,26.563234375,44,25.40999984741211,🚬菸屁股,HOLD,1
IONQ,2026-10-16,55.0,0.3,1017,102,12.500875,72,41.720001220703125,🚬菸屁股,HOLD,1
F,2026-12-18,24.82,0.11,5499,102,52.3442265625,135,14.239999771118164,🚬菸屁股,HOLD,1
SOFI,2026-11-20,30.0,0.27,6321,101,60.74258007812501,107,18.700000762939453,🚬菸屁股,HOLD,1
T,2026-08-21,28.0,0.01,6218,101,43.7505625,16,23.3799991607666,🆕低基期(前日Vol12) 🚬菸屁股,HOLD,1
IBIT,2026-09-18,70.0,0.02,21383,100,73.437765625,44,36.38999938964844,🆕低基期(前日Vol1) 🚬菸屁股,HOLD,1
DKNG,2026-09-18,40.0,0.03,10305,100,65.62534375000001,44,23.610000610351562,🚬菸屁股,HOLD,1
META,2026-09-18,1100.0,0.08,1553,100,61.52382226562501,44,587.9400024414062,🚬菸屁股,HOLD,1
PFE,2026-12-18,33.0,0.08,1773,100,30.567100585937503,135,25.40999984741211,🚬菸屁股,HOLD,1
SOUN,2028-01-21,15.0,1.37,4840,100,92.62702685546876,534,6.510000228881836,🔭LEAPS,HOLD,1
UPST,2027-01-15,90.0,0.35,1095,99,85.59584716796876,163,30.31999969482422,🆕低基期(前日Vol4) 🚬菸屁股,HOLD,1
PFE,2026-08-21,28.0,0.02,12870,99,26.17261328125,16,25.40999984741211,🚬菸屁股,HOLD,1
SOFI,2026-08-21,26.0,0.04,6664,98,71.87528125,16,18.700000762939453,🚬菸屁股,HOLD,1
IBIT,2027-01-15,65.0,0.21,15556,97,48.633326171875005,163,36.38999938964844,🚬菸屁股,HOLD,1
OKLO,2026-10-16,90.0,0.83,1473,97,108.15475610351561,72,43.33000183105469,🚬菸屁股,HOLD,1
PATH,2028-01-21,15.0,4.85,8800,97,78.00314965820311,534,14.100000381469727,🔭LEAPS,HOLD,1
OPEN,2026-12-18,5.0,0.76,2171,96,112.5004375,135,4.119999885559082,🚬菸屁股,HOLD,1
ORCL,2028-01-21,400.0,11.28,2365,96,70.20903814697266,534,145.74000549316406,🔭LEAPS,HOLD,1
F,2026-12-18,17.0,0.4,2187,96,37.11000390625,135,14.239999771118164,🚬菸屁股,HOLD,1
IBIT,2028-01-21,80.0,1.32,6068,95,49.79298254394532,534,36.38999938964844,🔭LEAPS,HOLD,1
BAC,2028-01-21,75.0,4.4,1762,95,28.186753295898438,534,62.900001525878906,🔭LEAPS,HOLD,1
OPEN,2028-01-21,3.0,2.32,2111,94,132.12924560546875,534,4.119999885559082,🔭LEAPS,HOLD,1
PFE,2026-09-18,31.0,0.02,20548,94,30.4694453125,44,25.40999984741211,🚬菸屁股,HOLD,1
LCID,2026-08-21,10.0,0.26,9345,94,125.39099804687498,16,7.78000020980835,🚬菸屁股,HOLD,1
DKNG,2026-08-21,32.5,0.06,8617,93,78.9064609375,16,23.610000610351562,🚬菸屁股,HOLD,1
PATH,2028-01-21,37.0,1.57,4938,93,79.101771484375,534,14.100000381469727,🔭LEAPS,HOLD,1
PFE,2026-10-16,30.0,0.09,3505,93,25.196060546875,72,25.40999984741211,🚬菸屁股,HOLD,1
SOUN,2028-01-21,25.0,0.87,2135,93,95.89847851562499,534,6.510000228881836,🆕低基期(前日Vol1) 🔭LEAPS,HOLD,1
SOFI,2026-08-21,27.0,0.02,5162,92,78.9064609375,16,18.700000762939453,🚬菸屁股,HOLD,1
JOBY,2026-10-16,11.0,0.4,2242,92,86.2306064453125,72,7.96999979019165,🚬菸屁股,HOLD,1
JOBY,2028-01-21,5.0,4.62,3679,92,98.9257919921875,534,7.96999979019165,🆕低基期(前日Vol6) 🔭LEAPS,HOLD,1
META,2026-09-18,1000.0,0.22,2102,92,56.592230957031255,44,587.9400024414062,🚬菸屁股,HOLD,1
RIVN,2026-09-18,21.0,0.21,13141,91,63.867548828124995,44,15.760000228881836,🚬菸屁股,HOLD,1
TSLA,2026-09-18,800.0,0.12,8739,90,89.257919921875,44,327.3500061035156,🆕低基期(前日Vol15) 🚬菸屁股,HOLD,1
LCID,2026-09-18,9.0,0.69,3308,90,100.58643457031249,44,7.78000020980835,🚬菸屁股,HOLD,1
ACHR,2027-01-15,20.0,0.1,25447,89,110.15669921875002,163,5.309999942779541,🆕低基期(前日Vol10) 🚬菸屁股,HOLD,1
BAC,2028-01-21,70.0,5.96,2850,89,28.85813330078124,534,62.900001525878906,🔭LEAPS,HOLD,1
IONQ,2026-08-21,65.0,0.24,3929,88,116.40666796875001,16,41.720001220703125,🚬菸屁股,HOLD,1
T,2026-08-21,26.0,0.04,7613,88,33.20379296875,16,23.3799991607666,🚬菸屁股,HOLD,1
META,2026-08-21,850.0,0.1,1803,88,63.281617187500004,16,587.9400024414062,🚬菸屁股,HOLD,1
PATH,2028-01-21,12.0,5.85,6536,87,79.1994267578125,534,14.100000381469727,🔭LEAPS,HOLD,1
LUNR,2026-09-18,26.0,0.29,1186,87,123.047259765625,44,13.960000038146973,🚬菸屁股,HOLD,1
META,2026-08-21,710.0,0.9,2785,87,46.216358154296884,16,587.9400024414062,🚬菸屁股,HOLD,1
PFE,2028-01-21,32.0,1.05,10713,87,24.75661181640625,534,25.40999984741211,🔭LEAPS,HOLD,1
SOFI,2026-11-20,26.0,0.58,1189,86,59.42423388671876,107,18.700000762939453,🚬菸屁股,HOLD,1
META,2028-01-21,1500.0,11.75,10029,86,48.52193812561035,534,587.9400024414062,🔭LEAPS,HOLD,1
INTC,2026-08-21,210.0,0.01,6701,85,110.9379453125,16,100.86000061035156,🆕低基期(前日Vol10) 🚬菸屁股,HOLD,1
SOUN,2027-01-15,9.0,0.91,2831,85,91.992267578125,163,6.510000228881836,🚬菸屁股,HOLD,1
MSTR,2026-08-21,200.0,0.04,5754,84,119.922275390625,16,97.6500015258789,🚬菸屁股,HOLD,1
UPST,2027-01-15,100.0,0.38,6127,84,92.8711650390625,163,30.31999969482422,🆕低基期(前日Vol4) 🚬菸屁股,HOLD,1
SOFI,2027-01-15,40.0,0.2,27098,84,65.62534375000001,163,18.700000762939453,🚬菸屁股,HOLD,1
LCID,2026-08-21,12.0,0.13,1838,84,142.96903515625,16,7.78000020980835,🚬菸屁股,HOLD,1
RIVN,2026-12-18,30.0,0.32,9582,84,73.24245507812499,135,15.760000228881836,🚬菸屁股,HOLD,1
TSLA,2026-09-18,600.0,0.35,10480,83,72.1682470703125,44,327.3500061035156,🚬菸屁股,HOLD,1
NVDA,2028-06-16,350.0,17.97,5467,83,46.07903042602539,681,211.94000244140625,🔭LEAPS,HOLD,1
ASTS,2026-08-21,105.0,0.96,5102,83,131.39682739257813,16,70.30999755859375,🚬菸屁股,HOLD,1
OPEN,2028-01-21,12.0,0.92,4110,83,106.83640332031253,534,4.119999885559082,🔭LEAPS,HOLD,1
SMCI,2026-08-21,42.0,0.66,1744,82,118.84806201171875,16,31.690000534057617,🆕低基期(前日Vol3) 🚬菸屁股,HOLD,1
SMCI,2026-12-18,92.0,0.6,1360,82,100.87940185546876,135,31.690000534057617,🆕低基期(前日Vol5) 🚬菸屁股,HOLD,1
OPEN,2026-10-16,6.0,0.28,2539,82,104.29735351562503,72,4.119999885559082,🚬菸屁股,HOLD,1
HIMS,2026-12-18,95.0,0.51,837,82,101.27002490234376,135,32.15999984741211,🚬菸屁股,HOLD,1
JOBY,2027-01-15,20.0,0.23,13074,82,92.187578125,163,7.96999979019165,🚬菸屁股,HOLD,1
NVDA,2028-06-16,300.0,28.82,5967,81,47.08610043334961,681,211.94000244140625,🆕低基期(前日Vol15) 🔭LEAPS,HOLD,1
OKLO,2028-01-21,100.0,10.27,3948,81,98.61451580810548,534,43.33000183105469,🔭LEAPS,HOLD,1
META,2026-08-21,1040.0,0.02,1590,81,108.30123974609376,16,587.9400024414062,🚬菸屁股,HOLD,1
SOUN,2028-01-21,4.0,3.57,1288,81,108.59420703125,534,6.510000228881836,🆕低基期(前日Vol18) 🔭LEAPS,HOLD,1
MSTR,2028-01-21,700.0,3.75,7608,80,90.3199210205078,534,97.6500015258789,🔭LEAPS,HOLD,1
OKLO,2026-08-21,65.0,0.35,4347,80,115.625421875,16,43.33000183105469,🚬菸屁股,HOLD,1
SOFI,2028-06-16,23.0,5.45,6562,80,68.35969140625001,681,18.700000762939453,🔭LEAPS,HOLD,1
BAC,2028-01-21,62.5,8.68,1317,80,30.005582763671875,534,62.900001525878906,🔭LEAPS,HOLD,1
NVDA,2026-08-21,310.0,0.02,11572,78,57.812921875,16,211.94000244140625,🚬菸屁股,HOLD,1
NVDA,2027-01-15,400.0,0.78,6157,78,47.998566894531244,163,211.94000244140625,🚬菸屁股,HOLD,1
SOFI,2026-10-16,27.0,0.21,3504,78,57.617611328124994,72,18.700000762939453,🚬菸屁股,HOLD,1
LUNR,2028-01-21,20.0,6.3,1696,78,118.67716442871092,534,13.960000038146973,🔭LEAPS,HOLD,1
META,2026-08-21,1100.0,0.03,918,78,85.937640625,16,587.9400024414062,🚬菸屁股,HOLD,1
PFE,2026-10-16,29.0,0.17,1265,78,25.00075,72,25.40999984741211,🚬菸屁股,HOLD,1
IONQ,2026-08-21,70.0,0.13,3844,77,116.79729101562502,16,41.720001220703125,🚬菸屁股,HOLD,1
SMR,2028-01-21,50.0,1.38,1364,77,109.4242810058594,534,9.489999771118164,🔭LEAPS,HOLD,1
T,2026-09-18,27.0,0.08,7705,76,30.762411132812495,44,23.3799991607666,🚬菸屁股,HOLD,1
META,2026-08-21,820.0,0.17,1921,76,57.86174951171875,16,587.9400024414062,🚬菸屁股,HOLD,1
IBIT,2026-08-21,43.0,0.05,8770,75,41.4068359375,16,36.38999938964844,🚬菸屁股,HOLD,1
UPST,2026-08-21,45.0,0.12,1045,75,97.26565234374999,16,30.31999969482422,🆕低基期(前日Vol7) 🚬菸屁股,HOLD,1
LUNR,2026-09-18,23.0,0.52,879,75,123.43788281249999,44,13.960000038146973,🚀點火(3.3x) 🚬菸屁股 ⚠️尾段價外(65%) ⚠️暴動高IV(123%),BUY_WATCH,1
JOBY,2026-11-20,20.0,0.11,1408,75,94.5313046875,107,7.96999979019165,🚬菸屁股,HOLD,1
CRWV,2026-09-18,195.0,0.54,3999,75,108.54537915039062,44,91.9000015258789,🆕低基期(前日Vol1) 🚬菸屁股,HOLD,1
ORCL,2026-09-18,320.0,0.37,962,75,104.19969775390628,44,145.74000549316406,🆕低基期(前日Vol1) 🚬菸屁股,HOLD,1
F,2026-12-18,21.82,0.15,2582,75,48.828636718750005,135,14.239999771118164,🚬菸屁股,HOLD,1
RIVN,2026-12-18,27.0,0.48,2679,75,69.5315546875,135,15.760000228881836,🚬菸屁股,HOLD,1
NVDA,2026-08-21,340.0,0.01,5207,74,67.96907031250001,16,211.94000244140625,🚬菸屁股,HOLD,1
AAPL,2026-08-21,380.0,0.03,5852,74,36.524072265625,16,309.3800048828125,🚬菸屁股,HOLD,1
IBIT,2028-01-21,40.0,7.75,5178,74,51.88036401367187,534,36.38999938964844,🔭LEAPS,HOLD,1
RIVN,2027-01-15,40.0,0.21,7258,74,81.83611914062499,163,15.760000228881836,🚬菸屁股,HOLD,1
MSFT,2026-12-18,625.0,6.75,102394,73,34.43669079589844,135,492.80999755859375,🔥萬人塚 🏛️機構場,HOLD,1
UPST,2026-08-21,42.5,0.2,2152,73,97.6562734375,16,30.31999969482422,🚬菸屁股,HOLD,1
SOFI,2028-06-16,10.0,11.0,9299,73,77.39280419921876,681,18.700000762939453,🔭LEAPS,HOLD,1
PATH,2028-01-21,8.0,7.4,2021,73,84.57046679687498,534,14.100000381469727,🔭LEAPS,HOLD,1
IONQ,2028-01-21,120.0,8.05,2393,72,99.00513690185547,534,41.720001220703125,🆕低基期(前日Vol12) 🔭LEAPS,HOLD,1
SOFI,2026-08-21,40.0,0.01,1804,72,118.75040625,16,18.700000762939453,🆕低基期(前日Vol9) 🚬菸屁股,HOLD,1
ZM,2026-09-18,140.0,0.57,1012,72,54.102021484375015,44,102.12000274658203,🆕低基期(前日Vol3) 🚬菸屁股,HOLD,1
ONDS,2026-09-18,25.0,0.05,11327,72,138.28155859374996,44,8.859999656677246,🚬菸屁股,HOLD,1
SMR,2028-01-21,18.0,3.15,1442,72,109.27779736328125,534,9.489999771118164,🔭LEAPS,HOLD,1
PFE,2026-08-21,29.0,0.01,2408,72,31.250687499999998,16,25.40999984741211,🚬菸屁股,HOLD,1
BAC,2026-08-21,66.0,0.2,1442,72,21.143366699218745,16,62.900001525878906,🚬菸屁股,HOLD,1
RIVN,2026-08-21,23.0,0.03,2429,72,82.81267187499999,16,15.760000228881836,🚬菸屁股,HOLD,1
SOUN,2027-01-15,17.0,0.29,4207,72,103.12548437500001,163,6.510000228881836,🚬菸屁股,HOLD,1
META,2026-12-18,1480.0,0.33,1333,71,56.07954077148438,135,587.9400024414062,🚬菸屁股,HOLD,1
LCID,2028-01-21,8.0,2.45,3794,71,66.60189648437502,534,7.78000020980835,🔭LEAPS,HOLD,1
SOUN,2028-01-21,35.0,0.65,7901,71,101.27002490234376,534,6.510000228881836,🆕低基期(前日Vol18) 🔭LEAPS,HOLD,1
NVDA,2026-08-21,320.0,0.01,9578,70,62.500375000000005,16,211.94000244140625,🆕低基期(前日Vol2) 🚬菸屁股,HOLD,1
SMCI,2026-09-18,75.0,0.15,3590,70,114.45355273437498,44,31.690000534057617,🆕低基期(前日Vol1) 🚬菸屁股,HOLD,1
TDOC,2026-08-21,10.0,0.02,3681,70,95.312546875,16,6.710000038146973,🚬菸屁股,HOLD,1
TSLA,2028-01-21,900.0,11.8,6716,69,57.44213700866698,534,327.3500061035156,🔭LEAPS,HOLD,1
NVDA,2026-09-18,320.0,0.23,7693,69,52.19774365234374,44,211.94000244140625,🚬菸屁股,HOLD,1
SMCI,2026-08-21,55.0,0.13,5558,69,131.05503222656247,16,31.690000534057617,🚬菸屁股,HOLD,1
ASTS,2026-08-21,135.0,0.23,1391,69,146.6799541015625,16,70.30999755859375,🚬菸屁股,HOLD,1
PFE,2027-01-15,32.0,0.19,22556,69,25.098405273437496,163,25.40999984741211,🚬菸屁股,HOLD,1
F,2026-12-18,15.0,0.91,1847,69,36.6217275390625,135,14.239999771118164,🚬菸屁股,HOLD,1
OKLO,2026-09-18,90.0,0.32,1097,68,112.5004375,44,43.33000183105469,🆕低基期(前日Vol4) 🚬菸屁股,HOLD,1
OKLO,2026-08-21,70.0,0.21,3271,67,121.68007910156248,16,43.33000183105469,🚬菸屁股,HOLD,1
SOFI,2026-08-21,30.0,0.02,8937,67,90.62509374999999,16,18.700000762939453,🚬菸屁股,HOLD,1
ASTS,2026-08-21,125.0,0.38,2632,66,143.06669091796874,16,70.30999755859375,🚬菸屁股,HOLD,1
IREN,2026-08-21,80.0,0.05,3502,66,133.98470507812496,16,40.849998474121094,🚀點火(3.1x) 🚬菸屁股 ⚠️尾段價外(96%) ⚠️暴動高IV(134%),BUY_WATCH,1
F,2026-09-18,18.0,0.05,13189,66,42.188078125,44,14.239999771118164,🚬菸屁股,HOLD,1
IBIT,2026-08-21,45.0,0.02,17251,65,46.48491015625,16,36.38999938964844,🚬菸屁股,HOLD,1
IBIT,2026-10-16,47.0,0.26,6318,65,40.332627929687504,72,36.38999938964844,🚬菸屁股,HOLD,1
DKNG,2028-01-21,37.5,3.34,19823,65,60.0712000732422,534,23.610000610351562,🆕低基期(前日Vol10) 🔭LEAPS,HOLD,1
U,2028-01-21,40.0,11.32,1323,65,76.14769946289064,534,35.220001220703125,🆕低基期(前日Vol5) 🔭LEAPS,HOLD,1
OPEN,2027-01-15,9.0,0.31,3464,65,108.59420703125,163,4.119999885559082,🚬菸屁股,HOLD,1
HIMS,2026-08-21,50.0,0.17,6463,65,113.8676181640625,16,32.15999984741211,🚬菸屁股,HOLD,1
ORCL,2026-09-18,270.0,0.66,5632,65,87.25598681640624,44,145.74000549316406,🚬菸屁股,HOLD,1
NVDA,2026-09-18,400.0,0.04,13310,64,63.281617187500004,44,211.94000244140625,🚬菸屁股,HOLD,1
SMCI,2028-01-21,50.0,9.52,4688,64,92.68806140136718,534,31.690000534057617,🆕低基期(前日Vol1) 🔭LEAPS,HOLD,1
ORLY,2026-08-21,100.0,0.23,1798,64,33.5944140625,16,91.83000183105469,🚬菸屁股,HOLD,1
PFE,2026-11-20,29.0,0.26,1739,64,24.219507812499998,107,25.40999984741211,🚬菸屁股,HOLD,1
F,2027-01-15,24.0,0.27,1204,64,50.0005,163,14.239999771118164,🚬菸屁股,HOLD,1
HOOD,2026-08-21,135.0,0.12,2053,63,79.101771484375,16,93.51000213623047,🚬菸屁股,HOLD,1
ONDS,2027-01-15,25.0,0.45,15823,63,114.35589697265624,163,8.859999656677246,🚬菸屁股,HOLD,1
ONDS,2028-01-21,15.0,3.02,9306,63,105.078599609375,534,8.859999656677246,🔭LEAPS,HOLD,1
JOBY,2026-08-21,11.0,0.07,4840,63,92.9688203125,16,7.96999979019165,🚬菸屁股,HOLD,1
CRWV,2026-08-21,165.0,0.23,1122,63,128.32067089843747,16,91.9000015258789,🚬菸屁股,HOLD,1
SMR,2026-11-20,18.0,0.55,966,62,112.79340478515624,107,9.489999771118164,🚬菸屁股,HOLD,1
META,2026-08-21,900.0,0.03,2115,62,66.79720703125001,16,587.9400024414062,🚬菸屁股,HOLD,1
NVDA,2028-01-21,220.0,45.1,8728,61,48.15115325927734,534,211.94000244140625,🔭LEAPS,HOLD,1
NVDA,2028-01-21,310.0,20.15,9786,61,45.42290905761719,534,211.94000244140625,🆕低基期(前日Vol1) 🔭LEAPS,HOLD,1
SMCI,2028-01-21,40.0,11.51,3609,61,96.04496142578124,534,31.690000534057617,🆕低基期(前日Vol3) 🔭LEAPS,HOLD,1
SOFI,2028-01-21,25.0,4.15,15781,61,67.02913830566408,534,18.700000762939453,🔭LEAPS,HOLD,1
HIMS,2026-08-21,45.0,0.43,6008,61,113.0863720703125,16,32.15999984741211,🚬菸屁股,HOLD,1
LUNR,2028-01-21,15.0,7.25,1016,61,120.41055419921874,534,13.960000038146973,🔭LEAPS,HOLD,1
TSLA,2028-01-21,990.0,9.66,5780,60,58.31340515136718,534,327.3500061035156,🔭LEAPS,HOLD,1
IBIT,2026-09-18,54.0,0.03,5242,60,51.562984375,44,36.38999938964844,🚬菸屁股,HOLD,1
HIMS,2026-08-21,55.0,0.07,4043,60,115.234798828125,16,32.15999984741211,🚬菸屁股,HOLD,1
SMCI,2026-09-18,65.0,0.26,2180,59,109.96138769531252,44,31.690000534057617,🚬菸屁股,HOLD,1
SOFI,2026-10-16,35.0,0.06,6184,59,69.14093359375,72,18.700000762939453,🆕低基期(前日Vol2) 🚬菸屁股,HOLD,1
ACHR,2028-01-21,3.0,3.2,4041,59,100.09815576171874,534,5.309999942779541,🔭LEAPS,HOLD,1
ORCL,2026-09-18,400.0,0.14,4455,59,108.984830078125,44,145.74000549316406,🚬菸屁股,HOLD,1
MSTR,2027-01-15,1080.0,0.1,11960,58,118.75040625,163,97.6500015258789,🆕低基期(前日Vol15) 🚬菸屁股,HOLD,1
SMCI,2026-08-21,48.0,0.3,1462,58,125.19568652343749,16,31.690000534057617,🚀點火(2.8x) 🚬菸屁股 ⚠️尾段價外(51%) ⚠️暴動高IV(125%),BUY_WATCH,1
RKLB,2026-08-21,175.0,0.03,4745,58,134.37532812499998,16,74.4800033569336,🚬菸屁股,HOLD,1
DKNG,2026-09-18,32.5,0.2,2319,58,64.9417568359375,44,23.610000610351562,🆕低基期(前日Vol18) 🚬菸屁股,HOLD,1
DKNG,2026-12-18,35.0,0.79,2886,58,62.40271972656251,135,23.610000610351562,🚬菸屁股,HOLD,1
DKNG,2027-01-15,45.0,0.32,5571,58,65.7229990234375,163,23.610000610351562,🆕低基期(前日Vol2) 🚬菸屁股,HOLD,1
PFE,2026-12-18,31.0,0.19,2773,58,26.12378564453125,135,25.40999984741211,🚬菸屁股,HOLD,1
F,2026-12-18,20.0,0.15,1043,58,40.918559570312496,135,14.239999771118164,🚬菸屁股,HOLD,1
BAC,2027-01-15,75.0,0.83,5987,58,24.732197998046875,163,62.900001525878906,🚬菸屁股,HOLD,1
PLTR,2028-01-21,210.0,34.51,9004,57,62.559883682250984,534,162.66000366210938,🆕低基期(前日Vol14) 🔭LEAPS,HOLD,1
OPEN,2026-11-20,10.0,0.17,7863,57,119.141029296875,107,4.119999885559082,🆕低基期(前日Vol17) 🚬菸屁股,HOLD,1
T,2026-12-18,27.0,0.5,7211,57,29.10227148437499,135,23.3799991607666,🚬菸屁股,HOLD,1
META,2026-08-21,1200.0,0.01,750,57,92.187578125,16,587.9400024414062,🚬菸屁股,HOLD,1
IBIT,2027-01-15,55.0,0.47,16651,56,43.87263159179688,163,36.38999938964844,🚬菸屁股,HOLD,1
IBIT,2028-06-16,5.0,31.8,5316,56,105.76218994140625,681,36.38999938964844,🔭LEAPS,HOLD,1
IONQ,2026-09-18,70.0,0.87,3509,56,109.08248583984377,44,41.720001220703125,🚬菸屁股,HOLD,1
NTLA,2026-08-21,13.0,0.3,1782,56,90.039162109375,16,11.319999694824219,🚬菸屁股,HOLD,1
VRT,2026-08-21,380.0,0.51,981,56,74.7072841796875,16,269.92999267578125,🚬菸屁股,HOLD,1
ORCL,2026-10-16,330.0,0.53,2551,56,83.83805224609374,72,145.74000549316406,🆕低基期(前日Vol2) 🚬菸屁股,HOLD,1
META,2026-08-21,725.0,0.62,1773,56,48.16946362304687,16,587.9400024414062,🚬菸屁股,HOLD,1
META,2026-09-18,820.0,0.68,1080,56,46.16753051757813,44,587.9400024414062,🚬菸屁股,HOLD,1
BAC,2026-12-18,75.0,0.53,2385,56,23.99978344726562,135,62.900001525878906,🚬菸屁股,HOLD,1
COIN,2027-01-15,880.0,0.11,13629,55,96.0937890625,163,150.72999572753906,🆕低基期(前日Vol1) 🚬菸屁股,HOLD,1
IREN,2026-10-16,110.0,0.34,2337,55,116.01604492187501,72,40.849998474121094,🚬菸屁股,HOLD,1
JOBY,2026-11-20,12.0,0.54,1530,55,89.55088574218748,107,7.96999979019165,🆕低基期(前日Vol2) 🚬菸屁股,HOLD,1
AMZN,2026-10-16,400.0,0.21,1063,55,36.74379663085938,72,277.4200134277344,🚬菸屁股,HOLD,1
F,2026-10-16,17.0,0.14,921,55,36.32876171875,72,14.239999771118164,🚬菸屁股,HOLD,1
IBIT,2027-01-15,110.0,0.05,29878,54,65.820654296875,163,36.38999938964844,🚬菸屁股,HOLD,1
PATH,2028-01-21,25.0,2.67,8228,54,77.29514892578125,534,14.100000381469727,🆕低基期(前日Vol5) 🔭LEAPS,HOLD,1
ONDS,2028-01-21,3.0,6.6,3102,54,103.32079589843752,534,8.859999656677246,🔭LEAPS,HOLD,1
LCID,2026-12-18,12.0,0.59,2269,54,75.97680273437501,135,7.78000020980835,🚬菸屁股,HOLD,1
F,2026-12-18,16.67,0.46,15906,54,37.5982802734375,135,14.239999771118164,🚬菸屁股,HOLD,1
TSLA,2027-01-15,990.0,0.91,13513,53,70.67900415039064,163,327.3500061035156,🚬菸屁股,HOLD,1
OPEN,2026-12-18,7.0,0.4,966,53,104.29735351562503,135,4.119999885559082,🚬菸屁股,HOLD,1
ONDS,2028-01-21,17.0,2.69,8849,53,106.98288696289065,534,8.859999656677246,🆕低基期(前日Vol12) 🔭LEAPS,HOLD,1
ORCL,2026-08-21,280.0,0.04,4475,53,106.25046875000001,16,145.74000549316406,🚬菸屁股,HOLD,1
ORCL,2026-08-21,390.0,0.04,2459,53,142.96903515625,16,145.74000549316406,🚬菸屁股,HOLD,1
META,2026-08-21,1370.0,0.01,1465,53,115.625421875,16,587.9400024414062,🚬菸屁股,HOLD,1
LCID,2027-01-15,25.0,0.13,1592,53,101.172369140625,163,7.78000020980835,🚬菸屁股,HOLD,1
OKLO,2026-09-18,80.0,0.57,1472,52,108.30123974609376,44,43.33000183105469,🚬菸屁股,HOLD,1
OKLO,2026-09-18,100.0,0.21,3012,52,109.96138769531252,44,43.33000183105469,🚬菸屁股,HOLD,1
PATH,2026-08-21,23.0,0.02,819,52,115.625421875,16,14.100000381469727,🆕低基期(前日Vol1) 🚬菸屁股,HOLD,1
HIMS,2026-08-21,42.0,0.66,3423,52,107.32468212890626,16,32.15999984741211,🚬菸屁股,HOLD,1
ONDS,2026-12-18,17.0,0.81,1525,52,113.96527392578126,135,8.859999656677246,🆕低基期(前日Vol10) 🚬菸屁股,HOLD,1
T,2026-12-18,35.0,0.03,1663,52,34.961587890625,135,23.3799991607666,🚬菸屁股,HOLD,1
PFE,2026-11-20,30.0,0.19,875,52,24.805439453125,107,25.40999984741211,🚬菸屁股,HOLD,1
PFE,2027-01-15,37.0,0.05,8128,52,28.906960937499992,163,25.40999984741211,🚬菸屁股,HOLD,1
LCID,2028-01-21,5.0,3.74,1878,52,62.793340820312515,534,7.78000020980835,🔭LEAPS,HOLD,1
ASTS,2026-09-18,180.0,0.46,8624,51,130.95737646484372,44,70.30999755859375,🚬菸屁股,HOLD,1
T,2027-01-15,27.0,0.55,20699,51,28.906960937499992,163,23.3799991607666,🚬菸屁股,HOLD,1
ORCL,2026-08-21,400.0,0.02,5814,51,146.09401953124998,16,145.74000549316406,🚬菸屁股,HOLD,1
OKLO,2026-09-18,105.0,0.2,991,50,120.50820996093749,44,43.33000183105469,🆕低基期(前日Vol2) 🚬菸屁股,HOLD,1
SOFI,2026-10-16,26.0,0.26,1787,50,56.1527822265625,72,18.700000762939453,🚬菸屁股,HOLD,1
DKNG,2026-12-18,65.0,0.03,1809,50,83.1056376953125,135,23.610000610351562,🚬菸屁股,HOLD,1
OPEN,2026-11-20,4.0,0.98,10590,50,102.34423828125001,107,4.119999885559082,🚬菸屁股,HOLD,1
AMZN,2026-10-16,410.0,0.17,1707,50,37.500625,72,277.4200134277344,🚬菸屁股,HOLD,1
F,2027-01-15,17.0,0.51,1898,50,37.94007373046875,163,14.239999771118164,🚬菸屁股,HOLD,1
BAC,2026-09-18,75.0,0.02,946,50,32.86199951171874,44,62.900001525878906,🚬菸屁股,HOLD,1
RIVN,2026-08-21,21.0,0.04,1364,50,69.5315546875,16,15.760000228881836,🚬菸屁股,HOLD,1
SOUN,2027-01-15,11.0,0.63,1452,50,96.0937890625,163,6.510000228881836,🚬菸屁股,HOLD,1
OKLO,2026-12-18,165.0,0.52,3220,49,113.18402783203125,135,43.33000183105469,🚬菸屁股,HOLD,1
ACHR,2028-01-21,20.0,0.7,6447,49,96.87503124999999,534,5.309999942779541,🆕低基期(前日Vol6) 🔭LEAPS,HOLD,1
SMR,2028-01-21,15.0,3.6,7940,49,109.32662524414063,534,9.489999771118164,🔭LEAPS,HOLD,1
T,2028-01-21,23.0,3.38,8476,49,29.63937548828125,534,23.3799991607666,🆕低基期(前日Vol13) 🔭LEAPS,HOLD,1
META,2026-08-21,1030.0,0.02,1282,49,78.9064609375,16,587.9400024414062,🚬菸屁股,HOLD,1
META,2026-08-21,1280.0,0.04,758,49,108.59420703125,16,587.9400024414062,🚬菸屁股,HOLD,1
SOFI,2028-06-16,27.0,4.6,4460,48,67.8836219482422,681,18.700000762939453,🔭LEAPS,HOLD,1
DKNG,2028-01-21,65.0,0.87,4649,48,57.812921875,534,23.610000610351562,🆕低基期(前日Vol17) 🔭LEAPS,HOLD,1
XYZ,2027-01-15,145.0,0.75,23314,48,50.56201782226562,163,84.63999938964844,🆕低基期(前日Vol1) 🚬菸屁股,HOLD,1
HIMS,2026-08-21,48.0,0.15,958,48,117.96916015624998,16,32.15999984741211,🚬菸屁股,HOLD,1
LUNR,2028-01-21,10.0,8.69,1039,48,128.27184301757814,534,13.960000038146973,🆕低基期(前日Vol14) 🔭LEAPS,HOLD,1
IBM,2026-08-21,295.0,0.23,2602,48,52.4418818359375,16,235.14999389648438,🆕低基期(前日Vol12) 🚬菸屁股,HOLD,1
IBM,2026-08-21,310.0,0.15,1641,48,52.539537109375004,16,235.14999389648438,🆕低基期(前日Vol7) 🚬菸屁股,HOLD,1
T,2026-09-18,28.0,0.05,17541,48,31.055376953125,44,23.3799991607666,🚬菸屁股,HOLD,1
META,2026-08-21,1320.0,0.01,835,48,110.9379453125,16,587.9400024414062,🚬菸屁股,HOLD,1
IBIT,2026-09-18,46.0,0.12,14275,47,40.62559375,44,36.38999938964844,🚬菸屁股,HOLD,1
UPST,2028-01-21,42.5,9.06,2082,47,86.37708935546875,534,30.31999969482422,🆕低基期(前日Vol2) 🔭LEAPS,HOLD,1
XYZ,2026-09-18,115.0,0.47,1164,47,53.76022802734376,44,84.63999938964844,🚬菸屁股,HOLD,1
RIVN,2026-09-18,25.0,0.07,17079,47,71.87528125,44,15.760000228881836,🚬菸屁股,HOLD,1
ACHR,2028-01-21,2.0,3.75,1072,46,93.945373046875,534,5.309999942779541,🔭LEAPS,HOLD,1
LCID,2027-01-15,13.0,0.82,3019,46,90.1368173828125,163,7.78000020980835,🚬菸屁股,HOLD,1
ASTS,2026-08-21,115.0,0.6,2888,45,129.6878515625,16,70.30999755859375,🚬菸屁股,HOLD,1
ONDS,2026-12-18,18.0,0.71,2925,45,114.16058544921874,135,8.859999656677246,🆕低基期(前日Vol16) 🚬菸屁股,HOLD,1
LUNR,2026-08-21,19.0,0.45,2608,45,141.01591992187502,16,13.960000038146973,🚬菸屁股,HOLD,1
OKLO,2027-01-15,260.0,0.35,5358,44,119.58048022460939,163,43.33000183105469,🆕低基期(前日Vol1) 🚬菸屁股,HOLD,1
DKNG,2026-09-18,35.0,0.15,5342,44,68.555001953125,44,23.610000610351562,🚬菸屁股,HOLD,1
LUNR,2026-09-18,30.0,0.18,2939,44,126.75817871093749,44,13.960000038146973,🚬菸屁股,HOLD,1
RIVN,2026-10-16,25.0,0.18,2909,44,67.57844921875001,72,15.760000228881836,🚬菸屁股,HOLD,1
SMCI,2028-01-21,100.0,4.58,3990,43,92.43171630859376,534,31.690000534057617,🆕低基期(前日Vol5) 🔭LEAPS,HOLD,1
SOFI,2028-06-16,13.0,9.34,3900,43,74.09693872070311,681,18.700000762939453,🔭LEAPS,HOLD,1
T,2028-01-21,25.0,2.47,8988,43,28.955788574218744,534,23.3799991607666,🔭LEAPS,HOLD,1
RIVN,2026-08-21,30.0,0.01,1696,43,115.625421875,16,15.760000228881836,🚬菸屁股,HOLD,1
IONQ,2028-01-21,80.0,11.6,1745,42,99.95117236328124,534,41.720001220703125,🔭LEAPS,HOLD,1
IONQ,2028-01-21,140.0,6.84,902,42,98.58399853515625,534,41.720001220703125,🔭LEAPS,HOLD,1
TDOC,2027-01-15,17.5,0.12,3166,42,89.64854101562499,163,6.710000038146973,🆕低基期(前日Vol7) 🚬菸屁股,HOLD,1
JOBY,2026-08-21,12.0,0.03,3470,42,109.375453125,16,7.96999979019165,🆕低基期(前日Vol3) 🚬菸屁股,HOLD,1
JOBY,2028-01-21,17.0,1.75,2479,42,84.47281152343749,534,7.96999979019165,🔭LEAPS,HOLD,1
T,2028-01-21,37.0,0.4,902,42,29.492892578124994,534,23.3799991607666,🔭LEAPS,HOLD,1
RIVN,2027-01-15,35.0,0.31,12360,42,76.66038964843752,163,15.760000228881836,🚬菸屁股,HOLD,1
TDOC,2026-08-21,12.0,0.01,2161,41,137.50031249999998,16,6.710000038146973,🚬菸屁股,HOLD,1
HIMS,2028-01-21,90.0,5.81,4311,41,96.0815821533203,534,32.15999984741211,🔭LEAPS,HOLD,1
ORCL,2026-09-18,280.0,0.55,4636,41,92.23640576171876,44,145.74000549316406,🚬菸屁股,HOLD,1
TSLA,2028-01-21,850.0,12.85,5749,40,57.02862796020508,534,327.3500061035156,🆕低基期(前日Vol8) 🔭LEAPS,HOLD,1
SOFI,2026-09-18,35.0,0.03,6637,40,78.51583984375,44,18.700000762939453,🚬菸屁股,HOLD,1
IREN,2026-12-18,120.0,0.95,4057,40,113.7455484619141,135,40.849998474121094,🚬菸屁股,HOLD,1
NTLA,2027-01-15,25.0,0.4,1890,40,91.8946123046875,163,11.319999694824219,🚬菸屁股,HOLD,1
PACB,2026-12-18,2.0,0.15,1240,40,124.60975195312498,135,1.440000057220459,🆕低基期(前日Vol4) 🚬菸屁股,HOLD,1
PACB,2027-01-15,5.0,0.05,3385,40,117.96916015624998,163,1.440000057220459,🚬菸屁股,HOLD,1
ONDS,2026-09-18,19.0,0.1,1289,40,130.85972070312496,44,8.859999656677246,🆕低基期(前日Vol16) 🚬菸屁股,HOLD,1
LUNR,2026-12-18,40.0,0.63,1402,40,125.68396533203124,135,13.960000038146973,🆕低基期(前日Vol6) 🚬菸屁股,HOLD,1
SMR,2028-01-21,20.0,2.9,4506,40,108.30123974609376,534,9.489999771118164,🔭LEAPS,HOLD,1
T,2027-01-15,28.0,0.37,1425,40,31.00654931640625,163,23.3799991607666,🚬菸屁股,HOLD,1
PFE,2026-08-21,30.0,0.01,3666,40,33.5944140625,16,25.40999984741211,🚬菸屁股,HOLD,1
IBIT,2026-10-16,105.0,0.03,8895,39,88.67198828125,72,36.38999938964844,🚬菸屁股,HOLD,1
INTC,2028-01-21,60.0,55.75,10482,39,87.2926075439453,534,100.86000061035156,🆕低基期(前日Vol15) 🔭LEAPS,HOLD,1
SMR,2028-01-21,5.0,6.15,1855,39,115.625421875,534,9.489999771118164,🔭LEAPS,HOLD,1
ORCL,2026-08-21,240.0,0.1,4353,39,89.257919921875,16,145.74000549316406,🚬菸屁股,HOLD,1
LCID,2026-11-20,10.0,0.95,1700,39,84.66812207031249,107,7.78000020980835,🚬菸屁股,HOLD,1
IBIT,2028-01-21,100.0,0.8,14402,38,51.294432373046874,534,36.38999938964844,🔭LEAPS,HOLD,1
UPST,2028-01-21,105.0,2.7,916,38,83.61832788085937,534,30.31999969482422,🆕低基期(前日Vol2) 🔭LEAPS,HOLD,1
PATH,2028-01-21,22.0,3.15,3446,38,74.90259472656251,534,14.100000381469727,🆕低基期(前日Vol1) 🔭LEAPS,HOLD,1
TDOC,2027-01-15,10.0,0.4,10757,38,71.3870048828125,163,6.710000038146973,🚬菸屁股,HOLD,1
ONDS,2027-01-15,17.0,0.9,7835,38,111.42622412109375,163,8.859999656677246,🚬菸屁股,HOLD,1
ONDS,2028-01-21,4.0,5.95,4483,38,92.773509765625,534,8.859999656677246,🔭LEAPS,HOLD,1
LUNR,2026-09-18,25.0,0.38,1879,38,124.02381738281247,44,13.960000038146973,🚬菸屁股,HOLD,1
SMR,2028-01-21,13.0,3.89,3196,38,107.81296093750001,534,9.489999771118164,🔭LEAPS,HOLD,1
ORCL,2026-09-18,350.0,0.24,3095,38,108.59420703125,44,145.74000549316406,🆕低基期(前日Vol7) 🚬菸屁股,HOLD,1
PFE,2028-01-21,40.0,0.34,16737,38,26.270268554687505,534,25.40999984741211,🔭LEAPS,HOLD,1
F,2026-09-18,21.0,0.02,10509,38,51.562984375,44,14.239999771118164,🚬菸屁股,HOLD,1
F,2026-12-18,19.0,0.24,1618,38,39.649041015625,135,14.239999771118164,🚬菸屁股,HOLD,1
MSTR,2026-09-18,280.0,0.09,5707,37,117.3832255859375,44,97.6500015258789,🚬菸屁股,HOLD,1
SMCI,2026-12-18,120.0,0.33,11303,37,108.69186279296876,135,31.690000534057617,🆕低基期(前日Vol1) 🚬菸屁股,HOLD,1
SOFI,2028-01-21,45.0,1.56,4374,37,66.45541357421877,534,18.700000762939453,🔭LEAPS,HOLD,1
OPEN,2028-01-21,2.0,2.7,2378,37,120.3128984375,534,4.119999885559082,🔭LEAPS,HOLD,1
SMR,2026-08-21,17.0,0.05,1331,37,139.06280468749998,16,9.489999771118164,🚬菸屁股,HOLD,1
SMR,2027-01-15,30.0,0.39,5458,37,116.60197949218751,163,9.489999771118164,🚬菸屁股,HOLD,1
VRT,2026-08-21,400.0,0.2,2011,37,75.97680273437501,16,269.92999267578125,🆕低基期(前日Vol2) 🚬菸屁股,HOLD,1
PFE,2026-12-18,40.0,0.03,19632,37,33.399103515625,135,25.40999984741211,🚬菸屁股,HOLD,1
NVDA,2026-09-18,310.0,0.27,6353,36,50.39112109375,44,211.94000244140625,🚬菸屁股,HOLD,1
SOFI,2027-01-15,47.0,0.1,22116,36,69.14093359375,163,18.700000762939453,🚬菸屁股,HOLD,1
BAC,2027-01-15,80.0,0.36,2409,36,24.585715087890627,163,62.900001525878906,🚬菸屁股,HOLD,1
NVDA,2028-01-21,280.0,26.39,8296,35,46.18889260864258,534,211.94000244140625,🔭LEAPS,HOLD,1
SOFI,2028-01-21,47.0,1.43,6965,35,66.57748266601564,534,18.700000762939453,🔭LEAPS,HOLD,1
SMR,2026-11-20,17.0,0.69,1447,35,111.5238798828125,107,9.489999771118164,🚬菸屁股,HOLD,1
SOUN,2028-01-21,12.0,1.65,5048,35,90.86923193359374,534,6.510000228881836,🔭LEAPS,HOLD,1
TSLA,2027-01-15,950.0,0.98,16886,34,69.50714086914063,163,327.3500061035156,🆕低基期(前日Vol6) 🚬菸屁股,HOLD,1
PACB,2028-01-21,1.5,0.73,5583,34,110.54732226562503,534,1.440000057220459,🆕低基期(前日Vol3) 🔭LEAPS,HOLD,1
CRWV,2026-08-21,170.0,0.18,864,34,128.90660546875,16,91.9000015258789,🚬菸屁股,HOLD,1
IBM,2026-08-21,330.0,0.06,761,34,59.375406250000005,16,235.14999389648438,🚬菸屁股,HOLD,1
NVDA,2028-01-21,240.0,38.1,9034,33,47.04032452392578,534,211.94000244140625,🔭LEAPS,HOLD,1
PATH,2026-09-18,19.0,0.41,801,33,91.6993017578125,44,14.100000381469727,🚬菸屁股,HOLD,1
TDOC,2028-01-21,10.0,1.43,2468,33,71.04521142578125,534,6.710000038146973,🆕低基期(前日Vol5) 🔭LEAPS,HOLD,1
PACB,2028-01-21,2.0,0.55,4831,33,110.9379453125,534,1.440000057220459,🆕低基期(前日Vol3) 🔭LEAPS,HOLD,1
BAC,2026-12-18,80.0,0.13,1181,33,24.36599072265625,135,62.900001525878906,🚬菸屁股,HOLD,1
RIVN,2026-08-21,22.0,0.03,1998,33,71.87528125,16,15.760000228881836,🚬菸屁股,HOLD,1
TSLA,2026-09-18,700.0,0.18,6372,32,80.5666005859375,44,327.3500061035156,🚬菸屁股,HOLD,1
NVDA,2028-01-21,320.0,18.15,6988,32,45.80284910583497,534,211.94000244140625,🔭LEAPS,HOLD,1
IBIT,2026-10-16,59.0,0.08,7817,32,52.3442265625,72,36.38999938964844,🚬菸屁股,HOLD,1
ASTS,2026-09-18,190.0,0.33,1372,32,131.54331103515622,44,70.30999755859375,🆕低基期(前日Vol3) 🚬菸屁股,HOLD,1
UPST,2027-01-15,70.0,0.62,1619,32,86.27943408203124,163,30.31999969482422,🚬菸屁股,HOLD,1
SOFI,2026-12-18,37.0,0.18,1649,32,71.7776259765625,135,18.700000762939453,🆕低基期(前日Vol1) 🚬菸屁股,HOLD,1
NTLA,2026-09-18,17.0,0.25,1796,32,85.54701953125,44,11.319999694824219,🆕低基期(前日Vol6) 🚬菸屁股,HOLD,1
PACB,2026-09-18,2.0,0.1,1272,32,95.312546875,44,1.440000057220459,🆕低基期(前日Vol6) 🚬菸屁股,HOLD,1
JOBY,2026-08-21,7.5,0.93,885,32,97.070341796875,16,7.96999979019165,🚬菸屁股,HOLD,1
JOBY,2027-01-15,22.0,0.18,6342,32,92.38288867187501,163,7.96999979019165,🆕低基期(前日Vol4) 🚬菸屁股,HOLD,1
META,2026-12-18,1240.0,0.87,1854,32,51.84374328613281,135,587.9400024414062,🚬菸屁股,HOLD,1
PFE,2028-01-21,22.0,4.75,5958,32,24.75661181640625,534,25.40999984741211,🔭LEAPS,HOLD,1
SOUN,2028-01-21,3.0,4.0,1278,32,85.937640625,534,6.510000228881836,🔭LEAPS,HOLD,1
MSTR,2026-08-21,160.0,0.11,5447,31,99.2187578125,16,97.6500015258789,🚬菸屁股,HOLD,1
SMCI,2026-08-21,43.0,0.58,1216,31,118.55509472656249,16,31.690000534057617,🆕低基期(前日Vol1) 🚬菸屁股,HOLD,1
SOFI,2026-11-20,36.0,0.14,925,31,65.820654296875,107,18.700000762939453,🚬菸屁股,HOLD,1
SOFI,2028-01-21,35.0,2.47,15680,31,66.2356892089844,534,18.700000762939453,🔭LEAPS,HOLD,1
DKNG,2026-12-18,43.0,0.3,5458,31,66.30893066406252,135,23.610000610351562,🆕低基期(前日Vol8) 🚬菸屁股,HOLD,1
TDOC,2028-01-21,17.0,0.63,1133,31,73.92604199218749,534,6.710000038146973,🆕低基期(前日Vol1) 🔭LEAPS,HOLD,1
SMR,2028-01-21,25.0,2.4,2868,31,108.83834643554687,534,9.489999771118164,🔭LEAPS,HOLD,1
ORCL,2026-09-18,480.0,0.21,3224,31,130.85972070312496,44,145.74000549316406,🚬菸屁股,HOLD,1
META,2026-08-21,1340.0,0.01,1329,31,122.266013671875,16,587.9400024414062,🚬菸屁股,HOLD,1
META,2027-01-15,1480.0,0.55,2665,31,53.78464184570313,163,587.9400024414062,🚬菸屁股,HOLD,1
SOUN,2026-08-21,12.0,0.03,2122,31,148.4377578125,16,6.510000228881836,🚬菸屁股,HOLD,1
ASTS,2026-08-21,140.0,0.14,1261,30,148.828380859375,16,70.30999755859375,🚬菸屁股,HOLD,1
PATH,2028-01-21,17.0,4.35,2746,30,76.78245874023439,534,14.100000381469727,🔭LEAPS,HOLD,1
HOOD,2027-01-15,230.0,0.92,1201,30,75.04907763671875,163,93.51000213623047,🆕低基期(前日Vol3) 🚬菸屁股,HOLD,1
JOBY,2026-10-16,14.0,0.11,1704,30,91.60164648437501,72,7.96999979019165,🚬菸屁股,HOLD,1
T,2026-12-18,28.0,0.31,2327,30,29.053443847656247,135,23.3799991607666,🚬菸屁股,HOLD,1
T,2026-12-18,32.0,0.08,2819,30,31.836619140624993,135,23.3799991607666,🚬菸屁股,HOLD,1
ORCL,2026-09-18,440.0,0.13,1070,30,125.19568652343749,44,145.74000549316406,🚬菸屁股,HOLD,1
META,2026-09-18,1450.0,0.03,1757,30,76.562734375,44,587.9400024414062,🚬菸屁股,HOLD,1
F,2026-12-18,25.0,0.1,781,30,52.734847656250004,135,14.239999771118164,🚬菸屁股,HOLD,1
IBIT,2027-01-15,115.0,0.05,5619,29,67.18782812500001,163,36.38999938964844,🆕低基期(前日Vol2) 🚬菸屁股,HOLD,1
OKLO,2026-08-21,75.0,0.14,5681,29,124.60975195312498,16,43.33000183105469,🚬菸屁股,HOLD,1
OKLO,2026-09-18,75.0,0.68,2009,29,105.17625537109376,44,43.33000183105469,🚬菸屁股,HOLD,1
UPST,2026-09-18,45.0,0.5,3492,29,85.4493642578125,44,30.31999969482422,🚬菸屁股,HOLD,1
DKNG,2026-08-21,35.0,0.04,8712,29,84.37515624999999,16,23.610000610351562,🚬菸屁股,HOLD,1
IREN,2028-01-21,90.0,11.7,9518,29,104.19969775390628,534,40.849998474121094,🔭LEAPS,HOLD,1
U,2027-01-15,70.0,0.93,2761,29,72.3635576171875,163,35.220001220703125,🚬菸屁股,HOLD,1
ONDS,2028-01-21,2.0,7.03,1300,29,138.67218164062498,534,8.859999656677246,🆕低基期(前日Vol2) 🔭LEAPS,HOLD,1
JOBY,2026-11-20,13.0,0.4,1538,29,91.992267578125,107,7.96999979019165,🚬菸屁股,HOLD,1
SMR,2027-01-15,40.0,0.24,7329,29,119.922275390625,163,9.489999771118164,🚬菸屁股,HOLD,1
CRWV,2026-09-18,280.0,0.09,4744,29,115.625421875,44,91.9000015258789,🚬菸屁股,HOLD,1
AMZN,2026-08-21,335.0,0.1,7829,29,39.111937011718744,16,277.4200134277344,🚬菸屁股,HOLD,1
META,2026-08-21,990.0,0.02,1073,29,77.3439765625,16,587.9400024414062,🚬菸屁股,HOLD,1
NVDA,2026-10-16,350.0,0.29,7777,28,50.34229345703125,72,211.94000244140625,🚬菸屁股,HOLD,1
NVDA,2027-01-15,420.0,0.57,11011,28,49.19484399414063,163,211.94000244140625,🚬菸屁股,HOLD,1
SMCI,2027-01-15,100.0,0.66,4811,28,100.1958115234375,163,31.690000534057617,🆕低基期(前日Vol7) 🚬菸屁股,HOLD,1
OKLO,2028-01-21,200.0,5.68,16638,28,104.83446020507814,534,43.33000183105469,🆕低基期(前日Vol11) 🔭LEAPS,HOLD,1
IREN,2026-09-18,85.0,0.49,4202,28,120.50820996093749,44,40.849998474121094,🚬菸屁股,HOLD,1
OPEN,2026-12-18,8.0,0.31,998,28,108.7895185546875,135,4.119999885559082,🆕低基期(前日Vol5) 🚬菸屁股,HOLD,1
OKLO,2026-09-18,140.0,0.12,1812,27,134.76595117187497,44,43.33000183105469,🆕低基期(前日Vol2) 🚬菸屁股,HOLD,1
IONQ,2026-09-18,75.0,0.64,1754,27,110.64497802734377,44,41.720001220703125,🚬菸屁股,HOLD,1
IONQ,2026-09-18,90.0,0.29,1787,27,112.89106054687501,44,41.720001220703125,🚬菸屁股,HOLD,1
UPST,2028-01-21,35.0,10.87,1119,27,83.89908679199219,534,30.31999969482422,🔭LEAPS,HOLD,1
DKNG,2027-01-15,50.0,0.21,15173,27,61.62147753906251,163,23.610000610351562,🆕低基期(前日Vol2) 🚬菸屁股,HOLD,1
U,2026-08-21,55.0,0.07,5462,27,98.82813671875,16,35.220001220703125,🚬菸屁股,HOLD,1
PATH,2026-08-21,25.0,0.01,834,27,128.90660546875,16,14.100000381469727,🚬菸屁股,HOLD,1
HOOD,2026-09-18,165.0,0.21,1165,27,76.17211328125,44,93.51000213623047,🚬菸屁股,HOLD,1
HIMS,2027-01-15,105.0,0.66,12495,27,106.93405908203127,163,32.15999984741211,🆕低基期(前日Vol10) 🚬菸屁股,HOLD,1
LUNR,2028-01-21,32.0,4.6,1243,27,119.04337353515623,534,13.960000038146973,🆕低基期(前日Vol2) 🔭LEAPS,HOLD,1
SMR,2028-01-21,30.0,1.93,3261,27,108.13034216308593,534,9.489999771118164,🔭LEAPS,HOLD,1
NNE,2026-08-21,25.0,0.15,1385,27,105.85984570312502,16,18.170000076293945,🚬菸屁股,HOLD,1
AMZN,2026-09-18,410.0,0.03,1144,27,38.67248828125,44,277.4200134277344,🚬菸屁股,HOLD,1
F,2026-10-16,18.0,0.08,2321,27,40.820904296875,72,14.239999771118164,🚬菸屁股,HOLD,1
NVDA,2028-01-21,195.0,57.1,6979,26,49.713637634277354,534,211.94000244140625,🔭LEAPS,HOLD,1
IBIT,2028-01-21,62.0,2.91,5620,26,49.86622399902344,534,36.38999938964844,🔭LEAPS,HOLD,1
OKLO,2026-10-16,165.0,0.11,2514,26,121.875390625,72,43.33000183105469,🚬菸屁股,HOLD,1
OKLO,2028-01-21,260.0,4.56,2353,26,107.1049566650391,534,43.33000183105469,🆕低基期(前日Vol1) 🔭LEAPS,HOLD,1
VST,2026-08-21,210.0,0.17,1802,26,78.12521875,16,143.22999572753906,🚬菸屁股,HOLD,1
SOFI,2026-09-18,45.0,0.02,7253,26,95.312546875,44,18.700000762939453,🚬菸屁股,HOLD,1
JOBY,2027-01-15,35.0,0.06,2416,26,105.46922265625001,163,7.96999979019165,🚬菸屁股,HOLD,1
META,2026-08-21,745.0,0.44,985,26,50.24463818359376,16,587.9400024414062,🚬菸屁股,HOLD,1
LCID,2028-01-21,40.0,0.25,1794,26,80.07832421875,534,7.78000020980835,🔭LEAPS,HOLD,1
RIVN,2028-01-21,30.0,2.6,14787,26,73.95045581054687,534,15.760000228881836,🔭LEAPS,HOLD,1
SOUN,2027-01-15,27.0,0.12,2135,26,115.8207333984375,163,6.510000228881836,🚬菸屁股,HOLD,1
NVDA,2028-01-21,190.0,59.17,8323,25,50.18665536499024,534,211.94000244140625,🔭LEAPS,HOLD,1
MSFT,2026-12-18,675.0,3.42,37459,25,34.38175970458984,135,492.80999755859375,🔥萬人塚 🏛️機構場,HOLD,1
OKLO,2026-10-16,130.0,0.3,3003,25,113.8676181640625,72,43.33000183105469,🚬菸屁股,HOLD,1
SOFI,2026-09-18,29.0,0.06,907,25,65.23472265625001,44,18.700000762939453,🚬菸屁股,HOLD,1
SOFI,2027-01-15,37.0,0.24,3188,25,61.133201171875015,163,18.700000762939453,🚬菸屁股,HOLD,1
IREN,2026-09-18,75.0,0.78,6145,25,119.922275390625,44,40.849998474121094,🚬菸屁股,HOLD,1
IREN,2026-09-18,105.0,0.17,1462,25,119.53165234375001,44,40.849998474121094,🚬菸屁股,HOLD,1
IREN,2028-01-21,105.0,10.21,1739,25,104.48045806884767,534,40.849998474121094,🔭LEAPS,HOLD,1
HOOD,2026-10-16,165.0,0.48,1084,25,73.97486962890623,72,93.51000213623047,🚬菸屁股,HOLD,1
HOOD,2027-01-15,290.0,0.36,4171,25,78.32052929687501,163,93.51000213623047,🚬菸屁股,HOLD,1
NTLA,2028-01-21,12.5,4.45,1054,25,93.7500625,534,11.319999694824219,🔭LEAPS,HOLD,1
JOBY,2027-01-15,17.0,0.33,6009,25,87.89074609375,163,7.96999979019165,🆕低基期(前日Vol7) 🚬菸屁股,HOLD,1
JOBY,2027-01-15,40.0,0.06,5287,25,107.81296093750001,163,7.96999979019165,🚬菸屁股,HOLD,1
SMR,2026-11-20,20.0,0.46,4955,25,114.45355273437498,107,9.489999771118164,🆕低基期(前日Vol8) 🚬菸屁股,HOLD,1
SMR,2027-01-15,35.0,0.3,3119,25,117.96916015624998,163,9.489999771118164,🚬菸屁股,HOLD,1
ORCL,2026-09-18,450.0,0.21,1139,25,126.26989990234374,44,145.74000549316406,🚬菸屁股,HOLD,1
IONQ,2026-08-21,80.0,0.05,1516,24,121.09414453124998,16,41.720001220703125,🚬菸屁股,HOLD,1
HIMS,2026-08-21,41.0,0.8,836,24,112.59809326171877,16,32.15999984741211,🚬菸屁股,HOLD,1
ACHR,2026-10-16,13.0,0.05,3591,24,107.81296093750001,72,5.309999942779541,🚬菸屁股,HOLD,1
SMR,2027-01-15,22.0,0.66,2963,24,110.9379453125,163,9.489999771118164,🚬菸屁股,HOLD,1
T,2028-01-21,27.0,1.88,7070,24,28.613995117187496,534,23.3799991607666,🔭LEAPS,HOLD,1
AMZN,2026-08-21,340.0,0.07,3269,24,39.3560751953125,16,277.4200134277344,🚬菸屁股,HOLD,1
F,2028-01-21,12.0,3.64,9000,24,39.404902832031254,534,14.239999771118164,🔭LEAPS,HOLD,1
RIVN,2028-01-21,10.0,8.2,1883,24,80.664255859375,534,15.760000228881836,🔭LEAPS,HOLD,1
SOUN,2028-01-21,17.0,1.21,2232,24,93.2617861328125,534,6.510000228881836,🔭LEAPS,HOLD,1
NVDA,2028-01-21,260.0,31.6,8834,23,46.31859101867676,534,211.94000244140625,🔭LEAPS,HOLD,1
OKLO,2028-01-21,150.0,7.35,1462,23,103.29638195800786,534,43.33000183105469,🆕低基期(前日Vol7) 🔭LEAPS,HOLD,1
UPST,2026-09-18,70.0,0.07,995,23,103.51610742187502,44,30.31999969482422,🆕低基期(前日Vol1) 🚬菸屁股,HOLD,1
SOFI,2028-01-21,8.0,11.75,1666,23,81.78729150390623,534,18.700000762939453,🆕低基期(前日Vol3) 🔭LEAPS,HOLD,1
LUNR,2026-08-21,18.0,0.59,1377,23,142.578412109375,16,13.960000038146973,🚬菸屁股,HOLD,1
JOBY,2026-08-21,14.0,0.01,2830,23,117.1879140625,16,7.96999979019165,🆕低基期(前日Vol1) 🚬菸屁股,HOLD,1
IBM,2026-08-21,290.0,0.23,4782,23,47.7544287109375,16,235.14999389648438,🚬菸屁股,HOLD,1
IBM,2026-09-18,330.0,0.36,1342,23,49.48780981445313,44,235.14999389648438,🚬菸屁股,HOLD,1
META,2026-08-21,780.0,0.25,2498,23,53.71140039062501,16,587.9400024414062,🚬菸屁股,HOLD,1
NVDA,2028-01-21,350.0,14.0,28386,22,45.467159103393556,534,211.94000244140625,🔭LEAPS,HOLD,1
IBIT,2028-06-16,40.0,9.55,6048,22,54.96871203613283,681,36.38999938964844,🆕低基期(前日Vol5) 🔭LEAPS,HOLD,1
SMCI,2026-09-18,80.0,0.07,2434,22,122.65663671875001,44,31.690000534057617,🚬菸屁股,HOLD,1
IONQ,2026-09-18,80.0,0.49,4013,22,115.625421875,44,41.720001220703125,🚬菸屁股,HOLD,1
PATH,2027-01-15,22.0,0.93,7624,22,79.0041162109375,163,14.100000381469727,🚬菸屁股,HOLD,1
HOOD,2026-08-21,155.0,0.08,1265,22,89.062609375,16,93.51000213623047,🆕低基期(前日Vol4) 🚬菸屁股,HOLD,1
HOOD,2026-12-18,290.0,0.34,10010,22,83.44743115234373,135,93.51000213623047,🚬菸屁股,HOLD,1
LUNR,2026-09-18,45.0,0.05,849,22,142.96903515625,44,13.960000038146973,🚬菸屁股,HOLD,1
JOBY,2028-01-21,3.0,5.62,1423,22,66.60189648437502,534,7.96999979019165,🔭LEAPS,HOLD,1
META,2026-08-21,860.0,0.09,777,22,63.37927246093751,16,587.9400024414062,🚬菸屁股,HOLD,1
NVDA,2026-09-18,420.0,0.03,7718,21,65.23472265625001,44,211.94000244140625,🆕低基期(前日Vol5) 🚬菸屁股,HOLD,1
AAPL,2026-09-18,530.0,0.01,9390,21,50.0005,44,309.3800048828125,🚬菸屁股,HOLD,1
SMCI,2026-09-18,85.0,0.08,2612,21,125.39099804687498,44,31.690000534057617,🆕低基期(前日Vol1) 🚬菸屁股,HOLD,1
RKLB,2026-08-21,135.0,0.09,962,21,117.96916015624998,16,74.4800033569336,🚬菸屁股,HOLD,1
UPST,2028-01-21,40.0,9.58,2405,21,85.73012316894531,534,30.31999969482422,🔭LEAPS,HOLD,1
U,2028-01-21,65.0,6.19,1823,21,76.62376892089844,534,35.220001220703125,🔭LEAPS,HOLD,1
OPEN,2026-10-16,10.0,0.06,9601,21,127.34411328124997,72,4.119999885559082,🚬菸屁股,HOLD,1
ONDS,2026-09-18,18.0,0.12,10565,21,122.266013671875,44,8.859999656677246,🚬菸屁股,HOLD,1
IBM,2026-08-21,470.0,0.01,1257,21,108.984830078125,16,235.14999389648438,🚬菸屁股,HOLD,1
IBM,2026-09-18,340.0,0.35,1022,21,50.537604003906246,44,235.14999389648438,🆕低基期(前日Vol8) 🚬菸屁股,HOLD,1
PFE,2026-12-18,35.0,0.07,8873,21,27.930408203124994,135,25.40999984741211,🚬菸屁股,HOLD,1
LCID,2026-12-18,35.0,0.08,1718,21,117.57853710937498,135,7.78000020980835,🚬菸屁股,HOLD,1
F,2026-09-18,25.0,0.01,3823,21,59.375406250000005,44,14.239999771118164,🚬菸屁股,HOLD,1
RIVN,2027-01-15,26.0,0.68,3243,21,70.84990087890624,163,15.760000228881836,🚬菸屁股,HOLD,1
NVDA,2026-09-18,290.0,0.48,7135,20,47.14408325195312,44,211.94000244140625,🚬菸屁股,HOLD,1
IONQ,2026-09-18,120.0,0.08,1578,20,141.797166015625,44,41.720001220703125,🚬菸屁股,HOLD,1
IONQ,2028-01-21,100.0,9.6,957,20,99.38965454101563,534,41.720001220703125,🆕低基期(前日Vol3) 🔭LEAPS,HOLD,1
UPST,2026-10-16,45.0,0.99,1127,20,80.12715185546875,72,30.31999969482422,🚬菸屁股,HOLD,1
SOFI,2028-06-16,45.0,2.29,4893,20,67.92024267578127,681,18.700000762939453,🔭LEAPS,HOLD,1
DKNG,2026-12-18,80.0,0.11,871,20,83.20329296874999,135,23.610000610351562,🚬菸屁股,HOLD,1
U,2028-01-21,50.0,8.72,1605,20,76.00121655273439,534,35.220001220703125,🔭LEAPS,HOLD,1
OPEN,2026-10-16,9.0,0.07,1602,20,119.53165234375001,72,4.119999885559082,🚬菸屁股,HOLD,1
HIMS,2026-08-21,44.0,0.49,1780,20,112.89106054687501,16,32.15999984741211,🚬菸屁股,HOLD,1
HIMS,2028-01-21,40.0,12.0,6829,20,94.61675305175781,534,32.15999984741211,🔭LEAPS,HOLD,1
LUNR,2026-09-18,37.0,0.1,1287,20,139.06280468749998,44,13.960000038146973,🚬菸屁股,HOLD,1
JOBY,2028-01-21,25.0,1.1,3531,20,91.06454248046875,534,7.96999979019165,🆕低基期(前日Vol5) 🔭LEAPS,HOLD,1
SMR,2026-11-20,25.0,0.28,2775,20,110.9379453125,107,9.489999771118164,🚬菸屁股,HOLD,1
IBM,2027-01-15,450.0,0.9,1488,20,51.33105310058592,163,235.14999389648438,🚬菸屁股,HOLD,1
ORCL,2028-01-21,450.0,7.55,919,20,70.93229751586915,534,145.74000549316406,🔭LEAPS,HOLD,1
F,2026-09-18,20.0,0.03,13215,20,53.12546875,44,14.239999771118164,🚬菸屁股,HOLD,1
BAC,2028-01-21,80.0,3.13,1719,20,27.570304382324217,534,62.900001525878906,🔭LEAPS,HOLD,1
RIVN,2028-01-21,20.0,4.3,19434,20,75.04907763671875,534,15.760000228881836,🔭LEAPS,HOLD,1
RIVN,2028-01-21,35.0,2.12,6160,20,72.9494892578125,534,15.760000228881836,🔭LEAPS,HOLD,1
SOUN,2028-01-21,30.0,0.74,1495,20,100.39112304687498,534,6.510000228881836,🔭LEAPS,HOLD,1
SMCI,2028-01-21,45.0,10.0,906,19,92.90778576660156,534,31.690000534057617,🆕低基期(前日Vol1) 🔭LEAPS,HOLD,1
ASTS,2026-09-18,165.0,0.57,1015,19,128.7112939453125,44,70.30999755859375,🆕低基期(前日Vol2) 🚬菸屁股,HOLD,1
SOFI,2028-06-16,35.0,3.3,9913,19,67.62727685546876,681,18.700000762939453,🔭LEAPS,HOLD,1
DKNG,2027-01-15,75.0,0.08,1010,19,74.02369726562499,163,23.610000610351562,🚬菸屁股,HOLD,1
DKNG,2028-01-21,25.0,6.55,3956,19,73.20583435058592,534,23.610000610351562,🔭LEAPS,HOLD,1
CRSP,2026-08-21,70.0,0.08,1334,19,62.890996093750005,16,53.06999969482422,🆕低基期(前日Vol7) 🚬菸屁股,HOLD,1
JOBY,2027-01-15,30.0,0.1,8359,19,92.57819921875,163,7.96999979019165,🚬菸屁股,HOLD,1
ACHR,2027-01-15,17.0,0.08,9698,19,99.2187578125,163,5.309999942779541,🚬菸屁股,HOLD,1
IBM,2026-08-21,285.0,0.31,2956,19,49.26808544921876,16,235.14999389648438,🚬菸屁股,HOLD,1
IBM,2026-09-18,360.0,0.18,888,19,50.39112109375,44,235.14999389648438,🚬菸屁股,HOLD,1
ORCL,2028-01-21,460.0,8.95,892,19,71.08793560791015,534,145.74000549316406,🆕低基期(前日Vol5) 🔭LEAPS,HOLD,1
META,2026-12-18,1430.0,0.38,945,19,55.12740185546876,135,587.9400024414062,🚬菸屁股,HOLD,1
IBIT,2027-01-15,79.0,0.15,5264,18,54.102021484375015,163,36.38999938964844,🚬菸屁股,HOLD,1
RKLB,2026-08-21,145.0,0.09,1043,18,117.1879140625,16,74.4800033569336,🚬菸屁股,HOLD,1
HIMS,2026-08-21,46.0,0.36,1560,18,108.59420703125,16,32.15999984741211,🚬菸屁股,HOLD,1
ONDS,2027-01-15,27.0,0.4,7172,18,114.64886425781249,163,8.859999656677246,🚬菸屁股,HOLD,1
SMR,2027-01-15,37.0,0.23,957,18,119.141029296875,163,9.489999771118164,🚬菸屁股,HOLD,1
PFE,2027-01-15,40.0,0.04,11273,18,34.4733115234375,163,25.40999984741211,🚬菸屁股,HOLD,1
IBIT,2026-10-16,70.0,0.05,7231,17,62.890996093750005,72,36.38999938964844,🚬菸屁股,HOLD,1
SMCI,2026-09-18,100.0,0.09,3594,17,132.03158984375,44,31.690000534057617,🆕低基期(前日Vol1) 🚬菸屁股,HOLD,1
PATH,2027-01-15,32.0,0.36,1302,17,79.1994267578125,163,14.100000381469727,🚬菸屁股,HOLD,1
TDOC,2026-08-21,9.0,0.02,2544,17,85.937640625,16,6.710000038146973,🚬菸屁股,HOLD,1
LUNR,2026-09-18,21.0,0.71,770,17,120.50820996093749,44,13.960000038146973,🚬菸屁股,HOLD,1
LUNR,2028-01-21,30.0,5.0,760,17,117.87150439453123,534,13.960000038146973,🔭LEAPS,HOLD,1
JOBY,2026-10-16,15.0,0.12,1542,17,91.4063359375,72,7.96999979019165,🚬菸屁股,HOLD,1
ORCL,2026-12-18,500.0,0.5,5491,17,92.38288867187501,135,145.74000549316406,🆕低基期(前日Vol2) 🚬菸屁股,HOLD,1
AMZN,2026-09-18,370.0,0.14,6800,17,35.6451748046875,44,277.4200134277344,🚬菸屁股,HOLD,1
META,2026-08-21,1450.0,0.02,1223,17,125.39099804687498,16,587.9400024414062,🚬菸屁股,HOLD,1
PFE,2028-01-21,18.0,7.68,762,17,25.537854003906258,534,25.40999984741211,🔭LEAPS,HOLD,1
LCID,2028-01-21,10.0,1.95,6870,17,70.55693505859377,534,7.78000020980835,🔭LEAPS,HOLD,1
TSLA,2028-01-21,800.0,15.25,7456,16,56.61664477539063,534,327.3500061035156,🔭LEAPS,HOLD,1
OKLO,2028-01-21,145.0,6.9,1530,16,101.2822318725586,534,43.33000183105469,🔭LEAPS,HOLD,1
IREN,2026-12-18,135.0,0.89,813,16,113.7211345214844,135,40.849998474121094,🆕低基期(前日Vol3) 🚬菸屁股,HOLD,1
PATH,2026-08-21,19.0,0.06,1077,16,79.687703125,16,14.100000381469727,🆕低基期(前日Vol2) 🚬菸屁股,HOLD,1
TDOC,2026-08-21,7.0,0.2,779,16,57.812921875,16,6.710000038146973,🚬菸屁股,HOLD,1
HIMS,2028-01-21,95.0,5.03,2839,16,94.14068359375,534,32.15999984741211,🔭LEAPS,HOLD,1
ONDS,2028-01-21,1.0,7.9,767,16,141.01591992187502,534,8.859999656677246,🔭LEAPS,HOLD,1
ONDS,2028-01-21,22.0,2.2,1089,16,104.78563232421875,534,8.859999656677246,🔭LEAPS,HOLD,1
LUNR,2027-01-15,40.0,0.85,5106,16,122.266013671875,163,13.960000038146973,🆕低基期(前日Vol1) 🚬菸屁股,HOLD,1
JOBY,2027-01-15,27.0,0.12,1477,16,99.2187578125,163,7.96999979019165,🚬菸屁股,HOLD,1
SMR,2028-01-21,40.0,1.63,1123,16,108.93600219726562,534,9.489999771118164,🔭LEAPS,HOLD,1
T,2028-01-21,15.0,8.75,772,16,35.425450439453115,534,23.3799991607666,🔭LEAPS,HOLD,1
META,2026-09-18,1090.0,0.14,1869,16,66.69955175781253,44,587.9400024414062,🚬菸屁股,HOLD,1
F,2026-12-18,14.85,0.98,14494,16,37.305314453125,135,14.239999771118164,🚬菸屁股,HOLD,1
NVDA,2026-09-18,390.0,0.05,5418,15,61.71913281250001,44,211.94000244140625,🚬菸屁股,HOLD,1
SOFI,2026-09-18,47.0,0.01,3398,15,99.2187578125,44,18.700000762939453,🚬菸屁股,HOLD,1
IREN,2026-08-21,90.0,0.03,3454,15,140.625296875,16,40.849998474121094,🚬菸屁股,HOLD,1
LUNR,2026-09-18,35.0,0.1,1270,15,149.80493847656248,44,13.960000038146973,🚬菸屁股,HOLD,1
META,2026-08-21,705.0,0.96,874,15,45.63042651367188,16,587.9400024414062,🚬菸屁股,HOLD,1
RIVN,2026-09-18,27.0,0.05,10390,15,71.0940390625,44,15.760000228881836,🚬菸屁股,HOLD,1
IBIT,2028-01-21,55.0,3.85,5714,14,50.037120727539076,534,36.38999938964844,🔭LEAPS,HOLD,1
IBIT,2028-06-16,65.0,3.88,6507,14,52.69822692871094,681,36.38999938964844,🔭LEAPS,HOLD,1
ASTS,2026-09-18,145.0,0.92,1177,14,125.53748168945313,44,70.30999755859375,🆕低基期(前日Vol3) 🚬菸屁股,HOLD,1
SOFI,2026-11-20,35.0,0.14,1414,14,64.062859375,107,18.700000762939453,🚬菸屁股,HOLD,1
SOFI,2028-01-21,32.0,2.75,7351,14,67.65169067382814,534,18.700000762939453,🔭LEAPS,HOLD,1
DKNG,2028-01-21,20.0,8.7,1669,14,67.37093176269534,534,23.610000610351562,🔭LEAPS,HOLD,1
PATH,2028-01-21,3.0,11.1,1216,14,99.41406835937501,534,14.100000381469727,🔭LEAPS,HOLD,1
HOOD,2026-09-18,145.0,0.57,1218,14,75.00025000000001,44,93.51000213623047,🚬菸屁股,HOLD,1
ONDS,2026-09-18,17.0,0.16,8202,14,125.39099804687498,44,8.859999656677246,🚬菸屁股,HOLD,1
LUNR,2028-01-21,50.0,3.29,1100,14,116.89494677734376,534,13.960000038146973,🔭LEAPS,HOLD,1
ACHR,2027-01-15,11.0,0.26,1929,14,93.55475195312499,163,5.309999942779541,🚬菸屁股,HOLD,1
ACHR,2028-01-21,1.0,4.45,995,14,111.71919140624999,534,5.309999942779541,🆕低基期(前日Vol4) 🔭LEAPS,HOLD,1
ACHR,2028-01-21,17.0,0.79,1298,14,94.14068359375,534,5.309999942779541,🆕低基期(前日Vol4) 🔭LEAPS,HOLD,1
CRWV,2026-08-21,200.0,0.03,1119,14,130.85972070312496,16,91.9000015258789,🚬菸屁股,HOLD,1
IBM,2026-08-21,445.0,0.08,1243,14,99.2187578125,16,235.14999389648438,🆕低基期(前日Vol3) 🚬菸屁股,HOLD,1
T,2026-09-18,30.0,0.01,4571,14,38.67248828125,44,23.3799991607666,🚬菸屁股,HOLD,1
T,2026-09-18,40.0,0.02,1195,14,61.71913281250001,44,23.3799991607666,🚬菸屁股,HOLD,1
ORLY,2026-09-18,104.0,0.55,758,14,34.30241479492187,44,91.83000183105469,🆕低基期(前日Vol4) 🚬菸屁股,HOLD,1
META,2026-08-21,1330.0,0.04,1053,14,114.45355273437498,16,587.9400024414062,🚬菸屁股,HOLD,1
PFE,2026-12-18,45.0,0.02,16400,14,40.62559375,135,25.40999984741211,🚬菸屁股,HOLD,1
RIVN,2026-09-18,23.0,0.11,6555,14,66.79720703125001,44,15.760000228881836,🚬菸屁股,HOLD,1
RIVN,2028-01-21,25.0,3.35,13443,14,72.29031616210936,534,15.760000228881836,🔭LEAPS,HOLD,1
TSLA,2026-12-18,960.0,0.68,5715,13,73.24245507812499,135,327.3500061035156,🚬菸屁股,HOLD,1
IBIT,2027-01-15,49.0,0.79,5533,13,41.992767578125,163,36.38999938964844,🚬菸屁股,HOLD,1
IBIT,2027-01-15,85.0,0.09,17792,13,56.64105859375,163,36.38999938964844,🚬菸屁股,HOLD,1
SMCI,2027-01-15,105.0,0.59,12424,13,101.27002490234376,163,31.690000534057617,🚬菸屁股,HOLD,1
SOFI,2028-06-16,37.0,3.0,4630,13,66.94368994140626,681,18.700000762939453,🔭LEAPS,HOLD,1
NTLA,2027-01-15,42.0,0.24,908,13,120.89883300781248,163,11.319999694824219,🚬菸屁股,HOLD,1
KTOS,2026-08-21,90.0,0.05,1658,13,96.87503124999999,16,51.869998931884766,🆕低基期(前日Vol3) 🚬菸屁股,HOLD,1
LUNR,2028-01-21,25.0,5.55,4545,13,118.06681591796875,534,13.960000038146973,🔭LEAPS,HOLD,1
JOBY,2028-01-21,32.0,0.79,9990,13,90.62509374999999,534,7.96999979019165,🔭LEAPS,HOLD,1
SMR,2028-01-21,3.0,7.37,1623,13,100.48877880859375,534,9.489999771118164,🔭LEAPS,HOLD,1
T,2027-01-15,35.0,0.07,7865,13,33.887379882812496,163,23.3799991607666,🚬菸屁股,HOLD,1
T,2028-01-21,20.0,4.98,4097,13,29.99337585449219,534,23.3799991607666,🔭LEAPS,HOLD,1
ORLY,2026-08-21,105.0,0.07,1362,13,33.301448242187504,16,91.83000183105469,🚬菸屁股,HOLD,1
LCID,2027-01-15,15.0,0.43,2960,13,88.08605664062499,163,7.78000020980835,🚬菸屁股,HOLD,1
SOUN,2026-10-16,15.0,0.11,2957,13,115.625421875,72,6.510000228881836,🚬菸屁股,HOLD,1
SOUN,2027-01-15,13.0,0.45,798,13,99.60937890625,163,6.510000228881836,🚬菸屁股,HOLD,1
SMCI,2026-12-18,66.0,0.9,1536,12,97.43654907226562,135,31.690000534057617,🚬菸屁股,HOLD,1
SMCI,2028-01-21,85.0,5.4,15509,12,91.91902612304688,534,31.690000534057617,🆕低基期(前日Vol2) 🔭LEAPS,HOLD,1
XYZ,2026-09-18,110.0,0.63,1126,12,51.61181201171875,44,84.63999938964844,🚬菸屁股,HOLD,1
CRSP,2027-01-15,100.0,0.95,852,12,64.20934228515625,163,53.06999969482422,🆕低基期(前日Vol1) 🚬菸屁股,HOLD,1
HIMS,2028-01-21,60.0,8.65,3522,12,91.78475012207032,534,32.15999984741211,🆕低基期(前日Vol1) 🔭LEAPS,HOLD,1
LUNR,2026-08-21,21.0,0.25,1249,12,138.67218164062498,16,13.960000038146973,🚬菸屁股,HOLD,1
LUNR,2026-09-18,32.0,0.14,763,12,144.3362158203125,44,13.960000038146973,🚬菸屁股,HOLD,1
JOBY,2026-08-21,13.0,0.03,2421,12,109.375453125,16,7.96999979019165,🚬菸屁股,HOLD,1
T,2026-08-21,27.0,0.01,5696,12,36.32876171875,16,23.3799991607666,🚬菸屁股,HOLD,1
T,2026-09-18,35.0,0.02,2448,12,50.0005,44,23.3799991607666,🚬菸屁股,HOLD,1
ORCL,2028-01-21,410.0,9.53,1124,12,70.29448651123047,534,145.74000549316406,🔭LEAPS,HOLD,1
META,2026-08-21,740.0,0.5,2400,12,49.68312036132813,16,587.9400024414062,🚬菸屁股,HOLD,1
META,2026-09-18,810.0,0.98,856,12,45.6060126953125,44,587.9400024414062,🚬菸屁股,HOLD,1
META,2027-01-15,1400.0,0.62,1627,12,52.356433471679686,163,587.9400024414062,🚬菸屁股,HOLD,1
LCID,2027-01-15,22.0,0.13,886,12,97.6562734375,163,7.78000020980835,🚬菸屁股,HOLD,1
BAC,2026-08-21,67.5,0.08,1565,12,21.192194335937497,16,62.900001525878906,🚬菸屁股,HOLD,1
BAC,2026-08-21,75.0,0.01,1341,12,34.76627734375,16,62.900001525878906,🚬菸屁股,HOLD,1
BAC,2028-01-21,60.0,10.77,9293,12,31.409377319335935,534,62.900001525878906,🔭LEAPS,HOLD,1
IBIT,2027-01-15,135.0,0.03,12483,11,72.26590234375,163,36.38999938964844,🚬菸屁股,HOLD,1
OKLO,2026-08-21,85.0,0.07,1371,11,137.89093554687497,16,43.33000183105469,🚬菸屁股,HOLD,1
ASTS,2026-09-18,155.0,0.69,1269,11,127.29528540039058,44,70.30999755859375,🆕低基期(前日Vol1) 🚬菸屁股,HOLD,1
SOFI,2028-06-16,32.0,3.61,12390,11,69.14093359375,681,18.700000762939453,🆕低基期(前日Vol1) 🔭LEAPS,HOLD,1
HOOD,2026-09-18,280.0,0.03,1003,11,105.46922265625001,44,93.51000213623047,🚬菸屁股,HOLD,1
HOOD,2028-01-21,220.0,10.23,961,11,72.78469598388672,534,93.51000213623047,🆕低基期(前日Vol1) 🔭LEAPS,HOLD,1
OPEN,2026-09-18,9.0,0.05,2484,11,123.43788281249999,44,4.119999885559082,🚬菸屁股,HOLD,1
HIMS,2027-01-15,100.0,0.58,10747,11,101.02588549804685,163,32.15999984741211,🚬菸屁股,HOLD,1
ONDS,2026-09-18,27.0,0.04,934,11,143.75028125,44,8.859999656677246,🆕低基期(前日Vol4) 🚬菸屁股,HOLD,1
SMR,2027-01-15,75.0,0.03,997,11,135.547197265625,163,9.489999771118164,🚬菸屁股,HOLD,1
T,2026-08-21,25.5,0.08,1956,11,30.664755859375,16,23.3799991607666,🚬菸屁股,HOLD,1
AMZN,2026-08-21,380.0,0.02,10101,11,52.3442265625,16,277.4200134277344,🚬菸屁股,HOLD,1
AMZN,2026-09-18,380.0,0.08,3808,11,40.1373173828125,44,277.4200134277344,🚬菸屁股,HOLD,1
META,2026-09-18,1480.0,0.03,10830,11,74.2190078125,44,587.9400024414062,🚬菸屁股,HOLD,1
PFE,2026-10-16,31.0,0.06,993,11,28.223374023437497,72,25.40999984741211,🚬菸屁股,HOLD,1
PFE,2027-01-15,31.0,0.26,754,11,25.6843369140625,163,25.40999984741211,🚬菸屁股,HOLD,1
F,2026-09-18,19.0,0.02,5399,11,49.219257812500004,44,14.239999771118164,🚬菸屁股,HOLD,1
RIVN,2026-09-18,24.0,0.08,7773,11,69.14093359375,44,15.760000228881836,🚬菸屁股,HOLD,1
RIVN,2028-01-21,22.0,3.9,1604,11,74.29224926757811,534,15.760000228881836,🔭LEAPS,HOLD,1
TSLA,2026-09-18,900.0,0.1,7043,10,96.0937890625,44,327.3500061035156,🚬菸屁股,HOLD,1
IBIT,2026-12-18,75.0,0.11,11158,10,55.469195312500005,135,36.38999938964844,🚬菸屁股,HOLD,1
SMCI,2027-01-15,95.0,0.46,911,10,99.56055126953125,163,31.690000534057617,🚬菸屁股,HOLD,1
RKLB,2026-09-18,160.0,0.41,1037,10,113.47699511718751,44,74.4800033569336,🚬菸屁股,HOLD,1
RKLB,2026-10-16,195.0,0.39,1019,10,107.32468212890626,72,74.4800033569336,🚬菸屁股,HOLD,1
DKNG,2026-08-21,40.0,0.02,1167,10,96.87503124999999,16,23.610000610351562,🚬菸屁股,HOLD,1
DKNG,2028-01-21,42.5,2.5,1686,10,58.30119824218749,534,23.610000610351562,🔭LEAPS,HOLD,1
DKNG,2028-01-21,60.0,1.07,4707,10,58.00823242187501,534,23.610000610351562,🔭LEAPS,HOLD,1
HOOD,2026-10-16,180.0,0.45,2272,10,76.07445800781252,72,93.51000213623047,🚬菸屁股,HOLD,1
HOOD,2027-01-15,250.0,0.78,3798,10,77.68577001953125,163,93.51000213623047,🆕低基期(前日Vol2) 🚬菸屁股,HOLD,1
TDOC,2027-01-15,22.5,0.08,4404,10,94.14068359375,163,6.710000038146973,🚬菸屁股,HOLD,1
TDOC,2028-01-21,12.0,1.1,1092,10,69.97100341796876,534,6.710000038146973,🆕低基期(前日Vol1) 🔭LEAPS,HOLD,1
XYZ,2026-08-21,110.0,0.18,1451,10,64.3558251953125,16,84.63999938964844,🚬菸屁股,HOLD,1
OPEN,2026-09-18,11.0,0.03,1160,10,146.875265625,44,4.119999885559082,🚬菸屁股,HOLD,1
NTLA,2026-08-21,14.0,0.15,969,10,99.60937890625,16,11.319999694824219,🚬菸屁股,HOLD,1
BEAM,2026-11-20,50.0,0.5,897,10,87.0118486328125,107,28.350000381469727,🚬菸屁股,HOLD,1
PACB,2027-01-15,1.5,0.4,9008,10,118.35978320312499,163,1.440000057220459,🚬菸屁股,HOLD,1
ACHR,2028-01-21,22.0,0.6,1199,10,95.89847851562499,534,5.309999942779541,🔭LEAPS,HOLD,1
SMR,2028-01-21,85.0,0.8,4551,10,115.28362670898437,534,9.489999771118164,🔭LEAPS,HOLD,1
LCID,2026-12-18,10.0,0.99,7085,10,89.64854101562499,135,7.78000020980835,🚬菸屁股,HOLD,1
LCID,2026-12-18,37.0,0.09,771,10,123.047259765625,135,7.78000020980835,🚬菸屁股,HOLD,1
F,2027-01-15,21.0,0.15,2043,10,41.01621484375,163,14.239999771118164,🚬菸屁股,HOLD,1
RIVN,2028-01-21,27.0,3.0,1219,10,73.92604199218749,534,15.760000228881836,🔭LEAPS,HOLD,1
IBIT,2026-08-21,47.0,0.02,6276,9,52.734847656250004,16,36.38999938964844,🆕低基期(前日Vol1) 🚬菸屁股,HOLD,1
IBIT,2026-09-18,90.0,0.02,10679,9,92.187578125,44,36.38999938964844,🚬菸屁股,HOLD,1
IBIT,2027-01-15,62.0,0.27,6839,9,46.973186523437505,163,36.38999938964844,🚬菸屁股,HOLD,1
SMCI,2026-09-18,49.0,0.82,1104,9,102.1489267578125,44,31.690000534057617,🆕低基期(前日Vol1) 🚬菸屁股,HOLD,1
SMCI,2026-09-18,90.0,0.06,2938,9,126.56286718749999,44,31.690000534057617,🆕低基期(前日Vol1) 🚬菸屁股,HOLD,1
SMCI,2026-12-18,106.0,0.31,2333,9,105.85984570312502,135,31.690000534057617,🚬菸屁股,HOLD,1
SMCI,2028-01-21,80.0,5.75,1181,9,92.13875048828125,534,31.690000534057617,🆕低基期(前日Vol1) 🔭LEAPS,HOLD,1
OKLO,2026-08-21,90.0,0.06,3437,9,143.75028125,16,43.33000183105469,🚬菸屁股,HOLD,1
ASTS,2026-10-16,190.0,0.81,1961,9,118.50626684570314,72,70.30999755859375,🚬菸屁股,HOLD,1
IONQ,2026-10-16,85.0,0.85,2611,9,104.73680444335938,72,41.720001220703125,🆕低基期(前日Vol2) 🚬菸屁股,HOLD,1
SOFI,2026-09-18,28.0,0.07,1724,9,61.914443359375014,44,18.700000762939453,🚬菸屁股,HOLD,1
DKNG,2026-11-20,35.0,0.6,1030,9,64.1605146484375,107,23.610000610351562,🚬菸屁股,HOLD,1
IREN,2026-12-18,130.0,0.85,949,9,114.20941333007812,135,40.849998474121094,🚬菸屁股,HOLD,1
HIMS,2028-01-21,50.0,9.95,2024,9,97.6684803466797,534,32.15999984741211,🔭LEAPS,HOLD,1
SMR,2027-01-15,55.0,0.11,3425,9,124.41444042968747,163,9.489999771118164,🚬菸屁股,HOLD,1
T,2026-09-18,31.0,0.06,4473,9,60.15664843750002,44,23.3799991607666,🚬菸屁股,HOLD,1
ORCL,2027-01-15,490.0,0.83,1258,9,83.25212060546873,163,145.74000549316406,🚬菸屁股,HOLD,1
LCID,2026-08-21,11.0,0.12,13852,9,143.359658203125,16,7.78000020980835,🚬菸屁股,HOLD,1
LCID,2027-01-15,20.0,0.15,10915,9,91.01571484374999,163,7.78000020980835,🚬菸屁股,HOLD,1
BAC,2026-11-20,75.0,0.36,4068,9,24.243921630859372,107,62.900001525878906,🚬菸屁股,HOLD,1
RIVN,2026-09-18,26.0,0.04,4230,9,72.26590234375,44,15.760000228881836,🚬菸屁股,HOLD,1
RIVN,2026-12-18,37.0,0.21,4911,9,74.02369726562499,135,15.760000228881836,🚬菸屁股,HOLD,1
RIVN,2027-01-15,32.0,0.38,29046,9,74.2190078125,163,15.760000228881836,🚬菸屁股,HOLD,1
SOUN,2026-10-16,13.0,0.15,2697,9,110.15669921875002,72,6.510000228881836,🚬菸屁股,HOLD,1
IBIT,2028-06-16,45.0,7.85,5117,8,53.973848937988286,681,36.38999938964844,🔭LEAPS,HOLD,1
INTC,2028-01-21,55.0,58.43,5205,8,89.52647192382811,534,100.86000061035156,🔭LEAPS,HOLD,1
SMCI,2026-08-21,47.0,0.22,1036,8,123.047259765625,16,31.690000534057617,🚬菸屁股,HOLD,1
OKLO,2027-01-15,230.0,0.34,1018,8,116.40666796875001,163,43.33000183105469,🚬菸屁股,HOLD,1
VST,2026-08-21,190.0,0.3,1197,8,67.96907031250001,16,143.22999572753906,🚬菸屁股,HOLD,1
VST,2026-09-18,215.0,0.46,9123,8,65.74741284179689,44,143.22999572753906,🚬菸屁股,HOLD,1
IONQ,2028-01-21,90.0,10.5,2040,8,97.42434216308592,534,41.720001220703125,🔭LEAPS,HOLD,1
SOFI,2026-08-21,35.0,0.01,6633,8,109.375453125,16,18.700000762939453,🚬菸屁股,HOLD,1
DKNG,2026-12-18,38.0,0.54,935,8,62.45154736328126,135,23.610000610351562,🚬菸屁股,HOLD,1
PATH,2027-01-15,27.0,0.48,4949,8,80.5666005859375,163,14.100000381469727,🚬菸屁股,HOLD,1
HOOD,2026-08-21,200.0,0.01,2969,8,106.25046875000001,16,93.51000213623047,🆕低基期(前日Vol2) 🚬菸屁股,HOLD,1
HOOD,2026-09-18,160.0,0.3,2019,8,80.664255859375,44,93.51000213623047,🚬菸屁股,HOLD,1
HOOD,2026-12-18,280.0,0.55,1145,8,83.83805224609374,135,93.51000213623047,🚬菸屁股,HOLD,1
OPEN,2027-01-15,8.0,0.4,3844,8,109.96138769531252,163,4.119999885559082,🆕低基期(前日Vol3) 🚬菸屁股,HOLD,1
BEAM,2026-08-21,50.0,0.05,793,8,117.1879140625,16,28.350000381469727,🆕低基期(前日Vol2) 🚬菸屁股,HOLD,1
HIMS,2026-08-21,43.0,0.6,792,8,111.328568359375,16,32.15999984741211,🚬菸屁股,HOLD,1
HIMS,2026-12-18,90.0,0.63,1035,8,97.070341796875,135,32.15999984741211,🆕低基期(前日Vol1) 🚬菸屁股,HOLD,1
ONDS,2027-01-15,18.0,0.88,1351,8,108.10592822265626,163,8.859999656677246,🚬菸屁股,HOLD,1
SMR,2028-01-21,23.0,2.89,898,8,108.7895185546875,534,9.489999771118164,🆕低基期(前日Vol1) 🔭LEAPS,HOLD,1
T,2026-10-16,29.0,0.07,1138,8,31.250687499999998,72,23.3799991607666,🚬菸屁股,HOLD,1
T,2027-01-15,29.0,0.28,939,8,30.176479492187504,163,23.3799991607666,🚬菸屁股,HOLD,1
T,2028-01-21,40.0,0.26,6578,8,30.61592822265625,534,23.3799991607666,🔭LEAPS,HOLD,1
ORCL,2027-01-15,460.0,0.75,965,8,80.07832421875,163,145.74000549316406,🚬菸屁股,HOLD,1
META,2026-08-21,830.0,0.09,962,8,58.984785156250005,16,587.9400024414062,🚬菸屁股,HOLD,1
RIVN,2026-09-18,29.0,0.1,758,8,82.0314296875,44,15.760000228881836,🚬菸屁股,HOLD,1
SMCI,2026-08-21,46.0,0.39,1215,7,114.45355273437498,16,31.690000534057617,🚬菸屁股,HOLD,1
SMCI,2026-09-18,95.0,0.13,921,7,131.64096679687498,44,31.690000534057617,🚬菸屁股,HOLD,1
SMCI,2028-01-21,60.0,7.5,6591,7,92.4805439453125,534,31.690000534057617,🆕低基期(前日Vol1) 🔭LEAPS,HOLD,1
IONQ,2026-09-18,110.0,0.08,754,7,125.00037499999999,44,41.720001220703125,🚬菸屁股,HOLD,1
IONQ,2026-10-16,80.0,0.99,1490,7,105.71336206054687,72,41.720001220703125,🚬菸屁股,HOLD,1
IONQ,2026-10-16,100.0,0.51,1781,7,111.96333081054686,72,41.720001220703125,🆕低基期(前日Vol1) 🚬菸屁股,HOLD,1
DKNG,2026-08-21,26.0,0.65,1310,7,74.5119736328125,16,23.610000610351562,🚬菸屁股,HOLD,1
DKNG,2026-09-18,47.5,0.02,913,7,99.60937890625,44,23.610000610351562,🚬菸屁股,HOLD,1
IREN,2026-09-18,90.0,0.38,6983,7,118.26212744140622,44,40.849998474121094,🚬菸屁股,HOLD,1
HOOD,2026-10-16,160.0,0.85,1684,7,74.31666308593749,72,93.51000213623047,🚬菸屁股,HOLD,1
OPEN,2028-01-21,17.0,3.4,861,7,25.00075,534,4.119999885559082,🔭LEAPS,HOLD,1
NTLA,2026-08-21,16.0,0.05,1021,7,81.2501875,16,11.319999694824219,🆕低基期(前日Vol2) 🚬菸屁股,HOLD,1
ONDS,2027-01-15,22.0,0.57,2480,7,114.16058544921874,163,8.859999656677246,🚬菸屁股,HOLD,1
LUNR,2026-12-18,35.0,0.85,897,7,122.94960400390624,135,13.960000038146973,🚬菸屁股,HOLD,1
CRWV,2026-09-18,270.0,0.08,807,7,118.1644716796875,44,91.9000015258789,🆕低基期(前日Vol2) 🚬菸屁股,HOLD,1
T,2028-01-21,18.0,6.5,1794,7,30.61592822265625,534,23.3799991607666,🆕低基期(前日Vol1) 🔭LEAPS,HOLD,1
ORCL,2026-09-18,310.0,0.37,1495,7,93.4570966796875,44,145.74000549316406,🚬菸屁股,HOLD,1
ORCL,2026-11-20,370.0,0.73,1265,7,83.13005151367186,107,145.74000549316406,🚬菸屁股,HOLD,1
ORCL,2027-01-15,440.0,0.93,852,7,80.78632495117188,163,145.74000549316406,🚬菸屁股,HOLD,1
META,2026-08-21,790.0,0.24,2020,7,54.59029785156251,16,587.9400024414062,🚬菸屁股,HOLD,1
RIVN,2026-10-16,23.0,0.29,4717,7,59.375406250000005,72,15.760000228881836,🚬菸屁股,HOLD,1
TSLA,2026-12-18,850.0,0.9,7567,6,69.06769213867189,135,327.3500061035156,🚬菸屁股,HOLD,1
IBIT,2026-09-18,51.0,0.05,8319,6,48.438015625000006,44,36.38999938964844,🚬菸屁股,HOLD,1
SMCI,2026-12-18,68.0,0.84,4200,6,97.24123852539061,135,31.690000534057617,🚬菸屁股,HOLD,1
SMCI,2026-12-18,74.0,0.98,2365,6,98.82813671875,135,31.690000534057617,🆕低基期(前日Vol1) 🚬菸屁股,HOLD,1
OKLO,2026-09-18,85.0,0.38,1037,6,113.18402783203125,44,43.33000183105469,🚬菸屁股,HOLD,1
OKLO,2026-09-18,110.0,0.09,813,6,117.3832255859375,44,43.33000183105469,🚬菸屁股,HOLD,1
VST,2026-09-18,210.0,0.7,9621,6,61.865615722656266,44,143.22999572753906,🚬菸屁股,HOLD,1
RKLB,2026-08-21,185.0,0.03,1462,6,146.875265625,16,74.4800033569336,🚬菸屁股,HOLD,1
RKLB,2026-09-18,155.0,0.45,1460,6,101.95361523437501,44,74.4800033569336,🚬菸屁股,HOLD,1
ASTS,2026-08-21,145.0,0.17,794,6,143.359658203125,16,70.30999755859375,🚬菸屁股,HOLD,1
IONQ,2028-01-21,85.0,11.02,1011,6,99.86572399902343,534,41.720001220703125,🆕低基期(前日Vol2) 🔭LEAPS,HOLD,1
SOFI,2026-08-21,32.0,0.01,7440,6,118.75040625,16,18.700000762939453,🚬菸屁股,HOLD,1
SOFI,2026-09-18,37.0,0.02,7623,6,82.0314296875,44,18.700000762939453,🚬菸屁股,HOLD,1
DKNG,2028-01-21,40.0,2.95,3121,6,59.32657861328126,534,23.610000610351562,🔭LEAPS,HOLD,1
IREN,2027-01-15,120.0,0.98,962,6,113.6967205810547,163,40.849998474121094,🚬菸屁股,HOLD,1
HIMS,2026-08-21,49.0,0.2,2175,6,114.64886425781249,16,32.15999984741211,🚬菸屁股,HOLD,1
HIMS,2028-01-21,75.0,6.88,1538,6,91.43074975585938,534,32.15999984741211,🔭LEAPS,HOLD,1
ONDS,2026-09-18,21.0,0.05,2370,6,127.34411328124997,44,8.859999656677246,🚬菸屁股,HOLD,1
CRWV,2026-08-21,180.0,0.11,798,6,128.90660546875,16,91.9000015258789,🚬菸屁股,HOLD,1
IBM,2026-09-18,310.0,0.75,1254,6,46.851117431640624,44,235.14999389648438,🚬菸屁股,HOLD,1
IBM,2026-10-16,400.0,0.25,754,6,51.70946728515625,72,235.14999389648438,🚬菸屁股,HOLD,1
IBM,2028-01-21,490.0,8.4,1305,6,47.33939379882813,534,235.14999389648438,🔭LEAPS,HOLD,1
T,2026-12-18,40.0,0.03,1381,6,45.703667968750004,135,23.3799991607666,🚬菸屁股,HOLD,1
PFE,2026-09-18,33.0,0.01,2260,6,34.37565625,44,25.40999984741211,🚬菸屁股,HOLD,1
LCID,2026-12-18,25.0,0.1,1919,6,106.64109179687502,135,7.78000020980835,🚬菸屁股,HOLD,1
LCID,2028-01-21,20.0,0.83,1224,6,72.7541787109375,534,7.78000020980835,🔭LEAPS,HOLD,1
RIVN,2026-09-18,40.0,0.02,3931,6,98.437515625,44,15.760000228881836,🚬菸屁股,HOLD,1
TSLA,2026-09-18,750.0,0.13,6004,5,84.76577734374999,44,327.3500061035156,🚬菸屁股,HOLD,1
NVDA,2028-06-16,400.0,14.2,5388,5,46.56272920227051,681,211.94000244140625,🔭LEAPS,HOLD,1
IBIT,2026-12-18,70.0,0.13,5222,5,52.83250292968751,135,36.38999938964844,🚬菸屁股,HOLD,1
IBIT,2027-01-15,68.0,0.2,8185,5,49.414568359375004,163,36.38999938964844,🚬菸屁股,HOLD,1
SMCI,2026-12-18,90.0,0.82,2796,5,102.53954980468751,135,31.690000534057617,🚬菸屁股,HOLD,1
VST,2026-09-18,220.0,0.37,872,5,62.59803027343751,44,143.22999572753906,🚬菸屁股,HOLD,1
VST,2026-10-16,250.0,0.86,1576,5,66.45541357421877,72,143.22999572753906,🚬菸屁股,HOLD,1
RKLB,2026-10-16,210.0,0.3,1410,5,107.91061669921875,72,74.4800033569336,🚬菸屁股,HOLD,1
ASTS,2026-09-18,170.0,0.2,1371,5,121.97304638671875,44,70.30999755859375,🚬菸屁股,HOLD,1
UPST,2027-01-15,62.5,0.8,814,5,78.8088056640625,163,30.31999969482422,🚬菸屁股,HOLD,1
UPST,2027-01-15,80.0,0.52,2075,5,84.76577734374999,163,30.31999969482422,🚬菸屁股,HOLD,1
DKNG,2026-09-18,42.5,0.02,753,5,73.437765625,44,23.610000610351562,🚬菸屁股,HOLD,1
DKNG,2026-12-18,55.0,0.08,3411,5,73.437765625,135,23.610000610351562,🚬菸屁股,HOLD,1
DKNG,2026-12-18,70.0,0.14,6411,5,78.711150390625,135,23.610000610351562,🚬菸屁股,HOLD,1
DKNG,2027-01-15,37.0,0.8,1571,5,59.96133789062501,163,23.610000610351562,🚬菸屁股,HOLD,1
DKNG,2027-01-15,40.0,0.55,10887,5,59.91251025390626,163,23.610000610351562,🚬菸屁股,HOLD,1
IREN,2026-09-18,95.0,0.29,1179,5,131.54331103515622,44,40.849998474121094,🚬菸屁股,HOLD,1
U,2028-01-21,60.0,6.9,982,5,79.28487512207032,534,35.220001220703125,🔭LEAPS,HOLD,1
TDOC,2026-10-16,9.0,0.19,2109,5,67.57844921875001,72,6.710000038146973,🚬菸屁股,HOLD,1
ZM,2026-08-21,125.0,0.15,1085,5,51.465329101562496,16,102.12000274658203,🆕低基期(前日Vol1) 🚬菸屁股,HOLD,1
XYZ,2026-12-18,135.0,0.85,834,5,51.19677709960937,135,84.63999938964844,🚬菸屁股,HOLD,1
CRSP,2026-08-21,65.0,0.18,808,5,60.44961425781252,16,53.06999969482422,🚬菸屁股,HOLD,1
NTLA,2027-01-15,35.0,0.15,3961,5,95.89847851562499,163,11.319999694824219,🚬菸屁股,HOLD,1
PACB,2027-01-15,3.0,0.1,2494,5,125.00037499999999,163,1.440000057220459,🚬菸屁股,HOLD,1
HIMS,2026-12-18,100.0,0.39,3269,5,105.22508325195315,135,32.15999984741211,🚬菸屁股,HOLD,1
LUNR,2028-01-21,37.0,4.22,754,5,117.11467224121095,534,13.960000038146973,🆕低基期(前日Vol2) 🔭LEAPS,HOLD,1
JOBY,2028-01-21,30.0,0.88,4349,5,93.945373046875,534,7.96999979019165,🔭LEAPS,HOLD,1
SMR,2026-08-21,16.0,0.05,3172,5,122.65663671875001,16,9.489999771118164,🚬菸屁股,HOLD,1
SMR,2027-01-15,45.0,0.2,1486,5,123.43788281249999,163,9.489999771118164,🚬菸屁股,HOLD,1
NNE,2027-01-15,90.0,0.1,2774,5,112.109814453125,163,18.170000076293945,🚬菸屁股,HOLD,1
CRWV,2026-08-21,210.0,0.05,955,5,142.1877890625,16,91.9000015258789,🚬菸屁股,HOLD,1
IBM,2026-12-18,490.0,0.44,883,5,52.6371923828125,135,235.14999389648438,🚬菸屁股,HOLD,1
T,2026-09-18,32.0,0.05,3706,5,46.48491015625,44,23.3799991607666,🚬菸屁股,HOLD,1
T,2028-01-21,30.0,1.21,6246,5,28.80930566406249,534,23.3799991607666,🆕低基期(前日Vol2) 🔭LEAPS,HOLD,1
ORCL,2026-08-21,270.0,0.05,1636,5,105.46922265625001,16,145.74000549316406,🚬菸屁股,HOLD,1
ORCL,2026-09-18,370.0,0.21,902,5,103.80907470703127,44,145.74000549316406,🚬菸屁股,HOLD,1
ORCL,2027-01-15,420.0,0.85,1031,5,80.13935876464843,163,145.74000549316406,🚬菸屁股,HOLD,1
META,2026-12-18,1300.0,0.64,8791,5,52.905744384765626,135,587.9400024414062,🚬菸屁股,HOLD,1
META,2026-12-18,1400.0,0.44,2537,5,55.37154003906251,135,587.9400024414062,🚬菸屁股,HOLD,1
LCID,2026-12-18,30.0,0.11,1822,5,111.328568359375,135,7.78000020980835,🚬菸屁股,HOLD,1
F,2026-12-18,14.82,0.4,6146,5,20.996883789062498,135,14.239999771118164,🚬菸屁股,HOLD,1
F,2026-12-18,16.82,0.3,8808,5,33.74089697265625,135,14.239999771118164,🚬菸屁股,HOLD,1
F,2028-01-21,30.0,0.39,2498,5,46.19194433593751,534,14.239999771118164,🔭LEAPS,HOLD,1
BAC,2028-01-21,65.0,7.95,5340,5,29.621065124511713,534,62.900001525878906,🔭LEAPS,HOLD,1
SOUN,2027-01-15,32.0,0.1,952,5,121.875390625,163,6.510000228881836,🆕低基期(前日Vol1) 🚬菸屁股,HOLD,1
TSLA,2028-01-21,940.0,10.5,5050,4,57.83123223876954,534,327.3500061035156,🔭LEAPS,HOLD,1
IBIT,2026-12-18,47.0,0.82,7055,4,40.967387207031244,135,36.38999938964844,🚬菸屁股,HOLD,1
IBIT,2028-06-16,90.0,1.9,15930,4,52.22215747070311,681,36.38999938964844,🔭LEAPS,HOLD,1
SMCI,2028-01-21,70.0,6.84,1982,4,92.82233740234375,534,31.690000534057617,🔭LEAPS,HOLD,1
OKLO,2026-09-18,130.0,0.07,1120,4,121.48476757812499,44,43.33000183105469,🚬菸屁股,HOLD,1
OKLO,2027-01-15,190.0,0.65,751,4,115.13714306640624,163,43.33000183105469,🚬菸屁股,HOLD,1
VST,2026-08-21,220.0,0.15,924,4,92.9688203125,16,143.22999572753906,🚬菸屁股,HOLD,1
IONQ,2026-09-18,85.0,0.35,1362,4,118.26212744140622,44,41.720001220703125,🆕低基期(前日Vol1) 🚬菸屁股,HOLD,1
IONQ,2026-09-18,100.0,0.2,2960,4,120.11758691406249,44,41.720001220703125,🚬菸屁股,HOLD,1
SOFI,2026-11-20,29.0,0.35,1085,4,60.15664843750002,107,18.700000762939453,🚬菸屁股,HOLD,1
SOFI,2026-11-20,31.0,0.23,1200,4,62.793340820312515,107,18.700000762939453,🚬菸屁股,HOLD,1
IREN,2026-08-21,85.0,0.04,3222,4,148.828380859375,16,40.849998474121094,🚬菸屁股,HOLD,1
IREN,2026-09-18,125.0,0.09,993,4,142.1877890625,44,40.849998474121094,🚬菸屁股,HOLD,1
PACB,2028-01-21,5.0,0.3,1376,4,132.61752441406247,534,1.440000057220459,🔭LEAPS,HOLD,1
LUNR,2028-01-21,17.0,6.9,909,4,118.82364807128907,534,13.960000038146973,🔭LEAPS,HOLD,1
JOBY,2026-08-21,16.0,0.01,1077,4,145.3127734375,16,7.96999979019165,🚬菸屁股,HOLD,1
JOBY,2026-08-21,17.0,0.02,1198,4,131.25034374999998,16,7.96999979019165,🚬菸屁股,HOLD,1
JOBY,2026-11-20,17.0,0.17,1309,4,91.4063359375,107,7.96999979019165,🆕低基期(前日Vol1) 🚬菸屁股,HOLD,1
ACHR,2028-01-21,25.0,0.55,1648,4,96.87503124999999,534,5.309999942779541,🔭LEAPS,HOLD,1
SMR,2027-01-15,27.0,0.45,1536,4,114.45355273437498,163,9.489999771118164,🚬菸屁股,HOLD,1
SMR,2027-01-15,32.0,0.36,1111,4,115.234798828125,163,9.489999771118164,🚬菸屁股,HOLD,1
SMR,2027-01-15,47.0,0.15,1020,4,122.266013671875,163,9.489999771118164,🚬菸屁股,HOLD,1
T,2026-10-16,30.0,0.06,1461,4,33.399103515625,72,23.3799991607666,🚬菸屁股,HOLD,1
ORCL,2027-01-15,470.0,0.88,949,4,81.81170532226561,163,145.74000549316406,🚬菸屁股,HOLD,1
ORCL,2027-01-15,480.0,0.8,1054,4,82.37322314453124,163,145.74000549316406,🚬菸屁股,HOLD,1
META,2026-08-21,795.0,0.2,1015,4,55.22505712890625,16,587.9400024414062,🚬菸屁股,HOLD,1
META,2026-08-21,1470.0,0.01,1314,4,124.21912890624998,16,587.9400024414062,🚬菸屁股,HOLD,1
META,2026-09-18,1010.0,0.13,3226,4,55.9574716796875,44,587.9400024414062,🚬菸屁股,HOLD,1
META,2026-12-18,1250.0,0.72,1187,4,52.07567456054687,135,587.9400024414062,🚬菸屁股,HOLD,1
PFE,2026-09-18,35.0,0.02,3744,4,44.92242578125,44,25.40999984741211,🚬菸屁股,HOLD,1
LCID,2026-09-18,10.0,0.45,2178,4,94.33599414062499,44,7.78000020980835,🚬菸屁股,HOLD,1
LCID,2027-01-15,17.0,0.26,2177,4,86.914193359375,163,7.78000020980835,🚬菸屁股,HOLD,1
LCID,2028-01-21,30.0,0.4,5891,4,76.46507910156251,534,7.78000020980835,🔭LEAPS,HOLD,1
F,2027-01-15,20.0,0.19,11711,4,39.3560751953125,163,14.239999771118164,🚬菸屁股,HOLD,1
RIVN,2026-09-18,30.0,0.03,8898,4,82.0314296875,44,15.760000228881836,🚬菸屁股,HOLD,1
RIVN,2028-01-21,12.0,7.26,2578,4,79.44356494140624,534,15.760000228881836,🔭LEAPS,HOLD,1
RIVN,2028-06-16,30.0,3.32,1293,4,75.86694055175782,681,15.760000228881836,🔭LEAPS,HOLD,1
SOUN,2027-01-15,30.0,0.1,2964,4,123.43788281249999,163,6.510000228881836,🚬菸屁股,HOLD,1
MSTR,2027-01-15,400.0,0.55,6275,3,94.33599414062499,163,97.6500015258789,🚬菸屁股,HOLD,1
IBIT,2026-08-21,100.0,0.01,5981,3,146.875265625,16,36.38999938964844,🚬菸屁股,HOLD,1
IBIT,2026-09-18,105.0,0.02,14434,3,104.68797656250001,44,36.38999938964844,🚬菸屁股,HOLD,1
IBIT,2027-01-15,75.0,0.14,10534,3,52.4418818359375,163,36.38999938964844,🚬菸屁股,HOLD,1
SMCI,2026-11-20,75.0,0.67,1359,3,105.37156689453124,107,31.690000534057617,🚬菸屁股,HOLD,1
SMCI,2026-12-18,100.0,0.43,7374,3,104.49266503906252,135,31.690000534057617,🆕低基期(前日Vol1) 🚬菸屁股,HOLD,1
SMCI,2026-12-18,110.0,0.27,2643,3,106.64109179687502,135,31.690000534057617,🚬菸屁股,HOLD,1
OKLO,2028-01-21,95.0,10.75,759,3,98.59010198974609,534,43.33000183105469,🔭LEAPS,HOLD,1
VST,2026-08-21,195.0,0.25,1221,3,73.7307314453125,16,143.22999572753906,🚬菸屁股,HOLD,1
VST,2026-09-18,250.0,0.01,7152,3,77.19749365234375,44,143.22999572753906,🆕低基期(前日Vol1) 🚬菸屁股,HOLD,1
IONQ,2026-08-21,85.0,0.04,781,3,124.21912890624998,16,41.720001220703125,🚬菸屁股,HOLD,1
UPST,2027-01-15,125.0,0.2,1773,3,99.023447265625,163,30.31999969482422,🚬菸屁股,HOLD,1
SOFI,2026-11-20,33.0,0.18,1546,3,64.062859375,107,18.700000762939453,🚬菸屁股,HOLD,1
DKNG,2026-11-20,40.0,0.39,5356,3,56.250437500000004,107,23.610000610351562,🚬菸屁股,HOLD,1
DKNG,2027-01-15,35.0,0.98,12792,3,60.25430371093752,163,23.610000610351562,🚬菸屁股,HOLD,1
DKNG,2027-01-15,60.0,0.09,8915,3,63.47692773437501,163,23.610000610351562,🚬菸屁股,HOLD,1
DKNG,2027-01-15,70.0,0.05,3802,3,69.14093359375,163,23.610000610351562,🚬菸屁股,HOLD,1
DKNG,2028-01-21,50.0,1.75,26057,3,58.81388842773438,534,23.610000610351562,🔭LEAPS,HOLD,1
IREN,2026-09-18,100.0,0.24,4877,3,130.17613037109373,44,40.849998474121094,🚬菸屁股,HOLD,1
U,2028-01-21,45.0,10.2,7278,3,76.40404455566407,534,35.220001220703125,🔭LEAPS,HOLD,1
U,2028-01-21,47.0,9.6,7589,3,76.2697685546875,534,35.220001220703125,🔭LEAPS,HOLD,1
PATH,2028-01-21,5.0,9.75,2492,3,67.96907031250001,534,14.100000381469727,🔭LEAPS,HOLD,1
HOOD,2026-09-18,200.0,0.11,9169,3,86.52357226562499,44,93.51000213623047,🚬菸屁股,HOLD,1
HOOD,2028-01-21,280.0,6.77,2891,3,74.57911163330078,534,93.51000213623047,🔭LEAPS,HOLD,1
TDOC,2026-10-16,8.0,0.29,2166,3,61.328511718750015,72,6.710000038146973,🚬菸屁股,HOLD,1
TDOC,2027-01-15,25.0,0.05,2908,3,95.70316796875,163,6.710000038146973,🚬菸屁股,HOLD,1
XYZ,2026-12-18,145.0,0.6,1393,3,50.098155273437506,135,84.63999938964844,🚬菸屁股,HOLD,1
XYZ,2028-01-21,120.0,11.2,1426,3,51.38598419189453,534,84.63999938964844,🔭LEAPS,HOLD,1
NTLA,2027-01-15,20.0,0.8,5038,3,92.9688203125,163,11.319999694824219,🆕低基期(前日Vol1) 🚬菸屁股,HOLD,1
NTLA,2028-01-21,7.5,5.8,914,3,125.00037499999999,534,11.319999694824219,🔭LEAPS,HOLD,1
NTLA,2028-01-21,15.0,4.0,2025,3,104.05321411132817,534,11.319999694824219,🔭LEAPS,HOLD,1
PACB,2027-01-15,2.0,0.3,5362,3,113.28168359375002,163,1.440000057220459,🚬菸屁股,HOLD,1
HIMS,2028-01-21,45.0,10.8,1218,3,95.70316796875,534,32.15999984741211,🔭LEAPS,HOLD,1
KTOS,2026-08-21,100.0,0.03,1331,3,122.266013671875,16,51.869998931884766,🆕低基期(前日Vol1) 🚬菸屁股,HOLD,1
LUNR,2027-01-15,55.0,0.47,1950,3,127.14880175781246,163,13.960000038146973,🚬菸屁股,HOLD,1
JOBY,2027-01-15,25.0,0.12,3300,3,94.726615234375,163,7.96999979019165,🚬菸屁股,HOLD,1
JOBY,2027-01-15,32.0,0.09,1046,3,103.51610742187502,163,7.96999979019165,🚬菸屁股,HOLD,1
ACHR,2026-08-21,9.0,0.02,1514,3,100.0005,16,5.309999942779541,🆕低基期(前日Vol1) 🚬菸屁股,HOLD,1
NNE,2026-10-16,28.0,0.76,877,3,102.05127099609376,72,18.170000076293945,🚬菸屁股,HOLD,1
VRT,2026-09-18,460.0,0.79,839,3,74.2190078125,44,269.92999267578125,🆕低基期(前日Vol1) 🚬菸屁股,HOLD,1
CRWV,2026-09-18,240.0,0.13,5476,3,110.54732226562503,44,91.9000015258789,🚬菸屁股,HOLD,1
CRWV,2026-09-18,250.0,0.15,1120,3,119.53165234375001,44,91.9000015258789,🚬菸屁股,HOLD,1
IBM,2026-08-21,305.0,0.12,831,3,53.22312402343749,16,235.14999389648438,🚬菸屁股,HOLD,1
IBM,2026-09-18,365.0,0.46,1317,3,56.29926513671876,44,235.14999389648438,🚬菸屁股,HOLD,1
IBM,2027-01-15,490.0,0.55,759,3,51.39208764648438,163,235.14999389648438,🆕低基期(前日Vol1) 🚬菸屁股,HOLD,1
T,2028-01-21,35.0,0.54,2623,3,28.980202392578118,534,23.3799991607666,🆕低基期(前日Vol1) 🔭LEAPS,HOLD,1
ORCL,2026-09-18,290.0,0.47,3030,3,91.94343994140624,44,145.74000549316406,🚬菸屁股,HOLD,1
META,2026-08-21,775.0,0.2,1261,3,53.076641113281255,16,587.9400024414062,🚬菸屁股,HOLD,1
META,2026-08-21,1400.0,0.02,1511,3,116.79729101562502,16,587.9400024414062,🚬菸屁股,HOLD,1
PFE,2028-01-21,37.0,0.4,2776,3,26.734131103515622,534,25.40999984741211,🔭LEAPS,HOLD,1
F,2028-01-21,10.0,4.75,2868,3,39.649041015625,534,14.239999771118164,🔭LEAPS,HOLD,1
RIVN,2026-08-21,25.0,0.02,1856,3,96.87503124999999,16,15.760000228881836,🚬菸屁股,HOLD,1
RIVN,2026-12-18,40.0,0.13,7084,3,81.2501875,135,15.760000228881836,🚬菸屁股,HOLD,1
SOUN,2026-10-16,14.0,0.16,4105,3,111.71919140624999,72,6.510000228881836,🚬菸屁股,HOLD,1
SOUN,2026-10-16,19.0,0.05,1067,3,124.21912890624998,72,6.510000228881836,🚬菸屁股,HOLD,1
SOUN,2027-01-15,35.0,0.09,3136,3,125.00037499999999,163,6.510000228881836,🆕低基期(前日Vol1) 🚬菸屁股,HOLD,1
TSLA,2026-09-18,940.0,0.09,10391,2,99.2187578125,44,327.3500061035156,🚬菸屁股,HOLD,1
TSLA,2026-12-18,950.0,0.65,6219,2,72.92507543945312,135,327.3500061035156,🚬菸屁股,HOLD,1
NVDA,2028-01-21,270.0,28.97,8363,2,46.010366561889654,534,211.94000244140625,🔭LEAPS,HOLD,1
NVDA,2028-01-21,380.0,11.0,8593,2,45.68383174133301,534,211.94000244140625,🔭LEAPS,HOLD,1
MSTR,2027-01-15,700.0,0.2,11134,2,108.984830078125,163,97.6500015258789,🚬菸屁股,HOLD,1
IBIT,2027-01-15,56.0,0.43,5256,2,44.28766650390625,163,36.38999938964844,🚬菸屁股,HOLD,1
INTC,2028-01-21,65.0,51.73,7339,2,86.80433117675781,534,100.86000061035156,🔭LEAPS,HOLD,1
SMCI,2026-12-18,96.0,0.3,991,2,104.29735351562503,135,31.690000534057617,🚬菸屁股,HOLD,1
SMCI,2028-01-21,55.0,8.8,856,2,93.05426867675781,534,31.690000534057617,🔭LEAPS,HOLD,1
OKLO,2026-09-18,155.0,0.11,788,2,145.3127734375,44,43.33000183105469,🚬菸屁股,HOLD,1
OKLO,2026-10-16,100.0,0.57,2534,2,105.37156689453124,72,43.33000183105469,🚬菸屁股,HOLD,1
OKLO,2026-11-20,165.0,0.3,1139,2,120.85000512695312,107,43.33000183105469,🚬菸屁股,HOLD,1
OKLO,2027-01-15,195.0,0.59,1253,2,114.30706909179689,163,43.33000183105469,🚬菸屁股,HOLD,1
OKLO,2027-01-15,220.0,0.4,1257,2,114.11175756835937,163,43.33000183105469,🚬菸屁股,HOLD,1
RKLB,2026-09-18,190.0,0.01,933,2,132.9104916992187,44,74.4800033569336,🚬菸屁股,HOLD,1
ASTS,2026-09-18,160.0,0.63,1084,2,123.38905493164063,44,70.30999755859375,🚬菸屁股,HOLD,1
UPST,2026-09-18,47.5,0.35,939,2,86.2306064453125,44,30.31999969482422,🚬菸屁股,HOLD,1
UPST,2026-09-18,52.5,0.3,1339,2,89.062609375,44,30.31999969482422,🚬菸屁股,HOLD,1
UPST,2026-09-18,62.5,0.11,775,2,102.34423828125001,44,30.31999969482422,🚬菸屁股,HOLD,1
UPST,2028-01-21,80.0,3.7,1087,2,83.13005151367186,534,30.31999969482422,🔭LEAPS,HOLD,1
SOFI,2027-01-15,42.0,0.16,6335,2,67.09017285156251,163,18.700000762939453,🚬菸屁股,HOLD,1
DKNG,2026-08-21,28.5,0.28,829,2,73.04714453125,16,23.610000610351562,🚬菸屁股,HOLD,1
DKNG,2026-09-18,37.5,0.08,2895,2,66.40658593750001,44,23.610000610351562,🚬菸屁股,HOLD,1
DKNG,2026-09-18,50.0,0.11,3134,2,95.70316796875,44,23.610000610351562,🚬菸屁股,HOLD,1
DKNG,2027-01-15,55.0,0.13,6880,2,69.5315546875,163,23.610000610351562,🚬菸屁股,HOLD,1
IREN,2026-10-16,90.0,0.81,1962,2,117.87150439453123,72,40.849998474121094,🚬菸屁股,HOLD,1
IREN,2026-11-20,130.0,0.39,1299,2,119.87344750976563,107,40.849998474121094,🚬菸屁股,HOLD,1
PATH,2026-08-21,21.0,0.03,976,2,87.500125,16,14.100000381469727,🚬菸屁股,HOLD,1
HOOD,2026-08-21,185.0,0.01,6101,2,96.87503124999999,16,93.51000213623047,🚬菸屁股,HOLD,1
HOOD,2026-09-18,175.0,0.17,1016,2,93.01764794921876,44,93.51000213623047,🚬菸屁股,HOLD,1
HOOD,2028-01-21,260.0,8.3,1231,2,71.53348779296876,534,93.51000213623047,🔭LEAPS,HOLD,1
TDOC,2026-10-16,11.0,0.09,1229,2,67.18782812500001,72,6.710000038146973,🚬菸屁股,HOLD,1
TDOC,2027-01-15,11.0,0.42,2639,2,78.32052929687501,163,6.710000038146973,🚬菸屁股,HOLD,1
TDOC,2027-01-15,20.0,0.08,20207,2,82.0314296875,163,6.710000038146973,🚬菸屁股,HOLD,1
TDOC,2028-01-21,7.0,2.02,1495,2,70.16631396484375,534,6.710000038146973,🔭LEAPS,HOLD,1
CRSP,2026-09-18,75.0,0.4,1021,2,62.2074091796875,44,53.06999969482422,🚬菸屁股,HOLD,1
NTLA,2026-10-16,13.0,0.95,891,2,73.82838671875,72,11.319999694824219,🚬菸屁股,HOLD,1
NTLA,2028-01-21,42.0,1.61,5948,2,95.43461596679688,534,11.319999694824219,🔭LEAPS,HOLD,1
BEAM,2028-01-21,35.0,7.06,949,2,80.23701403808592,534,28.350000381469727,🔭LEAPS,HOLD,1
BEAM,2028-01-21,40.0,5.5,2841,2,80.96942858886717,534,28.350000381469727,🔭LEAPS,HOLD,1
PACB,2026-09-18,3.0,0.12,2057,2,132.81283593749998,44,1.440000057220459,🚬菸屁股,HOLD,1
HIMS,2026-12-18,105.0,0.47,1576,2,110.54732226562503,135,32.15999984741211,🚬菸屁股,HOLD,1
LUNR,2026-09-18,42.0,0.06,4426,2,143.359658203125,44,13.960000038146973,🚬菸屁股,HOLD,1
LUNR,2026-12-18,32.0,0.88,996,2,117.87150439453123,135,13.960000038146973,🚬菸屁股,HOLD,1
JOBY,2026-08-21,15.0,0.01,6773,2,134.37532812499998,16,7.96999979019165,🚬菸屁股,HOLD,1
SMR,2028-01-21,35.0,1.88,1016,2,112.54926538085938,534,9.489999771118164,🔭LEAPS,HOLD,1
NNE,2027-01-15,42.0,0.9,851,2,99.65820654296876,163,18.170000076293945,🚬菸屁股,HOLD,1
NNE,2027-01-15,65.0,0.35,1270,2,106.44578027343752,163,18.170000076293945,🚬菸屁股,HOLD,1
IBM,2026-12-18,470.0,0.5,1245,2,53.51608984375,135,235.14999389648438,🚬菸屁股,HOLD,1
T,2027-01-15,32.0,0.13,11300,2,31.250687499999998,163,23.3799991607666,🚬菸屁股,HOLD,1
T,2027-01-15,40.0,0.04,8784,2,36.7193828125,163,23.3799991607666,🚬菸屁股,HOLD,1
ORLY,2028-01-21,160.0,1.4,1262,2,32.54461987304687,534,91.83000183105469,🔭LEAPS,HOLD,1
ORCL,2026-08-21,320.0,0.04,1229,2,125.00037499999999,16,145.74000549316406,🚬菸屁股,HOLD,1
ORCL,2026-09-18,360.0,0.2,1097,2,105.17625537109376,44,145.74000549316406,🚬菸屁股,HOLD,1
ORCL,2026-09-18,510.0,0.07,6942,2,122.266013671875,44,145.74000549316406,🚬菸屁股,HOLD,1
ORCL,2027-01-15,430.0,0.57,789,2,79.9806689453125,163,145.74000549316406,🚬菸屁股,HOLD,1
ORCL,2027-01-15,450.0,0.97,927,2,82.226740234375,163,145.74000549316406,🚬菸屁股,HOLD,1
AMZN,2026-11-20,410.0,0.85,771,2,39.429316650390625,107,277.4200134277344,🚬菸屁股,HOLD,1
META,2026-08-21,760.0,0.34,2201,2,51.318846191406244,16,587.9400024414062,🚬菸屁股,HOLD,1
META,2026-08-21,1480.0,0.01,3582,2,115.625421875,16,587.9400024414062,🚬菸屁股,HOLD,1
META,2026-09-18,990.0,0.16,1080,2,54.68795312500001,44,587.9400024414062,🚬菸屁股,HOLD,1
META,2026-11-20,1100.0,0.98,1146,2,50.50098327636719,107,587.9400024414062,🚬菸屁股,HOLD,1
META,2026-11-20,1200.0,0.48,1369,2,52.31981274414061,107,587.9400024414062,🚬菸屁股,HOLD,1
PFE,2026-12-18,42.0,0.01,1090,2,40.039662109375,135,25.40999984741211,🚬菸屁股,HOLD,1
LCID,2028-01-21,13.0,1.32,1570,2,66.74837939453127,534,7.78000020980835,🔭LEAPS,HOLD,1
LCID,2028-01-21,15.0,1.12,2591,2,69.28741650390626,534,7.78000020980835,🔭LEAPS,HOLD,1
F,2026-08-21,22.0,0.02,772,2,82.81267187499999,16,14.239999771118164,🚬菸屁股,HOLD,1
F,2026-09-18,23.0,0.04,2846,2,61.71913281250001,44,14.239999771118164,🚬菸屁股,HOLD,1
F,2026-12-18,19.85,0.2,6632,2,40.820904296875,135,14.239999771118164,🚬菸屁股,HOLD,1
RIVN,2026-09-18,28.0,0.05,865,2,76.562734375,44,15.760000228881836,🚬菸屁股,HOLD,1
RIVN,2026-09-18,35.0,0.04,2147,2,90.62509374999999,44,15.760000228881836,🚬菸屁股,HOLD,1
RIVN,2027-01-15,29.0,0.49,3183,2,71.48466015625,163,15.760000228881836,🚬菸屁股,HOLD,1
RIVN,2028-01-21,17.0,5.31,12711,2,75.83031982421876,534,15.760000228881836,🔭LEAPS,HOLD,1
RIVN,2028-01-21,32.0,2.36,750,2,74.14576635742188,534,15.760000228881836,🔭LEAPS,HOLD,1
RIVN,2028-06-16,20.0,5.0,1003,2,69.75127905273439,681,15.760000228881836,🔭LEAPS,HOLD,1
RIVN,2028-06-16,40.0,2.36,859,2,74.8293532714844,681,15.760000228881836,🔭LEAPS,HOLD,1
TSLA,2026-09-18,980.0,0.07,6761,1,101.3676806640625,44,327.3500061035156,🚬菸屁股,HOLD,1
NVDA,2028-01-21,370.0,8.6,5295,1,45.355771057128905,534,211.94000244140625,🔭LEAPS,HOLD,1
NVDA,2028-01-21,410.0,8.37,20836,1,45.19708123779297,534,211.94000244140625,🔭LEAPS,HOLD,1
MSFT,2026-08-21,800.0,0.02,5980,1,68.7503125,16,492.80999755859375,🚬菸屁股,HOLD,1
MSTR,2026-09-18,300.0,0.15,5595,1,118.75040625,44,97.6500015258789,🚬菸屁股,HOLD,1
IBIT,2026-10-16,65.0,0.05,7848,1,58.20354296875,72,36.38999938964844,🚬菸屁股,HOLD,1
SMCI,2026-12-18,72.0,0.76,1708,1,98.09572216796876,135,31.690000534057617,🚬菸屁股,HOLD,1
SMCI,2026-12-18,80.0,0.52,2986,1,99.56055126953125,135,31.690000534057617,🚬菸屁股,HOLD,1
SMCI,2028-01-21,38.0,10.36,937,1,94.10406286621094,534,31.690000534057617,🔭LEAPS,HOLD,1
OKLO,2026-10-16,150.0,0.12,950,1,120.50820996093749,72,43.33000183105469,🚬菸屁股,HOLD,1
OKLO,2026-12-18,125.0,0.99,2314,1,108.10592822265626,135,43.33000183105469,🚬菸屁股,HOLD,1
OKLO,2027-01-15,200.0,0.56,3882,1,115.28362670898437,163,43.33000183105469,🚬菸屁股,HOLD,1
OKLO,2027-01-15,250.0,0.35,1366,1,118.06681591796875,163,43.33000183105469,🚬菸屁股,HOLD,1
OKLO,2028-01-21,85.0,11.05,1097,1,100.4521578979492,534,43.33000183105469,🔭LEAPS,HOLD,1
OKLO,2028-01-21,120.0,7.6,900,1,100.04932788085937,534,43.33000183105469,🔭LEAPS,HOLD,1
OKLO,2028-01-21,155.0,6.05,2088,1,102.30761737060547,534,43.33000183105469,🔭LEAPS,HOLD,1
OKLO,2028-01-21,250.0,4.75,5563,1,105.7499829711914,534,43.33000183105469,🔭LEAPS,HOLD,1
VST,2026-08-21,240.0,0.1,1472,1,111.9145029296875,16,143.22999572753906,🚬菸屁股,HOLD,1
VST,2026-08-21,250.0,0.25,887,1,118.1644716796875,16,143.22999572753906,🚬菸屁股,HOLD,1
VST,2026-09-18,240.0,0.27,1338,1,69.82452050781251,44,143.22999572753906,🚬菸屁股,HOLD,1
IONQ,2026-11-20,120.0,0.7,2370,1,108.984830078125,107,41.720001220703125,🚬菸屁股,HOLD,1
IONQ,2026-11-20,140.0,0.2,1591,1,116.11370068359376,107,41.720001220703125,🚬菸屁股,HOLD,1
IONQ,2026-12-18,140.0,0.75,777,1,111.37739624023438,135,41.720001220703125,🚬菸屁股,HOLD,1
UPST,2027-01-15,65.0,0.9,766,1,80.32246240234375,163,30.31999969482422,🚬菸屁股,HOLD,1
UPST,2028-01-21,47.5,7.4,760,1,83.94791442871093,534,30.31999969482422,🔭LEAPS,HOLD,1
UPST,2028-01-21,100.0,2.98,1353,1,87.5123319091797,534,30.31999969482422,🔭LEAPS,HOLD,1
SOFI,2028-01-21,37.0,2.17,8100,1,66.08920629882813,534,18.700000762939453,🔭LEAPS,HOLD,1
DKNG,2026-08-21,37.5,0.1,6458,1,101.5629921875,16,23.610000610351562,🚬菸屁股,HOLD,1
DKNG,2026-09-18,45.0,0.01,6261,1,84.76577734374999,44,23.610000610351562,🚬菸屁股,HOLD,1
DKNG,2026-09-18,55.0,0.01,2593,1,130.66440917968748,44,23.610000610351562,🚬菸屁股,HOLD,1
DKNG,2026-09-18,60.0,0.01,2660,1,129.6878515625,44,23.610000610351562,🚬菸屁股,HOLD,1
DKNG,2026-12-18,33.0,0.95,1747,1,64.062859375,135,23.610000610351562,🚬菸屁股,HOLD,1
DKNG,2026-12-18,40.0,0.37,4905,1,60.40078662109377,135,23.610000610351562,🚬菸屁股,HOLD,1
DKNG,2026-12-18,50.0,0.24,1407,1,63.47692773437501,135,23.610000610351562,🚬菸屁股,HOLD,1
DKNG,2026-12-18,60.0,0.06,1035,1,69.5315546875,135,23.610000610351562,🚬菸屁股,HOLD,1
DKNG,2027-01-15,42.0,0.48,1585,1,60.10782080078126,163,23.610000610351562,🚬菸屁股,HOLD,1
DKNG,2027-01-15,57.5,0.11,954,1,62.69568554687501,163,23.610000610351562,🚬菸屁股,HOLD,1
DKNG,2027-01-15,80.0,0.02,1007,1,72.26590234375,163,23.610000610351562,🚬菸屁股,HOLD,1
IREN,2026-09-18,120.0,0.09,859,1,141.40654296875002,44,40.849998474121094,🚬菸屁股,HOLD,1
IREN,2026-10-16,100.0,0.62,6570,1,117.5297092285156,72,40.849998474121094,🚬菸屁股,HOLD,1
IREN,2026-10-16,105.0,0.55,853,1,117.67619287109375,72,40.849998474121094,🚬菸屁股,HOLD,1
ROKU,2026-12-18,175.0,0.5,1247,1,28.97409893798828,135,147.3300018310547,🚬菸屁股,HOLD,1
HOOD,2026-08-21,170.0,0.01,956,1,126.46521142578125,16,93.51000213623047,🚬菸屁股,HOLD,1
HOOD,2028-01-21,240.0,8.5,1430,1,72.62600616455077,534,93.51000213623047,🔭LEAPS,HOLD,1
TDOC,2028-01-21,3.0,4.26,2342,1,76.562734375,534,6.710000038146973,🔭LEAPS,HOLD,1
ZM,2026-08-21,140.0,0.09,1744,1,59.570716796875004,16,102.12000274658203,🚬菸屁股,HOLD,1
ZM,2026-09-18,150.0,0.25,1632,1,57.129334960937506,44,102.12000274658203,🚬菸屁股,HOLD,1
XYZ,2027-01-15,140.0,0.95,1314,1,51.8559501953125,163,84.63999938964844,🚬菸屁股,HOLD,1
NTLA,2027-01-15,30.0,0.25,1057,1,100.58643457031249,163,11.319999694824219,🚬菸屁股,HOLD,1
NTLA,2028-01-21,20.0,3.7,1484,1,105.51805053710939,534,11.319999694824219,🔭LEAPS,HOLD,1
BEAM,2028-01-21,50.0,4.5,1964,1,78.711150390625,534,28.350000381469727,🔭LEAPS,HOLD,1
PACB,2027-01-15,1.0,0.6,2664,1,96.0937890625,163,1.440000057220459,🚬菸屁股,HOLD,1
PACB,2027-01-15,4.0,0.08,2002,1,148.047134765625,163,1.440000057220459,🚬菸屁股,HOLD,1
HIMS,2026-12-18,80.0,0.67,3432,1,99.07227490234375,135,32.15999984741211,🚬菸屁股,HOLD,1
HIMS,2027-01-15,90.0,0.94,5047,1,99.65820654296876,163,32.15999984741211,🚬菸屁股,HOLD,1
HIMS,2028-01-21,55.0,8.79,797,1,90.95468029785157,534,32.15999984741211,🔭LEAPS,HOLD,1
HIMS,2028-01-21,65.0,7.55,922,1,95.47123669433593,534,32.15999984741211,🔭LEAPS,HOLD,1
HIMS,2028-01-21,80.0,5.84,1106,1,94.21392504882812,534,32.15999984741211,🔭LEAPS,HOLD,1
KTOS,2028-01-21,160.0,3.9,857,1,80.23701403808592,534,51.869998931884766,🔭LEAPS,HOLD,1
ONDS,2026-09-18,22.0,0.07,4721,1,139.84405078125,44,8.859999656677246,🚬菸屁股,HOLD,1
ONDS,2027-01-15,19.0,0.61,975,1,112.79340478515624,163,8.859999656677246,🚬菸屁股,HOLD,1
LUNR,2026-09-18,28.0,0.21,1320,1,124.21912890624998,44,13.960000038146973,🚬菸屁股,HOLD,1
LUNR,2027-01-15,37.0,0.95,2922,1,121.19180029296874,163,13.960000038146973,🚬菸屁股,HOLD,1
LUNR,2028-01-21,35.0,4.3,763,1,119.06778747558593,534,13.960000038146973,🔭LEAPS,HOLD,1
JOBY,2026-10-16,20.0,0.01,865,1,110.9379453125,72,7.96999979019165,🚬菸屁股,HOLD,1
ACHR,2027-01-15,22.0,0.08,7399,1,108.984830078125,163,5.309999942779541,🚬菸屁股,HOLD,1
SMR,2026-08-21,19.0,0.02,10317,1,146.875265625,16,9.489999771118164,🚬菸屁股,HOLD,1
SMR,2027-01-15,60.0,0.12,875,1,129.6878515625,163,9.489999771118164,🚬菸屁股,HOLD,1
SMR,2027-01-15,65.0,0.09,845,1,137.6956240234375,163,9.489999771118164,🚬菸屁股,HOLD,1
SMR,2027-01-15,80.0,0.07,9977,1,135.547197265625,163,9.489999771118164,🚬菸屁股,HOLD,1
SMR,2027-01-15,85.0,0.08,2874,1,134.37532812499998,163,9.489999771118164,🚬菸屁股,HOLD,1
SMR,2028-01-21,80.0,0.81,807,1,114.30706909179689,534,9.489999771118164,🔭LEAPS,HOLD,1
NNE,2027-01-15,45.0,0.75,1481,1,98.87696435546876,163,18.170000076293945,🚬菸屁股,HOLD,1
NNE,2027-01-15,60.0,0.35,1721,1,102.93017285156252,163,18.170000076293945,🚬菸屁股,HOLD,1
CRWV,2028-01-21,195.0,9.54,3446,1,90.76547320556641,534,91.9000015258789,🔭LEAPS,HOLD,1
IBM,2026-08-21,380.0,0.26,1019,1,81.83611914062499,16,235.14999389648438,🚬菸屁股,HOLD,1
IBM,2026-08-21,450.0,0.06,906,1,100.78174609374999,16,235.14999389648438,🚬菸屁股,HOLD,1
IBM,2026-09-18,370.0,0.22,942,1,59.42423388671876,44,235.14999389648438,🚬菸屁股,HOLD,1
IBM,2027-01-15,470.0,0.59,1262,1,51.78270874023438,163,235.14999389648438,🚬菸屁股,HOLD,1
IBM,2028-01-21,460.0,7.1,1164,1,47.649144119262694,534,235.14999389648438,🔭LEAPS,HOLD,1
T,2026-08-21,29.0,0.02,813,1,42.9693203125,16,23.3799991607666,🚬菸屁股,HOLD,1
T,2026-08-21,30.0,0.01,854,1,53.12546875,16,23.3799991607666,🚬菸屁股,HOLD,1
T,2026-08-21,35.0,0.01,1226,1,68.7503125,16,23.3799991607666,🚬菸屁股,HOLD,1
T,2028-01-21,32.0,0.92,4198,1,28.894754028320303,534,23.3799991607666,🔭LEAPS,HOLD,1
ORCL,2026-08-21,310.0,0.02,1875,1,120.3128984375,16,145.74000549316406,🚬菸屁股,HOLD,1
ORCL,2026-08-21,330.0,0.05,1585,1,123.43788281249999,16,145.74000549316406,🚬菸屁股,HOLD,1
ORCL,2026-09-18,330.0,0.21,2261,1,96.679720703125,44,145.74000549316406,🚬菸屁股,HOLD,1
ORCL,2026-09-18,340.0,0.27,908,1,101.7583037109375,44,145.74000549316406,🚬菸屁股,HOLD,1
ORCL,2026-12-18,380.0,0.89,876,1,80.15156567382812,135,145.74000549316406,🚬菸屁股,HOLD,1
ORCL,2028-01-21,430.0,7.5,1662,1,71.1062459716797,534,145.74000549316406,🔭LEAPS,HOLD,1
META,2026-08-21,1020.0,0.03,1030,1,78.9064609375,16,587.9400024414062,🚬菸屁股,HOLD,1
META,2026-08-21,1440.0,0.01,1278,1,112.5004375,16,587.9400024414062,🚬菸屁股,HOLD,1
META,2026-12-18,1290.0,0.65,8569,1,52.9423651123047,135,587.9400024414062,🚬菸屁股,HOLD,1
PFE,2026-09-18,37.0,0.01,822,1,51.17236328125,44,25.40999984741211,🚬菸屁股,HOLD,1
PFE,2026-12-18,37.0,0.05,1097,1,32.52020605468749,135,25.40999984741211,🚬菸屁股,HOLD,1
PFE,2027-01-15,42.0,0.03,18713,1,34.37565625,163,25.40999984741211,🚬菸屁股,HOLD,1
LCID,2026-12-18,20.0,0.14,1896,1,88.67198828125,135,7.78000020980835,🚬菸屁股,HOLD,1
LCID,2027-01-15,35.0,0.01,1223,1,112.89106054687501,163,7.78000020980835,🚬菸屁股,HOLD,1
LCID,2028-01-21,3.0,4.9,1504,1,69.336244140625,534,7.78000020980835,🔭LEAPS,HOLD,1
LCID,2028-01-21,25.0,0.6,1021,1,73.24245507812499,534,7.78000020980835,🔭LEAPS,HOLD,1
F,2026-08-21,19.0,0.01,3504,1,62.500375000000005,16,14.239999771118164,🚬菸屁股,HOLD,1
F,2026-08-21,20.0,0.01,7944,1,62.500375000000005,16,14.239999771118164,🚬菸屁股,HOLD,1
F,2026-09-18,22.0,0.02,5041,1,57.0316796875,44,14.239999771118164,🚬菸屁股,HOLD,1
F,2026-12-18,19.67,0.21,14421,1,42.2857333984375,135,14.239999771118164,🚬菸屁股,HOLD,1
F,2026-12-18,21.67,0.17,7820,1,43.164630859375,135,14.239999771118164,🚬菸屁股,HOLD,1
F,2027-01-15,22.0,0.27,1543,1,43.164630859375,163,14.239999771118164,🚬菸屁股,HOLD,1
F,2028-01-21,8.0,7.0,1449,1,40.7232490234375,534,14.239999771118164,🔭LEAPS,HOLD,1
BAC,2026-08-21,70.0,0.02,3617,1,25.196060546875,16,62.900001525878906,🚬菸屁股,HOLD,1
BAC,2028-01-21,85.0,2.22,2567,1,27.22851092529296,534,62.900001525878906,🔭LEAPS,HOLD,1
RIVN,2026-12-18,32.0,0.29,5210,1,74.414318359375,135,15.760000228881836,🚬菸屁股,HOLD,1
RIVN,2027-01-15,37.0,0.32,877,1,76.562734375,163,15.760000228881836,🚬菸屁股,HOLD,1
RIVN,2028-01-21,8.0,9.7,795,1,86.08412353515625,534,15.760000228881836,🔭LEAPS,HOLD,1
RIVN,2028-01-21,37.0,2.0,4973,1,75.00025000000001,534,15.760000228881836,🔭LEAPS,HOLD,1
SOUN,2028-01-21,20.0,1.04,4648,1,96.53323779296875,534,6.510000228881836,🔭LEAPS,HOLD,1
U,2026-08-07,34.0,3.09,3291,4776,168.45718896484377,2,35.220001220703125,🎲末日結算 🚨異常掃貨 ⚠️IV頂峰,GAMBLE,0
OPEN,2026-08-07,5.5,0.06,8115,8383,215.62546093749998,2,4.119999885559082,🎲末日結算 🚀點火(3.7x) ⚠️IV頂峰 🚬菸屁股 ⚠️暴動高IV(216%),GAMBLE,-1
OPEN,2026-08-07,6.5,0.01,3055,2711,256.25035937499996,2,4.119999885559082,🎲末日結算 🆕新倉暴量 ⚠️IV頂峰 🚬菸屁股 ⚠️暴動高IV(256%),GAMBLE,-1
SMR,2026-08-07,12.0,0.09,3302,2527,176.5626171875,2,9.489999771118164,🎲末日結算 🆕新倉暴量 ⚠️IV頂峰 🚬菸屁股 ⚠️暴動高IV(177%),GAMBLE,-1
LCID,2026-08-07,8.0,0.59,2927,2210,207.81298046874994,2,7.78000020980835,🎲末日結算 🆕新倉暴量 ⚠️IV頂峰 🚬菸屁股 ⚠️暴動高IV(208%),GAMBLE,-1
OPEN,2026-08-07,7.0,0.02,2702,1505,262.50034375,2,4.119999885559082,🎲末日結算 🆕新倉暴量 ⚠️IV頂峰 🚬菸屁股 ⚠️暴動高IV(263%),GAMBLE,-1
LCID,2026-08-07,8.5,0.41,1400,1315,205.46923632812496,2,7.78000020980835,🎲末日結算 🆕新倉暴量 ⚠️IV頂峰 🚬菸屁股 ⚠️暴動高IV(205%),GAMBLE,-1
LCID,2026-08-07,10.0,0.14,1427,1284,224.21918945312495,2,7.78000020980835,🎲末日結算 🆕新倉暴量 ⚠️IV頂峰 🚬菸屁股 ⚠️暴動高IV(224%),GAMBLE,-1
LCID,2026-08-07,9.0,0.27,1961,1233,210.15672460937495,2,7.78000020980835,🎲末日結算 🆕新倉暴量 ⚠️IV頂峰 🚬菸屁股 ⚠️暴動高IV(210%),GAMBLE,-1
SMR,2026-08-07,11.5,0.13,801,871,173.4376328125,2,9.489999771118164,🎲末日結算 🆕新倉暴量 ⚠️IV頂峰 🚬菸屁股 ⚠️暴動高IV(173%),GAMBLE,-1
SOUN,2026-08-07,10.0,0.01,2521,807,206.25048437499998,2,6.510000228881836,🎲末日結算 🆕新倉暴量 ⚠️IV頂峰 🚬菸屁股 ⚠️暴動高IV(206%),GAMBLE,-1
UPST,2026-08-07,37.0,0.31,982,761,157.61739941406248,2,30.31999969482422,🎲末日結算 🆕新倉暴量 ⚠️IV頂峰 🚬菸屁股 ⚠️暴動高IV(158%),GAMBLE,-1
SOUN,2026-08-07,9.5,0.03,1288,680,193.75003125,2,6.510000228881836,🎲末日結算 🆕新倉暴量 ⚠️IV頂峰 🚬菸屁股 ⚠️暴動高IV(194%),GAMBLE,-1
LCID,2026-08-07,7.5,0.88,2680,622,205.8598603515625,2,7.78000020980835,🎲末日結算 🆕新倉暴量 ⚠️IV頂峰 🚬菸屁股 ⚠️暴動高IV(206%),GAMBLE,-1
IONQ,2026-08-07,55.0,0.15,809,614,152.73461132812497,2,41.720001220703125,🎲末日結算 🆕新倉暴量 ⚠️IV頂峰 🚬菸屁股 ⚠️暴動高IV(153%),GAMBLE,-1
NBIS,2026-08-07,340.0,0.04,2047,546,163.28143359374997,2,225.74000549316406,🎲末日結算 🆕新倉暴量 ⚠️IV頂峰 🚬菸屁股 ⚠️暴動高IV(163%),GAMBLE,-1
COIN,2026-09-18,740.0,0.04,6299,2840,152.73461132812497,44,150.72999572753906,🆕新倉暴量 ⚠️IV頂峰 🚬菸屁股 ⚠️尾段價外(391%) ⚠️暴動高IV(153%),BUY_WATCH,-2
OKLO,2026-09-18,220.0,0.54,755,550,202.53955615234372,44,43.33000183105469,🆕新倉暴量 ⚠️IV頂峰 🚬菸屁股 ⚠️尾段價外(408%) ⚠️暴動高IV(203%),BUY_WATCH,-2
ORCL,2026-08-21,360.0,0.03,1140,352,154.297103515625,16,145.74000549316406,🚀點火(8.4x) ⚠️IV頂峰 🚬菸屁股 ⚠️尾段價外(147%) ⚠️暴動高IV(154%),BUY_WATCH,-2
LUNR,2026-09-18,40.0,0.08,4310,326,162.10956445312502,44,13.960000038146973,🚀點火(11.2x) ⚠️IV頂峰 🚬菸屁股 ⚠️尾段價外(187%) ⚠️暴動高IV(162%),BUY_WATCH,-2
RKLB,2026-08-21,170.0,0.02,1743,138,158.39864550781246,16,74.4800033569336,🚀點火(3.5x) ⚠️IV頂峰 🚬菸屁股 ⚠️尾段價外(128%) ⚠️暴動高IV(158%),BUY_WATCH,-2
