Stock,Expiry,Strike,Ask,OpenInterest,Volume,IV,Tags,Action,Score
NVDA,2026-05-15,200.0,7.15,36511,52982,0%,🚨異常掃貨 🚀點火(4.9x) 🔥萬人塚,STRONG_BUY,10
PATH,2026-03-13,15.0,0.36,3842,24691,0%,🚨異常掃貨 🚀點火(13.1x) 🚬菸屁股,STRONG_BUY,9
PATH,2026-03-20,14.5,0.62,2298,21305,0%,🚨異常掃貨 🚀點火(332.9x) 🚬菸屁股,STRONG_BUY,9
HIMS,2026-03-13,27.0,0.6,4269,19562,0%,🚨異常掃貨 🚀點火(3.7x) 🚬菸屁股,STRONG_BUY,9
PATH,2026-03-13,16.0,0.21,1305,17681,0%,🚨異常掃貨 🚀點火(88.4x) 🚬菸屁股,STRONG_BUY,9
MSTR,2026-03-13,160.0,0.05,13302,16050,0%,🚨異常掃貨 🚀點火(3.6x) 🚬菸屁股,STRONG_BUY,9
OPEN,2026-03-13,5.0,0.31,12175,14859,0%,🚨異常掃貨 🚀點火(3.0x) 🚬菸屁股,STRONG_BUY,9
HIMS,2026-03-13,28.0,0.38,3277,13839,0%,🚨異常掃貨 🚀點火(3.1x) 🚬菸屁股,STRONG_BUY,9
HIMS,2026-03-13,29.0,0.26,1847,9005,0%,🚨異常掃貨 🚀點火(3.0x) 🚬菸屁股,STRONG_BUY,9
HIMS,2026-04-17,40.0,0.65,3292,7980,0%,🚨異常掃貨 🚀點火(21.3x) 🚬菸屁股,STRONG_BUY,9
U,2026-03-13,21.0,0.32,4550,7711,0%,🚨異常掃貨 🚀點火(15.1x) 🚬菸屁股,STRONG_BUY,9
PATH,2026-03-13,14.0,0.58,5325,7612,0%,🚨異常掃貨 🚀點火(9.1x) 🚬菸屁股,STRONG_BUY,9
ONDS,2026-03-20,10.5,0.47,4105,7126,0%,🚨異常掃貨 🚀點火(3.2x) 🚬菸屁股,STRONG_BUY,9
PATH,2026-03-13,15.5,0.29,1969,6138,0%,🚨異常掃貨 🚀點火(49.9x) 🚬菸屁股,STRONG_BUY,9
U,2026-03-13,22.0,0.15,937,5895,0%,🚨異常掃貨 🚀點火(9.4x) 🚬菸屁股,STRONG_BUY,9
HIMS,2026-03-13,35.0,0.07,2067,5353,0%,🚨異常掃貨 🚀點火(4.8x) 🚬菸屁股,STRONG_BUY,9
PATH,2026-03-13,14.5,0.45,2246,4283,0%,🚨異常掃貨 🚀點火(13.1x) 🚬菸屁股,STRONG_BUY,9
CRWV,2026-03-13,87.0,0.77,1347,3746,0%,🚨異常掃貨 🚀點火(10.3x) 🚬菸屁股,STRONG_BUY,9
PATH,2026-03-20,13.5,0.91,1824,3381,0%,🚨異常掃貨 🚀點火(45.7x) 🚬菸屁股,STRONG_BUY,9
PATH,2026-03-13,17.0,0.12,1843,2917,0%,🚨異常掃貨 🚀點火(2.9x) 🚬菸屁股,STRONG_BUY,9
HIMS,2026-03-20,29.0,0.82,860,2205,0%,🚨異常掃貨 🚀點火(2.9x) 🚬菸屁股,STRONG_BUY,9
ASTS,2026-04-17,180.0,0.45,1236,1812,0%,🚨異常掃貨 🚀點火(15.4x) 🚬菸屁股,STRONG_BUY,9
U,2026-03-20,21.5,0.6,1115,1690,0%,🚨異常掃貨 🚀點火(8.5x) 🚬菸屁股,STRONG_BUY,9
NVDA,2026-03-20,200.0,0.66,265665,72933,0%,🚀點火(3.3x) 🚬菸屁股 🔥萬人塚,BUY_WATCH,8
PATH,2026-03-20,12.5,1.23,784,15058,0%,🚨異常掃貨 🚀點火(147.6x),STRONG_BUY,8
PATH,2026-03-13,12.0,1.3,7464,13810,0%,🚨異常掃貨 🚀點火(4.1x),STRONG_BUY,8
NBIS,2026-03-13,115.0,2.08,2386,13709,0%,🚨異常掃貨 🚀點火(43.4x),STRONG_BUY,8
NBIS,2026-03-13,110.0,4.7,4142,10692,0%,🚨異常掃貨 🚀點火(10.2x),STRONG_BUY,8
ONDS,2026-03-20,10.0,0.66,30219,10194,0%,🚀點火(2.9x) 🚬菸屁股 🔥萬人塚,BUY_WATCH,8
CRWV,2026-03-13,82.0,2.5,2124,5635,0%,🚨異常掃貨 🚀點火(8.2x),STRONG_BUY,8
PATH,2026-03-13,12.5,1.08,1368,5334,0%,🚨異常掃貨 🚀點火(11.4x),STRONG_BUY,8
IREN,2026-04-17,50.0,2.57,3759,5259,0%,🚨異常掃貨 🚀點火(3.9x),STRONG_BUY,8
CRWV,2026-03-20,100.0,0.66,87655,5215,0%,🚀點火(5.8x) 🚬菸屁股 🔥萬人塚,BUY_WATCH,8
CRWV,2026-03-13,84.0,1.62,1364,4763,0%,🚨異常掃貨 🚀點火(4.3x),STRONG_BUY,8
HOOD,2026-03-13,78.0,2.15,3027,4660,0%,🚨異常掃貨 🚀點火(4.7x),STRONG_BUY,8
CRWV,2026-03-13,83.0,2.03,1012,2904,0%,🚨異常掃貨 🚀點火(7.1x),STRONG_BUY,8
DKNG,2026-05-15,27.5,1.93,1360,2608,0%,🚨異常掃貨 🚀點火(186.3x),STRONG_BUY,8
ONDS,2026-04-17,7.0,3.3,882,2588,0%,🚨異常掃貨 🚀點火(4.2x),STRONG_BUY,8
HIMS,2026-04-17,28.0,2.57,1044,2342,0%,🚨異常掃貨 🚀點火(2.6x),STRONG_BUY,8
ASTS,2026-04-17,135.0,1.7,1029,2274,0%,🚨異常掃貨 🚀點火(119.7x),STRONG_BUY,8
RKLB,2026-03-13,73.0,1.79,948,2040,0%,🚨異常掃貨 🚀點火(3.0x),STRONG_BUY,8
PATH,2026-04-17,14.0,1.08,1229,1535,0%,🚨異常掃貨 🚀點火(15.2x),STRONG_BUY,8
NBIS,2026-04-17,160.0,1.46,1241,1520,0%,🚨異常掃貨 🚀點火(168.9x),STRONG_BUY,8
CRWV,2026-03-20,82.5,4.9,881,1427,0%,🚨異常掃貨 🚀點火(15.3x),STRONG_BUY,8
ONDS,2027-01-15,30.0,1.05,40688,508,0%,🚀點火(2.6x) 🔭LEAPS 🔥萬人塚,BUY_WATCH,8
NVDA,2027-01-15,160.0,48.0,110481,365,0%,🚀點火(3.9x) 🔭LEAPS 🔥萬人塚,BUY_WATCH,8
SOFI,2027-01-15,12.0,8.5,30228,165,0%,🚀點火(3.2x) 🔭LEAPS 🔥萬人塚,BUY_WATCH,8
TSLA,2027-01-15,940.0,6.1,100305,136,0%,🚀點火(12.4x) 🔭LEAPS 🔥萬人塚,BUY_WATCH,8
IBIT,2026-05-15,63.0,0.18,70707,112,0%,🚀點火(56.0x) 🚬菸屁股 🔥萬人塚,BUY_WATCH,8
HIMS,2026-03-13,30.0,0.17,11727,33246,0%,🚨異常掃貨 🚬菸屁股,STRONG_BUY,6
TSLA,2026-03-13,425.0,0.58,10280,22337,0%,🚨異常掃貨 🚬菸屁股,STRONG_BUY,6
HIMS,2026-03-20,30.0,0.67,14236,20915,0%,🚨異常掃貨 🚬菸屁股,STRONG_BUY,6
AMD,2026-03-13,215.0,0.42,10891,19973,0%,🚨異常掃貨 🚬菸屁股,STRONG_BUY,6
ONDS,2026-03-13,10.0,0.31,12189,16625,0%,🚨異常掃貨 🚬菸屁股,STRONG_BUY,6
TSLA,2026-03-13,430.0,0.26,8782,15422,0%,🚨異常掃貨 🚬菸屁股,STRONG_BUY,6
TSLA,2026-03-20,455.0,0.53,15218,12619,0%,🚀點火(47.6x) 🚬菸屁股,BUY_WATCH,6
TSLA,2026-03-13,422.5,0.84,7303,12200,0%,🚨異常掃貨 🚬菸屁股,STRONG_BUY,6
MSTR,2026-03-13,152.5,0.18,23486,11107,0%,🚀點火(4.0x) 🚬菸屁股,BUY_WATCH,6
PATH,2026-03-20,15.0,0.5,19637,10933,0%,🚀點火(5.8x) 🚬菸屁股,BUY_WATCH,6
IREN,2026-05-15,110.0,0.26,12071,10615,0%,🚀點火(353.8x) 🚬菸屁股,BUY_WATCH,6
HIMS,2026-03-13,26.0,0.93,5263,9987,0%,🚨異常掃貨 🚬菸屁股,STRONG_BUY,6
COIN,2026-03-13,217.5,0.45,9690,9930,0%,🚀點火(5.7x) 🚬菸屁股,BUY_WATCH,6
COIN,2026-03-13,227.5,0.25,9075,9092,0%,🚀點火(6.7x) 🚬菸屁股,BUY_WATCH,6
IREN,2026-05-15,100.0,0.51,9611,8828,0%,🚀點火(196.2x) 🚬菸屁股,BUY_WATCH,6
SOFI,2026-03-20,19.5,0.39,15631,7956,0%,🚀點火(5.4x) 🚬菸屁股,BUY_WATCH,6
HIMS,2026-03-20,40.0,0.14,11827,7802,0%,🚀點火(2.7x) 🚬菸屁股,BUY_WATCH,6
PATH,2026-03-13,13.0,0.88,5778,6683,0%,🚀點火(9.1x) 🚬菸屁股,BUY_WATCH,6
AMD,2026-05-15,370.0,0.22,6275,6114,0%,🚀點火(6114.0x) 🚬菸屁股,BUY_WATCH,6
HIMS,2026-03-13,26.5,0.77,1289,6054,0%,🚨異常掃貨 🚬菸屁股,STRONG_BUY,6
PATH,2026-03-13,13.5,0.72,7587,5950,0%,🚀點火(8.3x) 🚬菸屁股,BUY_WATCH,6
HIMS,2027-01-15,50.0,4.85,12995,5559,0%,🚀點火(9.4x) 🔭LEAPS,BUY_WATCH,6
ASTS,2026-03-13,106.0,0.11,4129,5377,0%,🚨異常掃貨 🚬菸屁股,STRONG_BUY,6
OPEN,2026-08-21,7.0,0.82,11951,5238,0%,🚀點火(12.8x) 🚬菸屁股,BUY_WATCH,6
HIMS,2027-01-15,40.0,6.45,4519,4712,0%,🚀點火(11.9x) 🔭LEAPS,BUY_WATCH,6
SMCI,2026-03-13,32.0,0.62,6405,4699,0%,🚀點火(2.5x) 🚬菸屁股,BUY_WATCH,6
PATH,2026-03-20,14.0,0.72,5046,4593,0%,🚀點火(13.4x) 🚬菸屁股,BUY_WATCH,6
NBIS,2026-03-13,120.0,0.79,3793,4456,0%,🚀點火(16.1x) 🚬菸屁股,BUY_WATCH,6
IREN,2026-03-13,46.0,0.19,3702,4404,0%,🚀點火(5.0x) 🚬菸屁股,BUY_WATCH,6
ASTS,2026-03-13,95.0,0.9,2612,4098,0%,🚨異常掃貨 🚬菸屁股,STRONG_BUY,6
HIMS,2026-03-13,32.0,0.11,2041,4087,0%,🚨異常掃貨 🚬菸屁股,STRONG_BUY,6
XYZ,2026-03-20,70.0,0.5,18288,4049,0%,🚀點火(60.4x) 🚬菸屁股,BUY_WATCH,6
PATH,2026-03-20,20.0,0.08,20197,3953,0%,🚀點火(15.9x) 🚬菸屁股,BUY_WATCH,6
NVDA,2027-01-15,230.0,17.15,29004,3614,0%,🚀點火(9.4x) 🔭LEAPS,BUY_WATCH,6
IREN,2026-03-13,44.0,0.58,3407,3607,0%,🚀點火(2.7x) 🚬菸屁股,BUY_WATCH,6
HIMS,2026-03-13,31.0,0.15,1012,3528,0%,🚨異常掃貨 🚬菸屁股,STRONG_BUY,6
OPEN,2026-03-20,6.0,0.06,14237,3294,0%,🚀點火(2.6x) 🚬菸屁股,BUY_WATCH,6
SMCI,2027-01-15,45.0,5.05,7611,3102,0%,🚀點火(7.1x) 🔭LEAPS,BUY_WATCH,6
SMCI,2027-01-15,40.0,6.2,16839,3084,0%,🚀點火(24.3x) 🔭LEAPS,BUY_WATCH,6
LUNR,2026-03-20,25.0,0.28,6340,3005,0%,🚀點火(91.1x) 🚬菸屁股,BUY_WATCH,6
ONDS,2026-03-20,15.0,0.05,28248,2764,0%,🚀點火(2.8x) 🚬菸屁股,BUY_WATCH,6
HIMS,2026-03-13,40.0,0.03,2049,2707,0%,🚨異常掃貨 🚬菸屁股,STRONG_BUY,6
SOFI,2026-03-20,21.5,0.08,5429,2659,0%,🚀點火(3.1x) 🚬菸屁股,BUY_WATCH,6
MSTR,2026-03-20,300.0,0.02,17223,2412,0%,🚀點火(34.0x) 🚬菸屁股,BUY_WATCH,6
PATH,2026-03-20,17.0,0.24,7668,2141,0%,🚀點火(59.5x) 🚬菸屁股,BUY_WATCH,6
HIMS,2026-04-17,50.0,0.33,3491,2069,0%,🚀點火(4.6x) 🚬菸屁股,BUY_WATCH,6
CRWV,2027-01-15,200.0,6.4,3864,2062,0%,🚀點火(71.1x) 🔭LEAPS,BUY_WATCH,6
LUNR,2026-03-13,20.0,0.23,3606,2045,0%,🚀點火(7.0x) 🚬菸屁股,BUY_WATCH,6
HIMS,2026-03-20,50.0,0.08,6818,1813,0%,🚀點火(6.2x) 🚬菸屁股,BUY_WATCH,6
SOFI,2026-05-15,28.0,0.22,7083,1786,0%,🚀點火(5.3x) 🚬菸屁股,BUY_WATCH,6
MSTR,2026-03-20,180.0,0.19,6669,1705,0%,🚀點火(4.3x) 🚬菸屁股,BUY_WATCH,6
CRWV,2026-03-13,92.0,0.21,2120,1651,0%,🚀點火(68.8x) 🚬菸屁股,BUY_WATCH,6
ONDS,2026-04-17,17.0,0.19,2901,1635,0%,🚀點火(6.4x) 🚬菸屁股,BUY_WATCH,6
SOFI,2027-01-15,27.0,2.42,17691,1580,0%,🚀點火(15.6x) 🔭LEAPS,BUY_WATCH,6
SMCI,2026-03-20,37.0,0.22,6926,1566,0%,🚀點火(8.2x) 🚬菸屁股,BUY_WATCH,6
SOFI,2027-01-15,40.0,0.84,22334,1561,0%,🚀點火(3.8x) 🔭LEAPS,BUY_WATCH,6
SOFI,2028-06-16,32.0,5.05,7020,1547,0%,🚀點火(171.9x) 🔭LEAPS,BUY_WATCH,6
OPEN,2026-04-17,5.0,0.7,1939,1471,0%,🚀點火(12.9x) 🚬菸屁股,BUY_WATCH,6
SOFI,2028-01-21,20.0,6.8,9911,1363,0%,🚀點火(6.8x) 🔭LEAPS,BUY_WATCH,6
SMCI,2026-04-17,40.0,0.67,4273,1351,0%,🚀點火(2.7x) 🚬菸屁股,BUY_WATCH,6
TSLA,2026-03-20,470.0,0.22,5914,1340,0%,🚀點火(4.1x) 🚬菸屁股,BUY_WATCH,6
HIMS,2026-03-20,36.0,0.23,1067,1280,0%,🚀點火(5.6x) 🚬菸屁股,BUY_WATCH,6
SOFI,2026-05-15,22.0,0.95,4596,1277,0%,🚀點火(3.0x) 🚬菸屁股,BUY_WATCH,6
PATH,2026-04-17,15.0,0.83,1070,1235,0%,🚀點火(10.8x) 🚬菸屁股,BUY_WATCH,6
IBIT,2027-01-15,120.0,0.4,17323,1210,0%,🚀點火(121.0x) 🔭LEAPS,BUY_WATCH,6
DKNG,2026-03-13,27.0,0.1,2085,1209,0%,🚀點火(9.4x) 🚬菸屁股,BUY_WATCH,6
TDOC,2027-01-15,20.0,0.25,8804,1177,0%,🚀點火(117.7x) 🔭LEAPS,BUY_WATCH,6
U,2026-03-13,23.0,0.07,3235,1176,0%,🚀點火(9.0x) 🚬菸屁股,BUY_WATCH,6
CRWV,2026-03-13,88.0,0.61,1754,1174,0%,🚀點火(6.0x) 🚬菸屁股,BUY_WATCH,6
AMD,2026-03-20,270.0,0.03,9004,1149,0%,🚀點火(20.2x) 🚬菸屁股,BUY_WATCH,6
CRWV,2026-03-13,86.0,0.99,1039,1033,0%,🚀點火(5.6x) 🚬菸屁股,BUY_WATCH,6
JOBY,2026-04-17,18.0,0.14,6090,1002,0%,🚀點火(71.6x) 🚬菸屁股,BUY_WATCH,6
ONDS,2026-04-17,13.0,0.57,1468,962,0%,🚀點火(2.8x) 🚬菸屁股,BUY_WATCH,6
HIMS,2026-03-20,33.0,0.39,2725,942,0%,🚀點火(2.9x) 🚬菸屁股,BUY_WATCH,6
HOOD,2026-03-20,86.0,0.93,2061,928,0%,🚀點火(6.4x) 🚬菸屁股,BUY_WATCH,6
IREN,2026-03-20,48.0,0.77,1904,910,0%,🚀點火(3.5x) 🚬菸屁股,BUY_WATCH,6
HIMS,2027-01-15,60.0,3.85,5832,887,0%,🚀點火(3.4x) 🔭LEAPS,BUY_WATCH,6
NBIS,2026-03-20,135.0,0.7,1167,881,0%,🚀點火(40.0x) 🚬菸屁股,BUY_WATCH,6
OPEN,2026-04-17,7.0,0.12,2424,856,0%,🚀點火(2.8x) 🚬菸屁股,BUY_WATCH,6
SOFI,2026-03-20,28.0,0.02,19217,831,0%,🚀點火(4.9x) 🚬菸屁股,BUY_WATCH,6
IREN,2026-03-13,48.0,0.05,3610,826,0%,🚀點火(4.2x) 🚬菸屁股,BUY_WATCH,6
IONQ,2026-03-13,35.0,0.78,772,818,0%,🚀點火(7.0x) 🚬菸屁股,BUY_WATCH,6
OPEN,2027-01-15,7.0,1.34,27866,815,0%,🚀點火(7.6x) 🔭LEAPS,BUY_WATCH,6
CRSP,2026-04-17,77.5,0.9,1882,810,0%,🚀點火(4.0x) 🚬菸屁股,BUY_WATCH,6
HOOD,2026-03-20,105.0,0.04,4985,807,0%,🚀點火(6.9x) 🚬菸屁股,BUY_WATCH,6
NBIS,2026-03-20,140.0,0.42,1310,796,0%,🚀點火(113.7x) 🚬菸屁股,BUY_WATCH,6
CRWV,2026-03-13,91.0,0.26,1404,791,0%,🚀點火(5.2x) 🚬菸屁股,BUY_WATCH,6
PATH,2026-05-15,17.0,0.75,7274,767,0%,🚀點火(22.6x) 🚬菸屁股,BUY_WATCH,6
HOOD,2026-03-20,140.0,0.01,5376,767,0%,🚀點火(15.7x) 🚬菸屁股,BUY_WATCH,6
CRWV,2026-03-13,95.0,0.11,3508,721,0%,🚀點火(7.5x) 🚬菸屁股,BUY_WATCH,6
SMCI,2026-03-20,40.0,0.08,17800,719,0%,🚀點火(3.8x) 🚬菸屁股,BUY_WATCH,6
IONQ,2027-01-15,55.0,6.4,2441,709,0%,🚀點火(177.2x) 🔭LEAPS,BUY_WATCH,6
CRWV,2026-03-13,89.0,0.46,774,679,0%,🚀點火(4.2x) 🚬菸屁股,BUY_WATCH,6
RKLB,2026-03-13,79.0,0.37,1605,642,0%,🚀點火(3.5x) 🚬菸屁股,BUY_WATCH,6
SMCI,2026-03-20,33.5,0.82,1117,632,0%,🚀點火(2.5x) 🚬菸屁股,BUY_WATCH,6
IREN,2026-03-20,49.0,0.6,2563,629,0%,🚀點火(3.8x) 🚬菸屁股,BUY_WATCH,6
HIMS,2026-04-17,45.0,0.43,1480,612,0%,🚀點火(5.8x) 🚬菸屁股,BUY_WATCH,6
DKNG,2026-03-20,25.5,0.99,1253,602,0%,🚀點火(8.4x) 🚬菸屁股,BUY_WATCH,6
CRWV,2026-03-20,280.0,0.01,3851,585,0%,🚀點火(4.4x) 🚬菸屁股,BUY_WATCH,6
SOFI,2026-04-17,26.0,0.11,6531,582,0%,🚀點火(3.1x) 🚬菸屁股,BUY_WATCH,6
PATH,2026-05-15,16.0,0.92,8920,575,0%,🚀點火(4.2x) 🚬菸屁股,BUY_WATCH,6
IONQ,2027-01-15,50.0,7.25,4298,563,0%,🚀點火(51.2x) 🔭LEAPS,BUY_WATCH,6
IREN,2026-03-13,45.5,0.25,790,550,0%,🚀點火(3.3x) 🚬菸屁股,BUY_WATCH,6
ZM,2026-03-20,80.0,0.8,1659,534,0%,🚀點火(12.7x) 🚬菸屁股,BUY_WATCH,6
SMCI,2026-03-13,37.0,0.02,2020,529,0%,🚀點火(2.8x) 🚬菸屁股,BUY_WATCH,6
VST,2026-03-20,195.0,0.34,872,522,0%,🚀點火(43.5x) 🚬菸屁股,BUY_WATCH,6
IBIT,2026-03-20,46.5,0.08,11090,511,0%,🚀點火(2.9x) 🚬菸屁股,BUY_WATCH,6
ACHR,2026-03-20,6.0,0.75,869,508,0%,🚀點火(15.9x) 🚬菸屁股,BUY_WATCH,6
U,2026-03-13,20.5,0.48,1391,506,0%,🚀點火(3.8x) 🚬菸屁股,BUY_WATCH,6
NBIS,2026-03-20,150.0,0.2,5403,497,0%,🚀點火(31.1x) 🚬菸屁股,BUY_WATCH,6
PATH,2026-05-15,21.0,0.47,4369,483,0%,🚀點火(96.6x) 🚬菸屁股,BUY_WATCH,6
HIMS,2026-03-20,37.0,0.22,2624,464,0%,🚀點火(6.8x) 🚬菸屁股,BUY_WATCH,6
CRWV,2026-03-13,100.0,0.04,1687,462,0%,🚀點火(4.7x) 🚬菸屁股,BUY_WATCH,6
SOFI,2027-01-15,35.0,1.19,27916,457,0%,🚀點火(2.5x) 🔭LEAPS,BUY_WATCH,6
TSLA,2027-01-15,600.0,27.8,13758,455,0%,🚀點火(2.7x) 🔭LEAPS,BUY_WATCH,6
HIMS,2027-01-15,65.0,3.55,1438,454,0%,🚀點火(41.3x) 🔭LEAPS,BUY_WATCH,6
CRWV,2026-04-17,125.0,0.68,1934,440,0%,🚀點火(14.2x) 🚬菸屁股,BUY_WATCH,6
PACB,2026-03-20,1.5,0.1,2199,402,0%,🚀點火(50.2x) 🚬菸屁股,BUY_WATCH,6
IBIT,2028-01-21,80.0,5.1,5131,401,0%,🚀點火(100.2x) 🔭LEAPS,BUY_WATCH,6
CRWV,2026-03-13,98.0,0.09,824,398,0%,🚀點火(39.8x) 🚬菸屁股,BUY_WATCH,6
JOBY,2026-03-13,11.5,0.02,897,382,0%,🚀點火(3.5x) 🚬菸屁股,BUY_WATCH,6
TSLA,2027-01-15,700.0,16.95,15065,363,0%,🚀點火(3.2x) 🔭LEAPS,BUY_WATCH,6
CRWV,2026-03-20,105.0,0.38,4310,358,0%,🚀點火(3.8x) 🚬菸屁股,BUY_WATCH,6
LUNR,2026-03-13,20.5,0.15,1130,351,0%,🚀點火(39.0x) 🚬菸屁股,BUY_WATCH,6
XYZ,2026-03-13,68.0,0.16,3841,350,0%,🚀點火(2.8x) 🚬菸屁股,BUY_WATCH,6
JOBY,2026-03-13,12.0,0.02,1055,329,0%,🚀點火(7.5x) 🚬菸屁股,BUY_WATCH,6
IBIT,2028-06-16,100.0,4.65,23793,328,0%,🚀點火(3.3x) 🔭LEAPS,BUY_WATCH,6
U,2026-03-20,30.0,0.08,11153,326,0%,🚀點火(5.8x) 🚬菸屁股,BUY_WATCH,6
LUNR,2026-03-20,22.0,0.72,2353,311,0%,🚀點火(2.9x) 🚬菸屁股,BUY_WATCH,6
SMCI,2026-03-20,38.0,0.18,6777,310,0%,🚀點火(3.0x) 🚬菸屁股,BUY_WATCH,6
SOFI,2028-06-16,35.0,4.4,3794,303,0%,🚀點火(18.9x) 🔭LEAPS,BUY_WATCH,6
LUNR,2026-03-20,21.0,0.91,2582,293,0%,🚀點火(6.7x) 🚬菸屁股,BUY_WATCH,6
SMR,2026-03-13,15.0,0.03,1062,291,0%,🚀點火(2.8x) 🚬菸屁股,BUY_WATCH,6
TSLA,2027-01-15,900.0,7.1,12654,288,0%,🚀點火(5.3x) 🔭LEAPS,BUY_WATCH,6
HOOD,2026-04-17,130.0,0.13,4986,278,0%,🚀點火(4.8x) 🚬菸屁股,BUY_WATCH,6
HIMS,2026-03-20,41.0,0.14,4293,272,0%,🚀點火(6.3x) 🚬菸屁股,BUY_WATCH,6
HIMS,2026-03-20,47.0,0.09,844,262,0%,🚀點火(52.4x) 🚬菸屁股,BUY_WATCH,6
PATH,2027-01-15,17.0,2.52,18065,258,0%,🚀點火(4.2x) 🔭LEAPS,BUY_WATCH,6
DKNG,2026-05-15,40.0,0.2,1654,256,0%,🚀點火(19.7x) 🚬菸屁股,BUY_WATCH,6
HOOD,2026-03-20,120.0,0.02,18085,253,0%,🚀點火(3.4x) 🚬菸屁股,BUY_WATCH,6
PATH,2028-01-21,12.0,5.45,4896,252,0%,🚀點火(4.0x) 🔭LEAPS,BUY_WATCH,6
CRWV,2026-04-17,120.0,0.96,4883,252,0%,🚀點火(4.3x) 🚬菸屁股,BUY_WATCH,6
CRWV,2026-03-20,97.5,0.94,1159,250,0%,🚀點火(4.3x) 🚬菸屁股,BUY_WATCH,6
PATH,2028-01-21,22.0,3.25,3786,242,0%,🚀點火(17.3x) 🔭LEAPS,BUY_WATCH,6
PATH,2026-03-20,18.0,0.2,2458,239,0%,🚀點火(11.4x) 🚬菸屁股,BUY_WATCH,6
LUNR,2027-01-15,17.0,7.35,3234,236,0%,🚀點火(78.7x) 🔭LEAPS,BUY_WATCH,6
SOFI,2027-01-15,10.0,10.0,24783,234,0%,🚀點火(2.9x) 🔭LEAPS,BUY_WATCH,6
SOFI,2026-07-17,30.0,0.45,5717,233,0%,🚀點火(3.1x) 🚬菸屁股,BUY_WATCH,6
TSLA,2026-03-20,650.0,0.02,6255,231,0%,🚀點火(17.8x) 🚬菸屁股,BUY_WATCH,6
SOFI,2026-03-20,32.0,0.01,7436,231,0%,🚀點火(11.6x) 🚬菸屁股,BUY_WATCH,6
ACHR,2027-01-15,17.0,0.52,7512,228,0%,🚀點火(114.0x) 🔭LEAPS,BUY_WATCH,6
PATH,2028-01-21,10.0,6.2,4686,227,0%,🚀點火(4.0x) 🔭LEAPS,BUY_WATCH,6
PATH,2026-05-15,18.0,0.62,4748,224,0%,🚀點火(5.0x) 🚬菸屁股,BUY_WATCH,6
SOFI,2028-01-21,40.0,2.79,8219,222,0%,🚀點火(7.7x) 🔭LEAPS,BUY_WATCH,6
IBIT,2027-01-15,75.0,1.46,13271,221,0%,🚀點火(7.4x) 🔭LEAPS,BUY_WATCH,6
XYZ,2026-03-13,71.0,0.03,3582,219,0%,🚀點火(3.3x) 🚬菸屁股,BUY_WATCH,6
ONDS,2028-01-21,25.0,3.4,818,216,0%,🚀點火(19.6x) 🔭LEAPS,BUY_WATCH,6
TSLA,2028-01-21,940.0,31.65,5060,210,0%,🚀點火(42.0x) 🔭LEAPS,BUY_WATCH,6
SMCI,2026-03-13,40.0,0.01,3361,209,0%,🚀點火(3.5x) 🚬菸屁股,BUY_WATCH,6
PLTR,2027-01-15,180.0,23.35,5362,206,0%,🚀點火(6.2x) 🔭LEAPS,BUY_WATCH,6
HIMS,2026-05-15,65.0,0.59,2602,202,0%,🚀點火(5.9x) 🚬菸屁股,BUY_WATCH,6
DKNG,2026-03-20,27.5,0.24,1547,192,0%,🚀點火(7.1x) 🚬菸屁股,BUY_WATCH,6
HIMS,2026-03-20,39.0,0.23,1800,192,0%,🚀點火(16.0x) 🚬菸屁股,BUY_WATCH,6
SOFI,2026-05-15,44.0,0.12,1202,191,0%,🚀點火(8.0x) 🚬菸屁股,BUY_WATCH,6
SOFI,2026-05-15,35.0,0.07,7133,189,0%,🚀點火(5.2x) 🚬菸屁股,BUY_WATCH,6
CRWV,2026-03-13,94.0,0.15,1120,187,0%,🚀點火(9.8x) 🚬菸屁股,BUY_WATCH,6
CRWV,2026-03-20,130.0,0.1,16035,187,0%,🚀點火(4.7x) 🚬菸屁股,BUY_WATCH,6
NBIS,2026-03-20,195.0,0.03,1915,186,0%,🚀點火(16.9x) 🚬菸屁股,BUY_WATCH,6
ONDS,2028-01-21,7.0,6.15,4038,185,0%,🚀點火(6.0x) 🔭LEAPS,BUY_WATCH,6
DKNG,2026-05-15,35.0,0.43,3145,174,0%,🚀點火(3.7x) 🚬菸屁股,BUY_WATCH,6
HOOD,2027-01-15,120.0,8.95,7150,173,0%,🚀點火(4.4x) 🔭LEAPS,BUY_WATCH,6
HIMS,2027-01-15,85.0,2.43,867,171,0%,🚀點火(85.5x) 🔭LEAPS,BUY_WATCH,6
PATH,2028-01-21,35.0,1.93,779,167,0%,🚀點火(83.5x) 🔭LEAPS,BUY_WATCH,6
U,2026-05-15,30.0,0.67,1409,157,0%,🚀點火(15.7x) 🚬菸屁股,BUY_WATCH,6
JOBY,2027-01-15,17.0,1.52,5355,156,0%,🚀點火(5.6x) 🔭LEAPS,BUY_WATCH,6
DKNG,2026-03-20,30.0,0.04,3299,154,0%,🚀點火(9.1x) 🚬菸屁股,BUY_WATCH,6
HIMS,2026-03-20,65.0,0.03,1983,153,0%,🚀點火(10.2x) 🚬菸屁股,BUY_WATCH,6
OPEN,2026-05-15,11.0,0.35,2941,144,0%,🚀點火(18.0x) 🚬菸屁股,BUY_WATCH,6
NTLA,2026-03-20,16.0,0.1,1076,139,0%,🚀點火(27.8x) 🚬菸屁股,BUY_WATCH,6
IREN,2027-01-15,65.0,9.35,5914,138,0%,🚀點火(12.5x) 🔭LEAPS,BUY_WATCH,6
HIMS,2027-01-15,80.0,2.6,2784,138,0%,🚀點火(6.9x) 🔭LEAPS,BUY_WATCH,6
IREN,2026-05-15,90.0,0.55,2883,137,0%,🚀點火(137.0x) 🚬菸屁股,BUY_WATCH,6
SOFI,2026-04-17,28.0,0.07,5791,128,0%,🚀點火(3.0x) 🚬菸屁股,BUY_WATCH,6
LUNR,2026-03-20,26.0,0.27,1204,126,0%,🚀點火(6.6x) 🚬菸屁股,BUY_WATCH,6
LUNR,2026-03-13,21.5,0.09,888,125,0%,🚀點火(62.5x) 🚬菸屁股,BUY_WATCH,6
HIMS,2026-03-20,90.0,0.02,4272,123,0%,🚀點火(12.3x) 🚬菸屁股,BUY_WATCH,6
HIMS,2028-01-21,70.0,8.0,767,123,0%,🚀點火(5.6x) 🔭LEAPS,BUY_WATCH,6
CRWV,2026-03-20,145.0,0.09,7052,119,0%,🚀點火(59.5x) 🚬菸屁股,BUY_WATCH,6
HOOD,2026-04-17,155.0,0.35,913,117,0%,🚀點火(8.4x) 🚬菸屁股,BUY_WATCH,6
SMR,2027-01-15,25.0,2.38,3341,114,0%,🚀點火(3.8x) 🔭LEAPS,BUY_WATCH,6
NTLA,2026-04-17,15.0,0.85,3344,113,0%,🚀點火(3.9x) 🚬菸屁股,BUY_WATCH,6
NVDA,2028-01-21,310.0,20.0,6012,112,0%,🚀點火(9.3x) 🔭LEAPS,BUY_WATCH,6
SMR,2028-01-21,15.0,6.9,3064,109,0%,🚀點火(3.8x) 🔭LEAPS,BUY_WATCH,6
JOBY,2028-01-21,17.0,4.05,2080,108,0%,🚀點火(5.4x) 🔭LEAPS,BUY_WATCH,6
SMR,2026-05-15,21.0,0.52,1320,107,0%,🚀點火(4.5x) 🚬菸屁股,BUY_WATCH,6
PLTR,2027-01-15,210.0,15.6,10894,106,0%,🚀點火(3.8x) 🔭LEAPS,BUY_WATCH,6
ASTS,2026-04-17,160.0,0.99,982,105,0%,🚀點火(15.0x) 🚬菸屁股,BUY_WATCH,6
SOFI,2028-06-16,45.0,3.55,3324,105,0%,🚀點火(5.2x) 🔭LEAPS,BUY_WATCH,6
ONDS,2026-03-20,15.5,0.15,2820,105,0%,🚀點火(2.8x) 🚬菸屁股,BUY_WATCH,6
TDOC,2027-01-15,15.0,0.4,6898,104,0%,🚀點火(13.0x) 🔭LEAPS,BUY_WATCH,6
CRWV,2026-03-20,140.0,0.04,5725,104,0%,🚀點火(14.9x) 🚬菸屁股,BUY_WATCH,6
HIMS,2027-01-15,95.0,2.06,883,102,0%,🚀點火(5.1x) 🔭LEAPS,BUY_WATCH,6
HOOD,2026-05-15,130.0,0.61,2196,98,0%,🚀點火(8.2x) 🚬菸屁股,BUY_WATCH,6
PATH,2026-05-15,25.0,0.21,13472,95,0%,🚀點火(23.8x) 🚬菸屁股,BUY_WATCH,6
PATH,2028-01-21,17.0,4.1,2887,94,0%,🚀點火(3.5x) 🔭LEAPS,BUY_WATCH,6
NBIS,2026-03-20,155.0,0.19,5519,91,0%,🚀點火(91.0x) 🚬菸屁股,BUY_WATCH,6
NBIS,2026-03-20,180.0,0.03,2263,91,0%,🚀點火(9.1x) 🚬菸屁股,BUY_WATCH,6
TSLA,2026-03-20,700.0,0.01,10555,88,0%,🚀點火(9.8x) 🚬菸屁股,BUY_WATCH,6
JOBY,2028-01-21,30.0,2.01,1852,88,0%,🚀點火(14.7x) 🔭LEAPS,BUY_WATCH,6
HIMS,2026-03-20,60.0,0.05,4829,87,0%,🚀點火(5.4x) 🚬菸屁股,BUY_WATCH,6
CRWV,2026-03-20,115.0,0.15,22132,87,0%,🚀點火(17.4x) 🚬菸屁股,BUY_WATCH,6
PLTR,2026-03-20,220.0,0.02,5560,85,0%,🚀點火(3.4x) 🚬菸屁股,BUY_WATCH,6
ONDS,2026-03-20,18.0,0.1,5415,83,0%,🚀點火(3.2x) 🚬菸屁股,BUY_WATCH,6
NVDA,2026-05-15,300.0,0.09,6213,82,0%,🚀點火(4.6x) 🚬菸屁股,BUY_WATCH,6
SMCI,2028-01-21,50.0,10.45,2038,82,0%,🚀點火(11.7x) 🔭LEAPS,BUY_WATCH,6
SMCI,2026-03-20,42.0,0.08,2556,80,0%,🚀點火(6.7x) 🚬菸屁股,BUY_WATCH,6
COIN,2027-01-15,880.0,1.3,10105,77,0%,🚀點火(38.5x) 🔭LEAPS,BUY_WATCH,6
U,2028-01-21,50.0,3.95,1553,77,0%,🚀點火(7.7x) 🔭LEAPS,BUY_WATCH,6
ONDS,2027-01-15,5.0,6.1,5011,77,0%,🚀點火(4.5x) 🔭LEAPS,BUY_WATCH,6
SOFI,2026-07-17,35.0,0.25,1529,76,0%,🚀點火(5.8x) 🚬菸屁股,BUY_WATCH,6
IREN,2027-01-15,100.0,4.85,7850,76,0%,🚀點火(5.8x) 🔭LEAPS,BUY_WATCH,6
IONQ,2026-04-17,46.0,0.82,789,73,0%,🚀點火(4.9x) 🚬菸屁股,BUY_WATCH,6
SOFI,2028-01-21,47.0,2.16,3040,73,0%,🚀點火(36.5x) 🔭LEAPS,BUY_WATCH,6
ASTS,2026-03-20,145.0,0.27,1120,72,0%,🚀點火(2.8x) 🚬菸屁股,BUY_WATCH,6
RKLB,2026-03-20,105.0,0.1,982,71,0%,🚀點火(10.1x) 🚬菸屁股,BUY_WATCH,6
DKNG,2026-03-13,27.5,0.06,1415,71,0%,🚀點火(8.9x) 🚬菸屁股,BUY_WATCH,6
CRWV,2026-04-17,150.0,0.19,2929,68,0%,🚀點火(3.8x) 🚬菸屁股,BUY_WATCH,6
SOFI,2026-04-17,40.0,0.03,2401,64,0%,🚀點火(3.2x) 🚬菸屁股,BUY_WATCH,6
ACHR,2027-01-15,3.0,3.95,4940,64,0%,🚀點火(2.9x) 🔭LEAPS,BUY_WATCH,6
LUNR,2027-01-15,25.0,5.2,1678,61,0%,🚀點火(15.2x) 🔭LEAPS,BUY_WATCH,6
ACHR,2028-01-21,4.0,3.95,1162,61,0%,🚀點火(30.5x) 🔭LEAPS,BUY_WATCH,6
UPST,2027-01-15,70.0,2.16,1462,60,0%,🚀點火(12.0x) 🔭LEAPS,BUY_WATCH,6
IREN,2026-03-20,48.5,0.7,1286,60,0%,🚀點火(3.2x) 🚬菸屁股,BUY_WATCH,6
CRWV,2026-03-20,135.0,0.05,22294,59,0%,🚀點火(4.9x) 🚬菸屁股,BUY_WATCH,6
SMCI,2027-01-15,38.0,6.85,1161,57,0%,🚀點火(5.2x) 🔭LEAPS,BUY_WATCH,6
SOFI,2026-07-17,26.0,0.88,3203,56,0%,🚀點火(4.3x) 🚬菸屁股,BUY_WATCH,6
SOFI,2028-06-16,42.0,3.35,2861,56,0%,🚀點火(28.0x) 🔭LEAPS,BUY_WATCH,6
HIMS,2026-05-15,55.0,0.78,925,56,0%,🚀點火(8.0x) 🚬菸屁股,BUY_WATCH,6
SMCI,2027-01-15,42.0,5.5,1658,55,0%,🚀點火(13.8x) 🔭LEAPS,BUY_WATCH,6
NBIS,2026-03-20,170.0,0.1,3097,55,0%,🚀點火(2.8x) 🚬菸屁股,BUY_WATCH,6
SMR,2028-01-21,18.0,6.9,1226,55,0%,🚀點火(55.0x) 🔭LEAPS,BUY_WATCH,6
TDOC,2026-04-17,9.0,0.11,6257,54,0%,🚀點火(2.6x) 🚬菸屁股,BUY_WATCH,6
LUNR,2026-03-20,30.0,0.16,1435,53,0%,🚀點火(7.6x) 🚬菸屁股,BUY_WATCH,6
ACHR,2027-01-15,27.0,0.32,4911,53,0%,🚀點火(3.8x) 🔭LEAPS,BUY_WATCH,6
IBIT,2028-06-16,50.0,12.4,8097,52,0%,🚀點火(6.5x) 🔭LEAPS,BUY_WATCH,6
SMCI,2026-03-20,50.0,0.02,12000,51,0%,🚀點火(7.3x) 🚬菸屁股,BUY_WATCH,6
IBIT,2027-01-15,135.0,0.32,12031,50,0%,🚀點火(7.1x) 🔭LEAPS,BUY_WATCH,6
TDOC,2028-01-21,7.0,2.03,1574,50,0%,🚀點火(10.0x) 🔭LEAPS,BUY_WATCH,6
OPEN,2026-05-15,13.0,0.31,1642,50,0%,🚀點火(6.2x) 🚬菸屁股,BUY_WATCH,6
UPST,2028-01-21,40.0,9.35,2418,49,0%,🚀點火(4.9x) 🔭LEAPS,BUY_WATCH,6
SOFI,2028-06-16,23.0,6.8,2616,49,0%,🚀點火(4.5x) 🔭LEAPS,BUY_WATCH,6
LUNR,2027-01-15,15.0,8.75,4633,49,0%,🚀點火(24.5x) 🔭LEAPS,BUY_WATCH,6
IONQ,2026-03-20,60.0,0.05,1655,48,0%,🚀點火(8.0x) 🚬菸屁股,BUY_WATCH,6
IREN,2027-01-15,90.0,5.9,2736,47,0%,🚀點火(15.7x) 🔭LEAPS,BUY_WATCH,6
SMR,2026-03-20,22.0,0.1,4240,47,0%,🚀點火(2.6x) 🚬菸屁股,BUY_WATCH,6
TSLA,2026-04-17,940.0,0.04,12359,46,0%,🚀點火(5.1x) 🚬菸屁股,BUY_WATCH,6
SOFI,2028-01-21,23.0,5.8,2515,46,0%,🚀點火(46.0x) 🔭LEAPS,BUY_WATCH,6
U,2027-01-15,50.0,1.24,2676,46,0%,🚀點火(9.2x) 🔭LEAPS,BUY_WATCH,6
SMCI,2027-01-15,31.0,9.25,944,41,0%,🚀點火(20.5x) 🔭LEAPS,BUY_WATCH,6
SOFI,2028-01-21,27.0,4.85,3618,41,0%,🚀點火(10.2x) 🔭LEAPS,BUY_WATCH,6
PACB,2026-03-20,2.0,0.05,4129,41,0%,🚀點火(10.2x) 🚬菸屁股,BUY_WATCH,6
SMR,2028-01-21,33.0,4.95,770,41,0%,🚀點火(10.2x) 🔭LEAPS,BUY_WATCH,6
IBIT,2027-01-15,85.0,0.96,15335,40,0%,🚀點火(6.7x) 🔭LEAPS,BUY_WATCH,6
OKLO,2026-03-20,125.0,0.02,4363,40,0%,🚀點火(8.0x) 🚬菸屁股,BUY_WATCH,6
OKLO,2026-03-20,135.0,0.04,1084,40,0%,🚀點火(20.0x) 🚬菸屁股,BUY_WATCH,6
SOFI,2026-04-17,47.0,0.03,1531,40,0%,🚀點火(40.0x) 🚬菸屁股,BUY_WATCH,6
UPST,2027-01-15,50.0,4.0,2469,39,0%,🚀點火(7.8x) 🔭LEAPS,BUY_WATCH,6
PATH,2027-01-15,8.0,6.05,2077,38,0%,🚀點火(38.0x) 🔭LEAPS,BUY_WATCH,6
OPEN,2027-01-15,3.0,2.99,18323,38,0%,🚀點火(3.5x) 🔭LEAPS,BUY_WATCH,6
CRSP,2026-03-20,57.5,0.65,773,38,0%,🚀點火(3.2x) 🚬菸屁股,BUY_WATCH,6
SOFI,2026-03-13,27.0,0.01,899,37,0%,🚀點火(7.4x) 🚬菸屁股,BUY_WATCH,6
OPEN,2027-01-15,12.0,0.67,2841,37,0%,🚀點火(3.7x) 🔭LEAPS,BUY_WATCH,6
SOFI,2026-04-17,33.0,0.04,1261,35,0%,🚀點火(35.0x) 🚬菸屁股,BUY_WATCH,6
RKLB,2026-03-20,110.0,0.18,1265,34,0%,🚀點火(4.9x) 🚬菸屁股,BUY_WATCH,6
IONQ,2026-04-17,70.0,0.1,1499,33,0%,🚀點火(16.5x) 🚬菸屁股,BUY_WATCH,6
SMR,2028-01-21,23.0,5.2,868,32,0%,🚀點火(32.0x) 🔭LEAPS,BUY_WATCH,6
IONQ,2027-01-15,100.0,2.44,2558,28,0%,🚀點火(28.0x) 🔭LEAPS,BUY_WATCH,6
U,2026-04-17,30.0,0.27,1501,28,0%,🚀點火(2.8x) 🚬菸屁股,BUY_WATCH,6
HOOD,2027-01-15,125.0,8.65,1707,28,0%,🚀點火(14.0x) 🔭LEAPS,BUY_WATCH,6
TDOC,2026-07-17,8.0,0.42,2025,28,0%,🚀點火(9.3x) 🚬菸屁股,BUY_WATCH,6
PATH,2027-01-15,35.0,0.88,1022,27,0%,🚀點火(27.0x) 🔭LEAPS,BUY_WATCH,6
CRWV,2026-04-17,140.0,0.33,2144,27,0%,🚀點火(13.5x) 🚬菸屁股,BUY_WATCH,6
IBIT,2027-01-15,68.0,1.99,22329,26,0%,🚀點火(13.0x) 🔭LEAPS,BUY_WATCH,6
IONQ,2027-01-15,35.0,11.3,2999,26,0%,🚀點火(3.7x) 🔭LEAPS,BUY_WATCH,6
NNE,2026-03-20,26.0,0.9,2056,26,0%,🚀點火(4.3x) 🚬菸屁股,BUY_WATCH,6
OKLO,2026-03-20,115.0,0.03,3944,25,0%,🚀點火(3.1x) 🚬菸屁股,BUY_WATCH,6
COIN,2026-03-20,350.0,0.03,5524,24,0%,🚀點火(24.0x) 🚬菸屁股,BUY_WATCH,6
OKLO,2027-01-15,200.0,3.6,3483,24,0%,🚀點火(4.8x) 🔭LEAPS,BUY_WATCH,6
IONQ,2027-01-15,75.0,4.05,2790,24,0%,🚀點火(4.8x) 🔭LEAPS,BUY_WATCH,6
PATH,2027-01-15,37.0,0.67,2039,22,0%,🚀點火(4.4x) 🔭LEAPS,BUY_WATCH,6
ONDS,2028-01-21,4.0,8.25,2481,22,0%,🚀點火(11.0x) 🔭LEAPS,BUY_WATCH,6
SMCI,2026-03-20,55.0,0.01,10977,21,0%,🚀點火(21.0x) 🚬菸屁股,BUY_WATCH,6
UPST,2027-01-15,25.0,9.95,1638,21,0%,🚀點火(10.5x) 🔭LEAPS,BUY_WATCH,6
ZM,2026-03-20,100.0,0.05,10925,21,0%,🚀點火(5.2x) 🚬菸屁股,BUY_WATCH,6
ONDS,2026-03-13,16.0,0.01,2631,21,0%,🚀點火(2.6x) 🚬菸屁股,BUY_WATCH,6
ONDS,2028-01-21,2.0,9.25,1020,21,0%,🚀點火(10.5x) 🔭LEAPS,BUY_WATCH,6
LUNR,2027-01-15,10.0,10.75,5304,21,0%,🚀點火(10.5x) 🔭LEAPS,BUY_WATCH,6
SMR,2026-03-20,32.0,0.01,1188,20,0%,🚀點火(20.0x) 🚬菸屁股,BUY_WATCH,6
SMR,2026-03-20,40.0,0.05,807,20,0%,🚀點火(10.0x) 🚬菸屁股,BUY_WATCH,6
IREN,2028-01-21,100.0,11.8,3037,19,0%,🚀點火(3.8x) 🔭LEAPS,BUY_WATCH,6
SMCI,2027-01-15,90.0,1.23,27069,18,0%,🚀點火(9.0x) 🔭LEAPS,BUY_WATCH,6
UPST,2026-04-17,37.5,0.48,878,18,0%,🚀點火(18.0x) 🚬菸屁股,BUY_WATCH,6
SOFI,2026-04-17,35.0,0.05,10653,18,0%,🚀點火(3.6x) 🚬菸屁股,BUY_WATCH,6
CRWV,2026-03-20,155.0,0.26,2922,18,0%,🚀點火(3.6x) 🚬菸屁股,BUY_WATCH,6
SMCI,2027-01-15,75.0,1.85,18577,17,0%,🚀點火(5.7x) 🔭LEAPS,BUY_WATCH,6
UPST,2027-01-15,45.0,5.05,1238,17,0%,🚀點火(17.0x) 🔭LEAPS,BUY_WATCH,6
UPST,2028-01-21,50.0,8.1,1647,17,0%,🚀點火(2.8x) 🔭LEAPS,BUY_WATCH,6
IBIT,2028-06-16,5.0,37.1,6871,16,0%,🚀點火(4.0x) 🔭LEAPS,BUY_WATCH,6
OKLO,2027-01-15,125.0,9.3,2025,16,0%,🚀點火(2.7x) 🔭LEAPS,BUY_WATCH,6
ONDS,2027-01-15,3.0,7.75,1578,16,0%,🚀點火(3.2x) 🔭LEAPS,BUY_WATCH,6
HOOD,2026-05-15,155.0,0.34,1080,15,0%,🚀點火(3.0x) 🚬菸屁股,BUY_WATCH,6
UPST,2027-01-15,135.0,0.55,5120,14,0%,🚀點火(2.8x) 🔭LEAPS,BUY_WATCH,6
XYZ,2027-01-15,80.0,8.05,2032,14,0%,🚀點火(7.0x) 🔭LEAPS,BUY_WATCH,6
NVDA,2026-04-17,270.0,0.05,6892,13,0%,🚀點火(6.5x) 🚬菸屁股,BUY_WATCH,6
SMCI,2026-03-20,43.0,0.07,2004,13,0%,🚀點火(2.6x) 🚬菸屁股,BUY_WATCH,6
IONQ,2026-04-17,120.0,0.05,777,13,0%,🚀點火(13.0x) 🚬菸屁股,BUY_WATCH,6
UPST,2027-01-15,35.0,6.25,934,13,0%,🚀點火(4.3x) 🔭LEAPS,BUY_WATCH,6
SOFI,2026-03-20,31.0,0.01,6257,11,0%,🚀點火(11.0x) 🚬菸屁股,BUY_WATCH,6
U,2027-01-15,45.0,1.52,1199,11,0%,🚀點火(2.8x) 🔭LEAPS,BUY_WATCH,6
U,2027-01-15,15.0,9.45,1078,10,0%,🚀點火(5.0x) 🔭LEAPS,BUY_WATCH,6
U,2027-01-15,37.0,2.26,2589,10,0%,🚀點火(5.0x) 🔭LEAPS,BUY_WATCH,6
TDOC,2026-04-17,11.0,0.03,1846,10,0%,🚀點火(3.3x) 🚬菸屁股,BUY_WATCH,6
CRWV,2027-01-15,175.0,8.8,1098,10,0%,🚀點火(5.0x) 🔭LEAPS,BUY_WATCH,6
RKLB,2026-03-20,145.0,0.01,2443,9,0%,🚀點火(3.0x) 🚬菸屁股,BUY_WATCH,6
U,2027-01-15,22.0,5.6,883,9,0%,🚀點火(4.5x) 🔭LEAPS,BUY_WATCH,6
CRWV,2026-03-20,160.0,0.18,7666,9,0%,🚀點火(3.0x) 🚬菸屁股,BUY_WATCH,6
IREN,2027-01-15,85.0,6.8,2500,8,0%,🚀點火(4.0x) 🔭LEAPS,BUY_WATCH,6
U,2028-01-21,23.0,8.1,4710,8,0%,🚀點火(8.0x) 🔭LEAPS,BUY_WATCH,6
HOOD,2026-04-17,170.0,0.01,1529,8,0%,🚀點火(4.0x) 🚬菸屁股,BUY_WATCH,6
CRWV,2026-04-17,145.0,0.28,814,8,0%,🚀點火(2.7x) 🚬菸屁股,BUY_WATCH,6
SMCI,2027-01-15,65.0,2.48,3497,7,0%,🚀點火(7.0x) 🔭LEAPS,BUY_WATCH,6
SMR,2026-04-17,21.0,0.18,908,7,0%,🚀點火(7.0x) 🚬菸屁股,BUY_WATCH,6
SMCI,2027-01-15,32.0,8.95,1131,5,0%,🚀點火(2.5x) 🔭LEAPS,BUY_WATCH,6
DKNG,2026-03-20,37.5,0.01,4062,5,0%,🚀點火(5.0x) 🚬菸屁股,BUY_WATCH,6
NTLA,2027-01-15,15.0,4.2,3416,5,0%,🚀點火(5.0x) 🔭LEAPS,BUY_WATCH,6
ACHR,2026-04-17,14.0,0.03,3450,5,0%,🚀點火(2.5x) 🚬菸屁股,BUY_WATCH,6
CRWV,2027-01-15,210.0,5.95,1524,5,0%,🚀點火(5.0x) 🔭LEAPS,BUY_WATCH,6
RKLB,2026-03-20,130.0,0.04,1430,4,0%,🚀點火(4.0x) 🚬菸屁股,BUY_WATCH,6
UPST,2027-01-15,55.0,3.1,1275,4,0%,🚀點火(4.0x) 🔭LEAPS,BUY_WATCH,6
U,2026-03-20,38.0,0.05,885,4,0%,🚀點火(4.0x) 🚬菸屁股,BUY_WATCH,6
UPST,2027-01-15,37.5,5.9,1221,3,0%,🚀點火(3.0x) 🔭LEAPS,BUY_WATCH,6
NTLA,2026-04-17,22.5,0.45,1293,3,0%,🚀點火(3.0x) 🚬菸屁股,BUY_WATCH,6
ONDS,2028-01-21,3.0,10.0,1226,3,0%,🚀點火(3.0x) 🔭LEAPS,BUY_WATCH,6
LUNR,2027-01-15,32.0,4.6,2310,3,0%,🚀點火(3.0x) 🔭LEAPS,BUY_WATCH,6
JOBY,2026-03-20,17.0,0.01,2617,3,0%,🚀點火(3.0x) 🚬菸屁股,BUY_WATCH,6
TSLA,2026-03-13,410.0,4.25,27458,60730,0%,🚨異常掃貨,STRONG_BUY,5
TSLA,2026-03-13,400.0,10.55,7363,50689,0%,🚨異常掃貨,STRONG_BUY,5
TSLA,2026-03-13,420.0,1.2,20919,46377,0%,🚨異常掃貨,STRONG_BUY,5
TSLA,2026-03-13,415.0,2.34,9416,42061,0%,🚨異常掃貨,STRONG_BUY,5
TSLA,2026-03-13,407.5,5.55,14741,26562,0%,🚨異常掃貨,STRONG_BUY,5
PLTR,2026-03-13,155.0,1.13,9568,26079,0%,🚨異常掃貨,STRONG_BUY,5
TSLA,2026-03-13,405.0,7.0,11230,24693,0%,🚨異常掃貨,STRONG_BUY,5
AMD,2026-03-13,210.0,1.37,11698,19619,0%,🚨異常掃貨,STRONG_BUY,5
PLTR,2026-03-13,152.5,2.14,6680,18334,0%,🚨異常掃貨,STRONG_BUY,5
HIMS,2026-03-13,25.0,1.47,12334,15971,0%,🚨異常掃貨,STRONG_BUY,5
COIN,2026-03-13,210.0,1.22,10225,14716,0%,🚨異常掃貨,STRONG_BUY,5
TSLA,2026-03-20,420.0,5.7,7602,14308,0%,🚨異常掃貨,STRONG_BUY,5
TSLA,2026-03-13,417.5,1.7,7906,11967,0%,🚨異常掃貨,STRONG_BUY,5
PLTR,2026-03-13,150.0,3.55,7228,10479,0%,🚨異常掃貨,STRONG_BUY,5
TSLA,2026-04-17,420.0,17.55,5329,6856,0%,🚨異常掃貨,STRONG_BUY,5
CRWV,2026-03-13,80.0,3.7,5284,6422,0%,🚨異常掃貨,STRONG_BUY,5
HIMS,2026-03-20,27.0,1.33,2122,6233,0%,🚨異常掃貨,STRONG_BUY,5
HIMS,2026-03-13,24.0,2.22,3828,5151,0%,🚨異常掃貨,STRONG_BUY,5
CRWV,2026-03-13,81.0,3.15,3446,4490,0%,🚨異常掃貨,STRONG_BUY,5
HOOD,2026-03-13,79.0,1.6,2565,4212,0%,🚨異常掃貨,STRONG_BUY,5
HIMS,2026-03-13,25.5,1.2,2508,4151,0%,🚨異常掃貨,STRONG_BUY,5
XYZ,2026-05-15,70.0,4.15,1956,3776,0%,🚨異常掃貨,STRONG_BUY,5
IREN,2026-03-20,42.0,2.8,1254,3166,0%,🚨異常掃貨,STRONG_BUY,5
HIMS,2026-03-13,24.5,1.86,1473,2165,0%,🚨異常掃貨,STRONG_BUY,5
RKLB,2026-03-13,72.0,2.33,1237,1881,0%,🚨異常掃貨,STRONG_BUY,5
ASTS,2026-03-13,90.0,2.4,1033,1272,0%,🚨異常掃貨,STRONG_BUY,5
NVDA,2026-03-13,190.0,0.58,76373,77752,0%,🚬菸屁股 🔥萬人塚,HOLD,3
NVDA,2026-03-13,192.5,0.2,103754,31167,0%,🚬菸屁股 🔥萬人塚,HOLD,3
NVDA,2026-03-13,195.0,0.07,72120,25172,0%,🚬菸屁股 🔥萬人塚,HOLD,3
MSTR,2026-03-20,160.0,0.84,40961,15489,0%,🚬菸屁股 🔥萬人塚,HOLD,3
CRWV,2026-03-20,90.0,2.2,15474,13785,0%,🚀點火(6.2x),HOLD,3
SOFI,2026-03-20,20.0,0.26,189307,12045,0%,🚬菸屁股 🔥萬人塚,HOLD,3
SOFI,2026-03-20,19.0,0.58,61903,11451,0%,🚬菸屁股 🔥萬人塚,HOLD,3
IBIT,2026-03-20,45.0,0.13,70457,11146,0%,🚬菸屁股 🔥萬人塚,HOLD,3
ONDS,2026-03-20,12.0,0.16,55612,9698,0%,🚬菸屁股 🔥萬人塚,HOLD,3
NVDA,2026-03-20,210.0,0.14,116630,8909,0%,🚬菸屁股 🔥萬人塚,HOLD,3
SOFI,2026-03-13,20.0,0.04,39971,8643,0%,🚬菸屁股 🔥萬人塚,HOLD,3
MSTR,2026-03-13,155.0,0.12,47395,8493,0%,🚬菸屁股 🔥萬人塚,HOLD,3
IREN,2026-03-20,45.0,1.5,12881,6414,0%,🚀點火(4.5x),HOLD,3
PATH,2026-03-20,12.0,1.46,10238,6120,0%,🚀點火(3.4x),HOLD,3
NBIS,2026-03-20,120.0,3.35,7389,5432,0%,🚀點火(22.3x),HOLD,3
NVDA,2026-03-20,220.0,0.07,76647,4676,0%,🚬菸屁股 🔥萬人塚,HOLD,3
SOFI,2026-05-15,20.0,1.58,13229,4513,0%,🚀點火(3.1x),HOLD,3
CRWV,2026-03-20,95.0,1.14,9383,4380,0%,🚀點火(20.5x),HOLD,3
ONDS,2028-01-21,30.0,2.49,31216,4252,0%,🔭LEAPS 🔥萬人塚,HOLD,3
CRWV,2026-03-20,85.0,3.8,8670,4172,0%,🚀點火(7.3x),HOLD,3
NBIS,2026-03-20,115.0,5.2,4604,3971,0%,🚀點火(12.9x),HOLD,3
DKNG,2026-04-17,27.5,1.07,10102,3833,0%,🚀點火(16.5x),HOLD,3
HIMS,2026-05-15,30.0,3.45,3684,3437,0%,🚀點火(2.5x),HOLD,3
SOFI,2026-03-20,18.0,1.12,8849,3101,0%,🚀點火(4.5x),HOLD,3
HIMS,2026-03-20,28.0,1.03,3951,2775,0%,🚀點火(3.0x),HOLD,3
PATH,2026-03-20,13.0,1.04,6041,2752,0%,🚀點火(9.1x),HOLD,3
PATH,2026-05-15,12.0,2.15,3903,2586,0%,🚀點火(9.1x),HOLD,3
NVDA,2026-03-20,205.0,0.28,48492,2517,0%,🚬菸屁股 🔥萬人塚,HOLD,3
NVDA,2026-04-17,220.0,0.67,48777,2395,0%,🚬菸屁股 🔥萬人塚,HOLD,3
IREN,2026-03-20,41.0,3.45,2265,2241,0%,🚀點火(6.4x),HOLD,3
SOFI,2026-03-20,22.0,0.06,54139,2216,0%,🚬菸屁股 🔥萬人塚,HOLD,3
SOFI,2026-03-20,23.0,0.04,67033,2145,0%,🚬菸屁股 🔥萬人塚,HOLD,3
PATH,2026-04-17,12.0,1.84,1986,2056,0%,🚀點火(3.7x),HOLD,3
HOOD,2026-03-20,82.0,1.99,2344,1992,0%,🚀點火(4.0x),HOLD,3
TSLA,2026-03-20,445.0,1.04,5129,1910,0%,🚀點火(2.8x),HOLD,3
PATH,2026-03-13,11.5,1.58,2781,1843,0%,🚀點火(2.9x),HOLD,3
SOFI,2027-01-15,25.0,2.69,60225,1790,0%,🔭LEAPS 🔥萬人塚,HOLD,3
SMCI,2026-04-17,35.0,1.71,5332,1772,0%,🚀點火(3.1x),HOLD,3
NBIS,2026-03-20,125.0,2.05,9304,1770,0%,🚀點火(26.8x),HOLD,3
PATH,2027-01-15,15.0,2.98,38842,1738,0%,🔭LEAPS 🔥萬人塚,HOLD,3
HIMS,2026-04-17,35.0,1.1,3193,1688,0%,🚀點火(3.4x),HOLD,3
IREN,2026-03-20,43.0,2.3,3345,1662,0%,🚀點火(9.6x),HOLD,3
SMCI,2026-05-15,35.0,2.9,13586,1602,0%,🚀點火(3.8x),HOLD,3
NBIS,2026-03-20,130.0,1.2,3619,1598,0%,🚀點火(28.5x),HOLD,3
PATH,2026-03-20,11.0,2.08,3780,1597,0%,🚀點火(6.7x),HOLD,3
IREN,2026-04-17,55.0,1.53,2327,1559,0%,🚀點火(8.2x),HOLD,3
PATH,2026-04-17,13.0,1.41,1924,1513,0%,🚀點火(4.3x),HOLD,3
U,2026-05-15,20.0,3.15,3308,1476,0%,🚀點火(14.2x),HOLD,3
SOFI,2027-01-15,30.0,1.74,60779,1434,0%,🔭LEAPS 🔥萬人塚,HOLD,3
PATH,2027-01-15,30.0,1.0,35841,1379,0%,🔭LEAPS 🔥萬人塚,HOLD,3
NVDA,2027-01-15,200.0,27.3,91889,1307,0%,🔭LEAPS 🔥萬人塚,HOLD,3
OPEN,2026-03-20,4.0,1.49,5018,1259,0%,🚀點火(13.3x),HOLD,3
IREN,2026-05-15,60.0,2.5,13719,1233,0%,🚀點火(5.4x),HOLD,3
ONDS,2026-03-20,9.0,1.24,6528,1209,0%,🚀點火(3.5x),HOLD,3
IREN,2026-03-20,39.0,4.75,1754,1190,0%,🚀點火(3.6x),HOLD,3
SMCI,2026-04-17,33.0,2.42,3381,1189,0%,🚀點火(7.8x),HOLD,3
PATH,2026-03-13,10.0,2.72,935,1102,0%,🚀點火(8.4x),HOLD,3
LUNR,2026-03-20,20.0,1.2,8114,1054,0%,🚀點火(3.0x),HOLD,3
PATH,2026-05-15,14.0,1.43,5029,1033,0%,🚀點火(8.3x),HOLD,3
PATH,2026-05-15,13.0,1.73,4607,1031,0%,🚀點火(6.6x),HOLD,3
VST,2026-05-15,220.0,2.14,4125,1000,0%,🚀點火(1000.0x),HOLD,3
HIMS,2026-05-15,35.0,2.42,1451,996,0%,🚀點火(3.0x),HOLD,3
PATH,2026-03-13,10.5,2.68,1043,944,0%,🚀點火(12.1x),HOLD,3
XYZ,2026-04-17,65.0,4.15,1394,927,0%,🚀點火(6.0x),HOLD,3
PATH,2026-08-21,14.0,2.44,2068,875,0%,🚀點火(6.2x),HOLD,3
VST,2026-03-20,165.0,3.8,1176,854,0%,🚀點火(56.9x),HOLD,3
NVDA,2026-03-20,230.0,0.04,56677,852,0%,🚬菸屁股 🔥萬人塚,HOLD,3
HIMS,2026-04-17,32.0,1.6,1802,835,0%,🚀點火(4.1x),HOLD,3
SOFI,2026-03-20,25.0,0.02,36026,830,0%,🚬菸屁股 🔥萬人塚,HOLD,3
CRWV,2026-03-20,81.0,5.65,781,817,0%,🚀點火(9.4x),HOLD,3
CRWV,2026-04-17,105.0,2.46,1326,782,0%,🚀點火(5.9x),HOLD,3
XYZ,2026-03-20,65.0,2.07,22225,763,0%,🚀點火(3.4x),HOLD,3
IBIT,2026-03-20,44.0,0.21,36258,762,0%,🚬菸屁股 🔥萬人塚,HOLD,3
HIMS,2026-07-17,30.0,4.9,938,694,0%,🚀點火(3.4x),HOLD,3
SOFI,2027-01-15,20.0,4.2,54407,688,0%,🔭LEAPS 🔥萬人塚,HOLD,3
CRWV,2026-03-20,91.0,2.0,1389,668,0%,🚀點火(31.8x),HOLD,3
UPST,2026-04-17,30.0,1.76,2055,631,0%,🚀點火(6.2x),HOLD,3
SMCI,2026-04-17,38.0,1.01,1427,617,0%,🚀點火(7.9x),HOLD,3
PATH,2026-05-15,11.0,2.68,3180,596,0%,🚀點火(3.7x),HOLD,3
NVDA,2026-04-17,230.0,0.29,36998,563,0%,🚬菸屁股 🔥萬人塚,HOLD,3
NVDA,2026-03-20,240.0,0.03,56301,555,0%,🚬菸屁股 🔥萬人塚,HOLD,3
PATH,2027-01-15,20.0,1.95,35737,545,0%,🔭LEAPS 🔥萬人塚,HOLD,3
IBIT,2026-03-20,50.0,0.04,79672,537,0%,🚬菸屁股 🔥萬人塚,HOLD,3
SOFI,2027-01-15,15.0,6.55,31924,504,0%,🔭LEAPS 🔥萬人塚,HOLD,3
ACHR,2027-01-15,10.0,1.16,30468,502,0%,🔭LEAPS 🔥萬人塚,HOLD,3
NVDA,2026-03-20,250.0,0.02,66873,499,0%,🚬菸屁股 🔥萬人塚,HOLD,3
CRWV,2026-03-20,87.5,2.91,1352,492,0%,🚀點火(4.1x),HOLD,3
SMCI,2026-03-20,31.5,1.68,1188,480,0%,🚀點火(3.0x),HOLD,3
RKLB,2026-07-17,115.0,5.0,3326,447,0%,🚀點火(55.9x),HOLD,3
JOBY,2026-07-17,10.0,2.07,1643,419,0%,🚀點火(3.1x),HOLD,3
CRWV,2026-05-15,130.0,2.3,2804,364,0%,🚀點火(182.0x),HOLD,3
SMR,2026-04-17,13.0,1.44,1188,360,0%,🚀點火(2.8x),HOLD,3
IONQ,2026-03-20,35.0,1.72,5670,338,0%,🚀點火(4.4x),HOLD,3
IBIT,2027-01-15,100.0,0.61,38096,316,0%,🔭LEAPS 🔥萬人塚,HOLD,3
PATH,2026-08-21,20.0,1.02,3827,304,0%,🚀點火(8.0x),HOLD,3
NVDA,2027-01-15,300.0,5.65,58150,299,0%,🔭LEAPS 🔥萬人塚,HOLD,3
NBIS,2026-05-15,200.0,1.48,1791,297,0%,🚀點火(59.4x),HOLD,3
SMCI,2026-04-17,34.0,2.1,1090,288,0%,🚀點火(4.4x),HOLD,3
NVDA,2027-01-15,180.0,36.5,46755,275,0%,🔭LEAPS 🔥萬人塚,HOLD,3
NVDA,2027-01-15,250.0,12.4,50876,261,0%,🔭LEAPS 🔥萬人塚,HOLD,3
DKNG,2026-05-15,30.0,1.17,5967,247,0%,🚀點火(3.4x),HOLD,3
VST,2026-04-17,175.0,5.95,2098,246,0%,🚀點火(12.9x),HOLD,3
HIMS,2026-03-20,21.0,5.45,1297,242,0%,🚀點火(2.9x),HOLD,3
CRWV,2026-03-20,94.0,1.4,797,229,0%,🚀點火(5.2x),HOLD,3
ACHR,2026-03-20,9.0,0.02,31452,222,0%,🚬菸屁股 🔥萬人塚,HOLD,3
ASTS,2026-03-20,93.0,4.05,1104,219,0%,🚀點火(2.7x),HOLD,3
ASTS,2026-04-17,130.0,1.99,795,218,0%,🚀點火(4.6x),HOLD,3
ASTS,2026-04-17,110.0,4.55,2203,216,0%,🚀點火(4.5x),HOLD,3
HIMS,2026-05-15,45.0,1.25,1230,209,0%,🚀點火(3.1x),HOLD,3
NVDA,2027-01-15,290.0,6.6,45102,184,0%,🔭LEAPS 🔥萬人塚,HOLD,3
CRWV,2026-05-15,120.0,3.2,2458,182,0%,🚀點火(7.6x),HOLD,3
IBIT,2027-01-15,60.0,2.91,33428,181,0%,🔭LEAPS 🔥萬人塚,HOLD,3
CRWV,2026-03-20,93.0,1.57,1080,173,0%,🚀點火(6.0x),HOLD,3
SMCI,2026-05-15,44.0,1.09,1099,168,0%,🚀點火(12.9x),HOLD,3
IBIT,2027-01-15,50.0,5.0,32909,131,0%,🔭LEAPS 🔥萬人塚,HOLD,3
TSLA,2027-01-15,960.0,5.65,121202,117,0%,🔭LEAPS 🔥萬人塚,HOLD,3
SOFI,2026-04-17,15.0,4.2,1800,100,0%,🚀點火(2.5x),HOLD,3
IBIT,2026-03-20,48.0,0.05,30233,97,0%,🚬菸屁股 🔥萬人塚,HOLD,3
SOFI,2026-07-17,24.0,1.24,1028,97,0%,🚀點火(9.7x),HOLD,3
NVDA,2027-01-15,340.0,3.1,69496,91,0%,🔭LEAPS 🔥萬人塚,HOLD,3
SMCI,2026-05-15,30.0,5.3,2861,87,0%,🚀點火(2.7x),HOLD,3
ONDS,2026-03-20,6.0,3.95,5330,78,0%,🚀點火(4.9x),HOLD,3
IBIT,2026-03-20,55.0,0.02,38738,76,0%,🚬菸屁股 🔥萬人塚,HOLD,3
LUNR,2026-03-20,14.0,4.9,1441,76,0%,🚀點火(2.7x),HOLD,3
CRWV,2026-05-15,135.0,1.93,1058,76,0%,🚀點火(9.5x),HOLD,3
NTLA,2026-04-17,14.0,1.7,976,75,0%,🚀點火(2.9x),HOLD,3
SOFI,2026-03-20,15.0,3.7,6909,71,0%,🚀點火(4.2x),HOLD,3
ROKU,2026-03-20,100.0,4.55,2204,71,0%,🚀點火(5.1x),HOLD,3
OPEN,2026-05-15,4.0,1.55,2281,71,0%,🚀點火(10.1x),HOLD,3
CRWV,2026-05-15,105.0,5.8,1801,67,0%,🚀點火(5.2x),HOLD,3
ACHR,2026-04-17,15.0,0.02,37961,64,0%,🚬菸屁股 🔥萬人塚,HOLD,3
SOFI,2026-07-17,22.0,1.74,1512,57,0%,🚀點火(6.3x),HOLD,3
VST,2026-04-17,200.0,1.67,939,54,0%,🚀點火(2.6x),HOLD,3
RKLB,2026-07-17,110.0,5.85,1173,53,0%,🚀點火(2.6x),HOLD,3
IBIT,2026-05-15,62.0,0.19,46051,52,0%,🚬菸屁股 🔥萬人塚,HOLD,3
ROKU,2026-03-13,97.0,5.6,951,52,0%,🚀點火(5.2x),HOLD,3
SOFI,2026-08-21,23.0,1.96,1208,51,0%,🚀點火(3.0x),HOLD,3
NVDA,2028-01-21,300.0,21.45,83623,50,0%,🔭LEAPS 🔥萬人塚,HOLD,3
JOBY,2026-04-17,16.0,0.08,36150,50,0%,🚬菸屁股 🔥萬人塚,HOLD,3
IBIT,2026-03-20,60.0,0.01,51996,49,0%,🚬菸屁股 🔥萬人塚,HOLD,3
IONQ,2026-03-20,30.0,5.4,1159,47,0%,🚀點火(47.0x),HOLD,3
IBIT,2026-03-20,51.0,0.04,38027,46,0%,🚬菸屁股 🔥萬人塚,HOLD,3
DKNG,2026-08-21,35.0,1.5,1454,45,0%,🚀點火(4.5x),HOLD,3
IREN,2026-07-17,60.0,5.35,3158,34,0%,🚀點火(2.8x),HOLD,3
U,2026-05-15,23.0,2.02,828,34,0%,🚀點火(3.4x),HOLD,3
SOFI,2026-04-17,16.0,3.35,897,33,0%,🚀點火(3.7x),HOLD,3
IONQ,2026-04-17,44.0,1.06,1276,32,0%,🚀點火(10.7x),HOLD,3
DKNG,2026-03-13,23.0,2.78,2367,32,0%,🚀點火(8.0x),HOLD,3
HIMS,2026-08-21,32.0,5.45,1411,30,0%,🚀點火(2.5x),HOLD,3
IREN,2026-07-17,80.0,2.52,5463,29,0%,🚀點火(9.7x),HOLD,3
CRWV,2026-05-15,145.0,1.26,986,29,0%,🚀點火(9.7x),HOLD,3
IREN,2026-07-17,90.0,1.71,943,20,0%,🚀點火(5.0x),HOLD,3
TSLA,2026-03-13,670.0,0.01,53951,18,0%,🚬菸屁股 🔥萬人塚,HOLD,3
IONQ,2026-07-17,60.0,1.79,1742,17,0%,🚀點火(2.8x),HOLD,3
DKNG,2026-03-20,21.0,5.55,1283,16,0%,🚀點火(16.0x),HOLD,3
OPEN,2027-01-15,4.0,2.45,34085,15,0%,🔭LEAPS 🔥萬人塚,HOLD,3
NVDA,2028-01-21,400.0,11.0,44691,14,0%,🔭LEAPS 🔥萬人塚,HOLD,3
IBIT,2026-03-20,65.0,0.01,38140,12,0%,🚬菸屁股 🔥萬人塚,HOLD,3
TSLA,2026-03-13,680.0,0.01,92617,11,0%,🚬菸屁股 🔥萬人塚,HOLD,3
DKNG,2026-08-21,32.5,2.17,3474,11,0%,🚀點火(2.8x),HOLD,3
SMCI,2026-08-21,60.0,1.15,1303,9,0%,🚀點火(9.0x),HOLD,3
IONQ,2026-03-20,32.0,3.6,2317,7,0%,🚀點火(3.5x),HOLD,3
OPEN,2027-01-15,1.0,4.75,64263,7,0%,🔭LEAPS 🔥萬人塚,HOLD,3
HOOD,2026-07-17,130.0,1.98,4043,5,0%,🚀點火(5.0x),HOLD,3
IBIT,2026-03-20,70.0,0.01,38301,4,0%,🚬菸屁股 🔥萬人塚,HOLD,3
SOFI,2026-03-20,40.0,0.01,32520,4,0%,🚬菸屁股 🔥萬人塚,HOLD,3
CRWV,2026-03-20,165.0,0.14,45860,2,0%,🚬菸屁股 🔥萬人塚,HOLD,3
IBIT,2026-03-20,75.0,0.01,38457,1,0%,🚬菸屁股 🔥萬人塚,HOLD,3
OPEN,2027-01-15,1.5,4.05,48844,1,0%,🔭LEAPS 🔥萬人塚,HOLD,3
NVDA,2026-03-20,260.0,0.01,37086,0,0%,🚬菸屁股 🔥萬人塚,HOLD,3
IBIT,2026-03-20,80.0,0.01,39287,0,0%,🚬菸屁股 🔥萬人塚,HOLD,3
OPEN,2027-01-15,1.5,0.0,49508,0,0%,🔭LEAPS 🔥萬人塚,HOLD,3
OPEN,2027-01-15,10.0,1.18,31329,0,0%,🔭LEAPS 🔥萬人塚,HOLD,3
OPEN,2028-01-21,20.0,0.0,37480,0,0%,🔭LEAPS 🔥萬人塚,HOLD,3
NVDA,2026-03-13,187.5,1.35,62994,75190,0%,🔥萬人塚,HOLD,2
NVDA,2026-03-13,185.0,2.69,78358,44124,0%,🔥萬人塚,HOLD,2
NVDA,2026-03-20,195.0,1.49,144066,34840,0%,🔥萬人塚,HOLD,2
NVDA,2026-03-20,190.0,3.1,127601,24751,0%,🔥萬人塚,HOLD,2
NVDA,2026-03-20,185.0,5.65,63961,15981,0%,🔥萬人塚,HOLD,2
TSLA,2026-03-20,410.0,9.85,37796,13203,0%,🔥萬人塚,HOLD,2
NVDA,2026-04-17,200.0,3.75,57689,11629,0%,🔥萬人塚,HOLD,2
PLTR,2026-03-20,160.0,1.83,32047,10936,0%,🔥萬人塚,HOLD,2
NVDA,2026-04-17,210.0,1.64,55279,10484,0%,🔥萬人塚,HOLD,2
NVDA,2026-04-17,190.0,7.65,39369,5554,0%,🔥萬人塚,HOLD,2
NVDA,2026-05-15,190.0,11.4,42802,4452,0%,🔥萬人塚,HOLD,2
PATH,2026-05-15,15.0,1.1,95586,4337,0%,🔥萬人塚,HOLD,2
PLTR,2026-03-20,150.0,6.1,31729,4203,0%,🔥萬人塚,HOLD,2
NVDA,2026-04-17,185.0,10.3,32115,3581,0%,🔥萬人塚,HOLD,2
IBIT,2026-03-20,40.0,1.34,35436,2528,0%,🔥萬人塚,HOLD,2
NVDA,2026-03-20,180.0,9.05,60827,2344,0%,🔥萬人塚,HOLD,2
NVDA,2026-05-15,195.0,9.1,44119,1809,0%,🔥萬人塚,HOLD,2
NVDA,2026-03-20,175.0,13.0,40483,1492,0%,🔥萬人塚,HOLD,2
NVDA,2026-05-15,210.0,4.2,37668,1338,0%,🔥萬人塚,HOLD,2
NVDA,2026-05-15,230.0,1.31,32544,1062,0%,🔥萬人塚,HOLD,2
PLTR,2026-05-15,150.0,16.45,34341,1056,0%,🔥萬人塚,HOLD,2
IBIT,2026-05-15,45.0,1.76,74158,435,0%,🔥萬人塚,HOLD,2
NVDA,2026-03-20,160.0,26.8,62561,314,0%,🔥萬人塚,HOLD,2
SMCI,2026-03-20,30.0,2.64,64865,271,0%,🔥萬人塚,HOLD,2
MSTR,2026-04-17,135.0,14.95,33325,192,0%,🔥萬人塚,HOLD,2
PLTR,2026-03-13,160.0,0.23,20220,20754,0%,🚬菸屁股,HOLD,1
SOFI,2026-03-13,19.0,0.19,21170,17778,0%,🚬菸屁股,HOLD,1
MSTR,2026-03-13,150.0,0.32,14840,14500,0%,🚬菸屁股,HOLD,1
IBIT,2026-03-13,42.0,0.09,16228,13578,0%,🚬菸屁股,HOLD,1
ONDS,2026-03-13,10.5,0.15,15872,13203,0%,🚬菸屁股,HOLD,1
PLTR,2026-03-13,170.0,0.03,15608,12849,0%,🚬菸屁股,HOLD,1
PLTR,2026-03-13,165.0,0.06,14831,12842,0%,🚬菸屁股,HOLD,1
PLTR,2026-03-13,157.5,0.53,18475,12193,0%,🚬菸屁股,HOLD,1
SOFI,2026-03-13,19.5,0.08,18879,11413,0%,🚬菸屁股,HOLD,1
IBIT,2026-03-13,41.0,0.25,15980,10372,0%,🚬菸屁股,HOLD,1
IREN,2026-05-15,105.0,0.34,10753,9704,0%,🚬菸屁股,HOLD,1
CRWV,2026-03-13,90.0,0.36,8923,8573,0%,🚬菸屁股,HOLD,1
PLTR,2026-03-13,162.5,0.11,15535,8571,0%,🚬菸屁股,HOLD,1
ONDS,2026-03-13,11.0,0.08,16973,8416,0%,🚬菸屁股,HOLD,1
SOFI,2026-03-13,18.5,0.41,15662,8373,0%,🚬菸屁股,HOLD,1
IBIT,2026-03-13,40.0,0.63,23857,8323,0%,🚬菸屁股,HOLD,1
OPEN,2026-03-13,5.5,0.05,20065,8063,0%,🚬菸屁股,HOLD,1
IREN,2026-03-13,45.0,0.34,15026,7429,0%,🚬菸屁股,HOLD,1
SOFI,2026-03-13,18.0,0.74,14233,7206,0%,🚬菸屁股,HOLD,1
AMD,2026-03-13,220.0,0.15,7631,7047,0%,🚬菸屁股,HOLD,1
AMD,2026-03-13,212.5,0.8,6108,6612,0%,🚬菸屁股,HOLD,1
ASTS,2026-03-13,100.0,0.3,6232,6138,0%,🚬菸屁股,HOLD,1
MSTR,2026-03-13,147.0,0.65,28687,6112,0%,🚬菸屁股,HOLD,1
ONDS,2026-03-13,11.5,0.05,12799,6108,0%,🚬菸屁股,HOLD,1
SOFI,2026-03-20,20.5,0.17,16274,5996,0%,🚬菸屁股,HOLD,1
OPEN,2026-03-20,5.5,0.17,9592,5686,0%,🚬菸屁股,HOLD,1
TSLA,2026-03-13,435.0,0.12,9233,5148,0%,🚬菸屁股,HOLD,1
NVDA,2026-03-13,200.0,0.02,28758,5075,0%,🚬菸屁股,HOLD,1
NVDA,2026-03-13,197.5,0.03,27781,5064,0%,🚬菸屁股,HOLD,1
TSLA,2026-03-20,450.0,0.74,15640,4968,0%,🚬菸屁股,HOLD,1
IBIT,2026-03-20,43.0,0.33,29300,4928,0%,🚬菸屁股,HOLD,1
IREN,2026-03-13,43.0,0.91,6343,4393,0%,🚬菸屁股,HOLD,1
ONDS,2026-03-20,11.0,0.33,15871,4302,0%,🚬菸屁股,HOLD,1
SOFI,2026-04-17,20.0,0.92,17604,4295,0%,🚬菸屁股,HOLD,1
TSLA,2026-03-13,440.0,0.06,7011,4225,0%,🚬菸屁股,HOLD,1
SMCI,2026-03-13,33.0,0.28,24236,4225,0%,🚬菸屁股,HOLD,1
IBIT,2026-03-13,42.5,0.06,19226,4014,0%,🚬菸屁股,HOLD,1
SMCI,2026-03-13,34.0,0.11,10685,4002,0%,🚬菸屁股,HOLD,1
SOFI,2026-03-20,21.0,0.11,22126,3838,0%,🚬菸屁股,HOLD,1
SMCI,2026-03-13,35.0,0.04,25948,3748,0%,🚬菸屁股,HOLD,1
COIN,2026-03-13,220.0,0.34,6871,3673,0%,🚬菸屁股,HOLD,1
PLTR,2026-03-20,170.0,0.41,14749,3607,0%,🚬菸屁股,HOLD,1
IREN,2026-03-20,50.0,0.45,23548,3587,0%,🚬菸屁股,HOLD,1
SOFI,2026-03-13,20.5,0.03,17930,3560,0%,🚬菸屁股,HOLD,1
MSTR,2026-03-13,148.0,0.53,15912,3545,0%,🚬菸屁股,HOLD,1
CRWV,2026-03-13,104.0,0.1,4010,3465,0%,🚬菸屁股,HOLD,1
SMCI,2026-03-13,32.5,0.43,28448,3343,0%,🚬菸屁股,HOLD,1
ONDS,2026-03-13,12.0,0.03,21920,3169,0%,🚬菸屁股,HOLD,1
IBIT,2026-03-13,40.5,0.41,6559,3135,0%,🚬菸屁股,HOLD,1
HOOD,2026-03-13,81.0,0.81,15320,3054,0%,🚬菸屁股,HOLD,1
HOOD,2026-03-13,85.0,0.16,14583,3017,0%,🚬菸屁股,HOLD,1
ACHR,2026-03-13,7.0,0.03,11805,2896,0%,🚬菸屁股,HOLD,1
OPEN,2026-03-13,6.0,0.02,10661,2886,0%,🚬菸屁股,HOLD,1
PLTR,2026-03-20,165.0,0.87,16880,2866,0%,🚬菸屁股,HOLD,1
NVDA,2026-03-13,205.0,0.01,8530,2781,0%,🚬菸屁股,HOLD,1
SMCI,2026-03-20,35.0,0.44,28053,2772,0%,🚬菸屁股,HOLD,1
SOFI,2026-03-13,21.0,0.02,27986,2770,0%,🚬菸屁股,HOLD,1
IBIT,2026-03-13,41.5,0.15,13966,2734,0%,🚬菸屁股,HOLD,1
SOFI,2026-03-13,22.0,0.02,11528,2728,0%,🚬菸屁股,HOLD,1
IBIT,2026-03-20,42.0,0.55,25752,2717,0%,🚬菸屁股,HOLD,1
SOFI,2026-03-20,18.5,0.82,12214,2699,0%,🚬菸屁股,HOLD,1
IBIT,2026-03-13,39.5,0.93,12677,2580,0%,🚬菸屁股,HOLD,1
IREN,2026-03-13,50.0,0.03,5993,2578,0%,🚬菸屁股,HOLD,1
HOOD,2026-03-13,82.0,0.55,7995,2570,0%,🚬菸屁股,HOLD,1
IBIT,2026-03-13,44.0,0.02,26384,2480,0%,🚬菸屁股,HOLD,1
IBIT,2026-04-17,45.0,0.95,14925,2473,0%,🚬菸屁股,HOLD,1
MSTR,2026-03-20,170.0,0.36,10693,2452,0%,🚬菸屁股,HOLD,1
IBIT,2026-03-13,45.0,0.02,13611,2404,0%,🚬菸屁股,HOLD,1
HOOD,2026-03-13,90.0,0.04,7778,2383,0%,🚬菸屁股,HOLD,1
NVDA,2026-03-20,202.5,0.42,14020,2365,0%,🚬菸屁股,HOLD,1
HIMS,2026-03-20,35.0,0.26,9436,2322,0%,🚬菸屁股,HOLD,1
ONDS,2026-03-13,9.5,0.58,2953,2269,0%,🚬菸屁股,HOLD,1
HOOD,2026-03-13,83.0,0.37,3392,2268,0%,🚬菸屁股,HOLD,1
OPEN,2026-03-20,5.0,0.43,12745,2267,0%,🚬菸屁股,HOLD,1
IBIT,2026-03-20,42.5,0.43,8140,2152,0%,🚬菸屁股,HOLD,1
RKLB,2026-03-13,80.0,0.24,4490,2110,0%,🚬菸屁股,HOLD,1
HOOD,2026-03-20,90.0,0.4,14050,2056,0%,🚬菸屁股,HOLD,1
SMCI,2026-03-13,34.5,0.06,27002,2006,0%,🚬菸屁股,HOLD,1
IREN,2026-03-13,47.0,0.1,12000,1956,0%,🚬菸屁股,HOLD,1
ACHR,2026-03-13,6.5,0.14,5994,1825,0%,🚬菸屁股,HOLD,1
PATH,2026-03-20,16.0,0.35,6389,1817,0%,🚬菸屁股,HOLD,1
SMCI,2026-03-13,33.5,0.17,12477,1743,0%,🚬菸屁股,HOLD,1
ONDS,2026-03-20,9.5,0.92,3115,1735,0%,🚬菸屁股,HOLD,1
HOOD,2026-03-13,84.0,0.25,5996,1727,0%,🚬菸屁股,HOLD,1
AMD,2026-03-20,230.0,0.59,20693,1692,0%,🚬菸屁股,HOLD,1
SHOP,2026-03-20,145.0,0.86,10236,1651,0%,🚬菸屁股,HOLD,1
OPEN,2026-05-15,6.0,0.57,11316,1649,0%,🚬菸屁股,HOLD,1
ONDS,2026-03-20,13.0,0.09,26866,1635,0%,🚬菸屁股,HOLD,1
ONDS,2026-03-20,12.5,0.12,11402,1618,0%,🚬菸屁股,HOLD,1
SOFI,2026-03-13,21.5,0.02,7716,1575,0%,🚬菸屁股,HOLD,1
PLTR,2026-03-20,175.0,0.21,8765,1573,0%,🚬菸屁股,HOLD,1
IBIT,2026-04-17,50.0,0.32,17875,1564,0%,🚬菸屁股,HOLD,1
LUNR,2026-03-13,19.0,0.47,2351,1556,0%,🚬菸屁股,HOLD,1
CRWV,2026-03-20,98.0,0.81,4411,1548,0%,🚬菸屁股,HOLD,1
NVDA,2026-05-15,250.0,0.44,18127,1545,0%,🚬菸屁股,HOLD,1
LUNR,2026-03-13,18.0,0.95,2452,1516,0%,🚬菸屁股,HOLD,1
U,2026-04-17,24.0,0.85,18256,1485,0%,🚬菸屁股,HOLD,1
ACHR,2026-04-17,8.0,0.19,10550,1478,0%,🚬菸屁股,HOLD,1
PLTR,2026-04-17,200.0,0.45,8413,1456,0%,🚬菸屁股,HOLD,1
PLTR,2026-03-13,167.5,0.04,6773,1438,0%,🚬菸屁股,HOLD,1
JOBY,2026-03-13,10.5,0.16,3866,1431,0%,🚬菸屁股,HOLD,1
UPST,2026-03-13,30.0,0.1,2818,1430,0%,🚬菸屁股,HOLD,1
IONQ,2026-03-13,38.0,0.14,2757,1364,0%,🚬菸屁股,HOLD,1
HOOD,2026-03-13,87.0,0.11,3578,1354,0%,🚬菸屁股,HOLD,1
SMCI,2026-03-20,34.0,0.66,8058,1349,0%,🚬菸屁股,HOLD,1
SOFI,2026-04-17,21.0,0.62,5750,1324,0%,🚬菸屁股,HOLD,1
IREN,2026-03-20,60.0,0.07,21149,1279,0%,🚬菸屁股,HOLD,1
UPST,2026-03-13,29.0,0.23,1666,1264,0%,🚬菸屁股,HOLD,1
SOFI,2027-01-15,42.0,0.73,6581,1230,0%,🔭LEAPS,HOLD,1
IREN,2026-03-13,46.5,0.14,3161,1226,0%,🚬菸屁股,HOLD,1
AMD,2026-03-13,225.0,0.07,8212,1211,0%,🚬菸屁股,HOLD,1
TSLA,2026-03-20,460.0,0.39,10747,1202,0%,🚬菸屁股,HOLD,1
SMCI,2027-01-15,35.0,7.7,6862,1200,0%,🔭LEAPS,HOLD,1
SMR,2026-03-13,13.0,0.21,23520,1179,0%,🚬菸屁股,HOLD,1
ASTS,2026-03-13,105.0,0.14,2728,1164,0%,🚬菸屁股,HOLD,1
ASTS,2026-03-20,120.0,0.3,9146,1162,0%,🚬菸屁股,HOLD,1
RKLB,2026-03-13,78.0,0.5,1617,1149,0%,🚬菸屁股,HOLD,1
AMD,2026-03-13,230.0,0.03,5900,1132,0%,🚬菸屁股,HOLD,1
ONDS,2027-01-15,12.0,3.35,15199,1128,0%,🔭LEAPS,HOLD,1
NVDA,2026-03-13,202.5,0.02,9467,1127,0%,🚬菸屁股,HOLD,1
IBIT,2028-01-21,140.0,1.53,24434,1126,0%,🔭LEAPS,HOLD,1
SOFI,2026-04-17,22.0,0.42,9110,1111,0%,🚬菸屁股,HOLD,1
HOOD,2026-03-13,86.0,0.11,6365,1096,0%,🚬菸屁股,HOLD,1
IREN,2026-03-13,43.5,0.73,912,1094,0%,🚬菸屁股,HOLD,1
TSLA,2026-03-20,500.0,0.07,27452,1086,0%,🚬菸屁股,HOLD,1
ASTS,2026-03-13,110.0,0.08,4001,1086,0%,🚬菸屁股,HOLD,1
LUNR,2027-01-15,20.0,6.65,17591,1086,0%,🔭LEAPS,HOLD,1
IBIT,2026-03-20,41.0,0.88,14720,1081,0%,🚬菸屁股,HOLD,1
IONQ,2026-03-13,40.0,0.04,4378,1071,0%,🚬菸屁股,HOLD,1
TDOC,2026-03-13,5.5,0.13,6329,1060,0%,🚬菸屁股,HOLD,1
LUNR,2026-03-13,18.5,0.68,1690,1053,0%,🚬菸屁股,HOLD,1
DKNG,2026-03-13,25.0,0.88,2468,1036,0%,🚬菸屁股,HOLD,1
PLTR,2026-03-13,175.0,0.02,7028,1016,0%,🚬菸屁股,HOLD,1
LUNR,2027-01-15,22.0,6.35,8920,1001,0%,🔭LEAPS,HOLD,1
HIMS,2026-03-20,32.0,0.46,1345,991,0%,🚬菸屁股,HOLD,1
RKLB,2026-03-13,76.0,0.85,2348,978,0%,🚬菸屁股,HOLD,1
JOBY,2026-03-20,11.0,0.22,8357,955,0%,🚬菸屁股,HOLD,1
ONDS,2026-04-17,15.0,0.32,2367,933,0%,🚬菸屁股,HOLD,1
NVDA,2026-03-13,210.0,0.01,7994,923,0%,🚬菸屁股,HOLD,1
HIMS,2027-01-15,30.0,8.4,4070,920,0%,🔭LEAPS,HOLD,1
ONDS,2027-01-15,10.0,3.9,22699,892,0%,🔭LEAPS,HOLD,1
HOOD,2026-03-20,100.0,0.06,11750,874,0%,🚬菸屁股,HOLD,1
AMD,2026-03-20,250.0,0.1,19573,865,0%,🚬菸屁股,HOLD,1
RKLB,2026-03-13,77.0,0.64,1840,862,0%,🚬菸屁股,HOLD,1
HOOD,2026-03-20,89.0,0.5,1458,856,0%,🚬菸屁股,HOLD,1
IREN,2026-03-20,55.0,0.16,18406,842,0%,🚬菸屁股,HOLD,1
DKNG,2026-03-13,26.0,0.3,4363,828,0%,🚬菸屁股,HOLD,1
HIMS,2026-03-20,31.0,0.55,3150,814,0%,🚬菸屁股,HOLD,1
OPEN,2026-05-15,7.0,0.36,20009,812,0%,🚬菸屁股,HOLD,1
SMCI,2026-03-13,36.0,0.03,6259,803,0%,🚬菸屁股,HOLD,1
ASTS,2026-03-20,110.0,0.74,3987,780,0%,🚬菸屁股,HOLD,1
OKLO,2026-03-13,67.0,0.54,948,779,0%,🚬菸屁股,HOLD,1
ONDS,2026-03-13,12.5,0.03,8735,761,0%,🚬菸屁股,HOLD,1
ONDS,2026-03-20,11.5,0.24,20560,761,0%,🚬菸屁股,HOLD,1
SOFI,2026-04-17,24.0,0.19,13737,758,0%,🚬菸屁股,HOLD,1
JOBY,2026-03-20,10.5,0.4,2536,750,0%,🚬菸屁股,HOLD,1
ONDS,2027-01-15,15.0,2.7,20831,747,0%,🔭LEAPS,HOLD,1
IBIT,2026-03-20,46.0,0.1,21176,743,0%,🚬菸屁股,HOLD,1
RKLB,2026-03-20,90.0,0.37,5910,727,0%,🚬菸屁股,HOLD,1
SOFI,2026-04-17,25.0,0.14,21686,721,0%,🚬菸屁股,HOLD,1
SMCI,2026-03-20,36.0,0.29,9167,719,0%,🚬菸屁股,HOLD,1
OKLO,2026-03-13,68.0,0.36,1257,703,0%,🚬菸屁股,HOLD,1
ASTS,2026-03-13,102.0,0.21,1272,697,0%,🚬菸屁股,HOLD,1
OPEN,2026-04-17,6.0,0.3,6407,696,0%,🚬菸屁股,HOLD,1
IBIT,2026-04-17,48.0,0.49,12076,691,0%,🚬菸屁股,HOLD,1
SMR,2026-03-13,12.5,0.42,1403,691,0%,🚬菸屁股,HOLD,1
TSLA,2026-03-20,480.0,0.14,8604,686,0%,🚬菸屁股,HOLD,1
IBIT,2028-01-21,100.0,3.3,14999,679,0%,🔭LEAPS,HOLD,1
JOBY,2026-03-20,10.0,0.63,3589,676,0%,🚬菸屁股,HOLD,1
SMR,2026-03-13,12.0,0.7,3575,676,0%,🚬菸屁股,HOLD,1
SMR,2026-03-13,13.5,0.1,22165,676,0%,🚬菸屁股,HOLD,1
IBIT,2027-01-15,30.0,14.35,9918,673,0%,🔭LEAPS,HOLD,1
COIN,2026-03-13,212.5,0.9,7973,668,0%,🚬菸屁股,HOLD,1
ACHR,2026-03-13,7.5,0.01,4527,657,0%,🚬菸屁股,HOLD,1
HIMS,2027-01-15,25.0,10.05,3171,649,0%,🔭LEAPS,HOLD,1
IONQ,2026-03-20,40.0,0.4,5725,639,0%,🚬菸屁股,HOLD,1
PLTR,2026-03-20,180.0,0.12,22674,638,0%,🚬菸屁股,HOLD,1
OKLO,2026-03-13,70.0,0.17,2522,637,0%,🚬菸屁股,HOLD,1
TSLA,2026-03-20,670.0,0.01,10763,635,0%,🚬菸屁股,HOLD,1
SOFI,2026-04-17,30.0,0.06,19877,628,0%,🚬菸屁股,HOLD,1
U,2026-04-17,25.0,0.68,18770,627,0%,🚬菸屁股,HOLD,1
ONDS,2026-04-17,12.0,0.77,4678,623,0%,🚬菸屁股,HOLD,1
ACHR,2026-03-20,7.0,0.12,7625,620,0%,🚬菸屁股,HOLD,1
MSTR,2026-03-20,200.0,0.08,8757,615,0%,🚬菸屁股,HOLD,1
HOOD,2026-03-20,95.0,0.15,12848,613,0%,🚬菸屁股,HOLD,1
IREN,2026-03-20,47.0,0.96,1233,608,0%,🚬菸屁股,HOLD,1
RKLB,2026-03-20,85.0,0.82,4717,603,0%,🚬菸屁股,HOLD,1
PLTR,2026-03-20,190.0,0.06,8336,601,0%,🚬菸屁股,HOLD,1
SOFI,2026-03-20,24.0,0.03,13303,600,0%,🚬菸屁股,HOLD,1
ONDS,2027-01-15,7.5,4.8,13100,596,0%,🔭LEAPS,HOLD,1
MSTR,2026-03-20,175.0,0.25,5906,595,0%,🚬菸屁股,HOLD,1
OKLO,2026-03-13,66.0,0.74,1220,595,0%,🚬菸屁股,HOLD,1
IBIT,2026-04-17,46.0,0.76,16473,587,0%,🚬菸屁股,HOLD,1
CRWV,2026-03-20,110.0,0.2,11213,573,0%,🚬菸屁股,HOLD,1
SMR,2026-03-20,15.0,0.17,3666,572,0%,🚬菸屁股,HOLD,1
COIN,2026-03-20,250.0,0.42,8434,564,0%,🚬菸屁股,HOLD,1
IBIT,2026-04-17,47.0,0.61,6207,562,0%,🚬菸屁股,HOLD,1
SOFI,2026-04-17,23.0,0.28,7250,560,0%,🚬菸屁股,HOLD,1
ONDS,2026-03-13,13.0,0.02,9145,547,0%,🚬菸屁股,HOLD,1
ACHR,2026-03-20,6.5,0.3,11237,546,0%,🚬菸屁股,HOLD,1
ASTS,2026-03-20,115.0,0.44,4139,545,0%,🚬菸屁股,HOLD,1
OPEN,2026-03-20,6.5,0.03,4081,541,0%,🚬菸屁股,HOLD,1
AMD,2026-03-20,240.0,0.21,14447,538,0%,🚬菸屁股,HOLD,1
PATH,2027-01-15,12.0,4.0,7749,536,0%,🔭LEAPS,HOLD,1
NVDA,2026-03-20,207.5,0.19,9612,520,0%,🚬菸屁股,HOLD,1
IONQ,2026-03-13,37.0,0.28,880,519,0%,🚬菸屁股,HOLD,1
TSLA,2027-01-15,500.0,47.5,15944,509,0%,🔭LEAPS,HOLD,1
IREN,2027-01-15,110.0,4.4,16025,508,0%,🔭LEAPS,HOLD,1
IONQ,2026-03-13,41.0,0.07,1662,504,0%,🚬菸屁股,HOLD,1
SMCI,2027-01-15,47.0,4.65,1335,502,0%,🔭LEAPS,HOLD,1
SMCI,2026-03-20,34.5,0.55,1168,498,0%,🚬菸屁股,HOLD,1
OPEN,2026-08-21,10.0,0.42,6515,495,0%,🚬菸屁股,HOLD,1
ONDS,2026-03-20,14.0,0.06,13273,495,0%,🚬菸屁股,HOLD,1
ONDS,2027-01-15,20.0,1.84,17189,488,0%,🔭LEAPS,HOLD,1
COIN,2026-03-20,240.0,0.7,5908,487,0%,🚬菸屁股,HOLD,1
SOFI,2026-05-15,30.0,0.15,13128,485,0%,🚬菸屁股,HOLD,1
ASTS,2026-03-13,97.0,0.63,1384,482,0%,🚬菸屁股,HOLD,1
SOFI,2026-03-20,30.0,0.01,28739,476,0%,🚬菸屁股,HOLD,1
OPEN,2027-01-15,10.0,0.82,24698,470,0%,🔭LEAPS,HOLD,1
IREN,2026-04-17,65.0,0.6,3062,468,0%,🚬菸屁股,HOLD,1
ONDS,2028-01-21,10.0,5.35,7571,462,0%,🔭LEAPS,HOLD,1
RKLB,2026-03-13,82.0,0.17,1541,460,0%,🚬菸屁股,HOLD,1
JOBY,2026-03-13,10.0,0.43,3328,455,0%,🚬菸屁股,HOLD,1
ACHR,2026-04-17,7.0,0.42,6804,455,0%,🚬菸屁股,HOLD,1
U,2026-03-20,21.0,0.76,2414,452,0%,🚬菸屁股,HOLD,1
SMCI,2026-03-13,35.5,0.05,9253,448,0%,🚬菸屁股,HOLD,1
NVDA,2026-03-20,215.0,0.09,13459,445,0%,🚬菸屁股,HOLD,1
ONDS,2026-03-13,9.0,0.95,1120,443,0%,🚬菸屁股,HOLD,1
ACHR,2026-04-17,10.0,0.06,16517,441,0%,🚬菸屁股,HOLD,1
MSTR,2026-03-13,170.0,0.05,5192,439,0%,🚬菸屁股,HOLD,1
IBIT,2027-01-15,40.0,8.65,15964,435,0%,🔭LEAPS,HOLD,1
OPEN,2028-01-21,15.0,1.42,8508,431,0%,🔭LEAPS,HOLD,1
JOBY,2026-03-13,11.0,0.05,2991,431,0%,🚬菸屁股,HOLD,1
PLTR,2026-04-17,190.0,0.84,5398,430,0%,🚬菸屁股,HOLD,1
HIMS,2026-03-20,45.0,0.11,6392,425,0%,🚬菸屁股,HOLD,1
SMCI,2026-03-13,31.5,0.9,1490,423,0%,🚬菸屁股,HOLD,1
IONQ,2026-04-17,50.0,0.51,3372,422,0%,🚬菸屁股,HOLD,1
SOFI,2026-05-15,23.0,0.74,6027,422,0%,🚬菸屁股,HOLD,1
SOFI,2026-05-15,25.0,0.43,9620,420,0%,🚬菸屁股,HOLD,1
PATH,2026-05-15,19.0,0.53,4260,417,0%,🚬菸屁股,HOLD,1
IONQ,2026-03-13,39.0,0.13,1969,414,0%,🚬菸屁股,HOLD,1
ASTS,2026-03-13,96.0,0.75,754,407,0%,🚬菸屁股,HOLD,1
U,2026-03-13,20.0,0.7,945,407,0%,🚬菸屁股,HOLD,1
TDOC,2026-03-13,6.0,0.03,1908,403,0%,🚬菸屁股,HOLD,1
SMR,2026-03-13,14.0,0.05,5267,402,0%,🚬菸屁股,HOLD,1
IREN,2026-04-17,60.0,0.95,6019,399,0%,🚬菸屁股,HOLD,1
SOFI,2026-03-20,22.5,0.05,7200,395,0%,🚬菸屁股,HOLD,1
SOFI,2028-06-16,20.0,7.55,14267,395,0%,🔭LEAPS,HOLD,1
DKNG,2026-03-13,26.5,0.24,1884,392,0%,🚬菸屁股,HOLD,1
MSTR,2026-03-13,200.0,0.02,6105,388,0%,🚬菸屁股,HOLD,1
ZM,2026-03-20,87.5,0.18,2878,387,0%,🚬菸屁股,HOLD,1
HOOD,2026-03-13,88.0,0.06,10637,383,0%,🚬菸屁股,HOLD,1
OPEN,2026-05-15,5.0,0.96,6157,383,0%,🚬菸屁股,HOLD,1
LUNR,2026-03-13,19.5,0.37,1436,380,0%,🚬菸屁股,HOLD,1
ASTS,2026-03-13,98.0,0.5,1143,375,0%,🚬菸屁股,HOLD,1
SOFI,2026-03-20,26.0,0.02,9896,375,0%,🚬菸屁股,HOLD,1
NVDA,2027-01-15,280.0,7.75,17658,373,0%,🔭LEAPS,HOLD,1
SMR,2026-03-20,12.5,0.85,3762,371,0%,🚬菸屁股,HOLD,1
SMR,2026-03-20,14.0,0.34,2468,368,0%,🚬菸屁股,HOLD,1
HIMS,2027-01-15,20.0,11.9,3623,367,0%,🔭LEAPS,HOLD,1
HOOD,2026-03-20,88.0,0.62,781,361,0%,🚬菸屁股,HOLD,1
HIMS,2026-03-20,34.0,0.3,7608,360,0%,🚬菸屁股,HOLD,1
HIMS,2027-01-15,105.0,1.76,3559,359,0%,🔭LEAPS,HOLD,1
HIMS,2028-01-21,50.0,9.45,2151,359,0%,🔭LEAPS,HOLD,1
SOFI,2028-01-21,15.0,8.85,9295,357,0%,🔭LEAPS,HOLD,1
IONQ,2026-03-13,36.0,0.43,769,356,0%,🚬菸屁股,HOLD,1
ACHR,2026-03-20,8.0,0.03,10531,353,0%,🚬菸屁股,HOLD,1
SOFI,2026-05-15,24.0,0.57,3957,350,0%,🚬菸屁股,HOLD,1
NVDA,2026-05-15,240.0,0.74,18601,346,0%,🚬菸屁股,HOLD,1
SMR,2027-01-15,30.0,1.9,4045,346,0%,🔭LEAPS,HOLD,1
LUNR,2026-03-13,21.0,0.12,1106,345,0%,🚬菸屁股,HOLD,1
NVDA,2026-05-15,260.0,0.28,18795,340,0%,🚬菸屁股,HOLD,1
NVDA,2027-01-15,420.0,1.06,8305,334,0%,🔭LEAPS,HOLD,1
U,2026-03-13,22.5,0.1,3991,333,0%,🚬菸屁股,HOLD,1
U,2026-03-20,25.0,0.23,11455,332,0%,🚬菸屁股,HOLD,1
ACHR,2026-03-20,7.5,0.05,3810,332,0%,🚬菸屁股,HOLD,1
SMR,2026-05-15,20.0,0.6,2687,329,0%,🚬菸屁股,HOLD,1
PATH,2028-01-21,15.0,4.65,9170,323,0%,🔭LEAPS,HOLD,1
NVDA,2026-03-20,212.5,0.11,8972,318,0%,🚬菸屁股,HOLD,1
PATH,2026-08-21,30.0,0.43,915,318,0%,🚬菸屁股,HOLD,1
NVDA,2026-04-17,240.0,0.15,24647,317,0%,🚬菸屁股,HOLD,1
NVDA,2027-01-15,190.0,31.65,23966,316,0%,🔭LEAPS,HOLD,1
UPST,2026-03-20,30.0,0.53,826,315,0%,🚬菸屁股,HOLD,1
NVDA,2027-01-15,220.0,20.1,19527,314,0%,🔭LEAPS,HOLD,1
HIMS,2027-01-15,35.0,7.2,3134,313,0%,🔭LEAPS,HOLD,1
JOBY,2027-01-15,15.0,1.89,9052,312,0%,🔭LEAPS,HOLD,1
HOOD,2026-04-17,110.0,0.46,8468,310,0%,🚬菸屁股,HOLD,1
OPEN,2026-08-21,8.0,0.64,4639,309,0%,🚬菸屁股,HOLD,1
TSLA,2026-04-17,600.0,0.18,5403,308,0%,🚬菸屁股,HOLD,1
PLTR,2026-03-20,200.0,0.04,10959,307,0%,🚬菸屁股,HOLD,1
HIMS,2028-01-21,45.0,10.6,768,302,0%,🔭LEAPS,HOLD,1
PATH,2026-05-15,20.0,0.39,23388,298,0%,🚬菸屁股,HOLD,1
OPEN,2026-03-13,4.5,0.8,1942,297,0%,🚬菸屁股,HOLD,1
ASTS,2026-03-20,130.0,0.24,3353,296,0%,🚬菸屁股,HOLD,1
SOFI,2026-08-21,30.0,0.71,6785,296,0%,🚬菸屁股,HOLD,1
ACHR,2027-01-15,12.0,0.88,13930,292,0%,🔭LEAPS,HOLD,1
PLTR,2026-03-20,185.0,0.08,7179,290,0%,🚬菸屁股,HOLD,1
SOFI,2027-01-15,22.0,3.55,17947,288,0%,🔭LEAPS,HOLD,1
NVDA,2027-01-15,195.0,29.4,22389,286,0%,🔭LEAPS,HOLD,1
ACHR,2028-01-21,10.0,2.2,13092,286,0%,🔭LEAPS,HOLD,1
HOOD,2026-04-17,105.0,0.72,2416,283,0%,🚬菸屁股,HOLD,1
HIMS,2027-01-15,22.0,11.35,1373,279,0%,🔭LEAPS,HOLD,1
NVDA,2028-01-21,180.0,55.0,14421,277,0%,🔭LEAPS,HOLD,1
XYZ,2026-03-13,67.0,0.32,1939,275,0%,🚬菸屁股,HOLD,1
NVDA,2027-01-15,350.0,2.66,6304,273,0%,🔭LEAPS,HOLD,1
NVDA,2027-01-15,240.0,14.65,23628,272,0%,🔭LEAPS,HOLD,1
COIN,2026-03-20,270.0,0.2,16143,263,0%,🚬菸屁股,HOLD,1
SOFI,2028-06-16,47.0,2.88,6746,262,0%,🔭LEAPS,HOLD,1
HOOD,2026-03-20,87.0,0.76,1447,262,0%,🚬菸屁股,HOLD,1
SOFI,2026-03-20,27.0,0.02,10196,260,0%,🚬菸屁股,HOLD,1
AMD,2026-04-17,300.0,0.2,6261,258,0%,🚬菸屁股,HOLD,1
OPEN,2026-05-15,8.0,0.23,13223,254,0%,🚬菸屁股,HOLD,1
PATH,2028-01-21,30.0,2.4,5327,253,0%,🔭LEAPS,HOLD,1
ACHR,2026-03-20,8.5,0.02,3633,251,0%,🚬菸屁股,HOLD,1
IBIT,2026-05-15,50.0,0.8,16038,246,0%,🚬菸屁股,HOLD,1
ACHR,2026-04-17,9.0,0.11,9438,245,0%,🚬菸屁股,HOLD,1
SOFI,2028-06-16,25.0,6.1,9913,244,0%,🔭LEAPS,HOLD,1
IBIT,2026-04-17,51.0,0.26,12652,243,0%,🚬菸屁股,HOLD,1
JOBY,2026-04-17,11.0,0.73,6323,242,0%,🚬菸屁股,HOLD,1
SMCI,2026-05-15,60.0,0.23,18619,236,0%,🚬菸屁股,HOLD,1
ACHR,2028-01-21,7.0,2.89,14991,236,0%,🔭LEAPS,HOLD,1
CRWV,2026-03-20,125.0,0.07,22662,236,0%,🚬菸屁股,HOLD,1
SMCI,2027-01-15,30.0,9.9,5099,235,0%,🔭LEAPS,HOLD,1
SOFI,2027-01-15,45.0,0.69,11919,235,0%,🔭LEAPS,HOLD,1
NVDA,2027-01-15,185.0,34.0,14128,234,0%,🔭LEAPS,HOLD,1
IREN,2026-03-13,49.0,0.05,3405,232,0%,🚬菸屁股,HOLD,1
HIMS,2026-05-15,60.0,0.64,2436,231,0%,🚬菸屁股,HOLD,1
ONDS,2026-03-20,13.5,0.07,1378,231,0%,🚬菸屁股,HOLD,1
SMR,2026-03-20,13.0,0.65,2412,231,0%,🚬菸屁股,HOLD,1
OKLO,2026-03-20,80.0,0.58,3418,230,0%,🚬菸屁股,HOLD,1
IREN,2026-03-20,51.0,0.35,774,230,0%,🚬菸屁股,HOLD,1
HOOD,2026-03-20,110.0,0.04,14040,228,0%,🚬菸屁股,HOLD,1
AMD,2026-03-20,260.0,0.06,8073,225,0%,🚬菸屁股,HOLD,1
AMD,2027-01-15,300.0,17.35,10277,224,0%,🔭LEAPS,HOLD,1
ROKU,2026-03-20,115.0,0.5,2219,224,0%,🚬菸屁股,HOLD,1
HIMS,2026-03-20,38.0,0.21,1960,224,0%,🚬菸屁股,HOLD,1
SMCI,2026-03-20,36.5,0.24,1975,223,0%,🚬菸屁股,HOLD,1
XYZ,2026-03-13,70.0,0.05,1379,221,0%,🚬菸屁股,HOLD,1
OKLO,2026-03-13,72.0,0.22,804,220,0%,🚬菸屁股,HOLD,1
IBIT,2026-05-15,60.0,0.23,16648,218,0%,🚬菸屁股,HOLD,1
HIMS,2027-01-15,32.0,7.85,1021,218,0%,🔭LEAPS,HOLD,1
RKLB,2026-03-13,85.0,0.06,1782,217,0%,🚬菸屁股,HOLD,1
ASTS,2026-03-13,104.0,0.28,860,214,0%,🚬菸屁股,HOLD,1
SOFI,2028-01-21,30.0,4.5,11538,213,0%,🔭LEAPS,HOLD,1
ONDS,2028-01-21,12.0,4.9,8172,210,0%,🔭LEAPS,HOLD,1
HOOD,2026-03-13,92.0,0.03,846,207,0%,🚬菸屁股,HOLD,1
U,2026-03-20,23.0,0.29,3944,205,0%,🚬菸屁股,HOLD,1
NVDA,2026-04-17,250.0,0.1,24033,202,0%,🚬菸屁股,HOLD,1
NVDA,2026-05-15,320.0,0.06,6719,201,0%,🚬菸屁股,HOLD,1
OPEN,2026-05-15,10.0,0.1,17051,199,0%,🚬菸屁股,HOLD,1
ACHR,2026-04-17,6.0,0.9,2123,198,0%,🚬菸屁股,HOLD,1
SMCI,2028-01-21,70.0,6.05,1137,196,0%,🔭LEAPS,HOLD,1
SOFI,2027-01-15,17.0,5.5,16824,196,0%,🔭LEAPS,HOLD,1
IREN,2026-03-13,51.0,0.05,920,196,0%,🚬菸屁股,HOLD,1
RKLB,2026-03-20,100.0,0.1,5098,194,0%,🚬菸屁股,HOLD,1
IONQ,2026-03-20,38.0,0.73,1997,193,0%,🚬菸屁股,HOLD,1
DKNG,2026-03-13,25.5,0.55,1191,192,0%,🚬菸屁股,HOLD,1
IREN,2026-03-13,55.0,0.02,878,192,0%,🚬菸屁股,HOLD,1
HOOD,2026-04-17,120.0,0.2,8224,192,0%,🚬菸屁股,HOLD,1
PATH,2027-01-15,10.0,4.8,8143,190,0%,🔭LEAPS,HOLD,1
RKLB,2026-03-13,90.0,0.05,1787,189,0%,🚬菸屁股,HOLD,1
TSLA,2026-04-17,550.0,0.49,7247,188,0%,🚬菸屁股,HOLD,1
XYZ,2026-03-13,66.0,0.58,781,188,0%,🚬菸屁股,HOLD,1
IONQ,2026-03-20,50.0,0.07,8391,186,0%,🚬菸屁股,HOLD,1
HOOD,2026-03-13,95.0,0.02,1284,185,0%,🚬菸屁股,HOLD,1
XYZ,2026-03-20,75.0,0.09,2276,184,0%,🚬菸屁股,HOLD,1
AMD,2027-01-15,250.0,28.65,6575,183,0%,🔭LEAPS,HOLD,1
IBIT,2026-03-20,43.5,0.27,5567,183,0%,🚬菸屁股,HOLD,1
OKLO,2026-03-20,85.0,0.38,2315,183,0%,🚬菸屁股,HOLD,1
NVDA,2028-01-21,420.0,9.7,23161,181,0%,🔭LEAPS,HOLD,1
PATH,2028-01-21,20.0,3.6,6291,180,0%,🔭LEAPS,HOLD,1
SOFI,2027-01-15,32.0,1.51,14226,179,0%,🔭LEAPS,HOLD,1
PATH,2028-01-21,37.0,1.81,3705,179,0%,🔭LEAPS,HOLD,1
ONDS,2026-03-13,13.5,0.02,3148,179,0%,🚬菸屁股,HOLD,1
SMR,2027-01-15,50.0,0.96,3681,176,0%,🔭LEAPS,HOLD,1
HIMS,2026-05-15,50.0,0.86,1031,175,0%,🚬菸屁股,HOLD,1
SOFI,2026-05-15,26.0,0.36,6228,174,0%,🚬菸屁股,HOLD,1
HIMS,2027-01-15,45.0,5.5,2656,174,0%,🔭LEAPS,HOLD,1
JOBY,2026-04-17,12.0,0.42,4202,170,0%,🚬菸屁股,HOLD,1
HIMS,2026-03-20,55.0,0.07,4628,169,0%,🚬菸屁股,HOLD,1
TDOC,2027-01-15,7.5,1.09,12276,166,0%,🔭LEAPS,HOLD,1
IONQ,2026-03-20,42.0,0.28,1171,163,0%,🚬菸屁股,HOLD,1
IBIT,2027-01-15,80.0,1.19,26004,162,0%,🔭LEAPS,HOLD,1
RKLB,2026-03-13,83.0,0.11,909,162,0%,🚬菸屁股,HOLD,1
SOFI,2028-01-21,25.0,5.3,8674,162,0%,🔭LEAPS,HOLD,1
HIMS,2027-01-15,37.0,7.15,882,162,0%,🔭LEAPS,HOLD,1
U,2026-03-20,22.0,0.47,3677,159,0%,🚬菸屁股,HOLD,1
SMR,2028-01-21,10.0,7.8,1036,159,0%,🔭LEAPS,HOLD,1
VST,2026-03-13,170.0,0.35,1905,158,0%,🚬菸屁股,HOLD,1
CRWV,2026-04-17,130.0,0.53,23624,158,0%,🚬菸屁股,HOLD,1
JOBY,2026-07-17,15.0,0.72,3252,157,0%,🚬菸屁股,HOLD,1
OPEN,2027-01-15,5.0,1.91,9432,153,0%,🔭LEAPS,HOLD,1
ASTS,2026-03-20,125.0,0.3,3580,152,0%,🚬菸屁股,HOLD,1
ONDS,2028-01-21,20.0,3.55,11502,152,0%,🔭LEAPS,HOLD,1
NVDA,2027-01-15,210.0,23.45,27944,150,0%,🔭LEAPS,HOLD,1
IREN,2027-01-15,70.0,8.7,7681,150,0%,🔭LEAPS,HOLD,1
VST,2026-03-13,180.0,0.26,1132,149,0%,🚬菸屁股,HOLD,1
U,2026-03-20,20.5,0.95,2495,149,0%,🚬菸屁股,HOLD,1
HIMS,2028-01-21,40.0,10.9,1567,149,0%,🔭LEAPS,HOLD,1
TSLA,2026-03-20,490.0,0.1,7718,147,0%,🚬菸屁股,HOLD,1
HIMS,2027-01-15,100.0,1.92,3771,147,0%,🔭LEAPS,HOLD,1
NVDA,2028-01-21,250.0,31.4,29267,146,0%,🔭LEAPS,HOLD,1
HOOD,2026-03-13,91.0,0.03,1147,145,0%,🚬菸屁股,HOLD,1
TDOC,2026-03-20,6.0,0.12,7289,144,0%,🚬菸屁股,HOLD,1
LUNR,2026-03-20,23.0,0.58,1129,144,0%,🚬菸屁股,HOLD,1
UPST,2026-03-13,29.5,0.15,810,143,0%,🚬菸屁股,HOLD,1
IBIT,2026-03-13,46.0,0.01,6608,142,0%,🚬菸屁股,HOLD,1
IBIT,2027-01-15,70.0,1.79,19803,142,0%,🔭LEAPS,HOLD,1
DKNG,2026-05-15,45.0,0.28,1656,142,0%,🚬菸屁股,HOLD,1
HOOD,2026-03-13,93.0,0.02,1250,142,0%,🚬菸屁股,HOLD,1
HOOD,2027-01-15,150.0,5.6,9724,142,0%,🔭LEAPS,HOLD,1
XYZ,2026-03-13,69.0,0.09,1285,142,0%,🚬菸屁股,HOLD,1
JOBY,2026-03-20,11.5,0.13,1165,142,0%,🚬菸屁股,HOLD,1
ACHR,2027-01-15,7.0,1.86,19289,141,0%,🔭LEAPS,HOLD,1
SOFI,2028-06-16,15.0,9.35,7763,139,0%,🔭LEAPS,HOLD,1
ONDS,2027-01-15,25.0,1.39,5894,139,0%,🔭LEAPS,HOLD,1
SMCI,2026-03-20,35.5,0.37,1851,138,0%,🚬菸屁股,HOLD,1
IONQ,2026-04-17,45.0,0.92,5435,138,0%,🚬菸屁股,HOLD,1
SOFI,2027-01-15,47.0,0.51,16022,137,0%,🔭LEAPS,HOLD,1
PATH,2026-03-20,19.0,0.16,1358,137,0%,🚬菸屁股,HOLD,1
HOOD,2026-05-15,120.0,0.92,3536,137,0%,🚬菸屁股,HOLD,1
ASTS,2026-03-20,150.0,0.06,6655,135,0%,🚬菸屁股,HOLD,1
IBIT,2026-05-15,70.0,0.12,21807,134,0%,🚬菸屁股,HOLD,1
IREN,2026-03-20,65.0,0.04,22015,134,0%,🚬菸屁股,HOLD,1
NBIS,2026-03-20,145.0,0.35,895,134,0%,🚬菸屁股,HOLD,1
PLTR,2026-04-17,210.0,0.27,6401,133,0%,🚬菸屁股,HOLD,1
RKLB,2026-03-20,95.0,0.2,1829,130,0%,🚬菸屁股,HOLD,1
TSLA,2027-01-15,550.0,36.25,6013,129,0%,🔭LEAPS,HOLD,1
DKNG,2026-04-17,30.0,0.5,1170,129,0%,🚬菸屁股,HOLD,1
AMD,2027-01-15,400.0,6.7,5020,128,0%,🔭LEAPS,HOLD,1
TSLA,2027-01-15,800.0,10.8,10584,127,0%,🔭LEAPS,HOLD,1
IONQ,2026-03-20,41.0,0.33,1455,127,0%,🚬菸屁股,HOLD,1
SOFI,2026-03-13,23.0,0.01,5031,127,0%,🚬菸屁股,HOLD,1
SMR,2027-01-15,20.0,3.05,7467,127,0%,🔭LEAPS,HOLD,1
PLTR,2026-04-17,220.0,0.19,5962,125,0%,🚬菸屁股,HOLD,1
VRT,2026-03-13,290.0,0.66,1757,124,0%,🚬菸屁股,HOLD,1
U,2026-04-17,40.0,0.06,13430,123,0%,🚬菸屁股,HOLD,1
HIMS,2028-01-21,95.0,6.3,2099,121,0%,🔭LEAPS,HOLD,1
ONDS,2026-03-13,14.5,0.02,3450,121,0%,🚬菸屁股,HOLD,1
ONDS,2026-04-17,14.0,0.43,1336,121,0%,🚬菸屁股,HOLD,1
CRWV,2026-03-13,96.0,0.08,917,121,0%,🚬菸屁股,HOLD,1
RKLB,2026-03-13,81.0,0.23,1576,120,0%,🚬菸屁股,HOLD,1
NVDA,2027-01-15,270.0,9.0,18091,119,0%,🔭LEAPS,HOLD,1
SMCI,2026-03-13,38.0,0.01,1136,119,0%,🚬菸屁股,HOLD,1
OPEN,2026-05-15,16.0,0.03,19302,119,0%,🚬菸屁股,HOLD,1
U,2026-03-20,24.0,0.2,6833,118,0%,🚬菸屁股,HOLD,1
OPEN,2028-01-21,5.0,2.8,6550,118,0%,🔭LEAPS,HOLD,1
IBIT,2026-03-20,54.0,0.03,11685,117,0%,🚬菸屁股,HOLD,1
JOBY,2027-01-15,20.0,1.15,11746,114,0%,🔭LEAPS,HOLD,1
IREN,2027-01-15,80.0,7.0,7286,113,0%,🔭LEAPS,HOLD,1
PATH,2026-05-15,30.0,0.09,12564,112,0%,🚬菸屁股,HOLD,1
ONDS,2026-03-20,20.0,0.02,14695,112,0%,🚬菸屁股,HOLD,1
SMR,2026-03-20,16.0,0.1,1553,112,0%,🚬菸屁股,HOLD,1
TDOC,2026-04-17,6.0,0.36,2956,111,0%,🚬菸屁股,HOLD,1
IREN,2027-01-15,60.0,10.4,7028,110,0%,🔭LEAPS,HOLD,1
AMD,2026-05-15,530.0,0.04,10062,107,0%,🚬菸屁股,HOLD,1
CRWV,2026-03-20,120.0,0.1,28394,107,0%,🚬菸屁股,HOLD,1
TSLA,2027-01-15,990.0,5.0,6379,106,0%,🔭LEAPS,HOLD,1
IBIT,2026-03-20,47.0,0.08,11921,106,0%,🚬菸屁股,HOLD,1
SMR,2026-04-17,16.0,0.6,1003,106,0%,🚬菸屁股,HOLD,1
SOFI,2026-05-15,27.0,0.28,4760,104,0%,🚬菸屁股,HOLD,1
CRWV,2026-03-20,101.0,0.64,811,104,0%,🚬菸屁股,HOLD,1
COIN,2026-03-20,300.0,0.06,14059,103,0%,🚬菸屁股,HOLD,1
NVDA,2026-04-17,280.0,0.04,6407,101,0%,🚬菸屁股,HOLD,1
MSTR,2027-01-15,1080.0,1.02,10043,101,0%,🔭LEAPS,HOLD,1
PLTR,2027-01-15,150.0,34.85,8895,100,0%,🔭LEAPS,HOLD,1
AMD,2026-03-20,300.0,0.02,11577,99,0%,🚬菸屁股,HOLD,1
IONQ,2026-04-17,55.0,0.3,4171,99,0%,🚬菸屁股,HOLD,1
NVDA,2026-05-15,280.0,0.14,8466,97,0%,🚬菸屁股,HOLD,1
IBIT,2028-06-16,35.0,17.6,5612,97,0%,🔭LEAPS,HOLD,1
IONQ,2026-03-20,45.0,0.14,4329,97,0%,🚬菸屁股,HOLD,1
IREN,2026-03-20,70.0,0.03,8348,97,0%,🚬菸屁股,HOLD,1
SMCI,2026-04-17,45.0,0.3,2426,95,0%,🚬菸屁股,HOLD,1
RKLB,2026-04-17,110.0,0.72,4704,94,0%,🚬菸屁股,HOLD,1
SMCI,2026-05-15,50.0,0.57,14277,93,0%,🚬菸屁股,HOLD,1
TDOC,2027-01-15,5.0,1.86,2861,93,0%,🔭LEAPS,HOLD,1
HIMS,2026-03-20,42.0,0.15,954,93,0%,🚬菸屁股,HOLD,1
IBIT,2026-05-15,55.0,0.4,17398,92,0%,🚬菸屁股,HOLD,1
UPST,2026-04-17,35.0,0.67,3467,92,0%,🚬菸屁股,HOLD,1
VST,2026-03-20,185.0,0.65,2988,91,0%,🚬菸屁股,HOLD,1
ACHR,2026-03-13,6.0,0.5,1997,91,0%,🚬菸屁股,HOLD,1
SMR,2026-03-20,14.5,0.24,811,91,0%,🚬菸屁股,HOLD,1
NVDA,2027-01-15,170.0,42.1,14036,90,0%,🔭LEAPS,HOLD,1
AMD,2026-04-17,270.0,0.68,6638,89,0%,🚬菸屁股,HOLD,1
NVDA,2027-01-15,260.0,10.6,14980,87,0%,🔭LEAPS,HOLD,1
HOOD,2026-03-20,130.0,0.02,8516,87,0%,🚬菸屁股,HOLD,1
ACHR,2026-07-17,10.0,0.43,2985,87,0%,🚬菸屁股,HOLD,1
NVDA,2027-01-15,150.0,54.8,19746,86,0%,🔭LEAPS,HOLD,1
CRSP,2026-04-17,70.0,0.55,2446,86,0%,🚬菸屁股,HOLD,1
LUNR,2028-01-21,20.0,9.3,1360,86,0%,🔭LEAPS,HOLD,1
ACHR,2026-07-17,11.0,0.32,823,86,0%,🚬菸屁股,HOLD,1
IONQ,2026-03-20,39.0,0.55,1329,84,0%,🚬菸屁股,HOLD,1
CRWV,2026-03-20,150.0,0.04,26212,84,0%,🚬菸屁股,HOLD,1
UPST,2026-03-20,35.0,0.12,1538,83,0%,🚬菸屁股,HOLD,1
SOFI,2028-01-21,18.0,7.45,1917,82,0%,🔭LEAPS,HOLD,1
ACHR,2026-04-17,11.0,0.04,7371,82,0%,🚬菸屁股,HOLD,1
SOFI,2026-04-17,27.0,0.09,6683,81,0%,🚬菸屁股,HOLD,1
NVDA,2028-01-21,200.0,46.95,23815,80,0%,🔭LEAPS,HOLD,1
SMCI,2027-01-15,50.0,4.1,12096,80,0%,🔭LEAPS,HOLD,1
HOOD,2026-03-13,89.0,0.05,1902,80,0%,🚬菸屁股,HOLD,1
HOOD,2026-04-17,150.0,0.03,3771,80,0%,🚬菸屁股,HOLD,1
SMR,2026-03-20,20.0,0.03,5983,80,0%,🚬菸屁股,HOLD,1
VST,2026-03-13,175.0,0.2,815,79,0%,🚬菸屁股,HOLD,1
OPEN,2028-01-21,7.0,2.37,11747,79,0%,🔭LEAPS,HOLD,1
SMR,2026-04-17,20.0,0.22,3647,78,0%,🚬菸屁股,HOLD,1
NVDA,2028-01-21,220.0,39.9,7501,77,0%,🔭LEAPS,HOLD,1
U,2028-01-21,40.0,4.65,1308,77,0%,🔭LEAPS,HOLD,1
U,2028-01-21,45.0,4.15,4177,76,0%,🔭LEAPS,HOLD,1
DKNG,2026-03-13,28.0,0.05,965,75,0%,🚬菸屁股,HOLD,1
VST,2026-03-20,180.0,0.79,5617,74,0%,🚬菸屁股,HOLD,1
JOBY,2028-01-21,20.0,3.05,4213,74,0%,🔭LEAPS,HOLD,1
PLTR,2028-01-21,200.0,36.35,6599,73,0%,🔭LEAPS,HOLD,1
OPEN,2026-03-20,7.0,0.02,8147,73,0%,🚬菸屁股,HOLD,1
IBIT,2026-04-17,49.0,0.4,6697,71,0%,🚬菸屁股,HOLD,1
ONDS,2028-01-21,15.0,4.45,3447,71,0%,🔭LEAPS,HOLD,1
NNE,2026-03-20,30.0,0.25,1534,71,0%,🚬菸屁股,HOLD,1
SOFI,2028-06-16,40.0,4.15,3912,70,0%,🔭LEAPS,HOLD,1
HIMS,2026-03-20,70.0,0.03,6080,70,0%,🚬菸屁股,HOLD,1
HIMS,2028-01-21,75.0,7.35,1512,70,0%,🔭LEAPS,HOLD,1
SMR,2026-04-17,15.0,0.84,4000,70,0%,🚬菸屁股,HOLD,1
IBIT,2028-01-21,70.0,6.45,15558,69,0%,🔭LEAPS,HOLD,1
OPEN,2028-01-21,10.0,1.9,8249,69,0%,🔭LEAPS,HOLD,1
JOBY,2028-01-21,15.0,3.4,5118,69,0%,🔭LEAPS,HOLD,1
SMR,2027-01-15,22.0,2.85,1852,69,0%,🔭LEAPS,HOLD,1
JOBY,2026-04-17,13.0,0.25,3438,68,0%,🚬菸屁股,HOLD,1
JOBY,2027-01-15,10.0,3.25,13718,68,0%,🔭LEAPS,HOLD,1
PLTR,2027-01-15,200.0,17.85,11067,66,0%,🔭LEAPS,HOLD,1
OPEN,2026-05-15,9.0,0.16,10154,65,0%,🚬菸屁股,HOLD,1
HIMS,2027-01-15,42.0,6.35,2526,65,0%,🔭LEAPS,HOLD,1
JOBY,2028-01-21,12.0,4.45,2914,65,0%,🔭LEAPS,HOLD,1
ASTS,2026-03-13,120.0,0.05,2689,64,0%,🚬菸屁股,HOLD,1
UPST,2026-03-13,32.0,0.03,1120,64,0%,🚬菸屁股,HOLD,1
VST,2026-03-20,200.0,0.34,2281,63,0%,🚬菸屁股,HOLD,1
NVDA,2027-01-15,175.0,39.2,11548,62,0%,🔭LEAPS,HOLD,1
IREN,2026-03-20,85.0,0.03,6346,62,0%,🚬菸屁股,HOLD,1
ZM,2026-03-20,110.0,0.02,11827,62,0%,🚬菸屁股,HOLD,1
ONDS,2026-03-13,15.0,0.02,4776,62,0%,🚬菸屁股,HOLD,1
NVDA,2026-03-20,225.0,0.05,10127,61,0%,🚬菸屁股,HOLD,1
IREN,2026-05-15,80.0,0.84,3249,61,0%,🚬菸屁股,HOLD,1
HOOD,2026-04-17,125.0,0.15,3222,61,0%,🚬菸屁股,HOLD,1
SMR,2027-01-15,12.0,5.0,1652,61,0%,🔭LEAPS,HOLD,1
IBIT,2027-01-15,1.0,40.15,14739,60,0%,🔭LEAPS,HOLD,1
ASTS,2026-03-13,115.0,0.07,1101,60,0%,🚬菸屁股,HOLD,1
SOFI,2026-03-13,25.0,0.01,5493,60,0%,🚬菸屁股,HOLD,1
ZM,2026-03-13,78.0,0.52,844,60,0%,🚬菸屁股,HOLD,1
OPEN,2027-01-15,15.0,0.49,7149,60,0%,🔭LEAPS,HOLD,1
CRWV,2027-01-15,160.0,10.5,1519,60,0%,🔭LEAPS,HOLD,1
AMD,2026-03-20,280.0,0.02,8593,59,0%,🚬菸屁股,HOLD,1
UPST,2026-03-20,33.0,0.15,1314,59,0%,🚬菸屁股,HOLD,1
OPEN,2026-05-15,9.0,0.45,6404,59,0%,🚬菸屁股,HOLD,1
NVDA,2028-01-21,175.0,57.45,9982,58,0%,🔭LEAPS,HOLD,1
SOFI,2027-01-15,37.0,1.13,3045,58,0%,🔭LEAPS,HOLD,1
SOFI,2028-06-16,37.0,3.95,1908,58,0%,🔭LEAPS,HOLD,1
HIMS,2028-01-21,60.0,8.4,1043,58,0%,🔭LEAPS,HOLD,1
ACHR,2026-07-17,8.0,0.83,1740,58,0%,🚬菸屁股,HOLD,1
ACHR,2027-01-15,15.0,0.61,14409,58,0%,🔭LEAPS,HOLD,1
IBIT,2026-05-15,75.0,0.09,13685,57,0%,🚬菸屁股,HOLD,1
SOFI,2028-06-16,30.0,5.15,9691,57,0%,🔭LEAPS,HOLD,1
DKNG,2026-03-20,35.0,0.01,7444,57,0%,🚬菸屁股,HOLD,1
HOOD,2028-01-21,200.0,8.95,3157,57,0%,🔭LEAPS,HOLD,1
TSLA,2028-01-21,800.0,42.55,6461,56,0%,🔭LEAPS,HOLD,1
TDOC,2026-07-17,6.0,0.86,3112,56,0%,🚬菸屁股,HOLD,1
OPEN,2027-01-15,5.0,2.5,21318,56,0%,🔭LEAPS,HOLD,1
SMR,2026-03-20,18.0,0.05,7176,56,0%,🚬菸屁股,HOLD,1
JOBY,2026-03-13,9.5,0.88,1059,55,0%,🚬菸屁股,HOLD,1
SOFI,2028-01-21,35.0,3.4,5444,54,0%,🔭LEAPS,HOLD,1
SMCI,2026-05-15,55.0,0.4,3024,52,0%,🚬菸屁股,HOLD,1
ASTS,2026-03-20,180.0,0.05,2203,52,0%,🚬菸屁股,HOLD,1
SMCI,2026-05-15,45.0,0.91,6225,51,0%,🚬菸屁股,HOLD,1
SOFI,2028-06-16,18.0,8.45,3597,51,0%,🔭LEAPS,HOLD,1
XYZ,2026-04-17,75.0,0.98,1854,50,0%,🚬菸屁股,HOLD,1
OPEN,2026-03-13,6.5,0.01,2634,50,0%,🚬菸屁股,HOLD,1
HIMS,2028-01-21,65.0,7.95,1049,50,0%,🔭LEAPS,HOLD,1
ACHR,2026-03-20,10.0,0.01,8748,50,0%,🚬菸屁股,HOLD,1
SMCI,2026-03-20,37.5,0.2,1321,49,0%,🚬菸屁股,HOLD,1
OKLO,2026-03-20,110.0,0.07,1259,49,0%,🚬菸屁股,HOLD,1
HIMS,2026-03-20,48.0,0.09,769,49,0%,🚬菸屁股,HOLD,1
ACHR,2027-01-15,20.0,0.42,17567,49,0%,🔭LEAPS,HOLD,1
IONQ,2026-04-17,75.0,0.11,1245,48,0%,🚬菸屁股,HOLD,1
U,2027-01-15,25.0,4.45,3592,48,0%,🔭LEAPS,HOLD,1
JOBY,2026-03-20,12.0,0.13,3701,48,0%,🚬菸屁股,HOLD,1
PLTR,2027-01-15,250.0,9.25,9451,47,0%,🔭LEAPS,HOLD,1
SOFI,2026-03-20,23.5,0.03,2517,47,0%,🚬菸屁股,HOLD,1
ZM,2026-03-13,80.0,0.2,1082,47,0%,🚬菸屁股,HOLD,1
XYZ,2026-03-20,80.0,0.05,14227,47,0%,🚬菸屁股,HOLD,1
ACHR,2028-01-21,12.0,2.14,3040,47,0%,🔭LEAPS,HOLD,1
SMR,2027-01-15,15.0,4.25,4376,47,0%,🔭LEAPS,HOLD,1
CRWV,2026-04-17,135.0,0.38,1139,47,0%,🚬菸屁股,HOLD,1
DKNG,2027-01-15,30.0,4.4,967,46,0%,🔭LEAPS,HOLD,1
ACHR,2026-04-17,12.0,0.03,8418,46,0%,🚬菸屁股,HOLD,1
ACHR,2026-07-17,9.0,0.65,1590,46,0%,🚬菸屁股,HOLD,1
NVDA,2028-01-21,280.0,24.9,6700,45,0%,🔭LEAPS,HOLD,1
OKLO,2026-03-20,100.0,0.12,4319,45,0%,🚬菸屁股,HOLD,1
IONQ,2028-01-21,120.0,6.8,983,45,0%,🔭LEAPS,HOLD,1
PACB,2028-01-21,5.0,0.85,1334,45,0%,🔭LEAPS,HOLD,1
SMR,2026-04-17,18.0,0.35,1324,45,0%,🚬菸屁股,HOLD,1
TSLA,2026-07-17,990.0,0.26,5850,44,0%,🚬菸屁股,HOLD,1
MSTR,2027-01-15,1000.0,1.35,8141,43,0%,🔭LEAPS,HOLD,1
IONQ,2026-04-17,60.0,0.23,2802,43,0%,🚬菸屁股,HOLD,1
HOOD,2027-01-15,110.0,11.0,4297,43,0%,🔭LEAPS,HOLD,1
ONDS,2027-01-15,17.0,2.43,5993,43,0%,🔭LEAPS,HOLD,1
SMR,2026-03-13,14.5,0.04,2096,43,0%,🚬菸屁股,HOLD,1
SOFI,2026-03-13,24.0,0.01,5992,42,0%,🚬菸屁股,HOLD,1
SOFI,2026-04-17,32.0,0.04,2694,42,0%,🚬菸屁股,HOLD,1
SOFI,2028-06-16,10.0,11.8,1987,42,0%,🔭LEAPS,HOLD,1
IREN,2027-01-15,55.0,11.9,5558,42,0%,🔭LEAPS,HOLD,1
SMR,2026-03-20,17.0,0.1,2563,42,0%,🚬菸屁股,HOLD,1
TSLA,2026-03-20,530.0,0.04,5508,41,0%,🚬菸屁股,HOLD,1
MSTR,2026-04-17,250.0,0.4,13977,41,0%,🚬菸屁股,HOLD,1
PATH,2027-01-15,22.0,1.67,8328,41,0%,🔭LEAPS,HOLD,1
SMR,2026-05-15,30.0,0.19,3197,41,0%,🚬菸屁股,HOLD,1
NVDA,2026-04-17,300.0,0.03,11095,40,0%,🚬菸屁股,HOLD,1
IREN,2026-03-13,56.0,0.03,1140,40,0%,🚬菸屁股,HOLD,1
U,2027-01-15,30.0,3.35,5128,40,0%,🔭LEAPS,HOLD,1
ACHR,2028-01-21,15.0,1.81,11358,40,0%,🔭LEAPS,HOLD,1
VST,2026-03-13,172.5,0.4,1380,39,0%,🚬菸屁股,HOLD,1
UPST,2026-03-20,50.0,0.01,2663,39,0%,🚬菸屁股,HOLD,1
PATH,2028-01-21,8.0,7.95,1901,39,0%,🔭LEAPS,HOLD,1
ONDS,2026-03-13,14.0,0.02,3665,39,0%,🚬菸屁股,HOLD,1
SMR,2026-03-20,21.0,0.19,1255,39,0%,🚬菸屁股,HOLD,1
RKLB,2027-01-15,145.0,9.2,5513,38,0%,🔭LEAPS,HOLD,1
ASTS,2026-03-20,135.0,0.3,3504,38,0%,🚬菸屁股,HOLD,1
IREN,2026-03-13,52.0,0.03,793,38,0%,🚬菸屁股,HOLD,1
CRWV,2027-01-15,150.0,12.0,9785,38,0%,🔭LEAPS,HOLD,1
TSLA,2026-03-20,550.0,0.03,9117,37,0%,🚬菸屁股,HOLD,1
MSTR,2027-01-15,500.0,3.8,5091,37,0%,🔭LEAPS,HOLD,1
OKLO,2026-03-20,120.0,0.03,3210,37,0%,🚬菸屁股,HOLD,1
SOFI,2026-04-17,31.0,0.05,4262,37,0%,🚬菸屁股,HOLD,1
HOOD,2026-03-13,100.0,0.01,1431,37,0%,🚬菸屁股,HOLD,1
HIMS,2026-03-20,80.0,0.03,9235,37,0%,🚬菸屁股,HOLD,1
ONDS,2027-01-15,5.5,5.8,3290,37,0%,🔭LEAPS,HOLD,1
SMR,2026-04-17,17.0,0.47,1256,37,0%,🚬菸屁股,HOLD,1
NVDA,2028-01-21,210.0,43.25,8203,36,0%,🔭LEAPS,HOLD,1
VST,2026-03-20,190.0,0.55,1640,36,0%,🚬菸屁股,HOLD,1
ASTS,2026-03-20,140.0,0.08,2793,36,0%,🚬菸屁股,HOLD,1
SOFI,2026-05-15,29.0,0.18,3531,36,0%,🚬菸屁股,HOLD,1
DKNG,2027-01-15,35.0,2.81,6634,36,0%,🔭LEAPS,HOLD,1
HOOD,2027-01-15,130.0,7.35,3448,36,0%,🔭LEAPS,HOLD,1
CRSP,2026-03-20,70.0,0.25,809,36,0%,🚬菸屁股,HOLD,1
HIMS,2028-01-21,90.0,6.5,2327,36,0%,🔭LEAPS,HOLD,1
NVDA,2026-04-17,260.0,0.07,18050,35,0%,🚬菸屁股,HOLD,1
OKLO,2026-03-20,90.0,0.15,3623,35,0%,🚬菸屁股,HOLD,1
PATH,2027-01-15,25.0,1.34,14359,35,0%,🔭LEAPS,HOLD,1
HOOD,2026-05-15,150.0,0.46,4572,35,0%,🚬菸屁股,HOLD,1
NNE,2026-03-20,27.0,0.75,1146,35,0%,🚬菸屁股,HOLD,1
TSLA,2027-01-15,650.0,21.65,5351,34,0%,🔭LEAPS,HOLD,1
IBIT,2028-01-21,50.0,10.5,6528,34,0%,🔭LEAPS,HOLD,1
SMCI,2026-03-20,45.0,0.05,12467,34,0%,🚬菸屁股,HOLD,1
OKLO,2026-04-17,100.0,0.68,1834,34,0%,🚬菸屁股,HOLD,1
SOFI,2026-03-13,26.0,0.01,2142,34,0%,🚬菸屁股,HOLD,1
HOOD,2026-05-15,125.0,0.77,1265,34,0%,🚬菸屁股,HOLD,1
OPEN,2028-01-21,4.0,3.4,2578,34,0%,🔭LEAPS,HOLD,1
NTLA,2027-01-15,10.0,6.1,2154,34,0%,🔭LEAPS,HOLD,1
NVDA,2026-05-15,270.0,0.19,17086,33,0%,🚬菸屁股,HOLD,1
HOOD,2026-04-17,115.0,0.33,2775,33,0%,🚬菸屁股,HOLD,1
NVDA,2028-01-21,350.0,15.1,15619,32,0%,🔭LEAPS,HOLD,1
AMD,2027-01-15,200.0,47.6,10521,32,0%,🔭LEAPS,HOLD,1
PLTR,2027-01-15,240.0,10.5,6307,32,0%,🔭LEAPS,HOLD,1
SOFI,2026-03-20,29.0,0.02,7334,32,0%,🚬菸屁股,HOLD,1
TSLA,2026-03-20,600.0,0.02,18309,31,0%,🚬菸屁股,HOLD,1
IBIT,2027-01-15,55.0,3.85,19359,31,0%,🔭LEAPS,HOLD,1
SMCI,2026-03-20,39.0,0.13,12325,31,0%,🚬菸屁股,HOLD,1
TDOC,2026-03-20,5.5,0.26,2809,31,0%,🚬菸屁股,HOLD,1
HIMS,2026-03-20,43.0,0.15,1212,31,0%,🚬菸屁股,HOLD,1
ONDS,2026-03-13,18.0,0.03,1014,31,0%,🚬菸屁股,HOLD,1
CRWV,2026-03-13,110.0,0.02,1229,31,0%,🚬菸屁股,HOLD,1
CRWV,2026-04-17,160.0,0.11,1781,31,0%,🚬菸屁股,HOLD,1
TSLA,2026-03-20,570.0,0.02,10834,30,0%,🚬菸屁股,HOLD,1
TSLA,2026-05-15,700.0,0.29,8896,30,0%,🚬菸屁股,HOLD,1
NVDA,2028-01-21,410.0,10.3,5817,30,0%,🔭LEAPS,HOLD,1
PATH,2026-05-15,23.0,0.39,1325,30,0%,🚬菸屁股,HOLD,1
SMR,2028-01-21,85.0,1.99,1308,30,0%,🔭LEAPS,HOLD,1
TSLA,2027-01-15,750.0,13.35,7324,29,0%,🔭LEAPS,HOLD,1
IREN,2026-03-13,60.0,0.02,1733,29,0%,🚬菸屁股,HOLD,1
IREN,2026-03-20,80.0,0.03,7589,29,0%,🚬菸屁股,HOLD,1
JOBY,2027-01-15,12.0,2.48,7119,29,0%,🔭LEAPS,HOLD,1
MSTR,2026-03-20,250.0,0.03,10510,28,0%,🚬菸屁股,HOLD,1
IBIT,2027-01-15,140.0,0.28,25927,28,0%,🔭LEAPS,HOLD,1
PLTR,2027-01-15,280.0,6.35,6807,28,0%,🔭LEAPS,HOLD,1
IONQ,2027-01-15,60.0,5.55,1909,28,0%,🔭LEAPS,HOLD,1
OPEN,2026-03-13,7.0,0.01,873,28,0%,🚬菸屁股,HOLD,1
HIMS,2027-01-15,70.0,3.15,1546,28,0%,🔭LEAPS,HOLD,1
CRWV,2026-03-20,170.0,0.05,5549,28,0%,🚬菸屁股,HOLD,1
NVDA,2027-01-15,165.0,45.3,7097,27,0%,🔭LEAPS,HOLD,1
PLTR,2026-03-20,210.0,0.03,8841,27,0%,🚬菸屁股,HOLD,1
IONQ,2028-01-21,70.0,10.75,905,27,0%,🔭LEAPS,HOLD,1
U,2026-03-13,23.5,0.09,1031,27,0%,🚬菸屁股,HOLD,1
OPEN,2028-01-21,12.0,1.64,2844,27,0%,🔭LEAPS,HOLD,1
NTLA,2026-03-20,15.0,0.2,1278,27,0%,🚬菸屁股,HOLD,1
ACHR,2026-03-13,8.0,0.01,3248,27,0%,🚬菸屁股,HOLD,1
CRWV,2026-04-17,155.0,0.19,938,27,0%,🚬菸屁股,HOLD,1
UPST,2026-04-17,40.0,0.28,992,26,0%,🚬菸屁股,HOLD,1
IREN,2028-01-21,110.0,10.4,25642,26,0%,🔭LEAPS,HOLD,1
PATH,2026-03-20,22.0,0.05,828,26,0%,🚬菸屁股,HOLD,1
ONDS,2028-01-21,5.0,8.1,3532,26,0%,🔭LEAPS,HOLD,1
SMCI,2026-03-20,44.0,0.05,1780,25,0%,🚬菸屁股,HOLD,1
VST,2027-01-15,250.0,10.2,1025,25,0%,🔭LEAPS,HOLD,1
IONQ,2026-03-13,44.0,0.05,849,25,0%,🚬菸屁股,HOLD,1
UPST,2027-01-15,125.0,0.78,2060,25,0%,🔭LEAPS,HOLD,1
SOFI,2028-06-16,27.0,6.0,2791,25,0%,🔭LEAPS,HOLD,1
IREN,2026-03-20,100.0,0.01,9125,25,0%,🚬菸屁股,HOLD,1
HIMS,2027-01-15,55.0,4.45,976,25,0%,🔭LEAPS,HOLD,1
ACHR,2027-01-15,5.0,2.73,14902,25,0%,🔭LEAPS,HOLD,1
NNE,2027-01-15,30.0,5.9,3191,25,0%,🔭LEAPS,HOLD,1
NVDA,2028-01-21,185.0,53.05,12136,24,0%,🔭LEAPS,HOLD,1
IREN,2026-03-13,54.0,0.08,1477,24,0%,🚬菸屁股,HOLD,1
ZM,2026-03-20,85.0,0.23,2159,24,0%,🚬菸屁股,HOLD,1
XYZ,2026-04-17,80.0,0.43,1369,24,0%,🚬菸屁股,HOLD,1
SMR,2026-03-20,30.0,0.03,8142,24,0%,🚬菸屁股,HOLD,1
UPST,2026-03-20,37.5,0.05,780,23,0%,🚬菸屁股,HOLD,1
UPST,2026-03-20,40.0,0.02,2650,23,0%,🚬菸屁股,HOLD,1
UPST,2027-01-15,30.0,7.85,1705,23,0%,🔭LEAPS,HOLD,1
CRSP,2026-04-17,65.0,0.9,864,23,0%,🚬菸屁股,HOLD,1
HIMS,2026-03-20,49.0,0.09,772,23,0%,🚬菸屁股,HOLD,1
SMR,2027-01-15,10.0,5.7,1988,23,0%,🔭LEAPS,HOLD,1
IBIT,2026-05-15,65.0,0.15,15644,22,0%,🚬菸屁股,HOLD,1
PLTR,2027-01-15,175.0,24.95,6167,22,0%,🔭LEAPS,HOLD,1
PLTR,2027-01-15,410.0,1.63,7337,22,0%,🔭LEAPS,HOLD,1
SMCI,2026-05-15,65.0,0.18,3269,22,0%,🚬菸屁股,HOLD,1
ONDS,2027-01-15,4.5,6.4,1826,22,0%,🔭LEAPS,HOLD,1
LUNR,2027-01-15,37.0,3.4,3245,22,0%,🔭LEAPS,HOLD,1
MSTR,2026-03-20,400.0,0.02,6494,21,0%,🚬菸屁股,HOLD,1
IBIT,2027-01-15,45.0,6.6,5824,21,0%,🔭LEAPS,HOLD,1
PLTR,2027-01-15,120.0,50.9,7707,21,0%,🔭LEAPS,HOLD,1
SMCI,2026-05-15,70.0,0.15,2742,21,0%,🚬菸屁股,HOLD,1
IONQ,2026-04-17,85.0,0.07,872,21,0%,🚬菸屁股,HOLD,1
U,2027-01-15,40.0,1.93,13897,21,0%,🔭LEAPS,HOLD,1
TDOC,2026-04-17,5.0,0.81,4519,21,0%,🚬菸屁股,HOLD,1
ONDS,2026-03-20,17.0,0.02,5205,21,0%,🚬菸屁股,HOLD,1
IBIT,2028-06-16,40.0,15.55,6870,20,0%,🔭LEAPS,HOLD,1
PATH,2027-01-15,27.0,1.34,5165,20,0%,🔭LEAPS,HOLD,1
HOOD,2026-03-20,135.0,0.01,6012,20,0%,🚬菸屁股,HOLD,1
KTOS,2026-03-20,110.0,0.6,1000,20,0%,🚬菸屁股,HOLD,1
JOBY,2028-01-21,8.0,5.35,1056,20,0%,🔭LEAPS,HOLD,1
NVDA,2028-01-21,170.0,59.8,6023,19,0%,🔭LEAPS,HOLD,1
IBIT,2026-03-20,49.0,0.05,12776,19,0%,🚬菸屁股,HOLD,1
IONQ,2026-03-20,55.0,0.08,2441,19,0%,🚬菸屁股,HOLD,1
IONQ,2027-01-15,45.0,9.15,2084,19,0%,🔭LEAPS,HOLD,1
U,2028-01-21,20.0,8.95,4902,19,0%,🔭LEAPS,HOLD,1
PATH,2028-01-21,5.0,9.55,2056,19,0%,🔭LEAPS,HOLD,1
HOOD,2026-04-17,145.0,0.15,898,19,0%,🚬菸屁股,HOLD,1
ZM,2027-01-15,140.0,1.34,2221,19,0%,🔭LEAPS,HOLD,1
ONDS,2027-01-15,4.0,6.7,1109,19,0%,🔭LEAPS,HOLD,1
AMD,2026-04-17,310.0,0.16,6532,18,0%,🚬菸屁股,HOLD,1
SMCI,2026-05-15,75.0,0.1,941,18,0%,🚬菸屁股,HOLD,1
IONQ,2027-01-15,80.0,3.55,1393,18,0%,🔭LEAPS,HOLD,1
IONQ,2027-01-15,120.0,1.77,3245,18,0%,🔭LEAPS,HOLD,1
UPST,2027-01-15,80.0,1.49,4531,18,0%,🔭LEAPS,HOLD,1
NTLA,2027-01-15,20.0,5.0,1623,18,0%,🔭LEAPS,HOLD,1
JOBY,2026-03-20,13.0,0.03,1371,18,0%,🚬菸屁股,HOLD,1
JOBY,2026-07-17,20.0,0.44,1219,18,0%,🚬菸屁股,HOLD,1
SMR,2026-03-13,16.0,0.01,854,18,0%,🚬菸屁股,HOLD,1
SMR,2026-03-20,25.0,0.02,5021,18,0%,🚬菸屁股,HOLD,1
NVDA,2026-04-17,290.0,0.03,6544,17,0%,🚬菸屁股,HOLD,1
NVDA,2027-01-15,310.0,4.85,5577,17,0%,🔭LEAPS,HOLD,1
NVDA,2028-01-21,190.0,50.9,10168,17,0%,🔭LEAPS,HOLD,1
IBIT,2026-03-20,52.0,0.03,9239,17,0%,🚬菸屁股,HOLD,1
HOOD,2026-03-20,125.0,0.02,4666,17,0%,🚬菸屁股,HOLD,1
TDOC,2026-04-17,7.0,0.18,3451,17,0%,🚬菸屁股,HOLD,1
ONDS,2026-03-20,16.0,0.04,7849,17,0%,🚬菸屁股,HOLD,1
ONDS,2026-04-17,16.0,0.25,774,17,0%,🚬菸屁股,HOLD,1
JOBY,2028-01-21,10.0,4.85,5905,17,0%,🔭LEAPS,HOLD,1
ACHR,2026-07-17,12.0,0.26,1644,17,0%,🚬菸屁股,HOLD,1
NVDA,2026-03-13,220.0,0.01,7480,16,0%,🚬菸屁股,HOLD,1
SMCI,2026-03-20,41.0,0.07,2417,16,0%,🚬菸屁股,HOLD,1
OKLO,2027-01-15,260.0,2.0,5111,16,0%,🔭LEAPS,HOLD,1
IONQ,2026-05-15,80.0,0.4,933,16,0%,🚬菸屁股,HOLD,1
IONQ,2027-01-15,40.0,10.25,2893,16,0%,🔭LEAPS,HOLD,1
PATH,2026-05-15,22.0,0.42,6362,16,0%,🚬菸屁股,HOLD,1
SMR,2027-01-15,27.0,2.31,981,16,0%,🔭LEAPS,HOLD,1
PLTR,2027-01-15,160.0,30.45,8145,15,0%,🔭LEAPS,HOLD,1
SOFI,2026-03-13,22.5,0.01,2185,15,0%,🚬菸屁股,HOLD,1
SOFI,2026-04-17,29.0,0.1,7644,15,0%,🚬菸屁股,HOLD,1
PATH,2026-05-15,26.0,0.21,2277,15,0%,🚬菸屁股,HOLD,1
HOOD,2026-03-20,115.0,0.03,4936,15,0%,🚬菸屁股,HOLD,1
HOOD,2027-01-15,200.0,2.41,8999,15,0%,🔭LEAPS,HOLD,1
HOOD,2027-01-15,290.0,0.74,2396,15,0%,🔭LEAPS,HOLD,1
TDOC,2027-01-15,10.0,0.72,8003,15,0%,🔭LEAPS,HOLD,1
NTLA,2028-01-21,7.5,10.5,819,15,0%,🔭LEAPS,HOLD,1
PACB,2028-01-21,1.5,1.45,6658,15,0%,🔭LEAPS,HOLD,1
HIMS,2028-01-21,80.0,7.0,922,15,0%,🔭LEAPS,HOLD,1
JOBY,2026-07-17,17.0,0.51,1025,15,0%,🚬菸屁股,HOLD,1
RKLB,2026-04-17,145.0,0.2,902,14,0%,🚬菸屁股,HOLD,1
RKLB,2027-01-15,130.0,10.85,2151,14,0%,🔭LEAPS,HOLD,1
IONQ,2026-04-17,65.0,0.16,2756,14,0%,🚬菸屁股,HOLD,1
HOOD,2026-07-17,150.0,0.99,1454,14,0%,🚬菸屁股,HOLD,1
CRSP,2027-01-15,60.0,9.5,775,14,0%,🔭LEAPS,HOLD,1
HIMS,2027-01-15,75.0,2.87,1704,14,0%,🔭LEAPS,HOLD,1
JOBY,2026-04-17,15.0,0.12,6811,14,0%,🚬菸屁股,HOLD,1
IBIT,2028-01-21,85.0,4.6,13157,13,0%,🔭LEAPS,HOLD,1
SMCI,2027-01-15,105.0,0.85,6184,13,0%,🔭LEAPS,HOLD,1
OKLO,2027-01-15,150.0,7.2,12927,13,0%,🔭LEAPS,HOLD,1
SOFI,2026-07-17,28.0,0.64,3169,13,0%,🚬菸屁股,HOLD,1
IREN,2026-03-20,75.0,0.02,9333,13,0%,🚬菸屁股,HOLD,1
OPEN,2026-05-15,10.0,0.2,7855,13,0%,🚬菸屁股,HOLD,1
OPEN,2026-08-21,15.0,0.2,792,13,0%,🚬菸屁股,HOLD,1
CRSP,2026-03-20,65.0,0.6,767,13,0%,🚬菸屁股,HOLD,1
KTOS,2026-03-20,130.0,0.1,1192,13,0%,🚬菸屁股,HOLD,1
ACHR,2028-01-21,5.0,3.65,3241,13,0%,🔭LEAPS,HOLD,1
SMR,2027-01-15,17.0,3.65,1691,13,0%,🔭LEAPS,HOLD,1
IONQ,2026-03-13,45.0,0.03,1083,12,0%,🚬菸屁股,HOLD,1
UPST,2027-01-15,60.0,2.54,1916,12,0%,🔭LEAPS,HOLD,1
SOFI,2026-05-15,47.0,0.04,924,12,0%,🚬菸屁股,HOLD,1
IREN,2026-05-15,95.0,0.46,2159,12,0%,🚬菸屁股,HOLD,1
HOOD,2026-04-17,135.0,0.35,1590,12,0%,🚬菸屁股,HOLD,1
HOOD,2026-04-17,140.0,0.17,3291,12,0%,🚬菸屁股,HOLD,1
ACHR,2026-03-13,8.5,0.01,2161,12,0%,🚬菸屁股,HOLD,1
ACHR,2028-01-21,27.0,0.98,14128,12,0%,🔭LEAPS,HOLD,1
SMR,2026-05-15,23.0,0.4,961,12,0%,🚬菸屁股,HOLD,1
SMR,2026-08-21,30.0,0.98,1791,12,0%,🚬菸屁股,HOLD,1
NNE,2026-04-17,35.0,0.5,1837,12,0%,🚬菸屁股,HOLD,1
IBIT,2026-03-20,53.0,0.03,22765,11,0%,🚬菸屁股,HOLD,1
RKLB,2026-03-13,95.0,0.34,787,11,0%,🚬菸屁股,HOLD,1
RKLB,2026-04-17,120.0,0.51,1752,11,0%,🚬菸屁股,HOLD,1
IONQ,2026-03-13,43.0,0.05,1456,11,0%,🚬菸屁股,HOLD,1
IONQ,2028-01-21,100.0,8.3,758,11,0%,🔭LEAPS,HOLD,1
SOFI,2028-01-21,10.0,11.25,838,11,0%,🔭LEAPS,HOLD,1
DKNG,2027-01-15,40.0,2.05,8841,11,0%,🔭LEAPS,HOLD,1
IREN,2027-01-15,75.0,8.05,2505,11,0%,🔭LEAPS,HOLD,1
U,2026-03-20,26.0,0.23,1686,11,0%,🚬菸屁股,HOLD,1
PACB,2027-01-15,1.0,0.8,2486,11,0%,🔭LEAPS,HOLD,1
ACHR,2026-03-20,11.0,0.01,4686,11,0%,🚬菸屁股,HOLD,1
SMR,2026-05-15,22.0,0.63,1640,11,0%,🚬菸屁股,HOLD,1
TSLA,2028-01-21,900.0,34.3,5036,10,0%,🔭LEAPS,HOLD,1
NVDA,2028-01-21,380.0,12.45,8114,10,0%,🔭LEAPS,HOLD,1
IBIT,2027-01-15,110.0,0.49,23774,10,0%,🔭LEAPS,HOLD,1
IBIT,2028-01-21,60.0,8.15,6206,10,0%,🔭LEAPS,HOLD,1
SMCI,2026-03-20,65.0,0.01,11370,10,0%,🚬菸屁股,HOLD,1
SMCI,2026-03-20,90.0,0.1,5878,10,0%,🚬菸屁股,HOLD,1
OKLO,2026-03-20,105.0,0.1,2383,10,0%,🚬菸屁股,HOLD,1
VST,2026-03-20,220.0,0.03,894,10,0%,🚬菸屁股,HOLD,1
RKLB,2026-03-20,120.0,0.04,978,10,0%,🚬菸屁股,HOLD,1
IONQ,2026-04-17,90.0,0.07,1536,10,0%,🚬菸屁股,HOLD,1
SOFI,2026-07-17,27.0,0.74,1275,10,0%,🚬菸屁股,HOLD,1
IREN,2026-03-20,95.0,0.03,5589,10,0%,🚬菸屁股,HOLD,1
IREN,2026-03-20,110.0,0.04,4716,10,0%,🚬菸屁股,HOLD,1
IREN,2027-01-15,105.0,4.9,3055,10,0%,🔭LEAPS,HOLD,1
U,2028-01-21,65.0,2.62,2152,10,0%,🔭LEAPS,HOLD,1
HOOD,2026-05-15,140.0,0.39,6881,10,0%,🚬菸屁股,HOLD,1
TDOC,2027-01-15,12.5,0.52,1719,10,0%,🔭LEAPS,HOLD,1
OPEN,2027-01-15,2.0,3.65,15539,10,0%,🔭LEAPS,HOLD,1
JOBY,2027-01-15,7.0,4.65,6857,10,0%,🔭LEAPS,HOLD,1
SMR,2028-01-21,20.0,6.2,1487,10,0%,🔭LEAPS,HOLD,1
CRWV,2026-03-20,180.0,0.04,12008,10,0%,🚬菸屁股,HOLD,1
NVDA,2026-05-15,290.0,0.11,6192,9,0%,🚬菸屁股,HOLD,1
IBIT,2026-03-20,58.0,0.02,7986,9,0%,🚬菸屁股,HOLD,1
IBIT,2026-03-20,62.0,0.01,7425,9,0%,🚬菸屁股,HOLD,1
SMCI,2026-03-20,46.0,0.09,1158,9,0%,🚬菸屁股,HOLD,1
SMCI,2026-05-15,90.0,0.08,6813,9,0%,🚬菸屁股,HOLD,1
IREN,2026-03-20,105.0,0.05,3465,9,0%,🚬菸屁股,HOLD,1
IREN,2026-05-15,85.0,0.65,3040,9,0%,🚬菸屁股,HOLD,1
NBIS,2026-03-13,140.0,0.37,1033,9,0%,🚬菸屁股,HOLD,1
PATH,2028-01-21,25.0,2.85,10533,9,0%,🔭LEAPS,HOLD,1
TDOC,2026-03-20,6.5,0.06,1537,9,0%,🚬菸屁股,HOLD,1
ZM,2026-03-20,95.0,0.1,9163,9,0%,🚬菸屁股,HOLD,1
OPEN,2026-05-15,6.0,0.84,1912,9,0%,🚬菸屁股,HOLD,1
OPEN,2027-01-15,4.0,2.36,2486,9,0%,🔭LEAPS,HOLD,1
OPEN,2027-01-15,7.0,1.82,12984,9,0%,🔭LEAPS,HOLD,1
HIMS,2026-03-20,105.0,0.01,1940,9,0%,🚬菸屁股,HOLD,1
LUNR,2027-01-15,12.0,10.3,2434,9,0%,🔭LEAPS,HOLD,1
IBIT,2026-05-15,53.0,0.52,5344,8,0%,🚬菸屁股,HOLD,1
SOFI,2026-03-20,45.0,0.02,842,8,0%,🚬菸屁股,HOLD,1
U,2026-04-17,35.0,0.3,3499,8,0%,🚬菸屁股,HOLD,1
U,2027-01-15,60.0,0.86,1570,8,0%,🔭LEAPS,HOLD,1
ROKU,2027-01-15,150.0,8.3,1257,8,0%,🔭LEAPS,HOLD,1
ZM,2027-01-15,100.0,5.8,6709,8,0%,🔭LEAPS,HOLD,1
JOBY,2026-04-17,14.0,0.17,5814,8,0%,🚬菸屁股,HOLD,1
SMR,2027-01-15,35.0,1.7,2329,8,0%,🔭LEAPS,HOLD,1
TSLA,2026-05-15,800.0,0.14,5332,7,0%,🚬菸屁股,HOLD,1
AMD,2027-01-15,310.0,15.6,5539,7,0%,🔭LEAPS,HOLD,1
MSTR,2026-03-20,350.0,0.03,5035,7,0%,🚬菸屁股,HOLD,1
IBIT,2027-01-15,65.0,2.3,14858,7,0%,🔭LEAPS,HOLD,1
SMCI,2028-01-21,85.0,4.55,15167,7,0%,🔭LEAPS,HOLD,1
SOFI,2026-03-20,24.5,0.05,2173,7,0%,🚬菸屁股,HOLD,1
SOFI,2026-04-17,44.0,0.06,2230,7,0%,🚬菸屁股,HOLD,1
DKNG,2026-03-20,32.5,0.01,9393,7,0%,🚬菸屁股,HOLD,1
HOOD,2028-01-21,290.0,4.3,2835,7,0%,🔭LEAPS,HOLD,1
TDOC,2026-04-17,10.0,0.06,7822,7,0%,🚬菸屁股,HOLD,1
XYZ,2027-01-15,100.0,4.2,4778,7,0%,🔭LEAPS,HOLD,1
OPEN,2026-05-15,7.0,0.55,3086,7,0%,🚬菸屁股,HOLD,1
ONDS,2027-01-15,22.0,1.69,2240,7,0%,🔭LEAPS,HOLD,1
SMR,2026-03-20,24.0,0.07,1353,7,0%,🚬菸屁股,HOLD,1
SMR,2027-01-15,40.0,1.63,2292,7,0%,🔭LEAPS,HOLD,1
NNE,2027-01-15,90.0,1.15,2267,7,0%,🔭LEAPS,HOLD,1
CRWV,2026-03-13,105.0,0.04,2468,7,0%,🚬菸屁股,HOLD,1
TSLA,2026-04-17,990.0,0.02,22133,6,0%,🚬菸屁股,HOLD,1
TSLA,2027-01-15,950.0,5.9,16917,6,0%,🔭LEAPS,HOLD,1
NVDA,2026-03-13,240.0,0.01,12894,6,0%,🚬菸屁股,HOLD,1
IBIT,2026-03-20,57.0,0.02,12922,6,0%,🚬菸屁股,HOLD,1
IBIT,2026-03-20,61.0,0.01,8174,6,0%,🚬菸屁股,HOLD,1
SMCI,2027-01-15,52.0,3.8,991,6,0%,🔭LEAPS,HOLD,1
OKLO,2026-03-20,95.0,0.1,2622,6,0%,🚬菸屁股,HOLD,1
OKLO,2026-05-15,150.0,0.79,837,6,0%,🚬菸屁股,HOLD,1
RKLB,2026-03-20,115.0,0.05,1096,6,0%,🚬菸屁股,HOLD,1
RKLB,2026-04-17,115.0,0.63,1165,6,0%,🚬菸屁股,HOLD,1
UPST,2027-01-15,40.0,5.2,1448,6,0%,🔭LEAPS,HOLD,1
SOFI,2028-01-21,42.0,3.05,8455,6,0%,🔭LEAPS,HOLD,1
DKNG,2027-01-15,42.0,1.78,1489,6,0%,🔭LEAPS,HOLD,1
NBIS,2026-03-20,190.0,0.44,1099,6,0%,🚬菸屁股,HOLD,1
U,2027-01-15,20.0,6.2,1974,6,0%,🔭LEAPS,HOLD,1
HOOD,2027-01-15,140.0,6.45,2101,6,0%,🔭LEAPS,HOLD,1
TDOC,2028-01-21,5.0,2.64,762,6,0%,🔭LEAPS,HOLD,1
OPEN,2027-01-15,2.5,3.3,6246,6,0%,🔭LEAPS,HOLD,1
ONDS,2028-01-21,17.0,4.15,8480,6,0%,🔭LEAPS,HOLD,1
JOBY,2027-01-15,30.0,0.54,6009,6,0%,🔭LEAPS,HOLD,1
SMR,2028-01-21,30.0,4.65,1123,6,0%,🔭LEAPS,HOLD,1
CRWV,2026-03-20,185.0,0.05,1633,6,0%,🚬菸屁股,HOLD,1
CRWV,2027-01-15,240.0,4.55,2551,6,0%,🔭LEAPS,HOLD,1
NVDA,2026-04-17,420.0,0.01,20076,5,0%,🚬菸屁股,HOLD,1
AMD,2026-03-20,500.0,0.01,10103,5,0%,🚬菸屁股,HOLD,1
MSTR,2027-01-15,700.0,2.16,9822,5,0%,🔭LEAPS,HOLD,1
IONQ,2027-01-15,65.0,4.95,1021,5,0%,🔭LEAPS,HOLD,1
SOFI,2026-05-15,40.0,0.07,3222,5,0%,🚬菸屁股,HOLD,1
SOFI,2028-01-21,32.0,3.85,1147,5,0%,🔭LEAPS,HOLD,1
DKNG,2026-03-20,50.0,0.01,5431,5,0%,🚬菸屁股,HOLD,1
DKNG,2026-05-15,37.5,0.31,941,5,0%,🚬菸屁股,HOLD,1
HOOD,2026-05-15,160.0,0.35,1776,5,0%,🚬菸屁股,HOLD,1
HOOD,2026-07-17,160.0,0.76,928,5,0%,🚬菸屁股,HOLD,1
HOOD,2027-01-15,190.0,2.7,4065,5,0%,🔭LEAPS,HOLD,1
TDOC,2027-01-15,17.5,0.33,2003,5,0%,🔭LEAPS,HOLD,1
ZM,2027-01-15,105.0,4.85,1316,5,0%,🔭LEAPS,HOLD,1
XYZ,2027-01-15,90.0,5.5,3287,5,0%,🔭LEAPS,HOLD,1
OPEN,2026-03-20,9.0,0.25,2299,5,0%,🚬菸屁股,HOLD,1
OPEN,2026-05-15,12.0,0.06,5823,5,0%,🚬菸屁股,HOLD,1
OPEN,2027-01-15,12.0,1.03,9031,5,0%,🔭LEAPS,HOLD,1
OPEN,2028-01-21,20.0,1.38,20347,5,0%,🔭LEAPS,HOLD,1
CRSP,2027-01-15,80.0,5.6,1230,5,0%,🔭LEAPS,HOLD,1
JOBY,2028-01-21,5.0,6.8,1850,5,0%,🔭LEAPS,HOLD,1
ACHR,2026-03-13,9.0,0.01,1730,5,0%,🚬菸屁股,HOLD,1
CRWV,2027-01-15,280.0,3.0,9600,5,0%,🔭LEAPS,HOLD,1
TSLA,2026-04-17,970.0,0.04,5346,4,0%,🚬菸屁股,HOLD,1
NVDA,2028-01-21,230.0,36.85,10848,4,0%,🔭LEAPS,HOLD,1
NVDA,2028-01-21,360.0,14.15,5075,4,0%,🔭LEAPS,HOLD,1
OKLO,2027-01-15,130.0,8.75,1282,4,0%,🔭LEAPS,HOLD,1
VST,2026-03-20,215.0,0.06,3829,4,0%,🚬菸屁股,HOLD,1
IONQ,2028-01-21,80.0,9.8,1161,4,0%,🔭LEAPS,HOLD,1
UPST,2026-03-20,45.0,0.02,2680,4,0%,🚬菸屁股,HOLD,1
UPST,2026-03-20,55.0,0.01,1809,4,0%,🚬菸屁股,HOLD,1
SOFI,2026-03-13,23.5,0.01,1790,4,0%,🚬菸屁股,HOLD,1
DKNG,2027-01-15,33.0,3.45,838,4,0%,🔭LEAPS,HOLD,1
IREN,2027-01-15,95.0,5.55,6272,4,0%,🔭LEAPS,HOLD,1
U,2026-03-20,36.0,0.01,9470,4,0%,🚬菸屁股,HOLD,1
HOOD,2026-05-15,180.0,0.3,1257,4,0%,🚬菸屁股,HOLD,1
ZM,2026-03-20,82.5,0.44,1458,4,0%,🚬菸屁股,HOLD,1
ZM,2026-03-20,125.0,0.42,759,4,0%,🚬菸屁股,HOLD,1
ZM,2026-05-15,110.0,0.52,2085,4,0%,🚬菸屁股,HOLD,1
XYZ,2027-01-15,70.0,11.3,1564,4,0%,🔭LEAPS,HOLD,1
OPEN,2027-01-15,20.0,0.5,23934,4,0%,🔭LEAPS,HOLD,1
TXG,2026-03-20,22.5,0.9,1675,4,0%,🚬菸屁股,HOLD,1
HIMS,2026-03-20,75.0,0.03,3484,4,0%,🚬菸屁股,HOLD,1
HIMS,2027-01-15,90.0,2.21,3505,4,0%,🔭LEAPS,HOLD,1
JOBY,2027-01-15,25.0,0.78,3485,4,0%,🔭LEAPS,HOLD,1
ACHR,2028-01-21,20.0,1.3,4533,4,0%,🔭LEAPS,HOLD,1
SMR,2026-08-21,35.0,0.69,2797,4,0%,🚬菸屁股,HOLD,1
CRWV,2026-03-20,200.0,0.02,7509,4,0%,🚬菸屁股,HOLD,1
TSLA,2027-01-15,710.0,16.3,8326,3,0%,🔭LEAPS,HOLD,1
IBIT,2026-05-15,54.0,0.45,5016,3,0%,🚬菸屁股,HOLD,1
IBIT,2027-01-15,90.0,0.82,23253,3,0%,🔭LEAPS,HOLD,1
IBIT,2028-01-21,62.0,7.75,5480,3,0%,🔭LEAPS,HOLD,1
SMCI,2027-01-15,43.0,5.4,4067,3,0%,🔭LEAPS,HOLD,1
SMCI,2027-01-15,85.0,1.45,3485,3,0%,🔭LEAPS,HOLD,1
IONQ,2028-01-21,60.0,11.5,1505,3,0%,🔭LEAPS,HOLD,1
UPST,2028-01-21,35.0,10.55,833,3,0%,🔭LEAPS,HOLD,1
SOFI,2026-03-20,47.0,0.03,1765,3,0%,🚬菸屁股,HOLD,1
SOFI,2026-05-15,32.0,0.21,1335,3,0%,🚬菸屁股,HOLD,1
DKNG,2026-05-15,32.5,0.75,1228,3,0%,🚬菸屁股,HOLD,1
IREN,2028-01-21,105.0,10.85,1747,3,0%,🔭LEAPS,HOLD,1
U,2026-03-20,27.0,0.12,3622,3,0%,🚬菸屁股,HOLD,1
U,2026-04-17,28.0,0.46,1010,3,0%,🚬菸屁股,HOLD,1
PATH,2027-01-15,5.0,9.7,917,3,0%,🔭LEAPS,HOLD,1
HOOD,2026-05-15,135.0,0.66,1038,3,0%,🚬菸屁股,HOLD,1
HOOD,2027-01-15,160.0,4.3,3342,3,0%,🔭LEAPS,HOLD,1
XYZ,2026-03-20,90.0,0.59,6326,3,0%,🚬菸屁股,HOLD,1
OPEN,2026-05-15,8.0,0.45,6217,3,0%,🚬菸屁股,HOLD,1
OPEN,2026-05-15,15.0,0.15,4388,3,0%,🚬菸屁股,HOLD,1
HIMS,2026-03-20,95.0,0.01,3478,3,0%,🚬菸屁股,HOLD,1
ONDS,2026-03-20,19.0,0.02,1522,3,0%,🚬菸屁股,HOLD,1
JOBY,2026-03-20,14.0,0.02,1679,3,0%,🚬菸屁股,HOLD,1
SMR,2027-01-15,37.0,1.5,890,3,0%,🔭LEAPS,HOLD,1
SMR,2027-01-15,80.0,0.53,9270,3,0%,🔭LEAPS,HOLD,1
CRWV,2026-04-17,165.0,0.09,1159,3,0%,🚬菸屁股,HOLD,1
TSLA,2026-03-20,800.0,0.01,5260,2,0%,🚬菸屁股,HOLD,1
NVDA,2028-01-21,195.0,48.9,5879,2,0%,🔭LEAPS,HOLD,1
NVDA,2028-01-21,270.0,26.9,5637,2,0%,🔭LEAPS,HOLD,1
AMD,2026-03-20,330.0,0.01,5393,2,0%,🚬菸屁股,HOLD,1
AMD,2027-01-15,290.0,19.2,6019,2,0%,🔭LEAPS,HOLD,1
IBIT,2026-03-20,56.0,0.02,14631,2,0%,🚬菸屁股,HOLD,1
IBIT,2026-03-20,105.0,0.01,9821,2,0%,🚬菸屁股,HOLD,1
SMCI,2026-03-20,48.0,0.02,2342,2,0%,🚬菸屁股,HOLD,1
SMCI,2026-05-15,49.0,0.62,1169,2,0%,🚬菸屁股,HOLD,1
SMCI,2026-07-17,60.0,0.79,1207,2,0%,🚬菸屁股,HOLD,1
SMCI,2027-01-15,29.0,10.3,823,2,0%,🔭LEAPS,HOLD,1
SMCI,2027-01-15,55.0,3.4,4901,2,0%,🔭LEAPS,HOLD,1
SMCI,2027-01-15,70.0,2.07,7503,2,0%,🔭LEAPS,HOLD,1
OKLO,2026-03-20,150.0,0.03,2153,2,0%,🚬菸屁股,HOLD,1
OKLO,2026-03-20,160.0,0.08,964,2,0%,🚬菸屁股,HOLD,1
OKLO,2026-03-20,200.0,0.25,1759,2,0%,🚬菸屁股,HOLD,1
OKLO,2027-01-15,190.0,4.5,785,2,0%,🔭LEAPS,HOLD,1
OKLO,2027-01-15,220.0,3.6,1198,2,0%,🔭LEAPS,HOLD,1
ASTS,2026-03-20,160.0,0.25,821,2,0%,🚬菸屁股,HOLD,1
IONQ,2026-04-17,80.0,0.1,1158,2,0%,🚬菸屁股,HOLD,1
IONQ,2027-01-15,110.0,2.27,1414,2,0%,🔭LEAPS,HOLD,1
UPST,2026-03-20,32.5,0.29,1299,2,0%,🚬菸屁股,HOLD,1
UPST,2026-03-20,47.5,0.04,984,2,0%,🚬菸屁股,HOLD,1
UPST,2027-01-15,100.0,1.09,6270,2,0%,🔭LEAPS,HOLD,1
UPST,2028-01-21,42.5,8.8,2132,2,0%,🔭LEAPS,HOLD,1
SOFI,2026-03-20,33.0,0.02,3284,2,0%,🚬菸屁股,HOLD,1
SOFI,2026-03-20,35.0,0.01,10690,2,0%,🚬菸屁股,HOLD,1
SOFI,2026-07-17,40.0,0.18,2244,2,0%,🚬菸屁股,HOLD,1
DKNG,2028-01-21,25.0,9.85,3493,2,0%,🔭LEAPS,HOLD,1
DKNG,2028-01-21,60.0,2.11,4589,2,0%,🔭LEAPS,HOLD,1
U,2026-03-20,29.0,0.05,9289,2,0%,🚬菸屁股,HOLD,1
U,2026-04-17,26.0,0.54,884,2,0%,🚬菸屁股,HOLD,1
U,2026-04-17,37.0,0.3,795,2,0%,🚬菸屁股,HOLD,1
U,2026-08-21,55.0,0.38,5520,2,0%,🚬菸屁股,HOLD,1
U,2027-01-15,32.0,3.1,972,2,0%,🔭LEAPS,HOLD,1
U,2028-01-21,30.0,6.3,3549,2,0%,🔭LEAPS,HOLD,1
PATH,2026-05-15,24.0,0.25,2943,2,0%,🚬菸屁股,HOLD,1
HOOD,2026-03-20,150.0,0.01,10344,2,0%,🚬菸屁股,HOLD,1
HOOD,2027-01-15,175.0,3.3,3854,2,0%,🔭LEAPS,HOLD,1
TDOC,2026-03-20,7.0,0.04,2422,2,0%,🚬菸屁股,HOLD,1
ZM,2026-03-20,90.0,0.11,4324,2,0%,🚬菸屁股,HOLD,1
ZM,2026-03-20,105.0,0.05,6473,2,0%,🚬菸屁股,HOLD,1
ZM,2027-01-15,90.0,8.1,3115,2,0%,🔭LEAPS,HOLD,1
ZM,2027-01-15,130.0,2.0,1682,2,0%,🔭LEAPS,HOLD,1
XYZ,2026-05-15,90.0,0.77,1710,2,0%,🚬菸屁股,HOLD,1
XYZ,2027-01-15,145.0,1.14,23784,2,0%,🔭LEAPS,HOLD,1
XYZ,2028-01-21,120.0,7.45,1385,2,0%,🔭LEAPS,HOLD,1
OPEN,2026-03-20,8.0,0.02,12369,2,0%,🚬菸屁股,HOLD,1
OPEN,2027-01-15,0.5,5.0,7990,2,0%,🔭LEAPS,HOLD,1
OPEN,2027-01-15,1.0,4.45,755,2,0%,🔭LEAPS,HOLD,1
OPEN,2027-01-15,5.5,2.28,4474,2,0%,🔭LEAPS,HOLD,1
OPEN,2028-01-21,10.0,2.15,23526,2,0%,🔭LEAPS,HOLD,1
PACB,2028-01-21,3.0,0.85,1078,2,0%,🔭LEAPS,HOLD,1
LUNR,2028-01-21,40.0,6.5,1916,2,0%,🔭LEAPS,HOLD,1
JOBY,2026-03-20,16.0,0.02,2027,2,0%,🚬菸屁股,HOLD,1
ACHR,2027-01-15,2.0,5.65,1478,2,0%,🔭LEAPS,HOLD,1
ACHR,2027-01-15,25.0,0.3,22977,2,0%,🔭LEAPS,HOLD,1
SMR,2026-03-20,75.0,0.25,1155,2,0%,🚬菸屁股,HOLD,1
SMR,2026-04-17,19.0,0.37,1023,2,0%,🚬菸屁股,HOLD,1
SMR,2027-01-15,7.0,7.25,922,2,0%,🔭LEAPS,HOLD,1
SMR,2027-01-15,45.0,1.52,996,2,0%,🔭LEAPS,HOLD,1
CRWV,2026-03-20,240.0,0.25,1325,2,0%,🚬菸屁股,HOLD,1
CRWV,2026-04-17,200.0,0.05,960,2,0%,🚬菸屁股,HOLD,1
CRWV,2027-01-15,170.0,9.4,1495,2,0%,🔭LEAPS,HOLD,1
TSLA,2026-03-20,630.0,0.02,6185,1,0%,🚬菸屁股,HOLD,1
TSLA,2026-03-20,850.0,0.01,5022,1,0%,🚬菸屁股,HOLD,1
TSLA,2027-01-15,790.0,11.3,5575,1,0%,🔭LEAPS,HOLD,1
NVDA,2026-03-13,230.0,0.01,5504,1,0%,🚬菸屁股,HOLD,1
NVDA,2026-03-20,420.0,0.01,18521,1,0%,🚬菸屁股,HOLD,1
NVDA,2027-01-15,155.0,51.45,6580,1,0%,🔭LEAPS,HOLD,1
IBIT,2026-03-20,135.0,0.01,6974,1,0%,🚬菸屁股,HOLD,1
PLTR,2026-03-20,280.0,0.01,8329,1,0%,🚬菸屁股,HOLD,1
PLTR,2027-01-15,130.0,45.0,5969,1,0%,🔭LEAPS,HOLD,1
SMCI,2026-03-20,49.0,0.06,765,1,0%,🚬菸屁股,HOLD,1
SMCI,2026-05-15,47.0,0.71,1263,1,0%,🚬菸屁股,HOLD,1
SMCI,2027-01-15,28.0,11.0,757,1,0%,🔭LEAPS,HOLD,1
SMCI,2027-01-15,33.0,8.4,1232,1,0%,🔭LEAPS,HOLD,1
SMCI,2027-01-15,60.0,2.83,10145,1,0%,🔭LEAPS,HOLD,1
SMCI,2027-01-15,80.0,1.58,13473,1,0%,🔭LEAPS,HOLD,1
SMCI,2028-01-21,105.0,4.35,3385,1,0%,🔭LEAPS,HOLD,1
OKLO,2026-03-20,165.0,0.3,2097,1,0%,🚬菸屁股,HOLD,1
OKLO,2027-01-15,105.0,11.45,10305,1,0%,🔭LEAPS,HOLD,1
OKLO,2027-01-15,120.0,9.9,1449,1,0%,🔭LEAPS,HOLD,1
RKLB,2026-03-20,125.0,0.05,1363,1,0%,🚬菸屁股,HOLD,1
RKLB,2026-04-17,130.0,0.51,1604,1,0%,🚬菸屁股,HOLD,1
IONQ,2026-05-15,70.0,0.42,1432,1,0%,🚬菸屁股,HOLD,1
IONQ,2027-01-15,70.0,4.45,1505,1,0%,🔭LEAPS,HOLD,1
IONQ,2027-01-15,85.0,3.15,899,1,0%,🔭LEAPS,HOLD,1
IONQ,2027-01-15,90.0,2.93,2065,1,0%,🔭LEAPS,HOLD,1
IONQ,2028-01-21,90.0,8.25,1780,1,0%,🔭LEAPS,HOLD,1
UPST,2026-03-20,65.0,0.15,2188,1,0%,🚬菸屁股,HOLD,1
UPST,2027-01-15,65.0,2.16,786,1,0%,🔭LEAPS,HOLD,1
SOFI,2026-03-20,36.0,0.01,3903,1,0%,🚬菸屁股,HOLD,1
SOFI,2026-03-20,38.0,0.75,2377,1,0%,🚬菸屁股,HOLD,1
SOFI,2026-03-20,44.0,0.25,3662,1,0%,🚬菸屁股,HOLD,1
SOFI,2026-05-15,31.0,0.12,1334,1,0%,🚬菸屁股,HOLD,1
SOFI,2026-05-15,33.0,0.13,2980,1,0%,🚬菸屁股,HOLD,1
DKNG,2026-08-21,42.5,0.77,869,1,0%,🚬菸屁股,HOLD,1
DKNG,2027-01-15,20.0,9.0,1027,1,0%,🔭LEAPS,HOLD,1
DKNG,2027-01-15,25.0,6.5,5201,1,0%,🔭LEAPS,HOLD,1
DKNG,2027-01-15,70.0,0.4,3807,1,0%,🔭LEAPS,HOLD,1
NBIS,2026-03-20,175.0,0.12,1103,1,0%,🚬菸屁股,HOLD,1
U,2026-03-20,31.0,0.08,832,1,0%,🚬菸屁股,HOLD,1
U,2026-03-20,33.0,0.02,1897,1,0%,🚬菸屁股,HOLD,1
U,2026-03-20,45.0,0.04,2102,1,0%,🚬菸屁股,HOLD,1
U,2026-05-15,32.0,0.55,4434,1,0%,🚬菸屁股,HOLD,1
PATH,2027-01-15,32.0,1.2,1220,1,0%,🔭LEAPS,HOLD,1
ROKU,2026-03-20,130.0,0.29,1563,1,0%,🚬菸屁股,HOLD,1
HOOD,2027-01-15,135.0,6.55,2984,1,0%,🔭LEAPS,HOLD,1
HOOD,2027-01-15,170.0,3.45,8636,1,0%,🔭LEAPS,HOLD,1
HOOD,2027-01-15,185.0,2.67,2422,1,0%,🔭LEAPS,HOLD,1
TDOC,2026-03-20,5.0,0.6,1470,1,0%,🚬菸屁股,HOLD,1
TDOC,2027-01-15,22.5,0.3,4420,1,0%,🔭LEAPS,HOLD,1
TDOC,2028-01-21,10.0,1.49,850,1,0%,🔭LEAPS,HOLD,1
TDOC,2028-01-21,17.0,1.06,842,1,0%,🔭LEAPS,HOLD,1
ZM,2027-01-15,110.0,3.95,3055,1,0%,🔭LEAPS,HOLD,1
ZM,2027-01-15,120.0,2.88,2035,1,0%,🔭LEAPS,HOLD,1
NTLA,2026-04-17,25.0,0.15,4684,1,0%,🚬菸屁股,HOLD,1
NTLA,2027-01-15,17.5,4.2,1199,1,0%,🔭LEAPS,HOLD,1
PACB,2027-01-15,1.5,0.7,3069,1,0%,🔭LEAPS,HOLD,1
KTOS,2026-03-20,145.0,0.05,1023,1,0%,🚬菸屁股,HOLD,1
LUNR,2026-03-20,27.0,0.26,1101,1,0%,🚬菸屁股,HOLD,1
LUNR,2027-01-15,30.0,4.45,2077,1,0%,🔭LEAPS,HOLD,1
JOBY,2026-03-20,15.0,0.01,3001,1,0%,🚬菸屁股,HOLD,1
JOBY,2026-03-20,20.0,0.01,6115,1,0%,🚬菸屁股,HOLD,1
JOBY,2026-08-21,15.0,0.98,1007,1,0%,🚬菸屁股,HOLD,1
JOBY,2028-01-21,32.0,1.7,6673,1,0%,🔭LEAPS,HOLD,1
ACHR,2026-04-17,13.0,0.04,4035,1,0%,🚬菸屁股,HOLD,1
ACHR,2026-07-17,15.0,0.39,1424,1,0%,🚬菸屁股,HOLD,1
ACHR,2027-01-15,4.0,3.4,4836,1,0%,🔭LEAPS,HOLD,1
ACHR,2028-01-21,1.0,6.65,806,1,0%,🔭LEAPS,HOLD,1
SMR,2026-03-20,19.0,0.1,1714,1,0%,🚬菸屁股,HOLD,1
SMR,2026-03-20,23.0,0.04,6834,1,0%,🚬菸屁股,HOLD,1
SMR,2026-03-20,35.0,0.01,1142,1,0%,🚬菸屁股,HOLD,1
SMR,2026-03-20,85.0,0.05,2771,1,0%,🚬菸屁股,HOLD,1
SMR,2026-04-17,26.0,0.12,821,1,0%,🚬菸屁股,HOLD,1
SMR,2026-05-15,75.0,0.05,825,1,0%,🚬菸屁股,HOLD,1
SMR,2027-01-15,32.0,2.5,1028,1,0%,🔭LEAPS,HOLD,1
SMR,2027-01-15,55.0,1.3,1061,1,0%,🔭LEAPS,HOLD,1
SMR,2027-01-15,60.0,0.97,937,1,0%,🔭LEAPS,HOLD,1
SMR,2027-01-15,85.0,0.6,1971,1,0%,🔭LEAPS,HOLD,1
NNE,2027-01-15,45.0,3.6,1349,1,0%,🔭LEAPS,HOLD,1
NNE,2027-01-15,60.0,2.85,1417,1,0%,🔭LEAPS,HOLD,1
CRWV,2026-03-20,190.0,0.05,1034,1,0%,🚬菸屁股,HOLD,1
CRWV,2027-01-15,165.0,9.8,5135,1,0%,🔭LEAPS,HOLD,1
TSLA,2026-03-13,690.0,0.01,6720,0,0%,🚬菸屁股,HOLD,1
TSLA,2026-03-20,590.0,0.02,9564,0,0%,🚬菸屁股,HOLD,1
TSLA,2026-03-20,870.0,0.01,21471,0,0%,🚬菸屁股,HOLD,1
TSLA,2026-03-20,880.0,0.01,24660,0,0%,🚬菸屁股,HOLD,1
TSLA,2026-03-20,930.0,0.01,17363,0,0%,🚬菸屁股,HOLD,1
TSLA,2026-03-20,980.0,0.01,5766,0,0%,🚬菸屁股,HOLD,1
TSLA,2026-03-20,990.0,0.01,18746,0,0%,🚬菸屁股,HOLD,1
TSLA,2026-05-15,710.0,0.29,6308,0,0%,🚬菸屁股,HOLD,1
TSLA,2026-05-15,990.0,0.08,18926,0,0%,🚬菸屁股,HOLD,1
NVDA,2026-03-13,235.0,0.01,5375,0,0%,🚬菸屁股,HOLD,1
NVDA,2026-03-20,235.0,0.04,5358,0,0%,🚬菸屁股,HOLD,1
NVDA,2026-03-20,270.0,0.01,10084,0,0%,🚬菸屁股,HOLD,1
NVDA,2026-03-20,280.0,0.01,8092,0,0%,🚬菸屁股,HOLD,1
NVDA,2026-03-20,300.0,0.01,12015,0,0%,🚬菸屁股,HOLD,1
NVDA,2026-03-20,360.0,0.01,22704,0,0%,🚬菸屁股,HOLD,1
NVDA,2026-03-20,400.0,0.01,10221,0,0%,🚬菸屁股,HOLD,1
NVDA,2026-05-15,350.0,0.09,6499,0,0%,🚬菸屁股,HOLD,1
NVDA,2028-01-21,390.0,11.7,8182,0,0%,🔭LEAPS,HOLD,1
AMD,2026-03-20,310.0,0.01,7610,0,0%,🚬菸屁股,HOLD,1
AMD,2026-03-20,400.0,0.01,5952,0,0%,🚬菸屁股,HOLD,1
AMD,2026-03-20,530.0,0.01,6010,0,0%,🚬菸屁股,HOLD,1
AMD,2026-05-15,500.0,0.08,5095,0,0%,🚬菸屁股,HOLD,1
MSTR,2026-03-20,460.0,0.04,6368,0,0%,🚬菸屁股,HOLD,1
MSTR,2026-03-20,560.0,0.01,5765,0,0%,🚬菸屁股,HOLD,1
MSTR,2026-03-20,700.0,0.01,10644,0,0%,🚬菸屁股,HOLD,1
MSTR,2026-03-20,800.0,0.01,9282,0,0%,🚬菸屁股,HOLD,1
MSTR,2026-03-20,910.0,0.01,10136,0,0%,🚬菸屁股,HOLD,1
IBIT,2026-03-20,59.0,0.02,8540,0,0%,🚬菸屁股,HOLD,1
IBIT,2026-03-20,63.0,0.01,5862,0,0%,🚬菸屁股,HOLD,1
IBIT,2026-03-20,67.0,0.01,6838,0,0%,🚬菸屁股,HOLD,1
IBIT,2026-03-20,68.0,0.01,12656,0,0%,🚬菸屁股,HOLD,1
IBIT,2026-03-20,85.0,0.01,13434,0,0%,🚬菸屁股,HOLD,1
IBIT,2026-03-20,90.0,0.01,29848,0,0%,🚬菸屁股,HOLD,1
IBIT,2026-03-20,100.0,0.01,26909,0,0%,🚬菸屁股,HOLD,1
IBIT,2026-03-20,125.0,0.01,7213,0,0%,🚬菸屁股,HOLD,1
IBIT,2026-03-20,140.0,0.01,8616,0,0%,🚬菸屁股,HOLD,1
IBIT,2026-05-15,64.0,0.16,10766,0,0%,🚬菸屁股,HOLD,1
IBIT,2026-05-15,80.0,0.08,17395,0,0%,🚬菸屁股,HOLD,1
IBIT,2026-05-15,85.0,0.06,8270,0,0%,🚬菸屁股,HOLD,1
IBIT,2026-05-15,120.0,0.03,9872,0,0%,🚬菸屁股,HOLD,1
IBIT,2027-01-15,5.0,36.0,20289,0,0%,🔭LEAPS,HOLD,1
IBIT,2027-01-15,15.0,26.6,8272,0,0%,🔭LEAPS,HOLD,1
IBIT,2027-01-15,95.0,0.71,7169,0,0%,🔭LEAPS,HOLD,1
IBIT,2027-01-15,115.0,0.44,5596,0,0%,🔭LEAPS,HOLD,1
IBIT,2028-01-21,1.0,41.7,6566,0,0%,🔭LEAPS,HOLD,1
IBIT,2028-01-21,95.0,3.65,6586,0,0%,🔭LEAPS,HOLD,1
IBIT,2028-06-16,65.0,9.0,6078,0,0%,🔭LEAPS,HOLD,1
IBIT,2028-06-16,90.0,5.5,11471,0,0%,🔭LEAPS,HOLD,1
COIN,2026-03-20,400.0,0.01,7501,0,0%,🚬菸屁股,HOLD,1
COIN,2026-03-20,500.0,0.28,5352,0,0%,🚬菸屁股,HOLD,1
COIN,2026-05-15,480.0,0.6,12240,0,0%,🚬菸屁股,HOLD,1
PLTR,2026-03-20,250.0,0.01,5840,0,0%,🚬菸屁股,HOLD,1
PLTR,2026-03-20,370.0,0.01,15288,0,0%,🚬菸屁股,HOLD,1
PLTR,2026-03-20,410.0,0.01,9701,0,0%,🚬菸屁股,HOLD,1
SMCI,2026-03-13,38.5,0.09,871,0,0%,🚬菸屁股,HOLD,1
SMCI,2026-03-13,45.0,0.01,1590,0,0%,🚬菸屁股,HOLD,1
SMCI,2026-03-20,47.0,0.05,5448,0,0%,🚬菸屁股,HOLD,1
SMCI,2026-03-20,60.0,0.01,14296,0,0%,🚬菸屁股,HOLD,1
SMCI,2026-03-20,70.0,0.04,6755,0,0%,🚬菸屁股,HOLD,1
SMCI,2026-03-20,75.0,0.13,1270,0,0%,🚬菸屁股,HOLD,1
SMCI,2026-03-20,80.0,0.02,1736,0,0%,🚬菸屁股,HOLD,1
SMCI,2026-03-20,85.0,0.01,751,0,0%,🚬菸屁股,HOLD,1
SMCI,2026-03-20,100.0,0.18,3163,0,0%,🚬菸屁股,HOLD,1
SMCI,2026-05-15,48.0,0.66,990,0,0%,🚬菸屁股,HOLD,1
SMCI,2026-05-15,80.0,0.14,1679,0,0%,🚬菸屁股,HOLD,1
SMCI,2026-05-15,95.0,0.11,5568,0,0%,🚬菸屁股,HOLD,1
SMCI,2027-01-15,37.0,7.0,776,0,0%,🔭LEAPS,HOLD,1
SMCI,2027-01-15,39.0,6.55,822,0,0%,🔭LEAPS,HOLD,1
SMCI,2027-01-15,41.0,6.0,2512,0,0%,🔭LEAPS,HOLD,1
SMCI,2027-01-15,44.0,5.3,927,0,0%,🔭LEAPS,HOLD,1
SMCI,2027-01-15,48.0,4.5,1311,0,0%,🔭LEAPS,HOLD,1
SMCI,2027-01-15,49.0,4.25,872,0,0%,🔭LEAPS,HOLD,1
SMCI,2027-01-15,53.0,3.65,1283,0,0%,🔭LEAPS,HOLD,1
SMCI,2027-01-15,56.0,3.3,1014,0,0%,🔭LEAPS,HOLD,1
SMCI,2027-01-15,59.0,3.05,1845,0,0%,🔭LEAPS,HOLD,1
SMCI,2027-01-15,62.0,2.65,866,0,0%,🔭LEAPS,HOLD,1
SMCI,2027-01-15,72.0,1.98,3742,0,0%,🔭LEAPS,HOLD,1
SMCI,2027-01-15,100.0,0.98,3293,0,0%,🔭LEAPS,HOLD,1
SMCI,2028-01-21,40.0,10.6,1520,0,0%,🔭LEAPS,HOLD,1
SMCI,2028-01-21,55.0,7.7,774,0,0%,🔭LEAPS,HOLD,1
SMCI,2028-01-21,60.0,8.0,916,0,0%,🔭LEAPS,HOLD,1
SMCI,2028-01-21,80.0,5.3,770,0,0%,🔭LEAPS,HOLD,1
SMCI,2028-01-21,90.0,4.4,2911,0,0%,🔭LEAPS,HOLD,1
OKLO,2026-03-20,140.0,0.01,3155,0,0%,🚬菸屁股,HOLD,1
OKLO,2026-03-20,145.0,0.01,829,0,0%,🚬菸屁股,HOLD,1
OKLO,2026-03-20,155.0,0.0,2897,0,0%,🚬菸屁股,HOLD,1
OKLO,2026-03-20,170.0,0.28,789,0,0%,🚬菸屁股,HOLD,1
OKLO,2026-03-20,180.0,0.01,1514,0,0%,🚬菸屁股,HOLD,1
OKLO,2026-03-20,250.0,0.85,1154,0,0%,🚬菸屁股,HOLD,1
OKLO,2026-03-20,260.0,0.04,889,0,0%,🚬菸屁股,HOLD,1
OKLO,2026-05-15,145.0,0.75,968,0,0%,🚬菸屁股,HOLD,1
OKLO,2027-01-15,110.0,11.15,1831,0,0%,🔭LEAPS,HOLD,1
OKLO,2027-01-15,140.0,7.75,1125,0,0%,🔭LEAPS,HOLD,1
OKLO,2027-01-15,145.0,7.45,893,0,0%,🔭LEAPS,HOLD,1
OKLO,2027-01-15,250.0,2.5,1336,0,0%,🔭LEAPS,HOLD,1
VST,2026-03-20,260.0,0.26,895,0,0%,🚬菸屁股,HOLD,1
VST,2027-01-15,290.0,7.2,3444,0,0%,🔭LEAPS,HOLD,1
RKLB,2026-03-13,100.0,0.03,1717,0,0%,🚬菸屁股,HOLD,1
IONQ,2026-03-13,54.0,0.03,2515,0,0%,🚬菸屁股,HOLD,1
IONQ,2026-03-20,70.0,0.03,1933,0,0%,🚬菸屁股,HOLD,1
IONQ,2026-04-17,95.0,0.1,1149,0,0%,🚬菸屁股,HOLD,1
IONQ,2026-04-17,100.0,0.09,1823,0,0%,🚬菸屁股,HOLD,1
IONQ,2027-01-15,95.0,2.8,1248,0,0%,🔭LEAPS,HOLD,1
UPST,2026-03-20,60.0,0.01,1906,0,0%,🚬菸屁股,HOLD,1
UPST,2026-03-20,70.0,0.01,1742,0,0%,🚬菸屁股,HOLD,1
UPST,2026-03-20,75.0,0.16,2409,0,0%,🚬菸屁股,HOLD,1
UPST,2026-03-20,80.0,0.05,1292,0,0%,🚬菸屁股,HOLD,1
UPST,2026-03-20,85.0,0.01,1236,0,0%,🚬菸屁股,HOLD,1
UPST,2026-03-20,90.0,0.25,1122,0,0%,🚬菸屁股,HOLD,1
UPST,2026-03-20,100.0,0.02,2018,0,0%,🚬菸屁股,HOLD,1
UPST,2026-03-20,125.0,0.03,1183,0,0%,🚬菸屁股,HOLD,1
UPST,2026-04-17,60.0,0.1,1918,0,0%,🚬菸屁股,HOLD,1
UPST,2026-04-17,85.0,0.13,1159,0,0%,🚬菸屁股,HOLD,1
UPST,2028-01-21,47.5,8.05,758,0,0%,🔭LEAPS,HOLD,1
UPST,2028-01-21,80.0,4.9,1137,0,0%,🔭LEAPS,HOLD,1
UPST,2028-01-21,100.0,3.8,801,0,0%,🔭LEAPS,HOLD,1
SOFI,2026-03-13,30.0,0.01,1418,0,0%,🚬菸屁股,HOLD,1
SOFI,2026-03-20,34.0,0.01,3727,0,0%,🚬菸屁股,HOLD,1
SOFI,2026-03-20,37.0,0.02,1910,0,0%,🚬菸屁股,HOLD,1
SOFI,2026-03-20,39.0,0.09,1311,0,0%,🚬菸屁股,HOLD,1
SOFI,2026-04-17,34.0,0.05,1371,0,0%,🚬菸屁股,HOLD,1
SOFI,2026-04-17,37.0,0.15,1006,0,0%,🚬菸屁股,HOLD,1
SOFI,2026-05-15,34.0,0.1,763,0,0%,🚬菸屁股,HOLD,1
SOFI,2026-05-15,38.0,0.08,852,0,0%,🚬菸屁股,HOLD,1
SOFI,2026-05-15,39.0,0.14,1785,0,0%,🚬菸屁股,HOLD,1
SOFI,2026-07-17,33.0,0.3,1184,0,0%,🚬菸屁股,HOLD,1
SOFI,2026-08-21,35.0,0.4,862,0,0%,🚬菸屁股,HOLD,1
SOFI,2028-01-21,37.0,3.15,1629,0,0%,🔭LEAPS,HOLD,1
SOFI,2028-01-21,45.0,2.32,1939,0,0%,🔭LEAPS,HOLD,1
DKNG,2026-03-20,40.0,0.01,9249,0,0%,🚬菸屁股,HOLD,1
DKNG,2026-03-20,42.5,0.01,7512,0,0%,🚬菸屁股,HOLD,1
DKNG,2026-03-20,45.0,0.01,8139,0,0%,🚬菸屁股,HOLD,1
DKNG,2026-03-20,47.5,0.03,6601,0,0%,🚬菸屁股,HOLD,1
DKNG,2026-03-20,52.5,0.03,1879,0,0%,🚬菸屁股,HOLD,1
DKNG,2026-03-20,55.0,0.01,1696,0,0%,🚬菸屁股,HOLD,1
DKNG,2026-03-20,60.0,0.2,2259,0,0%,🚬菸屁股,HOLD,1
DKNG,2026-05-15,42.5,0.13,1937,0,0%,🚬菸屁股,HOLD,1
DKNG,2026-05-15,50.0,0.05,2980,0,0%,🚬菸屁股,HOLD,1
DKNG,2026-05-15,52.5,0.3,2501,0,0%,🚬菸屁股,HOLD,1
DKNG,2027-01-15,28.0,5.1,834,0,0%,🔭LEAPS,HOLD,1
DKNG,2027-01-15,45.0,1.37,5426,0,0%,🔭LEAPS,HOLD,1
DKNG,2027-01-15,50.0,0.8,14296,0,0%,🔭LEAPS,HOLD,1
DKNG,2027-01-15,55.0,0.69,6636,0,0%,🔭LEAPS,HOLD,1
DKNG,2027-01-15,60.0,0.69,9271,0,0%,🔭LEAPS,HOLD,1
DKNG,2027-01-15,65.0,0.6,827,0,0%,🔭LEAPS,HOLD,1
DKNG,2027-01-15,75.0,0.29,986,0,0%,🔭LEAPS,HOLD,1
DKNG,2027-01-15,80.0,0.35,857,0,0%,🔭LEAPS,HOLD,1
DKNG,2028-01-21,30.0,7.5,2004,0,0%,🔭LEAPS,HOLD,1
DKNG,2028-01-21,37.5,5.2,1109,0,0%,🔭LEAPS,HOLD,1
DKNG,2028-01-21,40.0,4.6,2879,0,0%,🔭LEAPS,HOLD,1
DKNG,2028-01-21,42.5,4.55,1679,0,0%,🔭LEAPS,HOLD,1
DKNG,2028-01-21,50.0,3.1,25802,0,0%,🔭LEAPS,HOLD,1
DKNG,2028-01-21,65.0,1.8,3245,0,0%,🔭LEAPS,HOLD,1
IREN,2026-03-20,90.0,0.02,4750,0,0%,🚬菸屁股,HOLD,1
NEWT,2026-03-20,12.5,0.6,818,0,0%,🚬菸屁股,HOLD,1
COSM,2026-07-17,0.5,0.2,1099,0,0%,🚬菸屁股,HOLD,1
U,2026-03-20,32.0,0.05,1262,0,0%,🚬菸屁股,HOLD,1
U,2026-03-20,34.0,0.05,945,0,0%,🚬菸屁股,HOLD,1
U,2026-03-20,35.0,0.04,3775,0,0%,🚬菸屁股,HOLD,1
U,2026-03-20,37.0,0.05,1947,0,0%,🚬菸屁股,HOLD,1
U,2026-03-20,39.0,0.05,1104,0,0%,🚬菸屁股,HOLD,1
U,2026-03-20,40.0,0.02,10306,0,0%,🚬菸屁股,HOLD,1
U,2026-03-20,42.0,0.05,912,0,0%,🚬菸屁股,HOLD,1
U,2026-03-20,43.0,0.05,772,0,0%,🚬菸屁股,HOLD,1
U,2026-03-20,44.0,0.05,1868,0,0%,🚬菸屁股,HOLD,1
U,2026-03-20,46.0,0.05,1827,0,0%,🚬菸屁股,HOLD,1
U,2026-03-20,48.0,0.23,1602,0,0%,🚬菸屁股,HOLD,1
U,2026-03-20,49.0,0.05,765,0,0%,🚬菸屁股,HOLD,1
U,2026-03-20,50.0,0.03,7472,0,0%,🚬菸屁股,HOLD,1
U,2026-03-20,55.0,0.02,3262,0,0%,🚬菸屁股,HOLD,1
U,2026-03-20,60.0,0.01,2118,0,0%,🚬菸屁股,HOLD,1
U,2026-03-20,65.0,0.01,7464,0,0%,🚬菸屁股,HOLD,1
U,2026-03-20,70.0,0.02,1046,0,0%,🚬菸屁股,HOLD,1
U,2026-03-20,75.0,0.01,874,0,0%,🚬菸屁股,HOLD,1
U,2026-04-17,45.0,0.07,1840,0,0%,🚬菸屁股,HOLD,1
U,2026-04-17,50.0,0.1,2337,0,0%,🚬菸屁股,HOLD,1
U,2026-04-17,55.0,0.3,1916,0,0%,🚬菸屁股,HOLD,1
U,2026-04-17,65.0,0.08,2888,0,0%,🚬菸屁股,HOLD,1
U,2026-05-15,33.0,0.65,804,0,0%,🚬菸屁股,HOLD,1
U,2026-05-15,39.0,0.38,781,0,0%,🚬菸屁股,HOLD,1
U,2026-05-15,40.0,0.34,1030,0,0%,🚬菸屁股,HOLD,1
U,2026-05-15,45.0,0.25,1427,0,0%,🚬菸屁股,HOLD,1
U,2026-05-15,50.0,0.1,4576,0,0%,🚬菸屁股,HOLD,1
U,2026-05-15,55.0,0.16,973,0,0%,🚬菸屁股,HOLD,1
U,2026-05-15,60.0,0.15,2858,0,0%,🚬菸屁股,HOLD,1
U,2026-05-15,65.0,0.15,1190,0,0%,🚬菸屁股,HOLD,1
U,2026-08-21,40.0,0.98,861,0,0%,🚬菸屁股,HOLD,1
U,2027-01-15,35.0,2.6,1196,0,0%,🔭LEAPS,HOLD,1
U,2027-01-15,42.0,1.9,7500,0,0%,🔭LEAPS,HOLD,1
U,2027-01-15,55.0,1.2,1295,0,0%,🔭LEAPS,HOLD,1
U,2027-01-15,65.0,0.9,2930,0,0%,🔭LEAPS,HOLD,1
U,2027-01-15,70.0,0.78,1273,0,0%,🔭LEAPS,HOLD,1
U,2027-01-15,75.0,0.6,1932,0,0%,🔭LEAPS,HOLD,1
U,2028-01-21,25.0,7.95,1110,0,0%,🔭LEAPS,HOLD,1
U,2028-01-21,70.0,2.37,1536,0,0%,🔭LEAPS,HOLD,1
U,2028-01-21,75.0,2.01,4766,0,0%,🔭LEAPS,HOLD,1
PATH,2026-05-15,27.0,0.39,2415,0,0%,🚬菸屁股,HOLD,1
PATH,2026-05-15,28.0,0.37,8311,0,0%,🚬菸屁股,HOLD,1
HOOD,2026-03-13,110.0,0.01,1882,0,0%,🚬菸屁股,HOLD,1
HOOD,2026-03-20,145.0,0.01,3155,0,0%,🚬菸屁股,HOLD,1
HOOD,2026-03-20,155.0,0.01,2070,0,0%,🚬菸屁股,HOLD,1
HOOD,2026-03-20,160.0,0.03,2298,0,0%,🚬菸屁股,HOLD,1
HOOD,2026-03-20,165.0,0.01,1380,0,0%,🚬菸屁股,HOLD,1
HOOD,2026-03-20,170.0,0.01,4358,0,0%,🚬菸屁股,HOLD,1
HOOD,2026-03-20,175.0,0.01,3653,0,0%,🚬菸屁股,HOLD,1
HOOD,2026-03-20,180.0,0.01,1127,0,0%,🚬菸屁股,HOLD,1
HOOD,2026-03-20,200.0,0.01,4096,0,0%,🚬菸屁股,HOLD,1
HOOD,2026-03-20,210.0,0.01,5320,0,0%,🚬菸屁股,HOLD,1
HOOD,2026-03-20,220.0,0.05,2288,0,0%,🚬菸屁股,HOLD,1
HOOD,2026-03-20,250.0,0.05,1033,0,0%,🚬菸屁股,HOLD,1
HOOD,2026-03-20,280.0,0.05,9414,0,0%,🚬菸屁股,HOLD,1
HOOD,2026-03-20,290.0,0.05,10366,0,0%,🚬菸屁股,HOLD,1
HOOD,2026-04-17,200.0,0.61,998,0,0%,🚬菸屁股,HOLD,1
HOOD,2026-04-17,290.0,0.1,1740,0,0%,🚬菸屁股,HOLD,1
HOOD,2026-05-15,145.0,0.42,1971,0,0%,🚬菸屁股,HOLD,1
HOOD,2026-05-15,200.0,0.14,773,0,0%,🚬菸屁股,HOLD,1
HOOD,2026-05-15,230.0,0.2,762,0,0%,🚬菸屁股,HOLD,1
HOOD,2026-05-15,290.0,0.09,892,0,0%,🚬菸屁股,HOLD,1
HOOD,2027-01-15,115.0,9.85,2416,0,0%,🔭LEAPS,HOLD,1
HOOD,2027-01-15,155.0,4.5,1046,0,0%,🔭LEAPS,HOLD,1
HOOD,2027-01-15,165.0,3.85,853,0,0%,🔭LEAPS,HOLD,1
HOOD,2027-01-15,180.0,2.9,9151,0,0%,🔭LEAPS,HOLD,1
HOOD,2028-01-21,180.0,11.1,1797,0,0%,🔭LEAPS,HOLD,1
HOOD,2028-01-21,250.0,5.7,1224,0,0%,🔭LEAPS,HOLD,1
HOOD,2028-01-21,280.0,4.6,1141,0,0%,🔭LEAPS,HOLD,1
TDOC,2026-03-20,8.0,0.03,995,0,0%,🚬菸屁股,HOLD,1
TDOC,2026-04-17,8.0,0.09,4821,0,0%,🚬菸屁股,HOLD,1
TDOC,2026-04-17,12.0,0.23,783,0,0%,🚬菸屁股,HOLD,1
TDOC,2026-04-17,14.0,0.25,854,0,0%,🚬菸屁股,HOLD,1
TDOC,2026-04-17,15.0,0.16,3392,0,0%,🚬菸屁股,HOLD,1
TDOC,2026-07-17,7.0,0.59,7360,0,0%,🚬菸屁股,HOLD,1
TDOC,2026-07-17,10.0,0.24,767,0,0%,🚬菸屁股,HOLD,1
TDOC,2026-07-17,13.0,0.29,2071,0,0%,🚬菸屁股,HOLD,1
TDOC,2026-07-17,15.0,0.09,1322,0,0%,🚬菸屁股,HOLD,1
TDOC,2027-01-15,25.0,0.2,2660,0,0%,🔭LEAPS,HOLD,1
TDOC,2028-01-21,15.0,1.03,853,0,0%,🔭LEAPS,HOLD,1
ZM,2026-03-20,88.0,0.17,857,0,0%,🚬菸屁股,HOLD,1
ZM,2026-03-20,97.5,0.3,1005,0,0%,🚬菸屁股,HOLD,1
ZM,2026-03-20,130.0,0.02,2433,0,0%,🚬菸屁股,HOLD,1
ZM,2026-05-15,100.0,0.73,1321,0,0%,🚬菸屁股,HOLD,1
ZM,2027-01-15,95.0,7.15,1661,0,0%,🔭LEAPS,HOLD,1
ZM,2027-01-15,115.0,3.45,1328,0,0%,🔭LEAPS,HOLD,1
ZM,2027-01-15,125.0,2.42,1049,0,0%,🔭LEAPS,HOLD,1
ZM,2028-01-21,115.0,9.1,1023,0,0%,🔭LEAPS,HOLD,1
ZM,2028-01-21,135.0,5.95,879,0,0%,🔭LEAPS,HOLD,1
XYZ,2026-03-20,85.0,0.05,3048,0,0%,🚬菸屁股,HOLD,1
XYZ,2026-03-20,95.0,0.05,1540,0,0%,🚬菸屁股,HOLD,1
XYZ,2026-03-20,100.0,0.01,4550,0,0%,🚬菸屁股,HOLD,1
XYZ,2026-03-20,105.0,0.65,1977,0,0%,🚬菸屁股,HOLD,1
XYZ,2026-03-20,110.0,0.1,1079,0,0%,🚬菸屁股,HOLD,1
XYZ,2026-03-20,115.0,0.08,912,0,0%,🚬菸屁股,HOLD,1
XYZ,2026-03-20,125.0,0.0,7827,0,0%,🚬菸屁股,HOLD,1
XYZ,2026-03-20,135.0,0.01,1519,0,0%,🚬菸屁股,HOLD,1
XYZ,2026-05-15,95.0,0.5,1153,0,0%,🚬菸屁股,HOLD,1
XYZ,2027-01-15,75.0,9.55,1565,0,0%,🔭LEAPS,HOLD,1
XYZ,2027-01-15,85.0,6.8,1805,0,0%,🔭LEAPS,HOLD,1
XYZ,2027-01-15,97.5,4.55,1244,0,0%,🔭LEAPS,HOLD,1
XYZ,2027-01-15,115.0,2.69,1551,0,0%,🔭LEAPS,HOLD,1
XYZ,2027-01-15,125.0,1.97,5175,0,0%,🔭LEAPS,HOLD,1
XYZ,2027-01-15,130.0,1.72,1941,0,0%,🔭LEAPS,HOLD,1
XYZ,2027-01-15,135.0,1.48,1061,0,0%,🔭LEAPS,HOLD,1
XYZ,2027-01-15,140.0,1.3,1326,0,0%,🔭LEAPS,HOLD,1
OPEN,2026-03-13,7.5,0.03,1152,0,0%,🚬菸屁股,HOLD,1
OPEN,2026-03-13,11.5,0.04,2158,0,0%,🚬菸屁股,HOLD,1
OPEN,2026-03-20,10.0,0.02,5220,0,0%,🚬菸屁股,HOLD,1
OPEN,2026-03-20,11.0,0.05,1204,0,0%,🚬菸屁股,HOLD,1
OPEN,2026-03-20,12.0,0.03,1507,0,0%,🚬菸屁股,HOLD,1
OPEN,2026-05-15,11.0,0.3,3352,0,0%,🚬菸屁股,HOLD,1
OPEN,2026-05-15,12.0,0.33,4415,0,0%,🚬菸屁股,HOLD,1
OPEN,2026-05-15,13.0,0.08,1548,0,0%,🚬菸屁股,HOLD,1
OPEN,2026-05-15,14.0,0.05,1949,0,0%,🚬菸屁股,HOLD,1
OPEN,2026-05-15,14.0,0.31,1081,0,0%,🚬菸屁股,HOLD,1
OPEN,2026-05-15,15.0,0.04,7764,0,0%,🚬菸屁股,HOLD,1
OPEN,2026-05-15,17.0,0.0,15426,0,0%,🚬菸屁股,HOLD,1
OPEN,2026-05-15,17.0,0.16,13561,0,0%,🚬菸屁股,HOLD,1
OPEN,2026-05-15,18.0,0.0,1010,0,0%,🚬菸屁股,HOLD,1
OPEN,2026-05-15,18.0,0.29,1406,0,0%,🚬菸屁股,HOLD,1
OPEN,2026-08-21,9.0,0.51,1878,0,0%,🚬菸屁股,HOLD,1
OPEN,2026-08-21,12.0,0.28,796,0,0%,🚬菸屁股,HOLD,1
OPEN,2026-08-21,13.0,0.25,955,0,0%,🚬菸屁股,HOLD,1
OPEN,2027-01-15,0.5,0.0,10843,0,0%,🔭LEAPS,HOLD,1
OPEN,2027-01-15,2.5,0.0,6713,0,0%,🔭LEAPS,HOLD,1
OPEN,2027-01-15,3.0,2.93,1694,0,0%,🔭LEAPS,HOLD,1
OPEN,2027-01-15,3.5,0.0,10804,0,0%,🔭LEAPS,HOLD,1
OPEN,2027-01-15,3.5,2.75,11729,0,0%,🔭LEAPS,HOLD,1
OPEN,2027-01-15,4.5,0.0,2082,0,0%,🔭LEAPS,HOLD,1
OPEN,2027-01-15,4.5,2.64,2097,0,0%,🔭LEAPS,HOLD,1
OPEN,2027-01-15,5.5,0.0,4378,0,0%,🔭LEAPS,HOLD,1
OPEN,2027-01-15,15.0,0.69,5733,0,0%,🔭LEAPS,HOLD,1
OPEN,2027-01-15,17.0,0.0,14524,0,0%,🔭LEAPS,HOLD,1
OPEN,2027-01-15,17.0,0.63,14389,0,0%,🔭LEAPS,HOLD,1
OPEN,2027-01-15,20.0,0.0,25796,0,0%,🔭LEAPS,HOLD,1
OPEN,2028-01-21,2.0,4.1,1207,0,0%,🔭LEAPS,HOLD,1
OPEN,2028-01-21,3.0,3.65,914,0,0%,🔭LEAPS,HOLD,1
OPEN,2028-01-21,4.0,3.3,1235,0,0%,🔭LEAPS,HOLD,1
OPEN,2028-01-21,5.0,2.97,3635,0,0%,🔭LEAPS,HOLD,1
OPEN,2028-01-21,7.0,2.93,5640,0,0%,🔭LEAPS,HOLD,1
OPEN,2028-01-21,12.0,1.8,3524,0,0%,🔭LEAPS,HOLD,1
OPEN,2028-01-21,15.0,1.53,2444,0,0%,🔭LEAPS,HOLD,1
OPEN,2028-01-21,17.0,0.0,861,0,0%,🔭LEAPS,HOLD,1
CRSP,2026-04-17,90.0,0.6,1297,0,0%,🚬菸屁股,HOLD,1
NTLA,2026-04-17,20.0,0.3,3845,0,0%,🚬菸屁股,HOLD,1
NTLA,2026-04-17,31.0,0.75,1085,0,0%,🚬菸屁股,HOLD,1
NTLA,2027-01-15,7.5,9.0,1055,0,0%,🔭LEAPS,HOLD,1
NTLA,2027-01-15,12.5,5.1,1723,0,0%,🔭LEAPS,HOLD,1
NTLA,2027-01-15,30.0,2.5,2467,0,0%,🔭LEAPS,HOLD,1
NTLA,2027-01-15,35.0,1.8,2143,0,0%,🔭LEAPS,HOLD,1
NTLA,2027-01-15,42.0,1.75,918,0,0%,🔭LEAPS,HOLD,1
NTLA,2028-01-21,20.0,7.5,1121,0,0%,🔭LEAPS,HOLD,1
NTLA,2028-01-21,42.0,4.3,3765,0,0%,🔭LEAPS,HOLD,1
BEAM,2028-01-21,40.0,10.0,1274,0,0%,🔭LEAPS,HOLD,1
BEAM,2028-01-21,50.0,7.5,1239,0,0%,🔭LEAPS,HOLD,1
PACB,2026-03-20,3.0,0.05,17635,0,0%,🚬菸屁股,HOLD,1
PACB,2026-03-20,4.0,0.05,798,0,0%,🚬菸屁股,HOLD,1
PACB,2027-01-15,2.0,0.8,5346,0,0%,🔭LEAPS,HOLD,1
PACB,2027-01-15,3.0,0.45,2138,0,0%,🔭LEAPS,HOLD,1
PACB,2027-01-15,4.0,0.35,1653,0,0%,🔭LEAPS,HOLD,1
PACB,2027-01-15,5.0,0.35,2840,0,0%,🔭LEAPS,HOLD,1
PACB,2028-01-21,2.0,0.8,4274,0,0%,🔭LEAPS,HOLD,1
HIMS,2026-03-20,85.0,0.03,2737,0,0%,🚬菸屁股,HOLD,1
HIMS,2026-03-20,100.0,0.01,2429,0,0%,🚬菸屁股,HOLD,1
KTOS,2026-03-20,175.0,0.05,1653,0,0%,🚬菸屁股,HOLD,1
ONDS,2026-03-20,22.0,0.23,1597,0,0%,🚬菸屁股,HOLD,1
ONDS,2026-03-20,30.0,0.01,1821,0,0%,🚬菸屁股,HOLD,1
LUNR,2026-03-20,28.0,0.18,769,0,0%,🚬菸屁股,HOLD,1
JOBY,2026-03-20,22.0,0.01,892,0,0%,🚬菸屁股,HOLD,1
JOBY,2026-04-17,17.0,0.07,4302,0,0%,🚬菸屁股,HOLD,1
JOBY,2026-04-17,19.0,0.09,1688,0,0%,🚬菸屁股,HOLD,1
JOBY,2026-04-17,20.0,0.05,8817,0,0%,🚬菸屁股,HOLD,1
JOBY,2026-04-17,21.0,0.07,2988,0,0%,🚬菸屁股,HOLD,1
JOBY,2026-04-17,23.0,0.12,975,0,0%,🚬菸屁股,HOLD,1
JOBY,2026-04-17,25.0,0.04,1149,0,0%,🚬菸屁股,HOLD,1
JOBY,2026-04-17,26.0,0.08,3446,0,0%,🚬菸屁股,HOLD,1
JOBY,2026-04-17,30.0,0.24,4116,0,0%,🚬菸屁股,HOLD,1
JOBY,2026-07-17,30.0,0.15,832,0,0%,🚬菸屁股,HOLD,1
JOBY,2027-01-15,3.0,7.65,1476,0,0%,🔭LEAPS,HOLD,1
JOBY,2027-01-15,4.0,6.75,2620,0,0%,🔭LEAPS,HOLD,1
JOBY,2027-01-15,5.0,5.95,8617,0,0%,🔭LEAPS,HOLD,1
JOBY,2027-01-15,22.0,0.99,4360,0,0%,🔭LEAPS,HOLD,1
JOBY,2027-01-15,27.0,0.67,1444,0,0%,🔭LEAPS,HOLD,1
JOBY,2027-01-15,32.0,0.45,1111,0,0%,🔭LEAPS,HOLD,1
JOBY,2027-01-15,35.0,0.5,2705,0,0%,🔭LEAPS,HOLD,1
JOBY,2027-01-15,40.0,0.39,3387,0,0%,🔭LEAPS,HOLD,1
ACHR,2026-03-13,9.5,0.01,790,0,0%,🚬菸屁股,HOLD,1
ACHR,2026-03-20,12.0,0.47,1334,0,0%,🚬菸屁股,HOLD,1
ACHR,2026-04-17,16.0,0.09,6457,0,0%,🚬菸屁股,HOLD,1
ACHR,2026-04-17,17.0,0.02,2250,0,0%,🚬菸屁股,HOLD,1
ACHR,2026-04-17,18.0,0.04,2016,0,0%,🚬菸屁股,HOLD,1
ACHR,2026-04-17,20.0,0.02,4442,0,0%,🚬菸屁股,HOLD,1
ACHR,2026-04-17,22.0,0.03,7787,0,0%,🚬菸屁股,HOLD,1
ACHR,2027-01-15,22.0,0.37,5048,0,0%,🔭LEAPS,HOLD,1
ACHR,2028-01-21,2.0,6.0,773,0,0%,🔭LEAPS,HOLD,1
ACHR,2028-01-21,3.0,5.5,2140,0,0%,🔭LEAPS,HOLD,1
ACHR,2028-01-21,22.0,1.39,1152,0,0%,🔭LEAPS,HOLD,1
SMR,2026-03-20,42.0,0.1,1498,0,0%,🚬菸屁股,HOLD,1
SMR,2026-03-20,50.0,0.01,968,0,0%,🚬菸屁股,HOLD,1
SMR,2026-03-20,60.0,0.05,2508,0,0%,🚬菸屁股,HOLD,1
SMR,2026-03-20,65.0,0.74,3101,0,0%,🚬菸屁股,HOLD,1
SMR,2026-03-20,70.0,0.75,788,0,0%,🚬菸屁股,HOLD,1
SMR,2026-04-17,24.0,0.15,1100,0,0%,🚬菸屁股,HOLD,1
SMR,2026-04-17,25.0,0.1,1452,0,0%,🚬菸屁股,HOLD,1
SMR,2026-04-17,28.0,0.11,947,0,0%,🚬菸屁股,HOLD,1
SMR,2026-04-17,30.0,0.1,2499,0,0%,🚬菸屁股,HOLD,1
SMR,2026-04-17,40.0,0.56,1406,0,0%,🚬菸屁股,HOLD,1
SMR,2026-04-17,70.0,0.05,925,0,0%,🚬菸屁股,HOLD,1
SMR,2026-05-15,19.0,0.88,891,0,0%,🚬菸屁股,HOLD,1
SMR,2026-05-15,25.0,0.75,1087,0,0%,🚬菸屁股,HOLD,1
SMR,2026-05-15,28.0,0.3,1150,0,0%,🚬菸屁股,HOLD,1
SMR,2026-05-15,40.0,0.4,1122,0,0%,🚬菸屁股,HOLD,1
SMR,2027-01-15,47.0,1.5,761,0,0%,🔭LEAPS,HOLD,1
SMR,2027-01-15,65.0,2.01,838,0,0%,🔭LEAPS,HOLD,1
NNE,2026-04-17,40.0,0.3,1290,0,0%,🚬菸屁股,HOLD,1
NNE,2026-04-17,45.0,0.35,809,0,0%,🚬菸屁股,HOLD,1
NNE,2026-04-17,50.0,0.2,1587,0,0%,🚬菸屁股,HOLD,1
NNE,2026-04-17,60.0,0.45,1483,0,0%,🚬菸屁股,HOLD,1
NNE,2027-01-15,40.0,4.5,1925,0,0%,🔭LEAPS,HOLD,1
NNE,2027-01-15,42.0,4.2,818,0,0%,🔭LEAPS,HOLD,1
NNE,2027-01-15,50.0,3.2,1380,0,0%,🔭LEAPS,HOLD,1
NNE,2027-01-15,65.0,2.2,1227,0,0%,🔭LEAPS,HOLD,1
CRWV,2026-03-13,109.0,0.07,987,0,0%,🚬菸屁股,HOLD,1
CRWV,2026-03-20,175.0,0.05,1571,0,0%,🚬菸屁股,HOLD,1
CRWV,2026-03-20,220.0,0.03,5846,0,0%,🚬菸屁股,HOLD,1
CRWV,2026-03-20,250.0,0.04,1988,0,0%,🚬菸屁股,HOLD,1
CRWV,2027-01-15,155.0,10.85,2297,0,0%,🔭LEAPS,HOLD,1
CRWV,2027-01-15,230.0,5.75,1139,0,0%,🔭LEAPS,HOLD,1
