Stock,Expiry,Strike,Ask,OpenInterest,Volume,IV,DTE,Spot,Tags,Action,Score
NVDA,2026-09-11,235.0,1.91,30362,46150,29.895720581054686,5,230.36,🚨異常掃貨 🆕新倉暴量 🔥萬人塚 🏛️機構場,STRONG_BUY,9
NVDA,2026-09-11,260.0,0.09,5582,30131,41.602146484375,5,230.36,🚨異常掃貨 🆕新倉暴量 🚬菸屁股,STRONG_BUY,9
IBIT,2026-09-11,46.0,0.57,11420,23885,36.2311064453125,5,45.23,🚨異常掃貨 🆕新倉暴量 🚬菸屁股,STRONG_BUY,9
PCG,2027-01-15,19.0,0.86,4833,21367,64.59996337890624,131,14.3,🚨異常掃貨 🚀點火(5.1x) 🚬菸屁股,STRONG_BUY,9
TSLA,2026-09-11,400.0,0.39,15294,19876,49.561051269531255,5,354.08,🚨異常掃貨 🆕新倉暴量 🚬菸屁股,STRONG_BUY,9
NFLX,2026-09-11,80.0,0.64,5375,18075,30.86006640625,5,78.25,🚨異常掃貨 🆕新倉暴量 🚬菸屁股,STRONG_BUY,9
SOFI,2026-09-11,19.0,0.18,12470,15986,45.703667968750004,5,18.22,🚨異常掃貨 🆕新倉暴量 🚬菸屁股,STRONG_BUY,9
SMCI,2026-09-11,42.0,0.63,1008,15176,69.72686523437501,5,39.59,🚨異常掃貨 🆕新倉暴量 🚬菸屁股,STRONG_BUY,9
NFLX,2026-09-11,84.0,0.12,4022,12965,34.668622070312495,5,78.25,🚨異常掃貨 🆕新倉暴量 🚬菸屁股,STRONG_BUY,9
NFLX,2026-09-11,83.0,0.16,3068,12963,33.399103515625,5,78.25,🚨異常掃貨 🆕新倉暴量 🚬菸屁股,STRONG_BUY,9
IBIT,2026-09-11,47.5,0.23,6222,12905,37.89124609375,5,45.23,🚨異常掃貨 🆕新倉暴量 🚬菸屁股,STRONG_BUY,9
AMZN,2026-09-11,270.0,0.67,7908,11518,28.34544311523437,5,258.51,🚨異常掃貨 🆕新倉暴量 🚬菸屁股,STRONG_BUY,9
SOFI,2026-09-11,18.5,0.31,7301,10914,43.945873046875,5,18.22,🚨異常掃貨 🆕新倉暴量 🚬菸屁股,STRONG_BUY,9
NVDA,2026-09-11,255.0,0.13,5049,9701,37.9889013671875,5,230.36,🚨異常掃貨 🆕新倉暴量 🚬菸屁股,STRONG_BUY,9
SMCI,2026-09-11,43.0,0.49,761,9639,71.3870048828125,5,39.59,🚨異常掃貨 🆕新倉暴量 🚬菸屁股,STRONG_BUY,9
NFLX,2026-09-11,85.0,0.08,6866,9497,35.742830078124996,5,78.25,🚨異常掃貨 🆕新倉暴量 🚬菸屁股,STRONG_BUY,9
NFLX,2026-09-11,82.0,0.26,2970,9435,32.17841259765625,5,78.25,🚨異常掃貨 🆕新倉暴量 🚬菸屁股,STRONG_BUY,9
RKLB,2026-09-11,70.0,0.42,2944,7963,58.8871298828125,5,64.26,🚨異常掃貨 🆕新倉暴量 🚬菸屁股,STRONG_BUY,9
NFLX,2026-09-11,81.0,0.42,1929,7951,31.39717041015625,5,78.25,🚨異常掃貨 🆕新倉暴量 🚬菸屁股,STRONG_BUY,9
SMCI,2026-09-11,45.0,0.22,2947,7276,74.60962890625001,5,39.59,🚨異常掃貨 🆕新倉暴量 🚬菸屁股,STRONG_BUY,9
RKLB,2026-09-18,75.0,0.53,2411,5998,66.69955175781253,12,64.26,🚨異常掃貨 🚀點火(11.6x) 🚬菸屁股,STRONG_BUY,9
DKNG,2026-09-11,25.0,0.26,1916,5953,50.586431640624994,5,24.01,🚨異常掃貨 🆕新倉暴量 🚬菸屁股,STRONG_BUY,9
ONDS,2026-09-11,8.0,0.11,4651,5756,60.937890625000016,5,7.62,🚨異常掃貨 🆕新倉暴量 🚬菸屁股,STRONG_BUY,9
ONDS,2026-09-11,8.5,0.05,3251,4895,67.18782812500001,5,7.62,🚨異常掃貨 🆕新倉暴量 🚬菸屁股,STRONG_BUY,9
CRWV,2026-09-11,100.0,0.65,2914,4476,73.92604199218749,5,89.36,🚨異常掃貨 🆕新倉暴量 🚬菸屁股,STRONG_BUY,9
PATH,2026-09-18,18.5,0.09,1582,4445,71.48466015625,12,15.19,🚨異常掃貨 🚀點火(9.0x) 🚬菸屁股,STRONG_BUY,9
PATH,2026-09-11,15.0,0.6,1881,3958,59.766027343750004,5,15.19,🚨異常掃貨 🆕新倉暴量 🚬菸屁股,STRONG_BUY,9
JOBY,2026-09-11,7.5,0.02,910,3835,60.937890625000016,5,6.74,🚨異常掃貨 🆕新倉暴量 🚬菸屁股,STRONG_BUY,9
SMCI,2026-09-11,41.0,0.94,1839,3749,68.4573466796875,5,39.59,🚨異常掃貨 🆕新倉暴量 🚬菸屁股,STRONG_BUY,9
RUN,2026-09-18,9.0,0.36,1024,3422,58.39885351562499,12,8.89,🚨異常掃貨 🚀點火(25.2x) 🚬菸屁股,STRONG_BUY,9
WMT,2026-09-11,108.0,0.77,1783,3083,19.873848144531248,5,107.14,🚨異常掃貨 🆕新倉暴量 🚬菸屁股,STRONG_BUY,9
ASTS,2026-09-11,70.0,0.4,1823,2862,73.633076171875,5,62.31,🚨異常掃貨 🆕新倉暴量 🚬菸屁股,STRONG_BUY,9
XYZ,2026-09-11,85.0,0.76,1400,2645,39.649041015625,5,82.76,🚨異常掃貨 🆕新倉暴量 🚬菸屁股,STRONG_BUY,9
WMT,2026-09-11,109.0,0.46,1207,2618,19.6297099609375,5,107.14,🚨異常掃貨 🆕新倉暴量 🚬菸屁股,STRONG_BUY,9
XYZ,2026-09-11,88.0,0.25,1368,2603,38.867798828125,5,82.76,🚨異常掃貨 🆕新倉暴量 🚬菸屁股,STRONG_BUY,9
PATH,2026-09-11,17.5,0.06,1068,2398,72.6565234375,5,15.19,🚨異常掃貨 🆕新倉暴量 🚬菸屁股,STRONG_BUY,9
HOOD,2026-09-11,150.0,0.09,1171,2210,71.87528125,5,122.11,🚨異常掃貨 🆕新倉暴量 🚬菸屁股,STRONG_BUY,9
AMZN,2026-09-11,277.5,0.19,840,2107,31.836619140624993,5,258.51,🚨異常掃貨 🆕新倉暴量 🚬菸屁股,STRONG_BUY,9
OPEN,2026-09-11,3.0,0.17,1306,1636,50.0005,5,3.15,🚨異常掃貨 🆕新倉暴量 🚬菸屁股,STRONG_BUY,9
DKNG,2026-09-11,26.0,0.12,879,1586,50.39112109375,5,24.01,🚨異常掃貨 🆕新倉暴量 🚬菸屁股,STRONG_BUY,9
RKLB,2026-09-11,67.0,0.98,946,1453,57.37347314453125,5,64.26,🚨異常掃貨 🆕新倉暴量 🚬菸屁股,STRONG_BUY,9
SMR,2026-09-11,9.5,0.46,895,1405,66.01596484375001,5,9.7,🚨異常掃貨 🆕新倉暴量 🚬菸屁股,STRONG_BUY,9
PCG,2027-01-15,16.0,1.45,6755,37081,60.01016552734376,131,14.3,🚨異常掃貨 🚀點火(9.0x),STRONG_BUY,8
PCG,2026-09-18,17.0,0.12,49364,30764,72.6565234375,12,14.3,🚀點火(3.1x) 🚬菸屁股 🔥萬人塚,BUY_WATCH,8
SMCI,2026-09-11,40.0,1.33,4216,28296,67.87141503906251,5,39.59,🚨異常掃貨 🆕新倉暴量,STRONG_BUY,8
INTC,2026-09-18,110.0,0.97,60193,24553,66.21127539062502,12,95.8,🚀點火(5.3x) 🚬菸屁股 🔥萬人塚,BUY_WATCH,8
NVDA,2026-09-11,250.0,0.19,11830,23207,34.37565625,5,230.36,🚨異常掃貨 🆕新倉暴量 🚬菸屁股 🏛️機構場,STRONG_BUY,8
INTC,2026-09-11,100.0,1.56,11610,22676,59.96133789062501,5,95.8,🚨異常掃貨 🆕新倉暴量,STRONG_BUY,8
MSTR,2026-09-11,150.0,3.1,12012,19791,75.26880200195312,5,142.8,🚨異常掃貨 🆕新倉暴量,STRONG_BUY,8
INTC,2026-09-11,95.0,3.42,11237,19207,57.08050732421876,5,95.8,🚨異常掃貨 🆕新倉暴量,STRONG_BUY,8
AMZN,2026-09-11,265.0,1.52,9094,18127,27.95482202148437,5,258.51,🚨異常掃貨 🆕新倉暴量,STRONG_BUY,8
TSLA,2026-09-18,360.0,8.25,5546,16466,39.46593737792969,12,354.08,🚨異常掃貨 🚀點火(3.2x),STRONG_BUY,8
SMCI,2026-09-18,42.0,1.26,7842,15546,72.31472998046875,12,39.59,🚨異常掃貨 🚀點火(2.9x),STRONG_BUY,8
NVDA,2026-09-11,245.0,0.35,7704,15267,31.494825683593742,5,230.36,🚨異常掃貨 🆕新倉暴量 🚬菸屁股 🏛️機構場,STRONG_BUY,8
NVDA,2026-09-11,242.5,0.53,9847,15200,30.78682495117187,5,230.36,🚨異常掃貨 🆕新倉暴量 🚬菸屁股 🏛️機構場,STRONG_BUY,8
AAPL,2026-09-11,335.0,0.7,10892,13445,27.930408203124994,5,319.97,🚨異常掃貨 🆕新倉暴量 🚬菸屁股 🏛️機構場,STRONG_BUY,8
MSTR,2026-09-11,144.0,5.1,5143,12475,71.41141870117188,5,142.8,🚨異常掃貨 🆕新倉暴量,STRONG_BUY,8
PCG,2026-12-18,17.0,0.99,30354,11605,63.33044482421876,103,14.3,🚀點火(3.1x) 🚬菸屁股 🔥萬人塚,BUY_WATCH,8
RUN,2026-10-16,10.0,0.45,31986,10991,71.87528125,40,8.89,🚀點火(5.7x) 🚬菸屁股 🔥萬人塚,BUY_WATCH,8
AMZN,2026-09-11,262.5,2.17,1775,10574,28.113511840820305,5,258.51,🚨異常掃貨 🆕新倉暴量,STRONG_BUY,8
TSLA,2026-09-11,380.0,1.02,5451,10165,40.60117993164062,5,354.08,🚨異常掃貨 🆕新倉暴量,STRONG_BUY,8
HOOD,2026-09-11,125.0,2.84,6111,9596,60.3763728027344,5,122.11,🚨異常掃貨 🆕新倉暴量,STRONG_BUY,8
AMZN,2026-09-11,260.0,3.16,5195,9168,27.576407836914058,5,258.51,🚨異常掃貨 🆕新倉暴量,STRONG_BUY,8
IREN,2026-09-11,45.0,1.75,4143,8993,77.148666015625,5,44.68,🚨異常掃貨 🆕新倉暴量,STRONG_BUY,8
COIN,2026-09-11,187.5,4.75,5058,8258,60.08340698242189,5,184.64,🚨異常掃貨 🆕新倉暴量,STRONG_BUY,8
AMZN,2026-09-11,255.0,5.87,3092,8142,28.223374023437497,5,258.51,🚨異常掃貨 🆕新倉暴量,STRONG_BUY,8
HOOD,2026-09-11,130.0,1.48,5630,8006,61.914443359375014,5,122.11,🚨異常掃貨 🆕新倉暴量,STRONG_BUY,8
PCG,2027-01-15,14.0,2.16,3510,7861,60.25430371093752,131,14.3,🚨異常掃貨 🆕新倉暴量,STRONG_BUY,8
PLTR,2026-09-11,175.0,3.69,5060,7678,42.236905761718745,5,174.33,🚨異常掃貨 🆕新倉暴量,STRONG_BUY,8
CRWV,2026-09-11,90.0,3.1,3712,6761,68.84796777343752,5,89.36,🚨異常掃貨 🆕新倉暴量,STRONG_BUY,8
IREN,2026-09-11,47.0,1.09,1235,6437,79.1994267578125,5,44.68,🚨異常掃貨 🆕新倉暴量,STRONG_BUY,8
SMCI,2026-10-16,42.0,3.0,936,5210,74.43873217773438,40,39.59,🚨異常掃貨 🆕新倉暴量,STRONG_BUY,8
IREN,2026-09-11,44.0,2.23,2592,5065,76.80687255859377,5,44.68,🚨異常掃貨 🆕新倉暴量,STRONG_BUY,8
IREN,2026-09-11,46.0,1.33,1907,4531,78.51583984375,5,44.68,🚨異常掃貨 🆕新倉暴量,STRONG_BUY,8
MRNA,2026-09-11,155.0,2.1,2904,4484,69.09210595703127,5,145.55,🚨異常掃貨 🆕新倉暴量,STRONG_BUY,8
HOOD,2026-10-16,145.0,3.78,1099,4281,65.97934411621094,40,122.11,🚨異常掃貨 🚀點火(6.6x),STRONG_BUY,8
AMZN,2026-09-11,257.5,4.43,1214,4136,28.23558093261719,5,258.51,🚨異常掃貨 🆕新倉暴量,STRONG_BUY,8
CRWV,2026-09-11,88.0,4.05,1613,3649,68.40851904296876,5,89.36,🚨異常掃貨 🆕新倉暴量,STRONG_BUY,8
SMCI,2026-09-11,38.0,2.38,1028,3191,68.35969140625001,5,39.59,🚨異常掃貨 🆕新倉暴量,STRONG_BUY,8
MU,2026-09-11,1200.0,1.24,933,3185,64.69761865234375,5,1016.59,🚨異常掃貨 🆕新倉暴量,STRONG_BUY,8
CRWV,2026-09-11,95.0,1.46,1726,3156,70.70341796875,5,89.36,🚨異常掃貨 🆕新倉暴量,STRONG_BUY,8
SMCI,2026-09-11,39.0,1.77,1663,2818,67.28548339843752,5,39.59,🚨異常掃貨 🆕新倉暴量,STRONG_BUY,8
NBIS,2026-09-11,240.0,5.0,1149,2791,77.36839038085938,5,226.39,🚨異常掃貨 🆕新倉暴量,STRONG_BUY,8
IREN,2026-09-11,43.0,2.81,1986,2771,76.17211328125,5,44.68,🚨異常掃貨 🆕新倉暴量,STRONG_BUY,8
SMCI,2026-12-18,48.0,3.88,1140,2673,80.81073876953124,103,39.59,🚨異常掃貨 🆕新倉暴量,STRONG_BUY,8
ASTS,2026-09-11,65.0,1.27,2001,2433,69.04327832031252,5,62.31,🚨異常掃貨 🆕新倉暴量,STRONG_BUY,8
AMZN,2026-09-18,267.5,2.54,1754,2397,29.456271850585935,12,258.51,🚨異常掃貨 🆕新倉暴量,STRONG_BUY,8
DKNG,2026-10-16,22.5,2.58,1092,2057,54.59029785156251,40,24.01,🚨異常掃貨 🆕新倉暴量,STRONG_BUY,8
WMT,2026-09-11,107.0,1.22,1418,2055,19.751779052734374,5,107.14,🚨異常掃貨 🆕新倉暴量,STRONG_BUY,8
CRWV,2026-09-11,85.0,5.85,1633,1980,68.4573466796875,5,89.36,🚨異常掃貨 🆕新倉暴量,STRONG_BUY,8
TJX,2026-10-16,140.0,1.3,1161,1920,22.632609619140627,40,132.08,🚨異常掃貨 🆕新倉暴量,STRONG_BUY,8
BA,2026-09-11,215.0,1.89,1548,1891,26.026130371093746,5,212.25,🚨異常掃貨 🆕新倉暴量,STRONG_BUY,8
RKLB,2026-09-11,65.0,1.66,1322,1864,57.812921875,5,64.26,🚨異常掃貨 🆕新倉暴量,STRONG_BUY,8
CRWV,2026-09-11,87.0,4.6,807,1787,68.555001953125,5,89.36,🚨異常掃貨 🆕新倉暴量,STRONG_BUY,8
CRWV,2026-09-11,94.0,1.7,769,1751,70.06865869140626,5,89.36,🚨異常掃貨 🆕新倉暴量,STRONG_BUY,8
IREN,2026-09-11,43.5,2.53,764,1481,76.66038964843752,5,44.68,🚨異常掃貨 🆕新倉暴量,STRONG_BUY,8
OPEN,2028-01-21,15.0,0.35,31229,1304,104.10204199218754,502,3.15,🚀點火(4.4x) 🔭LEAPS 🔥萬人塚,BUY_WATCH,8
OKLO,2026-12-18,90.0,0.87,30349,1159,95.01958105468748,103,41.27,🚀點火(3.1x) 🚬菸屁股 🔥萬人塚,BUY_WATCH,8
IBIT,2027-01-15,70.0,0.53,32638,609,50.07374145507812,131,45.23,🚀點火(2.9x) 🚬菸屁股 🔥萬人塚,BUY_WATCH,8
IBIT,2028-01-21,140.0,0.96,32012,524,57.007265869140625,502,45.23,🚀點火(3.2x) 🔭LEAPS 🔥萬人塚,BUY_WATCH,8
DKNG,2026-11-20,30.0,0.84,105970,477,59.52188916015625,75,24.01,🚀點火(3.0x) 🚬菸屁股 🔥萬人塚,BUY_WATCH,8
NVDA,2028-01-21,400.0,10.15,51587,303,43.097492858886724,502,230.36,🚀點火(2.9x) 🔭LEAPS 🔥萬人塚,BUY_WATCH,8
PLUG,2028-01-21,3.0,0.67,40548,277,89.84385156249999,502,2.17,🚀點火(4.2x) 🔭LEAPS 🔥萬人塚,BUY_WATCH,8
BBAI,2027-01-15,7.0,0.08,34979,198,99.2187578125,131,2.92,🚀點火(4.0x) 🚬菸屁股 🔥萬人塚,BUY_WATCH,8
NVDA,2026-09-11,232.5,2.82,25020,47989,30.237514038085937,5,230.36,🚨異常掃貨 🆕新倉暴量 🏛️機構場,STRONG_BUY,7
NVDA,2026-09-11,237.5,1.26,16632,36385,29.810272216796868,5,230.36,🚨異常掃貨 🆕新倉暴量 🏛️機構場,STRONG_BUY,7
NVDA,2026-09-11,240.0,0.82,37503,28923,30.07882421875,5,230.36,🆕新倉暴量 🚬菸屁股 🔥萬人塚 🏛️機構場,BUY_WATCH,7
AAPL,2026-09-11,330.0,1.41,7561,27991,27.27123510742187,5,319.97,🚨異常掃貨 🆕新倉暴量 🏛️機構場,STRONG_BUY,7
AAPL,2026-09-11,325.0,2.65,7097,23549,27.32006274414062,5,319.97,🚨異常掃貨 🆕新倉暴量 🏛️機構場,STRONG_BUY,7
NVDA,2026-09-18,237.5,2.88,6206,17456,32.263860961914055,12,230.36,🚨異常掃貨 🚀點火(5.6x) 🏛️機構場,STRONG_BUY,7
IREN,2026-09-11,50.0,0.46,2539,9156,83.007982421875,5,44.68,🚨異常掃貨 🆕新倉暴量 🚬菸屁股 ⚠️暴動高IV(83%),STRONG_BUY,7
IONQ,2026-09-11,42.0,0.75,1054,4428,80.27363476562499,5,39.52,🚨異常掃貨 🆕新倉暴量 🚬菸屁股 ⚠️暴動高IV(80%),STRONG_BUY,7
SMCI,2026-09-11,50.0,0.05,1561,3447,87.500125,5,39.59,🚨異常掃貨 🆕新倉暴量 🚬菸屁股 ⚠️暴動高IV(88%),STRONG_BUY,7
IREN,2026-09-11,48.0,0.8,800,2084,80.4689453125,5,44.68,🚨異常掃貨 🆕新倉暴量 🚬菸屁股 ⚠️暴動高IV(80%),STRONG_BUY,7
ASTS,2026-09-11,75.0,0.16,989,1922,81.2501875,5,62.31,🚨異常掃貨 🆕新倉暴量 🚬菸屁股 ⚠️暴動高IV(81%),STRONG_BUY,7
ORCL,2026-09-11,202.5,0.9,787,1405,118.9457177734375,5,158.78,🚨異常掃貨 🆕新倉暴量 🚬菸屁股 ⚠️暴動高IV(119%),STRONG_BUY,7
PCG,2027-01-15,20.0,0.55,14130,16351,64.45348046875,131,14.3,🚀點火(2.8x) 🚬菸屁股,BUY_WATCH,6
NVDA,2026-09-18,260.0,0.26,28727,13615,35.44986425781249,12,230.36,🆕新倉暴量 🚬菸屁股,BUY_WATCH,6
NVDA,2027-01-15,460.0,0.1,29118,9749,43.457596679687505,131,230.36,🚀點火(5.4x) 🚬菸屁股,BUY_WATCH,6
NFLX,2026-09-18,85.0,0.29,28702,8829,34.71744970703124,12,78.25,🆕新倉暴量 🚬菸屁股,BUY_WATCH,6
TSLA,2026-09-11,390.0,0.58,7560,6809,44.605046142578125,5,354.08,🆕新倉暴量 🚬菸屁股,BUY_WATCH,6
PLTR,2026-09-11,187.5,0.58,5531,6595,43.70173486328125,5,174.33,🆕新倉暴量 🚬菸屁股,BUY_WATCH,6
SMCI,2026-11-20,65.0,0.95,6962,6544,85.30288134765625,75,39.59,🚀點火(>50x) 🚬菸屁股,BUY_WATCH,6
AMZN,2026-09-11,275.0,0.28,8959,6395,30.737997314453118,5,258.51,🆕新倉暴量 🚬菸屁股,BUY_WATCH,6
PCG,2026-12-18,25.0,0.24,9643,6331,73.24245507812499,103,14.3,🚀點火(2.7x) 🚬菸屁股,BUY_WATCH,6
SOFI,2026-09-11,19.5,0.1,10001,5852,48.04739453125,5,18.22,🆕新倉暴量 🚬菸屁股,BUY_WATCH,6
SOFI,2026-09-11,18.0,0.56,6198,5631,44.14118359375,5,18.22,🆕新倉暴量 🚬菸屁股,BUY_WATCH,6
SOFI,2026-09-11,20.0,0.06,11446,5334,50.0005,5,18.22,🆕新倉暴量 🚬菸屁股,BUY_WATCH,6
PLTR,2026-09-11,200.0,0.13,5428,5038,51.36767382812499,5,174.33,🆕新倉暴量 🚬菸屁股,BUY_WATCH,6
SMCI,2026-09-18,45.0,0.6,15669,4987,73.24245507812499,12,39.59,🚀點火(6.4x) 🚬菸屁股,BUY_WATCH,6
NBIS,2026-09-11,250.0,2.99,1977,4842,83.007982421875,5,226.39,🚨異常掃貨 🆕新倉暴量 ⚠️暴動高IV(83%),STRONG_BUY,6
IBIT,2026-09-11,48.0,0.18,9933,4422,39.551385742187506,5,45.23,🆕新倉暴量 🚬菸屁股,BUY_WATCH,6
PCG,2028-01-21,27.0,0.54,3044,4406,46.19194433593751,502,14.3,🚨異常掃貨 🆕低基期(前日Vol3) 🔭LEAPS,STRONG_BUY,6
SMCI,2026-09-18,50.0,0.2,12945,4244,78.711150390625,12,39.59,🚀點火(6.8x) 🚬菸屁股,BUY_WATCH,6
NFLX,2026-09-18,82.0,0.71,6775,4097,33.20379296875,12,78.25,🆕新倉暴量 🚬菸屁股,BUY_WATCH,6
IREN,2026-09-18,42.0,4.3,2867,4053,83.05681005859374,12,44.68,🚨異常掃貨 🆕新倉暴量 ⚠️暴動高IV(83%),STRONG_BUY,6
NFLX,2026-09-18,87.0,0.16,9413,3695,36.03579589843749,12,78.25,🆕新倉暴量 🚬菸屁股,BUY_WATCH,6
SOFI,2026-09-18,23.0,0.04,18659,3336,65.23472265625001,12,18.22,🚀點火(7.4x) 🚬菸屁股,BUY_WATCH,6
NFLX,2026-09-11,86.0,0.06,2759,3290,37.695935546875,5,78.25,🆕新倉暴量 🚬菸屁股,BUY_WATCH,6
NVDA,2026-09-18,280.0,0.07,27025,3283,43.35994140625,12,230.36,🚀點火(2.5x) 🚬菸屁股,BUY_WATCH,6
NVDA,2026-09-11,270.0,0.04,6167,3271,47.070841796875,5,230.36,🆕新倉暴量 🚬菸屁股,BUY_WATCH,6
NFLX,2026-10-16,95.0,0.36,9544,3231,39.50255810546876,40,78.25,🆕新倉暴量 🚬菸屁股,BUY_WATCH,6
SOUN,2026-09-11,7.0,0.11,3538,3151,55.469195312500005,5,6.74,🆕新倉暴量 🚬菸屁股,BUY_WATCH,6
CRWV,2026-09-18,110.0,0.68,62708,2994,80.5666005859375,12,89.36,🚀點火(2.7x) 🚬菸屁股 🔥萬人塚 ⚠️暴動高IV(81%),BUY_WATCH,6
SMR,2027-01-15,20.0,0.37,23058,2951,93.7500625,131,9.7,🚀點火(3.3x) 🚬菸屁股,BUY_WATCH,6
NFLX,2026-09-18,84.0,0.38,5199,2943,34.0826904296875,12,78.25,🆕新倉暴量 🚬菸屁股,BUY_WATCH,6
PCG,2026-09-18,16.0,0.19,11128,2779,65.03941210937501,12,14.3,🚀點火(4.5x) 🚬菸屁股,BUY_WATCH,6
BE,2026-09-11,300.0,3.15,977,2722,114.20941333007812,5,252.87,🚨異常掃貨 🆕新倉暴量 ⚠️暴動高IV(114%),STRONG_BUY,6
WMT,2026-09-11,110.0,0.28,2551,2633,20.4109521484375,5,107.14,🆕新倉暴量 🚬菸屁股,BUY_WATCH,6
OPEN,2026-09-11,3.5,0.02,6036,2580,62.500375000000005,5,3.15,🆕新倉暴量 🚬菸屁股,BUY_WATCH,6
INTC,2028-01-21,150.0,17.26,9742,2450,70.02593450927735,502,95.8,🚀點火(30.6x) 🔭LEAPS,BUY_WATCH,6
ONDS,2026-09-11,9.0,0.03,7000,2343,78.12521875,5,7.62,🆕新倉暴量 🚬菸屁股,BUY_WATCH,6
NFLX,2026-09-18,81.0,0.93,4584,2317,32.739930419921876,12,78.25,🆕新倉暴量 🚬菸屁股,BUY_WATCH,6
INTC,2028-01-21,80.0,37.25,10829,2283,71.05131488037108,502,95.8,🚀點火(41.5x) 🔭LEAPS,BUY_WATCH,6
SMR,2026-09-11,10.0,0.22,2232,2241,66.40658593750001,5,9.7,🆕新倉暴量 🚬菸屁股,BUY_WATCH,6
ONDS,2026-10-16,8.0,0.61,3374,2239,74.60962890625001,40,7.62,🚀點火(3.7x) 🚬菸屁股,BUY_WATCH,6
SOUN,2026-09-11,8.0,0.02,4478,2232,78.12521875,5,6.74,🆕新倉暴量 🚬菸屁股,BUY_WATCH,6
SOFI,2026-09-11,20.5,0.03,8665,2170,53.906710937500016,5,18.22,🆕新倉暴量 🚬菸屁股,BUY_WATCH,6
ONDS,2026-09-11,7.5,0.31,2985,2132,60.15664843750002,5,7.62,🆕新倉暴量 🚬菸屁股,BUY_WATCH,6
NFLX,2026-09-18,83.0,0.54,7286,2117,33.692069335937504,12,78.25,🆕新倉暴量 🚬菸屁股,BUY_WATCH,6
BA,2026-09-11,220.0,0.67,5046,2090,26.367923828125,5,212.25,🆕新倉暴量 🚬菸屁股,BUY_WATCH,6
PCG,2028-01-21,20.0,1.45,16909,2081,48.633326171875005,502,14.3,🚀點火(23.6x) 🔭LEAPS,BUY_WATCH,6
DKNG,2026-09-11,24.0,0.65,3419,1970,49.414568359375004,5,24.01,🆕新倉暴量 🚬菸屁股,BUY_WATCH,6
PATH,2026-09-18,16.0,0.4,3191,1933,59.96133789062501,12,15.19,🆕新倉暴量 🚬菸屁股,BUY_WATCH,6
PATH,2028-01-21,22.0,3.45,3168,1721,76.92894165039064,502,15.19,🚀點火(25.7x) 🔭LEAPS,BUY_WATCH,6
AMZN,2026-09-11,272.5,0.45,2198,1706,29.737030761718742,5,258.51,🆕新倉暴量 🚬菸屁股,BUY_WATCH,6
NFLX,2027-01-15,142.0,0.19,3793,1694,48.92629199218751,131,78.25,🆕新倉暴量 🚬菸屁股,BUY_WATCH,6
IONQ,2026-09-18,45.0,0.75,17041,1672,79.3947373046875,12,39.52,🚀點火(3.0x) 🚬菸屁股,BUY_WATCH,6
WMT,2026-12-18,130.0,0.77,5137,1663,27.66185620117187,103,107.14,🚀點火(3.5x) 🚬菸屁股,BUY_WATCH,6
SMCI,2026-09-18,44.0,0.79,3780,1619,72.9494892578125,12,39.59,🚀點火(8.0x) 🚬菸屁股,BUY_WATCH,6
OKLO,2027-01-15,100.0,0.94,3702,1601,94.92192578125,131,41.27,🚀點火(47.1x) 🚬菸屁股,BUY_WATCH,6
JOBY,2026-09-18,8.0,0.06,7205,1592,67.96907031250001,12,6.74,🚀點火(14.1x) 🚬菸屁股,BUY_WATCH,6
ASTS,2026-09-11,72.0,0.28,1589,1580,76.07445800781252,5,62.31,🆕新倉暴量 🚬菸屁股,BUY_WATCH,6
NVDA,2026-09-18,275.0,0.09,11577,1463,42.188078125,12,230.36,🚀點火(3.3x) 🚬菸屁股,BUY_WATCH,6
HOOD,2026-09-11,135.0,0.73,1922,1401,63.67223828125,5,122.11,🆕新倉暴量 🚬菸屁股,BUY_WATCH,6
AMZN,2026-09-11,280.0,0.14,2265,1369,31.641308593749994,5,258.51,🆕新倉暴量 🚬菸屁股,BUY_WATCH,6
IONQ,2026-09-18,44.5,0.78,2133,1348,78.6134951171875,12,39.52,🚀點火(5.3x) 🚬菸屁股,BUY_WATCH,6
UPST,2026-09-18,35.0,0.15,6702,1326,71.28934960937501,12,28.05,🚀點火(14.0x) 🚬菸屁股,BUY_WATCH,6
AMZN,2026-09-11,300.0,0.02,3392,1320,42.57869921875,5,258.51,🆕新倉暴量 🚬菸屁股,BUY_WATCH,6
HIMS,2026-09-11,30.0,0.23,4974,1295,62.305064453125006,5,27.71,🆕新倉暴量 🚬菸屁股,BUY_WATCH,6
NFLX,2026-09-18,86.0,0.22,4225,1292,35.1568984375,12,78.25,🆕新倉暴量 🚬菸屁股,BUY_WATCH,6
HOOD,2026-09-11,140.0,0.37,2315,1274,66.8948623046875,5,122.11,🆕新倉暴量 🚬菸屁股,BUY_WATCH,6
BBAI,2026-09-11,3.0,0.07,1971,1269,60.937890625000016,5,2.92,🆕新倉暴量 🚬菸屁股,BUY_WATCH,6
JOBY,2026-09-11,7.0,0.1,2192,1210,53.906710937500016,5,6.74,🆕新倉暴量 🚬菸屁股,BUY_WATCH,6
SOUN,2026-09-11,7.5,0.04,2645,1175,64.062859375,5,6.74,🆕新倉暴量 🚬菸屁股,BUY_WATCH,6
SMR,2026-09-11,10.5,0.11,2103,1162,67.96907031250001,5,9.7,🆕新倉暴量 🚬菸屁股,BUY_WATCH,6
RKLB,2026-09-11,75.0,0.13,1704,1148,66.79720703125001,5,64.26,🆕新倉暴量 🚬菸屁股,BUY_WATCH,6
PATH,2028-01-21,37.0,1.65,6399,1119,76.367423828125,502,15.19,🚀點火(2.6x) 🔭LEAPS,BUY_WATCH,6
OKLO,2027-01-15,125.0,0.55,2285,1114,101.70947583007815,131,41.27,🚀點火(44.6x) 🚬菸屁股,BUY_WATCH,6
WMT,2026-09-11,111.0,0.16,1235,1044,20.948056152343746,5,107.14,🆕新倉暴量 🚬菸屁股,BUY_WATCH,6
WMT,2027-01-15,135.0,0.74,18659,1033,28.443098388671867,131,107.14,🚀點火(3.6x) 🚬菸屁股,BUY_WATCH,6
PCG,2026-09-11,14.0,0.53,1945,1021,55.469195312500005,5,14.3,🆕新倉暴量 🚬菸屁股,BUY_WATCH,6
SMR,2026-09-11,11.0,0.03,2757,1016,69.5315546875,5,9.7,🆕新倉暴量 🚬菸屁股,BUY_WATCH,6
SMR,2027-01-15,14.0,0.83,3298,1010,88.67198828125,131,9.7,🚀點火(18.0x) 🚬菸屁股,BUY_WATCH,6
NVDA,2028-01-21,320.0,21.14,8041,1002,43.764295272827155,502,230.36,🚀點火(29.5x) 🔭LEAPS,BUY_WATCH,6
BA,2026-09-11,225.0,0.22,1707,993,27.832752929687498,5,212.25,🆕新倉暴量 🚬菸屁股,BUY_WATCH,6
SMR,2026-11-20,15.0,0.38,2792,976,92.4805439453125,75,9.7,🚀點火(8.4x) 🚬菸屁股,BUY_WATCH,6
PATH,2026-09-18,18.0,0.1,3977,910,70.312796875,12,15.19,🆕新倉暴量 🚬菸屁股,BUY_WATCH,6
OKLO,2026-09-18,50.0,0.35,9201,909,78.9064609375,12,41.27,🚀點火(2.8x) 🚬菸屁股,BUY_WATCH,6
WMT,2026-09-11,113.0,0.06,825,897,24.9030947265625,5,107.14,🆕新倉暴量 🚬菸屁股,BUY_WATCH,6
ACHR,2028-01-21,7.0,1.89,20264,861,88.476677734375,502,5.71,🚀點火(4.2x) 🔭LEAPS,BUY_WATCH,6
SOFI,2026-09-11,17.5,0.9,2107,811,49.414568359375004,5,18.22,🆕新倉暴量 🚬菸屁股,BUY_WATCH,6
BBAI,2026-12-18,5.0,0.11,5679,798,89.84385156249999,103,2.92,🚀點火(9.9x) 🚬菸屁股,BUY_WATCH,6
INTC,2028-01-21,210.0,10.17,5685,776,69.91607232666017,502,95.8,🚀點火(3.4x) 🔭LEAPS,BUY_WATCH,6
PATH,2026-09-18,17.0,0.26,2453,772,64.25816992187501,12,15.19,🆕新倉暴量 🚬菸屁股,BUY_WATCH,6
NFLX,2026-09-11,87.0,0.05,2105,768,40.23497265625,5,78.25,🆕新倉暴量 🚬菸屁股,BUY_WATCH,6
SOFI,2028-01-21,30.0,2.62,29304,757,64.40465283203125,502,18.22,🚀點火(2.8x) 🔭LEAPS,BUY_WATCH,6
HIMS,2026-09-11,29.0,0.46,2220,757,58.39885351562499,5,27.71,🆕新倉暴量 🚬菸屁股,BUY_WATCH,6
OKLO,2026-09-11,43.0,0.87,2284,755,68.26203613281253,5,41.27,🆕新倉暴量 🚬菸屁股,BUY_WATCH,6
ACHR,2026-09-11,6.0,0.07,1733,740,53.12546875,5,5.71,🆕新倉暴量 🚬菸屁股,BUY_WATCH,6
ACHR,2026-09-11,6.5,0.02,2676,711,70.312796875,5,5.71,🆕新倉暴量 🚬菸屁股,BUY_WATCH,6
AMZN,2026-09-11,290.0,0.03,2313,708,36.133451171874995,5,258.51,🆕新倉暴量 🚬菸屁股,BUY_WATCH,6
SOFI,2026-09-11,21.5,0.01,3093,706,60.937890625000016,5,18.22,🆕新倉暴量 🚬菸屁股,BUY_WATCH,6
BA,2026-09-18,230.0,0.57,3903,703,30.83565258789062,12,212.25,🚀點火(2.8x) 🚬菸屁股,BUY_WATCH,6
CRWV,2026-09-11,105.0,0.29,1056,700,77.3439765625,5,89.36,🆕新倉暴量 🚬菸屁股,BUY_WATCH,6
SOFI,2028-01-21,20.0,4.85,29228,698,65.18589501953126,502,18.22,🚀點火(2.7x) 🔭LEAPS,BUY_WATCH,6
RDDT,2026-09-11,170.0,0.6,1231,697,55.273884765625006,5,154.46,🆕新倉暴量 🚬菸屁股,BUY_WATCH,6
SOUN,2027-01-15,15.0,0.17,22879,693,92.9688203125,131,6.74,🚀點火(4.4x) 🚬菸屁股,BUY_WATCH,6
NFLX,2026-09-11,88.0,0.03,1038,692,42.188078125,5,78.25,🆕新倉暴量 🚬菸屁股,BUY_WATCH,6
AMZN,2026-09-18,282.5,0.56,1234,658,31.61689477539062,12,258.51,🆕新倉暴量 🚬菸屁股,BUY_WATCH,6
SOFI,2027-01-15,27.0,0.58,21029,644,60.84023535156251,131,18.22,🚀點火(3.9x) 🚬菸屁股,BUY_WATCH,6
DKNG,2026-09-11,25.5,0.18,1949,622,51.95360546875,5,24.01,🆕新倉暴量 🚬菸屁股,BUY_WATCH,6
JOBY,2028-01-21,32.0,0.33,9918,610,83.39860351562498,502,6.74,🚀點火(11.3x) 🔭LEAPS,BUY_WATCH,6
IONQ,2026-09-11,43.0,0.6,890,592,79.5900478515625,5,39.52,🆕新倉暴量 🚬菸屁股,BUY_WATCH,6
RUN,2026-09-11,9.5,0.1,2798,574,56.64105859375,5,8.89,🆕新倉暴量 🚬菸屁股,BUY_WATCH,6
NFLX,2026-11-20,125.0,0.13,2088,548,48.438015625000006,75,78.25,🆕新倉暴量 🚬菸屁股,BUY_WATCH,6
MRNA,2026-09-11,175.0,0.33,766,537,77.73459765625,5,145.55,🆕新倉暴量 🚬菸屁股,BUY_WATCH,6
CRWV,2026-09-18,115.0,0.42,39881,519,82.91032714843749,12,89.36,🚀點火(3.6x) 🚬菸屁股 🔥萬人塚 ⚠️暴動高IV(83%),BUY_WATCH,6
TSLA,2028-01-21,800.0,14.85,7747,517,53.609167526245116,502,354.08,🚀點火(2.8x) 🔭LEAPS,BUY_WATCH,6
SOFI,2027-01-15,45.0,0.09,11452,506,72.26590234375,131,18.22,🚀點火(14.9x) 🚬菸屁股,BUY_WATCH,6
WMT,2026-09-11,112.0,0.09,957,494,21.5828154296875,5,107.14,🆕新倉暴量 🚬菸屁股,BUY_WATCH,6
PATH,2028-01-21,15.0,5.38,7668,488,77.53928710937501,502,15.19,🚀點火(3.6x) 🔭LEAPS,BUY_WATCH,6
PATH,2026-09-11,18.0,0.04,813,478,74.2190078125,5,15.19,🆕新倉暴量 🚬菸屁股,BUY_WATCH,6
SOFI,2028-01-21,25.0,3.5,15876,472,64.40465283203125,502,18.22,🚀點火(2.6x) 🔭LEAPS,BUY_WATCH,6
BBAI,2026-12-18,6.0,0.06,4812,472,93.7500625,103,2.92,🚀點火(4.0x) 🚬菸屁股,BUY_WATCH,6
OPEN,2027-01-15,6.0,0.17,10683,464,98.82813671875,131,3.15,🚀點火(8.9x) 🚬菸屁股,BUY_WATCH,6
PLUG,2026-09-11,2.0,0.19,874,456,71.87528125,5,2.17,🆕新倉暴量 🚬菸屁股,BUY_WATCH,6
UUUU,2026-09-11,15.0,0.28,1106,455,62.109753906250006,5,14.47,🆕新倉暴量 🚬菸屁股,BUY_WATCH,6
PATH,2028-01-21,20.0,3.87,7646,454,75.97680273437501,502,15.19,🚀點火(2.8x) 🔭LEAPS,BUY_WATCH,6
SOFI,2028-01-21,32.0,2.32,7338,449,64.5511357421875,502,18.22,🚀點火(7.7x) 🔭LEAPS,BUY_WATCH,6
HIMS,2026-09-11,31.0,0.17,1529,436,64.45348046875,5,27.71,🆕新倉暴量 🚬菸屁股,BUY_WATCH,6
PATH,2026-10-16,17.0,0.75,1141,432,61.133201171875015,40,15.19,🆕新倉暴量 🚬菸屁股,BUY_WATCH,6
UUUU,2026-09-18,17.0,0.1,1283,406,72.26590234375,12,14.47,🚀點火(3.9x) 🚬菸屁股,BUY_WATCH,6
GOOG,2026-09-18,390.0,0.17,9551,385,37.402969726562496,12,335.31,🚀點火(7.4x) 🚬菸屁股,BUY_WATCH,6
SOUN,2027-01-15,9.0,0.58,4486,365,76.367423828125,131,6.74,🚀點火(5.2x) 🚬菸屁股,BUY_WATCH,6
ONDS,2026-12-18,9.0,0.91,6616,359,85.937640625,103,7.62,🚀點火(5.2x) 🚬菸屁股,BUY_WATCH,6
NVDA,2027-01-15,400.0,0.37,6883,355,41.992767578125,131,230.36,🚀點火(3.3x) 🚬菸屁股,BUY_WATCH,6
SOFI,2028-06-16,47.0,1.81,18478,344,66.55306884765628,649,18.22,🚀點火(11.1x) 🔭LEAPS,BUY_WATCH,6
VST,2026-09-18,165.0,0.84,4483,325,46.72904833984375,12,149.3,🚀點火(5.2x) 🚬菸屁股,BUY_WATCH,6
SMR,2026-11-20,14.0,0.49,1886,309,90.039162109375,75,9.7,🚀點火(3.2x) 🚬菸屁股,BUY_WATCH,6
ONDS,2026-09-18,9.5,0.04,1478,290,76.562734375,12,7.62,🚀點火(2.8x) 🚬菸屁股,BUY_WATCH,6
PCG,2026-09-18,15.0,0.38,3636,287,59.375406250000005,12,14.3,🚀點火(4.5x) 🚬菸屁股,BUY_WATCH,6
PLUG,2028-01-21,7.0,0.28,28620,278,93.55475195312499,502,2.17,🚀點火(2.8x) 🔭LEAPS,BUY_WATCH,6
NVDA,2028-01-21,460.0,6.0,5452,274,43.311113769531254,502,230.36,🚀點火(3.7x) 🔭LEAPS,BUY_WATCH,6
OPEN,2027-02-19,10.0,0.09,1710,262,125.39099804687498,166,3.15,🚀點火(11.4x) 🚬菸屁股,BUY_WATCH,6
ONDS,2028-01-21,4.0,4.7,23375,254,95.6055126953125,502,7.62,🚀點火(11.5x) 🔭LEAPS,BUY_WATCH,6
PLUG,2026-12-18,4.0,0.06,17013,253,86.7188828125,103,2.17,🚀點火(11.0x) 🚬菸屁股,BUY_WATCH,6
SOFI,2028-01-21,27.0,3.13,4504,237,64.3558251953125,502,18.22,🚀點火(11.3x) 🔭LEAPS,BUY_WATCH,6
ZM,2026-09-18,115.0,0.34,2976,237,48.92629199218751,12,101.33,🚀點火(10.3x) 🚬菸屁股,BUY_WATCH,6
UPST,2028-01-21,35.0,7.92,1301,227,76.53832055664063,502,28.05,🚀點火(2.6x) 🔭LEAPS,BUY_WATCH,6
NVDA,2028-01-21,210.0,58.7,9814,223,47.66440275573731,502,230.36,🚀點火(5.2x) 🔭LEAPS,BUY_WATCH,6
PLUG,2028-01-21,2.5,0.76,14455,223,88.08605664062499,502,2.17,🚀點火(3.3x) 🔭LEAPS,BUY_WATCH,6
UUUU,2026-10-16,18.0,0.39,2461,219,70.70341796875,40,14.47,🚀點火(4.0x) 🚬菸屁股,BUY_WATCH,6
BBAI,2028-01-21,2.0,1.56,3734,215,93.945373046875,502,2.92,🚀點火(6.7x) 🔭LEAPS,BUY_WATCH,6
SOUN,2028-01-21,25.0,0.62,2307,213,94.33599414062499,502,6.74,🚀點火(3.7x) 🔭LEAPS,BUY_WATCH,6
OPEN,2027-02-19,6.0,0.23,1371,211,106.25046875000001,166,3.15,🚀點火(9.6x) 🚬菸屁股,BUY_WATCH,6
VRT,2026-09-18,330.0,0.85,1038,209,56.12836840820312,12,280.53,🚀點火(3.4x) 🚬菸屁股,BUY_WATCH,6
OPEN,2026-11-20,7.0,0.07,4383,206,113.28168359375002,75,3.15,🚀點火(4.4x) 🚬菸屁股,BUY_WATCH,6
NVDA,2028-01-21,390.0,11.15,8329,204,43.11275149536134,502,230.36,🚀點火(8.5x) 🔭LEAPS,BUY_WATCH,6
BA,2026-09-18,260.0,0.02,5065,197,42.774009765625,12,212.25,🚀點火(9.4x) 🚬菸屁股,BUY_WATCH,6
ACHR,2027-01-15,12.0,0.15,25800,193,88.2813671875,131,5.71,🚀點火(5.4x) 🚬菸屁股,BUY_WATCH,6
INTC,2028-01-21,120.0,23.6,5846,180,70.743090423584,502,95.8,🚀點火(2.6x) 🔭LEAPS,BUY_WATCH,6
JOBY,2026-11-20,11.0,0.11,847,168,73.633076171875,75,6.74,🚀點火(3.4x) 🚬菸屁股,BUY_WATCH,6
JOBY,2028-01-21,5.0,3.19,5505,166,84.76577734374999,502,6.74,🚀點火(3.0x) 🔭LEAPS,BUY_WATCH,6
NVDA,2028-01-21,280.0,30.61,8471,142,44.31208032226562,502,230.36,🚀點火(4.7x) 🔭LEAPS,BUY_WATCH,6
SMR,2028-01-21,15.0,3.0,7658,140,97.90041162109377,502,9.7,🚀點火(2.9x) 🔭LEAPS,BUY_WATCH,6
BLDP,2026-11-20,3.0,0.15,1305,135,81.64080859375,75,2.34,🚀點火(3.9x) 🚬菸屁股,BUY_WATCH,6
MNST,2026-09-18,43.75,0.75,798,134,29.688203124999994,12,43.82,🚀點火(2.9x) 🚬菸屁股,BUY_WATCH,6
PATH,2028-01-21,12.0,6.6,4794,127,79.46797875976561,502,15.19,🚀點火(3.2x) 🔭LEAPS,BUY_WATCH,6
ACHR,2028-01-21,12.0,1.05,5136,127,87.98840136718749,502,5.71,🚀點火(2.8x) 🔭LEAPS,BUY_WATCH,6
VST,2026-09-18,170.0,0.45,3653,121,46.436082519531254,12,149.3,🚀點火(3.3x) 🚬菸屁股,BUY_WATCH,6
ASTS,2028-01-21,180.0,7.7,10685,120,87.11560736083983,502,62.31,🚀點火(2.7x) 🔭LEAPS,BUY_WATCH,6
DKNG,2026-10-16,27.5,0.62,847,119,54.34615966796876,40,24.01,🚀點火(2.8x) 🚬菸屁股,BUY_WATCH,6
SMR,2026-11-20,13.0,0.6,2454,119,87.0118486328125,75,9.7,🚀點火(4.0x) 🚬菸屁股,BUY_WATCH,6
SMCI,2026-09-18,48.0,0.29,869,106,76.46507910156251,12,39.59,🚀點火(4.2x) 🚬菸屁股,BUY_WATCH,6
NVDA,2028-01-21,260.0,37.3,9877,75,44.93768441772461,502,230.36,🚀點火(3.4x) 🔭LEAPS,BUY_WATCH,6
IONQ,2028-01-21,60.0,10.3,3649,73,82.69670623779295,502,39.52,🚀點火(3.5x) 🔭LEAPS,BUY_WATCH,6
LUNR,2026-09-18,17.0,0.25,1281,70,75.39087109375001,12,14.81,🚀點火(2.9x) 🚬菸屁股,BUY_WATCH,6
ASTS,2026-11-20,160.0,0.31,1255,60,102.19775463867187,75,62.31,🚀點火(2.5x) 🚬菸屁股,BUY_WATCH,6
PCG,2027-01-15,17.0,1.19,61713,25767,64.30699755859376,131,14.3,🚀點火(15.2x) 🔥萬人塚,HOLD,5
AAPL,2026-09-11,340.0,0.36,8568,8909,29.199926757812488,5,319.97,🆕新倉暴量 🚬菸屁股 🏛️機構場,BUY_WATCH,5
NVDA,2026-09-18,255.0,0.42,17894,4322,33.911793701171874,12,230.36,🆕新倉暴量 🚬菸屁股 🏛️機構場,BUY_WATCH,5
NVDA,2026-09-18,300.0,0.02,36318,3130,50.39112109375,12,230.36,🚀點火(2.5x) 🚬菸屁股 🔥萬人塚 ⚠️尾段價外(30%),BUY_WATCH,5
WMT,2026-09-18,109.0,1.03,1381,1692,22.071091796875,12,107.14,🚨異常掃貨,STRONG_BUY,5
NVDA,2027-01-15,340.0,1.45,73174,996,39.905386108398446,131,230.36,🚀點火(3.6x) 🔥萬人塚,HOLD,5
INTC,2026-12-18,70.0,29.35,50014,906,70.54472814941408,103,95.8,🚀點火(17.8x) 🔥萬人塚,HOLD,5
SHOP,2026-09-18,140.0,8.8,47866,252,52.368640380859375,12,145.09,🚀點火(9.0x) 🔥萬人塚,HOLD,5
NVDA,2026-09-18,240.0,2.27,76042,57039,32.17841259765625,12,230.36,🚀點火(2.6x) 🔥萬人塚 🏛️機構場,HOLD,4
NVDA,2026-09-11,230.0,4.0,32787,27145,30.811238769531247,5,230.36,🆕新倉暴量 🔥萬人塚 🏛️機構場,HOLD,4
NBIS,2026-09-11,270.0,0.95,3251,3693,88.5743330078125,5,226.39,🆕新倉暴量 🚬菸屁股 ⚠️暴動高IV(89%),BUY_WATCH,4
IREN,2026-09-18,52.0,0.84,3428,2858,87.500125,12,44.68,🚀點火(42.7x) 🚬菸屁股 ⚠️暴動高IV(88%),BUY_WATCH,4
IREN,2026-09-18,55.0,0.5,10131,1662,88.96495410156248,12,44.68,🚀點火(6.3x) 🚬菸屁股 ⚠️暴動高IV(89%),BUY_WATCH,4
PATH,2026-09-11,20.0,0.02,1962,1394,90.62509374999999,5,15.19,🆕新倉暴量 🚬菸屁股 ⚠️暴動高IV(91%),BUY_WATCH,4
MRNA,2026-09-11,225.0,0.04,822,1246,125.00037499999999,5,145.55,🚨異常掃貨 🆕新倉暴量 🚬菸屁股 ⚠️尾段價外(55%) ⚠️暴動高IV(125%),STRONG_BUY,4
SOFI,2026-09-11,24.0,0.01,1857,1058,81.2501875,5,18.22,🆕新倉暴量 🚬菸屁股 ⚠️暴動高IV(81%),BUY_WATCH,4
IONQ,2026-09-11,50.0,0.09,1173,1036,92.57819921875,5,39.52,🆕新倉暴量 🚬菸屁股 ⚠️暴動高IV(93%),BUY_WATCH,4
IONQ,2026-09-11,48.0,0.14,2030,947,92.9688203125,5,39.52,🆕新倉暴量 🚬菸屁股 ⚠️暴動高IV(93%),BUY_WATCH,4
ONDS,2026-09-11,9.5,0.02,2854,912,89.062609375,5,7.62,🆕新倉暴量 🚬菸屁股 ⚠️暴動高IV(89%),BUY_WATCH,4
PLUG,2026-09-11,2.5,0.01,3049,873,84.37515624999999,5,2.17,🆕新倉暴量 🚬菸屁股 ⚠️暴動高IV(84%),BUY_WATCH,4
IONQ,2026-09-11,45.0,0.33,1500,816,87.89074609375,5,39.52,🆕新倉暴量 🚬菸屁股 ⚠️暴動高IV(88%),BUY_WATCH,4
PATH,2026-09-11,18.5,0.03,1108,723,83.59391406249999,5,15.19,🆕新倉暴量 🚬菸屁股 ⚠️暴動高IV(84%),BUY_WATCH,4
IREN,2026-09-11,60.0,0.06,1774,702,103.90673046875003,5,44.68,🆕新倉暴量 🚬菸屁股 ⚠️暴動高IV(104%),BUY_WATCH,4
IONQ,2026-09-11,47.0,0.18,842,629,88.2813671875,5,39.52,🆕新倉暴量 🚬菸屁股 ⚠️暴動高IV(88%),BUY_WATCH,4
CRWV,2026-09-11,110.0,0.14,1124,604,80.664255859375,5,89.36,🆕新倉暴量 🚬菸屁股 ⚠️暴動高IV(81%),BUY_WATCH,4
PATH,2026-09-11,19.0,0.08,1040,586,103.12548437500001,5,15.19,🆕新倉暴量 🚬菸屁股 ⚠️暴動高IV(103%),BUY_WATCH,4
NTLA,2026-09-18,15.0,0.18,1548,501,81.445498046875,12,12.74,🚀點火(13.5x) 🚬菸屁股 ⚠️暴動高IV(81%),BUY_WATCH,4
MSFT,2026-12-18,525.0,22.43,53503,154,31.01570449829102,103,499.7,🚀點火(2.6x) 🔥萬人塚 🏛️機構場,HOLD,4
NTLA,2026-09-18,17.0,0.07,1961,76,88.2813671875,12,12.74,🚀點火(3.2x) 🚬菸屁股 ⚠️暴動高IV(88%),BUY_WATCH,4
PCG,2027-01-15,25.0,0.27,31123,31447,68.555001953125,131,14.3,🆕低基期(前日Vol9) 🚬菸屁股 🔥萬人塚,HOLD,3
PCG,2026-12-18,18.0,0.82,65817,21794,66.8948623046875,103,14.3,🚬菸屁股 🔥萬人塚,HOLD,3
PCG,2026-09-18,17.5,0.06,33112,20946,81.64080859375,12,14.3,🚬菸屁股 🔥萬人塚,HOLD,3
MSTR,2026-09-11,145.0,4.75,17546,13460,71.82645361328125,5,142.8,🆕新倉暴量,HOLD,3
IBIT,2026-09-18,48.0,0.47,39509,12440,39.942006835937505,12,45.23,🚬菸屁股 🔥萬人塚,HOLD,3
MSTR,2026-09-11,152.5,2.55,13965,9223,76.66038964843752,5,142.8,🆕新倉暴量,HOLD,3
SMCI,2026-09-18,40.0,1.98,26370,8741,70.8010732421875,12,39.59,🆕新倉暴量,HOLD,3
MSTR,2026-09-11,143.0,5.45,7766,8349,71.26493579101563,5,142.8,🆕新倉暴量,HOLD,3
ORCL,2026-09-18,200.0,1.56,36898,8014,92.6758544921875,12,158.78,🆕新倉暴量 🔥萬人塚 ⚠️暴動高IV(93%),HOLD,3
DKNG,2027-01-15,25.0,3.07,13182,7881,58.81388842773438,131,24.01,🆕新倉暴量,HOLD,3
TSLA,2027-02-19,700.0,2.39,7340,7423,55.18843640136719,166,354.08,🆕新倉暴量,HOLD,3
NVDA,2026-10-16,235.0,8.85,22801,7315,35.480381530761704,40,230.36,🆕新倉暴量,HOLD,3
SOFI,2026-09-18,20.0,0.17,50533,7170,50.39112109375,12,18.22,🚬菸屁股 🔥萬人塚,HOLD,3
MSTR,2026-09-11,148.0,3.75,9414,6548,73.68190380859374,5,142.8,🆕新倉暴量,HOLD,3
NFLX,2026-09-18,80.0,1.25,22816,6407,32.617861328124995,12,78.25,🆕新倉暴量,HOLD,3
IBIT,2026-09-18,50.0,0.21,36942,6285,42.4810439453125,12,45.23,🚬菸屁股 🔥萬人塚,HOLD,3
NVDA,2027-01-15,310.0,3.15,9852,6261,39.36217864990235,131,230.36,🆕新倉暴量,HOLD,3
MSTR,2026-09-11,149.0,3.6,7563,6238,74.78052563476562,5,142.8,🆕新倉暴量,HOLD,3
MSTR,2026-09-11,147.0,4.0,13633,6177,73.26686889648437,5,142.8,🆕新倉暴量,HOLD,3
TSLA,2027-02-19,520.0,8.15,5588,5988,49.55189608764648,166,354.08,🆕新倉暴量,HOLD,3
AMZN,2026-09-11,267.5,1.0,5838,5916,28.418684570312493,5,258.51,🆕新倉暴量,HOLD,3
PLTR,2026-09-11,177.5,2.68,8399,5867,42.0904228515625,5,174.33,🆕新倉暴量,HOLD,3
MSTR,2026-09-11,142.0,6.0,7727,5854,70.14190014648437,5,142.8,🆕新倉暴量,HOLD,3
MSTR,2026-09-11,138.0,8.1,9345,5706,69.84893432617189,5,142.8,🆕新倉暴量,HOLD,3
AMD,2026-09-18,500.0,9.6,9983,5647,49.47560290527344,12,477.57,🆕新倉暴量,HOLD,3
INTC,2026-10-16,90.0,11.05,13623,5365,62.03651245117189,40,95.8,🆕新倉暴量,HOLD,3
AMZN,2026-09-18,275.0,1.13,20972,5326,30.420617675781248,12,258.51,🆕新倉暴量,HOLD,3
PATH,2026-12-18,12.0,4.03,9808,5111,79.49239257812499,103,15.19,🆕新倉暴量,HOLD,3
IBIT,2026-10-16,50.0,0.97,35120,5011,42.188078125,40,45.23,🚬菸屁股 🔥萬人塚,HOLD,3
INTC,2026-10-16,100.0,6.4,20851,4975,63.01306518554688,40,95.8,🆕新倉暴量,HOLD,3
AMZN,2026-09-18,260.0,5.05,23780,4924,29.456271850585935,12,258.51,🆕新倉暴量,HOLD,3
AMZN,2026-10-16,280.0,3.8,17337,4916,31.732860412597653,40,258.51,🆕新倉暴量,HOLD,3
SOFI,2026-09-18,22.0,0.04,151079,4780,57.812921875,12,18.22,🚬菸屁股 🔥萬人塚,HOLD,3
NFLX,2026-09-18,90.0,0.09,57567,4715,39.45373046875,12,78.25,🚬菸屁股 🔥萬人塚,HOLD,3
NFLX,2026-09-18,79.0,1.62,4455,4711,32.446964599609366,12,78.25,🆕新倉暴量,HOLD,3
PLTR,2026-09-18,180.0,3.7,11605,4681,44.6294599609375,12,174.33,🆕新倉暴量,HOLD,3
INTC,2027-01-15,100.0,13.75,19213,4598,67.31600067138675,131,95.8,🆕新倉暴量,HOLD,3
AMZN,2026-10-16,300.0,1.2,19497,4427,32.27606787109374,40,258.51,🆕新倉暴量,HOLD,3
NVDA,2026-11-20,235.0,14.9,10941,4419,40.680524841308596,75,230.36,🆕新倉暴量,HOLD,3
MU,2026-09-18,1200.0,5.6,7384,4234,62.6102371826172,12,1016.59,🆕新倉暴量,HOLD,3
NVDA,2026-09-11,220.0,11.15,12009,4013,36.7193828125,5,230.36,🆕新倉暴量,HOLD,3
TSLA,2026-09-18,405.0,1.04,7038,4005,46.41166870117188,12,354.08,🆕新倉暴量,HOLD,3
SOFI,2026-09-18,19.0,0.38,34306,3999,49.023947265625004,12,18.22,🚬菸屁股 🔥萬人塚,HOLD,3
INTC,2026-09-11,90.0,6.65,6690,3862,57.129334960937506,5,95.8,🆕新倉暴量,HOLD,3
PLTR,2026-09-11,182.5,1.26,8173,3811,42.358974853515626,5,174.33,🆕新倉暴量,HOLD,3
SHOP,2026-09-18,150.0,3.75,10398,3667,51.050294189453126,12,145.09,🆕新倉暴量,HOLD,3
NFLX,2026-10-16,90.0,0.74,31319,3616,37.94007373046875,40,78.25,🚬菸屁股 🔥萬人塚,HOLD,3
TSLA,2026-09-18,350.0,12.8,5183,3553,39.227902648925784,12,354.08,🆕新倉暴量,HOLD,3
SMCI,2027-01-15,60.0,2.64,11393,3529,80.95722167968748,131,39.59,🆕新倉暴量,HOLD,3
NVDA,2027-01-15,285.0,5.9,6772,3418,39.148557739257804,131,230.36,🆕新倉暴量,HOLD,3
ORCL,2026-10-16,190.0,4.82,5161,3390,67.06575903320314,40,158.78,🆕新倉暴量,HOLD,3
IREN,2026-09-11,41.0,4.24,3882,3326,78.6134951171875,5,44.68,🆕新倉暴量,HOLD,3
CRWV,2026-09-18,95.0,2.96,4183,3227,74.12135253906249,12,89.36,🆕新倉暴量,HOLD,3
MRNA,2026-09-18,165.0,2.28,3587,3216,71.94852270507812,12,145.55,🆕新倉暴量,HOLD,3
SMCI,2026-10-16,40.0,3.75,2972,3177,74.02369726562499,40,39.59,🆕新倉暴量,HOLD,3
PLTR,2026-09-18,190.0,1.4,15414,3169,45.16656396484375,12,174.33,🆕新倉暴量,HOLD,3
SMCI,2027-01-15,55.0,3.2,5885,3073,80.32246240234375,131,39.59,🆕新倉暴量,HOLD,3
NVDA,2026-11-20,270.0,4.8,12256,2961,39.3560751953125,75,230.36,🆕新倉暴量,HOLD,3
AMZN,2026-09-18,280.0,0.65,40998,2951,30.664755859375,12,258.51,🚬菸屁股 🔥萬人塚,HOLD,3
IREN,2026-12-18,65.0,3.95,8011,2836,97.33889379882812,103,44.68,🆕新倉暴量,HOLD,3
ASTS,2026-09-18,70.0,1.25,7909,2747,74.60962890625001,12,62.31,🆕新倉暴量,HOLD,3
AMD,2026-09-18,550.0,2.09,5827,2688,52.393054199218746,12,477.57,🚀點火(3.8x),HOLD,3
SMCI,2026-09-11,36.0,3.86,2695,2667,69.5315546875,5,39.59,🆕新倉暴量,HOLD,3
HOOD,2026-09-11,120.0,5.2,4663,2512,59.936924072265626,5,122.11,🆕新倉暴量,HOLD,3
TSLA,2026-11-20,400.0,14.09,7818,2506,46.55509988403321,75,354.08,🆕新倉暴量,HOLD,3
MRNA,2026-09-18,170.0,1.65,7694,2455,75.26880200195312,12,145.55,🆕新倉暴量,HOLD,3
MRNA,2026-09-18,160.0,3.1,1960,2352,71.75321215820311,12,145.55,🆕新倉暴量,HOLD,3
NFLX,2026-10-16,82.5,2.26,7362,2331,37.31752136230468,40,78.25,🆕新倉暴量,HOLD,3
AMZN,2026-10-16,350.0,0.06,2182,2312,37.500625,40,258.51,🆕新倉暴量 🚬菸屁股 ⚠️尾段價外(35%),BUY_WATCH,3
IREN,2026-09-11,40.0,5.02,4093,2271,78.51583984375,5,44.68,🆕新倉暴量,HOLD,3
ASTS,2026-10-16,70.0,3.7,6968,2251,77.0510107421875,40,62.31,🆕新倉暴量,HOLD,3
AMZN,2026-09-18,300.0,0.1,35837,2213,35.44986425781249,12,258.51,🚬菸屁股 🔥萬人塚,HOLD,3
HOOD,2026-09-18,125.0,4.68,6021,2197,62.817754638671886,12,122.11,🆕新倉暴量,HOLD,3
MU,2026-09-18,1250.0,3.14,2379,2145,64.66099792480469,12,1016.59,🆕新倉暴量,HOLD,3
SMCI,2026-10-16,50.0,1.17,7288,2115,76.51390673828125,40,39.59,🚀點火(3.2x),HOLD,3
NVDA,2026-09-18,265.0,0.17,51226,2088,37.305314453125,12,230.36,🚬菸屁股 🔥萬人塚,HOLD,3
INTC,2026-09-18,120.0,0.33,36581,2083,70.117486328125,12,95.8,🚬菸屁股 🔥萬人塚,HOLD,3
DELL,2026-09-18,600.0,4.4,7671,2083,61.04775280761721,12,524.14,🆕新倉暴量,HOLD,3
IBIT,2026-10-16,60.0,0.19,30096,2048,50.879397460937504,40,45.23,🚬菸屁股 🔥萬人塚,HOLD,3
NFLX,2026-09-18,100.0,0.02,56152,2000,52.3442265625,12,78.25,🚬菸屁股 🔥萬人塚,HOLD,3
SMCI,2026-09-18,41.0,1.59,5831,1995,71.04521142578125,12,39.59,🚀點火(3.7x),HOLD,3
IONQ,2026-09-11,40.0,1.45,2334,1970,76.2697685546875,5,39.52,🆕新倉暴量,HOLD,3
SMCI,2026-09-11,37.0,3.13,2078,1906,68.65265722656251,5,39.59,🆕新倉暴量,HOLD,3
PATH,2026-11-20,16.0,1.42,5197,1866,64.1605146484375,75,15.19,🆕新倉暴量,HOLD,3
SMCI,2026-09-18,42.5,1.15,1660,1831,71.3870048828125,12,39.59,🚀點火(11.5x),HOLD,3
CRWV,2026-10-16,105.0,4.4,3533,1818,79.51680639648437,40,89.36,🆕新倉暴量,HOLD,3
SMCI,2027-01-15,47.0,5.12,1669,1801,79.37032348632812,131,39.59,🆕新倉暴量,HOLD,3
RKLB,2026-10-16,70.0,3.83,6157,1797,69.04327832031252,40,64.26,🆕新倉暴量,HOLD,3
SMCI,2026-09-18,41.5,1.43,1622,1655,71.82645361328125,12,39.59,🚀點火(13.7x),HOLD,3
NFLX,2026-11-20,82.5,4.2,6813,1644,41.77304321289062,75,78.25,🆕新倉暴量,HOLD,3
IREN,2027-01-15,75.0,3.56,7544,1641,98.53517089843751,131,44.68,🆕新倉暴量,HOLD,3
MRNA,2026-09-11,152.5,2.7,1706,1620,64.8441015625,5,145.55,🆕新倉暴量,HOLD,3
MU,2026-09-18,1300.0,1.79,7423,1590,66.63851721191409,12,1016.59,🆕新倉暴量,HOLD,3
IREN,2026-09-11,42.0,3.5,3120,1580,76.562734375,5,44.68,🆕新倉暴量,HOLD,3
VST,2026-09-11,147.0,4.53,1350,1527,41.8951123046875,5,149.3,🆕新倉暴量,HOLD,3
IREN,2026-09-18,43.0,3.7,1367,1490,79.0041162109375,12,44.68,🆕新倉暴量,HOLD,3
RDDT,2026-09-11,165.0,1.19,2505,1489,53.613745117187506,5,154.46,🆕新倉暴量,HOLD,3
BA,2026-09-18,220.0,2.04,6007,1485,30.02999658203125,12,212.25,🆕新倉暴量,HOLD,3
NFLX,2026-10-16,87.5,1.1,1561,1438,37.64710791015625,40,78.25,🆕新倉暴量,HOLD,3
CRWV,2026-09-18,92.5,3.65,1861,1415,72.82742016601563,12,89.36,🆕新倉暴量,HOLD,3
RKLB,2026-09-18,70.0,1.25,3583,1384,63.72106591796876,12,64.26,🆕新倉暴量,HOLD,3
MRNA,2026-09-11,146.0,5.0,1673,1366,67.96907031250001,5,145.55,🆕新倉暴量,HOLD,3
OKLO,2026-10-16,50.0,1.7,6314,1358,79.12618530273438,40,41.27,🆕新倉暴量,HOLD,3
MRNA,2026-10-16,175.0,5.25,1177,1222,76.85570019531252,40,145.55,🆕新倉暴量,HOLD,3
INTC,2026-09-18,135.0,0.08,31867,1210,80.07832421875,12,95.8,🚬菸屁股 🔥萬人塚,HOLD,3
SOFI,2027-01-15,25.0,0.82,102335,1206,59.81485498046876,131,18.22,🚬菸屁股 🔥萬人塚,HOLD,3
IONQ,2026-09-18,40.0,2.11,5088,1203,75.2932158203125,12,39.52,🆕新倉暴量,HOLD,3
RKLB,2026-10-16,80.0,1.8,4118,1181,71.60672924804688,40,64.26,🆕新倉暴量,HOLD,3
CRWV,2026-09-11,91.0,2.64,1225,1153,69.14093359375,5,89.36,🆕新倉暴量,HOLD,3
RDDT,2026-09-11,155.0,4.15,1047,1121,51.07470800781251,5,154.46,🆕新倉暴量,HOLD,3
ONDS,2026-09-18,10.0,0.02,61291,1120,81.2501875,12,7.62,🚬菸屁股 🔥萬人塚,HOLD,3
RDDT,2026-09-18,160.0,4.65,4970,1107,57.22699023437501,12,154.46,🆕新倉暴量,HOLD,3
PCG,2026-10-16,20.0,0.2,71868,1100,74.2190078125,40,14.3,🚬菸屁股 🔥萬人塚,HOLD,3
SMCI,2026-09-18,36.5,3.85,1275,1098,71.87528125,12,39.59,🆕新倉暴量,HOLD,3
VST,2026-09-18,150.0,4.65,3796,1062,44.42194250488281,12,149.3,🆕新倉暴量,HOLD,3
SMCI,2026-10-16,45.0,2.1,1405,1060,74.804939453125,40,39.59,🆕新倉暴量,HOLD,3
RKLB,2026-12-18,80.0,5.55,4313,1043,77.02659692382812,103,64.26,🆕新倉暴量,HOLD,3
UPST,2026-09-18,27.5,1.53,3677,1006,62.793340820312515,12,28.05,🆕新倉暴量,HOLD,3
SMCI,2026-11-20,42.0,4.94,863,1000,81.12811840820311,75,39.59,🆕新倉暴量,HOLD,3
CRWV,2026-09-18,105.0,1.11,5294,969,78.12521875,12,89.36,🚀點火(4.2x),HOLD,3
NFLX,2026-09-18,78.0,2.1,3926,969,32.64227514648437,12,78.25,🆕新倉暴量,HOLD,3
AMZN,2026-09-18,262.5,4.14,1555,967,29.66378930664062,12,258.51,🆕新倉暴量,HOLD,3
BA,2026-09-18,215.0,3.6,3087,953,29.99337585449219,12,212.25,🆕新倉暴量,HOLD,3
HOOD,2026-10-16,135.0,5.95,2383,934,64.62437719726562,40,122.11,🆕新倉暴量,HOLD,3
ACHR,2027-01-15,7.0,0.65,60163,914,79.49239257812499,131,5.71,🚬菸屁股 🔥萬人塚,HOLD,3
OPEN,2028-01-21,5.0,0.97,37917,909,100.9770576171875,502,3.15,🔭LEAPS 🔥萬人塚,HOLD,3
ONDS,2026-09-18,13.0,0.01,58762,897,134.37532812499998,12,7.62,🚬菸屁股 🔥萬人塚,HOLD,3
PCG,2026-09-18,18.0,0.07,81249,888,85.54701953125,12,14.3,🚬菸屁股 🔥萬人塚,HOLD,3
HOOD,2026-09-11,121.0,4.65,1384,856,59.52188916015625,5,122.11,🆕新倉暴量,HOLD,3
IREN,2026-09-18,65.0,0.12,32176,855,99.60937890625,12,44.68,🚬菸屁股 🔥萬人塚,HOLD,3
ASTS,2026-09-18,62.0,3.6,778,845,72.51004052734375,12,62.31,🆕新倉暴量,HOLD,3
CRWV,2026-11-20,150.0,2.19,1442,829,89.88047229003907,75,89.36,🆕新倉暴量,HOLD,3
CRWV,2026-09-18,97.5,2.27,1400,799,74.7072841796875,12,89.36,🆕新倉暴量,HOLD,3
CRWV,2026-09-11,86.0,5.24,1429,787,68.7503125,5,89.36,🆕新倉暴量,HOLD,3
ASTS,2026-09-18,65.0,2.35,3325,767,70.8010732421875,12,62.31,🆕新倉暴量,HOLD,3
SMCI,2026-09-11,38.5,2.12,1362,763,67.773759765625,5,39.59,🆕新倉暴量,HOLD,3
MRNA,2026-09-11,160.0,1.33,999,743,70.70341796875,5,145.55,🆕新倉暴量,HOLD,3
ONDS,2027-01-15,10.0,0.86,50741,734,86.62122753906249,131,7.62,🚬菸屁股 🔥萬人塚,HOLD,3
SMCI,2026-09-18,40.5,1.81,995,719,71.679970703125,12,39.59,🆕新倉暴量,HOLD,3
BA,2026-09-11,210.0,4.25,770,715,27.88158056640625,5,212.25,🆕新倉暴量,HOLD,3
UPST,2026-10-16,25.0,4.15,2262,707,68.60382958984376,40,28.05,🆕新倉暴量,HOLD,3
CRWV,2026-09-18,92.0,3.95,976,689,73.29128271484375,12,89.36,🆕新倉暴量,HOLD,3
OKLO,2026-10-16,40.0,4.9,2630,683,74.92700854492188,40,41.27,🆕新倉暴量,HOLD,3
NFLX,2026-12-18,82.0,5.2,2570,673,40.711042114257815,103,78.25,🆕新倉暴量,HOLD,3
HOOD,2026-09-11,129.0,1.69,2676,665,61.328511718750015,5,122.11,🆕新倉暴量,HOLD,3
PATH,2026-11-20,17.0,1.1,1345,657,66.21127539062502,75,15.19,🆕新倉暴量,HOLD,3
HIMS,2026-11-20,30.0,3.18,1225,653,81.32342895507811,75,27.71,🆕新倉暴量,HOLD,3
ASTS,2026-10-16,65.0,5.34,2756,639,76.92894165039064,40,62.31,🆕新倉暴量,HOLD,3
RDDT,2026-09-11,160.0,2.25,1555,625,53.27195166015625,5,154.46,🆕新倉暴量,HOLD,3
MU,2026-09-18,1400.0,0.71,2349,624,72.31472998046875,12,1016.59,🆕新倉暴量 🚬菸屁股 ⚠️尾段價外(38%),BUY_WATCH,3
SOFI,2026-09-18,25.0,0.03,37190,619,78.9064609375,12,18.22,🚬菸屁股 🔥萬人塚,HOLD,3
NFLX,2026-09-18,102.0,0.03,1272,614,57.0316796875,12,78.25,🆕新倉暴量 🚬菸屁股 ⚠️尾段價外(30%),BUY_WATCH,3
IBIT,2026-10-16,54.0,0.44,38148,606,44.482977050781244,40,45.23,🚬菸屁股 🔥萬人塚,HOLD,3
RKLB,2026-10-16,65.0,5.63,2266,606,68.89679541015626,40,64.26,🆕新倉暴量,HOLD,3
PATH,2026-11-20,15.0,1.83,863,588,62.69568554687501,75,15.19,🆕新倉暴量,HOLD,3
NVDA,2028-01-21,300.0,25.47,96125,583,43.529312271118165,502,230.36,🔭LEAPS 🔥萬人塚,HOLD,3
SOFI,2026-09-11,17.0,1.3,1603,576,50.7817421875,5,18.22,🆕新倉暴量,HOLD,3
HOOD,2026-09-11,127.0,2.18,2032,575,60.88906298828126,5,122.11,🆕新倉暴量,HOLD,3
CRWV,2026-09-18,87.5,6.0,952,570,72.29031616210936,12,89.36,🆕新倉暴量,HOLD,3
GOOG,2026-09-18,430.0,0.05,9448,559,51.17236328125,12,335.31,🚀點火(5.7x) 🚬菸屁股 ⚠️尾段價外(28%),BUY_WATCH,3
NFLX,2026-12-18,81.0,5.67,1806,559,41.10166320800781,103,78.25,🆕新倉暴量,HOLD,3
OKLO,2026-11-20,45.0,4.75,2289,547,81.05487695312499,75,41.27,🆕新倉暴量,HOLD,3
IREN,2026-09-11,41.5,3.9,781,546,77.3439765625,5,44.68,🆕新倉暴量,HOLD,3
RDDT,2026-10-16,180.0,4.49,832,534,60.596097167968765,40,154.46,🆕新倉暴量,HOLD,3
AMZN,2027-02-19,350.0,4.17,1612,533,38.11707391357422,166,258.51,🆕新倉暴量,HOLD,3
BRZE,2026-10-16,35.0,2.25,1840,523,79.0041162109375,40,31.96,🆕新倉暴量,HOLD,3
PATH,2026-12-18,15.0,2.51,1284,489,73.19362744140624,103,15.19,🆕新倉暴量,HOLD,3
OPEN,2027-01-15,5.0,0.25,30900,484,95.11723632812499,131,3.15,🚬菸屁股 🔥萬人塚,HOLD,3
SMCI,2026-10-16,55.0,0.65,1100,482,77.97873583984375,40,39.59,🚀點火(4.3x) 🚬菸屁股 ⚠️尾段價外(39%),BUY_WATCH,3
OKLO,2026-09-18,40.0,2.84,1851,465,69.72686523437501,12,41.27,🆕新倉暴量,HOLD,3
BA,2026-10-16,235.0,1.97,1604,465,30.86006640625,40,212.25,🆕新倉暴量,HOLD,3
NVDA,2028-01-21,250.0,40.8,37533,462,45.22454678344727,502,230.36,🔭LEAPS 🔥萬人塚,HOLD,3
SMCI,2026-09-18,39.5,2.29,764,459,70.117486328125,12,39.59,🆕新倉暴量,HOLD,3
OKLO,2026-12-18,45.0,5.75,1833,448,81.88494677734374,103,41.27,🆕新倉暴量,HOLD,3
AMZN,2026-09-18,345.0,0.01,1030,443,48.438015625000006,12,258.51,🆕新倉暴量 🚬菸屁股 ⚠️尾段價外(33%),BUY_WATCH,3
ZM,2026-10-16,105.0,4.55,933,435,47.86429089355468,40,101.33,🆕新倉暴量,HOLD,3
IBIT,2026-09-18,55.0,0.07,35821,428,53.906710937500016,12,45.23,🚬菸屁股 🔥萬人塚,HOLD,3
UUUU,2026-10-16,20.0,0.18,1574,428,73.633076171875,40,14.47,🚀點火(3.3x) 🚬菸屁股 ⚠️尾段價外(38%),BUY_WATCH,3
WMT,2026-09-11,106.0,1.79,1778,419,20.117986328125,5,107.14,🆕新倉暴量,HOLD,3
SOFI,2027-01-15,30.0,0.37,77935,414,62.59803027343751,131,18.22,🚬菸屁股 🔥萬人塚,HOLD,3
APP,2026-09-11,350.0,1.15,821,406,51.44091528320311,5,320.56,🆕新倉暴量,HOLD,3
WMT,2026-09-11,105.0,2.5,932,402,23.633576171875,5,107.14,🆕新倉暴量,HOLD,3
WMT,2026-09-18,106.0,2.45,1766,401,23.1452998046875,12,107.14,🆕新倉暴量,HOLD,3
OPEN,2027-01-15,7.0,0.12,49685,387,99.2187578125,131,3.15,🚬菸屁股 🔥萬人塚,HOLD,3
ONDS,2028-01-21,30.0,0.79,76995,380,94.14068359375,502,7.62,🔭LEAPS 🔥萬人塚,HOLD,3
ONDS,2027-01-15,15.0,0.32,54432,375,91.79695703125,131,7.62,🚬菸屁股 🔥萬人塚,HOLD,3
ACHR,2027-01-15,10.0,0.24,51506,374,85.54701953125,131,5.71,🚬菸屁股 🔥萬人塚,HOLD,3
OPEN,2028-01-21,20.0,3.25,37480,327,25.00075,502,3.15,🔭LEAPS 🔥萬人塚,HOLD,3
TSLA,2026-09-18,990.0,0.01,43086,314,143.75028125,12,354.08,🚬菸屁股 🔥萬人塚,HOLD,3
BBAI,2027-01-15,5.0,0.16,34698,313,90.62509374999999,131,2.92,🚬菸屁股 🔥萬人塚,HOLD,3
NVDA,2026-09-18,290.0,0.05,7121,304,47.26615234375,12,230.36,🚀點火(11.3x) 🚬菸屁股 ⚠️尾段價外(26%),BUY_WATCH,3
SOUN,2027-01-15,10.0,0.45,35833,219,80.07832421875,131,6.74,🚬菸屁股 🔥萬人塚,HOLD,3
TSLA,2027-01-15,960.0,0.54,111399,212,67.50520776367189,131,354.08,🚬菸屁股 🔥萬人塚,HOLD,3
OPEN,2027-01-15,10.0,0.07,36867,202,111.71919140624999,131,3.15,🚬菸屁股 🔥萬人塚,HOLD,3
IBIT,2028-06-16,100.0,3.48,32193,165,56.055126953125,649,45.23,🔭LEAPS 🔥萬人塚,HOLD,3
BBAI,2027-01-15,10.0,0.05,74057,164,110.9379453125,131,2.92,🚬菸屁股 🔥萬人塚,HOLD,3
SOFI,2027-01-15,35.0,0.2,31458,149,65.62534375000001,131,18.22,🚬菸屁股 🔥萬人塚,HOLD,3
PLUG,2027-01-15,3.0,0.2,46825,147,82.81267187499999,131,2.17,🚬菸屁股 🔥萬人塚,HOLD,3
INTC,2027-01-15,210.0,1.1,6974,144,76.09887182617189,131,95.8,🚀點火(3.1x),HOLD,3
PLUG,2027-01-15,5.0,0.05,34446,131,95.312546875,131,2.17,🚬菸屁股 🔥萬人塚,HOLD,3
IBIT,2026-11-20,57.0,0.72,36795,130,46.16753051757813,75,45.23,🚬菸屁股 🔥萬人塚,HOLD,3
BBAI,2026-09-18,4.0,0.01,36247,128,98.437515625,12,2.92,🚬菸屁股 🔥萬人塚,HOLD,3
ONDS,2027-01-15,20.0,0.13,38996,127,94.92192578125,131,7.62,🚬菸屁股 🔥萬人塚,HOLD,3
PCG,2026-09-18,20.0,0.03,121281,126,91.4063359375,12,14.3,🚬菸屁股 🔥萬人塚,HOLD,3
OPEN,2028-01-21,10.0,0.55,44963,124,102.53954980468751,502,3.15,🔭LEAPS 🔥萬人塚,HOLD,3
VRT,2026-09-18,380.0,0.05,1093,118,58.984785156250005,12,280.53,🚀點火(4.7x) 🚬菸屁股 ⚠️尾段價外(35%),BUY_WATCH,3
IREN,2028-01-21,110.0,8.7,52808,100,95.22099505615233,502,44.68,🔭LEAPS 🔥萬人塚,HOLD,3
PCG,2026-09-18,27.0,0.02,44929,100,131.25034374999998,12,14.3,🚬菸屁股 🔥萬人塚,HOLD,3
OPEN,2028-01-21,7.0,0.71,31180,99,102.53954980468751,502,3.15,🔭LEAPS 🔥萬人塚,HOLD,3
PLUG,2027-01-15,2.5,0.3,60920,95,82.0314296875,131,2.17,🚬菸屁股 🔥萬人塚,HOLD,3
IBIT,2027-01-15,100.0,0.15,42466,77,61.914443359375014,131,45.23,🚬菸屁股 🔥萬人塚,HOLD,3
SOFI,2026-09-18,32.0,0.01,55049,75,106.25046875000001,12,18.22,🚬菸屁股 🔥萬人塚,HOLD,3
PCG,2026-09-18,22.0,0.03,79659,59,102.34423828125001,12,14.3,🚬菸屁股 🔥萬人塚,HOLD,3
PCG,2026-09-18,19.0,0.04,105765,55,86.7188828125,12,14.3,🚬菸屁股 🔥萬人塚,HOLD,3
UUUU,2028-01-21,30.0,2.6,39511,38,84.20425952148437,502,14.47,🔭LEAPS 🔥萬人塚,HOLD,3
ONDS,2027-01-15,30.0,0.05,81297,27,108.984830078125,131,7.62,🚬菸屁股 🔥萬人塚,HOLD,3
SHOP,2026-09-18,175.0,0.23,44525,25,53.71140039062501,12,145.09,🚬菸屁股 🔥萬人塚,HOLD,3
IBIT,2026-09-18,65.0,0.02,33875,22,76.562734375,12,45.23,🚬菸屁股 🔥萬人塚,HOLD,3
DKNG,2026-11-20,37.5,0.2,99518,17,59.766027343750004,75,24.01,🚬菸屁股 🔥萬人塚,HOLD,3
UUUU,2028-01-21,17.0,4.8,37021,16,84.98550170898437,502,14.47,🔭LEAPS 🔥萬人塚,HOLD,3
SHOP,2026-09-18,195.0,0.05,82628,12,60.547269531250016,12,145.09,🆕低基期(前日Vol3) 🚬菸屁股 🔥萬人塚,HOLD,3
PCG,2026-09-18,21.0,0.04,90986,9,96.87503124999999,12,14.3,🚬菸屁股 🔥萬人塚,HOLD,3
PCG,2026-09-18,23.0,0.02,107053,9,110.9379453125,12,14.3,🚬菸屁股 🔥萬人塚,HOLD,3
RUN,2026-09-18,15.0,0.01,30315,9,128.125359375,12,8.89,🚬菸屁股 🔥萬人塚,HOLD,3
PCG,2026-09-18,24.0,0.02,169848,7,115.625421875,12,14.3,🚬菸屁股 🔥萬人塚,HOLD,3
TSLA,2027-01-15,940.0,0.62,93680,5,66.82162084960939,131,354.08,🚬菸屁股 🔥萬人塚,HOLD,3
NFLX,2026-09-18,110.0,0.01,50455,4,62.500375000000005,12,78.25,🚬菸屁股 🔥萬人塚,HOLD,3
NFLX,2027-01-15,266.0,0.04,35142,4,69.5315546875,131,78.25,🚬菸屁股 🔥萬人塚,HOLD,3
PCG,2026-09-18,25.0,0.01,138261,3,121.875390625,12,14.3,🚬菸屁股 🔥萬人塚,HOLD,3
NVDA,2026-09-18,460.0,0.01,32685,1,103.12548437500001,12,230.36,🚬菸屁股 🔥萬人塚,HOLD,3
IBIT,2027-01-15,90.0,0.18,34913,1,58.00823242187501,131,45.23,🚬菸屁股 🔥萬人塚,HOLD,3
NVDA,2026-09-18,250.0,0.72,87596,30609,32.88641333007812,12,230.36,🚬菸屁股 🔥萬人塚 🏛️機構場,HOLD,2
NVDA,2026-10-16,255.0,2.98,20453,19813,34.656415161132806,40,230.36,🆕新倉暴量 🏛️機構場,HOLD,2
INTC,2026-09-18,100.0,2.91,54801,17767,61.841201904296895,12,95.8,🔥萬人塚,HOLD,2
OKLO,2026-10-16,45.0,2.87,53353,12243,77.00218310546876,40,41.27,🔥萬人塚,HOLD,2
INTC,2026-09-18,95.0,4.9,45227,12137,59.91251025390626,12,95.8,🔥萬人塚,HOLD,2
AAPL,2026-09-18,330.0,2.69,29034,11977,26.12378564453125,12,319.97,🆕新倉暴量 🏛️機構場,HOLD,2
NVDA,2026-09-11,227.5,5.35,22216,11307,31.287308227539057,5,230.36,🆕新倉暴量 🏛️機構場,HOLD,2
AAPL,2026-10-16,350.0,2.07,14792,8350,25.214370910644533,40,319.97,🆕新倉暴量 🏛️機構場,HOLD,2
NVDA,2026-09-18,232.5,4.77,7156,6892,32.39813696289062,12,230.36,🆕新倉暴量 🏛️機構場,HOLD,2
NVDA,2026-10-16,265.0,1.73,10772,6020,34.80289807128906,40,230.36,🆕新倉暴量 🏛️機構場,HOLD,2
INTC,2026-10-16,110.0,3.65,75038,5939,65.06382592773438,40,95.8,🔥萬人塚,HOLD,2
AAPL,2026-09-18,350.0,0.35,42600,5741,27.686270019531246,12,319.97,🚬菸屁股 🔥萬人塚 🏛️機構場,HOLD,2
AAPL,2026-09-18,325.0,4.29,19626,5555,26.245854736328127,12,319.97,🆕新倉暴量 🏛️機構場,HOLD,2
IBIT,2026-10-16,48.0,1.43,82957,5367,41.5044912109375,40,45.23,🔥萬人塚,HOLD,2
NVDA,2026-10-16,230.0,11.2,38398,4953,35.712312805175785,40,230.36,🔥萬人塚,HOLD,2
NVDA,2027-01-15,220.0,28.4,41195,4560,42.24606094360352,131,230.36,🔥萬人塚,HOLD,2
IBIT,2026-09-18,45.0,1.45,60310,4377,38.3795224609375,12,45.23,🔥萬人塚,HOLD,2
NVDA,2026-11-20,250.0,9.2,33616,4366,39.69786865234375,75,230.36,🔥萬人塚,HOLD,2
NVDA,2026-09-11,225.0,7.1,13349,4289,31.445998046874994,5,230.36,🆕新倉暴量 🏛️機構場,HOLD,2
NVDA,2027-01-15,300.0,4.1,64531,3950,39.00817828369141,131,230.36,🔥萬人塚,HOLD,2
AAPL,2026-10-16,325.0,8.83,8883,3807,25.983406188964842,40,319.97,🆕新倉暴量 🏛️機構場,HOLD,2
AAPL,2026-10-16,340.0,3.9,15031,3375,25.177750183105463,40,319.97,🆕新倉暴量 🏛️機構場,HOLD,2
GOOG,2026-09-18,350.0,2.32,12348,3271,28.198960205078123,12,335.31,🆕新倉暴量 🏛️機構場,HOLD,2
NVDA,2026-10-16,220.0,17.1,106664,3234,37.36024554443359,40,230.36,🔥萬人塚,HOLD,2
TSLA,2027-01-15,400.0,22.65,34456,2989,46.187366744995124,131,354.08,🔥萬人塚,HOLD,2
NVDA,2026-09-18,210.0,21.14,61708,2836,38.62366064453124,12,230.36,🔥萬人塚,HOLD,2
IBIT,2026-10-16,47.0,1.74,40873,2809,41.18711157226562,40,45.23,🔥萬人塚,HOLD,2
NVDA,2026-12-18,300.0,2.6,38949,2750,38.843385009765626,103,230.36,🔥萬人塚,HOLD,2
NVDA,2026-12-18,220.0,25.45,59016,2737,42.011077941894534,103,230.36,🔥萬人塚,HOLD,2
NVDA,2026-11-20,230.0,17.24,31559,2674,40.88193884277344,75,230.36,🔥萬人塚,HOLD,2
INTC,2026-11-20,110.0,7.2,31127,2592,69.70245141601563,75,95.8,🔥萬人塚,HOLD,2
NVDA,2026-12-18,250.0,11.85,37852,2512,39.33166137695313,103,230.36,🔥萬人塚,HOLD,2
IREN,2027-01-15,110.0,1.45,46991,2120,104.15086987304689,131,44.68,🔥萬人塚,HOLD,2
NVDA,2027-01-15,230.0,22.85,40520,2061,41.17490466308594,131,230.36,🔥萬人塚,HOLD,2
IBIT,2027-01-15,50.0,3.05,54052,2008,44.97125341796875,131,45.23,🔥萬人塚,HOLD,2
NVDA,2027-01-15,250.0,14.35,62067,1899,39.78331701660156,131,230.36,🔥萬人塚,HOLD,2
NFLX,2027-01-15,100.0,1.68,51817,1762,40.00304138183594,131,78.25,🔥萬人塚,HOLD,2
NVDA,2027-01-15,280.0,6.81,36096,1724,39.34386828613281,131,230.36,🔥萬人塚,HOLD,2
NVDA,2027-01-15,240.0,18.2,46293,1430,40.53099020385742,131,230.36,🔥萬人塚,HOLD,2
SOFI,2027-01-15,20.0,1.89,91198,1424,58.74064697265625,131,18.22,🔥萬人塚,HOLD,2
NVDA,2026-09-18,215.0,16.6,30192,1386,36.26772717285156,12,230.36,🔥萬人塚,HOLD,2
SHOP,2026-09-18,160.0,1.2,81051,818,51.514156738281244,12,145.09,🔥萬人塚,HOLD,2
NVDA,2027-01-15,260.0,11.31,50957,782,39.37133383178711,131,230.36,🔥萬人塚,HOLD,2
ORCL,2026-12-18,250.0,3.5,48440,670,66.81551739501954,103,158.78,🔥萬人塚,HOLD,2
IBIT,2026-09-18,40.0,5.35,67096,656,50.7817421875,12,45.23,🔥萬人塚,HOLD,2
NVDA,2026-12-18,280.0,4.85,31523,578,38.69690209960937,103,230.36,🔥萬人塚,HOLD,2
IBIT,2027-01-15,60.0,1.16,49306,576,46.82670361328125,131,45.23,🔥萬人塚,HOLD,2
AAPL,2026-11-20,400.0,0.7,34923,408,27.79613220214844,75,319.97,🚬菸屁股 🔥萬人塚 🏛️機構場,HOLD,2
IBIT,2026-12-18,55.0,1.4,45336,399,45.313046875000005,103,45.23,🔥萬人塚,HOLD,2
SOFI,2027-01-15,15.0,4.38,39402,254,61.37733935546876,131,18.22,🔥萬人塚,HOLD,2
PLTR,2026-12-18,175.0,20.85,52459,208,57.0316796875,103,174.33,🔥萬人塚,HOLD,2
NVDA,2027-01-15,290.0,5.15,38954,207,39.22179919433594,131,230.36,🔥萬人塚,HOLD,2
IBIT,2026-09-18,42.0,3.5,32172,65,42.4810439453125,12,45.23,🔥萬人塚,HOLD,2
MSFT,2026-12-18,675.0,0.99,37435,38,29.968962036132808,103,499.7,🆕低基期(前日Vol2) 🚬菸屁股 🔥萬人塚 🏛️機構場,HOLD,2
INTC,2026-11-20,70.0,27.68,78182,20,72.3635576171875,75,95.8,🔥萬人塚,HOLD,2
SHOP,2026-10-16,135.0,16.3,45913,5,55.74995422363283,40,145.09,🔥萬人塚,HOLD,2
NVDA,2026-09-18,235.0,3.8,42334,20035,32.64227514648437,12,230.36,🔥萬人塚 🏛️機構場,HOLD,1
NVDA,2026-09-18,230.0,5.9,57448,17248,32.91082714843749,12,230.36,🔥萬人塚 🏛️機構場,HOLD,1
NVDA,2026-09-18,245.0,1.28,37352,13915,32.25165405273437,12,230.36,🔥萬人塚 🏛️機構場,HOLD,1
NVDA,2026-10-16,250.0,4.0,69150,13586,34.43669079589844,40,230.36,🔥萬人塚 🏛️機構場,HOLD,1
NVDA,2026-10-16,240.0,6.85,45266,11308,34.76627734375,40,230.36,🔥萬人塚 🏛️機構場,HOLD,1
IBIT,2026-09-18,47.0,0.7,28510,9166,39.20959228515625,12,45.23,🚬菸屁股,HOLD,1
IREN,2026-09-18,50.0,1.17,27770,8680,85.0587431640625,12,44.68,🚀點火(3.2x) ⚠️暴動高IV(85%),HOLD,1
IREN,2026-09-18,45.0,2.75,13514,7856,82.37322314453124,12,44.68,🆕新倉暴量 ⚠️暴動高IV(82%),HOLD,1
IREN,2026-10-16,50.0,3.38,8126,7543,88.476677734375,40,44.68,🆕新倉暴量 ⚠️暴動高IV(88%),HOLD,1
NVDA,2026-09-18,220.0,12.53,46476,7048,34.827311889648435,12,230.36,🔥萬人塚 🏛️機構場,HOLD,1
ORCL,2026-09-11,170.0,5.3,6418,6273,108.10592822265626,5,158.78,🆕新倉暴量 ⚠️暴動高IV(108%),HOLD,1
NVDA,2026-10-16,260.0,2.24,31871,5920,34.74186352539062,40,230.36,🔥萬人塚 🏛️機構場,HOLD,1
ORCL,2026-09-11,175.0,4.0,9063,5513,109.81490405273439,5,158.78,🆕新倉暴量 ⚠️暴動高IV(110%),HOLD,1
TSLA,2026-09-18,450.0,0.39,20973,5492,60.35195898437502,12,354.08,🚬菸屁股,HOLD,1
ORCL,2026-09-18,210.0,1.02,8189,5300,95.6055126953125,12,158.78,🆕新倉暴量 ⚠️暴動高IV(96%),HOLD,1
ORCL,2026-09-18,180.0,4.05,25833,5269,88.37902246093749,12,158.78,🆕新倉暴量 ⚠️暴動高IV(88%),HOLD,1
IBIT,2026-10-16,55.0,0.36,22595,4440,45.654840332031256,40,45.23,🚬菸屁股,HOLD,1
NVDA,2026-09-18,225.0,8.8,46321,4319,33.692069335937504,12,230.36,🔥萬人塚 🏛️機構場,HOLD,1
TSLA,2026-09-18,420.0,0.66,16681,4307,50.586431640624994,12,354.08,🚬菸屁股,HOLD,1
BE,2026-09-18,300.0,5.95,4557,4222,101.51416430664062,12,252.87,🆕新倉暴量 ⚠️暴動高IV(102%),HOLD,1
MSTR,2026-09-18,200.0,0.55,16112,4110,99.023447265625,12,142.8,🚬菸屁股,HOLD,1
IREN,2026-09-18,60.0,0.23,14671,3656,93.55475195312499,12,44.68,🚬菸屁股,HOLD,1
PLTR,2026-09-18,200.0,0.54,18862,3090,47.97415307617187,12,174.33,🚬菸屁股,HOLD,1
WMT,2026-10-16,115.0,0.9,13241,3088,23.511507080078125,40,107.14,🚬菸屁股,HOLD,1
SOFI,2026-10-16,20.0,0.61,27025,3043,51.07470800781251,40,18.22,🚬菸屁股,HOLD,1
BRZE,2028-01-21,50.0,6.78,3002,3000,61.43837390136719,502,31.96,🔭LEAPS,HOLD,1
ORCL,2026-09-11,180.0,3.05,3701,2944,111.2797404785156,5,158.78,🆕新倉暴量 ⚠️暴動高IV(111%),HOLD,1
ORCL,2026-09-11,200.0,1.04,7016,2931,117.67619287109375,5,158.78,🆕新倉暴量 ⚠️暴動高IV(118%),HOLD,1
TSLA,2026-09-18,410.0,0.89,6718,2853,47.730014892578126,12,354.08,🚬菸屁股,HOLD,1
SOFI,2026-09-18,18.5,0.55,2517,2831,48.242705078125006,12,18.22,🚬菸屁股,HOLD,1
IBIT,2026-09-11,50.0,0.07,18704,2796,45.313046875000005,5,45.23,🚬菸屁股,HOLD,1
ONDS,2026-12-18,26.0,0.13,2260,2617,108.59420703125,103,7.62,🚬菸屁股,HOLD,1
WMT,2026-09-18,110.0,0.74,17042,2569,22.071091796875,12,107.14,🚬菸屁股,HOLD,1
SOFI,2026-09-18,18.0,0.8,16845,2486,48.438015625000006,12,18.22,🚬菸屁股,HOLD,1
ONDS,2026-10-16,10.0,0.19,11564,2375,76.17211328125,40,7.62,🚬菸屁股,HOLD,1
SOFI,2026-09-18,20.5,0.13,4107,2314,52.734847656250004,12,18.22,🚬菸屁股,HOLD,1
IBIT,2026-09-11,48.5,0.12,6867,2122,41.01621484375,5,45.23,🚬菸屁股,HOLD,1
IBIT,2026-12-18,70.0,0.33,12678,2096,50.586431640624994,103,45.23,🚬菸屁股,HOLD,1
AAPL,2026-10-16,360.0,1.07,80416,2080,25.23268127441406,40,319.97,🔥萬人塚 🏛️機構場,HOLD,1
SOUN,2026-10-16,8.0,0.22,12977,2065,66.01596484375001,40,6.74,🚬菸屁股,HOLD,1
NFLX,2026-10-16,100.0,0.2,21296,2026,41.699801757812494,40,78.25,🚬菸屁股,HOLD,1
NBIS,2026-09-18,270.0,3.25,3393,1863,86.27943408203124,12,226.39,🆕新倉暴量 ⚠️暴動高IV(86%),HOLD,1
NBIS,2026-09-18,300.0,1.23,4083,1819,92.6758544921875,12,226.39,🚀點火(5.6x) ⚠️暴動高IV(93%),HOLD,1
PATH,2026-09-18,20.0,0.04,6641,1792,78.9064609375,12,15.19,🚬菸屁股,HOLD,1
OPEN,2026-10-16,4.0,0.09,8348,1712,76.95335546875,40,3.15,🚬菸屁股,HOLD,1
TSLA,2026-10-16,500.0,0.79,7003,1698,52.905744384765626,40,354.08,🚬菸屁股,HOLD,1
ONDS,2026-09-18,9.0,0.07,22311,1685,72.6565234375,12,7.62,🚬菸屁股,HOLD,1
SOFI,2026-09-18,30.0,0.01,23067,1612,103.12548437500001,12,18.22,🚀點火(8.4x) 🚬菸屁股 ⚠️尾段價外(65%) ⚠️暴動高IV(103%),BUY_WATCH,1
CRWV,2026-10-16,155.0,0.38,8394,1612,89.55088574218748,40,89.36,🚀點火(2.7x) 🚬菸屁股 ⚠️尾段價外(73%) ⚠️暴動高IV(90%),BUY_WATCH,1
NVDA,2026-09-18,270.0,0.14,27054,1578,39.404902832031254,12,230.36,🚬菸屁股,HOLD,1
HOOD,2026-09-18,200.0,0.03,10823,1568,92.9688203125,12,122.11,🚬菸屁股,HOLD,1
OPEN,2026-09-18,3.5,0.04,3368,1532,63.281617187500004,12,3.15,🚬菸屁股,HOLD,1
NVDA,2026-10-16,280.0,0.72,17446,1515,36.06020971679687,40,230.36,🚬菸屁股,HOLD,1
IREN,2026-10-16,60.0,1.47,7264,1504,91.6993017578125,40,44.68,🚀點火(2.8x) ⚠️暴動高IV(92%),HOLD,1
NVDA,2026-10-16,275.0,0.93,7581,1496,35.77945080566406,40,230.36,🚬菸屁股,HOLD,1
MRNA,2026-09-18,260.0,0.05,1619,1484,116.01604492187501,12,145.55,🆕新倉暴量 🚬菸屁股 ⚠️尾段價外(79%) ⚠️暴動高IV(116%),BUY_WATCH,1
ONDS,2026-09-18,8.0,0.25,10869,1471,67.57844921875001,12,7.62,🚬菸屁股,HOLD,1
IREN,2026-09-18,47.0,1.95,2854,1467,83.83805224609374,12,44.68,🚀點火(2.9x) ⚠️暴動高IV(84%),HOLD,1
ORCL,2026-09-11,185.0,2.34,4978,1432,113.13519995117187,5,158.78,🆕新倉暴量 ⚠️暴動高IV(113%),HOLD,1
TSLA,2026-09-18,425.0,0.59,8392,1397,52.246571289062494,12,354.08,🚬菸屁股,HOLD,1
SOFI,2026-12-18,30.0,0.26,24220,1394,63.7698935546875,103,18.22,🚬菸屁股,HOLD,1
NVDA,2026-10-16,300.0,0.27,13485,1393,38.62366064453124,40,230.36,🚬菸屁股,HOLD,1
PATH,2026-10-16,20.0,0.18,1204,1384,65.03941210937501,40,15.19,🚬菸屁股,HOLD,1
SOFI,2026-10-16,19.0,0.92,10716,1358,50.586431640624994,40,18.22,🚬菸屁股,HOLD,1
NVDA,2026-11-20,400.0,0.05,8343,1355,44.14118359375,75,230.36,🚬菸屁股,HOLD,1
SOFI,2026-10-16,21.0,0.41,8541,1355,51.95360546875,40,18.22,🚬菸屁股,HOLD,1
IREN,2026-09-18,48.0,1.65,3072,1343,84.13101806640626,12,44.68,🚀點火(4.0x) ⚠️暴動高IV(84%),HOLD,1
PLTR,2026-09-11,210.0,0.06,5597,1341,58.20354296875,5,174.33,🚬菸屁股,HOLD,1
PLTR,2026-09-11,192.5,0.3,5223,1290,46.289599609375,5,174.33,🚬菸屁股,HOLD,1
SOUN,2026-10-16,9.0,0.12,14977,1289,73.82838671875,40,6.74,🚬菸屁股,HOLD,1
RKLB,2026-10-16,100.0,0.44,8239,1287,79.34590966796875,40,64.26,🚬菸屁股,HOLD,1
SOFI,2026-09-18,19.5,0.25,4865,1239,49.414568359375004,12,18.22,🚬菸屁股,HOLD,1
AMZN,2026-09-18,285.0,0.39,16980,1239,31.714550048828123,12,258.51,🚬菸屁股,HOLD,1
SOFI,2026-09-18,21.0,0.08,17306,1207,53.906710937500016,12,18.22,🚬菸屁股,HOLD,1
PCG,2026-10-16,17.0,0.44,9579,1198,67.38313867187502,40,14.3,🚬菸屁股,HOLD,1
TSLA,2026-09-18,430.0,0.52,5424,1180,53.906710937500016,12,354.08,🚬菸屁股,HOLD,1
PATH,2026-09-18,15.0,0.83,15614,1171,57.32464550781251,12,15.19,🚬菸屁股,HOLD,1
ASTS,2026-10-16,80.0,1.83,4860,1168,80.05391040039062,40,62.31,🆕新倉暴量 ⚠️暴動高IV(80%),HOLD,1
INTC,2026-09-18,115.0,0.56,16699,1164,67.6761044921875,12,95.8,🚬菸屁股,HOLD,1
SOUN,2026-09-18,7.0,0.21,3096,1160,58.20354296875,12,6.74,🚬菸屁股,HOLD,1
IBIT,2026-09-18,51.0,0.15,12744,1145,43.7505625,12,45.23,🚬菸屁股,HOLD,1
INTC,2026-09-18,125.0,0.19,10908,1132,72.26590234375,12,95.8,🚬菸屁股,HOLD,1
BBAI,2026-09-18,3.0,0.11,7129,1131,63.281617187500004,12,2.92,🚬菸屁股,HOLD,1
SMR,2026-09-18,10.0,0.43,8014,1124,71.0940390625,12,9.7,🚬菸屁股,HOLD,1
MU,2026-09-18,1500.0,0.35,7284,1101,78.2228740234375,12,1016.59,🚬菸屁股,HOLD,1
TSLA,2026-09-18,700.0,0.01,7276,1095,112.5004375,12,354.08,🚀點火(10.5x) 🚬菸屁股 ⚠️尾段價外(98%) ⚠️暴動高IV(113%),BUY_WATCH,1
IBIT,2026-09-18,49.0,0.31,8745,1045,41.1138701171875,12,45.23,🚬菸屁股,HOLD,1
ASTS,2026-09-18,125.0,0.03,23183,1035,146.875265625,12,62.31,🚀點火(15.0x) 🚬菸屁股 ⚠️尾段價外(101%) ⚠️暴動高IV(147%),BUY_WATCH,1
NVDA,2026-09-18,360.0,0.01,5625,1029,68.7503125,12,230.36,🚬菸屁股,HOLD,1
IREN,2026-10-16,45.0,5.11,4561,1021,87.37805590820311,40,44.68,🆕新倉暴量 ⚠️暴動高IV(87%),HOLD,1
AMZN,2026-09-18,370.0,0.03,6987,1016,64.062859375,12,258.51,🚬菸屁股,HOLD,1
ASTS,2026-10-16,90.0,0.96,3573,1011,83.789224609375,40,62.31,🆕新倉暴量 🚬菸屁股 ⚠️尾段價外(44%) ⚠️暴動高IV(84%),BUY_WATCH,1
ORCL,2026-09-18,220.0,0.68,9872,1009,98.58399853515625,12,158.78,🚬菸屁股,HOLD,1
WMT,2026-09-18,112.0,0.37,1930,1008,22.3640576171875,12,107.14,🚬菸屁股,HOLD,1
ASTS,2026-10-16,100.0,0.55,7732,990,88.5743330078125,40,62.31,🚀點火(3.2x) 🚬菸屁股 ⚠️尾段價外(60%) ⚠️暴動高IV(89%),BUY_WATCH,1
SOFI,2026-09-11,21.0,0.03,6424,981,58.5941640625,5,18.22,🚬菸屁股,HOLD,1
TSLA,2026-09-18,500.0,0.18,18711,978,74.02369726562499,12,354.08,🚬菸屁股,HOLD,1
ONDS,2026-10-16,12.0,0.06,2705,971,85.937640625,40,7.62,🚀點火(44.1x) 🚬菸屁股 ⚠️尾段價外(57%) ⚠️暴動高IV(86%),BUY_WATCH,1
NFLX,2027-01-15,120.0,0.45,26033,970,42.67635449218751,131,78.25,🚬菸屁股,HOLD,1
NVDA,2026-10-16,350.0,0.04,11732,963,46.0942890625,40,230.36,🚬菸屁股,HOLD,1
SOUN,2026-10-16,7.0,0.47,8045,959,66.40658593750001,40,6.74,🚬菸屁股,HOLD,1
BE,2026-09-18,350.0,1.63,1805,923,107.1049566650391,12,252.87,🆕新倉暴量 ⚠️暴動高IV(107%),HOLD,1
MSFT,2026-10-16,550.0,3.0,54518,905,25.867440551757813,40,499.7,🔥萬人塚 🏛️機構場,HOLD,1
ORCL,2026-09-18,250.0,0.25,14392,902,108.10592822265626,12,158.78,🚬菸屁股,HOLD,1
BBAI,2026-10-16,4.0,0.06,3779,901,81.2501875,40,2.92,🚬菸屁股,HOLD,1
WMT,2026-09-18,115.0,0.14,11604,886,23.975369628906247,12,107.14,🚬菸屁股,HOLD,1
CRWV,2026-09-18,130.0,0.13,7695,872,91.79695703125,12,89.36,🚬菸屁股,HOLD,1
ONDS,2026-09-18,8.5,0.12,3700,870,66.01596484375001,12,7.62,🚬菸屁股,HOLD,1
NFLX,2026-09-11,90.0,0.02,4534,869,46.87553125,5,78.25,🚬菸屁股,HOLD,1
HIMS,2026-09-18,30.0,0.62,3482,864,66.30893066406252,12,27.71,🚬菸屁股,HOLD,1
BEAM,2028-01-21,35.0,8.9,885,850,71.14286669921876,502,29.66,🔭LEAPS,HOLD,1
ACHR,2026-09-18,6.0,0.15,6929,844,57.812921875,12,5.71,🚬菸屁股,HOLD,1
AMZN,2026-09-18,290.0,0.24,23321,843,33.05731005859375,12,258.51,🚬菸屁股,HOLD,1
AAPL,2027-01-15,350.0,10.1,43767,842,27.35973519897461,131,319.97,🔥萬人塚 🏛️機構場,HOLD,1
PLTR,2026-09-18,300.0,0.01,7406,824,89.062609375,12,174.33,🚬菸屁股,HOLD,1
NFLX,2026-11-20,100.0,0.84,10366,821,42.236905761718745,75,78.25,🚬菸屁股,HOLD,1
MSFT,2026-10-16,510.0,12.89,39609,818,26.026130371093746,40,499.7,🔥萬人塚 🏛️機構場,HOLD,1
SMCI,2026-09-18,55.0,0.08,13074,814,87.500125,12,39.59,🚬菸屁股,HOLD,1
IREN,2026-10-16,70.0,0.71,6660,806,97.070341796875,40,44.68,🚬菸屁股,HOLD,1
SOFI,2028-01-21,15.0,6.93,28185,805,67.82258740234376,502,18.22,🔭LEAPS,HOLD,1
CRWV,2026-09-18,120.0,0.27,16628,801,85.6446748046875,12,89.36,🚀點火(7.2x) 🚬菸屁股 ⚠️尾段價外(34%) ⚠️暴動高IV(86%),BUY_WATCH,1
TSLA,2026-09-11,392.5,0.52,6079,795,45.825737060546885,5,354.08,🚬菸屁股,HOLD,1
ACHR,2026-10-16,7.0,0.15,15841,785,69.5315546875,40,5.71,🚬菸屁股,HOLD,1
ASTS,2026-09-18,80.0,0.34,5909,773,83.98453515624999,12,62.31,🚬菸屁股,HOLD,1
RKLB,2026-09-18,80.0,0.24,4901,766,70.70341796875,12,64.26,🚬菸屁股,HOLD,1
BE,2026-09-18,320.0,3.6,2725,761,103.83348864746095,12,252.87,🆕新倉暴量 ⚠️暴動高IV(104%),HOLD,1
ONDS,2026-10-16,9.0,0.33,6492,757,74.60962890625001,40,7.62,🚬菸屁股,HOLD,1
IBIT,2026-12-18,60.0,0.8,27835,732,46.31401342773438,103,45.23,🚬菸屁股,HOLD,1
RUN,2026-10-16,9.0,0.75,1198,728,66.99251757812502,40,8.89,🚬菸屁股,HOLD,1
NBIS,2026-09-11,260.0,1.7,1135,726,85.937640625,5,226.39,🆕新倉暴量 ⚠️暴動高IV(86%),HOLD,1
TSLA,2028-01-21,990.0,8.85,6755,721,55.27083303833008,502,354.08,🔭LEAPS,HOLD,1
ORCL,2026-09-11,195.0,1.35,1672,710,117.43205346679689,5,158.78,🆕新倉暴量 ⚠️暴動高IV(117%),HOLD,1
PLUG,2026-09-18,2.5,0.03,9917,706,78.12521875,12,2.17,🚬菸屁股,HOLD,1
RUN,2026-09-18,11.0,0.02,28171,686,62.500375000000005,12,8.89,🚬菸屁股,HOLD,1
IREN,2026-09-18,70.0,0.07,14414,684,107.81296093750001,12,44.68,🚬菸屁股,HOLD,1
RUN,2026-10-16,11.0,0.25,22015,675,70.50810742187501,40,8.89,🚬菸屁股,HOLD,1
HOOD,2026-09-18,150.0,0.51,8225,671,69.04327832031252,12,122.11,🚬菸屁股,HOLD,1
ZM,2026-09-18,110.0,0.78,7206,659,47.363807617187504,12,101.33,🚬菸屁股,HOLD,1
JOBY,2028-01-21,15.0,0.98,10381,658,80.95722167968748,502,6.74,🔭LEAPS,HOLD,1
TSLA,2026-10-16,900.0,0.04,7799,645,87.10950390625,40,354.08,🚬菸屁股,HOLD,1
SOFI,2026-09-11,25.0,0.01,2440,645,90.62509374999999,5,18.22,🆕新倉暴量 🚬菸屁股 ⚠️尾段價外(37%) ⚠️暴動高IV(91%),BUY_WATCH,1
PATH,2027-01-15,30.0,0.35,22958,634,75.586181640625,131,15.19,🚬菸屁股,HOLD,1
IBIT,2026-11-20,55.0,0.93,7168,633,45.2153916015625,75,45.23,🚬菸屁股,HOLD,1
ONDS,2026-09-18,7.5,0.45,949,625,66.40658593750001,12,7.62,🚬菸屁股,HOLD,1
NFLX,2026-12-18,168.0,0.07,3563,618,57.910577148437504,103,78.25,🚬菸屁股,HOLD,1
IREN,2026-10-16,90.0,0.18,6953,617,106.05515722656251,40,44.68,🚀點火(23.7x) 🚬菸屁股 ⚠️尾段價外(101%) ⚠️暴動高IV(106%),BUY_WATCH,1
SOFI,2026-10-16,22.0,0.28,10646,615,53.12546875,40,18.22,🚬菸屁股,HOLD,1
DKNG,2026-09-18,25.0,0.58,10686,608,52.734847656250004,12,24.01,🚬菸屁股,HOLD,1
MRNA,2026-10-16,260.0,0.75,902,608,97.60744580078125,40,145.55,🆕新倉暴量 🚬菸屁股 ⚠️尾段價外(79%) ⚠️暴動高IV(98%),BUY_WATCH,1
OPEN,2026-09-18,3.0,0.2,2693,599,61.71913281250001,12,3.15,🚬菸屁股,HOLD,1
ORCL,2026-10-16,250.0,0.76,22711,593,75.586181640625,40,158.78,🚬菸屁股,HOLD,1
NFLX,2028-01-21,100.0,9.1,19032,590,44.11066632080078,502,78.25,🔭LEAPS,HOLD,1
PATH,2026-09-18,19.0,0.04,1797,587,76.562734375,12,15.19,🚬菸屁股,HOLD,1
ACHR,2026-10-16,6.0,0.38,10805,578,65.43003320312502,40,5.71,🚬菸屁股,HOLD,1
GOOG,2026-09-18,400.0,0.12,13617,568,40.430283203125,12,335.31,🚬菸屁股,HOLD,1
WMT,2026-10-16,125.0,0.13,8450,568,25.830819824218754,40,107.14,🚬菸屁股,HOLD,1
PLTR,2026-09-18,210.0,0.26,8259,550,51.318846191406244,12,174.33,🚬菸屁股,HOLD,1
SOFI,2026-11-20,23.0,0.62,5296,549,59.91251025390626,75,18.22,🚬菸屁股,HOLD,1
SOFI,2026-11-20,24.0,0.49,5006,546,60.547269531250016,75,18.22,🚬菸屁股,HOLD,1
ONDS,2026-12-18,13.0,0.31,4062,538,87.89074609375,103,7.62,🚬菸屁股,HOLD,1
MU,2026-10-16,2500.0,0.25,3316,537,92.38288867187501,40,1016.59,🚬菸屁股,HOLD,1
MSFT,2026-09-18,800.0,0.01,10606,527,68.7503125,12,499.7,🚬菸屁股,HOLD,1
INTC,2026-09-18,150.0,0.02,21715,524,86.32826171875,12,95.8,🚀點火(9.7x) 🚬菸屁股 ⚠️尾段價外(57%) ⚠️暴動高IV(86%),BUY_WATCH,1
PCG,2026-12-18,21.0,0.49,27572,524,69.92217578125,103,14.3,🚬菸屁股,HOLD,1
INTC,2026-11-20,180.0,0.7,7872,518,78.24728784179689,75,95.8,🆕低基期(前日Vol5) 🚬菸屁股,HOLD,1
SEDG,2027-01-15,110.0,0.89,3145,516,91.8946123046875,131,34.2,🚬菸屁股,HOLD,1
NFLX,2026-12-18,110.0,0.56,7144,515,42.57869921875,103,78.25,🚬菸屁股,HOLD,1
AAPL,2027-01-15,320.0,22.35,36602,512,29.444064941406246,131,319.97,🔥萬人塚 🏛️機構場,HOLD,1
SOUN,2028-01-21,10.0,1.71,8618,512,81.98260205078124,502,6.74,🔭LEAPS,HOLD,1
BBAI,2027-01-15,4.0,0.28,12707,512,85.1563984375,131,2.92,🚬菸屁股,HOLD,1
HOOD,2026-09-18,160.0,0.23,2150,505,72.6565234375,12,122.11,🚬菸屁股,HOLD,1
TSLA,2026-09-11,407.5,0.32,6564,502,53.4184345703125,5,354.08,🚬菸屁股,HOLD,1
AAPL,2027-01-15,600.0,0.02,11628,502,37.0123486328125,131,319.97,🚬菸屁股,HOLD,1
AMD,2026-09-18,600.0,0.49,8950,498,58.20354296875,12,477.57,🚬菸屁股,HOLD,1
SOUN,2026-09-18,7.5,0.08,2401,494,59.375406250000005,12,6.74,🚬菸屁股,HOLD,1
PATH,2026-11-20,19.0,0.63,4815,486,64.25816992187501,75,15.19,🚬菸屁股,HOLD,1
PLUG,2026-09-18,3.0,0.02,15299,480,109.375453125,12,2.17,🚬菸屁股,HOLD,1
NBIS,2026-09-11,300.0,0.23,3631,478,99.2187578125,5,226.39,🚬菸屁股,HOLD,1
SMCI,2026-09-18,46.0,0.48,1936,474,74.5119736328125,12,39.59,🚬菸屁股,HOLD,1
SMR,2026-09-18,11.0,0.16,9866,473,74.2190078125,12,9.7,🚬菸屁股,HOLD,1
SMR,2026-09-18,10.5,0.27,1573,466,72.6565234375,12,9.7,🚬菸屁股,HOLD,1
HIMS,2026-12-18,60.0,0.44,2073,459,93.164130859375,103,27.71,🆕低基期(前日Vol10) 🚬菸屁股,HOLD,1
WMT,2026-09-18,125.0,0.04,12541,459,35.938140624999996,12,107.14,🚬菸屁股,HOLD,1
XYZ,2026-09-18,90.0,0.46,15567,458,39.942006835937505,12,82.76,🚬菸屁股,HOLD,1
NBIS,2026-09-18,290.0,1.66,3083,455,90.86923193359374,12,226.39,🚀點火(4.4x) ⚠️暴動高IV(91%),HOLD,1
IONQ,2026-09-18,50.0,0.27,9527,454,84.76577734374999,12,39.52,🚬菸屁股,HOLD,1
NVDA,2026-09-18,340.0,0.01,6232,446,60.937890625000016,12,230.36,🚬菸屁股,HOLD,1
TSLA,2026-12-18,990.0,0.33,19471,444,72.70535107421875,103,354.08,🚬菸屁股,HOLD,1
ONDS,2028-01-21,10.0,2.65,23362,444,95.21489160156248,502,7.62,🔭LEAPS,HOLD,1
OPEN,2026-09-18,4.0,0.02,17104,443,84.37515624999999,12,3.15,🚬菸屁股,HOLD,1
TSLA,2027-01-15,990.0,0.48,13750,438,68.70148486328127,131,354.08,🚬菸屁股,HOLD,1
TSLA,2028-01-21,500.0,45.25,6483,435,52.27861442565918,502,354.08,🔭LEAPS,HOLD,1
ASTS,2026-09-18,85.0,0.25,5065,434,92.773509765625,12,62.31,🚀點火(2.5x) 🚬菸屁股 ⚠️尾段價外(36%) ⚠️暴動高IV(93%),BUY_WATCH,1
SOUN,2026-10-16,10.0,0.07,16379,430,79.687703125,40,6.74,🚬菸屁股,HOLD,1
ASTS,2026-09-18,75.0,0.6,5137,428,79.9806689453125,12,62.31,🚬菸屁股,HOLD,1
HOOD,2026-09-18,220.0,0.02,923,428,107.03171484375002,12,122.11,🆕新倉暴量 🚬菸屁股 ⚠️尾段價外(80%) ⚠️暴動高IV(107%),BUY_WATCH,1
PCG,2026-12-18,22.0,0.35,8096,428,71.19169433593751,103,14.3,🚬菸屁股,HOLD,1
NVDA,2026-10-16,460.0,0.01,17228,426,59.375406250000005,40,230.36,🆕低基期(前日Vol2) 🚬菸屁股,HOLD,1
UUUU,2026-10-16,24.0,0.05,779,423,82.0314296875,40,14.47,🆕低基期(前日Vol5) 🚬菸屁股,HOLD,1
TSLA,2026-09-18,440.0,0.46,8472,421,57.178162597656254,12,354.08,🚬菸屁股,HOLD,1
AAPL,2026-09-18,400.0,0.02,14379,421,43.35994140625,12,319.97,🚬菸屁股,HOLD,1
AMZN,2026-11-20,350.0,0.94,28832,417,38.892212646484374,75,258.51,🚬菸屁股,HOLD,1
INTC,2026-10-16,150.0,0.36,9884,416,73.1447998046875,40,95.8,🚬菸屁股,HOLD,1
WMT,2026-10-16,120.0,0.39,6060,416,24.75661181640625,40,107.14,🚬菸屁股,HOLD,1
BE,2026-09-18,310.0,4.6,1547,416,102.97900073242188,12,252.87,🆕新倉暴量 ⚠️暴動高IV(103%),HOLD,1
NVDA,2026-09-18,350.0,0.01,26132,407,65.62534375000001,12,230.36,🚬菸屁股,HOLD,1
ONDS,2026-09-18,15.0,0.01,14888,407,137.50031249999998,12,7.62,🆕低基期(前日Vol3) 🚬菸屁股,HOLD,1
NFLX,2026-09-18,88.0,0.12,6234,406,36.817038085937504,12,78.25,🚬菸屁股,HOLD,1
ORCL,2026-09-18,230.0,0.46,7851,402,101.3676806640625,12,158.78,🚬菸屁股,HOLD,1
NNDM,2026-11-20,1.5,0.2,821,402,64.8441015625,75,1.62,🆕低基期(前日Vol1) 🚬菸屁股,HOLD,1
SMCI,2026-09-11,55.0,0.02,1695,401,100.78174609374999,5,39.59,🆕新倉暴量 🚬菸屁股 ⚠️尾段價外(39%) ⚠️暴動高IV(101%),BUY_WATCH,1
NVDA,2028-01-21,230.0,48.92,15071,398,46.114125289917,502,230.36,🔭LEAPS,HOLD,1
RKLB,2026-09-11,71.0,0.32,1291,398,60.058993164062514,5,64.26,🚬菸屁股,HOLD,1
IREN,2026-09-11,55.0,0.14,1739,395,91.79695703125,5,44.68,🚬菸屁股,HOLD,1
PATH,2026-09-11,22.0,0.01,877,394,106.25046875000001,5,15.19,🚬菸屁股,HOLD,1
NFLX,2028-01-21,120.0,5.2,3924,394,43.420975952148446,502,78.25,🔭LEAPS,HOLD,1
SOUN,2026-09-18,8.0,0.04,8605,393,67.96907031250001,12,6.74,🚬菸屁股,HOLD,1
PATH,2028-01-21,30.0,2.3,6552,392,76.78245874023439,502,15.19,🔭LEAPS,HOLD,1
ACHR,2026-10-16,13.0,0.02,3734,390,121.875390625,40,5.71,🚬菸屁股,HOLD,1
NFLX,2026-09-18,91.0,0.03,4573,390,40.23497265625,12,78.25,🚬菸屁股,HOLD,1
NVDA,2026-10-16,290.0,0.44,10467,384,37.402969726562496,40,230.36,🚬菸屁股,HOLD,1
NFLX,2026-11-20,105.0,0.54,15601,383,44.31208032226562,75,78.25,🚬菸屁股,HOLD,1
HIMS,2026-09-11,29.5,0.31,2580,377,59.570716796875004,5,27.71,🚬菸屁股,HOLD,1
OPEN,2026-11-20,8.0,0.05,5441,375,117.1879140625,75,3.15,🚬菸屁股,HOLD,1
ASTS,2026-09-18,90.0,0.15,9815,373,94.92192578125,12,62.31,🚬菸屁股,HOLD,1
SOFI,2026-12-18,25.0,0.6,20326,372,60.49844189453126,103,18.22,🚬菸屁股,HOLD,1
HIMS,2026-09-18,40.0,0.04,11501,367,91.4063359375,12,27.71,🚬菸屁股,HOLD,1
PCG,2027-01-15,22.0,0.5,6926,363,67.18782812500001,131,14.3,🆕低基期(前日Vol16) 🚬菸屁股,HOLD,1
SOFI,2026-09-18,26.0,0.02,2785,362,84.37515624999999,12,18.22,🚬菸屁股,HOLD,1
SOFI,2026-11-20,25.0,0.4,11914,362,61.52382226562501,75,18.22,🚬菸屁股,HOLD,1
ONDS,2026-11-20,8.0,0.99,3367,362,83.007982421875,75,7.62,🚬菸屁股,HOLD,1
IONQ,2026-09-11,55.0,0.04,1088,361,120.70352148437497,5,39.52,🚬菸屁股,HOLD,1
HIMS,2026-09-18,35.0,0.11,5983,354,77.3439765625,12,27.71,🚬菸屁股,HOLD,1
ACHR,2026-09-18,7.0,0.04,21610,354,75.00025000000001,12,5.71,🚬菸屁股,HOLD,1
UUUU,2027-01-15,30.0,0.28,19980,351,79.883013671875,131,14.47,🚬菸屁股,HOLD,1
SMR,2026-09-18,9.5,0.66,1705,349,72.6565234375,12,9.7,🚬菸屁股,HOLD,1
ORCL,2026-09-18,240.0,0.34,6221,347,105.17625537109376,12,158.78,🚬菸屁股,HOLD,1
OKLO,2026-09-18,70.0,0.03,7377,346,109.375453125,12,41.27,🚬菸屁股,HOLD,1
NVDA,2028-01-21,270.0,33.9,8379,345,44.598942687988284,502,230.36,🆕低基期(前日Vol18) 🔭LEAPS,HOLD,1
SMR,2026-10-16,12.0,0.34,1357,344,78.51583984375,40,9.7,🚬菸屁股,HOLD,1
HOOD,2026-09-18,145.0,0.8,2026,342,67.28548339843752,12,122.11,🚬菸屁股,HOLD,1
ORCL,2026-09-18,320.0,0.04,1443,342,144.3362158203125,12,158.78,🚬菸屁股,HOLD,1
BBAI,2026-10-16,3.0,0.24,2199,339,73.437765625,40,2.92,🚬菸屁股,HOLD,1
BBAI,2026-09-11,3.5,0.01,3443,338,93.7500625,5,2.92,🚬菸屁股,HOLD,1
INTC,2026-10-16,135.0,0.92,7921,335,70.14190014648437,40,95.8,🚬菸屁股,HOLD,1
PCG,2026-10-16,18.0,0.35,19130,335,71.0940390625,40,14.3,🚬菸屁股,HOLD,1
PCG,2026-09-18,14.0,0.75,5776,333,51.36767382812499,12,14.3,🚬菸屁股,HOLD,1
NVDA,2026-09-18,310.0,0.03,5471,332,55.078574218750006,12,230.36,🚬菸屁股,HOLD,1
PATH,2026-11-20,20.0,0.48,1209,328,64.8441015625,75,15.19,🚬菸屁股,HOLD,1
AMZN,2026-10-16,310.0,0.7,10663,328,33.21599987792969,40,258.51,🚬菸屁股,HOLD,1
OPEN,2026-11-20,4.0,0.25,14193,327,85.54701953125,75,3.15,🚬菸屁股,HOLD,1
ORCL,2026-10-16,300.0,0.27,4096,326,84.47281152343749,40,158.78,🚬菸屁股,HOLD,1
SMCI,2026-09-18,47.0,0.41,1662,325,75.68383691406251,12,39.59,🆕低基期(前日Vol18) 🚬菸屁股,HOLD,1
ASTS,2026-09-11,80.0,0.07,834,324,89.45323046875,5,62.31,🚬菸屁股,HOLD,1
PLUG,2028-01-21,2.0,0.93,11745,324,87.89074609375,502,2.17,🔭LEAPS,HOLD,1
AMZN,2026-09-18,400.0,0.01,1310,320,67.18782812500001,12,258.51,🚬菸屁股,HOLD,1
NFLX,2027-01-15,140.0,0.16,21749,317,48.291532714843754,131,78.25,🚬菸屁股,HOLD,1
NVDA,2026-12-18,460.0,0.05,11420,316,45.9966337890625,103,230.36,🚬菸屁股,HOLD,1
PCG,2026-10-16,16.0,0.63,5791,316,65.43003320312502,40,14.3,🚬菸屁股,HOLD,1
NFLX,2026-09-18,89.0,0.1,2823,312,38.2818671875,12,78.25,🚬菸屁股,HOLD,1
NFLX,2026-09-18,95.0,0.04,13928,312,45.508357421875004,12,78.25,🚬菸屁股,HOLD,1
WMT,2026-09-11,115.0,0.03,2284,311,26.367923828125,5,107.14,🚬菸屁股,HOLD,1
CRWV,2026-09-18,140.0,0.06,14479,309,98.04689453125,12,89.36,🚬菸屁股,HOLD,1
RKLB,2026-09-18,100.0,0.06,9492,308,99.2187578125,12,64.26,🚬菸屁股,HOLD,1
INTC,2028-01-21,100.0,29.4,13629,307,69.31793377685547,502,95.8,🔭LEAPS,HOLD,1
INTC,2026-09-18,130.0,0.12,19904,306,77.148666015625,12,95.8,🚬菸屁股,HOLD,1
OPEN,2027-01-15,8.0,0.1,3584,306,144.53152734375,131,3.15,🚬菸屁股,HOLD,1
WMT,2026-09-18,120.0,0.06,23655,304,30.86006640625,12,107.14,🚬菸屁股,HOLD,1
NFLX,2028-01-21,245.0,0.48,13770,304,47.31497998046875,502,78.25,🔭LEAPS,HOLD,1
JOBY,2026-09-18,7.0,0.2,1164,302,57.42230078125,12,6.74,🚬菸屁股,HOLD,1
JOBY,2028-01-21,25.0,0.44,3672,301,92.187578125,502,6.74,🆕低基期(前日Vol14) 🔭LEAPS,HOLD,1
TJX,2027-01-15,170.0,0.5,2160,301,26.148199462890627,131,132.08,🚬菸屁股,HOLD,1
BA,2026-09-18,250.0,0.06,8738,301,37.11000390625,12,212.25,🚬菸屁股,HOLD,1
INTC,2026-10-16,140.0,0.65,6962,298,71.92410888671876,40,95.8,🚬菸屁股,HOLD,1
PCG,2026-12-18,19.0,0.64,28399,297,69.2385888671875,103,14.3,🚬菸屁股,HOLD,1
VRT,2026-09-18,350.0,0.32,2058,296,57.66643896484375,12,280.53,🆕低基期(前日Vol6) 🚬菸屁股,HOLD,1
BA,2026-09-11,230.0,0.09,1556,295,29.883513671874994,5,212.25,🚬菸屁股,HOLD,1
PLUG,2028-01-21,1.0,1.34,8611,295,94.5313046875,502,2.17,🔭LEAPS,HOLD,1
HOOD,2026-09-18,165.0,0.16,1570,293,74.60962890625001,12,122.11,🚬菸屁股,HOLD,1
SMR,2026-10-16,10.0,0.82,5246,293,76.95335546875,40,9.7,🚬菸屁股,HOLD,1
ORCL,2026-09-18,300.0,0.08,9047,290,123.43788281249999,12,158.78,🚬菸屁股,HOLD,1
INTC,2026-09-18,140.0,0.04,12820,289,79.687703125,12,95.8,🚬菸屁股,HOLD,1
ONDS,2026-11-20,10.0,0.53,3391,285,87.10950390625,75,7.62,🚬菸屁股,HOLD,1
AFRM,2026-09-18,80.0,0.65,3516,285,51.562984375,12,72.35,🚬菸屁股,HOLD,1
PATH,2026-09-18,25.0,0.01,1281,282,140.625296875,12,15.19,🚬菸屁股,HOLD,1
RDDT,2026-09-11,175.0,0.31,1264,281,57.568783691406246,5,154.46,🚬菸屁股,HOLD,1
MSTR,2028-01-21,700.0,8.32,8588,279,88.97105755615233,502,142.8,🔭LEAPS,HOLD,1
OKLO,2026-09-11,50.0,0.08,1042,275,77.3439765625,5,41.27,🚬菸屁股,HOLD,1
ORCL,2028-01-21,350.0,11.0,1920,275,62.765875274658214,502,158.78,🔭LEAPS,HOLD,1
RDDT,2026-09-18,180.0,0.91,4825,272,61.27968408203126,12,154.46,🚬菸屁股,HOLD,1
MU,2026-09-18,1600.0,0.22,2349,270,85.54701953125,12,1016.59,🚬菸屁股,HOLD,1
RUN,2026-09-18,9.5,0.19,9368,270,60.547269531250016,12,8.89,🚬菸屁股,HOLD,1
JOBY,2026-10-16,8.0,0.2,2442,265,66.01596484375001,40,6.74,🚬菸屁股,HOLD,1
NFLX,2026-11-20,115.0,0.24,5995,265,45.4107021484375,75,78.25,🚬菸屁股,HOLD,1
IREN,2028-01-21,140.0,6.6,9822,263,96.84451397705078,502,44.68,🔭LEAPS,HOLD,1
ONDS,2026-11-20,11.0,0.31,1629,263,88.2813671875,75,7.62,🚬菸屁股,HOLD,1
WMT,2026-09-18,150.0,0.01,6098,263,56.250437500000004,12,107.14,🚬菸屁股,HOLD,1
IBIT,2026-09-18,54.0,0.07,7393,262,50.97705273437501,12,45.23,🚬菸屁股,HOLD,1
HIMS,2026-10-16,35.0,0.72,2767,262,73.1447998046875,40,27.71,🚬菸屁股,HOLD,1
NFLX,2026-12-18,114.0,0.43,1861,259,43.60407958984375,103,78.25,🚬菸屁股,HOLD,1
UUUU,2026-09-11,14.0,0.76,778,259,59.570716796875004,5,14.47,🚬菸屁股,HOLD,1
RKLB,2026-10-16,210.0,0.04,2428,258,143.359658203125,40,64.26,🚀點火(3.4x) 🚬菸屁股 ⚠️尾段價外(227%) ⚠️暴動高IV(143%),BUY_WATCH,1
CRWV,2026-09-18,180.0,0.02,4000,258,121.875390625,12,89.36,🆕低基期(前日Vol19) 🚬菸屁股,HOLD,1
BE,2026-09-18,500.0,0.07,2745,258,125.00037499999999,12,252.87,🚬菸屁股,HOLD,1
NFLX,2027-01-15,110.0,0.84,20283,257,40.62559375,131,78.25,🚬菸屁股,HOLD,1
PATH,2028-01-21,35.0,1.83,1006,255,76.07445800781252,502,15.19,🔭LEAPS,HOLD,1
ONDS,2026-10-16,11.0,0.11,6702,255,82.0314296875,40,7.62,🚀點火(4.3x) 🚬菸屁股 ⚠️尾段價外(44%) ⚠️暴動高IV(82%),BUY_WATCH,1
PCG,2026-09-11,15.0,0.24,5714,254,58.789474609375006,5,14.3,🚬菸屁股,HOLD,1
BA,2026-09-18,235.0,0.29,5225,254,31.836619140624993,12,212.25,🚬菸屁股,HOLD,1
PATH,2026-09-18,22.0,0.02,2294,253,89.062609375,12,15.19,🚬菸屁股,HOLD,1
NVDA,2028-01-21,290.0,28.15,5859,251,44.04810591125488,502,230.36,🆕低基期(前日Vol9) 🔭LEAPS,HOLD,1
SOUN,2027-01-15,8.0,0.8,7817,250,75.586181640625,131,6.74,🚬菸屁股,HOLD,1
NVDA,2026-09-18,330.0,0.01,5721,249,56.250437500000004,12,230.36,🚬菸屁股,HOLD,1
ESTC,2026-09-18,105.0,0.4,1262,249,50.0005,12,91.81,🚬菸屁股,HOLD,1
WMT,2026-09-11,114.0,0.04,1049,248,31.543653320312494,5,107.14,🚬菸屁股,HOLD,1
ONDS,2026-12-18,10.0,0.68,19623,247,85.25405371093751,103,7.62,🚬菸屁股,HOLD,1
WMT,2026-09-18,111.0,0.52,2988,247,22.095505615234373,12,107.14,🚬菸屁股,HOLD,1
AMZN,2026-09-11,285.0,0.06,1248,247,33.98503515625,5,258.51,🚬菸屁股,HOLD,1
SOFI,2028-06-16,40.0,2.28,10607,246,66.11362011718751,649,18.22,🔭LEAPS,HOLD,1
IBIT,2028-01-21,40.0,13.7,6234,245,56.055126953125,502,45.23,🔭LEAPS,HOLD,1
IBIT,2027-01-15,140.0,0.07,29815,242,74.804939453125,131,45.23,🚬菸屁股,HOLD,1
JOBY,2027-01-15,40.0,0.02,5577,242,107.81296093750001,131,6.74,🚬菸屁股,HOLD,1
WMT,2028-01-21,150.0,4.0,5252,241,30.213100219726563,502,107.14,🔭LEAPS,HOLD,1
U,2028-01-21,70.0,6.1,849,240,66.15024084472658,502,41.66,🆕低基期(前日Vol7) 🔭LEAPS,HOLD,1
PCG,2027-01-15,18.0,0.95,16015,239,64.25816992187501,131,14.3,🚬菸屁股,HOLD,1
IREN,2027-01-15,130.0,0.75,1277,238,106.6899196777344,131,44.68,🆕低基期(前日Vol1) 🚬菸屁股,HOLD,1
PATH,2026-11-20,18.0,0.86,2858,235,63.574583007812514,75,15.19,🚬菸屁股,HOLD,1
WMT,2026-09-18,113.0,0.26,835,235,22.315229980468747,12,107.14,🚬菸屁股,HOLD,1
PLTR,2026-09-18,230.0,0.08,6267,234,61.23085644531252,12,174.33,🚬菸屁股,HOLD,1
SOFI,2026-10-16,23.0,0.18,9081,234,54.297332031250015,40,18.22,🚬菸屁股,HOLD,1
PATH,2026-09-11,19.5,0.06,757,234,100.78174609374999,5,15.19,🚬菸屁股,HOLD,1
HIMS,2026-09-18,31.0,0.4,1947,232,68.35969140625001,12,27.71,🚬菸屁股,HOLD,1
IBIT,2026-11-20,60.0,0.48,6167,231,47.461462890625,75,45.23,🚬菸屁股,HOLD,1
RKLB,2027-01-15,185.0,0.58,1049,231,89.50205810546873,131,64.26,🆕低基期(前日Vol4) 🚬菸屁股,HOLD,1
MRNA,2026-09-18,200.0,0.35,2981,231,88.67198828125,12,145.55,🚬菸屁股,HOLD,1
SMCI,2026-09-18,60.0,0.04,15877,230,96.48441015625,12,39.59,🚀點火(5.6x) 🚬菸屁股 ⚠️尾段價外(52%) ⚠️暴動高IV(96%),BUY_WATCH,1
PLTR,2026-09-18,220.0,0.13,12427,229,56.250437500000004,12,174.33,🚬菸屁股,HOLD,1
SMR,2027-01-15,15.0,0.74,15948,229,89.3555751953125,131,9.7,🚬菸屁股,HOLD,1
PLUG,2026-10-16,2.5,0.09,898,229,70.312796875,40,2.17,🚬菸屁股,HOLD,1
UUUU,2026-09-18,15.0,0.51,2096,229,73.437765625,12,14.47,🚬菸屁股,HOLD,1
IBIT,2027-01-15,65.0,0.75,18138,228,48.21829125976563,131,45.23,🚬菸屁股,HOLD,1
HIMS,2026-09-11,35.0,0.03,5861,228,88.2813671875,5,27.71,🚬菸屁股,HOLD,1
ONDS,2026-11-20,9.0,0.71,3312,228,85.35170898437501,75,7.62,🚬菸屁股,HOLD,1
LUNR,2026-09-18,16.0,0.42,1491,228,73.633076171875,12,14.81,🚬菸屁股,HOLD,1
PLUG,2026-12-18,2.0,0.45,1866,227,75.00025000000001,103,2.17,🚬菸屁股,HOLD,1
OPEN,2027-01-15,3.0,0.73,5860,225,87.10950390625,131,3.15,🚬菸屁股,HOLD,1
NFLX,2026-10-16,110.0,0.08,1986,224,47.26615234375,40,78.25,🚬菸屁股,HOLD,1
NFLX,2027-01-15,130.0,0.27,9292,223,45.55718505859375,131,78.25,🚬菸屁股,HOLD,1
HIMS,2026-09-18,32.0,0.31,1637,222,69.72686523437501,12,27.71,🚬菸屁股,HOLD,1
NFLX,2026-12-18,103.0,0.99,1538,222,41.626560302734376,103,78.25,🚬菸屁股,HOLD,1
SMCI,2026-09-18,85.0,0.02,4664,220,142.1877890625,12,39.59,🚬菸屁股,HOLD,1
RKLB,2026-10-16,90.0,0.83,4203,220,75.04907763671875,40,64.26,🚬菸屁股,HOLD,1
TSLA,2026-09-18,480.0,0.24,5686,219,69.2385888671875,12,354.08,🚬菸屁股,HOLD,1
OPEN,2026-10-16,3.0,0.38,1497,219,75.7814921875,40,3.15,🚬菸屁股,HOLD,1
SMCI,2028-01-21,105.0,5.08,8464,217,82.62956823730467,502,39.59,🔭LEAPS,HOLD,1
SOFI,2026-11-20,22.0,0.79,17523,217,59.4730615234375,75,18.22,🚬菸屁股,HOLD,1
SOFI,2026-10-16,25.0,0.1,11161,216,58.00823242187501,40,18.22,🚬菸屁股,HOLD,1
SMR,2026-09-11,9.0,0.78,2759,215,60.937890625000016,5,9.7,🚬菸屁股,HOLD,1
SOFI,2028-01-21,18.0,5.53,10963,214,65.33237792968751,502,18.22,🔭LEAPS,HOLD,1
SOUN,2028-01-21,20.0,0.77,5825,214,86.86536572265625,502,6.74,🔭LEAPS,HOLD,1
APP,2026-09-18,400.0,0.38,1833,213,57.51995605468749,12,320.56,🚬菸屁股,HOLD,1
SOUN,2028-01-21,12.0,1.37,5345,213,85.742330078125,502,6.74,🔭LEAPS,HOLD,1
AMZN,2026-09-18,335.0,0.01,19888,212,49.023947265625004,12,258.51,🚬菸屁股,HOLD,1
DDD,2028-01-21,3.0,1.7,1646,212,102.34423828125001,502,3.46,🔭LEAPS,HOLD,1
UPST,2026-09-18,30.0,0.55,11889,210,64.062859375,12,28.05,🚬菸屁股,HOLD,1
SOFI,2026-09-11,22.0,0.02,4836,209,67.18782812500001,5,18.22,🚬菸屁股,HOLD,1
MU,2026-09-11,1500.0,0.06,1021,209,96.48441015625,5,1016.59,🚬菸屁股,HOLD,1
UUUU,2026-10-16,25.0,0.04,1247,209,79.687703125,40,14.47,🆕低基期(前日Vol2) 🚬菸屁股,HOLD,1
RUN,2027-01-15,12.0,0.7,2068,208,80.27363476562499,131,8.89,🆕低基期(前日Vol18) 🚬菸屁股,HOLD,1
SOFI,2026-09-18,24.0,0.02,4819,207,70.312796875,12,18.22,🚬菸屁股,HOLD,1
NFLX,2026-09-18,105.0,0.01,6439,207,62.500375000000005,12,78.25,🚬菸屁股,HOLD,1
RKLB,2026-09-18,90.0,0.08,4313,205,81.2501875,12,64.26,🚬菸屁股,HOLD,1
TSLA,2026-12-18,950.0,0.32,6051,204,71.43583251953125,103,354.08,🆕低基期(前日Vol13) 🚬菸屁股,HOLD,1
MU,2026-09-18,2000.0,0.05,2295,204,103.12548437500001,12,1016.59,🚬菸屁股,HOLD,1
INTC,2026-10-16,160.0,0.26,7663,203,76.17211328125,40,95.8,🚬菸屁股,HOLD,1
OPEN,2026-11-20,3.0,0.56,3494,203,127.34411328124997,75,3.15,🚬菸屁股,HOLD,1
IREN,2026-11-20,110.0,0.44,7903,202,111.5238798828125,75,44.68,🆕低基期(前日Vol1) 🚬菸屁股,HOLD,1
OKLO,2026-12-18,160.0,0.23,927,201,114.84417578124999,103,41.27,🆕低基期(前日Vol3) 🚬菸屁股,HOLD,1
HOOD,2026-10-16,230.0,0.17,3464,201,79.687703125,40,122.11,🚬菸屁股,HOLD,1
JOBY,2027-01-15,10.0,0.38,26855,201,74.414318359375,131,6.74,🚬菸屁股,HOLD,1
TSLA,2026-12-18,800.0,0.57,10558,200,64.648791015625,103,354.08,🚬菸屁股,HOLD,1
IBIT,2026-09-18,80.0,0.01,11710,200,96.87503124999999,12,45.23,🚬菸屁股,HOLD,1
VST,2026-09-18,250.0,0.03,7141,200,85.937640625,12,149.3,🆕低基期(前日Vol1) 🚬菸屁股,HOLD,1
ACHR,2027-01-15,8.0,0.45,15643,200,80.4689453125,131,5.71,🚬菸屁股,HOLD,1
NVDA,2027-01-15,420.0,0.23,11219,198,42.33456103515625,131,230.36,🚬菸屁股,HOLD,1
SOFI,2026-10-16,24.0,0.14,9550,198,56.44574804687501,40,18.22,🚬菸屁股,HOLD,1
NFLX,2028-01-21,95.0,10.4,4164,197,44.69659796142578,502,78.25,🔭LEAPS,HOLD,1
NFLX,2026-09-18,115.0,0.01,5050,196,77.3439765625,12,78.25,🚬菸屁股,HOLD,1
SMR,2026-09-11,12.0,0.02,1018,195,82.81267187499999,5,9.7,🚬菸屁股,HOLD,1
MNST,2026-12-18,52.5,0.5,1264,195,31.690136230468745,103,43.82,🚬菸屁股,HOLD,1
BA,2026-12-18,300.0,0.5,14566,195,36.57289990234375,103,212.25,🚬菸屁股,HOLD,1
HIMS,2026-09-11,32.0,0.09,2644,194,70.312796875,5,27.71,🚬菸屁股,HOLD,1
HIMS,2026-09-18,29.0,0.84,853,194,64.5511357421875,12,27.71,🚬菸屁股,HOLD,1
HIMS,2026-09-18,33.0,0.21,4876,194,72.46121289062499,12,27.71,🚬菸屁股,HOLD,1
PLUG,2027-01-15,2.0,0.48,25266,194,82.42205078125,131,2.17,🚬菸屁股,HOLD,1
ASTS,2026-09-18,100.0,0.07,12158,193,108.203583984375,12,62.31,🚬菸屁股,HOLD,1
NFLX,2026-09-18,92.0,0.05,1723,193,41.602146484375,12,78.25,🚬菸屁股,HOLD,1
CRWV,2027-01-15,280.0,0.55,18274,192,92.8711650390625,131,89.36,🚬菸屁股,HOLD,1
HOOD,2026-09-18,155.0,0.32,2368,190,71.7776259765625,12,122.11,🚬菸屁股,HOLD,1
ONDS,2028-01-21,12.0,2.22,13994,190,94.14068359375,502,7.62,🔭LEAPS,HOLD,1
SEDG,2026-09-18,40.0,0.48,5454,189,80.1759794921875,12,34.2,🆕低基期(前日Vol11) 🚬菸屁股,HOLD,1
SOUN,2028-01-21,5.0,3.13,9311,188,79.29708203125,502,6.74,🔭LEAPS,HOLD,1
SOFI,2026-12-18,28.0,0.35,10615,187,62.305064453125006,103,18.22,🚬菸屁股,HOLD,1
ACHR,2028-01-21,10.0,1.32,21020,187,87.98840136718749,502,5.71,🔭LEAPS,HOLD,1
OKLO,2028-01-21,70.0,9.56,3712,186,87.62219409179689,502,41.27,🆕低基期(前日Vol3) 🔭LEAPS,HOLD,1
SOFI,2026-09-11,22.5,0.01,827,185,77.3439765625,5,18.22,🚬菸屁股,HOLD,1
PATH,2027-01-15,25.0,0.58,13011,183,75.195560546875,131,15.19,🚬菸屁股,HOLD,1
IREN,2028-01-21,90.0,10.08,9740,182,95.84965087890623,502,44.68,🆕低基期(前日Vol5) 🔭LEAPS,HOLD,1
PATH,2027-01-15,37.0,0.17,4974,182,88.476677734375,131,15.19,🚬菸屁股,HOLD,1
ONDS,2026-09-18,11.0,0.02,20728,182,98.437515625,12,7.62,🚬菸屁股,HOLD,1
LUNR,2026-09-18,18.0,0.13,2756,182,77.3439765625,12,14.81,🚬菸屁股,HOLD,1
JOBY,2028-01-21,8.0,2.1,11366,181,80.95722167968748,502,6.74,🔭LEAPS,HOLD,1
UUUU,2026-09-18,16.0,0.25,1939,181,67.57844921875001,12,14.47,🚬菸屁股,HOLD,1
IBIT,2026-12-18,65.0,0.49,26485,179,48.70656762695313,103,45.23,🚬菸屁股,HOLD,1
WMT,2026-12-18,135.0,0.47,6212,179,28.833719482421866,103,107.14,🚬菸屁股,HOLD,1
OKLO,2026-10-16,60.0,0.68,3745,178,86.132951171875,40,41.27,🚬菸屁股,HOLD,1
RKLB,2026-09-11,80.0,0.05,1580,178,78.9064609375,5,64.26,🚬菸屁股,HOLD,1
NFLX,2026-09-18,112.0,0.01,2437,177,68.7503125,12,78.25,🚬菸屁股,HOLD,1
PLUG,2026-09-18,2.0,0.23,3807,177,67.18782812500001,12,2.17,🚬菸屁股,HOLD,1
ONDS,2026-09-18,14.0,0.01,7132,176,125.00037499999999,12,7.62,🆕低基期(前日Vol9) 🚬菸屁股,HOLD,1
GOOG,2026-09-18,410.0,0.1,6759,174,46.045461425781255,12,335.31,🚬菸屁股,HOLD,1
OPEN,2028-01-21,4.0,1.14,11726,174,106.44578027343752,502,3.15,🔭LEAPS,HOLD,1
VELO,2026-09-18,15.0,0.15,2533,173,112.5004375,12,11.61,🚬菸屁股,HOLD,1
NFLX,2026-12-18,105.0,0.85,4629,172,42.06600903320313,103,78.25,🚬菸屁股,HOLD,1
AMZN,2026-09-18,310.0,0.05,9499,172,41.992767578125,12,258.51,🚬菸屁股,HOLD,1
INTC,2026-09-18,170.0,0.02,5129,171,98.437515625,12,95.8,🆕低基期(前日Vol1) 🚬菸屁股,HOLD,1
SOFI,2026-09-18,29.0,0.02,2971,171,105.46922265625001,12,18.22,🚬菸屁股,HOLD,1
PATH,2027-01-15,22.0,0.9,7654,171,73.24245507812499,131,15.19,🚬菸屁股,HOLD,1
SMR,2026-09-11,11.5,0.02,3025,170,73.437765625,5,9.7,🚬菸屁股,HOLD,1
SOFI,2028-06-16,30.0,3.45,21125,169,65.30796411132813,649,18.22,🔭LEAPS,HOLD,1
PATH,2028-01-21,17.0,4.73,2491,168,76.95335546875,502,15.19,🔭LEAPS,HOLD,1
JOBY,2026-10-16,10.0,0.05,6252,168,73.437765625,40,6.74,🚬菸屁股,HOLD,1
AMZN,2026-09-18,320.0,0.03,15510,168,43.7505625,12,258.51,🚬菸屁股,HOLD,1
ONDS,2026-09-18,7.0,0.74,5464,167,62.500375000000005,12,7.62,🚬菸屁股,HOLD,1
SMR,2026-10-16,11.0,0.54,794,167,78.9064609375,40,9.7,🚬菸屁股,HOLD,1
SMCI,2028-01-21,100.0,5.5,4317,166,83.17887915039061,502,39.59,🆕低基期(前日Vol2) 🔭LEAPS,HOLD,1
SMCI,2026-11-20,75.0,0.54,1771,164,88.42785009765625,75,39.59,🚬菸屁股,HOLD,1
LUNR,2026-09-18,19.0,0.08,1084,164,98.437515625,12,14.81,🆕低基期(前日Vol3) 🚬菸屁股,HOLD,1
ASTS,2026-11-20,125.0,0.93,813,163,97.55861816406251,75,62.31,🚬菸屁股,HOLD,1
BBAI,2026-09-18,3.5,0.03,3185,163,75.00025000000001,12,2.92,🚬菸屁股,HOLD,1
ASTS,2026-10-16,180.0,0.05,1265,160,128.32067089843747,40,62.31,🚬菸屁股,HOLD,1
MRNA,2026-09-18,180.0,0.83,8376,160,76.66038964843752,12,145.55,🚬菸屁股,HOLD,1
ACHR,2027-01-15,15.0,0.1,22030,159,97.26565234374999,131,5.71,🚬菸屁股,HOLD,1
MU,2026-09-18,1450.0,0.42,1650,159,75.586181640625,12,1016.59,🚬菸屁股,HOLD,1
BBAI,2026-12-18,4.0,0.21,9728,159,83.59391406249999,103,2.92,🚬菸屁股,HOLD,1
TSLA,2027-01-15,800.0,0.98,11910,158,61.46278771972658,131,354.08,🚬菸屁股,HOLD,1
BE,2026-09-18,400.0,0.5,1636,158,112.15864233398437,12,252.87,🚬菸屁股,HOLD,1
BBAI,2026-10-16,5.0,0.02,797,158,95.312546875,40,2.92,🚀點火(6.9x) 🚬菸屁股 ⚠️尾段價外(71%) ⚠️暴動高IV(95%),BUY_WATCH,1
IONQ,2028-01-21,55.0,10.82,1425,157,86.05970971679689,502,39.52,🆕低基期(前日Vol6) 🔭LEAPS,HOLD,1
HOOD,2026-10-16,180.0,0.87,2566,157,72.1682470703125,40,122.11,🚬菸屁股,HOLD,1
HOOD,2026-11-20,230.0,0.72,5301,157,77.929908203125,75,122.11,🚬菸屁股,HOLD,1
WMT,2026-09-11,120.0,0.01,2779,156,35.547519531249996,5,107.14,🚬菸屁股,HOLD,1
FLNC,2027-01-15,45.0,0.09,7340,156,106.25046875000001,131,10.35,🆕低基期(前日Vol4) 🚬菸屁股,HOLD,1
BBAI,2027-01-15,3.0,0.55,11017,156,94.5313046875,131,2.92,🚬菸屁股,HOLD,1
NVDA,2028-06-16,350.0,22.6,7723,153,44.168649139404295,649,230.36,🔭LEAPS,HOLD,1
HIMS,2026-09-11,34.0,0.14,944,152,92.9688203125,5,27.71,🚬菸屁股,HOLD,1
ONDS,2026-11-20,14.0,0.13,1009,152,93.55475195312499,75,7.62,🚬菸屁股,HOLD,1
NFLX,2027-01-15,115.0,0.6,9936,152,41.699801757812494,131,78.25,🚬菸屁股,HOLD,1
RUN,2026-09-11,10.0,0.03,1264,152,58.5941640625,5,8.89,🚬菸屁股,HOLD,1
PLUG,2026-09-11,3.0,0.01,2669,151,125.00037499999999,5,2.17,🚬菸屁股,HOLD,1
IBIT,2026-09-18,52.0,0.12,5536,150,46.48491015625,12,45.23,🚬菸屁股,HOLD,1
CRSP,2026-09-18,65.0,0.25,1466,150,63.67223828125,12,55.79,🆕低基期(前日Vol12) 🚬菸屁股,HOLD,1
DDD,2026-09-18,4.0,0.08,1237,150,76.562734375,12,3.46,🆕低基期(前日Vol11) 🚬菸屁股,HOLD,1
EVGO,2027-01-15,3.0,0.09,1125,150,87.500125,131,1.51,🆕低基期(前日Vol9) 🚬菸屁股,HOLD,1
SOFI,2028-01-21,35.0,1.99,14785,149,64.81968774414062,502,18.22,🔭LEAPS,HOLD,1
HIMS,2026-10-16,50.0,0.11,4860,149,98.82813671875,40,27.71,🚀點火(3.7x) 🚬菸屁股 ⚠️尾段價外(80%) ⚠️暴動高IV(99%),BUY_WATCH,1
PLUG,2027-01-15,4.0,0.1,22622,149,92.187578125,131,2.17,🚬菸屁股,HOLD,1
IREN,2028-01-21,100.0,9.5,7116,148,95.43461596679688,502,44.68,🔭LEAPS,HOLD,1
ORCL,2026-12-18,360.0,0.75,3159,148,75.04907763671875,103,158.78,🚬菸屁股,HOLD,1
JOBY,2028-01-21,3.0,4.3,2430,147,80.664255859375,502,6.74,🆕低基期(前日Vol6) 🔭LEAPS,HOLD,1
PLUG,2026-12-18,3.0,0.15,5419,147,83.59391406249999,103,2.17,🚬菸屁股,HOLD,1
OPEN,2026-09-11,4.0,0.01,5443,146,103.12548437500001,5,3.15,🚬菸屁股,HOLD,1
OPEN,2028-01-21,3.0,1.38,3775,146,108.3988955078125,502,3.15,🆕低基期(前日Vol12) 🔭LEAPS,HOLD,1
BBAI,2028-01-21,3.0,1.19,11543,146,99.023447265625,502,2.92,🔭LEAPS,HOLD,1
MSTR,2026-12-18,1080.0,0.09,15850,145,125.5863095703125,103,142.8,🚬菸屁股,HOLD,1
MRNA,2026-09-18,220.0,0.18,1642,145,102.24658251953124,12,145.55,🚬菸屁股,HOLD,1
TSLA,2026-09-18,940.0,0.02,10341,144,143.75028125,12,354.08,🚀點火(2.7x) 🚬菸屁股 ⚠️尾段價外(165%) ⚠️暴動高IV(144%),BUY_WATCH,1
TSLA,2026-09-18,470.0,0.28,5083,142,66.55306884765628,12,354.08,🚬菸屁股,HOLD,1
LUNR,2026-09-18,15.0,0.73,3471,142,70.6057626953125,12,14.81,🚬菸屁股,HOLD,1
NVDA,2028-01-21,350.0,16.03,28881,141,43.20277745056153,502,230.36,🔭LEAPS,HOLD,1
PATH,2026-11-20,21.0,0.36,1293,141,65.03941210937501,75,15.19,🚬菸屁股,HOLD,1
NFLX,2026-09-11,89.0,0.03,1413,141,43.7505625,5,78.25,🚬菸屁股,HOLD,1
OKLO,2026-09-18,45.5,0.89,1157,139,73.92604199218749,12,41.27,🚬菸屁股,HOLD,1
JOBY,2026-09-18,7.5,0.08,1153,139,59.375406250000005,12,6.74,🚬菸屁股,HOLD,1
NVDA,2027-01-15,360.0,0.92,9070,138,40.5279384765625,131,230.36,🚬菸屁股,HOLD,1
SOFI,2028-01-21,42.0,1.3,8979,138,66.62631030273441,502,18.22,🆕低基期(前日Vol10) 🔭LEAPS,HOLD,1
DKNG,2026-09-18,26.0,0.33,2309,138,51.27001855468749,12,24.01,🚬菸屁股,HOLD,1
JOBY,2027-01-15,9.0,0.55,2640,138,72.6565234375,131,6.74,🚬菸屁股,HOLD,1
BA,2026-09-11,235.0,0.06,756,138,39.063109374999996,5,212.25,🚬菸屁股,HOLD,1
DELL,2026-09-11,650.0,0.15,929,138,65.1370673828125,5,524.14,🚬菸屁股,HOLD,1
AMZN,2026-09-18,295.0,0.14,12159,138,34.8639326171875,12,258.51,🚬菸屁股,HOLD,1
MNST,2026-09-18,100.0,0.6,843,137,50.0005,12,43.82,🚬菸屁股,HOLD,1
ONDS,2027-01-15,12.0,0.53,18858,136,87.2071591796875,131,7.62,🚬菸屁股,HOLD,1
U,2026-09-18,45.0,0.65,4939,135,50.39112109375,12,41.66,🚬菸屁股,HOLD,1
JOBY,2028-01-21,30.0,0.34,5194,135,88.476677734375,502,6.74,🆕低基期(前日Vol8) 🔭LEAPS,HOLD,1
ACHR,2027-01-15,6.0,0.95,7375,135,77.53928710937501,131,5.71,🚬菸屁股,HOLD,1
CRWV,2026-10-16,200.0,0.11,3238,134,100.39112304687498,40,89.36,🚀點火(4.1x) 🚬菸屁股 ⚠️尾段價外(124%) ⚠️暴動高IV(100%),BUY_WATCH,1
IREN,2026-10-16,75.0,0.51,5146,133,100.58643457031249,40,44.68,🚬菸屁股,HOLD,1
ONDS,2026-12-18,11.0,0.53,4947,133,86.132951171875,103,7.62,🚬菸屁股,HOLD,1
UUUU,2027-01-15,25.0,0.52,19230,133,75.39087109375001,131,14.47,🚬菸屁股,HOLD,1
MSTR,2026-12-18,500.0,0.65,7562,131,104.73680444335938,103,142.8,🚬菸屁股,HOLD,1
SOFI,2026-09-18,22.5,0.03,1089,131,60.15664843750002,12,18.22,🚬菸屁股,HOLD,1
ZM,2026-09-18,165.0,0.04,1722,131,87.500125,12,101.33,🚬菸屁股,HOLD,1
IBIT,2026-09-18,53.0,0.1,5216,130,49.414568359375004,12,45.23,🚬菸屁股,HOLD,1
SOFI,2026-10-16,35.0,0.02,5247,130,82.81267187499999,40,18.22,🚬菸屁股,HOLD,1
PCG,2028-01-21,15.0,2.9,5897,130,51.88036401367187,502,14.3,🔭LEAPS,HOLD,1
NFLX,2027-01-15,125.0,0.35,6537,130,44.434149414062496,131,78.25,🚬菸屁股,HOLD,1
ORCL,2026-12-18,510.0,0.17,11213,130,81.93377441406248,103,158.78,🚬菸屁股,HOLD,1
RUN,2026-09-18,10.0,0.11,3669,130,71.87528125,12,8.89,🚬菸屁股,HOLD,1
NTLA,2026-10-16,15.0,0.65,809,128,76.562734375,40,12.74,🆕低基期(前日Vol2) 🚬菸屁股,HOLD,1
ONDS,2026-09-18,12.0,0.02,18520,127,112.5004375,12,7.62,🚬菸屁股,HOLD,1
IBIT,2026-10-16,70.0,0.08,9839,126,62.500375000000005,40,45.23,🚬菸屁股,HOLD,1
NNE,2026-10-16,40.0,0.05,1178,126,137.6956240234375,40,17.72,🚬菸屁股,HOLD,1
AMZN,2026-09-11,295.0,0.01,1138,126,40.62559375,5,258.51,🚬菸屁股,HOLD,1
IONQ,2026-09-11,60.0,0.02,3844,125,129.6878515625,5,39.52,🚬菸屁股,HOLD,1
PATH,2028-01-21,10.0,7.65,5932,125,79.883013671875,502,15.19,🔭LEAPS,HOLD,1
CRWV,2026-09-18,150.0,0.07,10804,125,105.078599609375,12,89.36,🆕低基期(前日Vol16) 🚬菸屁股,HOLD,1
RKLB,2026-10-16,150.0,0.1,7927,124,98.82813671875,40,64.26,🚬菸屁股,HOLD,1
IREN,2026-12-18,140.0,0.49,8333,124,109.4242810058594,103,44.68,🆕低基期(前日Vol1) 🚬菸屁股,HOLD,1
LUNR,2027-01-15,30.0,0.61,2433,124,96.14261669921873,131,14.81,🚬菸屁股,HOLD,1
SOFI,2026-09-11,23.0,0.01,1709,123,79.687703125,5,18.22,🚬菸屁股,HOLD,1
PLUG,2027-01-15,7.0,0.04,27705,123,107.81296093750001,131,2.17,🚬菸屁股,HOLD,1
ACHR,2027-01-15,9.0,0.33,28235,122,80.85956640625,131,5.71,🚬菸屁股,HOLD,1
WMT,2026-09-18,145.0,0.01,4326,122,54.68795312500001,12,107.14,🚬菸屁股,HOLD,1
AMZN,2026-10-16,330.0,0.22,5306,122,36.67055517578125,40,258.51,🚬菸屁股,HOLD,1
SOFI,2026-11-20,30.0,0.16,6569,121,66.79720703125001,75,18.22,🚬菸屁股,HOLD,1
DKNG,2026-09-11,26.5,0.07,891,121,53.51608984375,5,24.01,🚬菸屁股,HOLD,1
IREN,2026-09-18,90.0,0.02,7032,121,134.37532812499998,12,44.68,🚬菸屁股,HOLD,1
ONDS,2026-09-18,10.5,0.02,1156,121,92.187578125,12,7.62,🚀點火(3.0x) 🚬菸屁股 ⚠️尾段價外(38%) ⚠️暴動高IV(92%),BUY_WATCH,1
PLUG,2026-12-18,3.5,0.1,9578,121,85.1563984375,103,2.17,🆕低基期(前日Vol7) 🚬菸屁股,HOLD,1
EDIT,2026-11-20,5.0,0.13,1105,121,122.266013671875,75,3.23,🆕低基期(前日Vol2) 🚬菸屁股,HOLD,1
OPEN,2026-12-18,4.0,0.33,2602,120,89.062609375,103,3.15,🚬菸屁股,HOLD,1
JOBY,2028-01-21,10.0,1.65,17885,120,80.71308349609374,502,6.74,🔭LEAPS,HOLD,1
ACHR,2026-09-18,6.5,0.06,1044,120,64.062859375,12,5.71,🚬菸屁股,HOLD,1
TSLA,2028-06-16,990.0,15.3,6851,119,55.16402258300781,649,354.08,🔭LEAPS,HOLD,1
AAPL,2026-09-18,380.0,0.04,5880,119,36.7193828125,12,319.97,🚬菸屁股,HOLD,1
NFLX,2026-10-16,105.0,0.12,7714,119,44.336494140625,40,78.25,🚬菸屁股,HOLD,1
MU,2026-09-11,1400.0,0.06,1407,119,77.929908203125,5,1016.59,🚬菸屁股,HOLD,1
AMZN,2026-09-18,277.5,0.87,2495,119,30.567100585937503,12,258.51,🚬菸屁股,HOLD,1
ONDS,2026-11-20,17.0,0.09,827,118,98.04689453125,75,7.62,🚬菸屁股,HOLD,1
ACHR,2026-09-18,5.0,0.75,2195,118,81.2501875,12,5.71,🚬菸屁股,HOLD,1
AMZN,2026-10-16,380.0,0.04,6296,118,45.117736328125005,40,258.51,🚬菸屁股,HOLD,1
JOBY,2028-01-21,17.0,0.86,3822,117,81.93377441406248,502,6.74,🆕低基期(前日Vol4) 🔭LEAPS,HOLD,1
NFLX,2028-06-16,200.0,1.65,2879,116,44.77594287109375,649,78.25,🔭LEAPS,HOLD,1
BE,2026-09-18,510.0,0.12,2169,115,130.07847460937495,12,252.87,🚬菸屁股,HOLD,1
XYZ,2026-09-18,100.0,0.04,6266,114,48.04739453125,12,82.76,🚬菸屁股,HOLD,1
ONDS,2027-01-15,11.0,0.68,7125,114,86.132951171875,131,7.62,🚬菸屁股,HOLD,1
SOUN,2026-09-18,9.0,0.03,4415,114,87.500125,12,6.74,🚬菸屁股,HOLD,1
OPEN,2026-11-20,5.0,0.12,10303,113,94.5313046875,75,3.15,🚬菸屁股,HOLD,1
SMR,2026-10-16,17.0,0.05,3734,113,91.4063359375,40,9.7,🚬菸屁股,HOLD,1
BE,2026-10-16,510.0,0.9,808,111,99.97558618164062,40,252.87,🚬菸屁股,HOLD,1
BBAI,2026-12-18,3.0,0.35,2617,111,78.51583984375,103,2.92,🚬菸屁股,HOLD,1
IBIT,2028-01-21,50.0,9.36,8714,109,52.85691674804689,502,45.23,🔭LEAPS,HOLD,1
JOBY,2026-10-16,11.0,0.03,5189,109,82.81267187499999,40,6.74,🆕低基期(前日Vol8) 🚬菸屁股,HOLD,1
RKLB,2027-01-15,150.0,0.94,10223,107,85.59584716796876,131,64.26,🚬菸屁股,HOLD,1
WMT,2026-09-11,117.0,0.02,9174,107,30.07882421875,5,107.14,🚬菸屁股,HOLD,1
WMT,2026-11-20,125.0,0.81,3737,107,28.321029296874993,75,107.14,🚬菸屁股,HOLD,1
AMZN,2026-09-18,340.0,0.01,6433,107,46.87553125,12,258.51,🚬菸屁股,HOLD,1
VST,2026-09-18,175.0,0.26,8907,106,47.1684970703125,12,149.3,🚬菸屁股,HOLD,1
RKLB,2026-09-18,85.0,0.14,3376,106,77.73459765625,12,64.26,🚬菸屁股,HOLD,1
PATH,2026-09-18,26.0,0.07,1981,106,134.37532812499998,12,15.19,🚬菸屁股,HOLD,1
LUNR,2027-01-15,25.0,0.99,3498,106,93.4570966796875,131,14.81,🚬菸屁股,HOLD,1
WMT,2028-01-21,160.0,3.0,1350,106,31.793894958496093,502,107.14,🔭LEAPS,HOLD,1
NVDA,2028-01-21,420.0,8.65,21585,105,42.944906494140625,502,230.36,🔭LEAPS,HOLD,1
IREN,2026-10-16,80.0,0.3,3951,105,102.53954980468751,40,44.68,🚬菸屁股,HOLD,1
HIMS,2028-01-21,75.0,4.0,1579,105,84.7535704345703,502,27.71,🔭LEAPS,HOLD,1
IBIT,2028-06-16,45.0,13.45,5189,104,57.47112841796876,649,45.23,🔭LEAPS,HOLD,1
VRT,2026-09-18,400.0,0.05,1379,104,77.73459765625,12,280.53,🚬菸屁股,HOLD,1
PCG,2026-09-18,18.5,0.05,2118,104,87.500125,12,14.3,🚬菸屁股,HOLD,1
MU,2026-09-18,2500.0,0.03,5212,104,127.34411328124997,12,1016.59,🚬菸屁股,HOLD,1
SMCI,2026-09-18,90.0,0.01,3607,103,146.875265625,12,39.59,🆕低基期(前日Vol1) 🚬菸屁股,HOLD,1
ASTS,2028-01-21,140.0,10.62,1701,103,89.07481628417968,502,62.31,🔭LEAPS,HOLD,1
OPEN,2026-10-16,10.0,0.01,9347,103,137.50031249999998,40,3.15,🚬菸屁股,HOLD,1
ONDS,2028-01-21,22.0,1.16,1014,103,94.6289599609375,502,7.62,🔭LEAPS,HOLD,1
PLUG,2026-12-18,2.5,0.25,5714,103,80.4689453125,103,2.17,🚬菸屁股,HOLD,1
MSTR,2026-09-18,300.0,0.04,6043,102,128.90660546875,12,142.8,🚬菸屁股,HOLD,1
IBIT,2028-01-21,70.0,4.65,15899,102,51.91088128662109,502,45.23,🔭LEAPS,HOLD,1
IONQ,2026-10-16,55.0,0.3,1017,102,25.00075,40,39.52,🚬菸屁股,HOLD,1
CRWV,2026-10-16,150.0,0.58,8912,102,87.98840136718749,40,89.36,🚬菸屁股,HOLD,1
ORCL,2026-09-18,270.0,0.13,5985,102,110.15669921875002,12,158.78,🚬菸屁股,HOLD,1
RUN,2027-01-15,35.0,0.02,5167,102,108.984830078125,131,8.89,🚬菸屁股,HOLD,1
MSTR,2028-01-21,200.0,39.49,7152,101,84.01810415649415,502,142.8,🔭LEAPS,HOLD,1
IBIT,2028-01-21,96.0,2.32,10602,101,53.58933129882813,502,45.23,🔭LEAPS,HOLD,1
OKLO,2027-01-15,150.0,0.45,12809,101,106.10398510742188,131,41.27,🆕低基期(前日Vol18) 🚬菸屁股,HOLD,1
NFLX,2028-01-21,150.0,2.55,6683,101,43.945873046875,502,78.25,🔭LEAPS,HOLD,1
IREN,2027-01-15,140.0,0.75,8682,100,107.56882153320313,131,44.68,🆕低基期(前日Vol11) 🚬菸屁股,HOLD,1
JOBY,2027-01-15,22.0,0.05,6566,100,92.187578125,131,6.74,🚬菸屁股,HOLD,1
ACHR,2028-01-21,25.0,0.5,1748,100,89.55088574218748,502,5.71,🆕低基期(前日Vol2) 🔭LEAPS,HOLD,1
PCG,2026-12-18,20.0,0.56,18600,100,69.82452050781251,103,14.3,🚬菸屁股,HOLD,1
NFLX,2026-09-18,152.0,0.03,1052,100,121.875390625,12,78.25,🚬菸屁股,HOLD,1
RKLB,2026-09-11,85.0,0.03,1280,99,88.2813671875,5,64.26,🚬菸屁股,HOLD,1
ASTS,2026-09-18,95.0,0.11,3391,99,107.42233789062503,12,62.31,🚬菸屁股,HOLD,1
SOFI,2028-06-16,20.0,5.65,27196,99,66.50424121093752,649,18.22,🔭LEAPS,HOLD,1
NBIS,2026-09-18,330.0,0.55,1217,99,98.82813671875,12,226.39,🚀點火(4.1x) 🚬菸屁股 ⚠️尾段價外(46%) ⚠️暴動高IV(99%),BUY_WATCH,1
TDOC,2026-10-16,7.0,0.18,2059,99,53.12546875,40,6.28,🚬菸屁股,HOLD,1
OPEN,2026-12-18,5.0,0.21,3589,99,96.48441015625,103,3.15,🚬菸屁股,HOLD,1
JOBY,2026-10-16,7.0,0.46,1249,99,60.35195898437502,40,6.74,🚬菸屁股,HOLD,1
SOFI,2026-12-18,23.0,0.88,10853,98,59.4730615234375,103,18.22,🚬菸屁股,HOLD,1
IREN,2028-01-21,80.0,11.94,7434,97,96.15482360839842,502,44.68,🔭LEAPS,HOLD,1
CRWV,2026-10-16,140.0,0.85,11008,97,86.7188828125,40,89.36,🚬菸屁股,HOLD,1
AMZN,2026-09-18,330.0,0.02,6029,97,51.95360546875,12,258.51,🚬菸屁股,HOLD,1
ONDS,2026-09-11,10.0,0.02,3928,96,96.87503124999999,5,7.62,🚬菸屁股,HOLD,1
ACHR,2026-09-18,8.0,0.01,5940,96,92.187578125,12,5.71,🚬菸屁股,HOLD,1
SOUN,2026-10-16,6.0,0.95,2214,96,58.20354296875,40,6.74,🚬菸屁股,HOLD,1
IBIT,2027-01-15,62.0,0.97,8878,95,47.26615234375,131,45.23,🚬菸屁股,HOLD,1
RUN,2026-11-20,10.0,0.88,6443,95,78.711150390625,75,8.89,🚬菸屁股,HOLD,1
OKLO,2026-09-18,60.0,0.08,3752,94,94.92192578125,12,41.27,🚬菸屁股,HOLD,1
SOUN,2027-01-15,20.0,0.09,17669,93,98.82813671875,131,6.74,🚬菸屁股,HOLD,1
NFLX,2026-09-18,101.0,0.02,1914,92,52.734847656250004,12,78.25,🚬菸屁股,HOLD,1
ORCL,2027-01-15,400.0,0.6,14009,92,71.48466015625,131,158.78,🚬菸屁股,HOLD,1
BA,2026-09-18,240.0,0.19,3324,91,34.570966796875,12,212.25,🚬菸屁股,HOLD,1
BBAI,2028-01-21,15.0,0.28,9973,91,105.17625537109376,502,2.92,🔭LEAPS,HOLD,1
NVDA,2028-01-21,450.0,6.55,9827,90,43.216510223388674,502,230.36,🔭LEAPS,HOLD,1
BEAM,2026-09-18,35.0,0.5,827,90,88.18371191406248,12,29.66,🆕低基期(前日Vol3) 🚬菸屁股,HOLD,1
TSLA,2026-09-18,600.0,0.07,10619,89,96.0937890625,12,354.08,🚬菸屁股,HOLD,1
ORCL,2026-11-20,370.0,0.26,1442,89,72.1682470703125,75,158.78,🚬菸屁股,HOLD,1
ONDS,2026-11-20,12.0,0.36,1928,87,92.773509765625,75,7.62,🚬菸屁股,HOLD,1
NVDA,2028-06-16,460.0,10.4,5128,86,43.89704541015625,649,230.36,🔭LEAPS,HOLD,1
GOOG,2026-09-18,385.0,0.2,5459,86,36.279934082031254,12,335.31,🚬菸屁股,HOLD,1
OPEN,2027-01-15,4.0,0.43,11596,86,90.62509374999999,131,3.15,🚬菸屁股,HOLD,1
ORCL,2026-09-18,260.0,0.09,3046,86,111.328568359375,12,158.78,🚬菸屁股,HOLD,1
ORCL,2026-09-18,330.0,0.04,2605,86,126.56286718749999,12,158.78,🚬菸屁股,HOLD,1
BBAI,2028-01-21,5.0,0.79,17411,86,94.33599414062499,502,2.92,🔭LEAPS,HOLD,1
SMCI,2026-09-18,49.0,0.23,2282,85,77.3439765625,12,39.59,🆕低基期(前日Vol2) 🚬菸屁股,HOLD,1
OKLO,2026-12-18,95.0,0.7,1375,85,96.87503124999999,103,41.27,🆕低基期(前日Vol1) 🚬菸屁股,HOLD,1
TDOC,2026-09-11,6.5,0.08,775,85,57.0316796875,5,6.28,🚬菸屁股,HOLD,1
OKTA,2026-09-18,200.0,0.51,1780,85,53.076641113281255,12,170.6,🚬菸屁股,HOLD,1
TSLA,2026-09-18,750.0,0.02,6104,84,122.65663671875001,12,354.08,🚬菸屁股,HOLD,1
TSLA,2026-12-18,700.0,0.93,8646,84,60.08340698242189,103,354.08,🚬菸屁股,HOLD,1
RKLB,2028-01-21,135.0,9.4,852,84,78.07028765869141,502,64.26,🆕低基期(前日Vol10) 🔭LEAPS,HOLD,1
SOFI,2028-06-16,10.0,10.3,9008,84,74.85376708984376,649,18.22,🆕低基期(前日Vol9) 🔭LEAPS,HOLD,1
IREN,2026-10-16,85.0,0.24,1272,84,104.68797656250001,40,44.68,🆕低基期(前日Vol3) 🚬菸屁股,HOLD,1
BBAI,2026-09-18,2.0,0.95,917,84,131.25034374999998,12,2.92,🚬菸屁股,HOLD,1
BBAI,2027-01-15,3.5,0.38,19958,84,84.37515624999999,131,2.92,🚬菸屁股,HOLD,1
NVDA,2026-09-18,320.0,0.02,7856,82,57.0316796875,12,230.36,🚬菸屁股,HOLD,1
MSFT,2027-01-15,625.0,5.0,52462,82,30.13680703735352,131,499.7,🔥萬人塚 🏛️機構場,HOLD,1
IBIT,2026-10-16,65.0,0.11,7586,82,56.7387138671875,40,45.23,🚬菸屁股,HOLD,1
RKLB,2026-09-18,110.0,0.03,2308,82,109.375453125,12,64.26,🆕低基期(前日Vol16) 🚬菸屁股,HOLD,1
TDOC,2026-10-16,8.0,0.07,3156,82,60.547269531250016,40,6.28,🆕低基期(前日Vol18) 🚬菸屁股,HOLD,1
PLUG,2028-01-21,5.5,0.4,10193,82,92.57819921875,502,2.17,🆕低基期(前日Vol3) 🔭LEAPS,HOLD,1
SOUN,2028-01-21,8.0,2.07,11553,82,80.61542822265625,502,6.74,🔭LEAPS,HOLD,1
ASTS,2026-10-16,190.0,0.07,2393,81,141.60185449218753,40,62.31,🚬菸屁股,HOLD,1
ORCL,2026-09-18,280.0,0.11,6141,81,118.35978320312499,12,158.78,🚬菸屁股,HOLD,1
AMZN,2026-10-16,305.0,0.95,6216,81,33.16717224121094,40,258.51,🚬菸屁股,HOLD,1
EDIT,2026-09-18,5.0,0.05,1113,81,139.06280468749998,12,3.23,🚬菸屁股,HOLD,1
NVDA,2028-01-21,225.0,51.5,5435,80,46.2972289276123,502,230.36,🔭LEAPS,HOLD,1
MSTR,2027-01-15,550.0,0.7,6729,80,102.93017285156252,131,142.8,🆕低基期(前日Vol17) 🚬菸屁股,HOLD,1
DKNG,2028-01-21,50.0,1.43,26183,80,58.74064697265625,502,24.01,🆕低基期(前日Vol1) 🔭LEAPS,HOLD,1
TJX,2026-09-18,140.0,0.2,920,80,22.26640234375,12,132.08,🚬菸屁股,HOLD,1
AMZN,2026-10-16,325.0,0.28,2399,80,35.425450439453115,40,258.51,🚬菸屁股,HOLD,1
IBIT,2028-06-16,50.0,11.59,8403,79,56.134471862792964,649,45.23,🔭LEAPS,HOLD,1
IBIT,2028-06-16,90.0,4.19,16230,79,55.99409240722657,649,45.23,🆕低基期(前日Vol5) 🔭LEAPS,HOLD,1
PLTR,2028-01-21,410.0,10.3,9289,79,61.005028625488286,502,174.33,🔭LEAPS,HOLD,1
RKLB,2026-10-16,120.0,0.19,4061,79,88.96495410156248,40,64.26,🚬菸屁股,HOLD,1
SOFI,2026-10-16,30.0,0.03,6838,79,69.5315546875,40,18.22,🚬菸屁股,HOLD,1
SOFI,2026-12-18,24.0,0.7,16035,79,59.61954443359375,103,18.22,🚬菸屁股,HOLD,1
TSLA,2026-11-20,700.0,0.51,17556,78,64.67320483398437,75,354.08,🚬菸屁股,HOLD,1
SOFI,2026-10-16,27.0,0.08,3240,78,61.71913281250001,40,18.22,🚬菸屁股,HOLD,1
DKNG,2026-10-16,30.0,0.29,2755,78,53.613745117187506,40,24.01,🚬菸屁股,HOLD,1
NBIS,2026-09-18,310.0,0.82,1431,78,95.45902978515625,12,226.39,🚬菸屁股,HOLD,1
SMR,2026-09-18,12.0,0.05,4555,78,77.3439765625,12,9.7,🚬菸屁股,HOLD,1
AMZN,2026-10-16,410.0,0.01,3244,78,42.9693203125,40,258.51,🚬菸屁股,HOLD,1
IBIT,2026-10-16,52.0,0.64,8676,77,43.2622861328125,40,45.23,🚬菸屁股,HOLD,1
UPST,2026-10-16,35.0,0.52,1392,77,67.18782812500001,40,28.05,🚬菸屁股,HOLD,1
SOFI,2026-10-16,26.0,0.07,5121,77,60.547269531250016,40,18.22,🚬菸屁股,HOLD,1
U,2026-10-16,48.0,0.97,1355,77,53.00339965820313,40,41.66,🚬菸屁股,HOLD,1
HOOD,2026-09-18,175.0,0.1,1072,77,80.664255859375,12,122.11,🚬菸屁股,HOLD,1
ONDS,2028-01-21,5.0,4.2,18036,77,95.11723632812499,502,7.62,🔭LEAPS,HOLD,1
JOBY,2027-01-15,30.0,0.03,8345,77,101.5629921875,131,6.74,🚬菸屁股,HOLD,1
PCG,2026-09-18,16.5,0.15,2490,77,58.5941640625,12,14.3,🆕低基期(前日Vol6) 🚬菸屁股,HOLD,1
DKNG,2026-09-18,30.0,0.02,15621,75,57.0316796875,12,24.01,🚬菸屁股,HOLD,1
U,2026-09-11,50.0,0.03,2064,75,71.0940390625,5,41.66,🚬菸屁股,HOLD,1
PCG,2026-12-18,23.0,0.31,6249,75,74.804939453125,103,14.3,🆕低基期(前日Vol4) 🚬菸屁股,HOLD,1
ASTS,2026-09-11,90.0,0.05,3053,74,114.0629296875,5,62.31,🚬菸屁股,HOLD,1
DKNG,2026-09-18,27.5,0.13,8842,74,53.12546875,12,24.01,🚬菸屁股,HOLD,1
ONDS,2027-01-15,25.0,0.08,16447,74,103.12548437500001,131,7.62,🚬菸屁股,HOLD,1
JOBY,2026-11-20,15.0,0.04,1081,74,87.500125,75,6.74,🆕低基期(前日Vol4) 🚬菸屁股,HOLD,1
NNDM,2027-01-15,1.5,0.3,25361,74,104.68797656250001,131,1.62,🚬菸屁股,HOLD,1
TSLA,2026-09-18,550.0,0.09,8390,73,85.742330078125,12,354.08,🚬菸屁股,HOLD,1
NVDA,2028-06-16,300.0,33.17,5659,73,45.03076210021973,649,230.36,🔭LEAPS,HOLD,1
HIMS,2026-09-18,34.0,0.15,3300,73,83.20329296874999,12,27.71,🚬菸屁股,HOLD,1
ONDS,2028-01-21,7.0,3.4,17554,73,97.1679970703125,502,7.62,🔭LEAPS,HOLD,1
SMR,2026-09-18,13.0,0.03,1912,73,82.81267187499999,12,9.7,🚬菸屁股,HOLD,1
RDDT,2026-09-11,180.0,0.15,926,73,59.86368261718751,5,154.46,🚬菸屁股,HOLD,1
UUUU,2026-10-16,17.0,0.58,1874,73,70.898728515625,40,14.47,🚬菸屁股,HOLD,1
MSFT,2026-12-18,575.0,8.95,131543,72,30.704428314208975,103,499.7,🔥萬人塚 🏛️機構場,HOLD,1
NFLX,2028-01-21,112.0,6.45,2500,72,43.95807995605468,502,78.25,🔭LEAPS,HOLD,1
NVDA,2026-10-16,400.0,0.02,12864,71,50.7817421875,40,230.36,🆕低基期(前日Vol11) 🚬菸屁股,HOLD,1
RDDT,2026-10-16,250.0,0.28,1342,71,64.1605146484375,40,154.46,🆕低基期(前日Vol9) 🚬菸屁股,HOLD,1
ASTS,2026-10-16,150.0,0.2,2104,70,127.73473632812498,40,62.31,🚬菸屁股,HOLD,1
IREN,2026-10-16,105.0,0.13,844,70,113.47699511718751,40,44.68,🚬菸屁股,HOLD,1
HIMS,2026-10-16,34.0,0.84,3511,69,72.1682470703125,40,27.71,🚬菸屁股,HOLD,1
FLNC,2028-01-21,12.0,4.17,1957,69,100.87940185546876,502,10.35,🆕低基期(前日Vol13) 🔭LEAPS,HOLD,1
NVDA,2028-01-21,240.0,44.4,10149,68,45.445797012329095,502,230.36,🔭LEAPS,HOLD,1
MSTR,2027-01-15,1080.0,0.15,12095,68,118.55509472656249,131,142.8,🚬菸屁股,HOLD,1
IBIT,2028-01-21,100.0,2.02,19685,68,53.78464184570313,502,45.23,🔭LEAPS,HOLD,1
OKLO,2026-09-18,55.0,0.14,1778,68,84.76577734374999,12,41.27,🚬菸屁股,HOLD,1
RKLB,2028-01-21,150.0,8.3,3519,67,78.48532257080079,502,64.26,🔭LEAPS,HOLD,1
PATH,2028-01-21,25.0,3.0,8085,67,81.5431533203125,502,15.19,🔭LEAPS,HOLD,1
SMR,2026-11-20,12.0,0.77,3451,67,89.257919921875,75,9.7,🚬菸屁股,HOLD,1
AMZN,2026-10-16,315.0,0.5,3681,67,33.86296606445312,40,258.51,🚬菸屁股,HOLD,1
VELO,2026-12-18,30.0,0.45,7231,67,125.00037499999999,103,11.61,🆕低基期(前日Vol17) 🚬菸屁股,HOLD,1
AFRM,2026-09-18,90.0,0.07,1648,67,56.836369140624996,12,72.35,🆕低基期(前日Vol9) 🚬菸屁股,HOLD,1
OKLO,2026-10-16,75.0,0.2,2273,66,99.804689453125,40,41.27,🚬菸屁股,HOLD,1
RKLB,2026-09-18,120.0,0.01,7285,66,117.1879140625,12,64.26,🚬菸屁股,HOLD,1
TDOC,2026-09-18,7.0,0.05,1256,66,61.71913281250001,12,6.28,🚬菸屁股,HOLD,1
HIMS,2026-10-16,40.0,0.32,3237,66,83.007982421875,40,27.71,🚬菸屁股,HOLD,1
SMR,2027-01-15,18.0,0.43,930,66,90.9180595703125,131,9.7,🚬菸屁股,HOLD,1
APP,2026-09-11,370.0,0.27,892,66,56.39692041015626,5,320.56,🚬菸屁股,HOLD,1
NFLX,2028-01-21,90.0,12.0,12346,66,44.550115051269536,502,78.25,🔭LEAPS,HOLD,1
ORCL,2026-09-18,310.0,0.07,1846,66,125.78162109374999,12,158.78,🚬菸屁股,HOLD,1
BBAI,2027-01-15,2.5,0.78,4126,66,82.81267187499999,131,2.92,🆕低基期(前日Vol3) 🚬菸屁股,HOLD,1
SOFI,2027-01-15,40.0,0.13,27492,65,68.94562304687501,131,18.22,🚬菸屁股,HOLD,1
NBIS,2026-09-18,350.0,0.33,3443,65,102.73486132812502,12,226.39,🚬菸屁股,HOLD,1
HIMS,2027-01-15,85.0,0.32,2602,65,93.55475195312499,131,27.71,🚬菸屁股,HOLD,1
ACHR,2026-10-16,8.0,0.08,11273,65,75.39087109375001,40,5.71,🚬菸屁股,HOLD,1
ACHR,2028-01-21,5.0,2.51,19741,65,90.72274902343749,502,5.71,🔭LEAPS,HOLD,1
CRWV,2026-09-18,135.0,0.09,2804,65,95.70316796875,12,89.36,🆕低基期(前日Vol9) 🚬菸屁股,HOLD,1
MRNA,2026-09-18,185.0,0.74,6407,65,81.59198095703124,12,145.55,🚬菸屁股,HOLD,1
SOUN,2028-01-21,15.0,1.1,5174,65,86.62122753906249,502,6.74,🔭LEAPS,HOLD,1
NVDA,2026-12-18,400.0,0.14,7442,64,42.8716650390625,103,230.36,🚬菸屁股,HOLD,1
SOFI,2028-06-16,18.0,6.35,9145,64,66.79720703125001,649,18.22,🔭LEAPS,HOLD,1
NBIS,2026-09-11,315.0,0.13,904,64,111.23091259765626,5,226.39,🚬菸屁股,HOLD,1
PACB,2026-12-18,2.0,0.13,1789,64,82.81267187499999,103,1.35,🆕低基期(前日Vol1) 🚬菸屁股,HOLD,1
ONDS,2028-01-21,25.0,0.99,7638,64,94.14068359375,502,7.62,🔭LEAPS,HOLD,1
ACHR,2028-01-21,27.0,0.38,15804,64,91.79695703125,502,5.71,🆕低基期(前日Vol3) 🔭LEAPS,HOLD,1
IREN,2026-09-18,75.0,0.05,7708,63,115.625421875,12,44.68,🚬菸屁股,HOLD,1
IONQ,2026-09-18,55.0,0.12,7117,62,93.55475195312499,12,39.52,🚬菸屁股,HOLD,1
HIMS,2026-09-11,33.0,0.05,753,62,75.00025000000001,5,27.71,🚬菸屁股,HOLD,1
ONDS,2026-10-16,13.0,0.06,2291,62,93.7500625,40,7.62,🚀點火(3.0x) 🚬菸屁股 ⚠️尾段價外(71%) ⚠️暴動高IV(94%),BUY_WATCH,1
PLUG,2026-10-16,3.0,0.03,1632,62,77.3439765625,40,2.17,🚬菸屁股,HOLD,1
SEDG,2026-10-16,50.0,0.41,861,62,80.27363476562499,40,34.2,🚬菸屁股,HOLD,1
IREN,2028-01-21,115.0,8.3,1883,61,96.78347943115236,502,44.68,🆕低基期(前日Vol4) 🔭LEAPS,HOLD,1
LUNR,2027-01-15,32.0,0.48,3266,61,95.11723632812499,131,14.81,🚬菸屁股,HOLD,1
SMR,2028-01-21,80.0,0.44,803,61,102.63720556640625,502,9.7,🆕低基期(前日Vol9) 🔭LEAPS,HOLD,1
NFLX,2027-01-15,118.0,0.5,1826,61,42.99373413085938,131,78.25,🚬菸屁股,HOLD,1
NFLX,2028-01-21,200.0,0.94,6160,61,46.37504797363281,502,78.25,🔭LEAPS,HOLD,1
DELL,2026-09-18,700.0,0.39,972,61,69.87334814453125,12,524.14,🚬菸屁股,HOLD,1
UUUU,2026-09-18,20.0,0.03,2082,61,83.59391406249999,12,14.47,🚬菸屁股,HOLD,1
SOFI,2026-09-18,35.0,0.01,6345,60,118.75040625,12,18.22,🆕低基期(前日Vol1) 🚬菸屁股,HOLD,1
SOFI,2026-12-18,31.0,0.18,781,60,64.25816992187501,103,18.22,🚬菸屁股,HOLD,1
JOBY,2026-11-20,9.0,0.27,5097,60,71.0940390625,75,6.74,🚬菸屁股,HOLD,1
JOBY,2026-11-20,10.0,0.17,3290,60,73.04714453125,75,6.74,🚬菸屁股,HOLD,1
WMT,2028-01-21,120.0,10.95,4068,60,31.867136413574215,502,107.14,🔭LEAPS,HOLD,1
PCG,2026-12-18,24.0,0.28,25179,60,72.07059179687501,103,14.3,🆕低基期(前日Vol8) 🚬菸屁股,HOLD,1
IBIT,2027-01-15,80.0,0.28,25376,59,53.51608984375,131,45.23,🚬菸屁股,HOLD,1
SMCI,2026-12-18,80.0,0.74,2880,59,88.52550537109374,103,39.59,🆕低基期(前日Vol11) 🚬菸屁股,HOLD,1
NBIS,2026-09-18,410.0,0.05,4242,59,131.44565527343747,12,226.39,🚬菸屁股,HOLD,1
NFLX,2026-09-18,93.0,0.05,1967,59,42.57869921875,12,78.25,🚬菸屁股,HOLD,1
SOUN,2028-01-21,35.0,0.51,9113,59,94.0430283203125,502,6.74,🔭LEAPS,HOLD,1
OKLO,2026-09-18,47.0,0.66,1168,58,74.7072841796875,12,41.27,🚬菸屁股,HOLD,1
VST,2026-10-16,200.0,0.41,1769,58,49.9028447265625,40,149.3,🚬菸屁股,HOLD,1
SOFI,2028-01-21,47.0,1.16,7581,58,66.30893066406252,502,18.22,🔭LEAPS,HOLD,1
HIMS,2026-09-11,31.5,0.12,1665,58,60.937890625000016,5,27.71,🚬菸屁股,HOLD,1
CRWV,2026-09-18,125.0,0.2,5235,58,89.062609375,12,89.36,🚬菸屁股,HOLD,1
WMT,2028-01-21,125.0,9.35,883,58,32.7155166015625,502,107.14,🔭LEAPS,HOLD,1
NFLX,2028-01-21,114.0,6.05,7522,58,43.7505625,502,78.25,🔭LEAPS,HOLD,1
SOUN,2026-09-18,10.0,0.02,4259,58,106.25046875000001,12,6.74,🚬菸屁股,HOLD,1
U,2028-01-21,65.0,6.87,1860,57,66.2356892089844,502,41.66,🆕低基期(前日Vol12) 🔭LEAPS,HOLD,1
WMT,2028-01-21,130.0,7.89,4576,57,31.134721862792958,502,107.14,🔭LEAPS,HOLD,1
PLUG,2027-01-15,5.5,0.06,17162,57,98.437515625,131,2.17,🚬菸屁股,HOLD,1
SEDG,2027-01-15,90.0,0.4,1150,57,88.67198828125,131,34.2,🚬菸屁股,HOLD,1
RUN,2026-11-20,13.0,0.32,11343,57,79.49239257812499,75,8.89,🆕低基期(前日Vol10) 🚬菸屁股,HOLD,1
TDOC,2028-01-21,12.0,0.76,1138,56,72.1682470703125,502,6.28,🆕低基期(前日Vol1) 🔭LEAPS,HOLD,1
NFLX,2026-12-18,115.0,0.39,3132,56,43.99470068359375,103,78.25,🚬菸屁股,HOLD,1
SOUN,2026-09-11,8.5,0.01,2809,56,78.12521875,5,6.74,🚬菸屁股,HOLD,1
SOUN,2026-10-16,15.0,0.05,3151,56,118.75040625,40,6.74,🚬菸屁股,HOLD,1
NBIS,2026-09-18,320.0,0.6,1731,55,96.63089306640626,12,226.39,🚀點火(2.8x) 🚬菸屁股 ⚠️尾段價外(41%) ⚠️暴動高IV(97%),BUY_WATCH,1
OPEN,2027-02-19,4.0,0.5,3720,55,90.62509374999999,166,3.15,🚬菸屁股,HOLD,1
ONDS,2027-01-15,17.0,0.22,8258,55,93.7500625,131,7.62,🆕低基期(前日Vol14) 🚬菸屁股,HOLD,1
ACHR,2026-09-11,7.0,0.02,2990,55,87.500125,5,5.71,🚬菸屁股,HOLD,1
NFLX,2026-09-18,94.0,0.05,1303,55,44.92242578125,12,78.25,🚬菸屁股,HOLD,1
NFLX,2027-01-15,180.0,0.06,3247,55,54.883263671875014,131,78.25,🚬菸屁股,HOLD,1
UUUU,2026-09-18,19.0,0.02,807,55,77.3439765625,12,14.47,🆕低基期(前日Vol8) 🚬菸屁股,HOLD,1
SMCI,2026-11-20,70.0,0.74,1179,54,87.500125,75,39.59,🚬菸屁股,HOLD,1
RKLB,2028-01-21,210.0,4.75,6611,54,79.101771484375,502,64.26,🔭LEAPS,HOLD,1
ZM,2026-09-18,120.0,0.14,1879,54,50.7817421875,12,101.33,🚬菸屁股,HOLD,1
WMT,2026-11-20,130.0,0.47,6227,54,28.833719482421866,75,107.14,🚬菸屁股,HOLD,1
PCG,2026-09-11,19.0,0.01,1909,54,98.437515625,5,14.3,🚬菸屁股,HOLD,1
NFLX,2026-11-20,110.0,0.39,5264,54,44.38532177734375,75,78.25,🚬菸屁股,HOLD,1
AMZN,2026-10-16,320.0,0.44,5116,54,34.32682861328124,40,258.51,🚬菸屁股,HOLD,1
AMZN,2027-01-15,410.0,0.5,3326,54,37.86683227539062,131,258.51,🚬菸屁股,HOLD,1
PATH,2027-01-15,35.0,0.47,3051,53,80.7619111328125,131,15.19,🚬菸屁股,HOLD,1
PATH,2028-01-21,8.0,8.5,1629,53,84.03336279296875,502,15.19,🔭LEAPS,HOLD,1
OPEN,2026-10-16,5.0,0.03,8774,53,90.62509374999999,40,3.15,🚬菸屁股,HOLD,1
CRWV,2026-10-16,195.0,0.13,7469,53,98.242205078125,40,89.36,🚀點火(2.6x) 🚬菸屁股 ⚠️尾段價外(118%) ⚠️暴動高IV(98%),BUY_WATCH,1
NFLX,2027-01-15,135.0,0.33,3648,53,46.973186523437505,131,78.25,🚬菸屁股,HOLD,1
ORCL,2028-01-21,470.0,6.5,7230,53,63.55016918945313,502,158.78,🔭LEAPS,HOLD,1
AFRM,2027-01-15,125.0,0.75,968,53,58.10588769531251,131,72.35,🚬菸屁股,HOLD,1
AFRM,2028-01-21,135.0,7.6,1786,53,61.828994995117206,502,72.35,🆕低基期(前日Vol7) 🔭LEAPS,HOLD,1
IBIT,2026-09-18,70.0,0.01,21580,52,85.937640625,12,45.23,🚬菸屁股,HOLD,1
PLTR,2026-12-18,410.0,0.11,7481,52,60.058993164062514,103,174.33,🆕低基期(前日Vol5) 🚬菸屁股,HOLD,1
NTLA,2028-01-21,12.5,5.1,1053,52,93.7500625,502,12.74,🆕低基期(前日Vol7) 🔭LEAPS,HOLD,1
JOBY,2026-11-20,8.0,0.45,2289,52,73.82838671875,75,6.74,🚬菸屁股,HOLD,1
ACHR,2026-10-16,12.0,0.03,8377,52,112.5004375,40,5.71,🆕低基期(前日Vol2) 🚬菸屁股,HOLD,1
NNE,2027-01-15,50.0,0.2,2803,52,92.57819921875,131,17.72,🚬菸屁股,HOLD,1
VRT,2026-09-18,370.0,0.26,1340,52,63.67223828125,12,280.53,🆕低基期(前日Vol7) 🚬菸屁股,HOLD,1
CRWV,2026-11-20,190.0,0.8,916,52,93.21295849609376,75,89.36,🚬菸屁股,HOLD,1
BBAI,2028-01-21,7.0,0.58,9431,52,97.1679970703125,502,2.92,🔭LEAPS,HOLD,1
SOFI,2026-11-20,28.0,0.22,1757,51,64.25816992187501,75,18.22,🚬菸屁股,HOLD,1
TDOC,2028-01-21,17.0,0.55,1201,51,74.7072841796875,502,6.28,🔭LEAPS,HOLD,1
PACB,2027-01-15,1.0,0.47,2198,51,105.46922265625001,131,1.35,🚬菸屁股,HOLD,1
WMT,2028-01-21,135.0,6.9,864,51,32.15094705200195,502,107.14,🆕低基期(前日Vol14) 🔭LEAPS,HOLD,1
TSLA,2026-09-18,900.0,0.02,7379,50,137.50031249999998,12,354.08,🚬菸屁股,HOLD,1
SMCI,2026-12-18,74.0,0.62,2316,50,86.57239990234375,103,39.59,🚬菸屁股,HOLD,1
ASTS,2026-11-20,150.0,0.52,4431,50,104.19969775390628,75,62.31,🆕低基期(前日Vol18) 🚬菸屁股,HOLD,1
DKNG,2027-01-15,70.0,0.02,3800,50,78.12521875,131,24.01,🚬菸屁股,HOLD,1
IREN,2028-01-21,85.0,10.43,7677,50,95.89847851562499,502,44.68,🆕低基期(前日Vol6) 🔭LEAPS,HOLD,1
U,2026-09-18,46.0,0.42,1020,50,56.055126953125,12,41.66,🚬菸屁股,HOLD,1
ONDS,2026-09-11,11.0,0.02,1246,50,112.5004375,5,7.62,🚬菸屁股,HOLD,1
JOBY,2027-01-15,37.0,0.02,769,50,115.625421875,131,6.74,🚬菸屁股,HOLD,1
ACHR,2026-10-16,11.0,0.03,4094,50,115.625421875,40,5.71,🆕低基期(前日Vol2) 🚬菸屁股,HOLD,1
SMR,2027-01-15,30.0,0.15,5741,50,100.1958115234375,131,9.7,🆕低基期(前日Vol19) 🚬菸屁股,HOLD,1
SMR,2027-01-15,37.0,0.05,956,50,107.42233789062503,131,9.7,🚬菸屁股,HOLD,1
SMR,2028-01-21,10.0,4.1,8031,50,98.9257919921875,502,9.7,🔭LEAPS,HOLD,1
VRT,2026-09-18,460.0,0.05,869,50,101.27002490234376,12,280.53,🚬菸屁股,HOLD,1
WMT,2026-09-11,130.0,0.01,751,50,54.68795312500001,5,107.14,🚬菸屁股,HOLD,1
PCG,2026-09-18,30.0,0.09,1550,50,137.50031249999998,12,14.3,🚬菸屁股,HOLD,1
NFLX,2027-01-15,205.0,0.05,1593,50,62.109753906250006,131,78.25,🚬菸屁股,HOLD,1
BBAI,2026-12-18,8.0,0.05,3958,50,112.5004375,103,2.92,🚬菸屁股,HOLD,1
BBAI,2028-01-21,4.0,0.96,14683,50,94.14068359375,502,2.92,🔭LEAPS,HOLD,1
UUUU,2026-11-20,27.0,0.3,1381,50,82.0314296875,75,14.47,🚬菸屁股,HOLD,1
AMD,2026-09-18,700.0,0.05,6505,49,68.555001953125,12,477.57,🆕低基期(前日Vol16) 🚬菸屁股,HOLD,1
SOFI,2028-06-16,15.0,7.61,21553,49,68.62824340820313,649,18.22,🔭LEAPS,HOLD,1
TJX,2026-09-18,170.0,0.03,3764,49,50.39112109375,12,132.08,🚬菸屁股,HOLD,1
MNST,2026-09-18,105.0,0.18,750,49,50.0005,12,43.82,🚬菸屁股,HOLD,1
SOUN,2027-01-15,12.0,0.27,17887,49,83.59391406249999,131,6.74,🚬菸屁股,HOLD,1
IBIT,2026-09-18,60.0,0.03,25371,48,66.40658593750001,12,45.23,🚬菸屁股,HOLD,1
RKLB,2026-12-18,210.0,0.22,1263,48,96.3867548828125,103,64.26,🆕低基期(前日Vol7) 🚬菸屁股,HOLD,1
SMR,2028-01-21,8.0,4.7,5393,48,99.46289599609376,502,9.7,🔭LEAPS,HOLD,1
RDDT,2026-09-18,185.0,0.63,1561,48,61.865615722656266,12,154.46,🚬菸屁股,HOLD,1
VST,2026-09-18,180.0,0.09,4985,47,49.9028447265625,12,149.3,🆕低基期(前日Vol4) 🚬菸屁股,HOLD,1
UPST,2026-09-11,32.0,0.05,837,47,64.062859375,5,28.05,🚬菸屁股,HOLD,1
NBIS,2026-09-18,440.0,0.04,4588,47,115.625421875,12,226.39,🚬菸屁股,HOLD,1
CRSP,2027-01-15,100.0,0.95,898,47,66.30893066406252,131,55.79,🚬菸屁股,HOLD,1
BBAI,2027-01-15,5.5,0.13,16710,47,100.39112304687498,131,2.92,🚬菸屁股,HOLD,1
AMD,2026-09-18,650.0,0.14,8152,46,63.37927246093751,12,477.57,🚬菸屁股,HOLD,1
SOFI,2026-11-20,35.0,0.07,1518,46,71.87528125,75,18.22,🚬菸屁股,HOLD,1
JOBY,2027-01-15,20.0,0.05,13705,46,90.62509374999999,131,6.74,🚬菸屁股,HOLD,1
SMR,2026-09-18,9.0,0.93,2139,46,69.92217578125,12,9.7,🚬菸屁股,HOLD,1
SMR,2028-01-21,25.0,1.75,2903,46,97.43654907226562,502,9.7,🔭LEAPS,HOLD,1
AMZN,2026-12-18,370.0,0.79,6152,46,37.915659912109376,103,258.51,🚬菸屁股,HOLD,1
SOUN,2028-01-21,3.0,4.15,1669,46,115.0394873046875,502,6.74,🆕低基期(前日Vol2) 🔭LEAPS,HOLD,1
MSFT,2026-12-18,625.0,3.25,102465,45,30.942463043212886,103,499.7,🔥萬人塚 🏛️機構場,HOLD,1
GOOG,2026-10-16,420.0,0.55,7243,45,35.62076098632812,40,335.31,🚬菸屁股,HOLD,1
SMCI,2026-09-18,80.0,0.02,2526,45,132.81283593749998,12,39.59,🚬菸屁股,HOLD,1
RKLB,2026-12-18,145.0,0.74,5852,45,86.4259169921875,103,64.26,🚬菸屁股,HOLD,1
SOFI,2028-01-21,40.0,1.58,16579,45,65.35679174804689,502,18.22,🔭LEAPS,HOLD,1
MNST,2026-09-18,45.0,0.35,1599,45,26.563234375,12,43.82,🚬菸屁股,HOLD,1
ORCL,2026-09-18,350.0,0.05,3192,45,142.578412109375,12,158.78,🚬菸屁股,HOLD,1
FLNC,2026-11-20,25.0,0.08,2463,45,104.68797656250001,75,10.35,🚬菸屁股,HOLD,1
TSLA,2027-01-15,900.0,0.67,12919,44,65.25913647460939,131,354.08,🚬菸屁股,HOLD,1
UPST,2027-01-15,50.0,0.75,4471,44,76.70921728515626,131,28.05,🚬菸屁股,HOLD,1
DKNG,2026-11-20,32.5,0.47,3438,44,60.15664843750002,75,24.01,🆕低基期(前日Vol6) 🚬菸屁股,HOLD,1
HIMS,2028-01-21,30.0,9.75,6969,44,87.52453881835937,502,27.71,🔭LEAPS,HOLD,1
KTOS,2026-11-20,80.0,0.48,937,44,68.94562304687501,75,47.82,🆕低基期(前日Vol14) 🚬菸屁股,HOLD,1
JOBY,2027-01-15,8.0,0.74,2828,44,72.07059179687501,131,6.74,🚬菸屁股,HOLD,1
SMR,2026-10-16,15.0,0.11,1045,44,87.10950390625,40,9.7,🚬菸屁股,HOLD,1
WMT,2026-09-18,135.0,0.03,11432,44,50.7817421875,12,107.14,🚬菸屁股,HOLD,1
SOUN,2026-09-11,9.0,0.01,784,44,93.7500625,5,6.74,🚬菸屁股,HOLD,1
TSLA,2026-12-18,750.0,0.71,6317,43,62.47596118164063,103,354.08,🚬菸屁股,HOLD,1
RKLB,2026-09-18,125.0,0.04,1470,43,136.71906640625,12,64.26,🚬菸屁股,HOLD,1
U,2026-09-11,45.0,0.18,1136,43,50.7817421875,5,41.66,🚬菸屁股,HOLD,1
NFLX,2027-01-15,150.0,0.14,19871,43,50.0005,131,78.25,🚬菸屁股,HOLD,1
UUUU,2026-10-16,16.0,0.79,2287,43,69.62920996093752,40,14.47,🚬菸屁股,HOLD,1
AFRM,2026-09-18,100.0,0.02,1042,43,88.2813671875,12,72.35,🆕低基期(前日Vol13) 🚬菸屁股,HOLD,1
OKLO,2026-09-18,65.0,0.03,1802,42,98.437515625,12,41.27,🚬菸屁股,HOLD,1
OKLO,2026-09-18,80.0,0.02,1866,42,129.6878515625,12,41.27,🆕低基期(前日Vol6) 🚬菸屁股,HOLD,1
ASTS,2026-10-16,95.0,0.75,4964,42,86.0352958984375,40,62.31,🚬菸屁股,HOLD,1
UPST,2028-01-21,50.0,5.14,2720,42,78.36935693359376,502,28.05,🔭LEAPS,HOLD,1
SOFI,2026-12-18,45.0,0.06,8224,42,76.17211328125,103,18.22,🚬菸屁股,HOLD,1
SOFI,2028-01-21,13.0,7.95,4196,42,69.11651977539064,502,18.22,🔭LEAPS,HOLD,1
DKNG,2028-01-21,65.0,0.9,4737,42,57.88616333007812,502,24.01,🆕低基期(前日Vol7) 🔭LEAPS,HOLD,1
NTLA,2028-01-21,15.0,4.5,2383,42,95.04399487304687,502,12.74,🔭LEAPS,HOLD,1
RDDT,2026-09-18,240.0,0.15,2335,42,109.76607617187501,12,154.46,🆕低基期(前日Vol1) 🚬菸屁股,HOLD,1
NFLX,2026-09-18,138.0,0.02,2011,42,106.25046875000001,12,78.25,🚬菸屁股,HOLD,1
NFLX,2026-12-18,125.0,0.2,3984,42,46.582565429687506,103,78.25,🚬菸屁股,HOLD,1
NFLX,2028-06-16,100.0,11.5,4201,42,44.88580505371094,649,78.25,🔭LEAPS,HOLD,1
SOUN,2027-01-15,11.0,0.35,1747,42,80.7619111328125,131,6.74,🚬菸屁股,HOLD,1
UPST,2026-10-16,32.5,0.89,1329,41,65.7229990234375,40,28.05,🚬菸屁股,HOLD,1
ONDS,2026-10-16,15.0,0.03,2750,41,104.68797656250001,40,7.62,🚬菸屁股,HOLD,1
NNE,2027-01-15,30.0,0.8,3796,41,85.20522607421876,131,17.72,🆕低基期(前日Vol6) 🚬菸屁股,HOLD,1
NFLX,2027-01-15,160.0,0.05,5220,41,51.17236328125,131,78.25,🚬菸屁股,HOLD,1
BA,2026-09-18,255.0,0.03,3677,41,50.34229345703125,12,212.25,🚬菸屁股,HOLD,1
FLNC,2026-09-18,12.0,0.12,803,41,73.04714453125,12,10.35,🚬菸屁股,HOLD,1
SOUN,2028-01-21,22.0,0.76,827,41,79.44356494140624,502,6.74,🔭LEAPS,HOLD,1
MSFT,2026-09-18,650.0,0.01,6442,40,42.188078125,12,499.7,🆕低基期(前日Vol7) 🚬菸屁股,HOLD,1
RKLB,2026-12-18,150.0,0.65,7808,40,89.55088574218748,103,64.26,🚬菸屁股,HOLD,1
IONQ,2026-11-20,120.0,0.1,2372,40,111.71919140624999,75,39.52,🚬菸屁股,HOLD,1
SOFI,2026-12-18,26.0,0.46,3013,40,60.937890625000016,103,18.22,🚬菸屁股,HOLD,1
SOFI,2026-12-18,29.0,0.28,1335,40,63.086306640625,103,18.22,🆕低基期(前日Vol15) 🚬菸屁股,HOLD,1
DKNG,2026-12-18,45.0,0.12,1691,40,63.47692773437501,103,24.01,🆕低基期(前日Vol1) 🚬菸屁股,HOLD,1
OPEN,2028-01-21,2.0,1.76,2646,40,99.41406835937501,502,3.15,🔭LEAPS,HOLD,1
ONDS,2026-11-20,15.0,0.13,1530,40,95.312546875,75,7.62,🚬菸屁股,HOLD,1
SMR,2026-11-20,20.0,0.13,5235,40,96.48441015625,75,9.7,🚬菸屁股,HOLD,1
SMR,2027-01-15,65.0,0.01,842,40,131.25034374999998,131,9.7,🚬菸屁股,HOLD,1
WMT,2026-11-20,150.0,0.08,1578,40,43.848217773437504,75,107.14,🆕低基期(前日Vol12) 🚬菸屁股,HOLD,1
NFLX,2026-12-18,160.0,0.06,11082,40,54.78560839843751,103,78.25,🚬菸屁股,HOLD,1
NFLX,2028-01-21,110.0,6.9,7397,40,43.811597045898445,502,78.25,🔭LEAPS,HOLD,1
NFLX,2028-01-21,180.0,1.4,3044,40,44.29987341308594,502,78.25,🔭LEAPS,HOLD,1
NFLX,2028-01-21,210.0,0.8,1712,40,47.30277307128906,502,78.25,🔭LEAPS,HOLD,1
BA,2027-01-15,300.0,0.95,8212,40,34.815104980468746,131,212.25,🚬菸屁股,HOLD,1
RUN,2027-01-15,25.0,0.07,5734,40,82.42205078125,131,8.89,🚬菸屁股,HOLD,1
BBAI,2028-01-21,10.0,0.43,23820,40,106.93405908203127,502,2.92,🔭LEAPS,HOLD,1
SMCI,2027-01-15,105.0,0.45,12414,39,89.74619628906248,131,39.59,🆕低基期(前日Vol10) 🚬菸屁股,HOLD,1
SMCI,2028-01-21,50.0,11.65,4738,39,83.007982421875,502,39.59,🆕低基期(前日Vol7) 🔭LEAPS,HOLD,1
SOFI,2026-11-20,29.0,0.2,1142,39,63.67223828125,75,18.22,🚬菸屁股,HOLD,1
KTOS,2026-09-18,60.0,0.08,3317,39,61.71913281250001,12,47.82,🚬菸屁股,HOLD,1
JOBY,2028-01-21,20.0,0.65,9861,39,84.42398388671874,502,6.74,🔭LEAPS,HOLD,1
PCG,2026-09-11,18.0,0.01,1017,39,82.81267187499999,5,14.3,🚬菸屁股,HOLD,1
NVDA,2028-01-21,220.0,53.6,9623,38,46.90147093200684,502,230.36,🔭LEAPS,HOLD,1
OKLO,2026-10-16,70.0,0.31,1913,38,95.6055126953125,40,41.27,🚬菸屁股,HOLD,1
IONQ,2026-10-16,65.0,0.3,1631,38,87.30481445312499,40,39.52,🚬菸屁股,HOLD,1
HIMS,2028-01-21,60.0,4.62,3645,38,83.82584533691406,502,27.71,🆕低基期(前日Vol7) 🔭LEAPS,HOLD,1
WMT,2026-12-18,140.0,0.29,6842,38,31.519239501953116,103,107.14,🚬菸屁股,HOLD,1
SMCI,2028-01-21,85.0,6.9,15627,37,83.08122387695312,502,39.59,🔭LEAPS,HOLD,1
OKLO,2026-11-20,95.0,0.38,6327,37,103.41845166015626,75,41.27,🚬菸屁股,HOLD,1
OPEN,2026-09-18,5.0,0.01,11653,37,112.5004375,12,3.15,🚬菸屁股,HOLD,1
ONDS,2027-01-15,14.0,0.37,3813,37,88.67198828125,131,7.62,🚬菸屁股,HOLD,1
ONDS,2028-01-21,15.0,1.76,12832,37,94.38482177734375,502,7.62,🔭LEAPS,HOLD,1
VELO,2026-09-18,17.5,0.06,3489,37,135.93782031249998,12,11.61,🆕低基期(前日Vol4) 🚬菸屁股,HOLD,1
RUN,2028-01-21,10.0,3.0,1125,37,84.179845703125,502,8.89,🔭LEAPS,HOLD,1
MSFT,2028-01-21,600.0,48.5,6943,36,35.2095407333374,502,499.7,🔭LEAPS,HOLD,1
PLTR,2028-01-21,200.0,41.45,10737,36,62.132641860961925,502,174.33,🔭LEAPS,HOLD,1
RKLB,2026-10-16,110.0,0.26,4228,36,84.179845703125,40,64.26,🚬菸屁股,HOLD,1
SOFI,2026-11-20,26.0,0.32,1804,36,62.40271972656251,75,18.22,🚬菸屁股,HOLD,1
SOFI,2027-01-15,24.0,0.94,4818,36,59.277750976562515,131,18.22,🚬菸屁股,HOLD,1
OPEN,2027-02-19,3.0,0.81,1534,36,102.1489267578125,166,3.15,🚬菸屁股,HOLD,1
WMT,2026-10-16,130.0,0.12,3307,36,31.348342773437498,40,107.14,🚬菸屁股,HOLD,1
FLNC,2026-09-18,14.0,0.06,984,36,95.312546875,12,10.35,🚬菸屁股,HOLD,1
SOUN,2026-10-16,14.0,0.03,4372,36,113.28168359375002,40,6.74,🆕低基期(前日Vol2) 🚬菸屁股,HOLD,1
IREN,2026-12-18,105.0,0.91,1002,35,105.95750146484377,103,44.68,🚬菸屁股,HOLD,1
HOOD,2026-10-16,200.0,0.4,1022,35,74.2190078125,40,122.11,🚬菸屁股,HOLD,1
VCYT,2026-09-18,50.0,0.7,1036,35,108.30123974609376,12,42.53,🚬菸屁股,HOLD,1
NFLX,2026-09-18,97.0,0.02,1308,35,49.60987890625,12,78.25,🚬菸屁股,HOLD,1
NFLX,2026-10-16,115.0,0.07,3960,35,50.0005,40,78.25,🚬菸屁股,HOLD,1
TSLA,2027-01-15,950.0,0.58,16642,34,66.99251757812502,131,354.08,🚬菸屁股,HOLD,1
TSLA,2028-01-21,900.0,11.2,6148,34,54.388883850097656,502,354.08,🔭LEAPS,HOLD,1
IONQ,2026-09-18,60.0,0.07,4239,34,102.34423828125001,12,39.52,🚬菸屁股,HOLD,1
SOFI,2026-12-18,27.0,0.41,2650,34,61.328511718750015,103,18.22,🚬菸屁股,HOLD,1
HIMS,2026-12-18,45.0,0.99,1297,34,81.64080859375,103,27.71,🚬菸屁股,HOLD,1
RDDT,2026-09-18,200.0,0.17,3433,34,65.52768847656252,12,154.46,🚬菸屁股,HOLD,1
ORCL,2026-11-20,300.0,0.73,2180,34,71.48466015625,75,158.78,🚬菸屁股,HOLD,1
AMZN,2026-09-18,305.0,0.07,9316,34,37.695935546875,12,258.51,🚬菸屁股,HOLD,1
TSLA,2026-09-18,980.0,0.01,6806,33,140.625296875,12,354.08,🚬菸屁股,HOLD,1
INTC,2026-09-18,160.0,0.01,7535,33,92.187578125,12,95.8,🚬菸屁股,HOLD,1
SMCI,2028-01-21,60.0,10.41,6494,33,82.09246423339842,502,39.59,🆕低基期(前日Vol3) 🔭LEAPS,HOLD,1
RKLB,2026-09-18,105.0,0.01,1669,33,105.46922265625001,12,64.26,🆕低基期(前日Vol11) 🚬菸屁股,HOLD,1
ASTS,2026-11-20,180.0,0.3,2371,33,113.0863720703125,75,62.31,🚬菸屁股,HOLD,1
KTOS,2026-09-18,52.5,0.62,762,33,55.90864404296876,12,47.82,🆕低基期(前日Vol3) 🚬菸屁股,HOLD,1
LUNR,2027-01-15,55.0,0.11,1963,33,110.15669921875002,131,14.81,🚬菸屁股,HOLD,1
ACHR,2026-10-16,5.0,0.94,2539,33,67.18782812500001,40,5.71,🚬菸屁股,HOLD,1
SMR,2028-01-21,30.0,1.49,3428,33,97.85158398437501,502,9.7,🔭LEAPS,HOLD,1
MNST,2026-09-18,48.75,0.03,5250,33,36.6217275390625,12,43.82,🚬菸屁股,HOLD,1
PLUG,2026-09-18,3.5,0.01,18978,33,118.75040625,12,2.17,🚬菸屁股,HOLD,1
UUUU,2028-01-21,20.0,4.15,4929,33,90.039162109375,502,14.47,🔭LEAPS,HOLD,1
RKLB,2026-12-18,185.0,0.3,1547,32,95.94730615234374,103,64.26,🆕低基期(前日Vol7) 🚬菸屁股,HOLD,1
NBIS,2026-09-18,340.0,0.01,1138,32,97.75392871093752,12,226.39,🚬菸屁股,HOLD,1
HIMS,2026-09-18,36.0,0.11,1352,32,90.82040429687498,12,27.71,🚬菸屁股,HOLD,1
HIMS,2028-01-21,65.0,4.07,787,32,85.37612280273439,502,27.71,🆕低基期(前日Vol2) 🔭LEAPS,HOLD,1
ONDS,2026-09-11,11.5,0.02,860,32,146.875265625,5,7.62,🚬菸屁股,HOLD,1
ACHR,2026-09-18,9.0,0.01,9179,32,118.75040625,12,5.71,🚬菸屁股,HOLD,1
SMR,2028-01-21,50.0,0.78,1544,32,99.7070341796875,502,9.7,🔭LEAPS,HOLD,1
CRWV,2026-10-16,175.0,0.09,2877,32,93.7500625,40,89.36,🚬菸屁股,HOLD,1
NFLX,2026-12-18,120.0,0.29,7518,32,44.824770507812495,103,78.25,🚬菸屁股,HOLD,1
UUUU,2027-01-15,40.0,0.09,22040,32,85.937640625,131,14.47,🚬菸屁股,HOLD,1
EDIT,2027-01-15,5.0,0.28,5371,32,96.48441015625,131,3.23,🆕低基期(前日Vol3) 🚬菸屁股,HOLD,1
COIN,2026-09-18,260.0,0.27,5517,31,93.8477177734375,12,184.64,🚬菸屁股,HOLD,1
RKLB,2027-01-15,175.0,0.62,2295,31,88.37902246093749,131,64.26,🚬菸屁股,HOLD,1
RKLB,2028-01-21,200.0,5.14,2668,31,78.39377075195313,502,64.26,🔭LEAPS,HOLD,1
SOFI,2026-09-18,21.5,0.06,1270,31,56.64105859375,12,18.22,🚬菸屁股,HOLD,1
IREN,2028-01-21,105.0,8.9,1959,31,96.0815821533203,502,44.68,🆕低基期(前日Vol7) 🔭LEAPS,HOLD,1
PATH,2026-09-11,23.0,0.01,979,31,118.75040625,5,15.19,🚬菸屁股,HOLD,1
CRSP,2026-09-18,60.0,0.85,1551,31,54.93209130859377,12,55.79,🚬菸屁股,HOLD,1
HIMS,2028-01-21,95.0,2.69,3020,31,88.13488427734374,502,27.71,🔭LEAPS,HOLD,1
LUNR,2028-01-21,20.0,5.25,2578,31,102.05127099609376,502,14.81,🔭LEAPS,HOLD,1
LUNR,2028-01-21,30.0,3.79,955,31,100.63526245117185,502,14.81,🔭LEAPS,HOLD,1
ACHR,2028-01-21,15.0,0.82,14018,31,91.79695703125,502,5.71,🔭LEAPS,HOLD,1
WMT,2026-09-18,140.0,0.02,9587,31,55.469195312500005,12,107.14,🚬菸屁股,HOLD,1
RUN,2028-01-21,13.0,2.31,7991,31,76.12328564453125,502,8.89,🔭LEAPS,HOLD,1
BBAI,2026-09-11,4.0,0.01,1279,31,112.5004375,5,2.92,🚬菸屁股,HOLD,1
INTC,2026-09-18,155.0,0.01,10425,30,89.84385156249999,12,95.8,🆕低基期(前日Vol3) 🚬菸屁股,HOLD,1
UPST,2026-09-18,40.0,0.02,9091,30,91.79695703125,12,28.05,🚬菸屁股,HOLD,1
IREN,2026-11-20,100.0,0.6,2203,30,108.88717431640625,75,44.68,🆕低基期(前日Vol7) 🚬菸屁股,HOLD,1
TDOC,2027-01-15,11.0,0.17,2050,30,79.101771484375,131,6.28,🚬菸屁股,HOLD,1
OPEN,2026-12-18,10.0,0.03,28901,30,115.625421875,103,3.15,🚬菸屁股,HOLD,1
HIMS,2026-09-18,38.0,0.1,1465,30,104.29735351562503,12,27.71,🚬菸屁股,HOLD,1
ONDS,2026-12-18,20.0,0.08,6856,30,96.48441015625,103,7.62,🚬菸屁股,HOLD,1
LUNR,2028-01-21,37.0,3.2,761,30,101.05029943847654,502,14.81,🆕低基期(前日Vol1) 🔭LEAPS,HOLD,1
ACHR,2026-09-11,7.5,0.01,1282,30,93.7500625,5,5.71,🚬菸屁股,HOLD,1
ACHR,2028-01-21,4.0,2.92,3782,30,91.3086806640625,502,5.71,🆕低基期(前日Vol2) 🔭LEAPS,HOLD,1
CRWV,2026-12-18,190.0,0.56,3494,30,89.08702319335937,103,89.36,🚬菸屁股,HOLD,1
PCG,2028-01-21,10.0,5.4,2359,30,60.058993164062514,502,14.3,🔭LEAPS,HOLD,1
EVGO,2026-11-20,2.0,0.09,880,30,77.3439765625,75,1.51,🚬菸屁股,HOLD,1
ESTC,2026-09-18,110.0,0.2,1078,30,51.6606396484375,12,91.81,🚬菸屁股,HOLD,1
MSTR,2027-01-15,1000.0,0.2,5576,29,115.4301103515625,131,142.8,🚬菸屁股,HOLD,1
ASTS,2028-01-21,190.0,7.4,10047,29,85.90101989746093,502,62.31,🔭LEAPS,HOLD,1
UPST,2026-10-16,40.0,0.2,1376,29,70.312796875,40,28.05,🚬菸屁股,HOLD,1
DKNG,2027-01-15,40.0,0.35,11792,29,57.95940478515625,131,24.01,🆕低基期(前日Vol3) 🚬菸屁股,HOLD,1
OPEN,2026-12-18,6.0,0.13,1826,29,99.60937890625,103,3.15,🚬菸屁股,HOLD,1
HIMS,2026-12-18,100.0,0.12,3312,29,109.76607617187501,103,27.71,🆕低基期(前日Vol3) 🚬菸屁股,HOLD,1
KTOS,2026-09-18,57.5,0.15,1410,29,68.65265722656251,12,47.82,🚬菸屁股,HOLD,1
APP,2026-09-18,450.0,0.05,1281,29,66.79720703125001,12,320.56,🆕低基期(前日Vol4) 🚬菸屁股,HOLD,1
NFLX,2028-06-16,110.0,9.1,876,29,44.01911450195312,649,78.25,🔭LEAPS,HOLD,1
NFLX,2028-06-16,210.0,1.45,5203,29,45.374081420898435,649,78.25,🔭LEAPS,HOLD,1
ORCL,2027-01-15,500.0,0.3,6489,29,75.68383691406251,131,158.78,🚬菸屁股,HOLD,1
UUUU,2026-10-16,19.0,0.27,1521,29,75.7814921875,40,14.47,🚬菸屁股,HOLD,1
IONQ,2026-10-16,70.0,0.2,2769,28,98.82813671875,40,39.52,🚬菸屁股,HOLD,1
UPST,2026-12-18,45.0,0.8,1076,28,76.51390673828125,103,28.05,🚬菸屁股,HOLD,1
DKNG,2028-01-21,37.5,3.04,19861,28,59.79044116210939,502,24.01,🆕低基期(前日Vol3) 🔭LEAPS,HOLD,1
HIMS,2026-09-18,37.0,0.08,4273,28,82.42205078125,12,27.71,🚬菸屁股,HOLD,1
ACHR,2026-10-16,9.0,0.05,8382,28,85.1563984375,40,5.71,🚬菸屁股,HOLD,1
CRWV,2026-10-16,145.0,0.7,3373,28,87.25598681640624,40,89.36,🚬菸屁股,HOLD,1
NNDM,2027-01-15,2.0,0.16,5118,28,70.312796875,131,1.62,🆕低基期(前日Vol7) 🚬菸屁股,HOLD,1
TSLA,2028-01-21,940.0,9.75,5117,27,54.788660125732434,502,354.08,🆕低基期(前日Vol5) 🔭LEAPS,HOLD,1
IBIT,2026-10-16,59.0,0.21,9040,27,50.0005,40,45.23,🚬菸屁股,HOLD,1
IBIT,2028-01-21,55.0,7.75,6088,27,52.185536743164064,502,45.23,🔭LEAPS,HOLD,1
INTC,2026-09-18,180.0,0.02,7756,27,125.00037499999999,12,95.8,🚬菸屁股,HOLD,1
OKLO,2028-01-21,80.0,8.4,929,27,88.90391955566406,502,41.27,🆕低基期(前日Vol7) 🔭LEAPS,HOLD,1
ONDS,2028-01-21,2.0,5.87,1744,27,92.9688203125,502,7.62,🔭LEAPS,HOLD,1
JOBY,2026-09-18,10.0,0.01,21068,27,103.12548437500001,12,6.74,🆕低基期(前日Vol10) 🚬菸屁股,HOLD,1
JOBY,2026-10-16,12.0,0.03,2279,27,89.062609375,40,6.74,🚬菸屁股,HOLD,1
PCG,2026-10-16,25.0,0.09,14977,27,89.84385156249999,40,14.3,🚬菸屁股,HOLD,1
MNST,2026-12-18,50.0,0.81,1838,27,31.763377685546875,103,43.82,🚬菸屁股,HOLD,1
NFLX,2028-01-21,125.0,4.61,1516,27,43.56745886230469,502,78.25,🔭LEAPS,HOLD,1
BA,2026-09-18,265.0,0.01,5723,27,39.063109374999996,12,212.25,🆕低基期(前日Vol6) 🚬菸屁股,HOLD,1
SMCI,2028-01-21,80.0,6.98,1275,26,83.43522424316406,502,39.59,🆕低基期(前日Vol2) 🔭LEAPS,HOLD,1
RKLB,2026-09-18,140.0,0.02,3994,26,142.1877890625,12,64.26,🚬菸屁股,HOLD,1
TDOC,2028-01-21,7.0,1.7,1853,26,69.58038232421876,502,6.28,🆕低基期(前日Vol3) 🔭LEAPS,HOLD,1
NTLA,2027-01-15,20.0,0.81,5796,26,86.4259169921875,131,12.74,🚬菸屁股,HOLD,1
PACB,2028-01-21,2.0,0.48,5094,26,116.01604492187501,502,1.35,🔭LEAPS,HOLD,1
KTOS,2026-11-20,70.0,0.95,1182,26,70.16631396484375,75,47.82,🚬菸屁股,HOLD,1
JOBY,2027-01-15,11.0,0.26,779,26,76.95335546875,131,6.74,🆕低基期(前日Vol8) 🚬菸屁股,HOLD,1
ACHR,2028-01-21,20.0,0.57,7594,26,89.74619628906248,502,5.71,🔭LEAPS,HOLD,1
VRT,2026-09-18,430.0,0.05,774,26,89.257919921875,12,280.53,🚬菸屁股,HOLD,1
APP,2026-09-18,600.0,0.01,3264,26,103.90673046875003,12,320.56,🚬菸屁股,HOLD,1
ORCL,2028-01-21,380.0,9.72,12476,26,62.9886513671875,502,158.78,🔭LEAPS,HOLD,1
FLNC,2028-01-21,10.0,4.71,761,26,100.3422951660156,502,10.35,🔭LEAPS,HOLD,1
IBIT,2027-01-15,110.0,0.12,29591,25,65.33237792968751,131,45.23,🚬菸屁股,HOLD,1
OKLO,2026-10-16,65.0,0.48,1458,25,88.76964355468748,40,41.27,🚬菸屁股,HOLD,1
VST,2026-09-18,200.0,0.05,8529,25,58.5941640625,12,149.3,🚬菸屁股,HOLD,1
VST,2026-11-20,240.0,0.3,1998,25,55.347126220703124,75,149.3,🚬菸屁股,HOLD,1
SOFI,2028-01-21,23.0,3.97,3770,25,64.59996337890624,502,18.22,🔭LEAPS,HOLD,1
SOFI,2028-06-16,13.0,8.57,3456,25,70.58134887695313,649,18.22,🔭LEAPS,HOLD,1
U,2026-09-18,52.0,0.12,1557,25,69.72686523437501,12,41.66,🚬菸屁股,HOLD,1
OPEN,2026-12-18,8.0,0.06,2131,25,111.71919140624999,103,3.15,🚬菸屁股,HOLD,1
OPEN,2028-01-21,1.0,2.35,3380,25,120.3128984375,502,3.15,🔭LEAPS,HOLD,1
NNE,2027-01-15,65.0,0.15,1252,25,107.22702636718753,131,17.72,🚬菸屁股,HOLD,1
PCG,2026-09-18,26.0,0.02,5068,25,129.6878515625,12,14.3,🚬菸屁股,HOLD,1
NFLX,2026-12-18,112.0,0.5,1423,25,43.2622861328125,103,78.25,🚬菸屁股,HOLD,1
BLDP,2026-11-20,5.0,0.05,5682,25,110.15669921875002,75,2.34,🚬菸屁股,HOLD,1
RUN,2026-11-20,12.0,0.43,3459,25,80.07832421875,75,8.89,🚬菸屁股,HOLD,1
SOUN,2028-01-21,17.0,0.97,2413,25,84.91226025390624,502,6.74,🔭LEAPS,HOLD,1
BBAI,2027-01-15,4.5,0.21,11703,25,87.10950390625,131,2.92,🚬菸屁股,HOLD,1
UUUU,2026-11-20,18.0,0.89,2357,25,75.00025000000001,75,14.47,🚬菸屁股,HOLD,1
NVDA,2028-01-21,410.0,9.9,21535,24,43.247027496337886,502,230.36,🆕低基期(前日Vol2) 🔭LEAPS,HOLD,1
INTC,2026-12-18,195.0,0.91,6175,24,76.05004418945313,103,95.8,🚬菸屁股,HOLD,1
IONQ,2026-10-16,60.0,0.44,2574,24,84.57046679687498,40,39.52,🚬菸屁股,HOLD,1
IREN,2026-12-18,110.0,0.81,3994,24,107.51999365234377,103,44.68,🚬菸屁股,HOLD,1
SMR,2026-11-20,25.0,0.08,4692,24,106.64109179687502,75,9.7,🚬菸屁股,HOLD,1
NFLX,2027-01-15,239.0,0.03,1046,24,64.062859375,131,78.25,🚬菸屁股,HOLD,1
NFLX,2028-01-21,170.0,1.72,922,24,45.007874145507806,502,78.25,🔭LEAPS,HOLD,1
BA,2027-01-15,325.0,0.38,1643,24,36.67055517578125,131,212.25,🚬菸屁股,HOLD,1
PLUG,2028-01-21,4.0,0.55,14345,24,92.38288867187501,502,2.17,🔭LEAPS,HOLD,1
UUUU,2028-01-21,12.0,6.45,1665,24,86.79212426757812,502,14.47,🆕低基期(前日Vol4) 🔭LEAPS,HOLD,1
IBIT,2028-01-21,80.0,3.45,7324,23,52.429674926757805,502,45.23,🔭LEAPS,HOLD,1
RKLB,2026-10-16,95.0,0.6,1846,23,76.46507910156251,40,64.26,🚬菸屁股,HOLD,1
RKLB,2028-01-21,160.0,7.3,1879,23,78.2350809326172,502,64.26,🔭LEAPS,HOLD,1
DKNG,2026-09-18,28.0,0.07,1041,23,53.51608984375,12,24.01,🆕低基期(前日Vol1) 🚬菸屁股,HOLD,1
PACB,2027-01-15,4.0,0.05,2032,23,121.875390625,131,1.35,🚬菸屁股,HOLD,1
HIMS,2026-09-11,40.0,0.02,954,23,110.9379453125,5,27.71,🚬菸屁股,HOLD,1
TJX,2026-09-11,170.0,0.4,899,23,87.695435546875,5,132.08,🚬菸屁股,HOLD,1
TJX,2026-10-16,145.0,0.75,1460,23,23.42605871582031,40,132.08,🚬菸屁股,HOLD,1
WMT,2027-01-15,140.0,0.48,7146,23,29.66378930664062,131,107.14,🚬菸屁股,HOLD,1
RDDT,2026-09-18,220.0,0.05,2599,23,75.39087109375001,12,154.46,🚬菸屁股,HOLD,1
NNDM,2027-01-15,2.5,0.05,1855,23,64.062859375,131,1.62,🚬菸屁股,HOLD,1
BBAI,2027-01-15,12.0,0.03,16268,23,117.1879140625,131,2.92,🚬菸屁股,HOLD,1
UUUU,2026-11-20,20.0,0.55,1574,23,75.39087109375001,75,14.47,🚬菸屁股,HOLD,1
NVDA,2026-09-18,400.0,0.01,19001,22,84.37515624999999,12,230.36,🚬菸屁股,HOLD,1
IBIT,2026-11-20,90.0,0.09,8044,22,67.96907031250001,75,45.23,🚬菸屁股,HOLD,1
IBIT,2027-01-15,120.0,0.08,17951,22,68.7503125,131,45.23,🚬菸屁股,HOLD,1
SMCI,2026-09-18,65.0,0.04,2315,22,108.59420703125,12,39.59,🚬菸屁股,HOLD,1
SMCI,2026-12-18,120.0,0.25,10873,22,98.242205078125,103,39.59,🚬菸屁股,HOLD,1
OKLO,2026-09-18,75.0,0.06,1905,22,136.328443359375,12,41.27,🚬菸屁股,HOLD,1
OKLO,2026-11-20,90.0,0.51,1601,22,100.9770576171875,75,41.27,🆕低基期(前日Vol6) 🚬菸屁股,HOLD,1
IONQ,2026-11-20,70.0,0.8,978,22,93.8477177734375,75,39.52,🆕低基期(前日Vol4) 🚬菸屁股,HOLD,1
UPST,2027-01-15,60.0,0.42,3302,22,79.15059912109376,131,28.05,🚬菸屁股,HOLD,1
UPST,2028-01-21,25.0,11.8,956,22,82.62956823730467,502,28.05,🔭LEAPS,HOLD,1
SOFI,2026-09-18,27.0,0.01,13593,22,87.500125,12,18.22,🚬菸屁股,HOLD,1
HIMS,2027-01-15,80.0,0.32,4516,22,98.1445498046875,131,27.71,🚬菸屁股,HOLD,1
WMT,2027-01-15,145.0,0.33,2901,22,32.080757324218744,131,107.14,🆕低基期(前日Vol6) 🚬菸屁股,HOLD,1
WMT,2028-01-21,145.0,4.9,1617,22,30.70137658691406,502,107.14,🆕低基期(前日Vol1) 🔭LEAPS,HOLD,1
PCG,2028-01-21,17.0,1.45,1267,22,51.22119091796875,502,14.3,🔭LEAPS,HOLD,1
RDDT,2026-09-18,210.0,0.1,1553,22,68.35969140625001,12,154.46,🚬菸屁股,HOLD,1
NFLX,2026-12-18,266.0,0.02,5146,22,76.95335546875,103,78.25,🚬菸屁股,HOLD,1
FLNC,2026-09-18,11.0,0.3,756,22,74.60962890625001,12,10.35,🚬菸屁股,HOLD,1
PLUG,2028-01-21,3.5,0.58,5035,22,88.476677734375,502,2.17,🔭LEAPS,HOLD,1
BBAI,2026-09-18,5.0,0.01,16903,22,125.00037499999999,12,2.92,🚬菸屁股,HOLD,1
INTC,2028-01-21,65.0,43.64,7371,21,72.89455816650391,502,95.8,🆕低基期(前日Vol8) 🔭LEAPS,HOLD,1
SMCI,2026-09-18,70.0,0.03,6503,21,117.1879140625,12,39.59,🚬菸屁股,HOLD,1
SMCI,2027-01-15,100.0,0.57,5003,21,89.40440283203124,131,39.59,🆕低基期(前日Vol1) 🚬菸屁股,HOLD,1
SMCI,2028-01-21,70.0,8.75,2173,21,82.64177514648436,502,39.59,🆕低基期(前日Vol1) 🔭LEAPS,HOLD,1
OKLO,2026-10-16,80.0,0.18,3067,21,101.172369140625,40,41.27,🚬菸屁股,HOLD,1
OKLO,2026-12-18,125.0,0.4,2251,21,102.44189404296877,103,41.27,🚬菸屁股,HOLD,1
OKLO,2027-01-15,105.0,0.77,10720,21,94.09185595703124,131,41.27,🚬菸屁股,HOLD,1
IONQ,2026-10-16,80.0,0.11,1510,21,94.14068359375,40,39.52,🆕低基期(前日Vol6) 🚬菸屁股,HOLD,1
SOFI,2026-10-16,28.0,0.04,1519,21,64.062859375,40,18.22,🚬菸屁股,HOLD,1
XYZ,2026-09-18,95.0,0.14,3203,21,45.6060126953125,12,82.76,🚬菸屁股,HOLD,1
ONDS,2026-12-18,12.0,0.4,3971,21,87.500125,103,7.62,🚬菸屁股,HOLD,1
JOBY,2027-01-15,14.0,0.17,2920,21,81.2501875,131,6.74,🚬菸屁股,HOLD,1
ACHR,2028-01-21,1.0,4.8,1026,21,117.96916015624998,502,5.71,🆕低基期(前日Vol5) 🔭LEAPS,HOLD,1
SMR,2027-01-15,40.0,0.1,7562,21,116.01604492187501,131,9.7,🚬菸屁股,HOLD,1
WMT,2028-01-21,140.0,5.65,894,21,31.78779150390625,502,107.14,🆕低基期(前日Vol1) 🔭LEAPS,HOLD,1
PCG,2026-10-16,21.0,0.14,7739,21,72.851833984375,40,14.3,🆕低基期(前日Vol1) 🚬菸屁股,HOLD,1
MNST,2026-09-18,52.5,0.08,1896,21,55.078574218750006,12,43.82,🚬菸屁股,HOLD,1
BE,2026-09-18,460.0,0.06,784,21,145.703396484375,12,252.87,🚬菸屁股,HOLD,1
ORCL,2026-10-16,270.0,0.48,2049,21,78.17404638671876,40,158.78,🚬菸屁股,HOLD,1
FLNC,2026-11-20,15.0,0.44,1327,21,85.742330078125,75,10.35,🚬菸屁股,HOLD,1
PLUG,2027-01-15,3.5,0.14,27138,21,85.937640625,131,2.17,🚬菸屁股,HOLD,1
TSLA,2026-12-18,730.0,0.8,8226,20,61.548236083984385,103,354.08,🚬菸屁股,HOLD,1
TSLA,2026-12-18,960.0,0.3,5526,20,71.48466015625,103,354.08,🚬菸屁股,HOLD,1
IBIT,2026-10-16,80.0,0.05,5092,20,72.26590234375,40,45.23,🚬菸屁股,HOLD,1
RKLB,2026-10-16,195.0,0.05,2156,20,144.72683886718752,40,64.26,🆕低基期(前日Vol2) 🚬菸屁股,HOLD,1
RKLB,2028-01-21,120.0,11.33,3611,20,78.6134951171875,502,64.26,🔭LEAPS,HOLD,1
RKLB,2028-01-21,140.0,9.0,2929,20,78.40597766113282,502,64.26,🆕低基期(前日Vol8) 🔭LEAPS,HOLD,1
ASTS,2027-01-15,180.0,0.9,9705,20,96.87503124999999,131,62.31,🚬菸屁股,HOLD,1
ASTS,2028-01-21,170.0,9.75,1553,20,88.56822955322265,502,62.31,🔭LEAPS,HOLD,1
UPST,2028-01-21,40.0,6.7,2338,20,79.61446166992188,502,28.05,🔭LEAPS,HOLD,1
UPST,2028-01-21,105.0,1.66,1116,20,79.93184130859376,502,28.05,🆕低基期(前日Vol2) 🔭LEAPS,HOLD,1
DKNG,2026-12-18,80.0,0.11,871,20,93.7500625,103,24.01,🚬菸屁股,HOLD,1
IREN,2026-09-18,85.0,0.01,4081,20,130.46909765624997,12,44.68,🆕低基期(前日Vol4) 🚬菸屁股,HOLD,1
NBIS,2026-09-18,400.0,0.06,2960,20,106.44578027343752,12,226.39,🚬菸屁股,HOLD,1
PATH,2026-11-20,23.0,0.23,4310,20,67.38313867187502,75,15.19,🚬菸屁股,HOLD,1
TDOC,2027-01-15,10.0,0.21,10455,20,73.633076171875,131,6.28,🆕低基期(前日Vol3) 🚬菸屁股,HOLD,1
OPEN,2027-01-15,15.0,0.04,18380,20,134.37532812499998,131,3.15,🚬菸屁股,HOLD,1
OPEN,2027-02-19,5.0,0.32,7273,20,95.70316796875,166,3.15,🚬菸屁股,HOLD,1
NTLA,2026-09-18,13.0,0.65,1519,20,66.79720703125001,12,12.74,🆕低基期(前日Vol4) 🚬菸屁股,HOLD,1
HIMS,2026-10-16,37.0,0.5,1549,20,74.7072841796875,40,27.71,🚬菸屁股,HOLD,1
LUNR,2027-01-15,27.0,0.81,1748,20,93.8477177734375,131,14.81,🆕低基期(前日Vol4) 🚬菸屁股,HOLD,1
LUNR,2027-01-15,37.0,0.35,2798,20,96.5820654296875,131,14.81,🆕低基期(前日Vol4) 🚬菸屁股,HOLD,1
LUNR,2028-01-21,32.0,3.9,1266,20,100.9770576171875,502,14.81,🔭LEAPS,HOLD,1
JOBY,2027-01-15,25.0,0.03,3095,20,99.804689453125,131,6.74,🆕低基期(前日Vol3) 🚬菸屁股,HOLD,1
TJX,2026-10-16,170.0,0.01,1196,20,34.668622070312495,40,132.08,🚬菸屁股,HOLD,1
APP,2026-11-20,650.0,0.9,1145,20,70.82548706054688,75,320.56,🚬菸屁股,HOLD,1
RDDT,2026-09-18,195.0,0.3,862,20,65.1370673828125,12,154.46,🚬菸屁股,HOLD,1
NFLX,2026-12-18,166.0,0.25,2197,20,65.1370673828125,103,78.25,🚬菸屁股,HOLD,1
MU,2026-09-18,1440.0,0.36,765,20,75.83031982421876,12,1016.59,🚬菸屁股,HOLD,1
AMZN,2026-09-18,380.0,0.01,3922,20,67.18782812500001,12,258.51,🚬菸屁股,HOLD,1
AMZN,2026-10-16,370.0,0.04,4463,20,44.6294599609375,40,258.51,🚬菸屁股,HOLD,1
DDD,2027-01-15,7.5,0.15,7401,20,96.87503124999999,131,3.46,🚬菸屁股,HOLD,1
BLDP,2026-11-20,8.0,0.05,1194,20,137.50031249999998,75,2.34,🚬菸屁股,HOLD,1
EVGO,2027-01-15,5.0,0.05,6823,20,109.375453125,131,1.51,🚬菸屁股,HOLD,1
AFRM,2026-12-18,120.0,0.67,841,20,60.30313134765627,103,72.35,🆕低基期(前日Vol1) 🚬菸屁股,HOLD,1
NVDA,2027-01-15,370.0,0.74,5411,19,40.686628295898444,131,230.36,🚬菸屁股,HOLD,1
IONQ,2026-09-18,49.0,0.33,1349,19,86.7188828125,12,39.52,🚬菸屁股,HOLD,1
IONQ,2027-01-15,120.0,0.37,3939,19,98.68165380859377,131,39.52,🆕低基期(前日Vol3) 🚬菸屁股,HOLD,1
SOFI,2027-01-15,32.0,0.29,18316,19,63.867548828124995,131,18.22,🚬菸屁股,HOLD,1
SOFI,2028-06-16,32.0,3.12,12677,19,65.52768847656252,649,18.22,🔭LEAPS,HOLD,1
DKNG,2027-01-15,75.0,0.08,1010,19,94.0430283203125,131,24.01,🚬菸屁股,HOLD,1
TDOC,2027-01-15,25.0,0.02,2917,19,98.437515625,131,6.28,🚬菸屁股,HOLD,1
CRSP,2028-01-21,110.0,5.55,761,19,64.04454901123047,502,55.79,🆕低基期(前日Vol1) 🔭LEAPS,HOLD,1
PACB,2026-09-18,1.5,0.05,10768,19,98.437515625,12,1.35,🚬菸屁股,HOLD,1
KTOS,2027-01-15,100.0,0.47,1511,19,66.35775830078127,131,47.82,🆕低基期(前日Vol3) 🚬菸屁股,HOLD,1
LUNR,2026-09-18,20.0,0.06,3636,19,89.84385156249999,12,14.81,🚬菸屁股,HOLD,1
JOBY,2026-10-16,9.0,0.08,2078,19,69.92217578125,40,6.74,🚬菸屁股,HOLD,1
RDDT,2026-09-18,190.0,0.48,2010,19,62.01209863281252,12,154.46,🚬菸屁股,HOLD,1
NFLX,2026-11-20,120.0,0.17,4173,19,47.5591181640625,75,78.25,🚬菸屁股,HOLD,1
ORCL,2026-09-18,360.0,0.03,1287,19,139.06280468749998,12,158.78,🚬菸屁股,HOLD,1
SOUN,2026-09-18,8.5,0.02,977,19,76.562734375,12,6.74,🚬菸屁股,HOLD,1
UUUU,2027-01-15,27.0,0.39,2357,19,77.24632128906251,131,14.47,🚬菸屁股,HOLD,1
ESTC,2026-09-18,100.0,0.86,4299,19,51.17236328125,12,91.81,🚬菸屁股,HOLD,1
IBIT,2026-09-18,90.0,0.02,10274,18,115.625421875,12,45.23,🚬菸屁股,HOLD,1
IBIT,2026-09-18,95.0,0.01,8371,18,125.00037499999999,12,45.23,🚬菸屁股,HOLD,1
RKLB,2028-01-21,175.0,6.45,3463,18,79.2421509399414,502,64.26,🆕低基期(前日Vol1) 🔭LEAPS,HOLD,1
UPST,2027-01-15,65.0,0.38,784,18,79.29708203125,131,28.05,🚬菸屁股,HOLD,1
SOFI,2027-01-15,47.0,0.08,21605,18,73.437765625,131,18.22,🚬菸屁股,HOLD,1
IREN,2028-01-21,95.0,9.3,1209,18,96.16703051757811,502,44.68,🆕低基期(前日Vol1) 🔭LEAPS,HOLD,1
HIMS,2027-01-15,105.0,0.2,12535,18,104.10204199218754,131,27.71,🚬菸屁股,HOLD,1
HIMS,2028-01-21,25.0,11.3,4438,18,86.5113653564453,502,27.71,🔭LEAPS,HOLD,1
LUNR,2028-01-21,15.0,6.68,1095,18,105.37156689453124,502,14.81,🔭LEAPS,HOLD,1
SMR,2028-01-21,35.0,1.22,1056,18,98.38868798828125,502,9.7,🔭LEAPS,HOLD,1
NFLX,2027-01-15,108.0,0.99,6552,18,41.45566357421875,131,78.25,🚬菸屁股,HOLD,1
MRNA,2026-09-18,195.0,0.5,1139,18,90.82040429687498,12,145.55,🚬菸屁股,HOLD,1
FLNC,2028-01-21,15.0,3.6,1095,18,101.3676806640625,502,10.35,🔭LEAPS,HOLD,1
FLNC,2028-01-21,22.0,2.6,2530,18,102.19775463867187,502,10.35,🔭LEAPS,HOLD,1
PLUG,2028-01-21,4.5,0.48,6774,18,90.62509374999999,502,2.17,🔭LEAPS,HOLD,1
RUN,2026-09-18,12.0,0.02,2879,18,65.62534375000001,12,8.89,🚬菸屁股,HOLD,1
AFRM,2026-09-18,85.0,0.22,2847,18,52.6371923828125,12,72.35,🚬菸屁股,HOLD,1
TSLA,2026-09-18,490.0,0.21,6900,17,71.87528125,12,354.08,🚬菸屁股,HOLD,1
GOOG,2026-09-18,460.0,0.03,5784,17,53.51608984375,12,335.31,🆕低基期(前日Vol3) 🚬菸屁股,HOLD,1
ASTS,2027-01-15,190.0,0.72,6358,17,99.46289599609376,131,62.31,🚬菸屁股,HOLD,1
SOFI,2026-11-20,27.0,0.26,3049,17,63.281617187500004,75,18.22,🚬菸屁股,HOLD,1
DKNG,2026-11-20,40.0,0.14,5796,17,62.305064453125006,75,24.01,🚬菸屁股,HOLD,1
PATH,2026-09-18,24.0,0.01,2238,17,90.62509374999999,12,15.19,🚬菸屁股,HOLD,1
TDOC,2027-01-15,7.5,0.53,15136,17,64.45348046875,131,6.28,🚬菸屁股,HOLD,1
OPEN,2026-10-16,7.0,0.01,2813,17,117.1879140625,40,3.15,🚬菸屁股,HOLD,1
JOBY,2027-01-15,15.0,0.1,11199,17,78.9064609375,131,6.74,🚬菸屁股,HOLD,1
NFLX,2026-11-20,140.0,0.08,1279,17,56.055126953125,75,78.25,🚬菸屁股,HOLD,1
FLNC,2028-01-21,17.0,3.31,1796,17,100.04932788085937,502,10.35,🔭LEAPS,HOLD,1
EVGO,2027-02-19,1.0,0.39,6571,17,139.06280468749998,166,1.51,🚬菸屁股,HOLD,1
IBIT,2028-01-21,90.0,2.65,5146,16,53.11326184082033,502,45.23,🔭LEAPS,HOLD,1
SMCI,2026-12-18,100.0,0.38,9643,16,93.945373046875,103,39.59,🚬菸屁股,HOLD,1
RKLB,2026-09-18,95.0,0.06,3016,16,92.9688203125,12,64.26,🚬菸屁股,HOLD,1
RKLB,2028-01-21,125.0,10.7,2068,16,78.32052929687501,502,64.26,🆕低基期(前日Vol5) 🔭LEAPS,HOLD,1
IONQ,2028-01-21,120.0,4.45,2394,16,84.68032897949217,502,39.52,🔭LEAPS,HOLD,1
DKNG,2026-12-18,55.0,0.1,3397,16,80.27363476562499,103,24.01,🚬菸屁股,HOLD,1
U,2028-01-21,50.0,11.5,2159,16,68.07282904052737,502,41.66,🔭LEAPS,HOLD,1
NTLA,2026-10-16,14.0,0.95,774,16,83.007982421875,40,12.74,🚬菸屁股,HOLD,1
ONDS,2027-01-15,13.0,0.44,3439,16,87.89074609375,131,7.62,🚬菸屁股,HOLD,1
LUNR,2028-01-21,25.0,4.6,4571,16,101.48975036621093,502,14.81,🔭LEAPS,HOLD,1
NFLX,2028-01-21,124.0,4.7,8092,16,43.32332067871094,502,78.25,🔭LEAPS,HOLD,1
BA,2026-09-18,270.0,0.09,2978,16,42.188078125,12,212.25,🚬菸屁股,HOLD,1
IBIT,2028-01-21,62.0,6.5,5609,15,51.78270874023438,502,45.23,🔭LEAPS,HOLD,1
OKLO,2026-10-16,95.0,0.08,2332,15,112.5004375,40,41.27,🆕低基期(前日Vol4) 🚬菸屁股,HOLD,1
OKLO,2028-01-21,100.0,7.05,5579,15,88.96495410156248,502,41.27,🔭LEAPS,HOLD,1
UPST,2026-10-16,50.0,0.04,2324,15,84.37515624999999,40,28.05,🚬菸屁股,HOLD,1
ZM,2026-09-18,140.0,0.3,1139,15,91.4063359375,12,101.33,🆕低基期(前日Vol2) 🚬菸屁股,HOLD,1
NTLA,2027-01-15,42.0,0.05,870,15,96.87503124999999,131,12.74,🚬菸屁股,HOLD,1
HIMS,2026-09-18,42.0,0.04,2955,15,106.25046875000001,12,27.71,🚬菸屁股,HOLD,1
HIMS,2028-01-21,70.0,4.3,797,15,85.31508825683593,502,27.71,🔭LEAPS,HOLD,1
ONDS,2026-12-18,14.0,0.25,8010,15,91.4063359375,103,7.62,🚬菸屁股,HOLD,1
ONDS,2026-12-18,15.0,0.15,7267,15,91.79695703125,103,7.62,🚬菸屁股,HOLD,1
ONDS,2027-01-15,19.0,0.14,1028,15,93.35944140625,131,7.62,🚬菸屁股,HOLD,1
JOBY,2026-11-20,7.0,0.77,1499,15,71.28934960937501,75,6.74,🚬菸屁股,HOLD,1
PCG,2026-10-16,19.0,0.23,11163,15,71.28934960937501,40,14.3,🚬菸屁股,HOLD,1
NFLX,2028-06-16,130.0,6.01,920,15,43.72614868164062,649,78.25,🔭LEAPS,HOLD,1
ORCL,2026-12-18,450.0,0.23,1542,15,78.12521875,103,158.78,🚬菸屁股,HOLD,1
SOUN,2026-10-16,12.0,0.04,11693,15,93.7500625,40,6.74,🚬菸屁股,HOLD,1
UUUU,2027-01-15,37.0,0.13,1756,15,84.179845703125,131,14.47,🚬菸屁股,HOLD,1
BRZE,2026-09-18,47.5,0.11,1219,15,108.59420703125,12,31.96,🚬菸屁股,HOLD,1
OKLO,2026-11-20,75.0,0.86,1840,14,95.84965087890623,75,41.27,🚬菸屁股,HOLD,1
VST,2026-10-16,190.0,0.72,767,14,47.90091162109375,40,149.3,🆕低基期(前日Vol1) 🚬菸屁股,HOLD,1
RKLB,2026-10-16,125.0,0.17,5484,14,92.4805439453125,40,64.26,🚬菸屁股,HOLD,1
RKLB,2028-01-21,130.0,10.0,3185,14,78.39377075195313,502,64.26,🔭LEAPS,HOLD,1
ASTS,2026-11-20,185.0,0.23,4064,14,108.3988955078125,75,62.31,🚬菸屁股,HOLD,1
SOFI,2028-01-21,10.0,9.85,4668,14,73.68190380859374,502,18.22,🔭LEAPS,HOLD,1
DKNG,2026-12-18,35.0,0.45,2994,14,59.32657861328126,103,24.01,🚬菸屁股,HOLD,1
XYZ,2028-01-21,110.0,11.5,1960,14,51.514156738281244,502,82.76,🔭LEAPS,HOLD,1
OPEN,2026-11-20,9.0,0.02,12263,14,121.875390625,75,3.15,🚬菸屁股,HOLD,1
OPEN,2026-12-18,7.0,0.11,1239,14,111.71919140624999,103,3.15,🚬菸屁股,HOLD,1
ONDS,2026-09-11,10.5,0.01,2024,14,112.5004375,5,7.62,🚬菸屁股,HOLD,1
ONDS,2027-01-15,16.0,0.23,1150,14,90.429783203125,131,7.62,🚬菸屁股,HOLD,1
ONDS,2028-01-21,20.0,1.31,14566,14,95.6055126953125,502,7.62,🔭LEAPS,HOLD,1
JOBY,2027-01-15,12.0,0.2,8013,14,78.32052929687501,131,6.74,🚬菸屁股,HOLD,1
ACHR,2028-01-21,2.0,4.04,1024,14,97.26565234374999,502,5.71,🔭LEAPS,HOLD,1
SMR,2028-01-21,5.0,6.0,1985,14,100.58643457031249,502,9.7,🔭LEAPS,HOLD,1
NNE,2027-01-15,60.0,0.17,1727,14,96.87503124999999,131,17.72,🚬菸屁股,HOLD,1
CRWV,2026-10-16,160.0,0.37,4919,14,90.9180595703125,40,89.36,🆕低基期(前日Vol1) 🚬菸屁股,HOLD,1
WMT,2026-10-16,135.0,0.04,1669,14,33.20379296875,40,107.14,🚬菸屁股,HOLD,1
WMT,2026-11-20,135.0,0.27,2915,14,30.542686767578125,75,107.14,🚬菸屁股,HOLD,1
NFLX,2026-10-16,120.0,0.04,1873,14,52.3442265625,40,78.25,🚬菸屁股,HOLD,1
MU,2026-09-18,1800.0,0.06,809,14,98.242205078125,12,1016.59,🚬菸屁股,HOLD,1
ORCL,2026-09-18,290.0,0.09,3205,14,120.3128984375,12,158.78,🚬菸屁股,HOLD,1
AMZN,2026-09-18,325.0,0.02,7250,14,47.461462890625,12,258.51,🚬菸屁股,HOLD,1
NNDM,2027-01-15,4.0,0.05,980,14,89.062609375,131,1.62,🚬菸屁股,HOLD,1
NVDA,2028-01-21,380.0,12.4,8967,13,43.08223422241212,502,230.36,🆕低基期(前日Vol4) 🔭LEAPS,HOLD,1
MSTR,2026-09-18,280.0,0.03,6742,13,136.328443359375,12,142.8,🚬菸屁股,HOLD,1
IBIT,2028-01-21,60.0,6.47,7723,13,51.776605285644536,502,45.23,🔭LEAPS,HOLD,1
VST,2027-01-15,250.0,0.91,2754,13,51.294432373046874,131,149.3,🚬菸屁股,HOLD,1
RKLB,2026-09-18,115.0,0.03,766,13,114.84417578124999,12,64.26,🆕低基期(前日Vol4) 🚬菸屁股,HOLD,1
ASTS,2026-09-18,115.0,0.05,1438,13,126.56286718749999,12,62.31,🚬菸屁股,HOLD,1
IONQ,2027-01-15,95.0,0.71,1477,13,91.06454248046875,131,39.52,🚬菸屁股,HOLD,1
SOFI,2028-01-21,37.0,1.77,8093,13,64.91734301757812,502,18.22,🔭LEAPS,HOLD,1
PATH,2028-01-21,5.0,10.8,2479,13,91.1133701171875,502,15.19,🔭LEAPS,HOLD,1
HOOD,2026-12-18,290.0,0.63,10246,13,78.8088056640625,103,122.11,🚬菸屁股,HOLD,1
HIMS,2026-11-20,50.0,0.53,1570,13,91.8946123046875,75,27.71,🚬菸屁股,HOLD,1
HIMS,2028-01-21,80.0,3.28,1037,13,86.2306064453125,502,27.71,🆕低基期(前日Vol1) 🔭LEAPS,HOLD,1
LUNR,2026-09-18,25.0,0.08,2374,13,132.81283593749998,12,14.81,🚬菸屁股,HOLD,1
LUNR,2027-01-15,40.0,0.28,4988,13,96.679720703125,131,14.81,🆕低基期(前日Vol2) 🚬菸屁股,HOLD,1
ACHR,2027-01-15,20.0,0.08,25310,13,109.375453125,131,5.71,🚬菸屁股,HOLD,1
RDDT,2028-01-21,400.0,11.0,1262,13,67.96907031250001,502,154.46,🔭LEAPS,HOLD,1
NFLX,2026-09-18,111.0,0.06,1034,13,71.0940390625,12,78.25,🚬菸屁股,HOLD,1
BA,2026-10-16,250.0,0.65,1825,13,31.81220532226562,40,212.25,🚬菸屁股,HOLD,1
BA,2026-12-18,350.0,0.14,2020,13,39.600213378906254,103,212.25,🆕低基期(前日Vol4) 🚬菸屁股,HOLD,1
BA,2027-01-15,340.0,0.3,2330,13,38.62366064453124,131,212.25,🆕低基期(前日Vol2) 🚬菸屁股,HOLD,1
NNDM,2026-11-20,2.5,0.03,3032,13,84.37515624999999,75,1.62,🚬菸屁股,HOLD,1
PLUG,2028-01-21,1.5,1.11,6449,13,89.45323046875,502,2.17,🔭LEAPS,HOLD,1
SOUN,2028-01-21,4.0,3.5,1468,13,90.62509374999999,502,6.74,🔭LEAPS,HOLD,1
BBAI,2028-01-21,12.0,0.37,5422,13,101.7583037109375,502,2.92,🔭LEAPS,HOLD,1
UUUU,2026-09-18,18.0,0.06,4828,13,70.70341796875,12,14.47,🚬菸屁股,HOLD,1
UUUU,2027-01-15,24.0,0.6,1206,13,80.1759794921875,131,14.47,🚬菸屁股,HOLD,1
UUUU,2028-01-21,15.0,5.35,2543,13,84.57046679687498,502,14.47,🔭LEAPS,HOLD,1
EDIT,2027-01-15,7.5,0.1,2830,13,104.29735351562503,131,3.23,🚬菸屁股,HOLD,1
AFRM,2026-09-18,110.0,0.99,883,13,71.87528125,12,72.35,🚬菸屁股,HOLD,1
AAPL,2026-09-18,390.0,0.03,5531,12,39.8443515625,12,319.97,🚬菸屁股,HOLD,1
INTC,2026-10-16,175.0,0.1,5198,12,77.73459765625,40,95.8,🆕低基期(前日Vol4) 🚬菸屁股,HOLD,1
INTC,2028-01-21,45.0,56.13,6114,12,82.19011950683593,502,95.8,🔭LEAPS,HOLD,1
OKLO,2027-01-15,200.0,0.18,4074,12,116.40666796875001,131,41.27,🚬菸屁股,HOLD,1
RKLB,2026-12-18,200.0,0.22,1044,12,99.804689453125,103,64.26,🚬菸屁股,HOLD,1
RKLB,2027-01-15,200.0,0.42,3514,12,91.50399121093751,131,64.26,🚬菸屁股,HOLD,1
RKLB,2028-01-21,185.0,5.8,1972,12,78.00925311279296,502,64.26,🆕低基期(前日Vol1) 🔭LEAPS,HOLD,1
ASTS,2026-09-18,120.0,0.05,3176,12,132.03158984375,12,62.31,🚬菸屁股,HOLD,1
ASTS,2026-11-20,140.0,0.6,1733,12,99.7070341796875,75,62.31,🆕低基期(前日Vol2) 🚬菸屁股,HOLD,1
DKNG,2027-01-15,35.0,0.75,11955,12,55.9574716796875,131,24.01,🚬菸屁股,HOLD,1
TDOC,2027-01-15,9.0,0.33,1276,12,66.01596484375001,131,6.28,🚬菸屁股,HOLD,1
NTLA,2028-01-21,42.0,1.55,6061,12,92.4805439453125,502,12.74,🆕低基期(前日Vol1) 🔭LEAPS,HOLD,1
HIMS,2027-01-15,100.0,0.18,10495,12,106.54343603515626,131,27.71,🆕低基期(前日Vol3) 🚬菸屁股,HOLD,1
LUNR,2026-12-18,25.0,0.72,838,12,93.945373046875,103,14.81,🚬菸屁股,HOLD,1
JOBY,2026-09-18,9.0,0.02,4082,12,84.37515624999999,12,6.74,🚬菸屁股,HOLD,1
NNE,2027-01-15,42.0,0.3,849,12,88.86729882812499,131,17.72,🆕低基期(前日Vol1) 🚬菸屁股,HOLD,1
CRWV,2027-01-15,260.0,0.75,1882,12,92.0899228515625,131,89.36,🚬菸屁股,HOLD,1
PCG,2028-01-21,13.0,3.65,3257,12,51.73388110351562,502,14.3,🔭LEAPS,HOLD,1
BE,2026-09-18,420.0,0.3,780,12,115.91838916015624,12,252.87,🚬菸屁股,HOLD,1
NFLX,2026-09-11,92.0,0.01,1037,12,50.0005,5,78.25,🚬菸屁股,HOLD,1
NFLX,2026-09-18,99.0,0.03,2238,12,50.39112109375,12,78.25,🚬菸屁股,HOLD,1
NFLX,2026-11-20,130.0,0.14,2731,12,51.758294921875006,75,78.25,🚬菸屁股,HOLD,1
NFLX,2027-01-15,212.0,0.1,859,12,58.984785156250005,131,78.25,🚬菸屁股,HOLD,1
ORCL,2026-12-18,500.0,0.16,5563,12,81.5431533203125,103,158.78,🚬菸屁股,HOLD,1
BA,2026-11-20,290.0,0.37,3786,12,38.69690209960937,75,212.25,🚬菸屁股,HOLD,1
BA,2027-01-15,305.0,0.74,800,12,37.32972827148438,131,212.25,🚬菸屁股,HOLD,1
AMZN,2026-10-16,335.0,0.18,1034,12,36.7193828125,40,258.51,🚬菸屁股,HOLD,1
PLUG,2026-12-18,5.0,0.04,2716,12,97.6562734375,103,2.17,🚬菸屁股,HOLD,1
RUN,2026-11-20,25.0,0.05,1544,12,108.59420703125,75,8.89,🚬菸屁股,HOLD,1
SOUN,2026-09-18,12.0,0.02,800,12,139.06280468749998,12,6.74,🚬菸屁股,HOLD,1
SOUN,2026-10-16,11.0,0.05,3937,12,88.2813671875,40,6.74,🚬菸屁股,HOLD,1
SOUN,2027-01-15,27.0,0.06,2561,12,112.109814453125,131,6.74,🚬菸屁股,HOLD,1
BBAI,2026-12-18,10.0,0.04,874,12,117.1879140625,103,2.92,🚬菸屁股,HOLD,1
BBAI,2027-01-15,15.0,0.03,9848,12,131.25034374999998,131,2.92,🚬菸屁股,HOLD,1
EVGO,2028-01-21,2.0,0.5,3111,12,88.67198828125,502,1.51,🔭LEAPS,HOLD,1
EVGO,2028-01-21,5.0,0.2,4615,12,98.82813671875,502,1.51,🔭LEAPS,HOLD,1
AFRM,2026-10-16,90.0,0.66,966,12,53.979952392578134,40,72.35,🚬菸屁股,HOLD,1
AFRM,2026-10-16,100.0,0.25,931,12,60.30313134765627,40,72.35,🚬菸屁股,HOLD,1
IBIT,2028-06-16,40.0,15.52,6176,11,59.48526843261719,649,45.23,🔭LEAPS,HOLD,1
OKLO,2026-11-20,80.0,0.65,958,11,96.3867548828125,75,41.27,🚬菸屁股,HOLD,1
OKLO,2026-11-20,100.0,0.27,1754,11,99.023447265625,75,41.27,🚬菸屁股,HOLD,1
RKLB,2027-01-15,190.0,0.5,751,11,90.67392138671875,131,64.26,🚬菸屁股,HOLD,1
SOFI,2026-12-18,32.0,0.2,4046,11,64.8441015625,103,18.22,🚬菸屁股,HOLD,1
SOFI,2028-01-21,45.0,1.24,4449,11,65.18589501953126,502,18.22,🔭LEAPS,HOLD,1
IREN,2026-10-16,110.0,0.09,2313,11,115.625421875,40,44.68,🆕低基期(前日Vol3) 🚬菸屁股,HOLD,1
TDOC,2027-01-15,17.5,0.04,3372,11,98.82813671875,131,6.28,🚬菸屁股,HOLD,1
PACB,2028-01-21,3.0,0.4,1318,11,112.89106054687501,502,1.35,🔭LEAPS,HOLD,1
HIMS,2027-01-15,70.0,0.4,3867,11,95.06840869140623,131,27.71,🆕低基期(前日Vol3) 🚬菸屁股,HOLD,1
ONDS,2026-12-18,17.0,0.17,3126,11,92.773509765625,103,7.62,🆕低基期(前日Vol3) 🚬菸屁股,HOLD,1
SMR,2027-01-15,45.0,0.06,1565,11,117.1879140625,131,9.7,🚬菸屁股,HOLD,1
CRWV,2026-09-18,200.0,0.01,5945,11,125.00037499999999,12,89.36,🚬菸屁股,HOLD,1
TJX,2028-01-21,165.0,6.21,1135,11,27.4970629272461,502,132.08,🔭LEAPS,HOLD,1
WMT,2027-01-15,150.0,0.24,4873,11,30.322962402343745,131,107.14,🚬菸屁股,HOLD,1
PCG,2026-10-16,22.0,0.06,2133,11,82.226740234375,40,14.3,🚬菸屁股,HOLD,1
NFLX,2026-09-18,104.0,0.01,846,11,59.375406250000005,12,78.25,🚬菸屁股,HOLD,1
NFLX,2026-12-18,116.0,0.51,1507,11,44.14118359375,103,78.25,🚬菸屁股,HOLD,1
NFLX,2026-12-18,132.0,0.18,7262,11,45.4107021484375,103,78.25,🚬菸屁股,HOLD,1
NFLX,2026-12-18,180.0,0.04,916,11,61.328511718750015,103,78.25,🚬菸屁股,HOLD,1
NFLX,2027-01-15,195.0,0.06,2490,11,58.789474609375006,131,78.25,🚬菸屁股,HOLD,1
ORCL,2028-01-21,400.0,9.0,3330,11,62.7078924560547,502,158.78,🔭LEAPS,HOLD,1
BA,2026-09-18,245.0,0.05,3124,11,34.8639326171875,12,212.25,🚬菸屁股,HOLD,1
BA,2026-12-18,290.0,0.71,3461,11,36.96352099609375,103,212.25,🆕低基期(前日Vol4) 🚬菸屁股,HOLD,1
VELO,2026-12-18,25.0,0.7,1256,11,130.85972070312496,103,11.61,🚬菸屁股,HOLD,1
FLNC,2026-11-20,22.0,0.12,7212,11,104.29735351562503,75,10.35,🚬菸屁股,HOLD,1
NVDA,2028-01-21,310.0,24.35,10483,10,43.388932815551755,502,230.36,🔭LEAPS,HOLD,1
NVDA,2028-01-21,360.0,15.1,7589,10,43.140217041015624,502,230.36,🔭LEAPS,HOLD,1
IBIT,2028-01-21,85.0,2.94,14989,10,52.734847656250004,502,45.23,🔭LEAPS,HOLD,1
PLTR,2026-09-18,410.0,0.02,6925,10,137.50031249999998,12,174.33,🚬菸屁股,HOLD,1
INTC,2028-01-21,50.0,53.5,11411,10,78.28390856933594,502,95.8,🔭LEAPS,HOLD,1
OKLO,2026-10-16,90.0,0.15,1528,10,116.79729101562502,40,41.27,🆕低基期(前日Vol4) 🚬菸屁股,HOLD,1
OKLO,2026-10-16,110.0,0.08,818,10,117.57853710937498,40,41.27,🆕低基期(前日Vol1) 🚬菸屁股,HOLD,1
OKLO,2027-01-15,195.0,0.38,1227,10,114.94183154296876,131,41.27,🚬菸屁股,HOLD,1
OKLO,2028-01-21,200.0,3.35,17495,10,96.05716833496092,502,41.27,🔭LEAPS,HOLD,1
OKLO,2028-01-21,250.0,2.6,5565,10,97.74172180175782,502,41.27,🔭LEAPS,HOLD,1
VST,2026-09-18,185.0,0.15,1513,10,51.07470800781251,12,149.3,🚬菸屁股,HOLD,1
RKLB,2028-01-21,180.0,5.92,1073,10,78.52194329833983,502,64.26,🔭LEAPS,HOLD,1
ASTS,2026-11-20,130.0,0.83,1004,10,96.82620361328125,75,62.31,🆕低基期(前日Vol3) 🚬菸屁股,HOLD,1
ASTS,2026-11-20,175.0,0.34,1588,10,106.64109179687502,75,62.31,🚬菸屁股,HOLD,1
ASTS,2026-11-20,190.0,0.22,2814,10,106.64109179687502,75,62.31,🚬菸屁股,HOLD,1
IONQ,2026-09-11,53.0,0.04,1067,10,107.03171484375002,5,39.52,🚬菸屁股,HOLD,1
IONQ,2028-01-21,80.0,6.9,1759,10,85.52260571289064,502,39.52,🆕低基期(前日Vol2) 🔭LEAPS,HOLD,1
UPST,2026-09-18,32.5,0.19,1515,10,63.67223828125,12,28.05,🚬菸屁股,HOLD,1
UPST,2027-01-15,55.0,0.52,1260,10,75.2932158203125,131,28.05,🚬菸屁股,HOLD,1
SOFI,2026-09-18,37.0,0.01,7790,10,131.25034374999998,12,18.22,🚬菸屁股,HOLD,1
DKNG,2027-01-15,57.5,0.05,1156,10,65.62534375000001,131,24.01,🚬菸屁股,HOLD,1
NBIS,2026-09-18,370.0,0.22,1970,10,103.71141894531253,12,226.39,🚬菸屁股,HOLD,1
PATH,2027-01-15,27.0,0.46,4942,10,76.75804492187501,131,15.19,🚬菸屁股,HOLD,1
HOOD,2026-12-18,260.0,0.96,2103,10,77.66135620117188,103,122.11,🚬菸屁股,HOLD,1
OPEN,2026-10-16,6.0,0.03,2077,10,107.81296093750001,40,3.15,🚬菸屁股,HOLD,1
NTLA,2026-09-18,14.0,0.39,838,10,85.54701953125,12,12.74,🚬菸屁股,HOLD,1
PACB,2027-01-15,2.0,0.1,5383,10,99.804689453125,131,1.35,🚬菸屁股,HOLD,1
HIMS,2026-09-18,50.0,0.01,3210,10,118.75040625,12,27.71,🚬菸屁股,HOLD,1
HIMS,2026-10-16,45.0,0.18,2606,10,84.27750097656251,40,27.71,🚬菸屁股,HOLD,1
HIMS,2028-01-21,28.0,10.22,892,10,83.38639660644529,502,27.71,🔭LEAPS,HOLD,1
HIMS,2028-01-21,40.0,7.3,10025,10,85.4615711669922,502,27.71,🔭LEAPS,HOLD,1
HIMS,2028-01-21,50.0,5.73,2252,10,83.007982421875,502,27.71,🔭LEAPS,HOLD,1
HIMS,2028-01-21,55.0,5.1,842,10,84.8512257080078,502,27.71,🆕低基期(前日Vol2) 🔭LEAPS,HOLD,1
KTOS,2027-01-15,110.0,0.32,879,10,71.87528125,131,47.82,🆕低基期(前日Vol1) 🚬菸屁股,HOLD,1
ONDS,2026-11-20,13.0,0.2,843,10,89.64854101562499,75,7.62,🚬菸屁股,HOLD,1
LUNR,2026-12-18,35.0,0.24,911,10,97.26565234374999,103,14.81,🚬菸屁股,HOLD,1
ACHR,2027-01-15,13.0,0.13,4827,10,103.71141894531253,131,5.71,🚬菸屁股,HOLD,1
ACHR,2027-01-15,27.0,0.03,5903,10,121.875390625,131,5.71,🚬菸屁股,HOLD,1
SMR,2026-11-20,19.0,0.15,1148,10,97.6562734375,75,9.7,🚬菸屁股,HOLD,1
SMR,2027-01-15,22.0,0.26,3008,10,92.38288867187501,131,9.7,🚬菸屁股,HOLD,1
SMR,2027-01-15,35.0,0.12,3139,10,109.375453125,131,9.7,🚬菸屁股,HOLD,1
SMR,2028-01-21,18.0,2.5,1496,10,96.92385888671875,502,9.7,🔭LEAPS,HOLD,1
SMR,2028-01-21,85.0,0.42,4512,10,105.61570629882814,502,9.7,🔭LEAPS,HOLD,1
TJX,2026-10-16,160.0,0.06,2317,10,27.539787109375,40,132.08,🚬菸屁股,HOLD,1
RDDT,2026-09-18,230.0,0.03,2263,10,79.687703125,12,154.46,🚬菸屁股,HOLD,1
RDDT,2026-09-18,260.0,0.01,2175,10,110.9379453125,12,154.46,🚬菸屁股,HOLD,1
MNST,2026-09-18,47.5,0.1,2440,10,35.8404853515625,12,43.82,🚬菸屁股,HOLD,1
NFLX,2026-09-18,126.0,0.01,1077,10,88.2813671875,12,78.25,🚬菸屁股,HOLD,1
NFLX,2026-09-18,136.0,0.03,987,10,103.12548437500001,12,78.25,🚬菸屁股,HOLD,1
NFLX,2026-11-20,135.0,0.09,797,10,54.102021484375015,75,78.25,🚬菸屁股,HOLD,1
NFLX,2027-01-15,132.0,0.25,5438,10,46.14311669921876,131,78.25,🚬菸屁股,HOLD,1
NFLX,2028-01-21,240.0,0.47,2947,10,47.90091162109375,502,78.25,🔭LEAPS,HOLD,1
NFLX,2028-06-16,150.0,3.93,1847,10,43.53694158935547,649,78.25,🔭LEAPS,HOLD,1
ORCL,2028-01-21,450.0,6.82,921,10,63.611203735351566,502,158.78,🔭LEAPS,HOLD,1
BA,2026-11-20,280.0,0.6,3771,10,35.718416259765625,75,212.25,🆕低基期(前日Vol1) 🚬菸屁股,HOLD,1
BA,2026-12-18,340.0,0.52,993,10,44.6294599609375,103,212.25,🚬菸屁股,HOLD,1
AMZN,2026-09-18,390.0,0.01,909,10,77.73459765625,12,258.51,🚬菸屁股,HOLD,1
AMZN,2026-11-20,380.0,0.26,3606,10,39.942006835937505,75,258.51,🚬菸屁股,HOLD,1
VELO,2026-12-18,35.0,0.35,1078,10,117.77384863281249,103,11.61,🚬菸屁股,HOLD,1
DDD,2027-01-15,4.5,0.45,999,10,86.7188828125,131,3.46,🚬菸屁股,HOLD,1
DDD,2028-01-21,5.0,1.2,4993,10,109.08248583984377,502,3.46,🔭LEAPS,HOLD,1
NNDM,2028-01-21,1.0,0.8,1229,10,109.375453125,502,1.62,🔭LEAPS,HOLD,1
PLUG,2028-01-21,5.0,0.42,13184,10,92.187578125,502,2.17,🔭LEAPS,HOLD,1
SEDG,2026-10-16,110.0,0.1,2506,10,139.06280468749998,40,34.2,🚬菸屁股,HOLD,1
SEDG,2026-12-18,77.5,0.54,6023,10,89.55088574218748,103,34.2,🚬菸屁股,HOLD,1
RUN,2026-11-20,30.0,0.05,1322,10,141.40654296875002,75,8.89,🚬菸屁股,HOLD,1
RUN,2027-01-15,18.0,0.19,843,10,81.2501875,131,8.89,🚬菸屁股,HOLD,1
RUN,2027-01-15,30.0,0.01,4295,10,82.81267187499999,131,8.89,🚬菸屁股,HOLD,1
RUN,2028-01-21,35.0,0.52,6374,10,81.15253222656249,502,8.89,🔭LEAPS,HOLD,1
SOUN,2027-01-15,13.0,0.23,1368,10,86.7188828125,131,6.74,🚬菸屁股,HOLD,1
SOUN,2027-01-15,37.0,0.04,16490,10,137.50031249999998,131,6.74,🚬菸屁股,HOLD,1
BBAI,2027-01-15,8.0,0.06,1997,10,99.60937890625,131,2.92,🚬菸屁股,HOLD,1
UUUU,2026-11-20,25.0,0.2,897,10,78.32052929687501,75,14.47,🆕低基期(前日Vol2) 🚬菸屁股,HOLD,1
INTC,2026-10-16,210.0,0.05,7962,9,85.1563984375,40,95.8,🚬菸屁股,HOLD,1
SMCI,2026-09-18,75.0,0.02,3879,9,121.875390625,12,39.59,🚬菸屁股,HOLD,1
OKLO,2028-01-21,60.0,11.85,1941,9,87.87853918457031,502,41.27,🔭LEAPS,HOLD,1
IONQ,2026-09-18,65.0,0.01,2325,9,119.141029296875,12,39.52,🚬菸屁股,HOLD,1
IONQ,2026-12-18,85.0,0.7,959,9,92.773509765625,103,39.52,🚬菸屁股,HOLD,1
UPST,2027-01-15,80.0,0.11,2085,9,81.83611914062499,131,28.05,🚬菸屁股,HOLD,1
SOFI,2026-09-18,28.0,0.03,4535,9,95.312546875,12,18.22,🚬菸屁股,HOLD,1
SOFI,2026-09-18,40.0,0.01,25140,9,143.75028125,12,18.22,🚬菸屁股,HOLD,1
SOFI,2026-11-20,34.0,0.08,761,9,70.898728515625,75,18.22,🚬菸屁股,HOLD,1
SOFI,2028-06-16,35.0,2.79,9603,9,65.64975756835938,649,18.22,🔭LEAPS,HOLD,1
DKNG,2026-12-18,40.0,0.25,4122,9,59.86368261718751,103,24.01,🚬菸屁股,HOLD,1
DKNG,2028-01-21,40.0,2.81,4206,9,59.43644079589845,502,24.01,🔭LEAPS,HOLD,1
PATH,2027-01-15,32.0,0.2,4708,9,80.4689453125,131,15.19,🆕低基期(前日Vol1) 🚬菸屁股,HOLD,1
XYZ,2028-01-21,120.0,9.43,1437,9,50.94653546142578,502,82.76,🆕低基期(前日Vol2) 🔭LEAPS,HOLD,1
HIMS,2026-09-18,46.0,0.03,1271,9,119.53165234375001,12,27.71,🚬菸屁股,HOLD,1
HIMS,2028-01-21,35.0,8.43,2451,9,84.81460498046874,502,27.71,🔭LEAPS,HOLD,1
ONDS,2026-12-18,18.0,0.1,3726,9,102.73486132812502,103,7.62,🚬菸屁股,HOLD,1
LUNR,2028-01-21,50.0,2.4,1218,9,102.68603344726563,502,14.81,🔭LEAPS,HOLD,1
ACHR,2028-01-21,3.0,3.42,4465,9,92.773509765625,502,5.71,🔭LEAPS,HOLD,1
SMR,2028-01-21,13.0,3.3,3044,9,95.55668505859374,502,9.7,🔭LEAPS,HOLD,1
SMR,2028-01-21,20.0,2.2,4821,9,95.99613378906248,502,9.7,🔭LEAPS,HOLD,1
CRWV,2026-11-20,200.0,0.5,4955,9,93.89654541015625,75,89.36,🚬菸屁股,HOLD,1
CRWV,2027-01-15,270.0,0.28,2682,9,92.52937158203125,131,89.36,🚬菸屁股,HOLD,1
TJX,2026-09-18,155.0,0.01,1716,9,37.11000390625,12,132.08,🆕低基期(前日Vol1) 🚬菸屁股,HOLD,1
WMT,2027-01-15,160.0,0.17,3425,9,33.83855224609375,131,107.14,🚬菸屁股,HOLD,1
PCG,2028-01-21,22.0,0.98,11688,9,48.633326171875005,502,14.3,🔭LEAPS,HOLD,1
NFLX,2026-12-18,118.0,0.32,2897,9,44.58063232421875,103,78.25,🚬菸屁股,HOLD,1
NFLX,2028-01-21,111.0,8.35,835,9,43.445389770507816,502,78.25,🔭LEAPS,HOLD,1
NFLX,2028-01-21,140.0,3.2,3859,9,43.77497631835938,502,78.25,🔭LEAPS,HOLD,1
ORCL,2026-10-16,260.0,0.57,1133,9,76.85570019531252,40,158.78,🚬菸屁股,HOLD,1
ORCL,2026-12-18,400.0,0.36,1492,9,77.68577001953125,103,158.78,🚬菸屁股,HOLD,1
BA,2028-01-21,350.0,7.47,1207,9,38.81897119140625,502,212.25,🔭LEAPS,HOLD,1
FLNC,2027-01-15,16.0,0.81,1139,9,91.4063359375,131,10.35,🚬菸屁股,HOLD,1
RUN,2026-09-18,16.0,0.01,17573,9,118.75040625,12,8.89,🚬菸屁股,HOLD,1
UUUU,2028-01-21,40.0,1.7,3497,9,84.79019116210938,502,14.47,🔭LEAPS,HOLD,1
EVGO,2027-01-15,1.0,0.5,3571,9,135.93782031249998,131,1.51,🚬菸屁股,HOLD,1
TSLA,2028-01-21,850.0,12.8,6000,8,54.02420243835451,502,354.08,🔭LEAPS,HOLD,1
NVDA,2028-01-21,370.0,13.25,5248,8,42.93880303955079,502,230.36,🔭LEAPS,HOLD,1
IBIT,2027-01-15,85.0,0.24,15059,8,55.81098876953126,131,45.23,🚬菸屁股,HOLD,1
INTC,2026-10-16,170.0,0.13,7459,8,78.0275634765625,40,95.8,🚬菸屁股,HOLD,1
OKLO,2026-12-18,165.0,0.16,3510,8,112.30512597656251,103,41.27,🚬菸屁股,HOLD,1
OKLO,2028-01-21,150.0,4.55,1320,8,93.21295849609376,502,41.27,🔭LEAPS,HOLD,1
RKLB,2026-12-18,140.0,0.78,1704,8,87.7930908203125,103,64.26,🚬菸屁股,HOLD,1
ASTS,2026-10-16,110.0,0.38,1977,8,93.35944140625,40,62.31,🚬菸屁股,HOLD,1
ASTS,2026-10-16,115.0,0.31,1490,8,99.804689453125,40,62.31,🚬菸屁股,HOLD,1
IONQ,2027-01-15,105.0,0.49,2566,8,92.04109521484375,131,39.52,🚬菸屁股,HOLD,1
UPST,2027-01-15,125.0,0.05,1801,8,112.30512597656251,131,28.05,🚬菸屁股,HOLD,1
UPST,2027-01-15,135.0,0.05,6747,8,107.03171484375002,131,28.05,🚬菸屁股,HOLD,1
DKNG,2026-12-18,60.0,0.02,1047,8,78.9064609375,103,24.01,🚬菸屁股,HOLD,1
DKNG,2027-01-15,45.0,0.18,5565,8,59.277750976562515,131,24.01,🚬菸屁股,HOLD,1
DKNG,2028-01-21,35.0,3.4,2042,8,60.14444152832033,502,24.01,🔭LEAPS,HOLD,1
IREN,2026-09-18,100.0,0.02,6180,8,146.875265625,12,44.68,🚬菸屁股,HOLD,1
IREN,2027-01-15,120.0,0.66,1042,8,105.68894812011717,131,44.68,🚬菸屁股,HOLD,1
IREN,2028-06-16,110.0,7.12,6411,8,94.85478778076171,649,44.68,🔭LEAPS,HOLD,1
NBIS,2026-09-18,380.0,0.19,1264,8,109.27779736328125,12,226.39,🚬菸屁股,HOLD,1
OPEN,2027-02-19,7.0,0.16,2684,8,99.804689453125,166,3.15,🚬菸屁股,HOLD,1
NTLA,2026-10-16,17.0,0.35,1711,8,91.01571484374999,40,12.74,🚬菸屁股,HOLD,1
HIMS,2026-09-18,43.0,0.05,4865,8,128.32067089843747,12,27.71,🆕低基期(前日Vol3) 🚬菸屁股,HOLD,1
HIMS,2026-09-18,45.0,0.02,1669,8,106.25046875000001,12,27.71,🚬菸屁股,HOLD,1
HIMS,2026-12-18,90.0,0.16,1005,8,106.64109179687502,103,27.71,🆕低基期(前日Vol3) 🚬菸屁股,HOLD,1
KTOS,2027-01-15,90.0,0.7,3080,8,69.87334814453125,131,47.82,🚬菸屁股,HOLD,1
ONDS,2028-01-21,17.0,1.52,9669,8,95.41020214843749,502,7.62,🔭LEAPS,HOLD,1
JOBY,2026-11-20,13.0,0.06,2091,8,81.2501875,75,6.74,🚬菸屁股,HOLD,1
ACHR,2026-09-11,8.0,0.02,1301,8,112.5004375,5,5.71,🚬菸屁股,HOLD,1
ACHR,2026-09-18,10.0,0.01,4451,8,131.25034374999998,12,5.71,🚬菸屁股,HOLD,1
ACHR,2027-01-15,11.0,0.19,3964,8,95.11723632812499,131,5.71,🆕低基期(前日Vol1) 🚬菸屁股,HOLD,1
SMR,2027-01-15,85.0,0.03,2700,8,137.50031249999998,131,9.7,🚬菸屁股,HOLD,1
SMR,2028-01-21,23.0,2.07,932,8,96.04496142578124,502,9.7,🔭LEAPS,HOLD,1
CRWV,2026-09-18,190.0,0.05,6225,8,139.06280468749998,12,89.36,🆕低基期(前日Vol2) 🚬菸屁股,HOLD,1
WMT,2026-09-18,130.0,0.03,11760,8,41.79745703125,12,107.14,🚬菸屁股,HOLD,1
PCG,2026-09-11,17.0,0.03,4760,8,68.7503125,5,14.3,🚬菸屁股,HOLD,1
RDDT,2026-09-18,270.0,0.01,779,8,128.7112939453125,12,154.46,🚬菸屁股,HOLD,1
NFLX,2027-01-15,200.0,0.08,15103,8,58.789474609375006,131,78.25,🚬菸屁股,HOLD,1
ORCL,2026-10-16,280.0,0.39,1945,8,80.07832421875,40,158.78,🚬菸屁股,HOLD,1
ORCL,2027-01-15,410.0,0.49,1432,8,69.77569287109377,131,158.78,🚬菸屁股,HOLD,1
BA,2028-01-21,320.0,11.45,2426,8,39.1256697845459,502,212.25,🆕低基期(前日Vol2) 🔭LEAPS,HOLD,1
DDD,2027-01-15,5.0,0.35,1576,8,89.45323046875,131,3.46,🚬菸屁股,HOLD,1
FLNC,2028-01-21,20.0,2.85,2672,8,103.02782861328126,502,10.35,🆕低基期(前日Vol1) 🔭LEAPS,HOLD,1
RUN,2027-01-15,17.0,0.25,10376,8,81.05487695312499,131,8.89,🚬菸屁股,HOLD,1
TSLA,2026-12-18,850.0,0.63,7562,7,66.84603466796877,103,354.08,🚬菸屁股,HOLD,1
PLTR,2026-09-18,270.0,0.02,7323,7,82.0314296875,12,174.33,🚬菸屁股,HOLD,1
INTC,2028-01-21,60.0,46.49,10460,7,76.41014801025392,502,95.8,🔭LEAPS,HOLD,1
VST,2028-01-21,320.0,6.97,819,7,52.86912365722658,502,149.3,🔭LEAPS,HOLD,1
RKLB,2026-09-11,100.0,0.22,1048,7,114.0629296875,5,64.26,🚬菸屁股,HOLD,1
DKNG,2027-01-15,33.0,0.9,11665,7,56.836369140624996,131,24.01,🚬菸屁股,HOLD,1
DKNG,2027-01-15,55.0,0.09,6912,7,60.15664843750002,131,24.01,🚬菸屁股,HOLD,1
U,2028-01-21,60.0,7.9,1145,7,65.29575720214844,502,41.66,🔭LEAPS,HOLD,1
TDOC,2026-10-16,9.0,0.06,2155,7,75.7814921875,40,6.28,🚬菸屁股,HOLD,1
OPEN,2028-01-21,17.0,3.4,861,7,25.00075,502,3.15,🔭LEAPS,HOLD,1
CRSP,2026-09-18,70.0,0.13,797,7,70.117486328125,12,55.79,🚬菸屁股,HOLD,1
NTLA,2028-01-21,10.0,6.3,1736,7,96.48441015625,502,12.74,🆕低基期(前日Vol1) 🔭LEAPS,HOLD,1
PACB,2028-01-21,1.0,0.78,779,7,108.984830078125,502,1.35,🔭LEAPS,HOLD,1
PACB,2028-01-21,5.0,0.21,1352,7,128.125359375,502,1.35,🔭LEAPS,HOLD,1
HIMS,2026-12-18,50.0,0.83,2766,7,87.54895263671875,103,27.71,🚬菸屁股,HOLD,1
HIMS,2027-01-15,60.0,0.66,13837,7,91.3086806640625,131,27.71,🚬菸屁股,HOLD,1
LUNR,2026-09-18,21.0,0.04,2697,7,85.937640625,12,14.81,🆕低基期(前日Vol1) 🚬菸屁股,HOLD,1
SMR,2026-11-20,18.0,0.23,1611,7,95.507857421875,75,9.7,🚬菸屁股,HOLD,1
SMR,2028-01-21,40.0,1.08,1128,7,98.437515625,502,9.7,🔭LEAPS,HOLD,1
CRWV,2026-09-18,145.0,0.04,1752,7,102.34423828125001,12,89.36,🚬菸屁股,HOLD,1
CRWV,2026-10-16,165.0,0.23,2325,7,91.79695703125,40,89.36,🚬菸屁股,HOLD,1
WMT,2026-11-20,140.0,0.18,1449,7,32.593447509765625,75,107.14,🚬菸屁股,HOLD,1
RDDT,2026-09-18,250.0,0.01,969,7,83.59391406249999,12,154.46,🚬菸屁股,HOLD,1
NFLX,2026-09-18,98.0,0.03,1677,7,49.60987890625,12,78.25,🚬菸屁股,HOLD,1
NFLX,2026-09-18,142.0,0.09,1067,7,110.9379453125,12,78.25,🚬菸屁股,HOLD,1
NFLX,2027-01-15,148.0,0.18,2472,7,49.9028447265625,131,78.25,🚬菸屁股,HOLD,1
NFLX,2027-01-15,168.0,0.06,1920,7,52.539537109375004,131,78.25,🚬菸屁股,HOLD,1
BA,2026-09-11,240.0,0.01,751,7,32.813171874999995,5,212.25,🚬菸屁股,HOLD,1
AMZN,2026-10-16,360.0,0.06,905,7,41.699801757812494,40,258.51,🚬菸屁股,HOLD,1
NNDM,2027-01-15,3.0,0.05,7132,7,79.687703125,131,1.62,🚬菸屁股,HOLD,1
FLNC,2026-09-18,15.0,0.04,1798,7,98.437515625,12,10.35,🚬菸屁股,HOLD,1
FLNC,2027-01-15,30.0,0.2,9009,7,98.63282617187501,131,10.35,🚬菸屁股,HOLD,1
PLUG,2026-12-18,6.0,0.02,4674,7,122.65663671875001,103,2.17,🚬菸屁股,HOLD,1
SOUN,2026-10-16,19.0,0.03,994,7,145.3127734375,40,6.74,🆕低基期(前日Vol2) 🚬菸屁股,HOLD,1
SOUN,2027-01-15,17.0,0.02,4646,7,96.48441015625,131,6.74,🚬菸屁股,HOLD,1
SOUN,2027-01-15,25.0,0.06,5626,7,108.59420703125,131,6.74,🚬菸屁股,HOLD,1
BBAI,2026-12-18,7.0,0.05,5215,7,105.46922265625001,103,2.92,🚬菸屁股,HOLD,1
UUUU,2027-01-15,35.0,0.18,2430,7,81.445498046875,131,14.47,🚬菸屁股,HOLD,1
EVGO,2027-01-15,2.5,0.08,1654,7,82.0314296875,131,1.51,🚬菸屁股,HOLD,1
EVGO,2027-01-15,4.0,0.05,2317,7,110.15669921875002,131,1.51,🚬菸屁股,HOLD,1
IBIT,2027-01-15,75.0,0.39,11957,6,51.318846191406244,131,45.23,🚬菸屁股,HOLD,1
IBIT,2027-01-15,95.0,0.16,17581,6,59.766027343750004,131,45.23,🚬菸屁股,HOLD,1
IBIT,2028-01-21,75.0,3.95,5461,6,52.063467651367176,502,45.23,🔭LEAPS,HOLD,1
SMCI,2027-01-15,95.0,0.42,892,6,87.7930908203125,131,39.59,🚬菸屁股,HOLD,1
OKLO,2027-01-15,130.0,0.42,1320,6,98.68165380859377,131,41.27,🚬菸屁股,HOLD,1
VST,2026-09-18,190.0,0.03,9532,6,51.758294921875006,12,149.3,🚬菸屁股,HOLD,1
VST,2026-09-18,210.0,0.03,9690,6,64.8441015625,12,149.3,🚬菸屁股,HOLD,1
RKLB,2026-09-18,150.0,0.01,4937,6,137.50031249999998,12,64.26,🚬菸屁股,HOLD,1
RKLB,2026-10-16,115.0,0.25,4086,6,92.38288867187501,40,64.26,🚬菸屁股,HOLD,1
RKLB,2026-10-16,140.0,0.1,1009,6,108.59420703125,40,64.26,🚬菸屁股,HOLD,1
RKLB,2027-01-15,195.0,0.42,1235,6,90.57626611328125,131,64.26,🚬菸屁股,HOLD,1
RKLB,2027-01-15,210.0,0.44,2311,6,93.55475195312499,131,64.26,🚬菸屁股,HOLD,1
ASTS,2028-01-21,150.0,9.89,10954,6,88.05553936767576,502,62.31,🔭LEAPS,HOLD,1
IONQ,2026-09-18,70.0,0.03,4077,6,124.21912890624998,12,39.52,🚬菸屁股,HOLD,1
IONQ,2026-10-16,100.0,0.09,2277,6,116.79729101562502,40,39.52,🚬菸屁股,HOLD,1
UPST,2026-09-18,37.5,0.04,2116,6,103.71141894531253,12,28.05,🚬菸屁股,HOLD,1
UPST,2028-01-21,42.5,7.1,2133,6,77.51487329101563,502,28.05,🔭LEAPS,HOLD,1
SOFI,2026-12-18,42.0,0.07,8521,6,74.2190078125,103,18.22,🚬菸屁股,HOLD,1
SOFI,2028-06-16,8.0,12.0,3086,6,78.8088056640625,649,18.22,🔭LEAPS,HOLD,1
SOFI,2028-06-16,23.0,4.77,7306,6,65.9183095703125,649,18.22,🔭LEAPS,HOLD,1
SOFI,2028-06-16,25.0,4.42,16511,6,65.67417138671875,649,18.22,🔭LEAPS,HOLD,1
DKNG,2026-09-18,32.5,0.01,2947,6,59.375406250000005,12,24.01,🚬菸屁股,HOLD,1
U,2028-01-21,75.0,5.35,4875,6,64.648791015625,502,41.66,🔭LEAPS,HOLD,1
TDOC,2028-01-21,10.0,1.13,2643,6,67.33431103515628,502,6.28,🔭LEAPS,HOLD,1
OPEN,2026-11-20,6.0,0.07,8141,6,101.172369140625,75,3.15,🚬菸屁股,HOLD,1
NTLA,2026-09-18,16.0,0.06,1821,6,73.437765625,12,12.74,🚬菸屁股,HOLD,1
NTLA,2027-01-15,25.0,0.48,1892,6,85.25405371093751,131,12.74,🆕低基期(前日Vol1) 🚬菸屁股,HOLD,1
NTLA,2028-01-21,20.0,3.6,1581,6,98.53517089843751,502,12.74,🔭LEAPS,HOLD,1
HIMS,2026-10-16,36.0,0.6,1116,6,73.5354208984375,40,27.71,🚬菸屁股,HOLD,1
ONDS,2028-01-21,3.0,5.25,3626,6,102.73486132812502,502,7.62,🔭LEAPS,HOLD,1
LUNR,2026-12-18,27.0,0.67,2386,6,92.57819921875,103,14.81,🚬菸屁股,HOLD,1
LUNR,2028-01-21,40.0,2.91,3869,6,100.58643457031249,502,14.81,🔭LEAPS,HOLD,1
NNE,2026-09-18,24.0,0.05,756,6,92.9688203125,12,17.72,🚬菸屁股,HOLD,1
NNE,2026-09-18,25.0,0.08,1312,6,95.312546875,12,17.72,🚬菸屁股,HOLD,1
CRWV,2026-09-18,175.0,0.02,931,6,125.78162109374999,12,89.36,🚬菸屁股,HOLD,1
APP,2026-09-18,470.0,0.28,1228,6,85.6446748046875,12,320.56,🆕低基期(前日Vol1) 🚬菸屁股,HOLD,1
RDDT,2028-01-21,350.0,11.75,828,6,68.02094967651368,502,154.46,🔭LEAPS,HOLD,1
NFLX,2027-01-15,112.0,0.75,10354,6,41.52890502929687,131,78.25,🚬菸屁股,HOLD,1
NFLX,2028-06-16,120.0,7.7,1823,6,43.79939013671875,649,78.25,🔭LEAPS,HOLD,1
ORCL,2027-01-15,490.0,0.25,1278,6,75.92797509765626,131,158.78,🚬菸屁股,HOLD,1
BA,2026-09-18,275.0,0.05,2018,6,45.313046875000005,12,212.25,🚬菸屁股,HOLD,1
BA,2028-01-21,370.0,6.02,1060,6,38.837281555175785,502,212.25,🔭LEAPS,HOLD,1
AMZN,2026-09-11,340.0,0.02,2582,6,92.4805439453125,5,258.51,🚬菸屁股,HOLD,1
AMZN,2026-09-18,315.0,0.03,12549,6,41.79745703125,12,258.51,🚬菸屁股,HOLD,1
AMZN,2026-12-18,375.0,0.75,7511,6,37.695935546875,103,258.51,🚬菸屁股,HOLD,1
FLNC,2027-01-15,20.0,0.45,12928,6,93.55475195312499,131,10.35,🚬菸屁股,HOLD,1
BLDP,2026-11-20,4.0,0.05,1865,6,86.7188828125,75,2.34,🚬菸屁股,HOLD,1
SEDG,2026-09-18,60.0,0.07,1201,6,147.0705771484375,12,34.2,🚬菸屁股,HOLD,1
RUN,2027-01-15,13.0,0.57,1545,6,80.664255859375,131,8.89,🆕低基期(前日Vol2) 🚬菸屁股,HOLD,1
RUN,2027-01-15,14.0,0.44,2783,6,78.0275634765625,131,8.89,🚬菸屁股,HOLD,1
SOUN,2027-01-15,22.0,0.09,2733,6,103.90673046875003,131,6.74,🚬菸屁股,HOLD,1
BBAI,2028-01-21,1.0,2.18,3316,6,108.203583984375,502,2.92,🔭LEAPS,HOLD,1
EVGO,2028-01-21,3.0,0.28,2421,6,93.7500625,502,1.51,🔭LEAPS,HOLD,1
EDIT,2028-01-21,5.0,1.25,1360,6,115.625421875,502,3.23,🔭LEAPS,HOLD,1
NVDA,2026-12-18,420.0,0.11,5475,5,44.14118359375,103,230.36,🚬菸屁股,HOLD,1
IBIT,2026-10-16,105.0,0.01,9432,5,88.2813671875,40,45.23,🚬菸屁股,HOLD,1
IBIT,2027-01-15,68.0,0.57,8113,5,49.07277490234375,131,45.23,🚬菸屁股,HOLD,1
SMCI,2026-12-18,96.0,0.38,997,5,92.187578125,103,39.59,🚬菸屁股,HOLD,1
SMCI,2026-12-18,110.0,0.3,2627,5,95.01958105468748,103,39.59,🆕低基期(前日Vol1) 🚬菸屁股,HOLD,1
SMCI,2028-01-21,55.0,11.53,840,5,82.7028096923828,502,39.59,🔭LEAPS,HOLD,1
OKLO,2026-09-18,100.0,0.01,3173,5,143.75028125,12,41.27,🚬菸屁股,HOLD,1
OKLO,2026-10-16,130.0,0.01,2993,5,139.453427734375,40,41.27,🚬菸屁股,HOLD,1
OKLO,2026-12-18,100.0,0.63,1066,5,97.6562734375,103,41.27,🚬菸屁股,HOLD,1
RKLB,2028-01-21,145.0,8.55,4947,5,77.90549438476562,502,64.26,🔭LEAPS,HOLD,1
ASTS,2026-09-18,105.0,0.08,1604,5,126.172244140625,12,62.31,🚬菸屁股,HOLD,1
ASTS,2026-10-16,175.0,0.09,2428,5,132.03158984375,40,62.31,🚬菸屁股,HOLD,1
ASTS,2027-01-15,175.0,0.87,872,5,97.460962890625,131,62.31,🚬菸屁股,HOLD,1
UPST,2028-01-21,45.0,5.9,775,5,77.56370092773439,502,28.05,🔭LEAPS,HOLD,1
SOFI,2026-11-20,36.0,0.06,1019,5,72.6565234375,75,18.22,🚬菸屁股,HOLD,1
SOFI,2026-12-18,37.0,0.1,1965,5,69.5315546875,103,18.22,🚬菸屁股,HOLD,1
SOFI,2028-06-16,42.0,2.13,3153,5,66.4309997558594,649,18.22,🔭LEAPS,HOLD,1
DKNG,2026-11-20,35.0,0.33,1433,5,59.86368261718751,75,24.01,🚬菸屁股,HOLD,1
DKNG,2027-01-15,37.0,0.49,1603,5,58.350025878906244,131,24.01,🚬菸屁股,HOLD,1
DKNG,2027-01-15,60.0,0.06,8926,5,75.4885263671875,131,24.01,🚬菸屁股,HOLD,1
DKNG,2028-01-21,25.0,6.5,4056,5,64.9417568359375,502,24.01,🔭LEAPS,HOLD,1
DKNG,2028-01-21,42.5,2.49,1674,5,57.76409423828125,502,24.01,🔭LEAPS,HOLD,1
IREN,2026-09-18,80.0,0.03,4124,5,121.875390625,12,44.68,🚬菸屁股,HOLD,1
HOOD,2026-12-18,280.0,0.65,1137,5,78.8088056640625,103,122.11,🆕低基期(前日Vol2) 🚬菸屁股,HOLD,1
TDOC,2027-01-15,15.0,0.06,9241,5,94.726615234375,131,6.28,🚬菸屁股,HOLD,1
TDOC,2027-01-15,22.5,0.05,4415,5,108.984830078125,131,6.28,🆕低基期(前日Vol2) 🚬菸屁股,HOLD,1
ZM,2026-09-18,130.0,0.03,1526,5,53.51608984375,12,101.33,🚬菸屁股,HOLD,1
ZM,2026-09-18,150.0,0.07,1634,5,84.37515624999999,12,101.33,🚬菸屁股,HOLD,1
XYZ,2026-09-18,105.0,0.06,1249,5,69.43389941406251,12,82.76,🚬菸屁股,HOLD,1
CRSP,2026-09-18,62.5,0.5,929,5,55.859816406250005,12,55.79,🚬菸屁股,HOLD,1
CRSP,2026-09-18,75.0,0.1,1022,5,70.312796875,12,55.79,🚬菸屁股,HOLD,1
NTLA,2028-01-21,7.5,7.25,1025,5,98.77930908203125,502,12.74,🔭LEAPS,HOLD,1
PACB,2027-01-15,3.0,0.11,2486,5,149.21900390624998,131,1.35,🚬菸屁股,HOLD,1
HIMS,2026-09-11,42.0,0.02,1213,5,132.81283593749998,5,27.71,🚬菸屁股,HOLD,1
HIMS,2026-12-18,95.0,0.14,957,5,111.62153564453124,103,27.71,🆕低基期(前日Vol2) 🚬菸屁股,HOLD,1
HIMS,2028-01-21,45.0,6.45,1190,5,84.76577734374999,502,27.71,🔭LEAPS,HOLD,1
KTOS,2026-09-18,70.0,0.05,911,5,81.2501875,12,47.82,🚬菸屁股,HOLD,1
KTOS,2026-11-20,85.0,0.32,3593,5,75.7814921875,75,47.82,🚬菸屁股,HOLD,1
LUNR,2026-12-18,40.0,0.24,1315,5,103.71141894531253,103,14.81,🚬菸屁股,HOLD,1
LUNR,2028-01-21,35.0,3.4,902,5,100.9770576171875,502,14.81,🔭LEAPS,HOLD,1
SMR,2026-09-18,14.0,0.02,1412,5,98.437515625,12,9.7,🚬菸屁股,HOLD,1
SMR,2027-01-15,27.0,0.18,1801,5,109.18014160156251,131,9.7,🚬菸屁股,HOLD,1
SMR,2028-01-21,3.0,7.15,1643,5,109.375453125,502,9.7,🆕低基期(前日Vol2) 🔭LEAPS,HOLD,1
NNE,2027-01-15,45.0,0.25,1494,5,87.40246972656249,131,17.72,🚬菸屁股,HOLD,1
VRT,2026-09-18,360.0,0.15,1924,5,59.570716796875004,12,280.53,🆕低基期(前日Vol1) 🚬菸屁股,HOLD,1
CRWV,2026-09-18,160.0,0.03,3965,5,110.9379453125,12,89.36,🚬菸屁股,HOLD,1
TJX,2026-09-18,175.0,0.1,1151,5,78.12521875,12,132.08,🚬菸屁股,HOLD,1
WMT,2026-09-18,160.0,0.03,1117,5,75.7814921875,12,107.14,🚬菸屁股,HOLD,1
WMT,2026-12-18,145.0,0.21,1979,5,31.372756591796875,103,107.14,🚬菸屁股,HOLD,1
WMT,2027-01-15,165.0,0.11,3525,5,33.301448242187504,131,107.14,🚬菸屁股,HOLD,1
WMT,2027-01-15,170.0,0.07,6208,5,35.1568984375,131,107.14,🚬菸屁股,HOLD,1
WMT,2028-01-21,175.0,1.59,1300,5,31.799998413085934,502,107.14,🔭LEAPS,HOLD,1
MNST,2026-09-18,50.0,0.02,2314,5,37.500625,12,43.82,🚬菸屁股,HOLD,1
MNST,2026-09-18,55.0,0.03,1330,5,58.5941640625,12,43.82,🚬菸屁股,HOLD,1
NFLX,2026-09-18,122.0,0.01,1310,5,82.81267187499999,12,78.25,🚬菸屁股,HOLD,1
NFLX,2027-01-15,116.0,0.56,11069,5,41.94393994140625,131,78.25,🚬菸屁股,HOLD,1
NFLX,2027-01-15,155.0,0.11,1900,5,52.05126074218749,131,78.25,🚬菸屁股,HOLD,1
NFLX,2027-01-15,165.0,0.06,2204,5,51.465329101562496,131,78.25,🚬菸屁股,HOLD,1
NFLX,2028-01-21,99.0,11.07,927,5,44.01301104736328,502,78.25,🔭LEAPS,HOLD,1
NFLX,2028-01-21,130.0,4.06,6738,5,43.622389953613286,502,78.25,🔭LEAPS,HOLD,1
ORCL,2026-12-18,330.0,0.69,3815,5,70.94755615234375,103,158.78,🚬菸屁股,HOLD,1
ORCL,2026-12-18,340.0,0.8,1822,5,72.21707470703124,103,158.78,🚬菸屁股,HOLD,1
ORCL,2027-01-15,430.0,0.4,783,5,73.04714453125,131,158.78,🚬菸屁股,HOLD,1
ORCL,2027-01-15,440.0,0.42,876,5,73.97486962890623,131,158.78,🚬菸屁股,HOLD,1
BA,2026-09-11,250.0,0.01,861,5,47.26615234375,5,212.25,🚬菸屁股,HOLD,1
AMZN,2026-12-18,400.0,0.31,1972,5,39.624627197265625,103,258.51,🚬菸屁股,HOLD,1
AMZN,2027-01-15,400.0,0.6,2106,5,37.47621118164062,131,258.51,🚬菸屁股,HOLD,1
PLUG,2027-01-15,1.5,0.8,9996,5,80.07832421875,131,2.17,🚬菸屁股,HOLD,1
PLUG,2028-01-21,0.5,1.7,2754,5,81.2501875,502,2.17,🔭LEAPS,HOLD,1
BLDP,2026-11-20,2.0,0.53,932,5,82.81267187499999,75,2.34,🆕低基期(前日Vol1) 🚬菸屁股,HOLD,1
SEDG,2026-09-18,45.0,0.15,6321,5,87.500125,12,34.2,🚬菸屁股,HOLD,1
RUN,2026-09-18,14.0,0.01,2713,5,93.7500625,12,8.89,🚬菸屁股,HOLD,1
RUN,2026-11-20,15.0,0.15,2243,5,87.10950390625,75,8.89,🆕低基期(前日Vol1) 🚬菸屁股,HOLD,1
RUN,2026-11-20,19.0,0.07,5100,5,83.59391406249999,75,8.89,🚬菸屁股,HOLD,1
RUN,2027-01-15,20.0,0.11,17476,5,83.007982421875,131,8.89,🚬菸屁股,HOLD,1
SOUN,2026-10-16,16.0,0.04,1707,5,120.3128984375,40,6.74,🚬菸屁股,HOLD,1
UUUU,2026-10-16,23.0,0.05,1345,5,79.29708203125,40,14.47,🚬菸屁股,HOLD,1
ESTC,2026-09-18,120.0,0.05,1450,5,60.35195898437502,12,91.81,🚬菸屁股,HOLD,1
AMD,2026-10-16,1120.0,0.02,5849,4,75.00025000000001,40,477.57,🚬菸屁股,HOLD,1
AAPL,2026-09-18,530.0,0.01,9426,4,75.00025000000001,12,319.97,🚬菸屁股,HOLD,1
PLTR,2028-01-21,210.0,38.1,9151,4,61.62452926635743,502,174.33,🔭LEAPS,HOLD,1
SMCI,2026-12-18,92.0,0.58,1278,4,90.9180595703125,103,39.59,🆕低基期(前日Vol1) 🚬菸屁股,HOLD,1
SMCI,2027-01-15,90.0,0.77,27860,4,87.64660791015625,131,39.59,🚬菸屁股,HOLD,1
OKLO,2026-09-18,90.0,0.03,1086,4,139.06280468749998,12,41.27,🚬菸屁股,HOLD,1
OKLO,2026-10-16,100.0,0.09,2506,4,111.71919140624999,40,41.27,🆕低基期(前日Vol1) 🚬菸屁股,HOLD,1
OKLO,2026-12-18,120.0,0.35,3600,4,103.71141894531253,103,41.27,🚬菸屁股,HOLD,1
VST,2026-12-18,250.0,0.6,1096,4,51.294432373046874,103,149.3,🆕低基期(前日Vol1) 🚬菸屁股,HOLD,1
RKLB,2026-10-16,130.0,0.13,2602,4,94.726615234375,40,64.26,🚬菸屁股,HOLD,1
RKLB,2026-12-18,195.0,0.23,945,4,91.50399121093751,103,64.26,🚬菸屁股,HOLD,1
IONQ,2027-01-15,100.0,0.6,3507,4,87.695435546875,131,39.52,🚬菸屁股,HOLD,1
UPST,2028-01-21,100.0,1.75,1410,4,79.12618530273438,502,28.05,🔭LEAPS,HOLD,1
DKNG,2026-09-18,40.0,0.02,10278,4,110.15669921875002,12,24.01,🚬菸屁股,HOLD,1
DKNG,2027-01-15,50.0,0.13,14986,4,62.305064453125006,131,24.01,🚬菸屁股,HOLD,1
IREN,2026-10-16,100.0,0.14,5427,4,112.69574902343751,40,44.68,🆕低基期(前日Vol1) 🚬菸屁股,HOLD,1
U,2028-01-21,47.0,10.9,7592,4,68.16438085937502,502,41.66,🔭LEAPS,HOLD,1
TDOC,2026-10-16,10.0,0.03,3322,4,76.562734375,40,6.28,🚬菸屁股,HOLD,1
TDOC,2028-01-21,15.0,0.64,1740,4,73.5354208984375,502,6.28,🔭LEAPS,HOLD,1
XYZ,2026-09-18,110.0,0.08,1093,4,83.59391406249999,12,82.76,🚬菸屁股,HOLD,1
XYZ,2027-01-15,135.0,0.59,1110,4,50.73291455078125,131,82.76,🆕低基期(前日Vol1) 🚬菸屁股,HOLD,1
XYZ,2027-01-15,145.0,0.38,23715,4,51.95360546875,131,82.76,🚬菸屁股,HOLD,1
OPEN,2026-11-20,10.0,0.03,8219,4,128.125359375,75,3.15,🚬菸屁股,HOLD,1
NTLA,2027-01-15,30.0,0.3,1130,4,96.679720703125,131,12.74,🚬菸屁股,HOLD,1
BEAM,2028-01-21,50.0,4.6,1966,4,74.60962890625001,502,29.66,🔭LEAPS,HOLD,1
PACB,2028-01-21,0.5,1.0,771,4,122.65663671875001,502,1.35,🔭LEAPS,HOLD,1
HIMS,2026-12-18,55.0,0.6,903,4,93.35944140625,103,27.71,🚬菸屁股,HOLD,1
JOBY,2026-09-11,9.0,0.01,887,4,106.25046875000001,5,6.74,🚬菸屁股,HOLD,1
JOBY,2027-01-15,32.0,0.07,1048,4,104.68797656250001,131,6.74,🚬菸屁股,HOLD,1
JOBY,2028-01-21,12.0,1.3,9459,4,82.08025732421873,502,6.74,🔭LEAPS,HOLD,1
SMR,2028-01-21,33.0,1.26,790,4,98.09572216796876,502,9.7,🔭LEAPS,HOLD,1
NNE,2026-10-16,26.0,0.2,4767,4,81.64080859375,40,17.72,🚬菸屁股,HOLD,1
NNE,2027-01-15,90.0,0.05,2778,4,113.28168359375002,131,17.72,🚬菸屁股,HOLD,1
CRWV,2026-09-18,165.0,0.06,1723,4,116.40666796875001,12,89.36,🚬菸屁股,HOLD,1
TJX,2026-09-18,190.0,0.08,1349,4,99.7070341796875,12,132.08,🚬菸屁股,HOLD,1
WMT,2026-12-18,155.0,0.12,1037,4,41.55331884765625,103,107.14,🚬菸屁股,HOLD,1
PCG,2028-01-21,30.0,0.41,3371,4,49.170430175781256,502,14.3,🔭LEAPS,HOLD,1
RDDT,2026-10-16,300.0,0.04,848,4,79.883013671875,40,154.46,🚬菸屁股,HOLD,1
RDDT,2028-01-21,420.0,10.0,1746,4,67.57234576416018,502,154.46,🔭LEAPS,HOLD,1
MNST,2026-09-18,46.25,0.15,1354,4,25.00075,12,43.82,🚬菸屁股,HOLD,1
NFLX,2026-12-18,150.0,0.01,4874,4,51.36767382812499,103,78.25,🚬菸屁股,HOLD,1
NFLX,2026-12-18,170.0,0.15,8481,4,58.20354296875,103,78.25,🚬菸屁股,HOLD,1
NFLX,2026-12-18,265.0,0.05,1383,4,82.42205078125,103,78.25,🚬菸屁股,HOLD,1
NFLX,2027-01-15,114.0,0.83,2279,4,42.358974853515626,131,78.25,🚬菸屁股,HOLD,1
NFLX,2027-01-15,124.0,0.45,2955,4,44.2388388671875,131,78.25,🚬菸屁股,HOLD,1
NFLX,2027-01-15,128.0,0.39,9252,4,45.117736328125005,131,78.25,🚬菸屁股,HOLD,1
NFLX,2027-01-15,166.0,0.1,887,4,51.8559501953125,131,78.25,🚬菸屁股,HOLD,1
NFLX,2027-01-15,252.0,0.03,788,4,72.46121289062499,131,78.25,🚬菸屁股,HOLD,1
ORCL,2026-09-18,340.0,0.05,1917,4,135.15657421875,12,158.78,🚬菸屁股,HOLD,1
ORCL,2026-12-18,350.0,0.72,7394,4,72.99831689453124,103,158.78,🚬菸屁股,HOLD,1
ORCL,2027-01-15,390.0,0.58,1742,4,70.87431469726562,131,158.78,🚬菸屁股,HOLD,1
ORCL,2027-01-15,420.0,0.5,1049,4,72.3635576171875,131,158.78,🚬菸屁股,HOLD,1
ORCL,2027-01-15,510.0,0.22,9698,4,77.148666015625,131,158.78,🚬菸屁股,HOLD,1
BA,2026-11-20,285.0,0.4,2140,4,36.37758935546876,75,212.25,🚬菸屁股,HOLD,1
AMZN,2026-09-18,350.0,0.01,19083,4,50.7817421875,12,258.51,🚬菸屁股,HOLD,1
AMZN,2026-11-20,360.0,0.57,14625,4,39.41710974121094,75,258.51,🚬菸屁股,HOLD,1
VELO,2026-09-18,20.0,0.05,2740,4,131.25034374999998,12,11.61,🚬菸屁股,HOLD,1
DDD,2027-01-15,3.0,0.95,4710,4,90.62509374999999,131,3.46,🚬菸屁股,HOLD,1
NNDM,2028-01-21,4.5,0.21,1512,4,81.2501875,502,1.62,🔭LEAPS,HOLD,1
FLNC,2026-09-18,16.0,0.04,849,4,126.56286718749999,12,10.35,🚬菸屁股,HOLD,1
FLNC,2027-01-15,21.0,0.4,1098,4,91.4063359375,131,10.35,🚬菸屁股,HOLD,1
FLNC,2027-01-15,35.0,0.1,939,4,97.26565234374999,131,10.35,🚬菸屁股,HOLD,1
FLNC,2028-01-21,30.0,1.95,4487,4,103.71141894531253,502,10.35,🔭LEAPS,HOLD,1
RUN,2027-01-15,23.0,0.06,5053,4,84.37515624999999,131,8.89,🚬菸屁股,HOLD,1
RUN,2028-01-21,17.0,1.6,1376,4,85.25405371093751,502,8.89,🔭LEAPS,HOLD,1
RUN,2028-01-21,20.0,1.29,2150,4,86.7188828125,502,8.89,🔭LEAPS,HOLD,1
UUUU,2027-01-15,22.0,0.83,4024,4,75.83031982421876,131,14.47,🚬菸屁股,HOLD,1
UUUU,2028-01-21,10.0,7.28,1868,4,89.257919921875,502,14.47,🔭LEAPS,HOLD,1
UUUU,2028-01-21,37.0,1.9,2300,4,83.42301733398436,502,14.47,🔭LEAPS,HOLD,1
EVGO,2026-11-20,3.0,0.05,2587,4,114.84417578124999,75,1.51,🚬菸屁股,HOLD,1
TSLA,2026-09-18,800.0,0.03,8992,3,132.03158984375,12,354.08,🚬菸屁股,HOLD,1
MSFT,2026-09-18,600.0,0.04,6070,3,36.817038085937504,12,499.7,🚬菸屁股,HOLD,1
IBIT,2026-12-18,75.0,0.26,10474,3,53.320779296874996,103,45.23,🚬菸屁股,HOLD,1
IBIT,2027-01-15,79.0,0.31,5267,3,52.93015820312501,131,45.23,🆕低基期(前日Vol1) 🚬菸屁股,HOLD,1
IBIT,2027-01-15,115.0,0.09,5475,3,67.18782812500001,131,45.23,🚬菸屁股,HOLD,1
IBIT,2028-01-21,95.0,2.39,5970,3,53.16208947753906,502,45.23,🔭LEAPS,HOLD,1
PLTR,2027-01-15,410.0,0.37,10934,3,60.058993164062514,131,174.33,🚬菸屁股,HOLD,1
INTC,2026-09-18,210.0,0.01,13070,3,121.875390625,12,95.8,🚬菸屁股,HOLD,1
SMCI,2028-01-21,90.0,6.0,3492,3,83.1361549682617,502,39.59,🔭LEAPS,HOLD,1
OKLO,2026-11-20,105.0,0.36,955,3,103.71141894531253,75,41.27,🚬菸屁股,HOLD,1
OKLO,2027-01-15,110.0,0.75,3186,3,97.26565234374999,131,41.27,🚬菸屁股,HOLD,1
OKLO,2027-01-15,140.0,0.31,927,3,104.39500927734377,131,41.27,🚬菸屁股,HOLD,1
OKLO,2028-01-21,130.0,5.35,1355,3,92.07771594238281,502,41.27,🔭LEAPS,HOLD,1
VST,2026-09-18,220.0,0.17,870,3,78.12521875,12,149.3,🚬菸屁股,HOLD,1
VST,2026-09-18,240.0,0.01,1266,3,125.68396533203124,12,149.3,🚬菸屁股,HOLD,1
RKLB,2027-01-15,160.0,0.71,2093,3,85.69350244140624,131,64.26,🚬菸屁股,HOLD,1
ASTS,2027-01-15,185.0,0.55,1261,3,97.94923925781251,131,62.31,🚬菸屁股,HOLD,1
ASTS,2028-01-21,155.0,9.35,944,3,88.66588482666016,502,62.31,🔭LEAPS,HOLD,1
IONQ,2028-01-21,75.0,8.0,899,3,84.69253588867187,502,39.52,🔭LEAPS,HOLD,1
IONQ,2028-01-21,90.0,6.29,2097,3,84.57046679687498,502,39.52,🔭LEAPS,HOLD,1
UPST,2027-01-15,70.0,0.41,1691,3,80.85956640625,131,28.05,🚬菸屁股,HOLD,1
UPST,2027-01-15,100.0,0.07,6060,3,86.32826171875,131,28.05,🚬菸屁股,HOLD,1
SOFI,2026-11-20,33.0,0.08,1470,3,70.117486328125,75,18.22,🚬菸屁股,HOLD,1
DKNG,2028-01-21,32.5,4.28,2428,3,60.986718261718764,502,24.01,🆕低基期(前日Vol1) 🔭LEAPS,HOLD,1
IREN,2026-12-18,120.0,0.63,4065,3,108.93600219726562,103,44.68,🆕低基期(前日Vol1) 🚬菸屁股,HOLD,1
IREN,2026-12-18,130.0,0.51,998,3,110.64497802734377,103,44.68,🚬菸屁股,HOLD,1
NBIS,2026-09-18,390.0,0.18,1261,3,120.11758691406249,12,226.39,🚬菸屁股,HOLD,1
TDOC,2027-01-15,12.5,0.15,5066,3,77.929908203125,131,6.28,🆕低基期(前日Vol1) 🚬菸屁股,HOLD,1
XYZ,2026-12-18,135.0,0.27,835,3,50.171396728515624,103,82.76,🚬菸屁股,HOLD,1
NTLA,2027-01-15,35.0,0.15,3775,3,91.4063359375,131,12.74,🚬菸屁股,HOLD,1
HIMS,2026-12-18,65.0,0.43,791,3,93.4570966796875,103,27.71,🚬菸屁股,HOLD,1
HIMS,2026-12-18,80.0,0.2,3426,3,102.34423828125001,103,27.71,🆕低基期(前日Vol1) 🚬菸屁股,HOLD,1
HIMS,2027-01-15,65.0,0.55,1462,3,91.01571484374999,131,27.71,🚬菸屁股,HOLD,1
ONDS,2027-01-15,22.0,0.09,2423,3,98.437515625,131,7.62,🚬菸屁股,HOLD,1
LUNR,2026-09-18,23.0,0.03,2064,3,110.15669921875002,12,14.81,🚬菸屁股,HOLD,1
LUNR,2026-12-18,30.0,0.37,1212,3,95.99613378906248,103,14.81,🚬菸屁股,HOLD,1
JOBY,2026-10-16,14.0,0.02,1837,3,101.5629921875,40,6.74,🚬菸屁股,HOLD,1
JOBY,2027-01-15,17.0,0.05,6236,3,86.7188828125,131,6.74,🚬菸屁股,HOLD,1
ACHR,2027-01-15,22.0,0.05,7399,3,115.625421875,131,5.71,🚬菸屁股,HOLD,1
SMR,2026-09-11,12.5,0.03,1295,3,143.75028125,5,9.7,🚬菸屁股,HOLD,1
SMR,2026-09-18,15.0,0.02,1481,3,109.375453125,12,9.7,🚬菸屁股,HOLD,1
SMR,2026-11-20,17.0,0.23,1562,3,96.0937890625,75,9.7,🚬菸屁股,HOLD,1
SMR,2027-01-15,25.0,0.2,7251,3,99.2187578125,131,9.7,🚬菸屁股,HOLD,1
SMR,2027-01-15,32.0,0.12,1113,3,105.078599609375,131,9.7,🚬菸屁股,HOLD,1
SMR,2027-01-15,60.0,0.05,923,3,125.00037499999999,131,9.7,🚬菸屁股,HOLD,1
CRWV,2027-01-15,240.0,0.45,6003,3,90.69833520507812,131,89.36,🚬菸屁股,HOLD,1
CRWV,2028-01-21,190.0,10.75,1348,3,81.71405004882811,502,89.36,🔭LEAPS,HOLD,1
TJX,2026-10-16,155.0,0.14,1018,3,27.832752929687498,40,132.08,🚬菸屁股,HOLD,1
WMT,2027-01-15,195.0,0.08,7948,3,39.063109374999996,131,107.14,🚬菸屁股,HOLD,1
WMT,2028-01-21,195.0,1.0,3097,3,31.61689477539062,502,107.14,🔭LEAPS,HOLD,1
PCG,2026-09-11,19.5,0.02,4015,3,99.2187578125,5,14.3,🚬菸屁股,HOLD,1
PCG,2026-10-16,23.0,0.07,5032,3,88.2813671875,40,14.3,🚬菸屁股,HOLD,1
PCG,2028-01-21,25.0,0.7,19015,3,47.363807617187504,502,14.3,🔭LEAPS,HOLD,1
RDDT,2027-01-15,420.0,0.5,1768,3,71.63114306640624,131,154.46,🚬菸屁股,HOLD,1
NFLX,2026-09-18,96.0,0.03,1270,3,47.6567734375,12,78.25,🚬菸屁股,HOLD,1
NFLX,2026-09-18,107.0,0.03,1215,3,64.8441015625,12,78.25,🚬菸屁股,HOLD,1
NFLX,2026-09-18,120.0,0.02,22509,3,71.87528125,12,78.25,🚬菸屁股,HOLD,1
NFLX,2026-12-18,135.0,0.16,1682,3,49.9028447265625,103,78.25,🚬菸屁股,HOLD,1
NFLX,2027-01-15,134.0,0.25,1096,3,46.680220703125,131,78.25,🚬菸屁股,HOLD,1
NFLX,2027-01-15,144.0,0.19,4689,3,48.5356708984375,131,78.25,🚬菸屁股,HOLD,1
NFLX,2028-01-21,116.0,7.13,5691,3,43.32942413330079,502,78.25,🔭LEAPS,HOLD,1
MU,2026-09-18,1990.0,0.06,809,3,105.46922265625001,12,1016.59,🚬菸屁股,HOLD,1
ORCL,2026-10-16,310.0,0.22,823,3,84.27750097656251,40,158.78,🚬菸屁股,HOLD,1
ORCL,2026-12-18,380.0,0.41,858,3,75.53735400390626,103,158.78,🚬菸屁股,HOLD,1
BA,2026-09-11,245.0,0.01,1198,3,43.555251953125,5,212.25,🚬菸屁股,HOLD,1
AMZN,2026-10-16,400.0,0.03,1886,3,47.26615234375,40,258.51,🚬菸屁股,HOLD,1
AMZN,2026-12-18,380.0,0.59,2422,3,37.805797729492184,103,258.51,🚬菸屁股,HOLD,1
AMZN,2026-12-18,410.0,0.22,8199,3,38.550419189453116,103,258.51,🚬菸屁股,HOLD,1
NNDM,2027-01-15,3.5,0.08,6952,3,79.687703125,131,1.62,🚬菸屁股,HOLD,1
FLNC,2027-01-15,25.0,0.3,2476,3,97.85158398437501,131,10.35,🚬菸屁股,HOLD,1
FLNC,2027-01-15,27.0,0.25,983,3,103.71141894531253,131,10.35,🚬菸屁股,HOLD,1
BLDP,2027-02-19,6.0,0.04,1730,3,102.34423828125001,166,2.34,🚬菸屁股,HOLD,1
SEDG,2026-09-18,55.0,0.05,849,3,111.71919140624999,12,34.2,🚬菸屁股,HOLD,1
SEDG,2027-01-15,80.0,0.5,1091,3,87.10950390625,131,34.2,🚬菸屁股,HOLD,1
RUN,2026-09-11,11.0,0.01,1079,3,101.5629921875,5,8.89,🚬菸屁股,HOLD,1
RUN,2026-11-20,11.0,0.56,1031,3,76.46507910156251,75,8.89,🚬菸屁股,HOLD,1
RUN,2027-01-15,27.0,0.05,3868,3,89.84385156249999,131,8.89,🚬菸屁股,HOLD,1
SOUN,2026-10-16,13.0,0.04,3124,3,106.25046875000001,40,6.74,🚬菸屁股,HOLD,1
SOUN,2027-01-15,14.0,0.2,1173,3,76.95335546875,131,6.74,🚬菸屁股,HOLD,1
SOUN,2027-01-15,30.0,0.05,2967,3,121.09414453124998,131,6.74,🚬菸屁股,HOLD,1
UUUU,2026-11-20,22.0,0.35,1109,3,76.562734375,75,14.47,🚬菸屁股,HOLD,1
AFRM,2026-09-18,125.0,0.01,1134,3,96.87503124999999,12,72.35,🚬菸屁股,HOLD,1
NVDA,2026-09-18,420.0,0.01,7926,2,90.62509374999999,12,230.36,🚬菸屁股,HOLD,1
MSTR,2027-01-15,700.0,0.49,11701,2,108.83834643554687,131,142.8,🚬菸屁股,HOLD,1
IBIT,2027-01-15,135.0,0.07,12720,2,73.437765625,131,45.23,🚬菸屁股,HOLD,1
IBIT,2028-06-16,65.0,7.35,6581,2,55.04195349121095,649,45.23,🔭LEAPS,HOLD,1
SMCI,2026-12-18,90.0,0.54,2911,2,91.55281884765625,103,39.59,🚬菸屁股,HOLD,1
SMCI,2026-12-18,106.0,0.36,2332,2,93.164130859375,103,39.59,🚬菸屁股,HOLD,1
SMCI,2028-01-21,95.0,5.2,2611,2,82.61736132812499,502,39.59,🔭LEAPS,HOLD,1
OKLO,2026-12-18,140.0,0.27,5816,2,110.84028955078126,103,41.27,🚬菸屁股,HOLD,1
OKLO,2027-01-15,90.0,0.94,1856,2,92.89557885742188,131,41.27,🚬菸屁股,HOLD,1
OKLO,2027-01-15,120.0,0.52,3079,2,96.43558251953125,131,41.27,🚬菸屁股,HOLD,1
OKLO,2027-01-15,190.0,0.32,754,2,114.35589697265624,131,41.27,🚬菸屁股,HOLD,1
OKLO,2027-01-15,230.0,0.22,1018,2,121.28945605468748,131,41.27,🚬菸屁股,HOLD,1
OKLO,2027-01-15,250.0,0.21,1382,2,125.39099804687498,131,41.27,🚬菸屁股,HOLD,1
OKLO,2028-01-21,85.0,8.1,1239,2,86.74329663085938,502,41.27,🔭LEAPS,HOLD,1
OKLO,2028-01-21,120.0,5.6,974,2,91.85799157714844,502,41.27,🔭LEAPS,HOLD,1
VST,2026-09-18,195.0,0.08,1248,2,59.96133789062501,12,149.3,🚬菸屁股,HOLD,1
VST,2026-09-18,235.0,0.06,829,2,129.6878515625,12,149.3,🚬菸屁股,HOLD,1
VST,2026-10-16,250.0,0.12,1579,2,63.47692773437501,40,149.3,🚬菸屁股,HOLD,1
VST,2026-12-18,235.0,0.82,2679,2,52.6371923828125,103,149.3,🚬菸屁股,HOLD,1
VST,2027-01-15,255.0,0.79,867,2,50.452155639648446,131,149.3,🚬菸屁股,HOLD,1
RKLB,2026-12-18,160.0,0.49,990,2,88.2813671875,103,64.26,🚬菸屁股,HOLD,1
RKLB,2026-12-18,165.0,0.45,764,2,89.30674755859374,103,64.26,🚬菸屁股,HOLD,1
RKLB,2028-01-21,190.0,5.42,1043,2,78.16183947753908,502,64.26,🔭LEAPS,HOLD,1
ASTS,2026-09-18,110.0,0.06,3367,2,122.65663671875001,12,62.31,🚬菸屁股,HOLD,1
ASTS,2026-10-16,120.0,0.24,1346,2,97.070341796875,40,62.31,🚬菸屁股,HOLD,1
ASTS,2028-01-21,145.0,10.47,1795,2,88.1715050048828,502,62.31,🔭LEAPS,HOLD,1
IONQ,2026-10-16,75.0,0.15,2864,2,95.70316796875,40,39.52,🚬菸屁股,HOLD,1
IONQ,2027-01-15,110.0,0.36,2654,2,90.52743847656251,131,39.52,🚬菸屁股,HOLD,1
IONQ,2028-01-21,70.0,8.5,1511,2,85.52260571289064,502,39.52,🔭LEAPS,HOLD,1
IONQ,2028-01-21,85.0,6.69,1001,2,84.77798425292968,502,39.52,🔭LEAPS,HOLD,1
IONQ,2028-01-21,100.0,5.74,1052,2,86.132951171875,502,39.52,🔭LEAPS,HOLD,1
UPST,2027-01-15,75.0,0.22,2724,2,91.992267578125,131,28.05,🚬菸屁股,HOLD,1
UPST,2028-01-21,80.0,2.68,1119,2,74.14576635742188,502,28.05,🔭LEAPS,HOLD,1
SOFI,2028-01-21,8.0,11.15,1644,2,79.687703125,502,18.22,🔭LEAPS,HOLD,1
SOFI,2028-06-16,27.0,3.95,4946,2,65.1614812011719,649,18.22,🔭LEAPS,HOLD,1
SOFI,2028-06-16,37.0,2.53,4645,2,65.43003320312502,649,18.22,🔭LEAPS,HOLD,1
SOFI,2028-06-16,45.0,1.91,4846,2,67.0169313964844,649,18.22,🔭LEAPS,HOLD,1
DKNG,2026-12-18,33.0,0.71,2050,2,59.18009570312501,103,24.01,🚬菸屁股,HOLD,1
DKNG,2026-12-18,38.0,0.27,1102,2,57.617611328124994,103,24.01,🚬菸屁股,HOLD,1
DKNG,2027-01-15,42.0,0.28,1581,2,58.10588769531251,131,24.01,🚬菸屁股,HOLD,1
DKNG,2028-01-21,22.5,7.56,750,2,63.53796228027344,502,24.01,🔭LEAPS,HOLD,1
DKNG,2028-01-21,60.0,0.98,4705,2,58.64299169921875,502,24.01,🔭LEAPS,HOLD,1
IREN,2026-12-18,135.0,0.18,813,2,114.79534790039061,103,44.68,🚬菸屁股,HOLD,1
U,2026-09-18,47.0,0.27,1331,2,56.1527822265625,12,41.66,🚬菸屁股,HOLD,1
U,2026-09-18,50.0,0.12,3623,2,62.69568554687501,12,41.66,🚬菸屁股,HOLD,1
U,2026-11-20,60.0,0.78,788,2,64.99058447265625,75,41.66,🚬菸屁股,HOLD,1
U,2027-01-15,75.0,0.55,3176,2,66.01596484375001,131,41.66,🚬菸屁股,HOLD,1
U,2028-01-21,45.0,11.97,7530,2,69.10431286621095,502,41.66,🔭LEAPS,HOLD,1
TDOC,2026-10-16,11.0,0.09,1222,2,89.062609375,40,6.28,🚬菸屁股,HOLD,1
TDOC,2027-01-15,20.0,0.06,20338,2,101.5629921875,131,6.28,🚬菸屁股,HOLD,1
ZM,2026-09-18,114.0,0.5,1211,2,52.686020019531256,12,101.33,🚬菸屁股,HOLD,1
ZM,2027-01-15,160.0,0.56,761,2,50.07374145507812,131,101.33,🚬菸屁股,HOLD,1
XYZ,2026-12-18,145.0,0.2,1401,2,51.17236328125,103,82.76,🚬菸屁股,HOLD,1
XYZ,2027-01-15,130.0,0.69,1496,2,50.02491381835939,131,82.76,🚬菸屁股,HOLD,1
OPEN,2027-01-15,12.0,0.05,6247,2,114.0629296875,131,3.15,🚬菸屁股,HOLD,1
OPEN,2028-01-21,12.0,0.44,4298,2,101.172369140625,502,3.15,🔭LEAPS,HOLD,1
BEAM,2028-01-21,40.0,7.2,2241,2,77.02659692382812,502,29.66,🔭LEAPS,HOLD,1
HIMS,2026-09-18,44.0,0.04,890,2,107.03171484375002,12,27.71,🚬菸屁股,HOLD,1
HIMS,2026-10-16,38.0,0.43,847,2,77.24632128906251,40,27.71,🚬菸屁股,HOLD,1
HIMS,2026-10-16,55.0,0.11,3210,2,108.7895185546875,40,27.71,🚬菸屁股,HOLD,1
HIMS,2026-11-20,45.0,0.65,1099,2,87.7930908203125,75,27.71,🚬菸屁股,HOLD,1
HIMS,2027-01-15,75.0,0.38,3378,2,94.43364941406249,131,27.71,🚬菸屁股,HOLD,1
ONDS,2026-12-18,16.0,0.15,1209,2,92.57819921875,103,7.62,🚬菸屁股,HOLD,1
ONDS,2027-01-15,27.0,0.06,7110,2,102.73486132812502,131,7.62,🚬菸屁股,HOLD,1
LUNR,2028-01-21,65.0,1.75,801,2,100.43995092773437,502,14.81,🔭LEAPS,HOLD,1
JOBY,2026-10-16,13.0,0.03,818,2,110.15669921875002,40,6.74,🚬菸屁股,HOLD,1
JOBY,2026-10-16,15.0,0.01,1664,2,90.62509374999999,40,6.74,🚬菸屁股,HOLD,1
JOBY,2026-10-16,16.0,0.02,783,2,115.625421875,40,6.74,🚬菸屁股,HOLD,1
ACHR,2026-10-16,10.0,0.04,6291,2,95.312546875,40,5.71,🚬菸屁股,HOLD,1
ACHR,2027-01-15,17.0,0.06,9448,2,103.12548437500001,131,5.71,🚬菸屁股,HOLD,1
SMR,2027-01-15,17.0,0.53,2566,2,89.84385156249999,131,9.7,🚬菸屁股,HOLD,1
SMR,2027-01-15,50.0,0.06,4860,2,121.09414453124998,131,9.7,🚬菸屁股,HOLD,1
NNE,2027-01-15,35.0,0.55,871,2,84.47281152343749,131,17.72,🚬菸屁股,HOLD,1
NNE,2028-01-21,50.0,2.37,794,2,88.76964355468748,502,17.72,🔭LEAPS,HOLD,1
CRWV,2026-09-18,155.0,0.06,2064,2,109.375453125,12,89.36,🚬菸屁股,HOLD,1
CRWV,2026-09-18,170.0,0.02,5946,2,128.125359375,12,89.36,🚬菸屁股,HOLD,1
CRWV,2026-09-18,195.0,0.04,3941,2,137.50031249999998,12,89.36,🚬菸屁股,HOLD,1
CRWV,2026-10-16,180.0,0.07,8685,2,93.4570966796875,40,89.36,🚬菸屁股,HOLD,1
CRWV,2027-01-15,250.0,0.35,2604,2,91.4063359375,131,89.36,🚬菸屁股,HOLD,1
CRWV,2028-01-21,180.0,12.0,1920,2,82.19622296142578,502,89.36,🔭LEAPS,HOLD,1
CRWV,2028-01-21,195.0,9.96,3770,2,82.09856768798826,502,89.36,🔭LEAPS,HOLD,1
TJX,2026-09-18,160.0,0.1,1566,2,43.164630859375,12,132.08,🚬菸屁股,HOLD,1
TJX,2026-09-18,165.0,0.03,2245,2,49.219257812500004,12,132.08,🚬菸屁股,HOLD,1
TJX,2027-01-15,195.0,0.2,1031,2,30.908894042968747,131,132.08,🚬菸屁股,HOLD,1
WMT,2026-09-18,155.0,0.02,2397,2,62.500375000000005,12,107.14,🚬菸屁股,HOLD,1
WMT,2026-11-20,145.0,0.12,1830,2,37.28090063476562,75,107.14,🚬菸屁股,HOLD,1
WMT,2027-01-15,155.0,0.19,3442,2,34.37565625,131,107.14,🚬菸屁股,HOLD,1
WMT,2027-01-15,175.0,0.08,833,2,45.313046875000005,131,107.14,🚬菸屁股,HOLD,1
APP,2026-09-18,500.0,0.05,2741,2,76.562734375,12,320.56,🚬菸屁股,HOLD,1
PCG,2026-09-18,19.5,0.04,1261,2,94.5313046875,12,14.3,🚬菸屁股,HOLD,1
PCG,2027-01-15,27.0,0.24,3339,2,72.07059179687501,131,14.3,🚬菸屁股,HOLD,1
PCG,2027-01-15,30.0,0.01,1136,2,65.43003320312502,131,14.3,🚬菸屁股,HOLD,1
PCG,2027-01-15,35.0,0.23,2666,2,84.179845703125,131,14.3,🚬菸屁股,HOLD,1
RDDT,2027-01-15,350.0,0.94,1977,2,69.80010668945313,131,154.46,🚬菸屁股,HOLD,1
MNST,2028-01-21,72.5,0.6,1538,2,33.130551513671875,502,43.82,🔭LEAPS,HOLD,1
NFLX,2026-09-18,106.0,0.05,976,2,62.890996093750005,12,78.25,🚬菸屁股,HOLD,1
NFLX,2026-09-18,109.0,0.02,1175,2,67.96907031250001,12,78.25,🚬菸屁股,HOLD,1
NFLX,2026-09-18,150.0,0.04,3479,2,115.625421875,12,78.25,🚬菸屁股,HOLD,1
NFLX,2026-10-16,125.0,0.04,2042,2,53.906710937500016,40,78.25,🚬菸屁股,HOLD,1
NFLX,2026-11-20,150.0,0.04,1129,2,58.5941640625,75,78.25,🚬菸屁股,HOLD,1
NFLX,2026-12-18,108.0,0.7,2758,2,41.16269775390625,103,78.25,🚬菸屁股,HOLD,1
NFLX,2026-12-18,126.0,0.26,1691,2,46.92435888671875,103,78.25,🚬菸屁股,HOLD,1
NFLX,2026-12-18,128.0,0.17,4395,2,47.5591181640625,103,78.25,🚬菸屁股,HOLD,1
NFLX,2026-12-18,130.0,0.15,4149,2,48.1450498046875,103,78.25,🚬菸屁股,HOLD,1
NFLX,2026-12-18,134.0,0.15,1189,2,49.36574072265626,103,78.25,🚬菸屁股,HOLD,1
NFLX,2026-12-18,138.0,0.13,1111,2,51.17236328125,103,78.25,🚬菸屁股,HOLD,1
NFLX,2026-12-18,140.0,0.12,5134,2,51.807122558593754,103,78.25,🚬菸屁股,HOLD,1
NFLX,2026-12-18,144.0,0.16,5823,2,53.4184345703125,103,78.25,🚬菸屁股,HOLD,1
NFLX,2026-12-18,174.0,0.01,1138,2,68.16438085937502,103,78.25,🚬菸屁股,HOLD,1
NFLX,2026-12-18,239.0,0.4,751,2,89.3555751953125,103,78.25,🚬菸屁股,HOLD,1
NFLX,2027-01-15,122.0,0.51,2677,2,43.7505625,131,78.25,🚬菸屁股,HOLD,1
NFLX,2027-01-15,146.0,0.14,4586,2,50.098155273437506,131,78.25,🚬菸屁股,HOLD,1
NFLX,2027-01-15,190.0,0.11,1149,2,58.789474609375006,131,78.25,🚬菸屁股,HOLD,1
NFLX,2027-01-15,230.0,0.07,2783,2,68.16438085937502,131,78.25,🚬菸屁股,HOLD,1
NFLX,2027-01-15,265.0,0.03,1720,2,74.60962890625001,131,78.25,🚬菸屁股,HOLD,1
NFLX,2028-01-21,115.0,6.25,1029,2,43.62849340820312,502,78.25,🔭LEAPS,HOLD,1
NFLX,2028-01-21,134.0,3.71,1015,2,43.079182495117195,502,78.25,🔭LEAPS,HOLD,1
NFLX,2028-01-21,148.0,3.15,803,2,43.671217590332034,502,78.25,🔭LEAPS,HOLD,1
NFLX,2028-01-21,168.0,2.1,2101,2,44.14118359375,502,78.25,🔭LEAPS,HOLD,1
NFLX,2028-01-21,215.0,0.68,1246,2,47.79104943847656,502,78.25,🔭LEAPS,HOLD,1
NFLX,2028-06-16,180.0,2.3,4131,2,44.727115234375,649,78.25,🔭LEAPS,HOLD,1
MU,2026-10-16,1910.0,0.7,1039,2,81.21356677246092,40,1016.59,🚬菸屁股,HOLD,1
ORCL,2026-10-16,330.0,0.12,2618,2,89.94150683593749,40,158.78,🚬菸屁股,HOLD,1
ORCL,2026-12-18,320.0,0.97,1488,2,71.55790161132812,103,158.78,🚬菸屁股,HOLD,1
ORCL,2027-01-15,450.0,0.42,984,2,75.39087109375001,131,158.78,🚬菸屁股,HOLD,1
ORCL,2027-01-15,460.0,0.3,954,2,74.5119736328125,131,158.78,🚬菸屁股,HOLD,1
ORCL,2027-01-15,470.0,0.29,952,2,74.5119736328125,131,158.78,🚬菸屁股,HOLD,1
ORCL,2027-01-15,480.0,0.28,1098,2,76.66038964843752,131,158.78,🚬菸屁股,HOLD,1
ORCL,2028-01-21,370.0,10.0,1203,2,62.80249600219728,502,158.78,🔭LEAPS,HOLD,1
ORCL,2028-01-21,410.0,8.07,1160,2,63.33044482421876,502,158.78,🔭LEAPS,HOLD,1
ORCL,2028-01-21,460.0,5.45,875,2,64.12999737548827,502,158.78,🔭LEAPS,HOLD,1
BA,2026-09-18,290.0,0.01,1645,2,50.0005,12,212.25,🚬菸屁股,HOLD,1
BA,2026-11-20,270.0,0.87,2627,2,35.46207116699218,75,212.25,🚬菸屁股,HOLD,1
BA,2027-01-15,320.0,0.66,2559,2,36.45083081054688,131,212.25,🚬菸屁股,HOLD,1
BA,2028-01-21,330.0,8.7,1575,2,39.04479901123047,502,212.25,🔭LEAPS,HOLD,1
BA,2028-01-21,380.0,5.4,2310,2,38.837281555175785,502,212.25,🔭LEAPS,HOLD,1
AMZN,2026-09-11,305.0,0.02,2729,2,41.4068359375,5,258.51,🚬菸屁股,HOLD,1
AMZN,2026-09-18,410.0,0.01,1265,2,70.312796875,12,258.51,🚬菸屁股,HOLD,1
NNDM,2027-01-15,5.0,0.04,12685,2,104.68797656250001,131,1.62,🚬菸屁股,HOLD,1
NNDM,2028-01-21,2.0,0.45,1815,2,72.6565234375,502,1.62,🔭LEAPS,HOLD,1
FLNC,2026-09-18,13.0,0.06,2055,2,84.76577734374999,12,10.35,🚬菸屁股,HOLD,1
FLNC,2026-11-20,17.0,0.25,1193,2,87.500125,75,10.35,🚬菸屁股,HOLD,1
FLNC,2028-01-21,25.0,2.3,892,2,102.19775463867187,502,10.35,🔭LEAPS,HOLD,1
FLNC,2028-01-21,45.0,1.29,1107,2,106.44578027343752,502,10.35,🔭LEAPS,HOLD,1
SEDG,2027-01-15,95.0,0.45,914,2,89.55088574218748,131,34.2,🚬菸屁股,HOLD,1
RUN,2026-11-20,18.0,0.08,3353,2,95.70316796875,75,8.89,🚬菸屁股,HOLD,1
RUN,2026-11-20,20.0,0.04,9529,2,106.64109179687502,75,8.89,🚬菸屁股,HOLD,1
RUN,2026-11-20,21.0,0.13,1021,2,98.04689453125,75,8.89,🚬菸屁股,HOLD,1
RUN,2027-01-15,15.0,0.4,6964,2,77.73459765625,131,8.89,🚬菸屁股,HOLD,1
BBAI,2027-01-15,17.0,0.02,27683,2,132.03158984375,131,2.92,🚬菸屁股,HOLD,1
UUUU,2026-10-16,21.0,0.14,1464,2,76.17211328125,40,14.47,🚬菸屁股,HOLD,1
AFRM,2026-09-18,95.0,0.34,2542,2,74.90259472656251,12,72.35,🚬菸屁股,HOLD,1
AFRM,2027-01-15,150.0,0.4,1425,2,58.8871298828125,131,72.35,🚬菸屁股,HOLD,1
NVDA,2026-09-18,390.0,0.01,7836,1,81.2501875,12,230.36,🚬菸屁股,HOLD,1
NVDA,2026-09-18,410.0,0.01,5972,1,87.500125,12,230.36,🚬菸屁股,HOLD,1
IBIT,2026-09-18,100.0,0.02,16999,1,131.25034374999998,12,45.23,🚬菸屁股,HOLD,1
IBIT,2026-09-18,105.0,0.01,14345,1,137.50031249999998,12,45.23,🚬菸屁股,HOLD,1
IBIT,2026-12-18,63.0,0.58,7069,1,47.80325634765625,103,45.23,🚬菸屁股,HOLD,1
COIN,2027-01-15,880.0,0.24,13637,1,98.97461962890624,131,184.64,🚬菸屁股,HOLD,1
INTC,2026-09-18,195.0,0.02,8552,1,112.5004375,12,95.8,🚬菸屁股,HOLD,1
INTC,2028-01-21,55.0,44.5,5221,1,77.6369423828125,502,95.8,🔭LEAPS,HOLD,1
OKLO,2026-09-18,85.0,0.05,1018,1,129.6878515625,12,41.27,🚬菸屁股,HOLD,1
OKLO,2026-11-20,115.0,0.47,859,1,110.84028955078126,75,41.27,🚬菸屁股,HOLD,1
OKLO,2026-11-20,165.0,0.1,1141,1,121.68007910156248,75,41.27,🚬菸屁股,HOLD,1
OKLO,2026-12-18,105.0,0.5,2600,1,100.58643457031249,103,41.27,🚬菸屁股,HOLD,1
OKLO,2026-12-18,115.0,0.33,1335,1,98.3398603515625,103,41.27,🚬菸屁股,HOLD,1
OKLO,2027-01-15,175.0,0.21,1306,1,113.96527392578126,131,41.27,🚬菸屁股,HOLD,1
OKLO,2027-01-15,220.0,0.13,1257,1,117.3832255859375,131,41.27,🚬菸屁股,HOLD,1
OKLO,2027-01-15,260.0,0.09,5247,1,123.43788281249999,131,41.27,🚬菸屁股,HOLD,1
OKLO,2028-01-21,65.0,10.54,1799,1,86.70057244873047,502,41.27,🔭LEAPS,HOLD,1
OKLO,2028-01-21,75.0,8.65,846,1,88.63536755371094,502,41.27,🔭LEAPS,HOLD,1
OKLO,2028-01-21,95.0,7.4,829,1,86.69446899414062,502,41.27,🔭LEAPS,HOLD,1
OKLO,2028-01-21,145.0,4.2,1560,1,93.10309631347657,502,41.27,🔭LEAPS,HOLD,1
OKLO,2028-01-21,155.0,3.75,2067,1,94.98296032714843,502,41.27,🔭LEAPS,HOLD,1
OKLO,2028-01-21,260.0,2.65,2578,1,97.69289416503908,502,41.27,🔭LEAPS,HOLD,1
VST,2026-09-18,215.0,0.38,9110,1,101.95361523437501,12,149.3,🚬菸屁股,HOLD,1
VST,2026-12-18,280.0,0.47,883,1,54.78560839843751,103,149.3,🚬菸屁股,HOLD,1
VST,2027-01-15,290.0,0.38,3348,1,51.58739819335938,131,149.3,🚬菸屁股,HOLD,1
RKLB,2026-10-16,105.0,0.35,1691,1,83.54508642578124,40,64.26,🚬菸屁股,HOLD,1
RKLB,2026-10-16,135.0,0.1,1175,1,103.12548437500001,40,64.26,🚬菸屁股,HOLD,1
RKLB,2028-01-21,195.0,5.4,1935,1,78.68673657226562,502,64.26,🔭LEAPS,HOLD,1
ASTS,2028-01-21,160.0,8.97,1120,1,87.63440100097657,502,62.31,🔭LEAPS,HOLD,1
ASTS,2028-01-21,175.0,8.9,1216,1,88.31798791503907,502,62.31,🔭LEAPS,HOLD,1
ASTS,2028-01-21,185.0,7.65,937,1,88.28747064208984,502,62.31,🔭LEAPS,HOLD,1
IONQ,2026-09-18,75.0,0.05,1719,1,138.28155859374996,12,39.52,🚬菸屁股,HOLD,1
IONQ,2026-10-16,85.0,0.09,2357,1,103.71141894531253,40,39.52,🚬菸屁股,HOLD,1
IONQ,2026-10-16,90.0,0.05,1113,1,111.328568359375,40,39.52,🚬菸屁股,HOLD,1
IONQ,2026-11-20,75.0,0.62,875,1,91.84578466796876,75,39.52,🚬菸屁股,HOLD,1
IONQ,2026-11-20,80.0,0.47,2351,1,92.9688203125,75,39.52,🚬菸屁股,HOLD,1
IONQ,2026-11-20,140.0,0.12,1587,1,119.141029296875,75,39.52,🚬菸屁股,HOLD,1
IONQ,2026-12-18,90.0,0.54,2995,1,90.72274902343749,103,39.52,🚬菸屁股,HOLD,1
IONQ,2026-12-18,105.0,0.39,1603,1,97.55861816406251,103,39.52,🚬菸屁股,HOLD,1
IONQ,2026-12-18,140.0,0.17,917,1,111.42622412109375,103,39.52,🚬菸屁股,HOLD,1
IONQ,2027-01-15,90.0,0.77,2321,1,86.96302099609376,131,39.52,🚬菸屁股,HOLD,1
IONQ,2028-01-21,140.0,3.74,1041,1,88.2813671875,502,39.52,🔭LEAPS,HOLD,1
UPST,2026-09-18,42.5,0.27,2785,1,139.84405078125,12,28.05,🚬菸屁股,HOLD,1
UPST,2026-09-18,45.0,0.01,3574,1,114.45355273437498,12,28.05,🚬菸屁股,HOLD,1
UPST,2026-09-18,50.0,0.03,5557,1,115.625421875,12,28.05,🚬菸屁股,HOLD,1
UPST,2026-09-18,57.5,0.01,1804,1,125.00037499999999,12,28.05,🚬菸屁股,HOLD,1
UPST,2026-10-16,45.0,0.1,1451,1,78.12521875,40,28.05,🚬菸屁股,HOLD,1
UPST,2026-12-18,50.0,0.55,1069,1,74.60962890625001,103,28.05,🚬菸屁股,HOLD,1
UPST,2027-01-15,62.5,0.42,809,1,75.195560546875,131,28.05,🚬菸屁股,HOLD,1
UPST,2027-01-15,90.0,0.12,1381,1,101.7583037109375,131,28.05,🚬菸屁股,HOLD,1
UPST,2028-01-21,30.0,9.5,1548,1,76.52611364746093,502,28.05,🔭LEAPS,HOLD,1
UPST,2028-01-21,47.5,5.65,772,1,79.43135803222657,502,28.05,🔭LEAPS,HOLD,1
SOFI,2026-11-20,31.0,0.14,1244,1,67.57844921875001,75,18.22,🚬菸屁股,HOLD,1
SOFI,2026-12-18,35.0,0.13,14426,1,65.62534375000001,103,18.22,🚬菸屁股,HOLD,1
SOFI,2026-12-18,40.0,0.08,13070,1,72.07059179687501,103,18.22,🚬菸屁股,HOLD,1
SOFI,2027-01-15,37.0,0.18,3648,1,66.11362011718751,131,18.22,🚬菸屁股,HOLD,1
SOFI,2027-01-15,42.0,0.1,6462,1,68.35969140625001,131,18.22,🚬菸屁股,HOLD,1
DKNG,2026-09-18,35.0,0.01,6079,1,71.87528125,12,24.01,🚬菸屁股,HOLD,1
DKNG,2026-09-18,37.5,0.07,2876,1,107.81296093750001,12,24.01,🚬菸屁股,HOLD,1
DKNG,2026-09-18,42.5,0.07,1119,1,132.81283593749998,12,24.01,🚬菸屁股,HOLD,1
DKNG,2026-09-18,45.0,0.02,6253,1,126.56286718749999,12,24.01,🚬菸屁股,HOLD,1
DKNG,2026-09-18,50.0,0.01,3183,1,131.25034374999998,12,24.01,🚬菸屁股,HOLD,1
DKNG,2026-12-18,43.0,0.14,5482,1,61.71913281250001,103,24.01,🚬菸屁股,HOLD,1
DKNG,2026-12-18,50.0,0.08,1473,1,64.062859375,103,24.01,🚬菸屁股,HOLD,1
DKNG,2026-12-18,65.0,0.07,1810,1,79.687703125,103,24.01,🚬菸屁股,HOLD,1
DKNG,2026-12-18,70.0,0.03,6410,1,84.37515624999999,103,24.01,🚬菸屁股,HOLD,1
DKNG,2027-01-15,80.0,0.05,1000,1,75.7814921875,131,24.01,🚬菸屁股,HOLD,1
DKNG,2028-01-21,20.0,8.93,1669,1,64.69761865234375,502,24.01,🔭LEAPS,HOLD,1
DKNG,2028-01-21,30.0,5.13,4516,1,61.572649902343755,502,24.01,🔭LEAPS,HOLD,1
IREN,2026-10-16,95.0,0.14,2820,1,109.375453125,40,44.68,🚬菸屁股,HOLD,1
IREN,2026-11-20,130.0,0.18,1302,1,115.625421875,75,44.68,🚬菸屁股,HOLD,1
ROKU,2027-01-15,200.0,0.2,1084,1,24.7077841796875,131,155.59,🚬菸屁股,HOLD,1
HOOD,2026-09-18,280.0,0.01,1018,1,134.37532812499998,12,122.11,🚬菸屁股,HOLD,1
TDOC,2028-01-21,3.0,3.5,2352,1,115.8207333984375,502,6.28,🔭LEAPS,HOLD,1
ZM,2026-09-18,125.0,0.1,4871,1,59.96133789062501,12,101.33,🚬菸屁股,HOLD,1
ZM,2027-01-15,165.0,0.75,1880,1,50.73291455078125,131,101.33,🚬菸屁股,HOLD,1
ZM,2028-01-21,135.0,10.42,843,1,48.92934371948243,502,101.33,🔭LEAPS,HOLD,1
ZM,2028-01-21,140.0,9.95,2723,1,50.525397094726564,502,101.33,🔭LEAPS,HOLD,1
XYZ,2026-09-18,115.0,0.06,1141,1,92.773509765625,12,82.76,🚬菸屁股,HOLD,1
XYZ,2027-01-15,125.0,0.91,5155,1,49.219257812500004,131,82.76,🚬菸屁股,HOLD,1
XYZ,2027-01-15,140.0,0.51,1303,1,52.14891601562499,131,82.76,🚬菸屁股,HOLD,1
XYZ,2028-01-21,115.0,10.15,775,1,50.97094927978516,502,82.76,🔭LEAPS,HOLD,1
OPEN,2026-10-16,8.0,0.02,4511,1,131.25034374999998,40,3.15,🚬菸屁股,HOLD,1
OPEN,2027-01-15,9.0,0.09,5130,1,107.81296093750001,131,3.15,🚬菸屁股,HOLD,1
PACB,2027-01-15,1.5,0.28,8807,1,94.5313046875,131,1.35,🚬菸屁股,HOLD,1
PACB,2027-01-15,5.0,0.05,3474,1,137.50031249999998,131,1.35,🚬菸屁股,HOLD,1
HIMS,2026-11-20,47.0,0.72,3413,1,88.37902246093749,75,27.71,🚬菸屁股,HOLD,1
HIMS,2026-12-18,105.0,0.11,1387,1,118.9457177734375,103,27.71,🚬菸屁股,HOLD,1
HIMS,2027-01-15,55.0,0.8,1339,1,83.20329296874999,131,27.71,🚬菸屁股,HOLD,1
HIMS,2027-01-15,90.0,0.24,5075,1,96.87503124999999,131,27.71,🚬菸屁股,HOLD,1
HIMS,2028-01-21,90.0,3.15,4200,1,86.86536572265625,502,27.71,🔭LEAPS,HOLD,1
KTOS,2026-09-18,65.0,0.04,855,1,74.2190078125,12,47.82,🚬菸屁股,HOLD,1
KTOS,2026-09-18,75.0,0.23,1118,1,120.11758691406249,12,47.82,🚬菸屁股,HOLD,1
KTOS,2028-01-21,160.0,2.5,859,1,71.0940390625,502,47.82,🔭LEAPS,HOLD,1
ONDS,2026-09-11,12.0,0.01,1703,1,137.50031249999998,5,7.62,🚬菸屁股,HOLD,1
ONDS,2026-10-16,18.0,0.03,1175,1,123.43788281249999,40,7.62,🚬菸屁股,HOLD,1
ONDS,2027-01-15,18.0,0.18,2220,1,91.79695703125,131,7.62,🚬菸屁股,HOLD,1
ONDS,2028-01-21,27.0,0.89,12374,1,93.21295849609376,502,7.62,🔭LEAPS,HOLD,1
LUNR,2026-09-18,24.0,0.04,1832,1,126.56286718749999,12,14.81,🚬菸屁股,HOLD,1
LUNR,2026-09-18,26.0,0.02,1697,1,126.56286718749999,12,14.81,🚬菸屁股,HOLD,1
LUNR,2026-09-18,28.0,0.06,1154,1,145.3127734375,12,14.81,🚬菸屁股,HOLD,1
LUNR,2026-12-18,32.0,0.33,1035,1,97.070341796875,103,14.81,🚬菸屁股,HOLD,1
LUNR,2026-12-18,65.0,0.03,848,1,136.1331318359375,103,14.81,🚬菸屁股,HOLD,1
LUNR,2027-01-15,35.0,0.44,1406,1,94.92192578125,131,14.81,🚬菸屁股,HOLD,1
LUNR,2028-01-21,10.0,8.2,1076,1,102.88134497070315,502,14.81,🔭LEAPS,HOLD,1
LUNR,2028-01-21,17.0,6.2,1239,1,102.05127099609376,502,14.81,🔭LEAPS,HOLD,1
JOBY,2026-11-20,12.0,0.08,1793,1,80.85956640625,75,6.74,🚬菸屁股,HOLD,1
JOBY,2026-11-20,17.0,0.06,1201,1,98.437515625,75,6.74,🚬菸屁股,HOLD,1
JOBY,2026-11-20,20.0,0.04,1870,1,106.25046875000001,75,6.74,🚬菸屁股,HOLD,1
JOBY,2027-01-15,27.0,0.03,1490,1,102.34423828125001,131,6.74,🚬菸屁股,HOLD,1
JOBY,2027-01-15,35.0,0.02,2448,1,106.25046875000001,131,6.74,🚬菸屁股,HOLD,1
ACHR,2026-09-18,11.0,0.01,1097,1,137.50031249999998,12,5.71,🚬菸屁股,HOLD,1
ACHR,2027-01-15,25.0,0.06,22925,1,120.70352148437497,131,5.71,🚬菸屁股,HOLD,1
ACHR,2028-01-21,17.0,0.73,1491,1,87.500125,502,5.71,🔭LEAPS,HOLD,1
ACHR,2028-01-21,22.0,0.52,1327,1,88.86729882812499,502,5.71,🔭LEAPS,HOLD,1
SMR,2026-11-20,16.0,0.3,1111,1,92.38288867187501,75,9.7,🚬菸屁股,HOLD,1
SMR,2027-01-15,47.0,0.08,1020,1,135.15657421875,131,9.7,🚬菸屁股,HOLD,1
SMR,2027-01-15,55.0,0.12,3428,1,127.34411328124997,131,9.7,🚬菸屁股,HOLD,1
SMR,2027-01-15,80.0,0.03,10078,1,135.93782031249998,131,9.7,🚬菸屁股,HOLD,1
NNE,2026-09-11,24.0,0.19,1025,1,139.84405078125,5,17.72,🚬菸屁股,HOLD,1
NNE,2026-10-16,28.0,0.15,914,1,81.64080859375,40,17.72,🚬菸屁股,HOLD,1
NNE,2027-01-15,40.0,0.35,2348,1,87.98840136718749,131,17.72,🚬菸屁股,HOLD,1
VRT,2026-09-18,340.0,0.39,886,1,66.28451684570314,12,280.53,🚬菸屁股,HOLD,1
TJX,2026-09-18,145.0,0.07,915,1,28.418684570312493,12,132.08,🚬菸屁股,HOLD,1
TJX,2026-09-18,150.0,0.04,1566,1,40.28380029296875,12,132.08,🚬菸屁股,HOLD,1
TJX,2026-09-18,180.0,0.03,2907,1,60.15664843750002,12,132.08,🚬菸屁股,HOLD,1
TJX,2026-09-18,185.0,0.05,821,1,93.8477177734375,12,132.08,🚬菸屁股,HOLD,1
TJX,2026-12-18,170.0,0.3,1197,1,27.588614746093743,103,132.08,🚬菸屁股,HOLD,1
TJX,2027-01-15,165.0,0.75,1380,1,25.879647460937505,131,132.08,🚬菸屁股,HOLD,1
TJX,2027-01-15,175.0,0.45,1163,1,27.32006274414062,131,132.08,🚬菸屁股,HOLD,1
TJX,2028-01-21,190.0,2.65,2173,1,26.673096557617193,502,132.08,🔭LEAPS,HOLD,1
WMT,2026-09-11,127.0,0.08,923,1,60.35195898437502,5,107.14,🚬菸屁股,HOLD,1
WMT,2026-09-11,135.0,0.03,787,1,64.062859375,5,107.14,🚬菸屁股,HOLD,1
WMT,2026-09-18,165.0,0.01,1863,1,100.9770576171875,12,107.14,🚬菸屁股,HOLD,1
WMT,2026-09-18,195.0,0.02,9013,1,104.68797656250001,12,107.14,🚬菸屁股,HOLD,1
WMT,2026-10-16,140.0,0.01,1202,1,34.180345703125,40,107.14,🚬菸屁股,HOLD,1
WMT,2026-12-18,150.0,0.16,3147,1,34.13151806640625,103,107.14,🚬菸屁股,HOLD,1
WMT,2026-12-18,165.0,0.08,1487,1,42.725182128906255,103,107.14,🚬菸屁股,HOLD,1
WMT,2028-01-21,170.0,2.06,1847,1,32.14179187011719,502,107.14,🔭LEAPS,HOLD,1
WMT,2028-01-21,180.0,1.47,904,1,32.446964599609366,502,107.14,🔭LEAPS,HOLD,1
APP,2026-09-18,550.0,0.05,1514,1,105.85984570312502,12,320.56,🚬菸屁股,HOLD,1
APP,2026-09-18,700.0,0.8,2175,1,126.56286718749999,12,320.56,🚬菸屁股,HOLD,1
APP,2027-01-15,1000.0,0.35,1004,1,79.32149584960936,131,320.56,🚬菸屁股,HOLD,1
PCG,2026-09-11,20.0,0.01,5421,1,96.87503124999999,5,14.3,🚬菸屁股,HOLD,1
PCG,2028-01-21,35.0,0.24,3663,1,48.242705078125006,502,14.3,🔭LEAPS,HOLD,1
RDDT,2026-09-18,280.0,0.1,1793,1,111.71919140624999,12,154.46,🚬菸屁股,HOLD,1
MNST,2027-01-15,55.0,0.4,5009,1,30.103238037109374,131,43.82,🚬菸屁股,HOLD,1
NFLX,2026-09-18,103.0,0.03,811,1,56.250437500000004,12,78.25,🚬菸屁股,HOLD,1
NFLX,2026-09-18,108.0,0.01,2146,1,67.57844921875001,12,78.25,🚬菸屁股,HOLD,1
NFLX,2026-09-18,116.0,0.02,770,1,67.18782812500001,12,78.25,🚬菸屁股,HOLD,1
NFLX,2026-09-18,118.0,0.03,2101,1,79.687703125,12,78.25,🚬菸屁股,HOLD,1
NFLX,2026-09-18,124.0,0.01,1382,1,88.2813671875,12,78.25,🚬菸屁股,HOLD,1
NFLX,2026-09-18,125.0,0.04,23334,1,82.81267187499999,12,78.25,🚬菸屁股,HOLD,1
NFLX,2026-09-18,130.0,0.02,6428,1,84.37515624999999,12,78.25,🚬菸屁股,HOLD,1
NFLX,2026-09-18,132.0,0.02,773,1,98.437515625,12,78.25,🚬菸屁股,HOLD,1
NFLX,2026-09-18,134.0,0.03,2487,1,100.78174609374999,12,78.25,🚬菸屁股,HOLD,1
NFLX,2026-09-18,135.0,0.06,2086,1,102.34423828125001,12,78.25,🚬菸屁股,HOLD,1
NFLX,2026-09-18,140.0,0.01,2125,1,96.87503124999999,12,78.25,🚬菸屁股,HOLD,1
NFLX,2026-09-18,170.0,0.1,911,1,135.93782031249998,12,78.25,🚬菸屁股,HOLD,1
NFLX,2026-12-18,106.0,0.84,1745,1,42.26131958007812,103,78.25,🚬菸屁股,HOLD,1
NFLX,2026-12-18,107.0,0.77,2243,1,42.383388671875,103,78.25,🚬菸屁股,HOLD,1
NFLX,2026-12-18,109.0,0.65,1489,1,42.774009765625,103,78.25,🚬菸屁股,HOLD,1
NFLX,2026-12-18,111.0,0.8,1895,1,43.09138940429688,103,78.25,🚬菸屁股,HOLD,1
NFLX,2026-12-18,122.0,0.36,2097,1,45.703667968750004,103,78.25,🚬菸屁股,HOLD,1
NFLX,2026-12-18,136.0,0.14,1287,1,50.48877636718749,103,78.25,🚬菸屁股,HOLD,1
NFLX,2026-12-18,142.0,0.09,2016,1,52.4418818359375,103,78.25,🚬菸屁股,HOLD,1
NFLX,2026-12-18,146.0,0.15,3452,1,53.027813476562514,103,78.25,🚬菸屁股,HOLD,1
NFLX,2026-12-18,148.0,0.18,1126,1,51.758294921875006,103,78.25,🚬菸屁股,HOLD,1
NFLX,2026-12-18,200.0,0.04,2807,1,64.062859375,103,78.25,🚬菸屁股,HOLD,1
NFLX,2026-12-18,230.0,0.09,862,1,111.42622412109375,103,78.25,🚬菸屁股,HOLD,1
NFLX,2027-01-15,126.0,0.4,9885,1,44.6294599609375,131,78.25,🚬菸屁股,HOLD,1
NFLX,2027-01-15,136.0,0.24,1013,1,46.631393066406254,131,78.25,🚬菸屁股,HOLD,1
NFLX,2027-01-15,138.0,0.2,939,1,47.60794580078125,131,78.25,🚬菸屁股,HOLD,1
NFLX,2027-01-15,145.0,0.19,1225,1,49.65870654296876,131,78.25,🚬菸屁股,HOLD,1
NFLX,2027-01-15,152.0,0.11,1211,1,50.879397460937504,131,78.25,🚬菸屁股,HOLD,1
NFLX,2027-01-15,154.0,0.13,820,1,52.4418818359375,131,78.25,🚬菸屁股,HOLD,1
NFLX,2027-01-15,170.0,0.07,2433,1,52.14891601562499,131,78.25,🚬菸屁股,HOLD,1
NFLX,2027-01-15,175.0,0.1,812,1,55.859816406250005,131,78.25,🚬菸屁股,HOLD,1
NFLX,2027-01-15,210.0,0.11,1639,1,61.914443359375014,131,78.25,🚬菸屁股,HOLD,1
NFLX,2027-01-15,220.0,0.03,861,1,65.43003320312502,131,78.25,🚬菸屁股,HOLD,1
NFLX,2027-01-15,229.0,0.16,1606,1,83.30094824218747,131,78.25,🚬菸屁股,HOLD,1
NFLX,2027-01-15,256.0,0.1,1830,1,76.17211328125,131,78.25,🚬菸屁股,HOLD,1
NFLX,2028-01-21,91.0,11.8,942,1,44.67218414306641,502,78.25,🔭LEAPS,HOLD,1
NFLX,2028-01-21,146.0,2.88,1305,1,43.76887286376954,502,78.25,🔭LEAPS,HOLD,1
NFLX,2028-01-21,147.0,3.32,1113,1,43.37214831542969,502,78.25,🔭LEAPS,HOLD,1
NFLX,2028-01-21,165.0,2.22,1592,1,44.25104577636719,502,78.25,🔭LEAPS,HOLD,1
NFLX,2028-01-21,225.0,0.81,816,1,50.63525927734375,502,78.25,🔭LEAPS,HOLD,1
NFLX,2028-06-16,105.0,10.4,752,1,45.212339874267585,649,78.25,🔭LEAPS,HOLD,1
NFLX,2028-06-16,185.0,2.05,2577,1,43.90925231933594,649,78.25,🔭LEAPS,HOLD,1
MU,2026-09-18,1700.0,0.2,873,1,87.89074609375,12,1016.59,🚬菸屁股,HOLD,1
MU,2026-09-18,2170.0,0.03,1147,1,112.89106054687501,12,1016.59,🚬菸屁股,HOLD,1
ORCL,2026-11-20,290.0,0.71,876,1,71.0940390625,75,158.78,🚬菸屁股,HOLD,1
ORCL,2027-01-15,360.0,0.89,1439,1,70.04424487304688,131,158.78,🚬菸屁股,HOLD,1
ORCL,2027-01-15,370.0,0.8,5200,1,70.19072778320312,131,158.78,🚬菸屁股,HOLD,1
ORCL,2027-01-15,380.0,0.54,2403,1,71.04521142578125,131,158.78,🚬菸屁股,HOLD,1
ORCL,2028-01-21,310.0,11.9,764,1,62.161633270263685,502,158.78,🔭LEAPS,HOLD,1
ORCL,2028-01-21,430.0,7.51,1675,1,63.507445007324236,502,158.78,🔭LEAPS,HOLD,1
BA,2026-09-18,300.0,0.01,3308,1,60.15664843750002,12,212.25,🚬菸屁股,HOLD,1
BA,2026-09-18,320.0,0.06,872,1,84.961087890625,12,212.25,🚬菸屁股,HOLD,1
BA,2026-09-18,325.0,0.01,806,1,70.312796875,12,212.25,🚬菸屁股,HOLD,1
BA,2026-09-18,340.0,0.05,1073,1,89.062609375,12,212.25,🚬菸屁股,HOLD,1
BA,2026-12-18,295.0,0.59,1149,1,36.780417358398445,103,212.25,🚬菸屁股,HOLD,1
BA,2027-01-15,345.0,0.25,2200,1,39.20959228515625,131,212.25,🚬菸屁股,HOLD,1
BA,2028-01-21,335.0,8.6,1073,1,40.46080047607422,502,212.25,🔭LEAPS,HOLD,1
AMZN,2026-09-18,360.0,0.01,5945,1,51.562984375,12,258.51,🚬菸屁股,HOLD,1
AMZN,2026-10-16,340.0,0.15,3868,1,37.25648681640625,40,258.51,🚬菸屁股,HOLD,1
AMZN,2026-11-20,370.0,0.43,3453,1,39.795523925781254,75,258.51,🚬菸屁股,HOLD,1
DDD,2026-09-18,3.0,0.55,1491,1,126.56286718749999,12,3.46,🚬菸屁股,HOLD,1
DDD,2026-12-18,7.5,0.15,2509,1,114.45355273437498,103,3.46,🚬菸屁股,HOLD,1
DDD,2027-01-15,5.5,0.3,1002,1,89.45323046875,131,3.46,🚬菸屁股,HOLD,1
NNDM,2026-11-20,2.0,0.09,19080,1,64.8441015625,75,1.62,🚬菸屁股,HOLD,1
NNDM,2028-01-21,1.5,0.55,2226,1,68.555001953125,502,1.62,🔭LEAPS,HOLD,1
NNDM,2028-01-21,2.5,0.35,913,1,63.281617187500004,502,1.62,🔭LEAPS,HOLD,1
NNDM,2028-01-21,3.0,0.27,1008,1,93.164130859375,502,1.62,🔭LEAPS,HOLD,1
FLNC,2026-11-20,20.0,0.15,4643,1,94.726615234375,75,10.35,🚬菸屁股,HOLD,1
FLNC,2026-11-20,24.0,0.19,3605,1,112.89106054687501,75,10.35,🚬菸屁股,HOLD,1
FLNC,2027-01-15,18.0,0.65,2228,1,92.187578125,131,10.35,🚬菸屁股,HOLD,1
FLNC,2027-01-15,23.0,0.34,1058,1,97.070341796875,131,10.35,🚬菸屁股,HOLD,1
PLUG,2026-10-16,3.5,0.03,1344,1,89.062609375,40,2.17,🚬菸屁股,HOLD,1
PLUG,2026-12-18,4.5,0.04,2260,1,97.6562734375,103,2.17,🚬菸屁股,HOLD,1
PLUG,2026-12-18,5.5,0.03,2587,1,103.12548437500001,103,2.17,🚬菸屁股,HOLD,1
PLUG,2027-01-15,4.5,0.06,8735,1,90.62509374999999,131,2.17,🚬菸屁股,HOLD,1
BLDP,2026-11-20,6.0,0.03,3338,1,112.5004375,75,2.34,🚬菸屁股,HOLD,1
BLDP,2026-11-20,7.0,0.05,2241,1,142.1877890625,75,2.34,🚬菸屁股,HOLD,1
SEDG,2026-10-16,80.0,0.05,1700,1,108.984830078125,40,34.2,🚬菸屁股,HOLD,1
SEDG,2026-11-20,75.0,0.2,890,1,94.14068359375,75,34.2,🚬菸屁股,HOLD,1
SEDG,2027-01-15,70.0,0.78,4935,1,85.6446748046875,131,34.2,🚬菸屁股,HOLD,1
SEDG,2027-01-15,75.0,0.7,1064,1,86.37708935546875,131,34.2,🚬菸屁股,HOLD,1
RUN,2026-09-18,13.0,0.01,21489,1,81.2501875,12,8.89,🚬菸屁股,HOLD,1
RUN,2026-09-18,18.0,0.01,25733,1,137.50031249999998,12,8.89,🚬菸屁股,HOLD,1
RUN,2026-11-20,14.0,0.21,5163,1,82.42205078125,75,8.89,🚬菸屁股,HOLD,1
RUN,2026-11-20,16.0,0.12,3801,1,80.85956640625,75,8.89,🚬菸屁股,HOLD,1
RUN,2026-11-20,17.0,0.09,2754,1,83.20329296874999,75,8.89,🚬菸屁股,HOLD,1
RUN,2028-01-21,25.0,0.93,1631,1,82.56853369140623,502,8.89,🔭LEAPS,HOLD,1
SOUN,2027-01-15,32.0,0.08,909,1,121.09414453124998,131,6.74,🚬菸屁股,HOLD,1
SOUN,2027-01-15,35.0,0.05,2957,1,117.1879140625,131,6.74,🚬菸屁股,HOLD,1
SOUN,2028-01-21,30.0,0.55,1433,1,87.500125,502,6.74,🔭LEAPS,HOLD,1
UUUU,2026-10-16,30.0,0.02,1653,1,98.437515625,40,14.47,🚬菸屁股,HOLD,1
UUUU,2026-10-16,35.0,0.01,3421,1,118.75040625,40,14.47,🚬菸屁股,HOLD,1
UUUU,2027-01-15,29.0,0.35,1452,1,78.8088056640625,131,14.47,🚬菸屁股,HOLD,1
UUUU,2028-01-21,25.0,3.52,1984,1,87.30481445312499,502,14.47,🔭LEAPS,HOLD,1
UUUU,2028-01-21,35.0,2.1,1594,1,85.00991552734375,502,14.47,🔭LEAPS,HOLD,1
EVGO,2028-01-21,4.0,0.35,874,1,110.9379453125,502,1.51,🔭LEAPS,HOLD,1
EDIT,2028-01-21,7.5,1.0,1312,1,112.98871630859378,502,3.23,🔭LEAPS,HOLD,1
IREN,2026-09-18,125.0,0.02,1001,900,175.000125,12,44.68,🆕新倉暴量 ⚠️IV頂峰 🚬菸屁股 ⚠️尾段價外(180%) ⚠️暴動高IV(175%),BUY_WATCH,-2
