Stock,Expiry,Strike,Ask,OpenInterest,Volume,IV,DTE,Spot,Tags,Action,Score
NVDA,2026-08-28,240.0,0.44,60801,151333,73.09597216796875,2,213.0500030517578,🎲末日結算 🚨異常掃貨 🚀點火(8.9x) 🚬菸屁股 🔥萬人塚,GAMBLE,9
NVDA,2026-08-28,230.0,1.42,78303,185084,73.46217944335937,2,213.0500030517578,🎲末日結算 🚨異常掃貨 🚀點火(3.4x) 🔥萬人塚,GAMBLE,8
INTC,2026-11-20,110.0,4.9,8060,12351,68.79914013671876,86,87.4800033569336,🚨異常掃貨 🚀點火(3.7x),STRONG_BUY,8
SOFI,2027-01-15,30.0,0.51,70827,8928,60.986718261718764,142,19.0,🚀點火(9.7x) 🚬菸屁股 🔥萬人塚,BUY_WATCH,8
GOOGL,2026-09-18,385.0,1.14,4059,5463,29.566134033203124,23,346.9599914550781,🚨異常掃貨 🚀點火(6.2x),STRONG_BUY,8
PCG,2026-09-18,22.0,0.16,100472,5423,59.570716796875004,23,18.360000610351562,🚀點火(3.2x) 🚬菸屁股 🔥萬人塚,BUY_WATCH,8
KTOS,2026-09-18,60.0,1.08,1283,2233,61.865615722656266,23,52.63999938964844,🚨異常掃貨 🆕新倉暴量,STRONG_BUY,8
HOOD,2026-10-16,135.0,4.04,1100,2017,65.7229990234375,51,112.08999633789062,🚨異常掃貨 🆕新倉暴量,STRONG_BUY,8
ACHR,2027-01-15,7.0,0.85,50222,1667,80.664255859375,142,5.960000038146973,🚀點火(4.2x) 🚬菸屁股 🔥萬人塚,BUY_WATCH,8
ONDS,2027-01-15,20.0,0.23,38422,1077,96.97268652343749,142,8.239999771118164,🚀點火(8.8x) 🚬菸屁股 🔥萬人塚,BUY_WATCH,8
ONDS,2027-01-15,15.0,0.5,53460,1031,93.8477177734375,142,8.239999771118164,🚀點火(3.0x) 🚬菸屁股 🔥萬人塚,BUY_WATCH,8
ONDS,2028-01-21,30.0,1.09,78814,738,99.41406835937501,513,8.239999771118164,🚀點火(4.2x) 🔭LEAPS 🔥萬人塚,BUY_WATCH,8
SMCI,2026-08-28,40.0,0.64,10347,25908,77.148666015625,2,38.459999084472656,🎲末日結算 🚨異常掃貨 🚀點火(4.0x) 🚬菸屁股,GAMBLE,7
NFLX,2026-08-28,83.0,0.78,8106,21259,32.86199951171874,2,82.2300033569336,🎲末日結算 🚨異常掃貨 🆕新倉暴量 🚬菸屁股,GAMBLE,7
NFLX,2026-08-28,84.0,0.47,7005,9427,32.959654785156246,2,82.2300033569336,🎲末日結算 🚨異常掃貨 🆕新倉暴量 🚬菸屁股,GAMBLE,7
PCG,2026-08-28,19.0,0.36,3865,5137,77.73459765625,2,18.360000610351562,🎲末日結算 🚨異常掃貨 🆕新倉暴量 🚬菸屁股,GAMBLE,7
MSFT,2026-09-18,570.0,0.15,30735,5108,25.586681640625002,23,491.7099914550781,🚀點火(>50x) 🚬菸屁股 🔥萬人塚 🏛️機構場,BUY_WATCH,7
RKLB,2026-08-28,70.0,0.76,1636,3270,67.48079394531253,2,66.91000366210938,🎲末日結算 🚨異常掃貨 🆕新倉暴量 🚬菸屁股,GAMBLE,7
RGTI,2026-08-28,17.5,0.3,1110,3185,75.00025000000001,2,16.940000534057617,🎲末日結算 🚨異常掃貨 🆕新倉暴量 🚬菸屁股,GAMBLE,7
RDDT,2026-08-28,200.0,0.03,1542,2369,79.687703125,2,162.4499969482422,🎲末日結算 🚨異常掃貨 🆕新倉暴量 🚬菸屁股,GAMBLE,7
ASTS,2026-08-28,65.0,0.87,1794,2228,77.44163183593751,2,62.0099983215332,🎲末日結算 🚨異常掃貨 🆕新倉暴量 🚬菸屁股,GAMBLE,7
NFLX,2026-08-28,87.0,0.07,1229,1862,34.76627734375,2,82.2300033569336,🎲末日結算 🚨異常掃貨 🆕新倉暴量 🚬菸屁股,GAMBLE,7
CRWV,2026-08-28,97.0,0.47,1334,1846,79.101771484375,2,88.04000091552734,🎲末日結算 🚨異常掃貨 🚀點火(2.9x) 🚬菸屁股,GAMBLE,7
AAPL,2026-11-20,400.0,0.48,36825,1560,27.51537329101562,86,309.8999938964844,🚀點火(8.6x) 🚬菸屁股 🔥萬人塚 🏛️機構場,BUY_WATCH,7
HIMS,2026-08-28,32.5,0.6,780,1353,70.312796875,2,31.75,🎲末日結算 🚨異常掃貨 🆕新倉暴量 🚬菸屁股,GAMBLE,7
OPEN,2026-08-28,3.0,0.55,776,1226,50.0005,2,3.5999999046325684,🎲末日結算 🚨異常掃貨 🆕新倉暴量 🚬菸屁股,GAMBLE,7
RGTI,2026-08-28,17.0,0.45,885,1099,73.437765625,2,16.940000534057617,🎲末日結算 🚨異常掃貨 🆕新倉暴量 🚬菸屁股,GAMBLE,7
RKLB,2026-08-28,69.0,0.98,844,1062,66.01596484375001,2,66.91000366210938,🎲末日結算 🚨異常掃貨 🆕新倉暴量 🚬菸屁股,GAMBLE,7
ASTS,2026-08-28,69.0,0.3,757,981,78.9064609375,2,62.0099983215332,🎲末日結算 🚨異常掃貨 🆕新倉暴量 🚬菸屁股,GAMBLE,7
NVDA,2026-08-28,212.5,6.6,6370,58218,71.14286669921876,2,213.0500030517578,🎲末日結算 🚨異常掃貨 🆕新倉暴量,GAMBLE,6
NVDA,2026-08-28,242.5,0.33,30401,33518,73.34011035156249,2,213.0500030517578,🎲末日結算 🚀點火(8.7x) 🚬菸屁股 🔥萬人塚,GAMBLE,6
NFLX,2026-08-28,82.0,1.25,9190,33321,33.301448242187504,2,82.2300033569336,🎲末日結算 🚨異常掃貨 🆕新倉暴量,GAMBLE,6
PCG,2026-12-18,24.0,0.25,22536,27561,41.211525390625,114,18.360000610351562,🚨異常掃貨 🚬菸屁股,STRONG_BUY,6
TSLA,2026-08-28,355.0,3.85,5492,24997,40.23497265625,2,350.25,🎲末日結算 🚨異常掃貨 🆕新倉暴量,GAMBLE,6
INTC,2026-08-28,90.0,1.29,7758,17212,63.52575537109376,2,87.4800033569336,🎲末日結算 🚨異常掃貨 🆕新倉暴量,GAMBLE,6
AMD,2026-08-28,500.0,3.85,8347,16458,55.20064331054688,2,479.17999267578125,🎲末日結算 🚨異常掃貨 🚀點火(2.8x),GAMBLE,6
NFLX,2026-08-28,81.0,1.84,9890,15212,33.789724609375,2,82.2300033569336,🎲末日結算 🚨異常掃貨 🆕新倉暴量,GAMBLE,6
NVDA,2027-01-15,460.0,0.17,11626,11465,49.561051269531255,142,213.0500030517578,🚀點火(>50x) 🚬菸屁股,BUY_WATCH,6
NVDA,2026-09-18,260.0,0.5,27569,7490,45.04449487304687,23,213.0500030517578,🚀點火(3.3x) 🚬菸屁股,BUY_WATCH,6
HOOD,2026-08-28,111.0,3.62,1836,7288,64.38023901367188,2,112.08999633789062,🎲末日結算 🚨異常掃貨 🚀點火(6.2x),GAMBLE,6
HOOD,2026-08-28,112.0,3.08,3755,5861,64.20934228515625,2,112.08999633789062,🎲末日結算 🚨異常掃貨 🚀點火(3.5x),GAMBLE,6
HOOD,2026-08-28,118.0,1.07,1090,5576,66.45541357421877,2,112.08999633789062,🎲末日結算 🚨異常掃貨 🚀點火(2.8x),GAMBLE,6
IBIT,2026-09-18,49.0,0.69,6827,4285,44.97125341796875,23,44.720001220703125,🆕新倉暴量 🚬菸屁股,BUY_WATCH,6
SMCI,2026-08-28,37.5,1.78,1751,3915,75.586181640625,2,38.459999084472656,🎲末日結算 🚨異常掃貨 🚀點火(3.1x),GAMBLE,6
AMZN,2026-09-18,295.0,0.48,12876,3904,29.883513671874994,23,261.05999755859375,🚀點火(3.5x) 🚬菸屁股,BUY_WATCH,6
HOOD,2026-08-28,113.0,2.6,2168,3008,65.28355029296876,2,112.08999633789062,🎲末日結算 🚨異常掃貨 🚀點火(2.9x),GAMBLE,6
OPEN,2026-11-20,4.0,0.49,12772,2980,91.79695703125,86,3.5999999046325684,🚀點火(5.2x) 🚬菸屁股,BUY_WATCH,6
AMZN,2026-09-18,305.0,0.22,7694,2222,31.39717041015625,23,261.05999755859375,🚀點火(5.2x) 🚬菸屁股,BUY_WATCH,6
ASTS,2026-08-28,63.0,1.53,1435,2156,76.07445800781252,2,62.0099983215332,🎲末日結算 🚨異常掃貨 🚀點火(2.6x),GAMBLE,6
IBIT,2026-09-18,54.0,0.22,6498,1977,50.29346582031251,23,44.720001220703125,🚀點火(6.4x) 🚬菸屁股,BUY_WATCH,6
RDDT,2028-01-21,420.0,11.9,1060,1899,67.69136312866212,513,162.4499969482422,🚨異常掃貨 🆕低基期(前日Vol1) 🔭LEAPS,STRONG_BUY,6
SOFI,2026-10-16,25.0,0.21,7310,1846,55.078574218750006,51,19.0,🚀點火(4.9x) 🚬菸屁股,BUY_WATCH,6
JOBY,2027-01-15,10.0,0.61,24292,1752,78.32052929687501,142,7.21999979019165,🚀點火(11.9x) 🚬菸屁股,BUY_WATCH,6
ACHR,2026-09-18,6.0,0.39,3941,1679,68.94562304687501,23,5.960000038146973,🚀點火(14.9x) 🚬菸屁股,BUY_WATCH,6
NFLX,2026-10-16,95.0,0.97,6960,1630,36.74379663085938,51,82.2300033569336,🆕新倉暴量 🚬菸屁股,BUY_WATCH,6
SOFI,2026-10-16,23.0,0.41,7072,1596,53.80905566406251,51,19.0,🚀點火(3.7x) 🚬菸屁股,BUY_WATCH,6
HIMS,2026-08-28,31.5,1.05,979,1591,69.62920996093752,2,31.75,🎲末日結算 🚨異常掃貨 🆕新倉暴量,GAMBLE,6
HOOD,2026-08-28,117.0,1.31,796,1575,66.26010302734376,2,112.08999633789062,🎲末日結算 🚨異常掃貨 🆕新倉暴量,GAMBLE,6
SOFI,2026-10-16,24.0,0.28,7878,1489,54.00436621093752,51,19.0,🚀點火(6.2x) 🚬菸屁股,BUY_WATCH,6
OPEN,2026-11-20,5.0,0.28,8596,1478,93.164130859375,86,3.5999999046325684,🚀點火(3.6x) 🚬菸屁股,BUY_WATCH,6
GOOGL,2026-09-18,530.0,0.05,1158,1474,61.426166992187504,23,346.9599914550781,🚨異常掃貨 🆕低基期(前日Vol1) 🚬菸屁股,STRONG_BUY,6
INTC,2026-10-16,150.0,0.33,8093,1463,73.5354208984375,51,87.4800033569336,🚀點火(3.4x) 🚬菸屁股,BUY_WATCH,6
SOFI,2026-11-20,25.0,0.61,10807,1284,60.01016552734376,86,19.0,🚀點火(3.7x) 🚬菸屁股,BUY_WATCH,6
ASTS,2026-08-28,64.0,1.31,755,1281,77.8322529296875,2,62.0099983215332,🎲末日結算 🚨異常掃貨 🆕新倉暴量,GAMBLE,6
ZM,2026-09-18,125.0,0.79,5120,1243,62.500375000000005,23,100.91999816894531,🆕新倉暴量 🚬菸屁股,BUY_WATCH,6
GOOGL,2026-09-18,420.0,0.23,4334,1145,37.061176269531245,23,346.9599914550781,🚀點火(7.7x) 🚬菸屁股,BUY_WATCH,6
ONDS,2028-01-21,7.0,4.0,15326,1109,95.6055126953125,513,8.239999771118164,🚀點火(15.2x) 🔭LEAPS,BUY_WATCH,6
SMCI,2026-08-28,36.5,2.32,787,948,75.7814921875,2,38.459999084472656,🎲末日結算 🚨異常掃貨 🆕新倉暴量,GAMBLE,6
SMR,2028-01-21,10.0,4.28,8155,926,99.65820654296876,513,9.8100004196167,🚀點火(3.7x) 🔭LEAPS,BUY_WATCH,6
RKLB,2028-01-21,210.0,6.3,5761,911,82.06194696044922,513,66.91000366210938,🚀點火(5.4x) 🔭LEAPS,BUY_WATCH,6
GOOGL,2026-09-18,405.0,0.41,2440,899,34.50993225097656,23,346.9599914550781,🚀點火(3.3x) 🚬菸屁股,BUY_WATCH,6
OPEN,2027-01-15,5.0,0.43,29461,875,91.4063359375,142,3.5999999046325684,🚀點火(3.5x) 🚬菸屁股,BUY_WATCH,6
NVDA,2028-01-21,320.0,15.77,7010,858,43.362993133544926,513,213.0500030517578,🚀點火(20.0x) 🔭LEAPS,BUY_WATCH,6
TDOC,2027-01-15,15.0,0.07,9975,858,87.89074609375,142,6.190000057220459,🚀點火(15.9x) 🚬菸屁股,BUY_WATCH,6
NVDA,2027-01-15,360.0,0.73,8883,748,43.60407958984375,142,213.0500030517578,🚀點火(11.0x) 🚬菸屁股,BUY_WATCH,6
ONDS,2028-01-21,5.0,4.73,17149,732,97.6562734375,513,8.239999771118164,🚀點火(15.2x) 🔭LEAPS,BUY_WATCH,6
JOBY,2028-01-21,8.0,2.58,9050,684,85.49819189453125,513,7.21999979019165,🚀點火(6.1x) 🔭LEAPS,BUY_WATCH,6
ASTS,2028-01-21,190.0,8.65,10055,560,92.47444049072267,513,62.0099983215332,🚀點火(2.9x) 🔭LEAPS,BUY_WATCH,6
IBIT,2026-10-16,59.0,0.37,7825,545,50.6840869140625,51,44.720001220703125,🚀點火(9.2x) 🚬菸屁股,BUY_WATCH,6
NVDA,2027-01-15,350.0,0.88,9843,519,42.99373413085938,142,213.0500030517578,🚀點火(2.5x) 🚬菸屁股,BUY_WATCH,6
ONDS,2028-01-21,20.0,1.74,16635,509,97.80275634765626,513,8.239999771118164,🚀點火(13.8x) 🔭LEAPS,BUY_WATCH,6
U,2026-09-18,52.0,0.51,1196,498,52.19774365234374,23,44.9900016784668,🆕新倉暴量 🚬菸屁股,BUY_WATCH,6
ONDS,2028-01-21,17.0,2.06,9079,480,97.85158398437501,513,8.239999771118164,🚀點火(3.5x) 🔭LEAPS,BUY_WATCH,6
TSLA,2027-01-15,990.0,0.65,13193,457,68.60382958984376,142,350.25,🚀點火(3.2x) 🚬菸屁股,BUY_WATCH,6
AMZN,2026-10-16,325.0,0.49,2327,453,32.21503332519531,51,261.05999755859375,🚀點火(4.0x) 🚬菸屁股,BUY_WATCH,6
ONDS,2027-01-15,17.0,0.38,7975,439,93.55475195312499,142,8.239999771118164,🚀點火(10.2x) 🚬菸屁股,BUY_WATCH,6
ONDS,2026-09-18,8.5,0.52,1425,418,72.26590234375,23,8.239999771118164,🆕新倉暴量 🚬菸屁股,BUY_WATCH,6
HIMS,2026-09-18,37.0,0.93,3107,410,78.32052929687501,23,31.75,🚀點火(3.8x) 🚬菸屁股,BUY_WATCH,6
PACB,2026-12-18,1.5,0.35,3136,403,101.5629921875,114,1.5199999809265137,🚀點火(9.6x) 🚬菸屁股,BUY_WATCH,6
OKLO,2028-01-21,70.0,11.8,3779,381,88.98326446533203,513,44.27000045776367,🚀點火(3.1x) 🔭LEAPS,BUY_WATCH,6
NVDA,2026-12-18,460.0,0.09,10367,374,50.39112109375,114,213.0500030517578,🚀點火(4.2x) 🚬菸屁股,BUY_WATCH,6
OPEN,2026-12-18,6.0,0.23,1632,367,96.48441015625,114,3.5999999046325684,🚀點火(4.0x) 🚬菸屁股,BUY_WATCH,6
SMR,2027-01-15,20.0,0.51,21606,364,99.023447265625,142,9.8100004196167,🚀點火(4.6x) 🚬菸屁股,BUY_WATCH,6
ACHR,2028-01-21,5.0,2.68,19262,354,90.77157666015624,513,5.960000038146973,🚀點火(3.5x) 🔭LEAPS,BUY_WATCH,6
SOFI,2028-01-21,25.0,3.86,15882,333,63.574583007812514,513,19.0,🚀點火(3.3x) 🔭LEAPS,BUY_WATCH,6
ACHR,2028-01-21,7.0,2.14,19947,325,91.6993017578125,513,5.960000038146973,🚀點火(2.5x) 🔭LEAPS,BUY_WATCH,6
WMT,2026-11-20,150.0,0.14,1659,312,33.5944140625,86,105.37999725341797,🚀點火(10.1x) 🚬菸屁股,BUY_WATCH,6
TSLA,2028-06-16,990.0,16.64,6533,301,56.306894454956044,660,350.25,🚀點火(9.7x) 🔭LEAPS,BUY_WATCH,6
IBIT,2028-01-21,85.0,3.1,14806,299,52.99119274902344,513,44.720001220703125,🚀點火(3.0x) 🔭LEAPS,BUY_WATCH,6
ONDS,2026-12-18,12.0,0.69,4030,287,91.79695703125,114,8.239999771118164,🚀點火(6.2x) 🚬菸屁股,BUY_WATCH,6
INTC,2027-01-15,210.0,0.87,6421,269,76.41625146484375,142,87.4800033569336,🚀點火(3.4x) 🚬菸屁股,BUY_WATCH,6
PATH,2027-01-15,30.0,0.58,24253,267,76.75804492187501,142,16.65999984741211,🚀點火(4.5x) 🚬菸屁股,BUY_WATCH,6
SMCI,2026-09-18,49.0,0.5,2270,263,76.66038964843752,23,38.459999084472656,🚀點火(4.6x) 🚬菸屁股,BUY_WATCH,6
SMR,2026-11-20,14.0,0.69,1780,234,94.0430283203125,86,9.8100004196167,🚀點火(4.9x) 🚬菸屁股,BUY_WATCH,6
IONQ,2028-01-21,140.0,4.76,911,223,91.76643975830079,513,42.04999923706055,🚀點火(5.0x) 🔭LEAPS,BUY_WATCH,6
WMT,2026-10-16,130.0,0.2,2950,223,33.25262060546875,51,105.37999725341797,🚀點火(2.9x) 🚬菸屁股,BUY_WATCH,6
NVDA,2027-01-15,420.0,0.28,11157,221,46.973186523437505,142,213.0500030517578,🚀點火(4.2x) 🚬菸屁股,BUY_WATCH,6
SOFI,2026-12-18,26.0,0.7,2278,206,59.18009570312501,114,19.0,🚀點火(2.5x) 🚬菸屁股,BUY_WATCH,6
OPEN,2027-01-15,6.0,0.28,10477,203,92.57819921875,142,3.5999999046325684,🚀點火(4.5x) 🚬菸屁股,BUY_WATCH,6
HIMS,2027-01-15,100.0,0.4,10496,201,101.7583037109375,142,31.75,🚀點火(3.1x) 🚬菸屁股,BUY_WATCH,6
NVDA,2026-10-16,350.0,0.07,9628,192,50.0005,51,213.0500030517578,🚀點火(6.6x) 🚬菸屁股,BUY_WATCH,6
ONDS,2026-12-18,11.0,0.84,4760,192,89.64854101562499,114,8.239999771118164,🚀點火(2.5x) 🚬菸屁股,BUY_WATCH,6
SMCI,2026-09-18,46.0,0.81,1584,155,74.17018017578124,23,38.459999084472656,🚀點火(2.5x) 🚬菸屁股,BUY_WATCH,6
GOOGL,2026-10-16,430.0,0.84,3646,155,33.54558642578125,51,346.9599914550781,🚀點火(4.2x) 🚬菸屁股,BUY_WATCH,6
SOFI,2026-10-16,27.0,0.1,3163,154,57.0316796875,51,19.0,🚀點火(3.7x) 🚬菸屁股,BUY_WATCH,6
SOFI,2026-11-20,28.0,0.31,1775,151,61.23085644531252,86,19.0,🚀點火(3.5x) 🚬菸屁股,BUY_WATCH,6
PACB,2028-01-21,1.5,0.75,5667,146,106.64109179687502,513,1.5199999809265137,🚀點火(2.6x) 🔭LEAPS,BUY_WATCH,6
ACHR,2027-01-15,15.0,0.14,22226,139,94.5313046875,142,5.960000038146973,🚀點火(4.6x) 🚬菸屁股,BUY_WATCH,6
JOBY,2026-11-20,9.0,0.5,4572,138,76.367423828125,86,7.21999979019165,🚀點火(4.6x) 🚬菸屁股,BUY_WATCH,6
HIMS,2028-01-21,95.0,3.65,2971,130,87.47571118164062,513,31.75,🚀點火(4.5x) 🔭LEAPS,BUY_WATCH,6
JOBY,2027-01-15,12.0,0.36,7868,122,77.0510107421875,142,7.21999979019165,🚀點火(3.7x) 🚬菸屁股,BUY_WATCH,6
IONQ,2026-11-20,80.0,0.91,2357,111,92.23640576171876,86,42.04999923706055,🚀點火(2.8x) 🚬菸屁股,BUY_WATCH,6
ONDS,2027-01-15,14.0,0.6,3675,100,91.211025390625,142,8.239999771118164,🚀點火(2.7x) 🚬菸屁股,BUY_WATCH,6
NTLA,2028-01-21,12.5,6.3,1016,93,89.79502392578124,513,13.510000228881836,🚀點火(3.7x) 🔭LEAPS,BUY_WATCH,6
AMZN,2026-11-20,360.0,0.77,14635,80,36.780417358398445,86,261.05999755859375,🚀點火(3.5x) 🚬菸屁股,BUY_WATCH,6
OPEN,2026-12-18,7.0,0.15,1216,77,98.82813671875,114,3.5999999046325684,🚀點火(2.7x) 🚬菸屁股,BUY_WATCH,6
OPEN,2026-12-18,8.0,0.11,2032,74,99.2187578125,114,3.5999999046325684,🚀點火(2.8x) 🚬菸屁股,BUY_WATCH,6
OKLO,2027-01-15,200.0,0.36,3984,65,112.59809326171877,142,44.27000045776367,🚀點火(3.2x) 🚬菸屁股,BUY_WATCH,6
TDOC,2028-01-21,7.0,1.65,1530,62,70.94755615234375,513,6.190000057220459,🚀點火(2.6x) 🔭LEAPS,BUY_WATCH,6
SMCI,2026-08-28,45.0,0.07,12492,14991,85.54701953125,2,38.459999084472656,🎲末日結算 🚨異常掃貨 🆕新倉暴量 🚬菸屁股 ⚠️暴動高IV(86%),GAMBLE,5
PCG,2026-09-18,18.0,1.22,64910,7962,54.59029785156251,23,18.360000610351562,🚀點火(24.7x) 🔥萬人塚,HOLD,5
SMR,2026-08-28,10.5,0.16,4683,7505,93.7500625,2,9.8100004196167,🎲末日結算 🚨異常掃貨 🚀點火(5.1x) 🚬菸屁股 ⚠️暴動高IV(94%),GAMBLE,5
MSTR,2026-08-28,140.0,0.78,5224,7000,84.61929443359374,2,126.83000183105469,🎲末日結算 🚨異常掃貨 🆕新倉暴量 🚬菸屁股 ⚠️暴動高IV(85%),GAMBLE,5
SMCI,2026-08-28,43.0,0.16,2020,5195,81.445498046875,2,38.459999084472656,🎲末日結算 🚨異常掃貨 🚀點火(6.4x) 🚬菸屁股 ⚠️暴動高IV(81%),GAMBLE,5
SMR,2026-08-28,11.0,0.07,2042,2904,99.60937890625,2,9.8100004196167,🎲末日結算 🚨異常掃貨 🆕新倉暴量 🚬菸屁股 ⚠️暴動高IV(100%),GAMBLE,5
PCG,2026-08-28,20.0,0.2,1197,2748,94.92192578125,2,18.360000610351562,🎲末日結算 🚨異常掃貨 🆕新倉暴量 🚬菸屁股 ⚠️暴動高IV(95%),GAMBLE,5
SMCI,2026-08-28,44.0,0.1,1279,2685,83.20329296874999,2,38.459999084472656,🎲末日結算 🚨異常掃貨 🚀點火(4.2x) 🚬菸屁股 ⚠️暴動高IV(83%),GAMBLE,5
OKLO,2026-08-28,50.0,0.29,1634,2520,99.2187578125,2,44.27000045776367,🎲末日結算 🚨異常掃貨 🆕新倉暴量 🚬菸屁股 ⚠️暴動高IV(99%),GAMBLE,5
ZM,2026-08-28,120.0,0.5,994,1309,119.72696386718751,2,100.91999816894531,🎲末日結算 🚨異常掃貨 🆕新倉暴量 🚬菸屁股 ⚠️暴動高IV(120%),GAMBLE,5
SOFI,2027-01-15,15.0,5.16,39869,1003,63.867548828124995,142,19.0,🚀點火(4.5x) 🔥萬人塚,HOLD,5
SHOP,2026-09-18,140.0,16.25,47782,366,48.97511962890626,23,153.8800048828125,🚀點火(11.4x) 🔥萬人塚,HOLD,5
SOFI,2026-08-28,19.0,0.42,23583,30704,53.51608984375,2,19.0,🎲末日結算 🚨異常掃貨 🚬菸屁股,GAMBLE,4
PLTR,2026-08-28,190.0,0.16,22171,28602,52.3442265625,2,172.72999572753906,🎲末日結算 🚨異常掃貨 🚬菸屁股,GAMBLE,4
NVDA,2026-08-28,245.0,0.22,17366,21449,73.437765625,2,213.0500030517578,🎲末日結算 🚨異常掃貨 🚬菸屁股,GAMBLE,4
PLTR,2026-08-28,185.0,0.39,11065,16358,49.170430175781256,2,172.72999572753906,🎲末日結算 🚨異常掃貨 🚬菸屁股,GAMBLE,4
NFLX,2026-08-28,85.0,0.27,13605,13531,33.44793115234375,2,82.2300033569336,🎲末日結算 🆕新倉暴量 🚬菸屁股,GAMBLE,4
TSLA,2026-08-28,370.0,0.84,8427,13426,42.65194067382813,2,350.25,🎲末日結算 🚨異常掃貨 🚬菸屁股,GAMBLE,4
WMT,2026-08-28,106.0,0.71,5948,13070,22.901161621093753,2,105.37999725341797,🎲末日結算 🚨異常掃貨 🚬菸屁股,GAMBLE,4
TSLA,2026-08-28,375.0,0.51,7001,12689,44.214425048828126,2,350.25,🎲末日結算 🚨異常掃貨 🚬菸屁股,GAMBLE,4
SMCI,2026-08-28,41.0,0.41,12103,12032,77.929908203125,2,38.459999084472656,🎲末日結算 🆕新倉暴量 🚬菸屁股,GAMBLE,4
SMR,2026-08-28,10.0,0.27,6256,10787,91.4063359375,2,9.8100004196167,🎲末日結算 🚨異常掃貨 🚬菸屁股,GAMBLE,4
HOOD,2026-08-28,120.0,0.72,5248,10008,67.38313867187502,2,112.08999633789062,🎲末日結算 🚨異常掃貨 🚬菸屁股,GAMBLE,4
SMCI,2026-08-28,39.0,0.97,13486,8092,76.17211328125,2,38.459999084472656,🎲末日結算 🚀點火(2.7x) 🚬菸屁股,GAMBLE,4
WMT,2026-08-28,107.0,0.39,4974,7667,23.04764453125,2,105.37999725341797,🎲末日結算 🚨異常掃貨 🚬菸屁股,GAMBLE,4
ONDS,2026-08-28,8.5,0.14,4347,7471,67.96907031250001,2,8.239999771118164,🎲末日結算 🚨異常掃貨 🚬菸屁股,GAMBLE,4
IREN,2026-08-28,43.0,2.09,2747,6055,136.9143779296875,2,42.209999084472656,🎲末日結算 🚨異常掃貨 🆕新倉暴量 ⚠️暴動高IV(137%),GAMBLE,4
IREN,2026-08-28,42.5,2.36,1054,5953,138.76983740234374,2,42.209999084472656,🎲末日結算 🚨異常掃貨 🆕新倉暴量 ⚠️暴動高IV(139%),GAMBLE,4
IREN,2026-08-28,42.0,2.54,2776,5886,137.89093554687497,2,42.209999084472656,🎲末日結算 🚨異常掃貨 🆕新倉暴量 ⚠️暴動高IV(138%),GAMBLE,4
WMT,2026-08-28,108.0,0.2,3198,4513,23.5359208984375,2,105.37999725341797,🎲末日結算 🚨異常掃貨 🚬菸屁股,GAMBLE,4
SMR,2026-08-28,9.5,0.53,2552,3666,85.1563984375,2,9.8100004196167,🎲末日結算 🚨異常掃貨 🚬菸屁股,GAMBLE,4
NFLX,2026-08-28,86.0,0.15,4394,3656,34.0826904296875,2,82.2300033569336,🎲末日結算 🆕新倉暴量 🚬菸屁股,GAMBLE,4
ZM,2026-08-28,110.0,1.9,2126,3544,118.55509472656249,2,100.91999816894531,🎲末日結算 🚨異常掃貨 🆕新倉暴量 ⚠️暴動高IV(119%),GAMBLE,4
AAPL,2027-01-15,350.0,7.75,35951,3393,27.1064418334961,142,309.8999938964844,🚀點火(2.8x) 🔥萬人塚 🏛️機構場,HOLD,4
TSLA,2026-08-28,385.0,0.21,5560,3163,47.852083984375,2,350.25,🎲末日結算 🆕新倉暴量 🚬菸屁股,GAMBLE,4
IREN,2026-08-28,43.5,1.91,1372,3078,139.64873925781248,2,42.209999084472656,🎲末日結算 🚨異常掃貨 🆕新倉暴量 ⚠️暴動高IV(140%),GAMBLE,4
HOOD,2026-08-28,125.0,0.25,2939,3077,69.336244140625,2,112.08999633789062,🎲末日結算 🚀點火(3.0x) 🚬菸屁股,GAMBLE,4
RGTI,2026-08-28,18.0,0.18,4043,2723,77.3439765625,2,16.940000534057617,🎲末日結算 🆕新倉暴量 🚬菸屁股,GAMBLE,4
HIMS,2026-08-28,32.0,0.73,1548,2671,69.92217578125,2,31.75,🎲末日結算 🚨異常掃貨 🚬菸屁股,GAMBLE,4
INTC,2026-08-28,96.0,0.29,9310,2522,68.06672558593752,2,87.4800033569336,🎲末日結算 🆕新倉暴量 🚬菸屁股,GAMBLE,4
PATH,2026-08-28,16.5,0.5,2829,2477,62.109753906250006,2,16.65999984741211,🎲末日結算 🚀點火(3.0x) 🚬菸屁股,GAMBLE,4
IREN,2026-08-28,41.5,2.79,1228,2234,139.06280468749998,2,42.209999084472656,🎲末日結算 🚨異常掃貨 🆕新倉暴量 ⚠️暴動高IV(139%),GAMBLE,4
RKLB,2026-08-28,73.0,0.29,2058,2119,70.41045214843751,2,66.91000366210938,🎲末日結算 🆕新倉暴量 🚬菸屁股,GAMBLE,4
RDDT,2026-08-28,180.0,0.26,1736,2055,61.52382226562501,2,162.4499969482422,🎲末日結算 🆕新倉暴量 🚬菸屁股,GAMBLE,4
NBIS,2026-08-28,245.0,1.65,931,1832,88.5743330078125,2,221.97000122070312,🎲末日結算 🚨異常掃貨 🆕新倉暴量 ⚠️暴動高IV(89%),GAMBLE,4
OKLO,2026-08-28,44.0,1.84,1079,1538,90.72274902343749,2,44.27000045776367,🎲末日結算 🚨異常掃貨 🆕新倉暴量 ⚠️暴動高IV(91%),GAMBLE,4
CRWD,2026-08-28,190.0,5.6,889,1504,98.1445498046875,2,185.3800048828125,🎲末日結算 🚨異常掃貨 🆕新倉暴量 ⚠️暴動高IV(98%),GAMBLE,4
RDDT,2026-08-28,175.0,0.55,1432,1453,58.30119824218749,2,162.4499969482422,🎲末日結算 🆕新倉暴量 🚬菸屁股,GAMBLE,4
PACB,2026-09-18,1.5,0.14,10435,1365,89.062609375,23,1.5199999809265137,🚀點火(13.8x) 🚬菸屁股 ⚠️暴動高IV(89%),BUY_WATCH,4
SMR,2026-09-18,11.0,0.46,8967,1347,87.695435546875,23,9.8100004196167,🚀點火(3.5x) 🚬菸屁股 ⚠️暴動高IV(88%),BUY_WATCH,4
ONDS,2026-08-28,8.0,0.36,3409,1264,64.8441015625,2,8.239999771118164,🎲末日結算 🆕新倉暴量 🚬菸屁股,GAMBLE,4
CRWV,2026-08-28,94.0,0.9,1217,1217,78.0275634765625,2,88.04000091552734,🎲末日結算 🚀點火(2.8x) 🚬菸屁股,GAMBLE,4
SMCI,2026-08-28,40.5,0.52,938,1072,78.32052929687501,2,38.459999084472656,🎲末日結算 🆕新倉暴量 🚬菸屁股,GAMBLE,4
ASTS,2026-08-28,66.0,0.78,1398,972,77.0510107421875,2,62.0099983215332,🎲末日結算 🆕新倉暴量 🚬菸屁股,GAMBLE,4
SBUX,2026-08-28,109.0,0.25,1379,923,32.32489550781249,2,105.76000213623047,🎲末日結算 🆕新倉暴量 🚬菸屁股,GAMBLE,4
SMR,2026-09-18,13.0,0.16,1298,883,94.14068359375,23,9.8100004196167,🚀點火(11.5x) 🚬菸屁股 ⚠️暴動高IV(94%),BUY_WATCH,4
RGTI,2026-08-28,16.5,0.73,804,836,73.04714453125,2,16.940000534057617,🎲末日結算 🆕新倉暴量 🚬菸屁股,GAMBLE,4
SMR,2026-09-18,12.0,0.26,3112,811,91.01571484374999,23,9.8100004196167,🚀點火(2.9x) 🚬菸屁股 ⚠️暴動高IV(91%),BUY_WATCH,4
OKLO,2026-10-16,70.0,0.92,1283,774,93.21295849609376,51,44.27000045776367,🚀點火(6.0x) 🚬菸屁股 ⚠️暴動高IV(93%),BUY_WATCH,4
OKLO,2026-10-16,80.0,0.54,3019,710,97.070341796875,51,44.27000045776367,🚀點火(8.7x) 🚬菸屁股 ⚠️暴動高IV(97%),BUY_WATCH,4
OPEN,2026-10-16,8.0,0.03,2993,683,110.9379453125,51,3.5999999046325684,🚀點火(4.1x) 🚬菸屁股 ⚠️暴動高IV(111%),BUY_WATCH,4
NFLX,2026-08-28,88.0,0.04,3108,675,36.524072265625,2,82.2300033569336,🎲末日結算 🆕新倉暴量 🚬菸屁股,GAMBLE,4
IREN,2026-10-16,70.0,0.93,5998,673,101.3676806640625,51,42.209999084472656,🚀點火(5.1x) 🚬菸屁股 ⚠️暴動高IV(101%),BUY_WATCH,4
RKLB,2026-08-28,74.0,0.22,969,667,70.898728515625,2,66.91000366210938,🎲末日結算 🆕新倉暴量 🚬菸屁股,GAMBLE,4
ASTS,2026-08-28,68.0,0.39,780,630,79.883013671875,2,62.0099983215332,🎲末日結算 🆕新倉暴量 🚬菸屁股,GAMBLE,4
DKNG,2026-08-28,25.5,0.68,817,612,53.51608984375,2,25.790000915527344,🎲末日結算 🆕新倉暴量 🚬菸屁股,GAMBLE,4
WMT,2026-08-28,111.0,0.04,1436,611,26.95385546875,2,105.37999725341797,🎲末日結算 🆕新倉暴量 🚬菸屁股,GAMBLE,4
WMT,2026-08-28,114.0,0.01,918,600,34.37565625,2,105.37999725341797,🎲末日結算 🆕新倉暴量 🚬菸屁股,GAMBLE,4
PCG,2026-08-28,18.5,0.52,762,573,76.95335546875,2,18.360000610351562,🎲末日結算 🆕新倉暴量 🚬菸屁股,GAMBLE,4
GOOGL,2026-08-28,367.5,0.17,895,566,33.64324169921875,2,346.9599914550781,🎲末日結算 🆕新倉暴量 🚬菸屁股,GAMBLE,4
OKLO,2026-09-18,55.0,0.99,1678,545,86.4259169921875,23,44.27000045776367,🚀點火(3.0x) 🚬菸屁股 ⚠️暴動高IV(86%),BUY_WATCH,4
RKLB,2026-10-16,210.0,0.05,1987,492,110.54732226562503,51,66.91000366210938,🚀點火(10.0x) 🚬菸屁股 ⚠️暴動高IV(111%),BUY_WATCH,4
VST,2026-08-28,145.0,0.63,2099,489,43.164630859375,2,139.02999877929688,🎲末日結算 🆕新倉暴量 🚬菸屁股,GAMBLE,4
RKLB,2026-08-28,77.0,0.09,1018,479,73.82838671875,2,66.91000366210938,🎲末日結算 🆕新倉暴量 🚬菸屁股,GAMBLE,4
NFLX,2026-08-28,92.0,0.01,863,462,48.438015625000006,2,82.2300033569336,🎲末日結算 🆕新倉暴量 🚬菸屁股,GAMBLE,4
DKNG,2026-08-28,26.5,0.22,1522,454,49.60987890625,2,25.790000915527344,🎲末日結算 🆕新倉暴量 🚬菸屁股,GAMBLE,4
ONDS,2026-10-16,15.0,0.08,2393,449,96.87503124999999,51,8.239999771118164,🚀點火(4.0x) 🚬菸屁股 ⚠️暴動高IV(97%),BUY_WATCH,4
APP,2026-08-28,340.0,0.5,891,446,54.05319384765627,2,310.5400085449219,🎲末日結算 🆕新倉暴量 🚬菸屁股,GAMBLE,4
AAPL,2027-01-15,300.0,28.6,66198,411,30.88753195190429,142,309.8999938964844,🚀點火(4.6x) 🔥萬人塚 🏛️機構場,HOLD,4
ONDS,2026-10-16,14.0,0.13,769,378,91.79695703125,51,8.239999771118164,🚀點火(6.9x) 🚬菸屁股 ⚠️暴動高IV(92%),BUY_WATCH,4
IREN,2026-10-16,75.0,0.71,4065,267,102.73486132812502,51,42.209999084472656,🚀點火(5.0x) 🚬菸屁股 ⚠️暴動高IV(103%),BUY_WATCH,4
OPEN,2026-10-16,6.0,0.06,2099,259,91.4063359375,51,3.5999999046325684,🚀點火(3.3x) 🚬菸屁股 ⚠️暴動高IV(91%),BUY_WATCH,4
RKLB,2026-10-16,120.0,0.45,3195,238,85.30288134765625,51,66.91000366210938,🚀點火(3.2x) 🚬菸屁股 ⚠️暴動高IV(85%),BUY_WATCH,4
HIMS,2026-10-16,45.0,0.75,2260,201,81.39667041015625,51,31.75,🚀點火(6.9x) 🚬菸屁股 ⚠️暴動高IV(81%),BUY_WATCH,4
RKLB,2026-10-16,110.0,0.66,3199,152,83.98453515624999,51,66.91000366210938,🚀點火(2.5x) 🚬菸屁股 ⚠️暴動高IV(84%),BUY_WATCH,4
MSFT,2026-12-18,525.0,21.0,53505,114,31.69776554870605,114,491.7099914550781,🚀點火(3.8x) 🔥萬人塚 🏛️機構場,HOLD,4
OKLO,2026-10-16,90.0,0.34,1540,98,102.93017285156252,51,44.27000045776367,🚀點火(4.9x) 🚬菸屁股 ⚠️暴動高IV(103%),BUY_WATCH,4
CRWV,2026-10-16,200.0,0.14,3019,91,89.55088574218748,51,88.04000091552734,🚀點火(2.9x) 🚬菸屁股 ⚠️暴動高IV(90%),BUY_WATCH,4
NVDA,2026-08-28,215.0,5.51,28038,67536,71.92410888671876,2,213.0500030517578,🎲末日結算 🚨異常掃貨,GAMBLE,3
NVDA,2026-08-28,210.0,7.92,27820,40015,71.14286669921876,2,213.0500030517578,🎲末日結算 🚨異常掃貨,GAMBLE,3
PLTR,2026-08-28,180.0,1.0,22772,36770,47.6567734375,2,172.72999572753906,🎲末日結算 🚨異常掃貨,GAMBLE,3
TSLA,2026-08-28,360.0,2.38,9621,27640,40.77207666015625,2,350.25,🎲末日結算 🚨異常掃貨,GAMBLE,3
SOFI,2026-09-18,20.0,0.64,47235,25089,51.8559501953125,23,19.0,🚬菸屁股 🔥萬人塚,HOLD,3
HOOD,2026-08-28,110.0,4.2,15695,19404,65.03941210937501,2,112.08999633789062,🎲末日結算 🚨異常掃貨,GAMBLE,3
NVDA,2026-08-28,217.5,4.5,11267,18009,72.70535107421875,2,213.0500030517578,🎲末日結算 🚨異常掃貨,GAMBLE,3
TSLA,2026-08-28,350.0,5.95,6608,17477,39.83214465332031,2,350.25,🎲末日結算 🚨異常掃貨,GAMBLE,3
AMZN,2026-08-28,265.0,1.45,9920,17062,27.49095947265625,2,261.05999755859375,🎲末日結算 🚨異常掃貨,GAMBLE,3
AAPL,2026-08-28,320.0,0.4,11642,15536,24.36599072265625,2,309.8999938964844,🎲末日結算 🚨異常掃貨 🚬菸屁股 🏛️機構場,GAMBLE,3
PLTR,2026-08-28,175.0,2.42,10042,15442,47.90091162109375,2,172.72999572753906,🎲末日結算 🚨異常掃貨,GAMBLE,3
INTC,2026-09-18,95.0,2.78,12787,14931,60.81582153320313,23,87.4800033569336,🚀點火(4.7x),HOLD,3
PLTR,2026-08-28,177.5,1.59,7747,12487,47.852083984375,2,172.72999572753906,🎲末日結算 🚨異常掃貨,GAMBLE,3
NVDA,2026-10-16,240.0,4.07,21883,12071,39.30724755859375,51,213.0500030517578,🆕新倉暴量,HOLD,3
COIN,2026-08-28,200.0,1.55,7830,11676,72.51004052734375,2,187.16000366210938,🎲末日結算 🚨異常掃貨,GAMBLE,3
NVDA,2026-09-18,250.0,0.95,86666,10270,43.57966577148438,23,213.0500030517578,🚬菸屁股 🔥萬人塚,HOLD,3
WMT,2026-08-28,105.0,1.22,6179,9950,23.19412744140625,2,105.37999725341797,🎲末日結算 🚨異常掃貨,GAMBLE,3
SMCI,2026-08-28,37.0,2.09,4581,8685,74.5119736328125,2,38.459999084472656,🎲末日結算 🚨異常掃貨,GAMBLE,3
INTC,2026-11-20,125.0,2.86,11368,8324,70.75224560546876,86,87.4800033569336,🆕新倉暴量,HOLD,3
AMZN,2026-10-16,300.0,1.87,12120,8043,30.847859497070306,51,261.05999755859375,🆕新倉暴量,HOLD,3
SOFI,2026-11-20,22.0,1.17,17490,6963,59.277750976562515,86,19.0,🚀點火(10.6x),HOLD,3
AMZN,2026-10-16,310.0,1.12,13090,6809,31.262894409179687,51,261.05999755859375,🆕新倉暴量,HOLD,3
INTC,2026-11-20,90.0,10.56,5190,5732,67.85920812988282,86,87.4800033569336,🆕新倉暴量,HOLD,3
IREN,2026-11-20,60.0,3.2,9884,5468,98.29103271484375,86,42.209999084472656,🆕新倉暴量,HOLD,3
HOOD,2026-08-28,108.0,5.45,3475,5199,64.59996337890624,2,112.08999633789062,🎲末日結算 🚨異常掃貨,GAMBLE,3
NVDA,2026-11-20,210.0,19.0,10867,5183,42.50545776367188,86,213.0500030517578,🆕新倉暴量,HOLD,3
CRWV,2026-08-28,90.0,2.02,3643,4769,77.6369423828125,2,88.04000091552734,🎲末日結算 🚨異常掃貨,GAMBLE,3
MSTR,2026-09-18,150.0,3.4,14164,4713,78.52804675292968,23,126.83000183105469,🆕新倉暴量,HOLD,3
PLTR,2026-09-18,190.0,2.57,16396,4534,45.93559924316406,23,172.72999572753906,🆕新倉暴量,HOLD,3
NVDA,2026-10-16,245.0,3.17,13312,4516,39.39879937744141,51,213.0500030517578,🆕新倉暴量,HOLD,3
NFLX,2026-09-18,90.0,0.52,55430,4457,32.27606787109374,23,82.2300033569336,🚬菸屁股 🔥萬人塚,HOLD,3
IBIT,2026-09-18,50.0,0.54,45326,4448,45.898978515625004,23,44.720001220703125,🚬菸屁股 🔥萬人塚,HOLD,3
LRCX,2026-09-18,400.0,1.78,5517,4333,62.353892089843754,23,314.6600036621094,🆕新倉暴量,HOLD,3
AMZN,2026-09-18,285.0,1.25,16771,4008,28.85813330078124,23,261.05999755859375,🆕新倉暴量,HOLD,3
SOFI,2026-09-18,22.0,0.21,148686,3525,52.539537109375004,23,19.0,🚬菸屁股 🔥萬人塚,HOLD,3
HOOD,2026-09-18,120.0,4.5,10882,3443,64.47789428710936,23,112.08999633789062,🆕新倉暴量,HOLD,3
IBIT,2026-09-18,47.0,1.15,13782,3405,43.555251953125,23,44.720001220703125,🆕新倉暴量,HOLD,3
AMZN,2026-09-18,300.0,0.35,36460,3325,30.371790039062496,23,261.05999755859375,🚬菸屁股 🔥萬人塚,HOLD,3
NFLX,2026-10-16,80.0,5.87,14652,3289,38.574833007812494,51,82.2300033569336,🆕新倉暴量,HOLD,3
INTC,2026-09-18,110.0,0.75,52625,3253,66.74837939453127,23,87.4800033569336,🚬菸屁股 🔥萬人塚,HOLD,3
TSLA,2026-09-18,350.0,15.1,5938,3239,41.2542495727539,23,350.25,🆕新倉暴量,HOLD,3
OKLO,2026-08-28,45.0,1.39,2172,3156,90.72274902343749,2,44.27000045776367,🎲末日結算 🚨異常掃貨,GAMBLE,3
HOOD,2026-09-18,125.0,3.16,4391,3154,65.03941210937501,23,112.08999633789062,🆕新倉暴量,HOLD,3
MSTR,2026-09-18,140.0,5.4,6033,3103,76.14769946289064,23,126.83000183105469,🆕新倉暴量,HOLD,3
INTC,2026-10-16,105.0,3.1,8366,3034,64.3558251953125,51,87.4800033569336,🆕新倉暴量,HOLD,3
INTC,2026-09-18,90.0,4.34,8033,3024,59.90030334472658,23,87.4800033569336,🆕新倉暴量,HOLD,3
NBIS,2026-08-28,230.0,4.75,2231,3013,86.88977954101563,2,221.97000122070312,🎲末日結算 🚨異常掃貨,GAMBLE,3
SMCI,2026-09-18,38.0,3.15,7070,2902,72.51004052734375,23,38.459999084472656,🆕新倉暴量,HOLD,3
WMT,2026-11-20,115.0,2.33,4428,2749,27.674063110351554,86,105.37999725341797,🚀點火(2.5x),HOLD,3
AAPL,2026-08-28,322.5,0.24,7988,2603,25.24488818359375,2,309.8999938964844,🎲末日結算 🆕新倉暴量 🚬菸屁股 🏛️機構場,GAMBLE,3
SMCI,2026-09-18,37.0,3.35,2735,2574,70.8010732421875,23,38.459999084472656,🆕新倉暴量,HOLD,3
HOOD,2026-09-18,130.0,2.22,5716,2376,65.47886083984376,23,112.08999633789062,🚀點火(3.0x),HOLD,3
CRWD,2026-09-18,230.0,1.42,4319,2337,61.9388571777344,23,185.3800048828125,🆕新倉暴量,HOLD,3
CRWD,2026-09-18,210.0,4.1,2082,2321,62.26844372558593,23,185.3800048828125,🆕新倉暴量,HOLD,3
SOFI,2026-09-18,28.0,0.02,2126,2172,69.5315546875,23,19.0,🚀點火(5.0x) 🚬菸屁股 ⚠️尾段價外(47%),BUY_WATCH,3
NFLX,2026-12-18,95.0,3.03,8207,2135,39.771110107421876,114,82.2300033569336,🆕新倉暴量,HOLD,3
HOOD,2026-10-16,130.0,5.15,2555,1997,66.2356892089844,51,112.08999633789062,🆕新倉暴量,HOLD,3
CRWV,2026-08-28,89.0,2.49,1466,1988,77.929908203125,2,88.04000091552734,🎲末日結算 🚨異常掃貨,GAMBLE,3
HIMS,2026-09-18,35.0,1.27,5968,1974,74.2190078125,23,31.75,🆕新倉暴量,HOLD,3
CRWV,2026-08-28,93.0,1.1,1236,1939,77.73459765625,2,88.04000091552734,🎲末日結算 🚨異常掃貨,GAMBLE,3
GOOGL,2026-09-18,375.0,2.05,8500,1864,28.784891845703115,23,346.9599914550781,🆕新倉暴量,HOLD,3
TSLA,2026-09-18,550.0,0.21,6744,1784,70.41045214843751,23,350.25,🚀點火(12.1x) 🚬菸屁股 ⚠️尾段價外(57%),BUY_WATCH,3
ONDS,2026-09-18,10.0,0.18,59223,1519,79.687703125,23,8.239999771118164,🚬菸屁股 🔥萬人塚,HOLD,3
SMCI,2027-01-15,44.0,5.8,1754,1360,81.34784277343749,142,38.459999084472656,🆕新倉暴量,HOLD,3
ZM,2026-09-18,120.0,1.4,1870,1355,61.08437353515627,23,100.91999816894531,🆕新倉暴量,HOLD,3
ONDS,2026-09-18,13.0,0.05,61186,1318,100.0005,23,8.239999771118164,🚬菸屁股 🔥萬人塚,HOLD,3
COSM,2027-01-15,2.0,0.05,1415,1300,243.750390625,142,0.2054000049829483,🆕新倉暴量 ⚠️IV頂峰 🚬菸屁股,BUY_WATCH,3
TGT,2026-09-18,165.0,4.35,2352,1287,30.213100219726563,23,163.47000122070312,🆕新倉暴量,HOLD,3
NFLX,2026-10-16,82.5,4.55,4515,1210,37.84241845703124,51,82.2300033569336,🆕新倉暴量,HOLD,3
CRWD,2026-09-18,245.0,0.63,1026,1189,62.52478881835939,23,185.3800048828125,🆕新倉暴量 🚬菸屁股 ⚠️尾段價外(32%),BUY_WATCH,3
NFLX,2026-09-18,100.0,0.06,56688,1152,36.914693359375,23,82.2300033569336,🚬菸屁股 🔥萬人塚,HOLD,3
INTC,2026-09-18,120.0,0.36,46377,1103,71.14286669921876,23,87.4800033569336,🚬菸屁股 🔥萬人塚,HOLD,3
IBIT,2026-09-18,55.0,0.17,36071,1023,50.7817421875,23,44.720001220703125,🚬菸屁股 🔥萬人塚,HOLD,3
RGTI,2026-12-18,22.0,1.85,853,1019,85.59584716796876,114,16.940000534057617,🆕新倉暴量,HOLD,3
NFLX,2026-09-18,78.0,5.45,3920,1011,34.79069116210937,23,82.2300033569336,🆕新倉暴量,HOLD,3
PCG,2026-09-18,27.0,0.06,45788,1005,75.00025000000001,23,18.360000610351562,🆕低基期(前日Vol1) 🚬菸屁股 🔥萬人塚,HOLD,3
HOOD,2026-09-18,150.0,0.55,8632,999,68.99445068359377,23,112.08999633789062,🚀點火(5.8x) 🚬菸屁股 ⚠️尾段價外(34%),BUY_WATCH,3
RKLB,2026-09-18,80.0,1.27,3595,990,72.7541787109375,23,66.91000366210938,🆕新倉暴量,HOLD,3
SOFI,2026-09-18,24.0,0.06,4776,973,54.68795312500001,23,19.0,🚀點火(3.2x) 🚬菸屁股 ⚠️尾段價外(26%),BUY_WATCH,3
IREN,2026-09-18,65.0,0.39,32525,938,107.1293706054688,23,42.209999084472656,🚀點火(3.0x) 🚬菸屁股 🔥萬人塚 ⚠️尾段價外(54%) ⚠️暴動高IV(107%),BUY_WATCH,3
SOFI,2026-12-18,24.0,1.01,15862,921,58.93595751953126,114,19.0,🚀點火(2.6x),HOLD,3
HIMS,2026-10-16,35.0,2.34,2304,887,76.17211328125,51,31.75,🆕新倉暴量,HOLD,3
NFLX,2026-11-20,95.0,2.28,3986,875,40.5279384765625,86,82.2300033569336,🆕新倉暴量,HOLD,3
SOFI,2026-09-18,25.0,0.05,36861,863,57.812921875,23,19.0,🚬菸屁股 🔥萬人塚,HOLD,3
RKLB,2026-10-16,90.0,1.83,3671,860,77.88108056640624,51,66.91000366210938,🆕新倉暴量,HOLD,3
SMCI,2026-10-16,40.0,3.72,807,822,74.92700854492188,51,38.459999084472656,🆕新倉暴量,HOLD,3
CRWV,2026-09-18,105.0,2.02,2867,814,77.09983837890626,23,88.04000091552734,🆕新倉暴量,HOLD,3
CRWV,2026-10-16,115.0,3.2,1919,762,79.80977221679689,51,88.04000091552734,🆕新倉暴量,HOLD,3
GOOGL,2026-09-18,500.0,0.07,5527,748,53.320779296874996,23,346.9599914550781,🚀點火(18.2x) 🚬菸屁股 ⚠️尾段價外(44%),BUY_WATCH,3
SMCI,2026-09-18,44.0,1.09,1523,726,72.80300634765625,23,38.459999084472656,🚀點火(3.8x),HOLD,3
RGTI,2026-10-16,19.0,1.32,1411,692,78.711150390625,51,16.940000534057617,🆕新倉暴量,HOLD,3
OPEN,2027-01-15,7.0,0.2,50225,683,96.679720703125,142,3.5999999046325684,🚬菸屁股 🔥萬人塚,HOLD,3
IBIT,2027-01-15,70.0,0.7,33215,673,51.61181201171875,142,44.720001220703125,🚬菸屁股 🔥萬人塚,HOLD,3
UPST,2027-01-15,37.5,3.07,2431,663,70.50810742187501,142,30.579999923706055,🆕新倉暴量,HOLD,3
NVDA,2028-01-21,250.0,31.69,37719,657,44.46771841430663,513,213.0500030517578,🔭LEAPS 🔥萬人塚,HOLD,3
SMCI,2026-12-18,45.0,4.71,2891,613,81.29901513671875,114,38.459999084472656,🆕新倉暴量,HOLD,3
INTC,2026-09-18,135.0,0.14,32648,606,78.12521875,23,87.4800033569336,🚬菸屁股 🔥萬人塚,HOLD,3
OPEN,2028-01-21,10.0,0.71,38262,601,101.66064794921877,513,3.5999999046325684,🔭LEAPS 🔥萬人塚,HOLD,3
APP,2026-09-18,350.0,5.1,2237,555,54.00436621093752,23,310.5400085449219,🆕新倉暴量,HOLD,3
OKLO,2026-11-20,60.0,3.21,874,526,89.3555751953125,86,44.27000045776367,🆕新倉暴量,HOLD,3
RKLB,2026-09-18,70.0,3.61,1915,509,69.97100341796876,23,66.91000366210938,🆕新倉暴量,HOLD,3
NVDA,2026-09-18,270.0,0.29,30109,483,46.87553125,23,213.0500030517578,🚬菸屁股 🔥萬人塚,HOLD,3
SMR,2026-11-20,12.0,1.05,3186,482,94.92192578125,86,9.8100004196167,🚀點火(7.8x),HOLD,3
CRM,2026-09-18,260.0,0.72,2099,482,52.80808911132813,23,205.69000244140625,🆕新倉暴量 🚬菸屁股 ⚠️尾段價外(26%),BUY_WATCH,3
HOOD,2026-10-16,150.0,2.16,2079,481,67.7981735839844,51,112.08999633789062,🆕新倉暴量,HOLD,3
SMR,2026-11-20,10.0,1.64,2203,477,91.60164648437501,86,9.8100004196167,🆕新倉暴量,HOLD,3
CRSP,2026-10-16,65.0,4.5,1420,453,66.45541357421877,51,60.900001525878906,🆕新倉暴量,HOLD,3
HOOD,2026-10-16,140.0,3.3,1219,435,66.65072412109377,51,112.08999633789062,🆕新倉暴量,HOLD,3
PCG,2026-09-18,24.0,0.09,164743,434,66.01596484375001,23,18.360000610351562,🚬菸屁股 🔥萬人塚,HOLD,3
RKLB,2026-10-16,80.0,3.4,1799,415,75.65942309570313,51,66.91000366210938,🆕新倉暴量,HOLD,3
DKNG,2026-12-18,28.0,2.6,931,410,54.49264257812501,114,25.790000915527344,🆕新倉暴量,HOLD,3
ACHR,2027-01-15,10.0,0.36,50088,408,85.35170898437501,142,5.960000038146973,🚬菸屁股 🔥萬人塚,HOLD,3
TSLA,2026-09-18,990.0,0.02,41929,384,116.40666796875001,23,350.25,🚬菸屁股 🔥萬人塚,HOLD,3
RDDT,2026-09-18,200.0,1.15,3322,373,58.6918193359375,23,162.4499969482422,🚀點火(4.7x),HOLD,3
OPEN,2028-01-21,5.0,1.29,36562,368,98.82813671875,513,3.5999999046325684,🔭LEAPS 🔥萬人塚,HOLD,3
OPEN,2027-01-15,10.0,0.11,36673,340,106.25046875000001,142,3.5999999046325684,🚬菸屁股 🔥萬人塚,HOLD,3
CRWV,2026-09-18,115.0,0.95,39809,337,79.0041162109375,23,88.04000091552734,🚬菸屁股 🔥萬人塚,HOLD,3
OPEN,2028-01-21,20.0,3.25,37480,327,25.00075,513,3.5999999046325684,🔭LEAPS 🔥萬人塚,HOLD,3
IBIT,2027-01-15,100.0,0.22,42021,319,63.37927246093751,142,44.720001220703125,🚬菸屁股 🔥萬人塚,HOLD,3
NVDA,2028-01-21,300.0,19.17,94588,316,43.57966577148438,513,213.0500030517578,🔭LEAPS 🔥萬人塚,HOLD,3
ZM,2026-09-18,130.0,0.52,1211,311,63.42810009765626,23,100.91999816894531,🚀點火(15.6x) 🚬菸屁股 ⚠️尾段價外(29%),BUY_WATCH,3
NFLX,2026-09-18,110.0,0.02,53664,284,46.0942890625,23,82.2300033569336,🚬菸屁股 🔥萬人塚,HOLD,3
PCG,2026-09-18,20.0,0.51,316982,262,55.66450585937501,23,18.360000610351562,🚬菸屁股 🔥萬人塚,HOLD,3
PCG,2026-09-18,19.0,0.8,164470,257,54.883263671875014,23,18.360000610351562,🚬菸屁股 🔥萬人塚,HOLD,3
NVDA,2026-09-18,350.0,0.02,24889,254,65.23472265625001,23,213.0500030517578,🚀點火(3.1x) 🚬菸屁股 ⚠️尾段價外(64%),BUY_WATCH,3
PLTR,2026-09-18,300.0,0.03,7350,234,74.2190078125,23,172.72999572753906,🚀點火(7.5x) 🚬菸屁股 ⚠️尾段價外(74%),BUY_WATCH,3
ONDS,2027-01-15,30.0,0.11,81655,229,108.59420703125,142,8.239999771118164,🚬菸屁股 🔥萬人塚,HOLD,3
HOOD,2026-10-16,165.0,1.19,1522,226,69.94658959960938,51,112.08999633789062,🚀點火(3.5x),HOLD,3
HIMS,2026-09-18,42.0,0.29,3015,155,75.87914746093752,23,31.75,🚀點火(2.9x) 🚬菸屁股 ⚠️尾段價外(32%),BUY_WATCH,3
HOOD,2026-10-16,160.0,1.4,2025,141,69.89776196289064,51,112.08999633789062,🚀點火(3.5x),HOLD,3
OPEN,2028-01-21,7.0,0.97,30620,130,97.460962890625,513,3.5999999046325684,🔭LEAPS 🔥萬人塚,HOLD,3
PCG,2026-10-16,20.0,0.6,63038,122,45.0200810546875,51,18.360000610351562,🚬菸屁股 🔥萬人塚,HOLD,3
IBIT,2026-10-16,54.0,0.65,35085,112,47.461462890625,51,44.720001220703125,🚬菸屁股 🔥萬人塚,HOLD,3
TSLA,2027-01-15,960.0,0.7,111404,99,67.48079394531253,142,350.25,🚬菸屁股 🔥萬人塚,HOLD,3
IBIT,2027-01-15,90.0,0.3,34436,95,59.570716796875004,142,44.720001220703125,🚬菸屁股 🔥萬人塚,HOLD,3
IBIT,2026-09-18,65.0,0.06,34973,82,66.01596484375001,23,44.720001220703125,🚬菸屁股 🔥萬人塚,HOLD,3
SOFI,2027-01-15,35.0,0.24,31126,69,62.40271972656251,142,19.0,🚬菸屁股 🔥萬人塚,HOLD,3
IBIT,2026-11-20,57.0,0.97,31322,68,48.804222900390634,86,44.720001220703125,🚬菸屁股 🔥萬人塚,HOLD,3
NVDA,2028-01-21,400.0,7.66,51263,67,43.25007922363281,513,213.0500030517578,🔭LEAPS 🔥萬人塚,HOLD,3
PCG,2027-01-15,25.0,0.21,31077,58,39.45373046875,142,18.360000610351562,🚬菸屁股 🔥萬人塚,HOLD,3
IREN,2028-01-21,110.0,8.3,53686,55,97.93703234863283,513,42.209999084472656,🔭LEAPS 🔥萬人塚,HOLD,3
PCG,2026-09-18,23.0,0.09,108402,38,61.328511718750015,23,18.360000610351562,🆕低基期(前日Vol5) 🚬菸屁股 🔥萬人塚,HOLD,3
IBIT,2028-06-16,100.0,3.51,32321,22,56.38471350097658,660,44.720001220703125,🔭LEAPS 🔥萬人塚,HOLD,3
TSLA,2027-01-15,940.0,0.74,93679,16,66.62631030273441,142,350.25,🆕低基期(前日Vol2) 🚬菸屁股 🔥萬人塚,HOLD,3
PCG,2026-09-18,25.0,0.06,140098,16,69.14093359375,23,18.360000610351562,🚬菸屁股 🔥萬人塚,HOLD,3
DKNG,2026-11-20,37.5,0.31,99538,14,53.613745117187506,86,25.790000915527344,🚬菸屁股 🔥萬人塚,HOLD,3
SHOP,2026-09-18,195.0,0.23,82638,12,48.34036035156251,23,153.8800048828125,🆕低基期(前日Vol2) 🚬菸屁股 🔥萬人塚,HOLD,3
SOFI,2026-09-18,32.0,0.02,54476,11,75.00025000000001,23,19.0,🚬菸屁股 🔥萬人塚,HOLD,3
PCG,2026-09-18,21.0,0.3,90452,3,58.20354296875,23,18.360000610351562,🚬菸屁股 🔥萬人塚,HOLD,3
NFLX,2027-01-15,266.0,0.03,35133,2,63.281617187500004,142,82.2300033569336,🚬菸屁股 🔥萬人塚,HOLD,3
IREN,2026-08-28,60.0,0.04,8106,19716,150.00025,2,42.209999084472656,🎲末日結算 🚨異常掃貨 🚀點火(7.4x) ⚠️IV頂峰 🚬菸屁股 ⚠️暴動高IV(150%),GAMBLE,2
AAPL,2026-08-28,315.0,1.21,12838,16832,23.80447290039062,2,309.8999938964844,🎲末日結算 🚨異常掃貨 🏛️機構場,GAMBLE,2
INTC,2026-09-18,100.0,1.76,57188,16706,62.305064453125006,23,87.4800033569336,🔥萬人塚,HOLD,2
NVDA,2026-09-18,240.0,1.83,62181,15830,42.67635449218751,23,213.0500030517578,🔥萬人塚,HOLD,2
NVDA,2026-09-18,230.0,3.53,43982,12438,42.30404376220703,23,213.0500030517578,🔥萬人塚,HOLD,2
NVDA,2026-09-18,220.0,6.43,49786,10948,42.383388671875,23,213.0500030517578,🔥萬人塚,HOLD,2
INTC,2026-11-20,120.0,3.45,31252,10478,69.95879650878906,86,87.4800033569336,🔥萬人塚,HOLD,2
NVDA,2026-09-18,215.0,8.5,31940,8708,42.50545776367188,23,213.0500030517578,🔥萬人塚,HOLD,2
NVDA,2026-09-18,225.0,4.75,47958,7766,42.33456103515625,23,213.0500030517578,🔥萬人塚,HOLD,2
NVDA,2026-09-18,235.0,2.54,33991,7013,42.358974853515626,23,213.0500030517578,🔥萬人塚,HOLD,2
NVDA,2026-10-16,220.0,9.85,109288,6731,39.78331701660156,51,213.0500030517578,🔥萬人塚,HOLD,2
IBIT,2026-09-18,45.0,1.84,62137,6253,42.65194067382813,23,44.720001220703125,🔥萬人塚,HOLD,2
NVDA,2026-09-18,210.0,11.0,68041,5245,43.0242514038086,23,213.0500030517578,🔥萬人塚,HOLD,2
MSFT,2026-10-16,570.0,1.64,16754,5169,26.77685528564453,51,491.7099914550781,🆕新倉暴量 🏛️機構場,HOLD,2
SMCI,2026-08-28,42.0,0.24,14540,4470,80.07832421875,2,38.459999084472656,🎲末日結算 🆕新倉暴量 🚬菸屁股 ⚠️暴動高IV(80%),GAMBLE,2
SOFI,2027-01-15,25.0,1.1,98566,3723,59.4730615234375,142,19.0,🔥萬人塚,HOLD,2
NVDA,2027-01-15,220.0,19.0,38066,3590,41.4068359375,142,213.0500030517578,🔥萬人塚,HOLD,2
NVDA,2026-10-16,230.0,6.4,36594,3230,39.34997174072266,51,213.0500030517578,🔥萬人塚,HOLD,2
NVDA,2026-10-16,250.0,2.51,63161,2992,39.441523559570314,51,213.0500030517578,🔥萬人塚,HOLD,2
SOFI,2027-01-15,20.0,2.43,88577,2848,59.6683720703125,142,19.0,🔥萬人塚,HOLD,2
NVDA,2027-01-15,300.0,2.67,65157,2818,40.570662658691404,142,213.0500030517578,🔥萬人塚,HOLD,2
NVDA,2026-08-28,265.0,0.05,6108,2814,83.98453515624999,2,213.0500030517578,🎲末日結算 🆕新倉暴量 🚬菸屁股 ⚠️暴動高IV(84%),GAMBLE,2
NVDA,2026-09-18,245.0,1.32,34864,2725,43.164630859375,23,213.0500030517578,🔥萬人塚,HOLD,2
AMZN,2026-09-18,280.0,1.91,40183,2717,28.919167846679684,23,261.05999755859375,🔥萬人塚,HOLD,2
IBIT,2026-10-16,48.0,1.76,41407,2648,44.80035668945312,51,44.720001220703125,🔥萬人塚,HOLD,2
INTC,2026-10-16,110.0,2.33,51405,2492,65.03941210937501,51,87.4800033569336,🔥萬人塚,HOLD,2
IBIT,2027-01-15,50.0,3.33,47297,2450,47.38822143554688,142,44.720001220703125,🔥萬人塚,HOLD,2
IREN,2026-08-28,52.0,0.26,6801,2340,142.96903515625,2,42.209999084472656,🎲末日結算 🆕新倉暴量 🚬菸屁股 ⚠️暴動高IV(143%),GAMBLE,2
AAPL,2026-09-18,340.0,0.76,30038,2315,25.464612548828132,23,309.8999938964844,🚬菸屁股 🔥萬人塚 🏛️機構場,HOLD,2
IBIT,2026-09-18,40.0,5.2,78562,2275,47.461462890625,23,44.720001220703125,🔥萬人塚,HOLD,2
NFLX,2027-01-15,100.0,2.75,51593,2204,39.75890319824219,142,82.2300033569336,🔥萬人塚,HOLD,2
CRWV,2026-09-18,110.0,1.4,62357,1840,78.12521875,23,88.04000091552734,🔥萬人塚,HOLD,2
NVDA,2027-01-15,250.0,9.23,56346,1724,40.268541656494136,142,213.0500030517578,🔥萬人塚,HOLD,2
IREN,2026-09-18,50.0,1.88,30633,1692,100.1958115234375,23,42.209999084472656,🔥萬人塚,HOLD,2
NVDA,2026-12-18,250.0,7.22,34093,1610,40.1373173828125,114,213.0500030517578,🔥萬人塚,HOLD,2
AAPL,2026-09-18,350.0,0.33,33223,1583,26.00171655273438,23,309.8999938964844,🚬菸屁股 🔥萬人塚 🏛️機構場,HOLD,2
RGTI,2026-08-28,19.0,0.07,3631,1567,82.0314296875,2,16.940000534057617,🎲末日結算 🆕新倉暴量 🚬菸屁股 ⚠️暴動高IV(82%),GAMBLE,2
SMR,2026-08-28,11.5,0.03,1821,1544,106.25046875000001,2,9.8100004196167,🎲末日結算 🆕新倉暴量 🚬菸屁股 ⚠️暴動高IV(106%),GAMBLE,2
IBIT,2027-01-15,60.0,1.42,47775,1425,49.170430175781256,142,44.720001220703125,🔥萬人塚,HOLD,2
NVDA,2026-12-18,220.0,16.55,58198,1210,41.22983575439453,114,213.0500030517578,🔥萬人塚,HOLD,2
LRCX,2026-08-28,400.0,0.04,1895,1185,82.42205078125,2,314.6600036621094,🎲末日結算 🆕新倉暴量 🚬菸屁股 ⚠️暴動高IV(82%),GAMBLE,2
NVDA,2027-01-15,210.0,23.65,40779,1181,42.267423034667964,142,213.0500030517578,🔥萬人塚,HOLD,2
NVDA,2026-09-18,200.0,17.35,43594,1108,44.269356140136715,23,213.0500030517578,🔥萬人塚,HOLD,2
IREN,2026-08-28,54.0,0.16,978,1033,143.359658203125,2,42.209999084472656,🎲末日結算 🆕新倉暴量 🚬菸屁股 ⚠️暴動高IV(143%),GAMBLE,2
NVDA,2026-12-18,300.0,1.74,37212,981,40.78428356933594,114,213.0500030517578,🔥萬人塚,HOLD,2
NVDA,2027-01-15,260.0,7.22,39974,937,40.42417974853516,142,213.0500030517578,🔥萬人塚,HOLD,2
CRM,2026-08-28,240.0,0.5,1544,834,92.187578125,2,205.69000244140625,🎲末日結算 🆕新倉暴量 🚬菸屁股 ⚠️暴動高IV(92%),GAMBLE,2
NBIS,2026-08-28,300.0,0.03,3196,824,104.68797656250001,2,221.97000122070312,🎲末日結算 🆕新倉暴量 🚬菸屁股 ⚠️暴動高IV(105%),GAMBLE,2
ZM,2026-08-28,130.0,0.13,920,806,120.50820996093749,2,100.91999816894531,🎲末日結算 🆕新倉暴量 🚬菸屁股 ⚠️暴動高IV(121%),GAMBLE,2
NVDA,2026-12-18,200.0,26.8,49346,791,42.838096038818364,114,213.0500030517578,🔥萬人塚,HOLD,2
NVDA,2027-01-15,200.0,29.07,84835,763,43.17073431396484,142,213.0500030517578,🔥萬人塚,HOLD,2
CRWD,2026-08-28,220.0,0.4,1721,760,97.6562734375,2,185.3800048828125,🎲末日結算 🆕新倉暴量 🚬菸屁股 ⚠️暴動高IV(98%),GAMBLE,2
RGTI,2026-08-28,18.5,0.1,1705,759,80.85956640625,2,16.940000534057617,🎲末日結算 🆕新倉暴量 🚬菸屁股 ⚠️暴動高IV(81%),GAMBLE,2
CRWD,2026-08-28,215.0,0.66,1160,722,97.3633076171875,2,185.3800048828125,🎲末日結算 🆕新倉暴量 🚬菸屁股 ⚠️暴動高IV(97%),GAMBLE,2
IBIT,2026-09-18,44.0,2.33,39527,713,42.529871582031255,23,44.720001220703125,🔥萬人塚,HOLD,2
NVDA,2027-01-15,230.0,15.08,37144,707,40.97349066162109,142,213.0500030517578,🔥萬人塚,HOLD,2
NVDA,2027-01-15,290.0,3.35,38221,635,40.692731750488285,142,213.0500030517578,🔥萬人塚,HOLD,2
CRWV,2026-08-28,99.0,0.29,1077,595,80.27363476562499,2,88.04000091552734,🎲末日結算 🆕新倉暴量 🚬菸屁股 ⚠️暴動高IV(80%),GAMBLE,2
AAPL,2026-10-16,360.0,0.8,81287,591,25.354750366210943,51,309.8999938964844,🚬菸屁股 🔥萬人塚 🏛️機構場,HOLD,2
CRM,2026-08-28,250.0,0.18,1620,571,92.9688203125,2,205.69000244140625,🎲末日結算 🆕新倉暴量 🚬菸屁股 ⚠️暴動高IV(93%),GAMBLE,2
NVDA,2027-01-15,340.0,1.15,74034,553,42.273526489257804,142,213.0500030517578,🔥萬人塚,HOLD,2
NVDA,2027-01-15,240.0,11.9,42150,551,40.686628295898444,142,213.0500030517578,🔥萬人塚,HOLD,2
ONDS,2027-01-15,10.0,1.24,49035,525,89.84385156249999,142,8.239999771118164,🔥萬人塚,HOLD,2
TSLA,2027-01-15,400.0,23.68,35385,515,47.42789389038086,142,350.25,🔥萬人塚,HOLD,2
CRWV,2026-08-28,101.0,0.18,879,511,81.64080859375,2,88.04000091552734,🎲末日結算 🆕新倉暴量 🚬菸屁股 ⚠️暴動高IV(82%),GAMBLE,2
CRWD,2026-08-28,225.0,0.25,1057,503,99.804689453125,2,185.3800048828125,🎲末日結算 🆕新倉暴量 🚬菸屁股 ⚠️暴動高IV(100%),GAMBLE,2
SHOP,2026-09-18,160.0,4.65,82348,464,45.26421923828126,23,153.8800048828125,🔥萬人塚,HOLD,2
IBIT,2026-09-18,42.0,3.61,36913,432,44.28766650390625,23,44.720001220703125,🔥萬人塚,HOLD,2
NBIS,2026-08-28,280.0,0.12,990,422,101.95361523437501,2,221.97000122070312,🎲末日結算 🆕新倉暴量 🚬菸屁股 ⚠️暴動高IV(102%),GAMBLE,2
GOOGL,2026-10-16,410.0,1.74,56334,395,31.98920550537109,51,346.9599914550781,🔥萬人塚,HOLD,2
IBIT,2026-11-20,45.0,3.92,42221,377,47.192910888671875,86,44.720001220703125,🔥萬人塚,HOLD,2
NVDA,2026-12-18,280.0,3.0,33640,346,40.924663024902344,114,213.0500030517578,🔥萬人塚,HOLD,2
OKLO,2026-12-18,90.0,1.5,30271,340,96.04496142578124,114,44.27000045776367,🔥萬人塚,HOLD,2
NVDA,2026-09-18,195.0,20.95,81363,333,46.008840698242196,23,213.0500030517578,🔥萬人塚,HOLD,2
IREN,2027-01-15,110.0,1.29,43126,301,104.07762805175787,142,42.209999084472656,🔥萬人塚,HOLD,2
PLTR,2026-12-18,175.0,20.75,52506,249,56.40912731933594,114,172.72999572753906,🔥萬人塚,HOLD,2
DKNG,2026-11-20,30.0,1.36,110090,233,55.9574716796875,86,25.790000915527344,🔥萬人塚,HOLD,2
MSTR,2026-09-18,100.0,28.3,36547,217,80.27363476562499,23,126.83000183105469,🔥萬人塚,HOLD,2
SHOP,2026-09-18,175.0,1.32,44397,165,45.9966337890625,23,153.8800048828125,🔥萬人塚,HOLD,2
INTC,2026-12-18,70.0,22.98,49941,71,68.555001953125,114,87.4800033569336,🔥萬人塚,HOLD,2
INTC,2026-11-20,70.0,21.79,78144,70,69.90996887207032,86,87.4800033569336,🔥萬人塚,HOLD,2
SHOP,2026-10-16,135.0,22.85,45915,22,50.6840869140625,51,153.8800048828125,🔥萬人塚,HOLD,2
NVDA,2026-08-28,235.0,0.83,34046,35872,73.437765625,2,213.0500030517578,🎲末日結算 🚬菸屁股 🔥萬人塚,HOLD,1
SOFI,2026-08-28,20.0,0.1,35097,24578,51.17236328125,2,19.0,🎲末日結算 🚬菸屁股 🔥萬人塚,HOLD,1
MSTR,2026-08-28,130.0,2.8,21826,13953,78.27170166015625,2,126.83000183105469,🎲末日結算 🆕新倉暴量,HOLD,1
IBIT,2026-09-18,48.0,0.86,28006,13010,44.28766650390625,23,44.720001220703125,🚬菸屁股,HOLD,1
MSTR,2026-08-28,128.0,3.54,9938,9566,77.24632128906251,2,126.83000183105469,🎲末日結算 🆕新倉暴量,HOLD,1
NVDA,2026-08-28,205.0,11.1,5647,6031,70.53252124023439,2,213.0500030517578,🎲末日結算 🆕新倉暴量,HOLD,1
MSFT,2026-09-18,525.0,2.5,32003,5738,24.42702526855469,23,491.7099914550781,🔥萬人塚 🏛️機構場,HOLD,1
NFLX,2026-08-28,80.0,2.59,8665,5717,35.01041552734374,2,82.2300033569336,🎲末日結算 🆕新倉暴量,HOLD,1
SMCI,2026-08-28,38.5,1.21,18920,5573,76.562734375,2,38.459999084472656,🎲末日結算 🆕新倉暴量,HOLD,1
NVDA,2026-08-28,255.0,0.09,32499,5365,77.148666015625,2,213.0500030517578,🎲末日結算 🚬菸屁股 🔥萬人塚,HOLD,1
SOFI,2026-09-18,21.0,0.38,16079,5014,52.6371923828125,23,19.0,🚬菸屁股,HOLD,1
NVDA,2026-09-18,460.0,0.01,26412,5009,84.37515624999999,23,213.0500030517578,🚀點火(3.6x) 🚬菸屁股 ⚠️尾段價外(116%) ⚠️暴動高IV(84%),BUY_WATCH,1
TSLA,2026-08-28,367.5,1.09,5324,4247,42.04159521484375,2,350.25,🎲末日結算 🆕新倉暴量,HOLD,1
WMT,2026-09-18,110.0,0.85,18443,4125,22.583781982421876,23,105.37999725341797,🚬菸屁股,HOLD,1
AMZN,2026-09-18,290.0,0.8,24073,4049,29.260961303710932,23,261.05999755859375,🚬菸屁股,HOLD,1
SMCI,2026-09-18,45.0,0.98,12582,3933,74.2190078125,23,38.459999084472656,🚬菸屁股,HOLD,1
AAPL,2026-09-18,320.0,4.05,34271,3649,25.0434741821289,23,309.8999938964844,🔥萬人塚 🏛️機構場,HOLD,1
MSTR,2026-10-16,180.0,3.2,8216,3600,83.13005151367186,51,126.83000183105469,🆕新倉暴量 ⚠️暴動高IV(83%),HOLD,1
NVDA,2026-09-18,255.0,0.69,15844,3490,44.2388388671875,23,213.0500030517578,🚬菸屁股,HOLD,1
AAPL,2026-09-18,330.0,1.8,32556,3380,24.768818725585938,23,309.8999938964844,🔥萬人塚 🏛️機構場,HOLD,1
COIN,2026-08-28,185.0,6.5,5138,3245,68.8723815917969,2,187.16000366210938,🎲末日結算 🆕新倉暴量,HOLD,1
WMT,2026-10-16,120.0,0.4,5184,3186,24.781025634765623,51,105.37999725341797,🚬菸屁股,HOLD,1
NFLX,2027-01-15,140.0,0.24,16475,3176,46.0942890625,142,82.2300033569336,🚬菸屁股,HOLD,1
MSTR,2026-08-28,129.0,3.15,7259,3162,77.61252856445313,2,126.83000183105469,🎲末日結算 🆕新倉暴量,HOLD,1
MSTR,2026-08-28,120.0,8.36,12076,3022,74.95142236328125,2,126.83000183105469,🎲末日結算 🆕新倉暴量,HOLD,1
GOOGL,2026-09-18,400.0,0.53,21608,2832,31.763377685546875,23,346.9599914550781,🚬菸屁股,HOLD,1
ONDS,2026-12-18,26.0,0.13,2260,2617,104.29735351562503,114,8.239999771118164,🚬菸屁股,HOLD,1
GOOGL,2026-12-18,560.0,0.45,2600,2424,39.99083447265625,114,346.9599914550781,🚬菸屁股,HOLD,1
WMT,2026-10-16,115.0,0.87,6184,2357,23.877714355468747,51,105.37999725341797,🚬菸屁股,HOLD,1
RDDT,2026-08-28,170.0,1.2,1962,2083,56.12836840820312,2,162.4499969482422,🎲末日結算 🚀點火(3.2x),HOLD,1
IREN,2026-09-18,60.0,0.65,14654,1959,104.68797656250001,23,42.209999084472656,🚬菸屁股,HOLD,1
CRWV,2026-09-18,120.0,0.67,16380,1889,80.1759794921875,23,88.04000091552734,🚬菸屁股,HOLD,1
NVDA,2026-09-18,300.0,0.09,29430,1806,53.906710937500016,23,213.0500030517578,🚬菸屁股,HOLD,1
WMT,2026-09-18,125.0,0.05,11415,1805,31.055376953125,23,105.37999725341797,🚬菸屁股,HOLD,1
GOOGL,2026-08-28,345.0,5.1,5843,1689,28.699443481445307,2,346.9599914550781,🎲末日結算 🆕新倉暴量,HOLD,1
IBIT,2026-12-18,70.0,0.47,12067,1672,52.58836474609375,114,44.720001220703125,🚬菸屁股,HOLD,1
ONDS,2026-12-18,20.0,0.21,5602,1669,101.3676806640625,114,8.239999771118164,🚬菸屁股,HOLD,1
PCG,2026-10-16,21.0,0.39,8055,1668,48.7309814453125,51,18.360000610351562,🚬菸屁股,HOLD,1
IBIT,2026-10-16,55.0,0.57,15765,1667,47.90091162109375,51,44.720001220703125,🚬菸屁股,HOLD,1
ONDS,2026-09-18,12.0,0.06,21126,1666,91.79695703125,23,8.239999771118164,🚀點火(3.1x) 🚬菸屁股 ⚠️尾段價外(46%) ⚠️暴動高IV(92%),BUY_WATCH,1
AAPL,2027-01-15,320.0,17.7,37087,1662,28.659771026611324,142,309.8999938964844,🔥萬人塚 🏛️機構場,HOLD,1
WMT,2026-12-18,130.0,0.75,3620,1606,27.832752929687498,114,105.37999725341797,🚬菸屁股,HOLD,1
NFLX,2026-11-20,105.0,0.96,8616,1580,40.820904296875,86,82.2300033569336,🚬菸屁股,HOLD,1
IBIT,2026-09-18,60.0,0.08,24609,1571,58.789474609375006,23,44.720001220703125,🚬菸屁股,HOLD,1
NBIS,2026-09-18,300.0,3.3,4979,1562,93.6524072265625,23,221.97000122070312,🆕新倉暴量 ⚠️暴動高IV(94%),HOLD,1
OPEN,2026-10-16,5.0,0.1,6337,1451,83.59391406249999,51,3.5999999046325684,🚬菸屁股,HOLD,1
OPEN,2026-09-18,4.0,0.12,15373,1443,69.5315546875,23,3.5999999046325684,🚬菸屁股,HOLD,1
RDDT,2026-08-28,162.5,3.68,2207,1400,54.9076774902344,2,162.4499969482422,🎲末日結算 🆕新倉暴量,HOLD,1
NVDA,2026-09-18,280.0,0.18,28275,1323,49.5122236328125,23,213.0500030517578,🚬菸屁股,HOLD,1
SOFI,2026-10-16,22.0,0.57,6857,1283,53.71140039062501,51,19.0,🚬菸屁股,HOLD,1
SMR,2026-09-18,10.0,0.8,7216,1280,83.39860351562498,23,9.8100004196167,🚬菸屁股,HOLD,1
MSTR,2026-09-18,200.0,0.48,10725,1272,92.6758544921875,23,126.83000183105469,🚬菸屁股,HOLD,1
MSTR,2026-09-18,280.0,0.08,5567,1222,114.25824121093751,23,126.83000183105469,🚀點火(33.0x) 🚬菸屁股 ⚠️尾段價外(121%) ⚠️暴動高IV(114%),BUY_WATCH,1
TSLA,2026-09-18,450.0,0.59,14290,1188,50.48877636718749,23,350.25,🚬菸屁股,HOLD,1
TDOC,2027-01-15,11.0,0.18,2643,1180,72.26590234375,142,6.190000057220459,🆕低基期(前日Vol6) 🚬菸屁股,HOLD,1
SOFI,2028-01-21,30.0,2.86,21025,1147,63.40368627929689,513,19.0,🔭LEAPS,HOLD,1
ASTS,2026-09-18,80.0,1.0,5504,1141,85.30288134765625,23,62.0099983215332,🆕新倉暴量 ⚠️暴動高IV(85%),HOLD,1
SOFI,2026-09-18,23.0,0.12,18736,1138,53.51608984375,23,19.0,🚬菸屁股,HOLD,1
AMZN,2026-08-28,257.5,5.25,1339,1118,29.651582397460935,2,261.05999755859375,🎲末日結算 🆕新倉暴量,HOLD,1
SOFI,2026-09-18,27.0,0.02,12431,1110,62.500375000000005,23,19.0,🚬菸屁股,HOLD,1
ARM,2026-08-28,265.0,1.12,2716,1106,75.43969873046875,2,241.55999755859375,🎲末日結算 🆕新倉暴量,HOLD,1
IBIT,2026-09-18,51.0,0.41,13175,1102,46.680220703125,23,44.720001220703125,🚬菸屁股,HOLD,1
SOFI,2026-09-18,29.0,0.02,3050,1091,98.82813671875,23,19.0,🚬菸屁股,HOLD,1
RKLB,2026-10-16,100.0,1.09,4823,1086,80.42011767578124,51,66.91000366210938,🆕新倉暴量 ⚠️暴動高IV(80%),HOLD,1
ONDS,2026-09-18,11.0,0.09,20671,1082,84.76577734374999,23,8.239999771118164,🚬菸屁股,HOLD,1
COIN,2026-09-18,260.0,0.9,5197,1081,75.87914746093752,23,187.16000366210938,🚬菸屁股,HOLD,1
ACHR,2026-09-18,7.0,0.13,21940,1075,72.6565234375,23,5.960000038146973,🚬菸屁股,HOLD,1
OKLO,2026-10-16,50.0,3.53,5143,1056,83.20329296874999,51,44.27000045776367,🆕新倉暴量 ⚠️暴動高IV(83%),HOLD,1
ONDS,2026-10-16,10.0,0.46,4872,1050,81.445498046875,51,8.239999771118164,🚬菸屁股,HOLD,1
INTC,2026-09-18,155.0,0.06,9225,1035,87.89074609375,23,87.4800033569336,🚬菸屁股,HOLD,1
CRM,2027-01-15,550.0,0.03,6263,1011,55.078574218750006,142,205.69000244140625,🚬菸屁股,HOLD,1
CRWV,2026-09-18,130.0,0.32,7840,1006,82.51970605468748,23,88.04000091552734,🚬菸屁股,HOLD,1
SMCI,2026-08-28,35.5,3.05,1012,1002,78.51583984375,2,38.459999084472656,🎲末日結算 🆕新倉暴量,HOLD,1
SMCI,2026-09-18,50.0,0.42,12521,1001,78.0275634765625,23,38.459999084472656,🚬菸屁股,HOLD,1
NVDA,2026-09-18,275.0,0.23,10994,992,47.80325634765625,23,213.0500030517578,🚬菸屁股,HOLD,1
NFLX,2026-09-18,95.0,0.18,12721,991,34.278000976562495,23,82.2300033569336,🚬菸屁股,HOLD,1
ASTS,2026-09-18,100.0,0.27,13395,959,97.3633076171875,23,62.0099983215332,🚬菸屁股,HOLD,1
ASTS,2026-10-16,100.0,1.11,4337,959,92.0899228515625,51,62.0099983215332,🆕新倉暴量 ⚠️暴動高IV(92%),HOLD,1
ASTS,2026-09-18,85.0,0.7,3352,951,88.23253955078124,23,62.0099983215332,🚬菸屁股,HOLD,1
WMT,2026-09-18,120.0,0.09,26052,951,26.856200195312496,23,105.37999725341797,🚬菸屁股,HOLD,1
VST,2026-09-18,160.0,0.86,10363,947,44.092355957031245,23,139.02999877929688,🚬菸屁股,HOLD,1
RKLB,2026-09-18,90.0,0.49,3280,946,77.6369423828125,23,66.91000366210938,🚬菸屁股,HOLD,1
IBIT,2026-09-18,70.0,0.03,21491,931,73.437765625,23,44.720001220703125,🚬菸屁股,HOLD,1
HIMS,2026-09-18,40.0,0.45,11303,926,77.148666015625,23,31.75,🚬菸屁股,HOLD,1
ONDS,2026-09-18,9.0,0.36,18415,924,75.00025000000001,23,8.239999771118164,🚬菸屁股,HOLD,1
PCG,2026-09-18,30.0,0.04,2925,914,92.9688203125,23,18.360000610351562,🆕低基期(前日Vol9) 🚬菸屁股,HOLD,1
PACB,2027-01-15,2.0,0.2,4807,896,97.6562734375,142,1.5199999809265137,🆕低基期(前日Vol3) 🚬菸屁股,HOLD,1
OPEN,2026-10-16,4.0,0.27,6417,889,77.73459765625,51,3.5999999046325684,🚬菸屁股,HOLD,1
NFLX,2026-11-20,120.0,0.3,4489,859,43.115803222656254,86,82.2300033569336,🚬菸屁股,HOLD,1
OKLO,2026-09-18,70.0,0.2,7183,847,98.82813671875,23,44.27000045776367,🚬菸屁股,HOLD,1
RDDT,2026-08-28,167.5,1.89,809,841,55.81098876953126,2,162.4499969482422,🎲末日結算 🆕新倉暴量,HOLD,1
WMT,2026-09-18,115.0,0.23,11643,841,24.024197265625,23,105.37999725341797,🚬菸屁股,HOLD,1
GOOGL,2027-01-15,800.0,0.07,3757,836,46.289599609375,142,346.9599914550781,🆕低基期(前日Vol5) 🚬菸屁股,HOLD,1
NFLX,2026-08-28,79.0,3.45,2199,827,40.7232490234375,2,82.2300033569336,🎲末日結算 🆕新倉暴量,HOLD,1
NFLX,2026-10-16,100.0,0.5,20941,799,37.54945263671875,51,82.2300033569336,🚬菸屁股,HOLD,1
INTC,2026-09-18,130.0,0.18,20933,780,77.0510107421875,23,87.4800033569336,🚬菸屁股,HOLD,1
RGTI,2026-09-18,20.0,0.46,6473,777,79.883013671875,23,16.940000534057617,🚬菸屁股,HOLD,1
TDOC,2028-01-21,15.0,0.58,860,773,71.3870048828125,513,6.190000057220459,🆕低基期(前日Vol11) 🔭LEAPS,HOLD,1
ASTS,2026-09-18,95.0,0.34,3874,760,93.6524072265625,23,62.0099983215332,🚀點火(5.7x) 🚬菸屁股 ⚠️尾段價外(53%) ⚠️暴動高IV(94%),BUY_WATCH,1
ONDS,2027-01-15,18.0,0.33,1561,760,98.242205078125,142,8.239999771118164,🆕低基期(前日Vol3) 🚬菸屁股,HOLD,1
PCG,2026-10-16,19.0,0.83,6398,739,47.461462890625,51,18.360000610351562,🚬菸屁股,HOLD,1
NFLX,2026-08-28,78.0,4.5,2068,738,43.35994140625,2,82.2300033569336,🎲末日結算 🆕新倉暴量,HOLD,1
ONDS,2027-01-15,27.0,0.13,6947,736,105.66453417968751,142,8.239999771118164,🆕低基期(前日Vol4) 🚬菸屁股,HOLD,1
IBIT,2026-10-16,70.0,0.13,9153,727,61.133201171875015,51,44.720001220703125,🚬菸屁股,HOLD,1
IBIT,2026-09-18,90.0,0.02,10634,710,97.6562734375,23,44.720001220703125,🆕低基期(前日Vol3) 🚬菸屁股,HOLD,1
SOFI,2028-06-16,27.0,4.29,4666,704,64.69761865234375,660,19.0,🔭LEAPS,HOLD,1
RKLB,2026-09-18,85.0,0.77,2879,674,74.17018017578124,23,66.91000366210938,🚬菸屁股,HOLD,1
RKLB,2026-09-18,100.0,0.23,8452,671,84.37515624999999,23,66.91000366210938,🚬菸屁股,HOLD,1
PLTR,2026-09-18,220.0,0.35,12490,670,50.48877636718749,23,172.72999572753906,🚬菸屁股,HOLD,1
NVDA,2026-10-16,300.0,0.33,9590,663,44.38532177734375,51,213.0500030517578,🚬菸屁股,HOLD,1
ONDS,2026-10-16,9.0,0.68,2489,663,79.0041162109375,51,8.239999771118164,🚬菸屁股,HOLD,1
SOFI,2028-01-21,20.0,5.4,29375,647,65.01499829101563,513,19.0,🔭LEAPS,HOLD,1
BEAM,2028-01-21,40.0,8.0,2865,636,75.40307800292969,513,31.030000686645508,🆕低基期(前日Vol10) 🔭LEAPS,HOLD,1
TDOC,2027-01-15,12.5,0.13,5607,622,79.49239257812499,142,6.190000057220459,🆕低基期(前日Vol6) 🚬菸屁股,HOLD,1
DKNG,2028-01-21,40.0,3.4,4147,616,58.20354296875,513,25.790000915527344,🔭LEAPS,HOLD,1
SOFI,2026-11-20,23.0,0.93,3909,613,58.984785156250005,86,19.0,🚬菸屁股,HOLD,1
SMR,2027-01-15,15.0,0.95,15149,609,94.14068359375,142,9.8100004196167,🚬菸屁股,HOLD,1
OPEN,2027-01-15,4.0,0.67,8324,602,88.2813671875,142,3.5999999046325684,🚬菸屁股,HOLD,1
ACHR,2026-09-18,8.0,0.05,5944,601,82.81267187499999,23,5.960000038146973,🚬菸屁股,HOLD,1
TSLA,2026-09-18,900.0,0.02,7213,596,109.375453125,23,350.25,🚬菸屁股,HOLD,1
ACHR,2026-10-16,7.0,0.31,13830,592,73.82838671875,51,5.960000038146973,🚬菸屁股,HOLD,1
ONDS,2026-09-18,8.0,0.71,7421,558,69.92217578125,23,8.239999771118164,🚬菸屁股,HOLD,1
IBIT,2026-10-16,60.0,0.3,11666,551,51.36767382812499,51,44.720001220703125,🚬菸屁股,HOLD,1
OPEN,2026-09-18,5.0,0.03,12019,538,82.81267187499999,23,3.5999999046325684,🚀點火(5.1x) 🚬菸屁股 ⚠️尾段價外(39%) ⚠️暴動高IV(83%),BUY_WATCH,1
CRWV,2026-10-16,150.0,0.73,6544,531,84.0821904296875,51,88.04000091552734,🚬菸屁股,HOLD,1
INTC,2026-10-16,130.0,0.83,22761,529,69.38507177734375,51,87.4800033569336,🚬菸屁股,HOLD,1
IONQ,2026-10-16,80.0,0.32,1481,524,93.35944140625,51,42.04999923706055,🚬菸屁股,HOLD,1
NFLX,2026-08-28,77.0,5.25,2241,516,50.7817421875,2,82.2300033569336,🎲末日結算 🆕新倉暴量,HOLD,1
NFLX,2026-09-18,88.0,0.84,4852,512,32.12958496093749,23,82.2300033569336,🚬菸屁股,HOLD,1
OKLO,2026-09-18,60.0,0.55,3643,501,88.67198828125,23,44.27000045776367,🚬菸屁股,HOLD,1
ASTS,2026-10-16,90.0,1.72,1776,489,88.54991918945312,51,62.0099983215332,🆕新倉暴量 ⚠️暴動高IV(89%),HOLD,1
INTC,2026-10-16,210.0,0.02,7486,488,80.4689453125,51,87.4800033569336,🆕低基期(前日Vol9) 🚬菸屁股,HOLD,1
INTC,2026-10-16,140.0,0.52,7397,486,71.3870048828125,51,87.4800033569336,🚬菸屁股,HOLD,1
SOFI,2026-12-18,25.0,0.85,19958,481,58.93595751953126,114,19.0,🚬菸屁股,HOLD,1
ONDS,2026-11-20,15.0,0.24,1433,480,95.11723632812499,86,8.239999771118164,🆕低基期(前日Vol1) 🚬菸屁股,HOLD,1
IONQ,2026-09-18,55.0,0.6,7433,478,85.4493642578125,23,42.04999923706055,🚬菸屁股,HOLD,1
PLTR,2026-09-18,210.0,0.6,8064,477,48.38918798828126,23,172.72999572753906,🚬菸屁股,HOLD,1
WMT,2026-09-18,130.0,0.05,12925,473,34.961587890625,23,105.37999725341797,🚬菸屁股,HOLD,1
NVDA,2026-09-18,265.0,0.39,10450,472,45.898978515625004,23,213.0500030517578,🚬菸屁股,HOLD,1
NVDA,2026-10-16,460.0,0.02,17057,464,63.281617187500004,51,213.0500030517578,🚬菸屁股,HOLD,1
SMCI,2026-09-18,55.0,0.2,12107,447,82.0314296875,23,38.459999084472656,🚬菸屁股,HOLD,1
JOBY,2026-10-16,11.0,0.06,6880,445,71.87528125,51,7.21999979019165,🚬菸屁股,HOLD,1
OPEN,2026-11-20,8.0,0.09,3582,441,104.68797656250001,86,3.5999999046325684,🚬菸屁股,HOLD,1
UPST,2026-09-18,40.0,0.12,9351,431,64.45348046875,23,30.579999923706055,🚬菸屁股,HOLD,1
WMT,2026-09-18,155.0,0.01,2359,426,53.12546875,23,105.37999725341797,🆕低基期(前日Vol1) 🚬菸屁股,HOLD,1
NVDA,2026-10-16,280.0,0.66,10428,421,41.74862939453124,51,213.0500030517578,🚬菸屁股,HOLD,1
TGT,2026-09-18,185.0,0.3,1027,418,31.153032226562495,23,163.47000122070312,🚬菸屁股,HOLD,1
SOFI,2026-10-16,21.0,0.81,6618,416,53.906710937500016,51,19.0,🚬菸屁股,HOLD,1
OKLO,2028-01-21,150.0,5.63,1504,412,95.10502941894529,513,44.27000045776367,🆕低基期(前日Vol3) 🔭LEAPS,HOLD,1
RKLB,2026-09-18,95.0,0.33,3665,404,84.37515624999999,23,66.91000366210938,🚬菸屁股,HOLD,1
SOFI,2028-01-21,15.0,7.43,27070,404,68.04231176757813,513,19.0,🔭LEAPS,HOLD,1
RKLB,2026-09-18,120.0,0.08,6659,402,97.26565234374999,23,66.91000366210938,🚬菸屁股,HOLD,1
NFLX,2026-09-18,105.0,0.03,6791,402,41.01621484375,23,82.2300033569336,🚬菸屁股,HOLD,1
SOFI,2026-12-18,30.0,0.35,20102,399,61.03554589843752,114,19.0,🚬菸屁股,HOLD,1
ONDS,2028-01-21,15.0,2.28,9275,385,97.460962890625,513,8.239999771118164,🔭LEAPS,HOLD,1
NFLX,2026-09-18,91.0,0.41,4116,378,32.52020605468749,23,82.2300033569336,🚬菸屁股,HOLD,1
INTC,2026-09-18,150.0,0.06,21893,374,85.1563984375,23,87.4800033569336,🚬菸屁股,HOLD,1
ONDS,2028-01-21,10.0,3.2,21875,365,97.94923925781251,513,8.239999771118164,🔭LEAPS,HOLD,1
INTC,2026-09-18,115.0,0.5,14327,359,68.94562304687501,23,87.4800033569336,🚬菸屁股,HOLD,1
TSLA,2026-09-18,500.0,0.3,16533,356,61.03554589843752,23,350.25,🚬菸屁股,HOLD,1
INTC,2026-10-16,135.0,0.66,8343,354,70.70341796875,51,87.4800033569336,🚬菸屁股,HOLD,1
MNST,2026-09-18,50.0,0.72,2417,351,24.95192236328125,23,48.72999954223633,🚬菸屁股,HOLD,1
NFLX,2026-09-18,93.0,0.25,934,351,33.25262060546875,23,82.2300033569336,🚬菸屁股,HOLD,1
NFLX,2026-09-18,89.0,0.64,2251,345,32.12958496093749,23,82.2300033569336,🚬菸屁股,HOLD,1
SMCI,2026-09-18,60.0,0.11,15901,342,87.10950390625,23,38.459999084472656,🚬菸屁股,HOLD,1
AMZN,2026-09-18,315.0,0.12,12875,341,32.617861328124995,23,261.05999755859375,🚬菸屁股,HOLD,1
TDOC,2026-10-16,10.0,0.04,3179,340,71.87528125,51,6.190000057220459,🆕低基期(前日Vol8) 🚬菸屁股,HOLD,1
IREN,2028-01-21,90.0,10.3,9624,332,96.0937890625,513,42.209999084472656,🆕低基期(前日Vol5) 🔭LEAPS,HOLD,1
SMCI,2028-01-21,105.0,5.08,8267,331,86.18177880859376,513,38.459999084472656,🆕低基期(前日Vol8) 🔭LEAPS,HOLD,1
JOBY,2028-01-21,10.0,2.04,16164,330,85.25405371093751,513,7.21999979019165,🔭LEAPS,HOLD,1
GOOGL,2026-09-18,390.0,0.86,23643,329,30.261927856445315,23,346.9599914550781,🚬菸屁股,HOLD,1
ASTS,2026-09-18,90.0,0.44,9241,325,91.79695703125,23,62.0099983215332,🚬菸屁股,HOLD,1
NVDA,2026-09-18,290.0,0.12,6905,322,51.6606396484375,23,213.0500030517578,🚬菸屁股,HOLD,1
AMZN,2026-09-18,400.0,0.01,1310,320,51.562984375,23,261.05999755859375,🚬菸屁股,HOLD,1
IONQ,2026-10-16,70.0,0.5,1878,317,89.16026464843749,51,42.04999923706055,🚬菸屁股,HOLD,1
OPEN,2026-09-18,7.0,0.01,9993,317,109.375453125,23,3.5999999046325684,🚬菸屁股,HOLD,1
UPST,2026-09-18,35.0,0.6,4643,316,59.570716796875004,23,30.579999923706055,🚬菸屁股,HOLD,1
TSLA,2026-09-18,480.0,0.37,5650,315,56.7387138671875,23,350.25,🚬菸屁股,HOLD,1
OPEN,2026-10-16,9.0,0.03,1279,315,139.06280468749998,51,3.5999999046325684,🚬菸屁股,HOLD,1
AMZN,2026-09-18,310.0,0.17,9733,314,31.836619140624993,23,261.05999755859375,🚬菸屁股,HOLD,1
ONDS,2026-12-18,15.0,0.39,7455,313,94.2383388671875,114,8.239999771118164,🚬菸屁股,HOLD,1
RGTI,2026-11-20,32.0,0.58,888,308,97.6562734375,86,16.940000534057617,🚬菸屁股,HOLD,1
INTC,2026-09-18,125.0,0.26,13074,306,73.34011035156249,23,87.4800033569336,🚬菸屁股,HOLD,1
NVDA,2026-09-18,340.0,0.03,5112,305,62.109753906250006,23,213.0500030517578,🆕低基期(前日Vol18) 🚬菸屁股,HOLD,1
ONDS,2026-10-16,12.0,0.2,1479,304,87.695435546875,51,8.239999771118164,🚬菸屁股,HOLD,1
IBIT,2026-09-18,105.0,0.01,14428,301,106.25046875000001,23,44.720001220703125,🆕低基期(前日Vol4) 🚬菸屁股,HOLD,1
SMCI,2026-09-18,75.0,0.04,3594,301,102.34423828125001,23,38.459999084472656,🚀點火(12.5x) 🚬菸屁股 ⚠️尾段價外(95%) ⚠️暴動高IV(102%),BUY_WATCH,1
GOOGL,2026-09-18,720.0,0.14,757,297,93.7500625,23,346.9599914550781,🚬菸屁股,HOLD,1
UPST,2028-01-21,35.0,9.5,1327,295,76.8679071044922,513,30.579999923706055,🔭LEAPS,HOLD,1
MSFT,2026-10-16,550.0,3.4,53868,294,26.416751464843745,51,491.7099914550781,🔥萬人塚 🏛️機構場,HOLD,1
PLTR,2026-09-18,230.0,0.21,6019,294,53.51608984375,23,172.72999572753906,🚬菸屁股,HOLD,1
IBIT,2028-01-21,70.0,4.75,16598,293,52.75315802001954,513,44.720001220703125,🔭LEAPS,HOLD,1
XYZ,2026-09-18,90.0,0.89,14154,292,38.06214282226562,23,82.72000122070312,🚬菸屁股,HOLD,1
ACHR,2027-01-15,9.0,0.45,27824,292,82.0314296875,142,5.960000038146973,🚬菸屁股,HOLD,1
NVDA,2026-10-16,400.0,0.03,10230,289,55.469195312500005,51,213.0500030517578,🚬菸屁股,HOLD,1
AMD,2026-09-18,700.0,0.25,6600,289,60.10782080078126,23,479.17999267578125,🚬菸屁股,HOLD,1
PATH,2026-09-18,20.0,0.52,6218,289,88.476677734375,23,16.65999984741211,🚬菸屁股,HOLD,1
NNE,2028-01-21,50.0,2.5,791,285,91.84578466796876,513,19.239999771118164,🆕低基期(前日Vol2) 🔭LEAPS,HOLD,1
NFLX,2028-01-21,100.0,11.6,17985,277,45.49615051269531,513,82.2300033569336,🔭LEAPS,HOLD,1
CRM,2026-09-18,320.0,0.02,2639,275,57.812921875,23,205.69000244140625,🚬菸屁股,HOLD,1
SMCI,2026-09-18,65.0,0.05,2169,274,91.4063359375,23,38.459999084472656,🚀點火(3.3x) 🚬菸屁股 ⚠️尾段價外(69%) ⚠️暴動高IV(91%),BUY_WATCH,1
INTC,2026-09-18,140.0,0.11,14355,273,81.64080859375,23,87.4800033569336,🚬菸屁股,HOLD,1
NFLX,2026-11-20,110.0,0.64,5367,271,41.55331884765625,86,82.2300033569336,🚬菸屁股,HOLD,1
SMR,2027-01-15,27.0,0.26,1749,268,105.078599609375,142,9.8100004196167,🆕低基期(前日Vol6) 🚬菸屁股,HOLD,1
IBIT,2027-01-15,75.0,0.53,11809,264,53.36960693359375,142,44.720001220703125,🚬菸屁股,HOLD,1
IREN,2026-09-18,90.0,0.08,6941,264,126.172244140625,23,42.209999084472656,🚬菸屁股,HOLD,1
RGTI,2026-11-20,35.0,0.34,10155,262,98.63282617187501,86,16.940000534057617,🚬菸屁股,HOLD,1
OPEN,2026-11-20,9.0,0.07,11240,261,101.5629921875,86,3.5999999046325684,🆕低基期(前日Vol18) 🚬菸屁股,HOLD,1
SMR,2027-01-15,80.0,0.03,10100,259,128.125359375,142,9.8100004196167,🆕低基期(前日Vol4) 🚬菸屁股,HOLD,1
SOFI,2028-01-21,27.0,3.4,4484,258,63.623410644531255,513,19.0,🔭LEAPS,HOLD,1
OPEN,2026-12-18,5.0,0.33,3406,258,92.57819921875,114,3.5999999046325684,🚬菸屁股,HOLD,1
INTC,2028-01-21,100.0,25.01,13437,257,71.60062579345703,513,87.4800033569336,🔭LEAPS,HOLD,1
ACHR,2026-10-16,9.0,0.1,8394,257,81.2501875,51,5.960000038146973,🚬菸屁股,HOLD,1
MSFT,2027-01-15,625.0,5.55,51804,255,30.603721313476562,142,491.7099914550781,🔥萬人塚 🏛️機構場,HOLD,1
ACHR,2026-10-16,8.0,0.16,11373,255,77.53928710937501,51,5.960000038146973,🚬菸屁股,HOLD,1
ACHR,2028-01-21,10.0,1.48,21207,254,87.93957373046875,513,5.960000038146973,🔭LEAPS,HOLD,1
TSLA,2028-01-21,500.0,47.2,6402,250,53.43979666137696,513,350.25,🔭LEAPS,HOLD,1
ACHR,2026-09-18,10.0,0.02,4560,250,96.87503124999999,23,5.960000038146973,🚀點火(2.5x) 🚬菸屁股 ⚠️尾段價外(68%) ⚠️暴動高IV(97%),BUY_WATCH,1
IBIT,2028-01-21,140.0,1.1,29647,248,57.42230078125,513,44.720001220703125,🔭LEAPS,HOLD,1
JOBY,2026-11-20,10.0,0.33,2720,245,77.73459765625,86,7.21999979019165,🚬菸屁股,HOLD,1
IREN,2026-10-16,80.0,0.5,5960,244,105.37156689453124,51,42.209999084472656,🚬菸屁股,HOLD,1
OKLO,2026-09-18,65.0,0.32,1687,242,92.4805439453125,23,44.27000045776367,🚀點火(4.2x) 🚬菸屁股 ⚠️尾段價外(47%) ⚠️暴動高IV(92%),BUY_WATCH,1
TSLA,2026-09-18,440.0,0.71,8559,238,48.68215380859375,23,350.25,🚬菸屁股,HOLD,1
JOBY,2026-09-18,8.0,0.22,5381,237,65.62534375000001,23,7.21999979019165,🚬菸屁股,HOLD,1
MSTR,2026-12-18,1080.0,0.05,14839,236,121.875390625,114,126.83000183105469,🚬菸屁股,HOLD,1
NTLA,2026-09-18,15.0,0.7,1265,233,86.52357226562499,23,13.510000228881836,🚬菸屁股,HOLD,1
ONDS,2026-10-16,11.0,0.3,5702,225,83.20329296874999,51,8.239999771118164,🚬菸屁股,HOLD,1
SOFI,2027-01-15,32.0,0.37,18220,224,61.71913281250001,142,19.0,🆕低基期(前日Vol11) 🚬菸屁股,HOLD,1
NFLX,2026-10-16,120.0,0.08,1876,224,45.6060126953125,51,82.2300033569336,🚬菸屁股,HOLD,1
SBUX,2026-09-18,115.0,0.4,6096,222,27.51537329101562,23,105.76000213623047,🚬菸屁股,HOLD,1
NVDA,2028-01-21,200.0,51.19,27589,219,46.809919113159175,513,213.0500030517578,🔭LEAPS,HOLD,1
PACB,2028-01-21,2.0,0.57,4989,219,97.6562734375,513,1.5199999809265137,🆕低基期(前日Vol16) 🔭LEAPS,HOLD,1
NFLX,2026-10-16,105.0,0.28,3956,216,38.7701435546875,51,82.2300033569336,🚬菸屁股,HOLD,1
JOBY,2026-09-18,9.0,0.07,4163,214,65.62534375000001,23,7.21999979019165,🚬菸屁股,HOLD,1
ACHR,2026-10-16,11.0,0.05,4128,214,98.437515625,51,5.960000038146973,🚬菸屁股,HOLD,1
NFLX,2026-09-18,109.0,0.03,1385,213,44.92242578125,23,82.2300033569336,🚬菸屁股,HOLD,1
IBIT,2028-01-21,40.0,13.83,6753,212,56.40912731933594,513,44.720001220703125,🔭LEAPS,HOLD,1
OKLO,2026-09-18,75.0,0.12,2195,211,106.05515722656251,23,44.27000045776367,🚀點火(3.0x) 🚬菸屁股 ⚠️尾段價外(69%) ⚠️暴動高IV(106%),BUY_WATCH,1
IBIT,2028-01-21,50.0,9.47,9068,210,53.88229711914063,513,44.720001220703125,🔭LEAPS,HOLD,1
ACHR,2026-10-16,6.0,0.62,9405,210,70.50810742187501,51,5.960000038146973,🚬菸屁股,HOLD,1
INTC,2028-01-21,150.0,14.55,10448,208,70.86210778808592,513,87.4800033569336,🔭LEAPS,HOLD,1
OKLO,2026-11-20,95.0,0.84,6381,206,100.43995092773437,86,44.27000045776367,🚬菸屁股,HOLD,1
NFLX,2027-01-15,125.0,0.53,6563,206,41.480077392578124,142,82.2300033569336,🚬菸屁股,HOLD,1
LUNR,2028-01-21,35.0,4.88,905,205,111.20649865722658,513,16.600000381469727,🆕低基期(前日Vol3) 🔭LEAPS,HOLD,1
LUNR,2028-01-21,25.0,6.5,4570,204,113.89203210449219,513,16.600000381469727,🆕低基期(前日Vol14) 🔭LEAPS,HOLD,1
NFLX,2026-09-18,99.0,0.07,2411,204,36.817038085937504,23,82.2300033569336,🚬菸屁股,HOLD,1
GOOGL,2026-09-18,710.0,0.02,1834,203,83.59391406249999,23,346.9599914550781,🚀點火(3.2x) 🚬菸屁股 ⚠️尾段價外(105%) ⚠️暴動高IV(84%),BUY_WATCH,1
SMR,2027-01-15,55.0,0.04,3427,202,120.3128984375,142,9.8100004196167,🚬菸屁股,HOLD,1
NFLX,2027-01-15,145.0,0.22,861,200,49.07277490234375,142,82.2300033569336,🚬菸屁股,HOLD,1
AMZN,2026-09-18,390.0,0.01,889,200,49.219257812500004,23,261.05999755859375,🚬菸屁股,HOLD,1
SOFI,2028-06-16,40.0,2.47,10375,199,64.57554956054688,660,19.0,🔭LEAPS,HOLD,1
CRWV,2026-09-18,140.0,0.18,14593,199,86.132951171875,23,88.04000091552734,🚬菸屁股,HOLD,1
SOFI,2027-01-15,27.0,0.78,20853,197,60.058993164062514,142,19.0,🚬菸屁股,HOLD,1
WMT,2026-09-18,150.0,0.02,6056,196,50.7817421875,23,105.37999725341797,🆕低基期(前日Vol15) 🚬菸屁股,HOLD,1
IBIT,2028-06-16,90.0,4.48,16169,194,56.24433404541016,660,44.720001220703125,🆕低基期(前日Vol1) 🔭LEAPS,HOLD,1
PACB,2027-01-15,1.5,0.35,8578,193,91.01571484374999,142,1.5199999809265137,🚬菸屁股,HOLD,1
IREN,2026-09-18,70.0,0.26,15191,192,111.13325683593752,23,42.209999084472656,🚬菸屁股,HOLD,1
JPM,2026-09-18,380.0,0.97,4923,192,19.947089599609374,23,356.69000244140625,🚬菸屁股,HOLD,1
HIMS,2028-01-21,80.0,4.8,1117,191,80.39570385742188,513,31.75,🆕低基期(前日Vol9) 🔭LEAPS,HOLD,1
WMT,2026-11-20,135.0,0.3,2977,191,30.591514404296877,86,105.37999725341797,🚬菸屁股,HOLD,1
NFLX,2026-09-18,94.0,0.21,1125,191,33.74089697265625,23,82.2300033569336,🚬菸屁股,HOLD,1
HOOD,2026-09-18,200.0,0.05,9939,190,82.0314296875,23,112.08999633789062,🚬菸屁股,HOLD,1
IONQ,2026-09-18,60.0,0.32,4174,187,89.55088574218748,23,42.04999923706055,🚬菸屁股,HOLD,1
IBIT,2028-01-21,60.0,6.62,7592,186,52.75926147460939,513,44.720001220703125,🔭LEAPS,HOLD,1
CRM,2026-09-18,300.0,0.05,2181,185,61.328511718750015,23,205.69000244140625,🚬菸屁股,HOLD,1
MSTR,2028-01-21,700.0,6.75,8009,184,90.21616229248046,513,126.83000183105469,🔭LEAPS,HOLD,1
RGTI,2026-09-18,18.0,0.88,3654,184,76.17211328125,23,16.940000534057617,🚬菸屁股,HOLD,1
WMT,2026-12-18,135.0,0.49,5449,179,28.516339843749993,114,105.37999725341797,🚬菸屁股,HOLD,1
RGTI,2026-09-18,22.0,0.23,1581,178,81.05487695312499,23,16.940000534057617,🚬菸屁股,HOLD,1
CRWV,2026-09-18,125.0,0.45,5496,177,81.2501875,23,88.04000091552734,🚬菸屁股,HOLD,1
OKLO,2026-10-16,65.0,1.21,1267,176,90.67392138671875,51,44.27000045776367,🚀點火(3.2x) ⚠️暴動高IV(91%),HOLD,1
HOOD,2027-01-15,280.0,0.79,802,176,75.73266455078127,142,112.08999633789062,🚬菸屁股,HOLD,1
SBUX,2026-09-18,120.0,0.14,4660,176,29.981168945312497,23,105.76000213623047,🚬菸屁股,HOLD,1
TDOC,2026-09-18,7.0,0.08,954,175,52.3442265625,23,6.190000057220459,🚬菸屁股,HOLD,1
WMT,2026-11-20,130.0,0.48,5910,175,28.63840893554687,86,105.37999725341797,🚬菸屁股,HOLD,1
JOBY,2026-10-16,9.0,0.22,3495,172,67.57844921875001,51,7.21999979019165,🚬菸屁股,HOLD,1
JOBY,2026-10-16,10.0,0.13,5760,169,70.70341796875,51,7.21999979019165,🚬菸屁股,HOLD,1
OKLO,2026-10-16,100.0,0.26,2456,168,107.91061669921875,51,44.27000045776367,🆕低基期(前日Vol4) 🚬菸屁股,HOLD,1
SOFI,2026-11-20,24.0,0.74,3903,168,58.496508789062496,86,19.0,🚬菸屁股,HOLD,1
ACHR,2026-09-18,9.0,0.03,9667,168,93.7500625,23,5.960000038146973,🚬菸屁股,HOLD,1
NFLX,2026-12-18,168.0,0.08,2945,167,62.69568554687501,114,82.2300033569336,🚬菸屁股,HOLD,1
ASTS,2026-09-18,130.0,0.08,12785,165,117.96916015624998,23,62.0099983215332,🚬菸屁股,HOLD,1
HOOD,2026-09-18,165.0,0.18,1054,165,69.62920996093752,23,112.08999633789062,🆕低基期(前日Vol6) 🚬菸屁股,HOLD,1
OPEN,2028-01-21,15.0,0.45,29906,165,103.90673046875003,513,3.5999999046325684,🔭LEAPS,HOLD,1
NFLX,2026-09-18,92.0,0.32,1694,165,32.959654785156246,23,82.2300033569336,🚬菸屁股,HOLD,1
ONDS,2027-01-15,12.0,0.85,18785,164,91.1133701171875,142,8.239999771118164,🚬菸屁股,HOLD,1
LUNR,2026-09-18,21.0,0.4,2803,164,92.773509765625,23,16.600000381469727,🚬菸屁股,HOLD,1
CRWD,2026-09-18,250.0,0.52,1383,164,63.72106591796876,23,185.3800048828125,🚬菸屁股,HOLD,1
GOOGL,2028-01-21,610.0,11.35,2633,163,38.83117810058594,513,346.9599914550781,🔭LEAPS,HOLD,1
PACB,2028-01-21,3.0,0.41,1299,162,88.476677734375,513,1.5199999809265137,🔭LEAPS,HOLD,1
GOOGL,2028-01-21,800.0,3.4,3189,162,39.53612710571289,513,346.9599914550781,🆕低基期(前日Vol11) 🔭LEAPS,HOLD,1
IONQ,2026-09-18,70.0,0.11,4268,160,100.1958115234375,23,42.04999923706055,🚀點火(4.4x) 🚬菸屁股 ⚠️尾段價外(66%) ⚠️暴動高IV(100%),BUY_WATCH,1
GOOGL,2026-09-18,700.0,0.07,1921,158,93.7500625,23,346.9599914550781,🚀點火(5.6x) 🚬菸屁股 ⚠️尾段價外(102%) ⚠️暴動高IV(94%),BUY_WATCH,1
NFLX,2026-12-18,135.0,0.21,1626,157,44.58063232421875,114,82.2300033569336,🚬菸屁股,HOLD,1
IBIT,2028-01-21,100.0,2.09,16271,156,54.28512512207033,513,44.720001220703125,🔭LEAPS,HOLD,1
ACHR,2027-01-15,22.0,0.07,7381,156,109.76607617187501,142,5.960000038146973,🚬菸屁股,HOLD,1
SOFI,2026-10-16,26.0,0.15,4963,154,56.1527822265625,51,19.0,🚬菸屁股,HOLD,1
NFLX,2026-09-18,115.0,0.02,5037,154,50.0005,23,82.2300033569336,🚬菸屁股,HOLD,1
PACB,2028-01-21,5.0,0.31,1383,152,112.109814453125,513,1.5199999809265137,🆕低基期(前日Vol1) 🔭LEAPS,HOLD,1
SMR,2026-09-18,15.0,0.08,1436,152,107.03171484375002,23,9.8100004196167,🚀點火(6.9x) 🚬菸屁股 ⚠️尾段價外(53%) ⚠️暴動高IV(107%),BUY_WATCH,1
NFLX,2028-01-21,110.0,9.05,7282,152,45.24590887451172,513,82.2300033569336,🔭LEAPS,HOLD,1
GOOGL,2026-12-18,600.0,0.24,816,152,40.967387207031244,114,346.9599914550781,🆕低基期(前日Vol1) 🚬菸屁股,HOLD,1
SOFI,2026-11-20,26.0,0.48,1430,151,60.25430371093752,86,19.0,🚬菸屁股,HOLD,1
PCG,2027-01-15,35.0,0.04,4185,150,51.562984375,142,18.360000610351562,🚬菸屁股,HOLD,1
TSLA,2027-01-15,900.0,0.87,13052,147,65.57651611328126,142,350.25,🆕低基期(前日Vol3) 🚬菸屁股,HOLD,1
WMT,2026-09-18,135.0,0.04,11573,147,41.4068359375,23,105.37999725341797,🚬菸屁股,HOLD,1
NFLX,2028-01-21,120.0,7.05,4122,147,44.72101177978516,513,82.2300033569336,🔭LEAPS,HOLD,1
HOOD,2026-09-18,145.0,0.75,1474,146,65.820654296875,23,112.08999633789062,🚬菸屁股,HOLD,1
TDOC,2027-01-15,7.5,0.53,15119,145,60.25430371093752,142,6.190000057220459,🚬菸屁股,HOLD,1
LUNR,2026-09-18,20.0,0.54,3543,144,90.9180595703125,23,16.600000381469727,🚬菸屁股,HOLD,1
MSTR,2026-09-18,300.0,0.08,5926,143,117.57853710937498,23,126.83000183105469,🚬菸屁股,HOLD,1
OKLO,2026-09-18,100.0,0.04,3049,142,119.53165234375001,23,44.27000045776367,🆕低基期(前日Vol10) 🚬菸屁股,HOLD,1
RGTI,2026-09-18,25.0,0.09,3182,142,89.257919921875,23,16.940000534057617,🚬菸屁股,HOLD,1
CRM,2026-09-18,290.0,0.13,783,141,59.18009570312501,23,205.69000244140625,🚬菸屁股,HOLD,1
GOOGL,2026-09-18,690.0,0.07,797,141,92.187578125,23,346.9599914550781,🚬菸屁股,HOLD,1
ONDS,2026-11-20,18.0,0.12,772,140,98.63282617187501,86,8.239999771118164,🚬菸屁股,HOLD,1
CRWV,2026-09-18,135.0,0.24,2917,140,83.98453515624999,23,88.04000091552734,🚬菸屁股,HOLD,1
NFLX,2026-10-16,110.0,0.16,1908,140,40.967387207031244,51,82.2300033569336,🚬菸屁股,HOLD,1
NVDA,2026-09-18,310.0,0.07,6634,138,55.66450585937501,23,213.0500030517578,🚬菸屁股,HOLD,1
OPEN,2026-11-20,6.0,0.16,7046,137,99.60937890625,86,3.5999999046325684,🚬菸屁股,HOLD,1
MNST,2026-09-18,100.0,0.6,843,137,50.0005,23,48.72999954223633,🚬菸屁股,HOLD,1
RKLB,2026-10-16,105.0,0.86,1421,136,81.93377441406248,51,66.91000366210938,🚬菸屁股,HOLD,1
JOBY,2028-01-21,20.0,0.9,9475,135,86.62122753906249,513,7.21999979019165,🔭LEAPS,HOLD,1
PCG,2028-01-21,15.0,4.45,1027,135,43.04256176757813,513,18.360000610351562,🔭LEAPS,HOLD,1
DKNG,2026-09-18,27.5,0.63,8891,133,47.5591181640625,23,25.790000915527344,🚬菸屁股,HOLD,1
SMR,2028-01-21,13.0,3.64,3126,133,100.92822973632813,513,9.8100004196167,🔭LEAPS,HOLD,1
SMR,2028-01-21,20.0,2.57,4745,132,100.1958115234375,513,9.8100004196167,🔭LEAPS,HOLD,1
ZM,2026-09-18,165.0,0.04,1657,131,73.04714453125,23,100.91999816894531,🚬菸屁股,HOLD,1
NFLX,2026-11-20,115.0,0.23,5898,131,42.2857333984375,86,82.2300033569336,🚬菸屁股,HOLD,1
VST,2026-09-18,165.0,0.63,4908,129,45.361874511718746,23,139.02999877929688,🚬菸屁股,HOLD,1
PACB,2026-09-18,2.0,0.05,1370,128,90.62509374999999,23,1.5199999809265137,🆕低基期(前日Vol10) 🚬菸屁股,HOLD,1
VRT,2026-09-18,330.0,0.81,970,128,57.42230078125,23,255.75,🚬菸屁股,HOLD,1
IONQ,2026-10-16,65.0,0.82,1296,126,88.67198828125,51,42.04999923706055,🚬菸屁股,HOLD,1
ONDS,2026-12-18,14.0,0.46,8234,124,94.43364941406249,114,8.239999771118164,🚬菸屁股,HOLD,1
ACHR,2028-01-21,20.0,0.66,6999,123,87.695435546875,513,5.960000038146973,🔭LEAPS,HOLD,1
RDDT,2026-09-18,230.0,0.22,2185,123,69.77569287109377,23,162.4499969482422,🆕低基期(前日Vol2) 🚬菸屁股,HOLD,1
ACHR,2027-01-15,11.0,0.24,3975,122,85.742330078125,142,5.960000038146973,🚬菸屁股,HOLD,1
SOFI,2028-06-16,25.0,4.7,16743,119,64.42906665039064,660,19.0,🔭LEAPS,HOLD,1
IREN,2026-09-18,80.0,0.13,4377,119,120.11758691406249,23,42.209999084472656,🚬菸屁股,HOLD,1
JPM,2026-09-18,385.0,0.52,1267,119,20.557435058593747,23,356.69000244140625,🚬菸屁股,HOLD,1
DKNG,2026-09-18,35.0,0.03,5920,118,57.42230078125,23,25.790000915527344,🚬菸屁股,HOLD,1
RGTI,2026-09-18,21.0,0.29,1884,118,81.05487695312499,23,16.940000534057617,🚬菸屁股,HOLD,1
ACHR,2026-09-18,11.0,0.05,1098,117,110.9379453125,23,5.960000038146973,🚬菸屁股,HOLD,1
HOOD,2028-01-21,290.0,9.69,15452,116,71.11540115356446,513,112.08999633789062,🔭LEAPS,HOLD,1
OPEN,2026-09-18,6.0,0.02,7768,116,103.12548437500001,23,3.5999999046325684,🚬菸屁股,HOLD,1
AMZN,2026-09-18,325.0,0.07,7307,115,35.8404853515625,23,261.05999755859375,🚬菸屁股,HOLD,1
MSTR,2027-01-15,700.0,0.32,11187,114,108.83834643554687,142,126.83000183105469,🆕低基期(前日Vol4) 🚬菸屁股,HOLD,1
JOBY,2026-10-16,8.0,0.47,1357,114,69.92217578125,51,7.21999979019165,🚬菸屁股,HOLD,1
ACHR,2028-01-21,27.0,0.45,15626,114,92.4805439453125,513,5.960000038146973,🔭LEAPS,HOLD,1
WMT,2026-11-20,125.0,0.8,3607,114,29.29758203124999,86,105.37999725341797,🚬菸屁股,HOLD,1
MSTR,2027-01-15,1000.0,0.11,6024,113,112.5004375,142,126.83000183105469,🚬菸屁股,HOLD,1
IBIT,2026-09-18,80.0,0.02,11709,112,85.937640625,23,44.720001220703125,🚬菸屁股,HOLD,1
SOFI,2026-11-20,36.0,0.07,982,112,65.03941210937501,86,19.0,🚬菸屁股,HOLD,1
OPEN,2026-11-20,3.0,0.91,3251,112,87.500125,86,3.5999999046325684,🚬菸屁股,HOLD,1
SMCI,2026-09-18,90.0,0.03,3538,111,132.03158984375,23,38.459999084472656,🆕低基期(前日Vol1) 🚬菸屁股,HOLD,1
IREN,2026-09-18,75.0,0.15,8012,111,117.96916015624998,23,42.209999084472656,🚬菸屁股,HOLD,1
IBIT,2026-10-16,65.0,0.2,7940,110,56.055126953125,51,44.720001220703125,🚬菸屁股,HOLD,1
ASTS,2026-09-18,110.0,0.16,3539,110,107.22702636718753,23,62.0099983215332,🚬菸屁股,HOLD,1
JOBY,2026-09-18,10.0,0.02,21454,110,71.0940390625,23,7.21999979019165,🚬菸屁股,HOLD,1
JOBY,2026-11-20,12.0,0.16,1810,110,79.101771484375,86,7.21999979019165,🚬菸屁股,HOLD,1
SMR,2026-11-20,13.0,0.84,2355,110,94.726615234375,86,9.8100004196167,🚬菸屁股,HOLD,1
AMZN,2026-09-18,410.0,0.01,1264,110,51.562984375,23,261.05999755859375,🚬菸屁股,HOLD,1
ACHR,2027-01-15,8.0,0.6,17229,109,82.51970605468748,142,5.960000038146973,🚬菸屁股,HOLD,1
ACHR,2027-01-15,20.0,0.09,25258,108,107.03171484375002,142,5.960000038146973,🚬菸屁股,HOLD,1
TSLA,2026-12-18,800.0,0.8,10270,107,64.99058447265625,114,350.25,🆕低基期(前日Vol3) 🚬菸屁股,HOLD,1
MSTR,2027-01-15,500.0,0.8,8130,107,99.31641308593751,142,126.83000183105469,🚬菸屁股,HOLD,1
IBIT,2027-01-15,135.0,0.11,12694,107,75.00025000000001,142,44.720001220703125,🚬菸屁股,HOLD,1
SOFI,2026-12-18,35.0,0.18,14551,106,64.25816992187501,114,19.0,🚬菸屁股,HOLD,1
CRM,2026-09-18,420.0,0.01,901,106,89.062609375,23,205.69000244140625,🚬菸屁股,HOLD,1
NVDA,2026-10-16,290.0,0.45,9752,105,42.82283740234375,51,213.0500030517578,🚬菸屁股,HOLD,1
NVDA,2028-01-21,280.0,23.6,8491,105,44.00538172912597,513,213.0500030517578,🔭LEAPS,HOLD,1
SOFI,2026-11-20,33.0,0.13,1548,104,64.648791015625,86,19.0,🚬菸屁股,HOLD,1
SOFI,2028-06-16,32.0,3.25,12583,104,64.40465283203125,660,19.0,🔭LEAPS,HOLD,1
PCG,2026-10-16,25.0,0.1,23025,104,50.586431640624994,51,18.360000610351562,🚬菸屁股,HOLD,1
OKLO,2028-01-21,100.0,8.8,4738,103,91.02792175292969,513,44.27000045776367,🔭LEAPS,HOLD,1
RGTI,2026-10-16,26.0,0.34,2289,103,89.94150683593749,51,16.940000534057617,🚬菸屁股,HOLD,1
IBIT,2026-11-20,90.0,0.14,6006,102,68.94562304687501,86,44.720001220703125,🚬菸屁股,HOLD,1
PLTR,2028-01-21,210.0,40.1,9176,102,61.40785662841797,513,172.72999572753906,🔭LEAPS,HOLD,1
IONQ,2026-10-16,55.0,0.3,1017,102,12.500875,51,42.04999923706055,🚬菸屁股,HOLD,1
DKNG,2026-09-18,50.0,0.01,3183,102,114.0629296875,23,25.790000915527344,🚬菸屁股,HOLD,1
PACB,2027-01-15,1.0,0.64,2257,101,73.437765625,142,1.5199999809265137,🆕低基期(前日Vol1) 🚬菸屁股,HOLD,1
NFLX,2028-01-21,130.0,5.6,6863,101,44.45245977783203,513,82.2300033569336,🔭LEAPS,HOLD,1
AAPL,2027-01-15,600.0,0.02,12087,100,35.352208984375,142,309.8999938964844,🆕低基期(前日Vol1) 🚬菸屁股,HOLD,1
IBIT,2027-01-15,68.0,0.8,8071,100,51.025880371093756,142,44.720001220703125,🚬菸屁股,HOLD,1
INTC,2026-09-18,160.0,0.05,7489,100,92.9688203125,23,87.4800033569336,🚬菸屁股,HOLD,1
SOFI,2026-12-18,27.0,0.58,2531,100,59.96133789062501,114,19.0,🚬菸屁股,HOLD,1
LUNR,2026-12-18,32.0,0.99,1049,100,104.49266503906252,114,16.600000381469727,🚬菸屁股,HOLD,1
WMT,2027-01-15,195.0,0.04,7946,100,47.41263525390625,142,105.37999725341797,🚬菸屁股,HOLD,1
NFLX,2026-09-18,152.0,0.03,1052,100,84.37515624999999,23,82.2300033569336,🚬菸屁股,HOLD,1
NFLX,2026-12-18,160.0,0.13,11120,100,53.71140039062501,114,82.2300033569336,🚬菸屁股,HOLD,1
NFLX,2028-01-21,240.0,0.75,2948,100,47.363807617187504,513,82.2300033569336,🔭LEAPS,HOLD,1
RGTI,2026-10-16,22.0,0.7,1527,100,84.179845703125,51,16.940000534057617,🚬菸屁股,HOLD,1
OPEN,2028-01-21,4.0,1.5,10994,99,99.60937890625,513,3.5999999046325684,🔭LEAPS,HOLD,1
ASTS,2026-11-20,190.0,0.35,2870,98,113.28168359375002,86,62.0099983215332,🚬菸屁股,HOLD,1
SMCI,2027-01-15,105.0,0.55,12426,97,90.38095556640626,142,38.459999084472656,🚬菸屁股,HOLD,1
HIMS,2026-09-18,38.0,0.67,1467,97,74.60962890625001,23,31.75,🚬菸屁股,HOLD,1
PATH,2027-01-15,27.0,0.83,4944,96,81.445498046875,142,16.65999984741211,🚬菸屁股,HOLD,1
TSLA,2026-12-18,990.0,0.42,19154,94,72.87624780273438,114,350.25,🚬菸屁股,HOLD,1
ONDS,2026-11-20,11.0,0.61,871,94,89.94150683593749,86,8.239999771118164,🚬菸屁股,HOLD,1
SMR,2026-11-20,15.0,0.58,2725,94,95.41020214843749,86,9.8100004196167,🚬菸屁股,HOLD,1
WMT,2026-10-16,125.0,0.22,5975,94,27.246821289062495,51,105.37999725341797,🚬菸屁股,HOLD,1
GOOGL,2026-09-18,740.0,0.04,874,93,95.70316796875,23,346.9599914550781,🚬菸屁股,HOLD,1
GOOGL,2026-12-18,575.0,0.26,972,93,41.28476684570312,114,346.9599914550781,🚬菸屁股,HOLD,1
UPST,2028-01-21,105.0,2.0,1115,92,78.39377075195313,513,30.579999923706055,🔭LEAPS,HOLD,1
SOFI,2028-06-16,47.0,1.91,18798,92,65.43003320312502,660,19.0,🔭LEAPS,HOLD,1
PCG,2027-01-15,20.0,0.99,9358,92,37.5982802734375,142,18.360000610351562,🚬菸屁股,HOLD,1
GOOGL,2026-09-18,610.0,0.04,3513,92,75.195560546875,23,346.9599914550781,🚬菸屁股,HOLD,1
JPM,2026-09-18,400.0,0.1,1652,92,24.292749267578124,23,356.69000244140625,🚬菸屁股,HOLD,1
SMCI,2026-12-18,96.0,0.75,997,91,92.33406103515625,114,38.459999084472656,🚬菸屁股,HOLD,1
SOFI,2026-09-18,26.0,0.03,2007,91,58.5941640625,23,19.0,🚬菸屁股,HOLD,1
MSTR,2026-12-18,500.0,0.47,7437,90,103.32079589843752,114,126.83000183105469,🚬菸屁股,HOLD,1
DKNG,2026-09-18,30.0,0.18,16681,90,50.39112109375,23,25.790000915527344,🚬菸屁股,HOLD,1
MSTR,2027-01-15,1080.0,0.1,12105,89,114.0629296875,142,126.83000183105469,🚬菸屁股,HOLD,1
PACB,2027-01-15,5.0,0.05,3385,89,104.68797656250001,142,1.5199999809265137,🚬菸屁股,HOLD,1
ACHR,2028-01-21,3.0,3.65,4250,89,95.70316796875,513,5.960000038146973,🆕低基期(前日Vol12) 🔭LEAPS,HOLD,1
SOFI,2028-06-16,15.0,8.25,21616,88,67.87141503906251,660,19.0,🔭LEAPS,HOLD,1
TDOC,2027-01-15,10.0,0.2,10809,88,68.7503125,142,6.190000057220459,🚬菸屁股,HOLD,1
ONDS,2026-11-20,12.0,0.51,1100,88,90.62509374999999,86,8.239999771118164,🚬菸屁股,HOLD,1
SMCI,2028-01-21,60.0,9.79,6521,87,84.81460498046874,513,38.459999084472656,🆕低基期(前日Vol5) 🔭LEAPS,HOLD,1
ONDS,2026-09-18,18.0,0.02,10600,87,129.6878515625,23,8.239999771118164,🚬菸屁股,HOLD,1
LUNR,2026-09-18,28.0,0.07,1203,87,119.3363408203125,23,16.600000381469727,🚬菸屁股,HOLD,1
RGTI,2026-09-18,19.0,0.61,2550,87,77.0510107421875,23,16.940000534057617,🚬菸屁股,HOLD,1
INTC,2028-01-21,120.0,20.15,5854,86,72.36660934448241,513,87.4800033569336,🔭LEAPS,HOLD,1
AAPL,2026-09-18,400.0,0.02,12851,85,36.524072265625,23,309.8999938964844,🚬菸屁股,HOLD,1
IBIT,2028-01-21,80.0,3.65,6209,85,52.93015820312501,513,44.720001220703125,🔭LEAPS,HOLD,1
GOOGL,2026-09-18,600.0,0.05,15618,85,71.0940390625,23,346.9599914550781,🚬菸屁股,HOLD,1
RKLB,2028-01-21,150.0,10.46,3536,84,82.20232641601561,513,66.91000366210938,🔭LEAPS,HOLD,1
SOFI,2028-01-21,18.0,6.0,10462,84,65.01499829101563,513,19.0,🔭LEAPS,HOLD,1
CRWD,2026-09-18,240.0,0.8,1020,84,62.01209863281252,23,185.3800048828125,🚬菸屁股,HOLD,1
SMR,2026-11-20,18.0,0.33,1201,82,99.31641308593751,86,9.8100004196167,🚬菸屁股,HOLD,1
NFLX,2028-01-21,180.0,2.0,3042,82,46.973186523437505,513,82.2300033569336,🔭LEAPS,HOLD,1
DKNG,2028-01-21,65.0,0.96,4647,81,56.39692041015626,513,25.790000915527344,🆕低基期(前日Vol1) 🔭LEAPS,HOLD,1
SMR,2026-09-18,14.0,0.11,1255,81,96.0937890625,23,9.8100004196167,🚬菸屁股,HOLD,1
U,2026-09-18,50.0,0.86,3207,80,51.36767382812499,23,44.9900016784668,🚬菸屁股,HOLD,1
TDOC,2026-10-16,7.0,0.22,1865,80,53.51608984375,51,6.190000057220459,🚬菸屁股,HOLD,1
CRWV,2027-01-15,270.0,0.77,2758,80,88.96495410156248,142,88.04000091552734,🚬菸屁股,HOLD,1
MNST,2026-09-18,52.5,0.17,1966,80,26.367923828125,23,48.72999954223633,🚬菸屁股,HOLD,1
RGTI,2028-01-21,85.0,1.61,2322,80,99.36524072265625,513,16.940000534057617,🔭LEAPS,HOLD,1
WMT,2028-01-21,120.0,10.35,3797,79,32.605654418945306,513,105.37999725341797,🔭LEAPS,HOLD,1
RGTI,2028-01-21,30.0,4.5,2217,79,93.18854467773438,513,16.940000534057617,🔭LEAPS,HOLD,1
INTC,2028-01-21,80.0,31.8,10820,78,74.68897381591798,513,87.4800033569336,🔭LEAPS,HOLD,1
SOFI,2026-09-18,30.0,0.01,23240,78,75.00025000000001,23,19.0,🚬菸屁股,HOLD,1
SOFI,2028-01-21,40.0,1.75,16788,78,64.062859375,513,19.0,🔭LEAPS,HOLD,1
NFLX,2027-01-15,120.0,0.76,25385,78,40.84531811523438,142,82.2300033569336,🚬菸屁股,HOLD,1
SOFI,2026-11-20,35.0,0.09,1479,77,64.062859375,86,19.0,🚬菸屁股,HOLD,1
ONDS,2027-01-15,25.0,0.15,16076,77,107.61764941406251,142,8.239999771118164,🆕低基期(前日Vol14) 🚬菸屁股,HOLD,1
SMR,2026-11-20,25.0,0.11,2739,77,110.9379453125,86,9.8100004196167,🆕低基期(前日Vol13) 🚬菸屁股,HOLD,1
NFLX,2028-06-16,210.0,2.05,5203,77,45.831840515136726,660,82.2300033569336,🔭LEAPS,HOLD,1
ASTS,2026-09-18,105.0,0.21,1637,75,106.64109179687502,23,62.0099983215332,🚬菸屁股,HOLD,1
SOFI,2027-01-15,40.0,0.14,27478,75,64.25816992187501,142,19.0,🚬菸屁股,HOLD,1
IREN,2026-12-18,130.0,0.69,998,75,108.49655126953124,114,42.209999084472656,🚬菸屁股,HOLD,1
RGTI,2026-10-16,25.0,0.4,1563,75,88.86729882812499,51,16.940000534057617,🚬菸屁股,HOLD,1
KTOS,2026-09-18,70.0,0.2,894,74,63.281617187500004,23,52.63999938964844,🚬菸屁股,HOLD,1
RDDT,2026-09-18,220.0,0.33,2553,74,59.08244042968751,23,162.4499969482422,🚬菸屁股,HOLD,1
NFLX,2026-10-16,115.0,0.12,4181,74,43.066975585937506,51,82.2300033569336,🚬菸屁股,HOLD,1
ARM,2026-09-18,350.0,0.8,2489,74,76.41625146484375,23,241.55999755859375,🚬菸屁股,HOLD,1
CRSP,2026-09-18,75.0,0.75,1010,73,67.57844921875001,23,60.900001525878906,🚬菸屁股,HOLD,1
AMZN,2026-10-16,330.0,0.37,5308,73,32.37372314453124,51,261.05999755859375,🚬菸屁股,HOLD,1
TSLA,2026-09-18,600.0,0.15,10698,72,78.6134951171875,23,350.25,🚬菸屁股,HOLD,1
RKLB,2026-10-16,115.0,0.55,2756,72,85.30288134765625,51,66.91000366210938,🚬菸屁股,HOLD,1
RGTI,2027-01-15,40.0,0.57,4685,72,96.97268652343749,142,16.940000534057617,🚬菸屁股,HOLD,1
VST,2026-09-18,190.0,0.09,9503,71,59.6683720703125,23,139.02999877929688,🆕低基期(前日Vol1) 🚬菸屁股,HOLD,1
IONQ,2026-09-18,65.0,0.19,2311,71,92.9688203125,23,42.04999923706055,🚬菸屁股,HOLD,1
SOFI,2027-01-15,47.0,0.08,21667,71,67.773759765625,142,19.0,🚬菸屁股,HOLD,1
ZM,2026-09-18,140.0,0.25,1098,71,68.06672558593752,23,100.91999816894531,🆕低基期(前日Vol6) 🚬菸屁股,HOLD,1
LUNR,2026-09-18,26.0,0.1,1620,71,102.73486132812502,23,16.600000381469727,🚬菸屁股,HOLD,1
SMR,2028-01-21,15.0,3.25,7127,71,100.83057397460936,513,9.8100004196167,🔭LEAPS,HOLD,1
TSLA,2027-01-15,950.0,0.76,16879,70,67.2122419433594,142,350.25,🆕低基期(前日Vol3) 🚬菸屁股,HOLD,1
OKLO,2027-01-15,260.0,0.19,5269,70,113.67230664062502,142,44.27000045776367,🆕低基期(前日Vol13) 🚬菸屁股,HOLD,1
ACHR,2027-01-15,25.0,0.07,22980,70,114.0629296875,142,5.960000038146973,🆕低基期(前日Vol6) 🚬菸屁股,HOLD,1
NFLX,2027-01-15,230.0,0.05,2783,70,74.85376708984376,142,82.2300033569336,🚬菸屁股,HOLD,1
AAPL,2028-01-21,300.0,55.63,20947,69,35.64822653198242,513,309.8999938964844,🔭LEAPS,HOLD,1
OKLO,2026-10-16,75.0,0.69,1230,69,96.0937890625,51,44.27000045776367,🚬菸屁股,HOLD,1
RKLB,2026-09-18,140.0,0.04,4015,69,105.46922265625001,23,66.91000366210938,🚬菸屁股,HOLD,1
ONDS,2026-09-18,14.0,0.04,7257,69,110.15669921875002,23,8.239999771118164,🚬菸屁股,HOLD,1
GOOGL,2026-09-18,425.0,0.25,7141,69,38.184211914062494,23,346.9599914550781,🚬菸屁股,HOLD,1
SOFI,2026-10-16,30.0,0.06,5473,68,61.71913281250001,51,19.0,🚬菸屁股,HOLD,1
NBIS,2026-09-18,440.0,0.21,4383,68,110.54732226562503,23,221.97000122070312,🚬菸屁股,HOLD,1
HOOD,2026-09-18,155.0,0.35,2166,68,73.04714453125,23,112.08999633789062,🚬菸屁股,HOLD,1
SMR,2026-11-20,17.0,0.39,1487,68,97.6562734375,86,9.8100004196167,🚬菸屁股,HOLD,1
LUNR,2026-09-18,32.0,0.06,807,67,118.75040625,23,16.600000381469727,🚬菸屁股,HOLD,1
LUNR,2026-09-18,34.0,0.03,850,67,123.43788281249999,23,16.600000381469727,🚬菸屁股,HOLD,1
JOBY,2028-01-21,5.0,3.8,5026,67,88.81847119140623,513,7.21999979019165,🔭LEAPS,HOLD,1
SBUX,2026-10-16,120.0,0.6,2530,67,28.15013256835937,51,105.76000213623047,🚬菸屁股,HOLD,1
IBIT,2027-01-15,65.0,0.98,17292,66,50.07374145507812,142,44.720001220703125,🚬菸屁股,HOLD,1
HOOD,2026-09-18,160.0,0.32,1987,66,72.7541787109375,23,112.08999633789062,🆕低基期(前日Vol14) 🚬菸屁股,HOLD,1
HIMS,2026-09-18,50.0,0.09,3051,66,91.4063359375,23,31.75,🚬菸屁股,HOLD,1
HIMS,2026-12-18,105.0,0.25,1411,66,106.25046875000001,114,31.75,🆕低基期(前日Vol8) 🚬菸屁股,HOLD,1
ONDS,2026-11-20,14.0,0.32,904,66,92.187578125,86,8.239999771118164,🆕低基期(前日Vol14) 🚬菸屁股,HOLD,1
WMT,2027-01-15,135.0,0.76,16987,66,28.504132934570304,142,105.37999725341797,🚬菸屁股,HOLD,1
SBUX,2028-01-21,120.0,11.3,1338,66,38.3795224609375,513,105.76000213623047,🔭LEAPS,HOLD,1
PLTR,2027-01-15,410.0,0.37,11008,65,59.4730615234375,142,172.72999572753906,🚬菸屁股,HOLD,1
OPEN,2026-11-20,10.0,0.04,8208,65,112.5004375,86,3.5999999046325684,🆕低基期(前日Vol1) 🚬菸屁股,HOLD,1
JOBY,2027-01-15,15.0,0.18,11068,65,82.0314296875,142,7.21999979019165,🚬菸屁股,HOLD,1
WMT,2028-01-21,195.0,0.98,3033,65,30.92110095214844,513,105.37999725341797,🔭LEAPS,HOLD,1
RGTI,2028-01-21,25.0,5.2,2630,65,92.45613012695313,513,16.940000534057617,🔭LEAPS,HOLD,1
NVDA,2026-09-18,390.0,0.01,8239,63,68.7503125,23,213.0500030517578,🆕低基期(前日Vol10) 🚬菸屁股,HOLD,1
CRWV,2026-09-18,150.0,0.1,13614,63,88.2813671875,23,88.04000091552734,🚬菸屁股,HOLD,1
IBIT,2027-01-15,85.0,0.34,17857,62,57.617611328124994,142,44.720001220703125,🆕低基期(前日Vol4) 🚬菸屁股,HOLD,1
SMCI,2028-01-21,50.0,11.9,4719,62,86.0352958984375,513,38.459999084472656,🆕低基期(前日Vol19) 🔭LEAPS,HOLD,1
RKLB,2027-01-15,210.0,0.61,2180,62,90.3321279296875,142,66.91000366210938,🚬菸屁股,HOLD,1
ASTS,2026-11-20,150.0,0.76,5156,62,102.34423828125001,86,62.0099983215332,🚬菸屁股,HOLD,1
U,2028-01-21,75.0,7.25,4776,62,68.4695535888672,513,44.9900016784668,🆕低基期(前日Vol15) 🔭LEAPS,HOLD,1
LUNR,2026-09-18,23.0,0.23,2007,62,96.0937890625,23,16.600000381469727,🚬菸屁股,HOLD,1
GOOGL,2028-01-21,690.0,10.9,2942,62,39.11804046630859,513,346.9599914550781,🔭LEAPS,HOLD,1
MSTR,2028-01-21,200.0,32.0,6677,61,84.03946624755858,513,126.83000183105469,🔭LEAPS,HOLD,1
SOFI,2028-06-16,20.0,6.24,27164,61,66.47982739257814,660,19.0,🔭LEAPS,HOLD,1
ONDS,2026-09-18,15.0,0.03,15222,61,112.5004375,23,8.239999771118164,🚬菸屁股,HOLD,1
RKLB,2026-09-18,105.0,0.16,1890,60,86.914193359375,23,66.91000366210938,🚬菸屁股,HOLD,1
SOFI,2026-12-18,32.0,0.25,3964,60,62.305064453125006,114,19.0,🆕低基期(前日Vol12) 🚬菸屁股,HOLD,1
SOFI,2028-01-21,10.0,10.47,4470,60,81.98260205078124,513,19.0,🔭LEAPS,HOLD,1
JOBY,2027-01-15,17.0,0.12,6273,60,85.35170898437501,142,7.21999979019165,🆕低基期(前日Vol16) 🚬菸屁股,HOLD,1
PCG,2028-01-21,20.0,2.34,15570,60,37.23207299804688,513,18.360000610351562,🔭LEAPS,HOLD,1
GOOGL,2026-09-18,640.0,0.03,2028,60,75.39087109375001,23,346.9599914550781,🚬菸屁股,HOLD,1
IBIT,2028-06-16,40.0,15.8,6193,59,59.52188916015625,660,44.720001220703125,🔭LEAPS,HOLD,1
PATH,2028-01-21,37.0,2.09,5747,59,75.51294018554688,513,16.65999984741211,🔭LEAPS,HOLD,1
OPEN,2026-12-18,4.0,0.56,2469,59,87.89074609375,114,3.5999999046325684,🚬菸屁股,HOLD,1
HIMS,2026-09-18,45.0,0.16,1747,59,84.57046679687498,23,31.75,🚬菸屁股,HOLD,1
SMR,2027-01-15,30.0,0.21,5719,59,106.44578027343752,142,9.8100004196167,🆕低基期(前日Vol14) 🚬菸屁股,HOLD,1
JOBY,2027-01-15,20.0,0.07,13438,58,86.7188828125,142,7.21999979019165,🚬菸屁股,HOLD,1
SMR,2028-01-21,5.0,6.2,1908,58,101.7583037109375,513,9.8100004196167,🆕低基期(前日Vol7) 🔭LEAPS,HOLD,1
SMR,2028-01-21,85.0,0.57,4556,58,109.76607617187501,513,9.8100004196167,🔭LEAPS,HOLD,1
NVDA,2028-01-21,350.0,12.0,28516,57,43.36604486083985,513,213.0500030517578,🔭LEAPS,HOLD,1
LUNR,2026-09-18,19.0,0.69,1050,57,95.11723632812499,23,16.600000381469727,🚬菸屁股,HOLD,1
NFLX,2026-12-18,111.0,0.93,1893,57,40.28380029296875,114,82.2300033569336,🚬菸屁股,HOLD,1
RGTI,2026-10-16,21.0,0.89,1672,57,87.10950390625,51,16.940000534057617,🚬菸屁股,HOLD,1
RGTI,2026-11-20,30.0,0.58,1482,57,95.21489160156248,86,16.940000534057617,🚬菸屁股,HOLD,1
TDOC,2028-01-21,12.0,0.9,1137,56,70.55693505859377,513,6.190000057220459,🔭LEAPS,HOLD,1
JOBY,2026-10-16,14.0,0.03,1841,56,87.500125,51,7.21999979019165,🚬菸屁股,HOLD,1
SMR,2026-11-20,20.0,0.22,5102,56,99.9023447265625,86,9.8100004196167,🚬菸屁股,HOLD,1
WMT,2026-09-18,165.0,0.04,1863,56,77.73459765625,23,105.37999725341797,🚬菸屁股,HOLD,1
WMT,2027-01-15,150.0,0.26,4874,56,30.884480224609373,142,105.37999725341797,🚬菸屁股,HOLD,1
GOOGL,2026-09-18,630.0,0.03,2315,56,73.82838671875,23,346.9599914550781,🚬菸屁股,HOLD,1
GOOGL,2026-09-18,650.0,0.15,835,56,91.211025390625,23,346.9599914550781,🚬菸屁股,HOLD,1
NVDA,2028-01-21,240.0,34.5,9859,55,44.977356872558595,513,213.0500030517578,🔭LEAPS,HOLD,1
MSFT,2026-12-18,625.0,3.29,102317,55,31.17744604492187,114,491.7099914550781,🔥萬人塚 🏛️機構場,HOLD,1
ASTS,2026-09-18,120.0,0.18,3189,55,121.68007910156248,23,62.0099983215332,🚬菸屁股,HOLD,1
PACB,2026-12-18,2.0,0.16,1526,55,94.14068359375,114,1.5199999809265137,🆕低基期(前日Vol2) 🚬菸屁股,HOLD,1
LUNR,2026-09-18,25.0,0.14,2618,55,106.25046875000001,23,16.600000381469727,🚬菸屁股,HOLD,1
LUNR,2026-09-18,30.0,0.07,3101,55,116.01604492187501,23,16.600000381469727,🚬菸屁股,HOLD,1
SMR,2027-01-15,25.0,0.33,7245,55,102.73486132812502,142,9.8100004196167,🚬菸屁股,HOLD,1
AMZN,2026-09-18,350.0,0.03,19152,55,42.188078125,23,261.05999755859375,🚬菸屁股,HOLD,1
GOOGL,2026-09-18,415.0,0.29,4388,55,34.961587890625,23,346.9599914550781,🚬菸屁股,HOLD,1
NVDA,2028-01-21,210.0,46.75,9844,54,46.265185791015625,513,213.0500030517578,🔭LEAPS,HOLD,1
APP,2026-09-18,450.0,0.25,1220,54,63.47692773437501,23,310.5400085449219,🚬菸屁股,HOLD,1
CRWD,2026-09-18,255.0,0.41,3011,54,65.96713720703126,23,185.3800048828125,🚬菸屁股,HOLD,1
NFLX,2026-09-18,108.0,0.03,2166,54,45.117736328125005,23,82.2300033569336,🚬菸屁股,HOLD,1
AMZN,2027-01-15,400.0,0.79,1113,54,36.133451171874995,142,261.05999755859375,🆕低基期(前日Vol18) 🚬菸屁股,HOLD,1
NVDA,2028-01-21,310.0,17.42,10328,53,43.420975952148446,513,213.0500030517578,🔭LEAPS,HOLD,1
UPST,2026-09-18,62.5,0.01,799,53,125.78162109374999,23,30.579999923706055,🆕低基期(前日Vol2) 🚬菸屁股,HOLD,1
SOFI,2028-06-16,35.0,2.91,9863,53,63.391479370117196,660,19.0,🔭LEAPS,HOLD,1
KTOS,2026-09-18,65.0,0.45,990,53,62.69568554687501,23,52.63999938964844,🚬菸屁股,HOLD,1
SMR,2028-01-21,30.0,1.75,3382,53,102.10009887695315,513,9.8100004196167,🔭LEAPS,HOLD,1
CRWV,2026-10-16,195.0,0.15,7459,53,88.86729882812499,51,88.04000091552734,🚬菸屁股,HOLD,1
NFLX,2028-01-21,150.0,3.5,6065,53,45.398495239257805,513,82.2300033569336,🔭LEAPS,HOLD,1
IBIT,2027-01-15,80.0,0.41,25169,52,55.322712402343754,142,44.720001220703125,🚬菸屁股,HOLD,1
RKLB,2026-10-16,125.0,0.36,4837,52,88.67198828125,51,66.91000366210938,🚬菸屁股,HOLD,1
RKLB,2026-09-18,150.0,0.03,4957,51,111.71919140624999,23,66.91000366210938,🚬菸屁股,HOLD,1
ASTS,2026-10-16,180.0,0.15,1321,51,125.29334228515623,51,62.0099983215332,🚬菸屁股,HOLD,1
ASTS,2027-01-15,190.0,0.86,6519,51,98.04689453125,142,62.0099983215332,🚬菸屁股,HOLD,1
SOFI,2026-12-18,28.0,0.49,10729,51,60.25430371093752,114,19.0,🚬菸屁股,HOLD,1
IREN,2026-09-18,85.0,0.13,4080,51,123.82850585937497,23,42.209999084472656,🚬菸屁股,HOLD,1
JOBY,2028-01-21,30.0,0.5,4798,51,88.5743330078125,513,7.21999979019165,🆕低基期(前日Vol13) 🔭LEAPS,HOLD,1
AMZN,2026-12-18,380.0,0.76,2198,51,36.07241662597656,114,261.05999755859375,🆕低基期(前日Vol13) 🚬菸屁股,HOLD,1
AMD,2026-09-18,650.0,0.69,8154,50,57.78850805664062,23,479.17999267578125,🚬菸屁股,HOLD,1
VST,2027-01-15,250.0,0.9,2736,50,51.8559501953125,142,139.02999877929688,🆕低基期(前日Vol1) 🚬菸屁股,HOLD,1
RKLB,2026-12-18,185.0,0.66,1678,50,94.18951123046875,114,66.91000366210938,🚬菸屁股,HOLD,1
U,2028-01-21,70.0,8.3,841,50,68.22541540527345,513,44.9900016784668,🔭LEAPS,HOLD,1
NTLA,2027-01-15,35.0,0.26,3856,50,89.84385156249999,142,13.510000228881836,🆕低基期(前日Vol13) 🚬菸屁股,HOLD,1
NTLA,2028-01-21,7.5,7.45,975,50,120.41055419921874,513,13.510000228881836,🔭LEAPS,HOLD,1
JOBY,2026-10-16,15.0,0.03,1701,50,92.187578125,51,7.21999979019165,🆕低基期(前日Vol4) 🚬菸屁股,HOLD,1
CRM,2026-09-18,330.0,0.02,821,50,74.31666308593749,23,205.69000244140625,🚬菸屁股,HOLD,1
NFLX,2027-01-15,124.0,0.54,2992,50,41.992767578125,142,82.2300033569336,🚬菸屁股,HOLD,1
NFLX,2027-01-15,135.0,0.35,3694,50,45.45952978515625,142,82.2300033569336,🚬菸屁股,HOLD,1
AMZN,2026-10-16,410.0,0.01,2726,50,46.973186523437505,51,261.05999755859375,🆕低基期(前日Vol1) 🚬菸屁股,HOLD,1
RGTI,2026-12-18,30.0,0.83,1310,50,93.60357958984375,114,16.940000534057617,🚬菸屁股,HOLD,1
IBIT,2026-09-18,95.0,0.02,8369,49,100.0005,23,44.720001220703125,🚬菸屁股,HOLD,1
IBIT,2028-06-16,50.0,11.91,8396,49,57.27581787109376,660,44.720001220703125,🔭LEAPS,HOLD,1
PACB,2028-01-21,1.0,0.9,763,49,104.68797656250001,513,1.5199999809265137,🆕低基期(前日Vol10) 🔭LEAPS,HOLD,1
MNST,2026-09-18,105.0,0.18,750,49,50.0005,23,48.72999954223633,🚬菸屁股,HOLD,1
OPEN,2026-11-20,7.0,0.11,4289,48,103.12548437500001,86,3.5999999046325684,🚬菸屁股,HOLD,1
NTLA,2028-01-21,15.0,5.5,2292,48,99.023447265625,513,13.510000228881836,🔭LEAPS,HOLD,1
JOBY,2028-01-21,12.0,1.73,9170,48,89.84385156249999,513,7.21999979019165,🔭LEAPS,HOLD,1
NFLX,2026-09-18,106.0,0.05,970,48,42.57869921875,23,82.2300033569336,🚬菸屁股,HOLD,1
GOOGL,2026-09-18,410.0,0.31,13020,48,34.22917333984374,23,346.9599914550781,🚬菸屁股,HOLD,1
NVDA,2028-01-21,230.0,38.21,14291,47,45.31457273864746,513,213.0500030517578,🔭LEAPS,HOLD,1
ASTS,2028-01-21,150.0,11.65,10823,47,92.21809539794923,513,62.0099983215332,🔭LEAPS,HOLD,1
NVDA,2028-01-21,190.0,56.36,8610,46,47.50113534545898,513,213.0500030517578,🔭LEAPS,HOLD,1
NNE,2026-09-18,25.0,0.28,1231,46,83.98453515624999,23,19.239999771118164,🚬菸屁股,HOLD,1
LRCX,2026-09-18,460.0,0.48,830,46,69.58038232421876,23,314.6600036621094,🚬菸屁股,HOLD,1
SOFI,2028-06-16,45.0,2.05,4746,45,64.47789428710936,660,19.0,🔭LEAPS,HOLD,1
IREN,2028-01-21,140.0,6.5,8413,45,99.1211025390625,513,42.209999084472656,🔭LEAPS,HOLD,1
ONDS,2028-01-21,12.0,2.79,14050,45,98.68165380859377,513,8.239999771118164,🔭LEAPS,HOLD,1
ACHR,2028-01-21,4.0,3.19,3708,45,99.023447265625,513,5.960000038146973,🔭LEAPS,HOLD,1
WMT,2026-09-18,160.0,0.02,1118,45,58.5941640625,23,105.37999725341797,🚬菸屁股,HOLD,1
NVDA,2028-01-21,220.0,42.64,9725,44,45.76317665100099,513,213.0500030517578,🔭LEAPS,HOLD,1
SMCI,2027-01-15,100.0,0.6,4938,44,90.23447265624999,142,38.459999084472656,🆕低基期(前日Vol1) 🚬菸屁股,HOLD,1
HIMS,2026-10-16,50.0,0.44,4592,44,86.0352958984375,51,31.75,🚬菸屁股,HOLD,1
WMT,2027-01-15,140.0,0.47,7079,44,28.613995117187496,142,105.37999725341797,🚬菸屁股,HOLD,1
NFLX,2026-12-18,120.0,0.48,7550,44,41.35800830078124,114,82.2300033569336,🚬菸屁股,HOLD,1
IBIT,2028-06-16,45.0,13.7,5231,43,58.6918193359375,660,44.720001220703125,🔭LEAPS,HOLD,1
RKLB,2028-01-21,160.0,9.8,1604,43,82.33049896240234,513,66.91000366210938,🔭LEAPS,HOLD,1
ONDS,2026-12-18,13.0,0.56,4105,43,93.0664755859375,114,8.239999771118164,🚬菸屁股,HOLD,1
SMR,2028-01-21,50.0,1.0,1542,43,102.58837768554687,513,9.8100004196167,🆕低基期(前日Vol2) 🔭LEAPS,HOLD,1
NFLX,2026-11-20,125.0,0.22,1878,43,45.313046875000005,86,82.2300033569336,🚬菸屁股,HOLD,1
IBIT,2026-12-18,65.0,0.69,5035,42,50.70850073242188,114,44.720001220703125,🚬菸屁股,HOLD,1
ASTS,2026-10-16,190.0,0.11,2412,42,128.7112939453125,51,62.0099983215332,🚬菸屁股,HOLD,1
JOBY,2028-01-21,15.0,1.3,9498,42,89.74619628906248,513,7.21999979019165,🔭LEAPS,HOLD,1
SMR,2027-01-15,45.0,0.1,1520,42,118.35978320312499,142,9.8100004196167,🚬菸屁股,HOLD,1
RDDT,2026-10-16,250.0,0.7,1187,42,62.15858154296876,51,162.4499969482422,🚬菸屁股,HOLD,1
WMT,2027-01-15,145.0,0.41,2929,42,31.86103295898437,142,105.37999725341797,🚬菸屁股,HOLD,1
NFLX,2026-09-18,138.0,0.02,2011,42,126.07458837890624,23,82.2300033569336,🚬菸屁股,HOLD,1
MSFT,2026-12-18,675.0,1.1,37417,41,30.64034204101562,114,491.7099914550781,🆕低基期(前日Vol2) 🔥萬人塚 🏛️機構場,HOLD,1
RKLB,2026-10-16,150.0,0.16,5237,41,95.70316796875,51,66.91000366210938,🚬菸屁股,HOLD,1
DKNG,2026-12-18,35.0,0.75,2928,41,53.22312402343749,114,25.790000915527344,🚬菸屁股,HOLD,1
NBIS,2026-09-18,400.0,0.39,3100,41,102.93017285156252,23,221.97000122070312,🚬菸屁股,HOLD,1
NBIS,2026-09-18,410.0,0.37,4306,41,105.56687841796877,23,221.97000122070312,🚬菸屁股,HOLD,1
ACHR,2028-01-21,12.0,1.22,5122,41,89.64854101562499,513,5.960000038146973,🆕低基期(前日Vol5) 🔭LEAPS,HOLD,1
UPST,2027-01-15,75.0,0.25,2727,40,79.1994267578125,142,30.579999923706055,🚬菸屁股,HOLD,1
SOFI,2026-11-20,27.0,0.4,2783,40,60.35195898437502,86,19.0,🚬菸屁股,HOLD,1
LUNR,2028-01-21,10.0,10.35,1143,40,101.85595947265624,513,16.600000381469727,🆕低基期(前日Vol2) 🔭LEAPS,HOLD,1
JOBY,2028-01-21,3.0,4.85,2257,40,97.26565234374999,513,7.21999979019165,🆕低基期(前日Vol4) 🔭LEAPS,HOLD,1
NFLX,2027-01-15,134.0,0.43,1098,40,47.7544287109375,142,82.2300033569336,🚬菸屁股,HOLD,1
RGTI,2028-01-21,27.0,4.95,816,40,94.6289599609375,513,16.940000534057617,🔭LEAPS,HOLD,1
OKLO,2026-10-16,95.0,0.32,2203,39,108.7895185546875,51,44.27000045776367,🚬菸屁股,HOLD,1
OKLO,2027-01-15,140.0,0.63,935,39,104.15086987304689,142,44.27000045776367,🚬菸屁股,HOLD,1
VST,2026-09-18,175.0,0.24,10981,39,47.41263525390625,23,139.02999877929688,🚬菸屁股,HOLD,1
PCG,2026-12-18,25.0,0.17,14084,39,41.1138701171875,114,18.360000610351562,🚬菸屁股,HOLD,1
NFLX,2026-12-18,112.0,0.7,1377,39,40.67442138671875,114,82.2300033569336,🚬菸屁股,HOLD,1
RGTI,2026-09-18,23.0,0.16,2796,39,84.37515624999999,23,16.940000534057617,🚬菸屁股,HOLD,1
OPEN,2027-01-15,8.0,0.17,3403,38,101.172369140625,142,3.5999999046325684,🚬菸屁股,HOLD,1
JOBY,2026-11-20,11.0,0.22,812,38,79.29708203125,86,7.21999979019165,🚬菸屁股,HOLD,1
CRWV,2027-01-15,280.0,0.59,18360,38,90.1368173828125,142,88.04000091552734,🚬菸屁股,HOLD,1
RDDT,2026-09-18,210.0,0.58,1446,38,59.10685424804689,23,162.4499969482422,🆕低基期(前日Vol10) 🚬菸屁股,HOLD,1
AMZN,2026-10-16,315.0,0.78,3552,38,31.519239501953116,51,261.05999755859375,🚬菸屁股,HOLD,1
MSFT,2026-12-18,575.0,8.6,131400,37,30.884480224609373,114,491.7099914550781,🔥萬人塚 🏛️機構場,HOLD,1
IBIT,2026-12-18,75.0,0.37,10425,37,55.078574218750006,114,44.720001220703125,🚬菸屁股,HOLD,1
RKLB,2026-10-16,130.0,0.34,2241,37,95.16606396484374,51,66.91000366210938,🚬菸屁股,HOLD,1
RKLB,2026-10-16,135.0,0.32,1205,37,93.164130859375,51,66.91000366210938,🚬菸屁股,HOLD,1
RKLB,2026-12-18,200.0,0.41,961,37,96.77737597656251,114,66.91000366210938,🚬菸屁股,HOLD,1
ACHR,2027-01-15,13.0,0.19,4816,37,89.84385156249999,142,5.960000038146973,🆕低基期(前日Vol5) 🚬菸屁股,HOLD,1
SMR,2028-01-21,8.0,4.86,5190,37,98.82813671875,513,9.8100004196167,🔭LEAPS,HOLD,1
JPM,2026-09-18,390.0,0.31,1220,37,19.751779052734374,23,356.69000244140625,🚬菸屁股,HOLD,1
VST,2026-09-18,170.0,0.37,3585,36,46.436082519531254,23,139.02999877929688,🚬菸屁股,HOLD,1
SOFI,2028-06-16,30.0,3.66,21467,36,64.20934228515625,660,19.0,🔭LEAPS,HOLD,1
HOOD,2026-10-16,180.0,0.7,2326,36,71.82645361328125,51,112.08999633789062,🚬菸屁股,HOLD,1
OPEN,2028-01-21,2.0,2.13,2501,36,90.23447265624999,513,3.5999999046325684,🔭LEAPS,HOLD,1
ONDS,2026-10-16,13.0,0.15,1713,36,84.179845703125,51,8.239999771118164,🚬菸屁股,HOLD,1
NNE,2027-01-15,50.0,0.35,2821,36,87.40246972656249,142,19.239999771118164,🆕低基期(前日Vol11) 🚬菸屁股,HOLD,1
RGTI,2026-09-18,24.0,0.13,3990,36,87.10950390625,23,16.940000534057617,🚬菸屁股,HOLD,1
RGTI,2028-01-21,20.0,6.32,4283,36,93.09088940429689,513,16.940000534057617,🔭LEAPS,HOLD,1
NVDA,2028-06-16,300.0,26.0,6121,35,44.67218414306641,660,213.0500030517578,🔭LEAPS,HOLD,1
OKLO,2027-01-15,250.0,0.25,1384,35,115.4301103515625,142,44.27000045776367,🆕低基期(前日Vol6) 🚬菸屁股,HOLD,1
NTLA,2026-09-18,17.0,0.3,1950,35,83.59391406249999,23,13.510000228881836,🚬菸屁股,HOLD,1
ONDS,2026-12-18,17.0,0.25,1791,35,98.63282617187501,114,8.239999771118164,🚬菸屁股,HOLD,1
LUNR,2028-01-21,17.0,8.0,1028,35,111.57270776367186,513,16.600000381469727,🔭LEAPS,HOLD,1
JOBY,2026-10-16,12.0,0.04,2370,35,76.562734375,51,7.21999979019165,🚬菸屁股,HOLD,1
CRWV,2026-09-18,170.0,0.05,5517,35,95.312546875,23,88.04000091552734,🆕低基期(前日Vol2) 🚬菸屁股,HOLD,1
PCG,2026-12-18,20.0,0.95,18233,35,39.649041015625,114,18.360000610351562,🚬菸屁股,HOLD,1
CRWD,2026-09-18,300.0,0.1,2147,35,83.59391406249999,23,185.3800048828125,🚬菸屁股,HOLD,1
AMZN,2026-10-16,380.0,0.04,6240,35,36.7193828125,51,261.05999755859375,🚬菸屁股,HOLD,1
RGTI,2027-01-15,50.0,0.36,10156,35,103.32079589843752,142,16.940000534057617,🚬菸屁股,HOLD,1
TSLA,2028-01-21,990.0,9.85,6114,34,56.43201527404786,513,350.25,🔭LEAPS,HOLD,1
INTC,2026-11-20,170.0,0.75,7116,34,77.3439765625,86,87.4800033569336,🚬菸屁股,HOLD,1
RKLB,2026-09-18,155.0,0.02,1465,34,127.73473632812498,23,66.91000366210938,🆕低基期(前日Vol5) 🚬菸屁股,HOLD,1
PATH,2028-01-21,20.0,4.72,7856,34,75.195560546875,513,16.65999984741211,🆕低基期(前日Vol10) 🔭LEAPS,HOLD,1
PATH,2028-01-21,30.0,2.89,6341,34,73.633076171875,513,16.65999984741211,🔭LEAPS,HOLD,1
RKLB,2026-09-18,110.0,0.19,2267,33,89.84385156249999,23,66.91000366210938,🚬菸屁股,HOLD,1
SOFI,2026-10-16,35.0,0.04,6548,33,71.48466015625,51,19.0,🚬菸屁股,HOLD,1
ONDS,2026-11-20,10.0,0.81,1624,33,87.89074609375,86,8.239999771118164,🚬菸屁股,HOLD,1
LUNR,2026-09-18,24.0,0.17,1766,33,97.6562734375,23,16.600000381469727,🚬菸屁股,HOLD,1
SMR,2026-11-20,19.0,0.24,952,33,101.3676806640625,86,9.8100004196167,🚬菸屁股,HOLD,1
SMR,2027-01-15,40.0,0.13,7432,33,116.60197949218751,142,9.8100004196167,🆕低基期(前日Vol1) 🚬菸屁股,HOLD,1
NVDA,2026-09-18,320.0,0.05,8250,32,58.00823242187501,23,213.0500030517578,🚬菸屁股,HOLD,1
RKLB,2026-09-18,210.0,0.02,774,32,143.75028125,23,66.91000366210938,🚬菸屁股,HOLD,1
DKNG,2026-09-18,32.5,0.06,2912,32,50.19581054687501,23,25.790000915527344,🚬菸屁股,HOLD,1
PATH,2028-01-21,10.0,8.75,6225,32,70.55693505859377,513,16.65999984741211,🔭LEAPS,HOLD,1
PATH,2028-01-21,15.0,6.43,7837,32,77.80783911132812,513,16.65999984741211,🔭LEAPS,HOLD,1
SMR,2027-01-15,22.0,0.4,3034,32,99.804689453125,142,9.8100004196167,🆕低基期(前日Vol8) 🚬菸屁股,HOLD,1
APP,2026-09-18,470.0,0.25,1223,32,65.820654296875,23,310.5400085449219,🆕低基期(前日Vol7) 🚬菸屁股,HOLD,1
GOOGL,2026-09-18,395.0,0.6,2989,32,30.99434240722656,23,346.9599914550781,🚬菸屁股,HOLD,1
GOOGL,2026-09-18,475.0,0.26,2394,32,55.37154003906251,23,346.9599914550781,🚬菸屁股,HOLD,1
SMCI,2026-09-18,100.0,0.01,3715,31,132.81283593749998,23,38.459999084472656,🚬菸屁股,HOLD,1
RKLB,2028-01-21,145.0,10.88,4900,31,82.3243955078125,513,66.91000366210938,🆕低基期(前日Vol11) 🔭LEAPS,HOLD,1
ACHR,2026-10-16,13.0,0.02,3579,31,107.81296093750001,51,5.960000038146973,🚬菸屁股,HOLD,1
NFLX,2028-01-21,140.0,4.35,3896,31,44.788149780273436,513,82.2300033569336,🔭LEAPS,HOLD,1
GOOGL,2026-09-18,450.0,0.16,12248,31,44.67828759765625,23,346.9599914550781,🚬菸屁股,HOLD,1
RGTI,2026-09-18,27.0,0.06,8723,31,94.5313046875,23,16.940000534057617,🚬菸屁股,HOLD,1
TSLA,2028-01-21,800.0,16.67,7710,30,54.88173780822756,513,350.25,🔭LEAPS,HOLD,1
IBIT,2027-01-15,120.0,0.14,18050,30,69.92217578125,142,44.720001220703125,🆕低基期(前日Vol2) 🚬菸屁股,HOLD,1
IBIT,2028-01-21,55.0,7.85,5406,30,53.0400203857422,513,44.720001220703125,🔭LEAPS,HOLD,1
DKNG,2028-01-21,25.0,7.85,3955,30,62.01209863281252,513,25.790000915527344,🔭LEAPS,HOLD,1
TDOC,2026-10-16,9.0,0.04,2127,30,68.35969140625001,51,6.190000057220459,🚬菸屁股,HOLD,1
OPEN,2026-10-16,3.0,0.68,1264,30,120.3128984375,51,3.5999999046325684,🆕低基期(前日Vol1) 🚬菸屁股,HOLD,1
OPEN,2028-01-21,12.0,0.57,4444,30,105.56687841796877,513,3.5999999046325684,🔭LEAPS,HOLD,1
ACHR,2028-01-21,15.0,0.95,13844,30,88.476677734375,513,5.960000038146973,🔭LEAPS,HOLD,1
NFLX,2026-09-18,96.0,0.14,1211,30,34.8639326171875,23,82.2300033569336,🚬菸屁股,HOLD,1
NFLX,2026-09-18,266.0,0.01,2728,30,140.625296875,23,82.2300033569336,🚬菸屁股,HOLD,1
OKLO,2026-09-18,80.0,0.1,2045,29,108.59420703125,23,44.27000045776367,🚬菸屁股,HOLD,1
RKLB,2026-10-16,140.0,0.23,962,29,92.38288867187501,51,66.91000366210938,🚬菸屁股,HOLD,1
NNE,2027-01-15,40.0,0.7,2324,29,89.062609375,142,19.239999771118164,🆕低基期(前日Vol6) 🚬菸屁股,HOLD,1
IONQ,2026-11-20,140.0,0.26,1582,28,110.15669921875002,86,42.04999923706055,🆕低基期(前日Vol1) 🚬菸屁股,HOLD,1
UPST,2026-10-16,40.0,0.6,1097,28,60.15664843750002,51,30.579999923706055,🚬菸屁股,HOLD,1
SOFI,2026-12-18,40.0,0.1,13178,28,67.57844921875001,114,19.0,🚬菸屁股,HOLD,1
OPEN,2027-01-15,15.0,0.05,18661,28,120.3128984375,142,3.5999999046325684,🚬菸屁股,HOLD,1
KTOS,2026-09-18,75.0,0.12,1358,28,78.711150390625,23,52.63999938964844,🚬菸屁股,HOLD,1
JOBY,2026-11-20,8.0,0.78,2093,28,79.687703125,86,7.21999979019165,🚬菸屁股,HOLD,1
GOOGL,2026-09-18,660.0,0.12,934,28,85.742330078125,23,346.9599914550781,🚬菸屁股,HOLD,1
RGTI,2026-10-16,30.0,0.17,2255,28,93.164130859375,51,16.940000534057617,🚬菸屁股,HOLD,1
TSLA,2026-09-18,700.0,0.09,6523,27,94.14068359375,23,350.25,🚬菸屁股,HOLD,1
INTC,2026-12-18,195.0,0.75,6045,27,77.6369423828125,114,87.4800033569336,🚬菸屁股,HOLD,1
ASTS,2026-09-18,115.0,0.11,1435,27,105.2739111328125,23,62.0099983215332,🆕低基期(前日Vol7) 🚬菸屁股,HOLD,1
SOFI,2026-12-18,42.0,0.08,8521,27,67.18782812500001,114,19.0,🚬菸屁股,HOLD,1
PATH,2026-09-18,22.0,0.46,2074,27,91.211025390625,23,16.65999984741211,🚬菸屁股,HOLD,1
NFLX,2028-01-21,125.0,6.2,1542,27,44.940736145019535,513,82.2300033569336,🔭LEAPS,HOLD,1
LRCX,2026-09-18,430.0,0.79,1180,27,63.40368627929689,23,314.6600036621094,🚬菸屁股,HOLD,1
NVDA,2026-12-18,420.0,0.15,5364,26,51.22119091796875,114,213.0500030517578,🚬菸屁股,HOLD,1
PLTR,2028-01-21,410.0,10.6,9018,26,61.20644262695314,513,172.72999572753906,🔭LEAPS,HOLD,1
SMCI,2027-01-15,95.0,0.52,890,26,88.67198828125,142,38.459999084472656,🚬菸屁股,HOLD,1
SMCI,2028-01-21,100.0,5.31,4138,26,85.70570935058592,513,38.459999084472656,🆕低基期(前日Vol1) 🔭LEAPS,HOLD,1
RKLB,2028-01-21,140.0,11.52,2932,26,82.92253405761718,513,66.91000366210938,🔭LEAPS,HOLD,1
RKLB,2028-01-21,200.0,6.9,1331,26,82.3121885986328,513,66.91000366210938,🔭LEAPS,HOLD,1
PATH,2028-01-21,25.0,3.51,8138,26,74.43873217773438,513,16.65999984741211,🔭LEAPS,HOLD,1
HIMS,2027-01-15,90.0,0.54,5042,26,96.97268652343749,142,31.75,🆕低基期(前日Vol9) 🚬菸屁股,HOLD,1
JOBY,2026-10-16,13.0,0.03,809,26,89.062609375,51,7.21999979019165,🆕低基期(前日Vol7) 🚬菸屁股,HOLD,1
ACHR,2028-01-21,25.0,0.5,1629,26,92.773509765625,513,5.960000038146973,🔭LEAPS,HOLD,1
RDDT,2026-09-18,250.0,0.09,989,26,65.43003320312502,23,162.4499969482422,🚬菸屁股,HOLD,1
WMT,2028-01-21,130.0,7.5,4501,26,32.044136596679685,513,105.37999725341797,🔭LEAPS,HOLD,1
WMT,2028-01-21,140.0,5.15,846,26,31.11641149902343,513,105.37999725341797,🔭LEAPS,HOLD,1
PCG,2026-12-18,23.0,0.34,6322,26,41.602146484375,114,18.360000610351562,🚬菸屁股,HOLD,1
AMZN,2026-09-18,340.0,0.04,6120,26,39.258419921874996,23,261.05999755859375,🚬菸屁股,HOLD,1
AMZN,2026-11-20,370.0,0.56,3455,26,37.08559008789062,86,261.05999755859375,🆕低基期(前日Vol1) 🚬菸屁股,HOLD,1
RGTI,2026-12-18,35.0,0.54,1209,26,96.679720703125,114,16.940000534057617,🚬菸屁股,HOLD,1
NVDA,2027-01-15,400.0,0.4,6446,25,45.97221997070313,142,213.0500030517578,🚬菸屁股,HOLD,1
SOFI,2026-11-20,30.0,0.21,6467,25,61.23085644531252,86,19.0,🚬菸屁股,HOLD,1
IREN,2026-11-20,110.0,0.54,7901,25,106.15281298828126,86,42.209999084472656,🚬菸屁股,HOLD,1
HOOD,2027-01-15,290.0,0.82,4403,25,73.21804125976561,142,112.08999633789062,🆕低基期(前日Vol1) 🚬菸屁股,HOLD,1
XYZ,2026-09-18,115.0,0.02,1141,25,55.273884765625006,23,82.72000122070312,🚬菸屁股,HOLD,1
ONDS,2027-01-15,13.0,0.71,3110,25,92.57819921875,142,8.239999771118164,🚬菸屁股,HOLD,1
LUNR,2028-01-21,20.0,7.25,2611,25,107.76413305664066,513,16.600000381469727,🔭LEAPS,HOLD,1
JOBY,2028-01-21,25.0,0.7,3633,25,85.742330078125,513,7.21999979019165,🆕低基期(前日Vol1) 🔭LEAPS,HOLD,1
ACHR,2028-01-21,1.0,5.2,1067,25,124.21912890624998,513,5.960000038146973,🆕低基期(前日Vol4) 🔭LEAPS,HOLD,1
APP,2026-09-18,420.0,0.54,765,25,59.766027343750004,23,310.5400085449219,🚬菸屁股,HOLD,1
AMZN,2026-10-16,360.0,0.07,904,25,37.061176269531245,51,261.05999755859375,🚬菸屁股,HOLD,1
GOOGL,2026-09-18,460.0,0.11,1233,25,46.53373779296876,23,346.9599914550781,🚬菸屁股,HOLD,1
GOOGL,2026-12-18,520.0,0.89,2588,25,38.78235046386719,114,346.9599914550781,🆕低基期(前日Vol5) 🚬菸屁股,HOLD,1
NVDA,2028-01-21,420.0,6.45,21791,24,43.613234771728514,513,213.0500030517578,🔭LEAPS,HOLD,1
SMCI,2026-11-20,75.0,0.67,1460,24,88.2813671875,86,38.459999084472656,🚬菸屁股,HOLD,1
OKLO,2026-09-18,90.0,0.05,1078,24,118.75040625,23,44.27000045776367,🚬菸屁股,HOLD,1
UPST,2026-09-18,37.5,0.25,2011,24,66.01596484375001,23,30.579999923706055,🚬菸屁股,HOLD,1
SOFI,2028-01-21,13.0,8.45,4065,24,70.41045214843751,513,19.0,🆕低基期(前日Vol4) 🔭LEAPS,HOLD,1
SOFI,2028-01-21,35.0,2.16,15640,24,63.64782446289063,513,19.0,🔭LEAPS,HOLD,1
HOOD,2026-12-18,290.0,0.5,10278,24,78.17404638671876,114,112.08999633789062,🆕低基期(前日Vol9) 🚬菸屁股,HOLD,1
JOBY,2026-11-20,13.0,0.11,1638,24,80.664255859375,86,7.21999979019165,🚬菸屁股,HOLD,1
PCG,2027-01-15,22.0,0.55,7488,24,38.81897119140625,142,18.360000610351562,🚬菸屁股,HOLD,1
NFLX,2027-01-15,128.0,0.56,9254,24,43.97028686523438,142,82.2300033569336,🚬菸屁股,HOLD,1
NFLX,2027-01-15,170.0,0.1,2419,24,49.5122236328125,142,82.2300033569336,🚬菸屁股,HOLD,1
NFLX,2028-01-21,200.0,1.25,6182,24,46.204151245117195,513,82.2300033569336,🔭LEAPS,HOLD,1
GOOGL,2026-09-18,620.0,0.14,1746,24,75.7814921875,23,346.9599914550781,🚬菸屁股,HOLD,1
GOOGL,2026-10-16,450.0,0.47,3720,24,34.98600170898437,51,346.9599914550781,🆕低基期(前日Vol8) 🚬菸屁股,HOLD,1
INTC,2028-01-21,50.0,47.15,11304,23,76.79466564941409,513,87.4800033569336,🔭LEAPS,HOLD,1
SMCI,2026-09-18,47.0,0.67,1443,23,75.00025000000001,23,38.459999084472656,🚬菸屁股,HOLD,1
RKLB,2026-09-18,130.0,0.05,1916,23,102.73486132812502,23,66.91000366210938,🚬菸屁股,HOLD,1
SOFI,2026-09-18,42.0,0.01,5744,23,114.0629296875,23,19.0,🚬菸屁股,HOLD,1
DKNG,2026-09-18,55.0,0.04,2614,23,117.1879140625,23,25.790000915527344,🚬菸屁股,HOLD,1
OPEN,2026-09-18,3.0,0.63,2028,23,50.0005,23,3.5999999046325684,🚬菸屁股,HOLD,1
JOBY,2026-11-20,15.0,0.07,1046,23,87.500125,86,7.21999979019165,🚬菸屁股,HOLD,1
WMT,2028-01-21,150.0,3.76,5164,23,30.37789349365234,513,105.37999725341797,🔭LEAPS,HOLD,1
JPM,2026-10-16,405.0,0.95,795,23,22.522747436523435,51,356.69000244140625,🚬菸屁股,HOLD,1
GOOG,2026-09-18,410.0,0.29,6604,22,36.03579589843749,23,343.3399963378906,🚬菸屁股,HOLD,1
OKLO,2028-01-21,200.0,4.3,16646,22,98.25441198730469,513,44.27000045776367,🔭LEAPS,HOLD,1
SOFI,2026-10-16,28.0,0.08,1387,22,58.5941640625,51,19.0,🚬菸屁股,HOLD,1
SOFI,2026-12-18,29.0,0.43,1273,22,60.30313134765627,114,19.0,🆕低基期(前日Vol4) 🚬菸屁股,HOLD,1
IREN,2028-01-21,85.0,11.1,7425,22,99.5117236328125,513,42.209999084472656,🔭LEAPS,HOLD,1
JOBY,2026-10-16,16.0,0.01,800,22,98.437515625,51,7.21999979019165,🚬菸屁股,HOLD,1
ACHR,2027-01-15,12.0,0.24,25631,22,88.86729882812499,142,5.960000038146973,🚬菸屁股,HOLD,1
SMR,2027-01-15,17.0,0.73,2566,22,94.0430283203125,142,9.8100004196167,🆕低基期(前日Vol5) 🚬菸屁股,HOLD,1
AMZN,2026-10-16,320.0,0.63,7185,22,31.78779150390625,51,261.05999755859375,🚬菸屁股,HOLD,1
AMZN,2026-10-16,340.0,0.23,3878,22,33.15496533203125,51,261.05999755859375,🚬菸屁股,HOLD,1
RGTI,2026-11-20,25.0,0.97,1058,22,90.67392138671875,86,16.940000534057617,🚬菸屁股,HOLD,1
NVDA,2026-09-18,400.0,0.01,13668,21,71.87528125,23,213.0500030517578,🚬菸屁股,HOLD,1
IBIT,2027-01-15,95.0,0.25,17563,21,61.71913281250001,142,44.720001220703125,🚬菸屁股,HOLD,1
OKLO,2026-11-20,100.0,0.71,1738,21,104.0043862304688,86,44.27000045776367,🚬菸屁股,HOLD,1
OKLO,2027-01-15,150.0,0.61,12893,21,103.76024682617188,142,44.27000045776367,🚬菸屁股,HOLD,1
SOFI,2026-12-18,45.0,0.05,8193,21,72.6565234375,114,19.0,🚬菸屁股,HOLD,1
PACB,2027-01-15,3.0,0.1,2461,21,93.7500625,142,1.5199999809265137,🆕低基期(前日Vol6) 🚬菸屁股,HOLD,1
HIMS,2026-09-18,55.0,0.12,2499,21,97.6562734375,23,31.75,🚬菸屁股,HOLD,1
SMR,2028-01-21,23.0,2.23,957,21,100.73291821289061,513,9.8100004196167,🆕低基期(前日Vol1) 🔭LEAPS,HOLD,1
NFLX,2027-01-15,118.0,0.72,1828,21,40.99180102539062,142,82.2300033569336,🚬菸屁股,HOLD,1
NFLX,2028-01-21,245.0,0.65,13757,21,47.15629016113281,513,82.2300033569336,🔭LEAPS,HOLD,1
RGTI,2026-09-18,30.0,0.02,5673,21,97.6562734375,23,16.940000534057617,🚬菸屁股,HOLD,1
RGTI,2028-01-21,32.0,4.15,962,21,96.55765161132813,513,16.940000534057617,🔭LEAPS,HOLD,1
TSLA,2026-09-18,940.0,0.05,10377,20,115.625421875,23,350.25,🚬菸屁股,HOLD,1
OKLO,2027-01-15,230.0,0.23,1018,20,117.28556982421874,142,44.27000045776367,🆕低基期(前日Vol4) 🚬菸屁股,HOLD,1
VST,2026-12-18,280.0,0.34,883,20,56.10395458984375,114,139.02999877929688,🚬菸屁股,HOLD,1
RKLB,2026-10-16,195.0,0.28,2156,20,118.35978320312499,51,66.91000366210938,🚬菸屁股,HOLD,1
RKLB,2026-12-18,195.0,0.25,999,20,92.8711650390625,114,66.91000366210938,🚬菸屁股,HOLD,1
ASTS,2026-09-18,125.0,0.08,23182,20,112.5004375,23,62.0099983215332,🚬菸屁股,HOLD,1
SOFI,2027-01-15,42.0,0.11,6337,20,65.23472265625001,142,19.0,🆕低基期(前日Vol2) 🚬菸屁股,HOLD,1
DKNG,2026-12-18,80.0,0.11,871,20,84.179845703125,114,25.790000915527344,🚬菸屁股,HOLD,1
XYZ,2026-09-18,110.0,0.07,1107,20,50.586431640624994,23,82.72000122070312,🆕低基期(前日Vol3) 🚬菸屁股,HOLD,1
OPEN,2028-01-21,1.0,2.69,3379,20,94.14068359375,513,3.5999999046325684,🔭LEAPS,HOLD,1
NTLA,2028-01-21,20.0,4.45,1550,20,99.09668872070311,513,13.510000228881836,🔭LEAPS,HOLD,1
SMR,2027-01-15,75.0,0.04,997,20,125.00037499999999,142,9.8100004196167,🚬菸屁股,HOLD,1
CRWV,2026-09-18,175.0,0.03,916,20,96.0937890625,23,88.04000091552734,🚬菸屁股,HOLD,1
RDDT,2027-01-15,420.0,0.6,1761,20,70.45927978515626,142,162.4499969482422,🚬菸屁股,HOLD,1
PCG,2028-01-21,22.0,1.7,8595,20,37.25648681640625,513,18.360000610351562,🔭LEAPS,HOLD,1
CRM,2027-01-15,400.0,0.55,2700,20,51.90477783203124,142,205.69000244140625,🚬菸屁股,HOLD,1
NFLX,2026-12-18,166.0,0.25,2197,20,58.20354296875,114,82.2300033569336,🚬菸屁股,HOLD,1
NFLX,2028-01-21,146.0,2.61,1305,20,45.58159887695313,513,82.2300033569336,🔭LEAPS,HOLD,1
NFLX,2028-01-21,170.0,2.43,922,20,47.211221252441405,513,82.2300033569336,🔭LEAPS,HOLD,1
AMZN,2026-09-18,320.0,0.08,15397,20,35.352208984375,23,261.05999755859375,🚬菸屁股,HOLD,1
ARM,2026-10-16,500.0,0.7,1645,20,92.6758544921875,51,241.55999755859375,🚬菸屁股,HOLD,1
JPM,2026-09-18,405.0,0.2,900,20,27.173579833984373,23,356.69000244140625,🆕低基期(前日Vol3) 🚬菸屁股,HOLD,1
NVDA,2026-12-18,400.0,0.22,7430,19,48.1450498046875,114,213.0500030517578,🚬菸屁股,HOLD,1
SOFI,2026-11-20,29.0,0.24,1112,19,60.74258007812501,86,19.0,🚬菸屁股,HOLD,1
SOFI,2028-01-21,47.0,1.26,7197,19,65.79624047851563,513,19.0,🆕低基期(前日Vol1) 🔭LEAPS,HOLD,1
DKNG,2027-01-15,75.0,0.08,1010,19,85.0587431640625,142,25.790000915527344,🚬菸屁股,HOLD,1
IREN,2026-10-16,90.0,0.35,11510,19,109.57076464843752,51,42.209999084472656,🚬菸屁股,HOLD,1
NTLA,2027-01-15,30.0,0.4,1131,19,88.86729882812499,142,13.510000228881836,🚬菸屁股,HOLD,1
HIMS,2026-09-18,44.0,0.21,904,19,86.7188828125,23,31.75,🚬菸屁股,HOLD,1
JOBY,2027-01-15,14.0,0.24,2936,19,82.61736132812499,142,7.21999979019165,🚬菸屁股,HOLD,1
JOBY,2027-01-15,25.0,0.04,3127,19,109.76607617187501,142,7.21999979019165,🆕低基期(前日Vol1) 🚬菸屁股,HOLD,1
VRT,2026-09-18,340.0,0.5,926,19,58.64299169921875,23,255.75,🚬菸屁股,HOLD,1
WMT,2026-09-18,140.0,0.03,8774,19,45.313046875000005,23,105.37999725341797,🚬菸屁股,HOLD,1
WMT,2026-12-18,145.0,0.24,1883,19,30.225307128906252,114,105.37999725341797,🚬菸屁股,HOLD,1
NVDA,2028-01-21,185.0,57.5,9448,18,48.02908416748046,513,213.0500030517578,🆕低基期(前日Vol6) 🔭LEAPS,HOLD,1
SMCI,2028-01-21,80.0,7.25,1165,18,85.11367425537108,513,38.459999084472656,🆕低基期(前日Vol1) 🔭LEAPS,HOLD,1
OKLO,2028-01-21,85.0,9.8,1236,18,90.22226574707031,513,44.27000045776367,🆕低基期(前日Vol4) 🔭LEAPS,HOLD,1
VST,2026-09-18,195.0,0.13,1255,18,64.8441015625,23,139.02999877929688,🚬菸屁股,HOLD,1
IREN,2026-10-16,100.0,0.23,5348,18,119.72696386718751,51,42.209999084472656,🚬菸屁股,HOLD,1
IREN,2027-01-15,140.0,0.67,8693,18,107.91061669921875,142,42.209999084472656,🚬菸屁股,HOLD,1
HIMS,2026-09-18,46.0,0.18,1278,18,86.7188828125,23,31.75,🆕低基期(前日Vol5) 🚬菸屁股,HOLD,1
CRWV,2026-10-16,145.0,0.91,3378,18,83.25212060546873,51,88.04000091552734,🚬菸屁股,HOLD,1
WMT,2028-01-21,160.0,2.84,1242,18,31.049273498535158,513,105.37999725341797,🔭LEAPS,HOLD,1
CRWD,2026-09-18,237.5,0.86,820,18,62.42713354492189,23,185.3800048828125,🚬菸屁股,HOLD,1
NFLX,2026-12-18,125.0,0.36,3957,18,45.898978515625004,114,82.2300033569336,🚬菸屁股,HOLD,1
AMZN,2026-12-18,410.0,0.31,8288,18,36.89027954101562,114,261.05999755859375,🚬菸屁股,HOLD,1
VST,2026-09-18,180.0,0.11,5015,17,51.465329101562496,23,139.02999877929688,🚬菸屁股,HOLD,1
RKLB,2028-01-21,180.0,8.1,1016,17,82.76384423828124,513,66.91000366210938,🆕低基期(前日Vol3) 🔭LEAPS,HOLD,1
UPST,2027-01-15,55.0,0.84,1245,17,72.26590234375,142,30.579999923706055,🚬菸屁股,HOLD,1
UPST,2027-01-15,60.0,0.66,3307,17,75.43969873046875,142,30.579999923706055,🆕低基期(前日Vol2) 🚬菸屁股,HOLD,1
ACHR,2026-10-16,10.0,0.07,6468,17,87.10950390625,51,5.960000038146973,🚬菸屁股,HOLD,1
RDDT,2026-09-18,280.0,0.05,1793,17,87.695435546875,23,162.4499969482422,🆕低基期(前日Vol2) 🚬菸屁股,HOLD,1
NFLX,2028-01-21,114.0,8.05,7529,17,44.69659796142578,513,82.2300033569336,🔭LEAPS,HOLD,1
TSLA,2026-12-18,950.0,0.6,6107,16,71.24052197265625,114,350.25,🚬菸屁股,HOLD,1
VST,2026-10-16,180.0,0.95,1326,16,48.21829125976563,51,139.02999877929688,🚬菸屁股,HOLD,1
ASTS,2026-10-16,110.0,0.69,1682,16,95.45902978515625,51,62.0099983215332,🚬菸屁股,HOLD,1
ASTS,2026-11-20,180.0,0.58,2431,16,106.20164086914063,86,62.0099983215332,🆕低基期(前日Vol6) 🚬菸屁股,HOLD,1
UPST,2026-09-18,50.0,0.02,5447,16,79.687703125,23,30.579999923706055,🆕低基期(前日Vol2) 🚬菸屁股,HOLD,1
DKNG,2026-12-18,55.0,0.1,3397,16,76.85570019531252,114,25.790000915527344,🚬菸屁股,HOLD,1
IREN,2026-10-16,85.0,0.49,1251,16,101.5629921875,51,42.209999084472656,🚬菸屁股,HOLD,1
U,2028-01-21,65.0,9.07,1850,16,68.51227777099609,513,44.9900016784668,🔭LEAPS,HOLD,1
PATH,2028-01-21,12.0,7.85,5452,16,78.24728784179689,513,16.65999984741211,🔭LEAPS,HOLD,1
HIMS,2027-01-15,105.0,0.4,12497,16,103.12548437500001,142,31.75,🆕低基期(前日Vol4) 🚬菸屁股,HOLD,1
LUNR,2028-01-21,30.0,5.55,898,16,112.08540051269532,513,16.600000381469727,🔭LEAPS,HOLD,1
CRWV,2026-09-18,145.0,0.13,1941,16,87.10950390625,23,88.04000091552734,🚬菸屁股,HOLD,1
CRWV,2026-09-18,210.0,0.02,2416,16,140.625296875,23,88.04000091552734,🚬菸屁股,HOLD,1
WMT,2026-09-18,145.0,0.02,4420,16,48.438015625000006,23,105.37999725341797,🚬菸屁股,HOLD,1
NFLX,2026-09-18,135.0,0.02,2088,16,96.679720703125,23,82.2300033569336,🚬菸屁股,HOLD,1
NFLX,2026-12-18,115.0,0.68,3080,16,40.84531811523438,114,82.2300033569336,🚬菸屁股,HOLD,1
NFLX,2027-01-15,150.0,0.17,19885,16,47.5591181640625,142,82.2300033569336,🚬菸屁股,HOLD,1
NFLX,2027-01-15,200.0,0.06,15267,16,55.078574218750006,142,82.2300033569336,🚬菸屁股,HOLD,1
NFLX,2028-01-21,115.0,7.6,1037,16,45.20928814697266,513,82.2300033569336,🔭LEAPS,HOLD,1
NFLX,2028-06-16,200.0,2.31,2362,16,46.802289794921876,660,82.2300033569336,🔭LEAPS,HOLD,1
AMZN,2026-10-16,350.0,0.16,2220,16,34.570966796875,51,261.05999755859375,🚬菸屁股,HOLD,1
GOOGL,2026-09-18,570.0,0.05,1358,16,66.60189648437502,23,346.9599914550781,🚬菸屁股,HOLD,1
RKLB,2028-01-21,190.0,7.65,1013,15,82.98967205810546,513,66.91000366210938,🔭LEAPS,HOLD,1
ASTS,2028-01-21,180.0,9.2,10585,15,92.42561285400393,513,62.0099983215332,🔭LEAPS,HOLD,1
DKNG,2026-11-20,35.0,0.5,1310,15,52.6371923828125,86,25.790000915527344,🚬菸屁股,HOLD,1
NBIS,2026-09-18,370.0,0.69,1963,15,100.14698364257812,23,221.97000122070312,🚬菸屁股,HOLD,1
PATH,2027-01-15,32.0,0.45,4694,15,78.6134951171875,142,16.65999984741211,🚬菸屁股,HOLD,1
XYZ,2026-09-18,100.0,0.12,6295,15,40.430283203125,23,82.72000122070312,🚬菸屁股,HOLD,1
XYZ,2027-01-15,125.0,0.73,5159,15,47.363807617187504,142,82.72000122070312,🚬菸屁股,HOLD,1
NTLA,2027-01-15,42.0,0.1,870,15,91.992267578125,142,13.510000228881836,🚬菸屁股,HOLD,1
KTOS,2026-11-20,85.0,0.99,3615,15,75.34204345703125,86,52.63999938964844,🚬菸屁股,HOLD,1
APP,2027-01-15,1000.0,0.5,1005,15,76.24535473632812,142,310.5400085449219,🚬菸屁股,HOLD,1
WMT,2026-12-18,140.0,0.36,6760,15,30.07882421875,114,105.37999725341797,🚬菸屁股,HOLD,1
NFLX,2028-01-21,134.0,4.7,1013,15,45.38018487548828,513,82.2300033569336,🔭LEAPS,HOLD,1
GOOGL,2026-11-20,600.0,0.12,1140,15,44.092355957031245,86,346.9599914550781,🚬菸屁股,HOLD,1
RGTI,2026-09-18,35.0,0.02,1062,15,130.46909765624997,23,16.940000534057617,🚬菸屁股,HOLD,1
TSLA,2026-12-18,960.0,0.5,5641,14,72.04617797851563,114,350.25,🚬菸屁股,HOLD,1
INTC,2028-01-21,60.0,41.9,10439,14,73.85890399169921,513,87.4800033569336,🔭LEAPS,HOLD,1
INTC,2028-01-21,65.0,39.6,7349,14,72.93117889404297,513,87.4800033569336,🔭LEAPS,HOLD,1
VST,2026-09-18,200.0,0.05,8382,14,57.42230078125,23,139.02999877929688,🚬菸屁股,HOLD,1
RKLB,2028-01-21,185.0,7.86,1993,14,81.85442950439452,513,66.91000366210938,🔭LEAPS,HOLD,1
IONQ,2026-10-16,100.0,0.09,2273,14,109.57076464843752,51,42.04999923706055,🆕低基期(前日Vol4) 🚬菸屁股,HOLD,1
UPST,2026-10-16,45.0,0.28,1460,14,66.79720703125001,51,30.579999923706055,🚬菸屁股,HOLD,1
HOOD,2026-10-16,230.0,0.16,3194,14,77.53928710937501,51,112.08999633789062,🚬菸屁股,HOLD,1
XYZ,2026-09-18,95.0,0.31,3172,14,39.404902832031254,23,82.72000122070312,🚬菸屁股,HOLD,1
CRWV,2026-09-18,160.0,0.07,3972,14,91.79695703125,23,88.04000091552734,🚬菸屁股,HOLD,1
JPM,2026-09-18,395.0,0.16,1123,14,21.60722924804687,23,356.69000244140625,🚬菸屁股,HOLD,1
NVDA,2026-09-18,410.0,0.01,5667,13,79.687703125,23,213.0500030517578,🚬菸屁股,HOLD,1
MSFT,2028-01-21,600.0,46.32,6800,13,36.40352903747559,513,491.7099914550781,🔭LEAPS,HOLD,1
INTC,2026-10-16,175.0,0.13,5177,13,77.53928710937501,51,87.4800033569336,🚬菸屁股,HOLD,1
OKLO,2026-09-18,85.0,0.07,1010,13,109.76607617187501,23,44.27000045776367,🚬菸屁股,HOLD,1
RKLB,2026-12-18,160.0,0.87,770,13,87.0118486328125,114,66.91000366210938,🚬菸屁股,HOLD,1
ASTS,2026-10-16,150.0,0.2,2133,13,110.54732226562503,51,62.0099983215332,🚬菸屁股,HOLD,1
ASTS,2028-01-21,185.0,10.0,800,13,92.1997850341797,513,62.0099983215332,🔭LEAPS,HOLD,1
DKNG,2026-11-20,32.5,0.85,3786,13,55.22505712890625,86,25.790000915527344,🚬菸屁股,HOLD,1
DKNG,2028-01-21,30.0,5.8,4052,13,62.866582275390634,513,25.790000915527344,🆕低基期(前日Vol2) 🔭LEAPS,HOLD,1
HIMS,2028-01-21,40.0,9.7,9966,13,82.65398205566406,513,31.75,🔭LEAPS,HOLD,1
LUNR,2027-01-15,40.0,0.7,5025,13,106.05515722656251,142,16.600000381469727,🆕低基期(前日Vol3) 🚬菸屁股,HOLD,1
JOBY,2028-01-21,17.0,1.11,2559,13,95.312546875,513,7.21999979019165,🔭LEAPS,HOLD,1
NFLX,2026-09-18,111.0,0.06,1034,13,47.26615234375,23,82.2300033569336,🚬菸屁股,HOLD,1
NFLX,2027-01-15,160.0,0.15,5177,13,49.36574072265626,142,82.2300033569336,🚬菸屁股,HOLD,1
AMZN,2026-10-16,400.0,0.03,1883,13,41.992767578125,51,261.05999755859375,🚬菸屁股,HOLD,1
GOOGL,2026-09-18,770.0,0.01,1633,13,93.7500625,23,346.9599914550781,🚬菸屁股,HOLD,1
ARM,2026-09-18,380.0,0.51,935,13,85.10757080078125,23,241.55999755859375,🚬菸屁股,HOLD,1
IBIT,2027-01-15,79.0,0.53,5264,12,54.93209130859377,142,44.720001220703125,🚬菸屁股,HOLD,1
PLTR,2026-09-18,270.0,0.04,7322,12,65.03941210937501,23,172.72999572753906,🚬菸屁股,HOLD,1
INTC,2026-11-20,180.0,0.62,7568,12,78.2228740234375,86,87.4800033569336,🚬菸屁股,HOLD,1
SMCI,2026-09-18,70.0,0.05,6611,12,99.60937890625,23,38.459999084472656,🚬菸屁股,HOLD,1
IONQ,2026-10-16,90.0,0.16,1072,12,100.58643457031249,51,42.04999923706055,🚬菸屁股,HOLD,1
SOFI,2027-01-15,37.0,0.21,3620,12,68.555001953125,142,19.0,🚬菸屁股,HOLD,1
XYZ,2027-01-15,145.0,0.4,23408,12,49.585465087890626,142,82.72000122070312,🚬菸屁股,HOLD,1
OPEN,2028-01-21,3.0,1.74,3320,12,105.2739111328125,513,3.5999999046325684,🔭LEAPS,HOLD,1
HIMS,2026-09-18,43.0,0.26,4890,12,81.2501875,23,31.75,🚬菸屁股,HOLD,1
CRWV,2026-10-16,160.0,0.51,4617,12,85.1563984375,51,88.04000091552734,🚬菸屁股,HOLD,1
WMT,2026-10-16,140.0,0.09,1153,12,43.115803222656254,51,105.37999725341797,🚬菸屁股,HOLD,1
NFLX,2026-09-18,98.0,0.09,1688,12,35.8404853515625,23,82.2300033569336,🚬菸屁股,HOLD,1
NFLX,2027-01-15,165.0,0.11,2203,12,51.90477783203124,142,82.2300033569336,🚬菸屁股,HOLD,1
NFLX,2028-06-16,110.0,11.4,874,12,47.18985916137696,660,82.2300033569336,🔭LEAPS,HOLD,1
GOOGL,2026-10-16,440.0,0.58,2104,12,35.49869189453124,51,346.9599914550781,🚬菸屁股,HOLD,1
GOOGL,2026-10-16,470.0,0.28,3803,12,38.13538427734374,51,346.9599914550781,🚬菸屁股,HOLD,1
GOOGL,2026-12-18,610.0,0.18,2574,12,44.40973559570312,114,346.9599914550781,🚬菸屁股,HOLD,1
RGTI,2026-09-18,28.0,0.06,1786,12,102.73486132812502,23,16.940000534057617,🚬菸屁股,HOLD,1
RGTI,2027-01-15,55.0,0.29,1445,12,112.59809326171877,142,16.940000534057617,🚬菸屁股,HOLD,1
RGTI,2028-01-21,15.0,7.7,2159,12,92.94440649414062,513,16.940000534057617,🔭LEAPS,HOLD,1
NVDA,2028-01-21,195.0,54.05,6947,11,47.17154879760742,513,213.0500030517578,🔭LEAPS,HOLD,1
SMCI,2026-12-18,100.0,0.43,9668,11,93.70123486328124,114,38.459999084472656,🚬菸屁股,HOLD,1
OKLO,2026-12-18,140.0,0.51,5811,11,108.3988955078125,114,44.27000045776367,🆕低基期(前日Vol1) 🚬菸屁股,HOLD,1
VST,2026-11-20,220.0,0.6,3075,11,51.41650146484375,86,139.02999877929688,🚬菸屁股,HOLD,1
UPST,2026-12-18,50.0,0.99,1054,11,75.87914746093752,114,30.579999923706055,🚬菸屁股,HOLD,1
UPST,2028-01-21,30.0,10.87,1485,11,78.17404638671876,513,30.579999923706055,🔭LEAPS,HOLD,1
SOFI,2026-11-20,31.0,0.17,1243,11,62.2074091796875,86,19.0,🚬菸屁股,HOLD,1
SOFI,2026-11-20,34.0,0.1,755,11,67.18782812500001,86,19.0,🆕低基期(前日Vol3) 🚬菸屁股,HOLD,1
DKNG,2027-01-15,40.0,0.5,11865,11,52.88133056640626,142,25.790000915527344,🚬菸屁股,HOLD,1
IREN,2026-10-16,110.0,0.23,2328,11,125.19568652343749,51,42.209999084472656,🚬菸屁股,HOLD,1
IREN,2026-12-18,120.0,0.7,4059,11,109.375453125,114,42.209999084472656,🆕低基期(前日Vol1) 🚬菸屁股,HOLD,1
XYZ,2027-01-15,130.0,0.63,1452,11,47.02201416015625,142,82.72000122070312,🚬菸屁股,HOLD,1
RDDT,2028-01-21,400.0,9.84,1260,11,68.06062213134767,513,162.4499969482422,🔭LEAPS,HOLD,1
WMT,2026-11-20,145.0,0.23,1515,11,38.355108642578124,86,105.37999725341797,🚬菸屁股,HOLD,1
NFLX,2026-09-18,104.0,0.04,847,11,41.01621484375,23,82.2300033569336,🚬菸屁股,HOLD,1
NFLX,2027-01-15,155.0,0.13,1893,11,47.461462890625,142,82.2300033569336,🚬菸屁股,HOLD,1
NFLX,2027-01-15,195.0,0.06,2490,11,53.320779296874996,142,82.2300033569336,🚬菸屁股,HOLD,1
GOOGL,2026-10-16,460.0,0.38,6896,11,36.01138208007812,51,346.9599914550781,🚬菸屁股,HOLD,1
GOOGL,2028-06-16,730.0,10.35,884,11,39.73601524353027,660,346.9599914550781,🔭LEAPS,HOLD,1
RGTI,2027-01-15,70.0,0.18,1095,11,119.72696386718751,142,16.940000534057617,🚬菸屁股,HOLD,1
SBUX,2027-01-15,140.0,0.7,929,11,33.789724609375,142,105.76000213623047,🚬菸屁股,HOLD,1
TSLA,2028-01-21,940.0,11.3,5041,10,55.94221304321289,513,350.25,🆕低基期(前日Vol3) 🔭LEAPS,HOLD,1
NVDA,2028-01-21,225.0,40.47,5301,10,45.525141921997076,513,213.0500030517578,🔭LEAPS,HOLD,1
NVDA,2028-01-21,260.0,28.05,9759,10,44.39752868652344,513,213.0500030517578,🔭LEAPS,HOLD,1
NVDA,2028-01-21,290.0,21.35,5821,10,43.86652813720704,513,213.0500030517578,🔭LEAPS,HOLD,1
NVDA,2028-06-16,400.0,12.2,5393,10,44.62640823364258,660,213.0500030517578,🔭LEAPS,HOLD,1
IBIT,2028-01-21,1.0,43.76,7067,10,112.5004375,513,44.720001220703125,🔭LEAPS,HOLD,1
INTC,2028-01-21,55.0,44.92,5196,10,76.05004418945313,513,87.4800033569336,🔭LEAPS,HOLD,1
SMCI,2026-09-18,80.0,0.03,2484,10,108.59420703125,23,38.459999084472656,🆕低基期(前日Vol1) 🚬菸屁股,HOLD,1
OKLO,2026-10-16,110.0,0.16,811,10,112.69574902343751,51,44.27000045776367,🆕低基期(前日Vol2) 🚬菸屁股,HOLD,1
OKLO,2027-01-15,195.0,0.38,1227,10,108.88717431640625,142,44.27000045776367,🚬菸屁股,HOLD,1
OKLO,2028-01-21,80.0,10.51,922,10,90.41757629394532,513,44.27000045776367,🔭LEAPS,HOLD,1
VST,2026-10-16,200.0,0.3,1451,10,50.7817421875,51,139.02999877929688,🚬菸屁股,HOLD,1
VST,2026-11-20,240.0,0.34,1967,10,54.05319384765627,86,139.02999877929688,🚬菸屁股,HOLD,1
IONQ,2026-09-18,80.0,0.05,4189,10,98.437515625,23,42.04999923706055,🚬菸屁股,HOLD,1
IONQ,2026-12-18,105.0,0.93,1446,10,95.01958105468748,114,42.04999923706055,🚬菸屁股,HOLD,1
IONQ,2028-01-21,120.0,5.75,2331,10,89.44712701416016,513,42.04999923706055,🔭LEAPS,HOLD,1
DKNG,2027-01-15,37.0,0.8,1568,10,53.4184345703125,142,25.790000915527344,🚬菸屁股,HOLD,1
PATH,2027-01-15,35.0,0.35,3049,10,76.46507910156251,142,16.65999984741211,🚬菸屁股,HOLD,1
HOOD,2026-09-18,290.0,0.01,2069,10,106.25046875000001,23,112.08999633789062,🚬菸屁股,HOLD,1
HOOD,2026-12-18,260.0,0.75,2111,10,75.586181640625,114,112.08999633789062,🆕低基期(前日Vol2) 🚬菸屁股,HOLD,1
TDOC,2027-01-15,20.0,0.09,20349,10,101.95361523437501,142,6.190000057220459,🚬菸屁股,HOLD,1
XYZ,2027-01-15,140.0,0.46,1294,10,47.53470434570312,142,82.72000122070312,🆕低基期(前日Vol3) 🚬菸屁股,HOLD,1
XYZ,2028-01-21,105.0,10.87,2193,10,50.4765694580078,513,82.72000122070312,🔭LEAPS,HOLD,1
OPEN,2026-10-16,10.0,0.01,9258,10,144.53152734375,51,3.5999999046325684,🚬菸屁股,HOLD,1
OPEN,2026-11-20,15.0,0.04,13229,10,137.50031249999998,86,3.5999999046325684,🚬菸屁股,HOLD,1
NTLA,2028-01-21,10.0,7.2,1740,10,115.77190551757815,513,13.510000228881836,🆕低基期(前日Vol2) 🔭LEAPS,HOLD,1
HIMS,2028-01-21,55.0,7.2,841,10,79.41915112304687,513,31.75,🔭LEAPS,HOLD,1
SMR,2028-01-21,18.0,2.86,1478,10,99.75586181640624,513,9.8100004196167,🔭LEAPS,HOLD,1
CRWV,2026-09-18,200.0,0.05,5974,10,131.05503222656247,23,88.04000091552734,🚬菸屁股,HOLD,1
CRWV,2027-01-15,260.0,0.7,1937,10,88.20812573242188,142,88.04000091552734,🚬菸屁股,HOLD,1
APP,2026-09-18,550.0,0.05,1517,10,83.49625878906248,23,310.5400085449219,🚬菸屁股,HOLD,1
WMT,2026-12-18,150.0,0.16,3149,10,32.32489550781249,114,105.37999725341797,🚬菸屁股,HOLD,1
PCG,2026-10-16,22.0,0.26,2144,10,48.92629199218751,51,18.360000610351562,🚬菸屁股,HOLD,1
PCG,2028-01-21,17.0,3.68,1137,10,40.698835205078126,513,18.360000610351562,🔭LEAPS,HOLD,1
NFLX,2026-09-18,112.0,0.02,2428,10,48.438015625000006,23,82.2300033569336,🚬菸屁股,HOLD,1
NFLX,2026-09-18,120.0,0.01,22449,10,53.906710937500016,23,82.2300033569336,🚬菸屁股,HOLD,1
NFLX,2026-09-18,130.0,0.01,6425,10,57.812921875,23,82.2300033569336,🚬菸屁股,HOLD,1
NFLX,2026-09-18,136.0,0.03,987,10,71.0940390625,23,82.2300033569336,🚬菸屁股,HOLD,1
NFLX,2026-12-18,130.0,0.27,3542,10,44.6294599609375,114,82.2300033569336,🚬菸屁股,HOLD,1
NFLX,2026-12-18,142.0,0.14,2031,10,54.98091894531252,114,82.2300033569336,🚬菸屁股,HOLD,1
NFLX,2026-12-18,180.0,0.09,925,10,62.793340820312515,114,82.2300033569336,🚬菸屁股,HOLD,1
NFLX,2026-12-18,266.0,0.04,5124,10,71.48466015625,114,82.2300033569336,🚬菸屁股,HOLD,1
NFLX,2028-01-21,112.0,7.85,2501,10,45.270322692871105,513,82.2300033569336,🔭LEAPS,HOLD,1
NFLX,2028-01-21,165.0,2.65,1588,10,46.70463452148438,513,82.2300033569336,🔭LEAPS,HOLD,1
GOOGL,2026-12-18,530.0,0.76,3092,10,39.014281738281255,114,346.9599914550781,🚬菸屁股,HOLD,1
GOOGL,2028-01-21,650.0,8.3,23114,10,40.01830001831055,513,346.9599914550781,🔭LEAPS,HOLD,1
RGTI,2028-01-21,10.0,10.0,1720,10,94.65337377929689,513,16.940000534057617,🔭LEAPS,HOLD,1
RGTI,2028-01-21,60.0,2.38,810,10,98.77930908203125,513,16.940000534057617,🔭LEAPS,HOLD,1
SBUX,2028-01-21,160.0,3.0,855,10,33.521172607421875,513,105.76000213623047,🔭LEAPS,HOLD,1
NVDA,2028-01-21,380.0,8.8,8621,9,43.51100190734864,513,213.0500030517578,🔭LEAPS,HOLD,1
PLTR,2028-01-21,200.0,40.8,10941,9,61.72218453979493,513,172.72999572753906,🔭LEAPS,HOLD,1
INTC,2026-09-18,180.0,0.03,7784,9,93.7500625,23,87.4800033569336,🚬菸屁股,HOLD,1
INTC,2026-09-18,210.0,0.02,11854,9,110.9379453125,23,87.4800033569336,🚬菸屁股,HOLD,1
OKLO,2028-01-21,75.0,11.5,842,9,89.57529956054687,513,44.27000045776367,🔭LEAPS,HOLD,1
OKLO,2028-01-21,120.0,7.3,962,9,92.32185412597657,513,44.27000045776367,🔭LEAPS,HOLD,1
OKLO,2028-01-21,260.0,3.45,2600,9,99.9023447265625,513,44.27000045776367,🔭LEAPS,HOLD,1
RKLB,2026-09-18,125.0,0.07,1341,9,108.3988955078125,23,66.91000366210938,🚬菸屁股,HOLD,1
SOFI,2028-06-16,13.0,8.75,3502,9,69.2385888671875,660,19.0,🔭LEAPS,HOLD,1
SOFI,2028-06-16,18.0,6.89,9129,9,65.86948193359376,660,19.0,🔭LEAPS,HOLD,1
DKNG,2027-01-15,57.5,0.06,1146,9,59.375406250000005,142,25.790000915527344,🚬菸屁股,HOLD,1
PATH,2028-01-21,17.0,5.7,2664,9,76.78245874023439,513,16.65999984741211,🔭LEAPS,HOLD,1
TDOC,2026-10-16,8.0,0.08,2291,9,55.469195312500005,51,6.190000057220459,🚬菸屁股,HOLD,1
ACHR,2028-01-21,17.0,0.84,1450,9,92.8711650390625,513,5.960000038146973,🔭LEAPS,HOLD,1
SMR,2027-01-15,32.0,0.14,1100,9,107.03171484375002,142,9.8100004196167,🆕低基期(前日Vol1) 🚬菸屁股,HOLD,1
SMR,2028-01-21,25.0,2.02,2888,9,99.16993017578125,513,9.8100004196167,🆕低基期(前日Vol2) 🔭LEAPS,HOLD,1
NNE,2027-01-15,45.0,0.5,1480,9,91.3086806640625,142,19.239999771118164,🚬菸屁股,HOLD,1
NFLX,2026-09-18,97.0,0.1,1266,9,35.742830078124996,23,82.2300033569336,🚬菸屁股,HOLD,1
AMZN,2026-09-18,335.0,0.02,19912,9,37.402969726562496,23,261.05999755859375,🆕低基期(前日Vol2) 🚬菸屁股,HOLD,1
GOOGL,2026-09-18,430.0,0.18,2000,9,37.695935546875,23,346.9599914550781,🚬菸屁股,HOLD,1
GOOGL,2026-10-16,480.0,0.23,6414,9,40.74766284179688,51,346.9599914550781,🚬菸屁股,HOLD,1
ARM,2026-09-18,360.0,0.64,1234,9,77.44163183593751,23,241.55999755859375,🚬菸屁股,HOLD,1
TSLA,2026-11-20,700.0,0.78,17734,8,63.94079028320312,86,350.25,🚬菸屁股,HOLD,1
NVDA,2028-01-21,270.0,24.25,8269,8,44.18848536682129,513,213.0500030517578,🔭LEAPS,HOLD,1
IBIT,2028-01-21,62.0,5.85,5614,8,52.600571655273434,513,44.720001220703125,🔭LEAPS,HOLD,1
SMCI,2026-12-18,120.0,0.27,11004,8,96.97268652343749,114,38.459999084472656,🚬菸屁股,HOLD,1
OKLO,2026-12-18,120.0,0.75,3634,8,102.19775463867187,114,44.27000045776367,🆕低基期(前日Vol1) 🚬菸屁股,HOLD,1
OKLO,2026-12-18,165.0,0.62,3477,8,114.45355273437498,114,44.27000045776367,🚬菸屁股,HOLD,1
OKLO,2027-01-15,125.0,0.85,2285,8,101.7583037109375,142,44.27000045776367,🚬菸屁股,HOLD,1
OKLO,2027-01-15,220.0,0.28,1251,8,115.33245458984376,142,44.27000045776367,🚬菸屁股,HOLD,1
OKLO,2028-01-21,155.0,5.1,2057,8,94.37261486816406,513,44.27000045776367,🔭LEAPS,HOLD,1
RKLB,2026-10-16,160.0,0.13,750,8,97.460962890625,51,66.91000366210938,🚬菸屁股,HOLD,1
RKLB,2027-01-15,195.0,0.8,1140,8,89.30674755859374,142,66.91000366210938,🚬菸屁股,HOLD,1
ASTS,2028-01-21,170.0,10.1,1536,8,91.69319830322267,513,62.0099983215332,🔭LEAPS,HOLD,1
IONQ,2028-01-21,70.0,9.94,1488,8,86.21229608154297,513,42.04999923706055,🔭LEAPS,HOLD,1
UPST,2028-01-21,47.5,5.85,772,8,77.79563220214844,513,30.579999923706055,🔭LEAPS,HOLD,1
UPST,2028-01-21,50.0,6.25,2724,8,74.09693872070311,513,30.579999923706055,🆕低基期(前日Vol1) 🔭LEAPS,HOLD,1
DKNG,2026-09-18,37.5,0.01,2877,8,66.40658593750001,23,25.790000915527344,🚬菸屁股,HOLD,1
DKNG,2026-11-20,40.0,0.18,5680,8,54.78560839843751,86,25.790000915527344,🚬菸屁股,HOLD,1
DKNG,2027-01-15,35.0,0.96,13027,8,53.51608984375,142,25.790000915527344,🚬菸屁股,HOLD,1
PATH,2026-09-18,19.0,0.65,1280,8,87.500125,23,16.65999984741211,🚬菸屁股,HOLD,1
PATH,2027-01-15,37.0,0.26,4897,8,78.711150390625,142,16.65999984741211,🆕低基期(前日Vol1) 🚬菸屁股,HOLD,1
XYZ,2026-09-18,105.0,0.06,1243,8,49.219257812500004,23,82.72000122070312,🚬菸屁股,HOLD,1
CRSP,2028-01-21,110.0,8.34,754,8,66.01596484375001,513,60.900001525878906,🔭LEAPS,HOLD,1
HIMS,2028-01-21,75.0,5.36,1585,8,82.62956823730467,513,31.75,🆕低基期(前日Vol2) 🔭LEAPS,HOLD,1
LUNR,2028-01-21,40.0,4.35,3848,8,110.6205640869141,513,16.600000381469727,🔭LEAPS,HOLD,1
LUNR,2028-01-21,65.0,2.81,751,8,110.69380590820313,513,16.600000381469727,🔭LEAPS,HOLD,1
JOBY,2027-01-15,35.0,0.03,2449,8,117.57853710937498,142,7.21999979019165,🚬菸屁股,HOLD,1
CRWV,2026-09-18,195.0,0.06,3941,8,112.5004375,23,88.04000091552734,🚬菸屁股,HOLD,1
WMT,2027-01-15,165.0,0.14,3522,8,38.574833007812494,142,105.37999725341797,🚬菸屁股,HOLD,1
CRM,2026-09-18,270.0,0.32,1559,8,53.613745117187506,23,205.69000244140625,🚬菸屁股,HOLD,1
CRWD,2026-09-18,242.5,0.88,817,8,61.81678808593751,23,185.3800048828125,🚬菸屁股,HOLD,1
NFLX,2027-01-15,138.0,0.26,947,8,47.1684970703125,142,82.2300033569336,🚬菸屁股,HOLD,1
AMZN,2026-10-16,335.0,0.28,1049,8,33.301448242187504,51,261.05999755859375,🚬菸屁股,HOLD,1
AMZN,2026-11-20,380.0,0.41,3513,8,37.5982802734375,86,261.05999755859375,🚬菸屁股,HOLD,1
RGTI,2028-01-21,80.0,1.73,1737,8,101.1479552001953,513,16.940000534057617,🔭LEAPS,HOLD,1
TSLA,2026-12-18,850.0,0.74,7559,7,67.04134521484376,114,350.25,🚬菸屁股,HOLD,1
NVDA,2026-09-18,330.0,0.04,5235,7,60.35195898437502,23,213.0500030517578,🚬菸屁股,HOLD,1
IBIT,2026-10-16,105.0,0.06,9059,7,90.23447265624999,51,44.720001220703125,🚬菸屁股,HOLD,1
IBIT,2027-01-15,110.0,0.21,29673,7,67.09017285156251,142,44.720001220703125,🚬菸屁股,HOLD,1
IBIT,2027-01-15,140.0,0.11,27074,7,76.17211328125,142,44.720001220703125,🚬菸屁股,HOLD,1
IBIT,2028-01-21,95.0,2.41,5972,7,53.50388293457031,513,44.720001220703125,🔭LEAPS,HOLD,1
INTC,2028-01-21,45.0,50.7,6144,7,76.31859619140626,513,87.4800033569336,🔭LEAPS,HOLD,1
OKLO,2026-10-16,150.0,0.07,1234,7,132.03158984375,51,44.27000045776367,🚬菸屁股,HOLD,1
OKLO,2028-01-21,130.0,6.02,1355,7,93.37164831542968,513,44.27000045776367,🔭LEAPS,HOLD,1
RKLB,2027-01-15,200.0,0.67,3459,7,90.86923193359374,142,66.91000366210938,🚬菸屁股,HOLD,1
ASTS,2028-01-21,175.0,9.75,1230,7,92.773509765625,513,62.0099983215332,🔭LEAPS,HOLD,1
IONQ,2028-01-21,80.0,8.9,1773,7,85.37612280273439,513,42.04999923706055,🔭LEAPS,HOLD,1
UPST,2027-01-15,70.0,0.42,1689,7,74.60962890625001,142,30.579999923706055,🚬菸屁股,HOLD,1
UPST,2028-01-21,40.0,8.18,2473,7,76.64818273925782,513,30.579999923706055,🆕低基期(前日Vol2) 🔭LEAPS,HOLD,1
SOFI,2028-06-16,10.0,11.1,8980,7,73.24245507812499,660,19.0,🔭LEAPS,HOLD,1
DKNG,2026-12-18,40.0,0.33,4930,7,54.00436621093752,114,25.790000915527344,🚬菸屁股,HOLD,1
IREN,2028-01-21,115.0,7.85,1901,7,98.38868798828125,513,42.209999084472656,🔭LEAPS,HOLD,1
OPEN,2026-10-16,7.0,0.03,2772,7,99.2187578125,51,3.5999999046325684,🚬菸屁股,HOLD,1
OPEN,2028-01-21,17.0,3.4,861,7,25.00075,513,3.5999999046325684,🔭LEAPS,HOLD,1
NTLA,2028-01-21,42.0,1.9,6024,7,89.62412719726561,513,13.510000228881836,🆕低基期(前日Vol1) 🔭LEAPS,HOLD,1
VCYT,2026-09-18,50.0,0.6,1033,7,57.95940478515625,23,44.040000915527344,🚬菸屁股,HOLD,1
HIMS,2028-01-21,65.0,6.15,785,7,80.20039331054687,513,31.75,🆕低基期(前日Vol2) 🔭LEAPS,HOLD,1
ONDS,2026-12-18,18.0,0.24,3656,7,99.804689453125,114,8.239999771118164,🚬菸屁股,HOLD,1
ONDS,2028-01-21,4.0,5.3,22390,7,98.82813671875,513,8.239999771118164,🔭LEAPS,HOLD,1
ONDS,2028-01-21,22.0,1.61,1164,7,95.41020214843749,513,8.239999771118164,🔭LEAPS,HOLD,1
LUNR,2028-01-21,15.0,8.5,1051,7,117.04143041992188,513,16.600000381469727,🔭LEAPS,HOLD,1
SMR,2027-01-15,35.0,0.11,3103,7,108.984830078125,142,9.8100004196167,🚬菸屁股,HOLD,1
VRT,2026-09-18,350.0,0.45,2072,7,59.277750976562515,23,255.75,🚬菸屁股,HOLD,1
CRWV,2026-09-18,155.0,0.07,2046,7,90.23447265624999,23,88.04000091552734,🚬菸屁股,HOLD,1
CRWV,2026-10-16,180.0,0.24,8686,7,87.10950390625,51,88.04000091552734,🚬菸屁股,HOLD,1
WMT,2026-11-20,140.0,0.2,1439,7,32.49579223632812,86,105.37999725341797,🚬菸屁股,HOLD,1
WMT,2027-01-15,175.0,0.08,833,7,41.79745703125,142,105.37999725341797,🆕低基期(前日Vol2) 🚬菸屁股,HOLD,1
NFLX,2026-09-18,142.0,0.09,1067,7,99.023447265625,23,82.2300033569336,🚬菸屁股,HOLD,1
GOOGL,2028-01-21,600.0,11.6,7819,7,39.67803242492676,513,346.9599914550781,🔭LEAPS,HOLD,1
RGTI,2027-01-15,32.0,0.99,1183,7,95.94730615234374,142,16.940000534057617,🚬菸屁股,HOLD,1
RGTI,2027-01-15,60.0,0.35,3758,7,108.69186279296876,142,16.940000534057617,🚬菸屁股,HOLD,1
SBUX,2027-01-15,135.0,0.97,4843,7,33.789724609375,142,105.76000213623047,🚬菸屁股,HOLD,1
SBUX,2027-01-15,150.0,0.41,1826,7,31.86103295898437,142,105.76000213623047,🚬菸屁股,HOLD,1
NVDA,2026-09-18,360.0,0.01,5469,6,65.62534375000001,23,213.0500030517578,🚬菸屁股,HOLD,1
NVDA,2028-06-16,350.0,17.35,5527,6,44.32428723144531,660,213.0500030517578,🔭LEAPS,HOLD,1
MSTR,2027-01-15,550.0,0.56,6706,6,100.58643457031249,142,126.83000183105469,🚬菸屁股,HOLD,1
VST,2026-09-18,240.0,0.01,1269,6,97.55861816406251,23,139.02999877929688,🚬菸屁股,HOLD,1
UPST,2026-09-18,70.0,0.02,988,6,134.37532812499998,23,30.579999923706055,🚬菸屁股,HOLD,1
UPST,2028-01-21,42.5,7.8,2105,6,78.49142602539064,513,30.579999923706055,🔭LEAPS,HOLD,1
SOFI,2028-06-16,37.0,2.79,4545,6,64.99058447265625,660,19.0,🔭LEAPS,HOLD,1
DKNG,2026-09-18,45.0,0.08,6263,6,99.2187578125,23,25.790000915527344,🚬菸屁股,HOLD,1
DKNG,2026-12-18,38.0,0.45,1112,6,53.80905566406251,114,25.790000915527344,🚬菸屁股,HOLD,1
DKNG,2027-01-15,70.0,0.02,3800,6,66.79720703125001,142,25.790000915527344,🚬菸屁股,HOLD,1
IREN,2026-10-16,105.0,0.17,856,6,122.266013671875,51,42.209999084472656,🚬菸屁股,HOLD,1
HOOD,2026-11-20,230.0,0.64,2195,6,76.80687255859377,86,112.08999633789062,🚬菸屁股,HOLD,1
BEAM,2028-01-21,35.0,9.43,952,6,72.3635576171875,513,31.030000686645508,🔭LEAPS,HOLD,1
HIMS,2026-12-18,80.0,0.29,3432,6,97.85158398437501,114,31.75,🚬菸屁股,HOLD,1
HIMS,2028-01-21,35.0,11.29,2418,6,80.51777294921875,513,31.75,🔭LEAPS,HOLD,1
ONDS,2028-01-21,25.0,1.37,7672,6,98.04689453125,513,8.239999771118164,🔭LEAPS,HOLD,1
LUNR,2026-09-18,35.0,0.03,1282,6,137.50031249999998,23,16.600000381469727,🚬菸屁股,HOLD,1
LUNR,2026-09-18,40.0,0.08,4588,6,148.4377578125,23,16.600000381469727,🚬菸屁股,HOLD,1
JOBY,2026-11-20,17.0,0.04,1225,6,99.60937890625,86,7.21999979019165,🚬菸屁股,HOLD,1
ACHR,2027-01-15,27.0,0.05,5946,6,112.5004375,142,5.960000038146973,🚬菸屁股,HOLD,1
SMR,2026-11-20,16.0,0.49,1065,6,95.70316796875,86,9.8100004196167,🚬菸屁股,HOLD,1
SMR,2027-01-15,37.0,0.1,1006,6,108.203583984375,142,9.8100004196167,🚬菸屁股,HOLD,1
SMR,2028-01-21,40.0,1.1,1122,6,102.63720556640625,513,9.8100004196167,🔭LEAPS,HOLD,1
VRT,2026-09-18,380.0,0.17,1099,6,67.38313867187502,23,255.75,🚬菸屁股,HOLD,1
CRWV,2026-09-18,280.0,0.01,4750,6,142.1877890625,23,88.04000091552734,🆕低基期(前日Vol1) 🚬菸屁股,HOLD,1
WMT,2027-01-15,155.0,0.29,3406,6,34.91276025390625,142,105.37999725341797,🚬菸屁股,HOLD,1
WMT,2028-01-21,135.0,6.0,831,6,31.42158422851562,513,105.37999725341797,🔭LEAPS,HOLD,1
PCG,2026-12-18,22.0,0.47,5864,6,41.211525390625,114,18.360000610351562,🚬菸屁股,HOLD,1
MNST,2028-01-21,72.5,1.4,1531,6,30.676962768554684,513,48.72999954223633,🔭LEAPS,HOLD,1
CRM,2026-12-18,550.0,0.02,7412,6,57.42230078125,114,205.69000244140625,🚬菸屁股,HOLD,1
NFLX,2026-09-18,103.0,0.06,808,6,39.649041015625,23,82.2300033569336,🚬菸屁股,HOLD,1
NFLX,2026-09-18,125.0,0.02,23338,6,56.250437500000004,23,82.2300033569336,🚬菸屁股,HOLD,1
NFLX,2026-09-18,140.0,0.01,2126,6,72.6565234375,23,82.2300033569336,🚬菸屁股,HOLD,1
NFLX,2027-01-15,130.0,0.45,9267,6,43.115803222656254,142,82.2300033569336,🚬菸屁股,HOLD,1
NFLX,2027-01-15,136.0,0.32,1010,6,48.85305053710938,142,82.2300033569336,🚬菸屁股,HOLD,1
NFLX,2028-01-21,148.0,2.86,801,6,46.216358154296884,513,82.2300033569336,🔭LEAPS,HOLD,1
NFLX,2028-01-21,215.0,1.0,1246,6,46.851117431640624,513,82.2300033569336,🔭LEAPS,HOLD,1
AMZN,2026-09-18,370.0,0.05,7119,6,50.19581054687501,23,261.05999755859375,🚬菸屁股,HOLD,1
AMZN,2026-09-18,380.0,0.02,3918,6,46.0942890625,23,261.05999755859375,🚬菸屁股,HOLD,1
GOOGL,2026-11-20,530.0,0.36,3444,6,40.332627929687504,86,346.9599914550781,🆕低基期(前日Vol1) 🚬菸屁股,HOLD,1
RGTI,2027-01-15,45.0,0.45,3139,6,99.41406835937501,142,16.940000534057617,🚬菸屁股,HOLD,1
RGTI,2027-01-15,80.0,0.15,1871,6,114.64886425781249,142,16.940000534057617,🚬菸屁股,HOLD,1
RGTI,2027-01-15,85.0,0.14,3514,6,116.79729101562502,142,16.940000534057617,🚬菸屁股,HOLD,1
SBUX,2026-12-18,140.0,0.38,1971,6,34.30241479492187,114,105.76000213623047,🚬菸屁股,HOLD,1
SBUX,2028-01-21,125.0,9.26,1239,6,35.559726440429685,513,105.76000213623047,🔭LEAPS,HOLD,1
NVDA,2026-09-18,370.0,0.02,5549,5,68.7503125,23,213.0500030517578,🚬菸屁股,HOLD,1
NVDA,2028-01-21,410.0,6.95,21089,5,43.759717681884766,513,213.0500030517578,🔭LEAPS,HOLD,1
GOOG,2026-09-18,430.0,0.19,9450,5,39.600213378906254,23,343.3399963378906,🚬菸屁股,HOLD,1
INTC,2026-10-16,170.0,0.17,7514,5,76.75804492187501,51,87.4800033569336,🚬菸屁股,HOLD,1
SMCI,2027-01-15,90.0,0.86,27777,5,87.64660791015625,142,38.459999084472656,🚬菸屁股,HOLD,1
SMCI,2028-01-21,70.0,8.2,2170,5,84.8634326171875,513,38.459999084472656,🔭LEAPS,HOLD,1
OKLO,2026-12-18,125.0,0.52,2271,5,103.90673046875003,114,44.27000045776367,🚬菸屁股,HOLD,1
RKLB,2026-12-18,210.0,0.33,1260,5,96.0937890625,114,66.91000366210938,🆕低基期(前日Vol2) 🚬菸屁股,HOLD,1
ASTS,2026-10-16,115.0,0.59,1024,5,97.6562734375,51,62.0099983215332,🚬菸屁股,HOLD,1
ASTS,2026-10-16,175.0,0.21,2424,5,126.85583447265623,51,62.0099983215332,🚬菸屁股,HOLD,1
IONQ,2026-12-18,140.0,0.51,918,5,99.9023447265625,114,42.04999923706055,🚬菸屁股,HOLD,1
UPST,2026-09-18,47.5,0.04,946,5,92.57819921875,23,30.579999923706055,🚬菸屁股,HOLD,1
UPST,2026-09-18,52.5,0.03,1345,5,81.2501875,23,30.579999923706055,🚬菸屁股,HOLD,1
SOFI,2027-01-15,45.0,0.08,11347,5,70.117486328125,142,19.0,🚬菸屁股,HOLD,1
SOFI,2028-06-16,42.0,2.28,3155,5,65.1370673828125,660,19.0,🆕低基期(前日Vol2) 🔭LEAPS,HOLD,1
DKNG,2026-12-18,70.0,0.14,6411,5,78.9064609375,114,25.790000915527344,🚬菸屁股,HOLD,1
DKNG,2027-01-15,55.0,0.08,6919,5,58.20354296875,142,25.790000915527344,🚬菸屁股,HOLD,1
DKNG,2027-01-15,60.0,0.06,8926,5,69.14093359375,142,25.790000915527344,🚬菸屁股,HOLD,1
DKNG,2028-01-21,20.0,10.25,1677,5,66.04037866210939,513,25.790000915527344,🔭LEAPS,HOLD,1
IREN,2026-09-18,95.0,0.06,1184,5,148.828380859375,23,42.209999084472656,🚬菸屁股,HOLD,1
IREN,2026-12-18,110.0,0.9,3864,5,106.39695239257816,114,42.209999084472656,🆕低基期(前日Vol2) 🚬菸屁股,HOLD,1
NBIS,2026-09-18,390.0,0.55,1256,5,101.85595947265624,23,221.97000122070312,🆕低基期(前日Vol2) 🚬菸屁股,HOLD,1
HOOD,2026-09-18,280.0,0.01,1021,5,116.40666796875001,23,112.08999633789062,🚬菸屁股,HOLD,1
HOOD,2028-01-21,260.0,11.9,1419,5,72.06448834228516,513,112.08999633789062,🆕低基期(前日Vol1) 🔭LEAPS,HOLD,1
XYZ,2027-01-15,135.0,0.55,1095,5,46.7778759765625,142,82.72000122070312,🆕低基期(前日Vol1) 🚬菸屁股,HOLD,1
BEAM,2028-01-21,50.0,5.2,1964,5,75.08569836425781,513,31.030000686645508,🔭LEAPS,HOLD,1
HIMS,2028-01-21,60.0,6.5,3571,5,84.15543188476562,513,31.75,🔭LEAPS,HOLD,1
HIMS,2028-01-21,90.0,4.5,4294,5,83.4596380615234,513,31.75,🔭LEAPS,HOLD,1
ONDS,2027-01-15,16.0,0.45,1182,5,93.55475195312499,142,8.239999771118164,🚬菸屁股,HOLD,1
ONDS,2027-01-15,19.0,0.29,1026,5,99.60937890625,142,8.239999771118164,🚬菸屁股,HOLD,1
JOBY,2027-01-15,9.0,0.81,2164,5,77.6369423828125,142,7.21999979019165,🚬菸屁股,HOLD,1
JOBY,2027-01-15,22.0,0.06,6470,5,102.93017285156252,142,7.21999979019165,🆕低基期(前日Vol1) 🚬菸屁股,HOLD,1
ACHR,2028-01-21,2.0,4.46,1100,5,103.71141894531253,513,5.960000038146973,🔭LEAPS,HOLD,1
SMR,2027-01-15,85.0,0.02,2612,5,131.25034374999998,142,9.8100004196167,🆕低基期(前日Vol1) 🚬菸屁股,HOLD,1
NNE,2027-01-15,65.0,0.2,1266,5,98.82813671875,142,19.239999771118164,🚬菸屁股,HOLD,1
NNE,2027-01-15,90.0,0.09,2771,5,107.03171484375002,142,19.239999771118164,🆕低基期(前日Vol1) 🚬菸屁股,HOLD,1
CRWV,2026-10-16,165.0,0.39,2348,5,85.1563984375,51,88.04000091552734,🚬菸屁股,HOLD,1
APP,2026-09-18,700.0,0.23,2176,5,98.04689453125,23,310.5400085449219,🚬菸屁股,HOLD,1
RDDT,2026-09-18,260.0,0.06,2188,5,74.60962890625001,23,162.4499969482422,🆕低基期(前日Vol2) 🚬菸屁股,HOLD,1
WMT,2026-10-16,135.0,0.07,1273,5,31.39717041015625,51,105.37999725341797,🚬菸屁股,HOLD,1
WMT,2028-01-21,145.0,4.5,1621,5,30.976032043457035,513,105.37999725341797,🔭LEAPS,HOLD,1
WMT,2028-01-21,175.0,1.45,1299,5,31.45820495605468,513,105.37999725341797,🔭LEAPS,HOLD,1
PCG,2028-01-21,27.0,0.8,914,5,36.86586572265625,513,18.360000610351562,🔭LEAPS,HOLD,1
CRM,2028-01-21,390.0,10.6,4230,5,50.08900009155274,513,205.69000244140625,🔭LEAPS,HOLD,1
NFLX,2026-11-20,130.0,0.18,2924,5,47.70560107421875,86,82.2300033569336,🚬菸屁股,HOLD,1
NFLX,2027-01-15,132.0,0.43,4929,5,43.87263159179688,142,82.2300033569336,🚬菸屁股,HOLD,1
NFLX,2027-01-15,168.0,0.12,1923,5,55.1762294921875,142,82.2300033569336,🚬菸屁股,HOLD,1
NFLX,2027-01-15,212.0,0.09,847,5,61.328511718750015,142,82.2300033569336,🚬菸屁股,HOLD,1
GOOGL,2026-09-18,435.0,0.18,1052,5,42.774009765625,23,346.9599914550781,🚬菸屁股,HOLD,1
GOOGL,2026-09-18,480.0,0.17,807,5,50.098155273437506,23,346.9599914550781,🚬菸屁股,HOLD,1
GOOGL,2026-09-18,590.0,0.01,1779,5,74.02369726562499,23,346.9599914550781,🚬菸屁股,HOLD,1
GOOGL,2026-09-18,800.0,0.01,11844,5,89.062609375,23,346.9599914550781,🚬菸屁股,HOLD,1
GOOGL,2026-10-16,435.0,0.69,803,5,34.815104980468746,51,346.9599914550781,🆕低基期(前日Vol1) 🚬菸屁股,HOLD,1
GOOGL,2026-10-16,500.0,0.17,3964,5,41.8951123046875,51,346.9599914550781,🆕低基期(前日Vol1) 🚬菸屁股,HOLD,1
GOOGL,2026-10-16,520.0,0.17,3597,5,45.654840332031256,51,346.9599914550781,🆕低基期(前日Vol2) 🚬菸屁股,HOLD,1
ARM,2026-09-18,450.0,0.13,1641,5,108.7895185546875,23,241.55999755859375,🚬菸屁股,HOLD,1
RGTI,2027-01-15,35.0,0.79,4442,5,91.8946123046875,142,16.940000534057617,🚬菸屁股,HOLD,1
RGTI,2027-01-15,75.0,0.16,1222,5,114.25824121093751,142,16.940000534057617,🚬菸屁股,HOLD,1
RGTI,2028-01-21,40.0,3.4,2683,5,92.43171630859376,513,16.940000534057617,🔭LEAPS,HOLD,1
NVDA,2026-09-18,420.0,0.02,7921,4,82.81267187499999,23,213.0500030517578,🚬菸屁股,HOLD,1
AAPL,2026-09-18,530.0,0.01,9426,4,75.39087109375001,23,309.8999938964844,🚬菸屁股,HOLD,1
PLTR,2026-09-18,410.0,0.01,6875,4,108.59420703125,23,172.72999572753906,🚬菸屁股,HOLD,1
INTC,2026-09-18,170.0,0.03,5143,4,93.7500625,23,87.4800033569336,🚬菸屁股,HOLD,1
OKLO,2026-12-18,105.0,0.72,2588,4,98.82813671875,114,44.27000045776367,🚬菸屁股,HOLD,1
RKLB,2028-01-21,195.0,7.25,1918,4,81.83611914062499,513,66.91000366210938,🔭LEAPS,HOLD,1
ASTS,2026-09-18,140.0,0.04,8359,4,118.75040625,23,62.0099983215332,🚬菸屁股,HOLD,1
ASTS,2026-11-20,175.0,0.46,1573,4,108.93600219726562,86,62.0099983215332,🚬菸屁股,HOLD,1
ASTS,2026-11-20,185.0,0.4,4030,4,112.79340478515624,86,62.0099983215332,🚬菸屁股,HOLD,1
IONQ,2026-09-18,75.0,0.04,1775,4,101.95361523437501,23,42.04999923706055,🚬菸屁股,HOLD,1
IONQ,2026-09-18,85.0,0.04,1367,4,112.89106054687501,23,42.04999923706055,🚬菸屁股,HOLD,1
IONQ,2028-01-21,85.0,8.0,1006,4,86.41981353759765,513,42.04999923706055,🔭LEAPS,HOLD,1
UPST,2027-01-15,90.0,0.18,1382,4,90.039162109375,142,30.579999923706055,🚬菸屁股,HOLD,1
UPST,2027-01-15,125.0,0.15,1772,4,109.57076464843752,142,30.579999923706055,🚬菸屁股,HOLD,1
SOFI,2028-01-21,32.0,2.42,7285,4,63.574583007812514,513,19.0,🔭LEAPS,HOLD,1
SOFI,2028-01-21,42.0,1.59,8972,4,63.91637646484375,513,19.0,🆕低基期(前日Vol1) 🔭LEAPS,HOLD,1
DKNG,2027-01-15,50.0,0.14,15356,4,54.297332031250015,142,25.790000915527344,🚬菸屁股,HOLD,1
DKNG,2027-01-15,80.0,0.03,1013,4,71.87528125,142,25.790000915527344,🚬菸屁股,HOLD,1
DKNG,2028-01-21,35.0,4.3,1990,4,59.302164794921886,513,25.790000915527344,🔭LEAPS,HOLD,1
IREN,2028-01-21,100.0,9.35,7062,4,95.84965087890623,513,42.209999084472656,🔭LEAPS,HOLD,1
HIMS,2027-01-15,85.0,0.6,2585,4,93.4570966796875,142,31.75,🆕低基期(前日Vol1) 🚬菸屁股,HOLD,1
ONDS,2028-01-21,2.0,6.45,1531,4,127.34411328124997,513,8.239999771118164,🔭LEAPS,HOLD,1
ONDS,2028-01-21,3.0,5.8,3392,4,98.242205078125,513,8.239999771118164,🔭LEAPS,HOLD,1
ONDS,2028-01-21,27.0,1.28,12406,4,99.36524072265625,513,8.239999771118164,🆕低基期(前日Vol1) 🔭LEAPS,HOLD,1
JOBY,2027-01-15,32.0,0.07,1048,4,112.5004375,142,7.21999979019165,🚬菸屁股,HOLD,1
JOBY,2028-01-21,32.0,0.46,9939,4,86.8165380859375,513,7.21999979019165,🔭LEAPS,HOLD,1
NNE,2026-10-16,26.0,0.67,4665,4,86.914193359375,51,19.239999771118164,🚬菸屁股,HOLD,1
NNE,2026-10-16,28.0,0.5,936,4,84.76577734374999,51,19.239999771118164,🚬菸屁股,HOLD,1
NNE,2027-01-15,42.0,0.85,849,4,89.16026464843749,142,19.239999771118164,🚬菸屁股,HOLD,1
VRT,2026-09-18,370.0,0.18,1331,4,63.72106591796876,23,255.75,🚬菸屁股,HOLD,1
CRWV,2026-09-18,250.0,0.01,1114,4,143.75028125,23,88.04000091552734,🚬菸屁股,HOLD,1
CRWV,2026-11-20,200.0,0.7,4926,4,89.74619628906248,86,88.04000091552734,🚬菸屁股,HOLD,1
CRWV,2027-01-15,250.0,0.82,2625,4,86.4259169921875,142,88.04000091552734,🚬菸屁股,HOLD,1
PCG,2026-09-18,26.0,0.05,5069,4,71.48466015625,23,18.360000610351562,🚬菸屁股,HOLD,1
NFLX,2026-12-18,150.0,0.11,4882,4,49.023947265625004,114,82.2300033569336,🚬菸屁股,HOLD,1
NFLX,2027-01-15,144.0,0.23,4691,4,48.38918798828126,142,82.2300033569336,🚬菸屁股,HOLD,1
NFLX,2027-01-15,252.0,0.04,782,4,63.281617187500004,142,82.2300033569336,🚬菸屁股,HOLD,1
NFLX,2028-01-21,225.0,0.9,815,4,47.43704907226562,513,82.2300033569336,🔭LEAPS,HOLD,1
AMZN,2026-12-18,375.0,0.89,1215,4,35.938140624999996,114,261.05999755859375,🚬菸屁股,HOLD,1
AMZN,2026-12-18,400.0,0.46,1993,4,36.499658447265624,114,261.05999755859375,🚬菸屁股,HOLD,1
AMZN,2027-01-15,410.0,0.61,3282,4,36.15786499023437,142,261.05999755859375,🚬菸屁股,HOLD,1
GOOGL,2026-10-16,800.0,0.02,4848,4,67.18782812500001,51,346.9599914550781,🚬菸屁股,HOLD,1
GOOGL,2027-01-15,600.0,0.55,3352,4,40.552352294921874,142,346.9599914550781,🚬菸屁股,HOLD,1
RGTI,2026-09-18,26.0,0.08,1190,4,91.79695703125,23,16.940000534057617,🚬菸屁股,HOLD,1
RGTI,2028-01-21,17.0,7.35,1262,4,100.90381579589844,513,16.940000534057617,🔭LEAPS,HOLD,1
TSLA,2026-09-18,750.0,0.05,6110,3,94.14068359375,23,350.25,🚬菸屁股,HOLD,1
TSLA,2026-09-18,800.0,0.05,8896,3,103.51610742187502,23,350.25,🚬菸屁股,HOLD,1
TSLA,2026-09-18,980.0,0.01,6794,3,119.53165234375001,23,350.25,🚬菸屁股,HOLD,1
NVDA,2028-01-21,370.0,10.01,5292,3,43.60407958984375,513,213.0500030517578,🔭LEAPS,HOLD,1
NVDA,2028-01-21,390.0,7.95,8468,3,43.665114135742186,513,213.0500030517578,🔭LEAPS,HOLD,1
GOOG,2026-09-18,460.0,0.15,5679,3,49.1216025390625,23,343.3399963378906,🚬菸屁股,HOLD,1
IBIT,2027-01-15,115.0,0.18,5472,3,68.7503125,142,44.720001220703125,🚬菸屁股,HOLD,1
COIN,2027-01-15,880.0,0.3,13587,3,93.99420068359376,142,187.16000366210938,🚬菸屁股,HOLD,1
SMCI,2026-09-18,85.0,0.04,4437,3,116.40666796875001,23,38.459999084472656,🚬菸屁股,HOLD,1
SMCI,2026-09-18,95.0,0.05,1061,3,126.56286718749999,23,38.459999084472656,🚬菸屁股,HOLD,1
OKLO,2026-10-16,130.0,0.05,2993,3,121.28945605468748,51,44.27000045776367,🚬菸屁股,HOLD,1
OKLO,2026-12-18,160.0,0.33,927,3,113.47699511718751,114,44.27000045776367,🚬菸屁股,HOLD,1
OKLO,2027-01-15,130.0,0.63,1303,3,99.41406835937501,142,44.27000045776367,🚬菸屁股,HOLD,1
OKLO,2027-01-15,190.0,0.24,753,3,108.59420703125,142,44.27000045776367,🚬菸屁股,HOLD,1
VST,2026-09-18,185.0,0.2,1519,3,52.93015820312501,23,139.02999877929688,🆕低基期(前日Vol1) 🚬菸屁股,HOLD,1
VST,2026-12-18,250.0,0.49,1097,3,52.46629565429688,114,139.02999877929688,🚬菸屁股,HOLD,1
VST,2028-01-21,320.0,6.05,784,3,55.13960876464845,513,139.02999877929688,🆕低基期(前日Vol1) 🔭LEAPS,HOLD,1
RKLB,2028-01-21,175.0,8.57,3470,3,82.25115405273438,513,66.91000366210938,🔭LEAPS,HOLD,1
ASTS,2028-01-21,160.0,10.86,1118,3,92.68806140136718,513,62.0099983215332,🔭LEAPS,HOLD,1
IONQ,2026-10-16,85.0,0.21,2380,3,96.0937890625,51,42.04999923706055,🚬菸屁股,HOLD,1
IONQ,2028-01-21,75.0,9.69,886,3,86.79822772216797,513,42.04999923706055,🔭LEAPS,HOLD,1
IONQ,2028-01-21,90.0,7.63,2049,3,86.41981353759765,513,42.04999923706055,🔭LEAPS,HOLD,1
UPST,2026-09-18,42.5,0.08,2781,3,77.53928710937501,23,30.579999923706055,🆕低基期(前日Vol1) 🚬菸屁股,HOLD,1
UPST,2026-10-16,50.0,0.12,2344,3,69.72686523437501,51,30.579999923706055,🚬菸屁股,HOLD,1
UPST,2027-01-15,80.0,0.25,2092,3,80.85956640625,142,30.579999923706055,🚬菸屁股,HOLD,1
UPST,2027-01-15,100.0,0.1,6037,3,89.45323046875,142,30.579999923706055,🚬菸屁股,HOLD,1
SOFI,2026-09-18,40.0,0.02,24951,3,107.81296093750001,23,19.0,🚬菸屁股,HOLD,1
SOFI,2028-01-21,37.0,2.01,8075,3,62.96423754882813,513,19.0,🔭LEAPS,HOLD,1
DKNG,2026-09-18,42.5,0.01,1108,3,90.62509374999999,23,25.790000915527344,🚬菸屁股,HOLD,1
IREN,2026-12-18,135.0,0.43,813,3,108.64303491210939,114,42.209999084472656,🚬菸屁股,HOLD,1
IREN,2027-01-15,130.0,0.9,1221,3,104.73680444335938,142,42.209999084472656,🚬菸屁股,HOLD,1
U,2028-01-21,60.0,11.1,1009,3,69.12872668457032,513,44.9900016784668,🔭LEAPS,HOLD,1
PATH,2028-01-21,8.0,9.87,1772,3,85.88881298828124,513,16.65999984741211,🔭LEAPS,HOLD,1
TDOC,2027-01-15,9.0,0.38,1200,3,64.25816992187501,142,6.190000057220459,🚬菸屁股,HOLD,1
HIMS,2026-12-18,65.0,0.86,800,3,89.062609375,114,31.75,🚬菸屁股,HOLD,1
HIMS,2027-01-15,80.0,0.55,4436,3,93.50592431640624,142,31.75,🆕低基期(前日Vol1) 🚬菸屁股,HOLD,1
HIMS,2028-01-21,50.0,7.97,2104,3,83.4718449707031,513,31.75,🔭LEAPS,HOLD,1
ONDS,2026-09-18,16.0,0.04,17195,3,139.06280468749998,23,8.239999771118164,🚬菸屁股,HOLD,1
ONDS,2026-12-18,16.0,0.34,1116,3,95.80082324218748,114,8.239999771118164,🚬菸屁股,HOLD,1
SMR,2027-01-15,50.0,0.08,4804,3,117.57853710937498,142,9.8100004196167,🚬菸屁股,HOLD,1
VRT,2026-09-18,360.0,0.24,1932,3,60.547269531250016,23,255.75,🚬菸屁股,HOLD,1
APP,2026-09-18,500.0,0.15,2715,3,72.851833984375,23,310.5400085449219,🚬菸屁股,HOLD,1
APP,2026-09-18,600.0,0.02,2460,3,81.2501875,23,310.5400085449219,🚬菸屁股,HOLD,1
APP,2026-09-18,900.0,0.11,1272,3,145.1174619140625,23,310.5400085449219,🚬菸屁股,HOLD,1
RDDT,2026-09-18,240.0,0.15,2344,3,66.60189648437502,23,162.4499969482422,🚬菸屁股,HOLD,1
RDDT,2026-10-16,300.0,0.28,852,3,73.24245507812499,51,162.4499969482422,🚬菸屁股,HOLD,1
WMT,2028-01-21,125.0,8.37,847,3,32.09296423339843,513,105.37999725341797,🔭LEAPS,HOLD,1
WMT,2028-01-21,180.0,1.49,902,3,31.262894409179687,513,105.37999725341797,🔭LEAPS,HOLD,1
CRWD,2026-09-18,252.5,0.43,883,3,65.52768847656252,23,185.3800048828125,🚬菸屁股,HOLD,1
NFLX,2026-09-18,101.0,0.05,1787,3,38.477177734375,23,82.2300033569336,🚬菸屁股,HOLD,1
NFLX,2026-12-18,122.0,0.38,2106,3,43.23787231445312,114,82.2300033569336,🚬菸屁股,HOLD,1
NFLX,2026-12-18,138.0,0.2,1111,3,53.51608984375,114,82.2300033569336,🚬菸屁股,HOLD,1
NFLX,2026-12-18,200.0,0.05,2809,3,57.812921875,114,82.2300033569336,🚬菸屁股,HOLD,1
NFLX,2026-12-18,265.0,0.03,1382,3,73.04714453125,114,82.2300033569336,🚬菸屁股,HOLD,1
NFLX,2027-01-15,116.0,0.97,11081,3,42.04159521484375,142,82.2300033569336,🚬菸屁股,HOLD,1
NFLX,2027-01-15,122.0,0.68,2658,3,41.28476684570312,142,82.2300033569336,🚬菸屁股,HOLD,1
NFLX,2027-01-15,166.0,0.23,889,3,52.246571289062494,142,82.2300033569336,🚬菸屁股,HOLD,1
NFLX,2027-01-15,175.0,0.07,818,3,57.7152666015625,142,82.2300033569336,🚬菸屁股,HOLD,1
NFLX,2028-06-16,120.0,8.81,1822,3,46.228565063476566,660,82.2300033569336,🔭LEAPS,HOLD,1
NFLX,2028-06-16,150.0,5.3,1769,3,46.460496337890625,660,82.2300033569336,🔭LEAPS,HOLD,1
AMZN,2026-09-18,360.0,0.02,6467,3,51.6606396484375,23,261.05999755859375,🚬菸屁股,HOLD,1
GOOGL,2026-09-18,495.0,0.19,1863,3,54.394987304687504,23,346.9599914550781,🚬菸屁股,HOLD,1
GOOGL,2026-10-16,445.0,0.55,1152,3,35.986968261718744,51,346.9599914550781,🚬菸屁股,HOLD,1
GOOGL,2026-10-16,510.0,0.2,3151,3,43.99470068359375,51,346.9599914550781,🚬菸屁股,HOLD,1
RGTI,2026-10-16,35.0,0.19,8376,3,99.2187578125,51,16.940000534057617,🚬菸屁股,HOLD,1
RGTI,2027-01-15,47.0,0.38,1201,3,101.66064794921877,142,16.940000534057617,🚬菸屁股,HOLD,1
RGTI,2028-01-21,50.0,2.9,3033,3,95.70316796875,513,16.940000534057617,🔭LEAPS,HOLD,1
SBUX,2027-01-15,170.0,0.16,807,3,41.94393994140625,142,105.76000213623047,🚬菸屁股,HOLD,1
SBUX,2028-01-21,135.0,7.2,2147,3,33.24651715087891,513,105.76000213623047,🔭LEAPS,HOLD,1
TSLA,2028-01-21,900.0,12.63,6253,2,55.54854022216797,513,350.25,🔭LEAPS,HOLD,1
MSFT,2026-09-18,800.0,0.02,10368,2,53.12546875,23,491.7099914550781,🚬菸屁股,HOLD,1
IBIT,2028-01-21,75.0,4.1,5458,2,52.734847656250004,513,44.720001220703125,🔭LEAPS,HOLD,1
IBIT,2028-01-21,90.0,2.68,5025,2,53.27195166015625,513,44.720001220703125,🔭LEAPS,HOLD,1
INTC,2026-09-18,195.0,0.02,8563,2,103.12548437500001,23,87.4800033569336,🚬菸屁股,HOLD,1
SMCI,2026-12-18,90.0,0.6,2794,2,90.77157666015624,114,38.459999084472656,🚬菸屁股,HOLD,1
SMCI,2026-12-18,106.0,0.36,2332,2,95.01958105468748,114,38.459999084472656,🚬菸屁股,HOLD,1
SMCI,2028-01-21,85.0,7.15,15620,2,85.3639158935547,513,38.459999084472656,🔭LEAPS,HOLD,1
OKLO,2026-11-20,105.0,0.45,955,2,104.63914868164066,86,44.27000045776367,🚬菸屁股,HOLD,1
OKLO,2026-11-20,115.0,0.6,860,2,103.80907470703127,86,44.27000045776367,🚬菸屁股,HOLD,1
OKLO,2026-11-20,165.0,0.2,1142,2,119.53165234375001,86,44.27000045776367,🚬菸屁股,HOLD,1
OKLO,2028-01-21,95.0,8.72,830,2,90.86923193359374,513,44.27000045776367,🔭LEAPS,HOLD,1
OKLO,2028-01-21,145.0,5.76,1537,2,95.33696069335937,513,44.27000045776367,🔭LEAPS,HOLD,1
VST,2026-09-18,235.0,0.06,829,2,94.726615234375,23,139.02999877929688,🚬菸屁股,HOLD,1
VST,2026-10-16,190.0,0.53,753,2,51.001466552734385,51,139.02999877929688,🚬菸屁股,HOLD,1
VST,2026-10-16,250.0,0.12,1579,2,68.65265722656251,51,139.02999877929688,🚬菸屁股,HOLD,1
VST,2027-01-15,255.0,0.79,867,2,52.6371923828125,142,139.02999877929688,🚬菸屁股,HOLD,1
IONQ,2026-09-18,90.0,0.01,2078,2,120.3128984375,23,42.04999923706055,🚬菸屁股,HOLD,1
IONQ,2026-11-20,120.0,0.88,2372,2,105.17625537109376,86,42.04999923706055,🚬菸屁股,HOLD,1
IONQ,2027-01-15,110.0,0.81,2753,2,94.48247705078124,142,42.04999923706055,🚬菸屁股,HOLD,1
IONQ,2027-01-15,120.0,0.64,3941,2,96.82620361328125,142,42.04999923706055,🚬菸屁股,HOLD,1
UPST,2026-09-18,45.0,0.05,3602,2,71.48466015625,23,30.579999923706055,🚬菸屁股,HOLD,1
UPST,2027-01-15,135.0,0.06,6749,2,95.507857421875,142,30.579999923706055,🚬菸屁股,HOLD,1
UPST,2028-01-21,45.0,7.05,785,2,79.49239257812499,513,30.579999923706055,🔭LEAPS,HOLD,1
UPST,2028-01-21,100.0,2.3,1399,2,78.63790893554688,513,30.579999923706055,🔭LEAPS,HOLD,1
SOFI,2026-12-18,37.0,0.12,1922,2,65.43003320312502,114,19.0,🚬菸屁股,HOLD,1
SOFI,2028-01-21,8.0,11.95,1647,2,92.4805439453125,513,19.0,🔭LEAPS,HOLD,1
SOFI,2028-06-16,23.0,5.18,7255,2,64.8441015625,660,19.0,🔭LEAPS,HOLD,1
DKNG,2026-09-18,47.5,0.01,915,2,126.95349023437497,23,25.790000915527344,🚬菸屁股,HOLD,1
DKNG,2026-12-18,50.0,0.06,1461,2,64.45348046875,114,25.790000915527344,🚬菸屁股,HOLD,1
DKNG,2026-12-18,60.0,0.02,1047,2,83.007982421875,114,25.790000915527344,🚬菸屁股,HOLD,1
DKNG,2028-01-21,42.5,2.96,1679,2,57.910577148437504,513,25.790000915527344,🔭LEAPS,HOLD,1
DKNG,2028-01-21,50.0,1.85,26114,2,62.2074091796875,513,25.790000915527344,🔭LEAPS,HOLD,1
PATH,2028-01-21,22.0,4.3,3194,2,77.19749365234375,513,16.65999984741211,🔭LEAPS,HOLD,1
PATH,2028-01-21,35.0,2.3,888,2,74.26783544921875,513,16.65999984741211,🔭LEAPS,HOLD,1
HOOD,2026-12-18,280.0,0.4,1138,2,78.66232275390624,114,112.08999633789062,🚬菸屁股,HOLD,1
TDOC,2027-01-15,22.5,0.15,4406,2,108.203583984375,142,6.190000057220459,🚬菸屁股,HOLD,1
ZM,2026-09-18,150.0,0.2,1633,2,89.16026464843749,23,100.91999816894531,🚬菸屁股,HOLD,1
XYZ,2026-12-18,145.0,0.2,1401,2,51.758294921875006,114,82.72000122070312,🚬菸屁股,HOLD,1
XYZ,2028-01-21,110.0,10.17,1946,2,50.16529327392578,513,82.72000122070312,🔭LEAPS,HOLD,1
OPEN,2026-11-20,12.0,0.04,7462,2,126.56286718749999,86,3.5999999046325684,🚬菸屁股,HOLD,1
HIMS,2026-12-18,90.0,0.41,1024,2,100.9770576171875,114,31.75,🚬菸屁股,HOLD,1
HIMS,2026-12-18,100.0,0.27,3316,2,102.63720556640625,114,31.75,🚬菸屁股,HOLD,1
HIMS,2027-01-15,70.0,0.97,3558,2,86.76771044921875,142,31.75,🚬菸屁股,HOLD,1
HIMS,2028-01-21,45.0,9.24,1214,2,83.69156933593749,513,31.75,🔭LEAPS,HOLD,1
ONDS,2026-09-18,17.0,0.03,8293,2,146.09401953124998,23,8.239999771118164,🚬菸屁股,HOLD,1
ONDS,2026-10-16,18.0,0.08,1250,2,126.172244140625,51,8.239999771118164,🚬菸屁股,HOLD,1
ONDS,2027-01-15,22.0,0.22,2461,2,97.6562734375,142,8.239999771118164,🚬菸屁股,HOLD,1
LUNR,2027-01-15,35.0,0.99,1423,2,103.71141894531253,142,16.600000381469727,🚬菸屁股,HOLD,1
LUNR,2027-01-15,55.0,0.38,1953,2,108.30123974609376,142,16.600000381469727,🚬菸屁股,HOLD,1
LUNR,2028-01-21,37.0,4.97,754,2,110.74263378906251,513,16.600000381469727,🔭LEAPS,HOLD,1
JOBY,2027-01-15,40.0,0.03,5332,2,110.9379453125,142,7.21999979019165,🚬菸屁股,HOLD,1
ACHR,2026-10-16,12.0,0.03,8358,2,94.5313046875,51,5.960000038146973,🚬菸屁股,HOLD,1
ACHR,2027-01-15,17.0,0.12,9749,2,97.26565234374999,142,5.960000038146973,🚬菸屁股,HOLD,1
SMR,2027-01-15,60.0,0.07,916,2,121.09414453124998,142,9.8100004196167,🚬菸屁股,HOLD,1
SMR,2027-01-15,65.0,0.06,844,2,132.81283593749998,142,9.8100004196167,🚬菸屁股,HOLD,1
SMR,2028-01-21,35.0,1.52,1055,2,102.53954980468751,513,9.8100004196167,🔭LEAPS,HOLD,1
NNE,2026-10-16,40.0,0.1,1214,2,114.0629296875,51,19.239999771118164,🚬菸屁股,HOLD,1
VRT,2026-09-18,400.0,0.13,1312,2,69.336244140625,23,255.75,🚬菸屁股,HOLD,1
VRT,2026-09-18,460.0,0.05,837,2,87.98840136718749,23,255.75,🚬菸屁股,HOLD,1
CRWV,2026-09-18,165.0,0.05,1728,2,92.9688203125,23,88.04000091552734,🚬菸屁股,HOLD,1
CRWV,2026-10-16,155.0,0.64,7979,2,84.42398388671874,51,88.04000091552734,🚬菸屁股,HOLD,1
APP,2026-09-18,520.0,0.1,1296,2,90.62509374999999,23,310.5400085449219,🚬菸屁股,HOLD,1
WMT,2026-12-18,165.0,0.13,1487,2,42.236905761718745,114,105.37999725341797,🚬菸屁股,HOLD,1
WMT,2027-01-15,170.0,0.17,6205,2,36.08462353515625,142,105.37999725341797,🚬菸屁股,HOLD,1
PCG,2027-01-15,30.0,0.01,1136,2,48.438015625000006,142,18.360000610351562,🚬菸屁股,HOLD,1
PCG,2028-01-21,10.0,8.35,1046,2,50.39112109375,513,18.360000610351562,🔭LEAPS,HOLD,1
PCG,2028-01-21,13.0,6.0,782,2,58.00823242187501,513,18.360000610351562,🔭LEAPS,HOLD,1
PCG,2028-01-21,25.0,1.12,13128,2,39.258419921874996,513,18.360000610351562,🔭LEAPS,HOLD,1
CRM,2026-12-18,430.0,0.41,2235,2,57.47112841796876,114,205.69000244140625,🚬菸屁股,HOLD,1
CRM,2027-01-15,430.0,0.4,1006,2,53.63815893554688,142,205.69000244140625,🚬菸屁股,HOLD,1
CRWD,2026-10-16,290.0,0.73,1321,2,62.13416772460938,51,185.3800048828125,🚬菸屁股,HOLD,1
NFLX,2026-09-18,116.0,0.04,772,2,50.7817421875,23,82.2300033569336,🚬菸屁股,HOLD,1
NFLX,2026-09-18,118.0,0.04,2093,2,73.1447998046875,23,82.2300033569336,🚬菸屁股,HOLD,1
NFLX,2026-09-18,240.0,0.01,1524,2,121.875390625,23,82.2300033569336,🚬菸屁股,HOLD,1
NFLX,2026-11-20,140.0,0.1,1261,2,50.97705273437501,86,82.2300033569336,🚬菸屁股,HOLD,1
NFLX,2026-11-20,150.0,0.09,1128,2,50.19581054687501,86,82.2300033569336,🚬菸屁股,HOLD,1
NFLX,2026-12-18,132.0,0.22,7161,2,43.50642431640625,114,82.2300033569336,🚬菸屁股,HOLD,1
NFLX,2026-12-18,134.0,0.23,1168,2,48.04739453125,114,82.2300033569336,🚬菸屁股,HOLD,1
NFLX,2026-12-18,144.0,0.18,5825,2,53.12546875,114,82.2300033569336,🚬菸屁股,HOLD,1
NFLX,2026-12-18,170.0,0.06,8481,2,52.14891601562499,114,82.2300033569336,🚬菸屁股,HOLD,1
NFLX,2026-12-18,174.0,0.01,1138,2,61.18202880859377,114,82.2300033569336,🚬菸屁股,HOLD,1
NFLX,2026-12-18,239.0,0.4,751,2,81.445498046875,114,82.2300033569336,🚬菸屁股,HOLD,1
NFLX,2027-01-15,126.0,0.54,9870,2,43.60407958984375,142,82.2300033569336,🚬菸屁股,HOLD,1
NFLX,2027-01-15,148.0,0.19,2471,2,49.170430175781256,142,82.2300033569336,🚬菸屁股,HOLD,1
NFLX,2027-01-15,190.0,0.08,1148,2,64.25816992187501,142,82.2300033569336,🚬菸屁股,HOLD,1
NFLX,2027-01-15,205.0,0.08,1543,2,59.570716796875004,142,82.2300033569336,🚬菸屁股,HOLD,1
NFLX,2027-01-15,239.0,0.1,1035,2,67.09017285156251,142,82.2300033569336,🚬菸屁股,HOLD,1
NFLX,2027-01-15,265.0,0.03,1718,2,61.71913281250001,142,82.2300033569336,🚬菸屁股,HOLD,1
NFLX,2028-01-21,168.0,2.48,2095,2,46.06377178955079,513,82.2300033569336,🔭LEAPS,HOLD,1
AMZN,2026-09-18,330.0,0.04,5522,2,38.9654541015625,23,261.05999755859375,🚬菸屁股,HOLD,1
AMZN,2026-10-16,370.0,0.07,4468,2,39.111937011718744,51,261.05999755859375,🚬菸屁股,HOLD,1
LRCX,2026-09-18,450.0,0.6,1418,2,68.72589868164063,23,314.6600036621094,🚬菸屁股,HOLD,1
GOOGL,2026-09-18,445.0,0.14,852,2,43.01814794921876,23,346.9599914550781,🚬菸屁股,HOLD,1
GOOGL,2026-09-18,760.0,0.06,901,2,101.172369140625,23,346.9599914550781,🚬菸屁股,HOLD,1
GOOGL,2026-10-16,490.0,0.2,6410,2,40.11290356445312,51,346.9599914550781,🚬菸屁股,HOLD,1
GOOGL,2026-11-20,490.0,0.92,5133,2,39.27062683105469,86,346.9599914550781,🚬菸屁股,HOLD,1
GOOGL,2026-11-20,500.0,0.63,2485,2,39.075316284179685,86,346.9599914550781,🚬菸屁股,HOLD,1
GOOGL,2026-11-20,510.0,0.61,2451,2,38.80676428222656,86,346.9599914550781,🚬菸屁股,HOLD,1
GOOGL,2026-11-20,540.0,0.33,4809,2,40.332627929687504,86,346.9599914550781,🚬菸屁股,HOLD,1
GOOGL,2026-11-20,800.0,0.03,6560,2,59.18009570312501,86,346.9599914550781,🚬菸屁股,HOLD,1
GOOGL,2026-12-18,545.0,0.5,1020,2,39.588006469726565,114,346.9599914550781,🚬菸屁股,HOLD,1
GOOGL,2026-12-18,800.0,0.08,859,2,53.027813476562514,114,346.9599914550781,🚬菸屁股,HOLD,1
GOOGL,2027-01-15,580.0,0.56,1584,2,38.74572973632812,142,346.9599914550781,🚬菸屁股,HOLD,1
GOOGL,2028-01-21,590.0,11.9,1003,2,39.049376602172856,513,346.9599914550781,🔭LEAPS,HOLD,1
GOOGL,2028-01-21,640.0,8.49,1228,2,40.00304138183594,513,346.9599914550781,🔭LEAPS,HOLD,1
GOOGL,2028-01-21,700.0,6.25,2466,2,41.28476684570312,513,346.9599914550781,🔭LEAPS,HOLD,1
RGTI,2027-01-15,37.0,0.74,5631,2,99.5117236328125,142,16.940000534057617,🚬菸屁股,HOLD,1
RGTI,2028-01-21,22.0,5.95,1192,2,91.84578466796876,513,16.940000534057617,🔭LEAPS,HOLD,1
RGTI,2028-01-21,55.0,2.2,803,2,96.94827270507812,513,16.940000534057617,🔭LEAPS,HOLD,1
RGTI,2028-01-21,70.0,2.12,1498,2,109.03365795898439,513,16.940000534057617,🔭LEAPS,HOLD,1
JPM,2026-09-18,410.0,0.04,1628,2,28.321029296874993,23,356.69000244140625,🚬菸屁股,HOLD,1
SBUX,2026-09-18,125.0,0.06,979,2,46.216358154296884,23,105.76000213623047,🚬菸屁股,HOLD,1
SBUX,2027-01-15,145.0,0.48,856,2,35.18131225585937,142,105.76000213623047,🚬菸屁股,HOLD,1
SBUX,2028-01-21,130.0,9.0,1409,2,33.96672479248046,513,105.76000213623047,🔭LEAPS,HOLD,1
TSLA,2028-01-21,850.0,14.2,5983,1,55.24336749267577,513,350.25,🔭LEAPS,HOLD,1
NVDA,2028-01-21,360.0,10.65,7651,1,43.445389770507816,513,213.0500030517578,🔭LEAPS,HOLD,1
IBIT,2026-09-18,100.0,0.01,16989,1,98.437515625,23,44.720001220703125,🚬菸屁股,HOLD,1
IBIT,2026-10-16,80.0,0.11,5094,1,70.898728515625,51,44.720001220703125,🚬菸屁股,HOLD,1
IBIT,2028-01-21,96.0,2.47,10601,1,53.467262207031254,513,44.720001220703125,🔭LEAPS,HOLD,1
IBIT,2028-06-16,65.0,7.9,6501,1,56.061230407714845,660,44.720001220703125,🔭LEAPS,HOLD,1
INTC,2028-01-21,40.0,53.89,8255,1,77.62473547363282,513,87.4800033569336,🔭LEAPS,HOLD,1
SMCI,2026-09-18,105.0,0.03,8817,1,142.1877890625,23,38.459999084472656,🚬菸屁股,HOLD,1
SMCI,2026-12-18,80.0,0.86,2875,1,88.08605664062499,114,38.459999084472656,🚬菸屁股,HOLD,1
SMCI,2026-12-18,92.0,0.86,1278,1,90.86923193359374,114,38.459999084472656,🚬菸屁股,HOLD,1
SMCI,2026-12-18,110.0,0.34,2628,1,95.11723632812499,114,38.459999084472656,🚬菸屁股,HOLD,1
SMCI,2028-01-21,55.0,9.12,852,1,85.13808807373047,513,38.459999084472656,🔭LEAPS,HOLD,1
SMCI,2028-01-21,90.0,5.9,3505,1,85.32729516601563,513,38.459999084472656,🔭LEAPS,HOLD,1
OKLO,2026-10-16,165.0,0.06,2515,1,138.67218164062498,51,44.27000045776367,🚬菸屁股,HOLD,1
OKLO,2027-01-15,175.0,0.34,1305,1,108.88717431640625,142,44.27000045776367,🚬菸屁股,HOLD,1
OKLO,2028-01-21,250.0,3.5,5566,1,98.51075708007812,513,44.27000045776367,🔭LEAPS,HOLD,1
VST,2026-09-18,210.0,0.02,9685,1,67.18782812500001,23,139.02999877929688,🚬菸屁股,HOLD,1
VST,2026-09-18,215.0,0.15,9113,1,81.64080859375,23,139.02999877929688,🚬菸屁股,HOLD,1
VST,2026-09-18,220.0,0.4,870,1,74.804939453125,23,139.02999877929688,🚬菸屁股,HOLD,1
VST,2026-09-18,250.0,0.16,7142,1,88.2813671875,23,139.02999877929688,🚬菸屁股,HOLD,1
VST,2027-01-15,290.0,0.36,3345,1,56.29926513671876,142,139.02999877929688,🚬菸屁股,HOLD,1
RKLB,2026-09-18,135.0,0.05,2293,1,110.9379453125,23,66.91000366210938,🚬菸屁股,HOLD,1
RKLB,2027-01-15,185.0,0.85,1063,1,90.67392138671875,142,66.91000366210938,🚬菸屁股,HOLD,1
ASTS,2026-09-18,145.0,0.12,1189,1,144.922150390625,23,62.0099983215332,🚬菸屁股,HOLD,1
ASTS,2026-09-18,150.0,0.05,9117,1,118.75040625,23,62.0099983215332,🚬菸屁股,HOLD,1
ASTS,2026-10-16,120.0,0.52,1353,1,100.09815576171874,51,62.0099983215332,🚬菸屁股,HOLD,1
ASTS,2027-01-15,185.0,0.94,1523,1,96.94827270507812,142,62.0099983215332,🚬菸屁股,HOLD,1
IONQ,2026-09-18,100.0,0.04,3163,1,132.81283593749998,23,42.04999923706055,🚬菸屁股,HOLD,1
IONQ,2028-01-21,100.0,6.85,1046,1,87.38415936279296,513,42.04999923706055,🔭LEAPS,HOLD,1
UPST,2026-09-18,57.5,0.07,1803,1,122.07070214843749,23,30.579999923706055,🚬菸屁股,HOLD,1
UPST,2027-01-15,62.5,0.7,809,1,77.88108056640624,142,30.579999923706055,🚬菸屁股,HOLD,1
UPST,2027-01-15,65.0,0.55,774,1,73.7307314453125,142,30.579999923706055,🚬菸屁股,HOLD,1
UPST,2028-01-21,80.0,3.13,1154,1,78.24728784179689,513,30.579999923706055,🔭LEAPS,HOLD,1
SOFI,2026-09-18,35.0,0.02,6709,1,84.37515624999999,23,19.0,🚬菸屁股,HOLD,1
SOFI,2026-09-18,37.0,0.03,7969,1,98.437515625,23,19.0,🚬菸屁股,HOLD,1
SOFI,2026-09-18,45.0,0.01,7252,1,112.5004375,23,19.0,🚬菸屁股,HOLD,1
SOFI,2026-09-18,47.0,0.01,3394,1,128.125359375,23,19.0,🚬菸屁股,HOLD,1
SOFI,2028-01-21,23.0,4.3,3435,1,63.37927246093751,513,19.0,🔭LEAPS,HOLD,1
SOFI,2028-01-21,45.0,1.32,4428,1,64.23375610351563,513,19.0,🔭LEAPS,HOLD,1
DKNG,2026-09-18,40.0,0.01,10271,1,62.500375000000005,23,25.790000915527344,🚬菸屁股,HOLD,1
DKNG,2026-09-18,52.5,0.02,4524,1,104.68797656250001,23,25.790000915527344,🚬菸屁股,HOLD,1
DKNG,2026-09-18,60.0,0.05,2660,1,139.84405078125,23,25.790000915527344,🚬菸屁股,HOLD,1
DKNG,2026-12-18,43.0,0.31,5487,1,55.66450585937501,114,25.790000915527344,🚬菸屁股,HOLD,1
DKNG,2026-12-18,45.0,0.15,1636,1,55.273884765625006,114,25.790000915527344,🚬菸屁股,HOLD,1
DKNG,2026-12-18,65.0,0.07,1810,1,74.804939453125,114,25.790000915527344,🚬菸屁股,HOLD,1
DKNG,2027-01-15,42.0,0.37,1591,1,54.24850439453126,142,25.790000915527344,🚬菸屁股,HOLD,1
DKNG,2027-01-15,45.0,0.29,5559,1,50.19581054687501,142,25.790000915527344,🚬菸屁股,HOLD,1
DKNG,2028-01-21,32.5,4.7,2426,1,60.693752441406254,513,25.790000915527344,🔭LEAPS,HOLD,1
DKNG,2028-01-21,37.5,4.0,19851,1,57.88616333007812,513,25.790000915527344,🔭LEAPS,HOLD,1
DKNG,2028-01-21,60.0,0.87,4707,1,57.49554223632812,513,25.790000915527344,🔭LEAPS,HOLD,1
IREN,2026-10-16,95.0,0.34,5070,1,122.8519482421875,51,42.209999084472656,🚬菸屁股,HOLD,1
IREN,2026-11-20,100.0,0.81,2187,1,108.83834643554687,86,42.209999084472656,🚬菸屁股,HOLD,1
IREN,2026-11-20,130.0,0.3,1302,1,112.98871630859378,86,42.209999084472656,🚬菸屁股,HOLD,1
IREN,2026-12-18,105.0,0.95,978,1,103.90673046875003,114,42.209999084472656,🚬菸屁股,HOLD,1
IREN,2026-12-18,140.0,0.45,8123,1,108.7895185546875,114,42.209999084472656,🚬菸屁股,HOLD,1
IREN,2028-01-21,80.0,11.1,7419,1,97.1679970703125,513,42.209999084472656,🔭LEAPS,HOLD,1
IREN,2028-01-21,95.0,9.84,1106,1,98.46192944335938,513,42.209999084472656,🔭LEAPS,HOLD,1
IREN,2028-01-21,105.0,8.56,1968,1,96.5820654296875,513,42.209999084472656,🔭LEAPS,HOLD,1
IREN,2028-06-16,110.0,10.7,6408,1,96.55765161132813,660,42.209999084472656,🔭LEAPS,HOLD,1
NBIS,2026-09-18,380.0,0.73,1258,1,100.9770576171875,23,221.97000122070312,🚬菸屁股,HOLD,1
ROKU,2027-01-15,200.0,0.25,1083,1,21.656056884765622,142,159.75999450683594,🚬菸屁股,HOLD,1
HOOD,2026-09-18,175.0,0.14,1069,1,74.02369726562499,23,112.08999633789062,🚬菸屁股,HOLD,1
HOOD,2028-01-21,280.0,10.45,3044,1,73.57204162597657,513,112.08999633789062,🔭LEAPS,HOLD,1
TDOC,2026-10-16,11.0,0.01,1222,1,96.0937890625,51,6.190000057220459,🚬菸屁股,HOLD,1
TDOC,2027-01-15,17.5,0.08,3366,1,96.0937890625,142,6.190000057220459,🚬菸屁股,HOLD,1
TDOC,2027-01-15,25.0,0.04,2929,1,110.9379453125,142,6.190000057220459,🚬菸屁股,HOLD,1
TDOC,2028-01-21,3.0,4.95,2343,1,123.92616162109374,513,6.190000057220459,🔭LEAPS,HOLD,1
TDOC,2028-01-21,10.0,1.03,2636,1,67.57844921875001,513,6.190000057220459,🔭LEAPS,HOLD,1
TDOC,2028-01-21,17.0,0.49,1191,1,75.2932158203125,513,6.190000057220459,🔭LEAPS,HOLD,1
XYZ,2026-12-18,135.0,0.4,836,1,50.31787963867188,114,82.72000122070312,🚬菸屁股,HOLD,1
XYZ,2028-01-21,120.0,9.0,1437,1,51.648432739257814,513,82.72000122070312,🔭LEAPS,HOLD,1
OPEN,2026-09-18,8.0,0.01,10420,1,125.00037499999999,23,3.5999999046325684,🚬菸屁股,HOLD,1
OPEN,2026-12-18,10.0,0.05,27931,1,111.71919140624999,114,3.5999999046325684,🚬菸屁股,HOLD,1
OPEN,2027-01-15,9.0,0.14,3281,1,105.85984570312502,142,3.5999999046325684,🚬菸屁股,HOLD,1
OPEN,2027-01-15,12.0,0.08,6230,1,146.2893310546875,142,3.5999999046325684,🚬菸屁股,HOLD,1
NTLA,2027-01-15,25.0,0.6,1892,1,91.60164648437501,142,13.510000228881836,🚬菸屁股,HOLD,1
PACB,2027-01-15,4.0,0.05,2006,1,126.56286718749999,142,1.5199999809265137,🚬菸屁股,HOLD,1
HIMS,2026-12-18,95.0,0.22,854,1,109.22896948242186,114,31.75,🚬菸屁股,HOLD,1
KTOS,2027-01-15,110.0,0.84,877,1,73.34011035156249,142,52.63999938964844,🚬菸屁股,HOLD,1
KTOS,2028-01-21,160.0,4.4,858,1,74.25562854003907,513,52.63999938964844,🔭LEAPS,HOLD,1
ONDS,2026-09-18,20.0,0.02,13544,1,143.75028125,23,8.239999771118164,🚬菸屁股,HOLD,1
LUNR,2026-12-18,35.0,0.86,902,1,105.17625537109376,114,16.600000381469727,🚬菸屁股,HOLD,1
LUNR,2026-12-18,40.0,0.49,1349,1,108.00827246093752,114,16.600000381469727,🚬菸屁股,HOLD,1
LUNR,2028-01-21,32.0,6.17,1257,1,111.5238798828125,513,16.600000381469727,🔭LEAPS,HOLD,1
LUNR,2028-01-21,50.0,4.0,1232,1,109.52193676757815,513,16.600000381469727,🔭LEAPS,HOLD,1
JOBY,2026-09-18,11.0,0.02,1782,1,79.687703125,23,7.21999979019165,🚬菸屁股,HOLD,1
JOBY,2026-11-20,20.0,0.02,1769,1,90.62509374999999,86,7.21999979019165,🚬菸屁股,HOLD,1
JOBY,2027-01-15,27.0,0.03,1490,1,87.500125,142,7.21999979019165,🚬菸屁股,HOLD,1
JOBY,2027-01-15,30.0,0.04,8345,1,101.5629921875,142,7.21999979019165,🚬菸屁股,HOLD,1
ACHR,2028-01-21,22.0,0.61,1206,1,94.726615234375,513,5.960000038146973,🔭LEAPS,HOLD,1
SMR,2027-01-15,47.0,0.08,1020,1,114.0629296875,142,9.8100004196167,🚬菸屁股,HOLD,1
SMR,2028-01-21,3.0,7.47,1624,1,88.5743330078125,513,9.8100004196167,🔭LEAPS,HOLD,1
SMR,2028-01-21,33.0,1.62,797,1,102.24658251953124,513,9.8100004196167,🔭LEAPS,HOLD,1
SMR,2028-01-21,80.0,0.58,798,1,107.32468212890626,513,9.8100004196167,🔭LEAPS,HOLD,1
NNE,2027-01-15,60.0,0.23,1725,1,89.64854101562499,142,19.239999771118164,🚬菸屁股,HOLD,1
CRWV,2026-09-18,180.0,0.03,4009,1,97.6562734375,23,88.04000091552734,🚬菸屁股,HOLD,1
CRWV,2026-09-18,190.0,0.12,6225,1,127.14880175781246,23,88.04000091552734,🚬菸屁股,HOLD,1
CRWV,2026-09-18,240.0,0.02,5560,1,148.047134765625,23,88.04000091552734,🚬菸屁股,HOLD,1
CRWV,2026-10-16,175.0,0.26,2878,1,86.57239990234375,51,88.04000091552734,🚬菸屁股,HOLD,1
RDDT,2026-09-18,270.0,0.06,776,1,89.94150683593749,23,162.4499969482422,🚬菸屁股,HOLD,1
WMT,2026-09-18,195.0,0.02,9013,1,80.4689453125,23,105.37999725341797,🚬菸屁股,HOLD,1
WMT,2026-12-18,155.0,0.2,1031,1,37.84241845703124,114,105.37999725341797,🚬菸屁股,HOLD,1
WMT,2027-01-15,160.0,0.16,3008,1,35.6451748046875,142,105.37999725341797,🚬菸屁股,HOLD,1
WMT,2028-01-21,170.0,2.06,1066,1,31.128618408203117,513,105.37999725341797,🔭LEAPS,HOLD,1
PCG,2026-10-16,23.0,0.18,5072,1,52.05126074218749,51,18.360000610351562,🚬菸屁股,HOLD,1
PCG,2027-01-15,27.0,0.14,3335,1,43.6529072265625,142,18.360000610351562,🚬菸屁股,HOLD,1
PCG,2028-01-21,30.0,0.55,2930,1,37.11000390625,513,18.360000610351562,🔭LEAPS,HOLD,1
MNST,2026-09-18,55.0,0.1,1335,1,29.492892578124994,23,48.72999954223633,🚬菸屁股,HOLD,1
CRM,2026-12-18,350.0,0.86,1320,1,51.050294189453126,114,205.69000244140625,🚬菸屁股,HOLD,1
CRM,2027-01-15,370.0,0.99,1879,1,51.39208764648438,142,205.69000244140625,🚬菸屁股,HOLD,1
CRM,2027-01-15,500.0,0.17,2137,1,54.297332031250015,142,205.69000244140625,🚬菸屁股,HOLD,1
NFLX,2026-09-18,107.0,0.03,1215,1,43.7505625,23,82.2300033569336,🚬菸屁股,HOLD,1
NFLX,2026-09-18,122.0,0.02,932,1,82.61736132812499,23,82.2300033569336,🚬菸屁股,HOLD,1
NFLX,2026-09-18,124.0,0.08,1382,1,78.51583984375,23,82.2300033569336,🚬菸屁股,HOLD,1
NFLX,2026-09-18,126.0,0.02,1077,1,82.3243955078125,23,82.2300033569336,🚬菸屁股,HOLD,1
NFLX,2026-09-18,132.0,0.02,773,1,94.6289599609375,23,82.2300033569336,🚬菸屁股,HOLD,1
NFLX,2026-09-18,134.0,0.03,2487,1,126.41638354492186,23,82.2300033569336,🚬菸屁股,HOLD,1
NFLX,2026-09-18,150.0,0.01,3478,1,80.4689453125,23,82.2300033569336,🚬菸屁股,HOLD,1
NFLX,2026-09-18,170.0,0.1,911,1,95.312546875,23,82.2300033569336,🚬菸屁股,HOLD,1
NFLX,2026-10-16,125.0,0.07,1920,1,49.60987890625,51,82.2300033569336,🚬菸屁股,HOLD,1
NFLX,2026-12-18,114.0,0.72,1620,1,41.699801757812494,114,82.2300033569336,🚬菸屁股,HOLD,1
NFLX,2026-12-18,116.0,0.6,1510,1,42.383388671875,114,82.2300033569336,🚬菸屁股,HOLD,1
NFLX,2026-12-18,118.0,0.5,2897,1,43.38435522460938,114,82.2300033569336,🚬菸屁股,HOLD,1
NFLX,2026-12-18,126.0,0.29,1690,1,45.361874511718746,114,82.2300033569336,🚬菸屁股,HOLD,1
NFLX,2026-12-18,128.0,0.33,4408,1,46.24077197265626,114,82.2300033569336,🚬菸屁股,HOLD,1
NFLX,2026-12-18,136.0,0.25,1285,1,48.92629199218751,114,82.2300033569336,🚬菸屁股,HOLD,1
NFLX,2026-12-18,140.0,0.11,5141,1,47.461462890625,114,82.2300033569336,🚬菸屁股,HOLD,1
NFLX,2026-12-18,146.0,0.15,3451,1,53.12546875,114,82.2300033569336,🚬菸屁股,HOLD,1
NFLX,2026-12-18,148.0,0.18,1126,1,54.24850439453126,114,82.2300033569336,🚬菸屁股,HOLD,1
NFLX,2026-12-18,230.0,0.09,862,1,101.48975036621093,114,82.2300033569336,🚬菸屁股,HOLD,1
NFLX,2027-01-15,142.0,0.28,2345,1,48.242705078125006,142,82.2300033569336,🚬菸屁股,HOLD,1
NFLX,2027-01-15,146.0,0.17,4596,1,49.5122236328125,142,82.2300033569336,🚬菸屁股,HOLD,1
NFLX,2027-01-15,152.0,0.16,1211,1,47.80325634765625,142,82.2300033569336,🚬菸屁股,HOLD,1
NFLX,2027-01-15,154.0,0.21,821,1,50.0005,142,82.2300033569336,🚬菸屁股,HOLD,1
NFLX,2027-01-15,180.0,0.27,3256,1,55.56685058593751,142,82.2300033569336,🚬菸屁股,HOLD,1
NFLX,2027-01-15,210.0,0.11,1639,1,62.109753906250006,142,82.2300033569336,🚬菸屁股,HOLD,1
NFLX,2027-01-15,220.0,0.03,861,1,71.5823154296875,142,82.2300033569336,🚬菸屁股,HOLD,1
NFLX,2027-01-15,229.0,0.16,1606,1,76.562734375,142,82.2300033569336,🚬菸屁股,HOLD,1
NFLX,2027-01-15,256.0,0.1,1830,1,70.312796875,142,82.2300033569336,🚬菸屁股,HOLD,1
NFLX,2028-01-21,99.0,10.6,932,1,45.58159887695313,513,82.2300033569336,🔭LEAPS,HOLD,1
NFLX,2028-01-21,111.0,4.95,844,1,42.97542376708985,513,82.2300033569336,🔭LEAPS,HOLD,1
NFLX,2028-01-21,116.0,5.75,5694,1,45.71587487792969,513,82.2300033569336,🔭LEAPS,HOLD,1
NFLX,2028-01-21,147.0,2.99,1070,1,45.905081970214844,513,82.2300033569336,🔭LEAPS,HOLD,1
NFLX,2028-01-21,210.0,1.16,1712,1,48.242705078125006,513,82.2300033569336,🔭LEAPS,HOLD,1
NFLX,2028-06-16,130.0,7.3,929,1,45.306943420410164,660,82.2300033569336,🔭LEAPS,HOLD,1
NFLX,2028-06-16,180.0,3.0,4131,1,44.80035668945312,660,82.2300033569336,🔭LEAPS,HOLD,1
NFLX,2028-06-16,185.0,2.59,2574,1,46.5398412475586,660,82.2300033569336,🔭LEAPS,HOLD,1
GOOGL,2026-09-18,440.0,0.16,4110,1,40.5279384765625,23,346.9599914550781,🚬菸屁股,HOLD,1
GOOGL,2026-09-18,465.0,0.13,788,1,61.914443359375014,23,346.9599914550781,🚬菸屁股,HOLD,1
GOOGL,2026-09-18,470.0,0.1,1771,1,49.561051269531255,23,346.9599914550781,🚬菸屁股,HOLD,1
GOOGL,2026-09-18,555.0,0.04,2759,1,75.43969873046875,23,346.9599914550781,🚬菸屁股,HOLD,1
GOOGL,2026-09-18,565.0,0.11,3033,1,77.88108056640624,23,346.9599914550781,🚬菸屁股,HOLD,1
GOOGL,2026-09-18,575.0,0.09,3344,1,82.91032714843749,23,346.9599914550781,🚬菸屁股,HOLD,1
GOOGL,2026-10-16,530.0,0.14,5833,1,48.77980908203126,51,346.9599914550781,🚬菸屁股,HOLD,1
GOOGL,2026-10-16,540.0,0.17,6383,1,50.39112109375,51,346.9599914550781,🚬菸屁股,HOLD,1
GOOGL,2026-10-16,550.0,0.14,1967,1,48.34036035156251,51,346.9599914550781,🚬菸屁股,HOLD,1
GOOGL,2026-10-16,600.0,0.06,1331,1,50.39112109375,51,346.9599914550781,🚬菸屁股,HOLD,1
GOOGL,2026-11-20,520.0,0.48,2967,1,40.967387207031244,86,346.9599914550781,🚬菸屁股,HOLD,1
GOOGL,2026-12-18,525.0,0.79,2548,1,38.3795224609375,114,346.9599914550781,🚬菸屁股,HOLD,1
GOOGL,2026-12-18,540.0,0.68,2653,1,39.234006103515625,114,346.9599914550781,🚬菸屁股,HOLD,1
GOOGL,2026-12-18,550.0,0.52,3129,1,39.649041015625,114,346.9599914550781,🚬菸屁股,HOLD,1
GOOGL,2027-01-15,650.0,0.24,4325,1,42.554285400390626,142,346.9599914550781,🚬菸屁股,HOLD,1
GOOGL,2028-01-21,720.0,5.6,1463,1,40.592024749755865,513,346.9599914550781,🔭LEAPS,HOLD,1
GOOGL,2028-06-16,710.0,10.25,1689,1,39.27673028564453,660,346.9599914550781,🔭LEAPS,HOLD,1
GOOGL,2028-06-16,800.0,6.9,845,1,40.70188693237304,660,346.9599914550781,🔭LEAPS,HOLD,1
ARM,2026-09-18,530.0,0.26,1146,1,124.60975195312498,23,241.55999755859375,🚬菸屁股,HOLD,1
ARM,2026-10-16,670.0,0.26,961,1,116.74846313476563,51,241.55999755859375,🚬菸屁股,HOLD,1
RGTI,2026-11-20,38.0,0.35,4052,1,103.12548437500001,86,16.940000534057617,🚬菸屁股,HOLD,1
RGTI,2027-01-15,65.0,0.17,3048,1,110.54732226562503,142,16.940000534057617,🚬菸屁股,HOLD,1
RGTI,2028-01-21,47.0,3.02,1539,1,101.51416430664062,513,16.940000534057617,🔭LEAPS,HOLD,1
RGTI,2028-01-21,75.0,2.05,1146,1,99.2187578125,513,16.940000534057617,🔭LEAPS,HOLD,1
SBUX,2027-01-15,155.0,0.42,908,1,38.40393627929687,142,105.76000213623047,🚬菸屁股,HOLD,1
SBUX,2027-01-15,160.0,0.2,828,1,37.0123486328125,142,105.76000213623047,🚬菸屁股,HOLD,1
SBUX,2027-01-15,165.0,0.18,922,1,39.600213378906254,142,105.76000213623047,🚬菸屁股,HOLD,1
IREN,2026-08-28,70.0,0.01,1782,506,184.375078125,2,42.209999084472656,🎲末日結算 🆕新倉暴量 ⚠️IV頂峰 🚬菸屁股 ⚠️尾段價外(66%) ⚠️暴動高IV(184%),GAMBLE,-4
