Stock,Expiry,Strike,Ask,OpenInterest,Volume,IV,DTE,Spot,Tags,Action,Score
T,2026-07-17,20.0,0.66,1056,1837,28.321029296874993,15,20.479999542236328,🚨異常掃貨 🚀點火(3.1x) 🚬菸屁股,STRONG_BUY,9
CPRT,2026-07-17,30.0,0.35,829,1355,34.570966796875,15,28.790000915527344,🚨異常掃貨 🆕新倉暴量 🚬菸屁股,STRONG_BUY,9
PATH,2026-07-17,11.5,0.63,988,1194,61.52382226562501,15,11.550000190734863,🚨異常掃貨 🚀點火(7.7x) 🚬菸屁股,STRONG_BUY,9
META,2026-07-17,700.0,1.79,18577,36271,41.687594848632806,15,612.9099731445312,🚨異常掃貨 🆕新倉暴量,STRONG_BUY,8
PLTR,2026-07-17,150.0,0.47,44274,16100,54.68795312500001,15,125.7300033569336,🚀點火(9.7x) 🚬菸屁股 🔥萬人塚,BUY_WATCH,8
WMT,2026-08-21,120.0,1.28,5396,7568,29.517306396484372,50,108.81999969482422,🚨異常掃貨 🆕新倉暴量,STRONG_BUY,8
MSFT,2026-07-17,475.0,0.2,45886,4715,46.045461425781255,15,384.2799987792969,🚀點火(5.0x) 🚬菸屁股 🔥萬人塚,BUY_WATCH,8
DELL,2026-07-17,550.0,2.22,2854,3476,77.99094274902343,15,425.25,🚨異常掃貨 🆕新倉暴量,STRONG_BUY,8
META,2026-07-17,695.0,2.09,1562,2975,41.75473284912109,15,612.9099731445312,🚨異常掃貨 🆕新倉暴量,STRONG_BUY,8
AMZN,2026-07-17,280.0,0.22,37612,2608,37.793590820312495,15,241.6999969482422,🚀點火(4.2x) 🚬菸屁股 🔥萬人塚,BUY_WATCH,8
SOFI,2026-09-18,25.0,0.58,42703,2296,66.40658593750001,78,18.440000534057617,🚀點火(10.2x) 🚬菸屁股 🔥萬人塚,BUY_WATCH,8
WMT,2026-08-21,115.0,2.47,1457,2205,29.785858398437494,50,108.81999969482422,🚨異常掃貨 🆕新倉暴量,STRONG_BUY,8
WMT,2026-08-21,110.0,4.4,799,1797,30.774618041992184,50,108.81999969482422,🚨異常掃貨 🆕新倉暴量,STRONG_BUY,8
IBIT,2027-01-15,60.0,0.36,40042,1236,48.633326171875005,197,34.0,🚀點火(4.8x) 🚬菸屁股 🔥萬人塚,BUY_WATCH,8
NVDA,2026-09-18,310.0,0.46,35340,1021,48.56008471679687,78,197.5800018310547,🚀點火(10.9x) 🚬菸屁股 🔥萬人塚,BUY_WATCH,8
OPEN,2027-01-15,10.0,0.51,43607,682,105.46922265625001,197,4.940000057220459,🚀點火(3.9x) 🚬菸屁股 🔥萬人塚,BUY_WATCH,8
IBIT,2026-08-21,55.0,0.05,33077,427,59.375406250000005,50,34.0,🚀點火(8.5x) 🚬菸屁股 🔥萬人塚,BUY_WATCH,8
NVDA,2028-01-21,400.0,8.8,50704,78,47.0983073425293,568,197.5800018310547,🚀點火(3.5x) 🔭LEAPS 🔥萬人塚,BUY_WATCH,8
AAPL,2026-08-21,345.0,0.75,92596,2251,26.465579101562497,50,294.3800048828125,🚀點火(2.6x) 🚬菸屁股 🔥萬人塚 🏛️機構場,BUY_WATCH,7
CRWV,2026-07-17,90.0,4.75,1038,19071,88.23253955078124,15,85.68499755859375,🚨異常掃貨 🆕新倉暴量 ⚠️暴動高IV(88%),STRONG_BUY,6
NOW,2026-07-17,130.0,0.53,10206,11626,65.820654296875,15,105.80000305175781,🆕新倉暴量 🚬菸屁股,BUY_WATCH,6
IBIT,2026-08-21,38.0,0.73,12473,11500,40.5279384765625,50,34.0,🚀點火(14.4x) 🚬菸屁股,BUY_WATCH,6
IBIT,2026-08-21,40.0,0.4,20048,6435,40.967387207031244,50,34.0,🚀點火(3.3x) 🚬菸屁股,BUY_WATCH,6
DELL,2026-07-17,600.0,0.65,4376,6409,77.95432202148437,15,425.25,🚨異常掃貨 🚬菸屁股,STRONG_BUY,6
KO,2026-07-17,83.0,0.57,21550,6099,18.70198486328125,15,81.29000091552734,🆕新倉暴量 🚬菸屁股,BUY_WATCH,6
CRWV,2026-07-17,100.0,2.01,3099,5551,87.25598681640624,15,85.68499755859375,🚨異常掃貨 🆕新倉暴量 ⚠️暴動高IV(87%),STRONG_BUY,6
T,2027-01-15,27.0,0.22,22106,5238,30.811238769531247,197,20.479999542236328,🚀點火(12.2x) 🚬菸屁股,BUY_WATCH,6
SOFI,2026-07-17,22.0,0.11,15598,5200,60.15664843750002,15,18.440000534057617,🚀點火(9.4x) 🚬菸屁股,BUY_WATCH,6
T,2026-07-17,21.0,0.23,2352,4950,24.805439453125,15,20.479999542236328,🚨異常掃貨 🚬菸屁股,STRONG_BUY,6
OPEN,2027-01-15,15.0,0.27,14813,4646,110.54732226562503,197,4.940000057220459,🚀點火(24.5x) 🚬菸屁股,BUY_WATCH,6
PLTR,2026-07-17,145.0,0.75,13569,4394,52.88133056640626,15,125.7300033569336,🚀點火(12.1x) 🚬菸屁股,BUY_WATCH,6
WMT,2026-07-17,115.0,0.44,4113,4130,25.34254345703125,15,108.81999969482422,🆕新倉暴量 🚬菸屁股,BUY_WATCH,6
PLTR,2026-07-17,160.0,0.23,13301,3987,60.058993164062514,15,125.7300033569336,🚀點火(5.2x) 🚬菸屁股,BUY_WATCH,6
ACHR,2028-01-21,10.0,1.29,16950,3959,96.04496142578124,568,4.920000076293945,🚀點火(30.9x) 🔭LEAPS,BUY_WATCH,6
ACHR,2028-01-21,5.0,2.22,10258,3943,97.460962890625,568,4.920000076293945,🚀點火(4.9x) 🔭LEAPS,BUY_WATCH,6
PATH,2027-01-15,20.0,0.72,29527,3713,75.87914746093752,197,11.550000190734863,🚀點火(16.2x) 🚬菸屁股,BUY_WATCH,6
ACHR,2028-01-21,27.0,0.47,19062,3589,98.63282617187501,568,4.920000076293945,🚀點火(211.1x) 🔭LEAPS,BUY_WATCH,6
CRWV,2026-07-17,105.0,1.31,2371,3498,88.08605664062499,15,85.68499755859375,🚨異常掃貨 🆕新倉暴量 ⚠️暴動高IV(88%),STRONG_BUY,6
ACHR,2028-01-21,7.0,1.77,22014,3244,95.507857421875,568,4.920000076293945,🚀點火(17.3x) 🔭LEAPS,BUY_WATCH,6
PATH,2026-07-17,13.0,0.19,11767,3087,65.62534375000001,15,11.550000190734863,🚀點火(3.1x) 🚬菸屁股,BUY_WATCH,6
IBIT,2026-07-17,37.0,0.23,19475,2776,37.500625,15,34.0,🚀點火(2.6x) 🚬菸屁股,BUY_WATCH,6
WMT,2026-09-18,130.0,0.71,9871,2354,29.126685302734366,78,108.81999969482422,🆕新倉暴量 🚬菸屁股,BUY_WATCH,6
WMT,2026-07-17,120.0,0.15,10319,2351,28.223374023437497,15,108.81999969482422,🆕新倉暴量 🚬菸屁股,BUY_WATCH,6
SOFI,2026-07-17,19.5,0.49,2967,2323,56.34809277343751,15,18.440000534057617,🚀點火(3.0x) 🚬菸屁股,BUY_WATCH,6
HIMS,2026-07-17,42.0,1.21,1334,2220,82.61736132812499,15,37.56999969482422,🚨異常掃貨 🚀點火(3.8x) ⚠️暴動高IV(83%),STRONG_BUY,6
PATH,2026-07-17,12.0,0.45,3401,2194,62.109753906250006,15,11.550000190734863,🚀點火(7.8x) 🚬菸屁股,BUY_WATCH,6
SOFI,2026-07-17,20.5,0.27,2439,2148,57.617611328124994,15,18.440000534057617,🚀點火(2.5x) 🚬菸屁股,BUY_WATCH,6
IREN,2026-07-17,45.0,3.35,1118,2131,109.03365795898439,15,43.31999969482422,🚨異常掃貨 🆕新倉暴量 ⚠️暴動高IV(109%),STRONG_BUY,6
IBIT,2026-08-21,45.0,0.15,19876,1840,45.898978515625004,50,34.0,🚀點火(30.2x) 🚬菸屁股,BUY_WATCH,6
AVGO,2026-07-17,450.0,0.5,9236,1781,48.7309814453125,15,369.3399963378906,🚀點火(3.6x) 🚬菸屁股,BUY_WATCH,6
MSFT,2026-07-17,440.0,0.76,9280,1760,39.819937744140624,15,384.2799987792969,🚀點火(3.8x) 🚬菸屁股,BUY_WATCH,6
WMT,2026-09-18,150.0,0.14,3397,1742,34.76627734375,78,108.81999969482422,🆕新倉暴量 🚬菸屁股,BUY_WATCH,6
LUNR,2026-07-17,21.0,1.46,915,1706,102.34423828125001,15,20.200000762939453,🚨異常掃貨 🆕新倉暴量 ⚠️暴動高IV(102%),STRONG_BUY,6
SOFI,2026-08-21,23.0,0.56,6055,1614,66.99251757812502,50,18.440000534057617,🚀點火(3.8x) 🚬菸屁股,BUY_WATCH,6
IBIT,2028-06-16,100.0,1.42,27894,1592,53.45505529785157,715,34.0,🚀點火(3.2x) 🔭LEAPS,BUY_WATCH,6
ADBE,2026-07-17,250.0,0.42,9109,1569,47.51029052734375,15,210.97999572753906,🚀點火(4.0x) 🚬菸屁股,BUY_WATCH,6
SOFI,2026-08-21,21.0,0.95,23749,1559,66.65072412109377,50,18.440000534057617,🚀點火(4.8x) 🚬菸屁股,BUY_WATCH,6
IBIT,2026-08-21,60.0,0.04,8017,1532,66.40658593750001,50,34.0,🚀點火(5.0x) 🚬菸屁股,BUY_WATCH,6
PATH,2026-08-21,15.0,0.26,10311,1472,67.57844921875001,50,11.550000190734863,🚀點火(10.6x) 🚬菸屁股,BUY_WATCH,6
SOFI,2028-01-21,10.0,10.59,4174,1307,81.71405004882811,568,18.440000534057617,🚀點火(4.2x) 🔭LEAPS,BUY_WATCH,6
PATH,2026-08-21,12.0,0.96,9747,1284,63.67223828125,50,11.550000190734863,🚀點火(3.4x) 🚬菸屁股,BUY_WATCH,6
AAPL,2026-09-18,530.0,0.03,8392,1247,43.945873046875,78,294.3800048828125,🚀點火(249.4x) 🚬菸屁股,BUY_WATCH,6
PATH,2026-07-17,14.0,0.09,9521,1195,69.5315546875,15,11.550000190734863,🚀點火(17.8x) 🚬菸屁股,BUY_WATCH,6
IBIT,2026-09-18,46.0,0.26,12366,1128,44.14118359375,78,34.0,🚀點火(141.0x) 🚬菸屁股,BUY_WATCH,6
ONDS,2027-01-15,25.0,0.34,16493,1062,105.76218994140625,197,7.920000076293945,🚀點火(17.4x) 🚬菸屁股,BUY_WATCH,6
MSFT,2026-07-17,460.0,0.32,8700,1041,43.164630859375,15,384.2799987792969,🚀點火(2.6x) 🚬菸屁股,BUY_WATCH,6
T,2028-01-21,25.0,1.29,8684,1021,27.771718383789057,568,20.479999542236328,🚀點火(3.3x) 🔭LEAPS,BUY_WATCH,6
CMG,2026-07-17,40.0,0.05,6804,973,37.11000390625,15,35.0,🚀點火(9.5x) 🚬菸屁股,BUY_WATCH,6
IBM,2026-07-17,340.0,0.55,1192,920,50.24463818359376,15,286.25,🆕新倉暴量 🚬菸屁股,BUY_WATCH,6
OPEN,2026-09-18,7.0,0.38,8630,903,100.78174609374999,78,4.940000057220459,🚀點火(8.2x) 🚬菸屁股,BUY_WATCH,6
ACHR,2026-10-16,8.0,0.24,7467,891,88.2813671875,106,4.920000076293945,🚀點火(5.7x) 🚬菸屁股,BUY_WATCH,6
OPEN,2026-09-18,6.0,0.58,5591,885,99.804689453125,78,4.940000057220459,🚀點火(3.2x) 🚬菸屁股,BUY_WATCH,6
TDOC,2027-01-15,12.5,0.91,2541,861,71.0940390625,197,9.100000381469727,🚀點火(6.5x) 🚬菸屁股,BUY_WATCH,6
WMT,2026-07-17,118.0,0.18,1890,840,26.221440917968753,15,108.81999969482422,🆕新倉暴量 🚬菸屁股,BUY_WATCH,6
U,2028-01-21,75.0,4.1,5111,836,74.87818090820313,568,30.190000534057617,🚀點火(209.0x) 🔭LEAPS,BUY_WATCH,6
ADBE,2026-08-21,300.0,0.6,1524,801,50.97705273437501,50,210.97999572753906,🚀點火(12.7x) 🚬菸屁股,BUY_WATCH,6
ONDS,2028-01-21,15.0,2.52,8222,796,104.49266503906252,568,7.920000076293945,🚀點火(5.6x) 🔭LEAPS,BUY_WATCH,6
ACHR,2027-01-15,20.0,0.13,24176,776,108.203583984375,197,4.920000076293945,🚀點火(14.9x) 🚬菸屁股,BUY_WATCH,6
HOOD,2026-07-17,130.0,0.93,14861,758,68.26203613281253,15,108.6500015258789,🚀點火(5.0x) 🚬菸屁股,BUY_WATCH,6
ADBE,2028-01-21,550.0,6.13,6341,745,51.58739819335938,568,210.97999572753906,🚀點火(39.2x) 🔭LEAPS,BUY_WATCH,6
SOFI,2028-01-21,20.0,6.0,29393,740,74.38990454101561,568,18.440000534057617,🚀點火(2.8x) 🔭LEAPS,BUY_WATCH,6
WMT,2026-07-17,117.0,0.26,1027,726,25.928475097656257,15,108.81999969482422,🆕新倉暴量 🚬菸屁股,BUY_WATCH,6
IBIT,2026-09-18,60.0,0.06,20162,702,56.836369140624996,78,34.0,🚀點火(15.3x) 🚬菸屁股,BUY_WATCH,6
OPEN,2026-09-18,9.0,0.19,1682,699,107.81296093750001,78,4.940000057220459,🚀點火(63.5x) 🚬菸屁股,BUY_WATCH,6
ACHR,2026-10-16,13.0,0.06,2457,697,97.6562734375,106,4.920000076293945,🚀點火(20.5x) 🚬菸屁股,BUY_WATCH,6
ONDS,2026-09-18,14.0,0.34,5572,693,105.46922265625001,78,7.920000076293945,🚀點火(6.1x) 🚬菸屁股,BUY_WATCH,6
PLTR,2026-08-21,200.0,0.64,12499,685,69.67803759765626,50,125.7300033569336,🚀點火(3.9x) 🚬菸屁股,BUY_WATCH,6
PATH,2026-08-21,13.0,0.6,5186,675,64.1605146484375,50,11.550000190734863,🚀點火(3.6x) 🚬菸屁股,BUY_WATCH,6
AMZN,2026-07-17,285.0,0.19,14889,674,39.30724755859375,15,241.6999969482422,🚀點火(25.0x) 🚬菸屁股,BUY_WATCH,6
META,2026-07-17,730.0,0.81,2015,639,44.84918432617187,15,612.9099731445312,🆕新倉暴量 🚬菸屁股,BUY_WATCH,6
IBM,2026-07-17,330.0,0.98,1474,631,48.511257080078124,15,286.25,🆕新倉暴量 🚬菸屁股,BUY_WATCH,6
MSFT,2026-07-17,480.0,0.18,13277,628,46.48491015625,15,384.2799987792969,🚀點火(7.6x) 🚬菸屁股,BUY_WATCH,6
SOFI,2028-06-16,37.0,3.75,4594,604,71.82645361328125,715,18.440000534057617,🚀點火(151.0x) 🔭LEAPS,BUY_WATCH,6
VST,2026-08-21,220.0,0.83,960,602,60.35195898437502,50,153.16000366210938,🆕新倉暴量 🚬菸屁股,BUY_WATCH,6
CMG,2026-12-18,71.0,0.35,1592,600,50.586431640624994,169,35.0,🆕新倉暴量 🚬菸屁股,BUY_WATCH,6
ONDS,2026-09-18,12.0,0.53,13842,588,104.88328808593752,78,7.920000076293945,🚀點火(2.5x) 🚬菸屁股,BUY_WATCH,6
OPEN,2026-07-17,4.0,0.96,2559,586,50.0005,15,4.940000057220459,🚀點火(3.6x) 🚬菸屁股,BUY_WATCH,6
OPEN,2026-11-20,10.0,0.39,7612,584,110.9379453125,141,4.940000057220459,🚀點火(48.7x) 🚬菸屁股,BUY_WATCH,6
OPEN,2026-07-17,4.5,0.55,1980,574,76.95335546875,15,4.940000057220459,🚀點火(3.1x) 🚬菸屁股,BUY_WATCH,6
ONDS,2028-01-21,7.0,4.18,11193,569,106.98288696289065,568,7.920000076293945,🚀點火(2.6x) 🔭LEAPS,BUY_WATCH,6
U,2028-01-21,70.0,3.81,1508,565,75.5983885498047,568,30.190000534057617,🚀點火(565.0x) 🔭LEAPS,BUY_WATCH,6
SOFI,2026-08-21,30.0,0.1,7993,542,74.2190078125,50,18.440000534057617,🚀點火(11.5x) 🚬菸屁股,BUY_WATCH,6
SOFI,2026-10-16,35.0,0.19,5113,538,70.9963837890625,106,18.440000534057617,🚀點火(67.2x) 🚬菸屁股,BUY_WATCH,6
FISV,2026-07-17,55.0,0.4,2525,538,40.7232490234375,15,50.72999954223633,🚀點火(9.1x) 🚬菸屁股,BUY_WATCH,6
HOOD,2026-08-21,175.0,0.87,891,524,79.66328930664062,50,108.6500015258789,🚀點火(22.8x) 🚬菸屁股,BUY_WATCH,6
VST,2026-07-17,180.0,0.8,2395,518,56.68988623046876,15,153.16000366210938,🆕新倉暴量 🚬菸屁股,BUY_WATCH,6
PLTR,2028-01-21,410.0,5.65,8500,513,65.50327465820314,568,125.7300033569336,🚀點火(15.1x) 🔭LEAPS,BUY_WATCH,6
PACB,2026-12-18,2.0,0.37,1880,505,93.35944140625,169,1.7400000095367432,🆕新倉暴量 🚬菸屁股,BUY_WATCH,6
BSX,2028-01-21,75.0,3.2,1208,503,49.2314647216797,568,43.060001373291016,🚀點火(4.8x) 🔭LEAPS,BUY_WATCH,6
SOFI,2028-06-16,15.0,8.75,22147,489,78.6134951171875,715,18.440000534057617,🚀點火(2.6x) 🔭LEAPS,BUY_WATCH,6
ACHR,2027-01-15,11.0,0.31,832,488,95.89847851562499,197,4.920000076293945,🚀點火(34.9x) 🚬菸屁股,BUY_WATCH,6
OPEN,2026-09-18,10.0,0.15,14640,478,106.25046875000001,78,4.940000057220459,🚀點火(15.4x) 🚬菸屁股,BUY_WATCH,6
PATH,2027-01-15,37.0,0.16,2201,470,87.695435546875,197,11.550000190734863,🚀點火(5.3x) 🚬菸屁股,BUY_WATCH,6
MSFT,2027-01-15,800.0,0.93,15297,463,45.98442687988281,197,384.2799987792969,🚀點火(7.8x) 🚬菸屁股,BUY_WATCH,6
IBIT,2026-07-17,39.0,0.09,7075,454,40.62559375,15,34.0,🚀點火(2.8x) 🚬菸屁股,BUY_WATCH,6
ABT,2026-08-21,105.0,0.83,2675,443,32.593447509765625,50,92.18000030517578,🚀點火(9.8x) 🚬菸屁股,BUY_WATCH,6
SOFI,2026-11-20,27.0,0.98,1606,438,67.773759765625,141,18.440000534057617,🚀點火(146.0x) 🚬菸屁股,BUY_WATCH,6
SOFI,2028-01-21,40.0,2.34,14441,428,70.50810742187501,568,18.440000534057617,🚀點火(5.2x) 🔭LEAPS,BUY_WATCH,6
SMCI,2026-09-18,65.0,0.37,2455,426,107.61764941406251,78,27.649999618530273,🚀點火(4.0x) 🚬菸屁股,BUY_WATCH,6
CHWY,2026-08-21,25.0,0.4,1902,407,53.22312402343749,50,20.600000381469727,🚀點火(4.0x) 🚬菸屁股,BUY_WATCH,6
SOFI,2028-06-16,40.0,3.29,9022,404,73.09597216796875,715,18.440000534057617,🚀點火(3.6x) 🔭LEAPS,BUY_WATCH,6
DKNG,2026-08-21,32.5,0.51,9004,404,58.057060058593756,50,25.770000457763672,🚀點火(33.7x) 🚬菸屁股,BUY_WATCH,6
CHWY,2026-07-17,22.5,0.29,3110,404,51.07470800781251,15,20.600000381469727,🚀點火(8.8x) 🚬菸屁股,BUY_WATCH,6
HOOD,2026-07-17,140.0,0.35,7154,379,70.21514160156251,15,108.6500015258789,🚀點火(3.0x) 🚬菸屁股,BUY_WATCH,6
IREN,2028-01-21,140.0,9.7,2872,372,110.27266543579105,568,43.31999969482422,🚀點火(19.6x) 🔭LEAPS,BUY_WATCH,6
IBIT,2026-08-21,47.0,0.11,6020,371,48.242705078125006,50,34.0,🚀點火(46.4x) 🚬菸屁股,BUY_WATCH,6
FISV,2026-07-17,60.0,0.1,2216,363,45.703667968750004,15,50.72999954223633,🚀點火(40.3x) 🚬菸屁股,BUY_WATCH,6
PATH,2026-09-18,15.0,0.63,6176,360,74.90259472656251,78,11.550000190734863,🚀點火(2.5x) 🚬菸屁股,BUY_WATCH,6
OPEN,2026-11-20,8.0,0.62,1573,360,115.72307763671876,141,4.940000057220459,🚀點火(3.3x) 🚬菸屁股,BUY_WATCH,6
U,2026-07-17,35.0,0.33,6954,342,62.69568554687501,15,30.190000534057617,🚀點火(2.7x) 🚬菸屁股,BUY_WATCH,6
CMG,2027-01-15,50.0,0.75,19188,325,41.35800830078124,197,35.0,🚀點火(6.4x) 🚬菸屁股,BUY_WATCH,6
OPEN,2026-09-18,8.0,0.27,4046,304,104.68797656250001,78,4.940000057220459,🚀點火(12.2x) 🚬菸屁股,BUY_WATCH,6
CMG,2026-07-17,37.5,0.26,11553,300,35.059243164062494,15,35.0,🚀點火(9.7x) 🚬菸屁股,BUY_WATCH,6
OPEN,2026-09-18,12.0,0.09,890,295,125.39099804687498,78,4.940000057220459,🚀點火(14.8x) 🚬菸屁股,BUY_WATCH,6
CHWY,2026-09-18,25.0,0.86,2747,289,58.25237060546875,78,20.600000381469727,🚀點火(13.8x) 🚬菸屁股,BUY_WATCH,6
CTSH,2026-07-17,45.0,0.43,2987,288,49.5122236328125,15,41.06999969482422,🚀點火(14.4x) 🚬菸屁股,BUY_WATCH,6
TDOC,2026-07-17,9.0,0.49,2212,287,59.375406250000005,15,9.100000381469727,🚀點火(7.0x) 🚬菸屁股,BUY_WATCH,6
COUR,2026-07-17,7.0,0.05,20239,283,70.312796875,15,5.980000019073486,🚀點火(141.5x) 🚬菸屁股,BUY_WATCH,6
OPEN,2026-10-16,10.0,0.23,3514,257,110.74263378906251,106,4.940000057220459,🚀點火(42.8x) 🚬菸屁股,BUY_WATCH,6
U,2026-08-21,40.0,0.85,5655,253,75.195560546875,50,30.190000534057617,🚀點火(63.2x) 🚬菸屁股,BUY_WATCH,6
GOOGL,2028-01-21,700.0,11.74,2230,251,42.93269958496094,568,361.2099914550781,🚀點火(251.0x) 🔭LEAPS,BUY_WATCH,6
AMZN,2026-08-21,315.0,0.93,5358,249,42.700768310546884,50,241.6999969482422,🚀點火(4.5x) 🚬菸屁股,BUY_WATCH,6
PATH,2026-08-21,16.0,0.19,2910,240,69.72686523437501,50,11.550000190734863,🚀點火(13.3x) 🚬菸屁股,BUY_WATCH,6
OPEN,2026-11-20,6.0,0.97,3745,240,103.90673046875003,141,4.940000057220459,🚀點火(18.5x) 🚬菸屁股,BUY_WATCH,6
SOFI,2026-09-18,26.0,0.49,1590,228,67.13900048828127,78,18.440000534057617,🚀點火(2.9x) 🚬菸屁股,BUY_WATCH,6
TDOC,2026-07-17,10.0,0.2,3351,225,61.914443359375014,15,9.100000381469727,🚀點火(16.1x) 🚬菸屁股,BUY_WATCH,6
SMCI,2028-01-21,33.0,11.15,1025,211,95.43461596679688,568,27.649999618530273,🚀點火(12.4x) 🔭LEAPS,BUY_WATCH,6
CMG,2026-09-18,45.0,0.35,4070,206,42.2857333984375,78,35.0,🚀點火(3.7x) 🚬菸屁股,BUY_WATCH,6
ADBE,2026-08-21,350.0,0.17,1938,204,55.859816406250005,50,210.97999572753906,🚀點火(204.0x) 🚬菸屁股,BUY_WATCH,6
TDOC,2026-08-21,10.0,0.64,1003,202,73.24245507812499,50,9.100000381469727,🚀點火(6.1x) 🚬菸屁股,BUY_WATCH,6
ACHR,2027-01-15,9.0,0.43,2598,197,93.35944140625,197,4.920000076293945,🚀點火(14.1x) 🚬菸屁股,BUY_WATCH,6
SOFI,2026-11-20,28.0,0.85,1432,190,68.06672558593752,141,18.440000534057617,🚀點火(4.3x) 🚬菸屁股,BUY_WATCH,6
T,2026-10-16,26.0,0.12,2862,188,32.12958496093749,106,20.479999542236328,🚀點火(6.5x) 🚬菸屁股,BUY_WATCH,6
MSFT,2026-07-17,455.0,0.43,7916,187,41.846284667968746,15,384.2799987792969,🚀點火(2.8x) 🚬菸屁股,BUY_WATCH,6
OPEN,2026-11-20,9.0,0.5,9741,185,109.57076464843752,141,4.940000057220459,🚀點火(37.0x) 🚬菸屁股,BUY_WATCH,6
SOFI,2028-01-21,30.0,3.65,19185,181,71.17948742675782,568,18.440000534057617,🚀點火(2.7x) 🔭LEAPS,BUY_WATCH,6
SOFI,2028-06-16,13.0,9.75,3689,181,79.12618530273438,715,18.440000534057617,🚀點火(4.2x) 🔭LEAPS,BUY_WATCH,6
LUNR,2028-01-21,20.0,11.24,1337,181,122.14394396972654,568,20.200000762939453,🚀點火(12.1x) 🔭LEAPS,BUY_WATCH,6
SOFI,2026-10-16,25.0,0.85,3516,178,65.43003320312502,106,18.440000534057617,🚀點火(3.3x) 🚬菸屁股,BUY_WATCH,6
OPEN,2027-01-15,8.0,0.75,2017,178,103.80907470703127,197,4.940000057220459,🚀點火(3.5x) 🚬菸屁股,BUY_WATCH,6
HOOD,2026-07-17,135.0,0.6,1565,176,65.77182666015625,15,108.6500015258789,🚀點火(3.0x) 🚬菸屁股,BUY_WATCH,6
PATH,2028-01-21,30.0,1.41,7004,172,76.31859619140626,568,11.550000190734863,🚀點火(9.6x) 🔭LEAPS,BUY_WATCH,6
SMCI,2027-01-15,100.0,0.66,4743,168,102.88134497070315,197,27.649999618530273,🚀點火(3.6x) 🚬菸屁股,BUY_WATCH,6
OPEN,2028-01-21,12.0,1.3,3935,167,115.0394873046875,568,4.940000057220459,🚀點火(83.5x) 🔭LEAPS,BUY_WATCH,6
ADBE,2026-07-17,260.0,0.2,884,158,50.83056982421875,15,210.97999572753906,🚀點火(31.6x) 🚬菸屁股,BUY_WATCH,6
PLTR,2028-01-21,200.0,20.66,12302,155,63.153444641113275,568,125.7300033569336,🚀點火(5.2x) 🔭LEAPS,BUY_WATCH,6
SOFI,2027-01-15,45.0,0.29,11962,155,76.07445800781252,197,18.440000534057617,🚀點火(9.7x) 🚬菸屁股,BUY_WATCH,6
NTLA,2028-01-21,15.0,9.0,1219,151,111.64594958496093,568,17.239999771118164,🚀點火(12.6x) 🔭LEAPS,BUY_WATCH,6
PLTR,2026-09-18,300.0,0.22,7491,142,77.929908203125,78,125.7300033569336,🚀點火(10.1x) 🚬菸屁股,BUY_WATCH,6
PATH,2026-09-18,20.0,0.19,3380,141,81.83611914062499,78,11.550000190734863,🚀點火(28.2x) 🚬菸屁股,BUY_WATCH,6
OPEN,2028-01-21,4.0,2.59,5079,141,90.23447265624999,568,4.940000057220459,🚀點火(7.4x) 🔭LEAPS,BUY_WATCH,6
SOFI,2026-09-18,24.0,0.73,1993,139,65.96713720703126,78,18.440000534057617,🚀點火(7.3x) 🚬菸屁股,BUY_WATCH,6
SOFI,2027-01-15,40.0,0.42,27241,138,69.87334814453125,197,18.440000534057617,🚀點火(3.5x) 🚬菸屁股,BUY_WATCH,6
PATH,2026-09-18,14.0,0.81,3259,136,74.12135253906249,78,11.550000190734863,🚀點火(2.6x) 🚬菸屁股,BUY_WATCH,6
SOFI,2026-09-18,29.0,0.29,791,134,68.94562304687501,78,18.440000534057617,🚀點火(4.8x) 🚬菸屁股,BUY_WATCH,6
SOFI,2028-01-21,18.0,6.75,11218,132,74.75611181640626,568,18.440000534057617,🚀點火(6.3x) 🔭LEAPS,BUY_WATCH,6
NVDA,2026-09-18,420.0,0.07,7529,131,58.5941640625,78,197.5800018310547,🚀點火(11.9x) 🚬菸屁股,BUY_WATCH,6
FISV,2026-09-18,75.0,0.35,4700,130,52.246571289062494,78,50.72999954223633,🚀點火(32.5x) 🚬菸屁股,BUY_WATCH,6
ROKU,2026-07-17,150.0,0.4,1807,129,29.053443847656247,15,140.50999450683594,🚀點火(25.8x) 🚬菸屁股,BUY_WATCH,6
ACHR,2028-01-21,15.0,0.87,13269,128,96.679720703125,568,4.920000076293945,🚀點火(3.3x) 🔭LEAPS,BUY_WATCH,6
CHWY,2026-07-17,25.0,0.06,2882,128,54.297332031250015,15,20.600000381469727,🚀點火(7.1x) 🚬菸屁股,BUY_WATCH,6
SOFI,2028-06-16,27.0,5.3,4228,126,72.9494892578125,715,18.440000534057617,🚀點火(9.7x) 🔭LEAPS,BUY_WATCH,6
SMCI,2026-09-18,100.0,0.11,4128,121,120.89883300781248,78,27.649999618530273,🚀點火(121.0x) 🚬菸屁股,BUY_WATCH,6
SOFI,2026-09-18,35.0,0.12,5656,121,78.32052929687501,78,18.440000534057617,🚀點火(60.5x) 🚬菸屁股,BUY_WATCH,6
SOFI,2026-11-20,31.0,0.58,882,121,68.7503125,141,18.440000534057617,🚀點火(60.5x) 🚬菸屁股,BUY_WATCH,6
PATH,2028-01-21,5.0,7.4,2673,115,73.7307314453125,568,11.550000190734863,🚀點火(16.4x) 🔭LEAPS,BUY_WATCH,6
UPST,2027-01-15,100.0,0.85,6020,114,85.30288134765625,197,35.7400016784668,🚀點火(22.8x) 🚬菸屁股,BUY_WATCH,6
FISV,2028-01-21,100.0,3.3,2955,113,52.89353747558594,568,50.72999954223633,🚀點火(28.2x) 🔭LEAPS,BUY_WATCH,6
PATH,2028-01-21,15.0,3.51,8611,112,73.24245507812499,568,11.550000190734863,🚀點火(6.6x) 🔭LEAPS,BUY_WATCH,6
NTLA,2028-01-21,20.0,7.5,1425,110,91.6993017578125,568,17.239999771118164,🚀點火(9.2x) 🔭LEAPS,BUY_WATCH,6
SOFI,2026-09-18,27.0,0.39,13051,109,67.38313867187502,78,18.440000534057617,🚀點火(2.7x) 🚬菸屁股,BUY_WATCH,6
ONDS,2026-09-18,22.0,0.1,4368,107,119.53165234375001,78,7.920000076293945,🚀點火(17.8x) 🚬菸屁股,BUY_WATCH,6
ADBE,2027-01-15,600.0,0.53,2164,106,59.59513061523438,197,210.97999572753906,🚀點火(10.6x) 🚬菸屁股,BUY_WATCH,6
SOFI,2028-06-16,32.0,4.36,13731,104,71.55790161132812,715,18.440000534057617,🚀點火(9.5x) 🔭LEAPS,BUY_WATCH,6
IBIT,2028-01-21,60.0,2.97,6777,103,51.562984375,568,34.0,🚀點火(3.3x) 🔭LEAPS,BUY_WATCH,6
PATH,2028-01-21,17.0,2.97,2865,102,76.66038964843752,568,11.550000190734863,🚀點火(20.4x) 🔭LEAPS,BUY_WATCH,6
ZM,2026-07-17,100.0,0.63,1975,100,46.680220703125,15,90.12999725341797,🚀點火(33.3x) 🚬菸屁股,BUY_WATCH,6
SMR,2028-01-21,40.0,2.35,1020,100,120.60586572265623,568,10.149999618530273,🚀點火(33.3x) 🔭LEAPS,BUY_WATCH,6
NTLA,2028-01-21,42.0,4.35,5943,99,92.773509765625,568,17.239999771118164,🚀點火(49.5x) 🔭LEAPS,BUY_WATCH,6
HPE,2026-08-21,65.0,0.4,2077,99,71.28934960937501,50,43.95000076293945,🚀點火(99.0x) 🚬菸屁股,BUY_WATCH,6
NVDA,2028-01-21,350.0,13.08,27645,98,46.7778759765625,568,197.5800018310547,🚀點火(16.3x) 🔭LEAPS,BUY_WATCH,6
PATH,2028-01-21,20.0,2.39,9004,95,76.41625146484375,568,11.550000190734863,🚀點火(47.5x) 🔭LEAPS,BUY_WATCH,6
BMY,2026-09-18,70.0,0.21,1886,95,35.30338134765625,78,56.439998626708984,🚀點火(15.8x) 🚬菸屁股,BUY_WATCH,6
SOFI,2028-06-16,10.0,11.29,9166,88,84.03336279296875,715,18.440000534057617,🚀點火(2.7x) 🔭LEAPS,BUY_WATCH,6
GOOGL,2026-07-17,425.0,0.17,1316,88,35.986968261718744,15,361.2099914550781,🚀點火(12.6x) 🚬菸屁股,BUY_WATCH,6
MSFT,2026-08-21,550.0,0.92,5474,82,50.63525927734375,50,384.2799987792969,🚀點火(5.5x) 🚬菸屁股,BUY_WATCH,6
SOFI,2026-09-18,28.0,0.34,1652,82,68.06672558593752,78,18.440000534057617,🚀點火(4.3x) 🚬菸屁股,BUY_WATCH,6
PATH,2027-01-15,30.0,0.3,27069,81,82.42205078125,197,11.550000190734863,🚀點火(6.2x) 🚬菸屁股,BUY_WATCH,6
AMZN,2026-07-17,295.0,0.12,7512,79,43.40876904296876,15,241.6999969482422,🚀點火(4.9x) 🚬菸屁股,BUY_WATCH,6
ADBE,2026-07-17,245.0,0.56,841,78,49.60987890625,15,210.97999572753906,🚀點火(3.4x) 🚬菸屁股,BUY_WATCH,6
TDOC,2027-01-15,15.0,0.59,10632,74,72.6565234375,197,9.100000381469727,🚀點火(5.7x) 🚬菸屁股,BUY_WATCH,6
TSLA,2028-01-21,900.0,30.5,7024,73,55.78123442840578,568,425.29998779296875,🚀點火(3.5x) 🔭LEAPS,BUY_WATCH,6
DKNG,2026-09-18,37.5,0.25,2591,71,57.32464550781251,78,25.770000457763672,🚀點火(11.8x) 🚬菸屁股,BUY_WATCH,6
CMG,2027-01-15,55.0,0.41,3517,66,42.774009765625,197,35.0,🚀點火(3.5x) 🚬菸屁股,BUY_WATCH,6
SOFI,2028-01-21,35.0,2.85,13929,65,69.82452050781251,568,18.440000534057617,🚀點火(21.7x) 🔭LEAPS,BUY_WATCH,6
XYZ,2026-07-17,90.0,0.14,1037,64,47.6567734375,15,77.12999725341797,🚀點火(3.4x) 🚬菸屁股,BUY_WATCH,6
CMG,2026-07-17,37.0,0.3,1329,64,35.1568984375,15,35.0,🚀點火(3.6x) 🚬菸屁股,BUY_WATCH,6
OPEN,2026-10-16,6.0,0.72,930,63,100.9770576171875,106,4.940000057220459,🚀點火(4.5x) 🚬菸屁股,BUY_WATCH,6
ABT,2026-09-18,115.0,0.35,790,61,34.49772534179687,78,92.18000030517578,🚀點火(15.2x) 🚬菸屁股,BUY_WATCH,6
FISV,2027-01-15,230.0,0.1,794,61,74.2190078125,197,50.72999954223633,🚀點火(61.0x) 🚬菸屁股,BUY_WATCH,6
SOFI,2026-08-21,31.0,0.1,2801,60,74.60962890625001,50,18.440000534057617,🚀點火(30.0x) 🚬菸屁股,BUY_WATCH,6
SOFI,2026-11-20,30.0,0.65,3596,60,68.4573466796875,141,18.440000534057617,🚀點火(6.7x) 🚬菸屁股,BUY_WATCH,6
PATH,2026-08-21,18.0,0.1,17884,58,72.26590234375,50,11.550000190734863,🚀點火(2.8x) 🚬菸屁股,BUY_WATCH,6
LUNR,2028-01-21,40.0,7.4,3075,57,117.13908618164064,568,20.200000762939453,🚀點火(4.8x) 🔭LEAPS,BUY_WATCH,6
TDOC,2027-01-15,17.5,0.41,2459,55,74.31666308593749,197,9.100000381469727,🚀點火(5.0x) 🚬菸屁股,BUY_WATCH,6
TDOC,2028-01-21,15.0,1.8,1012,55,73.38893798828124,568,9.100000381469727,🚀點火(11.0x) 🔭LEAPS,BUY_WATCH,6
VST,2026-07-17,190.0,0.33,4432,54,57.42230078125,15,153.16000366210938,🚀點火(2.8x) 🚬菸屁股,BUY_WATCH,6
GILD,2026-08-21,150.0,0.41,15651,54,32.00751586914062,50,125.97000122070312,🚀點火(4.2x) 🚬菸屁股,BUY_WATCH,6
OPEN,2027-01-15,9.0,0.55,2093,53,111.328568359375,197,4.940000057220459,🚀點火(13.2x) 🚬菸屁股,BUY_WATCH,6
CMG,2027-01-15,60.0,0.25,8658,53,44.0435283203125,197,35.0,🚀點火(5.3x) 🚬菸屁股,BUY_WATCH,6
ONDS,2028-01-21,3.0,5.81,1839,52,145.89870800781247,568,7.920000076293945,🚀點火(13.0x) 🔭LEAPS,BUY_WATCH,6
ONDS,2026-09-18,25.0,0.07,11319,50,134.76595117187497,78,7.920000076293945,🚀點火(8.3x) 🚬菸屁股,BUY_WATCH,6
PATH,2028-01-21,25.0,1.85,8565,48,76.46507910156251,568,11.550000190734863,🚀點火(24.0x) 🔭LEAPS,BUY_WATCH,6
CRWV,2026-09-18,210.0,0.63,767,47,103.51610742187502,78,85.68499755859375,🚀點火(47.0x) 🚬菸屁股,BUY_WATCH,6
IBIT,2027-01-15,75.0,0.19,10887,46,54.49264257812501,197,34.0,🚀點火(9.2x) 🚬菸屁股,BUY_WATCH,6
PATH,2026-08-21,17.0,0.16,2398,46,68.35969140625001,50,11.550000190734863,🚀點火(2.6x) 🚬菸屁股,BUY_WATCH,6
TDOC,2028-01-21,10.0,2.87,2083,46,71.82645361328125,568,9.100000381469727,🚀點火(6.6x) 🔭LEAPS,BUY_WATCH,6
ZM,2028-01-21,140.0,11.75,2687,46,52.49070947265625,568,90.12999725341797,🚀點火(46.0x) 🔭LEAPS,BUY_WATCH,6
AVGO,2026-08-21,560.0,0.58,2500,42,53.39402075195312,50,369.3399963378906,🚀點火(14.0x) 🚬菸屁股,BUY_WATCH,6
TGT,2027-01-15,230.0,0.31,2362,42,38.42835009765625,197,130.2899932861328,🚀點火(7.0x) 🚬菸屁股,BUY_WATCH,6
NVDA,2028-01-21,260.0,27.3,8826,41,47.08915216064453,568,197.5800018310547,🚀點火(13.7x) 🔭LEAPS,BUY_WATCH,6
SOFI,2026-10-16,28.0,0.5,986,40,66.11362011718751,106,18.440000534057617,🚀點火(8.0x) 🚬菸屁股,BUY_WATCH,6
CMG,2027-01-15,70.0,0.12,13425,40,45.0200810546875,197,35.0,🚀點火(4.0x) 🚬菸屁股,BUY_WATCH,6
PLTR,2026-09-18,230.0,0.65,5303,38,68.89679541015626,78,125.7300033569336,🚀點火(12.7x) 🚬菸屁股,BUY_WATCH,6
MSTR,2027-01-15,700.0,0.48,10941,37,108.93600219726562,197,93.38999938964844,🚀點火(6.2x) 🚬菸屁股,BUY_WATCH,6
HIMS,2028-01-21,75.0,10.6,1540,37,99.84131018066407,568,37.56999969482422,🚀點火(4.6x) 🔭LEAPS,BUY_WATCH,6
BSX,2026-09-18,75.0,0.09,3823,35,56.7387138671875,78,43.060001373291016,🚀點火(8.8x) 🚬菸屁股,BUY_WATCH,6
SOFI,2026-08-21,32.0,0.09,7390,33,79.687703125,50,18.440000534057617,🚀點火(16.5x) 🚬菸屁股,BUY_WATCH,6
KO,2026-07-17,90.0,0.06,1123,33,31.836619140624993,15,81.29000091552734,🚀點火(11.0x) 🚬菸屁股,BUY_WATCH,6
CHWY,2028-01-21,17.5,7.76,1029,33,67.6761044921875,568,20.600000381469727,🚀點火(4.1x) 🔭LEAPS,BUY_WATCH,6
SOFI,2028-01-21,42.0,2.29,9630,31,69.67803759765626,568,18.440000534057617,🚀點火(3.9x) 🔭LEAPS,BUY_WATCH,6
TGT,2026-07-17,141.0,0.5,2446,31,33.61882788085938,15,130.2899932861328,🚀點火(3.4x) 🚬菸屁股,BUY_WATCH,6
IBIT,2027-01-15,79.0,0.13,6451,30,55.37154003906251,197,34.0,🚀點火(15.0x) 🚬菸屁股,BUY_WATCH,6
U,2027-01-15,65.0,0.92,2935,30,75.39087109375001,197,30.190000534057617,🚀點火(30.0x) 🚬菸屁股,BUY_WATCH,6
SMR,2028-01-21,30.0,2.75,3028,28,114.13617150878905,568,10.149999618530273,🚀點火(4.0x) 🔭LEAPS,BUY_WATCH,6
CPRT,2027-01-15,60.0,0.1,1002,28,47.852083984375,197,28.790000915527344,🚀點火(14.0x) 🚬菸屁股,BUY_WATCH,6
TDOC,2028-01-21,17.0,1.55,1188,27,76.61156201171876,568,9.100000381469727,🚀點火(27.0x) 🔭LEAPS,BUY_WATCH,6
HIMS,2028-01-21,80.0,10.06,967,27,101.95971871948242,568,37.56999969482422,🚀點火(5.4x) 🔭LEAPS,BUY_WATCH,6
NVDA,2026-08-21,320.0,0.11,9451,26,51.27001855468749,50,197.5800018310547,🚀點火(3.2x) 🚬菸屁股,BUY_WATCH,6
CHWY,2026-09-18,27.5,0.5,4298,26,58.496508789062496,78,20.600000381469727,🚀點火(13.0x) 🚬菸屁股,BUY_WATCH,6
IBIT,2026-10-16,70.0,0.08,7266,24,60.15664843750002,106,34.0,🚀點火(12.0x) 🚬菸屁股,BUY_WATCH,6
LUNR,2028-01-21,50.0,6.19,878,23,112.98871630859378,568,20.200000762939453,🚀點火(4.6x) 🔭LEAPS,BUY_WATCH,6
ONDS,2026-09-18,18.0,0.16,10544,22,115.234798828125,78,7.920000076293945,🚀點火(4.4x) 🚬菸屁股,BUY_WATCH,6
ADBE,2026-08-21,330.0,0.26,1072,22,56.49457568359376,50,210.97999572753906,🚀點火(3.7x) 🚬菸屁股,BUY_WATCH,6
ADBE,2026-09-18,350.0,0.72,2561,22,58.45988806152342,78,210.97999572753906,🚀點火(22.0x) 🚬菸屁股,BUY_WATCH,6
ADBE,2026-09-18,450.0,0.25,1233,22,67.82258740234376,78,210.97999572753906,🚀點火(5.5x) 🚬菸屁股,BUY_WATCH,6
SOFI,2027-01-15,37.0,0.54,3223,21,69.43389941406251,197,18.440000534057617,🚀點火(3.0x) 🚬菸屁股,BUY_WATCH,6
PATH,2026-09-18,16.0,0.53,1063,21,76.46507910156251,78,11.550000190734863,🚀點火(5.2x) 🚬菸屁股,BUY_WATCH,6
HIMS,2028-01-21,90.0,9.17,4265,21,95.9717199707031,568,37.56999969482422,🚀點火(21.0x) 🔭LEAPS,BUY_WATCH,6
ADBE,2026-09-18,380.0,0.21,893,21,56.7387138671875,78,210.97999572753906,🚀點火(21.0x) 🚬菸屁股,BUY_WATCH,6
CMG,2028-01-21,45.0,4.35,901,21,44.42194250488281,568,35.0,🚀點火(7.0x) 🔭LEAPS,BUY_WATCH,6
DKNG,2026-09-18,45.0,0.01,6254,20,68.16438085937502,78,25.770000457763672,🚀點火(20.0x) 🚬菸屁股,BUY_WATCH,6
SMR,2027-01-15,80.0,0.15,9969,20,131.25034374999998,197,10.149999618530273,🚀點火(20.0x) 🚬菸屁股,BUY_WATCH,6
NNE,2027-01-15,90.0,0.4,2717,20,104.68797656250001,197,20.75,🚀點火(10.0x) 🚬菸屁股,BUY_WATCH,6
ACN,2026-07-17,160.0,0.15,1674,20,52.05126074218749,15,131.1300048828125,🚀點火(4.0x) 🚬菸屁股,BUY_WATCH,6
AMZN,2026-08-21,360.0,0.16,1219,20,47.1684970703125,50,241.6999969482422,🚀點火(6.7x) 🚬菸屁股,BUY_WATCH,6
KO,2027-01-15,105.0,0.24,1604,20,20.313296875,197,81.29000091552734,🚀點火(10.0x) 🚬菸屁股,BUY_WATCH,6
FISV,2027-01-15,100.0,0.45,4374,20,52.14891601562499,197,50.72999954223633,🚀點火(6.7x) 🚬菸屁股,BUY_WATCH,6
CHWY,2027-01-15,35.0,0.61,3429,20,58.496508789062496,197,20.600000381469727,🚀點火(2.9x) 🚬菸屁股,BUY_WATCH,6
PATH,2027-01-15,25.0,0.42,13931,19,75.586181640625,197,11.550000190734863,🚀點火(9.5x) 🚬菸屁股,BUY_WATCH,6
PACB,2027-01-15,1.0,0.95,2711,19,95.312546875,197,1.7400000095367432,🚀點火(19.0x) 🚬菸屁股,BUY_WATCH,6
PACB,2028-01-21,5.0,0.33,1349,19,121.48476757812499,568,1.7400000095367432,🚀點火(9.5x) 🔭LEAPS,BUY_WATCH,6
SMR,2027-01-15,40.0,0.53,6752,19,120.50820996093749,197,10.149999618530273,🚀點火(3.2x) 🚬菸屁股,BUY_WATCH,6
GILD,2026-07-17,145.0,0.04,1670,19,32.52020605468749,15,125.97000122070312,🚀點火(2.7x) 🚬菸屁股,BUY_WATCH,6
OKLO,2026-09-18,140.0,0.6,1830,18,111.42622412109375,78,52.45000076293945,🚀點火(6.0x) 🚬菸屁股,BUY_WATCH,6
SOFI,2028-06-16,42.0,3.14,3300,18,72.53445434570311,715,18.440000534057617,🚀點火(18.0x) 🔭LEAPS,BUY_WATCH,6
TDOC,2028-01-21,7.0,4.0,2084,17,74.75611181640626,568,9.100000381469727,🚀點火(4.2x) 🔭LEAPS,BUY_WATCH,6
ACHR,2027-01-15,25.0,0.07,23016,17,112.109814453125,197,4.920000076293945,🚀點火(17.0x) 🚬菸屁股,BUY_WATCH,6
SMCI,2026-09-18,75.0,0.22,3199,16,113.0863720703125,78,27.649999618530273,🚀點火(3.2x) 🚬菸屁股,BUY_WATCH,6
SOFI,2028-06-16,45.0,2.8,4674,16,72.69314416503907,715,18.440000534057617,🚀點火(3.2x) 🔭LEAPS,BUY_WATCH,6
SOFI,2028-01-21,27.0,4.25,4459,15,71.16728051757812,568,18.440000534057617,🚀點火(5.0x) 🔭LEAPS,BUY_WATCH,6
JOBY,2026-11-20,15.0,0.65,1036,15,89.3555751953125,141,8.84000015258789,🚀點火(15.0x) 🚬菸屁股,BUY_WATCH,6
AVGO,2026-08-21,570.0,0.48,779,15,52.88133056640626,50,369.3399963378906,🚀點火(15.0x) 🚬菸屁股,BUY_WATCH,6
AVGO,2026-08-21,590.0,0.37,1523,15,54.49264257812501,50,369.3399963378906,🚀點火(15.0x) 🚬菸屁股,BUY_WATCH,6
T,2027-01-15,40.0,0.05,8631,13,42.188078125,197,20.479999542236328,🚀點火(13.0x) 🚬菸屁股,BUY_WATCH,6
SOFI,2028-01-21,32.0,3.34,7198,12,70.117486328125,568,18.440000534057617,🚀點火(3.0x) 🔭LEAPS,BUY_WATCH,6
DKNG,2026-08-21,40.0,0.1,891,12,63.47692773437501,50,25.770000457763672,🚀點火(12.0x) 🚬菸屁股,BUY_WATCH,6
ZM,2026-09-18,140.0,0.47,1007,12,54.00436621093752,78,90.12999725341797,🚀點火(4.0x) 🚬菸屁股,BUY_WATCH,6
HIMS,2028-01-21,65.0,10.85,898,12,96.13040979003907,568,37.56999969482422,🚀點火(6.0x) 🔭LEAPS,BUY_WATCH,6
NVDA,2028-01-21,370.0,10.9,5219,11,46.94877270507813,568,197.5800018310547,🚀點火(5.5x) 🔭LEAPS,BUY_WATCH,6
COIN,2027-01-15,880.0,0.47,13739,11,90.9180595703125,197,159.24000549316406,🚀點火(3.7x) 🚬菸屁股,BUY_WATCH,6
ADBE,2026-09-18,400.0,0.32,1697,11,63.69665209960937,78,210.97999572753906,🚀點火(2.8x) 🚬菸屁股,BUY_WATCH,6
CHWY,2027-01-15,40.0,0.37,4891,11,61.133201171875015,197,20.600000381469727,🚀點火(2.8x) 🚬菸屁股,BUY_WATCH,6
U,2028-01-21,45.0,7.62,7153,10,75.25659509277342,568,30.190000534057617,🚀點火(2.5x) 🔭LEAPS,BUY_WATCH,6
U,2028-01-21,65.0,4.67,1974,10,76.02563037109377,568,30.190000534057617,🚀點火(3.3x) 🔭LEAPS,BUY_WATCH,6
ZM,2026-09-18,130.0,0.76,864,10,52.905744384765626,78,90.12999725341797,🚀點火(2.5x) 🚬菸屁股,BUY_WATCH,6
BSX,2026-07-17,47.5,0.28,2349,9,42.383388671875,15,43.060001373291016,🚀點火(4.5x) 🚬菸屁股,BUY_WATCH,6
PATH,2027-01-15,22.0,0.63,7680,8,75.39087109375001,197,11.550000190734863,🚀點火(8.0x) 🚬菸屁股,BUY_WATCH,6
GILD,2026-07-17,140.0,0.06,1754,8,34.76627734375,15,125.97000122070312,🚀點火(2.7x) 🚬菸屁股,BUY_WATCH,6
IBIT,2028-06-16,65.0,3.75,6478,7,53.662572753906254,715,34.0,🚀點火(7.0x) 🔭LEAPS,BUY_WATCH,6
ADBE,2026-08-21,335.0,0.21,831,7,53.80905566406251,50,210.97999572753906,🚀點火(3.5x) 🚬菸屁股,BUY_WATCH,6
UPST,2028-01-21,105.0,5.0,961,6,87.2071591796875,568,35.7400016784668,🚀點火(6.0x) 🔭LEAPS,BUY_WATCH,6
PACB,2028-01-21,3.0,0.6,1128,6,89.257919921875,568,1.7400000095367432,🚀點火(6.0x) 🔭LEAPS,BUY_WATCH,6
JOBY,2027-01-15,40.0,0.11,4443,6,101.5629921875,197,8.84000015258789,🚀點火(3.0x) 🚬菸屁股,BUY_WATCH,6
ADBE,2026-09-18,410.0,0.21,1089,6,60.058993164062514,78,210.97999572753906,🚀點火(6.0x) 🚬菸屁股,BUY_WATCH,6
GILD,2026-07-17,133.0,0.86,792,6,27.3444765625,15,125.97000122070312,🚀點火(6.0x) 🚬菸屁股,BUY_WATCH,6
GOOGL,2026-07-17,445.0,0.12,1689,5,45.0200810546875,15,361.2099914550781,🚀點火(2.5x) 🚬菸屁股,BUY_WATCH,6
FISV,2028-01-21,70.0,7.86,2655,5,51.95360546875,568,50.72999954223633,🚀點火(2.5x) 🔭LEAPS,BUY_WATCH,6
TGT,2027-01-15,220.0,0.48,1171,5,41.94393994140625,197,130.2899932861328,🚀點火(5.0x) 🚬菸屁股,BUY_WATCH,6
CHWY,2026-11-20,32.5,0.5,1388,5,56.44574804687501,141,20.600000381469727,🚀點火(2.5x) 🚬菸屁股,BUY_WATCH,6
DKNG,2026-08-21,37.5,0.16,6574,4,61.52382226562501,50,25.770000457763672,🚀點火(4.0x) 🚬菸屁股,BUY_WATCH,6
BEAM,2028-01-21,50.0,9.5,1961,4,77.78342529296876,568,33.47999954223633,🚀點火(4.0x) 🔭LEAPS,BUY_WATCH,6
ABT,2026-08-21,120.0,0.15,1461,4,38.184211914062494,50,92.18000030517578,🚀點火(4.0x) 🚬菸屁股,BUY_WATCH,6
ACN,2026-07-17,165.0,0.15,1385,4,62.2074091796875,15,131.1300048828125,🚀點火(4.0x) 🚬菸屁股,BUY_WATCH,6
JOBY,2027-01-15,22.0,0.4,6258,3,92.773509765625,197,8.84000015258789,🚀點火(3.0x) 🚬菸屁股,BUY_WATCH,6
CRWV,2026-09-18,270.0,0.25,814,3,109.86373193359378,78,85.68499755859375,🚀點火(3.0x) 🚬菸屁股,BUY_WATCH,6
ABT,2026-09-18,120.0,0.21,1000,3,34.22917333984374,78,92.18000030517578,🚀點火(3.0x) 🚬菸屁股,BUY_WATCH,6
MSFT,2026-08-21,480.0,3.05,78017,11845,45.91118542480469,50,384.2799987792969,🚀點火(37.7x) 🔥萬人塚,HOLD,5
MSFT,2026-08-21,500.0,2.13,140893,11352,46.265185791015625,50,384.2799987792969,🚀點火(4.4x) 🔥萬人塚,HOLD,5
NVDA,2027-01-15,210.0,20.95,43621,5470,44.946839599609376,197,197.5800018310547,🚀點火(11.3x) 🔥萬人塚,HOLD,5
SOFI,2026-09-18,22.0,1.09,134442,3607,65.7229990234375,78,18.440000534057617,🚀點火(3.8x) 🔥萬人塚,HOLD,5
MSFT,2026-09-18,450.0,8.59,31706,3449,40.369248657226564,78,384.2799987792969,🚀點火(5.8x) 🔥萬人塚,HOLD,5
MSFT,2027-01-15,500.0,12.43,32849,3063,39.499506378173834,197,384.2799987792969,🚀點火(2.5x) 🔥萬人塚,HOLD,5
MSFT,2026-08-21,460.0,4.7,79917,2113,43.58576922607422,50,384.2799987792969,🚀點火(6.5x) 🔥萬人塚,HOLD,5
SOFI,2027-01-15,25.0,1.72,80305,2103,67.60286303710939,197,18.440000534057617,🚀點火(5.0x) 🔥萬人塚,HOLD,5
AMZN,2027-01-15,300.0,10.5,59151,2079,39.99388619995118,197,241.6999969482422,🚀點火(4.3x) 🔥萬人塚,HOLD,5
TSLA,2027-01-15,960.0,3.3,110028,1237,58.917647155761735,197,425.29998779296875,🚀點火(8.0x) 🔥萬人塚,HOLD,5
AMZN,2026-08-21,295.0,1.89,31254,482,41.12607702636719,50,241.6999969482422,🚀點火(4.5x) 🔥萬人塚,HOLD,5
NVDA,2027-01-15,290.0,4.65,38352,222,44.15339050292969,197,197.5800018310547,🚀點火(3.0x) 🔥萬人塚,HOLD,5
SHOP,2026-09-18,195.0,1.11,82102,126,63.11072045898438,78,121.62999725341797,🚀點火(7.9x) 🔥萬人塚,HOLD,5
NVDA,2027-01-15,160.0,50.75,115338,118,50.397224548339835,197,197.5800018310547,🚀點火(3.5x) 🔥萬人塚,HOLD,5
SHOP,2026-09-18,160.0,4.0,83680,97,63.52575537109376,78,121.62999725341797,🚀點火(2.7x) 🔥萬人塚,HOLD,5
SHOP,2026-09-18,140.0,8.19,49612,88,64.39854937744141,78,121.62999725341797,🚀點火(5.5x) 🔥萬人塚,HOLD,5
DKNG,2026-11-20,30.0,2.4,30710,27,62.93982373046876,141,25.770000457763672,🚀點火(3.9x) 🔥萬人塚,HOLD,5
SHOP,2026-09-18,175.0,2.41,46678,3,62.18299536132813,78,121.62999725341797,🚀點火(3.0x) 🔥萬人塚,HOLD,5
OPEN,2026-07-17,6.0,0.07,15039,12793,87.500125,15,4.940000057220459,🚀點火(9.5x) 🚬菸屁股 ⚠️暴動高IV(88%),BUY_WATCH,4
OPEN,2026-08-21,10.0,0.05,20074,7336,119.922275390625,50,4.940000057220459,🚀點火(11.5x) 🚬菸屁股 ⚠️暴動高IV(120%),BUY_WATCH,4
CRWV,2026-07-17,110.0,0.82,6152,4465,88.42785009765625,15,85.68499755859375,🆕新倉暴量 🚬菸屁股 ⚠️暴動高IV(88%),BUY_WATCH,4
ONDS,2026-07-17,9.5,0.16,4873,3195,93.35944140625,15,7.920000076293945,🚀點火(3.0x) 🚬菸屁股 ⚠️暴動高IV(93%),BUY_WATCH,4
OPEN,2026-07-17,5.5,0.15,2418,2611,83.59391406249999,15,4.940000057220459,🚀點火(2.9x) 🚬菸屁股 ⚠️暴動高IV(84%),BUY_WATCH,4
IONQ,2026-07-17,70.0,0.39,6517,2340,97.1679970703125,15,51.400001525878906,🚀點火(13.1x) 🚬菸屁股 ⚠️暴動高IV(97%),BUY_WATCH,4
AAPL,2027-01-15,320.0,15.1,31842,1538,29.727875579833974,197,294.3800048828125,🚀點火(4.2x) 🔥萬人塚 🏛️機構場,HOLD,4
HIMS,2026-07-17,45.0,0.68,4632,1290,86.0352958984375,15,37.56999969482422,🚀點火(3.6x) 🚬菸屁股 ⚠️暴動高IV(86%),BUY_WATCH,4
HOOD,2026-07-17,160.0,0.07,789,1130,84.37515624999999,15,108.6500015258789,🚨異常掃貨 🆕新倉暴量 🚬菸屁股 ⚠️尾段價外(47%) ⚠️暴動高IV(84%),STRONG_BUY,4
ACHR,2026-08-21,7.0,0.15,5300,1113,90.23447265624999,50,4.920000076293945,🚀點火(7.7x) 🚬菸屁股 ⚠️暴動高IV(90%),BUY_WATCH,4
SMR,2026-08-21,13.0,0.74,3440,1077,105.37156689453124,50,10.149999618530273,🚀點火(4.0x) 🚬菸屁股 ⚠️暴動高IV(105%),BUY_WATCH,4
OPEN,2026-08-21,8.0,0.14,10999,1043,105.46922265625001,50,4.940000057220459,🚀點火(6.6x) 🚬菸屁股 ⚠️暴動高IV(105%),BUY_WATCH,4
SMR,2026-07-17,14.0,0.08,5006,999,103.90673046875003,15,10.149999618530273,🚀點火(3.9x) 🚬菸屁股 ⚠️暴動高IV(104%),BUY_WATCH,4
HIMS,2026-07-17,50.0,0.27,5497,973,88.18371191406248,15,37.56999969482422,🚀點火(8.5x) 🚬菸屁股 ⚠️暴動高IV(88%),BUY_WATCH,4
SMR,2026-08-21,20.0,0.19,5725,860,118.35978320312499,50,10.149999618530273,🚀點火(107.5x) 🚬菸屁股 ⚠️暴動高IV(118%),BUY_WATCH,4
HOOD,2026-08-21,200.0,0.42,1650,553,85.8399853515625,50,108.6500015258789,🚀點火(9.1x) 🚬菸屁股 ⚠️暴動高IV(86%),BUY_WATCH,4
OPEN,2026-07-17,6.5,0.05,1045,491,92.9688203125,15,4.940000057220459,🚀點火(8.0x) 🚬菸屁股 ⚠️暴動高IV(93%),BUY_WATCH,4
OPEN,2026-08-21,9.0,0.08,4335,464,108.59420703125,50,4.940000057220459,🚀點火(16.6x) 🚬菸屁股 ⚠️暴動高IV(109%),BUY_WATCH,4
NTLA,2026-07-17,20.0,0.42,1528,208,82.61736132812499,15,17.239999771118164,🚀點火(20.8x) 🚬菸屁股 ⚠️暴動高IV(83%),BUY_WATCH,4
CRWV,2026-08-21,200.0,0.26,1125,197,110.79146166992189,50,85.68499755859375,🚀點火(9.8x) 🚬菸屁股 ⚠️暴動高IV(111%),BUY_WATCH,4
ONDS,2026-08-21,14.0,0.16,1122,131,111.13325683593752,50,7.920000076293945,🚀點火(16.4x) 🚬菸屁股 ⚠️暴動高IV(111%),BUY_WATCH,4
NTLA,2026-07-17,19.0,0.6,1962,128,83.1056376953125,15,17.239999771118164,🚀點火(4.3x) 🚬菸屁股 ⚠️暴動高IV(83%),BUY_WATCH,4
SMR,2026-08-21,35.0,0.05,7534,127,144.53152734375,50,10.149999618530273,🚀點火(2.7x) 🚬菸屁股 ⚠️暴動高IV(145%),BUY_WATCH,4
IREN,2026-08-21,120.0,0.16,5256,113,123.82850585937497,50,43.31999969482422,🚀點火(22.6x) 🚬菸屁股 ⚠️暴動高IV(124%),BUY_WATCH,4
IONQ,2026-07-17,66.0,0.68,931,100,100.9770576171875,15,51.400001525878906,🚀點火(4.0x) 🚬菸屁股 ⚠️暴動高IV(101%),BUY_WATCH,4
NNE,2026-07-17,28.0,0.21,1179,62,103.71141894531253,15,20.75,🚀點火(7.8x) 🚬菸屁股 ⚠️暴動高IV(104%),BUY_WATCH,4
SMCI,2026-08-21,46.0,0.62,1325,57,102.93017285156252,50,27.649999618530273,🚀點火(4.1x) 🚬菸屁股 ⚠️暴動高IV(103%),BUY_WATCH,4
OKLO,2026-08-21,110.0,0.51,1698,53,113.67230664062502,50,52.45000076293945,🚀點火(8.8x) 🚬菸屁股 ⚠️暴動高IV(114%),BUY_WATCH,4
SMR,2026-08-21,16.0,0.37,2561,45,110.9379453125,50,10.149999618530273,🚀點火(3.0x) 🚬菸屁股 ⚠️暴動高IV(111%),BUY_WATCH,4
JOBY,2026-08-21,15.0,0.13,4964,42,93.7500625,50,8.84000015258789,🚀點火(42.0x) 🚬菸屁股 ⚠️暴動高IV(94%),BUY_WATCH,4
HOOD,2026-08-21,185.0,0.63,2667,40,81.49432568359374,50,108.6500015258789,🚀點火(40.0x) 🚬菸屁股 ⚠️暴動高IV(81%),BUY_WATCH,4
SMCI,2026-08-21,48.0,0.58,1414,39,105.37156689453124,50,27.649999618530273,🚀點火(3.2x) 🚬菸屁股 ⚠️暴動高IV(105%),BUY_WATCH,4
SMR,2026-08-21,22.0,0.14,2263,36,123.047259765625,50,10.149999618530273,🚀點火(5.1x) 🚬菸屁股 ⚠️暴動高IV(123%),BUY_WATCH,4
NNE,2026-07-17,27.0,0.28,1255,32,94.726615234375,15,20.75,🚀點火(32.0x) 🚬菸屁股 ⚠️暴動高IV(95%),BUY_WATCH,4
SMCI,2026-08-21,75.0,0.09,995,24,123.43788281249999,50,27.649999618530273,🚀點火(8.0x) 🚬菸屁股 ⚠️暴動高IV(123%),BUY_WATCH,4
KTOS,2026-08-21,90.0,0.48,1569,21,86.62122753906249,50,53.040000915527344,🚀點火(2.6x) 🚬菸屁股 ⚠️暴動高IV(87%),BUY_WATCH,4
CRWV,2026-08-21,210.0,0.23,871,19,112.69574902343751,50,85.68499755859375,🚀點火(19.0x) 🚬菸屁股 ⚠️暴動高IV(113%),BUY_WATCH,4
SMR,2026-08-21,18.0,0.26,2197,18,105.078599609375,50,10.149999618530273,🚀點火(2.6x) 🚬菸屁股 ⚠️暴動高IV(105%),BUY_WATCH,4
JOBY,2026-08-21,16.0,0.09,1253,16,92.57819921875,50,8.84000015258789,🚀點火(3.2x) 🚬菸屁股 ⚠️暴動高IV(93%),BUY_WATCH,4
IREN,2026-08-21,95.0,0.38,932,7,117.57853710937498,50,43.31999969482422,🚀點火(3.5x) 🚬菸屁股 ⚠️暴動高IV(118%),BUY_WATCH,4
IREN,2026-08-21,115.0,0.24,1074,3,139.453427734375,50,43.31999969482422,🚀點火(3.0x) 🚬菸屁股 ⚠️暴動高IV(139%),BUY_WATCH,4
MSFT,2026-07-17,400.0,5.57,25661,25624,36.426416992187505,15,384.2799987792969,🆕新倉暴量,HOLD,3
NOW,2026-07-17,120.0,1.4,18900,16324,61.08437353515627,15,105.80000305175781,🆕新倉暴量,HOLD,3
SOFI,2026-07-17,20.0,0.35,41662,13003,56.64105859375,15,18.440000534057617,🚬菸屁股 🔥萬人塚,HOLD,3
PLTR,2026-07-17,130.0,3.7,16605,11686,50.2080174560547,15,125.7300033569336,🆕新倉暴量,HOLD,3
VST,2026-09-18,190.0,4.78,12581,10204,54.34615966796876,78,153.16000366210938,🆕新倉暴量,HOLD,3
VST,2026-09-18,215.0,1.95,11504,10033,55.45698840332032,78,153.16000366210938,🆕新倉暴量,HOLD,3
HOOD,2026-07-17,110.0,5.6,21251,8835,65.94272338867188,15,108.6500015258789,🆕新倉暴量,HOLD,3
HOOD,2026-07-17,120.0,2.35,20301,8664,65.94272338867188,15,108.6500015258789,🚀點火(6.0x),HOLD,3
NOW,2026-07-17,110.0,3.66,11395,8100,59.77823425292969,15,105.80000305175781,🆕新倉暴量,HOLD,3
IBM,2026-07-17,300.0,5.07,13783,8000,42.188078125,15,286.25,🆕新倉暴量,HOLD,3
NFLX,2026-07-17,80.0,1.54,29506,7899,56.7387138671875,15,74.19000244140625,🆕新倉暴量,HOLD,3
TSLA,2026-07-17,450.0,6.65,21900,7811,42.99373413085938,15,425.29998779296875,🆕新倉暴量,HOLD,3
SMCI,2026-09-18,36.0,2.44,10429,7384,97.55861816406251,78,27.649999618530273,🆕新倉暴量,HOLD,3
TSLA,2026-07-17,420.0,18.8,13606,7282,44.01301104736328,15,425.29998779296875,🆕新倉暴量,HOLD,3
NVDA,2026-07-17,220.0,0.65,81969,7243,36.6217275390625,15,197.5800018310547,🚬菸屁股 🔥萬人塚,HOLD,3
NVDA,2026-08-21,210.0,6.8,26061,6394,39.33166137695313,50,197.5800018310547,🆕新倉暴量,HOLD,3
PLTR,2026-07-17,125.0,5.76,11135,6263,50.537604003906246,15,125.7300033569336,🆕新倉暴量,HOLD,3
WMT,2027-01-15,135.0,2.05,14663,6049,29.10227148437499,197,108.81999969482422,🆕新倉暴量,HOLD,3
MSFT,2026-07-17,410.0,3.4,14660,5951,36.86586572265625,15,384.2799987792969,🆕新倉暴量,HOLD,3
CRM,2026-08-21,200.0,1.64,12872,5867,44.38532177734375,50,163.22999572753906,🆕新倉暴量,HOLD,3
PLTR,2026-07-17,140.0,1.28,16169,5663,51.07470800781251,15,125.7300033569336,🚀點火(6.9x),HOLD,3
MSFT,2026-07-17,425.0,1.66,12090,5295,37.54945263671875,15,384.2799987792969,🚀點火(5.2x),HOLD,3
TSLA,2026-07-17,440.0,9.55,8480,5156,42.79232012939453,15,425.29998779296875,🆕新倉暴量,HOLD,3
PLTR,2026-08-21,130.0,9.65,5690,5140,60.168855346679706,50,125.7300033569336,🆕新倉暴量,HOLD,3
MSFT,2026-08-21,420.0,11.0,10065,5088,41.75168112182617,50,384.2799987792969,🆕新倉暴量,HOLD,3
SOFI,2026-08-21,19.0,1.62,16729,4862,66.94368994140626,50,18.440000534057617,🆕新倉暴量,HOLD,3
NVDA,2026-07-17,207.5,2.52,6677,4734,35.901519897460936,15,197.5800018310547,🆕新倉暴量,HOLD,3
WMT,2026-09-18,120.0,2.05,9087,4691,28.760478027343737,78,108.81999969482422,🆕新倉暴量,HOLD,3
AMZN,2027-01-15,320.0,7.45,10279,4581,40.634748931884765,197,241.6999969482422,🆕新倉暴量,HOLD,3
PLTR,2026-07-17,135.0,2.15,12153,4576,50.67188000488281,15,125.7300033569336,🚀點火(7.5x),HOLD,3
AMZN,2027-01-15,315.0,8.15,8320,4539,40.592024749755865,197,241.6999969482422,🆕新倉暴量,HOLD,3
PLTR,2026-08-21,150.0,3.99,9089,4508,60.74258007812501,50,125.7300033569336,🆕新倉暴量,HOLD,3
INTC,2026-10-16,130.0,22.97,6593,4410,89.20909228515625,106,127.0199966430664,🆕新倉暴量,HOLD,3
META,2026-07-17,660.0,5.58,5031,4349,39.45983392333985,15,612.9099731445312,🆕新倉暴量,HOLD,3
MSFT,2027-01-15,420.0,30.55,5809,4338,39.80773083496094,197,384.2799987792969,🆕新倉暴量,HOLD,3
NVDA,2026-08-21,250.0,0.9,44031,4316,40.7232490234375,50,197.5800018310547,🚬菸屁股 🔥萬人塚,HOLD,3
COIN,2026-07-17,190.0,1.86,14720,4296,72.87624780273438,15,159.24000549316406,🚀點火(20.5x),HOLD,3
CHWY,2026-07-17,20.0,1.34,9976,4252,56.1527822265625,15,20.600000381469727,🚀點火(7.8x),HOLD,3
AMD,2026-07-17,600.0,12.02,6301,4226,68.42072595214846,15,540.8800048828125,🆕新倉暴量,HOLD,3
MSFT,2026-07-17,420.0,2.09,16082,4210,37.35414208984375,15,384.2799987792969,🆕新倉暴量,HOLD,3
NFLX,2026-07-17,75.0,3.2,18386,4045,55.93305786132813,15,74.19000244140625,🆕新倉暴量,HOLD,3
NOW,2026-08-21,150.0,1.75,11735,3987,73.12038598632812,50,105.80000305175781,🆕新倉暴量,HOLD,3
NOW,2026-08-21,140.0,2.57,6203,3954,71.679970703125,50,105.80000305175781,🆕新倉暴量,HOLD,3
NFLX,2026-10-16,100.0,1.04,9561,3871,44.19001123046875,106,74.19000244140625,🆕新倉暴量,HOLD,3
NVDA,2026-09-18,235.0,4.25,17299,3706,42.05380212402344,78,197.5800018310547,🆕新倉暴量,HOLD,3
TSLA,2026-08-21,500.0,7.85,17948,3651,46.74430697631836,50,425.29998779296875,🆕新倉暴量,HOLD,3
NFLX,2026-07-17,90.0,0.36,60008,3534,61.67030517578126,15,74.19000244140625,🚬菸屁股 🔥萬人塚,HOLD,3
NFLX,2026-09-18,100.0,0.67,49330,3465,45.703667968750004,78,74.19000244140625,🚬菸屁股 🔥萬人塚,HOLD,3
META,2026-07-17,720.0,1.08,4249,3450,43.82380395507813,15,612.9099731445312,🆕新倉暴量,HOLD,3
MSFT,2027-01-15,400.0,37.94,13216,3415,39.86113606262208,197,384.2799987792969,🆕新倉暴量,HOLD,3
NVDA,2026-08-21,205.0,8.7,15189,3308,39.789420471191406,50,197.5800018310547,🆕新倉暴量,HOLD,3
MSFT,2026-07-17,450.0,0.5,41592,3281,40.77207666015625,15,384.2799987792969,🚬菸屁股 🔥萬人塚,HOLD,3
PLTR,2026-08-21,165.0,2.11,10142,3235,62.57361645507813,50,125.7300033569336,🆕新倉暴量,HOLD,3
COIN,2026-07-17,200.0,1.1,8576,3197,75.12231909179687,15,159.24000549316406,🚀點火(6.6x),HOLD,3
PLTR,2026-07-17,120.0,8.78,5797,3191,50.39112109375,15,125.7300033569336,🆕新倉暴量,HOLD,3
META,2026-07-17,685.0,2.78,2674,3182,41.00400793457031,15,612.9099731445312,🆕新倉暴量,HOLD,3
NVDA,2026-08-21,195.0,13.35,12119,3118,41.02842175292969,50,197.5800018310547,🆕新倉暴量,HOLD,3
TDOC,2027-01-15,10.0,1.53,8140,3111,71.679970703125,197,9.100000381469727,🆕新倉暴量,HOLD,3
NOW,2026-07-17,105.0,5.8,6069,3013,59.44864770507813,15,105.80000305175781,🆕新倉暴量,HOLD,3
HIMS,2027-01-15,40.0,9.9,12120,2986,98.87696435546876,197,37.56999969482422,🆕新倉暴量,HOLD,3
MSFT,2026-07-17,430.0,1.3,12442,2953,39.050902465820315,15,384.2799987792969,🚀點火(3.9x),HOLD,3
NVDA,2026-07-17,225.0,0.4,41493,2930,37.695935546875,15,197.5800018310547,🚬菸屁股 🔥萬人塚,HOLD,3
GOOGL,2026-07-17,380.0,3.25,11116,2914,31.59858441162109,15,361.2099914550781,🆕新倉暴量,HOLD,3
ONDS,2026-07-17,10.0,0.11,38284,2839,97.26565234374999,15,7.920000076293945,🚬菸屁股 🔥萬人塚,HOLD,3
AVGO,2026-07-17,420.0,1.76,8173,2829,46.27739270019532,15,369.3399963378906,🆕新倉暴量,HOLD,3
META,2026-07-17,690.0,2.35,5544,2727,40.86973193359375,15,612.9099731445312,🆕新倉暴量,HOLD,3
WMT,2026-09-18,125.0,1.21,5295,2692,28.63840893554687,78,108.81999969482422,🆕新倉暴量,HOLD,3
TSLA,2026-07-17,460.0,4.6,9525,2672,43.37214831542969,15,425.29998779296875,🆕新倉暴量,HOLD,3
HOOD,2026-08-21,160.0,1.47,6940,2631,74.26783544921875,50,108.6500015258789,🚀點火(27.7x),HOLD,3
MSFT,2026-08-21,440.0,7.2,9567,2554,42.57259576416016,50,384.2799987792969,🆕新倉暴量,HOLD,3
INTC,2026-09-18,140.0,16.22,6782,2530,89.91709301757811,78,127.0199966430664,🆕新倉暴量,HOLD,3
SMCI,2026-07-17,35.0,0.31,47539,2495,87.695435546875,15,27.649999618530273,🚬菸屁股 🔥萬人塚,HOLD,3
SOFI,2027-01-15,7.0,11.79,11976,2490,107.42233789062503,197,18.440000534057617,🆕新倉暴量,HOLD,3
NBIS,2026-07-17,350.0,1.66,2006,2485,122.16835791015623,15,229.17999267578125,🚨異常掃貨 🆕新倉暴量 ⚠️尾段價外(53%) ⚠️暴動高IV(122%),STRONG_BUY,3
PLTR,2026-08-21,175.0,1.42,5845,2455,64.3558251953125,50,125.7300033569336,🚀點火(3.4x),HOLD,3
WMT,2026-09-18,110.0,5.35,2665,2397,29.981168945312497,78,108.81999969482422,🆕新倉暴量,HOLD,3
HOOD,2026-07-17,115.0,3.66,11504,2372,65.75961975097657,15,108.6500015258789,🆕新倉暴量,HOLD,3
NOW,2026-07-17,115.0,2.27,6356,2366,60.40078662109377,15,105.80000305175781,🆕新倉暴量,HOLD,3
DKNG,2026-08-21,27.5,1.7,9760,2271,59.08244042968751,50,25.770000457763672,🆕新倉暴量,HOLD,3
HOOD,2026-08-21,150.0,2.15,2218,2245,73.34011035156249,50,108.6500015258789,🆕新倉暴量,HOLD,3
NVDA,2026-07-17,270.0,0.02,12217,2197,53.12546875,15,197.5800018310547,🚀點火(6.1x) 🚬菸屁股 ⚠️尾段價外(37%),BUY_WATCH,3
IBM,2026-07-17,320.0,1.65,4707,2184,45.20318469238281,15,286.25,🆕新倉暴量,HOLD,3
NFLX,2026-07-17,100.0,0.11,49158,2168,68.7503125,15,74.19000244140625,🚬菸屁股 🔥萬人塚,HOLD,3
NVDA,2028-01-21,300.0,19.05,92815,2166,46.750410430908204,568,197.5800018310547,🔭LEAPS 🔥萬人塚,HOLD,3
META,2026-07-17,670.0,4.15,3914,2155,40.19835192871094,15,612.9099731445312,🆕新倉暴量,HOLD,3
NFLX,2026-07-17,74.0,3.6,4265,2133,55.73774731445313,15,74.19000244140625,🆕新倉暴量,HOLD,3
FISV,2026-07-17,49.0,2.76,2341,2125,44.5318046875,15,50.72999954223633,🚀點火(2.6x),HOLD,3
GOOGL,2026-12-18,540.0,2.1,6223,2104,40.17088638305664,169,361.2099914550781,🆕新倉暴量,HOLD,3
GOOGL,2026-12-18,490.0,4.74,6247,2100,39.264523376464844,169,361.2099914550781,🆕新倉暴量,HOLD,3
SMCI,2026-09-18,40.0,1.85,8530,2089,97.070341796875,78,27.649999618530273,🆕新倉暴量,HOLD,3
GOOGL,2026-07-17,460.0,0.06,2204,2077,44.14118359375,15,361.2099914550781,🚀點火(519.2x) 🚬菸屁股 ⚠️尾段價外(27%),BUY_WATCH,3
IBM,2026-09-18,400.0,3.0,4455,2064,50.29346582031251,78,286.25,🆕新倉暴量,HOLD,3
META,2026-08-21,800.0,3.6,8470,2038,47.81546325683594,50,612.9099731445312,🆕新倉暴量,HOLD,3
NVDA,2026-07-17,250.0,0.07,95894,2033,47.1684970703125,15,197.5800018310547,🚬菸屁股 🔥萬人塚,HOLD,3
TSLA,2026-07-17,600.0,0.22,17944,1906,66.99251757812502,15,425.29998779296875,🚀點火(7.1x) 🚬菸屁股 ⚠️尾段價外(41%),BUY_WATCH,3
IONQ,2026-11-20,120.0,2.94,2358,1814,110.79146166992189,141,51.400001525878906,🆕新倉暴量,HOLD,3
META,2026-08-21,780.0,4.7,1576,1709,47.34549725341797,50,612.9099731445312,🆕新倉暴量,HOLD,3
ONDS,2026-12-18,10.0,1.55,7258,1680,102.44189404296877,169,7.920000076293945,🆕新倉暴量,HOLD,3
NFLX,2026-08-21,84.0,1.92,1666,1665,45.85015087890626,50,74.19000244140625,🆕新倉暴量,HOLD,3
ONDS,2026-07-17,15.0,0.01,31896,1637,134.37532812499998,15,7.920000076293945,🚬菸屁股 🔥萬人塚,HOLD,3
NVDA,2026-07-17,230.0,0.25,47314,1636,39.20959228515625,15,197.5800018310547,🚬菸屁股 🔥萬人塚,HOLD,3
NFLX,2026-07-17,70.0,5.85,4661,1625,54.858849853515636,15,74.19000244140625,🆕新倉暴量,HOLD,3
NVDA,2026-07-17,240.0,0.12,36553,1608,42.8716650390625,15,197.5800018310547,🚬菸屁股 🔥萬人塚,HOLD,3
GOOGL,2026-12-18,520.0,3.04,4804,1550,39.737541107177734,169,361.2099914550781,🆕新倉暴量,HOLD,3
HPE,2027-01-15,40.0,10.55,3798,1546,71.49686706542968,197,43.95000076293945,🆕新倉暴量,HOLD,3
OPEN,2026-08-21,7.0,0.22,30673,1538,101.5629921875,50,4.940000057220459,🚬菸屁股 🔥萬人塚,HOLD,3
NOW,2026-08-21,130.0,3.87,6909,1502,70.26396923828125,50,105.80000305175781,🆕新倉暴量,HOLD,3
SOFI,2026-10-16,20.0,2.03,4738,1490,65.820654296875,106,18.440000534057617,🆕新倉暴量,HOLD,3
MSTR,2026-08-21,125.0,4.3,52257,1486,92.51716467285156,50,93.38999938964844,🚀點火(4.3x) 🔥萬人塚 ⚠️暴動高IV(93%),HOLD,3
IBIT,2026-10-16,40.0,1.2,8282,1433,43.01814794921876,106,34.0,🚀點火(3.8x),HOLD,3
PLTR,2026-08-21,170.0,1.76,5724,1431,63.37927246093751,50,125.7300033569336,🚀點火(5.7x),HOLD,3
ABT,2027-01-15,100.0,5.7,3933,1427,38.90441955566406,197,92.18000030517578,🆕新倉暴量,HOLD,3
NFLX,2026-07-17,72.0,4.72,2974,1424,55.59126440429689,15,74.19000244140625,🆕新倉暴量,HOLD,3
GOOGL,2026-07-17,375.0,4.5,6546,1422,31.629101684570305,15,361.2099914550781,🆕新倉暴量,HOLD,3
TDOC,2026-08-21,9.0,1.01,1731,1421,75.00025000000001,50,9.100000381469727,🚀點火(24.9x),HOLD,3
META,2026-07-17,680.0,3.1,3078,1419,40.540145385742186,15,612.9099731445312,🆕新倉暴量,HOLD,3
NOW,2026-08-21,125.0,4.8,4424,1370,69.48272705078125,50,105.80000305175781,🆕新倉暴量,HOLD,3
GOOGL,2026-12-18,510.0,3.4,4258,1359,39.54528228759766,169,361.2099914550781,🆕新倉暴量,HOLD,3
HOOD,2026-07-17,125.0,1.51,7265,1356,66.60189648437502,15,108.6500015258789,🚀點火(5.6x),HOLD,3
WMT,2027-01-15,110.0,9.42,5200,1356,31.33613586425781,197,108.81999969482422,🆕新倉暴量,HOLD,3
NFLX,2026-08-21,75.0,4.7,4564,1318,45.85015087890626,50,74.19000244140625,🆕新倉暴量,HOLD,3
HOOD,2026-07-17,150.0,0.18,10277,1239,72.6565234375,15,108.6500015258789,🚀點火(16.3x) 🚬菸屁股 ⚠️尾段價外(38%),BUY_WATCH,3
PLTR,2026-07-17,180.0,0.08,11496,1235,71.0940390625,15,125.7300033569336,🚀點火(3.2x) 🚬菸屁股 ⚠️尾段價外(43%),BUY_WATCH,3
WMT,2026-09-18,115.0,3.4,3759,1182,28.943581665039055,78,108.81999969482422,🆕新倉暴量,HOLD,3
HOOD,2026-08-21,130.0,4.9,2808,1096,71.93631579589844,50,108.6500015258789,🆕新倉暴量,HOLD,3
MSFT,2026-07-17,435.0,1.03,7502,1086,38.64807446289062,15,384.2799987792969,🚀點火(16.2x),HOLD,3
NVDA,2026-07-17,235.0,0.18,31411,1084,41.01621484375,15,197.5800018310547,🚬菸屁股 🔥萬人塚,HOLD,3
NVDA,2026-07-17,280.0,0.03,10525,1045,58.20354296875,15,197.5800018310547,🚀點火(10.2x) 🚬菸屁股 ⚠️尾段價外(42%),BUY_WATCH,3
MSFT,2026-07-17,500.0,0.11,23648,1038,49.805189453125,15,384.2799987792969,🚀點火(2.9x) 🚬菸屁股 ⚠️尾段價外(30%),BUY_WATCH,3
IREN,2026-09-18,85.0,1.64,4035,1030,120.50820996093749,78,43.31999969482422,🆕新倉暴量,HOLD,3
ADBE,2026-07-17,220.0,4.15,2933,1016,42.32235412597656,15,210.97999572753906,🆕新倉暴量,HOLD,3
IBIT,2027-01-15,50.0,0.84,44800,1011,45.23980541992188,197,34.0,🚬菸屁股 🔥萬人塚,HOLD,3
HOOD,2026-07-17,109.0,5.97,1001,991,65.67417138671875,15,108.6500015258789,🆕新倉暴量,HOLD,3
PLTR,2026-09-18,200.0,1.2,11918,966,63.79430737304688,78,125.7300033569336,🚀點火(3.2x),HOLD,3
CRM,2026-07-17,165.0,5.1,3149,962,42.07821594238281,15,163.22999572753906,🆕新倉暴量,HOLD,3
U,2026-08-21,30.0,3.55,2633,950,77.0510107421875,50,30.190000534057617,🆕新倉暴量,HOLD,3
CRM,2026-07-17,175.0,1.93,4101,946,42.31014721679687,15,163.22999572753906,🆕新倉暴量,HOLD,3
VST,2026-07-17,165.0,2.85,3944,941,53.73581420898439,15,153.16000366210938,🆕新倉暴量,HOLD,3
SOFI,2027-01-15,21.0,2.79,1019,936,67.773759765625,197,18.440000534057617,🆕新倉暴量,HOLD,3
DELL,2026-07-17,520.0,4.65,871,921,76.70921728515626,15,425.25,🆕新倉暴量,HOLD,3
META,2026-07-17,675.0,3.72,1330,918,40.91245611572265,15,612.9099731445312,🆕新倉暴量,HOLD,3
NOW,2027-01-15,168.0,5.75,1193,904,65.1614812011719,197,105.80000305175781,🆕新倉暴量,HOLD,3
ADBE,2026-07-17,225.0,2.79,839,902,43.066975585937506,15,210.97999572753906,🆕新倉暴量,HOLD,3
IREN,2026-10-16,60.0,5.75,3295,832,113.84320422363281,106,43.31999969482422,🆕新倉暴量,HOLD,3
CRWV,2026-12-18,190.0,4.0,2576,830,90.9058526611328,169,85.68499755859375,🆕新倉暴量,HOLD,3
META,2026-07-17,705.0,1.55,887,826,42.65194067382813,15,612.9099731445312,🆕新倉暴量,HOLD,3
NFLX,2026-09-18,75.0,5.63,2668,815,44.19001123046875,78,74.19000244140625,🆕新倉暴量,HOLD,3
IBM,2026-07-17,305.0,4.1,835,806,42.8716650390625,15,286.25,🆕新倉暴量,HOLD,3
OPEN,2027-01-15,7.0,0.88,52470,776,102.63720556640625,197,4.940000057220459,🚬菸屁股 🔥萬人塚,HOLD,3
DKNG,2026-07-17,30.0,0.15,32722,762,53.320779296874996,15,25.770000457763672,🚬菸屁股 🔥萬人塚,HOLD,3
NFLX,2026-11-20,80.0,5.84,3559,759,46.436082519531254,141,74.19000244140625,🆕新倉暴量,HOLD,3
AMZN,2026-07-17,300.0,0.05,34247,741,41.211525390625,15,241.6999969482422,🚬菸屁股 🔥萬人塚,HOLD,3
NOW,2026-09-18,130.0,5.75,3491,738,67.34651794433594,78,105.80000305175781,🆕新倉暴量,HOLD,3
PLTR,2026-07-17,165.0,0.18,9870,734,63.7698935546875,15,125.7300033569336,🚀點火(3.7x) 🚬菸屁股 ⚠️尾段價外(31%),BUY_WATCH,3
SOFI,2026-09-18,19.0,2.09,3236,725,66.16244775390626,78,18.440000534057617,🆕新倉暴量,HOLD,3
ABBV,2026-09-18,270.0,5.71,2158,715,27.069821105957036,78,251.05999755859375,🆕新倉暴量,HOLD,3
ONDS,2028-01-21,30.0,1.32,74064,713,103.51610742187502,568,7.920000076293945,🔭LEAPS 🔥萬人塚,HOLD,3
SOFI,2027-01-15,23.0,2.25,1841,693,67.28548339843752,197,18.440000534057617,🆕新倉暴量,HOLD,3
MSFT,2026-07-17,550.0,0.04,6590,685,57.0316796875,15,384.2799987792969,🚀點火(21.4x) 🚬菸屁股 ⚠️尾段價外(43%),BUY_WATCH,3
HOOD,2026-08-21,135.0,3.9,1620,681,71.87528125,50,108.6500015258789,🆕新倉暴量,HOLD,3
NFLX,2026-07-17,78.0,2.02,2623,677,56.226023681640626,15,74.19000244140625,🆕新倉暴量,HOLD,3
IBM,2026-07-17,310.0,3.01,2297,674,43.89704541015625,15,286.25,🆕新倉暴量,HOLD,3
AMZN,2026-07-17,262.5,1.22,2720,664,34.632001342773435,15,241.6999969482422,🆕新倉暴量,HOLD,3
MSTR,2026-07-17,180.0,0.07,39190,651,121.09414453124998,15,93.38999938964844,🚀點火(3.7x) 🚬菸屁股 🔥萬人塚 ⚠️尾段價外(93%) ⚠️暴動高IV(121%),BUY_WATCH,3
VST,2026-08-21,190.0,2.72,804,641,54.883263671875014,50,153.16000366210938,🆕新倉暴量,HOLD,3
CRM,2026-09-18,240.0,1.06,2563,637,50.940432006835934,78,163.22999572753906,🆕新倉暴量,HOLD,3
PLTR,2026-08-21,180.0,1.23,7909,633,65.43003320312502,50,125.7300033569336,🚀點火(15.8x),HOLD,3
SOFI,2026-12-18,19.0,3.27,2735,606,68.555001953125,169,18.440000534057617,🆕新倉暴量,HOLD,3
T,2026-10-16,21.0,1.06,1335,597,29.444064941406246,106,20.479999542236328,🆕新倉暴量,HOLD,3
IBIT,2026-07-17,50.0,0.01,32320,593,72.6565234375,15,34.0,🚬菸屁股 🔥萬人塚,HOLD,3
ACHR,2026-07-17,7.0,0.02,37199,593,98.437515625,15,4.920000076293945,🚬菸屁股 🔥萬人塚,HOLD,3
PATH,2027-01-15,17.0,1.15,12788,586,74.7072841796875,197,11.550000190734863,🚀點火(195.3x),HOLD,3
ONDS,2026-12-18,12.0,1.15,2152,581,102.93017285156252,169,7.920000076293945,🆕新倉暴量,HOLD,3
OKLO,2026-12-18,165.0,2.0,2344,575,111.35298229980468,169,52.45000076293945,🆕新倉暴量,HOLD,3
LUNR,2026-09-18,30.0,1.6,2373,573,109.96138769531252,78,20.200000762939453,🆕新倉暴量,HOLD,3
CRM,2026-08-21,185.0,3.65,2783,573,43.72614868164062,50,163.22999572753906,🆕新倉暴量,HOLD,3
META,2026-07-17,1000.0,0.06,1927,567,78.12521875,15,612.9099731445312,🆕新倉暴量 🚬菸屁股 ⚠️尾段價外(63%),BUY_WATCH,3
HOOD,2026-08-21,140.0,3.15,1812,562,72.41238525390624,50,108.6500015258789,🆕新倉暴量,HOLD,3
OPEN,2028-01-21,15.0,1.09,30232,540,104.19969775390628,568,4.940000057220459,🔭LEAPS 🔥萬人塚,HOLD,3
GOOGL,2026-07-17,372.5,5.19,1085,534,31.836619140624993,15,361.2099914550781,🆕新倉暴量,HOLD,3
CHWY,2026-09-18,17.5,4.15,1461,526,62.54920263671876,78,20.600000381469727,🆕新倉暴量,HOLD,3
ABT,2026-08-21,95.0,3.4,2114,522,33.19158605957031,50,92.18000030517578,🆕新倉暴量,HOLD,3
NVDA,2026-07-17,285.0,0.01,5561,518,57.812921875,15,197.5800018310547,🚀點火(24.7x) 🚬菸屁股 ⚠️尾段價外(44%),BUY_WATCH,3
NFLX,2026-08-21,105.0,0.27,71933,499,52.49070947265625,50,74.19000244140625,🚬菸屁股 🔥萬人塚,HOLD,3
WMT,2026-11-20,120.0,4.1,1004,485,30.40230731201171,141,108.81999969482422,🆕新倉暴量,HOLD,3
U,2026-08-21,35.0,1.82,1954,475,74.31666308593749,50,30.190000534057617,🆕新倉暴量,HOLD,3
CHWY,2026-07-17,19.5,1.68,963,462,58.5941640625,15,20.600000381469727,🆕新倉暴量,HOLD,3
SMCI,2027-01-15,20.0,11.2,2145,461,99.56055126953125,197,27.649999618530273,🆕新倉暴量,HOLD,3
IBM,2026-07-17,315.0,2.2,881,460,45.0200810546875,15,286.25,🆕新倉暴量,HOLD,3
IBIT,2027-01-15,70.0,0.21,32989,454,52.246571289062494,197,34.0,🚬菸屁股 🔥萬人塚,HOLD,3
AMZN,2026-07-17,247.5,4.72,910,454,34.851725708007805,15,241.6999969482422,🆕新倉暴量,HOLD,3
FISV,2026-08-21,55.0,2.21,1310,452,50.04932763671876,50,50.72999954223633,🆕新倉暴量,HOLD,3
ONDS,2027-01-15,15.0,0.9,52851,450,103.22314013671878,197,7.920000076293945,🚬菸屁股 🔥萬人塚,HOLD,3
T,2026-12-18,21.0,1.41,875,450,30.200893310546878,169,20.479999542236328,🆕新倉暴量,HOLD,3
FLEX,2026-07-17,200.0,0.4,783,449,68.35969140625001,15,153.52999877929688,🆕新倉暴量 🚬菸屁股 ⚠️尾段價外(30%),BUY_WATCH,3
NFLX,2026-07-17,73.0,4.04,1577,441,56.836369140624996,15,74.19000244140625,🆕新倉暴量,HOLD,3
NFLX,2026-08-21,77.0,3.81,1226,441,45.6060126953125,50,74.19000244140625,🆕新倉暴量,HOLD,3
GOOGL,2026-07-17,382.5,2.57,1135,433,31.653515502929686,15,361.2099914550781,🆕新倉暴量,HOLD,3
CRWV,2026-09-18,125.0,4.81,1652,425,94.07964904785156,78,85.68499755859375,🆕新倉暴量,HOLD,3
CMG,2026-09-18,40.0,1.01,11468,425,41.35800830078124,78,35.0,🚀點火(3.3x),HOLD,3
UPST,2026-07-17,37.5,1.5,1259,423,71.14286669921876,15,35.7400016784668,🆕新倉暴量,HOLD,3
IBIT,2026-09-18,50.0,0.13,33766,421,47.26615234375,78,34.0,🚬菸屁股 🔥萬人塚,HOLD,3
VST,2027-01-15,250.0,3.94,1876,406,56.567817138671884,197,153.16000366210938,🆕新倉暴量,HOLD,3
NFLX,2026-07-17,120.0,0.04,107761,406,88.67198828125,15,74.19000244140625,🚬菸屁股 🔥萬人塚,HOLD,3
SOFI,2026-11-20,26.0,1.17,903,401,67.82258740234376,141,18.440000534057617,🚀點火(16.0x),HOLD,3
DKNG,2026-08-21,30.0,0.92,51051,401,58.154715332031245,50,25.770000457763672,🚬菸屁股 🔥萬人塚,HOLD,3
SOFI,2027-01-15,35.0,0.65,34765,375,69.14093359375,197,18.440000534057617,🚬菸屁股 🔥萬人塚,HOLD,3
SOFI,2026-07-17,25.0,0.02,18436,338,69.5315546875,15,18.440000534057617,🚀點火(4.5x) 🚬菸屁股 ⚠️尾段價外(36%),BUY_WATCH,3
OPEN,2028-01-21,20.0,3.25,37480,327,25.00075,568,4.940000057220459,🔭LEAPS 🔥萬人塚,HOLD,3
ACHR,2026-07-17,8.0,0.01,51487,314,96.87503124999999,15,4.920000076293945,🚀點火(5.8x) 🚬菸屁股 🔥萬人塚 ⚠️尾段價外(63%) ⚠️暴動高IV(97%),BUY_WATCH,3
ACHR,2027-01-15,10.0,0.36,46115,305,93.164130859375,197,4.920000076293945,🚬菸屁股 🔥萬人塚,HOLD,3
AMZN,2026-07-17,360.0,0.01,1633,303,69.5315546875,15,241.6999969482422,🚀點火(75.8x) 🚬菸屁股 ⚠️尾段價外(49%),BUY_WATCH,3
IREN,2028-01-21,110.0,11.45,52254,299,106.9706799926758,568,43.31999969482422,🔭LEAPS 🔥萬人塚,HOLD,3
IBIT,2026-07-17,45.0,0.02,83213,285,59.375406250000005,15,34.0,🚬菸屁股 🔥萬人塚,HOLD,3
PATH,2026-09-18,13.0,1.07,2067,276,75.00025000000001,78,11.550000190734863,🚀點火(2.8x),HOLD,3
NFLX,2026-08-21,110.0,0.2,32643,265,55.56685058593751,50,74.19000244140625,🚬菸屁股 🔥萬人塚,HOLD,3
ACHR,2027-01-15,7.0,0.72,36659,264,91.01571484374999,197,4.920000076293945,🚬菸屁股 🔥萬人塚,HOLD,3
ONDS,2027-01-15,20.0,0.52,31371,257,105.2739111328125,197,7.920000076293945,🚬菸屁股 🔥萬人塚,HOLD,3
OPEN,2027-01-15,6.0,1.11,7157,219,94.33599414062499,197,4.940000057220459,🚀點火(3.8x),HOLD,3
AMZN,2026-07-17,305.0,0.05,8975,205,42.9693203125,15,241.6999969482422,🚀點火(8.5x) 🚬菸屁股 ⚠️尾段價外(26%),BUY_WATCH,3
U,2026-08-21,37.0,1.43,2373,196,74.414318359375,50,30.190000534057617,🚀點火(49.0x),HOLD,3
IBIT,2026-07-17,43.0,0.03,10452,186,52.3442265625,15,34.0,🚀點火(2.8x) 🚬菸屁股 ⚠️尾段價外(26%),BUY_WATCH,3
IBIT,2027-01-15,90.0,0.13,38257,186,60.15664843750002,197,34.0,🚬菸屁股 🔥萬人塚,HOLD,3
ZM,2026-08-21,110.0,1.4,1945,178,51.24560473632812,50,90.12999725341797,🚀點火(8.5x),HOLD,3
OPEN,2026-10-16,5.0,1.03,2177,166,99.023447265625,106,4.940000057220459,🚀點火(4.0x),HOLD,3
ADBE,2026-07-17,270.0,0.13,978,165,51.6606396484375,15,210.97999572753906,🚀點火(165.0x) 🚬菸屁股 ⚠️尾段價外(28%),BUY_WATCH,3
AMZN,2026-08-21,320.0,0.7,47613,164,43.140217041015624,50,241.6999969482422,🚬菸屁股 🔥萬人塚,HOLD,3
OPEN,2026-11-20,5.0,1.22,5219,141,101.95361523437501,141,4.940000057220459,🚀點火(3.6x),HOLD,3
KTOS,2026-07-17,70.0,0.18,3201,135,75.09790527343749,15,53.040000915527344,🚀點火(135.0x) 🚬菸屁股 ⚠️尾段價外(32%),BUY_WATCH,3
NVDA,2028-01-21,250.0,29.36,35190,128,47.20664366149902,568,197.5800018310547,🔭LEAPS 🔥萬人塚,HOLD,3
NFLX,2026-07-17,140.0,0.02,103083,126,103.12548437500001,15,74.19000244140625,🚬菸屁股 🔥萬人塚,HOLD,3
GOOGL,2026-09-18,500.0,1.0,5620,122,39.954213745117194,78,361.2099914550781,🚀點火(4.9x),HOLD,3
T,2027-01-15,30.0,0.12,49197,118,31.934274414062493,197,20.479999542236328,🚬菸屁股 🔥萬人塚,HOLD,3
IBIT,2026-09-18,45.0,0.3,36017,114,43.2622861328125,78,34.0,🚬菸屁股 🔥萬人塚,HOLD,3
IBIT,2026-07-17,44.0,0.03,15207,112,55.469195312500005,15,34.0,🚀點火(16.0x) 🚬菸屁股 ⚠️尾段價外(29%),BUY_WATCH,3
SOFI,2026-09-18,32.0,0.24,54345,112,72.55886816406249,78,18.440000534057617,🚬菸屁股 🔥萬人塚,HOLD,3
TDOC,2026-07-17,8.0,1.2,3750,111,68.7503125,15,9.100000381469727,🚀點火(18.5x),HOLD,3
NFLX,2026-08-21,125.0,0.1,70124,111,61.914443359375014,50,74.19000244140625,🚬菸屁股 🔥萬人塚,HOLD,3
GOOGL,2026-07-17,465.0,0.04,1086,106,44.336494140625,15,361.2099914550781,🚀點火(106.0x) 🚬菸屁股 ⚠️尾段價外(29%),BUY_WATCH,3
IBIT,2026-09-18,55.0,0.09,36431,103,51.562984375,78,34.0,🚬菸屁股 🔥萬人塚,HOLD,3
SOFI,2026-10-16,24.0,1.04,2926,94,65.28355029296876,106,18.440000534057617,🚀點火(15.7x),HOLD,3
IBIT,2027-01-15,100.0,0.09,41087,91,64.45348046875,197,34.0,🚬菸屁股 🔥萬人塚,HOLD,3
VST,2026-07-17,230.0,0.06,1328,88,77.73459765625,15,153.16000366210938,🚀點火(8.8x) 🚬菸屁股 ⚠️尾段價外(50%),BUY_WATCH,3
IBIT,2026-09-18,65.0,0.07,34936,86,62.69568554687501,78,34.0,🚬菸屁股 🔥萬人塚,HOLD,3
AMZN,2026-08-21,350.0,0.21,43468,83,46.045461425781255,50,241.6999969482422,🚬菸屁股 🔥萬人塚,HOLD,3
HOOD,2026-07-17,145.0,0.23,1559,75,71.9729365234375,15,108.6500015258789,🚀點火(10.7x) 🚬菸屁股 ⚠️尾段價外(33%),BUY_WATCH,3
NFLX,2026-09-18,110.0,0.34,52727,74,49.219257812500004,78,74.19000244140625,🚬菸屁股 🔥萬人塚,HOLD,3
BSX,2026-12-18,67.5,0.65,110722,72,50.6840869140625,169,43.060001373291016,🚬菸屁股 🔥萬人塚,HOLD,3
ONDS,2027-01-15,30.0,0.24,82200,66,108.59420703125,197,7.920000076293945,🚬菸屁股 🔥萬人塚,HOLD,3
FISV,2026-07-17,65.0,0.03,5992,61,50.7817421875,15,50.72999954223633,🚀點火(10.2x) 🚬菸屁股 ⚠️尾段價外(28%),BUY_WATCH,3
T,2026-07-17,24.0,0.02,38072,55,41.4068359375,15,20.479999542236328,🚬菸屁股 🔥萬人塚,HOLD,3
ADBE,2026-09-18,320.0,1.15,6252,52,52.393054199218746,78,210.97999572753906,🚀點火(6.5x),HOLD,3
AMZN,2026-07-17,325.0,0.03,2157,49,54.297332031250015,15,241.6999969482422,🚀點火(9.8x) 🚬菸屁股 ⚠️尾段價外(34%),BUY_WATCH,3
VST,2026-07-17,195.0,0.25,5270,42,55.37154003906251,15,153.16000366210938,🚀點火(2.8x) 🚬菸屁股 ⚠️尾段價外(27%),BUY_WATCH,3
ADBE,2026-07-17,290.0,0.12,1759,41,66.99251757812502,15,210.97999572753906,🚀點火(2.9x) 🚬菸屁股 ⚠️尾段價外(37%),BUY_WATCH,3
U,2026-08-21,39.0,1.0,2740,37,73.633076171875,50,30.190000534057617,🚀點火(12.3x),HOLD,3
ZM,2026-07-17,95.0,1.49,786,37,42.749595947265625,15,90.12999725341797,🚀點火(4.6x),HOLD,3
ACN,2027-01-15,250.0,1.15,5432,35,50.23243127441408,197,131.1300048828125,🚀點火(11.7x),HOLD,3
U,2026-07-17,40.0,0.1,7867,32,79.29708203125,15,30.190000534057617,🚀點火(32.0x) 🚬菸屁股 ⚠️尾段價外(32%),BUY_WATCH,3
SMR,2026-11-20,18.0,1.14,756,30,110.64497802734377,141,10.149999618530273,🚀點火(30.0x),HOLD,3
TSLA,2026-09-18,990.0,0.5,34068,29,73.12038598632812,78,425.29998779296875,🚬菸屁股 🔥萬人塚,HOLD,3
U,2026-08-21,38.0,1.2,3858,23,74.414318359375,50,30.190000534057617,🚀點火(7.7x),HOLD,3
BSX,2026-09-18,70.0,0.13,42818,23,52.734847656250004,78,43.060001373291016,🚬菸屁股 🔥萬人塚,HOLD,3
ADBE,2026-07-17,275.0,0.12,885,20,58.00823242187501,15,210.97999572753906,🚀點火(2.5x) 🚬菸屁股 ⚠️尾段價外(30%),BUY_WATCH,3
ZM,2026-09-18,120.0,1.34,981,19,51.001466552734385,78,90.12999725341797,🚀點火(19.0x),HOLD,3
ADBE,2027-01-15,490.0,1.04,1752,19,61.16982189941409,197,210.97999572753906,🚀點火(4.8x),HOLD,3
T,2026-07-17,26.0,0.01,10899,19,48.438015625000006,15,20.479999542236328,🚀點火(6.3x) 🚬菸屁股 ⚠️尾段價外(27%),BUY_WATCH,3
DKNG,2026-11-20,37.5,0.94,30612,17,60.10782080078126,141,25.770000457763672,🚬菸屁股 🔥萬人塚,HOLD,3
JOBY,2026-10-16,11.0,1.0,978,17,83.49625878906248,106,8.84000015258789,🚀點火(8.5x),HOLD,3
MSFT,2026-07-17,600.0,0.01,6057,16,60.937890625000016,15,384.2799987792969,🚀點火(16.0x) 🚬菸屁股 ⚠️尾段價外(56%),BUY_WATCH,3
ACHR,2026-07-17,10.0,0.03,32436,16,137.50031249999998,15,4.920000076293945,🚬菸屁股 🔥萬人塚,HOLD,3
BSX,2026-12-18,85.0,0.17,108103,15,50.879397460937504,169,43.060001373291016,🚬菸屁股 🔥萬人塚,HOLD,3
ACN,2026-07-17,200.0,0.03,11237,10,71.87528125,15,131.1300048828125,🚀點火(10.0x) 🚬菸屁股 ⚠️尾段價外(53%),BUY_WATCH,3
OKLO,2026-09-18,260.0,0.1,1544,9,155.46897265624997,78,52.45000076293945,🚀點火(9.0x) ⚠️IV頂峰 🚬菸屁股,BUY_WATCH,3
AMZN,2026-07-17,370.0,0.01,2678,9,59.375406250000005,15,241.6999969482422,🚀點火(9.0x) 🚬菸屁股 ⚠️尾段價外(53%),BUY_WATCH,3
BSX,2026-09-18,80.0,0.05,38666,5,66.01596484375001,78,43.060001373291016,🚬菸屁股 🔥萬人塚,HOLD,3
OKLO,2028-01-21,200.0,10.5,52611,2,109.02755447387698,568,52.45000076293945,🔭LEAPS 🔥萬人塚,HOLD,3
AMZN,2026-08-21,370.0,0.11,42054,2,45.508357421875004,50,241.6999969482422,🚬菸屁股 🔥萬人塚,HOLD,3
NVDA,2026-07-17,210.0,1.9,46286,16255,35.889312988281254,15,197.5800018310547,🔥萬人塚,HOLD,2
NVDA,2026-07-17,200.0,5.1,89418,15804,36.73158972167969,15,197.5800018310547,🔥萬人塚,HOLD,2
AMZN,2026-07-17,245.0,5.68,32886,10491,34.76017388916015,15,241.6999969482422,🔥萬人塚,HOLD,2
AMZN,2026-07-17,250.0,3.85,31624,10140,34.29631134033203,15,241.6999969482422,🔥萬人塚,HOLD,2
SOFI,2026-08-21,20.0,1.24,32653,9945,66.55306884765628,50,18.440000534057617,🔥萬人塚,HOLD,2
INTC,2026-07-17,150.0,2.46,46350,9922,84.59488061523437,15,127.0199966430664,🔥萬人塚,HOLD,2
NVDA,2026-08-21,220.0,4.05,42015,9909,38.95935064697266,50,197.5800018310547,🔥萬人塚,HOLD,2
IBIT,2026-08-21,36.0,1.32,34659,9206,41.74862939453124,50,34.0,🔥萬人塚,HOLD,2
MSFT,2026-08-21,450.0,5.85,32702,7922,42.84725122070313,50,384.2799987792969,🔥萬人塚,HOLD,2
IBIT,2026-08-21,35.0,1.72,38904,6652,42.8716650390625,50,34.0,🔥萬人塚,HOLD,2
AMZN,2026-07-17,260.0,1.52,35245,6596,33.789724609375,15,241.6999969482422,🔥萬人塚,HOLD,2
AAPL,2026-08-21,320.0,3.6,22946,5553,27.045407287597655,50,294.3800048828125,🆕新倉暴量 🏛️機構場,HOLD,2
NVDA,2026-07-17,215.0,1.12,34268,4603,35.938140624999996,15,197.5800018310547,🔥萬人塚,HOLD,2
NVDA,2026-09-18,200.0,14.97,42712,4353,43.51863122558594,78,197.5800018310547,🔥萬人塚,HOLD,2
NVDA,2027-01-15,200.0,25.2,86345,4100,45.6182196044922,197,197.5800018310547,🔥萬人塚,HOLD,2
NVDA,2026-07-17,195.0,7.85,36256,4011,38.03772900390625,15,197.5800018310547,🔥萬人塚,HOLD,2
NVDA,2026-09-18,250.0,2.51,45243,3934,42.44442321777344,78,197.5800018310547,🔥萬人塚,HOLD,2
SOFI,2027-01-15,20.0,3.05,71115,3424,68.40851904296876,197,18.440000534057617,🔥萬人塚,HOLD,2
NVDA,2026-08-21,230.0,2.42,36129,2629,39.02648864746094,50,197.5800018310547,🔥萬人塚,HOLD,2
SOFI,2027-01-15,30.0,1.03,70111,2443,67.82258740234376,197,18.440000534057617,🔥萬人塚,HOLD,2
NVDA,2026-09-18,210.0,10.7,54072,2177,42.80452703857422,78,197.5800018310547,🔥萬人塚,HOLD,2
AMZN,2026-08-21,270.0,5.2,54625,2173,40.686628295898444,50,241.6999969482422,🔥萬人塚,HOLD,2
IREN,2026-09-18,65.0,3.75,72717,2008,116.08928674316408,78,43.31999969482422,🔥萬人塚,HOLD,2
NFLX,2027-01-15,100.0,2.5,43610,1605,42.93269958496094,197,74.19000244140625,🔥萬人塚,HOLD,2
NVDA,2026-09-18,220.0,7.54,32570,1564,42.40169903564453,78,197.5800018310547,🔥萬人塚,HOLD,2
NVDA,2026-09-18,240.0,3.56,47051,1408,42.07821594238281,78,197.5800018310547,🔥萬人塚,HOLD,2
NVDA,2026-09-18,190.0,20.0,105863,1398,44.78204632568359,78,197.5800018310547,🔥萬人塚,HOLD,2
NVDA,2027-01-15,250.0,9.6,46947,1392,43.74445904541015,197,197.5800018310547,🔥萬人塚,HOLD,2
PLTR,2026-09-18,155.0,4.9,61055,1301,58.27678442382812,78,125.7300033569336,🔥萬人塚,HOLD,2
NVDA,2026-12-18,200.0,23.2,30878,1203,45.29168478393555,169,197.5800018310547,🔥萬人塚,HOLD,2
GOOGL,2026-08-21,415.0,4.64,57576,1109,37.970591003417965,50,361.2099914550781,🔥萬人塚,HOLD,2
IREN,2027-01-15,110.0,3.5,76399,1070,112.1342283935547,197,43.31999969482422,🔥萬人塚,HOLD,2
NFLX,2026-09-18,90.0,1.52,55189,1001,44.19001123046875,78,74.19000244140625,🔥萬人塚,HOLD,2
SOFI,2027-01-15,15.0,5.5,42174,799,71.92410888671876,197,18.440000534057617,🔥萬人塚,HOLD,2
SMCI,2026-08-21,34.0,2.11,42008,796,98.7304814453125,50,27.649999618530273,🔥萬人塚,HOLD,2
NVDA,2026-12-18,300.0,2.75,34820,760,44.25104577636719,169,197.5800018310547,🔥萬人塚,HOLD,2
NVDA,2027-01-15,300.0,3.65,62772,648,44.22052850341797,197,197.5800018310547,🔥萬人塚,HOLD,2
META,2027-01-15,1250.0,2.72,40708,625,49.11549908447266,197,612.9099731445312,🔥萬人塚,HOLD,2
NVDA,2027-01-15,230.0,14.3,32300,571,44.15949395751954,197,197.5800018310547,🔥萬人塚,HOLD,2
MSFT,2026-12-18,575.0,4.5,129376,480,42.206388488769534,169,384.2799987792969,🔥萬人塚,HOLD,2
ONDS,2027-01-15,10.0,1.75,32897,473,102.05127099609376,197,7.920000076293945,🔥萬人塚,HOLD,2
NVDA,2026-10-16,220.0,10.0,66583,442,42.29183685302734,106,197.5800018310547,🔥萬人塚,HOLD,2
NVDA,2027-01-15,240.0,11.68,39521,405,43.854321228027345,197,197.5800018310547,🔥萬人塚,HOLD,2
NVDA,2027-01-15,220.0,17.45,30126,360,44.464666687011714,197,197.5800018310547,🔥萬人塚,HOLD,2
NVDA,2027-01-15,180.0,36.45,50542,313,47.61710098266602,197,197.5800018310547,🔥萬人塚,HOLD,2
PATH,2027-01-15,15.0,1.49,32664,190,75.68383691406251,197,11.550000190734863,🔥萬人塚,HOLD,2
NVDA,2027-01-15,340.0,1.9,71590,164,45.78911633300782,197,197.5800018310547,🔥萬人塚,HOLD,2
NVDA,2026-12-18,280.0,4.15,33714,149,43.842114318847656,169,197.5800018310547,🔥萬人塚,HOLD,2
MSFT,2027-01-15,625.0,3.45,52448,129,41.580784393310545,197,384.2799987792969,🔥萬人塚,HOLD,2
NVDA,2026-09-18,255.0,2.11,38566,98,42.688561401367195,78,197.5800018310547,🔥萬人塚,HOLD,2
MSFT,2026-12-18,525.0,7.8,54123,84,40.775128387451176,169,384.2799987792969,🔥萬人塚,HOLD,2
AAPL,2026-07-17,350.0,0.03,34613,82,31.641308593749994,15,294.3800048828125,🚬菸屁股 🔥萬人塚 🏛️機構場,HOLD,2
META,2027-01-15,1430.0,2.0,53076,62,52.252674743652335,197,612.9099731445312,🔥萬人塚,HOLD,2
TSLA,2027-01-15,940.0,3.7,93541,14,58.36223278808592,197,425.29998779296875,🔥萬人塚,HOLD,2
SHOP,2026-09-18,100.0,27.38,47909,14,70.38603833007812,78,121.62999725341797,🔥萬人塚,HOLD,2
MSFT,2026-12-18,675.0,1.87,37422,7,44.55621850585938,169,384.2799987792969,🔥萬人塚,HOLD,2
OPEN,2027-01-15,1.5,6.67,49508,7,0.0010000000000000002,197,4.940000057220459,🔥萬人塚,HOLD,2
MSFT,2026-12-18,625.0,3.02,102599,5,43.76276940917969,169,384.2799987792969,🔥萬人塚,HOLD,2
AAPL,2026-07-17,300.0,3.9,38401,10955,25.312026184082036,15,294.3800048828125,🔥萬人塚 🏛️機構場,HOLD,1
IBIT,2026-07-17,35.0,0.7,26532,7724,38.7701435546875,15,34.0,🚬菸屁股,HOLD,1
IREN,2026-08-21,75.0,1.15,7027,7677,113.67230664062502,50,43.31999969482422,🆕新倉暴量 ⚠️暴動高IV(114%),HOLD,1
INTC,2026-07-17,135.0,5.98,12128,7671,83.30094824218747,15,127.0199966430664,🆕新倉暴量 ⚠️暴動高IV(83%),HOLD,1
SOFI,2026-07-17,19.0,0.66,24725,6769,56.055126953125,15,18.440000534057617,🚬菸屁股,HOLD,1
IBIT,2026-08-21,37.0,0.99,23108,5874,41.06504248046875,50,34.0,🚬菸屁股,HOLD,1
HIMS,2026-07-17,40.0,1.8,7793,5331,84.76577734374999,15,37.56999969482422,🚀點火(3.8x) ⚠️暴動高IV(85%),HOLD,1
AAPL,2026-07-17,310.0,1.39,46468,5301,24.81764636230469,15,294.3800048828125,🔥萬人塚 🏛️機構場,HOLD,1
OPEN,2026-07-17,5.0,0.32,15892,4937,79.29708203125,15,4.940000057220459,🚬菸屁股,HOLD,1
HIMS,2026-07-17,35.0,4.2,13189,4799,88.23253955078124,15,37.56999969482422,🆕新倉暴量 ⚠️暴動高IV(88%),HOLD,1
ASTS,2026-07-17,100.0,3.2,18818,4443,105.78660388183594,15,86.0999984741211,🆕新倉暴量 ⚠️暴動高IV(106%),HOLD,1
ONDS,2026-08-21,9.0,0.8,7147,4129,100.1958115234375,50,7.920000076293945,🚬菸屁股,HOLD,1
OPEN,2026-08-21,5.0,0.7,22148,3997,98.04689453125,50,4.940000057220459,🚬菸屁股,HOLD,1
INTC,2026-07-17,145.0,3.3,12305,3960,83.93570751953125,15,127.0199966430664,🆕新倉暴量 ⚠️暴動高IV(84%),HOLD,1
ONDS,2026-08-21,10.0,0.58,4706,3873,103.12548437500001,50,7.920000076293945,🚬菸屁股,HOLD,1
ONDS,2026-07-17,9.0,0.25,9591,3772,93.35944140625,15,7.920000076293945,🚬菸屁股,HOLD,1
SMCI,2026-08-21,40.0,1.11,12757,3617,101.5629921875,50,27.649999618530273,🆕新倉暴量 ⚠️暴動高IV(102%),HOLD,1
AAPL,2026-07-17,295.0,6.15,32829,3570,26.23364782714844,15,294.3800048828125,🔥萬人塚 🏛️機構場,HOLD,1
IBIT,2026-07-17,36.0,0.39,11579,3497,37.89124609375,15,34.0,🚬菸屁股,HOLD,1
WMT,2026-07-17,125.0,0.09,17007,3291,32.227240234374996,15,108.81999969482422,🚬菸屁股,HOLD,1
NFLX,2026-07-17,85.0,0.73,29051,3228,58.93595751953126,15,74.19000244140625,🚬菸屁股,HOLD,1
OPEN,2026-08-21,6.0,0.38,14632,3224,98.04689453125,50,4.940000057220459,🚬菸屁股,HOLD,1
CRWV,2026-08-21,120.0,3.45,12163,3179,96.41116870117187,50,85.68499755859375,🆕新倉暴量 ⚠️暴動高IV(96%),HOLD,1
RKLB,2026-07-17,150.0,0.38,3363,3027,100.58643457031249,15,100.06999969482422,🚀點火(7.2x) 🚬菸屁股 ⚠️尾段價外(50%) ⚠️暴動高IV(101%),BUY_WATCH,1
IREN,2026-07-17,55.0,1.16,7899,2864,105.9086735839844,15,43.31999969482422,🆕新倉暴量 ⚠️暴動高IV(106%),HOLD,1
NBIS,2026-07-17,300.0,5.05,2681,2803,118.34757623291014,15,229.17999267578125,🆕新倉暴量 ⚠️暴動高IV(118%),HOLD,1
T,2026-07-17,22.0,0.08,3594,2762,28.711650390624992,15,20.479999542236328,🚬菸屁股,HOLD,1
MSTR,2026-07-17,110.0,2.3,7545,2657,91.60164648437501,15,93.38999938964844,🆕新倉暴量 ⚠️暴動高IV(92%),HOLD,1
CRWV,2026-07-17,120.0,0.36,21852,2564,90.72274902343749,15,85.68499755859375,🚬菸屁股,HOLD,1
RKLB,2026-07-17,110.0,4.12,5831,2553,90.28330029296875,15,100.06999969482422,🆕新倉暴量 ⚠️暴動高IV(90%),HOLD,1
IREN,2026-07-17,60.0,0.46,14691,2447,109.47310888671878,15,43.31999969482422,🚬菸屁股,HOLD,1
IONQ,2026-07-17,60.0,1.3,8829,2404,90.67392138671875,15,51.400001525878906,🆕新倉暴量 ⚠️暴動高IV(91%),HOLD,1
HIMS,2026-08-21,40.0,5.2,8914,2328,108.93600219726562,50,37.56999969482422,🆕新倉暴量 ⚠️暴動高IV(109%),HOLD,1
CRWV,2026-07-17,125.0,0.25,8763,2302,92.9688203125,15,85.68499755859375,🚬菸屁股,HOLD,1
SOFI,2026-07-17,21.0,0.18,19966,2292,57.42230078125,15,18.440000534057617,🚬菸屁股,HOLD,1
ONDS,2026-07-17,8.0,0.57,9496,2196,88.2813671875,15,7.920000076293945,🚬菸屁股,HOLD,1
JOBY,2026-07-17,10.0,0.19,7730,1949,75.00025000000001,15,8.84000015258789,🚬菸屁股,HOLD,1
CRWV,2026-07-17,95.0,3.12,1842,1925,87.500125,15,85.68499755859375,🆕新倉暴量 ⚠️暴動高IV(88%),HOLD,1
GOOGL,2026-07-17,400.0,0.85,24931,1891,32.34930932617186,15,361.2099914550781,🚬菸屁股,HOLD,1
ASTS,2026-07-17,130.0,0.58,9906,1868,119.141029296875,15,86.0999984741211,🚬菸屁股,HOLD,1
RKLB,2026-07-17,105.0,5.75,1840,1772,88.13488427734374,15,100.06999969482422,🆕新倉暴量 ⚠️暴動高IV(88%),HOLD,1
OPEN,2028-01-21,10.0,1.52,20231,1745,102.34423828125001,568,4.940000057220459,🔭LEAPS,HOLD,1
CMG,2026-07-17,35.0,0.99,21228,1697,35.1568984375,15,35.0,🚬菸屁股,HOLD,1
NVDA,2026-08-21,300.0,0.16,27905,1642,48.828636718750005,50,197.5800018310547,🚬菸屁股,HOLD,1
ONDS,2026-09-18,10.0,0.8,25267,1631,99.60937890625,78,7.920000076293945,🚬菸屁股,HOLD,1
CRWV,2026-07-17,115.0,0.53,24304,1605,89.84385156249999,15,85.68499755859375,🚬菸屁股,HOLD,1
CRWV,2026-08-21,110.0,5.05,2427,1603,95.82523706054687,50,85.68499755859375,🆕新倉暴量 ⚠️暴動高IV(96%),HOLD,1
MSTR,2026-07-17,120.0,1.12,5754,1547,94.48247705078124,15,93.38999938964844,🚀點火(4.3x) ⚠️暴動高IV(94%),HOLD,1
META,2026-09-18,1480.0,0.23,12274,1497,66.16244775390626,78,612.9099731445312,🚬菸屁股,HOLD,1
NBIS,2026-07-17,400.0,0.62,2467,1458,127.09997387695311,15,229.17999267578125,🆕新倉暴量 🚬菸屁股 ⚠️尾段價外(75%) ⚠️暴動高IV(127%),BUY_WATCH,1
ONDS,2026-07-17,11.0,0.07,24620,1382,101.5629921875,15,7.920000076293945,🚬菸屁股,HOLD,1
WMT,2026-08-21,130.0,0.34,12977,1379,33.008482421874994,50,108.81999969482422,🚬菸屁股,HOLD,1
AMZN,2026-07-17,270.0,0.59,26319,1312,34.98600170898437,15,241.6999969482422,🚬菸屁股,HOLD,1
AMZN,2026-07-17,265.0,0.97,26538,1310,34.69303588867187,15,241.6999969482422,🚬菸屁股,HOLD,1
SMCI,2026-07-17,28.5,1.65,1771,1308,83.789224609375,15,27.649999618530273,🆕新倉暴量 ⚠️暴動高IV(84%),HOLD,1
PLTR,2026-07-17,200.0,0.04,24781,1298,83.59391406249999,15,125.7300033569336,🚬菸屁股,HOLD,1
IREN,2026-07-17,75.0,0.09,8387,1289,121.875390625,15,43.31999969482422,🚬菸屁股,HOLD,1
ACHR,2026-07-17,6.0,0.06,8023,1288,82.81267187499999,15,4.920000076293945,🚬菸屁股,HOLD,1
SOFI,2026-07-17,18.5,0.91,3315,1286,56.64105859375,15,18.440000534057617,🚬菸屁股,HOLD,1
NFLX,2026-08-21,90.0,0.99,24418,1286,46.7778759765625,50,74.19000244140625,🚬菸屁股,HOLD,1
WMT,2026-07-17,130.0,0.03,9954,1269,37.695935546875,15,108.81999969482422,🚬菸屁股,HOLD,1
CRWV,2026-08-21,115.0,4.22,1998,1248,96.77737597656251,50,85.68499755859375,🆕新倉暴量 ⚠️暴動高IV(97%),HOLD,1
UPST,2026-07-17,40.0,0.73,5561,1214,69.43389941406251,15,35.7400016784668,🚬菸屁股,HOLD,1
IBIT,2026-12-18,55.0,0.41,5773,1197,47.5591181640625,169,34.0,🚬菸屁股,HOLD,1
SMCI,2026-07-17,40.0,0.11,12535,1186,97.26565234374999,15,27.649999618530273,🚬菸屁股,HOLD,1
AAPL,2026-09-18,300.0,13.2,30871,1180,28.94052993774413,78,294.3800048828125,🔥萬人塚 🏛️機構場,HOLD,1
SMR,2026-07-17,15.0,0.06,15969,1169,111.71919140624999,15,10.149999618530273,🚬菸屁股,HOLD,1
SOFI,2026-08-21,35.0,0.06,5728,1166,76.95335546875,50,18.440000534057617,🚬菸屁股,HOLD,1
PACB,2026-07-17,2.0,0.05,3570,1161,90.62509374999999,15,1.7400000095367432,🚬菸屁股,HOLD,1
OKLO,2026-10-16,165.0,0.64,2486,1140,112.01215869140624,106,52.45000076293945,🚬菸屁股,HOLD,1
AAPL,2027-01-15,300.0,23.7,66192,1136,30.286341674804685,197,294.3800048828125,🔥萬人塚 🏛️機構場,HOLD,1
CRM,2026-07-17,200.0,0.22,15097,1126,50.0005,15,163.22999572753906,🚬菸屁股,HOLD,1
NFLX,2026-08-21,95.0,0.61,7673,1108,48.77980908203126,50,74.19000244140625,🚬菸屁股,HOLD,1
SOFI,2026-08-21,25.0,0.32,18622,1106,67.87141503906251,50,18.440000534057617,🚬菸屁股,HOLD,1
WMT,2026-08-21,125.0,0.69,7272,1093,30.542686767578125,50,108.81999969482422,🚬菸屁股,HOLD,1
META,2026-07-17,750.0,0.58,16087,1055,47.14408325195312,15,612.9099731445312,🚬菸屁股,HOLD,1
SMCI,2026-08-21,50.0,0.47,14804,1046,107.61764941406251,50,27.649999618530273,🚬菸屁股,HOLD,1
JOBY,2028-01-21,10.0,3.5,12902,1045,95.55668505859374,568,8.84000015258789,🔭LEAPS,HOLD,1
GLW,2026-07-17,270.0,3.54,1774,1038,89.59971337890623,15,220.6300048828125,🆕新倉暴量 ⚠️暴動高IV(90%),HOLD,1
INTC,2026-07-17,170.0,0.83,10339,1033,88.5743330078125,15,127.0199966430664,🚬菸屁股,HOLD,1
ONDS,2026-07-17,8.5,0.39,3659,1021,88.2813671875,15,7.920000076293945,🚬菸屁股,HOLD,1
NFLX,2026-08-21,100.0,0.42,23055,1021,50.43994873046876,50,74.19000244140625,🚬菸屁股,HOLD,1
PACB,2026-09-18,1.5,0.5,6510,1002,96.87503124999999,78,1.7400000095367432,🚬菸屁股,HOLD,1
AMZN,2026-07-17,275.0,0.37,27339,995,36.32876171875,15,241.6999969482422,🚬菸屁股,HOLD,1
OKLO,2026-07-17,75.0,0.23,4893,970,102.24658251953124,15,52.45000076293945,🚀點火(3.2x) 🚬菸屁股 ⚠️尾段價外(43%) ⚠️暴動高IV(102%),BUY_WATCH,1
BMY,2026-08-21,62.5,0.65,24487,938,29.761444580078116,50,56.439998626708984,🚬菸屁股,HOLD,1
IBIT,2028-01-21,70.0,2.01,18026,935,51.343260009765615,568,34.0,🔭LEAPS,HOLD,1
NFLX,2026-07-17,110.0,0.05,26303,922,76.95335546875,15,74.19000244140625,🚬菸屁股,HOLD,1
SMCI,2026-08-21,45.0,0.7,6932,917,103.80907470703127,50,27.649999618530273,🚬菸屁股,HOLD,1
PLTR,2026-07-17,155.0,0.31,10734,915,57.42230078125,15,125.7300033569336,🚬菸屁股,HOLD,1
SMCI,2026-07-17,28.0,1.85,1419,901,84.22867333984375,15,27.649999618530273,🆕新倉暴量 ⚠️暴動高IV(84%),HOLD,1
MU,2026-07-17,2000.0,0.35,5052,897,114.4047248535156,15,1032.280029296875,🚬菸屁股,HOLD,1
HIMS,2026-07-17,37.0,3.0,1617,861,85.35170898437501,15,37.56999969482422,🆕新倉暴量 ⚠️暴動高IV(85%),HOLD,1
SOFI,2026-07-17,21.5,0.14,2276,854,58.39885351562499,15,18.440000534057617,🚬菸屁股,HOLD,1
SOFI,2026-08-21,22.0,0.71,12088,849,66.30893066406252,50,18.440000534057617,🚬菸屁股,HOLD,1
HIMS,2026-07-17,39.0,2.22,977,843,89.64854101562499,15,37.56999969482422,🆕新倉暴量 ⚠️暴動高IV(90%),HOLD,1
DELL,2026-07-17,700.0,0.1,1406,838,83.20329296874999,15,425.25,🚬菸屁股,HOLD,1
NVDA,2026-08-21,260.0,0.6,25635,834,42.04159521484375,50,197.5800018310547,🚬菸屁股,HOLD,1
IONQ,2026-07-17,65.0,0.76,6345,820,96.679720703125,15,51.400001525878906,🚬菸屁股,HOLD,1
ASTS,2026-07-17,125.0,0.81,24322,803,116.30901220703124,15,86.0999984741211,🚬菸屁股,HOLD,1
IONQ,2026-08-21,110.0,0.48,2553,802,114.79534790039061,50,51.400001525878906,🚬菸屁股,HOLD,1
NVDA,2028-01-21,240.0,32.74,8184,794,47.513342254638665,568,197.5800018310547,🔭LEAPS,HOLD,1
LUNR,2026-07-17,25.0,0.53,2427,791,101.172369140625,15,20.200000762939453,🚬菸屁股,HOLD,1
OPEN,2026-07-17,7.0,0.03,6433,752,96.87503124999999,15,4.940000057220459,🚀點火(4.6x) 🚬菸屁股 ⚠️尾段價外(42%) ⚠️暴動高IV(97%),BUY_WATCH,1
HIMS,2026-07-17,36.0,3.69,1832,743,83.49625878906248,15,37.56999969482422,🆕新倉暴量 ⚠️暴動高IV(83%),HOLD,1
PATH,2026-07-17,11.0,0.89,5547,727,60.15664843750002,15,11.550000190734863,🚬菸屁股,HOLD,1
SMR,2026-07-17,13.0,0.15,6917,712,98.04689453125,15,10.149999618530273,🚬菸屁股,HOLD,1
NFLX,2026-07-17,95.0,0.18,27098,710,65.03941210937501,15,74.19000244140625,🚬菸屁股,HOLD,1
NOW,2026-07-17,135.0,0.32,4440,706,68.50617431640626,15,105.80000305175781,🚬菸屁股,HOLD,1
IBIT,2026-09-18,40.0,0.82,20921,697,41.79745703125,78,34.0,🚬菸屁股,HOLD,1
PLTR,2026-07-17,170.0,0.13,7505,692,65.43003320312502,15,125.7300033569336,🚬菸屁股,HOLD,1
IREN,2026-07-17,70.0,0.18,11431,692,119.72696386718751,15,43.31999969482422,🚬菸屁股,HOLD,1
CRM,2026-07-17,240.0,0.06,4009,691,71.28934960937501,15,163.22999572753906,🚬菸屁股,HOLD,1
NOW,2026-07-17,125.0,0.86,7744,690,63.55016918945313,15,105.80000305175781,🚬菸屁股,HOLD,1
NBIS,2026-07-17,320.0,3.3,2858,684,120.49600299072264,15,229.17999267578125,🆕新倉暴量 ⚠️暴動高IV(120%),HOLD,1
META,2026-07-17,1190.0,0.03,974,681,97.6562734375,15,612.9099731445312,🆕新倉暴量 🚬菸屁股 ⚠️尾段價外(94%) ⚠️暴動高IV(98%),BUY_WATCH,1
NVDA,2026-09-18,300.0,0.58,24947,678,47.24173852539062,78,197.5800018310547,🚬菸屁股,HOLD,1
ACHR,2026-07-17,5.5,0.13,1332,672,77.3439765625,15,4.920000076293945,🚬菸屁股,HOLD,1
ACHR,2026-08-21,6.0,0.3,2124,655,85.937640625,50,4.920000076293945,🚬菸屁股,HOLD,1
COIN,2026-07-17,400.0,0.02,6175,654,134.37532812499998,15,159.24000549316406,🚀點火(65.4x) 🚬菸屁股 ⚠️尾段價外(151%) ⚠️暴動高IV(134%),BUY_WATCH,1
IREN,2026-08-21,80.0,0.87,3561,649,114.0629296875,50,43.31999969482422,🚬菸屁股,HOLD,1
OKLO,2026-07-17,80.0,0.21,9393,645,105.2739111328125,15,52.45000076293945,🚀點火(5.1x) 🚬菸屁股 ⚠️尾段價外(53%) ⚠️暴動高IV(105%),BUY_WATCH,1
MSTR,2026-07-17,175.0,0.09,8155,640,121.875390625,15,93.38999938964844,🚀點火(16.8x) 🚬菸屁股 ⚠️尾段價外(87%) ⚠️暴動高IV(122%),BUY_WATCH,1
OPEN,2028-01-21,5.0,2.35,26822,640,98.53517089843751,568,4.940000057220459,🔭LEAPS,HOLD,1
CRWV,2026-08-21,130.0,2.4,2468,635,96.77737597656251,50,85.68499755859375,🆕新倉暴量 ⚠️暴動高IV(97%),HOLD,1
IBIT,2026-07-17,38.0,0.11,11921,631,38.086556640625,15,34.0,🚬菸屁股,HOLD,1
NOW,2026-07-17,150.0,0.15,9777,630,76.95335546875,15,105.80000305175781,🚬菸屁股,HOLD,1
IREN,2026-07-17,65.0,0.27,9043,629,115.4301103515625,15,43.31999969482422,🚬菸屁股,HOLD,1
GOOGL,2026-11-20,800.0,0.09,3596,624,52.539537109375004,141,361.2099914550781,🚬菸屁股,HOLD,1
IBIT,2026-07-17,40.0,0.06,27195,610,43.7505625,15,34.0,🚬菸屁股,HOLD,1
ONDS,2026-08-21,8.0,1.14,2981,609,101.172369140625,50,7.920000076293945,🆕新倉暴量 ⚠️暴動高IV(101%),HOLD,1
ONDS,2026-07-17,12.0,0.04,25780,601,114.0629296875,15,7.920000076293945,🚬菸屁股,HOLD,1
SMR,2026-07-17,11.0,0.47,3972,596,91.60164648437501,15,10.149999618530273,🚬菸屁股,HOLD,1
IBIT,2028-06-16,5.0,28.81,6056,595,105.078599609375,715,34.0,🔭LEAPS,HOLD,1
IBIT,2026-08-21,42.0,0.24,9031,589,42.2857333984375,50,34.0,🚬菸屁股,HOLD,1
CRWV,2026-07-17,150.0,0.06,7501,580,107.81296093750001,15,85.68499755859375,🚀點火(3.9x) 🚬菸屁股 ⚠️尾段價外(75%) ⚠️暴動高IV(108%),BUY_WATCH,1
JOBY,2026-08-21,10.0,0.66,3893,578,81.34784277343749,50,8.84000015258789,🚬菸屁股,HOLD,1
IBIT,2026-09-18,105.0,0.03,14461,566,90.62509374999999,78,34.0,🚬菸屁股,HOLD,1
AVGO,2026-07-17,500.0,0.09,19182,566,55.56685058593751,15,369.3399963378906,🚬菸屁股,HOLD,1
IBM,2026-07-17,350.0,0.36,6637,565,52.58836474609375,15,286.25,🚬菸屁股,HOLD,1
FISV,2027-01-15,280.0,0.05,1887,557,92.187578125,197,50.72999954223633,🚬菸屁股,HOLD,1
NBIS,2026-07-17,310.0,4.22,1427,553,118.92130383300783,15,229.17999267578125,🆕新倉暴量 ⚠️暴動高IV(119%),HOLD,1
META,2026-07-17,1320.0,0.15,1907,553,117.57853710937498,15,612.9099731445312,🆕新倉暴量 🚬菸屁股 ⚠️尾段價外(115%) ⚠️暴動高IV(118%),BUY_WATCH,1
OKLO,2026-09-18,220.0,0.54,755,550,142.3831005859375,78,52.45000076293945,🚬菸屁股,HOLD,1
AMZN,2026-07-17,290.0,0.08,17989,550,38.477177734375,15,241.6999969482422,🚬菸屁股,HOLD,1
T,2027-01-15,25.0,0.42,17161,548,29.29758203124999,197,20.479999542236328,🚬菸屁股,HOLD,1
SOFI,2026-07-17,23.0,0.06,7427,546,61.71913281250001,15,18.440000534057617,🚬菸屁股,HOLD,1
NFLX,2026-07-17,105.0,0.07,14804,543,72.6565234375,15,74.19000244140625,🚬菸屁股,HOLD,1
WMT,2026-09-18,135.0,0.42,9272,542,30.152065673828126,78,108.81999969482422,🚬菸屁股,HOLD,1
AAPL,2026-09-18,320.0,5.8,37507,537,27.27733856201171,78,294.3800048828125,🔥萬人塚 🏛️機構場,HOLD,1
NVDA,2026-07-17,260.0,0.04,29959,534,50.39112109375,15,197.5800018310547,🚬菸屁股,HOLD,1
BSX,2028-01-21,145.0,0.45,1133,529,52.88133056640626,568,43.060001373291016,🔭LEAPS,HOLD,1
IBIT,2026-08-21,39.0,0.55,6287,528,40.47911083984375,50,34.0,🚬菸屁股,HOLD,1
TSLA,2026-07-17,700.0,0.1,5061,524,84.57046679687498,15,425.29998779296875,🚀點火(11.9x) 🚬菸屁股 ⚠️尾段價外(65%) ⚠️暴動高IV(85%),BUY_WATCH,1
OPEN,2026-09-18,5.0,0.85,6689,524,97.6562734375,78,4.940000057220459,🚬菸屁股,HOLD,1
META,2026-07-17,1160.0,0.04,1139,518,104.10204199218754,15,612.9099731445312,🆕新倉暴量 🚬菸屁股 ⚠️尾段價外(89%) ⚠️暴動高IV(104%),BUY_WATCH,1
AVGO,2026-07-17,440.0,0.7,6062,513,48.68215380859375,15,369.3399963378906,🚬菸屁股,HOLD,1
GLW,2026-07-17,260.0,4.45,1058,513,87.57336645507812,15,220.6300048828125,🆕新倉暴量 ⚠️暴動高IV(88%),HOLD,1
OKLO,2026-08-21,65.0,3.49,2175,505,94.84868432617188,50,52.45000076293945,🆕新倉暴量 ⚠️暴動高IV(95%),HOLD,1
PACB,2026-09-18,2.0,0.25,1225,505,90.62509374999999,78,1.7400000095367432,🚬菸屁股,HOLD,1
SOFI,2026-12-18,30.0,0.85,20869,504,67.52962158203127,169,18.440000534057617,🚬菸屁股,HOLD,1
IREN,2026-07-17,90.0,0.04,4059,500,126.56286718749999,15,43.31999969482422,🚀點火(2.8x) 🚬菸屁股 ⚠️尾段價外(108%) ⚠️暴動高IV(127%),BUY_WATCH,1
SMR,2026-08-21,12.0,0.96,3389,497,104.68797656250001,50,10.149999618530273,🚬菸屁股,HOLD,1
IREN,2026-08-21,100.0,0.35,3210,494,118.84806201171875,50,43.31999969482422,🚬菸屁股,HOLD,1
WMT,2026-08-21,135.0,0.21,4755,493,35.49869189453124,50,108.81999969482422,🚬菸屁股,HOLD,1
SMCI,2026-07-17,50.0,0.04,13372,488,119.53165234375001,15,27.649999618530273,🚬菸屁股,HOLD,1
NBIS,2026-07-17,440.0,0.29,808,480,131.8362783203125,15,229.17999267578125,🆕新倉暴量 🚬菸屁股 ⚠️尾段價外(92%) ⚠️暴動高IV(132%),BUY_WATCH,1
ONDS,2026-09-18,11.0,0.64,13374,476,104.98094384765626,78,7.920000076293945,🚬菸屁股,HOLD,1
META,2026-07-17,800.0,0.26,12778,476,53.36960693359375,15,612.9099731445312,🚬菸屁股,HOLD,1
KO,2026-08-21,87.5,0.51,5033,472,20.16681396484375,50,81.29000091552734,🚬菸屁股,HOLD,1
CRWV,2026-07-17,130.0,0.18,6406,466,95.312546875,15,85.68499755859375,🚬菸屁股,HOLD,1
SMCI,2026-07-17,32.0,0.65,3266,458,84.27750097656251,15,27.649999618530273,🚬菸屁股,HOLD,1
ACHR,2026-10-16,6.0,0.61,5214,456,86.32826171875,106,4.920000076293945,🚬菸屁股,HOLD,1
NFLX,2026-09-18,120.0,0.21,24500,452,52.734847656250004,78,74.19000244140625,🚬菸屁股,HOLD,1
TGT,2026-07-17,140.0,0.69,3769,451,32.764344238281254,15,130.2899932861328,🚬菸屁股,HOLD,1
NOW,2026-07-17,160.0,0.13,3998,451,85.54701953125,15,105.80000305175781,🚬菸屁股,HOLD,1
CRWV,2026-07-17,97.5,2.44,1357,439,89.16026464843749,15,85.68499755859375,🆕新倉暴量 ⚠️暴動高IV(89%),HOLD,1
IREN,2026-07-17,80.0,0.06,20732,437,123.047259765625,15,43.31999969482422,🚀點火(3.1x) 🚬菸屁股 ⚠️尾段價外(85%) ⚠️暴動高IV(123%),BUY_WATCH,1
MSTR,2026-07-17,200.0,0.04,12663,435,132.03158984375,15,93.38999938964844,🚬菸屁股,HOLD,1
NVDA,2026-08-21,400.0,0.03,7541,431,62.109753906250006,50,197.5800018310547,🚬菸屁股,HOLD,1
NFLX,2026-09-18,115.0,0.29,5518,419,51.123535644531245,78,74.19000244140625,🚬菸屁股,HOLD,1
WMT,2027-01-15,150.0,0.78,4376,416,29.63937548828125,197,108.81999969482422,🚬菸屁股,HOLD,1
SMCI,2026-07-17,33.0,0.52,3877,415,85.742330078125,15,27.649999618530273,🚬菸屁股,HOLD,1
IBIT,2028-01-21,85.0,1.15,14076,406,52.393054199218746,568,34.0,🔭LEAPS,HOLD,1
SOFI,2026-08-21,24.0,0.41,5824,404,67.18782812500001,50,18.440000534057617,🚬菸屁股,HOLD,1
CRWV,2026-09-18,280.0,0.2,4803,398,114.94183154296876,78,85.68499755859375,🚬菸屁股,HOLD,1
ACHR,2026-07-17,5.0,0.3,2524,394,79.29708203125,15,4.920000076293945,🚬菸屁股,HOLD,1
MSFT,2028-01-21,500.0,41.0,9786,389,41.01774070739746,568,384.2799987792969,🔭LEAPS,HOLD,1
PATH,2026-08-21,14.0,0.39,5965,388,65.43003320312502,50,11.550000190734863,🚬菸屁股,HOLD,1
CRM,2026-07-17,185.0,0.75,7168,385,44.434149414062496,15,163.22999572753906,🚬菸屁股,HOLD,1
T,2026-12-18,22.0,0.98,1804,384,31.250687499999998,169,20.479999542236328,🚬菸屁股,HOLD,1
ASTS,2026-07-17,150.0,0.28,7968,383,135.44954150390623,15,86.0999984741211,🚬菸屁股,HOLD,1
PATH,2026-12-18,20.0,0.67,1936,378,76.66038964843752,169,11.550000190734863,🚬菸屁股,HOLD,1
IBIT,2026-08-21,50.0,0.08,20022,375,52.539537109375004,50,34.0,🚬菸屁股,HOLD,1
NOW,2026-07-17,140.0,0.22,5883,372,71.0940390625,15,105.80000305175781,🚬菸屁股,HOLD,1
OPEN,2026-12-18,10.0,0.42,18591,369,106.83640332031253,169,4.940000057220459,🚬菸屁股,HOLD,1
NFLX,2026-07-17,84.0,0.85,4860,364,58.350025878906244,15,74.19000244140625,🚬菸屁股,HOLD,1
T,2026-10-16,23.0,0.43,988,363,29.29758203124999,106,20.479999542236328,🚬菸屁股,HOLD,1
NTLA,2026-07-17,18.0,1.0,2736,360,92.2852333984375,15,17.239999771118164,🚀點火(3.6x) ⚠️暴動高IV(92%),HOLD,1
GOOGL,2026-08-21,800.0,0.02,6097,356,67.57844921875001,50,361.2099914550781,🚬菸屁股,HOLD,1
AMD,2026-07-17,750.0,0.69,5490,355,72.11941943359376,15,540.8800048828125,🚬菸屁股,HOLD,1
ONDS,2028-01-21,10.0,3.35,19054,355,104.44383715820314,568,7.920000076293945,🔭LEAPS,HOLD,1
META,2026-07-17,900.0,0.11,4720,353,66.11362011718751,15,612.9099731445312,🚬菸屁股,HOLD,1
IBIT,2026-09-18,95.0,0.05,7587,352,83.59391406249999,78,34.0,🚬菸屁股,HOLD,1
IBIT,2026-12-18,50.0,0.66,5397,348,45.703667968750004,169,34.0,🚬菸屁股,HOLD,1
WMT,2027-01-15,170.0,0.31,6002,348,32.64227514648437,197,108.81999969482422,🚬菸屁股,HOLD,1
HOOD,2026-09-18,200.0,0.85,2664,346,72.41238525390624,78,108.6500015258789,🚬菸屁股,HOLD,1
CMG,2026-08-21,40.0,0.75,2224,338,44.2388388671875,50,35.0,🚬菸屁股,HOLD,1
ONDS,2026-09-18,15.0,0.27,12855,337,108.00827246093752,78,7.920000076293945,🚬菸屁股,HOLD,1
NFLX,2028-06-16,100.0,11.5,3470,334,47.003703796386716,715,74.19000244140625,🔭LEAPS,HOLD,1
GOOGL,2026-07-17,550.0,0.01,1274,327,69.5315546875,15,361.2099914550781,🚬菸屁股,HOLD,1
HOOD,2028-01-21,290.0,11.0,13187,326,72.96779962158205,568,108.6500015258789,🔭LEAPS,HOLD,1
ADBE,2027-01-15,520.0,0.8,1308,324,67.87141503906251,197,210.97999572753906,🚬菸屁股,HOLD,1
BSX,2026-09-18,55.0,0.82,10129,321,50.171396728515624,78,43.060001373291016,🚬菸屁股,HOLD,1
WMT,2026-09-18,140.0,0.3,5157,318,31.39717041015625,78,108.81999969482422,🚬菸屁股,HOLD,1
NFLX,2026-09-18,125.0,0.19,25143,318,54.98091894531252,78,74.19000244140625,🚬菸屁股,HOLD,1
NFLX,2028-01-21,100.0,9.2,15777,317,46.5398412475586,568,74.19000244140625,🔭LEAPS,HOLD,1
OKLO,2026-07-17,70.0,0.47,8050,314,99.41406835937501,15,52.45000076293945,🚬菸屁股,HOLD,1
ACHR,2026-10-16,7.0,0.39,4876,312,91.01571484374999,106,4.920000076293945,🚬菸屁股,HOLD,1
AAPL,2026-07-17,280.0,16.45,41430,310,32.55682678222656,15,294.3800048828125,🔥萬人塚 🏛️機構場,HOLD,1
INTC,2026-07-17,195.0,0.18,12943,310,92.6758544921875,15,127.0199966430664,🚬菸屁股,HOLD,1
NFLX,2026-07-17,83.0,0.96,1138,308,57.86174951171875,15,74.19000244140625,🚬菸屁股,HOLD,1
SOFI,2028-06-16,20.0,6.95,28783,306,74.5119736328125,715,18.440000534057617,🔭LEAPS,HOLD,1
T,2026-08-21,23.0,0.19,4831,305,31.250687499999998,50,20.479999542236328,🚬菸屁股,HOLD,1
BMY,2026-07-17,60.0,0.19,5992,304,24.95192236328125,15,56.439998626708984,🚬菸屁股,HOLD,1
OPEN,2026-11-20,15.0,0.18,13923,303,115.625421875,141,4.940000057220459,🚬菸屁股,HOLD,1
SMCI,2026-08-21,55.0,0.34,5921,301,110.35201074218752,50,27.649999618530273,🚬菸屁股,HOLD,1
BMY,2026-07-17,58.0,0.5,1487,300,23.7312314453125,15,56.439998626708984,🚬菸屁股,HOLD,1
ONDS,2026-12-18,15.0,0.75,2665,298,103.51610742187502,169,7.920000076293945,🚬菸屁股,HOLD,1
SMR,2026-07-17,17.0,0.03,3723,295,123.43788281249999,15,10.149999618530273,🚀點火(18.4x) 🚬菸屁股 ⚠️尾段價外(67%) ⚠️暴動高IV(123%),BUY_WATCH,1
MSFT,2028-01-21,600.0,24.1,6818,294,40.64390411376954,568,384.2799987792969,🔭LEAPS,HOLD,1
NVDA,2028-01-21,420.0,7.85,22704,293,47.42789389038086,568,197.5800018310547,🔭LEAPS,HOLD,1
HIMS,2026-07-17,41.0,1.51,1595,289,82.17791259765625,15,37.56999969482422,🚀點火(2.8x) ⚠️暴動高IV(82%),HOLD,1
SMR,2026-07-17,12.0,0.26,8233,288,92.9688203125,15,10.149999618530273,🚬菸屁股,HOLD,1
BSX,2026-07-17,45.0,0.68,1213,287,40.332627929687504,15,43.060001373291016,🚬菸屁股,HOLD,1
SOFI,2026-12-18,45.0,0.22,7058,285,73.7307314453125,169,18.440000534057617,🚬菸屁股,HOLD,1
SOFI,2028-01-21,25.0,4.68,16791,285,71.0940390625,568,18.440000534057617,🔭LEAPS,HOLD,1
GOOGL,2026-07-17,410.0,0.45,26197,285,33.81413842773438,15,361.2099914550781,🚬菸屁股,HOLD,1
KO,2026-07-17,82.0,0.95,909,285,18.994950683593753,15,81.29000091552734,🚬菸屁股,HOLD,1
CRWV,2026-07-17,140.0,0.11,9155,282,100.9770576171875,15,85.68499755859375,🚬菸屁股,HOLD,1
IBIT,2027-01-15,120.0,0.08,18425,281,69.72686523437501,197,34.0,🚬菸屁股,HOLD,1
NFLX,2026-09-18,108.0,0.38,1928,280,51.27001855468749,78,74.19000244140625,🚬菸屁股,HOLD,1
NBIS,2026-07-17,410.0,0.56,1213,278,140.72295263671876,15,229.17999267578125,🚬菸屁股,HOLD,1
HPE,2026-07-17,50.0,0.68,7460,278,61.81678808593751,15,43.95000076293945,🚬菸屁股,HOLD,1
SMCI,2026-07-17,36.0,0.22,3873,275,89.45323046875,15,27.649999618530273,🚬菸屁股,HOLD,1
NVDA,2027-01-15,400.0,0.87,5681,274,48.45022253417969,197,197.5800018310547,🚬菸屁股,HOLD,1
ONDS,2026-08-21,11.0,0.43,1854,274,102.73486132812502,50,7.920000076293945,🚬菸屁股,HOLD,1
T,2026-08-21,22.0,0.37,1494,272,30.567100585937503,50,20.479999542236328,🚬菸屁股,HOLD,1
SOFI,2028-06-16,30.0,4.65,19111,269,72.68093725585938,715,18.440000534057617,🔭LEAPS,HOLD,1
BEAM,2026-07-17,45.0,0.17,981,268,80.85956640625,15,33.47999954223633,🚀點火(3.0x) 🚬菸屁股 ⚠️尾段價外(34%) ⚠️暴動高IV(81%),BUY_WATCH,1
MSFT,2026-07-17,490.0,0.14,11252,267,52.734847656250004,15,384.2799987792969,🚬菸屁股,HOLD,1
META,2026-07-17,1430.0,0.02,2900,266,118.75040625,15,612.9099731445312,🚬菸屁股,HOLD,1
LUNR,2026-07-17,23.0,0.99,866,262,103.90673046875003,15,20.200000762939453,🚬菸屁股,HOLD,1
ADBE,2026-07-17,400.0,0.01,2452,259,87.500125,15,210.97999572753906,🚀點火(3.0x) 🚬菸屁股 ⚠️尾段價外(90%) ⚠️暴動高IV(88%),BUY_WATCH,1
OPEN,2026-10-16,7.0,0.53,1629,258,102.93017285156252,106,4.940000057220459,🚬菸屁股,HOLD,1
T,2028-01-21,23.0,1.84,8260,257,27.771718383789057,568,20.479999542236328,🔭LEAPS,HOLD,1
NFLX,2026-08-21,101.0,0.36,824,257,50.63525927734375,50,74.19000244140625,🚬菸屁股,HOLD,1
NFLX,2026-08-21,92.0,0.82,3547,256,47.68118725585938,50,74.19000244140625,🚬菸屁股,HOLD,1
JOBY,2026-07-17,10.5,0.14,2460,255,80.07832421875,15,8.84000015258789,🚬菸屁股,HOLD,1
NVDA,2027-01-15,460.0,0.47,10313,252,50.537604003906246,197,197.5800018310547,🚬菸屁股,HOLD,1
JOBY,2026-07-17,11.0,0.11,23377,252,80.4689453125,15,8.84000015258789,🚬菸屁股,HOLD,1
CRM,2026-07-17,190.0,0.52,4836,251,46.460496337890625,15,163.22999572753906,🚬菸屁股,HOLD,1
RKLB,2026-07-17,140.0,0.62,6296,250,98.63282617187501,15,100.06999969482422,🚬菸屁股,HOLD,1
T,2026-07-17,22.5,0.04,3614,249,30.86006640625,15,20.479999542236328,🚬菸屁股,HOLD,1
ADBE,2026-07-17,240.0,0.94,3669,247,46.24077197265626,15,210.97999572753906,🚬菸屁股,HOLD,1
SMR,2026-08-21,15.0,0.45,11949,241,108.203583984375,50,10.149999618530273,🚬菸屁股,HOLD,1
JOBY,2028-01-21,30.0,1.15,3643,240,92.2852333984375,568,8.84000015258789,🔭LEAPS,HOLD,1
IBIT,2026-08-21,44.0,0.17,12573,237,44.2388388671875,50,34.0,🚬菸屁股,HOLD,1
SOFI,2026-08-21,26.0,0.26,5184,237,69.5315546875,50,18.440000534057617,🚬菸屁股,HOLD,1
MSTR,2026-08-21,200.0,0.53,5411,231,105.71336206054687,50,93.38999938964844,🚬菸屁股,HOLD,1
SOFI,2026-08-21,27.0,0.21,4436,231,69.5315546875,50,18.440000534057617,🚬菸屁股,HOLD,1
D,2026-07-17,70.0,0.28,3521,231,21.192194335937497,15,67.79000091552734,🚬菸屁股,HOLD,1
T,2026-09-18,25.0,0.13,12913,229,31.153032226562495,78,20.479999542236328,🚬菸屁股,HOLD,1
WMT,2026-07-17,135.0,0.02,8511,229,41.79745703125,15,108.81999969482422,🚬菸屁股,HOLD,1
NVDA,2026-07-17,300.0,0.02,21566,227,65.62534375000001,15,197.5800018310547,🚬菸屁股,HOLD,1
SMCI,2026-07-17,31.0,0.85,3222,227,84.47281152343749,15,27.649999618530273,🚬菸屁股,HOLD,1
BEAM,2026-07-17,38.0,0.73,1084,224,85.0587431640625,15,33.47999954223633,🚬菸屁股,HOLD,1
SMR,2026-07-17,10.5,0.64,986,223,90.429783203125,15,10.149999618530273,🚬菸屁股,HOLD,1
TSLA,2026-09-18,800.0,0.99,8729,222,62.93982373046876,78,425.29998779296875,🚬菸屁股,HOLD,1
CRWV,2026-07-17,210.0,0.02,11093,220,142.1877890625,15,85.68499755859375,🚬菸屁股,HOLD,1
GOOGL,2026-08-21,700.0,0.01,1142,220,55.859816406250005,50,361.2099914550781,🚬菸屁股,HOLD,1
NVDA,2028-01-21,200.0,46.12,27514,218,48.86830917358399,568,197.5800018310547,🔭LEAPS,HOLD,1
SOFI,2028-01-21,15.0,7.95,26986,218,76.22094091796876,568,18.440000534057617,🔭LEAPS,HOLD,1
DKNG,2026-07-17,27.5,0.55,5755,216,50.098155273437506,15,25.770000457763672,🚬菸屁股,HOLD,1
T,2026-09-18,23.0,0.33,4877,216,29.688203124999994,78,20.479999542236328,🚬菸屁股,HOLD,1
LUNR,2026-07-17,30.0,0.17,1973,215,120.70352148437497,15,20.200000762939453,🚬菸屁股,HOLD,1
NFLX,2026-08-21,98.0,0.5,1681,213,49.805189453125,50,74.19000244140625,🚬菸屁股,HOLD,1
ADBE,2026-09-18,440.0,0.2,2351,210,62.01209863281252,78,210.97999572753906,🚬菸屁股,HOLD,1
WMT,2026-07-17,121.0,0.11,1094,210,30.07882421875,15,108.81999969482422,🚬菸屁股,HOLD,1
KO,2026-09-18,87.5,0.8,2657,206,19.361157958984375,78,81.29000091552734,🚬菸屁股,HOLD,1
NVDA,2026-08-21,255.0,0.72,7891,205,41.35800830078124,50,197.5800018310547,🚬菸屁股,HOLD,1
LUNR,2026-07-17,38.0,0.05,827,205,139.84405078125,15,20.200000762939453,🚀點火(22.8x) 🚬菸屁股 ⚠️尾段價外(88%) ⚠️暴動高IV(140%),BUY_WATCH,1
AMZN,2026-07-17,380.0,0.01,3467,204,62.500375000000005,15,241.6999969482422,🚬菸屁股,HOLD,1
T,2026-10-16,22.0,0.68,1612,203,28.760478027343737,106,20.479999542236328,🚬菸屁股,HOLD,1
SOFI,2026-09-18,30.0,0.24,21964,202,70.898728515625,78,18.440000534057617,🚬菸屁股,HOLD,1
JOBY,2026-08-21,11.0,0.46,4614,201,83.39860351562498,50,8.84000015258789,🚬菸屁股,HOLD,1
JOBY,2026-08-21,12.0,0.3,3467,201,84.179845703125,50,8.84000015258789,🚬菸屁股,HOLD,1
T,2028-01-21,30.0,0.58,6034,200,28.003649658203116,568,20.479999542236328,🔭LEAPS,HOLD,1
NFLX,2026-07-17,115.0,0.04,11717,200,80.4689453125,15,74.19000244140625,🚬菸屁股,HOLD,1
NVDA,2026-08-21,270.0,0.43,15145,198,43.7505625,50,197.5800018310547,🚬菸屁股,HOLD,1
SOFI,2028-06-16,18.0,7.62,10121,197,76.12328564453125,715,18.440000534057617,🔭LEAPS,HOLD,1
ONDS,2026-08-21,13.0,0.24,838,197,104.29735351562503,50,7.920000076293945,🚬菸屁股,HOLD,1
NFLX,2027-01-15,120.0,0.95,22757,197,44.727115234375,197,74.19000244140625,🚬菸屁股,HOLD,1
NVDA,2026-07-17,255.0,0.05,10249,194,48.828636718750005,15,197.5800018310547,🚬菸屁股,HOLD,1
SMCI,2026-09-18,50.0,0.86,9413,194,100.92822973632813,78,27.649999618530273,🚬菸屁股,HOLD,1
NFLX,2026-10-16,105.0,0.74,1757,193,45.337460693359375,106,74.19000244140625,🚬菸屁股,HOLD,1
OKLO,2026-07-17,65.0,0.86,2935,192,94.14068359375,15,52.45000076293945,🚬菸屁股,HOLD,1
SMR,2026-07-17,20.0,0.02,14272,190,142.1877890625,15,10.149999618530273,🚬菸屁股,HOLD,1
RKLB,2026-07-17,160.0,0.22,2596,189,101.5629921875,15,100.06999969482422,🚬菸屁股,HOLD,1
ASTS,2026-07-17,180.0,0.11,6290,189,142.578412109375,15,86.0999984741211,🚀點火(7.6x) 🚬菸屁股 ⚠️尾段價外(109%) ⚠️暴動高IV(143%),BUY_WATCH,1
CRWV,2026-07-17,135.0,0.15,2791,189,97.6562734375,15,85.68499755859375,🚀點火(3.1x) 🚬菸屁股 ⚠️尾段價外(58%) ⚠️暴動高IV(98%),BUY_WATCH,1
ADBE,2027-01-15,510.0,0.81,1042,189,68.95172650146486,197,210.97999572753906,🚬菸屁股,HOLD,1
NVDA,2026-08-21,275.0,0.39,7608,187,44.482977050781244,50,197.5800018310547,🚬菸屁股,HOLD,1
ADBE,2026-07-17,350.0,0.02,7895,186,78.9064609375,15,210.97999572753906,🚬菸屁股,HOLD,1
GOOGL,2026-07-17,420.0,0.22,17699,186,34.961587890625,15,361.2099914550781,🚬菸屁股,HOLD,1
SOFI,2026-09-18,23.0,0.9,13337,185,65.820654296875,78,18.440000534057617,🚬菸屁股,HOLD,1
MSTR,2026-07-17,160.0,0.15,5267,184,111.71919140624999,15,93.38999938964844,🚬菸屁股,HOLD,1
IREN,2026-08-21,90.0,0.59,3648,183,116.50432373046877,50,43.31999969482422,🚬菸屁股,HOLD,1
ONDS,2026-07-17,13.0,0.02,22675,183,114.0629296875,15,7.920000076293945,🚬菸屁股,HOLD,1
TSLA,2026-08-21,990.0,0.22,12960,180,83.007982421875,50,425.29998779296875,🚬菸屁股,HOLD,1
MSTR,2026-07-17,145.0,0.28,5018,180,104.68797656250001,15,93.38999938964844,🚀點火(3.2x) 🚬菸屁股 ⚠️尾段價外(55%) ⚠️暴動高IV(105%),BUY_WATCH,1
TSLA,2028-06-16,990.0,36.55,5033,179,56.85239070892334,715,425.29998779296875,🔭LEAPS,HOLD,1
JOBY,2026-07-17,12.0,0.04,19069,177,85.937640625,15,8.84000015258789,🚬菸屁股,HOLD,1
BMY,2026-07-17,62.5,0.05,11835,177,31.641308593749994,15,56.439998626708984,🚬菸屁股,HOLD,1
KO,2026-07-17,85.0,0.23,7905,177,18.7508125,15,81.29000091552734,🚬菸屁股,HOLD,1
DKNG,2026-08-21,35.0,0.25,8973,176,57.910577148437504,50,25.770000457763672,🚬菸屁股,HOLD,1
BEAM,2026-07-17,40.0,0.47,852,176,81.64080859375,15,33.47999954223633,🚬菸屁股,HOLD,1
META,2026-07-17,1200.0,0.04,824,176,99.60937890625,15,612.9099731445312,🚬菸屁股,HOLD,1
MSFT,2026-07-17,470.0,0.22,10761,175,45.313046875000005,15,384.2799987792969,🚬菸屁股,HOLD,1
CMG,2026-07-17,36.0,0.6,1682,175,34.8639326171875,15,35.0,🚬菸屁股,HOLD,1
CHWY,2026-08-21,50.0,0.02,1682,175,105.078599609375,50,20.600000381469727,🚬菸屁股,HOLD,1
KO,2026-07-17,82.5,0.68,10480,174,18.8484677734375,15,81.29000091552734,🚬菸屁股,HOLD,1
JOBY,2026-07-17,9.0,0.48,1744,173,74.60962890625001,15,8.84000015258789,🚬菸屁股,HOLD,1
GILD,2026-09-18,160.0,0.45,2802,172,33.301448242187504,78,125.97000122070312,🚬菸屁股,HOLD,1
MSTR,2027-01-15,1080.0,0.23,9815,170,120.89883300781248,197,93.38999938964844,🚬菸屁股,HOLD,1
WMT,2026-12-18,150.0,0.68,3136,170,31.36054968261719,169,108.81999969482422,🚬菸屁股,HOLD,1
WMT,2028-01-21,150.0,5.5,3500,169,33.20989642333985,568,108.81999969482422,🔭LEAPS,HOLD,1
INTC,2028-01-21,150.0,46.54,6897,168,87.49096981811523,568,127.0199966430664,🔭LEAPS,HOLD,1
WMT,2026-09-18,145.0,0.18,4249,167,39.33166137695313,78,108.81999969482422,🚬菸屁股,HOLD,1
CHWY,2026-08-21,22.5,0.99,3424,167,53.12546875,50,20.600000381469727,🚬菸屁股,HOLD,1
NVDA,2026-07-17,265.0,0.04,15912,165,51.95360546875,15,197.5800018310547,🚬菸屁股,HOLD,1
OPEN,2026-10-16,9.0,0.31,1422,164,107.42233789062503,106,4.940000057220459,🚬菸屁股,HOLD,1
COIN,2026-07-17,300.0,0.05,8225,163,109.76607617187501,15,159.24000549316406,🚬菸屁股,HOLD,1
T,2026-08-21,25.0,0.06,15404,163,33.399103515625,50,20.479999542236328,🚬菸屁股,HOLD,1
CRM,2026-07-17,210.0,0.1,7652,162,56.543403320312514,15,163.22999572753906,🚬菸屁股,HOLD,1
KO,2028-01-21,100.0,2.79,2145,161,23.413851806640622,568,81.29000091552734,🔭LEAPS,HOLD,1
META,2026-07-17,770.0,0.49,3698,161,50.31787963867188,15,612.9099731445312,🚬菸屁股,HOLD,1
T,2026-12-18,24.0,0.51,1890,158,30.176479492187504,169,20.479999542236328,🚬菸屁股,HOLD,1
BSX,2026-08-21,55.0,0.39,15763,158,49.36574072265626,50,43.060001373291016,🚬菸屁股,HOLD,1
JOBY,2027-01-15,15.0,0.81,11051,156,89.64854101562499,197,8.84000015258789,🚬菸屁股,HOLD,1
AMZN,2026-08-21,390.0,0.04,5094,156,47.1684970703125,50,241.6999969482422,🚬菸屁股,HOLD,1
PLTR,2027-01-15,410.0,0.55,8677,154,72.60769580078124,197,125.7300033569336,🚬菸屁股,HOLD,1
RKLB,2026-07-17,135.0,0.91,1635,154,100.3422951660156,15,100.06999969482422,🚬菸屁股,HOLD,1
PATH,2028-01-21,10.0,4.9,7748,151,78.07639111328125,568,11.550000190734863,🔭LEAPS,HOLD,1
CMG,2028-01-21,35.0,8.1,2029,151,47.68118725585938,568,35.0,🔭LEAPS,HOLD,1
CRM,2026-09-18,250.0,0.8,4431,150,52.07567456054687,78,163.22999572753906,🚬菸屁股,HOLD,1
SMCI,2026-07-17,33.5,0.49,915,147,86.0352958984375,15,27.649999618530273,🚬菸屁股,HOLD,1
SMR,2026-08-21,14.0,0.58,4245,147,106.15281298828126,50,10.149999618530273,🚬菸屁股,HOLD,1
IBIT,2027-01-15,55.0,0.54,16643,145,46.973186523437505,197,34.0,🚬菸屁股,HOLD,1
NVDA,2026-08-21,280.0,0.3,8627,142,45.361874511718746,50,197.5800018310547,🚬菸屁股,HOLD,1
NFLX,2027-01-15,155.0,0.38,1956,142,53.4184345703125,197,74.19000244140625,🚬菸屁股,HOLD,1
WMT,2026-07-17,116.0,0.3,994,141,25.391371093750003,15,108.81999969482422,🚬菸屁股,HOLD,1
NBIS,2026-07-17,390.0,0.78,929,140,130.7620649414062,15,229.17999267578125,🚬菸屁股,HOLD,1
SOFI,2026-07-17,24.0,0.04,5975,139,65.23472265625001,15,18.440000534057617,🚬菸屁股,HOLD,1
BMY,2026-07-17,57.5,0.65,13297,138,23.7312314453125,15,56.439998626708984,🚬菸屁股,HOLD,1
WMT,2026-08-21,145.0,0.09,1344,138,36.6217275390625,50,108.81999969482422,🚬菸屁股,HOLD,1
ADBE,2027-01-15,530.0,0.57,1222,137,62.78113391113283,197,210.97999572753906,🚬菸屁股,HOLD,1
T,2026-07-17,23.0,0.02,7141,137,34.37565625,15,20.479999542236328,🚬菸屁股,HOLD,1
GOOGL,2026-07-17,405.0,0.58,4274,136,33.08172387695312,15,361.2099914550781,🚬菸屁股,HOLD,1
META,2026-07-17,1230.0,0.04,907,136,111.9145029296875,15,612.9099731445312,🚬菸屁股,HOLD,1
CRM,2027-01-15,550.0,0.16,5849,136,61.328511718750015,197,163.22999572753906,🚬菸屁股,HOLD,1
ONDS,2026-08-21,12.0,0.31,2669,135,106.25046875000001,50,7.920000076293945,🚬菸屁股,HOLD,1
MSFT,2026-09-18,800.0,0.15,9959,134,57.7152666015625,78,384.2799987792969,🚬菸屁股,HOLD,1
SOFI,2028-06-16,47.0,2.7,16150,133,71.99735034179689,715,18.440000534057617,🔭LEAPS,HOLD,1
KO,2028-01-21,110.0,1.32,1454,133,22.101609069824217,568,81.29000091552734,🔭LEAPS,HOLD,1
NOW,2026-08-21,200.0,0.45,4300,133,82.95915478515624,50,105.80000305175781,🚬菸屁股,HOLD,1
NFLX,2027-01-15,130.0,0.66,9569,133,46.02104760742188,197,74.19000244140625,🚬菸屁股,HOLD,1
SMCI,2026-07-17,34.0,0.43,1809,132,86.7188828125,15,27.649999618530273,🚬菸屁股,HOLD,1
MU,2026-07-17,1800.0,0.95,1566,132,110.2055270996094,15,1032.280029296875,🚬菸屁股,HOLD,1
CRM,2026-07-17,220.0,0.08,4426,132,59.766027343750004,15,163.22999572753906,🚬菸屁股,HOLD,1
PACB,2026-09-18,3.0,0.1,1995,130,105.46922265625001,78,1.7400000095367432,🚬菸屁股,HOLD,1
T,2026-12-18,23.0,0.67,1427,130,29.541720214843746,169,20.479999542236328,🚬菸屁股,HOLD,1
T,2028-01-21,27.0,0.97,6622,130,28.028063476562494,568,20.479999542236328,🔭LEAPS,HOLD,1
META,2026-07-17,1100.0,0.05,4024,130,89.45323046875,15,612.9099731445312,🚬菸屁股,HOLD,1
IBIT,2026-07-17,47.0,0.02,19391,129,64.8441015625,15,34.0,🚬菸屁股,HOLD,1
ZM,2026-07-17,115.0,0.07,1869,129,54.102021484375015,15,90.12999725341797,🚬菸屁股,HOLD,1
NFLX,2027-01-15,140.0,0.45,12952,129,47.6567734375,197,74.19000244140625,🚬菸屁股,HOLD,1
SMCI,2026-09-18,60.0,0.48,13409,128,104.19969775390628,78,27.649999618530273,🚬菸屁股,HOLD,1
IREN,2026-07-17,58.0,0.64,998,128,102.63720556640625,15,43.31999969482422,🚬菸屁股,HOLD,1
IREN,2026-07-17,64.0,0.26,2616,128,115.234798828125,15,43.31999969482422,🚀點火(11.6x) 🚬菸屁股 ⚠️尾段價外(48%) ⚠️暴動高IV(115%),BUY_WATCH,1
ONDS,2026-12-18,20.0,0.41,4776,128,105.46922265625001,169,7.920000076293945,🚬菸屁股,HOLD,1
T,2026-09-18,27.0,0.06,5375,128,34.76627734375,78,20.479999542236328,🚬菸屁股,HOLD,1
T,2028-01-21,20.0,2.86,4697,128,27.10033837890625,568,20.479999542236328,🔭LEAPS,HOLD,1
NOW,2026-07-17,145.0,0.18,2214,128,76.75804492187501,15,105.80000305175781,🚬菸屁股,HOLD,1
ASTS,2026-07-17,135.0,0.65,1770,126,116.2113564453125,15,86.0999984741211,🚀點火(2.6x) 🚬菸屁股 ⚠️尾段價外(57%) ⚠️暴動高IV(116%),BUY_WATCH,1
UPST,2026-07-17,45.0,0.22,1185,126,71.679970703125,15,35.7400016784668,🚬菸屁股,HOLD,1
ONDS,2026-09-18,13.0,0.39,9623,125,108.00827246093752,78,7.920000076293945,🚬菸屁股,HOLD,1
ACHR,2027-01-15,8.0,0.57,12054,125,92.773509765625,197,4.920000076293945,🚬菸屁股,HOLD,1
PLTR,2026-08-21,220.0,0.41,10057,124,74.07252490234374,50,125.7300033569336,🚬菸屁股,HOLD,1
LUNR,2026-07-17,24.0,0.63,3038,124,104.98094384765626,15,20.200000762939453,🚬菸屁股,HOLD,1
SHOP,2026-07-17,150.0,0.28,7925,123,55.859816406250005,15,121.62999725341797,🚬菸屁股,HOLD,1
OPEN,2026-12-18,8.0,0.72,1337,123,104.29735351562503,169,4.940000057220459,🚬菸屁股,HOLD,1
CRM,2026-07-17,230.0,0.07,2628,123,63.086306640625,15,163.22999572753906,🚬菸屁股,HOLD,1
IBIT,2026-10-16,59.0,0.11,7512,122,51.8559501953125,106,34.0,🚬菸屁股,HOLD,1
CRM,2026-07-17,195.0,0.33,3414,122,49.756361816406255,15,163.22999572753906,🚬菸屁股,HOLD,1
SMCI,2028-01-21,30.0,11.8,2376,121,95.26371923828124,568,27.649999618530273,🔭LEAPS,HOLD,1
T,2026-09-18,22.0,0.55,2480,121,29.981168945312497,78,20.479999542236328,🚬菸屁股,HOLD,1
DKNG,2026-09-18,52.5,0.09,4510,120,73.04714453125,78,25.770000457763672,🚬菸屁股,HOLD,1
SMR,2028-01-21,50.0,1.82,1273,120,118.62833654785155,568,10.149999618530273,🔭LEAPS,HOLD,1
KO,2026-07-17,84.0,0.35,1807,120,18.4578466796875,15,81.29000091552734,🚬菸屁股,HOLD,1
TGT,2026-07-17,145.0,0.25,4441,120,36.817038085937504,15,130.2899932861328,🚬菸屁股,HOLD,1
COUR,2026-07-17,6.0,0.32,1628,120,64.8441015625,15,5.980000019073486,🚬菸屁股,HOLD,1
NVDA,2026-09-18,350.0,0.2,23942,119,51.758294921875006,78,197.5800018310547,🚬菸屁股,HOLD,1
SMCI,2026-07-17,37.0,0.2,2781,118,92.57819921875,15,27.649999618530273,🚬菸屁股,HOLD,1
CMG,2026-09-18,42.5,0.58,10387,118,41.8951123046875,78,35.0,🚬菸屁股,HOLD,1
SMCI,2026-09-18,55.0,0.63,10449,117,103.71141894531253,78,27.649999618530273,🚬菸屁股,HOLD,1
META,2026-07-17,1310.0,0.02,1639,116,108.984830078125,15,612.9099731445312,🚬菸屁股,HOLD,1
AAPL,2027-01-15,280.0,35.0,31530,115,33.26787924194336,197,294.3800048828125,🔥萬人塚 🏛️機構場,HOLD,1
ONDS,2026-09-18,16.0,0.25,6997,115,110.74263378906251,78,7.920000076293945,🚬菸屁股,HOLD,1
IBIT,2028-01-21,50.0,4.55,8561,114,52.20995056152342,568,34.0,🔭LEAPS,HOLD,1
OPEN,2028-01-21,7.0,1.94,19171,114,102.05127099609376,568,4.940000057220459,🔭LEAPS,HOLD,1
WMT,2026-08-21,140.0,0.14,2359,114,34.0826904296875,50,108.81999969482422,🚬菸屁股,HOLD,1
COUR,2026-08-21,6.0,0.66,5327,114,73.437765625,50,5.980000019073486,🚬菸屁股,HOLD,1
MSFT,2026-07-17,485.0,0.17,11055,113,47.949739257812496,15,384.2799987792969,🚬菸屁股,HOLD,1
RKLB,2026-07-17,145.0,0.46,3635,113,97.6562734375,15,100.06999969482422,🚬菸屁股,HOLD,1
SMR,2026-07-17,10.0,0.88,4162,113,91.01571484374999,15,10.149999618530273,🚬菸屁股,HOLD,1
SOFI,2026-12-18,32.0,0.66,4439,112,68.35969140625001,169,18.440000534057617,🚬菸屁股,HOLD,1
T,2026-08-21,24.0,0.1,3981,112,32.12958496093749,50,20.479999542236328,🚬菸屁股,HOLD,1
T,2026-08-21,27.0,0.04,4694,112,39.063109374999996,50,20.479999542236328,🚬菸屁股,HOLD,1
HPE,2026-08-21,60.0,0.67,3551,112,69.04327832031252,50,43.95000076293945,🚬菸屁股,HOLD,1
NVDA,2026-09-18,400.0,0.08,12951,111,56.34809277343751,78,197.5800018310547,🚬菸屁股,HOLD,1
NVDA,2028-01-21,195.0,48.25,6509,111,49.08193008422852,568,197.5800018310547,🔭LEAPS,HOLD,1
OKLO,2026-07-17,100.0,0.07,10416,111,128.125359375,15,52.45000076293945,🚬菸屁股,HOLD,1
RKLB,2026-08-21,200.0,0.91,779,111,103.66259106445317,50,100.06999969482422,🚬菸屁股,HOLD,1
NVDA,2026-07-17,245.0,0.09,15406,109,45.0200810546875,15,197.5800018310547,🚬菸屁股,HOLD,1
IBIT,2026-12-18,60.0,0.28,24304,109,50.04932763671876,169,34.0,🚬菸屁股,HOLD,1
AMZN,2026-10-16,410.0,0.26,1266,109,43.848217773437504,106,241.6999969482422,🚬菸屁股,HOLD,1
TSLA,2026-07-17,550.0,0.41,7055,108,57.22699023437501,15,425.29998779296875,🚬菸屁股,HOLD,1
IBIT,2026-09-18,70.0,0.05,21921,108,66.01596484375001,78,34.0,🚬菸屁股,HOLD,1
COIN,2026-09-18,880.0,0.09,7811,108,117.96916015624998,78,159.24000549316406,🚬菸屁股,HOLD,1
SMCI,2026-07-17,42.0,0.09,2097,108,104.29735351562503,15,27.649999618530273,🚬菸屁股,HOLD,1
META,2026-07-17,1340.0,0.01,1006,108,114.0629296875,15,612.9099731445312,🚬菸屁股,HOLD,1
JOBY,2026-08-21,13.0,0.25,2155,106,86.914193359375,50,8.84000015258789,🚬菸屁股,HOLD,1
KO,2028-01-21,105.0,1.92,2510,106,22.345747253417965,568,81.29000091552734,🔭LEAPS,HOLD,1
WMT,2028-01-21,130.0,9.94,2080,106,37.2625902709961,568,108.81999969482422,🔭LEAPS,HOLD,1
ROKU,2026-07-17,145.0,0.97,2300,104,26.099371826171875,15,140.50999450683594,🚬菸屁股,HOLD,1
NFLX,2026-12-18,125.0,0.6,3716,104,46.582565429687506,169,74.19000244140625,🚬菸屁股,HOLD,1
NVDA,2026-09-18,390.0,0.12,5406,103,56.34809277343751,78,197.5800018310547,🚬菸屁股,HOLD,1
NVDA,2026-09-18,280.0,0.95,14348,102,44.946839599609376,78,197.5800018310547,🚬菸屁股,HOLD,1
SOFI,2026-08-21,28.0,0.16,1989,102,72.07059179687501,50,18.440000534057617,🚬菸屁股,HOLD,1
TDOC,2026-07-17,13.0,0.02,2678,102,124.60975195312498,15,9.100000381469727,🚬菸屁股,HOLD,1
KTOS,2026-07-17,65.0,0.35,1582,102,66.60189648437502,15,53.040000915527344,🚬菸屁股,HOLD,1
GOOGL,2026-07-17,480.0,0.08,4467,102,49.219257812500004,15,361.2099914550781,🚬菸屁股,HOLD,1
CRM,2026-07-17,270.0,0.02,8067,102,82.0314296875,15,163.22999572753906,🚬菸屁股,HOLD,1
MSTR,2026-09-18,300.0,0.4,5129,101,109.57076464843752,78,93.38999938964844,🚬菸屁股,HOLD,1
DKNG,2027-01-15,55.0,0.3,6850,101,63.281617187500004,197,25.770000457763672,🚬菸屁股,HOLD,1
GOOGL,2026-09-18,800.0,0.03,11198,101,54.68795312500001,78,361.2099914550781,🚬菸屁股,HOLD,1
GOOGL,2026-10-16,800.0,0.07,2236,101,51.27001855468749,106,361.2099914550781,🚬菸屁股,HOLD,1
NVDA,2026-07-17,350.0,0.01,25352,100,79.687703125,15,197.5800018310547,🚬菸屁股,HOLD,1
IBIT,2026-09-18,80.0,0.05,12588,100,74.2190078125,78,34.0,🚬菸屁股,HOLD,1
UPST,2026-07-17,75.0,0.01,1071,100,134.37532812499998,15,35.7400016784668,🚬菸屁股,HOLD,1
CRWV,2026-07-17,145.0,0.1,1529,100,107.81296093750001,15,85.68499755859375,🚀點火(4.8x) 🚬菸屁股 ⚠️尾段價外(69%) ⚠️暴動高IV(108%),BUY_WATCH,1
META,2026-07-17,1400.0,0.01,1720,100,103.12548437500001,15,612.9099731445312,🚬菸屁股,HOLD,1
NFLX,2026-12-18,118.0,0.85,2313,100,45.77690942382813,169,74.19000244140625,🚬菸屁股,HOLD,1
META,2026-07-17,760.0,0.6,2249,99,49.14601635742188,15,612.9099731445312,🚬菸屁股,HOLD,1
ACHR,2026-08-21,5.0,0.63,903,98,87.30481445312499,50,4.920000076293945,🚬菸屁股,HOLD,1
NVDA,2026-08-21,265.0,0.54,6051,97,42.89607885742188,50,197.5800018310547,🚬菸屁股,HOLD,1
ACHR,2026-10-16,10.0,0.13,5042,97,93.7500625,106,4.920000076293945,🚬菸屁股,HOLD,1
BSX,2026-08-21,50.0,0.95,3731,97,49.70753417968751,50,43.060001373291016,🚬菸屁股,HOLD,1
NFLX,2026-12-18,168.0,0.16,1626,97,59.42423388671876,169,74.19000244140625,🚬菸屁股,HOLD,1
AAPL,2026-09-18,285.0,22.0,36446,96,31.72980868530273,78,294.3800048828125,🔥萬人塚 🏛️機構場,HOLD,1
VST,2026-07-17,185.0,0.56,3104,96,58.00823242187501,15,153.16000366210938,🚬菸屁股,HOLD,1
NFLX,2027-01-15,122.0,0.76,2695,96,47.26615234375,197,74.19000244140625,🚬菸屁股,HOLD,1
IREN,2026-07-17,56.0,0.9,2462,95,107.03171484375002,15,43.31999969482422,🚬菸屁股,HOLD,1
CMG,2026-09-18,50.0,0.14,9706,95,44.2388388671875,78,35.0,🚬菸屁股,HOLD,1
AVGO,2026-07-17,600.0,0.03,5994,94,80.07832421875,15,369.3399963378906,🚀點火(6.3x) 🚬菸屁股 ⚠️尾段價外(62%) ⚠️暴動高IV(80%),BUY_WATCH,1
WMT,2028-01-21,195.0,1.54,1262,94,31.714550048828123,568,108.81999969482422,🔭LEAPS,HOLD,1
IBIT,2026-07-17,41.0,0.04,8953,93,47.26615234375,15,34.0,🚬菸屁股,HOLD,1
IBIT,2028-01-21,100.0,0.88,14812,93,53.80905566406251,568,34.0,🔭LEAPS,HOLD,1
CRM,2026-08-21,240.0,0.31,2746,93,51.70946728515625,50,163.22999572753906,🚬菸屁股,HOLD,1
NFLX,2026-12-18,122.0,0.73,1992,93,47.26615234375,169,74.19000244140625,🚬菸屁股,HOLD,1
CRWV,2026-08-21,155.0,0.95,1601,92,97.41213525390626,50,85.68499755859375,🚬菸屁股,HOLD,1
NFLX,2026-10-16,115.0,0.41,1162,92,50.29346582031251,106,74.19000244140625,🚬菸屁股,HOLD,1
CMG,2028-01-21,60.0,1.77,3019,91,42.66414758300782,568,35.0,🔭LEAPS,HOLD,1
ONDS,2026-07-17,7.5,0.79,1384,90,88.476677734375,15,7.920000076293945,🚬菸屁股,HOLD,1
IBIT,2026-10-16,45.0,0.54,9157,89,43.164630859375,106,34.0,🚬菸屁股,HOLD,1
PATH,2026-07-17,15.0,0.05,4855,89,74.2190078125,15,11.550000190734863,🚬菸屁股,HOLD,1
ONDS,2028-01-21,20.0,1.92,12333,89,104.10204199218754,568,7.920000076293945,🔭LEAPS,HOLD,1
T,2026-09-18,24.0,0.21,2479,89,31.250687499999998,78,20.479999542236328,🚬菸屁股,HOLD,1
NOW,2027-01-15,344.0,0.77,4945,88,77.78342529296876,197,105.80000305175781,🚬菸屁股,HOLD,1
SMCI,2026-08-21,60.0,0.22,7238,87,112.69574902343751,50,27.649999618530273,🚬菸屁股,HOLD,1
SMCI,2028-01-21,35.0,10.5,1949,87,96.94827270507812,568,27.649999618530273,🔭LEAPS,HOLD,1
SOFI,2027-01-15,47.0,0.23,22782,87,73.633076171875,197,18.440000534057617,🚬菸屁股,HOLD,1
XYZ,2026-07-17,85.0,0.47,3303,86,42.9693203125,15,77.12999725341797,🚬菸屁股,HOLD,1
ONDS,2028-01-21,12.0,3.0,11782,86,103.41845166015626,568,7.920000076293945,🔭LEAPS,HOLD,1
NVDA,2027-01-15,420.0,0.73,11034,85,49.36574072265626,197,197.5800018310547,🚬菸屁股,HOLD,1
OPEN,2026-07-17,8.0,0.02,4071,85,115.625421875,15,4.940000057220459,🚬菸屁股,HOLD,1
NFLX,2026-07-17,87.0,0.53,1610,85,59.91251025390626,15,74.19000244140625,🚬菸屁股,HOLD,1
TSLA,2026-07-17,990.0,0.02,18444,84,115.625421875,15,425.29998779296875,🚬菸屁股,HOLD,1
AMZN,2026-09-18,350.0,0.56,12604,84,41.33359448242187,78,241.6999969482422,🚬菸屁股,HOLD,1
META,2026-07-17,1460.0,0.02,2617,84,107.81296093750001,15,612.9099731445312,🚬菸屁股,HOLD,1
IBM,2026-07-17,400.0,0.08,6202,84,60.25430371093752,15,286.25,🚬菸屁股,HOLD,1
IBIT,2026-10-16,43.0,0.71,6546,83,42.8716650390625,106,34.0,🚬菸屁股,HOLD,1
UPST,2026-07-17,42.5,0.45,1370,83,69.5315546875,15,35.7400016784668,🚬菸屁股,HOLD,1
OPEN,2026-08-21,13.0,0.06,897,83,148.4377578125,50,4.940000057220459,🚬菸屁股,HOLD,1
CHWY,2027-01-15,32.5,0.68,784,83,58.496508789062496,197,20.600000381469727,🚬菸屁股,HOLD,1
NVDA,2028-01-21,230.0,35.4,13157,82,47.684238983154295,568,197.5800018310547,🔭LEAPS,HOLD,1
SOFI,2026-12-18,40.0,0.31,8724,82,76.22094091796876,169,18.440000534057617,🚬菸屁股,HOLD,1
KTOS,2026-08-21,80.0,0.9,1609,82,83.05681005859374,50,53.040000915527344,🚬菸屁股,HOLD,1
KTOS,2026-08-21,85.0,0.65,6095,82,83.64274169921873,50,53.040000915527344,🚬菸屁股,HOLD,1
KO,2026-09-18,90.0,0.47,7403,82,19.14143359375,78,81.29000091552734,🚬菸屁股,HOLD,1
AAPL,2027-01-15,600.0,0.02,6280,81,35.1568984375,197,294.3800048828125,🚬菸屁股,HOLD,1
COIN,2026-07-17,250.0,0.15,5601,81,91.4063359375,15,159.24000549316406,🚬菸屁股,HOLD,1
SOFI,2026-07-17,30.0,0.02,15229,81,90.62509374999999,15,18.440000534057617,🚬菸屁股,HOLD,1
NOW,2026-08-21,170.0,0.87,3874,81,77.78342529296876,50,105.80000305175781,🚬菸屁股,HOLD,1
NFLX,2028-01-21,120.0,5.59,3938,81,45.64263342285157,568,74.19000244140625,🔭LEAPS,HOLD,1
COIN,2026-07-17,240.0,0.24,11584,80,95.11723632812499,15,159.24000549316406,🚀點火(3.2x) 🚬菸屁股 ⚠️尾段價外(51%) ⚠️暴動高IV(95%),BUY_WATCH,1
NOW,2026-07-17,195.0,0.01,4218,80,99.2187578125,15,105.80000305175781,🚬菸屁股,HOLD,1
SOFI,2026-12-18,42.0,0.26,1832,79,86.52357226562499,169,18.440000534057617,🚬菸屁股,HOLD,1
ACHR,2027-01-15,15.0,0.18,25524,79,99.60937890625,197,4.920000076293945,🚬菸屁股,HOLD,1
MU,2026-07-17,2290.0,0.13,776,79,119.141029296875,15,1032.280029296875,🚬菸屁股,HOLD,1
META,2026-07-17,1130.0,0.04,1017,79,91.79695703125,15,612.9099731445312,🚬菸屁股,HOLD,1
AVGO,2026-08-21,600.0,0.33,5137,78,54.9076774902344,50,369.3399963378906,🚬菸屁股,HOLD,1
BMY,2026-08-21,65.0,0.36,1522,76,37.207659179687504,50,56.439998626708984,🚬菸屁股,HOLD,1
NFLX,2026-11-20,110.0,0.96,2994,76,47.046427978515624,141,74.19000244140625,🚬菸屁股,HOLD,1
JOBY,2026-10-16,12.0,0.68,1077,75,84.0821904296875,106,8.84000015258789,🚬菸屁股,HOLD,1
JOBY,2027-01-15,17.0,0.73,6024,75,90.23447265624999,197,8.84000015258789,🚬菸屁股,HOLD,1
CRWV,2026-08-21,160.0,0.83,1774,75,98.82813671875,50,85.68499755859375,🚬菸屁股,HOLD,1
SOFI,2027-01-15,32.0,0.84,15900,74,67.92024267578127,197,18.440000534057617,🚬菸屁股,HOLD,1
HPE,2026-07-17,60.0,0.09,8645,74,76.17211328125,15,43.95000076293945,🚬菸屁股,HOLD,1
WMT,2026-07-17,119.0,0.15,853,74,26.660889648437504,15,108.81999969482422,🚬菸屁股,HOLD,1
NFLX,2027-01-15,266.0,0.07,29669,74,62.69568554687501,197,74.19000244140625,🚬菸屁股,HOLD,1
ACHR,2026-10-16,5.0,0.91,1491,73,87.695435546875,106,4.920000076293945,🚬菸屁股,HOLD,1
BSX,2026-07-17,50.0,0.11,6269,73,55.078574218750006,15,43.060001373291016,🚬菸屁股,HOLD,1
MSFT,2026-08-21,800.0,0.06,5557,72,65.03941210937501,50,384.2799987792969,🚬菸屁股,HOLD,1
ABT,2026-07-17,100.0,0.62,2331,72,38.69690209960937,15,92.18000030517578,🚬菸屁股,HOLD,1
AVGO,2026-07-17,480.0,0.15,4925,72,52.58836474609375,15,369.3399963378906,🚬菸屁股,HOLD,1
CMG,2028-01-21,30.0,10.47,1684,72,51.63622583007812,568,35.0,🔭LEAPS,HOLD,1
KO,2028-01-21,115.0,1.0,1037,72,28.412581115722645,568,81.29000091552734,🔭LEAPS,HOLD,1
FISV,2027-01-15,340.0,0.05,902,72,96.0937890625,197,50.72999954223633,🚬菸屁股,HOLD,1
CRM,2026-08-21,260.0,0.18,986,72,55.615678222656264,50,163.22999572753906,🚬菸屁股,HOLD,1
SOFI,2028-01-21,23.0,5.2,3767,71,72.6565234375,568,18.440000534057617,🔭LEAPS,HOLD,1
SMR,2028-01-21,85.0,1.22,2676,71,116.8461188964844,568,10.149999618530273,🔭LEAPS,HOLD,1
NFLX,2026-09-18,99.0,0.75,2211,71,46.631393066406254,78,74.19000244140625,🚬菸屁股,HOLD,1
OKLO,2026-07-17,85.0,0.14,2777,70,117.57853710937498,15,52.45000076293945,🚬菸屁股,HOLD,1
NOW,2028-01-21,284.0,7.7,4339,70,64.23985955810548,568,105.80000305175781,🔭LEAPS,HOLD,1
IBIT,2026-10-16,50.0,0.26,11473,69,45.898978515625004,106,34.0,🚬菸屁股,HOLD,1
TSLA,2026-07-17,620.0,0.19,10408,68,70.898728515625,15,425.29998779296875,🚬菸屁股,HOLD,1
MSTR,2026-12-18,1080.0,0.12,11350,68,124.21912890624998,169,93.38999938964844,🚬菸屁股,HOLD,1
U,2028-01-21,50.0,6.5,1470,68,75.2810089111328,568,30.190000534057617,🔭LEAPS,HOLD,1
NFLX,2026-08-21,91.0,0.85,1310,68,47.14408325195312,50,74.19000244140625,🚬菸屁股,HOLD,1
NVDA,2028-01-21,320.0,16.1,6793,67,46.73057420349121,568,197.5800018310547,🔭LEAPS,HOLD,1
PLTR,2026-07-17,190.0,0.06,5514,67,78.12521875,15,125.7300033569336,🚬菸屁股,HOLD,1
GOOG,2026-07-17,430.0,0.09,9853,66,36.817038085937504,15,357.8900146484375,🚬菸屁股,HOLD,1
MSTR,2028-01-21,700.0,6.05,7555,66,98.10792907714844,568,93.38999938964844,🔭LEAPS,HOLD,1
IBIT,2028-01-21,140.0,0.43,28389,66,57.42230078125,568,34.0,🔭LEAPS,HOLD,1
XYZ,2027-01-15,145.0,0.8,23470,66,50.85498364257812,197,77.12999725341797,🚬菸屁股,HOLD,1
AMZN,2026-09-18,380.0,0.23,3715,66,43.01814794921876,78,241.6999969482422,🚬菸屁股,HOLD,1
META,2026-07-17,850.0,0.16,1407,66,59.4730615234375,15,612.9099731445312,🚬菸屁股,HOLD,1
ACHR,2028-01-21,3.0,2.95,3736,65,94.14068359375,568,4.920000076293945,🔭LEAPS,HOLD,1
ACN,2026-07-17,150.0,0.5,854,65,49.60987890625,15,131.1300048828125,🚬菸屁股,HOLD,1
META,2026-08-21,1000.0,0.7,1514,65,57.27581787109376,50,612.9099731445312,🚬菸屁股,HOLD,1
NVDA,2028-06-16,300.0,25.9,5983,64,47.47366979980468,715,197.5800018310547,🔭LEAPS,HOLD,1
IONQ,2026-07-17,80.0,0.15,6632,64,105.66453417968751,15,51.400001525878906,🚬菸屁股,HOLD,1
NNE,2026-07-17,25.0,0.45,2164,64,98.04689453125,15,20.75,🚬菸屁股,HOLD,1
NNE,2026-07-17,26.0,0.5,1669,64,94.92192578125,15,20.75,🚬菸屁股,HOLD,1
ADBE,2026-07-17,345.0,0.01,1064,64,80.07832421875,15,210.97999572753906,🚬菸屁股,HOLD,1
GOOGL,2026-07-17,415.0,0.28,3480,64,36.08462353515625,15,361.2099914550781,🚬菸屁股,HOLD,1
BMY,2026-08-21,70.0,0.18,798,64,35.40103662109374,50,56.439998626708984,🚬菸屁股,HOLD,1
HIMS,2028-01-21,95.0,8.75,3441,63,97.27785925292969,568,37.56999969482422,🔭LEAPS,HOLD,1
ONDS,2026-12-18,14.0,0.85,1023,63,102.83251708984378,169,7.920000076293945,🚬菸屁股,HOLD,1
T,2027-01-15,26.0,0.35,1789,63,30.127651855468752,197,20.479999542236328,🚬菸屁股,HOLD,1
CMG,2026-12-18,50.0,0.6,3008,63,42.62752685546876,169,35.0,🚬菸屁股,HOLD,1
WMT,2026-07-17,140.0,0.02,5817,63,51.95360546875,15,108.81999969482422,🚬菸屁股,HOLD,1
NVDA,2026-08-21,310.0,0.14,11380,62,50.39112109375,50,197.5800018310547,🚬菸屁股,HOLD,1
SMCI,2026-07-17,38.0,0.16,2441,62,94.14068359375,15,27.649999618530273,🚬菸屁股,HOLD,1
SMCI,2026-08-21,44.0,0.8,869,62,101.85595947265624,50,27.649999618530273,🚬菸屁股,HOLD,1
AMZN,2026-07-17,340.0,0.04,1909,62,56.250437500000004,15,241.6999969482422,🚬菸屁股,HOLD,1
PATH,2028-01-21,12.0,4.37,6688,61,78.32052929687501,568,11.550000190734863,🔭LEAPS,HOLD,1
T,2026-12-18,30.0,0.11,6954,61,33.399103515625,169,20.479999542236328,🚬菸屁股,HOLD,1
META,2026-07-17,1380.0,0.01,1782,61,108.59420703125,15,612.9099731445312,🚬菸屁股,HOLD,1
NFLX,2026-10-16,110.0,0.6,1334,61,46.7778759765625,106,74.19000244140625,🚬菸屁股,HOLD,1
NVDA,2028-01-21,280.0,22.48,8270,59,46.87705711364746,568,197.5800018310547,🔭LEAPS,HOLD,1
SMCI,2026-08-21,65.0,0.18,4780,59,115.4301103515625,50,27.649999618530273,🚬菸屁股,HOLD,1
MSFT,2026-09-18,600.0,0.76,6255,58,46.7778759765625,78,384.2799987792969,🚬菸屁股,HOLD,1
IBIT,2026-08-21,43.0,0.19,6663,58,43.2622861328125,50,34.0,🚬菸屁股,HOLD,1
JOBY,2026-07-17,13.0,0.02,5224,58,103.12548437500001,15,8.84000015258789,🚬菸屁股,HOLD,1
FISV,2028-01-21,75.0,7.0,3544,58,54.62691857910158,568,50.72999954223633,🔭LEAPS,HOLD,1
NFLX,2026-12-18,120.0,0.77,7764,58,45.85015087890626,169,74.19000244140625,🚬菸屁股,HOLD,1
SMCI,2026-07-17,31.5,0.82,779,57,84.57046679687498,15,27.649999618530273,🚬菸屁股,HOLD,1
ZM,2027-01-15,165.0,0.98,791,57,53.662572753906254,197,90.12999725341797,🚬菸屁股,HOLD,1
ONDS,2026-07-17,10.5,0.09,1152,57,104.68797656250001,15,7.920000076293945,🚬菸屁股,HOLD,1
SMR,2026-08-21,19.0,0.22,10273,57,118.1644716796875,50,10.149999618530273,🚬菸屁股,HOLD,1
ADBE,2026-12-18,460.0,0.82,996,57,53.979952392578134,169,210.97999572753906,🚬菸屁股,HOLD,1
AVGO,2026-07-17,460.0,0.32,3800,57,51.58739819335938,15,369.3399963378906,🚬菸屁股,HOLD,1
SOFI,2026-10-16,30.0,0.38,2568,56,67.09017285156251,106,18.440000534057617,🚬菸屁股,HOLD,1
ACHR,2027-01-15,17.0,0.16,9753,56,102.73486132812502,197,4.920000076293945,🚬菸屁股,HOLD,1
ACHR,2027-01-15,27.0,0.06,5620,56,114.84417578124999,197,4.920000076293945,🚬菸屁股,HOLD,1
ACHR,2028-01-21,4.0,2.63,3323,56,95.70316796875,568,4.920000076293945,🔭LEAPS,HOLD,1
ACHR,2028-01-21,20.0,0.64,5972,56,98.3398603515625,568,4.920000076293945,🔭LEAPS,HOLD,1
AMZN,2026-08-21,325.0,0.58,3263,56,42.89607885742188,50,241.6999969482422,🚬菸屁股,HOLD,1
META,2026-07-17,1020.0,0.1,1839,56,80.27363476562499,15,612.9099731445312,🚬菸屁股,HOLD,1
IBIT,2026-09-18,48.0,0.19,20870,55,45.508357421875004,78,34.0,🚬菸屁股,HOLD,1
RKLB,2026-07-17,210.0,0.01,4129,55,118.75040625,15,100.06999969482422,🚬菸屁股,HOLD,1
SOFI,2028-06-16,35.0,3.95,7510,55,72.87624780273438,715,18.440000534057617,🔭LEAPS,HOLD,1
HOOD,2026-07-17,210.0,0.01,1138,55,99.2187578125,15,108.6500015258789,🚬菸屁股,HOLD,1
CHWY,2026-08-21,30.0,0.1,2154,55,55.469195312500005,50,20.600000381469727,🚬菸屁股,HOLD,1
SMR,2028-01-21,15.0,4.3,7851,54,109.375453125,568,10.149999618530273,🔭LEAPS,HOLD,1
NOW,2026-07-17,175.0,0.05,1444,54,92.187578125,15,105.80000305175781,🚬菸屁股,HOLD,1
LUNR,2026-09-18,40.0,0.68,3574,53,110.25435498046878,78,20.200000762939453,🚬菸屁股,HOLD,1
ACHR,2027-01-15,22.0,0.11,7231,53,111.71919140624999,197,4.920000076293945,🚬菸屁股,HOLD,1
NFLX,2026-09-18,112.0,0.32,1321,53,51.70946728515625,78,74.19000244140625,🚬菸屁股,HOLD,1
MSFT,2026-08-21,600.0,0.45,6382,52,52.539537109375004,50,384.2799987792969,🚬菸屁股,HOLD,1
IBIT,2027-01-15,140.0,0.06,28344,52,75.97680273437501,197,34.0,🚬菸屁股,HOLD,1
SMCI,2026-09-18,85.0,0.15,2726,52,120.50820996093749,78,27.649999618530273,🚬菸屁股,HOLD,1
NNE,2026-07-17,23.0,0.9,1266,52,91.60164648437501,15,20.75,🚬菸屁股,HOLD,1
GOOGL,2028-01-21,720.0,10.3,1457,52,43.50184672546387,568,361.2099914550781,🔭LEAPS,HOLD,1
CRM,2026-08-21,220.0,0.64,9204,52,46.99760034179688,50,163.22999572753906,🚬菸屁股,HOLD,1
IBIT,2026-10-16,60.0,0.11,8942,51,52.734847656250004,106,34.0,🚬菸屁股,HOLD,1
SOFI,2028-06-16,25.0,5.65,17897,51,73.46217944335937,715,18.440000534057617,🔭LEAPS,HOLD,1
DKNG,2026-09-18,40.0,0.22,8268,51,59.08244042968751,78,25.770000457763672,🚬菸屁股,HOLD,1
ONDS,2028-01-21,5.0,4.85,12475,51,124.51209619140621,568,7.920000076293945,🔭LEAPS,HOLD,1
ACHR,2026-07-17,9.0,0.01,22911,51,118.75040625,15,4.920000076293945,🚬菸屁股,HOLD,1
T,2026-09-18,35.0,0.02,2341,51,50.39112109375,78,20.479999542236328,🚬菸屁股,HOLD,1
WMT,2026-11-20,140.0,0.85,1092,51,31.519239501953116,141,108.81999969482422,🚬菸屁股,HOLD,1
WMT,2028-01-21,175.0,2.59,1032,51,34.6136909790039,568,108.81999969482422,🔭LEAPS,HOLD,1
NOW,2026-07-17,155.0,0.11,1250,51,81.05487695312499,15,105.80000305175781,🚬菸屁股,HOLD,1
NFLX,2026-09-18,130.0,0.12,6684,51,56.64105859375,78,74.19000244140625,🚬菸屁股,HOLD,1
ASTS,2026-07-17,140.0,0.41,2605,50,126.46521142578125,15,86.0999984741211,🚬菸屁股,HOLD,1
SOFI,2026-07-17,35.0,0.01,2123,50,106.25046875000001,15,18.440000534057617,🚬菸屁股,HOLD,1
SOFI,2026-09-18,40.0,0.08,26171,50,80.664255859375,78,18.440000534057617,🚬菸屁股,HOLD,1
SMR,2026-07-17,16.0,0.05,1771,50,118.75040625,15,10.149999618530273,🚬菸屁股,HOLD,1
SMR,2028-01-21,80.0,1.22,774,50,116.55315161132816,568,10.149999618530273,🔭LEAPS,HOLD,1
AMZN,2026-09-18,410.0,0.07,1058,50,45.80132324218751,78,241.6999969482422,🚬菸屁股,HOLD,1
T,2026-12-18,25.0,0.37,5646,50,29.785858398437494,169,20.479999542236328,🚬菸屁股,HOLD,1
CMG,2026-12-18,90.0,0.02,2299,50,54.102021484375015,169,35.0,🚬菸屁股,HOLD,1
NFLX,2027-01-15,156.0,0.37,964,50,52.80808911132813,197,74.19000244140625,🚬菸屁股,HOLD,1
NVDA,2026-07-17,275.0,0.03,6552,49,55.469195312500005,15,197.5800018310547,🚬菸屁股,HOLD,1
NVDA,2028-01-21,220.0,38.75,8632,49,48.01077380371094,568,197.5800018310547,🔭LEAPS,HOLD,1
ACHR,2027-01-15,12.0,0.25,19222,49,96.48441015625,197,4.920000076293945,🚬菸屁股,HOLD,1
CRWV,2026-09-18,200.0,0.76,5134,49,98.68165380859377,78,85.68499755859375,🚬菸屁股,HOLD,1
NFLX,2027-01-15,150.0,0.37,19164,49,49.414568359375004,197,74.19000244140625,🚬菸屁股,HOLD,1
NVDA,2026-07-17,400.0,0.01,6236,48,104.68797656250001,15,197.5800018310547,🚬菸屁股,HOLD,1
SMCI,2028-01-21,105.0,3.6,8051,48,95.16606396484374,568,27.649999618530273,🔭LEAPS,HOLD,1
DKNG,2026-09-18,32.5,0.8,1420,48,56.44574804687501,78,25.770000457763672,🚬菸屁股,HOLD,1
ACHR,2026-10-16,9.0,0.18,3172,48,90.429783203125,106,4.920000076293945,🚬菸屁股,HOLD,1
SMR,2028-01-21,10.0,5.4,6309,48,112.64692114257815,568,10.149999618530273,🔭LEAPS,HOLD,1
CMG,2026-12-18,88.0,0.01,815,48,50.0005,169,35.0,🚬菸屁股,HOLD,1
CPRT,2026-08-21,32.5,0.28,848,48,31.836619140624993,50,28.790000915527344,🚬菸屁股,HOLD,1
CPRT,2026-09-18,40.0,0.06,869,48,48.34036035156251,78,28.790000915527344,🚬菸屁股,HOLD,1
FISV,2026-09-18,65.0,0.96,3622,48,50.879397460937504,78,50.72999954223633,🚬菸屁股,HOLD,1
WMT,2028-01-21,160.0,3.95,835,48,33.804983245849606,568,108.81999969482422,🔭LEAPS,HOLD,1
NFLX,2026-09-18,116.0,0.18,778,48,55.469195312500005,78,74.19000244140625,🚬菸屁股,HOLD,1
TDOC,2028-01-21,3.0,6.5,2385,47,87.7930908203125,568,9.100000381469727,🔭LEAPS,HOLD,1
PACB,2026-07-17,1.5,0.3,2347,47,84.37515624999999,15,1.7400000095367432,🚬菸屁股,HOLD,1
ONDS,2026-07-17,11.5,0.04,1173,47,104.68797656250001,15,7.920000076293945,🚬菸屁股,HOLD,1
SMR,2026-07-17,18.0,0.03,1463,47,128.125359375,15,10.149999618530273,🚀點火(3.6x) 🚬菸屁股 ⚠️尾段價外(77%) ⚠️暴動高IV(128%),BUY_WATCH,1
T,2026-12-18,27.0,0.21,6210,47,32.91082714843749,169,20.479999542236328,🚬菸屁股,HOLD,1
META,2026-07-17,1450.0,0.01,1192,47,114.84417578124999,15,612.9099731445312,🚬菸屁股,HOLD,1
NFLX,2028-01-21,150.0,2.95,5140,47,45.38628833007812,568,74.19000244140625,🔭LEAPS,HOLD,1
PATH,2026-07-17,20.0,0.01,2913,46,96.87503124999999,15,11.550000190734863,🚀點火(4.6x) 🚬菸屁股 ⚠️尾段價外(73%) ⚠️暴動高IV(97%),BUY_WATCH,1
GOOGL,2028-01-21,800.0,7.53,1758,46,42.600061309814464,568,361.2099914550781,🔭LEAPS,HOLD,1
CMG,2028-01-21,37.5,7.02,1115,46,47.10746252441406,568,35.0,🔭LEAPS,HOLD,1
NFLX,2026-08-21,93.0,0.75,2250,46,47.949739257812496,50,74.19000244140625,🚬菸屁股,HOLD,1
NFLX,2028-01-21,90.0,11.85,4374,46,47.28446270751954,568,74.19000244140625,🔭LEAPS,HOLD,1
IONQ,2026-07-17,85.0,0.08,1569,45,124.60975195312498,15,51.400001525878906,🚬菸屁股,HOLD,1
AVGO,2026-07-17,740.0,0.01,1446,45,104.68797656250001,15,369.3399963378906,🚬菸屁股,HOLD,1
AMZN,2026-08-21,340.0,0.33,2671,44,44.97125341796875,50,241.6999969482422,🚬菸屁股,HOLD,1
T,2026-08-21,26.0,0.04,2943,44,35.938140624999996,50,20.479999542236328,🚬菸屁股,HOLD,1
MU,2026-07-17,2170.0,0.2,905,44,118.35978320312499,15,1032.280029296875,🚬菸屁股,HOLD,1
T,2026-10-16,24.0,0.27,3456,43,29.395237304687495,106,20.479999542236328,🚬菸屁股,HOLD,1
BMY,2026-07-17,61.0,0.27,769,43,32.56903369140625,15,56.439998626708984,🚬菸屁股,HOLD,1
AVGO,2026-07-17,650.0,0.01,4344,43,90.23447265624999,15,369.3399963378906,🚀點火(3.1x) 🚬菸屁股 ⚠️尾段價外(76%) ⚠️暴動高IV(90%),BUY_WATCH,1
FISV,2026-09-18,70.0,0.59,2667,43,52.49070947265625,78,50.72999954223633,🚬菸屁股,HOLD,1
NFLX,2028-01-21,200.0,1.26,5734,43,48.21829125976563,568,74.19000244140625,🔭LEAPS,HOLD,1
IREN,2026-07-17,57.0,0.66,1105,42,112.69574902343751,15,43.31999969482422,🚬菸屁股,HOLD,1
LUNR,2026-07-17,27.0,0.36,788,42,114.0629296875,15,20.200000762939453,🚬菸屁股,HOLD,1
ACN,2028-01-21,260.0,6.06,1664,42,51.75219146728516,568,131.1300048828125,🔭LEAPS,HOLD,1
META,2026-07-17,1270.0,0.02,995,42,103.90673046875003,15,612.9099731445312,🚬菸屁股,HOLD,1
WMT,2028-01-21,140.0,7.6,757,42,36.26772717285156,568,108.81999969482422,🔭LEAPS,HOLD,1
NFLX,2027-01-15,200.0,0.15,16247,42,56.250437500000004,197,74.19000244140625,🚬菸屁股,HOLD,1
SOFI,2028-01-21,47.0,1.89,6079,41,70.06865869140626,568,18.440000534057617,🔭LEAPS,HOLD,1
ZM,2026-07-17,110.0,0.09,2595,41,48.242705078125006,15,90.12999725341797,🚬菸屁股,HOLD,1
T,2026-07-17,28.0,0.01,7577,41,56.250437500000004,15,20.479999542236328,🚬菸屁股,HOLD,1
SMCI,2026-07-17,45.0,0.06,7277,40,109.375453125,15,27.649999618530273,🚬菸屁股,HOLD,1
OPEN,2026-08-21,15.0,0.01,3613,40,128.125359375,50,4.940000057220459,🚬菸屁股,HOLD,1
GOOGL,2026-08-21,500.0,0.39,3694,40,41.089456298828125,50,361.2099914550781,🚬菸屁股,HOLD,1
BSX,2028-01-21,100.0,1.3,2010,40,48.97511962890626,568,43.060001373291016,🔭LEAPS,HOLD,1
PATH,2026-09-18,18.0,0.29,2338,39,80.07832421875,78,11.550000190734863,🚬菸屁股,HOLD,1
XYZ,2028-01-21,120.0,9.52,1453,39,52.838606384277355,568,77.12999725341797,🔭LEAPS,HOLD,1
LUNR,2026-07-17,40.0,0.03,10242,39,139.84405078125,15,20.200000762939453,🚬菸屁股,HOLD,1
NOW,2026-09-18,200.0,0.78,3469,39,75.34204345703125,78,105.80000305175781,🚬菸屁股,HOLD,1
NVDA,2028-01-21,390.0,9.45,8324,38,47.08610043334961,568,197.5800018310547,🔭LEAPS,HOLD,1
ONDS,2026-07-17,14.0,0.03,9461,38,148.4377578125,15,7.920000076293945,🚬菸屁股,HOLD,1
ONDS,2026-09-18,20.0,0.13,12543,38,121.48476757812499,78,7.920000076293945,🚬菸屁股,HOLD,1
JOBY,2026-08-21,14.0,0.15,2678,38,90.429783203125,50,8.84000015258789,🚬菸屁股,HOLD,1
AVGO,2026-07-17,540.0,0.04,1104,38,75.39087109375001,15,369.3399963378906,🚬菸屁股,HOLD,1
NFLX,2028-06-16,210.0,1.62,3256,38,48.431912170410165,715,74.19000244140625,🔭LEAPS,HOLD,1
ASTS,2026-07-17,160.0,0.2,1067,37,124.80506347656248,15,86.0999984741211,🚬菸屁股,HOLD,1
IREN,2026-07-17,85.0,0.01,4011,37,141.01591992187502,15,43.31999969482422,🚬菸屁股,HOLD,1
ONDS,2027-01-15,17.0,0.75,9174,37,102.34423828125001,197,7.920000076293945,🚬菸屁股,HOLD,1
JOBY,2026-10-16,15.0,0.36,1519,37,87.40246972656249,106,8.84000015258789,🚬菸屁股,HOLD,1
NFLX,2027-01-15,125.0,0.76,5527,37,46.75346215820312,197,74.19000244140625,🚬菸屁股,HOLD,1
NFLX,2028-06-16,150.0,3.8,1490,37,48.71877453613281,715,74.19000244140625,🔭LEAPS,HOLD,1
NVDA,2028-01-21,180.0,56.54,12942,36,50.10731045532227,568,197.5800018310547,🔭LEAPS,HOLD,1
SMCI,2026-09-18,105.0,0.09,7790,36,123.047259765625,78,27.649999618530273,🚬菸屁股,HOLD,1
CMG,2026-12-18,66.0,0.11,1046,36,48.5356708984375,169,35.0,🚬菸屁股,HOLD,1
SMCI,2026-12-18,74.0,0.91,2402,35,98.63282617187501,169,27.649999618530273,🚬菸屁股,HOLD,1
JOBY,2027-01-15,25.0,0.28,3489,35,91.60164648437501,197,8.84000015258789,🚬菸屁股,HOLD,1
JOBY,2028-01-21,8.0,4.25,4974,35,92.23640576171876,568,8.84000015258789,🔭LEAPS,HOLD,1
CRWV,2026-07-17,160.0,0.05,5024,35,109.375453125,15,85.68499755859375,🚬菸屁股,HOLD,1
WMT,2027-01-15,155.0,0.89,3339,35,30.176479492187504,197,108.81999969482422,🚬菸屁股,HOLD,1
NFLX,2026-09-18,240.0,0.03,1520,35,89.062609375,78,74.19000244140625,🚬菸屁股,HOLD,1
IONQ,2026-09-18,120.0,0.95,1462,34,112.59809326171877,78,51.400001525878906,🚬菸屁股,HOLD,1
IREN,2026-09-18,110.0,0.75,3494,34,120.41055419921874,78,43.31999969482422,🚬菸屁股,HOLD,1
PATH,2026-08-21,20.0,0.07,4989,34,80.4689453125,50,11.550000190734863,🚬菸屁股,HOLD,1
CRWV,2026-08-21,170.0,0.62,900,34,99.9023447265625,50,85.68499755859375,🚬菸屁股,HOLD,1
T,2026-07-17,23.5,0.02,3317,34,42.57869921875,15,20.479999542236328,🚬菸屁股,HOLD,1
T,2026-07-17,27.0,0.01,24235,34,50.0005,15,20.479999542236328,🚬菸屁股,HOLD,1
CTSH,2026-07-17,47.5,0.2,4799,34,53.320779296874996,15,41.06999969482422,🚬菸屁股,HOLD,1
META,2026-07-17,810.0,0.36,922,34,53.320779296874996,15,612.9099731445312,🚬菸屁股,HOLD,1
WMT,2026-12-18,145.0,0.87,1778,34,30.78682495117187,169,108.81999969482422,🚬菸屁股,HOLD,1
WMT,2028-01-21,180.0,2.22,1085,34,35.028725891113275,568,108.81999969482422,🔭LEAPS,HOLD,1
NFLX,2026-07-17,130.0,0.02,3377,34,99.60937890625,15,74.19000244140625,🚬菸屁股,HOLD,1
NFLX,2026-08-21,104.0,0.26,942,34,52.05126074218749,50,74.19000244140625,🚬菸屁股,HOLD,1
NFLX,2026-12-18,160.0,0.22,11031,34,51.07470800781251,169,74.19000244140625,🚬菸屁股,HOLD,1
IBIT,2026-07-17,60.0,0.01,13192,33,101.5629921875,15,34.0,🚬菸屁股,HOLD,1
IBIT,2027-01-15,80.0,0.14,24695,33,56.055126953125,197,34.0,🚬菸屁股,HOLD,1
IBIT,2027-01-15,85.0,0.11,17851,33,57.910577148437504,197,34.0,🚬菸屁股,HOLD,1
SOFI,2028-06-16,23.0,6.12,6367,33,73.55983471679689,715,18.440000534057617,🔭LEAPS,HOLD,1
BSX,2026-09-18,60.0,0.4,10350,33,50.92822509765625,78,43.060001373291016,🚬菸屁股,HOLD,1
CMG,2026-12-18,69.0,0.72,2793,33,55.615678222656264,169,35.0,🚬菸屁股,HOLD,1
NOW,2026-08-21,190.0,0.5,786,33,85.00991552734375,50,105.80000305175781,🚬菸屁股,HOLD,1
CRM,2026-09-18,320.0,0.17,3484,33,59.96133789062501,78,163.22999572753906,🚬菸屁股,HOLD,1
NFLX,2026-08-21,94.0,0.67,886,33,48.41360180664063,50,74.19000244140625,🚬菸屁股,HOLD,1
NFLX,2026-08-21,97.0,0.55,1556,33,49.561051269531255,50,74.19000244140625,🚬菸屁股,HOLD,1
NFLX,2028-01-21,130.0,3.85,5992,33,47.852083984375,568,74.19000244140625,🔭LEAPS,HOLD,1
MSTR,2027-01-15,500.0,0.96,6124,32,107.05612878417972,197,93.38999938964844,🚬菸屁股,HOLD,1
IONQ,2026-07-17,75.0,0.23,3405,32,101.66064794921877,15,51.400001525878906,🚬菸屁股,HOLD,1
LUNR,2028-01-21,65.0,5.0,751,32,112.92768145751954,568,20.200000762939453,🔭LEAPS,HOLD,1
CRWV,2026-07-17,200.0,0.02,3550,32,135.15657421875,15,85.68499755859375,🚬菸屁股,HOLD,1
CRWV,2026-08-21,180.0,0.46,840,32,104.19969775390628,50,85.68499755859375,🚬菸屁股,HOLD,1
ACN,2026-09-18,210.0,0.4,935,32,52.88133056640626,78,131.1300048828125,🚬菸屁股,HOLD,1
T,2027-01-15,28.0,0.2,770,32,33.4967587890625,197,20.479999542236328,🚬菸屁股,HOLD,1
CHWY,2026-07-17,30.0,0.02,787,32,83.59391406249999,15,20.600000381469727,🚀點火(6.4x) 🚬菸屁股 ⚠️尾段價外(46%) ⚠️暴動高IV(84%),BUY_WATCH,1
SMCI,2026-09-18,70.0,0.28,4141,31,108.59420703125,78,27.649999618530273,🚬菸屁股,HOLD,1
VST,2026-07-17,210.0,0.08,2196,31,69.72686523437501,15,153.16000366210938,🚬菸屁股,HOLD,1
RKLB,2026-07-17,170.0,0.17,2986,31,110.74263378906251,15,100.06999969482422,🚬菸屁股,HOLD,1
RKLB,2026-07-17,175.0,0.22,2348,31,112.30512597656251,15,100.06999969482422,🚬菸屁股,HOLD,1
ASTS,2026-07-17,190.0,0.12,2518,31,145.703396484375,15,86.0999984741211,🚬菸屁股,HOLD,1
ACHR,2026-07-17,6.5,0.03,1974,31,85.937640625,15,4.920000076293945,🚬菸屁股,HOLD,1
ACHR,2026-10-16,11.0,0.1,3856,31,93.7500625,106,4.920000076293945,🚬菸屁股,HOLD,1
SMR,2028-01-21,13.0,4.65,2790,31,111.96333081054686,568,10.149999618530273,🔭LEAPS,HOLD,1
CRWV,2026-07-17,170.0,0.01,2843,31,120.3128984375,15,85.68499755859375,🚬菸屁股,HOLD,1
T,2026-12-18,26.0,0.25,1841,31,30.127651855468752,169,20.479999542236328,🚬菸屁股,HOLD,1
FISV,2028-01-21,80.0,4.74,2791,31,52.91795129394532,568,50.72999954223633,🔭LEAPS,HOLD,1
CRM,2028-01-21,350.0,7.55,807,31,50.10120700073243,568,163.22999572753906,🔭LEAPS,HOLD,1
SMCI,2026-07-17,39.0,0.14,6401,30,95.11723632812499,15,27.649999618530273,🚬菸屁股,HOLD,1
SOFI,2026-07-17,26.0,0.01,4186,30,71.87528125,15,18.440000534057617,🚬菸屁股,HOLD,1
SOFI,2026-12-18,35.0,0.5,3836,30,69.2385888671875,169,18.440000534057617,🚬菸屁股,HOLD,1
KTOS,2026-07-17,75.0,0.12,1226,30,84.37515624999999,15,53.040000915527344,🚀點火(3.8x) 🚬菸屁股 ⚠️尾段價外(41%) ⚠️暴動高IV(84%),BUY_WATCH,1
JOBY,2026-08-21,30.0,0.05,1492,30,128.125359375,50,8.84000015258789,🚬菸屁股,HOLD,1
T,2028-01-21,18.0,3.85,1946,30,28.10130493164062,568,20.479999542236328,🔭LEAPS,HOLD,1
CRM,2028-01-21,300.0,11.8,3025,30,50.3209313659668,568,163.22999572753906,🔭LEAPS,HOLD,1
NVDA,2026-09-18,290.0,0.77,7452,29,46.14311669921876,78,197.5800018310547,🚬菸屁股,HOLD,1
SOFI,2026-07-17,27.0,0.02,3104,29,81.2501875,15,18.440000534057617,🚀點火(7.2x) 🚬菸屁股 ⚠️尾段價外(46%) ⚠️暴動高IV(81%),BUY_WATCH,1
SOFI,2028-01-21,13.0,8.99,3564,29,76.58714819335938,568,18.440000534057617,🔭LEAPS,HOLD,1
DKNG,2026-07-17,35.0,0.01,4950,29,61.71913281250001,15,25.770000457763672,🚬菸屁股,HOLD,1
PATH,2026-07-17,16.0,0.03,997,29,81.2501875,15,11.550000190734863,🚀點火(14.5x) 🚬菸屁股 ⚠️尾段價外(39%) ⚠️暴動高IV(81%),BUY_WATCH,1
OPEN,2026-11-20,7.0,0.72,3452,29,105.078599609375,141,4.940000057220459,🚬菸屁股,HOLD,1
ADBE,2026-07-17,300.0,0.04,2052,29,58.5941640625,15,210.97999572753906,🚬菸屁股,HOLD,1
CRM,2026-08-21,230.0,0.39,4026,29,49.29249926757813,50,163.22999572753906,🚬菸屁股,HOLD,1
NFLX,2028-01-21,110.0,7.35,6954,29,46.91215197753906,568,74.19000244140625,🔭LEAPS,HOLD,1
SMCI,2027-01-15,90.0,0.81,26078,28,98.3398603515625,197,27.649999618530273,🚬菸屁股,HOLD,1
RKLB,2026-07-17,195.0,0.01,2396,28,123.82850585937497,15,100.06999969482422,🚬菸屁股,HOLD,1
UPST,2026-07-17,50.0,0.05,2425,28,74.2190078125,15,35.7400016784668,🚬菸屁股,HOLD,1
ACHR,2027-01-15,6.0,0.95,5437,28,90.62509374999999,197,4.920000076293945,🚬菸屁股,HOLD,1
SMR,2026-08-21,25.0,0.01,1197,28,127.73473632812498,50,10.149999618530273,🚬菸屁股,HOLD,1
KO,2026-08-21,90.0,0.24,2836,28,20.28888305664062,50,81.29000091552734,🚬菸屁股,HOLD,1
HPE,2026-07-17,55.0,0.19,4340,28,67.773759765625,15,43.95000076293945,🚬菸屁股,HOLD,1
NFLX,2026-08-21,96.0,0.48,1617,28,49.219257812500004,50,74.19000244140625,🚬菸屁股,HOLD,1
SMCI,2026-07-17,55.0,0.03,6216,27,132.81283593749998,15,27.649999618530273,🚬菸屁股,HOLD,1
OKLO,2026-10-16,150.0,0.86,765,27,111.81684716796876,106,52.45000076293945,🚬菸屁股,HOLD,1
PATH,2028-01-21,37.0,1.03,4449,27,77.6369423828125,568,11.550000190734863,🔭LEAPS,HOLD,1
ADBE,2027-01-15,500.0,0.9,2947,27,55.65229895019532,197,210.97999572753906,🚬菸屁股,HOLD,1
GOOGL,2026-07-17,470.0,0.03,868,27,49.60987890625,15,361.2099914550781,🚬菸屁股,HOLD,1
AMZN,2026-08-21,330.0,0.52,2303,27,43.97028686523438,50,241.6999969482422,🚬菸屁股,HOLD,1
COUR,2027-01-15,10.0,0.2,2540,27,73.34011035156249,197,5.980000019073486,🚬菸屁股,HOLD,1
IBIT,2026-07-17,55.0,0.02,7397,26,87.500125,15,34.0,🚬菸屁股,HOLD,1
SMCI,2026-07-17,44.0,0.06,2440,26,109.375453125,15,27.649999618530273,🚬菸屁股,HOLD,1
LUNR,2026-07-17,29.0,0.35,796,26,119.3363408203125,15,20.200000762939453,🚬菸屁股,HOLD,1
JOBY,2028-01-21,20.0,2.0,7921,26,91.50399121093751,568,8.84000015258789,🔭LEAPS,HOLD,1
NNE,2026-07-17,40.0,0.03,2933,26,129.6878515625,15,20.75,🚀點火(8.7x) 🚬菸屁股 ⚠️尾段價外(93%) ⚠️暴動高IV(130%),BUY_WATCH,1
T,2026-09-18,28.0,0.05,17253,26,41.01621484375,78,20.479999542236328,🚬菸屁股,HOLD,1
BSX,2028-01-21,65.0,4.6,1193,26,50.85498364257812,568,43.060001373291016,🔭LEAPS,HOLD,1
CMG,2028-01-21,50.0,3.3,1931,26,43.32332067871094,568,35.0,🔭LEAPS,HOLD,1
FISV,2028-01-21,110.0,2.53,2600,26,50.06153454589843,568,50.72999954223633,🔭LEAPS,HOLD,1
MU,2026-07-17,2420.0,0.02,1118,26,120.3128984375,15,1032.280029296875,🚀點火(8.7x) 🚬菸屁股 ⚠️尾段價外(134%) ⚠️暴動高IV(120%),BUY_WATCH,1
NOW,2028-01-21,280.0,7.3,1456,26,63.48303118896486,568,105.80000305175781,🔭LEAPS,HOLD,1
NFLX,2026-09-18,98.0,0.8,1387,26,46.7778759765625,78,74.19000244140625,🚬菸屁股,HOLD,1
NFLX,2026-09-18,105.0,0.48,6789,26,48.97511962890626,78,74.19000244140625,🚬菸屁股,HOLD,1
NFLX,2027-01-15,132.0,0.61,1259,26,46.3872548828125,197,74.19000244140625,🚬菸屁股,HOLD,1
IBIT,2026-07-17,38.5,0.1,9151,25,39.649041015625,15,34.0,🚬菸屁股,HOLD,1
RKLB,2026-07-17,155.0,0.4,751,25,108.10592822265626,15,100.06999969482422,🚬菸屁股,HOLD,1
SOFI,2026-07-17,28.0,0.02,4786,25,84.37515624999999,15,18.440000534057617,🚬菸屁股,HOLD,1
SOFI,2026-12-18,29.0,0.94,996,25,67.62727685546876,169,18.440000534057617,🚬菸屁股,HOLD,1
DKNG,2027-01-15,80.0,0.08,984,25,60.547269531250016,197,25.770000457763672,🚬菸屁股,HOLD,1
DKNG,2028-01-21,65.0,1.25,4587,25,55.51802294921876,568,25.770000457763672,🔭LEAPS,HOLD,1
PATH,2026-08-21,25.0,0.05,782,25,113.28168359375002,50,11.550000190734863,🚬菸屁股,HOLD,1
BSX,2027-01-15,70.0,0.8,3799,25,50.26905200195313,197,43.060001373291016,🚬菸屁股,HOLD,1
BMY,2026-09-18,65.0,0.59,5597,25,30.274134765625,78,56.439998626708984,🚬菸屁股,HOLD,1
BMY,2026-12-18,80.0,0.32,983,25,35.938140624999996,169,56.439998626708984,🚬菸屁股,HOLD,1
META,2026-07-17,1240.0,0.01,756,25,101.95361523437501,15,612.9099731445312,🚬菸屁股,HOLD,1
IBIT,2026-09-18,44.0,0.36,10268,24,42.774009765625,78,34.0,🚬菸屁股,HOLD,1
IBIT,2027-01-15,65.0,0.28,15437,24,50.537604003906246,197,34.0,🚬菸屁股,HOLD,1
OPEN,2026-11-20,12.0,0.29,7234,24,115.8207333984375,141,4.940000057220459,🚬菸屁股,HOLD,1
OPEN,2028-01-21,3.0,3.11,2704,24,143.75028125,568,4.940000057220459,🔭LEAPS,HOLD,1
PACB,2027-01-15,1.5,0.6,8915,24,55.469195312500005,197,1.7400000095367432,🚬菸屁股,HOLD,1
LUNR,2026-07-17,37.0,0.07,1269,24,140.625296875,15,20.200000762939453,🚬菸屁股,HOLD,1
JOBY,2028-01-21,15.0,2.45,7645,24,90.08798974609374,568,8.84000015258789,🔭LEAPS,HOLD,1
SMR,2027-01-15,30.0,0.65,5560,24,115.4301103515625,197,10.149999618530273,🚬菸屁股,HOLD,1
SMR,2027-01-15,50.0,0.28,4810,24,124.41444042968747,197,10.149999618530273,🚬菸屁股,HOLD,1
CRWV,2026-09-18,240.0,0.34,5473,24,105.12742749023438,78,85.68499755859375,🚬菸屁股,HOLD,1
BSX,2027-01-15,90.0,0.22,12699,24,56.592230957031255,197,43.060001373291016,🚬菸屁股,HOLD,1
BSX,2028-01-21,50.0,8.24,1516,24,50.89160437011719,568,43.060001373291016,🔭LEAPS,HOLD,1
AVGO,2026-07-17,550.0,0.02,3488,24,66.79720703125001,15,369.3399963378906,🚬菸屁股,HOLD,1
NVDA,2028-01-21,185.0,53.6,9220,23,49.69837899780274,568,197.5800018310547,🔭LEAPS,HOLD,1
IBIT,2026-09-18,54.0,0.1,5244,23,50.7817421875,78,34.0,🚬菸屁股,HOLD,1
SMCI,2026-07-17,47.0,0.05,4907,23,114.45355273437498,15,27.649999618530273,🚀點火(3.3x) 🚬菸屁股 ⚠️尾段價外(70%) ⚠️暴動高IV(114%),BUY_WATCH,1
ASTS,2026-07-17,165.0,0.17,968,23,144.3362158203125,15,86.0999984741211,🚬菸屁股,HOLD,1
SOFI,2026-07-17,29.0,0.01,872,23,90.62509374999999,15,18.440000534057617,🚬菸屁股,HOLD,1
ONDS,2028-01-21,25.0,1.6,7398,23,108.30123974609376,568,7.920000076293945,🔭LEAPS,HOLD,1
ABT,2026-08-21,110.0,0.37,800,23,34.8639326171875,50,92.18000030517578,🚬菸屁股,HOLD,1
BMY,2026-09-18,62.5,0.95,5261,23,28.589581298828122,78,56.439998626708984,🚬菸屁股,HOLD,1
CRM,2028-01-21,390.0,6.0,3258,23,50.574224731445305,568,163.22999572753906,🔭LEAPS,HOLD,1
IBIT,2026-07-17,42.0,0.06,25935,22,50.39112109375,15,34.0,🚬菸屁股,HOLD,1
SMCI,2026-07-17,41.0,0.07,1257,22,100.58643457031249,15,27.649999618530273,🚬菸屁股,HOLD,1
DKNG,2026-07-17,40.0,0.01,5254,22,96.0937890625,15,25.770000457763672,🚀點火(3.1x) 🚬菸屁股 ⚠️尾段價外(55%) ⚠️暴動高IV(96%),BUY_WATCH,1
PATH,2027-01-15,27.0,0.45,4935,22,84.47281152343749,197,11.550000190734863,🚬菸屁股,HOLD,1
SMR,2026-08-21,17.0,0.32,1349,22,112.109814453125,50,10.149999618530273,🚬菸屁股,HOLD,1
ADBE,2026-07-17,320.0,0.02,989,22,92.43171630859376,15,210.97999572753906,🚬菸屁股,HOLD,1
GOOGL,2026-09-18,600.0,0.16,8299,22,47.53470434570312,78,361.2099914550781,🚬菸屁股,HOLD,1
CMG,2026-12-18,54.0,0.35,2469,22,51.8559501953125,169,35.0,🚬菸屁股,HOLD,1
MU,2026-07-17,1900.0,0.55,929,22,113.3305114746094,15,1032.280029296875,🚬菸屁股,HOLD,1
WMT,2026-09-18,160.0,0.09,1137,22,48.68215380859375,78,108.81999969482422,🚬菸屁股,HOLD,1
WMT,2026-11-20,145.0,0.65,1856,22,30.054410400390623,141,108.81999969482422,🚬菸屁股,HOLD,1
NOW,2026-08-21,210.0,0.33,1707,22,90.67392138671875,50,105.80000305175781,🚬菸屁股,HOLD,1
NOW,2026-12-18,344.0,0.4,817,22,78.6134951171875,169,105.80000305175781,🚬菸屁股,HOLD,1
NFLX,2028-01-21,245.0,0.74,13122,22,50.098155273437506,568,74.19000244140625,🔭LEAPS,HOLD,1
DKNG,2026-09-18,35.0,0.52,5284,21,56.201609863281256,78,25.770000457763672,🚬菸屁股,HOLD,1
IREN,2026-08-21,85.0,0.67,3178,21,117.09025830078126,50,43.31999969482422,🚬菸屁股,HOLD,1
NNE,2026-07-17,30.0,0.12,3304,21,105.46922265625001,15,20.75,🚬菸屁股,HOLD,1
CRWV,2026-07-17,180.0,0.03,2260,21,122.65663671875001,15,85.68499755859375,🚬菸屁股,HOLD,1
CRWV,2026-09-18,190.0,0.98,3375,21,96.87503124999999,78,85.68499755859375,🚬菸屁股,HOLD,1
ADBE,2027-01-15,800.0,0.22,1272,21,66.8948623046875,197,210.97999572753906,🚬菸屁股,HOLD,1
GILD,2026-07-17,135.0,0.35,1628,21,28.125718749999994,15,125.97000122070312,🚬菸屁股,HOLD,1
CRM,2026-09-18,260.0,0.6,1658,21,55.10298803710938,78,163.22999572753906,🚬菸屁股,HOLD,1
NFLX,2027-01-15,195.0,0.18,2480,21,67.52962158203127,197,74.19000244140625,🚬菸屁股,HOLD,1
CHWY,2026-12-18,30.0,0.95,3718,21,60.937890625000016,169,20.600000381469727,🚬菸屁股,HOLD,1
COUR,2027-01-15,12.0,0.25,1091,21,76.95335546875,197,5.980000019073486,🚬菸屁股,HOLD,1
NVDA,2028-01-21,190.0,51.8,8426,20,49.48475808715821,568,197.5800018310547,🔭LEAPS,HOLD,1
NVDA,2028-01-21,210.0,43.15,9560,20,48.42733457946778,568,197.5800018310547,🔭LEAPS,HOLD,1
IBIT,2026-09-18,51.0,0.1,8311,20,48.5356708984375,78,34.0,🚬菸屁股,HOLD,1
DKNG,2026-12-18,80.0,0.11,871,20,86.62122753906249,169,25.770000457763672,🚬菸屁股,HOLD,1
ROKU,2026-07-17,148.0,0.47,1934,20,34.0826904296875,15,140.50999450683594,🚬菸屁股,HOLD,1
ZM,2026-07-17,140.0,0.05,765,20,114.16058544921874,15,90.12999725341797,🚬菸屁股,HOLD,1
LUNR,2028-01-21,25.0,10.0,4167,20,118.14005773925783,568,20.200000762939453,🔭LEAPS,HOLD,1
ACN,2027-01-15,350.0,0.2,871,20,59.32657861328126,197,131.1300048828125,🚬菸屁股,HOLD,1
GOOGL,2028-01-21,690.0,11.01,2936,20,42.903708175659176,568,361.2099914550781,🔭LEAPS,HOLD,1
T,2026-12-18,35.0,0.04,1506,20,38.086556640625,169,20.479999542236328,🚬菸屁股,HOLD,1
BSX,2026-08-21,90.0,0.1,1472,20,81.2501875,50,43.060001373291016,🚬菸屁股,HOLD,1
AVGO,2026-07-17,470.0,0.22,2370,20,53.076641113281255,15,369.3399963378906,🚬菸屁股,HOLD,1
CMG,2027-01-15,62.5,0.12,845,20,47.70560107421875,197,35.0,🚬菸屁股,HOLD,1
CTSH,2026-09-18,65.0,0.3,790,20,64.25816992187501,78,41.06999969482422,🚬菸屁股,HOLD,1
HPE,2026-09-18,75.0,0.55,1716,20,76.31859619140626,78,43.95000076293945,🚬菸屁股,HOLD,1
HPE,2028-01-21,90.0,5.75,2223,20,66.94368994140626,568,43.95000076293945,🔭LEAPS,HOLD,1
WMT,2026-08-21,155.0,0.04,1402,20,48.48684326171875,50,108.81999969482422,🚬菸屁股,HOLD,1
WMT,2027-01-15,160.0,0.49,1112,20,32.86199951171874,197,108.81999969482422,🚬菸屁股,HOLD,1
NFLX,2026-07-17,125.0,0.02,4663,20,89.84385156249999,15,74.19000244140625,🚬菸屁股,HOLD,1
NFLX,2026-08-21,103.0,0.3,1630,20,51.562984375,50,74.19000244140625,🚬菸屁股,HOLD,1
NFLX,2026-12-18,126.0,0.55,1703,20,46.82670361328125,169,74.19000244140625,🚬菸屁股,HOLD,1
NFLX,2026-12-18,166.0,0.21,2217,20,60.058993164062514,169,74.19000244140625,🚬菸屁股,HOLD,1
COUR,2027-01-15,15.0,0.13,3236,20,89.45323046875,197,5.980000019073486,🚬菸屁股,HOLD,1
IBIT,2028-01-21,80.0,1.4,6185,19,51.84374328613281,568,34.0,🔭LEAPS,HOLD,1
SMCI,2028-01-21,60.0,6.68,6223,19,94.67778759765625,568,27.649999618530273,🔭LEAPS,HOLD,1
OKLO,2026-08-21,95.0,0.87,1617,19,104.39500927734377,50,52.45000076293945,🚬菸屁股,HOLD,1
ADBE,2026-08-21,485.0,0.42,760,19,111.47505200195313,50,210.97999572753906,🚬菸屁股,HOLD,1
AVGO,2026-07-17,490.0,0.1,2668,19,55.66450585937501,15,369.3399963378906,🚬菸屁股,HOLD,1
CPRT,2026-12-18,40.0,0.25,1139,19,35.938140624999996,169,28.790000915527344,🚬菸屁股,HOLD,1
CRM,2026-07-17,250.0,0.03,3575,19,73.437765625,15,163.22999572753906,🚬菸屁股,HOLD,1
SMCI,2026-07-17,60.0,0.01,18136,18,143.75028125,15,27.649999618530273,🚬菸屁股,HOLD,1
SMCI,2028-01-21,40.0,9.5,3556,18,95.83744396972655,568,27.649999618530273,🔭LEAPS,HOLD,1
OKLO,2026-08-21,100.0,0.68,1595,18,107.22702636718753,50,52.45000076293945,🚬菸屁股,HOLD,1
SOFI,2026-10-16,27.0,0.61,3365,18,65.77182666015625,106,18.440000534057617,🚬菸屁股,HOLD,1
SOFI,2026-11-20,29.0,0.76,951,18,68.16438085937502,141,18.440000534057617,🚬菸屁股,HOLD,1
OPEN,2026-08-21,11.0,0.03,1639,18,109.375453125,50,4.940000057220459,🚬菸屁股,HOLD,1
CRWV,2026-08-21,175.0,0.55,1672,18,104.44383715820314,50,85.68499755859375,🚬菸屁股,HOLD,1
T,2026-10-16,29.0,0.07,1096,18,41.79745703125,106,20.479999542236328,🚬菸屁股,HOLD,1
CMG,2026-12-18,80.0,0.04,1009,18,52.539537109375004,169,35.0,🚬菸屁股,HOLD,1
CMG,2027-01-15,95.0,0.03,7455,18,52.539537109375004,197,35.0,🚬菸屁股,HOLD,1
MU,2026-07-17,2190.0,0.21,833,18,115.234798828125,15,1032.280029296875,🚬菸屁股,HOLD,1
WMT,2026-07-17,127.0,0.06,1004,18,38.477177734375,15,108.81999969482422,🚬菸屁股,HOLD,1
NOW,2026-08-21,180.0,0.65,1732,18,80.51777294921875,50,105.80000305175781,🚬菸屁股,HOLD,1
NFLX,2026-12-18,150.0,0.26,4971,18,50.97705273437501,169,74.19000244140625,🚬菸屁股,HOLD,1
CHWY,2026-07-17,27.5,0.01,3440,18,63.281617187500004,15,20.600000381469727,🚬菸屁股,HOLD,1
SOFI,2026-12-18,37.0,0.4,1548,17,70.0198310546875,169,18.440000534057617,🚬菸屁股,HOLD,1
OPEN,2026-07-17,10.0,0.01,7280,17,131.25034374999998,15,4.940000057220459,🚬菸屁股,HOLD,1
ONDS,2028-01-21,2.0,6.48,1241,17,129.10191699218748,568,7.920000076293945,🔭LEAPS,HOLD,1
LUNR,2026-09-18,55.0,0.3,1934,17,121.48476757812499,78,20.200000762939453,🚬菸屁股,HOLD,1
SMR,2026-11-20,20.0,0.88,3253,17,113.37933935546877,141,10.149999618530273,🚬菸屁股,HOLD,1
SMR,2028-01-21,20.0,3.63,3938,17,113.47699511718751,568,10.149999618530273,🔭LEAPS,HOLD,1
AMZN,2026-07-17,330.0,0.03,3716,17,52.734847656250004,15,241.6999969482422,🚬菸屁股,HOLD,1
BSX,2028-01-21,60.0,5.7,1890,17,49.82960327148438,568,43.060001373291016,🔭LEAPS,HOLD,1
BMY,2026-09-18,75.0,0.09,1648,17,37.402969726562496,78,56.439998626708984,🚬菸屁股,HOLD,1
FIS,2026-07-17,42.5,0.64,786,17,40.28380029296875,15,40.79999923706055,🚬菸屁股,HOLD,1
FISV,2027-01-15,135.0,0.15,1963,17,61.328511718750015,197,50.72999954223633,🚬菸屁股,HOLD,1
HPE,2026-07-17,65.0,0.03,6545,17,79.29708203125,15,43.95000076293945,🚬菸屁股,HOLD,1
WMT,2026-09-18,155.0,0.09,2059,17,45.6060126953125,78,108.81999969482422,🚬菸屁股,HOLD,1
NFLX,2026-08-21,115.0,0.17,3261,17,57.42230078125,50,74.19000244140625,🚬菸屁股,HOLD,1
NFLX,2027-01-15,135.0,0.48,4491,17,47.43704907226562,197,74.19000244140625,🚬菸屁股,HOLD,1
NFLX,2028-06-16,120.0,6.6,1693,17,47.43094561767578,715,74.19000244140625,🔭LEAPS,HOLD,1
SMCI,2026-08-21,47.0,0.64,828,16,106.34812451171878,50,27.649999618530273,🚬菸屁股,HOLD,1
KTOS,2026-07-17,80.0,0.08,2649,16,84.37515624999999,15,53.040000915527344,🚬菸屁股,HOLD,1
SMR,2028-01-21,3.0,8.25,1349,16,131.64096679687498,568,10.149999618530273,🔭LEAPS,HOLD,1
SMR,2028-01-21,8.0,5.94,1621,16,113.76996240234377,568,10.149999618530273,🔭LEAPS,HOLD,1
AMZN,2026-07-17,310.0,0.03,5997,16,45.703667968750004,15,241.6999969482422,🚬菸屁股,HOLD,1
T,2026-07-17,25.0,0.01,15033,16,46.87553125,15,20.479999542236328,🚬菸屁股,HOLD,1
T,2026-09-18,26.0,0.1,7023,16,36.817038085937504,78,20.479999542236328,🚬菸屁股,HOLD,1
T,2028-01-21,15.0,5.88,789,16,29.63937548828125,568,20.479999542236328,🔭LEAPS,HOLD,1
FISV,2028-01-21,135.0,1.3,839,16,51.42870837402342,568,50.72999954223633,🔭LEAPS,HOLD,1
META,2026-07-17,950.0,0.1,1124,16,71.28934960937501,15,612.9099731445312,🚬菸屁股,HOLD,1
WMT,2027-01-15,165.0,0.41,1115,16,31.934274414062493,197,108.81999969482422,🚬菸屁股,HOLD,1
NOW,2026-07-17,170.0,0.08,1711,16,94.14068359375,15,105.80000305175781,🚬菸屁股,HOLD,1
NOW,2026-08-21,220.0,0.32,946,16,94.6289599609375,50,105.80000305175781,🚬菸屁股,HOLD,1
NFLX,2026-08-21,120.0,0.13,7655,16,60.35195898437502,50,74.19000244140625,🚬菸屁股,HOLD,1
NFLX,2027-01-15,128.0,0.56,9237,16,47.461462890625,197,74.19000244140625,🚬菸屁股,HOLD,1
NFLX,2028-01-21,180.0,1.75,3000,16,50.70850073242188,568,74.19000244140625,🔭LEAPS,HOLD,1
NVDA,2028-01-21,290.0,21.15,5039,15,46.81602256774902,568,197.5800018310547,🔭LEAPS,HOLD,1
IBIT,2027-01-15,47.0,0.9,8200,15,45.26421923828126,197,34.0,🚬菸屁股,HOLD,1
IBIT,2027-01-15,84.0,0.2,5199,15,57.32464550781251,197,34.0,🚬菸屁股,HOLD,1
OKLO,2026-07-17,105.0,0.08,2519,15,148.047134765625,15,52.45000076293945,🚬菸屁股,HOLD,1
DKNG,2026-12-18,65.0,0.07,1814,15,75.195560546875,169,25.770000457763672,🚬菸屁股,HOLD,1
U,2028-01-21,30.0,11.55,3294,15,79.29708203125,568,30.190000534057617,🔭LEAPS,HOLD,1
U,2028-01-21,40.0,7.6,1278,15,76.85570019531252,568,30.190000534057617,🔭LEAPS,HOLD,1
JOBY,2026-07-17,16.0,0.01,3186,15,118.75040625,15,8.84000015258789,🚀點火(15.0x) 🚬菸屁股 ⚠️尾段價外(81%) ⚠️暴動高IV(119%),BUY_WATCH,1
ACN,2028-01-21,220.0,10.9,1014,15,48.95680926513673,568,131.1300048828125,🔭LEAPS,HOLD,1
AMZN,2026-08-21,380.0,0.06,9787,15,46.87553125,50,241.6999969482422,🚬菸屁股,HOLD,1
CMG,2026-12-18,70.0,0.07,2138,15,48.633326171875005,169,35.0,🚬菸屁股,HOLD,1
CMG,2028-01-21,40.0,6.0,2833,15,45.38628833007812,568,35.0,🔭LEAPS,HOLD,1
KO,2027-01-15,100.0,0.43,2429,15,19.4343994140625,197,81.29000091552734,🚬菸屁股,HOLD,1
GILD,2026-09-18,150.0,0.85,3661,15,31.238480590820306,78,125.97000122070312,🚬菸屁股,HOLD,1
COUR,2026-08-21,7.0,0.32,2469,15,71.48466015625,50,5.980000019073486,🚬菸屁股,HOLD,1
TSLA,2026-09-18,940.0,0.57,10362,14,70.41045214843751,78,425.29998779296875,🚬菸屁股,HOLD,1
TSLA,2028-01-21,940.0,28.6,5144,14,56.094799407958995,568,425.29998779296875,🔭LEAPS,HOLD,1
SMCI,2026-12-18,120.0,0.35,10942,14,109.57076464843752,169,27.649999618530273,🚬菸屁股,HOLD,1
SOFI,2026-07-17,31.0,0.01,914,14,87.500125,15,18.440000534057617,🚬菸屁股,HOLD,1
DKNG,2026-12-18,45.0,0.47,793,14,57.42230078125,169,25.770000457763672,🚬菸屁股,HOLD,1
ZM,2026-08-21,120.0,0.65,1071,14,54.394987304687504,50,90.12999725341797,🚬菸屁股,HOLD,1
ONDS,2026-09-18,17.0,0.19,7120,14,115.625421875,78,7.920000076293945,🚬菸屁股,HOLD,1
AMZN,2026-07-17,320.0,0.02,10737,14,48.04739453125,15,241.6999969482422,🚬菸屁股,HOLD,1
T,2026-09-18,40.0,0.02,1195,14,57.0316796875,78,20.479999542236328,🚬菸屁股,HOLD,1
T,2026-12-18,28.0,0.16,823,14,32.031929687499996,169,20.479999542236328,🚬菸屁股,HOLD,1
T,2027-01-15,32.0,0.08,10858,14,34.180345703125,197,20.479999542236328,🚬菸屁股,HOLD,1
T,2028-01-21,32.0,0.45,4148,14,28.955788574218744,568,20.479999542236328,🔭LEAPS,HOLD,1
BMY,2028-01-21,60.0,6.9,927,14,32.33710241699218,568,56.439998626708984,🔭LEAPS,HOLD,1
FISV,2028-01-21,65.0,9.0,3070,14,50.11646563720704,568,50.72999954223633,🔭LEAPS,HOLD,1
META,2026-08-21,1480.0,0.07,788,14,77.44163183593751,50,612.9099731445312,🚬菸屁股,HOLD,1
CRM,2026-08-21,270.0,0.2,1185,14,58.10588769531251,50,163.22999572753906,🚬菸屁股,HOLD,1
NFLX,2026-08-21,186.0,0.04,1164,14,89.84385156249999,50,74.19000244140625,🚬菸屁股,HOLD,1
NDAQ,2026-09-18,100.0,0.36,1699,14,37.62269409179687,78,82.7300033569336,🚬菸屁股,HOLD,1
IBIT,2026-09-18,47.0,0.22,8247,13,44.727115234375,78,34.0,🚬菸屁股,HOLD,1
SMCI,2026-12-18,100.0,0.5,7076,13,105.2739111328125,169,27.649999618530273,🚬菸屁股,HOLD,1
RKLB,2026-07-17,165.0,0.16,1403,13,106.64109179687502,15,100.06999969482422,🚬菸屁股,HOLD,1
DKNG,2027-01-15,57.5,0.14,924,13,61.03554589843752,197,25.770000457763672,🚬菸屁股,HOLD,1
JOBY,2026-07-17,14.0,0.02,4414,13,104.68797656250001,15,8.84000015258789,🚬菸屁股,HOLD,1
JOBY,2028-01-21,5.0,5.5,2572,13,94.33599414062499,568,8.84000015258789,🔭LEAPS,HOLD,1
ACHR,2028-01-21,12.0,1.08,3912,13,95.21489160156248,568,4.920000076293945,🔭LEAPS,HOLD,1
AVGO,2026-08-21,730.0,0.11,1452,13,66.69955175781253,50,369.3399963378906,🚬菸屁股,HOLD,1
CMG,2027-01-15,75.0,0.05,5105,13,52.4418818359375,197,35.0,🚬菸屁股,HOLD,1
NFLX,2026-08-21,108.0,0.23,1215,13,53.906710937500016,50,74.19000244140625,🚬菸屁股,HOLD,1
NFLX,2027-01-15,160.0,0.28,5205,13,51.562984375,197,74.19000244140625,🚬菸屁股,HOLD,1
NFLX,2028-01-21,134.0,3.85,998,13,48.91408508300782,568,74.19000244140625,🔭LEAPS,HOLD,1
CHWY,2028-01-21,20.0,7.0,782,13,62.25623681640625,568,20.600000381469727,🔭LEAPS,HOLD,1
TSLA,2028-01-21,800.0,38.13,7424,12,55.353992607116695,568,425.29998779296875,🔭LEAPS,HOLD,1
NVDA,2028-01-21,270.0,24.35,8256,12,46.973186523437505,568,197.5800018310547,🔭LEAPS,HOLD,1
IBIT,2026-09-18,42.0,0.55,11927,12,42.139250488281256,78,34.0,🚬菸屁股,HOLD,1
IBIT,2026-10-16,47.0,0.39,6260,12,44.092355957031245,106,34.0,🚬菸屁股,HOLD,1
IBIT,2027-01-15,52.0,0.57,5047,12,46.0942890625,197,34.0,🚬菸屁股,HOLD,1
SMCI,2026-08-21,70.0,0.12,1348,12,121.875390625,50,27.649999618530273,🚬菸屁股,HOLD,1
SMCI,2028-01-21,50.0,7.74,4268,12,94.25054577636718,568,27.649999618530273,🔭LEAPS,HOLD,1
ASTS,2026-07-17,175.0,0.14,2055,12,132.81283593749998,15,86.0999984741211,🚬菸屁股,HOLD,1
SOFI,2026-08-21,29.0,0.12,1491,12,72.07059179687501,50,18.440000534057617,🚬菸屁股,HOLD,1
TDOC,2027-01-15,20.0,0.32,20147,12,78.51583984375,197,9.100000381469727,🚬菸屁股,HOLD,1
ONDS,2027-01-15,22.0,0.47,2470,12,103.90673046875003,197,7.920000076293945,🚬菸屁股,HOLD,1
JOBY,2026-10-16,20.0,0.15,866,12,92.57819921875,106,8.84000015258789,🚬菸屁股,HOLD,1
JOBY,2028-01-21,12.0,3.05,5380,12,94.38482177734375,568,8.84000015258789,🔭LEAPS,HOLD,1
CRWV,2026-07-17,155.0,0.05,3278,12,113.28168359375002,15,85.68499755859375,🚬菸屁股,HOLD,1
T,2026-09-18,29.0,0.04,6473,12,39.258419921874996,78,20.479999542236328,🚬菸屁股,HOLD,1
T,2026-09-18,31.0,0.03,4539,12,62.305064453125006,78,20.479999542236328,🚬菸屁股,HOLD,1
CPRT,2028-01-21,30.0,5.5,848,12,43.420975952148446,568,28.790000915527344,🔭LEAPS,HOLD,1
META,2026-07-17,1060.0,0.07,1197,12,102.58837768554687,15,612.9099731445312,🚬菸屁股,HOLD,1
NOW,2026-08-21,175.0,0.75,1080,12,77.24632128906251,50,105.80000305175781,🚬菸屁股,HOLD,1
NFLX,2026-09-18,109.0,0.31,1184,12,52.393054199218746,78,74.19000244140625,🚬菸屁股,HOLD,1
NFLX,2028-01-21,115.0,6.09,1040,12,45.97832342529296,568,74.19000244140625,🔭LEAPS,HOLD,1
CHWY,2026-09-18,40.0,0.03,1301,12,77.929908203125,78,20.600000381469727,🚬菸屁股,HOLD,1
TSLA,2026-08-21,750.0,0.6,5067,11,66.50424121093752,50,425.29998779296875,🚬菸屁股,HOLD,1
IBIT,2026-07-17,48.0,0.01,9928,11,68.7503125,15,34.0,🚬菸屁股,HOLD,1
IBIT,2026-12-18,70.0,0.17,5099,11,53.906710937500016,169,34.0,🚬菸屁股,HOLD,1
SMCI,2026-12-18,80.0,0.8,2983,11,98.97461962890624,169,27.649999618530273,🚬菸屁股,HOLD,1
SMCI,2027-01-15,105.0,0.61,11809,11,102.34423828125001,197,27.649999618530273,🚬菸屁股,HOLD,1
VST,2026-07-17,200.0,0.16,4125,11,62.59803027343751,15,153.16000366210938,🚬菸屁股,HOLD,1
IONQ,2026-07-17,90.0,0.07,2610,11,111.71919140624999,15,51.400001525878906,🚬菸屁股,HOLD,1
IONQ,2026-08-21,140.0,0.2,4629,11,123.63319433593749,50,51.400001525878906,🚬菸屁股,HOLD,1
SOFI,2026-07-17,40.0,0.01,2519,11,134.37532812499998,15,18.440000534057617,🚀點火(5.5x) 🚬菸屁股 ⚠️尾段價外(117%) ⚠️暴動高IV(134%),BUY_WATCH,1
NBIS,2026-07-17,380.0,0.93,1351,11,127.90563391113281,15,229.17999267578125,🚬菸屁股,HOLD,1
OPEN,2026-07-17,9.0,0.01,2425,11,128.125359375,15,4.940000057220459,🚬菸屁股,HOLD,1
OPEN,2026-09-18,15.0,0.05,7247,11,128.90660546875,78,4.940000057220459,🚬菸屁股,HOLD,1
OPEN,2027-01-15,12.0,0.34,4628,11,110.64497802734377,197,4.940000057220459,🚬菸屁股,HOLD,1
ONDS,2026-12-18,17.0,0.58,1547,11,104.39500927734377,169,7.920000076293945,🚬菸屁股,HOLD,1
LUNR,2026-07-17,26.0,0.38,1181,11,108.203583984375,15,20.200000762939453,🚬菸屁股,HOLD,1
LUNR,2026-07-17,35.0,0.07,1312,11,123.43788281249999,15,20.200000762939453,🚬菸屁股,HOLD,1
JOBY,2027-01-15,20.0,0.5,12701,11,91.992267578125,197,8.84000015258789,🚬菸屁股,HOLD,1
JOBY,2027-01-15,32.0,0.19,1042,11,96.87503124999999,197,8.84000015258789,🚬菸屁股,HOLD,1
SMR,2026-08-21,23.0,0.11,1106,11,128.125359375,50,10.149999618530273,🚬菸屁股,HOLD,1
SMR,2026-08-21,30.0,0.06,2237,11,139.84405078125,50,10.149999618530273,🚬菸屁股,HOLD,1
GOOGL,2026-08-21,600.0,0.06,10972,11,48.438015625000006,50,361.2099914550781,🚬菸屁股,HOLD,1
GOOGL,2026-09-18,565.0,0.7,3003,11,44.36090795898438,78,361.2099914550781,🚬菸屁股,HOLD,1
T,2026-10-16,25.0,0.19,2995,11,30.567100585937503,106,20.479999542236328,🚬菸屁股,HOLD,1
BSX,2026-07-17,55.0,0.04,3260,11,60.547269531250016,15,43.060001373291016,🚬菸屁股,HOLD,1
BSX,2026-12-18,65.0,0.85,1590,11,48.5356708984375,169,43.060001373291016,🚬菸屁股,HOLD,1
MU,2026-07-17,1960.0,0.3,1671,11,113.76996240234377,15,1032.280029296875,🚬菸屁股,HOLD,1
CRM,2026-08-21,300.0,0.05,1587,11,61.52382226562501,50,163.22999572753906,🚬菸屁股,HOLD,1
NFLX,2026-09-18,118.0,0.22,2034,11,51.95360546875,78,74.19000244140625,🚬菸屁股,HOLD,1
NFLX,2028-01-21,210.0,0.98,1686,11,49.1216025390625,568,74.19000244140625,🔭LEAPS,HOLD,1
NFLX,2028-06-16,110.0,9.09,795,11,47.90701507568359,715,74.19000244140625,🔭LEAPS,HOLD,1
CHWY,2026-09-18,30.0,0.27,1874,11,59.6683720703125,78,20.600000381469727,🚬菸屁股,HOLD,1
COUR,2027-01-15,7.0,0.81,5212,11,71.48466015625,197,5.980000019073486,🚬菸屁股,HOLD,1
NVDA,2028-01-21,175.0,57.84,8061,10,50.0005,568,197.5800018310547,🔭LEAPS,HOLD,1
NVDA,2028-01-21,410.0,8.3,20705,10,47.256997161865236,568,197.5800018310547,🔭LEAPS,HOLD,1
IBIT,2026-08-21,52.0,0.06,8529,10,55.66450585937501,50,34.0,🚬菸屁股,HOLD,1
IBIT,2026-08-21,100.0,0.01,6631,10,103.90673046875003,50,34.0,🚬菸屁股,HOLD,1
IBIT,2027-01-15,68.0,0.24,8200,10,50.97705273437501,197,34.0,🚬菸屁股,HOLD,1
IBIT,2028-06-16,45.0,7.05,5131,10,55.59126440429689,715,34.0,🔭LEAPS,HOLD,1
SMCI,2028-01-21,90.0,4.23,3224,10,96.24027197265625,568,27.649999618530273,🔭LEAPS,HOLD,1
SMCI,2028-01-21,100.0,3.85,1699,10,94.14068359375,568,27.649999618530273,🔭LEAPS,HOLD,1
VST,2026-09-18,250.0,0.75,7136,10,60.937890625000016,78,153.16000366210938,🚬菸屁股,HOLD,1
IONQ,2026-08-21,100.0,0.7,5898,10,110.79146166992189,50,51.400001525878906,🚬菸屁股,HOLD,1
PATH,2026-08-21,23.0,0.03,819,10,87.500125,50,11.550000190734863,🚬菸屁股,HOLD,1
PATH,2027-01-15,35.0,0.15,1868,10,82.0314296875,197,11.550000190734863,🚬菸屁股,HOLD,1
NTLA,2028-01-21,12.5,10.0,907,10,99.53613745117188,568,17.239999771118164,🔭LEAPS,HOLD,1
PACB,2027-01-15,2.0,0.38,5524,10,86.7188828125,197,1.7400000095367432,🚬菸屁股,HOLD,1
KTOS,2026-08-21,100.0,0.4,1338,10,95.01958105468748,50,53.040000915527344,🚬菸屁股,HOLD,1
KTOS,2028-01-21,160.0,4.03,857,10,78.50973638916017,568,53.040000915527344,🔭LEAPS,HOLD,1
JOBY,2026-11-20,13.0,0.8,1344,10,87.0118486328125,141,8.84000015258789,🚬菸屁股,HOLD,1
JOBY,2028-01-21,3.0,6.9,1288,10,142.09013330078128,568,8.84000015258789,🔭LEAPS,HOLD,1
ACHR,2028-01-21,25.0,0.45,1432,10,98.63282617187501,568,4.920000076293945,🔭LEAPS,HOLD,1
SMR,2027-01-15,37.0,0.48,955,10,116.60197949218751,197,10.149999618530273,🚬菸屁股,HOLD,1
ADBE,2026-07-17,355.0,0.09,1226,10,81.2501875,15,210.97999572753906,🚬菸屁股,HOLD,1
ADBE,2026-08-21,405.0,0.2,860,10,83.15446533203124,50,210.97999572753906,🚬菸屁股,HOLD,1
GOOGL,2027-01-15,800.0,0.28,1763,10,44.87359814453124,197,361.2099914550781,🚬菸屁股,HOLD,1
T,2026-09-18,30.0,0.02,4696,10,45.898978515625004,78,20.479999542236328,🚬菸屁股,HOLD,1
T,2026-10-16,30.0,0.04,875,10,50.7817421875,106,20.479999542236328,🚬菸屁股,HOLD,1
T,2026-12-18,40.0,0.02,1325,10,44.14118359375,169,20.479999542236328,🚬菸屁股,HOLD,1
BSX,2026-07-17,65.0,0.03,3270,10,79.687703125,15,43.060001373291016,🚬菸屁股,HOLD,1
BSX,2026-08-21,60.0,0.2,4598,10,52.734847656250004,50,43.060001373291016,🚬菸屁股,HOLD,1
BSX,2027-01-15,77.5,0.45,2319,10,52.51512329101562,197,43.060001373291016,🚬菸屁股,HOLD,1
BSX,2027-01-15,80.0,0.45,2047,10,52.00243310546875,197,43.060001373291016,🚬菸屁股,HOLD,1
BMY,2026-07-17,65.0,0.05,2744,10,39.063109374999996,15,56.439998626708984,🚬菸屁股,HOLD,1
AVGO,2026-07-17,560.0,0.04,978,10,76.46507910156251,15,369.3399963378906,🚬菸屁股,HOLD,1
AVGO,2026-08-21,650.0,0.14,1174,10,57.617611328124994,50,369.3399963378906,🚬菸屁股,HOLD,1
AVGO,2026-09-18,670.0,0.71,756,10,56.958438232421884,78,369.3399963378906,🚬菸屁股,HOLD,1
CTSH,2026-10-16,55.0,0.9,1259,10,53.71140039062501,106,41.06999969482422,🚬菸屁股,HOLD,1
CPRT,2027-01-15,50.0,0.1,2953,10,43.066975585937506,197,28.790000915527344,🚬菸屁股,HOLD,1
D,2028-01-21,65.0,10.5,1530,10,30.51827294921875,568,67.79000091552734,🔭LEAPS,HOLD,1
FIS,2026-09-18,95.0,0.11,5219,10,77.53928710937501,78,40.79999923706055,🚬菸屁股,HOLD,1
META,2026-07-17,1360.0,0.01,1464,10,104.68797656250001,15,612.9099731445312,🚬菸屁股,HOLD,1
WMT,2027-01-15,175.0,0.23,826,10,32.227240234374996,197,108.81999969482422,🚬菸屁股,HOLD,1
WMT,2028-01-21,145.0,6.3,1489,10,32.55072332763671,568,108.81999969482422,🔭LEAPS,HOLD,1
CRM,2026-08-21,250.0,0.22,2408,10,52.19774365234374,50,163.22999572753906,🚬菸屁股,HOLD,1
CRM,2026-12-18,320.0,0.95,1255,10,52.14891601562499,169,163.22999572753906,🚬菸屁股,HOLD,1
NFLX,2026-08-21,140.0,0.06,3427,10,68.35969140625001,50,74.19000244140625,🚬菸屁股,HOLD,1
NFLX,2026-10-16,120.0,0.33,1553,10,50.0005,106,74.19000244140625,🚬菸屁股,HOLD,1
NFLX,2026-11-20,115.0,0.69,2676,10,47.29056616210938,141,74.19000244140625,🚬菸屁股,HOLD,1
NFLX,2026-11-20,120.0,0.52,4883,10,48.70656762695313,141,74.19000244140625,🚬菸屁股,HOLD,1
NFLX,2026-12-18,130.0,0.54,3721,10,47.60794580078125,169,74.19000244140625,🚬菸屁股,HOLD,1
NFLX,2026-12-18,195.0,0.13,750,10,64.40465283203125,169,74.19000244140625,🚬菸屁股,HOLD,1
NFLX,2027-01-15,220.0,0.1,808,10,68.06672558593752,197,74.19000244140625,🚬菸屁股,HOLD,1
SMCI,2026-07-17,49.0,0.04,9508,9,115.625421875,15,27.649999618530273,🚬菸屁股,HOLD,1
OKLO,2026-07-17,90.0,0.15,3483,9,119.3363408203125,15,52.45000076293945,🚬菸屁股,HOLD,1
OKLO,2026-07-17,115.0,0.07,789,9,146.09401953124998,15,52.45000076293945,🚬菸屁股,HOLD,1
ASTS,2026-07-17,155.0,0.25,984,9,129.10191699218748,15,86.0999984741211,🚬菸屁股,HOLD,1
SOFI,2026-10-16,26.0,0.71,1896,9,65.52768847656252,106,18.440000534057617,🚬菸屁股,HOLD,1
DKNG,2026-12-18,40.0,0.87,3898,9,56.543403320312514,169,25.770000457763672,🚬菸屁股,HOLD,1
DKNG,2028-01-21,50.0,2.12,25998,9,63.67223828125,568,25.770000457763672,🔭LEAPS,HOLD,1
OPEN,2028-01-21,2.0,3.4,2443,9,101.7583037109375,568,4.940000057220459,🔭LEAPS,HOLD,1
ABT,2026-09-18,110.0,0.72,8979,9,33.24041369628906,78,92.18000030517578,🚬菸屁股,HOLD,1
ADBE,2026-08-21,415.0,0.31,949,9,83.39860351562498,50,210.97999572753906,🚬菸屁股,HOLD,1
ADBE,2026-09-18,460.0,0.3,790,9,73.633076171875,78,210.97999572753906,🚬菸屁股,HOLD,1
BSX,2026-08-21,75.0,0.04,2571,9,75.00025000000001,50,43.060001373291016,🚬菸屁股,HOLD,1
BSX,2028-01-21,155.0,0.3,969,9,50.19581054687501,568,43.060001373291016,🔭LEAPS,HOLD,1
AVGO,2026-07-17,530.0,0.05,1570,9,61.133201171875015,15,369.3399963378906,🚬菸屁股,HOLD,1
AVGO,2026-07-17,680.0,0.09,2335,9,101.7583037109375,15,369.3399963378906,🚬菸屁股,HOLD,1
CMG,2026-09-18,47.5,0.2,1699,9,42.57869921875,78,35.0,🚬菸屁股,HOLD,1
CMG,2028-01-21,32.5,9.2,1023,9,48.828636718750005,568,35.0,🔭LEAPS,HOLD,1
META,2026-07-17,1280.0,0.01,2144,9,104.68797656250001,15,612.9099731445312,🚬菸屁股,HOLD,1
META,2026-07-17,1390.0,0.02,1397,9,109.375453125,15,612.9099731445312,🚬菸屁股,HOLD,1
META,2026-07-17,1420.0,0.01,1763,9,121.48476757812499,15,612.9099731445312,🚬菸屁股,HOLD,1
WMT,2026-09-18,165.0,0.05,1840,9,40.23497265625,78,108.81999969482422,🚬菸屁股,HOLD,1
NOW,2026-07-17,180.0,0.04,3719,9,100.58643457031249,15,105.80000305175781,🚬菸屁股,HOLD,1
TSLA,2026-09-18,900.0,0.66,7015,8,68.4573466796875,78,425.29998779296875,🚬菸屁股,HOLD,1
IBIT,2028-01-21,62.0,2.73,5490,8,51.36767382812499,568,34.0,🔭LEAPS,HOLD,1
IBIT,2028-06-16,40.0,8.85,6112,8,56.531196411132825,715,34.0,🔭LEAPS,HOLD,1
SMCI,2026-12-18,106.0,0.54,2324,8,106.73874755859379,169,27.649999618530273,🚬菸屁股,HOLD,1
PATH,2026-11-20,20.0,0.44,831,8,75.39087109375001,141,11.550000190734863,🚬菸屁股,HOLD,1
ONDS,2028-01-21,22.0,1.83,887,8,107.95944458007813,568,7.920000076293945,🔭LEAPS,HOLD,1
JOBY,2026-07-17,15.0,0.02,3868,8,118.75040625,15,8.84000015258789,🚬菸屁股,HOLD,1
JOBY,2027-01-15,30.0,0.24,7465,8,94.5313046875,197,8.84000015258789,🚬菸屁股,HOLD,1
ACHR,2028-01-21,22.0,0.55,1139,8,95.99613378906248,568,4.920000076293945,🔭LEAPS,HOLD,1
ACN,2026-12-18,265.0,0.55,887,8,55.22505712890625,169,131.1300048828125,🚬菸屁股,HOLD,1
GOOGL,2026-07-17,450.0,0.08,3742,8,42.8716650390625,15,361.2099914550781,🚬菸屁股,HOLD,1
BSX,2026-09-18,85.0,0.13,1178,8,64.45348046875,78,43.060001373291016,🚬菸屁股,HOLD,1
BSX,2027-01-15,75.0,0.5,8824,8,48.97511962890626,197,43.060001373291016,🚬菸屁股,HOLD,1
CMG,2026-12-18,85.0,0.07,2317,8,50.39112109375,169,35.0,🚬菸屁股,HOLD,1
KO,2028-01-21,85.0,7.36,6161,8,24.445335632324223,568,81.29000091552734,🔭LEAPS,HOLD,1
FISV,2027-01-15,140.0,0.15,1335,8,60.74258007812501,197,50.72999954223633,🚬菸屁股,HOLD,1
WMT,2026-12-18,155.0,0.45,1048,8,30.249720947265622,169,108.81999969482422,🚬菸屁股,HOLD,1
CRM,2027-01-15,400.0,0.45,2837,8,55.322712402343754,197,163.22999572753906,🚬菸屁股,HOLD,1
NFLX,2026-08-21,109.0,0.2,1737,8,54.49264257812501,50,74.19000244140625,🚬菸屁股,HOLD,1
NFLX,2026-12-18,136.0,0.46,1275,8,52.29539892578124,169,74.19000244140625,🚬菸屁股,HOLD,1
NFLX,2028-01-21,140.0,3.0,3047,8,46.82670361328125,568,74.19000244140625,🔭LEAPS,HOLD,1
NVDA,2026-08-21,420.0,0.02,8279,7,64.8441015625,50,197.5800018310547,🚬菸屁股,HOLD,1
VST,2026-08-21,250.0,0.4,895,7,63.867548828124995,50,153.16000366210938,🚬菸屁股,HOLD,1
RKLB,2026-07-17,200.0,0.05,1080,7,125.78162109374999,15,100.06999969482422,🚬菸屁股,HOLD,1
IONQ,2026-08-21,120.0,0.36,1713,7,118.45743896484376,50,51.400001525878906,🚬菸屁股,HOLD,1
DKNG,2026-12-18,50.0,0.22,1421,7,60.35195898437502,169,25.770000457763672,🚬菸屁股,HOLD,1
IREN,2026-07-17,100.0,0.02,5988,7,148.4377578125,15,43.31999969482422,🚬菸屁股,HOLD,1
TDOC,2027-01-15,25.0,0.21,2830,7,82.0314296875,197,9.100000381469727,🚬菸屁股,HOLD,1
OPEN,2028-01-21,17.0,3.4,861,7,25.00075,568,4.940000057220459,🔭LEAPS,HOLD,1
LUNR,2026-09-18,42.0,0.7,4386,7,111.42622412109375,78,20.200000762939453,🚬菸屁股,HOLD,1
ACHR,2026-10-16,12.0,0.08,7316,7,97.26565234374999,106,4.920000076293945,🚬菸屁股,HOLD,1
SMR,2028-01-21,5.0,7.15,1469,7,123.24257128906248,568,10.149999618530273,🔭LEAPS,HOLD,1
CRWV,2026-09-18,250.0,0.3,1166,7,107.66647729492189,78,85.68499755859375,🚬菸屁股,HOLD,1
ADBE,2026-08-21,400.0,0.26,935,7,101.63623400878907,50,210.97999572753906,🚬菸屁股,HOLD,1
AMZN,2026-09-18,370.0,0.31,6790,7,44.67828759765625,78,241.6999969482422,🚬菸屁股,HOLD,1
T,2026-08-21,29.0,0.03,874,7,44.92242578125,50,20.479999542236328,🚬菸屁股,HOLD,1
T,2027-01-15,24.0,0.63,1563,7,28.760478027343737,197,20.479999542236328,🚬菸屁股,HOLD,1
T,2028-01-21,35.0,0.3,3064,7,32.34930932617186,568,20.479999542236328,🔭LEAPS,HOLD,1
T,2028-01-21,40.0,0.17,5559,7,32.031929687499996,568,20.479999542236328,🔭LEAPS,HOLD,1
BSX,2026-07-17,60.0,0.05,3584,7,77.3439765625,15,43.060001373291016,🚬菸屁股,HOLD,1
BSX,2026-12-18,72.5,0.49,1749,7,50.48877636718749,169,43.060001373291016,🚬菸屁股,HOLD,1
AVGO,2026-07-17,520.0,0.06,3276,7,58.789474609375006,15,369.3399963378906,🚬菸屁股,HOLD,1
CMG,2026-12-18,55.0,0.33,2984,7,45.4107021484375,169,35.0,🚬菸屁股,HOLD,1
CMG,2027-01-15,90.0,0.05,3746,7,52.3442265625,197,35.0,🚬菸屁股,HOLD,1
KO,2026-10-16,90.0,0.77,973,7,20.533021240234373,106,81.29000091552734,🚬菸屁股,HOLD,1
FISV,2028-01-21,120.0,1.96,2301,7,54.59029785156251,568,50.72999954223633,🔭LEAPS,HOLD,1
HPE,2026-07-17,70.0,0.01,1161,7,89.84385156249999,15,43.95000076293945,🚬菸屁股,HOLD,1
HPE,2028-01-21,50.0,11.2,4255,7,68.93341613769533,568,43.95000076293945,🔭LEAPS,HOLD,1
META,2026-09-18,1100.0,0.91,926,7,54.9076774902344,78,612.9099731445312,🚬菸屁股,HOLD,1
NOW,2026-08-21,230.0,0.3,1116,7,95.11723632812499,50,105.80000305175781,🚬菸屁股,HOLD,1
NFLX,2028-01-21,95.0,10.05,3603,7,48.669946899414064,568,74.19000244140625,🔭LEAPS,HOLD,1
NDAQ,2026-09-18,95.0,0.68,3336,7,35.32779516601562,78,82.7300033569336,🚬菸屁股,HOLD,1
IBIT,2028-01-21,55.0,3.65,5579,6,51.58739819335938,568,34.0,🔭LEAPS,HOLD,1
SMCI,2026-07-17,70.0,0.01,3058,6,143.75028125,15,27.649999618530273,🚬菸屁股,HOLD,1
SMCI,2028-01-21,70.0,5.47,1951,6,94.10406286621094,568,27.649999618530273,🔭LEAPS,HOLD,1
OKLO,2026-07-17,110.0,0.06,1134,6,146.09401953124998,15,52.45000076293945,🚬菸屁股,HOLD,1
ASTS,2026-07-17,170.0,0.2,3551,6,146.875265625,15,86.0999984741211,🚬菸屁股,HOLD,1
IONQ,2026-07-17,100.0,0.03,1312,6,148.24244628906249,15,51.400001525878906,🚬菸屁股,HOLD,1
SOFI,2026-09-18,47.0,0.04,3366,6,81.2501875,78,18.440000534057617,🚬菸屁股,HOLD,1
DKNG,2026-07-17,32.5,0.05,3212,6,57.812921875,15,25.770000457763672,🚬菸屁股,HOLD,1
DKNG,2027-01-15,42.0,0.91,1611,6,56.055126953125,197,25.770000457763672,🚬菸屁股,HOLD,1
DKNG,2028-01-21,40.0,3.71,3087,6,56.47016186523439,568,25.770000457763672,🔭LEAPS,HOLD,1
IREN,2026-09-18,105.0,0.74,1843,6,118.55509472656249,78,43.31999969482422,🚬菸屁股,HOLD,1
IREN,2026-09-18,120.0,0.79,917,6,121.48476757812499,78,43.31999969482422,🚬菸屁股,HOLD,1
PATH,2028-01-21,8.0,5.85,2117,6,61.27968408203126,568,11.550000190734863,🔭LEAPS,HOLD,1
HOOD,2026-07-17,200.0,0.03,1476,6,87.500125,15,108.6500015258789,🚬菸屁股,HOLD,1
HOOD,2026-09-18,290.0,0.16,1721,6,84.76577734374999,78,108.6500015258789,🚬菸屁股,HOLD,1
HOOD,2028-01-21,280.0,11.6,1605,6,71.08793560791015,568,108.6500015258789,🔭LEAPS,HOLD,1
TDOC,2028-01-21,12.0,2.23,1094,6,71.14286669921876,568,9.100000381469727,🔭LEAPS,HOLD,1
ONDS,2027-01-15,18.0,0.72,1691,6,103.02782861328126,197,7.920000076293945,🚬菸屁股,HOLD,1
LUNR,2026-07-17,32.0,0.18,1185,6,123.43788281249999,15,20.200000762939453,🚬菸屁股,HOLD,1
JOBY,2028-01-21,17.0,2.41,2630,6,92.2852333984375,568,8.84000015258789,🔭LEAPS,HOLD,1
ACHR,2026-08-21,9.0,0.05,1189,6,92.9688203125,50,4.920000076293945,🚬菸屁股,HOLD,1
SMR,2027-01-15,45.0,0.37,1344,6,119.82461962890625,197,10.149999618530273,🚬菸屁股,HOLD,1
SMR,2028-01-21,18.0,3.92,1473,6,113.98968786621096,568,10.149999618530273,🔭LEAPS,HOLD,1
CRWV,2026-07-17,165.0,0.05,1043,6,134.37532812499998,15,85.68499755859375,🚬菸屁股,HOLD,1
ACN,2026-07-17,210.0,0.05,2938,6,99.41406835937501,15,131.1300048828125,🚬菸屁股,HOLD,1
GOOGL,2026-07-17,430.0,0.11,4940,6,38.13538427734374,15,361.2099914550781,🚬菸屁股,HOLD,1
GOOGL,2026-07-17,440.0,0.14,2997,6,40.332627929687504,15,361.2099914550781,🚬菸屁股,HOLD,1
T,2026-12-18,32.0,0.06,2688,6,36.2311064453125,169,20.479999542236328,🚬菸屁股,HOLD,1
BSX,2026-09-18,105.0,0.1,1137,6,125.39099804687498,78,43.060001373291016,🚬菸屁股,HOLD,1
BSX,2026-12-18,70.0,0.54,1260,6,49.951672363281254,169,43.060001373291016,🚬菸屁股,HOLD,1
BSX,2027-01-15,100.0,0.15,820,6,50.586431640624994,197,43.060001373291016,🚬菸屁股,HOLD,1
KO,2027-01-15,95.0,0.82,1323,6,19.165847412109375,197,81.29000091552734,🚬菸屁股,HOLD,1
FISV,2028-01-21,60.0,10.7,2351,6,53.89450402832032,568,50.72999954223633,🔭LEAPS,HOLD,1
FISV,2028-01-21,125.0,1.8,2413,6,50.90381127929688,568,50.72999954223633,🔭LEAPS,HOLD,1
META,2026-07-17,940.0,0.17,958,6,71.9729365234375,15,612.9099731445312,🚬菸屁股,HOLD,1
CRM,2027-01-15,350.0,0.97,1358,6,54.05319384765627,197,163.22999572753906,🚬菸屁股,HOLD,1
NFLX,2026-08-21,99.0,0.41,1212,6,50.43994873046876,50,74.19000244140625,🚬菸屁股,HOLD,1
NFLX,2026-08-21,114.0,0.15,2656,6,57.0316796875,50,74.19000244140625,🚬菸屁股,HOLD,1
NFLX,2026-09-18,103.0,0.5,877,6,46.75346215820312,78,74.19000244140625,🚬菸屁股,HOLD,1
NFLX,2026-12-18,180.0,0.16,935,6,63.9652041015625,169,74.19000244140625,🚬菸屁股,HOLD,1
NFLX,2027-01-15,170.0,0.37,2503,6,53.955538574218764,197,74.19000244140625,🚬菸屁股,HOLD,1
NFLX,2028-01-21,170.0,1.86,940,6,49.60987890625,568,74.19000244140625,🔭LEAPS,HOLD,1
CHWY,2026-08-21,27.5,0.16,2426,6,52.3442265625,50,20.600000381469727,🚬菸屁股,HOLD,1
TSLA,2026-07-17,750.0,0.07,7923,5,92.57819921875,15,425.29998779296875,🚬菸屁股,HOLD,1
NVDA,2026-07-17,290.0,0.02,6143,5,60.937890625000016,15,197.5800018310547,🚬菸屁股,HOLD,1
NVDA,2026-07-17,460.0,0.01,13205,5,129.6878515625,15,197.5800018310547,🚬菸屁股,HOLD,1
NVDA,2026-09-18,320.0,0.37,7637,5,49.219257812500004,78,197.5800018310547,🚬菸屁股,HOLD,1
NVDA,2028-01-21,310.0,17.4,9858,5,46.642074111938484,568,197.5800018310547,🔭LEAPS,HOLD,1
NVDA,2028-01-21,360.0,11.8,7316,5,46.878582977294926,568,197.5800018310547,🔭LEAPS,HOLD,1
IBIT,2026-07-17,53.0,0.02,5157,5,82.81267187499999,15,34.0,🚬菸屁股,HOLD,1
IBIT,2026-12-18,75.0,0.14,15432,5,56.543403320312514,169,34.0,🚬菸屁股,HOLD,1
IBIT,2028-06-16,90.0,1.85,15098,5,53.40622766113281,715,34.0,🔭LEAPS,HOLD,1
SMCI,2026-12-18,90.0,0.6,2800,5,103.32079589843752,169,27.649999618530273,🚬菸屁股,HOLD,1
SMCI,2026-12-18,92.0,0.85,1360,5,103.56493530273441,169,27.649999618530273,🚬菸屁股,HOLD,1
RKLB,2026-07-17,180.0,0.07,1722,5,124.21912890624998,15,100.06999969482422,🚬菸屁股,HOLD,1
UPST,2026-09-18,70.0,0.49,1004,5,85.742330078125,78,35.7400016784668,🚬菸屁股,HOLD,1
SOFI,2026-07-17,32.0,0.01,1716,5,93.7500625,15,18.440000534057617,🚀點火(5.0x) 🚬菸屁股 ⚠️尾段價外(74%) ⚠️暴動高IV(94%),BUY_WATCH,1
DKNG,2026-12-18,70.0,0.14,6411,5,80.37129003906249,169,25.770000457763672,🚬菸屁股,HOLD,1
DKNG,2027-01-15,75.0,0.1,1001,5,62.500375000000005,197,25.770000457763672,🚬菸屁股,HOLD,1
U,2028-01-21,47.0,7.4,7589,5,75.97680273437501,568,30.190000534057617,🔭LEAPS,HOLD,1
PATH,2026-12-18,17.0,0.95,1636,5,78.32052929687501,169,11.550000190734863,🚬菸屁股,HOLD,1
PATH,2027-01-15,32.0,0.14,1312,5,81.2501875,197,11.550000190734863,🚬菸屁股,HOLD,1
ZM,2026-07-17,135.0,0.01,768,5,87.89074609375,15,90.12999725341797,🚬菸屁股,HOLD,1
ZM,2026-08-21,140.0,0.25,1439,5,60.058993164062514,50,90.12999725341797,🚬菸屁股,HOLD,1
XYZ,2026-09-18,115.0,0.48,1060,5,52.10008837890624,78,77.12999725341797,🚬菸屁股,HOLD,1
ONDS,2026-12-18,16.0,0.74,788,5,103.90673046875003,169,7.920000076293945,🚬菸屁股,HOLD,1
ONDS,2028-01-21,17.0,2.25,11368,5,103.85790258789065,568,7.920000076293945,🔭LEAPS,HOLD,1
LUNR,2026-07-17,39.0,0.11,1841,5,148.4377578125,15,20.200000762939453,🚬菸屁股,HOLD,1
SMR,2026-07-17,19.0,0.04,3681,5,132.81283593749998,15,10.149999618530273,🚀點火(5.0x) 🚬菸屁股 ⚠️尾段價外(87%) ⚠️暴動高IV(133%),BUY_WATCH,1
SMR,2027-01-15,55.0,0.25,3428,5,124.02381738281247,197,10.149999618530273,🚬菸屁股,HOLD,1
SMR,2027-01-15,75.0,0.14,1014,5,130.07847460937495,197,10.149999618530273,🚬菸屁股,HOLD,1
NNE,2027-01-15,65.0,0.8,1273,5,103.76024682617188,197,20.75,🚬菸屁股,HOLD,1
ACN,2026-08-21,180.0,0.6,1410,5,48.97511962890626,50,131.1300048828125,🚬菸屁股,HOLD,1
ACN,2027-01-15,260.0,0.75,1224,5,55.39595385742189,197,131.1300048828125,🚬菸屁股,HOLD,1
ACN,2027-01-15,290.0,0.45,944,5,51.27001855468749,197,131.1300048828125,🚬菸屁股,HOLD,1
ADBE,2026-07-17,360.0,0.01,1107,5,81.2501875,15,210.97999572753906,🚀點火(2.5x) 🚬菸屁股 ⚠️尾段價外(71%) ⚠️暴動高IV(81%),BUY_WATCH,1
ADBE,2026-08-21,410.0,0.15,1204,5,82.17791259765625,50,210.97999572753906,🚬菸屁股,HOLD,1
ADBE,2026-09-18,510.0,0.01,1351,5,80.90839404296875,78,210.97999572753906,🚬菸屁股,HOLD,1
GOOGL,2026-08-21,480.0,0.65,2457,5,40.1373173828125,50,361.2099914550781,🚬菸屁股,HOLD,1
GOOGL,2026-09-18,555.0,0.33,2698,5,43.457596679687505,78,361.2099914550781,🚬菸屁股,HOLD,1
GOOGL,2026-09-18,575.0,0.23,3030,5,43.87263159179688,78,361.2099914550781,🚬菸屁股,HOLD,1
AMZN,2026-07-17,315.0,0.02,4105,5,47.070841796875,15,241.6999969482422,🚬菸屁股,HOLD,1
AMZN,2026-08-21,335.0,0.35,7149,5,46.0942890625,50,241.6999969482422,🚬菸屁股,HOLD,1
AMZN,2026-09-18,340.0,0.85,2019,5,41.82187084960937,78,241.6999969482422,🚬菸屁股,HOLD,1
T,2026-07-17,30.0,0.01,11950,5,73.437765625,15,20.479999542236328,🚬菸屁股,HOLD,1
CMG,2026-07-17,50.0,0.03,1019,5,64.062859375,15,35.0,🚬菸屁股,HOLD,1
CMG,2026-12-18,60.0,0.11,2656,5,43.555251953125,169,35.0,🚬菸屁股,HOLD,1
CMG,2026-12-18,64.6,0.18,1005,5,55.1762294921875,169,35.0,🚬菸屁股,HOLD,1
CMG,2027-01-15,52.5,0.48,1401,5,42.920492675781254,197,35.0,🚬菸屁股,HOLD,1
CMG,2027-01-15,85.0,0.05,4596,5,51.758294921875006,197,35.0,🚬菸屁股,HOLD,1
KO,2026-07-17,87.5,0.09,4631,5,21.289849609375,15,81.29000091552734,🚬菸屁股,HOLD,1
KO,2028-01-21,82.5,8.66,1975,5,25.180801910400387,568,81.29000091552734,🔭LEAPS,HOLD,1
CPRT,2026-08-21,35.0,0.13,1086,5,36.32876171875,50,28.790000915527344,🚬菸屁股,HOLD,1
CPRT,2026-09-18,47.5,0.05,860,5,50.0005,78,28.790000915527344,🚬菸屁股,HOLD,1
FISV,2027-01-15,120.0,0.25,2025,5,59.717199707031256,197,50.72999954223633,🚬菸屁股,HOLD,1
FISV,2028-01-21,90.0,4.5,924,5,51.477536010742185,568,50.72999954223633,🔭LEAPS,HOLD,1
FISV,2028-01-21,95.0,4.0,1082,5,53.99215930175782,568,50.72999954223633,🔭LEAPS,HOLD,1
FISV,2028-01-21,195.0,0.4,9550,5,52.29539892578124,568,50.72999954223633,🔭LEAPS,HOLD,1
META,2026-07-17,1330.0,0.02,1589,5,96.87503124999999,15,612.9099731445312,🚬菸屁股,HOLD,1
META,2026-07-17,1350.0,0.01,1753,5,106.25046875000001,15,612.9099731445312,🚬菸屁股,HOLD,1
WMT,2026-07-17,155.0,0.03,3124,5,59.375406250000005,15,108.81999969482422,🚬菸屁股,HOLD,1
CRM,2026-12-18,350.0,0.68,1216,5,54.66353930664063,169,163.22999572753906,🚬菸屁股,HOLD,1
CRM,2027-01-15,330.0,0.85,962,5,52.52733020019531,197,163.22999572753906,🚬菸屁股,HOLD,1
NFLX,2026-08-21,102.0,0.32,1380,5,51.27001855468749,50,74.19000244140625,🚬菸屁股,HOLD,1
NFLX,2026-08-21,107.0,0.37,961,5,53.613745117187506,50,74.19000244140625,🚬菸屁股,HOLD,1
NFLX,2026-08-21,111.0,0.19,755,5,55.1762294921875,50,74.19000244140625,🚬菸屁股,HOLD,1
NFLX,2026-08-21,124.0,0.1,1868,5,61.133201171875015,50,74.19000244140625,🚬菸屁股,HOLD,1
NFLX,2026-08-21,150.0,0.06,958,5,72.26590234375,50,74.19000244140625,🚬菸屁股,HOLD,1
NFLX,2026-09-18,102.0,0.58,849,5,48.04739453125,78,74.19000244140625,🚬菸屁股,HOLD,1
NFLX,2026-09-18,266.0,0.04,2722,5,89.84385156249999,78,74.19000244140625,🚬菸屁股,HOLD,1
NFLX,2027-01-15,126.0,0.85,9868,5,47.92532543945312,197,74.19000244140625,🚬菸屁股,HOLD,1
NFLX,2027-01-15,190.0,0.01,1174,5,62.69568554687501,197,74.19000244140625,🚬菸屁股,HOLD,1
NFLX,2028-01-21,148.0,3.0,845,5,49.40846490478516,568,74.19000244140625,🔭LEAPS,HOLD,1
NFLX,2028-01-21,215.0,0.94,1138,5,49.76856872558594,568,74.19000244140625,🔭LEAPS,HOLD,1
NVDA,2026-10-16,350.0,0.4,10041,4,49.9028447265625,106,197.5800018310547,🚬菸屁股,HOLD,1
NVDA,2028-01-21,380.0,10.03,8456,4,47.0632124786377,568,197.5800018310547,🔭LEAPS,HOLD,1
IBIT,2026-10-16,65.0,0.09,7256,4,56.44574804687501,106,34.0,🚬菸屁股,HOLD,1
IBIT,2027-01-15,49.0,0.94,5079,4,45.4107021484375,197,34.0,🚬菸屁股,HOLD,1
IBIT,2028-06-16,50.0,6.08,8515,4,54.84664294433594,715,34.0,🔭LEAPS,HOLD,1
OKLO,2026-07-17,95.0,0.1,2031,4,128.125359375,15,52.45000076293945,🚬菸屁股,HOLD,1
DKNG,2026-07-17,37.5,0.02,3174,4,73.437765625,15,25.770000457763672,🚬菸屁股,HOLD,1
DKNG,2028-01-21,30.0,6.64,3270,4,64.59996337890624,568,25.770000457763672,🔭LEAPS,HOLD,1
DKNG,2028-01-21,60.0,1.45,4706,4,61.865615722656266,568,25.770000457763672,🔭LEAPS,HOLD,1
IREN,2026-08-21,105.0,0.31,882,4,125.00037499999999,50,43.31999969482422,🚬菸屁股,HOLD,1
IREN,2026-08-21,110.0,0.25,1051,4,134.18001660156247,50,43.31999969482422,🚬菸屁股,HOLD,1
PATH,2028-01-21,3.0,8.0,1296,4,126.75817871093749,568,11.550000190734863,🔭LEAPS,HOLD,1
ROKU,2026-12-18,175.0,0.85,1247,4,29.407444213867183,169,140.50999450683594,🚬菸屁股,HOLD,1
TDOC,2027-01-15,22.5,0.19,4427,4,82.12908496093749,197,9.100000381469727,🚬菸屁股,HOLD,1
ZM,2026-07-17,105.0,0.22,1488,4,44.824770507812495,15,90.12999725341797,🚬菸屁股,HOLD,1
XYZ,2026-12-18,135.0,0.86,830,4,52.07567456054687,169,77.12999725341797,🚬菸屁股,HOLD,1
PACB,2026-08-21,1.5,0.42,3354,4,119.53165234375001,50,1.7400000095367432,🚬菸屁股,HOLD,1
PACB,2027-01-15,3.0,0.22,2437,4,91.01571484374999,197,1.7400000095367432,🚬菸屁股,HOLD,1
SMR,2028-01-21,35.0,2.47,1097,4,116.8461188964844,568,10.149999618530273,🔭LEAPS,HOLD,1
ABT,2026-12-18,130.0,0.45,923,4,33.15496533203125,169,92.18000030517578,🚬菸屁股,HOLD,1
ACN,2026-07-17,220.0,0.1,1675,4,149.51197119140622,15,131.1300048828125,🚬菸屁股,HOLD,1
ADBE,2026-08-21,310.0,0.45,797,4,52.246571289062494,50,210.97999572753906,🚬菸屁股,HOLD,1
ADBE,2026-08-21,375.0,0.17,994,4,73.633076171875,50,210.97999572753906,🚬菸屁股,HOLD,1
ADBE,2026-08-21,430.0,0.24,954,4,110.05904345703127,50,210.97999572753906,🚬菸屁股,HOLD,1
ADBE,2027-01-15,780.0,0.18,1033,4,64.59996337890624,197,210.97999572753906,🚬菸屁股,HOLD,1
ADBE,2027-01-15,820.0,0.23,1747,4,66.30893066406252,197,210.97999572753906,🚬菸屁股,HOLD,1
BSX,2026-08-21,65.0,0.07,19442,4,52.93015820312501,50,43.060001373291016,🚬菸屁股,HOLD,1
BSX,2028-01-21,115.0,0.8,1000,4,50.97705273437501,568,43.060001373291016,🔭LEAPS,HOLD,1
AVGO,2026-09-18,650.0,0.78,1681,4,58.00823242187501,78,369.3399963378906,🚬菸屁股,HOLD,1
CMG,2026-09-18,60.0,0.05,942,4,50.19581054687501,78,35.0,🚬菸屁股,HOLD,1
CMG,2026-12-18,95.0,0.03,1603,4,53.51608984375,169,35.0,🚬菸屁股,HOLD,1
D,2026-09-18,75.0,0.42,794,4,22.80350634765625,78,67.79000091552734,🚬菸屁股,HOLD,1
FISV,2027-01-15,170.0,0.05,2403,4,68.35969140625001,197,50.72999954223633,🚬菸屁股,HOLD,1
FISV,2027-01-15,220.0,0.05,817,4,88.08605664062499,197,50.72999954223633,🚬菸屁股,HOLD,1
GILD,2026-07-17,150.0,0.05,5386,4,40.918559570312496,15,125.97000122070312,🚬菸屁股,HOLD,1
META,2026-07-17,1480.0,0.01,12187,4,109.375453125,15,612.9099731445312,🚬菸屁股,HOLD,1
CRM,2026-12-18,430.0,0.86,2251,4,66.79720703125001,169,163.22999572753906,🚬菸屁股,HOLD,1
NFLX,2026-09-18,97.0,0.75,1373,4,45.703667968750004,78,74.19000244140625,🚬菸屁股,HOLD,1
NFLX,2026-09-18,101.0,0.58,1169,4,48.242705078125006,78,74.19000244140625,🚬菸屁股,HOLD,1
NFLX,2026-09-18,106.0,0.42,923,4,51.27001855468749,78,74.19000244140625,🚬菸屁股,HOLD,1
NFLX,2026-09-18,142.0,0.18,1067,4,64.648791015625,78,74.19000244140625,🚬菸屁股,HOLD,1
NFLX,2026-11-20,150.0,0.2,909,4,56.055126953125,141,74.19000244140625,🚬菸屁股,HOLD,1
NFLX,2026-12-18,135.0,0.32,1712,4,51.807122558593754,169,74.19000244140625,🚬菸屁股,HOLD,1
NFLX,2026-12-18,265.0,0.07,1293,4,73.437765625,169,74.19000244140625,🚬菸屁股,HOLD,1
NFLX,2027-01-15,124.0,0.83,3087,4,45.55718505859375,197,74.19000244140625,🚬菸屁股,HOLD,1
NFLX,2027-01-15,144.0,0.42,4678,4,50.43994873046876,197,74.19000244140625,🚬菸屁股,HOLD,1
NFLX,2027-01-15,146.0,0.28,4639,4,55.859816406250005,197,74.19000244140625,🚬菸屁股,HOLD,1
NFLX,2027-01-15,168.0,0.29,1924,4,55.762161132812516,197,74.19000244140625,🚬菸屁股,HOLD,1
NFLX,2027-01-15,230.0,0.15,2853,4,59.570716796875004,197,74.19000244140625,🚬菸屁股,HOLD,1
NFLX,2028-01-21,91.0,10.32,1182,4,49.48170635986329,568,74.19000244140625,🔭LEAPS,HOLD,1
NFLX,2028-01-21,125.0,5.0,1245,4,47.30277307128906,568,74.19000244140625,🔭LEAPS,HOLD,1
NFLX,2028-01-21,146.0,3.03,1313,4,48.639429626464846,568,74.19000244140625,🔭LEAPS,HOLD,1
NFLX,2028-06-16,200.0,1.93,2115,4,51.03808728027344,715,74.19000244140625,🔭LEAPS,HOLD,1
CHWY,2028-01-21,27.5,4.3,1409,4,61.536029174804696,568,20.600000381469727,🔭LEAPS,HOLD,1
NVDA,2028-06-16,350.0,18.03,5533,3,47.723911437988285,715,197.5800018310547,🔭LEAPS,HOLD,1
IBIT,2026-07-17,46.0,0.03,9680,3,63.281617187500004,15,34.0,🚬菸屁股,HOLD,1
IBIT,2026-10-16,105.0,0.04,9049,3,82.42205078125,106,34.0,🚬菸屁股,HOLD,1
IBIT,2027-01-15,135.0,0.06,11947,3,73.82838671875,197,34.0,🚬菸屁股,HOLD,1
IBIT,2028-01-21,75.0,1.7,5118,3,51.562984375,568,34.0,🔭LEAPS,HOLD,1
PLTR,2026-09-18,410.0,0.05,6955,3,86.32826171875,78,125.7300033569336,🚬菸屁股,HOLD,1
SMCI,2026-07-17,46.0,0.05,1185,3,103.12548437500001,15,27.649999618530273,🚬菸屁股,HOLD,1
SMCI,2026-12-18,110.0,0.5,2640,3,107.42233789062503,169,27.649999618530273,🚬菸屁股,HOLD,1
SMCI,2028-01-21,80.0,4.85,1163,3,93.00544104003907,568,27.649999618530273,🔭LEAPS,HOLD,1
SMCI,2028-01-21,85.0,4.65,15225,3,93.945373046875,568,27.649999618530273,🔭LEAPS,HOLD,1
OKLO,2028-01-21,260.0,9.5,1557,3,111.78022625732422,568,52.45000076293945,🔭LEAPS,HOLD,1
UPST,2027-01-15,135.0,0.31,5051,3,87.98840136718749,197,35.7400016784668,🚬菸屁股,HOLD,1
UPST,2028-01-21,100.0,5.5,1316,3,84.90005334472657,568,35.7400016784668,🔭LEAPS,HOLD,1
SOFI,2026-09-18,42.0,0.08,6138,3,84.76577734374999,78,18.440000534057617,🚬菸屁股,HOLD,1
SOFI,2028-01-21,45.0,2.03,4020,3,69.97100341796876,568,18.440000534057617,🔭LEAPS,HOLD,1
U,2027-01-15,75.0,0.63,2467,3,74.07252490234374,197,30.190000534057617,🚬菸屁股,HOLD,1
PATH,2028-01-21,35.0,1.1,1072,3,79.49239257812499,568,11.550000190734863,🔭LEAPS,HOLD,1
BEAM,2026-08-21,50.0,0.45,1585,3,76.90452783203125,50,33.47999954223633,🚬菸屁股,HOLD,1
PACB,2027-01-15,4.0,0.11,1905,3,107.03171484375002,197,1.7400000095367432,🚬菸屁股,HOLD,1
ONDS,2028-01-21,4.0,5.1,2287,3,145.80105224609375,568,7.920000076293945,🔭LEAPS,HOLD,1
LUNR,2026-07-17,28.0,0.4,966,3,115.8207333984375,15,20.200000762939453,🚬菸屁股,HOLD,1
JOBY,2027-01-15,35.0,0.18,2490,3,98.242205078125,197,8.84000015258789,🚬菸屁股,HOLD,1
JOBY,2028-01-21,32.0,1.36,8611,3,93.50592431640624,568,8.84000015258789,🔭LEAPS,HOLD,1
ACHR,2028-01-21,1.0,4.15,947,3,108.984830078125,568,4.920000076293945,🔭LEAPS,HOLD,1
SMR,2027-01-15,25.0,0.87,5575,3,112.109814453125,197,10.149999618530273,🚬菸屁股,HOLD,1
SMR,2027-01-15,47.0,0.34,1050,3,123.24257128906248,197,10.149999618530273,🚬菸屁股,HOLD,1
SMR,2028-01-21,23.0,3.38,895,3,114.45355273437498,568,10.149999618530273,🔭LEAPS,HOLD,1
SMR,2028-01-21,25.0,3.2,2574,3,112.72016296386718,568,10.149999618530273,🔭LEAPS,HOLD,1
NNE,2026-07-17,33.0,0.05,853,3,114.45355273437498,15,20.75,🚬菸屁股,HOLD,1
VRT,2026-07-17,420.0,0.75,1170,3,72.80300634765625,15,311.4200134277344,🚬菸屁股,HOLD,1
VRT,2026-07-17,470.0,0.64,1395,3,84.57046679687498,15,311.4200134277344,🚬菸屁股,HOLD,1
ABT,2026-11-20,120.0,0.85,858,3,33.54558642578125,141,92.18000030517578,🚬菸屁股,HOLD,1
ACN,2026-07-17,185.0,0.1,1006,3,64.8441015625,15,131.1300048828125,🚬菸屁股,HOLD,1
ACN,2026-12-18,310.0,0.5,1060,3,53.320779296874996,169,131.1300048828125,🚬菸屁股,HOLD,1
ACN,2027-01-15,500.0,0.7,836,3,74.2190078125,197,131.1300048828125,🚬菸屁股,HOLD,1
ADBE,2026-07-17,315.0,0.17,968,3,82.0314296875,15,210.97999572753906,🚀點火(3.0x) 🚬菸屁股 ⚠️尾段價外(49%) ⚠️暴動高IV(82%),BUY_WATCH,1
ADBE,2027-01-15,550.0,0.67,1673,3,59.350992431640634,197,210.97999572753906,🚬菸屁股,HOLD,1
GOOGL,2026-07-17,435.0,0.1,1840,3,38.67248828125,15,361.2099914550781,🚬菸屁股,HOLD,1
GOOGL,2026-08-21,520.0,0.3,1175,3,46.045461425781255,50,361.2099914550781,🚬菸屁股,HOLD,1
BSX,2026-07-17,80.0,0.03,2421,3,134.76595117187497,15,43.060001373291016,🚬菸屁股,HOLD,1
BSX,2026-07-17,90.0,0.01,3568,3,141.797166015625,15,43.060001373291016,🚬菸屁股,HOLD,1
BMY,2026-09-18,67.5,0.37,3351,3,43.38435522460938,78,56.439998626708984,🚬菸屁股,HOLD,1
BMY,2026-12-18,85.0,0.14,2249,3,38.67248828125,169,56.439998626708984,🚬菸屁股,HOLD,1
AVGO,2026-07-17,510.0,0.07,2580,3,64.3558251953125,15,369.3399963378906,🚬菸屁股,HOLD,1
AVGO,2026-08-21,540.0,0.87,2730,3,51.55077746582031,50,369.3399963378906,🚬菸屁股,HOLD,1
CMG,2026-07-17,42.5,0.01,3589,3,42.188078125,15,35.0,🚬菸屁股,HOLD,1
CMG,2026-12-18,52.0,0.43,991,3,43.311113769531254,169,35.0,🚬菸屁股,HOLD,1
CMG,2026-12-18,68.0,0.07,1503,3,50.48877636718749,169,35.0,🚬菸屁股,HOLD,1
FISV,2026-09-18,165.0,0.01,937,3,122.75429248046876,78,50.72999954223633,🚬菸屁股,HOLD,1
FISV,2027-01-15,150.0,0.15,850,3,69.62920996093752,197,50.72999954223633,🚬菸屁股,HOLD,1
TGT,2026-07-17,150.0,0.11,2677,3,37.9889013671875,15,130.2899932861328,🚬菸屁股,HOLD,1
META,2026-07-17,1300.0,0.01,2464,3,108.203583984375,15,612.9099731445312,🚬菸屁股,HOLD,1
META,2026-07-17,1370.0,0.01,2340,3,114.84417578124999,15,612.9099731445312,🚬菸屁股,HOLD,1
WMT,2028-01-21,170.0,3.0,1029,3,34.35734588623046,568,108.81999969482422,🔭LEAPS,HOLD,1
NOW,2026-07-17,165.0,0.08,1352,3,87.10950390625,15,105.80000305175781,🚬菸屁股,HOLD,1
NOW,2028-01-21,230.0,10.8,896,3,63.779048736572264,568,105.80000305175781,🔭LEAPS,HOLD,1
CRM,2026-09-18,300.0,0.25,1762,3,56.055126953125,78,163.22999572753906,🚬菸屁股,HOLD,1
NFLX,2026-08-21,122.0,0.11,1540,3,61.03554589843752,50,74.19000244140625,🚬菸屁股,HOLD,1
NFLX,2026-08-21,130.0,0.08,14049,3,64.8441015625,50,74.19000244140625,🚬菸屁股,HOLD,1
NFLX,2026-09-18,134.0,0.09,3226,3,57.0316796875,78,74.19000244140625,🚬菸屁股,HOLD,1
NFLX,2026-09-18,265.0,0.05,942,3,128.22301513671874,78,74.19000244140625,🚬菸屁股,HOLD,1
NFLX,2026-11-20,125.0,0.45,1755,3,52.05126074218749,141,74.19000244140625,🚬菸屁股,HOLD,1
NFLX,2026-12-18,114.0,0.78,1309,3,45.28863305664063,169,74.19000244140625,🚬菸屁股,HOLD,1
NFLX,2026-12-18,134.0,0.36,1185,3,50.19581054687501,169,74.19000244140625,🚬菸屁股,HOLD,1
NFLX,2026-12-18,142.0,0.3,2039,3,52.10008837890624,169,74.19000244140625,🚬菸屁股,HOLD,1
NFLX,2027-01-15,116.0,0.96,11091,3,47.180703979492186,197,74.19000244140625,🚬菸屁股,HOLD,1
NFLX,2027-01-15,138.0,0.5,946,3,51.514156738281244,197,74.19000244140625,🚬菸屁股,HOLD,1
NFLX,2027-01-15,180.0,0.19,3233,3,57.95940478515625,197,74.19000244140625,🚬菸屁股,HOLD,1
NFLX,2028-06-16,185.0,2.12,2557,3,48.816429809570316,715,74.19000244140625,🔭LEAPS,HOLD,1
CHWY,2026-09-18,50.0,0.03,3024,3,102.53954980468751,78,20.600000381469727,🚬菸屁股,HOLD,1
NVDA,2028-06-16,400.0,12.95,5130,2,47.41263525390625,715,197.5800018310547,🔭LEAPS,HOLD,1
IBIT,2026-09-18,90.0,0.04,10691,2,82.81267187499999,78,34.0,🚬菸屁股,HOLD,1
IBIT,2026-10-16,55.0,0.16,5280,2,49.414568359375004,106,34.0,🚬菸屁股,HOLD,1
SMCI,2026-07-17,48.0,0.02,9648,2,114.84417578124999,15,27.649999618530273,🚬菸屁股,HOLD,1
SMCI,2026-09-18,80.0,0.21,2200,2,116.60197949218751,78,27.649999618530273,🚬菸屁股,HOLD,1
SMCI,2026-09-18,90.0,0.15,2922,2,116.2113564453125,78,27.649999618530273,🚬菸屁股,HOLD,1
OKLO,2026-09-18,130.0,0.65,1189,2,109.96138769531252,78,52.45000076293945,🚬菸屁股,HOLD,1
OKLO,2028-01-21,250.0,9.85,3551,2,111.31636138916015,568,52.45000076293945,🔭LEAPS,HOLD,1
VST,2026-08-21,240.0,0.74,1481,2,61.328511718750015,50,153.16000366210938,🚬菸屁股,HOLD,1
RKLB,2026-07-17,190.0,0.12,797,2,125.9769326171875,15,100.06999969482422,🚬菸屁股,HOLD,1
IONQ,2026-07-17,120.0,0.02,1042,2,147.65651171875,15,51.400001525878906,🚬菸屁股,HOLD,1
UPST,2027-01-15,90.0,0.79,1086,2,87.7930908203125,197,35.7400016784668,🚬菸屁股,HOLD,1
UPST,2028-01-21,50.0,11.75,2529,2,89.80723083496092,568,35.7400016784668,🔭LEAPS,HOLD,1
UPST,2028-01-21,80.0,7.07,1082,2,84.02115588378906,568,35.7400016784668,🔭LEAPS,HOLD,1
SOFI,2026-07-17,33.0,0.04,1277,2,115.625421875,15,18.440000534057617,🚬菸屁股,HOLD,1
SOFI,2026-08-21,34.0,0.05,1399,2,80.07832421875,50,18.440000534057617,🚬菸屁股,HOLD,1
SOFI,2026-08-21,40.0,0.03,1457,2,91.4063359375,50,18.440000534057617,🚬菸屁股,HOLD,1
SOFI,2026-11-20,35.0,0.35,998,2,70.50810742187501,141,18.440000534057617,🚬菸屁股,HOLD,1
SOFI,2027-01-15,42.0,0.38,6497,2,74.90259472656251,197,18.440000534057617,🚬菸屁股,HOLD,1
SOFI,2028-01-21,37.0,2.6,8120,2,69.58038232421876,568,18.440000534057617,🔭LEAPS,HOLD,1
DKNG,2026-09-18,47.5,0.06,913,2,63.47692773437501,78,25.770000457763672,🚬菸屁股,HOLD,1
DKNG,2026-12-18,55.0,0.16,3413,2,67.09017285156251,169,25.770000457763672,🚬菸屁股,HOLD,1
DKNG,2027-01-15,45.0,0.69,5508,2,56.00629931640625,197,25.770000457763672,🚬菸屁股,HOLD,1
DKNG,2027-01-15,60.0,0.18,8940,2,58.20354296875,197,25.770000457763672,🚬菸屁股,HOLD,1
IREN,2028-01-21,105.0,11.53,1907,2,103.52831439208987,568,43.31999969482422,🔭LEAPS,HOLD,1
U,2026-08-21,55.0,0.19,5403,2,83.98453515624999,50,30.190000534057617,🚬菸屁股,HOLD,1
U,2028-01-21,60.0,4.2,972,2,75.25659509277342,568,30.190000534057617,🔭LEAPS,HOLD,1
PATH,2026-08-21,21.0,0.05,976,2,98.437515625,50,11.550000190734863,🚬菸屁股,HOLD,1
TDOC,2026-07-17,15.0,0.02,1515,2,128.125359375,15,9.100000381469727,🚬菸屁股,HOLD,1
ZM,2026-09-18,150.0,0.3,1647,2,60.547269531250016,78,90.12999725341797,🚬菸屁股,HOLD,1
ZM,2028-01-21,135.0,11.72,839,2,55.01753967285157,568,90.12999725341797,🔭LEAPS,HOLD,1
PACB,2028-01-21,1.5,0.9,5626,2,87.695435546875,568,1.7400000095367432,🔭LEAPS,HOLD,1
PACB,2028-01-21,2.0,0.82,4730,2,96.87503124999999,568,1.7400000095367432,🔭LEAPS,HOLD,1
KTOS,2026-07-17,85.0,0.05,1203,2,87.500125,15,53.040000915527344,🚬菸屁股,HOLD,1
ONDS,2028-01-21,27.0,1.48,8623,2,119.43399658203124,568,7.920000076293945,🔭LEAPS,HOLD,1
LUNR,2026-09-18,45.0,0.65,846,2,112.01215869140624,78,20.200000762939453,🚬菸屁股,HOLD,1
JOBY,2026-08-21,17.0,0.07,1323,2,118.1644716796875,50,8.84000015258789,🚬菸屁股,HOLD,1
JOBY,2026-11-20,17.0,0.44,923,2,89.74619628906248,141,8.84000015258789,🚬菸屁股,HOLD,1
JOBY,2026-11-20,20.0,0.3,838,2,96.289099609375,141,8.84000015258789,🚬菸屁股,HOLD,1
JOBY,2028-01-21,25.0,1.7,3460,2,95.80082324218748,568,8.84000015258789,🔭LEAPS,HOLD,1
ACHR,2028-01-21,2.0,3.35,766,2,99.60937890625,568,4.920000076293945,🔭LEAPS,HOLD,1
SMR,2027-01-15,32.0,0.55,1129,2,116.30901220703124,197,10.149999618530273,🚬菸屁股,HOLD,1
SMR,2027-01-15,60.0,0.44,772,2,125.78162109374999,197,10.149999618530273,🚬菸屁股,HOLD,1
SMR,2027-01-15,65.0,0.2,852,2,127.14880175781246,197,10.149999618530273,🚬菸屁股,HOLD,1
SMR,2027-01-15,85.0,0.13,2863,2,132.03158984375,197,10.149999618530273,🚬菸屁股,HOLD,1
NNE,2026-07-17,35.0,0.06,2861,2,125.78162109374999,15,20.75,🚬菸屁股,HOLD,1
CRWV,2026-07-17,190.0,0.13,892,2,139.84405078125,15,85.68499755859375,🚬菸屁股,HOLD,1
ACN,2026-07-17,170.0,0.25,1188,2,64.45348046875,15,131.1300048828125,🚬菸屁股,HOLD,1
ACN,2026-07-17,190.0,0.05,761,2,93.0664755859375,15,131.1300048828125,🚬菸屁股,HOLD,1
ADBE,2026-07-17,280.0,0.1,925,2,59.4730615234375,15,210.97999572753906,🚬菸屁股,HOLD,1
ADBE,2026-08-21,390.0,0.1,1161,2,71.48466015625,50,210.97999572753906,🚬菸屁股,HOLD,1
ADBE,2026-08-21,500.0,0.38,913,2,112.74457690429686,50,210.97999572753906,🚬菸屁股,HOLD,1
ADBE,2026-09-18,480.0,0.09,977,2,76.562734375,78,210.97999572753906,🚬菸屁股,HOLD,1
ADBE,2026-09-18,500.0,0.2,1768,2,79.3947373046875,78,210.97999572753906,🚬菸屁股,HOLD,1
ADBE,2027-01-15,700.0,0.41,1625,2,68.84796777343752,197,210.97999572753906,🚬菸屁股,HOLD,1
GOOGL,2026-07-17,540.0,0.33,2054,2,80.7619111328125,15,361.2099914550781,🚬菸屁股,HOLD,1
GOOGL,2026-08-21,470.0,0.86,4343,2,39.85655847167969,50,361.2099914550781,🚬菸屁股,HOLD,1
GOOGL,2026-08-21,535.0,0.2,2540,2,46.72904833984375,50,361.2099914550781,🚬菸屁股,HOLD,1
GOOGL,2026-10-16,600.0,0.02,1164,2,43.23787231445312,106,361.2099914550781,🚬菸屁股,HOLD,1
GOOGL,2026-11-20,600.0,0.95,832,2,42.957113403320314,141,361.2099914550781,🚬菸屁股,HOLD,1
AMZN,2026-07-17,350.0,0.02,6074,2,59.375406250000005,15,241.6999969482422,🚬菸屁股,HOLD,1
AMZN,2026-09-18,360.0,0.44,4798,2,42.188078125,78,241.6999969482422,🚬菸屁股,HOLD,1
T,2026-07-17,29.0,0.01,5515,2,62.500375000000005,15,20.479999542236328,🚬菸屁股,HOLD,1
T,2026-10-16,27.0,0.1,5901,2,36.817038085937504,106,20.479999542236328,🚬菸屁股,HOLD,1
T,2027-01-15,35.0,0.06,8013,2,37.11000390625,197,20.479999542236328,🚬菸屁股,HOLD,1
BSX,2028-01-21,70.0,3.8,2679,2,49.63429272460938,568,43.060001373291016,🔭LEAPS,HOLD,1
BMY,2027-01-15,75.0,0.68,1281,2,30.86006640625,197,56.439998626708984,🚬菸屁股,HOLD,1
BMY,2027-01-15,85.0,0.2,860,2,35.69400244140625,197,56.439998626708984,🚬菸屁股,HOLD,1
CMG,2026-09-18,62.5,0.05,1006,2,53.51608984375,78,35.0,🚬菸屁股,HOLD,1
CMG,2026-12-18,48.0,0.75,1493,2,43.70173486328125,169,35.0,🚬菸屁股,HOLD,1
CMG,2026-12-18,64.2,0.07,2510,2,51.758294921875006,169,35.0,🚬菸屁股,HOLD,1
CMG,2026-12-18,65.0,0.1,3016,2,45.508357421875004,169,35.0,🚬菸屁股,HOLD,1
CMG,2027-01-15,65.0,0.13,4243,2,44.14118359375,197,35.0,🚬菸屁股,HOLD,1
CMG,2028-01-21,55.0,2.4,2583,2,42.39559558105469,568,35.0,🔭LEAPS,HOLD,1
KO,2028-01-21,77.5,11.1,1163,2,26.502199829101556,568,81.29000091552734,🔭LEAPS,HOLD,1
KO,2028-01-21,80.0,9.6,945,2,23.80447290039062,568,81.29000091552734,🔭LEAPS,HOLD,1
CTSH,2028-01-21,75.0,2.69,1429,2,52.356433471679686,568,41.06999969482422,🔭LEAPS,HOLD,1
CPRT,2026-12-18,45.0,0.15,1315,2,39.551385742187506,169,28.790000915527344,🚬菸屁股,HOLD,1
FISV,2026-09-18,80.0,0.19,1188,2,52.734847656250004,78,50.72999954223633,🚬菸屁股,HOLD,1
FISV,2026-09-18,100.0,0.1,3532,2,65.33237792968751,78,50.72999954223633,🚬菸屁股,HOLD,1
FISV,2027-01-15,190.0,0.15,1065,2,71.48466015625,197,50.72999954223633,🚬菸屁股,HOLD,1
FISV,2028-01-21,85.0,5.1,855,2,52.3320196533203,568,50.72999954223633,🔭LEAPS,HOLD,1
HPE,2026-07-17,75.0,0.2,2308,2,119.922275390625,15,43.95000076293945,🚬菸屁股,HOLD,1
HPE,2028-01-21,70.0,8.0,1676,2,67.87141503906251,568,43.95000076293945,🔭LEAPS,HOLD,1
MU,2026-07-17,2100.0,0.2,928,2,132.422212890625,15,1032.280029296875,🚬菸屁股,HOLD,1
TGT,2027-01-15,200.0,0.75,1037,2,36.65834826660156,197,130.2899932861328,🚬菸屁股,HOLD,1
META,2026-07-17,830.0,0.19,956,2,55.469195312500005,15,612.9099731445312,🚬菸屁股,HOLD,1
META,2026-07-17,1050.0,0.27,1265,2,110.6205640869141,15,612.9099731445312,🚬菸屁股,HOLD,1
META,2026-07-17,1410.0,0.01,1860,2,111.71919140624999,15,612.9099731445312,🚬菸屁股,HOLD,1
IBM,2026-07-17,470.0,0.04,1071,2,77.3439765625,15,286.25,🚬菸屁股,HOLD,1
WMT,2026-07-17,145.0,0.05,5448,2,51.17236328125,15,108.81999969482422,🚬菸屁股,HOLD,1
WMT,2026-07-17,150.0,0.09,5308,2,56.250437500000004,15,108.81999969482422,🚬菸屁股,HOLD,1
WMT,2026-08-21,150.0,0.01,1689,2,37.9889013671875,50,108.81999969482422,🚬菸屁股,HOLD,1
WMT,2027-01-15,195.0,0.13,786,2,35.986968261718744,197,108.81999969482422,🚬菸屁股,HOLD,1
CRM,2026-07-17,260.0,0.04,1045,2,82.42205078125,15,163.22999572753906,🚬菸屁股,HOLD,1
CRM,2026-12-18,550.0,0.01,6973,2,64.7464462890625,169,163.22999572753906,🚬菸屁股,HOLD,1
CRM,2027-01-15,340.0,0.95,1051,2,52.600571655273434,197,163.22999572753906,🚬菸屁股,HOLD,1
CRM,2027-01-15,370.0,0.52,1898,2,52.12450219726561,197,163.22999572753906,🚬菸屁股,HOLD,1
NFLX,2026-07-17,150.0,0.01,2089,2,103.12548437500001,15,74.19000244140625,🚬菸屁股,HOLD,1
NFLX,2026-09-18,107.0,0.4,1221,2,51.514156738281244,78,74.19000244140625,🚬菸屁股,HOLD,1
NFLX,2026-09-18,111.0,0.26,1080,2,52.734847656250004,78,74.19000244140625,🚬菸屁股,HOLD,1
NFLX,2026-09-18,122.0,0.2,908,2,59.91251025390626,78,74.19000244140625,🚬菸屁股,HOLD,1
NFLX,2026-09-18,132.0,0.13,768,2,65.62534375000001,78,74.19000244140625,🚬菸屁股,HOLD,1
NFLX,2026-09-18,135.0,0.12,2190,2,66.11362011718751,78,74.19000244140625,🚬菸屁股,HOLD,1
NFLX,2026-09-18,150.0,0.07,3346,2,60.74258007812501,78,74.19000244140625,🚬菸屁股,HOLD,1
NFLX,2026-09-18,152.0,0.1,997,2,76.2697685546875,78,74.19000244140625,🚬菸屁股,HOLD,1
NFLX,2026-10-16,125.0,0.3,1871,2,50.0005,106,74.19000244140625,🚬菸屁股,HOLD,1
NFLX,2026-11-20,140.0,0.24,1222,2,51.95360546875,141,74.19000244140625,🚬菸屁股,HOLD,1
NFLX,2026-12-18,138.0,0.29,1092,2,52.17332983398437,169,74.19000244140625,🚬菸屁股,HOLD,1
NFLX,2026-12-18,144.0,0.28,5825,2,50.6840869140625,169,74.19000244140625,🚬菸屁股,HOLD,1
NFLX,2026-12-18,146.0,0.44,3457,2,52.58836474609375,169,74.19000244140625,🚬菸屁股,HOLD,1
NFLX,2026-12-18,148.0,0.19,1127,2,53.71140039062501,169,74.19000244140625,🚬菸屁股,HOLD,1
NFLX,2026-12-18,170.0,0.19,8481,2,52.83250292968751,169,74.19000244140625,🚬菸屁股,HOLD,1
NFLX,2026-12-18,174.0,0.2,1138,2,62.06092626953126,169,74.19000244140625,🚬菸屁股,HOLD,1
NFLX,2026-12-18,200.0,0.01,3029,2,59.86368261718751,169,74.19000244140625,🚬菸屁股,HOLD,1
NFLX,2026-12-18,239.0,0.4,751,2,73.24245507812499,169,74.19000244140625,🚬菸屁股,HOLD,1
NFLX,2027-01-15,134.0,0.43,1066,2,49.46339599609375,197,74.19000244140625,🚬菸屁股,HOLD,1
NFLX,2027-01-15,136.0,0.57,963,2,47.11966943359375,197,74.19000244140625,🚬菸屁股,HOLD,1
NFLX,2027-01-15,148.0,0.45,2188,2,50.63525927734375,197,74.19000244140625,🚬菸屁股,HOLD,1
NFLX,2027-01-15,166.0,0.32,883,2,55.66450585937501,197,74.19000244140625,🚬菸屁股,HOLD,1
NFLX,2027-01-15,205.0,0.14,1543,2,64.5511357421875,197,74.19000244140625,🚬菸屁股,HOLD,1
NFLX,2027-01-15,212.0,0.11,847,2,66.21127539062502,197,74.19000244140625,🚬菸屁股,HOLD,1
NFLX,2027-01-15,239.0,0.1,1035,2,64.9417568359375,197,74.19000244140625,🚬菸屁股,HOLD,1
NFLX,2028-01-21,114.0,6.43,11445,2,47.17765225219727,568,74.19000244140625,🔭LEAPS,HOLD,1
NFLX,2028-01-21,165.0,2.09,1579,2,48.21829125976563,568,74.19000244140625,🔭LEAPS,HOLD,1
NFLX,2028-01-21,168.0,2.05,2070,2,47.009807250976564,568,74.19000244140625,🔭LEAPS,HOLD,1
NFLX,2028-01-21,240.0,0.72,2924,2,49.64649963378906,568,74.19000244140625,🔭LEAPS,HOLD,1
TDUP,2026-10-16,7.5,0.89,1259,2,78.8088056640625,106,6.909999847412109,🚬菸屁股,HOLD,1
CHWY,2026-07-17,32.5,0.01,2200,2,95.312546875,15,20.600000381469727,🚬菸屁股,HOLD,1
CHWY,2026-08-21,35.0,0.01,4369,2,69.14093359375,50,20.600000381469727,🚬菸屁股,HOLD,1
CHWY,2028-01-21,30.0,3.6,792,2,60.47402807617189,568,20.600000381469727,🔭LEAPS,HOLD,1
COUR,2028-01-21,5.0,2.35,1948,2,100.78174609374999,568,5.980000019073486,🔭LEAPS,HOLD,1
NDAQ,2026-09-18,97.5,0.52,882,2,35.80386462402344,78,82.7300033569336,🚬菸屁股,HOLD,1
NVDA,2026-08-21,460.0,0.02,5519,1,67.96907031250001,50,197.5800018310547,🚬菸屁股,HOLD,1
NVDA,2026-09-18,410.0,0.08,5534,1,55.66450585937501,78,197.5800018310547,🚬菸屁股,HOLD,1
AAPL,2026-07-17,360.0,0.01,6654,1,43.6529072265625,15,294.3800048828125,🚬菸屁股,HOLD,1
AAPL,2026-07-17,380.0,0.02,9917,1,43.35994140625,15,294.3800048828125,🚬菸屁股,HOLD,1
IBIT,2026-07-17,51.0,0.01,10140,1,76.562734375,15,34.0,🚬菸屁股,HOLD,1
IBIT,2026-08-21,65.0,0.03,20023,1,71.87528125,50,34.0,🚬菸屁股,HOLD,1
IBIT,2026-09-18,100.0,0.04,15112,1,87.500125,78,34.0,🚬菸屁股,HOLD,1
IBIT,2027-01-15,95.0,0.12,17921,1,61.71913281250001,197,34.0,🚬菸屁股,HOLD,1
IBIT,2027-01-15,110.0,0.1,29804,1,66.79720703125001,197,34.0,🚬菸屁股,HOLD,1
IBIT,2027-01-15,115.0,0.08,5619,1,68.35969140625001,197,34.0,🚬菸屁股,HOLD,1
IBIT,2028-01-21,95.0,0.89,6780,1,53.34519311523438,568,34.0,🔭LEAPS,HOLD,1
SMCI,2026-07-17,43.0,0.09,2485,1,107.03171484375002,15,27.649999618530273,🚬菸屁股,HOLD,1
SMCI,2026-12-18,96.0,0.72,989,1,104.59032080078129,169,27.649999618530273,🚬菸屁股,HOLD,1
SMCI,2027-01-15,85.0,0.85,3495,1,97.99806689453125,197,27.649999618530273,🚬菸屁股,HOLD,1
SMCI,2028-01-21,38.0,11.0,941,1,93.35944140625,568,27.649999618530273,🔭LEAPS,HOLD,1
SMCI,2028-01-21,45.0,8.7,854,1,93.05426867675781,568,27.649999618530273,🔭LEAPS,HOLD,1
SMCI,2028-01-21,55.0,7.2,790,1,93.6524072265625,568,27.649999618530273,🔭LEAPS,HOLD,1
OKLO,2026-09-18,155.0,0.56,788,1,116.69963525390625,78,52.45000076293945,🚬菸屁股,HOLD,1
OKLO,2028-01-21,155.0,11.57,1546,1,104.9321159667969,568,52.45000076293945,🔭LEAPS,HOLD,1
VST,2026-07-17,240.0,0.01,3264,1,92.38288867187501,15,153.16000366210938,🚬菸屁股,HOLD,1
UPST,2027-01-15,125.0,0.43,1772,1,89.16026464843749,197,35.7400016784668,🚬菸屁股,HOLD,1
UPST,2028-01-21,47.5,10.07,759,1,85.69960589599607,568,35.7400016784668,🔭LEAPS,HOLD,1
SOFI,2026-08-21,37.0,0.06,921,1,89.84385156249999,50,18.440000534057617,🚬菸屁股,HOLD,1
SOFI,2026-09-18,37.0,0.1,7615,1,83.39860351562498,78,18.440000534057617,🚬菸屁股,HOLD,1
SOFI,2026-09-18,45.0,0.08,7235,1,78.12521875,78,18.440000534057617,🚬菸屁股,HOLD,1
SOFI,2026-11-20,33.0,0.41,1344,1,69.5315546875,141,18.440000534057617,🚬菸屁股,HOLD,1
SOFI,2026-12-18,31.0,0.78,900,1,68.35969140625001,169,18.440000534057617,🚬菸屁股,HOLD,1
DKNG,2026-08-21,42.5,0.04,856,1,78.711150390625,50,25.770000457763672,🚬菸屁股,HOLD,1
DKNG,2026-09-18,50.0,0.17,3129,1,83.39860351562498,78,25.770000457763672,🚬菸屁股,HOLD,1
DKNG,2026-09-18,55.0,0.02,2594,1,71.48466015625,78,25.770000457763672,🚬菸屁股,HOLD,1
DKNG,2026-09-18,60.0,0.01,2660,1,92.38288867187501,78,25.770000457763672,🚬菸屁股,HOLD,1
DKNG,2026-12-18,43.0,0.55,5446,1,57.0316796875,169,25.770000457763672,🚬菸屁股,HOLD,1
DKNG,2026-12-18,60.0,0.12,1040,1,69.43389941406251,169,25.770000457763672,🚬菸屁股,HOLD,1
DKNG,2027-01-15,50.0,0.36,14604,1,61.81678808593751,197,25.770000457763672,🚬菸屁股,HOLD,1
DKNG,2027-01-15,70.0,0.1,3802,1,66.01596484375001,197,25.770000457763672,🚬菸屁股,HOLD,1
DKNG,2028-01-21,20.0,10.3,1598,1,70.75224560546876,568,25.770000457763672,🔭LEAPS,HOLD,1
DKNG,2028-01-21,25.0,8.94,3690,1,71.96072961425782,568,25.770000457763672,🔭LEAPS,HOLD,1
DKNG,2028-01-21,35.0,4.62,885,1,63.64782446289063,568,25.770000457763672,🔭LEAPS,HOLD,1
DKNG,2028-01-21,37.5,3.9,19827,1,55.884230224609375,568,25.770000457763672,🔭LEAPS,HOLD,1
DKNG,2028-01-21,42.5,3.59,1675,1,57.76409423828125,568,25.770000457763672,🔭LEAPS,HOLD,1
IREN,2026-08-21,130.0,0.3,762,1,138.8674931640625,50,43.31999969482422,🚬菸屁股,HOLD,1
IREN,2026-09-18,125.0,0.6,983,1,120.01993115234374,78,43.31999969482422,🚬菸屁股,HOLD,1
U,2027-01-15,70.0,0.79,2760,1,76.75804492187501,197,30.190000534057617,🚬菸屁股,HOLD,1
PATH,2026-08-21,30.0,0.02,1805,1,117.1879140625,50,11.550000190734863,🚬菸屁股,HOLD,1
PATH,2028-01-21,22.0,2.2,3473,1,77.53928710937501,568,11.550000190734863,🔭LEAPS,HOLD,1
HOOD,2026-07-17,175.0,0.01,2510,1,100.78174609374999,15,108.6500015258789,🚬菸屁股,HOLD,1
ZM,2026-07-17,120.0,0.01,1041,1,58.20354296875,15,90.12999725341797,🚬菸屁股,HOLD,1
ZM,2026-08-21,125.0,0.23,1082,1,54.19967675781252,50,90.12999725341797,🚬菸屁股,HOLD,1
XYZ,2026-12-18,145.0,0.58,1471,1,51.44091528320311,169,77.12999725341797,🚬菸屁股,HOLD,1
OPEN,2026-08-21,12.0,0.06,1297,1,131.25034374999998,50,4.940000057220459,🚬菸屁股,HOLD,1
OPEN,2026-09-18,11.0,0.09,1164,1,119.922275390625,78,4.940000057220459,🚬菸屁股,HOLD,1
NTLA,2027-01-15,42.0,0.65,915,1,85.937640625,197,17.239999771118164,🚬菸屁股,HOLD,1
NTLA,2028-01-21,7.5,12.0,902,1,108.7895185546875,568,17.239999771118164,🔭LEAPS,HOLD,1
PACB,2027-01-15,5.0,0.25,3145,1,116.01604492187501,197,1.7400000095367432,🚬菸屁股,HOLD,1
ONDS,2026-09-18,19.0,0.16,1056,1,118.9457177734375,78,7.920000076293945,🚬菸屁股,HOLD,1
ONDS,2026-09-18,21.0,0.11,2367,1,129.297228515625,78,7.920000076293945,🚬菸屁股,HOLD,1
ONDS,2027-01-15,27.0,0.33,7217,1,108.3988955078125,197,7.920000076293945,🚬菸屁股,HOLD,1
LUNR,2026-07-17,34.0,0.05,2563,1,127.34411328124997,15,20.200000762939453,🚬菸屁股,HOLD,1
LUNR,2026-07-17,36.0,0.09,1687,1,130.46909765624997,15,20.200000762939453,🚬菸屁股,HOLD,1
LUNR,2028-01-21,32.0,8.6,1210,1,117.48088134765624,568,20.200000762939453,🔭LEAPS,HOLD,1
LUNR,2028-01-21,35.0,8.7,767,1,114.01410180664064,568,20.200000762939453,🔭LEAPS,HOLD,1
JOBY,2026-07-17,17.0,0.01,1294,1,134.37532812499998,15,8.84000015258789,🚬菸屁股,HOLD,1
JOBY,2027-01-15,27.0,0.33,1493,1,94.14068359375,197,8.84000015258789,🚬菸屁股,HOLD,1
ACHR,2028-01-21,17.0,0.81,1297,1,95.6055126953125,568,4.920000076293945,🔭LEAPS,HOLD,1
SMR,2027-01-15,27.0,0.78,1432,1,113.96527392578126,197,10.149999618530273,🚬菸屁股,HOLD,1
SMR,2027-01-15,35.0,0.54,3286,1,122.07070214843749,197,10.149999618530273,🚬菸屁股,HOLD,1
NNE,2026-07-17,32.0,0.06,869,1,123.43788281249999,15,20.75,🚬菸屁股,HOLD,1
ABT,2026-08-21,115.0,0.18,1466,1,42.774009765625,50,92.18000030517578,🚬菸屁股,HOLD,1
ABT,2027-01-15,140.0,0.35,1583,1,37.9889013671875,197,92.18000030517578,🚬菸屁股,HOLD,1
ABT,2027-01-15,155.0,0.1,2134,1,41.846284667968746,197,92.18000030517578,🚬菸屁股,HOLD,1
ABT,2028-01-21,150.0,2.4,1127,1,36.6217275390625,568,92.18000030517578,🔭LEAPS,HOLD,1
ACN,2026-08-21,220.0,0.08,1121,1,63.574583007812514,50,131.1300048828125,🚬菸屁股,HOLD,1
ACN,2026-09-18,280.0,0.1,941,1,63.7698935546875,78,131.1300048828125,🚬菸屁股,HOLD,1
ACN,2026-09-18,350.0,0.02,1036,1,88.08605664062499,78,131.1300048828125,🚬菸屁股,HOLD,1
ACN,2027-01-15,280.0,0.55,815,1,51.24560473632812,197,131.1300048828125,🚬菸屁股,HOLD,1
ACN,2027-01-15,300.0,0.45,4856,1,53.4184345703125,197,131.1300048828125,🚬菸屁股,HOLD,1
ACN,2027-01-15,320.0,0.24,972,1,55.39595385742189,197,131.1300048828125,🚬菸屁股,HOLD,1
ACN,2027-01-15,370.0,0.23,1059,1,62.9886513671875,197,131.1300048828125,🚬菸屁股,HOLD,1
ACN,2027-01-15,380.0,0.1,972,1,64.77086010742188,197,131.1300048828125,🚬菸屁股,HOLD,1
ACN,2028-01-21,280.0,5.7,2085,1,50.647466186523424,568,131.1300048828125,🔭LEAPS,HOLD,1
ACN,2028-01-21,400.0,1.8,1803,1,51.111328735351556,568,131.1300048828125,🔭LEAPS,HOLD,1
ADBE,2026-07-17,340.0,0.01,1300,1,85.54701953125,15,210.97999572753906,🚬菸屁股,HOLD,1
ADBE,2026-08-21,385.0,0.1,1298,1,66.69955175781253,50,210.97999572753906,🚬菸屁股,HOLD,1
ADBE,2026-08-21,395.0,0.39,1485,1,100.14698364257812,50,210.97999572753906,🚬菸屁股,HOLD,1
ADBE,2026-08-21,420.0,0.35,870,1,86.67005517578124,50,210.97999572753906,🚬菸屁股,HOLD,1
ADBE,2026-09-18,490.0,0.3,756,1,80.27363476562499,78,210.97999572753906,🚬菸屁股,HOLD,1
ADBE,2026-09-18,520.0,0.4,957,1,84.47281152343749,78,210.97999572753906,🚬菸屁股,HOLD,1
ADBE,2026-11-20,485.0,0.28,801,1,75.63500927734376,141,210.97999572753906,🚬菸屁股,HOLD,1
ADBE,2026-12-18,500.0,0.72,1148,1,62.915409912109375,169,210.97999572753906,🚬菸屁股,HOLD,1
ADBE,2028-01-21,540.0,6.87,957,1,51.52026019287108,568,210.97999572753906,🔭LEAPS,HOLD,1
GOOGL,2026-07-17,500.0,0.1,2024,1,53.51608984375,15,361.2099914550781,🚬菸屁股,HOLD,1
GOOGL,2026-07-17,600.0,0.01,1872,1,77.3439765625,15,361.2099914550781,🚬菸屁股,HOLD,1
GOOGL,2026-08-21,580.0,0.1,3698,1,47.26615234375,50,361.2099914550781,🚬菸屁股,HOLD,1
GOOGL,2026-09-18,495.0,0.95,974,1,39.70397210693359,78,361.2099914550781,🚬菸屁股,HOLD,1
GOOGL,2026-09-18,630.0,0.25,1000,1,50.48877636718749,78,361.2099914550781,🚬菸屁股,HOLD,1
GOOGL,2026-10-16,530.0,0.96,11394,1,39.71007556152344,106,361.2099914550781,🚬菸屁股,HOLD,1
GOOGL,2026-10-16,540.0,0.89,11557,1,40.00304138183594,106,361.2099914550781,🚬菸屁股,HOLD,1
GOOGL,2026-10-16,550.0,0.58,1796,1,40.65000756835938,106,361.2099914550781,🚬菸屁股,HOLD,1
AMZN,2026-10-16,380.0,0.54,5411,1,43.164630859375,106,241.6999969482422,🚬菸屁股,HOLD,1
T,2026-07-17,31.0,0.03,2343,1,71.87528125,15,20.479999542236328,🚬菸屁股,HOLD,1
T,2026-07-17,32.0,0.01,1278,1,87.500125,15,20.479999542236328,🚬菸屁股,HOLD,1
T,2026-07-17,34.0,0.02,866,1,93.7500625,15,20.479999542236328,🚬菸屁股,HOLD,1
T,2026-07-17,35.0,0.03,1150,1,96.87503124999999,15,20.479999542236328,🚬菸屁股,HOLD,1
T,2026-08-21,28.0,0.03,6308,1,46.0942890625,50,20.479999542236328,🚬菸屁股,HOLD,1
T,2026-08-21,30.0,0.02,813,1,50.39112109375,50,20.479999542236328,🚬菸屁股,HOLD,1
T,2026-09-18,32.0,0.03,3701,1,48.04739453125,78,20.479999542236328,🚬菸屁股,HOLD,1
T,2026-10-16,28.0,0.12,1899,1,43.7505625,106,20.479999542236328,🚬菸屁股,HOLD,1
T,2028-01-21,37.0,0.2,933,1,31.00654931640625,568,20.479999542236328,🔭LEAPS,HOLD,1
BSX,2026-07-17,70.0,0.03,4230,1,91.4063359375,15,43.060001373291016,🚬菸屁股,HOLD,1
BSX,2026-07-17,75.0,0.05,5179,1,111.71919140624999,15,43.060001373291016,🚬菸屁股,HOLD,1
BSX,2026-08-21,70.0,0.06,962,1,69.2385888671875,50,43.060001373291016,🚬菸屁股,HOLD,1
BSX,2026-08-21,85.0,0.2,1744,1,95.70316796875,50,43.060001373291016,🚬菸屁股,HOLD,1
BSX,2026-09-18,65.0,0.25,4041,1,52.4418818359375,78,43.060001373291016,🚬菸屁股,HOLD,1
BSX,2026-09-18,90.0,0.05,1095,1,89.257919921875,78,43.060001373291016,🚬菸屁股,HOLD,1
BSX,2027-01-15,85.0,0.3,1055,1,50.537604003906246,197,43.060001373291016,🚬菸屁股,HOLD,1
BSX,2027-01-15,105.0,0.28,3426,1,69.18976123046876,197,43.060001373291016,🚬菸屁股,HOLD,1
BSX,2027-01-15,115.0,0.25,2485,1,83.25212060546873,197,43.060001373291016,🚬菸屁股,HOLD,1
BSX,2027-01-15,120.0,0.1,949,1,63.867548828124995,197,43.060001373291016,🚬菸屁股,HOLD,1
BSX,2028-01-21,80.0,2.75,2833,1,49.03615417480469,568,43.060001373291016,🔭LEAPS,HOLD,1
BSX,2028-01-21,90.0,1.96,1919,1,53.56491748046876,568,43.060001373291016,🔭LEAPS,HOLD,1
BSX,2028-01-21,150.0,0.35,923,1,51.562984375,568,43.060001373291016,🔭LEAPS,HOLD,1
BMY,2026-12-18,75.0,0.56,2416,1,32.39813696289062,169,56.439998626708984,🚬菸屁股,HOLD,1
BMY,2027-01-15,80.0,0.39,2510,1,35.1568984375,197,56.439998626708984,🚬菸屁股,HOLD,1
AVGO,2026-07-17,620.0,0.01,1335,1,89.257919921875,15,369.3399963378906,🚬菸屁股,HOLD,1
AVGO,2026-07-17,640.0,0.09,1628,1,87.10950390625,15,369.3399963378906,🚬菸屁股,HOLD,1
AVGO,2026-08-21,740.0,0.07,1402,1,65.23472265625001,50,369.3399963378906,🚬菸屁股,HOLD,1
CMG,2026-07-17,45.0,0.02,900,1,52.3442265625,15,35.0,🚬菸屁股,HOLD,1
CMG,2026-12-18,52.5,0.33,890,1,43.82380395507813,169,35.0,🚬菸屁股,HOLD,1
CMG,2026-12-18,58.4,0.19,1851,1,55.37154003906251,169,35.0,🚬菸屁股,HOLD,1
CMG,2026-12-18,64.5,0.25,2357,1,50.83056982421875,169,35.0,🚬菸屁股,HOLD,1
CMG,2026-12-18,75.0,0.11,1447,1,54.297332031250015,169,35.0,🚬菸屁股,HOLD,1
CMG,2026-12-18,96.0,0.02,4515,1,55.078574218750006,169,35.0,🚬菸屁股,HOLD,1
CMG,2027-01-15,57.5,0.27,2402,1,45.0200810546875,197,35.0,🚬菸屁股,HOLD,1
CMG,2027-01-15,80.0,0.06,3339,1,51.17236328125,197,35.0,🚬菸屁股,HOLD,1
CMG,2028-01-21,47.5,3.68,1050,1,43.78718322753906,568,35.0,🔭LEAPS,HOLD,1
KO,2027-01-15,110.0,0.11,2988,1,20.948056152343746,197,81.29000091552734,🚬菸屁股,HOLD,1
KO,2028-01-21,90.0,5.58,1472,1,22.0161607055664,568,81.29000091552734,🔭LEAPS,HOLD,1
KO,2028-01-21,95.0,4.25,2102,1,24.71388763427734,568,81.29000091552734,🔭LEAPS,HOLD,1
CTSH,2026-07-17,55.0,0.03,1479,1,88.67198828125,15,41.06999969482422,🚬菸屁股,HOLD,1
CTSH,2026-12-18,85.0,0.15,5163,1,57.86174951171875,169,41.06999969482422,🚬菸屁股,HOLD,1
CPRT,2027-01-15,40.0,0.45,2059,1,36.7193828125,197,28.790000915527344,🚬菸屁股,HOLD,1
CPRT,2028-01-21,42.5,1.62,1127,1,39.66124792480469,568,28.790000915527344,🔭LEAPS,HOLD,1
FIS,2026-07-17,45.0,0.15,1323,1,40.7232490234375,15,40.79999923706055,🚬菸屁股,HOLD,1
FIS,2026-07-17,50.0,0.11,971,1,67.96907031250001,15,40.79999923706055,🚬菸屁股,HOLD,1
FISV,2026-09-18,90.0,0.25,2352,1,63.281617187500004,78,50.72999954223633,🚬菸屁股,HOLD,1
FISV,2026-09-18,95.0,0.15,1299,1,58.984785156250005,78,50.72999954223633,🚬菸屁股,HOLD,1
FISV,2026-12-18,190.0,0.02,878,1,66.79720703125001,169,50.72999954223633,🚬菸屁股,HOLD,1
FISV,2027-01-15,130.0,0.2,1049,1,57.129334960937506,197,50.72999954223633,🚬菸屁股,HOLD,1
FISV,2027-01-15,160.0,0.1,758,1,58.984785156250005,197,50.72999954223633,🚬菸屁股,HOLD,1
FISV,2027-01-15,200.0,0.05,798,1,73.633076171875,197,50.72999954223633,🚬菸屁股,HOLD,1
FISV,2027-01-15,250.0,0.05,807,1,72.6565234375,197,50.72999954223633,🚬菸屁股,HOLD,1
FISV,2028-01-21,130.0,1.65,1613,1,51.807122558593754,568,50.72999954223633,🔭LEAPS,HOLD,1
FISV,2028-01-21,150.0,0.8,879,1,55.762161132812516,568,50.72999954223633,🔭LEAPS,HOLD,1
FISV,2028-01-21,160.0,0.85,1430,1,53.39402075195312,568,50.72999954223633,🔭LEAPS,HOLD,1
GILD,2028-01-21,155.0,9.6,2470,1,32.031929687499996,568,125.97000122070312,🔭LEAPS,HOLD,1
HPE,2026-07-17,58.0,0.12,1581,1,66.79720703125001,15,43.95000076293945,🚬菸屁股,HOLD,1
TGT,2026-09-18,170.0,0.5,1258,1,39.3560751953125,78,130.2899932861328,🚬菸屁股,HOLD,1
META,2026-07-17,1290.0,0.06,1069,1,105.85984570312502,15,612.9099731445312,🚬菸屁股,HOLD,1
META,2026-12-18,1420.0,0.89,832,1,53.802952209472664,169,612.9099731445312,🚬菸屁股,HOLD,1
WMT,2026-09-18,195.0,0.04,8632,1,50.0005,78,108.81999969482422,🚬菸屁股,HOLD,1
WMT,2026-12-18,165.0,0.25,1518,1,34.961587890625,169,108.81999969482422,🚬菸屁股,HOLD,1
NOW,2026-07-17,190.0,0.01,1084,1,101.172369140625,15,105.80000305175781,🚬菸屁股,HOLD,1
NOW,2026-09-18,300.0,0.3,969,1,95.01958105468748,78,105.80000305175781,🚬菸屁股,HOLD,1
NOW,2028-01-21,260.0,8.0,770,1,65.80234393310546,568,105.80000305175781,🔭LEAPS,HOLD,1
CRM,2026-07-17,300.0,0.03,928,1,98.82813671875,15,163.22999572753906,🚬菸屁股,HOLD,1
CRM,2026-09-18,270.0,0.55,1507,1,57.25140405273439,78,163.22999572753906,🚬菸屁股,HOLD,1
CRM,2027-01-15,430.0,0.43,1007,1,57.47112841796876,197,163.22999572753906,🚬菸屁股,HOLD,1
CRM,2027-01-15,500.0,0.25,2127,1,60.74258007812501,197,163.22999572753906,🚬菸屁股,HOLD,1
CRM,2028-01-21,380.0,6.3,1953,1,50.940432006835934,568,163.22999572753906,🔭LEAPS,HOLD,1
NFLX,2026-07-17,135.0,0.01,1206,1,103.12548437500001,15,74.19000244140625,🚬菸屁股,HOLD,1
NFLX,2026-07-17,160.0,0.04,926,1,121.875390625,15,74.19000244140625,🚬菸屁股,HOLD,1
NFLX,2026-07-17,180.0,0.02,1126,1,139.06280468749998,15,74.19000244140625,🚬菸屁股,HOLD,1
NFLX,2026-08-21,106.0,0.24,828,1,52.88133056640626,50,74.19000244140625,🚬菸屁股,HOLD,1
NFLX,2026-08-21,112.0,0.17,1299,1,56.1527822265625,50,74.19000244140625,🚬菸屁股,HOLD,1
NFLX,2026-08-21,126.0,0.1,759,1,62.69568554687501,50,74.19000244140625,🚬菸屁股,HOLD,1
NFLX,2026-08-21,128.0,0.15,918,1,63.867548828124995,50,74.19000244140625,🚬菸屁股,HOLD,1
NFLX,2026-08-21,135.0,0.09,858,1,66.99251757812502,50,74.19000244140625,🚬菸屁股,HOLD,1
NFLX,2026-08-21,152.0,0.05,787,1,73.437765625,50,74.19000244140625,🚬菸屁股,HOLD,1
NFLX,2026-09-18,96.0,0.77,1995,1,46.48491015625,78,74.19000244140625,🚬菸屁股,HOLD,1
NFLX,2026-09-18,104.0,0.39,761,1,50.48877636718749,78,74.19000244140625,🚬菸屁股,HOLD,1
NFLX,2026-09-18,124.0,0.25,1379,1,53.613745117187506,78,74.19000244140625,🚬菸屁股,HOLD,1
NFLX,2026-09-18,126.0,0.25,1051,1,52.734847656250004,78,74.19000244140625,🚬菸屁股,HOLD,1
NFLX,2026-09-18,138.0,0.14,2000,1,66.69955175781253,78,74.19000244140625,🚬菸屁股,HOLD,1
NFLX,2026-09-18,140.0,0.11,2240,1,58.39885351562499,78,74.19000244140625,🚬菸屁股,HOLD,1
NFLX,2026-09-18,170.0,0.15,909,1,79.687703125,78,74.19000244140625,🚬菸屁股,HOLD,1
NFLX,2026-11-20,130.0,0.26,2169,1,52.58836474609375,141,74.19000244140625,🚬菸屁股,HOLD,1
NFLX,2026-12-18,112.0,0.89,1355,1,47.730014892578126,169,74.19000244140625,🚬菸屁股,HOLD,1
NFLX,2026-12-18,116.0,0.92,1436,1,46.24077197265626,169,74.19000244140625,🚬菸屁股,HOLD,1
NFLX,2026-12-18,140.0,0.43,5528,1,50.04932763671876,169,74.19000244140625,🚬菸屁股,HOLD,1
NFLX,2026-12-18,230.0,0.09,862,1,91.33309448242188,169,74.19000244140625,🚬菸屁股,HOLD,1
NFLX,2026-12-18,266.0,0.04,5156,1,68.7503125,169,74.19000244140625,🚬菸屁股,HOLD,1
NFLX,2027-01-15,142.0,0.28,2313,1,51.465329101562496,197,74.19000244140625,🚬菸屁股,HOLD,1
NFLX,2027-01-15,152.0,0.25,1082,1,52.58836474609375,197,74.19000244140625,🚬菸屁股,HOLD,1
NFLX,2027-01-15,154.0,0.36,825,1,50.19581054687501,197,74.19000244140625,🚬菸屁股,HOLD,1
NFLX,2027-01-15,165.0,0.25,2197,1,52.78367529296876,197,74.19000244140625,🚬菸屁股,HOLD,1
NFLX,2027-01-15,210.0,0.17,1533,1,56.543403320312514,197,74.19000244140625,🚬菸屁股,HOLD,1
NFLX,2027-01-15,229.0,0.16,1606,1,71.28934960937501,197,74.19000244140625,🚬菸屁股,HOLD,1
NFLX,2027-01-15,252.0,0.1,757,1,66.79720703125001,197,74.19000244140625,🚬菸屁股,HOLD,1
NFLX,2027-01-15,256.0,0.08,1832,1,64.648791015625,197,74.19000244140625,🚬菸屁股,HOLD,1
NFLX,2027-01-15,265.0,0.07,1596,1,65.23472265625001,197,74.19000244140625,🚬菸屁股,HOLD,1
NFLX,2028-01-21,88.0,12.0,773,1,50.131724273681655,568,74.19000244140625,🔭LEAPS,HOLD,1
NFLX,2028-01-21,111.0,6.45,855,1,46.222461608886725,568,74.19000244140625,🔭LEAPS,HOLD,1
NFLX,2028-01-21,112.0,6.6,2336,1,48.7431883544922,568,74.19000244140625,🔭LEAPS,HOLD,1
NFLX,2028-01-21,116.0,5.48,5628,1,46.265185791015625,568,74.19000244140625,🔭LEAPS,HOLD,1
NFLX,2028-01-21,225.0,0.78,807,1,50.537604003906246,568,74.19000244140625,🔭LEAPS,HOLD,1
NFLX,2028-06-16,130.0,5.98,828,1,48.04129107666015,715,74.19000244140625,🔭LEAPS,HOLD,1
CHWY,2026-09-18,37.5,0.07,1592,1,64.648791015625,78,20.600000381469727,🚬菸屁股,HOLD,1
CHWY,2026-09-18,55.0,0.02,3025,1,88.2813671875,78,20.600000381469727,🚬菸屁股,HOLD,1
CHWY,2026-11-20,40.0,0.13,1123,1,57.42230078125,141,20.600000381469727,🚬菸屁股,HOLD,1
COUR,2028-01-21,3.0,3.7,2194,1,86.52357226562499,568,5.980000019073486,🔭LEAPS,HOLD,1
JOBY,2026-07-17,18.0,0.01,2414,63,175.000125,15,8.84000015258789,🚀點火(2.7x) ⚠️IV頂峰 🚬菸屁股 ⚠️尾段價外(104%) ⚠️暴動高IV(175%),BUY_WATCH,-2
CRWV,2026-07-17,175.0,0.04,958,4,159.17989160156247,15,85.68499755859375,🚀點火(4.0x) ⚠️IV頂峰 🚬菸屁股 ⚠️尾段價外(104%) ⚠️暴動高IV(159%),BUY_WATCH,-2
