Stock,Expiry,Strike,Ask,OpenInterest,Volume,IV,DTE,Spot,Tags,Action,Score
NVDA,2026-10-16,255.0,1.66,5154,8010,41.13828393554687,49,209.66000366210938,🚨異常掃貨 🆕新倉暴量,STRONG_BUY,8
PCG,2026-09-18,19.0,0.73,164447,3326,56.9340244140625,21,18.219999313354492,🚀點火(12.9x) 🚬菸屁股 🔥萬人塚,BUY_WATCH,8
PCG,2026-09-18,20.0,0.5,317104,1669,57.42230078125,21,18.219999313354492,🚀點火(6.4x) 🚬菸屁股 🔥萬人塚,BUY_WATCH,8
NVDA,2028-01-21,300.0,18.0,94535,1082,43.936717864990236,511,209.66000366210938,🚀點火(3.4x) 🔭LEAPS 🔥萬人塚,BUY_WATCH,8
TSLA,2027-01-15,960.0,0.63,111398,519,67.82258740234376,140,345.82000732421875,🚀點火(5.2x) 🚬菸屁股 🔥萬人塚,BUY_WATCH,8
IBIT,2028-06-16,100.0,3.45,32324,303,56.00629931640625,658,44.459999084472656,🚀點火(13.8x) 🔭LEAPS 🔥萬人塚,BUY_WATCH,8
NVDA,2028-01-21,400.0,7.25,51276,222,43.665114135742186,511,209.66000366210938,🚀點火(3.3x) 🔭LEAPS 🔥萬人塚,BUY_WATCH,8
META,2026-08-28,610.0,0.76,1752,9938,52.78367529296876,0,576.1400146484375,🎲末日結算 🚨異常掃貨 🆕新倉暴量 🚬菸屁股,GAMBLE,7
META,2026-08-28,620.0,0.39,2461,9653,55.42036767578126,0,576.1400146484375,🎲末日結算 🚨異常掃貨 🆕新倉暴量 🚬菸屁股,GAMBLE,7
AMZN,2026-08-28,267.5,0.49,5269,8093,35.40103662109374,0,260.2799987792969,🎲末日結算 🚨異常掃貨 🆕新倉暴量 🚬菸屁股,GAMBLE,7
WMT,2026-08-28,104.0,0.94,3634,5268,25.977302734375,0,104.33999633789062,🎲末日結算 🚨異常掃貨 🆕新倉暴量 🚬菸屁股,GAMBLE,7
BA,2026-08-28,215.0,0.91,2511,3250,34.0826904296875,0,212.08999633789062,🎲末日結算 🚨異常掃貨 🆕新倉暴量 🚬菸屁股,GAMBLE,7
META,2026-08-28,630.0,0.25,1794,2326,60.84023535156251,0,576.1400146484375,🎲末日結算 🚨異常掃貨 🆕新倉暴量 🚬菸屁股,GAMBLE,7
BA,2026-08-28,222.5,0.1,1492,2230,37.305314453125,0,212.08999633789062,🎲末日結算 🚨異常掃貨 🆕新倉暴量 🚬菸屁股,GAMBLE,7
META,2026-08-28,615.0,0.58,923,2225,54.49264257812501,0,576.1400146484375,🎲末日結算 🚨異常掃貨 🆕新倉暴量 🚬菸屁股,GAMBLE,7
RDDT,2026-08-28,165.0,0.47,1564,1900,69.2385888671875,0,155.36000061035156,🎲末日結算 🚨異常掃貨 🆕新倉暴量 🚬菸屁股,GAMBLE,7
META,2026-08-28,640.0,0.17,801,1520,65.03941210937501,0,576.1400146484375,🎲末日結算 🚨異常掃貨 🆕新倉暴量 🚬菸屁股,GAMBLE,7
BA,2026-08-28,217.5,0.4,1031,1400,35.547519531249996,0,212.08999633789062,🎲末日結算 🚨異常掃貨 🆕新倉暴量 🚬菸屁股,GAMBLE,7
META,2026-08-28,635.0,0.2,752,917,63.281617187500004,0,576.1400146484375,🎲末日結算 🚨異常掃貨 🆕新倉暴量 🚬菸屁股,GAMBLE,7
NVDA,2026-08-28,220.0,2.67,60397,100171,104.39500927734377,0,209.66000366210938,🎲末日結算 🚨異常掃貨 🆕新倉暴量 🔥萬人塚 ⚠️暴動高IV(104%),GAMBLE,6
NVDA,2026-08-28,225.0,1.68,60345,73023,104.56590686035159,0,209.66000366210938,🎲末日結算 🚨異常掃貨 🆕新倉暴量 🔥萬人塚 ⚠️暴動高IV(105%),GAMBLE,6
META,2026-08-28,600.0,1.5,5728,54483,50.07374145507812,0,576.1400146484375,🎲末日結算 🚨異常掃貨 🆕新倉暴量,GAMBLE,6
SOFI,2026-08-28,19.5,0.1,38146,22451,59.375406250000005,0,18.84000015258789,🎲末日結算 🆕新倉暴量 🚬菸屁股 🔥萬人塚,GAMBLE,6
META,2026-08-28,590.0,3.13,2730,21839,48.59670544433594,0,576.1400146484375,🎲末日結算 🚨異常掃貨 🆕新倉暴量,GAMBLE,6
AMZN,2026-08-28,260.0,2.55,6866,17873,33.301448242187504,0,260.2799987792969,🎲末日結算 🚨異常掃貨 🆕新倉暴量,GAMBLE,6
PLTR,2026-08-28,182.5,1.32,6924,15280,60.74258007812501,0,177.5,🎲末日結算 🚨異常掃貨 🆕新倉暴量,GAMBLE,6
META,2026-08-28,585.0,4.52,6140,13624,48.657739990234376,0,576.1400146484375,🎲末日結算 🚨異常掃貨 🆕新倉暴量,GAMBLE,6
AAPL,2026-08-28,325.0,0.18,10538,13414,31.738963867187497,0,313.45001220703125,🎲末日結算 🚨異常掃貨 🆕新倉暴量 🚬菸屁股 🏛️機構場,GAMBLE,6
INTC,2026-08-28,88.0,2.05,6184,11311,74.85376708984376,0,88.23999786376953,🎲末日結算 🚨異常掃貨 🆕新倉暴量,GAMBLE,6
AMZN,2026-08-28,262.5,1.51,8882,11154,33.008482421874994,0,260.2799987792969,🎲末日結算 🚨異常掃貨 🆕新倉暴量,GAMBLE,6
IBIT,2026-12-18,60.0,0.82,22065,10422,46.7778759765625,112,44.459999084472656,🆕新倉暴量 🚬菸屁股,BUY_WATCH,6
META,2026-08-28,595.0,2.24,6044,7609,50.43994873046876,0,576.1400146484375,🎲末日結算 🚨異常掃貨 🆕新倉暴量,GAMBLE,6
META,2026-08-28,605.0,1.1,1333,5876,51.318846191406244,0,576.1400146484375,🎲末日結算 🚨異常掃貨 🆕新倉暴量,GAMBLE,6
NVDA,2026-10-16,270.0,0.85,9432,4957,42.358974853515626,49,209.66000366210938,🆕新倉暴量 🚬菸屁股,BUY_WATCH,6
NVDA,2026-10-16,280.0,0.57,10524,4956,43.48201049804688,49,209.66000366210938,🚀點火(11.8x) 🚬菸屁股,BUY_WATCH,6
AMZN,2026-08-28,257.5,4.04,1614,4011,35.10807080078124,0,260.2799987792969,🎲末日結算 🚨異常掃貨 🚀點火(3.6x),GAMBLE,6
JOBY,2026-10-16,11.0,0.06,7096,3820,77.3439765625,49,7.139999866485596,🚀點火(8.6x) 🚬菸屁股,BUY_WATCH,6
IBIT,2028-01-21,140.0,0.98,29632,3462,57.69085278320312,511,44.459999084472656,🚀點火(14.0x) 🔭LEAPS,BUY_WATCH,6
UPST,2026-09-18,35.0,0.52,4610,2962,60.44961425781252,21,30.469999313354492,🚀點火(9.4x) 🚬菸屁股,BUY_WATCH,6
META,2026-09-18,700.0,0.77,10720,2382,42.44442321777344,21,576.1400146484375,🆕新倉暴量 🚬菸屁股,BUY_WATCH,6
IBIT,2026-10-16,60.0,0.2,11933,2267,49.414568359375004,49,44.459999084472656,🚀點火(4.1x) 🚬菸屁股,BUY_WATCH,6
GOOG,2026-09-18,410.0,0.2,6609,1924,36.96352099609375,21,339.1000061035156,🚀點火(>50x) 🚬菸屁股,BUY_WATCH,6
IBIT,2028-01-21,100.0,2.06,16304,1834,54.35836657714845,511,44.459999084472656,🚀點火(11.8x) 🔭LEAPS,BUY_WATCH,6
ONDS,2026-09-18,8.0,0.69,7321,1631,70.117486328125,21,8.220000267028809,🚀點火(2.9x) 🚬菸屁股,BUY_WATCH,6
SOFI,2028-06-16,40.0,2.45,10300,1430,65.03941210937501,658,18.84000015258789,🚀點火(7.2x) 🔭LEAPS,BUY_WATCH,6
INTC,2026-10-16,130.0,0.92,23187,1345,70.898728515625,49,88.23999786376953,🚀點火(2.5x) 🚬菸屁股,BUY_WATCH,6
META,2026-10-16,800.0,0.91,4164,1192,43.72614868164062,49,576.1400146484375,🆕新倉暴量 🚬菸屁股,BUY_WATCH,6
NVDA,2026-10-16,290.0,0.38,9815,1169,44.727115234375,49,209.66000366210938,🚀點火(11.1x) 🚬菸屁股,BUY_WATCH,6
IBIT,2028-01-21,85.0,3.0,14549,1015,53.442848388671884,511,44.459999084472656,🚀點火(3.4x) 🔭LEAPS,BUY_WATCH,6
VST,2026-09-18,165.0,0.58,4986,933,46.99760034179688,21,140.02999877929688,🚀點火(7.2x) 🚬菸屁股,BUY_WATCH,6
SOFI,2028-06-16,30.0,3.7,21487,902,64.79527392578125,658,18.84000015258789,🚀點火(25.1x) 🔭LEAPS,BUY_WATCH,6
OKLO,2028-01-21,200.0,3.72,16645,875,99.57275817871094,511,41.599998474121094,🚀點火(39.8x) 🔭LEAPS,BUY_WATCH,6
TSLA,2026-12-18,990.0,0.37,19155,866,73.24245507812499,112,345.82000732421875,🚀點火(9.2x) 🚬菸屁股,BUY_WATCH,6
ACHR,2027-01-15,8.0,0.58,17196,849,83.007982421875,140,5.900000095367432,🚀點火(7.8x) 🚬菸屁股,BUY_WATCH,6
RKLB,2028-01-21,200.0,6.42,1332,734,81.54925677490235,511,66.18000030517578,🚀點火(28.2x) 🔭LEAPS,BUY_WATCH,6
INTC,2028-01-21,100.0,24.95,13593,700,71.08793560791015,511,88.23999786376953,🚀點火(2.7x) 🔭LEAPS,BUY_WATCH,6
INTC,2028-01-21,150.0,14.2,10484,645,69.86114123535157,511,88.23999786376953,🚀點火(3.1x) 🔭LEAPS,BUY_WATCH,6
ONDS,2026-12-18,11.0,0.76,4769,561,89.64854101562499,112,8.220000267028809,🚀點火(2.9x) 🚬菸屁股,BUY_WATCH,6
U,2026-09-18,50.0,0.5,3196,536,50.63525927734375,21,44.380001068115234,🚀點火(6.7x) 🚬菸屁股,BUY_WATCH,6
DKNG,2026-09-18,27.5,0.32,8899,495,49.31691308593751,21,24.780000686645508,🚀點火(3.7x) 🚬菸屁股,BUY_WATCH,6
WMT,2027-01-15,135.0,0.67,16996,468,28.955788574218744,140,104.33999633789062,🚀點火(7.1x) 🚬菸屁股,BUY_WATCH,6
OPEN,2026-09-18,3.5,0.21,1664,461,73.04714453125,21,3.4100000858306885,🆕新倉暴量 🚬菸屁股,BUY_WATCH,6
SOFI,2026-09-18,19.5,0.7,761,436,51.8559501953125,21,18.84000015258789,🆕新倉暴量 🚬菸屁股,BUY_WATCH,6
WMT,2026-11-20,125.0,0.75,3615,391,28.93137475585937,84,104.33999633789062,🚀點火(3.4x) 🚬菸屁股,BUY_WATCH,6
NVDA,2028-01-21,350.0,11.33,28556,380,44.10456286621094,511,209.66000366210938,🚀點火(6.7x) 🔭LEAPS,BUY_WATCH,6
OPEN,2027-01-15,15.0,0.05,18639,368,127.34411328124997,140,3.4100000858306885,🚀點火(13.1x) 🚬菸屁股,BUY_WATCH,6
SOFI,2026-10-16,30.0,0.05,5506,354,67.18782812500001,49,18.84000015258789,🚀點火(5.2x) 🚬菸屁股,BUY_WATCH,6
ONDS,2026-11-20,10.0,0.8,1630,349,88.18371191406248,84,8.220000267028809,🚀點火(10.6x) 🚬菸屁股,BUY_WATCH,6
SOFI,2026-12-18,28.0,0.49,10724,337,60.84023535156251,112,18.84000015258789,🚀點火(6.6x) 🚬菸屁股,BUY_WATCH,6
AMZN,2026-09-18,320.0,0.07,15386,327,35.547519531249996,21,260.2799987792969,🚀點火(16.4x) 🚬菸屁股,BUY_WATCH,6
NVDA,2028-01-21,220.0,40.46,9724,326,45.609064422607425,511,209.66000366210938,🚀點火(7.4x) 🔭LEAPS,BUY_WATCH,6
WMT,2026-10-16,125.0,0.2,5995,326,28.36985693359374,49,104.33999633789062,🚀點火(3.5x) 🚬菸屁股,BUY_WATCH,6
JOBY,2027-01-15,15.0,0.18,11051,318,86.52357226562499,140,7.139999866485596,🚀點火(4.9x) 🚬菸屁股,BUY_WATCH,6
ONDS,2027-01-15,13.0,0.68,3108,316,91.60164648437501,140,8.220000267028809,🚀點火(12.6x) 🚬菸屁股,BUY_WATCH,6
IBIT,2027-01-15,80.0,0.3,25172,270,53.51608984375,140,44.459999084472656,🚀點火(5.2x) 🚬菸屁股,BUY_WATCH,6
SOFI,2028-01-21,40.0,1.7,16795,261,64.30699755859376,511,18.84000015258789,🚀點火(3.3x) 🔭LEAPS,BUY_WATCH,6
MSTR,2027-01-15,1080.0,0.1,12181,236,116.60197949218751,140,123.19000244140625,🚀點火(2.7x) 🚬菸屁股,BUY_WATCH,6
MSTR,2028-01-21,200.0,29.75,6684,222,83.88077642822265,511,123.19000244140625,🚀點火(3.6x) 🔭LEAPS,BUY_WATCH,6
ASTS,2027-01-15,190.0,0.77,6547,219,101.51416430664062,140,59.880001068115234,🚀點火(4.3x) 🚬菸屁股,BUY_WATCH,6
SMR,2028-01-21,8.0,4.55,5197,214,100.1958115234375,511,9.270000457763672,🚀點火(5.8x) 🔭LEAPS,BUY_WATCH,6
PACB,2026-12-18,2.0,0.15,1558,206,97.6562734375,112,1.559999942779541,🚀點火(3.7x) 🚬菸屁股,BUY_WATCH,6
NVDA,2028-01-21,210.0,44.55,9862,180,46.750410430908204,511,209.66000366210938,🚀點火(3.3x) 🔭LEAPS,BUY_WATCH,6
JOBY,2026-11-20,8.0,0.72,2111,180,73.82838671875,84,7.139999866485596,🚀點火(6.4x) 🚬菸屁股,BUY_WATCH,6
SMCI,2028-01-21,100.0,5.32,4155,160,86.0352958984375,511,37.38999938964844,🚀點火(6.2x) 🔭LEAPS,BUY_WATCH,6
SOFI,2028-01-21,35.0,2.19,15634,157,63.42810009765626,511,18.84000015258789,🚀點火(6.5x) 🔭LEAPS,BUY_WATCH,6
SOFI,2026-10-16,28.0,0.09,1385,144,60.15664843750002,49,18.84000015258789,🚀點火(6.5x) 🚬菸屁股,BUY_WATCH,6
ACHR,2027-01-15,12.0,0.21,25651,130,88.2813671875,140,5.900000095367432,🚀點火(5.9x) 🚬菸屁股,BUY_WATCH,6
TSLA,2028-01-21,990.0,8.9,6141,119,55.99714413452149,511,345.82000732421875,🚀點火(3.5x) 🔭LEAPS,BUY_WATCH,6
WMT,2028-01-21,130.0,7.2,4501,117,32.581240600585936,511,104.33999633789062,🚀點火(4.5x) 🔭LEAPS,BUY_WATCH,6
ONDS,2026-12-18,13.0,0.53,4101,114,88.476677734375,112,8.220000267028809,🚀點火(2.7x) 🚬菸屁股,BUY_WATCH,6
JOBY,2026-10-16,12.0,0.03,2357,110,75.7814921875,49,7.139999866485596,🚀點火(3.1x) 🚬菸屁股,BUY_WATCH,6
AMZN,2026-10-16,320.0,0.57,7189,95,32.593447509765625,49,260.2799987792969,🚀點火(4.3x) 🚬菸屁股,BUY_WATCH,6
SOFI,2026-11-20,30.0,0.19,6469,93,62.500375000000005,84,18.84000015258789,🚀點火(3.7x) 🚬菸屁股,BUY_WATCH,6
PATH,2028-01-21,20.0,4.82,7828,93,74.90259472656251,511,16.760000228881836,🚀點火(2.7x) 🔭LEAPS,BUY_WATCH,6
ACHR,2028-01-21,15.0,0.95,13848,78,89.062609375,511,5.900000095367432,🚀點火(2.6x) 🔭LEAPS,BUY_WATCH,6
NVDA,2027-01-15,400.0,0.37,6454,74,50.281258911132824,140,209.66000366210938,🚀點火(3.0x) 🚬菸屁股,BUY_WATCH,6
INTC,2026-12-18,195.0,0.7,6047,71,78.19846020507812,112,88.23999786376953,🚀點火(2.6x) 🚬菸屁股,BUY_WATCH,6
AMZN,2026-10-16,340.0,0.19,3887,66,33.936207519531244,49,260.2799987792969,🚀點火(3.0x) 🚬菸屁股,BUY_WATCH,6
NVDA,2026-08-28,215.0,4.15,32715,48014,103.66259106445317,0,209.66000366210938,🎲末日結算 🚨異常掃貨 🔥萬人塚,GAMBLE,5
NVDA,2026-08-28,250.0,0.14,24514,29718,115.8207333984375,0,209.66000366210938,🎲末日結算 🚨異常掃貨 🆕新倉暴量 🚬菸屁股 ⚠️暴動高IV(116%),GAMBLE,5
AAPL,2026-08-28,317.5,1.15,5766,20398,29.810272216796868,0,313.45001220703125,🎲末日結算 🚨異常掃貨 🆕新倉暴量 🏛️機構場,GAMBLE,5
NVDA,2026-09-18,225.0,3.9,52084,20230,44.89801196289062,21,209.66000366210938,🚀點火(2.6x) 🔥萬人塚,HOLD,5
NVDA,2026-09-18,245.0,1.03,34852,14810,46.0942890625,21,209.66000366210938,🚀點火(5.4x) 🔥萬人塚,HOLD,5
MSFT,2026-08-28,500.0,2.83,6612,13768,31.11641149902343,0,496.3699951171875,🎲末日結算 🚨異常掃貨 🆕新倉暴量 🏛️機構場,GAMBLE,5
INTC,2026-10-16,110.0,2.47,52166,11490,65.90610266113282,49,88.23999786376953,🚀點火(4.6x) 🔥萬人塚,HOLD,5
NVDA,2026-09-18,300.0,0.1,30499,10971,58.5941640625,21,209.66000366210938,🚀點火(6.1x) 🚬菸屁股 🔥萬人塚 ⚠️尾段價外(43%),BUY_WATCH,5
IBIT,2027-01-15,50.0,3.02,47230,10084,45.91118542480469,140,44.459999084472656,🚀點火(4.1x) 🔥萬人塚,HOLD,5
MSTR,2026-08-28,150.0,0.07,6821,8751,121.09414453124998,0,123.19000244140625,🎲末日結算 🚨異常掃貨 🆕新倉暴量 🚬菸屁股 ⚠️暴動高IV(121%),GAMBLE,5
NVDA,2026-09-18,270.0,0.27,30154,6894,50.6840869140625,21,209.66000366210938,🚀點火(14.3x) 🚬菸屁股 🔥萬人塚 ⚠️尾段價外(29%),BUY_WATCH,5
GOOG,2026-08-28,340.0,2.6,5287,6370,31.104204589843743,0,339.1000061035156,🎲末日結算 🚨異常掃貨 🆕新倉暴量 🏛️機構場,GAMBLE,5
NVDA,2026-09-18,200.0,15.0,43667,4947,50.02491381835939,21,209.66000366210938,🚀點火(4.5x) 🔥萬人塚,HOLD,5
HIMS,2026-08-28,31.5,0.2,1048,4005,83.98453515624999,0,29.829999923706055,🎲末日結算 🚨異常掃貨 🚀點火(2.5x) 🚬菸屁股 ⚠️暴動高IV(84%),GAMBLE,5
CRM,2026-08-28,237.5,0.5,2239,3661,122.65663671875001,0,205.6199951171875,🎲末日結算 🚨異常掃貨 🆕新倉暴量 🚬菸屁股 ⚠️暴動高IV(123%),GAMBLE,5
NVDA,2027-01-15,260.0,6.35,40177,3221,41.525853302001956,140,209.66000366210938,🚀點火(3.4x) 🔥萬人塚,HOLD,5
CRM,2026-08-28,240.0,0.38,1378,3120,122.8519482421875,0,205.6199951171875,🎲末日結算 🚨異常掃貨 🚀點火(3.7x) 🚬菸屁股 ⚠️暴動高IV(123%),GAMBLE,5
NVDA,2026-12-18,300.0,1.59,37006,2807,42.81063049316406,112,209.66000366210938,🚀點火(2.9x) 🔥萬人塚,HOLD,5
SMR,2026-08-28,9.0,0.41,1473,2707,99.60937890625,0,9.270000457763672,🎲末日結算 🚨異常掃貨 🆕新倉暴量 🚬菸屁股 ⚠️暴動高IV(100%),GAMBLE,5
CRWD,2026-08-28,220.0,0.76,1915,2691,142.67606787109375,0,189.17999267578125,🎲末日結算 🚨異常掃貨 🚀點火(3.5x) 🚬菸屁股 ⚠️暴動高IV(143%),GAMBLE,5
HIMS,2026-08-28,30.0,0.61,1160,2596,80.07832421875,0,29.829999923706055,🎲末日結算 🚨異常掃貨 🆕新倉暴量 🚬菸屁股 ⚠️暴動高IV(80%),GAMBLE,5
CRWD,2026-09-18,237.5,1.27,816,2546,63.89196264648438,21,189.17999267578125,🚨異常掃貨 🆕低基期(前日Vol18),STRONG_BUY,5
NVDA,2027-01-15,240.0,10.6,42082,2157,41.815767395019535,140,209.66000366210938,🚀點火(3.9x) 🔥萬人塚,HOLD,5
IBIT,2026-11-20,45.0,3.6,44222,2083,44.70270141601562,84,44.459999084472656,🚀點火(5.5x) 🔥萬人塚,HOLD,5
SMCI,2026-08-28,39.5,0.33,1124,1664,95.507857421875,0,37.38999938964844,🎲末日結算 🚨異常掃貨 🆕新倉暴量 🚬菸屁股 ⚠️暴動高IV(96%),GAMBLE,5
CRWD,2026-08-28,230.0,0.35,848,1630,145.5080849609375,0,189.17999267578125,🎲末日結算 🚨異常掃貨 🆕新倉暴量 🚬菸屁股 ⚠️暴動高IV(146%),GAMBLE,5
ASTS,2026-08-28,67.0,0.12,865,1353,96.0937890625,0,59.880001068115234,🎲末日結算 🚨異常掃貨 🆕新倉暴量 🚬菸屁股 ⚠️暴動高IV(96%),GAMBLE,5
TSLA,2026-08-28,360.0,0.93,10154,23561,50.24463818359376,0,345.82000732421875,🎲末日結算 🚨異常掃貨 🚬菸屁股,GAMBLE,4
IBIT,2026-08-28,45.0,0.34,24714,16735,43.164630859375,0,44.459999084472656,🎲末日結算 🆕新倉暴量 🚬菸屁股,GAMBLE,4
NVDA,2026-08-28,232.5,0.8,53317,15886,107.1293706054688,0,209.66000366210938,🎲末日結算 🆕新倉暴量 🚬菸屁股 🔥萬人塚 ⚠️暴動高IV(107%),GAMBLE,4
PLTR,2026-08-28,185.0,0.82,11647,15576,61.81678808593751,0,177.5,🎲末日結算 🚨異常掃貨 🚬菸屁股,GAMBLE,4
WMT,2026-08-28,105.0,0.48,5892,13695,25.440198730468754,0,104.33999633789062,🎲末日結算 🚨異常掃貨 🚬菸屁股,GAMBLE,4
NVDA,2026-08-28,255.0,0.1,34584,13580,119.141029296875,0,209.66000366210938,🎲末日結算 🚀點火(2.5x) 🚬菸屁股 🔥萬人塚 ⚠️暴動高IV(119%),GAMBLE,4
TSLA,2026-08-28,370.0,0.27,9410,12919,54.49264257812501,0,345.82000732421875,🎲末日結算 🚨異常掃貨 🚬菸屁股,GAMBLE,4
WMT,2026-08-28,110.0,0.01,28763,11785,34.76627734375,0,104.33999633789062,🎲末日結算 🆕新倉暴量 🚬菸屁股,GAMBLE,4
TSLA,2026-08-28,365.0,0.5,15814,11127,52.14891601562499,0,345.82000732421875,🎲末日結算 🆕新倉暴量 🚬菸屁股,GAMBLE,4
IBIT,2026-08-28,46.0,0.14,15549,10448,47.461462890625,0,44.459999084472656,🎲末日結算 🆕新倉暴量 🚬菸屁股,GAMBLE,4
MU,2026-08-28,1000.0,4.4,7071,10268,81.11591149902341,0,938.4000244140625,🎲末日結算 🚨異常掃貨 🆕新倉暴量 ⚠️暴動高IV(81%),GAMBLE,4
SOFI,2026-08-28,20.5,0.03,16694,8850,71.87528125,0,18.84000015258789,🎲末日結算 🆕新倉暴量 🚬菸屁股,GAMBLE,4
WMT,2026-08-28,106.0,0.22,6993,8525,26.270268554687505,0,104.33999633789062,🎲末日結算 🚨異常掃貨 🚬菸屁股,GAMBLE,4
AMZN,2026-08-28,275.0,0.11,21103,7898,41.5044912109375,0,260.2799987792969,🎲末日結算 🆕新倉暴量 🚬菸屁股,GAMBLE,4
CRWD,2026-08-28,200.0,3.95,2922,7222,144.28738793945314,0,189.17999267578125,🎲末日結算 🚨異常掃貨 🆕新倉暴量 ⚠️暴動高IV(144%),GAMBLE,4
CRWD,2026-08-28,210.0,1.85,2089,6826,142.92020727539062,0,189.17999267578125,🎲末日結算 🚨異常掃貨 🆕新倉暴量 ⚠️暴動高IV(143%),GAMBLE,4
AMZN,2026-08-28,270.0,0.29,20184,6548,37.207659179687504,0,260.2799987792969,🎲末日結算 🆕新倉暴量 🚬菸屁股,GAMBLE,4
IREN,2026-10-16,80.0,0.39,5785,5652,109.47310888671878,49,39.58000183105469,🚀點火(23.2x) 🚬菸屁股 ⚠️暴動高IV(109%),BUY_WATCH,4
TSLA,2026-08-28,380.0,0.12,23477,5556,61.426166992187504,0,345.82000732421875,🎲末日結算 🆕新倉暴量 🚬菸屁股,GAMBLE,4
PLTR,2026-08-28,187.5,0.51,13866,4944,63.281617187500004,0,177.5,🎲末日結算 🆕新倉暴量 🚬菸屁股,GAMBLE,4
CRWD,2026-08-28,205.0,2.7,1216,4892,142.96903515625,0,189.17999267578125,🎲末日結算 🚨異常掃貨 🆕新倉暴量 ⚠️暴動高IV(143%),GAMBLE,4
SOFI,2026-08-28,18.5,0.53,12944,4865,59.375406250000005,0,18.84000015258789,🎲末日結算 🆕新倉暴量 🚬菸屁股,GAMBLE,4
TSLA,2026-08-28,400.0,0.05,12348,4242,78.9064609375,0,345.82000732421875,🎲末日結算 🆕新倉暴量 🚬菸屁股,GAMBLE,4
INTC,2026-08-28,92.0,0.71,6358,4066,78.2228740234375,0,88.23999786376953,🎲末日結算 🆕新倉暴量 🚬菸屁股,GAMBLE,4
CRWV,2026-08-28,97.0,0.39,1912,3990,107.61764941406251,0,88.01000213623047,🎲末日結算 🚨異常掃貨 🚬菸屁股,GAMBLE,4
HOOD,2026-08-28,115.0,0.5,10088,3833,76.66038964843752,0,108.54000091552734,🎲末日結算 🆕新倉暴量 🚬菸屁股,GAMBLE,4
OKLO,2026-09-18,50.0,0.99,9561,3726,82.81267187499999,21,41.599998474121094,🆕新倉暴量 🚬菸屁股 ⚠️暴動高IV(83%),BUY_WATCH,4
HIMS,2026-08-28,32.0,0.14,1979,3514,87.10950390625,0,29.829999923706055,🎲末日結算 🚨異常掃貨 🚬菸屁股,GAMBLE,4
AAPL,2026-08-28,330.0,0.06,12607,3410,35.547519531249996,0,313.45001220703125,🎲末日結算 🆕新倉暴量 🚬菸屁股,GAMBLE,4
SOFI,2026-08-28,21.0,0.01,14059,3080,79.687703125,0,18.84000015258789,🎲末日結算 🆕新倉暴量 🚬菸屁股,GAMBLE,4
TSLA,2026-08-28,390.0,0.07,7831,2920,69.92217578125,0,345.82000732421875,🎲末日結算 🆕新倉暴量 🚬菸屁股,GAMBLE,4
META,2026-08-28,650.0,0.13,3034,2898,69.82452050781251,0,576.1400146484375,🎲末日結算 🆕新倉暴量 🚬菸屁股,GAMBLE,4
IBIT,2026-08-28,47.0,0.05,10168,2879,51.17236328125,0,44.459999084472656,🎲末日結算 🆕新倉暴量 🚬菸屁股,GAMBLE,4
SMR,2026-10-16,10.0,0.95,4041,2794,87.89074609375,49,9.270000457763672,🆕新倉暴量 🚬菸屁股 ⚠️暴動高IV(88%),BUY_WATCH,4
PLTR,2026-08-28,200.0,0.09,7563,2599,79.29708203125,0,177.5,🎲末日結算 🆕新倉暴量 🚬菸屁股,GAMBLE,4
CRM,2026-08-28,230.0,1.01,1639,2509,121.58242333984374,0,205.6199951171875,🎲末日結算 🚨異常掃貨 🆕新倉暴量 ⚠️暴動高IV(122%),GAMBLE,4
CRM,2026-08-28,225.0,1.5,1169,2451,123.53553857421873,0,205.6199951171875,🎲末日結算 🚨異常掃貨 🆕新倉暴量 ⚠️暴動高IV(124%),GAMBLE,4
RKLB,2026-08-28,69.0,0.51,1231,2416,75.97680273437501,0,66.18000030517578,🎲末日結算 🚨異常掃貨 🚬菸屁股,GAMBLE,4
ASTS,2026-08-28,65.0,0.23,1934,2321,91.79695703125,0,59.880001068115234,🎲末日結算 🚨異常掃貨 🚬菸屁股,GAMBLE,4
SMCI,2026-08-28,40.5,0.19,1512,2309,97.6562734375,0,37.38999938964844,🎲末日結算 🚨異常掃貨 🚬菸屁股,GAMBLE,4
OKLO,2026-08-28,44.0,0.37,1252,2177,97.26565234374999,0,41.599998474121094,🎲末日結算 🚨異常掃貨 🚬菸屁股,GAMBLE,4
ASTS,2026-08-28,69.0,0.07,1083,2080,104.68797656250001,0,59.880001068115234,🎲末日結算 🚨異常掃貨 🚬菸屁股,GAMBLE,4
CRWD,2026-08-28,215.0,1.2,1326,2070,142.48075634765624,0,189.17999267578125,🎲末日結算 🚨異常掃貨 🚀點火(2.9x) ⚠️暴動高IV(142%),GAMBLE,4
BA,2026-08-28,220.0,0.18,2735,1904,35.8404853515625,0,212.08999633789062,🎲末日結算 🆕新倉暴量 🚬菸屁股,GAMBLE,4
CRM,2026-08-28,215.0,3.8,1119,1764,122.19277185058593,0,205.6199951171875,🎲末日結算 🚨異常掃貨 🆕新倉暴量 ⚠️暴動高IV(122%),GAMBLE,4
ACHR,2026-08-28,6.0,0.1,3464,1682,79.687703125,0,5.900000095367432,🎲末日結算 🆕新倉暴量 🚬菸屁股,GAMBLE,4
CRWD,2026-08-28,195.0,5.65,1246,1616,144.77566674804686,0,189.17999267578125,🎲末日結算 🚨異常掃貨 🆕新倉暴量 ⚠️暴動高IV(145%),GAMBLE,4
IREN,2026-10-16,75.0,0.54,4020,1606,106.25046875000001,49,39.58000183105469,🚀點火(6.0x) 🚬菸屁股 ⚠️暴動高IV(106%),BUY_WATCH,4
OKLO,2026-08-28,42.0,1.0,888,1483,95.89847851562499,0,41.599998474121094,🎲末日結算 🚨異常掃貨 🆕新倉暴量 ⚠️暴動高IV(96%),GAMBLE,4
META,2026-08-28,625.0,0.3,1413,1351,58.74064697265625,0,576.1400146484375,🎲末日結算 🆕新倉暴量 🚬菸屁股,GAMBLE,4
MU,2026-08-28,1015.0,2.95,776,1263,83.66715551757811,0,938.4000244140625,🎲末日結算 🚨異常掃貨 🆕新倉暴量 ⚠️暴動高IV(84%),GAMBLE,4
LUNR,2026-09-18,21.0,0.3,2876,1175,93.164130859375,21,16.110000610351562,🚀點火(7.2x) 🚬菸屁股 ⚠️暴動高IV(93%),BUY_WATCH,4
DKNG,2026-08-28,25.0,0.28,1532,1120,53.906710937500016,0,24.780000686645508,🎲末日結算 🆕新倉暴量 🚬菸屁股,GAMBLE,4
TGT,2026-08-28,167.5,0.4,953,1056,34.668622070312495,0,164.0399932861328,🎲末日結算 🆕新倉暴量 🚬菸屁股,GAMBLE,4
PATH,2026-08-28,17.0,0.26,2851,1019,72.6565234375,0,16.760000228881836,🎲末日結算 🆕新倉暴量 🚬菸屁股,GAMBLE,4
MSFT,2026-10-16,550.0,3.92,53941,935,26.557130920410156,49,496.3699951171875,🚀點火(3.2x) 🔥萬人塚 🏛️機構場,HOLD,4
IONQ,2026-10-16,70.0,0.41,1973,934,95.70316796875,49,40.029998779296875,🚀點火(2.9x) 🚬菸屁股 ⚠️暴動高IV(96%),BUY_WATCH,4
META,2026-08-28,645.0,0.12,1026,930,68.84796777343752,0,576.1400146484375,🎲末日結算 🆕新倉暴量 🚬菸屁股,GAMBLE,4
JOBY,2026-08-28,7.5,0.05,4105,874,76.562734375,0,7.139999866485596,🎲末日結算 🆕新倉暴量 🚬菸屁股,GAMBLE,4
RKLB,2026-10-16,150.0,0.15,5268,864,97.1679970703125,49,66.18000030517578,🚀點火(21.1x) 🚬菸屁股 ⚠️暴動高IV(97%),BUY_WATCH,4
BA,2026-08-28,225.0,0.04,1968,828,39.45373046875,0,212.08999633789062,🎲末日結算 🆕新倉暴量 🚬菸屁股,GAMBLE,4
PATH,2026-08-28,17.5,0.12,3002,820,71.0940390625,0,16.760000228881836,🎲末日結算 🆕新倉暴量 🚬菸屁股,GAMBLE,4
AMZN,2026-08-28,277.5,0.07,2899,771,42.9693203125,0,260.2799987792969,🎲末日結算 🆕新倉暴量 🚬菸屁股,GAMBLE,4
DKNG,2026-08-28,27.5,0.01,2038,699,73.437765625,0,24.780000686645508,🎲末日結算 🆕新倉暴量 🚬菸屁股,GAMBLE,4
APP,2026-08-28,330.0,0.49,1740,685,63.33044482421876,0,308.1099853515625,🎲末日結算 🆕新倉暴量 🚬菸屁股,GAMBLE,4
IONQ,2026-10-16,65.0,0.52,1326,614,92.43171630859376,49,40.029998779296875,🚀點火(4.9x) 🚬菸屁股 ⚠️暴動高IV(92%),BUY_WATCH,4
META,2026-08-28,660.0,0.09,1350,609,75.97680273437501,0,576.1400146484375,🎲末日結算 🆕新倉暴量 🚬菸屁股,GAMBLE,4
HOOD,2026-08-28,116.0,0.39,2456,543,77.929908203125,0,108.54000091552734,🎲末日結算 🆕新倉暴量 🚬菸屁股,GAMBLE,4
ZM,2026-08-28,105.0,0.04,829,524,74.2190078125,0,93.83000183105469,🎲末日結算 🆕新倉暴量 🚬菸屁股,GAMBLE,4
RKLB,2026-08-28,71.0,0.2,841,518,79.101771484375,0,66.18000030517578,🎲末日結算 🆕新倉暴量 🚬菸屁股,GAMBLE,4
HIMS,2026-10-16,50.0,0.3,4592,478,92.0899228515625,49,29.829999923706055,🚀點火(10.9x) 🚬菸屁股 ⚠️暴動高IV(92%),BUY_WATCH,4
TGT,2026-08-28,170.0,0.12,1686,475,33.5944140625,0,164.0399932861328,🎲末日結算 🆕新倉暴量 🚬菸屁股,GAMBLE,4
DKNG,2026-08-28,27.0,0.02,1659,464,75.7814921875,0,24.780000686645508,🎲末日結算 🆕新倉暴量 🚬菸屁股,GAMBLE,4
UPST,2026-08-28,31.0,0.22,1025,449,71.679970703125,0,30.469999313354492,🎲末日結算 🆕新倉暴量 🚬菸屁股,GAMBLE,4
ONDS,2026-10-16,13.0,0.15,1736,166,87.10950390625,49,8.220000267028809,🚀點火(4.6x) 🚬菸屁股 ⚠️暴動高IV(87%),BUY_WATCH,4
JOBY,2026-10-16,13.0,0.03,820,100,85.1563984375,49,7.139999866485596,🚀點火(3.8x) 🚬菸屁股 ⚠️暴動高IV(85%),BUY_WATCH,4
NVDA,2026-08-28,210.0,6.25,23962,61619,103.19872619628909,0,209.66000366210938,🎲末日結算 🚨異常掃貨,GAMBLE,3
NVDA,2026-08-28,212.5,5.09,12134,41006,103.41845166015626,0,209.66000366210938,🎲末日結算 🚨異常掃貨,GAMBLE,3
TSLA,2026-08-28,350.0,3.1,6894,37930,48.30373962402344,0,345.82000732421875,🎲末日結算 🚨異常掃貨,GAMBLE,3
AAPL,2026-08-28,320.0,0.62,17721,36715,29.541720214843746,0,313.45001220703125,🎲末日結算 🚨異常掃貨 🚬菸屁股 🏛️機構場,GAMBLE,3
PLTR,2026-08-28,180.0,2.1,28005,34920,60.644924804687506,0,177.5,🎲末日結算 🚨異常掃貨,GAMBLE,3
PLTR,2026-08-28,175.0,4.65,10467,27938,61.40175317382813,0,177.5,🎲末日結算 🚨異常掃貨,GAMBLE,3
NVDA,2026-09-18,250.0,0.76,86750,24696,46.50932397460938,21,209.66000366210938,🚬菸屁股 🔥萬人塚,HOLD,3
TSLA,2026-08-28,355.0,1.71,6393,22130,49.023947265625004,0,345.82000732421875,🎲末日結算 🚨異常掃貨,GAMBLE,3
PLTR,2026-08-28,177.5,3.15,8691,21210,61.03554589843752,0,177.5,🎲末日結算 🚨異常掃貨,GAMBLE,3
INTC,2026-08-28,90.0,1.23,12454,19595,76.12328564453125,0,88.23999786376953,🎲末日結算 🚨異常掃貨,GAMBLE,3
NVDA,2026-08-28,217.5,3.35,13421,18548,103.66259106445317,0,209.66000366210938,🎲末日結算 🚨異常掃貨,GAMBLE,3
PCG,2026-09-18,22.0,0.15,105768,11043,58.20354296875,21,18.219999313354492,🚬菸屁股 🔥萬人塚,HOLD,3
AMD,2026-08-28,500.0,3.35,8356,10882,71.32597033691408,0,480.92999267578125,🎲末日結算 🚨異常掃貨,GAMBLE,3
AAPL,2026-08-28,322.5,0.34,8094,9669,30.371790039062496,0,313.45001220703125,🎲末日結算 🚀點火(3.7x) 🚬菸屁股 🏛️機構場,GAMBLE,3
NVDA,2026-09-18,260.0,0.43,32471,9443,49.1216025390625,21,209.66000366210938,🚬菸屁股 🔥萬人塚,HOLD,3
SOFI,2026-09-18,20.0,0.52,48188,9394,51.465329101562496,21,18.84000015258789,🚬菸屁股 🔥萬人塚,HOLD,3
META,2026-09-18,650.0,3.0,15769,8877,38.84948846435547,21,576.1400146484375,🆕新倉暴量,HOLD,3
NVDA,2026-10-16,215.0,10.45,16710,8171,42.206388488769534,49,209.66000366210938,🆕新倉暴量,HOLD,3
CRWV,2026-08-28,90.0,1.84,4725,7094,102.1489267578125,0,88.01000213623047,🎲末日結算 🚨異常掃貨,GAMBLE,3
TSLA,2026-09-18,400.0,1.83,21314,6812,44.32428723144531,21,345.82000732421875,🆕新倉暴量,HOLD,3
IBIT,2026-12-18,50.0,2.46,19351,6554,45.007874145507806,112,44.459999084472656,🆕新倉暴量,HOLD,3
NVDA,2026-10-16,260.0,1.35,22866,5794,41.626560302734376,49,209.66000366210938,🆕新倉暴量,HOLD,3
SOFI,2026-10-16,20.0,1.02,21095,5414,52.734847656250004,49,18.84000015258789,🆕新倉暴量,HOLD,3
INTC,2026-10-16,125.0,1.15,6158,5267,69.38507177734375,49,88.23999786376953,🆕新倉暴量,HOLD,3
PCG,2026-09-18,25.0,0.05,140082,4855,69.14093359375,21,18.219999313354492,🆕低基期(前日Vol16) 🚬菸屁股 🔥萬人塚,HOLD,3
IBIT,2026-09-18,48.0,0.66,33768,4828,41.8951123046875,21,44.459999084472656,🚬菸屁股 🔥萬人塚,HOLD,3
WMT,2026-10-16,105.0,3.55,5376,4690,25.12281909179687,49,104.33999633789062,🆕新倉暴量,HOLD,3
GOOG,2026-08-28,350.0,0.36,5274,4633,33.05731005859375,0,339.1000061035156,🎲末日結算 🆕新倉暴量 🚬菸屁股 🏛️機構場,GAMBLE,3
IREN,2027-01-15,55.0,5.43,17307,4440,97.11916943359374,140,39.58000183105469,🆕新倉暴量,HOLD,3
NVDA,2026-09-18,340.0,0.03,5065,4120,68.7503125,21,209.66000366210938,🚀點火(13.5x) 🚬菸屁股 ⚠️尾段價外(62%),BUY_WATCH,3
IBIT,2026-12-18,45.0,4.27,17189,3845,45.898978515625004,112,44.459999084472656,🆕新倉暴量,HOLD,3
WMT,2026-11-20,105.0,5.58,3640,3812,29.492892578124994,84,104.33999633789062,🆕新倉暴量,HOLD,3
NVDA,2026-10-16,210.0,12.75,13903,3717,42.12704357910157,49,209.66000366210938,🆕新倉暴量,HOLD,3
ACHR,2027-01-15,7.0,0.81,50111,3576,80.85956640625,140,5.900000095367432,🚬菸屁股 🔥萬人塚,HOLD,3
IBIT,2026-09-18,50.0,0.36,45729,3454,43.457596679687505,21,44.459999084472656,🚬菸屁股 🔥萬人塚,HOLD,3
WMT,2026-09-18,105.0,2.1,12994,3244,23.52371398925781,21,104.33999633789062,🆕新倉暴量,HOLD,3
ONDS,2026-09-18,10.0,0.17,59616,2980,80.4689453125,21,8.220000267028809,🚬菸屁股 🔥萬人塚,HOLD,3
NVDA,2026-10-16,225.0,6.7,14138,2872,40.698835205078126,49,209.66000366210938,🆕新倉暴量,HOLD,3
INTC,2026-09-18,115.0,0.54,14360,2750,70.50810742187501,21,88.23999786376953,🚀點火(7.7x) 🚬菸屁股 ⚠️尾段價外(30%),BUY_WATCH,3
META,2026-09-18,730.0,0.48,4598,2601,45.28863305664063,21,576.1400146484375,🆕新倉暴量 🚬菸屁股 ⚠️尾段價外(27%),BUY_WATCH,3
ONDS,2027-01-15,5.0,3.45,6521,2569,81.83611914062499,140,8.220000267028809,🆕新倉暴量,HOLD,3
RDDT,2026-09-18,180.0,2.12,2867,2397,59.44864770507813,21,155.36000061035156,🆕新倉暴量,HOLD,3
ONDS,2026-09-18,13.0,0.04,61456,2362,100.0005,21,8.220000267028809,🚬菸屁股 🔥萬人塚,HOLD,3
WMT,2026-10-16,110.0,1.67,7280,2341,24.5124736328125,49,104.33999633789062,🆕新倉暴量,HOLD,3
NVDA,2026-09-18,290.0,0.13,6981,2283,56.64105859375,21,209.66000366210938,🚀點火(7.1x) 🚬菸屁股 ⚠️尾段價外(38%),BUY_WATCH,3
AMZN,2026-09-18,265.0,5.56,11316,2283,29.79196185302734,21,260.2799987792969,🆕新倉暴量,HOLD,3
NVDA,2026-09-18,460.0,0.01,31416,2073,90.62509374999999,21,209.66000366210938,🚬菸屁股 🔥萬人塚,HOLD,3
META,2026-09-18,660.0,2.29,3017,1985,39.374385559082036,21,576.1400146484375,🆕新倉暴量,HOLD,3
NVDA,2026-09-18,320.0,0.06,8253,1759,63.281617187500004,21,209.66000366210938,🚀點火(>50x) 🚬菸屁股 ⚠️尾段價外(53%),BUY_WATCH,3
META,2026-10-16,700.0,4.0,6386,1752,39.64293756103516,49,576.1400146484375,🆕新倉暴量,HOLD,3
INTC,2026-09-18,120.0,0.4,46300,1709,72.6565234375,21,88.23999786376953,🚬菸屁股 🔥萬人塚,HOLD,3
AMZN,2026-09-18,300.0,0.31,35371,1644,31.543653320312494,21,260.2799987792969,🚬菸屁股 🔥萬人塚,HOLD,3
SOFI,2026-09-18,22.0,0.16,148928,1601,53.12546875,21,18.84000015258789,🚬菸屁股 🔥萬人塚,HOLD,3
WMT,2026-11-20,110.0,3.5,5507,1469,28.992409301757803,84,104.33999633789062,🆕新倉暴量,HOLD,3
INTC,2026-09-18,110.0,0.78,53166,1408,67.6761044921875,21,88.23999786376953,🚬菸屁股 🔥萬人塚,HOLD,3
SOFI,2027-01-15,30.0,0.48,75414,1303,61.03554589843752,140,18.84000015258789,🚬菸屁股 🔥萬人塚,HOLD,3
ZM,2026-09-18,114.0,2.15,1211,1209,54.68795312500001,21,93.83000183105469,🆕新倉暴量,HOLD,3
META,2026-09-18,630.0,5.25,4327,1201,38.0316255493164,21,576.1400146484375,🆕新倉暴量,HOLD,3
CRWD,2026-09-18,215.0,4.3,2875,1176,65.94272338867188,21,189.17999267578125,🆕新倉暴量,HOLD,3
OKLO,2027-01-15,50.0,6.0,2291,1168,85.66908862304687,140,41.599998474121094,🆕新倉暴量,HOLD,3
ZM,2026-09-18,95.0,3.2,2037,1088,45.06890869140625,21,93.83000183105469,🆕新倉暴量,HOLD,3
ASTS,2026-11-20,80.0,4.65,3108,1086,89.40440283203124,84,59.880001068115234,🆕新倉暴量,HOLD,3
BA,2026-09-18,220.0,3.3,4950,1053,30.335169311523437,21,212.08999633789062,🆕新倉暴量,HOLD,3
AAPL,2026-09-18,400.0,0.03,12901,1045,38.2818671875,21,313.45001220703125,🚀點火(12.3x) 🚬菸屁股 ⚠️尾段價外(28%),BUY_WATCH,3
NVDA,2026-09-18,350.0,0.03,25072,997,70.312796875,21,209.66000366210938,🚀點火(3.9x) 🚬菸屁股 ⚠️尾段價外(67%),BUY_WATCH,3
ASTS,2026-11-20,100.0,2.21,3413,952,93.79889013671875,84,59.880001068115234,🆕新倉暴量,HOLD,3
IBIT,2026-09-18,55.0,0.11,35991,938,49.60987890625,21,44.459999084472656,🚬菸屁股 🔥萬人塚,HOLD,3
WMT,2026-09-18,106.0,1.68,1072,935,23.76785217285156,21,104.33999633789062,🆕新倉暴量,HOLD,3
CRWD,2026-09-18,255.0,0.51,2977,849,64.69761865234375,21,189.17999267578125,🚀點火(15.7x) 🚬菸屁股 ⚠️尾段價外(35%),BUY_WATCH,3
OPEN,2028-01-21,10.0,0.7,38717,792,103.80907470703127,511,3.4100000858306885,🔭LEAPS 🔥萬人塚,HOLD,3
CRWD,2026-09-18,227.5,2.25,1136,752,65.57651611328126,21,189.17999267578125,🆕新倉暴量,HOLD,3
TGT,2026-09-18,167.5,3.5,1508,713,31.00654931640625,21,164.0399932861328,🆕新倉暴量,HOLD,3
IREN,2026-09-18,65.0,0.26,32501,690,114.64886425781249,21,39.58000183105469,🚬菸屁股 🔥萬人塚,HOLD,3
RKLB,2026-10-16,85.0,2.2,2033,684,75.97680273437501,49,66.18000030517578,🆕新倉暴量,HOLD,3
SOFI,2026-09-18,25.0,0.05,37374,674,61.71913281250001,21,18.84000015258789,🚬菸屁股 🔥萬人塚,HOLD,3
OPEN,2028-01-21,5.0,1.15,36851,670,101.07471337890624,511,3.4100000858306885,🔭LEAPS 🔥萬人塚,HOLD,3
IREN,2027-01-15,110.0,0.98,43249,669,106.64109179687502,140,39.58000183105469,🚬菸屁股 🔥萬人塚,HOLD,3
CRWD,2026-10-16,225.0,5.6,782,669,58.96037133789063,49,189.17999267578125,🆕新倉暴量,HOLD,3
ONDS,2027-01-15,15.0,0.47,53548,652,92.187578125,140,8.220000267028809,🚬菸屁股 🔥萬人塚,HOLD,3
CRM,2026-09-18,245.0,1.24,2016,645,52.0390538330078,21,205.6199951171875,🆕新倉暴量,HOLD,3
IBIT,2027-01-15,70.0,0.55,33154,626,50.0005,140,44.459999084472656,🚬菸屁股 🔥萬人塚,HOLD,3
META,2026-10-16,740.0,2.4,2195,618,41.095559753417966,49,576.1400146484375,🆕新倉暴量,HOLD,3
CRM,2026-10-16,250.0,2.5,758,569,47.10746252441406,49,205.6199951171875,🆕新倉暴量,HOLD,3
META,2026-09-18,645.0,3.65,1136,567,38.74572973632812,21,576.1400146484375,🆕新倉暴量,HOLD,3
RKLB,2026-10-16,70.0,5.7,2505,518,74.17018017578124,49,66.18000030517578,🆕新倉暴量,HOLD,3
SOFI,2026-09-18,30.0,0.01,23239,503,78.9064609375,21,18.84000015258789,🚀點火(6.4x) 🚬菸屁股 ⚠️尾段價外(59%),BUY_WATCH,3
APP,2026-10-16,450.0,1.6,752,488,60.47402807617189,49,308.1099853515625,🆕新倉暴量,HOLD,3
OKLO,2026-12-18,50.0,5.05,1284,465,86.40150317382812,112,41.599998474121094,🆕新倉暴量,HOLD,3
ACHR,2027-01-15,10.0,0.33,50165,444,84.179845703125,140,5.900000095367432,🚬菸屁股 🔥萬人塚,HOLD,3
KTOS,2026-09-18,75.0,0.09,1348,440,67.18782812500001,21,52.93000030517578,🚀點火(15.7x) 🚬菸屁股 ⚠️尾段價外(42%),BUY_WATCH,3
BA,2026-10-16,230.0,3.7,1409,432,31.36054968261719,49,212.08999633789062,🆕新倉暴量,HOLD,3
INTC,2026-09-18,135.0,0.13,32614,429,81.2501875,21,88.23999786376953,🚬菸屁股 🔥萬人塚,HOLD,3
IBIT,2027-01-15,100.0,0.16,42027,422,61.914443359375014,140,44.459999084472656,🚬菸屁股 🔥萬人塚,HOLD,3
META,2026-09-18,635.0,4.5,1448,421,38.06824627685547,21,576.1400146484375,🆕新倉暴量,HOLD,3
TGT,2026-10-16,170.0,5.26,1275,419,32.263860961914055,49,164.0399932861328,🆕新倉暴量,HOLD,3
OKTA,2026-09-18,150.0,4.41,945,416,74.75611181640626,21,134.4199981689453,🆕新倉暴量,HOLD,3
NVDA,2028-01-21,250.0,29.85,37772,357,46.79923806762696,511,209.66000366210938,🔭LEAPS 🔥萬人塚,HOLD,3
OPEN,2028-01-21,20.0,3.25,37480,327,25.00075,511,3.4100000858306885,🔭LEAPS 🔥萬人塚,HOLD,3
JOBY,2026-09-18,10.0,0.02,21422,310,76.562734375,21,7.139999866485596,🚀點火(2.8x) 🚬菸屁股 ⚠️尾段價外(40%),BUY_WATCH,3
AMZN,2026-09-18,350.0,0.02,19163,301,45.313046875000005,21,260.2799987792969,🚀點火(5.5x) 🚬菸屁股 ⚠️尾段價外(34%),BUY_WATCH,3
OPEN,2028-01-21,15.0,0.42,30051,286,104.10204199218754,511,3.4100000858306885,🔭LEAPS 🔥萬人塚,HOLD,3
ONDS,2028-01-21,30.0,1.05,79328,241,97.70510107421876,511,8.220000267028809,🔭LEAPS 🔥萬人塚,HOLD,3
META,2027-01-15,1250.0,0.65,38603,222,51.001466552734385,140,576.1400146484375,🚬菸屁股 🔥萬人塚,HOLD,3
ONDS,2027-01-15,20.0,0.22,39004,210,96.87503124999999,140,8.220000267028809,🚬菸屁股 🔥萬人塚,HOLD,3
AMD,2026-09-18,650.0,0.7,8156,163,59.61954443359375,21,480.92999267578125,🚀點火(3.3x) 🚬菸屁股 ⚠️尾段價外(35%),BUY_WATCH,3
OPEN,2027-01-15,7.0,0.18,49886,157,100.39112304687498,140,3.4100000858306885,🚬菸屁股 🔥萬人塚,HOLD,3
IBIT,2027-01-15,90.0,0.22,34441,137,57.812921875,140,44.459999084472656,🚬菸屁股 🔥萬人塚,HOLD,3
OPEN,2028-01-21,7.0,0.88,30667,135,100.9770576171875,511,3.4100000858306885,🔭LEAPS 🔥萬人塚,HOLD,3
PCG,2026-09-18,24.0,0.07,169951,134,62.109753906250006,21,18.219999313354492,🚬菸屁股 🔥萬人塚,HOLD,3
DKNG,2026-11-20,37.5,0.22,99533,126,57.910577148437504,84,24.780000686645508,🆕低基期(前日Vol14) 🚬菸屁股 🔥萬人塚,HOLD,3
IBIT,2026-10-16,54.0,0.47,35114,113,44.336494140625,49,44.459999084472656,🚬菸屁股 🔥萬人塚,HOLD,3
CRWV,2026-09-18,115.0,0.98,39976,108,82.3243955078125,21,88.01000213623047,🚬菸屁股 🔥萬人塚,HOLD,3
OPEN,2027-01-15,10.0,0.1,36659,105,109.76607617187501,140,3.4100000858306885,🚬菸屁股 🔥萬人塚,HOLD,3
PCG,2027-01-15,25.0,0.21,31135,58,40.5279384765625,140,18.219999313354492,🚬菸屁股 🔥萬人塚,HOLD,3
SHOP,2026-09-18,175.0,0.83,44453,56,48.804222900390634,21,150.2899932861328,🚬菸屁股 🔥萬人塚,HOLD,3
META,2027-01-15,1430.0,0.38,45698,53,54.394987304687504,140,576.1400146484375,🚬菸屁股 🔥萬人塚,HOLD,3
IBIT,2026-11-20,57.0,0.73,31324,45,46.02104760742188,84,44.459999084472656,🚬菸屁股 🔥萬人塚,HOLD,3
ONDS,2027-01-15,30.0,0.08,81634,45,106.25046875000001,140,8.220000267028809,🚬菸屁股 🔥萬人塚,HOLD,3
IREN,2028-01-21,110.0,7.4,53688,41,97.77223907470704,511,39.58000183105469,🔭LEAPS 🔥萬人塚,HOLD,3
PCG,2026-09-18,23.0,0.09,108405,41,62.109753906250006,21,18.219999313354492,🚬菸屁股 🔥萬人塚,HOLD,3
PCG,2026-09-18,21.0,0.25,90452,26,57.812921875,21,18.219999313354492,🆕低基期(前日Vol3) 🚬菸屁股 🔥萬人塚,HOLD,3
PCG,2026-10-16,20.0,0.55,63013,26,45.313046875000005,49,18.219999313354492,🚬菸屁股 🔥萬人塚,HOLD,3
SOFI,2026-09-18,32.0,0.01,54475,23,84.37515624999999,21,18.84000015258789,🚬菸屁股 🔥萬人塚,HOLD,3
SHOP,2026-09-18,195.0,0.11,82649,20,50.586431640624994,21,150.2899932861328,🚬菸屁股 🔥萬人塚,HOLD,3
SOFI,2027-01-15,35.0,0.25,31096,15,63.281617187500004,140,18.84000015258789,🚬菸屁股 🔥萬人塚,HOLD,3
IBIT,2026-09-18,65.0,0.03,35054,13,65.23472265625001,21,44.459999084472656,🚬菸屁股 🔥萬人塚,HOLD,3
TSLA,2026-09-18,990.0,0.02,42000,5,123.43788281249999,21,345.82000732421875,🚬菸屁股 🔥萬人塚,HOLD,3
PCG,2026-09-18,27.0,0.02,44829,4,93.35944140625,21,18.219999313354492,🚬菸屁股 🔥萬人塚,HOLD,3
TSLA,2027-01-15,940.0,0.66,93673,3,66.99251757812502,140,345.82000732421875,🚬菸屁股 🔥萬人塚,HOLD,3
AAPL,2026-08-28,315.0,1.97,14075,41531,29.02903002929687,0,313.45001220703125,🎲末日結算 🚨異常掃貨 🏛️機構場,GAMBLE,2
NVDA,2026-09-18,240.0,1.45,55787,20745,45.26421923828126,21,209.66000366210938,🔥萬人塚,HOLD,2
NVDA,2026-09-18,220.0,5.3,51407,20453,45.142150146484376,21,209.66000366210938,🔥萬人塚,HOLD,2
NVDA,2026-09-18,230.0,2.84,48684,18281,44.824770507812495,21,209.66000366210938,🔥萬人塚,HOLD,2
INTC,2026-08-28,95.0,0.3,20393,12528,81.445498046875,0,88.23999786376953,🎲末日結算 🆕新倉暴量 🚬菸屁股 ⚠️暴動高IV(81%),GAMBLE,2
NVDA,2026-09-18,235.0,2.01,35388,11928,45.313046875000005,21,209.66000366210938,🔥萬人塚,HOLD,2
NVDA,2026-09-18,210.0,9.25,67248,10361,45.32525378417969,21,209.66000366210938,🔥萬人塚,HOLD,2
NVDA,2026-08-28,260.0,0.06,8196,9821,124.21912890624998,0,209.66000366210938,🎲末日結算 🆕新倉暴量 🚬菸屁股 ⚠️暴動高IV(124%),GAMBLE,2
NVDA,2026-08-28,237.5,0.5,8913,8379,109.47310888671878,0,209.66000366210938,🎲末日結算 🆕新倉暴量 🚬菸屁股 ⚠️暴動高IV(109%),GAMBLE,2
INTC,2026-08-28,100.0,0.07,24170,8078,90.23447265624999,0,88.23999786376953,🎲末日結算 🆕新倉暴量 🚬菸屁股 ⚠️暴動高IV(90%),GAMBLE,2
INTC,2026-08-28,96.0,0.22,9765,7735,83.39860351562498,0,88.23999786376953,🎲末日結算 🚀點火(3.1x) 🚬菸屁股 ⚠️暴動高IV(83%),GAMBLE,2
NVDA,2026-08-28,270.0,0.04,12383,7473,132.03158984375,0,209.66000366210938,🎲末日結算 🆕新倉暴量 🚬菸屁股 ⚠️暴動高IV(132%),GAMBLE,2
NVDA,2026-09-18,215.0,7.05,33504,6968,45.337460693359375,21,209.66000366210938,🔥萬人塚,HOLD,2
ONDS,2026-08-28,9.0,0.03,13802,6726,92.187578125,0,8.220000267028809,🎲末日結算 🆕新倉暴量 🚬菸屁股 ⚠️暴動高IV(92%),GAMBLE,2
AAPL,2026-12-18,340.0,9.5,7828,6603,27.307855834960936,112,313.45001220703125,🆕新倉暴量 🏛️機構場,HOLD,2
OPEN,2026-08-28,3.5,0.05,13563,6558,81.2501875,0,3.4100000858306885,🎲末日結算 🆕新倉暴量 🚬菸屁股 ⚠️暴動高IV(81%),GAMBLE,2
INTC,2026-08-28,99.0,0.1,8029,6465,87.10950390625,0,88.23999786376953,🎲末日結算 🆕新倉暴量 🚬菸屁股 ⚠️暴動高IV(87%),GAMBLE,2
IBIT,2026-10-16,48.0,1.45,42076,6309,41.992767578125,49,44.459999084472656,🔥萬人塚,HOLD,2
SMCI,2026-08-28,38.0,0.73,13381,6038,90.82040429687498,0,37.38999938964844,🎲末日結算 🆕新倉暴量 🚬菸屁股 ⚠️暴動高IV(91%),GAMBLE,2
NVDA,2026-08-28,247.5,0.19,10959,5998,114.64886425781249,0,209.66000366210938,🎲末日結算 🆕新倉暴量 🚬菸屁股 ⚠️暴動高IV(115%),GAMBLE,2
NVDA,2026-10-16,250.0,2.07,55944,5825,40.80869738769531,49,209.66000366210938,🔥萬人塚,HOLD,2
IBIT,2026-09-18,45.0,1.55,62707,5303,40.35704174804688,21,44.459999084472656,🔥萬人塚,HOLD,2
INTC,2026-09-18,100.0,1.83,53204,5163,63.208375732421885,21,88.23999786376953,🔥萬人塚,HOLD,2
NVDA,2026-10-16,220.0,8.4,106072,4930,41.02231829833984,49,209.66000366210938,🔥萬人塚,HOLD,2
CRWV,2026-08-28,100.0,0.2,7931,4732,110.54732226562503,0,88.01000213623047,🎲末日結算 🆕新倉暴量 🚬菸屁股 ⚠️暴動高IV(111%),GAMBLE,2
NVDA,2027-01-15,300.0,2.42,65029,4636,42.04159521484375,140,209.66000366210938,🔥萬人塚,HOLD,2
NVDA,2026-08-28,252.5,0.13,5161,4361,117.96916015624998,0,209.66000366210938,🎲末日結算 🆕新倉暴量 🚬菸屁股 ⚠️暴動高IV(118%),GAMBLE,2
NVDA,2026-10-16,230.0,5.4,36109,4097,40.70493865966797,49,209.66000366210938,🔥萬人塚,HOLD,2
NBIS,2026-08-28,250.0,0.35,6305,4096,122.07070214843749,0,213.92999267578125,🎲末日結算 🆕新倉暴量 🚬菸屁股 ⚠️暴動高IV(122%),GAMBLE,2
CRWV,2026-08-28,95.0,0.64,6079,3984,105.2739111328125,0,88.01000213623047,🎲末日結算 🆕新倉暴量 🚬菸屁股 ⚠️暴動高IV(105%),GAMBLE,2
NBIS,2026-08-28,240.0,0.78,4282,3899,115.33245458984376,0,213.92999267578125,🎲末日結算 🆕新倉暴量 🚬菸屁股 ⚠️暴動高IV(115%),GAMBLE,2
AMZN,2026-09-18,280.0,1.68,40728,3865,29.444064941406246,21,260.2799987792969,🔥萬人塚,HOLD,2
PCG,2026-09-18,18.0,1.18,72300,3603,57.42230078125,21,18.219999313354492,🔥萬人塚,HOLD,2
NVDA,2027-01-15,250.0,8.22,54867,3342,41.11692184448243,140,209.66000366210938,🔥萬人塚,HOLD,2
ASTS,2026-08-28,70.0,0.05,5335,3190,109.76607617187501,0,59.880001068115234,🎲末日結算 🆕新倉暴量 🚬菸屁股 ⚠️暴動高IV(110%),GAMBLE,2
HIMS,2026-08-28,34.5,0.04,2968,2492,110.9379453125,0,29.829999923706055,🎲末日結算 🆕新倉暴量 🚬菸屁股 ⚠️暴動高IV(111%),GAMBLE,2
SOFI,2027-01-15,20.0,2.31,88561,2393,60.01016552734376,140,18.84000015258789,🔥萬人塚,HOLD,2
NVDA,2027-01-15,210.0,21.64,40691,2372,43.54304504394532,140,209.66000366210938,🔥萬人塚,HOLD,2
CRM,2026-08-28,250.0,0.15,1921,2291,127.53942480468747,0,205.6199951171875,🎲末日結算 🚀點火(4.0x) 🚬菸屁股 ⚠️暴動高IV(128%),GAMBLE,2
PCG,2026-08-28,19.5,0.14,2259,2168,101.172369140625,0,18.219999313354492,🎲末日結算 🆕新倉暴量 🚬菸屁股 ⚠️暴動高IV(101%),GAMBLE,2
HIMS,2026-08-28,31.0,0.3,2058,1995,85.54701953125,0,29.829999923706055,🎲末日結算 🆕新倉暴量 🚬菸屁股 ⚠️暴動高IV(86%),GAMBLE,2
AAPL,2026-09-18,350.0,0.43,33282,1956,26.416751464843745,21,313.45001220703125,🚬菸屁股 🔥萬人塚 🏛️機構場,HOLD,2
IBIT,2027-01-15,60.0,1.19,46825,1942,46.99760034179688,140,44.459999084472656,🔥萬人塚,HOLD,2
SOFI,2027-01-15,25.0,1.01,99458,1574,59.52188916015625,140,18.84000015258789,🔥萬人塚,HOLD,2
NVDA,2027-01-15,200.0,26.75,84646,1573,42.96016513061524,140,209.66000366210938,🔥萬人塚,HOLD,2
MU,2026-08-28,1100.0,0.31,4185,1459,95.21489160156248,0,938.4000244140625,🎲末日結算 🆕新倉暴量 🚬菸屁股 ⚠️暴動高IV(95%),GAMBLE,2
NVDA,2026-12-18,250.0,6.51,33880,1433,41.27866339111328,112,209.66000366210938,🔥萬人塚,HOLD,2
CRWV,2026-08-28,105.0,0.08,2444,1425,118.75040625,0,88.01000213623047,🎲末日結算 🆕新倉暴量 🚬菸屁股 ⚠️暴動高IV(119%),GAMBLE,2
CRWV,2026-08-28,96.0,0.5,1470,1414,106.15281298828126,0,88.01000213623047,🎲末日結算 🆕新倉暴量 🚬菸屁股 ⚠️暴動高IV(106%),GAMBLE,2
NVDA,2027-01-15,230.0,13.47,37082,1377,41.70895693969726,140,209.66000366210938,🔥萬人塚,HOLD,2
ACHR,2026-08-28,6.5,0.02,6028,1318,106.25046875000001,0,5.900000095367432,🎲末日結算 🆕新倉暴量 🚬菸屁股 ⚠️暴動高IV(106%),GAMBLE,2
NVDA,2026-12-18,220.0,14.91,58510,1238,43.240924041748045,112,209.66000366210938,🔥萬人塚,HOLD,2
IREN,2026-09-18,50.0,1.2,30459,1198,103.32079589843752,21,39.58000183105469,🔥萬人塚,HOLD,2
NVDA,2027-01-15,220.0,17.15,38940,1192,41.815767395019535,140,209.66000366210938,🔥萬人塚,HOLD,2
SOFI,2026-08-28,21.5,0.01,3339,1188,81.2501875,0,18.84000015258789,🎲末日結算 🆕新倉暴量 🚬菸屁股 ⚠️暴動高IV(81%),GAMBLE,2
HIMS,2026-08-28,35.0,0.02,4835,1155,110.9379453125,0,29.829999923706055,🎲末日結算 🆕新倉暴量 🚬菸屁股 ⚠️暴動高IV(111%),GAMBLE,2
NVDA,2026-12-18,200.0,24.5,49320,1113,44.69049450683594,112,209.66000366210938,🔥萬人塚,HOLD,2
NVDA,2027-01-15,340.0,1.02,74209,1109,43.677321044921875,140,209.66000366210938,🔥萬人塚,HOLD,2
ONDS,2027-01-15,10.0,1.22,48967,1001,87.98840136718749,140,8.220000267028809,🔥萬人塚,HOLD,2
OKLO,2026-08-28,43.0,0.68,957,961,96.679720703125,0,41.599998474121094,🎲末日結算 🆕新倉暴量 🚬菸屁股 ⚠️暴動高IV(97%),GAMBLE,2
CRWV,2026-09-18,110.0,1.38,62718,955,81.2501875,21,88.01000213623047,🔥萬人塚,HOLD,2
RKLB,2026-08-28,75.0,0.05,4083,922,91.4063359375,0,66.18000030517578,🎲末日結算 🆕新倉暴量 🚬菸屁股 ⚠️暴動高IV(91%),GAMBLE,2
OKLO,2026-08-28,42.5,0.71,819,909,95.507857421875,0,41.599998474121094,🎲末日結算 🆕新倉暴量 🚬菸屁股 ⚠️暴動高IV(96%),GAMBLE,2
IBIT,2026-09-18,44.0,2.04,39309,854,40.23497265625,21,44.459999084472656,🔥萬人塚,HOLD,2
NBIS,2026-08-28,260.0,0.2,4194,847,131.25034374999998,0,213.92999267578125,🎲末日結算 🆕新倉暴量 🚬菸屁股 ⚠️暴動高IV(131%),GAMBLE,2
OKLO,2026-08-28,48.0,0.07,1389,813,124.21912890624998,0,41.599998474121094,🎲末日結算 🆕新倉暴量 🚬菸屁股 ⚠️暴動高IV(124%),GAMBLE,2
MU,2026-08-28,1150.0,0.09,2146,788,106.25046875000001,0,938.4000244140625,🎲末日結算 🆕新倉暴量 🚬菸屁股 ⚠️暴動高IV(106%),GAMBLE,2
IBIT,2026-09-18,40.0,4.89,78350,759,46.53373779296876,21,44.459999084472656,🔥萬人塚,HOLD,2
HOOD,2026-08-28,135.0,0.03,2481,759,114.0629296875,0,108.54000091552734,🎲末日結算 🆕新倉暴量 🚬菸屁股 ⚠️暴動高IV(114%),GAMBLE,2
NBIS,2026-08-28,237.5,0.95,938,740,113.37933935546877,0,213.92999267578125,🎲末日結算 🆕新倉暴量 🚬菸屁股 ⚠️暴動高IV(113%),GAMBLE,2
TSLA,2027-01-15,400.0,21.2,35463,737,46.727522476196285,140,345.82000732421875,🔥萬人塚,HOLD,2
OKLO,2026-08-28,46.0,0.15,917,653,103.90673046875003,0,41.599998474121094,🎲末日結算 🆕新倉暴量 🚬菸屁股 ⚠️暴動高IV(104%),GAMBLE,2
IONQ,2026-08-28,43.0,0.24,2596,626,92.9688203125,0,40.029998779296875,🎲末日結算 🆕新倉暴量 🚬菸屁股 ⚠️暴動高IV(93%),GAMBLE,2
ZM,2026-08-28,115.0,0.02,1416,612,135.15657421875,0,93.83000183105469,🎲末日結算 🆕新倉暴量 🚬菸屁股 ⚠️暴動高IV(135%),GAMBLE,2
OKLO,2026-08-28,46.5,0.12,1867,586,106.64109179687502,0,41.599998474121094,🎲末日結算 🆕新倉暴量 🚬菸屁股 ⚠️暴動高IV(107%),GAMBLE,2
HIMS,2026-08-28,34.0,0.04,2168,585,101.5629921875,0,29.829999923706055,🎲末日結算 🆕新倉暴量 🚬菸屁股 ⚠️暴動高IV(102%),GAMBLE,2
NVDA,2026-12-18,280.0,2.67,33811,582,41.91952612304687,112,209.66000366210938,🔥萬人塚,HOLD,2
NVDA,2027-01-15,290.0,2.99,38214,580,41.53500848388671,140,209.66000366210938,🔥萬人塚,HOLD,2
ASTS,2026-08-28,72.0,0.05,2443,573,121.875390625,0,59.880001068115234,🎲末日結算 🆕新倉暴量 🚬菸屁股 ⚠️暴動高IV(122%),GAMBLE,2
SHOP,2026-09-18,160.0,3.0,82256,571,44.788149780273436,21,150.2899932861328,🔥萬人塚,HOLD,2
META,2026-08-28,725.0,0.03,1575,569,101.5629921875,0,576.1400146484375,🎲末日結算 🆕新倉暴量 🚬菸屁股 ⚠️暴動高IV(102%),GAMBLE,2
CRWV,2026-08-28,98.0,0.3,1683,550,108.203583984375,0,88.01000213623047,🎲末日結算 🆕新倉暴量 🚬菸屁股 ⚠️暴動高IV(108%),GAMBLE,2
META,2026-08-28,715.0,0.03,775,541,98.437515625,0,576.1400146484375,🎲末日結算 🆕新倉暴量 🚬菸屁股 ⚠️暴動高IV(98%),GAMBLE,2
HIMS,2026-08-28,30.5,0.45,752,521,83.39860351562498,0,29.829999923706055,🎲末日結算 🆕新倉暴量 🚬菸屁股 ⚠️暴動高IV(83%),GAMBLE,2
RKLB,2026-08-28,72.0,0.15,1212,498,80.4689453125,0,66.18000030517578,🎲末日結算 🆕新倉暴量 🚬菸屁股 ⚠️暴動高IV(80%),GAMBLE,2
UPST,2026-08-28,35.0,0.02,767,488,93.7500625,0,30.469999313354492,🎲末日結算 🆕新倉暴量 🚬菸屁股 ⚠️暴動高IV(94%),GAMBLE,2
LUNR,2026-08-28,18.0,0.04,1244,480,112.5004375,0,16.110000610351562,🎲末日結算 🆕新倉暴量 🚬菸屁股 ⚠️暴動高IV(113%),GAMBLE,2
NVDA,2026-09-18,195.0,18.15,81322,434,52.6371923828125,21,209.66000366210938,🔥萬人塚,HOLD,2
OKLO,2026-08-28,44.5,0.29,1093,425,97.6562734375,0,41.599998474121094,🎲末日結算 🆕新倉暴量 🚬菸屁股 ⚠️暴動高IV(98%),GAMBLE,2
DKNG,2026-11-20,30.0,1.0,110140,423,55.1762294921875,84,24.780000686645508,🔥萬人塚,HOLD,2
OKLO,2026-12-18,90.0,1.11,30263,263,96.89944506835937,112,41.599998474121094,🔥萬人塚,HOLD,2
AAPL,2026-11-20,400.0,0.57,35580,208,27.18578674316406,84,313.45001220703125,🚬菸屁股 🔥萬人塚 🏛️機構場,HOLD,2
IBIT,2026-09-18,42.0,3.25,36854,201,43.164630859375,21,44.459999084472656,🔥萬人塚,HOLD,2
PLTR,2026-12-18,175.0,23.9,52481,76,57.568783691406246,112,177.5,🔥萬人塚,HOLD,2
SOFI,2027-01-15,15.0,4.96,39290,75,64.30699755859376,140,18.84000015258789,🔥萬人塚,HOLD,2
MSTR,2026-09-18,100.0,24.73,36431,42,77.49045947265626,21,123.19000244140625,🔥萬人塚,HOLD,2
INTC,2026-12-18,70.0,23.02,49943,25,69.18976123046876,112,88.23999786376953,🔥萬人塚,HOLD,2
INTC,2026-11-20,70.0,21.25,78169,9,69.82452050781251,84,88.23999786376953,🔥萬人塚,HOLD,2
SHOP,2026-09-18,140.0,13.88,47638,7,54.89547058105471,21,150.2899932861328,🔥萬人塚,HOLD,2
SHOP,2026-10-16,135.0,19.75,45912,7,53.78464184570313,49,150.2899932861328,🔥萬人塚,HOLD,2
NVDA,2026-08-28,240.0,0.38,165684,64954,110.44966650390626,0,209.66000366210938,🎲末日結算 🚬菸屁股 🔥萬人塚,HOLD,1
NVDA,2026-08-28,235.0,0.61,41317,49394,108.10592822265626,0,209.66000366210938,🎲末日結算 🚬菸屁股 🔥萬人塚,HOLD,1
SOFI,2026-08-28,20.0,0.05,43790,44489,64.062859375,0,18.84000015258789,🎲末日結算 🚬菸屁股 🔥萬人塚,HOLD,1
NVDA,2026-08-28,227.5,1.3,39511,26705,105.32273901367186,0,209.66000366210938,🎲末日結算 🆕新倉暴量 🔥萬人塚 ⚠️暴動高IV(105%),HOLD,1
NVDA,2026-08-28,222.5,2.13,58378,24739,104.59032080078129,0,209.66000366210938,🎲末日結算 🆕新倉暴量 🔥萬人塚 ⚠️暴動高IV(105%),HOLD,1
SOFI,2026-08-28,19.0,0.26,33579,18772,57.812921875,0,18.84000015258789,🎲末日結算 🚬菸屁股 🔥萬人塚,HOLD,1
IREN,2026-10-16,90.0,0.28,11503,10022,123.43788281249999,49,39.58000183105469,🆕低基期(前日Vol19) 🚬菸屁股,HOLD,1
NVDA,2027-01-15,460.0,0.16,18274,7624,49.65870654296876,140,209.66000366210938,🚬菸屁股,HOLD,1
IREN,2026-08-28,40.0,2.01,2708,6960,186.9141279296875,0,39.58000183105469,🎲末日結算 🚨異常掃貨 🆕新倉暴量 ⚠️IV頂峰 ⚠️暴動高IV(187%),GAMBLE,1
AAPL,2027-01-15,350.0,8.56,37901,6291,27.25292474365234,140,313.45001220703125,🔥萬人塚 🏛️機構場,HOLD,1
IREN,2026-10-16,95.0,0.22,5070,5000,129.49254003906248,49,39.58000183105469,🆕低基期(前日Vol1) 🚬菸屁股,HOLD,1
CRWV,2026-10-16,120.0,2.63,13347,4394,82.66618896484374,49,88.01000213623047,🆕新倉暴量 ⚠️暴動高IV(83%),HOLD,1
AAPL,2026-09-18,320.0,5.3,35086,3960,26.06275109863281,21,313.45001220703125,🔥萬人塚 🏛️機構場,HOLD,1
IBIT,2026-09-18,47.0,0.88,14626,3489,41.16269775390625,21,44.459999084472656,🚬菸屁股,HOLD,1
AAPL,2026-09-18,330.0,2.5,32926,3460,25.769785278320313,21,313.45001220703125,🔥萬人塚 🏛️機構場,HOLD,1
IREN,2026-09-18,40.0,3.7,8738,3336,98.9257919921875,21,39.58000183105469,🆕新倉暴量 ⚠️暴動高IV(99%),HOLD,1
AAPL,2026-09-18,340.0,1.07,30897,3234,26.221440917968753,21,313.45001220703125,🔥萬人塚 🏛️機構場,HOLD,1
IBIT,2026-10-16,50.0,0.99,23773,3205,42.529871582031255,49,44.459999084472656,🚬菸屁股,HOLD,1
SOFI,2026-09-18,19.0,0.91,26175,3117,51.95360546875,21,18.84000015258789,🚬菸屁股,HOLD,1
AMZN,2026-09-18,295.0,0.47,11561,2678,31.128618408203117,21,260.2799987792969,🚬菸屁股,HOLD,1
ONDS,2026-12-18,26.0,0.13,2260,2617,115.625421875,112,8.220000267028809,🚬菸屁股,HOLD,1
IREN,2026-08-28,41.0,1.62,1505,2554,188.76958740234375,0,39.58000183105469,🎲末日結算 🚨異常掃貨 🆕新倉暴量 ⚠️IV頂峰 ⚠️暴動高IV(189%),GAMBLE,1
INTC,2026-10-16,150.0,0.47,8248,2419,75.00025000000001,49,88.23999786376953,🚬菸屁股,HOLD,1
MSTR,2026-09-18,200.0,0.29,10799,2382,95.99613378906248,21,123.19000244140625,🚬菸屁股,HOLD,1
NVDA,2026-09-18,275.0,0.23,11232,2337,52.14891601562499,21,209.66000366210938,🚬菸屁股,HOLD,1
WMT,2026-09-18,110.0,0.63,19218,2335,23.633576171875,21,104.33999633789062,🚬菸屁股,HOLD,1
NVDA,2026-09-18,255.0,0.56,17404,2196,49.561051269531255,21,209.66000366210938,🚬菸屁股,HOLD,1
RDDT,2028-01-21,420.0,11.9,1783,1899,69.13483013916017,511,155.36000061035156,🔭LEAPS,HOLD,1
CRWV,2026-10-16,140.0,1.16,7701,1741,85.54701953125,49,88.01000213623047,🆕新倉暴量 ⚠️暴動高IV(86%),HOLD,1
SMR,2026-09-18,11.0,0.27,9204,1725,85.35170898437501,21,9.270000457763672,🚬菸屁股,HOLD,1
ASTS,2026-09-18,100.0,0.18,13978,1720,104.29735351562503,21,59.880001068115234,🚬菸屁股,HOLD,1
SOFI,2026-09-18,21.0,0.3,18232,1720,52.3442265625,21,18.84000015258789,🚬菸屁股,HOLD,1
PCG,2026-10-16,21.0,0.39,7519,1668,44.727115234375,49,18.219999313354492,🚬菸屁股,HOLD,1
IREN,2026-09-18,60.0,0.39,15617,1622,110.54732226562503,21,39.58000183105469,🚬菸屁股,HOLD,1
OPEN,2026-11-20,4.0,0.38,15443,1593,92.57819921875,84,3.4100000858306885,🚬菸屁股,HOLD,1
ACHR,2026-09-18,7.0,0.12,22045,1503,73.82838671875,21,5.900000095367432,🚬菸屁股,HOLD,1
HOOD,2026-08-28,109.0,2.05,5357,1459,71.87528125,0,108.54000091552734,🎲末日結算 🆕新倉暴量,HOLD,1
OPEN,2026-10-16,4.0,0.21,6690,1427,80.85956640625,49,3.4100000858306885,🚬菸屁股,HOLD,1
WMT,2026-10-16,115.0,0.72,7577,1396,24.7077841796875,49,104.33999633789062,🚬菸屁股,HOLD,1
ONDS,2026-09-18,9.0,0.33,18577,1366,75.195560546875,21,8.220000267028809,🚬菸屁股,HOLD,1
ONDS,2026-10-16,10.0,0.43,5409,1351,80.07832421875,49,8.220000267028809,🚬菸屁股,HOLD,1
NVDA,2026-10-16,300.0,0.29,9881,1317,46.19194433593751,49,209.66000366210938,🚬菸屁股,HOLD,1
AMZN,2026-09-18,290.0,0.71,25155,1309,30.298548583984374,21,260.2799987792969,🚬菸屁股,HOLD,1
IONQ,2026-09-18,50.0,0.69,9588,1291,83.20329296874999,21,40.029998779296875,🚬菸屁股,HOLD,1
NVDA,2026-09-18,280.0,0.19,28798,1289,54.49264257812501,21,209.66000366210938,🚬菸屁股,HOLD,1
IREN,2026-09-18,55.0,0.67,10727,1257,106.59226391601564,21,39.58000183105469,🚬菸屁股,HOLD,1
OPEN,2026-09-18,4.0,0.09,15450,1241,80.4689453125,21,3.4100000858306885,🚬菸屁股,HOLD,1
IREN,2026-10-16,55.0,1.72,1805,1201,98.77930908203125,49,39.58000183105469,🆕新倉暴量 ⚠️暴動高IV(99%),HOLD,1
SMCI,2026-09-18,45.0,0.7,13844,1183,76.31859619140626,21,37.38999938964844,🚬菸屁股,HOLD,1
SMR,2026-09-18,10.0,0.5,7373,1165,80.664255859375,21,9.270000457763672,🚬菸屁股,HOLD,1
HOOD,2026-08-28,107.0,3.12,3178,1150,71.3870048828125,0,108.54000091552734,🎲末日結算 🆕新倉暴量,HOLD,1
WMT,2026-09-18,115.0,0.2,11720,1096,25.586681640625002,21,104.33999633789062,🚬菸屁股,HOLD,1
WMT,2026-10-16,120.0,0.33,5287,1086,25.90406127929688,49,104.33999633789062,🚬菸屁股,HOLD,1
RDDT,2026-08-28,160.0,1.29,1658,1055,66.55306884765628,0,155.36000061035156,🎲末日結算 🆕新倉暴量,HOLD,1
IBIT,2026-10-16,55.0,0.4,12885,1042,45.117736328125005,49,44.459999084472656,🚬菸屁股,HOLD,1
ONDS,2028-01-21,17.0,1.95,9226,1040,96.33792724609374,511,8.220000267028809,🔭LEAPS,HOLD,1
SOFI,2026-10-16,23.0,0.35,8351,1036,54.19967675781252,49,18.84000015258789,🚬菸屁股,HOLD,1
IBIT,2026-09-18,49.0,0.47,9685,1009,42.529871582031255,21,44.459999084472656,🚬菸屁股,HOLD,1
RKLB,2026-09-18,90.0,0.35,3404,1009,76.85570019531252,21,66.18000030517578,🚬菸屁股,HOLD,1
PCG,2026-09-18,30.0,0.04,2500,1002,75.00025000000001,21,18.219999313354492,🚬菸屁股,HOLD,1
IBIT,2026-10-16,105.0,0.03,9059,1001,87.500125,49,44.459999084472656,🆕低基期(前日Vol7) 🚬菸屁股,HOLD,1
TSLA,2026-09-18,420.0,0.92,16067,982,47.070841796875,21,345.82000732421875,🚬菸屁股,HOLD,1
OPEN,2026-09-18,5.0,0.02,12034,935,96.87503124999999,21,3.4100000858306885,🚬菸屁股,HOLD,1
OKLO,2026-09-18,70.0,0.12,7325,929,105.85984570312502,21,41.599998474121094,🚬菸屁股,HOLD,1
APP,2026-08-28,320.0,1.58,917,929,63.03747900390625,0,308.1099853515625,🎲末日結算 🆕新倉暴量,HOLD,1
INTC,2026-09-18,140.0,0.09,14473,906,81.64080859375,21,88.23999786376953,🚀點火(3.3x) 🚬菸屁股 ⚠️尾段價外(59%) ⚠️暴動高IV(82%),BUY_WATCH,1
IBIT,2026-09-18,53.0,0.16,5580,903,46.87553125,21,44.459999084472656,🚬菸屁股,HOLD,1
AAPL,2026-10-16,360.0,1.12,81277,884,25.537854003906258,49,313.45001220703125,🔥萬人塚 🏛️機構場,HOLD,1
ONDS,2028-01-21,20.0,1.66,16547,876,96.92385888671875,511,8.220000267028809,🔭LEAPS,HOLD,1
ACHR,2026-10-16,7.0,0.28,14094,863,74.02369726562499,49,5.900000095367432,🚬菸屁股,HOLD,1
BEAM,2028-01-21,35.0,8.9,954,850,78.4181845703125,511,30.190000534057617,🆕低基期(前日Vol6) 🔭LEAPS,HOLD,1
WMT,2026-08-28,103.0,1.64,2930,840,29.590547851562498,0,104.33999633789062,🎲末日結算 🆕新倉暴量,HOLD,1
WMT,2026-09-18,120.0,0.07,25831,816,28.125718749999994,21,104.33999633789062,🚬菸屁股,HOLD,1
TSLA,2026-09-18,450.0,0.46,14278,808,52.905744384765626,21,345.82000732421875,🚬菸屁股,HOLD,1
HIMS,2026-09-18,35.0,0.65,6396,799,74.17018017578124,21,29.829999923706055,🚬菸屁股,HOLD,1
ASTS,2026-09-18,85.0,0.45,4000,768,95.11723632812499,21,59.880001068115234,🚬菸屁股,HOLD,1
IBIT,2027-01-15,62.0,0.98,6638,758,47.583531982421874,140,44.459999084472656,🚬菸屁股,HOLD,1
OKLO,2026-09-18,45.0,2.0,3367,755,80.7619111328125,21,41.599998474121094,🆕新倉暴量 ⚠️暴動高IV(81%),HOLD,1
IREN,2026-10-16,70.0,0.66,6037,744,108.10592822265626,49,39.58000183105469,🚬菸屁股,HOLD,1
IBIT,2026-09-18,90.0,0.02,10272,710,93.7500625,21,44.459999084472656,🚬菸屁股,HOLD,1
SOFI,2026-10-16,22.0,0.49,7621,706,52.83250292968751,49,18.84000015258789,🚬菸屁股,HOLD,1
TSLA,2026-09-18,500.0,0.24,16624,704,63.574583007812514,21,345.82000732421875,🚬菸屁股,HOLD,1
CRWV,2026-10-16,130.0,1.7,2615,704,84.52163916015624,49,88.01000213623047,🆕新倉暴量 ⚠️暴動高IV(85%),HOLD,1
OKLO,2026-10-16,60.0,1.12,3359,699,88.76964355468748,49,41.599998474121094,🆕新倉暴量 ⚠️暴動高IV(89%),HOLD,1
RKLB,2026-10-16,100.0,0.9,5475,699,80.12715185546875,49,66.18000030517578,🚬菸屁股,HOLD,1
IREN,2026-10-16,42.0,4.65,2256,695,95.11723632812499,49,39.58000183105469,🆕新倉暴量 ⚠️暴動高IV(95%),HOLD,1
SMCI,2026-09-18,55.0,0.14,12278,681,84.37515624999999,21,37.38999938964844,🚬菸屁股,HOLD,1
RKLB,2026-09-18,85.0,0.6,2911,680,75.09790527343749,21,66.18000030517578,🚬菸屁股,HOLD,1
IREN,2026-10-16,45.0,3.65,3070,673,95.75199560546875,49,39.58000183105469,🆕新倉暴量 ⚠️暴動高IV(96%),HOLD,1
AAPL,2027-01-15,320.0,19.8,36249,656,28.995461029052727,140,313.45001220703125,🔥萬人塚 🏛️機構場,HOLD,1
HOOD,2026-08-28,106.0,4.0,1631,654,72.9494892578125,0,108.54000091552734,🎲末日結算 🆕新倉暴量,HOLD,1
OKLO,2026-09-18,60.0,0.26,3750,652,93.945373046875,21,41.599998474121094,🚬菸屁股,HOLD,1
TSLA,2026-10-16,500.0,0.92,6545,639,51.97801928710937,49,345.82000732421875,🚬菸屁股,HOLD,1
BEAM,2028-01-21,40.0,8.0,2241,636,77.09983837890626,511,30.190000534057617,🔭LEAPS,HOLD,1
NVDA,2026-09-18,265.0,0.33,10471,635,49.85401708984375,21,209.66000366210938,🚬菸屁股,HOLD,1
IBIT,2026-09-18,60.0,0.06,24427,624,58.20354296875,21,44.459999084472656,🚬菸屁股,HOLD,1
SOFI,2026-10-16,25.0,0.18,8835,604,56.055126953125,49,18.84000015258789,🚬菸屁股,HOLD,1
PLTR,2026-09-18,220.0,0.52,12357,597,51.41650146484375,21,177.5,🚬菸屁股,HOLD,1
JOBY,2028-01-21,10.0,2.0,16441,597,84.37515624999999,511,7.139999866485596,🔭LEAPS,HOLD,1
META,2026-09-18,1210.0,0.02,2239,595,86.7188828125,21,576.1400146484375,🆕新倉暴量 🚬菸屁股 ⚠️尾段價外(110%) ⚠️暴動高IV(87%),BUY_WATCH,1
AMZN,2026-09-18,310.0,0.13,9625,595,33.05731005859375,21,260.2799987792969,🚬菸屁股,HOLD,1
TSLA,2026-09-18,900.0,0.02,7353,563,115.625421875,21,345.82000732421875,🚬菸屁股,HOLD,1
ONDS,2026-09-18,12.0,0.05,19874,562,94.5313046875,21,8.220000267028809,🚬菸屁股,HOLD,1
CRWV,2026-09-18,120.0,0.67,16555,560,83.49625878906248,21,88.01000213623047,🚬菸屁股,HOLD,1
NBIS,2026-10-16,380.0,2.91,1793,554,101.01367852783201,49,213.92999267578125,🆕新倉暴量 ⚠️暴動高IV(101%),HOLD,1
SMCI,2026-09-18,50.0,0.29,12744,551,80.27363476562499,21,37.38999938964844,🚬菸屁股,HOLD,1
IBIT,2027-01-15,75.0,0.4,11826,550,51.36767382812499,140,44.459999084472656,🚬菸屁股,HOLD,1
ONDS,2026-10-16,9.0,0.67,2537,543,77.929908203125,49,8.220000267028809,🚬菸屁股,HOLD,1
RDDT,2026-08-28,157.5,2.16,925,540,65.28355029296876,0,155.36000061035156,🎲末日結算 🆕新倉暴量,HOLD,1
ASTS,2026-10-16,115.0,0.5,1021,538,97.02151416015624,49,59.880001068115234,🆕低基期(前日Vol5) 🚬菸屁股,HOLD,1
TGT,2026-08-28,165.0,1.14,2031,536,34.0826904296875,0,164.0399932861328,🎲末日結算 🆕新倉暴量,HOLD,1
INTC,2026-09-18,125.0,0.27,13164,531,75.87914746093752,21,88.23999786376953,🚬菸屁股,HOLD,1
AMZN,2026-09-18,315.0,0.1,12784,529,33.692069335937504,21,260.2799987792969,🚬菸屁股,HOLD,1
ONDS,2028-01-21,10.0,3.1,21945,526,97.80275634765626,511,8.220000267028809,🔭LEAPS,HOLD,1
ONDS,2028-01-21,4.0,5.25,22393,525,99.9023447265625,511,8.220000267028809,🆕低基期(前日Vol7) 🔭LEAPS,HOLD,1
SOFI,2028-01-21,20.0,5.3,29021,514,65.43003320312502,511,18.84000015258789,🔭LEAPS,HOLD,1
HIMS,2026-09-18,40.0,0.24,11487,506,81.5431533203125,21,29.829999923706055,🚬菸屁股,HOLD,1
SMCI,2026-09-18,44.0,0.82,1581,502,75.00025000000001,21,37.38999938964844,🚬菸屁股,HOLD,1
PACB,2026-09-18,1.5,0.15,9983,502,93.7500625,21,1.559999942779541,🚬菸屁股,HOLD,1
SMCI,2026-12-18,90.0,0.54,2794,501,91.4063359375,112,37.38999938964844,🆕低基期(前日Vol2) 🚬菸屁股,HOLD,1
APP,2026-08-28,315.0,2.95,778,494,61.27968408203126,0,308.1099853515625,🎲末日結算 🆕新倉暴量,HOLD,1
SMR,2027-01-15,15.0,0.78,15358,493,95.21489160156248,140,9.270000457763672,🚬菸屁股,HOLD,1
ZM,2026-09-18,105.0,0.73,4282,486,46.14311669921876,21,93.83000183105469,🚬菸屁股,HOLD,1
META,2026-09-18,1450.0,0.01,1834,486,105.46922265625001,21,576.1400146484375,🆕新倉暴量 🚬菸屁股 ⚠️尾段價外(152%) ⚠️暴動高IV(105%),BUY_WATCH,1
MSFT,2026-10-16,510.0,14.1,33272,483,27.188838470458975,49,496.3699951171875,🔥萬人塚 🏛️機構場,HOLD,1
RKLB,2026-09-18,120.0,0.06,6936,467,102.34423828125001,21,66.18000030517578,🚬菸屁股,HOLD,1
HIMS,2026-09-18,37.0,0.42,3385,464,80.95722167968748,21,29.829999923706055,🚬菸屁股,HOLD,1
SOFI,2026-09-18,35.0,0.01,6709,458,104.68797656250001,21,18.84000015258789,🆕低基期(前日Vol1) 🚬菸屁股,HOLD,1
ONDS,2026-09-18,8.5,0.49,1649,441,73.437765625,21,8.220000267028809,🚬菸屁股,HOLD,1
OKLO,2026-10-16,45.0,3.74,2002,434,82.08025732421873,49,41.599998474121094,🆕新倉暴量 ⚠️暴動高IV(82%),HOLD,1
NVDA,2028-01-21,460.0,4.5,5013,433,44.067942138671874,511,209.66000366210938,🔭LEAPS,HOLD,1
VST,2026-09-18,160.0,0.95,10848,432,45.825737060546885,21,140.02999877929688,🚬菸屁股,HOLD,1
ASTS,2026-10-16,100.0,0.82,4735,431,93.6524072265625,49,59.880001068115234,🚬菸屁股,HOLD,1
SOFI,2026-10-16,21.0,0.71,6680,430,52.734847656250004,49,18.84000015258789,🚬菸屁股,HOLD,1
ONDS,2027-01-15,27.0,0.14,6998,427,103.71141894531253,140,8.220000267028809,🚬菸屁股,HOLD,1
WMT,2026-09-18,155.0,0.01,2399,426,57.0316796875,21,104.33999633789062,🚬菸屁股,HOLD,1
RDDT,2026-08-28,155.0,3.1,1839,425,64.20934228515625,0,155.36000061035156,🎲末日結算 🆕新倉暴量,HOLD,1
RKLB,2026-10-16,120.0,0.4,3168,421,91.3086806640625,49,66.18000030517578,🚬菸屁股,HOLD,1
ASTS,2027-01-15,180.0,0.88,9294,417,100.02491394042967,140,59.880001068115234,🚬菸屁股,HOLD,1
HIMS,2026-10-16,40.0,0.8,2604,416,78.2228740234375,49,29.829999923706055,🚬菸屁股,HOLD,1
TSLA,2026-09-18,440.0,0.56,8543,414,50.63525927734375,21,345.82000732421875,🚬菸屁股,HOLD,1
ZM,2026-09-18,130.0,0.03,1242,414,51.17236328125,21,93.83000183105469,🚬菸屁股,HOLD,1
ACHR,2028-01-21,10.0,1.47,21175,413,87.5977802734375,511,5.900000095367432,🔭LEAPS,HOLD,1
IREN,2026-09-18,46.0,1.96,1961,412,101.31885278320314,21,39.58000183105469,🆕新倉暴量 ⚠️暴動高IV(101%),HOLD,1
NVDA,2026-11-20,300.0,0.98,11113,409,44.65387377929687,84,209.66000366210938,🚬菸屁股,HOLD,1
SMR,2027-01-15,20.0,0.37,21567,404,98.9257919921875,140,9.270000457763672,🚬菸屁股,HOLD,1
PACB,2026-12-18,1.5,0.35,3511,403,110.15669921875002,112,1.559999942779541,🚬菸屁股,HOLD,1
DKNG,2026-11-20,32.5,0.61,3796,402,54.883263671875014,84,24.780000686645508,🆕低基期(前日Vol13) 🚬菸屁股,HOLD,1
IBIT,2026-09-18,51.0,0.27,13866,399,44.434149414062496,21,44.459999084472656,🚬菸屁股,HOLD,1
ASTS,2026-09-18,75.0,0.99,4413,393,83.8868798828125,21,59.880001068115234,🚬菸屁股,HOLD,1
IONQ,2026-09-18,60.0,0.26,4047,392,94.726615234375,21,40.029998779296875,🚬菸屁股,HOLD,1
ONDS,2028-01-21,7.0,3.9,15630,392,95.41020214843749,511,8.220000267028809,🔭LEAPS,HOLD,1
WMT,2026-12-18,130.0,0.67,4959,392,29.004616210937495,112,104.33999633789062,🚬菸屁股,HOLD,1
ZM,2026-09-18,110.0,0.35,7025,391,45.16656396484375,21,93.83000183105469,🚬菸屁股,HOLD,1
ZM,2026-09-18,125.0,0.03,4895,390,56.64105859375,21,93.83000183105469,🚬菸屁股,HOLD,1
XYZ,2026-09-18,90.0,0.98,14290,390,39.45373046875,21,83.0999984741211,🚬菸屁股,HOLD,1
OKLO,2026-09-18,55.0,0.48,1958,389,85.0587431640625,21,41.599998474121094,🚬菸屁股,HOLD,1
INTC,2026-09-18,130.0,0.18,20972,388,77.148666015625,21,88.23999786376953,🚬菸屁股,HOLD,1
IREN,2026-09-18,70.0,0.17,15110,367,120.3128984375,21,39.58000183105469,🚬菸屁股,HOLD,1
META,2026-09-18,760.0,0.3,3539,362,49.31691308593751,21,576.1400146484375,🚬菸屁股,HOLD,1
CRM,2026-09-18,250.0,0.9,8584,360,52.31981274414061,21,205.6199951171875,🚬菸屁股,HOLD,1
JOBY,2028-01-21,8.0,2.5,9154,359,87.98840136718749,511,7.139999866485596,🔭LEAPS,HOLD,1
INTC,2026-09-18,150.0,0.06,21879,356,85.742330078125,21,88.23999786376953,🚬菸屁股,HOLD,1
ASTS,2026-09-18,90.0,0.3,9226,350,95.21489160156248,21,59.880001068115234,🚬菸屁股,HOLD,1
NBIS,2026-09-18,350.0,0.78,3524,344,103.46727954101564,21,213.92999267578125,🚬菸屁股,HOLD,1
COIN,2026-09-18,260.0,0.6,5221,341,79.34590966796875,21,181.77999877929688,🚬菸屁股,HOLD,1
OPEN,2026-10-16,5.0,0.09,7317,333,89.062609375,49,3.4100000858306885,🚬菸屁股,HOLD,1
CRM,2026-09-18,300.0,0.06,2194,333,59.766027343750004,21,205.6199951171875,🚬菸屁股,HOLD,1
ONDS,2026-09-18,11.0,0.08,20741,330,86.32826171875,21,8.220000267028809,🚬菸屁股,HOLD,1
ASTS,2026-09-18,80.0,0.64,5217,325,87.93957373046875,21,59.880001068115234,🚬菸屁股,HOLD,1
AMZN,2026-09-18,400.0,0.01,1310,320,58.984785156250005,21,260.2799987792969,🚬菸屁股,HOLD,1
IBIT,2026-11-20,55.0,0.95,5400,316,45.313046875000005,84,44.459999084472656,🚬菸屁股,HOLD,1
RKLB,2026-09-18,100.0,0.16,8489,315,85.8399853515625,21,66.18000030517578,🚬菸屁股,HOLD,1
SOFI,2026-12-18,30.0,0.35,20232,315,62.305064453125006,112,18.84000015258789,🚬菸屁股,HOLD,1
OPEN,2026-10-16,9.0,0.03,1279,315,132.81283593749998,49,3.4100000858306885,🚬菸屁股,HOLD,1
NVDA,2028-01-21,200.0,49.25,27638,314,47.48740257263184,511,209.66000366210938,🔭LEAPS,HOLD,1
BA,2026-09-18,250.0,0.18,8983,313,34.180345703125,21,212.08999633789062,🚬菸屁股,HOLD,1
PLTR,2026-09-18,410.0,0.01,6875,311,105.46922265625001,21,177.5,🆕低基期(前日Vol4) 🚬菸屁股,HOLD,1
MSFT,2027-01-15,625.0,5.2,51807,310,30.20699676513672,140,496.3699951171875,🔥萬人塚 🏛️機構場,HOLD,1
SOFI,2027-01-15,27.0,0.75,20938,306,59.766027343750004,140,18.84000015258789,🚬菸屁股,HOLD,1
OKLO,2026-10-16,70.0,0.55,1382,303,94.2383388671875,49,41.599998474121094,🚬菸屁股,HOLD,1
WMT,2026-11-20,150.0,0.12,1755,300,45.874564697265626,84,104.33999633789062,🚬菸屁股,HOLD,1
PATH,2026-09-18,20.0,0.52,6213,299,90.23447265624999,21,16.760000228881836,🚬菸屁股,HOLD,1
LUNR,2026-09-18,23.0,0.17,2035,299,91.4063359375,21,16.110000610351562,🚀點火(4.8x) 🚬菸屁股 ⚠️尾段價外(43%) ⚠️暴動高IV(91%),BUY_WATCH,1
INTC,2026-10-16,135.0,0.7,8203,298,71.53348779296876,49,88.23999786376953,🚬菸屁股,HOLD,1
CRWV,2026-09-18,130.0,0.34,7310,294,87.06067626953124,21,88.01000213623047,🚬菸屁股,HOLD,1
NNE,2028-01-21,50.0,2.5,779,285,91.04012866210938,511,18.5,🔭LEAPS,HOLD,1
META,2026-09-18,1000.0,0.04,5005,282,68.7503125,21,576.1400146484375,🚬菸屁股,HOLD,1
SOFI,2026-09-18,23.0,0.09,18848,280,55.078574218750006,21,18.84000015258789,🚬菸屁股,HOLD,1
WMT,2027-01-15,160.0,0.16,3008,280,37.15883154296875,140,104.33999633789062,🆕低基期(前日Vol1) 🚬菸屁股,HOLD,1
IBIT,2028-01-21,40.0,13.65,6761,277,56.67767932128906,511,44.459999084472656,🔭LEAPS,HOLD,1
SOFI,2026-10-16,24.0,0.26,8968,277,55.273884765625006,49,18.84000015258789,🚬菸屁股,HOLD,1
WMT,2026-09-18,125.0,0.04,10634,277,33.20379296875,21,104.33999633789062,🚬菸屁股,HOLD,1
JOBY,2026-10-16,10.0,0.15,5863,268,73.82838671875,49,7.139999866485596,🚬菸屁股,HOLD,1
SMR,2026-09-18,9.0,0.9,2098,268,82.42205078125,21,9.270000457763672,🚬菸屁股,HOLD,1
PATH,2027-01-15,30.0,0.58,24186,267,76.85570019531252,140,16.760000228881836,🚬菸屁股,HOLD,1
TSLA,2026-10-16,900.0,0.12,5073,265,87.10950390625,49,345.82000732421875,🚬菸屁股,HOLD,1
IONQ,2026-09-18,55.0,0.36,7378,264,88.08605664062499,21,40.029998779296875,🚬菸屁股,HOLD,1
JOBY,2026-11-20,10.0,0.31,2785,263,79.883013671875,84,7.139999866485596,🚬菸屁股,HOLD,1
AMZN,2026-09-18,305.0,0.2,9197,262,32.32489550781249,21,260.2799987792969,🚬菸屁股,HOLD,1
OPEN,2026-11-20,9.0,0.07,11240,261,112.5004375,84,3.4100000858306885,🚬菸屁股,HOLD,1
OPEN,2027-01-15,5.0,0.37,29743,257,95.11723632812499,140,3.4100000858306885,🚬菸屁股,HOLD,1
OPEN,2026-11-20,5.0,0.22,8603,256,98.04689453125,84,3.4100000858306885,🚬菸屁股,HOLD,1
ACHR,2028-01-21,7.0,2.06,19872,256,88.96495410156248,511,5.900000095367432,🔭LEAPS,HOLD,1
BA,2026-10-16,250.0,0.96,1525,254,32.10517114257812,49,212.08999633789062,🚬菸屁股,HOLD,1
ACHR,2026-10-16,10.0,0.05,6468,253,89.062609375,49,5.900000095367432,🆕低基期(前日Vol17) 🚬菸屁股,HOLD,1
NTLA,2026-09-18,16.0,0.35,1567,248,78.9064609375,21,13.1899995803833,🚬菸屁股,HOLD,1
ACHR,2026-10-16,9.0,0.08,8306,248,79.687703125,49,5.900000095367432,🚬菸屁股,HOLD,1
SMR,2028-01-21,10.0,3.95,7640,247,98.1445498046875,511,9.270000457763672,🔭LEAPS,HOLD,1
SOFI,2026-12-18,25.0,0.8,19990,246,59.4730615234375,112,18.84000015258789,🚬菸屁股,HOLD,1
SOFI,2026-09-18,20.5,0.39,815,243,51.07470800781251,21,18.84000015258789,🚬菸屁股,HOLD,1
ZM,2026-11-20,135.0,0.52,1566,241,50.02491381835939,84,93.83000183105469,🚬菸屁股,HOLD,1
IBIT,2026-09-18,105.0,0.01,14515,240,109.375453125,21,44.459999084472656,🚬菸屁股,HOLD,1
TDOC,2026-10-16,8.0,0.1,2295,238,59.766027343750004,49,6.329999923706055,🆕低基期(前日Vol9) 🚬菸屁股,HOLD,1
NVDA,2026-12-18,320.0,0.96,5217,234,43.97028686523438,112,209.66000366210938,🚬菸屁股,HOLD,1
JOBY,2027-01-15,10.0,0.59,25839,234,77.73459765625,140,7.139999866485596,🚬菸屁股,HOLD,1
HOOD,2026-09-18,140.0,0.62,9592,231,67.6761044921875,21,108.54000091552734,🚬菸屁股,HOLD,1
TSLA,2026-12-18,800.0,0.68,10273,230,64.96617065429689,112,345.82000732421875,🚬菸屁股,HOLD,1
SOFI,2026-12-18,26.0,0.65,2433,230,60.15664843750002,112,18.84000015258789,🚬菸屁股,HOLD,1
ACHR,2028-01-21,5.0,2.7,19569,229,92.38288867187501,511,5.900000095367432,🔭LEAPS,HOLD,1
CRWD,2026-09-18,245.0,0.9,1360,227,65.57651611328126,21,189.17999267578125,🚬菸屁股,HOLD,1
META,2026-11-20,1480.0,0.09,6285,220,64.8441015625,84,576.1400146484375,🚬菸屁股,HOLD,1
NVDA,2027-01-15,350.0,0.85,10060,219,44.92242578125,140,209.66000366210938,🚬菸屁股,HOLD,1
IREN,2026-09-18,75.0,0.16,8004,219,125.78162109374999,21,39.58000183105469,🚬菸屁股,HOLD,1
INTC,2026-10-16,140.0,0.55,7323,218,72.9494892578125,49,88.23999786376953,🚬菸屁股,HOLD,1
DKNG,2026-09-18,30.0,0.11,16733,218,50.586431640624994,21,24.780000686645508,🚬菸屁股,HOLD,1
SMCI,2026-09-18,60.0,0.08,15899,215,91.01571484374999,21,37.38999938964844,🚬菸屁股,HOLD,1
CRWV,2026-10-16,155.0,0.65,7980,214,88.08605664062499,49,88.01000213623047,🆕低基期(前日Vol2) 🚬菸屁股,HOLD,1
TSLA,2026-09-18,425.0,0.79,7056,213,47.986359985351555,21,345.82000732421875,🚬菸屁股,HOLD,1
ONDS,2028-01-21,22.0,1.5,1169,212,99.41406835937501,511,8.220000267028809,🆕低基期(前日Vol7) 🔭LEAPS,HOLD,1
RKLB,2026-10-16,210.0,0.05,2418,208,114.0629296875,49,66.18000030517578,🚬菸屁股,HOLD,1
OPEN,2027-01-15,4.0,0.59,8876,206,94.5313046875,140,3.4100000858306885,🚬菸屁股,HOLD,1
SOFI,2026-09-18,22.5,0.13,774,205,54.68795312500001,21,18.84000015258789,🚬菸屁股,HOLD,1
OKTA,2026-09-18,200.0,0.53,854,204,102.58837768554687,21,134.4199981689453,🚬菸屁股,HOLD,1
AMZN,2026-12-18,410.0,0.29,8294,204,37.28090063476562,112,260.2799987792969,🆕低基期(前日Vol18) 🚬菸屁股,HOLD,1
SMR,2027-01-15,55.0,0.04,3427,202,130.07847460937495,140,9.270000457763672,🚬菸屁股,HOLD,1
META,2026-10-16,1160.0,0.06,1035,202,60.937890625000016,49,576.1400146484375,🚬菸屁股,HOLD,1
META,2026-10-16,815.0,0.77,4745,201,44.70270141601562,49,576.1400146484375,🚬菸屁股,HOLD,1
META,2026-09-18,900.0,0.08,3703,200,62.500375000000005,21,576.1400146484375,🚬菸屁股,HOLD,1
AMZN,2026-09-18,390.0,0.01,889,200,59.570716796875004,21,260.2799987792969,🚬菸屁股,HOLD,1
NVDA,2026-10-16,350.0,0.08,9637,199,55.859816406250005,49,209.66000366210938,🚬菸屁股,HOLD,1
ASTS,2026-10-16,110.0,0.58,1696,195,97.60744580078125,49,59.880001068115234,🆕低基期(前日Vol16) 🚬菸屁股,HOLD,1
ONDS,2026-12-18,15.0,0.37,7524,195,95.312546875,112,8.220000267028809,🚬菸屁股,HOLD,1
SOFI,2028-01-21,30.0,2.88,20244,194,63.52575537109376,511,18.84000015258789,🔭LEAPS,HOLD,1
JOBY,2026-10-16,8.0,0.44,1386,192,70.50810742187501,49,7.139999866485596,🚬菸屁股,HOLD,1
META,2026-09-18,1420.0,0.01,2014,191,126.95349023437497,21,576.1400146484375,🚬菸屁股,HOLD,1
HOOD,2026-09-18,200.0,0.05,9938,190,87.500125,21,108.54000091552734,🚬菸屁股,HOLD,1
ONDS,2026-10-16,12.0,0.17,1720,190,85.1563984375,49,8.220000267028809,🚬菸屁股,HOLD,1
META,2026-09-18,800.0,0.18,6847,189,52.3442265625,21,576.1400146484375,🚬菸屁股,HOLD,1
OPEN,2027-01-15,3.0,0.92,3463,188,94.5313046875,140,3.4100000858306885,🚬菸屁股,HOLD,1
PACB,2027-01-15,2.0,0.23,5317,187,87.500125,140,1.559999942779541,🚬菸屁股,HOLD,1
OKLO,2026-11-20,95.0,0.65,6338,184,101.7583037109375,84,41.599998474121094,🚬菸屁股,HOLD,1
ACHR,2027-01-15,15.0,0.12,22241,184,92.9688203125,140,5.900000095367432,🚬菸屁股,HOLD,1
ACHR,2026-10-16,6.0,0.59,9410,183,69.336244140625,49,5.900000095367432,🚬菸屁股,HOLD,1
IONQ,2028-01-21,85.0,7.7,1006,182,87.0118486328125,511,40.029998779296875,🆕低基期(前日Vol4) 🔭LEAPS,HOLD,1
NVDA,2027-01-15,420.0,0.28,11175,180,47.51029052734375,140,209.66000366210938,🚬菸屁股,HOLD,1
ACHR,2026-10-16,8.0,0.15,11395,178,75.7814921875,49,5.900000095367432,🚬菸屁股,HOLD,1
ACHR,2027-01-15,9.0,0.42,27982,178,82.81267187499999,140,5.900000095367432,🚬菸屁股,HOLD,1
META,2028-01-21,1500.0,9.5,10481,178,47.97720480346679,511,576.1400146484375,🔭LEAPS,HOLD,1
ZM,2026-09-18,120.0,0.05,1789,177,48.242705078125006,21,93.83000183105469,🚬菸屁股,HOLD,1
IBIT,2026-10-16,65.0,0.13,7944,176,53.906710937500016,49,44.459999084472656,🚬菸屁股,HOLD,1
HOOD,2027-01-15,280.0,0.79,802,176,77.6369423828125,140,108.54000091552734,🚬菸屁股,HOLD,1
BA,2026-09-18,235.0,0.74,5466,176,31.42158422851562,21,212.08999633789062,🚬菸屁股,HOLD,1
PCG,2026-09-18,18.5,0.9,1270,172,57.129334960937506,21,18.219999313354492,🚬菸屁股,HOLD,1
SOFI,2026-09-18,24.0,0.07,5027,169,58.5941640625,21,18.84000015258789,🚬菸屁股,HOLD,1
SMR,2026-09-18,13.0,0.09,1951,169,99.2187578125,21,9.270000457763672,🚬菸屁股,HOLD,1
OKLO,2026-10-16,100.0,0.26,2458,168,114.84417578124999,49,41.599998474121094,🚬菸屁股,HOLD,1
SOFI,2028-06-16,23.0,5.3,7254,168,65.64975756835938,658,18.84000015258789,🆕低基期(前日Vol2) 🔭LEAPS,HOLD,1
OKLO,2026-10-16,65.0,0.8,1312,167,91.992267578125,49,41.599998474121094,🚬菸屁股,HOLD,1
AMZN,2026-10-16,335.0,0.24,1050,165,33.98503515625,49,260.2799987792969,🆕低基期(前日Vol8) 🚬菸屁股,HOLD,1
MU,2026-09-18,1500.0,0.56,7336,165,76.95335546875,21,938.4000244140625,🚬菸屁股,HOLD,1
RKLB,2026-09-18,110.0,0.1,2268,164,101.3676806640625,21,66.18000030517578,🚀點火(5.0x) 🚬菸屁股 ⚠️尾段價外(66%) ⚠️暴動高IV(101%),BUY_WATCH,1
HIMS,2026-09-18,34.0,0.79,3561,163,73.1447998046875,21,29.829999923706055,🚬菸屁股,HOLD,1
JOBY,2028-01-21,32.0,0.45,9938,162,88.5743330078125,511,7.139999866485596,🆕低基期(前日Vol4) 🔭LEAPS,HOLD,1
WMT,2026-11-20,130.0,0.42,5917,162,29.932341308593745,84,104.33999633789062,🚬菸屁股,HOLD,1
IBIT,2026-11-20,90.0,0.1,6007,161,67.18782812500001,84,44.459999084472656,🚬菸屁股,HOLD,1
RKLB,2026-10-16,110.0,0.56,3335,161,85.69350244140624,49,66.18000030517578,🚬菸屁股,HOLD,1
SOFI,2027-01-15,47.0,0.07,21654,158,69.5315546875,140,18.84000015258789,🚬菸屁股,HOLD,1
CRM,2026-09-18,290.0,0.09,782,158,66.21127539062502,21,205.6199951171875,🚬菸屁股,HOLD,1
BA,2026-09-18,240.0,0.42,3259,157,32.49579223632812,21,212.08999633789062,🚬菸屁股,HOLD,1
SMCI,2028-01-21,105.0,4.77,8128,156,85.77895080566407,511,37.38999938964844,🔭LEAPS,HOLD,1
IONQ,2026-10-16,60.0,0.8,1984,156,89.11143701171873,49,40.029998779296875,🚬菸屁股,HOLD,1
CRM,2026-09-18,270.0,0.24,1563,156,56.64105859375,21,205.6199951171875,🆕低基期(前日Vol8) 🚬菸屁股,HOLD,1
HIMS,2028-01-21,95.0,3.25,3073,155,88.48888464355468,511,29.829999923706055,🔭LEAPS,HOLD,1
ONDS,2026-10-16,11.0,0.25,5761,153,83.20329296874999,49,8.220000267028809,🚬菸屁股,HOLD,1
TSLA,2027-01-15,950.0,0.63,16843,152,66.72396557617189,140,345.82000732421875,🚬菸屁股,HOLD,1
MSTR,2028-01-21,700.0,5.69,8105,152,88.4644708251953,511,123.19000244140625,🔭LEAPS,HOLD,1
OPEN,2026-09-18,7.0,0.01,10044,152,134.37532812499998,21,3.4100000858306885,🚬菸屁股,HOLD,1
SMR,2026-10-16,17.0,0.08,3591,152,99.60937890625,49,9.270000457763672,🚬菸屁股,HOLD,1
DKNG,2028-01-21,37.5,3.4,19851,150,57.849542602539074,511,24.780000686645508,🆕低基期(前日Vol1) 🔭LEAPS,HOLD,1
PCG,2027-01-15,35.0,0.04,4185,150,52.3442265625,140,18.219999313354492,🚬菸屁股,HOLD,1
META,2026-09-18,1310.0,0.01,1643,149,95.312546875,21,576.1400146484375,🚬菸屁股,HOLD,1
META,2026-10-16,900.0,0.28,3000,145,49.85401708984375,49,576.1400146484375,🚬菸屁股,HOLD,1
ONDS,2026-10-16,15.0,0.08,2730,144,105.46922265625001,49,8.220000267028809,🚬菸屁股,HOLD,1
ONDS,2026-12-18,14.0,0.43,8162,143,93.0664755859375,112,8.220000267028809,🚬菸屁股,HOLD,1
CRM,2026-09-18,330.0,0.14,821,143,80.1759794921875,21,205.6199951171875,🚀點火(2.9x) 🚬菸屁股 ⚠️尾段價外(60%) ⚠️暴動高IV(80%),BUY_WATCH,1
OKLO,2026-10-16,75.0,0.44,1285,140,98.63282617187501,49,41.599998474121094,🚬菸屁股,HOLD,1
NTLA,2026-09-18,15.0,0.25,1416,139,84.76577734374999,21,13.1899995803833,🚬菸屁股,HOLD,1
NBIS,2026-09-18,440.0,0.16,4381,138,113.67230664062502,21,213.92999267578125,🚬菸屁股,HOLD,1
OPEN,2028-01-21,4.0,1.37,10966,138,101.85595947265624,511,3.4100000858306885,🔭LEAPS,HOLD,1
HIMS,2028-01-21,30.0,11.4,6886,137,84.37515624999999,511,29.829999923706055,🔭LEAPS,HOLD,1
JOBY,2027-01-15,9.0,0.78,2166,137,76.85570019531252,140,7.139999866485596,🆕低基期(前日Vol5) 🚬菸屁股,HOLD,1
MNST,2026-09-18,100.0,0.6,843,137,50.0005,21,47.810001373291016,🚬菸屁股,HOLD,1
RKLB,2026-09-18,105.0,0.12,1852,136,90.82040429687498,21,66.18000030517578,🚬菸屁股,HOLD,1
HOOD,2026-09-18,135.0,0.94,8914,135,66.79720703125001,21,108.54000091552734,🚬菸屁股,HOLD,1
IBIT,2027-01-15,85.0,0.26,17910,133,55.469195312500005,140,44.459999084472656,🚬菸屁股,HOLD,1
ONDS,2026-09-18,15.0,0.02,15254,133,124.21912890624998,21,8.220000267028809,🚬菸屁股,HOLD,1
ONDS,2027-01-15,17.0,0.33,8073,133,98.242205078125,140,8.220000267028809,🚬菸屁股,HOLD,1
SMCI,2026-09-18,49.0,0.35,2353,132,80.95722167968748,21,37.38999938964844,🚬菸屁股,HOLD,1
CRM,2026-09-18,260.0,0.51,2201,132,53.613745117187506,21,205.6199951171875,🚬菸屁股,HOLD,1
UPST,2026-09-18,40.0,0.12,9087,131,65.820654296875,21,30.469999313354492,🚬菸屁股,HOLD,1
ZM,2026-09-18,165.0,0.04,1722,131,78.12521875,21,93.83000183105469,🚬菸屁股,HOLD,1
ACHR,2026-09-18,9.0,0.02,9599,131,96.87503124999999,21,5.900000095367432,🚬菸屁股,HOLD,1
ACHR,2028-01-21,27.0,0.44,15635,131,93.55475195312499,511,5.900000095367432,🔭LEAPS,HOLD,1
TSLA,2026-12-18,730.0,0.91,8217,130,61.426166992187504,112,345.82000732421875,🚬菸屁股,HOLD,1
DKNG,2026-10-16,30.0,0.4,1005,130,50.19581054687501,49,24.780000686645508,🚬菸屁股,HOLD,1
LUNR,2026-09-18,25.0,0.11,2631,130,120.3128984375,21,16.110000610351562,🚬菸屁股,HOLD,1
CRWV,2026-09-18,145.0,0.12,1929,129,91.01571484374999,21,88.01000213623047,🆕低基期(前日Vol16) 🚬菸屁股,HOLD,1
APP,2026-09-18,400.0,0.85,2227,129,59.4730615234375,21,308.1099853515625,🚬菸屁股,HOLD,1
META,2026-09-18,1330.0,0.01,1067,129,98.437515625,21,576.1400146484375,🚬菸屁股,HOLD,1
SOFI,2026-10-16,27.0,0.1,3218,128,57.617611328124994,49,18.84000015258789,🚬菸屁股,HOLD,1
PACB,2026-09-18,2.0,0.05,1423,128,87.500125,21,1.559999942779541,🚬菸屁股,HOLD,1
SOFI,2028-01-21,15.0,7.45,27299,127,67.773759765625,511,18.84000015258789,🔭LEAPS,HOLD,1
JOBY,2026-09-18,8.0,0.17,5399,126,66.40658593750001,21,7.139999866485596,🚬菸屁股,HOLD,1
ONDS,2027-01-15,12.0,0.83,18830,125,89.55088574218748,140,8.220000267028809,🚬菸屁股,HOLD,1
IBIT,2026-12-18,70.0,0.35,12126,124,50.48877636718749,112,44.459999084472656,🚬菸屁股,HOLD,1
SOFI,2026-11-20,25.0,0.54,11454,124,59.91251025390626,84,18.84000015258789,🚬菸屁股,HOLD,1
SMR,2026-11-20,12.0,0.78,3444,124,92.773509765625,84,9.270000457763672,🚬菸屁股,HOLD,1
HOOD,2028-01-21,290.0,9.8,15549,123,72.92507543945312,511,108.54000091552734,🔭LEAPS,HOLD,1
ONDS,2026-11-20,15.0,0.23,1225,123,92.57819921875,84,8.220000267028809,🚬菸屁股,HOLD,1
META,2026-09-18,750.0,0.32,11199,123,46.7778759765625,21,576.1400146484375,🚬菸屁股,HOLD,1
SOFI,2026-09-18,26.0,0.03,2032,122,64.062859375,21,18.84000015258789,🚬菸屁股,HOLD,1
RKLB,2026-12-18,150.0,0.95,3639,121,88.62316064453124,112,66.18000030517578,🚬菸屁股,HOLD,1
ASTS,2026-09-18,105.0,0.14,1652,121,113.0863720703125,21,59.880001068115234,🚬菸屁股,HOLD,1
OPEN,2026-11-20,8.0,0.08,3715,121,114.0629296875,84,3.4100000858306885,🚬菸屁股,HOLD,1
LUNR,2026-09-18,20.0,0.36,3640,121,87.695435546875,21,16.110000610351562,🚬菸屁股,HOLD,1
SMR,2026-09-18,12.0,0.15,3395,121,90.23447265624999,21,9.270000457763672,🚬菸屁股,HOLD,1
PLTR,2026-09-18,230.0,0.31,6071,120,54.49264257812501,21,177.5,🚬菸屁股,HOLD,1
RKLB,2028-01-21,130.0,11.98,3197,120,81.18915295410156,511,66.18000030517578,🔭LEAPS,HOLD,1
BA,2026-09-18,325.0,0.11,806,120,65.03941210937501,21,212.08999633789062,🚬菸屁股,HOLD,1
HIMS,2026-09-18,43.0,0.15,4885,119,95.89847851562499,21,29.829999923706055,🆕低基期(前日Vol12) 🚬菸屁股,HOLD,1
ACHR,2026-09-18,6.0,0.36,4603,119,67.57844921875001,21,5.900000095367432,🚬菸屁股,HOLD,1
SOFI,2026-12-18,24.0,0.97,15820,118,59.32657861328126,112,18.84000015258789,🚬菸屁股,HOLD,1
CRM,2026-12-18,550.0,0.05,7417,118,61.133201171875015,112,205.6199951171875,🆕低基期(前日Vol6) 🚬菸屁股,HOLD,1
ACHR,2026-09-18,11.0,0.05,1098,117,118.75040625,21,5.900000095367432,🚬菸屁股,HOLD,1
WMT,2026-12-18,135.0,0.45,5458,117,29.41965112304687,112,104.33999633789062,🚬菸屁股,HOLD,1
META,2026-09-18,1160.0,0.03,2529,117,86.32826171875,21,576.1400146484375,🚬菸屁股,HOLD,1
SOFI,2026-11-20,24.0,0.68,3969,116,58.789474609375006,84,18.84000015258789,🚬菸屁股,HOLD,1
SMR,2027-01-15,13.0,0.99,1987,116,95.26371923828124,140,9.270000457763672,🚬菸屁股,HOLD,1
ASTS,2026-11-20,180.0,0.38,2429,115,105.66453417968751,84,59.880001068115234,🆕低基期(前日Vol16) 🚬菸屁股,HOLD,1
ONDS,2028-01-21,5.0,4.73,17304,115,96.3867548828125,511,8.220000267028809,🔭LEAPS,HOLD,1
NVDA,2028-01-21,180.0,59.7,13445,114,49.06209385681153,511,209.66000366210938,🔭LEAPS,HOLD,1
MSTR,2027-01-15,1000.0,0.14,6039,114,116.60197949218751,140,123.19000244140625,🚬菸屁股,HOLD,1
SOFI,2026-11-20,23.0,0.86,4208,114,59.277750976562515,84,18.84000015258789,🚬菸屁股,HOLD,1
MNST,2026-09-18,50.0,0.37,2487,113,24.268335449218746,21,47.810001373291016,🚬菸屁股,HOLD,1
KTOS,2026-09-18,65.0,0.45,976,112,62.109753906250006,21,52.93000030517578,🚬菸屁股,HOLD,1
WMT,2028-01-21,120.0,9.85,3844,111,32.7857063293457,511,104.33999633789062,🔭LEAPS,HOLD,1
TDOC,2028-01-21,15.0,0.61,1304,110,73.7307314453125,511,6.329999923706055,🔭LEAPS,HOLD,1
IBIT,2028-01-21,60.0,6.5,7648,109,52.80198565673828,511,44.459999084472656,🔭LEAPS,HOLD,1
SOFI,2028-06-16,15.0,8.1,21549,109,68.555001953125,658,18.84000015258789,🔭LEAPS,HOLD,1
AMZN,2026-10-16,325.0,0.4,2529,109,32.617861328124995,49,260.2799987792969,🚬菸屁股,HOLD,1
INTC,2027-01-15,210.0,0.86,6636,108,76.51390673828125,140,88.23999786376953,🚬菸屁股,HOLD,1
TDOC,2027-01-15,15.0,0.09,9547,108,86.7188828125,140,6.329999923706055,🚬菸屁股,HOLD,1
HIMS,2026-09-18,45.0,0.11,1752,108,89.062609375,21,29.829999923706055,🚬菸屁股,HOLD,1
SMR,2026-11-20,13.0,0.64,2405,108,96.3867548828125,84,9.270000457763672,🚬菸屁股,HOLD,1
OPEN,2026-11-20,6.0,0.12,7049,107,102.34423828125001,84,3.4100000858306885,🚬菸屁股,HOLD,1
GOOG,2026-09-18,460.0,0.1,5678,106,53.12546875,21,339.1000061035156,🆕低基期(前日Vol3) 🚬菸屁股,HOLD,1
IBIT,2028-01-21,80.0,3.45,6250,104,53.149882568359374,511,44.459999084472656,🔭LEAPS,HOLD,1
SOFI,2026-11-20,33.0,0.13,1470,104,66.21127539062502,84,18.84000015258789,🚬菸屁股,HOLD,1
SOFI,2028-06-16,20.0,6.0,27154,104,66.35775830078127,658,18.84000015258789,🔭LEAPS,HOLD,1
JOBY,2026-11-20,9.0,0.48,4630,104,76.17211328125,84,7.139999866485596,🚬菸屁股,HOLD,1
IBIT,2027-01-15,68.0,0.69,8071,103,49.31691308593751,140,44.459999084472656,🚬菸屁股,HOLD,1
RKLB,2026-10-16,105.0,0.71,1419,103,81.93377441406248,49,66.18000030517578,🚬菸屁股,HOLD,1
OPEN,2026-10-16,8.0,0.02,3606,103,120.3128984375,49,3.4100000858306885,🚬菸屁股,HOLD,1
NVDA,2028-01-21,360.0,10.6,7652,102,49.29249926757813,511,209.66000366210938,🆕低基期(前日Vol1) 🔭LEAPS,HOLD,1
IONQ,2026-10-16,55.0,0.3,1017,102,25.00075,49,40.029998779296875,🚬菸屁股,HOLD,1
TDOC,2027-01-15,11.0,0.18,2050,102,66.40658593750001,140,6.329999923706055,🚬菸屁股,HOLD,1
TSLA,2026-11-20,700.0,0.63,17734,101,63.98961791992188,84,345.82000732421875,🆕低基期(前日Vol8) 🚬菸屁股,HOLD,1
MSTR,2026-12-18,1080.0,0.05,15048,101,126.95349023437497,112,123.19000244140625,🚬菸屁股,HOLD,1
HIMS,2026-09-18,36.0,0.5,1208,101,75.2932158203125,21,29.829999923706055,🚬菸屁股,HOLD,1
WMT,2026-09-18,130.0,0.03,12721,101,37.89124609375,21,104.33999633789062,🚬菸屁股,HOLD,1
DKNG,2028-01-21,50.0,1.7,26114,100,56.250437500000004,511,24.780000686645508,🆕低基期(前日Vol2) 🔭LEAPS,HOLD,1
JOBY,2027-01-15,22.0,0.06,6465,100,91.79695703125,140,7.139999866485596,🆕低基期(前日Vol5) 🚬菸屁股,HOLD,1
JOBY,2028-01-21,5.0,3.65,5058,100,96.0937890625,511,7.139999866485596,🔭LEAPS,HOLD,1
XYZ,2026-09-18,95.0,0.37,3177,99,42.139250488281256,21,83.0999984741211,🆕低基期(前日Vol14) 🚬菸屁股,HOLD,1
JOBY,2026-10-16,9.0,0.22,3552,99,70.50810742187501,49,7.139999866485596,🚬菸屁股,HOLD,1
WMT,2026-09-18,135.0,0.03,11466,99,42.188078125,21,104.33999633789062,🚬菸屁股,HOLD,1
CRWD,2026-09-18,250.0,0.64,1340,99,65.50327465820314,21,189.17999267578125,🚬菸屁股,HOLD,1
META,2026-09-18,1240.0,0.01,1439,99,89.062609375,21,576.1400146484375,🚬菸屁股,HOLD,1
ZM,2026-09-18,115.0,0.18,3012,98,50.24463818359376,21,93.83000183105469,🚬菸屁股,HOLD,1
SMCI,2027-01-15,105.0,0.55,12395,97,91.55281884765625,140,37.38999938964844,🚬菸屁股,HOLD,1
CRM,2026-09-18,420.0,0.01,901,97,90.62509374999999,21,205.6199951171875,🚬菸屁股,HOLD,1
MU,2026-09-18,2000.0,0.04,1893,97,93.7500625,21,938.4000244140625,🚬菸屁股,HOLD,1
SOFI,2026-09-18,27.0,0.03,13329,96,71.87528125,21,18.84000015258789,🚬菸屁股,HOLD,1
SOFI,2026-12-18,27.0,0.56,2598,96,60.25430371093752,112,18.84000015258789,🚬菸屁股,HOLD,1
HIMS,2026-09-18,38.0,0.35,1498,96,79.49239257812499,21,29.829999923706055,🚬菸屁股,HOLD,1
SOFI,2027-01-15,40.0,0.15,27437,94,65.03941210937501,140,18.84000015258789,🚬菸屁股,HOLD,1
SOFI,2028-01-21,10.0,10.37,4514,94,74.87818090820313,511,18.84000015258789,🔭LEAPS,HOLD,1
ONDS,2026-09-18,14.0,0.03,7194,94,106.25046875000001,21,8.220000267028809,🚬菸屁股,HOLD,1
IBIT,2027-01-15,65.0,0.76,17299,93,48.38918798828126,140,44.459999084472656,🚬菸屁股,HOLD,1
NVDA,2028-01-21,320.0,15.2,7063,92,45.41833146667481,511,209.66000366210938,🔭LEAPS,HOLD,1
SOFI,2028-01-21,25.0,3.85,15901,92,63.7698935546875,511,18.84000015258789,🔭LEAPS,HOLD,1
SMR,2027-01-15,50.0,0.07,4805,92,120.3128984375,140,9.270000457763672,🆕低基期(前日Vol3) 🚬菸屁股,HOLD,1
PCG,2027-01-15,20.0,0.99,9358,92,37.9889013671875,140,18.219999313354492,🚬菸屁股,HOLD,1
MNST,2026-09-18,48.75,0.93,5625,92,28.321029296874993,21,47.810001373291016,🚬菸屁股,HOLD,1
SMCI,2026-12-18,96.0,0.75,997,91,94.2383388671875,112,37.38999938964844,🚬菸屁股,HOLD,1
ONDS,2026-12-18,12.0,0.66,3990,91,90.52743847656251,112,8.220000267028809,🚬菸屁股,HOLD,1
IREN,2026-12-18,140.0,0.4,8124,90,113.76996240234377,112,39.58000183105469,🆕低基期(前日Vol1) 🚬菸屁股,HOLD,1
ONDS,2026-10-16,18.0,0.03,1250,90,130.07847460937495,49,8.220000267028809,🆕低基期(前日Vol2) 🚬菸屁股,HOLD,1
PLTR,2028-01-21,200.0,44.0,10942,89,62.34778863525392,511,177.5,🆕低基期(前日Vol9) 🔭LEAPS,HOLD,1
PACB,2027-01-15,5.0,0.05,3474,89,119.53165234375001,140,1.559999942779541,🚬菸屁股,HOLD,1
PCG,2026-10-16,19.0,0.81,6982,89,43.6529072265625,49,18.219999313354492,🚬菸屁股,HOLD,1
META,2026-09-18,720.0,0.51,3900,89,44.40973559570312,21,576.1400146484375,🚬菸屁股,HOLD,1
OPEN,2026-12-18,4.0,0.51,2467,88,90.429783203125,112,3.4100000858306885,🚬菸屁股,HOLD,1
ACHR,2026-10-16,12.0,0.02,8359,88,107.03171484375002,49,5.900000095367432,🆕低基期(前日Vol2) 🚬菸屁股,HOLD,1
META,2026-09-18,1020.0,0.05,1211,88,72.26590234375,21,576.1400146484375,🚬菸屁股,HOLD,1
IBIT,2026-10-16,70.0,0.09,8541,87,58.00823242187501,49,44.459999084472656,🚬菸屁股,HOLD,1
OKLO,2028-01-21,100.0,7.5,4695,87,92.29133685302735,511,41.599998474121094,🔭LEAPS,HOLD,1
SMR,2028-01-21,20.0,2.2,4746,87,100.3422951660156,511,9.270000457763672,🔭LEAPS,HOLD,1
MSFT,2026-12-18,525.0,23.38,53481,86,31.67945518493652,112,496.3699951171875,🔥萬人塚 🏛️機構場,HOLD,1
SMCI,2026-09-18,65.0,0.06,2286,86,101.172369140625,21,37.38999938964844,🚬菸屁股,HOLD,1
WMT,2027-01-15,150.0,0.29,4864,85,31.836619140624993,140,104.33999633789062,🚬菸屁股,HOLD,1
NVDA,2028-01-21,190.0,54.31,8644,84,48.05349798583984,511,209.66000366210938,🔭LEAPS,HOLD,1
WMT,2027-01-15,140.0,0.52,7059,83,29.883513671874994,140,104.33999633789062,🚬菸屁股,HOLD,1
CRWV,2026-09-18,125.0,0.48,5546,82,85.1563984375,21,88.01000213623047,🚬菸屁股,HOLD,1
OKLO,2028-01-21,70.0,10.77,3631,81,89.44102355957031,511,41.599998474121094,🔭LEAPS,HOLD,1
SOFI,2028-06-16,25.0,4.68,16708,81,64.89292919921876,658,18.84000015258789,🔭LEAPS,HOLD,1
ONDS,2027-01-15,14.0,0.55,3673,81,90.9180595703125,140,8.220000267028809,🚬菸屁股,HOLD,1
OKLO,2026-12-18,105.0,0.81,2588,80,101.41650854492185,112,41.599998474121094,🆕低基期(前日Vol4) 🚬菸屁股,HOLD,1
IONQ,2028-01-21,90.0,7.22,2049,80,87.46350427246092,511,40.029998779296875,🆕低基期(前日Vol3) 🔭LEAPS,HOLD,1
CRWV,2027-01-15,270.0,0.77,2758,80,89.84385156249999,140,88.01000213623047,🚬菸屁股,HOLD,1
META,2026-09-18,735.0,0.58,1454,79,46.24077197265626,21,576.1400146484375,🚬菸屁股,HOLD,1
AMD,2026-09-18,700.0,0.26,6418,78,62.890996093750005,21,480.92999267578125,🚬菸屁股,HOLD,1
ONDS,2026-10-16,14.0,0.1,761,78,91.79695703125,49,8.220000267028809,🚬菸屁股,HOLD,1
SMR,2026-11-20,20.0,0.16,5107,78,104.29735351562503,84,9.270000457763672,🚬菸屁股,HOLD,1
META,2026-09-18,715.0,0.6,1184,78,43.60407958984375,21,576.1400146484375,🚬菸屁股,HOLD,1
SOFI,2026-11-20,35.0,0.09,1473,77,67.57844921875001,84,18.84000015258789,🚬菸屁股,HOLD,1
SMR,2026-11-20,25.0,0.11,2811,77,118.35978320312499,84,9.270000457763672,🚬菸屁股,HOLD,1
RKLB,2026-09-18,150.0,0.03,4957,76,120.3128984375,21,66.18000030517578,🚬菸屁股,HOLD,1
SOFI,2026-11-20,26.0,0.41,1567,76,60.644924804687506,84,18.84000015258789,🚬菸屁股,HOLD,1
SOFI,2028-01-21,47.0,1.53,7211,76,62.890996093750005,511,18.84000015258789,🆕低基期(前日Vol19) 🔭LEAPS,HOLD,1
LUNR,2026-09-18,28.0,0.11,1191,76,127.34411328124997,21,16.110000610351562,🚬菸屁股,HOLD,1
XYZ,2026-09-18,100.0,0.13,6292,75,42.383388671875,21,83.0999984741211,🆕低基期(前日Vol15) 🚬菸屁股,HOLD,1
HIMS,2028-01-21,60.0,5.65,3574,75,86.16957189941408,511,29.829999923706055,🆕低基期(前日Vol5) 🔭LEAPS,HOLD,1
LUNR,2026-09-18,26.0,0.1,1666,75,126.36755566406248,21,16.110000610351562,🚬菸屁股,HOLD,1
MNST,2026-09-18,52.5,0.15,1996,75,28.028063476562494,21,47.810001373291016,🚬菸屁股,HOLD,1
IREN,2026-10-16,105.0,0.15,856,74,131.25034374999998,49,39.58000183105469,🆕低基期(前日Vol6) 🚬菸屁股,HOLD,1
META,2026-09-18,1290.0,0.01,787,74,93.7500625,21,576.1400146484375,🚬菸屁股,HOLD,1
TSLA,2028-01-21,500.0,43.79,6272,73,53.19413261413575,511,345.82000732421875,🔭LEAPS,HOLD,1
PLTR,2027-01-15,410.0,0.41,10989,73,60.058993164062514,140,177.5,🚬菸屁股,HOLD,1
OPEN,2027-01-15,6.0,0.25,10584,73,97.6562734375,140,3.4100000858306885,🚬菸屁股,HOLD,1
NVDA,2028-06-16,350.0,17.09,5529,72,49.36879244995118,658,209.66000366210938,🆕低基期(前日Vol6) 🔭LEAPS,HOLD,1
MSFT,2026-12-18,625.0,3.5,102372,72,30.28023822021484,112,496.3699951171875,🔥萬人塚 🏛️機構場,HOLD,1
IREN,2026-10-16,100.0,0.2,5347,72,127.63708056640621,49,39.58000183105469,🆕低基期(前日Vol18) 🚬菸屁股,HOLD,1
ONDS,2026-11-20,12.0,0.47,1127,72,91.4063359375,84,8.220000267028809,🚬菸屁股,HOLD,1
NVDA,2027-01-15,360.0,0.71,9423,71,44.70270141601562,140,209.66000366210938,🚬菸屁股,HOLD,1
SMCI,2026-09-18,70.0,0.03,6617,71,108.59420703125,21,37.38999938964844,🆕低基期(前日Vol12) 🚬菸屁股,HOLD,1
HOOD,2026-09-18,150.0,0.28,8519,71,70.117486328125,21,108.54000091552734,🚬菸屁股,HOLD,1
LUNR,2026-09-18,24.0,0.1,1762,71,103.90673046875003,21,16.110000610351562,🚬菸屁股,HOLD,1
META,2026-09-18,1010.0,0.03,3347,71,71.0940390625,21,576.1400146484375,🚬菸屁股,HOLD,1
TSLA,2026-09-18,480.0,0.3,5843,70,59.4730615234375,21,345.82000732421875,🚬菸屁股,HOLD,1
OKLO,2026-10-16,80.0,0.35,2978,70,102.1489267578125,49,41.599998474121094,🚬菸屁股,HOLD,1
NVDA,2028-01-21,280.0,22.32,8465,69,46.05461660766602,511,209.66000366210938,🔭LEAPS,HOLD,1
IBIT,2027-01-15,140.0,0.07,27077,69,75.195560546875,140,44.459999084472656,🆕低基期(前日Vol7) 🚬菸屁股,HOLD,1
RDDT,2026-09-18,200.0,0.62,3355,69,62.25623681640625,21,155.36000061035156,🚬菸屁股,HOLD,1
NVDA,2026-12-18,400.0,0.2,7418,68,48.68215380859375,112,209.66000366210938,🆕低基期(前日Vol19) 🚬菸屁股,HOLD,1
INTC,2026-09-18,160.0,0.05,7519,68,92.57819921875,21,88.23999786376953,🚬菸屁股,HOLD,1
INTC,2028-01-21,80.0,31.84,10869,68,71.04521142578125,511,88.23999786376953,🔭LEAPS,HOLD,1
ACHR,2026-09-18,8.0,0.05,5778,68,86.7188828125,21,5.900000095367432,🚬菸屁股,HOLD,1
SMR,2026-11-20,16.0,0.36,1066,68,99.2187578125,84,9.270000457763672,🆕低基期(前日Vol6) 🚬菸屁股,HOLD,1
LUNR,2026-09-18,32.0,0.04,835,67,131.25034374999998,21,16.110000610351562,🚬菸屁股,HOLD,1
SMR,2026-11-20,18.0,0.3,1205,67,99.804689453125,84,9.270000457763672,🚬菸屁股,HOLD,1
MU,2026-09-18,2500.0,0.04,5023,67,115.234798828125,21,938.4000244140625,🚬菸屁股,HOLD,1
ASTS,2028-01-21,190.0,7.8,10375,66,92.42561285400393,511,59.880001068115234,🔭LEAPS,HOLD,1
PACB,2028-01-21,5.0,0.17,1384,66,102.73486132812502,511,1.559999942779541,🔭LEAPS,HOLD,1
OKLO,2027-01-15,200.0,0.36,4042,65,112.109814453125,140,41.599998474121094,🚬菸屁股,HOLD,1
ONDS,2026-11-20,11.0,0.62,960,65,89.3555751953125,84,8.220000267028809,🚬菸屁股,HOLD,1
GOOG,2026-09-18,430.0,0.15,9455,64,44.336494140625,21,339.1000061035156,🆕低基期(前日Vol5) 🚬菸屁股,HOLD,1
OKLO,2026-12-18,140.0,0.32,5809,64,106.44578027343752,112,41.599998474121094,🆕低基期(前日Vol11) 🚬菸屁股,HOLD,1
IREN,2026-09-18,80.0,0.12,4341,64,128.125359375,21,39.58000183105469,🚬菸屁股,HOLD,1
VRT,2026-09-18,340.0,0.75,935,64,57.95940478515625,21,263.80999755859375,🆕低基期(前日Vol19) 🚬菸屁股,HOLD,1
RKLB,2026-09-18,95.0,0.2,3611,63,81.445498046875,21,66.18000030517578,🚬菸屁股,HOLD,1
SOFI,2026-10-16,26.0,0.13,5019,63,57.0316796875,49,18.84000015258789,🚬菸屁股,HOLD,1
SMR,2028-01-21,13.0,3.25,3036,63,99.75586181640624,511,9.270000457763672,🔭LEAPS,HOLD,1
IBIT,2028-06-16,50.0,11.39,8407,62,57.06219696044923,658,44.459999084472656,🔭LEAPS,HOLD,1
SMCI,2026-09-18,90.0,0.01,3639,62,135.15657421875,21,37.38999938964844,🚬菸屁股,HOLD,1
U,2028-01-21,75.0,7.25,4794,62,66.88265539550781,511,44.380001068115234,🔭LEAPS,HOLD,1
HOOD,2026-09-18,155.0,0.24,2214,62,74.12135253906249,21,108.54000091552734,🚬菸屁股,HOLD,1
SMR,2028-01-21,50.0,0.98,1544,62,106.64109179687502,511,9.270000457763672,🔭LEAPS,HOLD,1
CRWV,2026-09-18,135.0,0.25,2807,62,87.98840136718749,21,88.01000213623047,🚬菸屁股,HOLD,1
TGT,2026-09-18,185.0,0.33,851,62,31.78779150390625,21,164.0399932861328,🚬菸屁股,HOLD,1
IBIT,2028-06-16,40.0,15.5,6190,61,60.25430371093752,658,44.459999084472656,🔭LEAPS,HOLD,1
JOBY,2028-01-21,15.0,1.29,9494,61,85.0587431640625,511,7.139999866485596,🔭LEAPS,HOLD,1
ACHR,2027-01-15,11.0,0.25,3876,61,85.35170898437501,140,5.900000095367432,🚬菸屁股,HOLD,1
META,2026-09-18,1040.0,0.03,901,61,71.87528125,21,576.1400146484375,🚬菸屁股,HOLD,1
WMT,2026-10-16,140.0,0.06,1153,60,44.482977050781244,49,104.33999633789062,🆕低基期(前日Vol12) 🚬菸屁股,HOLD,1
META,2026-09-18,810.0,0.15,861,60,52.3442265625,21,576.1400146484375,🚬菸屁股,HOLD,1
OPEN,2026-12-18,5.0,0.3,3504,59,91.79695703125,112,3.4100000858306885,🚬菸屁股,HOLD,1
PACB,2028-01-21,1.5,0.75,5696,59,132.81283593749998,511,1.559999942779541,🔭LEAPS,HOLD,1
HIMS,2026-10-16,45.0,0.46,2391,59,82.71501660156248,49,29.829999923706055,🚬菸屁股,HOLD,1
META,2026-09-18,990.0,0.04,1219,59,69.5315546875,21,576.1400146484375,🚬菸屁股,HOLD,1
AMZN,2026-09-18,370.0,0.02,7119,59,50.0005,21,260.2799987792969,🆕低基期(前日Vol6) 🚬菸屁股,HOLD,1
ASTS,2026-10-16,120.0,0.32,1353,58,100.09815576171874,49,59.880001068115234,🆕低基期(前日Vol1) 🚬菸屁股,HOLD,1
UPST,2026-10-16,40.0,0.55,1110,58,65.1370673828125,49,30.469999313354492,🚬菸屁股,HOLD,1
LUNR,2028-01-21,35.0,4.57,927,58,107.95944458007813,511,16.110000610351562,🔭LEAPS,HOLD,1
CRWV,2026-09-18,140.0,0.13,14541,58,88.67198828125,21,88.01000213623047,🚬菸屁股,HOLD,1
NVDA,2026-10-16,460.0,0.02,17069,57,66.01596484375001,49,209.66000366210938,🚬菸屁股,HOLD,1
ASTS,2026-09-18,110.0,0.12,3558,57,115.234798828125,21,59.880001068115234,🚬菸屁股,HOLD,1
ONDS,2028-01-21,12.0,2.71,14038,57,98.38868798828125,511,8.220000267028809,🔭LEAPS,HOLD,1
META,2026-09-18,1260.0,0.01,1088,57,112.20747021484377,21,576.1400146484375,🚬菸屁股,HOLD,1
IBIT,2027-01-15,120.0,0.09,18050,56,69.336244140625,140,44.459999084472656,🚬菸屁股,HOLD,1
IBIT,2028-01-21,50.0,9.25,9048,56,53.60153820800782,511,44.459999084472656,🔭LEAPS,HOLD,1
DKNG,2026-11-20,40.0,0.15,5688,56,57.22699023437501,84,24.780000686645508,🆕低基期(前日Vol8) 🚬菸屁股,HOLD,1
TDOC,2028-01-21,12.0,0.9,1137,56,69.43389941406251,511,6.329999923706055,🔭LEAPS,HOLD,1
SMR,2028-01-21,33.0,1.4,797,56,106.34812451171878,511,9.270000457763672,🆕低基期(前日Vol1) 🔭LEAPS,HOLD,1
WMT,2026-09-18,165.0,0.04,1863,56,76.367423828125,21,104.33999633789062,🚬菸屁股,HOLD,1
NVDA,2026-12-18,420.0,0.14,5379,55,51.61181201171875,112,209.66000366210938,🚬菸屁股,HOLD,1
AAPL,2028-01-21,300.0,59.0,20969,55,36.11056321716308,511,313.45001220703125,🔭LEAPS,HOLD,1
SOFI,2027-01-15,32.0,0.36,18142,55,61.914443359375014,140,18.84000015258789,🚬菸屁股,HOLD,1
PATH,2026-09-18,19.0,0.69,1280,55,88.476677734375,21,16.760000228881836,🆕低基期(前日Vol8) 🚬菸屁股,HOLD,1
ONDS,2026-09-18,18.0,0.01,10600,55,118.75040625,21,8.220000267028809,🚬菸屁股,HOLD,1
AMZN,2026-09-18,340.0,0.03,6120,55,44.92242578125,21,260.2799987792969,🚬菸屁股,HOLD,1
TSLA,2026-09-18,550.0,0.16,8367,54,73.34011035156249,21,345.82000732421875,🚬菸屁股,HOLD,1
TSLA,2027-01-15,990.0,0.58,12926,54,69.09210595703127,140,345.82000732421875,🚬菸屁股,HOLD,1
TDOC,2026-09-18,7.0,0.12,1099,54,51.17236328125,21,6.329999923706055,🚬菸屁股,HOLD,1
HIMS,2028-01-21,50.0,6.96,2107,54,87.64660791015625,511,29.829999923706055,🆕低基期(前日Vol3) 🔭LEAPS,HOLD,1
UPST,2026-09-18,62.5,0.01,846,53,131.64096679687498,21,30.469999313354492,🚬菸屁股,HOLD,1
DKNG,2026-12-18,43.0,0.16,5487,53,52.83250292968751,112,24.780000686645508,🆕低基期(前日Vol1) 🚬菸屁股,HOLD,1
ASTS,2026-09-18,95.0,0.23,3449,52,104.49266503906252,21,59.880001068115234,🚬菸屁股,HOLD,1
MSFT,2026-12-18,575.0,9.59,131401,51,30.65865240478516,112,496.3699951171875,🔥萬人塚 🏛️機構場,HOLD,1
ASTS,2026-10-16,180.0,0.15,1372,51,114.45355273437498,49,59.880001068115234,🚬菸屁股,HOLD,1
BEAM,2028-01-21,50.0,6.0,1965,51,77.58811474609377,511,30.190000534057617,🆕低基期(前日Vol5) 🔭LEAPS,HOLD,1
LUNR,2026-09-18,18.0,0.72,2580,51,91.01571484374999,21,16.110000610351562,🚬菸屁股,HOLD,1
META,2026-09-18,1150.0,0.02,753,51,84.37515624999999,21,576.1400146484375,🚬菸屁股,HOLD,1
NVDA,2028-01-21,310.0,16.7,10344,50,49.40236145019532,511,209.66000366210938,🔭LEAPS,HOLD,1
IBIT,2026-09-18,54.0,0.13,7377,50,47.852083984375,21,44.459999084472656,🚬菸屁股,HOLD,1
ASTS,2026-10-16,150.0,0.15,2144,50,118.06681591796875,49,59.880001068115234,🆕低基期(前日Vol13) 🚬菸屁股,HOLD,1
SOFI,2026-10-16,35.0,0.04,6558,50,73.437765625,49,18.84000015258789,🚬菸屁股,HOLD,1
OPEN,2026-11-20,3.0,0.78,3267,50,93.7500625,84,3.4100000858306885,🚬菸屁股,HOLD,1
NTLA,2028-01-21,7.5,7.45,1025,50,89.89267919921873,511,13.1899995803833,🔭LEAPS,HOLD,1
LUNR,2028-01-21,25.0,5.8,4568,50,111.1820847167969,511,16.110000610351562,🔭LEAPS,HOLD,1
AMZN,2026-10-16,410.0,0.01,2770,50,53.80905566406251,49,260.2799987792969,🚬菸屁股,HOLD,1
IBIT,2026-09-18,95.0,0.02,8369,49,104.68797656250001,21,44.459999084472656,🚬菸屁股,HOLD,1
UPST,2028-01-21,30.0,11.3,1485,49,79.6999100341797,511,30.469999313354492,🆕低基期(前日Vol11) 🔭LEAPS,HOLD,1
MNST,2026-09-18,105.0,0.18,750,49,50.0005,21,47.810001373291016,🚬菸屁股,HOLD,1
NVDA,2028-01-21,225.0,38.5,5303,48,46.07597869873047,511,209.66000366210938,🆕低基期(前日Vol10) 🔭LEAPS,HOLD,1
SMCI,2026-09-18,46.0,0.6,1650,48,76.367423828125,21,37.38999938964844,🚬菸屁股,HOLD,1
OKLO,2026-09-18,75.0,0.09,2149,48,119.53165234375001,21,41.599998474121094,🚬菸屁股,HOLD,1
NBIS,2026-09-18,400.0,0.29,3095,48,109.86373193359378,21,213.92999267578125,🚬菸屁股,HOLD,1
SMR,2027-01-15,14.0,0.88,3373,48,93.2617861328125,140,9.270000457763672,🚬菸屁股,HOLD,1
NVDA,2028-01-21,240.0,33.0,9857,47,45.503779830932615,511,209.66000366210938,🔭LEAPS,HOLD,1
INTC,2026-10-16,175.0,0.13,5182,47,79.687703125,49,88.23999786376953,🆕低基期(前日Vol13) 🚬菸屁股,HOLD,1
INTC,2028-01-21,50.0,46.9,11318,47,75.96459582519532,511,88.23999786376953,🔭LEAPS,HOLD,1
IREN,2026-10-16,65.0,0.99,2718,47,105.42039477539062,49,39.58000183105469,🚬菸屁股,HOLD,1
META,2026-12-18,1250.0,0.43,1192,47,54.0287800292969,112,576.1400146484375,🚬菸屁股,HOLD,1
NVDA,2028-01-21,230.0,36.75,14289,46,45.854728469848645,511,209.66000366210938,🔭LEAPS,HOLD,1
VST,2026-09-18,175.0,0.22,10973,46,51.8559501953125,21,140.02999877929688,🚬菸屁股,HOLD,1
RKLB,2028-01-21,145.0,10.45,4916,46,81.82391223144529,511,66.18000030517578,🔭LEAPS,HOLD,1
ONDS,2027-01-15,11.0,0.98,7334,46,90.23447265624999,140,8.220000267028809,🚬菸屁股,HOLD,1
META,2026-09-18,710.0,0.68,2645,46,43.35994140625,21,576.1400146484375,🚬菸屁股,HOLD,1
META,2026-09-18,850.0,0.11,11465,46,57.51995605468749,21,576.1400146484375,🚬菸屁股,HOLD,1
BA,2028-01-21,350.0,8.45,913,46,39.096678375244146,511,212.08999633789062,🔭LEAPS,HOLD,1
NVDA,2026-10-16,400.0,0.02,10517,45,57.812921875,49,209.66000366210938,🚬菸屁股,HOLD,1
ASTS,2026-09-18,130.0,0.06,12682,45,125.00037499999999,21,59.880001068115234,🚬菸屁股,HOLD,1
SOFI,2026-11-20,28.0,0.29,1817,45,61.914443359375014,84,18.84000015258789,🚬菸屁股,HOLD,1
HIMS,2026-09-18,42.0,0.24,2986,45,93.35944140625,21,29.829999923706055,🚬菸屁股,HOLD,1
HIMS,2026-09-18,50.0,0.06,3100,45,105.85984570312502,21,29.829999923706055,🚬菸屁股,HOLD,1
SMR,2026-09-18,15.0,0.03,1479,45,101.5629921875,21,9.270000457763672,🚬菸屁股,HOLD,1
WMT,2026-09-18,160.0,0.02,1118,45,62.500375000000005,21,104.33999633789062,🚬菸屁股,HOLD,1
ACHR,2026-10-16,11.0,0.03,4099,44,90.62509374999999,49,5.900000095367432,🚬菸屁股,HOLD,1
RDDT,2026-09-18,280.0,0.05,1791,44,91.01571484374999,21,155.36000061035156,🆕低基期(前日Vol17) 🚬菸屁股,HOLD,1
META,2026-09-18,1190.0,0.02,1625,44,85.1563984375,21,576.1400146484375,🚬菸屁股,HOLD,1
BA,2026-09-18,255.0,0.12,4460,44,41.4068359375,21,212.08999633789062,🚬菸屁股,HOLD,1
SOFI,2028-01-21,18.0,6.05,10447,43,66.16244775390626,511,18.84000015258789,🔭LEAPS,HOLD,1
SOFI,2028-06-16,35.0,2.91,9855,43,64.47789428710936,658,18.84000015258789,🔭LEAPS,HOLD,1
IREN,2026-11-20,90.0,0.79,3000,43,106.88523120117188,84,39.58000183105469,🚬菸屁股,HOLD,1
SMR,2028-01-21,5.0,5.8,1910,43,109.27779736328125,511,9.270000457763672,🔭LEAPS,HOLD,1
HOOD,2026-10-16,165.0,0.92,1517,42,70.21514160156251,49,108.54000091552734,🚬菸屁股,HOLD,1
SMR,2028-01-21,85.0,0.49,4536,42,111.2797404785156,511,9.270000457763672,🔭LEAPS,HOLD,1
NNE,2026-09-18,25.0,0.18,1270,42,92.187578125,21,18.5,🚬菸屁股,HOLD,1
META,2026-09-18,705.0,0.85,2056,42,42.99373413085938,21,576.1400146484375,🚬菸屁股,HOLD,1
MSFT,2026-12-18,675.0,1.1,37425,41,30.249720947265622,112,496.3699951171875,🔥萬人塚 🏛️機構場,HOLD,1
IONQ,2028-01-21,140.0,4.13,915,41,91.1011632080078,511,40.029998779296875,🔭LEAPS,HOLD,1
ZM,2026-09-18,140.0,0.02,1138,41,92.9688203125,21,93.83000183105469,🚬菸屁股,HOLD,1
WMT,2028-01-21,150.0,3.65,5172,41,30.628135131835936,511,104.33999633789062,🔭LEAPS,HOLD,1
META,2026-09-18,1140.0,0.02,892,41,82.0314296875,21,576.1400146484375,🚬菸屁股,HOLD,1
BA,2026-09-18,270.0,0.05,2969,41,49.1216025390625,21,212.08999633789062,🚬菸屁股,HOLD,1
RKLB,2028-01-21,210.0,5.8,5751,40,81.62249822998047,511,66.18000030517578,🔭LEAPS,HOLD,1
UPST,2027-01-15,75.0,0.25,2727,40,77.0510107421875,140,30.469999313354492,🚬菸屁股,HOLD,1
IREN,2027-01-15,140.0,0.59,8693,40,107.32468212890626,140,39.58000183105469,🚬菸屁股,HOLD,1
NBIS,2026-09-18,390.0,0.35,1259,40,113.0863720703125,21,213.92999267578125,🆕低基期(前日Vol5) 🚬菸屁股,HOLD,1
SMR,2027-01-15,35.0,0.12,3103,40,111.71919140624999,140,9.270000457763672,🆕低基期(前日Vol7) 🚬菸屁股,HOLD,1
SMR,2027-01-15,85.0,0.02,2612,40,132.81283593749998,140,9.270000457763672,🆕低基期(前日Vol5) 🚬菸屁股,HOLD,1
META,2026-09-18,790.0,0.15,1556,40,51.07470800781251,21,576.1400146484375,🚬菸屁股,HOLD,1
OKLO,2027-01-15,140.0,0.63,935,39,107.27585424804688,140,41.599998474121094,🚬菸屁股,HOLD,1
IONQ,2028-01-21,120.0,4.92,2333,39,90.00254138183593,511,40.029998779296875,🆕低基期(前日Vol10) 🔭LEAPS,HOLD,1
ZM,2026-11-20,130.0,0.76,7068,39,49.341326904296885,84,93.83000183105469,🚬菸屁股,HOLD,1
NTLA,2028-01-21,42.0,1.9,6025,39,92.91999267578124,511,13.1899995803833,🆕低基期(前日Vol7) 🔭LEAPS,HOLD,1
CRWV,2026-09-18,170.0,0.03,5514,39,100.78174609374999,21,88.01000213623047,🚬菸屁股,HOLD,1
RDDT,2026-09-18,210.0,0.33,1461,39,67.09017285156251,21,155.36000061035156,🚬菸屁股,HOLD,1
WMT,2026-12-18,145.0,0.22,1888,39,35.62076098632812,112,104.33999633789062,🚬菸屁股,HOLD,1
PCG,2026-12-18,25.0,0.17,14084,39,43.2622861328125,112,18.219999313354492,🚬菸屁股,HOLD,1
OKLO,2028-01-21,260.0,2.94,2603,38,99.6948272705078,511,41.599998474121094,🆕低基期(前日Vol9) 🔭LEAPS,HOLD,1
UPST,2027-01-15,125.0,0.06,1772,38,100.78174609374999,140,30.469999313354492,🆕低基期(前日Vol4) 🚬菸屁股,HOLD,1
NBIS,2026-09-18,370.0,0.51,1969,38,108.0571003417969,21,213.92999267578125,🆕低基期(前日Vol15) 🚬菸屁股,HOLD,1
PATH,2028-01-21,17.0,5.79,2655,38,76.34301000976562,511,16.760000228881836,🆕低基期(前日Vol9) 🔭LEAPS,HOLD,1
OPEN,2026-12-18,6.0,0.15,1835,38,96.289099609375,112,3.4100000858306885,🚬菸屁股,HOLD,1
LUNR,2028-01-21,15.0,7.9,1054,38,116.06487280273439,511,16.110000610351562,🆕低基期(前日Vol7) 🔭LEAPS,HOLD,1
SMR,2026-11-20,15.0,0.42,2747,38,95.80082324218748,84,9.270000457763672,🚬菸屁股,HOLD,1
SMR,2028-01-21,15.0,2.96,7148,38,101.80713159179686,511,9.270000457763672,🔭LEAPS,HOLD,1
RDDT,2026-09-18,220.0,0.17,2567,38,71.63114306640624,21,155.36000061035156,🚬菸屁股,HOLD,1
BA,2026-09-18,265.0,0.02,5766,38,45.117736328125005,21,212.08999633789062,🚬菸屁股,HOLD,1
IBIT,2026-12-18,65.0,0.53,5034,37,48.511257080078124,112,44.459999084472656,🚬菸屁股,HOLD,1
INTC,2026-09-18,170.0,0.02,5141,37,96.0937890625,21,88.23999786376953,🆕低基期(前日Vol4) 🚬菸屁股,HOLD,1
SOFI,2026-11-20,27.0,0.36,2793,37,60.937890625000016,84,18.84000015258789,🚬菸屁股,HOLD,1
IREN,2026-09-18,90.0,0.06,7060,37,140.625296875,21,39.58000183105469,🚬菸屁股,HOLD,1
IREN,2026-11-20,85.0,0.83,2052,37,107.03171484375002,84,39.58000183105469,🚬菸屁股,HOLD,1
ONDS,2028-01-21,15.0,2.21,9326,37,98.97461962890624,511,8.220000267028809,🔭LEAPS,HOLD,1
JOBY,2026-09-18,9.0,0.1,4097,37,78.9064609375,21,7.139999866485596,🚬菸屁股,HOLD,1
JOBY,2026-11-20,17.0,0.08,1224,37,96.87503124999999,84,7.139999866485596,🆕低基期(前日Vol6) 🚬菸屁股,HOLD,1
SMR,2028-01-21,25.0,1.8,2890,37,100.53760668945313,511,9.270000457763672,🆕低基期(前日Vol9) 🔭LEAPS,HOLD,1
AMZN,2026-10-16,350.0,0.13,2205,37,34.668622070312495,49,260.2799987792969,🚬菸屁股,HOLD,1
TSLA,2026-09-18,750.0,0.05,6107,36,101.95361523437501,21,345.82000732421875,🆕低基期(前日Vol3) 🚬菸屁股,HOLD,1
INTC,2028-01-21,120.0,19.6,5819,36,70.46538323974609,511,88.23999786376953,🔭LEAPS,HOLD,1
ASTS,2028-01-21,150.0,10.4,10796,36,91.60164648437501,511,59.880001068115234,🔭LEAPS,HOLD,1
IREN,2028-01-21,105.0,7.63,1968,36,97.64406652832032,511,39.58000183105469,🆕低基期(前日Vol1) 🔭LEAPS,HOLD,1
PATH,2028-01-21,25.0,3.68,8128,36,74.60962890625001,511,16.760000228881836,🔭LEAPS,HOLD,1
LUNR,2027-01-15,37.0,0.77,2860,36,103.90673046875003,140,16.110000610351562,🚬菸屁股,HOLD,1
IBIT,2026-10-16,59.0,0.23,8346,35,48.242705078125006,49,44.459999084472656,🚬菸屁股,HOLD,1
OKLO,2027-01-15,150.0,0.53,12874,35,106.05515722656251,140,41.599998474121094,🚬菸屁股,HOLD,1
RKLB,2028-01-21,160.0,9.0,1593,35,80.4689453125,511,66.18000030517578,🔭LEAPS,HOLD,1
DKNG,2026-12-18,33.0,0.75,2015,35,53.613745117187506,112,24.780000686645508,🚬菸屁股,HOLD,1
OPEN,2026-11-20,10.0,0.04,8168,35,126.56286718749999,84,3.4100000858306885,🚬菸屁股,HOLD,1
NTLA,2026-09-18,17.0,0.3,1985,35,80.4689453125,21,13.1899995803833,🚬菸屁股,HOLD,1
AMZN,2026-10-16,330.0,0.33,5377,35,32.617861328124995,49,260.2799987792969,🚬菸屁股,HOLD,1
PLTR,2026-09-18,300.0,0.03,7466,34,74.2190078125,21,177.5,🚬菸屁股,HOLD,1
SOFI,2028-01-21,13.0,8.6,4060,34,69.38507177734375,511,18.84000015258789,🔭LEAPS,HOLD,1
PACB,2027-01-15,1.0,0.67,2238,34,114.0629296875,140,1.559999942779541,🚬菸屁股,HOLD,1
LUNR,2028-01-21,20.0,6.75,2601,34,112.93988842773439,511,16.110000610351562,🔭LEAPS,HOLD,1
ACHR,2028-01-21,20.0,0.65,7076,34,90.3321279296875,511,5.900000095367432,🔭LEAPS,HOLD,1
WMT,2026-10-16,130.0,0.12,3044,34,31.00654931640625,49,104.33999633789062,🚬菸屁股,HOLD,1
ASTS,2026-11-20,190.0,0.24,2926,33,113.57465087890625,84,59.880001068115234,🚬菸屁股,HOLD,1
IONQ,2028-01-21,60.0,11.11,3618,33,87.71374591064453,511,40.029998779296875,🔭LEAPS,HOLD,1
UPST,2026-09-18,37.5,0.27,2017,33,69.336244140625,21,30.469999313354492,🚬菸屁股,HOLD,1
TDOC,2027-01-15,7.5,0.57,15119,33,61.133201171875015,140,6.329999923706055,🚬菸屁股,HOLD,1
SMR,2027-01-15,45.0,0.1,1530,33,118.75040625,140,9.270000457763672,🚬菸屁股,HOLD,1
BA,2026-09-18,245.0,0.26,3161,33,32.32489550781249,21,212.08999633789062,🚬菸屁股,HOLD,1
INTC,2026-09-18,210.0,0.02,11855,32,120.3128984375,21,88.23999786376953,🆕低基期(前日Vol9) 🚬菸屁股,HOLD,1
OKLO,2026-09-18,100.0,0.01,3108,32,125.00037499999999,21,41.599998474121094,🚬菸屁股,HOLD,1
RKLB,2026-10-16,115.0,0.45,2818,32,85.6446748046875,49,66.18000030517578,🚬菸屁股,HOLD,1
RKLB,2028-01-21,150.0,9.8,3514,32,81.73846386718748,511,66.18000030517578,🔭LEAPS,HOLD,1
SOFI,2028-01-21,23.0,4.33,3434,32,65.06382592773438,511,18.84000015258789,🆕低基期(前日Vol1) 🔭LEAPS,HOLD,1
PATH,2028-01-21,10.0,9.0,6232,32,82.17791259765625,511,16.760000228881836,🔭LEAPS,HOLD,1
SMR,2027-01-15,25.0,0.25,7287,32,103.51610742187502,140,9.270000457763672,🚬菸屁股,HOLD,1
APP,2026-09-18,470.0,0.25,1228,32,70.898728515625,21,308.1099853515625,🚬菸屁股,HOLD,1
CRM,2026-09-18,320.0,0.05,2914,32,64.45348046875,21,205.6199951171875,🚬菸屁股,HOLD,1
META,2026-09-18,770.0,0.23,2494,32,50.48877636718749,21,576.1400146484375,🚬菸屁股,HOLD,1
BA,2026-09-18,260.0,0.1,5062,32,37.061176269531245,21,212.08999633789062,🚬菸屁股,HOLD,1
NVDA,2028-01-21,420.0,6.15,21792,31,51.239501281738285,511,209.66000366210938,🔭LEAPS,HOLD,1
RKLB,2026-10-16,130.0,0.25,2252,31,92.9688203125,49,66.18000030517578,🚬菸屁股,HOLD,1
RKLB,2027-01-15,210.0,0.5,2217,31,89.94150683593749,140,66.18000030517578,🚬菸屁股,HOLD,1
ASTS,2026-09-18,125.0,0.08,23181,31,121.875390625,21,59.880001068115234,🚬菸屁股,HOLD,1
IONQ,2026-09-18,65.0,0.13,2335,31,105.85984570312502,21,40.029998779296875,🚬菸屁股,HOLD,1
WMT,2026-09-18,145.0,0.01,4419,31,51.95360546875,21,104.33999633789062,🚬菸屁股,HOLD,1
META,2026-09-18,1070.0,0.02,913,31,75.00025000000001,21,576.1400146484375,🚬菸屁股,HOLD,1
META,2026-09-18,1170.0,0.02,1163,31,84.76577734374999,21,576.1400146484375,🚬菸屁股,HOLD,1
TSLA,2026-12-18,960.0,0.42,5641,30,72.07059179687501,112,345.82000732421875,🚬菸屁股,HOLD,1
NVDA,2026-09-18,310.0,0.07,6660,30,61.914443359375014,21,209.66000366210938,🚬菸屁股,HOLD,1
OKLO,2028-01-21,145.0,5.3,1537,30,94.14068359375,511,41.599998474121094,🆕低基期(前日Vol2) 🔭LEAPS,HOLD,1
DKNG,2027-01-15,40.0,0.33,11875,30,54.98091894531252,140,24.780000686645508,🆕低基期(前日Vol11) 🚬菸屁股,HOLD,1
IREN,2028-01-21,85.0,9.35,7429,30,98.55348126220704,511,39.58000183105469,🔭LEAPS,HOLD,1
XYZ,2026-09-18,110.0,0.02,1107,30,50.7817421875,21,83.0999984741211,🚬菸屁股,HOLD,1
NTLA,2026-10-16,17.0,0.65,1772,30,88.476677734375,49,13.1899995803833,🚬菸屁股,HOLD,1
LUNR,2026-12-18,32.0,0.77,1049,30,103.41845166015626,112,16.110000610351562,🚬菸屁股,HOLD,1
OKLO,2026-09-18,90.0,0.05,1088,29,121.875390625,21,41.599998474121094,🚬菸屁股,HOLD,1
SOFI,2026-11-20,36.0,0.05,982,29,67.18782812500001,84,18.84000015258789,🚬菸屁股,HOLD,1
SOFI,2026-12-18,37.0,0.14,1922,29,65.23472265625001,112,18.84000015258789,🆕低基期(前日Vol2) 🚬菸屁股,HOLD,1
IREN,2026-09-18,85.0,0.07,4123,29,137.10968945312501,21,39.58000183105469,🚬菸屁股,HOLD,1
PCG,2026-10-16,25.0,0.1,23026,29,56.836369140624996,49,18.219999313354492,🚬菸屁股,HOLD,1
MU,2026-09-18,1450.0,0.66,1648,29,74.02369726562499,21,938.4000244140625,🚬菸屁股,HOLD,1
INTC,2026-10-16,160.0,0.23,7895,28,77.0510107421875,49,88.23999786376953,🚬菸屁股,HOLD,1
OKLO,2026-09-18,65.0,0.16,1828,28,105.078599609375,21,41.599998474121094,🚬菸屁股,HOLD,1
RKLB,2026-12-18,210.0,0.34,1260,28,88.67198828125,112,66.18000030517578,🆕低基期(前日Vol5) 🚬菸屁股,HOLD,1
ASTS,2026-09-18,120.0,0.08,3227,28,125.19568652343749,21,59.880001068115234,🚬菸屁股,HOLD,1
ASTS,2028-01-21,180.0,8.45,10599,28,92.23640576171876,511,59.880001068115234,🔭LEAPS,HOLD,1
IREN,2026-12-18,100.0,0.9,5225,28,106.34812451171878,112,39.58000183105469,🚬菸屁股,HOLD,1
OPEN,2026-12-18,7.0,0.14,1246,28,100.0005,112,3.4100000858306885,🚬菸屁股,HOLD,1
META,2026-09-18,1320.0,0.01,1393,28,96.0937890625,21,576.1400146484375,🚬菸屁股,HOLD,1
NVDA,2026-09-18,360.0,0.02,5473,27,79.29708203125,21,209.66000366210938,🆕低基期(前日Vol6) 🚬菸屁股,HOLD,1
IREN,2026-10-16,110.0,0.15,2326,27,134.76595117187497,49,39.58000183105469,🚬菸屁股,HOLD,1
PATH,2026-09-18,22.0,0.46,2056,27,91.01571484374999,21,16.760000228881836,🚬菸屁股,HOLD,1
TDOC,2026-10-16,10.0,0.03,3302,27,68.7503125,49,6.329999923706055,🚬菸屁股,HOLD,1
PACB,2028-01-21,2.0,0.62,5102,27,112.5004375,511,1.559999942779541,🔭LEAPS,HOLD,1
SMR,2026-11-20,14.0,0.53,1911,27,93.55475195312499,84,9.270000457763672,🚬菸屁股,HOLD,1
SMCI,2027-01-15,95.0,0.52,890,26,89.3555751953125,140,37.38999938964844,🚬菸屁股,HOLD,1
IONQ,2026-10-16,80.0,0.21,1481,26,90.82040429687498,49,40.029998779296875,🚬菸屁股,HOLD,1
TDOC,2026-10-16,7.0,0.27,1925,26,54.49264257812501,49,6.329999923706055,🚬菸屁股,HOLD,1
HIMS,2027-01-15,90.0,0.54,5043,26,97.6562734375,140,29.829999923706055,🚬菸屁股,HOLD,1
LUNR,2026-09-18,19.0,0.55,1002,26,89.64854101562499,21,16.110000610351562,🚬菸屁股,HOLD,1
RDDT,2026-09-18,250.0,0.09,989,26,76.95335546875,21,155.36000061035156,🚬菸屁股,HOLD,1
PCG,2028-01-21,20.0,2.43,15570,26,39.30724755859375,511,18.219999313354492,🔭LEAPS,HOLD,1
CRM,2027-01-15,550.0,0.08,7262,26,57.0316796875,140,205.6199951171875,🚬菸屁股,HOLD,1
NVDA,2028-01-21,185.0,56.7,9464,25,53.076641113281255,511,209.66000366210938,🔭LEAPS,HOLD,1
MSFT,2028-01-21,600.0,48.8,6804,25,35.7527481918335,511,496.3699951171875,🔭LEAPS,HOLD,1
OKLO,2026-09-18,85.0,0.07,1009,25,117.96916015624998,21,41.599998474121094,🚬菸屁股,HOLD,1
UPST,2026-09-18,50.0,0.01,5445,25,81.2501875,21,30.469999313354492,🚬菸屁股,HOLD,1
SOFI,2026-09-18,37.0,0.02,7969,25,115.625421875,21,18.84000015258789,🆕低基期(前日Vol1) 🚬菸屁股,HOLD,1
SOFI,2026-11-20,31.0,0.18,1244,25,64.648791015625,84,18.84000015258789,🚬菸屁股,HOLD,1
SOFI,2026-12-18,42.0,0.04,8522,25,67.773759765625,112,18.84000015258789,🚬菸屁股,HOLD,1
DKNG,2026-09-18,35.0,0.04,5928,25,61.71913281250001,21,24.780000686645508,🚬菸屁股,HOLD,1
IREN,2026-11-20,110.0,0.54,7901,25,112.01215869140624,84,39.58000183105469,🚬菸屁股,HOLD,1
TDOC,2026-10-16,9.0,0.06,2151,25,66.40658593750001,49,6.329999923706055,🚬菸屁股,HOLD,1
TDOC,2028-01-21,7.0,1.8,1592,25,70.898728515625,511,6.329999923706055,🔭LEAPS,HOLD,1
LUNR,2027-01-15,35.0,0.85,1424,25,106.64109179687502,140,16.110000610351562,🆕低基期(前日Vol2) 🚬菸屁股,HOLD,1
SMR,2028-01-21,18.0,2.5,1486,25,100.68409033203123,511,9.270000457763672,🆕低基期(前日Vol10) 🔭LEAPS,HOLD,1
AMZN,2026-10-16,360.0,0.07,904,25,35.6451748046875,49,260.2799987792969,🚬菸屁股,HOLD,1
RKLB,2027-01-15,200.0,0.64,3460,24,91.45516357421876,140,66.18000030517578,🆕低基期(前日Vol7) 🚬菸屁股,HOLD,1
IONQ,2026-10-16,90.0,0.13,1075,24,98.82813671875,49,40.029998779296875,🚬菸屁股,HOLD,1
SOFI,2028-06-16,27.0,4.2,5028,24,64.59996337890624,658,18.84000015258789,🔭LEAPS,HOLD,1
PATH,2028-01-21,30.0,2.84,6337,24,73.04714453125,511,16.760000228881836,🔭LEAPS,HOLD,1
PATH,2028-01-21,35.0,2.15,888,24,72.851833984375,511,16.760000228881836,🆕低基期(前日Vol2) 🔭LEAPS,HOLD,1
HOOD,2026-12-18,290.0,0.5,10295,24,80.51777294921875,112,108.54000091552734,🚬菸屁股,HOLD,1
LUNR,2028-01-21,17.0,7.43,1032,24,115.57659399414062,511,16.110000610351562,🔭LEAPS,HOLD,1
LUNR,2028-01-21,30.0,5.15,904,24,111.76801928710938,511,16.110000610351562,🔭LEAPS,HOLD,1
APP,2026-09-18,420.0,0.49,761,24,65.820654296875,21,308.1099853515625,🚬菸屁股,HOLD,1
PCG,2027-01-15,22.0,0.55,7488,24,37.94007373046875,140,18.219999313354492,🚬菸屁股,HOLD,1
META,2026-09-18,740.0,0.42,1677,24,46.265185791015625,21,576.1400146484375,🚬菸屁股,HOLD,1
TSLA,2028-01-21,900.0,11.25,6253,23,55.18538467407227,511,345.82000732421875,🆕低基期(前日Vol2) 🔭LEAPS,HOLD,1
MSTR,2026-12-18,500.0,0.3,7466,23,103.56493530273441,112,123.19000244140625,🚬菸屁股,HOLD,1
MSTR,2027-01-15,500.0,0.56,8137,23,98.63282617187501,140,123.19000244140625,🚬菸屁股,HOLD,1
RKLB,2026-09-18,130.0,0.01,1905,23,112.109814453125,21,66.18000030517578,🚬菸屁股,HOLD,1
ASTS,2028-01-21,170.0,9.45,1535,23,92.2974403076172,511,59.880001068115234,🆕低基期(前日Vol8) 🔭LEAPS,HOLD,1
SOFI,2026-09-18,42.0,0.01,5744,23,118.75040625,21,18.84000015258789,🚬菸屁股,HOLD,1
DKNG,2026-09-18,55.0,0.04,2614,23,128.125359375,21,24.780000686645508,🚬菸屁股,HOLD,1
ZM,2028-01-21,140.0,9.35,2802,23,51.72777764892578,511,93.83000183105469,🔭LEAPS,HOLD,1
JOBY,2028-01-21,20.0,0.88,9488,23,84.0821904296875,511,7.139999866485596,🔭LEAPS,HOLD,1
SMR,2026-09-18,14.0,0.07,1276,23,101.5629921875,21,9.270000457763672,🚬菸屁股,HOLD,1
META,2026-10-16,820.0,0.73,2772,23,44.824770507812495,49,576.1400146484375,🚬菸屁股,HOLD,1
AMZN,2026-10-16,380.0,0.03,6247,23,38.477177734375,49,260.2799987792969,🚬菸屁股,HOLD,1
DKNG,2026-12-18,35.0,0.56,2928,22,54.15084912109377,112,24.780000686645508,🚬菸屁股,HOLD,1
NBIS,2026-09-18,340.0,0.89,1191,22,100.39112304687498,21,213.92999267578125,🚬菸屁股,HOLD,1
HIMS,2026-09-18,44.0,0.12,904,22,89.062609375,21,29.829999923706055,🚬菸屁股,HOLD,1
ONDS,2026-12-18,20.0,0.16,5602,22,99.2187578125,112,8.220000267028809,🚬菸屁股,HOLD,1
JOBY,2026-11-20,11.0,0.2,836,22,78.12521875,84,7.139999866485596,🚬菸屁股,HOLD,1
JOBY,2026-11-20,12.0,0.15,1815,22,80.07832421875,84,7.139999866485596,🚬菸屁股,HOLD,1
META,2026-09-18,780.0,0.24,3701,22,50.146982910156254,21,576.1400146484375,🚬菸屁股,HOLD,1
META,2026-10-16,1220.0,0.09,1715,22,63.867548828124995,49,576.1400146484375,🚬菸屁股,HOLD,1
NVDA,2028-06-16,300.0,24.5,6124,21,49.300128585815436,658,209.66000366210938,🔭LEAPS,HOLD,1
MSTR,2026-09-18,280.0,0.06,6767,21,116.40666796875001,21,123.19000244140625,🚬菸屁股,HOLD,1
IBIT,2028-01-21,70.0,4.65,16463,21,52.673813110351574,511,44.459999084472656,🔭LEAPS,HOLD,1
OKLO,2026-11-20,100.0,0.71,1741,21,106.15281298828126,84,41.599998474121094,🚬菸屁股,HOLD,1
RKLB,2026-12-18,200.0,0.35,964,21,96.63089306640626,112,66.18000030517578,🚬菸屁股,HOLD,1
ASTS,2026-09-18,115.0,0.12,1434,21,111.328568359375,21,59.880001068115234,🚬菸屁股,HOLD,1
PATH,2028-01-21,12.0,7.9,5441,21,79.63887548828124,511,16.760000228881836,🔭LEAPS,HOLD,1
OPEN,2026-12-18,10.0,0.05,27931,21,113.28168359375002,112,3.4100000858306885,🆕低基期(前日Vol1) 🚬菸屁股,HOLD,1
JOBY,2026-11-20,15.0,0.05,1067,21,86.32826171875,84,7.139999866485596,🚬菸屁股,HOLD,1
ACHR,2027-01-15,22.0,0.07,7381,21,106.64109179687502,140,5.900000095367432,🚬菸屁股,HOLD,1
SMR,2027-01-15,17.0,0.59,2566,21,96.0937890625,140,9.270000457763672,🚬菸屁股,HOLD,1
SMR,2028-01-21,23.0,2.23,964,21,99.804689453125,511,9.270000457763672,🔭LEAPS,HOLD,1
CRWV,2026-10-16,150.0,0.76,6761,21,87.25598681640624,49,88.01000213623047,🚬菸屁股,HOLD,1
AMZN,2026-09-18,325.0,0.05,7402,21,36.7193828125,21,260.2799987792969,🚬菸屁股,HOLD,1
AMZN,2026-10-16,315.0,0.71,3560,21,32.12958496093749,49,260.2799987792969,🚬菸屁股,HOLD,1
TSLA,2026-12-18,750.0,0.82,6343,20,62.23182299804688,112,345.82000732421875,🚬菸屁股,HOLD,1
IBIT,2026-09-18,100.0,0.01,16989,20,106.25046875000001,21,44.459999084472656,🆕低基期(前日Vol1) 🚬菸屁股,HOLD,1
SMCI,2028-01-21,90.0,5.9,3504,20,86.04750280761719,511,37.38999938964844,🆕低基期(前日Vol1) 🔭LEAPS,HOLD,1
OKLO,2027-01-15,230.0,0.23,1018,20,122.8519482421875,140,41.599998474121094,🚬菸屁股,HOLD,1
RKLB,2026-10-16,195.0,0.28,2156,20,121.28945605468748,49,66.18000030517578,🚬菸屁股,HOLD,1
DKNG,2026-12-18,80.0,0.11,871,20,87.89074609375,112,24.780000686645508,🚬菸屁股,HOLD,1
IREN,2026-11-20,100.0,0.64,2188,20,109.86373193359378,84,39.58000183105469,🆕低基期(前日Vol1) 🚬菸屁股,HOLD,1
IREN,2028-01-21,140.0,5.5,8419,20,97.81496325683594,511,39.58000183105469,🔭LEAPS,HOLD,1
XYZ,2026-09-18,105.0,0.05,1242,20,50.48877636718749,21,83.0999984741211,🆕低基期(前日Vol8) 🚬菸屁股,HOLD,1
OPEN,2028-01-21,1.0,2.69,3379,20,132.03158984375,511,3.4100000858306885,🔭LEAPS,HOLD,1
NTLA,2028-01-21,20.0,4.45,1550,20,110.84028955078126,511,13.1899995803833,🔭LEAPS,HOLD,1
ONDS,2026-09-18,17.0,0.02,8292,20,121.875390625,21,8.220000267028809,🆕低基期(前日Vol2) 🚬菸屁股,HOLD,1
ONDS,2028-01-21,25.0,1.27,7671,20,96.48441015625,511,8.220000267028809,🆕低基期(前日Vol6) 🔭LEAPS,HOLD,1
SMR,2028-01-21,35.0,1.35,1056,20,103.51610742187502,511,9.270000457763672,🆕低基期(前日Vol2) 🔭LEAPS,HOLD,1
APP,2026-09-18,500.0,0.11,2716,20,75.4885263671875,21,308.1099853515625,🆕低基期(前日Vol3) 🚬菸屁股,HOLD,1
RDDT,2027-01-15,420.0,0.6,1772,20,72.87624780273438,140,155.36000061035156,🚬菸屁股,HOLD,1
WMT,2028-01-21,195.0,0.99,3077,20,31.42158422851562,511,104.33999633789062,🔭LEAPS,HOLD,1
PCG,2028-01-21,22.0,1.7,8595,20,36.7193828125,511,18.219999313354492,🔭LEAPS,HOLD,1
CRM,2027-01-15,400.0,0.55,2700,20,53.052227294921884,140,205.6199951171875,🚬菸屁股,HOLD,1
META,2026-09-18,1350.0,0.01,785,20,101.5629921875,21,576.1400146484375,🚬菸屁股,HOLD,1
META,2026-09-18,1400.0,0.01,827,20,108.203583984375,21,576.1400146484375,🚬菸屁股,HOLD,1
META,2026-09-18,1470.0,0.01,1009,20,112.5004375,21,576.1400146484375,🚬菸屁股,HOLD,1
NVDA,2026-09-18,390.0,0.01,8246,19,79.687703125,21,209.66000366210938,🚬菸屁股,HOLD,1
SMCI,2026-12-18,100.0,0.38,9679,19,94.8242705078125,112,37.38999938964844,🚬菸屁股,HOLD,1
IONQ,2027-01-15,110.0,0.62,2752,19,97.85158398437501,140,40.029998779296875,🆕低基期(前日Vol2) 🚬菸屁股,HOLD,1
SOFI,2026-12-18,45.0,0.05,8185,19,69.92217578125,112,18.84000015258789,🚬菸屁股,HOLD,1
SOFI,2028-06-16,18.0,6.82,9127,19,65.79624047851563,658,18.84000015258789,🔭LEAPS,HOLD,1
DKNG,2027-01-15,75.0,0.08,1010,19,88.67198828125,140,24.780000686645508,🚬菸屁股,HOLD,1
DKNG,2028-01-21,30.0,5.2,4047,19,59.44864770507813,511,24.780000686645508,🔭LEAPS,HOLD,1
PATH,2028-01-21,15.0,6.55,7824,19,77.24632128906251,511,16.760000228881836,🔭LEAPS,HOLD,1
OPEN,2026-10-16,6.0,0.05,2121,19,98.437515625,49,3.4100000858306885,🚬菸屁股,HOLD,1
HIMS,2028-01-21,45.0,7.76,1213,19,85.79115771484375,511,29.829999923706055,🆕低基期(前日Vol2) 🔭LEAPS,HOLD,1
KTOS,2026-09-18,70.0,0.18,944,19,66.69955175781253,21,52.93000030517578,🚬菸屁股,HOLD,1
LUNR,2028-01-21,10.0,9.6,1162,19,117.77384863281249,511,16.110000610351562,🔭LEAPS,HOLD,1
JOBY,2026-09-18,11.0,0.02,1781,19,109.375453125,21,7.139999866485596,🆕低基期(前日Vol1) 🚬菸屁股,HOLD,1
JOBY,2026-11-20,13.0,0.09,1638,19,82.0314296875,84,7.139999866485596,🚬菸屁股,HOLD,1
JOBY,2027-01-15,25.0,0.04,3123,19,112.109814453125,140,7.139999866485596,🚬菸屁股,HOLD,1
CRWV,2026-10-16,145.0,0.96,3387,19,86.62122753906249,49,88.01000213623047,🚬菸屁股,HOLD,1
META,2026-09-18,950.0,0.04,1399,19,64.8441015625,21,576.1400146484375,🚬菸屁股,HOLD,1
META,2026-09-18,1340.0,0.01,2108,19,97.6562734375,21,576.1400146484375,🚬菸屁股,HOLD,1
MSTR,2026-09-18,300.0,0.04,6021,18,130.07847460937495,21,123.19000244140625,🚬菸屁股,HOLD,1
SMCI,2026-11-20,65.0,0.93,6980,18,86.62122753906249,84,37.38999938964844,🚬菸屁股,HOLD,1
SMCI,2028-01-21,50.0,11.3,4727,18,85.98646826171876,511,37.38999938964844,🔭LEAPS,HOLD,1
SMCI,2028-01-21,80.0,7.25,1164,18,86.07191662597657,511,37.38999938964844,🔭LEAPS,HOLD,1
VST,2026-09-18,195.0,0.13,1255,18,54.68795312500001,21,140.02999877929688,🚬菸屁股,HOLD,1
VST,2026-09-18,200.0,0.05,8383,18,63.281617187500004,21,140.02999877929688,🚬菸屁股,HOLD,1
IREN,2028-01-21,80.0,9.85,7420,18,99.01734381103515,511,39.58000183105469,🆕低基期(前日Vol1) 🔭LEAPS,HOLD,1
OPEN,2026-10-16,7.0,0.03,2778,18,111.71919140624999,49,3.4100000858306885,🆕低基期(前日Vol7) 🚬菸屁股,HOLD,1
NTLA,2027-01-15,35.0,0.2,3806,18,92.57819921875,140,13.1899995803833,🚬菸屁股,HOLD,1
JOBY,2028-01-21,3.0,4.76,2287,18,97.26565234374999,511,7.139999866485596,🔭LEAPS,HOLD,1
ACHR,2028-01-21,4.0,3.16,3741,18,92.4805439453125,511,5.900000095367432,🔭LEAPS,HOLD,1
CRWV,2026-09-18,175.0,0.12,916,18,101.95361523437501,21,88.01000213623047,🚬菸屁股,HOLD,1
WMT,2028-01-21,160.0,2.84,1242,18,30.896687133789058,511,104.33999633789062,🔭LEAPS,HOLD,1
META,2026-10-16,805.0,0.9,2919,18,44.10456286621094,49,576.1400146484375,🚬菸屁股,HOLD,1
META,2027-01-15,1300.0,0.5,1533,18,51.88036401367187,140,576.1400146484375,🚬菸屁股,HOLD,1
BA,2026-11-20,290.0,0.6,3786,18,36.58510681152344,84,212.08999633789062,🚬菸屁股,HOLD,1
NVDA,2026-12-18,460.0,0.09,10527,17,51.17236328125,112,209.66000366210938,🚬菸屁股,HOLD,1
IONQ,2026-09-18,70.0,0.09,4233,17,109.96138769531252,21,40.029998779296875,🚬菸屁股,HOLD,1
UPST,2027-01-15,55.0,0.84,1241,17,74.414318359375,140,30.469999313354492,🚬菸屁股,HOLD,1
UPST,2027-01-15,60.0,0.66,3309,17,75.39087109375001,140,30.469999313354492,🚬菸屁股,HOLD,1
HOOD,2027-01-15,290.0,0.67,4407,17,75.83031982421876,140,108.54000091552734,🚬菸屁股,HOLD,1
CRSP,2026-09-18,75.0,0.45,1027,17,74.07252490234374,21,59.22999954223633,🚬菸屁股,HOLD,1
HIMS,2028-01-21,40.0,8.7,9967,17,85.03432934570311,511,29.829999923706055,🔭LEAPS,HOLD,1
HIMS,2028-01-21,90.0,3.4,4294,17,85.20522607421876,511,29.829999923706055,🆕低基期(前日Vol5) 🔭LEAPS,HOLD,1
ONDS,2027-01-15,22.0,0.18,2460,17,99.2187578125,140,8.220000267028809,🆕低基期(前日Vol2) 🚬菸屁股,HOLD,1
SMR,2027-01-15,30.0,0.17,5694,17,107.22702636718753,140,9.270000457763672,🚬菸屁股,HOLD,1
META,2026-09-18,1300.0,0.02,2530,17,97.6562734375,21,576.1400146484375,🚬菸屁股,HOLD,1
AMZN,2026-09-18,330.0,0.07,5521,17,44.2388388671875,21,260.2799987792969,🆕低基期(前日Vol2) 🚬菸屁股,HOLD,1
AMZN,2026-09-18,335.0,0.08,19912,17,41.602146484375,21,260.2799987792969,🚬菸屁股,HOLD,1
AMZN,2026-12-18,380.0,0.69,2198,17,36.389796264648446,112,260.2799987792969,🚬菸屁股,HOLD,1
TSLA,2027-01-15,900.0,0.74,12920,16,65.35679174804689,140,345.82000732421875,🚬菸屁股,HOLD,1
NVDA,2026-09-18,330.0,0.05,5235,16,66.79720703125001,21,209.66000366210938,🚬菸屁股,HOLD,1
NVDA,2026-09-18,400.0,0.01,13689,16,75.00025000000001,21,209.66000366210938,🚬菸屁股,HOLD,1
DKNG,2026-12-18,55.0,0.1,3397,16,76.66038964843752,112,24.780000686645508,🚬菸屁股,HOLD,1
OPEN,2028-01-21,12.0,0.54,4444,16,106.34812451171878,511,3.4100000858306885,🔭LEAPS,HOLD,1
JOBY,2028-01-21,17.0,1.08,2559,16,88.13488427734374,511,7.139999866485596,🔭LEAPS,HOLD,1
ACHR,2028-01-21,1.0,5.02,1048,16,120.3128984375,511,5.900000095367432,🔭LEAPS,HOLD,1
CRWV,2026-09-18,210.0,0.02,2416,16,121.09414453124998,21,88.01000213623047,🚬菸屁股,HOLD,1
PCG,2026-12-18,23.0,0.32,6322,16,46.973186523437505,112,18.219999313354492,🚬菸屁股,HOLD,1
MU,2026-09-18,1700.0,0.15,815,16,81.93377441406248,21,938.4000244140625,🚬菸屁股,HOLD,1
TSLA,2026-09-18,940.0,0.02,10377,15,117.1879140625,21,345.82000732421875,🚬菸屁股,HOLD,1
NVDA,2028-01-21,195.0,51.5,6944,15,51.0594493713379,511,209.66000366210938,🔭LEAPS,HOLD,1
ASTS,2026-10-16,190.0,0.15,2412,15,127.34411328124997,49,59.880001068115234,🚬菸屁股,HOLD,1
IONQ,2026-12-18,90.0,0.78,2440,15,92.773509765625,112,40.029998779296875,🚬菸屁股,HOLD,1
DKNG,2027-01-15,42.0,0.28,1591,15,54.394987304687504,140,24.780000686645508,🆕低基期(前日Vol1) 🚬菸屁股,HOLD,1
IREN,2026-10-16,85.0,0.33,1256,15,112.98871630859378,49,39.58000183105469,🚬菸屁股,HOLD,1
U,2026-09-18,52.0,0.44,1525,15,51.07470800781251,21,44.380001068115234,🚬菸屁股,HOLD,1
PATH,2027-01-15,32.0,0.45,4679,15,79.5900478515625,140,16.760000228881836,🚬菸屁股,HOLD,1
OPEN,2027-01-15,8.0,0.15,3409,15,105.078599609375,140,3.4100000858306885,🚬菸屁股,HOLD,1
NTLA,2027-01-15,42.0,0.05,870,15,91.211025390625,140,13.1899995803833,🚬菸屁股,HOLD,1
ONDS,2027-01-15,25.0,0.14,16152,15,101.5629921875,140,8.220000267028809,🚬菸屁股,HOLD,1
LUNR,2028-01-21,50.0,3.33,1231,15,110.44966650390626,511,16.110000610351562,🆕低基期(前日Vol1) 🔭LEAPS,HOLD,1
JOBY,2026-10-16,16.0,0.02,800,15,114.0629296875,49,7.139999866485596,🚬菸屁股,HOLD,1
SMR,2028-01-21,30.0,1.54,3432,15,101.80713159179686,511,9.270000457763672,🔭LEAPS,HOLD,1
VRT,2026-09-18,400.0,0.07,1312,15,73.92604199218749,21,263.80999755859375,🆕低基期(前日Vol2) 🚬菸屁股,HOLD,1
APP,2027-01-15,1000.0,0.5,1005,15,79.63887548828124,140,308.1099853515625,🚬菸屁股,HOLD,1
WMT,2028-01-21,140.0,5.2,846,15,32.355412780761704,511,104.33999633789062,🔭LEAPS,HOLD,1
AMZN,2026-12-18,400.0,0.38,1994,15,36.67055517578125,112,260.2799987792969,🆕低基期(前日Vol4) 🚬菸屁股,HOLD,1
BA,2028-01-21,380.0,5.79,2277,15,39.04785073852539,511,212.08999633789062,🔭LEAPS,HOLD,1
NVDA,2028-06-16,460.0,7.7,5029,14,45.041443145751956,658,209.66000366210938,🔭LEAPS,HOLD,1
SMCI,2026-09-18,47.0,0.52,1449,14,78.9064609375,21,37.38999938964844,🚬菸屁股,HOLD,1
OKLO,2026-10-16,90.0,0.3,1531,14,109.57076464843752,49,41.599998474121094,🚬菸屁股,HOLD,1
OKLO,2028-01-21,150.0,5.04,1308,14,96.3867548828125,511,41.599998474121094,🔭LEAPS,HOLD,1
IONQ,2026-10-16,100.0,0.09,2273,14,104.68797656250001,49,40.029998779296875,🚬菸屁股,HOLD,1
IONQ,2026-11-20,80.0,0.65,2355,14,96.19144433593749,84,40.029998779296875,🚬菸屁股,HOLD,1
IONQ,2028-01-21,70.0,9.47,1488,14,89.95371374511718,511,40.029998779296875,🔭LEAPS,HOLD,1
UPST,2028-01-21,42.5,7.7,2105,14,78.711150390625,511,30.469999313354492,🔭LEAPS,HOLD,1
DKNG,2026-12-18,40.0,0.28,4931,14,56.1527822265625,112,24.780000686645508,🚬菸屁股,HOLD,1
OPEN,2026-09-18,3.0,0.53,2035,14,89.062609375,21,3.4100000858306885,🚬菸屁股,HOLD,1
HIMS,2028-01-21,80.0,4.0,1034,14,84.8634326171875,511,29.829999923706055,🔭LEAPS,HOLD,1
ACHR,2027-01-15,27.0,0.04,5946,14,114.0629296875,140,5.900000095367432,🚬菸屁股,HOLD,1
NNE,2027-01-15,50.0,0.35,2832,14,89.64854101562499,140,18.5,🚬菸屁股,HOLD,1
CRWV,2026-09-18,150.0,0.09,13601,14,93.35944140625,21,88.01000213623047,🚬菸屁股,HOLD,1
APP,2026-09-18,450.0,0.21,1225,14,66.55306884765628,21,308.1099853515625,🚬菸屁股,HOLD,1
WMT,2026-11-20,135.0,0.29,2947,14,33.27703442382813,84,104.33999633789062,🚬菸屁股,HOLD,1
AMZN,2026-11-20,360.0,0.72,14620,14,37.15883154296875,84,260.2799987792969,🚬菸屁股,HOLD,1
AMZN,2026-12-18,375.0,0.85,1216,14,36.438623901367194,112,260.2799987792969,🆕低基期(前日Vol4) 🚬菸屁股,HOLD,1
NVDA,2028-01-21,380.0,8.71,8626,13,50.67188000488281,511,209.66000366210938,🔭LEAPS,HOLD,1
OKLO,2027-01-15,120.0,0.87,3067,13,101.12354125976562,140,41.599998474121094,🚬菸屁股,HOLD,1
VST,2026-09-18,180.0,0.14,5009,13,50.97705273437501,21,140.02999877929688,🚬菸屁股,HOLD,1
RKLB,2026-12-18,160.0,0.87,782,13,89.11143701171873,112,66.18000030517578,🚬菸屁股,HOLD,1
UPST,2028-01-21,100.0,2.3,1399,13,79.883013671875,511,30.469999313354492,🆕低基期(前日Vol2) 🔭LEAPS,HOLD,1
SOFI,2028-06-16,10.0,10.95,8980,13,74.09693872070311,658,18.84000015258789,🔭LEAPS,HOLD,1
IREN,2028-01-21,70.0,11.1,6059,13,96.64309997558593,511,39.58000183105469,🔭LEAPS,HOLD,1
NBIS,2026-09-18,380.0,0.45,1257,13,108.15475610351561,21,213.92999267578125,🆕低基期(前日Vol1) 🚬菸屁股,HOLD,1
TDOC,2028-01-21,3.0,3.85,2343,13,85.0587431640625,511,6.329999923706055,🆕低基期(前日Vol1) 🔭LEAPS,HOLD,1
OPEN,2026-11-20,7.0,0.1,4295,13,112.5004375,84,3.4100000858306885,🚬菸屁股,HOLD,1
HIMS,2026-09-18,46.0,0.01,1296,13,105.078599609375,21,29.829999923706055,🚬菸屁股,HOLD,1
LUNR,2026-12-18,30.0,0.88,1142,13,104.0043862304688,112,16.110000610351562,🚬菸屁股,HOLD,1
LUNR,2028-01-21,65.0,2.58,751,13,109.05807189941407,511,16.110000610351562,🔭LEAPS,HOLD,1
ACHR,2026-09-18,5.0,0.98,1934,13,64.45348046875,21,5.900000095367432,🚬菸屁股,HOLD,1
CRWD,2026-10-16,290.0,0.53,1321,13,64.42906665039064,49,189.17999267578125,🆕低基期(前日Vol2) 🚬菸屁股,HOLD,1
TSLA,2026-09-18,800.0,0.18,8896,12,109.375453125,21,345.82000732421875,🆕低基期(前日Vol3) 🚬菸屁股,HOLD,1
NVDA,2026-09-18,420.0,0.01,7918,12,93.35944140625,21,209.66000366210938,🆕低基期(前日Vol4) 🚬菸屁股,HOLD,1
IBIT,2027-01-15,79.0,0.53,5264,12,52.93015820312501,140,44.459999084472656,🚬菸屁股,HOLD,1
PLTR,2028-01-21,210.0,40.8,9176,12,62.06245213317872,511,177.5,🔭LEAPS,HOLD,1
OKLO,2028-01-21,95.0,8.37,832,12,90.52743847656251,511,41.599998474121094,🆕低基期(前日Vol2) 🔭LEAPS,HOLD,1
ASTS,2027-01-15,185.0,0.82,1524,12,98.3398603515625,140,59.880001068115234,🆕低基期(前日Vol1) 🚬菸屁股,HOLD,1
IONQ,2028-01-21,100.0,6.11,1046,12,88.35460864257811,511,40.029998779296875,🆕低基期(前日Vol1) 🔭LEAPS,HOLD,1
UPST,2026-10-16,50.0,0.12,2344,12,67.18782812500001,49,30.469999313354492,🆕低基期(前日Vol3) 🚬菸屁股,HOLD,1
SOFI,2026-12-18,32.0,0.26,3984,12,62.793340820312515,112,18.84000015258789,🚬菸屁股,HOLD,1
SOFI,2028-06-16,45.0,2.0,4788,12,65.1614812011719,658,18.84000015258789,🔭LEAPS,HOLD,1
DKNG,2026-09-18,32.5,0.04,2905,12,54.68795312500001,21,24.780000686645508,🚬菸屁股,HOLD,1
U,2028-01-21,65.0,8.25,1844,12,66.3333444824219,511,44.380001068115234,🔭LEAPS,HOLD,1
HOOD,2026-10-16,180.0,0.5,2327,12,74.12135253906249,49,108.54000091552734,🚬菸屁股,HOLD,1
OPEN,2026-10-16,3.0,0.64,1284,12,100.78174609374999,49,3.4100000858306885,🚬菸屁股,HOLD,1
ONDS,2028-01-21,2.0,6.5,1535,12,94.92192578125,511,8.220000267028809,🆕低基期(前日Vol4) 🔭LEAPS,HOLD,1
ACHR,2027-01-15,25.0,0.05,22981,12,114.0629296875,140,5.900000095367432,🚬菸屁股,HOLD,1
ACHR,2028-01-21,12.0,1.23,5116,12,91.01571484374999,511,5.900000095367432,🔭LEAPS,HOLD,1
SMR,2027-01-15,22.0,0.33,3049,12,99.9023447265625,140,9.270000457763672,🚬菸屁股,HOLD,1
SMR,2027-01-15,27.0,0.15,1804,12,106.64109179687502,140,9.270000457763672,🚬菸屁股,HOLD,1
CRWV,2026-10-16,160.0,0.51,4616,12,88.62316064453124,49,88.01000213623047,🚬菸屁股,HOLD,1
WMT,2026-09-18,140.0,0.02,8765,12,50.19581054687501,21,104.33999633789062,🚬菸屁股,HOLD,1
PCG,2026-12-18,22.0,0.45,5867,12,44.77594287109375,112,18.219999313354492,🚬菸屁股,HOLD,1
META,2026-09-18,1370.0,0.13,1221,12,99.2187578125,21,576.1400146484375,🚬菸屁股,HOLD,1
META,2026-12-18,1290.0,0.44,8565,12,54.883263671875014,112,576.1400146484375,🚬菸屁股,HOLD,1
META,2026-12-18,1480.0,0.18,2105,12,59.375406250000005,112,576.1400146484375,🚬菸屁股,HOLD,1
META,2027-01-15,1480.0,0.29,2948,12,55.1762294921875,140,576.1400146484375,🚬菸屁股,HOLD,1
MU,2026-09-18,1800.0,0.14,819,12,91.3086806640625,21,938.4000244140625,🚬菸屁股,HOLD,1
MU,2026-10-16,2500.0,0.19,3090,12,85.937640625,49,938.4000244140625,🚬菸屁股,HOLD,1
MSTR,2027-01-15,700.0,0.25,11260,11,103.02782861328126,140,123.19000244140625,🚬菸屁股,HOLD,1
IBIT,2027-01-15,110.0,0.15,29673,11,65.43003320312502,140,44.459999084472656,🚬菸屁股,HOLD,1
IBIT,2027-01-15,115.0,0.11,5472,11,67.28548339843752,140,44.459999084472656,🆕低基期(前日Vol3) 🚬菸屁股,HOLD,1
INTC,2026-11-20,170.0,0.72,7104,11,78.12521875,84,88.23999786376953,🚬菸屁股,HOLD,1
VST,2026-11-20,220.0,0.6,3066,11,51.025880371093756,84,140.02999877929688,🚬菸屁股,HOLD,1
RKLB,2026-10-16,140.0,0.21,966,11,89.16026464843749,49,66.18000030517578,🚬菸屁股,HOLD,1
IONQ,2026-09-18,75.0,0.05,1774,11,113.67230664062502,21,40.029998779296875,🆕低基期(前日Vol4) 🚬菸屁股,HOLD,1
IREN,2028-01-21,100.0,8.03,7063,11,99.40186145019531,511,39.58000183105469,🆕低基期(前日Vol4) 🔭LEAPS,HOLD,1
PACB,2028-01-21,3.0,0.4,1320,11,120.3128984375,511,1.559999942779541,🔭LEAPS,HOLD,1
ONDS,2026-12-18,18.0,0.2,3662,11,99.41406835937501,112,8.220000267028809,🚬菸屁股,HOLD,1
LUNR,2026-09-18,30.0,0.06,3077,11,122.65663671875001,21,16.110000610351562,🚬菸屁股,HOLD,1
CRWV,2026-10-16,165.0,0.45,2349,11,88.76964355468748,49,88.01000213623047,🚬菸屁股,HOLD,1
CRWV,2027-01-15,280.0,0.6,18358,11,90.57626611328125,140,88.01000213623047,🚬菸屁股,HOLD,1
RDDT,2028-01-21,400.0,9.84,1260,11,68.5275364074707,511,155.36000061035156,🔭LEAPS,HOLD,1
WMT,2026-12-18,140.0,0.29,6761,11,33.20379296875,112,104.33999633789062,🚬菸屁股,HOLD,1
WMT,2026-12-18,155.0,0.14,1031,11,39.20959228515625,112,104.33999633789062,🆕低基期(前日Vol1) 🚬菸屁股,HOLD,1
META,2026-11-20,1200.0,0.4,1221,11,57.129334960937506,84,576.1400146484375,🚬菸屁股,HOLD,1
BA,2026-09-18,300.0,0.03,3293,11,55.66450585937501,21,212.08999633789062,🚬菸屁股,HOLD,1
TSLA,2026-09-18,600.0,0.1,10733,10,82.226740234375,21,345.82000732421875,🚬菸屁股,HOLD,1
NVDA,2026-09-18,370.0,0.02,5549,10,73.437765625,21,209.66000366210938,🚬菸屁股,HOLD,1
NVDA,2028-01-21,260.0,27.96,9763,10,45.72808178710938,511,209.66000366210938,🔭LEAPS,HOLD,1
NVDA,2028-01-21,410.0,6.61,21094,10,45.47173669433594,511,209.66000366210938,🔭LEAPS,HOLD,1
IBIT,2026-09-18,80.0,0.01,11686,10,87.500125,21,44.459999084472656,🚬菸屁股,HOLD,1
IBIT,2028-01-21,75.0,4.0,5457,10,52.99119274902344,511,44.459999084472656,🆕低基期(前日Vol2) 🔭LEAPS,HOLD,1
IBIT,2028-01-21,90.0,2.49,5025,10,53.45505529785157,511,44.459999084472656,🆕低基期(前日Vol2) 🔭LEAPS,HOLD,1
COIN,2027-01-15,880.0,0.28,13587,10,94.43364941406249,140,181.77999877929688,🆕低基期(前日Vol3) 🚬菸屁股,HOLD,1
SMCI,2026-09-18,75.0,0.04,3895,10,109.375453125,21,37.38999938964844,🚬菸屁股,HOLD,1
SMCI,2026-09-18,80.0,0.03,2484,10,117.1879140625,21,37.38999938964844,🚬菸屁股,HOLD,1
SMCI,2026-09-18,85.0,0.02,4437,10,118.75040625,21,37.38999938964844,🆕低基期(前日Vol3) 🚬菸屁股,HOLD,1
SMCI,2026-09-18,105.0,0.02,8817,10,145.3127734375,21,37.38999938964844,🆕低基期(前日Vol1) 🚬菸屁股,HOLD,1
OKLO,2026-11-20,90.0,0.69,1608,10,101.31885278320314,84,41.599998474121094,🚬菸屁股,HOLD,1
OKLO,2027-01-15,195.0,0.38,1227,10,117.67619287109375,140,41.599998474121094,🚬菸屁股,HOLD,1
VST,2026-11-20,240.0,0.34,1967,10,54.834436035156266,84,140.02999877929688,🚬菸屁股,HOLD,1
RKLB,2026-09-18,115.0,0.06,764,10,106.64109179687502,21,66.18000030517578,🚬菸屁股,HOLD,1
IONQ,2026-11-20,120.0,0.26,2372,10,111.13325683593752,84,40.029998779296875,🆕低基期(前日Vol2) 🚬菸屁股,HOLD,1
IONQ,2026-12-18,105.0,0.93,1446,10,91.8946123046875,112,40.029998779296875,🚬菸屁股,HOLD,1
SOFI,2026-11-20,29.0,0.28,1125,10,62.500375000000005,84,18.84000015258789,🚬菸屁股,HOLD,1
SOFI,2026-12-18,35.0,0.17,14543,10,64.45348046875,112,18.84000015258789,🚬菸屁股,HOLD,1
SOFI,2027-01-15,37.0,0.19,3630,10,63.67223828125,140,18.84000015258789,🚬菸屁股,HOLD,1
SOFI,2028-01-21,27.0,3.39,4475,10,63.15954809570312,511,18.84000015258789,🔭LEAPS,HOLD,1
SOFI,2028-06-16,47.0,1.87,18733,10,65.74741284179689,658,18.84000015258789,🔭LEAPS,HOLD,1
DKNG,2026-09-18,42.5,0.01,1108,10,78.12521875,21,24.780000686645508,🆕低基期(前日Vol3) 🚬菸屁股,HOLD,1
DKNG,2027-01-15,57.5,0.05,1146,10,61.328511718750015,140,24.780000686645508,🚬菸屁股,HOLD,1
HOOD,2026-09-18,290.0,0.01,2078,10,132.03158984375,21,108.54000091552734,🚬菸屁股,HOLD,1
HOOD,2026-12-18,260.0,0.6,2116,10,77.8322529296875,112,108.54000091552734,🚬菸屁股,HOLD,1
TDOC,2027-01-15,20.0,0.09,20349,10,95.312546875,140,6.329999923706055,🚬菸屁股,HOLD,1
XYZ,2026-09-18,115.0,0.04,1141,10,57.0316796875,21,83.0999984741211,🚬菸屁股,HOLD,1
XYZ,2028-01-21,105.0,10.87,2193,10,51.01977691650392,511,83.0999984741211,🔭LEAPS,HOLD,1
OPEN,2026-10-16,10.0,0.01,9258,10,143.75028125,49,3.4100000858306885,🚬菸屁股,HOLD,1
NTLA,2028-01-21,10.0,7.2,1730,10,111.5238798828125,511,13.1899995803833,🔭LEAPS,HOLD,1
PACB,2028-01-21,1.0,0.9,791,10,108.59420703125,511,1.559999942779541,🔭LEAPS,HOLD,1
HIMS,2026-09-18,55.0,0.11,2500,10,112.5004375,21,29.829999923706055,🚬菸屁股,HOLD,1
HIMS,2028-01-21,55.0,7.2,841,10,84.04556970214843,511,29.829999923706055,🔭LEAPS,HOLD,1
LUNR,2027-01-15,40.0,0.7,5015,10,107.03171484375002,140,16.110000610351562,🚬菸屁股,HOLD,1
JOBY,2027-01-15,20.0,0.08,13445,10,91.79695703125,140,7.139999866485596,🚬菸屁股,HOLD,1
ACHR,2028-01-21,2.0,4.32,1103,10,101.7583037109375,511,5.900000095367432,🔭LEAPS,HOLD,1
NNE,2027-01-15,35.0,0.83,830,10,89.55088574218748,140,18.5,🚬菸屁股,HOLD,1
CRWV,2026-09-18,200.0,0.05,5974,10,123.43788281249999,21,88.01000213623047,🚬菸屁股,HOLD,1
CRWV,2026-11-20,200.0,0.7,4927,10,90.9180595703125,84,88.01000213623047,🆕低基期(前日Vol4) 🚬菸屁股,HOLD,1
CRWV,2027-01-15,260.0,0.7,1937,10,88.96495410156248,140,88.01000213623047,🚬菸屁股,HOLD,1
APP,2026-09-18,550.0,0.05,1517,10,92.8711650390625,21,308.1099853515625,🚬菸屁股,HOLD,1
PCG,2026-10-16,22.0,0.26,2152,10,54.00436621093752,49,18.219999313354492,🚬菸屁股,HOLD,1
META,2026-09-18,1060.0,0.02,1034,10,74.2190078125,21,576.1400146484375,🚬菸屁股,HOLD,1
META,2026-10-16,870.0,0.34,1008,10,48.16946362304687,49,576.1400146484375,🚬菸屁股,HOLD,1
META,2026-12-18,1420.0,0.21,832,10,57.66643896484375,112,576.1400146484375,🚬菸屁股,HOLD,1
MU,2026-09-18,2170.0,0.03,1034,10,108.00827246093752,21,938.4000244140625,🚬菸屁股,HOLD,1
BA,2026-12-18,340.0,0.52,993,10,40.38145556640625,112,212.08999633789062,🚬菸屁股,HOLD,1
BA,2027-01-15,345.0,0.3,2201,10,40.57676611328125,140,212.08999633789062,🚬菸屁股,HOLD,1
TGT,2026-09-18,177.5,0.91,1519,10,30.51827294921875,21,164.0399932861328,🚬菸屁股,HOLD,1
TSLA,2028-06-16,990.0,15.3,6795,9,55.92237681579591,658,345.82000732421875,🔭LEAPS,HOLD,1
NVDA,2028-01-21,370.0,9.7,5292,9,46.117177017211915,511,209.66000366210938,🆕低基期(前日Vol3) 🔭LEAPS,HOLD,1
PLTR,2026-09-18,270.0,0.06,7322,9,66.01596484375001,21,177.5,🚬菸屁股,HOLD,1
INTC,2028-01-21,55.0,43.7,5196,9,74.43262872314453,511,88.23999786376953,🔭LEAPS,HOLD,1
VST,2026-10-16,200.0,0.33,1461,9,51.22119091796875,49,140.02999877929688,🚬菸屁股,HOLD,1
RKLB,2026-09-18,140.0,0.04,4015,9,118.75040625,21,66.18000030517578,🚬菸屁股,HOLD,1
RKLB,2026-10-16,160.0,0.1,751,9,97.6562734375,49,66.18000030517578,🚬菸屁股,HOLD,1
ASTS,2026-11-20,185.0,0.35,4031,9,113.8676181640625,84,59.880001068115234,🚬菸屁股,HOLD,1
IONQ,2026-09-18,80.0,0.04,4199,9,113.28168359375002,21,40.029998779296875,🚬菸屁股,HOLD,1
IONQ,2026-11-20,75.0,0.9,832,9,93.55475195312499,84,40.029998779296875,🚬菸屁股,HOLD,1
UPST,2026-10-16,45.0,0.23,1460,9,66.8948623046875,49,30.469999313354492,🚬菸屁股,HOLD,1
SOFI,2028-01-21,45.0,1.35,4428,9,64.45348046875,511,18.84000015258789,🆕低基期(前日Vol1) 🔭LEAPS,HOLD,1
PATH,2028-01-21,8.0,10.33,1771,9,84.32632861328125,511,16.760000228881836,🆕低基期(前日Vol3) 🔭LEAPS,HOLD,1
HOOD,2026-09-18,145.0,0.46,1492,9,70.117486328125,21,108.54000091552734,🚬菸屁股,HOLD,1
HOOD,2026-09-18,160.0,0.18,2009,9,78.6134951171875,21,108.54000091552734,🚬菸屁股,HOLD,1
HOOD,2026-09-18,165.0,0.09,1087,9,72.6565234375,21,108.54000091552734,🚬菸屁股,HOLD,1
ONDS,2027-01-15,19.0,0.27,1026,9,95.507857421875,140,8.220000267028809,🚬菸屁股,HOLD,1
ACHR,2028-01-21,17.0,0.84,1442,9,90.1368173828125,511,5.900000095367432,🔭LEAPS,HOLD,1
SMR,2027-01-15,32.0,0.14,1109,9,110.15669921875002,140,9.270000457763672,🚬菸屁股,HOLD,1
NNE,2027-01-15,40.0,0.7,2327,9,91.84578466796876,140,18.5,🚬菸屁股,HOLD,1
WMT,2026-09-18,150.0,0.01,6131,9,52.3442265625,21,104.33999633789062,🚬菸屁股,HOLD,1
CRM,2028-01-21,390.0,10.1,4229,9,48.72182626342774,511,205.6199951171875,🔭LEAPS,HOLD,1
CRWD,2026-09-18,252.5,0.51,880,9,83.1056376953125,21,189.17999267578125,🆕低基期(前日Vol3) 🚬菸屁股,HOLD,1
META,2026-09-18,725.0,0.51,1869,9,44.946839599609376,21,576.1400146484375,🚬菸屁股,HOLD,1
META,2026-09-18,1180.0,0.03,922,9,85.937640625,21,576.1400146484375,🚬菸屁股,HOLD,1
AMZN,2026-09-18,360.0,0.02,6467,9,50.586431640624994,21,260.2799987792969,🆕低基期(前日Vol3) 🚬菸屁股,HOLD,1
BA,2026-11-20,300.0,0.31,755,9,36.57289990234375,84,212.08999633789062,🚬菸屁股,HOLD,1
BA,2028-01-21,320.0,11.32,2076,9,40.059498336792,511,212.08999633789062,🔭LEAPS,HOLD,1
TSLA,2026-09-18,700.0,0.03,6498,8,96.289099609375,21,345.82000732421875,🚬菸屁股,HOLD,1
NVDA,2028-01-21,390.0,8.05,8471,8,46.17363397216797,511,209.66000366210938,🆕低基期(前日Vol3) 🔭LEAPS,HOLD,1
PLTR,2028-01-21,410.0,11.75,9034,8,61.365132446289074,511,177.5,🔭LEAPS,HOLD,1
INTC,2026-09-18,180.0,0.02,7784,8,101.5629921875,21,88.23999786376953,🚬菸屁股,HOLD,1
INTC,2028-01-21,60.0,41.25,10440,8,75.79980255126955,511,88.23999786376953,🔭LEAPS,HOLD,1
SMCI,2026-12-18,120.0,0.27,11001,8,98.82813671875,112,37.38999938964844,🚬菸屁股,HOLD,1
SMCI,2028-01-21,60.0,9.84,6508,8,85.86439916992188,511,37.38999938964844,🔭LEAPS,HOLD,1
OKLO,2026-09-18,80.0,0.06,2030,8,113.28168359375002,21,41.599998474121094,🚬菸屁股,HOLD,1
OKLO,2027-01-15,125.0,0.85,2285,8,102.10009887695315,140,41.599998474121094,🚬菸屁股,HOLD,1
OKLO,2027-01-15,220.0,0.28,1257,8,121.19180029296874,140,41.599998474121094,🚬菸屁股,HOLD,1
OKLO,2028-01-21,155.0,5.1,2057,8,94.2261319580078,511,41.599998474121094,🔭LEAPS,HOLD,1
RKLB,2026-10-16,125.0,0.3,4845,8,90.039162109375,49,66.18000030517578,🚬菸屁股,HOLD,1
RKLB,2028-01-21,175.0,7.9,3470,8,81.95818823242188,511,66.18000030517578,🆕低基期(前日Vol3) 🔭LEAPS,HOLD,1
IONQ,2027-01-15,120.0,0.46,3939,8,101.22119702148437,140,40.029998779296875,🆕低基期(前日Vol2) 🚬菸屁股,HOLD,1
UPST,2028-01-21,40.0,8.28,2466,8,78.28390856933594,511,30.469999313354492,🔭LEAPS,HOLD,1
UPST,2028-01-21,47.5,5.85,772,8,81.27460131835937,511,30.469999313354492,🔭LEAPS,HOLD,1
SOFI,2028-01-21,32.0,2.61,7287,8,63.232789550781256,511,18.84000015258789,🔭LEAPS,HOLD,1
SOFI,2028-01-21,37.0,1.98,8078,8,63.257203369140626,511,18.84000015258789,🆕低基期(前日Vol3) 🔭LEAPS,HOLD,1
OPEN,2026-09-18,6.0,0.02,7782,8,118.75040625,21,3.4100000858306885,🚬菸屁股,HOLD,1
LUNR,2028-01-21,37.0,4.42,754,8,109.32662524414063,511,16.110000610351562,🆕低基期(前日Vol2) 🔭LEAPS,HOLD,1
JOBY,2027-01-15,35.0,0.03,2449,8,109.375453125,140,7.139999866485596,🚬菸屁股,HOLD,1
CRWV,2026-09-18,160.0,0.09,3963,8,98.437515625,21,88.01000213623047,🚬菸屁股,HOLD,1
META,2026-09-18,1130.0,0.02,913,8,81.2501875,21,576.1400146484375,🚬菸屁股,HOLD,1
MU,2026-10-16,2000.0,0.85,2100,8,81.32342895507811,49,938.4000244140625,🚬菸屁股,HOLD,1
TSLA,2026-12-18,850.0,0.74,7559,7,66.4309997558594,112,345.82000732421875,🚬菸屁股,HOLD,1
NVDA,2028-01-21,270.0,24.67,8269,7,49.420671813964844,511,209.66000366210938,🔭LEAPS,HOLD,1
IBIT,2026-12-18,75.0,0.26,10425,7,53.22312402343749,112,44.459999084472656,🚬菸屁股,HOLD,1
IBIT,2028-06-16,45.0,13.3,5220,7,58.19133605957032,658,44.459999084472656,🔭LEAPS,HOLD,1
INTC,2026-09-18,195.0,0.01,8563,7,103.12548437500001,21,88.23999786376953,🆕低基期(前日Vol2) 🚬菸屁股,HOLD,1
SMCI,2026-12-18,80.0,0.73,2875,7,88.18371191406248,112,37.38999938964844,🆕低基期(前日Vol1) 🚬菸屁股,HOLD,1
OKLO,2026-10-16,95.0,0.24,2223,7,112.69574902343751,49,41.599998474121094,🚬菸屁股,HOLD,1
OKLO,2026-10-16,150.0,0.07,1239,7,139.453427734375,49,41.599998474121094,🚬菸屁股,HOLD,1
OKLO,2028-01-21,130.0,6.02,1355,7,94.27495959472655,511,41.599998474121094,🔭LEAPS,HOLD,1
VST,2026-09-18,170.0,0.37,3609,7,49.756361816406255,21,140.02999877929688,🚬菸屁股,HOLD,1
VST,2026-09-18,190.0,0.09,9524,7,59.08244042968751,21,140.02999877929688,🚬菸屁股,HOLD,1
RKLB,2028-01-21,185.0,7.4,1991,7,81.10370458984374,511,66.18000030517578,🔭LEAPS,HOLD,1
ASTS,2028-01-21,175.0,9.75,1237,7,92.3950955810547,511,59.880001068115234,🔭LEAPS,HOLD,1
UPST,2027-01-15,70.0,0.42,1689,7,78.32052929687501,140,30.469999313354492,🚬菸屁股,HOLD,1
UPST,2028-01-21,50.0,6.41,2732,7,77.90549438476562,511,30.469999313354492,🔭LEAPS,HOLD,1
UPST,2028-01-21,105.0,2.1,1115,7,79.80977221679689,511,30.469999313354492,🔭LEAPS,HOLD,1
SOFI,2028-06-16,42.0,2.26,3156,7,64.648791015625,658,18.84000015258789,🔭LEAPS,HOLD,1
IREN,2028-01-21,75.0,10.5,2796,7,97.460962890625,511,39.58000183105469,🔭LEAPS,HOLD,1
U,2028-01-21,70.0,7.45,841,7,67.60286303710939,511,44.380001068115234,🔭LEAPS,HOLD,1
PATH,2027-01-15,27.0,0.82,4944,7,79.883013671875,140,16.760000228881836,🚬菸屁股,HOLD,1
OPEN,2026-12-18,8.0,0.09,2086,7,103.12548437500001,112,3.4100000858306885,🚬菸屁股,HOLD,1
OPEN,2028-01-21,17.0,3.4,861,7,25.00075,511,3.4100000858306885,🔭LEAPS,HOLD,1
HIMS,2028-01-21,65.0,6.15,786,7,86.85315881347657,511,29.829999923706055,🔭LEAPS,HOLD,1
ONDS,2027-01-15,18.0,0.28,2273,7,95.89847851562499,140,8.220000267028809,🚬菸屁股,HOLD,1
LUNR,2026-09-18,34.0,0.03,834,7,135.93782031249998,21,16.110000610351562,🚬菸屁股,HOLD,1
LUNR,2026-12-18,40.0,0.4,1349,7,108.69186279296876,112,16.110000610351562,🆕低基期(前日Vol1) 🚬菸屁股,HOLD,1
ACHR,2028-01-21,3.0,3.65,4313,7,96.0937890625,511,5.900000095367432,🔭LEAPS,HOLD,1
VRT,2026-09-18,360.0,0.3,1931,7,59.42423388671876,21,263.80999755859375,🚬菸屁股,HOLD,1
CRWV,2026-09-18,180.0,0.01,4009,7,102.34423828125001,21,88.01000213623047,🆕低基期(前日Vol1) 🚬菸屁股,HOLD,1
CRWV,2026-10-16,180.0,0.24,8683,7,90.9180595703125,49,88.01000213623047,🚬菸屁股,HOLD,1
APP,2026-09-18,600.0,0.1,2460,7,91.01571484374999,21,308.1099853515625,🚬菸屁股,HOLD,1
RDDT,2026-09-18,230.0,0.11,2175,7,76.75804492187501,21,155.36000061035156,🚬菸屁股,HOLD,1
WMT,2026-11-20,140.0,0.2,1437,7,34.25358715820312,84,104.33999633789062,🚬菸屁股,HOLD,1
META,2026-11-20,1000.0,0.84,1424,7,50.02491381835939,84,576.1400146484375,🚬菸屁股,HOLD,1
AMZN,2027-01-15,410.0,0.52,3283,7,36.54848608398438,140,260.2799987792969,🚬菸屁股,HOLD,1
BA,2026-12-18,350.0,0.15,2011,7,41.74862939453124,112,212.08999633789062,🚬菸屁股,HOLD,1
BA,2027-01-15,340.0,0.37,2352,7,37.89124609375,140,212.08999633789062,🚬菸屁股,HOLD,1
NVDA,2028-01-21,290.0,20.57,5821,6,48.70961935424805,511,209.66000366210938,🔭LEAPS,HOLD,1
NVDA,2028-06-16,400.0,11.85,5398,6,46.58103956604005,658,209.66000366210938,🔭LEAPS,HOLD,1
INTC,2028-01-21,45.0,49.1,6148,6,74.38990454101561,511,88.23999786376953,🔭LEAPS,HOLD,1
OKLO,2026-12-18,100.0,0.88,1082,6,99.75586181640624,112,41.599998474121094,🚬菸屁股,HOLD,1
OKLO,2026-12-18,120.0,0.49,3637,6,105.32273901367186,112,41.599998474121094,🚬菸屁股,HOLD,1
VST,2026-09-18,240.0,0.01,1269,6,104.49266503906252,21,140.02999877929688,🚬菸屁股,HOLD,1
RKLB,2026-09-18,125.0,0.05,1341,6,104.68797656250001,21,66.18000030517578,🚬菸屁股,HOLD,1
RKLB,2026-09-18,135.0,0.04,2293,6,106.64109179687502,21,66.18000030517578,🆕低基期(前日Vol1) 🚬菸屁股,HOLD,1
RKLB,2026-10-16,135.0,0.23,1198,6,92.38288867187501,49,66.18000030517578,🚬菸屁股,HOLD,1
IONQ,2028-01-21,55.0,11.85,1333,6,87.09729699707032,511,40.029998779296875,🔭LEAPS,HOLD,1
IONQ,2028-01-21,80.0,8.0,1775,6,86.82874499511719,511,40.029998779296875,🔭LEAPS,HOLD,1
UPST,2028-01-21,35.0,9.9,1327,6,78.96749548339844,511,30.469999313354492,🔭LEAPS,HOLD,1
SOFI,2028-06-16,37.0,2.79,4544,6,64.81968774414062,658,18.84000015258789,🔭LEAPS,HOLD,1
DKNG,2026-09-18,45.0,0.08,6263,6,108.59420703125,21,24.780000686645508,🚬菸屁股,HOLD,1
DKNG,2026-12-18,38.0,0.45,1118,6,54.78560839843751,112,24.780000686645508,🚬菸屁股,HOLD,1
DKNG,2027-01-15,70.0,0.02,3800,6,73.437765625,140,24.780000686645508,🚬菸屁股,HOLD,1
DKNG,2028-01-21,40.0,2.9,4147,6,57.44671459960937,511,24.780000686645508,🔭LEAPS,HOLD,1
IREN,2026-09-18,100.0,0.08,4902,6,149.21900390624998,21,39.58000183105469,🚬菸屁股,HOLD,1
PATH,2028-01-21,37.0,2.03,5796,6,72.7541787109375,511,16.760000228881836,🔭LEAPS,HOLD,1
HOOD,2028-01-21,250.0,11.35,2422,6,72.61990270996093,511,108.54000091552734,🔭LEAPS,HOLD,1
TDOC,2027-01-15,12.5,0.16,5107,6,79.687703125,140,6.329999923706055,🚬菸屁股,HOLD,1
NTLA,2028-01-21,15.0,5.2,2293,6,98.68165380859377,511,13.1899995803833,🔭LEAPS,HOLD,1
HIMS,2026-12-18,60.0,0.99,1970,6,92.33406103515625,112,29.829999923706055,🚬菸屁股,HOLD,1
KTOS,2026-11-20,85.0,0.97,3610,6,73.19362744140624,84,52.93000030517578,🚬菸屁股,HOLD,1
LUNR,2026-09-18,35.0,0.03,1281,6,148.4377578125,21,16.110000610351562,🚬菸屁股,HOLD,1
JOBY,2028-01-21,30.0,0.48,4781,6,97.21682470703125,511,7.139999866485596,🔭LEAPS,HOLD,1
ACHR,2026-09-18,10.0,0.01,4472,6,103.12548437500001,21,5.900000095367432,🚬菸屁股,HOLD,1
SMR,2027-01-15,37.0,0.1,1006,6,113.67230664062502,140,9.270000457763672,🚬菸屁股,HOLD,1
NNE,2026-10-16,40.0,0.09,1214,6,94.92192578125,49,18.5,🆕低基期(前日Vol2) 🚬菸屁股,HOLD,1
VRT,2026-09-18,350.0,0.5,2070,6,60.644924804687506,21,263.80999755859375,🚬菸屁股,HOLD,1
VRT,2026-09-18,380.0,0.11,1099,6,58.6918193359375,21,263.80999755859375,🚬菸屁股,HOLD,1
CRWV,2026-10-16,200.0,0.12,3089,6,93.0664755859375,49,88.01000213623047,🚬菸屁股,HOLD,1
WMT,2028-01-21,135.0,6.0,827,6,32.45306805419921,511,104.33999633789062,🔭LEAPS,HOLD,1
META,2026-12-18,1400.0,0.21,2514,6,58.154715332031245,112,576.1400146484375,🚬菸屁股,HOLD,1
AMZN,2026-09-18,380.0,0.02,3912,6,51.562984375,21,260.2799987792969,🚬菸屁股,HOLD,1
MU,2026-09-18,1440.0,0.83,759,6,73.68190380859374,21,938.4000244140625,🚬菸屁股,HOLD,1
MU,2026-09-18,1600.0,0.33,2405,6,80.32246240234375,21,938.4000244140625,🚬菸屁股,HOLD,1
BA,2026-09-18,290.0,0.04,1650,6,52.734847656250004,21,212.08999633789062,🚬菸屁股,HOLD,1
BA,2026-12-18,300.0,0.7,14598,6,36.74379663085938,112,212.08999633789062,🚬菸屁股,HOLD,1
BA,2028-01-21,330.0,10.05,1587,6,39.52392019653321,511,212.08999633789062,🔭LEAPS,HOLD,1
SMCI,2028-01-21,70.0,8.2,2170,5,84.11881115722657,511,37.38999938964844,🔭LEAPS,HOLD,1
OKLO,2026-12-18,125.0,0.52,2271,5,106.54343603515626,112,41.599998474121094,🚬菸屁股,HOLD,1
OKLO,2026-12-18,165.0,0.3,3472,5,117.77384863281249,112,41.599998474121094,🚬菸屁股,HOLD,1
OKLO,2027-01-15,110.0,0.95,3182,5,99.95117236328124,140,41.599998474121094,🚬菸屁股,HOLD,1
OKLO,2028-01-21,85.0,8.8,1235,5,91.82137084960938,511,41.599998474121094,🔭LEAPS,HOLD,1
ASTS,2026-10-16,175.0,0.21,2424,5,124.60975195312498,49,59.880001068115234,🚬菸屁股,HOLD,1
ASTS,2026-11-20,140.0,0.8,1607,5,105.71336206054687,84,59.880001068115234,🚬菸屁股,HOLD,1
IONQ,2026-12-18,140.0,0.51,918,5,103.12548437500001,112,40.029998779296875,🚬菸屁股,HOLD,1
DKNG,2026-12-18,70.0,0.14,6411,5,82.61736132812499,112,24.780000686645508,🚬菸屁股,HOLD,1
DKNG,2027-01-15,55.0,0.08,6919,5,59.96133789062501,140,24.780000686645508,🚬菸屁股,HOLD,1
DKNG,2027-01-15,60.0,0.06,8926,5,67.18782812500001,140,24.780000686645508,🚬菸屁股,HOLD,1
DKNG,2028-01-21,20.0,10.25,1672,5,68.97003686523439,511,24.780000686645508,🔭LEAPS,HOLD,1
PATH,2028-01-21,22.0,4.29,3194,5,76.00121655273439,511,16.760000228881836,🆕低基期(前日Vol2) 🔭LEAPS,HOLD,1
HOOD,2026-09-18,280.0,0.01,1021,5,125.00037499999999,21,108.54000091552734,🚬菸屁股,HOLD,1
HOOD,2028-01-21,260.0,11.9,1422,5,71.3992117919922,511,108.54000091552734,🔭LEAPS,HOLD,1
XYZ,2027-01-15,135.0,0.55,1100,5,47.31497998046875,140,83.0999984741211,🚬菸屁股,HOLD,1
NTLA,2028-01-21,12.5,5.7,1041,5,106.20164086914063,511,13.1899995803833,🔭LEAPS,HOLD,1
PACB,2027-01-15,3.0,0.11,2481,5,100.0005,140,1.559999942779541,🚬菸屁股,HOLD,1
HIMS,2026-12-18,105.0,0.2,1393,5,108.00827246093752,112,29.829999923706055,🚬菸屁股,HOLD,1
HIMS,2027-01-15,100.0,0.33,10496,5,100.87940185546876,140,29.829999923706055,🚬菸屁股,HOLD,1
ONDS,2026-11-20,14.0,0.26,898,5,96.0937890625,84,8.220000267028809,🚬菸屁股,HOLD,1
ONDS,2028-01-21,3.0,5.7,3395,5,114.0629296875,511,8.220000267028809,🔭LEAPS,HOLD,1
JOBY,2026-10-16,14.0,0.04,1841,5,100.78174609374999,49,7.139999866485596,🚬菸屁股,HOLD,1
JOBY,2027-01-15,12.0,0.34,7857,5,80.07832421875,140,7.139999866485596,🚬菸屁股,HOLD,1
JOBY,2028-01-21,25.0,0.63,3642,5,89.20909228515625,511,7.139999866485596,🔭LEAPS,HOLD,1
ACHR,2028-01-21,22.0,0.61,1206,5,95.41020214843749,511,5.900000095367432,🆕低基期(前日Vol1) 🔭LEAPS,HOLD,1
SMR,2028-01-21,40.0,1.2,1127,5,101.07471337890624,511,9.270000457763672,🔭LEAPS,HOLD,1
NNE,2026-10-16,26.0,0.55,4664,5,87.5977802734375,49,18.5,🚬菸屁股,HOLD,1
NNE,2027-01-15,65.0,0.2,1266,5,102.63720556640625,140,18.5,🚬菸屁股,HOLD,1
NNE,2027-01-15,90.0,0.09,2773,5,116.79729101562502,140,18.5,🚬菸屁股,HOLD,1
PCG,2026-12-18,24.0,0.25,28286,5,46.87553125,112,18.219999313354492,🚬菸屁股,HOLD,1
PCG,2028-01-21,27.0,0.8,914,5,37.451797363281244,511,18.219999313354492,🔭LEAPS,HOLD,1
META,2026-09-18,1410.0,0.01,1901,5,108.984830078125,21,576.1400146484375,🚬菸屁股,HOLD,1
META,2026-12-18,1200.0,0.45,921,5,52.83250292968751,112,576.1400146484375,🚬菸屁股,HOLD,1
BA,2026-09-18,275.0,0.03,2030,5,47.070841796875,21,212.08999633789062,🚬菸屁股,HOLD,1
AAPL,2026-09-18,530.0,0.01,9426,4,60.937890625000016,21,313.45001220703125,🚬菸屁股,HOLD,1
IBIT,2028-01-21,55.0,7.6,5414,4,53.0400203857422,511,44.459999084472656,🔭LEAPS,HOLD,1
IBIT,2028-06-16,90.0,4.25,16361,4,56.4579549560547,658,44.459999084472656,🔭LEAPS,HOLD,1
INTC,2026-10-16,170.0,0.14,7518,4,79.0041162109375,49,88.23999786376953,🚬菸屁股,HOLD,1
INTC,2026-11-20,180.0,0.53,7568,4,79.1994267578125,84,88.23999786376953,🚬菸屁股,HOLD,1
INTC,2028-01-21,65.0,38.25,7357,4,74.47535290527343,511,88.23999786376953,🔭LEAPS,HOLD,1
SMCI,2026-11-20,75.0,0.6,1475,4,91.01571484374999,84,37.38999938964844,🚬菸屁股,HOLD,1
RKLB,2028-01-21,180.0,7.5,1017,4,80.87177331542968,511,66.18000030517578,🔭LEAPS,HOLD,1
RKLB,2028-01-21,195.0,7.25,1919,4,81.9764985961914,511,66.18000030517578,🔭LEAPS,HOLD,1
ASTS,2026-09-18,140.0,0.04,8361,4,135.93782031249998,21,59.880001068115234,🚬菸屁股,HOLD,1
IONQ,2026-09-18,85.0,0.04,1363,4,129.297228515625,21,40.029998779296875,🚬菸屁股,HOLD,1
UPST,2027-01-15,90.0,0.18,1382,4,77.73459765625,140,30.469999313354492,🚬菸屁股,HOLD,1
SOFI,2026-11-20,34.0,0.12,756,4,67.773759765625,84,18.84000015258789,🚬菸屁股,HOLD,1
SOFI,2027-01-15,42.0,0.13,6322,4,69.43389941406251,140,18.84000015258789,🚬菸屁股,HOLD,1
SOFI,2028-01-21,42.0,1.59,8974,4,64.11168701171876,511,18.84000015258789,🔭LEAPS,HOLD,1
SOFI,2028-06-16,13.0,9.4,3502,4,67.62727685546876,658,18.84000015258789,🔭LEAPS,HOLD,1
DKNG,2026-11-20,35.0,0.45,1317,4,55.56685058593751,84,24.780000686645508,🚬菸屁股,HOLD,1
DKNG,2027-01-15,80.0,0.03,1013,4,75.00025000000001,140,24.780000686645508,🚬菸屁股,HOLD,1
NBIS,2026-09-18,410.0,0.26,4283,4,116.01604492187501,21,213.92999267578125,🚬菸屁股,HOLD,1
HIMS,2027-01-15,85.0,0.6,2585,4,93.89654541015625,140,29.829999923706055,🚬菸屁股,HOLD,1
JOBY,2027-01-15,32.0,0.07,1048,4,127.73473632812498,140,7.139999866485596,🚬菸屁股,HOLD,1
ACHR,2026-10-16,13.0,0.04,3579,4,103.12548437500001,49,5.900000095367432,🚬菸屁股,HOLD,1
ACHR,2027-01-15,20.0,0.08,25355,4,105.46922265625001,140,5.900000095367432,🚬菸屁股,HOLD,1
SMR,2027-01-15,40.0,0.12,7448,4,118.35978320312499,140,9.270000457763672,🚬菸屁股,HOLD,1
NNE,2026-10-16,28.0,0.5,940,4,90.039162109375,49,18.5,🚬菸屁股,HOLD,1
NNE,2027-01-15,42.0,0.85,849,4,94.6289599609375,140,18.5,🚬菸屁股,HOLD,1
VRT,2026-09-18,370.0,0.37,1330,4,65.43003320312502,21,263.80999755859375,🚬菸屁股,HOLD,1
CRWV,2026-09-18,155.0,0.08,2044,4,94.14068359375,21,88.01000213623047,🚬菸屁股,HOLD,1
CRWV,2026-09-18,250.0,0.01,1114,4,146.09401953124998,21,88.01000213623047,🚬菸屁股,HOLD,1
CRWV,2027-01-15,250.0,0.82,2625,4,88.35460864257811,140,88.01000213623047,🚬菸屁股,HOLD,1
WMT,2027-01-15,165.0,0.13,3522,4,35.40103662109374,140,104.33999633789062,🚬菸屁股,HOLD,1
PCG,2026-09-18,26.0,0.05,5073,4,86.32826171875,21,18.219999313354492,🚬菸屁股,HOLD,1
PCG,2028-01-21,17.0,3.74,1137,4,39.429316650390625,511,18.219999313354492,🔭LEAPS,HOLD,1
META,2026-09-18,1090.0,0.17,1880,4,85.937640625,21,576.1400146484375,🚬菸屁股,HOLD,1
META,2026-10-16,810.0,0.86,2721,4,44.38532177734375,49,576.1400146484375,🚬菸屁股,HOLD,1
AMZN,2027-01-15,400.0,0.8,1161,4,36.2311064453125,140,260.2799987792969,🚬菸屁股,HOLD,1
TSLA,2026-09-18,980.0,0.01,6794,3,126.56286718749999,21,345.82000732421875,🚬菸屁股,HOLD,1
TSLA,2028-01-21,850.0,13.25,5983,3,54.73372903442384,511,345.82000732421875,🆕低基期(前日Vol1) 🔭LEAPS,HOLD,1
TSLA,2028-01-21,940.0,10.25,5031,3,55.6141523590088,511,345.82000732421875,🔭LEAPS,HOLD,1
INTC,2026-10-16,210.0,0.05,7491,3,85.937640625,49,88.23999786376953,🚬菸屁股,HOLD,1
INTC,2028-01-21,40.0,53.5,8256,3,78.40597766113282,511,88.23999786376953,🆕低基期(前日Vol1) 🔭LEAPS,HOLD,1
SMCI,2026-09-18,95.0,0.05,1061,3,132.81283593749998,21,37.38999938964844,🚬菸屁股,HOLD,1
SMCI,2027-01-15,100.0,0.55,4947,3,90.1368173828125,140,37.38999938964844,🚬菸屁股,HOLD,1
OKLO,2026-10-16,130.0,0.05,2993,3,143.75028125,49,41.599998474121094,🚬菸屁股,HOLD,1
OKLO,2026-12-18,160.0,0.33,927,3,121.48476757812499,112,41.599998474121094,🚬菸屁股,HOLD,1
OKLO,2027-01-15,190.0,0.24,753,3,113.96527392578126,140,41.599998474121094,🚬菸屁股,HOLD,1
OKLO,2028-01-21,75.0,10.0,841,3,90.99130102539061,511,41.599998474121094,🔭LEAPS,HOLD,1
OKLO,2028-01-21,80.0,9.6,928,3,91.43074975585938,511,41.599998474121094,🔭LEAPS,HOLD,1
VST,2026-09-18,185.0,0.2,1516,3,61.18202880859377,21,140.02999877929688,🚬菸屁股,HOLD,1
VST,2026-12-18,250.0,0.49,1095,3,53.27195166015625,112,140.02999877929688,🚬菸屁股,HOLD,1
RKLB,2026-12-18,185.0,0.46,1628,3,90.67392138671875,112,66.18000030517578,🚬菸屁股,HOLD,1
RKLB,2026-12-18,195.0,0.42,1000,3,91.211025390625,112,66.18000030517578,🚬菸屁股,HOLD,1
RKLB,2028-01-21,140.0,11.09,2935,3,80.71918695068359,511,66.18000030517578,🔭LEAPS,HOLD,1
ASTS,2026-11-20,150.0,0.65,5135,3,103.22314013671878,84,59.880001068115234,🚬菸屁股,HOLD,1
ASTS,2026-11-20,175.0,0.38,1577,3,107.51999365234377,84,59.880001068115234,🚬菸屁股,HOLD,1
ASTS,2028-01-21,140.0,11.3,1601,3,91.96785375976562,511,59.880001068115234,🔭LEAPS,HOLD,1
ASTS,2028-01-21,160.0,10.86,1120,3,91.62606030273439,511,59.880001068115234,🔭LEAPS,HOLD,1
IONQ,2026-10-16,85.0,0.21,2380,3,105.17625537109376,49,40.029998779296875,🚬菸屁股,HOLD,1
IONQ,2026-12-18,85.0,0.92,968,3,91.65047412109377,112,40.029998779296875,🚬菸屁股,HOLD,1
IONQ,2028-01-21,75.0,8.75,887,3,90.16733465576172,511,40.029998779296875,🔭LEAPS,HOLD,1
UPST,2026-09-18,42.5,0.09,2781,3,75.00025000000001,21,30.469999313354492,🚬菸屁股,HOLD,1
UPST,2026-12-18,50.0,0.94,1062,3,73.34011035156249,112,30.469999313354492,🚬菸屁股,HOLD,1
UPST,2027-01-15,100.0,0.1,6034,3,85.54701953125,140,30.469999313354492,🚬菸屁股,HOLD,1
DKNG,2026-09-18,37.5,0.01,2877,3,60.937890625000016,21,24.780000686645508,🚬菸屁股,HOLD,1
DKNG,2027-01-15,35.0,0.75,13025,3,54.102021484375015,140,24.780000686645508,🚬菸屁股,HOLD,1
IREN,2026-09-18,95.0,0.2,1189,3,134.37532812499998,21,39.58000183105469,🚬菸屁股,HOLD,1
IREN,2026-12-18,120.0,0.54,4068,3,109.76607617187501,112,39.58000183105469,🚬菸屁股,HOLD,1
IREN,2026-12-18,135.0,0.43,813,3,113.8676181640625,112,39.58000183105469,🚬菸屁股,HOLD,1
IREN,2028-01-21,115.0,6.9,1900,3,95.76420251464843,511,39.58000183105469,🔭LEAPS,HOLD,1
U,2028-01-21,60.0,11.1,1009,3,67.7981735839844,511,44.380001068115234,🔭LEAPS,HOLD,1
PATH,2027-01-15,35.0,0.34,3049,3,77.53928710937501,140,16.760000228881836,🚬菸屁股,HOLD,1
TDOC,2027-01-15,9.0,0.31,1203,3,65.23472265625001,140,6.329999923706055,🚬菸屁股,HOLD,1
TDOC,2027-01-15,25.0,0.05,2929,3,110.15669921875002,140,6.329999923706055,🆕低基期(前日Vol1) 🚬菸屁股,HOLD,1
XYZ,2027-01-15,145.0,0.39,23419,3,48.804222900390634,140,83.0999984741211,🚬菸屁股,HOLD,1
HIMS,2026-12-18,65.0,0.86,797,3,91.1133701171875,112,29.829999923706055,🚬菸屁股,HOLD,1
HIMS,2027-01-15,80.0,0.55,4434,3,95.06840869140623,140,29.829999923706055,🚬菸屁股,HOLD,1
ONDS,2026-09-18,16.0,0.04,17193,3,123.43788281249999,21,8.220000267028809,🚬菸屁股,HOLD,1
LUNR,2028-01-21,40.0,4.1,3850,3,109.08248583984377,511,16.110000610351562,🔭LEAPS,HOLD,1
JOBY,2028-01-21,12.0,1.68,9153,3,85.35170898437501,511,7.139999866485596,🔭LEAPS,HOLD,1
ACHR,2027-01-15,13.0,0.17,4800,3,91.01571484374999,140,5.900000095367432,🚬菸屁股,HOLD,1
SMR,2026-11-20,17.0,0.34,1531,3,101.172369140625,84,9.270000457763672,🚬菸屁股,HOLD,1
APP,2026-09-18,900.0,0.11,1272,3,149.80493847656248,21,308.1099853515625,🚬菸屁股,HOLD,1
RDDT,2026-10-16,300.0,0.28,853,3,73.34011035156249,49,155.36000061035156,🚬菸屁股,HOLD,1
WMT,2027-01-15,175.0,0.14,833,3,42.407802490234374,140,104.33999633789062,🚬菸屁股,HOLD,1
WMT,2028-01-21,175.0,1.74,1299,3,32.92913751220703,511,104.33999633789062,🔭LEAPS,HOLD,1
WMT,2028-01-21,180.0,1.49,903,3,32.288274780273426,511,104.33999633789062,🔭LEAPS,HOLD,1
PCG,2026-12-18,20.0,0.89,18218,3,45.9966337890625,112,18.219999313354492,🚬菸屁股,HOLD,1
CRM,2026-12-18,350.0,0.77,1319,3,53.35740002441407,112,205.6199951171875,🆕低基期(前日Vol1) 🚬菸屁股,HOLD,1
META,2026-10-16,825.0,0.74,4658,3,45.19097778320313,49,576.1400146484375,🚬菸屁股,HOLD,1
META,2026-10-16,850.0,0.55,1564,3,46.582565429687506,49,576.1400146484375,🚬菸屁股,HOLD,1
META,2027-01-15,1200.0,0.74,1657,3,50.0005,140,576.1400146484375,🚬菸屁股,HOLD,1
META,2027-01-15,1400.0,0.4,1709,3,53.54050366210939,140,576.1400146484375,🚬菸屁股,HOLD,1
MU,2026-09-18,1990.0,0.11,794,3,106.6899196777344,21,938.4000244140625,🚬菸屁股,HOLD,1
BA,2026-11-20,280.0,0.55,3700,3,35.44986425781249,84,212.08999633789062,🚬菸屁股,HOLD,1
TSLA,2026-12-18,950.0,0.43,6107,2,71.63114306640624,112,345.82000732421875,🚬菸屁股,HOLD,1
TSLA,2028-01-21,800.0,14.95,7721,2,54.38430625915527,511,345.82000732421875,🔭LEAPS,HOLD,1
NVDA,2026-09-18,410.0,0.02,5667,2,82.81267187499999,21,209.66000366210938,🚬菸屁股,HOLD,1
SMCI,2026-12-18,106.0,0.36,2332,2,93.7500625,112,37.38999938964844,🚬菸屁股,HOLD,1
SMCI,2027-01-15,90.0,0.89,27778,2,87.74426318359374,140,37.38999938964844,🚬菸屁股,HOLD,1
SMCI,2028-01-21,85.0,7.15,15622,2,85.4615711669922,511,37.38999938964844,🔭LEAPS,HOLD,1
OKLO,2026-11-20,105.0,0.45,955,2,103.02782861328126,84,41.599998474121094,🚬菸屁股,HOLD,1
OKLO,2026-11-20,165.0,0.2,1142,2,129.49254003906248,84,41.599998474121094,🚬菸屁股,HOLD,1
OKLO,2027-01-15,260.0,0.17,5247,2,118.55509472656249,140,41.599998474121094,🚬菸屁股,HOLD,1
OKLO,2028-01-21,65.0,11.45,1773,2,90.7959904785156,511,41.599998474121094,🔭LEAPS,HOLD,1
VST,2026-09-18,235.0,0.06,829,2,101.172369140625,21,140.02999877929688,🚬菸屁股,HOLD,1
VST,2026-10-16,190.0,0.7,753,2,50.70850073242188,49,140.02999877929688,🚬菸屁股,HOLD,1
VST,2026-10-16,250.0,0.12,1579,2,81.05487695312499,49,140.02999877929688,🚬菸屁股,HOLD,1
VST,2026-12-18,280.0,0.31,883,2,54.78560839843751,112,140.02999877929688,🚬菸屁股,HOLD,1
VST,2027-01-15,250.0,0.95,2736,2,51.88036401367187,140,140.02999877929688,🚬菸屁股,HOLD,1
VST,2027-01-15,255.0,0.79,867,2,52.10008837890624,140,140.02999877929688,🚬菸屁股,HOLD,1
RKLB,2026-09-18,155.0,0.04,1471,2,124.21912890624998,21,66.18000030517578,🚬菸屁股,HOLD,1
RKLB,2027-01-15,195.0,0.62,1140,2,87.64660791015625,140,66.18000030517578,🚬菸屁股,HOLD,1
RKLB,2028-01-21,190.0,7.15,1008,2,81.27460131835937,511,66.18000030517578,🔭LEAPS,HOLD,1
IONQ,2026-09-18,90.0,0.01,2078,2,141.01591992187502,21,40.029998779296875,🚬菸屁股,HOLD,1
IONQ,2027-01-15,100.0,0.84,3456,2,91.94343994140624,140,40.029998779296875,🚬菸屁股,HOLD,1
IONQ,2027-01-15,105.0,0.77,2566,2,92.0899228515625,140,40.029998779296875,🚬菸屁股,HOLD,1
UPST,2026-09-18,45.0,0.05,3601,2,78.51583984375,21,30.469999313354492,🚬菸屁股,HOLD,1
UPST,2026-09-18,52.5,0.08,1346,2,97.6562734375,21,30.469999313354492,🚬菸屁股,HOLD,1
UPST,2027-01-15,135.0,0.06,6748,2,93.35944140625,140,30.469999313354492,🚬菸屁股,HOLD,1
UPST,2028-01-21,45.0,7.05,785,2,76.22094091796876,511,30.469999313354492,🔭LEAPS,HOLD,1
SOFI,2026-09-18,28.0,0.03,4066,2,75.7814921875,21,18.84000015258789,🚬菸屁股,HOLD,1
SOFI,2026-09-18,29.0,0.03,3223,2,76.562734375,21,18.84000015258789,🚬菸屁股,HOLD,1
SOFI,2026-09-18,40.0,0.01,24949,2,112.5004375,21,18.84000015258789,🚬菸屁股,HOLD,1
SOFI,2026-12-18,40.0,0.08,13171,2,68.35969140625001,112,18.84000015258789,🚬菸屁股,HOLD,1
SOFI,2028-01-21,8.0,11.95,1647,2,83.54508642578124,511,18.84000015258789,🔭LEAPS,HOLD,1
SOFI,2028-06-16,32.0,3.55,12683,2,64.9417568359375,658,18.84000015258789,🔭LEAPS,HOLD,1
DKNG,2026-09-18,40.0,0.01,10271,2,68.7503125,21,24.780000686645508,🚬菸屁股,HOLD,1
DKNG,2026-09-18,47.5,0.01,915,2,143.359658203125,21,24.780000686645508,🚬菸屁股,HOLD,1
DKNG,2026-12-18,60.0,0.02,1047,2,80.664255859375,112,24.780000686645508,🚬菸屁股,HOLD,1
DKNG,2028-01-21,42.5,2.96,1679,2,58.25237060546875,511,24.780000686645508,🔭LEAPS,HOLD,1
DKNG,2028-01-21,65.0,0.81,4717,2,55.98188549804688,511,24.780000686645508,🔭LEAPS,HOLD,1
IREN,2026-12-18,110.0,0.71,3866,2,107.71530517578127,112,39.58000183105469,🚬菸屁股,HOLD,1
IREN,2028-01-21,90.0,8.94,9845,2,97.02761761474608,511,39.58000183105469,🔭LEAPS,HOLD,1
PATH,2027-01-15,37.0,0.23,4905,2,77.8322529296875,140,16.760000228881836,🚬菸屁股,HOLD,1
HOOD,2026-10-16,230.0,0.12,3208,2,82.226740234375,49,108.54000091552734,🚬菸屁股,HOLD,1
HOOD,2026-12-18,280.0,0.4,1138,2,79.687703125,112,108.54000091552734,🚬菸屁股,HOLD,1
TDOC,2028-01-21,17.0,0.52,1190,2,73.29128271484375,511,6.329999923706055,🔭LEAPS,HOLD,1
ZM,2026-09-18,150.0,0.2,1633,2,107.32468212890626,21,93.83000183105469,🚬菸屁股,HOLD,1
ZM,2027-01-15,165.0,0.45,1850,2,50.41553491210937,140,93.83000183105469,🚬菸屁股,HOLD,1
XYZ,2026-12-18,145.0,0.2,1401,2,50.19581054687501,112,83.0999984741211,🚬菸屁股,HOLD,1
XYZ,2028-01-21,110.0,10.17,1946,2,50.61694891357422,511,83.0999984741211,🔭LEAPS,HOLD,1
CRSP,2028-01-21,110.0,7.87,758,2,65.90610266113282,511,59.22999954223633,🔭LEAPS,HOLD,1
PACB,2027-01-15,1.5,0.4,8603,2,84.76577734374999,140,1.559999942779541,🚬菸屁股,HOLD,1
PACB,2027-01-15,4.0,0.05,2007,2,103.12548437500001,140,1.559999942779541,🚬菸屁股,HOLD,1
HIMS,2026-11-20,50.0,0.94,1525,2,90.23447265624999,84,29.829999923706055,🚬菸屁股,HOLD,1
HIMS,2026-12-18,90.0,0.41,1024,2,102.44189404296877,112,29.829999923706055,🚬菸屁股,HOLD,1
HIMS,2026-12-18,95.0,0.26,854,2,105.2739111328125,112,29.829999923706055,🚬菸屁股,HOLD,1
HIMS,2026-12-18,100.0,0.27,3316,2,107.81296093750001,112,29.829999923706055,🚬菸屁股,HOLD,1
HIMS,2027-01-15,65.0,0.89,1458,2,90.72274902343749,140,29.829999923706055,🚬菸屁股,HOLD,1
HIMS,2028-01-21,75.0,4.35,1585,2,87.21936608886718,511,29.829999923706055,🔭LEAPS,HOLD,1
ONDS,2028-01-21,27.0,1.2,12406,2,96.77737597656251,511,8.220000267028809,🔭LEAPS,HOLD,1
LUNR,2027-01-15,55.0,0.38,1953,2,112.98871630859378,140,16.110000610351562,🚬菸屁股,HOLD,1
JOBY,2027-01-15,14.0,0.22,2933,2,80.07832421875,140,7.139999866485596,🚬菸屁股,HOLD,1
JOBY,2027-01-15,17.0,0.11,6271,2,86.914193359375,140,7.139999866485596,🚬菸屁股,HOLD,1
JOBY,2027-01-15,40.0,0.03,5332,2,112.5004375,140,7.139999866485596,🚬菸屁股,HOLD,1
ACHR,2027-01-15,17.0,0.12,9749,2,96.87503124999999,140,5.900000095367432,🚬菸屁股,HOLD,1
ACHR,2028-01-21,25.0,0.5,1650,2,94.5313046875,511,5.900000095367432,🔭LEAPS,HOLD,1
SMR,2026-11-20,19.0,0.25,947,2,102.34423828125001,84,9.270000457763672,🚬菸屁股,HOLD,1
SMR,2027-01-15,60.0,0.07,917,2,127.34411328124997,140,9.270000457763672,🚬菸屁股,HOLD,1
SMR,2027-01-15,65.0,0.06,842,2,134.37532812499998,140,9.270000457763672,🚬菸屁股,HOLD,1
CRWV,2026-09-18,165.0,0.05,1726,2,99.2187578125,21,88.01000213623047,🚬菸屁股,HOLD,1
APP,2026-09-18,520.0,0.1,1296,2,95.80082324218748,21,308.1099853515625,🚬菸屁股,HOLD,1
RDDT,2026-09-18,260.0,0.07,2185,2,83.98453515624999,21,155.36000061035156,🚬菸屁股,HOLD,1
WMT,2026-10-16,135.0,0.09,1268,2,33.1061376953125,49,104.33999633789062,🚬菸屁股,HOLD,1
WMT,2027-01-15,170.0,0.11,6206,2,40.50352465820312,140,104.33999633789062,🚬菸屁股,HOLD,1
WMT,2028-01-21,115.0,11.5,1243,2,32.593447509765625,511,104.33999633789062,🔭LEAPS,HOLD,1
PCG,2027-01-15,30.0,0.01,1136,2,49.414568359375004,140,18.219999313354492,🚬菸屁股,HOLD,1
PCG,2028-01-21,10.0,8.35,1046,2,53.85788330078126,511,18.219999313354492,🔭LEAPS,HOLD,1
PCG,2028-01-21,13.0,6.0,782,2,47.43704907226562,511,18.219999313354492,🔭LEAPS,HOLD,1
PCG,2028-01-21,25.0,1.12,13128,2,39.795523925781254,511,18.219999313354492,🔭LEAPS,HOLD,1
CRM,2026-12-18,430.0,0.41,2235,2,60.30313134765627,112,205.6199951171875,🚬菸屁股,HOLD,1
CRM,2027-01-15,430.0,0.4,1006,2,54.05319384765627,140,205.6199951171875,🚬菸屁股,HOLD,1
CRWD,2026-09-18,300.0,0.05,2148,2,71.679970703125,21,189.17999267578125,🚬菸屁股,HOLD,1
META,2026-09-18,820.0,0.15,1099,2,54.19967675781252,21,576.1400146484375,🚬菸屁股,HOLD,1
META,2026-09-18,1100.0,0.02,2901,2,93.8477177734375,21,576.1400146484375,🚬菸屁股,HOLD,1
META,2026-12-18,1240.0,0.55,1840,2,53.613745117187506,112,576.1400146484375,🚬菸屁股,HOLD,1
META,2026-12-18,1430.0,0.18,979,2,57.812921875,112,576.1400146484375,🚬菸屁股,HOLD,1
AMZN,2026-10-16,370.0,0.07,4468,2,45.9966337890625,49,260.2799987792969,🚬菸屁股,HOLD,1
AMZN,2026-10-16,400.0,0.05,1886,2,41.211525390625,49,260.2799987792969,🚬菸屁股,HOLD,1
AMZN,2026-11-20,380.0,0.37,3514,2,37.32972827148438,84,260.2799987792969,🚬菸屁股,HOLD,1
BA,2026-09-18,320.0,0.22,872,2,62.890996093750005,21,212.08999633789062,🚬菸屁股,HOLD,1
BA,2026-09-18,340.0,0.07,1072,2,72.6565234375,21,212.08999633789062,🚬菸屁股,HOLD,1
BA,2027-01-15,320.0,0.66,2559,2,37.35414208984375,140,212.08999633789062,🚬菸屁股,HOLD,1
MSFT,2026-09-18,800.0,0.01,10368,1,54.68795312500001,21,496.3699951171875,🚬菸屁股,HOLD,1
MSTR,2027-01-15,550.0,0.4,6706,1,99.41406835937501,140,123.19000244140625,🚬菸屁股,HOLD,1
AAPL,2027-01-15,600.0,0.02,12046,1,35.059243164062494,140,313.45001220703125,🚬菸屁股,HOLD,1
IBIT,2026-09-18,70.0,0.03,21416,1,74.2190078125,21,44.459999084472656,🚬菸屁股,HOLD,1
IBIT,2026-10-16,80.0,0.06,5094,1,68.35969140625001,49,44.459999084472656,🚬菸屁股,HOLD,1
IBIT,2027-01-15,95.0,0.21,17571,1,59.86368261718751,140,44.459999084472656,🚬菸屁股,HOLD,1
IBIT,2027-01-15,135.0,0.07,12694,1,73.633076171875,140,44.459999084472656,🚬菸屁股,HOLD,1
IBIT,2028-01-21,62.0,5.89,5614,1,52.86912365722658,511,44.459999084472656,🔭LEAPS,HOLD,1
IBIT,2028-01-21,95.0,2.18,5972,1,53.674779663085936,511,44.459999084472656,🔭LEAPS,HOLD,1
IBIT,2028-01-21,96.0,2.47,10601,1,53.88229711914063,511,44.459999084472656,🔭LEAPS,HOLD,1
IBIT,2028-06-16,65.0,7.9,6502,1,56.116161499023434,658,44.459999084472656,🔭LEAPS,HOLD,1
INTC,2026-09-18,155.0,0.06,9449,1,89.062609375,21,88.23999786376953,🚬菸屁股,HOLD,1
SMCI,2026-09-18,100.0,0.02,3723,1,146.09401953124998,21,37.38999938964844,🚬菸屁股,HOLD,1
SMCI,2026-12-18,92.0,0.86,1278,1,93.2617861328125,112,37.38999938964844,🚬菸屁股,HOLD,1
SMCI,2026-12-18,110.0,0.34,2628,1,97.070341796875,112,37.38999938964844,🚬菸屁股,HOLD,1
SMCI,2028-01-21,55.0,10.35,852,1,85.69350244140624,511,37.38999938964844,🔭LEAPS,HOLD,1
OKLO,2026-10-16,110.0,0.2,811,1,116.01604492187501,49,41.599998474121094,🚬菸屁股,HOLD,1
OKLO,2026-11-20,115.0,0.47,860,1,113.47699511718751,84,41.599998474121094,🚬菸屁股,HOLD,1
OKLO,2027-01-15,130.0,0.7,1303,1,100.92822973632813,140,41.599998474121094,🚬菸屁股,HOLD,1
OKLO,2027-01-15,175.0,0.34,1305,1,112.69574902343751,140,41.599998474121094,🚬菸屁股,HOLD,1
OKLO,2027-01-15,250.0,0.4,1379,1,125.9769326171875,140,41.599998474121094,🚬菸屁股,HOLD,1
OKLO,2028-01-21,120.0,6.5,961,1,92.3950955810547,511,41.599998474121094,🔭LEAPS,HOLD,1
OKLO,2028-01-21,250.0,3.08,5567,1,98.96241271972657,511,41.599998474121094,🔭LEAPS,HOLD,1
VST,2026-09-18,210.0,0.02,9685,1,68.94562304687501,21,140.02999877929688,🚬菸屁股,HOLD,1
VST,2026-09-18,215.0,0.15,9113,1,76.95335546875,21,140.02999877929688,🚬菸屁股,HOLD,1
VST,2026-09-18,220.0,0.4,870,1,88.476677734375,21,140.02999877929688,🚬菸屁股,HOLD,1
VST,2026-09-18,250.0,0.16,7141,1,71.87528125,21,140.02999877929688,🚬菸屁股,HOLD,1
VST,2027-01-15,290.0,0.36,3345,1,52.393054199218746,140,140.02999877929688,🚬菸屁股,HOLD,1
VST,2028-01-21,320.0,5.95,784,1,55.24947094726562,511,140.02999877929688,🔭LEAPS,HOLD,1
RKLB,2027-01-15,175.0,0.85,1465,1,88.476677734375,140,66.18000030517578,🚬菸屁股,HOLD,1
RKLB,2027-01-15,185.0,0.77,1064,1,88.76964355468748,140,66.18000030517578,🚬菸屁股,HOLD,1
RKLB,2028-01-21,135.0,11.63,850,1,81.51263604736327,511,66.18000030517578,🔭LEAPS,HOLD,1
ASTS,2028-01-21,185.0,8.12,800,1,92.01057794189454,511,59.880001068115234,🔭LEAPS,HOLD,1
IONQ,2026-09-18,100.0,0.04,3162,1,143.75028125,21,40.029998779296875,🚬菸屁股,HOLD,1
IONQ,2026-11-20,140.0,0.12,1587,1,112.69574902343751,84,40.029998779296875,🚬菸屁股,HOLD,1
IONQ,2027-01-15,95.0,0.97,1492,1,94.38482177734375,140,40.029998779296875,🚬菸屁股,HOLD,1
UPST,2026-09-18,47.5,0.03,946,1,85.937640625,21,30.469999313354492,🚬菸屁股,HOLD,1
UPST,2026-09-18,57.5,0.07,1803,1,130.46909765624997,21,30.469999313354492,🚬菸屁股,HOLD,1
UPST,2026-09-18,70.0,0.05,988,1,129.6878515625,21,30.469999313354492,🚬菸屁股,HOLD,1
UPST,2027-01-15,62.5,0.7,809,1,76.367423828125,140,30.469999313354492,🚬菸屁股,HOLD,1
UPST,2027-01-15,65.0,0.54,774,1,77.0510107421875,140,30.469999313354492,🚬菸屁股,HOLD,1
UPST,2027-01-15,80.0,0.28,2092,1,82.71501660156248,140,30.469999313354492,🚬菸屁股,HOLD,1
UPST,2028-01-21,80.0,3.25,1154,1,79.71211694335938,511,30.469999313354492,🔭LEAPS,HOLD,1
SOFI,2026-09-18,45.0,0.01,7252,1,118.75040625,21,18.84000015258789,🚬菸屁股,HOLD,1
SOFI,2026-09-18,47.0,0.01,3394,1,134.37532812499998,21,18.84000015258789,🚬菸屁股,HOLD,1
SOFI,2026-12-18,29.0,0.41,1263,1,59.18009570312501,112,18.84000015258789,🚬菸屁股,HOLD,1
SOFI,2027-01-15,45.0,0.09,11342,1,67.96907031250001,140,18.84000015258789,🚬菸屁股,HOLD,1
DKNG,2026-09-18,50.0,0.05,3183,1,125.78162109374999,21,24.780000686645508,🚬菸屁股,HOLD,1
DKNG,2026-09-18,52.5,0.02,4524,1,115.625421875,21,24.780000686645508,🚬菸屁股,HOLD,1
DKNG,2026-09-18,60.0,0.05,2660,1,139.06280468749998,21,24.780000686645508,🚬菸屁股,HOLD,1
DKNG,2026-12-18,45.0,0.15,1636,1,58.496508789062496,112,24.780000686645508,🚬菸屁股,HOLD,1
DKNG,2026-12-18,50.0,0.05,1462,1,66.01596484375001,112,24.780000686645508,🚬菸屁股,HOLD,1
DKNG,2026-12-18,65.0,0.07,1810,1,93.55475195312499,112,24.780000686645508,🚬菸屁股,HOLD,1
DKNG,2027-01-15,37.0,0.59,1568,1,54.297332031250015,140,24.780000686645508,🚬菸屁股,HOLD,1
DKNG,2027-01-15,45.0,0.29,5559,1,55.078574218750006,140,24.780000686645508,🚬菸屁股,HOLD,1
DKNG,2027-01-15,50.0,0.17,15356,1,58.789474609375006,140,24.780000686645508,🚬菸屁股,HOLD,1
DKNG,2028-01-21,25.0,7.46,3955,1,62.18299536132813,511,24.780000686645508,🔭LEAPS,HOLD,1
DKNG,2028-01-21,32.5,4.7,2426,1,59.2045095214844,511,24.780000686645508,🔭LEAPS,HOLD,1
DKNG,2028-01-21,35.0,4.3,1990,1,58.22795678710937,511,24.780000686645508,🔭LEAPS,HOLD,1
DKNG,2028-01-21,60.0,0.87,4707,1,55.615678222656264,511,24.780000686645508,🔭LEAPS,HOLD,1
IREN,2026-11-20,130.0,0.3,1302,1,118.35978320312499,84,39.58000183105469,🚬菸屁股,HOLD,1
IREN,2026-12-18,105.0,0.95,978,1,105.76218994140625,112,39.58000183105469,🚬菸屁股,HOLD,1
IREN,2026-12-18,130.0,0.43,998,1,111.2797404785156,112,39.58000183105469,🚬菸屁股,HOLD,1
IREN,2027-01-15,130.0,0.65,1224,1,104.10204199218754,140,39.58000183105469,🚬菸屁股,HOLD,1
IREN,2028-01-21,95.0,9.84,1106,1,97.69289416503908,511,39.58000183105469,🔭LEAPS,HOLD,1
IREN,2028-06-16,110.0,10.7,6408,1,97.41213525390626,658,39.58000183105469,🔭LEAPS,HOLD,1
U,2027-01-15,75.0,0.9,3159,1,62.646857910156264,140,44.380001068115234,🚬菸屁股,HOLD,1
ROKU,2027-01-15,200.0,0.25,1083,1,22.38847143554687,140,158.60000610351562,🚬菸屁股,HOLD,1
HOOD,2026-09-18,175.0,0.14,1068,1,81.64080859375,21,108.54000091552734,🚬菸屁股,HOLD,1
HOOD,2026-11-20,230.0,0.65,2196,1,80.37129003906249,84,108.54000091552734,🚬菸屁股,HOLD,1
HOOD,2028-01-21,280.0,10.09,3045,1,72.54055780029296,511,108.54000091552734,🔭LEAPS,HOLD,1
TDOC,2026-10-16,11.0,0.01,1221,1,79.687703125,49,6.329999923706055,🚬菸屁股,HOLD,1
TDOC,2027-01-15,10.0,0.24,10869,1,66.79720703125001,140,6.329999923706055,🚬菸屁股,HOLD,1
TDOC,2027-01-15,17.5,0.08,3366,1,96.48441015625,140,6.329999923706055,🚬菸屁股,HOLD,1
TDOC,2027-01-15,22.5,0.16,4406,1,121.09414453124998,140,6.329999923706055,🚬菸屁股,HOLD,1
TDOC,2028-01-21,10.0,1.05,2636,1,69.43389941406251,511,6.329999923706055,🔭LEAPS,HOLD,1
ZM,2028-01-21,135.0,10.2,843,1,51.770501831054695,511,93.83000183105469,🔭LEAPS,HOLD,1
XYZ,2026-12-18,135.0,0.36,836,1,49.36574072265626,112,83.0999984741211,🚬菸屁股,HOLD,1
XYZ,2027-01-15,130.0,0.78,1462,1,47.43704907226562,140,83.0999984741211,🚬菸屁股,HOLD,1
XYZ,2027-01-15,140.0,0.44,1304,1,48.04739453125,140,83.0999984741211,🚬菸屁股,HOLD,1
XYZ,2028-01-21,120.0,9.0,1437,1,50.09205181884766,511,83.0999984741211,🔭LEAPS,HOLD,1
OPEN,2026-09-18,8.0,0.01,10421,1,143.75028125,21,3.4100000858306885,🚬菸屁股,HOLD,1
OPEN,2026-11-20,12.0,0.05,7462,1,147.65651171875,84,3.4100000858306885,🚬菸屁股,HOLD,1
OPEN,2027-01-15,9.0,0.14,3282,1,105.85984570312502,140,3.4100000858306885,🚬菸屁股,HOLD,1
OPEN,2027-01-15,12.0,0.08,6231,1,110.15669921875002,140,3.4100000858306885,🚬菸屁股,HOLD,1
OPEN,2028-01-21,2.0,2.09,2516,1,107.81296093750001,511,3.4100000858306885,🔭LEAPS,HOLD,1
OPEN,2028-01-21,3.0,1.64,3320,1,102.53954980468751,511,3.4100000858306885,🔭LEAPS,HOLD,1
NTLA,2027-01-15,25.0,0.6,1892,1,83.98453515624999,140,13.1899995803833,🚬菸屁股,HOLD,1
NTLA,2027-01-15,30.0,0.25,1131,1,88.67198828125,140,13.1899995803833,🚬菸屁股,HOLD,1
HIMS,2026-12-18,80.0,0.3,3432,1,95.70316796875,112,29.829999923706055,🚬菸屁股,HOLD,1
HIMS,2027-01-15,70.0,0.84,3559,1,91.992267578125,140,29.829999923706055,🚬菸屁股,HOLD,1
HIMS,2027-01-15,75.0,0.63,3373,1,92.8711650390625,140,29.829999923706055,🚬菸屁股,HOLD,1
HIMS,2027-01-15,105.0,0.25,12507,1,104.10204199218754,140,29.829999923706055,🚬菸屁股,HOLD,1
HIMS,2028-01-21,35.0,10.7,2417,1,85.86439916992188,511,29.829999923706055,🔭LEAPS,HOLD,1
HIMS,2028-01-21,70.0,5.22,778,1,86.12074426269531,511,29.829999923706055,🔭LEAPS,HOLD,1
KTOS,2027-01-15,110.0,0.84,878,1,72.90066162109376,140,52.93000030517578,🚬菸屁股,HOLD,1
KTOS,2028-01-21,160.0,4.4,858,1,74.34107690429687,511,52.93000030517578,🔭LEAPS,HOLD,1
ONDS,2026-12-18,16.0,0.29,1118,1,94.33599414062499,112,8.220000267028809,🚬菸屁股,HOLD,1
ONDS,2026-12-18,17.0,0.24,1789,1,94.92192578125,112,8.220000267028809,🚬菸屁股,HOLD,1
ONDS,2027-01-15,16.0,0.38,1183,1,93.4570966796875,140,8.220000267028809,🚬菸屁股,HOLD,1
LUNR,2026-12-18,35.0,0.86,902,1,111.86567504882814,112,16.110000610351562,🚬菸屁股,HOLD,1
LUNR,2028-01-21,32.0,5.08,1257,1,108.76510461425784,511,16.110000610351562,🔭LEAPS,HOLD,1
JOBY,2026-10-16,15.0,0.02,1651,1,107.03171484375002,49,7.139999866485596,🚬菸屁股,HOLD,1
JOBY,2026-11-20,20.0,0.02,1770,1,100.0005,84,7.139999866485596,🚬菸屁股,HOLD,1
JOBY,2027-01-15,27.0,0.03,1490,1,103.12548437500001,140,7.139999866485596,🚬菸屁股,HOLD,1
JOBY,2027-01-15,30.0,0.04,8345,1,96.87503124999999,140,7.139999866485596,🚬菸屁股,HOLD,1
SMR,2027-01-15,47.0,0.08,1020,1,121.48476757812499,140,9.270000457763672,🚬菸屁股,HOLD,1
SMR,2028-01-21,3.0,7.47,1624,1,133.49642626953118,511,9.270000457763672,🔭LEAPS,HOLD,1
SMR,2028-01-21,80.0,0.58,798,1,104.29735351562503,511,9.270000457763672,🔭LEAPS,HOLD,1
NNE,2027-01-15,45.0,0.45,1484,1,89.74619628906248,140,18.5,🚬菸屁股,HOLD,1
NNE,2027-01-15,60.0,0.15,1726,1,93.35944140625,140,18.5,🚬菸屁股,HOLD,1
VRT,2026-09-18,460.0,0.04,837,1,99.9023447265625,21,263.80999755859375,🚬菸屁股,HOLD,1
CRWV,2026-09-18,190.0,0.12,6225,1,130.07847460937495,21,88.01000213623047,🚬菸屁股,HOLD,1
CRWV,2026-09-18,195.0,0.04,3941,1,117.1879140625,21,88.01000213623047,🚬菸屁股,HOLD,1
CRWV,2026-09-18,280.0,0.01,4754,1,148.4377578125,21,88.01000213623047,🚬菸屁股,HOLD,1
CRWV,2026-10-16,175.0,0.26,2878,1,90.52743847656251,49,88.01000213623047,🚬菸屁股,HOLD,1
CRWV,2026-10-16,195.0,0.24,7459,1,92.187578125,49,88.01000213623047,🚬菸屁股,HOLD,1
APP,2026-09-18,700.0,0.8,2176,1,126.56286718749999,21,308.1099853515625,🚬菸屁股,HOLD,1
RDDT,2026-09-18,240.0,0.46,2343,1,85.6446748046875,21,155.36000061035156,🚬菸屁股,HOLD,1
RDDT,2026-09-18,270.0,0.01,776,1,95.11723632812499,21,155.36000061035156,🚬菸屁股,HOLD,1
RDDT,2026-10-16,250.0,0.67,1192,1,68.555001953125,49,155.36000061035156,🚬菸屁股,HOLD,1
WMT,2026-09-18,195.0,0.02,9013,1,85.1563984375,21,104.33999633789062,🚬菸屁股,HOLD,1
WMT,2026-11-20,145.0,0.23,1515,1,39.795523925781254,84,104.33999633789062,🚬菸屁股,HOLD,1
WMT,2026-12-18,150.0,0.16,3146,1,35.547519531249996,112,104.33999633789062,🚬菸屁股,HOLD,1
WMT,2026-12-18,165.0,0.15,1487,1,43.21345849609375,112,104.33999633789062,🚬菸屁股,HOLD,1
WMT,2027-01-15,145.0,0.35,2930,1,32.788758056640624,140,104.33999633789062,🚬菸屁股,HOLD,1
WMT,2027-01-15,155.0,0.23,3412,1,35.30338134765625,140,104.33999633789062,🚬菸屁股,HOLD,1
WMT,2027-01-15,195.0,0.12,7946,1,48.68215380859375,140,104.33999633789062,🚬菸屁股,HOLD,1
WMT,2028-01-21,125.0,8.3,847,1,32.807068420410154,511,104.33999633789062,🔭LEAPS,HOLD,1
WMT,2028-01-21,145.0,4.38,1621,1,32.32489550781249,511,104.33999633789062,🔭LEAPS,HOLD,1
WMT,2028-01-21,170.0,2.06,1066,1,31.330032409667965,511,104.33999633789062,🔭LEAPS,HOLD,1
PCG,2026-10-16,23.0,0.18,5072,1,55.078574218750006,49,18.219999313354492,🚬菸屁股,HOLD,1
PCG,2027-01-15,27.0,0.14,3335,1,44.2388388671875,140,18.219999313354492,🚬菸屁股,HOLD,1
PCG,2028-01-21,15.0,4.87,1027,1,44.605046142578125,511,18.219999313354492,🔭LEAPS,HOLD,1
PCG,2028-01-21,30.0,0.55,2929,1,37.64710791015625,511,18.219999313354492,🔭LEAPS,HOLD,1
MNST,2026-09-18,55.0,0.05,1335,1,34.570966796875,21,47.810001373291016,🚬菸屁股,HOLD,1
MNST,2028-01-21,72.5,1.25,1537,1,31.50703259277343,511,47.810001373291016,🔭LEAPS,HOLD,1
CRM,2027-01-15,500.0,0.17,2137,1,56.34809277343751,140,205.6199951171875,🚬菸屁股,HOLD,1
CRM,2028-01-21,380.0,10.25,1980,1,48.657739990234376,511,205.6199951171875,🔭LEAPS,HOLD,1
META,2026-09-18,1030.0,0.03,840,1,72.26590234375,21,576.1400146484375,🚬菸屁股,HOLD,1
META,2026-09-18,1390.0,0.01,887,1,108.59420703125,21,576.1400146484375,🚬菸屁股,HOLD,1
META,2026-09-18,1440.0,0.01,3082,1,107.03171484375002,21,576.1400146484375,🚬菸屁股,HOLD,1
META,2026-09-18,1480.0,0.01,11307,1,100.0005,21,576.1400146484375,🚬菸屁股,HOLD,1
META,2026-10-16,830.0,0.64,6108,1,45.43511596679687,49,576.1400146484375,🚬菸屁股,HOLD,1
META,2026-10-16,840.0,0.49,851,1,46.045461425781255,49,576.1400146484375,🚬菸屁股,HOLD,1
META,2026-10-16,860.0,0.42,945,1,47.14408325195312,49,576.1400146484375,🚬菸屁股,HOLD,1
META,2026-11-20,1100.0,0.54,1208,1,53.662572753906254,84,576.1400146484375,🚬菸屁股,HOLD,1
META,2026-12-18,1100.0,0.72,1315,1,50.2080174560547,112,576.1400146484375,🚬菸屁股,HOLD,1
META,2026-12-18,1150.0,0.76,1688,1,51.562984375,112,576.1400146484375,🚬菸屁股,HOLD,1
META,2026-12-18,1300.0,0.32,9397,1,55.22505712890625,112,576.1400146484375,🚬菸屁股,HOLD,1
META,2027-01-15,1270.0,0.57,863,1,51.19677709960937,140,576.1400146484375,🚬菸屁股,HOLD,1
AMZN,2026-09-18,410.0,0.01,1264,1,54.68795312500001,21,260.2799987792969,🚬菸屁股,HOLD,1
AMZN,2026-11-20,370.0,0.54,3451,1,37.47621118164062,84,260.2799987792969,🚬菸屁股,HOLD,1
BA,2026-11-20,285.0,0.45,2136,1,36.08462353515625,84,212.08999633789062,🚬菸屁股,HOLD,1
BA,2026-12-18,290.0,0.85,3479,1,35.47427807617186,112,212.08999633789062,🚬菸屁股,HOLD,1
BA,2027-01-15,325.0,0.52,1640,1,37.171038452148444,140,212.08999633789062,🚬菸屁股,HOLD,1
BA,2028-01-21,335.0,12.0,1073,1,39.63073065185547,511,212.08999633789062,🔭LEAPS,HOLD,1
BA,2028-01-21,370.0,6.5,1062,1,39.17907501220703,511,212.08999633789062,🔭LEAPS,HOLD,1
IREN,2026-08-28,50.0,0.19,15795,9442,206.25048437499998,0,39.58000183105469,🎲末日結算 🆕新倉暴量 ⚠️IV頂峰 🚬菸屁股 ⚠️暴動高IV(206%),GAMBLE,-1
IREN,2026-08-28,45.0,0.62,8251,8351,194.53127734375002,0,39.58000183105469,🎲末日結算 🆕新倉暴量 ⚠️IV頂峰 🚬菸屁股 ⚠️暴動高IV(195%),GAMBLE,-1
IREN,2026-08-28,46.0,0.5,5094,3170,198.046884765625,0,39.58000183105469,🎲末日結算 🆕新倉暴量 ⚠️IV頂峰 🚬菸屁股 ⚠️暴動高IV(198%),GAMBLE,-1
NVDA,2026-08-28,300.0,0.01,9527,3091,165.625171875,0,209.66000366210938,🎲末日結算 🆕新倉暴量 ⚠️IV頂峰 🚬菸屁股 ⚠️暴動高IV(166%),GAMBLE,-1
IREN,2026-08-28,45.5,0.59,3693,2951,195.703146484375,0,39.58000183105469,🎲末日結算 🆕新倉暴量 ⚠️IV頂峰 🚬菸屁股 ⚠️暴動高IV(196%),GAMBLE,-1
IREN,2026-08-28,44.0,0.81,6322,1815,193.75003125,0,39.58000183105469,🎲末日結算 🆕新倉暴量 ⚠️IV頂峰 🚬菸屁股 ⚠️暴動高IV(194%),GAMBLE,-1
IREN,2026-08-28,48.0,0.31,6795,1566,201.56299609375,0,39.58000183105469,🎲末日結算 🆕新倉暴量 ⚠️IV頂峰 🚬菸屁股 ⚠️暴動高IV(202%),GAMBLE,-1
HIMS,2026-08-28,36.5,0.03,1723,1528,176.5626171875,0,29.829999923706055,🎲末日結算 🆕新倉暴量 ⚠️IV頂峰 🚬菸屁股 ⚠️暴動高IV(177%),GAMBLE,-1
IREN,2026-08-28,44.5,0.71,1372,757,195.89845800781248,0,39.58000183105469,🎲末日結算 🆕新倉暴量 ⚠️IV頂峰 🚬菸屁股 ⚠️暴動高IV(196%),GAMBLE,-1
NBIS,2026-08-28,290.0,0.02,1839,685,159.37520312499998,0,213.92999267578125,🎲末日結算 🆕新倉暴量 ⚠️IV頂峰 🚬菸屁股 ⚠️暴動高IV(159%),GAMBLE,-1
CRWD,2026-08-28,250.0,0.14,1048,642,173.828255859375,0,189.17999267578125,🎲末日結算 🆕新倉暴量 ⚠️IV頂峰 🚬菸屁股 ⚠️暴動高IV(174%),GAMBLE,-1
IREN,2026-08-28,46.5,0.41,1102,448,198.4375078125,0,39.58000183105469,🎲末日結算 🆕新倉暴量 ⚠️IV頂峰 🚬菸屁股 ⚠️暴動高IV(198%),GAMBLE,-1
IREN,2026-08-28,51.0,0.14,2056,413,207.03173242187498,0,39.58000183105469,🎲末日結算 🆕新倉暴量 ⚠️IV頂峰 🚬菸屁股 ⚠️暴動高IV(207%),GAMBLE,-1
