Stock,Expiry,Strike,Ask,OpenInterest,Volume,IV,DTE,Spot,Tags,Action,Score
AMZN,2026-08-21,315.0,0.99,5007,8822,34.43669079589844,17,284.0199890136719,🚨異常掃貨 🚀點火(13.3x) 🚬菸屁股,STRONG_BUY,9
SOFI,2026-08-21,19.5,0.32,1931,5598,50.586431640624994,17,18.030000686645508,🚨異常掃貨 🚀點火(13.5x) 🚬菸屁股,STRONG_BUY,9
SOFI,2026-08-21,18.5,0.63,2674,4648,51.758294921875006,17,18.030000686645508,🚨異常掃貨 🚀點火(4.0x) 🚬菸屁股,STRONG_BUY,9
JOBY,2026-10-16,10.0,0.42,1752,3046,85.35170898437501,73,7.380000114440918,🚨異常掃貨 🚀點火(8.0x) 🚬菸屁股,STRONG_BUY,9
NVDA,2026-08-07,210.0,2.35,47590,60556,39.3560751953125,3,206.63999938964844,🎲末日結算 🚨異常掃貨 🆕新倉暴量 🔥萬人塚,GAMBLE,8
ORCL,2026-08-21,170.0,1.64,13969,18567,70.94755615234375,17,141.85000610351562,🚨異常掃貨 🚀點火(21.8x),STRONG_BUY,8
SOFI,2026-08-21,20.0,0.22,47789,11280,50.586431640624994,17,18.030000686645508,🚀點火(7.6x) 🚬菸屁股 🔥萬人塚,BUY_WATCH,8
IBIT,2026-09-18,35.0,2.58,6555,10092,39.429316650390625,45,36.15999984741211,🚨異常掃貨 🆕新倉暴量,STRONG_BUY,8
AMZN,2026-09-18,310.0,4.79,5115,8456,33.64324169921875,45,284.0199890136719,🚨異常掃貨 🚀點火(6.5x),STRONG_BUY,8
SOFI,2026-09-18,22.0,0.29,147509,6833,52.83250292968751,45,18.030000686645508,🚀點火(3.2x) 🚬菸屁股 🔥萬人塚,BUY_WATCH,8
AMZN,2026-10-16,330.0,4.2,1463,6547,34.21391470336914,73,284.0199890136719,🚨異常掃貨 🆕新倉暴量,STRONG_BUY,8
SOFI,2027-01-15,30.0,0.48,69236,5579,61.914443359375014,164,18.030000686645508,🚀點火(2.7x) 🚬菸屁股 🔥萬人塚,BUY_WATCH,8
IBM,2026-09-18,270.0,2.37,2288,5490,43.4148724975586,45,226.30999755859375,🚨異常掃貨 🆕新倉暴量,STRONG_BUY,8
NVDA,2026-08-21,240.0,0.41,38203,4386,39.624627197265625,17,206.63999938964844,🚀點火(2.7x) 🚬菸屁股 🔥萬人塚,BUY_WATCH,8
AMZN,2026-09-18,340.0,1.2,2217,3722,34.15593188476562,45,284.0199890136719,🚨異常掃貨 🚀點火(>50x),STRONG_BUY,8
HOOD,2026-11-20,120.0,5.44,943,3094,71.05741833496093,108,90.33999633789062,🚨異常掃貨 🆕新倉暴量,STRONG_BUY,8
NVDA,2026-09-18,300.0,0.26,30147,2256,49.07277490234375,45,206.63999938964844,🚀點火(3.8x) 🚬菸屁股 🔥萬人塚,BUY_WATCH,8
DKNG,2026-08-21,30.0,0.12,48542,1141,71.87528125,17,23.5,🚀點火(3.9x) 🚬菸屁股 🔥萬人塚,BUY_WATCH,8
NVDA,2026-09-18,270.0,0.66,42024,973,43.87263159179688,45,206.63999938964844,🚀點火(13.0x) 🚬菸屁股 🔥萬人塚,BUY_WATCH,8
IBIT,2028-06-16,100.0,1.38,33571,970,51.74608801269531,682,36.15999984741211,🚀點火(10.9x) 🔭LEAPS 🔥萬人塚,BUY_WATCH,8
OPEN,2027-01-15,10.0,0.22,39702,715,106.25046875000001,164,3.940000057220459,🚀點火(9.8x) 🚬菸屁股 🔥萬人塚,BUY_WATCH,8
SOUN,2027-01-15,10.0,0.62,31822,651,95.11723632812499,164,6.099999904632568,🚀點火(3.9x) 🚬菸屁股 🔥萬人塚,BUY_WATCH,8
ONDS,2027-01-15,20.0,0.59,33943,501,112.59809326171877,164,8.369999885559082,🚀點火(12.2x) 🚬菸屁股 🔥萬人塚,BUY_WATCH,8
TSLA,2027-01-15,960.0,0.9,111635,216,70.0198310546875,164,322.0799865722656,🚀點火(2.7x) 🚬菸屁股 🔥萬人塚,BUY_WATCH,8
SOFI,2027-01-15,35.0,0.29,33851,179,63.67223828125,164,18.030000686645508,🚀點火(4.0x) 🚬菸屁股 🔥萬人塚,BUY_WATCH,8
ONDS,2027-01-15,30.0,0.28,81135,148,117.1879140625,164,8.369999885559082,🚀點火(6.4x) 🚬菸屁股 🔥萬人塚,BUY_WATCH,8
NVDA,2026-08-07,220.0,0.38,19744,38475,39.551385742187506,3,206.63999938964844,🎲末日結算 🚨異常掃貨 🆕新倉暴量 🚬菸屁股,GAMBLE,7
SOFI,2026-08-07,18.0,0.45,7051,37128,54.102021484375015,3,18.030000686645508,🎲末日結算 🚨異常掃貨 🆕新倉暴量 🚬菸屁股,GAMBLE,7
SOFI,2026-08-07,17.5,0.76,6021,32090,54.297332031250015,3,18.030000686645508,🎲末日結算 🚨異常掃貨 🆕新倉暴量 🚬菸屁股,GAMBLE,7
SOFI,2026-08-07,18.5,0.26,4116,28707,52.93015820312501,3,18.030000686645508,🎲末日結算 🚨異常掃貨 🆕新倉暴量 🚬菸屁股,GAMBLE,7
ORCL,2026-08-07,160.0,0.58,3532,26242,77.78342529296876,3,141.85000610351562,🎲末日結算 🚨異常掃貨 🆕新倉暴量 🚬菸屁股,GAMBLE,7
AMZN,2026-08-07,300.0,0.72,3542,25595,38.867798828125,3,284.0199890136719,🎲末日結算 🚨異常掃貨 🆕新倉暴量 🚬菸屁股,GAMBLE,7
SOFI,2026-08-07,19.0,0.13,4871,18630,52.734847656250004,3,18.030000686645508,🎲末日結算 🚨異常掃貨 🆕新倉暴量 🚬菸屁股,GAMBLE,7
TSLA,2026-08-07,350.0,0.8,5013,17390,51.95360546875,3,322.0799865722656,🎲末日結算 🚨異常掃貨 🆕新倉暴量 🚬菸屁股,GAMBLE,7
MSFT,2026-09-18,480.0,26.0,9951,12827,32.16010223388671,45,487.6499938964844,🚨異常掃貨 🆕新倉暴量 🏛️機構場,STRONG_BUY,7
AMZN,2026-08-07,305.0,0.36,804,12446,39.69786865234375,3,284.0199890136719,🎲末日結算 🚨異常掃貨 🆕新倉暴量 🚬菸屁股,GAMBLE,7
T,2026-08-07,23.5,0.39,2439,10788,34.8639326171875,3,23.59000015258789,🎲末日結算 🚨異常掃貨 🆕新倉暴量 🚬菸屁股,GAMBLE,7
PATH,2026-08-07,14.0,0.15,3570,10147,74.60962890625001,3,13.050000190734863,🎲末日結算 🚨異常掃貨 🆕新倉暴量 🚬菸屁股,GAMBLE,7
SOFI,2026-08-07,19.5,0.06,7995,9945,52.3442265625,3,18.030000686645508,🎲末日結算 🚨異常掃貨 🆕新倉暴量 🚬菸屁股,GAMBLE,7
HOOD,2026-08-07,100.0,0.45,4393,8197,72.7541787109375,3,90.33999633789062,🎲末日結算 🚨異常掃貨 🆕新倉暴量 🚬菸屁股,GAMBLE,7
T,2026-08-07,23.0,0.67,2130,3563,37.695935546875,3,23.59000015258789,🎲末日結算 🚨異常掃貨 🆕新倉暴量 🚬菸屁股,GAMBLE,7
ACHR,2026-08-21,5.5,0.19,1729,3365,93.35944140625,17,4.840000152587891,🚨異常掃貨 🚀點火(14.6x) 🚬菸屁股 ⚠️暴動高IV(93%),STRONG_BUY,7
T,2026-08-07,24.5,0.08,1502,2908,31.445998046874994,3,23.59000015258789,🎲末日結算 🚨異常掃貨 🆕新倉暴量 🚬菸屁股,GAMBLE,7
WMT,2026-08-07,112.0,0.85,1491,2521,27.149166015625,3,110.70999908447266,🎲末日結算 🚨異常掃貨 🆕新倉暴量 🚬菸屁股,GAMBLE,7
CRM,2026-08-07,200.0,0.6,1824,2287,50.7817421875,3,185.9499969482422,🎲末日結算 🚨異常掃貨 🆕新倉暴量 🚬菸屁股,GAMBLE,7
BA,2026-08-07,250.0,0.28,1503,2264,37.695935546875,3,233.49000549316406,🎲末日結算 🚨異常掃貨 🆕新倉暴量 🚬菸屁股,GAMBLE,7
WMT,2026-08-07,116.0,0.15,892,1272,29.492892578124994,3,110.70999908447266,🎲末日結算 🚨異常掃貨 🆕新倉暴量 🚬菸屁股,GAMBLE,7
BA,2026-08-07,245.0,0.69,819,1160,36.914693359375,3,233.49000549316406,🎲末日結算 🚨異常掃貨 🆕新倉暴量 🚬菸屁股,GAMBLE,7
CRWV,2026-09-18,110.0,5.55,8011,63362,105.39598083496094,45,85.76000213623047,🚨異常掃貨 🚀點火(38.4x) ⚠️暴動高IV(105%),STRONG_BUY,6
NVDA,2026-08-07,215.0,1.02,13029,43545,39.404902832031254,3,206.63999938964844,🎲末日結算 🚨異常掃貨 🆕新倉暴量,GAMBLE,6
NVDA,2026-08-07,205.0,4.65,29686,42893,40.332627929687504,3,206.63999938964844,🎲末日結算 🚨異常掃貨 🆕新倉暴量,GAMBLE,6
AMZN,2026-08-07,290.0,2.54,9002,37727,37.9889013671875,3,284.0199890136719,🎲末日結算 🚨異常掃貨 🆕新倉暴量,GAMBLE,6
ORCL,2026-08-07,150.0,1.93,4170,37594,72.6565234375,3,141.85000610351562,🎲末日結算 🚨異常掃貨 🆕新倉暴量,GAMBLE,6
AAPL,2026-08-07,320.0,0.46,13183,31499,33.44793115234375,3,303.4200134277344,🎲末日結算 🚨異常掃貨 🆕新倉暴量 🚬菸屁股 🏛️機構場,GAMBLE,6
CRWV,2026-09-18,115.0,4.7,8143,31413,104.29735351562503,45,85.76000213623047,🚨異常掃貨 🆕新倉暴量 ⚠️暴動高IV(104%),STRONG_BUY,6
ORCL,2026-08-07,140.0,5.55,8696,22262,69.77569287109377,3,141.85000610351562,🎲末日結算 🚨異常掃貨 🆕新倉暴量,GAMBLE,6
SOFI,2026-08-07,17.0,1.18,14497,21034,55.859816406250005,3,18.030000686645508,🎲末日結算 🚨異常掃貨 🆕新倉暴量,GAMBLE,6
TSLA,2026-08-07,320.0,8.3,5215,18006,48.45022253417969,3,322.0799865722656,🎲末日結算 🚨異常掃貨 🆕新倉暴量,GAMBLE,6
TSLA,2026-08-07,325.0,5.85,5268,16941,48.438015625000006,3,322.0799865722656,🎲末日結算 🚨異常掃貨 🆕新倉暴量,GAMBLE,6
NVDA,2026-08-07,212.5,1.56,9397,16400,39.111937011718744,3,206.63999938964844,🎲末日結算 🚨異常掃貨 🆕新倉暴量,GAMBLE,6
TSLA,2026-08-07,340.0,1.81,5770,15428,49.53663745117188,3,322.0799865722656,🎲末日結算 🚨異常掃貨 🆕新倉暴量,GAMBLE,6
AMZN,2026-08-07,295.0,1.42,2627,13320,38.9654541015625,3,284.0199890136719,🎲末日結算 🚨異常掃貨 🆕新倉暴量,GAMBLE,6
ORCL,2026-08-07,148.0,2.42,1266,12599,71.82645361328125,3,141.85000610351562,🎲末日結算 🚨異常掃貨 🆕新倉暴量,GAMBLE,6
AMZN,2026-08-07,285.0,4.45,6595,12279,40.84531811523438,3,284.0199890136719,🎲末日結算 🚨異常掃貨 🆕新倉暴量,GAMBLE,6
ONDS,2026-09-18,10.0,0.77,45824,12199,109.76607617187501,45,8.369999885559082,🚀點火(4.8x) 🚬菸屁股 🔥萬人塚 ⚠️暴動高IV(110%),BUY_WATCH,6
ORCL,2026-08-07,145.0,3.35,3719,9880,70.70341796875,3,141.85000610351562,🎲末日結算 🚨異常掃貨 🆕新倉暴量,GAMBLE,6
SOFI,2026-08-21,19.0,0.45,22535,9221,50.39112109375,17,18.030000686645508,🚀點火(9.1x) 🚬菸屁股,BUY_WATCH,6
SOFI,2026-08-21,18.0,0.84,29224,8109,51.27001855468749,17,18.030000686645508,🚀點火(3.3x) 🚬菸屁股,BUY_WATCH,6
HOOD,2026-08-07,95.0,1.29,4704,6815,71.24052197265625,3,90.33999633789062,🎲末日結算 🚨異常掃貨 🆕新倉暴量,GAMBLE,6
WMT,2026-09-18,125.0,0.88,10809,6641,31.079790771484372,45,110.70999908447266,🆕新倉暴量 🚬菸屁股,BUY_WATCH,6
BA,2026-08-07,230.0,5.65,1471,6592,38.58703991699218,3,233.49000549316406,🎲末日結算 🚨異常掃貨 🆕新倉暴量,GAMBLE,6
ORCL,2026-08-07,155.0,1.08,1334,6563,75.14673291015625,3,141.85000610351562,🎲末日結算 🚨異常掃貨 🆕新倉暴量,GAMBLE,6
IBIT,2026-09-18,42.0,0.3,27662,6400,35.742830078124996,45,36.15999984741211,🆕新倉暴量 🚬菸屁股,BUY_WATCH,6
BA,2026-08-07,240.0,1.51,2035,5414,36.646141357421875,3,233.49000549316406,🎲末日結算 🚨異常掃貨 🆕新倉暴量,GAMBLE,6
CRM,2026-08-21,220.0,0.71,9111,4598,51.318846191406244,17,185.9499969482422,🆕新倉暴量 🚬菸屁股,BUY_WATCH,6
ASTS,2026-08-21,70.0,4.49,3449,4536,120.36172631835936,17,63.52000045776367,🚨異常掃貨 🆕新倉暴量 ⚠️暴動高IV(120%),STRONG_BUY,6
BA,2026-08-07,235.0,3.3,1215,4513,36.67055517578125,3,233.49000549316406,🎲末日結算 🚨異常掃貨 🆕新倉暴量,GAMBLE,6
ORCL,2026-08-21,180.0,0.92,9172,4317,73.26686889648437,17,141.85000610351562,🚀點火(30.4x) 🚬菸屁股,BUY_WATCH,6
SOFI,2026-12-18,25.0,0.8,11222,4273,60.30313134765627,136,18.030000686645508,🚀點火(17.4x) 🚬菸屁股,BUY_WATCH,6
PLTR,2026-09-18,200.0,0.55,9747,4213,71.24052197265625,45,125.6500015258789,🚀點火(13.1x) 🚬菸屁股,BUY_WATCH,6
WMT,2026-08-07,111.0,1.24,1111,4132,26.856200195312496,3,110.70999908447266,🎲末日結算 🚨異常掃貨 🆕新倉暴量,GAMBLE,6
IBIT,2026-10-16,45.0,0.35,13228,4128,38.721315917968745,73,36.15999984741211,🚀點火(14.8x) 🚬菸屁股,BUY_WATCH,6
CRM,2026-08-07,195.0,1.24,985,3708,48.7309814453125,3,185.9499969482422,🎲末日結算 🚨異常掃貨 🆕新倉暴量,GAMBLE,6
HOOD,2026-08-07,91.0,2.8,2999,3652,71.43583251953125,3,90.33999633789062,🎲末日結算 🚨異常掃貨 🆕新倉暴量,GAMBLE,6
IBM,2026-08-07,235.0,1.5,1519,3325,43.677321044921875,3,226.30999755859375,🎲末日結算 🚨異常掃貨 🆕新倉暴量,GAMBLE,6
ONDS,2026-08-21,7.5,1.3,1492,3299,108.984830078125,17,8.369999885559082,🚨異常掃貨 🚀點火(4.7x) ⚠️暴動高IV(109%),STRONG_BUY,6
PATH,2027-01-15,20.0,0.99,27364,3287,77.3439765625,164,13.050000190734863,🚀點火(14.0x) 🚬菸屁股,BUY_WATCH,6
SOFI,2026-09-18,19.0,0.95,6678,2848,52.393054199218746,45,18.030000686645508,🚀點火(4.0x) 🚬菸屁股,BUY_WATCH,6
AMZN,2026-09-18,350.0,0.65,12011,2816,33.98503515625,45,284.0199890136719,🚀點火(3.9x) 🚬菸屁股,BUY_WATCH,6
BA,2026-08-07,232.5,4.49,1073,2539,37.56165954589844,3,233.49000549316406,🎲末日結算 🚨異常掃貨 🆕新倉暴量,GAMBLE,6
MSTR,2026-12-18,1080.0,0.05,12800,2355,129.49254003906248,136,94.86000061035156,🚀點火(9.7x) 🚬菸屁股,BUY_WATCH,6
IBIT,2028-01-21,140.0,0.37,28682,2339,55.322712402343754,535,36.15999984741211,🚀點火(2.6x) 🔭LEAPS,BUY_WATCH,6
SOFI,2026-09-18,21.0,0.44,5720,2206,52.14891601562499,45,18.030000686645508,🚀點火(11.9x) 🚬菸屁股,BUY_WATCH,6
WMT,2026-08-07,110.0,1.74,1343,2136,27.295648925781247,3,110.70999908447266,🎲末日結算 🚨異常掃貨 🆕新倉暴量,GAMBLE,6
IBIT,2028-01-21,100.0,0.75,15087,2032,50.90381127929688,535,36.15999984741211,🚀點火(18.3x) 🔭LEAPS,BUY_WATCH,6
RKLB,2026-09-18,140.0,0.46,1390,2014,104.59032080078129,45,70.43000030517578,🚨異常掃貨 🆕低基期(前日Vol4) 🚬菸屁股,STRONG_BUY,6
PATH,2026-08-21,13.0,0.95,6644,1918,69.14093359375,17,13.050000190734863,🚀點火(2.6x) 🚬菸屁股,BUY_WATCH,6
HOOD,2026-08-07,87.0,4.9,1075,1889,71.53348779296876,3,90.33999633789062,🎲末日結算 🚨異常掃貨 🆕新倉暴量,GAMBLE,6
ORCL,2026-08-07,147.0,2.61,823,1782,71.55790161132812,3,141.85000610351562,🎲末日結算 🚨異常掃貨 🆕新倉暴量,GAMBLE,6
SOFI,2026-08-21,21.0,0.11,27737,1741,51.562984375,17,18.030000686645508,🚀點火(4.2x) 🚬菸屁股,BUY_WATCH,6
SOFI,2026-10-16,23.0,0.43,3788,1725,54.102021484375015,73,18.030000686645508,🚀點火(11.0x) 🚬菸屁股,BUY_WATCH,6
HOOD,2026-12-18,290.0,0.2,9285,1724,76.85570019531252,136,90.33999633789062,🚀點火(>50x) 🚬菸屁股,BUY_WATCH,6
T,2026-08-21,23.5,0.65,1924,1631,30.9577216796875,17,23.59000015258789,🚀點火(10.5x) 🚬菸屁股,BUY_WATCH,6
ORCL,2026-08-07,144.0,3.85,864,1613,71.16728051757812,3,141.85000610351562,🎲末日結算 🚨異常掃貨 🆕新倉暴量,GAMBLE,6
T,2026-09-18,26.0,0.2,8090,1560,27.539787109375,45,23.59000015258789,🚀點火(5.3x) 🚬菸屁股,BUY_WATCH,6
ONDS,2028-01-21,4.0,5.5,3159,1539,102.44189404296877,535,8.369999885559082,🚀點火(5.5x) 🔭LEAPS,BUY_WATCH,6
PACB,2026-12-18,1.5,0.35,2568,1500,148.4377578125,136,1.4199999570846558,🆕新倉暴量 🚬菸屁股,BUY_WATCH,6
OPEN,2026-11-20,8.0,0.19,2476,1429,110.15669921875002,108,3.940000057220459,🚀點火(6.9x) 🚬菸屁股,BUY_WATCH,6
PATH,2026-08-21,15.0,0.25,10397,1395,72.6565234375,17,13.050000190734863,🚀點火(8.8x) 🚬菸屁股,BUY_WATCH,6
ORCL,2026-10-16,300.0,0.75,3738,1338,83.74039697265624,73,141.85000610351562,🚀點火(10.0x) 🚬菸屁股,BUY_WATCH,6
BA,2026-08-21,260.0,0.8,8963,1337,35.32779516601562,17,233.49000549316406,🚀點火(18.6x) 🚬菸屁股,BUY_WATCH,6
SOFI,2026-08-21,22.0,0.06,18035,1309,55.859816406250005,17,18.030000686645508,🚀點火(3.4x) 🚬菸屁股,BUY_WATCH,6
OPEN,2026-10-16,6.0,0.21,1560,1214,102.34423828125001,73,3.940000057220459,🚀點火(6.5x) 🚬菸屁股,BUY_WATCH,6
TSLA,2026-09-18,500.0,0.71,10968,1176,60.81582153320313,45,322.0799865722656,🚀點火(3.6x) 🚬菸屁股,BUY_WATCH,6
OPEN,2026-12-18,10.0,0.16,24566,1096,107.03171484375002,136,3.940000057220459,🚀點火(39.1x) 🚬菸屁股,BUY_WATCH,6
SOFI,2026-12-18,35.0,0.19,15816,1079,63.281617187500004,136,18.030000686645508,🚀點火(6.3x) 🚬菸屁股,BUY_WATCH,6
AMZN,2026-08-21,330.0,0.27,2369,1037,35.30338134765625,17,284.0199890136719,🚀點火(3.3x) 🚬菸屁股,BUY_WATCH,6
HOOD,2026-09-18,135.0,0.7,9552,994,71.28934960937501,45,90.33999633789062,🚀點火(8.2x) 🚬菸屁股,BUY_WATCH,6
T,2026-08-21,24.0,0.42,16629,988,29.785858398437494,17,23.59000015258789,🚀點火(5.1x) 🚬菸屁股,BUY_WATCH,6
ORCL,2026-08-21,185.0,0.71,4715,936,74.31666308593749,17,141.85000610351562,🚀點火(23.4x) 🚬菸屁股,BUY_WATCH,6
U,2028-01-21,70.0,4.6,1535,854,74.98804309082033,535,33.380001068115234,🚀點火(2.7x) 🔭LEAPS,BUY_WATCH,6
SOFI,2026-11-20,25.0,0.58,10427,832,59.766027343750004,108,18.030000686645508,🚀點火(7.1x) 🚬菸屁股,BUY_WATCH,6
ONDS,2028-01-21,27.0,1.57,9742,829,101.41650854492185,535,8.369999885559082,🚀點火(13.8x) 🔭LEAPS,BUY_WATCH,6
ORLY,2026-08-21,95.0,0.6,4147,826,29.63937548828125,17,89.76000213623047,🚀點火(20.6x) 🚬菸屁股,BUY_WATCH,6
SOUN,2026-10-16,10.0,0.26,11791,788,99.60937890625,73,6.099999904632568,🚀點火(6.6x) 🚬菸屁股,BUY_WATCH,6
SOFI,2026-09-18,23.0,0.19,13858,783,53.906710937500016,45,18.030000686645508,🚀點火(3.7x) 🚬菸屁股,BUY_WATCH,6
AMZN,2026-08-21,335.0,0.19,7612,779,36.524072265625,17,284.0199890136719,🚀點火(30.0x) 🚬菸屁股,BUY_WATCH,6
SOFI,2026-10-16,21.0,0.78,3159,773,53.80905566406251,73,18.030000686645508,🚀點火(8.1x) 🚬菸屁股,BUY_WATCH,6
PATH,2026-08-21,16.0,0.13,3424,709,75.00025000000001,17,13.050000190734863,🚀點火(4.3x) 🚬菸屁股,BUY_WATCH,6
SOFI,2026-11-20,23.0,0.89,1558,693,59.42423388671876,108,18.030000686645508,🚀點火(5.3x) 🚬菸屁股,BUY_WATCH,6
SOUN,2026-10-16,8.0,0.47,8636,682,95.70316796875,73,6.099999904632568,🚀點火(4.4x) 🚬菸屁股,BUY_WATCH,6
NVDA,2026-09-18,275.0,0.56,10541,660,44.55621850585938,45,206.63999938964844,🚀點火(4.5x) 🚬菸屁股,BUY_WATCH,6
U,2028-01-21,75.0,4.25,5113,644,74.32886999511719,535,33.380001068115234,🚀點火(5.6x) 🔭LEAPS,BUY_WATCH,6
ONDS,2028-01-21,20.0,2.13,15080,632,103.95555834960942,535,8.369999885559082,🚀點火(9.2x) 🔭LEAPS,BUY_WATCH,6
ONDS,2026-12-18,14.0,0.9,6429,627,112.01215869140624,136,8.369999885559082,🚀點火(28.5x) 🚬菸屁股,BUY_WATCH,6
SOFI,2028-06-16,30.0,3.8,21903,623,68.66486413574219,682,18.030000686645508,🚀點火(3.3x) 🔭LEAPS,BUY_WATCH,6
SOFI,2026-08-21,20.5,0.14,853,621,50.7817421875,17,18.030000686645508,🚀點火(10.3x) 🚬菸屁股,BUY_WATCH,6
HOOD,2028-01-21,290.0,6.1,14269,616,73.48659326171875,535,90.33999633789062,🚀點火(3.4x) 🔭LEAPS,BUY_WATCH,6
AMZN,2026-08-21,350.0,0.07,10665,598,38.477177734375,17,284.0199890136719,🚀點火(2.7x) 🚬菸屁股,BUY_WATCH,6
TSLA,2026-12-18,990.0,0.58,19116,583,74.04811108398437,136,322.0799865722656,🚀點火(6.9x) 🚬菸屁股,BUY_WATCH,6
SOFI,2026-12-18,28.0,0.5,11405,571,60.88906298828126,136,18.030000686645508,🚀點火(13.6x) 🚬菸屁股,BUY_WATCH,6
AMZN,2026-10-16,400.0,0.3,988,567,35.44986425781249,73,284.0199890136719,🆕新倉暴量 🚬菸屁股,BUY_WATCH,6
TSLA,2026-09-18,600.0,0.31,10447,562,72.31472998046875,45,322.0799865722656,🚀點火(7.8x) 🚬菸屁股,BUY_WATCH,6
SMR,2028-01-21,10.0,4.15,8110,547,107.95944458007813,535,9.010000228881836,🚀點火(6.0x) 🔭LEAPS,BUY_WATCH,6
SOFI,2026-10-16,25.0,0.25,4713,534,55.9574716796875,73,18.030000686645508,🚀點火(9.5x) 🚬菸屁股,BUY_WATCH,6
IMAX,2026-08-21,55.0,0.75,1300,528,54.59029785156251,17,51.0,🆕新倉暴量 🚬菸屁股,BUY_WATCH,6
SOFI,2028-06-16,27.0,4.25,4428,522,68.82355395507813,682,18.030000686645508,🚀點火(10.0x) 🔭LEAPS,BUY_WATCH,6
SOFI,2028-06-16,18.0,6.71,9723,521,70.58134887695313,682,18.030000686645508,🚀點火(4.5x) 🔭LEAPS,BUY_WATCH,6
SOUN,2027-01-15,15.0,0.29,22222,491,103.12548437500001,164,6.099999904632568,🚀點火(5.6x) 🚬菸屁股,BUY_WATCH,6
IBIT,2028-01-21,70.0,1.93,15461,436,49.40236145019532,535,36.15999984741211,🚀點火(5.1x) 🔭LEAPS,BUY_WATCH,6
SOFI,2026-10-16,24.0,0.33,3437,434,55.1762294921875,73,18.030000686645508,🚀點火(3.5x) 🚬菸屁股,BUY_WATCH,6
BA,2026-09-18,300.0,0.3,2652,434,36.98793481445312,45,233.49000549316406,🚀點火(19.7x) 🚬菸屁股,BUY_WATCH,6
DKNG,2026-08-21,26.0,0.63,1045,431,70.8010732421875,17,23.5,🆕新倉暴量 🚬菸屁股,BUY_WATCH,6
MSFT,2026-08-21,600.0,0.09,6045,424,36.817038085937504,17,487.6499938964844,🚀點火(2.6x) 🚬菸屁股,BUY_WATCH,6
T,2026-12-18,26.0,0.77,18755,402,28.394270751953115,136,23.59000015258789,🚀點火(7.9x) 🚬菸屁股,BUY_WATCH,6
ACHR,2026-10-16,6.0,0.38,7188,398,84.76577734374999,73,4.840000152587891,🚀點火(3.1x) 🚬菸屁股,BUY_WATCH,6
TSLA,2028-01-21,500.0,39.01,6158,387,54.759668716430674,535,322.0799865722656,🚀點火(3.8x) 🔭LEAPS,BUY_WATCH,6
OPEN,2026-11-20,4.0,0.86,10397,328,103.12548437500001,108,3.940000057220459,🚀點火(3.9x) 🚬菸屁股,BUY_WATCH,6
SOFI,2028-01-21,18.0,5.85,12456,325,68.8723815917969,535,18.030000686645508,🚀點火(6.2x) 🔭LEAPS,BUY_WATCH,6
SOFI,2027-01-15,47.0,0.1,22052,318,68.94562304687501,164,18.030000686645508,🚀點火(9.4x) 🚬菸屁股,BUY_WATCH,6
ACHR,2028-01-21,7.0,1.6,18339,303,94.14068359375,535,4.840000152587891,🚀點火(2.9x) 🔭LEAPS,BUY_WATCH,6
SOFI,2028-06-16,47.0,1.98,18511,291,68.21320849609377,682,18.030000686645508,🚀點火(5.3x) 🔭LEAPS,BUY_WATCH,6
IBIT,2027-01-15,110.0,0.05,29793,276,66.01596484375001,164,36.15999984741211,🚀點火(3.6x) 🚬菸屁股,BUY_WATCH,6
IBIT,2027-01-15,65.0,0.2,15424,254,48.1450498046875,164,36.15999984741211,🚀點火(3.1x) 🚬菸屁股,BUY_WATCH,6
SOFI,2027-01-15,32.0,0.38,18762,251,62.01209863281252,164,18.030000686645508,🚀點火(3.1x) 🚬菸屁股,BUY_WATCH,6
OPEN,2026-10-16,5.0,0.37,3311,251,97.460962890625,73,3.940000057220459,🚀點火(3.0x) 🚬菸屁股,BUY_WATCH,6
SOFI,2026-09-18,24.0,0.13,2233,245,55.078574218750006,45,18.030000686645508,🚀點火(3.1x) 🚬菸屁股,BUY_WATCH,6
T,2026-08-21,26.0,0.05,7580,243,30.07882421875,17,23.59000015258789,🚀點火(8.7x) 🚬菸屁股,BUY_WATCH,6
IBM,2026-08-21,260.0,0.85,5845,235,43.311113769531254,17,226.30999755859375,🚀點火(3.0x) 🚬菸屁股,BUY_WATCH,6
SOFI,2028-01-21,23.0,4.21,3611,228,66.8948623046875,535,18.030000686645508,🚀點火(2.8x) 🔭LEAPS,BUY_WATCH,6
HOOD,2028-01-21,200.0,11.5,4066,228,71.56400506591795,535,90.33999633789062,🚀點火(7.4x) 🔭LEAPS,BUY_WATCH,6
T,2026-12-18,28.0,0.35,2297,227,28.46751220703124,136,23.59000015258789,🚀點火(7.6x) 🚬菸屁股,BUY_WATCH,6
SOFI,2028-01-21,13.0,8.0,4164,215,71.33817724609376,535,18.030000686645508,🚀點火(6.3x) 🔭LEAPS,BUY_WATCH,6
SOFI,2027-01-15,45.0,0.12,11031,197,70.312796875,164,18.030000686645508,🚀點火(3.7x) 🚬菸屁股,BUY_WATCH,6
OPEN,2026-10-16,10.0,0.05,9431,195,130.85972070312496,73,3.940000057220459,🚀點火(2.6x) 🚬菸屁股,BUY_WATCH,6
T,2026-10-16,27.0,0.21,6637,188,27.783925292968746,73,23.59000015258789,🚀點火(4.5x) 🚬菸屁股,BUY_WATCH,6
ONDS,2026-12-18,15.0,0.85,3974,186,107.32468212890626,136,8.369999885559082,🚀點火(3.0x) 🚬菸屁股,BUY_WATCH,6
NVDA,2028-01-21,420.0,6.95,21562,179,44.919374053955075,535,206.63999938964844,🚀點火(3.1x) 🔭LEAPS,BUY_WATCH,6
JOBY,2027-01-15,20.0,0.17,13122,160,92.9688203125,164,7.380000114440918,🚀點火(3.0x) 🚬菸屁股,BUY_WATCH,6
PATH,2028-01-21,20.0,3.06,7977,156,77.44163183593751,535,13.050000190734863,🚀點火(2.6x) 🔭LEAPS,BUY_WATCH,6
IBM,2026-09-18,350.0,0.2,4590,152,50.48877636718749,45,226.30999755859375,🚀點火(5.8x) 🚬菸屁股,BUY_WATCH,6
T,2027-01-15,28.0,0.47,1326,152,28.46751220703124,164,23.59000015258789,🚀點火(4.8x) 🚬菸屁股,BUY_WATCH,6
ACHR,2028-01-21,10.0,1.13,19022,150,94.0430283203125,535,4.840000152587891,🚀點火(2.8x) 🔭LEAPS,BUY_WATCH,6
NVDA,2028-01-21,220.0,42.91,8697,147,47.784945983886715,535,206.63999938964844,🚀點火(2.7x) 🔭LEAPS,BUY_WATCH,6
DKNG,2028-01-21,30.0,4.85,3348,147,61.52382226562501,535,23.5,🚀點火(4.1x) 🔭LEAPS,BUY_WATCH,6
ORCL,2028-01-21,470.0,7.8,6335,146,70.31890032958985,535,141.85000610351562,🚀點火(4.6x) 🔭LEAPS,BUY_WATCH,6
BA,2026-08-21,270.0,0.3,2617,145,37.964487548828124,17,233.49000549316406,🚀點火(5.6x) 🚬菸屁股,BUY_WATCH,6
PLTR,2027-01-15,300.0,0.9,7160,132,67.09017285156251,164,125.6500015258789,🚀點火(4.6x) 🚬菸屁股,BUY_WATCH,6
TSLA,2028-01-21,990.0,8.95,5745,129,58.026542785644544,535,322.0799865722656,🚀點火(5.0x) 🔭LEAPS,BUY_WATCH,6
DKNG,2026-09-18,35.0,0.11,5296,129,64.062859375,45,23.5,🚀點火(4.3x) 🚬菸屁股,BUY_WATCH,6
TDOC,2026-10-16,10.0,0.12,2652,125,72.26590234375,73,6.679999828338623,🚀點火(2.6x) 🚬菸屁股,BUY_WATCH,6
SOFI,2026-09-18,28.0,0.05,1687,114,63.281617187500004,45,18.030000686645508,🚀點火(4.4x) 🚬菸屁股,BUY_WATCH,6
SOFI,2026-11-20,36.0,0.1,909,114,63.67223828125,108,18.030000686645508,🚀點火(3.1x) 🚬菸屁股,BUY_WATCH,6
PACB,2028-01-21,3.0,0.46,1125,94,115.0394873046875,535,1.4199999570846558,🚀點火(2.8x) 🔭LEAPS,BUY_WATCH,6
SOUN,2027-01-15,8.0,0.9,4408,85,91.50399121093751,164,6.099999904632568,🚀點火(2.7x) 🚬菸屁股,BUY_WATCH,6
SOFI,2026-10-16,26.0,0.2,1759,80,57.22699023437501,73,18.030000686645508,🚀點火(2.5x) 🚬菸屁股,BUY_WATCH,6
PATH,2028-01-21,10.0,6.1,7154,80,90.38095556640626,535,13.050000190734863,🚀點火(2.5x) 🔭LEAPS,BUY_WATCH,6
SOUN,2026-10-16,9.0,0.36,3997,77,99.023447265625,73,6.099999904632568,🚀點火(3.0x) 🚬菸屁股,BUY_WATCH,6
SOUN,2028-01-21,20.0,0.97,4638,77,96.679720703125,535,6.099999904632568,🚀點火(2.8x) 🔭LEAPS,BUY_WATCH,6
SOUN,2027-01-15,17.0,0.25,4248,67,108.00827246093752,164,6.099999904632568,🚀點火(2.6x) 🚬菸屁股,BUY_WATCH,6
SOFI,2026-11-20,33.0,0.17,1541,66,65.820654296875,108,18.030000686645508,🚀點火(3.3x) 🚬菸屁股,BUY_WATCH,6
SMR,2027-01-15,40.0,0.19,7302,66,121.68007910156248,164,9.010000228881836,🚀點火(2.8x) 🚬菸屁股,BUY_WATCH,6
SOUN,2027-01-15,22.0,0.16,2589,66,113.67230664062502,164,6.099999904632568,🚀點火(3.3x) 🚬菸屁股,BUY_WATCH,6
SMR,2027-01-15,25.0,0.44,4735,64,110.64497802734377,164,9.010000228881836,🚀點火(2.7x) 🚬菸屁股,BUY_WATCH,6
IBM,2027-01-15,450.0,0.84,1486,64,50.7817421875,164,226.30999755859375,🚀點火(3.0x) 🚬菸屁股,BUY_WATCH,6
AAPL,2026-08-07,310.0,1.91,9774,35368,31.128618408203117,3,303.4200134277344,🎲末日結算 🚨異常掃貨 🆕新倉暴量 🏛️機構場,GAMBLE,5
IREN,2026-08-07,46.0,0.46,2108,23569,120.60586572265623,3,39.75,🎲末日結算 🚨異常掃貨 🆕新倉暴量 🚬菸屁股 ⚠️暴動高IV(121%),GAMBLE,5
IBIT,2026-08-07,37.0,0.2,32146,21081,31.543653320312494,3,36.15999984741211,🎲末日結算 🆕新倉暴量 🚬菸屁股 🔥萬人塚 🏛️機構場,GAMBLE,5
IREN,2026-08-07,48.0,0.27,2464,20028,121.28945605468748,3,39.75,🎲末日結算 🚨異常掃貨 🆕新倉暴量 🚬菸屁股 ⚠️暴動高IV(121%),GAMBLE,5
AAPL,2026-08-07,305.0,3.65,7331,17592,30.94551477050781,3,303.4200134277344,🎲末日結算 🚨異常掃貨 🆕新倉暴量 🏛️機構場,GAMBLE,5
ONDS,2026-08-07,9.5,0.09,4660,15991,106.25046875000001,3,8.369999885559082,🎲末日結算 🚨異常掃貨 🆕新倉暴量 🚬菸屁股 ⚠️暴動高IV(106%),GAMBLE,5
ONDS,2026-08-07,8.5,0.34,7397,15683,100.78174609374999,3,8.369999885559082,🎲末日結算 🚨異常掃貨 🆕新倉暴量 🚬菸屁股 ⚠️暴動高IV(101%),GAMBLE,5
SMR,2026-08-07,11.0,0.12,1630,14135,149.21900390624998,3,9.010000228881836,🎲末日結算 🚨異常掃貨 🆕新倉暴量 🚬菸屁股 ⚠️暴動高IV(149%),GAMBLE,5
INTC,2026-08-07,100.0,0.97,10981,13651,88.76964355468748,3,91.0,🎲末日結算 🚨異常掃貨 🆕新倉暴量 🚬菸屁股 ⚠️暴動高IV(89%),GAMBLE,5
PLTR,2026-08-07,160.0,0.55,10018,12532,130.85972070312496,3,125.6500015258789,🎲末日結算 🚨異常掃貨 🆕新倉暴量 🚬菸屁股 ⚠️暴動高IV(131%),GAMBLE,5
ONDS,2026-08-07,9.0,0.17,5317,12348,104.29735351562503,3,8.369999885559082,🎲末日結算 🚨異常掃貨 🆕新倉暴量 🚬菸屁股 ⚠️暴動高IV(104%),GAMBLE,5
NVDA,2026-12-18,280.0,3.5,34237,9174,42.383388671875,136,206.63999938964844,🚀點火(31.7x) 🔥萬人塚,HOLD,5
ONDS,2026-08-07,10.5,0.03,2625,8835,115.625421875,3,8.369999885559082,🎲末日結算 🚨異常掃貨 🆕新倉暴量 🚬菸屁股 ⚠️暴動高IV(116%),GAMBLE,5
AAPL,2026-08-07,307.5,2.59,5548,8301,31.323928955078124,3,303.4200134277344,🎲末日結算 🚨異常掃貨 🆕新倉暴量 🏛️機構場,GAMBLE,5
CRWV,2026-08-07,100.0,0.76,3526,6786,114.25824121093751,3,85.76000213623047,🎲末日結算 🚨異常掃貨 🆕新倉暴量 🚬菸屁股 ⚠️暴動高IV(114%),GAMBLE,5
NVDA,2027-01-15,250.0,9.85,50987,5641,42.963216857910155,164,206.63999938964844,🚀點火(3.2x) 🔥萬人塚,HOLD,5
NVDA,2026-12-18,300.0,2.22,36818,5264,42.65194067382813,136,206.63999938964844,🚀點火(3.6x) 🔥萬人塚,HOLD,5
AAPL,2026-08-21,350.0,0.16,21512,5014,30.567100585937503,17,303.4200134277344,🆕新倉暴量 🚬菸屁股 🏛️機構場,BUY_WATCH,5
IREN,2026-08-07,45.0,0.65,3787,4885,121.875390625,3,39.75,🎲末日結算 🚨異常掃貨 🆕新倉暴量 🚬菸屁股 ⚠️暴動高IV(122%),GAMBLE,5
SMR,2026-08-07,9.5,0.4,2649,4809,144.53152734375,3,9.010000228881836,🎲末日結算 🚨異常掃貨 🆕新倉暴量 🚬菸屁股 ⚠️暴動高IV(145%),GAMBLE,5
IREN,2026-08-07,47.0,0.37,1093,4586,121.48476757812499,3,39.75,🎲末日結算 🚨異常掃貨 🆕新倉暴量 🚬菸屁股 ⚠️暴動高IV(121%),GAMBLE,5
ASTS,2026-08-07,75.0,0.48,1966,4247,115.0394873046875,3,63.52000045776367,🎲末日結算 🚨異常掃貨 🆕新倉暴量 🚬菸屁股 ⚠️暴動高IV(115%),GAMBLE,5
ORCL,2026-08-07,170.0,0.19,1895,4191,83.20329296874999,3,141.85000610351562,🎲末日結算 🚨異常掃貨 🆕新倉暴量 🚬菸屁股 ⚠️暴動高IV(83%),GAMBLE,5
RKLB,2026-08-07,80.0,0.6,1679,4005,98.9257919921875,3,70.43000030517578,🎲末日結算 🚨異常掃貨 🆕新倉暴量 🚬菸屁股 ⚠️暴動高IV(99%),GAMBLE,5
JOBY,2026-08-07,7.5,0.35,1941,3773,115.625421875,3,7.380000114440918,🎲末日結算 🚨異常掃貨 🆕新倉暴量 🚬菸屁股 ⚠️暴動高IV(116%),GAMBLE,5
AMZN,2026-08-21,310.0,1.5,30598,3740,34.32682861328124,17,284.0199890136719,🚀點火(3.4x) 🔥萬人塚,HOLD,5
MSFT,2026-08-21,550.0,0.7,5968,3263,31.287308227539057,17,487.6499938964844,🆕新倉暴量 🚬菸屁股 🏛️機構場,BUY_WATCH,5
HIMS,2026-08-07,35.0,0.19,1985,3101,91.211025390625,3,30.81999969482422,🎲末日結算 🚨異常掃貨 🆕新倉暴量 🚬菸屁股 ⚠️暴動高IV(91%),GAMBLE,5
ASTS,2026-08-07,80.0,0.21,1091,3007,119.3363408203125,3,63.52000045776367,🎲末日結算 🚨異常掃貨 🆕新倉暴量 🚬菸屁股 ⚠️暴動高IV(119%),GAMBLE,5
HIMS,2026-08-07,32.0,0.75,1339,2942,86.52357226562499,3,30.81999969482422,🎲末日結算 🚨異常掃貨 🆕新倉暴量 🚬菸屁股 ⚠️暴動高IV(87%),GAMBLE,5
AAPL,2026-08-21,335.0,0.58,10850,2812,28.85813330078124,17,303.4200134277344,🆕新倉暴量 🚬菸屁股 🏛️機構場,BUY_WATCH,5
CRWV,2026-08-07,105.0,0.37,998,2444,115.33245458984376,3,85.76000213623047,🎲末日結算 🚨異常掃貨 🆕新倉暴量 🚬菸屁股 ⚠️暴動高IV(115%),GAMBLE,5
CRWV,2026-08-07,110.0,0.17,1036,2337,115.625421875,3,85.76000213623047,🎲末日結算 🚨異常掃貨 🆕新倉暴量 🚬菸屁股 ⚠️暴動高IV(116%),GAMBLE,5
ORCL,2026-08-07,165.0,0.36,934,2096,80.95722167968748,3,141.85000610351562,🎲末日結算 🚨異常掃貨 🆕新倉暴量 🚬菸屁股 ⚠️暴動高IV(81%),GAMBLE,5
NBIS,2026-08-07,280.0,0.88,1036,1886,144.04324853515624,3,212.5800018310547,🎲末日結算 🚨異常掃貨 🆕新倉暴量 🚬菸屁股 ⚠️暴動高IV(144%),GAMBLE,5
HIMS,2026-08-07,34.0,0.36,860,1729,89.257919921875,3,30.81999969482422,🎲末日結算 🚨異常掃貨 🆕新倉暴量 🚬菸屁股 ⚠️暴動高IV(89%),GAMBLE,5
IREN,2027-01-15,110.0,1.85,42676,1509,108.25241186523438,164,39.75,🚀點火(2.8x) 🔥萬人塚,HOLD,5
RKLB,2026-08-07,85.0,0.22,876,1234,99.804689453125,3,70.43000030517578,🎲末日結算 🚨異常掃貨 🆕新倉暴量 🚬菸屁股 ⚠️暴動高IV(100%),GAMBLE,5
PATH,2027-01-15,15.0,1.92,35177,1227,77.44163183593751,164,13.050000190734863,🚀點火(8.7x) 🔥萬人塚,HOLD,5
LUNR,2026-08-07,14.0,0.38,751,1112,111.71919140624999,3,13.100000381469727,🎲末日結算 🚨異常掃貨 🆕新倉暴量 🚬菸屁股 ⚠️暴動高IV(112%),GAMBLE,5
SHOP,2026-09-18,140.0,4.24,47759,730,67.92024267578127,45,117.01000213623047,🚀點火(2.8x) 🔥萬人塚,HOLD,5
DKNG,2026-11-20,30.0,1.2,36133,87,60.88906298828126,108,23.5,🚀點火(3.0x) 🔥萬人塚,HOLD,5
PLTR,2026-08-07,150.0,1.26,14416,30522,130.51792553710933,3,125.6500015258789,🎲末日結算 🚨異常掃貨 🆕新倉暴量 ⚠️暴動高IV(131%),GAMBLE,4
PLTR,2026-08-07,130.0,5.94,23073,30506,133.10580322265622,3,125.6500015258789,🎲末日結算 🚨異常掃貨 🆕新倉暴量 ⚠️暴動高IV(133%),GAMBLE,4
PLTR,2026-08-07,140.0,2.91,9097,26912,132.03158984375,3,125.6500015258789,🎲末日結算 🚨異常掃貨 🆕新倉暴量 ⚠️暴動高IV(132%),GAMBLE,4
PLTR,2026-08-07,125.0,8.15,12966,19937,133.3499426269531,3,125.6500015258789,🎲末日結算 🚨異常掃貨 🆕新倉暴量 ⚠️暴動高IV(133%),GAMBLE,4
RKLB,2026-08-07,70.0,3.45,2907,13650,98.58399853515625,3,70.43000030517578,🎲末日結算 🚨異常掃貨 🆕新倉暴量 ⚠️暴動高IV(99%),GAMBLE,4
PATH,2026-09-18,15.0,0.9,12099,10959,83.39860351562498,45,13.050000190734863,🚀點火(8.5x) 🚬菸屁股 ⚠️暴動高IV(83%),BUY_WATCH,4
ASTS,2026-08-07,65.0,2.5,3424,8767,108.30123974609376,3,63.52000045776367,🎲末日結算 🚨異常掃貨 🆕新倉暴量 ⚠️暴動高IV(108%),GAMBLE,4
CRWV,2026-08-07,85.0,4.94,2790,7781,114.45355273437498,3,85.76000213623047,🎲末日結算 🚨異常掃貨 🆕新倉暴量 ⚠️暴動高IV(114%),GAMBLE,4
CRWV,2026-08-07,90.0,2.82,2249,7127,113.03754418945316,3,85.76000213623047,🎲末日結算 🚨異常掃貨 🆕新倉暴量 ⚠️暴動高IV(113%),GAMBLE,4
NVDA,2026-08-07,230.0,0.07,12651,6210,43.35994140625,3,206.63999938964844,🎲末日結算 🆕新倉暴量 🚬菸屁股,GAMBLE,4
IREN,2026-08-07,42.0,1.4,3131,6084,124.70740771484374,3,39.75,🎲末日結算 🚨異常掃貨 🆕新倉暴量 ⚠️暴動高IV(125%),GAMBLE,4
NVDA,2026-08-07,225.0,0.15,7695,5987,40.62559375,3,206.63999938964844,🎲末日結算 🆕新倉暴量 🚬菸屁股,GAMBLE,4
IREN,2026-08-07,43.0,1.11,1784,5464,123.047259765625,3,39.75,🎲末日結算 🚨異常掃貨 🆕新倉暴量 ⚠️暴動高IV(123%),GAMBLE,4
NBIS,2026-08-07,250.0,3.55,3498,5461,145.16628979492188,3,212.5800018310547,🎲末日結算 🚨異常掃貨 🆕新倉暴量 ⚠️暴動高IV(145%),GAMBLE,4
MSTR,2026-08-07,105.0,0.52,11222,5440,74.5119736328125,3,94.86000061035156,🎲末日結算 🆕新倉暴量 🚬菸屁股,GAMBLE,4
MSTR,2026-08-07,102.0,0.95,12370,5332,73.92604199218749,3,94.86000061035156,🎲末日結算 🆕新倉暴量 🚬菸屁股,GAMBLE,4
SOFI,2026-08-07,20.0,0.03,9182,5018,53.906710937500016,3,18.030000686645508,🎲末日結算 🆕新倉暴量 🚬菸屁股,GAMBLE,4
RKLB,2026-08-07,75.0,1.52,3102,4702,97.94923925781251,3,70.43000030517578,🎲末日結算 🚨異常掃貨 🆕新倉暴量 ⚠️暴動高IV(98%),GAMBLE,4
ASTS,2026-08-07,70.0,1.14,2197,4247,111.23091259765626,3,63.52000045776367,🎲末日結算 🚨異常掃貨 🆕新倉暴量 ⚠️暴動高IV(111%),GAMBLE,4
ONDS,2026-08-21,10.0,0.36,14859,4014,116.79729101562502,17,8.369999885559082,🚀點火(6.4x) 🚬菸屁股 ⚠️暴動高IV(117%),BUY_WATCH,4
NBIS,2026-08-07,240.0,5.5,1702,3556,149.82935241699215,3,212.5800018310547,🎲末日結算 🚨異常掃貨 🆕新倉暴量 ⚠️暴動高IV(150%),GAMBLE,4
PLTR,2026-08-21,165.0,0.81,11555,3520,81.00604931640623,17,125.6500015258789,🚀點火(5.2x) 🚬菸屁股 ⚠️暴動高IV(81%),BUY_WATCH,4
T,2026-08-07,24.0,0.18,5200,3409,33.20379296875,3,23.59000015258789,🎲末日結算 🆕新倉暴量 🚬菸屁股,GAMBLE,4
ONDS,2026-08-21,9.0,0.63,28193,3397,114.25824121093751,17,8.369999885559082,🚀點火(3.5x) 🚬菸屁股 ⚠️暴動高IV(114%),BUY_WATCH,4
CRWV,2026-08-07,95.0,1.5,1341,3353,113.28168359375002,3,85.76000213623047,🎲末日結算 🚨異常掃貨 🆕新倉暴量 ⚠️暴動高IV(113%),GAMBLE,4
TDOC,2026-08-07,7.0,0.12,3140,3335,62.500375000000005,3,6.679999828338623,🎲末日結算 🆕新倉暴量 🚬菸屁股,GAMBLE,4
PATH,2026-08-07,13.5,0.28,5311,2839,75.195560546875,3,13.050000190734863,🎲末日結算 🆕新倉暴量 🚬菸屁股,GAMBLE,4
IONQ,2026-08-07,40.0,1.98,1604,2455,137.50031249999998,3,38.849998474121094,🎲末日結算 🚨異常掃貨 🆕新倉暴量 ⚠️暴動高IV(138%),GAMBLE,4
U,2026-08-07,34.0,2.0,1445,2352,147.16823291015623,3,33.380001068115234,🎲末日結算 🚨異常掃貨 🆕新倉暴量 ⚠️暴動高IV(147%),GAMBLE,4
CRWV,2026-08-07,86.0,4.4,1086,2352,113.37933935546877,3,85.76000213623047,🎲末日結算 🚨異常掃貨 🆕新倉暴量 ⚠️暴動高IV(113%),GAMBLE,4
ONDS,2026-08-21,8.5,0.81,2014,2269,111.328568359375,17,8.369999885559082,🚀點火(8.7x) 🚬菸屁股 ⚠️暴動高IV(111%),BUY_WATCH,4
CRWV,2026-08-07,84.0,5.45,760,2085,114.01410180664064,3,85.76000213623047,🎲末日結算 🚨異常掃貨 🆕新倉暴量 ⚠️暴動高IV(114%),GAMBLE,4
HIMS,2026-08-07,31.0,1.12,1171,2064,87.500125,3,30.81999969482422,🎲末日結算 🚨異常掃貨 🆕新倉暴量 ⚠️暴動高IV(88%),GAMBLE,4
NBIS,2026-08-07,260.0,2.3,1078,2041,144.89773645019534,3,212.5800018310547,🎲末日結算 🚨異常掃貨 🆕新倉暴量 ⚠️暴動高IV(145%),GAMBLE,4
T,2026-08-07,25.0,0.03,2832,1942,33.5944140625,3,23.59000015258789,🎲末日結算 🆕新倉暴量 🚬菸屁股,GAMBLE,4
WMT,2026-08-07,113.0,0.55,2447,1922,27.4421318359375,3,110.70999908447266,🎲末日結算 🆕新倉暴量 🚬菸屁股,GAMBLE,4
ONDS,2026-08-21,11.0,0.22,6365,1787,119.53165234375001,17,8.369999885559082,🚀點火(4.0x) 🚬菸屁股 ⚠️暴動高IV(120%),BUY_WATCH,4
WMT,2026-08-07,120.0,0.03,6104,1682,34.37565625,3,110.70999908447266,🎲末日結算 🆕新倉暴量 🚬菸屁股,GAMBLE,4
HOOD,2026-08-07,105.0,0.15,1634,1676,75.7814921875,3,90.33999633789062,🎲末日結算 🆕新倉暴量 🚬菸屁股,GAMBLE,4
IBM,2026-08-07,240.0,0.77,2195,1659,44.70270141601562,3,226.30999755859375,🎲末日結算 🆕新倉暴量 🚬菸屁股,GAMBLE,4
ONDS,2026-08-21,12.0,0.14,4951,1622,123.82850585937497,17,8.369999885559082,🚀點火(32.4x) 🚬菸屁股 ⚠️暴動高IV(124%),BUY_WATCH,4
CRWV,2026-08-07,87.0,3.97,780,1616,113.3305114746094,3,85.76000213623047,🎲末日結算 🚨異常掃貨 🆕新倉暴量 ⚠️暴動高IV(113%),GAMBLE,4
OPEN,2026-09-18,5.0,0.25,9498,1609,105.85984570312502,45,3.940000057220459,🚀點火(2.6x) 🚬菸屁股 ⚠️暴動高IV(106%),BUY_WATCH,4
IREN,2026-08-07,39.0,2.74,930,1589,127.14880175781246,3,39.75,🎲末日結算 🚨異常掃貨 🆕新倉暴量 ⚠️暴動高IV(127%),GAMBLE,4
WMT,2026-08-07,115.0,0.24,2816,1575,28.906960937499992,3,110.70999908447266,🎲末日結算 🆕新倉暴量 🚬菸屁股,GAMBLE,4
SMCI,2026-08-21,35.0,0.97,13162,1549,111.13325683593752,17,28.639999389648438,🚀點火(3.3x) 🚬菸屁股 ⚠️暴動高IV(111%),BUY_WATCH,4
IREN,2026-08-07,35.0,5.48,1155,1446,133.00814746093747,3,39.75,🎲末日結算 🚨異常掃貨 🆕新倉暴量 ⚠️暴動高IV(133%),GAMBLE,4
OPEN,2026-09-18,7.0,0.08,8418,1363,111.71919140624999,45,3.940000057220459,🚀點火(25.2x) 🚬菸屁股 ⚠️暴動高IV(112%),BUY_WATCH,4
PATH,2026-08-07,13.0,0.48,2958,1350,71.48466015625,3,13.050000190734863,🎲末日結算 🆕新倉暴量 🚬菸屁股,GAMBLE,4
WMT,2026-08-07,114.0,0.36,1902,1278,28.174546386718745,3,110.70999908447266,🎲末日結算 🆕新倉暴量 🚬菸屁股,GAMBLE,4
LUNR,2026-09-18,18.0,0.87,1120,1244,120.70352148437497,45,13.100000381469727,🚀點火(2.8x) 🚬菸屁股 ⚠️暴動高IV(121%),BUY_WATCH,4
IONQ,2026-08-21,50.0,0.91,7318,1236,112.40278173828125,17,38.849998474121094,🚀點火(4.5x) 🚬菸屁股 ⚠️暴動高IV(112%),BUY_WATCH,4
PLTR,2026-09-18,300.0,0.09,7095,1218,93.945373046875,45,125.6500015258789,🚀點火(48.7x) 🚬菸屁股 ⚠️暴動高IV(94%),BUY_WATCH,4
ASTS,2026-08-07,67.0,2.06,877,1186,109.18014160156251,3,63.52000045776367,🎲末日結算 🚨異常掃貨 🆕新倉暴量 ⚠️暴動高IV(109%),GAMBLE,4
RKLB,2026-08-07,72.0,2.5,798,1171,97.80275634765626,3,70.43000030517578,🎲末日結算 🚨異常掃貨 🆕新倉暴量 ⚠️暴動高IV(98%),GAMBLE,4
IBM,2026-08-07,250.0,0.21,1911,1076,49.85401708984375,3,226.30999755859375,🎲末日結算 🆕新倉暴量 🚬菸屁股,GAMBLE,4
SOFI,2026-08-07,20.5,0.02,3575,1047,57.812921875,3,18.030000686645508,🎲末日結算 🆕新倉暴量 🚬菸屁股,GAMBLE,4
IONQ,2026-09-18,75.0,0.5,1107,1032,114.45355273437498,45,38.849998474121094,🚀點火(49.1x) 🚬菸屁股 ⚠️暴動高IV(114%),BUY_WATCH,4
IONQ,2026-09-18,80.0,0.44,3382,1028,117.28556982421874,45,38.849998474121094,🚀點火(11.3x) 🚬菸屁股 ⚠️暴動高IV(117%),BUY_WATCH,4
SMR,2026-09-18,11.0,0.75,3050,1023,106.44578027343752,45,9.010000228881836,🚀點火(19.3x) 🚬菸屁股 ⚠️暴動高IV(106%),BUY_WATCH,4
MSFT,2027-01-15,625.0,8.0,52320,1019,33.060361785888674,164,487.6499938964844,🚀點火(5.8x) 🔥萬人塚 🏛️機構場,HOLD,4
MSTR,2026-09-18,200.0,0.23,10184,988,94.726615234375,45,94.86000061035156,🚀點火(3.0x) 🚬菸屁股 ⚠️暴動高IV(95%),BUY_WATCH,4
UPST,2026-09-18,45.0,0.4,3414,927,84.66812207031249,45,29.43000030517578,🚀點火(5.6x) 🚬菸屁股 ⚠️暴動高IV(85%),BUY_WATCH,4
SOFI,2026-08-07,21.0,0.01,4213,909,56.250437500000004,3,18.030000686645508,🎲末日結算 🆕新倉暴量 🚬菸屁股,GAMBLE,4
HOOD,2026-08-07,102.0,0.29,836,899,73.1447998046875,3,90.33999633789062,🎲末日結算 🆕新倉暴量 🚬菸屁股,GAMBLE,4
SOUN,2026-09-18,7.0,0.52,991,885,96.48441015625,45,6.099999904632568,🆕新倉暴量 🚬菸屁股 ⚠️暴動高IV(96%),BUY_WATCH,4
WMT,2026-08-07,117.0,0.1,1144,755,30.664755859375,3,110.70999908447266,🎲末日結算 🆕新倉暴量 🚬菸屁股,GAMBLE,4
PATH,2026-09-18,25.0,0.07,1051,700,98.04689453125,45,13.050000190734863,🆕新倉暴量 🚬菸屁股 ⚠️暴動高IV(98%),BUY_WATCH,4
PATH,2026-08-07,15.0,0.04,832,693,78.12521875,3,13.050000190734863,🎲末日結算 🆕新倉暴量 🚬菸屁股,GAMBLE,4
ONDS,2026-08-21,10.5,0.29,1022,683,120.50820996093749,17,8.369999885559082,🚀點火(5.1x) 🚬菸屁股 ⚠️暴動高IV(121%),BUY_WATCH,4
SOUN,2026-08-21,6.5,0.47,1140,655,113.67230664062502,17,6.099999904632568,🚀點火(3.6x) 🚬菸屁股 ⚠️暴動高IV(114%),BUY_WATCH,4
MSFT,2026-12-18,625.0,5.9,102379,650,33.194637786865236,136,487.6499938964844,🚀點火(4.3x) 🔥萬人塚 🏛️機構場,HOLD,4
CRM,2026-08-07,205.0,0.26,1727,647,50.586431640624994,3,185.9499969482422,🎲末日結算 🆕新倉暴量 🚬菸屁股,GAMBLE,4
MSFT,2026-12-18,575.0,12.8,129471,613,33.57915542602539,136,487.6499938964844,🚀點火(4.2x) 🔥萬人塚 🏛️機構場,HOLD,4
ONDS,2026-09-18,13.0,0.31,8516,605,115.4301103515625,45,8.369999885559082,🚀點火(12.6x) 🚬菸屁股 ⚠️暴動高IV(115%),BUY_WATCH,4
MSFT,2026-12-18,675.0,2.54,37466,582,33.44793115234375,136,487.6499938964844,🚀點火(5.9x) 🔥萬人塚 🏛️機構場,HOLD,4
WMT,2026-08-07,118.0,0.06,2100,508,32.227240234374996,3,110.70999908447266,🎲末日結算 🆕新倉暴量 🚬菸屁股,GAMBLE,4
PATH,2026-08-07,14.5,0.08,1506,447,77.3439765625,3,13.050000190734863,🎲末日結算 🆕新倉暴量 🚬菸屁股,GAMBLE,4
SMR,2026-08-21,9.0,0.91,3872,436,109.375453125,17,9.010000228881836,🚀點火(3.5x) 🚬菸屁股 ⚠️暴動高IV(109%),BUY_WATCH,4
NTLA,2026-08-21,12.0,0.38,776,420,88.08605664062499,17,10.770000457763672,🚀點火(9.1x) 🚬菸屁股 ⚠️暴動高IV(88%),BUY_WATCH,4
IREN,2026-09-18,85.0,0.36,4256,418,120.99648876953123,45,39.75,🚀點火(14.9x) 🚬菸屁股 ⚠️暴動高IV(121%),BUY_WATCH,4
OPEN,2026-09-18,10.0,0.02,16666,331,137.50031249999998,45,3.940000057220459,🚀點火(2.5x) 🚬菸屁股 ⚠️暴動高IV(138%),BUY_WATCH,4
SMR,2026-09-18,10.0,0.98,939,325,105.078599609375,45,9.010000228881836,🚀點火(4.3x) 🚬菸屁股 ⚠️暴動高IV(105%),BUY_WATCH,4
ASTS,2026-09-18,130.0,0.78,11760,318,117.62736499023435,45,63.52000045776367,🚀點火(3.0x) 🚬菸屁股 ⚠️暴動高IV(118%),BUY_WATCH,4
IONQ,2026-09-18,65.0,0.89,3212,311,111.328568359375,45,38.849998474121094,🚀點火(6.6x) 🚬菸屁股 ⚠️暴動高IV(111%),BUY_WATCH,4
INTC,2026-09-18,195.0,0.14,9222,277,91.60164648437501,45,91.0,🚀點火(11.5x) 🚬菸屁股 ⚠️暴動高IV(92%),BUY_WATCH,4
ORCL,2026-09-18,300.0,0.39,8229,264,98.77930908203125,45,141.85000610351562,🚀點火(11.0x) 🚬菸屁股 ⚠️暴動高IV(99%),BUY_WATCH,4
PATH,2026-09-18,18.0,0.38,2630,239,87.89074609375,45,13.050000190734863,🚀點火(3.4x) 🚬菸屁股 ⚠️暴動高IV(88%),BUY_WATCH,4
SOUN,2026-09-18,6.0,0.85,801,234,94.5313046875,45,6.099999904632568,🚀點火(3.0x) 🚬菸屁股 ⚠️暴動高IV(95%),BUY_WATCH,4
IONQ,2026-09-18,70.0,0.77,3479,226,114.16058544921874,45,38.849998474121094,🚀點火(2.6x) 🚬菸屁股 ⚠️暴動高IV(114%),BUY_WATCH,4
OPEN,2026-09-18,6.0,0.13,6562,223,103.51610742187502,45,3.940000057220459,🚀點火(4.0x) 🚬菸屁股 ⚠️暴動高IV(104%),BUY_WATCH,4
ORCL,2026-09-18,270.0,0.67,5572,213,93.945373046875,45,141.85000610351562,🚀點火(2.7x) 🚬菸屁股 ⚠️暴動高IV(94%),BUY_WATCH,4
CRWV,2026-09-18,280.0,0.06,4938,210,120.3128984375,45,85.76000213623047,🚀點火(3.4x) 🚬菸屁股 ⚠️暴動高IV(120%),BUY_WATCH,4
ACHR,2026-09-18,6.0,0.23,1364,202,85.54701953125,45,4.840000152587891,🚀點火(3.7x) 🚬菸屁股 ⚠️暴動高IV(86%),BUY_WATCH,4
UPST,2026-08-21,40.0,0.27,1558,194,96.87503124999999,17,29.43000030517578,🚀點火(6.1x) 🚬菸屁股 ⚠️暴動高IV(97%),BUY_WATCH,4
SMCI,2026-09-18,45.0,0.63,7441,191,98.82813671875,45,28.639999389648438,🚀點火(5.6x) 🚬菸屁股 ⚠️暴動高IV(99%),BUY_WATCH,4
ONDS,2026-09-18,18.0,0.11,10562,180,126.95349023437497,45,8.369999885559082,🚀點火(8.6x) 🚬菸屁股 ⚠️暴動高IV(127%),BUY_WATCH,4
IREN,2026-09-18,90.0,0.28,6916,168,118.35978320312499,45,39.75,🚀點火(6.7x) 🚬菸屁股 ⚠️暴動高IV(118%),BUY_WATCH,4
JOBY,2026-08-21,7.5,0.55,862,168,89.84385156249999,17,7.380000114440918,🚀點火(3.1x) 🚬菸屁股 ⚠️暴動高IV(90%),BUY_WATCH,4
SMCI,2026-09-18,50.0,0.4,11232,161,103.41845166015626,45,28.639999389648438,🚀點火(2.6x) 🚬菸屁股 ⚠️暴動高IV(103%),BUY_WATCH,4
JOBY,2026-08-21,8.0,0.39,3166,161,91.4063359375,17,7.380000114440918,🚀點火(3.4x) 🚬菸屁股 ⚠️暴動高IV(91%),BUY_WATCH,4
OKLO,2026-08-21,55.0,0.76,2228,157,108.3988955078125,17,41.220001220703125,🚀點火(2.5x) 🚬菸屁股 ⚠️暴動高IV(108%),BUY_WATCH,4
ACHR,2026-09-18,7.0,0.11,755,150,85.937640625,45,4.840000152587891,🚀點火(6.2x) 🚬菸屁股 ⚠️暴動高IV(86%),BUY_WATCH,4
ONDS,2026-09-18,16.0,0.15,10706,132,118.75040625,45,8.369999885559082,🚀點火(2.8x) 🚬菸屁股 ⚠️暴動高IV(119%),BUY_WATCH,4
PATH,2026-09-18,17.0,0.51,1210,128,86.62122753906249,45,13.050000190734863,🚀點火(5.8x) 🚬菸屁股 ⚠️暴動高IV(87%),BUY_WATCH,4
UPST,2026-09-18,40.0,0.8,5799,118,81.29901513671875,45,29.43000030517578,🚀點火(5.4x) 🚬菸屁股 ⚠️暴動高IV(81%),BUY_WATCH,4
NNE,2026-08-21,20.0,0.8,886,109,100.9770576171875,17,17.579999923706055,🚀點火(4.4x) 🚬菸屁股 ⚠️暴動高IV(101%),BUY_WATCH,4
HIMS,2026-09-18,50.0,0.58,2137,98,99.2187578125,45,30.81999969482422,🚀點火(2.7x) 🚬菸屁股 ⚠️暴動高IV(99%),BUY_WATCH,4
KTOS,2026-08-21,65.0,0.46,1715,97,90.3321279296875,17,49.209999084472656,🚀點火(3.5x) 🚬菸屁股 ⚠️暴動高IV(90%),BUY_WATCH,4
OPEN,2026-09-18,8.0,0.05,10591,92,127.34411328124997,45,3.940000057220459,🚀點火(4.4x) 🚬菸屁股 ⚠️暴動高IV(127%),BUY_WATCH,4
LUNR,2026-09-18,20.0,0.59,2492,73,120.60586572265623,45,13.100000381469727,🚀點火(3.3x) 🚬菸屁股 ⚠️暴動高IV(121%),BUY_WATCH,4
NVDA,2026-08-07,200.0,8.05,44910,21927,42.57869921875,3,206.63999938964844,🎲末日結算 🆕新倉暴量 🔥萬人塚,HOLD,3
ORCL,2026-08-21,150.0,5.4,21507,20804,67.59065612792969,17,141.85000610351562,🆕新倉暴量,HOLD,3
NVDA,2026-08-07,207.5,3.4,41633,17857,39.96642065429688,3,206.63999938964844,🎲末日結算 🆕新倉暴量 🔥萬人塚,HOLD,3
NVDA,2027-01-15,260.0,8.07,19696,13045,42.79232012939453,164,206.63999938964844,🆕新倉暴量,HOLD,3
NVDA,2026-08-21,230.0,0.97,74419,11556,38.15979809570312,17,206.63999938964844,🚬菸屁股 🔥萬人塚,HOLD,3
NVDA,2026-08-21,205.0,8.2,24101,11142,39.78331701660156,17,206.63999938964844,🆕新倉暴量,HOLD,3
NVDA,2026-08-07,202.5,6.2,31178,9786,41.23593920898438,3,206.63999938964844,🎲末日結算 🆕新倉暴量 🔥萬人塚,HOLD,3
NVDA,2026-09-18,260.0,1.02,27396,9425,42.60311303710938,45,206.63999938964844,🚀點火(22.2x),HOLD,3
AAPL,2026-08-07,325.0,0.23,7455,7377,34.76627734375,3,303.4200134277344,🎲末日結算 🆕新倉暴量 🚬菸屁股 🏛️機構場,GAMBLE,3
SOFI,2026-08-21,17.0,1.46,17658,7014,52.14891601562499,17,18.030000686645508,🚀點火(2.8x),HOLD,3
SOFI,2026-09-18,18.0,1.36,14464,6884,52.83250292968751,45,18.030000686645508,🚀點火(2.8x),HOLD,3
IBIT,2026-08-07,36.5,0.38,15953,6733,32.031929687499996,3,36.15999984741211,🎲末日結算 🆕新倉暴量 🚬菸屁股 🏛️機構場,GAMBLE,3
PLTR,2026-08-21,140.0,4.06,22219,6638,79.51680639648437,17,125.6500015258789,🆕新倉暴量,HOLD,3
HOOD,2026-08-21,100.0,2.35,12627,6519,69.01886450195313,17,90.33999633789062,🆕新倉暴量,HOLD,3
IBIT,2026-09-18,40.0,0.57,53993,6099,35.01041552734374,45,36.15999984741211,🚬菸屁股 🔥萬人塚,HOLD,3
IBIT,2026-08-07,36.0,0.62,27095,6097,33.008482421874994,3,36.15999984741211,🎲末日結算 🆕新倉暴量 🚬菸屁股 🏛️機構場,GAMBLE,3
CRWV,2026-08-21,100.0,4.5,66345,5923,119.21427111816408,17,85.76000213623047,🚀點火(4.9x) 🔥萬人塚 ⚠️暴動高IV(119%),HOLD,3
BA,2026-08-21,240.0,4.76,8383,5771,35.352208984375,17,233.49000549316406,🚀點火(3.6x),HOLD,3
NVDA,2026-12-18,228.0,14.52,19649,5515,44.75763250732422,136,206.63999938964844,🆕新倉暴量,HOLD,3
INTC,2026-10-16,110.0,6.95,17229,5407,79.89522058105469,73,91.0,🆕新倉暴量,HOLD,3
NVDA,2026-08-21,207.5,6.9,6353,5286,39.39269592285156,17,206.63999938964844,🆕新倉暴量,HOLD,3
IBM,2026-08-21,250.0,1.69,7593,5210,41.58993957519531,17,226.30999755859375,🆕新倉暴量,HOLD,3
NVDA,2026-08-21,250.0,0.19,90819,5157,42.2857333984375,17,206.63999938964844,🚬菸屁股 🔥萬人塚,HOLD,3
AMZN,2026-08-21,320.0,0.66,45640,5066,34.71744970703124,17,284.0199890136719,🚬菸屁股 🔥萬人塚,HOLD,3
NVDA,2026-08-21,202.5,9.63,7543,4916,40.28380029296875,17,206.63999938964844,🆕新倉暴量,HOLD,3
AMZN,2026-09-18,325.0,2.39,5364,4871,33.71648315429688,45,284.0199890136719,🚀點火(2.7x),HOLD,3
AMZN,2026-09-18,320.0,3.03,7305,4803,33.64324169921875,45,284.0199890136719,🆕新倉暴量,HOLD,3
ORCL,2026-08-21,165.0,2.24,6689,4733,69.58038232421876,17,141.85000610351562,🚀點火(7.4x),HOLD,3
BA,2026-09-18,250.0,5.53,7340,4638,35.01651898193359,45,233.49000549316406,🆕新倉暴量,HOLD,3
AMZN,2026-09-18,315.0,3.83,6150,4520,33.5944140625,45,284.0199890136719,🚀點火(4.3x),HOLD,3
NVDA,2026-09-18,215.0,9.15,21232,4512,42.963216857910155,45,206.63999938964844,🆕新倉暴量,HOLD,3
ORCL,2026-08-21,155.0,4.2,6617,4282,68.37189831542969,17,141.85000610351562,🆕新倉暴量,HOLD,3
INTC,2026-12-18,80.0,23.58,13612,4272,82.59294750976561,136,91.0,🆕新倉暴量,HOLD,3
NVDA,2026-10-16,205.0,17.1,10419,4248,44.446356323242185,73,206.63999938964844,🆕新倉暴量,HOLD,3
IREN,2026-12-18,60.0,5.55,4976,4240,111.57270776367186,136,39.75,🆕新倉暴量,HOLD,3
IBIT,2026-08-07,37.5,0.1,12872,4229,30.86006640625,3,36.15999984741211,🎲末日結算 🆕新倉暴量 🚬菸屁股 🏛️機構場,GAMBLE,3
PLTR,2026-09-18,150.0,4.1,14069,3999,64.89292919921876,45,125.6500015258789,🆕新倉暴量,HOLD,3
PLTR,2027-01-15,200.0,4.17,17938,3814,61.18202880859377,164,125.6500015258789,🆕新倉暴量,HOLD,3
NVDA,2026-10-16,210.0,14.63,15227,3750,43.53388986206055,73,206.63999938964844,🆕新倉暴量,HOLD,3
ONDS,2026-12-18,8.0,2.27,12071,3705,106.73874755859379,136,8.369999885559082,🆕新倉暴量,HOLD,3
NVDA,2026-08-21,212.5,4.75,5578,3569,38.61145373535155,17,206.63999938964844,🆕新倉暴量,HOLD,3
ORCL,2026-08-21,175.0,1.28,5634,3568,71.50907397460938,17,141.85000610351562,🚀點火(25.0x),HOLD,3
BA,2026-08-21,250.0,2.01,10009,3566,34.8639326171875,17,233.49000549316406,🚀點火(19.1x),HOLD,3
NVDA,2026-10-16,200.0,19.8,8858,3245,44.586735778808595,73,206.63999938964844,🆕新倉暴量,HOLD,3
INTC,2026-08-21,120.0,0.69,42328,2982,84.76577734374999,17,91.0,🚬菸屁股 🔥萬人塚,HOLD,3
AMZN,2026-09-18,330.0,1.86,3147,2892,33.667655517578126,45,284.0199890136719,🚀點火(9.5x),HOLD,3
PLTR,2026-09-18,140.0,6.48,7928,2799,64.99058447265625,45,125.6500015258789,🆕新倉暴量,HOLD,3
HOOD,2026-09-18,120.0,1.64,5559,2798,68.94562304687501,45,90.33999633789062,🆕新倉暴量,HOLD,3
ORCL,2026-08-21,190.0,0.54,5120,2682,76.17211328125,17,141.85000610351562,🚀點火(>50x) 🚬菸屁股 ⚠️尾段價外(34%),BUY_WATCH,3
AMZN,2026-12-18,360.0,5.58,3022,2575,37.61048718261719,136,284.0199890136719,🆕新倉暴量,HOLD,3
PLTR,2026-08-21,145.0,2.97,6501,2510,78.21066711425782,17,125.6500015258789,🆕新倉暴量,HOLD,3
ORCL,2026-10-16,200.0,4.8,10175,2331,75.08569836425781,73,141.85000610351562,🆕新倉暴量,HOLD,3
OPEN,2026-08-21,5.0,0.12,31223,2283,118.75040625,17,3.940000057220459,🚬菸屁股 🔥萬人塚,HOLD,3
ZM,2026-09-18,110.0,3.55,5349,2268,54.321745849609385,45,98.25,🆕新倉暴量,HOLD,3
ORCL,2026-12-18,280.0,2.97,2178,2094,76.19652709960938,136,141.85000610351562,🆕新倉暴量,HOLD,3
IBM,2026-08-21,235.0,4.8,1898,2070,41.78525012207031,17,226.30999755859375,🆕新倉暴量,HOLD,3
ORCL,2026-12-18,300.0,2.2,5375,2028,75.95238891601564,136,141.85000610351562,🆕新倉暴量,HOLD,3
SOFI,2026-09-18,16.0,2.66,6434,1801,55.078574218750006,45,18.030000686645508,🆕新倉暴量,HOLD,3
PLTR,2026-09-18,180.0,1.13,7779,1737,67.4075524902344,45,125.6500015258789,🚀點火(28.0x),HOLD,3
CRWV,2026-10-16,140.0,3.65,2993,1709,100.1958115234375,73,85.76000213623047,🆕新倉暴量,HOLD,3
MSTR,2026-08-21,130.0,0.34,7864,1687,79.9806689453125,17,94.86000061035156,🚀點火(12.2x) 🚬菸屁股 ⚠️尾段價外(37%),BUY_WATCH,3
SOFI,2026-10-16,18.0,1.8,7046,1620,54.93209130859377,73,18.030000686645508,🆕新倉暴量,HOLD,3
SOFI,2027-01-15,16.0,4.0,2947,1615,63.867548828124995,164,18.030000686645508,🆕新倉暴量,HOLD,3
HOOD,2026-08-21,95.0,3.78,3588,1599,69.28741650390626,17,90.33999633789062,🆕新倉暴量,HOLD,3
CRWV,2026-10-16,155.0,2.5,6100,1574,101.88037341308593,73,85.76000213623047,🆕新倉暴量,HOLD,3
SOFI,2026-10-16,19.0,1.39,4093,1512,54.297332031250015,73,18.030000686645508,🚀點火(3.5x),HOLD,3
DKNG,2026-09-18,25.0,1.4,4166,1452,61.81678808593751,45,23.5,🆕新倉暴量,HOLD,3
ASTS,2026-11-20,150.0,2.22,3838,1441,111.08442895507812,108,63.52000045776367,🆕新倉暴量,HOLD,3
XYZ,2026-09-18,95.0,2.03,2339,1417,52.19774365234374,45,82.08999633789062,🆕新倉暴量,HOLD,3
CRWV,2026-10-16,150.0,2.78,5700,1312,101.46533642578123,73,85.76000213623047,🆕新倉暴量,HOLD,3
CRWV,2027-01-15,220.0,2.81,3235,1250,96.0937890625,164,85.76000213623047,🆕新倉暴量,HOLD,3
SOFI,2027-01-15,19.0,2.49,3117,1202,59.91251025390626,164,18.030000686645508,🆕新倉暴量,HOLD,3
SOFI,2026-11-20,22.0,1.08,5855,1162,59.570716796875004,108,18.030000686645508,🚀點火(7.5x),HOLD,3
TSLA,2026-08-21,420.0,0.46,18318,1149,58.93595751953126,17,322.0799865722656,🚀點火(2.6x) 🚬菸屁股 ⚠️尾段價外(30%),BUY_WATCH,3
AZN,2026-08-21,170.0,1.35,1818,1148,36.32876171875,17,157.97000122070312,🆕新倉暴量,HOLD,3
SOFI,2026-11-20,19.0,1.96,2693,1106,59.96133789062501,108,18.030000686645508,🆕新倉暴量,HOLD,3
SOFI,2026-11-20,21.0,1.32,1827,1099,59.766027343750004,108,18.030000686645508,🚀點火(3.4x),HOLD,3
IBIT,2027-01-15,50.0,0.73,46135,1095,42.139250488281256,164,36.15999984741211,🚬菸屁股 🔥萬人塚,HOLD,3
OPEN,2026-08-21,7.0,0.03,30604,1065,146.875265625,17,3.940000057220459,🚀點火(4.6x) 🚬菸屁股 🔥萬人塚 ⚠️尾段價外(78%) ⚠️暴動高IV(147%),BUY_WATCH,3
IBIT,2026-12-18,45.0,1.04,10630,1061,40.7232490234375,136,36.15999984741211,🚀點火(12.9x),HOLD,3
SOFI,2026-08-21,25.0,0.03,22314,1057,69.5315546875,17,18.030000686645508,🚀點火(6.3x) 🚬菸屁股 ⚠️尾段價外(39%),BUY_WATCH,3
IBM,2026-08-21,240.0,3.5,4472,1003,41.79745703125,17,226.30999755859375,🆕新倉暴量,HOLD,3
ONDS,2028-01-21,30.0,1.4,75417,987,103.32079589843752,535,8.369999885559082,🔭LEAPS 🔥萬人塚,HOLD,3
AMZN,2026-12-18,410.0,1.93,1185,945,37.90345300292969,136,284.0199890136719,🆕新倉暴量,HOLD,3
ONDS,2026-12-18,12.0,1.22,4710,935,110.9379453125,136,8.369999885559082,🚀點火(4.3x),HOLD,3
T,2026-09-18,25.0,0.4,31113,914,28.125718749999994,45,23.59000015258789,🚬菸屁股 🔥萬人塚,HOLD,3
IBIT,2026-09-18,45.0,0.13,44858,850,38.184211914062494,45,36.15999984741211,🚬菸屁股 🔥萬人塚,HOLD,3
WMT,2026-11-20,125.0,2.73,1711,837,30.94551477050781,108,110.70999908447266,🆕新倉暴量,HOLD,3
TSLA,2026-08-21,440.0,0.29,7203,818,63.086306640625,17,322.0799865722656,🚀點火(4.1x) 🚬菸屁股 ⚠️尾段價外(37%),BUY_WATCH,3
ORCL,2026-12-18,230.0,5.88,3069,803,74.10304217529296,136,141.85000610351562,🆕新倉暴量,HOLD,3
NVDA,2026-09-18,255.0,1.24,10057,779,42.236905761718745,45,206.63999938964844,🚀點火(3.5x),HOLD,3
SOFI,2026-08-21,24.0,0.03,6964,751,66.40658593750001,17,18.030000686645508,🚀點火(6.6x) 🚬菸屁股 ⚠️尾段價外(33%),BUY_WATCH,3
DKNG,2026-11-20,25.0,2.54,3482,748,62.842168457031256,108,23.5,🆕新倉暴量,HOLD,3
SOFI,2028-01-21,20.0,5.2,31061,723,68.35969140625001,535,18.030000686645508,🔭LEAPS 🔥萬人塚,HOLD,3
AMZN,2026-12-18,400.0,2.33,844,719,37.586073364257814,136,284.0199890136719,🆕新倉暴量,HOLD,3
ORCL,2026-08-21,195.0,0.44,3142,700,79.7853583984375,17,141.85000610351562,🚀點火(6.0x) 🚬菸屁股 ⚠️尾段價外(37%),BUY_WATCH,3
VRT,2026-08-21,300.0,5.46,1191,656,72.21707470703124,17,263.04998779296875,🆕新倉暴量,HOLD,3
SOUN,2026-08-21,8.0,0.16,51267,651,121.09414453124998,17,6.099999904632568,🚬菸屁股 🔥萬人塚,HOLD,3
SOFI,2026-09-18,25.0,0.09,37434,639,56.250437500000004,45,18.030000686645508,🚬菸屁股 🔥萬人塚,HOLD,3
ORLY,2026-08-21,90.0,2.33,2437,620,30.78682495117187,17,89.76000213623047,🆕新倉暴量,HOLD,3
VRT,2026-08-21,350.0,0.8,1215,593,70.16631396484375,17,263.04998779296875,🚀點火(25.8x) 🚬菸屁股 ⚠️尾段價外(33%),BUY_WATCH,3
NVDA,2026-08-21,265.0,0.09,7088,586,47.852083984375,17,206.63999938964844,🚀點火(3.4x) 🚬菸屁股 ⚠️尾段價外(28%),BUY_WATCH,3
RKLB,2026-10-16,110.0,3.2,2365,583,97.90041162109377,73,70.43000030517578,🆕新倉暴量,HOLD,3
TSLA,2026-08-21,460.0,0.2,5529,575,67.38313867187502,17,322.0799865722656,🚀點火(4.4x) 🚬菸屁股 ⚠️尾段價外(43%),BUY_WATCH,3
XYZ,2026-09-18,90.0,3.17,1884,545,52.22215747070311,45,82.08999633789062,🆕新倉暴量,HOLD,3
WMT,2026-08-21,112.0,3.0,767,541,36.59731372070312,17,110.70999908447266,🆕新倉暴量,HOLD,3
BA,2026-09-18,260.0,3.3,4887,530,35.1568984375,45,233.49000549316406,🚀點火(15.1x),HOLD,3
CRWV,2026-10-16,135.0,4.02,1366,512,101.5874061279297,73,85.76000213623047,🆕新倉暴量,HOLD,3
ORCL,2027-01-15,400.0,1.16,11872,506,79.15059912109376,164,141.85000610351562,🚀點火(9.4x),HOLD,3
OPEN,2028-01-21,10.0,0.97,33585,502,105.2739111328125,535,3.940000057220459,🔭LEAPS 🔥萬人塚,HOLD,3
NVDA,2028-01-21,300.0,19.5,92684,496,45.187926055908214,535,206.63999938964844,🔭LEAPS 🔥萬人塚,HOLD,3
IONQ,2027-01-15,55.0,6.0,1605,476,100.7573321533203,164,38.849998474121094,🆕新倉暴量,HOLD,3
SOFI,2026-11-20,16.0,3.5,2029,473,62.646857910156264,108,18.030000686645508,🆕新倉暴量,HOLD,3
NVDA,2028-01-21,250.0,31.55,36514,454,46.43913424682617,535,206.63999938964844,🔭LEAPS 🔥萬人塚,HOLD,3
SOFI,2026-11-20,15.0,4.1,2069,448,62.45154736328126,108,18.030000686645508,🆕新倉暴量,HOLD,3
IBIT,2026-09-18,65.0,0.03,36009,442,66.40658593750001,45,36.15999984741211,🆕低基期(前日Vol7) 🚬菸屁股 🔥萬人塚,HOLD,3
SOFI,2026-12-18,22.0,1.37,3275,442,59.766027343750004,136,18.030000686645508,🚀點火(2.7x),HOLD,3
SOFI,2027-01-15,21.0,1.73,2025,440,59.155681884765634,164,18.030000686645508,🆕新倉暴量,HOLD,3
IBIT,2027-01-15,60.0,0.28,45437,425,45.75249560546876,164,36.15999984741211,🚬菸屁股 🔥萬人塚,HOLD,3
SMR,2026-11-20,9.0,2.05,820,425,107.22702636718753,108,9.010000228881836,🆕新倉暴量,HOLD,3
SOFI,2026-12-18,23.0,1.09,6917,424,59.81485498046876,136,18.030000686645508,🚀點火(6.7x),HOLD,3
IREN,2026-10-16,55.0,4.0,1715,413,118.14005773925783,73,39.75,🆕新倉暴量,HOLD,3
OPEN,2028-01-21,5.0,1.61,33091,394,100.48877880859375,535,3.940000057220459,🔭LEAPS 🔥萬人塚,HOLD,3
OPEN,2027-01-15,4.0,1.0,6031,349,97.26565234374999,164,3.940000057220459,🚀點火(4.3x),HOLD,3
BA,2026-09-18,270.0,1.66,2969,339,34.668622070312495,45,233.49000549316406,🚀點火(9.4x),HOLD,3
OPEN,2028-01-21,20.0,3.25,37480,327,25.00075,535,3.940000057220459,🔭LEAPS 🔥萬人塚,HOLD,3
NVDA,2026-08-21,280.0,0.04,12094,312,51.758294921875006,17,206.63999938964844,🚀點火(14.9x) 🚬菸屁股 ⚠️尾段價外(36%),BUY_WATCH,3
VRT,2026-08-21,330.0,1.84,1865,303,71.17948742675782,17,263.04998779296875,🚀點火(8.2x),HOLD,3
TSLA,2026-08-21,430.0,0.35,7052,298,61.08437353515627,17,322.0799865722656,🚀點火(2.9x) 🚬菸屁股 ⚠️尾段價外(34%),BUY_WATCH,3
ORCL,2026-11-20,280.0,1.85,1738,277,75.94018200683594,108,141.85000610351562,🚀點火(13.8x),HOLD,3
OPEN,2027-01-15,7.0,0.42,51755,263,103.71141894531253,164,3.940000057220459,🚬菸屁股 🔥萬人塚,HOLD,3
ACHR,2027-01-15,10.0,0.26,53444,248,93.7500625,164,4.840000152587891,🚬菸屁股 🔥萬人塚,HOLD,3
PLUG,2027-01-15,2.5,0.41,59201,248,97.26565234374999,164,2.0799999237060547,🚬菸屁股 🔥萬人塚,HOLD,3
SOFI,2026-09-18,32.0,0.03,54338,246,71.0940390625,45,18.030000686645508,🆕低基期(前日Vol17) 🚬菸屁股 🔥萬人塚,HOLD,3
NVDA,2027-01-15,360.0,1.12,7411,243,45.374081420898435,164,206.63999938964844,🚀點火(3.0x),HOLD,3
ACHR,2027-01-15,7.0,0.57,53932,230,89.64854101562499,164,4.840000152587891,🚬菸屁股 🔥萬人塚,HOLD,3
NVDA,2026-10-16,280.0,1.07,9093,218,42.712975219726566,73,206.63999938964844,🚀點火(5.7x),HOLD,3
IBIT,2027-01-15,70.0,0.15,32119,216,50.586431640624994,164,36.15999984741211,🚬菸屁股 🔥萬人塚,HOLD,3
AMZN,2026-08-21,370.0,0.04,43768,199,47.1684970703125,17,284.0199890136719,🚬菸屁股 🔥萬人塚,HOLD,3
NVDA,2026-08-21,310.0,0.02,11437,197,62.890996093750005,17,206.63999938964844,🚀點火(3.5x) 🚬菸屁股 ⚠️尾段價外(50%),BUY_WATCH,3
SOFI,2027-01-15,24.0,1.1,2780,197,59.18009570312501,164,18.030000686645508,🚀點火(4.7x),HOLD,3
BA,2026-08-21,255.0,1.3,8825,196,34.8639326171875,17,233.49000549316406,🚀點火(4.5x),HOLD,3
PLUG,2028-01-21,3.0,0.67,40294,182,97.070341796875,535,2.0799999237060547,🔭LEAPS 🔥萬人塚,HOLD,3
PLUG,2027-01-15,3.0,0.28,45746,177,97.6562734375,164,2.0799999237060547,🚬菸屁股 🔥萬人塚,HOLD,3
ORCL,2026-10-16,240.0,2.03,3190,174,78.07639111328125,73,141.85000610351562,🚀點火(2.8x),HOLD,3
PLUG,2027-01-15,5.0,0.11,34195,146,102.73486132812502,164,2.0799999237060547,🚬菸屁股 🔥萬人塚,HOLD,3
BA,2026-09-18,265.0,2.4,5704,134,34.52213916015625,45,233.49000549316406,🚀點火(3.2x),HOLD,3
VRT,2026-08-21,380.0,0.26,1034,129,71.9729365234375,17,263.04998779296875,🚀點火(6.1x) 🚬菸屁股 ⚠️尾段價外(44%),BUY_WATCH,3
T,2027-01-15,30.0,0.23,50350,125,28.565167480468745,164,23.59000015258789,🚬菸屁股 🔥萬人塚,HOLD,3
ORCL,2026-10-16,260.0,1.45,1133,101,80.63984204101561,73,141.85000610351562,🚀點火(4.6x),HOLD,3
ASTS,2026-11-20,190.0,1.1,1285,91,115.28362670898437,108,63.52000045776367,🚀點火(3.4x),HOLD,3
IBIT,2027-01-15,100.0,0.06,42181,84,61.914443359375014,164,36.15999984741211,🚬菸屁股 🔥萬人塚,HOLD,3
VST,2026-08-21,200.0,0.45,1782,82,62.01209863281252,17,155.94000244140625,🚀點火(3.2x) 🚬菸屁股 ⚠️尾段價外(28%),BUY_WATCH,3
IBIT,2026-11-20,46.0,0.59,51538,74,39.8443515625,108,36.15999984741211,🚬菸屁股 🔥萬人塚,HOLD,3
RKLB,2026-10-16,150.0,1.0,2277,72,101.85595947265624,73,70.43000030517578,🚀點火(2.7x),HOLD,3
NVDA,2028-01-21,400.0,8.33,51332,66,44.824770507812495,535,206.63999938964844,🔭LEAPS 🔥萬人塚,HOLD,3
ORCL,2026-11-20,300.0,1.5,1622,53,78.0275634765625,108,141.85000610351562,🚀點火(2.5x),HOLD,3
IBIT,2026-09-18,55.0,0.04,34818,48,51.95360546875,45,36.15999984741211,🚬菸屁股 🔥萬人塚,HOLD,3
TSLA,2026-09-18,990.0,0.07,38174,43,101.95361523437501,45,322.0799865722656,🚬菸屁股 🔥萬人塚,HOLD,3
IBIT,2027-01-15,140.0,0.04,30286,41,73.82838671875,164,36.15999984741211,🆕低基期(前日Vol15) 🚬菸屁股 🔥萬人塚,HOLD,3
IBIT,2026-09-18,50.0,0.05,40415,33,45.313046875000005,45,36.15999984741211,🚬菸屁股 🔥萬人塚,HOLD,3
SHOP,2026-09-18,175.0,0.79,44053,28,69.09210595703127,45,117.01000213623047,🚬菸屁股 🔥萬人塚,HOLD,3
IREN,2028-01-21,110.0,8.8,52380,24,104.96873687744142,535,39.75,🔭LEAPS 🔥萬人塚,HOLD,3
IBIT,2026-08-21,55.0,0.01,32227,16,73.437765625,17,36.15999984741211,🚬菸屁股 🔥萬人塚,HOLD,3
TSLA,2027-01-15,940.0,0.94,93561,12,69.21417504882812,164,322.0799865722656,🚬菸屁股 🔥萬人塚,HOLD,3
DKNG,2026-11-20,37.5,0.4,30589,3,61.03554589843752,108,23.5,🚬菸屁股 🔥萬人塚,HOLD,3
IBIT,2027-01-15,90.0,0.07,34666,2,58.5941640625,164,36.15999984741211,🚬菸屁股 🔥萬人塚,HOLD,3
SHOP,2026-09-18,195.0,0.5,82802,2,78.9064609375,45,117.01000213623047,🚬菸屁股 🔥萬人塚,HOLD,3
OPEN,2026-08-07,4.5,0.1,14675,29832,156.25021875,3,3.940000057220459,🎲末日結算 🚨異常掃貨 🆕新倉暴量 ⚠️IV頂峰 🚬菸屁股 ⚠️暴動高IV(156%),GAMBLE,2
NVDA,2026-08-21,220.0,2.51,60675,21619,38.06214282226562,17,206.63999938964844,🔥萬人塚,HOLD,2
NVDA,2026-08-21,210.0,5.74,45652,17053,39.087523193359374,17,206.63999938964844,🔥萬人塚,HOLD,2
NVDA,2026-08-21,215.0,3.85,42980,15657,38.52600537109374,17,206.63999938964844,🔥萬人塚,HOLD,2
NVDA,2026-09-18,230.0,4.55,39760,13525,41.98056066894531,45,206.63999938964844,🔥萬人塚,HOLD,2
SOUN,2026-08-07,7.0,0.18,7331,10953,166.40641796875002,3,6.099999904632568,🎲末日結算 🚨異常掃貨 🆕新倉暴量 ⚠️IV頂峰 🚬菸屁股 ⚠️暴動高IV(166%),GAMBLE,2
ONDS,2026-08-07,8.0,0.57,8970,8515,99.804689453125,3,8.369999885559082,🎲末日結算 🆕新倉暴量 🚬菸屁股 ⚠️暴動高IV(100%),GAMBLE,2
NVDA,2026-08-21,200.0,11.25,40635,8166,40.930766479492185,17,206.63999938964844,🔥萬人塚,HOLD,2
NVDA,2026-09-18,200.0,16.4,48701,7924,44.75152905273438,45,206.63999938964844,🔥萬人塚,HOLD,2
GOOG,2026-08-21,370.0,12.5,6521,7749,34.55265643310547,17,372.4700012207031,🆕新倉暴量 🏛️機構場,HOLD,2
SMCI,2026-08-07,30.0,0.71,17829,7406,92.4805439453125,3,28.639999389648438,🎲末日結算 🆕新倉暴量 🚬菸屁股 ⚠️暴動高IV(92%),GAMBLE,2
MSFT,2026-09-18,500.0,16.03,22979,7295,30.881428497314456,45,487.6499938964844,🆕新倉暴量 🏛️機構場,HOLD,2
AAPL,2026-08-21,320.0,2.18,22456,6698,27.814442565917965,17,303.4200134277344,🆕新倉暴量 🏛️機構場,HOLD,2
NVDA,2026-09-18,210.0,11.25,65055,6537,43.50032086181641,45,206.63999938964844,🔥萬人塚,HOLD,2
IBIT,2026-08-21,37.0,0.73,31280,6366,33.35027587890625,17,36.15999984741211,🚬菸屁股 🔥萬人塚 🏛️機構場,HOLD,2
ACHR,2026-08-07,5.0,0.14,9107,5904,87.500125,3,4.840000152587891,🎲末日結算 🆕新倉暴量 🚬菸屁股 ⚠️暴動高IV(88%),GAMBLE,2
NVDA,2026-09-18,220.0,7.29,42505,5793,42.62752685546876,45,206.63999938964844,🔥萬人塚,HOLD,2
SOUN,2026-08-07,6.5,0.31,3263,5202,164.84392578125,3,6.099999904632568,🎲末日結算 🚨異常掃貨 🆕新倉暴量 ⚠️IV頂峰 🚬菸屁股 ⚠️暴動高IV(165%),GAMBLE,2
MSFT,2026-09-18,580.0,1.45,8991,5178,31.165239135742183,45,487.6499938964844,🆕新倉暴量 🏛️機構場,HOLD,2
MSFT,2026-08-21,490.0,12.39,10716,5098,30.890583679199214,17,487.6499938964844,🆕新倉暴量 🏛️機構場,HOLD,2
AMZN,2026-08-21,295.0,4.45,32872,4762,34.35124243164062,17,284.0199890136719,🔥萬人塚,HOLD,2
NVDA,2026-09-18,250.0,1.65,41363,4562,41.93173303222656,45,206.63999938964844,🔥萬人塚,HOLD,2
ONDS,2026-08-07,10.0,0.04,6296,4419,110.15669921875002,3,8.369999885559082,🎲末日結算 🆕新倉暴量 🚬菸屁股 ⚠️暴動高IV(110%),GAMBLE,2
MSTR,2026-08-07,110.0,0.2,6724,4396,80.27363476562499,3,94.86000061035156,🎲末日結算 🆕新倉暴量 🚬菸屁股 ⚠️暴動高IV(80%),GAMBLE,2
NVDA,2026-12-18,200.0,25.89,45140,4342,45.91728887939453,136,206.63999938964844,🔥萬人塚,HOLD,2
AAPL,2026-08-21,340.0,0.37,41378,4259,29.590547851562498,17,303.4200134277344,🚬菸屁股 🔥萬人塚 🏛️機構場,HOLD,2
INTC,2026-08-07,105.0,0.41,5997,4226,90.1368173828125,3,91.0,🎲末日結算 🆕新倉暴量 🚬菸屁股 ⚠️暴動高IV(90%),GAMBLE,2
SMR,2026-08-07,10.0,0.27,3870,4108,146.48464257812498,3,9.010000228881836,🎲末日結算 🆕新倉暴量 🚬菸屁股 ⚠️暴動高IV(146%),GAMBLE,2
IREN,2026-08-07,50.0,0.14,3592,4099,120.3128984375,3,39.75,🎲末日結算 🆕新倉暴量 🚬菸屁股 ⚠️暴動高IV(120%),GAMBLE,2
MSFT,2026-09-18,550.0,3.7,5770,4041,30.39620385742187,45,487.6499938964844,🆕新倉暴量 🏛️機構場,HOLD,2
NVDA,2026-09-18,225.0,5.8,52331,3960,42.212491943359375,45,206.63999938964844,🔥萬人塚,HOLD,2
MSFT,2026-08-21,510.0,5.1,8046,3763,29.968962036132808,17,487.6499938964844,🆕新倉暴量 🏛️機構場,HOLD,2
SOFI,2027-01-15,20.0,2.17,84741,3545,59.86368261718751,164,18.030000686645508,🔥萬人塚,HOLD,2
INTC,2026-08-21,110.0,1.56,32936,3307,83.1056376953125,17,91.0,🔥萬人塚,HOLD,2
TSLA,2027-01-15,400.0,19.17,32896,3272,50.394172821044926,164,322.0799865722656,🔥萬人塚,HOLD,2
NVDA,2026-09-18,240.0,2.73,48524,3140,41.63876721191406,45,206.63999938964844,🔥萬人塚,HOLD,2
GOOG,2026-09-18,400.0,8.0,7638,3140,33.80803497314453,45,372.4700012207031,🆕新倉暴量 🏛️機構場,HOLD,2
MSFT,2026-09-18,490.0,20.35,6585,3139,31.38496350097656,45,487.6499938964844,🆕新倉暴量 🏛️機構場,HOLD,2
MSFT,2026-08-21,520.0,3.15,9329,3125,30.426721130371092,17,487.6499938964844,🆕新倉暴量 🏛️機構場,HOLD,2
SMCI,2026-08-07,31.0,0.46,8848,3029,93.35944140625,3,28.639999389648438,🎲末日結算 🆕新倉暴量 🚬菸屁股 ⚠️暴動高IV(93%),GAMBLE,2
ACHR,2026-08-07,5.5,0.03,5620,2982,85.937640625,3,4.840000152587891,🎲末日結算 🆕新倉暴量 🚬菸屁股 ⚠️暴動高IV(86%),GAMBLE,2
MSFT,2026-09-18,510.0,12.2,5568,2932,30.585410949707036,45,487.6499938964844,🆕新倉暴量 🏛️機構場,HOLD,2
IBIT,2026-08-21,38.0,0.4,47170,2865,32.7155166015625,17,36.15999984741211,🚬菸屁股 🔥萬人塚 🏛️機構場,HOLD,2
MSFT,2026-09-18,520.0,9.2,10844,2752,30.432824584960937,45,487.6499938964844,🆕新倉暴量 🏛️機構場,HOLD,2
SMR,2026-08-07,9.0,0.6,5486,2382,147.65651171875,3,9.010000228881836,🎲末日結算 🆕新倉暴量 🚬菸屁股 ⚠️暴動高IV(148%),GAMBLE,2
SMR,2026-08-07,10.5,0.17,2470,2351,148.4377578125,3,9.010000228881836,🎲末日結算 🆕新倉暴量 🚬菸屁股 ⚠️暴動高IV(148%),GAMBLE,2
SMCI,2026-08-07,35.0,0.07,5431,2284,99.60937890625,3,28.639999389648438,🎲末日結算 🆕新倉暴量 🚬菸屁股 ⚠️暴動高IV(100%),GAMBLE,2
SMCI,2026-08-07,32.0,0.27,3932,2278,94.92192578125,3,28.639999389648438,🎲末日結算 🆕新倉暴量 🚬菸屁股 ⚠️暴動高IV(95%),GAMBLE,2
ORCL,2026-08-07,180.0,0.07,2084,2167,88.2813671875,3,141.85000610351562,🎲末日結算 🆕新倉暴量 🚬菸屁股 ⚠️暴動高IV(88%),GAMBLE,2
SOFI,2027-01-15,25.0,1.01,98462,2082,60.44961425781252,164,18.030000686645508,🔥萬人塚,HOLD,2
IREN,2026-08-07,44.0,0.8,1855,2032,123.24257128906248,3,39.75,🎲末日結算 🆕新倉暴量 🚬菸屁股 ⚠️暴動高IV(123%),GAMBLE,2
JOBY,2026-08-07,8.0,0.17,2903,2020,115.234798828125,3,7.380000114440918,🎲末日結算 🆕新倉暴量 🚬菸屁股 ⚠️暴動高IV(115%),GAMBLE,2
ONDS,2026-08-07,7.5,0.92,2597,1952,99.2187578125,3,8.369999885559082,🎲末日結算 🆕新倉暴量 🚬菸屁股 ⚠️暴動高IV(99%),GAMBLE,2
SMCI,2026-08-07,33.0,0.19,3237,1908,95.11723632812499,3,28.639999389648438,🎲末日結算 🆕新倉暴量 🚬菸屁股 ⚠️暴動高IV(95%),GAMBLE,2
NBIS,2026-08-07,300.0,0.3,1977,1894,141.11357568359378,3,212.5800018310547,🎲末日結算 🆕新倉暴量 🚬菸屁股 ⚠️暴動高IV(141%),GAMBLE,2
AAPL,2026-11-20,400.0,0.89,42954,1893,29.077857666015618,108,303.4200134277344,🚬菸屁股 🔥萬人塚 🏛️機構場,HOLD,2
PLUG,2026-08-07,2.0,0.14,1918,1812,87.500125,3,2.0799999237060547,🎲末日結算 🆕新倉暴量 🚬菸屁股 ⚠️暴動高IV(88%),GAMBLE,2
IONQ,2026-08-07,50.0,0.25,3374,1765,145.703396484375,3,38.849998474121094,🎲末日結算 🆕新倉暴量 🚬菸屁股 ⚠️暴動高IV(146%),GAMBLE,2
LUNR,2026-08-07,13.5,0.55,2115,1714,105.66453417968751,3,13.100000381469727,🎲末日結算 🆕新倉暴量 🚬菸屁股 ⚠️暴動高IV(106%),GAMBLE,2
NVDA,2026-10-16,250.0,3.35,41909,1664,41.425146301269535,73,206.63999938964844,🔥萬人塚,HOLD,2
NVDA,2026-12-18,250.0,7.95,31626,1644,42.8716650390625,136,206.63999938964844,🔥萬人塚,HOLD,2
NVDA,2027-01-15,210.0,23.42,41908,1630,45.300839965820316,164,206.63999938964844,🔥萬人塚,HOLD,2
SOFI,2027-01-15,15.0,4.65,43531,1605,65.03941210937501,164,18.030000686645508,🔥萬人塚,HOLD,2
OKLO,2026-08-07,50.0,0.36,1529,1582,135.547197265625,3,41.220001220703125,🎲末日結算 🆕新倉暴量 🚬菸屁股 ⚠️暴動高IV(136%),GAMBLE,2
NVDA,2027-01-15,300.0,3.15,64936,1525,42.944906494140625,164,206.63999938964844,🔥萬人塚,HOLD,2
NVDA,2026-10-16,230.0,7.3,31779,1513,41.9378364868164,73,206.63999938964844,🔥萬人塚,HOLD,2
DKNG,2026-08-07,25.0,0.55,1581,1512,102.93017285156252,3,23.5,🎲末日結算 🆕新倉暴量 🚬菸屁股 ⚠️暴動高IV(103%),GAMBLE,2
NVDA,2026-10-16,220.0,10.5,84779,1510,42.64583721923829,73,206.63999938964844,🔥萬人塚,HOLD,2
ONDS,2027-01-15,10.0,1.84,48961,1492,106.83640332031253,164,8.369999885559082,🔥萬人塚,HOLD,2
NVDA,2027-01-15,200.0,28.35,89369,1395,45.95390960693359,164,206.63999938964844,🔥萬人塚,HOLD,2
PLTR,2026-09-18,155.0,3.2,60664,1329,64.95396374511719,45,125.6500015258789,🔥萬人塚,HOLD,2
INTC,2026-09-18,110.0,4.5,39940,1328,80.5666005859375,45,91.0,🔥萬人塚,HOLD,2
OPEN,2026-08-07,3.5,0.54,1430,1292,145.3127734375,3,3.940000057220459,🎲末日結算 🆕新倉暴量 🚬菸屁股 ⚠️暴動高IV(145%),GAMBLE,2
HOOD,2026-08-07,110.0,0.06,1871,1227,80.07832421875,3,90.33999633789062,🎲末日結算 🆕新倉暴量 🚬菸屁股 ⚠️暴動高IV(80%),GAMBLE,2
JOBY,2026-08-07,8.5,0.09,1695,1198,114.84417578124999,3,7.380000114440918,🎲末日結算 🆕新倉暴量 🚬菸屁股 ⚠️暴動高IV(115%),GAMBLE,2
SMCI,2026-08-07,31.5,0.35,5372,1147,94.14068359375,3,28.639999389648438,🎲末日結算 🆕新倉暴量 🚬菸屁股 ⚠️暴動高IV(94%),GAMBLE,2
IONQ,2026-08-07,45.0,0.71,2537,1139,141.11357568359378,3,38.849998474121094,🎲末日結算 🆕新倉暴量 🚬菸屁股 ⚠️暴動高IV(141%),GAMBLE,2
UPST,2026-08-07,35.0,0.38,1356,1052,141.60185449218753,3,29.43000030517578,🎲末日結算 🆕新倉暴量 🚬菸屁股 ⚠️暴動高IV(142%),GAMBLE,2
ASTS,2026-08-07,72.0,0.83,1135,1026,112.20747021484377,3,63.52000045776367,🎲末日結算 🆕新倉暴量 🚬菸屁股 ⚠️暴動高IV(112%),GAMBLE,2
JOBY,2026-08-07,9.0,0.05,1905,953,123.43788281249999,3,7.380000114440918,🎲末日結算 🆕新倉暴量 🚬菸屁股 ⚠️暴動高IV(123%),GAMBLE,2
NVDA,2026-09-18,195.0,19.62,85315,888,47.351600708007815,45,206.63999938964844,🔥萬人塚,HOLD,2
PLUG,2026-08-07,2.5,0.01,3994,867,93.7500625,3,2.0799999237060547,🎲末日結算 🆕新倉暴量 🚬菸屁股 ⚠️暴動高IV(94%),GAMBLE,2
SMCI,2026-08-07,32.5,0.22,1063,823,94.92192578125,3,28.639999389648438,🎲末日結算 🆕新倉暴量 🚬菸屁股 ⚠️暴動高IV(95%),GAMBLE,2
IBIT,2026-08-21,35.0,1.85,43876,781,36.817038085937504,17,36.15999984741211,🔥萬人塚,HOLD,2
HIMS,2026-08-07,38.0,0.05,793,750,95.312546875,3,30.81999969482422,🎲末日結算 🆕新倉暴量 🚬菸屁股 ⚠️暴動高IV(95%),GAMBLE,2
IREN,2026-08-07,55.0,0.04,1467,744,124.21912890624998,3,39.75,🎲末日結算 🆕新倉暴量 🚬菸屁股 ⚠️暴動高IV(124%),GAMBLE,2
SMCI,2026-08-21,34.0,1.15,45662,713,109.27779736328125,17,28.639999389648438,🔥萬人塚,HOLD,2
OKLO,2026-08-07,47.0,0.74,916,691,132.51986865234372,3,41.220001220703125,🎲末日結算 🆕新倉暴量 🚬菸屁股 ⚠️暴動高IV(133%),GAMBLE,2
ONDS,2026-08-07,11.0,0.01,2049,673,121.875390625,3,8.369999885559082,🎲末日結算 🆕新倉暴量 🚬菸屁股 ⚠️暴動高IV(122%),GAMBLE,2
IONQ,2026-08-07,47.0,0.42,1456,625,143.5549697265625,3,38.849998474121094,🎲末日結算 🆕新倉暴量 🚬菸屁股 ⚠️暴動高IV(144%),GAMBLE,2
ASTS,2026-08-07,85.0,0.09,1226,607,121.875390625,3,63.52000045776367,🎲末日結算 🆕新倉暴量 🚬菸屁股 ⚠️暴動高IV(122%),GAMBLE,2
MSTR,2026-09-18,100.0,8.15,36341,562,74.93921545410156,45,94.86000061035156,🔥萬人塚,HOLD,2
NVDA,2027-01-15,290.0,4.18,38454,557,42.48714739990235,164,206.63999938964844,🔥萬人塚,HOLD,2
HOOD,2026-08-07,115.0,0.04,990,554,86.7188828125,3,90.33999633789062,🎲末日結算 🆕新倉暴量 🚬菸屁股 ⚠️暴動高IV(87%),GAMBLE,2
NVDA,2027-01-15,230.0,15.49,34835,530,43.78107977294922,164,206.63999938964844,🔥萬人塚,HOLD,2
NVDA,2027-01-15,240.0,12.65,41304,517,43.40266558837891,164,206.63999938964844,🔥萬人塚,HOLD,2
DKNG,2026-08-07,24.0,0.92,2013,504,104.10204199218754,3,23.5,🎲末日結算 🆕新倉暴量 🚬菸屁股 ⚠️暴動高IV(104%),GAMBLE,2
SMCI,2026-08-07,36.0,0.05,1840,493,105.46922265625001,3,28.639999389648438,🎲末日結算 🆕新倉暴量 🚬菸屁股 ⚠️暴動高IV(105%),GAMBLE,2
SMCI,2026-08-07,34.0,0.11,866,446,97.6562734375,3,28.639999389648438,🎲末日結算 🆕新倉暴量 🚬菸屁股 ⚠️暴動高IV(98%),GAMBLE,2
DKNG,2026-08-07,25.5,0.45,1926,446,101.5629921875,3,23.5,🎲末日結算 🆕新倉暴量 🚬菸屁股 ⚠️暴動高IV(102%),GAMBLE,2
U,2026-08-07,40.0,0.46,1302,411,142.578412109375,3,33.380001068115234,🎲末日結算 🆕新倉暴量 🚬菸屁股 ⚠️暴動高IV(143%),GAMBLE,2
SMR,2026-08-07,8.5,0.88,1289,402,146.09401953124998,3,9.010000228881836,🎲末日結算 🆕新倉暴量 🚬菸屁股 ⚠️暴動高IV(146%),GAMBLE,2
ONDS,2027-01-15,15.0,1.01,52998,400,110.35201074218752,164,8.369999885559082,🔥萬人塚,HOLD,2
IREN,2026-09-18,65.0,1.29,30561,377,118.06681591796875,45,39.75,🔥萬人塚,HOLD,2
MSTR,2026-08-21,95.0,6.35,47122,351,73.80397290039062,17,94.86000061035156,🔥萬人塚,HOLD,2
OKLO,2026-12-18,90.0,2.02,53437,263,103.22314013671878,136,41.220001220703125,🔥萬人塚,HOLD,2
INTC,2026-11-20,70.0,27.08,83063,101,85.6324678955078,108,91.0,🔥萬人塚,HOLD,2
SHOP,2026-09-18,160.0,1.55,83469,100,69.60479614257812,45,117.01000213623047,🔥萬人塚,HOLD,2
IBIT,2026-11-20,40.0,1.72,58611,65,39.819937744140624,108,36.15999984741211,🔥萬人塚,HOLD,2
NVDA,2027-01-15,340.0,1.45,72353,54,44.14118359375,164,206.63999938964844,🔥萬人塚,HOLD,2
INTC,2026-12-18,70.0,28.62,49961,50,82.98356860351561,136,91.0,🔥萬人塚,HOLD,2
SHOP,2026-10-16,135.0,7.6,45923,5,64.3558251953125,73,117.01000213623047,🔥萬人塚,HOLD,2
MSFT,2026-08-21,500.0,8.1,62301,47321,30.124600128173828,17,487.6499938964844,🔥萬人塚 🏛️機構場,HOLD,1
TSLA,2026-08-07,330.0,4.06,17127,16067,48.58449853515625,3,322.0799865722656,🎲末日結算 🆕新倉暴量,HOLD,1
ORCL,2026-09-18,200.0,2.95,28901,12516,82.00701586914062,45,141.85000610351562,🆕新倉暴量 ⚠️暴動高IV(82%),HOLD,1
IONQ,2026-08-21,55.0,0.54,12495,10716,113.76996240234377,17,38.849998474121094,🚀點火(44.5x) 🚬菸屁股 ⚠️尾段價外(42%) ⚠️暴動高IV(114%),BUY_WATCH,1
NVDA,2026-08-07,197.5,10.05,25157,8670,48.85305053710938,3,206.63999938964844,🎲末日結算 🆕新倉暴量,HOLD,1
ORCL,2026-09-18,180.0,5.4,18554,8219,81.09149768066406,45,141.85000610351562,🆕新倉暴量 ⚠️暴動高IV(81%),HOLD,1
SOFI,2026-09-18,20.0,0.63,28361,7576,51.758294921875006,45,18.030000686645508,🚬菸屁股,HOLD,1
SOFI,2026-08-07,16.5,1.54,10110,7173,60.15664843750002,3,18.030000686645508,🎲末日結算 🆕新倉暴量,HOLD,1
MSTR,2026-08-07,100.0,1.34,20233,6830,73.19362744140624,3,94.86000061035156,🎲末日結算 🆕新倉暴量,HOLD,1
TSLA,2026-08-07,315.0,11.15,10859,6751,48.87746435546876,3,322.0799865722656,🎲末日結算 🆕新倉暴量,HOLD,1
INTC,2026-09-18,115.0,3.52,10056,6597,81.05487695312499,45,91.0,🆕新倉暴量 ⚠️暴動高IV(81%),HOLD,1
AAPL,2026-09-18,320.0,5.8,34208,6570,28.23558093261719,45,303.4200134277344,🔥萬人塚 🏛️機構場,HOLD,1
TSLA,2026-08-07,317.5,9.75,7546,6427,48.42580871582032,3,322.0799865722656,🎲末日結算 🆕新倉暴量,HOLD,1
HOOD,2026-08-07,93.0,1.89,7789,5736,70.84990087890624,3,90.33999633789062,🎲末日結算 🆕新倉暴量,HOLD,1
HOOD,2026-08-07,90.0,3.13,7775,5417,70.70341796875,3,90.33999633789062,🎲末日結算 🆕新倉暴量,HOLD,1
INTC,2026-08-21,105.0,2.33,11743,5329,82.34880932617187,17,91.0,🆕新倉暴量 ⚠️暴動高IV(82%),HOLD,1
INTC,2026-08-21,100.0,3.5,17695,5194,81.34784277343749,17,91.0,🆕新倉暴量 ⚠️暴動高IV(81%),HOLD,1
SOFI,2026-12-18,40.0,0.12,8123,5092,65.43003320312502,136,18.030000686645508,🆕低基期(前日Vol7) 🚬菸屁股,HOLD,1
HOOD,2026-08-07,92.0,2.28,7621,5084,70.55693505859377,3,90.33999633789062,🎲末日結算 🆕新倉暴量,HOLD,1
MSFT,2026-08-07,480.0,11.93,5005,5025,37.07338317871094,3,487.6499938964844,🎲末日結算 🆕新倉暴量,HOLD,1
IBIT,2026-09-18,46.0,0.11,13815,4762,39.8443515625,45,36.15999984741211,🆕低基期(前日Vol6) 🚬菸屁股,HOLD,1
MSFT,2026-08-07,470.0,19.85,10375,4710,42.957113403320314,3,487.6499938964844,🎲末日結算 🆕新倉暴量,HOLD,1
PLTR,2026-08-21,160.0,1.15,15821,4504,80.61542822265625,17,125.6500015258789,🚀點火(2.7x) ⚠️暴動高IV(81%),HOLD,1
NVDA,2026-08-21,400.0,0.01,12006,4488,89.84385156249999,17,206.63999938964844,🚬菸屁股,HOLD,1
ONDS,2026-09-18,9.0,1.05,16566,4162,108.59420703125,45,8.369999885559082,🚀點火(4.3x) ⚠️暴動高IV(109%),HOLD,1
HOOD,2026-08-07,94.0,1.57,5379,3957,70.8010732421875,3,90.33999633789062,🎲末日結算 🆕新倉暴量,HOLD,1
TSLA,2026-08-07,312.5,12.92,5135,3740,49.14601635742188,3,322.0799865722656,🎲末日結算 🆕新倉暴量,HOLD,1
SOFI,2026-08-07,16.0,2.03,10369,3717,73.437765625,3,18.030000686645508,🎲末日結算 🆕新倉暴量,HOLD,1
PLTR,2026-08-21,130.0,7.24,10306,3654,80.39570385742188,17,125.6500015258789,🆕新倉暴量 ⚠️暴動高IV(80%),HOLD,1
IREN,2026-08-21,40.0,4.28,6693,3418,121.58242333984374,17,39.75,🆕新倉暴量 ⚠️暴動高IV(122%),HOLD,1
RKLB,2026-09-18,100.0,2.63,3800,3377,99.85351708984375,45,70.43000030517578,🆕新倉暴量 ⚠️暴動高IV(100%),HOLD,1
ONDS,2026-09-18,8.0,1.45,8979,3372,106.15281298828126,45,8.369999885559082,🆕新倉暴量 ⚠️暴動高IV(106%),HOLD,1
MSTR,2026-08-07,95.0,3.18,10930,3363,73.77955908203124,3,94.86000061035156,🎲末日結算 🆕新倉暴量,HOLD,1
NVDA,2026-08-07,195.0,12.35,15410,3140,45.703667968750004,3,206.63999938964844,🎲末日結算 🆕新倉暴量,HOLD,1
COIN,2026-08-07,160.0,1.36,6471,3077,79.29708203125,3,146.5,🎲末日結算 🆕新倉暴量,HOLD,1
MSTR,2026-08-07,96.0,2.76,11868,2975,73.1447998046875,3,94.86000061035156,🎲末日結算 🆕新倉暴量,HOLD,1
TSLA,2026-08-07,332.5,3.35,7234,2916,48.60891235351563,3,322.0799865722656,🎲末日結算 🆕新倉暴量,HOLD,1
ORCL,2026-08-21,210.0,0.26,4261,2773,83.69156933593749,17,141.85000610351562,🚀點火(>50x) 🚬菸屁股 ⚠️尾段價外(48%) ⚠️暴動高IV(84%),BUY_WATCH,1
TSLA,2026-08-21,400.0,0.73,19032,2621,54.517056396484385,17,322.0799865722656,🚬菸屁股,HOLD,1
AMZN,2026-10-16,370.0,0.88,5108,2564,35.022622436523434,73,284.0199890136719,🆕低基期(前日Vol15) 🚬菸屁股,HOLD,1
AMZN,2026-08-07,282.5,5.7,5560,2543,38.59924682617187,3,284.0199890136719,🎲末日結算 🆕新倉暴量,HOLD,1
NVDA,2026-08-21,460.0,0.01,7039,2472,101.5629921875,17,206.63999938964844,🚬菸屁股,HOLD,1
CRWV,2026-08-21,110.0,2.61,5645,2432,119.9711032714844,17,85.76000213623047,🚀點火(2.7x) ⚠️暴動高IV(120%),HOLD,1
RKLB,2026-09-18,120.0,1.06,3440,2371,101.61182006835938,45,70.43000030517578,🚀點火(19.6x) ⚠️暴動高IV(102%),HOLD,1
IBIT,2026-09-18,39.0,0.8,19734,2339,35.1568984375,45,36.15999984741211,🚬菸屁股,HOLD,1
CRWV,2026-09-18,160.0,0.98,2373,2269,107.03171484375002,45,85.76000213623047,🆕低基期(前日Vol1) 🚬菸屁股,HOLD,1
PLUG,2026-09-18,3.5,0.05,12742,2161,115.625421875,45,2.0799999237060547,🚬菸屁股,HOLD,1
NVDA,2026-08-21,235.0,0.61,25691,2150,38.721315917968745,17,206.63999938964844,🚬菸屁股,HOLD,1
ORCL,2026-08-21,200.0,0.34,14265,2088,79.7853583984375,17,141.85000610351562,🚬菸屁股,HOLD,1
ONDS,2026-08-21,8.0,1.03,8249,2037,111.328568359375,17,8.369999885559082,🚀點火(3.2x) ⚠️暴動高IV(111%),HOLD,1
JOBY,2026-08-21,15.0,0.01,5010,2000,140.625296875,17,7.380000114440918,🆕低基期(前日Vol4) 🚬菸屁股,HOLD,1
CRWV,2026-08-21,140.0,0.48,5215,1885,121.38711181640622,17,85.76000213623047,🚀點火(>50x) 🚬菸屁股 ⚠️尾段價外(63%) ⚠️暴動高IV(121%),BUY_WATCH,1
IREN,2026-08-21,55.0,0.71,13325,1871,117.57853710937498,17,39.75,🚬菸屁股,HOLD,1
IBIT,2026-08-21,36.0,1.19,32799,1854,34.37565625,17,36.15999984741211,🔥萬人塚 🏛️機構場,HOLD,1
ORCL,2026-08-21,300.0,0.05,12026,1805,117.96916015624998,17,141.85000610351562,🚀點火(>50x) 🚬菸屁股 ⚠️尾段價外(111%) ⚠️暴動高IV(118%),BUY_WATCH,1
IBIT,2026-10-16,43.0,0.53,11566,1724,37.793590820312495,73,36.15999984741211,🚬菸屁股,HOLD,1
RKLB,2026-08-21,100.0,0.78,10168,1708,109.18014160156251,17,70.43000030517578,🚬菸屁股,HOLD,1
SOUN,2026-08-21,7.5,0.22,19296,1686,117.96916015624998,17,6.099999904632568,🚬菸屁股,HOLD,1
IBIT,2026-09-18,95.0,0.02,8401,1655,96.0937890625,45,36.15999984741211,🚬菸屁股,HOLD,1
IBIT,2026-09-18,100.0,0.01,16114,1642,100.0005,45,36.15999984741211,🚬菸屁股,HOLD,1
MSTR,2026-08-21,120.0,0.74,8755,1610,76.51390673828125,17,94.86000061035156,🚬菸屁股,HOLD,1
PLTR,2026-08-21,200.0,0.19,10125,1609,94.2383388671875,17,125.6500015258789,🚀點火(5.5x) 🚬菸屁股 ⚠️尾段價外(59%) ⚠️暴動高IV(94%),BUY_WATCH,1
ONDS,2026-09-18,11.0,0.55,16904,1583,110.15669921875002,45,8.369999885559082,🚬菸屁股,HOLD,1
IBM,2026-08-07,230.0,2.85,1735,1553,42.212491943359375,3,226.30999755859375,🎲末日結算 🆕新倉暴量,HOLD,1
SMR,2026-08-21,14.0,0.07,7807,1520,123.43788281249999,17,9.010000228881836,🆕低基期(前日Vol5) 🚬菸屁股,HOLD,1
HOOD,2026-08-07,88.0,4.4,1692,1509,71.72879833984375,3,90.33999633789062,🎲末日結算 🆕新倉暴量,HOLD,1
PLTR,2026-09-18,410.0,0.03,7769,1462,108.59420703125,45,125.6500015258789,🆕低基期(前日Vol3) 🚬菸屁股,HOLD,1
NVDA,2026-08-21,360.0,0.01,8394,1458,71.87528125,17,206.63999938964844,🚬菸屁股,HOLD,1
HOOD,2026-08-21,160.0,0.01,10366,1413,100.39112304687498,17,90.33999633789062,🚬菸屁股,HOLD,1
INTC,2026-08-21,150.0,0.06,22077,1348,91.01571484374999,17,91.0,🚬菸屁股,HOLD,1
IREN,2026-08-21,60.0,0.4,10139,1308,118.55509472656249,17,39.75,🚀點火(3.8x) 🚬菸屁股 ⚠️尾段價外(51%) ⚠️暴動高IV(119%),BUY_WATCH,1
NVDA,2026-08-21,260.0,0.11,22031,1297,45.898978515625004,17,206.63999938964844,🚬菸屁股,HOLD,1
CRWV,2026-09-18,130.0,2.8,7516,1292,105.83543176269532,45,85.76000213623047,🚀點火(8.6x) ⚠️暴動高IV(106%),HOLD,1
CRWV,2026-08-21,120.0,1.49,17081,1289,120.60586572265623,17,85.76000213623047,🚀點火(2.5x) ⚠️暴動高IV(121%),HOLD,1
WMT,2026-09-18,130.0,0.47,12888,1273,31.275101318359372,45,110.70999908447266,🚬菸屁股,HOLD,1
ACHR,2026-08-21,5.0,0.34,5681,1267,92.9688203125,17,4.840000152587891,🚬菸屁股,HOLD,1
WMT,2026-08-21,120.0,0.8,11019,1247,36.03579589843749,17,110.70999908447266,🚬菸屁股,HOLD,1
TSLA,2026-08-21,500.0,0.1,19124,1243,74.60962890625001,17,322.0799865722656,🚬菸屁股,HOLD,1
AAPL,2027-01-15,300.0,27.0,66172,1239,32.15247291564941,164,303.4200134277344,🔥萬人塚 🏛️機構場,HOLD,1
NVDA,2027-01-15,460.0,0.34,11823,1201,50.63525927734375,164,206.63999938964844,🆕低基期(前日Vol17) 🚬菸屁股,HOLD,1
LUNR,2026-08-21,20.0,0.18,1426,1187,135.547197265625,17,13.100000381469727,🚀點火(31.2x) 🚬菸屁股 ⚠️尾段價外(53%) ⚠️暴動高IV(136%),BUY_WATCH,1
NBIS,2026-09-18,440.0,4.3,1197,1166,133.26449383544917,45,212.5800018310547,🆕新倉暴量 ⚠️暴動高IV(133%),HOLD,1
PLTR,2026-08-21,170.0,0.64,6620,1164,82.51970605468748,17,125.6500015258789,🚀點火(3.3x) 🚬菸屁股 ⚠️尾段價外(35%) ⚠️暴動高IV(83%),BUY_WATCH,1
SOUN,2026-08-21,9.0,0.09,4403,1150,127.34411328124997,17,6.099999904632568,🚀點火(5.1x) 🚬菸屁股 ⚠️尾段價外(48%) ⚠️暴動高IV(127%),BUY_WATCH,1
ASTS,2026-08-21,90.0,1.22,6463,1132,126.85583447265623,17,63.52000045776367,🚀點火(10.3x) ⚠️暴動高IV(127%),HOLD,1
IBIT,2026-10-16,50.0,0.15,17997,1115,42.67635449218751,73,36.15999984741211,🚬菸屁股,HOLD,1
PLUG,2026-09-18,4.5,0.03,10133,1107,126.56286718749999,45,2.0799999237060547,🚬菸屁股,HOLD,1
NVDA,2026-08-21,255.0,0.14,8132,1082,43.945873046875,17,206.63999938964844,🚬菸屁股,HOLD,1
PLTR,2026-08-21,180.0,0.38,9257,1069,85.54701953125,17,125.6500015258789,🚀點火(5.7x) 🚬菸屁股 ⚠️尾段價外(43%) ⚠️暴動高IV(86%),BUY_WATCH,1
OPEN,2026-08-21,4.0,0.36,6578,1064,106.64109179687502,17,3.940000057220459,🚬菸屁股,HOLD,1
INTC,2026-08-21,130.0,0.31,14812,1020,86.8165380859375,17,91.0,🚬菸屁股,HOLD,1
HIMS,2026-08-21,35.0,1.64,8635,1005,110.88911743164064,17,30.81999969482422,🚀點火(5.6x) ⚠️暴動高IV(111%),HOLD,1
HOOD,2026-08-21,110.0,0.82,9136,986,69.43389941406251,17,90.33999633789062,🚬菸屁股,HOLD,1
SOFI,2026-08-21,23.0,0.04,12061,979,57.812921875,17,18.030000686645508,🚬菸屁股,HOLD,1
RKLB,2026-09-18,90.0,4.08,2138,976,99.31641308593751,45,70.43000030517578,🆕新倉暴量 ⚠️暴動高IV(99%),HOLD,1
IREN,2026-08-21,49.0,1.48,1809,966,117.67619287109375,17,39.75,🆕新倉暴量 ⚠️暴動高IV(118%),HOLD,1
PATH,2026-08-21,14.0,0.5,9432,963,69.72686523437501,17,13.050000190734863,🚬菸屁股,HOLD,1
AMZN,2026-08-21,325.0,0.42,3702,962,35.205726074218745,17,284.0199890136719,🚬菸屁股,HOLD,1
SOFI,2027-01-15,27.0,0.76,19830,960,60.205476074218765,164,18.030000686645508,🚬菸屁股,HOLD,1
ASTS,2026-08-21,100.0,0.65,25220,943,130.85972070312496,17,63.52000045776367,🚬菸屁股,HOLD,1
OPEN,2026-08-21,4.5,0.21,1315,941,110.15669921875002,17,3.940000057220459,🚬菸屁股,HOLD,1
MSTR,2026-09-18,150.0,0.81,7057,929,80.37129003906249,45,94.86000061035156,🚬菸屁股,HOLD,1
NVDA,2026-08-21,245.0,0.28,14577,927,40.86973193359375,17,206.63999938964844,🚬菸屁股,HOLD,1
CRWV,2026-08-21,97.5,5.1,2489,913,119.3363408203125,17,85.76000213623047,🆕新倉暴量 ⚠️暴動高IV(119%),HOLD,1
AAPL,2027-01-15,600.0,0.04,8745,912,36.133451171874995,164,303.4200134277344,🚬菸屁股,HOLD,1
HOOD,2026-08-21,120.0,0.33,14265,896,72.6565234375,17,90.33999633789062,🚬菸屁股,HOLD,1
BA,2026-08-07,237.5,2.18,852,894,36.96352099609375,3,233.49000549316406,🎲末日結算 🆕新倉暴量,HOLD,1
RKLB,2026-08-21,80.0,3.5,3446,881,106.34812451171878,17,70.43000030517578,🆕新倉暴量 ⚠️暴動高IV(106%),HOLD,1
MSTR,2026-08-21,150.0,0.13,9755,872,93.6524072265625,17,94.86000061035156,🚬菸屁股,HOLD,1
T,2026-09-18,24.0,0.75,7090,841,29.10227148437499,45,23.59000015258789,🚬菸屁股,HOLD,1
HIMS,2026-08-21,40.0,0.66,10037,829,112.01215869140624,17,30.81999969482422,🚬菸屁股,HOLD,1
TSLA,2026-08-21,410.0,0.62,6183,827,56.665472412109374,17,322.0799865722656,🚬菸屁股,HOLD,1
TSLA,2026-08-21,450.0,0.24,13365,826,65.18589501953126,17,322.0799865722656,🚬菸屁股,HOLD,1
SMR,2026-08-21,10.0,0.53,6532,818,111.328568359375,17,9.010000228881836,🚬菸屁股,HOLD,1
CRWV,2026-08-21,150.0,0.26,5490,806,123.047259765625,17,85.76000213623047,🚀點火(3.3x) 🚬菸屁股 ⚠️尾段價外(75%) ⚠️暴動高IV(123%),BUY_WATCH,1
MSTR,2026-08-21,125.0,0.49,8253,783,77.68577001953125,17,94.86000061035156,🚬菸屁股,HOLD,1
IBIT,2026-09-18,41.0,0.4,5765,782,35.2545537109375,45,36.15999984741211,🚬菸屁股,HOLD,1
TSLA,2026-08-21,390.0,0.97,6353,780,52.539537109375004,17,322.0799865722656,🚬菸屁股,HOLD,1
AAPL,2026-10-16,360.0,1.65,78801,777,28.064684204101553,73,303.4200134277344,🔥萬人塚 🏛️機構場,HOLD,1
SOFI,2028-01-21,15.0,7.15,29247,771,70.48369360351563,535,18.030000686645508,🔭LEAPS,HOLD,1
IBM,2026-08-07,225.0,5.2,993,765,43.79939013671875,3,226.30999755859375,🎲末日結算 🆕新倉暴量,HOLD,1
AAPL,2028-01-21,300.0,52.97,20879,764,35.76114044189453,535,303.4200134277344,🔭LEAPS,HOLD,1
PLTR,2028-01-21,200.0,19.55,12294,754,63.02222036743165,535,125.6500015258789,🆕低基期(前日Vol15) 🔭LEAPS,HOLD,1
HOOD,2026-08-21,115.0,0.51,4484,753,71.9729365234375,17,90.33999633789062,🚬菸屁股,HOLD,1
ONDS,2026-09-18,12.0,0.42,17253,742,112.89106054687501,45,8.369999885559082,🚬菸屁股,HOLD,1
CRM,2026-08-07,190.0,2.5,2445,730,49.170430175781256,3,185.9499969482422,🎲末日結算 🆕新倉暴量,HOLD,1
ONDS,2026-09-18,20.0,0.07,12793,725,129.6878515625,45,8.369999885559082,🚬菸屁股,HOLD,1
SOFI,2026-10-16,22.0,0.58,3159,714,53.80905566406251,73,18.030000686645508,🚬菸屁股,HOLD,1
HIMS,2026-08-21,50.0,0.14,6444,698,118.55509472656249,17,30.81999969482422,🚀點火(7.3x) 🚬菸屁股 ⚠️尾段價外(62%) ⚠️暴動高IV(119%),BUY_WATCH,1
IONQ,2026-09-18,45.0,3.38,3401,695,101.70947583007815,45,38.849998474121094,🆕新倉暴量 ⚠️暴動高IV(102%),HOLD,1
ONDS,2028-01-21,10.0,3.65,20705,687,105.22508325195315,535,8.369999885559082,🔭LEAPS,HOLD,1
SMCI,2026-08-21,50.0,0.11,16104,668,130.07847460937495,17,28.639999389648438,🚀點火(2.8x) 🚬菸屁股 ⚠️尾段價外(75%) ⚠️暴動高IV(130%),BUY_WATCH,1
ORCL,2026-08-21,250.0,0.09,9462,649,100.58643457031249,17,141.85000610351562,🚀點火(7.0x) 🚬菸屁股 ⚠️尾段價外(76%) ⚠️暴動高IV(101%),BUY_WATCH,1
ORLY,2028-01-21,160.0,1.7,1262,644,33.61882788085938,535,89.76000213623047,🔭LEAPS,HOLD,1
CRWV,2026-08-21,95.0,5.85,2324,641,119.40958264160156,17,85.76000213623047,🆕新倉暴量 ⚠️暴動高IV(119%),HOLD,1
NVDA,2026-08-21,270.0,0.07,15310,640,49.5122236328125,17,206.63999938964844,🚬菸屁股,HOLD,1
SOFI,2026-12-18,30.0,0.37,19412,623,62.01209863281252,136,18.030000686645508,🚬菸屁股,HOLD,1
RKLB,2026-08-21,150.0,0.07,9115,621,133.20345898437495,17,70.43000030517578,🚀點火(31.1x) 🚬菸屁股 ⚠️尾段價外(113%) ⚠️暴動高IV(133%),BUY_WATCH,1
PATH,2026-08-21,18.0,0.05,18315,621,80.4689453125,17,13.050000190734863,🚀點火(10.2x) 🚬菸屁股 ⚠️尾段價外(38%) ⚠️暴動高IV(80%),BUY_WATCH,1
HOOD,2026-08-21,150.0,0.02,3538,620,84.37515624999999,17,90.33999633789062,🚬菸屁股,HOLD,1
ORCL,2026-09-18,250.0,0.92,12181,617,88.96495410156248,45,141.85000610351562,🚬菸屁股,HOLD,1
TSLA,2026-09-18,750.0,0.14,5403,607,85.35170898437501,45,322.0799865722656,🆕低基期(前日Vol3) 🚬菸屁股,HOLD,1
ONDS,2026-12-18,20.0,0.49,4214,599,110.9379453125,136,8.369999885559082,🆕低基期(前日Vol1) 🚬菸屁股,HOLD,1
OKLO,2026-08-21,60.0,0.43,3176,598,112.5004375,17,41.220001220703125,🚬菸屁股,HOLD,1
INTC,2026-09-18,150.0,0.7,20148,593,84.32632861328125,45,91.0,🚬菸屁股,HOLD,1
SOFI,2026-08-21,27.0,0.02,4868,593,82.81267187499999,17,18.030000686645508,🚀點火(5.3x) 🚬菸屁股 ⚠️尾段價外(50%) ⚠️暴動高IV(83%),BUY_WATCH,1
AAPL,2027-01-15,320.0,17.45,34974,576,30.072720764160156,164,303.4200134277344,🔥萬人塚 🏛️機構場,HOLD,1
SOFI,2028-01-21,25.0,3.82,16042,576,66.87044848632814,535,18.030000686645508,🔭LEAPS,HOLD,1
ONDS,2026-08-21,9.5,0.47,3009,574,115.234798828125,17,8.369999885559082,🚬菸屁股,HOLD,1
IONQ,2026-09-18,40.0,5.14,2441,571,101.22119702148437,45,38.849998474121094,🆕新倉暴量 ⚠️暴動高IV(101%),HOLD,1
ORCL,2026-09-18,500.0,0.1,6666,570,127.93004785156248,45,141.85000610351562,🆕低基期(前日Vol13) 🚬菸屁股,HOLD,1
HOOD,2026-09-18,150.0,0.35,8663,566,74.90259472656251,45,90.33999633789062,🚬菸屁股,HOLD,1
IBIT,2026-12-18,70.0,0.12,5088,562,52.734847656250004,136,36.15999984741211,🆕低基期(前日Vol5) 🚬菸屁股,HOLD,1
IBIT,2026-08-21,42.0,0.05,13028,561,37.11000390625,17,36.15999984741211,🚬菸屁股,HOLD,1
PLUG,2026-08-21,3.0,0.02,6118,550,115.625421875,17,2.0799999237060547,🚬菸屁股,HOLD,1
SMR,2026-08-21,11.0,0.31,3858,546,111.328568359375,17,9.010000228881836,🚬菸屁股,HOLD,1
NVDA,2026-10-16,300.0,0.6,7772,544,44.482977050781244,73,206.63999938964844,🚬菸屁股,HOLD,1
COIN,2026-08-21,200.0,0.71,9437,525,81.00604931640623,17,146.5,🚬菸屁股,HOLD,1
CRM,2026-08-07,192.5,1.82,824,524,49.414568359375004,3,185.9499969482422,🎲末日結算 🆕新倉暴量,HOLD,1
SMR,2028-01-21,85.0,0.78,4073,522,115.0394873046875,535,9.010000228881836,🆕低基期(前日Vol10) 🔭LEAPS,HOLD,1
CRWV,2026-08-21,130.0,0.87,5307,521,121.28945605468748,17,85.76000213623047,🚀點火(6.5x) 🚬菸屁股 ⚠️尾段價外(52%) ⚠️暴動高IV(121%),BUY_WATCH,1
PLUG,2026-08-21,2.5,0.07,3113,520,109.375453125,17,2.0799999237060547,🚬菸屁股,HOLD,1
SMCI,2026-09-18,95.0,0.04,921,518,135.547197265625,45,28.639999389648438,🚬菸屁股,HOLD,1
IBM,2026-08-21,300.0,0.16,5925,518,55.273884765625006,17,226.30999755859375,🚬菸屁股,HOLD,1
SOFI,2027-01-15,40.0,0.16,26782,517,65.52768847656252,164,18.030000686645508,🚬菸屁股,HOLD,1
OPEN,2026-11-20,5.0,0.56,6651,517,99.023447265625,108,3.940000057220459,🚬菸屁股,HOLD,1
SOUN,2026-08-21,6.0,0.65,3228,512,109.76607617187501,17,6.099999904632568,🚬菸屁股,HOLD,1
AMZN,2026-08-21,390.0,0.03,4384,509,50.0005,17,284.0199890136719,🚬菸屁股,HOLD,1
AMZN,2026-09-18,360.0,0.4,6279,502,34.88834643554687,45,284.0199890136719,🚬菸屁股,HOLD,1
OPEN,2026-08-21,6.0,0.05,18054,495,129.6878515625,17,3.940000057220459,🚬菸屁股,HOLD,1
ONDS,2026-08-21,6.0,2.5,1533,485,118.75040625,17,8.369999885559082,🆕新倉暴量 ⚠️暴動高IV(119%),HOLD,1
IONQ,2026-08-21,60.0,0.3,14079,483,119.23868505859376,17,38.849998474121094,🚀點火(5.7x) 🚬菸屁股 ⚠️尾段價外(54%) ⚠️暴動高IV(119%),BUY_WATCH,1
HIMS,2026-09-18,30.0,4.6,1729,478,97.60744580078125,45,30.81999969482422,🆕新倉暴量 ⚠️暴動高IV(98%),HOLD,1
LUNR,2026-08-21,18.0,0.33,1159,477,131.44565527343747,17,13.100000381469727,🆕低基期(前日Vol9) 🚬菸屁股,HOLD,1
SOUN,2026-08-21,7.0,0.31,8575,475,116.79729101562502,17,6.099999904632568,🚬菸屁股,HOLD,1
SOFI,2028-01-21,30.0,2.85,21754,474,65.52768847656252,535,18.030000686645508,🔭LEAPS,HOLD,1
ONDS,2026-08-21,13.0,0.08,2179,472,125.78162109374999,17,8.369999885559082,🆕低基期(前日Vol17) 🚬菸屁股,HOLD,1
RKLB,2028-01-21,200.0,11.22,1410,467,94.50689086914062,535,70.43000030517578,🆕低基期(前日Vol16) 🔭LEAPS,HOLD,1
OPEN,2027-01-15,15.0,0.1,20285,467,116.79729101562502,164,3.940000057220459,🆕低基期(前日Vol16) 🚬菸屁股,HOLD,1
HOOD,2026-09-18,130.0,0.91,3666,463,70.55693505859377,45,90.33999633789062,🚬菸屁股,HOLD,1
SOFI,2026-11-20,24.0,0.7,2597,461,59.570716796875004,108,18.030000686645508,🚬菸屁股,HOLD,1
PLUG,2026-09-18,3.0,0.09,13616,455,103.90673046875003,45,2.0799999237060547,🚬菸屁股,HOLD,1
NVDA,2026-08-21,340.0,0.02,5207,454,65.62534375000001,17,206.63999938964844,🚬菸屁股,HOLD,1
NVDA,2026-08-21,285.0,0.04,7804,452,52.93015820312501,17,206.63999938964844,🚬菸屁股,HOLD,1
IREN,2026-08-21,38.0,5.2,1599,450,122.4613251953125,17,39.75,🆕新倉暴量 ⚠️暴動高IV(122%),HOLD,1
ORCL,2026-09-18,510.0,0.08,6706,449,122.266013671875,45,141.85000610351562,🆕低基期(前日Vol17) 🚬菸屁股,HOLD,1
U,2026-08-21,50.0,0.09,1326,448,104.49266503906252,17,33.380001068115234,🚬菸屁股,HOLD,1
PLTR,2026-09-18,190.0,0.73,10381,446,68.7503125,45,125.6500015258789,🚬菸屁股,HOLD,1
NVDA,2026-08-21,300.0,0.02,28575,439,58.20354296875,17,206.63999938964844,🚬菸屁股,HOLD,1
JOBY,2026-08-21,9.0,0.15,8339,437,92.57819921875,17,7.380000114440918,🚬菸屁股,HOLD,1
VST,2026-08-07,170.0,1.35,780,429,78.711150390625,3,155.94000244140625,🎲末日結算 🆕新倉暴量,HOLD,1
RKLB,2026-08-21,95.0,1.11,1520,429,106.34812451171878,17,70.43000030517578,🚀點火(6.8x) ⚠️暴動高IV(106%),HOLD,1
IREN,2026-08-21,42.0,3.5,1287,421,120.99648876953123,17,39.75,🆕新倉暴量 ⚠️暴動高IV(121%),HOLD,1
NVDA,2028-01-21,200.0,50.2,27343,419,48.77675735473633,535,206.63999938964844,🔭LEAPS,HOLD,1
SOFI,2026-12-18,24.0,0.95,2373,418,59.375406250000005,136,18.030000686645508,🚬菸屁股,HOLD,1
OPEN,2028-01-21,1.0,3.17,3399,416,95.70316796875,535,3.940000057220459,🆕低基期(前日Vol5) 🔭LEAPS,HOLD,1
T,2026-10-16,26.0,0.38,13303,415,27.979235839843742,73,23.59000015258789,🚬菸屁股,HOLD,1
CRM,2026-08-07,187.5,3.54,752,414,49.68312036132813,3,185.9499969482422,🎲末日結算 🆕新倉暴量,HOLD,1
U,2026-08-21,39.0,1.1,2907,412,95.01958105468748,17,33.380001068115234,🚀點火(20.6x) ⚠️暴動高IV(95%),HOLD,1
UPST,2026-09-18,42.5,0.57,1274,404,83.98453515624999,45,29.43000030517578,🆕低基期(前日Vol2) 🚬菸屁股,HOLD,1
DKNG,2026-12-18,45.0,0.21,809,400,65.9183095703125,136,23.5,🆕低基期(前日Vol8) 🚬菸屁股,HOLD,1
LUNR,2026-09-18,16.0,1.3,1739,400,118.75040625,45,13.100000381469727,🚀點火(16.7x) ⚠️暴動高IV(119%),HOLD,1
SMCI,2026-08-21,60.0,0.04,7939,397,135.15657421875,17,28.639999389648438,🚀點火(3.9x) 🚬菸屁股 ⚠️尾段價外(109%) ⚠️暴動高IV(135%),BUY_WATCH,1
PLUG,2027-01-15,7.0,0.06,25705,395,110.9379453125,164,2.0799999237060547,🚬菸屁股,HOLD,1
ACHR,2027-01-15,25.0,0.06,22950,393,119.922275390625,164,4.840000152587891,🆕低基期(前日Vol3) 🚬菸屁股,HOLD,1
ONDS,2028-01-21,7.0,4.3,14487,392,104.24852563476566,535,8.369999885559082,🔭LEAPS,HOLD,1
PLTR,2026-08-21,175.0,0.47,6648,391,83.39860351562498,17,125.6500015258789,🚬菸屁股,HOLD,1
ORCL,2026-09-18,240.0,1.16,5718,391,86.76771044921875,45,141.85000610351562,🚀點火(5.9x) ⚠️暴動高IV(87%),HOLD,1
SOFI,2026-09-18,40.0,0.02,25233,390,90.62509374999999,45,18.030000686645508,🆕低基期(前日Vol13) 🚬菸屁股,HOLD,1
IREN,2026-08-21,65.0,0.23,7345,387,121.09414453124998,17,39.75,🚬菸屁股,HOLD,1
JOBY,2027-01-15,30.0,0.08,8673,387,101.95361523437501,164,7.380000114440918,🆕低基期(前日Vol2) 🚬菸屁股,HOLD,1
MSFT,2028-01-21,600.0,49.09,7738,371,36.64461549377441,535,487.6499938964844,🔭LEAPS,HOLD,1
WMT,2026-10-16,130.0,0.98,2423,370,30.457238403320307,73,110.70999908447266,🚬菸屁股,HOLD,1
OPEN,2027-01-15,5.0,0.75,27378,366,101.3676806640625,164,3.940000057220459,🚬菸屁股,HOLD,1
IBIT,2026-12-18,50.0,0.51,7656,365,41.846284667968746,136,36.15999984741211,🚬菸屁股,HOLD,1
WMT,2028-01-21,195.0,1.5,2545,364,32.23334368896483,535,110.70999908447266,🔭LEAPS,HOLD,1
ONDS,2028-01-21,3.0,5.85,3069,359,147.265888671875,535,8.369999885559082,🔭LEAPS,HOLD,1
CRWV,2026-09-18,135.0,2.44,2186,356,105.02977172851561,45,85.76000213623047,🚀點火(4.3x) ⚠️暴動高IV(105%),HOLD,1
ACHR,2028-01-21,5.0,2.1,20073,355,94.8242705078125,535,4.840000152587891,🔭LEAPS,HOLD,1
IBIT,2028-01-21,85.0,1.12,14382,351,49.68312036132813,535,36.15999984741211,🆕低基期(前日Vol1) 🔭LEAPS,HOLD,1
IBIT,2026-08-21,43.0,0.03,8550,345,39.8443515625,17,36.15999984741211,🚬菸屁股,HOLD,1
PATH,2027-01-15,35.0,0.15,1645,341,85.35170898437501,164,13.050000190734863,🚬菸屁股,HOLD,1
SOFI,2026-11-20,30.0,0.25,6305,340,61.914443359375014,108,18.030000686645508,🚬菸屁股,HOLD,1
WMT,2026-08-21,130.0,0.15,13085,330,40.7232490234375,17,110.70999908447266,🚬菸屁股,HOLD,1
MSTR,2026-08-21,200.0,0.04,5799,329,123.82850585937497,17,94.86000061035156,🚀點火(4.8x) 🚬菸屁股 ⚠️尾段價外(111%) ⚠️暴動高IV(124%),BUY_WATCH,1
HIMS,2026-08-21,44.0,0.41,1536,328,114.45355273437498,17,30.81999969482422,🚬菸屁股,HOLD,1
SOFI,2028-06-16,20.0,5.95,28548,327,70.50810742187501,682,18.030000686645508,🔭LEAPS,HOLD,1
IBIT,2026-12-18,47.0,0.77,7256,324,40.86973193359375,136,36.15999984741211,🆕低基期(前日Vol12) 🚬菸屁股,HOLD,1
IREN,2028-01-21,95.0,9.15,1103,324,106.73874755859379,535,39.75,🔭LEAPS,HOLD,1
ASTS,2026-09-18,180.0,0.26,8880,323,137.3050009765625,45,63.52000045776367,🆕低基期(前日Vol11) 🚬菸屁股,HOLD,1
ORCL,2026-08-21,290.0,0.04,1972,322,112.109814453125,17,141.85000610351562,🆕低基期(前日Vol1) 🚬菸屁股,HOLD,1
T,2026-10-16,25.0,0.64,5452,321,28.46751220703124,73,23.59000015258789,🚬菸屁股,HOLD,1
SMCI,2026-09-18,41.0,0.99,3700,318,100.1958115234375,45,28.639999389648438,🆕低基期(前日Vol3) 🚬菸屁股,HOLD,1
IBIT,2026-10-16,47.0,0.24,6368,316,39.7466962890625,73,36.15999984741211,🆕低基期(前日Vol6) 🚬菸屁股,HOLD,1
PLTR,2026-09-18,230.0,0.28,5077,314,78.9064609375,45,125.6500015258789,🆕低基期(前日Vol12) 🚬菸屁股,HOLD,1
JOBY,2026-09-18,10.0,0.22,11060,312,84.57046679687498,45,7.380000114440918,🆕低基期(前日Vol11) 🚬菸屁股,HOLD,1
IREN,2026-09-18,105.0,0.17,1650,311,125.78162109374999,45,39.75,🆕低基期(前日Vol6) 🚬菸屁股,HOLD,1
OPEN,2026-10-16,7.0,0.14,2635,310,105.85984570312502,73,3.940000057220459,🚬菸屁股,HOLD,1
WMT,2026-08-21,125.0,0.35,10418,304,37.15883154296875,17,110.70999908447266,🚬菸屁股,HOLD,1
OPEN,2026-08-21,5.5,0.09,1105,303,123.43788281249999,17,3.940000057220459,🚬菸屁股,HOLD,1
PATH,2027-01-15,37.0,0.18,2539,302,86.7188828125,164,13.050000190734863,🆕低基期(前日Vol1) 🚬菸屁股,HOLD,1
SOFI,2028-06-16,45.0,2.13,4796,301,68.06672558593752,682,18.030000686645508,🔭LEAPS,HOLD,1
AZN,2026-08-21,175.0,0.9,944,298,37.451797363281244,17,157.97000122070312,🚬菸屁股,HOLD,1
ASTS,2026-08-21,115.0,0.32,2735,296,144.62918310546877,17,63.52000045776367,🚀點火(5.4x) 🚬菸屁股 ⚠️尾段價外(81%) ⚠️暴動高IV(145%),BUY_WATCH,1
ORCL,2026-08-21,310.0,0.04,1949,295,138.8674931640625,17,141.85000610351562,🆕低基期(前日Vol1) 🚬菸屁股,HOLD,1
SOUN,2027-01-15,20.0,0.18,16767,294,111.13325683593752,164,6.099999904632568,🚬菸屁股,HOLD,1
ORCL,2026-08-21,320.0,0.03,1180,292,121.875390625,17,141.85000610351562,🆕低基期(前日Vol16) 🚬菸屁股,HOLD,1
IBIT,2027-01-15,95.0,0.07,17907,291,59.96133789062501,164,36.15999984741211,🚬菸屁股,HOLD,1
U,2026-09-18,45.0,0.79,774,291,79.15059912109376,45,33.380001068115234,🆕低基期(前日Vol11) 🚬菸屁股,HOLD,1
IBIT,2026-09-18,60.0,0.02,24837,290,59.766027343750004,45,36.15999984741211,🆕低基期(前日Vol11) 🚬菸屁股,HOLD,1
XYZ,2026-08-21,95.0,0.98,17556,289,61.52382226562501,17,82.08999633789062,🚬菸屁股,HOLD,1
ORCL,2026-09-18,220.0,1.81,6618,288,84.961087890625,45,141.85000610351562,🚀點火(3.4x) ⚠️暴動高IV(85%),HOLD,1
IBIT,2026-08-21,44.0,0.04,13643,287,44.14118359375,17,36.15999984741211,🚬菸屁股,HOLD,1
T,2026-08-21,25.0,0.16,24488,286,29.10227148437499,17,23.59000015258789,🚬菸屁股,HOLD,1
IBIT,2027-01-15,55.0,0.44,16452,283,43.60407958984375,164,36.15999984741211,🚬菸屁股,HOLD,1
INTC,2026-09-18,170.0,0.32,5248,276,86.32826171875,45,91.0,🚬菸屁股,HOLD,1
PLUG,2028-01-21,2.0,0.93,9024,275,97.460962890625,535,2.0799999237060547,🔭LEAPS,HOLD,1
IBIT,2026-12-18,60.0,0.21,16684,273,47.1684970703125,136,36.15999984741211,🚬菸屁股,HOLD,1
PLUG,2026-09-18,4.0,0.03,22822,273,117.1879140625,45,2.0799999237060547,🚬菸屁股,HOLD,1
INTC,2026-08-21,125.0,0.45,18789,272,85.6446748046875,17,91.0,🚬菸屁股,HOLD,1
NVDA,2026-09-18,280.0,0.47,17578,271,45.508357421875004,45,206.63999938964844,🚬菸屁股,HOLD,1
ORCL,2026-08-21,220.0,0.17,9545,269,85.0587431640625,17,141.85000610351562,🚀點火(9.0x) 🚬菸屁股 ⚠️尾段價外(55%) ⚠️暴動高IV(85%),BUY_WATCH,1
PLUG,2026-09-18,2.5,0.15,5525,264,100.78174609374999,45,2.0799999237060547,🚬菸屁股,HOLD,1
UPST,2026-09-18,37.5,1.15,1913,259,83.05681005859374,45,29.43000030517578,🚀點火(3.8x) ⚠️暴動高IV(83%),HOLD,1
INTC,2026-08-21,140.0,0.13,16302,258,89.45323046875,17,91.0,🚬菸屁股,HOLD,1
MSFT,2026-12-18,525.0,26.35,54173,256,34.23985438537597,136,487.6499938964844,🔥萬人塚 🏛️機構場,HOLD,1
ASTS,2026-08-21,120.0,0.27,4364,250,142.77372363281248,17,63.52000045776367,🚬菸屁股,HOLD,1
SMCI,2026-08-21,40.0,0.42,17313,247,113.8676181640625,17,28.639999389648438,🚬菸屁股,HOLD,1
T,2026-12-18,27.0,0.52,7255,247,28.321029296874993,136,23.59000015258789,🆕低基期(前日Vol13) 🚬菸屁股,HOLD,1
PATH,2027-01-15,30.0,0.32,26388,246,78.9064609375,164,13.050000190734863,🚬菸屁股,HOLD,1
T,2027-01-15,26.0,0.86,2342,246,28.662822753906248,164,23.59000015258789,🚬菸屁股,HOLD,1
ORCL,2026-08-21,230.0,0.16,4136,245,90.82040429687498,17,141.85000610351562,🚀點火(4.6x) 🚬菸屁股 ⚠️尾段價外(62%) ⚠️暴動高IV(91%),BUY_WATCH,1
TSLA,2026-08-21,600.0,0.05,8015,243,93.7500625,17,322.0799865722656,🚬菸屁股,HOLD,1
HIMS,2026-08-21,45.0,0.32,5933,238,112.89106054687501,17,30.81999969482422,🚀點火(5.0x) 🚬菸屁股 ⚠️尾段價外(46%) ⚠️暴動高IV(113%),BUY_WATCH,1
SOFI,2028-01-21,35.0,2.21,15686,237,66.40658593750001,535,18.030000686645508,🔭LEAPS,HOLD,1
AMZN,2026-09-18,370.0,0.24,6734,237,35.40103662109374,45,284.0199890136719,🚬菸屁股,HOLD,1
MSTR,2026-09-18,280.0,0.14,5707,236,116.99260253906249,45,94.86000061035156,🚬菸屁股,HOLD,1
IBM,2026-08-21,270.0,0.5,3051,236,49.70753417968751,17,226.30999755859375,🆕低基期(前日Vol10) 🚬菸屁股,HOLD,1
AMZN,2026-10-16,410.0,0.21,1509,235,38.03772900390625,73,284.0199890136719,🚬菸屁股,HOLD,1
ACHR,2026-08-21,6.0,0.1,6144,233,95.312546875,17,4.840000152587891,🚬菸屁股,HOLD,1
SOUN,2026-10-16,11.0,0.2,4115,233,105.2739111328125,73,6.099999904632568,🆕低基期(前日Vol17) 🚬菸屁股,HOLD,1
COIN,2026-08-21,250.0,0.11,5798,231,99.023447265625,17,146.5,🚬菸屁股,HOLD,1
PLTR,2026-09-18,185.0,0.89,5828,227,67.74934594726562,45,125.6500015258789,🚬菸屁股,HOLD,1
RKLB,2026-09-18,145.0,0.38,771,227,104.0043862304688,45,70.43000030517578,🆕低基期(前日Vol1) 🚬菸屁股,HOLD,1
ORCL,2027-01-15,500.0,0.73,6369,227,85.62026098632812,164,141.85000610351562,🆕低基期(前日Vol11) 🚬菸屁股,HOLD,1
ACHR,2026-08-21,7.0,0.04,17500,226,103.12548437500001,17,4.840000152587891,🚬菸屁股,HOLD,1
XYZ,2026-08-21,100.0,0.45,954,225,61.71913281250001,17,82.08999633789062,🆕低基期(前日Vol5) 🚬菸屁股,HOLD,1
IONQ,2026-08-21,65.0,0.19,3904,224,124.41444042968747,17,38.849998474121094,🚀點火(6.6x) 🚬菸屁股 ⚠️尾段價外(67%) ⚠️暴動高IV(124%),BUY_WATCH,1
ORCL,2026-08-21,340.0,0.03,2421,224,130.46909765624997,17,141.85000610351562,🆕低基期(前日Vol18) 🚬菸屁股,HOLD,1
T,2026-09-18,29.0,0.03,6508,223,31.641308593749994,45,23.59000015258789,🆕低基期(前日Vol10) 🚬菸屁股,HOLD,1
HOOD,2026-08-21,125.0,0.2,4114,222,73.633076171875,17,90.33999633789062,🚬菸屁股,HOLD,1
HIMS,2026-08-21,46.0,0.28,1364,219,115.4301103515625,17,30.81999969482422,🆕低基期(前日Vol9) 🚬菸屁股,HOLD,1
SOUN,2026-10-16,13.0,0.13,2521,218,112.5004375,73,6.099999904632568,🆕低基期(前日Vol13) 🚬菸屁股,HOLD,1
PLUG,2026-12-18,3.0,0.25,2631,216,96.87503124999999,136,2.0799999237060547,🚬菸屁股,HOLD,1
SOFI,2028-06-16,15.0,7.9,23040,215,72.24148852539062,682,18.030000686645508,🔭LEAPS,HOLD,1
SOFI,2028-06-16,40.0,2.5,8878,213,67.89582885742189,682,18.030000686645508,🔭LEAPS,HOLD,1
ONDS,2026-09-18,15.0,0.2,14428,213,119.53165234375001,45,8.369999885559082,🚬菸屁股,HOLD,1
JOBY,2026-10-16,12.0,0.2,1906,213,86.132951171875,73,7.380000114440918,🆕低基期(前日Vol9) 🚬菸屁股,HOLD,1
JOBY,2028-01-21,30.0,0.82,4149,212,96.33792724609374,535,7.380000114440918,🆕低基期(前日Vol4) 🔭LEAPS,HOLD,1
ACHR,2026-09-18,5.0,0.51,991,212,85.1563984375,45,4.840000152587891,🆕低基期(前日Vol19) 🚬菸屁股,HOLD,1
ACHR,2026-10-16,7.0,0.22,7188,212,88.67198828125,73,4.840000152587891,🚬菸屁股,HOLD,1
SMR,2026-08-21,15.0,0.05,11842,212,128.125359375,17,9.010000228881836,🚬菸屁股,HOLD,1
ASTS,2026-08-21,95.0,0.86,3484,211,128.90660546875,17,63.52000045776367,🚀點火(6.4x) 🚬菸屁股 ⚠️尾段價外(50%) ⚠️暴動高IV(129%),BUY_WATCH,1
ORCL,2026-08-21,240.0,0.13,4455,211,95.507857421875,17,141.85000610351562,🚀點火(3.9x) 🚬菸屁股 ⚠️尾段價外(69%) ⚠️暴動高IV(96%),BUY_WATCH,1
SOFI,2026-08-21,30.0,0.02,8944,210,93.7500625,17,18.030000686645508,🚀點火(5.2x) 🚬菸屁股 ⚠️尾段價外(66%) ⚠️暴動高IV(94%),BUY_WATCH,1
DKNG,2026-08-21,42.5,0.15,838,210,128.90660546875,17,23.5,🚬菸屁股,HOLD,1
IREN,2028-01-21,105.0,9.4,1829,210,105.66453417968751,535,39.75,🆕低基期(前日Vol7) 🔭LEAPS,HOLD,1
OPEN,2027-01-15,6.0,0.55,8870,210,101.3676806640625,164,3.940000057220459,🚬菸屁股,HOLD,1
IBIT,2026-09-18,80.0,0.03,12383,209,83.59391406249999,45,36.15999984741211,🚬菸屁股,HOLD,1
NVDA,2028-01-21,260.0,29.23,8836,207,46.75651388549804,535,206.63999938964844,🔭LEAPS,HOLD,1
NVDA,2028-01-21,360.0,11.8,7650,203,44.82782223510742,535,206.63999938964844,🔭LEAPS,HOLD,1
SOFI,2026-09-18,27.0,0.06,12806,201,59.766027343750004,45,18.030000686645508,🚬菸屁股,HOLD,1
SOFI,2028-06-16,23.0,5.25,6626,198,71.3870048828125,682,18.030000686645508,🔭LEAPS,HOLD,1
DKNG,2026-09-18,30.0,0.42,11395,198,61.52382226562501,45,23.5,🚬菸屁股,HOLD,1
IBIT,2026-08-21,60.0,0.01,7634,194,78.12521875,17,36.15999984741211,🆕低基期(前日Vol11) 🚬菸屁股,HOLD,1
LUNR,2027-01-15,37.0,0.77,3089,194,119.3363408203125,164,13.100000381469727,🆕低基期(前日Vol11) 🚬菸屁股,HOLD,1
IBIT,2026-10-16,60.0,0.06,9224,193,52.3442265625,73,36.15999984741211,🚬菸屁股,HOLD,1
SOFI,2026-08-21,31.0,0.01,2992,193,93.7500625,17,18.030000686645508,🆕低基期(前日Vol1) 🚬菸屁股,HOLD,1
IBIT,2026-09-18,43.0,0.21,7529,189,36.32876171875,45,36.15999984741211,🚬菸屁股,HOLD,1
IBIT,2026-09-18,44.0,0.16,21477,189,37.402969726562496,45,36.15999984741211,🚬菸屁股,HOLD,1
SOFI,2026-08-21,28.0,0.02,2418,186,89.062609375,17,18.030000686645508,🚀點火(4.3x) 🚬菸屁股 ⚠️尾段價外(55%) ⚠️暴動高IV(89%),BUY_WATCH,1
JOBY,2027-01-15,15.0,0.35,11085,186,89.257919921875,164,7.380000114440918,🚬菸屁股,HOLD,1
SMCI,2027-01-15,85.0,0.56,3241,185,96.679720703125,164,28.639999389648438,🚬菸屁股,HOLD,1
PLTR,2026-12-18,280.0,0.79,7022,183,68.11555322265626,136,125.6500015258789,🚬菸屁股,HOLD,1
SOFI,2028-06-16,35.0,3.1,9907,183,67.96907031250001,682,18.030000686645508,🔭LEAPS,HOLD,1
PLUG,2028-01-21,7.0,0.34,28543,182,99.60937890625,535,2.0799999237060547,🔭LEAPS,HOLD,1
AZN,2026-08-21,180.0,0.4,873,182,37.54945263671875,17,157.97000122070312,🚬菸屁股,HOLD,1
JOBY,2026-08-21,7.0,0.83,4829,181,97.6562734375,17,7.380000114440918,🚬菸屁股,HOLD,1
JOBY,2027-01-15,40.0,0.05,5170,181,112.5004375,164,7.380000114440918,🆕低基期(前日Vol13) 🚬菸屁股,HOLD,1
IONQ,2026-09-18,60.0,1.2,2819,180,107.56882153320313,45,38.849998474121094,🚀點火(3.5x) ⚠️暴動高IV(108%),HOLD,1
IREN,2026-12-18,140.0,0.69,7276,179,113.8676181640625,136,39.75,🆕低基期(前日Vol3) 🚬菸屁股,HOLD,1
DKNG,2028-01-21,35.0,3.64,1648,178,61.31630480957033,535,23.5,🔭LEAPS,HOLD,1
IBM,2026-09-18,300.0,0.71,5092,176,45.9966337890625,45,226.30999755859375,🚬菸屁股,HOLD,1
INTC,2026-08-21,135.0,0.2,8712,175,87.500125,17,91.0,🚬菸屁股,HOLD,1
SOFI,2026-12-18,26.0,0.63,1616,174,60.205476074218765,136,18.030000686645508,🆕低基期(前日Vol14) 🚬菸屁股,HOLD,1
ONDS,2027-01-15,17.0,0.78,7982,174,111.9145029296875,164,8.369999885559082,🚬菸屁股,HOLD,1
PLUG,2026-09-18,2.0,0.33,2487,173,95.70316796875,45,2.0799999237060547,🚬菸屁股,HOLD,1
NVDA,2026-09-18,265.0,0.81,7341,172,43.17683776855469,45,206.63999938964844,🚬菸屁股,HOLD,1
ONDS,2026-08-21,14.0,0.06,1469,172,125.78162109374999,17,8.369999885559082,🚬菸屁股,HOLD,1
AMZN,2026-08-21,340.0,0.14,3283,172,37.500625,17,284.0199890136719,🚬菸屁股,HOLD,1
ACHR,2027-01-15,6.0,0.79,6563,170,88.86729882812499,164,4.840000152587891,🚬菸屁股,HOLD,1
SMR,2026-08-21,9.5,0.7,1013,169,112.5004375,17,9.010000228881836,🚬菸屁股,HOLD,1
CRM,2026-09-18,300.0,0.17,1799,169,59.18009570312501,45,185.9499969482422,🚬菸屁股,HOLD,1
MSTR,2028-01-21,700.0,3.46,7502,168,90.78378356933592,535,94.86000061035156,🔭LEAPS,HOLD,1
INTC,2028-01-21,150.0,21.29,7921,168,81.40887731933593,535,91.0,🔭LEAPS,HOLD,1
SOFI,2027-01-15,42.0,0.14,6336,167,64.8441015625,164,18.030000686645508,🆕低基期(前日Vol7) 🚬菸屁股,HOLD,1
RKLB,2026-08-21,185.0,0.02,1383,165,148.4377578125,17,70.43000030517578,🆕低基期(前日Vol4) 🚬菸屁股,HOLD,1
IREN,2028-01-21,140.0,6.78,3777,165,103.19872619628909,535,39.75,🔭LEAPS,HOLD,1
JOBY,2026-08-21,11.0,0.04,4841,165,98.437515625,17,7.380000114440918,🆕低基期(前日Vol3) 🚬菸屁股,HOLD,1
OPEN,2026-11-20,7.0,0.28,4066,164,107.61764941406251,108,3.940000057220459,🚬菸屁股,HOLD,1
IREN,2026-09-18,70.0,0.96,14211,161,117.62736499023435,45,39.75,🚬菸屁股,HOLD,1
IREN,2026-08-21,70.0,0.12,15612,160,123.82850585937497,17,39.75,🚬菸屁股,HOLD,1
U,2027-01-15,70.0,0.63,2759,160,72.3635576171875,164,33.380001068115234,🆕低基期(前日Vol1) 🚬菸屁股,HOLD,1
HOOD,2026-08-21,175.0,0.02,1528,160,126.95349023437497,17,90.33999633789062,🚬菸屁股,HOLD,1
PLUG,2028-01-21,5.0,0.49,10672,159,99.023447265625,535,2.0799999237060547,🔭LEAPS,HOLD,1
OPEN,2026-11-20,9.0,0.17,10255,158,109.76607617187501,108,3.940000057220459,🚬菸屁股,HOLD,1
JOBY,2027-01-15,25.0,0.1,3425,156,96.48441015625,164,7.380000114440918,🆕低基期(前日Vol10) 🚬菸屁股,HOLD,1
SMR,2026-08-21,16.0,0.05,3150,156,140.625296875,17,9.010000228881836,🆕低基期(前日Vol18) 🚬菸屁股,HOLD,1
ORCL,2026-09-18,400.0,0.15,4380,155,114.55120849609375,45,141.85000610351562,🆕低基期(前日Vol1) 🚬菸屁股,HOLD,1
PATH,2026-08-21,17.0,0.08,2366,154,75.7814921875,17,13.050000190734863,🚬菸屁股,HOLD,1
OPEN,2026-09-18,4.0,0.55,5408,153,98.04689453125,45,3.940000057220459,🚬菸屁股,HOLD,1
OPEN,2028-01-21,15.0,0.67,25292,153,105.76218994140625,535,3.940000057220459,🔭LEAPS,HOLD,1
JOBY,2026-10-16,15.0,0.09,1542,153,99.41406835937501,73,7.380000114440918,🚬菸屁股,HOLD,1
WMT,2026-12-18,150.0,0.5,2995,153,31.250687499999998,136,110.70999908447266,🚬菸屁股,HOLD,1
NNE,2027-01-15,50.0,0.55,2261,152,99.9023447265625,164,17.579999923706055,🆕低基期(前日Vol7) 🚬菸屁股,HOLD,1
OPEN,2028-01-21,4.0,1.86,6748,151,99.41406835937501,535,3.940000057220459,🔭LEAPS,HOLD,1
IBIT,2028-01-21,80.0,1.3,6050,149,49.414568359375004,535,36.15999984741211,🆕低基期(前日Vol19) 🔭LEAPS,HOLD,1
HIMS,2026-09-18,55.0,0.36,1051,149,90.82040429687498,45,30.81999969482422,🆕低基期(前日Vol2) 🚬菸屁股,HOLD,1
DKNG,2026-08-21,25.0,0.93,4102,147,71.3870048828125,17,23.5,🚬菸屁股,HOLD,1
ACHR,2027-01-15,8.0,0.42,13339,147,90.429783203125,164,4.840000152587891,🚬菸屁股,HOLD,1
PLTR,2026-09-18,210.0,0.4,6535,144,73.48659326171875,45,125.6500015258789,🚬菸屁股,HOLD,1
IBIT,2026-08-21,65.0,0.01,19727,143,87.500125,17,36.15999984741211,🆕低基期(前日Vol5) 🚬菸屁股,HOLD,1
SMCI,2026-08-21,45.0,0.19,8581,143,119.141029296875,17,28.639999389648438,🚬菸屁股,HOLD,1
OKLO,2026-08-21,80.0,0.07,4298,143,130.07847460937495,17,41.220001220703125,🚀點火(2.8x) 🚬菸屁股 ⚠️尾段價外(94%) ⚠️暴動高IV(130%),BUY_WATCH,1
SOFI,2026-11-20,26.0,0.45,1159,143,59.6683720703125,108,18.030000686645508,🆕低基期(前日Vol8) 🚬菸屁股,HOLD,1
HOOD,2026-08-21,130.0,0.14,10310,143,77.53928710937501,17,90.33999633789062,🚬菸屁股,HOLD,1
PLUG,2026-12-18,4.0,0.13,15305,143,103.51610742187502,136,2.0799999237060547,🚬菸屁股,HOLD,1
CRM,2026-08-21,230.0,0.37,4281,141,52.3442265625,17,185.9499969482422,🚬菸屁股,HOLD,1
NVDA,2026-08-21,420.0,0.01,9060,140,90.62509374999999,17,206.63999938964844,🚬菸屁股,HOLD,1
SOFI,2026-10-16,27.0,0.15,3394,140,58.39885351562499,73,18.030000686645508,🚬菸屁股,HOLD,1
IBIT,2026-08-21,41.0,0.07,6010,139,35.352208984375,17,36.15999984741211,🚬菸屁股,HOLD,1
RKLB,2026-08-21,105.0,0.54,2561,139,109.76607617187501,17,70.43000030517578,🚀點火(2.6x) 🚬菸屁股 ⚠️尾段價外(49%) ⚠️暴動高IV(110%),BUY_WATCH,1
PLUG,2026-12-18,3.5,0.19,9193,139,100.39112304687498,136,2.0799999237060547,🚬菸屁股,HOLD,1
SOFI,2028-01-21,40.0,1.78,15422,138,66.35775830078127,535,18.030000686645508,🔭LEAPS,HOLD,1
T,2026-08-21,23.0,0.97,19662,138,32.32489550781249,17,23.59000015258789,🚬菸屁股,HOLD,1
TSLA,2026-09-18,550.0,0.46,6604,137,66.94368994140626,45,322.0799865722656,🚬菸屁股,HOLD,1
NVDA,2027-01-15,400.0,0.65,6074,137,47.87649780273438,164,206.63999938964844,🆕低基期(前日Vol9) 🚬菸屁股,HOLD,1
IBIT,2026-08-21,45.0,0.02,17345,137,46.48491015625,17,36.15999984741211,🚬菸屁股,HOLD,1
PATH,2026-09-18,20.0,0.25,3149,137,90.039162109375,45,13.050000190734863,🚬菸屁股,HOLD,1
SOUN,2028-01-21,3.0,3.7,1155,137,83.39860351562498,535,6.099999904632568,🆕低基期(前日Vol5) 🔭LEAPS,HOLD,1
TSLA,2027-01-15,990.0,0.82,13516,136,70.82548706054688,164,322.0799865722656,🚬菸屁股,HOLD,1
ONDS,2026-12-18,16.0,0.73,854,136,114.25824121093751,136,8.369999885559082,🆕低基期(前日Vol10) 🚬菸屁股,HOLD,1
IBIT,2028-01-21,50.0,4.74,8612,135,50.02491381835939,535,36.15999984741211,🔭LEAPS,HOLD,1
SOFI,2026-09-18,26.0,0.08,1758,135,58.5941640625,45,18.030000686645508,🆕低基期(前日Vol10) 🚬菸屁股,HOLD,1
SOFI,2026-09-18,30.0,0.04,23339,135,67.18782812500001,45,18.030000686645508,🚬菸屁股,HOLD,1
HOOD,2026-10-16,150.0,0.97,1522,135,71.92410888671876,73,90.33999633789062,🚬菸屁股,HOLD,1
SOFI,2026-11-20,28.0,0.33,1507,134,61.328511718750015,108,18.030000686645508,🆕低基期(前日Vol11) 🚬菸屁股,HOLD,1
IBM,2026-09-18,320.0,0.42,2160,133,49.976086181640625,45,226.30999755859375,🚬菸屁股,HOLD,1
HIMS,2026-09-18,45.0,0.94,919,132,98.77930908203125,45,30.81999969482422,🆕低基期(前日Vol12) 🚬菸屁股,HOLD,1
SOUN,2026-10-16,7.0,0.68,6369,132,90.62509374999999,73,6.099999904632568,🚬菸屁股,HOLD,1
NTLA,2026-08-21,11.0,0.75,882,130,91.992267578125,17,10.770000457763672,🆕低基期(前日Vol2) 🚬菸屁股,HOLD,1
IBIT,2027-01-15,80.0,0.1,23530,129,54.394987304687504,164,36.15999984741211,🚬菸屁股,HOLD,1
SOFI,2028-01-21,10.0,9.88,5302,128,71.19169433593751,535,18.030000686645508,🔭LEAPS,HOLD,1
PLUG,2028-01-21,1.5,1.08,5425,128,91.01571484374999,535,2.0799999237060547,🔭LEAPS,HOLD,1
JOBY,2026-10-16,11.0,0.28,2216,127,86.32826171875,73,7.380000114440918,🚬菸屁股,HOLD,1
SMR,2026-08-21,13.0,0.13,3935,127,119.141029296875,17,9.010000228881836,🚬菸屁股,HOLD,1
SMCI,2026-08-21,55.0,0.06,5523,126,129.297228515625,17,28.639999389648438,🆕低基期(前日Vol2) 🚬菸屁股,HOLD,1
OPEN,2026-10-16,4.0,0.69,1034,126,96.0937890625,73,3.940000057220459,🚬菸屁股,HOLD,1
OPEN,2028-01-21,7.0,1.27,20591,126,104.39500927734377,535,3.940000057220459,🔭LEAPS,HOLD,1
NVDA,2026-09-18,350.0,0.09,24213,125,57.22699023437501,45,206.63999938964844,🚬菸屁股,HOLD,1
PLUG,2027-01-15,1.5,0.8,9788,125,92.57819921875,164,2.0799999237060547,🚬菸屁股,HOLD,1
INTC,2026-08-21,165.0,0.03,5073,124,98.437515625,17,91.0,🚬菸屁股,HOLD,1
RKLB,2026-08-21,110.0,0.38,11957,124,112.79340478515624,17,70.43000030517578,🚬菸屁股,HOLD,1
ASTS,2026-08-21,110.0,0.36,7077,123,134.96126269531248,17,63.52000045776367,🚬菸屁股,HOLD,1
U,2026-08-21,45.0,0.35,1160,123,95.21489160156248,17,33.380001068115234,🆕低基期(前日Vol1) 🚬菸屁股,HOLD,1
HOOD,2026-09-18,290.0,0.04,1906,123,117.1879140625,45,90.33999633789062,🚬菸屁股,HOLD,1
PLUG,2027-01-15,3.5,0.22,7732,123,100.39112304687498,164,2.0799999237060547,🚬菸屁股,HOLD,1
OKLO,2026-09-18,75.0,0.55,1980,122,107.47116577148441,45,41.220001220703125,🆕低基期(前日Vol16) 🚬菸屁股,HOLD,1
KTOS,2026-08-21,75.0,0.15,3356,122,94.5313046875,17,49.209999084472656,🆕低基期(前日Vol7) 🚬菸屁股,HOLD,1
KTOS,2026-08-21,85.0,0.06,7033,121,108.203583984375,17,49.209999084472656,🚬菸屁股,HOLD,1
DKNG,2026-09-18,52.5,0.09,4510,120,100.0005,45,23.5,🚬菸屁股,HOLD,1
HIMS,2026-08-21,36.0,1.49,1028,119,110.74263378906251,17,30.81999969482422,🚀點火(4.4x) ⚠️暴動高IV(111%),HOLD,1
ORCL,2028-01-21,400.0,9.85,2320,119,69.94353787231445,535,141.85000610351562,🆕低基期(前日Vol13) 🔭LEAPS,HOLD,1
RKLB,2026-09-18,125.0,0.81,1279,118,101.70947583007815,45,70.43000030517578,🆕低基期(前日Vol7) 🚬菸屁股,HOLD,1
SOFI,2028-06-16,13.0,8.7,3816,118,74.2190078125,682,18.030000686645508,🔭LEAPS,HOLD,1
ONDS,2028-01-21,5.0,4.85,16700,118,100.39112304687498,535,8.369999885559082,🔭LEAPS,HOLD,1
ACHR,2026-10-16,5.0,0.7,3356,118,83.98453515624999,73,4.840000152587891,🚬菸屁股,HOLD,1
CRWV,2026-08-21,135.0,0.66,3562,118,122.4613251953125,17,85.76000213623047,🆕低基期(前日Vol13) 🚬菸屁股,HOLD,1
ORCL,2026-08-21,380.0,0.03,2494,117,142.1877890625,17,141.85000610351562,🚬菸屁股,HOLD,1
AMZN,2026-08-21,360.0,0.06,1218,117,42.188078125,17,284.0199890136719,🆕低基期(前日Vol4) 🚬菸屁股,HOLD,1
IREN,2026-09-18,80.0,0.51,4356,116,123.24257128906248,45,39.75,🚬菸屁股,HOLD,1
INTC,2026-09-18,210.0,0.08,10964,115,90.429783203125,45,91.0,🚬菸屁股,HOLD,1
JOBY,2028-01-21,32.0,0.7,10090,115,93.11530322265625,535,7.380000114440918,🆕低基期(前日Vol1) 🔭LEAPS,HOLD,1
ACHR,2028-01-21,3.0,2.84,3979,115,99.2187578125,535,4.840000152587891,🆕低基期(前日Vol10) 🔭LEAPS,HOLD,1
SMR,2026-08-21,12.0,0.18,4590,115,115.234798828125,17,9.010000228881836,🚬菸屁股,HOLD,1
SOUN,2026-09-18,9.0,0.22,968,115,103.90673046875003,45,6.099999904632568,🆕低基期(前日Vol19) 🚬菸屁股,HOLD,1
ONDS,2026-08-21,15.0,0.05,1511,114,135.93782031249998,17,8.369999885559082,🚬菸屁股,HOLD,1
PACB,2027-01-15,1.5,0.4,9102,113,121.48476757812499,164,1.4199999570846558,🆕低基期(前日Vol4) 🚬菸屁股,HOLD,1
WMT,2026-09-18,140.0,0.16,6707,113,34.42448388671875,45,110.70999908447266,🚬菸屁股,HOLD,1
CRWV,2026-08-21,210.0,0.02,901,112,131.25034374999998,17,85.76000213623047,🚬菸屁股,HOLD,1
HIMS,2028-01-21,65.0,7.37,922,111,91.46737048339844,535,30.81999969482422,🆕低基期(前日Vol3) 🔭LEAPS,HOLD,1
DKNG,2026-08-21,40.0,0.01,1096,110,98.437515625,17,23.5,🆕低基期(前日Vol4) 🚬菸屁股,HOLD,1
NVDA,2026-09-18,390.0,0.05,5418,109,62.109753906250006,45,206.63999938964844,🆕低基期(前日Vol2) 🚬菸屁股,HOLD,1
NVDA,2028-01-21,320.0,16.1,6889,109,44.96972755432129,535,206.63999938964844,🆕低基期(前日Vol16) 🔭LEAPS,HOLD,1
IREN,2026-08-21,75.0,0.09,5712,109,126.172244140625,17,39.75,🚬菸屁股,HOLD,1
SMCI,2026-09-18,65.0,0.12,2260,107,109.18014160156251,45,28.639999389648438,🆕低基期(前日Vol3) 🚬菸屁股,HOLD,1
T,2026-08-21,24.5,0.26,3349,107,29.004616210937495,17,23.59000015258789,🚬菸屁股,HOLD,1
PLTR,2026-09-18,220.0,0.3,5042,106,76.31859619140626,45,125.6500015258789,🚬菸屁股,HOLD,1
HOOD,2028-01-21,250.0,7.5,2265,106,71.72879833984375,535,90.33999633789062,🆕低基期(前日Vol9) 🔭LEAPS,HOLD,1
DKNG,2028-01-21,50.0,1.66,26057,105,59.49747534179688,535,23.5,🆕低基期(前日Vol4) 🔭LEAPS,HOLD,1
AAPL,2026-08-21,380.0,0.03,5861,104,37.695935546875,17,303.4200134277344,🚬菸屁股,HOLD,1
IBIT,2027-01-15,120.0,0.03,19512,104,66.79720703125001,164,36.15999984741211,🆕低基期(前日Vol9) 🚬菸屁股,HOLD,1
SOFI,2026-10-16,28.0,0.13,976,104,59.96133789062501,73,18.030000686645508,🆕低基期(前日Vol6) 🚬菸屁股,HOLD,1
SMCI,2027-01-15,90.0,0.51,25906,103,98.53517089843751,164,28.639999389648438,🚬菸屁股,HOLD,1
OKLO,2026-08-21,65.0,0.25,4324,103,117.77384863281249,17,41.220001220703125,🚬菸屁股,HOLD,1
U,2028-01-21,65.0,5.55,1822,103,74.19459399414062,535,33.380001068115234,🆕低基期(前日Vol5) 🔭LEAPS,HOLD,1
AMZN,2026-08-21,380.0,0.02,10099,103,46.0942890625,17,284.0199890136719,🚬菸屁股,HOLD,1
IONQ,2026-10-16,55.0,0.3,1017,102,12.500875,73,38.849998474121094,🚬菸屁股,HOLD,1
TDOC,2027-01-15,15.0,0.19,10518,102,83.39860351562498,164,6.679999828338623,🚬菸屁股,HOLD,1
OPEN,2026-11-20,6.0,0.39,5888,102,104.68797656250001,108,3.940000057220459,🚬菸屁股,HOLD,1
BA,2028-01-21,380.0,11.4,2136,102,40.8910940246582,535,233.49000549316406,🆕低基期(前日Vol5) 🔭LEAPS,HOLD,1
TSLA,2028-01-21,940.0,10.2,5013,101,57.57488714599608,535,322.0799865722656,🆕低基期(前日Vol1) 🔭LEAPS,HOLD,1
AAPL,2026-09-18,390.0,0.17,5400,101,35.034829345703116,45,303.4200134277344,🚬菸屁股,HOLD,1
OKLO,2026-08-21,85.0,0.05,1315,101,142.1877890625,17,41.220001220703125,🆕低基期(前日Vol11) 🚬菸屁股,HOLD,1
OKLO,2026-09-18,70.0,0.74,1813,101,104.10204199218754,45,41.220001220703125,🚬菸屁股,HOLD,1
IREN,2028-01-21,100.0,9.9,6483,101,104.13255941772461,535,39.75,🆕低基期(前日Vol16) 🔭LEAPS,HOLD,1
MSTR,2027-01-15,400.0,0.56,6188,100,97.070341796875,164,94.86000061035156,🚬菸屁股,HOLD,1
DKNG,2026-08-21,27.5,0.34,12230,100,70.898728515625,17,23.5,🚬菸屁股,HOLD,1
ASTS,2026-09-18,125.0,0.96,23211,99,118.70157836914062,45,63.52000045776367,🆕低基期(前日Vol11) 🚬菸屁股,HOLD,1
IREN,2026-10-16,105.0,0.4,762,98,119.04337353515623,73,39.75,🆕低基期(前日Vol1) 🚬菸屁股,HOLD,1
JOBY,2026-09-18,9.0,0.38,1186,98,83.007982421875,45,7.380000114440918,🆕低基期(前日Vol11) 🚬菸屁股,HOLD,1
T,2026-12-18,30.0,0.16,7499,98,28.418684570312493,136,23.59000015258789,🚬菸屁股,HOLD,1
SOUN,2028-01-21,10.0,1.72,8242,98,92.187578125,535,6.099999904632568,🔭LEAPS,HOLD,1
SOFI,2026-11-20,31.0,0.2,1194,97,64.45348046875,108,18.030000686645508,🆕低基期(前日Vol2) 🚬菸屁股,HOLD,1
SMR,2026-11-20,17.0,0.54,1408,97,110.15669921875002,108,9.010000228881836,🚬菸屁股,HOLD,1
WMT,2027-01-15,160.0,0.41,1537,97,34.64420825195312,164,110.70999908447266,🚬菸屁股,HOLD,1
RKLB,2026-10-16,210.0,0.3,1346,96,106.54343603515626,73,70.43000030517578,🆕低基期(前日Vol11) 🚬菸屁股,HOLD,1
SOFI,2028-06-16,25.0,4.7,16972,96,68.92120922851564,682,18.030000686645508,🔭LEAPS,HOLD,1
OPEN,2026-08-21,3.5,0.66,874,96,104.68797656250001,17,3.940000057220459,🚬菸屁股,HOLD,1
WMT,2026-08-21,135.0,0.06,5277,95,42.57869921875,17,110.70999908447266,🚬菸屁股,HOLD,1
WMT,2026-11-20,150.0,0.38,870,95,38.23303955078124,108,110.70999908447266,🚬菸屁股,HOLD,1
TSLA,2028-06-16,990.0,14.85,5556,94,57.667964828491215,682,322.0799865722656,🔭LEAPS,HOLD,1
SMCI,2026-08-21,39.0,0.51,837,94,113.0863720703125,17,28.639999389648438,🚬菸屁股,HOLD,1
PATH,2028-01-21,15.0,4.33,8833,94,78.75997802734375,535,13.050000190734863,🔭LEAPS,HOLD,1
HOOD,2026-09-18,145.0,0.46,1199,94,77.0510107421875,45,90.33999633789062,🚬菸屁股,HOLD,1
LUNR,2028-01-21,50.0,2.83,1033,94,115.11272912597654,535,13.100000381469727,🆕低基期(前日Vol10) 🔭LEAPS,HOLD,1
CRWV,2026-08-21,145.0,0.32,3220,93,119.141029296875,17,85.76000213623047,🚬菸屁股,HOLD,1
PLUG,2027-01-15,2.0,0.55,24479,93,93.35944140625,164,2.0799999237060547,🚬菸屁股,HOLD,1
NVDA,2028-01-21,210.0,46.7,9687,92,48.24728266906739,535,206.63999938964844,🔭LEAPS,HOLD,1
NET,2026-08-21,400.0,0.95,998,91,83.52067260742186,17,282.739990234375,🚬菸屁股,HOLD,1
GOOG,2026-09-18,460.0,0.99,8848,90,35.09586389160155,45,372.4700012207031,🚬菸屁股,HOLD,1
SMCI,2026-09-18,55.0,0.25,10581,90,103.80907470703127,45,28.639999389648438,🚬菸屁股,HOLD,1
PLTR,2026-08-21,220.0,0.1,7994,89,102.34423828125001,17,125.6500015258789,🚬菸屁股,HOLD,1
RKLB,2028-01-21,210.0,10.1,4514,89,91.91902612304688,535,70.43000030517578,🔭LEAPS,HOLD,1
JOBY,2026-10-16,8.0,0.92,855,88,87.5977802734375,73,7.380000114440918,🚬菸屁股,HOLD,1
SMCI,2026-11-20,65.0,0.57,9908,87,98.437515625,108,28.639999389648438,🚬菸屁股,HOLD,1
OKLO,2026-08-21,70.0,0.15,3314,87,116.01604492187501,17,41.220001220703125,🚀點火(3.5x) 🚬菸屁股 ⚠️尾段價外(70%) ⚠️暴動高IV(116%),BUY_WATCH,1
ONDS,2028-01-21,15.0,2.75,9277,87,105.71336206054687,535,8.369999885559082,🔭LEAPS,HOLD,1
OKLO,2026-09-18,65.0,1.0,1430,85,103.51610742187502,45,41.220001220703125,🚀點火(2.5x) ⚠️暴動高IV(104%),HOLD,1
SMR,2027-01-15,20.0,0.65,20020,85,109.08248583984377,164,9.010000228881836,🚬菸屁股,HOLD,1
SOUN,2026-08-21,12.0,0.02,2141,85,148.4377578125,17,6.099999904632568,🆕低基期(前日Vol6) 🚬菸屁股,HOLD,1
NVDA,2026-08-21,275.0,0.05,7921,84,50.19581054687501,17,206.63999938964844,🚬菸屁股,HOLD,1
PLTR,2028-01-21,410.0,4.91,8066,84,64.81968774414062,535,125.6500015258789,🔭LEAPS,HOLD,1
OPEN,2028-01-21,12.0,0.82,4096,84,105.2739111328125,535,3.940000057220459,🔭LEAPS,HOLD,1
NVDA,2028-06-16,350.0,17.97,5466,83,47.43857493591309,682,206.63999938964844,🔭LEAPS,HOLD,1
IBIT,2026-08-21,50.0,0.01,16795,83,58.5941640625,17,36.15999984741211,🆕低基期(前日Vol10) 🚬菸屁股,HOLD,1
UPST,2026-08-21,35.0,0.8,1601,82,94.33599414062499,17,29.43000030517578,🚬菸屁股,HOLD,1
HIMS,2026-12-18,95.0,0.51,763,82,99.804689453125,136,30.81999969482422,🆕低基期(前日Vol8) 🚬菸屁股,HOLD,1
ONDS,2026-09-18,14.0,0.23,6035,81,117.96916015624998,45,8.369999885559082,🚬菸屁股,HOLD,1
ACHR,2026-10-16,8.0,0.15,8423,81,91.79695703125,73,4.840000152587891,🚬菸屁股,HOLD,1
PLUG,2028-01-21,4.0,0.55,13584,81,93.7500625,535,2.0799999237060547,🔭LEAPS,HOLD,1
SMCI,2026-11-20,60.0,0.82,902,80,94.87309814453124,108,28.639999389648438,🚬菸屁股,HOLD,1
LUNR,2026-09-18,30.0,0.11,2902,80,125.00037499999999,45,13.100000381469727,🚬菸屁股,HOLD,1
SMR,2027-01-15,30.0,0.33,5512,80,118.1644716796875,164,9.010000228881836,🆕低基期(前日Vol17) 🚬菸屁股,HOLD,1
IBM,2026-08-21,280.0,0.26,2620,80,51.27001855468749,17,226.30999755859375,🚬菸屁股,HOLD,1
INTC,2028-01-21,100.0,32.0,12385,79,83.19108605957031,535,91.0,🔭LEAPS,HOLD,1
SOFI,2028-01-21,32.0,2.6,7352,79,65.47886083984376,535,18.030000686645508,🆕低基期(前日Vol7) 🔭LEAPS,HOLD,1
HIMS,2026-08-21,39.0,0.9,2511,79,110.9379453125,17,30.81999969482422,🆕低基期(前日Vol19) 🚬菸屁股,HOLD,1
DKNG,2026-12-18,35.0,0.72,2822,78,59.42423388671876,136,23.5,🆕低基期(前日Vol14) 🚬菸屁股,HOLD,1
U,2026-08-21,40.0,0.88,5601,78,93.6524072265625,17,33.380001068115234,🆕低基期(前日Vol6) 🚬菸屁股,HOLD,1
PATH,2026-09-18,16.0,0.7,2068,78,92.187578125,45,13.050000190734863,🚬菸屁股,HOLD,1
HOOD,2026-10-16,160.0,0.69,1621,78,73.24245507812499,73,90.33999633789062,🆕低基期(前日Vol13) 🚬菸屁股,HOLD,1
SMR,2028-01-21,18.0,2.85,1462,78,105.81101782226563,535,9.010000228881836,🆕低基期(前日Vol6) 🔭LEAPS,HOLD,1
SOUN,2028-01-21,12.0,1.47,5018,78,93.11530322265625,535,6.099999904632568,🆕低基期(前日Vol13) 🔭LEAPS,HOLD,1
OKLO,2026-08-21,100.0,0.02,1705,77,145.3127734375,17,41.220001220703125,🚬菸屁股,HOLD,1
PLUG,2026-12-18,2.5,0.37,1954,77,98.82813671875,136,2.0799999237060547,🚬菸屁股,HOLD,1
OKLO,2026-08-21,75.0,0.08,5730,76,122.65663671875001,17,41.220001220703125,🚬菸屁股,HOLD,1
JOBY,2027-01-15,10.0,0.94,23963,76,86.32826171875,164,7.380000114440918,🚬菸屁股,HOLD,1
CRM,2026-08-21,250.0,0.11,2418,76,53.906710937500016,17,185.9499969482422,🚬菸屁股,HOLD,1
SOUN,2026-08-21,10.0,0.06,10396,76,132.81283593749998,17,6.099999904632568,🆕低基期(前日Vol5) 🚬菸屁股,HOLD,1
INTC,2026-09-18,160.0,0.5,5907,75,86.32826171875,45,91.0,🚬菸屁股,HOLD,1
DKNG,2026-09-18,27.5,0.73,4313,75,61.62147753906251,45,23.5,🚬菸屁股,HOLD,1
RKLB,2026-08-21,140.0,0.06,2545,74,119.53165234375001,17,70.43000030517578,🚬菸屁股,HOLD,1
OPEN,2026-12-18,7.0,0.34,965,74,106.64109179687502,136,3.940000057220459,🆕低基期(前日Vol2) 🚬菸屁股,HOLD,1
SMR,2028-01-21,25.0,2.2,2823,74,107.51999365234377,535,9.010000228881836,🆕低基期(前日Vol4) 🔭LEAPS,HOLD,1
T,2026-10-16,24.0,0.99,11274,74,29.151099121093736,73,23.59000015258789,🚬菸屁股,HOLD,1
INTC,2026-10-16,170.0,0.99,9371,73,84.0821904296875,73,91.0,🚬菸屁股,HOLD,1
SOFI,2028-01-21,47.0,1.3,6992,73,65.79624047851563,535,18.030000686645508,🔭LEAPS,HOLD,1
PATH,2028-01-21,12.0,5.25,6549,73,79.883013671875,535,13.050000190734863,🔭LEAPS,HOLD,1
BA,2026-08-21,265.0,0.47,6017,73,36.79262426757813,17,233.49000549316406,🆕低基期(前日Vol12) 🚬菸屁股,HOLD,1
PLUG,2026-12-18,4.5,0.1,1652,73,103.90673046875003,136,2.0799999237060547,🚬菸屁股,HOLD,1
SOUN,2028-01-21,8.0,2.04,11382,73,91.06454248046875,535,6.099999904632568,🔭LEAPS,HOLD,1
SOFI,2026-08-21,26.0,0.02,6668,72,76.562734375,17,18.030000686645508,🚬菸屁股,HOLD,1
PATH,2028-01-21,8.0,7.1,2050,72,72.60769580078124,535,13.050000190734863,🆕低基期(前日Vol10) 🔭LEAPS,HOLD,1
ASTS,2026-08-21,135.0,0.14,1434,71,141.01591992187502,17,63.52000045776367,🚬菸屁股,HOLD,1
SOFI,2028-01-21,42.0,1.6,9206,71,66.79720703125001,535,18.030000686645508,🆕低基期(前日Vol1) 🔭LEAPS,HOLD,1
IREN,2026-08-21,85.0,0.05,3257,71,131.25034374999998,17,39.75,🚬菸屁股,HOLD,1
HIMS,2026-08-21,42.0,0.52,3388,71,112.89106054687501,17,30.81999969482422,🚬菸屁股,HOLD,1
LUNR,2026-08-21,19.0,0.25,2568,71,145.89870800781247,17,13.100000381469727,🚬菸屁股,HOLD,1
JOBY,2028-01-21,8.0,2.99,7690,71,96.679720703125,535,7.380000114440918,🔭LEAPS,HOLD,1
ORCL,2027-01-15,510.0,0.67,7806,71,85.52260571289064,164,141.85000610351562,🚬菸屁股,HOLD,1
SMCI,2026-09-18,42.0,0.89,1170,70,100.48877880859375,45,28.639999389648438,🚬菸屁股,HOLD,1
IONQ,2026-08-21,70.0,0.12,3845,70,123.047259765625,17,38.849998474121094,🆕低基期(前日Vol4) 🚬菸屁股,HOLD,1
OPEN,2027-01-15,12.0,0.16,5229,70,107.03171484375002,164,3.940000057220459,🚬菸屁股,HOLD,1
ONDS,2027-01-15,25.0,0.39,15850,70,113.47699511718751,164,8.369999885559082,🆕低基期(前日Vol3) 🚬菸屁股,HOLD,1
SOUN,2027-01-15,37.0,0.08,15488,70,126.56286718749999,164,6.099999904632568,🆕低基期(前日Vol12) 🚬菸屁股,HOLD,1
ONDS,2028-01-21,12.0,3.2,14079,69,105.078599609375,535,8.369999885559082,🔭LEAPS,HOLD,1
CRWV,2026-09-18,180.0,0.47,2921,69,108.10592822265626,45,85.76000213623047,🆕低基期(前日Vol18) 🚬菸屁股,HOLD,1
SOUN,2028-01-21,15.0,1.26,4783,69,90.82040429687498,535,6.099999904632568,🆕低基期(前日Vol10) 🔭LEAPS,HOLD,1
RKLB,2026-09-18,160.0,0.22,1035,68,117.48088134765624,45,70.43000030517578,🆕低基期(前日Vol12) 🚬菸屁股,HOLD,1
SOFI,2026-12-18,42.0,0.1,1944,68,68.555001953125,136,18.030000686645508,🚬菸屁股,HOLD,1
NVDA,2026-09-18,460.0,0.02,23438,67,70.312796875,45,206.63999938964844,🆕低基期(前日Vol7) 🚬菸屁股,HOLD,1
SMCI,2026-09-18,70.0,0.1,6433,67,112.89106054687501,45,28.639999389648438,🚬菸屁股,HOLD,1
RKLB,2026-08-21,130.0,0.09,3268,67,117.96916015624998,17,70.43000030517578,🆕低基期(前日Vol18) 🚬菸屁股,HOLD,1
PATH,2028-01-21,37.0,1.36,4939,67,79.0041162109375,535,13.050000190734863,🔭LEAPS,HOLD,1
ORCL,2026-09-18,360.0,0.22,1085,67,111.9145029296875,45,141.85000610351562,🆕低基期(前日Vol10) 🚬菸屁股,HOLD,1
JOBY,2026-11-20,13.0,0.26,1500,66,87.500125,108,7.380000114440918,🆕低基期(前日Vol3) 🚬菸屁股,HOLD,1
PLUG,2028-01-21,3.5,0.62,4818,66,92.38288867187501,535,2.0799999237060547,🔭LEAPS,HOLD,1
TSLA,2026-09-18,700.0,0.16,6354,65,80.7619111328125,45,322.0799865722656,🚬菸屁股,HOLD,1
MSFT,2026-09-18,800.0,0.03,10308,65,46.0942890625,45,487.6499938964844,🚬菸屁股,HOLD,1
IBIT,2026-09-18,47.0,0.08,8384,65,41.01621484375,45,36.15999984741211,🆕低基期(前日Vol4) 🚬菸屁股,HOLD,1
IBIT,2028-01-21,60.0,3.0,6842,65,49.96387927246094,535,36.15999984741211,🔭LEAPS,HOLD,1
BA,2026-08-21,300.0,0.05,2433,64,44.5318046875,17,233.49000549316406,🆕低基期(前日Vol6) 🚬菸屁股,HOLD,1
INTC,2026-09-18,155.0,0.6,7909,63,85.35170898437501,45,91.0,🚬菸屁股,HOLD,1
XYZ,2028-01-21,120.0,10.15,1417,63,51.538570556640614,535,82.08999633789062,🆕低基期(前日Vol1) 🔭LEAPS,HOLD,1
SOUN,2027-01-15,12.0,0.45,15631,63,100.68409033203123,164,6.099999904632568,🚬菸屁股,HOLD,1
ASTS,2026-08-21,130.0,0.16,3088,62,144.3362158203125,17,63.52000045776367,🚬菸屁股,HOLD,1
DKNG,2026-08-21,35.0,0.04,8713,62,84.76577734374999,17,23.5,🆕低基期(前日Vol11) 🚬菸屁股,HOLD,1
DKNG,2027-01-15,35.0,0.89,12804,62,58.39885351562499,164,23.5,🚬菸屁股,HOLD,1
T,2027-01-15,29.0,0.32,986,62,32.7155166015625,164,23.59000015258789,🆕低基期(前日Vol2) 🚬菸屁股,HOLD,1
ORCL,2026-10-16,280.0,0.95,1217,62,84.98550170898437,73,141.85000610351562,🆕低基期(前日Vol3) 🚬菸屁股,HOLD,1
PLUG,2026-08-21,2.0,0.24,1900,62,109.375453125,17,2.0799999237060547,🚬菸屁股,HOLD,1
SOUN,2027-01-15,9.0,0.75,2816,62,92.773509765625,164,6.099999904632568,🆕低基期(前日Vol2) 🚬菸屁股,HOLD,1
TSLA,2028-01-21,800.0,14.35,7493,61,56.43201527404786,535,322.0799865722656,🔭LEAPS,HOLD,1
SMCI,2026-08-21,36.0,0.83,5387,61,111.62153564453124,17,28.639999389648438,🚬菸屁股,HOLD,1
ASTS,2026-08-21,125.0,0.2,2638,61,140.234673828125,17,63.52000045776367,🚬菸屁股,HOLD,1
IBM,2026-09-18,470.0,0.03,2218,61,68.7503125,45,226.30999755859375,🚬菸屁股,HOLD,1
IBIT,2026-09-18,54.0,0.03,5242,60,50.7817421875,45,36.15999984741211,🚬菸屁股,HOLD,1
IBM,2026-08-21,350.0,0.05,2113,60,74.804939453125,17,226.30999755859375,🚬菸屁股,HOLD,1
OKLO,2028-01-21,95.0,9.15,759,59,101.07471337890624,535,41.220001220703125,🔭LEAPS,HOLD,1
SMR,2028-01-21,8.0,4.67,5318,59,109.76607617187501,535,9.010000228881836,🔭LEAPS,HOLD,1
PLUG,2028-01-21,2.5,0.78,12598,59,95.11723632812499,535,2.0799999237060547,🔭LEAPS,HOLD,1
RKLB,2026-08-21,115.0,0.27,896,58,115.625421875,17,70.43000030517578,🚬菸屁股,HOLD,1
RKLB,2026-10-16,195.0,0.26,1019,58,108.10592822265626,73,70.43000030517578,🚬菸屁股,HOLD,1
INTC,2028-01-21,65.0,45.08,7365,57,85.29067443847657,535,91.0,🆕低基期(前日Vol16) 🔭LEAPS,HOLD,1
RKLB,2026-08-21,120.0,0.19,2288,57,111.71919140624999,17,70.43000030517578,🆕低基期(前日Vol18) 🚬菸屁股,HOLD,1
RKLB,2026-09-18,130.0,0.69,1305,57,102.53954980468751,45,70.43000030517578,🆕低基期(前日Vol5) 🚬菸屁股,HOLD,1
HOOD,2026-09-18,140.0,0.55,7454,57,72.6565234375,45,90.33999633789062,🚬菸屁股,HOLD,1
T,2026-09-18,27.0,0.1,7702,57,27.637442382812495,45,23.59000015258789,🚬菸屁股,HOLD,1
ORLY,2026-08-21,100.0,0.2,1838,57,33.25262060546875,17,89.76000213623047,🚬菸屁股,HOLD,1
IBIT,2028-06-16,5.0,31.8,5363,56,114.35589697265624,682,36.15999984741211,🆕低基期(前日Vol6) 🔭LEAPS,HOLD,1
ASTS,2026-08-21,105.0,0.52,5120,56,135.64485302734374,17,63.52000045776367,🆕低基期(前日Vol11) 🚬菸屁股,HOLD,1
SOFI,2026-11-20,27.0,0.4,2102,56,60.74258007812501,108,18.030000686645508,🆕低基期(前日Vol5) 🚬菸屁股,HOLD,1
SOFI,2026-12-18,27.0,0.54,2114,56,60.547269531250016,136,18.030000686645508,🚬菸屁股,HOLD,1
ACHR,2028-01-21,2.0,3.3,1022,56,88.67198828125,535,4.840000152587891,🆕低基期(前日Vol10) 🔭LEAPS,HOLD,1
ACHR,2028-01-21,4.0,2.39,3997,56,94.8242705078125,535,4.840000152587891,🔭LEAPS,HOLD,1
T,2027-01-15,27.0,0.6,20696,56,28.906960937499992,164,23.59000015258789,🚬菸屁股,HOLD,1
T,2028-01-21,25.0,2.58,8974,56,28.882547119140618,535,23.59000015258789,🔭LEAPS,HOLD,1
NVDA,2028-01-21,290.0,21.28,5464,55,45.47478842163086,535,206.63999938964844,🔭LEAPS,HOLD,1
IREN,2026-09-18,75.0,0.69,6155,55,119.09220141601563,45,39.75,🚬菸屁股,HOLD,1
IREN,2026-10-16,110.0,0.34,2319,55,115.625421875,73,39.75,🆕低基期(前日Vol1) 🚬菸屁股,HOLD,1
CRWV,2028-01-21,190.0,11.63,1340,55,90.67392138671875,535,85.76000213623047,🔭LEAPS,HOLD,1
SOFI,2028-01-21,45.0,1.4,4374,54,66.30893066406252,535,18.030000686645508,🔭LEAPS,HOLD,1
ORCL,2027-01-15,490.0,0.73,1226,54,83.08122387695312,164,141.85000610351562,🆕低基期(前日Vol3) 🚬菸屁股,HOLD,1
WMT,2026-11-20,145.0,0.55,1987,54,33.98503515625,108,110.70999908447266,🚬菸屁股,HOLD,1
CRM,2026-08-21,240.0,0.12,2860,54,51.465329101562496,17,185.9499969482422,🚬菸屁股,HOLD,1
NVDA,2026-09-18,320.0,0.17,7714,53,52.246571289062494,45,206.63999938964844,🚬菸屁股,HOLD,1
UPST,2026-09-18,50.0,0.2,5488,53,83.789224609375,45,29.43000030517578,🆕低基期(前日Vol5) 🚬菸屁股,HOLD,1
SOFI,2026-08-21,32.0,0.01,7400,53,98.437515625,17,18.030000686645508,🚬菸屁股,HOLD,1
HIMS,2026-08-21,43.0,0.4,752,53,116.99260253906249,17,30.81999969482422,🚬菸屁股,HOLD,1
ACHR,2026-10-16,10.0,0.06,5959,53,99.2187578125,73,4.840000152587891,🚬菸屁股,HOLD,1
T,2028-01-21,37.0,0.47,902,53,29.63937548828125,535,23.59000015258789,🆕低基期(前日Vol1) 🔭LEAPS,HOLD,1
ORCL,2026-08-21,390.0,0.04,2460,53,142.96903515625,17,141.85000610351562,🆕低基期(前日Vol11) 🚬菸屁股,HOLD,1
IBIT,2027-01-15,49.0,0.81,5505,52,41.87069848632812,164,36.15999984741211,🆕低基期(前日Vol2) 🚬菸屁股,HOLD,1
IBIT,2028-01-21,40.0,7.7,5170,52,52.14891601562499,535,36.15999984741211,🔭LEAPS,HOLD,1
OKLO,2026-09-18,80.0,0.42,1475,52,109.27779736328125,45,41.220001220703125,🚬菸屁股,HOLD,1
DKNG,2026-08-21,32.5,0.06,8643,52,76.562734375,17,23.5,🚬菸屁股,HOLD,1
PATH,2026-09-18,19.0,0.3,765,52,92.187578125,45,13.050000190734863,🚬菸屁股,HOLD,1
HIMS,2028-01-21,50.0,8.93,2005,52,92.33406103515625,535,30.81999969482422,🔭LEAPS,HOLD,1
ACHR,2027-01-15,12.0,0.18,20372,52,96.0937890625,164,4.840000152587891,🆕低基期(前日Vol1) 🚬菸屁股,HOLD,1
CRWV,2026-08-21,165.0,0.11,1123,52,123.63319433593749,17,85.76000213623047,🚬菸屁股,HOLD,1
T,2026-12-18,35.0,0.03,1663,52,34.961587890625,136,23.59000015258789,🚬菸屁股,HOLD,1
ORCL,2026-12-18,400.0,0.95,1108,52,82.93474096679687,136,141.85000610351562,🆕低基期(前日Vol15) 🚬菸屁股,HOLD,1
MSTR,2026-08-21,160.0,0.05,5445,51,102.93017285156252,17,94.86000061035156,🚬菸屁股,HOLD,1
SMCI,2028-01-21,70.0,5.5,1975,51,89.94150683593749,535,28.639999389648438,🆕低基期(前日Vol2) 🔭LEAPS,HOLD,1
HIMS,2027-01-15,85.0,0.9,2549,51,99.26758544921876,164,30.81999969482422,🆕低基期(前日Vol18) 🚬菸屁股,HOLD,1
BA,2026-08-21,280.0,0.13,2813,51,44.92242578125,17,233.49000549316406,🆕低基期(前日Vol16) 🚬菸屁股,HOLD,1
NVDA,2028-01-21,270.0,26.65,8364,50,47.31803170776367,535,206.63999938964844,🔭LEAPS,HOLD,1
IBIT,2027-01-15,62.0,0.21,6889,50,46.582565429687506,164,36.15999984741211,🚬菸屁股,HOLD,1
RKLB,2026-09-18,150.0,0.31,3619,50,104.59032080078129,45,70.43000030517578,🚬菸屁股,HOLD,1
SOFI,2027-01-15,37.0,0.21,3147,50,65.23472265625001,164,18.030000686645508,🆕低基期(前日Vol6) 🚬菸屁股,HOLD,1
SOFI,2028-06-16,10.0,10.4,9307,50,77.41721801757812,682,18.030000686645508,🔭LEAPS,HOLD,1
DKNG,2026-12-18,65.0,0.03,1809,50,73.82838671875,136,23.5,🚬菸屁股,HOLD,1
NTLA,2026-08-21,13.0,0.2,1783,50,88.476677734375,17,10.770000457763672,🆕低基期(前日Vol13) 🚬菸屁股,HOLD,1
CRWV,2026-08-21,170.0,0.07,878,50,138.67218164062498,17,85.76000213623047,🆕低基期(前日Vol2) 🚬菸屁股,HOLD,1
PLUG,2027-01-15,4.5,0.14,8744,50,103.90673046875003,164,2.0799999237060547,🚬菸屁股,HOLD,1
CRM,2026-09-18,260.0,0.74,1856,50,52.954572021484395,45,185.9499969482422,🚬菸屁股,HOLD,1
SOUN,2027-01-15,25.0,0.14,5439,50,116.99260253906249,164,6.099999904632568,🆕低基期(前日Vol5) 🚬菸屁股,HOLD,1
NVDA,2028-01-21,240.0,35.7,9033,49,46.79313461303711,535,206.63999938964844,🔭LEAPS,HOLD,1
OKLO,2026-12-18,165.0,0.52,3267,49,117.67619287109375,136,41.220001220703125,🆕低基期(前日Vol3) 🚬菸屁股,HOLD,1
OKLO,2028-01-21,100.0,9.45,3945,49,100.30567425537109,535,41.220001220703125,🔭LEAPS,HOLD,1
OPEN,2026-12-18,5.0,0.68,2169,49,102.34423828125001,136,3.940000057220459,🚬菸屁股,HOLD,1
OPEN,2028-01-21,3.0,2.15,2086,49,113.8676181640625,535,3.940000057220459,🔭LEAPS,HOLD,1
JOBY,2028-01-21,10.0,2.45,14854,49,91.60164648437501,535,7.380000114440918,🔭LEAPS,HOLD,1
SMR,2028-01-21,20.0,2.6,4506,49,108.74069067382814,535,9.010000228881836,🔭LEAPS,HOLD,1
AZN,2026-08-21,185.0,0.18,754,49,45.6060126953125,17,157.97000122070312,🚬菸屁股,HOLD,1
INTC,2026-08-21,160.0,0.04,11362,48,95.70316796875,17,91.0,🚬菸屁股,HOLD,1
TDOC,2027-01-15,10.0,0.41,10747,48,72.46121289062499,164,6.679999828338623,🆕低基期(前日Vol14) 🚬菸屁股,HOLD,1
SMR,2026-11-20,14.0,0.87,1621,48,108.49655126953124,108,9.010000228881836,🆕低基期(前日Vol8) 🚬菸屁股,HOLD,1
CRWV,2026-08-21,175.0,0.11,1647,48,130.46909765624997,17,85.76000213623047,🚬菸屁股,HOLD,1
T,2026-09-18,28.0,0.04,17542,48,28.321029296874993,45,23.59000015258789,🚬菸屁股,HOLD,1
HIMS,2026-08-21,41.0,0.63,802,47,108.49655126953124,17,30.81999969482422,🚬菸屁股,HOLD,1
LUNR,2026-09-18,25.0,0.25,1878,47,118.75040625,45,13.100000381469727,🚬菸屁股,HOLD,1
LUNR,2028-01-21,20.0,5.5,1684,47,116.89494677734376,535,13.100000381469727,🆕低基期(前日Vol5) 🔭LEAPS,HOLD,1
JOBY,2027-01-15,12.0,0.6,7799,47,85.8399853515625,164,7.380000114440918,🚬菸屁股,HOLD,1
ACHR,2026-10-16,9.0,0.07,3468,47,91.4063359375,73,4.840000152587891,🆕低基期(前日Vol15) 🚬菸屁股,HOLD,1
INTC,2026-08-21,180.0,0.02,6842,46,104.68797656250001,17,91.0,🚬菸屁股,HOLD,1
SMCI,2026-08-21,38.0,0.59,2550,46,113.67230664062502,17,28.639999389648438,🚬菸屁股,HOLD,1
SMCI,2026-12-18,65.0,0.93,1855,46,96.77737597656251,136,28.639999389648438,🚬菸屁股,HOLD,1
SMCI,2028-01-21,30.0,11.5,2801,46,92.72468212890624,535,28.639999389648438,🔭LEAPS,HOLD,1
LUNR,2028-01-21,40.0,3.45,3704,46,116.50432373046877,535,13.100000381469727,🔭LEAPS,HOLD,1
NVDA,2026-09-18,310.0,0.2,6365,45,50.48877636718749,45,206.63999938964844,🆕低基期(前日Vol1) 🚬菸屁股,HOLD,1
AAPL,2026-08-21,400.0,0.02,5941,45,43.7505625,17,303.4200134277344,🚬菸屁股,HOLD,1
HOOD,2026-08-21,140.0,0.11,2928,45,94.6289599609375,17,90.33999633789062,🚬菸屁股,HOLD,1
JOBY,2026-10-16,9.0,0.59,776,45,87.30481445312499,73,7.380000114440918,🆕低基期(前日Vol2) 🚬菸屁股,HOLD,1
ORCL,2026-08-21,260.0,0.09,2708,45,105.078599609375,17,141.85000610351562,🆕低基期(前日Vol9) 🚬菸屁股,HOLD,1
ORCL,2026-09-18,280.0,0.51,4650,45,93.55475195312499,45,141.85000610351562,🚬菸屁股,HOLD,1
SOUN,2026-10-16,12.0,0.16,8335,45,107.03171484375002,73,6.099999904632568,🚬菸屁股,HOLD,1
SOUN,2028-01-21,5.0,2.83,7205,45,93.2617861328125,535,6.099999904632568,🆕低基期(前日Vol8) 🔭LEAPS,HOLD,1
TSLA,2028-01-21,900.0,10.95,6754,44,57.202576416015624,535,322.0799865722656,🆕低基期(前日Vol16) 🔭LEAPS,HOLD,1
SMCI,2026-09-18,43.0,0.79,2043,44,99.75586181640624,45,28.639999389648438,🆕低基期(前日Vol4) 🚬菸屁股,HOLD,1
OKLO,2026-10-16,90.0,0.68,1474,44,106.78757543945316,73,41.220001220703125,🚬菸屁股,HOLD,1
SOFI,2026-12-18,45.0,0.1,7851,44,71.679970703125,136,18.030000686645508,🆕低基期(前日Vol3) 🚬菸屁股,HOLD,1
IREN,2028-01-21,80.0,11.9,7193,44,104.27293957519535,535,39.75,🆕低基期(前日Vol8) 🔭LEAPS,HOLD,1
OPEN,2027-01-15,9.0,0.26,3475,44,106.64109179687502,164,3.940000057220459,🆕低基期(前日Vol2) 🚬菸屁股,HOLD,1
JOBY,2028-01-21,15.0,1.72,9970,44,91.1133701171875,535,7.380000114440918,🆕低基期(前日Vol17) 🔭LEAPS,HOLD,1
WMT,2026-12-18,165.0,0.37,1487,44,37.54945263671875,136,110.70999908447266,🚬菸屁股,HOLD,1
UPST,2026-08-21,42.5,0.16,2137,43,98.04689453125,17,29.43000030517578,🚬菸屁股,HOLD,1
DKNG,2026-09-18,40.0,0.04,10297,43,68.35969140625001,45,23.5,🆕低基期(前日Vol1) 🚬菸屁股,HOLD,1
CRWV,2026-10-16,200.0,0.84,1029,43,103.51610742187502,73,85.76000213623047,🚬菸屁股,HOLD,1
ORCL,2026-08-21,270.0,0.08,1621,43,108.3988955078125,17,141.85000610351562,🚬菸屁股,HOLD,1
PLUG,2026-09-18,5.0,0.02,10723,43,134.37532812499998,45,2.0799999237060547,🚬菸屁股,HOLD,1
WMT,2026-08-21,123.0,0.46,1090,43,40.62559375,17,110.70999908447266,🚬菸屁股,HOLD,1
IBIT,2027-01-15,48.0,0.94,5523,42,41.74862939453124,164,36.15999984741211,🚬菸屁股,HOLD,1
HOOD,2028-01-21,280.0,6.12,2849,42,73.84059362792968,535,90.33999633789062,🔭LEAPS,HOLD,1
JOBY,2026-08-21,10.0,0.07,5362,42,96.0937890625,17,7.380000114440918,🚬菸屁股,HOLD,1
ORCL,2026-08-21,360.0,0.05,1160,42,139.453427734375,17,141.85000610351562,🚬菸屁股,HOLD,1
ORCL,2026-11-20,370.0,0.64,1242,42,84.71694970703125,108,141.85000610351562,🆕低基期(前日Vol1) 🚬菸屁股,HOLD,1
HOOD,2026-09-18,175.0,0.13,1053,41,90.62509374999999,45,90.33999633789062,🆕低基期(前日Vol4) 🚬菸屁股,HOLD,1
TDOC,2026-08-21,12.0,0.01,2189,41,139.06280468749998,17,6.679999828338623,🚬菸屁股,HOLD,1
LUNR,2026-09-18,26.0,0.21,1158,41,116.40666796875001,45,13.100000381469727,🆕低基期(前日Vol1) 🚬菸屁股,HOLD,1
JOBY,2026-09-18,8.0,0.69,2176,41,85.937640625,45,7.380000114440918,🚬菸屁股,HOLD,1
CRWV,2026-08-21,155.0,0.21,1537,41,129.49254003906248,17,85.76000213623047,🆕低基期(前日Vol2) 🚬菸屁股,HOLD,1
ORCL,2026-12-18,510.0,0.45,10770,41,87.30481445312499,136,141.85000610351562,🆕低基期(前日Vol5) 🚬菸屁股,HOLD,1
RKLB,2026-08-21,125.0,0.16,2932,40,114.45355273437498,17,70.43000030517578,🆕低基期(前日Vol3) 🚬菸屁股,HOLD,1
RKLB,2026-08-21,175.0,0.03,4710,40,138.28155859374996,17,70.43000030517578,🚬菸屁股,HOLD,1
IONQ,2028-01-21,80.0,10.35,1743,40,98.95020581054688,535,38.849998474121094,🆕低基期(前日Vol3) 🔭LEAPS,HOLD,1
SOFI,2026-08-21,29.0,0.02,1568,40,95.312546875,17,18.030000686645508,🆕低基期(前日Vol3) 🚬菸屁股,HOLD,1
IREN,2026-12-18,120.0,0.95,4057,40,112.30512597656251,136,39.75,🚬菸屁股,HOLD,1
U,2028-01-21,50.0,7.75,1617,40,76.74583801269532,535,33.380001068115234,🆕低基期(前日Vol13) 🔭LEAPS,HOLD,1
HOOD,2026-08-21,135.0,0.08,2044,40,77.73459765625,17,90.33999633789062,🚬菸屁股,HOLD,1
PACB,2027-01-15,5.0,0.05,3385,40,118.75040625,164,1.4199999570846558,🚬菸屁股,HOLD,1
JOBY,2028-01-21,3.0,5.2,1385,40,107.71530517578127,535,7.380000114440918,🆕低基期(前日Vol1) 🔭LEAPS,HOLD,1
WMT,2026-08-21,124.0,0.38,1581,40,41.01621484375,17,110.70999908447266,🚬菸屁股,HOLD,1
IBIT,2026-10-16,105.0,0.03,8923,39,88.67198828125,73,36.15999984741211,🆕低基期(前日Vol2) 🚬菸屁股,HOLD,1
RKLB,2026-08-21,170.0,0.04,1771,39,149.21900390624998,17,70.43000030517578,🚬菸屁股,HOLD,1
DKNG,2026-09-18,47.5,0.04,913,39,99.023447265625,45,23.5,🚬菸屁股,HOLD,1
DKNG,2027-01-15,40.0,0.49,10853,39,59.42423388671876,164,23.5,🚬菸屁股,HOLD,1
U,2026-08-21,55.0,0.06,5427,39,119.141029296875,17,33.380001068115234,🚬菸屁股,HOLD,1
SMR,2028-01-21,50.0,1.23,1338,39,112.35395385742186,535,9.010000228881836,🔭LEAPS,HOLD,1
NNE,2027-01-15,40.0,0.95,2345,39,99.9023447265625,164,17.579999923706055,🚬菸屁股,HOLD,1
PLUG,2027-01-15,5.5,0.1,17046,39,105.46922265625001,164,2.0799999237060547,🚬菸屁股,HOLD,1
NVDA,2028-01-21,195.0,53.25,6990,38,49.08345594787598,535,206.63999938964844,🔭LEAPS,HOLD,1
SMCI,2026-08-21,37.0,0.7,6840,38,113.0863720703125,17,28.639999389648438,🚬菸屁股,HOLD,1
SOFI,2026-12-18,32.0,0.28,3913,38,62.109753906250006,136,18.030000686645508,🆕低基期(前日Vol8) 🚬菸屁股,HOLD,1
JOBY,2026-11-20,20.0,0.07,1408,38,113.67230664062502,108,7.380000114440918,🆕低基期(前日Vol3) 🚬菸屁股,HOLD,1
CRM,2026-09-18,270.0,0.63,1451,38,55.640092041015635,45,185.9499969482422,🚬菸屁股,HOLD,1
CRM,2026-09-18,320.0,0.11,3208,38,59.766027343750004,45,185.9499969482422,🚬菸屁股,HOLD,1
TSLA,2026-12-18,960.0,0.63,5697,37,73.26686889648437,136,322.0799865722656,🆕低基期(前日Vol2) 🚬菸屁股,HOLD,1
NVDA,2027-01-15,420.0,0.51,10989,37,49.023947265625004,164,206.63999938964844,🚬菸屁股,HOLD,1
SOFI,2026-11-20,35.0,0.11,1377,37,63.47692773437501,108,18.030000686645508,🚬菸屁股,HOLD,1
CRWV,2026-09-18,175.0,0.58,911,37,109.47310888671878,45,85.76000213623047,🆕低基期(前日Vol2) 🚬菸屁股,HOLD,1
IONQ,2026-08-21,75.0,0.07,1566,36,123.43788281249999,17,38.849998474121094,🆕低基期(前日Vol7) 🚬菸屁股,HOLD,1
ZM,2026-08-21,110.0,0.77,1951,36,48.68215380859375,17,98.25,🚬菸屁股,HOLD,1
ACHR,2027-01-15,9.0,0.31,3578,36,90.82040429687498,164,4.840000152587891,🆕低基期(前日Vol11) 🚬菸屁股,HOLD,1
T,2026-08-21,25.5,0.09,1930,36,29.395237304687495,17,23.59000015258789,🚬菸屁股,HOLD,1
SOUN,2026-10-16,19.0,0.02,1066,36,125.00037499999999,73,6.099999904632568,🚬菸屁股,HOLD,1
NVDA,2028-01-21,230.0,39.1,14137,35,47.19443675231933,535,206.63999938964844,🔭LEAPS,HOLD,1
RKLB,2026-08-21,135.0,0.08,959,35,139.453427734375,17,70.43000030517578,🚬菸屁股,HOLD,1
OPEN,2026-11-20,15.0,0.07,14171,35,135.93782031249998,108,3.940000057220459,🚬菸屁股,HOLD,1
LUNR,2028-01-21,25.0,4.85,4512,35,117.1879140625,535,13.100000381469727,🔭LEAPS,HOLD,1
JOBY,2028-01-21,12.0,2.09,5617,35,91.211025390625,535,7.380000114440918,🔭LEAPS,HOLD,1
T,2026-08-21,27.0,0.01,5678,35,31.250687499999998,17,23.59000015258789,🚬菸屁股,HOLD,1
WMT,2027-01-15,155.0,0.46,3383,35,33.1061376953125,164,110.70999908447266,🚬菸屁股,HOLD,1
NVDA,2026-09-18,290.0,0.35,7134,34,47.192910888671875,45,206.63999938964844,🚬菸屁股,HOLD,1
NVDA,2028-01-21,280.0,24.5,8279,34,45.6258489227295,535,206.63999938964844,🔭LEAPS,HOLD,1
ASTS,2026-10-16,190.0,0.5,1961,34,121.38711181640622,73,63.52000045776367,🆕低基期(前日Vol4) 🚬菸屁股,HOLD,1
SOFI,2026-08-21,34.0,0.01,1556,34,114.0629296875,17,18.030000686645508,🚬菸屁股,HOLD,1
TDOC,2026-08-21,10.0,0.01,3697,34,89.062609375,17,6.679999828338623,🚬菸屁股,HOLD,1
PLUG,2026-12-18,5.0,0.08,2060,34,106.25046875000001,136,2.0799999237060547,🚬菸屁股,HOLD,1
PLUG,2028-01-21,1.0,1.3,6875,34,92.57819921875,535,2.0799999237060547,🔭LEAPS,HOLD,1
IONQ,2026-09-18,90.0,0.24,1798,33,117.77384863281249,45,38.849998474121094,🆕低基期(前日Vol1) 🚬菸屁股,HOLD,1
DKNG,2026-12-18,33.0,0.94,1744,33,59.570716796875004,136,23.5,🚬菸屁股,HOLD,1
HIMS,2028-01-21,40.0,11.2,6821,33,97.29006616210938,535,30.81999969482422,🔭LEAPS,HOLD,1
ACHR,2026-10-16,12.0,0.05,7494,33,103.12548437500001,73,4.840000152587891,🚬菸屁股,HOLD,1
SMR,2026-11-20,18.0,0.48,935,33,109.86373193359378,108,9.010000228881836,🚬菸屁股,HOLD,1
SMR,2028-01-21,5.0,5.75,1881,33,108.88717431640625,535,9.010000228881836,🔭LEAPS,HOLD,1
IBM,2026-08-21,290.0,0.2,4778,33,51.758294921875006,17,226.30999755859375,🚬菸屁股,HOLD,1
ORCL,2028-01-21,380.0,11.3,12493,33,70.30364169311524,535,141.85000610351562,🆕低基期(前日Vol2) 🔭LEAPS,HOLD,1
IBIT,2026-10-16,59.0,0.08,7817,32,51.562984375,73,36.15999984741211,🚬菸屁股,HOLD,1
SMCI,2028-01-21,105.0,3.3,8059,32,91.72371557617188,535,28.639999389648438,🔭LEAPS,HOLD,1
OKLO,2026-09-18,100.0,0.18,3041,32,117.96916015624998,45,41.220001220703125,🆕低基期(前日Vol6) 🚬菸屁股,HOLD,1
UPST,2027-01-15,70.0,0.62,1619,32,82.17791259765625,164,29.43000030517578,🚬菸屁股,HOLD,1
IREN,2026-09-18,110.0,0.11,3160,32,124.80506347656248,45,39.75,🚬菸屁股,HOLD,1
ACHR,2028-01-21,12.0,0.96,4243,32,93.945373046875,535,4.840000152587891,🔭LEAPS,HOLD,1
IBM,2026-09-18,400.0,0.08,3457,32,60.644924804687506,45,226.30999755859375,🚬菸屁股,HOLD,1
BA,2026-08-21,275.0,0.2,3272,32,38.9654541015625,17,233.49000549316406,🆕低基期(前日Vol6) 🚬菸屁股,HOLD,1
INTC,2028-01-21,40.0,59.13,8232,31,87.78088391113282,535,91.0,🔭LEAPS,HOLD,1
KTOS,2026-08-21,70.0,0.25,2675,31,91.1133701171875,17,49.209999084472656,🚬菸屁股,HOLD,1
LUNR,2027-01-15,35.0,0.86,1988,31,119.87344750976563,164,13.100000381469727,🆕低基期(前日Vol1) 🚬菸屁股,HOLD,1
SMR,2028-01-21,15.0,3.22,7938,31,107.95944458007813,535,9.010000228881836,🔭LEAPS,HOLD,1
IBM,2026-12-18,490.0,0.29,882,31,51.90477783203124,136,226.30999755859375,🚬菸屁股,HOLD,1
T,2026-10-16,30.0,0.03,1466,31,30.4694453125,73,23.59000015258789,🚬菸屁股,HOLD,1
PLUG,2026-08-21,3.5,0.02,1486,31,134.37532812499998,17,2.0799999237060547,🚬菸屁股,HOLD,1
PLUG,2028-01-21,5.5,0.41,9972,31,98.242205078125,535,2.0799999237060547,🔭LEAPS,HOLD,1
WMT,2026-12-18,145.0,0.7,1881,31,32.39813696289062,136,110.70999908447266,🚬菸屁股,HOLD,1
NVDA,2026-09-18,400.0,0.04,13303,30,63.281617187500004,45,206.63999938964844,🚬菸屁股,HOLD,1
IBIT,2027-01-15,135.0,0.03,12473,30,71.0940390625,164,36.15999984741211,🆕低基期(前日Vol11) 🚬菸屁股,HOLD,1
INTC,2026-08-21,175.0,0.05,8238,30,111.328568359375,17,91.0,🚬菸屁股,HOLD,1
SMCI,2026-09-18,60.0,0.17,14517,30,108.984830078125,45,28.639999389648438,🚬菸屁股,HOLD,1
SOFI,2026-08-21,35.0,0.01,6633,30,112.5004375,17,18.030000686645508,🚬菸屁股,HOLD,1
SOFI,2026-09-18,35.0,0.02,6611,30,77.3439765625,45,18.030000686645508,🚬菸屁股,HOLD,1
TDOC,2027-01-15,7.5,0.9,15085,30,68.7503125,164,6.679999828338623,🚬菸屁股,HOLD,1
NTLA,2028-01-21,12.5,4.2,1054,30,119.62930810546877,535,10.770000457763672,🔭LEAPS,HOLD,1
JOBY,2026-10-16,14.0,0.11,1704,30,92.38288867187501,73,7.380000114440918,🆕低基期(前日Vol2) 🚬菸屁股,HOLD,1
ACHR,2028-01-21,15.0,0.78,13578,30,95.80082324218748,535,4.840000152587891,🔭LEAPS,HOLD,1
T,2026-12-18,32.0,0.08,2796,30,30.9577216796875,136,23.59000015258789,🚬菸屁股,HOLD,1
ORCL,2026-09-18,260.0,0.78,2722,30,92.70026831054687,45,141.85000610351562,🚬菸屁股,HOLD,1
IONQ,2028-01-21,140.0,6.4,916,29,101.68506188964845,535,38.849998474121094,🔭LEAPS,HOLD,1
ONDS,2026-09-18,25.0,0.04,11307,29,132.81283593749998,45,8.369999885559082,🆕低基期(前日Vol3) 🚬菸屁股,HOLD,1
LUNR,2026-09-18,40.0,0.04,4310,29,137.50031249999998,45,13.100000381469727,🆕低基期(前日Vol8) 🚬菸屁股,HOLD,1
ACHR,2027-01-15,15.0,0.1,24443,29,103.51610742187502,164,4.840000152587891,🚬菸屁股,HOLD,1
SMR,2027-01-15,17.0,0.89,2522,29,107.95944458007813,164,9.010000228881836,🚬菸屁股,HOLD,1
CRWV,2026-08-21,160.0,0.12,1778,29,126.75817871093749,17,85.76000213623047,🆕低基期(前日Vol2) 🚬菸屁股,HOLD,1
CRWV,2026-09-18,210.0,0.2,2456,29,115.33245458984376,45,85.76000213623047,🚬菸屁股,HOLD,1
SMCI,2026-08-21,65.0,0.02,5186,28,145.3127734375,17,28.639999389648438,🚬菸屁股,HOLD,1
SOFI,2026-09-18,47.0,0.01,3388,28,102.34423828125001,45,18.030000686645508,🚬菸屁股,HOLD,1
ACHR,2027-01-15,22.0,0.06,7418,28,116.79729101562502,164,4.840000152587891,🆕低基期(前日Vol10) 🚬菸屁股,HOLD,1
SMR,2026-11-20,15.0,0.75,2574,28,109.18014160156251,108,9.010000228881836,🚬菸屁股,HOLD,1
NVDA,2028-01-21,190.0,54.95,8328,27,49.58241336059571,535,206.63999938964844,🔭LEAPS,HOLD,1
MSTR,2027-01-15,500.0,0.35,7438,27,103.46727954101564,164,94.86000061035156,🚬菸屁股,HOLD,1
SOFI,2026-09-18,29.0,0.07,904,27,68.35969140625001,45,18.030000686645508,🆕低基期(前日Vol6) 🚬菸屁股,HOLD,1
PATH,2026-08-21,25.0,0.01,834,27,125.00037499999999,17,13.050000190734863,🚬菸屁股,HOLD,1
HOOD,2026-10-16,155.0,0.77,4766,27,72.1682470703125,73,90.33999633789062,🚬菸屁股,HOLD,1
TDOC,2026-10-16,8.0,0.34,2157,27,62.69568554687501,73,6.679999828338623,🚬菸屁股,HOLD,1
NTLA,2026-08-21,14.0,0.1,968,27,79.687703125,17,10.770000457763672,🚬菸屁股,HOLD,1
SMR,2026-11-20,25.0,0.2,2774,27,116.2113564453125,108,9.010000228881836,🚬菸屁股,HOLD,1
NNE,2026-08-21,25.0,0.15,1403,27,107.81296093750001,17,17.579999923706055,🆕低基期(前日Vol2) 🚬菸屁股,HOLD,1
IBM,2026-08-21,275.0,0.4,4266,27,49.414568359375004,17,226.30999755859375,🚬菸屁股,HOLD,1
ORCL,2026-08-21,280.0,0.07,4470,27,109.76607617187501,17,141.85000610351562,🆕低基期(前日Vol3) 🚬菸屁股,HOLD,1
WMT,2028-01-21,175.0,2.65,1118,27,32.53241296386719,535,110.70999908447266,🔭LEAPS,HOLD,1
IBIT,2028-01-21,62.0,2.91,5620,26,49.780775634765625,535,36.15999984741211,🔭LEAPS,HOLD,1
IBIT,2028-01-21,75.0,1.55,5305,26,49.414568359375004,535,36.15999984741211,🔭LEAPS,HOLD,1
OKLO,2026-09-18,85.0,0.37,1019,26,113.28168359375002,45,41.220001220703125,🆕低基期(前日Vol2) 🚬菸屁股,HOLD,1
OKLO,2026-10-16,165.0,0.11,2514,26,124.80506347656248,73,41.220001220703125,🚬菸屁股,HOLD,1
VST,2026-08-21,210.0,0.3,1803,26,76.51390673828125,17,155.94000244140625,🚬菸屁股,HOLD,1
SOFI,2026-09-18,45.0,0.02,7252,26,104.68797656250001,45,18.030000686645508,🆕低基期(前日Vol1) 🚬菸屁股,HOLD,1
PATH,2028-01-21,30.0,1.85,6531,26,77.68577001953125,535,13.050000190734863,🔭LEAPS,HOLD,1
HIMS,2028-01-21,95.0,5.1,2861,26,92.4927508544922,535,30.81999969482422,🔭LEAPS,HOLD,1
LUNR,2026-09-18,35.0,0.06,1296,26,137.50031249999998,45,13.100000381469727,🚬菸屁股,HOLD,1
LUNR,2028-01-21,15.0,6.55,999,26,115.33245458984376,535,13.100000381469727,🔭LEAPS,HOLD,1
JOBY,2027-01-15,35.0,0.06,2416,26,107.81296093750001,164,7.380000114440918,🚬菸屁股,HOLD,1
T,2027-01-15,35.0,0.06,7870,26,31.836619140624993,164,23.59000015258789,🚬菸屁股,HOLD,1
ORCL,2026-09-18,310.0,0.33,1494,26,96.19144433593749,45,141.85000610351562,🆕低基期(前日Vol1) 🚬菸屁股,HOLD,1
ORCL,2026-09-18,370.0,0.12,898,26,105.46922265625001,45,141.85000610351562,🚬菸屁股,HOLD,1
AMZN,2026-09-18,410.0,0.04,1120,26,37.89124609375,45,284.0199890136719,🚬菸屁股,HOLD,1
CRM,2026-08-21,300.0,0.04,1613,26,83.789224609375,17,185.9499969482422,🚬菸屁股,HOLD,1
SOUN,2027-01-15,11.0,0.52,1427,26,97.070341796875,164,6.099999904632568,🚬菸屁股,HOLD,1
SOUN,2027-01-15,27.0,0.12,2135,26,118.75040625,164,6.099999904632568,🚬菸屁股,HOLD,1
SMCI,2026-08-21,47.0,0.12,1061,25,129.10191699218748,17,28.639999389648438,🆕低基期(前日Vol6) 🚬菸屁股,HOLD,1
OKLO,2026-10-16,130.0,0.3,3003,25,113.18402783203125,73,41.220001220703125,🆕低基期(前日Vol4) 🚬菸屁股,HOLD,1
UPST,2028-01-21,100.0,2.2,1353,25,82.92253405761718,535,29.43000030517578,🔭LEAPS,HOLD,1
DKNG,2026-12-18,38.0,0.53,935,25,58.74064697265625,136,23.5,🚬菸屁股,HOLD,1
HOOD,2026-10-16,165.0,0.48,1073,25,76.83128637695313,73,90.33999633789062,🆕低基期(前日Vol2) 🚬菸屁股,HOLD,1
XYZ,2026-09-18,115.0,0.41,1164,25,52.05126074218749,45,82.08999633789062,🚬菸屁股,HOLD,1
OPEN,2026-11-20,12.0,0.09,7443,25,122.65663671875001,108,3.940000057220459,🆕低基期(前日Vol7) 🚬菸屁股,HOLD,1
PACB,2027-01-15,3.0,0.12,2494,25,94.5313046875,164,1.4199999570846558,🚬菸屁股,HOLD,1
HIMS,2026-08-21,48.0,0.25,957,25,121.875390625,17,30.81999969482422,🚬菸屁股,HOLD,1
HIMS,2026-08-21,55.0,0.07,4043,25,122.65663671875001,17,30.81999969482422,🚬菸屁股,HOLD,1
HIMS,2028-01-21,90.0,4.39,4311,25,92.43171630859376,535,30.81999969482422,🔭LEAPS,HOLD,1
JOBY,2028-01-21,20.0,1.14,9272,25,89.64854101562499,535,7.380000114440918,🔭LEAPS,HOLD,1
ACHR,2027-01-15,27.0,0.05,5902,25,121.09414453124998,164,4.840000152587891,🚬菸屁股,HOLD,1
ACHR,2028-01-21,22.0,0.51,1174,25,98.63282617187501,535,4.840000152587891,🆕低基期(前日Vol1) 🔭LEAPS,HOLD,1
IBM,2026-08-21,320.0,0.06,3845,25,60.74258007812501,17,226.30999755859375,🚬菸屁股,HOLD,1
T,2027-01-15,32.0,0.12,11275,25,29.590547851562498,164,23.59000015258789,🚬菸屁股,HOLD,1
ORCL,2026-09-18,450.0,0.13,1115,25,134.37532812499998,45,141.85000610351562,🚬菸屁股,HOLD,1
WMT,2026-09-18,135.0,0.27,11386,25,33.44793115234375,45,110.70999908447266,🚬菸屁股,HOLD,1
WMT,2027-01-15,195.0,0.07,6463,25,35.2545537109375,164,110.70999908447266,🚬菸屁股,HOLD,1
IBIT,2028-01-21,55.0,3.8,5718,24,50.171396728515624,535,36.15999984741211,🆕低基期(前日Vol7) 🔭LEAPS,HOLD,1
RKLB,2026-08-21,145.0,0.04,1048,24,123.047259765625,17,70.43000030517578,🚬菸屁股,HOLD,1
HOOD,2026-09-18,200.0,0.06,9159,24,104.29735351562503,45,90.33999633789062,🚬菸屁股,HOLD,1
HOOD,2026-09-18,280.0,0.03,1003,24,106.25046875000001,45,90.33999633789062,🚬菸屁股,HOLD,1
ONDS,2027-01-15,27.0,0.32,7149,24,114.84417578124999,164,8.369999885559082,🚬菸屁股,HOLD,1
NNE,2026-10-16,40.0,0.3,1200,24,108.59420703125,73,17.579999923706055,🆕低基期(前日Vol3) 🚬菸屁股,HOLD,1
BA,2026-09-18,285.0,0.65,798,24,35.047036254882805,45,233.49000549316406,🆕低基期(前日Vol2) 🚬菸屁股,HOLD,1
VST,2026-10-16,250.0,0.52,1570,23,58.350025878906244,73,155.94000244140625,🚬菸屁股,HOLD,1
SOFI,2028-01-21,37.0,2.0,8120,23,65.67417138671875,535,18.030000686645508,🆕低基期(前日Vol7) 🔭LEAPS,HOLD,1
ZM,2026-08-21,120.0,0.18,1651,23,50.48877636718749,17,98.25,🚬菸屁股,HOLD,1
LUNR,2026-09-18,21.0,0.5,763,23,120.3128984375,45,13.100000381469727,🆕低基期(前日Vol1) 🚬菸屁股,HOLD,1
LUNR,2026-09-18,23.0,0.32,879,23,124.21912890624998,45,13.100000381469727,🚬菸屁股,HOLD,1
ORCL,2027-01-15,480.0,0.63,1033,23,83.20329296874999,164,141.85000610351562,🆕低基期(前日Vol2) 🚬菸屁股,HOLD,1
WMT,2027-01-15,150.0,0.76,4502,23,30.445031494140622,164,110.70999908447266,🚬菸屁股,HOLD,1
SOUN,2026-10-16,16.0,0.08,1669,23,120.3128984375,73,6.099999904632568,🆕低基期(前日Vol6) 🚬菸屁股,HOLD,1
MSFT,2026-08-21,800.0,0.01,5961,22,62.500375000000005,17,487.6499938964844,🆕低基期(前日Vol6) 🚬菸屁股,HOLD,1
IBIT,2026-11-20,45.0,0.7,8081,22,39.404902832031254,108,36.15999984741211,🚬菸屁股,HOLD,1
SMCI,2026-09-18,80.0,0.07,2433,22,128.90660546875,45,28.639999389648438,🚬菸屁股,HOLD,1
ASTS,2026-09-18,160.0,0.37,1076,22,124.70740771484374,45,63.52000045776367,🆕低基期(前日Vol3) 🚬菸屁股,HOLD,1
IONQ,2028-01-21,70.0,11.9,1466,22,99.71924108886718,535,38.849998474121094,🔭LEAPS,HOLD,1
SOFI,2026-10-16,30.0,0.1,3727,22,62.500375000000005,73,18.030000686645508,🚬菸屁股,HOLD,1
SOFI,2028-01-21,27.0,3.3,4381,22,64.77086010742188,535,18.030000686645508,🔭LEAPS,HOLD,1
SOFI,2028-06-16,37.0,2.64,4610,22,67.52962158203127,682,18.030000686645508,🆕低基期(前日Vol1) 🔭LEAPS,HOLD,1
IREN,2026-11-20,110.0,0.75,7918,22,113.81879028320311,108,39.75,🚬菸屁股,HOLD,1
ONDS,2028-01-21,25.0,1.76,7261,22,104.73680444335938,535,8.369999885559082,🔭LEAPS,HOLD,1
JOBY,2027-01-15,32.0,0.07,1046,22,103.12548437500001,164,7.380000114440918,🚬菸屁股,HOLD,1
SMR,2026-08-21,17.0,0.04,1330,22,146.875265625,17,9.010000228881836,🆕低基期(前日Vol1) 🚬菸屁股,HOLD,1
NVDA,2028-01-21,185.0,57.7,9251,21,49.95014649963379,535,206.63999938964844,🆕低基期(前日Vol8) 🔭LEAPS,HOLD,1
AAPL,2026-09-18,530.0,0.01,9379,21,51.95360546875,45,303.4200134277344,🆕低基期(前日Vol2) 🚬菸屁股,HOLD,1
PLTR,2027-01-15,410.0,0.37,8551,21,75.4885263671875,164,125.6500015258789,🚬菸屁股,HOLD,1
SMCI,2026-08-21,48.0,0.11,1462,21,121.48476757812499,17,28.639999389648438,🚬菸屁股,HOLD,1
IREN,2026-08-21,80.0,0.06,3501,21,132.81283593749998,17,39.75,🚬菸屁股,HOLD,1
HOOD,2026-09-18,155.0,0.31,2123,21,77.929908203125,45,90.33999633789062,🆕低基期(前日Vol6) 🚬菸屁股,HOLD,1
TDOC,2026-10-16,11.0,0.08,1238,21,78.51583984375,73,6.679999828338623,🆕低基期(前日Vol8) 🚬菸屁股,HOLD,1
OPEN,2026-12-18,6.0,0.47,1331,21,103.51610742187502,136,3.940000057220459,🚬菸屁股,HOLD,1
JOBY,2028-01-21,17.0,1.36,2479,21,90.96688720703125,535,7.380000114440918,🆕低基期(前日Vol6) 🔭LEAPS,HOLD,1
CRWV,2026-09-18,190.0,0.36,5040,21,110.05904345703127,45,85.76000213623047,🆕低基期(前日Vol2) 🚬菸屁股,HOLD,1
BA,2026-09-18,290.0,0.47,1298,21,35.46207116699218,45,233.49000549316406,🆕低基期(前日Vol5) 🚬菸屁股,HOLD,1
PLUG,2026-12-18,6.0,0.06,4351,21,110.9379453125,136,2.0799999237060547,🚬菸屁股,HOLD,1
DKNG,2026-12-18,80.0,0.11,871,20,83.20329296874999,136,23.5,🚬菸屁股,HOLD,1
HOOD,2026-12-18,200.0,0.99,1265,20,74.31666308593749,136,90.33999633789062,🚬菸屁股,HOLD,1
TDOC,2027-01-15,22.5,0.08,4424,20,98.82813671875,164,6.679999828338623,🆕低基期(前日Vol1) 🚬菸屁股,HOLD,1
OPEN,2026-10-16,9.0,0.07,1600,20,138.67218164062498,73,3.940000057220459,🆕低基期(前日Vol4) 🚬菸屁股,HOLD,1
HIMS,2028-01-21,45.0,9.97,1206,20,93.28619995117188,535,30.81999969482422,🔭LEAPS,HOLD,1
JOBY,2026-11-20,9.0,0.87,1120,20,85.742330078125,108,7.380000114440918,🚬菸屁股,HOLD,1
ORCL,2028-01-21,450.0,7.55,901,20,71.12760806274416,535,141.85000610351562,🔭LEAPS,HOLD,1
AMZN,2026-10-16,380.0,0.61,4944,20,35.18131225585937,73,284.0199890136719,🚬菸屁股,HOLD,1
CRM,2026-12-18,550.0,0.15,6999,20,64.8441015625,136,185.9499969482422,🚬菸屁股,HOLD,1
MSTR,2026-09-18,300.0,0.09,5594,19,124.41444042968747,45,94.86000061035156,🚬菸屁股,HOLD,1
OKLO,2027-01-15,150.0,0.92,12824,19,112.109814453125,164,41.220001220703125,🚬菸屁股,HOLD,1
SOFI,2026-12-18,29.0,0.39,1113,19,61.81678808593751,136,18.030000686645508,🚬菸屁股,HOLD,1
DKNG,2027-01-15,75.0,0.08,1010,19,70.312796875,164,23.5,🚬菸屁股,HOLD,1
PATH,2028-01-21,5.0,9.0,2501,19,75.39087109375001,535,13.050000190734863,🆕低基期(前日Vol3) 🔭LEAPS,HOLD,1
LUNR,2028-01-21,30.0,4.2,765,19,117.5052952880859,535,13.100000381469727,🔭LEAPS,HOLD,1
ACHR,2027-01-15,17.0,0.08,9698,19,103.12548437500001,164,4.840000152587891,🚬菸屁股,HOLD,1
SMR,2026-11-20,16.0,0.61,826,19,110.35201074218752,108,9.010000228881836,🚬菸屁股,HOLD,1
IBM,2026-09-18,310.0,0.65,1265,19,49.87843090820313,45,226.30999755859375,🚬菸屁股,HOLD,1
ORCL,2026-09-18,290.0,0.44,3038,19,98.3398603515625,45,141.85000610351562,🆕低基期(前日Vol2) 🚬菸屁股,HOLD,1
WMT,2026-08-21,140.0,0.03,2591,19,45.117736328125005,17,110.70999908447266,🚬菸屁股,HOLD,1
CRM,2026-09-18,330.0,0.09,820,19,62.305064453125006,45,185.9499969482422,🚬菸屁股,HOLD,1
NVDA,2028-01-21,350.0,12.33,28392,18,44.92242578125,535,206.63999938964844,🔭LEAPS,HOLD,1
NVDA,2028-06-16,400.0,11.35,5388,18,46.051564880371096,682,206.63999938964844,🔭LEAPS,HOLD,1
IBIT,2026-12-18,55.0,0.3,9422,18,44.2388388671875,136,36.15999984741211,🆕低基期(前日Vol2) 🚬菸屁股,HOLD,1
IBIT,2027-01-15,79.0,0.15,5264,18,53.71140039062501,164,36.15999984741211,🚬菸屁股,HOLD,1
IBIT,2028-06-16,45.0,7.83,5117,18,54.297332031250015,682,36.15999984741211,🆕低基期(前日Vol4) 🔭LEAPS,HOLD,1
DKNG,2026-09-18,32.5,0.18,2319,18,61.81678808593751,45,23.5,🚬菸屁股,HOLD,1
PATH,2028-01-21,17.0,3.7,2751,18,78.19846020507812,535,13.050000190734863,🔭LEAPS,HOLD,1
TDOC,2028-01-21,7.0,2.14,1490,18,72.90066162109376,535,6.679999828338623,🔭LEAPS,HOLD,1
NTLA,2027-01-15,25.0,0.4,1890,18,99.2187578125,164,10.770000457763672,🚬菸屁股,HOLD,1
ACHR,2027-01-15,11.0,0.2,1935,18,96.289099609375,164,4.840000152587891,🆕低基期(前日Vol2) 🚬菸屁股,HOLD,1
SMR,2027-01-15,37.0,0.23,950,18,121.68007910156248,164,9.010000228881836,🚬菸屁股,HOLD,1
SMR,2028-01-21,30.0,1.73,3261,18,108.69186279296876,535,9.010000228881836,🆕低基期(前日Vol3) 🔭LEAPS,HOLD,1
T,2026-10-16,28.0,0.12,2219,18,28.321029296874993,73,23.59000015258789,🚬菸屁股,HOLD,1
PLUG,2027-01-15,4.0,0.17,18575,18,99.804689453125,164,2.0799999237060547,🚬菸屁股,HOLD,1
SOUN,2028-01-21,4.0,3.25,1284,18,85.742330078125,535,6.099999904632568,🔭LEAPS,HOLD,1
SOUN,2028-01-21,35.0,0.58,7889,18,102.53954980468751,535,6.099999904632568,🔭LEAPS,HOLD,1
SOFI,2026-09-18,37.0,0.03,7620,17,85.1563984375,45,18.030000686645508,🚬菸屁股,HOLD,1
SOFI,2026-09-18,42.0,0.03,5766,17,95.312546875,45,18.030000686645508,🚬菸屁股,HOLD,1
DKNG,2028-01-21,25.0,6.39,3951,17,71.21610815429689,535,23.5,🔭LEAPS,HOLD,1
DKNG,2028-01-21,65.0,0.86,4635,17,57.178162597656254,535,23.5,🆕低基期(前日Vol4) 🔭LEAPS,HOLD,1
OPEN,2026-11-20,10.0,0.12,7864,17,116.40666796875001,108,3.940000057220459,🚬菸屁股,HOLD,1
ACHR,2028-01-21,27.0,0.45,15083,17,100.0005,535,4.840000152587891,🆕低基期(前日Vol1) 🔭LEAPS,HOLD,1
SMR,2027-01-15,27.0,0.41,1536,17,114.84417578124999,164,9.010000228881836,🆕低基期(前日Vol5) 🚬菸屁股,HOLD,1
SMR,2028-01-21,13.0,3.48,3197,17,106.78757543945316,535,9.010000228881836,🔭LEAPS,HOLD,1
ORCL,2026-09-18,440.0,0.14,1073,17,127.93004785156248,45,141.85000610351562,🆕低基期(前日Vol4) 🚬菸屁股,HOLD,1
WMT,2026-09-18,150.0,0.07,6417,17,39.258419921874996,45,110.70999908447266,🚬菸屁股,HOLD,1
WMT,2028-01-21,150.0,5.71,4591,17,31.696239685058593,535,110.70999908447266,🔭LEAPS,HOLD,1
SOUN,2026-10-16,15.0,0.1,2973,17,119.141029296875,73,6.099999904632568,🚬菸屁股,HOLD,1
OKLO,2028-01-21,145.0,6.9,1539,16,101.37988763427734,535,41.220001220703125,🆕低基期(前日Vol5) 🔭LEAPS,HOLD,1
IONQ,2026-09-18,120.0,0.07,1568,16,134.37532812499998,45,38.849998474121094,🚬菸屁股,HOLD,1
UPST,2028-01-21,30.0,11.65,1384,16,85.24184680175782,535,29.43000030517578,🔭LEAPS,HOLD,1
PATH,2026-11-20,20.0,0.6,812,16,75.97680273437501,108,13.050000190734863,🚬菸屁股,HOLD,1
PATH,2027-01-15,22.0,0.75,7626,16,79.5900478515625,164,13.050000190734863,🆕低基期(前日Vol3) 🚬菸屁股,HOLD,1
HOOD,2026-09-18,165.0,0.19,1177,16,78.32052929687501,45,90.33999633789062,🚬菸屁股,HOLD,1
TDOC,2027-01-15,12.5,0.24,5492,16,76.85570019531252,164,6.679999828338623,🆕低基期(前日Vol5) 🚬菸屁股,HOLD,1
ONDS,2026-09-18,19.0,0.07,1273,16,129.6878515625,45,8.369999885559082,🚬菸屁股,HOLD,1
ONDS,2026-12-18,18.0,0.58,2913,16,116.79729101562502,136,8.369999885559082,🚬菸屁股,HOLD,1
CRWV,2026-09-18,170.0,0.68,5798,16,108.74069067382814,45,85.76000213623047,🚬菸屁股,HOLD,1
IBM,2026-08-21,305.0,0.12,842,16,60.644924804687506,17,226.30999755859375,🆕低基期(前日Vol3) 🚬菸屁股,HOLD,1
IBM,2026-08-21,450.0,0.01,898,16,102.34423828125001,17,226.30999755859375,🆕低基期(前日Vol3) 🚬菸屁股,HOLD,1
IBM,2026-09-18,330.0,0.37,1353,16,50.92822509765625,45,226.30999755859375,🆕低基期(前日Vol6) 🚬菸屁股,HOLD,1
T,2028-01-21,15.0,8.75,768,16,34.61979443359374,535,23.59000015258789,🆕低基期(前日Vol3) 🔭LEAPS,HOLD,1
TSLA,2026-09-18,800.0,0.11,8736,15,91.3086806640625,45,322.0799865722656,🚬菸屁股,HOLD,1
NVDA,2028-06-16,300.0,26.11,5971,15,46.50627224731446,682,206.63999938964844,🔭LEAPS,HOLD,1
MSTR,2027-01-15,1080.0,0.12,11951,15,123.43788281249999,164,94.86000061035156,🚬菸屁股,HOLD,1
IBIT,2026-08-21,52.0,0.02,9022,15,64.8441015625,17,36.15999984741211,🚬菸屁股,HOLD,1
IBIT,2026-10-16,70.0,0.06,7216,15,62.890996093750005,73,36.15999984741211,🆕低基期(前日Vol2) 🚬菸屁股,HOLD,1
IBIT,2026-12-18,75.0,0.09,11158,15,55.273884765625006,136,36.15999984741211,🚬菸屁股,HOLD,1
IBIT,2027-01-15,68.0,0.15,8185,15,49.70753417968751,164,36.15999984741211,🚬菸屁股,HOLD,1
INTC,2026-09-18,180.0,0.22,7320,15,89.64854101562499,45,91.0,🚬菸屁股,HOLD,1
INTC,2028-01-21,60.0,47.3,10489,15,84.44229425048829,535,91.0,🆕低基期(前日Vol2) 🔭LEAPS,HOLD,1
SMCI,2026-08-21,70.0,0.03,1668,15,143.75028125,17,28.639999389648438,🚬菸屁股,HOLD,1
VST,2026-08-21,190.0,0.82,1197,15,62.2074091796875,17,155.94000244140625,🚬菸屁股,HOLD,1
IREN,2026-09-18,100.0,0.16,4886,15,122.266013671875,45,39.75,🆕低基期(前日Vol5) 🚬菸屁股,HOLD,1
U,2027-01-15,65.0,0.83,2875,15,72.26590234375,164,33.380001068115234,🚬菸屁股,HOLD,1
HOOD,2027-01-15,290.0,0.35,4173,15,77.00218310546876,164,90.33999633789062,🆕低基期(前日Vol4) 🚬菸屁股,HOLD,1
OPEN,2026-09-18,11.0,0.02,1175,15,145.3127734375,45,3.940000057220459,🚬菸屁股,HOLD,1
PACB,2027-01-15,1.0,0.5,2664,15,92.187578125,164,1.4199999570846558,🚬菸屁股,HOLD,1
LUNR,2026-09-18,32.0,0.07,770,15,131.25034374999998,45,13.100000381469727,🆕低基期(前日Vol5) 🚬菸屁股,HOLD,1
JOBY,2027-01-15,27.0,0.1,1477,15,102.73486132812502,164,7.380000114440918,🚬菸屁股,HOLD,1
T,2028-01-21,20.0,5.05,4092,15,29.920134399414057,535,23.59000015258789,🔭LEAPS,HOLD,1
T,2028-01-21,27.0,1.97,7062,15,30.322962402343745,535,23.59000015258789,🔭LEAPS,HOLD,1
WMT,2026-12-18,155.0,0.35,1016,15,34.668622070312495,136,110.70999908447266,🚬菸屁股,HOLD,1
WMT,2028-01-21,130.0,10.25,2707,15,32.819275329589836,535,110.70999908447266,🔭LEAPS,HOLD,1
IBIT,2028-06-16,65.0,3.88,6496,14,52.661606201171885,682,36.15999984741211,🔭LEAPS,HOLD,1
PLTR,2028-01-21,210.0,17.97,9003,14,62.99475482177734,535,125.6500015258789,🆕低基期(前日Vol5) 🔭LEAPS,HOLD,1
INTC,2028-01-21,50.0,52.34,12668,14,86.10853735351563,535,91.0,🔭LEAPS,HOLD,1
INTC,2028-01-21,80.0,38.55,10486,14,83.29484478759764,535,91.0,🔭LEAPS,HOLD,1
SMCI,2026-12-18,75.0,0.52,1720,14,97.460962890625,136,28.639999389648438,🚬菸屁股,HOLD,1
SMCI,2027-01-15,105.0,0.4,12425,14,100.87940185546876,164,28.639999389648438,🚬菸屁股,HOLD,1
UPST,2028-01-21,35.0,9.36,1105,14,83.20329296874999,535,29.43000030517578,🆕低基期(前日Vol3) 🔭LEAPS,HOLD,1
DKNG,2026-12-18,40.0,0.37,4909,14,59.86368261718751,136,23.5,🚬菸屁股,HOLD,1
IREN,2026-10-16,100.0,0.7,6579,14,114.16058544921874,73,39.75,🆕低基期(前日Vol2) 🚬菸屁股,HOLD,1
IREN,2028-01-21,90.0,9.82,9504,14,102.27099645996094,535,39.75,🔭LEAPS,HOLD,1
LUNR,2028-01-21,10.0,7.82,1028,14,121.875390625,535,13.100000381469727,🔭LEAPS,HOLD,1
T,2026-09-18,30.0,0.01,4580,14,33.98503515625,45,23.59000015258789,🚬菸屁股,HOLD,1
T,2026-09-18,40.0,0.02,1195,14,60.15664843750002,45,23.59000015258789,🚬菸屁股,HOLD,1
ORCL,2027-01-15,450.0,0.94,927,14,79.1994267578125,164,141.85000610351562,🆕低基期(前日Vol2) 🚬菸屁股,HOLD,1
BA,2028-01-21,370.0,10.1,953,14,41.22983575439453,535,233.49000549316406,🔭LEAPS,HOLD,1
SOUN,2028-01-21,30.0,0.7,1495,14,103.22314013671878,535,6.099999904632568,🔭LEAPS,HOLD,1
IBIT,2027-01-15,85.0,0.09,17792,13,56.44574804687501,164,36.15999984741211,🚬菸屁股,HOLD,1
SMCI,2027-01-15,80.0,0.73,15022,13,96.43558251953125,164,28.639999389648438,🚬菸屁股,HOLD,1
SMCI,2028-01-21,55.0,6.38,856,13,90.89364575195312,535,28.639999389648438,🔭LEAPS,HOLD,1
IONQ,2028-01-21,90.0,9.15,2038,13,99.37744763183593,535,38.849998474121094,🔭LEAPS,HOLD,1
DKNG,2028-01-21,40.0,2.8,3112,13,59.16788879394532,535,23.5,🔭LEAPS,HOLD,1
PATH,2028-01-21,3.0,9.63,1216,13,98.63282617187501,535,13.050000190734863,🔭LEAPS,HOLD,1
NTLA,2027-01-15,42.0,0.24,908,13,98.437515625,164,10.770000457763672,🚬菸屁股,HOLD,1
ONDS,2027-01-15,16.0,0.88,825,13,109.86373193359378,164,8.369999885559082,🆕低基期(前日Vol1) 🚬菸屁股,HOLD,1
SMR,2027-01-15,22.0,0.56,2963,13,108.7895185546875,164,9.010000228881836,🚬菸屁股,HOLD,1
SMR,2027-01-15,50.0,0.14,4740,13,130.46909765624997,164,9.010000228881836,🚬菸屁股,HOLD,1
T,2028-01-21,23.0,3.48,8478,13,29.395237304687495,535,23.59000015258789,🔭LEAPS,HOLD,1
SOUN,2026-08-21,11.0,0.03,2550,13,142.1877890625,17,6.099999904632568,🚬菸屁股,HOLD,1
NVDA,2026-10-16,350.0,0.23,7774,12,50.29346582031251,73,206.63999938964844,🚬菸屁股,HOLD,1
INTC,2028-01-21,55.0,51.25,5205,12,85.29677789306642,535,91.0,🔭LEAPS,HOLD,1
SMCI,2026-12-18,66.0,0.9,1535,12,94.5313046875,136,28.639999389648438,🚬菸屁股,HOLD,1
IONQ,2026-08-21,80.0,0.02,1528,12,140.625296875,17,38.849998474121094,🆕低基期(前日Vol3) 🚬菸屁股,HOLD,1
IONQ,2028-01-21,120.0,7.2,2396,12,100.37891607666015,535,38.849998474121094,🔭LEAPS,HOLD,1
DKNG,2028-01-21,20.0,8.74,1659,12,65.52768847656252,535,23.5,🆕低基期(前日Vol1) 🔭LEAPS,HOLD,1
U,2027-01-15,75.0,0.51,2457,12,75.195560546875,164,33.380001068115234,🚬菸屁股,HOLD,1
ONDS,2028-01-21,17.0,2.41,8849,12,103.27196801757816,535,8.369999885559082,🔭LEAPS,HOLD,1
ACHR,2026-10-16,13.0,0.03,3591,12,110.15669921875002,73,4.840000152587891,🚬菸屁股,HOLD,1
SMR,2028-01-21,3.0,6.85,1625,12,114.45355273437498,535,9.010000228881836,🆕低基期(前日Vol4) 🔭LEAPS,HOLD,1
SMR,2028-01-21,40.0,1.49,1117,12,109.66842041015626,535,9.010000228881836,🔭LEAPS,HOLD,1
IBM,2026-08-21,295.0,0.14,2591,12,52.246571289062494,17,226.30999755859375,🚬菸屁股,HOLD,1
T,2026-08-21,28.0,0.04,6220,12,37.89124609375,17,23.59000015258789,🚬菸屁股,HOLD,1
T,2026-09-18,35.0,0.02,2436,12,53.51608984375,45,23.59000015258789,🚬菸屁股,HOLD,1
ORCL,2026-08-21,330.0,0.04,1597,12,126.56286718749999,17,141.85000610351562,🚬菸屁股,HOLD,1
ORCL,2027-01-15,470.0,0.69,938,12,82.47087841796873,164,141.85000610351562,🆕低基期(前日Vol1) 🚬菸屁股,HOLD,1
ORCL,2028-01-21,410.0,9.53,1112,12,70.27007269287108,535,141.85000610351562,🆕低基期(前日Vol3) 🔭LEAPS,HOLD,1
WMT,2028-01-21,180.0,2.3,1304,12,33.19158605957031,535,110.70999908447266,🔭LEAPS,HOLD,1
NVDA,2028-01-21,380.0,9.65,8584,11,44.82171878051757,535,206.63999938964844,🔭LEAPS,HOLD,1
NVDA,2028-01-21,390.0,9.1,8552,11,44.87359814453124,535,206.63999938964844,🔭LEAPS,HOLD,1
OKLO,2028-01-21,200.0,5.15,16634,11,105.10301354980469,535,41.220001220703125,🔭LEAPS,HOLD,1
ASTS,2026-09-18,140.0,0.6,8648,11,126.66052294921872,45,63.52000045776367,🚬菸屁股,HOLD,1
UPST,2026-09-18,52.5,0.14,1343,11,83.007982421875,45,29.43000030517578,🆕低基期(前日Vol2) 🚬菸屁股,HOLD,1
UPST,2026-10-16,45.0,0.78,1126,11,82.3243955078125,73,29.43000030517578,🆕低基期(前日Vol2) 🚬菸屁股,HOLD,1
UPST,2028-01-21,40.0,8.95,2398,11,83.15446533203124,535,29.43000030517578,🔭LEAPS,HOLD,1
SOFI,2026-11-20,29.0,0.27,1078,11,63.574583007812514,108,18.030000686645508,🚬菸屁股,HOLD,1
OPEN,2026-09-18,9.0,0.05,2484,11,146.09401953124998,45,3.940000057220459,🆕低基期(前日Vol4) 🚬菸屁股,HOLD,1
PACB,2026-09-18,1.5,0.15,8663,11,139.06280468749998,45,1.4199999570846558,🚬菸屁股,HOLD,1
HIMS,2027-01-15,100.0,0.58,10757,11,98.77930908203125,164,30.81999969482422,🚬菸屁股,HOLD,1
ONDS,2026-09-18,17.0,0.12,8201,11,123.43788281249999,45,8.369999885559082,🆕低基期(前日Vol1) 🚬菸屁股,HOLD,1
JOBY,2026-08-21,16.0,0.01,1077,11,131.25034374999998,17,7.380000114440918,🚬菸屁股,HOLD,1
ACHR,2026-10-16,11.0,0.04,3938,11,103.90673046875003,73,4.840000152587891,🚬菸屁股,HOLD,1
SMR,2027-01-15,35.0,0.25,3120,11,117.3832255859375,164,9.010000228881836,🆕低基期(前日Vol3) 🚬菸屁股,HOLD,1
SMR,2027-01-15,75.0,0.03,1008,11,135.15657421875,164,9.010000228881836,🆕低基期(前日Vol1) 🚬菸屁股,HOLD,1
BA,2026-12-18,350.0,0.74,1963,11,36.6217275390625,136,233.49000549316406,🚬菸屁股,HOLD,1
TSLA,2026-09-18,900.0,0.1,7043,10,98.04689453125,45,322.0799865722656,🚬菸屁股,HOLD,1
TSLA,2026-09-18,980.0,0.07,6761,10,101.7583037109375,45,322.0799865722656,🚬菸屁股,HOLD,1
IBIT,2027-01-15,75.0,0.12,10544,10,52.14891601562499,164,36.15999984741211,🚬菸屁股,HOLD,1
IBIT,2028-01-21,95.0,0.82,5815,10,50.22022436523439,535,36.15999984741211,🆕低基期(前日Vol1) 🔭LEAPS,HOLD,1
INTC,2026-08-21,210.0,0.02,6706,10,118.75040625,17,91.0,🆕低基期(前日Vol3) 🚬菸屁股,HOLD,1
SMCI,2027-01-15,95.0,0.46,911,10,98.7304814453125,164,28.639999389648438,🚬菸屁股,HOLD,1
OKLO,2026-08-21,90.0,0.05,3444,10,139.84405078125,17,41.220001220703125,🚬菸屁股,HOLD,1
OKLO,2027-01-15,190.0,0.44,751,10,110.05904345703127,164,41.220001220703125,🚬菸屁股,HOLD,1
DKNG,2028-01-21,37.5,3.15,19823,10,60.181062255859395,535,23.5,🔭LEAPS,HOLD,1
DKNG,2028-01-21,42.5,2.5,1686,10,57.80071496582031,535,23.5,🔭LEAPS,HOLD,1
DKNG,2028-01-21,60.0,1.07,4697,10,58.6918193359375,535,23.5,🆕低基期(前日Vol4) 🔭LEAPS,HOLD,1
IREN,2026-09-18,95.0,0.22,1181,10,120.3128984375,45,39.75,🆕低基期(前日Vol2) 🚬菸屁股,HOLD,1
PATH,2026-12-18,20.0,0.85,2445,10,82.0314296875,136,13.050000190734863,🚬菸屁股,HOLD,1
PATH,2027-01-15,25.0,0.51,12993,10,78.51583984375,164,13.050000190734863,🚬菸屁股,HOLD,1
PATH,2027-01-15,32.0,0.21,1302,10,81.445498046875,164,13.050000190734863,🚬菸屁股,HOLD,1
BEAM,2026-11-20,50.0,0.5,897,10,96.19144433593749,108,25.90999984741211,🚬菸屁股,HOLD,1
HIMS,2027-01-15,105.0,0.52,12491,10,100.09815576171874,164,30.81999969482422,🚬菸屁股,HOLD,1
ONDS,2026-12-18,17.0,0.63,1516,10,114.25824121093751,136,8.369999885559082,🚬菸屁股,HOLD,1
ACHR,2027-01-15,20.0,0.08,25457,10,112.5004375,164,4.840000152587891,🚬菸屁股,HOLD,1
CRWV,2026-09-18,200.0,0.31,5256,10,109.66842041015626,45,85.76000213623047,🚬菸屁股,HOLD,1
ORLY,2026-08-21,105.0,0.09,1368,10,36.914693359375,17,89.76000213623047,🚬菸屁股,HOLD,1
BA,2026-08-21,290.0,0.06,1259,10,50.04932763671876,17,233.49000549316406,🆕低基期(前日Vol1) 🚬菸屁股,HOLD,1
WMT,2026-09-18,160.0,0.5,1142,10,52.734847656250004,45,110.70999908447266,🚬菸屁股,HOLD,1
WMT,2026-09-18,195.0,0.01,9009,10,58.984785156250005,45,110.70999908447266,🚬菸屁股,HOLD,1
WMT,2026-10-16,135.0,0.61,1038,10,32.7155166015625,73,110.70999908447266,🚬菸屁股,HOLD,1
CRM,2026-12-18,430.0,0.01,2246,10,59.03361279296876,136,185.9499969482422,🚬菸屁股,HOLD,1
SOUN,2028-01-21,17.0,1.09,2230,10,92.2852333984375,535,6.099999904632568,🔭LEAPS,HOLD,1
IBIT,2026-09-18,90.0,0.02,10679,9,91.4063359375,45,36.15999984741211,🚬菸屁股,HOLD,1
SMCI,2026-08-21,41.0,0.37,1263,9,116.40666796875001,17,28.639999389648438,🚬菸屁股,HOLD,1
SMCI,2026-08-21,44.0,0.22,1809,9,119.3363408203125,17,28.639999389648438,🚬菸屁股,HOLD,1
SMCI,2026-12-18,106.0,0.31,2324,9,107.03171484375002,136,28.639999389648438,🚬菸屁股,HOLD,1
OKLO,2027-01-15,200.0,0.53,3886,9,118.75040625,164,41.220001220703125,🚬菸屁股,HOLD,1
ASTS,2026-09-18,150.0,0.45,8910,9,124.70740771484374,45,63.52000045776367,🚬菸屁股,HOLD,1
SOFI,2026-08-21,40.0,0.01,1804,9,131.25034374999998,17,18.030000686645508,🚬菸屁股,HOLD,1
IREN,2026-12-18,130.0,0.85,940,9,110.84028955078126,136,39.75,🚬菸屁股,HOLD,1
HOOD,2026-09-18,160.0,0.2,2022,9,82.3243955078125,45,90.33999633789062,🚬菸屁股,HOLD,1
HOOD,2026-10-16,180.0,0.32,2270,9,77.0510107421875,73,90.33999633789062,🚬菸屁股,HOLD,1
CRSP,2026-09-18,75.0,0.3,1021,9,68.16438085937502,45,49.56999969482422,🚬菸屁股,HOLD,1
HIMS,2026-08-21,49.0,0.17,2175,9,115.4301103515625,17,30.81999969482422,🆕低基期(前日Vol1) 🚬菸屁股,HOLD,1
LUNR,2026-12-18,35.0,0.6,892,9,122.65663671875001,136,13.100000381469727,🚬菸屁股,HOLD,1
JOBY,2026-11-20,15.0,0.18,1027,9,93.35944140625,108,7.380000114440918,🚬菸屁股,HOLD,1
SMR,2027-01-15,55.0,0.11,3420,9,130.07847460937495,164,9.010000228881836,🆕低基期(前日Vol1) 🚬菸屁股,HOLD,1
IBM,2026-08-21,470.0,0.12,1249,9,112.89106054687501,17,226.30999755859375,🚬菸屁股,HOLD,1
T,2026-09-18,31.0,0.06,4477,9,44.92242578125,45,23.59000015258789,🚬菸屁股,HOLD,1
ORCL,2026-08-21,350.0,0.04,1379,9,132.03158984375,17,141.85000610351562,🚬菸屁股,HOLD,1
PLUG,2026-09-18,1.5,0.69,1405,9,98.437515625,45,2.0799999237060547,🚬菸屁股,HOLD,1
WMT,2028-01-21,160.0,4.1,955,9,33.60662097167969,535,110.70999908447266,🔭LEAPS,HOLD,1
TSLA,2028-01-21,850.0,12.07,5751,8,56.72345523071288,535,322.0799865722656,🔭LEAPS,HOLD,1
NVDA,2026-09-18,410.0,0.03,5550,8,64.45348046875,45,206.63999938964844,🚬菸屁股,HOLD,1
IBIT,2027-01-15,56.0,0.37,5263,8,43.945873046875,164,36.15999984741211,🚬菸屁股,HOLD,1
INTC,2026-08-21,195.0,0.01,11292,8,112.5004375,17,91.0,🚬菸屁股,HOLD,1
SMCI,2026-12-18,70.0,0.72,2479,8,98.437515625,136,28.639999389648438,🚬菸屁股,HOLD,1
OKLO,2027-01-15,230.0,0.34,1018,8,115.625421875,164,41.220001220703125,🚬菸屁股,HOLD,1
DKNG,2026-12-18,43.0,0.28,5462,8,61.133201171875015,136,23.5,🚬菸屁股,HOLD,1
PATH,2027-01-15,27.0,0.44,4957,8,88.18371191406248,164,13.050000190734863,🆕低基期(前日Vol1) 🚬菸屁股,HOLD,1
HOOD,2026-12-18,280.0,0.55,1145,8,84.0821904296875,136,90.33999633789062,🚬菸屁股,HOLD,1
XYZ,2026-12-18,145.0,0.46,1393,8,50.97705273437501,136,82.08999633789062,🚬菸屁股,HOLD,1
ONDS,2027-01-15,22.0,0.51,2479,8,113.67230664062502,164,8.369999885559082,🚬菸屁股,HOLD,1
JOBY,2026-08-21,13.0,0.02,2421,8,121.875390625,17,7.380000114440918,🚬菸屁股,HOLD,1
SMR,2026-11-20,20.0,0.38,4958,8,112.69574902343751,108,9.010000228881836,🚬菸屁股,HOLD,1
IBM,2026-08-21,285.0,0.26,2956,8,51.514156738281244,17,226.30999755859375,🚬菸屁股,HOLD,1
IBM,2026-09-18,340.0,0.29,1026,8,51.95360546875,45,226.30999755859375,🚬菸屁股,HOLD,1
IBM,2026-09-18,360.0,0.18,890,8,55.71333349609377,45,226.30999755859375,🚬菸屁股,HOLD,1
T,2026-10-16,29.0,0.07,1143,8,27.735097656249998,73,23.59000015258789,🚬菸屁股,HOLD,1
ORLY,2026-09-18,100.0,0.87,1525,8,38.2818671875,45,89.76000213623047,🆕低基期(前日Vol1) 🚬菸屁股,HOLD,1
ORCL,2027-01-15,460.0,0.75,960,8,82.42205078125,164,141.85000610351562,🆕低基期(前日Vol1) 🚬菸屁股,HOLD,1
WMT,2026-08-21,145.0,0.02,1363,8,49.60987890625,17,110.70999908447266,🚬菸屁股,HOLD,1
WMT,2026-09-18,155.0,0.05,2041,8,42.774009765625,45,110.70999908447266,🚬菸屁股,HOLD,1
WMT,2027-01-15,165.0,0.31,3552,8,32.49579223632812,164,110.70999908447266,🚬菸屁股,HOLD,1
SMCI,2026-09-18,46.0,0.53,952,7,97.55861816406251,45,28.639999389648438,🆕低基期(前日Vol1) 🚬菸屁股,HOLD,1
SMCI,2027-01-15,75.0,0.87,20829,7,96.82620361328125,164,28.639999389648438,🚬菸屁股,HOLD,1
SMCI,2027-01-15,100.0,0.43,4812,7,99.41406835937501,164,28.639999389648438,🚬菸屁股,HOLD,1
OKLO,2028-01-21,150.0,6.8,1459,7,101.63623400878907,535,41.220001220703125,🆕低基期(前日Vol1) 🔭LEAPS,HOLD,1
IONQ,2026-09-18,110.0,0.08,754,7,128.125359375,45,38.849998474121094,🚬菸屁股,HOLD,1
UPST,2026-08-21,45.0,0.16,1049,7,103.90673046875003,17,29.43000030517578,🚬菸屁股,HOLD,1
DKNG,2026-09-18,37.5,0.1,2902,7,68.555001953125,45,23.5,🚬菸屁股,HOLD,1
TDOC,2026-08-21,9.0,0.03,2543,7,95.312546875,17,6.679999828338623,🚬菸屁股,HOLD,1
TDOC,2027-01-15,17.5,0.12,3173,7,89.062609375,164,6.679999828338623,🚬菸屁股,HOLD,1
OPEN,2028-01-21,17.0,3.4,861,7,25.00075,535,3.940000057220459,🔭LEAPS,HOLD,1
CRSP,2026-08-21,70.0,0.1,1333,7,74.02369726562499,17,49.56999969482422,🚬菸屁股,HOLD,1
HIMS,2028-01-21,75.0,6.15,1531,7,94.26275268554687,535,30.81999969482422,🔭LEAPS,HOLD,1
ONDS,2028-01-21,22.0,2.0,1088,7,107.17819848632817,535,8.369999885559082,🔭LEAPS,HOLD,1
JOBY,2027-01-15,17.0,0.25,6008,7,89.062609375,164,7.380000114440918,🚬菸屁股,HOLD,1
SMR,2027-01-15,80.0,0.1,9970,7,137.50031249999998,164,9.010000228881836,🚬菸屁股,HOLD,1
IBM,2026-08-21,310.0,0.1,1639,7,58.5941640625,17,226.30999755859375,🚬菸屁股,HOLD,1
IBM,2026-08-21,400.0,0.02,4685,7,84.37515624999999,17,226.30999755859375,🆕低基期(前日Vol1) 🚬菸屁股,HOLD,1
ORCL,2026-09-18,350.0,0.2,3093,7,106.25046875000001,45,141.85000610351562,🆕低基期(前日Vol2) 🚬菸屁股,HOLD,1
ORCL,2027-01-15,440.0,0.93,848,7,79.12618530273438,164,141.85000610351562,🚬菸屁股,HOLD,1
PLUG,2026-12-18,2.0,0.53,943,7,97.26565234374999,136,2.0799999237060547,🚬菸屁股,HOLD,1
PLUG,2028-01-21,4.5,0.5,6843,7,97.070341796875,535,2.0799999237060547,🔭LEAPS,HOLD,1
SOUN,2027-01-15,13.0,0.38,798,7,105.2739111328125,164,6.099999904632568,🚬菸屁股,HOLD,1
TSLA,2027-01-15,950.0,0.93,16887,6,70.15410705566407,164,322.0799865722656,🚬菸屁股,HOLD,1
IBIT,2026-09-18,48.0,0.08,20747,6,42.57869921875,45,36.15999984741211,🚬菸屁股,HOLD,1
IBIT,2026-09-18,51.0,0.05,8322,6,47.6567734375,45,36.15999984741211,🚬菸屁股,HOLD,1
SMCI,2026-12-18,68.0,0.84,4194,6,96.77737597656251,136,28.639999389648438,🚬菸屁股,HOLD,1
OKLO,2026-08-21,95.0,0.05,2189,6,147.65651171875,17,41.220001220703125,🚬菸屁股,HOLD,1
OKLO,2026-09-18,110.0,0.09,817,6,121.875390625,45,41.220001220703125,🆕低基期(前日Vol2) 🚬菸屁股,HOLD,1
VST,2026-08-21,195.0,0.58,1217,6,68.11555322265626,17,155.94000244140625,🚬菸屁股,HOLD,1
IONQ,2026-12-18,140.0,0.6,777,6,116.99260253906249,136,38.849998474121094,🆕低基期(前日Vol1) 🚬菸屁股,HOLD,1
UPST,2028-01-21,50.0,7.0,2576,6,83.05681005859374,535,29.43000030517578,🆕低基期(前日Vol2) 🔭LEAPS,HOLD,1
DKNG,2026-09-18,42.5,0.07,750,6,86.52357226562499,45,23.5,🆕低基期(前日Vol1) 🚬菸屁股,HOLD,1
DKNG,2026-11-20,35.0,0.55,1029,6,61.62147753906251,108,23.5,🚬菸屁股,HOLD,1
IREN,2027-01-15,120.0,0.98,962,6,110.35201074218752,164,39.75,🚬菸屁股,HOLD,1
U,2028-01-21,60.0,5.95,978,6,78.08859802246093,535,33.380001068115234,🔭LEAPS,HOLD,1
PATH,2026-08-21,20.0,0.02,4751,6,91.4063359375,17,13.050000190734863,🚬菸屁股,HOLD,1
HOOD,2026-08-21,145.0,0.07,4401,6,90.039162109375,17,90.33999633789062,🚬菸屁股,HOLD,1
TDOC,2027-01-15,11.0,0.33,2634,6,72.07059179687501,164,6.679999828338623,🚬菸屁股,HOLD,1
XYZ,2026-08-21,110.0,0.1,1451,6,59.96133789062501,17,82.08999633789062,🆕低基期(前日Vol1) 🚬菸屁股,HOLD,1
XYZ,2026-09-18,110.0,0.41,1126,6,53.17429638671876,45,82.08999633789062,🚬菸屁股,HOLD,1
CRSP,2026-08-21,65.0,0.15,810,6,70.70341796875,17,49.56999969482422,🚬菸屁股,HOLD,1
NTLA,2026-09-18,17.0,0.1,1796,6,89.45323046875,45,10.770000457763672,🚬菸屁股,HOLD,1
PACB,2026-09-18,2.0,0.1,1272,6,112.5004375,45,1.4199999570846558,🚬菸屁股,HOLD,1
ONDS,2026-09-18,21.0,0.05,2370,6,132.03158984375,45,8.369999885559082,🚬菸屁股,HOLD,1
LUNR,2026-09-18,28.0,0.11,1320,6,135.35188574218748,45,13.100000381469727,🚬菸屁股,HOLD,1
LUNR,2026-12-18,40.0,0.46,1401,6,126.66052294921872,136,13.100000381469727,🚬菸屁股,HOLD,1
LUNR,2028-01-21,17.0,6.2,905,6,121.24062817382813,535,13.100000381469727,🆕低基期(前日Vol1) 🔭LEAPS,HOLD,1
LUNR,2028-01-21,35.0,3.59,763,6,115.0394873046875,535,13.100000381469727,🆕低基期(前日Vol1) 🔭LEAPS,HOLD,1
JOBY,2028-01-21,5.0,4.1,3675,6,102.73486132812502,535,7.380000114440918,🔭LEAPS,HOLD,1
ACHR,2028-01-21,20.0,0.59,6444,6,98.437515625,535,4.840000152587891,🔭LEAPS,HOLD,1
VRT,2026-09-18,430.0,0.9,761,6,69.11651977539064,45,263.04998779296875,🆕低基期(前日Vol2) 🚬菸屁股,HOLD,1
CRWV,2026-08-21,200.0,0.07,1116,6,130.46909765624997,17,85.76000213623047,🚬菸屁股,HOLD,1
IBM,2026-10-16,400.0,0.2,754,6,59.6683720703125,73,226.30999755859375,🚬菸屁股,HOLD,1
T,2026-12-18,40.0,0.03,1381,6,43.164630859375,136,23.59000015258789,🚬菸屁股,HOLD,1
ORCL,2026-09-18,330.0,0.26,2260,6,98.04689453125,45,141.85000610351562,🚬菸屁股,HOLD,1
WMT,2027-01-15,170.0,0.19,6204,6,33.61882788085938,164,110.70999908447266,🚬菸屁股,HOLD,1
NVDA,2026-09-18,420.0,0.04,7715,5,66.79720703125001,45,206.63999938964844,🚬菸屁股,HOLD,1
IBIT,2028-06-16,40.0,9.6,6047,5,55.51802294921876,682,36.15999984741211,🔭LEAPS,HOLD,1
IBIT,2028-06-16,50.0,6.5,8428,5,53.552710571289076,682,36.15999984741211,🔭LEAPS,HOLD,1
IBIT,2028-06-16,90.0,1.81,15930,5,51.69726037597657,682,36.15999984741211,🔭LEAPS,HOLD,1
INTC,2028-01-21,45.0,56.15,6391,5,88.07384973144529,535,91.0,🔭LEAPS,HOLD,1
SMCI,2026-09-18,47.0,0.4,964,5,100.29346728515624,45,28.639999389648438,🆕低基期(前日Vol1) 🚬菸屁股,HOLD,1
SMCI,2026-12-18,90.0,0.82,2796,5,102.83251708984378,136,28.639999389648438,🚬菸屁股,HOLD,1
SMCI,2026-12-18,92.0,0.85,1360,5,103.22314013671878,136,28.639999389648438,🚬菸屁股,HOLD,1
SMCI,2028-01-21,33.0,11.1,1242,5,93.7378555908203,535,28.639999389648438,🔭LEAPS,HOLD,1
SMCI,2028-01-21,100.0,3.6,3990,5,91.55281884765625,535,28.639999389648438,🆕低基期(前日Vol1) 🔭LEAPS,HOLD,1
OKLO,2026-10-16,100.0,0.38,2534,5,106.93405908203127,73,41.220001220703125,🚬菸屁股,HOLD,1
RKLB,2026-09-18,155.0,0.18,1460,5,107.32468212890626,45,70.43000030517578,🚬菸屁股,HOLD,1
ASTS,2026-09-18,170.0,0.2,1371,5,131.34799951171874,45,63.52000045776367,🚬菸屁股,HOLD,1
UPST,2027-01-15,62.5,0.8,814,5,81.42108422851561,164,29.43000030517578,🆕低基期(前日Vol1) 🚬菸屁股,HOLD,1
DKNG,2026-12-18,55.0,0.08,3411,5,72.46121289062499,136,23.5,🚬菸屁股,HOLD,1
DKNG,2026-12-18,70.0,0.14,6411,5,78.711150390625,136,23.5,🚬菸屁股,HOLD,1
DKNG,2027-01-15,37.0,0.8,1571,5,59.766027343750004,164,23.5,🚬菸屁股,HOLD,1
U,2028-01-21,40.0,9.9,1318,5,76.61156201171876,535,33.380001068115234,🔭LEAPS,HOLD,1
U,2028-01-21,45.0,9.0,7278,5,76.29418237304688,535,33.380001068115234,🆕低基期(前日Vol1) 🔭LEAPS,HOLD,1
U,2028-01-21,47.0,8.27,7589,5,77.6491492919922,535,33.380001068115234,🆕低基期(前日Vol2) 🔭LEAPS,HOLD,1
PATH,2028-01-21,25.0,2.3,8223,5,78.00314965820311,535,13.050000190734863,🔭LEAPS,HOLD,1
TDOC,2026-10-16,9.0,0.19,2110,5,68.555001953125,73,6.679999828338623,🚬菸屁股,HOLD,1
TDOC,2028-01-21,10.0,1.5,2468,5,72.51004052734375,535,6.679999828338623,🔭LEAPS,HOLD,1
XYZ,2026-12-18,135.0,0.85,834,5,50.36670727539063,136,82.08999633789062,🚬菸屁股,HOLD,1
OPEN,2026-12-18,8.0,0.27,998,5,108.203583984375,136,3.940000057220459,🚬菸屁股,HOLD,1
NTLA,2027-01-15,35.0,0.17,3961,5,91.60164648437501,164,10.770000457763672,🆕低基期(前日Vol1) 🚬菸屁股,HOLD,1
HIMS,2026-12-18,100.0,0.39,3269,5,101.5629921875,136,30.81999969482422,🚬菸屁股,HOLD,1
HIMS,2026-12-18,105.0,0.33,1576,5,107.1293706054688,136,30.81999969482422,🚬菸屁股,HOLD,1
ONDS,2026-09-18,22.0,0.05,4726,5,132.81283593749998,45,8.369999885559082,🆕低基期(前日Vol2) 🚬菸屁股,HOLD,1
LUNR,2027-01-15,55.0,0.3,1950,5,119.141029296875,164,13.100000381469727,🚬菸屁股,HOLD,1
JOBY,2028-01-21,25.0,0.97,3528,5,92.38288867187501,535,7.380000114440918,🔭LEAPS,HOLD,1
ACHR,2026-08-21,8.0,0.01,1621,5,112.5004375,17,4.840000152587891,🚬菸屁股,HOLD,1
ACHR,2028-01-21,25.0,0.49,1643,5,99.023447265625,535,4.840000152587891,🔭LEAPS,HOLD,1
NNE,2027-01-15,90.0,0.1,2774,5,105.46922265625001,164,17.579999923706055,🚬菸屁股,HOLD,1
CRWV,2026-09-18,250.0,0.1,1119,5,122.07070214843749,45,85.76000213623047,🚬菸屁股,HOLD,1
IBM,2026-08-21,360.0,0.05,1286,5,71.48466015625,17,226.30999755859375,🚬菸屁股,HOLD,1
T,2026-09-18,32.0,0.05,3706,5,44.92242578125,45,23.59000015258789,🆕低基期(前日Vol1) 🚬菸屁股,HOLD,1
T,2028-01-21,40.0,0.33,6573,5,29.981168945312497,535,23.59000015258789,🔭LEAPS,HOLD,1
ORCL,2026-09-18,340.0,0.25,905,5,106.93405908203127,45,141.85000610351562,🚬菸屁股,HOLD,1
ORCL,2027-01-15,420.0,0.85,1030,5,79.24825439453124,164,141.85000610351562,🆕低基期(前日Vol1) 🚬菸屁股,HOLD,1
ORCL,2028-01-21,460.0,7.72,896,5,71.01469415283204,535,141.85000610351562,🔭LEAPS,HOLD,1
AMZN,2026-09-18,380.0,0.12,3810,5,37.74476318359375,45,284.0199890136719,🚬菸屁股,HOLD,1
BA,2026-09-18,325.0,0.04,790,5,40.918559570312496,45,233.49000549316406,🚬菸屁股,HOLD,1
WMT,2028-01-21,140.0,7.65,810,5,32.18146432495117,535,110.70999908447266,🔭LEAPS,HOLD,1
CRM,2027-01-15,500.0,0.12,2135,5,58.30119824218749,164,185.9499969482422,🚬菸屁股,HOLD,1
IBIT,2026-10-16,55.0,0.09,5244,4,48.04739453125,73,36.15999984741211,🚬菸屁股,HOLD,1
INTC,2026-08-21,170.0,0.03,13820,4,99.2187578125,17,91.0,🚬菸屁股,HOLD,1
SMCI,2026-08-21,46.0,0.16,1215,4,124.21912890624998,17,28.639999389648438,🚬菸屁股,HOLD,1
SMCI,2026-11-20,75.0,0.42,1359,4,100.68409033203123,108,28.639999389648438,🆕低基期(前日Vol1) 🚬菸屁股,HOLD,1
OKLO,2026-09-18,90.0,0.17,1098,4,108.88717431640625,45,41.220001220703125,🆕低基期(前日Vol1) 🚬菸屁股,HOLD,1
OKLO,2026-09-18,130.0,0.09,1120,4,124.21912890624998,45,41.220001220703125,🚬菸屁股,HOLD,1
OKLO,2026-10-16,150.0,0.13,950,4,118.55509472656249,73,41.220001220703125,🚬菸屁股,HOLD,1
IONQ,2026-09-18,100.0,0.2,2960,4,130.46909765624997,45,38.849998474121094,🚬菸屁股,HOLD,1
IONQ,2026-10-16,80.0,0.69,1491,4,107.61764941406251,73,38.849998474121094,🚬菸屁股,HOLD,1
UPST,2027-01-15,75.0,0.51,2795,4,85.0587431640625,164,29.43000030517578,🆕低基期(前日Vol1) 🚬菸屁股,HOLD,1
UPST,2027-01-15,80.0,0.5,2077,4,81.83611914062499,164,29.43000030517578,🚬菸屁股,HOLD,1
UPST,2027-01-15,90.0,0.31,1095,4,80.664255859375,164,29.43000030517578,🚬菸屁股,HOLD,1
UPST,2027-01-15,100.0,0.25,6125,4,86.8165380859375,164,29.43000030517578,🚬菸屁股,HOLD,1
PATH,2026-08-21,30.0,0.02,1809,4,131.25034374999998,17,13.050000190734863,🚬菸屁股,HOLD,1
HOOD,2026-08-21,155.0,0.04,1265,4,105.85984570312502,17,90.33999633789062,🚬菸屁股,HOLD,1
HOOD,2026-08-21,185.0,0.05,6101,4,141.40654296875002,17,90.33999633789062,🚬菸屁股,HOLD,1
HOOD,2026-10-16,230.0,0.12,2577,4,97.94923925781251,73,90.33999633789062,🚬菸屁股,HOLD,1
TDOC,2027-01-15,20.0,0.18,20209,4,99.60937890625,164,6.679999828338623,🚬菸屁股,HOLD,1
PACB,2026-12-18,2.0,0.15,1236,4,141.40654296875002,136,1.4199999570846558,🚬菸屁股,HOLD,1
PACB,2028-01-21,5.0,0.3,1376,4,133.98470507812496,535,1.4199999570846558,🔭LEAPS,HOLD,1
HIMS,2026-12-18,80.0,0.67,3432,4,97.3633076171875,136,30.81999969482422,🚬菸屁股,HOLD,1
KTOS,2026-08-21,80.0,0.05,1800,4,98.437515625,17,49.209999084472656,🚬菸屁股,HOLD,1
ONDS,2026-09-18,27.0,0.09,934,4,146.875265625,45,8.369999885559082,🚬菸屁股,HOLD,1
ONDS,2027-01-15,18.0,0.66,1351,4,107.03171484375002,164,8.369999885559082,🚬菸屁股,HOLD,1
JOBY,2026-08-21,17.0,0.02,1198,4,137.50031249999998,17,7.380000114440918,🚬菸屁股,HOLD,1
JOBY,2027-01-15,22.0,0.13,6343,4,92.57819921875,164,7.380000114440918,🆕低基期(前日Vol1) 🚬菸屁股,HOLD,1
ACHR,2028-01-21,1.0,4.08,993,4,124.21912890624998,535,4.840000152587891,🔭LEAPS,HOLD,1
ACHR,2028-01-21,17.0,0.71,1299,4,100.63526245117185,535,4.840000152587891,🆕低基期(前日Vol1) 🔭LEAPS,HOLD,1
SMR,2027-01-15,45.0,0.14,1488,4,125.9769326171875,164,9.010000228881836,🆕低基期(前日Vol1) 🚬菸屁股,HOLD,1
SMR,2027-01-15,47.0,0.15,1017,4,128.51598242187498,164,9.010000228881836,🚬菸屁股,HOLD,1
IBM,2028-01-21,490.0,7.8,1305,4,48.23660162353516,535,226.30999755859375,🔭LEAPS,HOLD,1
ORLY,2026-09-18,104.0,0.46,758,4,34.71744970703124,45,89.76000213623047,🆕低基期(前日Vol1) 🚬菸屁股,HOLD,1
ORCL,2026-12-18,380.0,0.65,876,4,79.73653076171875,136,141.85000610351562,🚬菸屁股,HOLD,1
BA,2026-09-18,320.0,0.07,863,4,48.120635986328125,45,233.49000549316406,🚬菸屁股,HOLD,1
WMT,2028-01-21,170.0,2.9,1023,4,31.061480407714836,535,110.70999908447266,🔭LEAPS,HOLD,1
CRM,2026-08-21,270.0,0.04,1209,4,63.281617187500004,17,185.9499969482422,🚬菸屁股,HOLD,1
CRM,2028-01-21,350.0,12.0,791,4,50.099681137084964,535,185.9499969482422,🔭LEAPS,HOLD,1
SOUN,2026-10-16,14.0,0.1,4105,4,116.01604492187501,73,6.099999904632568,🆕低基期(前日Vol1) 🚬菸屁股,HOLD,1
SOUN,2027-01-15,30.0,0.1,2964,4,121.875390625,164,6.099999904632568,🚬菸屁股,HOLD,1
TSLA,2026-08-21,990.0,0.01,11116,3,140.625296875,17,322.0799865722656,🚬菸屁股,HOLD,1
TSLA,2026-12-18,850.0,0.84,7566,3,69.336244140625,136,322.0799865722656,🆕低基期(前日Vol1) 🚬菸屁股,HOLD,1
IBIT,2026-08-21,100.0,0.01,5981,3,143.75028125,17,36.15999984741211,🚬菸屁股,HOLD,1
IBIT,2026-09-18,105.0,0.02,14435,3,104.68797656250001,45,36.15999984741211,🚬菸屁股,HOLD,1
SMCI,2026-08-21,42.0,0.35,1746,3,115.8207333984375,17,28.639999389648438,🚬菸屁股,HOLD,1
SMCI,2026-12-18,110.0,0.27,2641,3,108.203583984375,136,28.639999389648438,🚬菸屁股,HOLD,1
SMCI,2028-01-21,40.0,9.5,3606,3,92.61481994628906,535,28.639999389648438,🔭LEAPS,HOLD,1
VST,2026-08-21,220.0,0.11,924,3,74.5119736328125,17,155.94000244140625,🚬菸屁股,HOLD,1
VST,2026-09-18,220.0,0.39,872,3,57.76409423828125,45,155.94000244140625,🚬菸屁股,HOLD,1
ASTS,2026-09-18,145.0,0.55,1176,3,124.80506347656248,45,63.52000045776367,🚬菸屁股,HOLD,1
ASTS,2026-09-18,190.0,0.19,1372,3,131.64096679687498,45,63.52000045776367,🚬菸屁股,HOLD,1
ASTS,2026-10-16,175.0,0.64,2383,3,120.36172631835936,73,63.52000045776367,🆕低基期(前日Vol1) 🚬菸屁股,HOLD,1
IONQ,2028-01-21,75.0,10.86,795,3,97.88820471191409,535,38.849998474121094,🔭LEAPS,HOLD,1
IONQ,2028-01-21,100.0,8.7,957,3,97.72951489257812,535,38.849998474121094,🔭LEAPS,HOLD,1
UPST,2027-01-15,125.0,0.19,1773,3,93.35944140625,164,29.43000030517578,🚬菸屁股,HOLD,1
SOFI,2028-01-21,8.0,9.7,1666,3,78.51583984375,535,18.030000686645508,🔭LEAPS,HOLD,1
DKNG,2026-11-20,40.0,0.39,5356,3,55.762161132812516,108,23.5,🚬菸屁股,HOLD,1
DKNG,2027-01-15,60.0,0.09,8915,3,65.03941210937501,164,23.5,🚬菸屁股,HOLD,1
DKNG,2027-01-15,70.0,0.05,3802,3,70.50810742187501,164,23.5,🚬菸屁股,HOLD,1
IREN,2026-10-16,90.0,0.8,1962,3,115.86956127929686,73,39.75,🚬菸屁股,HOLD,1
IREN,2026-12-18,135.0,0.8,813,3,108.7895185546875,136,39.75,🚬菸屁股,HOLD,1
HOOD,2027-01-15,230.0,0.68,1201,3,72.99831689453124,164,90.33999633789062,🚬菸屁股,HOLD,1
TDOC,2027-01-15,25.0,0.05,2905,3,103.90673046875003,164,6.679999828338623,🚬菸屁股,HOLD,1
ZM,2026-09-18,140.0,0.4,1011,3,56.7387138671875,45,98.25,🆕低基期(前日Vol1) 🚬菸屁股,HOLD,1
OPEN,2027-01-15,8.0,0.33,3842,3,105.2739111328125,164,3.940000057220459,🚬菸屁股,HOLD,1
NTLA,2028-01-21,7.5,5.8,911,3,122.16835791015623,535,10.770000457763672,🔭LEAPS,HOLD,1
NTLA,2028-01-21,15.0,4.0,2023,3,106.17722692871095,535,10.770000457763672,🆕低基期(前日Vol1) 🔭LEAPS,HOLD,1
PACB,2027-01-15,2.0,0.3,5359,3,115.625421875,164,1.4199999570846558,🚬菸屁股,HOLD,1
PACB,2028-01-21,1.5,0.74,5584,3,112.89106054687501,535,1.4199999570846558,🔭LEAPS,HOLD,1
PACB,2028-01-21,2.0,0.57,4831,3,108.984830078125,535,1.4199999570846558,🔭LEAPS,HOLD,1
KTOS,2026-08-21,90.0,0.05,1660,3,103.12548437500001,17,49.209999084472656,🆕低基期(前日Vol1) 🚬菸屁股,HOLD,1
JOBY,2026-08-21,12.0,0.02,3471,3,107.81296093750001,17,7.380000114440918,🚬菸屁股,HOLD,1
JOBY,2026-10-16,20.0,0.03,865,3,128.125359375,73,7.380000114440918,🆕低基期(前日Vol1) 🚬菸屁股,HOLD,1
SMR,2027-01-15,32.0,0.21,1108,3,118.35978320312499,164,9.010000228881836,🆕低基期(前日Vol1) 🚬菸屁股,HOLD,1
NNE,2026-10-16,28.0,0.76,874,3,100.73291821289061,73,17.579999923706055,🚬菸屁股,HOLD,1
CRWV,2026-09-18,240.0,0.13,5477,3,116.2113564453125,45,85.76000213623047,🆕低基期(前日Vol1) 🚬菸屁股,HOLD,1
IBM,2026-08-21,445.0,0.14,1240,3,107.81296093750001,17,226.30999755859375,🚬菸屁股,HOLD,1
IBM,2026-09-18,365.0,0.46,1317,3,60.44961425781252,45,226.30999755859375,🚬菸屁股,HOLD,1
BA,2026-08-21,285.0,0.07,2443,3,43.457596679687505,17,233.49000549316406,🚬菸屁股,HOLD,1
WMT,2026-08-21,150.0,0.02,1736,3,54.68795312500001,17,110.70999908447266,🚬菸屁股,HOLD,1
WMT,2027-01-15,175.0,0.16,833,3,32.422550781249996,164,110.70999908447266,🚬菸屁股,HOLD,1
CRM,2026-08-21,260.0,0.12,1074,3,57.617611328124994,17,185.9499969482422,🚬菸屁股,HOLD,1
CRM,2027-01-15,400.0,0.64,2773,3,55.615678222656264,164,185.9499969482422,🚬菸屁股,HOLD,1
TSLA,2026-08-21,750.0,0.02,5255,2,120.70352148437497,17,322.0799865722656,🚬菸屁股,HOLD,1
TSLA,2026-09-18,940.0,0.09,10391,2,100.1958115234375,45,322.0799865722656,🚬菸屁股,HOLD,1
TSLA,2026-12-18,950.0,0.62,6219,2,72.90066162109376,136,322.0799865722656,🚬菸屁股,HOLD,1
NVDA,2026-08-21,320.0,0.01,9580,2,64.062859375,17,206.63999938964844,🚬菸屁股,HOLD,1
NVDA,2028-01-21,410.0,7.74,20837,2,44.91632232666015,535,206.63999938964844,🔭LEAPS,HOLD,1
MSTR,2027-01-15,700.0,0.2,11132,2,112.89106054687501,164,94.86000061035156,🚬菸屁股,HOLD,1
IBIT,2027-01-15,115.0,0.05,5619,2,67.38313867187502,164,36.15999984741211,🚬菸屁股,HOLD,1
SMCI,2026-12-18,96.0,0.3,991,2,106.34812451171878,136,28.639999389648438,🚬菸屁股,HOLD,1
SMCI,2027-01-15,72.0,0.93,3701,2,94.67778759765625,164,28.639999389648438,🚬菸屁股,HOLD,1
SMCI,2028-01-21,35.0,10.3,2320,2,94.68999450683593,535,28.639999389648438,🔭LEAPS,HOLD,1
SMCI,2028-01-21,38.0,10.2,937,2,92.773509765625,535,28.639999389648438,🔭LEAPS,HOLD,1
SMCI,2028-01-21,85.0,4.27,15509,2,92.07771594238281,535,28.639999389648438,🔭LEAPS,HOLD,1
OKLO,2026-09-18,105.0,0.18,993,2,129.88316308593747,45,41.220001220703125,🚬菸屁股,HOLD,1
OKLO,2026-09-18,140.0,0.09,1812,2,140.625296875,45,41.220001220703125,🚬菸屁股,HOLD,1
OKLO,2026-09-18,155.0,0.11,788,2,148.047134765625,45,41.220001220703125,🚬菸屁股,HOLD,1
OKLO,2026-11-20,165.0,0.3,1137,2,111.71919140624999,108,41.220001220703125,🚬菸屁股,HOLD,1
OKLO,2027-01-15,195.0,0.59,1253,2,114.79534790039061,164,41.220001220703125,🚬菸屁股,HOLD,1
OKLO,2027-01-15,220.0,0.4,1257,2,114.74652001953123,164,41.220001220703125,🚬菸屁股,HOLD,1
OKLO,2027-01-15,250.0,0.29,1366,2,117.3832255859375,164,41.220001220703125,🚬菸屁股,HOLD,1
RKLB,2026-09-18,190.0,0.01,933,2,125.39099804687498,45,70.43000030517578,🚬菸屁股,HOLD,1
ASTS,2026-09-18,165.0,0.34,1016,2,125.39099804687498,45,63.52000045776367,🚬菸屁股,HOLD,1
ASTS,2026-10-16,180.0,0.49,1029,2,122.36366943359376,73,63.52000045776367,🚬菸屁股,HOLD,1
IONQ,2026-10-16,85.0,0.45,2611,2,112.06098657226562,73,38.849998474121094,🚬菸屁股,HOLD,1
IONQ,2028-01-21,85.0,10.0,1010,2,98.02248071289064,535,38.849998474121094,🔭LEAPS,HOLD,1
UPST,2026-09-18,62.5,0.11,775,2,111.9145029296875,45,29.43000030517578,🚬菸屁股,HOLD,1
UPST,2027-01-15,65.0,0.86,766,2,81.68963623046875,164,29.43000030517578,🚬菸屁股,HOLD,1
UPST,2028-01-21,42.5,7.45,2082,2,82.82487878417967,535,29.43000030517578,🔭LEAPS,HOLD,1
UPST,2028-01-21,80.0,3.7,1088,2,82.34880932617187,535,29.43000030517578,🔭LEAPS,HOLD,1
UPST,2028-01-21,105.0,2.43,916,2,81.66522241210936,535,29.43000030517578,🔭LEAPS,HOLD,1
SOFI,2026-10-16,35.0,0.05,6184,2,68.35969140625001,73,18.030000686645508,🚬菸屁股,HOLD,1
SOFI,2028-06-16,42.0,2.33,3282,2,67.60286303710939,682,18.030000686645508,🔭LEAPS,HOLD,1
DKNG,2026-09-18,50.0,0.11,3134,2,111.5238798828125,45,23.5,🚬菸屁股,HOLD,1
DKNG,2027-01-15,45.0,0.31,5571,2,61.52382226562501,164,23.5,🚬菸屁股,HOLD,1
DKNG,2027-01-15,50.0,0.17,15175,2,60.937890625000016,164,23.5,🚬菸屁股,HOLD,1
DKNG,2027-01-15,55.0,0.13,6880,2,64.648791015625,164,23.5,🚬菸屁股,HOLD,1
IREN,2026-11-20,130.0,0.39,1298,2,115.67424975585938,108,39.75,🚬菸屁股,HOLD,1
IREN,2028-01-21,85.0,11.45,7477,2,104.62083822631838,535,39.75,🔭LEAPS,HOLD,1
PATH,2026-08-21,19.0,0.03,1077,2,84.37515624999999,17,13.050000190734863,🚬菸屁股,HOLD,1
PATH,2026-08-21,21.0,0.05,976,2,99.2187578125,17,13.050000190734863,🚬菸屁股,HOLD,1
HOOD,2026-08-21,200.0,0.01,2969,2,106.25046875000001,17,90.33999633789062,🚬菸屁股,HOLD,1
HOOD,2027-01-15,250.0,0.64,3796,2,75.4885263671875,164,90.33999633789062,🚬菸屁股,HOLD,1
HOOD,2028-01-21,260.0,8.3,1231,2,71.71048797607422,535,90.33999633789062,🔭LEAPS,HOLD,1
NTLA,2026-08-21,16.0,0.05,1021,2,121.48476757812499,17,10.770000457763672,🚬菸屁股,HOLD,1
NTLA,2026-10-16,13.0,0.95,890,2,67.96907031250001,73,10.770000457763672,🚬菸屁股,HOLD,1
NTLA,2027-01-15,17.5,0.95,1555,2,91.8946123046875,164,10.770000457763672,🚬菸屁股,HOLD,1
NTLA,2028-01-21,42.0,1.6,5948,2,97.1679970703125,535,10.770000457763672,🔭LEAPS,HOLD,1
BEAM,2026-08-21,50.0,0.05,793,2,118.75040625,17,25.90999984741211,🚬菸屁股,HOLD,1
BEAM,2028-01-21,35.0,7.06,949,2,78.4303914794922,535,25.90999984741211,🔭LEAPS,HOLD,1
BEAM,2028-01-21,40.0,5.5,2841,2,81.39667041015625,535,25.90999984741211,🔭LEAPS,HOLD,1
PACB,2026-09-18,3.0,0.12,2057,2,134.37532812499998,45,1.4199999570846558,🚬菸屁股,HOLD,1
PACB,2028-01-21,0.5,1.1,759,2,113.28168359375002,535,1.4199999570846558,🔭LEAPS,HOLD,1
KTOS,2027-01-15,110.0,0.9,876,2,79.883013671875,164,49.209999084472656,🚬菸屁股,HOLD,1
ONDS,2028-01-21,2.0,6.0,1300,2,122.266013671875,535,8.369999885559082,🔭LEAPS,HOLD,1
LUNR,2028-01-21,32.0,3.75,1243,2,116.91936071777343,535,13.100000381469727,🔭LEAPS,HOLD,1
LUNR,2028-01-21,37.0,3.51,753,2,116.69963525390625,535,13.100000381469727,🔭LEAPS,HOLD,1
JOBY,2026-11-20,10.0,0.65,1743,2,87.500125,108,7.380000114440918,🚬菸屁股,HOLD,1
JOBY,2026-11-20,12.0,0.36,1530,2,86.914193359375,108,7.380000114440918,🚬菸屁股,HOLD,1
NNE,2026-10-16,26.0,0.65,4497,2,98.04689453125,73,17.579999923706055,🚬菸屁股,HOLD,1
NNE,2027-01-15,42.0,0.8,849,2,97.75392871093752,164,17.579999923706055,🚬菸屁股,HOLD,1
NNE,2027-01-15,65.0,0.2,1270,2,107.22702636718753,164,17.579999923706055,🚬菸屁股,HOLD,1
VRT,2026-08-21,400.0,0.08,2012,2,81.445498046875,17,263.04998779296875,🚬菸屁股,HOLD,1
CRWV,2026-09-18,165.0,0.61,1817,2,106.98288696289065,45,85.76000213623047,🚬菸屁股,HOLD,1
CRWV,2026-09-18,270.0,0.07,809,2,124.21912890624998,45,85.76000213623047,🚬菸屁股,HOLD,1
IBM,2026-12-18,470.0,0.5,1247,2,54.66353930664063,136,226.30999755859375,🚬菸屁股,HOLD,1
T,2027-01-15,40.0,0.04,8782,2,36.133451171874995,164,23.59000015258789,🚬菸屁股,HOLD,1
T,2028-01-21,30.0,1.26,6244,2,28.565167480468745,535,23.59000015258789,🔭LEAPS,HOLD,1
ORCL,2026-10-16,330.0,0.3,2551,2,90.74716284179686,73,141.85000610351562,🚬菸屁股,HOLD,1
ORCL,2026-12-18,500.0,0.5,5490,2,89.01378173828124,136,141.85000610351562,🚬菸屁股,HOLD,1
ORCL,2027-01-15,410.0,0.77,1498,2,79.24825439453124,164,141.85000610351562,🚬菸屁股,HOLD,1
ORCL,2027-01-15,430.0,0.57,789,2,80.24922094726561,164,141.85000610351562,🚬菸屁股,HOLD,1
BA,2026-12-18,340.0,0.62,989,2,38.086556640625,136,233.49000549316406,🚬菸屁股,HOLD,1
WMT,2026-09-18,145.0,0.08,4308,2,38.9654541015625,45,110.70999908447266,🚬菸屁股,HOLD,1
WMT,2026-11-20,140.0,0.75,1409,2,31.909860595703115,108,110.70999908447266,🚬菸屁股,HOLD,1
WMT,2028-01-21,145.0,6.8,1501,2,31.757274230957034,535,110.70999908447266,🔭LEAPS,HOLD,1
CRM,2026-08-21,280.0,0.11,995,2,71.87528125,17,185.9499969482422,🚬菸屁股,HOLD,1
CRM,2026-12-18,350.0,0.75,1258,2,54.95650512695314,136,185.9499969482422,🚬菸屁股,HOLD,1
CRM,2027-01-15,430.0,0.44,1004,2,56.201609863281256,164,185.9499969482422,🚬菸屁股,HOLD,1
CRM,2027-01-15,550.0,0.14,5871,2,59.375406250000005,164,185.9499969482422,🚬菸屁股,HOLD,1
CRM,2028-01-21,380.0,9.52,1976,2,50.41553491210937,535,185.9499969482422,🔭LEAPS,HOLD,1
AZN,2026-09-18,210.0,0.25,783,2,53.662572753906254,45,157.97000122070312,🚬菸屁股,HOLD,1
NVDA,2028-01-21,310.0,15.95,9786,1,46.76414320373535,535,206.63999938964844,🔭LEAPS,HOLD,1
NVDA,2028-01-21,370.0,8.6,5295,1,44.94989132690429,535,206.63999938964844,🔭LEAPS,HOLD,1
IBIT,2026-08-21,47.0,0.02,6277,1,50.7817421875,17,36.15999984741211,🚬菸屁股,HOLD,1
IBIT,2026-09-18,70.0,0.02,21383,1,73.437765625,45,36.15999984741211,🚬菸屁股,HOLD,1
IBIT,2026-10-16,65.0,0.05,7847,1,58.39885351562499,73,36.15999984741211,🚬菸屁股,HOLD,1
COIN,2027-01-15,880.0,0.15,13628,1,91.60164648437501,164,146.5,🚬菸屁股,HOLD,1
SMCI,2026-08-21,43.0,0.25,1216,1,116.99260253906249,17,28.639999389648438,🚬菸屁股,HOLD,1
SMCI,2026-09-18,49.0,0.35,1105,1,100.9770576171875,45,28.639999389648438,🚬菸屁股,HOLD,1
SMCI,2026-09-18,75.0,0.09,3590,1,122.266013671875,45,28.639999389648438,🚬菸屁股,HOLD,1
SMCI,2026-09-18,85.0,0.05,2611,1,128.90660546875,45,28.639999389648438,🚬菸屁股,HOLD,1
SMCI,2026-09-18,90.0,0.05,2938,1,124.21912890624998,45,28.639999389648438,🚬菸屁股,HOLD,1
SMCI,2026-09-18,100.0,0.04,3594,1,128.90660546875,45,28.639999389648438,🚬菸屁股,HOLD,1
SMCI,2026-09-18,105.0,0.03,8152,1,132.81283593749998,45,28.639999389648438,🚬菸屁股,HOLD,1
SMCI,2026-12-18,62.0,0.93,1236,1,95.06840869140623,136,28.639999389648438,🚬菸屁股,HOLD,1
SMCI,2026-12-18,72.0,0.76,1708,1,97.26565234374999,136,28.639999389648438,🚬菸屁股,HOLD,1
SMCI,2026-12-18,74.0,0.6,2364,1,97.94923925781251,136,28.639999389648438,🚬菸屁股,HOLD,1
SMCI,2026-12-18,80.0,0.52,2986,1,99.16993017578125,136,28.639999389648438,🚬菸屁股,HOLD,1
SMCI,2026-12-18,100.0,0.31,7373,1,104.0043862304688,136,28.639999389648438,🚬菸屁股,HOLD,1
SMCI,2026-12-18,120.0,0.16,11304,1,111.13325683593752,136,28.639999389648438,🚬菸屁股,HOLD,1
SMCI,2028-01-21,45.0,8.2,906,1,92.65144067382812,535,28.639999389648438,🔭LEAPS,HOLD,1
SMCI,2028-01-21,50.0,7.45,4687,1,92.32185412597657,535,28.639999389648438,🔭LEAPS,HOLD,1
SMCI,2028-01-21,60.0,6.44,6591,1,92.83454431152343,535,28.639999389648438,🔭LEAPS,HOLD,1
SMCI,2028-01-21,80.0,4.4,1181,1,91.65047412109377,535,28.639999389648438,🔭LEAPS,HOLD,1
SMCI,2028-01-21,90.0,3.7,3313,1,92.06550903320311,535,28.639999389648438,🔭LEAPS,HOLD,1
OKLO,2026-12-18,125.0,0.99,2314,1,107.56882153320313,136,41.220001220703125,🚬菸屁股,HOLD,1
OKLO,2027-01-15,260.0,0.32,5357,1,119.3363408203125,164,41.220001220703125,🚬菸屁股,HOLD,1
OKLO,2028-01-21,80.0,11.5,931,1,96.16092706298826,535,41.220001220703125,🔭LEAPS,HOLD,1
OKLO,2028-01-21,85.0,10.8,1097,1,96.2768927001953,535,41.220001220703125,🔭LEAPS,HOLD,1
OKLO,2028-01-21,120.0,7.6,900,1,101.74609674072266,535,41.220001220703125,🔭LEAPS,HOLD,1
OKLO,2028-01-21,155.0,6.05,2088,1,102.79589617919925,535,41.220001220703125,🔭LEAPS,HOLD,1
OKLO,2028-01-21,250.0,4.27,5563,1,109.44869494628908,535,41.220001220703125,🔭LEAPS,HOLD,1
OKLO,2028-01-21,260.0,4.08,2353,1,107.3613030395508,535,41.220001220703125,🔭LEAPS,HOLD,1
VST,2026-08-21,240.0,0.1,1473,1,83.8868798828125,17,155.94000244140625,🚬菸屁股,HOLD,1
VST,2026-08-21,250.0,0.25,887,1,103.71141894531253,17,155.94000244140625,🚬菸屁股,HOLD,1
VST,2026-09-18,250.0,0.47,7152,1,65.28355029296876,45,155.94000244140625,🚬菸屁股,HOLD,1
RKLB,2028-01-21,175.0,11.0,3475,1,90.87533538818357,535,70.43000030517578,🔭LEAPS,HOLD,1
RKLB,2028-01-21,195.0,11.8,1857,1,92.8711650390625,535,70.43000030517578,🔭LEAPS,HOLD,1
ASTS,2026-09-18,155.0,0.42,1268,1,126.66052294921872,45,63.52000045776367,🚬菸屁股,HOLD,1
IONQ,2026-09-18,85.0,0.39,1363,1,118.55509472656249,45,38.849998474121094,🚬菸屁股,HOLD,1
IONQ,2026-10-16,100.0,0.33,1781,1,114.94183154296876,73,38.849998474121094,🚬菸屁股,HOLD,1
IONQ,2026-11-20,140.0,0.2,1591,1,120.99648876953123,108,38.849998474121094,🚬菸屁股,HOLD,1
UPST,2026-09-18,47.5,0.32,940,1,91.1133701171875,45,29.43000030517578,🚬菸屁股,HOLD,1
UPST,2026-09-18,70.0,0.01,995,1,110.54732226562503,45,29.43000030517578,🚬菸屁股,HOLD,1
UPST,2027-01-15,135.0,0.11,5074,1,91.79695703125,164,29.43000030517578,🚬菸屁股,HOLD,1
UPST,2028-01-21,47.5,6.7,760,1,82.38543005371093,535,29.43000030517578,🔭LEAPS,HOLD,1
SOFI,2026-12-18,37.0,0.16,1649,1,64.9417568359375,136,18.030000686645508,🚬菸屁股,HOLD,1
SOFI,2028-06-16,8.0,10.2,3152,1,82.61736132812499,682,18.030000686645508,🔭LEAPS,HOLD,1
SOFI,2028-06-16,32.0,3.5,12390,1,67.59065612792969,682,18.030000686645508,🔭LEAPS,HOLD,1
DKNG,2026-08-21,28.5,0.3,829,1,75.195560546875,17,23.5,🚬菸屁股,HOLD,1
DKNG,2026-08-21,37.5,0.05,6458,1,99.804689453125,17,23.5,🚬菸屁股,HOLD,1
DKNG,2026-09-18,45.0,0.01,6261,1,77.3439765625,45,23.5,🚬菸屁股,HOLD,1
DKNG,2026-09-18,55.0,0.01,2593,1,104.68797656250001,45,23.5,🚬菸屁股,HOLD,1
DKNG,2026-09-18,60.0,0.01,2660,1,128.90660546875,45,23.5,🚬菸屁股,HOLD,1
DKNG,2026-12-18,50.0,0.24,1407,1,62.890996093750005,136,23.5,🚬菸屁股,HOLD,1
DKNG,2026-12-18,60.0,0.06,1036,1,69.14093359375,136,23.5,🚬菸屁股,HOLD,1
DKNG,2027-01-15,42.0,0.48,1585,1,58.789474609375006,164,23.5,🚬菸屁股,HOLD,1
DKNG,2027-01-15,57.5,0.11,953,1,69.04327832031252,164,23.5,🚬菸屁股,HOLD,1
DKNG,2027-01-15,80.0,0.02,1006,1,70.312796875,164,23.5,🚬菸屁股,HOLD,1
NEWT,2026-09-18,15.0,0.76,1016,1,53.320779296874996,45,14.920000076293945,🚬菸屁股,HOLD,1
PATH,2026-08-21,23.0,0.01,820,1,128.125359375,17,13.050000190734863,🚬菸屁股,HOLD,1
PATH,2028-01-21,22.0,2.49,3446,1,78.36935693359376,535,13.050000190734863,🔭LEAPS,HOLD,1
PATH,2028-01-21,35.0,1.45,914,1,79.0041162109375,535,13.050000190734863,🔭LEAPS,HOLD,1
ROKU,2026-12-18,175.0,0.5,1248,1,21.021297607421875,136,145.83999633789062,🚬菸屁股,HOLD,1
HOOD,2026-08-21,170.0,0.01,957,1,132.81283593749998,17,90.33999633789062,🚬菸屁股,HOLD,1
HOOD,2028-01-21,220.0,9.1,962,1,70.88346987915038,535,90.33999633789062,🔭LEAPS,HOLD,1
HOOD,2028-01-21,240.0,8.5,1429,1,72.03397106933593,535,90.33999633789062,🔭LEAPS,HOLD,1
TDOC,2028-01-21,3.0,4.26,2341,1,83.8868798828125,535,6.679999828338623,🔭LEAPS,HOLD,1
TDOC,2028-01-21,12.0,1.15,1092,1,72.99831689453124,535,6.679999828338623,🔭LEAPS,HOLD,1
TDOC,2028-01-21,15.0,0.8,1032,1,74.95142236328125,535,6.679999828338623,🔭LEAPS,HOLD,1
TDOC,2028-01-21,17.0,0.72,1133,1,75.24438818359374,535,6.679999828338623,🔭LEAPS,HOLD,1
ZM,2026-08-21,125.0,0.22,1085,1,62.40271972656251,17,98.25,🚬菸屁股,HOLD,1
ZM,2026-08-21,140.0,0.09,1744,1,64.45348046875,17,98.25,🚬菸屁股,HOLD,1
ZM,2026-09-18,130.0,0.9,1352,1,55.37154003906251,45,98.25,🚬菸屁股,HOLD,1
ZM,2026-09-18,150.0,0.25,1632,1,67.72493212890626,45,98.25,🚬菸屁股,HOLD,1
XYZ,2027-01-15,140.0,0.95,1314,1,50.29346582031251,164,82.08999633789062,🚬菸屁股,HOLD,1
XYZ,2027-01-15,145.0,0.73,23315,1,50.46436254882812,164,82.08999633789062,🚬菸屁股,HOLD,1
CRSP,2027-01-15,100.0,0.77,851,1,66.35775830078127,164,49.56999969482422,🚬菸屁股,HOLD,1
NTLA,2027-01-15,20.0,0.6,5037,1,89.16026464843749,164,10.770000457763672,🚬菸屁股,HOLD,1
NTLA,2027-01-15,30.0,0.25,1057,1,90.039162109375,164,10.770000457763672,🚬菸屁股,HOLD,1
NTLA,2028-01-21,20.0,3.7,1484,1,102.7592752685547,535,10.770000457763672,🔭LEAPS,HOLD,1
BEAM,2028-01-21,50.0,4.5,1964,1,83.19108605957031,535,25.90999984741211,🔭LEAPS,HOLD,1
HIMS,2026-12-18,90.0,0.52,1035,1,101.46533642578123,136,30.81999969482422,🚬菸屁股,HOLD,1
HIMS,2027-01-15,90.0,0.78,5047,1,104.34618139648441,164,30.81999969482422,🚬菸屁股,HOLD,1
HIMS,2028-01-21,55.0,8.5,797,1,94.5313046875,535,30.81999969482422,🔭LEAPS,HOLD,1
HIMS,2028-01-21,60.0,7.9,3523,1,96.10599597167968,535,30.81999969482422,🔭LEAPS,HOLD,1
HIMS,2028-01-21,80.0,5.84,1106,1,94.75102905273438,535,30.81999969482422,🔭LEAPS,HOLD,1
KTOS,2026-08-21,100.0,0.01,1332,1,117.96916015624998,17,49.209999084472656,🚬菸屁股,HOLD,1
KTOS,2028-01-21,160.0,3.9,857,1,75.87914746093752,535,49.209999084472656,🔭LEAPS,HOLD,1
ONDS,2027-01-15,19.0,0.61,975,1,112.40278173828125,164,8.369999885559082,🚬菸屁股,HOLD,1
LUNR,2026-12-18,30.0,0.74,1115,1,115.4301103515625,136,13.100000381469727,🚬菸屁股,HOLD,1
LUNR,2026-12-18,32.0,0.65,996,1,118.06681591796875,136,13.100000381469727,🚬菸屁股,HOLD,1
LUNR,2027-01-15,40.0,0.7,5105,1,122.4613251953125,164,13.100000381469727,🚬菸屁股,HOLD,1
JOBY,2026-08-21,14.0,0.01,2830,1,121.875390625,17,7.380000114440918,🚬菸屁股,HOLD,1
JOBY,2026-11-20,17.0,0.28,1309,1,102.93017285156252,108,7.380000114440918,🚬菸屁股,HOLD,1
ACHR,2026-08-21,9.0,0.02,1514,1,125.00037499999999,17,4.840000152587891,🚬菸屁股,HOLD,1
SMR,2027-01-15,60.0,0.11,874,1,141.797166015625,164,9.010000228881836,🚬菸屁股,HOLD,1
SMR,2027-01-15,65.0,0.09,846,1,145.89870800781247,164,9.010000228881836,🚬菸屁股,HOLD,1
SMR,2027-01-15,85.0,0.08,2873,1,140.234673828125,164,9.010000228881836,🚬菸屁股,HOLD,1
SMR,2028-01-21,23.0,2.36,897,1,106.93405908203127,535,9.010000228881836,🔭LEAPS,HOLD,1
SMR,2028-01-21,35.0,1.56,1016,1,110.10787133789064,535,9.010000228881836,🔭LEAPS,HOLD,1
SMR,2028-01-21,80.0,0.81,807,1,116.11370068359376,535,9.010000228881836,🔭LEAPS,HOLD,1
NNE,2027-01-15,45.0,0.7,1481,1,99.9023447265625,164,17.579999923706055,🚬菸屁股,HOLD,1
NNE,2027-01-15,60.0,0.35,1720,1,95.89847851562499,164,17.579999923706055,🚬菸屁股,HOLD,1
VRT,2026-09-18,460.0,0.64,839,1,73.51100708007812,45,263.04998779296875,🚬菸屁股,HOLD,1
CRWV,2026-09-18,195.0,0.35,4000,1,107.61764941406251,45,85.76000213623047,🚬菸屁股,HOLD,1
CRWV,2028-01-21,195.0,9.54,3446,1,89.99033447265624,535,85.76000213623047,🔭LEAPS,HOLD,1
IBM,2026-08-21,380.0,0.26,1019,1,99.023447265625,17,226.30999755859375,🚬菸屁股,HOLD,1
IBM,2026-09-18,370.0,0.22,942,1,66.50424121093752,45,226.30999755859375,🚬菸屁股,HOLD,1
IBM,2027-01-15,470.0,0.59,1261,1,50.95263891601562,164,226.30999755859375,🚬菸屁股,HOLD,1
IBM,2027-01-15,490.0,0.39,760,1,50.85498364257812,164,226.30999755859375,🚬菸屁股,HOLD,1
IBM,2028-01-21,460.0,7.1,1164,1,49.08193008422852,535,226.30999755859375,🔭LEAPS,HOLD,1
T,2026-08-21,29.0,0.02,813,1,40.62559375,17,23.59000015258789,🚬菸屁股,HOLD,1
T,2026-08-21,30.0,0.01,854,1,50.0005,17,23.59000015258789,🚬菸屁股,HOLD,1
T,2026-08-21,35.0,0.01,1226,1,65.62534375000001,17,23.59000015258789,🚬菸屁股,HOLD,1
T,2028-01-21,18.0,6.4,1793,1,32.27606787109374,535,23.59000015258789,🔭LEAPS,HOLD,1
T,2028-01-21,32.0,0.92,4197,1,28.528546752929685,535,23.59000015258789,🔭LEAPS,HOLD,1
T,2028-01-21,35.0,0.57,2623,1,29.02903002929687,535,23.59000015258789,🔭LEAPS,HOLD,1
ORCL,2026-09-18,320.0,0.1,962,1,99.804689453125,45,141.85000610351562,🚬菸屁股,HOLD,1
ORCL,2026-12-18,330.0,0.97,3631,1,78.711150390625,136,141.85000610351562,🚬菸屁股,HOLD,1
ORCL,2028-01-21,430.0,7.5,1662,1,70.88957333374023,535,141.85000610351562,🔭LEAPS,HOLD,1
BA,2026-09-18,340.0,0.1,1060,1,55.22505712890625,45,233.49000549316406,🚬菸屁股,HOLD,1
PLUG,2026-12-18,5.5,0.08,2351,1,110.15669921875002,136,2.0799999237060547,🚬菸屁股,HOLD,1
PLUG,2028-01-21,0.5,1.58,2463,1,87.500125,535,2.0799999237060547,🔭LEAPS,HOLD,1
WMT,2026-08-21,155.0,0.14,2692,1,56.64105859375,17,110.70999908447266,🚬菸屁股,HOLD,1
WMT,2026-09-18,165.0,0.14,1860,1,51.95360546875,45,110.70999908447266,🚬菸屁股,HOLD,1
WMT,2026-10-16,140.0,0.32,980,1,32.12958496093749,73,110.70999908447266,🚬菸屁股,HOLD,1
WMT,2027-01-15,145.0,0.83,3021,1,31.763377685546875,164,110.70999908447266,🚬菸屁股,HOLD,1
CRM,2026-08-21,340.0,0.11,756,1,103.51610742187502,17,185.9499969482422,🚬菸屁股,HOLD,1
CRM,2027-01-15,370.0,0.34,1892,1,51.45312219238281,164,185.9499969482422,🚬菸屁股,HOLD,1
CRM,2028-01-21,390.0,9.6,3783,1,50.78784564208985,535,185.9499969482422,🔭LEAPS,HOLD,1
SOUN,2027-01-15,32.0,0.14,952,1,122.65663671875001,164,6.099999904632568,🚬菸屁股,HOLD,1
SOUN,2027-01-15,35.0,0.06,3137,1,125.00037499999999,164,6.099999904632568,🚬菸屁股,HOLD,1
SOUN,2028-01-21,25.0,0.81,2135,1,97.26565234374999,535,6.099999904632568,🔭LEAPS,HOLD,1
OPEN,2026-08-07,5.0,0.06,11274,13112,175.000125,3,3.940000057220459,🎲末日結算 🆕新倉暴量 ⚠️IV頂峰 🚬菸屁股 ⚠️暴動高IV(175%),GAMBLE,-1
OPEN,2026-08-07,4.0,0.26,11484,7200,153.125234375,3,3.940000057220459,🎲末日結算 🆕新倉暴量 ⚠️IV頂峰 🚬菸屁股 ⚠️暴動高IV(153%),GAMBLE,-1
SOUN,2026-08-07,7.5,0.11,4804,2820,170.3126484375,3,6.099999904632568,🎲末日結算 🆕新倉暴量 ⚠️IV頂峰 🚬菸屁股 ⚠️暴動高IV(170%),GAMBLE,-1
SOUN,2026-08-07,8.0,0.07,8861,2767,178.125109375,3,6.099999904632568,🎲末日結算 🆕新倉暴量 ⚠️IV頂峰 🚬菸屁股 ⚠️暴動高IV(178%),GAMBLE,-1
OPEN,2026-08-07,5.5,0.02,7066,2284,181.25009375,3,3.940000057220459,🎲末日結算 🆕新倉暴量 ⚠️IV頂峰 🚬菸屁股 ⚠️暴動高IV(181%),GAMBLE,-1
SMCI,2026-08-07,40.0,0.01,4762,2035,106.25046875000001,3,28.639999389648438,🎲末日結算 🆕新倉暴量 🚬菸屁股 ⚠️尾段價外(40%) ⚠️暴動高IV(106%),GAMBLE,-1
OPEN,2026-08-07,6.0,0.01,2746,1424,196.875015625,3,3.940000057220459,🎲末日結算 🆕新倉暴量 ⚠️IV頂峰 🚬菸屁股 ⚠️暴動高IV(197%),GAMBLE,-1
SOUN,2026-08-07,6.0,0.5,1247,1159,160.93769531249998,3,6.099999904632568,🎲末日結算 🆕新倉暴量 ⚠️IV頂峰 🚬菸屁股 ⚠️暴動高IV(161%),GAMBLE,-1
SOUN,2026-08-07,9.0,0.02,1325,747,187.50006249999998,3,6.099999904632568,🎲末日結算 🆕新倉暴量 ⚠️IV頂峰 🚬菸屁股 ⚠️暴動高IV(188%),GAMBLE,-1
SOUN,2026-08-07,8.5,0.03,1319,517,178.125109375,3,6.099999904632568,🎲末日結算 🆕新倉暴量 ⚠️IV頂峰 🚬菸屁股 ⚠️暴動高IV(178%),GAMBLE,-1
NBIS,2026-08-21,440.0,0.89,1244,585,154.15061987304685,17,212.5800018310547,🆕新倉暴量 ⚠️IV頂峰 🚬菸屁股 ⚠️尾段價外(107%) ⚠️暴動高IV(154%),BUY_WATCH,-2
SOFI,2026-08-07,30.0,0.01,2244,2236,162.50018749999998,3,18.030000686645508,🎲末日結算 🆕新倉暴量 ⚠️IV頂峰 🚬菸屁股 ⚠️尾段價外(66%) ⚠️暴動高IV(163%),GAMBLE,-4
