Stock,Expiry,Strike,Ask,OpenInterest,Volume,IV,DTE,Tags,Action,Score
SMCI,2026-05-15,32.0,3.84,11230,44846,75.56176782226562,59,🚨異常掃貨 🆕新倉暴量,STRONG_BUY,8
NVDA,2026-05-15,230.0,0.88,34670,8135,36.89027954101562,59,🚀點火(7.8x) 🚬菸屁股 🔥萬人塚,BUY_WATCH,8
PATH,2027-01-15,20.0,1.26,33466,2782,76.95335546875,304,🚀點火(8.8x) 🔭LEAPS 🔥萬人塚,BUY_WATCH,8
NVDA,2028-01-21,400.0,10.15,44632,1530,48.874412628173836,675,🚀點火(27.8x) 🔭LEAPS 🔥萬人塚,BUY_WATCH,8
NVDA,2027-01-15,300.0,4.97,57940,1148,44.18390777587891,304,🚀點火(3.5x) 🔭LEAPS 🔥萬人塚,BUY_WATCH,8
JOBY,2026-04-17,16.0,0.04,35916,994,89.062609375,31,🚀點火(4.2x) 🚬菸屁股 🔥萬人塚,BUY_WATCH,8
NVDA,2028-01-21,300.0,19.96,83663,185,48.97817135620118,675,🚀點火(2.8x) 🔭LEAPS 🔥萬人塚,BUY_WATCH,8
SOFI,2026-03-20,18.5,0.27,19218,63618,71.48466015625,3,🎲末日結算 🚨異常掃貨 🆕新倉暴量 🚬菸屁股,GAMBLE,7
SOFI,2026-03-20,19.5,0.08,20734,31073,71.0940390625,3,🎲末日結算 🚨異常掃貨 🆕新倉暴量 🚬菸屁股,GAMBLE,7
TSLA,2026-03-20,420.0,0.71,14608,18918,37.67152172851562,3,🎲末日結算 🚨異常掃貨 🆕新倉暴量 🚬菸屁股,GAMBLE,7
ONDS,2026-03-20,10.5,0.59,8952,15555,116.01604492187501,3,🎲末日結算 🚨異常掃貨 🆕新倉暴量 🚬菸屁股,GAMBLE,7
PLTR,2026-03-20,162.5,0.57,8938,14549,47.21732470703125,3,🎲末日結算 🚨異常掃貨 🆕新倉暴量 🚬菸屁股,GAMBLE,7
IREN,2026-03-20,53.0,0.15,934,11064,92.9688203125,3,🎲末日結算 🚨異常掃貨 🆕新倉暴量 🚬菸屁股,GAMBLE,7
NBIS,2026-03-20,150.0,0.58,5705,7112,89.74619628906248,3,🎲末日結算 🚨異常掃貨 🆕新倉暴量 🚬菸屁股,GAMBLE,7
GOOG,2026-03-20,325.0,0.08,5340,6868,27.539787109375,3,🎲末日結算 🚨異常掃貨 🆕新倉暴量 🚬菸屁股,GAMBLE,7
IREN,2026-03-20,51.0,0.32,1168,6826,94.33599414062499,3,🎲末日結算 🚨異常掃貨 🆕新倉暴量 🚬菸屁股,GAMBLE,7
IONQ,2026-03-20,37.0,0.23,858,4305,84.76577734374999,3,🎲末日結算 🚨異常掃貨 🆕新倉暴量 🚬菸屁股,GAMBLE,7
SMR,2026-03-20,13.5,0.12,1524,4057,97.6562734375,3,🎲末日結算 🚨異常掃貨 🆕新倉暴量 🚬菸屁股,GAMBLE,7
HOOD,2026-03-20,81.0,0.45,1049,3580,61.133201171875015,3,🎲末日結算 🚨異常掃貨 🚀點火(3.1x) 🚬菸屁股,GAMBLE,7
SMCI,2026-03-20,32.5,0.75,1723,3177,69.82452050781251,3,🎲末日結算 🚨異常掃貨 🆕新倉暴量 🚬菸屁股,GAMBLE,7
UPST,2026-03-20,30.0,0.28,1566,3145,77.929908203125,3,🎲末日結算 🚨異常掃貨 🆕新倉暴量 🚬菸屁股,GAMBLE,7
SMCI,2026-03-20,34.5,0.24,1290,2763,68.555001953125,3,🎲末日結算 🚨異常掃貨 🆕新倉暴量 🚬菸屁股,GAMBLE,7
ACHR,2026-03-20,6.0,0.29,1623,2758,81.2501875,3,🎲末日結算 🚨異常掃貨 🆕新倉暴量 🚬菸屁股,GAMBLE,7
IREN,2026-03-20,52.0,0.24,821,2347,91.992267578125,3,🎲末日結算 🚨異常掃貨 🆕新倉暴量 🚬菸屁股,GAMBLE,7
IONQ,2026-03-20,36.0,0.42,851,2105,84.76577734374999,3,🎲末日結算 🚨異常掃貨 🆕新倉暴量 🚬菸屁股,GAMBLE,7
HOOD,2026-03-20,84.0,0.15,1155,1967,60.937890625000016,3,🎲末日結算 🚨異常掃貨 🆕新倉暴量 🚬菸屁股,GAMBLE,7
RKLB,2026-03-20,77.0,0.95,953,1947,84.57046679687498,3,🎲末日結算 🚨異常掃貨 🆕新倉暴量 🚬菸屁股,GAMBLE,7
HIMS,2026-03-20,25.5,0.86,1073,1679,96.87503124999999,3,🎲末日結算 🚨異常掃貨 🆕新倉暴量 🚬菸屁股,GAMBLE,7
CRWV,2026-03-20,96.0,0.7,830,1081,90.62509374999999,3,🎲末日結算 🚨異常掃貨 🆕新倉暴量 🚬菸屁股,GAMBLE,7
TSLA,2026-03-20,390.0,11.0,5170,47959,43.140217041015624,3,🎲末日結算 🚨異常掃貨 🆕新倉暴量,GAMBLE,6
SOFI,2026-03-20,19.0,0.15,63167,45229,71.48466015625,3,🎲末日結算 🚀點火(4.4x) 🚬菸屁股 🔥萬人塚,GAMBLE,6
TSLA,2026-03-20,720.0,0.01,45010,43036,143.75028125,3,🎲末日結算 🆕新倉暴量 🚬菸屁股 🔥萬人塚,GAMBLE,6
IBIT,2026-03-20,45.0,0.12,81422,24013,49.805189453125,3,🎲末日結算 🚀點火(2.9x) 🚬菸屁股 🔥萬人塚,GAMBLE,6
PLTR,2026-03-20,160.0,0.97,41174,21983,47.7544287109375,3,🎲末日結算 🆕新倉暴量 🚬菸屁股 🔥萬人塚,GAMBLE,6
NVDA,2026-03-20,197.5,0.21,32954,21563,40.57676611328125,3,🎲末日結算 🆕新倉暴量 🚬菸屁股 🔥萬人塚,GAMBLE,6
NVDA,2026-03-20,205.0,0.07,51319,19379,46.87553125,3,🎲末日結算 🚀點火(2.8x) 🚬菸屁股 🔥萬人塚,GAMBLE,6
HIMS,2026-03-20,25.0,1.05,11519,17411,93.945373046875,3,🎲末日結算 🚨異常掃貨 🆕新倉暴量,GAMBLE,6
IBIT,2026-03-20,50.0,0.02,80518,15482,67.18782812500001,3,🎲末日結算 🚀點火(5.5x) 🚬菸屁股 🔥萬人塚,GAMBLE,6
AAPL,2026-03-20,255.0,2.08,10232,13693,25.69654382324219,3,🎲末日結算 🚨異常掃貨 🆕新倉暴量,GAMBLE,6
SMCI,2026-03-20,34.0,0.31,34636,12907,68.94562304687501,3,🎲末日結算 🚀點火(6.0x) 🚬菸屁股 🔥萬人塚,GAMBLE,6
HOOD,2026-03-20,77.0,1.56,1539,11888,64.1605146484375,3,🎲末日結算 🚨異常掃貨 🚀點火(5.7x),GAMBLE,6
NBIS,2026-03-20,130.0,5.49,4017,10619,91.94343994140624,3,🎲末日結算 🚨異常掃貨 🆕新倉暴量,GAMBLE,6
IBIT,2026-03-20,42.0,0.94,32696,9826,49.5122236328125,3,🎲末日結算 🆕新倉暴量 🚬菸屁股 🔥萬人塚,GAMBLE,6
SMCI,2026-03-20,32.0,0.98,33521,8772,70.312796875,3,🎲末日結算 🚀點火(2.7x) 🚬菸屁股 🔥萬人塚,GAMBLE,6
NVDA,2026-05-15,270.0,0.11,17280,8064,40.5279384765625,59,🚀點火(104.7x) 🚬菸屁股,BUY_WATCH,6
SOFI,2026-03-20,17.0,1.03,4938,7668,82.81267187499999,3,🎲末日結算 🚨異常掃貨 🚀點火(5.8x),GAMBLE,6
MSFT,2026-03-20,405.0,2.55,5687,6915,25.012956909179685,3,🎲末日結算 🚨異常掃貨 🆕新倉暴量,GAMBLE,6
HIMS,2026-03-20,24.0,1.6,4218,6255,95.01958105468748,3,🎲末日結算 🚨異常掃貨 🆕新倉暴量,GAMBLE,6
SOFI,2026-03-20,25.0,0.01,34083,6086,134.37532812499998,3,🎲末日結算 🚀點火(7.6x) 🚬菸屁股 🔥萬人塚,GAMBLE,6
NVDA,2026-03-20,240.0,0.01,56587,6002,75.00025000000001,3,🎲末日結算 🚀點火(8.3x) 🚬菸屁股 🔥萬人塚,GAMBLE,6
NBIS,2026-03-20,140.0,1.98,3195,5746,90.1368173828125,3,🎲末日結算 🚨異常掃貨 🚀點火(2.6x),GAMBLE,6
NBIS,2026-03-20,135.0,3.4,1760,5410,91.08895629882812,3,🎲末日結算 🚨異常掃貨 🆕新倉暴量,GAMBLE,6
RKLB,2026-03-20,72.0,2.63,3309,4920,87.695435546875,3,🎲末日結算 🚨異常掃貨 🆕新倉暴量,GAMBLE,6
IREN,2026-03-20,47.0,1.19,2627,4371,97.75392871093752,3,🎲末日結算 🚨異常掃貨 🆕新倉暴量,GAMBLE,6
NVDA,2027-01-15,310.0,4.3,5768,3769,44.09845941162109,304,🚀點火(71.1x) 🔭LEAPS,BUY_WATCH,6
NVDA,2026-05-15,290.0,0.08,6234,3131,43.945873046875,59,🚀點火(34.8x) 🚬菸屁股,BUY_WATCH,6
SMCI,2027-01-15,40.0,5.87,17157,2787,72.97390307617188,304,🚀點火(4.5x) 🔭LEAPS,BUY_WATCH,6
OPEN,2028-01-21,15.0,1.45,9046,2620,105.12742749023438,675,🚀點火(8.3x) 🔭LEAPS,BUY_WATCH,6
AAPL,2026-04-17,290.0,0.25,16698,2597,24.805439453125,31,🚀點火(3.1x) 🚬菸屁股,BUY_WATCH,6
SMCI,2027-01-15,45.0,4.75,8109,2549,72.43679907226561,304,🚀點火(4.7x) 🔭LEAPS,BUY_WATCH,6
IBIT,2026-03-20,48.0,0.04,30233,2295,60.547269531250016,3,🎲末日結算 🚀點火(3.3x) 🚬菸屁股 🔥萬人塚,GAMBLE,6
SMCI,2027-01-15,35.0,7.44,7492,2261,74.18238708496092,304,🚀點火(4.3x) 🔭LEAPS,BUY_WATCH,6
HOOD,2026-03-20,76.0,1.99,1244,2244,65.62534375000001,3,🎲末日結算 🚨異常掃貨 🆕新倉暴量,GAMBLE,6
HOOD,2026-03-20,74.0,3.1,1846,2242,67.773759765625,3,🎲末日結算 🚨異常掃貨 🆕新倉暴量,GAMBLE,6
HIMS,2026-03-20,24.5,1.32,1081,2233,94.14068359375,3,🎲末日結算 🚨異常掃貨 🆕新倉暴量,GAMBLE,6
SMCI,2026-03-20,29.0,3.25,866,2154,86.132951171875,3,🎲末日結算 🚨異常掃貨 🆕新倉暴量,GAMBLE,6
PATH,2027-01-15,25.0,0.83,14186,2035,77.24632128906251,304,🚀點火(13.6x) 🔭LEAPS,BUY_WATCH,6
TSLA,2026-04-17,550.0,0.21,7385,2033,47.02201416015625,31,🚀點火(5.9x) 🚬菸屁股,BUY_WATCH,6
NBIS,2026-03-20,145.0,1.13,1135,1888,89.3555751953125,3,🎲末日結算 🚨異常掃貨 🆕新倉暴量,GAMBLE,6
ASTS,2026-03-20,93.0,2.46,1078,1830,101.02588549804685,3,🎲末日結算 🚨異常掃貨 🚀點火(4.2x),GAMBLE,6
RKLB,2026-03-20,76.0,1.15,906,1748,84.76577734374999,3,🎲末日結算 🚨異常掃貨 🆕新倉暴量,GAMBLE,6
SMR,2027-01-15,20.0,2.59,7739,1713,104.44383715820314,304,🚀點火(7.8x) 🔭LEAPS,BUY_WATCH,6
IREN,2026-03-20,44.5,2.35,771,1659,101.27002490234376,3,🎲末日結算 🚨異常掃貨 🆕新倉暴量,GAMBLE,6
AAPL,2026-04-17,325.0,0.04,6974,1559,32.813171874999995,31,🚀點火(519.7x) 🚬菸屁股,BUY_WATCH,6
HOOD,2026-05-15,150.0,0.1,4607,1514,74.804939453125,59,🚀點火(75.7x) 🚬菸屁股,BUY_WATCH,6
XYZ,2026-03-20,61.0,1.07,960,1513,51.8559501953125,3,🎲末日結算 🚨異常掃貨 🆕新倉暴量,GAMBLE,6
OPEN,2027-01-15,10.0,0.81,24077,1474,97.26565234374999,304,🚀點火(14.5x) 🔭LEAPS,BUY_WATCH,6
IREN,2026-03-20,47.5,1.04,923,1472,95.89847851562499,3,🎲末日結算 🚨異常掃貨 🆕新倉暴量,GAMBLE,6
SMCI,2026-04-17,45.0,0.16,2524,1465,68.94562304687501,31,🚀點火(32.6x) 🚬菸屁股,BUY_WATCH,6
OPEN,2027-01-15,7.0,1.25,27460,1321,96.48441015625,304,🚀點火(4.0x) 🔭LEAPS,BUY_WATCH,6
JOBY,2026-04-17,10.0,0.8,5151,1321,75.97680273437501,31,🚀點火(8.8x) 🚬菸屁股,BUY_WATCH,6
IREN,2026-05-15,85.0,0.63,2870,1207,100.09815576171874,59,🚀點火(92.8x) 🚬菸屁股,BUY_WATCH,6
CRWV,2026-03-20,89.0,2.42,922,1140,90.57626611328125,3,🎲末日結算 🚨異常掃貨 🆕新倉暴量,GAMBLE,6
JOBY,2026-04-17,12.0,0.25,4524,1105,75.00025000000001,31,🚀點火(4.1x) 🚬菸屁股,BUY_WATCH,6
PLTR,2027-01-15,200.0,17.8,11114,1077,57.97466342163086,304,🚀點火(4.8x) 🔭LEAPS,BUY_WATCH,6
HIMS,2027-01-15,30.0,7.59,4137,1072,102.42968707275392,304,🚀點火(2.8x) 🔭LEAPS,BUY_WATCH,6
PATH,2027-01-15,17.0,1.74,17995,1056,76.61156201171876,304,🚀點火(8.7x) 🔭LEAPS,BUY_WATCH,6
PATH,2027-01-15,22.0,1.1,8193,1005,76.31859619140626,304,🚀點火(17.6x) 🔭LEAPS,BUY_WATCH,6
IBIT,2026-05-15,55.0,0.41,16942,966,50.29346582031251,59,🚀點火(5.4x) 🚬菸屁股,BUY_WATCH,6
OPEN,2026-05-15,8.0,0.2,13266,944,98.04689453125,59,🚀點火(4.7x) 🚬菸屁股,BUY_WATCH,6
SMR,2026-04-17,15.0,0.5,3867,915,97.070341796875,31,🚀點火(5.8x) 🚬菸屁股,BUY_WATCH,6
SOFI,2026-05-15,22.0,0.59,5401,909,65.23472265625001,59,🚀點火(3.0x) 🚬菸屁股,BUY_WATCH,6
JOBY,2026-04-17,11.0,0.45,6671,885,75.00025000000001,31,🚀點火(6.8x) 🚬菸屁股,BUY_WATCH,6
NVDA,2027-01-15,190.0,29.6,24002,839,48.703515899658214,304,🚀點火(6.9x) 🔭LEAPS,BUY_WATCH,6
TSLA,2026-04-17,990.0,0.02,22195,803,89.84385156249999,31,🚀點火(3.7x) 🚬菸屁股,BUY_WATCH,6
NVDA,2028-01-21,310.0,18.55,6122,779,48.88204194641114,675,🚀點火(9.7x) 🔭LEAPS,BUY_WATCH,6
SMR,2026-05-15,45.0,0.07,1105,742,146.875265625,59,🆕新倉暴量 🚬菸屁股,BUY_WATCH,6
CRWV,2027-01-15,200.0,7.05,5899,741,85.22963989257812,304,🚀點火(370.5x) 🔭LEAPS,BUY_WATCH,6
IONQ,2028-01-21,120.0,5.45,1044,735,91.27205993652343,675,🚀點火(6.7x) 🔭LEAPS,BUY_WATCH,6
SMCI,2027-01-15,50.0,3.8,12131,713,72.68093725585938,304,🚀點火(6.6x) 🔭LEAPS,BUY_WATCH,6
SMCI,2026-04-17,40.0,0.47,5840,659,67.48079394531253,31,🚀點火(3.2x) 🚬菸屁股,BUY_WATCH,6
AMD,2026-04-17,300.0,0.1,6414,649,57.51995605468749,31,🚀點火(6.2x) 🚬菸屁股,BUY_WATCH,6
PATH,2026-08-21,18.0,0.75,16911,635,75.2932158203125,157,🚀點火(7.3x) 🚬菸屁股,BUY_WATCH,6
ONDS,2027-01-15,12.0,3.53,15473,627,106.10398510742188,304,🚀點火(2.8x) 🔭LEAPS,BUY_WATCH,6
ACHR,2026-04-17,9.0,0.06,9423,573,83.59391406249999,31,🚀點火(2.5x) 🚬菸屁股,BUY_WATCH,6
IBIT,2026-04-17,49.0,0.44,6791,572,48.04739453125,31,🚀點火(3.0x) 🚬菸屁股,BUY_WATCH,6
AAPL,2027-01-15,320.0,7.0,23791,566,28.0158565673828,304,🚀點火(7.1x) 🔭LEAPS,BUY_WATCH,6
SOFI,2028-06-16,47.0,2.5,6803,557,68.48176049804688,822,🚀點火(3.1x) 🔭LEAPS,BUY_WATCH,6
NVDA,2028-01-21,200.0,44.5,23855,554,51.57671714782715,675,🚀點火(10.7x) 🔭LEAPS,BUY_WATCH,6
IBIT,2027-01-15,140.0,0.25,25731,537,61.81678808593751,304,🚀點火(4.1x) 🔭LEAPS,BUY_WATCH,6
NVDA,2028-01-21,210.0,41.2,8235,517,51.06555282592774,675,🚀點火(27.2x) 🔭LEAPS,BUY_WATCH,6
ONDS,2028-01-21,10.0,5.68,7418,497,104.73680444335938,675,🚀點火(3.8x) 🔭LEAPS,BUY_WATCH,6
SOFI,2026-07-17,30.0,0.32,6398,491,65.33237792968751,122,🚀點火(3.0x) 🚬菸屁股,BUY_WATCH,6
JOBY,2028-01-21,15.0,3.25,5173,485,86.40150317382812,675,🚀點火(11.8x) 🔭LEAPS,BUY_WATCH,6
TSLA,2026-05-15,700.0,0.22,8896,455,54.883263671875014,59,🚀點火(227.5x) 🚬菸屁股,BUY_WATCH,6
SOFI,2026-04-17,29.0,0.03,7610,451,78.9064609375,31,🚀點火(150.3x) 🚬菸屁股,BUY_WATCH,6
SMCI,2027-01-15,30.0,9.35,5086,450,76.22094091796876,304,🚀點火(7.4x) 🔭LEAPS,BUY_WATCH,6
XYZ,2027-01-15,65.0,10.44,946,443,57.41009387207032,304,🚀點火(13.4x) 🔭LEAPS,BUY_WATCH,6
SOFI,2026-05-15,30.0,0.09,13337,431,72.07059179687501,59,🚀點火(5.3x) 🚬菸屁股,BUY_WATCH,6
SOFI,2026-08-21,27.0,0.8,2041,424,68.60382958984376,157,🚀點火(4.6x) 🚬菸屁股,BUY_WATCH,6
JOBY,2026-04-17,13.0,0.13,4023,397,75.7814921875,31,🚀點火(30.5x) 🚬菸屁股,BUY_WATCH,6
PLTR,2026-04-17,220.0,0.08,6017,393,51.6606396484375,31,🚀點火(6.2x) 🚬菸屁股,BUY_WATCH,6
MSFT,2027-01-15,430.0,36.45,5298,389,33.42351733398438,304,🚀點火(3.0x) 🔭LEAPS,BUY_WATCH,6
SMCI,2026-04-17,39.0,0.67,1391,379,67.18782812500001,31,🚀點火(7.9x) 🚬菸屁股,BUY_WATCH,6
JOBY,2026-04-17,15.0,0.06,6833,377,87.10950390625,31,🚀點火(6.5x) 🚬菸屁股,BUY_WATCH,6
PATH,2026-05-15,16.0,0.28,8799,355,73.04714453125,59,🚀點火(12.7x) 🚬菸屁股,BUY_WATCH,6
JOBY,2027-01-15,25.0,0.55,3491,355,83.25212060546873,304,🚀點火(29.6x) 🔭LEAPS,BUY_WATCH,6
OPEN,2026-08-21,7.0,0.76,7913,353,95.70316796875,157,🚀點火(44.1x) 🚬菸屁股,BUY_WATCH,6
RKLB,2026-04-17,105.0,0.63,2842,339,82.81267187499999,31,🚀點火(13.0x) 🚬菸屁股,BUY_WATCH,6
SMCI,2026-04-17,38.0,0.74,1465,324,66.65072412109377,31,🚀點火(2.9x) 🚬菸屁股,BUY_WATCH,6
HOOD,2026-04-17,125.0,0.03,3277,320,67.57844921875001,31,🚀點火(7.4x) 🚬菸屁股,BUY_WATCH,6
OPEN,2026-08-21,9.0,0.45,1909,319,97.460962890625,157,🚀點火(319.0x) 🚬菸屁股,BUY_WATCH,6
TDOC,2026-04-17,6.0,0.24,2907,316,73.82838671875,31,🚀點火(5.1x) 🚬菸屁股,BUY_WATCH,6
OKLO,2026-04-17,85.0,0.95,1177,303,92.13875048828125,31,🚀點火(8.7x) 🚬菸屁股,BUY_WATCH,6
SOFI,2028-06-16,18.0,7.45,3759,278,75.586181640625,822,🚀點火(5.7x) 🔭LEAPS,BUY_WATCH,6
PLTR,2027-01-15,150.0,34.83,8980,273,61.426166992187504,304,🚀點火(2.8x) 🔭LEAPS,BUY_WATCH,6
SOFI,2026-08-21,26.0,0.93,1209,273,66.06479248046875,157,🚀點火(8.3x) 🚬菸屁股,BUY_WATCH,6
CRWV,2026-04-17,130.0,0.48,23640,270,82.0314296875,31,🚀點火(3.0x) 🚬菸屁股,BUY_WATCH,6
SMCI,2026-07-17,60.0,0.61,1209,251,74.60962890625001,122,🚀點火(125.5x) 🚬菸屁股,BUY_WATCH,6
NVDA,2026-03-20,250.0,0.01,66770,247,84.37515624999999,3,🎲末日結算 🚀點火(3.1x) 🚬菸屁股 🔥萬人塚,GAMBLE,6
SOFI,2028-06-16,27.0,5.1,2800,246,71.31376342773439,822,🚀點火(12.3x) 🔭LEAPS,BUY_WATCH,6
MSFT,2027-01-15,575.0,6.13,26113,238,30.753255950927727,304,🚀點火(8.2x) 🔭LEAPS,BUY_WATCH,6
ACHR,2026-07-17,9.0,0.42,1583,238,80.4689453125,122,🚀點火(11.9x) 🚬菸屁股,BUY_WATCH,6
JOBY,2027-01-15,7.0,4.24,6822,233,84.81460498046874,304,🚀點火(7.8x) 🔭LEAPS,BUY_WATCH,6
ACHR,2026-04-17,11.0,0.02,7338,229,100.78174609374999,31,🚀點火(229.0x) 🚬菸屁股,BUY_WATCH,6
SMCI,2026-05-15,60.0,0.17,18864,227,82.42205078125,59,🚀點火(8.1x) 🚬菸屁股,BUY_WATCH,6
PATH,2026-08-21,20.0,0.53,3895,225,76.367423828125,157,🚀點火(4.9x) 🚬菸屁股,BUY_WATCH,6
IBIT,2028-01-21,50.0,11.49,6536,221,62.82996154785157,675,🚀點火(4.0x) 🔭LEAPS,BUY_WATCH,6
IBIT,2027-01-15,75.0,1.57,13345,219,53.613745117187506,304,🚀點火(7.1x) 🔭LEAPS,BUY_WATCH,6
SMCI,2026-04-17,37.0,0.93,1270,219,66.94368994140626,31,🚀點火(3.8x) 🚬菸屁股,BUY_WATCH,6
HIMS,2027-01-15,50.0,4.17,13050,213,102.83251708984378,304,🚀點火(4.2x) 🔭LEAPS,BUY_WATCH,6
JOBY,2027-01-15,17.0,1.17,5384,213,82.0314296875,304,🚀點火(5.1x) 🔭LEAPS,BUY_WATCH,6
IREN,2027-01-15,75.0,8.52,2631,210,96.0815821533203,304,🚀點火(3.1x) 🔭LEAPS,BUY_WATCH,6
AAPL,2027-01-15,240.0,37.9,8502,209,35.23013989257812,304,🚀點火(20.9x) 🔭LEAPS,BUY_WATCH,6
IBIT,2027-01-15,80.0,1.23,26003,201,53.467262207031254,304,🚀點火(6.5x) 🔭LEAPS,BUY_WATCH,6
DKNG,2027-01-15,42.0,1.33,1488,200,58.42326733398438,304,🚀點火(20.0x) 🔭LEAPS,BUY_WATCH,6
NVDA,2028-01-21,185.0,50.7,12151,194,52.50444224548338,675,🚀點火(4.6x) 🔭LEAPS,BUY_WATCH,6
IONQ,2026-04-17,45.0,0.65,5465,185,85.1563984375,31,🚀點火(3.1x) 🚬菸屁股,BUY_WATCH,6
HIMS,2028-01-21,30.0,11.77,2571,181,102.93017285156252,675,🚀點火(5.5x) 🔭LEAPS,BUY_WATCH,6
SMR,2026-04-17,16.0,0.34,1035,180,99.2187578125,31,🚀點火(5.5x) 🚬菸屁股,BUY_WATCH,6
IBIT,2026-04-17,51.0,0.28,12665,179,48.92629199218751,31,🚀點火(3.7x) 🚬菸屁股,BUY_WATCH,6
SMR,2026-04-17,14.0,0.75,874,177,98.04689453125,31,🚀點火(4.4x) 🚬菸屁股,BUY_WATCH,6
SOFI,2026-04-17,35.0,0.02,10649,175,100.78174609374999,31,🚀點火(35.0x) 🚬菸屁股,BUY_WATCH,6
ACHR,2026-07-17,10.0,0.29,3160,173,82.42205078125,122,🚀點火(3.3x) 🚬菸屁股,BUY_WATCH,6
IONQ,2026-04-17,55.0,0.18,4120,172,92.38288867187501,31,🚀點火(17.2x) 🚬菸屁股,BUY_WATCH,6
OKLO,2027-01-15,100.0,10.02,1197,171,91.04623211669922,304,🚀點火(24.4x) 🔭LEAPS,BUY_WATCH,6
U,2026-04-17,30.0,0.13,1507,164,85.35170898437501,31,🚀點火(5.9x) 🚬菸屁股,BUY_WATCH,6
OKLO,2026-04-17,90.0,0.62,1628,159,92.4805439453125,31,🚀點火(2.7x) 🚬菸屁股,BUY_WATCH,6
SMCI,2028-01-21,50.0,8.1,2150,158,74.21290435791015,675,🚀點火(17.6x) 🔭LEAPS,BUY_WATCH,6
CRWV,2026-04-17,125.0,0.74,1595,155,81.59198095703124,31,🚀點火(3.2x) 🚬菸屁股,BUY_WATCH,6
SOFI,2028-01-21,42.0,2.34,8449,153,69.38507177734375,675,🚀點火(76.5x) 🔭LEAPS,BUY_WATCH,6
HOOD,2027-01-15,115.0,7.9,2426,153,65.60092993164064,304,🚀點火(3.5x) 🔭LEAPS,BUY_WATCH,6
ONDS,2027-01-15,22.0,1.73,2247,148,104.19969775390628,304,🚀點火(2.6x) 🔭LEAPS,BUY_WATCH,6
HIMS,2026-05-15,45.0,0.86,1259,147,120.70352148437497,59,🚀點火(3.3x) 🚬菸屁股,BUY_WATCH,6
SMR,2026-05-15,17.0,0.72,1113,147,103.22314013671878,59,🚀點火(6.7x) 🚬菸屁股,BUY_WATCH,6
SOFI,2027-01-15,37.0,0.81,3175,144,66.60189648437502,304,🚀點火(3.7x) 🔭LEAPS,BUY_WATCH,6
TDOC,2026-07-17,7.0,0.49,7387,143,75.09790527343749,122,🚀點火(7.2x) 🚬菸屁股,BUY_WATCH,6
OPEN,2026-08-21,6.0,0.99,2198,143,95.507857421875,157,🚀點火(3.2x) 🚬菸屁股,BUY_WATCH,6
ACHR,2026-07-17,12.0,0.15,1626,140,85.54701953125,122,🚀點火(8.8x) 🚬菸屁股,BUY_WATCH,6
OPEN,2028-01-21,5.0,2.7,6737,137,106.15281298828126,675,🚀點火(2.6x) 🔭LEAPS,BUY_WATCH,6
XYZ,2026-04-17,75.0,0.29,1748,136,49.414568359375004,31,🚀點火(2.6x) 🚬菸屁股,BUY_WATCH,6
OPEN,2026-05-15,16.0,0.02,19209,136,128.125359375,59,🚀點火(11.3x) 🚬菸屁股,BUY_WATCH,6
SMR,2028-01-21,15.0,5.79,3193,136,108.27682580566406,675,🚀點火(9.1x) 🔭LEAPS,BUY_WATCH,6
HOOD,2026-05-15,115.0,0.61,2775,135,65.820654296875,59,🚀點火(2.6x) 🚬菸屁股,BUY_WATCH,6
OPEN,2026-05-15,11.0,0.06,3041,134,106.25046875000001,59,🚀點火(13.4x) 🚬菸屁股,BUY_WATCH,6
IONQ,2026-04-17,60.0,0.1,2812,130,94.92192578125,31,🚀點火(4.8x) 🚬菸屁股,BUY_WATCH,6
RKLB,2027-01-15,130.0,9.19,2159,127,85.87660607910156,304,🚀點火(42.3x) 🔭LEAPS,BUY_WATCH,6
GOOG,2026-04-17,360.0,0.2,5576,126,27.393304199218747,31,🚀點火(3.7x) 🚬菸屁股,BUY_WATCH,6
PLTR,2028-01-21,200.0,36.64,6618,123,61.53145158386231,675,🚀點火(2.9x) 🔭LEAPS,BUY_WATCH,6
IREN,2026-05-15,80.0,0.81,3182,123,99.023447265625,59,🚀點火(4.7x) 🚬菸屁股,BUY_WATCH,6
OPEN,2028-01-21,12.0,1.68,2916,120,115.234798828125,675,🚀點火(15.0x) 🔭LEAPS,BUY_WATCH,6
SMR,2027-01-15,22.0,2.33,2113,120,105.76218994140625,304,🚀點火(17.1x) 🔭LEAPS,BUY_WATCH,6
IBIT,2026-05-15,54.0,0.52,5018,118,50.43994873046876,59,🚀點火(14.8x) 🚬菸屁股,BUY_WATCH,6
ONDS,2028-01-21,5.0,7.36,3550,118,105.95750146484377,675,🚀點火(3.8x) 🔭LEAPS,BUY_WATCH,6
SOFI,2028-01-21,47.0,1.88,3037,110,68.04231176757813,675,🚀點火(6.9x) 🔭LEAPS,BUY_WATCH,6
ONDS,2028-01-21,15.0,4.49,3467,110,103.71141894531253,675,🚀點火(3.0x) 🔭LEAPS,BUY_WATCH,6
PATH,2026-05-15,28.0,0.03,8300,109,100.0005,59,🚀點火(12.1x) 🚬菸屁股,BUY_WATCH,6
UPST,2027-01-15,100.0,0.8,6268,107,85.20522607421876,304,🚀點火(9.7x) 🔭LEAPS,BUY_WATCH,6
HOOD,2027-01-15,290.0,0.38,2433,107,69.40948559570313,304,🚀點火(8.9x) 🔭LEAPS,BUY_WATCH,6
UPST,2026-04-17,32.5,0.97,2164,104,72.851833984375,31,🚀點火(3.9x) 🚬菸屁股,BUY_WATCH,6
MSFT,2027-01-15,510.0,14.1,8391,102,31.25526509094238,304,🚀點火(7.3x) 🔭LEAPS,BUY_WATCH,6
NTLA,2027-01-15,15.0,3.99,3427,101,99.26758544921876,304,🚀點火(10.1x) 🔭LEAPS,BUY_WATCH,6
IREN,2026-05-15,100.0,0.25,6164,100,102.93017285156252,59,🚀點火(2.9x) 🚬菸屁股,BUY_WATCH,6
SOFI,2028-01-21,10.0,10.39,891,99,83.22770678710935,675,🚀點火(8.2x) 🔭LEAPS,BUY_WATCH,6
ACHR,2026-04-17,13.0,0.02,4030,98,114.0629296875,31,🚀點火(4.5x) 🚬菸屁股,BUY_WATCH,6
IBIT,2026-05-15,75.0,0.06,13688,95,63.67223828125,59,🚀點火(11.9x) 🚬菸屁股,BUY_WATCH,6
JOBY,2027-01-15,5.0,5.5,8621,88,92.4805439453125,304,🚀點火(3.5x) 🔭LEAPS,BUY_WATCH,6
NTLA,2027-01-15,30.0,1.57,2467,87,97.460962890625,304,🚀點火(5.8x) 🔭LEAPS,BUY_WATCH,6
UPST,2027-01-15,50.0,3.5,2467,85,82.20232641601561,304,🚀點火(5.7x) 🔭LEAPS,BUY_WATCH,6
TDOC,2028-01-21,17.0,0.8,842,82,82.61736132812499,675,🚀點火(82.0x) 🔭LEAPS,BUY_WATCH,6
IONQ,2027-01-15,70.0,3.8,1518,78,90.18564501953125,304,🚀點火(13.0x) 🔭LEAPS,BUY_WATCH,6
TDOC,2028-01-21,7.0,1.9,1578,77,78.51583984375,675,🚀點火(38.5x) 🔭LEAPS,BUY_WATCH,6
SMCI,2027-01-15,42.0,5.27,1727,76,72.98610998535156,304,🚀點火(3.0x) 🔭LEAPS,BUY_WATCH,6
SMR,2026-05-15,20.0,0.41,2494,73,105.85984570312502,59,🚀點火(7.3x) 🚬菸屁股,BUY_WATCH,6
OKLO,2027-01-15,130.0,6.05,1282,72,90.94247338867187,304,🚀點火(72.0x) 🔭LEAPS,BUY_WATCH,6
LUNR,2027-01-15,22.0,5.15,7883,72,102.66161950683595,304,🚀點火(72.0x) 🔭LEAPS,BUY_WATCH,6
CRSP,2026-04-17,65.0,0.4,864,69,68.70148486328127,31,🚀點火(2.7x) 🚬菸屁股,BUY_WATCH,6
PLTR,2027-01-15,410.0,1.48,7344,68,57.39788696289063,304,🚀點火(4.0x) 🔭LEAPS,BUY_WATCH,6
CRWV,2026-04-17,150.0,0.14,2909,68,83.98453515624999,31,🚀點火(68.0x) 🚬菸屁股,BUY_WATCH,6
NVDA,2026-03-20,260.0,0.01,37076,67,93.7500625,3,🎲末日結算 🚀點火(6.1x) 🚬菸屁股 🔥萬人塚,GAMBLE,6
JOBY,2026-07-17,20.0,0.2,1232,65,84.179845703125,122,🚀點火(3.2x) 🚬菸屁股,BUY_WATCH,6
COIN,2027-01-15,880.0,1.21,10054,64,71.80203979492188,304,🚀點火(3.8x) 🔭LEAPS,BUY_WATCH,6
NNE,2026-04-17,32.0,0.25,3170,64,90.72274902343749,31,🚀點火(3.6x) 🚬菸屁股,BUY_WATCH,6
SOFI,2026-04-17,40.0,0.01,2314,63,114.0629296875,31,🚀點火(6.3x) 🚬菸屁股,BUY_WATCH,6
NVDA,2026-04-17,290.0,0.01,6535,62,52.734847656250004,31,🚀點火(5.6x) 🚬菸屁股,BUY_WATCH,6
TSLA,2027-01-15,900.0,5.65,12905,61,53.71750384521485,304,🚀點火(4.1x) 🔭LEAPS,BUY_WATCH,6
IONQ,2027-01-15,75.0,3.29,2795,61,90.30771411132812,304,🚀點火(61.0x) 🔭LEAPS,BUY_WATCH,6
SMR,2027-01-15,50.0,0.76,3685,61,109.08248583984377,304,🚀點火(10.2x) 🔭LEAPS,BUY_WATCH,6
U,2028-01-21,70.0,2.01,1536,60,77.80783911132812,675,🚀點火(12.0x) 🔭LEAPS,BUY_WATCH,6
PATH,2026-05-15,22.0,0.05,6359,60,81.64080859375,59,🚀點火(3.8x) 🚬菸屁股,BUY_WATCH,6
LUNR,2027-01-15,17.0,6.35,3312,60,100.92822973632813,304,🚀點火(5.0x) 🔭LEAPS,BUY_WATCH,6
SOFI,2026-04-17,28.0,0.04,5669,56,77.3439765625,31,🚀點火(2.7x) 🚬菸屁股,BUY_WATCH,6
DKNG,2027-01-15,60.0,0.3,9326,56,55.322712402343754,304,🚀點火(5.6x) 🔭LEAPS,BUY_WATCH,6
HIMS,2026-05-15,55.0,0.5,947,55,126.95349023437497,59,🚀點火(4.2x) 🚬菸屁股,BUY_WATCH,6
SOFI,2026-07-17,27.0,0.49,1278,54,64.30699755859376,122,🚀點火(3.4x) 🚬菸屁股,BUY_WATCH,6
SMCI,2026-05-15,44.0,0.83,1342,53,73.48659326171875,59,🚀點火(7.6x) 🚬菸屁股,BUY_WATCH,6
IONQ,2026-05-15,80.0,0.15,933,53,106.83640332031253,59,🚀點火(53.0x) 🚬菸屁股,BUY_WATCH,6
SOFI,2028-01-21,45.0,2.02,1938,53,67.9934841308594,675,🚀點火(3.1x) 🔭LEAPS,BUY_WATCH,6
U,2027-01-15,45.0,1.3,1200,53,80.20039331054687,304,🚀點火(53.0x) 🔭LEAPS,BUY_WATCH,6
PLTR,2027-01-15,240.0,10.4,6293,52,56.71430004882813,304,🚀點火(3.2x) 🔭LEAPS,BUY_WATCH,6
HOOD,2027-01-15,155.0,3.4,1046,52,64.52672192382812,304,🚀點火(52.0x) 🔭LEAPS,BUY_WATCH,6
TSLA,2027-01-15,650.0,18.35,5327,51,51.94139855957032,304,🚀點火(3.4x) 🔭LEAPS,BUY_WATCH,6
IBIT,2026-03-20,65.0,0.01,38138,51,131.25034374999998,3,🎲末日結算 🚀點火(7.3x) 🚬菸屁股 🔥萬人塚,GAMBLE,6
NVDA,2026-05-15,350.0,0.02,6489,50,53.51608984375,59,🚀點火(5.0x) 🚬菸屁股,BUY_WATCH,6
ZM,2027-01-15,80.0,10.3,1320,47,46.70463452148438,304,🚀點火(9.4x) 🔭LEAPS,BUY_WATCH,6
OPEN,2026-05-15,12.0,0.04,5829,47,113.28168359375002,59,🚀點火(3.6x) 🚬菸屁股,BUY_WATCH,6
HIMS,2028-01-21,35.0,10.35,2100,45,103.21093316650393,675,🚀點火(4.1x) 🔭LEAPS,BUY_WATCH,6
U,2027-01-15,40.0,1.7,13903,44,77.6369423828125,304,🚀點火(8.8x) 🔭LEAPS,BUY_WATCH,6
NNE,2026-04-17,30.0,0.45,1243,44,86.62122753906249,31,🚀點火(4.4x) 🚬菸屁股,BUY_WATCH,6
IBIT,2027-01-15,68.0,2.15,22329,43,53.16208947753906,304,🚀點火(4.8x) 🔭LEAPS,BUY_WATCH,6
U,2026-05-15,30.0,0.49,1574,42,82.91032714843749,59,🚀點火(6.0x) 🚬菸屁股,BUY_WATCH,6
NVDA,2027-01-15,165.0,45.45,7102,41,51.45617391967773,304,🚀點火(4.1x) 🔭LEAPS,BUY_WATCH,6
CRSP,2027-01-15,50.0,11.0,914,41,65.0516190185547,304,🚀點火(4.1x) 🔭LEAPS,BUY_WATCH,6
UPST,2027-01-15,60.0,2.46,1918,38,81.83611914062499,304,🚀點火(6.3x) 🔭LEAPS,BUY_WATCH,6
ONDS,2027-01-15,27.0,1.31,810,38,103.61376318359379,304,🚀點火(19.0x) 🔭LEAPS,BUY_WATCH,6
SMCI,2026-05-15,47.0,0.57,1264,37,73.77955908203124,59,🚀點火(4.6x) 🚬菸屁股,BUY_WATCH,6
IONQ,2028-01-21,60.0,9.81,1505,37,90.71054211425779,675,🚀點火(3.4x) 🔭LEAPS,BUY_WATCH,6
NVDA,2028-01-21,230.0,35.0,10847,36,50.23243127441408,675,🚀點火(5.1x) 🔭LEAPS,BUY_WATCH,6
SMCI,2027-01-15,55.0,3.11,4901,36,72.91286853027343,304,🚀點火(36.0x) 🔭LEAPS,BUY_WATCH,6
IONQ,2027-01-15,100.0,2.01,2548,36,91.74812939453125,304,🚀點火(12.0x) 🔭LEAPS,BUY_WATCH,6
SOFI,2026-05-15,35.0,0.05,7350,36,80.4689453125,59,🚀點火(36.0x) 🚬菸屁股,BUY_WATCH,6
U,2027-01-15,30.0,2.89,5084,33,78.12521875,304,🚀點火(3.3x) 🔭LEAPS,BUY_WATCH,6
LUNR,2027-01-15,12.0,8.8,2435,33,100.92822973632813,304,🚀點火(2.8x) 🔭LEAPS,BUY_WATCH,6
AAPL,2026-03-20,310.0,0.03,36266,32,56.250437500000004,3,🎲末日結算 🚀點火(8.0x) 🚬菸屁股 🔥萬人塚,GAMBLE,6
SMCI,2026-05-15,48.0,0.51,990,32,74.02369726562499,59,🚀點火(4.0x) 🚬菸屁股,BUY_WATCH,6
SMCI,2027-01-15,65.0,2.25,3485,32,73.7307314453125,304,🚀點火(3.2x) 🔭LEAPS,BUY_WATCH,6
IONQ,2027-01-15,45.0,7.56,2081,32,91.77254321289064,304,🚀點火(4.0x) 🔭LEAPS,BUY_WATCH,6
OPEN,2027-01-15,3.0,2.79,1652,31,138.08624707031248,304,🚀點火(2.8x) 🔭LEAPS,BUY_WATCH,6
NVDA,2026-05-15,320.0,0.03,6911,30,49.219257812500004,59,🚀點火(7.5x) 🚬菸屁股,BUY_WATCH,6
XYZ,2026-05-15,80.0,0.78,1519,29,56.49457568359376,59,🚀點火(7.2x) 🚬菸屁股,BUY_WATCH,6
IONQ,2026-04-17,46.0,0.49,840,27,84.66812207031249,31,🚀點火(13.5x) 🚬菸屁股,BUY_WATCH,6
ACHR,2028-01-21,4.0,3.5,1226,27,93.164130859375,675,🚀點火(13.5x) 🔭LEAPS,BUY_WATCH,6
XYZ,2026-05-15,95.0,0.2,1156,26,61.328511718750015,59,🚀點火(5.2x) 🚬菸屁股,BUY_WATCH,6
TSLA,2027-01-15,790.0,9.87,5524,25,52.844709838867196,304,🚀點火(4.2x) 🔭LEAPS,BUY_WATCH,6
XYZ,2027-01-15,80.0,5.9,2046,25,53.149882568359374,304,🚀點火(25.0x) 🔭LEAPS,BUY_WATCH,6
JOBY,2028-01-21,30.0,1.64,1808,25,86.62122753906249,675,🚀點火(12.5x) 🔭LEAPS,BUY_WATCH,6
ZM,2026-04-17,85.0,0.69,923,24,41.211525390625,31,🚀點火(3.0x) 🚬菸屁股,BUY_WATCH,6
SMCI,2027-01-15,31.0,9.04,953,23,75.85473364257813,304,🚀點火(3.8x) 🔭LEAPS,BUY_WATCH,6
SMCI,2028-01-21,40.0,10.32,1523,23,74.84156018066408,675,🚀點火(5.8x) 🔭LEAPS,BUY_WATCH,6
DKNG,2027-01-15,80.0,0.1,857,23,68.84796777343752,304,🚀點火(23.0x) 🔭LEAPS,BUY_WATCH,6
OPEN,2027-01-15,4.0,2.28,2501,23,93.7500625,304,🚀點火(2.9x) 🔭LEAPS,BUY_WATCH,6
CRSP,2027-01-15,80.0,4.2,1226,23,65.89389575195312,304,🚀點火(3.3x) 🔭LEAPS,BUY_WATCH,6
TDOC,2027-01-15,10.0,0.68,8019,22,82.226740234375,304,🚀點火(11.0x) 🔭LEAPS,BUY_WATCH,6
ACHR,2028-01-21,22.0,0.99,1151,22,91.74812939453125,675,🚀點火(3.1x) 🔭LEAPS,BUY_WATCH,6
NNE,2026-04-17,35.0,0.13,1836,22,89.45323046875,31,🚀點火(7.3x) 🚬菸屁股,BUY_WATCH,6
CRWV,2026-04-17,145.0,0.21,823,22,81.2501875,31,🚀點火(7.3x) 🚬菸屁股,BUY_WATCH,6
IONQ,2026-04-17,44.0,0.61,1282,21,84.47281152343749,31,🚀點火(4.2x) 🚬菸屁股,BUY_WATCH,6
LUNR,2027-01-15,37.0,2.8,3246,21,102.3686522216797,304,🚀點火(7.0x) 🔭LEAPS,BUY_WATCH,6
SMR,2026-05-15,22.0,0.26,1632,21,118.1644716796875,59,🚀點火(3.0x) 🚬菸屁股,BUY_WATCH,6
IBIT,2026-05-15,85.0,0.05,8270,20,69.5315546875,59,🚀點火(2.5x) 🚬菸屁股,BUY_WATCH,6
SMCI,2026-05-15,65.0,0.13,3279,20,86.132951171875,59,🚀點火(10.0x) 🚬菸屁股,BUY_WATCH,6
SMCI,2027-01-15,100.0,0.87,3295,20,77.61252856445313,304,🚀點火(5.0x) 🔭LEAPS,BUY_WATCH,6
IONQ,2027-01-15,55.0,5.55,1871,20,90.01474829101561,304,🚀點火(20.0x) 🔭LEAPS,BUY_WATCH,6
SOFI,2028-01-21,27.0,4.25,3637,20,70.0198310546875,675,🚀點火(2.5x) 🔭LEAPS,BUY_WATCH,6
UPST,2027-01-15,45.0,4.3,1214,19,82.53191296386717,304,🚀點火(6.3x) 🔭LEAPS,BUY_WATCH,6
NVDA,2026-04-17,300.0,0.02,11077,18,54.68795312500001,31,🚀點火(18.0x) 🚬菸屁股,BUY_WATCH,6
ACHR,2027-01-15,27.0,0.2,4923,18,96.289099609375,304,🚀點火(9.0x) 🔭LEAPS,BUY_WATCH,6
U,2026-05-15,33.0,0.32,804,17,88.67198828125,59,🚀點火(17.0x) 🚬菸屁股,BUY_WATCH,6
SMR,2026-04-17,19.0,0.13,1036,17,101.5629921875,31,🚀點火(3.4x) 🚬菸屁股,BUY_WATCH,6
IONQ,2026-04-17,90.0,0.04,1528,16,129.6878515625,31,🚀點火(4.0x) 🚬菸屁股,BUY_WATCH,6
U,2028-01-21,45.0,3.6,4177,16,78.06418420410157,675,🚀點火(5.3x) 🔭LEAPS,BUY_WATCH,6
PATH,2026-05-15,24.0,0.04,2945,16,89.062609375,59,🚀點火(4.0x) 🚬菸屁股,BUY_WATCH,6
HOOD,2027-01-15,185.0,1.85,2422,16,64.5511357421875,304,🚀點火(16.0x) 🔭LEAPS,BUY_WATCH,6
XYZ,2027-01-15,85.0,4.95,1809,16,53.88229711914063,304,🚀點火(8.0x) 🔭LEAPS,BUY_WATCH,6
CRSP,2027-01-15,60.0,8.0,777,16,69.90996887207032,304,🚀點火(3.2x) 🔭LEAPS,BUY_WATCH,6
SMCI,2027-01-15,33.0,8.4,1231,15,75.1833536376953,304,🚀點火(5.0x) 🔭LEAPS,BUY_WATCH,6
RKLB,2026-04-17,115.0,0.29,1165,15,91.79695703125,31,🚀點火(5.0x) 🚬菸屁股,BUY_WATCH,6
U,2026-04-17,26.0,0.32,959,15,79.101771484375,31,🚀點火(2.5x) 🚬菸屁股,BUY_WATCH,6
U,2027-01-15,25.0,4.12,3615,15,81.20135986328124,304,🚀點火(7.5x) 🔭LEAPS,BUY_WATCH,6
HOOD,2026-05-15,135.0,0.17,1053,15,66.79720703125001,59,🚀點火(5.0x) 🚬菸屁股,BUY_WATCH,6
ONDS,2028-01-21,17.0,4.05,8474,15,101.22119702148437,675,🚀點火(3.8x) 🔭LEAPS,BUY_WATCH,6
LUNR,2027-01-15,15.0,7.27,4603,15,100.46436486816405,304,🚀點火(2.5x) 🔭LEAPS,BUY_WATCH,6
OKLO,2027-01-15,200.0,2.9,3461,14,91.57723266601563,304,🚀點火(7.0x) 🔭LEAPS,BUY_WATCH,6
HOOD,2027-01-15,190.0,1.7,4069,14,65.94272338867188,304,🚀點火(3.5x) 🔭LEAPS,BUY_WATCH,6
JOBY,2026-04-17,18.0,0.05,6326,14,103.12548437500001,31,🚀點火(2.8x) 🚬菸屁股,BUY_WATCH,6
HIMS,2027-01-15,75.0,2.4,1702,11,104.02880017089848,304,🚀點火(11.0x) 🔭LEAPS,BUY_WATCH,6
ACHR,2028-01-21,3.0,3.98,2136,11,94.8242705078125,675,🚀點火(3.7x) 🔭LEAPS,BUY_WATCH,6
SMR,2027-01-15,45.0,0.87,998,11,112.35395385742186,304,🚀點火(11.0x) 🔭LEAPS,BUY_WATCH,6
TSLA,2027-01-15,710.0,13.5,8329,10,52.31370928955077,304,🚀點火(2.5x) 🔭LEAPS,BUY_WATCH,6
HIMS,2027-01-15,37.0,6.0,800,9,102.3686522216797,304,🚀點火(3.0x) 🔭LEAPS,BUY_WATCH,6
SMCI,2027-01-15,56.0,3.1,1011,8,72.97390307617188,304,🚀點火(4.0x) 🔭LEAPS,BUY_WATCH,6
SMCI,2028-01-21,105.0,3.15,3389,8,75.01245690917968,675,🚀點火(4.0x) 🔭LEAPS,BUY_WATCH,6
IREN,2026-05-15,95.0,0.41,2158,8,104.0043862304688,59,🚀點火(8.0x) 🚬菸屁股,BUY_WATCH,6
PATH,2027-01-15,8.0,5.0,2104,8,83.1056376953125,304,🚀點火(4.0x) 🔭LEAPS,BUY_WATCH,6
XYZ,2027-01-15,90.0,4.1,3282,8,53.73581420898439,304,🚀點火(8.0x) 🔭LEAPS,BUY_WATCH,6
SMR,2027-01-15,32.0,1.4,1029,8,109.08248583984377,304,🚀點火(8.0x) 🔭LEAPS,BUY_WATCH,6
PATH,2028-01-21,5.0,8.0,2080,7,112.109814453125,675,🚀點火(3.5x) 🔭LEAPS,BUY_WATCH,6
HIMS,2028-01-21,65.0,7.0,861,7,100.43995092773437,675,🚀點火(7.0x) 🔭LEAPS,BUY_WATCH,6
SMR,2026-04-17,24.0,0.06,1100,7,111.71919140624999,31,🚀點火(7.0x) 🚬菸屁股,BUY_WATCH,6
SMR,2027-01-15,65.0,0.55,838,6,115.72307763671876,304,🚀點火(6.0x) 🔭LEAPS,BUY_WATCH,6
IONQ,2027-01-15,85.0,2.61,901,5,88.86729882812499,304,🚀點火(5.0x) 🔭LEAPS,BUY_WATCH,6
U,2028-01-21,75.0,1.74,4766,5,76.48949291992189,675,🚀點火(5.0x) 🔭LEAPS,BUY_WATCH,6
PATH,2026-05-15,26.0,0.04,2264,5,89.84385156249999,59,🚀點火(5.0x) 🚬菸屁股,BUY_WATCH,6
HIMS,2028-01-21,60.0,7.45,1018,5,100.17139758300782,675,🚀點火(5.0x) 🔭LEAPS,BUY_WATCH,6
ACHR,2026-04-17,17.0,0.02,2250,5,137.50031249999998,31,🚀點火(5.0x) 🚬菸屁股,BUY_WATCH,6
AMD,2026-05-15,530.0,0.04,9953,4,77.73459765625,59,🚀點火(4.0x) 🚬菸屁股,BUY_WATCH,6
SMCI,2028-01-21,55.0,7.05,774,4,72.59548889160156,675,🚀點火(4.0x) 🔭LEAPS,BUY_WATCH,6
SOFI,2028-06-16,37.0,3.46,1938,4,70.0198310546875,822,🚀點火(4.0x) 🔭LEAPS,BUY_WATCH,6
PATH,2027-01-15,32.0,0.52,937,4,79.1994267578125,304,🚀點火(4.0x) 🔭LEAPS,BUY_WATCH,6
CRSP,2026-04-17,75.0,0.3,972,4,78.4181845703125,31,🚀點火(4.0x) 🚬菸屁股,BUY_WATCH,6
HIMS,2027-01-15,90.0,1.7,3507,4,104.68797656250001,304,🚀點火(4.0x) 🔭LEAPS,BUY_WATCH,6
AAPL,2026-05-15,400.0,0.01,6819,3,37.500625,59,🚀點火(3.0x) 🚬菸屁股,BUY_WATCH,6
OKLO,2027-01-15,140.0,4.95,1124,3,90.88143884277342,304,🚀點火(3.0x) 🔭LEAPS,BUY_WATCH,6
DKNG,2028-01-21,25.0,8.55,3489,3,69.87334814453125,675,🚀點火(3.0x) 🔭LEAPS,BUY_WATCH,6
NTLA,2028-01-21,20.0,5.3,1122,3,93.99420068359376,675,🚀點火(3.0x) 🔭LEAPS,BUY_WATCH,6
JOBY,2027-01-15,40.0,0.25,3487,3,90.429783203125,304,🚀點火(3.0x) 🔭LEAPS,BUY_WATCH,6
SMR,2028-01-21,23.0,4.5,897,3,113.37933935546877,675,🚀點火(3.0x) 🔭LEAPS,BUY_WATCH,6
NVDA,2026-05-15,190.0,9.15,46663,10606,40.7781801147461,59,🚀點火(3.3x) 🔥萬人塚,HOLD,5
NVDA,2026-05-15,200.0,5.52,78974,6896,38.910523010253904,59,🚀點火(3.2x) 🔥萬人塚,HOLD,5
NVDA,2026-03-20,192.5,0.63,27301,38483,39.429316650390625,3,🎲末日結算 🚨異常掃貨 🚬菸屁股,GAMBLE,4
OPEN,2026-03-20,5.0,0.31,17918,19177,89.84385156249999,3,🎲末日結算 🆕新倉暴量 🚬菸屁股,GAMBLE,4
OPEN,2026-03-20,5.5,0.1,14959,17928,87.500125,3,🎲末日結算 🆕新倉暴量 🚬菸屁股,GAMBLE,4
AMD,2026-03-20,210.0,0.8,16150,15746,50.7817421875,3,🎲末日結算 🆕新倉暴量 🚬菸屁股,GAMBLE,4
PLTR,2026-03-20,170.0,0.09,18057,14453,48.242705078125006,3,🎲末日結算 🆕新倉暴量 🚬菸屁股,GAMBLE,4
OPEN,2026-03-20,6.0,0.03,15344,14211,87.500125,3,🎲末日結算 🆕新倉暴量 🚬菸屁股,GAMBLE,4
ONDS,2026-03-20,11.0,0.37,22347,13823,113.28168359375002,3,🎲末日結算 🆕新倉暴量 🚬菸屁股,GAMBLE,4
SOFI,2026-03-20,20.5,0.04,24015,13331,78.12521875,3,🎲末日結算 🆕新倉暴量 🚬菸屁股,GAMBLE,4
TSLA,2026-03-20,430.0,0.24,17971,12904,39.014281738281255,3,🎲末日結算 🆕新倉暴量 🚬菸屁股,GAMBLE,4
HOOD,2026-03-20,80.0,0.63,12452,10602,61.426166992187504,3,🎲末日結算 🆕新倉暴量 🚬菸屁股,GAMBLE,4
TSLA,2026-03-20,425.0,0.42,10741,9821,38.184211914062494,3,🎲末日結算 🆕新倉暴量 🚬菸屁股,GAMBLE,4
IREN,2026-03-20,55.0,0.06,19865,9477,89.84385156249999,3,🎲末日結算 🆕新倉暴量 🚬菸屁股,GAMBLE,4
IREN,2026-03-20,50.0,0.46,24131,8887,95.11723632812499,3,🎲末日結算 🆕新倉暴量 🚬菸屁股,GAMBLE,4
PLTR,2026-03-20,165.0,0.31,21497,8374,47.1684970703125,3,🎲末日結算 🆕新倉暴量 🚬菸屁股,GAMBLE,4
HIMS,2026-03-20,30.0,0.16,16431,8253,118.35978320312499,3,🎲末日結算 🆕新倉暴量 🚬菸屁股,GAMBLE,4
SMCI,2026-03-20,33.0,0.58,12828,8247,68.84796777343752,3,🎲末日結算 🆕新倉暴量 🚬菸屁股,GAMBLE,4
AAPL,2026-03-20,265.0,0.12,16450,8212,23.242955078125,3,🎲末日結算 🆕新倉暴量 🚬菸屁股,GAMBLE,4
NVDA,2026-03-20,202.5,0.1,14386,8122,44.14118359375,3,🎲末日結算 🆕新倉暴量 🚬菸屁股,GAMBLE,4
ONDS,2026-03-20,12.5,0.07,15867,8072,115.625421875,3,🎲末日結算 🆕新倉暴量 🚬菸屁股,GAMBLE,4
HIMS,2026-03-20,28.0,0.32,8594,7718,106.83640332031253,3,🎲末日結算 🆕新倉暴量 🚬菸屁股,GAMBLE,4
SOFI,2026-03-20,17.5,0.71,2047,7392,77.148666015625,3,🎲末日結算 🚨異常掃貨 🚬菸屁股,GAMBLE,4
ONDS,2026-03-20,11.5,0.22,21699,7289,116.79729101562502,3,🎲末日結算 🆕新倉暴量 🚬菸屁股,GAMBLE,4
PATH,2026-03-20,12.0,0.21,12401,7280,72.6565234375,3,🎲末日結算 🆕新倉暴量 🚬菸屁股,GAMBLE,4
IBIT,2026-03-20,53.0,0.01,21882,7276,75.00025000000001,3,🎲末日結算 🆕新倉暴量 🚬菸屁股,GAMBLE,4
AMD,2026-03-20,212.5,0.53,7254,7010,50.879397460937504,3,🎲末日結算 🆕新倉暴量 🚬菸屁股,GAMBLE,4
AMD,2026-03-20,215.0,0.35,6262,7000,50.879397460937504,3,🎲末日結算 🆕新倉暴量 🚬菸屁股,GAMBLE,4
SMCI,2026-03-20,35.0,0.16,27531,6841,69.336244140625,3,🎲末日結算 🆕新倉暴量 🚬菸屁股,GAMBLE,4
HIMS,2026-03-20,26.0,0.72,13715,6453,96.87503124999999,3,🎲末日結算 🆕新倉暴量 🚬菸屁股,GAMBLE,4
GOOG,2026-03-20,330.0,0.04,10463,6378,30.86006640625,3,🎲末日結算 🆕新倉暴量 🚬菸屁股,GAMBLE,4
HOOD,2026-03-20,79.0,0.87,11625,6332,62.305064453125006,3,🎲末日結算 🆕新倉暴量 🚬菸屁股,GAMBLE,4
IBIT,2026-03-20,46.0,0.06,21337,6190,50.39112109375,3,🎲末日結算 🆕新倉暴量 🚬菸屁股,GAMBLE,4
GOOG,2026-03-20,315.0,0.61,5802,6185,25.90406127929688,3,🎲末日結算 🆕新倉暴量 🚬菸屁股,GAMBLE,4
SOFI,2026-03-20,21.0,0.02,23843,5744,82.0314296875,3,🎲末日結算 🆕新倉暴量 🚬菸屁股,GAMBLE,4
HOOD,2026-03-20,85.0,0.12,13087,5516,62.109753906250006,3,🎲末日結算 🆕新倉暴量 🚬菸屁股,GAMBLE,4
ACHR,2026-03-20,6.5,0.08,13453,5217,76.562734375,3,🎲末日結算 🆕新倉暴量 🚬菸屁股,GAMBLE,4
AAPL,2026-03-20,275.0,0.01,25920,5206,29.29758203124999,3,🎲末日結算 🆕新倉暴量 🚬菸屁股,GAMBLE,4
PATH,2026-03-20,12.5,0.09,16199,5058,73.82838671875,3,🎲末日結算 🆕新倉暴量 🚬菸屁股,GAMBLE,4
TSLA,2026-03-20,440.0,0.11,18631,5005,42.4810439453125,3,🎲末日結算 🆕新倉暴量 🚬菸屁股,GAMBLE,4
MSTR,2026-03-20,170.0,0.31,13233,5001,74.90259472656251,3,🎲末日結算 🆕新倉暴量 🚬菸屁股,GAMBLE,4
MSFT,2026-03-20,415.0,0.51,8579,4862,24.317163085937498,3,🎲末日結算 🆕新倉暴量 🚬菸屁股,GAMBLE,4
PATH,2026-03-20,13.5,0.01,4172,4752,73.437765625,3,🎲末日結算 🆕新倉暴量 🚬菸屁股,GAMBLE,4
PLTR,2026-03-20,175.0,0.05,9916,4654,51.562984375,3,🎲末日結算 🆕新倉暴量 🚬菸屁股,GAMBLE,4
AMD,2026-03-20,220.0,0.15,14724,4638,51.758294921875006,3,🎲末日結算 🆕新倉暴量 🚬菸屁股,GAMBLE,4
MSTR,2026-03-20,180.0,0.14,7683,4510,87.500125,3,🎲末日結算 🆕新倉暴量 🚬菸屁股,GAMBLE,4
CRWV,2026-03-20,95.0,0.85,9518,4503,89.11143701171873,3,🎲末日結算 🆕新倉暴量 🚬菸屁股,GAMBLE,4
TSLA,2026-03-20,450.0,0.07,16894,4488,46.680220703125,3,🎲末日結算 🆕新倉暴量 🚬菸屁股,GAMBLE,4
SMCI,2026-03-20,36.0,0.08,9943,4467,72.26590234375,3,🎲末日結算 🆕新倉暴量 🚬菸屁股,GAMBLE,4
PATH,2026-03-20,13.0,0.03,9500,4467,70.312796875,3,🎲末日結算 🆕新倉暴量 🚬菸屁股,GAMBLE,4
TSLA,2026-03-20,417.5,0.96,11862,4283,37.500625,3,🎲末日結算 🆕新倉暴量 🚬菸屁股,GAMBLE,4
GOOG,2026-03-20,320.0,0.2,8275,4013,26.221440917968753,3,🎲末日結算 🆕新倉暴量 🚬菸屁股,GAMBLE,4
RKLB,2026-03-20,80.0,0.44,8603,3890,84.66812207031249,3,🎲末日結算 🆕新倉暴量 🚬菸屁股,GAMBLE,4
MSFT,2026-03-20,420.0,0.21,14532,3874,24.658956542968753,3,🎲末日結算 🆕新倉暴量 🚬菸屁股,GAMBLE,4
HIMS,2026-03-20,27.0,0.46,5132,3745,101.172369140625,3,🎲末日結算 🆕新倉暴量 🚬菸屁股,GAMBLE,4
MSTR,2026-03-20,200.0,0.05,9268,3571,104.68797656250001,3,🎲末日結算 🆕新倉暴量 🚬菸屁股,GAMBLE,4
COIN,2026-03-20,250.0,0.1,8856,3521,78.12521875,3,🎲末日結算 🆕新倉暴量 🚬菸屁股,GAMBLE,4
AMD,2026-03-20,225.0,0.08,9848,3502,53.71140039062501,3,🎲末日結算 🆕新倉暴量 🚬菸屁股,GAMBLE,4
HOOD,2026-03-20,82.0,0.34,5372,3422,61.328511718750015,3,🎲末日結算 🆕新倉暴量 🚬菸屁股,GAMBLE,4
COIN,2026-03-20,230.0,0.68,6117,3342,74.75611181640626,3,🎲末日結算 🆕新倉暴量 🚬菸屁股,GAMBLE,4
IBIT,2026-03-20,43.5,0.38,10911,3339,48.438015625000006,3,🎲末日結算 🆕新倉暴量 🚬菸屁股,GAMBLE,4
PLTR,2026-03-20,167.5,0.17,5627,3327,47.5591181640625,3,🎲末日結算 🆕新倉暴量 🚬菸屁股,GAMBLE,4
NVDA,2026-03-20,212.5,0.03,9166,3197,53.906710937500016,3,🎲末日結算 🆕新倉暴量 🚬菸屁股,GAMBLE,4
IREN,2026-03-20,48.0,0.93,3217,3051,95.99613378906248,3,🎲末日結算 🆕新倉暴量 🚬菸屁股,GAMBLE,4
MSFT,2026-03-20,425.0,0.1,12636,2852,26.074958007812498,3,🎲末日結算 🆕新倉暴量 🚬菸屁股,GAMBLE,4
IBIT,2026-03-20,49.0,0.02,12254,2795,64.8441015625,3,🎲末日結算 🆕新倉暴量 🚬菸屁股,GAMBLE,4
NVDA,2026-03-20,207.5,0.06,11354,2698,50.19581054687501,3,🎲末日結算 🆕新倉暴量 🚬菸屁股,GAMBLE,4
HOOD,2026-03-20,83.0,0.23,6329,2558,60.644924804687506,3,🎲末日結算 🆕新倉暴量 🚬菸屁股,GAMBLE,4
IREN,2026-03-20,49.0,0.67,3064,2465,95.80082324218748,3,🎲末日結算 🆕新倉暴量 🚬菸屁股,GAMBLE,4
NBIS,2026-03-20,155.0,0.3,3028,2463,91.79695703125,3,🎲末日結算 🆕新倉暴量 🚬菸屁股,GAMBLE,4
HOOD,2026-03-20,86.0,0.09,4407,2409,62.500375000000005,3,🎲末日結算 🆕新倉暴量 🚬菸屁股,GAMBLE,4
JOBY,2026-03-20,10.5,0.12,2961,2320,72.26590234375,3,🎲末日結算 🆕新倉暴量 🚬菸屁股,GAMBLE,4
OKLO,2026-03-20,70.0,0.54,3838,2303,117.3832255859375,3,🎲末日結算 🆕新倉暴量 🚬菸屁股,GAMBLE,4
DKNG,2026-03-20,26.0,0.25,2482,2261,53.51608984375,3,🎲末日結算 🆕新倉暴量 🚬菸屁股,GAMBLE,4
SMR,2026-03-20,13.0,0.2,3831,2121,97.6562734375,3,🎲末日結算 🆕新倉暴量 🚬菸屁股,GAMBLE,4
U,2026-03-20,21.0,0.31,2542,2004,81.83611914062499,3,🎲末日結算 🆕新倉暴量 🚬菸屁股,GAMBLE,4
HIMS,2026-03-20,26.5,0.62,2117,1949,102.53954980468751,3,🎲末日結算 🆕新倉暴量 🚬菸屁股,GAMBLE,4
JOBY,2026-03-20,10.0,0.29,3997,1867,77.3439765625,3,🎲末日結算 🆕新倉暴量 🚬菸屁股,GAMBLE,4
JOBY,2026-03-20,11.0,0.04,8871,1815,71.87528125,3,🎲末日結算 🆕新倉暴量 🚬菸屁股,GAMBLE,4
ASTS,2026-03-20,105.0,0.48,5053,1789,104.68797656250001,3,🎲末日結算 🆕新倉暴量 🚬菸屁股,GAMBLE,4
DKNG,2026-03-20,25.0,0.62,7187,1759,57.617611328124994,3,🎲末日結算 🆕新倉暴量 🚬菸屁股,GAMBLE,4
CRWV,2026-03-20,98.0,0.51,2704,1757,91.8946123046875,3,🎲末日結算 🆕新倉暴量 🚬菸屁股,GAMBLE,4
SMCI,2026-03-20,38.0,0.03,6666,1749,78.9064609375,3,🎲末日結算 🆕新倉暴量 🚬菸屁股,GAMBLE,4
SMR,2026-03-20,12.0,0.6,7166,1743,105.46922265625001,3,🎲末日結算 🆕新倉暴量 🚬菸屁股,GAMBLE,4
RKLB,2026-03-20,79.0,0.57,1472,1713,84.179845703125,3,🎲末日結算 🆕新倉暴量 🚬菸屁股,GAMBLE,4
VST,2026-03-20,175.0,0.6,1912,1692,54.78560839843751,3,🎲末日結算 🆕新倉暴量 🚬菸屁股,GAMBLE,4
PATH,2026-03-20,14.0,0.01,6771,1592,75.00025000000001,3,🎲末日結算 🆕新倉暴量 🚬菸屁股,GAMBLE,4
HIMS,2026-03-20,29.0,0.23,2628,1549,113.67230664062502,3,🎲末日結算 🆕新倉暴量 🚬菸屁股,GAMBLE,4
U,2026-03-20,20.0,0.67,2795,1527,82.42205078125,3,🎲末日結算 🆕新倉暴量 🚬菸屁股,GAMBLE,4
RKLB,2026-03-20,85.0,0.12,5093,1352,86.32826171875,3,🎲末日結算 🆕新倉暴量 🚬菸屁股,GAMBLE,4
U,2026-03-20,22.0,0.14,3834,1351,85.35170898437501,3,🎲末日結算 🆕新倉暴量 🚬菸屁股,GAMBLE,4
HIMS,2026-03-20,32.0,0.1,2415,1334,133.59408203124997,3,🎲末日結算 🆕新倉暴量 🚬菸屁股,GAMBLE,4
ASTS,2026-03-20,110.0,0.23,4365,1309,106.44578027343752,3,🎲末日結算 🆕新倉暴量 🚬菸屁股,GAMBLE,4
TDOC,2026-03-20,5.5,0.13,3450,1286,58.5941640625,3,🎲末日結算 🆕新倉暴量 🚬菸屁股,GAMBLE,4
PATH,2026-03-20,11.5,0.44,3048,1269,73.04714453125,3,🎲末日結算 🆕新倉暴量 🚬菸屁股,GAMBLE,4
IREN,2026-03-20,48.5,0.78,1387,1229,95.89847851562499,3,🎲末日結算 🆕新倉暴量 🚬菸屁股,GAMBLE,4
HIMS,2026-03-20,31.0,0.12,3517,1191,125.39099804687498,3,🎲末日結算 🆕新倉暴量 🚬菸屁股,GAMBLE,4
PATH,2026-03-20,11.0,0.77,3722,1021,77.3439765625,3,🎲末日結算 🆕新倉暴量 🚬菸屁股,GAMBLE,4
ACHR,2026-03-20,7.5,0.01,4019,997,103.12548437500001,3,🎲末日結算 🆕新倉暴量 🚬菸屁股,GAMBLE,4
OPEN,2026-03-20,6.5,0.01,4236,992,93.7500625,3,🎲末日結算 🆕新倉暴量 🚬菸屁股,GAMBLE,4
RKLB,2026-03-20,82.0,0.31,963,981,84.57046679687498,3,🎲末日結算 🆕新倉暴量 🚬菸屁股,GAMBLE,4
ONDS,2026-03-20,13.5,0.02,2142,970,118.75040625,3,🎲末日結算 🆕新倉暴量 🚬菸屁股,GAMBLE,4
SMCI,2026-03-20,35.5,0.09,1898,895,69.92217578125,3,🎲末日結算 🆕新倉暴量 🚬菸屁股,GAMBLE,4
IONQ,2026-03-20,38.0,0.15,2093,852,83.98453515624999,3,🎲末日結算 🆕新倉暴量 🚬菸屁股,GAMBLE,4
SMR,2026-03-20,14.0,0.03,3017,802,100.78174609374999,3,🎲末日結算 🆕新倉暴量 🚬菸屁股,GAMBLE,4
CRWV,2026-03-20,101.0,0.36,945,763,93.164130859375,3,🎲末日結算 🆕新倉暴量 🚬菸屁股,GAMBLE,4
U,2026-03-20,21.5,0.21,2722,713,83.20329296874999,3,🎲末日結算 🆕新倉暴量 🚬菸屁股,GAMBLE,4
XYZ,2026-03-20,64.0,0.26,2055,704,51.8559501953125,3,🎲末日結算 🆕新倉暴量 🚬菸屁股,GAMBLE,4
U,2026-03-20,20.5,0.45,2591,645,81.83611914062499,3,🎲末日結算 🆕新倉暴量 🚬菸屁股,GAMBLE,4
HOOD,2026-03-20,89.0,0.13,1930,643,70.70341796875,3,🎲末日結算 🆕新倉暴量 🚬菸屁股,GAMBLE,4
IONQ,2026-03-20,39.0,0.1,1441,626,89.062609375,3,🎲末日結算 🆕新倉暴量 🚬菸屁股,GAMBLE,4
TDOC,2026-03-20,6.5,0.01,1538,588,98.437515625,3,🎲末日結算 🆕新倉暴量 🚬菸屁股,GAMBLE,4
IONQ,2026-03-20,42.0,0.03,1092,550,98.437515625,3,🎲末日結算 🆕新倉暴量 🚬菸屁股,GAMBLE,4
OKLO,2026-03-20,85.0,0.07,2240,541,138.67218164062498,3,🎲末日結算 🆕新倉暴量 🚬菸屁股,GAMBLE,4
DKNG,2026-03-20,27.0,0.08,1036,518,53.51608984375,3,🎲末日結算 🆕新倉暴量 🚬菸屁股,GAMBLE,4
JOBY,2026-03-20,11.5,0.01,1319,512,76.562734375,3,🎲末日結算 🆕新倉暴量 🚬菸屁股,GAMBLE,4
XYZ,2026-03-20,66.0,0.09,1613,500,53.51608984375,3,🎲末日結算 🆕新倉暴量 🚬菸屁股,GAMBLE,4
DKNG,2026-03-20,25.5,0.44,1914,479,55.078574218750006,3,🎲末日結算 🆕新倉暴量 🚬菸屁股,GAMBLE,4
HOOD,2026-03-20,88.0,0.05,993,479,65.62534375000001,3,🎲末日結算 🆕新倉暴量 🚬菸屁股,GAMBLE,4
UPST,2026-03-20,29.0,0.46,1120,451,78.12521875,3,🎲末日結算 🆕新倉暴量 🚬菸屁股,GAMBLE,4
DKNG,2026-03-20,26.5,0.15,1130,417,52.93015820312501,3,🎲末日結算 🆕新倉暴量 🚬菸屁股,GAMBLE,4
KTOS,2026-03-20,100.0,0.6,1831,403,84.76577734374999,3,🎲末日結算 🆕新倉暴量 🚬菸屁股,GAMBLE,4
NVDA,2026-03-20,190.0,1.08,177421,85257,39.91759301757813,3,🎲末日結算 🆕新倉暴量 🔥萬人塚,HOLD,3
SMCI,2026-03-20,30.0,2.26,64877,48732,77.3439765625,3,🎲末日結算 🆕新倉暴量 🔥萬人塚,HOLD,3
NVDA,2026-03-20,187.5,1.79,47897,37941,40.60117993164062,3,🎲末日結算 🆕新倉暴量 🔥萬人塚,HOLD,3
TSLA,2026-03-20,400.0,5.4,14073,29722,39.89317919921875,3,🎲末日結算 🚨異常掃貨,GAMBLE,3
NVDA,2026-03-20,180.0,5.7,63194,19882,46.36284106445313,3,🎲末日結算 🆕新倉暴量 🔥萬人塚,HOLD,3
NVDA,2026-03-20,182.5,4.16,13838,18915,44.26325268554688,3,🎲末日結算 🚨異常掃貨,GAMBLE,3
AMD,2026-03-20,200.0,3.45,12132,16508,54.297332031250015,3,🎲末日結算 🚨異常掃貨,GAMBLE,3
MSFT,2026-03-20,400.0,4.81,9955,14988,26.367923828125,3,🎲末日結算 🚨異常掃貨,GAMBLE,3
IBIT,2026-04-17,45.0,1.26,16231,12710,48.58449853515625,31,🚀點火(3.5x),HOLD,3
AMD,2026-03-20,205.0,1.78,8348,11995,52.02684692382812,3,🎲末日結算 🚨異常掃貨,GAMBLE,3
NVDA,2026-04-17,195.0,3.75,27125,11370,36.84145190429688,31,🆕新倉暴量,HOLD,3
AAPL,2026-05-15,280.0,2.59,9983,9557,26.197027099609375,59,🆕新倉暴量,HOLD,3
NVDA,2026-04-17,210.0,0.95,54960,8353,35.034829345703116,31,🚬菸屁股 🔥萬人塚,HOLD,3
COIN,2026-03-20,220.0,1.72,6863,8351,72.55886816406249,3,🎲末日結算 🚨異常掃貨,GAMBLE,3
HOOD,2026-03-20,78.0,1.17,4537,8196,62.842168457031256,3,🎲末日結算 🚨異常掃貨,GAMBLE,3
PLTR,2026-03-20,150.0,5.3,34139,7698,52.83250292968751,3,🎲末日結算 🆕新倉暴量 🔥萬人塚,HOLD,3
NVDA,2026-04-17,180.0,10.76,26134,7229,41.56552575683594,31,🆕新倉暴量,HOLD,3
HOOD,2026-03-20,75.0,2.51,4956,6780,67.04134521484376,3,🎲末日結算 🚨異常掃貨,GAMBLE,3
NVDA,2026-04-17,220.0,0.37,49608,5984,35.52310571289062,31,🚬菸屁股 🔥萬人塚,HOLD,3
PATH,2026-05-15,15.0,0.38,100021,5971,70.6057626953125,59,🚬菸屁股 🔥萬人塚,HOLD,3
ONDS,2028-01-21,30.0,2.52,46021,5250,98.437515625,675,🔭LEAPS 🔥萬人塚,HOLD,3
HOOD,2026-04-17,80.0,3.85,18040,5166,63.1839619140625,31,🆕新倉暴量,HOLD,3
TSLA,2026-04-17,450.0,3.75,10413,4970,40.43638665771484,31,🆕新倉暴量,HOLD,3
GOOG,2026-04-17,320.0,4.49,8838,4856,28.36985693359374,31,🆕新倉暴量,HOLD,3
AAPL,2026-04-17,260.0,4.86,13505,4384,25.952888916015628,31,🆕新倉暴量,HOLD,3
PLTR,2026-05-15,155.0,13.7,5403,4331,59.07023352050782,59,🆕新倉暴量,HOLD,3
AAPL,2026-04-17,265.0,3.05,7209,4324,24.82374981689453,31,🆕新倉暴量,HOLD,3
HOOD,2026-04-17,90.0,1.27,9693,3776,60.44961425781252,31,🆕新倉暴量,HOLD,3
PLTR,2026-04-17,160.0,5.95,10589,3220,48.73708489990235,31,🆕新倉暴量,HOLD,3
MSFT,2026-04-17,420.0,4.8,10746,3110,25.299819274902347,31,🆕新倉暴量,HOLD,3
IBIT,2026-04-17,44.0,1.62,10551,2936,49.29249926757813,31,🆕新倉暴量,HOLD,3
U,2026-05-15,20.0,2.59,2797,2745,87.2071591796875,59,🆕新倉暴量,HOLD,3
SOFI,2026-04-17,18.0,1.16,4380,2254,63.37927246093751,31,🆕新倉暴量,HOLD,3
OKLO,2026-03-20,60.0,3.18,988,1973,120.06875903320311,3,🎲末日結算 🚨異常掃貨,GAMBLE,3
NVDA,2027-01-15,180.0,34.15,47785,1951,49.731947998046884,304,🔭LEAPS 🔥萬人塚,HOLD,3
ONDS,2026-04-17,11.0,1.26,7903,1851,115.0394873046875,31,🆕新倉暴量,HOLD,3
VST,2026-04-17,175.0,5.1,1969,1771,52.429674926757805,31,🆕新倉暴量,HOLD,3
CRWV,2026-04-17,100.0,3.65,5465,1685,82.54411987304687,31,🆕新倉暴量,HOLD,3
ONDS,2027-01-15,30.0,1.05,48594,1525,104.15086987304689,304,🔭LEAPS 🔥萬人塚,HOLD,3
IREN,2026-04-17,50.0,3.1,7480,1501,92.99323413085938,31,🆕新倉暴量,HOLD,3
TSLA,2027-01-15,960.0,4.45,121312,1413,54.0592973022461,304,🔭LEAPS 🔥萬人塚,HOLD,3
NVDA,2027-01-15,200.0,25.3,92273,1316,47.711704528808596,304,🔭LEAPS 🔥萬人塚,HOLD,3
IREN,2026-04-17,55.0,1.8,3407,1153,90.96688720703125,31,🆕新倉暴量,HOLD,3
IONQ,2026-04-17,40.0,1.22,5728,1147,83.20329296874999,31,🆕新倉暴量,HOLD,3
XYZ,2026-04-17,65.0,1.64,1764,1129,51.17236328125,31,🆕新倉暴量,HOLD,3
SOFI,2027-01-15,30.0,1.41,62435,1105,66.38217211914063,304,🔭LEAPS 🔥萬人塚,HOLD,3
SOFI,2026-05-15,18.0,1.83,4183,1078,69.2385888671875,59,🆕新倉暴量,HOLD,3
ASTS,2026-07-17,180.0,4.15,4551,990,101.09912731933592,122,🆕新倉暴量,HOLD,3
IREN,2026-05-15,55.0,3.88,4007,942,99.43848217773439,59,🆕新倉暴量,HOLD,3
IONQ,2026-04-17,35.0,2.8,1036,861,85.0587431640625,31,🆕新倉暴量,HOLD,3
ASTS,2026-08-21,180.0,5.62,2612,853,101.91699432373046,157,🆕新倉暴量,HOLD,3
SOFI,2027-01-15,25.0,2.24,60892,825,67.04134521484376,304,🔭LEAPS 🔥萬人塚,HOLD,3
SOFI,2027-01-15,20.0,3.6,55382,810,69.48272705078125,304,🔭LEAPS 🔥萬人塚,HOLD,3
MSFT,2027-01-15,625.0,3.45,52362,794,31.012652770996098,304,🔭LEAPS 🔥萬人塚,HOLD,3
IBIT,2027-01-15,50.0,5.62,32629,760,54.68795312500001,304,🔭LEAPS 🔥萬人塚,HOLD,3
AAPL,2027-01-15,300.0,11.3,38830,748,29.038185211181634,304,🔭LEAPS 🔥萬人塚,HOLD,3
CRWV,2026-04-17,115.0,1.45,23413,742,81.93377441406248,31,🚀點火(3.5x),HOLD,3
SMCI,2026-07-17,35.0,4.16,2156,717,72.02176416015625,122,🆕新倉暴量,HOLD,3
PATH,2027-01-15,15.0,2.15,33560,679,75.92797509765626,304,🔭LEAPS 🔥萬人塚,HOLD,3
NBIS,2026-04-17,160.0,4.0,2368,673,83.34977587890623,31,🆕新倉暴量,HOLD,3
NVDA,2026-04-17,230.0,0.17,36667,654,37.25648681640625,31,🚬菸屁股 🔥萬人塚,HOLD,3
SMCI,2026-04-17,36.0,1.11,799,617,66.50424121093752,31,🆕新倉暴量,HOLD,3
IBIT,2027-01-15,60.0,3.3,33182,610,53.686986572265624,304,🔭LEAPS 🔥萬人塚,HOLD,3
ASTS,2026-04-17,110.0,4.0,2227,610,96.72854833984375,31,🆕新倉暴量,HOLD,3
SOFI,2027-01-15,15.0,5.8,32095,587,74.73169799804688,304,🔭LEAPS 🔥萬人塚,HOLD,3
OKLO,2026-04-17,70.0,3.1,1982,580,91.6993017578125,31,🆕新倉暴量,HOLD,3
CRWV,2026-04-17,97.5,4.5,909,574,83.44743115234373,31,🆕新倉暴量,HOLD,3
HIMS,2026-05-15,25.0,4.35,1943,520,107.42233789062503,59,🆕新倉暴量,HOLD,3
IREN,2026-04-17,45.0,5.13,2048,517,96.36234106445312,31,🆕新倉暴量,HOLD,3
UPST,2026-04-17,30.0,1.69,2234,473,73.58424853515625,31,🆕新倉暴量,HOLD,3
NVDA,2027-01-15,230.0,15.6,32321,470,45.79216806030274,304,🔭LEAPS 🔥萬人塚,HOLD,3
HIMS,2026-04-17,23.0,3.8,1023,402,95.507857421875,31,🆕新倉暴量,HOLD,3
NVDA,2027-01-15,340.0,2.7,69541,336,44.09845941162109,304,🔭LEAPS 🔥萬人塚,HOLD,3
OPEN,2028-01-21,20.0,3.25,37480,327,25.00075,675,🔭LEAPS 🔥萬人塚,HOLD,3
ACHR,2027-01-15,10.0,0.97,30689,317,86.32826171875,304,🔭LEAPS 🔥萬人塚,HOLD,3
NVDA,2027-01-15,250.0,11.3,50761,316,45.007874145507806,304,🔭LEAPS 🔥萬人塚,HOLD,3
AAPL,2027-01-15,280.0,17.67,31908,204,30.50759190368652,304,🔭LEAPS 🔥萬人塚,HOLD,3
SMCI,2026-05-15,42.0,1.03,2237,129,73.04714453125,59,🚀點火(3.1x),HOLD,3
NVDA,2027-01-15,290.0,5.85,45124,87,44.32428723144531,304,🔭LEAPS 🔥萬人塚,HOLD,3
NVDA,2027-01-15,160.0,45.27,110335,85,52.16112292480468,304,🔭LEAPS 🔥萬人塚,HOLD,3
SOFI,2027-01-15,12.0,7.57,30271,82,80.85956640625,304,🔭LEAPS 🔥萬人塚,HOLD,3
PATH,2027-01-15,30.0,0.53,35076,74,78.4181845703125,304,🔭LEAPS 🔥萬人塚,HOLD,3
IBIT,2027-01-15,100.0,0.61,38613,71,56.250437500000004,304,🔭LEAPS 🔥萬人塚,HOLD,3
OKLO,2028-01-21,200.0,10.67,51921,60,94.39092523193358,675,🔭LEAPS 🔥萬人塚,HOLD,3
CRWV,2026-05-15,150.0,1.04,1188,53,88.42785009765625,59,🚀點火(53.0x),HOLD,3
IBIT,2026-05-15,62.0,0.16,46087,20,53.906710937500016,59,🚬菸屁股 🔥萬人塚,HOLD,3
ACHR,2026-04-17,15.0,0.02,37935,15,137.50031249999998,31,🚬菸屁股 🔥萬人塚,HOLD,3
TSLA,2027-01-15,940.0,4.9,100333,12,54.034883483886745,304,🔭LEAPS 🔥萬人塚,HOLD,3
IBIT,2026-03-20,70.0,0.01,38090,7,150.00025,3,🎲末日結算 🚀點火(7.0x) ⚠️IV頂峰 🚬菸屁股 🔥萬人塚,GAMBLE,3
OPEN,2027-01-15,1.5,6.67,49508,7,0.0010000000000000002,304,🔭LEAPS 🔥萬人塚,HOLD,3
IBIT,2026-05-15,63.0,0.16,70727,4,54.98091894531252,59,🚬菸屁股 🔥萬人塚,HOLD,3
NVDA,2026-04-17,200.0,2.42,59131,17541,35.889312988281254,31,🔥萬人塚,HOLD,2
NVDA,2026-05-15,210.0,3.07,38587,13335,37.63490100097656,59,🔥萬人塚,HOLD,2
NVDA,2026-04-17,190.0,5.57,41733,11187,38.05603936767577,31,🔥萬人塚,HOLD,2
NVDA,2026-04-17,185.0,7.95,34908,8161,39.6917651977539,31,🔥萬人塚,HOLD,2
IBIT,2026-05-15,45.0,2.26,74558,3477,50.36670727539063,59,🔥萬人塚,HOLD,2
NVDA,2026-05-15,195.0,7.2,64177,1024,39.771110107421876,59,🔥萬人塚,HOLD,2
PLTR,2026-05-15,150.0,16.3,34092,285,59.997958618164084,59,🔥萬人塚,HOLD,2
MSFT,2026-05-15,445.0,5.9,41171,156,31.091997680664058,59,🔥萬人塚,HOLD,2
MSTR,2026-04-17,135.0,19.9,33471,116,74.47535290527343,31,🔥萬人塚,HOLD,2
MSTR,2026-05-15,140.0,22.04,30979,87,78.04587384033204,59,🔥萬人塚,HOLD,2
AAPL,2026-05-15,240.0,20.98,41168,34,34.64420825195312,59,🔥萬人塚,HOLD,2
NVDA,2026-03-20,195.0,0.37,144525,57001,39.795523925781254,3,🎲末日結算 🚬菸屁股 🔥萬人塚,HOLD,1
NVDA,2026-03-20,200.0,0.13,238902,46118,41.992767578125,3,🎲末日結算 🚬菸屁股 🔥萬人塚,HOLD,1
ONDS,2026-03-20,12.0,0.13,60210,39516,114.0629296875,3,🎲末日結算 🚬菸屁股 🔥萬人塚,HOLD,1
TSLA,2026-03-20,410.0,2.1,19659,21653,37.78138391113281,3,🎲末日結算 🆕新倉暴量,HOLD,1
AAPL,2026-03-20,260.0,0.59,33917,19497,23.5359208984375,3,🎲末日結算 🚬菸屁股 🔥萬人塚,HOLD,1
SOFI,2026-03-20,20.0,0.05,191744,19029,71.0940390625,3,🎲末日結算 🚬菸屁股 🔥萬人塚,HOLD,1
NVDA,2026-03-20,210.0,0.05,107795,16073,51.17236328125,3,🎲末日結算 🚬菸屁股 🔥萬人塚,HOLD,1
IBIT,2026-03-20,43.0,0.51,37379,9208,48.34036035156251,3,🎲末日結算 🚬菸屁股 🔥萬人塚,HOLD,1
IBIT,2026-03-20,44.0,0.26,41219,9170,48.438015625000006,3,🎲末日結算 🚬菸屁股 🔥萬人塚,HOLD,1
IBIT,2026-03-20,40.0,2.26,28799,9031,53.320779296874996,3,🎲末日結算 🆕新倉暴量,HOLD,1
MSTR,2026-03-20,155.0,2.04,17295,8248,69.14093359375,3,🎲末日結算 🆕新倉暴量,HOLD,1
SOFI,2026-04-17,20.0,0.47,17212,7825,58.984785156250005,31,🚬菸屁股,HOLD,1
MSFT,2026-03-20,410.0,1.19,14266,7590,24.25612854003906,3,🎲末日結算 🆕新倉暴量,HOLD,1
TSLA,2026-03-20,402.5,4.4,7551,7580,39.18517846679687,3,🎲末日結算 🆕新倉暴量,HOLD,1
NVDA,2026-05-15,260.0,0.17,21329,7085,39.258419921874996,59,🚬菸屁股,HOLD,1
NVDA,2026-03-20,170.0,14.06,25877,6273,55.42036767578126,3,🎲末日結算 🆕新倉暴量,HOLD,1
RKLB,2026-03-20,75.0,1.44,9842,5664,85.742330078125,3,🎲末日結算 🆕新倉暴量,HOLD,1
GOOG,2026-03-20,305.0,3.77,5204,5659,29.053443847656247,3,🎲末日結算 🆕新倉暴量,HOLD,1
COIN,2026-03-20,205.0,6.06,6845,5048,71.43583251953125,3,🎲末日結算 🆕新倉暴量,HOLD,1
MSTR,2026-03-20,147.0,5.2,6843,5013,71.80203979492188,3,🎲末日結算 🆕新倉暴量,HOLD,1
IBIT,2026-03-20,41.0,1.53,13545,4918,50.586431640624994,3,🎲末日結算 🆕新倉暴量,HOLD,1
GOOG,2026-03-20,310.0,1.67,5026,4756,26.782958740234374,3,🎲末日結算 🆕新倉暴量,HOLD,1
NVDA,2026-03-20,220.0,0.03,76294,4532,61.328511718750015,3,🎲末日結算 🚬菸屁股 🔥萬人塚,HOLD,1
AAPL,2026-03-20,270.0,0.04,32036,4496,25.781992187500002,3,🎲末日結算 🚬菸屁股 🔥萬人塚,HOLD,1
AAPL,2026-05-15,300.0,0.61,21990,3804,25.708750732421876,59,🚬菸屁股,HOLD,1
IBIT,2026-04-17,50.0,0.35,23021,3546,48.1450498046875,31,🚬菸屁股,HOLD,1
CRWV,2026-03-20,100.0,0.37,86646,3140,91.79695703125,3,🎲末日結算 🚬菸屁股 🔥萬人塚,HOLD,1
COIN,2026-03-20,200.0,8.47,12242,3044,72.63210961914062,3,🎲末日結算 🆕新倉暴量,HOLD,1
AAPL,2026-03-20,280.0,0.01,60793,2989,34.37565625,3,🎲末日結算 🚬菸屁股 🔥萬人塚,HOLD,1
SOFI,2026-04-17,21.0,0.28,6855,2942,58.8871298828125,31,🚬菸屁股,HOLD,1
ASTS,2026-03-20,95.0,2.05,3022,2937,100.78174609374999,3,🎲末日結算 🆕新倉暴量,HOLD,1
SOFI,2026-03-20,22.0,0.01,53864,2923,92.187578125,3,🎲末日結算 🚬菸屁股 🔥萬人塚,HOLD,1
TSLA,2026-03-20,407.5,2.7,5574,2798,38.13538427734374,3,🎲末日結算 🆕新倉暴量,HOLD,1
AAPL,2026-04-17,280.0,0.6,20421,2467,23.29178271484375,31,🚬菸屁股,HOLD,1
HOOD,2026-04-17,100.0,0.4,21767,2394,60.547269531250016,31,🚬菸屁股,HOLD,1
OPEN,2026-04-17,6.0,0.26,7840,2330,83.20329296874999,31,🚬菸屁股,HOLD,1
PATH,2026-04-17,12.0,0.75,3712,2310,66.21127539062502,31,🚬菸屁股,HOLD,1
OKLO,2026-03-20,65.0,1.34,2066,2273,115.52776611328125,3,🎲末日結算 🆕新倉暴量,HOLD,1
SMCI,2026-03-20,31.0,1.55,3811,2240,73.633076171875,3,🎲末日結算 🆕新倉暴量,HOLD,1
SOFI,2026-04-17,19.0,0.76,12867,2203,60.644924804687506,31,🚬菸屁股,HOLD,1
NVDA,2026-05-15,250.0,0.28,18039,2098,37.9889013671875,59,🚬菸屁股,HOLD,1
ROKU,2026-03-20,100.0,1.03,2243,2075,56.64105859375,3,🎲末日結算 🆕新倉暴量,HOLD,1
HOOD,2026-04-17,110.0,0.16,8192,1874,65.43003320312502,31,🚬菸屁股,HOLD,1
ASTS,2026-03-20,90.0,3.87,5309,1841,101.22119702148437,3,🎲末日結算 🆕新倉暴量,HOLD,1
ONDS,2026-04-17,15.0,0.33,14474,1793,116.40666796875001,31,🚬菸屁股,HOLD,1
SOFI,2026-03-20,23.0,0.01,63990,1629,106.25046875000001,3,🎲末日結算 🚬菸屁股 🔥萬人塚,HOLD,1
SOFI,2026-04-17,22.0,0.18,9832,1587,59.766027343750004,31,🚬菸屁股,HOLD,1
MSFT,2026-04-17,450.0,0.78,16938,1538,25.086198364257804,31,🚬菸屁股,HOLD,1
AMD,2026-04-17,250.0,0.72,10346,1513,49.92725854492188,31,🚬菸屁股,HOLD,1
TSLA,2026-04-17,500.0,0.69,26137,1461,42.04159521484375,31,🚬菸屁股,HOLD,1
NVDA,2027-01-15,185.0,31.75,14107,1445,49.22536126708985,304,🔭LEAPS,HOLD,1
RKLB,2026-03-20,70.0,3.6,3190,1439,90.96688720703125,3,🎲末日結算 🆕新倉暴量,HOLD,1
ACHR,2026-04-17,8.0,0.11,10209,1404,77.3439765625,31,🚬菸屁股,HOLD,1
IONQ,2026-03-20,33.0,1.5,2200,1346,88.86729882812499,3,🎲末日結算 🆕新倉暴量,HOLD,1
CRWV,2026-03-20,84.0,4.7,1258,1314,95.80082324218748,3,🎲末日結算 🆕新倉暴量,HOLD,1
IBIT,2026-05-15,50.0,0.97,16072,1276,49.85401708984375,59,🚬菸屁股,HOLD,1
AAPL,2026-03-20,285.0,0.07,46900,1265,39.8443515625,3,🎲末日結算 🚬菸屁股 🔥萬人塚,HOLD,1
ONDS,2026-04-17,12.0,0.9,7585,1222,114.25824121093751,31,🚬菸屁股,HOLD,1
IBIT,2027-01-15,40.0,9.73,19269,1218,59.155681884765634,304,🔭LEAPS,HOLD,1
IBIT,2026-04-17,47.0,0.77,6929,1213,47.90091162109375,31,🚬菸屁股,HOLD,1
PATH,2026-05-15,30.0,0.02,12053,1213,93.7500625,59,🚬菸屁股,HOLD,1
IBIT,2026-03-20,51.0,0.01,37453,1206,73.437765625,3,🎲末日結算 🚬菸屁股 🔥萬人塚,HOLD,1
TDOC,2027-01-15,20.0,0.2,9330,1177,99.804689453125,304,🔭LEAPS,HOLD,1
OPEN,2026-05-15,6.0,0.53,11845,1156,97.85158398437501,59,🚬菸屁股,HOLD,1
OPEN,2026-05-15,7.0,0.32,20212,1122,97.070341796875,59,🚬菸屁股,HOLD,1
ACHR,2026-04-17,7.0,0.25,6802,1117,74.2190078125,31,🚬菸屁股,HOLD,1
CRWV,2026-03-20,86.0,3.61,1015,1102,90.86923193359374,3,🎲末日結算 🆕新倉暴量,HOLD,1
ACHR,2026-04-17,10.0,0.03,17276,1058,92.9688203125,31,🚬菸屁股,HOLD,1
AAPL,2026-04-17,285.0,0.37,13682,1036,23.877714355468747,31,🚬菸屁股,HOLD,1
HIMS,2026-04-17,50.0,0.2,4541,1035,128.7112939453125,31,🚬菸屁股,HOLD,1
SOFI,2026-05-15,25.0,0.25,10488,1033,65.7229990234375,59,🚬菸屁股,HOLD,1
PATH,2026-04-17,14.0,0.23,2088,1025,65.820654296875,31,🚬菸屁股,HOLD,1
IREN,2026-03-20,43.5,3.01,1441,1022,106.44578027343752,3,🎲末日結算 🆕新倉暴量,HOLD,1
CRWV,2026-03-20,94.0,1.01,1097,1021,90.47861083984375,3,🎲末日結算 🆕新倉暴量,HOLD,1
VRT,2026-03-20,275.0,4.9,1574,1016,70.48369360351563,3,🎲末日結算 🆕新倉暴量,HOLD,1
IBIT,2028-01-21,85.0,4.85,14092,1003,59.03361279296876,675,🔭LEAPS,HOLD,1
CRWV,2026-03-20,92.0,1.43,1043,995,89.99033447265624,3,🎲末日結算 🆕新倉暴量,HOLD,1
CRWV,2026-03-20,82.5,6.0,1356,972,94.33599414062499,3,🎲末日結算 🆕新倉暴量,HOLD,1
ONDS,2026-04-17,13.0,0.65,3191,967,114.0629296875,31,🚬菸屁股,HOLD,1
SOFI,2026-04-17,25.0,0.07,21496,961,67.57844921875001,31,🚬菸屁股,HOLD,1
ASTS,2026-03-20,97.0,1.6,1227,928,100.48877880859375,3,🎲末日結算 🆕新倉暴量,HOLD,1
PATH,2026-03-20,10.0,1.6,2557,910,96.0937890625,3,🎲末日結算 🆕新倉暴量,HOLD,1
NVDA,2026-03-20,230.0,0.01,56270,902,70.312796875,3,🎲末日結算 🚬菸屁股 🔥萬人塚,HOLD,1
CRWV,2026-03-20,87.0,3.2,989,893,90.9180595703125,3,🎲末日結算 🆕新倉暴量,HOLD,1
IONQ,2026-03-20,34.0,1.04,967,889,85.35170898437501,3,🎲末日結算 🆕新倉暴量,HOLD,1
GOOG,2026-04-17,340.0,0.96,12030,872,26.587648193359374,31,🚬菸屁股,HOLD,1
ONDS,2027-01-15,10.0,4.15,22779,854,107.66647729492189,304,🔭LEAPS,HOLD,1
OPEN,2026-04-17,5.0,0.62,2957,846,86.32826171875,31,🚬菸屁股,HOLD,1
OPEN,2027-01-15,20.0,2.01,25796,829,25.00075,304,🔭LEAPS,HOLD,1
LUNR,2026-03-20,18.5,0.89,1269,803,156.64084179687498,3,🎲末日結算 🆕新倉暴量 ⚠️IV頂峰 🚬菸屁股,GAMBLE,1
CRWV,2026-03-20,87.5,3.15,1573,799,93.01764794921876,3,🎲末日結算 🆕新倉暴量,HOLD,1
MSFT,2026-05-15,760.0,0.07,6017,795,55.469195312500005,59,🚬菸屁股,HOLD,1
AAPL,2026-04-17,295.0,0.18,9145,794,25.6843369140625,31,🚬菸屁股,HOLD,1
CRWV,2026-03-20,83.0,5.3,1247,791,95.80082324218748,3,🎲末日結算 🆕新倉暴量,HOLD,1
NTLA,2027-01-15,17.5,3.1,1562,773,94.726615234375,304,🔭LEAPS,HOLD,1
ONDS,2027-01-15,20.0,1.9,20178,771,104.59032080078129,304,🔭LEAPS,HOLD,1
NVDA,2026-04-17,240.0,0.09,24414,757,39.551385742187506,31,🚬菸屁股,HOLD,1
IBIT,2026-04-17,48.0,0.59,17087,713,47.7544287109375,31,🚬菸屁股,HOLD,1
MSFT,2026-04-17,500.0,0.11,19742,702,31.153032226562495,31,🚬菸屁股,HOLD,1
CRWV,2026-03-20,93.0,1.29,1442,684,90.77157666015624,3,🎲末日結算 🆕新倉暴量,HOLD,1
RKLB,2026-04-17,100.0,0.82,14346,663,82.81267187499999,31,🚬菸屁股,HOLD,1
ONDS,2026-03-20,9.5,1.23,2931,661,126.95349023437497,3,🎲末日結算 🆕新倉暴量,HOLD,1
DKNG,2026-04-17,30.0,0.29,1565,646,53.906710937500016,31,🚬菸屁股,HOLD,1
PATH,2026-04-17,15.0,0.11,1669,645,67.96907031250001,31,🚬菸屁股,HOLD,1
SOFI,2026-04-17,23.0,0.13,7362,632,61.52382226562501,31,🚬菸屁股,HOLD,1
VRT,2026-03-20,290.0,1.5,1943,625,68.18879467773439,3,🎲末日結算 🆕新倉暴量,HOLD,1
SMR,2026-03-20,17.0,0.02,2522,623,170.3126484375,3,🎲末日結算 🆕新倉暴量 ⚠️IV頂峰 🚬菸屁股,GAMBLE,1
PATH,2026-04-17,13.0,0.41,3198,620,64.9417568359375,31,🚬菸屁股,HOLD,1
PLTR,2026-04-17,190.0,0.55,5259,617,46.0942890625,31,🚬菸屁股,HOLD,1
OPEN,2027-01-15,5.0,1.87,9570,602,96.87503124999999,304,🔭LEAPS,HOLD,1
DKNG,2026-04-17,27.5,0.71,11410,599,56.44574804687501,31,🚬菸屁股,HOLD,1
HIMS,2027-01-15,25.0,8.97,3784,564,101.61182006835938,304,🔭LEAPS,HOLD,1
MSFT,2026-04-17,480.0,0.21,19774,550,28.418684570312493,31,🚬菸屁股,HOLD,1
SOFI,2026-04-17,24.0,0.09,13723,544,64.45348046875,31,🚬菸屁股,HOLD,1
AAPL,2026-04-17,300.0,0.12,29231,541,26.660889648437504,31,🚬菸屁股,HOLD,1
HOOD,2026-04-17,95.0,0.72,6209,539,60.205476074218765,31,🚬菸屁股,HOLD,1
ACHR,2028-01-21,10.0,2.03,13313,532,91.06454248046875,675,🔭LEAPS,HOLD,1
ACHR,2027-01-15,7.0,1.6,19987,530,85.742330078125,304,🔭LEAPS,HOLD,1
IREN,2027-01-15,100.0,5.39,7509,522,94.95854650878906,304,🔭LEAPS,HOLD,1
NVDA,2027-01-15,220.0,18.45,19684,521,46.29265133666992,304,🔭LEAPS,HOLD,1
ZM,2027-01-15,140.0,1.09,3818,520,46.460496337890625,304,🔭LEAPS,HOLD,1
AMD,2026-04-17,270.0,0.3,6603,514,52.246571289062494,31,🚬菸屁股,HOLD,1
BEAM,2028-01-21,40.0,7.79,1274,514,81.32342895507811,675,🔭LEAPS,HOLD,1
AAPL,2027-01-15,260.0,26.86,15463,497,32.575137145996095,304,🔭LEAPS,HOLD,1
OKLO,2026-03-20,58.0,4.35,1221,497,119.72696386718751,3,🎲末日結算 🆕新倉暴量,HOLD,1
SOFI,2026-05-15,24.0,0.34,4589,487,65.03941210937501,59,🚬菸屁股,HOLD,1
PATH,2026-03-20,10.5,1.16,892,487,86.32826171875,3,🎲末日結算 🆕新倉暴量,HOLD,1
OPEN,2026-04-17,7.0,0.1,2805,485,85.1563984375,31,🚬菸屁股,HOLD,1
IBIT,2027-01-15,70.0,1.94,19964,481,53.12546875,304,🔭LEAPS,HOLD,1
MSFT,2027-01-15,500.0,15.8,18167,465,31.43073941040039,304,🔭LEAPS,HOLD,1
MSFT,2027-01-15,600.0,4.55,15604,451,30.841756042480462,304,🔭LEAPS,HOLD,1
IBIT,2027-01-15,30.0,15.9,10653,450,65.62534375000001,304,🔭LEAPS,HOLD,1
PATH,2026-05-15,13.0,0.73,4821,449,67.773759765625,59,🚬菸屁股,HOLD,1
HOOD,2027-01-15,100.0,11.01,13793,448,67.70662176513673,304,🔭LEAPS,HOLD,1
CRWV,2026-03-20,82.0,5.95,1971,448,95.312546875,3,🎲末日結算 🆕新倉暴量,HOLD,1
PLTR,2026-04-17,200.0,0.26,8326,447,47.11966943359375,31,🚬菸屁股,HOLD,1
SOFI,2027-01-15,22.0,2.94,17764,443,68.35969140625001,304,🔭LEAPS,HOLD,1
SOFI,2027-01-15,17.0,4.82,17190,432,72.51004052734375,304,🔭LEAPS,HOLD,1
ONDS,2027-01-15,15.0,2.85,21203,429,108.35006762695313,304,🔭LEAPS,HOLD,1
AAPL,2026-05-15,295.0,0.89,13753,428,25.6843369140625,59,🚬菸屁股,HOLD,1
HIMS,2026-04-17,40.0,0.39,7988,427,112.20747021484377,31,🚬菸屁股,HOLD,1
TSLA,2027-01-15,500.0,41.52,15862,426,51.710993148803716,304,🔭LEAPS,HOLD,1
SOFI,2027-01-15,35.0,0.93,28316,423,66.60189648437502,304,🔭LEAPS,HOLD,1
NVDA,2028-01-21,420.0,9.0,22317,414,48.92018853759767,675,🔭LEAPS,HOLD,1
TSLA,2026-03-20,680.0,0.01,127903,405,131.25034374999998,3,🎲末日結算 🚬菸屁股 🔥萬人塚,HOLD,1
ASTS,2026-03-20,96.0,1.75,756,405,100.43995092773437,3,🎲末日結算 🆕新倉暴量,HOLD,1
SOFI,2026-05-15,23.0,0.42,6265,405,64.3558251953125,59,🚬菸屁股,HOLD,1
IREN,2027-01-15,110.0,4.51,16961,392,94.90971887207031,304,🔭LEAPS,HOLD,1
SOFI,2026-04-17,30.0,0.03,20243,386,83.59391406249999,31,🚬菸屁股,HOLD,1
PATH,2028-01-21,20.0,2.85,6575,385,77.51487329101563,675,🔭LEAPS,HOLD,1
VCYT,2026-04-17,45.0,0.4,1000,385,109.4242810058594,31,🚬菸屁股,HOLD,1
GOOG,2026-04-17,350.0,0.45,5975,383,26.734131103515622,31,🚬菸屁股,HOLD,1
OPEN,2026-05-15,5.0,0.89,6755,375,97.26565234374999,59,🚬菸屁股,HOLD,1
SOFI,2027-01-15,40.0,0.65,22463,374,66.69955175781253,304,🔭LEAPS,HOLD,1
JOBY,2027-01-15,15.0,1.59,9190,370,81.15253222656249,304,🔭LEAPS,HOLD,1
MSFT,2027-01-15,450.0,29.34,8934,369,32.70330969238281,304,🔭LEAPS,HOLD,1
CRWV,2026-03-20,120.0,0.02,30115,368,110.9379453125,3,🎲末日結算 🚬菸屁股 🔥萬人塚,HOLD,1
HIMS,2026-04-17,35.0,0.65,4346,367,103.02782861328126,31,🚬菸屁股,HOLD,1
NVDA,2027-01-15,210.0,21.57,28021,361,46.99760034179688,304,🔭LEAPS,HOLD,1
XYZ,2026-04-17,70.0,0.69,5307,355,50.07374145507812,31,🚬菸屁股,HOLD,1
ONDS,2026-04-17,18.0,0.14,1001,352,123.82850585937497,31,🚬菸屁股,HOLD,1
MSFT,2027-01-15,550.0,8.35,9170,345,30.85091122436523,304,🔭LEAPS,HOLD,1
NVDA,2027-01-15,280.0,6.88,17947,342,44.35785623168945,304,🔭LEAPS,HOLD,1
SOFI,2028-06-16,15.0,8.55,8016,341,78.12521875,822,🔭LEAPS,HOLD,1
PLTR,2027-01-15,175.0,25.0,6364,340,59.30826824951172,304,🔭LEAPS,HOLD,1
ACHR,2028-01-21,7.0,2.6,16114,332,90.039162109375,675,🔭LEAPS,HOLD,1
IBIT,2028-01-21,140.0,1.58,25020,330,57.70305969238281,675,🔭LEAPS,HOLD,1
SOFI,2027-01-15,27.0,1.88,16016,330,66.94368994140626,304,🔭LEAPS,HOLD,1
NVDA,2026-05-15,240.0,0.5,18742,328,37.28090063476562,59,🚬菸屁股,HOLD,1
OPEN,2026-08-21,10.0,0.37,6937,326,97.26565234374999,157,🚬菸屁股,HOLD,1
NVDA,2026-04-17,250.0,0.06,23562,324,42.67635449218751,31,🚬菸屁股,HOLD,1
NVDA,2027-01-15,270.0,8.1,18138,324,44.56232196044921,304,🔭LEAPS,HOLD,1
SOFI,2026-05-15,21.0,0.79,4195,317,65.62534375000001,59,🚬菸屁股,HOLD,1
U,2026-04-17,24.0,0.59,17816,315,78.51583984375,31,🚬菸屁股,HOLD,1
HOOD,2026-04-17,105.0,0.23,2815,310,61.426166992187504,31,🚬菸屁股,HOLD,1
MSFT,2027-01-15,700.0,1.6,6004,307,32.044136596679685,304,🔭LEAPS,HOLD,1
IREN,2026-04-17,65.0,0.59,3448,302,90.3321279296875,31,🚬菸屁股,HOLD,1
PATH,2026-05-15,14.0,0.56,5102,285,69.5315546875,59,🚬菸屁股,HOLD,1
NVDA,2027-01-15,420.0,0.89,8220,284,44.995667236328124,304,🔭LEAPS,HOLD,1
OPEN,2026-08-21,8.0,0.58,4581,282,95.99613378906248,157,🚬菸屁股,HOLD,1
NVDA,2028-01-21,410.0,9.6,5602,278,48.8561022644043,675,🔭LEAPS,HOLD,1
HIMS,2026-04-17,45.0,0.24,2581,277,119.53165234375001,31,🚬菸屁股,HOLD,1
SOFI,2028-06-16,20.0,6.76,14470,276,74.29224926757811,822,🔭LEAPS,HOLD,1
SOFI,2028-06-16,30.0,4.5,9933,272,70.72783178710938,822,🔭LEAPS,HOLD,1
MSFT,2026-04-17,460.0,0.47,11040,271,25.879647460937505,31,🚬菸屁股,HOLD,1
OPEN,2026-05-15,10.0,0.08,16997,271,102.73486132812502,59,🚬菸屁股,HOLD,1
SOFI,2026-04-17,26.0,0.05,6608,252,69.5315546875,31,🚬菸屁股,HOLD,1
MSFT,2027-01-15,400.0,50.25,6276,246,34.75254457092284,304,🔭LEAPS,HOLD,1
SOFI,2028-01-21,25.0,4.7,9411,245,70.53252124023439,675,🔭LEAPS,HOLD,1
TSLA,2026-05-15,990.0,0.04,19918,244,71.87528125,59,🚬菸屁股,HOLD,1
SOFI,2028-01-21,20.0,6.05,10951,240,73.437765625,675,🔭LEAPS,HOLD,1
ACHR,2027-01-15,17.0,0.4,7498,240,90.039162109375,304,🔭LEAPS,HOLD,1
AMD,2027-01-15,300.0,14.1,10203,239,55.98188549804688,304,🔭LEAPS,HOLD,1
ONDS,2027-01-15,7.5,5.2,15606,238,109.375453125,304,🔭LEAPS,HOLD,1
SOFI,2026-04-17,27.0,0.06,6443,236,75.00025000000001,31,🚬菸屁股,HOLD,1
AAPL,2026-03-20,300.0,0.01,59591,235,50.7817421875,3,🎲末日結算 🚬菸屁股 🔥萬人塚,HOLD,1
NVDA,2027-01-15,360.0,2.01,5080,234,44.202218139648444,304,🔭LEAPS,HOLD,1
PATH,2026-05-15,20.0,0.09,23852,233,78.9064609375,59,🚬菸屁股,HOLD,1
ASTS,2026-04-17,150.0,0.47,1904,229,101.02588549804685,31,🚬菸屁股,HOLD,1
U,2026-04-17,25.0,0.45,18626,228,79.49239257812499,31,🚬菸屁股,HOLD,1
MSFT,2027-01-15,650.0,2.65,7085,219,31.323928955078124,304,🔭LEAPS,HOLD,1
ACHR,2027-01-15,12.0,0.73,14020,219,86.62122753906249,304,🔭LEAPS,HOLD,1
TSLA,2026-04-17,600.0,0.11,6036,216,52.83250292968751,31,🚬菸屁股,HOLD,1
AAPL,2027-01-15,250.0,32.4,11241,215,33.957569610595705,304,🔭LEAPS,HOLD,1
U,2026-04-17,40.0,0.05,13467,215,108.59420703125,31,🚬菸屁股,HOLD,1
AMD,2027-01-15,250.0,23.86,7085,214,57.11407632446289,304,🔭LEAPS,HOLD,1
ONDS,2026-04-17,14.0,0.46,1360,214,113.47699511718751,31,🚬菸屁股,HOLD,1
IBIT,2027-01-15,45.0,7.5,5859,211,56.665472412109374,304,🔭LEAPS,HOLD,1
IREN,2028-01-21,110.0,10.78,25736,211,91.07674938964843,675,🔭LEAPS,HOLD,1
ACHR,2026-04-17,6.0,0.62,2253,208,76.17211328125,31,🚬菸屁股,HOLD,1
IBIT,2027-01-15,55.0,4.34,19411,206,53.93112475585939,304,🔭LEAPS,HOLD,1
HIMS,2026-05-15,65.0,0.47,2614,202,130.66440917968748,59,🚬菸屁股,HOLD,1
U,2026-05-15,40.0,0.15,1232,201,92.9688203125,59,🚬菸屁股,HOLD,1
U,2026-05-15,60.0,0.06,3058,200,118.35978320312499,59,🚬菸屁股,HOLD,1
NTLA,2028-01-21,42.0,2.7,3765,200,101.70947583007815,675,🔭LEAPS,HOLD,1
SMCI,2028-01-21,70.0,5.45,1137,196,73.1325928955078,675,🔭LEAPS,HOLD,1
TSLA,2027-01-15,600.0,23.7,13802,194,51.68505346679688,304,🔭LEAPS,HOLD,1
SOFI,2026-05-15,27.0,0.16,4822,193,67.57844921875001,59,🚬菸屁股,HOLD,1
IBIT,2026-05-15,65.0,0.13,15709,192,55.859816406250005,59,🚬菸屁股,HOLD,1
SOFI,2026-05-15,44.0,0.12,1200,191,105.078599609375,59,🚬菸屁股,HOLD,1
PACB,2027-01-15,3.0,0.3,2138,191,123.82850585937497,304,🔭LEAPS,HOLD,1
ACHR,2027-01-15,15.0,0.51,14526,191,88.86729882812499,304,🔭LEAPS,HOLD,1
IBIT,2026-03-20,55.0,0.01,38443,188,84.37515624999999,3,🎲末日結算 🚬菸屁股 🔥萬人塚,HOLD,1
GOOG,2026-04-17,405.0,0.07,5664,180,35.1568984375,31,🚬菸屁股,HOLD,1
NVDA,2027-01-15,175.0,36.83,11621,178,50.15003463745118,304,🔭LEAPS,HOLD,1
NVDA,2027-01-15,260.0,9.6,15056,176,44.67218414306641,304,🔭LEAPS,HOLD,1
SMCI,2027-01-15,90.0,1.11,27234,169,75.7814921875,304,🔭LEAPS,HOLD,1
AAPL,2026-04-17,305.0,0.09,9277,167,27.832752929687498,31,🚬菸屁股,HOLD,1
IREN,2027-01-15,60.0,11.6,6844,165,98.41310180664063,304,🔭LEAPS,HOLD,1
HOOD,2026-04-17,120.0,0.05,7285,164,65.23472265625001,31,🚬菸屁股,HOLD,1
SOFI,2028-01-21,30.0,3.69,11636,163,69.6536237792969,675,🔭LEAPS,HOLD,1
NTLA,2026-04-17,25.0,0.1,4521,162,117.96916015624998,31,🚬菸屁股,HOLD,1
HOOD,2026-04-17,130.0,0.02,4788,161,67.18782812500001,31,🚬菸屁股,HOLD,1
SOFI,2026-07-17,26.0,0.6,3248,160,63.574583007812514,122,🚬菸屁股,HOLD,1
HIMS,2027-01-15,20.0,10.9,3528,160,103.27196801757816,304,🔭LEAPS,HOLD,1
AAPL,2026-05-15,305.0,0.45,6611,157,25.90406127929688,59,🚬菸屁股,HOLD,1
JOBY,2026-04-17,14.0,0.08,5907,156,80.4689453125,31,🚬菸屁股,HOLD,1
NVDA,2027-01-15,195.0,26.8,21226,152,48.175567077636714,304,🔭LEAPS,HOLD,1
AAPL,2026-04-17,310.0,0.06,5122,150,29.004616210937495,31,🚬菸屁股,HOLD,1
OPEN,2028-01-21,10.0,1.88,8832,150,102.73486132812502,675,🔭LEAPS,HOLD,1
MSFT,2026-04-17,510.0,0.1,20510,144,32.813171874999995,31,🚬菸屁股,HOLD,1
PATH,2026-05-15,17.0,0.19,8175,144,74.60962890625001,59,🚬菸屁股,HOLD,1
SMR,2026-04-17,17.0,0.24,1371,143,98.82813671875,31,🚬菸屁股,HOLD,1
JOBY,2028-01-21,8.0,4.8,1366,141,96.82620361328125,675,🔭LEAPS,HOLD,1
IONQ,2026-04-17,50.0,0.3,3192,140,88.08605664062499,31,🚬菸屁股,HOLD,1
SOFI,2028-01-21,35.0,2.98,5610,139,69.2385888671875,675,🔭LEAPS,HOLD,1
HOOD,2027-01-15,120.0,7.0,6969,135,65.47886083984376,304,🔭LEAPS,HOLD,1
IBIT,2028-06-16,35.0,19.15,5458,133,69.45831323242189,822,🔭LEAPS,HOLD,1
ACHR,2027-01-15,5.0,2.38,14939,133,88.18371191406248,304,🔭LEAPS,HOLD,1
SOFI,2028-06-16,25.0,5.47,9990,132,71.85086743164062,822,🔭LEAPS,HOLD,1
TSLA,2027-01-15,990.0,3.85,6498,129,54.31564239501954,304,🔭LEAPS,HOLD,1
U,2026-05-15,50.0,0.12,4576,128,106.64109179687502,59,🚬菸屁股,HOLD,1
RKLB,2026-04-17,110.0,0.42,4671,127,84.961087890625,31,🚬菸屁股,HOLD,1
HOOD,2026-07-17,140.0,0.73,3004,125,65.11265356445313,122,🚬菸屁股,HOLD,1
NTLA,2026-04-17,15.0,0.8,3349,125,78.51583984375,31,🚬菸屁股,HOLD,1
HIMS,2026-05-15,90.0,0.18,784,124,142.96903515625,59,🚬菸屁股,HOLD,1
AMD,2026-05-15,300.0,0.7,8816,123,56.03071313476562,59,🚬菸屁股,HOLD,1
NVDA,2027-01-15,240.0,13.22,24542,122,45.31609860229492,304,🔭LEAPS,HOLD,1
AMD,2027-01-15,200.0,40.7,10511,121,59.05344902038574,304,🔭LEAPS,HOLD,1
AAPL,2027-01-15,270.0,21.9,12544,121,31.485670501708974,304,🔭LEAPS,HOLD,1
NVDA,2028-01-21,250.0,29.65,29195,119,49.77162045288086,675,🔭LEAPS,HOLD,1
IBIT,2028-01-21,40.0,15.16,6296,119,65.36899865722658,675,🔭LEAPS,HOLD,1
NVDA,2027-01-15,150.0,51.8,19744,118,53.74496939086916,304,🔭LEAPS,HOLD,1
ASTS,2026-04-17,180.0,0.18,1824,117,105.46922265625001,31,🚬菸屁股,HOLD,1
SMCI,2026-05-15,50.0,0.41,14380,116,75.195560546875,59,🚬菸屁股,HOLD,1
DKNG,2026-05-15,30.0,0.82,7458,116,58.93595751953126,59,🚬菸屁股,HOLD,1
SMR,2026-04-17,20.0,0.1,3722,116,103.90673046875003,31,🚬菸屁股,HOLD,1
PLTR,2026-04-17,210.0,0.14,6443,115,49.31691308593751,31,🚬菸屁股,HOLD,1
HOOD,2026-05-15,110.0,0.85,2757,115,66.40658593750001,59,🚬菸屁股,HOLD,1
SOFI,2026-07-17,25.0,0.73,3556,112,63.7698935546875,122,🚬菸屁股,HOLD,1
TSLA,2027-01-15,750.0,11.0,7339,110,52.57615783691407,304,🔭LEAPS,HOLD,1
NVDA,2027-01-15,170.0,39.58,14059,106,50.78784564208985,304,🔭LEAPS,HOLD,1
HOOD,2026-04-17,115.0,0.08,2773,106,63.67223828125,31,🚬菸屁股,HOLD,1
HIMS,2027-01-15,40.0,5.48,8447,104,100.98926458740235,304,🔭LEAPS,HOLD,1
ONDS,2027-01-15,25.0,1.49,6108,104,102.63720556640625,304,🔭LEAPS,HOLD,1
IBIT,2026-05-15,70.0,0.09,21730,103,60.74258007812501,59,🚬菸屁股,HOLD,1
SOFI,2026-05-15,26.0,0.2,6345,103,66.99251757812502,59,🚬菸屁股,HOLD,1
JOBY,2026-07-17,17.0,0.34,1126,103,81.445498046875,122,🚬菸屁股,HOLD,1
TSLA,2026-05-15,710.0,0.24,6307,101,55.42036767578126,59,🚬菸屁股,HOLD,1
NTLA,2028-01-21,7.5,9.0,904,100,105.37156689453124,675,🔭LEAPS,HOLD,1
ONDS,2028-01-21,12.0,5.15,8242,100,104.88328808593752,675,🔭LEAPS,HOLD,1
SOFI,2028-01-21,18.0,6.6,2110,99,73.85280053710936,675,🔭LEAPS,HOLD,1
SOFI,2028-06-16,40.0,3.1,3871,97,69.36065795898439,822,🔭LEAPS,HOLD,1
SOFI,2028-01-21,15.0,7.9,9979,94,76.85570019531252,675,🔭LEAPS,HOLD,1
PATH,2026-04-17,16.0,0.08,776,94,70.70341796875,31,🚬菸屁股,HOLD,1
OPEN,2028-01-21,7.0,2.27,10770,94,103.02782861328126,675,🔭LEAPS,HOLD,1
SOFI,2026-05-15,28.0,0.13,8638,92,69.92217578125,59,🚬菸屁股,HOLD,1
SOFI,2027-01-15,45.0,0.49,11979,92,67.96907031250001,304,🔭LEAPS,HOLD,1
SOFI,2028-01-21,40.0,2.45,8515,91,68.72589868164063,675,🔭LEAPS,HOLD,1
HIMS,2026-04-17,33.0,0.84,883,91,102.05127099609376,31,🚬菸屁股,HOLD,1
HOOD,2026-05-15,120.0,0.48,3555,90,67.09017285156251,59,🚬菸屁股,HOLD,1
SOFI,2028-06-16,23.0,5.95,2655,89,72.24148852539062,822,🔭LEAPS,HOLD,1
AAPL,2026-05-15,310.0,0.32,16053,88,26.367923828125,59,🚬菸屁股,HOLD,1
PATH,2028-01-21,22.0,2.55,3927,88,77.44163183593751,675,🔭LEAPS,HOLD,1
OPEN,2026-05-15,9.0,0.11,10337,88,99.60937890625,59,🚬菸屁股,HOLD,1
HIMS,2026-05-15,50.0,0.65,1135,88,120.99648876953123,59,🚬菸屁股,HOLD,1
JOBY,2026-08-21,15.0,0.75,1138,88,79.883013671875,157,🚬菸屁股,HOLD,1
NVDA,2028-01-21,180.0,52.71,14435,87,52.843183975219745,675,🔭LEAPS,HOLD,1
IBIT,2027-01-15,65.0,2.53,15418,85,53.30857238769531,304,🔭LEAPS,HOLD,1
AAPL,2027-01-15,290.0,14.26,7060,84,29.7583928527832,304,🔭LEAPS,HOLD,1
TSLA,2027-01-15,700.0,14.05,15157,83,52.18858847045899,304,🔭LEAPS,HOLD,1
PATH,2026-05-15,18.0,0.15,5424,83,75.39087109375001,59,🚬菸屁股,HOLD,1
PLTR,2027-01-15,250.0,9.1,9469,82,56.509834320068364,304,🔭LEAPS,HOLD,1
ASTS,2026-04-17,160.0,0.36,995,82,102.1489267578125,31,🚬菸屁股,HOLD,1
NVDA,2026-04-17,270.0,0.04,6992,81,48.633326171875005,31,🚬菸屁股,HOLD,1
SOFI,2027-01-15,32.0,1.21,14196,81,66.06479248046875,304,🔭LEAPS,HOLD,1
IBIT,2028-06-16,5.0,36.03,6775,80,79.9806689453125,822,🔭LEAPS,HOLD,1
TSLA,2026-07-17,990.0,0.17,8340,79,57.22699023437501,122,🚬菸屁股,HOLD,1
AAPL,2027-01-15,450.0,0.42,16911,79,28.62620202636719,304,🔭LEAPS,HOLD,1
IBIT,2026-05-15,60.0,0.21,16768,79,52.6371923828125,59,🚬菸屁股,HOLD,1
IREN,2027-01-15,85.0,6.92,2606,79,97.31447998046875,304,🔭LEAPS,HOLD,1
ACHR,2028-01-21,5.0,3.23,3554,77,92.0899228515625,675,🔭LEAPS,HOLD,1
NNE,2027-01-15,30.0,4.35,3252,77,81.445498046875,304,🔭LEAPS,HOLD,1
SMCI,2027-01-15,60.0,2.61,10105,76,73.05935144042968,304,🔭LEAPS,HOLD,1
SMR,2027-01-15,30.0,1.57,4310,76,107.37351000976565,304,🔭LEAPS,HOLD,1
GOOG,2027-01-15,400.0,12.5,7954,75,35.44070907592772,304,🔭LEAPS,HOLD,1
UPST,2026-04-17,35.0,0.54,3399,75,74.414318359375,31,🚬菸屁股,HOLD,1
JOBY,2027-01-15,10.0,2.84,13748,75,82.71501660156248,304,🔭LEAPS,HOLD,1
JOBY,2027-01-15,20.0,0.89,12061,75,81.445498046875,304,🔭LEAPS,HOLD,1
XYZ,2027-01-15,145.0,0.77,23777,74,54.810022216796895,304,🔭LEAPS,HOLD,1
ACHR,2026-07-17,11.0,0.21,929,74,83.20329296874999,122,🚬菸屁股,HOLD,1
HIMS,2026-04-17,34.0,0.77,1406,73,103.80907470703127,31,🚬菸屁股,HOLD,1
PACB,2027-01-15,5.0,0.28,2840,72,126.172244140625,304,🔭LEAPS,HOLD,1
GOOG,2027-01-15,300.0,44.74,6107,71,40.12358460998534,304,🔭LEAPS,HOLD,1
OPEN,2027-01-15,2.5,5.7,6713,71,0.0010000000000000002,304,🔭LEAPS,HOLD,1
ACHR,2026-07-17,8.0,0.58,1730,71,84.76577734374999,122,🚬菸屁股,HOLD,1
DKNG,2026-05-15,52.5,0.01,2501,70,83.20329296874999,59,🚬菸屁股,HOLD,1
OPEN,2026-05-15,14.0,0.07,1949,70,115.625421875,59,🚬菸屁股,HOLD,1
MSTR,2027-01-15,500.0,3.95,5132,68,81.0426700439453,304,🔭LEAPS,HOLD,1
PLTR,2027-01-15,180.0,23.38,5243,68,58.96647479248047,304,🔭LEAPS,HOLD,1
NNE,2026-04-17,27.0,0.83,2019,67,89.30674755859374,31,🚬菸屁股,HOLD,1
HOOD,2027-01-15,125.0,6.3,1738,66,65.4422401123047,304,🔭LEAPS,HOLD,1
TDOC,2026-04-17,7.0,0.09,3448,66,76.562734375,31,🚬菸屁股,HOLD,1
ONDS,2028-01-21,7.0,6.51,4324,66,104.29735351562503,675,🔭LEAPS,HOLD,1
AAPL,2027-01-15,330.0,5.45,15434,65,27.677114837646478,304,🔭LEAPS,HOLD,1
ONDS,2027-01-15,5.5,6.3,4506,65,107.42233789062503,304,🔭LEAPS,HOLD,1
AAPL,2027-01-15,350.0,3.3,16440,64,27.27733856201171,304,🔭LEAPS,HOLD,1
HOOD,2026-05-15,125.0,0.32,1246,64,66.60189648437502,59,🚬菸屁股,HOLD,1
HIMS,2027-01-15,45.0,4.72,2613,64,102.90575891113285,304,🔭LEAPS,HOLD,1
ONDS,2026-04-17,16.0,0.25,845,64,118.35978320312499,31,🚬菸屁股,HOLD,1
PATH,2027-01-15,10.0,3.91,8176,63,79.29708203125,304,🔭LEAPS,HOLD,1
OPEN,2026-05-15,15.0,0.03,7775,63,117.1879140625,59,🚬菸屁股,HOLD,1
OPEN,2026-08-21,12.0,0.21,859,63,96.289099609375,157,🚬菸屁股,HOLD,1
RKLB,2027-01-15,120.0,10.68,1119,62,85.80336462402343,304,🔭LEAPS,HOLD,1
HOOD,2027-01-15,110.0,8.83,4307,62,66.62631030273441,304,🔭LEAPS,HOLD,1
ACHR,2026-03-20,9.0,0.01,31366,62,143.75028125,3,🎲末日結算 🚬菸屁股 🔥萬人塚,HOLD,1
SOFI,2027-01-15,10.0,9.0,24532,61,84.91226025390624,304,🔭LEAPS,HOLD,1
OKLO,2026-04-17,100.0,0.35,1856,60,98.53517089843751,31,🚬菸屁股,HOLD,1
UPST,2026-04-17,40.0,0.2,972,60,78.32052929687501,31,🚬菸屁股,HOLD,1
HIMS,2027-01-15,105.0,1.42,3691,60,112.79340478515624,304,🔭LEAPS,HOLD,1
NVDA,2026-04-17,280.0,0.02,6470,59,50.0005,31,🚬菸屁股,HOLD,1
IONQ,2027-01-15,60.0,4.85,1920,59,89.42881665039062,304,🔭LEAPS,HOLD,1
PATH,2026-04-17,20.0,0.02,2104,59,85.937640625,31,🚬菸屁股,HOLD,1
HOOD,2027-01-15,140.0,4.57,2087,58,66.10141320800781,304,🔭LEAPS,HOLD,1
HIMS,2027-01-15,60.0,3.31,6550,58,102.83251708984378,304,🔭LEAPS,HOLD,1
TSLA,2027-01-15,800.0,8.6,10676,57,52.933209930419935,304,🔭LEAPS,HOLD,1
SOFI,2026-04-17,32.0,0.03,2719,57,91.4063359375,31,🚬菸屁股,HOLD,1
HOOD,2026-04-17,140.0,0.02,3325,57,76.562734375,31,🚬菸屁股,HOLD,1
ACHR,2026-07-17,7.0,0.87,1908,57,81.5431533203125,122,🚬菸屁股,HOLD,1
TSLA,2027-01-15,550.0,31.6,5948,56,51.637751693725576,304,🔭LEAPS,HOLD,1
SOFI,2027-01-15,47.0,0.4,16525,56,67.09017285156251,304,🔭LEAPS,HOLD,1
ONDS,2028-01-21,20.0,3.7,11562,56,100.92822973632813,675,🔭LEAPS,HOLD,1
NVDA,2027-01-15,350.0,2.34,6498,55,44.15339050292969,304,🔭LEAPS,HOLD,1
TSLA,2027-01-15,450.0,55.47,6668,54,52.13213151550291,304,🔭LEAPS,HOLD,1
HOOD,2027-01-15,150.0,3.7,9657,54,64.96617065429689,304,🔭LEAPS,HOLD,1
TDOC,2026-04-17,5.0,0.73,4617,54,70.312796875,31,🚬菸屁股,HOLD,1
IBIT,2028-01-21,100.0,3.41,15624,53,58.350025878906244,675,🔭LEAPS,HOLD,1
HOOD,2027-01-15,200.0,1.46,9001,53,64.3558251953125,304,🔭LEAPS,HOLD,1
NVDA,2028-01-21,190.0,48.35,10169,52,52.180959152221675,675,🔭LEAPS,HOLD,1
PATH,2027-01-15,12.0,3.0,7583,52,81.05487695312499,304,🔭LEAPS,HOLD,1
ACHR,2028-01-21,20.0,1.07,4568,52,96.0937890625,675,🔭LEAPS,HOLD,1
ACHR,2026-04-17,14.0,0.02,3484,50,132.81283593749998,31,🚬菸屁股,HOLD,1
SMCI,2028-01-21,35.0,11.65,1119,49,75.87914746093752,675,🔭LEAPS,HOLD,1
HIMS,2026-04-17,32.0,0.97,2124,49,100.09815576171874,31,🚬菸屁股,HOLD,1
PATH,2028-01-21,15.0,3.76,9356,48,78.73556420898437,675,🔭LEAPS,HOLD,1
AAPL,2027-01-15,310.0,8.95,12963,47,28.522443298339837,304,🔭LEAPS,HOLD,1
U,2026-05-15,26.0,0.97,1312,47,84.961087890625,59,🚬菸屁股,HOLD,1
XYZ,2027-01-15,70.0,8.55,1571,47,56.311472045898434,304,🔭LEAPS,HOLD,1
NVDA,2028-01-21,220.0,37.9,7522,46,50.632207550048825,675,🔭LEAPS,HOLD,1
SMCI,2026-05-15,45.0,0.71,6232,46,73.24245507812499,59,🚬菸屁股,HOLD,1
HIMS,2028-01-21,95.0,5.33,2006,46,102.52734283447266,675,🔭LEAPS,HOLD,1
AAPL,2026-05-15,320.0,0.19,9125,45,27.32006274414062,59,🚬菸屁股,HOLD,1
IREN,2028-01-21,105.0,11.2,1757,45,91.22323229980469,675,🔭LEAPS,HOLD,1
PACB,2028-01-21,5.0,0.65,1330,45,137.10968945312501,675,🔭LEAPS,HOLD,1
IBIT,2028-01-21,60.0,8.76,6150,44,60.60220062255861,675,🔭LEAPS,HOLD,1
SOFI,2026-04-17,47.0,0.02,1539,44,125.00037499999999,31,🚬菸屁股,HOLD,1
SOFI,2027-01-15,7.0,11.3,12589,44,105.12742749023438,304,🔭LEAPS,HOLD,1
NVDA,2027-01-15,140.0,58.9,13603,43,55.66450585937501,304,🔭LEAPS,HOLD,1
IREN,2027-01-15,70.0,9.42,7654,43,97.52199743652343,304,🔭LEAPS,HOLD,1
PATH,2026-08-21,17.0,0.88,1683,42,77.3439765625,157,🚬菸屁股,HOLD,1
ZM,2026-05-15,90.0,0.93,902,42,41.94393994140625,59,🚬菸屁股,HOLD,1
MSTR,2026-04-17,250.0,0.35,14079,40,83.93570751953125,31,🚬菸屁股,HOLD,1
SOFI,2026-05-15,39.0,0.05,1785,40,88.2813671875,59,🚬菸屁股,HOLD,1
HOOD,2026-04-17,200.0,0.01,998,40,144.3362158203125,31,🚬菸屁股,HOLD,1
UPST,2028-01-21,80.0,4.09,1147,38,87.40246972656249,675,🔭LEAPS,HOLD,1
PATH,2028-01-21,10.0,5.41,4729,38,83.25212060546873,675,🔭LEAPS,HOLD,1
ACHR,2027-01-15,25.0,0.22,22975,38,96.0937890625,304,🔭LEAPS,HOLD,1
AAPL,2028-01-21,350.0,14.54,6217,37,31.079790771484372,675,🔭LEAPS,HOLD,1
JOBY,2028-01-21,12.0,3.69,3040,37,87.64660791015625,675,🔭LEAPS,HOLD,1
IONQ,2028-01-21,50.0,11.9,1589,36,92.10212976074219,675,🔭LEAPS,HOLD,1
UPST,2028-01-21,40.0,9.3,2508,36,86.31605480957032,675,🔭LEAPS,HOLD,1
SOFI,2028-06-16,45.0,2.64,3231,36,69.06769213867189,822,🔭LEAPS,HOLD,1
CRSP,2026-04-17,60.0,0.77,1702,36,63.574583007812514,31,🚬菸屁股,HOLD,1
ONDS,2027-01-15,17.0,2.47,6012,36,105.61570629882814,304,🔭LEAPS,HOLD,1
IONQ,2027-01-15,40.0,8.7,2922,35,90.77157666015624,304,🔭LEAPS,HOLD,1
ACHR,2027-01-15,20.0,0.34,17738,35,92.9688203125,304,🔭LEAPS,HOLD,1
MSFT,2027-01-15,800.0,0.66,9188,34,33.38689660644532,304,🔭LEAPS,HOLD,1
IBIT,2027-01-15,85.0,1.01,15297,34,54.34615966796876,304,🔭LEAPS,HOLD,1
SOFI,2026-05-15,33.0,0.08,2910,34,79.687703125,59,🚬菸屁股,HOLD,1
SOFI,2028-06-16,10.0,10.88,2093,34,84.69253588867187,822,🔭LEAPS,HOLD,1
HIMS,2027-01-15,35.0,6.47,3647,34,102.7592752685547,304,🔭LEAPS,HOLD,1
NNE,2026-04-17,26.0,0.95,2172,34,87.0118486328125,31,🚬菸屁股,HOLD,1
CRWV,2027-01-15,150.0,11.9,9820,34,86.84705535888672,304,🔭LEAPS,HOLD,1
PLTR,2027-01-15,120.0,50.97,7630,33,65.4849642944336,304,🔭LEAPS,HOLD,1
U,2026-08-21,55.0,0.31,5487,33,86.132951171875,157,🚬菸屁股,HOLD,1
HOOD,2027-01-15,180.0,2.05,9168,33,64.7464462890625,304,🔭LEAPS,HOLD,1
OPEN,2027-01-15,0.5,7.39,10843,33,0.0010000000000000002,304,🔭LEAPS,HOLD,1
JOBY,2028-01-21,32.0,1.52,6674,33,85.4493642578125,675,🔭LEAPS,HOLD,1
ACHR,2028-01-21,12.0,1.71,3072,33,90.18564501953125,675,🔭LEAPS,HOLD,1
NVDA,2026-04-17,260.0,0.06,17735,32,46.48491015625,31,🚬菸屁股,HOLD,1
PLTR,2027-01-15,210.0,15.69,10972,32,57.52605950927734,304,🔭LEAPS,HOLD,1
SOFI,2028-06-16,32.0,4.14,8518,32,70.14190014648437,822,🔭LEAPS,HOLD,1
DKNG,2026-05-15,32.5,0.5,1268,32,59.6683720703125,59,🚬菸屁股,HOLD,1
U,2026-04-17,23.0,0.77,3695,32,77.6369423828125,31,🚬菸屁股,HOLD,1
U,2027-01-15,42.0,1.76,7500,32,78.0275634765625,304,🔭LEAPS,HOLD,1
PATH,2026-05-15,19.0,0.1,4041,32,77.929908203125,59,🚬菸屁股,HOLD,1
OPEN,2027-01-15,15.0,0.47,9358,32,99.804689453125,304,🔭LEAPS,HOLD,1
ACHR,2028-01-21,15.0,1.44,11587,32,89.55088574218748,675,🔭LEAPS,HOLD,1
IONQ,2027-01-15,35.0,10.2,3026,31,89.95371374511718,304,🔭LEAPS,HOLD,1
SOFI,2026-04-17,31.0,0.03,4213,31,85.937640625,31,🚬菸屁股,HOLD,1
SOFI,2026-07-17,24.0,0.84,975,31,63.37927246093751,122,🚬菸屁股,HOLD,1
U,2027-01-15,20.0,5.6,1999,31,80.90839404296875,304,🔭LEAPS,HOLD,1
OPEN,2027-01-15,5.5,4.45,4378,31,1.5634843750000003,304,🔭LEAPS,HOLD,1
ONDS,2027-01-15,5.0,6.23,5062,31,113.47699511718751,304,🔭LEAPS,HOLD,1
IBIT,2026-03-20,60.0,0.01,54815,30,109.375453125,3,🎲末日結算 🚬菸屁股 🔥萬人塚,HOLD,1
IBIT,2028-06-16,40.0,16.75,6854,30,65.73520593261719,822,🔭LEAPS,HOLD,1
JOBY,2026-07-17,15.0,0.5,3490,30,77.44163183593751,122,🚬菸屁股,HOLD,1
NVDA,2028-01-21,280.0,23.3,6693,29,49.16585258483887,675,🔭LEAPS,HOLD,1
AAPL,2026-05-15,350.0,0.04,14021,29,31.445998046874994,59,🚬菸屁股,HOLD,1
PLTR,2027-01-15,130.0,45.11,5950,29,64.03844555664062,304,🔭LEAPS,HOLD,1
RKLB,2026-04-17,145.0,0.04,932,29,100.9770576171875,31,🚬菸屁股,HOLD,1
MSTR,2027-01-15,1080.0,1.0,10014,28,92.94440649414062,304,🔭LEAPS,HOLD,1
PLTR,2027-01-15,160.0,31.07,8157,28,60.45571771240237,304,🔭LEAPS,HOLD,1
SMR,2028-01-21,10.0,7.15,1048,28,109.52193676757815,675,🔭LEAPS,HOLD,1
SOFI,2026-08-21,30.0,0.53,6953,27,66.16244775390626,157,🚬菸屁股,HOLD,1
U,2027-01-15,50.0,1.0,2703,27,79.83418603515625,304,🔭LEAPS,HOLD,1
HIMS,2027-01-15,22.0,10.15,1280,27,103.19872619628909,304,🔭LEAPS,HOLD,1
SMR,2027-01-15,25.0,1.99,3158,27,108.10592822265626,304,🔭LEAPS,HOLD,1
AAPL,2026-04-17,320.0,0.04,11483,26,31.055376953125,31,🚬菸屁股,HOLD,1
RKLB,2027-01-15,115.0,11.63,1510,26,87.43298699951171,304,🔭LEAPS,HOLD,1
SOFI,2028-01-21,23.0,5.2,2559,26,70.54472814941408,675,🔭LEAPS,HOLD,1
XYZ,2027-01-15,100.0,2.95,4799,26,53.967745483398446,304,🔭LEAPS,HOLD,1
LUNR,2027-01-15,20.0,5.4,18579,26,102.44189404296877,304,🔭LEAPS,HOLD,1
SMR,2026-04-17,18.0,0.18,1317,26,101.172369140625,31,🚬菸屁股,HOLD,1
NVDA,2028-01-21,175.0,55.45,10013,25,53.19413261413575,675,🔭LEAPS,HOLD,1
AAPL,2027-01-15,220.0,51.46,7439,25,38.36578968811035,304,🔭LEAPS,HOLD,1
IONQ,2028-01-21,100.0,6.5,772,25,91.76033630371094,675,🔭LEAPS,HOLD,1
UPST,2027-01-15,125.0,0.58,2060,25,89.16026464843749,304,🔭LEAPS,HOLD,1
DKNG,2026-05-15,35.0,0.27,3099,25,58.5941640625,59,🚬菸屁股,HOLD,1
HOOD,2027-01-15,170.0,2.5,8538,25,64.56334265136718,304,🔭LEAPS,HOLD,1
NVDA,2028-01-21,170.0,57.61,6066,24,53.613745117187506,675,🔭LEAPS,HOLD,1
OKLO,2027-01-15,150.0,4.95,12920,24,92.85895812988281,304,🔭LEAPS,HOLD,1
HOOD,2027-01-15,105.0,9.8,1999,24,66.67513793945315,304,🔭LEAPS,HOLD,1
LUNR,2027-01-15,25.0,4.45,1678,24,99.73144799804687,304,🔭LEAPS,HOLD,1
SMR,2026-08-21,35.0,0.47,2844,24,112.5004375,157,🚬菸屁股,HOLD,1
SMR,2027-01-15,17.0,3.18,1760,24,106.00632934570315,304,🔭LEAPS,HOLD,1
CRWV,2027-01-15,160.0,10.97,1520,24,87.26209027099607,304,🔭LEAPS,HOLD,1
CRWV,2027-01-15,230.0,4.43,1145,24,84.74136352539061,304,🔭LEAPS,HOLD,1
U,2028-01-21,65.0,2.56,2185,23,76.83128637695313,675,🔭LEAPS,HOLD,1
HIMS,2028-01-21,40.0,10.05,1630,23,102.82031011962893,675,🔭LEAPS,HOLD,1
JOBY,2028-01-21,5.0,6.48,1861,23,102.34423828125001,675,🔭LEAPS,HOLD,1
ACHR,2026-07-17,15.0,0.08,1401,23,87.500125,122,🚬菸屁股,HOLD,1
NVDA,2026-05-15,300.0,0.06,6431,22,45.9966337890625,59,🚬菸屁股,HOLD,1
NVDA,2028-01-21,270.0,25.74,5635,22,49.33827517700197,675,🔭LEAPS,HOLD,1
IBIT,2026-05-15,53.0,0.58,5325,22,50.19581054687501,59,🚬菸屁股,HOLD,1
DKNG,2026-05-15,40.0,0.1,1519,22,61.52382226562501,59,🚬菸屁股,HOLD,1
HOOD,2026-05-15,140.0,0.14,6879,22,67.87141503906251,59,🚬菸屁股,HOLD,1
HIMS,2027-01-15,100.0,1.49,3740,22,106.05515722656251,304,🔭LEAPS,HOLD,1
SMR,2026-04-17,21.0,0.1,891,22,108.984830078125,31,🚬菸屁股,HOLD,1
SMR,2027-01-15,10.0,6.0,2010,22,110.54732226562503,304,🔭LEAPS,HOLD,1
TSLA,2026-05-15,800.0,0.09,7247,21,60.84023535156251,59,🚬菸屁股,HOLD,1
NVDA,2028-01-21,350.0,14.0,15619,21,48.75234353637696,675,🔭LEAPS,HOLD,1
AMD,2027-01-15,310.0,12.6,5525,21,55.859816406250005,304,🔭LEAPS,HOLD,1
PATH,2028-01-21,8.0,6.33,2037,21,110.35201074218752,675,🔭LEAPS,HOLD,1
HOOD,2026-04-17,150.0,0.02,3817,21,79.687703125,31,🚬菸屁股,HOLD,1
HOOD,2028-01-21,200.0,7.25,3251,21,65.83286120605469,675,🔭LEAPS,HOLD,1
SMR,2027-01-15,40.0,1.14,2312,21,114.55120849609375,304,🔭LEAPS,HOLD,1
SMR,2028-01-21,85.0,1.65,1325,21,109.05807189941407,675,🔭LEAPS,HOLD,1
AMD,2026-05-15,290.0,0.92,7733,20,55.12740185546876,59,🚬菸屁股,HOLD,1
MSFT,2027-01-15,675.0,1.95,25678,20,31.64741204833984,304,🔭LEAPS,HOLD,1
IBIT,2028-01-21,70.0,6.83,17093,20,60.08340698242189,675,🔭LEAPS,HOLD,1
SOFI,2026-04-17,37.0,0.03,1006,20,123.43788281249999,31,🚬菸屁股,HOLD,1
DKNG,2027-01-15,55.0,0.56,6636,20,52.78367529296876,304,🔭LEAPS,HOLD,1
U,2026-05-15,27.0,0.79,834,20,84.57046679687498,59,🚬菸屁股,HOLD,1
U,2027-01-15,75.0,0.42,1946,20,83.98453515624999,304,🔭LEAPS,HOLD,1
OPEN,2026-05-15,13.0,0.07,1652,20,108.59420703125,59,🚬菸屁股,HOLD,1
PACB,2028-01-21,2.0,0.6,4323,20,114.25824121093751,675,🔭LEAPS,HOLD,1
SMR,2026-05-15,25.0,0.18,1086,20,113.0863720703125,59,🚬菸屁股,HOLD,1
SMR,2027-01-15,12.0,4.48,1686,20,109.86373193359378,304,🔭LEAPS,HOLD,1
IBIT,2027-01-15,120.0,0.41,17229,19,59.52188916015625,304,🔭LEAPS,HOLD,1
SOFI,2026-04-17,33.0,0.03,1245,19,91.4063359375,31,🚬菸屁股,HOLD,1
PATH,2028-01-21,25.0,2.23,8635,19,76.48949291992189,675,🔭LEAPS,HOLD,1
PATH,2028-01-21,30.0,1.79,5418,19,77.58811474609377,675,🔭LEAPS,HOLD,1
HOOD,2027-01-15,160.0,3.04,3314,19,63.9652041015625,304,🔭LEAPS,HOLD,1
TDOC,2026-07-17,8.0,0.33,2048,19,78.711150390625,122,🚬菸屁股,HOLD,1
OPEN,2027-01-15,17.0,2.27,14524,19,25.00075,304,🔭LEAPS,HOLD,1
OPEN,2028-01-21,4.0,3.05,2544,19,102.34423828125001,675,🔭LEAPS,HOLD,1
NNE,2027-01-15,40.0,2.7,1945,19,83.71598315429686,304,🔭LEAPS,HOLD,1
MSFT,2026-04-17,740.0,0.01,7719,18,62.500375000000005,31,🚬菸屁股,HOLD,1
IBIT,2027-01-15,90.0,0.83,23137,18,54.272918212890644,304,🔭LEAPS,HOLD,1
IONQ,2027-01-15,50.0,6.3,4160,18,89.29454064941407,304,🔭LEAPS,HOLD,1
SOFI,2026-05-15,29.0,0.1,3527,18,71.48466015625,59,🚬菸屁股,HOLD,1
SOFI,2028-06-16,35.0,3.78,3940,18,69.99541723632812,822,🔭LEAPS,HOLD,1
XYZ,2027-01-15,75.0,7.5,1572,18,55.37154003906251,304,🔭LEAPS,HOLD,1
NTLA,2027-01-15,20.0,2.95,1641,18,97.60744580078125,304,🔭LEAPS,HOLD,1
MSFT,2026-04-17,550.0,0.07,10575,17,39.942006835937505,31,🚬菸屁股,HOLD,1
MSTR,2027-01-15,1000.0,1.1,8342,17,92.73688903808592,304,🔭LEAPS,HOLD,1
COIN,2026-05-15,370.0,0.82,11478,17,77.12425219726562,59,🚬菸屁股,HOLD,1
RKLB,2026-04-17,120.0,0.19,1882,17,85.35170898437501,31,🚬菸屁股,HOLD,1
UPST,2026-04-17,37.5,0.34,874,17,74.60962890625001,31,🚬菸屁股,HOLD,1
SOFI,2026-08-21,35.0,0.3,871,17,67.18782812500001,157,🚬菸屁股,HOLD,1
IREN,2027-01-15,65.0,11.05,5953,17,96.94827270507812,304,🔭LEAPS,HOLD,1
IREN,2027-01-15,80.0,7.68,7241,17,95.45902978515625,304,🔭LEAPS,HOLD,1
HIMS,2028-01-21,50.0,8.0,2559,17,101.22119702148437,675,🔭LEAPS,HOLD,1
ACHR,2028-01-21,27.0,0.85,14166,17,93.4570966796875,675,🔭LEAPS,HOLD,1
SMR,2026-05-15,19.0,0.4,899,17,105.078599609375,59,🚬菸屁股,HOLD,1
CRWV,2027-01-15,250.0,4.5,1319,17,85.22963989257812,304,🔭LEAPS,HOLD,1
IBIT,2027-01-15,5.0,37.43,20269,16,122.266013671875,304,🔭LEAPS,HOLD,1
SMCI,2026-05-15,55.0,0.23,3025,16,79.5900478515625,59,🚬菸屁股,HOLD,1
DKNG,2026-05-15,45.0,0.07,1588,16,68.7503125,59,🚬菸屁股,HOLD,1
IREN,2026-05-15,110.0,0.22,8344,16,109.96138769531252,59,🚬菸屁股,HOLD,1
HOOD,2028-01-21,290.0,3.37,2845,16,64.72203247070311,675,🔭LEAPS,HOLD,1
JOBY,2026-04-17,17.0,0.04,4302,16,91.4063359375,31,🚬菸屁股,HOLD,1
JOBY,2027-01-15,12.0,2.2,7121,16,81.15253222656249,304,🔭LEAPS,HOLD,1
SMR,2028-01-21,18.0,5.2,1199,16,115.84514733886718,675,🔭LEAPS,HOLD,1
MSFT,2026-05-15,560.0,0.25,5979,15,36.426416992187505,59,🚬菸屁股,HOLD,1
SMCI,2026-05-15,80.0,0.09,1679,15,96.48441015625,59,🚬菸屁股,HOLD,1
OKLO,2026-05-15,150.0,0.12,857,15,104.59032080078129,59,🚬菸屁股,HOLD,1
SOFI,2026-07-17,28.0,0.43,3145,15,64.062859375,122,🚬菸屁股,HOLD,1
U,2027-01-15,65.0,0.56,2870,15,82.17791259765625,304,🔭LEAPS,HOLD,1
U,2028-01-21,20.0,8.37,5028,15,82.81267187499999,675,🔭LEAPS,HOLD,1
ZM,2027-01-15,115.0,2.49,1328,15,44.37311486816406,304,🔭LEAPS,HOLD,1
NTLA,2027-01-15,7.5,7.3,1055,15,101.22119702148437,304,🔭LEAPS,HOLD,1
HIMS,2027-01-15,70.0,2.56,1550,15,104.56590686035159,304,🔭LEAPS,HOLD,1
SMR,2028-01-21,20.0,5.0,1510,15,108.35006762695313,675,🔭LEAPS,HOLD,1
SMCI,2027-01-15,70.0,1.87,7472,14,74.07252490234374,304,🔭LEAPS,HOLD,1
SMCI,2028-01-21,90.0,4.1,2911,14,73.9138350830078,675,🔭LEAPS,HOLD,1
OKLO,2027-01-15,110.0,8.5,1830,14,89.57529956054687,304,🔭LEAPS,HOLD,1
SOFI,2026-07-17,33.0,0.22,1183,14,66.40658593750001,122,🚬菸屁股,HOLD,1
SOFI,2027-01-15,42.0,0.57,6509,14,66.50424121093752,304,🔭LEAPS,HOLD,1
U,2028-01-21,25.0,6.88,1227,14,81.06708386230468,675,🔭LEAPS,HOLD,1
HOOD,2027-01-15,130.0,5.6,3418,14,66.08920629882813,304,🔭LEAPS,HOLD,1
ZM,2026-05-15,95.0,0.54,1282,14,42.84725122070313,59,🚬菸屁股,HOLD,1
CRSP,2026-04-17,70.0,0.33,2557,14,85.25405371093751,31,🚬菸屁股,HOLD,1
JOBY,2028-01-21,10.0,4.4,6016,14,86.76771044921875,675,🔭LEAPS,HOLD,1
SMR,2026-05-15,23.0,0.24,950,14,112.30512597656251,59,🚬菸屁股,HOLD,1
CRWV,2027-01-15,280.0,2.9,9745,14,84.80239807128906,304,🔭LEAPS,HOLD,1
MSFT,2026-04-17,520.0,0.1,9833,13,35.059243164062494,31,🚬菸屁股,HOLD,1
AAPL,2028-01-21,300.0,28.16,5326,13,32.3950852355957,675,🔭LEAPS,HOLD,1
IBIT,2028-06-16,100.0,4.9,24223,13,59.936924072265626,822,🔭LEAPS,HOLD,1
SMCI,2027-01-15,25.0,12.0,2692,13,79.17501293945313,304,🔭LEAPS,HOLD,1
OKLO,2027-01-15,125.0,6.84,2036,13,91.14999084472657,304,🔭LEAPS,HOLD,1
RKLB,2027-01-15,125.0,9.45,971,13,84.99160516357422,304,🔭LEAPS,HOLD,1
IONQ,2026-04-17,65.0,0.09,2730,13,104.29735351562503,31,🚬菸屁股,HOLD,1
IONQ,2026-04-17,120.0,0.01,776,13,146.875265625,31,🚬菸屁股,HOLD,1
SOFI,2026-05-15,31.0,0.09,1378,13,73.24245507812499,59,🚬菸屁股,HOLD,1
SOFI,2028-01-21,37.0,2.84,1633,13,68.06672558593752,675,🔭LEAPS,HOLD,1
HOOD,2026-04-17,160.0,0.01,863,13,88.2813671875,31,🚬菸屁股,HOLD,1
HOOD,2026-05-15,130.0,0.23,2206,13,69.04327832031252,59,🚬菸屁股,HOLD,1
HOOD,2028-01-21,150.0,11.91,2675,13,67.24581094360353,675,🔭LEAPS,HOLD,1
NTLA,2026-04-17,20.0,0.1,3846,13,92.57819921875,31,🚬菸屁股,HOLD,1
SMR,2027-01-15,15.0,3.75,5135,13,106.98288696289065,304,🔭LEAPS,HOLD,1
SMR,2027-01-15,37.0,1.15,890,13,108.74069067382814,304,🔭LEAPS,HOLD,1
AAPL,2027-01-15,230.0,44.2,9691,12,36.775839767456056,304,🔭LEAPS,HOLD,1
SMCI,2027-01-15,32.0,8.35,1129,12,75.586181640625,304,🔭LEAPS,HOLD,1
OKLO,2027-01-15,120.0,7.38,1460,12,89.50205810546873,304,🔭LEAPS,HOLD,1
SOFI,2026-05-15,47.0,0.03,920,12,92.187578125,59,🚬菸屁股,HOLD,1
DKNG,2028-01-21,37.5,5.05,1113,12,59.81485498046876,675,🔭LEAPS,HOLD,1
PATH,2027-01-15,27.0,0.7,5166,12,78.2228740234375,304,🔭LEAPS,HOLD,1
HOOD,2026-04-17,145.0,0.03,917,12,90.62509374999999,31,🚬菸屁股,HOLD,1
JOBY,2028-01-21,20.0,2.36,4407,12,87.93957373046875,675,🔭LEAPS,HOLD,1
NVDA,2027-01-15,155.0,49.25,6585,11,53.0400203857422,304,🔭LEAPS,HOLD,1
NVDA,2028-01-21,360.0,13.35,5154,11,48.71572280883789,675,🔭LEAPS,HOLD,1
UPST,2027-01-15,65.0,1.82,775,11,83.52067260742186,304,🔭LEAPS,HOLD,1
SOFI,2026-05-15,38.0,0.05,852,11,85.937640625,59,🚬菸屁股,HOLD,1
DKNG,2026-05-15,42.5,0.05,1931,11,66.99251757812502,59,🚬菸屁股,HOLD,1
U,2026-04-17,35.0,0.07,3500,11,113.28168359375002,31,🚬菸屁股,HOLD,1
U,2027-01-15,35.0,2.19,1195,11,79.54122021484375,304,🔭LEAPS,HOLD,1
HOOD,2026-05-15,155.0,0.08,1087,11,77.3439765625,59,🚬菸屁股,HOLD,1
HOOD,2026-05-15,160.0,0.01,1782,11,83.39860351562498,59,🚬菸屁股,HOLD,1
XYZ,2027-01-15,97.5,4.6,1244,11,53.430641479492195,304,🔭LEAPS,HOLD,1
HIMS,2027-01-15,27.0,8.3,1023,11,103.19872619628909,304,🔭LEAPS,HOLD,1
ONDS,2026-04-17,17.0,0.15,1676,11,120.70352148437497,31,🚬菸屁股,HOLD,1
ONDS,2028-01-21,2.0,7.85,1031,11,129.6878515625,675,🔭LEAPS,HOLD,1
LUNR,2027-01-15,10.0,9.6,5279,11,106.64109179687502,304,🔭LEAPS,HOLD,1
CRWV,2026-04-17,140.0,0.17,2148,11,81.83611914062499,31,🚬菸屁股,HOLD,1
TSLA,2028-01-21,900.0,31.2,5033,10,55.79344133758545,675,🔭LEAPS,HOLD,1
NVDA,2026-08-21,420.0,0.06,6102,10,45.9966337890625,157,🚬菸屁股,HOLD,1
MSFT,2026-04-17,640.0,0.02,6342,10,50.39112109375,31,🚬菸屁股,HOLD,1
SMCI,2026-05-15,70.0,0.09,2750,10,87.30481445312499,59,🚬菸屁股,HOLD,1
IONQ,2026-05-15,70.0,0.24,1526,10,99.60937890625,59,🚬菸屁股,HOLD,1
IONQ,2028-01-21,80.0,7.83,1184,10,90.429783203125,675,🔭LEAPS,HOLD,1
SOFI,2026-05-15,32.0,0.07,1340,10,76.562734375,59,🚬菸屁股,HOLD,1
SOFI,2026-07-17,32.0,0.26,753,10,66.21127539062502,122,🚬菸屁股,HOLD,1
SOFI,2026-07-17,35.0,0.17,1610,10,69.14093359375,122,🚬菸屁股,HOLD,1
DKNG,2026-05-15,50.0,0.12,3041,10,78.51583984375,59,🚬菸屁股,HOLD,1
DKNG,2027-01-15,35.0,2.55,6638,10,57.78850805664062,304,🔭LEAPS,HOLD,1
DKNG,2027-01-15,50.0,0.67,14303,10,56.34809277343751,304,🔭LEAPS,HOLD,1
U,2026-04-17,50.0,0.03,2327,10,133.59408203124997,31,🚬菸屁股,HOLD,1
U,2026-05-15,39.0,0.26,781,10,92.187578125,59,🚬菸屁股,HOLD,1
U,2026-05-15,55.0,0.05,973,10,111.71919140624999,59,🚬菸屁股,HOLD,1
U,2027-01-15,15.0,8.0,1074,10,86.79212426757812,304,🔭LEAPS,HOLD,1
U,2027-01-15,37.0,2.2,2599,10,79.85859985351563,304,🔭LEAPS,HOLD,1
PATH,2026-05-15,21.0,0.06,4400,10,80.4689453125,59,🚬菸屁股,HOLD,1
HOOD,2026-07-17,150.0,0.5,1449,10,68.4573466796875,122,🚬菸屁股,HOLD,1
TDOC,2026-04-17,12.0,0.26,773,10,131.25034374999998,31,🚬菸屁股,HOLD,1
XYZ,2027-01-15,125.0,1.42,5175,10,54.529263305664074,304,🔭LEAPS,HOLD,1
XYZ,2027-01-15,130.0,1.59,1941,10,54.297332031250015,304,🔭LEAPS,HOLD,1
PACB,2027-01-15,1.0,0.65,2502,10,123.047259765625,304,🔭LEAPS,HOLD,1
PACB,2027-01-15,2.0,0.4,5356,10,110.9379453125,304,🔭LEAPS,HOLD,1
HIMS,2027-01-15,95.0,1.7,884,10,108.44772338867186,304,🔭LEAPS,HOLD,1
ACHR,2027-01-15,4.0,2.92,4827,10,88.76964355468748,304,🔭LEAPS,HOLD,1
CRWV,2027-01-15,175.0,8.11,1109,10,86.36488244628906,304,🔭LEAPS,HOLD,1
TSLA,2027-01-15,950.0,4.7,16923,9,54.14169393920901,304,🔭LEAPS,HOLD,1
AMD,2026-04-17,310.0,0.08,6519,9,58.984785156250005,31,🚬菸屁股,HOLD,1
AMD,2027-01-15,400.0,5.15,5116,9,55.68281622314455,304,🔭LEAPS,HOLD,1
SMCI,2026-05-15,90.0,0.02,6813,9,101.95361523437501,59,🚬菸屁股,HOLD,1
IONQ,2027-01-15,80.0,3.0,1414,9,90.69833520507812,304,🔭LEAPS,HOLD,1
SOFI,2026-07-17,40.0,0.12,2230,9,70.117486328125,122,🚬菸屁股,HOLD,1
U,2028-01-21,50.0,3.2,1586,9,78.49142602539064,675,🔭LEAPS,HOLD,1
HOOD,2028-01-21,220.0,6.15,752,9,65.56430920410156,675,🔭LEAPS,HOLD,1
XYZ,2026-04-17,80.0,0.14,1378,9,52.14891601562499,31,🚬菸屁股,HOLD,1
HIMS,2028-01-21,75.0,6.4,1683,9,103.61376318359379,675,🔭LEAPS,HOLD,1
ACHR,2026-04-17,12.0,0.02,8359,9,112.5004375,31,🚬菸屁股,HOLD,1
CRWV,2027-01-15,155.0,11.6,2298,9,86.27943408203124,304,🔭LEAPS,HOLD,1
NVDA,2028-01-21,195.0,46.7,5883,8,51.87120883178712,675,🔭LEAPS,HOLD,1
IBIT,2026-05-15,80.0,0.06,17395,8,67.18782812500001,59,🚬菸屁股,HOLD,1
OKLO,2027-01-15,105.0,8.6,10394,8,91.00961138916016,304,🔭LEAPS,HOLD,1
RKLB,2027-01-15,145.0,7.57,5503,8,85.76674389648437,304,🔭LEAPS,HOLD,1
IONQ,2027-01-15,120.0,1.43,3343,8,93.2617861328125,304,🔭LEAPS,HOLD,1
DKNG,2027-01-15,33.0,3.08,831,8,58.984785156250005,304,🔭LEAPS,HOLD,1
IREN,2027-01-15,90.0,6.31,2901,8,94.12847668457032,304,🔭LEAPS,HOLD,1
U,2026-04-17,45.0,0.05,1840,8,109.375453125,31,🚬菸屁股,HOLD,1
PATH,2028-01-21,12.0,4.85,5030,8,80.5666005859375,675,🔭LEAPS,HOLD,1
HOOD,2027-01-15,135.0,5.07,2994,8,64.09948010253908,304,🔭LEAPS,HOLD,1
TDOC,2028-01-21,5.0,2.3,774,8,90.429783203125,675,🔭LEAPS,HOLD,1
OPEN,2027-01-15,3.5,5.25,10804,8,0.0010000000000000002,304,🔭LEAPS,HOLD,1
HIMS,2027-01-15,65.0,2.7,1636,8,103.71141894531253,304,🔭LEAPS,HOLD,1
ONDS,2027-01-15,4.5,6.71,1852,8,121.38711181640622,304,🔭LEAPS,HOLD,1
LUNR,2027-01-15,30.0,3.65,1999,8,102.02685705566408,304,🔭LEAPS,HOLD,1
JOBY,2027-01-15,30.0,0.4,6010,8,86.914193359375,304,🔭LEAPS,HOLD,1
TSLA,2026-04-17,940.0,0.02,12571,7,88.67198828125,31,🚬菸屁股,HOLD,1
AMD,2027-01-15,290.0,16.3,6011,7,55.945264770507805,304,🔭LEAPS,HOLD,1
IBIT,2028-01-21,80.0,5.27,5499,7,59.460854614257805,675,🔭LEAPS,HOLD,1
SMCI,2027-01-15,75.0,1.6,18577,7,74.63404272460939,304,🔭LEAPS,HOLD,1
SMCI,2027-01-15,80.0,1.34,13469,7,75.14673291015625,304,🔭LEAPS,HOLD,1
IONQ,2026-04-17,80.0,0.06,1157,7,122.65663671875001,31,🚬菸屁股,HOLD,1
IONQ,2026-04-17,95.0,0.18,1149,7,127.34411328124997,31,🚬菸屁股,HOLD,1
UPST,2026-04-17,60.0,0.04,1917,7,108.59420703125,31,🚬菸屁股,HOLD,1
SOFI,2026-04-17,44.0,0.02,2233,7,145.703396484375,31,🚬菸屁股,HOLD,1
U,2026-04-17,28.0,0.2,1010,7,82.42205078125,31,🚬菸屁股,HOLD,1
U,2028-01-21,30.0,5.96,3647,7,80.24922094726561,675,🔭LEAPS,HOLD,1
HOOD,2026-07-17,160.0,0.35,937,7,67.6761044921875,122,🚬菸屁股,HOLD,1
TDOC,2026-04-17,9.0,0.02,6307,7,95.312546875,31,🚬菸屁股,HOLD,1
XYZ,2026-05-15,85.0,0.55,976,7,56.64105859375,59,🚬菸屁股,HOLD,1
OPEN,2028-01-21,17.0,3.4,861,7,25.00075,675,🔭LEAPS,HOLD,1
NTLA,2027-01-15,42.0,1.5,918,7,112.98871630859378,304,🔭LEAPS,HOLD,1
TSLA,2028-01-21,800.0,38.73,6417,6,55.461565994262706,675,🔭LEAPS,HOLD,1
IBIT,2027-01-15,115.0,0.41,5590,6,59.25333715820314,304,🔭LEAPS,HOLD,1
SMCI,2028-01-21,38.0,11.0,1397,6,74.8171463623047,675,🔭LEAPS,HOLD,1
OKLO,2027-01-15,260.0,1.55,5104,6,90.40536938476562,304,🔭LEAPS,HOLD,1
IONQ,2028-01-21,70.0,8.9,883,6,92.01668139648437,675,🔭LEAPS,HOLD,1
UPST,2027-01-15,35.0,6.1,940,6,83.5695002441406,304,🔭LEAPS,HOLD,1
UPST,2027-01-15,135.0,0.45,5107,6,89.74619628906248,304,🔭LEAPS,HOLD,1
UPST,2028-01-21,35.0,10.4,840,6,86.67005517578124,675,🔭LEAPS,HOLD,1
DKNG,2027-01-15,40.0,1.59,8896,6,56.665472412109374,304,🔭LEAPS,HOLD,1
U,2026-04-17,55.0,0.1,1916,6,135.15657421875,31,🚬菸屁股,HOLD,1
U,2028-01-21,40.0,4.15,1385,6,78.51583984375,675,🔭LEAPS,HOLD,1
PATH,2028-01-21,35.0,1.43,929,6,76.70921728515626,675,🔭LEAPS,HOLD,1
HOOD,2028-01-21,250.0,4.52,1226,6,65.41782629394532,675,🔭LEAPS,HOLD,1
ZM,2027-01-15,100.0,4.86,6734,6,44.40973559570312,304,🔭LEAPS,HOLD,1
ZM,2027-01-15,120.0,2.5,2042,6,46.53373779296876,304,🔭LEAPS,HOLD,1
OPEN,2026-08-21,15.0,0.15,811,6,102.1489267578125,157,🚬菸屁股,HOLD,1
OPEN,2027-01-15,4.5,4.73,2082,6,0.0010000000000000002,304,🔭LEAPS,HOLD,1
OPEN,2027-01-15,12.0,0.62,2863,6,98.04689453125,304,🔭LEAPS,HOLD,1
NTLA,2027-01-15,12.5,4.97,1729,6,105.46922265625001,304,🔭LEAPS,HOLD,1
ONDS,2028-01-21,3.0,8.26,1223,6,135.93782031249998,675,🔭LEAPS,HOLD,1
NNE,2026-04-17,40.0,0.06,1302,6,104.68797656250001,31,🚬菸屁股,HOLD,1
CRWV,2026-04-17,135.0,0.35,1160,6,85.742330078125,31,🚬菸屁股,HOLD,1
SMCI,2026-05-15,49.0,0.43,1170,5,74.5119736328125,59,🚬菸屁股,HOLD,1
SMCI,2027-01-15,47.0,4.17,1713,5,72.21707470703124,304,🔭LEAPS,HOLD,1
SMCI,2027-01-15,48.0,4.0,1316,5,72.21707470703124,304,🔭LEAPS,HOLD,1
SMCI,2027-01-15,49.0,3.7,872,5,72.3635576171875,304,🔭LEAPS,HOLD,1
UPST,2027-01-15,30.0,7.45,1713,5,84.10660424804688,304,🔭LEAPS,HOLD,1
SOFI,2026-04-17,34.0,0.02,1371,5,96.87503124999999,31,🚬菸屁股,HOLD,1
SOFI,2028-06-16,42.0,3.04,2893,5,69.09210595703127,822,🔭LEAPS,HOLD,1
DKNG,2027-01-15,45.0,1.4,5425,5,55.9574716796875,304,🔭LEAPS,HOLD,1
DKNG,2028-01-21,40.0,4.25,2873,5,58.52092260742188,675,🔭LEAPS,HOLD,1
DKNG,2028-01-21,60.0,1.84,4586,5,57.78850805664062,675,🔭LEAPS,HOLD,1
U,2026-05-15,32.0,0.4,4432,5,87.7930908203125,59,🚬菸屁股,HOLD,1
PATH,2028-01-21,37.0,1.3,3875,5,76.2697685546875,675,🔭LEAPS,HOLD,1
HOOD,2026-05-15,200.0,0.02,773,5,92.9688203125,59,🚬菸屁股,HOLD,1
TDOC,2026-04-17,10.0,0.04,7799,5,117.1879140625,31,🚬菸屁股,HOLD,1
TDOC,2027-01-15,12.5,0.45,1726,5,85.1563984375,304,🔭LEAPS,HOLD,1
TDOC,2027-01-15,15.0,0.34,6992,5,85.54701953125,304,🔭LEAPS,HOLD,1
TDOC,2027-01-15,17.5,0.28,2008,5,92.9688203125,304,🔭LEAPS,HOLD,1
ZM,2027-01-15,105.0,4.37,1321,5,44.977356872558595,304,🔭LEAPS,HOLD,1
NTLA,2026-04-17,31.0,0.85,1085,5,50.0005,31,🚬菸屁股,HOLD,1
HIMS,2028-01-21,90.0,5.55,3403,5,101.55078521728515,675,🔭LEAPS,HOLD,1
ONDS,2027-01-15,3.0,7.55,1583,5,119.141029296875,304,🔭LEAPS,HOLD,1
JOBY,2027-01-15,35.0,0.42,2707,5,88.2813671875,304,🔭LEAPS,HOLD,1
ACHR,2027-01-15,3.0,3.5,4952,5,92.187578125,304,🔭LEAPS,HOLD,1
SMR,2026-04-17,25.0,0.07,1449,5,109.375453125,31,🚬菸屁股,HOLD,1
NNE,2026-04-17,50.0,0.04,1585,5,121.09414453124998,31,🚬菸屁股,HOLD,1
CRWV,2027-01-15,210.0,5.61,1581,5,85.38832971191408,304,🔭LEAPS,HOLD,1
NVDA,2026-05-15,280.0,0.08,8720,4,42.2857333984375,59,🚬菸屁股,HOLD,1
IBIT,2027-01-15,110.0,0.44,23755,4,58.057060058593756,304,🔭LEAPS,HOLD,1
IBIT,2027-01-15,135.0,0.3,12031,4,62.2074091796875,304,🔭LEAPS,HOLD,1
SMCI,2027-01-15,105.0,0.75,6184,4,78.32052929687501,304,🔭LEAPS,HOLD,1
OKLO,2026-05-15,145.0,0.24,960,4,102.73486132812502,59,🚬菸屁股,HOLD,1
OKLO,2027-01-15,250.0,2.36,1336,4,92.6758544921875,304,🔭LEAPS,HOLD,1
SOFI,2028-01-21,32.0,3.34,1167,4,69.2385888671875,675,🔭LEAPS,HOLD,1
DKNG,2027-01-15,25.0,5.66,5198,4,63.15954809570312,304,🔭LEAPS,HOLD,1
DKNG,2027-01-15,75.0,0.15,986,4,56.836369140624996,304,🔭LEAPS,HOLD,1
U,2026-08-21,38.0,0.93,2777,4,81.93377441406248,157,🚬菸屁股,HOLD,1
PATH,2028-01-21,17.0,3.35,2804,4,78.36935693359376,675,🔭LEAPS,HOLD,1
HOOD,2026-05-15,145.0,0.12,1968,4,70.70341796875,59,🚬菸屁股,HOLD,1
HOOD,2028-01-21,160.0,10.5,905,4,68.97003686523439,675,🔭LEAPS,HOLD,1
TDOC,2027-01-15,5.0,1.74,2939,4,78.12521875,304,🔭LEAPS,HOLD,1
ZM,2027-01-15,90.0,7.18,3122,4,46.02715106201172,304,🔭LEAPS,HOLD,1
NTLA,2026-04-17,22.5,0.15,1291,4,107.03171484375002,31,🚬菸屁股,HOLD,1
NTLA,2027-01-15,10.0,5.6,2160,4,101.172369140625,304,🔭LEAPS,HOLD,1
ONDS,2028-01-21,25.0,3.09,1008,4,99.023447265625,675,🔭LEAPS,HOLD,1
LUNR,2028-01-21,40.0,5.4,2029,4,99.34082690429689,675,🔭LEAPS,HOLD,1
JOBY,2027-01-15,4.0,6.05,2616,4,95.312546875,304,🔭LEAPS,HOLD,1
SMR,2028-01-21,30.0,3.72,1126,4,108.66744885253907,675,🔭LEAPS,HOLD,1
NNE,2027-01-15,42.0,3.18,814,4,83.4718449707031,304,🔭LEAPS,HOLD,1
NNE,2027-01-15,65.0,1.35,1227,4,83.74039697265624,304,🔭LEAPS,HOLD,1
MSTR,2027-01-15,700.0,2.2,9827,3,86.08412353515625,304,🔭LEAPS,HOLD,1
IBIT,2027-01-15,15.0,27.85,8269,3,93.60357958984375,304,🔭LEAPS,HOLD,1
IBIT,2028-06-16,50.0,13.5,8055,3,64.78306701660156,822,🔭LEAPS,HOLD,1
IBIT,2028-06-16,65.0,9.71,6076,3,62.6102371826172,822,🔭LEAPS,HOLD,1
IBIT,2028-06-16,90.0,5.85,11416,3,60.68764898681642,822,🔭LEAPS,HOLD,1
SMCI,2027-01-15,43.0,5.2,4066,3,72.7541787109375,304,🔭LEAPS,HOLD,1
SMCI,2028-01-21,60.0,6.42,926,3,72.9616961669922,675,🔭LEAPS,HOLD,1
OKLO,2027-01-15,90.0,10.9,867,3,90.00254138183593,304,🔭LEAPS,HOLD,1
IONQ,2026-04-17,70.0,0.05,1401,3,112.5004375,31,🚬菸屁股,HOLD,1
UPST,2027-01-15,25.0,9.7,1652,3,83.49625878906248,304,🔭LEAPS,HOLD,1
UPST,2028-01-21,47.5,8.05,758,3,83.75260388183592,675,🔭LEAPS,HOLD,1
UPST,2028-01-21,50.0,7.59,1680,3,84.31412170410155,675,🔭LEAPS,HOLD,1
DKNG,2027-01-15,28.0,5.2,834,3,61.9388571777344,304,🔭LEAPS,HOLD,1
DKNG,2027-01-15,30.0,3.85,934,3,60.35195898437502,304,🔭LEAPS,HOLD,1
IREN,2026-05-15,90.0,0.5,2893,3,101.66064794921877,59,🚬菸屁股,HOLD,1
IREN,2026-05-15,105.0,0.24,5434,3,104.88328808593752,59,🚬菸屁股,HOLD,1
U,2027-01-15,55.0,0.88,1295,3,80.37129003906249,304,🔭LEAPS,HOLD,1
PATH,2027-01-15,5.0,7.03,935,3,105.56687841796877,304,🔭LEAPS,HOLD,1
PATH,2027-01-15,35.0,0.42,1099,3,80.664255859375,304,🔭LEAPS,HOLD,1
PATH,2027-01-15,37.0,0.35,2030,3,81.15253222656249,304,🔭LEAPS,HOLD,1
HOOD,2027-01-15,165.0,2.85,854,3,64.41685974121094,304,🔭LEAPS,HOLD,1
HOOD,2028-01-21,180.0,8.88,1797,3,69.09210595703127,675,🔭LEAPS,HOLD,1
HOOD,2028-01-21,280.0,3.6,1091,3,65.00889483642578,675,🔭LEAPS,HOLD,1
TDOC,2026-07-17,6.0,0.74,3065,3,76.17211328125,122,🚬菸屁股,HOLD,1
TDOC,2028-01-21,15.0,0.93,866,3,81.10370458984374,675,🔭LEAPS,HOLD,1
PACB,2028-01-21,3.0,0.77,1078,3,124.60975195312498,675,🔭LEAPS,HOLD,1
TXG,2026-08-21,30.0,0.65,3218,3,74.02369726562499,157,🚬菸屁股,HOLD,1
LUNR,2027-01-15,32.0,3.9,2310,3,101.80713159179686,304,🔭LEAPS,HOLD,1
JOBY,2026-07-17,30.0,0.1,832,3,94.92192578125,122,🚬菸屁股,HOLD,1
JOBY,2027-01-15,22.0,0.8,4357,3,83.69156933593749,304,🔭LEAPS,HOLD,1
SMR,2026-05-15,30.0,0.09,3195,3,123.047259765625,59,🚬菸屁股,HOLD,1
SMR,2026-08-21,30.0,0.55,1853,3,109.32662524414063,157,🚬菸屁股,HOLD,1
SMR,2027-01-15,47.0,0.82,761,3,113.28168359375002,304,🔭LEAPS,HOLD,1
NNE,2026-04-17,60.0,0.08,1483,3,131.25034374999998,31,🚬菸屁股,HOLD,1
CRWV,2027-01-15,170.0,8.5,1492,3,87.50622845458985,304,🔭LEAPS,HOLD,1
TSLA,2026-04-17,970.0,0.01,5372,2,91.4063359375,31,🚬菸屁股,HOLD,1
IBIT,2026-05-15,64.0,0.14,10793,2,54.98091894531252,59,🚬菸屁股,HOLD,1
IBIT,2026-05-15,120.0,0.01,9870,2,89.062609375,59,🚬菸屁股,HOLD,1
IBIT,2028-01-21,1.0,41.17,6566,2,103.12548437500001,675,🔭LEAPS,HOLD,1
SMCI,2027-01-15,37.0,6.81,787,2,73.55983471679689,304,🔭LEAPS,HOLD,1
SMCI,2027-01-15,59.0,2.5,1843,2,73.03493762207032,304,🔭LEAPS,HOLD,1
SMCI,2027-01-15,62.0,2.78,866,2,73.40114489746092,304,🔭LEAPS,HOLD,1
SMCI,2027-01-15,85.0,1.18,3485,2,76.02563037109377,304,🔭LEAPS,HOLD,1
SMCI,2028-01-21,80.0,4.5,770,2,72.81521325683593,675,🔭LEAPS,HOLD,1
OKLO,2027-01-15,145.0,4.75,893,2,90.94247338867187,304,🔭LEAPS,HOLD,1
OKLO,2027-01-15,190.0,3.1,783,2,90.57626611328125,304,🔭LEAPS,HOLD,1
OKLO,2027-01-15,220.0,2.08,1198,2,90.93026647949219,304,🔭LEAPS,HOLD,1
VST,2027-01-15,250.0,9.9,1024,2,53.43979666137696,304,🔭LEAPS,HOLD,1
VST,2027-01-15,290.0,6.65,3444,2,54.02267657470705,304,🔭LEAPS,HOLD,1
RKLB,2026-04-17,130.0,0.11,1609,2,91.992267578125,31,🚬菸屁股,HOLD,1
IONQ,2026-04-17,75.0,0.05,1252,2,116.40666796875001,31,🚬菸屁股,HOLD,1
IONQ,2027-01-15,65.0,4.36,1021,2,90.07578283691406,304,🔭LEAPS,HOLD,1
UPST,2028-01-21,100.0,3.9,848,2,83.7770177001953,675,🔭LEAPS,HOLD,1
SOFI,2028-01-21,8.0,12.0,762,2,86.76771044921875,675,🔭LEAPS,HOLD,1
DKNG,2028-01-21,20.0,10.5,1146,2,71.92410888671876,675,🔭LEAPS,HOLD,1
DKNG,2028-01-21,50.0,3.0,25802,2,56.7387138671875,675,🔭LEAPS,HOLD,1
IREN,2027-01-15,95.0,5.6,6272,2,94.20171813964843,304,🔭LEAPS,HOLD,1
U,2026-04-17,37.0,0.07,795,2,103.90673046875003,31,🚬菸屁股,HOLD,1
U,2027-01-15,22.0,4.9,952,2,81.64080859375,304,🔭LEAPS,HOLD,1
U,2027-01-15,32.0,2.73,972,2,80.71308349609374,304,🔭LEAPS,HOLD,1
U,2027-01-15,70.0,0.74,1271,2,82.37322314453124,304,🔭LEAPS,HOLD,1
PATH,2026-05-15,23.0,0.11,1329,2,82.0314296875,59,🚬菸屁股,HOLD,1
PATH,2026-05-15,25.0,0.04,13449,2,88.2813671875,59,🚬菸屁股,HOLD,1
PATH,2026-05-15,27.0,0.14,2414,2,96.87503124999999,59,🚬菸屁股,HOLD,1
ROKU,2027-01-15,150.0,5.81,1259,2,57.21478332519532,304,🔭LEAPS,HOLD,1
HOOD,2026-05-15,180.0,0.03,1260,2,89.84385156249999,59,🚬菸屁股,HOLD,1
HOOD,2027-01-15,175.0,2.29,3852,2,63.257203369140626,304,🔭LEAPS,HOLD,1
TDOC,2026-07-17,15.0,0.08,1378,2,91.79695703125,122,🚬菸屁股,HOLD,1
TDOC,2027-01-15,7.5,1.05,12944,2,80.4689453125,304,🔭LEAPS,HOLD,1
TDOC,2027-01-15,25.0,0.28,2660,2,99.9023447265625,304,🔭LEAPS,HOLD,1
TDOC,2028-01-21,10.0,1.37,850,2,80.27363476562499,675,🔭LEAPS,HOLD,1
ZM,2027-01-15,95.0,5.91,1661,2,45.42901251220704,304,🔭LEAPS,HOLD,1
ZM,2027-01-15,110.0,3.09,3054,2,44.977356872558595,304,🔭LEAPS,HOLD,1
ZM,2027-01-15,130.0,2.0,1680,2,47.192910888671875,304,🔭LEAPS,HOLD,1
ZM,2028-01-21,115.0,8.6,1023,2,46.466599792480466,675,🔭LEAPS,HOLD,1
ZM,2028-01-21,135.0,5.3,881,2,45.807426696777355,675,🔭LEAPS,HOLD,1
OPEN,2026-08-21,13.0,0.16,955,2,92.57819921875,157,🚬菸屁股,HOLD,1
CRSP,2026-04-17,90.0,0.15,1297,2,111.42622412109375,31,🚬菸屁股,HOLD,1
NTLA,2027-01-15,35.0,1.25,2091,2,99.95117236328124,304,🔭LEAPS,HOLD,1
NTLA,2028-01-21,2.5,11.0,890,2,120.99648876953123,675,🔭LEAPS,HOLD,1
PACB,2027-01-15,1.5,0.41,3069,2,119.141029296875,304,🔭LEAPS,HOLD,1
PACB,2027-01-15,4.0,0.25,1653,2,130.46909765624997,304,🔭LEAPS,HOLD,1
HIMS,2026-05-15,60.0,0.42,2389,2,123.24257128906248,59,🚬菸屁股,HOLD,1
HIMS,2027-01-15,55.0,3.38,959,2,101.83154553222656,304,🔭LEAPS,HOLD,1
HIMS,2027-01-15,80.0,2.12,2874,2,103.71141894531253,304,🔭LEAPS,HOLD,1
LUNR,2028-01-21,20.0,8.2,1281,2,99.65820654296876,675,🔭LEAPS,HOLD,1
JOBY,2026-04-17,23.0,0.05,975,2,129.6878515625,31,🚬菸屁股,HOLD,1
JOBY,2027-01-15,32.0,0.43,1114,2,87.2071591796875,304,🔭LEAPS,HOLD,1
ACHR,2027-01-15,2.0,4.3,1482,2,103.51610742187502,304,🔭LEAPS,HOLD,1
SMR,2027-01-15,27.0,1.78,978,2,106.2992966308594,304,🔭LEAPS,HOLD,1
SMR,2028-01-21,33.0,3.45,820,2,105.9086735839844,675,🔭LEAPS,HOLD,1
NNE,2026-04-17,45.0,0.2,809,2,120.3128984375,31,🚬菸屁股,HOLD,1
NNE,2027-01-15,50.0,2.2,1381,2,84.47281152343749,304,🔭LEAPS,HOLD,1
NNE,2027-01-15,90.0,0.58,2270,2,88.96495410156248,304,🔭LEAPS,HOLD,1
CRWV,2026-04-17,200.0,0.03,959,2,105.85984570312502,31,🚬菸屁股,HOLD,1
TSLA,2028-01-21,940.0,29.6,5164,1,55.931531997680665,675,🔭LEAPS,HOLD,1
NVDA,2026-04-17,370.0,0.01,6230,1,68.7503125,31,🚬菸屁股,HOLD,1
NVDA,2026-04-17,420.0,0.01,20081,1,81.2501875,31,🚬菸屁股,HOLD,1
NVDA,2028-01-21,380.0,11.65,8116,1,48.77675735473633,675,🔭LEAPS,HOLD,1
NVDA,2028-01-21,390.0,10.97,8182,1,48.75539526367188,675,🔭LEAPS,HOLD,1
AMD,2026-05-15,500.0,0.04,5095,1,77.3439765625,59,🚬菸屁股,HOLD,1
GOOG,2027-01-15,290.0,49.12,6513,1,40.20750711059571,304,🔭LEAPS,HOLD,1
AAPL,2026-04-17,400.0,0.01,13460,1,51.17236328125,31,🚬菸屁股,HOLD,1
AAPL,2027-01-15,480.0,0.25,7140,1,29.810272216796868,304,🔭LEAPS,HOLD,1
IBIT,2027-01-15,95.0,0.7,7169,1,55.273884765625006,304,🔭LEAPS,HOLD,1
IBIT,2028-01-21,62.0,8.25,5479,1,60.65102825927735,675,🔭LEAPS,HOLD,1
IBIT,2028-01-21,95.0,3.73,6586,1,58.557543334960926,675,🔭LEAPS,HOLD,1
COIN,2026-05-15,480.0,0.15,12240,1,81.73846386718748,59,🚬菸屁股,HOLD,1
PLTR,2027-01-15,280.0,6.15,6788,1,56.177196044921885,304,🔭LEAPS,HOLD,1
SMCI,2026-05-15,75.0,0.08,945,1,89.84385156249999,59,🚬菸屁股,HOLD,1
SMCI,2026-05-15,95.0,0.02,5567,1,101.5629921875,59,🚬菸屁股,HOLD,1
SMCI,2027-01-15,28.0,9.51,757,1,78.39377075195313,304,🔭LEAPS,HOLD,1
SMCI,2027-01-15,29.0,9.95,821,1,77.12425219726562,304,🔭LEAPS,HOLD,1
SMCI,2027-01-15,38.0,6.32,1187,1,73.41335180664062,304,🔭LEAPS,HOLD,1
SMCI,2027-01-15,39.0,5.95,827,1,73.55983471679689,304,🔭LEAPS,HOLD,1
SMCI,2027-01-15,41.0,5.47,2512,1,72.92507543945312,304,🔭LEAPS,HOLD,1
SMCI,2027-01-15,44.0,4.86,927,1,72.63210961914062,304,🔭LEAPS,HOLD,1
SMCI,2027-01-15,52.0,3.37,985,1,72.43679907226561,304,🔭LEAPS,HOLD,1
SMCI,2027-01-15,53.0,3.25,1282,1,72.33914379882812,304,🔭LEAPS,HOLD,1
SMCI,2027-01-15,72.0,1.66,3742,1,74.19459399414062,304,🔭LEAPS,HOLD,1
SMCI,2028-01-21,85.0,3.8,15160,1,73.55983471679689,675,🔭LEAPS,HOLD,1
IONQ,2026-04-17,85.0,0.06,897,1,125.00037499999999,31,🚬菸屁股,HOLD,1
IONQ,2027-01-15,90.0,2.47,2066,1,90.77157666015624,304,🔭LEAPS,HOLD,1
IONQ,2027-01-15,95.0,2.16,1248,1,91.23543920898439,304,🔭LEAPS,HOLD,1
IONQ,2027-01-15,110.0,1.78,1414,1,94.26275268554687,304,🔭LEAPS,HOLD,1
IONQ,2028-01-21,90.0,7.63,1780,1,89.55088574218748,675,🔭LEAPS,HOLD,1
UPST,2027-01-15,37.5,5.75,1226,1,82.65398205566406,304,🔭LEAPS,HOLD,1
UPST,2027-01-15,40.0,4.45,1480,1,82.82487878417967,304,🔭LEAPS,HOLD,1
UPST,2027-01-15,55.0,2.79,1269,1,81.93377441406248,304,🔭LEAPS,HOLD,1
UPST,2027-01-15,70.0,1.7,1460,1,82.51970605468748,304,🔭LEAPS,HOLD,1
UPST,2027-01-15,80.0,1.41,4534,1,85.10757080078125,304,🔭LEAPS,HOLD,1
UPST,2028-01-21,42.5,8.74,2132,1,85.25405371093751,675,🔭LEAPS,HOLD,1
SOFI,2026-05-15,34.0,0.16,763,1,83.39860351562498,59,🚬菸屁股,HOLD,1
SOFI,2026-05-15,40.0,0.06,3227,1,85.937640625,59,🚬菸屁股,HOLD,1
DKNG,2026-05-15,37.5,0.2,949,1,64.648791015625,59,🚬菸屁股,HOLD,1
DKNG,2026-08-21,42.5,0.39,869,1,59.570716796875004,157,🚬菸屁股,HOLD,1
DKNG,2027-01-15,20.0,8.25,1030,1,70.26396923828125,304,🔭LEAPS,HOLD,1
DKNG,2027-01-15,65.0,0.21,827,1,56.055126953125,304,🔭LEAPS,HOLD,1
DKNG,2027-01-15,70.0,0.22,3808,1,57.910577148437504,304,🔭LEAPS,HOLD,1
DKNG,2028-01-21,30.0,6.84,1999,1,67.83479431152344,675,🔭LEAPS,HOLD,1
DKNG,2028-01-21,42.5,2.92,1679,1,57.15374877929689,675,🔭LEAPS,HOLD,1
DKNG,2028-01-21,65.0,1.46,3246,1,57.98381860351562,675,🔭LEAPS,HOLD,1
IREN,2027-01-15,105.0,4.83,3055,1,95.6055126953125,304,🔭LEAPS,HOLD,1
U,2026-05-15,45.0,0.13,1427,1,101.172369140625,59,🚬菸屁股,HOLD,1
U,2026-05-15,65.0,0.17,1190,1,122.266013671875,59,🚬菸屁股,HOLD,1
U,2026-08-21,40.0,0.75,862,1,82.76384423828124,157,🚬菸屁股,HOLD,1
U,2027-01-15,60.0,0.75,1579,1,80.42011767578124,304,🔭LEAPS,HOLD,1
U,2028-01-21,23.0,7.5,4747,1,81.66522241210936,675,🔭LEAPS,HOLD,1
PATH,2026-08-21,30.0,0.15,1091,1,83.49625878906248,157,🚬菸屁股,HOLD,1
ROKU,2027-01-15,130.0,10.25,976,1,58.33781896972656,304,🔭LEAPS,HOLD,1
HOOD,2026-04-17,135.0,0.03,1585,1,86.7188828125,31,🚬菸屁股,HOLD,1
HOOD,2026-04-17,155.0,0.08,829,1,87.500125,31,🚬菸屁股,HOLD,1
HOOD,2026-04-17,170.0,0.8,1525,1,107.03171484375002,31,🚬菸屁股,HOLD,1
HOOD,2026-05-15,230.0,0.12,762,1,116.79729101562502,59,🚬菸屁股,HOLD,1
HOOD,2026-05-15,290.0,0.06,892,1,116.01604492187501,59,🚬菸屁股,HOLD,1
TDOC,2026-04-17,8.0,0.07,4829,1,82.81267187499999,31,🚬菸屁股,HOLD,1
TDOC,2026-07-17,10.0,0.19,783,1,87.500125,122,🚬菸屁股,HOLD,1
TDOC,2026-07-17,13.0,0.11,2072,1,95.507857421875,122,🚬菸屁股,HOLD,1
TDOC,2027-01-15,22.5,0.22,4421,1,100.1958115234375,304,🔭LEAPS,HOLD,1
ZM,2026-05-15,100.0,0.33,1316,1,43.7505625,59,🚬菸屁股,HOLD,1
ZM,2026-05-15,110.0,0.2,2086,1,57.0316796875,59,🚬菸屁股,HOLD,1
ZM,2027-01-15,125.0,2.22,1049,1,45.825737060546885,304,🔭LEAPS,HOLD,1
XYZ,2026-05-15,90.0,0.38,1716,1,58.8871298828125,59,🚬菸屁股,HOLD,1
XYZ,2027-01-15,115.0,2.43,1551,1,53.17429638671876,304,🔭LEAPS,HOLD,1
XYZ,2027-01-15,135.0,0.94,1059,1,54.63912548828126,304,🔭LEAPS,HOLD,1
XYZ,2027-01-15,140.0,0.85,1320,1,54.61471166992189,304,🔭LEAPS,HOLD,1
XYZ,2028-01-21,120.0,6.5,1387,1,53.48557257080078,675,🔭LEAPS,HOLD,1
CRSP,2026-04-17,77.5,0.3,1102,1,90.039162109375,31,🚬菸屁股,HOLD,1
BEAM,2026-08-21,50.0,0.75,1319,1,79.83418603515625,157,🚬菸屁股,HOLD,1
BEAM,2028-01-21,50.0,5.25,1240,1,75.42749182128907,675,🔭LEAPS,HOLD,1
HIMS,2026-05-15,44.0,0.94,759,1,113.81879028320311,59,🚬菸屁股,HOLD,1
HIMS,2027-01-15,32.0,6.85,1034,1,103.34520983886719,304,🔭LEAPS,HOLD,1
HIMS,2027-01-15,42.0,5.0,2539,1,102.27099645996094,304,🔭LEAPS,HOLD,1
HIMS,2027-01-15,85.0,1.92,934,1,105.9086735839844,304,🔭LEAPS,HOLD,1
HIMS,2028-01-21,80.0,5.7,936,1,102.69824041748048,675,🔭LEAPS,HOLD,1
ONDS,2027-01-15,4.0,7.36,1136,1,110.25435498046878,304,🔭LEAPS,HOLD,1
ONDS,2028-01-21,4.0,7.8,2503,1,111.81684716796876,675,🔭LEAPS,HOLD,1
LUNR,2027-01-15,7.0,11.15,1998,1,104.88328808593752,304,🔭LEAPS,HOLD,1
JOBY,2026-04-17,19.0,0.08,1688,1,103.12548437500001,31,🚬菸屁股,HOLD,1
JOBY,2026-04-17,20.0,0.03,8817,1,112.5004375,31,🚬菸屁股,HOLD,1
JOBY,2026-04-17,21.0,0.01,2988,1,128.125359375,31,🚬菸屁股,HOLD,1
JOBY,2026-04-17,25.0,0.02,1135,1,132.81283593749998,31,🚬菸屁股,HOLD,1
JOBY,2027-01-15,3.0,7.15,1483,1,105.2739111328125,304,🔭LEAPS,HOLD,1
JOBY,2027-01-15,27.0,0.5,1443,1,84.22867333984375,304,🔭LEAPS,HOLD,1
JOBY,2028-01-21,17.0,2.93,2181,1,87.84191845703124,675,🔭LEAPS,HOLD,1
ACHR,2027-01-15,22.0,0.28,5175,1,93.7500625,304,🔭LEAPS,HOLD,1
ACHR,2028-01-21,2.0,4.62,773,1,102.1489267578125,675,🔭LEAPS,HOLD,1
SMR,2026-04-17,26.0,0.05,821,1,121.875390625,31,🚬菸屁股,HOLD,1
SMR,2026-05-15,21.0,0.36,1422,1,110.9379453125,59,🚬菸屁股,HOLD,1
SMR,2026-05-15,28.0,0.15,1150,1,116.2113564453125,59,🚬菸屁股,HOLD,1
SMR,2026-05-15,40.0,0.1,1122,1,132.03158984375,59,🚬菸屁股,HOLD,1
SMR,2027-01-15,7.0,7.1,938,1,114.16058544921874,304,🔭LEAPS,HOLD,1
SMR,2027-01-15,35.0,1.22,2333,1,108.7895185546875,304,🔭LEAPS,HOLD,1
SMR,2027-01-15,55.0,1.04,1061,1,112.109814453125,304,🔭LEAPS,HOLD,1
SMR,2027-01-15,60.0,0.6,911,1,112.79340478515624,304,🔭LEAPS,HOLD,1
SMR,2027-01-15,80.0,0.4,9273,1,115.33245458984376,304,🔭LEAPS,HOLD,1
SMR,2027-01-15,85.0,0.4,1972,1,117.77384863281249,304,🔭LEAPS,HOLD,1
NNE,2027-01-15,45.0,2.5,1350,1,88.84288500976561,304,🔭LEAPS,HOLD,1
NNE,2027-01-15,60.0,1.8,1417,1,89.62412719726561,304,🔭LEAPS,HOLD,1
CRWV,2026-04-17,155.0,0.08,911,1,86.132951171875,31,🚬菸屁股,HOLD,1
CRWV,2026-04-17,160.0,0.1,1776,1,91.4063359375,31,🚬菸屁股,HOLD,1
CRWV,2026-04-17,165.0,0.05,1157,1,105.76218994140625,31,🚬菸屁股,HOLD,1
CRWV,2027-01-15,165.0,9.61,5166,1,85.78505426025392,304,🔭LEAPS,HOLD,1
CRWV,2027-01-15,240.0,4.26,2544,1,86.25502026367188,304,🔭LEAPS,HOLD,1
