Stock,Expiry,Strike,Ask,OpenInterest,Volume,Tags,Action,Score
MSTR,2026-02-06,157.5,0.25,53971,45852,🚬菸屁股 🚀點火(40.5x) 👑超級萬人塚,STRONG_BUY,8
ONDS,2026-03-20,13.0,0.73,56976,38519,🚬菸屁股 🚀點火(6.0x) 👑超級萬人塚,STRONG_BUY,8
IBIT,2026-05-15,45.0,3.35,59073,6229,🚬菸屁股 🚀點火(2.8x) 👑超級萬人塚,STRONG_BUY,8
SOFI,2027-01-15,20.0,5.75,40746,3251,🔭LEAPS埋伏 🚀點火(2.1x) 🔥萬人塚,STRONG_BUY,8
NVDA,2026-03-20,160.0,21.25,107998,2706,🚬菸屁股 🚀點火(2.6x) 👑超級萬人塚,STRONG_BUY,8
NVDA,2027-01-15,190.0,28.1,22328,2021,🔭LEAPS埋伏 🚀點火(4.1x) 🔥萬人塚,STRONG_BUY,8
OPEN,2027-01-15,4.0,2.3,36371,1287,🔭LEAPS埋伏 🚀點火(643.5x) 🔥萬人塚,STRONG_BUY,8
XYZ,2027-01-15,145.0,0.99,23046,813,🔭LEAPS埋伏 🚀點火(14.0x) 🔥萬人塚,STRONG_BUY,8
MSTR,2026-02-06,150.0,0.38,45336,46819,🚬菸屁股 🚀點火(4.8x) 🔥萬人塚,STRONG_BUY,7
SMCI,2026-02-06,33.5,1.17,28976,33778,🚬菸屁股 🚀點火(23.9x) 🔥萬人塚,STRONG_BUY,7
SMCI,2026-02-06,31.0,3.05,32897,31164,🚬菸屁股 🚀點火(7.1x) 🔥萬人塚,STRONG_BUY,7
SMR,2026-02-06,19.5,0.06,21748,20767,🚬菸屁股 🚀點火(24.8x) 🔥萬人塚,STRONG_BUY,7
IBIT,2027-01-15,110.0,0.64,13572,20688,🔭LEAPS埋伏 🚀點火(41.5x),STRONG_BUY,7
IREN,2026-03-20,55.0,4.9,20566,10362,🚬菸屁股 🚀點火(12.6x) 🔥萬人塚,STRONG_BUY,7
HOOD,2027-01-15,190.0,3.5,11519,8722,🔭LEAPS埋伏 🚀點火(181.7x),STRONG_BUY,7
IREN,2026-03-20,60.0,3.75,28503,7715,🚬菸屁股 🚀點火(2.9x) 🔥萬人塚,STRONG_BUY,7
ONDS,2026-02-20,20.0,0.03,24243,6617,🚬菸屁股 🚀點火(8.4x) 🔥萬人塚,STRONG_BUY,7
PLTR,2026-03-20,150.0,7.0,20355,4700,🚬菸屁股 🚀點火(2.1x) 🔥萬人塚,STRONG_BUY,7
ONDS,2027-01-15,10.0,4.2,17003,4007,🔭LEAPS埋伏 🚀點火(4.0x),STRONG_BUY,7
ONDS,2026-03-20,15.0,0.47,26366,3109,🚬菸屁股 🚀點火(2.5x) 🔥萬人塚,STRONG_BUY,7
OPEN,2027-01-15,5.0,1.97,6210,2889,🔭LEAPS埋伏 🚀點火(5.4x),STRONG_BUY,7
TDOC,2027-01-15,7.5,0.84,6274,2618,🔭LEAPS埋伏 🚀點火(18.8x),STRONG_BUY,7
ONDS,2027-01-15,20.0,2.37,15325,2578,🔭LEAPS埋伏 🚀點火(8.2x),STRONG_BUY,7
ONDS,2028-01-21,20.0,4.05,12311,2155,🔭LEAPS埋伏 🚀點火(32.7x),STRONG_BUY,7
ONDS,2028-01-21,30.0,3.15,10830,1968,🔭LEAPS埋伏 🚀點火(10.0x),STRONG_BUY,7
IREN,2027-01-15,110.0,7.25,15760,1689,🔭LEAPS埋伏 🆕新開倉點火,STRONG_BUY,7
ACHR,2028-01-21,27.0,1.34,10773,1636,🔭LEAPS埋伏 🚀點火(19.2x),STRONG_BUY,7
JOBY,2027-01-15,20.0,1.46,10010,1477,🔭LEAPS埋伏 🚀點火(9.0x),STRONG_BUY,7
OPEN,2028-01-21,7.0,2.4,7633,1376,🔭LEAPS埋伏 🚀點火(8.2x),STRONG_BUY,7
SOFI,2026-02-20,32.0,0.05,20771,1367,🚬菸屁股 🚀點火(4.2x) 🔥萬人塚,STRONG_BUY,7
ONDS,2027-01-15,12.0,3.7,11661,1144,🔭LEAPS埋伏 🚀點火(2.0x),STRONG_BUY,7
CRWV,2026-03-20,135.0,1.86,26189,1111,🚬菸屁股 🚀點火(13.9x) 🔥萬人塚,STRONG_BUY,7
OPEN,2028-01-21,10.0,2.24,4933,1105,🔭LEAPS埋伏 🚀點火(2.1x),STRONG_BUY,7
TDOC,2027-01-15,5.0,1.42,1553,1097,🔭LEAPS埋伏 🚀點火(6.8x),STRONG_BUY,7
SMCI,2027-01-15,40.0,7.85,11684,1074,🔭LEAPS埋伏 🚀點火(3.2x),STRONG_BUY,7
JOBY,2027-01-15,30.0,0.81,4648,1028,🔭LEAPS埋伏 🚀點火(22.8x),STRONG_BUY,7
JOBY,2027-01-15,40.0,0.53,2664,1025,🔭LEAPS埋伏 🚀點火(93.2x),STRONG_BUY,7
CRWV,2026-02-20,120.0,0.43,24429,990,🚬菸屁股 🚀點火(2.2x) 🔥萬人塚,STRONG_BUY,7
SMR,2027-01-15,15.0,7.0,2839,937,🔭LEAPS埋伏 🚀點火(23.4x),STRONG_BUY,7
SMCI,2027-01-15,60.0,4.0,9733,739,🔭LEAPS埋伏 🚀點火(2.5x),STRONG_BUY,7
SMCI,2027-01-15,50.0,5.4,12942,696,🔭LEAPS埋伏 🚀點火(4.8x),STRONG_BUY,7
ONDS,2027-01-15,22.0,2.15,1548,659,🔭LEAPS埋伏 🚀點火(47.1x),STRONG_BUY,7
OPEN,2027-01-15,10.0,1.21,16393,630,🔭LEAPS埋伏 🚀點火(57.3x),STRONG_BUY,7
SMCI,2027-01-15,105.0,1.53,6735,622,🔭LEAPS埋伏 🚀點火(62.2x),STRONG_BUY,7
PATH,2026-02-20,20.0,0.02,24679,617,🚬菸屁股 🚀點火(5.1x) 🔥萬人塚,STRONG_BUY,7
IONQ,2027-01-15,50.0,9.9,4203,602,🔭LEAPS埋伏 🆕新開倉點火,STRONG_BUY,7
ACHR,2028-01-21,10.0,2.72,11022,601,🔭LEAPS埋伏 🚀點火(2.2x),STRONG_BUY,7
ONDS,2028-01-21,10.0,5.7,4560,564,🔭LEAPS埋伏 🚀點火(4.3x),STRONG_BUY,7
OKLO,2027-01-15,260.0,5.3,5058,563,🔭LEAPS埋伏 🚀點火(281.5x),STRONG_BUY,7
ACHR,2028-01-21,15.0,2.29,8434,551,🔭LEAPS埋伏 🚀點火(4.1x),STRONG_BUY,7
SOFI,2028-01-21,47.0,2.94,1912,509,🔭LEAPS埋伏 🆕新開倉點火,STRONG_BUY,7
SMCI,2027-01-15,75.0,2.73,18769,489,🔭LEAPS埋伏 🚀點火(12.9x),STRONG_BUY,7
ACHR,2026-04-17,15.0,0.1,36555,467,🚬菸屁股 🚀點火(10.9x) 🔥萬人塚,STRONG_BUY,7
LUNR,2027-01-15,37.0,3.5,3183,444,🔭LEAPS埋伏 🚀點火(222.0x),STRONG_BUY,7
JOBY,2028-01-21,12.0,4.95,1874,409,🔭LEAPS埋伏 🚀點火(6.9x),STRONG_BUY,7
SOFI,2027-01-15,37.0,1.75,2948,382,🔭LEAPS埋伏 🚀點火(4.5x),STRONG_BUY,7
SMCI,2027-01-15,35.0,9.85,3822,378,🔭LEAPS埋伏 🚀點火(3.5x),STRONG_BUY,7
SOFI,2028-01-21,27.0,6.15,3428,369,🔭LEAPS埋伏 🚀點火(3.2x),STRONG_BUY,7
ONDS,2028-01-21,15.0,4.85,2807,342,🔭LEAPS埋伏 🚀點火(6.2x),STRONG_BUY,7
IONQ,2027-01-15,90.0,4.35,1945,318,🔭LEAPS埋伏 🚀點火(8.6x),STRONG_BUY,7
NVDA,2026-02-06,182.5,0.51,15019,82592,🚬菸屁股 🚀點火(2.1x),STRONG_BUY,6
NVDA,2026-02-06,180.0,0.97,13769,75819,🚬菸屁股 🚀點火(2.1x),STRONG_BUY,6
PLTR,2026-02-06,150.0,0.5,12290,48288,🚬菸屁股 🚀點火(3.5x),STRONG_BUY,6
IREN,2026-02-06,60.0,0.54,10021,29241,🚬菸屁股 🚀點火(5.9x),STRONG_BUY,6
SMCI,2026-02-06,35.0,0.51,18406,25365,🚬菸屁股 🚀點火(3.4x),STRONG_BUY,6
IREN,2026-02-06,55.0,1.1,4557,20207,🚬菸屁股 🚀點火(3.6x),STRONG_BUY,6
IREN,2026-02-06,70.0,0.15,10953,20069,🚬菸屁股 🚀點火(6.9x),STRONG_BUY,6
TSLA,2026-02-06,440.0,0.21,14403,18150,🚬菸屁股 🆕新開倉點火,STRONG_BUY,6
SMCI,2026-02-13,34.0,1.59,1811,14262,🚬菸屁股 🚀點火(15.3x),STRONG_BUY,6
AMD,2026-02-06,250.0,0.05,12282,13758,🚬菸屁股 🆕新開倉點火,STRONG_BUY,6
SMCI,2026-02-06,34.0,0.91,15528,13581,🚬菸屁股 🚀點火(2.9x),STRONG_BUY,6
SMCI,2026-02-13,35.0,1.16,5197,12982,🚬菸屁股 🚀點火(3.6x),STRONG_BUY,6
SOFI,2026-02-20,21.0,1.01,1832,11898,🚬菸屁股 🚀點火(18.4x),STRONG_BUY,6
SMCI,2026-02-06,33.0,1.47,6365,10894,🚬菸屁股 🚀點火(2.3x),STRONG_BUY,6
SMCI,2026-02-20,35.0,1.55,15727,10703,🚬菸屁股 🚀點火(3.2x),STRONG_BUY,6
IBIT,2026-03-20,47.0,1.18,14658,10328,🚬菸屁股 🆕新開倉點火,STRONG_BUY,6
SMCI,2026-02-06,34.5,0.69,5652,10107,🚬菸屁股 🚀點火(12.0x),STRONG_BUY,6
IREN,2026-02-13,55.0,2.07,1671,9902,🚬菸屁股 🚀點火(7.7x),STRONG_BUY,6
COIN,2026-02-06,200.0,0.1,11898,9671,🚬菸屁股 🆕新開倉點火,STRONG_BUY,6
ACHR,2026-03-20,9.0,0.31,3834,9050,🚬菸屁股 🚀點火(26.2x),STRONG_BUY,6
AMD,2026-02-20,250.0,0.68,10854,8857,🚬菸屁股 🆕新開倉點火,STRONG_BUY,6
IREN,2026-02-20,60.0,1.73,19197,8640,🚬菸屁股 🚀點火(2.6x),STRONG_BUY,6
IREN,2026-02-06,50.0,2.15,2170,8488,🚬菸屁股 🚀點火(6.3x),STRONG_BUY,6
U,2026-02-20,28.0,1.67,6215,8347,🚬菸屁股 🆕新開倉點火,STRONG_BUY,6
AMD,2026-03-20,250.0,3.5,12863,7189,🚬菸屁股 🚀點火(3.4x),STRONG_BUY,6
ONDS,2026-02-06,12.5,0.02,9879,6750,🚬菸屁股 🚀點火(2.1x),STRONG_BUY,6
U,2026-02-20,30.0,1.08,8315,6524,🚬菸屁股 🚀點火(2.7x),STRONG_BUY,6
ONDS,2026-02-13,11.0,0.33,1654,6511,🚬菸屁股 🚀點火(5.6x),STRONG_BUY,6
DKNG,2026-02-06,28.0,0.35,3131,6257,🚬菸屁股 🚀點火(9.2x),STRONG_BUY,6
SMCI,2026-02-20,40.0,0.44,14865,5780,🚬菸屁股 🚀點火(2.8x),STRONG_BUY,6
SMCI,2026-03-20,35.0,3.05,12951,5754,🚬菸屁股 🚀點火(3.8x),STRONG_BUY,6
SMCI,2026-02-13,40.0,0.24,3594,5417,🚬菸屁股 🚀點火(11.0x),STRONG_BUY,6
IREN,2026-05-15,110.0,2.21,16174,5272,🚬菸屁股 🚀點火(14.9x),STRONG_BUY,6
HOOD,2026-02-13,110.0,0.22,7182,5163,🚬菸屁股 🚀點火(2.3x),STRONG_BUY,6
ONDS,2026-02-06,10.5,0.16,2666,5055,🚬菸屁股 🚀點火(2.7x),STRONG_BUY,6
DKNG,2026-02-20,30.0,0.97,11831,4859,🚬菸屁股 🚀點火(3.0x),STRONG_BUY,6
IREN,2026-02-20,55.0,2.61,11308,4806,🚬菸屁股 🚀點火(3.3x),STRONG_BUY,6
ONDS,2026-03-20,10.0,1.52,19575,4771,🚬菸屁股 🚀點火(13.8x),STRONG_BUY,6
SMCI,2026-02-13,32.0,2.82,9968,4494,🚬菸屁股 🚀點火(3.5x),STRONG_BUY,6
SMCI,2026-02-20,33.0,2.52,10120,4345,🚬菸屁股 🚀點火(2.2x),STRONG_BUY,6
JOBY,2026-02-06,11.5,0.04,5656,4317,🚬菸屁股 🚀點火(5.7x),STRONG_BUY,6
ASTS,2026-02-06,110.0,2.3,1732,4175,🚬菸屁股 🆕新開倉點火,STRONG_BUY,6
SMCI,2026-03-20,40.0,1.5,16567,4129,🚬菸屁股 🚀點火(4.6x),STRONG_BUY,6
SOFI,2026-04-17,29.0,0.45,9248,4096,🚬菸屁股 🚀點火(13.2x),STRONG_BUY,6
HOOD,2026-03-20,110.0,1.5,12374,4086,🚬菸屁股 🚀點火(2.3x),STRONG_BUY,6
IREN,2026-02-06,51.0,1.9,2108,3996,🚬菸屁股 🚀點火(9.0x),STRONG_BUY,6
SOFI,2026-02-13,25.5,0.08,3553,3993,🚬菸屁股 🚀點火(5.2x),STRONG_BUY,6
SMCI,2026-05-15,35.0,4.95,8809,3911,🚬菸屁股 🚀點火(6.1x),STRONG_BUY,6
SMCI,2026-02-06,37.0,0.16,3790,3903,🚬菸屁股 🚀點火(3.3x),STRONG_BUY,6
NBIS,2026-03-20,125.0,2.16,1659,3802,🚬菸屁股 🚀點火(118.8x),STRONG_BUY,6
IREN,2026-02-06,52.0,1.7,2149,3715,🚬菸屁股 🚀點火(5.1x),STRONG_BUY,6
CRWV,2026-02-20,94.0,3.55,1685,3697,🚬菸屁股 🚀點火(10.7x),STRONG_BUY,6
SMCI,2026-03-20,34.0,3.5,2227,3528,🚬菸屁股 🚀點火(6.6x),STRONG_BUY,6
ACHR,2026-02-06,7.5,0.06,5286,3493,🚬菸屁股 🚀點火(3.0x),STRONG_BUY,6
ONDS,2026-02-20,10.0,0.82,4130,3491,🚬菸屁股 🚀點火(19.9x),STRONG_BUY,6
HOOD,2026-02-06,87.0,0.44,1508,3477,🚬菸屁股 🆕新開倉點火,STRONG_BUY,6
IREN,2026-03-20,100.0,0.71,11008,3373,🚬菸屁股 🚀點火(7.4x),STRONG_BUY,6
AMD,2026-03-20,230.0,6.7,12574,3338,🚬菸屁股 🆕新開倉點火,STRONG_BUY,6
ONDS,2026-03-20,20.0,0.22,16155,3330,🚬菸屁股 🚀點火(7.8x),STRONG_BUY,6
CRWV,2026-02-20,100.0,2.24,16349,3297,🚬菸屁股 🚀點火(2.8x),STRONG_BUY,6
SMCI,2026-02-06,38.0,0.09,3268,3287,🚬菸屁股 🚀點火(2.7x),STRONG_BUY,6
TSLA,2026-03-20,870.0,0.05,19392,3216,🚬菸屁股 🚀點火(16.1x),STRONG_BUY,6
SMCI,2026-02-13,33.0,2.22,2296,3161,🚬菸屁股 🚀點火(2.2x),STRONG_BUY,6
HOOD,2026-04-17,100.0,4.2,4303,3049,🚬菸屁股 🚀點火(6.7x),STRONG_BUY,6
ASTS,2026-02-06,115.0,1.27,2532,2977,🚬菸屁股 🆕新開倉點火,STRONG_BUY,6
DKNG,2026-02-06,29.0,0.13,3464,2937,🚬菸屁股 🚀點火(8.5x),STRONG_BUY,6
SOFI,2026-03-20,21.0,1.71,2012,2929,🚬菸屁股 🚀點火(6.6x),STRONG_BUY,6
HIMS,2026-02-20,30.0,0.27,3435,2928,🚬菸屁股 🚀點火(2.5x),STRONG_BUY,6
ONDS,2026-02-13,14.0,0.07,3703,2871,🚬菸屁股 🚀點火(2.2x),STRONG_BUY,6
IREN,2026-03-20,65.0,3.15,17003,2812,🚬菸屁股 🚀點火(2.5x),STRONG_BUY,6
SMCI,2026-02-06,35.5,0.41,1586,2775,🚬菸屁股 🚀點火(5.2x),STRONG_BUY,6
ONDS,2026-02-13,12.0,0.18,2479,2730,🚬菸屁股 🚀點火(3.5x),STRONG_BUY,6
SMCI,2026-02-13,32.5,2.43,1963,2727,🚬菸屁股 🚀點火(14.7x),STRONG_BUY,6
NNE,2026-02-20,35.0,0.65,4972,2688,🚬菸屁股 🚀點火(70.7x),STRONG_BUY,6
IREN,2026-02-20,70.0,0.8,10270,2617,🚬菸屁股 🚀點火(2.2x),STRONG_BUY,6
IREN,2026-02-20,50.0,3.9,13058,2583,🚬菸屁股 🆕新開倉點火,STRONG_BUY,6
JOBY,2026-02-06,11.0,0.1,3595,2534,🚬菸屁股 🚀點火(2.8x),STRONG_BUY,6
HOOD,2026-04-17,130.0,1.04,5310,2458,🚬菸屁股 🚀點火(6.5x),STRONG_BUY,6
ASTS,2026-02-20,120.0,4.85,3823,2425,🚬菸屁股 🚀點火(2.2x),STRONG_BUY,6
AMD,2026-03-20,200.0,17.0,17249,2399,🚬菸屁股 🆕新開倉點火,STRONG_BUY,6
CRWV,2026-02-20,110.0,0.99,9201,2370,🚬菸屁股 🚀點火(2.0x),STRONG_BUY,6
IREN,2026-02-06,53.0,1.5,2530,2355,🚬菸屁股 🚀點火(2.0x),STRONG_BUY,6
IREN,2026-02-06,90.0,0.04,3915,2351,🚬菸屁股 🚀點火(2.3x),STRONG_BUY,6
NBIS,2026-02-06,105.0,0.09,3418,2165,🚬菸屁股 🚀點火(3.7x),STRONG_BUY,6
SOFI,2026-02-20,20.0,1.56,3650,2150,🚬菸屁股 🚀點火(3.7x),STRONG_BUY,6
IREN,2026-02-06,61.0,0.54,2958,2138,🚬菸屁股 🚀點火(3.2x),STRONG_BUY,6
SMCI,2026-05-15,40.0,3.25,5971,2107,🚬菸屁股 🚀點火(16.0x),STRONG_BUY,6
SOFI,2026-02-06,27.0,0.01,8753,2076,🚬菸屁股 🚀點火(2.5x),STRONG_BUY,6
IREN,2026-03-20,85.0,1.22,7377,2062,🚬菸屁股 🚀點火(12.9x),STRONG_BUY,6
NVDA,2026-05-15,220.0,4.1,12003,2056,🚬菸屁股 🚀點火(2.1x),STRONG_BUY,6
SMCI,2026-03-20,50.0,0.47,10243,2014,🚬菸屁股 🚀點火(7.1x),STRONG_BUY,6
ONDS,2026-02-20,12.0,0.31,5516,1997,🚬菸屁股 🚀點火(2.3x),STRONG_BUY,6
NBIS,2026-02-20,100.0,2.24,6008,1938,🚬菸屁股 🚀點火(3.8x),STRONG_BUY,6
SMCI,2026-02-13,39.0,0.36,1924,1903,🚬菸屁股 🆕新開倉點火,STRONG_BUY,6
NBIS,2026-03-20,115.0,3.1,3025,1851,🚬菸屁股 🚀點火(61.7x),STRONG_BUY,6
SOFI,2026-02-20,29.0,0.07,9881,1769,🚬菸屁股 🚀點火(2.4x),STRONG_BUY,6
OKLO,2026-02-20,90.0,0.85,2497,1747,🚬菸屁股 🚀點火(2.1x),STRONG_BUY,6
SOFI,2026-04-17,22.0,1.79,2258,1743,🚬菸屁股 🚀點火(2.7x),STRONG_BUY,6
HIMS,2026-02-06,26.0,0.24,1929,1712,🚬菸屁股 🆕新開倉點火,STRONG_BUY,6
HIMS,2026-02-06,30.5,0.02,1916,1679,🚬菸屁股 🚀點火(7.8x),STRONG_BUY,6
NBIS,2026-02-20,90.0,4.6,3326,1623,🚬菸屁股 🚀點火(4.5x),STRONG_BUY,6
HIMS,2026-02-13,38.0,0.04,9973,1622,🚬菸屁股 🚀點火(4.2x),STRONG_BUY,6
ONDS,2026-03-20,14.0,0.58,12806,1558,🚬菸屁股 🚀點火(3.2x),STRONG_BUY,6
SMCI,2026-03-20,33.0,3.95,6429,1557,🚬菸屁股 🚀點火(3.5x),STRONG_BUY,6
SOFI,2026-03-20,20.0,2.21,7755,1555,🚬菸屁股 🚀點火(2.1x),STRONG_BUY,6
IREN,2026-03-20,75.0,1.92,8228,1502,🚬菸屁股 🚀點火(4.3x),STRONG_BUY,6
LUNR,2026-02-06,18.0,0.45,1518,1492,🚬菸屁股 🆕新開倉點火,STRONG_BUY,6
DKNG,2026-02-20,35.0,0.2,10251,1449,🚬菸屁股 🚀點火(3.5x),STRONG_BUY,6
DKNG,2026-02-20,37.5,0.11,15428,1404,🚬菸屁股 🚀點火(2.7x),STRONG_BUY,6
OKLO,2026-03-20,120.0,1.19,3009,1394,🚬菸屁股 🚀點火(8.6x),STRONG_BUY,6
NBIS,2026-03-20,120.0,2.59,5247,1381,🚬菸屁股 🚀點火(11.5x),STRONG_BUY,6
IREN,2026-03-20,80.0,1.56,7950,1369,🚬菸屁股 🚀點火(2.3x),STRONG_BUY,6
RKLB,2026-02-20,95.0,0.9,2534,1333,🚬菸屁股 🚀點火(3.2x),STRONG_BUY,6
OKLO,2026-02-20,120.0,0.14,4225,1330,🚬菸屁股 🚀點火(5.3x),STRONG_BUY,6
SMCI,2026-02-06,39.0,0.06,1800,1295,🚬菸屁股 🚀點火(4.2x),STRONG_BUY,6
ASTS,2026-02-20,130.0,2.94,4334,1287,🚬菸屁股 🆕新開倉點火,STRONG_BUY,6
SMCI,2026-03-20,55.0,0.33,9966,1263,🚬菸屁股 🚀點火(40.7x),STRONG_BUY,6
ACHR,2026-02-20,7.0,0.51,11992,1231,🚬菸屁股 🚀點火(4.6x),STRONG_BUY,6
JOBY,2026-04-17,16.0,0.34,3461,1229,🚬菸屁股 🚀點火(61.5x),STRONG_BUY,6
VST,2026-02-20,165.0,1.0,2683,1177,🚬菸屁股 🚀點火(19.6x),STRONG_BUY,6
HOOD,2026-04-17,120.0,1.6,3943,1174,🚬菸屁股 🚀點火(3.7x),STRONG_BUY,6
SMCI,2026-03-20,36.0,2.65,2335,1168,🚬菸屁股 🚀點火(6.6x),STRONG_BUY,6
U,2026-04-17,45.0,0.43,3157,1154,🚬菸屁股 🚀點火(6.4x),STRONG_BUY,6
SMCI,2026-02-20,38.0,0.75,2939,1148,🚬菸屁股 🚀點火(4.3x),STRONG_BUY,6
RKLB,2026-03-20,100.0,3.45,4842,1112,🚬菸屁股 🆕新開倉點火,STRONG_BUY,6
SMCI,2026-02-20,36.0,1.2,2891,1100,🚬菸屁股 🚀點火(4.9x),STRONG_BUY,6
IREN,2026-02-20,59.0,1.98,3490,1081,🚬菸屁股 🚀點火(24.6x),STRONG_BUY,6
SMCI,2026-03-20,38.0,2.0,5293,1078,🚬菸屁股 🚀點火(2.5x),STRONG_BUY,6
NBIS,2026-03-20,150.0,0.93,7745,1057,🚬菸屁股 🚀點火(6.9x),STRONG_BUY,6
U,2026-02-20,38.0,0.33,2083,1031,🚬菸屁股 🚀點火(8.7x),STRONG_BUY,6
CRWV,2026-02-20,140.0,0.19,13723,1027,🚬菸屁股 🚀點火(10.6x),STRONG_BUY,6
LUNR,2026-02-13,23.0,0.84,1774,1009,🚬菸屁股 🚀點火(24.6x),STRONG_BUY,6
SOFI,2026-05-15,27.0,1.1,3255,969,🚬菸屁股 🚀點火(6.6x),STRONG_BUY,6
SMR,2026-03-20,30.0,0.35,8131,966,🚬菸屁股 🚀點火(12.2x),STRONG_BUY,6
OPEN,2026-03-20,8.0,0.14,11601,961,🚬菸屁股 🚀點火(3.2x),STRONG_BUY,6
NBIS,2026-03-20,140.0,1.23,1663,935,🚬菸屁股 🚀點火(55.0x),STRONG_BUY,6
SMCI,2026-03-20,60.0,0.25,13219,933,🚬菸屁股 🚀點火(19.4x),STRONG_BUY,6
OKLO,2026-03-20,135.0,0.76,1521,922,🚬菸屁股 🚀點火(46.1x),STRONG_BUY,6
SOFI,2026-03-20,29.0,0.21,5494,895,🚬菸屁股 🚀點火(2.1x),STRONG_BUY,6
ONDS,2026-03-20,9.0,2.13,7361,882,🚬菸屁股 🚀點火(5.3x),STRONG_BUY,6
SMCI,2026-05-15,47.0,1.89,2126,881,🚬菸屁股 🚀點火(88.1x),STRONG_BUY,6
SMCI,2026-03-20,45.0,0.8,11127,870,🚬菸屁股 🚀點火(2.4x),STRONG_BUY,6
HOOD,2026-02-13,122.0,0.18,2055,866,🚬菸屁股 🚀點火(7.7x),STRONG_BUY,6
OKLO,2026-02-06,90.0,0.09,1834,857,🚬菸屁股 🆕新開倉點火,STRONG_BUY,6
SMCI,2026-02-20,37.0,0.95,3928,851,🚬菸屁股 🚀點火(2.7x),STRONG_BUY,6
PATH,2026-02-13,14.5,0.07,2820,808,🚬菸屁股 🆕新開倉點火,STRONG_BUY,6
SOFI,2026-02-06,30.0,0.01,11384,806,🚬菸屁股 🚀點火(4.1x),STRONG_BUY,6
SMCI,2026-02-20,45.0,0.2,6028,805,🚬菸屁股 🚀點火(4.1x),STRONG_BUY,6
ONDS,2026-03-20,7.5,2.86,11486,781,🚬菸屁股 🚀點火(3.3x),STRONG_BUY,6
RKLB,2026-04-17,120.0,3.3,2039,767,🚬菸屁股 🚀點火(3.5x),STRONG_BUY,6
ONDS,2026-02-20,12.5,0.26,2237,757,🚬菸屁股 🚀點火(3.6x),STRONG_BUY,6
SMCI,2026-02-20,41.0,0.38,3977,752,🚬菸屁股 🚀點火(8.7x),STRONG_BUY,6
HIMS,2026-02-20,32.0,0.19,3276,751,🚬菸屁股 🚀點火(2.9x),STRONG_BUY,6
SMR,2026-02-20,18.0,0.84,2677,750,🚬菸屁股 🚀點火(4.5x),STRONG_BUY,6
IREN,2026-05-15,80.0,3.95,2818,741,🚬菸屁股 🆕新開倉點火,STRONG_BUY,6
ZM,2026-02-06,100.0,0.33,1791,724,🚬菸屁股 🚀點火(7.2x),STRONG_BUY,6
U,2026-05-15,60.0,0.36,3062,712,🚬菸屁股 🚀死灰復燃,STRONG_BUY,6
HIMS,2026-03-20,50.0,0.24,5755,705,🚬菸屁股 🚀點火(6.4x),STRONG_BUY,6
HIMS,2026-02-06,25.5,0.36,1671,696,🚬菸屁股 🆕新開倉點火,STRONG_BUY,6
SMCI,2026-03-20,65.0,0.18,11345,695,🚬菸屁股 🚀點火(15.8x),STRONG_BUY,6
SMR,2026-05-15,20.0,2.6,3000,691,🚬菸屁股 🚀點火(11.9x),STRONG_BUY,6
HOOD,2026-04-17,110.0,2.57,3844,687,🚬菸屁股 🚀點火(2.1x),STRONG_BUY,6
U,2026-02-06,27.5,0.44,3762,659,🚬菸屁股 🆕新開倉點火,STRONG_BUY,6
SMCI,2026-05-15,45.0,2.19,6230,652,🚬菸屁股 🚀點火(8.0x),STRONG_BUY,6
SOFI,2026-04-17,27.0,0.63,6151,649,🚬菸屁股 🚀點火(2.3x),STRONG_BUY,6
ZM,2026-03-20,95.0,4.95,7187,608,🚬菸屁股 🚀點火(7.8x),STRONG_BUY,6
ONDS,2026-03-20,18.0,0.31,5284,601,🚬菸屁股 🚀點火(2.3x),STRONG_BUY,6
PATH,2026-05-15,30.0,0.15,12416,582,🚬菸屁股 🚀點火(5.9x),STRONG_BUY,6
IREN,2026-02-20,80.0,0.44,11387,566,🚬菸屁股 🚀點火(2.1x),STRONG_BUY,6
HOOD,2026-04-17,125.0,1.29,3034,561,🚬菸屁股 🚀點火(4.6x),STRONG_BUY,6
NBIS,2026-02-20,105.0,1.55,3932,554,🚬菸屁股 🚀點火(3.3x),STRONG_BUY,6
OPEN,2026-05-15,16.0,0.15,19310,550,🚬菸屁股 🚀點火(15.3x),STRONG_BUY,6
IREN,2026-05-15,75.0,4.55,3621,545,🚬菸屁股 🆕新開倉點火,STRONG_BUY,6
JOBY,2026-02-06,12.0,0.02,3278,545,🚬菸屁股 🚀點火(3.9x),STRONG_BUY,6
ASTS,2026-02-20,135.0,2.43,2476,541,🚬菸屁股 🆕新開倉點火,STRONG_BUY,6
NBIS,2026-03-20,110.0,3.9,5198,538,🚬菸屁股 🆕新開倉點火,STRONG_BUY,6
SMCI,2026-03-20,37.0,2.3,1565,521,🚬菸屁股 🚀點火(3.3x),STRONG_BUY,6
OKLO,2026-03-20,90.0,3.6,2587,502,🚬菸屁股 🆕新開倉點火,STRONG_BUY,6
NBIS,2026-02-20,115.0,0.75,3481,502,🚬菸屁股 🚀點火(7.0x),STRONG_BUY,6
ACHR,2026-04-17,9.0,0.48,9043,488,🚬菸屁股 🚀點火(2.1x),STRONG_BUY,6
HIMS,2026-02-20,45.0,0.04,4975,482,🚬菸屁股 🚀點火(16.6x),STRONG_BUY,6
LUNR,2026-02-20,25.0,0.44,2869,470,🚬菸屁股 🚀點火(3.6x),STRONG_BUY,6
LUNR,2026-02-20,20.0,0.84,6708,454,🚬菸屁股 🚀點火(2.1x),STRONG_BUY,6
JOBY,2026-04-17,11.0,1.31,2813,448,🚬菸屁股 🚀點火(3.1x),STRONG_BUY,6
OKLO,2026-03-20,105.0,1.89,2462,442,🚬菸屁股 🚀點火(5.0x),STRONG_BUY,6
CRWV,2026-03-20,125.0,2.5,7027,420,🚬菸屁股 🚀點火(4.0x),STRONG_BUY,6
CRWV,2026-02-06,99.0,0.12,1843,413,🚬菸屁股 🆕新開倉點火,STRONG_BUY,6
SOFI,2026-05-15,23.0,2.09,2130,412,🚬菸屁股 🆕新開倉點火,STRONG_BUY,6
SOFI,2026-03-20,33.0,0.19,4282,408,🚬菸屁股 🚀點火(7.7x),STRONG_BUY,6
ASTS,2026-02-20,125.0,3.95,1476,390,🚬菸屁股 🆕新開倉點火,STRONG_BUY,6
JOBY,2026-02-20,11.0,0.47,1555,387,🚬菸屁股 🆕新開倉點火,STRONG_BUY,6
OKLO,2026-02-20,95.0,0.58,2564,385,🚬菸屁股 🚀點火(2.0x),STRONG_BUY,6
HIMS,2026-03-20,80.0,0.18,7460,382,🚬菸屁股 🚀點火(3.4x),STRONG_BUY,6
LUNR,2026-03-20,15.0,3.8,3246,375,🚬菸屁股 🆕新開倉點火,STRONG_BUY,6
RKLB,2026-03-20,130.0,1.12,1385,370,🚬菸屁股 🚀點火(4.9x),STRONG_BUY,6
OKLO,2026-03-20,95.0,2.96,1868,361,🚬菸屁股 🆕新開倉點火,STRONG_BUY,6
HOOD,2026-05-15,120.0,2.68,1577,359,🚬菸屁股 🚀點火(3.8x),STRONG_BUY,6
PATH,2026-05-15,21.0,0.66,4275,356,🚬菸屁股 🚀點火(8.9x),STRONG_BUY,6
SMCI,2026-02-20,55.0,0.1,7541,355,🚬菸屁股 🚀點火(2.1x),STRONG_BUY,6
CRWV,2026-03-20,140.0,1.49,5296,352,🚬菸屁股 🚀點火(12.1x),STRONG_BUY,6
LUNR,2026-03-20,19.0,2.2,2205,351,🚬菸屁股 🚀點火(5.1x),STRONG_BUY,6
ACHR,2026-02-13,10.0,0.02,1599,350,🚬菸屁股 🚀點火(4.0x),STRONG_BUY,6
SMCI,2026-02-20,42.0,0.34,1838,338,🚬菸屁股 🚀點火(2.8x),STRONG_BUY,6
IREN,2026-03-20,90.0,1.01,4237,334,🚬菸屁股 🚀點火(2.8x),STRONG_BUY,6
XYZ,2026-02-13,58.0,1.81,1610,332,🚬菸屁股 🚀點火(20.8x),STRONG_BUY,6
ROKU,2026-02-20,110.0,1.84,1890,325,🚬菸屁股 🚀點火(16.2x),STRONG_BUY,6
SMR,2026-03-20,25.0,0.62,3863,322,🚬菸屁股 🚀點火(2.8x),STRONG_BUY,6
CRWV,2026-03-20,145.0,1.29,4241,322,🚬菸屁股 🚀點火(11.9x),STRONG_BUY,6
CRWV,2026-02-20,97.5,2.81,2101,309,🚬菸屁股 🆕新開倉點火,STRONG_BUY,6
RKLB,2026-03-20,95.0,4.35,1529,303,🚬菸屁股 🆕新開倉點火,STRONG_BUY,6
NVDA,2027-01-15,160.0,41.65,90693,20291,🚀點火(65.5x) 👑超級萬人塚,BUY_WATCH,5
SMCI,2026-03-20,30.0,5.75,64732,5519,🚀點火(2.3x) 👑超級萬人塚,BUY_WATCH,5
OKLO,2028-01-21,200.0,17.8,51817,659,🚀點火(18.3x) 👑超級萬人塚,BUY_WATCH,5
NVDA,2026-03-20,130.0,46.65,30175,5041,🚀點火(126.0x) 🔥萬人塚,BUY_WATCH,4
SOFI,2027-01-15,10.0,11.9,26865,3386,🚀點火(6.6x) 🔥萬人塚,BUY_WATCH,4
SOFI,2027-01-15,25.0,4.0,51807,3220,🔭LEAPS埋伏 👑超級萬人塚,HOLD,4
SOFI,2027-01-15,30.0,2.77,54277,3083,🔭LEAPS埋伏 👑超級萬人塚,HOLD,4
IREN,2028-01-21,110.0,13.75,22130,2508,🚀點火(11.9x) 🔥萬人塚,BUY_WATCH,4
NVDA,2027-01-15,200.0,24.5,51402,1246,🔭LEAPS埋伏 👑超級萬人塚,HOLD,4
NVDA,2027-01-15,300.0,6.55,56645,1161,🔭LEAPS埋伏 👑超級萬人塚,HOLD,4
TSLA,2027-01-15,960.0,8.5,121736,620,🔭LEAPS埋伏 👑超級萬人塚,HOLD,4
NVDA,2028-01-21,300.0,20.0,82167,407,🔭LEAPS埋伏 👑超級萬人塚,HOLD,4
NVDA,2027-01-15,340.0,4.05,69020,141,🔭LEAPS埋伏 👑超級萬人塚,HOLD,4
TSLA,2027-01-15,940.0,9.1,100284,102,🔭LEAPS埋伏 👑超級萬人塚,HOLD,4
OPEN,2027-01-15,1.0,4.6,64373,16,🔭LEAPS埋伏 👑超級萬人塚,HOLD,4
NVDA,2026-02-06,190.0,0.1,82482,49380,🚬菸屁股 👑超級萬人塚,HOLD,3
NVDA,2026-02-06,175.0,2.85,2114,44514,🚀點火(12.2x),BUY_WATCH,3
NVDA,2026-02-06,177.5,1.74,2098,41759,🚀點火(4.8x),BUY_WATCH,3
AMD,2026-02-06,215.0,0.98,1164,38480,🆕新開倉點火,BUY_WATCH,3
NVDA,2026-02-06,195.0,0.05,70028,38194,🚬菸屁股 👑超級萬人塚,HOLD,3
AMD,2026-02-06,220.0,0.56,1126,38101,🆕新開倉點火,BUY_WATCH,3
AMD,2026-02-06,210.0,1.8,940,37216,🆕新開倉點火,BUY_WATCH,3
TSLA,2026-02-06,430.0,0.6,7882,30457,🆕新開倉點火,BUY_WATCH,3
PLTR,2026-02-06,145.0,1.47,863,29312,🆕新開倉點火,BUY_WATCH,3
NVDA,2026-02-13,180.0,3.0,7085,27546,🚀點火(2.2x),BUY_WATCH,3
NVDA,2026-03-20,200.0,3.65,148659,22484,🚬菸屁股 👑超級萬人塚,HOLD,3
PLTR,2026-02-06,140.0,3.55,2177,22484,🆕新開倉點火,BUY_WATCH,3
AMD,2026-02-06,225.0,0.35,2764,21682,🆕新開倉點火,BUY_WATCH,3
TSLA,2026-02-06,400.0,10.5,1438,19920,🚀點火(3.4x),BUY_WATCH,3
AMD,2026-02-06,230.0,0.23,2051,19677,🆕新開倉點火,BUY_WATCH,3
PLTR,2026-02-06,152.5,0.28,3830,19478,🚀點火(3.3x),BUY_WATCH,3
HOOD,2026-02-06,85.0,0.72,1160,18694,🆕新開倉點火,BUY_WATCH,3
NVDA,2026-02-13,177.5,4.05,1995,17648,🚀點火(3.7x),BUY_WATCH,3
NVDA,2026-02-13,182.5,2.19,2168,17304,🚀點火(3.2x),BUY_WATCH,3
NVDA,2026-02-20,200.0,0.48,99067,16836,🚬菸屁股 👑超級萬人塚,HOLD,3
TSLA,2026-02-06,405.0,7.4,1013,16286,🚀點火(4.1x),BUY_WATCH,3
TSLA,2026-02-06,417.5,2.41,1276,15096,🚀點火(2.7x),BUY_WATCH,3
NVDA,2026-02-20,190.0,1.47,99358,14070,🚬菸屁股 👑超級萬人塚,HOLD,3
MSTR,2026-02-13,140.0,3.7,5423,14017,🆕新開倉點火,BUY_WATCH,3
NVDA,2026-03-20,190.0,6.05,90296,12742,🚬菸屁股 👑超級萬人塚,HOLD,3
NVDA,2026-03-20,210.0,2.11,84246,12356,🚬菸屁股 👑超級萬人塚,HOLD,3
AMD,2026-02-13,220.0,2.34,874,11364,🆕新開倉點火,BUY_WATCH,3
TSLA,2026-02-06,435.0,0.35,7393,10971,🆕新開倉點火,BUY_WATCH,3
SMCI,2026-02-13,37.0,0.64,1001,10944,🚀點火(16.1x),BUY_WATCH,3
SOFI,2026-02-06,21.5,0.27,1426,10477,🆕新開倉點火,BUY_WATCH,3
AMD,2026-02-20,220.0,3.65,7861,10172,🆕新開倉點火,BUY_WATCH,3
IREN,2026-07-17,80.0,6.0,10396,10083,🆕新開倉點火,BUY_WATCH,3
AMD,2026-02-06,240.0,0.1,3947,10066,🆕新開倉點火,BUY_WATCH,3
IBIT,2026-02-06,43.5,0.25,2483,9878,🆕新開倉點火,BUY_WATCH,3
TSLA,2026-02-13,420.0,6.8,1406,9818,🚀點火(2.3x),BUY_WATCH,3
MSTR,2026-02-20,135.0,7.05,3301,9807,🆕新開倉點火,BUY_WATCH,3
PLTR,2026-02-06,148.0,0.79,1554,9514,🚀點火(2.4x),BUY_WATCH,3
PLTR,2026-02-06,144.0,1.78,578,9430,🆕新開倉點火,BUY_WATCH,3
IBIT,2026-02-06,42.0,0.72,1202,8875,🆕新開倉點火,BUY_WATCH,3
ONDS,2026-02-06,10.0,0.3,534,8600,🚀點火(10.8x),BUY_WATCH,3
AMD,2026-02-06,235.0,0.15,1743,8558,🆕新開倉點火,BUY_WATCH,3
TSLA,2026-02-06,447.5,0.11,6615,8382,🆕新開倉點火,BUY_WATCH,3
PLTR,2026-02-06,147.0,0.97,935,8291,🆕新開倉點火,BUY_WATCH,3
NVDA,2026-02-20,210.0,0.2,92898,7850,🚬菸屁股 👑超級萬人塚,HOLD,3
PLTR,2026-02-13,150.0,2.03,1849,7798,🚀點火(2.5x),BUY_WATCH,3
TSLA,2026-02-06,460.0,0.06,9479,7780,🆕新開倉點火,BUY_WATCH,3
MSTR,2026-02-13,147.0,2.11,5160,7491,🆕新開倉點火,BUY_WATCH,3
SOFI,2026-02-06,21.0,0.44,1389,7418,🚀點火(3.9x),BUY_WATCH,3
NVDA,2026-02-06,172.5,4.3,1533,7354,🆕新開倉點火,BUY_WATCH,3
TSLA,2026-02-13,410.0,10.8,544,7160,🆕新開倉點火,BUY_WATCH,3
NVDA,2026-02-13,175.0,5.3,1742,7151,🚀點火(2.0x),BUY_WATCH,3
TSLA,2026-02-06,442.5,0.17,4239,7056,🆕新開倉點火,BUY_WATCH,3
AMD,2026-02-13,230.0,1.17,744,7029,🆕新開倉點火,BUY_WATCH,3
PLTR,2026-02-06,149.0,0.63,1740,6869,🚀點火(2.1x),BUY_WATCH,3
NVDA,2026-02-20,220.0,0.1,117918,6558,🚬菸屁股 👑超級萬人塚,HOLD,3
NVDA,2026-02-06,170.0,6.1,2689,6229,🚀點火(2.5x),BUY_WATCH,3
AMD,2026-02-13,240.0,0.64,1970,6218,🆕新開倉點火,BUY_WATCH,3
HOOD,2026-02-13,90.0,1.95,1225,6175,🚀點火(5.1x),BUY_WATCH,3
AMD,2026-02-20,240.0,1.15,9111,5978,🆕新開倉點火,BUY_WATCH,3
TSLA,2026-02-06,457.5,0.06,5693,5975,🆕新開倉點火,BUY_WATCH,3
MSTR,2026-02-06,135.0,2.74,1771,5805,🆕新開倉點火,BUY_WATCH,3
IREN,2026-03-20,50.0,6.3,6917,5769,🆕新開倉點火,BUY_WATCH,3
AMD,2026-02-13,200.0,8.8,879,5743,🆕新開倉點火,BUY_WATCH,3
AMD,2026-02-06,255.0,0.04,9663,5726,🆕新開倉點火,BUY_WATCH,3
AMD,2026-03-20,300.0,0.75,9875,5673,🆕新開倉點火,BUY_WATCH,3
COIN,2026-02-06,207.5,0.25,6338,5599,🆕新開倉點火,BUY_WATCH,3
JOBY,2028-01-21,32.0,2.23,893,5514,🆕新開倉點火,BUY_WATCH,3
TSLA,2026-02-13,422.5,6.0,590,5460,🆕新開倉點火,BUY_WATCH,3
AMD,2026-04-17,300.0,1.84,6100,5442,🆕新開倉點火,BUY_WATCH,3
COIN,2026-02-06,205.0,0.11,6407,5417,🆕新開倉點火,BUY_WATCH,3
TSLA,2026-02-20,440.0,4.5,8022,5292,🚀點火(2.5x),BUY_WATCH,3
TSLA,2026-02-06,467.5,0.04,5745,5210,🆕新開倉點火,BUY_WATCH,3
HOOD,2026-02-06,88.0,0.31,926,5180,🆕新開倉點火,BUY_WATCH,3
AMD,2026-02-13,245.0,0.48,1504,5151,🚀點火(2.5x),BUY_WATCH,3
AMD,2026-02-13,225.0,1.64,911,5150,🆕新開倉點火,BUY_WATCH,3
NVDA,2026-04-17,130.0,47.65,546,5122,🆕新開倉點火,BUY_WATCH,3
MSTR,2026-02-06,130.0,4.8,1878,5100,🆕新開倉點火,BUY_WATCH,3
NVDA,2026-07-17,200.0,13.0,9117,5082,🆕新開倉點火,BUY_WATCH,3
TSLA,2026-02-06,452.5,0.08,5488,5075,🆕新開倉點火,BUY_WATCH,3
TSLA,2026-02-13,442.5,1.98,917,5003,🆕新開倉點火,BUY_WATCH,3
IBIT,2026-02-20,42.5,1.53,2275,4968,🆕新開倉點火,BUY_WATCH,3
COIN,2026-02-06,197.5,0.2,5487,4959,🆕新開倉點火,BUY_WATCH,3
NVDA,2026-03-20,220.0,1.24,53158,4914,🚬菸屁股 👑超級萬人塚,HOLD,3
HOOD,2028-01-21,100.0,25.55,3749,4720,🆕新開倉點火,BUY_WATCH,3
AMD,2026-02-20,210.0,6.4,8350,4684,🆕新開倉點火,BUY_WATCH,3
AMD,2027-01-15,300.0,19.65,9218,4345,🆕新開倉點火,BUY_WATCH,3
IBIT,2026-02-13,42.5,1.15,938,4336,🆕新開倉點火,BUY_WATCH,3
AMD,2026-03-20,210.0,12.6,5994,4325,🆕新開倉點火,BUY_WATCH,3
AMD,2026-05-15,280.0,5.65,5550,4264,🆕新開倉點火,BUY_WATCH,3
MSTR,2026-02-06,145.0,0.79,3451,4248,🆕新開倉點火,BUY_WATCH,3
IBIT,2026-03-20,60.0,0.16,58632,4236,🚬菸屁股 👑超級萬人塚,HOLD,3
AMD,2026-02-20,280.0,0.19,7203,4181,🚀點火(2.1x),BUY_WATCH,3
AMD,2026-02-06,237.5,0.13,837,4176,🆕新開倉點火,BUY_WATCH,3
NVDA,2026-03-20,195.0,4.7,70578,4133,🚬菸屁股 👑超級萬人塚,HOLD,3
AMD,2026-03-20,280.0,1.35,7939,4046,🚀點火(2.0x),BUY_WATCH,3
IREN,2027-01-15,70.0,12.3,10391,4010,🆕新開倉點火,BUY_WATCH,3
TSLA,2026-02-06,462.5,0.05,4329,3972,🆕新開倉點火,BUY_WATCH,3
AMD,2026-02-20,230.0,2.03,5500,3966,🆕新開倉點火,BUY_WATCH,3
PLTR,2026-02-13,145.0,3.55,581,3817,🆕新開倉點火,BUY_WATCH,3
AMD,2026-05-15,240.0,12.1,1812,3774,🆕新開倉點火,BUY_WATCH,3
AMD,2026-02-20,320.0,0.07,3613,3770,🆕新開倉點火,BUY_WATCH,3
PLTR,2026-02-13,167.5,0.3,3297,3746,🆕新開倉點火,BUY_WATCH,3
NBIS,2027-01-15,150.0,14.5,9185,3738,🆕新開倉點火,BUY_WATCH,3
AMD,2026-02-20,200.0,10.65,6126,3737,🆕新開倉點火,BUY_WATCH,3
ONDS,2026-02-13,10.5,0.55,558,3731,🚀點火(8.1x),BUY_WATCH,3
PLTR,2026-02-20,145.0,4.8,2165,3729,🆕新開倉點火,BUY_WATCH,3
HIMS,2026-02-20,27.0,0.7,1481,3720,🚀點火(6.1x),BUY_WATCH,3
IBIT,2026-02-13,43.0,0.94,1090,3714,🆕新開倉點火,BUY_WATCH,3
NVDA,2026-02-20,192.5,1.11,5385,3621,🆕新開倉點火,BUY_WATCH,3
PLTR,2026-03-20,155.0,5.4,4070,3604,🆕新開倉點火,BUY_WATCH,3
AMD,2026-03-20,220.0,9.25,6800,3448,🆕新開倉點火,BUY_WATCH,3
COIN,2026-02-06,185.0,0.54,1769,3413,🆕新開倉點火,BUY_WATCH,3
HOOD,2026-07-17,150.0,2.1,577,3404,🚀點火(3.7x),BUY_WATCH,3
TSLA,2026-02-20,410.0,14.1,1474,3323,🆕新開倉點火,BUY_WATCH,3
IBIT,2026-02-06,42.5,0.5,3391,3311,🆕新開倉點火,BUY_WATCH,3
IBIT,2026-02-13,42.0,1.39,1228,3275,🆕新開倉點火,BUY_WATCH,3
IBIT,2026-02-20,43.5,1.12,695,3245,🆕新開倉點火,BUY_WATCH,3
COIN,2026-02-06,187.5,0.45,2201,3229,🆕新開倉點火,BUY_WATCH,3
NVDA,2026-07-17,220.0,8.1,5477,3212,🆕新開倉點火,BUY_WATCH,3
PLTR,2026-02-13,149.0,2.28,517,3210,🆕新開倉點火,BUY_WATCH,3
HOOD,2026-02-13,92.0,1.6,968,3205,🚀點火(4.1x),BUY_WATCH,3
IREN,2026-02-20,40.0,9.6,2435,3180,🆕新開倉點火,BUY_WATCH,3
AMD,2026-04-17,270.0,3.8,4554,3134,🆕新開倉點火,BUY_WATCH,3
MSTR,2026-02-06,155.0,0.35,4152,3132,🆕新開倉點火,BUY_WATCH,3
HOOD,2026-04-17,90.0,6.9,2472,3121,🚀點火(5.6x),BUY_WATCH,3
TSLA,2026-02-06,465.0,0.05,6507,3085,🆕新開倉點火,BUY_WATCH,3
TSLA,2026-02-20,455.0,2.35,3588,3084,🆕新開倉點火,BUY_WATCH,3
NVDA,2026-03-20,230.0,0.75,52422,3082,🚬菸屁股 👑超級萬人塚,HOLD,3
PLTR,2026-02-20,140.0,7.05,1597,3077,🆕新開倉點火,BUY_WATCH,3
IBIT,2026-03-20,43.0,2.5,6462,3067,🆕新開倉點火,BUY_WATCH,3
AMD,2026-04-17,240.0,8.0,2925,3016,🆕新開倉點火,BUY_WATCH,3
AMD,2026-03-20,270.0,1.85,6312,2994,🆕新開倉點火,BUY_WATCH,3
TSLA,2026-02-20,475.0,1.02,7215,2972,🆕新開倉點火,BUY_WATCH,3
PLTR,2026-02-20,155.0,1.95,5818,2927,🆕新開倉點火,BUY_WATCH,3
SOFI,2026-02-06,20.0,1.02,811,2890,🚀點火(3.1x),BUY_WATCH,3
IBIT,2026-02-13,44.5,0.49,1539,2887,🆕新開倉點火,BUY_WATCH,3
IBIT,2026-03-20,42.0,2.97,2234,2847,🆕新開倉點火,BUY_WATCH,3
AMD,2026-03-20,330.0,0.34,2971,2833,🆕新開倉點火,BUY_WATCH,3
PLTR,2026-03-20,175.0,1.9,5195,2754,🆕新開倉點火,BUY_WATCH,3
ASTS,2026-02-06,105.0,5.35,995,2659,🚀點火(8.7x),BUY_WATCH,3
PLTR,2026-03-20,140.0,11.2,1042,2633,🆕新開倉點火,BUY_WATCH,3
SHOP,2026-02-20,130.0,3.5,2023,2586,🆕新開倉點火,BUY_WATCH,3
AMD,2026-05-15,290.0,4.7,5806,2573,🆕新開倉點火,BUY_WATCH,3
HOOD,2026-02-20,85.0,4.15,1040,2540,🚀點火(2.5x),BUY_WATCH,3
TSLA,2026-03-20,430.0,16.55,5478,2488,🆕新開倉點火,BUY_WATCH,3
TSLA,2026-02-20,465.0,1.54,3998,2455,🆕新開倉點火,BUY_WATCH,3
HIMS,2026-02-13,28.0,0.32,708,2441,🆕新開倉點火,BUY_WATCH,3
AMD,2026-04-17,220.0,13.15,2344,2435,🆕新開倉點火,BUY_WATCH,3
NVDA,2026-03-20,250.0,0.31,51989,2430,🚬菸屁股 👑超級萬人塚,HOLD,3
AMD,2026-05-15,250.0,10.0,2475,2424,🆕新開倉點火,BUY_WATCH,3
AMD,2027-01-15,400.0,9.2,3443,2419,🆕新開倉點火,BUY_WATCH,3
MSTR,2026-02-20,140.0,5.15,764,2413,🆕新開倉點火,BUY_WATCH,3
TSLA,2026-02-20,415.0,11.85,888,2408,🆕新開倉點火,BUY_WATCH,3
AMD,2026-05-15,200.0,25.8,11369,2403,🆕新開倉點火,BUY_WATCH,3
HOOD,2026-02-06,86.0,0.55,925,2385,🆕新開倉點火,BUY_WATCH,3
PLTR,2026-04-17,150.0,9.7,2755,2330,🆕新開倉點火,BUY_WATCH,3
HOOD,2026-02-13,96.0,0.98,515,2228,🆕新開倉點火,BUY_WATCH,3
PLTR,2026-04-17,175.0,3.55,3793,2211,🆕新開倉點火,BUY_WATCH,3
RKLB,2026-02-06,75.0,2.05,578,2205,🚀點火(6.3x),BUY_WATCH,3
TSLA,2026-02-20,520.0,0.24,7574,2182,🆕新開倉點火,BUY_WATCH,3
HOOD,2026-03-20,80.0,9.25,1768,2181,🆕新開倉點火,BUY_WATCH,3
TSLA,2026-03-20,480.0,5.45,8448,2125,🆕新開倉點火,BUY_WATCH,3
TSLA,2026-03-20,490.0,4.35,4495,2105,🆕新開倉點火,BUY_WATCH,3
IBIT,2026-02-20,55.0,0.07,69714,2093,🚬菸屁股 👑超級萬人塚,HOLD,3
TSLA,2027-01-15,500.0,55.2,16752,2087,🆕新開倉點火,BUY_WATCH,3
TSLA,2026-02-20,435.0,5.5,3426,2080,🆕新開倉點火,BUY_WATCH,3
AMD,2026-02-13,235.0,0.85,884,2077,🆕新開倉點火,BUY_WATCH,3
AMD,2026-02-13,260.0,0.22,2528,2071,🆕新開倉點火,BUY_WATCH,3
NVDA,2026-07-17,145.0,40.9,1902,2065,🆕新開倉點火,BUY_WATCH,3
TSLA,2026-02-20,400.0,19.55,2981,2045,🆕新開倉點火,BUY_WATCH,3
COIN,2026-02-06,220.0,0.07,5644,2044,🆕新開倉點火,BUY_WATCH,3
IBIT,2026-03-20,55.0,0.29,55317,2040,🚬菸屁股 👑超級萬人塚,HOLD,3
NVDA,2026-04-17,175.0,14.8,4843,2030,🆕新開倉點火,BUY_WATCH,3
TSLA,2026-02-20,635.0,0.04,1664,2021,🆕新開倉點火,BUY_WATCH,3
PLTR,2026-03-20,185.0,1.19,5062,2016,🆕新開倉點火,BUY_WATCH,3
TSLA,2026-02-13,415.0,8.65,791,2003,🆕新開倉點火,BUY_WATCH,3
HOOD,2026-02-20,80.0,6.4,533,1990,🆕新開倉點火,BUY_WATCH,3
ONDS,2027-01-15,30.0,1.55,22706,1968,🔭LEAPS埋伏 🔥萬人塚,HOLD,3
ONDS,2027-01-15,15.0,3.2,20573,1935,🔭LEAPS埋伏 🔥萬人塚,HOLD,3
IREN,2026-02-13,50.0,3.15,1083,1837,🚀點火(3.5x),BUY_WATCH,3
CRWV,2026-02-13,115.0,0.25,686,1836,🚀點火(6.0x),BUY_WATCH,3
HIMS,2026-02-06,25.0,0.51,639,1804,🆕新開倉點火,BUY_WATCH,3
SOFI,2026-02-13,21.5,0.61,672,1775,🆕新開倉點火,BUY_WATCH,3
NBIS,2026-03-20,95.0,7.2,4790,1763,🆕新開倉點火,BUY_WATCH,3
RKLB,2026-02-20,70.0,7.75,1461,1752,🆕新開倉點火,BUY_WATCH,3
ASTS,2026-02-06,95.0,10.35,652,1733,🆕新開倉點火,BUY_WATCH,3
HIMS,2026-02-13,26.0,0.79,915,1731,🆕新開倉點火,BUY_WATCH,3
IREN,2026-02-06,48.0,2.84,510,1677,🆕新開倉點火,BUY_WATCH,3
SMCI,2026-02-13,36.0,0.85,1084,1665,🚀點火(3.6x),BUY_WATCH,3
OKLO,2027-01-15,130.0,12.9,1837,1661,🆕新開倉點火,BUY_WATCH,3
NBIS,2027-01-15,35.0,54.1,2824,1612,🆕新開倉點火,BUY_WATCH,3
HOOD,2027-01-15,100.0,15.5,12077,1569,🚀點火(2.9x),BUY_WATCH,3
NVDA,2028-01-21,400.0,10.8,24801,1545,🔭LEAPS埋伏 🔥萬人塚,HOLD,3
SMCI,2026-02-06,36.5,0.24,673,1525,🆕新開倉點火,BUY_WATCH,3
RKLB,2026-02-13,83.0,1.79,1105,1522,🚀點火(2.8x),BUY_WATCH,3
ASTS,2026-03-20,110.0,15.0,1941,1510,🆕新開倉點火,BUY_WATCH,3
OPEN,2027-01-15,7.0,1.42,25021,1506,🔭LEAPS埋伏 🔥萬人塚,HOLD,3
NBIS,2026-03-20,90.0,8.75,4067,1482,🆕新開倉點火,BUY_WATCH,3
SOFI,2028-06-16,15.0,11.2,4951,1461,🆕新開倉點火,BUY_WATCH,3
NBIS,2026-03-20,100.0,5.85,6259,1453,🆕新開倉點火,BUY_WATCH,3
HIMS,2026-02-13,25.0,1.08,539,1449,🆕新開倉點火,BUY_WATCH,3
PATH,2027-01-15,20.0,1.86,35466,1434,🔭LEAPS埋伏 🔥萬人塚,HOLD,3
MSTR,2026-03-20,160.0,5.4,52673,1420,🚬菸屁股 👑超級萬人塚,HOLD,3
SOFI,2027-01-15,35.0,1.99,26971,1419,🔭LEAPS埋伏 🔥萬人塚,HOLD,3
IREN,2026-02-20,32.0,14.65,4911,1419,🆕新開倉點火,BUY_WATCH,3
ASTS,2026-03-20,130.0,9.3,1535,1405,🆕新開倉點火,BUY_WATCH,3
HOOD,2026-02-13,97.0,0.92,701,1388,🆕新開倉點火,BUY_WATCH,3
CRWV,2026-02-06,91.0,0.71,812,1325,🚀點火(2.9x),BUY_WATCH,3
SMR,2026-02-20,17.0,1.15,1132,1324,🚀點火(3.1x),BUY_WATCH,3
ASTS,2027-01-15,180.0,25.4,7803,1322,🚀點火(3.8x),BUY_WATCH,3
RKLB,2026-02-06,89.0,0.25,1084,1306,🆕新開倉點火,BUY_WATCH,3
PATH,2026-02-06,12.0,0.51,918,1295,🆕新開倉點火,BUY_WATCH,3
SOFI,2026-02-20,15.0,6.0,5472,1259,🆕新開倉點火,BUY_WATCH,3
RKLB,2026-04-17,70.0,14.7,5692,1242,🆕新開倉點火,BUY_WATCH,3
NVDA,2027-01-15,280.0,8.4,24351,1234,🔭LEAPS埋伏 🔥萬人塚,HOLD,3
VST,2026-04-17,180.0,3.9,1116,1219,🆕新開倉點火,BUY_WATCH,3
CRWV,2026-02-06,85.0,2.37,535,1206,🆕新開倉點火,BUY_WATCH,3
HOOD,2026-02-20,116.0,0.3,1395,1163,🆕新開倉點火,BUY_WATCH,3
XYZ,2026-04-17,60.0,4.75,683,1146,🆕新開倉點火,BUY_WATCH,3
IBIT,2027-01-15,100.0,0.87,29953,1130,🔭LEAPS埋伏 🔥萬人塚,HOLD,3
IBIT,2026-02-20,60.0,0.03,50371,1125,🚬菸屁股 👑超級萬人塚,HOLD,3
ASTS,2026-02-20,100.0,11.95,4782,1123,🆕新開倉點火,BUY_WATCH,3
HIMS,2026-02-06,26.5,0.16,789,1116,🆕新開倉點火,BUY_WATCH,3
ZM,2026-02-06,94.0,1.06,777,1107,🆕新開倉點火,BUY_WATCH,3
ASTS,2026-03-20,150.0,5.65,8381,1097,🆕新開倉點火,BUY_WATCH,3
RKLB,2028-01-21,145.0,23.25,1094,1096,🆕新開倉點火,BUY_WATCH,3
HIMS,2026-02-06,31.5,0.03,1347,1064,🆕新開倉點火,BUY_WATCH,3
RKLB,2026-07-17,100.0,12.6,1793,1034,🆕新開倉點火,BUY_WATCH,3
HIMS,2026-02-20,26.0,1.03,573,1018,🆕新開倉點火,BUY_WATCH,3
NVDA,2027-01-15,180.0,32.1,40627,1013,🔭LEAPS埋伏 🔥萬人塚,HOLD,3
IREN,2026-02-13,58.0,1.55,634,1012,🆕新開倉點火,BUY_WATCH,3
JOBY,2026-07-17,25.0,0.43,1342,1008,🆕新開倉點火,BUY_WATCH,3
SMCI,2026-02-13,45.0,0.1,664,991,🆕新開倉點火,BUY_WATCH,3
SOFI,2026-03-20,15.0,6.45,7151,985,🚀點火(3.0x),BUY_WATCH,3
SMCI,2026-05-15,48.0,1.76,1223,980,🆕新開倉點火,BUY_WATCH,3
PATH,2027-01-15,30.0,0.91,26286,974,🔭LEAPS埋伏 🔥萬人塚,HOLD,3
SMCI,2026-02-20,32.5,2.86,805,953,🆕新開倉點火,BUY_WATCH,3
NBIS,2026-04-17,110.0,6.3,819,933,🆕新開倉點火,BUY_WATCH,3
ONDS,2026-02-20,10.5,0.76,687,925,🚀點火(2.5x),BUY_WATCH,3
IBIT,2027-01-15,50.0,6.4,25501,923,🔭LEAPS埋伏 🔥萬人塚,HOLD,3
SOFI,2026-02-13,20.0,1.37,606,914,🆕新開倉點火,BUY_WATCH,3
CRWV,2026-02-13,90.0,3.2,555,881,🆕新開倉點火,BUY_WATCH,3
ASTS,2026-02-20,110.0,7.85,2669,875,🆕新開倉點火,BUY_WATCH,3
NVDA,2027-01-15,250.0,12.45,29709,867,🔭LEAPS埋伏 🔥萬人塚,HOLD,3
PATH,2027-01-15,15.0,2.85,32458,859,🔭LEAPS埋伏 🔥萬人塚,HOLD,3
IREN,2027-01-15,80.0,10.9,4775,858,🆕新開倉點火,BUY_WATCH,3
SOFI,2027-01-15,15.0,8.35,30503,857,🔭LEAPS埋伏 🔥萬人塚,HOLD,3
VST,2026-03-20,165.0,4.45,540,852,🆕新開倉點火,BUY_WATCH,3
RKLB,2026-04-17,90.0,7.95,5373,852,🆕新開倉點火,BUY_WATCH,3
NBIS,2026-02-06,87.0,1.3,836,848,🆕新開倉點火,BUY_WATCH,3
ZM,2026-02-06,95.0,0.93,1271,838,🚀點火(2.5x),BUY_WATCH,3
ASTS,2026-02-06,116.0,1.22,520,831,🆕新開倉點火,BUY_WATCH,3
HIMS,2028-01-21,50.0,7.35,1364,797,🆕新開倉點火,BUY_WATCH,3
HIMS,2026-02-06,24.0,1.01,777,796,🆕新開倉點火,BUY_WATCH,3
HOOD,2026-04-17,105.0,3.3,1487,782,🚀點火(2.3x),BUY_WATCH,3
IREN,2028-01-21,50.0,23.85,3780,761,🆕新開倉點火,BUY_WATCH,3
HIMS,2028-01-21,45.0,7.9,581,751,🆕新開倉點火,BUY_WATCH,3
ACHR,2027-01-15,10.0,1.59,29965,748,🔭LEAPS埋伏 🔥萬人塚,HOLD,3
ASTS,2026-02-20,115.0,6.3,1634,746,🆕新開倉點火,BUY_WATCH,3
ASTS,2026-05-15,150.0,12.75,4096,740,🆕新開倉點火,BUY_WATCH,3
RKLB,2028-01-21,125.0,25.85,1116,730,🆕新開倉點火,BUY_WATCH,3
ASTS,2026-02-13,115.0,4.2,815,717,🆕新開倉點火,BUY_WATCH,3
SMCI,2026-02-06,37.5,0.13,1121,716,🆕新開倉點火,BUY_WATCH,3
IREN,2026-02-20,49.0,4.4,659,710,🆕新開倉點火,BUY_WATCH,3
ASTS,2026-02-06,122.0,0.54,535,709,🆕新開倉點火,BUY_WATCH,3
U,2026-05-15,65.0,0.68,890,700,🆕新開倉點火,BUY_WATCH,3
HOOD,2027-01-15,120.0,10.8,4420,697,🆕新開倉點火,BUY_WATCH,3
SOFI,2026-05-15,24.0,1.73,1122,696,🆕新開倉點火,BUY_WATCH,3
RKLB,2027-01-15,25.0,52.6,1841,694,🆕新開倉點火,BUY_WATCH,3
RKLB,2026-03-20,90.0,5.15,2743,664,🆕新開倉點火,BUY_WATCH,3
SMCI,2026-03-20,29.0,6.55,1330,663,🆕新開倉點火,BUY_WATCH,3
XYZ,2026-02-06,58.0,0.97,1184,653,🆕新開倉點火,BUY_WATCH,3
IBIT,2027-01-15,60.0,4.0,27379,652,🔭LEAPS埋伏 🔥萬人塚,HOLD,3
HIMS,2026-02-13,27.0,0.48,727,652,🆕新開倉點火,BUY_WATCH,3
ASTS,2026-03-20,120.0,11.7,2800,647,🆕新開倉點火,BUY_WATCH,3
RKLB,2027-01-15,20.0,56.25,3575,642,🆕新開倉點火,BUY_WATCH,3
CRWV,2026-02-06,97.0,0.16,1021,636,🆕新開倉點火,BUY_WATCH,3
IREN,2026-05-15,55.0,8.15,3848,634,🆕新開倉點火,BUY_WATCH,3
NBIS,2026-02-20,85.0,6.45,3287,632,🆕新開倉點火,BUY_WATCH,3
HOOD,2026-03-20,85.0,6.95,1550,626,🆕新開倉點火,BUY_WATCH,3
IONQ,2027-01-15,55.0,9.0,1369,622,🆕新開倉點火,BUY_WATCH,3
HOOD,2028-01-21,200.0,10.2,2804,618,🆕新開倉點火,BUY_WATCH,3
UPST,2026-02-20,65.0,0.37,610,616,🆕新開倉點火,BUY_WATCH,3
HOOD,2028-01-21,150.0,15.6,2150,609,🆕新開倉點火,BUY_WATCH,3
ONDS,2026-03-20,19.0,0.24,1388,601,🆕新開倉點火,BUY_WATCH,3
SMCI,2027-01-15,30.0,11.75,4287,598,🚀點火(2.5x),BUY_WATCH,3
IREN,2026-05-15,50.0,9.5,7194,595,🆕新開倉點火,BUY_WATCH,3
U,2026-02-20,37.0,0.39,849,595,🆕新開倉點火,BUY_WATCH,3
VST,2026-03-20,175.0,2.74,567,581,🆕新開倉點火,BUY_WATCH,3
HOOD,2026-02-20,102.0,0.85,742,577,🆕新開倉點火,BUY_WATCH,3
HIMS,2026-02-20,25.0,1.45,700,563,🆕新開倉點火,BUY_WATCH,3
IREN,2026-02-20,45.0,5.8,2313,554,🆕新開倉點火,BUY_WATCH,3
OKLO,2026-02-20,85.0,1.43,562,552,🆕新開倉點火,BUY_WATCH,3
ASTS,2026-02-13,160.0,0.7,631,551,🆕新開倉點火,BUY_WATCH,3
VST,2026-03-20,160.0,5.65,804,541,🆕新開倉點火,BUY_WATCH,3
SMR,2026-02-13,18.5,0.39,1306,534,🆕新開倉點火,BUY_WATCH,3
NBIS,2028-01-21,200.0,23.25,1663,529,🆕新開倉點火,BUY_WATCH,3
JOBY,2028-01-21,30.0,2.41,1138,526,🆕新開倉點火,BUY_WATCH,3
ASTS,2026-03-20,60.0,46.95,4871,522,🆕新開倉點火,BUY_WATCH,3
NBIS,2028-01-21,100.0,37.15,1314,522,🆕新開倉點火,BUY_WATCH,3
SOFI,2026-02-13,33.0,0.02,745,521,🆕新開倉點火,BUY_WATCH,3
NBIS,2026-02-20,95.0,3.3,1414,517,🆕新開倉點火,BUY_WATCH,3
OKLO,2026-04-17,100.0,4.15,1321,514,🆕新開倉點火,BUY_WATCH,3
IREN,2027-01-15,60.0,14.95,7898,514,🆕新開倉點火,BUY_WATCH,3
OKLO,2026-02-06,87.0,0.08,593,487,🆕新開倉點火,BUY_WATCH,3
ASTS,2026-04-17,180.0,5.2,811,485,🆕新開倉點火,BUY_WATCH,3
IREN,2026-02-20,47.0,5.05,8706,475,🆕新開倉點火,BUY_WATCH,3
CRWV,2026-02-20,85.0,6.7,2025,475,🆕新開倉點火,BUY_WATCH,3
ACHR,2026-07-17,8.0,1.3,1206,472,🆕新開倉點火,BUY_WATCH,3
HOOD,2028-01-21,120.0,20.85,1332,471,🆕新開倉點火,BUY_WATCH,3
HOOD,2026-03-20,75.0,11.9,2141,464,🆕新開倉點火,BUY_WATCH,3
JOBY,2026-02-06,10.5,0.25,527,464,🆕新開倉點火,BUY_WATCH,3
VRT,2026-02-06,190.0,3.95,1229,460,🆕新開倉點火,BUY_WATCH,3
IREN,2026-02-20,48.0,4.65,1337,452,🆕新開倉點火,BUY_WATCH,3
SMCI,2026-05-15,30.0,7.4,2348,449,🆕新開倉點火,BUY_WATCH,3
SMCI,2026-05-15,25.0,10.85,893,447,🆕新開倉點火,BUY_WATCH,3
RKLB,2026-07-17,70.0,20.5,516,446,🆕新開倉點火,BUY_WATCH,3
HOOD,2026-04-17,145.0,0.58,1174,446,🆕新開倉點火,BUY_WATCH,3
JOBY,2026-02-06,10.0,0.6,1397,446,🆕新開倉點火,BUY_WATCH,3
IONQ,2026-02-20,80.0,0.87,771,444,🆕新開倉點火,BUY_WATCH,3
SMR,2026-03-20,16.0,2.69,769,443,🆕新開倉點火,BUY_WATCH,3
IREN,2026-05-15,65.0,6.1,1433,439,🆕新開倉點火,BUY_WATCH,3
SMCI,2026-02-20,29.5,4.95,819,436,🆕新開倉點火,BUY_WATCH,3
SMCI,2027-01-15,25.0,14.15,2638,434,🆕新開倉點火,BUY_WATCH,3
RKLB,2026-07-17,90.0,13.9,3307,434,🆕新開倉點火,BUY_WATCH,3
TDOC,2026-07-17,6.0,0.68,763,426,🆕新開倉點火,BUY_WATCH,3
LUNR,2026-02-06,19.0,0.3,1453,426,🆕新開倉點火,BUY_WATCH,3
SOFI,2026-04-17,21.0,2.2,1179,423,🆕新開倉點火,BUY_WATCH,3
UPST,2026-02-20,60.0,0.33,1402,422,🆕新開倉點火,BUY_WATCH,3
IONQ,2027-01-15,40.0,11.75,2330,413,🆕新開倉點火,BUY_WATCH,3
NBIS,2026-02-06,103.0,0.28,1103,411,🆕新開倉點火,BUY_WATCH,3
NVDA,2027-01-15,210.0,21.4,25981,410,🔭LEAPS埋伏 🔥萬人塚,HOLD,3
RKLB,2026-04-17,80.0,10.7,3808,407,🆕新開倉點火,BUY_WATCH,3
HOOD,2026-02-13,125.0,0.08,1319,404,🆕新開倉點火,BUY_WATCH,3
HOOD,2027-01-15,50.0,38.55,8493,404,🆕新開倉點火,BUY_WATCH,3
RKLB,2026-04-17,85.0,9.0,1755,403,🆕新開倉點火,BUY_WATCH,3
IREN,2026-03-20,45.0,8.25,2721,403,🆕新開倉點火,BUY_WATCH,3
ASTS,2026-03-20,140.0,7.6,2706,400,🆕新開倉點火,BUY_WATCH,3
HOOD,2027-01-15,75.0,24.75,2156,400,🆕新開倉點火,BUY_WATCH,3
ASTS,2027-01-15,150.0,28.9,11285,398,🆕新開倉點火,BUY_WATCH,3
HOOD,2027-01-15,80.0,22.65,2615,395,🆕新開倉點火,BUY_WATCH,3
U,2026-04-17,30.0,2.45,738,388,🆕新開倉點火,BUY_WATCH,3
IREN,2026-02-13,62.0,1.09,562,384,🆕新開倉點火,BUY_WATCH,3
VRT,2026-02-20,202.5,6.85,1758,383,🆕新開倉點火,BUY_WATCH,3
NBIS,2026-03-20,85.0,10.75,1572,382,🆕新開倉點火,BUY_WATCH,3
SOFI,2026-05-15,21.0,2.77,610,380,🆕新開倉點火,BUY_WATCH,3
ASTS,2026-02-13,125.0,2.22,579,379,🆕新開倉點火,BUY_WATCH,3
IONQ,2026-02-20,40.0,1.7,528,373,🆕新開倉點火,BUY_WATCH,3
NBIS,2026-02-20,80.0,9.0,795,373,🆕新開倉點火,BUY_WATCH,3
OKLO,2026-02-06,81.0,0.18,533,369,🆕新開倉點火,BUY_WATCH,3
NBIS,2026-02-13,95.0,2.25,1458,369,🆕新開倉點火,BUY_WATCH,3
ONDS,2026-02-20,11.5,0.4,1407,364,🆕新開倉點火,BUY_WATCH,3
OKLO,2026-02-13,110.0,0.15,726,361,🆕新開倉點火,BUY_WATCH,3
NBIS,2026-05-15,150.0,3.65,1053,361,🆕新開倉點火,BUY_WATCH,3
HOOD,2027-01-15,105.0,14.15,1987,360,🆕新開倉點火,BUY_WATCH,3
SOFI,2028-01-21,15.0,10.65,4734,357,🆕新開倉點火,BUY_WATCH,3
HOOD,2026-02-13,102.0,0.52,544,351,🆕新開倉點火,BUY_WATCH,3
RKLB,2026-03-20,85.0,6.65,2057,349,🆕新開倉點火,BUY_WATCH,3
HOOD,2028-01-21,80.0,31.8,505,348,🆕新開倉點火,BUY_WATCH,3
IREN,2027-01-15,45.0,18.5,12884,346,🆕新開倉點火,BUY_WATCH,3
HIMS,2026-02-13,32.0,0.13,863,344,🆕新開倉點火,BUY_WATCH,3
OKLO,2026-03-20,75.0,7.5,671,343,🆕新開倉點火,BUY_WATCH,3
ZM,2026-02-06,99.0,0.48,1175,343,🆕新開倉點火,BUY_WATCH,3
RKLB,2026-03-20,70.0,12.25,1507,340,🆕新開倉點火,BUY_WATCH,3
CRWV,2026-05-15,70.0,24.7,657,338,🆕新開倉點火,BUY_WATCH,3
VST,2026-02-06,155.0,0.4,948,337,🆕新開倉點火,BUY_WATCH,3
RKLB,2026-02-20,86.0,2.02,521,332,🆕新開倉點火,BUY_WATCH,3
SOFI,2026-02-20,19.0,2.28,529,332,🆕新開倉點火,BUY_WATCH,3
NBIS,2026-02-06,102.0,0.2,828,332,🆕新開倉點火,BUY_WATCH,3
DKNG,2026-02-13,33.0,0.2,741,331,🆕新開倉點火,BUY_WATCH,3
VST,2026-02-20,160.0,1.62,883,330,🆕新開倉點火,BUY_WATCH,3
IREN,2028-01-21,40.0,26.85,2075,330,🆕新開倉點火,BUY_WATCH,3
ZM,2026-02-20,110.0,0.49,1003,330,🆕新開倉點火,BUY_WATCH,3
IREN,2027-01-15,55.0,15.9,4342,328,🆕新開倉點火,BUY_WATCH,3
SMR,2026-02-13,20.0,0.2,997,327,🆕新開倉點火,BUY_WATCH,3
CRWV,2026-07-17,120.0,11.5,588,321,🆕新開倉點火,BUY_WATCH,3
IONQ,2026-04-17,42.0,4.3,535,319,🆕新開倉點火,BUY_WATCH,3
LUNR,2026-02-20,16.0,2.51,1200,318,🆕新開倉點火,BUY_WATCH,3
IREN,2027-01-15,40.0,20.6,15884,315,🆕新開倉點火,BUY_WATCH,3
IREN,2026-03-20,35.0,14.05,6707,313,🆕新開倉點火,BUY_WATCH,3
HOOD,2027-01-15,55.0,35.45,1500,313,🆕新開倉點火,BUY_WATCH,3
ACHR,2026-07-17,7.0,1.59,753,312,🆕新開倉點火,BUY_WATCH,3
VRT,2026-02-06,187.5,5.3,673,310,🆕新開倉點火,BUY_WATCH,3
ROKU,2026-02-20,120.0,1.05,1182,309,🆕新開倉點火,BUY_WATCH,3
SMCI,2026-02-20,25.0,9.35,570,307,🆕新開倉點火,BUY_WATCH,3
VST,2026-04-17,165.0,6.6,839,306,🆕新開倉點火,BUY_WATCH,3
SMCI,2026-02-06,40.5,0.11,565,304,🆕新開倉點火,BUY_WATCH,3
IREN,2026-05-15,45.0,11.45,894,304,🆕新開倉點火,BUY_WATCH,3
CRWV,2026-05-15,140.0,5.4,969,304,🆕新開倉點火,BUY_WATCH,3
PATH,2026-02-13,13.0,0.39,784,301,🆕新開倉點火,BUY_WATCH,3
NVDA,2028-01-21,250.0,28.6,28521,236,🔭LEAPS埋伏 🔥萬人塚,HOLD,3
NVDA,2027-01-15,230.0,16.3,26440,229,🔭LEAPS埋伏 🔥萬人塚,HOLD,3
SMCI,2027-01-15,90.0,1.96,27030,210,🔭LEAPS埋伏 🔥萬人塚,HOLD,3
OPEN,2027-01-15,5.0,2.0,22277,148,🔭LEAPS埋伏 🔥萬人塚,HOLD,3
OPEN,2028-01-21,20.0,1.29,20263,147,🔭LEAPS埋伏 🔥萬人塚,HOLD,3
IBIT,2027-01-15,140.0,0.34,22180,125,🔭LEAPS埋伏 🔥萬人塚,HOLD,3
OPEN,2027-01-15,10.0,1.0,31088,87,🔭LEAPS埋伏 🔥萬人塚,HOLD,3
IBIT,2026-05-15,63.0,0.46,70860,70,🚬菸屁股 👑超級萬人塚,HOLD,3
NVDA,2027-01-15,290.0,7.4,25006,57,🔭LEAPS埋伏 🔥萬人塚,HOLD,3
OPEN,2027-01-15,1.5,3.8,48877,51,🔭LEAPS埋伏 🔥萬人塚,HOLD,3
OPEN,2028-01-21,10.0,2.06,23083,30,🔭LEAPS埋伏 🔥萬人塚,HOLD,3
ACHR,2027-01-15,25.0,0.5,22309,24,🔭LEAPS埋伏 🔥萬人塚,HOLD,3
OPEN,2027-01-15,20.0,0.62,24004,17,🔭LEAPS埋伏 🔥萬人塚,HOLD,3
OPEN,2027-01-15,1.5,0.0,49508,0,🔭LEAPS埋伏 🔥萬人塚,HOLD,3
OPEN,2027-01-15,20.0,0.0,25796,0,🔭LEAPS埋伏 🔥萬人塚,HOLD,3
OPEN,2028-01-21,20.0,0.0,37480,0,🔭LEAPS埋伏 🔥萬人塚,HOLD,3
NVDA,2026-02-06,185.0,0.26,26890,59626,🚬菸屁股 🔥萬人塚,HOLD,2
NVDA,2026-02-06,200.0,0.03,48592,29508,🚬菸屁股 🔥萬人塚,HOLD,2
PLTR,2026-02-06,165.0,0.04,21654,23969,🚬菸屁股 🔥萬人塚,HOLD,2
OPEN,2026-02-06,5.5,0.03,21821,22615,🚬菸屁股 🔥萬人塚,HOLD,2
IBIT,2026-03-20,45.0,1.74,42691,18615,🚬菸屁股 🔥萬人塚,HOLD,2
NVDA,2026-02-20,185.0,2.57,42668,17529,🚬菸屁股 🔥萬人塚,HOLD,2
NVDA,2026-02-20,180.0,4.25,46985,15469,🚬菸屁股 🔥萬人塚,HOLD,2
NVDA,2026-02-06,197.5,0.04,28573,14961,🚬菸屁股 🔥萬人塚,HOLD,2
IBIT,2026-02-20,49.0,0.19,20551,12459,🚬菸屁股 🔥萬人塚,HOLD,2
PLTR,2026-02-06,170.0,0.03,21863,10927,🚬菸屁股 🔥萬人塚,HOLD,2
NVDA,2026-02-13,190.0,0.75,40313,9876,🚬菸屁股 🔥萬人塚,HOLD,2
NVDA,2026-02-13,195.0,0.37,24935,9714,🚬菸屁股 🔥萬人塚,HOLD,2
NVDA,2026-03-20,180.0,9.7,44221,9672,🚬菸屁股 🔥萬人塚,HOLD,2
PLTR,2026-02-20,160.0,1.23,21228,9169,🚬菸屁股 🔥萬人塚,HOLD,2
SOFI,2026-02-06,25.0,0.02,21748,8121,🚬菸屁股 🔥萬人塚,HOLD,2
NVDA,2026-02-20,195.0,0.83,39700,7270,🚬菸屁股 🔥萬人塚,HOLD,2
IBIT,2026-03-20,50.0,0.66,39761,6798,🚬菸屁股 🔥萬人塚,HOLD,2
ONDS,2026-03-20,12.0,0.93,27791,5271,🚬菸屁股 🔥萬人塚,HOLD,2
TSLA,2026-03-20,500.0,3.5,25636,5268,🚬菸屁股 🔥萬人塚,HOLD,2
ONDS,2026-02-20,14.0,0.13,20446,5037,🚬菸屁股 🔥萬人塚,HOLD,2
PLTR,2026-03-20,160.0,4.15,35904,4898,🚬菸屁股 🔥萬人塚,HOLD,2
TSLA,2026-02-20,500.0,0.41,21665,4832,🚬菸屁股 🔥萬人塚,HOLD,2
NVDA,2026-02-13,200.0,0.2,21281,4723,🚬菸屁股 🔥萬人塚,HOLD,2
NVDA,2026-03-20,170.0,14.75,22923,4514,🚬菸屁股 🔥萬人塚,HOLD,2
NVDA,2026-04-17,210.0,3.85,29640,4405,🚬菸屁股 🔥萬人塚,HOLD,2
PLTR,2026-02-20,180.0,0.29,31923,4051,🚬菸屁股 🔥萬人塚,HOLD,2
NVDA,2026-03-20,175.0,12.1,35988,4039,🚬菸屁股 🔥萬人塚,HOLD,2
PLTR,2026-02-20,200.0,0.12,21305,4005,🚬菸屁股 🔥萬人塚,HOLD,2
IBIT,2026-02-20,50.0,0.15,38894,3911,🚬菸屁股 🔥萬人塚,HOLD,2
NVDA,2026-03-20,185.0,7.7,41982,3788,🚬菸屁股 🔥萬人塚,HOLD,2
NVDA,2026-04-17,190.0,8.6,20461,3751,🚬菸屁股 🔥萬人塚,HOLD,2
SOFI,2026-03-20,25.0,0.55,20970,3377,🚬菸屁股 🔥萬人塚,HOLD,2
NVDA,2026-04-17,200.0,5.8,24867,3166,🚬菸屁股 🔥萬人塚,HOLD,2
IBIT,2026-03-20,53.0,0.39,25998,2915,🚬菸屁股 🔥萬人塚,HOLD,2
SOFI,2026-03-20,30.0,0.18,31339,2580,🚬菸屁股 🔥萬人塚,HOLD,2
ONDS,2026-02-20,13.0,0.2,26944,2515,🚬菸屁股 🔥萬人塚,HOLD,2
NVDA,2027-01-15,220.0,18.65,16420,2465,🔭LEAPS埋伏,HOLD,2
NVDA,2026-03-20,240.0,0.48,47165,2444,🚬菸屁股 🔥萬人塚,HOLD,2
CRWV,2026-03-20,150.0,0.98,27774,2214,🚬菸屁股 🔥萬人塚,HOLD,2
CRWV,2026-03-20,100.0,6.5,107197,2178,👑超級萬人塚,HOLD,2
IBIT,2027-01-15,70.0,2.62,18168,2006,🔭LEAPS埋伏,HOLD,2
PLTR,2027-01-15,150.0,29.3,10966,1776,🔭LEAPS埋伏,HOLD,2
ONDS,2026-02-20,15.0,0.09,26202,1719,🚬菸屁股 🔥萬人塚,HOLD,2
OPEN,2026-02-20,7.0,0.07,26610,1555,🚬菸屁股 🔥萬人塚,HOLD,2
IBIT,2026-03-20,65.0,0.11,40453,1456,🚬菸屁股 🔥萬人塚,HOLD,2
SOFI,2027-01-15,40.0,1.52,19071,1355,🔭LEAPS埋伏,HOLD,2
SOFI,2026-02-20,30.0,0.05,27139,1291,🚬菸屁股 🔥萬人塚,HOLD,2
IBIT,2026-03-20,70.0,0.07,44773,1254,🚬菸屁股 🔥萬人塚,HOLD,2
IBIT,2026-03-20,48.0,0.97,21938,1156,🚬菸屁股 🔥萬人塚,HOLD,2
HOOD,2027-01-15,150.0,6.5,5370,1066,🔭LEAPS埋伏,HOLD,2
SOFI,2026-02-20,27.0,0.09,24504,1037,🚬菸屁股 🔥萬人塚,HOLD,2
TSLA,2027-01-15,600.0,34.75,12133,1036,🔭LEAPS埋伏,HOLD,2
NVDA,2026-03-20,165.0,17.75,21258,1034,🚬菸屁股 🔥萬人塚,HOLD,2
SOFI,2027-01-15,22.0,4.95,14792,1023,🔭LEAPS埋伏,HOLD,2
SOFI,2026-02-20,28.0,0.07,44158,988,🚬菸屁股 🔥萬人塚,HOLD,2
IBIT,2026-02-20,51.0,0.12,26457,978,🚬菸屁股 🔥萬人塚,HOLD,2
SOFI,2027-01-15,27.0,3.45,18232,897,🔭LEAPS埋伏,HOLD,2
IBIT,2026-03-20,75.0,0.05,39595,871,🚬菸屁股 🔥萬人塚,HOLD,2
SHOP,2026-02-20,140.0,1.65,27533,789,🚬菸屁股 🔥萬人塚,HOLD,2
NVDA,2026-02-20,250.0,0.03,28956,776,🚬菸屁股 🔥萬人塚,HOLD,2
ACHR,2028-01-21,7.0,3.45,11994,733,🔭LEAPS埋伏,HOLD,2
MSTR,2026-02-20,165.0,1.1,27291,732,🚬菸屁股 🔥萬人塚,HOLD,2
PATH,2026-05-15,20.0,0.48,22479,732,🚬菸屁股 🔥萬人塚,HOLD,2
SOFI,2028-06-16,30.0,6.2,7386,698,🔭LEAPS埋伏,HOLD,2
ONDS,2027-01-15,7.5,5.0,11568,684,🔭LEAPS埋伏,HOLD,2
ACHR,2027-01-15,15.0,1.06,12637,681,🔭LEAPS埋伏,HOLD,2
CRWV,2026-02-20,115.0,0.69,24413,653,🚬菸屁股 🔥萬人塚,HOLD,2
SOFI,2027-01-15,32.0,2.62,13852,645,🔭LEAPS埋伏,HOLD,2
IBIT,2027-01-15,90.0,1.24,14014,626,🔭LEAPS埋伏,HOLD,2
NVDA,2026-03-20,260.0,0.23,33209,617,🚬菸屁股 🔥萬人塚,HOLD,2
NVDA,2026-02-20,230.0,0.06,31649,577,🚬菸屁股 🔥萬人塚,HOLD,2
OPEN,2026-02-20,10.0,0.02,24066,564,🚬菸屁股 🔥萬人塚,HOLD,2
U,2026-02-20,55.0,0.04,23979,557,🚬菸屁股 🔥萬人塚,HOLD,2
CRWV,2026-03-20,130.0,2.0,30728,553,🚬菸屁股 🔥萬人塚,HOLD,2
NVDA,2027-01-15,185.0,30.05,11588,549,🔭LEAPS埋伏,HOLD,2
IBIT,2026-03-20,51.0,0.55,21108,545,🚬菸屁股 🔥萬人塚,HOLD,2
TSLA,2027-01-15,950.0,8.8,17392,532,🔭LEAPS埋伏,HOLD,2
SOFI,2028-06-16,20.0,9.0,8765,506,🔭LEAPS埋伏,HOLD,2
SOFI,2027-01-15,45.0,1.14,5957,501,🔭LEAPS埋伏,HOLD,2
HOOD,2027-01-15,200.0,3.1,7250,496,🔭LEAPS埋伏,HOLD,2
SOFI,2028-06-16,25.0,7.55,5801,468,🔭LEAPS埋伏,HOLD,2
SOFI,2028-01-21,20.0,8.25,6170,466,🔭LEAPS埋伏,HOLD,2
NVDA,2027-01-15,170.0,36.65,12465,453,🔭LEAPS埋伏,HOLD,2
SOFI,2028-01-21,35.0,4.45,4444,441,🔭LEAPS埋伏,HOLD,2
CRWV,2026-02-20,125.0,0.3,30045,431,🚬菸屁股 🔥萬人塚,HOLD,2
SOFI,2027-01-15,17.0,7.2,14642,429,🔭LEAPS埋伏,HOLD,2
NVDA,2026-02-20,240.0,0.04,27183,426,🚬菸屁股 🔥萬人塚,HOLD,2
IBIT,2027-01-15,55.0,5.05,10074,423,🔭LEAPS埋伏,HOLD,2
NVDA,2027-01-15,240.0,14.25,18882,418,🔭LEAPS埋伏,HOLD,2
NVDA,2028-01-21,420.0,9.65,14108,417,🔭LEAPS埋伏,HOLD,2
OPEN,2026-02-20,8.0,0.04,39507,417,🚬菸屁股 🔥萬人塚,HOLD,2
HIMS,2027-01-15,25.0,8.15,2296,411,🔭LEAPS埋伏,HOLD,2
IBIT,2028-01-21,70.0,7.5,12984,395,🔭LEAPS埋伏,HOLD,2
PATH,2028-01-21,25.0,2.74,8332,384,🔭LEAPS埋伏,HOLD,2
SOFI,2028-01-21,30.0,5.4,8481,359,🔭LEAPS埋伏,HOLD,2
SOFI,2026-03-20,40.0,0.07,31476,357,🚬菸屁股 🔥萬人塚,HOLD,2
TSLA,2027-01-15,800.0,15.15,10358,337,🔭LEAPS埋伏,HOLD,2
SOFI,2028-06-16,47.0,3.7,4307,324,🔭LEAPS埋伏,HOLD,2
NVDA,2027-01-15,270.0,9.55,17375,321,🔭LEAPS埋伏,HOLD,2
PATH,2027-01-15,17.0,2.49,18960,320,🔭LEAPS埋伏,HOLD,2
ONDS,2028-01-21,12.0,5.25,7765,316,🔭LEAPS埋伏,HOLD,2
MSTR,2026-03-20,140.0,10.75,33690,312,🚬菸屁股 🔥萬人塚,HOLD,2
IBIT,2027-01-15,80.0,1.76,13989,308,🔭LEAPS埋伏,HOLD,2
SMR,2027-01-15,20.0,5.55,6098,308,🔭LEAPS埋伏,HOLD,2
NVDA,2027-01-15,260.0,10.9,15918,298,🔭LEAPS埋伏,HOLD,2
IBIT,2026-02-20,57.0,0.05,29526,297,🚬菸屁股 🔥萬人塚,HOLD,2
HIMS,2027-01-15,40.0,4.65,3853,295,🔭LEAPS埋伏,HOLD,2
IBIT,2026-02-20,54.0,0.08,23838,292,🚬菸屁股 🔥萬人塚,HOLD,2
ACHR,2027-01-15,17.0,0.91,8058,288,🔭LEAPS埋伏,HOLD,2
OPEN,2028-01-21,15.0,2.02,6667,284,🔭LEAPS埋伏,HOLD,2
TSLA,2027-01-15,700.0,22.55,15189,282,🔭LEAPS埋伏,HOLD,2
ACHR,2027-01-15,7.0,2.45,17974,272,🔭LEAPS埋伏,HOLD,2
IBIT,2026-05-15,70.0,0.27,20425,267,🚬菸屁股 🔥萬人塚,HOLD,2
SMCI,2028-01-21,105.0,4.4,3546,261,🔭LEAPS埋伏,HOLD,2
HOOD,2028-01-21,290.0,5.35,2003,259,🔭LEAPS埋伏,HOLD,2
SMR,2027-01-15,30.0,3.9,3464,257,🔭LEAPS埋伏,HOLD,2
IBIT,2026-03-20,80.0,0.04,39618,256,🚬菸屁股 🔥萬人塚,HOLD,2
ONDS,2028-01-21,7.0,6.5,2705,255,🔭LEAPS埋伏,HOLD,2
SMCI,2027-01-15,45.0,6.55,4480,251,🔭LEAPS埋伏,HOLD,2
ACHR,2027-01-15,12.0,1.29,13383,249,🔭LEAPS埋伏,HOLD,2
SOFI,2028-01-21,23.0,7.2,1931,248,🔭LEAPS埋伏,HOLD,2
U,2027-01-15,30.0,5.55,4980,242,🔭LEAPS埋伏,HOLD,2
ONDS,2027-01-15,5.5,6.0,3066,240,🔭LEAPS埋伏,HOLD,2
HOOD,2027-01-15,175.0,4.4,3845,237,🔭LEAPS埋伏,HOLD,2
JOBY,2027-01-15,15.0,2.19,9906,236,🔭LEAPS埋伏,HOLD,2
ONDS,2027-01-15,25.0,1.85,2048,232,🔭LEAPS埋伏,HOLD,2
SOFI,2028-01-21,40.0,3.7,6599,230,🔭LEAPS埋伏,HOLD,2
HIMS,2028-01-21,35.0,9.45,2377,225,🔭LEAPS埋伏,HOLD,2
SMCI,2028-01-21,85.0,5.6,15256,224,🔭LEAPS埋伏,HOLD,2
JOBY,2028-01-21,10.0,5.6,3912,224,🔭LEAPS埋伏,HOLD,2
SOFI,2028-06-16,35.0,5.35,3463,221,🔭LEAPS埋伏,HOLD,2
OPEN,2027-01-15,15.0,0.6,5684,221,🔭LEAPS埋伏,HOLD,2
SOFI,2028-06-16,23.0,8.0,3358,219,🔭LEAPS埋伏,HOLD,2
PATH,2028-01-21,15.0,4.6,7963,218,🔭LEAPS埋伏,HOLD,2
OPEN,2027-01-15,7.0,1.47,13484,217,🔭LEAPS埋伏,HOLD,2
HOOD,2027-01-15,160.0,5.55,2044,216,🔭LEAPS埋伏,HOLD,2
OPEN,2027-01-15,4.0,3.5,2276,216,🔭LEAPS埋伏,HOLD,2
SOFI,2028-01-21,25.0,6.6,6099,215,🔭LEAPS埋伏,HOLD,2
NVDA,2026-03-20,360.0,0.01,22458,208,🚬菸屁股 🔥萬人塚,HOLD,2
OPEN,2027-01-15,2.5,3.35,6529,208,🔭LEAPS埋伏,HOLD,2
LUNR,2027-01-15,10.0,9.75,5542,203,🔭LEAPS埋伏,HOLD,2
NVDA,2026-02-20,260.0,0.01,28695,201,🚬菸屁股 🔥萬人塚,HOLD,2
HOOD,2027-01-15,130.0,9.2,3204,198,🔭LEAPS埋伏,HOLD,2
OPEN,2028-01-21,5.0,3.0,2698,197,🔭LEAPS埋伏,HOLD,2
PATH,2027-01-15,12.0,3.95,6658,196,🔭LEAPS埋伏,HOLD,2
NTLA,2027-01-15,15.0,4.4,2955,196,🔭LEAPS埋伏,HOLD,2
SOFI,2027-01-15,47.0,1.08,5976,193,🔭LEAPS埋伏,HOLD,2
LUNR,2027-01-15,15.0,7.45,4772,193,🔭LEAPS埋伏,HOLD,2
IBIT,2026-02-20,59.0,0.04,47825,181,🚬菸屁股 🔥萬人塚,HOLD,2
NTLA,2027-01-15,30.0,2.4,2000,180,🔭LEAPS埋伏,HOLD,2
SOFI,2028-06-16,32.0,5.8,7030,179,🔭LEAPS埋伏,HOLD,2
OPEN,2027-01-15,2.0,3.4,15908,179,🔭LEAPS埋伏,HOLD,2
NBIS,2027-01-15,200.0,9.85,9591,176,🔭LEAPS埋伏,HOLD,2
U,2027-01-15,25.0,7.35,2113,175,🔭LEAPS埋伏,HOLD,2
HOOD,2027-01-15,290.0,1.21,1597,174,🔭LEAPS埋伏,HOLD,2
HIMS,2027-01-15,30.0,6.6,2697,172,🔭LEAPS埋伏,HOLD,2
SOFI,2028-06-16,27.0,6.9,2503,167,🔭LEAPS埋伏,HOLD,2
JOBY,2027-01-15,10.0,3.55,12341,165,🔭LEAPS埋伏,HOLD,2
IREN,2027-01-15,90.0,9.5,2086,163,🔭LEAPS埋伏,HOLD,2
PATH,2028-01-21,20.0,3.5,5218,162,🔭LEAPS埋伏,HOLD,2
JOBY,2027-01-15,17.0,1.83,5577,161,🔭LEAPS埋伏,HOLD,2
ACHR,2026-02-20,10.0,0.04,26879,157,🚬菸屁股 🔥萬人塚,HOLD,2
ONDS,2027-01-15,17.0,2.89,5311,156,🔭LEAPS埋伏,HOLD,2
IREN,2027-01-15,100.0,8.2,7508,155,🔭LEAPS埋伏,HOLD,2
SMR,2027-01-15,25.0,4.5,3042,155,🔭LEAPS埋伏,HOLD,2
TSLA,2026-02-20,650.0,0.03,21889,154,🚬菸屁股 🔥萬人塚,HOLD,2
SOFI,2027-01-15,42.0,1.32,5964,154,🔭LEAPS埋伏,HOLD,2
XYZ,2027-01-15,140.0,1.1,1522,153,🔭LEAPS埋伏,HOLD,2
UPST,2027-01-15,100.0,3.15,6322,152,🔭LEAPS埋伏,HOLD,2
U,2027-01-15,40.0,3.6,10579,152,🔭LEAPS埋伏,HOLD,2
OPEN,2028-01-21,12.0,2.2,3633,152,🔭LEAPS埋伏,HOLD,2
JOBY,2027-01-15,12.0,2.85,6509,152,🔭LEAPS埋伏,HOLD,2
TSLA,2027-01-15,900.0,10.45,12734,149,🔭LEAPS埋伏,HOLD,2
ONDS,2027-01-15,5.0,6.25,3932,147,🔭LEAPS埋伏,HOLD,2
SMR,2027-01-15,50.0,2.28,3071,145,🔭LEAPS埋伏,HOLD,2
HIMS,2027-01-15,50.0,3.4,9824,142,🔭LEAPS埋伏,HOLD,2
PATH,2027-01-15,37.0,0.62,1910,141,🔭LEAPS埋伏,HOLD,2
HOOD,2027-01-15,140.0,7.7,2051,141,🔭LEAPS埋伏,HOLD,2
SOFI,2028-06-16,40.0,4.5,3831,140,🔭LEAPS埋伏,HOLD,2
ONDS,2028-01-21,17.0,4.65,8419,140,🔭LEAPS埋伏,HOLD,2
HIMS,2027-01-15,35.0,5.55,2842,133,🔭LEAPS埋伏,HOLD,2
PATH,2027-01-15,22.0,1.59,6395,126,🔭LEAPS埋伏,HOLD,2
HIMS,2028-01-21,95.0,4.15,2188,125,🔭LEAPS埋伏,HOLD,2
ONDS,2028-01-21,5.0,7.45,2067,123,🔭LEAPS埋伏,HOLD,2
PATH,2028-01-21,10.0,6.05,3782,120,🔭LEAPS埋伏,HOLD,2
OPEN,2028-01-21,4.0,5.15,1757,118,🔭LEAPS埋伏,HOLD,2
IBIT,2026-05-15,62.0,0.5,45951,113,🚬菸屁股 🔥萬人塚,HOLD,2
ACHR,2027-01-15,22.0,0.6,5139,113,🔭LEAPS埋伏,HOLD,2
SMR,2027-01-15,40.0,2.76,2161,113,🔭LEAPS埋伏,HOLD,2
HOOD,2027-01-15,125.0,9.9,1815,112,🔭LEAPS埋伏,HOLD,2
U,2027-01-15,50.0,2.34,1966,111,🔭LEAPS埋伏,HOLD,2
PATH,2028-01-21,12.0,5.65,5118,110,🔭LEAPS埋伏,HOLD,2
PATH,2027-01-15,10.0,4.75,7281,109,🔭LEAPS埋伏,HOLD,2
U,2028-01-21,40.0,6.65,1660,108,🔭LEAPS埋伏,HOLD,2
SMCI,2027-01-15,70.0,3.1,7762,105,🔭LEAPS埋伏,HOLD,2
IONQ,2027-01-15,60.0,7.45,1808,105,🔭LEAPS埋伏,HOLD,2
PATH,2027-01-15,25.0,1.27,13248,105,🔭LEAPS埋伏,HOLD,2
PATH,2028-01-21,17.0,4.1,3252,103,🔭LEAPS埋伏,HOLD,2
SMR,2027-01-15,35.0,3.2,2252,100,🔭LEAPS埋伏,HOLD,2
ACHR,2027-01-15,3.0,5.5,4448,97,🔭LEAPS埋伏,HOLD,2
SMCI,2027-01-15,42.0,7.2,1676,93,🔭LEAPS埋伏,HOLD,2
ACHR,2027-01-15,5.0,3.2,14169,93,🔭LEAPS埋伏,HOLD,2
U,2028-01-21,65.0,3.95,1668,89,🔭LEAPS埋伏,HOLD,2
LUNR,2027-01-15,25.0,5.0,1729,89,🔭LEAPS埋伏,HOLD,2
IBIT,2028-01-21,140.0,2.19,17724,88,🔭LEAPS埋伏,HOLD,2
CRWV,2027-01-15,200.0,9.55,3847,87,🔭LEAPS埋伏,HOLD,2
TDOC,2027-01-15,10.0,0.54,7164,84,🔭LEAPS埋伏,HOLD,2
LUNR,2027-01-15,17.0,6.95,3298,84,🔭LEAPS埋伏,HOLD,2
HIMS,2027-01-15,60.0,2.61,4526,81,🔭LEAPS埋伏,HOLD,2
IBIT,2026-02-20,58.0,0.05,31263,80,🚬菸屁股 🔥萬人塚,HOLD,2
IREN,2027-01-15,105.0,8.35,3131,79,🔭LEAPS埋伏,HOLD,2
LUNR,2027-01-15,20.0,6.05,4740,74,🔭LEAPS埋伏,HOLD,2
SMCI,2027-01-15,41.0,7.6,2176,72,🔭LEAPS埋伏,HOLD,2
JOBY,2027-01-15,27.0,0.93,1544,70,🔭LEAPS埋伏,HOLD,2
JOBY,2028-01-21,15.0,4.1,3524,68,🔭LEAPS埋伏,HOLD,2
SOFI,2028-01-21,42.0,3.45,8382,67,🔭LEAPS埋伏,HOLD,2
SMR,2027-01-15,85.0,1.15,1658,66,🔭LEAPS埋伏,HOLD,2
JOBY,2027-01-15,7.0,4.85,7057,62,🔭LEAPS埋伏,HOLD,2
TSLA,2026-03-20,880.0,0.11,23798,61,🚬菸屁股 🔥萬人塚,HOLD,2
ACHR,2028-01-21,20.0,1.69,4289,60,🔭LEAPS埋伏,HOLD,2
SMR,2027-01-15,22.0,6.15,1882,60,🔭LEAPS埋伏,HOLD,2
HOOD,2027-01-15,170.0,4.75,7959,59,🔭LEAPS埋伏,HOLD,2
XYZ,2027-01-15,100.0,3.2,4707,58,🔭LEAPS埋伏,HOLD,2
SMCI,2027-01-15,80.0,2.41,13638,57,🔭LEAPS埋伏,HOLD,2
HOOD,2027-01-15,135.0,8.4,2837,54,🔭LEAPS埋伏,HOLD,2
ACHR,2028-01-21,5.0,4.15,2631,54,🔭LEAPS埋伏,HOLD,2
SMR,2027-01-15,10.0,9.15,1645,54,🔭LEAPS埋伏,HOLD,2
IBIT,2026-03-20,90.0,0.04,30686,51,🚬菸屁股 🔥萬人塚,HOLD,2
OPEN,2028-01-21,15.0,1.92,2402,51,🔭LEAPS埋伏,HOLD,2
HIMS,2027-01-15,45.0,4.0,3014,48,🔭LEAPS埋伏,HOLD,2
OPEN,2027-01-15,12.0,1.37,2547,46,🔭LEAPS埋伏,HOLD,2
HIMS,2027-01-15,100.0,1.3,4324,45,🔭LEAPS埋伏,HOLD,2
DKNG,2027-01-15,40.0,2.75,4221,44,🔭LEAPS埋伏,HOLD,2
PATH,2028-01-21,37.0,1.76,2758,44,🔭LEAPS埋伏,HOLD,2
IONQ,2027-01-15,100.0,4.05,2343,42,🔭LEAPS埋伏,HOLD,2
HIMS,2027-01-15,70.0,2.25,1560,42,🔭LEAPS埋伏,HOLD,2
IBIT,2027-01-15,135.0,0.4,12131,41,🔭LEAPS埋伏,HOLD,2
IONQ,2027-01-15,120.0,3.1,3026,41,🔭LEAPS埋伏,HOLD,2
TDOC,2027-01-15,15.0,0.3,6949,41,🔭LEAPS埋伏,HOLD,2
LUNR,2027-01-15,12.0,9.0,2480,41,🔭LEAPS埋伏,HOLD,2
LUNR,2027-01-15,30.0,4.4,1728,41,🔭LEAPS埋伏,HOLD,2
SOFI,2028-06-16,42.0,4.25,2754,39,🔭LEAPS埋伏,HOLD,2
OKLO,2027-01-15,200.0,7.55,3488,38,🔭LEAPS埋伏,HOLD,2
JOBY,2027-01-15,4.0,6.95,2584,38,🔭LEAPS埋伏,HOLD,2
JOBY,2027-01-15,5.0,6.25,8336,38,🔭LEAPS埋伏,HOLD,2
SMCI,2027-01-15,55.0,4.65,4906,37,🔭LEAPS埋伏,HOLD,2
PATH,2028-01-21,8.0,8.15,1630,37,🔭LEAPS埋伏,HOLD,2
IBIT,2026-03-20,100.0,0.03,28585,36,🚬菸屁股 🔥萬人塚,HOLD,2
SMCI,2027-01-15,65.0,3.5,3522,36,🔭LEAPS埋伏,HOLD,2
PATH,2027-01-15,8.0,6.5,1896,36,🔭LEAPS埋伏,HOLD,2
OPEN,2027-01-15,3.0,3.0,18767,36,🔭LEAPS埋伏,HOLD,2
HIMS,2028-01-21,90.0,4.5,1788,36,🔭LEAPS埋伏,HOLD,2
ACHR,2027-01-15,20.0,0.65,16900,36,🔭LEAPS埋伏,HOLD,2
OPEN,2027-01-15,3.5,3.3,11854,35,🔭LEAPS埋伏,HOLD,2
SMCI,2027-01-15,43.0,7.0,3707,34,🔭LEAPS埋伏,HOLD,2
UPST,2027-01-15,50.0,9.9,1982,34,🔭LEAPS埋伏,HOLD,2
JOBY,2027-01-15,22.0,1.15,2041,34,🔭LEAPS埋伏,HOLD,2
IONQ,2027-01-15,75.0,6.15,2662,33,🔭LEAPS埋伏,HOLD,2
HOOD,2027-01-15,180.0,4.1,8963,33,🔭LEAPS埋伏,HOLD,2
SOFI,2028-06-16,37.0,4.95,2554,31,🔭LEAPS埋伏,HOLD,2
IBIT,2027-01-15,120.0,0.5,17140,29,🔭LEAPS埋伏,HOLD,2
ACHR,2028-01-21,12.0,2.49,2707,29,🔭LEAPS埋伏,HOLD,2
NNE,2027-01-15,40.0,6.7,1867,29,🔭LEAPS埋伏,HOLD,2
OPEN,2026-02-20,10.0,0.02,26313,25,🚬菸屁股 🔥萬人塚,HOLD,2
HIMS,2027-01-15,42.0,4.5,2301,25,🔭LEAPS埋伏,HOLD,2
NNE,2027-01-15,30.0,9.0,2147,25,🔭LEAPS埋伏,HOLD,2
JOBY,2027-01-15,25.0,1.02,3744,24,🔭LEAPS埋伏,HOLD,2
OPEN,2027-01-15,12.0,1.2,9020,23,🔭LEAPS埋伏,HOLD,2
CRSP,2027-01-15,80.0,5.3,1342,21,🔭LEAPS埋伏,HOLD,2
ONDS,2027-01-15,4.5,6.5,1608,21,🔭LEAPS埋伏,HOLD,2
ACHR,2027-01-15,4.0,3.85,4771,18,🔭LEAPS埋伏,HOLD,2
SMR,2026-02-06,21.5,0.04,20612,18,🚬菸屁股 🔥萬人塚,HOLD,2
PATH,2028-01-21,30.0,2.26,4640,17,🔭LEAPS埋伏,HOLD,2
VST,2027-01-15,290.0,4.8,3450,16,🔭LEAPS埋伏,HOLD,2
JOBY,2027-01-15,35.0,0.63,2479,16,🔭LEAPS埋伏,HOLD,2
JOBY,2028-01-21,20.0,3.0,3097,16,🔭LEAPS埋伏,HOLD,2
XYZ,2027-01-15,90.0,4.0,3933,15,🔭LEAPS埋伏,HOLD,2
PACB,2028-01-21,2.0,1.85,4292,15,🔭LEAPS埋伏,HOLD,2
SMR,2027-01-15,80.0,1.24,3580,15,🔭LEAPS埋伏,HOLD,2
CRWV,2026-03-20,165.0,0.83,43608,15,🚬菸屁股 🔥萬人塚,HOLD,2
HIMS,2027-01-15,105.0,1.37,3626,14,🔭LEAPS埋伏,HOLD,2
IREN,2027-01-15,95.0,9.4,6256,13,🔭LEAPS埋伏,HOLD,2
U,2027-01-15,42.0,3.2,7397,12,🔭LEAPS埋伏,HOLD,2
CRWV,2027-01-15,280.0,5.55,8621,12,🔭LEAPS埋伏,HOLD,2
SMCI,2027-01-15,85.0,2.19,3684,11,🔭LEAPS埋伏,HOLD,2
UPST,2027-01-15,80.0,4.25,1871,11,🔭LEAPS埋伏,HOLD,2
DKNG,2027-01-15,60.0,1.23,8992,11,🔭LEAPS埋伏,HOLD,2
U,2027-01-15,75.0,1.24,1761,11,🔭LEAPS埋伏,HOLD,2
NTLA,2027-01-15,20.0,3.9,1456,11,🔭LEAPS埋伏,HOLD,2
SMCI,2027-01-15,100.0,1.66,3006,10,🔭LEAPS埋伏,HOLD,2
UPST,2027-01-15,135.0,2.06,5754,10,🔭LEAPS埋伏,HOLD,2
DKNG,2027-01-15,45.0,2.0,5424,10,🔭LEAPS埋伏,HOLD,2
PACB,2027-01-15,5.0,0.35,2813,10,🔭LEAPS埋伏,HOLD,2
DKNG,2027-01-15,35.0,4.3,2028,9,🔭LEAPS埋伏,HOLD,2
TDOC,2027-01-15,17.5,0.29,2079,9,🔭LEAPS埋伏,HOLD,2
NTLA,2027-01-15,10.0,6.0,2205,8,🔭LEAPS埋伏,HOLD,2
HIMS,2027-01-15,90.0,1.61,3353,8,🔭LEAPS埋伏,HOLD,2
LUNR,2027-01-15,32.0,4.05,2305,8,🔭LEAPS埋伏,HOLD,2
LUNR,2027-01-15,22.0,5.65,8959,7,🔭LEAPS埋伏,HOLD,2
SMCI,2028-01-21,90.0,5.3,2750,6,🔭LEAPS埋伏,HOLD,2
U,2027-01-15,65.0,1.74,2612,6,🔭LEAPS埋伏,HOLD,2
PATH,2027-01-15,27.0,1.13,5333,6,🔭LEAPS埋伏,HOLD,2
PACB,2027-01-15,1.0,1.4,2592,6,🔭LEAPS埋伏,HOLD,2
U,2027-01-15,37.0,4.0,2470,5,🔭LEAPS埋伏,HOLD,2
U,2028-01-21,75.0,3.35,2041,5,🔭LEAPS埋伏,HOLD,2
TDOC,2027-01-15,12.5,0.57,1708,5,🔭LEAPS埋伏,HOLD,2
ZM,2027-01-15,110.0,8.7,3082,5,🔭LEAPS埋伏,HOLD,2
ZM,2027-01-15,120.0,6.15,1721,5,🔭LEAPS埋伏,HOLD,2
OPEN,2027-01-15,0.5,5.0,8694,5,🔭LEAPS埋伏,HOLD,2
OPEN,2027-01-15,15.0,0.65,5910,5,🔭LEAPS埋伏,HOLD,2
NTLA,2027-01-15,12.5,5.3,1812,5,🔭LEAPS埋伏,HOLD,2
CRWV,2027-01-15,210.0,9.4,1519,5,🔭LEAPS埋伏,HOLD,2
UPST,2027-01-15,60.0,6.65,1883,4,🔭LEAPS埋伏,HOLD,2
SOFI,2028-01-21,37.0,4.55,1611,4,🔭LEAPS埋伏,HOLD,2
OPEN,2027-01-15,5.5,2.1,4601,4,🔭LEAPS埋伏,HOLD,2
PACB,2028-01-21,1.5,1.5,5318,4,🔭LEAPS埋伏,HOLD,2
HIMS,2027-01-15,80.0,1.73,2236,4,🔭LEAPS埋伏,HOLD,2
OPEN,2027-01-15,17.0,0.91,14346,3,🔭LEAPS埋伏,HOLD,2
HIMS,2027-01-15,75.0,1.86,1881,3,🔭LEAPS埋伏,HOLD,2
NVDA,2026-02-20,310.0,0.01,37431,2,🚬菸屁股 🔥萬人塚,HOLD,2
UPST,2027-01-15,125.0,2.6,2083,2,🔭LEAPS埋伏,HOLD,2
HOOD,2027-01-15,185.0,3.8,2369,2,🔭LEAPS埋伏,HOLD,2
ZM,2027-01-15,130.0,4.6,1605,2,🔭LEAPS埋伏,HOLD,2
XYZ,2027-01-15,125.0,1.86,4913,2,🔭LEAPS埋伏,HOLD,2
PACB,2027-01-15,3.0,0.7,2158,2,🔭LEAPS埋伏,HOLD,2
PACB,2027-01-15,4.0,0.4,1652,2,🔭LEAPS埋伏,HOLD,2
IBIT,2026-02-20,85.0,0.01,23366,1,🚬菸屁股 🔥萬人塚,HOLD,2
DKNG,2027-01-15,70.0,0.45,3809,1,🔭LEAPS埋伏,HOLD,2
PATH,2028-01-21,22.0,3.2,2499,1,🔭LEAPS埋伏,HOLD,2
TDOC,2027-01-15,20.0,0.27,7359,1,🔭LEAPS埋伏,HOLD,2
XYZ,2027-01-15,80.0,5.85,1861,1,🔭LEAPS埋伏,HOLD,2
OPEN,2028-01-21,5.0,3.7,3641,1,🔭LEAPS埋伏,HOLD,2
NTLA,2027-01-15,35.0,1.85,2279,1,🔭LEAPS埋伏,HOLD,2
NTLA,2028-01-21,42.0,3.9,3525,1,🔭LEAPS埋伏,HOLD,2
ACHR,2027-01-15,27.0,0.45,4724,1,🔭LEAPS埋伏,HOLD,2
SMCI,2027-01-15,59.0,4.2,1828,0,🔭LEAPS埋伏,HOLD,2
SMCI,2027-01-15,72.0,2.94,3718,0,🔭LEAPS埋伏,HOLD,2
DKNG,2027-01-15,50.0,1.5,13763,0,🔭LEAPS埋伏,HOLD,2
DKNG,2027-01-15,55.0,1.08,6645,0,🔭LEAPS埋伏,HOLD,2
DKNG,2028-01-21,37.5,6.15,1587,0,🔭LEAPS埋伏,HOLD,2
DKNG,2028-01-21,42.5,5.1,1680,0,🔭LEAPS埋伏,HOLD,2
TDOC,2027-01-15,22.5,0.25,4421,0,🔭LEAPS埋伏,HOLD,2
TDOC,2027-01-15,25.0,0.22,2917,0,🔭LEAPS埋伏,HOLD,2
XYZ,2027-01-15,115.0,2.4,1550,0,🔭LEAPS埋伏,HOLD,2
XYZ,2027-01-15,130.0,1.81,1892,0,🔭LEAPS埋伏,HOLD,2
OPEN,2027-01-15,0.5,0.0,10843,0,🔭LEAPS埋伏,HOLD,2
OPEN,2027-01-15,2.5,0.0,6713,0,🔭LEAPS埋伏,HOLD,2
OPEN,2027-01-15,3.5,0.0,10804,0,🔭LEAPS埋伏,HOLD,2
OPEN,2027-01-15,4.5,0.0,2082,0,🔭LEAPS埋伏,HOLD,2
OPEN,2027-01-15,4.5,2.44,2058,0,🔭LEAPS埋伏,HOLD,2
OPEN,2027-01-15,5.5,0.0,4378,0,🔭LEAPS埋伏,HOLD,2
OPEN,2027-01-15,17.0,0.0,14524,0,🔭LEAPS埋伏,HOLD,2
OPEN,2028-01-21,7.0,3.4,5777,0,🔭LEAPS埋伏,HOLD,2
NTLA,2027-01-15,17.5,4.1,1206,0,🔭LEAPS埋伏,HOLD,2
PACB,2027-01-15,1.5,1.15,2952,0,🔭LEAPS埋伏,HOLD,2
PACB,2027-01-15,2.0,1.0,5419,0,🔭LEAPS埋伏,HOLD,2
NNE,2027-01-15,90.0,2.45,2252,0,🔭LEAPS埋伏,HOLD,2
CRWV,2027-01-15,240.0,7.75,2552,0,🔭LEAPS埋伏,HOLD,2
PLTR,2026-02-06,155.0,0.17,18682,50241,🚬菸屁股,HOLD,1
NVDA,2026-02-06,187.5,0.15,14779,34009,🚬菸屁股,HOLD,1
PLTR,2026-02-06,160.0,0.07,18144,29707,🚬菸屁股,HOLD,1
NVDA,2026-02-13,185.0,1.55,11140,28356,🚬菸屁股,HOLD,1
MSTR,2026-02-06,160.0,0.09,19942,21219,🚬菸屁股,HOLD,1
SOFI,2026-02-06,23.0,0.07,13397,20453,🚬菸屁股,HOLD,1
PLTR,2026-02-06,162.5,0.06,17695,20244,🚬菸屁股,HOLD,1
HOOD,2026-02-06,90.0,0.2,10214,19171,🚬菸屁股,HOLD,1
IBIT,2026-02-06,45.0,0.09,13173,18929,🚬菸屁股,HOLD,1
MSTR,2026-02-06,152.5,0.34,17797,16688,🚬菸屁股,HOLD,1
NVDA,2026-02-06,192.5,0.07,19503,16368,🚬菸屁股,HOLD,1
OPEN,2026-02-06,5.0,0.19,12535,14760,🚬菸屁股,HOLD,1
SOFI,2026-02-06,22.0,0.15,5366,13171,🚬菸屁股,HOLD,1
TSLA,2026-02-06,450.0,0.09,15922,12965,🚬菸屁股,HOLD,1
AMD,2026-02-06,260.0,0.03,13736,12852,🚬菸屁股,HOLD,1
SOFI,2026-02-06,22.5,0.09,8085,11240,🚬菸屁股,HOLD,1
SMCI,2026-02-06,36.0,0.28,8049,10632,🚬菸屁股,HOLD,1
SMCI,2026-02-06,30.0,4.0,10775,10152,🚬菸屁股,HOLD,1
HOOD,2026-02-06,95.0,0.07,10504,10036,🚬菸屁股,HOLD,1
ONDS,2026-02-06,11.0,0.08,7365,10034,🚬菸屁股,HOLD,1
PLTR,2026-02-06,172.5,0.03,10967,9615,🚬菸屁股,HOLD,1
PLTR,2026-02-06,185.0,0.02,14640,9433,🚬菸屁股,HOLD,1
NVDA,2026-02-20,175.0,6.6,14504,9282,🚬菸屁股,HOLD,1
PLTR,2026-02-20,170.0,0.54,14541,8898,🚬菸屁股,HOLD,1
SMCI,2026-02-06,32.0,2.19,13864,8764,🚬菸屁股,HOLD,1
TSLA,2026-02-06,445.0,0.13,10192,8398,🚬菸屁股,HOLD,1
SMCI,2026-02-06,40.0,0.04,9114,7950,🚬菸屁股,HOLD,1
TSLA,2026-02-20,450.0,2.92,11547,7759,🚬菸屁股,HOLD,1
ASTS,2026-02-06,125.0,0.38,5123,7159,🚬菸屁股,HOLD,1
AMD,2026-02-20,300.0,0.1,14170,7100,🚬菸屁股,HOLD,1
HOOD,2026-02-06,93.0,0.09,7838,6566,🚬菸屁股,HOLD,1
PLTR,2026-02-06,175.0,0.03,15431,6449,🚬菸屁股,HOLD,1
AMD,2026-02-06,270.0,0.02,10821,6411,🚬菸屁股,HOLD,1
OPEN,2026-02-13,5.5,0.14,5037,6327,🚬菸屁股,HOLD,1
ONDS,2026-02-06,12.0,0.03,10470,6216,🚬菸屁股,HOLD,1
NVDA,2026-04-17,220.0,2.52,19281,5733,🚬菸屁股,HOLD,1
SMCI,2026-02-06,32.5,1.82,12176,5662,🚬菸屁股,HOLD,1
ASTS,2026-02-06,120.0,0.7,4889,5288,🚬菸屁股,HOLD,1
HOOD,2026-02-13,100.0,0.62,5164,5254,🚬菸屁股,HOLD,1
TSLA,2026-02-13,450.0,1.28,14167,5251,🚬菸屁股,HOLD,1
PATH,2026-02-06,13.0,0.09,4748,5231,🚬菸屁股,HOLD,1
PLTR,2026-03-20,180.0,1.5,17409,5033,🚬菸屁股,HOLD,1
SOFI,2026-02-20,25.0,0.16,14892,5009,🚬菸屁股,HOLD,1
ASTS,2026-02-06,130.0,0.25,3758,4968,🚬菸屁股,HOLD,1
SOFI,2026-02-06,24.0,0.03,18480,4829,🚬菸屁股,HOLD,1
IBIT,2026-02-20,48.0,0.25,12776,4574,🚬菸屁股,HOLD,1
HIMS,2026-02-06,27.0,0.12,3473,4493,🚬菸屁股,HOLD,1
CRWV,2026-02-06,95.0,0.29,4951,4318,🚬菸屁股,HOLD,1
PLTR,2026-02-06,180.0,0.03,16328,4194,🚬菸屁股,HOLD,1
RKLB,2026-02-06,90.0,0.09,6346,4151,🚬菸屁股,HOLD,1
ONDS,2026-02-06,11.5,0.05,7411,4150,🚬菸屁股,HOLD,1
HOOD,2026-03-20,100.0,2.76,4765,4083,🚬菸屁股,HOLD,1
OPEN,2026-02-06,6.0,0.02,16715,4069,🚬菸屁股,HOLD,1
CRWV,2026-02-06,90.0,0.91,3790,4022,🚬菸屁股,HOLD,1
HOOD,2026-02-20,120.0,0.21,14700,3938,🚬菸屁股,HOLD,1
IREN,2026-02-06,65.0,0.26,9198,3816,🚬菸屁股,HOLD,1
ONDS,2026-03-20,11.0,1.18,10913,3737,🚬菸屁股,HOLD,1
HOOD,2026-02-20,100.0,1.0,18732,3695,🚬菸屁股,HOLD,1
AMD,2026-02-06,280.0,0.01,11205,3607,🚬菸屁股,HOLD,1
IREN,2026-02-20,65.0,1.17,8676,3599,🚬菸屁股,HOLD,1
CRWV,2026-02-06,100.0,0.1,6191,3590,🚬菸屁股,HOLD,1
TSLA,2026-03-20,450.0,10.75,12513,3447,🚬菸屁股,HOLD,1
SOFI,2026-02-13,23.0,0.25,5311,3440,🚬菸屁股,HOLD,1
HOOD,2026-02-20,90.0,2.63,4346,3403,🚬菸屁股,HOLD,1
RKLB,2026-02-06,80.0,0.75,1735,3377,🚬菸屁股,HOLD,1
SMCI,2026-02-20,32.0,3.1,5026,3335,🚬菸屁股,HOLD,1
PLTR,2026-03-20,200.0,0.7,11330,3315,🚬菸屁股,HOLD,1
SOFI,2026-02-06,23.5,0.05,11287,3290,🚬菸屁股,HOLD,1
RKLB,2026-02-06,85.0,0.23,3672,3273,🚬菸屁股,HOLD,1
SOFI,2026-02-13,22.0,0.45,2473,3252,🚬菸屁股,HOLD,1
SOFI,2026-02-20,22.0,0.64,4151,3184,🚬菸屁股,HOLD,1
NVDA,2026-02-20,170.0,9.5,11117,3012,🚬菸屁股,HOLD,1
IREN,2026-02-06,80.0,0.14,17087,2979,🚬菸屁股,HOLD,1
ONDS,2026-02-06,13.0,0.02,16508,2960,🚬菸屁股,HOLD,1
HIMS,2026-02-06,29.0,0.04,3018,2953,🚬菸屁股,HOLD,1
SMCI,2026-02-06,29.5,4.5,2903,2883,🚬菸屁股,HOLD,1
NVDA,2026-02-06,210.0,0.02,18826,2806,🚬菸屁股,HOLD,1
HOOD,2026-02-06,92.0,0.13,4509,2763,🚬菸屁股,HOLD,1
RKLB,2026-02-20,85.0,2.24,3685,2756,🚬菸屁股,HOLD,1
NVDA,2026-02-06,202.5,0.03,15380,2750,🚬菸屁股,HOLD,1
HOOD,2026-02-20,95.0,1.6,3632,2730,🚬菸屁股,HOLD,1
NVDA,2026-04-17,180.0,12.45,13222,2715,🚬菸屁股,HOLD,1
SOFI,2026-02-13,25.0,0.1,6190,2711,🚬菸屁股,HOLD,1
TSLA,2026-04-17,500.0,8.05,11504,2694,🚬菸屁股,HOLD,1
SMCI,2026-02-20,30.0,4.55,10777,2627,🚬菸屁股,HOLD,1
PLTR,2026-02-06,190.0,0.02,17947,2596,🚬菸屁股,HOLD,1
HOOD,2026-02-06,89.0,0.28,1963,2596,🚬菸屁股,HOLD,1
TSLA,2026-02-20,480.0,0.83,11461,2524,🚬菸屁股,HOLD,1
SOFI,2026-02-13,23.5,0.2,3205,2502,🚬菸屁股,HOLD,1
HOOD,2026-02-06,100.0,0.04,6797,2448,🚬菸屁股,HOLD,1
IREN,2026-02-06,56.0,1.02,11068,2440,🚬菸屁股,HOLD,1
SOFI,2026-02-20,23.0,0.39,11565,2428,🚬菸屁股,HOLD,1
IREN,2026-02-06,54.0,1.3,2426,2427,🚬菸屁股,HOLD,1
HIMS,2026-04-17,30.0,2.16,6295,2422,🚬菸屁股,HOLD,1
IBIT,2026-02-06,50.0,0.02,18932,2417,🚬菸屁股,HOLD,1
HOOD,2026-02-06,94.0,0.1,2232,2361,🚬菸屁股,HOLD,1
HOOD,2026-02-13,95.0,1.15,2909,2352,🚬菸屁股,HOLD,1
HIMS,2026-02-06,30.0,0.05,5254,2325,🚬菸屁股,HOLD,1
IREN,2026-02-13,60.0,1.23,4049,2324,🚬菸屁股,HOLD,1
HOOD,2026-02-06,91.0,0.15,3646,2319,🚬菸屁股,HOLD,1
NVDA,2026-02-06,205.0,0.02,19989,2315,🚬菸屁股,HOLD,1
SOFI,2026-02-06,24.5,0.02,8759,2243,🚬菸屁股,HOLD,1
SOFI,2026-03-20,22.0,1.29,7606,2222,🚬菸屁股,HOLD,1
HOOD,2026-03-20,105.0,2.02,3828,2217,🚬菸屁股,HOLD,1
SOFI,2026-02-13,24.0,0.15,4802,2191,🚬菸屁股,HOLD,1
SMCI,2026-02-13,30.0,4.3,4721,2175,🚬菸屁股,HOLD,1
OPEN,2026-02-13,7.0,0.03,7240,2135,🚬菸屁股,HOLD,1
NVDA,2026-02-20,205.0,0.29,12697,2130,🚬菸屁股,HOLD,1
SMCI,2026-02-06,31.5,2.65,12704,2125,🚬菸屁股,HOLD,1
HOOD,2026-03-20,95.0,3.8,3083,2092,🚬菸屁股,HOLD,1
NVDA,2026-05-15,200.0,8.1,15717,2032,🚬菸屁股,HOLD,1
PATH,2026-03-20,15.0,0.71,8812,2030,🚬菸屁股,HOLD,1
COIN,2026-02-20,200.0,2.4,17345,2015,🚬菸屁股,HOLD,1
OPEN,2026-02-13,5.0,0.32,2737,2011,🚬菸屁股,HOLD,1
HIMS,2026-02-06,28.5,0.04,2993,1995,🚬菸屁股,HOLD,1
ASTS,2026-02-20,150.0,1.15,7998,1983,🚬菸屁股,HOLD,1
SMCI,2026-02-06,29.0,4.95,3585,1977,🚬菸屁股,HOLD,1
NVDA,2026-02-13,210.0,0.07,10771,1973,🚬菸屁股,HOLD,1
HOOD,2026-02-20,105.0,0.63,4632,1969,🚬菸屁股,HOLD,1
TSLA,2026-03-20,440.0,13.4,17571,1950,🚬菸屁股,HOLD,1
RKLB,2026-02-20,90.0,1.43,3729,1922,🚬菸屁股,HOLD,1
ONDS,2026-02-13,11.5,0.24,1752,1861,🚬菸屁股,HOLD,1
RKLB,2026-02-20,80.0,3.45,2989,1847,🚬菸屁股,HOLD,1
HOOD,2026-03-20,120.0,0.81,7903,1846,🚬菸屁股,HOLD,1
SOFI,2026-02-13,30.0,0.03,8162,1841,🚬菸屁股,HOLD,1
IREN,2026-02-06,58.0,0.75,3451,1834,🚬菸屁股,HOLD,1
SMR,2026-02-06,18.0,0.15,2676,1804,🚬菸屁股,HOLD,1
PLTR,2026-02-20,190.0,0.19,12464,1791,🚬菸屁股,HOLD,1
IBIT,2026-02-20,47.0,0.35,13281,1754,🚬菸屁股,HOLD,1
IREN,2026-02-06,57.0,0.87,3321,1747,🚬菸屁股,HOLD,1
TSLA,2026-03-20,600.0,0.55,11702,1745,🚬菸屁股,HOLD,1
HOOD,2026-02-20,110.0,0.42,9673,1690,🚬菸屁股,HOLD,1
CRWV,2026-02-20,96.0,3.15,2705,1686,🚬菸屁股,HOLD,1
IREN,2026-02-13,65.0,0.81,2653,1682,🚬菸屁股,HOLD,1
NBIS,2026-02-06,90.0,0.64,1943,1671,🚬菸屁股,HOLD,1
SOFI,2026-03-20,23.0,0.97,11365,1670,🚬菸屁股,HOLD,1
NVDA,2026-02-13,205.0,0.11,19623,1652,🚬菸屁股,HOLD,1
SOFI,2026-03-20,24.0,0.73,5931,1632,🚬菸屁股,HOLD,1
CRWV,2026-02-20,90.0,4.65,6233,1608,🚬菸屁股,HOLD,1
SOFI,2026-02-06,26.0,0.01,16718,1588,🚬菸屁股,HOLD,1
IBIT,2026-05-15,120.0,0.04,11307,1587,🚬菸屁股,HOLD,1
HOOD,2026-02-20,135.0,0.1,9544,1580,🚬菸屁股,HOLD,1
CRWV,2026-02-06,93.0,0.43,1565,1571,🚬菸屁股,HOLD,1
SOFI,2026-03-20,35.0,0.15,12178,1563,🚬菸屁股,HOLD,1
OPEN,2026-05-15,6.0,0.74,8950,1549,🚬菸屁股,HOLD,1
SMCI,2026-02-06,30.5,3.5,1910,1547,🚬菸屁股,HOLD,1
XYZ,2026-02-06,59.0,0.59,2185,1540,🚬菸屁股,HOLD,1
SMCI,2026-02-20,50.0,0.11,9883,1525,🚬菸屁股,HOLD,1
NVDA,2026-05-15,180.0,15.1,18218,1514,🚬菸屁股,HOLD,1
SMCI,2026-02-20,34.0,2.04,3481,1502,🚬菸屁股,HOLD,1
SMCI,2026-05-15,50.0,1.52,9353,1497,🚬菸屁股,HOLD,1
OPEN,2026-02-20,6.0,0.19,11001,1489,🚬菸屁股,HOLD,1
CRWV,2026-02-13,100.0,1.09,2314,1474,🚬菸屁股,HOLD,1
NVDA,2026-05-15,210.0,5.8,10392,1459,🚬菸屁股,HOLD,1
NVDA,2026-05-15,250.0,1.5,10951,1457,🚬菸屁股,HOLD,1
VRT,2026-02-06,200.0,1.11,2838,1449,🚬菸屁股,HOLD,1
OPEN,2026-02-13,6.0,0.07,5756,1443,🚬菸屁股,HOLD,1
CRWV,2026-02-06,92.0,0.55,1630,1440,🚬菸屁股,HOLD,1
PLTR,2026-02-06,200.0,0.01,10876,1438,🚬菸屁股,HOLD,1
PATH,2026-02-13,14.0,0.1,2404,1425,🚬菸屁股,HOLD,1
NVDA,2026-05-15,190.0,11.15,16515,1424,🚬菸屁股,HOLD,1
MSTR,2026-02-06,149.0,0.48,16702,1424,🚬菸屁股,HOLD,1
OKLO,2026-03-20,100.0,2.33,3755,1423,🚬菸屁股,HOLD,1
SOFI,2026-03-20,26.0,0.42,7507,1418,🚬菸屁股,HOLD,1
OPEN,2026-03-20,7.0,0.22,6803,1412,🚬菸屁股,HOLD,1
JOBY,2026-03-20,11.0,0.98,2612,1392,🚬菸屁股,HOLD,1
CRWV,2026-02-06,110.0,0.03,5280,1390,🚬菸屁股,HOLD,1
OPEN,2026-02-20,5.0,0.51,3523,1389,🚬菸屁股,HOLD,1
NVDA,2026-04-17,250.0,0.76,13621,1372,🚬菸屁股,HOLD,1
IBIT,2026-05-15,55.0,1.05,19677,1365,🚬菸屁股,HOLD,1
SOFI,2026-04-17,25.0,0.94,7990,1358,🚬菸屁股,HOLD,1
SOFI,2026-04-17,20.0,2.75,3170,1357,🚬菸屁股,HOLD,1
ZM,2026-03-20,100.0,3.15,12088,1352,🚬菸屁股,HOLD,1
IREN,2026-02-20,75.0,0.61,7774,1279,🚬菸屁股,HOLD,1
ONDS,2026-02-13,13.0,0.11,8619,1273,🚬菸屁股,HOLD,1
PATH,2026-02-06,13.5,0.03,10052,1272,🚬菸屁股,HOLD,1
ONDS,2026-02-20,11.0,0.52,3555,1261,🚬菸屁股,HOLD,1
HIMS,2026-02-06,28.0,0.06,3124,1242,🚬菸屁股,HOLD,1
SMR,2026-02-20,20.0,0.42,9501,1234,🚬菸屁股,HOLD,1
SMCI,2026-02-20,31.0,3.85,6155,1233,🚬菸屁股,HOLD,1
IREN,2026-03-20,70.0,2.41,7856,1227,🚬菸屁股,HOLD,1
SOFI,2026-02-13,22.5,0.34,2689,1213,🚬菸屁股,HOLD,1
COIN,2026-03-20,200.0,6.5,13194,1209,🚬菸屁股,HOLD,1
PATH,2026-03-20,20.0,0.22,17268,1202,🚬菸屁股,HOLD,1
HOOD,2026-02-13,93.0,1.4,1812,1199,🚬菸屁股,HOLD,1
NVDA,2026-05-15,185.0,13.0,10403,1164,🚬菸屁股,HOLD,1
HIMS,2026-03-20,30.0,1.54,3198,1159,🚬菸屁股,HOLD,1
SOFI,2026-02-20,24.0,0.24,5443,1157,🚬菸屁股,HOLD,1
NVDA,2026-04-17,185.0,10.4,12843,1154,🚬菸屁股,HOLD,1
HIMS,2026-02-13,30.0,0.16,2697,1152,🚬菸屁股,HOLD,1
NBIS,2026-02-06,95.0,0.24,2652,1146,🚬菸屁股,HOLD,1
SOFI,2026-04-17,30.0,0.38,18739,1139,🚬菸屁股,HOLD,1
IBIT,2026-02-06,52.0,0.01,18354,1134,🚬菸屁股,HOLD,1
NVDA,2026-03-20,150.0,28.8,45979,1126,🔥萬人塚,HOLD,1
SOFI,2026-02-06,25.5,0.02,6247,1120,🚬菸屁股,HOLD,1
SOFI,2026-03-20,27.0,0.34,8984,1078,🚬菸屁股,HOLD,1
NVDA,2026-04-17,230.0,1.67,17960,1055,🚬菸屁股,HOLD,1
PATH,2026-03-20,13.0,1.3,2106,1043,🚬菸屁股,HOLD,1
SOFI,2026-02-13,26.0,0.06,7566,1027,🚬菸屁股,HOLD,1
RKLB,2026-02-20,100.0,0.57,3432,1019,🚬菸屁股,HOLD,1
IREN,2026-02-06,81.0,0.2,3764,1018,🚬菸屁股,HOLD,1
SMCI,2026-03-20,32.0,4.45,4178,1016,🚬菸屁股,HOLD,1
HOOD,2026-02-06,102.0,0.08,3184,1001,🚬菸屁股,HOLD,1
U,2026-02-06,30.0,0.12,4339,996,🚬菸屁股,HOLD,1
ONDS,2026-02-13,12.5,0.12,5267,994,🚬菸屁股,HOLD,1
SMCI,2026-02-06,45.0,0.02,6625,992,🚬菸屁股,HOLD,1
ONDS,2026-03-20,16.0,0.38,6926,989,🚬菸屁股,HOLD,1
IBIT,2026-02-20,52.0,0.1,14999,971,🚬菸屁股,HOLD,1
NBIS,2026-02-06,100.0,0.09,2896,966,🚬菸屁股,HOLD,1
OPEN,2026-02-20,5.5,0.31,4293,953,🚬菸屁股,HOLD,1
SMCI,2026-02-06,42.0,0.02,1977,948,🚬菸屁股,HOLD,1
ACHR,2026-02-06,7.0,0.23,1670,947,🚬菸屁股,HOLD,1
CRWV,2026-03-20,110.0,4.45,7313,945,🚬菸屁股,HOLD,1
U,2026-02-20,35.0,0.43,2487,943,🚬菸屁股,HOLD,1
SMCI,2026-02-13,38.0,0.47,3003,937,🚬菸屁股,HOLD,1
HOOD,2026-02-20,125.0,0.18,11574,927,🚬菸屁股,HOLD,1
ASTS,2026-02-06,135.0,0.14,4883,925,🚬菸屁股,HOLD,1
IREN,2026-02-06,59.0,0.69,2103,925,🚬菸屁股,HOLD,1
HOOD,2026-03-20,115.0,1.09,6026,912,🚬菸屁股,HOLD,1
HOOD,2026-02-06,96.0,0.06,2379,892,🚬菸屁股,HOLD,1
OPEN,2026-05-15,5.0,1.11,1646,891,🚬菸屁股,HOLD,1
OPEN,2026-05-15,10.0,0.23,15469,891,🚬菸屁股,HOLD,1
SOFI,2026-02-20,26.0,0.12,11829,887,🚬菸屁股,HOLD,1
NVDA,2026-05-15,230.0,2.91,12695,878,🚬菸屁股,HOLD,1
IBIT,2026-03-20,52.0,0.46,11443,874,🚬菸屁股,HOLD,1
HIMS,2026-03-20,35.0,0.8,10982,856,🚬菸屁股,HOLD,1
IREN,2026-02-06,75.0,0.1,6454,843,🚬菸屁股,HOLD,1
SOFI,2026-07-17,30.0,1.17,4114,837,🚬菸屁股,HOLD,1
ASTS,2026-02-06,140.0,0.08,8093,826,🚬菸屁股,HOLD,1
ZM,2026-02-20,100.0,0.87,8233,813,🚬菸屁股,HOLD,1
HOOD,2026-02-20,115.0,0.3,7644,786,🚬菸屁股,HOLD,1
U,2026-05-15,50.0,0.52,4907,780,🚬菸屁股,HOLD,1
CRWV,2026-03-20,120.0,2.99,6895,762,🚬菸屁股,HOLD,1
LUNR,2026-02-06,20.0,0.18,2480,748,🚬菸屁股,HOLD,1
MSTR,2026-02-20,200.0,0.38,10568,743,🚬菸屁股,HOLD,1
HOOD,2026-02-06,115.0,0.01,4828,742,🚬菸屁股,HOLD,1
SOFI,2026-02-13,27.0,0.05,4569,741,🚬菸屁股,HOLD,1
OKLO,2026-02-20,100.0,0.41,3958,739,🚬菸屁股,HOLD,1
HOOD,2026-02-13,105.0,0.35,2776,739,🚬菸屁股,HOLD,1
RKLB,2026-02-06,95.0,0.05,2501,725,🚬菸屁股,HOLD,1
IREN,2026-02-06,63.0,0.41,2230,721,🚬菸屁股,HOLD,1
SOFI,2026-04-17,26.0,0.77,6210,715,🚬菸屁股,HOLD,1
HOOD,2026-02-06,98.0,0.09,2010,712,🚬菸屁股,HOLD,1
NVDA,2026-04-17,170.0,17.6,10426,708,🚬菸屁股,HOLD,1
ZM,2026-03-20,110.0,1.5,11387,704,🚬菸屁股,HOLD,1
HOOD,2026-02-06,97.0,0.11,1687,703,🚬菸屁股,HOLD,1
U,2026-03-20,30.0,1.59,10268,690,🚬菸屁股,HOLD,1
IBIT,2026-03-20,49.0,0.8,11189,678,🚬菸屁股,HOLD,1
PLTR,2026-02-20,210.0,0.09,13508,673,🚬菸屁股,HOLD,1
OPEN,2026-03-20,6.0,0.38,9225,671,🚬菸屁股,HOLD,1
HOOD,2026-02-06,109.0,0.08,4035,667,🚬菸屁股,HOLD,1
HOOD,2026-03-20,125.0,0.62,4970,666,🚬菸屁股,HOLD,1
SOFI,2026-05-15,25.0,1.48,6158,664,🚬菸屁股,HOLD,1
HOOD,2026-02-13,115.0,0.22,2800,653,🚬菸屁股,HOLD,1
HOOD,2026-03-20,130.0,0.48,5802,645,🚬菸屁股,HOLD,1
SMR,2026-03-20,20.0,1.37,5632,645,🚬菸屁股,HOLD,1
HOOD,2026-02-06,105.0,0.04,9639,644,🚬菸屁股,HOLD,1
U,2026-02-13,30.0,0.91,4325,634,🚬菸屁股,HOLD,1
OPEN,2026-02-20,6.5,0.12,4556,631,🚬菸屁股,HOLD,1
SMCI,2026-02-06,41.0,0.06,1870,627,🚬菸屁股,HOLD,1
SOFI,2026-02-06,28.0,0.01,8860,626,🚬菸屁股,HOLD,1
SMR,2026-05-15,30.0,1.06,2218,625,🚬菸屁股,HOLD,1
ACHR,2026-02-20,8.0,0.16,6307,623,🚬菸屁股,HOLD,1
SMR,2026-02-06,19.0,0.11,3600,622,🚬菸屁股,HOLD,1
MSTR,2026-03-20,300.0,0.35,13106,621,🚬菸屁股,HOLD,1
TDOC,2026-02-06,5.5,0.03,3698,617,🚬菸屁股,HOLD,1
ACHR,2026-04-17,7.0,1.05,4396,606,🚬菸屁股,HOLD,1
SOFI,2026-05-15,30.0,0.7,11106,605,🚬菸屁股,HOLD,1
IBIT,2026-05-15,80.0,0.15,12256,593,🚬菸屁股,HOLD,1
TSLA,2026-05-15,470.0,20.7,19873,583,🚬菸屁股,HOLD,1
ACHR,2026-02-20,8.5,0.1,2077,574,🚬菸屁股,HOLD,1
NVDA,2026-03-20,300.0,0.06,11185,568,🚬菸屁股,HOLD,1
HIMS,2026-02-20,35.0,0.09,7335,563,🚬菸屁股,HOLD,1
COIN,2026-03-20,300.0,0.6,11065,553,🚬菸屁股,HOLD,1
U,2026-04-17,40.0,0.79,7089,551,🚬菸屁股,HOLD,1
NVDA,2027-01-15,100.0,83.05,20178,550,🔥萬人塚,HOLD,1
IREN,2026-02-06,62.0,0.43,2077,544,🚬菸屁股,HOLD,1
IREN,2027-01-15,50.0,17.1,20070,539,🔥萬人塚,HOLD,1
TSLA,2026-03-20,455.0,9.6,13964,537,🚬菸屁股,HOLD,1
HIMS,2026-02-13,29.0,0.21,2378,537,🚬菸屁股,HOLD,1
NVDA,2026-02-06,207.5,0.02,10793,528,🚬菸屁股,HOLD,1
OPEN,2026-03-20,5.0,0.71,2346,523,🚬菸屁股,HOLD,1
IBIT,2026-05-15,60.0,0.61,11505,522,🚬菸屁股,HOLD,1
CRWV,2026-02-13,110.0,0.33,3127,507,🚬菸屁股,HOLD,1
NVDA,2026-03-20,140.0,37.3,27005,495,🔥萬人塚,HOLD,1
IONQ,2026-02-13,50.0,0.16,2070,488,🚬菸屁股,HOLD,1
SOFI,2026-03-20,28.0,0.26,16478,485,🚬菸屁股,HOLD,1
PATH,2026-05-15,13.0,1.98,2639,471,🚬菸屁股,HOLD,1
SMR,2026-02-06,20.0,0.04,4477,471,🚬菸屁股,HOLD,1
LUNR,2026-03-20,20.0,1.95,4521,467,🚬菸屁股,HOLD,1
ACHR,2026-04-17,10.0,0.34,15026,467,🚬菸屁股,HOLD,1
IREN,2026-02-06,66.0,0.32,2578,460,🚬菸屁股,HOLD,1
NBIS,2026-02-20,110.0,1.11,3904,458,🚬菸屁股,HOLD,1
SMR,2026-02-06,17.5,0.24,1512,455,🚬菸屁股,HOLD,1
NVDA,2026-04-17,300.0,0.15,11761,454,🚬菸屁股,HOLD,1
ASTS,2026-02-20,140.0,1.91,2837,452,🚬菸屁股,HOLD,1
OPEN,2026-05-15,8.0,0.43,9917,451,🚬菸屁股,HOLD,1
SOFI,2026-02-20,24.5,0.2,2835,448,🚬菸屁股,HOLD,1
ACHR,2026-02-20,9.0,0.06,14687,448,🚬菸屁股,HOLD,1
ACHR,2026-02-13,8.0,0.09,2864,447,🚬菸屁股,HOLD,1
PATH,2026-05-15,15.0,1.2,8012,446,🚬菸屁股,HOLD,1
ONDS,2026-03-20,17.0,0.36,5344,446,🚬菸屁股,HOLD,1
PATH,2026-03-20,14.0,1.03,1861,442,🚬菸屁股,HOLD,1
DKNG,2026-03-20,35.0,0.56,13355,435,🚬菸屁股,HOLD,1
RKLB,2026-02-06,88.0,0.14,1428,432,🚬菸屁股,HOLD,1
CRWV,2026-02-06,105.0,0.07,4777,431,🚬菸屁股,HOLD,1
SMR,2026-02-20,25.0,0.16,8151,430,🚬菸屁股,HOLD,1
OPEN,2026-05-15,9.0,0.33,9529,429,🚬菸屁股,HOLD,1
SOFI,2026-04-17,28.0,0.53,4780,428,🚬菸屁股,HOLD,1
IREN,2026-02-13,70.0,0.49,3173,428,🚬菸屁股,HOLD,1
IREN,2026-02-06,85.0,0.05,2198,427,🚬菸屁股,HOLD,1
OPEN,2026-05-15,7.0,1.12,3557,422,🚬菸屁股,HOLD,1
HOOD,2026-03-20,150.0,0.22,10506,418,🚬菸屁股,HOLD,1
HOOD,2026-02-06,110.0,0.03,8299,417,🚬菸屁股,HOLD,1
JOBY,2026-03-20,12.0,0.68,1537,417,🚬菸屁股,HOLD,1
SOFI,2026-02-20,25.5,0.14,2790,413,🚬菸屁股,HOLD,1
ACHR,2026-03-20,7.0,0.85,1885,412,🚬菸屁股,HOLD,1
RKLB,2026-02-06,100.0,0.05,2489,410,🚬菸屁股,HOLD,1
PATH,2026-02-20,17.0,0.04,11584,408,🚬菸屁股,HOLD,1
SOFI,2026-02-13,24.5,0.11,3607,404,🚬菸屁股,HOLD,1
SMCI,2026-02-20,60.0,0.05,6711,403,🚬菸屁股,HOLD,1
RKLB,2026-02-06,86.0,0.19,1364,403,🚬菸屁股,HOLD,1
SOFI,2026-04-17,23.0,1.48,1679,397,🚬菸屁股,HOLD,1
IBIT,2026-03-20,57.0,0.22,13399,394,🚬菸屁股,HOLD,1
NBIS,2026-02-06,97.0,0.21,1881,393,🚬菸屁股,HOLD,1
ONDS,2026-02-06,14.0,0.01,4224,392,🚬菸屁股,HOLD,1
SOFI,2026-05-15,20.0,3.25,1886,391,🚬菸屁股,HOLD,1
OPEN,2026-02-13,6.5,0.03,4333,391,🚬菸屁股,HOLD,1
SMCI,2026-02-06,50.0,0.02,2870,388,🚬菸屁股,HOLD,1
SMR,2026-03-20,18.0,1.9,5981,386,🚬菸屁股,HOLD,1
IREN,2026-02-06,64.0,0.34,2036,383,🚬菸屁股,HOLD,1
NBIS,2026-02-20,120.0,0.61,7229,376,🚬菸屁股,HOLD,1
RKLB,2026-02-20,110.0,0.28,2434,375,🚬菸屁股,HOLD,1
SOFI,2027-01-15,12.0,10.4,25302,374,🔥萬人塚,HOLD,1
LUNR,2026-03-20,25.0,1.12,4891,374,🚬菸屁股,HOLD,1
SOFI,2026-02-13,29.0,0.03,2904,368,🚬菸屁股,HOLD,1
SOFI,2026-05-15,28.0,0.92,5734,368,🚬菸屁股,HOLD,1
ONDS,2026-02-13,15.0,0.05,1873,366,🚬菸屁股,HOLD,1
IBIT,2026-03-20,54.0,0.33,12160,364,🚬菸屁股,HOLD,1
IONQ,2026-02-20,45.0,0.7,4096,362,🚬菸屁股,HOLD,1
DKNG,2026-03-20,32.5,0.9,8412,362,🚬菸屁股,HOLD,1
PATH,2026-02-20,15.0,0.12,9586,359,🚬菸屁股,HOLD,1
ONDS,2026-02-06,13.5,0.02,4615,359,🚬菸屁股,HOLD,1
HOOD,2026-02-13,120.0,0.1,3276,358,🚬菸屁股,HOLD,1
ASTS,2026-02-13,150.0,0.6,2123,357,🚬菸屁股,HOLD,1
U,2026-03-20,40.0,0.5,9349,357,🚬菸屁股,HOLD,1
OPEN,2026-05-15,7.0,0.52,19277,353,🚬菸屁股,HOLD,1
IONQ,2026-03-20,45.0,2.27,1625,351,🚬菸屁股,HOLD,1
OKLO,2026-02-06,100.0,0.02,3226,345,🚬菸屁股,HOLD,1
PATH,2026-03-20,16.0,0.54,3358,345,🚬菸屁股,HOLD,1
SOFI,2026-02-20,23.5,0.31,6934,342,🚬菸屁股,HOLD,1
SOFI,2026-02-06,26.5,0.02,4537,340,🚬菸屁股,HOLD,1
PATH,2026-02-20,13.0,0.44,2903,340,🚬菸屁股,HOLD,1
HIMS,2026-02-20,29.0,0.39,6805,339,🚬菸屁股,HOLD,1
HIMS,2026-02-20,40.0,0.06,6765,338,🚬菸屁股,HOLD,1
HIMS,2026-04-17,40.0,0.92,2280,338,🚬菸屁股,HOLD,1
ASTS,2026-02-06,113.0,1.66,1279,332,🚬菸屁股,HOLD,1
CRWV,2026-02-20,105.0,1.5,4550,323,🚬菸屁股,HOLD,1
NVDA,2028-01-21,200.0,42.0,20526,322,🔥萬人塚,HOLD,1
IONQ,2026-03-20,50.0,1.49,2679,322,🚬菸屁股,HOLD,1
IBIT,2026-05-15,65.0,0.39,15516,321,🚬菸屁股,HOLD,1
SMR,2026-04-17,20.0,1.97,1992,321,🚬菸屁股,HOLD,1
ACHR,2026-04-17,12.0,0.2,8455,318,🚬菸屁股,HOLD,1
DKNG,2026-02-06,30.0,0.04,3225,316,🚬菸屁股,HOLD,1
HIMS,2026-03-20,40.0,0.43,9724,316,🚬菸屁股,HOLD,1
KTOS,2026-02-20,120.0,0.55,1617,316,🚬菸屁股,HOLD,1
SMR,2026-02-06,18.5,0.16,2940,315,🚬菸屁股,HOLD,1
OKLO,2026-03-20,110.0,1.7,1533,313,🚬菸屁股,HOLD,1
VST,2026-02-06,160.0,0.1,2164,313,🚬菸屁股,HOLD,1
HIMS,2026-02-06,29.5,0.03,1901,312,🚬菸屁股,HOLD,1
ZM,2026-02-20,95.0,2.09,2819,310,🚬菸屁股,HOLD,1
HOOD,2026-02-13,130.0,0.06,3019,308,🚬菸屁股,HOLD,1
IBIT,2026-03-20,56.0,0.25,15064,307,🚬菸屁股,HOLD,1
NVDA,2026-04-17,240.0,1.12,13138,306,🚬菸屁股,HOLD,1
ACHR,2026-02-06,8.0,0.02,4294,304,🚬菸屁股,HOLD,1
OPEN,2026-02-20,9.0,0.03,8645,300,🚬菸屁股,HOLD,1
HOOD,2026-05-15,130.0,1.93,1828,294,🚬菸屁股,HOLD,1
OPEN,2026-02-06,6.5,0.01,11393,294,🚬菸屁股,HOLD,1
XYZ,2026-02-06,63.0,0.06,4959,293,🚬菸屁股,HOLD,1
SOFI,2026-02-13,28.0,0.05,2677,292,🚬菸屁股,HOLD,1
HOOD,2026-03-20,140.0,0.33,4157,292,🚬菸屁股,HOLD,1
HOOD,2026-04-17,170.0,0.27,1651,291,🚬菸屁股,HOLD,1
IONQ,2026-03-20,70.0,0.45,2072,290,🚬菸屁股,HOLD,1
ACHR,2026-03-20,10.0,0.19,7426,288,🚬菸屁股,HOLD,1
COIN,2026-03-20,270.0,0.93,14386,287,🚬菸屁股,HOLD,1
IREN,2026-05-15,100.0,2.57,9778,285,🚬菸屁股,HOLD,1
HOOD,2026-05-15,140.0,1.38,6734,281,🚬菸屁股,HOLD,1
TSLA,2026-02-20,600.0,0.05,19418,280,🚬菸屁股,HOLD,1
PATH,2026-03-20,17.0,0.43,2577,280,🚬菸屁股,HOLD,1
ASTS,2026-03-20,180.0,3.2,3214,275,🚬菸屁股,HOLD,1
SMR,2026-04-17,30.0,0.65,2174,274,🚬菸屁股,HOLD,1
IONQ,2026-04-17,60.0,1.41,2877,273,🚬菸屁股,HOLD,1
SOFI,2026-04-17,24.0,1.18,11928,272,🚬菸屁股,HOLD,1
DKNG,2026-03-20,40.0,0.19,9066,271,🚬菸屁股,HOLD,1
IONQ,2026-02-06,45.0,0.05,2274,270,🚬菸屁股,HOLD,1
CRWV,2026-03-20,115.0,3.65,5724,270,🚬菸屁股,HOLD,1
CRWV,2026-02-20,95.0,3.3,5864,268,🚬菸屁股,HOLD,1
LUNR,2026-02-06,22.0,0.09,2455,265,🚬菸屁股,HOLD,1
HOOD,2026-04-17,115.0,2.0,1910,264,🚬菸屁股,HOLD,1
JOBY,2026-02-20,17.0,0.02,7640,263,🚬菸屁股,HOLD,1
LUNR,2026-03-20,18.0,2.59,2989,262,🚬菸屁股,HOLD,1
ONDS,2026-03-20,5.0,4.85,6139,259,🚬菸屁股,HOLD,1
SOFI,2026-02-20,31.0,0.06,16101,258,🚬菸屁股,HOLD,1
PATH,2026-03-20,18.0,0.47,2230,256,🚬菸屁股,HOLD,1
SMCI,2026-05-15,37.0,4.2,2988,254,🚬菸屁股,HOLD,1
IONQ,2026-04-17,55.0,2.13,4468,254,🚬菸屁股,HOLD,1
NVDA,2026-03-20,145.0,32.9,25985,253,🔥萬人塚,HOLD,1
SMCI,2026-03-20,41.0,1.36,2278,253,🚬菸屁股,HOLD,1
SMCI,2026-03-20,42.0,1.17,2082,253,🚬菸屁股,HOLD,1
IONQ,2026-02-06,50.0,0.02,1639,253,🚬菸屁股,HOLD,1
NBIS,2026-02-06,110.0,0.1,2109,253,🚬菸屁股,HOLD,1
CRWV,2026-02-06,115.0,0.05,3309,253,🚬菸屁股,HOLD,1
IBIT,2026-02-20,56.0,0.06,15456,251,🚬菸屁股,HOLD,1
LUNR,2026-02-20,24.0,0.68,1657,251,🚬菸屁股,HOLD,1
SMCI,2026-05-15,55.0,1.1,2914,250,🚬菸屁股,HOLD,1
ACHR,2026-03-20,8.0,0.51,1637,249,🚬菸屁股,HOLD,1
RKLB,2026-02-20,105.0,0.38,1463,248,🚬菸屁股,HOLD,1
SMR,2026-02-06,21.0,0.04,1973,248,🚬菸屁股,HOLD,1
IONQ,2026-03-20,60.0,0.66,1713,247,🚬菸屁股,HOLD,1
PACB,2026-03-20,3.0,0.1,16626,245,🚬菸屁股,HOLD,1
IONQ,2026-02-20,50.0,0.35,2989,244,🚬菸屁股,HOLD,1
HOOD,2026-02-06,112.0,0.03,2091,243,🚬菸屁股,HOLD,1
DKNG,2026-05-15,35.0,1.36,2185,242,🚬菸屁股,HOLD,1
HOOD,2026-02-20,130.0,0.14,6086,242,🚬菸屁股,HOLD,1
UPST,2026-03-20,60.0,0.75,2280,241,🚬菸屁股,HOLD,1
HOOD,2026-03-20,135.0,0.38,5225,241,🚬菸屁股,HOLD,1
ACHR,2026-04-17,8.0,0.7,7712,241,🚬菸屁股,HOLD,1
UPST,2026-03-20,70.0,0.41,1910,238,🚬菸屁股,HOLD,1
PATH,2026-02-20,18.0,0.04,14436,238,🚬菸屁股,HOLD,1
SMR,2026-03-20,22.0,0.97,3117,238,🚬菸屁股,HOLD,1
RKLB,2026-03-20,125.0,1.35,1580,236,🚬菸屁股,HOLD,1
HOOD,2026-02-20,140.0,0.09,10275,235,🚬菸屁股,HOLD,1
LUNR,2026-02-20,19.0,1.16,1730,235,🚬菸屁股,HOLD,1
SMR,2026-02-20,22.0,0.2,6788,234,🚬菸屁股,HOLD,1
OKLO,2026-02-06,95.0,0.04,1667,232,🚬菸屁股,HOLD,1
U,2026-02-06,31.0,0.1,2829,231,🚬菸屁股,HOLD,1
U,2026-03-20,55.0,0.25,2147,231,🚬菸屁股,HOLD,1
PATH,2026-02-20,14.0,0.4,3310,230,🚬菸屁股,HOLD,1
HIMS,2026-02-20,50.0,0.05,4393,230,🚬菸屁股,HOLD,1
IBIT,2026-02-20,65.0,0.03,14399,227,🚬菸屁股,HOLD,1
NBIS,2026-03-20,130.0,1.73,2816,227,🚬菸屁股,HOLD,1
SMR,2026-02-20,21.0,0.48,1689,225,🚬菸屁股,HOLD,1
SMCI,2026-05-15,38.0,3.9,2166,222,🚬菸屁股,HOLD,1
NNE,2026-02-20,40.0,0.25,3755,222,🚬菸屁股,HOLD,1
TSLA,2026-03-20,700.0,0.18,10951,220,🚬菸屁股,HOLD,1
RKLB,2026-02-13,100.0,0.4,3947,217,🚬菸屁股,HOLD,1
IBIT,2026-02-20,53.5,0.08,14623,215,🚬菸屁股,HOLD,1
SOFI,2026-02-06,31.0,0.01,2951,215,🚬菸屁股,HOLD,1
SMCI,2026-02-20,39.0,0.58,1760,210,🚬菸屁股,HOLD,1
HOOD,2026-02-20,150.0,0.07,5637,210,🚬菸屁股,HOLD,1
TSLA,2026-04-17,940.0,0.12,12563,209,🚬菸屁股,HOLD,1
OKLO,2026-03-20,115.0,1.4,4792,209,🚬菸屁股,HOLD,1
HOOD,2026-04-17,140.0,0.71,1990,209,🚬菸屁股,HOLD,1
RKLB,2026-04-17,110.0,4.45,4153,206,🚬菸屁股,HOLD,1
SMCI,2026-02-06,44.0,0.02,3225,204,🚬菸屁股,HOLD,1
ONDS,2026-02-20,16.0,0.15,3048,204,🚬菸屁股,HOLD,1
SOFI,2026-05-15,22.0,2.37,1983,202,🚬菸屁股,HOLD,1
DKNG,2026-02-20,40.0,0.06,16534,202,🚬菸屁股,HOLD,1
HIMS,2026-03-20,75.0,0.67,2201,201,🚬菸屁股,HOLD,1
SOFI,2026-02-06,29.0,0.01,4962,199,🚬菸屁股,HOLD,1
SMCI,2026-03-20,39.0,1.73,11227,196,🚬菸屁股,HOLD,1
SOFI,2026-03-20,31.0,0.18,5040,196,🚬菸屁股,HOLD,1
ONDS,2026-02-06,14.5,0.02,2938,195,🚬菸屁股,HOLD,1
JOBY,2026-03-20,17.0,0.16,2690,195,🚬菸屁股,HOLD,1
COIN,2026-02-20,260.0,0.28,14103,194,🚬菸屁股,HOLD,1
SMCI,2026-05-15,60.0,0.85,4558,194,🚬菸屁股,HOLD,1
IBIT,2026-02-20,70.0,0.02,16688,191,🚬菸屁股,HOLD,1
JOBY,2026-04-17,15.0,0.43,5140,191,🚬菸屁股,HOLD,1
JOBY,2026-07-17,12.0,1.68,1614,191,🚬菸屁股,HOLD,1
NVDA,2026-02-06,215.0,0.01,10029,189,🚬菸屁股,HOLD,1
SMCI,2026-05-15,39.0,3.55,2310,188,🚬菸屁股,HOLD,1
IREN,2026-02-20,100.0,0.23,4069,188,🚬菸屁股,HOLD,1
SMCI,2026-03-20,43.0,1.0,1536,187,🚬菸屁股,HOLD,1
HIMS,2026-02-20,31.0,0.21,2669,186,🚬菸屁股,HOLD,1
HOOD,2026-05-15,115.0,3.3,2149,184,🚬菸屁股,HOLD,1
IONQ,2026-04-17,50.0,2.75,1876,181,🚬菸屁股,HOLD,1
HOOD,2026-02-20,160.0,0.06,2162,181,🚬菸屁股,HOLD,1
SOFI,2026-04-17,31.0,0.32,4144,180,🚬菸屁股,HOLD,1
RKLB,2026-04-17,130.0,2.61,1629,179,🚬菸屁股,HOLD,1
ASTS,2026-02-06,150.0,0.03,3826,179,🚬菸屁股,HOLD,1
SOFI,2026-02-20,35.0,0.05,8003,179,🚬菸屁股,HOLD,1
ONDS,2026-02-13,16.0,0.05,2251,179,🚬菸屁股,HOLD,1
ACHR,2026-04-17,14.0,0.16,3217,179,🚬菸屁股,HOLD,1
SOFI,2026-04-17,35.0,0.2,10672,178,🚬菸屁股,HOLD,1
HIMS,2026-02-06,31.0,0.02,1585,178,🚬菸屁股,HOLD,1
U,2026-02-13,35.0,0.39,2272,176,🚬菸屁股,HOLD,1
ACHR,2026-04-17,13.0,0.24,4161,174,🚬菸屁股,HOLD,1
OKLO,2026-02-06,83.0,0.44,2335,173,🚬菸屁股,HOLD,1
OPEN,2026-02-06,7.0,0.01,7328,172,🚬菸屁股,HOLD,1
IBIT,2026-02-20,53.0,0.09,17832,171,🚬菸屁股,HOLD,1
LUNR,2026-02-20,22.0,0.84,1791,171,🚬菸屁股,HOLD,1
XYZ,2026-03-20,60.0,4.05,16209,170,🚬菸屁股,HOLD,1
NTLA,2026-02-20,11.0,2.1,2023,168,🚬菸屁股,HOLD,1
HOOD,2026-02-06,111.0,0.03,1934,167,🚬菸屁股,HOLD,1
CRWV,2026-03-20,200.0,0.21,7384,167,🚬菸屁股,HOLD,1
VST,2026-02-20,170.0,0.87,1926,164,🚬菸屁股,HOLD,1
U,2026-02-06,32.0,0.37,2134,163,🚬菸屁股,HOLD,1
U,2026-02-13,29.0,1.24,2209,162,🚬菸屁股,HOLD,1
ACHR,2026-02-13,8.5,0.05,1899,162,🚬菸屁股,HOLD,1
DKNG,2026-03-20,30.0,1.66,2304,161,🚬菸屁股,HOLD,1
JOBY,2026-04-17,13.0,0.7,2649,161,🚬菸屁股,HOLD,1
SMR,2026-05-15,22.0,2.11,1776,160,🚬菸屁股,HOLD,1
HOOD,2026-05-15,150.0,1.02,2484,159,🚬菸屁股,HOLD,1
SOFI,2026-05-15,26.0,1.26,4267,157,🚬菸屁股,HOLD,1
JOBY,2026-02-20,12.5,0.23,2247,156,🚬菸屁股,HOLD,1
IBIT,2026-03-20,85.0,0.03,13547,155,🚬菸屁股,HOLD,1
IREN,2026-05-15,85.0,3.4,3571,154,🚬菸屁股,HOLD,1
ZM,2026-03-20,105.0,2.17,4168,154,🚬菸屁股,HOLD,1
IONQ,2026-02-20,55.0,0.24,2570,152,🚬菸屁股,HOLD,1
CRWV,2026-02-20,130.0,0.41,8533,152,🚬菸屁股,HOLD,1
TSLA,2026-05-15,990.0,0.27,11507,150,🚬菸屁股,HOLD,1
CRWV,2026-02-20,135.0,0.24,10713,150,🚬菸屁股,HOLD,1
OPEN,2026-02-20,13.0,0.03,16636,147,🚬菸屁股,HOLD,1
HIMS,2026-03-20,34.0,0.89,8334,147,🚬菸屁股,HOLD,1
JOBY,2026-04-17,14.0,0.55,4517,146,🚬菸屁股,HOLD,1
SMR,2026-02-20,30.0,0.06,4006,146,🚬菸屁股,HOLD,1
IREN,2026-02-06,76.0,0.24,1671,144,🚬菸屁股,HOLD,1
NBIS,2026-03-20,105.0,4.75,1862,143,🚬菸屁股,HOLD,1
NVDA,2026-05-15,260.0,1.1,12631,141,🚬菸屁股,HOLD,1
IREN,2026-02-13,80.0,0.36,2338,141,🚬菸屁股,HOLD,1
SOFI,2026-07-17,25.0,2.15,1861,140,🚬菸屁股,HOLD,1
HIMS,2026-02-06,32.0,0.02,4644,140,🚬菸屁股,HOLD,1
NBIS,2026-02-20,130.0,0.33,3814,138,🚬菸屁股,HOLD,1
PATH,2026-05-15,12.0,2.19,1589,138,🚬菸屁股,HOLD,1
RKLB,2026-03-20,110.0,2.38,1708,136,🚬菸屁股,HOLD,1
HOOD,2026-02-06,120.0,0.01,3355,136,🚬菸屁股,HOLD,1
SOFI,2026-04-17,32.0,0.31,2682,134,🚬菸屁股,HOLD,1
NBIS,2026-02-13,110.0,0.68,1802,134,🚬菸屁股,HOLD,1
JOBY,2026-07-17,15.0,0.99,2503,134,🚬菸屁股,HOLD,1
RKLB,2026-02-20,120.0,0.13,2641,132,🚬菸屁股,HOLD,1
IONQ,2026-04-17,40.0,4.95,5007,132,🚬菸屁股,HOLD,1
VST,2026-03-20,180.0,2.34,6321,131,🚬菸屁股,HOLD,1
HIMS,2026-03-20,45.0,0.29,6094,130,🚬菸屁股,HOLD,1
JOBY,2026-02-20,16.0,0.04,4362,130,🚬菸屁股,HOLD,1
SMCI,2026-02-20,44.0,0.24,1813,129,🚬菸屁股,HOLD,1
SMCI,2026-02-20,47.0,0.17,1836,129,🚬菸屁股,HOLD,1
HIMS,2026-03-20,41.0,0.43,4218,129,🚬菸屁股,HOLD,1
ZM,2026-02-20,90.0,4.2,1663,128,🚬菸屁股,HOLD,1
ONDS,2026-02-06,15.0,0.01,5633,127,🚬菸屁股,HOLD,1
IREN,2026-02-06,77.0,0.14,2392,126,🚬菸屁股,HOLD,1
VST,2026-03-20,200.0,1.04,2260,125,🚬菸屁股,HOLD,1
TDOC,2026-04-17,8.0,0.22,4510,124,🚬菸屁股,HOLD,1
CRWV,2026-02-06,120.0,0.02,2739,124,🚬菸屁股,HOLD,1
OKLO,2026-03-20,125.0,1.06,4513,122,🚬菸屁股,HOLD,1
NTLA,2026-02-20,14.0,0.5,1566,122,🚬菸屁股,HOLD,1
PACB,2026-03-20,2.0,0.5,2453,122,🚬菸屁股,HOLD,1
SMR,2026-03-20,23.0,0.85,6559,121,🚬菸屁股,HOLD,1
IREN,2026-05-15,105.0,2.3,10532,120,🚬菸屁股,HOLD,1
HOOD,2026-02-06,107.0,0.04,2620,120,🚬菸屁股,HOLD,1
HIMS,2026-02-20,33.0,0.13,4113,120,🚬菸屁股,HOLD,1
IREN,2026-02-20,85.0,0.31,4118,119,🚬菸屁股,HOLD,1
OPEN,2026-02-13,7.5,0.02,1886,118,🚬菸屁股,HOLD,1
ACHR,2026-02-06,9.0,0.01,5582,118,🚬菸屁股,HOLD,1
U,2026-03-20,27.0,2.49,2974,117,🚬菸屁股,HOLD,1
HOOD,2026-02-06,113.0,0.03,1669,117,🚬菸屁股,HOLD,1
UPST,2026-03-20,50.0,1.69,2329,115,🚬菸屁股,HOLD,1
JOBY,2026-03-20,15.0,0.29,2747,115,🚬菸屁股,HOLD,1
HOOD,2026-03-20,280.0,0.03,9362,114,🚬菸屁股,HOLD,1
HOOD,2026-04-17,150.0,0.51,2681,113,🚬菸屁股,HOLD,1
ONDS,2026-03-20,30.0,0.26,1521,113,🚬菸屁股,HOLD,1
SOFI,2026-02-20,34.0,0.04,3767,112,🚬菸屁股,HOLD,1
ONDS,2026-02-20,17.0,0.26,4006,112,🚬菸屁股,HOLD,1
ACHR,2026-02-20,13.0,0.14,1537,111,🚬菸屁股,HOLD,1
SOFI,2026-02-20,18.0,3.15,1675,110,🚬菸屁股,HOLD,1
HIMS,2026-02-20,37.0,0.07,3013,110,🚬菸屁股,HOLD,1
VST,2026-02-20,180.0,0.43,4208,107,🚬菸屁股,HOLD,1
IREN,2026-02-20,95.0,0.25,3839,107,🚬菸屁股,HOLD,1
NTLA,2026-07-17,12.0,4.2,1444,107,🚬菸屁股,HOLD,1
IONQ,2026-02-20,60.0,0.14,2605,106,🚬菸屁股,HOLD,1
PATH,2026-05-15,18.0,0.8,4490,105,🚬菸屁股,HOLD,1
UPST,2026-03-20,65.0,0.57,2599,104,🚬菸屁股,HOLD,1
HOOD,2026-03-20,170.0,0.15,4350,104,🚬菸屁股,HOLD,1
RKLB,2026-02-06,92.0,0.12,1710,103,🚬菸屁股,HOLD,1
IONQ,2026-02-20,42.0,1.01,2690,103,🚬菸屁股,HOLD,1
HOOD,2026-02-06,125.0,0.01,1513,103,🚬菸屁股,HOLD,1
SOFI,2026-02-20,40.0,0.02,7378,102,🚬菸屁股,HOLD,1
JOBY,2026-03-20,16.0,0.19,2214,101,🚬菸屁股,HOLD,1
IREN,2026-02-06,78.0,0.43,2175,100,🚬菸屁股,HOLD,1
XYZ,2026-03-20,70.0,1.35,19538,100,🚬菸屁股,HOLD,1
VRT,2026-02-20,220.0,3.2,1546,100,🚬菸屁股,HOLD,1
NNE,2026-02-20,30.0,1.9,3534,99,🚬菸屁股,HOLD,1
CRWV,2026-02-20,150.0,0.1,4134,99,🚬菸屁股,HOLD,1
SOFI,2026-02-06,32.0,0.01,2663,98,🚬菸屁股,HOLD,1
SOFI,2026-03-20,32.0,0.15,8211,97,🚬菸屁股,HOLD,1
IONQ,2026-04-17,65.0,1.26,2636,96,🚬菸屁股,HOLD,1
DKNG,2026-02-20,45.0,0.07,5280,96,🚬菸屁股,HOLD,1
HOOD,2026-02-20,145.0,0.14,2717,95,🚬菸屁股,HOLD,1
NVDA,2026-03-20,120.0,56.7,34129,94,🔥萬人塚,HOLD,1
IREN,2026-02-20,110.0,0.14,1893,94,🚬菸屁股,HOLD,1
XYZ,2026-02-13,57.0,2.32,1622,94,🚬菸屁股,HOLD,1
JOBY,2026-02-20,15.0,0.03,4827,94,🚬菸屁股,HOLD,1
SMCI,2026-03-20,48.0,0.57,2454,93,🚬菸屁股,HOLD,1
HOOD,2026-02-06,104.0,0.08,2115,92,🚬菸屁股,HOLD,1
NTLA,2026-04-17,15.0,1.45,2440,92,🚬菸屁股,HOLD,1
IBIT,2026-02-06,58.0,0.01,14768,90,🚬菸屁股,HOLD,1
SOFI,2026-02-20,26.5,0.12,1782,89,🚬菸屁股,HOLD,1
JOBY,2026-02-20,12.0,0.23,1881,89,🚬菸屁股,HOLD,1
NVDA,2026-02-20,225.0,0.08,11422,88,🚬菸屁股,HOLD,1
DKNG,2026-02-06,33.0,0.04,1696,88,🚬菸屁股,HOLD,1
DKNG,2026-03-20,37.5,0.3,4204,88,🚬菸屁股,HOLD,1
PATH,2026-02-06,15.0,0.01,2658,88,🚬菸屁股,HOLD,1
CRWV,2026-03-20,160.0,0.85,4545,88,🚬菸屁股,HOLD,1
JOBY,2026-02-20,20.0,0.01,7878,86,🚬菸屁股,HOLD,1
SMCI,2026-02-20,46.0,0.2,1678,85,🚬菸屁股,HOLD,1
VST,2026-03-20,170.0,3.6,2690,85,🚬菸屁股,HOLD,1
SMR,2026-02-06,22.0,0.01,1782,85,🚬菸屁股,HOLD,1
OPEN,2026-02-20,7.5,0.09,2734,84,🚬菸屁股,HOLD,1
CRWV,2026-03-20,180.0,0.7,9065,83,🚬菸屁股,HOLD,1
NTLA,2026-02-20,15.0,0.25,2204,82,🚬菸屁股,HOLD,1
HIMS,2026-03-20,33.0,1.01,2699,82,🚬菸屁股,HOLD,1
NVDA,2026-05-15,270.0,0.82,15052,80,🚬菸屁股,HOLD,1
NBIS,2026-05-15,200.0,1.44,1550,80,🚬菸屁股,HOLD,1
HOOD,2026-03-20,145.0,0.3,3052,80,🚬菸屁股,HOLD,1
XYZ,2026-03-20,80.0,0.48,14880,80,🚬菸屁股,HOLD,1
ONDS,2026-03-20,6.0,4.15,5608,80,🚬菸屁股,HOLD,1
XYZ,2026-02-06,66.0,0.04,1802,79,🚬菸屁股,HOLD,1
SMCI,2026-02-20,48.0,0.17,1549,78,🚬菸屁股,HOLD,1
DKNG,2026-02-20,32.5,0.5,5086,78,🚬菸屁股,HOLD,1
TDOC,2026-02-06,6.0,0.01,11044,78,🚬菸屁股,HOLD,1
TDOC,2026-04-17,9.0,0.13,6748,78,🚬菸屁股,HOLD,1
ONDS,2026-02-13,17.0,0.22,2161,78,🚬菸屁股,HOLD,1
SOFI,2026-05-15,35.0,0.39,6381,76,🚬菸屁股,HOLD,1
JOBY,2026-04-17,12.0,0.96,2556,76,🚬菸屁股,HOLD,1
IBIT,2026-05-15,64.0,0.42,10854,75,🚬菸屁股,HOLD,1
SOFI,2026-07-17,28.0,1.49,2190,75,🚬菸屁股,HOLD,1
PATH,2026-05-15,16.0,1.09,8568,75,🚬菸屁股,HOLD,1
TDOC,2026-07-17,7.0,0.48,6963,74,🚬菸屁股,HOLD,1
UPST,2026-03-20,55.0,1.16,1653,73,🚬菸屁股,HOLD,1
SOFI,2026-07-17,35.0,0.69,1557,73,🚬菸屁股,HOLD,1
ACHR,2026-02-06,9.5,0.01,4333,73,🚬菸屁股,HOLD,1
SOFI,2026-05-15,29.0,0.8,2424,72,🚬菸屁股,HOLD,1
TDOC,2026-02-20,7.0,0.03,6425,72,🚬菸屁股,HOLD,1
ACHR,2026-02-06,8.5,0.01,4247,72,🚬菸屁股,HOLD,1
CRWV,2026-04-17,130.0,4.0,1591,72,🚬菸屁股,HOLD,1
PATH,2026-02-20,16.0,0.06,9755,71,🚬菸屁股,HOLD,1
HOOD,2026-02-06,118.0,0.02,3166,71,🚬菸屁股,HOLD,1
XYZ,2026-03-20,65.0,2.3,7355,71,🚬菸屁股,HOLD,1
HIMS,2026-03-20,37.0,0.62,2719,71,🚬菸屁股,HOLD,1
ACHR,2026-04-17,6.0,1.6,1694,71,🚬菸屁股,HOLD,1
VST,2026-02-20,190.0,0.17,2341,70,🚬菸屁股,HOLD,1
JOBY,2026-04-17,21.0,0.18,2947,70,🚬菸屁股,HOLD,1
RKLB,2026-03-20,145.0,0.59,1214,69,🚬菸屁股,HOLD,1
TDOC,2026-04-17,10.0,0.09,7469,69,🚬菸屁股,HOLD,1
VST,2026-02-20,175.0,0.57,1943,68,🚬菸屁股,HOLD,1
SOFI,2026-02-20,27.5,0.08,2504,68,🚬菸屁股,HOLD,1
TDOC,2026-04-17,6.0,0.37,2456,68,🚬菸屁股,HOLD,1
VRT,2027-01-15,230.0,30.7,20148,68,🔥萬人塚,HOLD,1
OPEN,2026-05-15,15.0,0.16,4482,67,🚬菸屁股,HOLD,1
SOFI,2026-05-15,40.0,0.29,3170,66,🚬菸屁股,HOLD,1
IREN,2026-03-20,110.0,0.62,6093,66,🚬菸屁股,HOLD,1
IREN,2026-05-15,95.0,2.75,1767,66,🚬菸屁股,HOLD,1
U,2026-02-20,45.0,0.12,5096,66,🚬菸屁股,HOLD,1
SOFI,2026-02-06,27.5,0.01,3389,65,🚬菸屁股,HOLD,1
IREN,2026-02-20,90.0,0.42,9057,65,🚬菸屁股,HOLD,1
NBIS,2026-02-13,120.0,0.4,1685,65,🚬菸屁股,HOLD,1
XYZ,2026-02-06,65.0,0.1,5636,64,🚬菸屁股,HOLD,1
SMCI,2026-03-20,70.0,0.15,6927,63,🚬菸屁股,HOLD,1
ONDS,2026-03-20,22.0,0.35,1798,63,🚬菸屁股,HOLD,1
DKNG,2026-03-20,42.5,0.15,7692,62,🚬菸屁股,HOLD,1
PATH,2026-05-15,22.0,0.44,6298,62,🚬菸屁股,HOLD,1
HOOD,2026-02-06,116.0,0.02,1741,62,🚬菸屁股,HOLD,1
SOFI,2026-02-13,31.0,0.02,1681,61,🚬菸屁股,HOLD,1
NBIS,2026-03-20,170.0,1.01,3174,61,🚬菸屁股,HOLD,1
OPEN,2026-02-13,8.0,0.02,2968,61,🚬菸屁股,HOLD,1
SMR,2026-02-20,23.0,0.45,7171,61,🚬菸屁股,HOLD,1
ACHR,2026-02-20,11.0,0.03,8053,60,🚬菸屁股,HOLD,1
SMR,2026-02-06,20.5,0.05,2198,60,🚬菸屁股,HOLD,1
TSLA,2026-03-20,990.0,0.04,18195,59,🚬菸屁股,HOLD,1
IREN,2027-01-15,20.0,30.25,21342,59,🔥萬人塚,HOLD,1
U,2026-03-20,35.0,0.76,2310,59,🚬菸屁股,HOLD,1
ROKU,2026-03-20,105.0,4.4,3265,59,🚬菸屁股,HOLD,1
SOFI,2026-03-20,47.0,0.05,1819,58,🚬菸屁股,HOLD,1
U,2026-02-20,32.0,0.9,9238,58,🚬菸屁股,HOLD,1
HOOD,2026-04-17,135.0,0.85,1535,58,🚬菸屁股,HOLD,1
HIMS,2026-02-20,60.0,0.03,2925,57,🚬菸屁股,HOLD,1
JOBY,2026-04-17,20.0,0.14,9604,57,🚬菸屁股,HOLD,1
ACHR,2026-02-20,9.5,0.09,1723,57,🚬菸屁股,HOLD,1
OKLO,2026-03-20,150.0,0.44,2163,56,🚬菸屁股,HOLD,1
HOOD,2026-03-20,210.0,0.08,5087,56,🚬菸屁股,HOLD,1
XYZ,2026-03-20,75.0,0.82,2547,56,🚬菸屁股,HOLD,1
OPEN,2026-05-15,15.0,0.11,7924,56,🚬菸屁股,HOLD,1
PATH,2026-05-15,19.0,0.69,4077,55,🚬菸屁股,HOLD,1
VST,2026-02-06,170.0,0.03,2158,54,🚬菸屁股,HOLD,1
SOFI,2026-02-20,44.0,0.05,2292,53,🚬菸屁股,HOLD,1
NBIS,2026-02-20,150.0,0.26,2891,53,🚬菸屁股,HOLD,1
U,2026-02-20,50.0,0.06,10005,53,🚬菸屁股,HOLD,1
TDOC,2026-04-17,7.0,0.22,2341,53,🚬菸屁股,HOLD,1
NVDA,2026-02-20,320.0,0.01,10748,51,🚬菸屁股,HOLD,1
NVDA,2026-03-20,135.0,41.85,26335,51,🔥萬人塚,HOLD,1
SOFI,2026-02-20,33.0,0.04,10044,51,🚬菸屁股,HOLD,1
IREN,2026-05-15,90.0,3.2,3821,51,🚬菸屁股,HOLD,1
CRSP,2026-04-17,60.0,2.5,2210,51,🚬菸屁股,HOLD,1
ACHR,2026-07-17,10.0,0.94,2282,51,🚬菸屁股,HOLD,1
SMCI,2026-03-20,47.0,0.67,5520,50,🚬菸屁股,HOLD,1
SOFI,2026-07-17,26.0,1.93,2987,50,🚬菸屁股,HOLD,1
TDOC,2026-04-17,11.0,0.09,1972,50,🚬菸屁股,HOLD,1
OPEN,2026-02-20,3.5,2.03,3009,50,🚬菸屁股,HOLD,1
TSLA,2026-03-20,930.0,0.1,17438,49,🚬菸屁股,HOLD,1
NBIS,2026-02-20,125.0,0.8,2094,49,🚬菸屁股,HOLD,1
OKLO,2026-03-20,140.0,0.89,3179,48,🚬菸屁股,HOLD,1
PATH,2026-02-20,19.0,0.03,12876,48,🚬菸屁股,HOLD,1
HIMS,2026-03-20,38.0,0.54,1891,48,🚬菸屁股,HOLD,1
ONDS,2026-02-20,18.0,0.08,1874,48,🚬菸屁股,HOLD,1
ACHR,2026-04-17,11.0,0.25,7281,48,🚬菸屁股,HOLD,1
SOFI,2026-02-13,29.5,0.07,1644,47,🚬菸屁股,HOLD,1
PATH,2026-05-15,26.0,0.36,2248,47,🚬菸屁股,HOLD,1
SOFI,2026-02-06,34.0,0.5,2080,46,🚬菸屁股,HOLD,1
SOFI,2026-02-20,37.0,0.05,6807,46,🚬菸屁股,HOLD,1
UPST,2026-02-20,55.0,0.61,2537,45,🚬菸屁股,HOLD,1
U,2026-03-20,50.0,0.2,7453,44,🚬菸屁股,HOLD,1
HOOD,2026-02-06,106.0,0.05,2222,44,🚬菸屁股,HOLD,1
HIMS,2026-02-06,35.0,0.01,1929,44,🚬菸屁股,HOLD,1
SMCI,2026-05-15,65.0,0.68,2963,43,🚬菸屁股,HOLD,1
ASTS,2026-02-20,180.0,0.28,2728,43,🚬菸屁股,HOLD,1
PATH,2026-05-15,17.0,0.92,7025,43,🚬菸屁股,HOLD,1
OPEN,2026-03-20,10.0,0.06,2503,43,🚬菸屁股,HOLD,1
HIMS,2026-02-20,34.0,0.15,1518,43,🚬菸屁股,HOLD,1
SMCI,2026-05-15,95.0,0.28,5597,42,🚬菸屁股,HOLD,1
HOOD,2026-03-20,175.0,0.15,3814,42,🚬菸屁股,HOLD,1
NVDA,2026-03-20,125.0,52.1,23514,41,🔥萬人塚,HOLD,1
HOOD,2026-02-06,103.0,0.06,1540,41,🚬菸屁股,HOLD,1
HIMS,2026-03-20,55.0,0.19,4833,41,🚬菸屁股,HOLD,1
DKNG,2026-02-13,35.0,0.14,1502,40,🚬菸屁股,HOLD,1
IREN,2026-03-20,105.0,0.59,4039,40,🚬菸屁股,HOLD,1
RKLB,2026-02-20,115.0,0.55,1470,39,🚬菸屁股,HOLD,1
NBIS,2026-02-20,140.0,0.71,1778,39,🚬菸屁股,HOLD,1
JOBY,2026-03-20,20.0,0.1,5992,38,🚬菸屁股,HOLD,1
U,2026-04-17,50.0,0.45,1959,37,🚬菸屁股,HOLD,1
HOOD,2026-03-20,160.0,0.2,2277,36,🚬菸屁股,HOLD,1
SMCI,2026-05-15,42.0,2.75,1830,35,🚬菸屁股,HOLD,1
ZM,2026-03-20,130.0,0.45,1976,35,🚬菸屁股,HOLD,1
XYZ,2026-02-20,65.0,0.57,1746,35,🚬菸屁股,HOLD,1
OPEN,2026-05-15,11.0,0.45,2859,35,🚬菸屁股,HOLD,1
NNE,2026-04-17,50.0,0.8,1587,35,🚬菸屁股,HOLD,1
HIMS,2026-02-06,36.0,0.04,2480,34,🚬菸屁股,HOLD,1
U,2026-02-20,40.0,0.24,3382,33,🚬菸屁股,HOLD,1
HOOD,2026-02-20,200.0,0.03,1974,33,🚬菸屁股,HOLD,1
HOOD,2026-07-17,140.0,2.78,2211,33,🚬菸屁股,HOLD,1
ACHR,2026-02-13,9.5,0.02,2304,33,🚬菸屁股,HOLD,1
ACHR,2026-03-20,11.0,0.19,4011,33,🚬菸屁股,HOLD,1
SOFI,2026-02-13,32.0,0.11,1706,32,🚬菸屁股,HOLD,1
SOFI,2026-03-20,17.0,4.35,3433,32,🚬菸屁股,HOLD,1
IREN,2026-03-20,95.0,0.85,5706,32,🚬菸屁股,HOLD,1
U,2026-03-20,45.0,0.44,2335,32,🚬菸屁股,HOLD,1
HOOD,2026-02-20,170.0,0.1,1626,32,🚬菸屁股,HOLD,1
IBIT,2026-05-15,75.0,0.2,14906,31,🚬菸屁股,HOLD,1
VST,2026-02-06,167.5,0.04,1716,31,🚬菸屁股,HOLD,1
XYZ,2026-03-20,85.0,0.32,3303,31,🚬菸屁股,HOLD,1
JOBY,2026-02-20,18.0,0.04,1559,31,🚬菸屁股,HOLD,1
CRWV,2026-02-06,150.0,0.01,3464,31,🚬菸屁股,HOLD,1
SOFI,2026-02-06,28.5,0.02,1859,30,🚬菸屁股,HOLD,1
SOFI,2026-04-17,44.0,0.18,2261,30,🚬菸屁股,HOLD,1
OPEN,2026-02-20,15.0,0.03,3871,30,🚬菸屁股,HOLD,1
SMCI,2026-02-20,65.0,0.05,4644,29,🚬菸屁股,HOLD,1
SOFI,2026-02-06,37.0,0.03,1506,29,🚬菸屁股,HOLD,1
PATH,2026-05-15,14.0,1.5,2072,29,🚬菸屁股,HOLD,1
XYZ,2026-02-20,70.0,0.21,3385,29,🚬菸屁股,HOLD,1
SOFI,2026-05-15,33.0,0.48,3244,28,🚬菸屁股,HOLD,1
DKNG,2026-05-15,30.0,2.78,4473,28,🚬菸屁股,HOLD,1
HIMS,2026-02-06,40.0,0.02,2296,28,🚬菸屁股,HOLD,1
CRWV,2028-01-21,150.0,26.2,28484,28,🔥萬人塚,HOLD,1
TSLA,2026-04-17,990.0,0.12,19225,27,🚬菸屁股,HOLD,1
SMCI,2026-05-15,70.0,0.55,2874,27,🚬菸屁股,HOLD,1
RKLB,2026-02-20,130.0,0.1,1216,27,🚬菸屁股,HOLD,1
SOFI,2026-04-17,40.0,0.14,2020,27,🚬菸屁股,HOLD,1
OPEN,2026-02-20,2.5,2.96,2210,27,🚬菸屁股,HOLD,1
HIMS,2026-02-20,38.0,0.09,2007,27,🚬菸屁股,HOLD,1
CRWV,2026-04-17,150.0,2.52,2771,27,🚬菸屁股,HOLD,1
SMCI,2026-02-20,95.0,0.01,1621,26,🚬菸屁股,HOLD,1
VST,2026-02-20,185.0,0.41,1721,26,🚬菸屁股,HOLD,1
XYZ,2026-02-06,64.0,0.04,1891,26,🚬菸屁股,HOLD,1
OPEN,2026-05-15,11.0,0.2,3127,26,🚬菸屁股,HOLD,1
OPEN,2026-05-15,12.0,0.18,5745,26,🚬菸屁股,HOLD,1
HIMS,2026-03-20,60.0,0.2,4640,26,🚬菸屁股,HOLD,1
IBIT,2026-02-20,75.0,0.01,18146,25,🚬菸屁股,HOLD,1
HOOD,2026-05-15,145.0,1.18,1893,25,🚬菸屁股,HOLD,1
OPEN,2026-05-15,12.0,0.2,4448,25,🚬菸屁股,HOLD,1
OPEN,2026-05-15,17.0,0.39,14858,25,🚬菸屁股,HOLD,1
SMCI,2026-02-20,90.0,0.02,1818,24,🚬菸屁股,HOLD,1
ONDS,2026-02-20,21.0,0.03,2148,24,🚬菸屁股,HOLD,1
SOFI,2026-02-20,38.0,0.08,1709,23,🚬菸屁股,HOLD,1
SOFI,2026-04-17,17.0,4.65,3420,23,🚬菸屁股,HOLD,1
U,2026-02-20,46.0,0.17,2971,23,🚬菸屁股,HOLD,1
HOOD,2026-02-06,130.0,0.01,2899,23,🚬菸屁股,HOLD,1
HOOD,2026-02-06,135.0,0.01,2300,23,🚬菸屁股,HOLD,1
ZM,2026-02-20,105.0,0.68,2748,23,🚬菸屁股,HOLD,1
XYZ,2026-02-20,75.0,0.07,3726,23,🚬菸屁股,HOLD,1
ONDS,2026-03-20,5.5,4.55,3318,23,🚬菸屁股,HOLD,1
ACHR,2026-04-17,22.0,0.06,7962,23,🚬菸屁股,HOLD,1
OKLO,2026-03-20,180.0,0.51,1522,22,🚬菸屁股,HOLD,1
DKNG,2026-02-20,50.0,0.02,9215,22,🚬菸屁股,HOLD,1
IREN,2026-02-20,105.0,0.33,3232,22,🚬菸屁股,HOLD,1
HOOD,2026-05-15,160.0,0.77,1813,22,🚬菸屁股,HOLD,1
SOFI,2026-02-20,17.0,4.0,2662,21,🚬菸屁股,HOLD,1
DKNG,2026-02-06,32.5,0.03,2259,21,🚬菸屁股,HOLD,1
U,2026-02-06,35.0,0.02,1659,21,🚬菸屁股,HOLD,1
SOFI,2026-03-20,34.0,0.14,3767,20,🚬菸屁股,HOLD,1
JOBY,2026-04-17,19.0,0.17,1754,20,🚬菸屁股,HOLD,1
NNE,2026-02-20,36.0,0.55,1702,20,🚬菸屁股,HOLD,1
U,2026-03-20,36.0,0.75,3736,19,🚬菸屁股,HOLD,1
TDOC,2026-03-20,7.0,0.15,1712,19,🚬菸屁股,HOLD,1
HIMS,2026-03-20,65.0,0.24,2118,19,🚬菸屁股,HOLD,1
OPEN,2026-02-06,8.0,0.05,3369,18,🚬菸屁股,HOLD,1
BEAM,2026-02-20,35.0,0.55,9744,18,🚬菸屁股,HOLD,1
VRT,2026-02-20,250.0,0.92,4543,18,🚬菸屁股,HOLD,1
IBIT,2026-02-20,56.5,0.06,18818,17,🚬菸屁股,HOLD,1
SOFI,2026-03-20,36.0,0.12,2813,17,🚬菸屁股,HOLD,1
IREN,2026-03-20,30.0,17.55,20146,17,🔥萬人塚,HOLD,1
XYZ,2026-03-20,100.0,0.14,4524,17,🚬菸屁股,HOLD,1
OPEN,2026-05-15,10.0,0.45,8064,17,🚬菸屁股,HOLD,1
CRWV,2026-03-20,155.0,0.91,2108,17,🚬菸屁股,HOLD,1
CRWV,2026-04-17,140.0,3.0,1885,17,🚬菸屁股,HOLD,1
PATH,2026-02-06,16.0,0.01,2047,16,🚬菸屁股,HOLD,1
HOOD,2026-02-06,160.0,0.01,1808,16,🚬菸屁股,HOLD,1
HOOD,2026-03-20,200.0,0.11,4097,16,🚬菸屁股,HOLD,1
XYZ,2026-02-20,80.0,0.16,1901,16,🚬菸屁股,HOLD,1
OPEN,2026-02-06,7.5,0.01,2798,16,🚬菸屁股,HOLD,1
HIMS,2026-05-15,60.0,0.75,2719,16,🚬菸屁股,HOLD,1
NNE,2026-02-20,32.0,1.25,3400,16,🚬菸屁股,HOLD,1
CRWV,2026-03-20,170.0,0.68,5622,16,🚬菸屁股,HOLD,1
NVDA,2026-03-20,115.0,60.6,23945,15,🔥萬人塚,HOLD,1
OKLO,2026-03-20,155.0,0.7,2932,15,🚬菸屁股,HOLD,1
DKNG,2026-02-06,31.0,0.05,7570,15,🚬菸屁股,HOLD,1
HOOD,2026-03-20,155.0,0.22,1748,15,🚬菸屁股,HOLD,1
XYZ,2026-03-20,105.0,0.23,1980,15,🚬菸屁股,HOLD,1
HIMS,2026-03-20,39.0,0.5,1741,15,🚬菸屁股,HOLD,1
JOBY,2026-02-06,15.0,0.01,1526,15,🚬菸屁股,HOLD,1
JOBY,2026-04-17,17.0,0.27,4522,15,🚬菸屁股,HOLD,1
CRWV,2026-02-20,160.0,0.1,1741,15,🚬菸屁股,HOLD,1
DKNG,2026-02-06,35.0,0.02,1846,14,🚬菸屁股,HOLD,1
DKNG,2026-03-20,45.0,0.11,8166,14,🚬菸屁股,HOLD,1
HIMS,2026-02-20,70.0,0.25,6778,14,🚬菸屁股,HOLD,1
IBIT,2026-02-13,60.0,0.01,16612,13,🚬菸屁股,HOLD,1
SMCI,2026-03-20,80.0,0.12,1786,13,🚬菸屁股,HOLD,1
SOFI,2026-03-20,44.0,0.08,3732,13,🚬菸屁股,HOLD,1
PATH,2026-02-20,30.0,0.1,2319,13,🚬菸屁股,HOLD,1
OPEN,2026-02-20,9.0,0.05,11890,13,🚬菸屁股,HOLD,1
BEAM,2026-02-20,25.0,4.0,9466,13,🚬菸屁股,HOLD,1
HIMS,2026-02-20,42.0,0.08,1678,13,🚬菸屁股,HOLD,1
HIMS,2026-03-20,100.0,0.09,2052,13,🚬菸屁股,HOLD,1
CRWV,2026-03-20,250.0,0.1,1983,13,🚬菸屁股,HOLD,1
IBIT,2026-02-13,59.0,0.01,19393,12,🚬菸屁股,HOLD,1
COIN,2026-05-15,370.0,1.12,11055,12,🚬菸屁股,HOLD,1
NBIS,2026-02-06,108.0,0.18,2037,12,🚬菸屁股,HOLD,1
U,2026-02-20,60.0,0.3,4476,12,🚬菸屁股,HOLD,1
PATH,2026-05-15,24.0,0.43,2959,12,🚬菸屁股,HOLD,1
ROKU,2026-02-20,130.0,0.56,1503,12,🚬菸屁股,HOLD,1
TDOC,2026-02-20,9.0,0.04,6206,12,🚬菸屁股,HOLD,1
ONDS,2026-02-06,16.0,0.01,1728,12,🚬菸屁股,HOLD,1
ACHR,2026-02-06,10.0,0.01,3311,12,🚬菸屁股,HOLD,1
OKLO,2026-03-20,165.0,0.67,2116,11,🚬菸屁股,HOLD,1
IONQ,2026-04-17,100.0,0.55,1507,11,🚬菸屁股,HOLD,1
SOFI,2026-02-20,42.0,0.02,6850,11,🚬菸屁股,HOLD,1
SOFI,2026-02-20,47.0,0.01,2274,11,🚬菸屁股,HOLD,1
DKNG,2026-05-15,45.0,0.42,1949,11,🚬菸屁股,HOLD,1
XYZ,2026-05-15,90.0,0.92,1651,11,🚬菸屁股,HOLD,1
BEAM,2026-02-20,30.0,1.4,2515,11,🚬菸屁股,HOLD,1
HIMS,2026-02-06,34.0,0.04,2247,11,🚬菸屁股,HOLD,1
HIMS,2026-03-20,70.0,0.14,6316,11,🚬菸屁股,HOLD,1
CRWV,2026-03-20,220.0,0.1,5782,11,🚬菸屁股,HOLD,1
NVDA,2026-03-20,420.0,0.01,18525,10,🚬菸屁股,HOLD,1
IBIT,2026-02-06,57.0,0.01,19073,10,🚬菸屁股,HOLD,1
IBIT,2026-03-20,68.0,0.09,13334,10,🚬菸屁股,HOLD,1
SOFI,2026-02-06,40.0,0.02,5713,10,🚬菸屁股,HOLD,1
DKNG,2026-03-20,52.5,0.15,1883,10,🚬菸屁股,HOLD,1
DKNG,2026-05-15,40.0,0.71,1518,10,🚬菸屁股,HOLD,1
U,2026-03-20,65.0,0.23,7199,10,🚬菸屁股,HOLD,1
PATH,2026-05-15,25.0,0.24,12925,10,🚬菸屁股,HOLD,1
JOBY,2026-02-06,13.0,0.01,3496,10,🚬菸屁股,HOLD,1
ACHR,2026-04-17,18.0,0.11,1928,10,🚬菸屁股,HOLD,1
COIN,2026-05-15,480.0,0.53,12044,9,🚬菸屁股,HOLD,1
UPST,2026-03-20,75.0,0.37,2383,9,🚬菸屁股,HOLD,1
SOFI,2026-02-20,36.0,0.08,2136,9,🚬菸屁股,HOLD,1
OPEN,2026-02-20,8.0,0.05,10840,9,🚬菸屁股,HOLD,1
OPEN,2026-02-20,13.0,0.04,10857,9,🚬菸屁股,HOLD,1
HIMS,2026-02-20,55.0,0.13,2642,9,🚬菸屁股,HOLD,1
LUNR,2026-02-06,23.5,0.11,1534,9,🚬菸屁股,HOLD,1
SMR,2026-02-06,25.0,0.03,1904,9,🚬菸屁股,HOLD,1
NNE,2026-04-17,35.0,2.5,1761,9,🚬菸屁股,HOLD,1
DKNG,2026-05-15,52.5,0.36,2479,8,🚬菸屁股,HOLD,1
NBIS,2026-02-06,120.0,0.05,1784,8,🚬菸屁股,HOLD,1
XYZ,2026-03-20,90.0,0.26,2448,8,🚬菸屁股,HOLD,1
OPEN,2026-02-06,8.5,0.01,1867,8,🚬菸屁股,HOLD,1
OPEN,2026-02-20,11.0,0.03,10231,8,🚬菸屁股,HOLD,1
ACHR,2026-04-17,20.0,0.08,4531,8,🚬菸屁股,HOLD,1
SMR,2026-03-20,60.0,0.19,2512,8,🚬菸屁股,HOLD,1
IBIT,2026-02-20,54.5,0.07,13631,7,🚬菸屁股,HOLD,1
SMCI,2026-02-20,70.0,0.05,3825,7,🚬菸屁股,HOLD,1
DKNG,2026-02-06,31.5,0.03,1640,7,🚬菸屁股,HOLD,1
OPEN,2026-02-20,12.0,0.03,4933,7,🚬菸屁股,HOLD,1
OPEN,2026-05-15,9.0,0.55,6359,7,🚬菸屁股,HOLD,1
SOFI,2026-03-20,38.0,0.14,2038,6,🚬菸屁股,HOLD,1
SOFI,2026-05-15,34.0,0.5,1895,6,🚬菸屁股,HOLD,1
DKNG,2026-03-20,50.0,0.08,5614,6,🚬菸屁股,HOLD,1
U,2026-02-13,40.0,0.36,3004,6,🚬菸屁股,HOLD,1
U,2026-02-20,41.0,0.3,1559,6,🚬菸屁股,HOLD,1
HOOD,2026-02-20,155.0,0.12,2892,6,🚬菸屁股,HOLD,1
ZM,2026-03-20,115.0,1.17,4698,6,🚬菸屁股,HOLD,1
ACHR,2026-02-20,12.0,0.05,3641,6,🚬菸屁股,HOLD,1
CRWV,2026-02-13,135.0,0.08,2694,6,🚬菸屁股,HOLD,1
IBIT,2026-02-13,53.5,0.03,18293,5,🚬菸屁股,HOLD,1
IBIT,2026-02-13,61.0,0.02,18152,5,🚬菸屁股,HOLD,1
IBIT,2026-02-20,80.0,0.01,10221,5,🚬菸屁股,HOLD,1
SMCI,2026-03-20,100.0,0.08,3160,5,🚬菸屁股,HOLD,1
OKLO,2026-03-20,220.0,0.33,2815,5,🚬菸屁股,HOLD,1
NBIS,2026-03-20,180.0,0.89,2287,5,🚬菸屁股,HOLD,1
ROKU,2026-03-20,115.0,2.38,1967,5,🚬菸屁股,HOLD,1
OPEN,2026-05-15,13.0,0.21,1592,5,🚬菸屁股,HOLD,1
HIMS,2026-03-20,90.0,0.2,4133,5,🚬菸屁股,HOLD,1
HIMS,2026-05-15,65.0,0.46,2305,5,🚬菸屁股,HOLD,1
ONDS,2026-02-06,15.5,0.01,3077,5,🚬菸屁股,HOLD,1
JOBY,2026-04-17,18.0,0.23,4206,5,🚬菸屁股,HOLD,1
SMCI,2026-03-20,90.0,0.12,3500,4,🚬菸屁股,HOLD,1
OKLO,2026-03-20,200.0,0.45,1808,4,🚬菸屁股,HOLD,1
SOFI,2026-02-06,33.0,0.01,1720,4,🚬菸屁股,HOLD,1
SOFI,2026-02-06,35.0,0.01,2092,4,🚬菸屁股,HOLD,1
SOFI,2026-03-20,37.0,0.11,1549,4,🚬菸屁股,HOLD,1
DKNG,2026-02-20,42.5,0.08,6152,4,🚬菸屁股,HOLD,1
NBIS,2026-03-20,155.0,0.77,1634,4,🚬菸屁股,HOLD,1
U,2026-02-20,43.0,0.72,2836,4,🚬菸屁股,HOLD,1
PATH,2026-02-20,22.0,0.02,7803,4,🚬菸屁股,HOLD,1
XYZ,2026-02-20,68.0,0.25,1801,4,🚬菸屁股,HOLD,1
XYZ,2026-03-20,125.0,0.1,7766,4,🚬菸屁股,HOLD,1
SMCI,2026-02-20,75.0,0.03,2015,3,🚬菸屁股,HOLD,1
U,2026-02-20,48.0,0.15,2323,3,🚬菸屁股,HOLD,1
U,2026-02-20,65.0,0.2,2569,3,🚬菸屁股,HOLD,1
U,2026-04-17,55.0,0.58,1830,3,🚬菸屁股,HOLD,1
PATH,2026-05-15,27.0,0.47,2428,3,🚬菸屁股,HOLD,1
TDOC,2026-02-20,8.0,0.03,4485,3,🚬菸屁股,HOLD,1
OPEN,2026-05-15,8.0,0.65,6188,3,🚬菸屁股,HOLD,1
CRSP,2026-04-17,70.0,1.95,1305,3,🚬菸屁股,HOLD,1
NTLA,2026-04-17,22.5,0.75,1292,3,🚬菸屁股,HOLD,1
NTLA,2026-07-17,15.0,3.4,1644,3,🚬菸屁股,HOLD,1
NNE,2026-04-17,32.0,3.4,3028,3,🚬菸屁股,HOLD,1
DKNG,2026-02-13,39.0,0.24,4823,2,🚬菸屁股,HOLD,1
NBIS,2026-03-20,195.0,1.2,2311,2,🚬菸屁股,HOLD,1
U,2026-02-20,44.0,0.26,2352,2,🚬菸屁股,HOLD,1
U,2026-03-20,60.0,0.2,2141,2,🚬菸屁股,HOLD,1
TDOC,2026-04-17,15.0,0.05,3301,2,🚬菸屁股,HOLD,1
XYZ,2026-03-20,95.0,0.18,1584,2,🚬菸屁股,HOLD,1
OPEN,2026-02-20,3.0,2.51,3867,2,🚬菸屁股,HOLD,1
OPEN,2026-02-20,5.0,0.6,6964,2,🚬菸屁股,HOLD,1
OPEN,2026-02-20,6.0,0.44,4618,2,🚬菸屁股,HOLD,1
OPEN,2026-05-15,14.0,0.3,1579,2,🚬菸屁股,HOLD,1
NTLA,2026-04-17,20.0,0.8,3724,2,🚬菸屁股,HOLD,1
HIMS,2026-02-20,44.0,0.15,3411,2,🚬菸屁股,HOLD,1
ONDS,2026-02-06,20.0,0.01,4168,2,🚬菸屁股,HOLD,1
JOBY,2026-02-06,16.0,1.0,1633,2,🚬菸屁股,HOLD,1
SMR,2026-03-20,85.0,0.06,2431,2,🚬菸屁股,HOLD,1
NVDA,2026-02-20,420.0,0.01,14589,1,🚬菸屁股,HOLD,1
MSTR,2026-03-20,700.0,0.07,10522,1,🚬菸屁股,HOLD,1
IBIT,2026-02-13,58.0,0.02,18674,1,🚬菸屁股,HOLD,1
VST,2026-02-20,215.0,0.39,3654,1,🚬菸屁股,HOLD,1
DKNG,2026-03-20,47.5,0.29,6634,1,🚬菸屁股,HOLD,1
DKNG,2026-03-20,55.0,0.07,1687,1,🚬菸屁股,HOLD,1
DKNG,2026-05-15,42.5,0.5,1889,1,🚬菸屁股,HOLD,1
IREN,2026-03-20,18.0,29.5,23613,1,🔥萬人塚,HOLD,1
U,2026-02-13,42.0,1.12,1765,1,🚬菸屁股,HOLD,1
U,2026-02-13,55.0,0.03,1953,1,🚬菸屁股,HOLD,1
U,2026-03-20,48.0,0.4,1554,1,🚬菸屁股,HOLD,1
PATH,2026-02-06,15.5,0.05,1870,1,🚬菸屁股,HOLD,1
PATH,2026-02-20,21.0,0.07,3508,1,🚬菸屁股,HOLD,1
HOOD,2026-03-20,290.0,0.03,10253,1,🚬菸屁股,HOLD,1
OPEN,2026-02-20,1.5,3.85,2155,1,🚬菸屁股,HOLD,1
OPEN,2026-02-20,11.0,0.03,5366,1,🚬菸屁股,HOLD,1
OPEN,2026-02-20,12.0,0.1,3979,1,🚬菸屁股,HOLD,1
NTLA,2026-04-17,10.0,3.7,3406,1,🚬菸屁股,HOLD,1
NTLA,2026-04-17,25.0,0.4,4689,1,🚬菸屁股,HOLD,1
NTLA,2026-04-17,35.0,0.4,1874,1,🚬菸屁股,HOLD,1
NTLA,2026-07-17,13.0,4.1,1465,1,🚬菸屁股,HOLD,1
HIMS,2026-02-20,100.0,0.08,1827,1,🚬菸屁股,HOLD,1
ACHR,2026-04-17,17.0,0.08,2187,1,🚬菸屁股,HOLD,1
TSLA,2026-02-20,990.0,0.01,18137,0,🚬菸屁股,HOLD,1
TSLA,2027-01-15,5.0,406.55,31442,0,🔥萬人塚,HOLD,1
MSTR,2026-02-06,310.0,0.01,11851,0,🚬菸屁股,HOLD,1
IBIT,2026-02-06,59.5,0.01,11109,0,🚬菸屁股,HOLD,1
IBIT,2027-01-15,5.0,38.15,20289,0,🔥萬人塚,HOLD,1
PLTR,2026-02-20,410.0,0.01,14368,0,🚬菸屁股,HOLD,1
PLTR,2026-03-20,370.0,0.03,15268,0,🚬菸屁股,HOLD,1
SMCI,2026-05-15,90.0,0.33,7000,0,🚬菸屁股,HOLD,1
IONQ,2026-04-17,90.0,0.72,1536,0,🚬菸屁股,HOLD,1
UPST,2026-03-20,100.0,0.29,1733,0,🚬菸屁股,HOLD,1
SOFI,2026-02-06,33.5,2.13,3245,0,🚬菸屁股,HOLD,1
SOFI,2026-05-15,39.0,0.34,1736,0,🚬菸屁股,HOLD,1
DKNG,2026-02-20,47.5,0.21,4264,0,🚬菸屁股,HOLD,1
DKNG,2026-02-20,52.5,0.45,3012,0,🚬菸屁股,HOLD,1
DKNG,2026-02-20,70.0,1.55,5623,0,🚬菸屁股,HOLD,1
DKNG,2026-03-20,60.0,0.06,2267,0,🚬菸屁股,HOLD,1
DKNG,2026-05-15,50.0,0.26,2906,0,🚬菸屁股,HOLD,1
IREN,2026-03-20,20.0,26.45,25910,0,🔥萬人塚,HOLD,1
U,2026-03-20,44.0,0.29,1875,0,🚬菸屁股,HOLD,1
U,2026-03-20,46.0,0.41,1814,0,🚬菸屁股,HOLD,1
U,2026-04-17,65.0,0.1,2793,0,🚬菸屁股,HOLD,1
PATH,2026-02-06,17.0,0.01,2551,0,🚬菸屁股,HOLD,1
PATH,2026-02-06,20.0,0.02,1553,0,🚬菸屁股,HOLD,1
PATH,2026-02-20,23.0,0.03,2048,0,🚬菸屁股,HOLD,1
PATH,2026-02-20,25.0,0.03,6622,0,🚬菸屁股,HOLD,1
PATH,2026-02-20,26.0,0.06,2822,0,🚬菸屁股,HOLD,1
PATH,2026-02-20,27.0,0.04,2806,0,🚬菸屁股,HOLD,1
PATH,2026-05-15,28.0,0.31,8388,0,🚬菸屁股,HOLD,1
HOOD,2026-02-20,185.0,0.09,1775,0,🚬菸屁股,HOLD,1
HOOD,2026-02-20,210.0,0.03,4435,0,🚬菸屁股,HOLD,1
HOOD,2026-02-20,280.0,0.1,2008,0,🚬菸屁股,HOLD,1
HOOD,2026-02-20,290.0,0.02,1817,0,🚬菸屁股,HOLD,1
HOOD,2026-03-20,220.0,0.09,2289,0,🚬菸屁股,HOLD,1
TDOC,2026-02-06,8.0,0.01,2960,0,🚬菸屁股,HOLD,1
TDOC,2026-07-17,13.0,0.15,2061,0,🚬菸屁股,HOLD,1
OPEN,2026-02-06,9.0,0.01,1729,0,🚬菸屁股,HOLD,1
OPEN,2026-02-20,1.5,0.0,2354,0,🚬菸屁股,HOLD,1
OPEN,2026-02-20,2.0,3.3,6946,0,🚬菸屁股,HOLD,1
OPEN,2026-02-20,4.0,1.58,8568,0,🚬菸屁股,HOLD,1
OPEN,2026-02-20,7.0,0.1,16363,0,🚬菸屁股,HOLD,1
OPEN,2026-02-20,15.0,0.04,9493,0,🚬菸屁股,HOLD,1
OPEN,2026-02-20,17.0,0.0,1505,0,🚬菸屁股,HOLD,1
OPEN,2026-02-20,20.0,0.0,5456,0,🚬菸屁股,HOLD,1
OPEN,2026-02-20,20.0,0.01,5047,0,🚬菸屁股,HOLD,1
OPEN,2026-02-20,21.0,0.0,15353,0,🚬菸屁股,HOLD,1
OPEN,2026-02-20,21.0,0.01,14204,0,🚬菸屁股,HOLD,1
OPEN,2026-05-15,3.0,2.42,2156,0,🚬菸屁股,HOLD,1
OPEN,2026-05-15,5.0,1.39,1787,0,🚬菸屁股,HOLD,1
OPEN,2026-05-15,6.0,1.0,1813,0,🚬菸屁股,HOLD,1
OPEN,2026-05-15,13.0,0.42,1529,0,🚬菸屁股,HOLD,1
OPEN,2026-05-15,17.0,0.0,15426,0,🚬菸屁股,HOLD,1
CRSP,2026-04-17,77.5,0.9,2029,0,🚬菸屁股,HOLD,1
NTLA,2026-02-20,17.0,0.5,1909,0,🚬菸屁股,HOLD,1
NTLA,2026-07-17,18.0,2.25,5570,0,🚬菸屁股,HOLD,1
NTLA,2026-07-17,19.0,2.25,2074,0,🚬菸屁股,HOLD,1
PACB,2026-02-20,3.0,0.1,2354,0,🚬菸屁股,HOLD,1
HIMS,2026-03-20,95.0,0.3,3325,0,🚬菸屁股,HOLD,1
JOBY,2026-04-17,26.0,0.32,3462,0,🚬菸屁股,HOLD,1
JOBY,2026-04-17,30.0,0.1,4115,0,🚬菸屁股,HOLD,1
ACHR,2026-04-17,16.0,0.17,6594,0,🚬菸屁股,HOLD,1
SMR,2026-02-20,46.0,0.5,1532,0,🚬菸屁股,HOLD,1
SMR,2026-02-20,50.0,0.06,6141,0,🚬菸屁股,HOLD,1
SMR,2026-03-20,65.0,0.18,3101,0,🚬菸屁股,HOLD,1
NNE,2026-02-20,45.0,0.25,3433,0,🚬菸屁股,HOLD,1
CRWV,2026-02-06,144.0,0.05,1564,0,🚬菸屁股,HOLD,1
CRWV,2026-02-20,200.0,0.02,1562,0,🚬菸屁股,HOLD,1
CRWV,2026-03-20,280.0,0.09,3184,0,🚬菸屁股,HOLD,1
CRWV,2026-04-17,160.0,2.1,1775,0,🚬菸屁股,HOLD,1
