Stock,Expiry,Strike,Ask,OpenInterest,Volume,IV,DTE,Spot,Bid,AskReal,LastTradeAt,Tags,Action,Score
PCG,2026-12-18,20.0,0.4,19342,91368,64.3558251953125,97,14.03,0.38,0.45,2026-09-10 19:13:41,🚨異常掃貨 🚀點火(>50x) 🚬菸屁股,STRONG_BUY,9
GOOGL,2026-09-18,400.0,0.13,23707,45473,55.273884765625006,6,332.6,0.11,0.14,2026-09-10 19:59:52,🚨異常掃貨 🚀點火(19.7x) 🚬菸屁股,STRONG_BUY,9
OPEN,2026-09-18,3.0,0.05,4018,5180,76.562734375,6,2.8,0.05,0.06,2026-09-10 19:59:14,🚨異常掃貨 🚀點火(2.6x) 🚬菸屁股,STRONG_BUY,9
HIMS,2026-09-18,29.0,0.6,1706,5073,71.48466015625,6,27.44,0.55,0.59,2026-09-10 19:59:23,🚨異常掃貨 🚀點火(4.3x) 🚬菸屁股,STRONG_BUY,9
WMT,2026-09-18,107.0,0.96,1834,2252,24.219507812499998,6,105.73,0.91,0.97,2026-09-10 19:59:59,🚨異常掃貨 🆕新倉暴量 🚬菸屁股,STRONG_BUY,9
BEAM,2026-09-18,26.0,0.45,1012,1256,78.2228740234375,6,24.37,0.25,0.8,2026-09-10 16:55:14,🚨異常掃貨 🆕新倉暴量 🚬菸屁股,STRONG_BUY,9
AAPL,2026-09-11,330.0,0.98,34316,224748,33.71648315429688,-1,326.57,0.95,0.99,2026-09-10 19:59:59,🎲末日結算 🚨異常掃貨 🚀點火(3.8x) 🚬菸屁股 🔥萬人塚 🏛️機構場,GAMBLE,8
PCG,2026-12-18,15.0,1.34,29603,51131,61.27968408203126,97,14.03,1.28,1.51,2026-09-10 19:57:09,🚨異常掃貨 🆕新倉暴量,STRONG_BUY,8
IBIT,2026-10-16,48.0,0.75,85068,40791,40.38145556640625,34,43.68,0.74,0.77,2026-09-10 20:09:28,🚀點火(21.7x) 🚬菸屁股 🔥萬人塚,BUY_WATCH,8
NVDA,2026-12-18,245.0,8.44,9924,40639,39.63683410644532,97,218.36,8.35,8.6,2026-09-10 19:59:26,🚨異常掃貨 🆕新倉暴量,STRONG_BUY,8
PLTR,2026-09-18,170.0,2.98,11911,15634,48.828636718750005,6,165.86,2.95,3.05,2026-09-10 19:59:52,🚨異常掃貨 🆕新倉暴量,STRONG_BUY,8
PLTR,2026-09-18,175.0,1.64,11826,15414,50.02491381835939,6,165.86,1.58,1.73,2026-09-10 19:59:21,🚨異常掃貨 🚀點火(3.0x),STRONG_BUY,8
TSLA,2026-09-18,370.0,6.32,10477,14202,42.542078491210944,6,363.56,6.25,6.35,2026-09-10 19:59:34,🚨異常掃貨 🆕新倉暴量,STRONG_BUY,8
TSLA,2026-09-18,390.0,1.72,10613,13562,43.848217773437504,6,363.56,1.7,1.74,2026-09-10 19:59:46,🚨異常掃貨 🆕新倉暴量,STRONG_BUY,8
IBIT,2026-09-18,45.0,0.53,58067,11017,41.01621484375,6,43.68,0.53,0.54,2026-09-10 20:14:57,🚀點火(3.1x) 🚬菸屁股 🔥萬人塚,BUY_WATCH,8
PCG,2026-12-18,17.0,0.84,40204,10102,62.109753906250006,97,14.03,0.8,0.89,2026-09-10 19:58:03,🚀點火(>50x) 🚬菸屁股 🔥萬人塚,BUY_WATCH,8
META,2026-10-16,765.0,3.95,4670,9260,41.72421557617187,34,644.38,3.9,4.1,2026-09-10 19:59:08,🚨異常掃貨 🆕新倉暴量,STRONG_BUY,8
IBIT,2026-10-16,47.0,0.95,42207,8793,40.28380029296875,34,43.68,0.97,1.0,2026-09-10 19:59:45,🚀點火(2.6x) 🚬菸屁股 🔥萬人塚,BUY_WATCH,8
GOOGL,2026-09-18,335.0,4.85,2366,5866,30.55489367675781,6,332.6,4.75,4.9,2026-09-10 19:59:57,🚨異常掃貨 🚀點火(2.9x),STRONG_BUY,8
GOOGL,2026-09-18,337.5,3.95,1910,3068,31.568067138671868,6,332.6,3.8,4.1,2026-09-10 19:59:04,🚨異常掃貨 🆕新倉暴量,STRONG_BUY,8
GOOGL,2026-09-18,342.5,2.44,869,2710,31.17744604492187,6,332.6,2.35,2.48,2026-09-10 19:59:25,🚨異常掃貨 🆕新倉暴量,STRONG_BUY,8
IBIT,2027-01-15,60.0,0.73,49539,2241,45.09332250976563,125,43.68,0.72,0.77,2026-09-10 19:52:47,🚀點火(19.7x) 🚬菸屁股 🔥萬人塚,BUY_WATCH,8
META,2027-01-15,1200.0,1.17,1564,1939,47.77884252929688,125,644.38,1.05,1.18,2026-09-10 19:12:30,🚨異常掃貨 🆕新倉暴量,STRONG_BUY,8
OPEN,2028-01-21,7.0,0.6,31431,1746,100.09815576171874,496,2.8,0.57,0.59,2026-09-10 19:52:27,🚀點火(15.9x) 🔭LEAPS 🔥萬人塚,BUY_WATCH,8
ONDS,2028-01-21,30.0,0.69,77072,1662,93.8477177734375,496,7.25,0.63,0.71,2026-09-10 19:57:50,🚀點火(7.3x) 🔭LEAPS 🔥萬人塚,BUY_WATCH,8
OPEN,2028-01-21,15.0,0.31,32568,1530,109.57076464843752,496,2.8,0.3,0.34,2026-09-10 19:58:17,🚀點火(6.0x) 🔭LEAPS 🔥萬人塚,BUY_WATCH,8
HOOD,2026-09-18,123.0,1.35,937,1131,66.11362011718751,6,113.33,1.2,1.4,2026-09-10 19:59:04,🚨異常掃貨 🆕新倉暴量,STRONG_BUY,8
F,2026-09-18,16.0,0.02,33043,713,54.68795312500001,6,13.88,0.0,0.02,2026-09-10 19:38:17,🚀點火(7.3x) 🚬菸屁股 🔥萬人塚,BUY_WATCH,8
OKLO,2026-12-18,90.0,0.72,30676,618,98.242205078125,97,39.88,0.67,0.75,2026-09-10 19:54:10,🚀點火(2.8x) 🚬菸屁股 🔥萬人塚,BUY_WATCH,8
IBIT,2027-01-15,100.0,0.11,42477,316,63.086306640625,125,43.68,0.1,0.12,2026-09-10 18:53:17,🚀點火(7.9x) 🚬菸屁股 🔥萬人塚,BUY_WATCH,8
ONDS,2027-01-15,20.0,0.11,39201,268,98.437515625,125,7.25,0.1,0.12,2026-09-10 19:50:53,🚀點火(3.3x) 🚬菸屁股 🔥萬人塚,BUY_WATCH,8
IBIT,2026-12-18,55.0,0.87,45751,231,43.79939013671875,97,43.68,0.86,0.91,2026-09-10 19:52:45,🚀點火(2.7x) 🚬菸屁股 🔥萬人塚,BUY_WATCH,8
TSLA,2027-01-15,960.0,0.47,111364,167,66.35775830078127,125,363.56,0.45,0.52,2026-09-10 19:51:59,🚀點火(2.8x) 🚬菸屁股 🔥萬人塚,BUY_WATCH,8
IBIT,2026-10-16,54.0,0.18,38195,165,44.434149414062496,34,43.68,0.17,0.19,2026-09-10 19:48:37,🚀點火(3.1x) 🚬菸屁股 🔥萬人塚,BUY_WATCH,8
AAPL,2026-10-16,340.0,5.52,15611,111857,26.31299273681641,34,326.57,5.45,5.55,2026-09-10 19:59:59,🚨異常掃貨 🚀點火(28.9x) 🏛️機構場,STRONG_BUY,7
NVDA,2026-09-18,230.0,0.88,59663,61474,34.0826904296875,6,218.36,0.87,0.89,2026-09-10 19:59:57,🚀點火(3.7x) 🚬菸屁股 🔥萬人塚 🏛️機構場,BUY_WATCH,7
AAPL,2026-09-11,335.0,0.26,13948,53364,36.2311064453125,-1,326.57,0.25,0.26,2026-09-10 19:59:59,🎲末日結算 🚨異常掃貨 🚀點火(4.1x) 🚬菸屁股,GAMBLE,7
NVDA,2026-09-18,222.5,2.67,6334,46139,34.656415161132806,6,218.36,2.71,2.74,2026-09-10 19:59:27,🚨異常掃貨 🆕新倉暴量 🏛️機構場,STRONG_BUY,7
WMT,2026-09-11,109.0,0.01,3864,44217,30.86006640625,-1,105.73,0.01,0.02,2026-09-10 19:59:53,🎲末日結算 🚨異常掃貨 🆕新倉暴量 🚬菸屁股,GAMBLE,7
TSLA,2026-09-11,372.5,0.99,6797,39827,51.514156738281244,-1,363.56,0.99,1.0,2026-09-10 19:59:58,🎲末日結算 🚨異常掃貨 🆕新倉暴量 🚬菸屁股,GAMBLE,7
META,2026-09-11,665.0,0.92,3643,26145,49.63429272460938,-1,644.38,0.9,0.93,2026-09-10 19:59:58,🎲末日結算 🚨異常掃貨 🚀點火(4.1x) 🚬菸屁股,GAMBLE,7
TSLA,2026-09-11,377.5,0.43,5613,25180,53.51608984375,-1,363.56,0.42,0.44,2026-09-10 19:59:58,🎲末日結算 🚨異常掃貨 🆕新倉暴量 🚬菸屁股,GAMBLE,7
META,2026-09-11,675.0,0.32,1847,24557,52.19774365234374,-1,644.38,0.32,0.34,2026-09-10 19:59:54,🎲末日結算 🚨異常掃貨 🆕新倉暴量 🚬菸屁股,GAMBLE,7
META,2026-09-11,670.0,0.56,3171,20170,50.73291455078125,-1,644.38,0.54,0.56,2026-09-10 19:59:55,🎲末日結算 🚨異常掃貨 🆕新倉暴量 🚬菸屁股,GAMBLE,7
F,2026-09-11,14.0,0.09,8273,14200,52.3442265625,-1,13.88,0.08,0.1,2026-09-10 19:59:59,🎲末日結算 🚨異常掃貨 🆕新倉暴量 🚬菸屁股,GAMBLE,7
META,2026-09-11,680.0,0.22,3067,12975,54.883263671875014,-1,644.38,0.2,0.25,2026-09-10 19:59:53,🎲末日結算 🚨異常掃貨 🆕新倉暴量 🚬菸屁股,GAMBLE,7
WMT,2026-09-11,107.0,0.16,2668,10520,27.149166015625,-1,105.73,0.15,0.17,2026-09-10 19:59:41,🎲末日結算 🚨異常掃貨 🚀點火(2.7x) 🚬菸屁股,GAMBLE,7
AAPL,2026-09-11,342.5,0.03,5573,6896,40.430283203125,-1,326.57,0.02,0.03,2026-09-10 19:59:56,🎲末日結算 🚨異常掃貨 🆕新倉暴量 🚬菸屁股,GAMBLE,7
TSLA,2026-09-11,387.5,0.1,5399,6756,60.35195898437502,-1,363.56,0.09,0.1,2026-09-10 19:59:24,🎲末日結算 🚨異常掃貨 🆕新倉暴量 🚬菸屁股,GAMBLE,7
META,2026-09-11,690.0,0.1,2484,6441,58.39885351562499,-1,644.38,0.08,0.1,2026-09-10 19:59:58,🎲末日結算 🚨異常掃貨 🆕新倉暴量 🚬菸屁股,GAMBLE,7
GOOG,2026-09-11,335.0,0.85,5159,6264,36.499658447265624,-1,330.39,0.82,0.87,2026-09-10 19:59:57,🎲末日結算 🚨異常掃貨 🆕新倉暴量 🚬菸屁股,GAMBLE,7
AVGO,2026-09-11,370.0,0.65,4574,5800,45.654840332031256,-1,360.83,0.62,0.66,2026-09-10 19:59:59,🎲末日結算 🚨異常掃貨 🆕新倉暴量 🚬菸屁股,GAMBLE,7
META,2026-09-11,685.0,0.13,1257,5504,56.836369140624996,-1,644.38,0.13,0.16,2026-09-10 19:59:57,🎲末日結算 🚨異常掃貨 🆕新倉暴量 🚬菸屁股,GAMBLE,7
WMT,2026-09-11,111.0,0.01,2863,5071,41.4068359375,-1,105.73,0.0,0.01,2026-09-10 19:31:59,🎲末日結算 🚨異常掃貨 🆕新倉暴量 🚬菸屁股,GAMBLE,7
META,2026-09-11,695.0,0.08,1441,3998,62.69568554687501,-1,644.38,0.07,0.09,2026-09-10 19:59:02,🎲末日結算 🚨異常掃貨 🆕新倉暴量 🚬菸屁股,GAMBLE,7
META,2026-09-11,677.5,0.28,862,3452,53.12546875,-1,644.38,0.23,0.29,2026-09-10 19:59:40,🎲末日結算 🚨異常掃貨 🆕新倉暴量 🚬菸屁股,GAMBLE,7
RDDT,2026-09-11,160.0,0.93,2638,3324,77.29514892578125,-1,155.34,0.81,0.92,2026-09-10 19:59:41,🎲末日結算 🚨異常掃貨 🆕新倉暴量 🚬菸屁股,GAMBLE,7
AVGO,2026-09-11,372.5,0.41,1506,3237,47.41263525390625,-1,360.83,0.38,0.43,2026-09-10 19:58:52,🎲末日結算 🚨異常掃貨 🆕新倉暴量 🚬菸屁股,GAMBLE,7
AAPL,2026-11-20,400.0,0.93,35002,2630,28.076891113281242,69,326.57,0.9,0.95,2026-09-10 19:58:28,🚀點火(3.3x) 🚬菸屁股 🔥萬人塚 🏛️機構場,BUY_WATCH,7
AVGO,2026-09-11,377.5,0.16,773,1747,51.8559501953125,-1,360.83,0.12,0.2,2026-09-10 19:58:57,🎲末日結算 🚨異常掃貨 🆕新倉暴量 🚬菸屁股,GAMBLE,7
RDDT,2026-09-11,162.5,0.48,923,1330,79.0041162109375,-1,155.34,0.42,0.5,2026-09-10 19:59:34,🎲末日結算 🚨異常掃貨 🆕新倉暴量 🚬菸屁股,GAMBLE,7
PATH,2026-09-11,14.0,0.15,849,1223,77.3439765625,-1,13.87,0.15,0.18,2026-09-10 19:59:49,🎲末日結算 🚨異常掃貨 🆕新倉暴量 🚬菸屁股,GAMBLE,7
MSFT,2026-12-18,675.0,0.85,37432,71,30.811238769531247,97,492.44,0.74,0.86,2026-09-10 16:33:48,🚀點火(3.2x) 🚬菸屁股 🔥萬人塚 🏛️機構場,BUY_WATCH,7
NVDA,2026-09-11,220.0,1.16,10557,172794,40.77207666015625,-1,218.36,1.15,1.16,2026-09-10 19:59:58,🎲末日結算 🚨異常掃貨 🚀點火(23.7x),GAMBLE,6
AAPL,2026-09-11,322.5,4.95,5923,158578,36.08462353515625,-1,326.57,4.8,5.0,2026-09-10 19:59:57,🎲末日結算 🚨異常掃貨 🆕新倉暴量,GAMBLE,6
AAPL,2026-09-11,332.5,0.49,10618,91493,34.76627734375,-1,326.57,0.49,0.51,2026-09-10 19:59:59,🎲末日結算 🚨異常掃貨 🚀點火(7.0x) 🚬菸屁股 🏛️機構場,GAMBLE,6
TSLA,2026-09-11,367.5,2.2,5866,73529,50.56201782226562,-1,363.56,2.19,2.22,2026-09-10 19:59:58,🎲末日結算 🚨異常掃貨 🚀點火(4.0x),GAMBLE,6
TSLA,2026-09-11,365.0,3.11,5757,68619,50.31787963867188,-1,363.56,3.1,3.2,2026-09-10 19:59:57,🎲末日結算 🚨異常掃貨 🆕新倉暴量,GAMBLE,6
NVDA,2026-09-11,227.5,0.08,55965,58232,45.313046875000005,-1,218.36,0.07,0.09,2026-09-10 19:59:58,🎲末日結算 🆕新倉暴量 🚬菸屁股 🔥萬人塚,GAMBLE,6
NVDA,2026-09-11,232.5,0.03,51002,51535,55.469195312500005,-1,218.36,0.03,0.04,2026-09-10 19:59:58,🎲末日結算 🚀點火(2.7x) 🚬菸屁股 🔥萬人塚,GAMBLE,6
META,2026-09-11,660.0,1.53,7067,32489,48.68215380859375,-1,644.38,1.52,1.55,2026-09-10 19:59:58,🎲末日結算 🚨異常掃貨 🆕新倉暴量,GAMBLE,6
AAPL,2026-09-11,317.5,9.31,9974,28477,45.0200810546875,-1,326.57,9.15,9.5,2026-09-10 19:59:29,🎲末日結算 🚨異常掃貨 🆕新倉暴量,GAMBLE,6
META,2026-09-11,655.0,2.48,1641,26186,48.1450498046875,-1,644.38,2.45,2.55,2026-09-10 19:59:55,🎲末日結算 🚨異常掃貨 🆕新倉暴量,GAMBLE,6
TSLA,2026-09-11,360.0,5.86,5869,24928,51.123535644531245,-1,363.56,5.85,5.95,2026-09-10 19:59:56,🎲末日結算 🚨異常掃貨 🚀點火(3.4x),GAMBLE,6
ORCL,2026-09-18,170.0,5.06,18591,24244,123.02284582519532,6,152.94,5.0,5.2,2026-09-10 19:59:59,🚨異常掃貨 🆕新倉暴量 ⚠️暴動高IV(123%),STRONG_BUY,6
ACHR,2027-01-15,9.0,0.28,27093,23503,82.81267187499999,125,5.45,0.25,0.28,2026-09-10 19:59:04,🚀點火(21.3x) 🚬菸屁股,BUY_WATCH,6
GOOGL,2026-09-11,330.0,4.0,9888,22887,36.7193828125,-1,332.6,3.85,4.05,2026-09-10 19:59:50,🎲末日結算 🚨異常掃貨 🆕新倉暴量,GAMBLE,6
GOOGL,2026-09-11,332.5,2.53,8996,22639,36.133451171874995,-1,332.6,2.44,2.56,2026-09-10 19:59:58,🎲末日結算 🚨異常掃貨 🆕新倉暴量,GAMBLE,6
META,2026-09-11,650.0,3.9,7475,19130,48.31594653320313,-1,644.38,3.9,4.1,2026-09-10 19:59:58,🎲末日結算 🚨異常掃貨 🆕新倉暴量,GAMBLE,6
META,2026-09-11,652.5,3.2,1794,11876,47.7544287109375,-1,644.38,3.1,3.2,2026-09-10 19:59:53,🎲末日結算 🚨異常掃貨 🆕新倉暴量,GAMBLE,6
SOFI,2026-10-16,19.0,0.48,12016,11656,51.07470800781251,34,17.21,0.47,0.48,2026-09-10 19:59:35,🚀點火(8.9x) 🚬菸屁股,BUY_WATCH,6
TSLA,2026-09-18,400.0,0.87,26643,11312,45.06890869140625,6,363.56,0.86,0.87,2026-09-10 19:59:40,🆕新倉暴量 🚬菸屁股,BUY_WATCH,6
META,2026-09-11,657.5,1.96,847,11301,48.21829125976563,-1,644.38,1.92,1.98,2026-09-10 19:59:53,🎲末日結算 🚨異常掃貨 🆕新倉暴量,GAMBLE,6
AMZN,2026-09-18,265.0,0.84,22981,10679,31.78779150390625,6,251.89,0.82,0.87,2026-09-10 19:59:10,🆕新倉暴量 🚬菸屁股,BUY_WATCH,6
NVDA,2026-09-11,215.0,4.1,6015,10582,45.2153916015625,-1,218.36,4.05,4.15,2026-09-10 19:59:58,🎲末日結算 🚨異常掃貨 🆕新倉暴量,GAMBLE,6
PLTR,2026-09-18,190.0,0.26,14924,6672,53.613745117187506,6,165.86,0.24,0.26,2026-09-10 19:59:50,🚀點火(3.6x) 🚬菸屁股,BUY_WATCH,6
AVGO,2026-09-11,365.0,1.73,2322,5192,45.9966337890625,-1,360.83,1.6,1.79,2026-09-10 19:59:43,🎲末日結算 🚨異常掃貨 🆕新倉暴量,GAMBLE,6
IBIT,2026-10-16,49.0,0.57,10765,4907,40.57676611328125,34,43.68,0.56,0.59,2026-09-10 19:51:39,🚀點火(9.3x) 🚬菸屁股,BUY_WATCH,6
ONDS,2026-09-18,7.5,0.22,2430,4618,73.437765625,6,7.25,0.2,0.22,2026-09-10 19:58:44,🚨異常掃貨 🚬菸屁股,STRONG_BUY,6
PCG,2027-01-15,18.0,0.79,15773,4485,63.232789550781256,125,14.03,0.74,1.03,2026-09-10 19:59:36,🆕新倉暴量 🚬菸屁股,BUY_WATCH,6
SOFI,2026-09-18,17.5,0.38,2586,4425,50.0005,6,17.21,0.37,0.38,2026-09-10 19:59:27,🚨異常掃貨 🚬菸屁股,STRONG_BUY,6
HIMS,2026-09-18,28.0,0.88,1965,4193,72.07059179687501,6,27.44,0.82,1.02,2026-09-10 19:58:55,🚨異常掃貨 🚬菸屁股,STRONG_BUY,6
WMT,2026-09-18,110.0,0.27,18628,3881,25.00075,6,105.73,0.27,0.29,2026-09-10 19:59:33,🚀點火(3.0x) 🚬菸屁股,BUY_WATCH,6
AMZN,2026-09-11,247.5,4.85,1313,3500,44.58063232421875,-1,251.89,4.75,5.15,2026-09-10 19:57:55,🎲末日結算 🚨異常掃貨 🆕新倉暴量,GAMBLE,6
OPEN,2027-02-19,7.0,0.12,3765,3405,103.51610742187502,160,2.8,0.12,0.13,2026-09-10 19:22:37,🚀點火(16.4x) 🚬菸屁股,BUY_WATCH,6
AVGO,2026-09-11,367.5,1.1,1862,3111,46.19194433593751,-1,360.83,1.0,1.14,2026-09-10 19:59:31,🎲末日結算 🚨異常掃貨 🆕新倉暴量,GAMBLE,6
ONDS,2027-01-15,11.0,0.53,7371,3042,88.08605664062499,125,7.25,0.51,0.58,2026-09-10 19:20:00,🚀點火(2.8x) 🚬菸屁股,BUY_WATCH,6
WMT,2026-10-16,115.0,0.55,15776,2583,24.219507812499998,34,105.73,0.54,0.57,2026-09-10 19:57:38,🚀點火(3.6x) 🚬菸屁股,BUY_WATCH,6
TSLA,2026-09-18,450.0,0.13,24526,2359,61.914443359375014,6,363.56,0.12,0.13,2026-09-10 19:59:08,🚀點火(2.8x) 🚬菸屁股,BUY_WATCH,6
NVDA,2026-10-16,265.0,0.5,11253,2351,36.255520263671876,34,218.36,0.48,0.5,2026-09-10 19:59:36,🚀點火(3.4x) 🚬菸屁股,BUY_WATCH,6
NVDA,2026-09-18,275.0,0.02,11689,2344,55.469195312500005,6,218.36,0.01,0.02,2026-09-10 19:54:39,🚀點火(6.5x) 🚬菸屁股,BUY_WATCH,6
GOOGL,2026-09-18,385.0,0.18,9936,2295,49.31691308593751,6,332.6,0.17,0.22,2026-09-10 19:50:56,🚀點火(9.6x) 🚬菸屁股,BUY_WATCH,6
AMZN,2026-09-18,267.5,0.6,2877,2275,32.17841259765625,6,251.89,0.57,0.61,2026-09-10 19:59:33,🚀點火(2.5x) 🚬菸屁股,BUY_WATCH,6
IREN,2028-01-21,140.0,6.1,11413,2252,94.76323596191408,496,43.64,5.5,6.3,2026-09-10 17:45:16,🚀點火(3.2x) 🔭LEAPS,BUY_WATCH,6
INTC,2028-01-21,100.0,33.2,13515,2184,72.27810925292968,496,100.32,32.45,33.4,2026-09-10 19:55:19,🚀點火(10.5x) 🔭LEAPS,BUY_WATCH,6
AVGO,2026-09-11,362.5,2.59,1388,2113,45.43511596679687,-1,360.83,2.41,2.66,2026-09-10 19:59:54,🎲末日結算 🚨異常掃貨 🆕新倉暴量,GAMBLE,6
RDDT,2026-09-11,157.5,1.7,1381,2083,75.4885263671875,-1,155.34,1.47,1.6,2026-09-10 19:58:45,🎲末日結算 🚨異常掃貨 🆕新倉暴量,GAMBLE,6
CRWV,2026-09-18,92.0,3.0,1058,1848,80.39570385742188,6,89.12,2.92,3.1,2026-09-10 19:59:24,🚨異常掃貨 🆕新倉暴量 ⚠️暴動高IV(80%),STRONG_BUY,6
PATH,2026-09-18,14.0,0.49,5716,1742,61.71913281250001,6,13.87,0.42,0.47,2026-09-10 19:59:25,🆕新倉暴量 🚬菸屁股,BUY_WATCH,6
GOOGL,2026-09-18,362.5,0.47,4124,1443,37.94007373046875,6,332.6,0.46,0.53,2026-09-10 19:46:57,🚀點火(19.0x) 🚬菸屁股,BUY_WATCH,6
SMCI,2026-09-18,39.5,0.76,912,1349,69.82452050781251,6,37.38,0.73,0.76,2026-09-10 19:59:02,🚨異常掃貨 🚬菸屁股,STRONG_BUY,6
GOOG,2026-09-18,380.0,0.2,6358,1325,47.26615234375,6,330.39,0.14,0.21,2026-09-10 19:51:56,🚀點火(3.8x) 🚬菸屁股,BUY_WATCH,6
GOOGL,2026-09-11,327.5,5.9,780,1321,41.4068359375,-1,332.6,4.55,6.1,2026-09-10 19:59:30,🎲末日結算 🚨異常掃貨 🆕新倉暴量,GAMBLE,6
ARM,2026-09-18,300.0,0.92,6126,1281,75.04907763671875,6,254.18,0.88,0.95,2026-09-10 19:59:32,🆕新倉暴量 🚬菸屁股,BUY_WATCH,6
OPEN,2028-01-21,3.0,1.14,4283,1189,92.9688203125,496,2.8,1.05,1.15,2026-09-10 19:56:44,🚀點火(5.6x) 🔭LEAPS,BUY_WATCH,6
IONQ,2026-09-18,41.5,0.37,1206,1160,79.1994267578125,6,36.84,0.31,0.43,2026-09-10 19:56:31,🚀點火(9.0x) 🚬菸屁股,BUY_WATCH,6
F,2026-09-18,13.5,0.52,989,1155,41.602146484375,6,13.88,0.51,0.56,2026-09-10 19:57:01,🆕新倉暴量 🚬菸屁股,BUY_WATCH,6
WMT,2026-09-18,109.0,0.42,3087,1094,24.585715087890627,6,105.73,0.4,0.44,2026-09-10 19:59:20,🚀點火(4.6x) 🚬菸屁股,BUY_WATCH,6
OPEN,2027-02-19,3.0,0.6,1806,1083,104.68797656250001,160,2.8,0.55,0.84,2026-09-10 18:38:20,🚀點火(3.9x) 🚬菸屁股,BUY_WATCH,6
JOBY,2027-01-15,11.0,0.2,1058,1077,75.39087109375001,125,6.31,0.15,0.22,2026-09-10 19:42:47,🚀點火(3.3x) 🚬菸屁股,BUY_WATCH,6
PCG,2026-09-18,14.0,0.42,5521,1076,57.42230078125,6,14.03,0.36,0.49,2026-09-10 19:47:03,🚀點火(4.7x) 🚬菸屁股,BUY_WATCH,6
PCG,2026-09-18,18.0,0.03,81800,1050,89.84385156249999,6,14.03,0.02,0.03,2026-09-10 18:53:33,🚀點火(36.2x) 🚬菸屁股 🔥萬人塚 ⚠️暴動高IV(90%),BUY_WATCH,6
BRZE,2026-09-18,25.0,0.6,855,947,61.52382226562501,6,24.265,0.5,0.65,2026-09-10 19:57:16,🆕新倉暴量 🚬菸屁股,BUY_WATCH,6
WMT,2027-01-15,135.0,0.63,19189,924,28.36985693359374,125,105.73,0.6,0.64,2026-09-10 19:56:12,🚀點火(13.0x) 🚬菸屁股,BUY_WATCH,6
OPEN,2027-02-19,10.0,0.04,1770,901,140.625296875,160,2.8,0.04,0.33,2026-09-10 19:28:07,🚀點火(3.8x) 🚬菸屁股,BUY_WATCH,6
JOBY,2028-01-21,32.0,0.28,9995,833,86.914193359375,496,6.31,0.25,0.36,2026-09-10 19:49:16,🚀點火(7.0x) 🔭LEAPS,BUY_WATCH,6
RKLB,2026-09-18,68.0,0.77,765,687,71.9729365234375,6,61.96,0.71,0.75,2026-09-10 19:57:07,🆕新倉暴量 🚬菸屁股,BUY_WATCH,6
ORCL,2026-12-18,340.0,0.67,1810,687,76.58714819335938,97,152.94,0.4,1.11,2026-09-10 19:51:38,🆕新倉暴量 🚬菸屁股,BUY_WATCH,6
XYZ,2026-09-18,83.0,0.59,868,657,42.0904228515625,6,79.07,0.53,0.63,2026-09-10 19:59:22,🚀點火(8.9x) 🚬菸屁股,BUY_WATCH,6
AVGO,2026-12-18,700.0,0.37,1006,651,53.027813476562514,97,360.83,0.17,0.58,2026-09-10 19:35:11,🆕新倉暴量 🚬菸屁股,BUY_WATCH,6
VST,2026-09-18,165.0,0.34,4439,611,50.48877636718749,6,147.05,0.27,0.31,2026-09-10 19:38:05,🚀點火(9.4x) 🚬菸屁股,BUY_WATCH,6
SOFI,2026-12-18,24.0,0.47,16087,605,60.058993164062514,97,17.21,0.46,0.47,2026-09-10 19:51:03,🚀點火(6.5x) 🚬菸屁股,BUY_WATCH,6
OPEN,2028-01-21,4.0,0.9,12430,566,96.87503124999999,496,2.8,0.9,0.94,2026-09-10 19:51:10,🚀點火(5.4x) 🔭LEAPS,BUY_WATCH,6
TSLA,2028-01-21,500.0,50.13,6689,554,52.837843452453626,496,363.56,49.15,49.9,2026-09-10 19:15:24,🚀點火(9.9x) 🔭LEAPS,BUY_WATCH,6
SMCI,2027-01-15,95.0,0.46,946,548,89.45323046875,125,37.38,0.43,0.52,2026-09-10 19:45:59,🚀點火(6.8x) 🚬菸屁股,BUY_WATCH,6
TSLA,2026-09-18,470.0,0.09,5182,543,70.312796875,6,363.56,0.09,0.1,2026-09-10 19:46:33,🚀點火(3.9x) 🚬菸屁股,BUY_WATCH,6
F,2026-12-18,16.67,0.26,16080,543,39.063109374999996,97,13.88,0.26,0.31,2026-09-10 18:20:23,🚀點火(12.3x) 🚬菸屁股,BUY_WATCH,6
AMZN,2026-10-16,305.0,0.39,6233,522,34.278000976562495,34,251.89,0.36,0.45,2026-09-10 19:52:48,🚀點火(6.0x) 🚬菸屁股,BUY_WATCH,6
RKLB,2026-09-18,67.0,0.99,1865,477,69.92217578125,6,61.96,0.75,0.98,2026-09-10 19:59:51,🆕新倉暴量 🚬菸屁股,BUY_WATCH,6
CRWV,2026-11-20,190.0,0.84,850,456,94.58013232421875,69,89.12,0.56,0.91,2026-09-10 18:31:56,🆕新倉暴量 🚬菸屁股,BUY_WATCH,6
WMT,2026-09-18,111.0,0.16,3077,455,25.489026367187506,6,105.73,0.14,0.19,2026-09-10 19:06:03,🚀點火(3.1x) 🚬菸屁股,BUY_WATCH,6
CRSP,2026-09-18,60.0,0.15,1605,427,73.82838671875,6,52.26,0.05,0.55,2026-09-10 19:53:58,🚀點火(3.8x) 🚬菸屁股,BUY_WATCH,6
GOOG,2026-10-16,405.0,0.69,7595,416,37.47621118164062,34,330.39,0.64,0.73,2026-09-10 19:15:28,🚀點火(6.0x) 🚬菸屁股,BUY_WATCH,6
UPST,2026-09-18,27.5,0.28,3212,413,69.336244140625,6,25.1,0.23,0.32,2026-09-10 19:54:21,🚀點火(8.6x) 🚬菸屁股,BUY_WATCH,6
SOFI,2028-01-21,47.0,0.94,7682,412,66.16244775390626,496,17.21,0.94,0.96,2026-09-10 19:37:32,🚀點火(3.3x) 🔭LEAPS,BUY_WATCH,6
OPEN,2026-10-16,3.0,0.2,1602,412,78.12521875,34,2.8,0.19,0.2,2026-09-10 19:53:42,🚀點火(3.9x) 🚬菸屁股,BUY_WATCH,6
JOBY,2027-01-15,20.0,0.03,13913,410,100.78174609374999,125,6.31,0.03,0.1,2026-09-10 18:32:01,🚀點火(4.9x) 🚬菸屁股,BUY_WATCH,6
PCG,2026-12-18,24.0,0.17,25179,405,75.39087109375001,97,14.03,0.11,0.45,2026-09-10 19:09:36,🚀點火(20.2x) 🚬菸屁股,BUY_WATCH,6
NVDA,2027-01-15,370.0,0.49,5398,401,43.50642431640625,125,218.36,0.46,0.53,2026-09-10 19:08:38,🚀點火(12.2x) 🚬菸屁股,BUY_WATCH,6
ACHR,2027-01-15,8.0,0.4,15822,391,83.59391406249999,125,5.45,0.37,0.43,2026-09-10 19:59:50,🚀點火(2.7x) 🚬菸屁股,BUY_WATCH,6
SOFI,2026-09-18,21.5,0.03,1334,389,79.687703125,6,17.21,0.02,0.03,2026-09-10 19:47:30,🚀點火(4.3x) 🚬菸屁股,BUY_WATCH,6
SOFI,2027-01-15,32.0,0.22,18331,379,66.11362011718751,125,17.21,0.21,0.22,2026-09-10 18:57:12,🚀點火(12.2x) 🚬菸屁股,BUY_WATCH,6
JOBY,2026-11-20,11.0,0.08,1307,372,82.0314296875,69,6.31,0.07,0.09,2026-09-10 19:43:17,🚀點火(10.1x) 🚬菸屁股,BUY_WATCH,6
AMZN,2028-01-21,410.0,11.65,10428,355,40.43333493041992,496,251.89,11.15,11.7,2026-09-10 18:52:11,🚀點火(7.0x) 🔭LEAPS,BUY_WATCH,6
IONQ,2028-01-21,120.0,3.59,2354,353,86.02308898925781,496,36.84,3.5,3.75,2026-09-10 19:58:38,🚀點火(10.4x) 🔭LEAPS,BUY_WATCH,6
HIMS,2026-10-16,34.0,0.71,3671,335,73.7307314453125,34,27.44,0.66,0.69,2026-09-10 19:07:40,🚀點火(8.2x) 🚬菸屁股,BUY_WATCH,6
OPEN,2028-01-21,1.0,1.94,3380,328,99.2187578125,496,2.8,1.76,2.2,2026-09-10 19:46:16,🚀點火(7.3x) 🔭LEAPS,BUY_WATCH,6
NVDA,2027-01-15,350.0,0.75,9253,322,42.43221630859375,125,218.36,0.72,0.79,2026-09-10 19:50:01,🚀點火(4.4x) 🚬菸屁股,BUY_WATCH,6
OPEN,2026-11-20,6.0,0.05,8261,319,113.28168359375002,69,2.8,0.05,0.06,2026-09-10 18:34:49,🚀點火(2.7x) 🚬菸屁股,BUY_WATCH,6
U,2026-09-18,46.0,0.35,1251,308,59.570716796875004,6,42.07,0.18,0.45,2026-09-10 18:25:06,🚀點火(10.6x) 🚬菸屁股,BUY_WATCH,6
PCG,2027-01-15,19.0,0.66,25871,291,64.40465283203125,125,14.03,0.6,0.88,2026-09-10 19:56:21,🚀點火(4.3x) 🚬菸屁股,BUY_WATCH,6
CRWV,2027-01-15,280.0,0.6,21862,290,95.01958105468748,125,89.12,0.57,0.73,2026-09-10 19:32:12,🚀點火(4.4x) 🚬菸屁股,BUY_WATCH,6
GOOG,2026-09-18,375.0,0.25,5578,265,45.0200810546875,6,330.39,0.21,0.26,2026-09-10 19:48:10,🚀點火(2.9x) 🚬菸屁股,BUY_WATCH,6
MSFT,2026-09-18,570.0,0.03,27291,258,40.7232490234375,6,492.44,0.01,0.08,2026-09-10 18:36:37,🚀點火(5.0x) 🚬菸屁股,BUY_WATCH,6
WMT,2026-12-18,135.0,0.39,6424,242,28.833719482421866,97,105.73,0.36,0.39,2026-09-10 19:17:38,🚀點火(3.1x) 🚬菸屁股,BUY_WATCH,6
SOFI,2028-01-21,40.0,1.28,16674,230,65.21030883789064,496,17.21,1.27,1.31,2026-09-10 19:50:59,🚀點火(2.9x) 🔭LEAPS,BUY_WATCH,6
PCG,2028-01-21,27.0,0.53,7742,227,45.703667968750004,496,14.03,0.33,0.54,2026-09-10 18:17:45,🚀點火(4.7x) 🔭LEAPS,BUY_WATCH,6
NVDA,2028-01-21,460.0,5.05,5937,224,46.86332434082031,496,218.36,4.85,6.75,2026-09-10 19:27:39,🚀點火(3.2x) 🔭LEAPS,BUY_WATCH,6
ONDS,2028-01-21,15.0,1.59,12851,223,98.7304814453125,496,7.25,1.55,1.98,2026-09-10 19:32:35,🚀點火(4.7x) 🔭LEAPS,BUY_WATCH,6
IONQ,2026-11-20,70.0,0.61,1189,220,95.01958105468748,69,36.84,0.45,0.69,2026-09-10 18:16:13,🚀點火(5.6x) 🚬菸屁股,BUY_WATCH,6
RDDT,2026-09-18,185.0,0.26,1679,220,66.79720703125001,6,155.34,0.12,0.4,2026-09-10 19:57:43,🚀點火(3.8x) 🚬菸屁股,BUY_WATCH,6
ASTS,2027-01-15,180.0,0.83,9715,216,100.09815576171874,125,59.91,0.65,0.79,2026-09-10 16:35:12,🚀點火(3.5x) 🚬菸屁股,BUY_WATCH,6
NVDA,2028-01-21,410.0,7.55,21497,212,46.04851315307618,496,218.36,7.3,9.35,2026-09-10 19:04:12,🚀點火(7.1x) 🔭LEAPS,BUY_WATCH,6
JOBY,2027-01-15,15.0,0.08,11273,210,85.54701953125,125,6.31,0.07,0.1,2026-09-10 19:12:15,🚀點火(2.6x) 🚬菸屁股,BUY_WATCH,6
NVDA,2028-06-16,460.0,8.7,5054,191,44.598942687988284,643,218.36,8.0,9.1,2026-09-10 19:48:43,🚀點火(5.2x) 🔭LEAPS,BUY_WATCH,6
VST,2026-09-18,170.0,0.15,3514,187,53.22312402343749,6,147.05,0.1,0.22,2026-09-10 19:49:41,🚀點火(3.3x) 🚬菸屁股,BUY_WATCH,6
GOOGL,2026-09-18,395.0,0.13,2768,172,51.17236328125,6,332.6,0.07,0.15,2026-09-10 19:10:46,🚀點火(2.6x) 🚬菸屁股,BUY_WATCH,6
ACHR,2028-01-21,12.0,0.97,5097,162,88.62316064453124,496,5.45,0.9,1.09,2026-09-10 18:41:55,🚀點火(2.9x) 🔭LEAPS,BUY_WATCH,6
JOBY,2026-11-20,12.0,0.05,1773,156,84.37515624999999,69,6.31,0.05,0.06,2026-09-10 18:44:45,🚀點火(4.3x) 🚬菸屁股,BUY_WATCH,6
NVDA,2028-01-21,230.0,41.7,15019,154,45.91118542480469,496,218.36,39.75,41.8,2026-09-10 19:42:02,🚀點火(3.1x) 🔭LEAPS,BUY_WATCH,6
ASTS,2026-11-20,180.0,0.24,2468,144,111.5238798828125,69,59.91,0.15,0.29,2026-09-10 19:59:02,🚀點火(4.1x) 🚬菸屁股,BUY_WATCH,6
NVDA,2028-01-21,420.0,6.92,21513,139,43.848217773437504,496,218.36,6.8,7.25,2026-09-10 18:47:53,🚀點火(5.6x) 🔭LEAPS,BUY_WATCH,6
F,2027-01-15,18.0,0.22,10912,118,39.258419921874996,125,13.88,0.19,0.24,2026-09-10 18:01:02,🚀點火(2.8x) 🚬菸屁股,BUY_WATCH,6
DKNG,2026-12-18,45.0,0.1,1690,117,62.305064453125006,97,23.71,0.06,0.13,2026-09-10 19:04:27,🚀點火(3.8x) 🚬菸屁股,BUY_WATCH,6
SMR,2028-01-21,85.0,0.54,4509,115,105.37156689453124,496,10.21,0.5,0.59,2026-09-10 19:06:16,🚀點火(4.1x) 🔭LEAPS,BUY_WATCH,6
NVDA,2028-01-21,220.0,45.8,9625,114,46.43760838317871,496,218.36,45.0,46.05,2026-09-10 19:59:57,🚀點火(5.4x) 🔭LEAPS,BUY_WATCH,6
ONDS,2027-01-15,17.0,0.14,8247,113,91.79695703125,125,7.25,0.12,0.17,2026-09-10 19:53:04,🚀點火(5.7x) 🚬菸屁股,BUY_WATCH,6
TDOC,2027-01-15,10.0,0.19,10501,103,69.72686523437501,125,6.09,0.15,0.2,2026-09-10 17:27:44,🚀點火(3.2x) 🚬菸屁股,BUY_WATCH,6
RDDT,2026-09-18,200.0,0.07,3435,97,74.2190078125,6,155.34,0.05,0.09,2026-09-10 19:38:39,🚀點火(3.1x) 🚬菸屁股,BUY_WATCH,6
LUNR,2027-01-15,55.0,0.11,1982,96,104.49266503906252,125,14.62,0.02,0.17,2026-09-10 13:30:01,🚀點火(2.9x) 🚬菸屁股,BUY_WATCH,6
INTC,2028-01-21,80.0,41.0,10388,92,73.32179998779296,496,100.32,40.5,41.55,2026-09-10 19:59:58,🚀點火(2.8x) 🔭LEAPS,BUY_WATCH,6
IBIT,2028-01-21,70.0,3.9,15961,91,51.050294189453126,496,43.68,3.8,4.05,2026-09-10 19:46:40,🚀點火(3.2x) 🔭LEAPS,BUY_WATCH,6
JOBY,2028-01-21,3.0,3.9,2609,90,93.0664755859375,496,6.31,3.85,4.05,2026-09-10 19:58:30,🚀點火(2.5x) 🔭LEAPS,BUY_WATCH,6
DKNG,2026-09-18,26.0,0.15,2331,89,58.789474609375006,6,23.71,0.13,0.19,2026-09-10 19:53:17,🚀點火(2.8x) 🚬菸屁股,BUY_WATCH,6
IREN,2028-01-21,100.0,8.66,7085,82,93.88433850097657,496,43.64,8.2,9.05,2026-09-10 19:33:01,🚀點火(2.7x) 🔭LEAPS,BUY_WATCH,6
SOFI,2026-11-20,30.0,0.11,6603,80,70.70341796875,69,17.21,0.1,0.11,2026-09-10 19:27:42,🚀點火(3.8x) 🚬菸屁股,BUY_WATCH,6
XYZ,2026-10-16,95.0,0.47,1282,68,44.38532177734375,34,79.07,0.4,0.53,2026-09-10 15:22:41,🚀點火(2.7x) 🚬菸屁股,BUY_WATCH,6
ACHR,2028-01-21,4.0,2.7,3790,54,90.9180595703125,496,5.45,2.6,2.82,2026-09-10 19:59:50,🚀點火(2.6x) 🔭LEAPS,BUY_WATCH,6
AAPL,2026-09-11,325.0,3.15,24575,328356,34.278000976562495,-1,326.57,3.1,3.2,2026-09-10 19:59:59,🎲末日結算 🚨異常掃貨 🚀點火(7.1x) 🏛️機構場,GAMBLE,5
AAPL,2026-09-11,327.5,1.82,9000,186093,33.44793115234375,-1,326.57,1.75,1.85,2026-09-10 19:59:59,🎲末日結算 🚨異常掃貨 🚀點火(8.5x) 🏛️機構場,GAMBLE,5
NVDA,2026-12-18,300.0,1.5,39925,40606,40.17393811035156,97,218.36,1.45,1.5,2026-09-10 19:55:45,🚀點火(30.1x) 🔥萬人塚,HOLD,5
NVDA,2026-09-18,220.0,3.75,43021,27348,35.32779516601562,6,218.36,3.7,3.8,2026-09-10 19:59:51,🚀點火(6.2x) 🔥萬人塚,HOLD,5
CRWV,2026-09-11,95.0,0.39,3290,23685,113.67230664062502,-1,89.12,0.38,0.41,2026-09-10 19:59:35,🎲末日結算 🚨異常掃貨 🆕新倉暴量 🚬菸屁股 ⚠️暴動高IV(114%),GAMBLE,5
HOOD,2026-09-11,120.0,0.27,4997,18624,87.89074609375,-1,113.33,0.27,0.28,2026-09-10 19:59:59,🎲末日結算 🚨異常掃貨 🆕新倉暴量 🚬菸屁股 ⚠️暴動高IV(88%),GAMBLE,5
NVDA,2026-10-16,220.0,8.95,105362,13998,35.69400244140625,34,218.36,8.85,9.0,2026-09-10 19:59:48,🚀點火(4.4x) 🔥萬人塚,HOLD,5
CRWV,2026-09-11,100.0,0.11,6055,11249,126.95349023437497,-1,89.12,0.1,0.11,2026-09-10 19:59:50,🎲末日結算 🚨異常掃貨 🆕新倉暴量 🚬菸屁股 ⚠️暴動高IV(127%),GAMBLE,5
SMCI,2026-10-16,45.0,1.04,5700,8337,72.26590234375,34,37.38,1.06,1.1,2026-09-10 19:59:11,🚨異常掃貨,STRONG_BUY,5
CRWV,2026-09-11,99.0,0.13,1658,7199,121.875390625,-1,89.12,0.12,0.13,2026-09-10 19:54:53,🎲末日結算 🚨異常掃貨 🚀點火(4.7x) 🚬菸屁股 ⚠️暴動高IV(122%),GAMBLE,5
NVDA,2026-11-20,230.0,10.75,31047,7163,40.49131774902344,69,218.36,10.55,10.8,2026-09-10 19:59:53,🚀點火(4.5x) 🔥萬人塚,HOLD,5
HOOD,2026-09-11,117.0,0.67,924,6945,83.30094824218747,-1,113.33,0.66,0.7,2026-09-10 19:59:55,🎲末日結算 🚨異常掃貨 🆕新倉暴量 🚬菸屁股 ⚠️暴動高IV(83%),GAMBLE,5
CRWV,2026-09-11,92.0,0.94,1196,6862,109.76607617187501,-1,89.12,0.93,0.96,2026-09-10 19:59:19,🎲末日結算 🚨異常掃貨 🆕新倉暴量 🚬菸屁股 ⚠️暴動高IV(110%),GAMBLE,5
CRWV,2026-09-11,93.0,0.7,1287,6393,111.13325683593752,-1,89.12,0.7,0.73,2026-09-10 19:59:50,🎲末日結算 🚨異常掃貨 🆕新倉暴量 🚬菸屁股 ⚠️暴動高IV(111%),GAMBLE,5
CRWV,2026-09-11,94.0,0.53,1115,6209,112.109814453125,-1,89.12,0.52,0.54,2026-09-10 19:59:50,🎲末日結算 🚨異常掃貨 🆕新倉暴量 🚬菸屁股 ⚠️暴動高IV(112%),GAMBLE,5
HOOD,2026-09-11,116.0,0.89,1940,5721,83.39860351562498,-1,113.33,0.89,0.99,2026-09-10 19:59:49,🎲末日結算 🚨異常掃貨 🚀點火(3.3x) 🚬菸屁股 ⚠️暴動高IV(83%),GAMBLE,5
IREN,2026-09-11,45.0,0.46,4190,5464,106.25046875000001,-1,43.64,0.44,0.46,2026-09-10 19:59:45,🎲末日結算 🚨異常掃貨 🆕新倉暴量 🚬菸屁股 ⚠️暴動高IV(106%),GAMBLE,5
ASTS,2026-09-11,65.0,0.09,2746,4893,102.73486132812502,-1,59.91,0.09,0.1,2026-09-10 19:59:33,🎲末日結算 🚨異常掃貨 🆕新倉暴量 🚬菸屁股 ⚠️暴動高IV(103%),GAMBLE,5
ASTS,2026-09-11,63.0,0.23,841,4677,95.11723632812499,-1,59.91,0.23,0.27,2026-09-10 19:59:58,🎲末日結算 🚨異常掃貨 🆕新倉暴量 🚬菸屁股 ⚠️暴動高IV(95%),GAMBLE,5
INTC,2026-11-20,110.0,8.7,40135,4246,70.4226590576172,69,100.32,8.6,8.8,2026-09-10 19:59:40,🚀點火(3.4x) 🔥萬人塚,HOLD,5
ASTS,2026-09-11,68.0,0.04,1204,4230,126.56286718749999,-1,59.91,0.04,0.05,2026-09-10 19:53:22,🎲末日結算 🚨異常掃貨 🚀點火(3.9x) 🚬菸屁股 ⚠️暴動高IV(127%),GAMBLE,5
HOOD,2026-09-11,118.0,0.5,1273,3731,84.37515624999999,-1,113.33,0.49,0.51,2026-09-10 19:59:57,🎲末日結算 🚨異常掃貨 🆕新倉暴量 🚬菸屁股 ⚠️暴動高IV(84%),GAMBLE,5
IREN,2026-09-11,45.5,0.4,818,3553,110.54732226562503,-1,43.64,0.33,0.38,2026-09-10 19:56:25,🎲末日結算 🚨異常掃貨 🆕新倉暴量 🚬菸屁股 ⚠️暴動高IV(111%),GAMBLE,5
NVDA,2026-09-18,200.0,19.13,38258,3244,49.1216025390625,6,218.36,19.0,19.2,2026-09-10 19:58:25,🚀點火(10.0x) 🔥萬人塚,HOLD,5
CRWV,2026-09-11,97.0,0.21,1697,3118,117.57853710937498,-1,89.12,0.21,0.23,2026-09-10 19:59:52,🎲末日結算 🚨異常掃貨 🆕新倉暴量 🚬菸屁股 ⚠️暴動高IV(118%),GAMBLE,5
SMCI,2026-09-11,38.5,0.23,968,2807,81.64080859375,-1,37.38,0.22,0.25,2026-09-10 19:59:57,🎲末日結算 🚨異常掃貨 🆕新倉暴量 🚬菸屁股 ⚠️暴動高IV(82%),GAMBLE,5
ASTS,2026-09-11,67.0,0.06,1574,2691,117.96916015624998,-1,59.91,0.05,0.06,2026-09-10 19:59:32,🎲末日結算 🚨異常掃貨 🆕新倉暴量 🚬菸屁股 ⚠️暴動高IV(118%),GAMBLE,5
ASTS,2026-09-11,64.0,0.15,937,2468,98.437515625,-1,59.91,0.13,0.17,2026-09-10 19:59:04,🎲末日結算 🚨異常掃貨 🆕新倉暴量 🚬菸屁股 ⚠️暴動高IV(98%),GAMBLE,5
NVDA,2027-01-15,230.0,16.0,41683,2420,40.70188693237304,125,218.36,15.85,16.1,2026-09-10 19:59:24,🚀點火(3.1x) 🔥萬人塚,HOLD,5
ASTS,2026-09-11,66.0,0.07,925,2398,110.15669921875002,-1,59.91,0.06,0.08,2026-09-10 19:59:37,🎲末日結算 🚨異常掃貨 🆕新倉暴量 🚬菸屁股 ⚠️暴動高IV(110%),GAMBLE,5
IBIT,2027-01-15,50.0,2.24,54529,2180,43.43318286132813,125,43.68,2.19,2.26,2026-09-10 20:12:26,🚀點火(4.6x) 🔥萬人塚,HOLD,5
NVDA,2026-12-18,280.0,2.72,32021,1908,39.36217864990235,97,218.36,2.66,2.76,2026-09-10 19:56:18,🚀點火(7.2x) 🔥萬人塚,HOLD,5
HOOD,2026-09-11,119.0,0.37,1000,1684,88.2813671875,-1,113.33,0.36,0.44,2026-09-10 19:59:34,🎲末日結算 🚨異常掃貨 🆕新倉暴量 🚬菸屁股 ⚠️暴動高IV(88%),GAMBLE,5
NVDA,2027-01-15,220.0,20.3,39346,1657,41.51059466552734,125,218.36,20.3,20.55,2026-09-10 19:59:57,🚀點火(2.9x) 🔥萬人塚,HOLD,5
CRWV,2026-09-11,96.0,0.27,1209,1552,115.0394873046875,-1,89.12,0.28,0.3,2026-09-10 19:59:17,🎲末日結算 🚨異常掃貨 🆕新倉暴量 🚬菸屁股 ⚠️暴動高IV(115%),GAMBLE,5
IREN,2026-09-11,44.5,0.61,1106,1421,108.203583984375,-1,43.64,0.59,0.66,2026-09-10 19:59:27,🎲末日結算 🚨異常掃貨 🆕新倉暴量 🚬菸屁股 ⚠️暴動高IV(108%),GAMBLE,5
IONQ,2026-09-11,38.0,0.26,780,947,85.937640625,-1,36.84,0.2,0.29,2026-09-10 19:56:03,🎲末日結算 🚨異常掃貨 🆕新倉暴量 🚬菸屁股 ⚠️暴動高IV(86%),GAMBLE,5
AMZN,2026-11-20,295.0,4.36,31665,651,38.867798828125,69,251.89,4.3,4.5,2026-09-10 19:55:33,🚀點火(2.9x) 🔥萬人塚,HOLD,5
NVDA,2027-01-15,290.0,3.2,38942,349,39.826041198730465,125,218.36,3.1,3.25,2026-09-10 19:47:59,🚀點火(5.7x) 🔥萬人塚,HOLD,5
MSFT,2026-09-18,560.0,0.06,6742,214,34.37565625,6,492.44,0.03,0.05,2026-09-10 19:50:01,🚀點火(5.5x) 🚬菸屁股 🏛️機構場,BUY_WATCH,5
NVDA,2026-09-11,225.0,0.18,26127,92649,41.79745703125,-1,218.36,0.18,0.19,2026-09-10 19:59:59,🎲末日結算 🚨異常掃貨 🚬菸屁股,GAMBLE,4
AAPL,2026-10-16,360.0,1.5,79969,81847,25.757578369140628,34,326.57,1.36,1.54,2026-09-10 19:59:58,🚀點火(22.1x) 🔥萬人塚 🏛️機構場,HOLD,4
TSLA,2026-09-11,375.0,0.65,9785,64329,52.393054199218746,-1,363.56,0.65,0.66,2026-09-10 19:59:56,🎲末日結算 🚨異常掃貨 🚬菸屁股,GAMBLE,4
TSLA,2026-09-11,380.0,0.29,12555,53377,54.883263671875014,-1,363.56,0.28,0.29,2026-09-10 19:59:56,🎲末日結算 🚨異常掃貨 🚬菸屁股,GAMBLE,4
AAPL,2026-09-11,340.0,0.07,12474,30839,39.8443515625,-1,326.57,0.06,0.07,2026-09-10 19:59:58,🎲末日結算 🚨異常掃貨 🚬菸屁股,GAMBLE,4
PLTR,2026-09-11,170.0,0.55,9980,26445,56.00629931640625,-1,165.86,0.54,0.56,2026-09-10 19:59:55,🎲末日結算 🚨異常掃貨 🚬菸屁股,GAMBLE,4
AMZN,2026-09-11,255.0,0.73,5057,23558,36.2311064453125,-1,251.89,0.72,0.75,2026-09-10 19:59:56,🎲末日結算 🚨異常掃貨 🚬菸屁股,GAMBLE,4
TSLA,2026-09-11,385.0,0.14,9519,21130,58.39885351562499,-1,363.56,0.13,0.14,2026-09-10 19:59:59,🎲末日結算 🚨異常掃貨 🚬菸屁股,GAMBLE,4
SOFI,2026-09-11,17.5,0.1,7487,19440,60.937890625000016,-1,17.21,0.1,0.11,2026-09-10 19:59:39,🎲末日結算 🚨異常掃貨 🚬菸屁股,GAMBLE,4
TSLA,2026-09-11,390.0,0.08,14784,17914,63.086306640625,-1,363.56,0.07,0.08,2026-09-10 19:59:52,🎲末日結算 🚨異常掃貨 🚬菸屁股,GAMBLE,4
INTC,2026-09-11,105.0,0.27,8191,16378,77.3439765625,-1,100.32,0.26,0.28,2026-09-10 19:59:49,🎲末日結算 🚨異常掃貨 🚬菸屁股,GAMBLE,4
META,2026-09-11,700.0,0.06,9652,15156,64.062859375,-1,644.38,0.04,0.06,2026-09-10 19:59:39,🎲末日結算 🚨異常掃貨 🚬菸屁股,GAMBLE,4
NVDA,2026-10-16,240.0,2.53,51577,15024,34.25358715820312,34,218.36,2.51,2.57,2026-09-10 19:59:40,🚀點火(2.6x) 🔥萬人塚 🏛️機構場,HOLD,4
PLTR,2026-09-11,172.5,0.24,10532,14784,58.20354296875,-1,165.86,0.23,0.25,2026-09-10 19:59:41,🎲末日結算 🚨異常掃貨 🚬菸屁股,GAMBLE,4
GOOGL,2026-09-11,340.0,0.43,7385,13219,37.402969726562496,-1,332.6,0.4,0.43,2026-09-10 19:59:56,🎲末日結算 🚨異常掃貨 🚬菸屁股,GAMBLE,4
AMZN,2026-09-11,257.5,0.33,6307,12977,37.54945263671875,-1,251.89,0.31,0.33,2026-09-10 19:59:55,🎲末日結算 🚨異常掃貨 🚬菸屁股,GAMBLE,4
IBIT,2026-09-11,44.0,0.33,10848,12524,52.14891601562499,-1,43.68,0.32,0.35,2026-09-10 20:13:36,🎲末日結算 🆕新倉暴量 🚬菸屁股,GAMBLE,4
AMZN,2026-09-11,265.0,0.04,17639,10340,46.0942890625,-1,251.89,0.03,0.04,2026-09-10 19:59:30,🎲末日結算 🆕新倉暴量 🚬菸屁股,GAMBLE,4
WMT,2026-09-11,108.0,0.04,5575,10055,29.10227148437499,-1,105.73,0.04,0.06,2026-09-10 19:59:30,🎲末日結算 🚨異常掃貨 🚬菸屁股,GAMBLE,4
NVDA,2026-10-16,245.0,1.8,31705,9844,34.314621704101555,34,218.36,1.77,1.82,2026-09-10 19:59:35,🚀點火(2.9x) 🔥萬人塚 🏛️機構場,HOLD,4
IBIT,2026-09-11,45.0,0.1,16696,8820,54.297332031250015,-1,43.68,0.09,0.1,2026-09-10 20:14:02,🎲末日結算 🆕新倉暴量 🚬菸屁股,GAMBLE,4
RKLB,2026-09-11,65.0,0.2,2289,8271,85.1563984375,-1,61.96,0.2,0.21,2026-09-10 19:59:17,🎲末日結算 🚨異常掃貨 🚬菸屁股,GAMBLE,4
GOOGL,2026-09-11,342.5,0.22,7745,8092,38.867798828125,-1,332.6,0.21,0.23,2026-09-10 19:59:57,🎲末日結算 🚀點火(2.7x) 🚬菸屁股,GAMBLE,4
NBIS,2026-09-11,250.0,0.43,3335,8007,116.2113564453125,-1,228.11,0.41,0.43,2026-09-10 19:59:48,🎲末日結算 🚨異常掃貨 🚬菸屁股,GAMBLE,4
HOOD,2026-09-11,115.0,1.19,1934,7997,81.2501875,-1,113.33,1.19,1.24,2026-09-10 19:59:53,🎲末日結算 🚨異常掃貨 🆕新倉暴量 ⚠️暴動高IV(81%),GAMBLE,4
IBIT,2026-09-11,44.5,0.18,6477,7723,52.539537109375004,-1,43.68,0.17,0.19,2026-09-10 20:12:55,🎲末日結算 🆕新倉暴量 🚬菸屁股,GAMBLE,4
TSLA,2026-09-11,395.0,0.05,6888,7649,67.96907031250001,-1,363.56,0.04,0.05,2026-09-10 19:59:12,🎲末日結算 🆕新倉暴量 🚬菸屁股,GAMBLE,4
GOOGL,2026-09-11,337.5,0.81,3803,7111,36.54848608398438,-1,332.6,0.77,0.82,2026-09-10 19:59:58,🎲末日結算 🚨異常掃貨 🚬菸屁股,GAMBLE,4
TSLA,2026-09-11,392.5,0.06,9083,7110,66.60189648437502,-1,363.56,0.06,0.07,2026-09-10 19:59:54,🎲末日結算 🆕新倉暴量 🚬菸屁股,GAMBLE,4
ONDS,2026-09-11,7.5,0.04,5299,6631,78.12521875,-1,7.25,0.03,0.04,2026-09-10 19:59:12,🎲末日結算 🚨異常掃貨 🚬菸屁股,GAMBLE,4
GOOG,2026-09-11,340.0,0.24,6435,6080,39.063109374999996,-1,330.39,0.23,0.25,2026-09-10 19:59:15,🎲末日結算 🆕新倉暴量 🚬菸屁股,GAMBLE,4
MSTR,2026-09-18,150.0,0.89,13209,5866,83.59391406249999,6,128.56,0.85,0.9,2026-09-10 19:59:52,🆕新倉暴量 🚬菸屁股 ⚠️暴動高IV(84%),BUY_WATCH,4
CRWV,2026-09-11,90.0,1.6,2624,5600,108.00827246093752,-1,89.12,1.58,1.64,2026-09-10 19:59:53,🎲末日結算 🚨異常掃貨 🆕新倉暴量 ⚠️暴動高IV(108%),GAMBLE,4
META,2026-09-11,667.5,0.69,1349,5357,50.41553491210937,-1,644.38,0.68,0.73,2026-09-10 19:59:55,🎲末日結算 🚨異常掃貨 🚬菸屁股,GAMBLE,4
OPEN,2026-09-11,3.0,0.01,3412,5320,125.00037499999999,-1,2.8,0.01,0.02,2026-09-10 19:59:39,🎲末日結算 🚨異常掃貨 🚬菸屁股,GAMBLE,4
WMT,2026-09-11,106.0,0.45,2879,4929,26.95385546875,-1,105.73,0.44,0.47,2026-09-10 19:59:58,🎲末日結算 🚨異常掃貨 🚬菸屁股,GAMBLE,4
ORCL,2026-09-18,210.0,0.71,11495,4840,130.2249582519531,6,152.94,0.69,0.75,2026-09-10 19:59:56,🆕新倉暴量 🚬菸屁股 ⚠️暴動高IV(130%),BUY_WATCH,4
IREN,2026-09-11,46.0,0.25,3348,4554,113.67230664062502,-1,43.64,0.25,0.3,2026-09-10 19:59:29,🎲末日結算 🚨異常掃貨 🚬菸屁股,GAMBLE,4
GOOGL,2026-09-11,347.5,0.07,5589,4540,44.336494140625,-1,332.6,0.06,0.09,2026-09-10 19:59:46,🎲末日結算 🚀點火(2.6x) 🚬菸屁股,GAMBLE,4
CRWV,2026-09-11,91.0,1.23,1209,4379,108.984830078125,-1,89.12,1.23,1.26,2026-09-10 19:59:23,🎲末日結算 🚨異常掃貨 🆕新倉暴量 ⚠️暴動高IV(109%),GAMBLE,4
AAPL,2026-09-11,350.0,0.02,8118,3997,49.219257812500004,-1,326.57,0.0,0.01,2026-09-10 19:59:51,🎲末日結算 🆕新倉暴量 🚬菸屁股,GAMBLE,4
SOFI,2026-09-11,17.0,0.33,2800,3965,57.0316796875,-1,17.21,0.31,0.34,2026-09-10 19:59:39,🎲末日結算 🚨異常掃貨 🚬菸屁股,GAMBLE,4
NBIS,2026-09-11,235.0,2.49,1594,3690,108.15475610351561,-1,228.11,2.46,2.52,2026-09-10 19:59:50,🎲末日結算 🚨異常掃貨 🆕新倉暴量 ⚠️暴動高IV(108%),GAMBLE,4
SOFI,2026-09-18,26.0,0.01,2705,3472,121.875390625,6,17.21,0.01,0.02,2026-09-10 19:21:51,🚨異常掃貨 🚀點火(13.1x) 🚬菸屁股 ⚠️尾段價外(51%) ⚠️暴動高IV(122%),STRONG_BUY,4
AVGO,2026-09-11,380.0,0.09,4340,3421,51.17236328125,-1,360.83,0.07,0.1,2026-09-10 19:58:23,🎲末日結算 🆕新倉暴量 🚬菸屁股,GAMBLE,4
NVDA,2026-09-11,242.5,0.01,8772,3303,68.7503125,-1,218.36,0.0,0.01,2026-09-10 19:59:24,🎲末日結算 🆕新倉暴量 🚬菸屁股,GAMBLE,4
RKLB,2026-09-11,67.0,0.08,2369,3292,92.57819921875,-1,61.96,0.06,0.08,2026-09-10 19:59:21,🎲末日結算 🚨異常掃貨 🚬菸屁股,GAMBLE,4
RKLB,2026-09-11,64.0,0.4,1287,3163,83.789224609375,-1,61.96,0.34,0.4,2026-09-10 19:55:50,🎲末日結算 🚨異常掃貨 🚬菸屁股,GAMBLE,4
AVGO,2026-09-11,375.0,0.23,3131,3097,47.949739257812496,-1,360.83,0.22,0.25,2026-09-10 19:59:50,🎲末日結算 🆕新倉暴量 🚬菸屁股,GAMBLE,4
HIMS,2026-09-11,28.0,0.23,1830,3066,75.00025000000001,-1,27.44,0.18,0.24,2026-09-10 19:59:06,🎲末日結算 🚨異常掃貨 🚬菸屁股,GAMBLE,4
RKLB,2026-09-11,66.0,0.14,1586,3002,90.62509374999999,-1,61.96,0.12,0.14,2026-09-10 19:59:20,🎲末日結算 🚨異常掃貨 🚬菸屁股,GAMBLE,4
SMR,2026-09-18,11.0,0.25,10296,2973,85.54701953125,6,10.21,0.21,0.25,2026-09-10 19:57:09,🚀點火(5.1x) 🚬菸屁股 ⚠️暴動高IV(86%),BUY_WATCH,4
SMCI,2026-09-11,39.0,0.16,2090,2782,83.98453515624999,-1,37.38,0.14,0.16,2026-09-10 19:59:58,🎲末日結算 🚨異常掃貨 🚬菸屁股,GAMBLE,4
F,2026-09-11,13.5,0.4,1579,2674,57.812921875,-1,13.88,0.39,0.45,2026-09-10 19:59:28,🎲末日結算 🚨異常掃貨 🚬菸屁股,GAMBLE,4
HIMS,2026-09-11,28.5,0.11,6815,2576,75.7814921875,-1,27.44,0.09,0.11,2026-09-10 19:59:34,🎲末日結算 🆕新倉暴量 🚬菸屁股,GAMBLE,4
IREN,2026-09-18,49.0,0.63,2710,2506,88.476677734375,6,43.64,0.59,0.66,2026-09-10 19:46:16,🆕新倉暴量 🚬菸屁股 ⚠️暴動高IV(88%),BUY_WATCH,4
NBIS,2026-09-11,230.0,4.19,1785,2466,106.93405908203127,-1,228.11,4.15,4.3,2026-09-10 19:58:54,🎲末日結算 🚨異常掃貨 🆕新倉暴量 ⚠️暴動高IV(107%),GAMBLE,4
CRWV,2026-09-11,89.0,2.03,776,2224,108.10592822265626,-1,89.12,2.02,2.12,2026-09-10 19:59:50,🎲末日結算 🚨異常掃貨 🆕新倉暴量 ⚠️暴動高IV(108%),GAMBLE,4
HOOD,2026-09-11,122.0,0.16,1743,2201,91.992267578125,-1,113.33,0.14,0.17,2026-09-10 19:58:37,🎲末日結算 🚨異常掃貨 🚬菸屁股,GAMBLE,4
WMT,2026-09-11,113.0,0.01,4598,2014,50.0005,-1,105.73,0.0,0.01,2026-09-10 19:20:09,🎲末日結算 🆕新倉暴量 🚬菸屁股,GAMBLE,4
HOOD,2026-09-11,111.0,3.2,1192,1831,80.4689453125,-1,113.33,3.15,3.4,2026-09-10 19:57:58,🎲末日結算 🚨異常掃貨 🆕新倉暴量 ⚠️暴動高IV(80%),GAMBLE,4
NBIS,2026-09-11,245.0,0.78,1102,1693,112.69574902343751,-1,228.11,0.75,0.78,2026-09-10 19:59:32,🎲末日結算 🚨異常掃貨 🚬菸屁股,GAMBLE,4
AVGO,2026-09-11,385.0,0.06,3694,1393,55.078574218750006,-1,360.83,0.03,0.06,2026-09-10 19:54:35,🎲末日結算 🆕新倉暴量 🚬菸屁股,GAMBLE,4
SMR,2026-09-18,10.5,0.39,1898,1370,83.789224609375,6,10.21,0.35,0.41,2026-09-10 19:45:57,🚀點火(11.2x) 🚬菸屁股 ⚠️暴動高IV(84%),BUY_WATCH,4
SMCI,2026-09-11,38.0,0.38,1717,1298,79.687703125,-1,37.38,0.35,0.38,2026-09-10 19:59:46,🎲末日結算 🆕新倉暴量 🚬菸屁股,GAMBLE,4
META,2026-09-11,705.0,0.05,1325,1240,67.96907031250001,-1,644.38,0.04,0.05,2026-09-10 19:59:34,🎲末日結算 🆕新倉暴量 🚬菸屁股,GAMBLE,4
VST,2026-09-11,155.0,0.1,1124,1237,65.03941210937501,-1,147.05,0.09,0.18,2026-09-10 19:58:27,🎲末日結算 🆕新倉暴量 🚬菸屁股,GAMBLE,4
PATH,2026-09-11,14.5,0.05,1247,1190,78.12521875,-1,13.87,0.03,0.05,2026-09-10 19:59:38,🎲末日結算 🆕新倉暴量 🚬菸屁股,GAMBLE,4
MSFT,2027-01-15,625.0,4.25,52510,1147,30.780721496582032,125,492.44,4.0,4.45,2026-09-10 19:52:10,🚀點火(33.7x) 🔥萬人塚 🏛️機構場,HOLD,4
NBIS,2026-09-18,280.0,0.95,4168,1042,91.25985302734375,6,228.11,0.93,0.99,2026-09-10 19:59:24,🆕新倉暴量 🚬菸屁股 ⚠️暴動高IV(91%),BUY_WATCH,4
META,2026-09-11,720.0,0.02,1100,967,77.3439765625,-1,644.38,0.02,0.03,2026-09-10 19:59:35,🎲末日結算 🆕新倉暴量 🚬菸屁股,GAMBLE,4
WMT,2026-09-11,112.0,0.01,1764,912,48.438015625000006,-1,105.73,0.0,0.01,2026-09-10 19:54:38,🎲末日結算 🆕新倉暴量 🚬菸屁股,GAMBLE,4
META,2026-09-11,710.0,0.03,1578,902,72.6565234375,-1,644.38,0.03,0.06,2026-09-10 19:51:49,🎲末日結算 🆕新倉暴量 🚬菸屁股,GAMBLE,4
GOOGL,2026-09-11,357.5,0.05,805,881,57.812921875,-1,332.6,0.02,0.04,2026-09-10 19:59:46,🎲末日結算 🆕新倉暴量 🚬菸屁股,GAMBLE,4
AVGO,2026-09-11,382.5,0.06,761,759,52.3442265625,-1,360.83,0.05,0.07,2026-09-10 19:59:26,🎲末日結算 🆕新倉暴量 🚬菸屁股,GAMBLE,4
BRK-B,2026-09-11,515.0,0.12,3102,702,20.0203310546875,-1,507.0,0.07,0.16,2026-09-10 19:58:08,🎲末日結算 🆕新倉暴量 🚬菸屁股,GAMBLE,4
XYZ,2026-09-11,84.0,0.03,1395,659,68.35969140625001,-1,79.07,0.01,0.1,2026-09-10 19:52:55,🎲末日結算 🆕新倉暴量 🚬菸屁股,GAMBLE,4
HIMS,2026-09-18,37.0,0.03,4347,525,100.78174609374999,6,27.44,0.03,0.05,2026-09-10 19:24:46,🚀點火(7.6x) 🚬菸屁股 ⚠️暴動高IV(101%),BUY_WATCH,4
HIMS,2026-09-18,34.0,0.08,3326,443,90.62509374999999,6,27.44,0.07,0.12,2026-09-10 19:16:03,🚀點火(4.8x) 🚬菸屁股 ⚠️暴動高IV(91%),BUY_WATCH,4
META,2026-09-11,715.0,0.03,764,410,72.6565234375,-1,644.38,0.02,0.03,2026-09-10 19:58:38,🎲末日結算 🆕新倉暴量 🚬菸屁股,GAMBLE,4
CHPT,2026-09-18,11.0,0.05,1305,364,109.375453125,6,8.93,0.05,0.1,2026-09-10 19:57:20,🚀點火(3.5x) 🚬菸屁股 ⚠️暴動高IV(109%),BUY_WATCH,4
IONQ,2026-09-18,43.0,0.25,1745,330,89.45323046875,6,36.84,0.18,0.45,2026-09-10 19:43:31,🚀點火(3.0x) 🚬菸屁股 ⚠️暴動高IV(89%),BUY_WATCH,4
IONQ,2026-09-18,42.5,0.28,3680,205,81.445498046875,6,36.84,0.21,0.34,2026-09-10 19:20:52,🚀點火(4.2x) 🚬菸屁股 ⚠️暴動高IV(81%),BUY_WATCH,4
MSFT,2026-12-18,625.0,2.57,102492,170,31.525342956542957,97,492.44,2.49,2.97,2026-09-10 19:45:21,🚀點火(6.1x) 🔥萬人塚 🏛️機構場,HOLD,4
MSFT,2026-12-18,575.0,7.45,131528,127,31.27815304565429,97,492.44,7.05,7.9,2026-09-10 19:52:08,🚀點火(3.0x) 🔥萬人塚 🏛️機構場,HOLD,4
UPST,2026-09-18,32.5,0.03,1501,68,113.67230664062502,6,25.1,0.01,0.25,2026-09-10 19:46:23,🚀點火(2.7x) 🚬菸屁股 ⚠️暴動高IV(114%),BUY_WATCH,4
AAPL,2026-09-11,320.0,6.95,22397,168047,39.600213378906254,-1,326.57,6.9,7.15,2026-09-10 19:59:49,🎲末日結算 🚨異常掃貨,GAMBLE,3
TSLA,2026-09-11,370.0,1.5,19432,92855,50.879397460937504,-1,363.56,1.49,1.5,2026-09-10 19:59:58,🎲末日結算 🚨異常掃貨,GAMBLE,3
ORCL,2026-09-18,200.0,1.12,43062,30445,127.05114599609372,6,152.94,1.13,1.14,2026-09-10 19:59:58,🆕新倉暴量 🔥萬人塚 ⚠️暴動高IV(127%),HOLD,3
GOOGL,2026-09-11,335.0,1.42,6581,23091,35.8404853515625,-1,332.6,1.4,1.48,2026-09-10 19:59:59,🎲末日結算 🚨異常掃貨,GAMBLE,3
AMZN,2026-09-11,252.5,1.6,4820,19944,36.646141357421875,-1,251.89,1.58,1.64,2026-09-10 19:59:55,🎲末日結算 🚨異常掃貨,GAMBLE,3
NVDA,2026-09-18,240.0,0.17,83391,18286,35.742830078124996,6,218.36,0.17,0.18,2026-09-10 19:59:50,🚬菸屁股 🔥萬人塚,HOLD,3
AAPL,2026-09-11,315.0,11.8,12257,15103,50.29346582031251,-1,326.57,11.4,11.9,2026-09-10 19:59:58,🎲末日結算 🚨異常掃貨,GAMBLE,3
ORCL,2026-10-16,200.0,2.75,18573,14564,76.562734375,34,152.94,2.76,2.81,2026-09-10 19:59:56,🆕新倉暴量,HOLD,3
INTC,2026-09-18,110.0,0.91,58697,13558,65.18589501953126,6,100.32,0.91,0.93,2026-09-10 19:59:54,🚬菸屁股 🔥萬人塚,HOLD,3
INTC,2026-09-18,105.0,1.94,23966,12161,63.55016918945313,6,100.32,1.93,1.98,2026-09-10 19:59:53,🆕新倉暴量,HOLD,3
IBIT,2026-09-18,47.0,0.16,36994,10724,43.7505625,6,43.68,0.17,0.19,2026-09-10 19:54:03,🚬菸屁股 🔥萬人塚,HOLD,3
NVDA,2026-09-18,250.0,0.06,94602,10218,41.602146484375,6,218.36,0.06,0.07,2026-09-10 19:59:31,🚬菸屁股 🔥萬人塚,HOLD,3
TSLA,2026-09-18,375.0,4.65,7442,8227,42.76180285644532,6,363.56,4.6,4.7,2026-09-10 19:59:57,🆕新倉暴量,HOLD,3
IBIT,2026-10-16,50.0,0.43,33330,7945,40.820904296875,34,43.68,0.43,0.45,2026-09-10 19:59:26,🚬菸屁股 🔥萬人塚,HOLD,3
INTC,2026-09-18,120.0,0.22,40539,7421,71.3870048828125,6,100.32,0.21,0.22,2026-09-10 19:57:17,🚬菸屁股 🔥萬人塚,HOLD,3
U,2026-11-20,55.0,1.43,7196,7112,67.7981735839844,69,42.07,1.18,1.71,2026-09-10 18:26:39,🆕新倉暴量,HOLD,3
TSLA,2026-09-18,360.0,11.05,7299,6506,42.8716650390625,6,363.56,10.9,11.05,2026-09-10 19:59:58,🆕新倉暴量,HOLD,3
TSLA,2026-09-18,380.0,3.38,10762,6371,43.22566540527344,6,363.56,3.35,3.45,2026-09-10 19:59:43,🆕新倉暴量,HOLD,3
MSTR,2026-09-18,140.0,2.08,8874,6215,77.80783911132812,6,128.56,2.01,2.11,2026-09-10 19:59:40,🆕新倉暴量,HOLD,3
AMZN,2026-09-11,250.0,3.05,3270,5695,38.477177734375,-1,251.89,2.99,3.1,2026-09-10 19:59:55,🎲末日結算 🚨異常掃貨,GAMBLE,3
SOFI,2026-09-18,19.0,0.09,37404,5621,55.859816406250005,6,17.21,0.08,0.09,2026-09-10 19:56:06,🚬菸屁股 🔥萬人塚,HOLD,3
NVDA,2026-10-16,400.0,0.01,12987,5558,56.250437500000004,34,218.36,0.0,0.01,2026-09-10 16:37:23,🚀點火(48.3x) 🚬菸屁股 ⚠️尾段價外(83%),BUY_WATCH,3
HOOD,2026-09-18,115.0,3.55,9582,5176,65.03941210937501,6,113.33,3.55,3.65,2026-09-10 19:59:56,🆕新倉暴量,HOLD,3
ORCL,2026-11-20,200.0,5.05,8566,5048,67.45638012695314,69,152.94,5.05,5.3,2026-09-10 19:59:26,🆕新倉暴量,HOLD,3
INTC,2026-09-18,115.0,0.43,35948,4971,67.773759765625,6,100.32,0.41,0.45,2026-09-10 19:59:33,🚬菸屁股 🔥萬人塚,HOLD,3
NVDA,2026-11-20,220.0,14.91,16774,4892,41.1688012084961,69,218.36,14.8,15.05,2026-09-10 19:59:41,🆕新倉暴量,HOLD,3
NVDA,2026-09-18,245.0,0.1,36390,4212,38.184211914062494,6,218.36,0.09,0.1,2026-09-10 19:59:43,🚬菸屁股 🔥萬人塚,HOLD,3
ORCL,2026-10-16,190.0,3.83,7985,4138,75.45190563964843,34,152.94,3.8,4.05,2026-09-10 19:59:40,🆕新倉暴量,HOLD,3
NVDA,2026-11-20,240.0,7.4,19784,4121,39.88707574462891,69,218.36,7.35,7.5,2026-09-10 19:59:24,🆕新倉暴量,HOLD,3
IBIT,2026-09-18,48.0,0.11,33364,4055,45.117736328125005,6,43.68,0.1,0.11,2026-09-10 19:57:34,🚬菸屁股 🔥萬人塚,HOLD,3
COIN,2026-09-18,185.0,2.88,5721,4019,71.70438452148437,6,172.28,2.76,2.92,2026-09-10 19:59:25,🆕新倉暴量,HOLD,3
ORCL,2026-10-16,180.0,5.45,12187,3999,74.12135253906249,34,152.94,5.35,5.65,2026-09-10 19:59:42,🆕新倉暴量,HOLD,3
MSTR,2026-09-18,130.0,4.92,8721,3957,74.24342163085937,6,128.56,4.85,5.1,2026-09-10 19:59:48,🆕新倉暴量,HOLD,3
RDDT,2026-09-18,170.0,1.55,4120,3926,65.08823974609376,6,155.34,1.32,1.62,2026-09-10 19:57:09,🚀點火(3.6x),HOLD,3
HOOD,2026-09-18,122.0,1.51,3664,3689,66.96810375976563,6,113.33,1.45,1.64,2026-09-10 19:56:01,🆕新倉暴量,HOLD,3
NVDA,2026-10-16,215.0,11.6,16493,3574,36.40810662841797,34,218.36,11.5,11.65,2026-09-10 19:59:58,🆕新倉暴量,HOLD,3
CRWV,2026-09-18,110.0,0.3,62530,3382,89.062609375,6,89.12,0.3,0.31,2026-09-10 19:59:06,🚬菸屁股 🔥萬人塚,HOLD,3
SOFI,2026-09-18,20.0,0.04,50403,3154,64.8441015625,6,17.21,0.04,0.05,2026-09-10 19:58:37,🚬菸屁股 🔥萬人塚,HOLD,3
INTC,2026-10-16,125.0,1.79,9931,3110,67.0169313964844,34,100.32,1.75,1.84,2026-09-10 19:57:46,🆕新倉暴量,HOLD,3
COIN,2026-09-18,190.0,1.97,7298,3102,75.21997436523438,6,172.28,1.9,2.3,2026-09-10 19:59:57,🆕新倉暴量,HOLD,3
GOOGL,2026-12-18,440.0,2.3,4237,3037,38.49548809814453,97,332.6,2.28,2.83,2026-09-10 17:42:25,🆕新倉暴量,HOLD,3
SMCI,2026-11-20,50.0,1.75,9058,2864,80.1759794921875,69,37.38,1.72,1.78,2026-09-10 19:59:30,🆕新倉暴量,HOLD,3
RDDT,2026-09-11,155.0,2.57,1645,2809,75.4885263671875,-1,155.34,2.47,2.77,2026-09-10 19:59:45,🎲末日結算 🚨異常掃貨,GAMBLE,3
WMT,2026-10-16,110.0,1.57,11049,2678,24.292749267578124,34,105.73,1.54,1.58,2026-09-10 19:58:44,🆕新倉暴量,HOLD,3
IBIT,2026-09-18,50.0,0.06,38682,2618,51.562984375,6,43.68,0.05,0.06,2026-09-10 20:12:25,🚬菸屁股 🔥萬人塚,HOLD,3
CRWV,2026-09-18,115.0,0.18,40608,2615,93.164130859375,6,89.12,0.16,0.19,2026-09-10 19:58:35,🚬菸屁股 🔥萬人塚,HOLD,3
TSLA,2026-09-18,490.0,0.06,6942,2482,77.3439765625,6,363.56,0.06,0.08,2026-09-10 19:54:04,🚀點火(>50x) 🚬菸屁股 ⚠️尾段價外(35%),BUY_WATCH,3
AMZN,2026-09-18,262.5,1.18,2067,2232,31.519239501953116,6,251.89,1.16,1.24,2026-09-10 19:58:18,🚀點火(2.6x),HOLD,3
AVGO,2026-12-18,500.0,3.95,5136,2200,46.60087579345704,97,360.83,3.55,4.25,2026-09-10 19:50:01,🆕新倉暴量,HOLD,3
META,2027-01-15,1000.0,4.55,8294,2168,45.493098785400385,125,644.38,4.25,4.55,2026-09-10 19:12:28,🆕新倉暴量,HOLD,3
IONQ,2026-10-16,35.0,4.3,1911,2152,74.02369726562499,34,36.84,4.2,4.45,2026-09-10 19:58:53,🆕新倉暴量,HOLD,3
NVDA,2026-09-18,300.0,0.01,37382,2063,67.18782812500001,6,218.36,0.0,0.01,2026-09-10 19:38:13,🚬菸屁股 🔥萬人塚,HOLD,3
NVDA,2026-10-16,260.0,0.67,33217,2005,35.62076098632812,34,218.36,0.66,0.68,2026-09-10 19:59:07,🚬菸屁股 🔥萬人塚,HOLD,3
RKLB,2026-09-18,65.0,1.37,3933,1958,70.21514160156251,6,61.96,1.35,1.42,2026-09-10 19:59:48,🆕新倉暴量,HOLD,3
META,2026-09-18,680.0,4.15,6766,1955,41.431249755859376,6,644.38,4.1,4.25,2026-09-10 19:59:07,🆕新倉暴量,HOLD,3
CRWV,2026-12-18,200.0,1.16,8144,1905,91.82137084960938,97,89.12,1.12,1.22,2026-09-10 19:36:00,🆕新倉暴量,HOLD,3
META,2026-09-18,675.0,5.2,3009,1860,41.1138701171875,6,644.38,5.05,5.15,2026-09-10 19:58:36,🆕新倉暴量,HOLD,3
OPEN,2027-01-15,5.0,0.19,30766,1857,100.0005,125,2.8,0.18,0.19,2026-09-10 19:20:06,🚬菸屁股 🔥萬人塚,HOLD,3
PCG,2027-01-15,20.0,0.57,33673,1806,62.40271972656251,125,14.03,0.53,0.56,2026-09-10 19:56:52,🚬菸屁股 🔥萬人塚,HOLD,3
IBIT,2026-10-16,55.0,0.15,22852,1750,45.6060126953125,34,43.68,0.15,0.16,2026-09-10 19:51:53,🚀點火(10.3x) 🚬菸屁股 ⚠️尾段價外(26%),BUY_WATCH,3
NVDA,2026-09-18,290.0,0.01,7014,1649,64.062859375,6,218.36,0.0,0.02,2026-09-10 19:44:16,🚀點火(13.2x) 🚬菸屁股 ⚠️尾段價外(33%),BUY_WATCH,3
NVDA,2026-10-16,290.0,0.14,10352,1586,40.77207666015625,34,218.36,0.13,0.15,2026-09-10 19:53:25,🚀點火(7.7x) 🚬菸屁股 ⚠️尾段價外(33%),BUY_WATCH,3
AMZN,2026-09-18,280.0,0.09,41872,1582,34.76627734375,6,251.89,0.08,0.1,2026-09-10 19:59:41,🚬菸屁股 🔥萬人塚,HOLD,3
U,2026-11-20,50.0,2.38,2533,1517,66.99251757812502,69,42.07,2.08,2.58,2026-09-10 18:51:43,🆕新倉暴量,HOLD,3
NVDA,2026-09-18,260.0,0.04,32270,1484,48.04739453125,6,218.36,0.03,0.04,2026-09-10 19:59:48,🚬菸屁股 🔥萬人塚,HOLD,3
F,2026-09-18,15.0,0.03,48700,1452,40.62559375,6,13.88,0.02,0.04,2026-09-10 19:56:29,🚬菸屁股 🔥萬人塚,HOLD,3
OPEN,2028-01-21,5.0,0.77,39346,1443,97.070341796875,496,2.8,0.75,0.77,2026-09-10 19:54:50,🔭LEAPS 🔥萬人塚,HOLD,3
AVGO,2026-09-18,370.0,4.33,5731,1423,38.41614318847656,6,360.83,4.2,4.5,2026-09-10 19:59:27,🆕新倉暴量,HOLD,3
GOOGL,2026-09-18,347.5,1.53,2016,1366,32.19061950683593,6,332.6,1.46,1.57,2026-09-10 19:54:15,🆕新倉暴量,HOLD,3
META,2026-09-18,685.0,3.45,1514,1339,41.77914666748046,6,644.38,3.35,3.5,2026-09-10 19:59:02,🆕新倉暴量,HOLD,3
TJX,2027-01-15,145.0,2.1,3645,1335,26.905027832031248,125,126.42,2.05,2.3,2026-09-10 19:46:17,🆕新倉暴量,HOLD,3
SOFI,2026-09-18,25.0,0.01,35930,1303,112.5004375,6,17.21,0.01,0.02,2026-09-10 19:42:16,🚀點火(6.3x) 🚬菸屁股 🔥萬人塚 ⚠️尾段價外(45%) ⚠️暴動高IV(113%),BUY_WATCH,3
COSM,2027-01-15,2.0,0.05,1415,1300,237.50040624999994,125,0.253,0.0,0.05,2026-08-20 13:59:24,🆕新倉暴量 ⚠️IV頂峰 🚬菸屁股,BUY_WATCH,3
PCG,2026-11-20,20.0,0.24,247966,1300,62.500375000000005,69,14.03,0.2,0.23,2026-09-10 19:56:52,🚬菸屁股 🔥萬人塚,HOLD,3
IBIT,2026-10-16,60.0,0.09,28542,1214,52.3442265625,34,43.68,0.08,0.09,2026-09-10 19:51:10,🚀點火(10.5x) 🚬菸屁股 ⚠️尾段價外(37%),BUY_WATCH,3
INTC,2026-10-16,170.0,0.17,7473,1142,76.17211328125,34,100.32,0.13,0.17,2026-09-10 19:09:03,🚀點火(27.9x) 🚬菸屁股 ⚠️尾段價外(69%),BUY_WATCH,3
SOFI,2026-09-18,22.0,0.02,153230,1127,79.687703125,6,17.21,0.01,0.02,2026-09-10 19:49:49,🚬菸屁股 🔥萬人塚,HOLD,3
VRT,2026-09-18,270.0,2.08,2749,1111,60.058993164062514,6,248.13,1.94,2.27,2026-09-10 19:55:35,🆕新倉暴量,HOLD,3
HOOD,2026-10-16,140.0,2.13,3367,1060,66.55306884765628,34,113.33,2.05,2.23,2026-09-10 19:58:51,🆕新倉暴量,HOLD,3
ASTS,2026-09-18,65.0,1.05,3267,1055,78.9064609375,6,59.91,1.0,1.09,2026-09-10 19:59:40,🆕新倉暴量,HOLD,3
SOFI,2027-01-15,25.0,0.55,102484,1034,60.01016552734376,125,17.21,0.54,0.55,2026-09-10 19:58:01,🚬菸屁股 🔥萬人塚,HOLD,3
WMT,2026-12-18,115.0,2.85,3701,1031,28.443098388671867,97,105.73,2.8,2.9,2026-09-10 19:50:42,🆕新倉暴量,HOLD,3
VST,2026-09-18,150.0,3.0,3999,1029,51.562984375,6,147.05,2.6,3.2,2026-09-10 19:56:16,🆕新倉暴量,HOLD,3
U,2026-10-16,48.0,1.05,1654,1028,56.49457568359376,34,42.07,0.97,1.14,2026-09-10 19:59:55,🆕新倉暴量,HOLD,3
HIMS,2026-11-20,28.0,3.7,1878,1027,82.95915478515624,69,27.44,3.7,3.8,2026-09-10 19:59:28,🆕新倉暴量,HOLD,3
IREN,2026-11-20,75.0,1.35,3556,1026,98.04689453125,69,43.64,1.13,1.32,2026-09-10 19:20:01,🆕新倉暴量,HOLD,3
ONDS,2027-01-15,15.0,0.24,55670,1021,90.82040429687498,125,7.25,0.2,0.24,2026-09-10 19:59:56,🚬菸屁股 🔥萬人塚,HOLD,3
ONDS,2026-09-18,10.0,0.01,61912,1014,93.7500625,6,7.25,0.0,0.01,2026-09-10 19:58:23,🚬菸屁股 🔥萬人塚,HOLD,3
SOFI,2027-01-15,30.0,0.27,76879,1012,64.062859375,125,17.21,0.26,0.27,2026-09-10 19:59:52,🚬菸屁股 🔥萬人塚,HOLD,3
HOOD,2026-10-16,125.0,4.8,3538,914,65.03941210937501,34,113.33,4.7,5.2,2026-09-10 19:59:29,🆕新倉暴量,HOLD,3
VST,2026-11-20,195.0,2.1,2574,892,53.18650329589845,69,147.05,1.9,2.51,2026-09-10 18:03:13,🆕新倉暴量,HOLD,3
BRK-B,2026-09-18,510.0,2.97,2640,891,14.783567016601564,6,507.0,2.84,3.1,2026-09-10 19:59:50,🆕新倉暴量,HOLD,3
OPEN,2028-01-21,10.0,0.45,46307,875,105.76218994140625,496,2.8,0.44,0.47,2026-09-10 19:58:04,🔭LEAPS 🔥萬人塚,HOLD,3
META,2026-09-18,690.0,2.77,3777,847,41.88900885009765,6,644.38,2.74,2.82,2026-09-10 19:59:22,🆕新倉暴量,HOLD,3
INTC,2026-09-18,135.0,0.04,30355,799,85.1563984375,6,100.32,0.04,0.05,2026-09-10 19:56:40,🚬菸屁股 🔥萬人塚,HOLD,3
ASTS,2026-10-16,65.0,3.85,2573,785,78.66232275390624,34,59.91,3.85,4.0,2026-09-10 19:59:19,🆕新倉暴量,HOLD,3
ACHR,2027-01-15,7.0,0.55,61322,766,81.83611914062499,125,5.45,0.52,0.61,2026-09-10 19:56:01,🚬菸屁股 🔥萬人塚,HOLD,3
HIMS,2026-10-16,30.0,1.43,2582,759,69.92217578125,34,27.44,1.41,1.46,2026-09-10 19:59:31,🆕新倉暴量,HOLD,3
UPST,2026-12-18,30.0,2.19,1685,745,77.44163183593751,97,25.1,2.15,2.59,2026-09-10 19:35:16,🆕新倉暴量,HOLD,3
RKLB,2026-09-18,64.0,1.79,833,741,70.16631396484375,6,61.96,1.65,1.78,2026-09-10 19:45:54,🆕新倉暴量,HOLD,3
IONQ,2026-11-20,45.0,2.75,3190,683,83.05681005859374,69,36.84,2.65,2.79,2026-09-10 19:42:45,🆕新倉暴量,HOLD,3
PCG,2026-12-18,18.0,0.65,81698,660,62.500375000000005,97,14.03,0.53,0.78,2026-09-10 19:32:45,🚬菸屁股 🔥萬人塚,HOLD,3
PCG,2027-01-15,22.0,0.39,75106,653,62.305064453125006,125,14.03,0.29,0.39,2026-09-10 18:55:32,🚬菸屁股 🔥萬人塚,HOLD,3
VRT,2026-10-16,300.0,3.89,2176,647,58.45988806152342,34,248.13,3.75,4.05,2026-09-10 19:59:55,🆕新倉暴量,HOLD,3
OKLO,2026-11-20,45.0,3.98,2892,619,83.61832788085937,69,39.88,3.9,4.05,2026-09-10 19:56:40,🆕新倉暴量,HOLD,3
CRSP,2027-01-15,75.0,1.94,2988,613,64.9417568359375,125,52.26,1.9,2.5,2026-09-10 16:43:29,🆕新倉暴量,HOLD,3
IONQ,2026-11-20,40.0,4.0,2385,591,80.85956640625,69,36.84,3.9,4.1,2026-09-10 19:56:59,🆕新倉暴量,HOLD,3
ACHR,2027-01-15,10.0,0.19,51867,553,85.1563984375,125,5.45,0.18,0.22,2026-09-10 19:12:23,🚬菸屁股 🔥萬人塚,HOLD,3
OPEN,2027-01-15,7.0,0.07,50444,521,111.71919140624999,125,2.8,0.08,0.13,2026-09-10 19:13:21,🚬菸屁股 🔥萬人塚,HOLD,3
PCG,2026-11-20,16.0,0.79,84644,517,59.766027343750004,69,14.03,0.74,0.82,2026-09-10 19:59:18,🚬菸屁股 🔥萬人塚,HOLD,3
NVDA,2028-01-21,300.0,20.85,96186,508,45.544978149414064,496,218.36,20.0,22.65,2026-09-10 19:20:51,🔭LEAPS 🔥萬人塚,HOLD,3
ASTS,2027-01-15,170.0,1.1,1591,503,97.60744580078125,125,59.91,0.65,0.91,2026-09-10 14:20:43,🆕新倉暴量,HOLD,3
ARM,2026-09-18,270.0,4.61,2059,499,69.17755432128907,6,254.18,4.45,4.75,2026-09-10 19:59:21,🆕新倉暴量,HOLD,3
ONDS,2027-01-15,10.0,0.7,50935,498,86.8165380859375,125,7.25,0.68,0.7,2026-09-10 19:59:15,🚬菸屁股 🔥萬人塚,HOLD,3
ASTS,2026-09-18,62.0,1.78,1401,476,76.562734375,6,59.91,1.77,1.9,2026-09-10 19:59:46,🆕新倉暴量,HOLD,3
TGT,2026-09-18,160.0,1.2,1866,466,30.322962402343745,6,155.73,1.07,1.19,2026-09-10 19:59:20,🆕新倉暴量,HOLD,3
PATH,2026-12-18,15.0,1.67,1691,448,71.19169433593751,97,13.87,1.54,1.67,2026-09-10 19:29:04,🆕新倉暴量,HOLD,3
SMCI,2026-10-16,43.0,1.55,1036,432,71.9729365234375,34,37.38,1.44,1.51,2026-09-10 19:42:18,🆕新倉暴量,HOLD,3
HIMS,2026-10-16,32.0,1.05,1869,425,71.24052197265625,34,27.44,0.85,1.08,2026-09-10 19:50:32,🆕新倉暴量,HOLD,3
RDDT,2026-10-16,180.0,4.45,1161,414,63.67223828125,34,155.34,4.25,4.7,2026-09-10 19:51:20,🆕新倉暴量,HOLD,3
NVDA,2026-09-18,265.0,0.03,51019,389,51.17236328125,6,218.36,0.01,0.03,2026-09-10 19:52:54,🚬菸屁股 🔥萬人塚,HOLD,3
SHOP,2026-09-18,160.0,0.05,81136,375,67.18782812500001,6,126.6,0.02,0.07,2026-09-10 19:56:39,🚬菸屁股 🔥萬人塚,HOLD,3
NVDA,2027-01-15,460.0,0.08,32237,360,46.0942890625,125,218.36,0.07,0.08,2026-09-10 19:46:45,🚬菸屁股 🔥萬人塚,HOLD,3
F,2027-01-15,14.85,0.82,55896,332,37.84241845703124,125,13.88,0.81,0.85,2026-09-10 19:56:45,🚬菸屁股 🔥萬人塚,HOLD,3
ONDS,2027-01-15,30.0,0.04,81179,330,112.5004375,125,7.25,0.04,0.07,2026-09-10 19:47:25,🚬菸屁股 🔥萬人塚,HOLD,3
OPEN,2028-01-21,20.0,3.25,37480,327,50.0005,496,2.8,0.0,0.0,2025-11-17 20:56:15,🔭LEAPS 🔥萬人塚,HOLD,3
IBIT,2026-09-18,55.0,0.03,36289,285,71.0940390625,6,43.68,0.02,0.03,2026-09-10 16:58:16,🚬菸屁股 🔥萬人塚,HOLD,3
NVDA,2027-01-15,340.0,0.94,73244,243,42.00497448730469,125,218.36,0.93,0.99,2026-09-10 19:50:01,🚬菸屁股 🔥萬人塚,HOLD,3
IBIT,2026-11-20,57.0,0.39,37107,232,44.67828759765625,69,43.68,0.37,0.4,2026-09-10 19:37:12,🚬菸屁股 🔥萬人塚,HOLD,3
TSLA,2026-09-18,480.0,0.1,5450,227,72.6565234375,6,363.56,0.06,0.08,2026-09-10 17:23:50,🚀點火(2.8x) 🚬菸屁股 ⚠️尾段價外(32%),BUY_WATCH,3
AMZN,2026-11-20,350.0,0.62,30114,227,40.18614501953125,69,251.89,0.6,0.65,2026-09-10 19:19:09,🚬菸屁股 🔥萬人塚,HOLD,3
SOFI,2027-01-15,35.0,0.15,31101,226,68.555001953125,125,17.21,0.15,0.16,2026-09-10 17:52:39,🚬菸屁股 🔥萬人塚,HOLD,3
OPEN,2027-01-15,10.0,0.06,37099,194,114.84417578124999,125,2.8,0.03,0.05,2026-09-10 19:22:05,🚬菸屁股 🔥萬人塚,HOLD,3
NVDA,2028-01-21,250.0,34.1,37636,186,45.14977946472168,496,218.36,33.9,34.45,2026-09-10 19:59:33,🔭LEAPS 🔥萬人塚,HOLD,3
SHOP,2026-09-18,195.0,0.01,82618,179,93.7500625,6,126.6,0.0,0.01,2026-09-09 19:22:00,🚬菸屁股 🔥萬人塚,HOLD,3
AMZN,2026-09-18,300.0,0.03,35275,178,45.898978515625004,6,251.89,0.02,0.03,2026-09-10 19:59:39,🚬菸屁股 🔥萬人塚,HOLD,3
SHOP,2026-09-18,140.0,0.45,48189,170,52.88133056640626,6,126.6,0.45,0.53,2026-09-10 19:46:56,🚬菸屁股 🔥萬人塚,HOLD,3
IBIT,2028-06-16,100.0,2.88,32434,168,54.68795312500001,643,43.68,2.74,3.1,2026-09-10 20:00:11,🔭LEAPS 🔥萬人塚,HOLD,3
IBIT,2027-01-15,70.0,0.32,32589,149,48.92629199218751,125,43.68,0.3,0.34,2026-09-10 19:39:08,🚬菸屁股 🔥萬人塚,HOLD,3
DKNG,2026-11-20,30.0,0.78,105958,147,61.27968408203126,69,23.71,0.71,0.81,2026-09-10 19:43:35,🚬菸屁股 🔥萬人塚,HOLD,3
PCG,2026-09-18,23.0,0.01,107195,140,128.125359375,6,14.03,0.0,0.01,2026-09-09 19:26:22,🚬菸屁股 🔥萬人塚,HOLD,3
IBIT,2027-01-15,90.0,0.14,35010,135,58.789474609375006,125,43.68,0.13,0.16,2026-09-10 19:41:28,🚬菸屁股 🔥萬人塚,HOLD,3
META,2027-01-15,1250.0,0.77,38389,129,47.852083984375,125,644.38,0.77,0.8,2026-09-10 19:55:55,🚬菸屁股 🔥萬人塚,HOLD,3
PCG,2026-10-16,20.0,0.07,71614,117,68.7503125,34,14.03,0.05,0.1,2026-09-10 19:50:38,🚬菸屁股 🔥萬人塚,HOLD,3
IREN,2028-01-21,110.0,7.8,52615,111,93.43268286132812,496,43.64,7.35,7.95,2026-09-10 19:50:00,🔭LEAPS 🔥萬人塚,HOLD,3
F,2026-10-16,13.0,1.19,1728,107,41.211525390625,34,13.88,1.13,1.22,2026-09-10 19:11:20,🚀點火(4.0x),HOLD,3
IBIT,2027-01-15,140.0,0.05,30357,106,76.562734375,125,43.68,0.05,0.06,2026-09-10 20:01:02,🆕低基期(前日Vol2) 🚬菸屁股 🔥萬人塚,HOLD,3
GOOGL,2026-10-16,410.0,0.64,33359,101,37.84241845703124,34,332.6,0.61,0.69,2026-09-10 19:12:18,🚬菸屁股 🔥萬人塚,HOLD,3
IREN,2026-09-18,65.0,0.03,30082,97,117.1879140625,6,43.64,0.03,0.04,2026-09-10 19:36:48,🚬菸屁股 🔥萬人塚,HOLD,3
PCG,2026-09-18,19.0,0.02,101062,86,108.59420703125,6,14.03,0.02,0.04,2026-09-10 19:09:56,🚬菸屁股 🔥萬人塚,HOLD,3
NVDA,2028-01-21,400.0,8.25,51688,71,45.862357788085944,496,218.36,8.15,10.0,2026-09-10 19:25:40,🆕低基期(前日Vol15) 🔭LEAPS 🔥萬人塚,HOLD,3
F,2027-01-15,19.85,0.11,53625,59,41.602146484375,125,13.88,0.1,0.13,2026-09-10 16:43:07,🚬菸屁股 🔥萬人塚,HOLD,3
F,2026-09-18,17.0,0.02,46479,58,65.62534375000001,6,13.88,0.0,0.02,2026-09-10 19:56:51,🚬菸屁股 🔥萬人塚,HOLD,3
IBIT,2028-01-21,140.0,0.78,32482,53,56.9340244140625,496,43.68,0.73,0.88,2026-09-10 18:13:45,🆕低基期(前日Vol11) 🔭LEAPS 🔥萬人塚,HOLD,3
PCG,2026-09-18,20.0,0.02,121435,35,104.68797656250001,6,14.03,0.0,0.02,2026-09-10 16:02:41,🚬菸屁股 🔥萬人塚,HOLD,3
F,2027-01-15,16.85,0.34,36413,26,38.574833007812494,125,13.88,0.33,0.38,2026-09-10 19:12:47,🚬菸屁股 🔥萬人塚,HOLD,3
DKNG,2026-11-20,37.5,0.16,99499,15,65.52768847656252,69,23.71,0.15,0.26,2026-09-10 15:47:52,🚬菸屁股 🔥萬人塚,HOLD,3
PCG,2026-09-18,21.0,0.02,90979,13,115.625421875,6,14.03,0.0,0.02,2026-09-10 14:43:10,🆕低基期(前日Vol5) 🚬菸屁股 🔥萬人塚,HOLD,3
PCG,2026-09-18,25.0,0.01,138563,10,143.75028125,6,14.03,0.0,0.01,2026-09-09 14:09:00,🚬菸屁股 🔥萬人塚,HOLD,3
SHOP,2026-09-18,175.0,0.01,44519,9,78.9064609375,6,126.6,0.01,0.02,2026-09-10 15:09:15,🚬菸屁股 🔥萬人塚,HOLD,3
META,2027-01-15,1430.0,0.38,45756,8,50.41553491210937,125,644.38,0.28,0.36,2026-09-10 17:58:59,🚬菸屁股 🔥萬人塚,HOLD,3
TSLA,2027-01-15,940.0,0.53,93682,5,65.5521022949219,125,363.56,0.45,0.57,2026-09-10 19:59:39,🆕低基期(前日Vol1) 🚬菸屁股 🔥萬人塚,HOLD,3
IBIT,2026-09-18,65.0,0.01,33754,5,93.7500625,6,43.68,0.0,0.01,2026-09-10 16:55:45,🚬菸屁股 🔥萬人塚,HOLD,3
PCG,2026-09-18,24.0,0.01,170363,5,137.50031249999998,6,14.03,0.0,0.01,2026-09-09 14:08:45,🚬菸屁股 🔥萬人塚,HOLD,3
NVDA,2026-09-18,460.0,0.01,32685,1,146.875265625,6,218.36,0.0,0.01,2026-09-03 14:40:03,🚬菸屁股 🔥萬人塚,HOLD,3
PCG,2026-09-18,22.0,0.02,77119,1,118.75040625,6,14.03,0.0,0.01,2026-09-10 14:54:03,🚬菸屁股 🔥萬人塚,HOLD,3
AAPL,2026-09-18,335.0,2.23,20509,17107,28.0158565673828,6,326.57,2.2,2.26,2026-09-10 19:59:57,🆕新倉暴量 🏛️機構場,HOLD,2
NVDA,2026-09-18,235.0,0.38,47804,15896,34.278000976562495,6,218.36,0.37,0.38,2026-09-10 19:59:55,🚬菸屁股 🔥萬人塚 🏛️機構場,HOLD,2
MSTR,2026-09-11,147.0,0.05,16004,15456,128.51598242187498,-1,128.56,0.04,0.12,2026-09-10 19:58:33,🎲末日結算 🚀點火(3.8x) 🚬菸屁股 ⚠️暴動高IV(129%),GAMBLE,2
AAPL,2026-09-18,350.0,0.33,45309,14475,29.24875439453124,6,326.57,0.33,0.34,2026-09-10 19:59:56,🚬菸屁股 🔥萬人塚 🏛️機構場,HOLD,2
MSTR,2026-09-11,152.5,0.04,21072,14216,131.25034374999998,-1,128.56,0.0,0.04,2026-09-10 19:57:51,🎲末日結算 🆕新倉暴量 🚬菸屁股 ⚠️暴動高IV(131%),GAMBLE,2
AAPL,2026-10-16,330.0,9.45,15794,13035,27.069821105957036,34,326.57,9.35,9.5,2026-09-10 19:59:58,🆕新倉暴量 🏛️機構場,HOLD,2
MSTR,2026-09-11,140.0,0.22,10161,11162,108.7895185546875,-1,128.56,0.21,0.24,2026-09-10 19:59:51,🎲末日結算 🆕新倉暴量 🚬菸屁股 ⚠️暴動高IV(109%),GAMBLE,2
SMCI,2026-09-11,44.5,0.01,11581,11097,131.25034374999998,-1,37.38,0.0,0.01,2026-09-10 19:46:00,🎲末日結算 🆕新倉暴量 🚬菸屁股 ⚠️暴動高IV(131%),GAMBLE,2
MSTR,2026-09-11,155.0,0.02,8909,8333,137.50031249999998,-1,128.56,0.01,0.02,2026-09-10 19:49:01,🎲末日結算 🚀點火(2.8x) 🚬菸屁股 ⚠️暴動高IV(138%),GAMBLE,2
COIN,2026-09-11,180.0,0.7,6976,7415,87.35364208984375,-1,172.28,0.7,0.75,2026-09-10 19:59:56,🎲末日結算 🆕新倉暴量 🚬菸屁股 ⚠️暴動高IV(87%),GAMBLE,2
NVDA,2026-09-18,227.5,1.31,13628,7089,34.16813879394531,6,218.36,1.31,1.33,2026-09-10 19:59:57,🆕新倉暴量 🏛️機構場,HOLD,2
AAPL,2026-12-18,360.0,7.45,14170,7036,27.95482202148437,97,326.57,7.2,7.5,2026-09-10 19:59:43,🆕新倉暴量 🏛️機構場,HOLD,2
NVDA,2026-10-16,225.0,6.7,21059,6934,34.97989825439453,34,218.36,6.7,6.75,2026-09-10 19:59:59,🆕新倉暴量 🏛️機構場,HOLD,2
AAPL,2026-10-16,320.0,14.9,12693,6123,28.186753295898438,34,326.57,14.75,15.0,2026-09-10 19:59:24,🆕新倉暴量 🏛️機構場,HOLD,2
AAPL,2026-10-16,345.0,4.05,25658,6019,25.99561309814453,34,326.57,4.0,4.1,2026-09-10 19:59:28,🆕新倉暴量 🏛️機構場,HOLD,2
AAPL,2026-12-18,380.0,3.7,5814,5880,27.72899420166015,97,326.57,3.6,3.85,2026-09-10 19:56:52,🆕新倉暴量 🏛️機構場,HOLD,2
COIN,2026-09-11,187.5,0.2,6914,5345,99.023447265625,-1,172.28,0.16,0.24,2026-09-10 19:59:16,🎲末日結算 🆕新倉暴量 🚬菸屁股 ⚠️暴動高IV(99%),GAMBLE,2
INTC,2026-10-16,110.0,4.45,73330,5172,64.25816992187501,34,100.32,4.4,4.55,2026-09-10 19:59:52,🔥萬人塚,HOLD,2
AAPL,2026-11-20,350.0,7.6,11426,5127,28.4064776611328,69,326.57,7.5,7.7,2026-09-10 19:59:26,🆕新倉暴量 🏛️機構場,HOLD,2
COIN,2026-09-11,195.0,0.06,6694,4588,107.42233789062503,-1,172.28,0.01,0.09,2026-09-10 19:45:22,🎲末日結算 🆕新倉暴量 🚬菸屁股 ⚠️暴動高IV(107%),GAMBLE,2
TSLA,2026-09-11,410.0,0.02,6648,4576,88.2813671875,-1,363.56,0.02,0.03,2026-09-10 19:52:52,🎲末日結算 🆕新倉暴量 🚬菸屁股 ⚠️暴動高IV(88%),GAMBLE,2
INTC,2026-09-11,107.0,0.11,11175,4572,80.4689453125,-1,100.32,0.11,0.13,2026-09-10 19:59:54,🎲末日結算 🆕新倉暴量 🚬菸屁股 ⚠️暴動高IV(80%),GAMBLE,2
ONDS,2026-09-11,8.0,0.01,15881,4367,100.0005,-1,7.25,0.0,0.01,2026-09-10 19:56:20,🎲末日結算 🆕新倉暴量 🚬菸屁股 ⚠️暴動高IV(100%),GAMBLE,2
AAPL,2026-11-20,360.0,5.05,10299,4035,28.15013256835937,69,326.57,5.05,5.25,2026-09-10 19:59:34,🆕新倉暴量 🏛️機構場,HOLD,2
MSTR,2026-09-11,148.0,0.04,12414,3930,121.09414453124998,-1,128.56,0.01,0.07,2026-09-10 19:54:03,🎲末日結算 🆕新倉暴量 🚬菸屁股 ⚠️暴動高IV(121%),GAMBLE,2
INTC,2026-09-18,100.0,3.93,40622,3915,63.623410644531255,6,100.32,3.85,4.0,2026-09-10 19:59:39,🔥萬人塚,HOLD,2
NVDA,2026-11-20,250.0,5.1,35703,3841,39.71007556152344,69,218.36,5.0,5.15,2026-09-10 19:59:22,🔥萬人塚,HOLD,2
IREN,2026-09-11,50.0,0.03,8590,3808,128.125359375,-1,43.64,0.02,0.03,2026-09-10 19:59:05,🎲末日結算 🆕新倉暴量 🚬菸屁股 ⚠️暴動高IV(128%),GAMBLE,2
AAPL,2026-10-16,335.0,7.25,10406,3658,26.685303466796878,34,326.57,7.15,7.35,2026-09-10 19:59:29,🆕新倉暴量 🏛️機構場,HOLD,2
XYZ,2026-09-11,85.0,0.01,4093,3586,91.01571484374999,-1,79.07,0.0,0.22,2026-09-10 19:46:37,🎲末日結算 🆕新倉暴量 🚬菸屁股 ⚠️暴動高IV(91%),GAMBLE,2
SOFI,2026-09-11,18.5,0.01,15855,3583,82.81267187499999,-1,17.21,0.01,0.02,2026-09-10 19:59:20,🎲末日結算 🆕新倉暴量 🚬菸屁股 ⚠️暴動高IV(83%),GAMBLE,2
XYZ,2026-09-11,88.0,0.05,3991,3561,103.12548437500001,-1,79.07,0.0,0.08,2026-09-10 16:57:42,🎲末日結算 🆕新倉暴量 🚬菸屁股 ⚠️暴動高IV(103%),GAMBLE,2
NVDA,2027-01-15,300.0,2.44,64398,3537,40.00304138183594,125,218.36,2.41,2.48,2026-09-10 19:59:57,🔥萬人塚,HOLD,2
IBIT,2026-09-11,48.0,0.01,12285,3481,81.2501875,-1,43.68,0.0,0.02,2026-09-10 19:59:39,🎲末日結算 🆕新倉暴量 🚬菸屁股 ⚠️暴動高IV(81%),GAMBLE,2
NVDA,2027-01-15,250.0,9.5,64958,3393,39.8443515625,125,218.36,9.5,9.6,2026-09-10 19:59:35,🔥萬人塚,HOLD,2
AAPL,2027-01-15,325.0,24.0,7878,3328,30.368738311767572,125,326.57,23.7,24.05,2026-09-10 19:59:58,🆕新倉暴量 🏛️機構場,HOLD,2
ASTS,2026-09-11,70.0,0.03,5798,3287,140.625296875,-1,59.91,0.02,0.04,2026-09-10 19:57:16,🎲末日結算 🆕新倉暴量 🚬菸屁股 ⚠️暴動高IV(141%),GAMBLE,2
HOOD,2026-09-11,123.0,0.11,3627,3256,94.5313046875,-1,113.33,0.11,0.13,2026-09-10 19:59:59,🎲末日結算 🆕新倉暴量 🚬菸屁股 ⚠️暴動高IV(95%),GAMBLE,2
MSTR,2026-09-11,143.0,0.13,14238,3072,117.96916015624998,-1,128.56,0.09,0.2,2026-09-10 19:56:53,🎲末日結算 🆕新倉暴量 🚬菸屁股 ⚠️暴動高IV(118%),GAMBLE,2
IREN,2026-09-11,48.0,0.07,3070,2987,117.96916015624998,-1,43.64,0.07,0.08,2026-09-10 19:59:52,🎲末日結算 🆕新倉暴量 🚬菸屁股 ⚠️暴動高IV(118%),GAMBLE,2
PCG,2027-01-15,17.0,1.01,88910,2978,59.570716796875004,125,14.03,0.92,1.06,2026-09-10 19:54:52,🔥萬人塚,HOLD,2
NVDA,2026-12-18,200.0,29.15,48753,2974,43.39656213378906,97,218.36,29.15,29.4,2026-09-10 19:59:30,🔥萬人塚,HOLD,2
MSFT,2026-10-16,520.0,6.6,10726,2790,27.094234924316407,34,492.44,6.5,6.8,2026-09-10 19:59:33,🆕新倉暴量 🏛️機構場,HOLD,2
RKLB,2026-09-11,70.0,0.02,9329,2747,110.9379453125,-1,61.96,0.02,0.03,2026-09-10 19:59:22,🎲末日結算 🆕新倉暴量 🚬菸屁股 ⚠️暴動高IV(111%),GAMBLE,2
MSTR,2026-09-11,138.0,0.32,11145,2674,103.32079589843752,-1,128.56,0.28,0.36,2026-09-10 19:59:07,🎲末日結算 🆕新倉暴量 🚬菸屁股 ⚠️暴動高IV(103%),GAMBLE,2
HOOD,2026-09-11,128.0,0.05,6154,2642,110.9379453125,-1,113.33,0.04,0.05,2026-09-10 19:59:35,🎲末日結算 🆕新倉暴量 🚬菸屁股 ⚠️暴動高IV(111%),GAMBLE,2
AAPL,2026-11-20,315.0,23.79,6922,2602,31.22627368164062,69,326.57,23.6,24.0,2026-09-10 19:58:04,🆕新倉暴量 🏛️機構場,HOLD,2
COIN,2026-09-11,200.0,0.02,5046,2549,117.96916015624998,-1,172.28,0.02,0.04,2026-09-10 19:54:08,🎲末日結算 🆕新倉暴量 🚬菸屁股 ⚠️暴動高IV(118%),GAMBLE,2
HIMS,2026-09-11,30.0,0.02,10147,2378,90.62509374999999,-1,27.44,0.01,0.02,2026-09-10 19:54:49,🎲末日結算 🆕新倉暴量 🚬菸屁股 ⚠️暴動高IV(91%),GAMBLE,2
MSTR,2026-11-20,135.0,15.76,31094,2369,78.63180548095703,69,128.56,14.85,15.35,2026-09-10 19:17:21,🔥萬人塚,HOLD,2
SMR,2026-09-11,11.0,0.04,9375,2329,117.1879140625,-1,10.21,0.03,0.04,2026-09-10 19:51:59,🎲末日結算 🆕新倉暴量 🚬菸屁股 ⚠️暴動高IV(117%),GAMBLE,2
IREN,2026-09-11,44.0,0.81,3132,2222,105.46922265625001,-1,43.64,0.78,0.81,2026-09-10 19:59:46,🎲末日結算 🆕新倉暴量 🚬菸屁股 ⚠️暴動高IV(105%),GAMBLE,2
HOOD,2026-09-11,132.0,0.02,2140,2118,123.43788281249999,-1,113.33,0.02,0.03,2026-09-10 19:58:31,🎲末日結算 🆕新倉暴量 🚬菸屁股 ⚠️暴動高IV(123%),GAMBLE,2
HIMS,2026-09-11,29.5,0.03,3125,2048,89.062609375,-1,27.44,0.03,0.04,2026-09-10 19:59:41,🎲末日結算 🆕新倉暴量 🚬菸屁股 ⚠️暴動高IV(89%),GAMBLE,2
NBIS,2026-09-11,260.0,0.13,3638,2032,123.43788281249999,-1,228.11,0.1,0.15,2026-09-10 19:59:00,🎲末日結算 🆕新倉暴量 🚬菸屁股 ⚠️暴動高IV(123%),GAMBLE,2
PCG,2027-01-15,16.0,1.26,45708,1998,60.25430371093752,125,14.03,1.21,1.34,2026-09-10 19:56:47,🔥萬人塚,HOLD,2
HOOD,2026-09-11,127.0,0.05,2924,1926,107.81296093750001,-1,113.33,0.05,0.06,2026-09-10 19:53:53,🎲末日結算 🆕新倉暴量 🚬菸屁股 ⚠️暴動高IV(108%),GAMBLE,2
PATH,2026-09-11,15.0,0.02,5218,1811,96.87503124999999,-1,13.87,0.01,0.03,2026-09-10 19:46:57,🎲末日結算 🆕新倉暴量 🚬菸屁股 ⚠️暴動高IV(97%),GAMBLE,2
NVDA,2026-12-18,250.0,7.2,37340,1808,39.368282104492195,97,218.36,7.1,7.3,2026-09-10 19:59:36,🔥萬人塚,HOLD,2
NVDA,2027-01-15,260.0,7.26,51893,1751,39.69786865234375,125,218.36,7.2,7.35,2026-09-10 19:58:28,🔥萬人塚,HOLD,2
AVGO,2026-10-16,440.0,1.22,33208,1739,40.27159338378906,34,360.83,1.2,1.26,2026-09-10 19:56:15,🔥萬人塚,HOLD,2
ORCL,2026-12-18,250.0,2.74,47536,1577,69.3484510498047,97,152.94,2.68,2.9,2026-09-10 19:59:22,🔥萬人塚,HOLD,2
SOFI,2027-01-15,20.0,1.4,92876,1539,58.30119824218749,125,17.21,1.37,1.39,2026-09-10 19:56:51,🔥萬人塚,HOLD,2
HIMS,2026-09-11,29.0,0.07,3670,1460,83.59391406249999,-1,27.44,0.05,0.07,2026-09-10 19:49:53,🎲末日結算 🆕新倉暴量 🚬菸屁股 ⚠️暴動高IV(84%),GAMBLE,2
OKLO,2026-10-16,45.0,2.16,56285,1455,78.9064609375,34,39.88,2.07,2.15,2026-09-10 19:59:59,🔥萬人塚,HOLD,2
SMCI,2026-09-11,41.0,0.03,3035,1374,101.5629921875,-1,37.38,0.03,0.04,2026-09-10 19:56:02,🎲末日結算 🆕新倉暴量 🚬菸屁股 ⚠️暴動高IV(102%),GAMBLE,2
NVDA,2026-09-18,210.0,10.1,58625,1354,39.014281738281255,6,218.36,10.15,10.2,2026-09-10 19:59:33,🔥萬人塚,HOLD,2
ARM,2026-09-11,280.0,0.14,2318,1334,93.7500625,-1,254.18,0.1,0.14,2026-09-10 19:59:46,🎲末日結算 🆕新倉暴量 🚬菸屁股 ⚠️暴動高IV(94%),GAMBLE,2
ZM,2026-09-11,105.0,0.03,1775,1333,84.37515624999999,-1,95.46,0.0,0.05,2026-09-10 19:40:40,🎲末日結算 🆕新倉暴量 🚬菸屁股 ⚠️暴動高IV(84%),GAMBLE,2
HOOD,2026-09-11,126.0,0.04,2603,1301,105.46922265625001,-1,113.33,0.06,0.08,2026-09-10 19:59:17,🎲末日結算 🆕新倉暴量 🚬菸屁股 ⚠️暴動高IV(105%),GAMBLE,2
GOOGL,2026-10-16,375.0,2.18,65895,1287,33.1061376953125,34,332.6,2.16,2.26,2026-09-10 19:59:02,🔥萬人塚,HOLD,2
NVDA,2027-01-15,280.0,4.18,37555,1265,39.80773083496094,125,218.36,4.1,4.3,2026-09-10 19:58:20,🔥萬人塚,HOLD,2
RKLB,2026-09-11,69.0,0.11,1926,1264,128.125359375,-1,61.96,0.03,0.17,2026-09-10 19:54:08,🎲末日結算 🆕新倉暴量 🚬菸屁股 ⚠️暴動高IV(128%),GAMBLE,2
CRWV,2026-09-11,98.0,0.17,1728,1215,118.75040625,-1,89.12,0.15,0.17,2026-09-10 19:57:34,🎲末日結算 🆕新倉暴量 🚬菸屁股 ⚠️暴動高IV(119%),GAMBLE,2
NVDA,2026-12-18,220.0,17.6,60497,1213,40.93381820678711,97,218.36,17.6,17.8,2026-09-10 19:59:33,🔥萬人塚,HOLD,2
IREN,2026-09-11,47.0,0.14,4522,1162,115.625421875,-1,43.64,0.14,0.15,2026-09-10 19:59:39,🎲末日結算 🆕新倉暴量 🚬菸屁股 ⚠️暴動高IV(116%),GAMBLE,2
IBIT,2026-12-18,50.0,1.75,31420,1143,43.115803222656254,97,43.68,1.7,1.76,2026-09-10 20:13:10,🔥萬人塚,HOLD,2
SMR,2026-09-11,10.5,0.09,3598,1134,101.5629921875,-1,10.21,0.09,0.12,2026-09-10 19:59:28,🎲末日結算 🆕新倉暴量 🚬菸屁股 ⚠️暴動高IV(102%),GAMBLE,2
ARM,2026-09-11,270.0,0.53,1777,1073,87.500125,-1,254.18,0.49,0.56,2026-09-10 19:59:41,🎲末日結算 🆕新倉暴量 🚬菸屁股 ⚠️暴動高IV(88%),GAMBLE,2
ARM,2026-09-11,300.0,0.02,3328,1062,121.875390625,-1,254.18,0.02,0.03,2026-09-10 19:44:00,🎲末日結算 🆕新倉暴量 🚬菸屁股 ⚠️暴動高IV(122%),GAMBLE,2
CRWV,2026-09-11,101.0,0.08,2746,984,128.90660546875,-1,89.12,0.07,0.09,2026-09-10 19:58:30,🎲末日結算 🆕新倉暴量 🚬菸屁股 ⚠️暴動高IV(129%),GAMBLE,2
IREN,2026-09-11,47.5,0.11,2474,968,116.79729101562502,-1,43.64,0.1,0.11,2026-09-10 19:58:45,🎲末日結算 🆕新倉暴量 🚬菸屁股 ⚠️暴動高IV(117%),GAMBLE,2
NBIS,2026-09-11,270.0,0.05,3993,937,141.01591992187502,-1,228.11,0.04,0.1,2026-09-10 19:51:47,🎲末日結算 🆕新倉暴量 🚬菸屁股 ⚠️暴動高IV(141%),GAMBLE,2
HOOD,2026-09-11,124.0,0.09,1430,903,98.437515625,-1,113.33,0.09,0.11,2026-09-10 19:59:17,🎲末日結算 🆕新倉暴量 🚬菸屁股 ⚠️暴動高IV(98%),GAMBLE,2
NBIS,2026-09-11,280.0,0.04,3639,899,148.4377578125,-1,228.11,0.02,0.03,2026-09-10 19:10:23,🎲末日結算 🆕新倉暴量 🚬菸屁股 ⚠️暴動高IV(148%),GAMBLE,2
INTC,2026-09-18,95.0,7.0,38261,893,66.67513793945315,6,100.32,6.95,7.2,2026-09-10 19:58:23,🔥萬人塚,HOLD,2
IREN,2026-09-11,49.0,0.04,2308,846,124.21912890624998,-1,43.64,0.04,0.05,2026-09-10 19:45:08,🎲末日結算 🆕新倉暴量 🚬菸屁股 ⚠️暴動高IV(124%),GAMBLE,2
TSLA,2027-01-15,400.0,26.35,35113,789,47.08304870605468,125,363.56,26.15,26.4,2026-09-10 19:59:46,🔥萬人塚,HOLD,2
NVDA,2027-01-15,240.0,12.45,46593,761,40.30516238403321,125,218.36,12.3,12.55,2026-09-10 19:57:22,🔥萬人塚,HOLD,2
SMCI,2026-09-11,44.0,0.01,3432,709,125.00037499999999,-1,37.38,0.0,0.01,2026-09-10 19:58:30,🎲末日結算 🆕新倉暴量 🚬菸屁股 ⚠️暴動高IV(125%),GAMBLE,2
XYZ,2026-09-11,86.0,0.02,866,644,89.062609375,-1,79.07,0.0,0.11,2026-09-10 19:10:53,🎲末日結算 🆕新倉暴量 🚬菸屁股 ⚠️暴動高IV(89%),GAMBLE,2
HOOD,2026-09-11,133.0,0.03,814,577,129.6878515625,-1,113.33,0.01,0.04,2026-09-10 19:51:00,🎲末日結算 🆕新倉暴量 🚬菸屁股 ⚠️暴動高IV(130%),GAMBLE,2
OKLO,2026-09-11,43.0,0.1,2619,556,108.203583984375,-1,39.88,0.07,0.13,2026-09-10 19:48:49,🎲末日結算 🆕新倉暴量 🚬菸屁股 ⚠️暴動高IV(108%),GAMBLE,2
IBIT,2026-09-18,42.0,2.11,31493,534,45.898978515625004,6,43.68,2.12,2.19,2026-09-10 20:05:33,🔥萬人塚,HOLD,2
SMCI,2026-09-11,41.5,0.03,1592,522,106.25046875000001,-1,37.38,0.02,0.03,2026-09-10 19:55:42,🎲末日結算 🆕新倉暴量 🚬菸屁股 ⚠️暴動高IV(106%),GAMBLE,2
OKLO,2026-09-11,45.0,0.03,2022,501,118.75040625,-1,39.88,0.02,0.03,2026-09-10 19:59:20,🎲末日結算 🆕新倉暴量 🚬菸屁股 ⚠️暴動高IV(119%),GAMBLE,2
LUNR,2026-09-11,16.0,0.03,1782,490,143.75028125,-1,14.62,0.02,0.11,2026-09-10 19:45:47,🎲末日結算 🆕新倉暴量 🚬菸屁股 ⚠️暴動高IV(144%),GAMBLE,2
NVDA,2027-01-15,210.0,25.7,40946,489,42.48714739990235,125,218.36,25.5,25.8,2026-09-10 19:58:00,🔥萬人塚,HOLD,2
IREN,2027-01-15,110.0,1.05,44711,477,101.7583037109375,125,43.64,1.03,1.12,2026-09-10 19:44:36,🔥萬人塚,HOLD,2
SMR,2026-09-11,9.5,0.78,1566,475,142.1877890625,-1,10.21,0.67,0.88,2026-09-10 19:48:15,🎲末日結算 🆕新倉暴量 🚬菸屁股 ⚠️暴動高IV(142%),GAMBLE,2
NBIS,2026-09-11,247.5,0.55,949,464,114.55120849609375,-1,228.11,0.56,0.58,2026-09-10 19:58:28,🎲末日結算 🆕新倉暴量 🚬菸屁股 ⚠️暴動高IV(115%),GAMBLE,2
IONQ,2026-09-11,41.0,0.04,1611,433,114.84417578124999,-1,36.84,0.03,0.04,2026-09-10 19:51:23,🎲末日結算 🆕新倉暴量 🚬菸屁股 ⚠️暴動高IV(115%),GAMBLE,2
ARM,2026-09-11,275.0,0.27,813,427,91.1133701171875,-1,254.18,0.24,0.28,2026-09-10 19:59:06,🎲末日結算 🆕新倉暴量 🚬菸屁股 ⚠️暴動高IV(91%),GAMBLE,2
U,2026-09-11,45.0,0.06,1513,401,86.7188828125,-1,42.07,0.03,0.09,2026-09-10 19:47:30,🎲末日結算 🆕新倉暴量 🚬菸屁股 ⚠️暴動高IV(87%),GAMBLE,2
NVDA,2026-11-20,210.0,20.38,72795,327,42.44442321777344,69,218.36,20.25,20.5,2026-09-10 19:57:55,🔥萬人塚,HOLD,2
SOFI,2027-01-15,15.0,3.55,39438,312,61.18202880859377,125,17.21,3.5,3.65,2026-09-10 19:54:17,🔥萬人塚,HOLD,2
IBIT,2026-09-18,40.0,3.8,66596,255,55.1762294921875,6,43.68,3.85,4.0,2026-09-10 19:54:21,🔥萬人塚,HOLD,2
NVDA,2026-09-18,195.0,24.01,45023,242,54.102021484375015,6,218.36,23.8,24.1,2026-09-10 19:53:12,🔥萬人塚,HOLD,2
SHOP,2026-10-16,135.0,4.5,46426,204,49.93946545410156,34,126.6,4.25,4.65,2026-09-10 19:59:24,🔥萬人塚,HOLD,2
PLTR,2026-12-18,175.0,16.1,52508,186,57.678645874023424,97,165.86,15.9,16.3,2026-09-10 19:59:02,🔥萬人塚,HOLD,2
NVDA,2026-09-11,230.0,0.05,47685,55604,50.39112109375,-1,218.36,0.05,0.06,2026-09-10 19:59:58,🎲末日結算 🚬菸屁股 🔥萬人塚,HOLD,1
NVDA,2026-09-11,237.5,0.02,54323,47804,64.062859375,-1,218.36,0.01,0.02,2026-09-10 19:59:33,🎲末日結算 🚬菸屁股 🔥萬人塚,HOLD,1
NVDA,2026-09-11,235.0,0.02,61043,43074,60.547269531250016,-1,218.36,0.02,0.03,2026-09-10 19:59:30,🎲末日結算 🚬菸屁股 🔥萬人塚,HOLD,1
AAPL,2026-09-18,330.0,3.85,33611,29676,28.34544311523437,6,326.57,3.85,3.95,2026-09-10 19:59:58,🔥萬人塚 🏛️機構場,HOLD,1
NVDA,2026-09-11,240.0,0.01,47008,27559,71.0940390625,-1,218.36,0.01,0.02,2026-09-10 19:59:10,🎲末日結算 🚬菸屁股 🔥萬人塚,HOLD,1
NVDA,2026-09-18,225.0,1.91,55876,26996,34.30241479492187,6,218.36,1.91,1.93,2026-09-10 19:59:49,🔥萬人塚 🏛️機構場,HOLD,1
AAPL,2026-09-18,320.0,9.41,34024,24865,29.981168945312497,6,326.57,9.4,9.6,2026-09-10 19:59:56,🔥萬人塚 🏛️機構場,HOLD,1
INTC,2026-09-11,100.0,1.72,14317,15148,74.31666308593749,-1,100.32,1.7,1.74,2026-09-10 19:59:59,🎲末日結算 🆕新倉暴量,HOLD,1
NVDA,2026-10-16,250.0,1.27,72697,14090,34.48551843261719,34,218.36,1.25,1.28,2026-09-10 19:59:38,🔥萬人塚 🏛️機構場,HOLD,1
IBIT,2026-09-18,46.0,0.3,25309,12743,41.699801757812494,6,43.68,0.3,0.31,2026-09-10 20:14:56,🚬菸屁股,HOLD,1
IBIT,2026-09-18,44.0,0.91,27663,10927,41.4068359375,6,43.68,0.89,0.92,2026-09-10 20:11:03,🚬菸屁股,HOLD,1
NVDA,2026-10-16,230.0,4.94,40512,10371,34.67472552490234,34,218.36,4.9,5.0,2026-09-10 19:59:46,🔥萬人塚 🏛️機構場,HOLD,1
ORCL,2026-09-18,180.0,3.05,22508,9317,122.90077612304687,6,152.94,3.0,3.1,2026-09-10 19:59:54,🆕新倉暴量 ⚠️暴動高IV(123%),HOLD,1
ORCL,2026-09-18,175.0,4.0,16337,8973,122.77870642089846,6,152.94,3.9,4.0,2026-09-10 19:59:59,🆕新倉暴量 ⚠️暴動高IV(123%),HOLD,1
SOFI,2026-09-18,18.0,0.23,17479,8490,50.39112109375,6,17.21,0.21,0.23,2026-09-10 19:58:52,🚬菸屁股,HOLD,1
TSLA,2026-09-11,355.0,9.35,7513,8443,51.758294921875006,-1,363.56,9.4,9.75,2026-09-10 19:58:40,🎲末日結算 🆕新倉暴量,HOLD,1
PCG,2026-09-18,14.5,0.24,10771,8234,54.883263671875014,6,14.03,0.18,0.35,2026-09-10 19:48:01,🚬菸屁股,HOLD,1
ORCL,2026-09-18,190.0,1.86,22736,7528,124.46326831054684,6,152.94,1.82,1.86,2026-09-10 19:59:55,🆕新倉暴量 ⚠️暴動高IV(124%),HOLD,1
ORCL,2026-09-11,182.5,1.71,4096,6973,299.5119699707031,-1,152.94,1.69,1.71,2026-09-10 19:59:58,🎲末日結算 🚨異常掃貨 🆕新倉暴量 ⚠️IV頂峰 ⚠️暴動高IV(300%),GAMBLE,1
INTC,2026-09-11,95.0,5.5,12460,6484,79.29708203125,-1,100.32,5.4,5.6,2026-09-10 19:57:28,🎲末日結算 🆕新倉暴量,HOLD,1
PLTR,2026-09-18,180.0,0.83,16041,6429,49.65870654296876,6,165.86,0.82,0.85,2026-09-10 19:59:58,🚬菸屁股,HOLD,1
SOFI,2026-09-11,19.0,0.01,32983,5901,87.500125,-1,17.21,0.0,0.01,2026-09-10 19:59:26,🎲末日結算 🚬菸屁股 🔥萬人塚,HOLD,1
TSLA,2026-09-11,357.5,7.65,7101,5330,51.70946728515625,-1,363.56,7.6,7.7,2026-09-10 19:59:56,🎲末日結算 🆕新倉暴量,HOLD,1
ORCL,2026-09-18,185.0,2.37,9385,5312,123.70643615722656,6,152.94,2.32,2.43,2026-09-10 19:59:56,🆕新倉暴量 ⚠️暴動高IV(124%),HOLD,1
CRWV,2026-09-18,100.0,1.08,14377,5008,82.95915478515624,6,89.12,1.07,1.1,2026-09-10 19:59:44,🆕新倉暴量 ⚠️暴動高IV(83%),HOLD,1
AAPL,2027-01-15,350.0,12.75,44724,4952,28.71622798156737,125,326.57,12.7,13.0,2026-09-10 19:59:47,🔥萬人塚 🏛️機構場,HOLD,1
TDOC,2027-01-15,15.0,0.07,9256,4417,93.35944140625,125,6.09,0.03,0.19,2026-09-09 15:41:06,🚬菸屁股,HOLD,1
ONDS,2026-09-18,8.0,0.09,12560,4307,78.9064609375,6,7.25,0.09,0.11,2026-09-10 19:48:42,🚬菸屁股,HOLD,1
PCG,2028-01-21,30.0,0.55,7551,4265,49.805189453125,496,14.03,0.33,0.52,2026-09-08 17:26:07,🔭LEAPS,HOLD,1
F,2026-09-18,14.0,0.24,26274,4184,38.477177734375,6,13.88,0.24,0.26,2026-09-10 19:59:43,🚬菸屁股,HOLD,1
PCG,2026-11-20,21.0,0.39,4167,4167,68.35969140625001,69,14.03,0.0,0.43,2026-09-08 18:23:08,🚬菸屁股,HOLD,1
IREN,2026-09-18,50.0,0.48,25866,4148,89.257919921875,6,43.64,0.47,0.5,2026-09-10 19:59:34,🚬菸屁股,HOLD,1
WMT,2026-09-18,108.0,0.64,3821,3949,23.95095581054687,6,105.73,0.61,0.64,2026-09-10 19:59:47,🚬菸屁股,HOLD,1
SOFI,2026-10-16,20.0,0.29,25938,3676,52.14891601562499,34,17.21,0.29,0.3,2026-09-10 19:59:40,🚬菸屁股,HOLD,1
ACHR,2026-10-16,9.0,0.04,8470,3588,95.312546875,34,5.45,0.03,0.05,2026-09-10 18:40:47,🚀點火(18.9x) 🚬菸屁股 ⚠️尾段價外(65%) ⚠️暴動高IV(95%),BUY_WATCH,1
ORCL,2026-10-16,250.0,0.63,21839,3444,83.30094824218747,34,152.94,0.5,0.69,2026-09-10 19:59:35,🚬菸屁股,HOLD,1
AMZN,2026-09-18,270.0,0.39,29584,3300,32.52020605468749,6,251.89,0.39,0.42,2026-09-10 19:59:50,🚬菸屁股,HOLD,1
SOFI,2026-09-18,18.5,0.14,5659,3285,52.93015820312501,6,17.21,0.13,0.14,2026-09-10 19:58:16,🚬菸屁股,HOLD,1
ORCL,2026-09-18,220.0,0.46,19546,3236,133.39877050781246,6,152.94,0.45,0.48,2026-09-10 19:59:53,🚬菸屁股,HOLD,1
NVDA,2026-10-16,255.0,0.92,23589,3218,35.034829345703116,34,218.36,0.9,0.93,2026-09-10 19:59:57,🚬菸屁股,HOLD,1
RKLB,2026-09-18,70.0,0.48,7445,3199,74.60962890625001,6,61.96,0.49,0.5,2026-09-10 19:59:13,🚬菸屁股,HOLD,1
COIN,2026-09-18,200.0,0.94,7221,3193,76.90452783203125,6,172.28,0.9,0.98,2026-09-10 19:59:10,🚬菸屁股,HOLD,1
IREN,2026-09-18,45.0,1.59,14615,3163,84.47281152343749,6,43.64,1.55,1.64,2026-09-10 19:58:45,🆕新倉暴量 ⚠️暴動高IV(84%),HOLD,1
GOOGL,2026-09-18,360.0,0.56,14426,3075,36.15786499023437,6,332.6,0.54,0.57,2026-09-10 19:59:58,🚬菸屁股,HOLD,1
GOOG,2026-09-18,400.0,0.12,14982,3031,56.7387138671875,6,330.39,0.11,0.13,2026-09-10 19:58:40,🚬菸屁股,HOLD,1
BRZE,2028-01-21,50.0,6.78,3002,3000,65.7229990234375,496,24.265,0.95,3.8,2026-08-31 16:07:42,🔭LEAPS,HOLD,1
MSTR,2026-09-18,200.0,0.06,18318,2992,120.3128984375,6,128.56,0.05,0.07,2026-09-10 19:59:44,🚬菸屁股,HOLD,1
GOOG,2026-09-18,360.0,0.44,14926,2948,36.914693359375,6,330.39,0.4,0.47,2026-09-10 19:59:58,🚬菸屁股,HOLD,1
GOOGL,2026-10-16,400.0,0.88,25586,2732,36.109037353515625,34,332.6,0.85,0.9,2026-09-10 19:59:58,🚬菸屁股,HOLD,1
PLTR,2026-09-18,185.0,0.45,12670,2709,51.07470800781251,6,165.86,0.43,0.45,2026-09-10 19:59:02,🚬菸屁股,HOLD,1
NBIS,2026-09-18,250.0,4.15,7474,2660,85.10757080078125,6,228.11,4.05,4.15,2026-09-10 19:59:25,🆕新倉暴量 ⚠️暴動高IV(85%),HOLD,1
ONDS,2026-12-18,26.0,0.13,2260,2617,132.81283593749998,97,7.25,0.0,0.23,2026-08-21 15:46:28,🚬菸屁股,HOLD,1
ORCL,2026-09-18,250.0,0.17,15057,2585,146.875265625,6,152.94,0.17,0.18,2026-09-10 19:59:59,🚬菸屁股,HOLD,1
F,2026-09-18,14.5,0.08,7457,2577,36.32876171875,6,13.88,0.08,0.09,2026-09-10 19:59:33,🚬菸屁股,HOLD,1
SMCI,2026-09-18,40.0,0.62,24817,2558,70.312796875,6,37.38,0.61,0.64,2026-09-10 19:59:57,🚬菸屁股,HOLD,1
OPEN,2026-11-20,8.0,0.04,5722,2503,142.1877890625,69,2.8,0.03,0.08,2026-09-10 15:29:54,🆕低基期(前日Vol1) 🚬菸屁股,HOLD,1
SMCI,2028-01-21,65.0,9.6,2990,2502,82.29998168945312,496,37.38,7.55,8.1,2026-09-08 19:51:18,🔭LEAPS,HOLD,1
IONQ,2026-09-18,45.0,0.13,16280,2275,86.32826171875,6,36.84,0.11,0.15,2026-09-10 19:59:29,🚬菸屁股,HOLD,1
OPEN,2026-09-18,3.5,0.02,7421,2241,103.12548437500001,6,2.8,0.01,0.02,2026-09-10 19:46:56,🚬菸屁股,HOLD,1
ONDS,2026-09-18,9.0,0.04,24557,2193,95.312546875,6,7.25,0.02,0.04,2026-09-10 19:54:19,🚬菸屁股,HOLD,1
SMCI,2026-09-18,39.0,0.92,3739,2171,70.312796875,6,37.38,0.87,0.94,2026-09-10 19:57:59,🚬菸屁股,HOLD,1
AVGO,2026-09-18,400.0,0.45,12975,2169,41.480077392578124,6,360.83,0.4,0.45,2026-09-10 19:59:53,🚬菸屁股,HOLD,1
IONQ,2026-09-18,40.0,0.57,4854,2113,76.85570019531252,6,36.84,0.57,0.63,2026-09-10 19:59:19,🚬菸屁股,HOLD,1
GOOGL,2026-09-18,380.0,0.23,12902,2094,45.9966337890625,6,332.6,0.2,0.23,2026-09-10 19:59:41,🚬菸屁股,HOLD,1
HOOD,2026-09-18,130.0,0.55,8356,2009,70.41045214843751,6,113.33,0.53,0.58,2026-09-10 19:59:41,🚬菸屁股,HOLD,1
F,2026-10-16,18.0,0.03,2560,2001,47.6567734375,34,13.88,0.01,0.04,2026-09-10 19:15:36,🆕低基期(前日Vol2) 🚬菸屁股,HOLD,1
WMT,2026-09-18,125.0,0.01,13591,1998,46.87553125,6,105.73,0.0,0.02,2026-09-10 19:41:06,🚬菸屁股,HOLD,1
IBIT,2026-11-20,55.0,0.51,9572,1992,43.848217773437504,69,43.68,0.51,0.54,2026-09-10 19:21:12,🚬菸屁股,HOLD,1
SOFI,2026-09-18,17.0,0.63,15138,1968,50.39112109375,6,17.21,0.6,0.62,2026-09-10 19:58:52,🚬菸屁股,HOLD,1
IBIT,2026-11-20,58.0,0.34,5021,1958,45.2153916015625,69,43.68,0.32,0.35,2026-09-10 16:23:47,🚬菸屁股,HOLD,1
SOFI,2026-10-16,23.0,0.08,8497,1926,57.812921875,34,17.21,0.08,0.09,2026-09-10 19:57:32,🚬菸屁股,HOLD,1
GOOGL,2026-09-18,370.0,0.33,10595,1881,41.01621484375,6,332.6,0.31,0.34,2026-09-10 19:59:31,🚬菸屁股,HOLD,1
SMR,2026-09-18,11.5,0.14,3200,1849,90.62509374999999,6,10.21,0.12,0.18,2026-09-10 19:44:30,🚬菸屁股,HOLD,1
HIMS,2026-09-18,30.0,0.35,5086,1848,74.2190078125,6,27.44,0.34,0.4,2026-09-10 19:59:37,🚬菸屁股,HOLD,1
NVDA,2026-09-18,255.0,0.04,19287,1824,44.727115234375,6,218.36,0.04,0.05,2026-09-10 19:57:50,🚬菸屁股,HOLD,1
CRWV,2026-09-18,95.0,2.05,4761,1776,81.29901513671875,6,89.12,2.03,2.14,2026-09-10 19:59:46,🆕新倉暴量 ⚠️暴動高IV(81%),HOLD,1
TSLA,2026-09-18,425.0,0.24,7688,1707,51.90477783203124,6,363.56,0.23,0.24,2026-09-10 19:57:55,🚬菸屁股,HOLD,1
TSLA,2026-09-18,420.0,0.28,15965,1698,50.098155273437506,6,363.56,0.28,0.29,2026-09-10 19:59:04,🚬菸屁股,HOLD,1
AMZN,2026-09-18,275.0,0.19,19650,1651,34.0826904296875,6,251.89,0.17,0.22,2026-09-10 19:59:24,🚬菸屁股,HOLD,1
NVDA,2027-01-15,360.0,0.62,9091,1637,43.01814794921876,125,218.36,0.58,0.65,2026-09-10 19:26:45,🆕低基期(前日Vol5) 🚬菸屁股,HOLD,1
META,2026-09-18,750.0,0.24,16131,1615,47.998566894531244,6,644.38,0.23,0.29,2026-09-10 19:56:36,🚬菸屁股,HOLD,1
ORCL,2026-09-18,240.0,0.22,6522,1594,142.87137939453123,6,152.94,0.21,0.27,2026-09-10 19:59:59,🆕新倉暴量 🚬菸屁股 ⚠️尾段價外(57%) ⚠️暴動高IV(143%),BUY_WATCH,1
ACHR,2026-09-18,6.0,0.07,8171,1573,75.7814921875,6,5.45,0.06,0.08,2026-09-10 19:56:37,🚬菸屁股,HOLD,1
IREN,2026-10-16,60.0,0.88,7921,1563,90.86923193359374,34,43.64,0.86,1.07,2026-09-10 19:59:46,🚬菸屁股,HOLD,1
ASTS,2026-09-18,70.0,0.45,9323,1548,84.57046679687498,6,59.91,0.4,0.43,2026-09-10 19:50:51,🚬菸屁股,HOLD,1
TSLA,2026-09-18,405.0,0.63,10407,1538,46.02104760742188,6,363.56,0.61,0.63,2026-09-10 19:59:20,🚬菸屁股,HOLD,1
ONDS,2026-09-18,8.5,0.04,6602,1536,85.937640625,6,7.25,0.04,0.06,2026-09-10 19:53:48,🚬菸屁股,HOLD,1
AVGO,2026-09-11,360.0,3.75,3994,1530,46.75346215820312,-1,360.83,3.6,3.95,2026-09-10 19:59:57,🎲末日結算 🆕新倉暴量,HOLD,1
BEAM,2027-01-15,50.0,0.55,1568,1521,87.30481445312499,125,24.37,0.0,1.3,2026-09-08 15:14:15,🚬菸屁股,HOLD,1
CRWV,2026-09-18,90.0,3.8,7217,1493,80.42011767578124,6,89.12,3.75,3.9,2026-09-10 19:59:56,🆕新倉暴量 ⚠️暴動高IV(80%),HOLD,1
F,2026-11-20,14.0,0.88,3188,1462,39.551385742187506,69,13.88,0.84,0.91,2026-09-10 19:57:13,🚬菸屁股,HOLD,1
RKLB,2026-09-18,75.0,0.2,4850,1458,81.64080859375,6,61.96,0.18,0.22,2026-09-10 19:52:16,🚬菸屁股,HOLD,1
MSTR,2026-09-18,180.0,0.11,6233,1403,105.2739111328125,6,128.56,0.11,0.15,2026-09-10 19:56:32,🚬菸屁股,HOLD,1
ORCL,2026-09-18,230.0,0.36,8516,1388,147.0705771484375,6,152.94,0.3,0.66,2026-09-10 19:59:57,🚬菸屁股,HOLD,1
HOOD,2026-09-18,135.0,0.3,8968,1370,73.92604199218749,6,113.33,0.3,0.33,2026-09-10 19:59:28,🚬菸屁股,HOLD,1
SOFI,2026-09-18,19.5,0.06,5979,1363,58.984785156250005,6,17.21,0.05,0.06,2026-09-10 19:59:16,🚬菸屁股,HOLD,1
AMD,2026-10-16,1120.0,0.02,5852,1362,76.562734375,34,503.6,0.01,0.03,2026-09-10 18:20:42,🆕低基期(前日Vol18) 🚬菸屁股,HOLD,1
GOOGL,2026-09-18,355.0,0.78,4531,1352,34.278000976562495,6,332.6,0.76,0.82,2026-09-10 19:59:40,🚬菸屁股,HOLD,1
PLTR,2026-09-18,200.0,0.11,19019,1344,60.15664843750002,6,165.86,0.1,0.11,2026-09-10 19:59:42,🚬菸屁股,HOLD,1
IREN,2026-09-18,46.0,1.37,2828,1342,85.35170898437501,6,43.64,1.23,1.31,2026-09-10 19:56:07,🆕新倉暴量 ⚠️暴動高IV(85%),HOLD,1
GOOGL,2026-09-18,365.0,0.39,5539,1334,38.52600537109374,6,332.6,0.39,0.43,2026-09-10 19:59:42,🚬菸屁股,HOLD,1
IREN,2026-09-18,52.0,0.3,3156,1299,90.9180595703125,6,43.64,0.28,0.3,2026-09-10 19:59:04,🚬菸屁股,HOLD,1
IBIT,2026-10-16,52.0,0.27,8021,1295,42.2857333984375,34,43.68,0.26,0.28,2026-09-10 20:00:23,🚬菸屁股,HOLD,1
OKLO,2026-09-18,50.0,0.12,10056,1291,94.5313046875,6,39.88,0.11,0.17,2026-09-10 19:46:49,🚬菸屁股,HOLD,1
SOFI,2027-01-15,40.0,0.1,27423,1290,73.04714453125,125,17.21,0.1,0.11,2026-09-10 19:41:45,🆕低基期(前日Vol12) 🚬菸屁股,HOLD,1
ASTS,2026-10-16,100.0,0.4,7245,1263,91.79695703125,34,59.91,0.19,0.48,2026-09-10 19:59:17,🚬菸屁股,HOLD,1
TSLA,2026-09-18,430.0,0.2,6104,1257,53.80905566406251,6,363.56,0.19,0.21,2026-09-10 19:55:28,🚬菸屁股,HOLD,1
CRWV,2026-09-18,105.0,0.55,7414,1256,85.6446748046875,6,89.12,0.54,0.59,2026-09-10 19:58:13,🚬菸屁股,HOLD,1
AVGO,2026-10-16,450.0,0.9,10031,1253,40.88193884277344,34,360.83,0.84,0.9,2026-09-10 19:58:48,🚬菸屁股,HOLD,1
AVGO,2026-09-18,390.0,0.92,9508,1245,39.7466962890625,6,360.83,0.87,0.96,2026-09-10 19:59:22,🚬菸屁股,HOLD,1
AAPL,2027-01-15,320.0,26.6,37096,1229,31.018756225585935,125,326.57,26.55,27.0,2026-09-10 19:59:29,🔥萬人塚 🏛️機構場,HOLD,1
SOFI,2026-10-16,18.0,0.77,11955,1202,50.39112109375,34,17.21,0.75,0.77,2026-09-10 19:58:06,🚬菸屁股,HOLD,1
SOFI,2026-11-20,20.0,0.83,21122,1202,58.5941640625,69,17.21,0.82,0.84,2026-09-10 19:58:08,🚬菸屁股,HOLD,1
PCG,2026-10-16,15.0,0.52,20288,1195,52.14891601562499,34,14.03,0.52,0.56,2026-09-10 19:52:17,🚬菸屁股,HOLD,1
IREN,2026-09-18,44.0,2.03,3293,1190,83.69156933593749,6,43.64,1.95,2.03,2026-09-10 19:59:23,🆕新倉暴量 ⚠️暴動高IV(84%),HOLD,1
IREN,2026-09-18,47.0,0.97,3226,1147,86.2306064453125,6,43.64,0.96,1.05,2026-09-10 19:59:48,🚬菸屁股,HOLD,1
JOBY,2027-01-15,7.0,0.83,7338,1121,74.2190078125,125,6.31,0.82,0.86,2026-09-10 19:58:06,🚬菸屁股,HOLD,1
INTC,2026-10-16,150.0,0.45,9182,1119,72.9494892578125,34,100.32,0.43,0.46,2026-09-10 19:56:35,🚬菸屁股,HOLD,1
SMCI,2026-10-16,50.0,0.54,9048,1116,76.02563037109377,34,37.38,0.52,0.59,2026-09-10 19:59:35,🚬菸屁股,HOLD,1
F,2026-10-16,14.0,0.57,6680,1093,37.11000390625,34,13.88,0.54,0.59,2026-09-10 19:57:49,🚬菸屁股,HOLD,1
AVGO,2026-09-18,440.0,0.07,5879,1078,54.297332031250015,6,360.83,0.06,0.08,2026-09-10 19:36:29,🚬菸屁股,HOLD,1
CRWV,2026-09-18,120.0,0.11,18419,1075,97.85158398437501,6,89.12,0.1,0.12,2026-09-10 19:57:34,🚬菸屁股,HOLD,1
SOFI,2026-09-18,21.0,0.02,15931,1072,71.87528125,6,17.21,0.02,0.03,2026-09-10 19:51:55,🚬菸屁股,HOLD,1
OPEN,2027-02-19,4.0,0.36,3469,1062,97.26565234374999,160,2.8,0.36,0.41,2026-09-10 18:52:46,🚬菸屁股,HOLD,1
F,2026-10-16,15.0,0.22,8497,1035,36.133451171874995,34,13.88,0.22,0.24,2026-09-10 19:59:14,🚬菸屁股,HOLD,1
NVDA,2026-09-18,360.0,0.01,5625,1029,103.12548437500001,6,218.36,0.0,0.01,2026-09-03 15:14:29,🚬菸屁股,HOLD,1
AMZN,2026-10-16,300.0,0.55,21660,1025,33.37468969726562,34,251.89,0.54,0.57,2026-09-10 19:59:57,🚬菸屁股,HOLD,1
INTC,2026-09-18,155.0,0.01,9075,1015,104.68797656250001,6,100.32,0.01,0.02,2026-09-10 17:28:54,🚀點火(40.6x) 🚬菸屁股 ⚠️尾段價外(55%) ⚠️暴動高IV(105%),BUY_WATCH,1
NVDA,2026-10-16,270.0,0.38,21264,1013,37.061176269531245,34,218.36,0.37,0.38,2026-09-10 19:56:18,🚬菸屁股,HOLD,1
IREN,2026-09-18,48.0,0.78,3824,1004,86.4259169921875,6,43.64,0.75,0.8,2026-09-10 19:58:44,🚬菸屁股,HOLD,1
META,2026-11-20,1480.0,0.09,4851,1004,60.15664843750002,69,644.38,0.01,0.11,2026-09-10 15:17:03,🚬菸屁股,HOLD,1
F,2027-01-15,24.0,0.04,1198,1000,50.39112109375,125,13.88,0.0,0.07,2026-09-03 14:20:10,🚬菸屁股,HOLD,1
DKNG,2026-09-18,25.0,0.32,12061,990,56.836369140624996,6,23.71,0.31,0.35,2026-09-10 19:59:36,🚬菸屁股,HOLD,1
SMCI,2026-09-18,45.0,0.14,16456,986,81.05487695312499,6,37.38,0.12,0.14,2026-09-10 19:53:46,🚬菸屁股,HOLD,1
TSLA,2026-09-18,410.0,0.46,6783,972,47.21732470703125,6,363.56,0.45,0.47,2026-09-10 19:54:42,🚬菸屁股,HOLD,1
GOOGL,2026-09-18,390.0,0.16,22200,960,51.36767382812499,6,332.6,0.11,0.18,2026-09-10 19:58:51,🚬菸屁股,HOLD,1
GOOGL,2026-09-18,405.0,0.09,3055,956,56.836369140624996,6,332.6,0.08,0.12,2026-09-10 19:57:00,🚬菸屁股,HOLD,1
IONQ,2026-09-18,50.0,0.04,10391,950,101.5629921875,6,36.84,0.04,0.06,2026-09-10 19:44:04,🚬菸屁股,HOLD,1
IREN,2026-09-18,41.0,3.84,3345,947,85.0587431640625,6,43.64,3.6,3.8,2026-09-10 19:33:26,🆕新倉暴量 ⚠️暴動高IV(85%),HOLD,1
GOOGL,2026-09-18,375.0,0.28,9247,937,43.60407958984375,6,332.6,0.17,0.28,2026-09-10 19:57:33,🚬菸屁股,HOLD,1
SMCI,2026-09-18,42.0,0.31,16566,933,72.851833984375,6,37.38,0.3,0.31,2026-09-10 19:59:59,🚬菸屁股,HOLD,1
CRWV,2026-09-18,92.5,2.81,2802,919,80.81073876953124,6,89.12,2.79,2.91,2026-09-10 19:58:34,🆕新倉暴量 ⚠️暴動高IV(81%),HOLD,1
OPEN,2026-11-20,5.0,0.08,11410,907,107.81296093750001,69,2.8,0.09,0.1,2026-09-10 18:57:04,🚬菸屁股,HOLD,1
RKLB,2026-10-16,100.0,0.33,8939,900,89.16026464843749,34,61.96,0.33,0.45,2026-09-10 19:58:48,🚬菸屁股,HOLD,1
PATH,2026-09-18,15.0,0.2,16585,898,62.109753906250006,6,13.87,0.1,0.19,2026-09-10 19:52:20,🚬菸屁股,HOLD,1
ASTS,2026-09-18,80.0,0.16,5963,894,108.59420703125,6,59.91,0.11,0.21,2026-09-10 19:59:15,🚬菸屁股,HOLD,1
WMT,2026-10-16,120.0,0.21,6568,893,25.2937158203125,34,105.73,0.19,0.21,2026-09-10 19:56:52,🚬菸屁股,HOLD,1
ORCL,2026-09-18,167.5,5.55,1171,886,121.99746032714845,6,152.94,5.5,5.85,2026-09-10 19:59:35,🆕新倉暴量 ⚠️暴動高IV(122%),HOLD,1
VST,2026-09-18,160.0,0.65,4544,868,50.24463818359376,6,147.05,0.46,0.73,2026-09-10 19:59:07,🚬菸屁股,HOLD,1
SOFI,2026-09-18,27.0,0.01,12881,862,125.00037499999999,6,17.21,0.0,0.02,2026-09-10 19:27:14,🚬菸屁股,HOLD,1
ORCL,2026-10-16,280.0,0.31,2007,860,89.3555751953125,34,152.94,0.25,0.39,2026-09-10 19:52:15,🆕新倉暴量 🚬菸屁股 ⚠️尾段價外(83%) ⚠️暴動高IV(89%),BUY_WATCH,1
INTC,2026-10-16,140.0,0.76,9005,858,70.8010732421875,34,100.32,0.75,0.79,2026-09-10 19:59:41,🚬菸屁股,HOLD,1
IREN,2026-09-18,55.0,0.15,12294,841,96.48441015625,6,43.64,0.15,0.16,2026-09-10 19:59:34,🚬菸屁股,HOLD,1
RKLB,2026-10-16,90.0,0.58,4247,832,83.007982421875,34,61.96,0.54,0.78,2026-09-10 19:46:56,🚬菸屁股,HOLD,1
INTC,2026-09-18,125.0,0.11,11930,827,75.39087109375001,6,100.32,0.11,0.12,2026-09-10 19:59:39,🚬菸屁股,HOLD,1
RKLB,2026-09-18,80.0,0.1,7395,827,92.9688203125,6,61.96,0.1,0.14,2026-09-10 19:59:05,🚬菸屁股,HOLD,1
SOFI,2026-10-16,22.0,0.12,11857,813,55.859816406250005,34,17.21,0.12,0.13,2026-09-10 19:58:35,🚬菸屁股,HOLD,1
SOFI,2026-11-20,25.0,0.25,12587,813,63.47692773437501,69,17.21,0.24,0.25,2026-09-10 19:58:41,🚬菸屁股,HOLD,1
JOBY,2026-09-18,7.0,0.06,1335,777,68.7503125,6,6.31,0.04,0.07,2026-09-10 19:52:11,🚬菸屁股,HOLD,1
WMT,2026-11-20,125.0,0.65,4198,767,29.053443847656247,69,105.73,0.62,0.66,2026-09-10 19:54:06,🚬菸屁股,HOLD,1
HIMS,2027-01-15,60.0,0.65,13854,762,91.79695703125,125,27.44,0.52,0.9,2026-09-10 17:44:23,🆕低基期(前日Vol7) 🚬菸屁股,HOLD,1
WMT,2026-09-18,115.0,0.04,12072,748,29.492892578124994,6,105.73,0.04,0.05,2026-09-10 19:53:38,🚬菸屁股,HOLD,1
PLTR,2026-10-16,210.0,0.93,5195,744,51.07470800781251,34,165.86,0.89,0.98,2026-09-10 19:59:35,🚬菸屁股,HOLD,1
OPEN,2026-11-20,4.0,0.18,14805,741,101.95361523437501,69,2.8,0.16,0.2,2026-09-10 19:51:47,🚬菸屁股,HOLD,1
META,2026-09-18,720.0,0.81,4250,740,44.482977050781244,6,644.38,0.74,0.85,2026-09-10 19:59:48,🚬菸屁股,HOLD,1
SMCI,2026-09-18,41.0,0.43,6358,739,71.3870048828125,6,37.38,0.42,0.45,2026-09-10 19:59:45,🚬菸屁股,HOLD,1
RKLB,2026-10-16,85.0,0.83,4036,738,78.07639111328125,34,61.96,0.75,0.9,2026-09-10 19:57:06,🚬菸屁股,HOLD,1
ONDS,2026-10-16,10.0,0.13,13294,738,83.98453515624999,34,7.25,0.11,0.13,2026-09-10 19:43:55,🚬菸屁股,HOLD,1
PATH,2026-09-18,14.5,0.27,4108,735,62.109753906250006,6,13.87,0.23,0.3,2026-09-10 19:51:36,🚬菸屁股,HOLD,1
IONQ,2027-01-15,100.0,0.45,3529,724,96.0937890625,125,36.84,0.43,0.62,2026-09-10 19:06:54,🆕低基期(前日Vol3) 🚬菸屁股,HOLD,1
MSFT,2026-10-16,550.0,2.03,54929,718,27.027096923828125,34,492.44,1.88,2.0,2026-09-10 19:59:36,🔥萬人塚 🏛️機構場,HOLD,1
OPEN,2026-10-16,4.0,0.05,9553,716,89.062609375,34,2.8,0.04,0.05,2026-09-10 19:59:32,🚬菸屁股,HOLD,1
VRT,2026-09-18,300.0,0.25,2342,713,65.62534375000001,6,248.13,0.15,0.36,2026-09-10 19:45:22,🚬菸屁股,HOLD,1
PATH,2027-01-15,20.0,0.74,17850,701,70.9963837890625,125,13.87,0.7,0.75,2026-09-10 19:42:06,🚬菸屁股,HOLD,1
NBIS,2026-09-18,300.0,0.48,5367,699,99.95117236328124,6,228.11,0.35,0.62,2026-09-10 19:56:55,🚬菸屁股,HOLD,1
SOFI,2027-01-15,22.0,0.93,20594,686,58.545336425781244,125,17.21,0.93,0.94,2026-09-10 19:59:39,🚬菸屁股,HOLD,1
PCG,2026-09-18,16.0,0.08,19082,680,69.92217578125,6,14.03,0.05,0.1,2026-09-10 19:43:08,🚬菸屁股,HOLD,1
AMZN,2026-10-16,295.0,0.72,17318,678,33.06951696777344,34,251.89,0.71,0.79,2026-09-10 19:54:10,🚬菸屁股,HOLD,1
ASTS,2026-10-16,90.0,0.66,3488,673,90.429783203125,34,59.91,0.63,0.78,2026-09-10 19:58:47,🚬菸屁股,HOLD,1
AMD,2026-09-18,600.0,0.32,9426,650,56.592230957031255,6,503.6,0.28,0.33,2026-09-10 19:57:54,🚬菸屁股,HOLD,1
PLTR,2026-09-18,270.0,0.01,7772,633,100.0005,6,165.86,0.0,0.01,2026-09-10 19:40:37,🚬菸屁股,HOLD,1
IREN,2026-10-16,65.0,0.57,4921,633,90.9180595703125,34,43.64,0.55,0.57,2026-09-10 19:58:45,🚬菸屁股,HOLD,1
AVGO,2026-09-18,410.0,0.25,11282,631,44.727115234375,6,360.83,0.21,0.26,2026-09-10 19:55:56,🚬菸屁股,HOLD,1
PCG,2026-09-18,17.0,0.03,18893,628,82.0314296875,6,14.03,0.02,0.07,2026-09-10 19:03:47,🚬菸屁股,HOLD,1
HOOD,2026-09-18,140.0,0.18,10700,623,76.75804492187501,6,113.33,0.16,0.19,2026-09-10 19:56:35,🚬菸屁股,HOLD,1
ONDS,2026-10-16,8.0,0.39,4941,615,73.82838671875,34,7.25,0.35,0.43,2026-09-10 19:43:47,🚬菸屁股,HOLD,1
WMT,2026-09-18,120.0,0.02,23931,608,36.7193828125,6,105.73,0.01,0.02,2026-09-10 19:36:32,🚬菸屁股,HOLD,1
CRWV,2026-09-18,91.0,3.48,911,606,80.42011767578124,6,89.12,3.35,3.45,2026-09-10 19:55:01,🆕新倉暴量 ⚠️暴動高IV(80%),HOLD,1
GOOGL,2027-01-15,800.0,0.07,5521,601,50.7817421875,125,332.6,0.05,0.1,2026-09-09 13:37:54,🚬菸屁股,HOLD,1
SMCI,2026-09-18,43.0,0.25,6184,597,76.367423828125,6,37.38,0.21,0.26,2026-09-10 19:43:54,🚬菸屁股,HOLD,1
SMR,2026-10-16,12.0,0.52,3401,580,88.2813671875,34,10.21,0.48,0.58,2026-09-10 19:58:27,🚬菸屁股,HOLD,1
META,2026-09-18,955.0,0.03,860,576,85.1563984375,6,644.38,0.0,0.05,2026-09-03 18:46:20,🚬菸屁股,HOLD,1
ACHR,2026-09-18,7.0,0.01,21989,575,96.87503124999999,6,5.45,0.01,0.02,2026-09-10 18:47:40,🚬菸屁股,HOLD,1
SOFI,2026-10-16,21.0,0.2,9813,572,54.297332031250015,34,17.21,0.19,0.2,2026-09-10 19:54:15,🚬菸屁股,HOLD,1
INTC,2026-09-18,130.0,0.07,20130,569,79.29708203125,6,100.32,0.06,0.07,2026-09-10 19:49:13,🚬菸屁股,HOLD,1
ONDS,2026-11-20,8.0,0.79,4028,568,87.5977802734375,69,7.25,0.76,0.9,2026-09-10 19:48:57,🚬菸屁股,HOLD,1
SBUX,2026-09-18,105.0,0.18,5678,567,29.29758203124999,6,99.22,0.16,0.2,2026-09-10 19:59:28,🚬菸屁股,HOLD,1
SMR,2027-01-15,15.0,0.95,16131,562,93.0664755859375,125,10.21,0.9,1.0,2026-09-10 19:57:09,🚬菸屁股,HOLD,1
JOBY,2028-01-21,8.0,1.9,12317,560,81.5431533203125,496,6.31,1.8,1.9,2026-09-10 19:55:38,🔭LEAPS,HOLD,1
MSFT,2026-10-16,510.0,9.66,39594,558,27.350580017089843,34,492.44,9.3,9.8,2026-09-10 19:57:13,🔥萬人塚 🏛️機構場,HOLD,1
SMCI,2026-11-20,60.0,0.8,3495,555,83.05681005859374,69,37.38,0.74,0.85,2026-09-10 19:54:50,🚬菸屁股,HOLD,1
SMR,2026-09-18,13.0,0.04,3898,555,99.2187578125,6,10.21,0.03,0.04,2026-09-10 19:58:47,🚬菸屁股,HOLD,1
META,2026-12-18,1250.0,0.45,1199,550,51.68505346679688,97,644.38,0.42,0.66,2026-09-10 19:37:45,🆕低基期(前日Vol2) 🚬菸屁股,HOLD,1
SOFI,2026-10-16,25.0,0.06,10264,547,64.8441015625,34,17.21,0.05,0.06,2026-09-10 19:44:09,🚬菸屁股,HOLD,1
AMZN,2026-11-20,340.0,0.85,3568,538,40.07628283691406,69,251.89,0.82,0.95,2026-09-10 19:47:52,🆕低基期(前日Vol11) 🚬菸屁股,HOLD,1
OKLO,2028-01-21,100.0,6.57,6070,531,91.4063359375,496,39.88,6.55,6.8,2026-09-10 19:01:01,🔭LEAPS,HOLD,1
OKLO,2026-09-18,45.0,0.43,4294,527,81.5431533203125,6,39.88,0.41,0.44,2026-09-10 19:58:51,🚬菸屁股,HOLD,1
SMR,2026-09-18,10.0,0.6,12037,522,83.59391406249999,6,10.21,0.59,0.63,2026-09-10 19:56:29,🚬菸屁股,HOLD,1
ORCL,2026-10-16,240.0,0.85,5555,520,83.34977587890623,34,152.94,0.7,1.03,2026-09-10 19:59:30,🚬菸屁股,HOLD,1
TSLA,2026-09-18,550.0,0.03,8758,519,96.48441015625,6,363.56,0.03,0.04,2026-09-10 19:58:44,🚬菸屁股,HOLD,1
NVDA,2026-09-18,350.0,0.01,26693,505,96.87503124999999,6,218.36,0.0,0.01,2026-09-08 19:21:58,🚬菸屁股,HOLD,1
AVGO,2026-09-18,450.0,0.05,17025,504,57.42230078125,6,360.83,0.04,0.06,2026-09-10 19:57:19,🚬菸屁股,HOLD,1
JOBY,2026-10-16,8.0,0.1,3172,502,67.57844921875001,34,6.31,0.09,0.11,2026-09-10 19:58:07,🚬菸屁股,HOLD,1
OPEN,2027-01-15,3.0,0.59,6124,501,94.14068359375,125,2.8,0.51,0.57,2026-09-10 19:52:38,🚬菸屁股,HOLD,1
UPST,2026-09-18,30.0,0.07,12278,499,73.82838671875,6,25.1,0.05,0.08,2026-09-10 19:25:18,🚬菸屁股,HOLD,1
IONQ,2028-01-21,100.0,4.56,1041,496,83.70377624511718,496,36.84,4.05,4.75,2026-09-10 19:59:17,🆕低基期(前日Vol3) 🔭LEAPS,HOLD,1
ORCL,2026-12-18,350.0,0.55,7389,496,76.34301000976562,97,152.94,0.46,0.77,2026-09-10 19:58:44,🚬菸屁股,HOLD,1
GOOGL,2026-10-16,415.0,0.59,2402,495,38.477177734375,34,332.6,0.5,0.59,2026-09-10 18:40:16,🆕低基期(前日Vol16) 🚬菸屁股,HOLD,1
META,2026-09-18,850.0,0.03,11602,492,62.109753906250006,6,644.38,0.0,0.05,2026-09-10 19:52:33,🚬菸屁股,HOLD,1
IBIT,2026-09-18,52.0,0.03,5506,479,58.5941640625,6,43.68,0.03,0.04,2026-09-10 19:36:31,🆕低基期(前日Vol10) 🚬菸屁股,HOLD,1
PLTR,2026-09-18,220.0,0.03,12427,474,75.7814921875,6,165.86,0.03,0.05,2026-09-10 19:56:56,🚬菸屁股,HOLD,1
OKLO,2026-10-16,60.0,0.48,3918,470,91.60164648437501,34,39.88,0.45,0.53,2026-09-10 19:59:35,🚬菸屁股,HOLD,1
ASTS,2026-09-18,75.0,0.2,5548,464,94.14068359375,6,59.91,0.17,0.25,2026-09-10 19:56:17,🚬菸屁股,HOLD,1
SMR,2026-09-18,12.0,0.1,4460,463,92.9688203125,6,10.21,0.08,0.1,2026-09-10 19:58:27,🚬菸屁股,HOLD,1
GOOG,2026-09-18,370.0,0.26,5112,462,41.65097412109374,6,330.39,0.25,0.28,2026-09-10 19:52:54,🚬菸屁股,HOLD,1
NTLA,2026-09-18,13.0,0.2,2173,462,79.687703125,6,11.93,0.15,0.25,2026-09-10 19:21:13,🚬菸屁股,HOLD,1
OKLO,2028-01-21,200.0,3.14,17505,461,97.41213525390626,496,39.88,3.1,3.3,2026-09-10 19:59:29,🆕低基期(前日Vol5) 🔭LEAPS,HOLD,1
SBUX,2026-10-16,120.0,0.07,2444,453,30.371790039062496,34,99.22,0.05,0.09,2026-09-10 19:57:33,🚬菸屁股,HOLD,1
OPEN,2026-12-18,4.0,0.23,3729,450,107.42233789062503,97,2.8,0.2,0.38,2026-09-10 19:36:41,🚬菸屁股,HOLD,1
ACHR,2026-10-16,7.0,0.11,18946,449,75.7814921875,34,5.45,0.1,0.12,2026-09-10 19:59:18,🚬菸屁股,HOLD,1
OPEN,2026-11-20,3.0,0.38,4313,447,92.57819921875,69,2.8,0.36,0.39,2026-09-10 19:56:36,🚬菸屁股,HOLD,1
F,2026-09-18,13.0,0.95,9338,447,49.60987890625,6,13.88,0.94,0.98,2026-09-10 19:49:16,🚬菸屁股,HOLD,1
AMZN,2026-09-18,345.0,0.01,1030,443,82.226740234375,6,251.89,0.0,0.11,2026-09-03 18:22:53,🚬菸屁股,HOLD,1
VRT,2026-09-18,280.0,0.85,1198,441,61.03554589843752,6,248.13,0.8,1.2,2026-09-10 19:52:16,🚬菸屁股,HOLD,1
NVDA,2026-11-20,400.0,0.03,11875,439,48.04739453125,69,218.36,0.02,0.04,2026-09-10 19:19:44,🚬菸屁股,HOLD,1
SMCI,2026-09-18,40.5,0.55,1388,436,71.28934960937501,6,37.38,0.51,0.55,2026-09-10 19:58:54,🚬菸屁股,HOLD,1
SMCI,2026-09-18,50.0,0.04,13362,434,95.70316796875,6,37.38,0.04,0.05,2026-09-10 19:59:52,🚬菸屁股,HOLD,1
IREN,2026-09-18,60.0,0.06,14884,430,106.64109179687502,6,43.64,0.06,0.07,2026-09-10 19:59:47,🚬菸屁股,HOLD,1
OPEN,2027-01-15,4.0,0.29,11763,428,95.507857421875,125,2.8,0.29,0.3,2026-09-10 19:46:21,🚬菸屁股,HOLD,1
ONDS,2028-01-21,10.0,2.35,23957,427,96.77737597656251,496,7.25,2.3,2.6,2026-09-10 19:59:18,🔭LEAPS,HOLD,1
JOBY,2026-10-16,7.0,0.3,1863,423,69.92217578125,34,6.31,0.27,0.33,2026-09-10 19:54:40,🚬菸屁股,HOLD,1
AVGO,2026-09-18,430.0,0.1,6984,423,51.17236328125,6,360.83,0.1,0.11,2026-09-10 19:49:55,🚬菸屁股,HOLD,1
AMD,2026-09-18,700.0,0.02,6479,421,82.226740234375,6,503.6,0.01,0.14,2026-09-10 18:50:04,🚬菸屁股,HOLD,1
PATH,2028-01-21,20.0,3.15,7813,421,75.36645727539062,496,13.87,3.0,3.3,2026-09-10 18:49:22,🔭LEAPS,HOLD,1
NBIS,2026-09-18,290.0,0.61,3531,415,92.9688203125,6,228.11,0.54,0.62,2026-09-10 19:59:24,🚬菸屁股,HOLD,1
SOFI,2028-01-21,20.0,4.18,29668,414,64.5511357421875,496,17.21,4.15,4.2,2026-09-10 19:59:37,🔭LEAPS,HOLD,1
IONQ,2026-10-16,50.0,0.59,5414,412,81.64080859375,34,36.84,0.58,0.67,2026-09-10 19:56:21,🚬菸屁股,HOLD,1
HOOD,2026-09-18,150.0,0.08,8142,412,85.937640625,6,113.33,0.07,0.09,2026-09-10 19:56:35,🚬菸屁股,HOLD,1
JOBY,2027-01-15,12.0,0.15,8123,412,78.711150390625,125,6.31,0.12,0.18,2026-09-10 18:52:55,🚬菸屁股,HOLD,1
JOBY,2028-01-21,10.0,1.44,18630,408,82.17791259765625,496,6.31,1.42,1.52,2026-09-10 19:51:25,🔭LEAPS,HOLD,1
ACHR,2026-10-16,6.0,0.29,11415,408,72.6565234375,34,5.45,0.25,0.33,2026-09-10 19:40:32,🚬菸屁股,HOLD,1
CRWV,2026-09-18,96.0,1.8,881,408,81.34784277343749,6,89.12,1.78,1.87,2026-09-10 19:57:59,🆕新倉暴量 ⚠️暴動高IV(81%),HOLD,1
DKNG,2027-01-15,55.0,0.08,6650,403,68.7503125,125,23.71,0.01,0.19,2026-09-08 18:37:03,🚬菸屁股,HOLD,1
LUNR,2026-09-18,17.0,0.12,1696,401,92.9688203125,6,14.62,0.11,0.19,2026-09-10 19:52:07,🚬菸屁股,HOLD,1
PCG,2028-01-21,25.0,0.69,26468,399,49.29249926757813,496,14.03,0.52,0.87,2026-09-10 19:17:04,🔭LEAPS,HOLD,1
IBIT,2028-01-21,50.0,8.27,8916,397,51.94139855957032,496,43.68,8.1,8.45,2026-09-10 19:43:18,🔭LEAPS,HOLD,1
PATH,2026-10-16,14.0,0.99,1792,395,61.03554589843752,34,13.87,0.95,1.05,2026-09-10 19:51:39,🚬菸屁股,HOLD,1
XYZ,2026-09-18,85.0,0.33,7960,393,44.824770507812495,6,79.07,0.26,0.38,2026-09-10 19:52:38,🚬菸屁股,HOLD,1
PATH,2026-10-16,15.0,0.62,1864,391,61.52382226562501,34,13.87,0.58,0.69,2026-09-10 19:51:23,🚬菸屁股,HOLD,1
SOFI,2026-11-20,22.0,0.49,17635,389,60.058993164062514,69,17.21,0.48,0.5,2026-09-10 19:58:17,🚬菸屁股,HOLD,1
OKLO,2026-09-18,44.0,0.58,1053,384,80.5666005859375,6,39.88,0.56,0.59,2026-09-10 19:58:51,🚬菸屁股,HOLD,1
ONDS,2028-01-21,7.0,3.1,18232,383,99.41406835937501,496,7.25,3.0,3.5,2026-09-10 19:18:12,🔭LEAPS,HOLD,1
AMZN,2026-09-18,285.0,0.05,15677,382,36.914693359375,6,251.89,0.05,0.06,2026-09-10 19:57:36,🚬菸屁股,HOLD,1
OKLO,2028-01-21,70.0,9.5,3678,381,89.28843719482423,496,39.88,9.15,9.95,2026-09-10 19:32:28,🆕低基期(前日Vol10) 🔭LEAPS,HOLD,1
F,2026-10-16,16.0,0.08,5963,377,36.7193828125,34,13.88,0.07,0.09,2026-09-10 19:26:41,🚬菸屁股,HOLD,1
JOBY,2027-01-15,10.0,0.27,26431,376,75.7814921875,125,6.31,0.25,0.3,2026-09-10 19:56:00,🚬菸屁股,HOLD,1
RKLB,2026-10-16,210.0,0.03,2539,372,138.28155859374996,34,61.96,0.03,0.04,2026-09-10 16:02:27,🚀點火(9.3x) 🚬菸屁股 ⚠️尾段價外(239%) ⚠️暴動高IV(138%),BUY_WATCH,1
SMR,2026-10-16,17.0,0.08,4255,372,96.48441015625,34,10.21,0.06,0.09,2026-09-10 18:48:35,🚬菸屁股,HOLD,1
META,2026-09-18,800.0,0.06,6309,372,55.66450585937501,6,644.38,0.05,0.11,2026-09-10 19:58:32,🚬菸屁股,HOLD,1
GOOGL,2026-09-18,480.0,0.02,2993,370,82.81267187499999,6,332.6,0.01,0.03,2026-09-09 19:27:38,🚬菸屁股,HOLD,1
ARM,2026-09-18,320.0,0.34,5011,369,83.05681005859374,6,254.18,0.33,0.5,2026-09-10 19:38:10,🚬菸屁股,HOLD,1
IREN,2026-12-18,140.0,0.34,8021,365,108.69186279296876,97,43.64,0.22,0.4,2026-09-10 16:43:49,🚬菸屁股,HOLD,1
PATH,2026-11-20,17.0,0.59,1109,365,64.5511357421875,69,13.87,0.53,0.68,2026-09-10 18:47:38,🚬菸屁股,HOLD,1
TSLA,2026-09-18,500.0,0.06,18626,362,80.664255859375,6,363.56,0.05,0.07,2026-09-10 19:57:53,🚬菸屁股,HOLD,1
SHOP,2026-09-18,150.0,0.12,11619,362,61.328511718750015,6,126.6,0.1,0.2,2026-09-10 19:42:07,🚬菸屁股,HOLD,1
SOFI,2028-01-21,30.0,2.18,29679,359,64.11168701171876,496,17.21,2.15,2.2,2026-09-10 19:59:22,🔭LEAPS,HOLD,1
OKLO,2027-01-15,100.0,0.8,4665,358,97.85158398437501,125,39.88,0.78,0.89,2026-09-10 19:53:53,🚬菸屁股,HOLD,1
IREN,2027-01-15,140.0,0.68,8712,355,102.1489267578125,125,43.64,0.28,0.64,2026-09-09 18:14:43,🚬菸屁股,HOLD,1
ACHR,2028-01-21,10.0,1.2,21192,355,88.52550537109374,496,5.45,1.18,1.27,2026-09-10 19:58:00,🔭LEAPS,HOLD,1
IREN,2026-09-18,47.5,0.91,789,353,86.4259169921875,6,43.64,0.85,0.92,2026-09-10 19:52:46,🚬菸屁股,HOLD,1
GOOGL,2026-09-18,410.0,0.08,15334,348,55.859816406250005,6,332.6,0.01,0.1,2026-09-10 19:43:38,🚬菸屁股,HOLD,1
META,2026-09-18,730.0,0.56,4626,348,45.654840332031256,6,644.38,0.48,0.59,2026-09-10 19:59:02,🚬菸屁股,HOLD,1
NVDA,2026-10-16,280.0,0.22,18006,347,39.063109374999996,34,218.36,0.22,0.24,2026-09-10 19:52:15,🚬菸屁股,HOLD,1
OPEN,2027-01-15,6.0,0.13,10769,347,108.59420703125,125,2.8,0.12,0.17,2026-09-10 19:41:15,🚬菸屁股,HOLD,1
BRK-B,2026-09-18,520.0,0.6,5048,346,14.856808471679688,6,507.0,0.53,0.7,2026-09-10 19:58:59,🚬菸屁股,HOLD,1
SOFI,2026-09-18,22.5,0.01,1234,340,85.937640625,6,17.21,0.01,0.02,2026-09-10 16:56:18,🚬菸屁股,HOLD,1
HOOD,2026-09-18,165.0,0.03,1657,340,96.0937890625,6,113.33,0.02,0.03,2026-09-10 19:58:25,🚀點火(2.6x) 🚬菸屁股 ⚠️尾段價外(46%) ⚠️暴動高IV(96%),BUY_WATCH,1
META,2026-09-18,740.0,0.35,1766,340,46.973186523437505,6,644.38,0.33,0.42,2026-09-10 19:30:56,🚬菸屁股,HOLD,1
ACHR,2027-01-15,6.0,0.82,7600,339,78.12521875,125,5.45,0.75,0.83,2026-09-10 19:44:57,🚬菸屁股,HOLD,1
SOFI,2026-11-20,24.0,0.3,5187,338,62.305064453125006,69,17.21,0.3,0.31,2026-09-10 19:44:36,🚬菸屁股,HOLD,1
RDDT,2026-09-18,180.0,0.6,4807,338,68.16438085937502,6,155.34,0.48,0.6,2026-09-10 19:57:57,🚬菸屁股,HOLD,1
GOOG,2026-09-18,385.0,0.16,5609,333,50.48877636718749,6,330.39,0.13,0.2,2026-09-10 19:59:25,🚬菸屁股,HOLD,1
HOOD,2026-10-16,160.0,0.76,2827,333,70.45927978515626,34,113.33,0.72,0.8,2026-09-10 19:56:14,🚬菸屁股,HOLD,1
OPEN,2026-10-16,5.0,0.04,8898,333,114.0629296875,34,2.8,0.02,0.04,2026-09-10 19:01:11,🚀點火(6.2x) 🚬菸屁股 ⚠️尾段價外(79%) ⚠️暴動高IV(114%),BUY_WATCH,1
SMR,2026-09-18,15.0,0.02,1635,331,163.28143359374997,6,10.21,0.01,0.13,2026-09-10 17:37:07,🚀點火(4.2x) ⚠️IV頂峰 🚬菸屁股 ⚠️暴動高IV(163%),BUY_WATCH,1
NVDA,2028-01-21,350.0,13.0,29016,330,43.71394177246094,496,218.36,12.75,13.3,2026-09-10 19:25:05,🔭LEAPS,HOLD,1
AVGO,2026-09-18,420.0,0.17,11321,328,49.5122236328125,6,360.83,0.15,0.2,2026-09-10 19:35:12,🚬菸屁股,HOLD,1
GOOG,2026-10-16,400.0,0.77,10713,327,36.56069299316406,34,330.39,0.72,0.83,2026-09-10 19:52:35,🚬菸屁股,HOLD,1
F,2026-11-20,16.0,0.28,7673,327,39.3560751953125,69,13.88,0.27,0.3,2026-09-10 19:52:04,🚬菸屁股,HOLD,1
TSLA,2026-09-18,460.0,0.1,5068,326,65.9183095703125,6,363.56,0.1,0.11,2026-09-10 19:54:11,🚬菸屁股,HOLD,1
PATH,2026-10-16,17.0,0.23,1567,322,62.109753906250006,34,13.87,0.16,0.3,2026-09-10 19:19:03,🚬菸屁股,HOLD,1
IONQ,2026-09-18,42.0,0.36,4296,321,84.57046679687498,6,36.84,0.3,0.45,2026-09-10 19:52:43,🚬菸屁股,HOLD,1
ONDS,2026-10-16,9.0,0.22,7240,320,80.27363476562499,34,7.25,0.21,0.23,2026-09-10 19:57:37,🚬菸屁股,HOLD,1
JOBY,2027-01-15,14.0,0.09,2929,320,80.4689453125,125,6.31,0.07,0.1,2026-09-10 19:56:24,🆕低基期(前日Vol4) 🚬菸屁股,HOLD,1
BRZE,2026-09-18,37.5,0.01,957,319,131.25034374999998,6,24.265,0.0,0.05,2026-09-09 19:18:43,🚬菸屁股,HOLD,1
SOFI,2027-01-15,27.0,0.41,21067,318,61.81678808593751,125,17.21,0.4,0.41,2026-09-10 18:56:28,🚬菸屁股,HOLD,1
ONDS,2026-09-18,7.0,0.45,5977,317,74.60962890625001,6,7.25,0.4,0.51,2026-09-10 19:54:40,🚬菸屁股,HOLD,1
OPEN,2027-01-15,8.0,0.08,3514,315,113.28168359375002,125,2.8,0.05,0.1,2026-09-10 19:02:06,🚬菸屁股,HOLD,1
LUNR,2026-09-18,15.0,0.57,3542,310,88.08605664062499,6,14.62,0.52,0.67,2026-09-10 19:22:04,🚬菸屁股,HOLD,1
PCG,2026-10-16,17.0,0.19,16966,310,58.00823242187501,34,14.03,0.18,0.24,2026-09-10 19:29:10,🚬菸屁股,HOLD,1
ONDS,2026-11-20,10.0,0.36,3771,308,89.64854101562499,69,7.25,0.35,0.43,2026-09-10 19:31:11,🚬菸屁股,HOLD,1
TJX,2026-10-16,135.0,0.95,1006,304,23.62136926269531,34,126.42,0.85,1.0,2026-09-10 19:59:28,🚬菸屁股,HOLD,1
IBIT,2026-12-18,60.0,0.47,27961,303,45.361874511718746,97,43.68,0.47,0.5,2026-09-10 19:54:40,🚬菸屁股,HOLD,1
NBIS,2026-09-18,310.0,0.26,1809,303,104.0043862304688,6,228.11,0.21,0.5,2026-09-10 19:10:30,🚬菸屁股,HOLD,1
GOOGL,2026-10-16,800.0,0.01,4956,303,90.23447265624999,34,332.6,0.0,0.08,2026-09-08 14:11:19,🚬菸屁股,HOLD,1
AMZN,2026-09-18,272.5,0.27,2415,302,32.984068603515624,6,251.89,0.27,0.29,2026-09-10 19:58:19,🚬菸屁股,HOLD,1
LUNR,2026-09-18,16.0,0.3,1655,298,86.7188828125,6,14.62,0.24,0.32,2026-09-10 19:46:47,🚬菸屁股,HOLD,1
ORCL,2026-12-18,510.0,0.15,11258,298,87.5977802734375,97,152.94,0.1,0.22,2026-09-10 19:34:53,🚬菸屁股,HOLD,1
PCG,2026-09-18,15.0,0.14,3745,296,61.71913281250001,6,14.03,0.11,0.25,2026-09-10 19:10:15,🚬菸屁股,HOLD,1
WMT,2026-10-16,130.0,0.06,3299,293,30.371790039062496,34,105.73,0.0,0.06,2026-09-10 19:59:22,🆕低基期(前日Vol15) 🚬菸屁股,HOLD,1
NVDA,2026-11-20,300.0,0.79,11610,292,41.87069848632812,69,218.36,0.79,0.82,2026-09-10 19:54:42,🚬菸屁股,HOLD,1
META,2026-09-18,725.0,0.68,2115,292,44.97125341796875,6,644.38,0.61,0.7,2026-09-10 19:18:14,🚬菸屁股,HOLD,1
DKNG,2027-01-15,35.0,0.61,11959,290,60.205476074218765,125,23.71,0.51,0.89,2026-09-10 18:22:06,🆕低基期(前日Vol13) 🚬菸屁股,HOLD,1
F,2026-12-18,19.82,0.13,7303,290,51.562984375,97,13.88,0.15,0.23,2025-02-13 18:30:47,🚬菸屁股,HOLD,1
AVGO,2026-10-16,460.0,0.65,2697,287,41.67538793945312,34,360.83,0.64,0.66,2026-09-10 19:57:20,🚬菸屁股,HOLD,1
F,2026-09-18,15.5,0.02,1370,285,45.313046875000005,6,13.88,0.01,0.02,2026-09-10 19:50:33,🚬菸屁股,HOLD,1
IBIT,2026-11-20,90.0,0.07,8087,276,69.72686523437501,69,43.68,0.05,0.07,2026-09-10 16:56:01,🚬菸屁股,HOLD,1
XYZ,2026-10-16,90.0,0.9,919,276,42.017181396484375,34,79.07,0.85,0.96,2026-09-10 19:57:25,🚬菸屁股,HOLD,1
F,2026-12-18,15.0,0.65,6092,276,38.184211914062494,97,13.88,0.63,0.67,2026-09-10 18:56:29,🚬菸屁股,HOLD,1
IREN,2026-11-20,95.0,0.55,8398,275,103.61376318359379,69,43.64,0.5,0.55,2026-09-10 19:31:12,🚬菸屁股,HOLD,1
ONDS,2026-11-20,9.0,0.54,3492,275,87.500125,69,7.25,0.51,0.6,2026-09-10 19:54:03,🚬菸屁股,HOLD,1
SMR,2027-01-15,20.0,0.49,25040,274,96.679720703125,125,10.21,0.4,0.53,2026-09-10 19:59:26,🚬菸屁股,HOLD,1
F,2026-11-20,15.0,0.51,3148,272,39.063109374999996,69,13.88,0.5,0.53,2026-09-10 19:55:45,🚬菸屁股,HOLD,1
IREN,2026-10-16,70.0,0.38,7852,271,93.945373046875,34,43.64,0.36,0.39,2026-09-10 19:59:23,🚬菸屁股,HOLD,1
ARM,2026-09-18,310.0,0.59,6765,270,80.51777294921875,6,254.18,0.5,0.83,2026-09-10 19:20:27,🚬菸屁股,HOLD,1
PCG,2026-10-16,14.0,0.8,18625,269,53.320779296874996,34,14.03,0.82,0.95,2026-09-10 19:31:54,🚬菸屁股,HOLD,1
SMCI,2026-09-18,41.5,0.44,2232,267,72.851833984375,6,37.38,0.35,0.4,2026-09-10 19:52:48,🚬菸屁股,HOLD,1
PATH,2026-10-16,16.0,0.37,1351,267,61.62147753906251,34,13.87,0.35,0.42,2026-09-10 19:50:23,🚬菸屁股,HOLD,1
SOFI,2028-06-16,40.0,1.95,11199,266,65.94272338867188,643,17.21,1.91,1.97,2026-09-10 18:58:26,🔭LEAPS,HOLD,1
U,2026-09-18,45.0,0.46,4862,264,61.328511718750015,6,42.07,0.39,0.66,2026-09-10 19:49:57,🚬菸屁股,HOLD,1
SMCI,2026-09-18,44.0,0.17,4398,263,77.148666015625,6,37.38,0.15,0.17,2026-09-10 19:59:26,🚬菸屁股,HOLD,1
SMCI,2026-09-18,55.0,0.02,12895,263,111.71919140624999,6,37.38,0.02,0.03,2026-09-10 19:09:05,🚬菸屁股,HOLD,1
SOFI,2028-01-21,15.0,6.1,29100,262,66.55306884765628,496,17.21,6.0,6.1,2026-09-10 19:59:20,🔭LEAPS,HOLD,1
SOFI,2026-12-18,30.0,0.19,24193,261,66.99251757812502,97,17.21,0.18,0.19,2026-09-10 19:58:41,🚬菸屁股,HOLD,1
SMCI,2026-10-16,55.0,0.32,1664,259,80.27363476562499,34,37.38,0.28,0.34,2026-09-10 19:26:10,🚬菸屁股,HOLD,1
ONDS,2026-12-18,8.0,0.98,14980,257,86.4259169921875,97,7.25,0.98,1.05,2026-09-10 19:48:09,🚬菸屁股,HOLD,1
ONDS,2026-12-18,10.0,0.53,19756,257,88.18371191406248,97,7.25,0.52,0.58,2026-09-10 19:53:13,🚬菸屁股,HOLD,1
META,2026-12-18,1300.0,0.44,9159,256,51.68505346679688,97,644.38,0.24,0.46,2026-09-09 16:52:48,🚬菸屁股,HOLD,1
COIN,2026-09-18,260.0,0.08,5530,254,116.01604492187501,6,172.28,0.07,0.13,2026-09-10 19:12:22,🚀點火(6.2x) 🚬菸屁股 ⚠️尾段價外(51%) ⚠️暴動高IV(116%),BUY_WATCH,1
NVDA,2026-09-18,330.0,0.01,5749,249,84.37515624999999,6,218.36,0.0,0.01,2026-09-04 19:53:05,🚬菸屁股,HOLD,1
SMR,2026-10-16,13.0,0.33,1289,249,87.695435546875,34,10.21,0.3,0.36,2026-09-10 19:25:24,🚬菸屁股,HOLD,1
SBUX,2026-10-16,115.0,0.19,6263,249,28.565167480468745,34,99.22,0.17,0.2,2026-09-10 19:14:31,🚬菸屁股,HOLD,1
IREN,2026-09-18,54.0,0.19,1020,248,94.14068359375,6,43.64,0.17,0.2,2026-09-10 19:59:04,🚬菸屁股,HOLD,1
RKLB,2026-09-18,72.0,0.32,1125,247,78.9064609375,6,61.96,0.31,0.42,2026-09-10 19:59:02,🚬菸屁股,HOLD,1
NVDA,2026-09-18,280.0,0.02,26503,244,59.375406250000005,6,218.36,0.01,0.02,2026-09-10 19:58:35,🚬菸屁股,HOLD,1
CRSP,2026-09-18,70.0,0.05,891,244,103.51610742187502,6,52.26,0.0,0.2,2026-09-09 19:02:41,🚬菸屁股,HOLD,1
JOBY,2026-10-16,10.0,0.02,5190,244,79.687703125,34,6.31,0.02,0.03,2026-09-10 19:47:52,🚬菸屁股,HOLD,1
SOFI,2026-11-20,21.0,0.64,4949,242,59.22892333984377,69,17.21,0.63,0.64,2026-09-10 19:42:55,🚬菸屁股,HOLD,1
JOBY,2027-01-15,40.0,0.02,5577,242,106.25046875000001,125,6.31,0.0,0.01,2026-09-03 19:58:25,🚬菸屁股,HOLD,1
INTC,2026-11-20,210.0,0.43,5089,241,82.71501660156248,69,100.32,0.38,0.45,2026-09-10 19:17:58,🚬菸屁股,HOLD,1
IBIT,2027-01-15,65.0,0.47,18011,240,46.7778759765625,125,43.68,0.45,0.49,2026-09-10 18:28:55,🚬菸屁股,HOLD,1
IBIT,2028-01-21,60.0,5.53,8044,239,51.001466552734385,496,43.68,5.45,5.75,2026-09-10 18:17:58,🆕低基期(前日Vol18) 🔭LEAPS,HOLD,1
PATH,2026-09-18,16.0,0.06,4239,238,68.7503125,6,13.87,0.05,0.06,2026-09-10 19:50:45,🚬菸屁股,HOLD,1
OKLO,2026-10-16,55.0,0.72,1769,237,85.30288134765625,34,39.88,0.67,0.73,2026-09-10 19:59:46,🚬菸屁股,HOLD,1
SHOP,2026-10-16,155.0,0.96,6345,236,50.34229345703125,34,126.6,0.92,1.05,2026-09-10 19:54:07,🚬菸屁股,HOLD,1
NVDA,2026-10-16,300.0,0.09,13244,235,42.57869921875,34,218.36,0.08,0.1,2026-09-10 19:31:14,🚬菸屁股,HOLD,1
SMR,2028-01-21,15.0,3.3,7310,235,98.9257919921875,496,10.21,3.2,3.55,2026-09-10 19:40:23,🔭LEAPS,HOLD,1
HIMS,2026-09-18,32.0,0.17,1724,234,81.2501875,6,27.44,0.15,0.19,2026-09-10 19:51:38,🚬菸屁股,HOLD,1
ACHR,2028-01-21,7.0,1.76,20788,234,88.76964355468748,496,5.45,1.71,1.8,2026-09-10 19:57:04,🔭LEAPS,HOLD,1
INTC,2026-09-18,140.0,0.03,12973,233,87.500125,6,100.32,0.02,0.03,2026-09-10 19:53:41,🚬菸屁股,HOLD,1
RKLB,2026-10-16,95.0,0.47,2083,232,89.062609375,34,61.96,0.39,0.78,2026-09-10 19:10:17,🚀點火(2.8x) 🚬菸屁股 ⚠️尾段價外(53%) ⚠️暴動高IV(89%),BUY_WATCH,1
SOFI,2026-12-18,25.0,0.39,20465,232,61.426166992187504,97,17.21,0.39,0.4,2026-09-10 19:59:01,🚬菸屁股,HOLD,1
CHPT,2026-09-18,10.0,0.25,1453,232,99.2187578125,6,8.93,0.15,0.2,2026-09-10 19:49:19,🚬菸屁股,HOLD,1
HIMS,2026-10-16,35.0,0.58,3174,230,75.73266455078127,34,27.44,0.54,0.63,2026-09-10 19:59:09,🚬菸屁股,HOLD,1
CRSP,2026-09-18,62.5,0.09,929,227,72.851833984375,6,52.26,0.05,0.2,2026-09-10 18:52:01,🆕低基期(前日Vol1) 🚬菸屁股,HOLD,1
CRWV,2026-10-16,140.0,0.69,10463,227,89.16026464843749,34,89.12,0.68,0.72,2026-09-10 19:28:37,🚬菸屁股,HOLD,1
TGT,2026-09-18,165.0,0.32,3006,225,30.908894042968747,6,155.73,0.28,0.36,2026-09-10 19:45:37,🚬菸屁股,HOLD,1
SMR,2026-10-16,11.0,0.78,1069,223,85.4493642578125,34,10.21,0.76,0.8,2026-09-10 19:57:11,🚬菸屁股,HOLD,1
WMT,2027-01-15,140.0,0.43,7196,223,29.29758203124999,125,105.73,0.4,0.46,2026-09-10 19:59:28,🆕低基期(前日Vol5) 🚬菸屁股,HOLD,1
NVDA,2026-09-18,270.0,0.02,26974,222,54.297332031250015,6,218.36,0.02,0.03,2026-09-10 19:29:47,🚬菸屁股,HOLD,1
WMT,2026-11-20,130.0,0.36,6217,222,31.641308593749994,69,105.73,0.34,0.5,2026-09-10 19:09:34,🚬菸屁股,HOLD,1
AMZN,2026-10-16,310.0,0.28,10892,222,33.936207519531244,34,251.89,0.26,0.29,2026-09-10 19:52:29,🚬菸屁股,HOLD,1
HIMS,2026-09-18,33.0,0.13,5197,221,84.37515624999999,6,27.44,0.1,0.13,2026-09-10 19:55:48,🚬菸屁股,HOLD,1
PLTR,2026-09-18,300.0,0.01,7446,220,121.875390625,6,165.86,0.0,0.01,2026-09-08 15:31:14,🚬菸屁股,HOLD,1
TSLA,2026-10-16,500.0,0.57,7341,219,50.73291455078125,34,363.56,0.56,0.59,2026-09-10 19:47:13,🚬菸屁股,HOLD,1
ASTS,2026-09-18,90.0,0.05,9898,218,118.75040625,6,59.91,0.02,0.07,2026-09-10 19:56:56,🚬菸屁股,HOLD,1
VRT,2026-09-18,310.0,0.13,1581,218,68.16438085937502,6,248.13,0.09,0.18,2026-09-10 19:44:04,🚬菸屁股,HOLD,1
CRWV,2026-09-18,125.0,0.09,6476,218,103.90673046875003,6,89.12,0.07,0.09,2026-09-10 19:51:23,🚬菸屁股,HOLD,1
ASTS,2026-09-18,100.0,0.04,11765,216,146.09401953124998,6,59.91,0.03,0.07,2026-09-10 19:02:10,🚬菸屁股,HOLD,1
AMD,2026-09-18,650.0,0.06,9568,215,64.062859375,6,503.6,0.05,0.07,2026-09-10 19:56:34,🚬菸屁股,HOLD,1
NTLA,2026-09-18,12.0,0.5,1351,215,72.07059179687501,6,11.93,0.4,0.55,2026-09-10 19:57:15,🚬菸屁股,HOLD,1
PLTR,2028-01-21,200.0,36.67,10931,213,62.33252999877931,496,165.86,36.15,36.95,2026-09-10 19:55:32,🔭LEAPS,HOLD,1
OPEN,2026-12-18,5.0,0.14,3766,213,103.12548437500001,97,2.8,0.13,0.15,2026-09-10 19:59:43,🚬菸屁股,HOLD,1
CRWV,2026-10-16,150.0,0.46,9010,213,92.33406103515625,34,89.12,0.46,0.5,2026-09-10 19:34:42,🚬菸屁股,HOLD,1
IBIT,2026-09-18,49.0,0.07,8828,212,48.828636718750005,6,43.68,0.06,0.08,2026-09-10 18:21:55,🚬菸屁股,HOLD,1
AVGO,2026-10-16,560.0,0.08,2140,212,56.250437500000004,34,360.83,0.05,0.28,2026-09-10 19:54:08,🚬菸屁股,HOLD,1
AMZN,2026-09-18,290.0,0.03,22366,211,39.258419921874996,6,251.89,0.03,0.04,2026-09-10 19:59:19,🚬菸屁股,HOLD,1
HIMS,2026-09-18,35.0,0.06,5802,210,92.9688203125,6,27.44,0.05,0.08,2026-09-10 19:53:02,🚬菸屁股,HOLD,1
SMCI,2027-01-15,85.0,0.62,4072,209,85.8399853515625,125,37.38,0.54,0.69,2026-09-10 17:36:21,🚬菸屁股,HOLD,1
F,2027-01-15,17.0,0.3,2576,209,38.3795224609375,125,13.88,0.3,0.35,2026-09-10 19:28:12,🆕低基期(前日Vol14) 🚬菸屁股,HOLD,1
SOFI,2026-10-16,24.0,0.07,9378,208,60.937890625000016,34,17.21,0.06,0.07,2026-09-10 19:54:53,🚬菸屁股,HOLD,1
TJX,2026-10-16,140.0,0.33,2014,208,23.902128173828125,34,126.42,0.3,0.4,2026-09-10 19:49:12,🚬菸屁股,HOLD,1
HIMS,2026-09-18,31.0,0.24,2099,207,75.7814921875,6,27.44,0.22,0.24,2026-09-10 19:59:20,🚬菸屁股,HOLD,1
NBIS,2026-09-18,320.0,0.17,1841,206,99.804689453125,6,228.11,0.05,0.25,2026-09-10 19:16:18,🚬菸屁股,HOLD,1
OKLO,2026-09-18,43.0,0.78,1033,205,79.49239257812499,6,39.88,0.75,0.79,2026-09-10 19:58:20,🚬菸屁股,HOLD,1
GOOGL,2026-10-16,490.0,0.13,6529,205,51.514156738281244,34,332.6,0.13,0.23,2026-09-09 18:39:04,🚬菸屁股,HOLD,1
AVGO,2026-09-18,520.0,0.02,3967,205,80.4689453125,6,360.83,0.01,0.02,2026-09-10 19:35:38,🚬菸屁股,HOLD,1
JOBY,2026-11-20,8.0,0.32,2483,204,73.633076171875,69,6.31,0.29,0.33,2026-09-10 19:40:21,🚬菸屁股,HOLD,1
TJX,2027-01-15,160.0,0.7,831,204,27.49095947265625,125,126.42,0.55,0.75,2026-09-10 18:54:13,🆕低基期(前日Vol5) 🚬菸屁股,HOLD,1
CRWV,2027-01-15,250.0,0.89,2614,203,91.1133701171875,125,89.12,0.66,0.98,2026-09-10 16:34:41,🚬菸屁股,HOLD,1
PCG,2028-01-21,17.0,1.98,2262,203,50.6840869140625,496,14.03,1.92,2.31,2026-09-10 19:17:04,🔭LEAPS,HOLD,1
WMT,2026-12-18,125.0,0.96,3835,203,27.967028930664057,97,105.73,0.83,1.04,2026-09-10 19:51:34,🚬菸屁股,HOLD,1
SOFI,2026-10-16,30.0,0.02,6947,202,78.9064609375,34,17.21,0.02,0.03,2026-09-10 15:48:52,🚬菸屁股,HOLD,1
WMT,2026-09-18,130.0,0.01,11756,202,51.562984375,6,105.73,0.0,0.01,2026-09-10 16:50:05,🆕低基期(前日Vol16) 🚬菸屁股,HOLD,1
AVGO,2026-09-18,500.0,0.02,14572,202,75.7814921875,6,360.83,0.02,0.03,2026-09-10 19:59:36,🚬菸屁股,HOLD,1
VRT,2026-09-18,290.0,0.44,1693,201,63.867548828124995,6,248.13,0.4,0.65,2026-09-10 19:56:38,🚬菸屁股,HOLD,1
IBIT,2026-09-18,80.0,0.01,11710,200,137.50031249999998,6,43.68,0.0,0.01,2026-09-03 19:29:26,🚬菸屁股,HOLD,1
IBIT,2027-01-15,85.0,0.17,15068,200,55.859816406250005,125,43.68,0.14,0.18,2026-09-10 19:45:42,🆕低基期(前日Vol2) 🚬菸屁股,HOLD,1
META,2026-09-18,1100.0,0.01,2800,200,100.0005,6,644.38,0.0,0.01,2026-09-02 14:10:14,🚬菸屁股,HOLD,1
ORCL,2027-01-15,400.0,0.57,13909,199,75.07349145507813,125,152.94,0.5,0.64,2026-09-10 19:56:41,🚬菸屁股,HOLD,1
ORCL,2026-10-16,300.0,0.25,4544,196,94.14068359375,34,152.94,0.21,0.28,2026-09-10 19:59:35,🚬菸屁股,HOLD,1
HOOD,2026-09-18,145.0,0.12,2258,192,81.83611914062499,6,113.33,0.11,0.13,2026-09-10 19:59:39,🚬菸屁股,HOLD,1
ACHR,2028-01-21,15.0,0.71,14030,190,91.74812939453125,496,5.45,0.7,0.94,2026-09-10 19:04:09,🔭LEAPS,HOLD,1
NBIS,2026-09-18,330.0,0.1,1562,188,108.3988955078125,6,228.11,0.1,0.22,2026-09-10 19:58:21,🚬菸屁股,HOLD,1
BRK-B,2026-09-18,525.0,0.29,1403,187,15.064325927734378,6,507.0,0.22,0.29,2026-09-10 19:58:58,🚬菸屁股,HOLD,1
IREN,2026-09-18,53.0,0.24,1535,186,92.38288867187501,6,43.64,0.22,0.24,2026-09-10 19:59:01,🚬菸屁股,HOLD,1
PCG,2026-09-18,18.5,0.06,2335,186,100.78174609374999,6,14.03,0.01,0.05,2026-09-08 19:50:41,🚬菸屁股,HOLD,1
U,2026-10-16,49.0,0.88,1321,184,56.1527822265625,34,42.07,0.76,0.95,2026-09-10 19:59:39,🚬菸屁股,HOLD,1
PLTR,2026-10-16,250.0,0.19,5156,183,60.058993164062514,34,165.86,0.18,0.22,2026-09-10 19:56:22,🚬菸屁股,HOLD,1
IBIT,2027-01-15,80.0,0.2,25377,182,53.906710937500016,125,43.68,0.19,0.22,2026-09-10 19:43:17,🆕低基期(前日Vol5) 🚬菸屁股,HOLD,1
TDOC,2026-09-18,6.5,0.1,2958,182,54.68795312500001,6,6.09,0.03,0.09,2026-09-10 17:09:11,🆕低基期(前日Vol8) 🚬菸屁股,HOLD,1
PCG,2026-12-18,19.0,0.52,29753,181,62.500375000000005,97,14.03,0.41,0.59,2026-09-10 18:59:32,🚬菸屁股,HOLD,1
AMZN,2026-09-18,282.5,0.07,1957,180,36.6217275390625,6,251.89,0.03,0.09,2026-09-10 19:40:45,🚬菸屁股,HOLD,1
NVDA,2028-01-21,200.0,55.1,27541,178,48.78286080932618,496,218.36,55.0,56.65,2026-09-10 19:14:08,🔭LEAPS,HOLD,1
IONQ,2026-09-18,60.0,0.03,4636,177,142.1877890625,6,36.84,0.02,0.05,2026-09-10 19:17:13,🚬菸屁股,HOLD,1
NBIS,2026-09-18,340.0,0.07,1163,177,103.12548437500001,6,228.11,0.05,0.07,2026-09-10 19:45:50,🚬菸屁股,HOLD,1
SMR,2026-09-18,9.5,0.94,1776,177,88.2813671875,6,10.21,0.86,1.03,2026-09-10 19:57:16,🚬菸屁股,HOLD,1
INTC,2026-09-18,160.0,0.01,7550,176,107.81296093750001,6,100.32,0.0,0.02,2026-09-10 19:59:32,🚀點火(8.0x) 🚬菸屁股 ⚠️尾段價外(59%) ⚠️暴動高IV(108%),BUY_WATCH,1
AVGO,2026-10-16,500.0,0.24,5347,176,45.16656396484375,34,360.83,0.2,0.22,2026-09-10 19:32:13,🚬菸屁股,HOLD,1
SBUX,2026-10-16,110.0,0.53,1984,176,27.930408203124994,34,99.22,0.49,0.54,2026-09-10 19:58:46,🚬菸屁股,HOLD,1
CHPT,2026-09-18,12.0,0.05,1156,174,110.9379453125,6,8.93,0.0,0.05,2026-09-10 19:52:29,🚬菸屁股,HOLD,1
PATH,2026-09-18,15.5,0.08,1840,173,65.62534375000001,6,13.87,0.07,0.11,2026-09-10 19:37:24,🚬菸屁股,HOLD,1
ONDS,2027-01-15,12.0,0.4,19186,173,88.5743330078125,125,7.25,0.4,0.45,2026-09-10 19:39:40,🚬菸屁股,HOLD,1
PLTR,2026-09-18,210.0,0.05,7898,172,67.18782812500001,6,165.86,0.05,0.06,2026-09-10 19:58:58,🚬菸屁股,HOLD,1
META,2026-10-16,900.0,0.37,3313,172,46.33842724609375,34,644.38,0.31,0.41,2026-09-10 19:54:30,🚬菸屁股,HOLD,1
HOOD,2026-10-16,180.0,0.37,2521,171,76.02563037109377,34,113.33,0.31,0.37,2026-09-10 19:38:38,🚬菸屁股,HOLD,1
WMT,2026-09-18,113.0,0.07,922,171,28.80930566406249,6,105.73,0.0,0.12,2026-09-10 19:13:55,🚬菸屁股,HOLD,1
ZM,2026-11-20,135.0,0.58,1750,170,50.537604003906246,69,95.46,0.24,0.65,2026-09-09 18:20:49,🚬菸屁股,HOLD,1
CRWV,2026-10-16,135.0,0.84,2678,170,87.74426318359374,34,89.12,0.84,0.89,2026-09-10 19:43:09,🚬菸屁股,HOLD,1
BRK-B,2026-12-18,600.0,0.82,869,170,18.647053771972654,97,507.0,0.65,0.9,2026-09-09 18:47:16,🚬菸屁股,HOLD,1
RKLB,2026-09-18,90.0,0.05,4756,169,110.15669921875002,6,61.96,0.04,0.05,2026-09-10 19:49:57,🚬菸屁股,HOLD,1
RKLB,2027-01-15,150.0,0.95,10269,169,90.1368173828125,125,61.96,0.9,1.1,2026-09-10 19:40:50,🚬菸屁股,HOLD,1
INTC,2026-09-18,170.0,0.01,5624,167,112.5004375,6,100.32,0.0,0.01,2026-09-10 14:08:41,🚬菸屁股,HOLD,1
UPST,2026-09-18,28.5,0.14,1742,167,69.14093359375,6,25.1,0.08,0.2,2026-09-10 19:24:05,🚬菸屁股,HOLD,1
IBIT,2026-09-18,60.0,0.01,25184,165,82.81267187499999,6,43.68,0.0,0.02,2026-09-10 19:58:33,🚀點火(8.2x) 🚬菸屁股 ⚠️尾段價外(37%) ⚠️暴動高IV(83%),BUY_WATCH,1
ASTS,2026-09-18,85.0,0.08,6087,165,113.28168359375002,6,59.91,0.06,0.1,2026-09-10 19:55:51,🚬菸屁股,HOLD,1
AAPL,2026-09-18,400.0,0.01,15331,164,46.0942890625,6,326.57,0.0,0.01,2026-09-10 19:16:13,🚬菸屁股,HOLD,1
SOFI,2028-06-16,18.0,5.65,9289,164,66.50424121093752,643,17.21,5.55,5.7,2026-09-10 18:50:55,🔭LEAPS,HOLD,1
ACHR,2027-01-15,20.0,0.05,25204,164,107.03171484375002,125,5.45,0.03,0.06,2026-09-10 15:44:54,🚬菸屁股,HOLD,1
NVDA,2026-10-16,275.0,0.29,7928,163,38.086556640625,34,218.36,0.28,0.3,2026-09-10 19:56:45,🚬菸屁股,HOLD,1
NVDA,2026-12-18,460.0,0.03,11125,162,50.7817421875,97,218.36,0.01,0.06,2026-09-10 17:29:19,🚬菸屁股,HOLD,1
NVDA,2028-01-21,260.0,31.0,9857,162,46.022573471069336,496,218.36,28.0,32.45,2026-09-10 19:54:10,🆕低基期(前日Vol3) 🔭LEAPS,HOLD,1
ZM,2026-09-18,100.0,0.98,7090,162,49.023947265625004,6,95.46,0.78,1.12,2026-09-10 19:40:40,🚬菸屁股,HOLD,1
ORCL,2027-01-15,510.0,0.22,9716,161,84.8634326171875,125,152.94,0.2,0.53,2026-09-10 19:59:22,🚬菸屁股,HOLD,1
HOOD,2026-09-18,155.0,0.05,2380,159,89.84385156249999,6,113.33,0.05,0.06,2026-09-10 18:59:40,🚬菸屁股,HOLD,1
NTLA,2028-01-21,15.0,3.95,2607,159,90.40536938476562,496,11.93,3.5,4.5,2026-09-10 18:44:32,🔭LEAPS,HOLD,1
OKLO,2026-10-16,65.0,0.35,1275,158,96.77737597656251,34,39.88,0.3,0.4,2026-09-10 18:06:32,🚀點火(3.2x) 🚬菸屁股 ⚠️尾段價外(63%) ⚠️暴動高IV(97%),BUY_WATCH,1
SOFI,2026-12-18,26.0,0.32,2692,158,62.109753906250006,97,17.21,0.32,0.33,2026-09-10 19:46:00,🚬菸屁股,HOLD,1
LUNR,2026-09-18,21.0,0.03,2692,157,125.00037499999999,6,14.62,0.01,0.05,2026-09-10 19:41:27,🆕低基期(前日Vol7) 🚬菸屁股,HOLD,1
OKLO,2027-01-15,110.0,0.67,3185,156,97.75392871093752,125,39.88,0.41,0.76,2026-09-10 19:24:07,🆕低基期(前日Vol1) 🚬菸屁股,HOLD,1
SOFI,2028-06-16,20.0,5.05,27194,156,65.99155102539062,643,17.21,4.95,5.05,2026-09-10 19:37:38,🔭LEAPS,HOLD,1
ONDS,2027-01-15,9.0,0.9,14481,156,86.914193359375,125,7.25,0.86,0.96,2026-09-10 19:59:03,🚬菸屁股,HOLD,1
WMT,2026-10-16,125.0,0.09,7982,154,27.539787109375,34,105.73,0.09,0.1,2026-09-10 19:32:50,🚬菸屁股,HOLD,1
AVGO,2026-09-18,395.0,0.63,1088,153,40.65000756835938,6,360.83,0.59,0.66,2026-09-10 19:59:44,🚬菸屁股,HOLD,1
OKLO,2026-09-18,46.0,0.32,858,152,81.05487695312499,6,39.88,0.26,0.33,2026-09-10 19:59:47,🚬菸屁股,HOLD,1
OKLO,2026-10-16,75.0,0.2,2490,152,105.95750146484377,34,39.88,0.17,0.23,2026-09-10 19:18:31,🚬菸屁股,HOLD,1
JOBY,2026-09-18,8.0,0.03,7534,152,100.0005,6,6.31,0.01,0.04,2026-09-10 19:34:20,🚬菸屁股,HOLD,1
OKLO,2026-11-20,70.0,0.87,1459,151,93.60357958984375,69,39.88,0.81,0.9,2026-09-10 19:53:57,🚬菸屁股,HOLD,1
OKLO,2027-01-15,175.0,0.28,1306,150,116.99260253906249,125,39.88,0.13,0.5,2026-09-10 18:21:39,🆕低基期(前日Vol1) 🚬菸屁股,HOLD,1
CHPT,2026-09-18,9.0,0.4,1890,150,91.4063359375,6,8.93,0.4,0.5,2026-09-10 19:58:19,🚬菸屁股,HOLD,1
LUNR,2026-09-18,18.0,0.08,3012,148,99.2187578125,6,14.62,0.04,0.13,2026-09-10 19:40:07,🚬菸屁股,HOLD,1
OPEN,2027-02-19,5.0,0.24,7488,147,99.804689453125,160,2.8,0.24,0.27,2026-09-10 17:19:13,🚬菸屁股,HOLD,1
AMZN,2026-10-16,400.0,0.01,2069,147,57.812921875,34,251.89,0.0,0.2,2026-09-09 17:56:10,🚬菸屁股,HOLD,1
IONQ,2026-11-20,65.0,0.71,1089,145,91.4063359375,69,36.84,0.59,0.81,2026-09-10 19:58:05,🆕低基期(前日Vol10) 🚬菸屁股,HOLD,1
JOBY,2026-11-20,10.0,0.11,4270,145,77.3439765625,69,6.31,0.1,0.12,2026-09-10 18:17:44,🚬菸屁股,HOLD,1
F,2026-10-16,17.0,0.03,1785,143,39.45373046875,34,13.88,0.03,0.04,2026-09-10 18:57:46,🚬菸屁股,HOLD,1
ASTS,2026-11-20,190.0,0.2,2653,141,112.5004375,69,59.91,0.1,0.25,2026-09-10 19:40:22,🚬菸屁股,HOLD,1
SOFI,2026-10-16,35.0,0.01,5302,141,90.62509374999999,34,17.21,0.01,0.02,2026-09-10 18:13:12,🚬菸屁股,HOLD,1
TGT,2026-09-18,175.0,0.03,2184,141,34.180345703125,6,155.73,0.01,0.03,2026-09-10 19:48:04,🚬菸屁股,HOLD,1
ASTS,2026-10-16,85.0,0.92,2170,140,87.64660791015625,34,59.91,0.87,1.02,2026-09-10 19:51:13,🚬菸屁股,HOLD,1
F,2026-12-18,14.67,0.77,18091,140,39.258419921874996,97,13.88,0.71,0.81,2026-09-10 19:51:08,🚬菸屁股,HOLD,1
SMR,2026-11-20,13.0,0.77,2820,139,93.4570966796875,69,10.21,0.7,0.92,2026-09-10 19:18:07,🚬菸屁股,HOLD,1
PCG,2026-10-16,16.0,0.35,12910,139,52.6371923828125,34,14.03,0.26,0.34,2026-09-10 19:44:27,🚬菸屁股,HOLD,1
IONQ,2026-10-16,65.0,0.16,1701,138,96.0937890625,34,36.84,0.12,0.22,2026-09-10 19:58:05,🚀點火(2.8x) 🚬菸屁股 ⚠️尾段價外(76%) ⚠️暴動高IV(96%),BUY_WATCH,1
TGT,2026-09-18,170.0,0.08,3999,138,30.9577216796875,6,155.73,0.05,0.08,2026-09-10 19:40:13,🚬菸屁股,HOLD,1
F,2026-12-18,18.0,0.14,6255,138,38.867798828125,97,13.88,0.12,0.15,2026-09-10 19:12:04,🚬菸屁股,HOLD,1
SOFI,2026-11-20,23.0,0.39,5634,137,61.23085644531252,69,17.21,0.38,0.39,2026-09-10 19:41:52,🚬菸屁股,HOLD,1
ORCL,2028-01-21,470.0,5.95,7248,137,64.68541174316407,496,152.94,5.5,6.15,2026-09-10 19:59:21,🔭LEAPS,HOLD,1
AMZN,2027-01-15,400.0,0.48,2039,136,38.574833007812494,125,251.89,0.45,0.56,2026-09-10 19:46:46,🚬菸屁股,HOLD,1
BRZE,2026-11-20,35.0,0.34,3872,136,61.71913281250001,69,24.265,0.25,0.4,2026-09-10 18:35:50,🚬菸屁股,HOLD,1
NVDA,2028-01-21,240.0,37.8,10100,135,47.02506588745118,496,218.36,35.9,39.5,2026-09-10 19:55:05,🔭LEAPS,HOLD,1
HOOD,2026-09-18,200.0,0.01,9967,134,131.25034374999998,6,113.33,0.01,0.02,2026-09-09 19:27:27,🚬菸屁股,HOLD,1
AMZN,2026-12-18,355.0,0.96,1167,134,38.12317736816406,97,251.89,0.93,1.01,2026-09-10 19:46:08,🚬菸屁股,HOLD,1
IBIT,2026-09-18,51.0,0.04,15258,133,54.68795312500001,6,43.68,0.03,0.05,2026-09-10 19:17:58,🚬菸屁股,HOLD,1
SMCI,2026-09-18,42.5,0.28,2477,133,74.414318359375,6,37.38,0.25,0.28,2026-09-10 19:58:50,🚬菸屁股,HOLD,1
SOFI,2028-06-16,45.0,1.62,4844,133,66.30893066406252,643,17.21,1.58,1.64,2026-09-10 17:51:34,🆕低基期(前日Vol6) 🔭LEAPS,HOLD,1
HOOD,2026-10-16,155.0,0.96,4580,133,68.84796777343752,34,113.33,0.84,1.04,2026-09-10 19:56:24,🚬菸屁股,HOLD,1
OPEN,2027-01-15,2.0,0.99,1247,133,130.85972070312496,125,2.8,0.95,1.42,2026-09-10 18:56:28,🚬菸屁股,HOLD,1
WMT,2026-09-18,112.0,0.1,2883,133,25.781992187500002,6,105.73,0.1,0.12,2026-09-10 19:51:15,🚬菸屁股,HOLD,1
AVGO,2026-09-18,480.0,0.02,4053,133,67.18782812500001,6,360.83,0.02,0.03,2026-09-10 19:05:59,🚬菸屁股,HOLD,1
TSLA,2026-12-18,990.0,0.21,20236,132,71.28934960937501,97,363.56,0.19,0.28,2026-09-10 19:58:59,🚬菸屁股,HOLD,1
INTC,2028-01-21,120.0,27.25,6684,132,71.67081552124023,496,100.32,26.0,27.35,2026-09-10 18:07:13,🔭LEAPS,HOLD,1
SMCI,2028-01-21,105.0,4.1,10239,132,83.26432751464843,496,37.38,4.0,4.35,2026-09-10 19:57:28,🔭LEAPS,HOLD,1
IONQ,2026-09-18,40.5,0.56,1787,132,76.95335546875,6,36.84,0.43,0.57,2026-09-10 19:50:48,🚬菸屁股,HOLD,1
ZM,2026-09-18,165.0,0.04,1722,131,125.00037499999999,6,95.46,0.0,0.02,2026-08-25 19:56:30,🚬菸屁股,HOLD,1
ACHR,2026-10-16,8.0,0.05,11212,131,85.1563984375,34,5.45,0.05,0.07,2026-09-10 19:53:35,🚬菸屁股,HOLD,1
F,2027-01-15,15.0,0.79,4435,131,38.7701435546875,125,13.88,0.73,0.83,2026-09-10 19:36:57,🚬菸屁股,HOLD,1
SBUX,2026-09-18,110.0,0.02,8229,131,32.813171874999995,6,99.22,0.01,0.03,2026-09-10 19:59:07,🚬菸屁股,HOLD,1
INTC,2028-01-21,210.0,12.54,6365,129,72.02176416015625,496,100.32,11.9,12.3,2026-09-10 17:56:23,🔭LEAPS,HOLD,1
PCG,2028-01-21,22.0,1.12,10387,129,51.90477783203124,496,14.03,0.61,1.38,2026-09-10 18:49:53,🔭LEAPS,HOLD,1
BRZE,2026-11-20,30.0,0.7,2601,129,61.426166992187504,69,24.265,0.75,1.05,2026-09-10 19:31:41,🚬菸屁股,HOLD,1
ACHR,2028-01-21,5.0,2.35,19977,128,90.62509374999999,496,5.45,2.26,2.42,2026-09-10 19:26:43,🔭LEAPS,HOLD,1
OKLO,2027-01-15,190.0,0.24,754,127,121.58242333984374,125,39.88,0.11,0.51,2026-09-10 18:21:39,🆕低基期(前日Vol18) 🚬菸屁股,HOLD,1
SOFI,2026-12-18,21.0,0.89,2688,127,58.057060058593756,97,17.21,0.87,0.88,2026-09-10 19:30:17,🚬菸屁股,HOLD,1
DKNG,2026-09-18,27.5,0.05,8506,127,60.15664843750002,6,23.71,0.04,0.05,2026-09-10 19:55:38,🚬菸屁股,HOLD,1
ORCL,2026-11-20,300.0,0.6,2158,127,77.88108056640624,69,152.94,0.52,0.85,2026-09-10 19:59:30,🚬菸屁股,HOLD,1
AMZN,2026-09-18,305.0,0.02,9222,127,47.6567734375,6,251.89,0.01,0.02,2026-09-10 19:13:54,🚬菸屁股,HOLD,1
JOBY,2027-01-15,8.0,0.57,3038,126,76.367423828125,125,6.31,0.52,0.68,2026-09-10 19:48:18,🚬菸屁股,HOLD,1
RKLB,2028-01-21,210.0,4.7,6705,125,82.3243955078125,496,61.96,4.5,5.35,2026-09-10 19:47:28,🔭LEAPS,HOLD,1
CRSP,2026-09-18,65.0,0.07,1512,124,77.73459765625,6,52.26,0.0,0.15,2026-09-10 19:51:03,🆕低基期(前日Vol15) 🚬菸屁股,HOLD,1
GOOGL,2028-01-21,575.0,11.55,3940,123,40.415024566650395,496,332.6,9.65,12.35,2026-08-31 17:36:51,🔭LEAPS,HOLD,1
IBIT,2028-01-21,40.0,12.39,6320,122,55.11519494628907,496,43.68,12.25,12.75,2026-09-10 19:29:24,🔭LEAPS,HOLD,1
GOOGL,2026-09-18,620.0,0.02,1682,122,121.875390625,6,332.6,0.0,0.01,2026-09-04 19:42:34,🚬菸屁股,HOLD,1
ONDS,2026-10-16,11.0,0.06,6980,121,90.62509374999999,34,7.25,0.06,0.1,2026-09-10 19:57:37,🚬菸屁股,HOLD,1
HIMS,2026-10-16,50.0,0.08,4808,120,94.14068359375,34,27.44,0.07,0.1,2026-09-10 18:52:15,🚀點火(5.7x) 🚬菸屁股 ⚠️尾段價外(82%) ⚠️暴動高IV(94%),BUY_WATCH,1
JOBY,2026-10-16,9.0,0.05,2023,120,69.5315546875,34,6.31,0.01,0.06,2026-09-10 19:51:26,🚬菸屁股,HOLD,1
KTOS,2026-09-18,55.0,0.15,927,119,70.312796875,6,46.98,0.1,0.2,2026-09-10 19:54:11,🚬菸屁股,HOLD,1
OPEN,2027-01-15,15.0,0.05,18223,118,143.75028125,125,2.8,0.01,0.08,2026-09-10 15:42:27,🆕低基期(前日Vol8) 🚬菸屁股,HOLD,1
RDDT,2028-01-21,420.0,10.12,1756,117,68.2315188598633,496,155.34,8.6,11.0,2026-09-10 15:51:30,🆕低基期(前日Vol2) 🔭LEAPS,HOLD,1
AVGO,2026-10-16,470.0,0.49,4504,117,44.97125341796875,34,360.83,0.39,0.69,2026-09-10 19:48:26,🚬菸屁股,HOLD,1
SOFI,2026-12-18,22.0,0.71,5928,116,58.6918193359375,97,17.21,0.7,0.71,2026-09-10 18:49:38,🚬菸屁股,HOLD,1
GOOGL,2026-09-18,610.0,0.02,3440,116,118.75040625,6,332.6,0.0,0.01,2026-09-04 19:42:24,🚬菸屁股,HOLD,1
AMZN,2027-01-15,380.0,0.83,17407,116,37.67152172851562,125,251.89,0.76,0.86,2026-09-10 19:19:27,🆕低基期(前日Vol5) 🚬菸屁股,HOLD,1
SBUX,2026-09-18,115.0,0.03,5189,116,42.188078125,6,99.22,0.0,0.02,2026-09-10 19:58:46,🚬菸屁股,HOLD,1
DDD,2027-01-15,7.5,0.1,7400,116,105.078599609375,125,3.27,0.05,0.2,2026-09-08 19:46:52,🚬菸屁股,HOLD,1
SOFI,2027-01-15,24.0,0.65,4756,115,59.32657861328126,125,17.21,0.64,0.65,2026-09-10 19:36:53,🚬菸屁股,HOLD,1
UPST,2027-01-15,50.0,0.49,4529,114,78.9064609375,125,25.1,0.4,0.59,2026-09-10 19:50:48,🚬菸屁股,HOLD,1
AMZN,2026-09-18,320.0,0.01,15562,114,51.562984375,6,251.89,0.0,0.01,2026-09-10 19:13:48,🚬菸屁股,HOLD,1
AVGO,2026-09-18,470.0,0.03,4067,114,62.890996093750005,6,360.83,0.01,0.04,2026-09-10 19:58:27,🚬菸屁股,HOLD,1
ASTS,2026-11-20,125.0,0.79,836,113,100.63526245117185,69,59.91,0.7,0.83,2026-09-10 19:37:09,🚬菸屁股,HOLD,1
SOFI,2026-09-18,20.5,0.03,6609,113,69.5315546875,6,17.21,0.03,0.04,2026-09-10 19:58:44,🚬菸屁股,HOLD,1
SOFI,2026-10-16,27.0,0.03,3239,113,69.92217578125,34,17.21,0.03,0.04,2026-09-10 19:36:12,🚬菸屁股,HOLD,1
IBIT,2028-06-16,40.0,14.45,6192,112,58.47209497070311,643,43.68,14.15,15.0,2026-09-10 19:59:31,🆕低基期(前日Vol12) 🔭LEAPS,HOLD,1
SMR,2027-01-15,50.0,0.07,4859,112,115.625421875,125,10.21,0.03,0.07,2026-09-10 17:44:42,🆕低基期(前日Vol9) 🚬菸屁股,HOLD,1
RKLB,2026-09-18,85.0,0.05,3205,111,99.2187578125,6,61.96,0.05,0.07,2026-09-10 19:11:00,🚬菸屁股,HOLD,1
ASTS,2026-11-20,185.0,0.2,4068,111,116.69963525390625,69,59.91,0.2,0.33,2026-09-10 18:51:20,🚬菸屁股,HOLD,1
SOFI,2027-01-15,45.0,0.08,11665,110,76.75804492187501,125,17.21,0.07,0.08,2026-09-10 17:52:39,🚬菸屁股,HOLD,1
VRT,2026-09-18,340.0,0.03,1133,110,82.42205078125,6,248.13,0.0,0.11,2026-09-10 19:43:41,🚬菸屁股,HOLD,1
META,2026-09-18,930.0,0.01,768,110,78.9064609375,6,644.38,0.0,0.04,2026-09-04 19:38:43,🚬菸屁股,HOLD,1
CHPT,2027-01-15,15.0,0.45,1622,110,93.164130859375,125,8.93,0.4,0.75,2026-09-10 19:36:10,🚬菸屁股,HOLD,1
ASTS,2026-10-16,95.0,0.5,5189,109,91.6993017578125,34,59.91,0.43,0.57,2026-09-10 19:19:37,🚬菸屁股,HOLD,1
SOFI,2028-06-16,30.0,2.95,21050,109,65.25913647460939,643,17.21,2.92,2.99,2026-09-10 19:38:07,🔭LEAPS,HOLD,1
OPEN,2026-09-18,4.0,0.01,17836,109,118.75040625,6,2.8,0.0,0.01,2026-09-10 17:17:25,🚬菸屁股,HOLD,1
GOOGL,2028-01-21,570.0,10.95,6942,109,39.51476501464845,496,332.6,10.3,11.85,2026-09-09 19:46:06,🔭LEAPS,HOLD,1
META,2026-09-18,735.0,0.43,1551,109,46.045461425781255,6,644.38,0.39,0.48,2026-09-10 19:45:45,🚬菸屁股,HOLD,1
DKNG,2027-01-15,33.0,0.85,11651,108,58.44768115234375,125,23.71,0.75,0.97,2026-09-10 17:06:27,🚬菸屁股,HOLD,1
PATH,2028-01-21,15.0,4.39,7483,106,77.19749365234375,496,13.87,4.3,4.65,2026-09-10 19:52:45,🔭LEAPS,HOLD,1
ONDS,2026-12-18,9.0,0.71,6859,106,87.98840136718749,97,7.25,0.71,0.8,2026-09-10 19:34:47,🚬菸屁股,HOLD,1
SMCI,2026-09-18,60.0,0.02,15684,105,129.6878515625,6,37.38,0.01,0.03,2026-09-10 19:56:35,🚬菸屁股,HOLD,1
CRWV,2026-09-18,130.0,0.05,7362,105,109.76607617187501,6,89.12,0.05,0.07,2026-09-10 19:57:34,🚬菸屁股,HOLD,1
TGT,2026-09-18,167.5,0.14,2213,105,30.713583496093744,6,155.73,0.12,0.17,2026-09-10 19:52:12,🚬菸屁股,HOLD,1
AMZN,2026-09-18,295.0,0.03,11851,105,41.992767578125,6,251.89,0.02,0.03,2026-09-10 19:58:30,🚬菸屁股,HOLD,1
AMZN,2026-09-18,325.0,0.01,7415,105,54.68795312500001,6,251.89,0.0,0.01,2026-09-10 19:13:18,🚬菸屁股,HOLD,1
MSTR,2026-10-16,280.0,0.2,5267,103,104.29735351562503,34,128.56,0.15,0.21,2026-09-10 19:55:42,🚬菸屁股,HOLD,1
SMCI,2026-09-18,65.0,0.02,2325,103,137.50031249999998,6,37.38,0.0,0.02,2026-09-10 19:54:06,🆕低基期(前日Vol12) 🚬菸屁股,HOLD,1
GOOGL,2026-10-16,435.0,0.35,754,103,43.57966577148438,34,332.6,0.31,0.49,2026-09-10 16:05:14,🚬菸屁股,HOLD,1
IBIT,2028-01-21,100.0,1.65,19803,102,53.149882568359374,496,43.68,1.56,1.8,2026-09-10 18:57:40,🔭LEAPS,HOLD,1
IONQ,2026-10-16,55.0,0.3,1017,102,25.00075,34,36.84,0.0,0.0,2026-07-30 19:11:27,🚬菸屁股,HOLD,1
UPST,2026-10-16,35.0,0.21,1463,102,69.5315546875,34,25.1,0.15,0.21,2026-09-10 19:55:42,🚬菸屁股,HOLD,1
WMT,2026-09-18,150.0,0.01,6098,102,78.12521875,6,105.73,0.0,0.01,2026-09-08 17:10:54,🚬菸屁股,HOLD,1
F,2026-12-18,24.82,0.11,5499,102,63.867548828124995,97,13.88,0.09,0.11,2025-02-14 19:08:37,🚬菸屁股,HOLD,1
NVDA,2026-12-18,400.0,0.1,7083,101,46.3872548828125,97,218.36,0.09,0.14,2026-09-10 19:27:03,🚬菸屁股,HOLD,1
LUNR,2026-12-18,65.0,0.03,849,101,116.40666796875001,97,14.62,0.01,0.07,2026-09-10 14:20:05,🆕低基期(前日Vol1) 🚬菸屁股,HOLD,1
META,2026-09-18,1420.0,0.02,1913,101,143.75028125,6,644.38,0.0,0.01,2026-09-03 19:01:59,🚬菸屁股,HOLD,1
GOOG,2026-09-18,410.0,0.09,6666,100,61.52382226562501,6,330.39,0.05,0.15,2026-09-10 19:39:54,🚬菸屁股,HOLD,1
SOFI,2026-11-20,34.0,0.07,1665,100,76.562734375,69,17.21,0.06,0.07,2026-09-10 13:30:01,🚬菸屁股,HOLD,1
DKNG,2027-01-15,57.5,0.06,1256,100,67.96907031250001,125,23.71,0.0,0.14,2026-09-08 13:30:02,🚬菸屁股,HOLD,1
ACHR,2027-01-15,27.0,0.03,5902,100,133.59408203124997,125,5.45,0.02,0.12,2026-09-10 17:18:01,🆕低基期(前日Vol2) 🚬菸屁股,HOLD,1
NNE,2027-01-15,60.0,0.11,1827,100,97.6562734375,125,17.36,0.05,0.15,2026-09-09 14:32:38,🚬菸屁股,HOLD,1
VRT,2026-09-18,320.0,0.06,1364,100,70.898728515625,6,248.13,0.01,0.14,2026-09-10 19:45:00,🚬菸屁股,HOLD,1
RDDT,2026-09-18,220.0,0.02,2602,100,88.67198828125,6,155.34,0.01,0.05,2026-09-10 19:41:06,🆕低基期(前日Vol13) 🚬菸屁股,HOLD,1
IBIT,2028-01-21,80.0,2.82,7121,99,51.8559501953125,496,43.68,2.76,3.05,2026-09-10 19:26:32,🔭LEAPS,HOLD,1
HIMS,2028-01-21,55.0,5.17,833,99,87.06067626953124,496,27.44,5.0,5.8,2026-09-10 19:05:22,🆕低基期(前日Vol6) 🔭LEAPS,HOLD,1
NVDA,2028-01-21,370.0,10.7,5272,98,45.56939196777344,496,218.36,8.95,12.55,2026-09-10 14:49:08,🔭LEAPS,HOLD,1
SOFI,2028-01-21,18.0,4.8,11011,98,65.38120556640627,496,17.21,4.8,4.9,2026-09-10 19:48:04,🔭LEAPS,HOLD,1
JOBY,2028-01-21,5.0,2.83,5911,98,91.6993017578125,496,6.31,2.77,3.25,2026-09-10 19:58:32,🔭LEAPS,HOLD,1
TSLA,2026-09-18,700.0,0.01,8013,97,131.25034374999998,6,363.56,0.0,0.02,2026-09-10 17:39:23,🆕低基期(前日Vol7) 🚬菸屁股,HOLD,1
ORCL,2026-10-16,260.0,0.5,1147,97,87.500125,34,152.94,0.4,0.71,2026-09-10 19:58:28,🚬菸屁股,HOLD,1
NVDA,2026-12-18,325.0,0.74,5539,96,41.699801757812494,97,218.36,0.7,0.76,2026-09-10 19:28:44,🚬菸屁股,HOLD,1
OPEN,2026-12-18,7.0,0.06,1438,96,113.28168359375002,97,2.8,0.06,0.07,2026-09-10 16:20:23,🆕低基期(前日Vol3) 🚬菸屁股,HOLD,1
HIMS,2027-01-15,85.0,0.25,2592,96,99.60937890625,125,27.44,0.19,0.38,2026-09-10 14:28:20,🆕低基期(前日Vol10) 🚬菸屁股,HOLD,1
GS,2026-09-18,1200.0,0.23,2099,96,46.48491015625,6,1019.77,0.09,0.23,2026-09-10 19:47:25,🚬菸屁股,HOLD,1
IBIT,2026-10-16,65.0,0.06,7527,95,59.570716796875004,34,43.68,0.05,0.07,2026-09-10 19:20:10,🚬菸屁股,HOLD,1
JOBY,2026-11-20,7.0,0.59,1826,95,78.51583984375,69,6.31,0.51,0.71,2026-09-10 19:28:39,🚬菸屁股,HOLD,1
GOOGL,2026-12-18,515.0,0.82,1054,94,44.12897668457031,97,332.6,0.46,1.04,2026-09-08 18:29:16,🚬菸屁股,HOLD,1
INTC,2026-10-16,155.0,0.37,5797,93,74.26783544921875,34,100.32,0.32,0.38,2026-09-10 19:01:55,🚬菸屁股,HOLD,1
INTC,2026-10-16,160.0,0.26,6034,93,75.00025000000001,34,100.32,0.26,0.27,2026-09-10 19:57:26,🚬菸屁股,HOLD,1
ONDS,2027-01-15,14.0,0.28,3974,93,87.10950390625,125,7.25,0.17,0.31,2026-09-10 18:43:32,🚬菸屁股,HOLD,1
CRWV,2026-10-16,155.0,0.41,9860,92,93.7500625,34,89.12,0.38,0.42,2026-09-10 18:21:54,🚬菸屁股,HOLD,1
TSLA,2026-09-18,440.0,0.16,8556,91,57.910577148437504,6,363.56,0.15,0.16,2026-09-10 19:58:18,🚬菸屁股,HOLD,1
IBIT,2026-11-20,60.0,0.27,6202,91,46.680220703125,69,43.68,0.25,0.28,2026-09-10 17:31:28,🚬菸屁股,HOLD,1
SOFI,2026-12-18,28.0,0.24,10776,91,64.1605146484375,97,17.21,0.23,0.24,2026-09-10 15:27:22,🚬菸屁股,HOLD,1
ONDS,2026-11-20,12.0,0.19,2210,91,92.9688203125,69,7.25,0.16,0.24,2026-09-10 19:48:32,🚬菸屁股,HOLD,1
UPST,2028-01-21,25.0,9.36,966,90,85.42495043945313,496,25.1,9.0,10.25,2026-09-10 18:55:34,🆕低基期(前日Vol12) 🔭LEAPS,HOLD,1
HIMS,2026-10-16,33.0,0.85,1879,90,72.6565234375,34,27.44,0.79,0.83,2026-09-10 19:58:39,🚬菸屁股,HOLD,1
WMT,2027-01-15,130.0,0.96,10402,90,28.113511840820305,125,105.73,0.92,0.99,2026-09-10 19:58:11,🚬菸屁股,HOLD,1
U,2026-09-18,43.0,0.95,1286,89,59.277750976562515,6,42.07,0.97,1.17,2026-09-10 18:42:27,🚬菸屁股,HOLD,1
ONDS,2027-01-15,16.0,0.2,1145,89,91.60164648437501,125,7.25,0.15,0.21,2026-09-10 15:12:33,🆕低基期(前日Vol5) 🚬菸屁股,HOLD,1
ACHR,2026-09-18,6.5,0.05,2231,89,82.81267187499999,6,5.45,0.02,0.03,2026-09-10 19:15:48,🚬菸屁股,HOLD,1
AVGO,2026-09-18,460.0,0.05,3232,89,61.71913281250001,6,360.83,0.04,0.05,2026-09-10 19:30:15,🚬菸屁股,HOLD,1
SOFI,2026-12-18,45.0,0.05,8232,88,80.85956640625,97,17.21,0.04,0.05,2026-09-10 17:11:58,🆕低基期(前日Vol2) 🚬菸屁股,HOLD,1
META,2026-09-18,770.0,0.14,2374,88,50.0005,6,644.38,0.12,0.16,2026-09-10 19:59:15,🚬菸屁股,HOLD,1
RKLB,2026-10-16,150.0,0.08,8042,87,106.25046875000001,34,61.96,0.0,0.08,2026-09-10 19:47:57,🆕低基期(前日Vol17) 🚬菸屁股,HOLD,1
SMR,2026-11-20,14.0,0.62,2370,87,92.0899228515625,69,10.21,0.55,0.65,2026-09-10 19:34:38,🚬菸屁股,HOLD,1
ORCL,2026-10-16,270.0,0.39,2109,87,93.21295849609376,34,152.94,0.36,0.81,2026-09-10 19:53:02,🚬菸屁股,HOLD,1
GOOGL,2028-01-21,800.0,2.89,3547,87,42.03854348754883,496,332.6,2.73,3.65,2026-09-10 16:48:06,🔭LEAPS,HOLD,1
TGT,2026-09-18,180.0,0.02,877,87,39.063109374999996,6,155.73,0.0,0.02,2026-09-10 15:34:05,🚬菸屁股,HOLD,1
INTC,2028-01-21,150.0,20.38,10717,86,72.17129879760743,496,100.32,20.0,20.55,2026-09-10 19:37:05,🔭LEAPS,HOLD,1
RKLB,2026-09-18,100.0,0.02,9301,86,126.56286718749999,6,61.96,0.02,0.03,2026-09-10 19:34:35,🚬菸屁股,HOLD,1
MSTR,2028-01-21,700.0,6.5,8798,85,90.56405920410155,496,128.56,6.2,7.05,2026-09-10 19:50:00,🔭LEAPS,HOLD,1
INTC,2028-01-21,60.0,51.85,10442,84,79.03463348388672,496,100.32,51.0,54.15,2026-09-10 19:59:09,🆕低基期(前日Vol13) 🔭LEAPS,HOLD,1
LUNR,2026-09-18,19.0,0.05,1136,84,100.78174609374999,6,14.62,0.03,0.05,2026-09-10 19:40:18,🆕低基期(前日Vol11) 🚬菸屁股,HOLD,1
SOFI,2027-01-15,23.0,0.78,4727,83,58.93595751953126,125,17.21,0.77,0.78,2026-09-10 19:13:00,🚬菸屁股,HOLD,1
CRWV,2026-09-18,140.0,0.06,15260,83,120.3128984375,6,89.12,0.03,0.04,2026-09-10 19:50:07,🚬菸屁股,HOLD,1
WMT,2026-11-20,145.0,0.1,1771,83,40.918559570312496,69,105.73,0.05,0.36,2026-09-09 19:36:40,🚬菸屁股,HOLD,1
F,2026-11-20,17.0,0.16,2095,83,40.1373173828125,69,13.88,0.14,0.17,2026-09-10 19:57:55,🚬菸屁股,HOLD,1
SMCI,2026-09-18,46.0,0.1,2385,82,83.59391406249999,6,37.38,0.09,0.11,2026-09-10 19:38:08,🚬菸屁股,HOLD,1
DKNG,2026-10-16,27.5,0.49,1047,82,54.68795312500001,34,23.71,0.44,0.5,2026-09-10 19:57:37,🚬菸屁股,HOLD,1
SMR,2028-01-21,10.0,4.55,7885,82,99.75586181640624,496,10.21,4.35,4.75,2026-09-10 19:50:00,🔭LEAPS,HOLD,1
SOFI,2026-10-16,28.0,0.04,1535,81,74.2190078125,34,17.21,0.03,0.04,2026-09-10 19:26:45,🚬菸屁股,HOLD,1
WMT,2026-12-18,130.0,0.65,3998,81,29.151099121093736,97,105.73,0.58,0.71,2026-09-10 19:58:47,🚬菸屁股,HOLD,1
ARM,2026-10-16,670.0,0.13,1081,81,108.3988955078125,34,254.18,0.0,0.18,2026-09-10 15:21:44,🚬菸屁股,HOLD,1
AMZN,2026-09-18,370.0,0.01,6987,80,78.12521875,6,251.89,0.0,0.01,2026-09-10 14:59:14,🆕低基期(前日Vol3) 🚬菸屁股,HOLD,1
MSTR,2026-12-18,1080.0,0.06,16290,79,130.85972070312496,97,128.56,0.05,0.07,2026-09-10 19:01:07,🚬菸屁股,HOLD,1
MSTR,2027-01-15,1080.0,0.13,11644,79,122.266013671875,125,128.56,0.1,0.13,2026-09-10 19:23:05,🚬菸屁股,HOLD,1
IBIT,2028-06-16,90.0,3.7,16232,79,54.77950494384767,643,43.68,3.5,3.9,2026-09-10 15:55:26,🆕低基期(前日Vol2) 🔭LEAPS,HOLD,1
RKLB,2026-12-18,210.0,0.2,1280,79,100.29346728515624,97,61.96,0.05,0.33,2026-09-10 18:40:59,🆕低基期(前日Vol3) 🚬菸屁股,HOLD,1
SOFI,2026-12-18,23.0,0.57,10950,79,59.4730615234375,97,17.21,0.57,0.58,2026-09-10 19:58:07,🚬菸屁股,HOLD,1
SOFI,2028-01-21,13.0,7.1,4263,79,68.99445068359377,496,17.21,7.0,7.2,2026-09-10 19:02:40,🔭LEAPS,HOLD,1
NBIS,2026-09-18,370.0,0.03,1962,79,132.81283593749998,6,228.11,0.01,0.25,2026-09-10 19:21:41,🆕低基期(前日Vol11) 🚬菸屁股,HOLD,1
KTOS,2027-01-15,100.0,0.47,1523,79,76.70921728515626,125,46.98,0.2,1.0,2026-09-10 15:19:44,🆕低基期(前日Vol2) 🚬菸屁股,HOLD,1
ACHR,2026-10-16,13.0,0.02,3735,79,134.37532812499998,34,5.45,0.02,0.03,2026-09-10 15:55:28,🚬菸屁股,HOLD,1
ORCL,2028-01-21,350.0,11.0,1939,79,63.5867899169922,496,152.94,10.5,11.4,2026-09-10 19:58:01,🔭LEAPS,HOLD,1
GOOG,2026-09-18,390.0,0.12,9647,78,51.8559501953125,6,330.39,0.02,0.15,2026-09-10 19:56:38,🚬菸屁股,HOLD,1
OKLO,2026-12-18,165.0,0.22,3441,78,119.72696386718751,97,39.88,0.09,0.29,2026-09-09 19:34:15,🚬菸屁股,HOLD,1
IREN,2026-12-18,100.0,0.89,5445,78,100.68409033203123,97,43.64,0.78,0.86,2026-09-10 17:53:04,🚬菸屁股,HOLD,1
UPST,2026-10-16,30.0,0.6,1660,77,65.9183095703125,34,25.1,0.54,0.68,2026-09-10 19:58:36,🚬菸屁股,HOLD,1
LUNR,2026-09-18,23.0,0.01,2027,77,134.37532812499998,6,14.62,0.01,0.02,2026-09-10 17:43:41,🚀點火(3.1x) 🚬菸屁股 ⚠️尾段價外(57%) ⚠️暴動高IV(134%),BUY_WATCH,1
JOBY,2027-01-15,30.0,0.03,8345,77,110.9379453125,125,6.31,0.02,0.03,2026-09-02 13:40:08,🚬菸屁股,HOLD,1
META,2026-09-18,1390.0,0.02,809,77,140.625296875,6,644.38,0.0,0.01,2026-09-03 19:01:01,🚬菸屁股,HOLD,1
IONQ,2026-09-18,55.0,0.04,6981,76,148.047134765625,6,36.84,0.01,0.25,2026-09-10 18:29:54,🚬菸屁股,HOLD,1
ONDS,2026-11-20,11.0,0.26,2043,76,90.039162109375,69,7.25,0.23,0.3,2026-09-10 19:38:43,🚬菸屁股,HOLD,1
SMR,2028-01-21,13.0,3.6,3079,76,97.3633076171875,496,10.21,3.55,3.85,2026-09-10 19:30:06,🔭LEAPS,HOLD,1
AMZN,2026-10-16,320.0,0.15,5098,76,34.91276025390625,34,251.89,0.14,0.16,2026-09-10 19:45:08,🚬菸屁股,HOLD,1
SOFI,2026-09-18,23.0,0.02,21389,75,90.62509374999999,6,17.21,0.01,0.02,2026-09-10 19:25:12,🚬菸屁股,HOLD,1
HOOD,2027-01-15,290.0,0.62,4504,75,77.3439765625,125,113.33,0.5,0.67,2026-09-10 19:56:01,🆕低基期(前日Vol11) 🚬菸屁股,HOLD,1
ONDS,2027-01-15,13.0,0.37,3476,75,88.67198828125,125,7.25,0.3,0.36,2026-09-10 18:20:50,🚬菸屁股,HOLD,1
NNE,2026-10-16,20.0,0.9,1453,75,82.0314296875,34,17.36,0.75,1.0,2026-09-10 19:07:24,🚬菸屁股,HOLD,1
F,2026-12-18,21.82,0.15,2582,75,56.836369140624996,97,13.88,0.1,0.18,2025-02-13 15:24:32,🚬菸屁股,HOLD,1
NVDA,2028-01-21,290.0,23.35,5984,74,44.13508013916015,496,218.36,22.25,23.3,2026-09-10 16:59:08,🔭LEAPS,HOLD,1
MSFT,2026-12-18,525.0,18.62,53572,74,31.473463592529292,97,492.44,18.8,19.45,2026-09-10 19:44:29,🆕低基期(前日Vol15) 🔥萬人塚 🏛️機構場,HOLD,1
INTC,2026-09-18,150.0,0.01,21248,74,98.437515625,6,100.32,0.01,0.02,2026-09-10 19:53:05,🚬菸屁股,HOLD,1
JOBY,2028-01-21,15.0,0.85,11173,74,80.664255859375,496,6.31,0.81,0.85,2026-09-10 19:59:39,🔭LEAPS,HOLD,1
SMR,2026-10-16,15.0,0.14,1148,74,94.92192578125,34,10.21,0.14,0.2,2026-09-10 19:15:16,🚬菸屁股,HOLD,1
SOFI,2028-01-21,32.0,1.95,7350,73,64.28258374023439,496,17.21,1.92,1.96,2026-09-10 19:19:12,🔭LEAPS,HOLD,1
SOFI,2028-06-16,47.0,1.52,20157,73,66.69955175781253,643,17.21,1.47,1.57,2026-09-10 18:33:17,🔭LEAPS,HOLD,1
META,2026-09-18,900.0,0.02,4364,73,65.62534375000001,6,644.38,0.0,0.01,2026-09-10 17:05:57,🚬菸屁股,HOLD,1
ASTS,2028-01-21,185.0,8.05,1059,72,89.44712701416016,496,59.91,6.9,7.5,2026-09-09 19:10:50,🔭LEAPS,HOLD,1
SMR,2026-10-16,14.0,0.24,1046,72,91.4063359375,34,10.21,0.22,0.25,2026-09-10 19:43:19,🚬菸屁股,HOLD,1
AMZN,2027-01-15,410.0,0.39,3350,72,39.087523193359374,125,251.89,0.32,0.46,2026-09-10 19:09:05,🚬菸屁股,HOLD,1
F,2026-11-20,18.0,0.08,1107,72,42.383388671875,69,13.88,0.08,0.11,2026-09-09 19:55:28,🚬菸屁股,HOLD,1
MSTR,2027-01-15,500.0,0.67,7203,71,102.88134497070315,125,128.56,0.6,0.7,2026-09-10 19:12:16,🆕低基期(前日Vol2) 🚬菸屁股,HOLD,1
SMCI,2026-09-18,70.0,0.01,6492,71,143.75028125,6,37.38,0.0,0.01,2026-09-10 19:54:41,🚬菸屁股,HOLD,1
SOFI,2028-01-21,27.0,2.61,4548,71,63.9652041015625,496,17.21,2.58,2.63,2026-09-10 18:47:12,🔭LEAPS,HOLD,1
ONDS,2026-10-16,15.0,0.02,2754,71,114.84417578124999,34,7.25,0.01,0.05,2026-09-10 17:51:50,🆕低基期(前日Vol10) 🚬菸屁股,HOLD,1
ONDS,2028-01-21,27.0,0.85,12375,71,89.3555751953125,496,7.25,0.36,0.96,2026-09-08 14:10:02,🔭LEAPS,HOLD,1
LUNR,2026-12-18,32.0,0.35,1035,71,99.023447265625,97,14.62,0.25,0.36,2026-09-10 15:05:44,🆕低基期(前日Vol1) 🚬菸屁股,HOLD,1
VRT,2026-09-18,350.0,0.02,2248,71,89.062609375,6,248.13,0.0,0.11,2026-09-10 19:54:05,🚬菸屁股,HOLD,1
META,2026-09-18,1170.0,0.01,1163,71,110.9379453125,6,644.38,0.0,0.01,2026-08-28 17:25:26,🚬菸屁股,HOLD,1
PATH,2026-09-18,17.0,0.03,2168,70,73.437765625,6,13.87,0.01,0.03,2026-09-10 19:27:14,🚬菸屁股,HOLD,1
PCG,2026-11-20,18.0,0.43,4564,70,62.01209863281252,69,14.03,0.4,0.45,2026-09-10 19:44:04,🚬菸屁股,HOLD,1
BRK-B,2026-09-18,540.0,0.05,2044,70,18.36019140625,6,507.0,0.02,0.05,2026-09-10 19:46:14,🚬菸屁股,HOLD,1
NVDA,2027-01-15,400.0,0.27,6904,69,44.77594287109375,125,218.36,0.25,0.29,2026-09-10 19:51:25,🚬菸屁股,HOLD,1
ONDS,2028-01-21,12.0,1.96,14412,69,96.82620361328125,496,7.25,1.9,2.3,2026-09-10 19:23:25,🔭LEAPS,HOLD,1
PCG,2026-09-18,15.5,0.08,8970,69,57.42230078125,6,14.03,0.05,0.1,2026-09-10 19:52:29,🚬菸屁股,HOLD,1
WMT,2026-12-18,140.0,0.26,6851,69,29.737030761718742,97,105.73,0.25,0.26,2026-09-10 19:58:20,🆕低基期(前日Vol3) 🚬菸屁股,HOLD,1
AMZN,2026-09-18,277.5,0.12,2736,69,35.205726074218745,6,251.89,0.01,0.17,2026-09-10 19:59:55,🚬菸屁股,HOLD,1
AAPL,2026-09-18,380.0,0.03,5893,68,39.45373046875,6,326.57,0.01,0.03,2026-09-10 19:47:44,🚬菸屁股,HOLD,1
SMCI,2026-11-20,70.0,0.44,1243,68,87.89074609375,69,37.38,0.39,0.48,2026-09-10 19:35:03,🆕低基期(前日Vol12) 🚬菸屁股,HOLD,1
LUNR,2026-09-18,20.0,0.03,3574,68,110.9379453125,6,14.62,0.02,0.04,2026-09-10 19:51:09,🚬菸屁股,HOLD,1
JOBY,2027-01-15,9.0,0.39,2712,68,71.48466015625,125,6.31,0.24,0.46,2026-09-10 19:54:44,🚬菸屁股,HOLD,1
ACHR,2027-01-15,12.0,0.11,26021,68,90.62509374999999,125,5.45,0.11,0.15,2026-09-10 18:02:28,🚬菸屁股,HOLD,1
NNE,2026-09-18,19.0,0.3,1497,68,83.007982421875,6,17.36,0.25,0.35,2026-09-10 19:54:19,🚬菸屁股,HOLD,1
GOOGL,2026-10-16,405.0,0.75,2001,68,36.817038085937504,34,332.6,0.69,0.77,2026-09-10 19:11:10,🚬菸屁股,HOLD,1
HOOD,2026-09-18,175.0,0.02,1318,67,110.9379453125,6,113.33,0.01,0.05,2026-09-10 19:14:53,🚀點火(2.9x) 🚬菸屁股 ⚠️尾段價外(54%) ⚠️暴動高IV(111%),BUY_WATCH,1
TDOC,2026-10-16,8.0,0.07,3158,67,66.40658593750001,34,6.09,0.05,0.08,2026-09-10 18:27:42,🆕低基期(前日Vol3) 🚬菸屁股,HOLD,1
AVGO,2026-09-18,405.0,0.33,787,67,43.115803222656254,6,360.83,0.3,0.34,2026-09-10 19:52:13,🚬菸屁股,HOLD,1
ZM,2026-09-18,120.0,0.06,1931,66,61.71913281250001,6,95.46,0.01,0.03,2026-09-09 19:52:18,🚬菸屁股,HOLD,1
HIMS,2026-10-16,37.0,0.43,1537,66,77.8322529296875,34,27.44,0.4,0.43,2026-09-10 19:12:33,🚬菸屁股,HOLD,1
GOOGL,2026-09-18,440.0,0.03,4674,66,66.40658593750001,6,332.6,0.01,0.04,2026-09-10 19:48:55,🆕低基期(前日Vol1) 🚬菸屁股,HOLD,1
OKLO,2027-01-15,250.0,0.2,1363,65,130.07847460937495,125,39.88,0.05,0.35,2026-09-08 15:43:24,🚬菸屁股,HOLD,1
UPST,2027-01-15,75.0,0.13,2724,65,87.10950390625,125,25.1,0.03,0.23,2026-09-10 19:37:52,🆕低基期(前日Vol1) 🚬菸屁股,HOLD,1
SOFI,2026-10-16,26.0,0.05,5094,65,67.96907031250001,34,17.21,0.04,0.05,2026-09-10 19:54:20,🚬菸屁股,HOLD,1
LUNR,2028-01-21,25.0,4.35,4604,65,102.19775463867187,496,14.62,4.3,4.65,2026-09-10 19:37:41,🆕低基期(前日Vol1) 🔭LEAPS,HOLD,1
CRWV,2026-10-16,160.0,0.36,4944,65,95.11723632812499,34,89.12,0.31,0.36,2026-09-10 18:32:45,🚬菸屁股,HOLD,1
GOOGL,2026-10-16,480.0,0.16,6474,65,54.49264257812501,34,332.6,0.01,0.39,2026-09-09 18:43:36,🚬菸屁股,HOLD,1
AVGO,2026-09-18,392.5,0.87,1064,65,40.967387207031244,6,360.83,0.68,0.86,2026-09-10 19:31:58,🚬菸屁股,HOLD,1
OPEN,2028-01-21,2.0,1.45,2698,64,98.242205078125,496,2.8,1.25,1.71,2026-09-10 19:46:16,🔭LEAPS,HOLD,1
PACB,2026-12-18,2.0,0.13,1789,64,95.312546875,97,1.27,0.0,0.15,2026-09-04 15:40:16,🚬菸屁股,HOLD,1
SMR,2026-11-20,17.0,0.33,1583,64,102.53954980468751,69,10.21,0.31,0.45,2026-09-10 19:23:43,🆕低基期(前日Vol3) 🚬菸屁股,HOLD,1
TGT,2026-10-16,175.0,0.86,1631,64,31.348342773437498,34,155.73,0.74,0.94,2026-09-10 19:01:53,🚬菸屁股,HOLD,1
IBIT,2028-06-16,50.0,10.55,8369,63,55.334919311523436,643,43.68,10.2,10.8,2026-09-10 17:40:29,🆕低基期(前日Vol5) 🔭LEAPS,HOLD,1
RKLB,2026-12-18,150.0,0.63,7983,63,92.43171630859376,97,61.96,0.45,0.73,2026-09-10 18:31:51,🚬菸屁股,HOLD,1
U,2026-09-18,50.0,0.1,3613,63,70.70341796875,6,42.07,0.01,0.19,2026-09-10 16:31:52,🚬菸屁股,HOLD,1
VRT,2026-09-18,305.0,0.15,909,63,65.52768847656252,6,248.13,0.1,0.22,2026-09-10 19:47:06,🚬菸屁股,HOLD,1
META,2026-11-20,1100.0,0.6,1381,63,51.19677709960937,69,644.38,0.46,0.67,2026-09-10 18:59:37,🆕低基期(前日Vol8) 🚬菸屁股,HOLD,1
OKLO,2026-12-18,100.0,0.53,1055,62,100.39112304687498,97,39.88,0.39,0.63,2026-09-10 19:38:43,🆕低基期(前日Vol3) 🚬菸屁股,HOLD,1
SOFI,2026-11-20,33.0,0.07,1473,62,75.39087109375001,69,17.21,0.07,0.08,2026-09-10 17:36:50,🆕低基期(前日Vol3) 🚬菸屁股,HOLD,1
ONDS,2028-01-21,4.0,4.31,21190,62,91.8946123046875,496,7.25,4.0,4.45,2026-09-10 18:32:42,🔭LEAPS,HOLD,1
AVGO,2027-01-15,700.0,0.66,6556,62,50.29346582031251,125,360.83,0.61,0.7,2026-09-10 19:12:12,🚬菸屁股,HOLD,1
SMCI,2026-09-18,47.0,0.08,2149,61,85.54701953125,6,37.38,0.07,0.08,2026-09-10 19:46:46,🚬菸屁股,HOLD,1
PATH,2026-12-18,18.0,0.85,5151,61,70.8010732421875,97,13.87,0.75,0.88,2026-09-10 19:32:34,🚬菸屁股,HOLD,1
PCG,2027-01-15,30.0,0.11,832,61,70.312796875,125,14.03,0.1,0.12,2026-09-10 19:41:59,🚬菸屁股,HOLD,1
WMT,2027-01-15,145.0,0.3,2899,61,32.739930419921876,125,105.73,0.26,0.51,2026-09-10 19:12:03,🆕低基期(前日Vol1) 🚬菸屁股,HOLD,1
AVGO,2026-09-18,530.0,0.01,1883,61,96.0937890625,6,360.83,0.01,0.12,2026-09-10 18:36:14,🚬菸屁股,HOLD,1
TSLA,2026-09-18,750.0,0.01,6163,60,137.50031249999998,6,363.56,0.0,0.01,2026-09-09 17:45:14,🚬菸屁股,HOLD,1
SMCI,2026-09-18,48.0,0.06,965,60,87.500125,6,37.38,0.05,0.06,2026-09-10 19:54:54,🚬菸屁股,HOLD,1
SOFI,2026-12-18,29.0,0.23,1386,60,65.43003320312502,97,17.21,0.2,0.21,2026-09-09 19:45:16,🚬菸屁股,HOLD,1
TDOC,2027-01-15,6.0,0.9,2158,60,63.9652041015625,125,6.09,0.88,1.02,2026-09-10 14:49:49,🚬菸屁股,HOLD,1
SMR,2026-11-20,15.0,0.5,3412,60,95.21489160156248,69,10.21,0.47,0.53,2026-09-10 19:21:01,🚬菸屁股,HOLD,1
PCG,2027-01-15,27.0,0.31,3503,60,67.96907031250001,125,14.03,0.12,0.21,2026-09-09 14:55:09,🚬菸屁股,HOLD,1
ASTS,2028-01-21,175.0,8.55,1216,59,89.74619628906248,496,59.91,7.45,8.25,2026-09-09 19:56:09,🔭LEAPS,HOLD,1
PATH,2026-11-20,18.0,0.45,2978,59,64.45348046875,69,13.87,0.39,0.48,2026-09-10 19:42:01,🚬菸屁股,HOLD,1
NTLA,2026-10-16,14.0,0.45,777,59,71.0940390625,34,11.93,0.3,0.5,2026-09-10 17:56:49,🚬菸屁股,HOLD,1
AMZN,2027-01-15,375.0,0.96,1093,59,37.439590454101555,125,251.89,0.9,0.96,2026-09-10 19:10:02,🚬菸屁股,HOLD,1
F,2026-12-18,19.85,0.08,6684,59,43.35994140625,97,13.88,0.05,0.09,2026-09-08 14:33:13,🚬菸屁股,HOLD,1
ARM,2026-09-18,330.0,0.25,2296,59,86.57239990234375,6,254.18,0.1,0.47,2026-09-10 19:54:40,🚬菸屁股,HOLD,1
TSLA,2027-01-15,900.0,0.6,12949,58,64.23375610351563,125,363.56,0.51,0.68,2026-09-10 19:42:37,🆕低基期(前日Vol9) 🚬菸屁股,HOLD,1
IONQ,2026-12-18,75.0,0.73,2933,58,90.429783203125,97,36.84,0.61,0.78,2026-09-10 18:41:00,🚬菸屁股,HOLD,1
HIMS,2026-09-18,40.0,0.02,11281,58,147.65651171875,6,27.44,0.02,0.23,2026-09-10 19:41:42,🚬菸屁股,HOLD,1
UPST,2027-01-15,100.0,0.05,6056,57,97.6562734375,125,25.1,0.03,0.12,2026-09-10 19:25:58,🆕低基期(前日Vol1) 🚬菸屁股,HOLD,1
BRK-B,2026-09-18,530.0,0.15,2829,57,16.260603027343752,6,507.0,0.1,0.16,2026-09-10 19:38:16,🚬菸屁股,HOLD,1
OKLO,2026-09-18,47.0,0.24,1348,56,84.57046679687498,6,39.88,0.23,0.25,2026-09-10 19:19:30,🚬菸屁股,HOLD,1
TDOC,2028-01-21,12.0,0.76,1138,56,67.6761044921875,496,6.09,0.56,0.84,2026-09-04 19:13:07,🔭LEAPS,HOLD,1
ONDS,2027-01-15,18.0,0.16,2227,56,89.062609375,125,7.25,0.06,0.14,2026-09-10 14:56:20,🚬菸屁股,HOLD,1
META,2027-01-15,1480.0,0.28,3080,56,51.758294921875006,125,644.38,0.2,0.38,2026-09-10 19:40:18,🚬菸屁股,HOLD,1
AVGO,2026-10-16,540.0,0.1,2242,56,50.39112109375,34,360.83,0.02,0.12,2026-09-10 19:07:51,🚬菸屁股,HOLD,1
SMCI,2028-01-21,60.0,9.0,6710,55,82.58074060058591,496,37.38,8.4,8.9,2026-09-10 19:02:16,🆕低基期(前日Vol4) 🔭LEAPS,HOLD,1
UPST,2028-01-21,50.0,4.1,2712,55,76.92894165039064,496,25.1,3.3,4.35,2026-09-10 18:40:44,🆕低基期(前日Vol13) 🔭LEAPS,HOLD,1
SMR,2026-11-20,23.0,0.11,762,55,107.42233789062503,69,10.21,0.11,0.14,2026-09-10 19:06:24,🚬菸屁股,HOLD,1
SBUX,2027-01-15,170.0,0.08,862,55,50.537604003906246,125,99.22,0.01,0.54,2026-09-04 15:21:29,🚬菸屁股,HOLD,1
IBIT,2028-01-21,75.0,3.33,5470,54,51.22119091796875,496,43.68,3.2,3.45,2026-09-10 16:11:31,🆕低基期(前日Vol2) 🔭LEAPS,HOLD,1
RKLB,2028-01-21,200.0,5.0,3161,54,81.53704986572265,496,61.96,5.0,5.35,2026-09-10 19:21:09,🔭LEAPS,HOLD,1
UPST,2026-12-18,45.0,0.5,1076,54,75.2932158203125,97,25.1,0.27,0.51,2026-09-10 17:27:14,🆕低基期(前日Vol9) 🚬菸屁股,HOLD,1
NTLA,2026-10-16,15.0,0.27,836,54,72.46121289062499,34,11.93,0.2,0.3,2026-09-10 18:47:07,🆕低基期(前日Vol11) 🚬菸屁股,HOLD,1
ONDS,2028-01-21,5.0,3.85,18008,54,94.726615234375,496,7.25,3.75,3.9,2026-09-10 19:21:17,🔭LEAPS,HOLD,1
META,2026-09-18,760.0,0.19,3334,54,49.60987890625,6,644.38,0.17,0.22,2026-09-10 18:58:21,🚬菸屁股,HOLD,1
IBIT,2026-10-16,59.0,0.09,9120,53,50.586431640624994,34,43.68,0.08,0.1,2026-09-10 18:11:18,🚬菸屁股,HOLD,1
OKLO,2026-11-20,75.0,0.7,1651,53,96.48441015625,69,39.88,0.61,0.78,2026-09-10 18:12:31,🚬菸屁股,HOLD,1
IONQ,2026-09-18,49.0,0.07,1639,53,101.172369140625,6,36.84,0.05,0.09,2026-09-10 15:39:48,🚬菸屁股,HOLD,1
IONQ,2026-11-20,60.0,0.95,5524,53,89.257919921875,69,36.84,0.85,1.04,2026-09-10 19:02:13,🚬菸屁股,HOLD,1
PATH,2026-12-18,20.0,0.54,3572,53,71.87528125,97,13.87,0.49,0.58,2026-09-10 19:50:41,🚬菸屁股,HOLD,1
OPEN,2026-11-20,7.0,0.04,4392,53,123.43788281249999,69,2.8,0.02,0.07,2026-09-10 19:47:05,🚬菸屁股,HOLD,1
ONDS,2026-09-18,11.0,0.01,20602,53,118.75040625,6,7.25,0.0,0.01,2026-09-10 19:11:48,🚬菸屁股,HOLD,1
ACHR,2027-01-15,11.0,0.15,3970,53,88.08605664062499,125,5.45,0.13,0.19,2026-09-10 18:23:34,🆕低基期(前日Vol5) 🚬菸屁股,HOLD,1
ACHR,2027-01-15,15.0,0.08,22298,53,97.6562734375,125,5.45,0.06,0.1,2026-09-10 19:47:15,🚬菸屁股,HOLD,1
SMR,2026-09-18,12.5,0.06,848,53,95.312546875,6,10.21,0.05,0.06,2026-09-10 19:52:39,🚬菸屁股,HOLD,1
GOOGL,2026-10-16,460.0,0.2,6936,53,50.39112109375,34,332.6,0.01,0.46,2026-09-09 18:39:56,🚬菸屁股,HOLD,1
META,2027-01-15,1400.0,0.45,1709,53,50.171396728515624,125,644.38,0.28,0.48,2026-09-10 17:02:03,🚬菸屁股,HOLD,1
IBIT,2026-09-18,70.0,0.01,21629,52,109.375453125,6,43.68,0.0,0.01,2026-09-04 16:00:50,🚬菸屁股,HOLD,1
IONQ,2026-11-20,75.0,0.42,882,52,98.53517089843751,69,36.84,0.35,0.61,2026-09-10 18:16:02,🚬菸屁股,HOLD,1
AMZN,2026-10-16,315.0,0.21,3701,52,35.01041552734374,34,251.89,0.18,0.24,2026-09-10 19:16:27,🚬菸屁股,HOLD,1
OKLO,2028-01-21,250.0,3.0,5571,51,98.98682653808592,496,39.88,2.16,2.73,2026-09-09 17:46:24,🔭LEAPS,HOLD,1
PATH,2027-01-15,19.0,0.9,1558,51,69.43389941406251,125,13.87,0.58,1.09,2026-09-10 18:37:16,🚬菸屁股,HOLD,1
HIMS,2028-01-21,25.0,11.68,4481,51,85.8399853515625,496,27.44,10.85,11.8,2026-09-10 19:45:20,🆕低基期(前日Vol13) 🔭LEAPS,HOLD,1
ONDS,2026-12-18,12.0,0.32,3991,51,90.429783203125,97,7.25,0.27,0.36,2026-09-10 19:03:10,🚬菸屁股,HOLD,1
PCG,2026-10-16,18.0,0.13,22957,51,61.328511718750015,34,14.03,0.1,0.18,2026-09-10 19:24:34,🚬菸屁股,HOLD,1
META,2026-09-18,810.0,0.12,824,51,57.22699023437501,6,644.38,0.01,0.12,2026-09-09 19:35:56,🚬菸屁股,HOLD,1
META,2026-10-16,1170.0,0.08,1024,51,68.06672558593752,34,644.38,0.01,0.28,2026-09-10 19:09:41,🆕低基期(前日Vol1) 🚬菸屁股,HOLD,1
AVGO,2026-09-18,580.0,0.01,1436,51,103.90673046875003,6,360.83,0.0,0.04,2026-09-09 19:38:09,🚬菸屁股,HOLD,1
BRK-B,2026-10-16,540.0,0.85,1181,51,15.100946655273443,34,507.0,0.82,1.06,2026-09-10 19:02:38,🚬菸屁股,HOLD,1
BRK-B,2027-01-15,750.0,0.08,5377,51,27.10033837890625,125,507.0,0.07,0.23,2026-09-09 15:03:17,🚬菸屁股,HOLD,1
MSFT,2026-09-18,650.0,0.01,6442,50,59.375406250000005,6,492.44,0.0,0.02,2026-09-10 18:49:18,🆕低基期(前日Vol7) 🚬菸屁股,HOLD,1
IBIT,2027-01-15,75.0,0.23,12020,50,50.97705273437501,125,43.68,0.22,0.27,2026-09-10 19:13:05,🚬菸屁股,HOLD,1
OKLO,2026-09-18,55.0,0.04,2422,50,104.68797656250001,6,39.88,0.04,0.06,2026-09-10 19:24:55,🚬菸屁股,HOLD,1
RKLB,2028-01-21,150.0,7.9,3649,50,80.23701403808592,496,61.96,7.65,8.0,2026-09-10 19:57:18,🔭LEAPS,HOLD,1
SOFI,2028-01-21,25.0,2.95,16060,50,63.9652041015625,496,17.21,2.95,2.97,2026-09-10 19:41:48,🔭LEAPS,HOLD,1
DKNG,2027-01-15,70.0,0.02,3800,50,78.51583984375,125,23.71,0.0,0.12,2026-08-27 13:41:14,🚬菸屁股,HOLD,1
U,2026-09-18,52.0,0.06,1557,50,109.57076464843752,6,42.07,0.0,0.68,2026-09-08 18:04:21,🚬菸屁股,HOLD,1
ONDS,2026-12-18,13.0,0.25,4047,50,92.38288867187501,97,7.25,0.22,0.28,2026-09-10 19:03:35,🚬菸屁股,HOLD,1
SMR,2028-01-21,50.0,0.98,1557,50,103.27196801757816,496,10.21,0.95,1.16,2026-09-10 19:10:01,🔭LEAPS,HOLD,1
ORCL,2026-12-18,360.0,0.55,3019,50,76.2697685546875,97,152.94,0.32,0.7,2026-09-10 19:53:43,🚬菸屁股,HOLD,1
AMZN,2026-10-16,340.0,0.06,4020,50,38.7701435546875,34,251.89,0.03,0.08,2026-09-10 19:45:20,🚬菸屁股,HOLD,1
META,2026-09-18,780.0,0.1,3733,50,51.6606396484375,6,644.38,0.08,0.14,2026-09-10 19:56:39,🚬菸屁股,HOLD,1
SBUX,2028-01-21,120.0,8.0,1442,50,35.51089880371093,496,99.22,6.6,9.45,2026-09-10 18:59:29,🔭LEAPS,HOLD,1
NVDA,2028-01-21,225.0,43.35,5470,49,46.286547882080086,496,218.36,43.0,44.0,2026-09-10 19:59:30,🔭LEAPS,HOLD,1
INTC,2026-10-16,210.0,0.03,9516,49,85.54701953125,34,100.32,0.02,0.05,2026-09-10 19:47:00,🚬菸屁股,HOLD,1
NBIS,2026-09-18,410.0,0.01,4290,49,137.50031249999998,6,228.11,0.0,0.07,2026-09-10 19:50:27,🆕低基期(前日Vol12) 🚬菸屁股,HOLD,1
XYZ,2026-09-18,90.0,0.08,15489,49,47.852083984375,6,79.07,0.06,0.08,2026-09-10 19:46:22,🚬菸屁股,HOLD,1
PCG,2026-09-18,17.5,0.03,26845,49,86.7188828125,6,14.03,0.0,0.07,2026-09-10 17:58:44,🆕低基期(前日Vol14) 🚬菸屁股,HOLD,1
TJX,2026-09-18,155.0,0.04,1670,49,55.469195312500005,6,126.42,0.0,0.05,2026-09-10 19:36:32,🚬菸屁股,HOLD,1
F,2027-01-15,16.0,0.51,5517,49,38.67248828125,125,13.88,0.47,0.55,2026-09-10 16:59:18,🚬菸屁股,HOLD,1
U,2027-01-15,75.0,0.67,3145,48,64.20934228515625,125,42.07,0.34,0.82,2026-09-10 15:43:06,🚬菸屁股,HOLD,1
NTLA,2026-10-16,13.0,0.69,942,48,74.31666308593749,34,11.93,0.5,0.9,2026-09-10 19:52:29,🚬菸屁股,HOLD,1
ORCL,2026-12-18,400.0,0.35,1380,48,81.5431533203125,97,152.94,0.12,0.72,2026-09-10 19:12:42,🚬菸屁股,HOLD,1
META,2026-12-18,1480.0,0.17,1704,48,53.76022802734376,97,644.38,0.07,0.16,2026-09-10 16:23:39,🚬菸屁股,HOLD,1
SMCI,2027-01-15,90.0,0.58,27856,47,87.64660791015625,125,37.38,0.47,0.6,2026-09-10 16:35:07,🆕低基期(前日Vol4) 🚬菸屁股,HOLD,1
IONQ,2028-01-21,60.0,8.7,3758,47,84.42398388671874,496,36.84,8.4,9.0,2026-09-10 19:54:09,🔭LEAPS,HOLD,1
LUNR,2026-10-16,20.0,0.31,2288,47,86.52357226562499,34,14.62,0.25,0.32,2026-09-10 19:59:51,🚬菸屁股,HOLD,1
JOBY,2026-11-20,9.0,0.19,5458,47,73.82838671875,69,6.31,0.15,0.19,2026-09-10 19:49:35,🚬菸屁股,HOLD,1
AMZN,2026-10-16,330.0,0.08,5279,47,35.938140624999996,34,251.89,0.08,0.09,2026-09-10 19:51:28,🆕低基期(前日Vol12) 🚬菸屁股,HOLD,1
AVGO,2026-09-18,590.0,0.01,957,47,116.40666796875001,6,360.83,0.0,0.1,2026-09-09 19:27:22,🚬菸屁股,HOLD,1
MSTR,2027-01-15,1000.0,0.14,5098,46,120.70352148437497,125,128.56,0.08,0.2,2026-09-10 19:52:44,🚬菸屁股,HOLD,1
ASTS,2028-01-21,150.0,9.5,10958,46,89.14805773925781,496,59.91,9.25,9.65,2026-09-10 19:41:07,🔭LEAPS,HOLD,1
SOFI,2026-12-18,27.0,0.28,2656,46,63.086306640625,97,17.21,0.27,0.28,2026-09-10 19:59:39,🚬菸屁股,HOLD,1
ONDS,2026-12-18,11.0,0.43,5065,46,89.84385156249999,97,7.25,0.4,0.44,2026-09-10 18:23:12,🚬菸屁股,HOLD,1
PCG,2026-09-18,16.5,0.04,3273,46,75.00025000000001,6,14.03,0.04,0.07,2026-09-10 19:52:29,🚬菸屁股,HOLD,1
AVGO,2026-10-16,480.0,0.35,2076,46,44.80035668945312,34,360.83,0.35,0.46,2026-09-10 19:50:01,🚬菸屁股,HOLD,1
SBUX,2028-01-21,110.0,11.47,811,46,34.9188637084961,496,99.22,11.0,12.05,2026-09-10 18:20:44,🔭LEAPS,HOLD,1
OKLO,2026-10-16,70.0,0.23,1755,45,99.2187578125,34,39.88,0.2,0.26,2026-09-10 19:01:00,🚬菸屁股,HOLD,1
LUNR,2028-01-21,15.0,6.55,1099,45,102.7592752685547,496,14.62,6.3,6.7,2026-09-10 19:04:30,🔭LEAPS,HOLD,1
JOBY,2028-01-21,20.0,0.55,9869,45,83.789224609375,496,6.31,0.51,0.68,2026-09-10 19:45:30,🔭LEAPS,HOLD,1
TJX,2026-09-18,165.0,0.11,2237,45,70.312796875,6,126.42,0.0,0.05,2026-09-10 14:49:04,🚬菸屁股,HOLD,1
META,2026-12-18,1430.0,0.21,971,45,54.49264257812501,97,644.38,0.12,0.28,2026-09-09 19:36:38,🚬菸屁股,HOLD,1
SOFI,2028-06-16,23.0,4.2,7314,44,65.5521022949219,643,17.21,4.15,4.3,2026-09-10 18:25:02,🔭LEAPS,HOLD,1
PATH,2027-01-15,22.0,0.51,7580,44,72.1682470703125,125,13.87,0.42,0.62,2026-09-10 18:11:42,🚬菸屁股,HOLD,1
OPEN,2026-11-20,9.0,0.02,12260,44,137.50031249999998,69,2.8,0.02,0.04,2026-09-10 19:49:01,🚬菸屁股,HOLD,1
VRT,2026-09-18,330.0,0.04,1236,44,84.57046679687498,6,248.13,0.02,0.26,2026-09-10 19:57:12,🚬菸屁股,HOLD,1
PCG,2026-10-16,19.0,0.09,11564,44,62.500375000000005,34,14.03,0.05,0.12,2026-09-10 19:37:48,🚬菸屁股,HOLD,1
ARM,2026-10-16,500.0,0.5,1862,44,90.9180595703125,34,254.18,0.02,0.58,2026-09-09 18:38:19,🚬菸屁股,HOLD,1
SOFI,2028-06-16,15.0,6.8,22028,43,68.555001953125,643,17.21,6.75,6.9,2026-09-10 19:44:51,🔭LEAPS,HOLD,1
GOOGL,2026-12-18,560.0,0.5,2600,43,48.04739453125,97,332.6,0.05,0.73,2026-09-08 19:58:45,🚬菸屁股,HOLD,1
META,2026-10-16,850.0,0.83,1642,43,44.19001123046875,34,644.38,0.78,0.88,2026-09-10 19:17:12,🚬菸屁股,HOLD,1
F,2028-01-21,20.0,0.9,3901,43,40.86973193359375,496,13.88,0.76,1.0,2026-09-10 19:28:40,🔭LEAPS,HOLD,1
BRK-B,2026-09-18,550.0,0.03,2264,43,21.680470703125,6,507.0,0.01,0.03,2026-09-10 19:56:57,🚬菸屁股,HOLD,1
SMCI,2026-12-18,70.0,0.78,2927,42,84.03336279296875,97,37.38,0.69,0.81,2026-09-10 19:39:43,🚬菸屁股,HOLD,1
OKLO,2026-09-18,48.0,0.19,833,42,84.76577734374999,6,39.88,0.15,0.19,2026-09-10 19:25:01,🚬菸屁股,HOLD,1
SOFI,2026-09-18,23.5,0.01,754,42,96.87503124999999,6,17.21,0.01,0.02,2026-09-10 19:25:06,🚬菸屁股,HOLD,1
HOOD,2026-10-16,165.0,0.64,2289,42,71.92410888671876,34,113.33,0.58,0.65,2026-09-10 19:41:54,🚬菸屁股,HOLD,1
NTLA,2026-09-18,15.0,0.05,1957,42,99.2187578125,6,11.93,0.0,0.1,2026-09-10 19:39:21,🚬菸屁股,HOLD,1
NTLA,2028-01-21,10.0,5.7,1813,42,91.8946123046875,496,11.93,5.3,5.7,2026-09-10 19:56:02,🔭LEAPS,HOLD,1
SBUX,2028-01-21,115.0,10.01,5922,42,37.698987274169916,496,99.22,7.0,11.8,2026-09-10 16:45:10,🔭LEAPS,HOLD,1
ARM,2026-09-18,350.0,0.1,2522,42,99.41406835937501,6,254.18,0.06,0.4,2026-09-10 18:24:41,🚬菸屁股,HOLD,1
DKNG,2027-01-15,37.0,0.48,1605,41,58.64299169921875,125,23.71,0.41,0.54,2026-09-10 19:55:55,🚬菸屁股,HOLD,1
SMR,2028-01-21,20.0,2.53,4707,41,97.11916943359374,496,10.21,2.43,2.65,2026-09-10 19:54:10,🔭LEAPS,HOLD,1
TJX,2026-12-18,150.0,0.98,2181,41,27.00268310546875,97,126.42,0.85,1.05,2026-09-10 18:45:51,🚬菸屁股,HOLD,1
RKLB,2027-01-15,160.0,0.86,2154,40,92.33406103515625,125,61.96,0.66,1.08,2026-09-10 18:55:43,🚬菸屁股,HOLD,1
RKLB,2028-01-21,190.0,5.47,1056,40,79.6754962158203,496,61.96,4.7,5.75,2026-09-10 19:59:12,🆕低基期(前日Vol15) 🔭LEAPS,HOLD,1
PATH,2028-01-21,10.0,6.5,5857,40,79.63887548828124,496,13.87,6.25,6.65,2026-09-10 19:49:02,🔭LEAPS,HOLD,1
ZM,2026-09-18,105.0,0.26,4472,40,48.1450498046875,6,95.46,0.21,0.3,2026-09-10 19:59:22,🚬菸屁股,HOLD,1
NTLA,2027-01-15,17.5,0.78,1467,40,81.445498046875,125,11.93,0.6,1.05,2026-09-10 19:47:46,🆕低基期(前日Vol9) 🚬菸屁股,HOLD,1
HIMS,2027-01-15,65.0,0.53,1459,40,91.74812939453125,125,27.44,0.4,0.65,2026-09-10 14:36:12,🆕低基期(前日Vol8) 🚬菸屁股,HOLD,1
ACHR,2026-10-16,5.0,0.74,2569,40,73.82838671875,34,5.45,0.67,0.81,2026-09-10 19:37:40,🚬菸屁股,HOLD,1
WMT,2026-11-20,150.0,0.08,1578,40,37.11000390625,69,105.73,0.03,0.12,2026-09-04 18:45:49,🚬菸屁股,HOLD,1
ORCL,2026-10-16,330.0,0.14,2743,40,92.9688203125,34,152.94,0.01,0.16,2026-09-10 19:48:55,🚬菸屁股,HOLD,1
META,2026-09-18,1300.0,0.01,2585,40,128.125359375,6,644.38,0.0,0.01,2026-09-09 19:37:56,🚬菸屁股,HOLD,1
IBIT,2026-09-18,53.0,0.02,5351,39,62.500375000000005,6,43.68,0.02,0.04,2026-09-10 19:48:31,🆕低基期(前日Vol11) 🚬菸屁股,HOLD,1
COIN,2026-09-18,300.0,0.04,5157,39,127.34411328124997,6,172.28,0.01,0.03,2026-09-10 19:56:38,🚬菸屁股,HOLD,1
OPEN,2027-02-19,6.0,0.17,1705,39,100.78174609374999,160,2.8,0.16,0.18,2026-09-10 19:28:39,🆕低基期(前日Vol13) 🚬菸屁股,HOLD,1
ACHR,2028-01-21,27.0,0.35,15859,39,92.38288867187501,496,5.45,0.33,0.39,2026-09-10 18:28:44,🔭LEAPS,HOLD,1
NVDA,2028-01-21,195.0,57.85,6967,38,48.24880853271485,496,218.36,57.6,58.45,2026-09-10 18:05:47,🔭LEAPS,HOLD,1
MSFT,2026-09-18,600.0,0.01,6078,38,46.0942890625,6,492.44,0.0,0.02,2026-09-10 17:57:14,🚬菸屁股,HOLD,1
OKLO,2026-09-18,60.0,0.02,3777,38,129.297228515625,6,39.88,0.02,0.09,2026-09-10 19:21:29,🚬菸屁股,HOLD,1
RKLB,2027-01-15,200.0,0.42,3526,38,99.60937890625,125,61.96,0.35,0.74,2026-09-10 19:55:55,🆕低基期(前日Vol5) 🚬菸屁股,HOLD,1
IONQ,2026-10-16,60.0,0.21,2563,38,91.79695703125,34,36.84,0.2,0.3,2026-09-10 19:51:35,🚬菸屁股,HOLD,1
DKNG,2026-11-20,40.0,0.1,5796,38,64.648791015625,69,23.71,0.07,0.16,2026-09-10 19:35:30,🆕低基期(前日Vol3) 🚬菸屁股,HOLD,1
NBIS,2026-09-18,350.0,0.06,3412,38,109.76607617187501,6,228.11,0.05,0.07,2026-09-10 19:50:34,🚬菸屁股,HOLD,1
KTOS,2026-11-20,70.0,0.93,1194,38,74.12135253906249,69,46.98,0.35,1.65,2026-09-10 16:31:35,🆕低基期(前日Vol12) 🚬菸屁股,HOLD,1
AMZN,2026-10-16,325.0,0.12,2373,38,35.44986425781249,34,251.89,0.08,0.12,2026-09-10 19:26:41,🆕低基期(前日Vol11) 🚬菸屁股,HOLD,1
SMCI,2027-01-15,105.0,0.37,12524,37,91.50399121093751,125,37.38,0.28,0.42,2026-09-10 19:53:02,🚬菸屁股,HOLD,1
RKLB,2026-09-18,95.0,0.04,2996,37,119.53165234375001,6,61.96,0.03,0.04,2026-09-10 19:46:38,🚬菸屁股,HOLD,1
RKLB,2026-12-18,130.0,0.95,2692,37,90.9180595703125,97,61.96,0.9,1.2,2026-09-10 19:00:51,🚬菸屁股,HOLD,1
RKLB,2028-01-21,140.0,8.75,2968,37,80.90839404296875,496,61.96,8.4,9.3,2026-09-10 19:15:53,🔭LEAPS,HOLD,1
ONDS,2026-10-16,7.0,0.76,1750,37,75.586181640625,34,7.25,0.75,0.86,2026-09-10 19:40:37,🚬菸屁股,HOLD,1
ACHR,2026-09-18,8.0,0.01,5931,37,118.75040625,6,5.45,0.0,0.01,2026-09-10 19:51:48,🚬菸屁股,HOLD,1
SMR,2028-01-21,25.0,2.04,2934,37,100.29346728515624,496,10.21,2.0,2.34,2026-09-10 18:58:52,🔭LEAPS,HOLD,1
RDDT,2026-09-18,190.0,0.18,2020,37,67.57844921875001,6,155.34,0.02,0.26,2026-09-10 19:59:08,🚬菸屁股,HOLD,1
F,2028-01-21,17.0,1.45,7809,37,39.99083447265625,496,13.88,1.36,1.55,2026-09-10 19:33:23,🔭LEAPS,HOLD,1
SMCI,2026-11-20,75.0,0.34,1842,36,90.429783203125,69,37.38,0.3,0.38,2026-09-10 19:10:35,🆕低基期(前日Vol5) 🚬菸屁股,HOLD,1
IONQ,2027-01-15,80.0,0.88,1983,36,91.25985302734375,125,36.84,0.8,1.11,2026-09-10 18:30:08,🚬菸屁股,HOLD,1
SOFI,2026-12-18,40.0,0.07,13049,36,76.75804492187501,97,17.21,0.06,0.07,2026-09-10 13:57:50,🆕低基期(前日Vol6) 🚬菸屁股,HOLD,1
ONDS,2026-09-18,9.5,0.01,2258,36,90.62509374999999,6,7.25,0.0,0.02,2026-09-10 18:46:37,🚬菸屁股,HOLD,1
LUNR,2028-01-21,10.0,8.25,1077,36,105.32273901367186,496,14.62,8.0,8.45,2026-09-10 19:59:57,🆕低基期(前日Vol4) 🔭LEAPS,HOLD,1
WMT,2027-01-15,150.0,0.2,4893,36,31.88544677734374,125,105.73,0.2,0.29,2026-09-10 19:50:01,🚬菸屁股,HOLD,1
GOOGL,2026-09-18,445.0,0.02,883,36,70.312796875,6,332.6,0.02,0.04,2026-09-10 17:54:06,🆕低基期(前日Vol6) 🚬菸屁股,HOLD,1
GOOGL,2026-09-18,630.0,0.01,2468,36,139.06280468749998,6,332.6,0.0,0.05,2026-09-09 13:39:25,🚬菸屁股,HOLD,1
NVDA,2026-12-18,320.0,0.82,5409,35,41.33359448242187,97,218.36,0.82,0.86,2026-09-10 19:25:11,🚬菸屁股,HOLD,1
IBIT,2027-01-15,68.0,0.52,8144,35,48.04739453125,125,43.68,0.35,0.39,2026-09-09 15:05:26,🚬菸屁股,HOLD,1
INTC,2026-11-20,180.0,0.95,5903,35,79.29708203125,69,100.32,0.81,1.01,2026-09-10 17:34:21,🚬菸屁股,HOLD,1
SMCI,2026-12-18,100.0,0.28,9644,35,95.70316796875,97,37.38,0.22,0.32,2026-09-10 13:37:07,🆕低基期(前日Vol3) 🚬菸屁股,HOLD,1
IONQ,2027-01-15,105.0,0.51,2532,35,94.6289599609375,125,36.84,0.28,0.51,2026-09-09 18:14:44,🚬菸屁股,HOLD,1
LUNR,2026-12-18,27.0,0.58,2756,35,95.41020214843749,97,14.62,0.41,0.6,2026-09-10 15:30:19,🚬菸屁股,HOLD,1
ACHR,2027-01-15,17.0,0.08,9450,35,102.34423828125001,125,5.45,0.05,0.08,2026-09-10 16:52:36,🆕低基期(前日Vol7) 🚬菸屁股,HOLD,1
PCG,2026-10-16,21.0,0.11,4359,35,71.48466015625,34,14.03,0.03,0.08,2026-09-09 19:30:23,🚬菸屁股,HOLD,1
ORCL,2026-11-20,370.0,0.31,1486,35,81.83611914062499,69,152.94,0.09,0.31,2026-09-10 19:16:17,🚬菸屁股,HOLD,1
ORCL,2028-01-21,460.0,7.75,865,35,65.31406756591798,496,152.94,5.65,7.15,2026-09-09 17:59:12,🔭LEAPS,HOLD,1
F,2028-01-21,15.0,2.0,19983,35,38.550419189453116,496,13.88,1.95,2.05,2026-09-10 19:56:06,🔭LEAPS,HOLD,1
AVGO,2026-09-18,415.0,0.26,1059,35,48.19387744140625,6,360.83,0.15,0.26,2026-09-10 19:24:46,🚬菸屁股,HOLD,1
INTC,2026-10-16,175.0,0.19,5197,34,77.3439765625,34,100.32,0.11,0.13,2026-09-10 16:50:30,🆕低基期(前日Vol8) 🚬菸屁股,HOLD,1
OKLO,2028-01-21,150.0,5.15,1334,34,95.82523706054687,496,39.88,3.85,5.2,2026-09-09 17:44:49,🔭LEAPS,HOLD,1
RKLB,2027-01-15,195.0,0.44,1235,34,94.0430283203125,125,61.96,0.35,0.49,2026-09-10 18:56:08,🆕低基期(前日Vol6) 🚬菸屁股,HOLD,1
UPST,2027-01-15,42.5,0.92,1488,34,77.0510107421875,125,25.1,0.65,1.13,2026-09-10 16:37:09,🚬菸屁股,HOLD,1
UPST,2027-01-15,80.0,0.12,2084,34,88.476677734375,125,25.1,0.01,0.2,2026-09-10 17:55:37,🆕低基期(前日Vol1) 🚬菸屁股,HOLD,1
OPEN,2026-12-18,6.0,0.09,1874,34,109.375453125,97,2.8,0.04,0.15,2026-09-10 19:43:24,🚬菸屁股,HOLD,1
HIMS,2026-10-16,40.0,0.28,3273,34,85.35170898437501,34,27.44,0.26,0.38,2026-09-10 19:39:49,🚬菸屁股,HOLD,1
HIMS,2027-01-15,75.0,0.37,3367,34,94.14068359375,125,27.44,0.28,0.4,2026-09-10 16:55:22,🚬菸屁股,HOLD,1
NNE,2026-10-16,26.0,0.17,4784,34,89.45323046875,34,17.36,0.15,0.25,2026-09-10 19:20:44,🆕低基期(前日Vol2) 🚬菸屁股,HOLD,1
PCG,2027-01-15,23.0,0.39,5204,34,62.305064453125006,125,14.03,0.21,0.33,2026-09-10 16:34:50,🚬菸屁股,HOLD,1
GOOGL,2026-09-18,450.0,0.02,12609,34,67.96907031250001,6,332.6,0.0,0.03,2026-09-10 18:46:00,🚬菸屁股,HOLD,1
TSLA,2028-01-21,900.0,12.35,6073,33,54.71847039794924,496,363.56,12.0,12.85,2026-09-10 19:54:20,🔭LEAPS,HOLD,1
NVDA,2028-01-21,270.0,28.15,8414,33,45.970694107055664,496,218.36,26.3,29.75,2026-09-10 19:46:42,🆕低基期(前日Vol10) 🔭LEAPS,HOLD,1
MSTR,2028-01-21,200.0,32.22,7215,33,84.16763879394532,496,128.56,31.0,32.55,2026-09-10 19:12:32,🔭LEAPS,HOLD,1
ASTS,2027-01-15,190.0,0.65,6350,33,101.3676806640625,125,59.91,0.55,0.71,2026-09-10 19:57:55,🆕低基期(前日Vol6) 🚬菸屁股,HOLD,1
UPST,2026-09-18,35.0,0.03,5967,33,107.03171484375002,6,25.1,0.02,0.04,2026-09-10 19:51:43,🚬菸屁股,HOLD,1
SOFI,2026-09-18,24.0,0.02,4796,33,101.5629921875,6,17.21,0.01,0.02,2026-09-10 17:36:08,🚬菸屁股,HOLD,1
IREN,2026-10-16,90.0,0.12,7061,33,106.83640332031253,34,43.64,0.05,0.18,2026-09-10 19:38:00,🚬菸屁股,HOLD,1
KTOS,2028-01-21,160.0,2.0,859,33,70.71562487792968,496,46.98,1.55,2.55,2026-09-09 13:43:22,🔭LEAPS,HOLD,1
NNE,2027-01-15,40.0,0.3,2352,33,89.257919921875,125,17.36,0.25,0.4,2026-09-10 19:40:29,🚬菸屁股,HOLD,1
RDDT,2028-01-21,400.0,9.0,1284,33,68.39631213378907,496,155.34,10.4,11.5,2026-09-09 13:42:24,🔭LEAPS,HOLD,1
ORCL,2027-01-15,360.0,0.72,1440,33,74.09693872070311,125,152.94,0.64,1.27,2026-09-10 19:44:27,🚬菸屁股,HOLD,1
F,2026-12-18,16.0,0.39,5908,33,38.52600537109374,97,13.88,0.35,0.42,2026-09-10 18:29:29,🚬菸屁股,HOLD,1
SMCI,2026-12-18,110.0,0.2,2632,32,98.1445498046875,97,37.38,0.13,0.27,2026-09-10 19:04:09,🆕低基期(前日Vol5) 🚬菸屁股,HOLD,1
PATH,2027-01-15,27.0,0.25,4931,32,75.39087109375001,125,13.87,0.15,0.35,2026-09-09 19:17:06,🚬菸屁股,HOLD,1
SMR,2026-11-20,25.0,0.15,4673,32,109.76607617187501,69,10.21,0.07,0.12,2026-09-09 14:14:03,🚬菸屁股,HOLD,1
META,2026-10-16,1210.0,0.02,1813,32,59.375406250000005,34,644.38,0.01,0.02,2026-09-10 19:54:26,🚬菸屁股,HOLD,1
TSLA,2027-01-15,990.0,0.43,13624,31,67.28548339843752,125,363.56,0.4,0.47,2026-09-10 19:54:45,🚬菸屁股,HOLD,1
SMCI,2026-12-18,90.0,0.38,2919,31,91.50399121093751,97,37.38,0.3,0.39,2026-09-10 18:29:50,🆕低基期(前日Vol1) 🚬菸屁股,HOLD,1
SMCI,2026-12-18,92.0,0.31,1284,31,92.4805439453125,97,37.38,0.28,0.38,2026-09-10 19:04:10,🆕低基期(前日Vol11) 🚬菸屁股,HOLD,1
SMCI,2026-12-18,106.0,0.22,2332,31,96.48441015625,97,37.38,0.15,0.28,2026-09-10 19:04:08,🆕低基期(前日Vol2) 🚬菸屁股,HOLD,1
SMCI,2027-01-15,75.0,0.92,20061,31,82.76384423828124,125,37.38,0.83,0.92,2026-09-10 19:54:17,🚬菸屁股,HOLD,1
UPST,2026-12-18,50.0,0.34,1056,31,79.5900478515625,97,25.1,0.2,0.38,2026-09-10 17:09:12,🚬菸屁股,HOLD,1
UPST,2027-01-15,90.0,0.17,1381,31,107.71530517578127,125,25.1,0.0,0.48,2026-09-10 19:10:50,🆕低基期(前日Vol5) 🚬菸屁股,HOLD,1
NBIS,2026-09-18,440.0,0.01,4637,31,131.25034374999998,6,228.11,0.0,0.01,2026-09-10 19:43:38,🚬菸屁股,HOLD,1
U,2026-09-18,47.0,0.13,1363,31,61.133201171875015,6,42.07,0.11,0.32,2026-09-10 13:45:23,🚬菸屁股,HOLD,1
NTLA,2028-01-21,20.0,3.98,1608,31,90.23447265624999,496,11.93,2.0,4.1,2026-09-08 18:25:23,🔭LEAPS,HOLD,1
ONDS,2027-01-15,27.0,0.06,7110,31,113.67230664062502,125,7.25,0.04,0.13,2026-09-09 17:29:34,🚬菸屁股,HOLD,1
LUNR,2028-01-21,17.0,5.9,1245,31,105.22508325195315,496,14.62,5.8,6.5,2026-09-10 19:19:36,🔭LEAPS,HOLD,1
JOBY,2026-11-20,13.0,0.04,2040,31,85.1563984375,69,6.31,0.02,0.05,2026-09-10 19:58:06,🚬菸屁股,HOLD,1
CRWV,2026-10-16,145.0,0.61,3514,31,90.72274902343749,34,89.12,0.55,0.6,2026-09-10 19:12:32,🚬菸屁股,HOLD,1
ORCL,2028-01-21,380.0,9.75,12521,31,63.17785845947266,496,152.94,8.05,9.75,2026-09-10 19:56:47,🔭LEAPS,HOLD,1
RKLB,2026-12-18,200.0,0.27,1051,30,107.76413305664066,97,61.96,0.25,0.56,2026-09-10 18:32:59,🆕低基期(前日Vol5) 🚬菸屁股,HOLD,1
ASTS,2026-11-20,175.0,0.36,1589,30,108.203583984375,69,59.91,0.05,0.36,2026-09-10 18:50:50,🆕低基期(前日Vol5) 🚬菸屁股,HOLD,1
UPST,2026-10-16,40.0,0.07,1411,30,75.586181640625,34,25.1,0.06,0.08,2026-09-10 18:49:08,🚬菸屁股,HOLD,1
HOOD,2026-10-16,175.0,0.47,844,30,75.2932158203125,34,113.33,0.38,0.48,2026-09-10 15:06:20,🚬菸屁股,HOLD,1
TDOC,2027-01-15,11.0,0.17,2050,30,65.43003320312502,125,6.09,0.01,0.16,2026-09-02 15:19:49,🚬菸屁股,HOLD,1
HIMS,2026-09-18,36.0,0.04,1316,30,96.87503124999999,6,27.44,0.03,0.07,2026-09-10 19:36:11,🚬菸屁股,HOLD,1
LUNR,2028-01-21,37.0,3.2,756,30,102.49072192382815,496,14.62,2.85,3.45,2026-09-04 14:23:04,🔭LEAPS,HOLD,1
JOBY,2026-09-18,9.0,0.01,3892,30,106.25046875000001,6,6.31,0.0,0.01,2026-09-10 19:57:58,🚬菸屁股,HOLD,1
CRWV,2026-10-16,190.0,0.17,966,30,106.83640332031253,34,89.12,0.15,0.21,2026-09-10 14:01:09,🆕低基期(前日Vol9) 🚬菸屁股,HOLD,1
BRZE,2026-10-16,35.0,0.1,1920,30,63.47692773437501,34,24.265,0.0,0.15,2026-09-10 18:22:23,🚬菸屁股,HOLD,1
SMCI,2028-01-21,100.0,4.42,4342,29,82.64177514648436,496,37.38,4.25,4.55,2026-09-10 19:56:53,🆕低基期(前日Vol4) 🔭LEAPS,HOLD,1
VST,2026-09-18,180.0,0.06,4993,29,58.984785156250005,6,147.05,0.0,0.1,2026-09-10 19:40:39,🚬菸屁股,HOLD,1
SOFI,2026-11-20,26.0,0.21,1838,29,65.23472265625001,69,17.21,0.2,0.21,2026-09-10 19:51:50,🚬菸屁股,HOLD,1
SOFI,2026-11-20,27.0,0.17,2923,29,66.60189648437502,69,17.21,0.16,0.18,2026-09-10 19:27:14,🚬菸屁股,HOLD,1
SOFI,2026-11-20,36.0,0.05,1019,29,79.687703125,69,17.21,0.05,0.06,2026-09-10 17:06:12,🆕低基期(前日Vol5) 🚬菸屁股,HOLD,1
HIMS,2027-01-15,90.0,0.24,4861,29,101.172369140625,125,27.44,0.2,0.3,2026-09-10 16:39:50,🚬菸屁股,HOLD,1
SMR,2027-01-15,17.0,0.72,2950,29,94.43364941406249,125,10.21,0.62,0.78,2026-09-10 19:43:30,🚬菸屁股,HOLD,1
GOOGL,2027-01-15,600.0,0.4,3337,29,44.5318046875,125,332.6,0.34,0.5,2026-09-10 18:51:29,🆕低基期(前日Vol1) 🚬菸屁股,HOLD,1
NVDA,2028-01-21,310.0,19.1,10543,28,45.445797012329095,496,218.36,18.1,20.7,2026-09-10 19:34:59,🔭LEAPS,HOLD,1
TDOC,2027-01-15,7.5,0.45,15160,28,67.57844921875001,125,6.09,0.39,0.63,2026-09-10 19:09:13,🚬菸屁股,HOLD,1
KTOS,2026-09-18,52.5,0.25,786,28,63.67223828125,6,46.98,0.0,0.55,2026-09-10 19:27:31,🆕低基期(前日Vol7) 🚬菸屁股,HOLD,1
ONDS,2028-01-21,17.0,1.33,9671,28,91.84578466796876,496,7.25,1.2,1.46,2026-09-10 19:42:03,🆕低基期(前日Vol3) 🔭LEAPS,HOLD,1
ONDS,2028-01-21,20.0,1.12,14601,28,93.11530322265625,496,7.25,1.0,1.26,2026-09-10 19:13:50,🔭LEAPS,HOLD,1
CRWV,2026-10-16,185.0,0.2,832,28,104.88328808593752,34,89.12,0.18,0.21,2026-09-10 18:35:59,🆕低基期(前日Vol4) 🚬菸屁股,HOLD,1
META,2026-09-18,1320.0,0.01,1393,28,141.40654296875002,6,644.38,0.0,0.03,2026-08-26 17:02:30,🚬菸屁股,HOLD,1
F,2026-12-18,17.0,0.26,3088,28,38.9654541015625,97,13.88,0.21,0.26,2026-09-10 19:32:22,🚬菸屁股,HOLD,1
OKLO,2026-10-16,80.0,0.14,3084,27,109.76607617187501,34,39.88,0.1,0.21,2026-09-10 19:50:24,🚬菸屁股,HOLD,1
IONQ,2026-12-18,140.0,0.1,919,27,106.83640332031253,97,36.84,0.05,0.16,2026-09-10 16:09:12,🆕低基期(前日Vol6) 🚬菸屁股,HOLD,1
IONQ,2028-01-21,55.0,9.66,1948,27,85.08315698242188,496,36.84,9.0,10.35,2026-09-10 19:34:15,🔭LEAPS,HOLD,1
UPST,2028-01-21,80.0,2.02,1119,27,81.00604931640623,496,25.1,1.76,2.43,2026-09-10 14:10:34,🆕低基期(前日Vol2) 🔭LEAPS,HOLD,1
DKNG,2026-10-16,30.0,0.21,2866,27,55.469195312500005,34,23.71,0.15,0.23,2026-09-10 19:41:30,🚬菸屁股,HOLD,1
PATH,2026-09-18,19.0,0.01,1521,27,100.0005,6,13.87,0.01,0.02,2026-09-10 17:08:55,🚬菸屁股,HOLD,1
PATH,2028-01-21,12.0,5.46,4793,27,77.85666674804688,496,13.87,5.3,5.75,2026-09-10 14:53:55,🔭LEAPS,HOLD,1
ZM,2026-09-18,115.0,0.02,2966,27,76.367423828125,6,95.46,0.01,0.48,2026-09-10 18:34:34,🚬菸屁股,HOLD,1
ACHR,2028-01-21,20.0,0.5,7651,27,92.773509765625,496,5.45,0.5,0.65,2026-09-10 19:59:23,🔭LEAPS,HOLD,1
SMR,2028-01-21,30.0,1.78,3434,27,100.3667091064453,496,10.21,1.65,1.93,2026-09-10 17:06:59,🔭LEAPS,HOLD,1
F,2026-12-18,14.85,0.71,15652,27,38.2818671875,97,13.88,0.69,0.72,2026-09-10 19:28:40,🚬菸屁股,HOLD,1
PLTR,2026-09-18,230.0,0.03,6742,26,84.76577734374999,6,165.86,0.03,0.04,2026-09-10 19:35:47,🚬菸屁股,HOLD,1
IONQ,2027-01-15,95.0,0.5,1477,26,89.84385156249999,125,36.84,0.26,0.64,2026-09-10 19:52:28,🆕低基期(前日Vol1) 🚬菸屁股,HOLD,1
DKNG,2026-12-18,40.0,0.21,4121,26,61.133201171875015,97,23.71,0.17,0.24,2026-09-10 17:50:42,🆕低基期(前日Vol3) 🚬菸屁股,HOLD,1
DKNG,2028-01-21,60.0,0.99,4707,26,59.05802661132813,496,23.71,0.81,1.25,2026-09-09 19:59:22,🔭LEAPS,HOLD,1
IREN,2026-11-20,90.0,0.67,3862,26,102.68603344726563,69,43.64,0.58,0.72,2026-09-10 19:07:39,🚬菸屁股,HOLD,1
NBIS,2026-09-18,360.0,0.04,1324,26,126.56286718749999,6,228.11,0.0,0.26,2026-09-10 19:10:53,🚬菸屁股,HOLD,1
NBIS,2026-09-18,400.0,0.01,2899,26,125.78162109374999,6,228.11,0.01,0.03,2026-09-10 19:50:19,🚬菸屁股,HOLD,1
LUNR,2028-01-21,65.0,1.75,804,26,104.07762805175787,496,14.62,1.52,1.99,2026-09-10 19:59:57,🆕低基期(前日Vol5) 🔭LEAPS,HOLD,1
JOBY,2026-09-18,7.5,0.04,2000,26,79.687703125,6,6.31,0.01,0.04,2026-09-10 19:58:50,🚬菸屁股,HOLD,1
PCG,2028-01-21,20.0,1.35,20863,26,49.26808544921876,496,14.03,1.21,1.55,2026-09-10 18:23:46,🔭LEAPS,HOLD,1
TGT,2026-10-16,180.0,0.48,940,26,31.275101318359372,34,155.73,0.37,0.51,2026-09-10 19:06:12,🚬菸屁股,HOLD,1
TGT,2026-10-16,185.0,0.25,752,26,31.104204589843743,34,155.73,0.18,0.26,2026-09-10 19:53:04,🚬菸屁股,HOLD,1
INTC,2028-01-21,50.0,59.05,11382,25,79.45577185058592,496,100.32,57.05,59.8,2026-09-10 19:06:30,🔭LEAPS,HOLD,1
OKLO,2026-12-18,120.0,0.4,3601,25,104.68797656250001,97,39.88,0.14,0.45,2026-09-10 18:12:00,🆕低基期(前日Vol3) 🚬菸屁股,HOLD,1
PATH,2028-01-21,17.0,3.91,2974,25,75.4885263671875,496,13.87,3.6,4.05,2026-09-10 17:47:52,🔭LEAPS,HOLD,1
ZM,2028-01-21,135.0,10.32,892,25,48.816429809570316,496,95.46,10.05,10.55,2026-09-10 19:53:36,🔭LEAPS,HOLD,1
KTOS,2026-09-18,60.0,0.04,3371,25,81.2501875,6,46.98,0.0,0.1,2026-09-10 19:45:41,🆕低基期(前日Vol10) 🚬菸屁股,HOLD,1
JOBY,2027-01-15,22.0,0.05,6565,25,105.85984570312502,125,6.31,0.01,0.11,2026-09-09 17:23:38,🚬菸屁股,HOLD,1
JOBY,2028-01-21,12.0,1.15,9449,25,80.85956640625,496,6.31,1.08,1.2,2026-09-10 18:40:38,🔭LEAPS,HOLD,1
NNE,2027-01-15,30.0,0.85,3815,25,86.4259169921875,125,17.36,0.75,0.9,2026-09-10 19:59:15,🚬菸屁股,HOLD,1
NNE,2027-01-15,65.0,0.15,1252,25,98.437515625,125,17.36,0.0,0.15,2026-08-31 13:30:15,🚬菸屁股,HOLD,1
PCG,2026-09-18,13.5,0.75,9304,25,51.95360546875,6,14.03,0.58,0.9,2026-09-10 19:43:31,🚬菸屁股,HOLD,1
GOOGL,2026-09-18,460.0,0.08,1242,25,80.4689453125,6,332.6,0.01,0.08,2026-09-10 18:46:07,🆕低基期(前日Vol4) 🚬菸屁股,HOLD,1
AMZN,2026-10-16,335.0,0.09,1031,25,36.524072265625,34,251.89,0.06,0.07,2026-09-09 15:31:34,🚬菸屁股,HOLD,1
F,2028-01-21,10.0,4.52,2938,25,41.1138701171875,496,13.88,4.45,4.7,2026-09-10 15:21:09,🆕低基期(前日Vol2) 🔭LEAPS,HOLD,1
SBUX,2026-11-20,125.0,0.35,2668,25,33.74089697265625,69,99.22,0.27,0.43,2026-09-10 19:29:47,🚬菸屁股,HOLD,1
ARM,2026-09-18,340.0,0.17,1557,25,89.3555751953125,6,254.18,0.08,0.3,2026-09-10 18:17:37,🚬菸屁股,HOLD,1
UPST,2026-10-16,32.5,0.34,1327,24,70.312796875,34,25.1,0.3,0.45,2026-09-10 19:30:38,🚬菸屁股,HOLD,1
DKNG,2028-01-21,25.0,6.4,4082,24,63.33044482421876,496,23.71,6.2,6.6,2026-09-09 17:21:42,🔭LEAPS,HOLD,1
DKNG,2028-01-21,40.0,2.69,4220,24,59.88809643554689,496,23.71,2.5,2.98,2026-09-09 19:59:43,🔭LEAPS,HOLD,1
IREN,2026-10-16,75.0,0.27,5041,24,97.6562734375,34,43.64,0.26,0.28,2026-09-10 19:59:56,🚬菸屁股,HOLD,1
NTLA,2027-01-15,20.0,0.49,5788,24,85.1563984375,125,11.93,0.2,1.0,2026-09-10 16:04:57,🆕低基期(前日Vol1) 🚬菸屁股,HOLD,1
SMR,2026-11-20,20.0,0.19,5267,24,105.85984570312502,69,10.21,0.18,0.26,2026-09-10 19:55:27,🚬菸屁股,HOLD,1
VRT,2026-09-18,360.0,0.05,1915,24,95.312546875,6,248.13,0.0,0.11,2026-09-09 17:03:38,🚬菸屁股,HOLD,1
CRWV,2026-10-16,200.0,0.15,3404,24,109.76607617187501,34,89.12,0.13,0.16,2026-09-10 18:43:31,🚬菸屁股,HOLD,1
TGT,2026-09-18,177.5,0.01,2105,24,37.695935546875,6,155.73,0.0,0.03,2026-09-10 16:00:03,🆕低基期(前日Vol7) 🚬菸屁股,HOLD,1
AMZN,2026-10-16,360.0,0.03,907,24,44.434149414062496,34,251.89,0.0,0.07,2026-09-10 18:09:23,🆕低基期(前日Vol1) 🚬菸屁股,HOLD,1
AMZN,2026-10-16,410.0,0.01,3241,24,49.219257812500004,34,251.89,0.0,0.01,2026-09-09 17:17:53,🚬菸屁股,HOLD,1
F,2028-01-21,12.0,3.31,9158,24,40.11290356445312,496,13.88,3.2,3.45,2026-09-10 18:31:48,🔭LEAPS,HOLD,1
AVGO,2026-09-18,560.0,0.01,2528,24,100.78174609374999,6,360.83,0.0,0.06,2026-09-10 14:44:44,🚬菸屁股,HOLD,1
AVGO,2026-09-18,640.0,0.01,1310,24,128.90660546875,6,360.83,0.0,0.07,2026-09-10 18:37:53,🚬菸屁股,HOLD,1
SBUX,2028-01-21,160.0,2.19,865,24,34.09489733886719,496,99.22,1.71,2.78,2026-09-10 17:56:12,🔭LEAPS,HOLD,1
TSLA,2027-01-15,800.0,0.92,12069,23,60.29092443847659,125,363.56,0.81,0.95,2026-09-10 19:13:19,🚬菸屁股,HOLD,1
SMCI,2028-01-21,70.0,7.2,2215,23,82.34880932617187,496,37.38,6.9,7.4,2026-09-10 19:54:50,🔭LEAPS,HOLD,1
OKLO,2026-10-16,95.0,0.08,2313,23,124.60975195312498,34,39.88,0.07,0.15,2026-09-10 19:38:43,🆕低基期(前日Vol1) 🚬菸屁股,HOLD,1
VST,2026-10-16,190.0,0.84,783,23,51.758294921875006,34,147.05,0.37,0.96,2026-09-09 19:52:16,🚬菸屁股,HOLD,1
RKLB,2026-09-18,110.0,0.03,2427,23,140.625296875,6,61.96,0.01,0.02,2026-09-10 18:03:33,🚬菸屁股,HOLD,1
DKNG,2026-09-18,30.0,0.01,15568,23,73.437765625,6,23.71,0.0,0.03,2026-09-10 19:43:52,🚬菸屁股,HOLD,1
HOOD,2026-12-18,290.0,0.38,10251,23,79.9806689453125,97,113.33,0.25,0.37,2026-09-10 15:03:57,🆕低基期(前日Vol5) 🚬菸屁股,HOLD,1
PACB,2027-01-15,4.0,0.05,2032,23,131.25034374999998,125,1.27,0.0,0.1,2026-08-28 19:51:37,🚬菸屁股,HOLD,1
JOBY,2027-01-15,17.0,0.05,6229,23,92.57819921875,125,6.31,0.05,0.1,2026-09-10 16:46:58,🚬菸屁股,HOLD,1
GOOGL,2026-09-18,600.0,0.04,15896,23,115.625421875,6,332.6,0.0,0.01,2026-08-28 19:50:19,🚬菸屁股,HOLD,1
TSLA,2026-12-18,960.0,0.33,5561,22,70.0198310546875,97,363.56,0.12,0.39,2026-09-10 14:58:53,🚬菸屁股,HOLD,1
TSLA,2028-06-16,990.0,17.25,6897,22,55.3913762664795,643,363.56,16.55,17.15,2026-09-10 18:41:31,🔭LEAPS,HOLD,1
VST,2026-09-18,175.0,0.06,8833,22,53.71140039062501,6,147.05,0.03,0.1,2026-09-10 16:59:17,🚬菸屁股,HOLD,1
RKLB,2028-01-21,130.0,10.0,3150,22,80.81684222412109,496,61.96,9.55,10.05,2026-09-10 18:03:22,🔭LEAPS,HOLD,1
IREN,2026-12-18,110.0,0.72,3995,22,103.95555834960942,97,43.64,0.58,0.73,2026-09-10 15:43:42,🚬菸屁股,HOLD,1
OPEN,2028-01-21,12.0,0.39,4297,22,113.0863720703125,496,2.8,0.36,0.55,2026-09-10 18:38:47,🔭LEAPS,HOLD,1
SMR,2027-01-15,18.0,0.59,1009,22,95.312546875,125,10.21,0.56,0.66,2026-09-10 18:32:53,🚬菸屁股,HOLD,1
CRWV,2026-10-16,165.0,0.32,2763,22,97.3633076171875,34,89.12,0.28,0.32,2026-09-10 18:36:48,🚬菸屁股,HOLD,1
PCG,2028-01-21,15.0,2.93,4989,22,50.43994873046876,496,14.03,2.6,3.2,2026-09-10 16:24:56,🆕低基期(前日Vol2) 🔭LEAPS,HOLD,1
RDDT,2027-01-15,420.0,0.49,1768,22,74.85376708984376,125,155.34,0.4,0.53,2026-09-10 19:50:32,🚬菸屁股,HOLD,1
META,2026-10-16,1220.0,0.02,3158,22,65.23472265625001,34,644.38,0.0,0.09,2026-09-10 16:16:03,🆕低基期(前日Vol5) 🚬菸屁股,HOLD,1
OKLO,2027-01-15,260.0,0.19,5267,21,127.73473632812498,125,39.88,0.04,0.26,2026-09-09 16:23:04,🚬菸屁股,HOLD,1
RKLB,2027-01-15,190.0,0.47,1657,21,94.97075341796875,125,61.96,0.35,0.65,2026-09-10 19:42:25,🚬菸屁股,HOLD,1
VRT,2026-09-18,380.0,0.05,1149,21,99.2187578125,6,248.13,0.0,0.05,2026-09-10 16:45:52,🚬菸屁股,HOLD,1
CRWV,2026-10-16,180.0,0.2,8811,21,102.73486132812502,34,89.12,0.18,0.24,2026-09-10 14:22:55,🆕低基期(前日Vol8) 🚬菸屁股,HOLD,1
PCG,2026-12-18,21.0,0.38,8170,21,63.574583007812514,97,14.03,0.25,0.36,2026-09-10 17:58:28,🚬菸屁股,HOLD,1
ORCL,2026-12-18,450.0,0.22,1532,21,80.664255859375,97,152.94,0.05,0.3,2026-09-10 19:26:02,🚬菸屁股,HOLD,1
GOOGL,2026-09-18,430.0,0.06,1853,21,62.890996093750005,6,332.6,0.01,0.05,2026-09-10 17:18:27,🚬菸屁股,HOLD,1
GOOGL,2026-09-18,650.0,0.01,843,21,128.125359375,6,332.6,0.0,0.01,2026-09-04 19:42:53,🚬菸屁股,HOLD,1
GOOGL,2026-09-18,710.0,0.02,2002,21,143.75028125,6,332.6,0.0,0.01,2026-09-04 19:43:54,🚬菸屁股,HOLD,1
GOOGL,2026-12-18,530.0,0.6,3153,21,44.067942138671874,97,332.6,0.29,0.75,2026-09-09 13:58:54,🚬菸屁股,HOLD,1
NVDA,2028-01-21,210.0,50.3,9663,20,48.74166249084473,496,218.36,48.5,52.3,2026-09-10 19:21:22,🔭LEAPS,HOLD,1
IBIT,2026-10-16,105.0,0.01,9437,20,90.62509374999999,34,43.68,0.0,0.01,2026-09-10 14:00:31,🆕低基期(前日Vol5) 🚬菸屁股,HOLD,1
IBIT,2028-01-21,85.0,2.48,14981,20,52.07567456054687,496,43.68,2.37,2.62,2026-09-10 17:48:31,🆕低基期(前日Vol2) 🔭LEAPS,HOLD,1
DKNG,2026-12-18,80.0,0.11,871,20,97.6562734375,97,23.71,0.0,0.12,2026-06-11 13:30:18,🚬菸屁股,HOLD,1
PATH,2026-10-16,19.0,0.1,1314,20,67.57844921875001,34,13.87,0.05,0.16,2026-09-10 19:29:13,🚬菸屁股,HOLD,1
PACB,2027-01-15,2.0,0.15,5403,20,112.5004375,125,1.27,0.05,0.25,2026-09-08 13:59:25,🚬菸屁股,HOLD,1
LUNR,2027-01-15,37.0,0.34,2798,20,98.437515625,125,14.62,0.2,0.41,2026-09-10 16:28:58,🚬菸屁股,HOLD,1
LUNR,2028-01-21,32.0,3.9,1266,20,103.27196801757816,496,14.62,3.4,3.95,2026-09-02 13:53:44,🔭LEAPS,HOLD,1
SMR,2027-01-15,37.0,0.09,956,20,107.03171484375002,125,10.21,0.01,0.17,2026-09-10 19:52:03,🆕低基期(前日Vol2) 🚬菸屁股,HOLD,1
CRWV,2026-09-18,165.0,0.03,1713,20,148.4377578125,6,89.12,0.01,0.03,2026-09-10 18:26:52,🚬菸屁股,HOLD,1
WMT,2026-12-18,145.0,0.22,1979,20,32.66668896484375,97,105.73,0.17,0.26,2026-09-09 13:47:47,🚬菸屁股,HOLD,1
WMT,2026-12-18,155.0,0.1,1035,20,33.44793115234375,97,105.73,0.05,0.11,2026-09-09 16:22:11,🚬菸屁股,HOLD,1
WMT,2028-01-21,150.0,3.86,5304,20,31.64741204833984,496,105.73,3.55,4.25,2026-09-10 19:48:03,🔭LEAPS,HOLD,1
WMT,2028-01-21,180.0,1.44,904,20,32.75213732910156,496,105.73,0.97,1.95,2026-09-10 19:33:57,🆕低基期(前日Vol1) 🔭LEAPS,HOLD,1
GOOGL,2026-09-18,475.0,0.04,2931,20,107.42233789062503,6,332.6,0.01,0.54,2026-09-10 16:23:41,🚬菸屁股,HOLD,1
TGT,2026-09-18,185.0,0.02,808,20,51.17236328125,6,155.73,0.0,0.1,2026-09-09 17:39:30,🚬菸屁股,HOLD,1
F,2026-09-18,19.0,0.03,5410,20,87.500125,6,13.88,0.0,0.01,2026-09-10 13:42:04,🆕低基期(前日Vol5) 🚬菸屁股,HOLD,1
F,2028-01-21,22.0,0.64,2030,20,42.04159521484375,496,13.88,0.59,0.79,2026-09-10 13:53:33,🆕低基期(前日Vol5) 🔭LEAPS,HOLD,1
AVGO,2026-09-18,540.0,0.02,4196,20,102.34423828125001,6,360.83,0.0,0.16,2026-09-10 18:39:22,🚬菸屁股,HOLD,1
AVGO,2026-10-16,520.0,0.13,1481,20,47.852083984375,34,360.83,0.11,0.16,2026-09-10 19:54:10,🚬菸屁股,HOLD,1
GS,2026-09-18,1150.0,0.4,760,20,42.26131958007812,6,1019.77,0.21,0.71,2026-09-10 19:39:01,🚬菸屁股,HOLD,1
BRK-B,2028-01-21,700.0,4.7,847,20,19.51527018737793,496,507.0,4.5,4.8,2026-09-10 15:04:50,🔭LEAPS,HOLD,1
BRK-B,2028-01-21,740.0,2.6,1270,20,19.358106231689455,496,507.0,2.5,2.7,2026-09-10 15:08:50,🔭LEAPS,HOLD,1
NVDA,2028-06-16,350.0,18.93,7673,19,44.695072097778315,643,218.36,18.6,19.45,2026-09-10 19:25:40,🔭LEAPS,HOLD,1
PLTR,2028-01-21,410.0,9.3,9371,19,62.39051281738281,496,165.86,8.9,9.8,2026-09-10 19:39:55,🔭LEAPS,HOLD,1
VST,2026-10-16,200.0,0.26,1782,19,53.613745117187506,34,147.05,0.2,0.57,2026-09-10 19:30:50,🚬菸屁股,HOLD,1
ASTS,2026-11-20,115.0,0.91,1032,19,97.26565234374999,69,59.91,0.92,1.04,2026-09-10 19:58:54,🚬菸屁股,HOLD,1
SOFI,2028-01-21,35.0,1.65,14923,19,64.42906665039064,496,17.21,1.63,1.65,2026-09-10 18:37:50,🔭LEAPS,HOLD,1
DKNG,2027-01-15,75.0,0.08,1010,19,97.26565234374999,125,23.71,0.0,0.39,2026-07-10 16:42:23,🚬菸屁股,HOLD,1
PATH,2028-01-21,25.0,2.33,8095,19,73.38893798828124,496,13.87,1.88,2.55,2026-09-10 18:02:32,🔭LEAPS,HOLD,1
TDOC,2027-01-15,25.0,0.02,2917,19,100.0005,125,6.09,0.0,0.04,2026-08-31 18:22:42,🚬菸屁股,HOLD,1
NTLA,2026-09-18,14.0,0.1,838,19,91.01571484374999,6,11.93,0.0,0.2,2026-09-10 18:53:48,🚬菸屁股,HOLD,1
HIMS,2026-10-16,36.0,0.49,1178,19,72.46121289062499,34,27.44,0.3,0.51,2026-09-10 19:59:32,🚬菸屁股,HOLD,1
HIMS,2026-10-16,55.0,0.05,3219,19,113.28168359375002,34,27.44,0.01,0.25,2026-09-10 18:00:22,🆕低基期(前日Vol1) 🚬菸屁股,HOLD,1
HIMS,2028-01-21,35.0,8.42,2476,19,85.42495043945313,496,27.44,8.1,8.85,2026-09-10 19:28:43,🔭LEAPS,HOLD,1
CRWV,2026-09-18,160.0,0.07,3972,19,137.50031249999998,6,89.12,0.01,0.02,2026-09-08 19:08:36,🚬菸屁股,HOLD,1
RDDT,2026-09-18,250.0,0.01,978,19,98.437515625,6,155.34,0.0,0.01,2026-09-10 18:59:48,🆕低基期(前日Vol1) 🚬菸屁股,HOLD,1
ORCL,2026-12-18,330.0,0.75,3814,19,75.56176782226562,97,152.94,0.48,1.19,2026-09-10 19:24:06,🚬菸屁股,HOLD,1
ORCL,2027-01-15,370.0,0.73,5237,19,75.68383691406251,125,152.94,0.7,1.17,2026-09-10 19:44:31,🚬菸屁股,HOLD,1
META,2026-09-18,1020.0,0.01,1192,19,138.1839028320312,6,644.38,0.0,1.42,2026-09-09 19:55:49,🚬菸屁股,HOLD,1
AVGO,2027-01-15,740.0,0.47,9983,19,52.51512329101562,125,360.83,0.4,0.7,2026-09-10 19:48:49,🚬菸屁股,HOLD,1
IBIT,2027-01-15,120.0,0.07,17938,18,68.7503125,125,43.68,0.05,0.07,2026-09-10 15:30:03,🚬菸屁股,HOLD,1
SMCI,2026-09-18,49.0,0.05,2461,18,90.23447265624999,6,37.38,0.04,0.05,2026-09-10 18:26:05,🚬菸屁股,HOLD,1
RKLB,2028-01-21,145.0,8.31,4999,18,80.57880749511719,496,61.96,8.0,8.65,2026-09-10 19:15:53,🔭LEAPS,HOLD,1
SOFI,2026-11-20,28.0,0.15,1901,18,68.16438085937502,69,17.21,0.14,0.15,2026-09-10 16:57:50,🚬菸屁股,HOLD,1
IREN,2026-10-16,80.0,0.29,4068,18,103.51610742187502,34,43.64,0.2,0.26,2026-09-09 15:24:10,🚬菸屁股,HOLD,1
PATH,2026-11-20,19.0,0.3,5245,18,65.7229990234375,69,13.87,0.28,0.38,2026-09-10 15:01:37,🚬菸屁股,HOLD,1
NTLA,2026-09-18,16.0,0.05,1818,18,130.46909765624997,6,11.93,0.0,0.15,2026-09-08 17:44:48,🚬菸屁股,HOLD,1
ONDS,2026-12-18,14.0,0.18,7927,18,92.187578125,97,7.25,0.15,0.22,2026-09-10 19:48:34,🚬菸屁股,HOLD,1
LUNR,2026-09-18,26.0,0.01,1799,18,143.75028125,6,14.62,0.0,0.01,2026-09-10 17:43:41,🚬菸屁股,HOLD,1
ACHR,2028-01-21,1.0,4.63,1027,18,136.71906640625,496,5.45,4.5,4.85,2026-09-10 19:01:11,🆕低基期(前日Vol3) 🔭LEAPS,HOLD,1
SMR,2027-01-15,55.0,0.05,3432,18,128.90660546875,125,10.21,0.01,0.15,2026-09-10 15:26:03,🚬菸屁股,HOLD,1
TJX,2028-01-21,190.0,2.1,2652,18,27.332269653320306,496,126.42,2.0,2.35,2026-09-10 19:52:06,🔭LEAPS,HOLD,1
ORCL,2027-01-15,460.0,0.31,956,18,80.07832421875,125,152.94,0.15,0.67,2026-09-10 19:30:11,🚬菸屁股,HOLD,1
ORCL,2028-01-21,400.0,8.3,3402,18,65.43003320312502,496,152.94,8.0,9.9,2026-09-10 19:59:19,🔭LEAPS,HOLD,1
GOOGL,2026-09-18,415.0,0.07,4892,18,59.766027343750004,6,332.6,0.05,0.08,2026-09-10 17:48:43,🚬菸屁股,HOLD,1
GOOGL,2026-09-18,420.0,0.06,5811,18,58.5941640625,6,332.6,0.0,0.07,2026-09-10 19:59:28,🚬菸屁股,HOLD,1
GOOGL,2026-10-16,420.0,0.49,7777,18,39.771110107421876,34,332.6,0.46,0.56,2026-09-10 19:51:26,🚬菸屁股,HOLD,1
F,2026-12-18,24.67,0.02,12843,18,50.7817421875,97,13.88,0.01,0.04,2026-09-10 16:39:57,🚬菸屁股,HOLD,1
F,2028-01-21,25.0,0.45,15160,18,42.8716650390625,496,13.88,0.38,0.54,2026-09-10 19:37:42,🔭LEAPS,HOLD,1
BRK-B,2026-10-16,550.0,0.45,1157,18,15.479360839843753,34,507.0,0.36,0.5,2026-09-10 19:26:10,🚬菸屁股,HOLD,1
IBIT,2026-10-16,80.0,0.02,5182,17,75.7814921875,34,43.68,0.02,0.03,2026-09-10 18:03:03,🚬菸屁股,HOLD,1
OKLO,2026-11-20,85.0,0.52,3067,17,102.1489267578125,69,39.88,0.36,0.63,2026-09-10 18:29:48,🚬菸屁股,HOLD,1
OKLO,2028-01-21,80.0,8.31,948,17,90.51523156738281,496,39.88,7.9,9.05,2026-09-10 19:18:58,🔭LEAPS,HOLD,1
RKLB,2027-01-15,210.0,0.39,2389,17,100.73291821289061,125,61.96,0.3,0.66,2026-09-10 19:56:40,🚬菸屁股,HOLD,1
RKLB,2028-01-21,195.0,5.6,1903,17,81.30511859130858,496,61.96,5.15,5.55,2026-09-10 17:20:05,🔭LEAPS,HOLD,1
ASTS,2026-11-20,130.0,0.7,1001,17,100.1958115234375,69,59.91,0.5,0.73,2026-09-10 19:14:31,🚬菸屁股,HOLD,1
SOFI,2028-01-21,23.0,3.4,3799,17,63.9652041015625,496,17.21,3.3,3.45,2026-09-10 18:42:59,🔭LEAPS,HOLD,1
PATH,2026-09-18,18.0,0.02,3457,17,85.937640625,6,13.87,0.01,0.02,2026-09-10 19:54:04,🚬菸屁股,HOLD,1
PATH,2028-01-21,30.0,1.73,6251,17,75.34204345703125,496,13.87,1.7,1.85,2026-09-10 14:37:30,🔭LEAPS,HOLD,1
TDOC,2026-10-16,10.0,0.02,3335,17,84.37515624999999,34,6.09,0.02,0.03,2026-09-10 16:24:27,🚬菸屁股,HOLD,1
HIMS,2028-01-21,40.0,7.2,10037,17,84.79019116210938,496,27.44,7.05,7.65,2026-09-10 18:48:11,🔭LEAPS,HOLD,1
HIMS,2028-01-21,75.0,3.52,1578,17,89.13585083007811,496,27.44,2.87,4.85,2026-09-10 19:29:26,🆕低基期(前日Vol1) 🔭LEAPS,HOLD,1
KTOS,2026-11-20,80.0,0.36,921,17,75.63500927734376,69,46.98,0.05,0.9,2026-09-10 19:10:55,🚬菸屁股,HOLD,1
ONDS,2028-01-21,22.0,1.05,1009,17,99.2187578125,496,7.25,0.95,1.43,2026-09-09 18:40:15,🔭LEAPS,HOLD,1
WMT,2028-01-21,120.0,10.5,4152,17,33.65850033569336,496,105.73,10.0,11.35,2026-09-10 18:55:26,🔭LEAPS,HOLD,1
ORCL,2026-11-20,270.0,0.9,825,17,72.80300634765625,69,152.94,0.74,1.25,2026-09-10 19:58:40,🚬菸屁股,HOLD,1
ORCL,2026-12-18,380.0,0.44,857,17,79.7853583984375,97,152.94,0.17,0.82,2026-09-10 19:34:53,🚬菸屁股,HOLD,1
GOOGL,2026-09-18,425.0,0.09,6057,17,64.648791015625,6,332.6,0.01,0.11,2026-09-10 19:36:32,🚬菸屁股,HOLD,1
GOOGL,2026-10-16,445.0,0.29,1111,17,44.6294599609375,34,332.6,0.22,0.37,2026-09-10 18:31:17,🆕低基期(前日Vol2) 🚬菸屁股,HOLD,1
BRK-B,2026-09-18,535.0,0.07,1235,17,17.090672851562502,6,507.0,0.06,0.08,2026-09-10 19:49:52,🚬菸屁股,HOLD,1
NVDA,2028-06-16,300.0,27.95,5718,16,45.26879682922364,643,218.36,27.55,28.5,2026-09-10 14:43:31,🔭LEAPS,HOLD,1
MSFT,2026-09-18,580.0,0.02,8077,16,42.57869921875,6,492.44,0.0,0.05,2026-09-10 17:17:03,🚬菸屁股,HOLD,1
SHOP,2026-10-16,165.0,0.48,6026,16,50.39112109375,34,126.6,0.22,0.67,2026-09-10 18:39:02,🚬菸屁股,HOLD,1
SMCI,2026-11-20,65.0,0.61,4017,16,85.1563984375,69,37.38,0.51,0.63,2026-09-10 19:06:43,🚬菸屁股,HOLD,1
OKLO,2026-12-18,160.0,0.23,969,16,118.9457177734375,97,39.88,0.1,0.31,2026-09-09 19:52:44,🚬菸屁股,HOLD,1
UPST,2028-01-21,105.0,1.47,1126,16,82.27556787109374,496,25.1,1.0,1.73,2026-09-08 15:10:17,🔭LEAPS,HOLD,1
SOFI,2026-09-18,30.0,0.01,23988,16,137.50031249999998,6,17.21,0.0,0.01,2026-09-10 16:58:07,🚬菸屁股,HOLD,1
PATH,2026-09-18,18.5,0.02,5095,16,114.84417578124999,6,13.87,0.0,0.1,2026-09-10 18:06:14,🚬菸屁股,HOLD,1
PATH,2028-01-21,5.0,9.7,2495,16,91.01571484374999,496,13.87,9.3,9.9,2026-09-10 18:47:18,🔭LEAPS,HOLD,1
PACB,2027-01-15,1.5,0.2,8857,16,127.34411328124997,125,1.27,0.1,0.5,2026-09-10 16:32:54,🚬菸屁股,HOLD,1
HIMS,2027-01-15,105.0,0.18,12531,16,106.93405908203127,125,27.44,0.14,0.25,2026-09-10 19:05:13,🚬菸屁股,HOLD,1
LUNR,2028-01-21,35.0,3.5,907,16,101.95361523437501,496,14.62,2.88,3.7,2026-09-10 15:26:53,🆕低基期(前日Vol5) 🔭LEAPS,HOLD,1
SMR,2028-01-21,18.0,2.75,1527,16,100.14698364257812,496,10.21,2.6,3.3,2026-09-10 18:50:42,🆕低基期(前日Vol3) 🔭LEAPS,HOLD,1
VRT,2026-10-16,380.0,0.4,2749,16,61.23085644531252,34,248.13,0.09,0.46,2026-09-10 17:56:53,🚬菸屁股,HOLD,1
ORCL,2027-01-15,410.0,0.46,1430,16,76.02563037109377,125,152.94,0.15,0.93,2026-09-10 19:44:41,🚬菸屁股,HOLD,1
GOOGL,2026-12-18,500.0,0.86,8533,16,40.955180297851555,97,332.6,0.84,0.93,2026-09-10 16:59:17,🚬菸屁股,HOLD,1
AMZN,2026-12-18,360.0,0.84,20933,16,38.25745336914062,97,251.89,0.79,0.87,2026-09-10 19:53:06,🚬菸屁股,HOLD,1
META,2026-10-16,1240.0,0.02,1718,16,61.328511718750015,34,644.38,0.01,0.02,2026-09-10 17:33:55,🚬菸屁股,HOLD,1
AVGO,2026-09-18,550.0,0.02,853,16,111.5238798828125,6,360.83,0.0,0.25,2026-09-10 18:37:42,🚬菸屁股,HOLD,1
AVGO,2026-11-20,560.0,0.57,829,16,51.03808728027344,69,360.83,0.35,0.97,2026-09-10 17:39:53,🚬菸屁股,HOLD,1
SBUX,2028-01-21,135.0,4.8,2163,16,34.113207702636714,496,99.22,3.65,5.75,2026-09-10 19:00:16,🔭LEAPS,HOLD,1
NVDA,2028-01-21,320.0,17.25,7314,15,43.79481254577637,496,218.36,15.4,17.5,2026-09-10 19:36:57,🔭LEAPS,HOLD,1
GOOG,2026-10-16,420.0,0.44,7289,15,39.96642065429688,34,330.39,0.43,0.5,2026-09-10 19:51:35,🚬菸屁股,HOLD,1
IBIT,2028-01-21,62.0,6.5,5609,15,50.95263891601562,496,43.68,5.05,5.35,2026-09-03 19:05:28,🔭LEAPS,HOLD,1
INTC,2026-09-18,195.0,0.01,8995,15,137.50031249999998,6,100.32,0.0,0.01,2026-09-10 19:42:36,🚬菸屁股,HOLD,1
SMCI,2026-12-18,120.0,0.15,10892,15,101.95361523437501,97,37.38,0.13,0.21,2026-09-10 19:04:10,🚬菸屁股,HOLD,1
SMCI,2028-01-21,80.0,6.06,1258,15,82.3243955078125,496,37.38,5.75,6.25,2026-09-10 19:39:08,🔭LEAPS,HOLD,1
RKLB,2026-12-18,145.0,0.69,6153,15,91.06454248046875,97,61.96,0.5,0.78,2026-09-10 19:37:56,🚬菸屁股,HOLD,1
SOFI,2026-12-18,35.0,0.1,14406,15,72.26590234375,97,17.21,0.1,0.11,2026-09-10 19:50:39,🚬菸屁股,HOLD,1
DKNG,2026-11-20,35.0,0.26,1436,15,61.914443359375014,69,23.71,0.25,0.29,2026-09-10 18:25:55,🚬菸屁股,HOLD,1
TDOC,2028-01-21,15.0,0.53,5906,15,72.6565234375,496,6.09,0.52,0.61,2026-09-10 14:17:13,🔭LEAPS,HOLD,1
NTLA,2027-01-15,42.0,0.05,870,15,139.55108349609375,125,11.93,0.0,0.95,2026-08-26 13:52:14,🚬菸屁股,HOLD,1
HIMS,2026-11-20,45.0,0.69,1094,15,86.0352958984375,69,27.44,0.41,0.78,2026-09-10 19:41:33,🚬菸屁股,HOLD,1
HIMS,2026-11-20,50.0,0.48,1570,15,97.85158398437501,69,27.44,0.42,0.76,2026-09-10 19:48:31,🚬菸屁股,HOLD,1
HIMS,2028-01-21,80.0,3.26,1032,15,86.79212426757812,496,27.44,2.9,3.65,2026-09-10 18:42:08,🆕低基期(前日Vol1) 🔭LEAPS,HOLD,1
ONDS,2026-11-20,14.0,0.11,1249,15,96.0937890625,69,7.25,0.07,0.15,2026-09-10 13:49:13,🆕低基期(前日Vol3) 🚬菸屁股,HOLD,1
LUNR,2027-01-15,35.0,0.42,1401,15,96.48441015625,125,14.62,0.24,0.44,2026-09-10 14:54:29,🚬菸屁股,HOLD,1
ACHR,2026-09-18,5.0,0.55,2052,15,82.81267187499999,6,5.45,0.48,0.6,2026-09-10 19:43:51,🚬菸屁股,HOLD,1
SMR,2027-01-15,30.0,0.18,5717,15,105.2739111328125,125,10.21,0.15,0.2,2026-09-10 18:26:31,🚬菸屁股,HOLD,1
SMR,2028-01-21,5.0,6.64,1939,15,106.54343603515626,496,10.21,6.3,6.95,2026-09-10 19:54:10,🔭LEAPS,HOLD,1
SMR,2028-01-21,40.0,1.3,1136,15,100.39112304687498,496,10.21,1.04,1.51,2026-09-10 18:44:03,🔭LEAPS,HOLD,1
CRWV,2026-09-18,145.0,0.03,1849,15,123.43788281249999,6,89.12,0.01,0.04,2026-09-10 18:46:42,🚬菸屁股,HOLD,1
WMT,2028-01-21,195.0,0.95,3101,15,32.0197227783203,496,105.73,0.81,1.13,2026-09-10 17:56:59,🆕低基期(前日Vol1) 🔭LEAPS,HOLD,1
AMZN,2026-12-18,370.0,0.62,6147,15,38.85559191894531,97,251.89,0.53,0.68,2026-09-10 18:40:57,🆕低基期(前日Vol4) 🚬菸屁股,HOLD,1
AVGO,2026-09-18,570.0,0.01,1709,15,110.9379453125,6,360.83,0.0,0.12,2026-09-10 15:15:46,🚬菸屁股,HOLD,1
NVDA,2026-10-16,350.0,0.02,11307,14,50.7817421875,34,218.36,0.01,0.02,2026-09-10 14:47:06,🚬菸屁股,HOLD,1
MSFT,2028-01-21,600.0,44.89,6975,14,36.168546035766596,496,492.44,45.1,47.25,2026-09-10 19:33:45,🔭LEAPS,HOLD,1
IBIT,2027-01-15,135.0,0.07,12723,14,73.82838671875,125,43.68,0.04,0.06,2026-09-09 18:47:42,🚬菸屁股,HOLD,1
SMCI,2026-12-18,74.0,0.75,2320,14,85.25405371093751,97,37.38,0.54,0.69,2026-09-10 13:59:19,🚬菸屁股,HOLD,1
SMCI,2026-12-18,75.0,0.81,1876,14,86.4259169921875,97,37.38,0.57,0.66,2026-09-10 14:01:37,🚬菸屁股,HOLD,1
OKLO,2026-11-20,95.0,0.33,6288,14,106.83640332031253,69,39.88,0.28,0.45,2026-09-10 18:03:01,🚬菸屁股,HOLD,1
RKLB,2026-10-16,130.0,0.16,2602,14,109.57076464843752,34,61.96,0.09,0.25,2026-09-10 19:54:28,🚬菸屁股,HOLD,1
RKLB,2026-12-18,160.0,0.49,991,14,98.29103271484375,97,61.96,0.21,1.03,2026-09-10 17:57:42,🆕低基期(前日Vol5) 🚬菸屁股,HOLD,1
ASTS,2028-01-21,190.0,6.93,10083,14,89.51426501464843,496,59.91,6.75,7.15,2026-09-10 19:58:38,🔭LEAPS,HOLD,1
SOFI,2028-06-16,25.0,3.8,16583,14,65.43003320312502,643,17.21,3.75,3.85,2026-09-10 19:49:31,🔭LEAPS,HOLD,1
ONDS,2026-10-16,12.0,0.04,2534,14,94.5313046875,34,7.25,0.04,0.06,2026-09-10 16:38:50,🆕低基期(前日Vol4) 🚬菸屁股,HOLD,1
LUNR,2027-01-15,27.0,0.75,1753,14,96.0937890625,125,14.62,0.69,0.87,2026-09-10 19:36:13,🚬菸屁股,HOLD,1
JOBY,2026-10-16,11.0,0.02,5143,14,89.062609375,34,6.31,0.01,0.03,2026-09-10 15:57:22,🚬菸屁股,HOLD,1
ACHR,2028-01-21,25.0,0.41,1797,14,87.500125,496,5.45,0.19,0.46,2026-09-09 16:50:59,🔭LEAPS,HOLD,1
TJX,2026-10-16,145.0,0.14,1566,14,24.317163085937498,34,126.42,0.1,0.15,2026-09-10 19:49:22,🚬菸屁股,HOLD,1
WMT,2028-01-21,145.0,4.65,1617,14,32.41644732666015,496,105.73,3.85,5.25,2026-09-09 18:49:30,🔭LEAPS,HOLD,1
RDDT,2026-09-18,210.0,0.09,1561,14,89.062609375,6,155.34,0.03,0.15,2026-09-10 19:47:50,🚬菸屁股,HOLD,1
ORCL,2027-01-15,380.0,0.6,2404,14,75.4885263671875,125,152.94,0.49,1.1,2026-09-10 19:49:49,🚬菸屁股,HOLD,1
AMZN,2026-09-18,310.0,0.02,9391,14,50.0005,6,251.89,0.01,0.02,2026-09-10 18:34:30,🚬菸屁股,HOLD,1
AVGO,2026-09-18,510.0,0.02,2060,14,96.48441015625,6,360.83,0.0,0.31,2026-09-10 14:02:19,🚬菸屁股,HOLD,1
NDAQ,2026-09-18,95.0,0.61,3001,14,36.20669262695312,6,92.01,0.15,0.85,2026-09-10 18:01:53,🚬菸屁股,HOLD,1
TSLA,2028-01-21,990.0,9.8,6360,13,55.29219512939454,496,363.56,9.5,9.95,2026-09-10 19:35:10,🔭LEAPS,HOLD,1
IBIT,2026-10-16,70.0,0.05,9366,13,64.8441015625,34,43.68,0.03,0.05,2026-09-10 19:31:59,🚬菸屁股,HOLD,1
SMCI,2028-01-21,85.0,6.25,15685,13,82.5074991455078,496,37.38,5.3,5.8,2026-09-09 19:54:13,🔭LEAPS,HOLD,1
SOFI,2028-01-21,10.0,8.93,4736,13,73.5354208984375,496,17.21,8.85,9.0,2026-09-10 18:56:40,🔭LEAPS,HOLD,1
PATH,2026-11-20,20.0,0.25,1374,13,67.18782812500001,69,13.87,0.21,0.3,2026-09-10 16:12:42,🚬菸屁股,HOLD,1
HOOD,2026-10-16,230.0,0.07,3786,13,88.2813671875,34,113.33,0.03,0.12,2026-09-10 16:47:16,🚬菸屁股,HOLD,1
CRSP,2026-10-16,65.0,0.65,1499,13,58.789474609375006,34,52.26,0.5,0.75,2026-09-10 19:52:37,🚬菸屁股,HOLD,1
KTOS,2026-11-20,85.0,0.3,3577,13,78.12521875,69,46.98,0.05,0.7,2026-09-10 19:31:41,🚬菸屁股,HOLD,1
ONDS,2026-12-18,15.0,0.15,7017,13,95.312546875,97,7.25,0.15,0.17,2026-09-10 19:34:47,🚬菸屁股,HOLD,1
ACHR,2027-01-15,25.0,0.04,22918,13,122.266013671875,125,5.45,0.03,0.07,2026-09-09 16:50:59,🚬菸屁股,HOLD,1
CRWV,2026-09-18,135.0,0.05,9854,13,116.40666796875001,6,89.12,0.04,0.06,2026-09-10 16:58:10,🚬菸屁股,HOLD,1
CRWV,2026-09-18,150.0,0.03,10663,13,131.25034374999998,6,89.12,0.02,0.03,2026-09-10 18:51:09,🚬菸屁股,HOLD,1
WMT,2026-09-18,135.0,0.01,11397,13,56.250437500000004,6,105.73,0.0,0.01,2026-09-10 17:35:49,🚬菸屁股,HOLD,1
ORCL,2026-11-20,280.0,0.83,1953,13,75.21997436523438,69,152.94,0.61,1.22,2026-09-10 19:10:32,🚬菸屁股,HOLD,1
GOOGL,2026-09-18,555.0,0.01,2926,13,117.57853710937498,6,332.6,0.0,0.07,2026-09-09 19:41:15,🚬菸屁股,HOLD,1
GOOGL,2026-12-18,575.0,0.23,1018,13,46.02104760742188,97,332.6,0.19,0.4,2026-09-10 16:19:33,🚬菸屁股,HOLD,1
AMZN,2026-09-18,330.0,0.01,6372,13,57.812921875,6,251.89,0.0,0.01,2026-09-10 17:23:52,🚬菸屁股,HOLD,1
AMZN,2026-12-18,400.0,0.24,1983,13,40.11290356445312,97,251.89,0.22,0.31,2026-09-10 19:35:35,🚬菸屁股,HOLD,1
META,2026-09-18,1370.0,0.01,1061,13,148.4377578125,6,644.38,0.0,0.03,2026-09-09 14:45:38,🚬菸屁股,HOLD,1
DDD,2026-09-18,3.0,0.36,1505,13,99.2187578125,6,3.27,0.3,0.4,2026-09-10 16:07:45,🚬菸屁股,HOLD,1
TSLA,2026-11-20,700.0,0.5,17527,12,63.281617187500004,69,363.56,0.39,0.5,2026-09-10 18:57:35,🚬菸屁股,HOLD,1
NVDA,2026-09-18,340.0,0.01,6333,12,90.62509374999999,6,218.36,0.0,0.01,2026-09-08 17:58:15,🚬菸屁股,HOLD,1
NVDA,2028-01-21,280.0,25.6,8619,12,44.290718231201176,496,218.36,25.0,25.65,2026-09-10 19:33:42,🔭LEAPS,HOLD,1
IBIT,2026-12-18,75.0,0.17,10422,12,53.906710937500016,97,43.68,0.15,0.18,2026-09-10 17:52:04,🆕低基期(前日Vol2) 🚬菸屁股,HOLD,1
RKLB,2026-10-16,105.0,0.28,1740,12,91.211025390625,34,61.96,0.25,0.34,2026-09-10 19:15:48,🚬菸屁股,HOLD,1
RKLB,2026-12-18,185.0,0.36,1542,12,100.39112304687498,97,61.96,0.3,0.42,2026-09-10 18:37:33,🆕低基期(前日Vol1) 🚬菸屁股,HOLD,1
IONQ,2026-10-16,70.0,0.11,2846,12,98.82813671875,34,36.84,0.02,0.2,2026-09-10 17:45:46,🚬菸屁股,HOLD,1
IONQ,2026-11-20,140.0,0.12,1599,12,130.66440917968748,69,36.84,0.01,0.27,2026-09-08 14:04:35,🚬菸屁股,HOLD,1
UPST,2028-01-21,40.0,5.5,2341,12,77.18528674316407,496,25.1,4.35,6.1,2026-09-10 17:24:32,🆕低基期(前日Vol4) 🔭LEAPS,HOLD,1
SOFI,2027-01-15,42.0,0.08,6457,12,73.82838671875,125,17.21,0.08,0.09,2026-09-10 15:49:19,🆕低基期(前日Vol4) 🚬菸屁股,HOLD,1
PATH,2026-09-18,20.0,0.01,6943,12,96.87503124999999,6,13.87,0.0,0.01,2026-09-10 19:48:48,🚬菸屁股,HOLD,1
HIMS,2026-09-18,38.0,0.03,1400,12,111.71919140624999,6,27.44,0.02,0.08,2026-09-10 17:45:36,🚬菸屁股,HOLD,1
HIMS,2028-01-21,60.0,4.65,3692,12,86.18177880859376,496,27.44,4.5,5.0,2026-09-10 19:58:45,🔭LEAPS,HOLD,1
JOBY,2028-01-21,17.0,0.69,3942,12,82.81267187499999,496,6.31,0.67,0.81,2026-09-10 19:50:22,🔭LEAPS,HOLD,1
ACHR,2026-10-16,10.0,0.04,6291,12,110.15669921875002,34,5.45,0.03,0.05,2026-09-10 18:14:52,🚬菸屁股,HOLD,1
CRWV,2026-11-20,200.0,0.7,4904,12,98.437515625,69,89.12,0.62,0.77,2026-09-10 18:38:14,🚬菸屁股,HOLD,1
TJX,2026-09-18,190.0,0.03,1330,12,126.36755566406248,6,126.42,0.0,0.3,2026-09-10 19:17:11,🚬菸屁股,HOLD,1
WMT,2028-01-21,130.0,7.55,4583,12,32.959654785156246,496,105.73,7.0,8.35,2026-09-10 19:40:40,🔭LEAPS,HOLD,1
GOOGL,2027-01-15,580.0,0.45,1592,12,43.99470068359375,125,332.6,0.25,0.65,2026-09-10 15:43:12,🆕低基期(前日Vol1) 🚬菸屁股,HOLD,1
AMZN,2026-09-18,315.0,0.03,12537,12,58.00823242187501,6,251.89,0.01,0.06,2026-09-10 19:42:54,🚬菸屁股,HOLD,1
AMZN,2026-11-20,380.0,0.23,3957,12,42.33456103515625,69,251.89,0.21,0.28,2026-09-10 19:35:06,🚬菸屁股,HOLD,1
META,2026-11-20,1200.0,0.33,1220,12,53.906710937500016,69,644.38,0.2,0.38,2026-09-10 14:04:18,🚬菸屁股,HOLD,1
AVGO,2026-10-16,600.0,0.05,1956,12,57.0316796875,34,360.83,0.05,0.06,2026-09-10 17:38:23,🚬菸屁股,HOLD,1
BRZE,2026-09-18,35.0,0.05,1386,12,113.28168359375002,6,24.265,0.0,0.05,2026-09-10 17:46:15,🚬菸屁股,HOLD,1
NVDA,2026-09-18,310.0,0.01,5337,11,73.437765625,6,218.36,0.0,0.01,2026-09-09 15:18:36,🚬菸屁股,HOLD,1
NVDA,2028-01-21,390.0,9.15,8384,11,45.79521978759766,496,218.36,8.5,10.8,2026-09-10 15:46:29,🔭LEAPS,HOLD,1
NVDA,2028-01-21,450.0,5.45,9856,11,43.930614410400395,496,218.36,4.5,5.65,2026-09-10 19:15:37,🆕低基期(前日Vol3) 🔭LEAPS,HOLD,1
AAPL,2026-09-18,390.0,0.01,6023,11,43.35994140625,6,326.57,0.01,0.02,2026-09-09 14:18:10,🚬菸屁股,HOLD,1
IBIT,2026-12-18,70.0,0.22,14017,11,50.48877636718749,97,43.68,0.2,0.22,2026-09-10 18:49:42,🚬菸屁股,HOLD,1
RKLB,2026-09-18,105.0,0.03,1660,11,134.37532812499998,6,61.96,0.01,0.03,2026-09-10 19:54:19,🚬菸屁股,HOLD,1
ASTS,2026-11-20,140.0,0.57,1725,11,101.90478735351563,69,59.91,0.37,0.55,2026-09-10 18:25:57,🆕低基期(前日Vol1) 🚬菸屁股,HOLD,1
ASTS,2028-01-21,180.0,7.25,10835,11,89.31895446777342,496,59.91,7.2,7.7,2026-09-10 19:25:58,🔭LEAPS,HOLD,1
IONQ,2026-12-18,70.0,0.93,2372,11,91.1133701171875,97,36.84,0.75,1.17,2026-09-10 18:57:55,🚬菸屁股,HOLD,1
UPST,2028-01-21,30.0,7.78,1573,11,81.10370458984374,496,25.1,6.85,8.65,2026-09-10 19:25:38,🔭LEAPS,HOLD,1
SOFI,2028-06-16,42.0,1.85,3102,11,66.82162084960939,643,17.21,1.73,1.98,2026-09-10 15:42:44,🔭LEAPS,HOLD,1
DKNG,2026-09-18,28.0,0.11,1061,11,71.87528125,6,23.71,0.03,0.11,2026-09-10 19:42:00,🚬菸屁股,HOLD,1
IREN,2028-01-21,85.0,10.35,7628,11,93.945373046875,496,43.64,9.95,10.6,2026-09-10 19:32:04,🔭LEAPS,HOLD,1
TDOC,2027-01-15,17.5,0.04,3372,11,102.73486132812502,125,6.09,0.01,0.19,2026-09-02 17:31:25,🚬菸屁股,HOLD,1
NTLA,2026-10-16,17.0,0.14,1717,11,83.20329296874999,34,11.93,0.05,0.25,2026-09-10 14:53:42,🚬菸屁股,HOLD,1
NTLA,2028-01-21,42.0,1.19,6059,11,90.86923193359374,496,11.93,1.0,1.5,2026-09-10 16:26:42,🔭LEAPS,HOLD,1
HIMS,2026-09-18,45.0,0.02,1643,11,139.06280468749998,6,27.44,0.0,0.04,2026-09-10 19:26:05,🚬菸屁股,HOLD,1
LUNR,2026-12-18,25.0,0.77,845,11,96.77737597656251,97,14.62,0.6,0.79,2026-09-10 15:44:51,🚬菸屁股,HOLD,1
JOBY,2028-01-21,30.0,0.41,5172,11,95.11723632812499,496,6.31,0.28,0.72,2026-09-10 19:10:28,🔭LEAPS,HOLD,1
ACHR,2027-01-15,13.0,0.1,4826,11,96.0937890625,125,5.45,0.1,0.15,2026-09-10 19:03:31,🚬菸屁股,HOLD,1
SMR,2026-11-20,16.0,0.4,1069,11,95.11723632812499,69,10.21,0.33,0.44,2026-09-10 19:19:34,🚬菸屁股,HOLD,1
NNE,2028-01-21,25.0,5.2,750,11,90.30771411132812,496,17.36,4.8,5.5,2026-09-10 13:53:56,🔭LEAPS,HOLD,1
TJX,2027-01-15,165.0,0.5,1380,11,29.63937548828125,125,126.42,0.45,0.7,2026-09-10 17:51:07,🆕低基期(前日Vol4) 🚬菸屁股,HOLD,1
RDDT,2026-09-18,230.0,0.02,2260,11,84.37515624999999,6,155.34,0.0,0.01,2026-09-10 14:36:21,🚬菸屁股,HOLD,1
GOOGL,2026-10-16,500.0,0.13,4023,11,52.83250292968751,34,332.6,0.1,0.21,2026-09-10 18:23:16,🚬菸屁股,HOLD,1
GOOGL,2026-11-20,530.0,0.41,3547,11,50.56201782226562,69,332.6,0.08,0.62,2026-09-09 18:28:40,🚬菸屁股,HOLD,1
GOOGL,2027-01-15,525.0,0.98,1634,11,42.00497448730469,125,332.6,0.92,1.32,2026-09-10 19:44:50,🚬菸屁股,HOLD,1
META,2026-09-18,790.0,0.08,1606,11,52.4418818359375,6,644.38,0.03,0.12,2026-09-10 18:54:14,🚬菸屁股,HOLD,1
META,2026-09-18,1160.0,0.01,2665,11,109.375453125,6,644.38,0.0,0.01,2026-09-09 16:31:34,🚬菸屁股,HOLD,1
META,2026-09-18,1260.0,0.01,1247,11,132.81283593749998,6,644.38,0.0,0.03,2026-09-09 15:32:56,🚬菸屁股,HOLD,1
SBUX,2026-12-18,140.0,0.26,1968,11,35.8404853515625,97,99.22,0.07,0.28,2026-09-08 19:44:18,🚬菸屁股,HOLD,1
ARM,2026-09-18,380.0,0.2,979,11,118.1644716796875,6,254.18,0.0,0.4,2026-09-10 15:32:49,🚬菸屁股,HOLD,1
TSLA,2026-12-18,800.0,0.65,10683,10,63.84313500976562,97,363.56,0.49,0.56,2026-09-10 19:56:09,🚬菸屁股,HOLD,1
SMCI,2027-01-15,100.0,0.4,4993,10,89.64854101562499,125,37.38,0.32,0.45,2026-09-10 19:40:56,🚬菸屁股,HOLD,1
OKLO,2026-09-18,45.5,0.44,1054,10,81.64080859375,6,39.88,0.34,0.38,2026-09-10 18:22:16,🚬菸屁股,HOLD,1
OKLO,2027-01-15,195.0,0.38,1227,10,117.87150439453123,125,39.88,0.12,0.33,2026-08-21 17:33:23,🚬菸屁股,HOLD,1
RKLB,2028-01-21,160.0,7.23,1887,10,80.49335913085937,496,61.96,7.0,7.3,2026-09-10 19:56:14,🔭LEAPS,HOLD,1
ASTS,2026-09-18,95.0,0.05,3379,10,132.03158984375,6,59.91,0.02,0.07,2026-09-10 19:56:00,🚬菸屁股,HOLD,1
ASTS,2028-01-21,140.0,10.43,1711,10,88.9405402832031,496,59.91,10.0,10.5,2026-09-10 19:57:25,🔭LEAPS,HOLD,1
ASTS,2028-01-21,155.0,9.35,945,10,88.42785009765625,496,59.91,8.5,9.25,2026-09-10 19:27:33,🔭LEAPS,HOLD,1
ASTS,2028-01-21,170.0,8.5,1611,10,89.08702319335937,496,59.91,7.75,8.25,2026-09-10 18:26:40,🔭LEAPS,HOLD,1
IONQ,2026-10-16,100.0,0.05,2279,10,135.15657421875,34,36.84,0.01,0.15,2026-09-08 18:02:48,🚬菸屁股,HOLD,1
IONQ,2026-12-18,105.0,0.22,1756,10,100.58643457031249,97,36.84,0.0,0.54,2026-09-10 16:10:19,🆕低基期(前日Vol3) 🚬菸屁股,HOLD,1
UPST,2027-01-15,55.0,0.36,1259,10,82.08025732421873,125,25.1,0.18,0.6,2026-09-10 13:52:28,🆕低基期(前日Vol1) 🚬菸屁股,HOLD,1
SOFI,2026-11-20,29.0,0.14,1159,10,69.72686523437501,69,17.21,0.12,0.13,2026-09-09 16:09:24,🚬菸屁股,HOLD,1
SOFI,2028-06-16,13.0,7.83,3461,10,70.48369360351563,643,17.21,7.65,7.9,2026-09-10 18:49:36,🔭LEAPS,HOLD,1
DKNG,2028-01-21,65.0,0.77,4698,10,59.08244042968751,496,23.71,0.66,1.0,2026-09-09 13:51:08,🆕低基期(前日Vol2) 🔭LEAPS,HOLD,1
IREN,2026-11-20,110.0,0.43,8115,10,108.00827246093752,69,43.64,0.24,0.4,2026-09-09 16:17:40,🚬菸屁股,HOLD,1
PATH,2027-01-15,37.0,0.04,4808,10,84.37515624999999,125,13.87,0.04,0.16,2026-09-10 15:02:09,🚬菸屁股,HOLD,1
TDOC,2028-01-21,7.0,1.64,1949,10,67.62727685546876,496,6.09,1.47,1.7,2026-09-10 18:41:51,🔭LEAPS,HOLD,1
TDOC,2028-01-21,10.0,0.99,2706,10,68.94562304687501,496,6.09,0.78,1.2,2026-09-10 15:38:47,🔭LEAPS,HOLD,1
PACB,2028-01-21,3.0,0.25,1315,10,133.59408203124997,496,1.27,0.15,0.8,2026-09-10 14:27:11,🔭LEAPS,HOLD,1
HIMS,2026-10-16,38.0,0.35,928,10,75.39087109375001,34,27.44,0.21,0.38,2026-09-10 19:59:37,🚬菸屁股,HOLD,1
ONDS,2028-01-21,3.0,4.8,3624,10,104.19969775390628,496,7.25,4.55,5.35,2026-09-10 19:35:46,🔭LEAPS,HOLD,1
ACHR,2028-01-21,3.0,3.25,4402,10,96.97268652343749,496,5.45,3.15,3.35,2026-09-10 19:19:03,🔭LEAPS,HOLD,1
SMR,2027-01-15,35.0,0.08,3141,10,108.3988955078125,125,10.21,0.02,0.22,2026-09-10 19:13:24,🆕低基期(前日Vol4) 🚬菸屁股,HOLD,1
SMR,2028-01-21,80.0,0.59,808,10,107.27585424804688,496,10.21,0.55,0.75,2026-09-10 19:22:35,🔭LEAPS,HOLD,1
PCG,2027-01-15,25.0,0.3,11271,10,65.7229990234375,125,14.03,0.18,0.25,2026-09-10 14:14:35,🚬菸屁股,HOLD,1
GOOGL,2026-09-18,470.0,0.04,1778,10,85.1563984375,6,332.6,0.01,0.08,2026-09-10 16:25:21,🚬菸屁股,HOLD,1
GOOGL,2026-10-16,430.0,0.4,3641,10,41.16269775390625,34,332.6,0.3,0.43,2026-09-10 18:06:47,🚬菸屁股,HOLD,1
GOOGL,2026-12-18,545.0,0.55,1019,10,46.0942890625,97,332.6,0.35,0.74,2026-09-08 19:18:24,🚬菸屁股,HOLD,1
GOOGL,2026-12-18,600.0,0.22,817,10,46.24077197265626,97,332.6,0.16,0.25,2026-09-10 16:36:15,🚬菸屁股,HOLD,1
AMZN,2026-09-18,350.0,0.01,19082,10,80.4689453125,6,251.89,0.0,0.06,2026-09-08 16:58:03,🚬菸屁股,HOLD,1
AMZN,2026-09-18,390.0,0.01,909,10,108.59420703125,6,251.89,0.0,0.1,2026-09-04 16:24:41,🚬菸屁股,HOLD,1
AMZN,2026-09-18,400.0,0.01,1310,10,93.7500625,6,251.89,0.0,0.01,2026-09-08 16:00:43,🚬菸屁股,HOLD,1
META,2026-09-18,990.0,0.01,1309,10,94.92192578125,6,644.38,0.0,0.07,2026-09-03 14:07:16,🚬菸屁股,HOLD,1
META,2026-09-18,1000.0,0.01,5765,10,84.37515624999999,6,644.38,0.0,0.01,2026-09-10 13:37:57,🚬菸屁股,HOLD,1
F,2026-09-18,22.0,0.01,4949,10,131.25034374999998,6,13.88,0.0,0.02,2026-08-25 19:18:58,🚬菸屁股,HOLD,1
F,2026-12-18,19.0,0.14,1683,10,41.992767578125,97,13.88,0.07,0.12,2026-09-04 15:33:17,🚬菸屁股,HOLD,1
AVGO,2026-09-18,700.0,0.02,2091,10,128.125359375,6,360.83,0.0,0.01,2026-09-08 19:03:44,🚬菸屁股,HOLD,1
DDD,2027-01-15,4.5,0.45,1009,10,98.63282617187501,125,3.27,0.2,0.6,2026-09-04 14:45:38,🚬菸屁股,HOLD,1
TSLA,2028-01-21,800.0,17.13,7572,9,53.8136332550049,496,363.56,16.15,16.7,2026-09-10 17:46:21,🆕低基期(前日Vol2) 🔭LEAPS,HOLD,1
OKLO,2026-11-20,80.0,0.55,3220,9,98.437515625,69,39.88,0.53,0.58,2026-09-10 18:36:01,🚬菸屁股,HOLD,1
OKLO,2027-01-15,105.0,0.75,10723,9,99.2187578125,125,39.88,0.62,0.88,2026-09-10 18:00:38,🚬菸屁股,HOLD,1
OKLO,2028-01-21,60.0,11.02,1941,9,88.25695336914062,496,39.88,10.8,11.15,2026-09-10 19:48:11,🔭LEAPS,HOLD,1
RKLB,2026-10-16,120.0,0.17,4623,9,101.172369140625,34,61.96,0.15,0.22,2026-09-10 19:51:57,🚬菸屁股,HOLD,1
RKLB,2026-12-18,195.0,0.27,942,9,99.9023447265625,97,61.96,0.0,0.54,2026-09-10 18:37:24,🆕低基期(前日Vol2) 🚬菸屁股,HOLD,1
RKLB,2027-01-15,175.0,0.61,2288,9,93.7500625,125,61.96,0.51,0.8,2026-09-10 18:56:58,🚬菸屁股,HOLD,1
UPST,2026-09-18,37.5,0.03,2117,9,118.75040625,6,25.1,0.0,0.04,2026-09-10 19:10:15,🚬菸屁股,HOLD,1
UPST,2028-01-21,35.0,6.7,1356,9,79.95625512695312,496,25.1,5.65,7.3,2026-09-10 16:07:34,🔭LEAPS,HOLD,1
SOFI,2026-12-18,37.0,0.08,2506,9,74.02369726562499,97,17.21,0.08,0.09,2026-09-10 18:17:48,🚬菸屁股,HOLD,1
SOFI,2027-01-15,37.0,0.14,3663,9,70.70341796875,125,17.21,0.13,0.14,2026-09-10 19:51:44,🚬菸屁股,HOLD,1
SOFI,2028-06-16,27.0,3.42,4945,9,65.01499829101563,643,17.21,3.35,3.45,2026-09-10 19:03:07,🔭LEAPS,HOLD,1
IREN,2026-09-18,70.0,0.02,14828,9,126.56286718749999,6,43.64,0.01,0.03,2026-09-10 16:29:24,🚬菸屁股,HOLD,1
IREN,2026-12-18,135.0,0.81,820,9,108.59420703125,97,43.64,0.28,0.44,2026-09-08 15:24:44,🚬菸屁股,HOLD,1
U,2028-01-21,60.0,8.55,1153,9,68.04231176757813,496,42.07,7.85,8.65,2026-09-08 17:32:29,🔭LEAPS,HOLD,1
PATH,2026-11-20,16.0,0.84,5895,9,63.7698935546875,69,13.87,0.75,0.88,2026-09-10 19:44:47,🚬菸屁股,HOLD,1
PATH,2027-01-15,32.0,0.2,4699,9,77.929908203125,125,13.87,0.04,0.22,2026-09-04 15:43:05,🚬菸屁股,HOLD,1
HOOD,2026-10-16,200.0,0.15,1022,9,80.37129003906249,34,113.33,0.12,0.2,2026-09-10 18:29:47,🚬菸屁股,HOLD,1
TDOC,2027-01-15,9.0,0.23,1280,9,72.851833984375,125,6.09,0.18,0.44,2026-09-10 19:56:15,🚬菸屁股,HOLD,1
OPEN,2026-12-18,10.0,0.03,28897,9,126.56286718749999,97,2.8,0.03,0.04,2026-09-09 19:56:27,🚬菸屁股,HOLD,1
HIMS,2028-01-21,50.0,5.79,2307,9,85.65688171386718,496,27.44,5.5,6.2,2026-09-10 19:05:22,🔭LEAPS,HOLD,1
LUNR,2026-12-18,30.0,0.35,1197,9,98.242205078125,97,14.62,0.33,0.43,2026-09-10 19:33:03,🚬菸屁股,HOLD,1
LUNR,2028-01-21,40.0,2.87,3883,9,101.19678308105469,496,14.62,2.75,2.9,2026-09-10 18:49:32,🔭LEAPS,HOLD,1
LUNR,2028-01-21,50.0,2.26,1241,9,103.22314013671878,496,14.62,2.0,2.66,2026-09-10 18:03:18,🆕低基期(前日Vol1) 🔭LEAPS,HOLD,1
ACHR,2028-01-21,2.0,3.9,1027,9,108.00827246093752,496,5.45,3.7,4.1,2026-09-09 18:20:47,🔭LEAPS,HOLD,1
CRWV,2026-09-18,155.0,0.03,2066,9,140.625296875,6,89.12,0.01,0.05,2026-09-09 18:54:57,🚬菸屁股,HOLD,1
PCG,2026-10-16,22.0,0.06,2134,9,94.33599414062499,34,14.03,0.03,0.26,2026-09-10 18:46:24,🆕低基期(前日Vol1) 🚬菸屁股,HOLD,1
PCG,2026-10-16,23.0,0.01,5032,9,78.12521875,34,14.03,0.01,0.06,2026-09-10 18:46:28,🚬菸屁股,HOLD,1
ORCL,2027-01-15,390.0,0.57,1744,9,75.07349145507813,125,152.94,0.29,1.03,2026-09-10 19:50:47,🚬菸屁股,HOLD,1
GOOGL,2026-12-18,610.0,0.17,2574,9,48.92629199218751,97,332.6,0.17,0.33,2026-09-10 17:51:49,🆕低基期(前日Vol1) 🚬菸屁股,HOLD,1
META,2026-09-18,820.0,0.03,1072,9,55.859816406250005,6,644.38,0.02,0.04,2026-09-10 19:21:11,🚬菸屁股,HOLD,1
META,2026-09-18,1010.0,0.01,3344,9,94.5313046875,6,644.38,0.0,0.04,2026-08-31 17:35:21,🚬菸屁股,HOLD,1
AVGO,2026-10-16,490.0,0.28,2967,9,49.07277490234375,34,360.83,0.21,0.57,2026-09-10 19:23:34,🚬菸屁股,HOLD,1
SBUX,2026-09-18,120.0,0.03,4667,9,53.906710937500016,6,99.22,0.0,0.05,2026-09-10 18:12:30,🚬菸屁股,HOLD,1
SBUX,2026-11-20,120.0,0.62,1907,9,36.89027954101562,69,99.22,0.4,1.06,2026-09-10 19:44:15,🚬菸屁股,HOLD,1
SBUX,2027-01-15,130.0,0.99,2327,9,33.76531079101562,125,99.22,0.5,0.91,2026-09-08 14:17:07,🚬菸屁股,HOLD,1
SBUX,2027-01-15,135.0,0.92,4837,9,33.20379296875,125,99.22,0.26,0.56,2026-09-02 19:55:05,🚬菸屁股,HOLD,1
BRK-B,2028-01-21,640.0,11.9,2041,9,20.78936633300781,496,507.0,10.9,12.4,2026-09-10 14:45:25,🔭LEAPS,HOLD,1
DDD,2027-01-15,5.5,0.23,1002,9,95.70316796875,125,3.27,0.15,0.3,2026-09-10 14:28:36,🆕低基期(前日Vol1) 🚬菸屁股,HOLD,1
DDD,2028-01-21,5.0,1.2,4984,9,107.61764941406251,496,3.27,0.9,1.45,2026-09-09 17:32:46,🔭LEAPS,HOLD,1
NVDA,2026-12-18,420.0,0.07,5504,8,47.7544287109375,97,218.36,0.05,0.1,2026-09-10 16:34:16,🚬菸屁股,HOLD,1
VST,2026-11-20,240.0,0.43,2002,8,59.22892333984377,69,147.05,0.2,0.95,2026-09-10 14:41:27,🚬菸屁股,HOLD,1
RKLB,2026-10-16,110.0,0.24,4269,8,94.43364941406249,34,61.96,0.2,0.29,2026-09-10 19:15:48,🚬菸屁股,HOLD,1
RKLB,2026-10-16,125.0,0.13,5523,8,100.39112304687498,34,61.96,0.08,0.17,2026-09-10 19:54:12,🚬菸屁股,HOLD,1
IONQ,2026-09-18,44.5,0.18,2987,8,95.312546875,6,36.84,0.09,0.39,2026-09-10 19:05:56,🚬菸屁股,HOLD,1
SOFI,2028-06-16,10.0,9.52,9024,8,75.04907763671875,643,17.21,9.35,9.6,2026-09-10 17:15:50,🔭LEAPS,HOLD,1
DKNG,2026-12-18,60.0,0.02,1047,8,82.81267187499999,97,23.71,0.01,0.17,2026-08-31 19:02:05,🚬菸屁股,HOLD,1
IREN,2026-09-18,75.0,0.01,7312,8,139.06280468749998,6,43.64,0.01,0.02,2026-09-10 15:18:49,🚬菸屁股,HOLD,1
IREN,2028-06-16,110.0,7.12,6411,8,93.2739930419922,643,43.64,9.75,10.6,2026-09-01 16:20:42,🔭LEAPS,HOLD,1
PATH,2027-01-15,30.0,0.19,22902,8,75.39087109375001,125,13.87,0.1,0.2,2026-09-10 19:06:05,🚬菸屁股,HOLD,1
ROKU,2026-09-18,160.0,0.2,1202,8,24.56130126953125,6,154.12,0.1,0.45,2026-09-10 19:45:59,🚬菸屁股,HOLD,1
HOOD,2026-09-18,210.0,0.03,782,8,145.3127734375,6,113.33,0.0,0.04,2026-09-10 13:30:02,🚬菸屁股,HOLD,1
TDOC,2026-10-16,9.0,0.04,2158,8,80.4689453125,34,6.09,0.03,0.07,2026-09-08 17:30:18,🚬菸屁股,HOLD,1
OPEN,2026-10-16,7.0,0.02,2800,8,143.75028125,34,2.8,0.0,0.03,2026-09-10 18:39:28,🆕低基期(前日Vol1) 🚬菸屁股,HOLD,1
OPEN,2027-01-15,9.0,0.06,5156,8,139.06280468749998,125,2.8,0.05,0.22,2026-09-10 14:07:43,🚬菸屁股,HOLD,1
NTLA,2026-09-18,17.0,0.05,1899,8,121.875390625,6,11.93,0.0,0.05,2026-09-08 16:10:44,🚬菸屁股,HOLD,1
ONDS,2026-09-18,12.0,0.01,18394,8,137.50031249999998,6,7.25,0.0,0.01,2026-09-10 19:08:54,🚬菸屁股,HOLD,1
LUNR,2027-01-15,30.0,0.57,2372,8,98.04689453125,125,14.62,0.55,0.66,2026-09-10 19:01:14,🚬菸屁股,HOLD,1
LUNR,2027-01-15,32.0,0.57,3266,8,96.3867548828125,125,14.62,0.37,0.55,2026-09-10 14:52:01,🚬菸屁股,HOLD,1
LUNR,2028-01-21,20.0,5.6,2758,8,103.00341467285156,496,14.62,5.15,5.6,2026-09-10 17:38:10,🔭LEAPS,HOLD,1
SMR,2027-01-15,22.0,0.45,2931,8,101.07471337890624,125,10.21,0.36,0.45,2026-09-10 19:17:03,🚬菸屁股,HOLD,1
SMR,2027-01-15,47.0,0.07,1040,8,133.98470507812496,125,10.21,0.01,0.32,2026-09-09 19:53:59,🚬菸屁股,HOLD,1
SMR,2028-01-21,8.0,4.95,5471,8,97.94923925781251,496,10.21,5.0,5.25,2026-09-10 19:15:28,🔭LEAPS,HOLD,1
NNE,2027-01-15,50.0,0.15,2829,8,96.48441015625,125,17.36,0.15,0.25,2026-09-10 13:42:11,🚬菸屁股,HOLD,1
ORCL,2027-01-15,490.0,0.33,1275,8,83.93570751953125,125,152.94,0.0,0.83,2026-09-10 19:32:56,🚬菸屁股,HOLD,1
GOOGL,2026-09-18,590.0,0.01,1974,8,117.1879140625,6,332.6,0.0,0.02,2026-09-09 13:57:23,🚬菸屁股,HOLD,1
GOOGL,2026-10-16,425.0,0.43,5079,8,40.06407592773438,34,332.6,0.22,0.46,2026-09-10 18:57:07,🚬菸屁股,HOLD,1
GOOGL,2028-01-21,650.0,6.8,23205,8,39.66735137939453,496,332.6,6.15,7.0,2026-09-10 19:53:36,🔭LEAPS,HOLD,1
AMZN,2026-12-18,380.0,0.5,2416,8,38.7701435546875,97,251.89,0.38,0.48,2026-09-10 16:13:51,🆕低基期(前日Vol2) 🚬菸屁股,HOLD,1
META,2026-10-16,1160.0,0.04,1878,8,57.0316796875,34,644.38,0.0,0.04,2026-09-10 16:24:53,🆕低基期(前日Vol2) 🚬菸屁股,HOLD,1
F,2027-01-15,25.0,0.06,18505,8,53.51608984375,125,13.88,0.01,0.07,2026-09-04 19:27:19,🚬菸屁股,HOLD,1
DDD,2027-01-15,5.0,0.3,1587,8,93.35944140625,125,3.27,0.2,0.35,2026-09-09 14:20:51,🚬菸屁股,HOLD,1
NDAQ,2026-12-18,120.0,0.85,1133,8,34.76627734375,97,92.01,0.05,0.6,2026-08-31 13:34:32,🚬菸屁股,HOLD,1
GOOG,2026-09-18,460.0,0.03,5787,7,92.2852333984375,6,330.39,0.0,0.27,2026-09-10 19:46:38,🚬菸屁股,HOLD,1
IBIT,2027-01-15,110.0,0.1,29579,7,66.60189648437502,125,43.68,0.07,0.1,2026-09-10 17:27:43,🚬菸屁股,HOLD,1
IBIT,2028-01-21,55.0,6.9,6106,7,51.39208764648438,496,43.68,6.65,6.95,2026-09-10 14:08:07,🔭LEAPS,HOLD,1
IBIT,2028-06-16,45.0,12.3,5237,7,55.896437133789064,643,43.68,11.8,12.6,2026-09-10 18:02:01,🔭LEAPS,HOLD,1
OKLO,2026-10-16,90.0,0.1,1460,7,120.3128984375,34,39.88,0.05,0.2,2026-09-10 18:43:39,🚬菸屁股,HOLD,1
OKLO,2028-01-21,260.0,2.47,2548,7,99.99389654541015,496,39.88,2.07,2.75,2026-09-10 19:47:51,🔭LEAPS,HOLD,1
RKLB,2026-10-16,115.0,0.2,4094,7,98.437515625,34,61.96,0.15,0.29,2026-09-10 17:40:45,🚬菸屁股,HOLD,1
UPST,2026-12-18,40.0,0.82,1886,7,78.2228740234375,97,25.1,0.56,1.04,2026-09-10 18:13:12,🚬菸屁股,HOLD,1
DKNG,2026-12-18,38.0,0.31,1101,7,60.644924804687506,97,23.71,0.24,0.32,2026-09-10 13:30:04,🚬菸屁股,HOLD,1
IREN,2028-01-21,95.0,9.31,1200,7,94.12847668457032,496,43.64,8.8,9.55,2026-09-10 17:32:20,🆕低基期(前日Vol1) 🔭LEAPS,HOLD,1
IREN,2028-01-21,105.0,9.3,1957,7,94.06744213867188,496,43.64,7.8,8.6,2026-09-09 18:17:45,🔭LEAPS,HOLD,1
NBIS,2026-09-18,380.0,0.04,13290,7,117.96916015624998,6,228.11,0.02,0.03,2026-09-10 14:35:30,🚬菸屁股,HOLD,1
U,2028-01-21,65.0,7.65,2578,7,68.05451867675782,496,42.07,6.95,7.7,2026-09-09 19:50:55,🔭LEAPS,HOLD,1
PATH,2028-01-21,22.0,2.87,2200,7,74.85376708984376,496,13.87,2.51,3.0,2026-09-10 16:58:50,🔭LEAPS,HOLD,1
TDOC,2026-09-18,7.0,0.01,1336,7,64.062859375,6,6.09,0.01,0.03,2026-09-10 19:39:50,🆕低基期(前日Vol1) 🚬菸屁股,HOLD,1
XYZ,2026-09-18,110.0,0.02,1096,7,96.0937890625,6,79.07,0.0,0.09,2026-09-09 16:54:13,🚬菸屁股,HOLD,1
XYZ,2026-12-18,145.0,0.15,1401,7,56.10395458984375,97,79.07,0.09,0.34,2026-09-09 19:55:54,🚬菸屁股,HOLD,1
OPEN,2026-10-16,6.0,0.02,2073,7,125.00037499999999,34,2.8,0.01,0.02,2026-09-10 16:27:23,🚬菸屁股,HOLD,1
OPEN,2026-12-18,8.0,0.07,2142,7,120.3128984375,97,2.8,0.05,0.06,2026-09-10 18:35:48,🚬菸屁股,HOLD,1
OPEN,2028-01-21,17.0,3.4,861,7,25.00075,496,2.8,0.0,0.0,2025-11-17 15:54:10,🔭LEAPS,HOLD,1
HIMS,2028-01-21,30.0,9.8,6965,7,85.10757080078125,496,27.44,9.35,10.05,2026-09-10 16:36:10,🔭LEAPS,HOLD,1
ONDS,2026-12-18,17.0,0.12,3116,7,106.25046875000001,97,7.25,0.09,0.23,2026-09-10 15:16:25,🆕低基期(前日Vol1) 🚬菸屁股,HOLD,1
ACHR,2026-10-16,12.0,0.02,8432,7,137.50031249999998,34,5.45,0.01,0.08,2026-09-10 17:37:19,🚬菸屁股,HOLD,1
SMR,2027-01-15,45.0,0.09,1557,7,119.141029296875,125,10.21,0.04,0.14,2026-09-09 19:17:09,🚬菸屁股,HOLD,1
VRT,2026-09-18,370.0,0.21,1342,7,117.96916015624998,6,248.13,0.0,0.4,2026-09-09 18:34:22,🚬菸屁股,HOLD,1
PCG,2028-01-21,10.0,5.28,2290,7,53.12546875,496,14.03,5.1,5.6,2026-09-10 19:56:54,🔭LEAPS,HOLD,1
TJX,2026-09-18,145.0,0.05,910,7,43.35994140625,6,126.42,0.0,0.05,2026-09-10 19:35:34,🚬菸屁股,HOLD,1
TJX,2026-10-16,160.0,0.1,2321,7,32.422550781249996,34,126.42,0.0,0.05,2026-09-10 16:56:51,🆕低基期(前日Vol1) 🚬菸屁股,HOLD,1
ORCL,2027-01-15,500.0,0.2,6507,7,78.12521875,125,152.94,0.1,0.3,2026-09-10 19:32:16,🚬菸屁股,HOLD,1
GOOGL,2026-09-18,570.0,0.01,1360,7,126.95349023437497,6,332.6,0.0,0.1,2026-09-09 15:32:52,🚬菸屁股,HOLD,1
GOOGL,2028-01-21,600.0,9.25,7841,7,40.492843612670896,496,332.6,8.15,10.55,2026-09-10 17:23:47,🔭LEAPS,HOLD,1
META,2026-09-18,1130.0,0.01,908,7,109.375453125,6,644.38,0.0,0.02,2026-09-09 19:54:49,🚬菸屁股,HOLD,1
F,2026-12-18,20.0,0.07,1240,7,42.9693203125,97,13.88,0.03,0.08,2026-09-10 18:11:45,🚬菸屁股,HOLD,1
AVGO,2026-10-16,650.0,0.08,758,7,67.18782812500001,34,360.83,0.02,0.14,2026-09-10 17:38:03,🚬菸屁股,HOLD,1
ARM,2026-09-18,360.0,0.02,1228,7,109.08248583984377,6,254.18,0.0,0.54,2026-09-10 16:04:21,🚬菸屁股,HOLD,1
NDAQ,2026-09-18,97.5,0.38,755,7,35.8404853515625,6,92.01,0.1,0.35,2026-09-10 15:37:34,🚬菸屁股,HOLD,1
PLTR,2026-12-18,410.0,0.12,7536,6,67.28548339843752,97,165.86,0.06,0.22,2026-09-10 14:27:24,🚬菸屁股,HOLD,1
PLTR,2028-01-21,210.0,34.16,9141,6,62.02735726928713,496,165.86,33.15,34.35,2026-09-10 19:25:27,🔭LEAPS,HOLD,1
OKLO,2027-01-15,130.0,0.42,1320,6,102.34423828125001,125,39.88,0.22,0.58,2026-09-01 15:27:06,🚬菸屁股,HOLD,1
VST,2027-01-15,290.0,0.54,3345,6,54.68795312500001,125,147.05,0.26,0.58,2026-09-10 14:54:41,🆕低基期(前日Vol2) 🚬菸屁股,HOLD,1
RKLB,2028-01-21,180.0,6.3,1078,6,81.05487695312499,496,61.96,5.65,6.45,2026-09-10 17:09:35,🔭LEAPS,HOLD,1
ASTS,2026-10-16,190.0,0.1,2389,6,136.71906640625,34,59.91,0.0,0.1,2026-09-08 15:25:36,🚬菸屁股,HOLD,1
IONQ,2026-10-16,90.0,0.05,1115,6,117.96916015624998,34,36.84,0.0,0.11,2026-09-10 17:38:16,🆕低基期(前日Vol1) 🚬菸屁股,HOLD,1
IONQ,2027-01-15,85.0,0.81,970,6,89.50205810546873,125,36.84,0.45,0.94,2026-09-10 15:21:17,🚬菸屁股,HOLD,1
IONQ,2028-01-21,80.0,6.2,1896,6,84.63150134277342,496,36.84,6.0,6.35,2026-09-10 19:36:22,🔭LEAPS,HOLD,1
IONQ,2028-01-21,90.0,5.75,2095,6,84.64370825195311,496,36.84,5.0,5.55,2026-09-10 19:28:03,🔭LEAPS,HOLD,1
IONQ,2028-01-21,140.0,2.89,1092,6,86.49915844726561,496,36.84,2.63,3.15,2026-09-10 19:58:38,🔭LEAPS,HOLD,1
UPST,2027-01-15,70.0,0.18,1691,6,94.6289599609375,125,25.1,0.1,0.49,2026-09-10 19:08:28,🚬菸屁股,HOLD,1
UPST,2028-01-21,42.5,7.1,2133,6,79.73653076171875,496,25.1,4.65,5.6,2026-08-31 16:37:50,🔭LEAPS,HOLD,1
SOFI,2026-12-18,32.0,0.15,5391,6,67.773759765625,97,17.21,0.11,0.15,2026-09-10 17:56:27,🚬菸屁股,HOLD,1
SOFI,2028-06-16,37.0,2.16,4673,6,66.16244775390626,643,17.21,2.15,2.29,2026-09-10 14:39:34,🔭LEAPS,HOLD,1
DKNG,2026-09-18,35.0,0.01,6078,6,115.625421875,6,23.71,0.0,0.04,2026-09-10 19:25:05,🆕低基期(前日Vol1) 🚬菸屁股,HOLD,1
NBIS,2026-09-18,390.0,0.02,895,6,131.25034374999998,6,228.11,0.0,0.1,2026-09-10 14:34:28,🚬菸屁股,HOLD,1
ROKU,2026-12-18,175.0,0.83,1266,6,20.948056152343746,97,154.12,0.75,1.08,2026-09-10 19:53:22,🚬菸屁股,HOLD,1
ZM,2026-09-18,110.0,0.01,6978,6,55.1762294921875,6,95.46,0.0,0.14,2026-09-10 19:34:39,🚬菸屁股,HOLD,1
ZM,2028-01-21,140.0,8.95,2727,6,49.149068084716795,496,95.46,8.5,9.8,2026-09-10 18:10:26,🔭LEAPS,HOLD,1
XYZ,2027-01-15,135.0,0.42,1106,6,50.586431640624994,125,79.07,0.29,0.6,2026-09-09 18:42:17,🚬菸屁股,HOLD,1
OPEN,2026-11-20,10.0,0.04,8207,6,142.1877890625,69,2.8,0.02,0.03,2026-09-09 14:11:21,🚬菸屁股,HOLD,1
NTLA,2028-01-21,12.5,4.55,1080,6,71.48466015625,496,11.93,2.05,5.3,2026-09-10 18:44:32,🔭LEAPS,HOLD,1
PACB,2028-01-21,5.0,0.19,1346,6,108.59420703125,496,1.27,0.05,0.35,2026-09-09 13:47:12,🔭LEAPS,HOLD,1
HIMS,2026-12-18,60.0,0.45,2950,6,93.8477177734375,97,27.44,0.4,0.5,2026-09-10 15:53:30,🚬菸屁股,HOLD,1
HIMS,2028-01-21,28.0,10.3,897,6,85.0587431640625,496,27.44,9.65,10.9,2026-09-10 13:44:45,🆕低基期(前日Vol2) 🔭LEAPS,HOLD,1
ONDS,2026-09-18,10.5,0.04,1716,6,128.125359375,6,7.25,0.0,0.03,2026-09-10 17:03:31,🚬菸屁股,HOLD,1
ONDS,2026-11-20,13.0,0.15,920,6,98.82813671875,69,7.25,0.11,0.24,2026-09-10 17:50:57,🚬菸屁股,HOLD,1
ONDS,2026-12-18,16.0,0.15,1239,6,99.60937890625,97,7.25,0.07,0.23,2026-09-10 19:40:57,🚬菸屁股,HOLD,1
ONDS,2027-01-15,25.0,0.06,16439,6,95.312546875,125,7.25,0.01,0.06,2026-09-10 16:04:06,🚬菸屁股,HOLD,1
ONDS,2028-01-21,25.0,0.9,7544,6,97.75392871093752,496,7.25,0.74,1.22,2026-09-09 18:50:40,🔭LEAPS,HOLD,1
LUNR,2028-01-21,12.0,7.77,769,6,106.8608172607422,496,14.62,7.2,8.0,2026-09-10 16:29:15,🔭LEAPS,HOLD,1
LUNR,2028-01-21,30.0,3.85,994,6,102.97900073242188,496,14.62,3.55,4.2,2026-09-10 19:04:29,🔭LEAPS,HOLD,1
SMR,2027-01-15,32.0,0.14,1116,6,115.234798828125,125,10.21,0.06,0.39,2026-09-10 19:09:58,🆕低基期(前日Vol1) 🚬菸屁股,HOLD,1
SMR,2027-01-15,40.0,0.11,7517,6,118.55509472656249,125,10.21,0.06,0.2,2026-09-10 18:21:44,🚬菸屁股,HOLD,1
SMR,2027-01-15,60.0,0.03,923,6,125.78162109374999,125,10.21,0.0,0.1,2026-09-10 19:14:54,🚬菸屁股,HOLD,1
SMR,2028-01-21,35.0,1.44,1057,6,100.0005,496,10.21,1.22,1.75,2026-09-10 19:45:14,🔭LEAPS,HOLD,1
NNE,2027-01-15,35.0,0.5,902,6,88.67198828125,125,17.36,0.45,0.6,2026-09-10 17:52:31,🚬菸屁股,HOLD,1
ORCL,2026-11-20,290.0,0.7,863,6,74.95142236328125,69,152.94,0.32,1.07,2026-09-10 18:58:00,🚬菸屁股,HOLD,1
ORCL,2027-01-15,440.0,0.41,880,6,74.5119736328125,125,152.94,0.2,0.4,2026-09-10 19:09:03,🚬菸屁股,HOLD,1
GOOGL,2026-09-18,495.0,0.03,1908,6,91.4063359375,6,332.6,0.0,0.05,2026-09-10 14:20:13,🚬菸屁股,HOLD,1
GOOGL,2026-09-18,530.0,0.01,2611,6,93.7500625,6,332.6,0.0,0.01,2026-09-10 17:27:16,🆕低基期(前日Vol2) 🚬菸屁股,HOLD,1
GOOGL,2026-10-16,600.0,0.05,1417,6,64.8441015625,34,332.6,0.0,0.1,2026-09-10 14:55:45,🚬菸屁股,HOLD,1
GOOGL,2028-01-21,590.0,10.53,1008,6,40.427231475830084,496,332.6,8.8,11.2,2026-09-08 18:40:57,🔭LEAPS,HOLD,1
GOOGL,2028-01-21,720.0,4.35,1467,6,42.535975036621096,496,332.6,3.3,6.15,2026-09-02 15:49:11,🔭LEAPS,HOLD,1
GOOGL,2028-06-16,650.0,11.32,4603,6,40.7232490234375,643,332.6,11.0,12.75,2026-09-10 18:30:53,🆕低基期(前日Vol2) 🔭LEAPS,HOLD,1
AMZN,2026-10-16,350.0,0.04,3428,6,39.8443515625,34,251.89,0.03,0.05,2026-09-10 19:46:08,🚬菸屁股,HOLD,1
F,2026-12-18,25.0,0.03,781,6,51.562984375,97,13.88,0.0,0.05,2026-09-02 17:43:40,🚬菸屁股,HOLD,1
SBUX,2027-01-15,150.0,0.16,1857,6,34.13151806640625,125,99.22,0.13,0.18,2026-09-10 14:15:14,🚬菸屁股,HOLD,1
SBUX,2028-01-21,130.0,5.8,1409,6,33.289241333007816,496,99.22,4.55,6.3,2026-09-10 17:35:35,🔭LEAPS,HOLD,1
BRK-B,2026-09-18,560.0,0.05,1067,6,25.781992187500002,6,507.0,0.01,0.03,2026-09-09 16:20:47,🚬菸屁股,HOLD,1
NVDA,2026-12-18,450.0,0.05,5048,5,50.19581054687501,97,218.36,0.03,0.07,2026-09-10 17:26:15,🚬菸屁股,HOLD,1
NVDA,2027-01-15,420.0,0.17,11177,5,45.6060126953125,125,218.36,0.14,0.2,2026-09-10 19:08:58,🚬菸屁股,HOLD,1
NVDA,2028-01-21,360.0,13.03,7637,5,43.63459686279296,496,218.36,11.45,12.1,2026-09-09 19:57:22,🔭LEAPS,HOLD,1
MSTR,2026-12-18,500.0,0.37,7472,5,107.81296093750001,97,128.56,0.3,0.41,2026-09-10 15:36:55,🚬菸屁股,HOLD,1
IBIT,2028-06-16,65.0,6.75,6581,5,54.340056213378915,643,43.68,6.55,7.05,2026-09-10 19:45:04,🔭LEAPS,HOLD,1
INTC,2028-01-21,65.0,48.42,7343,5,75.24438818359374,496,100.32,48.3,49.35,2026-09-10 14:14:49,🔭LEAPS,HOLD,1
SMCI,2026-12-18,96.0,0.38,997,5,91.992267578125,97,37.38,0.18,0.34,2026-09-04 14:01:28,🚬菸屁股,HOLD,1
OKLO,2026-11-20,100.0,0.47,1754,5,108.00827246093752,69,39.88,0.22,0.38,2026-09-09 14:24:42,🚬菸屁股,HOLD,1
OKLO,2027-01-15,125.0,0.52,3400,5,104.59032080078129,125,39.88,0.33,0.72,2026-09-10 19:09:21,🚬菸屁股,HOLD,1
OKLO,2028-01-21,75.0,9.0,850,5,88.9405402832031,496,39.88,8.6,9.0,2026-09-10 18:10:17,🔭LEAPS,HOLD,1
RKLB,2026-10-16,140.0,0.12,1015,5,113.47699511718751,34,61.96,0.08,0.17,2026-09-10 16:16:25,🆕低基期(前日Vol1) 🚬菸屁股,HOLD,1
RKLB,2026-12-18,165.0,0.42,767,5,97.070341796875,97,61.96,0.25,0.75,2026-09-10 18:36:38,🚬菸屁股,HOLD,1
RKLB,2027-01-15,185.0,0.58,897,5,95.36137451171875,125,61.96,0.5,0.65,2026-09-10 18:47:31,🚬菸屁股,HOLD,1
ASTS,2027-01-15,175.0,0.87,872,5,98.87696435546876,125,59.91,0.65,0.85,2026-09-03 17:15:55,🚬菸屁股,HOLD,1
IONQ,2027-01-15,120.0,0.34,3919,5,99.7070341796875,125,36.84,0.25,0.38,2026-09-10 16:17:18,🚬菸屁股,HOLD,1
UPST,2026-10-16,45.0,0.04,1451,5,88.67198828125,34,25.1,0.0,0.12,2026-09-10 16:46:20,🆕低基期(前日Vol1) 🚬菸屁股,HOLD,1
UPST,2028-01-21,45.0,5.15,777,5,77.00218310546876,496,25.1,4.0,4.9,2026-09-09 18:00:37,🔭LEAPS,HOLD,1
SOFI,2028-06-16,8.0,10.85,3093,5,79.9806689453125,643,17.21,10.65,10.95,2026-09-10 14:51:16,🔭LEAPS,HOLD,1
DKNG,2027-01-15,60.0,0.06,8926,5,70.70341796875,125,23.71,0.01,0.13,2026-08-17 15:22:00,🚬菸屁股,HOLD,1
DKNG,2028-01-21,30.0,4.5,4521,5,61.304097900390644,496,23.71,4.5,5.0,2026-09-10 13:32:29,🔭LEAPS,HOLD,1
DKNG,2028-01-21,42.5,2.49,1674,5,59.399820068359375,496,23.71,2.13,2.62,2026-08-27 17:42:38,🔭LEAPS,HOLD,1
IREN,2027-01-15,130.0,0.7,1243,5,103.71141894531253,125,43.64,0.57,0.75,2026-09-10 13:52:58,🚬菸屁股,HOLD,1
HOOD,2028-01-21,280.0,11.25,3024,5,72.49173016357422,496,113.33,9.95,10.85,2026-09-09 19:52:40,🔭LEAPS,HOLD,1
HOOD,2028-01-21,290.0,9.96,15482,5,72.67483380126953,496,113.33,9.45,10.2,2026-09-10 16:44:48,🔭LEAPS,HOLD,1
TDOC,2027-01-15,22.5,0.05,4416,5,107.03171484375002,125,6.09,0.0,0.1,2026-09-10 13:38:38,🆕低基期(前日Vol1) 🚬菸屁股,HOLD,1
ZM,2026-09-18,150.0,0.07,1634,5,126.95349023437497,6,95.46,0.0,0.12,2026-09-03 16:53:26,🚬菸屁股,HOLD,1
BEAM,2026-09-18,30.0,0.1,1084,5,146.2893310546875,6,24.37,0.0,1.05,2026-09-10 18:37:38,🚬菸屁股,HOLD,1
PACB,2027-01-15,3.0,0.11,2486,5,132.81283593749998,125,1.27,0.0,0.2,2026-08-26 18:55:24,🚬菸屁股,HOLD,1
HIMS,2027-01-15,100.0,0.2,10485,5,102.73486132812502,125,27.44,0.09,0.27,2026-09-09 16:39:44,🚬菸屁股,HOLD,1
KTOS,2026-09-18,57.5,0.1,1426,5,74.414318359375,6,46.98,0.05,0.1,2026-09-10 14:56:43,🚬菸屁股,HOLD,1
KTOS,2027-01-15,90.0,0.65,3198,5,74.75611181640626,125,46.98,0.5,1.25,2026-09-10 18:15:47,🚬菸屁股,HOLD,1
ONDS,2026-10-16,13.0,0.04,2351,5,93.7500625,34,7.25,0.0,0.05,2026-09-10 17:32:12,🚬菸屁股,HOLD,1
ONDS,2027-01-15,22.0,0.09,2423,5,100.39112304687498,125,7.25,0.05,0.12,2026-09-10 18:40:39,🚬菸屁股,HOLD,1
LUNR,2026-12-18,35.0,0.22,914,5,102.34423828125001,97,14.62,0.18,0.32,2026-09-10 19:10:17,🆕低基期(前日Vol2) 🚬菸屁股,HOLD,1
LUNR,2026-12-18,40.0,0.14,1323,5,101.3676806640625,97,14.62,0.1,0.17,2026-09-09 17:06:41,🚬菸屁股,HOLD,1
JOBY,2026-09-18,10.0,0.01,21059,5,131.25034374999998,6,6.31,0.0,0.01,2026-09-10 15:05:01,🚬菸屁股,HOLD,1
JOBY,2028-01-21,25.0,0.38,3822,5,96.19144433593749,496,6.31,0.35,1.0,2026-09-10 19:57:51,🔭LEAPS,HOLD,1
ACHR,2027-01-15,22.0,0.05,7399,5,116.40666796875001,125,5.45,0.04,0.07,2026-09-10 19:13:12,🚬菸屁股,HOLD,1
SMR,2026-11-20,18.0,0.26,1444,5,97.85158398437501,69,10.21,0.19,0.32,2026-09-10 17:47:33,🚬菸屁股,HOLD,1
VRT,2026-09-18,400.0,0.01,1393,5,96.87503124999999,6,248.13,0.0,0.01,2026-09-10 18:23:21,🚬菸屁股,HOLD,1
PCG,2026-12-18,22.0,0.48,8251,5,64.8441015625,97,14.03,0.01,0.49,2026-09-10 14:08:02,🚬菸屁股,HOLD,1
WMT,2026-09-18,145.0,0.02,4326,5,71.87528125,6,105.73,0.0,0.01,2026-09-09 19:10:41,🚬菸屁股,HOLD,1
WMT,2026-11-20,140.0,0.16,1469,5,35.352208984375,69,105.73,0.1,0.27,2026-09-10 18:21:27,🚬菸屁股,HOLD,1
WMT,2027-01-15,160.0,0.12,3429,5,37.500625,125,105.73,0.1,0.34,2026-09-10 18:53:58,🚬菸屁股,HOLD,1
WMT,2027-01-15,170.0,0.07,6208,5,34.4733115234375,125,105.73,0.06,0.09,2026-09-01 16:53:37,🚬菸屁股,HOLD,1
WMT,2028-01-21,160.0,2.8,1349,5,32.16620568847656,496,105.73,2.5,3.3,2026-09-09 19:32:44,🔭LEAPS,HOLD,1
RDDT,2026-09-18,195.0,0.12,880,5,71.0940390625,6,155.34,0.01,0.19,2026-09-10 19:38:50,🚬菸屁股,HOLD,1
ORCL,2028-01-21,450.0,7.91,923,5,65.19199847412109,496,152.94,5.55,7.85,2026-09-08 18:29:57,🔭LEAPS,HOLD,1
GOOGL,2026-09-18,640.0,0.01,1916,5,142.1877890625,6,332.6,0.0,0.05,2026-09-09 13:32:53,🚬菸屁股,HOLD,1
GOOGL,2026-10-16,530.0,0.08,5847,5,60.15664843750002,34,332.6,0.01,0.34,2026-09-10 15:01:22,🆕低基期(前日Vol1) 🚬菸屁股,HOLD,1
GOOGL,2026-12-18,520.0,0.68,2572,5,43.77497631835938,97,332.6,0.38,0.89,2026-09-09 15:10:19,🚬菸屁股,HOLD,1
GOOGL,2028-06-16,660.0,10.5,3644,5,40.71409384155273,643,332.6,9.35,12.1,2026-09-01 19:47:13,🔭LEAPS,HOLD,1
GOOGL,2028-06-16,670.0,10.5,785,5,41.426672164916994,643,332.6,8.85,12.25,2026-09-02 15:26:31,🔭LEAPS,HOLD,1
META,2026-09-18,1150.0,0.01,948,5,116.40666796875001,6,644.38,0.0,0.03,2026-09-04 13:43:05,🚬菸屁股,HOLD,1
F,2026-12-18,14.82,0.4,6146,5,29.590547851562498,97,13.88,0.32,0.49,2025-02-14 16:42:36,🚬菸屁股,HOLD,1
F,2026-12-18,16.82,0.3,8808,5,43.457596679687505,97,13.88,0.26,0.38,2025-02-14 17:09:28,🚬菸屁股,HOLD,1
F,2026-12-18,19.67,0.09,12766,5,43.555251953125,97,13.88,0.05,0.1,2026-09-10 19:04:03,🆕低基期(前日Vol1) 🚬菸屁股,HOLD,1
F,2027-01-15,20.0,0.1,11684,5,42.188078125,125,13.88,0.1,0.13,2026-09-10 19:52:20,🆕低基期(前日Vol1) 🚬菸屁股,HOLD,1
F,2028-01-21,30.0,0.33,4387,5,51.17236328125,496,13.88,0.16,0.55,2026-09-02 14:10:52,🔭LEAPS,HOLD,1
AVGO,2026-11-20,650.0,0.14,1014,5,53.320779296874996,69,360.83,0.07,0.38,2026-09-10 17:48:06,🚬菸屁股,HOLD,1
SBUX,2026-12-18,130.0,0.44,1053,5,34.74186352539062,97,99.22,0.25,0.61,2026-09-10 17:36:33,🚬菸屁股,HOLD,1
TSLA,2026-09-18,600.0,0.04,11665,4,112.89106054687501,6,363.56,0.02,0.04,2026-09-10 16:52:48,🚬菸屁股,HOLD,1
TSLA,2026-12-18,710.0,0.92,12772,4,59.4730615234375,97,363.56,0.8,0.9,2026-09-10 13:30:00,🚬菸屁股,HOLD,1
MSFT,2026-09-18,800.0,0.01,10602,4,93.7500625,6,492.44,0.0,0.01,2026-09-09 18:23:20,🚬菸屁股,HOLD,1
MSTR,2027-01-15,550.0,0.52,6754,4,104.59032080078129,125,128.56,0.38,0.6,2026-09-10 16:21:46,🚬菸屁股,HOLD,1
AAPL,2026-09-18,530.0,0.01,9426,4,96.87503124999999,6,326.57,0.0,0.01,2026-08-21 18:43:17,🚬菸屁股,HOLD,1
IBIT,2026-12-18,65.0,0.29,26397,4,47.852083984375,97,43.68,0.27,0.31,2026-09-10 19:52:07,🚬菸屁股,HOLD,1
OKLO,2026-11-20,105.0,0.26,955,4,111.328568359375,69,39.88,0.07,0.5,2026-09-10 18:47:39,🚬菸屁股,HOLD,1
OKLO,2026-12-18,85.0,0.92,1358,4,97.21682470703125,97,39.88,0.71,1.0,2026-09-10 16:13:13,🚬菸屁股,HOLD,1
OKLO,2028-01-21,65.0,10.45,1810,4,87.32922827148437,496,39.88,9.55,10.35,2026-09-10 16:56:44,🆕低基期(前日Vol1) 🔭LEAPS,HOLD,1
VST,2026-09-18,190.0,0.02,9553,4,65.23472265625001,6,147.05,0.0,0.04,2026-09-10 18:42:06,🚬菸屁股,HOLD,1
RKLB,2026-12-18,140.0,0.75,1857,4,89.99033447265624,97,61.96,0.45,0.97,2026-09-10 19:04:58,🚬菸屁股,HOLD,1
IONQ,2026-10-16,80.0,0.1,1506,4,108.984830078125,34,36.84,0.0,0.15,2026-09-10 14:25:26,🚬菸屁股,HOLD,1
IONQ,2026-10-16,85.0,0.04,2360,4,124.41444042968747,34,36.84,0.0,0.25,2026-09-10 18:36:51,🚬菸屁股,HOLD,1
IONQ,2028-01-21,70.0,7.75,1531,4,84.90005334472657,496,36.84,6.85,7.85,2026-09-10 17:22:47,🔭LEAPS,HOLD,1
IONQ,2028-01-21,85.0,6.1,1041,4,84.47281152343749,496,36.84,5.25,6.1,2026-09-09 17:31:30,🔭LEAPS,HOLD,1
UPST,2027-01-15,45.0,0.72,1961,4,77.44163183593751,125,25.1,0.65,0.79,2026-09-10 19:17:03,🚬菸屁股,HOLD,1
UPST,2028-01-21,100.0,1.54,1407,4,81.81170532226561,496,25.1,1.15,1.77,2026-09-10 17:45:11,🆕低基期(前日Vol1) 🔭LEAPS,HOLD,1
SOFI,2028-06-16,35.0,2.38,9589,4,65.33237792968751,643,17.21,2.3,2.4,2026-09-10 15:01:28,🔭LEAPS,HOLD,1
DKNG,2026-09-18,40.0,0.02,10276,4,137.50031249999998,6,23.71,0.0,0.02,2026-09-04 14:18:03,🚬菸屁股,HOLD,1
DKNG,2026-12-18,33.0,0.67,2078,4,60.74258007812501,97,23.71,0.6,0.74,2026-09-10 15:57:19,🚬菸屁股,HOLD,1
DKNG,2026-12-18,55.0,0.02,3397,4,70.70341796875,97,23.71,0.0,0.1,2026-09-10 15:56:19,🚬菸屁股,HOLD,1
IREN,2026-10-16,95.0,0.11,2814,4,110.35201074218752,34,43.64,0.05,0.14,2026-09-09 19:47:14,🚬菸屁股,HOLD,1
PATH,2026-11-20,21.0,0.21,1298,4,75.00025000000001,69,13.87,0.15,0.41,2026-09-10 18:56:41,🚬菸屁股,HOLD,1
TDOC,2026-10-16,7.0,0.16,2174,4,62.500375000000005,34,6.09,0.05,0.31,2026-09-10 13:42:56,🚬菸屁股,HOLD,1
ZM,2026-12-18,140.0,0.89,1076,4,51.63622583007812,97,95.46,0.74,1.41,2026-09-10 18:10:40,🚬菸屁股,HOLD,1
ZM,2027-01-15,160.0,0.69,813,4,54.370573486328134,125,95.46,0.22,0.89,2026-09-09 17:47:08,🚬菸屁股,HOLD,1
ZM,2027-01-15,165.0,0.53,1843,4,53.10105493164063,125,95.46,0.52,0.75,2026-09-09 14:26:04,🚬菸屁股,HOLD,1
NTLA,2027-01-15,30.0,0.3,1130,4,115.33245458984376,125,11.93,0.05,0.95,2026-08-28 14:06:25,🚬菸屁股,HOLD,1
HIMS,2026-09-18,42.0,0.02,2957,4,137.50031249999998,6,27.44,0.0,0.09,2026-09-10 13:55:43,🚬菸屁股,HOLD,1
HIMS,2026-12-18,65.0,0.36,795,4,95.21489160156248,97,27.44,0.24,0.44,2026-09-08 17:23:36,🚬菸屁股,HOLD,1
KTOS,2026-09-18,70.0,0.05,909,4,111.71919140624999,6,46.98,0.0,0.05,2026-09-09 19:37:18,🚬菸屁股,HOLD,1
ONDS,2027-01-15,19.0,0.14,1029,4,96.48441015625,125,7.25,0.07,0.17,2026-09-09 15:27:15,🚬菸屁股,HOLD,1
JOBY,2026-10-16,12.0,0.02,2280,4,99.2187578125,34,6.31,0.0,0.04,2026-09-09 17:01:09,🚬菸屁股,HOLD,1
JOBY,2026-11-20,15.0,0.02,1186,4,100.0005,69,6.31,0.02,0.06,2026-09-09 18:29:59,🚬菸屁股,HOLD,1
JOBY,2027-01-15,25.0,0.01,3090,4,103.12548437500001,125,6.31,0.0,0.06,2026-09-10 19:44:28,🚬菸屁股,HOLD,1
SMR,2026-09-18,14.0,0.03,2395,4,140.625296875,6,10.21,0.02,0.12,2026-09-10 18:00:18,🚬菸屁股,HOLD,1
SMR,2027-01-15,25.0,0.25,7389,4,100.78174609374999,125,10.21,0.2,0.33,2026-09-10 18:27:31,🚬菸屁股,HOLD,1
SMR,2027-01-15,27.0,0.28,1796,4,102.34423828125001,125,10.21,0.12,0.32,2026-09-09 18:28:46,🚬菸屁股,HOLD,1
SMR,2027-01-15,65.0,0.05,842,4,148.4377578125,125,10.21,0.0,0.26,2026-09-09 19:56:07,🚬菸屁股,HOLD,1
NNE,2026-09-18,25.0,0.03,1331,4,132.81283593749998,6,17.36,0.0,0.1,2026-09-10 16:03:32,🆕低基期(前日Vol1) 🚬菸屁股,HOLD,1
NNE,2026-10-16,24.0,0.3,764,4,85.35170898437501,34,17.36,0.25,0.35,2026-09-10 19:55:55,🚬菸屁股,HOLD,1
NNE,2027-01-15,45.0,0.22,1494,4,84.961087890625,125,17.36,0.05,0.25,2026-09-10 17:54:57,🚬菸屁股,HOLD,1
NNE,2027-01-15,90.0,0.05,2778,4,121.48476757812499,125,17.36,0.0,0.2,2026-09-03 13:30:00,🚬菸屁股,HOLD,1
PCG,2026-12-18,25.0,0.34,9213,4,71.0940390625,97,14.03,0.05,0.3,2026-09-09 17:29:39,🚬菸屁股,HOLD,1
TJX,2026-09-18,175.0,0.03,1151,4,83.59391406249999,6,126.42,0.0,0.05,2026-09-10 18:45:28,🚬菸屁股,HOLD,1
WMT,2026-09-18,140.0,0.01,9570,4,75.00025000000001,6,105.73,0.0,0.05,2026-09-10 13:40:33,🚬菸屁股,HOLD,1
WMT,2027-01-15,155.0,0.18,3443,4,34.448897705078124,125,105.73,0.12,0.3,2026-09-09 19:13:46,🚬菸屁股,HOLD,1
WMT,2028-01-21,125.0,9.05,954,4,33.28313787841797,496,105.73,8.15,9.75,2026-09-10 19:40:40,🆕低基期(前日Vol1) 🔭LEAPS,HOLD,1
WMT,2028-01-21,140.0,5.4,931,4,32.59955096435546,496,105.73,5.35,6.15,2026-09-09 19:53:22,🔭LEAPS,HOLD,1
ORCL,2027-01-15,450.0,0.35,994,4,79.76094458007812,125,152.94,0.1,0.8,2026-09-10 13:35:43,🚬菸屁股,HOLD,1
GOOGL,2026-10-16,450.0,0.28,3838,4,45.26421923828126,34,332.6,0.22,0.33,2026-09-10 18:36:58,🚬菸屁股,HOLD,1
GOOGL,2026-11-20,470.0,0.85,3182,4,42.00497448730469,69,332.6,0.75,0.88,2026-09-10 19:51:16,🚬菸屁股,HOLD,1
GOOGL,2026-12-18,510.0,0.8,2144,4,43.34773449707031,97,332.6,0.67,1.04,2026-09-02 18:21:17,🚬菸屁股,HOLD,1
GOOGL,2026-12-18,540.0,0.5,2655,4,45.48394360351563,97,332.6,0.3,0.75,2026-09-08 15:26:10,🚬菸屁股,HOLD,1
GOOGL,2028-06-16,800.0,5.3,942,4,40.70799038696289,643,332.6,3.9,6.0,2026-09-10 14:39:45,🔭LEAPS,HOLD,1
AMZN,2026-11-20,360.0,0.46,14631,4,40.820904296875,69,251.89,0.39,0.48,2026-09-10 19:09:06,🆕低基期(前日Vol1) 🚬菸屁股,HOLD,1
META,2026-09-18,1060.0,0.02,1003,4,101.5629921875,6,644.38,0.0,0.03,2026-09-01 16:48:31,🚬菸屁股,HOLD,1
META,2026-09-18,1290.0,0.01,824,4,137.50031249999998,6,644.38,0.0,0.03,2026-09-09 14:30:38,🚬菸屁股,HOLD,1
META,2026-12-18,1400.0,0.3,2518,4,53.76022802734376,97,644.38,0.12,0.32,2026-09-09 14:58:47,🚬菸屁股,HOLD,1
META,2027-01-15,1270.0,0.82,862,4,49.10939562988281,125,644.38,0.6,0.84,2026-09-10 18:15:13,🆕低基期(前日Vol1) 🚬菸屁股,HOLD,1
F,2026-09-18,20.0,0.01,12257,4,96.87503124999999,6,13.88,0.0,0.01,2026-09-04 13:30:24,🚬菸屁股,HOLD,1
F,2027-01-15,22.0,0.09,1547,4,46.289599609375,125,13.88,0.05,0.09,2026-08-14 19:13:12,🚬菸屁股,HOLD,1
AVGO,2027-01-15,680.0,0.81,1273,4,52.6493992919922,125,360.83,0.4,1.16,2026-09-10 19:40:46,🚬菸屁股,HOLD,1
SBUX,2027-01-15,160.0,0.13,826,4,35.44986425781249,125,99.22,0.07,0.1,2026-09-09 17:51:24,🚬菸屁股,HOLD,1
NDAQ,2026-09-18,100.0,0.37,1424,4,49.561051269531255,6,92.01,0.1,0.45,2026-09-10 13:52:30,🚬菸屁股,HOLD,1
TSLA,2026-12-18,750.0,0.85,6353,3,61.08437353515627,97,363.56,0.58,0.71,2026-09-09 14:42:26,🚬菸屁股,HOLD,1
TSLA,2026-12-18,850.0,0.48,7562,3,64.8441015625,97,363.56,0.22,0.49,2026-09-09 19:59:04,🚬菸屁股,HOLD,1
NVDA,2026-10-16,460.0,0.02,17122,3,68.7503125,34,218.36,0.0,0.01,2026-09-08 13:33:12,🚬菸屁股,HOLD,1
GOOG,2026-09-18,430.0,0.05,9706,3,63.281617187500004,6,330.39,0.0,0.05,2026-09-10 19:51:36,🚬菸屁股,HOLD,1
IBIT,2027-01-15,62.0,0.6,8834,3,45.77690942382813,125,43.68,0.59,0.64,2026-09-10 18:49:59,🚬菸屁股,HOLD,1
IBIT,2027-01-15,115.0,0.07,5475,3,68.16438085937502,125,43.68,0.06,0.09,2026-09-04 13:45:25,🚬菸屁股,HOLD,1
INTC,2028-01-21,55.0,59.7,5218,3,75.91576818847659,496,100.32,53.65,55.5,2026-09-08 17:03:54,🔭LEAPS,HOLD,1
SMCI,2028-01-21,90.0,6.0,3492,3,82.55632678222655,496,37.38,4.85,5.4,2026-09-04 19:05:12,🔭LEAPS,HOLD,1
SMCI,2028-01-21,95.0,6.15,2612,3,82.8004649658203,496,37.38,4.55,5.0,2026-09-08 18:15:40,🔭LEAPS,HOLD,1
OKLO,2026-12-18,95.0,0.65,1354,3,100.63526245117185,97,39.88,0.5,0.78,2026-09-10 16:38:30,🚬菸屁股,HOLD,1
OKLO,2026-12-18,115.0,0.5,1336,3,105.17625537109376,97,39.88,0.27,0.46,2026-09-09 19:57:33,🚬菸屁股,HOLD,1
OKLO,2027-01-15,200.0,0.3,4074,3,117.96916015624998,125,39.88,0.07,0.34,2026-09-09 18:00:49,🚬菸屁股,HOLD,1
VST,2026-09-18,220.0,0.1,870,3,99.2187578125,6,147.05,0.0,0.05,2026-09-10 16:23:57,🚬菸屁股,HOLD,1
RKLB,2028-01-21,120.0,10.8,3576,3,80.20039331054687,496,61.96,10.5,11.0,2026-09-10 19:12:25,🔭LEAPS,HOLD,1
RKLB,2028-01-21,125.0,10.51,2068,3,79.85859985351563,496,61.96,9.7,10.45,2026-09-10 18:13:51,🔭LEAPS,HOLD,1
ASTS,2026-10-16,115.0,0.42,1488,3,97.460962890625,34,59.91,0.0,0.3,2026-09-08 17:49:19,🚬菸屁股,HOLD,1
ASTS,2026-10-16,150.0,0.18,2104,3,126.172244140625,34,59.91,0.09,0.17,2026-09-08 15:01:31,🚬菸屁股,HOLD,1
ASTS,2027-01-15,185.0,0.55,1261,3,100.0005,125,59.91,0.55,0.74,2026-08-31 14:19:13,🚬菸屁股,HOLD,1
IONQ,2026-12-18,85.0,0.53,980,3,93.7500625,97,36.84,0.33,0.62,2026-09-10 16:07:48,🚬菸屁股,HOLD,1
IONQ,2027-01-15,110.0,0.36,2654,3,97.75392871093752,125,36.84,0.09,0.7,2026-09-10 17:34:46,🚬菸屁股,HOLD,1
IONQ,2028-01-21,75.0,7.25,899,3,82.7882580566406,496,36.84,5.55,7.25,2026-09-10 16:59:05,🔭LEAPS,HOLD,1
UPST,2027-01-15,65.0,0.28,787,3,84.961087890625,125,25.1,0.11,0.33,2026-09-09 14:43:19,🚬菸屁股,HOLD,1
SOFI,2026-11-20,35.0,0.06,1561,3,78.9064609375,69,17.21,0.06,0.07,2026-09-09 15:14:53,🚬菸屁股,HOLD,1
SOFI,2028-01-21,45.0,1.05,4508,3,66.38217211914063,496,17.21,0.93,1.19,2026-09-10 15:02:25,🔭LEAPS,HOLD,1
DKNG,2026-09-18,32.5,0.01,2903,3,105.46922265625001,6,23.71,0.0,0.07,2026-09-10 19:24:09,🚬菸屁股,HOLD,1
DKNG,2026-11-20,32.5,0.41,3388,3,61.81678808593751,69,23.71,0.4,0.52,2026-09-10 16:21:03,🚬菸屁股,HOLD,1
DKNG,2028-01-21,20.0,8.5,1673,3,65.820654296875,496,23.71,8.35,8.75,2026-09-10 13:30:02,🔭LEAPS,HOLD,1
DKNG,2028-01-21,22.5,7.22,753,3,64.45348046875,496,23.71,7.15,7.65,2026-09-09 15:41:57,🔭LEAPS,HOLD,1
DKNG,2028-01-21,50.0,1.6,26180,3,58.44768115234375,496,23.71,1.34,1.81,2026-09-09 15:04:35,🔭LEAPS,HOLD,1
IREN,2026-10-16,100.0,0.1,4969,3,110.9379453125,34,43.64,0.02,0.11,2026-09-10 19:31:24,🚬菸屁股,HOLD,1
IREN,2026-12-18,120.0,0.51,4108,3,105.61570629882814,97,43.64,0.42,0.58,2026-09-10 18:46:25,🚬菸屁股,HOLD,1
IREN,2028-01-21,80.0,11.11,7493,3,93.71344177246092,496,43.64,10.45,11.3,2026-09-10 16:55:48,🔭LEAPS,HOLD,1
U,2026-11-20,60.0,0.75,797,3,69.62920996093752,69,42.07,0.67,1.21,2026-09-10 15:40:25,🚬菸屁股,HOLD,1
PATH,2028-01-21,8.0,7.9,1648,3,78.2228740234375,496,13.87,7.0,7.8,2026-09-10 17:25:51,🔭LEAPS,HOLD,1
PATH,2028-01-21,35.0,1.27,833,3,74.804939453125,496,13.87,1.13,1.56,2026-09-09 17:25:20,🔭LEAPS,HOLD,1
HOOD,2026-12-18,240.0,0.66,1923,3,76.70921728515626,97,113.33,0.67,0.85,2026-09-10 13:34:47,🆕低基期(前日Vol1) 🚬菸屁股,HOLD,1
XYZ,2026-09-18,95.0,0.03,3167,3,53.906710937500016,6,79.07,0.0,0.05,2026-09-10 17:51:00,🚬菸屁股,HOLD,1
XYZ,2026-12-18,135.0,0.27,835,3,55.078574218750006,97,79.07,0.08,0.63,2026-09-02 14:10:49,🚬菸屁股,HOLD,1
CRSP,2028-01-21,110.0,4.62,786,3,63.9652041015625,496,52.26,4.1,5.0,2026-09-10 13:30:00,🔭LEAPS,HOLD,1
BEAM,2028-01-21,35.0,5.2,885,3,77.02659692382812,496,24.37,4.4,7.1,2026-09-10 16:35:28,🆕低基期(前日Vol1) 🔭LEAPS,HOLD,1
BEAM,2028-01-21,50.0,3.6,1966,3,82.42205078125,496,24.37,3.0,5.3,2026-09-09 19:25:58,🔭LEAPS,HOLD,1
HIMS,2026-10-16,45.0,0.14,2667,3,91.60164648437501,34,27.44,0.12,0.23,2026-09-10 18:23:48,🚬菸屁股,HOLD,1
HIMS,2026-12-18,50.0,0.77,2852,3,87.89074609375,97,27.44,0.7,0.78,2026-09-10 15:29:33,🚬菸屁股,HOLD,1
HIMS,2026-12-18,80.0,0.2,3426,3,102.1489267578125,97,27.44,0.12,0.28,2026-09-04 19:26:09,🚬菸屁股,HOLD,1
HIMS,2027-01-15,55.0,0.9,1345,3,89.40440283203124,125,27.44,0.68,1.07,2026-09-10 18:07:20,🚬菸屁股,HOLD,1
HIMS,2028-01-21,45.0,6.55,1197,3,83.99674206542969,496,27.44,6.0,6.75,2026-09-10 17:26:03,🔭LEAPS,HOLD,1
ONDS,2026-11-20,17.0,0.05,827,3,100.39112304687498,69,7.25,0.0,0.1,2026-09-09 16:24:20,🚬菸屁股,HOLD,1
ONDS,2028-01-21,2.0,5.64,1721,3,112.109814453125,496,7.25,5.05,6.2,2026-09-10 16:03:44,🔭LEAPS,HOLD,1
TJX,2028-01-21,165.0,5.3,1150,3,28.009753112792957,496,126.42,4.9,5.5,2026-09-10 18:56:26,🔭LEAPS,HOLD,1
WMT,2026-10-16,135.0,0.04,1668,3,33.20379296875,34,105.73,0.03,0.04,2026-09-10 16:12:42,🚬菸屁股,HOLD,1
WMT,2026-11-20,135.0,0.21,2917,3,31.22627368164062,69,105.73,0.14,0.25,2026-09-10 15:26:16,🚬菸屁股,HOLD,1
RDDT,2026-09-18,270.0,0.21,781,3,141.40654296875002,6,155.34,0.0,0.11,2026-09-09 14:19:49,🚬菸屁股,HOLD,1
RDDT,2028-01-21,380.0,11.8,2035,3,68.38410522460939,496,155.34,10.5,13.8,2026-09-10 14:19:31,🔭LEAPS,HOLD,1
ORCL,2026-10-16,310.0,0.19,819,3,100.39112304687498,34,152.94,0.14,0.45,2026-09-10 13:46:23,🚬菸屁股,HOLD,1
ORCL,2026-12-18,320.0,0.96,1490,3,74.04811108398437,97,152.94,0.47,1.32,2026-09-10 16:22:49,🚬菸屁股,HOLD,1
ORCL,2027-01-15,470.0,0.35,952,3,86.67005517578124,125,152.94,0.07,1.25,2026-09-10 19:09:01,🚬菸屁股,HOLD,1
GOOGL,2026-09-18,455.0,0.02,3026,3,70.312796875,6,332.6,0.0,0.03,2026-09-10 18:49:05,🚬菸屁股,HOLD,1
GOOGL,2026-09-18,545.0,0.03,1354,3,110.9379453125,6,332.6,0.0,0.05,2026-09-03 13:41:17,🚬菸屁股,HOLD,1
GOOGL,2026-09-18,550.0,0.01,813,3,115.625421875,6,332.6,0.0,0.07,2026-09-09 17:55:19,🚬菸屁股,HOLD,1
GOOGL,2026-09-18,660.0,0.01,869,3,131.25034374999998,6,332.6,0.0,0.01,2026-09-08 16:16:21,🚬菸屁股,HOLD,1
GOOGL,2026-10-16,510.0,0.1,3154,3,55.469195312500005,34,332.6,0.02,0.31,2026-09-10 15:00:13,🚬菸屁股,HOLD,1
GOOGL,2026-11-20,600.0,0.11,1155,3,50.586431640624994,69,332.6,0.03,0.22,2026-09-10 15:00:42,🆕低基期(前日Vol1) 🚬菸屁股,HOLD,1
AMZN,2026-09-18,335.0,0.07,20089,3,59.375406250000005,6,251.89,0.0,0.01,2026-09-09 13:30:04,🚬菸屁股,HOLD,1
AMZN,2026-12-18,375.0,0.55,7513,3,39.014281738281255,97,251.89,0.5,0.59,2026-09-10 17:07:52,🚬菸屁股,HOLD,1
META,2026-09-18,960.0,0.04,1492,3,84.76577734374999,6,644.38,0.0,0.04,2026-09-09 19:37:58,🚬菸屁股,HOLD,1
META,2026-09-18,1090.0,0.01,1883,3,131.64096679687498,6,644.38,0.0,0.35,2026-09-09 14:29:44,🚬菸屁股,HOLD,1
META,2026-09-18,1180.0,0.01,1106,3,121.09414453124998,6,644.38,0.0,0.03,2026-09-09 14:44:25,🚬菸屁股,HOLD,1
META,2026-09-18,1200.0,0.02,889,3,115.625421875,6,644.38,0.0,0.01,2026-08-28 15:31:50,🚬菸屁股,HOLD,1
META,2026-09-18,1330.0,0.01,1064,3,145.3127734375,6,644.38,0.0,0.04,2026-09-10 15:46:13,🚬菸屁股,HOLD,1
META,2026-10-16,1200.0,0.02,2783,3,65.23472265625001,34,644.38,0.0,0.12,2026-09-10 18:20:10,🚬菸屁股,HOLD,1
META,2026-12-18,1290.0,0.51,8565,3,51.19677709960937,97,644.38,0.23,0.47,2026-09-09 18:02:35,🚬菸屁股,HOLD,1
META,2027-01-15,1300.0,0.65,1531,3,49.731947998046884,125,644.38,0.48,0.74,2026-09-10 19:02:36,🚬菸屁股,HOLD,1
AVGO,2026-11-20,740.0,0.06,958,3,58.984785156250005,69,360.83,0.01,0.22,2026-09-10 14:57:18,🚬菸屁股,HOLD,1
SBUX,2026-12-18,125.0,0.64,1627,3,36.24331335449219,97,99.22,0.36,1.12,2026-09-10 17:50:04,🚬菸屁股,HOLD,1
ARM,2026-09-18,450.0,0.02,1661,3,147.265888671875,6,254.18,0.0,0.2,2026-09-10 16:09:30,🚬菸屁股,HOLD,1
TSLA,2026-12-18,950.0,0.28,5859,2,70.06865869140626,97,363.56,0.2,0.36,2026-09-10 19:51:43,🚬菸屁股,HOLD,1
NVDA,2026-09-18,420.0,0.01,7926,2,131.25034374999998,6,218.36,0.0,0.01,2026-08-27 17:30:19,🚬菸屁股,HOLD,1
NVDA,2028-01-21,380.0,9.81,9002,2,43.671217590332034,496,218.36,9.5,10.15,2026-09-10 19:39:32,🔭LEAPS,HOLD,1
MSTR,2027-01-15,700.0,0.37,11704,2,110.35201074218752,125,128.56,0.17,0.37,2026-09-09 16:03:50,🚬菸屁股,HOLD,1
IBIT,2026-12-18,63.0,0.38,10293,2,46.48491015625,97,43.68,0.33,0.36,2026-09-10 13:46:46,🚬菸屁股,HOLD,1
IBIT,2028-01-21,95.0,1.95,5969,2,52.6371923828125,496,43.68,1.77,2.0,2026-09-10 14:25:09,🔭LEAPS,HOLD,1
PLTR,2027-01-15,410.0,0.23,10956,2,62.40271972656251,125,165.86,0.18,0.25,2026-09-10 15:08:10,🚬菸屁股,HOLD,1
INTC,2028-01-21,125.0,25.9,5046,2,71.78372943115234,496,100.32,25.05,25.85,2026-09-10 18:22:48,🔭LEAPS,HOLD,1
SMCI,2026-12-18,80.0,0.5,2892,2,88.18371191406248,97,37.38,0.46,0.54,2026-09-10 19:56:46,🚬菸屁股,HOLD,1
OKLO,2026-11-20,115.0,0.3,859,2,118.9457177734375,69,39.88,0.12,0.44,2026-09-09 18:07:55,🚬菸屁股,HOLD,1
OKLO,2026-12-18,140.0,0.3,5818,2,115.8207333984375,97,39.88,0.19,0.4,2026-09-10 14:03:09,🚬菸屁股,HOLD,1
OKLO,2027-01-15,120.0,0.76,3078,2,101.27002490234376,125,39.88,0.38,0.64,2026-09-09 18:33:24,🚬菸屁股,HOLD,1
OKLO,2027-01-15,150.0,0.36,12798,2,109.76607617187501,125,39.88,0.21,0.51,2026-09-10 14:34:57,🚬菸屁股,HOLD,1
OKLO,2027-01-15,220.0,0.17,1276,2,128.41832666015623,125,39.88,0.09,0.47,2026-09-10 15:44:01,🚬菸屁股,HOLD,1
OKLO,2027-01-15,230.0,0.11,1018,2,129.6878515625,125,39.88,0.02,0.5,2026-09-10 15:53:02,🚬菸屁股,HOLD,1
OKLO,2028-01-21,155.0,4.1,2077,2,94.97075341796875,496,39.88,4.0,4.4,2026-09-10 18:49:25,🔭LEAPS,HOLD,1
VST,2026-09-18,185.0,0.08,1514,2,69.336244140625,6,147.05,0.01,0.14,2026-09-10 13:59:22,🚬菸屁股,HOLD,1
VST,2026-09-18,195.0,0.08,1248,2,98.63282617187501,6,147.05,0.0,0.5,2026-09-04 19:57:44,🚬菸屁股,HOLD,1
VST,2026-10-16,250.0,0.12,1579,2,97.85158398437501,34,147.05,0.0,2.0,2026-08-18 14:03:38,🚬菸屁股,HOLD,1
VST,2026-12-18,250.0,0.69,1099,2,57.593197509765616,97,147.05,0.61,1.15,2026-09-10 16:59:26,🚬菸屁股,HOLD,1
VST,2027-01-15,255.0,0.79,867,2,54.98091894531252,125,147.05,0.62,1.67,2026-08-25 19:10:10,🚬菸屁股,HOLD,1
RKLB,2026-10-16,135.0,0.13,1173,2,110.54732226562503,34,61.96,0.07,0.2,2026-09-10 18:51:51,🚬菸屁股,HOLD,1
RKLB,2026-10-16,195.0,0.07,2177,2,136.71906640625,34,61.96,0.02,0.09,2026-09-10 14:15:55,🚬菸屁股,HOLD,1
ASTS,2026-10-16,110.0,0.3,2039,2,99.41406835937501,34,59.91,0.19,0.3,2026-09-10 16:14:27,🚬菸屁股,HOLD,1
ASTS,2026-10-16,120.0,0.17,1577,2,108.203583984375,34,59.91,0.15,0.28,2026-09-10 19:50:01,🚬菸屁股,HOLD,1
ASTS,2026-11-20,150.0,0.48,4378,2,105.76218994140625,69,59.91,0.36,0.44,2026-09-10 16:46:59,🚬菸屁股,HOLD,1
ASTS,2026-11-20,160.0,0.35,1303,2,108.3988955078125,69,59.91,0.1,0.57,2026-09-10 18:59:47,🚬菸屁股,HOLD,1
ASTS,2028-01-21,145.0,11.0,1796,2,89.28233374023438,496,59.91,9.6,10.2,2026-09-10 13:37:36,🔭LEAPS,HOLD,1
ASTS,2028-01-21,160.0,8.98,1182,2,88.98936791992188,496,59.91,8.4,8.9,2026-09-10 19:15:41,🔭LEAPS,HOLD,1
IONQ,2026-10-16,75.0,0.09,2855,2,96.48441015625,34,36.84,0.02,0.08,2026-09-10 14:39:10,🚬菸屁股,HOLD,1
IONQ,2026-11-20,80.0,0.5,2389,2,99.9023447265625,69,36.84,0.23,0.51,2026-09-09 19:51:31,🚬菸屁股,HOLD,1
IONQ,2026-11-20,120.0,0.39,2372,2,123.63319433593749,69,36.84,0.0,0.38,2026-09-10 13:38:06,🚬菸屁股,HOLD,1
IONQ,2026-12-18,90.0,0.46,2992,2,95.99613378906248,97,36.84,0.28,0.55,2026-09-10 16:06:30,🚬菸屁股,HOLD,1
IONQ,2027-01-15,90.0,0.59,2350,2,95.312546875,125,36.84,0.51,0.99,2026-09-10 16:38:12,🚬菸屁股,HOLD,1
UPST,2027-01-15,60.0,0.29,3302,2,86.62122753906249,125,25.1,0.2,0.5,2026-09-10 16:38:23,🚬菸屁股,HOLD,1
UPST,2027-01-15,125.0,0.04,1801,2,122.4613251953125,125,25.1,0.0,0.35,2026-09-10 18:05:57,🚬菸屁股,HOLD,1
UPST,2027-01-15,135.0,0.04,6747,2,110.15669921875002,125,25.1,0.01,0.1,2026-09-08 18:45:58,🚬菸屁股,HOLD,1
SOFI,2026-09-18,28.0,0.01,4609,2,134.37532812499998,6,17.21,0.0,0.02,2026-09-10 19:21:19,🚬菸屁股,HOLD,1
SOFI,2026-12-18,42.0,0.05,8521,2,81.2501875,97,17.21,0.05,0.09,2026-09-10 17:09:23,🚬菸屁股,HOLD,1
SOFI,2028-01-21,8.0,10.37,2262,2,79.1994267578125,496,17.21,10.25,10.5,2026-09-10 19:17:23,🔭LEAPS,HOLD,1
SOFI,2028-01-21,37.0,1.52,8100,2,65.35679174804689,496,17.21,1.39,1.66,2026-09-09 19:40:46,🔭LEAPS,HOLD,1
DKNG,2026-12-18,43.0,0.13,5481,2,64.25816992187501,97,23.71,0.11,0.21,2026-09-10 19:10:29,🚬菸屁股,HOLD,1
DKNG,2027-01-15,40.0,0.3,14529,2,59.86368261718751,125,23.71,0.26,0.4,2026-09-10 14:30:06,🚬菸屁股,HOLD,1
DKNG,2027-01-15,50.0,0.1,14986,2,63.867548828124995,125,23.71,0.09,0.14,2026-09-09 13:45:51,🚬菸屁股,HOLD,1
DKNG,2027-01-15,80.0,0.05,1000,2,78.12521875,125,23.71,0.0,0.05,2026-09-08 16:26:45,🚬菸屁股,HOLD,1
IREN,2026-11-20,85.0,0.85,2129,2,101.07471337890624,69,43.64,0.71,0.87,2026-09-10 18:12:21,🚬菸屁股,HOLD,1
IREN,2027-01-15,120.0,0.86,1041,2,102.10009887695315,125,43.64,0.71,0.91,2026-09-10 13:52:34,🚬菸屁股,HOLD,1
U,2027-01-15,70.0,0.92,2777,2,66.84603466796877,125,42.07,0.79,1.17,2026-09-09 15:59:02,🚬菸屁股,HOLD,1
U,2028-01-21,50.0,10.4,2036,2,69.60479614257812,496,42.07,10.5,11.25,2026-09-10 14:05:56,🔭LEAPS,HOLD,1
U,2028-01-21,70.0,6.43,1041,2,67.93855303955078,496,42.07,6.05,6.95,2026-09-10 14:45:33,🔭LEAPS,HOLD,1
U,2028-01-21,75.0,5.5,4881,2,67.38924212646486,496,42.07,5.35,6.05,2026-09-10 14:13:50,🔭LEAPS,HOLD,1
PATH,2026-10-16,20.0,0.05,1245,2,80.85956640625,34,13.87,0.04,0.24,2026-09-10 17:25:37,🚬菸屁股,HOLD,1
PATH,2027-01-15,25.0,0.3,12797,2,76.367423828125,125,13.87,0.25,0.49,2026-09-10 15:40:39,🚬菸屁股,HOLD,1
PATH,2028-01-21,37.0,1.2,5564,2,75.68383691406251,496,13.87,1.13,1.4,2026-09-10 17:03:40,🔭LEAPS,HOLD,1
HOOD,2026-09-18,160.0,0.05,2244,2,92.57819921875,6,113.33,0.02,0.05,2026-09-10 19:31:01,🚬菸屁股,HOLD,1
TDOC,2026-10-16,11.0,0.02,1220,2,103.12548437500001,34,6.09,0.02,0.05,2026-09-08 16:07:35,🚬菸屁股,HOLD,1
TDOC,2027-01-15,20.0,0.04,20340,2,103.90673046875003,125,6.09,0.02,0.11,2026-09-09 15:24:02,🚬菸屁股,HOLD,1
TDOC,2028-01-21,17.0,0.44,1201,2,73.5354208984375,496,6.09,0.38,0.55,2026-09-10 15:23:41,🔭LEAPS,HOLD,1
ZM,2026-09-18,130.0,0.01,1525,2,75.00025000000001,6,95.46,0.0,0.02,2026-09-10 16:09:04,🚬菸屁股,HOLD,1
ZM,2026-11-20,130.0,0.61,7095,2,49.36574072265626,69,95.46,0.38,0.85,2026-09-10 17:41:01,🚬菸屁股,HOLD,1
XYZ,2026-09-18,100.0,0.01,6157,2,66.40658593750001,6,79.07,0.0,0.05,2026-09-09 16:54:21,🚬菸屁股,HOLD,1
XYZ,2027-01-15,130.0,0.54,1494,2,52.4418818359375,125,79.07,0.31,0.71,2026-09-10 14:00:50,🚬菸屁股,HOLD,1
XYZ,2027-01-15,140.0,0.34,1304,2,51.562984375,125,79.07,0.22,0.37,2026-09-09 18:29:23,🚬菸屁股,HOLD,1
PACB,2027-01-15,1.0,0.4,2173,2,124.21912890624998,125,1.27,0.3,0.65,2026-09-09 17:51:21,🚬菸屁股,HOLD,1
PACB,2028-01-21,1.5,0.56,5706,2,99.804689453125,496,1.27,0.4,0.6,2026-09-10 14:14:14,🔭LEAPS,HOLD,1
HIMS,2027-01-15,70.0,0.45,3866,2,92.0899228515625,125,27.44,0.35,0.45,2026-09-10 19:59:33,🚬菸屁股,HOLD,1
KTOS,2026-09-18,65.0,0.01,856,2,93.7500625,6,46.98,0.0,0.05,2026-09-10 16:38:34,🚬菸屁股,HOLD,1
KTOS,2027-01-15,110.0,0.2,874,2,74.02369726562499,125,46.98,0.15,0.45,2026-09-09 19:20:06,🚬菸屁股,HOLD,1
ONDS,2026-12-18,20.0,0.07,6857,2,105.078599609375,97,7.25,0.05,0.11,2026-09-10 16:04:58,🚬菸屁股,HOLD,1
JOBY,2026-10-16,13.0,0.01,818,2,109.375453125,34,6.31,0.01,0.03,2026-09-10 15:55:00,🚬菸屁股,HOLD,1
ACHR,2026-10-16,11.0,0.04,4054,2,132.81283593749998,34,5.45,0.02,0.1,2026-09-09 19:05:56,🚬菸屁股,HOLD,1
ACHR,2028-01-21,17.0,0.67,1612,2,88.476677734375,496,5.45,0.52,0.73,2026-09-10 15:11:30,🔭LEAPS,HOLD,1
SMR,2027-01-15,80.0,0.07,10079,2,141.40654296875002,125,10.21,0.03,0.07,2026-09-08 14:52:28,🚬菸屁股,HOLD,1
SMR,2028-01-21,3.0,7.9,1609,2,111.5238798828125,496,10.21,7.7,7.9,2026-09-10 19:04:35,🔭LEAPS,HOLD,1
SMR,2028-01-21,23.0,2.29,895,2,97.99806689453125,496,10.21,1.92,2.58,2026-09-10 16:23:49,🔭LEAPS,HOLD,1
SMR,2028-01-21,33.0,1.5,812,2,105.51805053710939,496,10.21,1.35,2.32,2026-09-10 19:26:09,🔭LEAPS,HOLD,1
NNE,2027-01-15,42.0,0.32,849,2,92.8711650390625,125,17.36,0.15,0.5,2026-09-10 16:01:57,🚬菸屁股,HOLD,1
PCG,2027-01-15,35.0,0.23,2666,2,84.37515624999999,125,14.03,0.01,0.27,2026-09-04 19:54:21,🚬菸屁股,HOLD,1
PCG,2028-01-21,13.0,3.9,3108,2,55.9574716796875,496,14.03,3.05,4.0,2026-09-10 13:42:11,🔭LEAPS,HOLD,1
TJX,2026-09-18,140.0,0.05,862,2,33.789724609375,6,126.42,0.0,0.05,2026-09-10 19:25:26,🚬菸屁股,HOLD,1
TJX,2026-09-18,180.0,0.03,2904,2,125.00037499999999,6,126.42,0.0,0.6,2026-09-09 19:23:53,🚬菸屁股,HOLD,1
TJX,2026-12-18,160.0,0.45,803,2,28.443098388671867,97,126.42,0.4,0.5,2026-09-10 15:56:45,🚬菸屁股,HOLD,1
TJX,2027-01-15,195.0,0.2,1031,2,33.399103515625,125,126.42,0.0,0.15,2026-09-03 17:09:44,🚬菸屁股,HOLD,1
WMT,2026-09-18,155.0,0.02,2397,2,93.7500625,6,105.73,0.0,0.03,2026-09-01 18:31:59,🚬菸屁股,HOLD,1
WMT,2026-09-18,165.0,0.01,1863,2,96.87503124999999,6,105.73,0.0,0.01,2026-09-10 15:47:21,🚬菸屁股,HOLD,1
WMT,2027-01-15,165.0,0.12,3525,2,33.887379882812496,125,105.73,0.01,0.12,2026-09-10 13:30:00,🚬菸屁股,HOLD,1
WMT,2027-01-15,175.0,0.08,833,2,35.742830078124996,125,105.73,0.01,0.08,2026-09-03 14:47:34,🚬菸屁股,HOLD,1
WMT,2028-01-21,135.0,6.67,929,2,32.7155166015625,496,105.73,5.95,7.15,2026-09-10 15:11:55,🔭LEAPS,HOLD,1
WMT,2028-01-21,175.0,1.72,1302,2,31.824412231445308,496,105.73,1.25,2.02,2026-09-10 19:40:50,🔭LEAPS,HOLD,1
RDDT,2026-10-16,250.0,0.2,1405,2,79.05294384765625,34,155.34,0.2,0.83,2026-09-10 13:43:11,🚬菸屁股,HOLD,1
ORCL,2027-01-15,480.0,0.38,1097,2,87.10950390625,125,152.94,0.01,1.22,2026-09-10 19:30:18,🚬菸屁股,HOLD,1
ORCL,2028-01-21,430.0,8.7,1676,2,65.36899865722658,496,152.94,6.55,8.55,2026-09-08 18:30:11,🔭LEAPS,HOLD,1
GOOGL,2026-09-18,465.0,0.07,876,2,80.4689453125,6,332.6,0.0,0.07,2026-09-10 14:20:49,🚬菸屁股,HOLD,1
GOOGL,2026-09-18,500.0,0.01,7116,2,92.9688203125,6,332.6,0.0,0.05,2026-09-10 15:28:13,🚬菸屁股,HOLD,1
GOOGL,2026-10-16,440.0,0.32,1984,2,43.164630859375,34,332.6,0.27,0.37,2026-09-10 16:05:44,🚬菸屁股,HOLD,1
GOOGL,2026-10-16,470.0,0.15,3815,2,49.023947265625004,34,332.6,0.11,0.26,2026-09-09 17:14:42,🚬菸屁股,HOLD,1
GOOGL,2026-10-16,550.0,0.07,2095,2,59.375406250000005,34,332.6,0.05,0.12,2026-09-10 16:41:54,🚬菸屁股,HOLD,1
GOOGL,2026-11-20,500.0,0.45,2489,2,45.2153916015625,69,332.6,0.37,0.61,2026-09-10 16:43:45,🚬菸屁股,HOLD,1
GOOGL,2026-11-20,510.0,0.43,2454,2,48.41360180664063,69,332.6,0.2,0.74,2026-09-09 15:30:39,🚬菸屁股,HOLD,1
GOOGL,2026-11-20,520.0,0.29,2966,2,48.60891235351563,69,332.6,0.14,0.6,2026-09-09 18:28:52,🚬菸屁股,HOLD,1
GOOGL,2026-11-20,540.0,0.25,4811,2,49.87843090820313,69,332.6,0.04,0.45,2026-09-10 14:59:33,🚬菸屁股,HOLD,1
GOOGL,2026-11-20,800.0,0.04,8151,2,64.45348046875,69,332.6,0.03,0.05,2026-09-10 18:54:33,🚬菸屁股,HOLD,1
GOOGL,2026-12-18,620.0,0.18,838,2,48.38918798828126,97,332.6,0.13,0.25,2026-09-10 17:34:47,🚬菸屁股,HOLD,1
GOOGL,2027-01-15,530.0,0.83,1108,2,41.93173303222656,125,332.6,0.56,1.19,2026-09-09 16:18:10,🚬菸屁股,HOLD,1
GOOGL,2028-01-21,640.0,7.46,1228,2,40.698835205078126,496,332.6,6.05,8.3,2026-08-31 15:52:06,🔭LEAPS,HOLD,1
GOOGL,2028-01-21,700.0,4.8,2490,2,41.20847366333008,496,332.6,3.95,6.0,2026-09-10 16:38:47,🔭LEAPS,HOLD,1
GOOGL,2028-06-16,730.0,7.27,884,2,40.95975788879394,643,332.6,6.0,8.7,2026-09-09 14:38:09,🔭LEAPS,HOLD,1
TGT,2027-01-15,230.0,0.64,2012,2,38.892212646484374,125,155.73,0.25,0.79,2026-09-09 17:07:38,🚬菸屁股,HOLD,1
AMZN,2026-09-18,380.0,0.04,3922,2,115.4301103515625,6,251.89,0.0,0.28,2026-09-08 18:48:10,🚬菸屁股,HOLD,1
AMZN,2026-09-18,410.0,0.01,1265,2,96.87503124999999,6,251.89,0.0,0.01,2026-09-03 14:15:08,🚬菸屁股,HOLD,1
AMZN,2026-10-16,370.0,0.09,4463,2,51.07470800781251,34,251.89,0.01,0.26,2026-09-10 14:44:05,🚬菸屁股,HOLD,1
AMZN,2026-11-20,370.0,0.38,3456,2,41.846284667968746,69,251.89,0.28,0.38,2026-09-09 13:55:51,🚬菸屁股,HOLD,1
META,2026-09-18,1140.0,0.01,869,2,114.84417578124999,6,644.38,0.0,0.03,2026-09-09 15:33:09,🚬菸屁股,HOLD,1
META,2026-09-18,1310.0,0.01,1710,2,140.625296875,6,644.38,0.0,0.03,2026-09-04 15:27:47,🚬菸屁股,HOLD,1
META,2026-10-16,870.0,0.91,1003,2,45.117736328125005,34,644.38,0.54,0.65,2026-09-10 14:56:56,🚬菸屁股,HOLD,1
META,2026-10-16,1180.0,0.05,1775,2,62.109753906250006,34,644.38,0.0,0.09,2026-09-09 17:57:44,🚬菸屁股,HOLD,1
META,2026-12-18,1420.0,0.17,832,2,53.955538574218764,97,644.38,0.11,0.28,2026-09-03 18:21:36,🚬菸屁股,HOLD,1
F,2026-12-18,21.67,0.08,7803,2,47.26615234375,97,13.88,0.03,0.06,2026-09-10 19:50:58,🚬菸屁股,HOLD,1
F,2028-01-21,8.0,6.35,1375,2,41.5044912109375,496,13.88,5.85,6.2,2026-09-08 17:45:28,🔭LEAPS,HOLD,1
AVGO,2026-09-18,490.0,0.02,5057,2,68.7503125,6,360.83,0.0,0.03,2026-09-10 19:05:59,🚬菸屁股,HOLD,1
AVGO,2026-09-18,650.0,0.05,1602,2,145.703396484375,6,360.83,0.0,0.2,2026-09-10 19:13:25,🚬菸屁股,HOLD,1
AVGO,2026-10-16,620.0,0.1,1263,2,66.8948623046875,34,360.83,0.01,0.3,2026-09-10 14:20:06,🚬菸屁股,HOLD,1
SBUX,2027-01-15,145.0,0.21,905,2,38.03772900390625,125,99.22,0.13,0.5,2026-09-09 16:59:43,🚬菸屁股,HOLD,1
SBUX,2028-01-21,125.0,7.1,1239,2,36.74074490356446,496,99.22,5.2,8.8,2026-09-10 16:32:27,🔭LEAPS,HOLD,1
BRK-B,2026-09-18,570.0,0.01,959,2,28.711650390624992,6,507.0,0.01,0.02,2026-09-10 19:19:14,🚬菸屁股,HOLD,1
BRK-B,2026-09-18,600.0,0.01,900,2,43.555251953125,6,507.0,0.0,0.05,2026-09-01 19:24:10,🚬菸屁股,HOLD,1
ARM,2026-09-18,400.0,0.13,782,2,108.203583984375,6,254.18,0.0,0.07,2026-09-09 15:35:14,🚬菸屁股,HOLD,1
DDD,2027-01-15,3.0,0.85,4701,2,100.78174609374999,125,3.27,0.7,1.05,2026-09-09 17:16:24,🚬菸屁股,HOLD,1
TSLA,2026-10-16,900.0,0.01,8413,1,85.937640625,34,363.56,0.01,0.02,2026-09-10 16:40:02,🚬菸屁股,HOLD,1
TSLA,2026-12-18,730.0,0.73,8228,1,60.40078662109377,97,363.56,0.7,0.8,2026-09-08 17:35:40,🚬菸屁股,HOLD,1
TSLA,2027-01-15,950.0,0.52,16641,1,65.9183095703125,125,363.56,0.45,0.54,2026-09-10 17:35:08,🚬菸屁股,HOLD,1
TSLA,2028-01-21,850.0,15.1,6005,1,54.16305603027345,496,363.56,13.85,14.4,2026-09-09 18:44:23,🔭LEAPS,HOLD,1
TSLA,2028-01-21,940.0,11.82,5096,1,54.95650512695314,496,363.56,10.8,11.4,2026-09-09 18:54:26,🔭LEAPS,HOLD,1
NVDA,2026-09-18,320.0,0.01,7899,1,79.687703125,6,218.36,0.0,0.01,2026-09-10 15:57:16,🚬菸屁股,HOLD,1
NVDA,2026-09-18,390.0,0.01,7836,1,115.625421875,6,218.36,0.0,0.01,2026-09-04 19:34:08,🚬菸屁股,HOLD,1
NVDA,2026-09-18,400.0,0.01,19000,1,121.875390625,6,218.36,0.0,0.01,2026-09-09 14:22:30,🚬菸屁股,HOLD,1
NVDA,2026-09-18,410.0,0.01,5972,1,125.00037499999999,6,218.36,0.0,0.01,2026-09-03 16:42:25,🚬菸屁股,HOLD,1
IBIT,2026-09-18,54.0,0.02,7565,1,65.62534375000001,6,43.68,0.02,0.03,2026-09-09 19:59:28,🚬菸屁股,HOLD,1
IBIT,2027-01-15,79.0,0.27,5269,1,52.83250292968751,125,43.68,0.18,0.22,2026-09-09 15:07:13,🚬菸屁股,HOLD,1
IBIT,2027-01-15,95.0,0.15,17566,1,60.547269531250016,125,43.68,0.1,0.14,2026-09-10 13:30:01,🚬菸屁股,HOLD,1
IBIT,2028-01-21,90.0,2.19,5178,1,52.3320196533203,496,43.68,2.04,2.28,2026-09-10 15:13:15,🔭LEAPS,HOLD,1
IBIT,2028-01-21,96.0,2.05,10602,1,52.844709838867196,496,43.68,1.73,1.98,2026-09-08 14:34:56,🔭LEAPS,HOLD,1
COIN,2027-01-15,880.0,0.22,13638,1,103.02782861328126,125,172.28,0.06,0.45,2026-09-09 19:45:58,🚬菸屁股,HOLD,1
INTC,2026-09-18,180.0,0.01,7746,1,125.00037499999999,6,100.32,0.0,0.01,2026-09-09 16:51:59,🚬菸屁股,HOLD,1
SMCI,2026-12-18,68.0,0.93,4182,1,83.64274169921873,97,37.38,0.79,0.89,2026-09-10 19:47:14,🚬菸屁股,HOLD,1
SMCI,2028-01-21,50.0,11.58,4849,1,82.91032714843749,496,37.38,10.3,10.9,2026-09-10 14:31:39,🔭LEAPS,HOLD,1
SMCI,2028-01-21,55.0,10.05,843,1,82.67839587402341,496,37.38,9.25,9.85,2026-09-10 16:22:41,🔭LEAPS,HOLD,1
OKLO,2026-10-16,100.0,0.11,2501,1,121.875390625,34,39.88,0.0,0.13,2026-09-10 16:02:23,🚬菸屁股,HOLD,1
OKLO,2026-10-16,110.0,0.05,826,1,136.71906640625,34,39.88,0.0,0.17,2026-09-09 19:34:13,🚬菸屁股,HOLD,1
OKLO,2026-11-20,90.0,0.4,1612,1,100.48877880859375,69,39.88,0.25,0.43,2026-09-10 18:04:15,🚬菸屁股,HOLD,1
OKLO,2026-11-20,165.0,0.1,1141,1,128.90660546875,69,39.88,0.0,0.18,2026-09-01 14:04:23,🚬菸屁股,HOLD,1
OKLO,2026-12-18,105.0,0.55,2599,1,103.12548437500001,97,39.88,0.38,0.58,2026-09-10 14:04:43,🚬菸屁股,HOLD,1
OKLO,2026-12-18,125.0,0.4,2251,1,109.57076464843752,97,39.88,0.17,0.49,2026-09-10 13:34:18,🚬菸屁股,HOLD,1
OKLO,2027-01-15,140.0,0.51,927,1,104.19969775390628,125,39.88,0.15,0.52,2026-09-08 13:45:29,🚬菸屁股,HOLD,1
OKLO,2028-01-21,85.0,8.3,1245,1,90.57626611328125,496,39.88,7.5,8.35,2026-09-10 15:56:47,🔭LEAPS,HOLD,1
OKLO,2028-01-21,95.0,8.27,832,1,91.82137084960938,496,39.88,6.75,7.6,2026-09-09 18:11:57,🔭LEAPS,HOLD,1
OKLO,2028-01-21,120.0,5.85,973,1,91.62606030273439,496,39.88,5.0,5.65,2026-09-10 15:31:54,🔭LEAPS,HOLD,1
OKLO,2028-01-21,130.0,4.9,1353,1,93.79889013671875,496,39.88,4.45,5.8,2026-09-10 16:27:51,🔭LEAPS,HOLD,1
OKLO,2028-01-21,145.0,4.2,1560,1,94.78764978027343,496,39.88,4.05,5.1,2026-09-02 18:17:10,🔭LEAPS,HOLD,1
VST,2026-09-18,200.0,0.07,8503,1,81.2501875,6,147.05,0.0,0.07,2026-09-10 16:53:33,🚬菸屁股,HOLD,1
VST,2026-09-18,210.0,0.44,9690,1,96.0937890625,6,147.05,0.0,0.1,2026-09-09 18:23:44,🚬菸屁股,HOLD,1
VST,2026-09-18,215.0,0.38,9110,1,125.5863095703125,6,147.05,0.0,0.5,2026-09-02 14:26:58,🚬菸屁股,HOLD,1
VST,2026-09-18,240.0,0.28,1266,1,137.10968945312501,6,147.05,0.0,0.2,2026-09-10 18:43:50,🚬菸屁股,HOLD,1
VST,2026-11-20,220.0,0.86,2808,1,56.71430004882813,69,147.05,0.7,1.33,2026-09-10 13:52:08,🚬菸屁股,HOLD,1
VST,2026-12-18,280.0,0.47,883,1,64.23375610351563,97,147.05,0.08,1.31,2026-09-03 13:30:04,🚬菸屁股,HOLD,1
VST,2028-01-21,320.0,7.58,820,1,54.73678076171876,496,147.05,6.75,7.8,2026-09-09 15:33:22,🔭LEAPS,HOLD,1
RKLB,2028-01-21,135.0,9.7,927,1,80.64594549560546,496,61.96,8.8,9.7,2026-09-10 17:50:10,🔭LEAPS,HOLD,1
RKLB,2028-01-21,175.0,6.8,3459,1,82.06805041503907,496,61.96,5.95,7.2,2026-09-10 14:05:21,🔭LEAPS,HOLD,1
RKLB,2028-01-21,185.0,6.75,1972,1,81.7811880493164,496,61.96,5.45,6.45,2026-09-08 18:37:29,🔭LEAPS,HOLD,1
ASTS,2028-01-21,125.0,12.0,1044,1,88.94664373779295,496,59.91,11.5,12.0,2026-09-10 19:33:18,🔭LEAPS,HOLD,1
UPST,2026-10-16,50.0,0.05,2324,1,102.34423828125001,34,25.1,0.01,0.12,2026-09-08 19:55:02,🚬菸屁股,HOLD,1
UPST,2027-01-15,62.5,0.42,809,1,83.007982421875,125,25.1,0.1,0.36,2026-09-03 18:58:52,🚬菸屁股,HOLD,1
UPST,2028-01-21,20.0,10.8,1183,1,82.39763696289062,496,25.1,10.35,11.85,2026-09-10 14:21:27,🔭LEAPS,HOLD,1
UPST,2028-01-21,47.5,4.45,772,1,78.30832238769531,496,25.1,4.0,4.55,2026-09-10 18:19:02,🔭LEAPS,HOLD,1
SOFI,2026-11-20,31.0,0.09,1247,1,71.0940390625,69,17.21,0.06,0.11,2026-09-09 17:35:28,🚬菸屁股,HOLD,1
SOFI,2026-12-18,31.0,0.18,781,1,67.38313867187502,97,17.21,0.13,0.18,2026-09-10 17:12:53,🚬菸屁股,HOLD,1
SOFI,2027-01-15,47.0,0.07,21578,1,77.73459765625,125,17.21,0.06,0.07,2026-09-10 15:18:39,🚬菸屁股,HOLD,1
SOFI,2028-01-21,42.0,1.17,8862,1,65.96713720703126,496,17.21,1.07,1.34,2026-09-10 14:37:57,🔭LEAPS,HOLD,1
SOFI,2028-06-16,32.0,2.63,12681,1,65.77182666015625,643,17.21,2.66,2.81,2026-09-10 19:28:01,🔭LEAPS,HOLD,1
DKNG,2026-09-18,37.5,0.03,2877,1,146.875265625,6,23.71,0.0,0.08,2026-09-09 13:49:14,🚬菸屁股,HOLD,1
DKNG,2026-12-18,35.0,0.44,3006,1,60.15664843750002,97,23.71,0.41,0.51,2026-09-10 16:26:19,🚬菸屁股,HOLD,1
DKNG,2026-12-18,50.0,0.08,1473,1,69.14093359375,97,23.71,0.05,0.12,2026-09-10 13:42:10,🚬菸屁股,HOLD,1
DKNG,2026-12-18,65.0,0.07,1810,1,86.32826171875,97,23.71,0.01,0.14,2026-09-03 15:27:12,🚬菸屁股,HOLD,1
DKNG,2026-12-18,70.0,0.03,6410,1,87.89074609375,97,23.71,0.0,0.11,2026-08-27 14:16:37,🚬菸屁股,HOLD,1
DKNG,2027-01-15,42.0,0.26,1580,1,59.6683720703125,125,23.71,0.18,0.3,2026-09-09 16:21:51,🚬菸屁股,HOLD,1
DKNG,2027-01-15,45.0,0.18,5600,1,59.375406250000005,125,23.71,0.08,0.22,2026-09-09 14:57:00,🚬菸屁股,HOLD,1
DKNG,2028-01-21,32.5,4.1,2431,1,60.828028442382816,496,23.71,3.85,4.4,2026-09-10 17:41:10,🔭LEAPS,HOLD,1
DKNG,2028-01-21,35.0,3.52,2042,1,59.83926879882813,496,23.71,3.35,3.7,2026-09-10 14:27:33,🔭LEAPS,HOLD,1
DKNG,2028-01-21,37.5,2.87,19871,1,59.692785888671885,496,23.71,2.87,3.3,2026-09-09 19:41:35,🔭LEAPS,HOLD,1
IREN,2026-10-16,85.0,0.18,1864,1,104.49266503906252,34,43.64,0.1,0.21,2026-09-10 16:29:24,🚬菸屁股,HOLD,1
IREN,2026-10-16,105.0,0.07,845,1,112.5004375,34,43.64,0.0,0.1,2026-09-10 14:59:13,🚬菸屁股,HOLD,1
IREN,2026-10-16,110.0,0.04,2326,1,118.75040625,34,43.64,0.01,0.1,2026-09-10 16:23:59,🚬菸屁股,HOLD,1
IREN,2026-11-20,100.0,0.46,2703,1,106.15281298828126,69,43.64,0.4,0.53,2026-09-10 16:27:07,🚬菸屁股,HOLD,1
IREN,2026-11-20,130.0,0.25,1323,1,113.0863720703125,69,43.64,0.11,0.26,2026-09-09 16:53:24,🚬菸屁股,HOLD,1
IREN,2026-12-18,105.0,0.78,1023,1,102.49072192382815,97,43.64,0.65,0.82,2026-09-10 18:31:02,🚬菸屁股,HOLD,1
IREN,2026-12-18,130.0,0.49,992,1,107.22702636718753,97,43.64,0.3,0.48,2026-09-09 18:24:02,🚬菸屁股,HOLD,1
IREN,2028-01-21,75.0,12.0,3501,1,93.78668322753907,496,43.64,11.2,12.0,2026-09-10 13:30:02,🔭LEAPS,HOLD,1
IREN,2028-01-21,90.0,9.9,9236,1,94.03692486572265,496,43.64,9.35,10.05,2026-09-10 13:44:19,🔭LEAPS,HOLD,1
IREN,2028-01-21,115.0,8.4,1901,1,93.66461413574218,496,43.64,6.95,7.65,2026-09-09 16:44:45,🔭LEAPS,HOLD,1
U,2028-01-21,47.0,11.95,7592,1,68.19489813232424,496,42.07,10.75,12.15,2026-09-08 18:51:24,🔭LEAPS,HOLD,1
PATH,2026-10-16,21.0,0.05,974,1,90.62509374999999,34,13.87,0.04,0.27,2026-09-10 15:02:02,🚬菸屁股,HOLD,1
PATH,2026-11-20,23.0,0.13,4302,1,76.95335546875,69,13.87,0.03,0.33,2026-09-08 16:44:58,🚬菸屁股,HOLD,1
PATH,2027-01-15,35.0,0.1,3050,1,79.883013671875,125,13.87,0.01,0.18,2026-09-09 16:31:09,🚬菸屁股,HOLD,1
PATH,2028-01-21,3.0,11.4,1177,1,98.242205078125,496,13.87,10.75,11.55,2026-09-08 13:51:35,🔭LEAPS,HOLD,1
ROKU,2027-01-15,200.0,0.2,1084,1,25.757578369140628,125,154.12,0.0,0.47,2026-09-09 17:37:45,🚬菸屁股,HOLD,1
HOOD,2026-11-20,230.0,0.54,5384,1,80.90839404296875,69,113.33,0.41,0.6,2026-09-09 19:04:24,🚬菸屁股,HOLD,1
HOOD,2026-12-18,280.0,0.52,1133,1,79.49239257812499,97,113.33,0.31,0.43,2026-09-09 14:03:40,🚬菸屁股,HOLD,1
TDOC,2027-01-15,12.5,0.12,5063,1,78.12521875,125,6.09,0.06,0.14,2026-09-10 19:45:39,🚬菸屁股,HOLD,1
TDOC,2028-01-21,3.0,3.5,2351,1,83.59391406249999,496,6.09,2.45,4.8,2026-09-09 19:01:27,🔭LEAPS,HOLD,1
ZM,2026-09-18,125.0,0.03,4871,1,79.687703125,6,95.46,0.0,0.1,2026-09-10 14:18:27,🚬菸屁股,HOLD,1
XYZ,2026-09-18,105.0,0.23,1251,1,102.93017285156252,6,79.07,0.0,0.34,2026-09-09 17:02:07,🚬菸屁股,HOLD,1
XYZ,2026-09-18,115.0,0.06,1141,1,132.422212890625,6,79.07,0.0,0.4,2026-08-27 17:49:54,🚬菸屁股,HOLD,1
XYZ,2026-12-18,115.0,0.89,1011,1,52.17332983398437,97,79.07,0.65,0.99,2026-09-08 19:32:33,🚬菸屁股,HOLD,1
XYZ,2027-01-15,125.0,0.5,5153,1,51.465329101562496,125,79.07,0.6,0.86,2026-09-09 18:13:50,🚬菸屁股,HOLD,1
XYZ,2027-01-15,145.0,0.32,23725,1,52.734847656250004,125,79.07,0.24,0.4,2026-09-10 15:50:16,🚬菸屁股,HOLD,1
XYZ,2028-01-21,110.0,9.85,1954,1,51.25170819091795,496,79.07,9.45,10.45,2026-09-09 15:30:48,🔭LEAPS,HOLD,1
XYZ,2028-01-21,115.0,10.15,775,1,51.07470800781251,496,79.07,8.4,9.5,2026-09-03 15:01:15,🔭LEAPS,HOLD,1
XYZ,2028-01-21,120.0,7.75,1428,1,50.751224914550775,496,79.07,7.5,8.5,2026-09-09 13:41:06,🔭LEAPS,HOLD,1
CRSP,2026-09-18,75.0,0.05,1023,1,101.5629921875,6,52.26,0.0,0.05,2026-09-08 15:14:39,🚬菸屁股,HOLD,1
NTLA,2027-01-15,25.0,0.45,1893,1,94.33599414062499,125,11.93,0.0,0.8,2026-09-08 13:55:14,🚬菸屁股,HOLD,1
NTLA,2027-01-15,35.0,0.1,3784,1,96.0937890625,125,11.93,0.05,0.2,2026-09-09 14:58:05,🚬菸屁股,HOLD,1
NTLA,2028-01-21,7.5,7.5,1030,1,115.13714306640624,496,11.93,6.1,8.5,2026-09-08 16:07:02,🔭LEAPS,HOLD,1
BEAM,2028-01-21,40.0,4.48,2247,1,69.75127905273439,496,24.37,2.0,6.1,2026-09-10 19:42:48,🔭LEAPS,HOLD,1
PACB,2027-01-15,5.0,0.05,3475,1,146.875265625,125,1.27,0.0,0.1,2026-09-04 19:53:44,🚬菸屁股,HOLD,1
PACB,2028-01-21,0.5,0.95,772,1,123.43788281249999,496,1.27,0.85,1.0,2026-09-09 16:49:50,🔭LEAPS,HOLD,1
VCYT,2026-09-18,50.0,0.65,1036,1,149.60962695312497,6,42.03,0.0,2.5,2026-09-09 13:47:02,🚬菸屁股,HOLD,1
HIMS,2026-11-20,47.0,0.6,3324,1,93.945373046875,69,27.44,0.46,0.88,2026-09-09 16:18:04,🚬菸屁股,HOLD,1
HIMS,2026-12-18,55.0,0.6,907,1,90.82040429687498,97,27.44,0.45,0.68,2026-09-10 14:23:53,🚬菸屁股,HOLD,1
HIMS,2026-12-18,95.0,0.13,967,1,110.35201074218752,97,27.44,0.1,0.21,2026-09-10 18:06:38,🚬菸屁股,HOLD,1
HIMS,2026-12-18,100.0,0.08,3321,1,109.375453125,97,27.44,0.05,0.18,2026-09-10 13:30:02,🚬菸屁股,HOLD,1
HIMS,2026-12-18,105.0,0.11,1384,1,123.63319433593749,97,27.44,0.09,0.36,2026-09-10 17:21:19,🚬菸屁股,HOLD,1
HIMS,2027-01-15,80.0,0.32,4528,1,96.679720703125,125,27.44,0.23,0.38,2026-09-10 14:02:54,🚬菸屁股,HOLD,1
HIMS,2028-01-21,65.0,4.25,789,1,85.08315698242188,496,27.44,3.8,4.5,2026-09-09 18:30:36,🔭LEAPS,HOLD,1
HIMS,2028-01-21,70.0,3.75,798,1,88.30578100585937,496,27.44,3.7,4.55,2026-09-10 17:43:36,🔭LEAPS,HOLD,1
HIMS,2028-01-21,90.0,2.55,4202,1,87.08509008789062,496,27.44,2.51,3.05,2026-09-10 15:36:01,🔭LEAPS,HOLD,1
HIMS,2028-01-21,95.0,2.66,3037,1,88.64757446289062,496,27.44,2.38,3.05,2026-09-09 14:56:08,🔭LEAPS,HOLD,1
ONDS,2026-10-16,18.0,0.03,1175,1,142.96903515625,34,7.25,0.0,0.08,2026-09-01 13:30:01,🚬菸屁股,HOLD,1
ONDS,2026-11-20,15.0,0.11,1521,1,98.04689453125,69,7.25,0.03,0.14,2026-09-10 17:51:50,🚬菸屁股,HOLD,1
ONDS,2026-12-18,18.0,0.09,3924,1,101.95361523437501,97,7.25,0.08,0.13,2026-09-10 18:52:00,🚬菸屁股,HOLD,1
LUNR,2027-01-15,40.0,0.28,4974,1,98.437515625,125,14.62,0.2,0.26,2026-09-10 18:50:46,🚬菸屁股,HOLD,1
JOBY,2026-10-16,14.0,0.01,1837,1,134.37532812499998,34,6.31,0.0,0.09,2026-09-10 15:06:31,🚬菸屁股,HOLD,1
JOBY,2026-10-16,15.0,0.03,1662,1,131.25034374999998,34,6.31,0.0,0.05,2026-09-10 16:41:42,🚬菸屁股,HOLD,1
JOBY,2026-11-20,17.0,0.06,1201,1,115.625421875,69,6.31,0.01,0.09,2026-09-02 13:56:25,🚬菸屁股,HOLD,1
JOBY,2026-11-20,20.0,0.04,1870,1,117.1879140625,69,6.31,0.01,0.04,2026-09-04 13:46:53,🚬菸屁股,HOLD,1
JOBY,2027-01-15,27.0,0.03,1490,1,117.1879140625,125,6.31,0.01,0.1,2026-08-24 17:27:12,🚬菸屁股,HOLD,1
JOBY,2027-01-15,32.0,0.01,1046,1,114.84417578124999,125,6.31,0.0,0.05,2026-09-09 19:43:50,🚬菸屁股,HOLD,1
JOBY,2027-01-15,35.0,0.02,2448,1,112.5004375,125,6.31,0.0,0.03,2026-08-31 13:30:03,🚬菸屁股,HOLD,1
ACHR,2028-01-21,22.0,0.44,1325,1,90.82040429687498,496,5.45,0.41,0.52,2026-09-10 18:51:42,🔭LEAPS,HOLD,1
SMR,2026-11-20,19.0,0.29,1148,1,100.39112304687498,69,10.21,0.15,0.29,2026-09-10 14:59:17,🚬菸屁股,HOLD,1
NNE,2026-10-16,28.0,0.1,911,1,94.92192578125,34,17.36,0.05,0.25,2026-09-10 18:28:13,🚬菸屁股,HOLD,1
NNE,2026-10-16,40.0,0.05,1168,1,128.90660546875,34,17.36,0.0,0.15,2026-09-09 17:08:33,🚬菸屁股,HOLD,1
NNE,2028-01-21,50.0,2.4,796,1,92.23640576171876,496,17.36,2.2,2.8,2026-09-10 19:32:53,🔭LEAPS,HOLD,1
VRT,2026-09-18,420.0,0.03,794,1,128.125359375,6,248.13,0.0,0.1,2026-09-10 19:42:39,🚬菸屁股,HOLD,1
VRT,2026-09-18,430.0,0.27,757,1,142.77372363281248,6,248.13,0.0,0.2,2026-09-09 19:41:58,🚬菸屁股,HOLD,1
CRWV,2026-10-16,175.0,0.24,2881,1,101.27002490234376,34,89.12,0.22,0.26,2026-09-10 16:18:11,🚬菸屁股,HOLD,1
CRWV,2026-10-16,195.0,0.15,7415,1,108.984830078125,34,89.12,0.14,0.2,2026-09-10 13:57:27,🚬菸屁股,HOLD,1
PCG,2026-10-16,25.0,0.07,14978,1,94.5313046875,34,14.03,0.01,0.1,2026-09-10 14:53:50,🚬菸屁股,HOLD,1
PCG,2026-12-18,23.0,0.28,6196,1,70.898728515625,97,14.03,0.15,0.4,2026-09-10 14:56:17,🚬菸屁股,HOLD,1
PCG,2028-01-21,35.0,0.25,3652,1,52.393054199218746,496,14.03,0.05,0.73,2026-09-10 14:02:38,🔭LEAPS,HOLD,1
TJX,2026-09-18,150.0,0.02,1564,1,52.14891601562499,6,126.42,0.0,0.05,2026-09-10 13:51:55,🚬菸屁股,HOLD,1
TJX,2026-09-18,160.0,0.01,1561,1,63.281617187500004,6,126.42,0.0,0.05,2026-09-10 14:28:23,🚬菸屁股,HOLD,1
TJX,2026-09-18,170.0,0.02,3762,1,77.3439765625,6,126.42,0.0,0.05,2026-09-10 17:05:06,🚬菸屁股,HOLD,1
TJX,2026-10-16,155.0,0.1,1319,1,28.516339843749993,34,126.42,0.0,0.05,2026-09-09 17:25:44,🚬菸屁股,HOLD,1
TJX,2026-10-16,170.0,0.05,1196,1,39.45373046875,34,126.42,0.0,0.05,2026-09-10 13:30:03,🚬菸屁股,HOLD,1
TJX,2026-12-18,170.0,0.25,1198,1,30.83565258789062,97,126.42,0.1,0.3,2026-09-09 14:25:15,🚬菸屁股,HOLD,1
TJX,2027-01-15,170.0,0.45,2441,1,29.346409667968743,125,126.42,0.2,0.45,2026-09-10 18:08:44,🚬菸屁股,HOLD,1
TJX,2027-01-15,175.0,0.45,1163,1,30.127651855468752,125,126.42,0.15,0.35,2026-09-03 13:42:33,🚬菸屁股,HOLD,1
WMT,2026-09-18,160.0,0.04,1117,1,96.87503124999999,6,105.73,0.0,0.02,2026-09-10 13:58:05,🚬菸屁股,HOLD,1
WMT,2026-09-18,195.0,0.02,9013,1,140.625296875,6,105.73,0.0,0.03,2026-08-21 16:42:58,🚬菸屁股,HOLD,1
WMT,2026-10-16,140.0,0.01,1202,1,38.477177734375,34,105.73,0.0,0.05,2026-09-04 19:13:27,🚬菸屁股,HOLD,1
WMT,2026-12-18,150.0,0.16,3146,1,33.936207519531244,97,105.73,0.08,0.2,2026-09-04 17:54:43,🚬菸屁股,HOLD,1
WMT,2026-12-18,165.0,0.08,1487,1,48.657739990234376,97,105.73,0.0,0.53,2026-09-01 14:27:25,🚬菸屁股,HOLD,1
WMT,2027-01-15,195.0,0.06,7949,1,43.2622861328125,125,105.73,0.02,0.1,2026-09-08 13:45:10,🚬菸屁股,HOLD,1
WMT,2028-01-21,170.0,2.04,1846,1,32.031929687499996,496,105.73,1.65,2.41,2026-09-09 18:51:42,🔭LEAPS,HOLD,1
RDDT,2026-09-18,240.0,0.02,2290,1,90.62509374999999,6,155.34,0.0,0.01,2026-09-10 17:24:53,🚬菸屁股,HOLD,1
RDDT,2026-09-18,280.0,0.04,1792,1,128.125359375,6,155.34,0.0,0.02,2026-09-09 14:17:56,🚬菸屁股,HOLD,1
RDDT,2026-10-16,300.0,0.06,846,1,85.54701953125,34,155.34,0.0,0.27,2026-09-10 17:16:06,🚬菸屁股,HOLD,1
ORCL,2026-12-18,500.0,0.23,5563,1,89.84385156249999,97,152.94,0.02,0.44,2026-09-10 19:26:29,🚬菸屁股,HOLD,1
ORCL,2027-01-15,420.0,0.43,1055,1,77.00218310546876,125,152.94,0.14,0.89,2026-09-10 19:44:52,🚬菸屁股,HOLD,1
ORCL,2027-01-15,430.0,0.4,781,1,76.92894165039064,125,152.94,0.03,0.86,2026-09-10 19:27:20,🚬菸屁股,HOLD,1
ORCL,2028-01-21,370.0,10.2,1166,1,64.2703768310547,496,152.94,8.75,11.3,2026-09-10 18:21:47,🔭LEAPS,HOLD,1
ORCL,2028-01-21,410.0,9.3,1160,1,65.29880892944337,496,152.94,7.45,9.35,2026-09-09 19:55:57,🔭LEAPS,HOLD,1
GOOGL,2026-09-18,435.0,0.05,1539,1,66.40658593750001,6,332.6,0.03,0.04,2026-09-09 18:03:11,🚬菸屁股,HOLD,1
GOOGL,2026-09-18,540.0,0.01,1234,1,96.87503124999999,6,332.6,0.0,0.01,2026-09-09 14:58:35,🚬菸屁股,HOLD,1
GOOGL,2026-09-18,565.0,0.07,3049,1,149.21900390624998,6,332.6,0.0,0.52,2026-09-09 15:04:27,🚬菸屁股,HOLD,1
GOOGL,2026-09-18,575.0,0.01,3392,1,106.25046875000001,6,332.6,0.0,0.01,2026-09-09 15:06:17,🚬菸屁股,HOLD,1
GOOGL,2026-10-16,520.0,0.09,3685,1,53.906710937500016,34,332.6,0.03,0.15,2026-09-10 14:59:30,🚬菸屁股,HOLD,1
GOOGL,2026-10-16,540.0,0.14,6393,1,59.570716796875004,34,332.6,0.02,0.22,2026-09-10 15:00:19,🚬菸屁股,HOLD,1
GOOGL,2026-11-20,480.0,0.67,3541,1,44.0435283203125,69,332.6,0.42,0.88,2026-09-10 18:01:50,🚬菸屁股,HOLD,1
GOOGL,2026-11-20,490.0,0.71,5127,1,44.40973559570312,69,332.6,0.33,0.71,2026-09-08 18:45:53,🚬菸屁股,HOLD,1
GOOGL,2026-12-18,525.0,0.66,2548,1,44.434149414062496,97,332.6,0.39,0.88,2026-09-09 17:07:11,🚬菸屁股,HOLD,1
GOOGL,2026-12-18,550.0,0.48,3068,1,47.1684970703125,97,332.6,0.18,0.78,2026-09-09 17:07:24,🚬菸屁股,HOLD,1
GOOGL,2026-12-18,800.0,0.06,859,1,55.078574218750006,97,332.6,0.01,0.08,2026-09-02 13:57:25,🚬菸屁股,HOLD,1
GOOGL,2027-01-15,650.0,0.25,4323,1,48.09622216796875,125,332.6,0.11,0.4,2026-09-08 15:26:32,🚬菸屁股,HOLD,1
GOOGL,2028-01-21,580.0,10.45,2413,1,40.415024566650395,496,332.6,9.6,11.95,2026-09-09 14:14:14,🔭LEAPS,HOLD,1
GOOGL,2028-01-21,610.0,8.25,2633,1,40.511153976440426,496,332.6,7.65,9.9,2026-09-09 13:32:53,🔭LEAPS,HOLD,1
GOOGL,2028-01-21,670.0,6.0,1341,1,40.97043893432617,496,332.6,3.85,7.05,2026-08-31 14:10:18,🔭LEAPS,HOLD,1
GOOGL,2028-01-21,690.0,5.5,2943,1,41.23288748168945,496,332.6,4.15,6.4,2026-09-08 19:35:41,🔭LEAPS,HOLD,1
GOOGL,2028-06-16,710.0,7.77,1692,1,40.84226638793945,643,332.6,7.0,9.5,2026-09-09 13:34:38,🔭LEAPS,HOLD,1
AMZN,2026-09-18,340.0,0.01,6431,1,62.500375000000005,6,251.89,0.0,0.01,2026-09-10 19:33:00,🚬菸屁股,HOLD,1
AMZN,2026-09-18,360.0,0.01,5945,1,75.00025000000001,6,251.89,0.0,0.01,2026-09-03 16:09:03,🚬菸屁股,HOLD,1
AMZN,2026-10-16,380.0,0.06,6064,1,46.0942890625,34,251.89,0.0,0.03,2026-09-09 18:26:24,🚬菸屁股,HOLD,1
AMZN,2026-12-18,410.0,0.19,8377,1,40.918559570312496,97,251.89,0.13,0.26,2026-09-10 16:42:59,🚬菸屁股,HOLD,1
META,2026-09-18,950.0,0.01,1890,1,75.00025000000001,6,644.38,0.0,0.01,2026-09-04 16:46:59,🚬菸屁股,HOLD,1
META,2026-09-18,1030.0,0.01,828,1,99.804689453125,6,644.38,0.0,0.05,2026-09-09 14:29:50,🚬菸屁股,HOLD,1
META,2026-09-18,1040.0,0.01,856,1,97.6562734375,6,644.38,0.0,0.03,2026-09-09 19:38:17,🚬菸屁股,HOLD,1
META,2026-09-18,1070.0,0.01,893,1,103.12548437500001,6,644.38,0.0,0.03,2026-08-31 13:40:29,🚬菸屁股,HOLD,1
META,2026-09-18,1190.0,0.01,1722,1,112.5004375,6,644.38,0.0,0.01,2026-09-09 14:32:53,🚬菸屁股,HOLD,1
META,2026-09-18,1240.0,0.02,1421,1,129.6878515625,6,644.38,0.0,0.03,2026-09-02 13:37:07,🚬菸屁股,HOLD,1
META,2026-09-18,1340.0,0.01,1734,1,143.75028125,6,644.38,0.0,0.03,2026-09-09 15:23:54,🚬菸屁股,HOLD,1
META,2026-09-18,1410.0,0.02,1798,1,143.75028125,6,644.38,0.0,0.01,2026-09-09 14:28:04,🚬菸屁股,HOLD,1
META,2026-09-18,1450.0,0.01,1834,1,146.875265625,6,644.38,0.0,0.01,2026-09-09 14:27:49,🚬菸屁股,HOLD,1
META,2026-10-16,860.0,0.8,956,1,44.77594287109375,34,644.38,0.63,0.77,2026-09-10 13:54:04,🚬菸屁股,HOLD,1
META,2026-10-16,1000.0,0.1,809,1,50.879397460937504,34,644.38,0.06,0.17,2026-09-10 14:03:04,🚬菸屁股,HOLD,1
META,2026-12-18,1240.0,0.58,1842,1,50.07374145507812,97,644.38,0.29,0.61,2026-09-09 13:36:50,🚬菸屁股,HOLD,1
F,2026-09-18,18.0,0.01,13001,1,81.2501875,6,13.88,0.0,0.02,2026-09-09 19:49:11,🚬菸屁股,HOLD,1
F,2026-09-18,21.0,0.01,10528,1,131.25034374999998,6,13.88,0.0,0.04,2026-08-25 14:41:20,🚬菸屁股,HOLD,1
F,2027-01-15,21.0,0.08,1688,1,41.79745703125,125,13.88,0.04,0.08,2026-09-10 14:53:22,🚬菸屁股,HOLD,1
AVGO,2026-09-18,600.0,0.01,20476,1,98.437515625,6,360.83,0.0,0.01,2026-09-09 16:40:43,🚬菸屁股,HOLD,1
AVGO,2026-09-18,670.0,0.02,903,1,125.00037499999999,6,360.83,0.0,0.02,2026-09-02 19:30:09,🚬菸屁股,HOLD,1
AVGO,2026-09-18,740.0,0.01,868,1,143.75028125,6,360.83,0.0,0.02,2026-09-10 16:34:30,🚬菸屁股,HOLD,1
AVGO,2026-11-20,630.0,0.13,4285,1,51.758294921875006,69,360.83,0.08,0.44,2026-09-10 19:44:54,🚬菸屁股,HOLD,1
AVGO,2026-12-18,680.0,0.49,1139,1,54.05319384765627,97,360.83,0.17,1.0,2026-09-10 14:34:03,🚬菸屁股,HOLD,1
GS,2026-09-18,1300.0,0.09,1033,1,76.562734375,6,1019.77,0.0,1.5,2026-09-04 16:50:57,🚬菸屁股,HOLD,1
SBUX,2026-09-18,125.0,0.03,982,1,107.81296093750001,6,99.22,0.0,1.17,2026-09-08 16:40:48,🚬菸屁股,HOLD,1
SBUX,2027-01-15,140.0,0.35,929,1,37.036762451171874,125,99.22,0.21,0.63,2026-09-10 15:10:32,🚬菸屁股,HOLD,1
SBUX,2027-01-15,155.0,0.42,908,1,39.16076464843749,125,99.22,0.06,0.29,2026-08-06 13:30:12,🚬菸屁股,HOLD,1
SBUX,2027-01-15,165.0,0.18,922,1,40.430283203125,125,99.22,0.03,0.18,2026-08-13 14:03:05,🚬菸屁股,HOLD,1
BRK-B,2026-12-18,740.0,0.25,1026,1,29.29758203124999,97,507.0,0.01,0.2,2026-08-25 16:41:21,🚬菸屁股,HOLD,1
CHPT,2027-01-15,20.0,0.2,911,1,97.6562734375,125,8.93,0.15,0.4,2026-09-10 14:19:52,🚬菸屁股,HOLD,1
DDD,2026-09-18,4.0,0.04,1408,1,103.12548437500001,6,3.27,0.0,0.05,2026-09-10 14:19:14,🚬菸屁股,HOLD,1
DDD,2026-12-18,7.5,0.15,2509,1,119.141029296875,97,3.27,0.0,0.25,2026-08-31 15:23:26,🚬菸屁股,HOLD,1
DDD,2028-01-21,3.0,1.6,1645,1,110.74263378906251,496,3.27,1.45,1.85,2026-09-09 17:42:25,🔭LEAPS,HOLD,1
GOOGL,2026-09-11,460.0,0.01,2243,2114,196.875015625,-1,332.6,0.0,0.02,2026-09-09 19:59:17,🎲末日結算 🆕新倉暴量 ⚠️IV頂峰 🚬菸屁股 ⚠️暴動高IV(197%),GAMBLE,-1
GOOGL,2026-09-11,455.0,0.01,1162,1004,193.75003125,-1,332.6,0.0,0.02,2026-09-09 19:24:02,🎲末日結算 🆕新倉暴量 ⚠️IV頂峰 🚬菸屁股 ⚠️暴動高IV(194%),GAMBLE,-1
GOOGL,2026-09-11,470.0,0.01,1200,1003,196.875015625,-1,332.6,0.0,0.01,2026-09-09 19:47:41,🎲末日結算 🆕新倉暴量 ⚠️IV頂峰 🚬菸屁股 ⚠️暴動高IV(197%),GAMBLE,-1
NBIS,2026-09-11,285.0,0.03,1130,426,151.5627421875,-1,228.11,0.01,0.02,2026-09-10 18:38:54,🎲末日結算 🆕新倉暴量 ⚠️IV頂峰 🚬菸屁股 ⚠️暴動高IV(152%),GAMBLE,-1
SMCI,2026-09-18,100.0,0.02,5434,1651,212.50046874999998,6,37.38,0.0,0.01,2026-09-08 16:01:28,🆕新倉暴量 ⚠️IV頂峰 🚬菸屁股 ⚠️尾段價外(168%) ⚠️暴動高IV(213%),BUY_WATCH,-2
IONQ,2026-09-18,100.0,0.02,2947,1042,239.06290234374995,6,36.84,0.0,0.03,2026-09-08 17:36:52,🆕新倉暴量 ⚠️IV頂峰 🚬菸屁股 ⚠️尾段價外(171%) ⚠️暴動高IV(239%),BUY_WATCH,-2
OKLO,2026-09-18,70.0,0.06,7442,428,156.25021875,6,39.88,0.0,0.06,2026-09-10 19:20:17,🚀點火(14.8x) ⚠️IV頂峰 🚬菸屁股 ⚠️尾段價外(76%) ⚠️暴動高IV(156%),BUY_WATCH,-2
