Stock,Expiry,Strike,Ask,OpenInterest,Volume,IV,DTE,Spot,Bid,AskReal,LastTradeAt,Tags,Action,Score
INTC,2028-01-21,80.0,59.8,10291,23557,76.1873719177246,486,123.86000061035156,60.05,60.85,2026-09-22 19:33:16,🚨異常掃貨 🚀點火(>50x) 🔭LEAPS,STRONG_BUY,9
GOOGL,2026-10-02,420.0,0.1,5999,14607,45.4107021484375,10,351.1600036621094,0.08,0.12,2026-09-22 19:59:07,🚨異常掃貨 🚀點火(>50x) 🚬菸屁股,STRONG_BUY,9
HIMS,2026-10-02,32.0,0.89,2598,4129,71.7776259765625,10,30.43000030517578,0.87,0.91,2026-09-22 19:59:01,🚨異常掃貨 🆕新倉暴量 🚬菸屁股,STRONG_BUY,9
NEE,2026-12-18,87.5,0.84,1578,2010,25.12281909179687,87,79.26000213623047,0.71,1.23,2026-09-22 19:33:08,🚨異常掃貨 🚀點火(>50x) 🚬菸屁股,STRONG_BUY,9
BAC,2026-10-02,58.0,0.32,980,1758,25.049577636718745,10,56.20000076293945,0.31,0.34,2026-09-22 19:59:11,🚨異常掃貨 🆕新倉暴量 🚬菸屁股,STRONG_BUY,9
ACHR,2026-11-20,7.0,0.29,973,1291,76.17211328125,59,5.690000057220459,0.28,0.3,2026-09-22 19:57:50,🚨異常掃貨 🆕新倉暴量 🚬菸屁股,STRONG_BUY,9
BAC,2026-12-18,70.0,0.11,59943,54367,25.6843369140625,87,56.20000076293945,0.1,0.13,2026-09-22 19:47:45,🚀點火(>50x) 🚬菸屁股 🔥萬人塚,BUY_WATCH,8
PCG,2027-01-15,14.0,1.02,12838,32527,51.36767382812499,115,12.880000114440918,0.97,1.05,2026-09-22 19:39:35,🚨異常掃貨 🆕新倉暴量,STRONG_BUY,8
PCG,2027-01-15,17.0,0.42,84680,27537,51.95360546875,115,12.880000114440918,0.36,0.43,2026-09-22 19:46:15,🚀點火(3.9x) 🚬菸屁股 🔥萬人塚,BUY_WATCH,8
PCG,2026-12-18,18.0,0.23,82431,18343,54.883263671875014,87,12.880000114440918,0.18,0.24,2026-09-22 19:43:24,🚀點火(>50x) 🚬菸屁股 🔥萬人塚,BUY_WATCH,8
NKE,2026-12-18,40.0,1.66,5651,11765,44.092355957031245,87,36.099998474121094,1.6,1.69,2026-09-22 19:53:39,🚨異常掃貨 🚀點火(9.1x),STRONG_BUY,8
XYZ,2026-11-20,90.0,2.06,3282,11342,49.1216025390625,59,77.52999877929688,1.98,2.18,2026-09-22 19:57:14,🚨異常掃貨 🆕新倉暴量,STRONG_BUY,8
GOOGL,2026-10-02,365.0,2.83,7943,10951,32.39813696289062,10,351.1600036621094,2.57,2.94,2026-09-22 19:59:07,🚨異常掃貨 🆕新倉暴量,STRONG_BUY,8
IBIT,2026-11-20,57.0,0.97,38893,10637,43.286699951171876,59,48.83000183105469,0.93,0.96,2026-09-22 19:37:42,🚀點火(2.5x) 🚬菸屁股 🔥萬人塚,BUY_WATCH,8
GOOGL,2026-10-02,370.0,1.87,3360,9152,32.39813696289062,10,351.1600036621094,1.8,1.93,2026-09-22 19:59:56,🚨異常掃貨 🆕新倉暴量,STRONG_BUY,8
MSTR,2026-10-02,180.0,3.97,5325,8686,74.19459399414062,10,167.3300018310547,3.9,4.05,2026-09-22 19:59:41,🚨異常掃貨 🆕新倉暴量,STRONG_BUY,8
GOOGL,2026-10-16,390.0,1.75,4879,7702,33.54558642578125,24,351.1600036621094,1.67,1.84,2026-09-22 19:57:51,🚨異常掃貨 🆕新倉暴量,STRONG_BUY,8
TSLA,2026-10-02,400.0,4.0,5235,7358,43.37825177001954,10,378.8999938964844,3.95,4.05,2026-09-22 19:59:59,🚨異常掃貨 🆕新倉暴量,STRONG_BUY,8
RKLB,2026-10-02,75.0,2.2,2257,6711,68.28644995117189,10,71.9800033569336,2.14,2.2,2026-09-22 19:59:55,🚨異常掃貨 🚀點火(3.1x),STRONG_BUY,8
ASTS,2026-10-02,70.0,1.24,1827,5063,76.75804492187501,10,63.689998626708984,1.2,1.3,2026-09-22 19:58:43,🚨異常掃貨 🚀點火(2.7x),STRONG_BUY,8
META,2026-10-02,800.0,5.5,2932,4936,48.70656762695313,10,736.594970703125,5.4,5.65,2026-09-22 19:59:41,🚨異常掃貨 🆕新倉暴量,STRONG_BUY,8
GOOGL,2026-10-02,360.0,4.15,2655,3347,32.068550415039056,10,351.1600036621094,4.05,4.25,2026-09-22 19:59:33,🚨異常掃貨 🆕新倉暴量,STRONG_BUY,8
IREN,2026-12-18,90.0,1.35,1522,2992,96.19144433593749,87,48.54999923706055,1.26,1.49,2026-09-22 19:47:25,🚨異常掃貨 🆕新倉暴量,STRONG_BUY,8
AMZN,2026-10-02,262.5,2.44,1128,2460,30.322962402343745,10,254.97999572753906,2.25,2.48,2026-09-22 19:59:40,🚨異常掃貨 🆕新倉暴量,STRONG_BUY,8
PCG,2027-01-15,22.0,0.11,70889,1810,59.96133789062501,115,12.880000114440918,0.08,0.19,2026-09-22 18:50:26,🚀點火(14.3x) 🚬菸屁股 🔥萬人塚,BUY_WATCH,8
PCG,2027-01-15,16.0,0.55,55127,239,51.07470800781251,115,12.880000114440918,0.48,0.59,2026-09-22 17:55:06,🚀點火(4.6x) 🚬菸屁股 🔥萬人塚,BUY_WATCH,8
PCG,2026-11-20,20.0,0.05,250159,88,60.15664843750002,59,12.880000114440918,0.01,0.1,2026-09-22 18:33:35,🚀點火(3.7x) 🚬菸屁股 🔥萬人塚,BUY_WATCH,8
SOFI,2026-09-25,18.0,0.09,21028,45380,50.0005,3,17.15999984741211,0.08,0.09,2026-09-22 19:59:56,🎲末日結算 🚨異常掃貨 🚀點火(2.6x) 🚬菸屁股,GAMBLE,7
NVDA,2026-10-02,235.0,2.39,16551,26134,30.628135131835936,10,228.8699951171875,2.39,2.45,2026-09-22 19:59:57,🚨異常掃貨 🆕新倉暴量 🏛️機構場,STRONG_BUY,7
BAC,2026-09-25,57.0,0.29,970,19786,25.6843369140625,3,56.20000076293945,0.28,0.29,2026-09-22 19:59:40,🎲末日結算 🚨異常掃貨 🆕新倉暴量 🚬菸屁股,GAMBLE,7
BAC,2026-09-25,58.0,0.1,6384,18260,26.367923828125,3,56.20000076293945,0.09,0.1,2026-09-22 19:59:45,🎲末日結算 🚨異常掃貨 🚀點火(2.7x) 🚬菸屁股,GAMBLE,7
ASTS,2026-09-25,70.0,0.31,4980,12269,77.3439765625,3,63.689998626708984,0.32,0.33,2026-09-22 19:59:56,🎲末日結算 🚨異常掃貨 🚀點火(3.1x) 🚬菸屁股,GAMBLE,7
GOOGL,2026-09-25,365.0,0.83,4344,8259,33.521172607421875,3,351.1600036621094,0.8,0.86,2026-09-22 19:59:49,🎲末日結算 🚨異常掃貨 🆕新倉暴量 🚬菸屁股,GAMBLE,7
ONDS,2026-11-20,8.0,0.88,5846,7298,80.85956640625,59,7.71999979019165,0.88,0.9,2026-09-22 19:59:31,🚨異常掃貨 🚀點火(6.7x) 🚬菸屁股 ⚠️暴動高IV(81%),STRONG_BUY,7
META,2026-09-25,850.0,0.32,1358,6924,64.59996337890624,3,736.594970703125,0.31,0.35,2026-09-22 19:59:58,🎲末日結算 🚨異常掃貨 🆕新倉暴量 🚬菸屁股,GAMBLE,7
AAPL,2026-11-20,400.0,0.84,34782,6088,25.440198730468754,59,339.75,0.84,0.92,2026-09-22 19:56:35,🚀點火(13.2x) 🚬菸屁股 🔥萬人塚 🏛️機構場,BUY_WATCH,7
HIMS,2026-09-25,33.0,0.2,1476,4237,76.95335546875,3,30.43000030517578,0.2,0.22,2026-09-22 19:59:40,🎲末日結算 🚨異常掃貨 🚀點火(3.4x) 🚬菸屁股,GAMBLE,7
HIMS,2026-09-25,31.5,0.5,1583,3977,72.6565234375,3,30.43000030517578,0.48,0.52,2026-09-22 19:58:32,🎲末日結算 🚨異常掃貨 🆕新倉暴量 🚬菸屁股,GAMBLE,7
ASTS,2026-09-25,67.0,0.81,2149,3680,73.92604199218749,3,63.689998626708984,0.72,0.84,2026-09-22 19:56:38,🎲末日結算 🚨異常掃貨 🆕新倉暴量 🚬菸屁股,GAMBLE,7
DKNG,2026-09-25,24.0,0.06,1719,2340,68.7503125,3,21.799999237060547,0.05,0.09,2026-09-22 19:49:24,🎲末日結算 🚨異常掃貨 🆕新倉暴量 🚬菸屁股,GAMBLE,7
DKNG,2026-09-25,25.0,0.03,1164,1997,77.3439765625,3,21.799999237060547,0.03,0.04,2026-09-22 19:54:47,🎲末日結算 🚨異常掃貨 🆕新倉暴量 🚬菸屁股,GAMBLE,7
META,2026-09-25,820.0,0.89,1263,1642,60.058993164062514,3,736.594970703125,0.84,0.92,2026-09-22 19:58:00,🎲末日結算 🚨異常掃貨 🆕新倉暴量 🚬菸屁股,GAMBLE,7
META,2026-09-25,900.0,0.08,918,1176,72.07059179687501,3,736.594970703125,0.05,0.1,2026-09-22 19:46:41,🎲末日結算 🚨異常掃貨 🆕新倉暴量 🚬菸屁股,GAMBLE,7
DKNG,2026-09-25,22.5,0.27,937,1148,59.570716796875004,3,21.799999237060547,0.25,0.29,2026-09-22 19:57:52,🎲末日結算 🚨異常掃貨 🆕新倉暴量 🚬菸屁股,GAMBLE,7
MSTR,2026-09-25,175.0,2.31,9151,29261,73.85280053710936,3,167.3300018310547,2.27,2.34,2026-09-22 19:59:58,🎲末日結算 🚨異常掃貨 🆕新倉暴量,GAMBLE,6
AAPL,2026-09-25,350.0,0.42,21178,28475,22.9499892578125,3,339.75,0.39,0.43,2026-09-22 19:59:56,🎲末日結算 🚨異常掃貨 🆕新倉暴量 🚬菸屁股 🏛️機構場,GAMBLE,6
GOOG,2026-09-25,360.0,0.9,5740,19660,32.422550781249996,3,347.4100036621094,0.87,0.91,2026-09-22 19:59:57,🎲末日結算 🚨異常掃貨 🆕新倉暴量 🚬菸屁股 🏛️機構場,GAMBLE,6
AMZN,2026-09-25,257.5,1.98,5243,18661,29.541720214843746,3,254.97999572753906,1.96,2.06,2026-09-22 19:59:57,🎲末日結算 🚨異常掃貨 🚀點火(3.0x),GAMBLE,6
MSTR,2026-09-25,180.0,1.43,5162,17891,77.8322529296875,3,167.3300018310547,1.4,1.46,2026-09-22 19:59:39,🎲末日結算 🚨異常掃貨 🆕新倉暴量,GAMBLE,6
ACHR,2026-10-16,6.0,0.25,17738,14431,64.062859375,24,5.690000057220459,0.25,0.26,2026-09-22 19:59:36,🚀點火(7.6x) 🚬菸屁股,BUY_WATCH,6
TSLA,2026-09-25,385.0,3.5,10134,13587,38.3795224609375,3,378.8999938964844,3.4,3.55,2026-09-22 19:59:57,🎲末日結算 🚨異常掃貨 🆕新倉暴量,GAMBLE,6
MSTR,2026-09-25,170.0,3.8,8531,13444,70.21514160156251,3,167.3300018310547,3.65,3.8,2026-09-22 19:59:58,🎲末日結算 🚨異常掃貨 🆕新倉暴量,GAMBLE,6
INTC,2026-09-25,130.0,1.37,8189,13376,68.94562304687501,3,123.86000061035156,1.35,1.4,2026-09-22 19:59:59,🎲末日結算 🚨異常掃貨 🆕新倉暴量,GAMBLE,6
MSTR,2026-09-25,172.5,2.96,6689,12108,72.26590234375,3,167.3300018310547,2.9,3.0,2026-09-22 19:59:47,🎲末日結算 🚨異常掃貨 🆕新倉暴量,GAMBLE,6
GOOGL,2026-09-25,362.5,1.17,4282,11630,32.959654785156246,3,351.1600036621094,1.14,1.19,2026-09-22 19:59:59,🎲末日結算 🚨異常掃貨 🚀點火(7.5x),GAMBLE,6
MSTR,2026-09-25,177.5,1.8,6669,9900,75.73266455078127,3,167.3300018310547,1.78,1.84,2026-09-22 19:59:50,🎲末日結算 🚨異常掃貨 🆕新倉暴量,GAMBLE,6
GOOGL,2026-09-25,357.5,2.25,6229,9494,32.739930419921876,3,351.1600036621094,2.14,2.32,2026-09-22 19:59:58,🎲末日結算 🚨異常掃貨 🚀點火(2.8x),GAMBLE,6
AAPL,2026-09-25,355.0,0.11,6425,8429,23.242955078125,3,339.75,0.11,0.12,2026-09-22 19:59:14,🎲末日結算 🚨異常掃貨 🆕新倉暴量 🚬菸屁股 🏛️機構場,GAMBLE,6
SOFI,2026-10-02,17.5,0.38,5738,7891,46.0942890625,10,17.15999984741211,0.38,0.4,2026-09-22 19:59:58,🚨異常掃貨 🚬菸屁股,STRONG_BUY,6
PLTR,2026-09-25,187.5,2.25,5098,6810,43.43318286132813,3,184.99000549316406,2.22,2.27,2026-09-22 19:59:59,🎲末日結算 🚨異常掃貨 🆕新倉暴量,GAMBLE,6
SOFI,2026-10-02,17.0,0.62,3752,6109,45.313046875000005,10,17.15999984741211,0.6,0.62,2026-09-22 19:59:53,🚨異常掃貨 🚬菸屁股,STRONG_BUY,6
META,2026-09-25,770.0,5.6,2856,5579,55.15181567382813,3,736.594970703125,5.45,5.6,2026-09-22 19:59:58,🎲末日結算 🚨異常掃貨 🆕新倉暴量,GAMBLE,6
IREN,2026-09-25,48.5,1.56,1627,5377,74.804939453125,3,48.54999923706055,1.51,1.57,2026-09-22 19:59:42,🎲末日結算 🚨異常掃貨 🆕新倉暴量,GAMBLE,6
SMCI,2026-10-02,45.0,0.9,2807,4987,73.5354208984375,10,41.540000915527344,0.87,0.91,2026-09-22 19:59:23,🚨異常掃貨 🚬菸屁股,STRONG_BUY,6
SMR,2027-01-15,12.0,0.84,8124,4386,87.7930908203125,115,8.890000343322754,0.82,0.86,2026-09-22 19:46:01,🚀點火(5.3x) 🚬菸屁股,BUY_WATCH,6
ONDS,2026-12-18,15.0,0.15,6965,4257,90.62509374999999,87,7.71999979019165,0.13,0.15,2026-09-22 19:59:20,🚀點火(15.1x) 🚬菸屁股,BUY_WATCH,6
HOOD,2026-09-25,129.0,1.45,954,3313,62.305064453125006,3,124.25,1.41,1.49,2026-09-22 19:59:31,🎲末日結算 🚨異常掃貨 🆕新倉暴量,GAMBLE,6
NVDA,2026-12-18,320.0,0.69,5392,3302,38.41614318847656,87,228.8699951171875,0.65,0.77,2026-09-22 19:54:10,🚀點火(28.2x) 🚬菸屁股,BUY_WATCH,6
GOOGL,2026-09-25,352.5,4.1,1263,2835,32.94744787597656,3,351.1600036621094,4.0,4.2,2026-09-22 19:59:49,🎲末日結算 🚨異常掃貨 🆕新倉暴量,GAMBLE,6
DKNG,2026-10-02,24.0,0.22,12132,2620,59.18009570312501,10,21.799999237060547,0.2,0.24,2026-09-22 19:50:26,🆕新倉暴量 🚬菸屁股,BUY_WATCH,6
META,2026-09-25,780.0,3.9,1459,2492,56.15888568115235,3,736.594970703125,3.8,4.0,2026-09-22 19:59:42,🎲末日結算 🚨異常掃貨 🆕新倉暴量,GAMBLE,6
HIMS,2026-10-16,35.0,0.86,4389,2288,74.12135253906249,24,30.43000030517578,0.82,0.92,2026-09-22 19:59:21,🚀點火(2.7x) 🚬菸屁股,BUY_WATCH,6
ASTS,2026-09-25,63.0,2.34,1388,2236,69.72686523437501,3,63.689998626708984,2.13,2.29,2026-09-22 19:55:23,🎲末日結算 🚨異常掃貨 🆕新倉暴量,GAMBLE,6
SOFI,2028-06-16,25.0,3.61,17031,1943,64.03844555664062,633,17.15999984741211,3.55,3.65,2026-09-22 19:54:03,🚀點火(5.1x) 🔭LEAPS,BUY_WATCH,6
NKE,2026-12-18,60.0,0.15,23674,1816,55.66450585937501,87,36.099998474121094,0.14,0.17,2026-09-22 18:46:49,🚀點火(13.7x) 🚬菸屁股,BUY_WATCH,6
GOOG,2026-10-16,420.0,0.34,7378,1716,37.0123486328125,24,347.4100036621094,0.3,0.35,2026-09-22 18:55:34,🚀點火(>50x) 🚬菸屁股,BUY_WATCH,6
ASTS,2026-09-25,64.0,1.74,1245,1673,70.21514160156251,3,63.689998626708984,1.66,1.78,2026-09-22 19:58:09,🎲末日結算 🚨異常掃貨 🆕新倉暴量,GAMBLE,6
SOFI,2028-01-21,15.0,5.88,29704,1612,65.23472265625001,486,17.15999984741211,5.85,5.9,2026-09-22 19:58:21,🚀點火(3.1x) 🔭LEAPS,BUY_WATCH,6
ONDS,2027-01-15,11.0,0.58,6531,1524,83.59391406249999,115,7.71999979019165,0.47,0.65,2026-09-22 19:57:41,🚀點火(2.8x) 🚬菸屁股,BUY_WATCH,6
SMCI,2026-10-02,46.0,0.69,2252,1498,74.60962890625001,10,41.540000915527344,0.68,0.71,2026-09-22 19:58:09,🚀點火(3.2x) 🚬菸屁股,BUY_WATCH,6
ASTS,2026-09-25,62.0,2.9,967,1413,68.40851904296876,3,63.689998626708984,2.62,2.91,2026-09-22 19:54:43,🎲末日結算 🚨異常掃貨 🆕新倉暴量,GAMBLE,6
IREN,2026-09-25,49.5,1.12,943,1314,75.195560546875,3,48.54999923706055,1.07,1.15,2026-09-22 19:59:33,🎲末日結算 🚨異常掃貨 🆕新倉暴量,GAMBLE,6
BAC,2026-10-02,63.0,0.01,2397,1220,31.250687499999998,10,56.20000076293945,0.01,0.02,2026-09-22 19:49:14,🚀點火(3.0x) 🚬菸屁股,BUY_WATCH,6
NBIS,2026-09-25,252.5,2.4,968,1219,79.687703125,3,236.1199951171875,2.4,2.46,2026-09-22 19:59:15,🎲末日結算 🚨異常掃貨 🆕新倉暴量,GAMBLE,6
GOOGL,2026-10-02,380.0,0.84,1788,1184,33.44793115234375,10,351.1600036621094,0.8,0.85,2026-09-22 19:59:58,🆕新倉暴量 🚬菸屁股,BUY_WATCH,6
SOFI,2026-10-02,19.5,0.05,3023,1176,51.17236328125,10,17.15999984741211,0.05,0.06,2026-09-22 19:45:32,🚀點火(3.1x) 🚬菸屁股,BUY_WATCH,6
PATH,2028-01-21,15.0,4.0,7499,1112,74.07252490234374,486,13.25,3.45,4.25,2026-09-22 19:44:10,🚀點火(48.3x) 🔭LEAPS,BUY_WATCH,6
GOOGL,2026-10-02,377.5,0.98,1142,1089,33.37468969726562,10,351.1600036621094,0.97,1.07,2026-09-22 19:57:21,🆕新倉暴量 🚬菸屁股,BUY_WATCH,6
TDOC,2026-10-16,7.0,0.13,2791,1071,52.734847656250004,24,6.349999904632568,0.1,0.16,2026-09-22 19:13:26,🚀點火(6.8x) 🚬菸屁股,BUY_WATCH,6
SOFI,2026-12-18,28.0,0.15,10150,1032,62.305064453125006,87,17.15999984741211,0.14,0.17,2026-09-22 19:19:54,🚀點火(8.0x) 🚬菸屁股,BUY_WATCH,6
SOFI,2028-01-21,18.0,4.65,11846,1020,63.208375732421885,486,17.15999984741211,4.55,4.65,2026-09-22 19:56:37,🚀點火(5.0x) 🔭LEAPS,BUY_WATCH,6
TJX,2026-10-16,140.0,0.45,1977,1013,23.316196533203126,24,130.7899932861328,0.4,0.55,2026-09-22 19:56:37,🚀點火(3.1x) 🚬菸屁股,BUY_WATCH,6
NKE,2027-01-15,47.5,0.76,4265,975,46.289599609375,115,36.099998474121094,0.74,0.81,2026-09-22 19:45:42,🚀點火(4.2x) 🚬菸屁股,BUY_WATCH,6
SOFI,2027-01-15,21.0,0.94,8491,920,55.66450585937501,115,17.15999984741211,0.9,0.96,2026-09-22 19:44:44,🚀點火(4.3x) 🚬菸屁股,BUY_WATCH,6
MSTR,2027-01-15,1080.0,0.21,11595,898,116.01604492187501,115,167.3300018310547,0.13,0.21,2026-09-22 18:33:04,🚀點火(6.6x) 🚬菸屁股,BUY_WATCH,6
BAC,2026-11-20,65.0,0.22,15656,887,25.879647460937505,59,56.20000076293945,0.21,0.24,2026-09-22 19:56:30,🚀點火(2.6x) 🚬菸屁股,BUY_WATCH,6
JOBY,2026-10-02,6.5,0.25,1113,802,61.328511718750015,10,6.440000057220459,0.24,0.25,2026-09-22 19:41:14,🆕新倉暴量 🚬菸屁股,BUY_WATCH,6
SOFI,2026-12-18,21.0,0.7,3338,793,56.34809277343751,87,17.15999984741211,0.69,0.73,2026-09-22 19:46:54,🚀點火(2.6x) 🚬菸屁股,BUY_WATCH,6
HIMS,2026-10-02,33.0,0.65,1070,747,73.04714453125,10,30.43000030517578,0.61,0.66,2026-09-22 19:57:09,🚀點火(3.5x) 🚬菸屁股,BUY_WATCH,6
NTLA,2026-10-16,13.0,0.8,1243,738,66.99251757812502,24,12.6899995803833,0.7,0.8,2026-09-22 19:15:01,🚀點火(8.6x) 🚬菸屁股,BUY_WATCH,6
WMB,2027-01-15,85.0,0.91,1277,732,29.883513671874994,115,70.9800033569336,0.8,0.95,2026-09-22 19:37:46,🆕新倉暴量 🚬菸屁股,BUY_WATCH,6
LUNR,2026-12-18,25.0,0.77,828,687,90.82040429687498,87,16.239999771118164,0.68,0.89,2026-09-22 19:22:18,🚀點火(7.5x) 🚬菸屁股,BUY_WATCH,6
META,2026-10-02,900.0,0.51,1186,684,53.662572753906254,10,736.594970703125,0.36,0.49,2026-09-22 19:35:17,🆕新倉暴量 🚬菸屁股,BUY_WATCH,6
SMCI,2026-10-02,47.0,0.56,865,664,76.367423828125,10,41.540000915527344,0.53,0.58,2026-09-22 19:59:37,🆕新倉暴量 🚬菸屁股,BUY_WATCH,6
OKLO,2027-01-15,100.0,0.6,6905,636,95.26371923828124,115,40.45000076293945,0.55,0.71,2026-09-22 19:56:09,🚀點火(2.9x) 🚬菸屁股,BUY_WATCH,6
GOOGL,2026-11-20,500.0,0.45,2509,541,41.57773266601562,59,351.1600036621094,0.4,0.46,2026-09-22 19:58:52,🚀點火(3.2x) 🚬菸屁股,BUY_WATCH,6
PATH,2026-11-20,14.0,0.98,2588,521,60.35195898437502,59,13.25,0.94,1.03,2026-09-22 19:58:08,🆕新倉暴量 🚬菸屁股,BUY_WATCH,6
ACHR,2026-10-02,6.5,0.04,1460,493,62.500375000000005,10,5.690000057220459,0.03,0.04,2026-09-22 19:59:53,🚀點火(3.5x) 🚬菸屁股,BUY_WATCH,6
GOOGL,2026-10-16,405.0,0.91,2329,471,35.36441589355468,24,351.1600036621094,0.7,0.93,2026-09-22 19:37:15,🆕新倉暴量 🚬菸屁股,BUY_WATCH,6
AMZN,2026-12-18,370.0,0.46,6163,468,38.91662646484375,87,254.97999572753906,0.4,0.57,2026-09-22 17:44:54,🚀點火(4.2x) 🚬菸屁股,BUY_WATCH,6
LUNR,2028-01-21,20.0,6.2,2760,458,98.65723999023439,486,16.239999771118164,5.9,6.2,2026-09-22 19:58:22,🚀點火(13.5x) 🔭LEAPS,BUY_WATCH,6
SOFI,2026-10-02,16.5,0.93,763,420,47.070841796875,10,17.15999984741211,0.91,0.94,2026-09-22 19:59:51,🆕新倉暴量 🚬菸屁股,BUY_WATCH,6
JOBY,2028-01-21,32.0,0.25,9897,405,82.81267187499999,486,6.440000057220459,0.2,0.29,2026-09-22 19:56:18,🚀點火(8.1x) 🔭LEAPS,BUY_WATCH,6
SEDG,2027-01-15,80.0,0.56,1077,400,85.98646826171876,115,36.08000183105469,0.32,0.75,2026-09-22 16:05:21,🚀點火(12.9x) 🚬菸屁股,BUY_WATCH,6
OKLO,2026-12-18,80.0,0.77,966,396,91.16219775390626,87,40.45000076293945,0.62,0.77,2026-09-22 16:27:58,🚀點火(5.1x) 🚬菸屁股,BUY_WATCH,6
RKLB,2027-01-15,210.0,0.5,2773,389,92.23640576171876,115,71.9800033569336,0.35,0.55,2026-09-22 19:57:10,🚀點火(4.2x) 🚬菸屁股,BUY_WATCH,6
OPEN,2026-12-18,10.0,0.03,28966,349,125.00037499999999,87,2.759999990463257,0.01,0.03,2026-09-22 19:26:55,🚀點火(11.6x) 🚬菸屁股,BUY_WATCH,6
NKE,2027-01-15,55.0,0.29,8770,314,47.70560107421875,115,36.099998474121094,0.28,0.3,2026-09-22 19:56:32,🚀點火(10.5x) 🚬菸屁股,BUY_WATCH,6
SMCI,2026-12-18,74.0,0.92,2460,288,87.5977802734375,87,41.540000915527344,0.95,1.0,2026-09-22 18:47:33,🚀點火(4.6x) 🚬菸屁股,BUY_WATCH,6
ACHR,2027-01-15,9.0,0.24,16394,258,79.29708203125,115,5.690000057220459,0.24,0.26,2026-09-22 19:44:18,🚀點火(3.7x) 🚬菸屁股,BUY_WATCH,6
IBIT,2028-01-21,90.0,2.83,6018,255,50.098155273437506,486,48.83000183105469,2.73,2.85,2026-09-22 16:35:46,🚀點火(10.6x) 🔭LEAPS,BUY_WATCH,6
HIMS,2026-12-18,55.0,0.74,912,253,92.187578125,87,30.43000030517578,0.72,0.91,2026-09-22 19:53:14,🚀點火(4.0x) 🚬菸屁股,BUY_WATCH,6
SOFI,2026-11-20,30.0,0.05,6628,242,69.14093359375,59,17.15999984741211,0.05,0.06,2026-09-22 18:07:53,🚀點火(2.9x) 🚬菸屁股,BUY_WATCH,6
PATH,2026-11-20,17.0,0.34,916,238,63.086306640625,59,13.25,0.3,0.37,2026-09-22 19:21:23,🚀點火(9.9x) 🚬菸屁股,BUY_WATCH,6
SMR,2028-01-21,85.0,0.35,4542,235,104.29735351562503,486,8.890000343322754,0.28,0.4,2026-09-22 19:57:16,🚀點火(5.1x) 🔭LEAPS,BUY_WATCH,6
VST,2026-10-02,160.0,0.25,1812,210,48.5356708984375,10,140.41000366210938,0.2,0.33,2026-09-22 18:38:28,🚀點火(7.0x) 🚬菸屁股,BUY_WATCH,6
KHC,2026-12-18,30.0,0.09,5559,200,29.29758203124999,87,24.0,0.08,0.1,2026-09-22 18:21:34,🚀點火(3.8x) 🚬菸屁股,BUY_WATCH,6
NTLA,2027-01-15,20.0,0.43,5790,194,78.6134951171875,115,12.6899995803833,0.4,0.7,2026-09-22 17:41:21,🚀點火(9.7x) 🚬菸屁股,BUY_WATCH,6
GOOGL,2026-10-16,430.0,0.3,4007,194,38.62366064453124,24,351.1600036621094,0.25,0.33,2026-09-22 19:48:52,🚀點火(5.4x) 🚬菸屁股,BUY_WATCH,6
SMR,2027-01-15,17.0,0.27,2919,180,93.945373046875,115,8.890000343322754,0.28,0.4,2026-09-22 14:46:54,🚀點火(2.9x) 🚬菸屁股,BUY_WATCH,6
NKE,2026-11-20,47.5,0.26,3945,151,47.6567734375,59,36.099998474121094,0.26,0.28,2026-09-22 19:57:51,🚀點火(3.2x) 🚬菸屁股,BUY_WATCH,6
SMR,2027-01-15,19.0,0.21,766,150,97.070341796875,115,8.890000343322754,0.22,0.3,2026-09-22 14:48:46,🚀點火(6.8x) 🚬菸屁股,BUY_WATCH,6
PATH,2026-12-18,20.0,0.35,3540,147,80.85956640625,87,13.25,0.29,0.7,2026-09-22 19:47:57,🚀點火(2.9x) 🚬菸屁股,BUY_WATCH,6
DKNG,2026-11-20,32.5,0.21,3405,146,68.65265722656251,59,21.799999237060547,0.15,0.35,2026-09-22 19:06:08,🚀點火(6.1x) 🚬菸屁股,BUY_WATCH,6
JOBY,2028-01-21,12.0,1.14,9990,145,79.0041162109375,486,6.440000057220459,1.09,1.14,2026-09-22 19:50:58,🚀點火(2.8x) 🔭LEAPS,BUY_WATCH,6
ASTS,2028-01-21,190.0,7.4,11215,144,87.55505609130859,486,63.689998626708984,6.95,7.65,2026-09-22 19:50:20,🚀點火(2.7x) 🔭LEAPS,BUY_WATCH,6
SMCI,2028-01-21,85.0,6.95,15727,137,82.39763696289062,486,41.540000915527344,6.85,7.0,2026-09-22 19:58:58,🚀點火(3.2x) 🔭LEAPS,BUY_WATCH,6
RKLB,2027-01-15,200.0,0.58,4360,131,91.94343994140624,115,71.9800033569336,0.53,0.58,2026-09-22 18:17:07,🚀點火(3.6x) 🚬菸屁股,BUY_WATCH,6
PACB,2027-01-15,2.0,0.1,5282,125,84.37515624999999,115,1.4700000286102295,0.1,0.15,2026-09-22 17:51:19,🚀點火(5.2x) 🚬菸屁股,BUY_WATCH,6
PATH,2026-11-20,20.0,0.11,1322,121,65.23472265625001,59,13.25,0.1,0.12,2026-09-22 19:08:20,🚀點火(3.7x) 🚬菸屁股,BUY_WATCH,6
LUNR,2028-01-21,25.0,5.1,4652,119,98.77930908203125,486,16.239999771118164,4.85,5.3,2026-09-22 19:06:21,🚀點火(3.2x) 🔭LEAPS,BUY_WATCH,6
AMZN,2027-01-15,380.0,0.66,17427,116,37.76917700195312,115,254.97999572753906,0.58,0.78,2026-09-22 18:55:30,🚀點火(2.8x) 🚬菸屁股,BUY_WATCH,6
SMCI,2026-12-18,75.0,0.79,1877,115,88.13488427734374,87,41.540000915527344,0.91,0.97,2026-09-22 17:50:08,🚀點火(2.9x) 🚬菸屁股,BUY_WATCH,6
ACHR,2028-01-21,3.0,3.37,4425,108,93.8477177734375,486,5.690000057220459,3.3,3.5,2026-09-22 19:29:11,🚀點火(4.3x) 🔭LEAPS,BUY_WATCH,6
HIMS,2028-01-21,40.0,8.9,10083,105,84.87563952636718,486,30.43000030517578,8.65,9.2,2026-09-22 19:53:56,🚀點火(2.8x) 🔭LEAPS,BUY_WATCH,6
IONQ,2028-01-21,60.0,10.1,3769,101,80.81684222412109,486,40.7400016784668,9.65,10.1,2026-09-22 19:52:50,🚀點火(2.9x) 🔭LEAPS,BUY_WATCH,6
RKLB,2026-12-18,145.0,0.89,6159,65,85.937640625,87,71.9800033569336,0.78,0.93,2026-09-22 19:59:52,🚀點火(3.1x) 🚬菸屁股,BUY_WATCH,6
NKE,2026-11-20,52.5,0.12,1619,52,51.758294921875006,59,36.099998474121094,0.11,0.16,2026-09-22 14:53:53,🚀點火(2.6x) 🚬菸屁股,BUY_WATCH,6
NKE,2028-01-21,52.5,2.82,3959,51,44.434149414062496,486,36.099998474121094,2.65,2.98,2026-09-22 18:38:38,🚀點火(2.5x) 🔭LEAPS,BUY_WATCH,6
HIMS,2026-09-25,34.0,0.13,2384,28684,81.64080859375,3,30.43000030517578,0.12,0.13,2026-09-22 19:59:38,🎲末日結算 🚨異常掃貨 🚀點火(13.4x) 🚬菸屁股 ⚠️暴動高IV(82%),GAMBLE,5
AAPL,2026-09-25,345.0,1.23,9900,28480,22.486126708984372,3,339.75,1.19,1.25,2026-09-22 19:59:55,🎲末日結算 🚨異常掃貨 🚀點火(2.8x) 🏛️機構場,GAMBLE,5
MSFT,2026-09-25,510.0,1.24,5135,14046,24.98854309082031,3,498.0,1.2,1.3,2026-09-22 19:59:57,🎲末日結算 🚨異常掃貨 🆕新倉暴量 🏛️機構場,GAMBLE,5
MSTR,2026-09-25,200.0,0.23,7152,9292,93.0664755859375,3,167.3300018310547,0.23,0.24,2026-09-22 19:59:53,🎲末日結算 🚨異常掃貨 🆕新倉暴量 🚬菸屁股 ⚠️暴動高IV(93%),GAMBLE,5
NVDA,2026-10-16,260.0,0.56,29777,7633,32.27606787109374,24,228.8699951171875,0.56,0.59,2026-09-22 19:59:30,🆕新倉暴量 🚬菸屁股 🏛️機構場,BUY_WATCH,5
AMZN,2026-10-02,260.0,3.23,5357,6940,30.237514038085937,10,254.97999572753906,3.15,3.25,2026-09-22 19:59:41,🚨異常掃貨,STRONG_BUY,5
CRWV,2026-10-02,90.0,2.97,3387,5495,72.31472998046875,10,86.76000213623047,2.93,3.05,2026-09-22 19:59:30,🚨異常掃貨,STRONG_BUY,5
AMZN,2026-10-02,265.0,1.85,3015,4208,31.11641149902343,10,254.97999572753906,1.8,1.96,2026-09-22 19:59:40,🚨異常掃貨,STRONG_BUY,5
HIMS,2026-09-25,35.0,0.09,992,3812,88.2813671875,3,30.43000030517578,0.08,0.09,2026-09-22 19:52:37,🎲末日結算 🚨異常掃貨 🚀點火(11.1x) 🚬菸屁股 ⚠️暴動高IV(88%),GAMBLE,5
SMCI,2026-10-02,41.0,2.39,1610,2620,70.65459033203125,10,41.540000915527344,2.29,2.31,2026-09-22 19:57:29,🚨異常掃貨,STRONG_BUY,5
GOOG,2026-10-16,400.0,0.85,11563,2541,34.35124243164062,24,347.4100036621094,0.82,0.84,2026-09-22 19:58:45,🆕新倉暴量 🚬菸屁股 🏛️機構場,BUY_WATCH,5
SMCI,2026-10-02,42.0,1.84,1486,2022,70.9963837890625,10,41.540000915527344,1.81,1.85,2026-09-22 19:59:48,🚨異常掃貨,STRONG_BUY,5
NBIS,2026-09-25,275.0,0.4,975,1521,85.35170898437501,3,236.1199951171875,0.4,0.42,2026-09-22 19:59:47,🎲末日結算 🚨異常掃貨 🆕新倉暴量 🚬菸屁股 ⚠️暴動高IV(85%),GAMBLE,5
CRWV,2026-10-02,95.0,1.65,1107,1348,74.07252490234374,10,86.76000213623047,1.61,1.69,2026-09-22 19:59:30,🚨異常掃貨,STRONG_BUY,5
NBIS,2026-09-25,265.0,0.9,909,1218,82.37322314453124,3,236.1199951171875,0.89,0.92,2026-09-22 19:58:35,🎲末日結算 🚨異常掃貨 🆕新倉暴量 🚬菸屁股 ⚠️暴動高IV(82%),GAMBLE,5
BAC,2027-01-15,57.5,3.0,43700,568,28.675029663085933,115,56.20000076293945,2.89,3.05,2026-09-22 19:31:18,🚀點火(3.5x) 🔥萬人塚,HOLD,5
SOFI,2026-09-25,17.5,0.18,21685,53396,46.0942890625,3,17.15999984741211,0.18,0.19,2026-09-22 19:59:53,🎲末日結算 🚨異常掃貨 🚬菸屁股,GAMBLE,4
TSLA,2026-09-25,400.0,0.77,14787,26556,40.67442138671875,3,378.8999938964844,0.77,0.8,2026-09-22 19:59:55,🎲末日結算 🚨異常掃貨 🚬菸屁股,GAMBLE,4
IREN,2026-09-25,50.0,0.91,11668,19182,75.00025000000001,3,48.54999923706055,0.91,0.94,2026-09-22 19:59:49,🎲末日結算 🚨異常掃貨 🚬菸屁股,GAMBLE,4
RKLB,2026-09-25,75.0,0.91,6616,10880,68.16438085937502,3,71.9800033569336,0.9,0.94,2026-09-22 19:59:54,🎲末日結算 🚨異常掃貨 🚬菸屁股,GAMBLE,4
PLTR,2026-09-25,195.0,0.55,12922,10495,44.2388388671875,3,184.99000549316406,0.54,0.56,2026-09-22 19:59:53,🎲末日結算 🆕新倉暴量 🚬菸屁股,GAMBLE,4
GOOGL,2026-09-25,370.0,0.41,5892,8586,35.938140624999996,3,351.1600036621094,0.3,0.51,2026-09-22 19:59:56,🎲末日結算 🚨異常掃貨 🚬菸屁股,GAMBLE,4
AMZN,2026-09-25,262.5,0.8,5432,7681,30.445031494140622,3,254.97999572753906,0.76,0.81,2026-09-22 19:59:42,🎲末日結算 🚨異常掃貨 🚬菸屁股,GAMBLE,4
NKE,2026-09-25,36.5,0.3,4902,7034,31.250687499999998,3,36.099998474121094,0.29,0.3,2026-09-22 19:59:21,🎲末日結算 🚨異常掃貨 🚬菸屁股,GAMBLE,4
ASTS,2026-10-16,90.0,0.48,4138,6873,86.52357226562499,24,63.689998626708984,0.46,0.48,2026-09-22 19:59:37,🚨異常掃貨 🚀點火(39.5x) 🚬菸屁股 ⚠️尾段價外(41%) ⚠️暴動高IV(87%),STRONG_BUY,4
IBIT,2026-09-25,49.0,0.65,10223,6627,35.8404853515625,3,48.83000183105469,0.64,0.65,2026-09-22 20:13:19,🎲末日結算 🆕新倉暴量 🚬菸屁股,GAMBLE,4
NKE,2026-09-25,37.0,0.17,6139,6498,32.422550781249996,3,36.099998474121094,0.16,0.17,2026-09-22 19:59:53,🎲末日結算 🆕新倉暴量 🚬菸屁股,GAMBLE,4
IBIT,2026-09-25,50.5,0.22,9900,5990,38.086556640625,3,48.83000183105469,0.21,0.22,2026-09-22 19:57:50,🎲末日結算 🆕新倉暴量 🚬菸屁股,GAMBLE,4
INTC,2026-09-25,135.0,0.59,7321,5928,71.679970703125,3,123.86000061035156,0.59,0.62,2026-09-22 19:59:40,🎲末日結算 🆕新倉暴量 🚬菸屁股,GAMBLE,4
SMCI,2026-09-25,43.0,0.66,7215,5744,71.28934960937501,3,41.540000915527344,0.65,0.67,2026-09-22 19:59:21,🎲末日結算 🆕新倉暴量 🚬菸屁股,GAMBLE,4
SMCI,2026-09-25,44.0,0.43,3772,5441,72.46121289062499,3,41.540000915527344,0.41,0.43,2026-09-22 19:59:28,🎲末日結算 🚨異常掃貨 🚬菸屁股,GAMBLE,4
COIN,2026-09-25,220.0,0.86,7660,5374,71.3870048828125,3,201.07000732421875,0.86,0.89,2026-09-22 19:59:53,🎲末日結算 🆕新倉暴量 🚬菸屁股,GAMBLE,4
HIMS,2026-09-25,32.0,0.37,2520,4584,74.414318359375,3,30.43000030517578,0.37,0.39,2026-09-22 19:59:57,🎲末日結算 🚨異常掃貨 🚬菸屁股,GAMBLE,4
CRWV,2026-09-25,92.0,0.77,1851,4424,69.2385888671875,3,86.76000213623047,0.75,0.78,2026-09-22 19:59:29,🎲末日結算 🚨異常掃貨 🚬菸屁股,GAMBLE,4
TSLA,2026-09-25,410.0,0.3,5556,4350,43.70173486328125,3,378.8999938964844,0.29,0.31,2026-09-22 19:59:54,🎲末日結算 🆕新倉暴量 🚬菸屁股,GAMBLE,4
GOOG,2026-09-25,370.0,0.23,5475,4250,35.01041552734374,3,347.4100036621094,0.22,0.23,2026-09-22 19:59:06,🎲末日結算 🆕新倉暴量 🚬菸屁股,GAMBLE,4
HIMS,2026-09-25,31.0,0.67,3243,4189,70.70341796875,3,30.43000030517578,0.63,0.67,2026-09-22 19:59:50,🎲末日結算 🚨異常掃貨 🚬菸屁股,GAMBLE,4
SOFI,2026-09-25,16.5,0.78,2614,4090,50.7817421875,3,17.15999984741211,0.75,0.78,2026-09-22 19:59:31,🎲末日結算 🚨異常掃貨 🚬菸屁股,GAMBLE,4
TSLA,2026-09-25,405.0,0.48,5754,4074,41.846284667968746,3,378.8999938964844,0.47,0.48,2026-09-22 19:59:57,🎲末日結算 🆕新倉暴量 🚬菸屁股,GAMBLE,4
GOOGL,2026-09-25,375.0,0.22,2587,3536,36.133451171874995,3,351.1600036621094,0.21,0.23,2026-09-22 19:59:46,🎲末日結算 🚨異常掃貨 🚬菸屁股,GAMBLE,4
GOOGL,2026-09-25,380.0,0.12,2657,3170,38.086556640625,3,351.1600036621094,0.12,0.13,2026-09-22 19:58:39,🎲末日結算 🆕新倉暴量 🚬菸屁股,GAMBLE,4
HOOD,2026-09-25,135.0,0.46,4060,2826,64.648791015625,3,124.25,0.45,0.48,2026-09-22 19:59:27,🎲末日結算 🆕新倉暴量 🚬菸屁股,GAMBLE,4
CRWV,2026-09-25,94.0,0.48,1363,2260,71.19169433593751,3,86.76000213623047,0.48,0.49,2026-09-22 19:54:13,🎲末日結算 🚨異常掃貨 🚬菸屁股,GAMBLE,4
PATH,2026-09-25,13.5,0.31,1805,2081,73.82838671875,3,13.25,0.27,0.33,2026-09-22 19:58:56,🎲末日結算 🆕新倉暴量 🚬菸屁股,GAMBLE,4
NBIS,2026-09-25,255.0,2.0,1058,2068,80.24922094726561,3,236.1199951171875,1.99,2.03,2026-09-22 19:59:52,🎲末日結算 🚨異常掃貨 🆕新倉暴量 ⚠️暴動高IV(80%),GAMBLE,4
PCG,2026-09-25,13.5,0.04,1959,1986,41.4068359375,3,12.880000114440918,0.02,0.04,2026-09-22 19:45:22,🎲末日結算 🆕新倉暴量 🚬菸屁股,GAMBLE,4
NKE,2026-09-25,37.5,0.09,4170,1916,33.399103515625,3,36.099998474121094,0.08,0.09,2026-09-22 19:59:56,🎲末日結算 🆕新倉暴量 🚬菸屁股,GAMBLE,4
ASTS,2026-09-25,71.0,0.19,1806,1751,78.51583984375,3,63.689998626708984,0.22,0.26,2026-09-22 19:58:04,🎲末日結算 🆕新倉暴量 🚬菸屁股,GAMBLE,4
JOBY,2026-09-25,6.5,0.12,1264,1593,54.68795312500001,3,6.440000057220459,0.11,0.13,2026-09-22 19:58:50,🎲末日結算 🚨異常掃貨 🚬菸屁股,GAMBLE,4
SOFI,2026-09-25,19.5,0.02,6419,1558,65.62534375000001,3,17.15999984741211,0.01,0.02,2026-09-22 19:33:59,🎲末日結算 🆕新倉暴量 🚬菸屁股,GAMBLE,4
META,2026-09-25,880.0,0.13,2956,1544,70.41045214843751,3,736.594970703125,0.11,0.2,2026-09-22 19:44:14,🎲末日結算 🆕新倉暴量 🚬菸屁股,GAMBLE,4
IONQ,2026-09-25,45.0,0.15,6528,1512,74.414318359375,3,40.7400016784668,0.13,0.19,2026-09-22 19:52:07,🎲末日結算 🆕新倉暴量 🚬菸屁股,GAMBLE,4
CRWV,2026-09-25,93.0,0.6,1352,1440,70.0198310546875,3,86.76000213623047,0.58,0.63,2026-09-22 19:59:29,🎲末日結算 🆕新倉暴量 🚬菸屁股,GAMBLE,4
OKLO,2026-09-25,41.0,0.89,1069,1223,67.28548339843752,3,40.45000076293945,0.84,0.94,2026-09-22 19:59:50,🎲末日結算 🆕新倉暴量 🚬菸屁股,GAMBLE,4
META,2026-09-25,855.0,0.28,1041,1216,64.79527392578125,3,736.594970703125,0.22,0.31,2026-09-22 19:58:32,🎲末日結算 🆕新倉暴量 🚬菸屁股,GAMBLE,4
RKLB,2026-09-25,77.0,0.58,1341,1123,70.312796875,3,71.9800033569336,0.5,0.57,2026-09-22 19:57:33,🎲末日結算 🆕新倉暴量 🚬菸屁股,GAMBLE,4
ASTS,2026-09-25,69.0,0.5,2782,1097,77.24632128906251,3,63.689998626708984,0.41,0.5,2026-09-22 19:53:47,🎲末日結算 🆕新倉暴量 🚬菸屁股,GAMBLE,4
IREN,2026-09-25,53.0,0.32,3118,1090,78.51583984375,3,48.54999923706055,0.29,0.32,2026-09-22 19:59:30,🎲末日結算 🆕新倉暴量 🚬菸屁股,GAMBLE,4
TDOC,2026-09-25,6.5,0.05,3259,1090,57.0316796875,3,6.349999904632568,0.05,0.09,2026-09-22 19:43:39,🎲末日結算 🆕新倉暴量 🚬菸屁股,GAMBLE,4
DKNG,2026-09-25,23.5,0.1,1547,1080,64.8441015625,3,21.799999237060547,0.09,0.12,2026-09-22 19:51:59,🎲末日結算 🆕新倉暴量 🚬菸屁股,GAMBLE,4
KHC,2026-09-25,26.0,0.01,1069,1068,39.063109374999996,3,24.0,0.0,0.01,2026-09-22 19:53:51,🎲末日結算 🆕新倉暴量 🚬菸屁股,GAMBLE,4
SMCI,2026-09-25,43.5,0.53,907,1060,71.9729365234375,3,41.540000915527344,0.52,0.54,2026-09-22 19:59:29,🎲末日結算 🆕新倉暴量 🚬菸屁股,GAMBLE,4
GOOGL,2026-09-25,385.0,0.09,1750,1050,41.01621484375,3,351.1600036621094,0.08,0.09,2026-09-22 19:53:32,🎲末日結算 🆕新倉暴量 🚬菸屁股,GAMBLE,4
ASTS,2026-10-02,80.0,0.26,3248,1027,84.76577734374999,10,63.689998626708984,0.24,0.31,2026-09-22 19:58:48,🚀點火(3.0x) 🚬菸屁股 ⚠️暴動高IV(85%),BUY_WATCH,4
AMZN,2026-09-25,272.5,0.24,2923,1025,35.352208984375,3,254.97999572753906,0.1,0.14,2026-09-22 19:50:18,🎲末日結算 🆕新倉暴量 🚬菸屁股,GAMBLE,4
OPEN,2026-11-20,8.0,0.02,9277,978,135.93782031249998,59,2.759999990463257,0.02,0.03,2026-09-22 19:42:21,🚀點火(11.2x) 🚬菸屁股 ⚠️暴動高IV(136%),BUY_WATCH,4
LUNR,2026-09-25,16.5,0.41,1782,962,79.687703125,3,16.239999771118164,0.39,0.46,2026-09-22 19:59:06,🎲末日結算 🆕新倉暴量 🚬菸屁股,GAMBLE,4
UPST,2026-09-25,27.5,0.13,1399,961,53.51608984375,3,25.969999313354492,0.11,0.13,2026-09-22 19:48:37,🎲末日結算 🆕新倉暴量 🚬菸屁股,GAMBLE,4
BRK-B,2026-09-25,510.0,0.8,1221,819,14.685911743164063,3,503.489990234375,0.69,0.88,2026-09-22 19:59:13,🎲末日結算 🆕新倉暴量 🚬菸屁股,GAMBLE,4
LUNR,2026-09-25,17.0,0.24,1605,798,78.9064609375,3,16.239999771118164,0.24,0.26,2026-09-22 19:54:20,🎲末日結算 🆕新倉暴量 🚬菸屁股,GAMBLE,4
ONDS,2026-09-25,7.0,0.75,1247,779,71.87528125,3,7.71999979019165,0.69,0.8,2026-09-22 19:59:31,🎲末日結算 🆕新倉暴量 🚬菸屁股,GAMBLE,4
RKLB,2026-09-25,79.0,0.31,785,677,71.48466015625,3,71.9800033569336,0.27,0.31,2026-09-22 19:59:53,🎲末日結算 🆕新倉暴量 🚬菸屁股,GAMBLE,4
RKLB,2026-09-25,76.0,0.7,1751,621,68.84796777343752,3,71.9800033569336,0.67,0.72,2026-09-22 19:58:14,🎲末日結算 🆕新倉暴量 🚬菸屁股,GAMBLE,4
HOOD,2026-09-25,134.0,0.57,1036,572,64.30699755859376,3,124.25,0.55,0.59,2026-09-22 19:57:16,🎲末日結算 🆕新倉暴量 🚬菸屁股,GAMBLE,4
LUNR,2026-09-25,15.5,0.98,1723,509,71.87528125,3,16.239999771118164,0.87,1.0,2026-09-22 19:59:06,🎲末日結算 🆕新倉暴量 🚬菸屁股,GAMBLE,4
HOOD,2026-09-25,133.0,0.72,899,494,63.67223828125,3,124.25,0.66,0.71,2026-09-22 19:40:57,🎲末日結算 🆕新倉暴量 🚬菸屁股,GAMBLE,4
SMCI,2026-09-25,44.5,0.34,900,465,73.82838671875,3,41.540000915527344,0.33,0.35,2026-09-22 19:36:13,🎲末日結算 🆕新倉暴量 🚬菸屁股,GAMBLE,4
VST,2026-09-25,150.0,0.23,1570,465,49.805189453125,3,140.41000366210938,0.2,0.37,2026-09-22 19:57:42,🎲末日結算 🆕新倉暴量 🚬菸屁股,GAMBLE,4
KTOS,2026-09-25,50.0,0.27,854,453,59.570716796875004,3,46.970001220703125,0.2,0.3,2026-09-22 19:40:29,🎲末日結算 🆕新倉暴量 🚬菸屁股,GAMBLE,4
OKLO,2026-09-25,43.0,0.41,1363,437,70.70341796875,3,40.45000076293945,0.33,0.38,2026-09-22 19:30:40,🎲末日結算 🆕新倉暴量 🚬菸屁股,GAMBLE,4
BE,2026-09-25,310.0,0.9,1079,436,77.39280419921876,3,276.5299987792969,0.6,1.1,2026-09-22 19:58:54,🎲末日結算 🆕新倉暴量 🚬菸屁股,GAMBLE,4
ASTS,2026-11-20,160.0,0.22,1318,331,106.64109179687502,59,63.689998626708984,0.2,0.31,2026-09-22 19:45:45,🚀點火(8.1x) 🚬菸屁股 ⚠️暴動高IV(107%),BUY_WATCH,4
ASTS,2026-11-20,115.0,0.97,1062,326,95.55668505859374,59,63.689998626708984,0.84,0.97,2026-09-22 19:09:20,🚀點火(4.7x) 🚬菸屁股 ⚠️暴動高IV(96%),BUY_WATCH,4
AMZN,2026-09-25,260.0,1.26,22235,28761,29.566134033203124,3,254.97999572753906,1.24,1.28,2026-09-22 19:59:58,🎲末日結算 🚨異常掃貨,GAMBLE,3
TSLA,2026-09-25,380.0,5.4,12756,26190,37.756970092773436,3,378.8999938964844,5.3,5.45,2026-09-22 19:59:53,🎲末日結算 🚨異常掃貨,GAMBLE,3
COIN,2026-09-25,210.0,2.21,7277,19722,65.1614812011719,3,201.07000732421875,2.21,2.24,2026-09-22 19:59:59,🎲末日結算 🚨異常掃貨,GAMBLE,3
PLTR,2026-09-25,190.0,1.43,8853,17264,43.18904467773438,3,184.99000549316406,1.43,1.45,2026-09-22 19:59:56,🎲末日結算 🚨異常掃貨,GAMBLE,3
PCG,2026-12-18,20.0,0.12,125458,15411,58.5941640625,87,12.880000114440918,0.05,0.2,2026-09-22 16:33:13,🚬菸屁股 🔥萬人塚,HOLD,3
INTC,2026-09-25,125.0,2.83,7538,14516,65.7229990234375,3,123.86000061035156,2.85,2.9,2026-09-22 19:59:58,🎲末日結算 🚨異常掃貨,GAMBLE,3
CRWV,2026-09-25,90.0,1.22,10699,14351,68.01789794921876,3,86.76000213623047,1.19,1.24,2026-09-22 19:59:19,🎲末日結算 🚨異常掃貨,GAMBLE,3
TSLA,2026-09-25,390.0,2.19,8211,14031,38.79455737304687,3,378.8999938964844,2.15,2.19,2026-09-22 19:59:56,🎲末日結算 🚨異常掃貨,GAMBLE,3
GOOGL,2026-09-25,360.0,1.61,6320,12915,33.887379882812496,3,351.1600036621094,1.61,1.8,2026-09-22 19:59:59,🎲末日結算 🚨異常掃貨,GAMBLE,3
NBIS,2026-09-25,250.0,2.9,6644,12246,78.75997802734375,3,236.1199951171875,2.88,2.91,2026-09-22 19:59:59,🎲末日結算 🚨異常掃貨,GAMBLE,3
NVDA,2026-12-18,260.0,6.05,21250,12090,36.60341717529296,87,228.8699951171875,5.95,6.15,2026-09-22 19:59:48,🆕新倉暴量,HOLD,3
GOOGL,2026-10-16,400.0,1.05,25073,11900,34.290207885742184,24,351.1600036621094,1.05,1.1,2026-09-22 19:59:28,🆕新倉暴量,HOLD,3
TSLA,2026-09-25,375.0,7.9,5116,11624,37.78138391113281,3,378.8999938964844,7.9,8.1,2026-09-22 19:59:57,🎲末日結算 🚨異常掃貨,GAMBLE,3
META,2026-09-25,800.0,1.9,3488,11516,58.508715698242185,3,736.594970703125,1.9,1.96,2026-09-22 19:59:58,🎲末日結算 🚨異常掃貨,GAMBLE,3
PCG,2026-12-18,15.0,0.58,91344,11194,51.562984375,87,12.880000114440918,0.55,0.63,2026-09-22 19:57:49,🚬菸屁股 🔥萬人塚,HOLD,3
IBIT,2026-09-25,48.0,1.23,33446,10333,36.7193828125,3,48.83000183105469,1.19,1.23,2026-09-22 20:08:09,🎲末日結算 🆕新倉暴量 🔥萬人塚,HOLD,3
SMCI,2026-09-25,42.0,1.0,39416,9899,69.43389941406251,3,41.540000915527344,0.98,1.01,2026-09-22 19:59:52,🎲末日結算 🆕新倉暴量 🔥萬人塚,HOLD,3
IREN,2027-01-15,80.0,2.93,15814,9784,92.43171630859376,115,48.54999923706055,2.74,2.99,2026-09-22 19:53:26,🆕新倉暴量,HOLD,3
GOOG,2026-09-25,365.0,0.43,8662,9388,33.4967587890625,3,347.4100036621094,0.4,0.45,2026-09-22 19:59:28,🎲末日結算 🆕新倉暴量 🚬菸屁股 🏛️機構場,GAMBLE,3
GOOGL,2026-09-25,355.0,3.05,6561,8885,32.75213732910156,3,351.1600036621094,3.0,3.15,2026-09-22 19:59:53,🎲末日結算 🚨異常掃貨,GAMBLE,3
AAPL,2026-09-25,360.0,0.04,10705,7474,25.489026367187506,3,339.75,0.04,0.05,2026-09-22 19:57:54,🎲末日結算 🚀點火(2.7x) 🚬菸屁股 🏛️機構場,GAMBLE,3
GOOGL,2026-10-16,370.0,5.05,29803,7435,32.6605855102539,24,351.1600036621094,4.95,5.1,2026-09-22 19:59:58,🆕新倉暴量,HOLD,3
AAPL,2026-09-25,352.5,0.22,7883,6904,22.80350634765625,3,339.75,0.2,0.22,2026-09-22 19:59:15,🎲末日結算 🆕新倉暴量 🚬菸屁股 🏛️機構場,GAMBLE,3
SOFI,2026-11-20,18.0,1.2,8306,6691,55.66450585937501,59,17.15999984741211,1.19,1.2,2026-09-22 19:58:49,🚀點火(4.2x),HOLD,3
SOFI,2026-10-16,19.0,0.26,33280,6514,48.242705078125006,24,17.15999984741211,0.26,0.27,2026-09-22 19:58:13,🚬菸屁股 🔥萬人塚,HOLD,3
TSLA,2026-10-16,400.0,8.23,17377,6408,41.16269775390625,24,378.8999938964844,8.15,8.25,2026-09-22 19:59:51,🆕新倉暴量,HOLD,3
GOOG,2027-01-15,400.0,10.45,24716,6325,35.34000207519531,115,347.4100036621094,10.35,10.45,2026-09-22 19:59:55,🆕新倉暴量,HOLD,3
NVDA,2026-11-20,265.0,3.1,11659,5966,36.75600354003906,59,228.8699951171875,3.05,3.15,2026-09-22 19:58:06,🆕新倉暴量,HOLD,3
SOFI,2026-10-16,20.0,0.13,35266,5768,49.60987890625,24,17.15999984741211,0.13,0.14,2026-09-22 19:58:42,🚬菸屁股 🔥萬人塚,HOLD,3
HOOD,2026-09-25,126.0,2.4,2862,5765,61.328511718750015,3,124.25,2.38,2.43,2026-09-22 19:59:51,🎲末日結算 🚨異常掃貨,GAMBLE,3
MSTR,2026-10-16,180.0,7.75,10482,5303,72.81521325683593,24,167.3300018310547,7.7,7.9,2026-09-22 19:59:43,🆕新倉暴量,HOLD,3
RKLB,2026-09-25,72.0,1.98,2486,5240,65.7229990234375,3,71.9800033569336,1.92,2.01,2026-09-22 19:59:46,🎲末日結算 🚨異常掃貨,GAMBLE,3
NBIS,2026-09-25,240.0,5.97,3255,4679,77.56370092773439,3,236.1199951171875,5.9,5.95,2026-09-22 19:59:54,🎲末日結算 🚨異常掃貨,GAMBLE,3
NBIS,2026-09-25,245.0,4.15,1958,4443,77.929908203125,3,236.1199951171875,4.15,4.2,2026-09-22 19:59:54,🎲末日結算 🚨異常掃貨,GAMBLE,3
KTOS,2026-10-16,52.5,1.0,4458,4393,57.617611328124994,24,46.970001220703125,0.85,1.15,2026-09-22 19:55:55,🆕新倉暴量,HOLD,3
DKNG,2026-12-18,25.0,1.5,4857,4259,61.133201171875015,87,21.799999237060547,1.3,1.65,2026-09-22 19:54:00,🆕新倉暴量,HOLD,3
INTC,2026-10-16,125.0,8.21,13832,4177,67.50520776367189,24,123.86000061035156,8.15,8.25,2026-09-22 19:59:28,🆕新倉暴量,HOLD,3
GOOG,2026-09-25,367.5,0.3,6065,3761,34.22917333984374,3,347.4100036621094,0.29,0.32,2026-09-22 19:59:55,🎲末日結算 🆕新倉暴量 🚬菸屁股 🏛️機構場,GAMBLE,3
CRWV,2026-09-25,88.0,1.84,2502,3711,66.99251757812502,3,86.76000213623047,1.84,1.91,2026-09-22 19:59:55,🎲末日結算 🚨異常掃貨,GAMBLE,3
GOOGL,2026-10-16,380.0,3.0,10373,3522,32.849792602539054,24,351.1600036621094,2.88,3.05,2026-09-22 19:59:53,🆕新倉暴量,HOLD,3
AMZN,2026-10-02,270.0,1.0,6446,3478,30.99434240722656,10,254.97999572753906,0.99,1.04,2026-09-22 19:59:49,🆕新倉暴量,HOLD,3
SOFI,2026-11-20,20.0,0.62,37303,3460,56.44574804687501,59,17.15999984741211,0.62,0.65,2026-09-22 19:58:42,🚬菸屁股 🔥萬人塚,HOLD,3
SOFI,2026-12-18,18.0,1.55,7611,3426,55.9574716796875,87,17.15999984741211,1.51,1.55,2026-09-22 19:52:25,🆕新倉暴量,HOLD,3
SHOP,2026-10-16,145.0,9.45,13449,3415,51.92919165039063,24,147.74000549316406,9.15,9.6,2026-09-22 19:59:34,🆕新倉暴量,HOLD,3
SMCI,2026-09-25,41.5,1.21,2536,3378,68.94562304687501,3,41.540000915527344,1.2,1.23,2026-09-22 19:59:43,🎲末日結算 🚨異常掃貨,GAMBLE,3
CRWV,2026-09-25,87.0,2.27,1837,3317,66.40658593750001,3,86.76000213623047,2.25,2.33,2026-09-22 19:58:44,🎲末日結算 🚨異常掃貨,GAMBLE,3
ACHR,2027-01-15,7.0,0.54,67838,3223,76.17211328125,115,5.690000057220459,0.54,0.55,2026-09-22 19:59:46,🚬菸屁股 🔥萬人塚,HOLD,3
SHOP,2026-10-16,150.0,6.9,8713,3216,52.02684692382812,24,147.74000549316406,6.85,7.15,2026-09-22 19:59:37,🆕新倉暴量,HOLD,3
MSFT,2026-09-25,530.0,0.1,11920,3198,28.418684570312493,3,498.0,0.08,0.1,2026-09-22 19:59:34,🎲末日結算 🆕新倉暴量 🚬菸屁股 🏛️機構場,GAMBLE,3
RKLB,2026-09-25,71.0,2.47,2076,3155,65.86948193359376,3,71.9800033569336,2.4,2.59,2026-09-22 19:58:43,🎲末日結算 🚨異常掃貨,GAMBLE,3
TSLA,2026-10-16,420.0,4.15,11057,2922,42.1453539428711,24,378.8999938964844,4.05,4.15,2026-09-22 19:59:25,🆕新倉暴量,HOLD,3
TSLA,2026-10-16,380.0,15.65,9458,2917,41.144387390136714,24,378.8999938964844,15.55,15.75,2026-09-22 19:59:54,🆕新倉暴量,HOLD,3
CRWV,2026-09-25,89.0,1.5,1914,2861,67.33431103515628,3,86.76000213623047,1.48,1.54,2026-09-22 19:58:35,🎲末日結算 🚨異常掃貨,GAMBLE,3
INTC,2026-10-16,160.0,1.26,11128,2658,74.95142236328125,24,123.86000061035156,1.22,1.26,2026-09-22 19:56:53,🆕新倉暴量,HOLD,3
LUNR,2027-01-15,20.0,2.08,11988,2647,91.3086806640625,115,16.239999771118164,2.03,2.15,2026-09-22 19:57:58,🆕新倉暴量,HOLD,3
AMZN,2026-10-02,255.0,5.3,2734,2591,30.64034204101562,10,254.97999572753906,5.2,5.4,2026-09-22 19:59:36,🆕新倉暴量,HOLD,3
GOOG,2026-11-20,380.0,9.26,8219,2538,37.3755041809082,59,347.4100036621094,9.2,9.4,2026-09-22 19:56:26,🆕新倉暴量,HOLD,3
GOOGL,2026-10-16,410.0,0.65,32276,2414,35.925933715820314,24,351.1600036621094,0.65,0.74,2026-09-22 19:59:58,🚬菸屁股 🔥萬人塚,HOLD,3
META,2026-10-16,850.0,5.05,3068,2382,45.86540951538086,24,736.594970703125,5.05,5.4,2026-09-22 19:59:33,🆕新倉暴量,HOLD,3
AMZN,2026-10-16,300.0,0.27,37917,2374,33.08172387695312,24,254.97999572753906,0.25,0.28,2026-09-22 19:59:19,🚬菸屁股 🔥萬人塚,HOLD,3
SOFI,2026-11-20,17.0,1.64,7690,2350,56.1527822265625,59,17.15999984741211,1.61,1.65,2026-09-22 19:51:08,🆕新倉暴量,HOLD,3
GOOGL,2026-10-02,355.0,5.98,4476,2287,32.819275329589836,10,351.1600036621094,5.85,6.25,2026-09-22 19:59:41,🆕新倉暴量,HOLD,3
SOFI,2027-01-15,25.0,0.41,102510,2281,57.7152666015625,115,17.15999984741211,0.4,0.42,2026-09-22 19:52:52,🚬菸屁股 🔥萬人塚,HOLD,3
BE,2026-09-25,285.0,5.1,1085,1993,72.9494892578125,3,276.5299987792969,4.8,5.15,2026-09-22 19:59:39,🎲末日結算 🚨異常掃貨,GAMBLE,3
GOOGL,2026-10-02,375.0,1.24,2748,1890,32.849792602539054,10,351.1600036621094,1.16,1.28,2026-09-22 19:59:56,🚀點火(2.5x),HOLD,3
ASTS,2026-10-02,65.0,2.64,2061,1774,72.26590234375,10,63.689998626708984,2.46,2.75,2026-09-22 19:58:39,🆕新倉暴量,HOLD,3
PCG,2026-11-20,16.0,0.25,85077,1735,53.906710937500016,59,12.880000114440918,0.25,0.28,2026-09-22 19:55:25,🚬菸屁股 🔥萬人塚,HOLD,3
SOFI,2026-10-16,26.0,0.02,5043,1427,72.6565234375,24,17.15999984741211,0.01,0.03,2026-09-22 19:48:04,🚀點火(2.7x) 🚬菸屁股 ⚠️尾段價外(52%),BUY_WATCH,3
IBIT,2026-12-18,70.0,0.4,42471,1399,48.92629199218751,87,48.83000183105469,0.39,0.41,2026-09-22 19:58:35,🚬菸屁股 🔥萬人塚,HOLD,3
WMB,2026-11-20,75.0,2.14,1593,1397,33.38689660644532,59,70.9800033569336,2.0,2.25,2026-09-22 19:24:14,🆕新倉暴量,HOLD,3
OPEN,2028-01-21,10.0,0.41,50609,1387,104.19969775390628,486,2.759999990463257,0.4,0.42,2026-09-22 19:47:39,🔭LEAPS 🔥萬人塚,HOLD,3
SOFI,2027-01-15,30.0,0.19,76378,1386,62.109753906250006,115,17.15999984741211,0.18,0.19,2026-09-22 19:55:46,🚬菸屁股 🔥萬人塚,HOLD,3
BAC,2026-11-20,60.0,1.02,6038,1382,26.538820556640623,59,56.20000076293945,1.01,1.04,2026-09-22 19:59:30,🆕新倉暴量,HOLD,3
SOFI,2026-10-16,27.0,0.01,3775,1354,75.00025000000001,24,17.15999984741211,0.01,0.02,2026-09-22 19:45:49,🚀點火(4.5x) 🚬菸屁股 ⚠️尾段價外(57%),BUY_WATCH,3
IREN,2026-10-02,48.0,2.86,1726,1305,74.414318359375,10,48.54999923706055,2.63,2.91,2026-09-22 19:59:05,🆕新倉暴量,HOLD,3
SMCI,2026-10-02,40.0,2.9,2267,1264,70.55693505859377,10,41.540000915527344,2.83,2.88,2026-09-22 19:59:28,🆕新倉暴量,HOLD,3
MS,2026-10-16,220.0,1.4,3888,1242,34.461104614257806,24,200.17999267578125,1.31,1.44,2026-09-22 19:59:33,🆕新倉暴量,HOLD,3
SMCI,2026-10-02,43.0,1.48,3447,1204,71.7776259765625,10,41.540000915527344,1.43,1.47,2026-09-22 19:58:42,🆕新倉暴量,HOLD,3
HOOD,2026-10-02,125.0,5.0,4199,1188,62.500375000000005,10,124.25,4.95,5.1,2026-09-22 19:59:40,🆕新倉暴量,HOLD,3
OKLO,2026-10-02,40.0,2.18,1515,1153,67.96907031250001,10,40.45000076293945,2.07,2.18,2026-09-22 19:59:15,🆕新倉暴量,HOLD,3
GOOGL,2026-11-20,430.0,2.7,1521,1128,38.867798828125,59,351.1600036621094,2.6,2.87,2026-09-22 19:40:19,🆕新倉暴量,HOLD,3
IREN,2027-01-15,85.0,2.4,4308,1102,93.35944140625,115,48.54999923706055,2.33,2.54,2026-09-22 19:53:00,🆕新倉暴量,HOLD,3
GOOGL,2026-10-16,385.0,2.3,3115,1036,33.08172387695312,24,351.1600036621094,2.25,2.35,2026-09-22 19:59:54,🆕新倉暴量,HOLD,3
BAC,2026-10-16,57.5,1.11,4937,1001,28.85813330078124,24,56.20000076293945,1.09,1.14,2026-09-22 19:59:03,🆕新倉暴量,HOLD,3
SOFI,2026-12-18,17.0,2.0,2693,993,56.1527822265625,87,17.15999984741211,1.94,1.97,2026-09-22 19:59:25,🆕新倉暴量,HOLD,3
NBIS,2026-10-02,260.0,5.0,1030,969,79.90742749023438,10,236.1199951171875,4.7,5.2,2026-09-22 19:58:40,🆕新倉暴量,HOLD,3
ONDS,2026-10-16,11.0,0.04,7102,922,79.687703125,24,7.71999979019165,0.03,0.04,2026-09-22 19:51:07,🚀點火(4.7x) 🚬菸屁股 ⚠️尾段價外(42%),BUY_WATCH,3
ONDS,2027-01-15,10.0,0.73,52616,918,83.20329296874999,115,7.71999979019165,0.73,0.75,2026-09-22 19:58:28,🚬菸屁股 🔥萬人塚,HOLD,3
OPEN,2028-01-21,5.0,0.73,41162,898,97.85158398437501,486,2.759999990463257,0.67,0.8,2026-09-22 19:54:21,🔭LEAPS 🔥萬人塚,HOLD,3
NKE,2026-10-02,37.5,1.02,1099,895,63.37927246093751,10,36.099998474121094,0.97,1.05,2026-09-22 19:55:43,🆕新倉暴量,HOLD,3
ONDS,2027-01-15,20.0,0.11,39401,840,96.0937890625,115,7.71999979019165,0.1,0.11,2026-09-22 19:59:40,🚬菸屁股 🔥萬人塚,HOLD,3
ASTS,2027-01-15,150.0,1.1,11621,838,93.60357958984375,115,63.689998626708984,1.01,1.2,2026-09-22 19:44:46,🚀點火(15.5x),HOLD,3
HOOD,2026-10-02,124.0,5.48,797,799,62.25623681640625,10,124.25,5.4,5.55,2026-09-22 19:58:29,🆕新倉暴量,HOLD,3
TJX,2026-12-18,150.0,1.4,2205,781,27.00268310546875,87,130.7899932861328,1.2,1.45,2026-09-22 19:54:41,🆕新倉暴量,HOLD,3
META,2027-01-15,1200.0,2.93,2158,780,46.664962066650396,115,736.594970703125,2.82,3.05,2026-09-22 19:58:47,🆕新倉暴量,HOLD,3
NKE,2026-10-02,36.0,1.7,860,779,63.47692773437501,10,36.099998474121094,1.6,1.67,2026-09-22 19:51:26,🆕新倉暴量,HOLD,3
CRWV,2026-10-02,96.0,1.47,1202,767,74.56080126953125,10,86.76000213623047,1.42,1.51,2026-09-22 19:59:30,🆕新倉暴量,HOLD,3
META,2027-01-15,1150.0,4.35,3623,741,46.41166870117188,115,736.594970703125,4.1,4.35,2026-09-22 18:47:42,🆕新倉暴量,HOLD,3
IREN,2026-10-02,49.0,2.4,790,698,77.148666015625,10,48.54999923706055,2.34,2.43,2026-09-22 19:59:53,🆕新倉暴量,HOLD,3
DKNG,2026-11-20,30.0,0.35,106612,635,64.8441015625,59,21.799999237060547,0.31,0.42,2026-09-22 19:51:10,🚬菸屁股 🔥萬人塚,HOLD,3
RKLB,2026-12-18,130.0,1.38,2930,610,84.5460529785156,87,71.9800033569336,1.35,1.4,2026-09-22 19:58:37,🆕新倉暴量,HOLD,3
RKLB,2026-11-20,85.0,4.85,803,604,79.66328930664062,59,71.9800033569336,4.75,4.95,2026-09-22 19:59:39,🆕新倉暴量,HOLD,3
SOFI,2028-01-21,30.0,2.0,30737,578,62.915409912109375,486,17.15999984741211,1.95,2.08,2026-09-22 19:49:17,🔭LEAPS 🔥萬人塚,HOLD,3
NKE,2026-12-18,35.0,3.73,1618,559,47.070841796875,87,36.099998474121094,3.6,3.85,2026-09-22 19:37:12,🆕新倉暴量,HOLD,3
CRWV,2026-10-02,87.0,4.16,983,557,70.9963837890625,10,86.76000213623047,4.1,4.2,2026-09-22 19:59:17,🆕新倉暴量,HOLD,3
GOOGL,2026-11-20,405.0,5.61,1825,539,37.9889013671875,59,351.1600036621094,4.95,5.55,2026-09-22 19:19:05,🆕新倉暴量,HOLD,3
U,2026-10-16,45.0,1.7,2216,523,52.393054199218746,24,43.11000061035156,1.46,1.7,2026-09-22 19:52:35,🆕新倉暴量,HOLD,3
ACHR,2027-01-15,10.0,0.17,52859,496,83.20329296874999,115,5.690000057220459,0.19,0.2,2026-09-22 19:58:24,🚬菸屁股 🔥萬人塚,HOLD,3
IBIT,2027-01-15,100.0,0.16,43655,486,60.15664843750002,115,48.83000183105469,0.14,0.15,2026-09-22 18:05:28,🚬菸屁股 🔥萬人塚,HOLD,3
ONDS,2028-01-21,30.0,0.63,74449,473,91.211025390625,486,7.71999979019165,0.63,0.73,2026-09-22 19:48:56,🔭LEAPS 🔥萬人塚,HOLD,3
IBIT,2028-01-21,140.0,1.02,33679,439,54.78560839843751,486,48.83000183105469,0.97,1.04,2026-09-22 18:59:01,🔭LEAPS 🔥萬人塚,HOLD,3
META,2026-10-16,860.0,4.47,1078,436,46.18584088134766,24,736.594970703125,4.2,4.55,2026-09-22 19:44:43,🆕新倉暴量,HOLD,3
ONDS,2027-01-15,15.0,0.23,55681,432,88.67198828125,115,7.71999979019165,0.21,0.24,2026-09-22 19:50:41,🚬菸屁股 🔥萬人塚,HOLD,3
KTOS,2026-10-16,60.0,0.25,924,375,60.74258007812501,24,46.970001220703125,0.2,0.25,2026-09-22 19:58:52,🚀點火(3.1x) 🚬菸屁股 ⚠️尾段價外(28%),BUY_WATCH,3
OPEN,2027-01-15,5.0,0.18,30138,339,100.39112304687498,115,2.759999990463257,0.12,0.19,2026-09-22 19:43:36,🚬菸屁股 🔥萬人塚,HOLD,3
OPEN,2028-01-21,20.0,3.25,37480,327,50.0005,486,2.759999990463257,0.0,0.0,2025-11-17 20:56:15,🔭LEAPS 🔥萬人塚,HOLD,3
OPEN,2027-01-15,7.0,0.09,50600,297,114.0629296875,115,2.759999990463257,0.08,0.1,2026-09-22 19:18:42,🚬菸屁股 🔥萬人塚,HOLD,3
IBIT,2027-01-15,70.0,0.61,33201,294,47.070841796875,115,48.83000183105469,0.59,0.62,2026-09-22 19:59:03,🚬菸屁股 🔥萬人塚,HOLD,3
SOFI,2027-01-15,35.0,0.11,31424,232,66.99251757812502,115,17.15999984741211,0.1,0.11,2026-09-22 18:03:44,🚬菸屁股 🔥萬人塚,HOLD,3
IBIT,2027-01-15,80.0,0.33,31901,196,51.36767382812499,115,48.83000183105469,0.31,0.34,2026-09-22 19:52:47,🚬菸屁股 🔥萬人塚,HOLD,3
PATH,2026-10-16,18.0,0.05,1225,195,68.7503125,24,13.25,0.0,0.1,2026-09-22 19:47:47,🚀點火(3.0x) 🚬菸屁股 ⚠️尾段價外(36%),BUY_WATCH,3
ONDS,2027-01-15,30.0,0.03,81378,187,106.25046875000001,115,7.71999979019165,0.03,0.04,2026-09-22 19:15:56,🚬菸屁股 🔥萬人塚,HOLD,3
OPEN,2028-01-21,15.0,0.29,33140,178,108.7895185546875,486,2.759999990463257,0.28,0.3,2026-09-22 18:50:27,🔭LEAPS 🔥萬人塚,HOLD,3
HIMS,2026-12-18,50.0,1.0,2859,158,86.52357226562499,87,30.43000030517578,0.85,1.1,2026-09-22 19:56:28,🚀點火(3.3x),HOLD,3
TSLA,2026-10-16,600.0,0.09,7375,147,66.11362011718751,24,378.8999938964844,0.09,0.11,2026-09-22 19:59:32,🚀點火(4.9x) 🚬菸屁股 ⚠️尾段價外(58%),BUY_WATCH,3
PCG,2027-01-15,15.0,0.72,30033,135,51.758294921875006,115,12.880000114440918,0.72,0.82,2026-09-22 18:40:30,🚬菸屁股 🔥萬人塚,HOLD,3
TSLA,2027-01-15,960.0,0.38,111198,117,64.7464462890625,115,378.8999938964844,0.36,0.39,2026-09-22 19:37:21,🚬菸屁股 🔥萬人塚,HOLD,3
LEU,2026-10-16,220.0,0.7,881,99,68.7503125,24,157.8300018310547,0.05,0.8,2026-09-22 19:42:32,🚀點火(3.1x) 🚬菸屁股 ⚠️尾段價外(39%),BUY_WATCH,3
OKLO,2026-12-18,90.0,0.5,31574,83,96.04496142578124,87,40.45000076293945,0.5,0.53,2026-09-22 19:58:16,🚬菸屁股 🔥萬人塚,HOLD,3
IBIT,2028-06-16,100.0,3.65,33802,64,52.52733020019531,633,48.83000183105469,3.5,3.75,2026-09-22 19:58:11,🔭LEAPS 🔥萬人塚,HOLD,3
IREN,2028-01-21,110.0,9.3,52575,59,92.57819921875,486,48.54999923706055,8.8,9.6,2026-09-22 19:55:19,🔭LEAPS 🔥萬人塚,HOLD,3
OPEN,2027-01-15,10.0,0.05,36737,55,124.21912890624998,115,2.759999990463257,0.03,0.06,2026-09-22 19:35:49,🚬菸屁股 🔥萬人塚,HOLD,3
IBIT,2027-01-15,90.0,0.22,34848,47,56.055126953125,115,48.83000183105469,0.2,0.22,2026-09-22 18:35:36,🚬菸屁股 🔥萬人塚,HOLD,3
OPEN,2028-01-21,7.0,0.6,30201,47,102.93017285156252,486,2.759999990463257,0.55,0.62,2026-09-22 17:56:51,🔭LEAPS 🔥萬人塚,HOLD,3
PCG,2027-01-15,20.0,0.2,36477,41,56.64105859375,115,12.880000114440918,0.16,0.23,2026-09-22 19:19:18,🚬菸屁股 🔥萬人塚,HOLD,3
IBIT,2027-01-15,140.0,0.05,30830,27,72.26590234375,115,48.83000183105469,0.04,0.06,2026-09-22 17:34:00,🚬菸屁股 🔥萬人塚,HOLD,3
WMB,2026-11-20,80.0,0.85,76859,26,32.10517114257812,59,70.9800033569336,0.8,0.95,2026-09-22 19:42:08,🚬菸屁股 🔥萬人塚,HOLD,3
PCG,2026-12-18,19.0,0.16,30240,22,58.00823242187501,87,12.880000114440918,0.13,0.22,2026-09-22 15:39:27,🚬菸屁股 🔥萬人塚,HOLD,3
PCG,2026-12-18,17.0,0.29,39674,19,54.78560839843751,87,12.880000114440918,0.3,0.32,2026-09-22 19:45:50,🚬菸屁股 🔥萬人塚,HOLD,3
PCG,2026-10-16,20.0,0.03,71650,9,79.687703125,24,12.880000114440918,0.01,0.03,2026-09-22 19:40:19,🚬菸屁股 🔥萬人塚,HOLD,3
DKNG,2026-11-20,37.5,0.07,99279,6,70.50810742187501,59,21.799999237060547,0.05,0.13,2026-09-22 17:29:04,🚬菸屁股 🔥萬人塚,HOLD,3
WMB,2026-11-20,95.0,0.15,75346,4,35.8404853515625,59,70.9800033569336,0.05,0.1,2026-09-22 19:39:52,🚬菸屁股 🔥萬人塚,HOLD,3
TSLA,2027-01-15,940.0,0.39,93659,1,64.30699755859376,115,378.8999938964844,0.38,0.46,2026-09-22 14:35:22,🚬菸屁股 🔥萬人塚,HOLD,3
AAPL,2026-09-25,342.5,2.07,12744,21984,22.901161621093753,3,339.75,1.95,2.07,2026-09-22 19:59:42,🎲末日結算 🚨異常掃貨 🏛️機構場,GAMBLE,2
GOOG,2026-10-16,375.0,2.96,9116,10425,32.53851641845703,24,347.4100036621094,2.96,3.1,2026-09-22 19:59:59,🆕新倉暴量 🏛️機構場,HOLD,2
INTC,2026-10-16,110.0,17.0,55147,9682,67.3098972167969,24,123.86000061035156,16.85,17.0,2026-09-22 19:59:37,🔥萬人塚,HOLD,2
IBIT,2026-12-18,55.0,1.97,50596,9420,43.335527587890624,87,48.83000183105469,1.94,1.98,2026-09-22 20:02:06,🔥萬人塚,HOLD,2
IBIT,2026-10-16,45.0,4.54,32748,8656,42.9693203125,24,48.83000183105469,4.45,4.55,2026-09-22 19:58:24,🔥萬人塚,HOLD,2
IBIT,2026-10-16,50.0,1.5,44430,8252,39.404902832031254,24,48.83000183105469,1.47,1.5,2026-09-22 20:00:33,🔥萬人塚,HOLD,2
INTC,2026-10-16,130.0,6.25,46815,8162,68.50617431640626,24,123.86000061035156,6.25,6.4,2026-09-22 19:59:50,🔥萬人塚,HOLD,2
IBIT,2027-01-15,60.0,1.51,53248,7901,44.092355957031245,115,48.83000183105469,1.48,1.53,2026-09-22 19:59:02,🔥萬人塚,HOLD,2
AAPL,2026-12-18,360.0,9.35,17928,7271,26.190923645019538,87,339.75,9.4,9.6,2026-09-22 19:57:36,🆕新倉暴量 🏛️機構場,HOLD,2
MSFT,2026-10-16,530.0,2.95,9077,5560,25.098405273437496,24,498.0,2.9,3.1,2026-09-22 19:59:50,🆕新倉暴量 🏛️機構場,HOLD,2
AMZN,2026-10-16,275.0,2.02,34717,5196,30.92110095214844,24,254.97999572753906,1.99,2.02,2026-09-22 19:59:39,🔥萬人塚,HOLD,2
NVDA,2026-12-18,300.0,1.34,45668,5020,36.97572790527344,87,228.8699951171875,1.33,1.42,2026-09-22 19:55:57,🔥萬人塚,HOLD,2
SOFI,2027-01-15,20.0,1.15,95012,4506,55.42036767578126,115,17.15999984741211,1.15,1.16,2026-09-22 19:59:29,🔥萬人塚,HOLD,2
NVDA,2026-11-20,230.0,13.75,99184,4279,38.72436764526367,59,228.8699951171875,13.65,13.8,2026-09-22 19:59:30,🔥萬人塚,HOLD,2
IBIT,2026-10-16,48.0,2.43,52888,4199,39.7466962890625,24,48.83000183105469,2.42,2.45,2026-09-22 20:11:12,🔥萬人塚,HOLD,2
INTC,2026-11-20,130.0,12.37,47117,4143,74.56690472412109,59,123.86000061035156,12.3,12.45,2026-09-22 19:59:37,🔥萬人塚,HOLD,2
NVDA,2026-11-20,250.0,6.13,33970,3861,37.13441772460938,59,228.8699951171875,6.1,6.2,2026-09-22 19:59:38,🔥萬人塚,HOLD,2
COIN,2026-09-25,235.0,0.24,5533,3743,80.85956640625,3,201.07000732421875,0.2,0.27,2026-09-22 19:59:46,🎲末日結算 🆕新倉暴量 🚬菸屁股 ⚠️暴動高IV(81%),GAMBLE,2
AAPL,2026-12-18,400.0,1.9,17696,3676,24.896991271972656,87,339.75,1.77,1.9,2026-09-22 19:57:00,🆕新倉暴量 🏛️機構場,HOLD,2
INTC,2026-10-16,120.0,10.6,34023,3554,67.10237976074221,24,123.86000061035156,10.55,10.65,2026-09-22 19:59:50,🔥萬人塚,HOLD,2
NVDA,2026-12-18,250.0,8.7,44839,3417,36.9574175415039,87,228.8699951171875,8.6,8.75,2026-09-22 19:59:54,🔥萬人塚,HOLD,2
GOOG,2026-10-16,385.0,1.85,6051,3374,33.05731005859375,24,347.4100036621094,1.73,1.82,2026-09-22 19:52:40,🆕新倉暴量 🏛️機構場,HOLD,2
GOOG,2026-10-16,360.0,6.55,7253,3331,32.38593005371093,24,347.4100036621094,6.5,6.7,2026-09-22 19:59:52,🆕新倉暴量 🏛️機構場,HOLD,2
NVDA,2026-10-02,250.0,0.34,37270,3308,32.7155166015625,10,228.8699951171875,0.34,0.35,2026-09-22 19:59:13,🚬菸屁股 🔥萬人塚 🏛️機構場,HOLD,2
AAPL,2026-10-16,320.0,22.4,10595,3264,33.685965881347656,24,339.75,22.15,24.05,2026-09-22 19:58:58,🆕新倉暴量 🏛️機構場,HOLD,2
IBIT,2026-10-16,47.0,3.05,49090,3209,41.1138701171875,24,48.83000183105469,3.0,3.1,2026-09-22 19:59:20,🔥萬人塚,HOLD,2
AAPL,2027-02-19,370.0,12.7,5566,2602,28.018908294677725,150,339.75,12.5,13.15,2026-09-22 19:59:56,🆕新倉暴量 🏛️機構場,HOLD,2
NVDA,2027-01-15,240.0,15.0,47275,2552,38.544315734863275,115,228.8699951171875,14.85,15.2,2026-09-22 19:57:47,🔥萬人塚,HOLD,2
GOOGL,2026-10-16,375.0,3.9,65855,2451,32.70330969238281,24,351.1600036621094,3.8,3.95,2026-09-22 19:59:31,🔥萬人塚,HOLD,2
NVDA,2027-01-15,220.0,24.98,41767,2050,40.51878329467773,115,228.8699951171875,24.85,25.15,2026-09-22 19:59:17,🔥萬人塚,HOLD,2
NVDA,2026-11-20,210.0,26.28,75382,2034,41.8951123046875,59,228.8699951171875,25.95,26.15,2026-09-22 19:51:11,🔥萬人塚,HOLD,2
NBIS,2026-09-25,270.0,0.62,3694,1910,83.69156933593749,3,236.1199951171875,0.59,0.62,2026-09-22 19:59:58,🎲末日結算 🆕新倉暴量 🚬菸屁股 ⚠️暴動高IV(84%),GAMBLE,2
IBIT,2026-12-18,50.0,3.6,33818,1846,43.555251953125,87,48.83000183105469,3.55,3.65,2026-09-22 20:07:17,🔥萬人塚,HOLD,2
ONDS,2026-12-18,8.0,1.09,35665,1777,80.07832421875,87,7.71999979019165,1.07,1.11,2026-09-22 19:56:12,🔥萬人塚,HOLD,2
NVDA,2026-12-18,220.0,22.1,61437,1595,39.771110107421876,87,228.8699951171875,22.05,22.25,2026-09-22 19:57:40,🔥萬人塚,HOLD,2
MSFT,2026-10-16,550.0,0.91,58275,1519,25.20826745605469,24,498.0,0.92,1.0,2026-09-22 19:59:54,🚬菸屁股 🔥萬人塚 🏛️機構場,HOLD,2
TSLA,2027-01-15,400.0,29.98,35522,1305,45.4107021484375,115,378.8999938964844,29.85,30.0,2026-09-22 19:59:52,🔥萬人塚,HOLD,2
IBIT,2027-01-15,50.0,4.3,58688,1239,43.86042468261719,115,48.83000183105469,4.25,4.3,2026-09-22 20:02:55,🔥萬人塚,HOLD,2
NVDA,2027-01-15,280.0,4.53,36589,1228,36.79872772216797,115,228.8699951171875,4.45,4.6,2026-09-22 19:57:25,🔥萬人塚,HOLD,2
NVDA,2027-01-15,230.0,19.5,44915,1221,39.33776483154296,115,228.8699951171875,19.45,19.7,2026-09-22 19:59:11,🔥萬人塚,HOLD,2
NVDA,2026-12-18,280.0,2.87,32662,1212,36.4813480834961,87,228.8699951171875,2.77,2.95,2026-09-22 19:59:17,🔥萬人塚,HOLD,2
OKLO,2026-10-16,45.0,1.49,58053,1089,74.36549072265625,24,40.45000076293945,1.44,1.6,2026-09-22 19:59:35,🔥萬人塚,HOLD,2
NVDA,2026-11-20,275.0,2.04,79880,1018,36.75600354003906,59,228.8699951171875,1.91,1.96,2026-09-22 19:53:39,🔥萬人塚,HOLD,2
VST,2026-09-25,180.0,0.07,1031,1000,94.5313046875,3,140.41000366210938,0.0,0.06,2026-09-16 19:25:25,🎲末日結算 🆕新倉暴量 🚬菸屁股 ⚠️暴動高IV(95%),GAMBLE,2
BAC,2027-01-15,60.0,2.03,31081,923,27.466545654296876,115,56.20000076293945,1.9,2.0,2026-09-22 19:43:15,🔥萬人塚,HOLD,2
NVDA,2027-01-15,260.0,8.7,54713,747,37.21681436157227,115,228.8699951171875,8.3,8.5,2026-09-22 19:53:10,🔥萬人塚,HOLD,2
CRWV,2026-09-25,105.0,0.04,2101,729,83.98453515624999,3,86.76000213623047,0.04,0.05,2026-09-22 19:52:52,🎲末日結算 🆕新倉暴量 🚬菸屁股 ⚠️暴動高IV(84%),GAMBLE,2
ASTS,2026-09-25,72.0,0.22,1145,710,83.007982421875,3,63.689998626708984,0.16,0.26,2026-09-22 19:53:57,🎲末日結算 🚀點火(2.6x) 🚬菸屁股 ⚠️暴動高IV(83%),GAMBLE,2
SOFI,2027-01-15,15.0,3.4,38459,567,58.30119824218749,115,17.15999984741211,3.3,3.4,2026-09-22 19:46:30,🔥萬人塚,HOLD,2
SHOP,2026-12-18,145.0,18.55,43646,536,60.01016552734376,87,147.74000549316406,18.1,19.0,2026-09-22 19:59:38,🔥萬人塚,HOLD,2
ONDS,2027-01-15,7.5,1.49,32764,524,81.15253222656249,115,7.71999979019165,1.48,1.5,2026-09-22 19:59:48,🔥萬人塚,HOLD,2
SMCI,2026-09-25,55.0,0.02,1259,507,110.9379453125,3,41.540000915527344,0.01,0.02,2026-09-22 19:59:30,🎲末日結算 🆕新倉暴量 🚬菸屁股 ⚠️暴動高IV(111%),GAMBLE,2
RKLB,2026-09-25,90.0,0.02,903,450,89.062609375,3,71.9800033569336,0.01,0.03,2026-09-22 19:49:22,🎲末日結算 🆕新倉暴量 🚬菸屁股 ⚠️暴動高IV(89%),GAMBLE,2
IREN,2027-01-15,110.0,1.18,46700,311,97.85158398437501,115,48.54999923706055,1.1,1.29,2026-09-22 18:48:32,🔥萬人塚,HOLD,2
HIMS,2026-09-25,36.0,0.04,785,269,94.5313046875,3,30.43000030517578,0.04,0.08,2026-09-22 19:55:27,🎲末日結算 🚀點火(5.0x) 🚬菸屁股 ⚠️暴動高IV(95%),GAMBLE,2
MSFT,2026-12-18,675.0,0.57,37426,227,32.19061950683593,87,498.0,0.58,0.95,2026-09-21 18:32:53,🚬菸屁股 🔥萬人塚 🏛️機構場,HOLD,2
META,2027-01-15,1250.0,2.15,37108,215,46.973186523437505,115,736.594970703125,2.05,2.16,2026-09-22 19:38:03,🔥萬人塚,HOLD,2
PLTR,2026-12-18,175.0,25.64,52629,153,57.52605950927734,87,184.99000549316406,25.4,25.8,2026-09-22 19:57:24,🔥萬人塚,HOLD,2
IREN,2026-11-20,70.0,1.94,15116,15583,93.33502758789064,59,48.54999923706055,1.89,1.98,2026-09-22 19:57:57,🆕新倉暴量 ⚠️暴動高IV(93%),HOLD,1
NVDA,2026-10-16,250.0,1.37,75330,12751,31.201859863281246,24,228.8699951171875,1.35,1.39,2026-09-22 19:59:56,🔥萬人塚 🏛️機構場,HOLD,1
IBIT,2026-10-02,50.0,0.81,16414,12285,38.67248828125,10,48.83000183105469,0.8,0.82,2026-09-22 20:12:08,🚬菸屁股,HOLD,1
NVDA,2026-10-16,230.0,7.12,60388,11014,32.15399877929687,24,228.8699951171875,7.05,7.15,2026-09-22 19:59:57,🔥萬人塚 🏛️機構場,HOLD,1
NVDA,2026-10-16,240.0,3.25,64744,9765,31.323928955078124,24,228.8699951171875,3.25,3.35,2026-09-22 19:59:41,🔥萬人塚 🏛️機構場,HOLD,1
AMZN,2026-09-25,255.0,3.1,10011,9585,29.675996215820312,3,254.97999572753906,3.0,3.15,2026-09-22 19:59:41,🎲末日結算 🆕新倉暴量,HOLD,1
ASTS,2026-09-25,65.0,1.29,9087,8792,71.04521142578125,3,63.689998626708984,1.3,1.35,2026-09-22 19:59:54,🎲末日結算 🆕新倉暴量,HOLD,1
SOFI,2026-10-02,18.5,0.14,17100,8488,48.242705078125006,10,17.15999984741211,0.14,0.15,2026-09-22 19:58:27,🚬菸屁股,HOLD,1
SOFI,2026-10-02,18.0,0.24,7177,8425,47.26615234375,10,17.15999984741211,0.23,0.25,2026-09-22 19:59:53,🚬菸屁股,HOLD,1
NVDA,2026-10-16,235.0,4.9,47324,8405,31.500929138183587,24,228.8699951171875,4.85,4.95,2026-09-22 19:59:55,🔥萬人塚 🏛️機構場,HOLD,1
NVDA,2026-10-16,245.0,2.14,33645,7222,31.104204589843743,24,228.8699951171875,2.12,2.17,2026-09-22 19:59:38,🔥萬人塚 🏛️機構場,HOLD,1
IREN,2026-11-20,55.0,4.81,9773,6878,90.3321279296875,59,48.54999923706055,4.6,4.85,2026-09-22 19:54:59,🆕新倉暴量 ⚠️暴動高IV(90%),HOLD,1
TSLA,2026-09-25,395.0,1.3,7469,6612,39.52697192382813,3,378.8999938964844,1.3,1.32,2026-09-22 19:59:40,🎲末日結算 🆕新倉暴量,HOLD,1
AAPL,2026-10-16,360.0,1.68,53523,6537,22.180953979492184,24,339.75,1.63,1.7,2026-09-22 19:59:50,🔥萬人塚 🏛️機構場,HOLD,1
IBIT,2026-09-25,44.5,4.5,7992,6399,51.95360546875,3,48.83000183105469,4.35,4.4,2026-09-22 19:33:56,🎲末日結算 🆕新倉暴量,HOLD,1
MSTR,2026-09-25,165.0,6.0,9902,5980,68.38410522460939,3,167.3300018310547,5.9,6.1,2026-09-22 19:59:45,🎲末日結算 🆕新倉暴量,HOLD,1
SOFI,2026-10-16,18.0,0.5,21997,5648,46.680220703125,24,17.15999984741211,0.49,0.5,2026-09-22 19:59:13,🚬菸屁股,HOLD,1
CRWV,2028-01-21,200.0,10.75,10982,5510,77.56370092773439,486,86.76000213623047,10.15,10.85,2026-09-22 19:40:44,🆕低基期(前日Vol10) 🔭LEAPS,HOLD,1
IREN,2026-10-16,55.0,1.88,13496,4829,80.85956640625,24,48.54999923706055,1.81,1.93,2026-09-22 19:59:06,🆕新倉暴量 ⚠️暴動高IV(81%),HOLD,1
BAC,2026-10-16,60.0,0.42,26743,4810,27.686270019531246,24,56.20000076293945,0.4,0.42,2026-09-22 19:59:38,🚬菸屁股,HOLD,1
AAPL,2026-10-16,340.0,8.4,106490,4586,24.164576721191406,24,339.75,8.15,8.45,2026-09-22 19:59:41,🔥萬人塚 🏛️機構場,HOLD,1
SOFI,2026-10-02,19.0,0.09,7541,4390,49.60987890625,10,17.15999984741211,0.08,0.09,2026-09-22 19:59:51,🚬菸屁股,HOLD,1
MSFT,2026-10-16,510.0,8.1,41367,4294,25.373060729980466,24,498.0,8.05,8.2,2026-09-22 19:58:42,🔥萬人塚 🏛️機構場,HOLD,1
NKE,2026-10-16,40.0,0.66,27768,4287,50.39112109375,24,36.099998474121094,0.6,0.65,2026-09-22 19:51:58,🚬菸屁股,HOLD,1
ONDS,2026-10-02,8.0,0.23,3886,4254,63.67223828125,10,7.71999979019165,0.21,0.24,2026-09-22 19:59:31,🚬菸屁股,HOLD,1
ASTS,2026-09-25,66.0,1.01,5264,4233,72.70535107421875,3,63.689998626708984,0.97,1.08,2026-09-22 19:59:29,🎲末日結算 🆕新倉暴量,HOLD,1
NVDA,2026-09-25,220.0,9.35,18567,4223,35.79165771484375,3,228.8699951171875,9.25,9.5,2026-09-22 19:59:28,🎲末日結算 🆕新倉暴量,HOLD,1
OPEN,2026-10-02,3.0,0.05,7514,3978,68.7503125,10,2.759999990463257,0.04,0.06,2026-09-22 19:58:50,🚬菸屁股,HOLD,1
MSTR,2026-10-02,200.0,1.42,7160,3680,83.83805224609374,10,167.3300018310547,1.38,1.45,2026-09-22 19:59:49,🆕新倉暴量 ⚠️暴動高IV(84%),HOLD,1
CRWV,2026-10-02,100.0,0.9,5230,3528,76.51390673828125,10,86.76000213623047,0.86,0.94,2026-09-22 19:56:06,🚬菸屁股,HOLD,1
TSLA,2026-09-25,370.0,11.4,9459,3472,38.58703991699218,3,378.8999938964844,11.25,11.5,2026-09-22 19:59:57,🎲末日結算 🆕新倉暴量,HOLD,1
INTC,2026-11-20,180.0,3.0,6717,3405,80.664255859375,59,123.86000061035156,3.0,3.1,2026-09-22 19:53:43,🆕新倉暴量 ⚠️暴動高IV(81%),HOLD,1
GOOGL,2026-09-25,350.0,5.4,6544,3341,39.624627197265625,3,351.1600036621094,5.25,6.4,2026-09-22 19:59:40,🎲末日結算 🆕新倉暴量,HOLD,1
PCG,2026-10-16,14.0,0.15,17657,3324,41.992767578125,24,12.880000114440918,0.13,0.19,2026-09-22 19:42:27,🚬菸屁股,HOLD,1
ASTS,2026-10-16,80.0,1.07,5768,3303,81.10370458984374,24,63.689998626708984,1.04,1.14,2026-09-22 19:59:39,🚀點火(2.5x) ⚠️暴動高IV(81%),HOLD,1
IBIT,2026-10-16,54.0,0.49,23366,3199,40.5279384765625,24,48.83000183105469,0.48,0.5,2026-09-22 19:59:39,🚬菸屁股,HOLD,1
SOFI,2026-12-18,20.0,0.9,17336,3177,55.762161132812516,87,17.15999984741211,0.9,0.92,2026-09-22 19:59:24,🚬菸屁股,HOLD,1
NVDA,2026-10-16,220.0,13.15,108359,3132,34.13151806640625,24,228.8699951171875,13.05,13.2,2026-09-22 19:59:31,🔥萬人塚 🏛️機構場,HOLD,1
PCG,2028-01-21,25.0,0.39,26970,2767,45.06890869140625,486,12.880000114440918,0.37,0.44,2026-09-22 19:58:33,🔭LEAPS,HOLD,1
ONDS,2026-12-18,26.0,0.13,2260,2617,111.71919140624999,87,7.71999979019165,0.0,0.07,2026-08-21 15:46:28,🚬菸屁股,HOLD,1
ONDS,2026-10-02,7.5,0.48,2377,2434,65.23472265625001,10,7.71999979019165,0.45,0.48,2026-09-22 19:59:28,🚬菸屁股,HOLD,1
ONDS,2026-10-02,8.5,0.09,2984,2427,63.67223828125,10,7.71999979019165,0.09,0.1,2026-09-22 19:59:34,🚬菸屁股,HOLD,1
INTC,2026-10-16,170.0,0.76,9043,2366,77.24632128906251,24,123.86000061035156,0.71,0.76,2026-09-22 19:59:40,🚬菸屁股,HOLD,1
NNE,2026-10-16,26.0,0.05,4859,2276,81.64080859375,24,17.31999969482422,0.0,0.1,2026-09-22 19:45:20,🚀點火(>50x) 🚬菸屁股 ⚠️尾段價外(50%) ⚠️暴動高IV(82%),BUY_WATCH,1
JOBY,2026-10-16,7.0,0.2,4890,2253,60.15664843750002,24,6.440000057220459,0.18,0.22,2026-09-22 19:47:09,🚬菸屁股,HOLD,1
ONDS,2026-10-16,9.0,0.16,10446,2248,68.94562304687501,24,7.71999979019165,0.16,0.17,2026-09-22 19:57:04,🚬菸屁股,HOLD,1
SOFI,2026-10-16,17.0,0.93,13835,2189,48.1450498046875,24,17.15999984741211,0.9,0.94,2026-09-22 19:58:08,🚬菸屁股,HOLD,1
AMZN,2026-10-02,300.0,0.05,2274,2109,39.8443515625,10,254.97999572753906,0.04,0.06,2026-09-22 19:56:56,🚬菸屁股,HOLD,1
IREN,2026-10-16,75.0,0.24,5471,2107,93.35944140625,24,48.54999923706055,0.2,0.24,2026-09-22 19:44:58,🚀點火(5.8x) 🚬菸屁股 ⚠️尾段價外(54%) ⚠️暴動高IV(93%),BUY_WATCH,1
IBIT,2026-10-16,53.0,0.65,11389,2083,40.039662109375,24,48.83000183105469,0.64,0.66,2026-09-22 19:08:15,🚬菸屁股,HOLD,1
SMCI,2026-09-25,40.0,2.13,5134,2073,68.555001953125,3,41.540000915527344,2.07,2.12,2026-09-22 19:59:16,🎲末日結算 🆕新倉暴量,HOLD,1
IBIT,2026-10-16,70.0,0.03,8615,2023,60.15664843750002,24,48.83000183105469,0.03,0.04,2026-09-22 19:59:12,🚬菸屁股,HOLD,1
U,2027-01-15,65.0,0.96,4826,2018,59.08244042968751,115,43.11000061035156,0.85,0.98,2026-09-22 17:57:37,🆕低基期(前日Vol10) 🚬菸屁股,HOLD,1
AMZN,2026-10-16,290.0,0.61,15108,1994,32.19061950683593,24,254.97999572753906,0.58,0.63,2026-09-22 19:59:00,🚬菸屁股,HOLD,1
META,2026-09-25,775.0,4.6,5583,1968,55.896437133789064,3,736.594970703125,4.6,4.8,2026-09-22 19:59:51,🎲末日結算 🆕新倉暴量,HOLD,1
AMZN,2026-10-16,285.0,0.9,22955,1905,32.031929687499996,24,254.97999572753906,0.9,0.97,2026-09-22 19:59:52,🚬菸屁股,HOLD,1
XYZ,2026-10-16,85.0,0.8,2933,1801,38.2818671875,24,77.52999877929688,0.74,0.79,2026-09-22 19:58:17,🚬菸屁股,HOLD,1
IREN,2026-09-25,47.0,2.42,7136,1770,75.39087109375001,3,48.54999923706055,2.36,2.45,2026-09-22 19:59:31,🎲末日結算 🆕新倉暴量,HOLD,1
TSLA,2026-10-16,500.0,0.39,11181,1766,50.92822509765625,24,378.8999938964844,0.39,0.4,2026-09-22 19:58:29,🚬菸屁股,HOLD,1
GOOGL,2026-10-02,400.0,0.23,4451,1766,38.3795224609375,10,351.1600036621094,0.2,0.24,2026-09-22 19:58:36,🚬菸屁股,HOLD,1
BAC,2026-10-02,59.0,0.16,1738,1751,24.805439453125,10,56.20000076293945,0.15,0.16,2026-09-22 19:59:52,🚬菸屁股,HOLD,1
BAC,2026-10-16,62.5,0.14,17172,1738,27.930408203124994,24,56.20000076293945,0.12,0.14,2026-09-22 19:47:52,🚬菸屁股,HOLD,1
IBIT,2026-12-18,65.0,0.64,26773,1714,45.9966337890625,87,48.83000183105469,0.6,0.62,2026-09-22 19:18:54,🚬菸屁股,HOLD,1
HIMS,2026-09-25,29.5,1.6,1548,1696,70.50810742187501,3,30.43000030517578,1.38,1.47,2026-09-22 19:49:03,🎲末日結算 🆕新倉暴量,HOLD,1
AMZN,2026-10-02,280.0,0.31,3897,1675,32.617861328124995,10,254.97999572753906,0.3,0.31,2026-09-22 19:59:48,🚬菸屁股,HOLD,1
META,2026-10-16,1000.0,0.38,2290,1634,50.19581054687501,24,736.594970703125,0.35,0.41,2026-09-22 19:59:45,🚬菸屁股,HOLD,1
CRWV,2026-11-20,140.0,1.64,1589,1629,86.98743481445312,59,86.76000213623047,1.45,1.65,2026-09-22 19:07:37,🆕新倉暴量 ⚠️暴動高IV(87%),HOLD,1
ONDS,2026-10-16,8.0,0.42,7789,1611,67.57844921875001,24,7.71999979019165,0.42,0.43,2026-09-22 19:59:46,🚬菸屁股,HOLD,1
IONQ,2026-09-25,39.0,2.14,1543,1595,62.9886513671875,3,40.7400016784668,2.03,2.25,2026-09-22 19:59:30,🎲末日結算 🆕新倉暴量,HOLD,1
ASTS,2026-10-16,100.0,0.27,7733,1584,92.2852333984375,24,63.689998626708984,0.21,0.25,2026-09-22 19:35:18,🚀點火(4.8x) 🚬菸屁股 ⚠️尾段價外(57%) ⚠️暴動高IV(92%),BUY_WATCH,1
INTC,2026-10-16,175.0,0.59,6754,1573,78.36935693359376,24,123.86000061035156,0.55,0.59,2026-09-22 19:59:18,🚬菸屁股,HOLD,1
DKNG,2027-01-15,50.0,0.1,17494,1503,65.23472265625001,115,21.799999237060547,0.04,0.06,2026-09-22 16:59:22,🚬菸屁股,HOLD,1
CRWV,2026-12-18,190.0,0.61,2291,1501,88.52550537109374,87,86.76000213623047,0.73,0.82,2026-09-18 16:12:47,🚬菸屁股,HOLD,1
IBIT,2026-10-16,57.0,0.24,7709,1471,42.9693203125,24,48.83000183105469,0.21,0.23,2026-09-22 19:07:13,🚬菸屁股,HOLD,1
AMZN,2026-09-25,252.5,4.5,5560,1461,30.274134765625,3,254.97999572753906,4.35,4.6,2026-09-22 19:58:20,🎲末日結算 🆕新倉暴量,HOLD,1
BAC,2026-10-02,60.0,0.08,3350,1447,25.586681640625002,10,56.20000076293945,0.07,0.08,2026-09-22 19:52:24,🚬菸屁股,HOLD,1
NKE,2026-10-16,45.0,0.14,26350,1446,53.12546875,24,36.099998474121094,0.13,0.14,2026-09-22 19:29:26,🚬菸屁股,HOLD,1
IREN,2026-10-02,60.0,0.27,2987,1440,85.742330078125,10,48.54999923706055,0.27,0.29,2026-09-22 19:59:45,🚬菸屁股,HOLD,1
NKE,2027-01-15,50.0,0.55,26034,1433,46.045461425781255,115,36.099998474121094,0.53,0.55,2026-09-22 19:59:52,🚬菸屁股,HOLD,1
SOFI,2026-11-20,19.0,0.88,6765,1427,55.9574716796875,59,17.15999984741211,0.86,0.89,2026-09-22 19:38:29,🚬菸屁股,HOLD,1
IREN,2026-10-02,55.0,0.74,5591,1418,80.5666005859375,10,48.54999923706055,0.71,0.76,2026-09-22 19:59:43,🚬菸屁股,HOLD,1
RKLB,2026-10-16,100.0,0.44,9657,1384,78.56466748046876,24,71.9800033569336,0.37,0.44,2026-09-22 19:59:52,🚬菸屁股,HOLD,1
OKLO,2026-10-16,50.0,0.68,8441,1382,77.53928710937501,24,40.45000076293945,0.63,0.76,2026-09-22 19:59:55,🚬菸屁股,HOLD,1
IBIT,2026-10-16,60.0,0.12,28404,1368,47.070841796875,24,48.83000183105469,0.12,0.13,2026-09-22 20:14:33,🚬菸屁股,HOLD,1
BE,2026-09-25,290.0,3.7,2152,1341,74.35328381347657,3,276.5299987792969,3.4,3.9,2026-09-22 19:58:27,🎲末日結算 🆕新倉暴量,HOLD,1
IREN,2026-12-18,140.0,0.33,7428,1337,105.078599609375,87,48.54999923706055,0.24,0.37,2026-09-22 17:37:41,🚬菸屁股,HOLD,1
NVDA,2026-10-16,280.0,0.14,19475,1333,36.08462353515625,24,228.8699951171875,0.12,0.14,2026-09-22 19:40:17,🚬菸屁股,HOLD,1
MS,2026-10-16,230.0,0.48,3903,1319,35.49869189453124,24,200.17999267578125,0.44,0.59,2026-09-22 19:40:02,🚬菸屁股,HOLD,1
SMCI,2026-10-16,55.0,0.39,3527,1317,78.9064609375,24,41.540000915527344,0.38,0.41,2026-09-22 19:57:36,🚬菸屁股,HOLD,1
NKE,2026-10-02,40.0,0.42,4736,1295,63.67223828125,10,36.099998474121094,0.39,0.41,2026-09-22 19:56:57,🚬菸屁股,HOLD,1
IREN,2027-01-15,140.0,0.57,8742,1282,101.70947583007815,115,48.54999923706055,0.49,0.67,2026-09-22 16:20:35,🆕低基期(前日Vol10) 🚬菸屁股,HOLD,1
BAC,2026-10-16,65.0,0.04,21077,1254,29.10227148437499,24,56.20000076293945,0.04,0.05,2026-09-22 19:57:53,🚬菸屁股,HOLD,1
CRWV,2026-10-02,110.0,0.31,1851,1247,82.0314296875,10,86.76000213623047,0.24,0.31,2026-09-22 19:52:59,🚬菸屁股,HOLD,1
RKLB,2026-10-16,90.0,0.98,4594,1232,74.95142236328125,24,71.9800033569336,0.98,1.02,2026-09-22 19:58:15,🚬菸屁股,HOLD,1
SMCI,2026-10-02,50.0,0.27,4121,1219,79.49239257812499,10,41.540000915527344,0.25,0.27,2026-09-22 19:58:46,🚬菸屁股,HOLD,1
META,2026-09-25,810.0,1.29,1573,1205,59.14347497558594,3,736.594970703125,1.24,1.35,2026-09-22 19:59:33,🎲末日結算 🆕新倉暴量,HOLD,1
CRWV,2026-10-16,120.0,0.63,21322,1197,80.85956640625,24,86.76000213623047,0.55,0.62,2026-09-22 19:50:22,🚬菸屁股,HOLD,1
DKNG,2026-10-02,24.5,0.19,1129,1191,57.812921875,10,21.799999237060547,0.1,0.18,2026-09-22 19:40:45,🚬菸屁股,HOLD,1
ACHR,2026-10-16,7.0,0.06,20065,1174,67.18782812500001,24,5.690000057220459,0.06,0.07,2026-09-22 19:58:55,🚬菸屁股,HOLD,1
NBIS,2026-10-02,300.0,1.0,1701,1173,87.57336645507812,10,236.1199951171875,0.96,1.03,2026-09-22 19:57:27,🆕新倉暴量 ⚠️暴動高IV(88%),HOLD,1
IREN,2026-09-25,47.5,2.09,2584,1153,74.60962890625001,3,48.54999923706055,2.02,2.14,2026-09-22 19:59:20,🎲末日結算 🆕新倉暴量,HOLD,1
ASTS,2026-10-16,95.0,0.36,5323,1138,90.52743847656251,24,63.689998626708984,0.3,0.39,2026-09-22 19:44:48,🚬菸屁股,HOLD,1
ACHR,2026-10-02,6.0,0.12,3483,1125,61.71913281250001,10,5.690000057220459,0.12,0.13,2026-09-22 19:58:52,🚬菸屁股,HOLD,1
OPEN,2026-11-20,7.0,0.03,5202,1120,126.56286718749999,59,2.759999990463257,0.02,0.04,2026-09-22 16:19:44,🚬菸屁股,HOLD,1
ACHR,2026-11-20,6.0,0.57,4283,1099,72.07059179687501,59,5.690000057220459,0.5,0.57,2026-09-22 19:58:58,🚬菸屁股,HOLD,1
ASTS,2026-10-02,75.0,0.57,1684,1090,79.3947373046875,10,63.689998626708984,0.51,0.59,2026-09-22 19:58:03,🚬菸屁股,HOLD,1
IBIT,2026-10-02,55.0,0.1,10785,1084,44.727115234375,10,48.83000183105469,0.1,0.11,2026-09-22 19:53:15,🚬菸屁股,HOLD,1
META,2026-11-20,1480.0,0.1,5414,1080,57.812921875,59,736.594970703125,0.05,0.15,2026-09-22 19:38:39,🚬菸屁股,HOLD,1
SMCI,2026-10-16,50.0,0.86,12464,1061,75.2932158203125,24,41.540000915527344,0.82,0.85,2026-09-22 19:59:38,🚬菸屁股,HOLD,1
PCG,2026-12-18,14.0,0.89,13502,1056,50.098155273437506,87,12.880000114440918,0.77,0.89,2026-09-22 19:20:00,🚬菸屁股,HOLD,1
RKLB,2026-09-25,68.0,4.5,1242,1055,67.773759765625,3,71.9800033569336,4.45,4.7,2026-09-22 19:59:23,🎲末日結算 🆕新倉暴量,HOLD,1
META,2026-09-25,785.0,3.27,1703,1055,56.592230957031255,3,736.594970703125,3.1,3.4,2026-09-22 19:59:56,🎲末日結算 🆕新倉暴量,HOLD,1
AMZN,2026-10-02,275.0,0.54,2067,1050,31.88544677734374,10,254.97999572753906,0.53,0.58,2026-09-22 19:59:49,🚬菸屁股,HOLD,1
IBIT,2027-01-15,65.0,0.96,19885,1032,45.23980541992188,115,48.83000183105469,0.91,0.94,2026-09-22 19:35:27,🚬菸屁股,HOLD,1
IREN,2026-11-20,100.0,0.44,3419,1027,101.95361523437501,59,48.54999923706055,0.42,0.5,2026-09-22 19:43:18,🚬菸屁股,HOLD,1
CHPT,2027-02-19,16.0,0.86,1043,1005,83.1056376953125,150,9.850000381469727,0.3,1.0,2026-09-18 18:09:37,🚬菸屁股,HOLD,1
NVDA,2026-10-16,350.0,0.01,11879,995,50.0005,24,228.8699951171875,0.0,0.01,2026-09-21 14:28:13,🚬菸屁股,HOLD,1
ACHR,2026-10-02,5.5,0.36,2119,995,61.71913281250001,10,5.690000057220459,0.32,0.37,2026-09-22 19:58:53,🚬菸屁股,HOLD,1
NVDA,2026-10-16,275.0,0.19,8902,989,35.205726074218745,24,228.8699951171875,0.17,0.2,2026-09-22 19:54:35,🚬菸屁股,HOLD,1
SOFI,2026-10-16,25.0,0.02,11621,977,68.7503125,24,17.15999984741211,0.02,0.03,2026-09-22 19:56:49,🚬菸屁股,HOLD,1
VRT,2026-09-25,270.0,1.24,1053,943,55.615678222656264,3,253.4600067138672,1.0,1.15,2026-09-22 19:55:13,🎲末日結算 🆕新倉暴量,HOLD,1
OPEN,2026-10-16,3.0,0.1,3156,941,69.5315546875,24,2.759999990463257,0.09,0.13,2026-09-22 19:23:31,🚬菸屁股,HOLD,1
HIMS,2026-10-16,40.0,0.32,3697,914,76.17211328125,24,30.43000030517578,0.2,0.34,2026-09-22 19:58:41,🚬菸屁股,HOLD,1
SOFI,2026-11-20,23.0,0.24,5468,912,58.496508789062496,59,17.15999984741211,0.24,0.25,2026-09-22 19:55:34,🚬菸屁股,HOLD,1
BAC,2026-11-20,62.5,0.5,11831,905,25.781992187500002,59,56.20000076293945,0.47,0.5,2026-09-22 19:59:21,🚬菸屁股,HOLD,1
INTC,2026-10-16,210.0,0.11,10809,892,85.54701953125,24,123.86000061035156,0.1,0.12,2026-09-22 19:59:44,🚬菸屁股,HOLD,1
SOFI,2026-10-02,20.0,0.04,7050,877,53.12546875,10,17.15999984741211,0.03,0.04,2026-09-22 19:37:05,🚬菸屁股,HOLD,1
SOFI,2026-10-16,22.0,0.06,12337,877,56.64105859375,24,17.15999984741211,0.05,0.06,2026-09-22 19:59:53,🚬菸屁股,HOLD,1
DKNG,2026-10-16,25.0,0.35,6296,876,58.10588769531251,24,21.799999237060547,0.32,0.39,2026-09-22 19:57:07,🚬菸屁股,HOLD,1
SOFI,2026-10-16,21.0,0.08,10467,872,53.12546875,24,17.15999984741211,0.08,0.09,2026-09-22 19:49:09,🚬菸屁股,HOLD,1
CRWV,2026-10-16,155.0,0.11,9839,860,94.92192578125,24,86.76000213623047,0.05,0.14,2026-09-22 19:19:41,🆕低基期(前日Vol1) 🚬菸屁股,HOLD,1
ONDS,2026-11-20,9.0,0.57,5716,857,82.61736132812499,59,7.71999979019165,0.57,0.6,2026-09-22 19:59:31,🚬菸屁股,HOLD,1
IBIT,2026-11-20,60.0,0.6,7661,853,44.6294599609375,59,48.83000183105469,0.59,0.62,2026-09-22 20:07:53,🚬菸屁股,HOLD,1
META,2026-09-25,815.0,1.1,765,853,60.30313134765627,3,736.594970703125,1.04,1.22,2026-09-22 19:59:57,🎲末日結算 🆕新倉暴量,HOLD,1
SMR,2026-10-02,9.0,0.4,1375,850,73.04714453125,10,8.890000343322754,0.38,0.42,2026-09-22 19:51:10,🚬菸屁股,HOLD,1
ONDS,2026-10-16,10.0,0.06,14248,847,72.26590234375,24,7.71999979019165,0.06,0.07,2026-09-22 19:46:46,🚬菸屁股,HOLD,1
SOFI,2026-11-20,21.0,0.46,6092,843,57.22699023437501,59,17.15999984741211,0.45,0.48,2026-09-22 19:52:56,🚬菸屁股,HOLD,1
IONQ,2026-09-25,41.0,1.03,1949,841,66.50424121093752,3,40.7400016784668,0.99,1.03,2026-09-22 19:59:34,🎲末日結算 🆕新倉暴量,HOLD,1
ONDS,2026-12-18,10.0,0.57,22893,819,84.179845703125,87,7.71999979019165,0.56,0.6,2026-09-22 19:59:47,🚬菸屁股,HOLD,1
SOFI,2026-10-16,24.0,0.02,8371,787,62.500375000000005,24,17.15999984741211,0.02,0.03,2026-09-22 19:56:10,🚬菸屁股,HOLD,1
IREN,2026-09-25,45.0,4.0,3916,786,76.95335546875,3,48.54999923706055,3.8,4.0,2026-09-22 19:52:54,🎲末日結算 🆕新倉暴量,HOLD,1
OPEN,2026-11-20,3.0,0.33,7521,783,96.0937890625,59,2.759999990463257,0.32,0.35,2026-09-22 19:14:04,🚬菸屁股,HOLD,1
IBIT,2026-10-16,52.0,0.88,14975,779,39.600213378906254,24,48.83000183105469,0.85,0.87,2026-09-22 20:06:15,🚬菸屁股,HOLD,1
AAPL,2027-01-15,350.0,16.2,55072,760,27.332269653320306,115,339.75,16.1,16.45,2026-09-22 19:57:37,🔥萬人塚 🏛️機構場,HOLD,1
ASTS,2026-11-20,110.0,1.09,1951,754,93.7500625,59,63.689998626708984,1.0,1.12,2026-09-22 19:49:58,🚀點火(3.5x) ⚠️暴動高IV(94%),HOLD,1
PATH,2026-10-16,14.0,0.53,2713,749,61.52382226562501,24,13.25,0.49,0.61,2026-09-22 19:39:57,🚬菸屁股,HOLD,1
HIMS,2026-10-02,35.0,0.34,1304,747,76.85570019531252,10,30.43000030517578,0.3,0.36,2026-09-22 19:57:26,🚬菸屁股,HOLD,1
SOFI,2026-10-02,25.0,0.01,3322,743,84.37515624999999,10,17.15999984741211,0.0,0.01,2026-09-22 18:32:45,🚬菸屁股,HOLD,1
DKNG,2026-10-16,22.5,0.96,4286,742,56.7387138671875,24,21.799999237060547,0.95,1.03,2026-09-22 19:56:31,🚬菸屁股,HOLD,1
SMR,2026-10-02,9.5,0.23,2037,738,75.39087109375001,10,8.890000343322754,0.22,0.25,2026-09-22 19:53:54,🚬菸屁股,HOLD,1
SOFI,2026-11-20,22.0,0.33,18009,727,57.42230078125,59,17.15999984741211,0.32,0.34,2026-09-22 19:53:40,🚬菸屁股,HOLD,1
SMR,2026-10-16,9.0,0.64,2317,723,74.414318359375,24,8.890000343322754,0.61,0.67,2026-09-22 19:56:47,🚬菸屁股,HOLD,1
SMR,2027-01-15,55.0,0.05,3428,700,128.90660546875,115,8.890000343322754,0.0,0.06,2026-09-22 18:21:24,🆕低基期(前日Vol17) 🚬菸屁股,HOLD,1
NVDA,2026-10-16,300.0,0.02,14554,696,38.67248828125,24,228.8699951171875,0.02,0.03,2026-09-22 19:58:48,🚬菸屁股,HOLD,1
GOOGL,2026-10-16,420.0,0.45,8772,694,37.67152172851562,24,351.1600036621094,0.35,0.52,2026-09-22 18:15:47,🚬菸屁股,HOLD,1
BRK-B,2026-09-25,505.0,2.08,758,692,15.479360839843753,3,503.489990234375,2.03,2.56,2026-09-22 19:58:00,🎲末日結算 🆕新倉暴量,HOLD,1
HIMS,2026-10-16,36.0,0.82,1954,690,75.00025000000001,24,30.43000030517578,0.65,0.76,2026-09-22 19:28:11,🚬菸屁股,HOLD,1
CRWV,2026-11-20,150.0,1.19,2503,679,89.062609375,59,86.76000213623047,1.1,1.2,2026-09-22 19:47:37,🆕新倉暴量 ⚠️暴動高IV(89%),HOLD,1
NKE,2026-10-16,42.5,0.27,27620,677,50.7817421875,24,36.099998474121094,0.26,0.29,2026-09-22 19:43:38,🚬菸屁股,HOLD,1
SOFI,2026-12-18,25.0,0.27,19013,675,59.18009570312501,87,17.15999984741211,0.27,0.28,2026-09-22 19:45:24,🚬菸屁股,HOLD,1
NKE,2026-10-02,38.0,0.86,3077,656,62.793340820312515,10,36.099998474121094,0.8,0.87,2026-09-22 19:56:57,🚬菸屁股,HOLD,1
AMZN,2026-10-02,285.0,0.16,5095,633,35.10807080078124,10,254.97999572753906,0.11,0.22,2026-09-22 19:31:41,🚬菸屁股,HOLD,1
AMZN,2026-12-18,350.0,0.96,5485,613,38.12317736816406,87,254.97999572753906,0.9,1.04,2026-09-22 19:31:05,🚬菸屁股,HOLD,1
IBIT,2026-10-16,55.0,0.37,19481,610,41.211525390625,24,48.83000183105469,0.36,0.38,2026-09-22 19:59:20,🚬菸屁股,HOLD,1
NVDA,2026-10-16,290.0,0.05,13001,600,37.11000390625,24,228.8699951171875,0.05,0.06,2026-09-22 19:47:07,🚬菸屁股,HOLD,1
ONDS,2026-10-02,9.0,0.04,2527,591,65.62534375000001,10,7.71999979019165,0.03,0.05,2026-09-22 19:59:31,🚬菸屁股,HOLD,1
GOOGL,2026-10-16,425.0,0.37,5067,591,38.98986791992188,24,351.1600036621094,0.2,0.47,2026-09-22 19:25:37,🚬菸屁股,HOLD,1
OKLO,2026-09-25,40.5,1.08,828,585,65.43003320312502,3,40.45000076293945,1.04,1.12,2026-09-22 19:58:31,🎲末日結算 🆕新倉暴量,HOLD,1
NBIS,2026-10-02,275.0,2.65,836,571,82.7882580566406,10,236.1199951171875,2.6,2.82,2026-09-22 19:56:09,🆕新倉暴量 ⚠️暴動高IV(83%),HOLD,1
SOFI,2028-01-21,20.0,3.98,29994,570,62.74451318359377,486,17.15999984741211,3.9,4.0,2026-09-22 19:57:03,🔭LEAPS,HOLD,1
HIMS,2026-11-20,30.0,4.25,2651,567,83.39860351562498,59,30.43000030517578,4.15,4.4,2026-09-22 19:56:52,🆕新倉暴量 ⚠️暴動高IV(83%),HOLD,1
ONDS,2026-10-02,7.0,0.8,1463,565,66.79720703125001,10,7.71999979019165,0.79,0.84,2026-09-22 19:58:53,🚬菸屁股,HOLD,1
MSTR,2028-01-21,200.0,52.48,7308,563,81.72015350341795,486,167.3300018310547,50.75,52.15,2026-09-22 19:31:59,🔭LEAPS,HOLD,1
ONDS,2026-11-20,10.0,0.37,19472,542,80.85956640625,59,7.71999979019165,0.31,0.39,2026-09-22 19:58:43,🚬菸屁股,HOLD,1
IBIT,2026-11-20,70.0,0.21,6403,538,51.758294921875006,59,48.83000183105469,0.21,0.22,2026-09-22 19:57:30,🚬菸屁股,HOLD,1
AMZN,2026-11-20,380.0,0.12,3948,525,42.57869921875,59,254.97999572753906,0.11,0.19,2026-09-22 19:17:53,🆕低基期(前日Vol3) 🚬菸屁股,HOLD,1
CRWV,2026-10-16,130.0,0.31,4333,522,85.1563984375,24,86.76000213623047,0.31,0.34,2026-09-22 19:57:01,🚬菸屁股,HOLD,1
HOOD,2026-10-02,145.0,0.67,999,517,67.13900048828127,10,124.25,0.65,0.7,2026-09-22 19:55:23,🚬菸屁股,HOLD,1
CRWV,2026-10-02,105.0,0.5,1747,512,79.29708203125,10,86.76000213623047,0.45,0.54,2026-09-22 19:57:01,🚬菸屁股,HOLD,1
HIMS,2027-01-15,90.0,0.22,4786,503,96.289099609375,115,30.43000030517578,0.07,0.4,2026-09-21 18:17:03,🚬菸屁股,HOLD,1
SMR,2026-10-02,10.0,0.15,2814,501,81.2501875,10,8.890000343322754,0.14,0.16,2026-09-22 19:58:11,🚬菸屁股,HOLD,1
NBIS,2026-10-02,280.0,2.35,787,500,83.74039697265624,10,236.1199951171875,2.1,2.33,2026-09-22 19:46:07,🆕新倉暴量 ⚠️暴動高IV(84%),HOLD,1
SMR,2026-10-16,10.0,0.32,5963,495,76.562734375,24,8.890000343322754,0.3,0.35,2026-09-22 19:54:24,🚬菸屁股,HOLD,1
NKE,2026-10-02,42.0,0.17,2133,487,64.25816992187501,10,36.099998474121094,0.16,0.19,2026-09-22 19:58:04,🚬菸屁股,HOLD,1
LUNR,2026-12-18,35.0,0.19,1170,486,93.945373046875,87,16.239999771118164,0.13,0.3,2026-09-21 19:59:06,🚬菸屁股,HOLD,1
SOFI,2027-01-15,22.0,0.74,21675,483,56.201609863281256,115,17.15999984741211,0.74,0.77,2026-09-22 19:56:59,🚬菸屁股,HOLD,1
BAC,2026-11-20,67.5,0.1,5262,482,26.95385546875,59,56.20000076293945,0.08,0.13,2026-09-22 19:17:23,🚬菸屁股,HOLD,1
ONDS,2026-12-18,12.0,0.31,4350,481,86.32826171875,87,7.71999979019165,0.3,0.32,2026-09-22 19:59:31,🚬菸屁股,HOLD,1
OPEN,2026-12-18,4.0,0.19,6513,473,98.437515625,87,2.759999990463257,0.19,0.21,2026-09-22 19:52:55,🚬菸屁股,HOLD,1
ONDS,2026-11-20,11.0,0.22,2375,470,83.39860351562498,59,7.71999979019165,0.22,0.25,2026-09-22 19:57:17,🚬菸屁股,HOLD,1
HIMS,2026-11-20,40.0,1.66,2128,466,88.18371191406248,59,30.43000030517578,1.5,1.66,2026-09-22 19:59:38,🆕新倉暴量 ⚠️暴動高IV(88%),HOLD,1
CRWV,2026-10-16,125.0,0.44,4781,460,82.17791259765625,24,86.76000213623047,0.37,0.45,2026-09-22 18:50:25,🚬菸屁股,HOLD,1
NVDA,2026-10-02,260.0,0.11,5272,458,36.2311064453125,10,228.8699951171875,0.11,0.12,2026-09-22 19:58:49,🚬菸屁股,HOLD,1
SMCI,2026-11-20,44.0,4.57,1929,454,82.73943041992186,59,41.540000915527344,4.5,4.6,2026-09-22 19:58:47,🆕新倉暴量 ⚠️暴動高IV(83%),HOLD,1
SMR,2026-10-02,11.0,0.08,1319,450,89.84385156249999,10,8.890000343322754,0.04,0.08,2026-09-22 19:48:25,🚬菸屁股,HOLD,1
OKLO,2026-11-20,75.0,0.47,2658,448,95.89847851562499,59,40.45000076293945,0.45,0.56,2026-09-22 19:49:07,🚬菸屁股,HOLD,1
SOFI,2026-10-02,20.5,0.02,2304,447,56.250437500000004,10,17.15999984741211,0.02,0.03,2026-09-22 18:44:48,🚬菸屁股,HOLD,1
SOFI,2026-11-20,25.0,0.15,13141,441,61.328511718750015,59,17.15999984741211,0.14,0.15,2026-09-22 19:57:01,🚬菸屁股,HOLD,1
IBIT,2028-01-21,50.0,11.0,10707,440,51.123535644531245,486,48.83000183105469,10.7,11.1,2026-09-22 19:37:56,🔭LEAPS,HOLD,1
NVDA,2026-11-20,300.0,0.65,12169,438,38.20862573242187,59,228.8699951171875,0.63,0.66,2026-09-22 19:58:05,🚬菸屁股,HOLD,1
NKE,2026-10-02,38.5,0.7,1211,438,67.57844921875001,10,36.099998474121094,0.68,0.92,2026-09-22 19:57:26,🚬菸屁股,HOLD,1
SOFI,2026-10-02,24.0,0.01,1620,436,87.500125,10,17.15999984741211,0.01,0.02,2026-09-22 19:19:21,🚬菸屁股,HOLD,1
TEAM,2026-09-25,200.0,1.05,1083,433,60.30313134765627,3,188.64999389648438,1.0,1.35,2026-09-22 19:59:46,🎲末日結算 🆕新倉暴量,HOLD,1
AMZN,2026-10-02,272.5,0.75,1124,430,31.348342773437498,10,254.97999572753906,0.7,0.77,2026-09-22 19:57:44,🚬菸屁股,HOLD,1
BAC,2026-12-18,65.0,0.43,13116,429,25.537854003906258,87,56.20000076293945,0.4,0.46,2026-09-22 19:59:38,🚬菸屁股,HOLD,1
SOFI,2028-01-21,25.0,2.72,16438,425,62.793340820312515,486,17.15999984741211,2.73,2.85,2026-09-22 18:53:38,🔭LEAPS,HOLD,1
SOFI,2026-12-18,40.0,0.05,13049,423,80.85956640625,87,17.15999984741211,0.04,0.08,2026-09-21 19:24:05,🚬菸屁股,HOLD,1
GOOGL,2026-10-16,450.0,0.13,4322,420,41.309180664062495,24,351.1600036621094,0.12,0.16,2026-09-22 18:58:08,🚬菸屁股,HOLD,1
NVDA,2026-11-20,400.0,0.03,11948,419,47.26615234375,59,228.8699951171875,0.02,0.03,2026-09-22 19:36:47,🚬菸屁股,HOLD,1
ONDS,2027-01-15,9.0,0.98,15475,416,82.91032714843749,115,7.71999979019165,0.97,1.0,2026-09-22 19:59:01,🚬菸屁股,HOLD,1
BAC,2027-01-15,70.0,0.26,13235,414,26.636475830078126,115,56.20000076293945,0.24,0.3,2026-09-22 18:58:25,🚬菸屁股,HOLD,1
ACHR,2026-10-16,5.0,0.81,3093,413,69.5315546875,24,5.690000057220459,0.8,0.85,2026-09-22 19:57:31,🚬菸屁股,HOLD,1
ONDS,2028-01-21,10.0,2.49,23799,395,90.77157666015624,486,7.71999979019165,2.44,2.56,2026-09-22 19:59:13,🔭LEAPS,HOLD,1
SOFI,2026-12-18,23.0,0.43,11218,390,57.178162597656254,87,17.15999984741211,0.42,0.43,2026-09-22 19:35:32,🚬菸屁股,HOLD,1
SOFI,2027-01-15,23.0,0.61,5450,389,56.543403320312514,115,17.15999984741211,0.6,0.62,2026-09-22 19:56:38,🚬菸屁股,HOLD,1
RKLB,2026-10-02,85.0,0.46,903,387,74.12135253906249,10,71.9800033569336,0.43,0.5,2026-09-22 19:59:26,🚬菸屁股,HOLD,1
HOOD,2026-10-02,160.0,0.14,3180,385,73.437765625,10,124.25,0.14,0.18,2026-09-22 19:19:40,🚬菸屁股,HOLD,1
AMZN,2026-10-16,295.0,0.39,17749,385,32.764344238281254,24,254.97999572753906,0.37,0.43,2026-09-22 19:43:16,🚬菸屁股,HOLD,1
SOFI,2026-10-16,23.0,0.04,8036,384,59.375406250000005,24,17.15999984741211,0.03,0.04,2026-09-22 19:58:08,🚬菸屁股,HOLD,1
NKE,2026-12-18,50.0,0.35,8727,384,47.6567734375,87,36.099998474121094,0.32,0.37,2026-09-22 19:57:13,🚬菸屁股,HOLD,1
KHC,2026-10-16,25.0,0.29,11997,382,29.590547851562498,24,24.0,0.26,0.36,2026-09-22 19:54:54,🚬菸屁股,HOLD,1
IBIT,2028-01-21,70.0,5.25,16050,381,49.957775817871095,486,48.83000183105469,5.1,5.35,2026-09-22 19:45:26,🔭LEAPS,HOLD,1
SOFI,2026-10-16,28.0,0.01,2601,379,82.81267187499999,24,17.15999984741211,0.01,0.03,2026-09-22 18:11:34,🚀點火(2.8x) 🚬菸屁股 ⚠️尾段價外(63%) ⚠️暴動高IV(83%),BUY_WATCH,1
INTC,2028-01-21,120.0,41.75,8907,376,73.44692080688476,486,123.86000061035156,41.75,42.3,2026-09-22 19:53:57,🔭LEAPS,HOLD,1
ASTS,2026-10-16,85.0,0.72,2500,367,83.39860351562498,24,63.689998626708984,0.67,0.72,2026-09-22 19:59:37,🚬菸屁股,HOLD,1
HIMS,2026-10-16,38.0,0.52,1418,361,77.73459765625,24,30.43000030517578,0.44,0.52,2026-09-22 19:40:19,🚬菸屁股,HOLD,1
OKLO,2026-10-16,75.0,0.08,3939,360,107.42233789062503,24,40.45000076293945,0.05,0.1,2026-09-22 19:59:40,🚬菸屁股,HOLD,1
SOFI,2026-12-18,30.0,0.12,25098,360,64.8441015625,87,17.15999984741211,0.11,0.12,2026-09-22 19:43:36,🚬菸屁股,HOLD,1
IONQ,2026-10-02,45.0,0.6,1918,355,69.5315546875,10,40.7400016784668,0.56,0.63,2026-09-22 19:59:07,🚬菸屁股,HOLD,1
LUNR,2026-10-16,20.0,0.33,2900,353,80.664255859375,24,16.239999771118164,0.29,0.36,2026-09-22 19:52:29,🚬菸屁股,HOLD,1
ACHR,2028-01-21,15.0,0.73,14266,349,86.37708935546875,486,5.690000057220459,0.71,0.79,2026-09-22 18:47:26,🔭LEAPS,HOLD,1
SOFI,2026-12-18,24.0,0.35,17194,347,58.39885351562499,87,17.15999984741211,0.34,0.35,2026-09-22 19:59:56,🚬菸屁股,HOLD,1
SOFI,2027-01-15,27.0,0.29,21639,345,59.375406250000005,115,17.15999984741211,0.28,0.3,2026-09-22 19:35:43,🚬菸屁股,HOLD,1
ACHR,2028-01-21,10.0,1.27,21373,344,85.49819189453125,486,5.690000057220459,1.2,1.27,2026-09-22 19:57:19,🔭LEAPS,HOLD,1
IREN,2026-12-18,100.0,0.95,5538,340,97.460962890625,87,48.54999923706055,0.88,0.99,2026-09-22 19:51:29,🚬菸屁股,HOLD,1
ONDS,2026-11-20,17.0,0.05,827,340,101.5629921875,59,7.71999979019165,0.0,0.1,2026-09-17 17:37:43,🚬菸屁股,HOLD,1
BAC,2027-01-15,65.0,0.75,22702,337,26.51440673828125,115,56.20000076293945,0.73,0.79,2026-09-22 19:55:22,🚬菸屁股,HOLD,1
OPEN,2026-10-16,5.0,0.01,8265,334,121.875390625,24,2.759999990463257,0.01,0.02,2026-09-22 14:31:09,🚀點火(3.4x) 🚬菸屁股 ⚠️尾段價外(81%) ⚠️暴動高IV(122%),BUY_WATCH,1
IBIT,2028-01-21,100.0,2.18,19491,333,51.01367346191408,486,48.83000183105469,2.1,2.24,2026-09-22 18:49:46,🔭LEAPS,HOLD,1
PCG,2026-12-18,16.0,0.42,22452,330,51.6606396484375,87,12.880000114440918,0.35,0.44,2026-09-22 19:14:16,🚬菸屁股,HOLD,1
PCG,2026-11-20,13.0,0.97,3388,329,54.00436621093752,59,12.880000114440918,0.83,1.07,2026-09-22 19:59:18,🚬菸屁股,HOLD,1
NKE,2026-12-18,45.0,0.7,7318,325,45.361874511718746,87,36.099998474121094,0.7,0.76,2026-09-22 19:50:29,🚬菸屁股,HOLD,1
BRK-B,2026-10-16,530.0,0.7,1815,325,14.466187377929687,24,503.489990234375,0.65,0.79,2026-09-22 19:57:48,🚬菸屁股,HOLD,1
KHC,2027-01-15,30.0,0.14,10262,321,28.85813330078124,115,24.0,0.12,0.17,2026-09-22 18:27:10,🚬菸屁股,HOLD,1
CRWV,2026-10-02,125.0,0.08,2658,320,94.14068359375,10,86.76000213623047,0.05,0.1,2026-09-22 19:15:22,🚀點火(4.6x) 🚬菸屁股 ⚠️尾段價外(44%) ⚠️暴動高IV(94%),BUY_WATCH,1
SMR,2027-01-15,15.0,0.47,15445,317,91.60164648437501,115,8.890000343322754,0.45,0.5,2026-09-22 19:41:58,🚬菸屁股,HOLD,1
HIMS,2026-11-20,55.0,0.4,1085,314,95.01958105468748,59,30.43000030517578,0.37,0.47,2026-09-22 17:45:37,🚬菸屁股,HOLD,1
OPEN,2028-01-21,3.0,1.1,4636,313,96.48441015625,486,2.759999990463257,1.02,1.18,2026-09-22 16:10:35,🔭LEAPS,HOLD,1
NKE,2026-11-20,42.5,0.74,6877,312,45.85015087890626,59,36.099998474121094,0.72,0.76,2026-09-22 19:39:38,🚬菸屁股,HOLD,1
META,2026-10-16,1160.0,0.06,3099,312,58.00823242187501,24,736.594970703125,0.04,0.07,2026-09-22 18:03:27,🚬菸屁股,HOLD,1
META,2027-01-15,1430.0,0.63,20499,312,48.242705078125006,115,736.594970703125,0.55,0.67,2026-09-22 19:52:45,🚬菸屁股,HOLD,1
AMZN,2026-10-02,290.0,0.1,2829,311,37.11000390625,10,254.97999572753906,0.06,0.15,2026-09-22 19:16:57,🚬菸屁股,HOLD,1
NKE,2026-10-16,50.0,0.05,18936,304,62.500375000000005,24,36.099998474121094,0.04,0.08,2026-09-22 19:46:21,🚬菸屁股,HOLD,1
TJX,2027-01-15,195.0,0.1,1370,300,32.471378417968744,115,130.7899932861328,0.05,0.15,2026-09-21 17:59:55,🚬菸屁股,HOLD,1
KHC,2026-12-18,27.5,0.27,7730,300,27.686270019531246,87,24.0,0.24,0.29,2026-09-22 19:56:48,🚬菸屁股,HOLD,1
JOBY,2028-01-21,10.0,1.41,19906,298,82.226740234375,486,6.440000057220459,1.4,1.62,2026-09-22 19:52:05,🔭LEAPS,HOLD,1
IBIT,2026-11-20,90.0,0.07,8674,292,65.62534375000001,59,48.83000183105469,0.06,0.07,2026-09-22 19:41:03,🚬菸屁股,HOLD,1
TSLA,2028-01-21,500.0,53.55,7701,288,51.81627774047851,486,378.8999938964844,53.0,53.7,2026-09-22 19:32:27,🔭LEAPS,HOLD,1
JOBY,2026-10-02,7.0,0.07,1801,287,58.5941640625,10,6.440000057220459,0.07,0.09,2026-09-22 19:51:16,🚬菸屁股,HOLD,1
IREN,2026-10-16,70.0,0.35,10024,284,89.257919921875,24,48.54999923706055,0.31,0.37,2026-09-22 19:53:08,🚬菸屁股,HOLD,1
SMR,2026-11-20,12.0,0.44,3869,283,88.08605664062499,59,8.890000343322754,0.38,0.44,2026-09-22 19:22:40,🚬菸屁股,HOLD,1
NKE,2026-10-02,39.0,0.6,2735,283,62.9886513671875,10,36.099998474121094,0.56,0.6,2026-09-22 19:57:48,🚬菸屁股,HOLD,1
AMZN,2026-10-16,310.0,0.13,9899,283,36.18227880859375,24,254.97999572753906,0.12,0.19,2026-09-22 19:58:23,🚬菸屁股,HOLD,1
IREN,2026-10-16,85.0,0.11,1585,282,99.023447265625,24,48.54999923706055,0.03,0.15,2026-09-22 17:15:12,🆕低基期(前日Vol1) 🚬菸屁股,HOLD,1
ACHR,2027-01-15,6.0,0.84,8236,282,74.90259472656251,115,5.690000057220459,0.81,0.85,2026-09-22 19:58:47,🚬菸屁股,HOLD,1
INTC,2028-01-21,100.0,49.5,14953,280,74.32276654052734,486,123.86000061035156,49.9,50.5,2026-09-22 19:48:17,🔭LEAPS,HOLD,1
BAC,2026-10-02,61.0,0.04,788,280,26.563234375,10,56.20000076293945,0.03,0.04,2026-09-22 19:46:26,🚬菸屁股,HOLD,1
IBIT,2026-12-18,63.0,0.81,16078,278,45.117736328125005,87,48.83000183105469,0.73,0.76,2026-09-22 18:16:44,🚬菸屁股,HOLD,1
SMR,2026-11-20,17.0,0.12,1581,276,96.0937890625,59,8.890000343322754,0.05,0.14,2026-09-22 19:48:22,🆕低基期(前日Vol9) 🚬菸屁股,HOLD,1
BAC,2026-12-18,67.5,0.24,5116,273,25.391371093750003,87,56.20000076293945,0.21,0.24,2026-09-22 19:15:32,🚬菸屁股,HOLD,1
PATH,2026-10-16,15.0,0.29,2684,271,60.937890625000016,24,13.25,0.27,0.29,2026-09-22 19:59:37,🚬菸屁股,HOLD,1
MSFT,2026-12-18,625.0,2.25,102648,270,30.805135314941403,87,498.0,2.0,2.46,2026-09-22 19:57:20,🔥萬人塚 🏛️機構場,HOLD,1
NKE,2027-01-15,130.0,0.02,11794,268,79.687703125,115,36.099998474121094,0.01,0.03,2026-09-21 18:48:27,🚬菸屁股,HOLD,1
PATH,2027-01-15,20.0,0.5,17289,265,70.6057626953125,115,13.25,0.47,0.53,2026-09-22 19:53:00,🚬菸屁股,HOLD,1
BAC,2026-12-18,62.5,0.82,13097,262,25.659923095703125,87,56.20000076293945,0.77,0.83,2026-09-22 19:44:45,🚬菸屁股,HOLD,1
CRWV,2026-10-16,115.0,0.92,3613,260,80.02949658203124,24,86.76000213623047,0.82,0.9,2026-09-22 19:03:31,🚬菸屁股,HOLD,1
SOFI,2026-11-20,24.0,0.18,5448,259,59.766027343750004,59,17.15999984741211,0.18,0.19,2026-09-22 19:47:49,🚬菸屁股,HOLD,1
PATH,2026-10-16,17.0,0.09,2533,257,68.35969140625001,24,13.25,0.06,0.14,2026-09-22 19:51:39,🚬菸屁股,HOLD,1
SMR,2026-11-20,10.0,0.82,3927,257,85.937640625,59,8.890000343322754,0.81,0.84,2026-09-22 19:58:31,🚬菸屁股,HOLD,1
SOFI,2027-01-15,24.0,0.49,5085,255,57.37347314453125,115,17.15999984741211,0.49,0.52,2026-09-22 18:36:52,🚬菸屁股,HOLD,1
DKNG,2026-10-02,25.0,0.14,1770,254,63.867548828124995,10,21.799999237060547,0.11,0.16,2026-09-22 19:39:10,🚬菸屁股,HOLD,1
NBIS,2026-10-02,310.0,0.63,3961,254,84.47281152343749,10,236.1199951171875,0.14,0.84,2026-09-22 19:08:18,🚬菸屁股,HOLD,1
ONDS,2026-11-20,12.0,0.16,2490,253,86.32826171875,59,7.71999979019165,0.15,0.18,2026-09-22 19:57:19,🚬菸屁股,HOLD,1
AMZN,2028-01-21,410.0,11.0,10700,253,39.52697192382813,486,254.97999572753906,10.75,11.2,2026-09-22 19:56:15,🔭LEAPS,HOLD,1
INTC,2026-10-16,200.0,0.17,5976,252,83.39860351562498,24,123.86000061035156,0.15,0.19,2026-09-22 19:43:44,🚬菸屁股,HOLD,1
SMR,2026-10-16,12.0,0.1,8708,247,83.98453515624999,24,8.890000343322754,0.08,0.1,2026-09-22 19:54:31,🚬菸屁股,HOLD,1
PCG,2026-11-20,15.0,0.4,4931,243,50.97705273437501,59,12.880000114440918,0.36,0.41,2026-09-22 19:43:32,🚬菸屁股,HOLD,1
CHPT,2027-01-15,20.0,0.35,900,243,84.76577734374999,115,9.850000381469727,0.0,0.4,2026-09-18 19:24:20,🚬菸屁股,HOLD,1
SOFI,2028-06-16,15.0,6.63,22414,242,66.99251757812502,633,17.15999984741211,6.55,6.7,2026-09-22 19:50:45,🔭LEAPS,HOLD,1
OPEN,2027-01-15,3.0,0.5,7941,241,98.04689453125,115,2.759999990463257,0.48,0.55,2026-09-22 19:58:15,🚬菸屁股,HOLD,1
ONDS,2026-10-02,9.5,0.02,1235,236,67.18782812500001,10,7.71999979019165,0.01,0.02,2026-09-22 19:57:59,🚬菸屁股,HOLD,1
AMZN,2026-10-16,315.0,0.09,3757,235,36.2311064453125,24,254.97999572753906,0.06,0.12,2026-09-22 17:25:40,🚬菸屁股,HOLD,1
BAC,2026-10-02,62.0,0.01,1105,235,27.3444765625,10,56.20000076293945,0.0,0.02,2026-09-22 16:57:29,🚬菸屁股,HOLD,1
NEE,2026-10-16,85.0,0.22,4675,235,21.04571142578125,24,79.26000213623047,0.17,0.22,2026-09-22 19:44:34,🚬菸屁股,HOLD,1
ONDS,2028-01-21,12.0,2.1,13965,234,90.62509374999999,486,7.71999979019165,2.04,2.17,2026-09-22 19:57:08,🔭LEAPS,HOLD,1
DKNG,2028-01-21,42.5,1.95,1679,233,60.35195898437502,486,21.799999237060547,1.41,2.28,2026-09-17 19:04:43,🔭LEAPS,HOLD,1
OPEN,2027-02-19,4.0,0.34,3739,233,98.04689453125,150,2.759999990463257,0.33,0.37,2026-09-22 19:58:04,🚬菸屁股,HOLD,1
U,2027-01-15,75.0,0.45,3312,231,62.9886513671875,115,43.11000061035156,0.31,0.71,2026-09-21 17:23:40,🚬菸屁股,HOLD,1
NTLA,2026-10-16,14.0,0.4,1046,230,65.43003320312502,24,12.6899995803833,0.35,0.45,2026-09-22 19:59:02,🚬菸屁股,HOLD,1
IBIT,2027-01-15,68.0,0.85,7906,228,46.33842724609375,115,48.83000183105469,0.7,0.73,2026-09-21 19:56:22,🚬菸屁股,HOLD,1
BAC,2027-02-19,80.0,0.19,862,227,27.4421318359375,150,56.20000076293945,0.05,0.1,2026-09-15 19:14:17,🚬菸屁股,HOLD,1
NVDA,2026-10-02,275.0,0.04,5287,222,42.57869921875,10,228.8699951171875,0.03,0.04,2026-09-22 17:54:41,🆕低基期(前日Vol11) 🚬菸屁股,HOLD,1
SMCI,2026-10-02,48.0,0.42,1736,221,77.0510107421875,10,41.540000915527344,0.41,0.44,2026-09-22 19:58:19,🚬菸屁股,HOLD,1
NVDA,2028-01-21,225.0,49.46,5647,220,45.68688346862793,486,228.8699951171875,48.4,49.2,2026-09-22 19:32:34,🔭LEAPS,HOLD,1
SMR,2026-11-20,15.0,0.19,3893,219,92.57819921875,59,8.890000343322754,0.11,0.21,2026-09-22 19:51:12,🚬菸屁股,HOLD,1
SOFI,2026-12-18,22.0,0.54,6534,218,56.592230957031255,87,17.15999984741211,0.53,0.56,2026-09-22 19:23:56,🚬菸屁股,HOLD,1
DKNG,2028-01-21,40.0,2.15,4237,218,62.305064453125006,486,21.799999237060547,2.0,2.55,2026-09-21 19:41:34,🔭LEAPS,HOLD,1
META,2027-01-15,1480.0,0.44,3452,218,49.414568359375004,115,736.594970703125,0.25,0.57,2026-09-22 19:58:07,🚬菸屁股,HOLD,1
SOFI,2028-01-21,40.0,1.16,16710,217,63.72106591796876,486,17.15999984741211,1.1,1.19,2026-09-22 19:26:20,🔭LEAPS,HOLD,1
HIMS,2026-10-02,37.0,0.16,2985,216,82.0314296875,10,30.43000030517578,0.14,0.23,2026-09-22 19:52:52,🚬菸屁股,HOLD,1
ASTS,2026-11-20,185.0,0.26,4143,213,111.71919140624999,59,63.689998626708984,0.1,0.2,2026-09-21 19:32:32,🚬菸屁股,HOLD,1
DKNG,2026-11-20,27.5,0.64,6543,213,62.45154736328126,59,21.799999237060547,0.52,0.68,2026-09-22 19:48:48,🚬菸屁股,HOLD,1
SMR,2027-01-15,20.0,0.23,26421,213,97.85158398437501,115,8.890000343322754,0.2,0.25,2026-09-22 19:41:58,🚬菸屁股,HOLD,1
SMR,2026-10-16,17.0,0.03,4869,211,118.75040625,24,8.890000343322754,0.02,0.03,2026-09-22 19:32:18,🚀點火(10.6x) 🚬菸屁股 ⚠️尾段價外(91%) ⚠️暴動高IV(119%),BUY_WATCH,1
PATH,2026-10-16,20.0,0.02,1443,209,83.20329296874999,24,13.25,0.02,0.06,2026-09-22 19:55:28,🚀點火(2.5x) 🚬菸屁股 ⚠️尾段價外(51%) ⚠️暴動高IV(83%),BUY_WATCH,1
ONDS,2026-10-16,12.0,0.02,2082,209,85.937640625,24,7.71999979019165,0.01,0.03,2026-09-22 19:52:05,🚀點火(5.4x) 🚬菸屁股 ⚠️尾段價外(55%) ⚠️暴動高IV(86%),BUY_WATCH,1
PCG,2026-11-20,14.0,0.66,4635,209,52.734847656250004,59,12.880000114440918,0.55,0.67,2026-09-22 19:18:49,🚬菸屁股,HOLD,1
PATH,2026-10-02,14.5,0.19,1142,208,63.086306640625,10,13.25,0.13,0.22,2026-09-22 19:56:00,🚬菸屁股,HOLD,1
MSFT,2026-12-18,525.0,19.8,53843,207,31.764903549194333,87,498.0,18.55,20.1,2026-09-22 19:06:51,🔥萬人塚 🏛️機構場,HOLD,1
OKLO,2026-10-16,55.0,0.37,1727,206,82.0314296875,24,40.45000076293945,0.3,0.39,2026-09-22 19:48:56,🚬菸屁股,HOLD,1
RKLB,2026-10-16,115.0,0.14,4103,206,87.10950390625,24,71.9800033569336,0.14,0.16,2026-09-22 19:32:09,🚀點火(7.4x) 🚬菸屁股 ⚠️尾段價外(60%) ⚠️暴動高IV(87%),BUY_WATCH,1
KHC,2026-10-16,27.5,0.04,12290,206,30.86006640625,24,24.0,0.03,0.04,2026-09-22 19:47:54,🚬菸屁股,HOLD,1
BAC,2026-12-18,80.0,0.02,1706,205,35.938140624999996,87,56.20000076293945,0.01,0.1,2026-09-18 19:07:11,🚬菸屁股,HOLD,1
IONQ,2026-10-16,50.0,0.62,6469,201,72.851833984375,24,40.7400016784668,0.6,0.64,2026-09-22 19:57:08,🚬菸屁股,HOLD,1
HOOD,2026-12-18,260.0,0.64,2291,200,76.31859619140626,87,124.25,0.5,0.72,2026-09-21 19:39:27,🚬菸屁股,HOLD,1
PATH,2026-10-16,13.0,0.98,1085,198,54.68795312500001,24,13.25,0.75,1.01,2026-09-22 19:06:46,🚬菸屁股,HOLD,1
KTOS,2026-10-16,55.0,0.65,5150,198,58.984785156250005,24,46.970001220703125,0.5,0.75,2026-09-22 19:45:04,🚬菸屁股,HOLD,1
ONDS,2026-12-18,9.0,0.74,7881,196,82.12908496093749,87,7.71999979019165,0.76,0.82,2026-09-22 19:22:29,🚬菸屁股,HOLD,1
SMR,2026-10-16,13.0,0.06,1245,196,91.01571484374999,24,8.890000343322754,0.05,0.07,2026-09-22 17:33:01,🚬菸屁股,HOLD,1
JOBY,2027-01-15,10.0,0.23,27455,195,73.24245507812499,115,6.440000057220459,0.21,0.27,2026-09-22 19:27:08,🚬菸屁股,HOLD,1
SMR,2027-01-15,45.0,0.05,1579,195,128.51598242187498,115,8.890000343322754,0.02,0.1,2026-09-22 18:18:00,🆕低基期(前日Vol10) 🚬菸屁股,HOLD,1
NKE,2026-11-20,50.0,0.18,6021,195,50.19581054687501,59,36.099998474121094,0.16,0.2,2026-09-22 19:52:58,🚬菸屁股,HOLD,1
NEE,2028-01-21,105.0,2.13,8623,195,24.56130126953125,486,79.26000213623047,1.88,2.18,2026-09-22 18:52:26,🆕低基期(前日Vol1) 🔭LEAPS,HOLD,1
RKLB,2026-10-16,210.0,0.03,2839,190,135.93782031249998,24,71.9800033569336,0.0,0.03,2026-09-18 15:53:19,🚬菸屁股,HOLD,1
TDOC,2026-10-02,6.5,0.16,1523,190,55.859816406250005,10,6.349999904632568,0.11,0.18,2026-09-22 19:25:11,🚬菸屁股,HOLD,1
ONDS,2026-10-16,7.0,0.95,1838,188,67.57844921875001,24,7.71999979019165,0.93,0.98,2026-09-22 19:59:31,🚬菸屁股,HOLD,1
SMR,2026-10-16,11.0,0.17,6017,188,79.687703125,24,8.890000343322754,0.15,0.18,2026-09-22 19:57:16,🚬菸屁股,HOLD,1
OPEN,2026-10-16,4.0,0.01,9948,187,84.37515624999999,24,2.759999990463257,0.01,0.02,2026-09-22 19:44:27,🚬菸屁股,HOLD,1
KHC,2026-12-18,25.0,0.9,8502,187,29.053443847656247,87,24.0,0.84,0.95,2026-09-22 19:59:50,🚬菸屁股,HOLD,1
JOBY,2026-11-20,9.0,0.15,4900,185,72.26590234375,59,6.440000057220459,0.12,0.16,2026-09-22 19:28:42,🚬菸屁股,HOLD,1
PATH,2028-01-21,37.0,1.05,5568,184,76.2697685546875,486,13.25,1.0,1.2,2026-09-22 17:08:17,🆕低基期(前日Vol13) 🔭LEAPS,HOLD,1
OPEN,2026-11-20,5.0,0.06,12850,184,108.59420703125,59,2.759999990463257,0.06,0.07,2026-09-22 19:38:52,🚬菸屁股,HOLD,1
AMZN,2026-11-20,335.0,0.83,2188,182,40.07628283691406,59,254.97999572753906,0.72,0.91,2026-09-22 19:26:48,🚬菸屁股,HOLD,1
RKLB,2026-10-16,120.0,0.12,4788,181,87.500125,24,71.9800033569336,0.06,0.13,2026-09-22 18:15:08,🚬菸屁股,HOLD,1
PATH,2026-10-16,16.0,0.15,2203,180,64.062859375,24,13.25,0.14,0.18,2026-09-22 19:11:50,🚬菸屁股,HOLD,1
ONDS,2026-12-18,18.0,0.07,3912,180,98.437515625,87,7.71999979019165,0.05,0.13,2026-09-21 13:55:10,🚬菸屁股,HOLD,1
AMZN,2026-12-18,410.0,0.14,8547,178,39.600213378906254,87,254.97999572753906,0.07,0.15,2026-09-22 19:52:16,🚬菸屁股,HOLD,1
IREN,2026-10-16,80.0,0.15,4071,176,97.460962890625,24,48.54999923706055,0.1,0.2,2026-09-22 19:42:58,🚀點火(4.0x) 🚬菸屁股 ⚠️尾段價外(65%) ⚠️暴動高IV(97%),BUY_WATCH,1
UPST,2028-01-21,25.0,9.44,929,175,79.15059912109376,486,25.969999313354492,9.25,9.7,2026-09-22 18:25:54,🆕低基期(前日Vol3) 🔭LEAPS,HOLD,1
SOFI,2028-06-16,20.0,4.85,27466,175,64.89292919921876,633,17.15999984741211,4.75,4.9,2026-09-22 19:54:48,🔭LEAPS,HOLD,1
META,2027-01-15,1420.0,0.65,798,175,48.1450498046875,115,736.594970703125,0.5,0.71,2026-09-22 17:29:08,🚬菸屁股,HOLD,1
GOOGL,2026-10-02,410.0,0.06,902,173,42.4810439453125,10,351.1600036621094,0.07,0.18,2026-09-22 17:39:00,🚬菸屁股,HOLD,1
PLTR,2026-12-18,410.0,0.11,7581,172,62.793340820312515,87,184.99000549316406,0.06,0.2,2026-09-22 19:25:47,🚬菸屁股,HOLD,1
PACB,2026-10-16,1.5,0.06,1401,172,57.812921875,24,1.4700000286102295,0.05,0.1,2026-09-22 19:58:00,🚬菸屁股,HOLD,1
LUNR,2026-12-18,27.0,0.58,2687,172,90.9180595703125,87,16.239999771118164,0.38,0.79,2026-09-22 19:13:49,🆕低基期(前日Vol5) 🚬菸屁股,HOLD,1
ONDS,2026-10-16,13.0,0.02,2546,171,107.81296093750001,24,7.71999979019165,0.0,0.07,2026-09-21 17:54:54,🚬菸屁股,HOLD,1
LUNR,2026-12-18,30.0,0.39,947,171,91.211025390625,87,16.239999771118164,0.3,0.46,2026-09-22 19:18:32,🆕低基期(前日Vol14) 🚬菸屁股,HOLD,1
IBIT,2026-11-20,75.0,0.16,5293,168,55.66450585937501,59,48.83000183105469,0.14,0.16,2026-09-22 18:01:34,🚬菸屁股,HOLD,1
OKLO,2028-01-21,100.0,6.12,7078,168,88.9527471923828,486,40.45000076293945,5.9,6.65,2026-09-22 19:50:56,🔭LEAPS,HOLD,1
KHC,2028-01-21,30.0,1.35,6122,167,30.322962402343745,486,24.0,1.2,1.48,2026-09-22 14:39:47,🆕低基期(前日Vol14) 🔭LEAPS,HOLD,1
IBIT,2028-01-21,60.0,7.58,9889,164,50.281258911132824,486,48.83000183105469,7.3,7.6,2026-09-22 17:52:29,🔭LEAPS,HOLD,1
NTLA,2026-10-16,15.0,0.23,983,164,67.57844921875001,24,12.6899995803833,0.2,0.25,2026-09-22 19:47:34,🚬菸屁股,HOLD,1
NKE,2026-11-20,45.0,0.45,7043,164,46.72904833984375,59,36.099998474121094,0.42,0.46,2026-09-22 19:45:13,🚬菸屁股,HOLD,1
SOFI,2026-10-16,35.0,0.01,5474,163,109.375453125,24,17.15999984741211,0.01,0.02,2026-09-22 19:56:57,🚬菸屁股,HOLD,1
JOBY,2028-01-21,8.0,1.9,15651,163,79.101771484375,486,6.440000057220459,1.76,1.9,2026-09-22 18:17:03,🔭LEAPS,HOLD,1
IBIT,2028-01-21,80.0,3.78,7137,162,50.05543109130859,486,48.83000183105469,3.7,3.85,2026-09-22 19:42:53,🔭LEAPS,HOLD,1
ZM,2026-10-16,110.0,0.17,2620,162,44.482977050781244,24,90.94999694824219,0.05,0.25,2026-09-22 18:43:27,🚬菸屁股,HOLD,1
ACHR,2028-01-21,7.0,1.81,20981,162,85.8399853515625,486,5.690000057220459,1.76,1.85,2026-09-22 19:46:32,🔭LEAPS,HOLD,1
ONDS,2028-01-21,5.0,4.13,18451,161,90.9180595703125,486,7.71999979019165,4.0,4.2,2026-09-22 19:58:43,🔭LEAPS,HOLD,1
JOBY,2026-11-20,7.0,0.51,3145,161,70.50810742187501,59,6.440000057220459,0.5,0.53,2026-09-22 19:58:01,🚬菸屁股,HOLD,1
OKLO,2026-10-16,60.0,0.22,4295,160,87.89074609375,24,40.45000076293945,0.16,0.24,2026-09-22 19:54:54,🚬菸屁股,HOLD,1
RKLB,2026-10-02,90.0,0.23,976,160,77.3439765625,10,71.9800033569336,0.2,0.23,2026-09-22 19:59:35,🚬菸屁股,HOLD,1
JOBY,2026-11-20,11.0,0.05,1418,160,78.12521875,59,6.440000057220459,0.04,0.06,2026-09-22 19:39:24,🚬菸屁股,HOLD,1
VST,2026-10-16,165.0,0.83,2180,159,48.16946362304687,24,140.41000366210938,0.63,0.91,2026-09-22 19:56:18,🚬菸屁股,HOLD,1
OPEN,2026-11-20,4.0,0.13,15628,158,100.0005,59,2.759999990463257,0.12,0.14,2026-09-22 19:50:53,🚬菸屁股,HOLD,1
NKE,2026-10-02,50.0,0.01,1030,158,73.437765625,10,36.099998474121094,0.0,0.02,2026-09-22 19:28:01,🚬菸屁股,HOLD,1
OPEN,2027-01-15,4.0,0.27,13294,155,98.04689453125,115,2.759999990463257,0.25,0.29,2026-09-22 19:33:54,🚬菸屁股,HOLD,1
NKE,2026-10-02,41.0,0.26,1388,155,64.5511357421875,10,36.099998474121094,0.25,0.3,2026-09-22 19:47:57,🚬菸屁股,HOLD,1
NKE,2027-01-15,105.0,0.06,1333,155,79.687703125,115,36.099998474121094,0.02,0.14,2026-08-25 17:00:22,🚬菸屁股,HOLD,1
AMD,2026-10-16,1120.0,0.03,5878,154,70.312796875,24,623.77001953125,0.02,0.04,2026-09-22 17:15:13,🚬菸屁股,HOLD,1
DKNG,2027-01-15,35.0,0.4,11798,154,62.109753906250006,115,21.799999237060547,0.28,0.5,2026-09-22 15:41:41,🚬菸屁股,HOLD,1
SOFI,2026-11-20,26.0,0.11,6067,153,62.109753906250006,59,17.15999984741211,0.1,0.12,2026-09-22 18:49:23,🚬菸屁股,HOLD,1
HOOD,2026-10-16,160.0,0.97,3844,153,67.87141503906251,24,124.25,0.84,0.9,2026-09-22 19:34:45,🚬菸屁股,HOLD,1
WMB,2026-10-16,75.0,0.78,6019,153,28.882547119140618,24,70.9800033569336,0.65,0.75,2026-09-22 19:57:23,🚬菸屁股,HOLD,1
UPST,2027-01-15,40.0,0.85,2169,152,71.24052197265625,115,25.969999313354492,0.73,1.11,2026-09-22 19:35:57,🆕低基期(前日Vol10) 🚬菸屁股,HOLD,1
META,2026-10-16,1180.0,0.06,1868,152,57.812921875,24,736.594970703125,0.0,0.07,2026-09-21 19:55:00,🚬菸屁股,HOLD,1
BAC,2026-11-20,72.5,0.02,767,152,31.445998046874994,59,56.20000076293945,0.0,0.07,2026-09-21 17:48:11,🚬菸屁股,HOLD,1
RKLB,2026-10-16,105.0,0.29,1941,151,80.7619111328125,24,71.9800033569336,0.24,0.3,2026-09-22 19:15:39,🚬菸屁股,HOLD,1
SOFI,2028-06-16,30.0,2.77,21559,151,63.72106591796876,633,17.15999984741211,2.73,2.77,2026-09-22 18:19:08,🔭LEAPS,HOLD,1
NKE,2026-12-18,70.0,0.08,4401,151,60.35195898437502,87,36.099998474121094,0.03,0.1,2026-09-22 17:41:22,🚬菸屁股,HOLD,1
SMCI,2026-11-20,65.0,0.94,4058,149,88.03722900390623,59,41.540000915527344,0.9,0.94,2026-09-22 19:13:30,🚬菸屁股,HOLD,1
NEE,2026-12-18,90.0,0.5,3496,147,22.26640234375,87,79.26000213623047,0.45,0.56,2026-09-22 19:58:18,🚬菸屁股,HOLD,1
RKLB,2026-12-18,150.0,0.8,8465,146,86.18177880859376,87,71.9800033569336,0.55,0.9,2026-09-22 19:56:30,🚬菸屁股,HOLD,1
HIMS,2026-10-16,37.0,0.6,4247,146,75.87914746093752,24,30.43000030517578,0.52,0.62,2026-09-22 19:50:02,🚬菸屁股,HOLD,1
RKLB,2026-10-16,135.0,0.1,1174,145,102.73486132812502,24,71.9800033569336,0.05,0.12,2026-09-22 19:32:09,🚀點火(2.6x) 🚬菸屁股 ⚠️尾段價外(88%) ⚠️暴動高IV(103%),BUY_WATCH,1
IREN,2026-10-16,65.0,0.58,4551,145,86.132951171875,24,48.54999923706055,0.56,0.6,2026-09-22 19:57:31,🚬菸屁股,HOLD,1
ACHR,2027-01-15,8.0,0.36,16224,145,76.85570019531252,115,5.690000057220459,0.34,0.37,2026-09-22 19:53:36,🚬菸屁股,HOLD,1
SOFI,2027-01-15,40.0,0.07,25917,144,71.0940390625,115,17.15999984741211,0.06,0.07,2026-09-22 19:49:21,🚬菸屁股,HOLD,1
HIMS,2026-10-16,41.0,0.28,792,144,74.2190078125,24,30.43000030517578,0.06,0.31,2026-09-22 19:38:50,🚬菸屁股,HOLD,1
HOOD,2026-10-16,165.0,0.7,2713,143,69.28741650390626,24,124.25,0.63,0.68,2026-09-22 19:34:24,🚬菸屁股,HOLD,1
NKE,2026-10-02,43.0,0.12,900,142,65.43003320312502,10,36.099998474121094,0.11,0.13,2026-09-22 18:53:57,🚬菸屁股,HOLD,1
WMB,2026-10-16,80.0,0.2,7349,142,31.348342773437498,24,70.9800033569336,0.1,0.2,2026-09-22 19:35:19,🚬菸屁股,HOLD,1
PATH,2026-12-18,16.0,0.95,1926,141,68.555001953125,87,13.25,0.8,0.95,2026-09-22 19:56:08,🚬菸屁股,HOLD,1
JOBY,2028-01-21,20.0,0.5,10192,141,83.789224609375,486,6.440000057220459,0.45,0.76,2026-09-22 17:58:44,🔭LEAPS,HOLD,1
OPEN,2026-10-02,3.5,0.01,2399,139,84.37515624999999,10,2.759999990463257,0.0,0.02,2026-09-22 19:56:31,🚬菸屁股,HOLD,1
CRWV,2028-01-21,210.0,9.65,27651,138,77.40501110839844,486,86.76000213623047,9.3,10.0,2026-09-22 19:56:01,🔭LEAPS,HOLD,1
KHC,2027-01-15,27.5,0.38,9676,137,28.125718749999994,115,24.0,0.34,0.44,2026-09-22 19:56:49,🚬菸屁股,HOLD,1
MSTR,2028-01-21,700.0,10.11,9293,136,85.15945016479492,486,167.3300018310547,9.45,10.6,2026-09-22 18:29:23,🔭LEAPS,HOLD,1
SMR,2027-01-15,14.0,0.54,4392,136,90.1368173828125,115,8.890000343322754,0.53,0.6,2026-09-22 17:42:42,🚬菸屁股,HOLD,1
MSTR,2026-10-16,280.0,0.44,5847,135,98.53517089843751,24,167.3300018310547,0.44,0.51,2026-09-22 19:59:23,🚬菸屁股,HOLD,1
HIMS,2026-11-20,50.0,0.66,1728,135,92.6758544921875,59,30.43000030517578,0.56,0.7,2026-09-22 19:33:25,🚬菸屁股,HOLD,1
NKE,2026-10-02,45.0,0.06,1863,134,69.5315546875,10,36.099998474121094,0.04,0.09,2026-09-22 17:52:34,🚬菸屁股,HOLD,1
MSTR,2026-12-18,1080.0,0.08,17900,132,123.82850585937497,87,167.3300018310547,0.06,0.09,2026-09-22 19:18:38,🚬菸屁股,HOLD,1
SMR,2028-01-21,23.0,1.58,922,132,98.1445498046875,486,8.890000343322754,1.45,1.86,2026-09-21 19:18:45,🔭LEAPS,HOLD,1
NKE,2028-01-21,60.0,1.94,9914,130,44.055735229492186,486,36.099998474121094,1.85,1.94,2026-09-22 19:56:11,🔭LEAPS,HOLD,1
IBIT,2028-01-21,40.0,16.25,6518,129,55.35933312988281,486,48.83000183105469,15.85,16.3,2026-09-22 19:37:46,🔭LEAPS,HOLD,1
BAC,2026-10-16,67.5,0.02,6559,129,32.617861328124995,24,56.20000076293945,0.01,0.03,2026-09-22 19:34:17,🚬菸屁股,HOLD,1
RKLB,2026-10-16,95.0,0.57,1860,128,72.70535107421875,24,71.9800033569336,0.36,0.65,2026-09-22 19:48:44,🚬菸屁股,HOLD,1
NKE,2026-12-18,55.0,0.2,7300,127,50.879397460937504,87,36.099998474121094,0.18,0.24,2026-09-22 17:57:38,🚬菸屁股,HOLD,1
HIMS,2027-01-15,75.0,0.33,3392,126,93.01764794921876,115,30.43000030517578,0.2,0.65,2026-09-22 18:40:49,🆕低基期(前日Vol6) 🚬菸屁股,HOLD,1
JOBY,2028-01-21,15.0,0.82,11870,126,78.2228740234375,486,6.440000057220459,0.75,0.82,2026-09-22 19:05:13,🔭LEAPS,HOLD,1
NKE,2028-01-21,40.0,5.85,5850,126,45.59380578613281,486,36.099998474121094,5.8,6.1,2026-09-22 19:35:26,🔭LEAPS,HOLD,1
ACHR,2026-10-02,7.0,0.02,1167,124,79.687703125,10,5.690000057220459,0.01,0.04,2026-09-22 19:57:22,🚬菸屁股,HOLD,1
NKE,2026-12-18,57.5,0.17,1614,124,52.246571289062494,87,36.099998474121094,0.12,0.2,2026-09-21 17:19:12,🚬菸屁股,HOLD,1
TSLA,2026-10-16,900.0,0.01,8460,123,95.312546875,24,378.8999938964844,0.0,0.02,2026-09-22 17:45:33,🆕低基期(前日Vol19) 🚬菸屁股,HOLD,1
NKE,2028-01-21,35.0,7.77,3598,123,50.04932763671876,486,36.099998474121094,7.6,8.65,2026-09-22 18:45:24,🔭LEAPS,HOLD,1
GOOGL,2028-01-21,575.0,11.55,3940,123,39.47967015075684,486,351.1600036621094,11.95,14.35,2026-08-31 17:36:51,🔭LEAPS,HOLD,1
DKNG,2027-01-15,30.0,0.84,6740,122,60.30313134765627,115,21.799999237060547,0.72,0.89,2026-09-22 19:46:23,🚬菸屁股,HOLD,1
NVDA,2026-12-18,460.0,0.03,16291,121,47.6567734375,87,228.8699951171875,0.01,0.03,2026-09-22 19:22:21,🆕低基期(前日Vol12) 🚬菸屁股,HOLD,1
SOFI,2026-10-02,21.0,0.02,3088,121,62.500375000000005,10,17.15999984741211,0.02,0.03,2026-09-22 19:59:23,🚬菸屁股,HOLD,1
OKLO,2026-11-20,115.0,0.15,963,120,117.77384863281249,59,40.45000076293945,0.05,0.27,2026-09-21 17:31:39,🚬菸屁股,HOLD,1
PCG,2026-10-16,15.0,0.06,20485,120,45.703667968750004,24,12.880000114440918,0.05,0.08,2026-09-22 19:49:46,🚬菸屁股,HOLD,1
INTC,2028-01-21,210.0,20.35,7959,119,73.00136862182617,486,123.86000061035156,20.75,21.15,2026-09-22 19:21:10,🔭LEAPS,HOLD,1
ASTS,2026-10-16,115.0,0.12,1485,119,103.12548437500001,24,63.689998626708984,0.11,0.12,2026-09-22 18:40:53,🆕低基期(前日Vol13) 🚬菸屁股,HOLD,1
ASTS,2028-01-21,150.0,10.15,10903,119,87.36584899902343,486,63.689998626708984,9.8,10.35,2026-09-22 19:58:24,🔭LEAPS,HOLD,1
PCG,2026-12-18,22.0,0.14,8152,119,61.914443359375014,87,12.880000114440918,0.0,0.16,2026-09-15 17:45:45,🚬菸屁股,HOLD,1
NKE,2026-10-16,57.5,0.02,2013,119,67.18782812500001,24,36.099998474121094,0.0,0.02,2026-09-21 18:28:41,🚬菸屁股,HOLD,1
MSFT,2026-12-18,575.0,7.15,131991,118,31.04011831665039,87,498.0,6.65,7.55,2026-09-22 19:25:28,🔥萬人塚 🏛️機構場,HOLD,1
SOFI,2026-10-02,22.0,0.01,2711,116,68.7503125,10,17.15999984741211,0.01,0.02,2026-09-22 19:40:25,🚬菸屁股,HOLD,1
NKE,2028-01-21,50.0,3.31,16258,116,44.01911450195312,486,36.099998474121094,3.2,3.35,2026-09-22 19:56:35,🔭LEAPS,HOLD,1
AMZN,2026-10-16,325.0,0.04,2595,116,37.402969726562496,24,254.97999572753906,0.03,0.06,2026-09-22 18:41:55,🚬菸屁股,HOLD,1
RKLB,2026-10-16,140.0,0.08,1011,115,105.078599609375,24,71.9800033569336,0.0,0.14,2026-09-22 17:31:05,🚀點火(2.5x) 🚬菸屁股 ⚠️尾段價外(94%) ⚠️暴動高IV(105%),BUY_WATCH,1
OPEN,2026-12-18,3.0,0.4,1702,115,94.92192578125,87,2.759999990463257,0.4,0.44,2026-09-22 19:07:19,🚬菸屁股,HOLD,1
HIMS,2026-10-02,40.0,0.08,1407,115,87.500125,10,30.43000030517578,0.06,0.09,2026-09-22 19:58:59,🚬菸屁股,HOLD,1
META,2027-01-15,1400.0,0.76,1680,114,48.04739453125,115,736.594970703125,0.58,0.81,2026-09-22 19:06:44,🚬菸屁股,HOLD,1
INTC,2028-01-21,150.0,32.0,10383,113,72.91592025756836,486,123.86000061035156,32.5,32.9,2026-09-22 19:30:58,🔭LEAPS,HOLD,1
RKLB,2026-10-16,130.0,0.08,2653,113,101.3676806640625,24,71.9800033569336,0.08,0.15,2026-09-22 19:32:09,🚬菸屁股,HOLD,1
ASTS,2026-11-20,180.0,0.22,2681,113,114.25824121093751,59,63.689998626708984,0.0,0.42,2026-09-22 19:30:47,🚬菸屁股,HOLD,1
AMZN,2026-10-16,305.0,0.19,6455,113,34.668622070312495,24,254.97999572753906,0.18,0.23,2026-09-22 19:18:05,🚬菸屁股,HOLD,1
ASTS,2026-11-20,130.0,0.57,1020,112,99.41406835937501,59,63.689998626708984,0.46,0.65,2026-09-22 19:29:36,🚬菸屁股,HOLD,1
KHC,2026-10-02,25.0,0.15,1546,112,30.176479492187504,10,24.0,0.1,0.16,2026-09-22 19:53:51,🚬菸屁股,HOLD,1
GOOGL,2028-01-21,680.0,6.3,957,112,39.288937194824214,486,351.1600036621094,6.0,7.05,2026-09-17 13:34:54,🔭LEAPS,HOLD,1
NVDA,2026-12-18,400.0,0.08,6903,111,45.703667968750004,87,228.8699951171875,0.07,0.14,2026-09-22 19:48:01,🚬菸屁股,HOLD,1
IBIT,2026-10-16,65.0,0.06,7981,111,54.297332031250015,24,48.83000183105469,0.06,0.07,2026-09-22 19:09:30,🚬菸屁股,HOLD,1
HOOD,2026-10-02,150.0,0.39,1038,111,68.99445068359377,10,124.25,0.38,0.43,2026-09-22 19:52:32,🚬菸屁股,HOLD,1
DKNG,2027-01-15,60.0,0.03,8923,110,67.18782812500001,115,21.799999237060547,0.0,0.03,2026-09-22 15:42:34,🆕低基期(前日Vol2) 🚬菸屁股,HOLD,1
CRWV,2027-01-15,220.0,0.75,3314,110,87.64660791015625,115,86.76000213623047,0.69,0.85,2026-09-22 15:34:43,🆕低基期(前日Vol8) 🚬菸屁股,HOLD,1
PATH,2028-01-21,30.0,1.48,6228,108,74.5119736328125,486,13.25,1.39,1.58,2026-09-22 19:54:13,🆕低基期(前日Vol8) 🔭LEAPS,HOLD,1
IBIT,2028-06-16,50.0,13.34,8346,107,54.040986938476586,633,48.83000183105469,12.85,13.5,2026-09-22 19:44:55,🔭LEAPS,HOLD,1
OKLO,2026-11-20,85.0,0.35,3151,107,98.04689453125,59,40.45000076293945,0.2,0.35,2026-09-22 15:30:42,🆕低基期(前日Vol11) 🚬菸屁股,HOLD,1
NBIS,2026-10-16,380.0,0.74,1749,107,103.68700500488286,24,236.1199951171875,0.7,1.89,2026-09-22 19:42:19,🆕低基期(前日Vol15) 🚬菸屁股,HOLD,1
ZM,2026-11-20,115.0,0.7,2360,107,43.530838134765624,59,90.94999694824219,0.64,0.77,2026-09-22 19:23:54,🚬菸屁股,HOLD,1
BAC,2028-01-21,50.0,11.65,10974,107,34.96769134521484,486,56.20000076293945,11.2,11.95,2026-09-22 18:10:31,🔭LEAPS,HOLD,1
SMR,2026-11-20,11.0,0.59,5376,106,88.86729882812499,59,8.890000343322754,0.56,0.65,2026-09-22 19:45:31,🚬菸屁股,HOLD,1
AMZN,2026-10-16,330.0,0.04,5272,106,42.383388671875,24,254.97999572753906,0.04,0.11,2026-09-22 17:21:54,🚬菸屁股,HOLD,1
JOBY,2027-01-15,22.0,0.03,6538,105,98.437515625,115,6.440000057220459,0.0,0.06,2026-09-22 14:58:14,🆕低基期(前日Vol2) 🚬菸屁股,HOLD,1
AMZN,2026-11-20,350.0,0.45,18004,105,40.60117993164062,59,254.97999572753906,0.4,0.51,2026-09-22 19:28:35,🚬菸屁股,HOLD,1
SOFI,2028-01-21,23.0,3.15,3906,104,62.47596118164063,486,17.15999984741211,3.1,3.25,2026-09-22 18:58:30,🔭LEAPS,HOLD,1
SOFI,2028-06-16,40.0,1.73,11664,104,64.25816992187501,633,17.15999984741211,1.72,1.78,2026-09-22 19:54:19,🔭LEAPS,HOLD,1
IREN,2028-01-21,95.0,10.61,1138,104,92.52937158203125,486,48.54999923706055,10.35,11.3,2026-09-22 16:01:11,🔭LEAPS,HOLD,1
U,2026-10-16,48.0,0.75,2735,104,54.102021484375015,24,43.11000061035156,0.69,0.97,2026-09-22 19:37:05,🚬菸屁股,HOLD,1
PATH,2027-01-15,17.0,0.89,10716,104,69.82452050781251,115,13.25,0.83,1.04,2026-09-22 15:41:47,🆕低基期(前日Vol18) 🚬菸屁股,HOLD,1
PCG,2026-10-16,18.0,0.02,17197,104,67.18782812500001,24,12.880000114440918,0.01,0.05,2026-09-22 19:53:58,🚬菸屁股,HOLD,1
NEE,2027-01-15,90.0,0.85,5649,104,22.1687470703125,115,79.26000213623047,0.75,0.85,2026-09-22 19:59:41,🚬菸屁股,HOLD,1
IONQ,2026-10-16,55.0,0.3,1017,102,25.00075,24,40.7400016784668,0.0,0.0,2026-07-30 19:11:27,🚬菸屁股,HOLD,1
UPST,2026-10-16,30.0,0.39,2239,102,58.984785156250005,24,25.969999313354492,0.35,0.46,2026-09-22 19:41:25,🚬菸屁股,HOLD,1
SOFI,2028-06-16,13.0,7.57,3395,102,68.70148486328127,633,17.15999984741211,7.5,7.65,2026-09-22 19:50:45,🔭LEAPS,HOLD,1
AMZN,2026-10-16,360.0,0.04,1149,102,56.543403320312514,24,254.97999572753906,0.0,0.3,2026-09-22 18:06:45,🆕低基期(前日Vol2) 🚬菸屁股,HOLD,1
DKNG,2026-10-16,30.0,0.06,3048,101,66.01596484375001,24,21.799999237060547,0.04,0.07,2026-09-22 18:11:53,🚬菸屁股,HOLD,1
ONDS,2026-11-20,15.0,0.07,1976,101,94.92192578125,59,7.71999979019165,0.06,0.08,2026-09-22 19:51:07,🚬菸屁股,HOLD,1
LUNR,2026-10-02,20.0,0.08,927,101,82.81267187499999,10,16.239999771118164,0.07,0.1,2026-09-22 19:51:50,🚬菸屁股,HOLD,1
JOBY,2026-10-16,8.0,0.05,4836,101,64.062859375,24,6.440000057220459,0.05,0.06,2026-09-22 19:59:22,🚬菸屁股,HOLD,1
IONQ,2026-11-20,75.0,0.39,992,100,89.55088574218748,59,40.7400016784668,0.31,0.45,2026-09-21 19:51:52,🚬菸屁股,HOLD,1
LUNR,2026-10-16,18.0,0.71,813,100,79.687703125,24,16.239999771118164,0.65,0.77,2026-09-22 19:58:41,🚬菸屁股,HOLD,1
JOBY,2026-11-20,20.0,0.02,1870,100,121.875390625,59,6.440000057220459,0.0,0.04,2026-09-16 15:29:19,🚬菸屁股,HOLD,1
JOBY,2027-01-15,14.0,0.06,3008,100,80.4689453125,115,6.440000057220459,0.02,0.13,2026-09-17 14:40:58,🚬菸屁股,HOLD,1
AMZN,2026-12-18,400.0,0.18,1997,100,38.67248828125,87,254.97999572753906,0.1,0.18,2026-09-21 13:30:02,🆕低基期(前日Vol1) 🚬菸屁股,HOLD,1
HIMS,2026-10-16,45.0,0.13,2996,99,87.30481445312499,24,30.43000030517578,0.12,0.18,2026-09-22 19:53:54,🚬菸屁股,HOLD,1
ASTS,2026-11-20,120.0,0.8,3086,98,93.4570966796875,59,63.689998626708984,0.52,0.76,2026-09-22 17:58:07,🚬菸屁股,HOLD,1
PATH,2026-10-02,15.0,0.13,1418,98,66.01596484375001,10,13.25,0.1,0.13,2026-09-22 19:57:38,🚬菸屁股,HOLD,1
OPEN,2027-02-19,8.0,0.08,6506,98,105.078599609375,150,2.759999990463257,0.05,0.1,2026-09-22 19:47:28,🚬菸屁股,HOLD,1
ONDS,2027-01-15,12.0,0.42,19877,98,84.76577734374999,115,7.71999979019165,0.42,0.45,2026-09-22 19:58:25,🚬菸屁股,HOLD,1
SMR,2028-01-21,10.0,3.35,8147,98,93.60357958984375,486,8.890000343322754,3.15,3.55,2026-09-22 19:54:47,🔭LEAPS,HOLD,1
BAC,2026-11-20,70.0,0.05,6393,98,27.149166015625,59,56.20000076293945,0.03,0.06,2026-09-22 19:35:27,🚬菸屁股,HOLD,1
IREN,2026-11-20,90.0,0.7,9488,96,99.5117236328125,59,48.54999923706055,0.65,0.79,2026-09-22 19:51:07,🚬菸屁股,HOLD,1
HOOD,2026-10-16,230.0,0.05,4362,96,87.89074609375,24,124.25,0.02,0.07,2026-09-22 19:56:13,🚬菸屁股,HOLD,1
TJX,2028-01-21,190.0,3.0,2820,96,27.967028930664057,486,130.7899932861328,2.65,3.1,2026-09-22 19:52:09,🔭LEAPS,HOLD,1
IBIT,2026-11-20,58.0,0.82,8403,95,43.7505625,59,48.83000183105469,0.8,0.83,2026-09-22 19:52:03,🚬菸屁股,HOLD,1
PATH,2026-11-20,16.0,0.48,6090,95,60.937890625000016,59,13.25,0.44,0.48,2026-09-22 19:57:55,🚬菸屁股,HOLD,1
KTOS,2026-11-20,80.0,0.3,934,95,73.92604199218749,59,46.970001220703125,0.1,0.45,2026-09-22 14:31:22,🆕低基期(前日Vol5) 🚬菸屁股,HOLD,1
ONDS,2026-12-18,11.0,0.39,5301,95,83.007982421875,87,7.71999979019165,0.35,0.44,2026-09-22 19:59:29,🚬菸屁股,HOLD,1
ASTS,2027-01-15,160.0,0.94,1533,94,94.97075341796875,115,63.689998626708984,0.79,1.04,2026-09-22 19:22:53,🆕低基期(前日Vol1) 🚬菸屁股,HOLD,1
IONQ,2028-01-21,115.0,3.6,808,94,81.20135986328124,486,40.7400016784668,3.3,4.8,2026-09-18 17:01:37,🔭LEAPS,HOLD,1
PATH,2026-11-20,15.0,0.69,1848,94,59.96133789062501,59,13.25,0.61,0.72,2026-09-22 19:43:04,🚬菸屁股,HOLD,1
NKE,2027-01-15,65.0,0.17,12008,94,54.102021484375015,115,36.099998474121094,0.1,0.2,2026-09-21 19:49:46,🚬菸屁股,HOLD,1
META,2026-10-16,1170.0,0.04,2380,94,56.836369140624996,24,736.594970703125,0.01,0.06,2026-09-22 19:51:18,🚬菸屁股,HOLD,1
TSLA,2026-10-16,550.0,0.19,5499,93,58.8871298828125,24,378.8999938964844,0.17,0.19,2026-09-22 19:53:54,🚬菸屁股,HOLD,1
ACHR,2028-01-21,5.0,2.45,19794,93,87.5977802734375,486,5.690000057220459,2.39,2.47,2026-09-22 19:59:10,🔭LEAPS,HOLD,1
PCG,2026-10-16,13.0,0.5,2174,93,43.555251953125,24,12.880000114440918,0.39,0.53,2026-09-22 18:07:01,🚬菸屁股,HOLD,1
ASTS,2026-11-20,175.0,0.54,1661,90,122.75429248046876,59,63.689998626708984,0.06,0.74,2026-09-22 19:54:49,🚬菸屁股,HOLD,1
OPEN,2028-01-21,12.0,0.34,4364,90,104.29735351562503,486,2.759999990463257,0.26,0.4,2026-09-21 19:50:00,🔭LEAPS,HOLD,1
ONDS,2026-12-18,13.0,0.22,4061,90,87.30481445312499,87,7.71999979019165,0.21,0.25,2026-09-22 19:17:28,🚬菸屁股,HOLD,1
CRWV,2026-10-02,101.0,0.84,853,89,77.09983837890626,10,86.76000213623047,0.75,0.85,2026-09-22 19:59:53,🚬菸屁股,HOLD,1
CRWV,2027-01-15,280.0,0.32,21737,89,91.211025390625,115,86.76000213623047,0.25,0.36,2026-09-22 19:49:14,🚬菸屁股,HOLD,1
DKNG,2026-12-18,28.0,0.9,1441,88,60.547269531250016,87,21.799999237060547,0.65,0.98,2026-09-22 19:24:47,🚬菸屁股,HOLD,1
JOBY,2026-11-20,8.0,0.27,3574,88,70.70341796875,59,6.440000057220459,0.24,0.29,2026-09-22 19:16:47,🚬菸屁股,HOLD,1
TSLA,2027-01-15,990.0,0.33,13169,85,65.820654296875,115,378.8999938964844,0.31,0.37,2026-09-22 18:56:06,🚬菸屁股,HOLD,1
SMR,2027-01-15,25.0,0.13,8303,85,103.51610742187502,115,8.890000343322754,0.1,0.16,2026-09-22 19:21:11,🚬菸屁股,HOLD,1
RKLB,2028-01-21,140.0,11.67,3004,84,79.02242657470704,486,71.9800033569336,11.3,12.2,2026-09-22 18:11:39,🔭LEAPS,HOLD,1
SOFI,2028-01-21,10.0,8.8,4876,84,72.51004052734375,486,17.15999984741211,8.7,8.9,2026-09-22 19:44:20,🔭LEAPS,HOLD,1
SMR,2028-01-21,50.0,0.67,1676,84,102.34423828125001,486,8.890000343322754,0.46,0.95,2026-09-22 18:15:05,🔭LEAPS,HOLD,1
HIMS,2026-10-16,55.0,0.04,3273,82,103.12548437500001,24,30.43000030517578,0.04,0.07,2026-09-22 19:48:42,🚬菸屁股,HOLD,1
ACHR,2026-10-16,10.0,0.02,6076,82,104.68797656250001,24,5.690000057220459,0.01,0.02,2026-09-22 17:47:00,🚬菸屁股,HOLD,1
ACHR,2028-01-21,12.0,1.0,5136,82,84.76577734374999,486,5.690000057220459,0.91,1.03,2026-09-22 19:57:28,🔭LEAPS,HOLD,1
OKLO,2026-11-20,100.0,0.22,1751,81,110.54732226562503,59,40.45000076293945,0.15,0.3,2026-09-22 19:57:06,🚬菸屁股,HOLD,1
META,2026-10-16,1210.0,0.05,2049,81,60.547269531250016,24,736.594970703125,0.01,0.06,2026-09-22 16:17:41,🚬菸屁股,HOLD,1
IBIT,2026-12-18,75.0,0.29,13170,80,51.465329101562496,87,48.83000183105469,0.27,0.29,2026-09-22 19:39:10,🚬菸屁股,HOLD,1
JOBY,2026-10-16,13.0,0.01,818,80,115.625421875,24,6.440000057220459,0.0,0.02,2026-09-22 19:31:46,🚬菸屁股,HOLD,1
BE,2026-10-16,420.0,0.9,1195,80,84.22867333984375,24,276.5299987792969,0.61,1.06,2026-09-22 17:54:09,🆕低基期(前日Vol16) 🚬菸屁股,HOLD,1
MSTR,2028-01-21,500.0,16.55,5615,79,83.0659652404785,486,167.3300018310547,15.65,16.9,2026-09-22 18:43:33,🔭LEAPS,HOLD,1
VST,2026-10-16,175.0,0.29,1272,79,47.852083984375,24,140.41000366210938,0.23,0.31,2026-09-22 19:39:24,🚬菸屁股,HOLD,1
JOBY,2027-01-15,7.0,0.8,8625,79,70.41045214843751,115,6.440000057220459,0.75,0.85,2026-09-22 18:30:26,🚬菸屁股,HOLD,1
UPST,2026-10-16,27.5,0.96,999,78,56.250437500000004,24,25.969999313354492,0.84,1.0,2026-09-22 19:39:52,🚬菸屁股,HOLD,1
TDOC,2028-01-21,7.0,1.7,2003,78,70.312796875,486,6.349999904632568,1.63,1.96,2026-09-18 19:59:49,🔭LEAPS,HOLD,1
NKE,2028-01-21,45.0,4.45,10197,78,44.19001123046875,486,36.099998474121094,4.3,4.45,2026-09-22 19:59:17,🔭LEAPS,HOLD,1
SMR,2026-10-02,10.5,0.1,1044,76,85.937640625,10,8.890000343322754,0.08,0.11,2026-09-22 18:41:55,🚬菸屁股,HOLD,1
TSLA,2026-12-18,990.0,0.17,21358,75,70.55693505859377,87,378.8999938964844,0.17,0.18,2026-09-22 19:49:59,🚬菸屁股,HOLD,1
IBIT,2028-01-21,55.0,9.1,6523,75,50.41553491210937,486,48.83000183105469,8.9,9.2,2026-09-22 18:54:39,🔭LEAPS,HOLD,1
SMR,2028-01-21,20.0,1.8,4913,75,95.11723632812499,486,8.890000343322754,1.75,1.85,2026-09-22 19:36:45,🔭LEAPS,HOLD,1
NKE,2026-10-16,47.5,0.07,11547,75,55.078574218750006,24,36.099998474121094,0.06,0.07,2026-09-22 19:54:38,🚬菸屁股,HOLD,1
TSLA,2028-01-21,990.0,9.5,6376,74,53.7937970275879,486,378.8999938964844,9.4,10.0,2026-09-22 18:20:41,🔭LEAPS,HOLD,1
RKLB,2026-12-18,185.0,0.42,1535,74,93.7500625,87,71.9800033569336,0.2,0.57,2026-09-22 18:34:32,🆕低基期(前日Vol4) 🚬菸屁股,HOLD,1
ACHR,2026-10-16,9.0,0.01,5705,74,89.062609375,24,5.690000057220459,0.01,0.02,2026-09-22 19:23:40,🚬菸屁股,HOLD,1
GOOGL,2026-10-16,415.0,0.5,2312,74,36.817038085937504,24,351.1600036621094,0.45,0.62,2026-09-22 18:41:20,🚬菸屁股,HOLD,1
NEE,2026-10-16,87.5,0.06,2145,74,22.754678710937497,24,79.26000213623047,0.01,0.1,2026-09-22 19:54:37,🚬菸屁股,HOLD,1
SOFI,2027-01-15,32.0,0.14,18045,73,63.67223828125,115,17.15999984741211,0.13,0.15,2026-09-22 19:37:23,🚬菸屁股,HOLD,1
OPEN,2027-02-19,5.0,0.22,8222,73,98.82813671875,150,2.759999990463257,0.2,0.23,2026-09-22 19:51:03,🚬菸屁股,HOLD,1
ACHR,2026-10-16,8.0,0.02,11221,73,76.562734375,24,5.690000057220459,0.02,0.03,2026-09-22 19:51:01,🚬菸屁股,HOLD,1
NEE,2026-10-16,90.0,0.03,881,73,24.61012890625,24,79.26000213623047,0.0,0.05,2026-09-22 19:54:10,🚬菸屁股,HOLD,1
ASTS,2028-01-21,140.0,11.66,1710,72,87.23767645263672,486,63.689998626708984,10.5,11.45,2026-09-22 18:33:33,🆕低基期(前日Vol9) 🔭LEAPS,HOLD,1
IONQ,2026-10-16,60.0,0.16,2645,72,91.60164648437501,24,40.7400016784668,0.15,0.38,2026-09-22 19:59:46,🚬菸屁股,HOLD,1
DKNG,2026-12-18,30.0,0.62,12093,72,59.96133789062501,87,21.799999237060547,0.38,0.68,2026-09-22 19:44:27,🚬菸屁股,HOLD,1
OPEN,2027-01-15,15.0,0.02,18308,72,137.50031249999998,115,2.759999990463257,0.02,0.03,2026-09-22 19:36:28,🚬菸屁股,HOLD,1
JOBY,2027-01-15,12.0,0.1,8112,72,76.562734375,115,6.440000057220459,0.1,0.15,2026-09-22 19:32:53,🚬菸屁股,HOLD,1
KHC,2026-10-16,30.0,0.02,1718,72,41.01621484375,24,24.0,0.0,0.02,2026-09-21 19:44:12,🚬菸屁股,HOLD,1
ASTS,2026-11-20,140.0,0.41,1740,71,104.59032080078129,59,63.689998626708984,0.32,0.65,2026-09-22 19:22:54,🚬菸屁股,HOLD,1
IREN,2026-11-20,95.0,0.55,10470,71,99.9023447265625,59,48.54999923706055,0.49,0.61,2026-09-22 18:59:59,🚬菸屁股,HOLD,1
ONDS,2028-01-21,20.0,1.18,14861,71,89.99033447265624,486,7.71999979019165,1.12,1.2,2026-09-22 19:55:54,🔭LEAPS,HOLD,1
ONDS,2027-01-15,13.0,0.32,3455,70,83.59391406249999,115,7.71999979019165,0.26,0.37,2026-09-22 19:26:04,🚬菸屁股,HOLD,1
OKLO,2026-10-16,65.0,0.14,1297,69,94.726615234375,24,40.45000076293945,0.11,0.16,2026-09-22 18:56:59,🚬菸屁股,HOLD,1
SOFI,2027-01-15,37.0,0.08,3644,69,68.7503125,115,17.15999984741211,0.08,0.09,2026-09-22 16:41:05,🚬菸屁股,HOLD,1
PCG,2026-11-20,18.0,0.11,4328,69,58.20354296875,59,12.880000114440918,0.06,0.19,2026-09-22 18:50:46,🚬菸屁股,HOLD,1
HIMS,2027-01-15,70.0,0.55,3867,68,87.7930908203125,115,30.43000030517578,0.05,0.8,2026-09-22 17:58:39,🆕低基期(前日Vol7) 🚬菸屁股,HOLD,1
CRWV,2026-10-16,150.0,0.1,9418,68,92.773509765625,24,86.76000213623047,0.11,0.12,2026-09-22 17:47:42,🚬菸屁股,HOLD,1
NKE,2026-11-20,55.0,0.09,2200,68,52.93015820312501,59,36.099998474121094,0.04,0.14,2026-09-21 19:55:38,🚬菸屁股,HOLD,1
GOOGL,2028-01-21,800.0,3.35,3650,68,39.819937744140624,486,351.1600036621094,3.2,3.5,2026-09-22 19:51:28,🆕低基期(前日Vol17) 🔭LEAPS,HOLD,1
SOFI,2028-01-21,47.0,0.86,11505,67,64.79527392578125,486,17.15999984741211,0.79,0.88,2026-09-22 19:22:08,🔭LEAPS,HOLD,1
ONDS,2028-01-21,7.0,3.32,19388,67,90.23447265624999,486,7.71999979019165,3.25,3.35,2026-09-22 19:57:33,🔭LEAPS,HOLD,1
META,2026-12-18,1480.0,0.23,1998,67,53.10105493164063,87,736.594970703125,0.01,0.31,2026-09-22 17:28:34,🚬菸屁股,HOLD,1
BAC,2027-01-15,67.5,0.46,9380,67,26.51440673828125,115,56.20000076293945,0.43,0.49,2026-09-22 19:14:02,🚬菸屁股,HOLD,1
SMCI,2026-12-18,80.0,0.64,2598,66,89.64854101562499,87,41.540000915527344,0.72,0.78,2026-09-22 16:34:59,🚬菸屁股,HOLD,1
ONDS,2028-01-21,15.0,1.62,11865,66,91.01571484374999,486,7.71999979019165,1.6,1.76,2026-09-22 19:54:58,🔭LEAPS,HOLD,1
KHC,2026-10-02,26.0,0.03,935,66,30.86006640625,10,24.0,0.02,0.04,2026-09-22 19:41:07,🚬菸屁股,HOLD,1
AMZN,2027-01-15,410.0,0.29,3582,66,39.18517846679687,115,254.97999572753906,0.27,0.4,2026-09-22 19:54:10,🚬菸屁股,HOLD,1
NEE,2028-01-21,140.0,0.43,2866,66,28.894754028320303,486,79.26000213623047,0.32,0.63,2026-09-22 19:25:36,🆕低基期(前日Vol1) 🔭LEAPS,HOLD,1
NVDA,2026-10-16,295.0,0.04,6382,65,39.3560751953125,24,228.8699951171875,0.04,0.06,2026-09-22 19:50:34,🆕低基期(前日Vol12) 🚬菸屁股,HOLD,1
RKLB,2026-12-18,200.0,0.32,1095,65,100.29346728515624,87,71.9800033569336,0.26,0.54,2026-09-22 18:34:20,🆕低基期(前日Vol6) 🚬菸屁股,HOLD,1
RKLB,2028-01-21,150.0,10.95,4020,65,78.80270220947266,486,71.9800033569336,10.0,11.15,2026-09-22 18:58:38,🔭LEAPS,HOLD,1
DKNG,2026-10-16,27.5,0.14,1268,64,61.328511718750015,24,21.799999237060547,0.1,0.16,2026-09-22 19:04:04,🚬菸屁股,HOLD,1
OPEN,2028-01-21,4.0,0.9,12749,64,97.070341796875,486,2.759999990463257,0.8,0.97,2026-09-22 18:36:10,🔭LEAPS,HOLD,1
GOOGL,2026-12-18,500.0,0.95,8598,63,40.039662109375,87,351.1600036621094,0.69,1.18,2026-09-22 19:40:10,🚬菸屁股,HOLD,1
SOFI,2026-10-02,23.0,0.01,3798,62,78.12521875,10,17.15999984741211,0.01,0.02,2026-09-22 18:45:19,🚬菸屁股,HOLD,1
IREN,2026-11-20,110.0,0.31,8137,62,104.98094384765626,59,48.54999923706055,0.23,0.41,2026-09-22 16:02:05,🚬菸屁股,HOLD,1
SMR,2026-11-20,13.0,0.32,2593,62,91.60164648437501,59,8.890000343322754,0.29,0.34,2026-09-22 19:45:50,🚬菸屁股,HOLD,1
RKLB,2026-10-16,110.0,0.22,4354,61,82.61736132812499,24,71.9800033569336,0.14,0.22,2026-09-22 19:32:09,🚬菸屁股,HOLD,1
HIMS,2027-01-15,65.0,0.63,1468,61,87.64660791015625,115,30.43000030517578,0.45,0.71,2026-09-22 19:50:45,🆕低基期(前日Vol3) 🚬菸屁股,HOLD,1
META,2026-10-16,1100.0,0.11,769,61,55.37154003906251,24,736.594970703125,0.08,0.14,2026-09-22 18:53:16,🚬菸屁股,HOLD,1
UPST,2027-01-15,50.0,0.36,4570,60,71.3870048828125,115,25.969999313354492,0.2,0.42,2026-09-22 18:43:37,🚬菸屁股,HOLD,1
SOFI,2028-06-16,18.0,5.42,9658,60,65.06382592773438,633,17.15999984741211,5.3,5.55,2026-09-22 19:52:04,🔭LEAPS,HOLD,1
HIMS,2026-10-16,50.0,0.1,4717,60,94.5313046875,24,30.43000030517578,0.05,0.11,2026-09-22 19:26:50,🚬菸屁股,HOLD,1
HIMS,2027-01-15,100.0,0.2,10477,60,102.63720556640625,115,30.43000030517578,0.16,0.29,2026-09-22 19:41:32,🆕低基期(前日Vol14) 🚬菸屁股,HOLD,1
SMR,2028-01-21,40.0,0.85,1287,60,98.7304814453125,486,8.890000343322754,0.69,0.99,2026-09-22 17:09:30,🔭LEAPS,HOLD,1
TSLA,2028-06-16,990.0,16.85,6898,59,53.93265061950685,633,378.8999938964844,16.7,17.3,2026-09-22 19:15:41,🔭LEAPS,HOLD,1
OKLO,2028-01-21,200.0,2.86,17655,59,94.37261486816406,486,40.45000076293945,2.48,3.1,2026-09-22 19:42:44,🔭LEAPS,HOLD,1
NKE,2026-10-16,52.5,0.03,2722,59,67.96907031250001,24,36.099998474121094,0.02,0.08,2026-09-22 19:40:06,🚬菸屁股,HOLD,1
NKE,2026-12-18,47.5,0.47,5808,59,45.80132324218751,87,36.099998474121094,0.45,0.5,2026-09-22 19:54:18,🚬菸屁股,HOLD,1
BAC,2028-01-21,55.0,8.49,5451,59,31.323928955078124,486,56.20000076293945,8.35,8.6,2026-09-22 19:59:12,🆕低基期(前日Vol4) 🔭LEAPS,HOLD,1
SOFI,2026-12-18,27.0,0.18,4504,58,61.62147753906251,87,17.15999984741211,0.18,0.2,2026-09-22 19:40:13,🚬菸屁股,HOLD,1
BAC,2028-01-21,65.0,4.35,8071,58,29.1877198486328,486,56.20000076293945,4.25,4.45,2026-09-22 19:44:01,🆕低基期(前日Vol3) 🔭LEAPS,HOLD,1
IBIT,2027-01-15,79.0,0.43,5262,57,50.83056982421875,115,48.83000183105469,0.33,0.35,2026-09-21 15:27:56,🚬菸屁股,HOLD,1
SMCI,2026-11-20,75.0,0.47,2040,57,91.74812939453125,59,41.540000915527344,0.48,0.5,2026-09-22 19:48:52,🚬菸屁股,HOLD,1
LUNR,2026-10-02,18.0,0.31,2216,57,78.12521875,10,16.239999771118164,0.28,0.32,2026-09-22 19:31:17,🚬菸屁股,HOLD,1
JOBY,2026-11-20,10.0,0.08,4752,57,77.3439765625,59,6.440000057220459,0.08,0.1,2026-09-22 18:41:24,🚬菸屁股,HOLD,1
BAC,2028-01-21,60.0,6.2,9733,57,30.249720947265622,486,56.20000076293945,5.95,6.3,2026-09-22 19:36:02,🔭LEAPS,HOLD,1
IONQ,2028-01-21,120.0,4.0,2878,56,83.52067260742186,486,40.7400016784668,3.7,4.55,2026-09-22 19:49:37,🔭LEAPS,HOLD,1
ONDS,2026-11-20,13.0,0.11,1175,56,87.500125,59,7.71999979019165,0.1,0.12,2026-09-22 19:35:28,🚬菸屁股,HOLD,1
GOOGL,2026-10-16,500.0,0.05,4811,56,53.51608984375,24,351.1600036621094,0.04,0.18,2026-09-22 16:31:51,🚬菸屁股,HOLD,1
NKE,2026-12-18,62.5,0.11,1031,55,57.42230078125,87,36.099998474121094,0.1,0.16,2026-09-22 17:40:17,🆕低基期(前日Vol13) 🚬菸屁股,HOLD,1
NKE,2028-06-16,37.5,7.65,1420,55,47.1684970703125,633,36.099998474121094,7.6,8.3,2026-09-22 16:44:27,🆕低基期(前日Vol19) 🔭LEAPS,HOLD,1
KVUE,2026-12-18,20.0,0.11,5288,55,21.7781259765625,87,17.860000610351562,0.08,0.15,2026-09-22 18:55:42,🚬菸屁股,HOLD,1
OKLO,2026-10-02,60.0,0.05,875,54,107.03171484375002,10,40.45000076293945,0.04,0.07,2026-09-22 17:23:11,🚬菸屁股,HOLD,1
VST,2026-10-16,170.0,0.43,2030,54,46.14311669921876,24,140.41000366210938,0.3,0.45,2026-09-22 19:58:07,🚬菸屁股,HOLD,1
PATH,2028-01-21,20.0,2.74,7725,54,74.56080126953125,486,13.25,2.65,2.83,2026-09-22 18:56:37,🔭LEAPS,HOLD,1
BEAM,2026-10-16,30.0,0.25,1058,54,60.44961425781252,24,25.93000030517578,0.2,0.65,2026-09-22 16:16:27,🚬菸屁股,HOLD,1
ACHR,2027-01-15,17.0,0.05,9376,54,107.03171484375002,115,5.690000057220459,0.05,0.11,2026-09-21 19:39:11,🚬菸屁股,HOLD,1
SMR,2028-01-21,33.0,1.06,832,54,99.023447265625,486,8.890000343322754,0.95,1.25,2026-09-21 16:30:14,🔭LEAPS,HOLD,1
AMZN,2026-10-16,320.0,0.08,5026,54,36.524072265625,24,254.97999572753906,0.06,0.08,2026-09-22 18:44:34,🚬菸屁股,HOLD,1
MSFT,2027-01-15,625.0,3.81,52862,53,30.75630767822265,115,498.0,3.25,4.3,2026-09-22 18:36:23,🔥萬人塚 🏛️機構場,HOLD,1
SOFI,2028-01-21,27.0,2.43,4559,53,62.40271972656251,486,17.15999984741211,2.36,2.46,2026-09-22 18:14:19,🔭LEAPS,HOLD,1
U,2026-10-16,50.0,0.47,1537,53,54.102021484375015,24,43.11000061035156,0.24,0.5,2026-09-22 19:40:20,🚬菸屁股,HOLD,1
ACHR,2027-01-15,20.0,0.05,25927,53,111.71919140624999,115,5.690000057220459,0.05,0.06,2026-09-22 19:58:38,🚬菸屁股,HOLD,1
NNE,2026-10-16,21.0,0.33,2907,53,75.195560546875,24,17.31999969482422,0.25,0.4,2026-09-22 17:22:29,🚬菸屁股,HOLD,1
IONQ,2026-10-02,44.5,0.69,865,52,68.84796777343752,10,40.7400016784668,0.62,0.74,2026-09-22 19:45:49,🚬菸屁股,HOLD,1
SOFI,2026-12-18,26.0,0.23,2736,52,59.96133789062501,87,17.15999984741211,0.21,0.23,2026-09-22 19:38:27,🚬菸屁股,HOLD,1
SOFI,2026-12-18,45.0,0.03,7826,52,83.59391406249999,87,17.15999984741211,0.03,0.04,2026-09-22 18:24:57,🆕低基期(前日Vol9) 🚬菸屁股,HOLD,1
DKNG,2028-01-21,65.0,0.7,4766,52,62.353892089843754,486,21.799999237060547,0.48,0.98,2026-09-22 14:13:18,🆕低基期(前日Vol12) 🔭LEAPS,HOLD,1
U,2026-10-02,60.0,0.03,857,52,98.82813671875,10,43.11000061035156,0.0,0.18,2026-09-16 19:39:08,🚬菸屁股,HOLD,1
ONDS,2028-01-21,25.0,0.87,7553,52,89.55088574218748,486,7.71999979019165,0.8,0.88,2026-09-22 19:03:23,🔭LEAPS,HOLD,1
JOBY,2027-01-15,11.0,0.17,2291,52,74.804939453125,115,6.440000057220459,0.15,0.19,2026-09-22 19:53:22,🚬菸屁股,HOLD,1
ACHR,2026-10-16,12.0,0.01,8446,52,131.25034374999998,24,5.690000057220459,0.01,0.02,2026-09-22 14:54:00,🚬菸屁股,HOLD,1
AMZN,2027-01-15,375.0,0.77,765,52,37.76917700195312,115,254.97999572753906,0.76,0.91,2026-09-22 18:45:18,🚬菸屁股,HOLD,1
TSLA,2026-12-18,800.0,0.41,10874,51,62.42713354492189,87,378.8999938964844,0.37,0.44,2026-09-22 19:39:00,🆕低基期(前日Vol3) 🚬菸屁股,HOLD,1
NVDA,2026-11-20,460.0,0.01,6792,51,50.0005,59,228.8699951171875,0.0,0.01,2026-09-22 19:08:56,🆕低基期(前日Vol1) 🚬菸屁股,HOLD,1
IONQ,2026-12-18,140.0,0.1,945,51,120.50820996093749,87,40.7400016784668,0.05,0.53,2026-09-22 15:17:08,🆕低基期(前日Vol1) 🚬菸屁股,HOLD,1
SOFI,2026-12-18,29.0,0.13,1354,51,63.281617187500004,87,17.15999984741211,0.12,0.14,2026-09-22 18:09:41,🚬菸屁股,HOLD,1
PCG,2026-10-16,25.0,0.02,14979,51,139.84405078125,24,12.880000114440918,0.0,0.18,2026-09-17 18:23:57,🚬菸屁股,HOLD,1
PCG,2026-12-18,24.0,0.05,24955,51,67.96907031250001,87,12.880000114440918,0.0,0.14,2026-09-21 19:54:08,🚬菸屁股,HOLD,1
NKE,2028-01-21,42.5,5.05,3076,51,45.337460693359375,486,36.099998474121094,5.0,5.3,2026-09-22 19:57:36,🔭LEAPS,HOLD,1
GOOGL,2028-01-21,600.0,11.4,7838,51,39.13024737548828,486,351.1600036621094,9.95,11.8,2026-09-22 17:21:18,🔭LEAPS,HOLD,1
PLTR,2028-01-21,200.0,47.27,11097,50,62.904728866577145,486,184.99000549316406,46.8,48.0,2026-09-22 19:52:17,🔭LEAPS,HOLD,1
ASTS,2028-01-21,185.0,8.0,3405,50,86.70057244873047,486,63.689998626708984,6.95,7.8,2026-09-22 18:24:54,🆕低基期(前日Vol5) 🔭LEAPS,HOLD,1
HIMS,2027-01-15,80.0,0.38,4531,50,91.8946123046875,115,30.43000030517578,0.18,0.42,2026-09-22 18:15:52,🆕低基期(前日Vol10) 🚬菸屁股,HOLD,1
LUNR,2026-10-16,19.0,0.5,785,50,79.49239257812499,24,16.239999771118164,0.44,0.51,2026-09-22 19:46:46,🚬菸屁股,HOLD,1
JOBY,2027-01-15,13.0,0.11,874,50,76.562734375,115,6.440000057220459,0.08,0.09,2026-09-22 19:31:46,🆕低基期(前日Vol11) 🚬菸屁股,HOLD,1
NKE,2026-10-02,44.0,0.09,1140,50,71.28934960937501,10,36.099998474121094,0.08,0.15,2026-09-22 19:27:09,🚬菸屁股,HOLD,1
AMZN,2026-10-16,400.0,0.01,2112,50,54.68795312500001,24,254.97999572753906,0.0,0.02,2026-09-18 17:02:05,🚬菸屁股,HOLD,1
GOOGL,2028-01-21,650.0,8.0,22803,50,39.00970414733887,486,351.1600036621094,7.05,8.35,2026-09-22 19:11:05,🔭LEAPS,HOLD,1
IBIT,2028-06-16,90.0,4.45,16429,49,52.37474383544922,633,48.83000183105469,4.4,4.7,2026-09-21 19:01:07,🔭LEAPS,HOLD,1
IONQ,2026-11-20,65.0,0.75,1102,49,86.08412353515625,59,40.7400016784668,0.52,0.97,2026-09-22 18:42:26,🚬菸屁股,HOLD,1
SOFI,2028-01-21,13.0,6.85,4585,49,67.48079394531253,486,17.15999984741211,6.75,7.1,2026-09-22 18:31:53,🔭LEAPS,HOLD,1
RKLB,2027-01-15,175.0,0.8,2293,48,87.98840136718749,115,71.9800033569336,0.63,0.96,2026-09-22 16:55:46,🚬菸屁股,HOLD,1
RKLB,2028-01-21,210.0,6.43,7320,48,79.66939276123045,486,71.9800033569336,6.0,6.75,2026-09-22 19:46:13,🔭LEAPS,HOLD,1
SOFI,2026-10-02,21.5,0.01,1160,48,62.500375000000005,10,17.15999984741211,0.01,0.02,2026-09-22 19:29:03,🚬菸屁股,HOLD,1
SMR,2028-01-21,8.0,3.96,4928,48,94.87309814453124,486,8.890000343322754,3.65,4.3,2026-09-22 19:54:24,🔭LEAPS,HOLD,1
NNE,2026-10-16,20.0,0.5,1761,48,78.9064609375,24,17.31999969482422,0.5,0.6,2026-09-22 19:54:40,🚬菸屁股,HOLD,1
NKE,2027-01-15,62.5,0.18,2732,48,54.78560839843751,115,36.099998474121094,0.01,0.22,2026-09-21 18:05:29,🚬菸屁股,HOLD,1
ASTS,2026-11-20,150.0,0.28,4318,47,102.93017285156252,59,63.689998626708984,0.2,0.39,2026-09-22 18:46:55,🚬菸屁股,HOLD,1
ONDS,2027-01-15,14.0,0.28,4045,47,87.695435546875,115,7.71999979019165,0.22,0.34,2026-09-22 19:54:35,🆕低基期(前日Vol2) 🚬菸屁股,HOLD,1
ONDS,2028-01-21,4.0,4.57,20416,47,91.1133701171875,486,7.71999979019165,4.45,4.75,2026-09-22 19:39:37,🔭LEAPS,HOLD,1
ACHR,2028-01-21,20.0,0.51,8146,47,87.40246972656249,486,5.690000057220459,0.46,0.55,2026-09-22 19:16:07,🔭LEAPS,HOLD,1
NKE,2027-01-15,60.0,0.19,27751,47,50.6840869140625,115,36.099998474121094,0.18,0.22,2026-09-22 17:35:20,🚬菸屁股,HOLD,1
IBIT,2026-11-20,59.0,0.72,5905,46,44.0435283203125,59,48.83000183105469,0.69,0.71,2026-09-22 19:08:35,🚬菸屁股,HOLD,1
IBIT,2027-01-15,110.0,0.11,29433,46,63.1839619140625,115,48.83000183105469,0.09,0.11,2026-09-22 17:18:58,🚬菸屁股,HOLD,1
RKLB,2026-10-02,100.0,0.06,1348,46,84.76577734374999,10,71.9800033569336,0.02,0.09,2026-09-22 19:49:26,🚬菸屁股,HOLD,1
DKNG,2027-01-15,40.0,0.2,14490,46,62.69568554687501,115,21.799999237060547,0.12,0.24,2026-09-22 18:04:57,🚬菸屁股,HOLD,1
TDOC,2026-10-16,8.0,0.04,3364,46,55.469195312500005,24,6.349999904632568,0.01,0.04,2026-09-22 19:25:30,🆕低基期(前日Vol8) 🚬菸屁股,HOLD,1
IBIT,2026-10-16,59.0,0.14,9375,45,45.313046875000005,24,48.83000183105469,0.14,0.15,2026-09-22 19:50:36,🚬菸屁股,HOLD,1
OKLO,2028-01-21,75.0,8.37,869,45,85.66908862304687,486,40.45000076293945,8.0,8.55,2026-09-22 19:36:02,🆕低基期(前日Vol17) 🔭LEAPS,HOLD,1
KTOS,2026-10-16,57.5,0.4,2049,45,62.842168457031256,24,46.970001220703125,0.3,0.6,2026-09-22 19:45:55,🚬菸屁股,HOLD,1
BAC,2028-01-21,85.0,1.29,3425,45,27.527580200195313,486,56.20000076293945,0.81,0.99,2026-09-16 17:57:03,🔭LEAPS,HOLD,1
CHPT,2026-10-16,12.0,0.25,1894,45,85.35170898437501,24,9.850000381469727,0.2,0.3,2026-09-22 19:57:21,🚬菸屁股,HOLD,1
PLTR,2028-01-21,410.0,12.4,9487,44,61.65809826660158,486,184.99000549316406,12.15,12.8,2026-09-22 18:29:03,🔭LEAPS,HOLD,1
OKLO,2026-12-18,75.0,0.92,3256,44,88.76964355468748,87,40.45000076293945,0.78,0.89,2026-09-22 17:32:11,🚬菸屁股,HOLD,1
ASTS,2027-01-15,190.0,0.62,6697,44,98.29103271484375,115,63.689998626708984,0.4,0.68,2026-09-22 18:22:41,🚬菸屁股,HOLD,1
IONQ,2028-01-21,100.0,5.07,1504,44,84.16763879394532,486,40.7400016784668,4.8,6.3,2026-09-22 19:04:23,🆕低基期(前日Vol14) 🔭LEAPS,HOLD,1
HIMS,2027-01-15,60.0,0.79,15038,44,88.13488427734374,115,30.43000030517578,0.71,0.93,2026-09-22 19:24:53,🚬菸屁股,HOLD,1
HIMS,2028-01-21,70.0,4.85,790,44,85.37612280273439,486,30.43000030517578,3.9,5.5,2026-09-22 19:44:34,🔭LEAPS,HOLD,1
SOFI,2028-01-21,32.0,1.75,7838,43,62.74451318359377,486,17.15999984741211,1.72,1.81,2026-09-22 18:33:16,🆕低基期(前日Vol17) 🔭LEAPS,HOLD,1
SMR,2028-01-21,15.0,2.4,5764,43,96.04496142578124,486,8.890000343322754,2.29,2.62,2026-09-22 18:31:26,🔭LEAPS,HOLD,1
NNE,2027-01-15,30.0,0.6,3995,43,82.226740234375,115,17.31999969482422,0.55,0.65,2026-09-22 19:22:36,🚬菸屁股,HOLD,1
TSLA,2026-12-18,700.0,0.78,8644,42,56.51898950195313,87,378.8999938964844,0.55,0.79,2026-09-22 19:39:00,🚬菸屁股,HOLD,1
IBIT,2027-01-15,120.0,0.07,17901,42,66.79720703125001,115,48.83000183105469,0.07,0.09,2026-09-22 15:45:42,🚬菸屁股,HOLD,1
ASTS,2026-11-20,125.0,0.66,776,42,96.82620361328125,59,63.689998626708984,0.52,0.69,2026-09-22 19:38:36,🚬菸屁股,HOLD,1
SOFI,2026-10-16,30.0,0.01,11183,42,89.062609375,24,17.15999984741211,0.01,0.02,2026-09-22 19:53:21,🚬菸屁股,HOLD,1
PATH,2026-10-02,15.5,0.1,1253,42,74.2190078125,10,13.25,0.05,0.15,2026-09-22 18:37:07,🚬菸屁股,HOLD,1
JOBY,2028-01-21,5.0,2.89,7066,42,83.30094824218747,486,6.440000057220459,2.85,2.95,2026-09-22 19:58:16,🔭LEAPS,HOLD,1
NKE,2027-01-15,57.5,0.22,7871,42,49.9028447265625,115,36.099998474121094,0.21,0.26,2026-09-22 19:58:45,🆕低基期(前日Vol12) 🚬菸屁股,HOLD,1
AMZN,2026-10-02,295.0,0.07,1238,42,38.2818671875,10,254.97999572753906,0.02,0.09,2026-09-22 19:30:37,🚬菸屁股,HOLD,1
AMZN,2027-01-15,400.0,0.38,2176,42,38.40393627929687,115,254.97999572753906,0.36,0.47,2026-09-22 17:15:12,🚬菸屁股,HOLD,1
TDOC,2027-01-15,15.0,0.05,9201,41,101.172369140625,115,6.349999904632568,0.05,0.26,2026-09-22 17:41:50,🆕低基期(前日Vol2) 🚬菸屁股,HOLD,1
UPST,2026-12-18,40.0,0.54,1931,40,70.26396923828125,87,25.969999313354492,0.49,0.62,2026-09-22 19:54:41,🚬菸屁股,HOLD,1
SOFI,2028-01-21,35.0,1.53,14776,40,63.79430737304688,486,17.15999984741211,1.47,1.6,2026-09-22 19:34:43,🆕低基期(前日Vol3) 🔭LEAPS,HOLD,1
DKNG,2026-11-20,35.0,0.16,1676,40,67.773759765625,59,21.799999237060547,0.1,0.16,2026-09-22 19:20:43,🆕低基期(前日Vol12) 🚬菸屁股,HOLD,1
HOOD,2026-12-18,240.0,0.85,1912,40,74.78052563476562,87,124.25,0.81,1.01,2026-09-22 18:22:51,🚬菸屁股,HOLD,1
TDOC,2027-01-15,17.5,0.06,3377,40,95.70316796875,115,6.349999904632568,0.01,0.12,2026-09-16 17:23:28,🚬菸屁股,HOLD,1
ONDS,2028-01-21,17.0,1.29,9557,40,89.94150683593749,486,7.71999979019165,1.29,1.55,2026-09-22 19:13:43,🔭LEAPS,HOLD,1
JOBY,2026-10-16,12.0,0.03,2281,40,106.25046875000001,24,6.440000057220459,0.0,0.02,2026-09-22 17:26:54,🆕低基期(前日Vol5) 🚬菸屁股,HOLD,1
JOBY,2027-01-15,9.0,0.34,2744,40,70.117486328125,115,6.440000057220459,0.31,0.35,2026-09-22 18:44:41,🚬菸屁股,HOLD,1
SMR,2028-01-21,35.0,0.9,1150,40,99.2187578125,486,8.890000343322754,0.9,1.15,2026-09-22 17:39:57,🆕低基期(前日Vol14) 🔭LEAPS,HOLD,1
CRWV,2026-10-16,190.0,0.03,987,40,112.5004375,24,86.76000213623047,0.01,0.08,2026-09-21 15:22:40,🚬菸屁股,HOLD,1
KHC,2028-01-21,32.5,1.11,851,40,29.541720214843746,486,24.0,0.78,0.97,2026-09-17 18:39:34,🔭LEAPS,HOLD,1
GOOGL,2026-10-02,455.0,0.11,1202,40,55.859816406250005,10,351.1600036621094,0.01,0.08,2026-09-21 19:57:33,🚬菸屁股,HOLD,1
GOOGL,2026-12-18,520.0,0.65,2574,40,41.309180664062495,87,351.1600036621094,0.51,0.87,2026-09-22 19:42:50,🚬菸屁股,HOLD,1
VST,2026-12-18,210.0,0.92,17762,39,50.65967309570312,87,140.41000366210938,0.9,0.99,2026-09-22 19:46:25,🚬菸屁股,HOLD,1
IONQ,2026-12-18,70.0,0.97,2510,38,83.59391406249999,87,40.7400016784668,0.89,1.0,2026-09-22 19:53:26,🚬菸屁股,HOLD,1
SOFI,2027-01-15,42.0,0.05,6444,38,74.2190078125,115,17.15999984741211,0.05,0.08,2026-09-21 18:07:10,🚬菸屁股,HOLD,1
DKNG,2026-10-02,27.0,0.06,1329,38,72.26590234375,10,21.799999237060547,0.04,0.07,2026-09-22 17:52:58,🚬菸屁股,HOLD,1
IREN,2028-01-21,105.0,7.95,2038,38,92.33406103515625,486,48.54999923706055,9.25,10.05,2026-09-18 14:24:41,🔭LEAPS,HOLD,1
PCG,2026-12-18,21.0,0.08,8486,38,58.984785156250005,87,12.880000114440918,0.07,0.11,2026-09-21 17:46:08,🚬菸屁股,HOLD,1
PCG,2027-01-15,18.0,0.32,20508,38,53.906710937500016,115,12.880000114440918,0.28,0.35,2026-09-22 18:27:48,🚬菸屁股,HOLD,1
PCG,2027-01-15,25.0,0.08,11305,38,64.8441015625,115,12.880000114440918,0.06,0.12,2026-09-22 15:28:36,🚬菸屁股,HOLD,1
TSLA,2026-10-16,520.0,0.24,5297,37,54.05319384765627,24,378.8999938964844,0.26,0.29,2026-09-21 19:38:38,🚬菸屁股,HOLD,1
INTC,2028-01-21,140.0,33.7,5089,37,73.02273071289062,486,123.86000061035156,35.15,35.8,2026-09-22 16:20:56,🔭LEAPS,HOLD,1
SMCI,2026-11-20,70.0,0.68,1372,37,89.94150683593749,59,41.540000915527344,0.65,0.68,2026-09-22 19:51:01,🚬菸屁股,HOLD,1
RKLB,2026-10-16,150.0,0.05,5060,37,108.59420703125,24,71.9800033569336,0.04,0.05,2026-09-22 19:29:38,🚬菸屁股,HOLD,1
IONQ,2026-10-16,75.0,0.05,2967,37,100.78174609374999,24,40.7400016784668,0.01,0.09,2026-09-21 18:05:31,🚬菸屁股,HOLD,1
UPST,2027-01-15,65.0,0.15,786,37,92.187578125,115,25.969999313354492,0.0,0.65,2026-09-18 18:19:56,🚬菸屁股,HOLD,1
SOFI,2026-11-20,29.0,0.07,1108,37,67.57844921875001,59,17.15999984741211,0.06,0.07,2026-09-22 17:35:58,🚬菸屁股,HOLD,1
SOFI,2028-06-16,27.0,3.3,5130,37,63.89196264648438,633,17.15999984741211,3.15,3.3,2026-09-22 18:10:24,🔭LEAPS,HOLD,1
META,2026-12-18,1300.0,0.79,8920,37,50.07374145507812,87,736.594970703125,0.64,0.85,2026-09-22 17:09:52,🚬菸屁股,HOLD,1
OKLO,2026-11-20,95.0,0.18,6226,36,106.34812451171878,59,40.45000076293945,0.18,0.29,2026-09-22 19:54:52,🆕低基期(前日Vol13) 🚬菸屁股,HOLD,1
ONDS,2026-12-18,14.0,0.18,7805,36,91.01571484374999,87,7.71999979019165,0.16,0.23,2026-09-22 19:57:45,🚬菸屁股,HOLD,1
JOBY,2026-11-20,6.0,0.94,1443,36,70.117486328125,59,6.440000057220459,0.87,1.02,2026-09-22 18:06:59,🚬菸屁股,HOLD,1
NVDA,2026-12-18,330.0,0.5,5193,35,38.59924682617187,87,228.8699951171875,0.5,0.53,2026-09-22 17:19:05,🚬菸屁股,HOLD,1
IREN,2028-01-21,100.0,9.89,7182,35,92.47444049072267,486,48.54999923706055,9.8,10.65,2026-09-22 16:38:30,🔭LEAPS,HOLD,1
PATH,2028-01-21,25.0,1.96,7890,35,75.53735400390626,486,13.25,1.88,2.22,2026-09-22 19:40:15,🆕低基期(前日Vol2) 🔭LEAPS,HOLD,1
JOBY,2027-01-15,20.0,0.02,14171,35,92.187578125,115,6.440000057220459,0.02,0.04,2026-09-22 19:53:12,🚬菸屁股,HOLD,1
TJX,2027-01-15,165.0,0.65,1393,35,29.10227148437499,115,130.7899932861328,0.45,0.85,2026-09-21 18:45:18,🚬菸屁股,HOLD,1
KVUE,2028-01-21,17.0,2.8,1686,35,31.88544677734374,486,17.860000610351562,1.55,3.0,2026-09-22 17:05:40,🆕低基期(前日Vol2) 🔭LEAPS,HOLD,1
AMZN,2026-12-18,360.0,0.68,20942,35,38.25745336914062,87,254.97999572753906,0.66,0.74,2026-09-22 19:53:44,🚬菸屁股,HOLD,1
GOOGL,2026-12-18,800.0,0.04,878,35,54.297332031250015,87,351.1600036621094,0.0,0.08,2026-09-22 15:42:35,🆕低基期(前日Vol11) 🚬菸屁股,HOLD,1
RKLB,2026-10-16,195.0,0.02,4540,34,132.81283593749998,24,71.9800033569336,0.02,0.03,2026-09-22 19:41:38,🚬菸屁股,HOLD,1
ASTS,2027-01-15,180.0,0.69,9997,34,95.94730615234374,115,63.689998626708984,0.44,0.74,2026-09-22 19:43:59,🚬菸屁股,HOLD,1
UPST,2026-12-18,50.0,0.2,1155,34,74.5119736328125,87,25.969999313354492,0.13,0.25,2026-09-22 19:34:20,🚬菸屁股,HOLD,1
SOFI,2028-06-16,10.0,9.24,8440,34,72.70535107421875,633,17.15999984741211,9.15,9.4,2026-09-22 19:19:21,🔭LEAPS,HOLD,1
SOFI,2028-06-16,35.0,2.17,9577,34,63.01306518554688,633,17.15999984741211,1.98,2.21,2026-09-22 19:08:21,🆕低基期(前日Vol5) 🔭LEAPS,HOLD,1
U,2026-10-16,49.0,0.55,1353,34,52.58836474609375,24,43.11000061035156,0.54,0.66,2026-09-22 15:20:11,🆕低基期(前日Vol1) 🚬菸屁股,HOLD,1
KTOS,2026-11-20,70.0,0.6,1283,34,68.94562304687501,59,46.970001220703125,0.4,0.7,2026-09-22 19:47:44,🚬菸屁股,HOLD,1
LUNR,2026-12-18,32.0,0.25,1073,34,93.7500625,87,16.239999771118164,0.24,0.4,2026-09-22 16:35:33,🚬菸屁股,HOLD,1
JOBY,2026-10-16,9.0,0.03,2140,34,70.312796875,24,6.440000057220459,0.01,0.03,2026-09-22 19:56:59,🚬菸屁股,HOLD,1
AMZN,2026-11-20,370.0,0.19,3472,34,40.967387207031244,59,254.97999572753906,0.17,0.22,2026-09-22 19:32:53,🚬菸屁股,HOLD,1
BRK-B,2026-10-16,535.0,0.46,809,34,14.89342919921875,24,503.489990234375,0.39,0.52,2026-09-22 19:57:39,🚬菸屁股,HOLD,1
NEE,2026-10-02,87.0,0.03,2368,34,39.551385742187506,10,79.26000213623047,0.0,0.23,2026-09-22 18:38:22,🆕低基期(前日Vol3) 🚬菸屁股,HOLD,1
TSLA,2026-12-18,960.0,0.2,5673,33,68.79914013671876,87,378.8999938964844,0.16,0.2,2026-09-22 19:59:03,🚬菸屁股,HOLD,1
TSLA,2027-01-15,800.0,0.76,12390,33,58.91154370117189,115,378.8999938964844,0.75,0.78,2026-09-22 19:59:53,🚬菸屁股,HOLD,1
IONQ,2027-01-15,85.0,0.86,979,33,85.54701953125,115,40.7400016784668,0.46,1.08,2026-09-22 19:43:28,🆕低基期(前日Vol1) 🚬菸屁股,HOLD,1
UPST,2027-02-19,50.0,0.65,836,33,76.51390673828125,150,25.969999313354492,0.56,0.92,2026-09-22 16:36:43,🚬菸屁股,HOLD,1
PATH,2026-11-20,18.0,0.22,2941,33,65.03941210937501,59,13.25,0.2,0.29,2026-09-22 16:05:11,🚬菸屁股,HOLD,1
OPEN,2027-01-15,6.0,0.1,10686,33,106.64109179687502,115,2.759999990463257,0.08,0.14,2026-09-22 18:09:52,🚬菸屁股,HOLD,1
ONDS,2026-11-20,14.0,0.09,1482,33,92.187578125,59,7.71999979019165,0.04,0.14,2026-09-22 17:51:55,🚬菸屁股,HOLD,1
PCG,2026-10-16,16.0,0.04,13379,33,50.39112109375,24,12.880000114440918,0.02,0.04,2026-09-22 19:32:31,🚬菸屁股,HOLD,1
MS,2026-10-02,230.0,0.05,1035,33,43.164630859375,10,200.17999267578125,0.02,0.2,2026-09-22 17:05:07,🚬菸屁股,HOLD,1
NEE,2027-01-15,95.0,0.38,2337,33,22.80350634765625,115,79.26000213623047,0.33,0.4,2026-09-22 17:40:13,🚬菸屁股,HOLD,1
VST,2026-11-20,240.0,0.13,2016,32,57.22699023437501,59,140.41000366210938,0.1,0.2,2026-09-21 19:27:22,🚬菸屁股,HOLD,1
SOFI,2026-11-20,36.0,0.03,1019,32,78.12521875,59,17.15999984741211,0.01,0.04,2026-09-21 15:24:37,🚬菸屁股,HOLD,1
OPEN,2026-12-18,5.0,0.11,3909,32,101.95361523437501,87,2.759999990463257,0.09,0.12,2026-09-22 19:23:19,🚬菸屁股,HOLD,1
PCG,2028-01-21,15.0,1.82,5539,32,44.5318046875,486,12.880000114440918,1.76,1.89,2026-09-22 19:25:27,🔭LEAPS,HOLD,1
TSLA,2027-01-15,750.0,0.98,5628,31,56.5556102294922,115,378.8999938964844,0.9,1.04,2026-09-21 19:12:30,🚬菸屁股,HOLD,1
UPST,2027-01-15,75.0,0.13,2741,31,87.500125,115,25.969999313354492,0.06,0.18,2026-09-21 19:41:13,🚬菸屁股,HOLD,1
ZM,2026-10-16,100.0,0.94,2903,31,40.28380029296875,24,90.94999694824219,0.75,1.01,2026-09-22 19:23:06,🚬菸屁股,HOLD,1
OPEN,2026-12-18,6.0,0.05,2025,31,114.45355273437498,87,2.759999990463257,0.06,0.11,2026-09-22 15:24:36,🚬菸屁股,HOLD,1
PCG,2026-10-02,14.0,0.09,1216,31,47.461462890625,10,12.880000114440918,0.04,0.09,2026-09-22 16:34:45,🚬菸屁股,HOLD,1
RKLB,2028-01-21,190.0,5.57,1111,30,79.52290985107422,486,71.9800033569336,6.85,8.15,2026-09-18 18:08:45,🔭LEAPS,HOLD,1
RKLB,2028-01-21,200.0,7.07,3193,30,80.68256622314453,486,71.9800033569336,6.6,7.8,2026-09-22 19:16:47,🔭LEAPS,HOLD,1
SOFI,2026-12-18,31.0,0.19,755,30,64.25816992187501,87,17.15999984741211,0.06,0.11,2026-09-17 13:30:00,🚬菸屁股,HOLD,1
SOFI,2027-01-15,47.0,0.05,21673,30,77.73459765625,115,17.15999984741211,0.04,0.05,2026-09-22 19:41:56,🚬菸屁股,HOLD,1
DKNG,2027-01-15,55.0,0.07,6650,30,71.48466015625,115,21.799999237060547,0.0,0.1,2026-09-14 15:00:07,🚬菸屁股,HOLD,1
HIMS,2028-01-21,65.0,5.35,794,30,86.6090206298828,486,30.43000030517578,4.55,6.15,2026-09-22 19:28:29,🆕低基期(前日Vol10) 🔭LEAPS,HOLD,1
LUNR,2027-01-15,30.0,0.7,3259,30,89.84385156249999,115,16.239999771118164,0.43,0.77,2026-09-22 19:17:58,🚬菸屁股,HOLD,1
JOBY,2026-11-20,15.0,0.03,1269,30,101.5629921875,59,6.440000057220459,0.01,0.05,2026-09-21 19:33:32,🚬菸屁股,HOLD,1
JOBY,2027-01-15,40.0,0.02,5550,30,112.5004375,115,6.440000057220459,0.0,0.01,2026-09-18 17:53:16,🚬菸屁股,HOLD,1
ACHR,2027-01-15,12.0,0.12,25932,30,87.89074609375,115,5.690000057220459,0.11,0.12,2026-09-22 19:58:52,🚬菸屁股,HOLD,1
CRWV,2026-11-20,160.0,0.82,2611,30,90.08798974609374,59,86.76000213623047,0.79,0.86,2026-09-22 17:57:11,🚬菸屁股,HOLD,1
NKE,2026-12-18,65.0,0.1,4441,30,59.570716796875004,87,36.099998474121094,0.1,0.13,2026-09-22 18:57:24,🚬菸屁股,HOLD,1
NKE,2026-12-18,130.0,0.02,2581,30,92.187578125,87,36.099998474121094,0.0,0.04,2026-09-18 15:09:11,🚬菸屁股,HOLD,1
NKE,2028-01-21,30.0,10.3,1818,30,48.669946899414064,486,36.099998474121094,10.15,10.75,2026-09-22 19:31:56,🔭LEAPS,HOLD,1
NKE,2028-06-16,65.0,2.2,2836,30,45.88677160644532,633,36.099998474121094,1.87,2.5,2026-09-22 15:04:11,🔭LEAPS,HOLD,1
KVUE,2027-01-15,18.0,0.85,6207,30,23.780059082031247,115,17.860000610351562,0.73,0.89,2026-09-22 14:39:11,🚬菸屁股,HOLD,1
BAC,2027-01-15,72.5,0.17,781,30,26.758544921875,115,56.20000076293945,0.15,0.18,2026-09-22 18:24:01,🆕低基期(前日Vol5) 🚬菸屁股,HOLD,1
NEE,2027-01-15,125.0,0.01,8640,30,37.695935546875,115,79.26000213623047,0.0,0.12,2026-09-22 14:37:26,🆕低基期(前日Vol1) 🚬菸屁股,HOLD,1
IBIT,2027-01-15,75.0,0.43,11993,29,49.46339599609375,115,48.83000183105469,0.42,0.45,2026-09-22 15:06:45,🚬菸屁股,HOLD,1
SMCI,2028-01-21,105.0,5.2,10690,29,82.84929260253907,486,41.540000915527344,5.1,5.3,2026-09-22 19:39:52,🔭LEAPS,HOLD,1
ASTS,2027-01-15,175.0,0.73,871,29,97.85158398437501,115,63.689998626708984,0.62,0.87,2026-09-22 19:43:59,🆕低基期(前日Vol1) 🚬菸屁股,HOLD,1
PATH,2028-01-21,17.0,3.32,3001,29,75.61059545898439,486,13.25,3.25,3.6,2026-09-22 15:41:29,🔭LEAPS,HOLD,1
HIMS,2028-01-21,95.0,2.65,3195,29,90.06357592773438,486,30.43000030517578,2.86,4.25,2026-09-18 18:52:14,🔭LEAPS,HOLD,1
KTOS,2027-01-15,100.0,0.35,1533,29,75.14673291015625,115,46.970001220703125,0.3,0.55,2026-09-22 16:51:33,🆕低基期(前日Vol11) 🚬菸屁股,HOLD,1
SMR,2027-01-15,13.0,0.68,2235,29,88.67198828125,115,8.890000343322754,0.65,0.71,2026-09-22 17:59:18,🚬菸屁股,HOLD,1
SMR,2028-01-21,5.0,5.2,2038,29,94.8242705078125,486,8.890000343322754,5.0,5.35,2026-09-22 19:50:47,🔭LEAPS,HOLD,1
CRWV,2026-11-20,155.0,0.94,3748,29,90.11240356445312,59,86.76000213623047,0.93,1.07,2026-09-22 17:00:44,🚬菸屁股,HOLD,1
NKE,2028-01-21,70.0,1.19,12341,29,45.117736328125005,486,36.099998474121094,1.12,1.24,2026-09-22 19:59:03,🔭LEAPS,HOLD,1
NEE,2028-01-21,110.0,1.63,1269,29,24.61012890625,486,79.26000213623047,1.47,1.63,2026-09-22 17:35:35,🆕低基期(前日Vol6) 🔭LEAPS,HOLD,1
IBIT,2027-01-15,85.0,0.27,15022,28,53.71140039062501,115,48.83000183105469,0.24,0.27,2026-09-22 18:45:29,🚬菸屁股,HOLD,1
SMCI,2026-12-18,90.0,0.5,4345,28,92.6758544921875,87,41.540000915527344,0.47,0.53,2026-09-22 19:57:05,🚬菸屁股,HOLD,1
SMCI,2027-01-15,100.0,0.49,5644,28,90.62509374999999,115,41.540000915527344,0.54,0.58,2026-09-22 17:47:01,🚬菸屁股,HOLD,1
SMCI,2028-01-21,60.0,10.55,6345,28,82.93474096679687,486,41.540000915527344,10.6,10.8,2026-09-22 19:45:41,🔭LEAPS,HOLD,1
OKLO,2026-11-20,80.0,0.38,2835,28,98.63282617187501,59,40.45000076293945,0.36,0.45,2026-09-22 19:27:05,🚬菸屁股,HOLD,1
RKLB,2028-01-21,175.0,8.75,3459,28,79.40694421386718,486,71.9800033569336,7.6,9.45,2026-09-22 19:52:01,🆕低基期(前日Vol2) 🔭LEAPS,HOLD,1
NBIS,2026-10-16,390.0,0.5,860,28,95.21489160156248,24,236.1199951171875,0.48,0.75,2026-09-22 17:28:29,🚬菸屁股,HOLD,1
SMR,2027-01-15,37.0,0.06,985,28,120.3128984375,115,8.890000343322754,0.01,0.14,2026-09-16 19:53:28,🚬菸屁股,HOLD,1
NNE,2026-10-16,19.0,0.65,881,28,75.97680273437501,24,17.31999969482422,0.65,0.85,2026-09-22 19:38:56,🚬菸屁股,HOLD,1
KVUE,2026-10-16,18.0,0.34,5164,28,24.414818359375,24,17.860000610351562,0.28,0.39,2026-09-22 18:52:04,🚬菸屁股,HOLD,1
VST,2026-10-02,165.0,0.12,757,27,51.465329101562496,10,140.41000366210938,0.05,0.33,2026-09-22 19:39:15,🚬菸屁股,HOLD,1
VST,2027-01-15,250.0,0.46,2127,27,52.734847656250004,115,140.41000366210938,0.36,0.74,2026-09-22 19:57:36,🆕低基期(前日Vol3) 🚬菸屁股,HOLD,1
IREN,2028-01-21,120.0,8.09,760,27,92.69416485595703,486,48.54999923706055,7.85,8.8,2026-09-21 19:48:52,🔭LEAPS,HOLD,1
SMR,2028-01-21,25.0,1.45,2956,27,95.01958105468748,486,8.890000343322754,1.22,1.55,2026-09-22 18:44:46,🔭LEAPS,HOLD,1
NKE,2027-01-15,75.0,0.09,7401,27,60.937890625000016,115,36.099998474121094,0.09,0.12,2026-09-22 17:51:38,🚬菸屁股,HOLD,1
NKE,2027-01-15,100.0,0.04,15792,27,68.7503125,115,36.099998474121094,0.01,0.05,2026-09-22 19:12:57,🚬菸屁股,HOLD,1
MS,2026-10-16,240.0,0.2,1763,27,36.18227880859375,24,200.17999267578125,0.16,0.22,2026-09-22 16:30:49,🚬菸屁股,HOLD,1
NVDA,2026-12-18,310.0,0.98,7216,26,37.39076281738281,87,228.8699951171875,0.92,1.0,2026-09-22 19:29:59,🚬菸屁股,HOLD,1
NVDA,2028-06-16,460.0,9.05,5024,26,43.05476867675782,633,228.8699951171875,8.5,9.45,2026-09-22 19:30:06,🔭LEAPS,HOLD,1
RKLB,2027-01-15,185.0,0.69,894,26,89.79502392578124,115,71.9800033569336,0.62,0.76,2026-09-22 19:56:43,🚬菸屁股,HOLD,1
IONQ,2028-01-21,55.0,10.49,1571,26,80.22480712890624,486,40.7400016784668,10.1,11.45,2026-09-22 17:54:23,🔭LEAPS,HOLD,1
UPST,2027-01-15,45.0,0.55,2019,26,70.9963837890625,115,25.969999313354492,0.45,0.6,2026-09-22 19:38:40,🚬菸屁股,HOLD,1
IREN,2028-01-21,140.0,6.88,13483,26,93.12751013183593,486,48.54999923706055,6.5,7.4,2026-09-22 19:21:24,🔭LEAPS,HOLD,1
U,2028-01-21,65.0,7.2,2701,26,66.07699938964844,486,43.11000061035156,6.9,7.6,2026-09-22 18:14:10,🆕低基期(前日Vol4) 🔭LEAPS,HOLD,1
PATH,2026-12-18,18.0,0.63,5042,26,74.31666308593749,87,13.25,0.5,0.75,2026-09-21 15:43:35,🚬菸屁股,HOLD,1
SMR,2026-10-02,15.0,0.02,1055,26,145.3127734375,10,8.890000343322754,0.0,0.04,2026-09-21 18:53:41,🚬菸屁股,HOLD,1
SMR,2027-01-15,35.0,0.12,3117,26,119.922275390625,115,8.890000343322754,0.07,0.11,2026-09-22 15:28:58,🆕低基期(前日Vol1) 🚬菸屁股,HOLD,1
NKE,2027-01-15,70.0,0.11,18022,26,56.64105859375,115,36.099998474121094,0.1,0.12,2026-09-22 18:14:26,🚬菸屁股,HOLD,1
NEE,2027-01-15,100.0,0.16,5842,26,24.805439453125,115,79.26000213623047,0.17,0.25,2026-09-22 17:35:21,🆕低基期(前日Vol8) 🚬菸屁股,HOLD,1
IBIT,2027-01-15,135.0,0.07,13396,25,71.48466015625,115,48.83000183105469,0.05,0.07,2026-09-22 17:47:00,🚬菸屁股,HOLD,1
HOOD,2027-01-15,290.0,0.61,8304,25,74.07252490234374,115,124.25,0.56,0.66,2026-09-22 18:56:28,🚬菸屁股,HOLD,1
XYZ,2026-10-16,95.0,0.13,1276,25,42.67635449218751,24,77.52999877929688,0.06,0.13,2026-09-21 18:46:54,🚬菸屁股,HOLD,1
NNE,2027-01-15,65.0,0.15,1252,25,107.42233789062503,115,17.31999969482422,0.0,0.2,2026-08-31 13:30:15,🚬菸屁股,HOLD,1
NKE,2026-11-20,60.0,0.05,4412,25,58.20354296875,59,36.099998474121094,0.05,0.07,2026-09-22 17:19:22,🚬菸屁股,HOLD,1
BAC,2027-02-19,67.5,0.73,1058,25,26.551027465820308,150,56.20000076293945,0.68,0.76,2026-09-22 19:18:39,🚬菸屁股,HOLD,1
NEE,2026-10-16,82.5,0.58,1285,25,21.85136743164062,24,79.26000213623047,0.3,0.66,2026-09-22 18:41:00,🚬菸屁股,HOLD,1
MSFT,2028-01-21,600.0,47.49,6933,24,36.508813629150396,486,498.0,45.5,49.35,2026-09-22 19:33:46,🔭LEAPS,HOLD,1
VST,2026-10-16,180.0,0.17,1712,24,53.80905566406251,24,140.41000366210938,0.01,0.35,2026-09-22 19:59:47,🚬菸屁股,HOLD,1
IREN,2027-01-15,130.0,0.8,1288,24,100.29346728515624,115,48.54999923706055,0.63,0.81,2026-09-22 14:23:43,🆕低基期(前日Vol2) 🚬菸屁股,HOLD,1
OPEN,2026-11-20,9.0,0.03,12303,24,146.875265625,59,2.759999990463257,0.02,0.03,2026-09-22 15:59:17,🚬菸屁股,HOLD,1
OPEN,2027-01-15,2.0,0.99,1541,24,67.96907031250001,115,2.759999990463257,0.71,1.01,2026-09-22 16:20:21,🚬菸屁股,HOLD,1
NTLA,2028-01-21,10.0,5.7,2006,24,88.76964355468748,486,12.6899995803833,5.3,6.5,2026-09-18 18:33:15,🔭LEAPS,HOLD,1
ACHR,2027-01-15,15.0,0.07,22194,24,96.87503124999999,115,5.690000057220459,0.06,0.09,2026-09-22 19:14:54,🚬菸屁股,HOLD,1
CRWV,2027-01-15,240.0,0.57,5877,24,88.86729882812499,115,86.76000213623047,0.46,0.64,2026-09-21 19:44:53,🚬菸屁股,HOLD,1
NKE,2027-01-15,67.5,0.13,18154,24,56.836369140624996,115,36.099998474121094,0.08,0.22,2026-09-18 19:12:31,🚬菸屁股,HOLD,1
NEE,2026-12-18,95.0,0.21,2724,24,24.097438720703124,87,79.26000213623047,0.17,0.28,2026-09-22 17:15:42,🚬菸屁股,HOLD,1
NEE,2028-01-21,85.0,6.95,922,24,25.452405639648447,486,79.26000213623047,6.55,7.0,2026-09-22 19:44:44,🔭LEAPS,HOLD,1
OKLO,2027-01-15,220.0,0.15,1282,23,121.09414453124998,115,40.45000076293945,0.05,0.21,2026-09-17 17:25:36,🚬菸屁股,HOLD,1
RKLB,2026-12-18,160.0,0.62,975,23,91.16219775390626,87,71.9800033569336,0.49,0.91,2026-09-22 17:10:36,🚬菸屁股,HOLD,1
SOFI,2028-01-21,37.0,1.34,8091,23,63.55016918945313,486,17.15999984741211,1.3,1.4,2026-09-22 18:33:16,🆕低基期(前日Vol1) 🔭LEAPS,HOLD,1
DKNG,2026-11-20,40.0,0.06,5703,23,74.804939453125,59,21.799999237060547,0.01,0.14,2026-09-21 15:37:44,🚬菸屁股,HOLD,1
DKNG,2028-01-21,37.5,2.43,19856,23,59.985751708984395,486,21.799999237060547,2.17,2.57,2026-09-22 19:54:40,🔭LEAPS,HOLD,1
IREN,2026-12-18,105.0,0.83,1032,23,99.65820654296876,87,48.54999923706055,0.74,0.94,2026-09-22 18:42:12,🆕低基期(前日Vol3) 🚬菸屁股,HOLD,1
SMR,2026-10-02,13.0,0.03,974,23,112.5004375,10,8.890000343322754,0.01,0.03,2026-09-22 19:36:53,🚬菸屁股,HOLD,1
SMR,2026-10-16,15.0,0.02,1163,23,99.2187578125,24,8.890000343322754,0.02,0.03,2026-09-22 19:28:57,🚬菸屁股,HOLD,1
SMR,2027-01-15,40.0,0.09,7516,23,119.53165234375001,115,8.890000343322754,0.01,0.1,2026-09-22 15:11:29,🚬菸屁股,HOLD,1
AMZN,2026-10-16,335.0,0.04,1007,23,44.0435283203125,24,254.97999572753906,0.0,0.1,2026-09-21 17:21:51,🚬菸屁股,HOLD,1
OKLO,2026-10-16,70.0,0.09,1464,22,106.25046875000001,24,40.45000076293945,0.02,0.25,2026-09-22 19:12:15,🚬菸屁股,HOLD,1
OKLO,2026-12-18,160.0,0.14,976,22,118.1644716796875,87,40.45000076293945,0.0,0.27,2026-09-14 15:47:10,🚬菸屁股,HOLD,1
RKLB,2028-01-21,160.0,9.58,1902,22,79.20553021240235,486,71.9800033569336,9.2,10.25,2026-09-22 17:06:00,🆕低基期(前日Vol6) 🔭LEAPS,HOLD,1
UPST,2026-10-02,27.0,0.61,2070,22,57.910577148437504,10,25.969999313354492,0.54,0.71,2026-09-22 19:45:32,🚬菸屁股,HOLD,1
IREN,2026-10-16,100.0,0.04,4150,22,114.84417578124999,24,48.54999923706055,0.02,0.09,2026-09-21 19:47:19,🚬菸屁股,HOLD,1
OPEN,2027-01-15,12.0,0.05,6274,22,139.06280468749998,115,2.759999990463257,0.04,0.06,2026-09-22 17:30:39,🚬菸屁股,HOLD,1
JOBY,2027-01-15,15.0,0.05,11536,22,80.85956640625,115,6.440000057220459,0.05,0.06,2026-09-22 19:55:36,🚬菸屁股,HOLD,1
TJX,2026-10-16,145.0,0.13,1833,22,23.096472167968752,24,130.7899932861328,0.1,0.15,2026-09-22 18:58:27,🚬菸屁股,HOLD,1
BRK-B,2027-01-15,600.0,0.92,3400,22,18.51277777099609,115,503.489990234375,0.69,1.1,2026-09-22 16:20:35,🚬菸屁股,HOLD,1
TSLA,2028-01-21,800.0,16.95,7456,21,52.3320196533203,486,378.8999938964844,16.65,16.95,2026-09-22 19:02:41,🔭LEAPS,HOLD,1
NVDA,2026-10-16,460.0,0.01,17134,21,78.12521875,24,228.8699951171875,0.0,0.01,2026-09-18 15:06:56,🚬菸屁股,HOLD,1
NVDA,2028-06-16,300.0,31.1,5760,21,44.16559741210938,633,228.8699951171875,30.25,31.2,2026-09-22 19:38:29,🔭LEAPS,HOLD,1
MSTR,2026-12-18,500.0,0.72,7544,21,102.49072192382815,87,167.3300018310547,0.7,0.79,2026-09-22 19:59:15,🚬菸屁股,HOLD,1
UPST,2027-01-15,42.5,0.63,1456,21,70.21514160156251,115,25.969999313354492,0.46,0.87,2026-09-22 16:08:31,🆕低基期(前日Vol3) 🚬菸屁股,HOLD,1
U,2027-01-15,70.0,0.66,3168,21,62.69568554687501,115,43.11000061035156,0.6,0.9,2026-09-22 16:40:22,🚬菸屁股,HOLD,1
TDOC,2027-01-15,7.5,0.45,15161,21,61.133201171875015,115,6.349999904632568,0.42,0.54,2026-09-22 17:34:23,🚬菸屁股,HOLD,1
ZM,2026-10-16,105.0,0.4,1644,21,44.38532177734375,24,90.94999694824219,0.21,0.59,2026-09-22 19:57:44,🚬菸屁股,HOLD,1
XYZ,2027-01-15,110.0,0.92,2618,21,46.631393066406254,115,77.52999877929688,0.85,1.03,2026-09-22 19:05:05,🚬菸屁股,HOLD,1
JOBY,2026-11-20,12.0,0.04,1641,21,78.12521875,59,6.440000057220459,0.01,0.04,2026-09-22 19:29:07,🆕低基期(前日Vol5) 🚬菸屁股,HOLD,1
SMR,2028-01-21,30.0,1.35,3457,21,97.50979052734375,486,8.890000343322754,1.07,1.3,2026-09-22 18:55:04,🔭LEAPS,HOLD,1
PCG,2027-01-15,30.0,0.08,805,21,69.14093359375,115,12.880000114440918,0.0,0.08,2026-09-11 14:30:48,🚬菸屁股,HOLD,1
TJX,2026-10-16,160.0,0.05,2298,21,33.789724609375,24,130.7899932861328,0.0,0.05,2026-09-22 18:50:46,🚬菸屁股,HOLD,1
TJX,2027-01-15,175.0,0.3,1150,21,31.299515136718746,115,130.7899932861328,0.2,0.55,2026-09-22 18:28:14,🚬菸屁股,HOLD,1
KHC,2028-01-21,25.0,2.82,4286,21,30.86006640625,486,24.0,2.76,2.99,2026-09-22 19:03:22,🔭LEAPS,HOLD,1
AMZN,2026-12-18,380.0,0.37,2382,21,39.67345483398438,87,254.97999572753906,0.24,0.45,2026-09-21 16:57:29,🚬菸屁股,HOLD,1
BAC,2026-10-16,70.0,0.01,5505,21,39.649041015625,24,56.20000076293945,0.0,0.04,2026-09-22 18:16:37,🚬菸屁股,HOLD,1
BRK-B,2026-10-16,540.0,0.33,2288,21,15.869981933593753,24,503.489990234375,0.29,0.41,2026-09-22 19:31:37,🚬菸屁股,HOLD,1
RKLB,2026-12-18,210.0,0.27,1267,20,98.63282617187501,87,71.9800033569336,0.25,0.3,2026-09-22 18:12:07,🚬菸屁股,HOLD,1
UPST,2026-12-18,45.0,0.33,1225,20,73.82838671875,87,25.969999313354492,0.31,0.38,2026-09-22 19:43:50,🚬菸屁股,HOLD,1
SOFI,2026-10-16,29.0,0.02,2043,20,84.37515624999999,24,17.15999984741211,0.01,0.02,2026-09-22 18:00:33,🚬菸屁股,HOLD,1
SOFI,2026-11-20,28.0,0.08,1938,20,64.8441015625,59,17.15999984741211,0.06,0.08,2026-09-22 17:35:06,🚬菸屁股,HOLD,1
SOFI,2026-11-20,35.0,0.03,1536,20,77.3439765625,59,17.15999984741211,0.01,0.05,2026-09-21 19:32:44,🚬菸屁股,HOLD,1
DKNG,2027-01-15,42.0,0.15,1570,20,61.328511718750015,115,21.799999237060547,0.04,0.19,2026-09-22 14:09:36,🆕低基期(前日Vol1) 🚬菸屁股,HOLD,1
DKNG,2027-01-15,80.0,0.01,1006,20,86.7188828125,115,21.799999237060547,0.0,0.05,2026-09-21 16:46:24,🆕低基期(前日Vol1) 🚬菸屁股,HOLD,1
DKNG,2028-01-21,50.0,1.51,26222,20,59.6683720703125,486,21.799999237060547,0.92,1.51,2026-09-22 15:33:10,🔭LEAPS,HOLD,1
PATH,2027-01-15,19.0,0.6,1258,20,71.24052197265625,115,13.25,0.49,0.78,2026-09-22 14:00:00,🆕低基期(前日Vol7) 🚬菸屁股,HOLD,1
ZM,2028-01-21,140.0,7.3,2764,20,49.88453436279296,486,90.94999694824219,6.9,8.35,2026-09-22 19:57:54,🔭LEAPS,HOLD,1
OPEN,2026-10-02,4.0,0.03,1600,20,118.75040625,10,2.759999990463257,0.0,0.02,2026-09-21 18:36:38,🚬菸屁股,HOLD,1
PACB,2028-01-21,1.5,0.61,5701,20,111.71919140624999,486,1.4700000286102295,0.5,0.9,2026-09-22 16:36:47,🆕低基期(前日Vol6) 🔭LEAPS,HOLD,1
KTOS,2027-01-15,90.0,0.5,3278,20,72.60769580078124,115,46.970001220703125,0.45,0.8,2026-09-22 19:40:47,🚬菸屁股,HOLD,1
ONDS,2026-10-16,15.0,0.02,2816,20,123.43788281249999,24,7.71999979019165,0.0,0.05,2026-09-21 18:39:01,🆕低基期(前日Vol1) 🚬菸屁股,HOLD,1
ACHR,2026-10-16,13.0,0.01,3853,20,125.00037499999999,24,5.690000057220459,0.0,0.01,2026-09-22 19:58:37,🚬菸屁股,HOLD,1
CRWV,2028-01-21,195.0,11.4,3758,20,77.41111456298827,486,86.76000213623047,10.4,11.35,2026-09-22 18:19:15,🔭LEAPS,HOLD,1
PCG,2026-10-16,19.0,0.02,11172,20,79.687703125,24,12.880000114440918,0.0,0.08,2026-09-21 14:28:09,🚬菸屁股,HOLD,1
NKE,2026-12-18,95.0,0.03,1241,20,76.562734375,87,36.099998474121094,0.01,0.06,2026-09-16 14:57:54,🚬菸屁股,HOLD,1
KVUE,2028-01-21,15.0,3.8,806,20,48.1450498046875,486,17.860000610351562,2.9,5.2,2026-09-22 17:00:50,🆕低基期(前日Vol4) 🔭LEAPS,HOLD,1
META,2026-12-18,1430.0,0.36,900,20,50.02491381835939,87,736.594970703125,0.05,0.48,2026-09-22 16:29:35,🚬菸屁股,HOLD,1
GOOGL,2027-01-15,600.0,0.27,3134,20,41.96835375976563,115,351.1600036621094,0.22,0.44,2026-09-22 19:47:35,🚬菸屁股,HOLD,1
SMCI,2026-12-18,120.0,0.21,10852,19,102.1489267578125,87,41.540000915527344,0.2,0.23,2026-09-22 18:42:51,🚬菸屁股,HOLD,1
OKLO,2026-10-02,55.0,0.09,1399,19,90.23447265624999,10,40.45000076293945,0.05,0.09,2026-09-22 19:12:29,🆕低基期(前日Vol7) 🚬菸屁股,HOLD,1
OKLO,2028-01-21,70.0,8.95,4137,19,85.28457098388674,486,40.45000076293945,8.4,9.4,2026-09-22 19:30:20,🔭LEAPS,HOLD,1
UPST,2027-01-15,100.0,0.04,5992,19,94.92192578125,115,25.969999313354492,0.02,0.08,2026-09-21 19:57:17,🚬菸屁股,HOLD,1
DKNG,2027-01-15,75.0,0.08,1010,19,108.7895185546875,115,21.799999237060547,0.0,0.39,2026-07-10 16:42:23,🚬菸屁股,HOLD,1
HOOD,2027-01-15,280.0,0.71,845,19,74.2190078125,115,124.25,0.64,0.88,2026-09-22 17:03:26,🆕低基期(前日Vol6) 🚬菸屁股,HOLD,1
TDOC,2026-10-16,6.0,0.5,1100,19,56.44574804687501,24,6.349999904632568,0.47,0.66,2026-09-22 18:43:47,🆕低基期(前日Vol3) 🚬菸屁股,HOLD,1
TDOC,2026-10-16,11.0,0.02,1251,19,112.5004375,24,6.349999904632568,0.01,0.05,2026-09-22 14:58:55,🆕低基期(前日Vol1) 🚬菸屁股,HOLD,1
TDOC,2027-01-15,10.0,0.17,10340,19,67.38313867187502,115,6.349999904632568,0.14,0.2,2026-09-22 18:14:21,🚬菸屁股,HOLD,1
OPEN,2027-01-15,8.0,0.07,3367,19,116.40666796875001,115,2.759999990463257,0.05,0.08,2026-09-22 19:55:05,🚬菸屁股,HOLD,1
HIMS,2028-01-21,50.0,7.2,2785,19,84.02115588378906,486,30.43000030517578,6.65,7.2,2026-09-22 19:56:31,🔭LEAPS,HOLD,1
ONDS,2026-10-02,10.0,0.01,1557,19,75.00025000000001,10,7.71999979019165,0.0,0.02,2026-09-22 19:58:40,🚬菸屁股,HOLD,1
LUNR,2028-01-21,65.0,1.8,787,19,95.16606396484374,486,16.239999771118164,1.19,1.99,2026-09-22 18:11:38,🆕低基期(前日Vol5) 🔭LEAPS,HOLD,1
NKE,2026-10-16,60.0,0.01,2892,19,75.7814921875,24,36.099998474121094,0.01,0.02,2026-09-22 17:28:36,🚬菸屁股,HOLD,1
NKE,2028-01-21,80.0,0.74,3165,19,46.24077197265626,486,36.099998474121094,0.71,0.84,2026-09-22 18:23:31,🔭LEAPS,HOLD,1
KHC,2028-01-21,40.0,0.29,1814,19,32.52020605468749,486,24.0,0.25,0.46,2026-09-21 19:50:47,🔭LEAPS,HOLD,1
META,2026-10-16,1240.0,0.04,2081,19,71.28934960937501,24,736.594970703125,0.0,0.28,2026-09-22 18:59:23,🚬菸屁股,HOLD,1
NEE,2026-12-18,100.0,0.08,2720,19,25.586681640625002,87,79.26000213623047,0.06,0.14,2026-09-22 19:21:37,🆕低基期(前日Vol4) 🚬菸屁股,HOLD,1
TEAM,2027-01-15,480.0,0.6,807,19,80.54218676757812,115,188.64999389648438,0.45,1.5,2026-09-21 18:03:37,🚬菸屁股,HOLD,1
IBIT,2028-01-21,75.0,4.55,5510,18,49.84181018066406,486,48.83000183105469,4.3,4.5,2026-09-21 19:52:23,🔭LEAPS,HOLD,1
OKLO,2026-10-16,80.0,0.06,3061,18,115.234798828125,24,40.45000076293945,0.02,0.12,2026-09-22 19:39:24,🚬菸屁股,HOLD,1
ASTS,2026-10-16,110.0,0.11,1962,18,96.0937890625,24,63.689998626708984,0.08,0.14,2026-09-22 19:58:38,🚬菸屁股,HOLD,1
IONQ,2026-12-18,75.0,0.75,3004,18,84.71694970703125,87,40.7400016784668,0.67,0.76,2026-09-22 19:39:04,🚬菸屁股,HOLD,1
SOFI,2026-11-20,27.0,0.1,2617,18,64.062859375,59,17.15999984741211,0.08,0.1,2026-09-22 15:16:19,🚬菸屁股,HOLD,1
SOFI,2028-06-16,47.0,1.32,22620,18,64.648791015625,633,17.15999984741211,1.25,1.4,2026-09-22 19:36:42,🔭LEAPS,HOLD,1
U,2028-01-21,60.0,8.2,1198,18,65.11875701904297,486,43.11000061035156,7.5,8.55,2026-09-22 18:14:10,🆕低基期(前日Vol1) 🔭LEAPS,HOLD,1
PATH,2026-11-20,19.0,0.15,5257,18,67.57844921875001,59,13.25,0.13,0.25,2026-09-22 18:49:37,🚬菸屁股,HOLD,1
HOOD,2026-12-18,290.0,0.4,10297,18,79.44356494140624,87,124.25,0.29,0.48,2026-09-21 18:44:20,🚬菸屁股,HOLD,1
LUNR,2028-01-21,15.0,7.46,1076,18,99.95117236328124,486,16.239999771118164,7.1,7.8,2026-09-22 19:54:52,🔭LEAPS,HOLD,1
NKE,2028-01-21,37.5,6.75,825,18,48.87746435546876,486,36.099998474121094,6.6,7.5,2026-09-22 19:33:35,🔭LEAPS,HOLD,1
NVDA,2028-01-21,270.0,31.46,8454,17,43.43928631591797,486,228.8699951171875,30.8,31.45,2026-09-22 19:44:49,🔭LEAPS,HOLD,1
PLTR,2026-10-16,250.0,0.16,6524,17,53.320779296874996,24,184.99000549316406,0.15,0.18,2026-09-22 18:43:46,🚬菸屁股,HOLD,1
PLTR,2027-01-15,410.0,0.24,10959,17,57.42230078125,115,184.99000549316406,0.13,0.27,2026-09-22 18:15:01,🚬菸屁股,HOLD,1
RKLB,2026-10-02,91.0,0.2,1348,17,79.883013671875,10,71.9800033569336,0.14,0.28,2026-09-22 19:19:22,🆕低基期(前日Vol4) 🚬菸屁股,HOLD,1
IONQ,2026-11-20,80.0,0.33,2429,17,90.62509374999999,59,40.7400016784668,0.21,0.33,2026-09-22 15:53:34,🚬菸屁股,HOLD,1
SOFI,2028-01-21,42.0,1.04,8912,17,64.45348046875,486,17.15999984741211,1.03,1.1,2026-09-22 19:21:42,🔭LEAPS,HOLD,1
U,2028-01-21,47.0,11.95,7592,17,68.78693322753908,486,43.11000061035156,10.9,13.2,2026-09-22 18:14:06,🆕低基期(前日Vol1) 🔭LEAPS,HOLD,1
ZM,2027-01-15,140.0,0.64,7744,17,49.43898217773438,115,90.94999694824219,0.38,0.82,2026-09-22 17:13:25,🚬菸屁股,HOLD,1
JOBY,2026-10-16,16.0,0.01,768,17,131.25034374999998,24,6.440000057220459,0.0,0.01,2026-09-21 19:37:41,🚬菸屁股,HOLD,1
JOBY,2027-01-15,8.0,0.53,4036,17,71.9729365234375,115,6.440000057220459,0.49,0.59,2026-09-22 19:25:37,🚬菸屁股,HOLD,1
SMR,2026-11-20,18.0,0.1,1422,17,103.51610742187502,59,8.890000343322754,0.08,0.12,2026-09-22 19:51:51,🆕低基期(前日Vol1) 🚬菸屁股,HOLD,1
CRWV,2026-10-02,130.0,0.05,5222,17,98.437515625,10,86.76000213623047,0.04,0.07,2026-09-22 19:11:37,🚬菸屁股,HOLD,1
CRWV,2026-12-18,200.0,0.67,8272,17,89.30674755859374,87,86.76000213623047,0.57,0.67,2026-09-22 19:27:53,🚬菸屁股,HOLD,1
META,2026-10-16,1120.0,0.09,759,17,53.906710937500016,24,736.594970703125,0.01,0.1,2026-09-22 17:43:56,🚬菸屁股,HOLD,1
META,2026-11-20,1200.0,0.72,1234,17,51.92919165039063,59,736.594970703125,0.59,0.78,2026-09-22 19:48:59,🚬菸屁股,HOLD,1
BAC,2026-10-02,66.0,0.01,832,17,54.49264257812501,10,56.20000076293945,0.0,0.21,2026-09-22 15:57:05,🆕低基期(前日Vol1) 🚬菸屁股,HOLD,1
OKLO,2026-11-20,70.0,0.63,1673,16,92.187578125,59,40.45000076293945,0.57,0.67,2026-09-22 19:07:30,🚬菸屁股,HOLD,1
OKLO,2026-12-18,100.0,0.4,1317,16,99.5117236328125,87,40.45000076293945,0.35,0.41,2026-09-22 15:15:23,🚬菸屁股,HOLD,1
DKNG,2027-01-15,33.0,0.5,11769,16,60.937890625000016,115,21.799999237060547,0.41,0.6,2026-09-22 15:46:52,🚬菸屁股,HOLD,1
IREN,2026-10-16,110.0,0.06,2322,16,122.65663671875001,24,48.54999923706055,0.0,0.08,2026-09-11 17:35:48,🚬菸屁股,HOLD,1
XYZ,2028-01-21,125.0,6.5,755,16,50.45825909423829,486,77.52999877929688,6.0,7.0,2026-09-21 17:17:45,🔭LEAPS,HOLD,1
PACB,2026-12-18,1.5,0.2,3107,16,57.0316796875,87,1.4700000286102295,0.0,0.3,2026-09-21 13:30:14,🚬菸屁股,HOLD,1
SMR,2028-01-21,18.0,2.06,1592,16,92.773509765625,486,8.890000343322754,1.74,2.1,2026-09-22 18:51:19,🔭LEAPS,HOLD,1
PCG,2026-10-16,17.0,0.02,16780,16,56.250437500000004,24,12.880000114440918,0.01,0.04,2026-09-22 19:19:40,🚬菸屁股,HOLD,1
PCG,2028-01-21,20.0,0.78,20889,16,44.70270141601562,486,12.880000114440918,0.7,0.89,2026-09-22 19:41:38,🔭LEAPS,HOLD,1
TJX,2027-01-15,160.0,0.9,1062,16,27.00268310546875,115,130.7899932861328,0.6,0.95,2026-09-22 19:49:42,🚬菸屁股,HOLD,1
NKE,2027-01-15,77.5,0.09,27367,16,61.328511718750015,115,36.099998474121094,0.06,0.11,2026-09-22 19:52:04,🚬菸屁股,HOLD,1
NKE,2028-01-21,55.0,2.47,4364,16,45.813530151367196,486,36.099998474121094,2.33,2.8,2026-09-22 19:44:00,🔭LEAPS,HOLD,1
KVUE,2027-01-15,20.0,0.2,11108,16,21.631643066406248,115,17.860000610351562,0.14,0.22,2026-09-22 13:31:45,🚬菸屁股,HOLD,1
BAC,2027-01-15,75.0,0.09,7033,16,27.393304199218747,115,56.20000076293945,0.08,0.12,2026-09-22 15:23:04,🚬菸屁股,HOLD,1
BAC,2028-01-21,75.0,1.99,2119,16,27.88158056640625,486,56.20000076293945,1.83,2.1,2026-09-22 19:56:17,🔭LEAPS,HOLD,1
MSTR,2027-01-15,700.0,0.49,11705,15,105.76218994140625,115,167.3300018310547,0.47,0.6,2026-09-22 16:52:55,🚬菸屁股,HOLD,1
SMCI,2028-01-21,100.0,5.5,4120,15,82.92253405761718,486,41.540000915527344,5.5,5.7,2026-09-22 19:18:50,🔭LEAPS,HOLD,1
UPST,2026-10-16,32.5,0.14,1422,15,60.35195898437502,24,25.969999313354492,0.15,0.17,2026-09-22 18:32:24,🚬菸屁股,HOLD,1
PATH,2026-12-18,17.0,0.71,10493,15,73.34011035156249,87,13.25,0.63,0.92,2026-09-22 19:13:21,🚬菸屁股,HOLD,1
PATH,2028-01-21,12.0,5.0,4671,15,76.29418237304688,486,13.25,4.9,5.0,2026-09-22 16:15:48,🆕低基期(前日Vol4) 🔭LEAPS,HOLD,1
TDOC,2026-10-16,10.0,0.03,3335,15,93.7500625,24,6.349999904632568,0.01,0.04,2026-09-22 18:14:21,🚬菸屁股,HOLD,1
NTLA,2027-01-15,42.0,0.05,870,15,132.22690136718748,115,12.6899995803833,0.0,0.75,2026-08-26 13:52:14,🚬菸屁股,HOLD,1
HIMS,2028-01-21,35.0,10.35,2484,15,82.93474096679687,486,30.43000030517578,8.85,10.9,2026-09-22 19:36:15,🔭LEAPS,HOLD,1
ACHR,2027-01-15,27.0,0.04,6108,15,120.3128984375,115,5.690000057220459,0.02,0.04,2026-09-22 15:36:31,🚬菸屁股,HOLD,1
SMR,2027-01-15,60.0,0.03,825,15,131.25034374999998,115,8.890000343322754,0.0,0.05,2026-09-22 15:22:07,🚬菸屁股,HOLD,1
NKE,2026-10-16,70.0,0.01,1655,15,84.37515624999999,24,36.099998474121094,0.0,0.01,2026-09-17 15:01:32,🚬菸屁股,HOLD,1
NKE,2028-06-16,70.0,1.71,4004,15,45.4107021484375,633,36.099998474121094,1.65,1.98,2026-09-22 18:56:57,🔭LEAPS,HOLD,1
TSLA,2026-12-18,750.0,0.54,6313,14,59.985751708984395,87,378.8999938964844,0.49,0.59,2026-09-22 18:37:17,🆕低基期(前日Vol3) 🚬菸屁股,HOLD,1
INTC,2028-01-21,125.0,38.16,5401,14,73.26076544189452,486,123.86000061035156,39.9,40.55,2026-09-22 16:48:07,🔭LEAPS,HOLD,1
RKLB,2026-12-18,165.0,0.54,765,14,92.91999267578124,87,71.9800033569336,0.29,1.04,2026-09-22 16:46:20,🚬菸屁股,HOLD,1
SOFI,2026-12-18,32.0,0.09,5277,14,67.57844921875001,87,17.15999984741211,0.08,0.1,2026-09-22 19:53:56,🚬菸屁股,HOLD,1
PATH,2026-10-16,21.0,0.02,977,14,90.62509374999999,24,13.25,0.01,0.07,2026-09-16 14:45:31,🚬菸屁股,HOLD,1
PATH,2027-01-15,32.0,0.09,4698,14,83.789224609375,115,13.25,0.03,0.2,2026-09-21 16:46:15,🚬菸屁股,HOLD,1
PATH,2028-01-21,10.0,5.94,5817,14,83.007982421875,486,13.25,5.8,6.35,2026-09-22 19:52:05,🔭LEAPS,HOLD,1
TDOC,2027-01-15,12.5,0.14,5060,14,82.226740234375,115,6.349999904632568,0.06,0.2,2026-09-22 17:36:54,🚬菸屁股,HOLD,1
OPEN,2026-12-18,7.0,0.04,1534,14,112.5004375,87,2.759999990463257,0.04,0.05,2026-09-22 19:53:44,🚬菸屁股,HOLD,1
HIMS,2028-01-21,55.0,6.56,889,14,85.37612280273439,486,30.43000030517578,5.8,6.95,2026-09-22 19:17:42,🆕低基期(前日Vol1) 🔭LEAPS,HOLD,1
SMR,2027-01-15,22.0,0.19,2915,14,100.0005,115,8.890000343322754,0.14,0.21,2026-09-22 17:17:56,🚬菸屁股,HOLD,1
NNE,2027-01-15,90.0,0.05,2793,14,117.1879140625,115,17.31999969482422,0.0,0.1,2026-09-21 13:47:21,🚬菸屁股,HOLD,1
CRWV,2026-10-16,135.0,0.24,2614,14,87.695435546875,24,86.76000213623047,0.22,0.29,2026-09-22 19:39:58,🚬菸屁股,HOLD,1
NKE,2027-01-15,110.0,0.03,3925,14,79.687703125,115,36.099998474121094,0.02,0.1,2026-09-22 18:30:39,🚬菸屁股,HOLD,1
NKE,2027-01-15,120.0,0.01,1766,14,92.38288867187501,115,36.099998474121094,0.0,0.24,2026-09-22 18:37:05,🚬菸屁股,HOLD,1
KHC,2027-01-15,37.5,0.05,2698,14,41.01621484375,115,24.0,0.0,0.07,2026-09-14 13:30:21,🚬菸屁股,HOLD,1
WMB,2028-01-21,85.0,5.7,1050,14,32.50189569091796,486,70.9800033569336,5.0,5.9,2026-09-22 13:33:27,🆕低基期(前日Vol1) 🔭LEAPS,HOLD,1
GOOGL,2026-11-20,470.0,0.89,3263,14,39.96642065429688,59,351.1600036621094,0.69,0.94,2026-09-22 19:04:42,🚬菸屁股,HOLD,1
BAC,2026-10-02,65.0,0.01,959,14,40.62559375,10,56.20000076293945,0.0,0.03,2026-09-22 18:54:56,🚬菸屁股,HOLD,1
NEE,2028-01-21,100.0,2.88,2324,14,24.634542724609375,486,79.26000213623047,2.75,2.94,2026-09-22 18:51:04,🔭LEAPS,HOLD,1
IBIT,2027-01-15,95.0,0.19,17575,13,58.00823242187501,115,48.83000183105469,0.16,0.18,2026-09-21 15:06:53,🚬菸屁股,HOLD,1
IBIT,2028-06-16,45.0,15.64,5286,13,55.98188549804688,633,48.83000183105469,15.1,15.9,2026-09-22 17:05:32,🔭LEAPS,HOLD,1
PLTR,2028-01-21,210.0,43.99,10170,13,62.63007341003419,486,184.99000549316406,43.5,44.7,2026-09-22 19:59:19,🔭LEAPS,HOLD,1
SMCI,2028-01-21,95.0,5.8,2602,13,82.76994769287107,486,41.540000915527344,5.9,6.1,2026-09-21 16:52:56,🔭LEAPS,HOLD,1
OKLO,2026-11-20,65.0,0.86,2212,13,89.79502392578124,59,40.45000076293945,0.77,0.9,2026-09-22 19:08:56,🚬菸屁股,HOLD,1
RKLB,2026-12-18,195.0,0.27,818,13,96.63089306640626,87,71.9800033569336,0.21,0.5,2026-09-22 14:31:11,🚬菸屁股,HOLD,1
UPST,2026-10-16,40.0,0.02,1439,13,72.6565234375,24,25.969999313354492,0.02,0.03,2026-09-22 19:58:26,🚬菸屁股,HOLD,1
SOFI,2028-06-16,37.0,2.0,5179,13,64.1605146484375,633,17.15999984741211,1.94,2.05,2026-09-22 14:37:21,🔭LEAPS,HOLD,1
IREN,2026-11-20,85.0,0.97,2360,13,97.6562734375,59,48.54999923706055,0.81,0.97,2026-09-22 14:35:54,🚬菸屁股,HOLD,1
HOOD,2026-10-16,180.0,0.29,2649,13,74.7072841796875,24,124.25,0.29,0.36,2026-09-22 15:19:58,🚬菸屁股,HOLD,1
ZM,2026-12-18,130.0,0.7,771,13,47.82767016601562,87,90.94999694824219,0.53,0.71,2026-09-22 16:42:42,🆕低基期(前日Vol1) 🚬菸屁股,HOLD,1
ONDS,2027-01-15,16.0,0.17,1125,13,90.429783203125,115,7.71999979019165,0.18,0.2,2026-09-22 18:07:28,🆕低基期(前日Vol2) 🚬菸屁股,HOLD,1
ONDS,2027-01-15,17.0,0.15,8305,13,94.33599414062499,115,7.71999979019165,0.12,0.24,2026-09-22 15:07:47,🚬菸屁股,HOLD,1
LUNR,2027-01-15,35.0,0.4,1402,13,93.7500625,115,16.239999771118164,0.3,0.5,2026-09-22 19:13:54,🆕低基期(前日Vol2) 🚬菸屁股,HOLD,1
SMR,2028-01-21,13.0,2.84,2991,13,94.43364941406249,486,8.890000343322754,2.5,2.95,2026-09-22 19:41:44,🔭LEAPS,HOLD,1
CRWV,2026-10-16,140.0,0.19,8399,13,89.257919921875,24,86.76000213623047,0.17,0.21,2026-09-22 19:46:57,🚬菸屁股,HOLD,1
NKE,2026-10-16,65.0,0.03,1806,13,82.81267187499999,24,36.099998474121094,0.0,0.02,2026-09-15 14:04:37,🚬菸屁股,HOLD,1
KHC,2027-01-15,32.5,0.08,2503,13,30.86006640625,115,24.0,0.05,0.08,2026-09-21 14:19:24,🚬菸屁股,HOLD,1
KHC,2028-01-21,20.0,5.5,2728,13,33.61882788085938,486,24.0,5.3,5.75,2026-09-22 19:16:08,🔭LEAPS,HOLD,1
KHC,2028-01-21,22.5,3.91,1224,13,30.92110095214844,486,24.0,3.75,4.1,2026-09-22 19:37:45,🔭LEAPS,HOLD,1
AMZN,2026-11-20,360.0,0.3,14628,13,41.699801757812494,59,254.97999572753906,0.2,0.39,2026-09-22 18:48:36,🚬菸屁股,HOLD,1
AMZN,2026-12-18,375.0,0.48,7503,13,39.234006103515625,87,254.97999572753906,0.38,0.5,2026-09-21 18:15:12,🚬菸屁股,HOLD,1
GOOGL,2026-10-16,510.0,0.05,3164,13,52.6371923828125,24,351.1600036621094,0.01,0.11,2026-09-22 16:30:59,🆕低基期(前日Vol3) 🚬菸屁股,HOLD,1
GOOGL,2028-06-16,730.0,9.4,897,13,40.29448133850098,633,351.1600036621094,7.4,10.1,2026-09-18 13:56:32,🔭LEAPS,HOLD,1
NEE,2028-01-21,90.0,5.25,1070,13,25.092301818847652,486,79.26000213623047,5.1,5.3,2026-09-22 18:40:39,🔭LEAPS,HOLD,1
IBIT,2026-10-16,105.0,0.01,9777,12,93.7500625,24,48.83000183105469,0.0,0.01,2026-09-22 17:21:55,🚬菸屁股,HOLD,1
OKLO,2027-01-15,260.0,0.08,5750,12,124.60975195312498,115,40.45000076293945,0.07,0.1,2026-09-22 17:49:01,🚬菸屁股,HOLD,1
OKLO,2028-01-21,60.0,10.61,1962,12,87.0118486328125,486,40.45000076293945,10.2,11.55,2026-09-22 19:21:30,🔭LEAPS,HOLD,1
OKLO,2028-01-21,120.0,4.41,904,12,90.66171447753905,486,40.45000076293945,4.75,5.6,2026-09-18 19:29:58,🔭LEAPS,HOLD,1
RKLB,2027-01-15,190.0,0.54,1647,12,90.52743847656251,115,71.9800033569336,0.52,0.76,2026-09-22 16:04:59,🚬菸屁股,HOLD,1
IONQ,2026-11-20,70.0,0.51,3015,12,86.8165380859375,59,40.7400016784668,0.45,0.55,2026-09-22 17:50:45,🚬菸屁股,HOLD,1
UPST,2028-01-21,100.0,1.36,1403,12,78.34494311523439,486,25.969999313354492,1.15,1.42,2026-09-22 19:53:44,🆕低基期(前日Vol2) 🔭LEAPS,HOLD,1
SOFI,2028-06-16,45.0,1.41,4832,12,64.7464462890625,633,17.15999984741211,1.39,1.5,2026-09-22 19:28:12,🔭LEAPS,HOLD,1
DKNG,2027-01-15,37.0,0.26,1581,12,61.52382226562501,115,21.799999237060547,0.18,0.36,2026-09-21 19:01:57,🚬菸屁股,HOLD,1
PACB,2028-01-21,2.0,0.45,5134,12,101.5629921875,486,1.4700000286102295,0.4,0.65,2026-09-22 14:49:39,🆕低基期(前日Vol1) 🔭LEAPS,HOLD,1
ONDS,2028-01-21,3.0,5.1,3585,12,91.992267578125,486,7.71999979019165,5.0,5.4,2026-09-22 19:39:37,🔭LEAPS,HOLD,1
LUNR,2028-01-21,17.0,6.7,1266,12,100.70850427246091,486,16.239999771118164,6.7,7.15,2026-09-22 19:48:01,🔭LEAPS,HOLD,1
ACHR,2028-01-21,4.0,2.82,3810,12,93.7500625,486,5.690000057220459,2.77,3.1,2026-09-22 18:28:24,🔭LEAPS,HOLD,1
SMR,2026-11-20,20.0,0.09,5309,12,108.59420703125,59,8.890000343322754,0.05,0.1,2026-09-22 19:36:21,🚬菸屁股,HOLD,1
SMR,2026-11-20,23.0,0.05,774,12,116.79729101562502,59,8.890000343322754,0.03,0.08,2026-09-22 19:21:07,🆕低基期(前日Vol4) 🚬菸屁股,HOLD,1
SMR,2028-01-21,3.0,6.55,1637,12,90.62509374999999,486,8.890000343322754,6.0,6.55,2026-09-22 19:18:41,🆕低基期(前日Vol1) 🔭LEAPS,HOLD,1
CRWV,2026-10-16,145.0,0.2,3422,12,91.211025390625,24,86.76000213623047,0.12,0.18,2026-09-22 14:16:48,🚬菸屁股,HOLD,1
PCG,2028-01-21,13.0,2.55,3162,12,52.07567456054687,486,12.880000114440918,2.5,3.0,2026-09-22 19:42:32,🔭LEAPS,HOLD,1
PCG,2028-01-21,27.0,0.33,7764,12,44.336494140625,486,12.880000114440918,0.15,0.31,2026-09-18 15:31:37,🔭LEAPS,HOLD,1
KVUE,2026-11-20,18.0,0.71,1156,12,26.465579101562497,59,17.860000610351562,0.31,0.7,2026-09-22 15:25:14,🚬菸屁股,HOLD,1
MS,2026-10-16,250.0,0.07,1539,12,39.45373046875,24,200.17999267578125,0.0,0.13,2026-09-22 17:21:54,🆕低基期(前日Vol4) 🚬菸屁股,HOLD,1
BE,2026-10-16,510.0,0.16,940,12,86.132951171875,24,276.5299987792969,0.01,0.16,2026-09-22 19:56:36,🆕低基期(前日Vol2) 🚬菸屁股,HOLD,1
AMZN,2026-10-16,350.0,0.02,5380,12,45.117736328125005,24,254.97999572753906,0.01,0.04,2026-09-22 17:21:54,🚬菸屁股,HOLD,1
GOOGL,2028-06-16,710.0,10.24,1698,12,40.28685202026367,633,351.1600036621094,8.3,11.15,2026-09-21 19:40:39,🔭LEAPS,HOLD,1
BAC,2028-01-21,70.0,3.0,3691,12,28.516339843749993,486,56.20000076293945,2.74,3.1,2026-09-22 19:12:18,🆕低基期(前日Vol4) 🔭LEAPS,HOLD,1
BRK-B,2026-10-16,550.0,0.17,1074,12,17.53012158203125,24,503.489990234375,0.07,0.25,2026-09-22 18:53:18,🚬菸屁股,HOLD,1
TSLA,2026-12-18,730.0,0.57,8215,11,58.93595751953126,87,378.8999938964844,0.56,0.66,2026-09-22 16:19:14,🚬菸屁股,HOLD,1
IBIT,2026-10-16,80.0,0.02,5521,11,71.87528125,24,48.83000183105469,0.01,0.02,2026-09-22 14:46:54,🚬菸屁股,HOLD,1
OKLO,2026-12-18,105.0,0.13,2589,11,100.87940185546876,87,40.45000076293945,0.17,0.48,2026-09-21 18:03:12,🚬菸屁股,HOLD,1
OKLO,2028-01-21,65.0,9.95,1813,11,85.80336462402343,486,40.45000076293945,9.45,10.1,2026-09-22 16:29:28,🔭LEAPS,HOLD,1
VST,2026-10-16,200.0,0.02,1758,11,50.39112109375,24,140.41000366210938,0.0,0.05,2026-09-22 18:22:17,🚬菸屁股,HOLD,1
IONQ,2027-01-15,110.0,0.27,2647,11,91.79695703125,115,40.7400016784668,0.2,0.51,2026-09-21 17:41:43,🚬菸屁股,HOLD,1
UPST,2028-01-21,80.0,2.0,1103,11,78.51583984375,486,25.969999313354492,1.82,2.16,2026-09-22 19:53:36,🔭LEAPS,HOLD,1
SOFI,2026-11-20,31.0,0.04,1248,11,71.48466015625,59,17.15999984741211,0.04,0.06,2026-09-22 18:22:35,🆕低基期(前日Vol3) 🚬菸屁股,HOLD,1
IREN,2026-10-16,95.0,0.05,2814,11,107.81296093750001,24,48.54999923706055,0.01,0.1,2026-09-21 18:11:39,🚬菸屁股,HOLD,1
PATH,2026-10-02,18.0,0.01,841,11,118.75040625,10,13.25,0.0,0.19,2026-09-22 15:06:50,🚬菸屁股,HOLD,1
PATH,2027-01-15,18.0,0.71,4097,11,71.7776259765625,115,13.25,0.7,0.9,2026-09-22 14:41:06,🆕低基期(前日Vol3) 🚬菸屁股,HOLD,1
PATH,2028-01-21,22.0,2.35,2197,11,72.99831689453124,486,13.25,2.12,2.5,2026-09-22 17:42:17,🆕低基期(前日Vol1) 🔭LEAPS,HOLD,1
HOOD,2026-11-20,210.0,0.83,1209,11,76.00121655273439,59,124.25,0.86,0.93,2026-09-22 17:47:54,🚬菸屁股,HOLD,1
OPEN,2028-01-21,2.0,1.42,2719,11,104.68797656250001,486,2.759999990463257,1.38,1.61,2026-09-22 18:21:12,🆕低基期(前日Vol1) 🔭LEAPS,HOLD,1
NTLA,2027-01-15,35.0,0.08,3786,11,91.79695703125,115,12.6899995803833,0.05,0.15,2026-09-18 16:15:48,🚬菸屁股,HOLD,1
HIMS,2026-12-18,60.0,0.6,3128,11,93.945373046875,87,30.43000030517578,0.5,0.71,2026-09-22 18:43:02,🚬菸屁股,HOLD,1
HIMS,2026-12-18,105.0,0.24,1385,11,126.36755566406248,87,30.43000030517578,0.03,0.55,2026-09-22 19:00:10,🆕低基期(前日Vol2) 🚬菸屁股,HOLD,1
LUNR,2027-01-15,37.0,0.24,2776,11,93.164130859375,115,16.239999771118164,0.2,0.43,2026-09-18 16:43:11,🚬菸屁股,HOLD,1
ACHR,2028-01-21,17.0,0.62,1575,11,85.4493642578125,486,5.690000057220459,0.54,0.67,2026-09-22 16:28:42,🆕低基期(前日Vol2) 🔭LEAPS,HOLD,1
SMR,2026-10-02,12.0,0.03,5948,11,99.2187578125,10,8.890000343322754,0.01,0.05,2026-09-22 18:08:15,🚬菸屁股,HOLD,1
NNE,2027-01-15,50.0,0.15,2828,11,90.429783203125,115,17.31999969482422,0.05,0.15,2026-09-22 16:50:40,🆕低基期(前日Vol1) 🚬菸屁股,HOLD,1
PCG,2026-10-16,22.0,0.03,2144,11,121.09414453124998,24,12.880000114440918,0.0,0.2,2026-09-17 18:33:14,🚬菸屁股,HOLD,1
PCG,2028-01-21,30.0,0.2,7551,11,46.33842724609375,486,12.880000114440918,0.15,0.25,2026-09-22 13:30:04,🔭LEAPS,HOLD,1
TJX,2028-01-21,165.0,6.75,1155,11,29.083961120605462,486,130.7899932861328,6.4,7.1,2026-09-22 17:11:13,🆕低基期(前日Vol4) 🔭LEAPS,HOLD,1
NKE,2026-10-02,42.5,0.15,1752,11,65.43003320312502,10,36.099998474121094,0.14,0.16,2026-09-22 19:28:25,🚬菸屁股,HOLD,1
NKE,2026-12-18,52.5,0.32,2944,11,50.97705273437501,87,36.099998474121094,0.21,0.32,2026-09-22 14:02:17,🚬菸屁股,HOLD,1
NKE,2028-01-21,75.0,0.93,5109,11,47.48587670898438,486,36.099998474121094,0.76,1.18,2026-09-22 18:49:19,🔭LEAPS,HOLD,1
NKE,2028-06-16,60.0,2.63,786,11,44.434149414062496,633,36.099998474121094,2.54,2.83,2026-09-22 19:03:58,🔭LEAPS,HOLD,1
KHC,2027-01-15,35.0,0.03,3175,11,33.789724609375,115,24.0,0.01,0.05,2026-09-22 13:46:07,🚬菸屁股,HOLD,1
BAC,2026-10-16,75.0,0.01,2649,11,50.0005,24,56.20000076293945,0.0,0.04,2026-09-22 15:21:58,🚬菸屁股,HOLD,1
BRK-B,2026-12-18,580.0,0.98,816,11,17.835294311523437,87,503.489990234375,0.79,1.06,2026-09-22 17:12:11,🚬菸屁股,HOLD,1
TSLA,2026-12-18,850.0,0.3,7531,10,64.7464462890625,87,378.8999938964844,0.28,0.35,2026-09-22 18:28:53,🆕低基期(前日Vol1) 🚬菸屁股,HOLD,1
TSLA,2027-01-15,900.0,0.49,13012,10,62.62244409179689,115,378.8999938964844,0.44,0.51,2026-09-22 18:59:44,🚬菸屁股,HOLD,1
IBIT,2028-01-21,95.0,2.49,5978,10,50.537604003906246,486,48.83000183105469,2.38,2.52,2026-09-22 18:50:02,🆕低基期(前日Vol1) 🔭LEAPS,HOLD,1
OKLO,2026-12-18,140.0,0.17,5802,10,110.9379453125,87,40.45000076293945,0.02,0.29,2026-09-17 15:41:41,🚬菸屁股,HOLD,1
OKLO,2028-01-21,130.0,4.45,1354,10,90.3321279296875,486,40.45000076293945,4.1,5.05,2026-09-21 18:37:20,🔭LEAPS,HOLD,1
OKLO,2028-01-21,155.0,3.0,2088,10,91.25985302734375,486,40.45000076293945,3.5,3.8,2026-09-14 13:30:03,🔭LEAPS,HOLD,1
ASTS,2027-01-15,170.0,0.6,1907,10,96.48441015625,115,63.689998626708984,0.68,0.87,2026-09-21 13:44:12,🚬菸屁股,HOLD,1
ASTS,2028-01-21,180.0,7.25,10655,10,86.98743481445312,486,63.689998626708984,7.35,8.15,2026-09-22 15:07:48,🔭LEAPS,HOLD,1
IONQ,2026-12-18,105.0,0.22,1758,10,98.53517089843751,87,40.7400016784668,0.1,0.49,2026-09-10 16:10:19,🚬菸屁股,HOLD,1
UPST,2027-01-15,135.0,0.02,6778,10,103.90673046875003,115,25.969999313354492,0.01,0.04,2026-09-22 16:58:03,🚬菸屁股,HOLD,1
DKNG,2026-12-18,38.0,0.16,1134,10,65.03941210937501,87,21.799999237060547,0.05,0.25,2026-09-22 13:52:23,🚬菸屁股,HOLD,1
DKNG,2026-12-18,45.0,0.05,1691,10,69.5315546875,87,21.799999237060547,0.0,0.13,2026-09-22 16:46:35,🆕低基期(前日Vol2) 🚬菸屁股,HOLD,1
DKNG,2028-01-21,22.5,6.18,761,10,67.76155285644532,486,21.799999237060547,6.05,6.75,2026-09-22 19:54:40,🆕低基期(前日Vol3) 🔭LEAPS,HOLD,1
U,2028-01-21,50.0,10.95,2118,10,68.0362083129883,486,43.11000061035156,10.45,11.6,2026-09-22 18:14:10,🔭LEAPS,HOLD,1
PATH,2027-02-19,25.0,0.3,895,10,72.07059179687501,150,13.25,0.23,0.42,2026-09-22 19:02:45,🆕低基期(前日Vol1) 🚬菸屁股,HOLD,1
HOOD,2026-10-16,170.0,0.53,995,10,70.36162451171876,24,124.25,0.44,0.53,2026-09-22 19:38:10,🚬菸屁股,HOLD,1
HOOD,2026-10-16,200.0,0.12,1091,10,80.85956640625,24,124.25,0.12,0.16,2026-09-22 19:45:49,🚬菸屁股,HOLD,1
HOOD,2026-12-18,280.0,0.4,1132,10,78.4181845703125,87,124.25,0.34,0.55,2026-09-22 19:24:38,🆕低基期(前日Vol1) 🚬菸屁股,HOLD,1
ZM,2028-01-21,135.0,7.6,919,10,47.70254934692383,486,90.94999694824219,7.5,8.3,2026-09-22 16:15:58,🆕低基期(前日Vol3) 🔭LEAPS,HOLD,1
OPEN,2027-02-19,10.0,0.06,1481,10,114.84417578124999,150,2.759999990463257,0.03,0.09,2026-09-22 18:53:49,🚬菸屁股,HOLD,1
NTLA,2027-01-15,25.0,0.15,1892,10,70.50810742187501,115,12.6899995803833,0.0,0.25,2026-09-22 16:28:19,🆕低基期(前日Vol1) 🚬菸屁股,HOLD,1
HIMS,2028-01-21,60.0,5.75,3677,10,84.19205261230469,486,30.43000030517578,5.05,6.1,2026-09-22 19:54:59,🔭LEAPS,HOLD,1
KTOS,2027-01-15,110.0,0.3,874,10,81.34784277343749,115,46.970001220703125,0.2,0.6,2026-09-11 16:08:25,🚬菸屁股,HOLD,1
JOBY,2026-11-20,13.0,0.02,2549,10,88.2813671875,59,6.440000057220459,0.01,0.05,2026-09-22 13:40:28,🚬菸屁股,HOLD,1
JOBY,2027-01-15,17.0,0.06,6132,10,86.7188828125,115,6.440000057220459,0.03,0.06,2026-09-22 15:06:20,🚬菸屁股,HOLD,1
JOBY,2027-01-15,25.0,0.02,3089,10,96.87503124999999,115,6.440000057220459,0.0,0.03,2026-09-21 16:50:02,🚬菸屁股,HOLD,1
PCG,2027-01-15,23.0,0.12,5247,10,59.766027343750004,115,12.880000114440918,0.05,0.15,2026-09-15 16:32:57,🚬菸屁股,HOLD,1
PCG,2028-01-21,22.0,0.6,10369,10,51.90477783203124,486,12.880000114440918,0.4,1.0,2026-09-22 13:47:51,🆕低基期(前日Vol1) 🔭LEAPS,HOLD,1
NKE,2026-12-18,140.0,0.02,2228,10,96.0937890625,87,36.099998474121094,0.01,0.03,2026-09-22 14:23:52,🚬菸屁股,HOLD,1
KHC,2026-12-18,45.0,0.02,2215,10,76.367423828125,87,24.0,0.0,0.47,2026-07-13 15:28:41,🚬菸屁股,HOLD,1
KHC,2027-01-15,40.0,0.02,3664,10,43.35994140625,115,24.0,0.02,0.05,2026-09-15 13:40:14,🚬菸屁股,HOLD,1
KVUE,2027-01-15,27.0,0.01,18323,10,53.12546875,115,17.860000610351562,0.0,0.25,2026-09-14 19:49:25,🚬菸屁股,HOLD,1
KVUE,2028-01-21,35.0,0.03,1809,10,34.32682861328124,486,17.860000610351562,0.01,0.18,2026-09-10 19:40:40,🔭LEAPS,HOLD,1
MS,2026-10-16,260.0,0.06,1013,10,50.48877636718749,24,200.17999267578125,0.03,0.27,2026-09-22 17:21:54,🆕低基期(前日Vol1) 🚬菸屁股,HOLD,1
BE,2026-10-16,480.0,0.22,1742,10,85.4493642578125,24,276.5299987792969,0.03,0.33,2026-09-22 18:06:21,🆕低基期(前日Vol3) 🚬菸屁股,HOLD,1
GOOGL,2026-12-18,515.0,0.67,1054,10,40.7232490234375,87,351.1600036621094,0.39,0.9,2026-09-22 16:36:02,🆕低基期(前日Vol2) 🚬菸屁股,HOLD,1
GOOGL,2028-06-16,800.0,5.95,943,10,40.15257601928711,633,351.1600036621094,5.75,7.05,2026-09-18 19:50:35,🔭LEAPS,HOLD,1
BAC,2026-11-20,75.0,0.02,4963,10,32.227240234374996,59,56.20000076293945,0.0,0.04,2026-09-22 13:55:03,🚬菸屁股,HOLD,1
BAC,2026-12-18,75.0,0.05,2446,10,32.32489550781249,87,56.20000076293945,0.03,0.14,2026-09-18 17:13:04,🚬菸屁股,HOLD,1
NEE,2027-01-15,97.5,0.25,924,10,23.75564526367187,115,79.26000213623047,0.2,0.31,2026-09-22 16:15:39,🆕低基期(前日Vol3) 🚬菸屁股,HOLD,1
CHPT,2027-01-15,15.0,0.85,1531,10,82.226740234375,115,9.850000381469727,0.25,0.85,2026-09-21 14:06:36,🚬菸屁股,HOLD,1
SEDG,2026-12-18,77.5,0.54,6023,10,96.3867548828125,87,36.08000183105469,0.18,0.92,2026-08-27 16:33:56,🚬菸屁股,HOLD,1
COIN,2027-01-15,880.0,0.18,13634,9,94.6289599609375,115,201.07000732421875,0.15,0.22,2026-09-22 16:43:10,🚬菸屁股,HOLD,1
SMCI,2028-01-21,70.0,8.4,2348,9,82.42205078125,486,41.540000915527344,8.75,9.0,2026-09-22 15:26:43,🔭LEAPS,HOLD,1
OKLO,2027-01-15,105.0,0.55,10965,9,95.41020214843749,115,40.45000076293945,0.47,0.57,2026-09-22 19:43:22,🚬菸屁股,HOLD,1
ASTS,2026-10-16,190.0,0.01,2395,9,134.37532812499998,24,63.689998626708984,0.0,0.02,2026-09-22 16:49:26,🆕低基期(前日Vol2) 🚬菸屁股,HOLD,1
IONQ,2026-10-16,70.0,0.06,2835,9,98.82813671875,24,40.7400016784668,0.06,0.12,2026-09-22 19:51:39,🚬菸屁股,HOLD,1
UPST,2026-10-16,50.0,0.02,2324,9,103.12548437500001,24,25.969999313354492,0.0,0.05,2026-09-22 19:31:27,🆕低基期(前日Vol2) 🚬菸屁股,HOLD,1
UPST,2028-01-21,35.0,6.55,1373,9,77.44163183593751,486,25.969999313354492,6.35,6.75,2026-09-22 16:51:02,🔭LEAPS,HOLD,1
IREN,2026-12-18,110.0,0.7,3936,9,100.63526245117185,87,48.54999923706055,0.67,0.77,2026-09-22 18:42:12,🚬菸屁股,HOLD,1
PATH,2026-10-02,16.0,0.08,869,9,79.687703125,10,13.25,0.05,0.11,2026-09-22 19:16:23,🚬菸屁股,HOLD,1
HOOD,2028-01-21,290.0,11.8,15373,9,71.14897015380859,486,124.25,11.2,12.0,2026-09-22 19:45:21,🔭LEAPS,HOLD,1
PACB,2027-01-15,1.5,0.28,8856,9,110.9379453125,115,1.4700000286102295,0.25,0.45,2026-09-22 19:09:30,🚬菸屁股,HOLD,1
HIMS,2028-01-21,45.0,8.11,1200,9,85.35170898437501,486,30.43000030517578,6.85,9.1,2026-09-22 19:50:35,🔭LEAPS,HOLD,1
ONDS,2026-12-18,20.0,0.06,6914,9,111.328568359375,87,7.71999979019165,0.02,0.2,2026-09-22 18:14:09,🚬菸屁股,HOLD,1
LUNR,2028-01-21,30.0,4.35,1069,9,97.90041162109377,486,16.239999771118164,4.1,4.4,2026-09-22 19:22:21,🔭LEAPS,HOLD,1
JOBY,2026-11-20,17.0,0.01,1210,9,103.12548437500001,59,6.440000057220459,0.0,0.03,2026-09-21 18:44:36,🚬菸屁股,HOLD,1
ACHR,2027-01-15,25.0,0.03,23364,9,120.3128984375,115,5.690000057220459,0.01,0.07,2026-09-22 19:35:05,🚬菸屁股,HOLD,1
SMR,2026-11-20,14.0,0.25,2296,9,95.11723632812499,59,8.890000343322754,0.22,0.28,2026-09-22 19:08:44,🚬菸屁股,HOLD,1
SMR,2027-01-15,30.0,0.1,5682,9,112.5004375,115,8.890000343322754,0.06,0.15,2026-09-22 18:30:59,🚬菸屁股,HOLD,1
CRWV,2027-01-15,230.0,0.68,6297,9,88.03722900390623,115,86.76000213623047,0.55,0.73,2026-09-22 19:01:34,🆕低基期(前日Vol2) 🚬菸屁股,HOLD,1
NKE,2027-01-15,115.0,0.06,1154,9,84.76577734374999,115,36.099998474121094,0.02,0.13,2026-09-21 17:29:24,🚬菸屁股,HOLD,1
NKE,2027-01-15,125.0,0.02,3231,9,79.687703125,115,36.099998474121094,0.01,0.04,2026-09-22 16:28:06,🚬菸屁股,HOLD,1
KVUE,2026-11-20,19.0,0.25,883,9,28.223374023437497,59,17.860000610351562,0.05,0.39,2026-09-22 17:54:26,🚬菸屁股,HOLD,1
GOOGL,2026-10-16,520.0,0.05,3681,9,57.42230078125,24,351.1600036621094,0.03,0.15,2026-09-22 19:08:13,🆕低基期(前日Vol1) 🚬菸屁股,HOLD,1
GOOGL,2027-01-15,580.0,0.47,1600,9,41.5044912109375,115,351.1600036621094,0.41,0.6,2026-09-22 19:43:39,🚬菸屁股,HOLD,1
NEE,2026-11-20,87.5,0.6,822,9,23.82888671875,59,79.26000213623047,0.5,0.64,2026-09-22 15:41:16,🚬菸屁股,HOLD,1
TSLA,2028-01-21,940.0,11.0,5098,8,53.27195166015625,486,378.8999938964844,10.8,11.15,2026-09-22 19:54:52,🆕低基期(前日Vol2) 🔭LEAPS,HOLD,1
NVDA,2026-12-18,450.0,0.04,7261,8,50.6840869140625,87,228.8699951171875,0.01,0.08,2026-09-22 13:43:18,🆕低基期(前日Vol3) 🚬菸屁股,HOLD,1
OKLO,2026-12-18,120.0,0.21,3600,8,108.203583984375,87,40.45000076293945,0.15,0.39,2026-09-18 15:30:54,🚬菸屁股,HOLD,1
OKLO,2026-12-18,165.0,0.12,3552,8,123.43788281249999,87,40.45000076293945,0.07,0.26,2026-09-22 14:22:05,🚬菸屁股,HOLD,1
IONQ,2028-01-21,140.0,3.05,1197,8,83.52067260742186,486,40.7400016784668,2.8,3.6,2026-09-22 19:39:53,🔭LEAPS,HOLD,1
UPST,2027-01-15,55.0,0.23,1354,8,72.6565234375,115,25.969999313354492,0.03,0.37,2026-09-22 15:56:52,🚬菸屁股,HOLD,1
UPST,2027-01-15,90.0,0.08,1380,8,111.23091259765626,115,25.969999313354492,0.0,0.52,2026-09-14 16:50:46,🚬菸屁股,HOLD,1
UPST,2028-01-21,40.0,5.54,2299,8,77.47825256347657,486,25.969999313354492,4.9,6.25,2026-09-22 17:30:44,🔭LEAPS,HOLD,1
SOFI,2026-12-18,37.0,0.06,2498,8,73.82838671875,87,17.15999984741211,0.05,0.06,2026-09-21 19:02:04,🚬菸屁股,HOLD,1
DKNG,2026-12-18,33.0,0.43,2090,8,63.574583007812514,87,21.799999237060547,0.3,0.41,2026-09-22 14:26:30,🚬菸屁股,HOLD,1
U,2026-11-20,60.0,0.71,821,8,65.57651611328126,59,43.11000061035156,0.58,0.8,2026-09-22 18:41:35,🚬菸屁股,HOLD,1
HOOD,2026-10-16,190.0,0.21,940,8,76.95335546875,24,124.25,0.17,0.22,2026-09-21 19:50:27,🚬菸屁股,HOLD,1
TDOC,2027-01-15,25.0,0.08,2845,8,125.39099804687498,115,6.349999904632568,0.01,0.16,2026-09-22 14:59:33,🚬菸屁股,HOLD,1
XYZ,2026-11-20,100.0,0.81,1427,8,51.22119091796875,59,77.52999877929688,0.71,0.97,2026-09-22 17:38:00,🚬菸屁股,HOLD,1
XYZ,2027-01-15,130.0,0.29,1499,8,51.19677709960937,115,77.52999877929688,0.17,0.42,2026-09-18 17:34:00,🚬菸屁股,HOLD,1
OPEN,2027-02-19,6.0,0.15,1296,8,105.078599609375,150,2.759999990463257,0.14,0.19,2026-09-22 19:07:21,🚬菸屁股,HOLD,1
PACB,2028-01-21,5.0,0.24,1376,8,98.437515625,486,1.4700000286102295,0.05,0.35,2026-09-22 15:18:47,🔭LEAPS,HOLD,1
ONDS,2027-01-15,25.0,0.05,16623,8,102.34423828125001,115,7.71999979019165,0.04,0.08,2026-09-22 16:49:52,🚬菸屁股,HOLD,1
ONDS,2028-01-21,22.0,1.0,1128,8,90.57626611328125,486,7.71999979019165,0.97,1.11,2026-09-22 19:23:52,🔭LEAPS,HOLD,1
LUNR,2028-01-21,50.0,2.47,1242,8,96.87503124999999,486,16.239999771118164,2.27,2.5,2026-09-22 19:34:45,🔭LEAPS,HOLD,1
ACHR,2028-01-21,27.0,0.34,16492,8,90.039162109375,486,5.690000057220459,0.31,0.38,2026-09-22 17:19:38,🔭LEAPS,HOLD,1
SMR,2026-11-20,25.0,0.03,4979,8,124.60975195312498,59,8.890000343322754,0.01,0.1,2026-09-21 17:11:08,🚬菸屁股,HOLD,1
NNE,2026-10-16,25.0,0.1,782,8,81.2501875,24,17.31999969482422,0.05,0.1,2026-09-22 19:10:06,🚬菸屁股,HOLD,1
NKE,2026-12-18,150.0,0.01,12612,8,93.7500625,87,36.099998474121094,0.0,0.02,2026-09-22 14:04:35,🚬菸屁股,HOLD,1
NKE,2027-01-15,87.5,0.05,2613,8,66.79720703125001,115,36.099998474121094,0.0,0.13,2026-09-21 14:47:58,🚬菸屁股,HOLD,1
NKE,2028-01-21,100.0,0.41,11714,8,48.97511962890626,486,36.099998474121094,0.4,0.47,2026-09-22 19:56:35,🔭LEAPS,HOLD,1
NKE,2028-01-21,110.0,0.31,12828,8,49.26808544921876,486,36.099998474121094,0.3,0.33,2026-09-22 19:19:28,🔭LEAPS,HOLD,1
KHC,2026-12-18,35.0,0.03,1201,8,38.867798828125,87,24.0,0.02,0.05,2026-09-22 18:44:53,🚬菸屁股,HOLD,1
KVUE,2027-01-15,22.0,0.05,4704,8,25.977302734375,115,17.860000610351562,0.0,0.1,2026-09-21 14:55:14,🚬菸屁股,HOLD,1
KVUE,2028-01-21,20.0,1.0,1681,8,24.414818359375,486,17.860000610351562,0.78,1.22,2026-09-22 14:50:57,🆕低基期(前日Vol1) 🔭LEAPS,HOLD,1
WMB,2027-01-15,90.0,0.54,1108,8,30.86006640625,115,70.9800033569336,0.4,0.55,2026-09-22 14:58:42,🆕低基期(前日Vol1) 🚬菸屁股,HOLD,1
AMZN,2027-01-15,370.0,0.91,7828,8,37.586073364257814,115,254.97999572753906,0.85,1.03,2026-09-22 19:43:25,🚬菸屁股,HOLD,1
GOOGL,2026-10-02,460.0,0.05,1011,8,58.5941640625,10,351.1600036621094,0.01,0.09,2026-09-21 18:16:30,🚬菸屁股,HOLD,1
BAC,2026-10-02,64.0,0.02,3226,8,36.7193828125,10,56.20000076293945,0.0,0.03,2026-09-21 18:12:54,🚬菸屁股,HOLD,1
NEE,2026-12-18,97.5,0.12,3095,8,25.147232910156248,87,79.26000213623047,0.12,0.21,2026-09-22 18:23:42,🚬菸屁股,HOLD,1
NEE,2027-01-15,110.0,0.11,2199,8,28.321029296874993,115,79.26000213623047,0.05,0.11,2026-09-22 17:03:50,🚬菸屁股,HOLD,1
NVDA,2028-06-16,250.0,46.65,5291,7,45.60448683166504,633,228.8699951171875,45.75,46.6,2026-09-22 19:43:40,🔭LEAPS,HOLD,1
IBIT,2028-01-21,62.0,5.25,5609,7,50.06153454589843,486,48.83000183105469,6.75,7.05,2026-09-14 13:58:34,🔭LEAPS,HOLD,1
VST,2026-11-20,200.0,0.66,770,7,51.465329101562496,59,140.41000366210938,0.55,0.74,2026-09-22 19:54:21,🚬菸屁股,HOLD,1
RKLB,2026-10-16,125.0,0.11,5513,7,95.312546875,24,71.9800033569336,0.06,0.16,2026-09-22 19:33:56,🚬菸屁股,HOLD,1
ASTS,2027-01-15,185.0,0.62,1231,7,97.31447998046875,115,63.689998626708984,0.4,0.74,2026-09-22 18:43:24,🚬菸屁股,HOLD,1
ASTS,2028-01-21,175.0,8.3,1225,7,87.39636627197265,486,63.689998626708984,7.75,8.6,2026-09-22 19:50:36,🔭LEAPS,HOLD,1
UPST,2027-01-15,125.0,0.01,1796,7,110.9379453125,115,25.969999313354492,0.01,0.12,2026-09-21 19:47:44,🚬菸屁股,HOLD,1
DKNG,2026-12-18,40.0,0.1,4492,7,65.23472265625001,87,21.799999237060547,0.09,0.12,2026-09-22 15:48:01,🚬菸屁股,HOLD,1
IREN,2028-01-21,90.0,11.0,9173,7,92.35847485351563,486,48.54999923706055,10.95,11.9,2026-09-22 16:26:41,🔭LEAPS,HOLD,1
HOOD,2026-11-20,230.0,0.52,7147,7,79.0041162109375,59,124.25,0.53,0.59,2026-09-22 18:45:07,🚬菸屁股,HOLD,1
XYZ,2026-10-16,90.0,0.26,1113,7,40.820904296875,24,77.52999877929688,0.22,0.33,2026-09-22 16:28:38,🚬菸屁股,HOLD,1
OPEN,2028-01-21,17.0,3.4,861,7,50.0005,486,2.759999990463257,0.0,0.0,2025-11-17 15:54:10,🔭LEAPS,HOLD,1
PACB,2027-01-15,3.0,0.02,2444,7,81.2501875,115,1.4700000286102295,0.0,0.05,2026-09-22 19:54:25,🆕低基期(前日Vol2) 🚬菸屁股,HOLD,1
HIMS,2028-01-21,75.0,3.6,1578,7,87.30481445312499,486,30.43000030517578,4.05,5.0,2026-09-18 15:28:40,🔭LEAPS,HOLD,1
ONDS,2028-01-21,27.0,0.79,12344,7,91.3086806640625,486,7.71999979019165,0.72,0.88,2026-09-22 17:36:26,🔭LEAPS,HOLD,1
LUNR,2027-01-15,40.0,0.27,4668,7,96.87503124999999,115,16.239999771118164,0.2,0.36,2026-09-22 19:29:15,🚬菸屁股,HOLD,1
ACHR,2027-01-15,22.0,0.06,7400,7,112.5004375,115,5.690000057220459,0.02,0.06,2026-09-22 18:46:27,🚬菸屁股,HOLD,1
ACHR,2028-01-21,25.0,0.37,1823,7,89.257919921875,486,5.690000057220459,0.35,0.41,2026-09-22 18:30:36,🔭LEAPS,HOLD,1
NNE,2026-10-16,40.0,0.03,1167,7,133.59408203124997,24,17.31999969482422,0.0,0.05,2026-09-21 18:14:51,🚬菸屁股,HOLD,1
CRWV,2026-10-16,175.0,0.06,2873,7,104.68797656250001,24,86.76000213623047,0.01,0.1,2026-09-21 17:59:41,🚬菸屁股,HOLD,1
PCG,2028-01-21,10.0,4.25,2336,7,54.834436035156266,486,12.880000114440918,4.05,4.95,2026-09-22 17:46:21,🔭LEAPS,HOLD,1
NKE,2026-11-20,57.5,0.1,973,7,55.859816406250005,59,36.099998474121094,0.05,0.1,2026-09-21 19:33:09,🚬菸屁股,HOLD,1
NKE,2027-01-15,72.5,0.08,2005,7,60.15664843750002,115,36.099998474121094,0.07,0.18,2026-09-22 16:26:46,🆕低基期(前日Vol2) 🚬菸屁股,HOLD,1
NKE,2028-06-16,45.0,5.3,878,7,47.742221801757815,633,36.099998474121094,5.1,6.15,2026-09-22 19:26:00,🔭LEAPS,HOLD,1
WMB,2026-11-20,85.0,0.45,2124,7,32.471378417968744,59,70.9800033569336,0.3,0.4,2026-09-22 15:43:15,🚬菸屁股,HOLD,1
META,2026-10-16,1220.0,0.04,3153,7,65.03941210937501,24,736.594970703125,0.01,0.13,2026-09-22 19:01:59,🚬菸屁股,HOLD,1
META,2026-10-16,1230.0,0.04,1284,7,66.01596484375001,24,736.594970703125,0.01,0.13,2026-09-22 19:46:59,🚬菸屁股,HOLD,1
BE,2026-10-16,500.0,0.13,1200,7,90.52743847656251,24,276.5299987792969,0.05,0.3,2026-09-22 18:59:54,🆕低基期(前日Vol1) 🚬菸屁股,HOLD,1
GOOGL,2026-10-16,445.0,0.22,1103,7,41.699801757812494,24,351.1600036621094,0.11,0.23,2026-09-22 14:35:45,🚬菸屁股,HOLD,1
GOOGL,2026-11-20,600.0,0.08,1187,7,53.56491748046876,59,351.1600036621094,0.01,0.22,2026-09-18 19:55:51,🚬菸屁股,HOLD,1
BAC,2028-01-21,57.5,7.37,820,7,30.81734222412109,486,56.20000076293945,7.05,7.4,2026-09-22 19:10:05,🆕低基期(前日Vol1) 🔭LEAPS,HOLD,1
TSLA,2026-11-20,700.0,0.31,17552,6,62.25623681640625,59,378.8999938964844,0.3,0.34,2026-09-22 16:48:40,🚬菸屁股,HOLD,1
MSTR,2027-01-15,1000.0,0.25,5065,6,114.84417578124999,115,167.3300018310547,0.16,0.28,2026-09-22 18:44:10,🚬菸屁股,HOLD,1
IBIT,2028-01-21,85.0,2.56,14993,6,50.50098327636719,486,48.83000183105469,3.15,3.35,2026-09-18 19:05:11,🔭LEAPS,HOLD,1
OKLO,2026-11-20,90.0,0.28,1597,6,103.12548437500001,59,40.45000076293945,0.23,0.3,2026-09-22 17:01:08,🚬菸屁股,HOLD,1
ASTS,2026-10-16,175.0,0.02,2429,6,135.93782031249998,24,63.689998626708984,0.0,0.05,2026-09-22 17:10:08,🆕低基期(前日Vol1) 🚬菸屁股,HOLD,1
ASTS,2026-10-16,180.0,0.01,1275,6,121.875390625,24,63.689998626708984,0.0,0.01,2026-09-22 19:56:44,🚬菸屁股,HOLD,1
ASTS,2026-11-20,190.0,0.13,2298,6,109.76607617187501,59,63.689998626708984,0.07,0.15,2026-09-22 19:58:21,🚬菸屁股,HOLD,1
IONQ,2026-10-16,65.0,0.09,1617,6,85.937640625,24,40.7400016784668,0.05,0.11,2026-09-22 19:51:39,🚬菸屁股,HOLD,1
IONQ,2026-10-16,80.0,0.05,1533,6,109.375453125,24,40.7400016784668,0.01,0.09,2026-09-22 15:28:33,🆕低基期(前日Vol2) 🚬菸屁股,HOLD,1
IONQ,2026-11-20,120.0,0.08,2372,6,113.47699511718751,59,40.7400016784668,0.0,0.2,2026-09-17 14:04:18,🚬菸屁股,HOLD,1
IONQ,2027-01-15,120.0,0.27,3904,6,94.43364941406249,115,40.7400016784668,0.18,0.39,2026-09-21 15:56:43,🚬菸屁股,HOLD,1
IONQ,2028-01-21,80.0,6.8,1929,6,81.03046313476561,486,40.7400016784668,6.4,7.45,2026-09-22 14:38:15,🔭LEAPS,HOLD,1
UPST,2026-10-16,35.0,0.07,1304,6,63.281617187500004,24,25.969999313354492,0.04,0.1,2026-09-22 17:28:14,🚬菸屁股,HOLD,1
UPST,2027-01-15,62.5,0.15,843,6,78.9064609375,115,25.969999313354492,0.05,0.27,2026-09-18 18:06:42,🚬菸屁股,HOLD,1
UPST,2028-01-21,50.0,4.15,2815,6,76.63597583007812,486,25.969999313354492,3.8,4.25,2026-09-22 19:54:05,🔭LEAPS,HOLD,1
SOFI,2028-01-21,45.0,0.93,4618,6,64.79527392578125,486,17.15999984741211,0.89,0.96,2026-09-22 18:43:09,🔭LEAPS,HOLD,1
SOFI,2028-06-16,8.0,10.65,3103,6,77.49045947265626,633,17.15999984741211,10.4,10.85,2026-09-22 18:12:32,🔭LEAPS,HOLD,1
DKNG,2026-12-18,70.0,0.01,6410,6,78.12521875,87,21.799999237060547,0.0,0.01,2026-09-22 19:51:24,🆕低基期(前日Vol1) 🚬菸屁股,HOLD,1
IREN,2027-01-15,120.0,0.96,1047,6,99.023447265625,115,48.54999923706055,0.8,1.03,2026-09-22 15:21:09,🚬菸屁股,HOLD,1
PATH,2027-01-15,25.0,0.22,13427,6,77.929908203125,115,13.25,0.15,0.37,2026-09-22 19:28:01,🚬菸屁股,HOLD,1
PATH,2027-01-15,27.0,0.17,4940,6,79.101771484375,115,13.25,0.09,0.3,2026-09-21 19:34:00,🚬菸屁股,HOLD,1
TDOC,2028-01-21,3.0,4.05,2351,6,84.0821904296875,486,6.349999904632568,3.25,4.45,2026-09-15 16:16:44,🔭LEAPS,HOLD,1
BEAM,2028-01-21,50.0,2.8,1971,6,74.34107690429687,486,25.93000030517578,2.0,5.5,2026-09-17 14:56:14,🔭LEAPS,HOLD,1
PACB,2028-01-21,1.0,0.9,792,6,141.40654296875002,486,1.4700000286102295,0.6,1.35,2026-09-22 18:51:37,🔭LEAPS,HOLD,1
ONDS,2028-01-21,2.0,5.8,1673,6,104.68797656250001,486,7.71999979019165,5.7,6.3,2026-09-22 18:10:28,🔭LEAPS,HOLD,1
LUNR,2027-01-15,27.0,0.85,1747,6,92.52937158203125,115,16.239999771118164,0.82,1.05,2026-09-22 15:49:51,🚬菸屁股,HOLD,1
LUNR,2028-01-21,12.0,8.42,761,6,94.43364941406249,486,16.239999771118164,7.4,8.95,2026-09-22 19:38:18,🔭LEAPS,HOLD,1
LUNR,2028-01-21,40.0,2.79,3891,6,98.29103271484375,486,16.239999771118164,2.8,3.6,2026-09-22 19:15:01,🔭LEAPS,HOLD,1
SMR,2026-10-16,14.0,0.05,948,6,98.437515625,24,8.890000343322754,0.03,0.06,2026-09-22 17:35:44,🚬菸屁股,HOLD,1
SMR,2027-01-15,18.0,0.25,1000,6,97.070341796875,115,8.890000343322754,0.26,0.37,2026-09-22 14:06:57,🚬菸屁股,HOLD,1
SMR,2028-01-21,80.0,0.32,847,6,105.2739111328125,486,8.890000343322754,0.24,0.55,2026-09-22 14:15:59,🔭LEAPS,HOLD,1
NNE,2027-01-15,35.0,0.3,1006,6,82.81267187499999,115,17.31999969482422,0.25,0.4,2026-09-22 19:19:32,🆕低基期(前日Vol1) 🚬菸屁股,HOLD,1
NNE,2027-01-15,40.0,0.3,2425,6,82.81267187499999,115,17.31999969482422,0.05,0.3,2026-09-22 14:11:54,🚬菸屁股,HOLD,1
NNE,2027-01-15,42.0,0.15,849,6,88.476677734375,115,17.31999969482422,0.05,0.35,2026-09-15 19:53:21,🚬菸屁股,HOLD,1
CRWV,2026-11-20,180.0,0.5,999,6,93.70123486328124,59,86.76000213623047,0.45,0.53,2026-09-21 16:48:05,🚬菸屁股,HOLD,1
CRWV,2026-11-20,200.0,0.31,4996,6,96.5820654296875,59,86.76000213623047,0.24,0.36,2026-09-22 13:43:15,🚬菸屁股,HOLD,1
PCG,2026-10-02,14.5,0.03,1179,6,50.7817421875,10,12.880000114440918,0.02,0.05,2026-09-22 18:03:47,🚬菸屁股,HOLD,1
NKE,2026-12-18,82.5,0.04,960,6,69.92217578125,87,36.099998474121094,0.01,0.09,2026-09-22 16:03:05,🚬菸屁股,HOLD,1
NKE,2028-01-21,62.5,1.79,860,6,44.77594287109375,486,36.099998474121094,1.58,1.78,2026-09-22 13:30:01,🔭LEAPS,HOLD,1
KHC,2026-12-18,32.5,0.05,816,6,32.617861328124995,87,24.0,0.02,0.05,2026-09-22 13:39:40,🚬菸屁股,HOLD,1
KVUE,2026-12-18,22.0,0.08,984,6,29.785858398437494,87,17.860000610351562,0.0,0.1,2026-09-21 17:22:14,🚬菸屁股,HOLD,1
KVUE,2027-01-15,35.0,0.07,961,6,78.2228740234375,115,17.860000610351562,0.0,0.6,2026-06-30 16:47:26,🚬菸屁股,HOLD,1
AMZN,2026-10-16,410.0,0.01,3237,6,79.0041162109375,24,254.97999572753906,0.0,0.49,2026-09-21 15:49:58,🚬菸屁股,HOLD,1
GOOGL,2026-12-18,620.0,0.17,845,6,47.21732470703125,87,351.1600036621094,0.09,0.25,2026-09-22 14:58:03,🚬菸屁股,HOLD,1
BAC,2026-10-16,72.5,0.02,763,6,44.92242578125,24,56.20000076293945,0.0,0.04,2026-09-17 17:36:17,🚬菸屁股,HOLD,1
NEE,2027-01-15,92.5,0.57,4025,6,24.683370361328127,115,79.26000213623047,0.49,0.8,2026-09-22 18:15:37,🚬菸屁股,HOLD,1
NEE,2027-01-15,105.0,0.1,4803,6,30.02999658203125,115,79.26000213623047,0.05,0.31,2026-09-21 18:40:42,🚬菸屁股,HOLD,1
NEE,2027-01-15,120.0,0.05,3547,6,39.942006835937505,115,79.26000213623047,0.02,0.28,2026-09-22 19:25:36,🚬菸屁股,HOLD,1
NVDA,2026-10-16,400.0,0.01,8301,5,62.500375000000005,24,228.8699951171875,0.0,0.01,2026-09-18 15:21:05,🚬菸屁股,HOLD,1
IBIT,2028-01-21,96.0,2.43,10602,5,50.67188000488281,486,48.83000183105469,2.32,2.47,2026-09-22 18:34:20,🆕低基期(前日Vol1) 🔭LEAPS,HOLD,1
IBIT,2028-06-16,40.0,18.19,6296,5,57.812921875,633,48.83000183105469,17.65,18.4,2026-09-22 18:28:59,🔭LEAPS,HOLD,1
IBIT,2028-06-16,65.0,8.5,6584,5,51.98412274169921,633,48.83000183105469,8.25,8.6,2026-09-22 15:43:51,🔭LEAPS,HOLD,1
SMCI,2026-12-18,96.0,0.38,997,5,94.726615234375,87,41.540000915527344,0.39,0.43,2026-09-04 14:01:28,🚬菸屁股,HOLD,1
SMCI,2027-01-15,85.0,0.87,3539,5,87.10950390625,115,41.540000915527344,0.89,0.95,2026-09-22 18:26:47,🚬菸屁股,HOLD,1
SMCI,2028-01-21,55.0,11.37,1444,5,83.15446533203124,486,41.540000915527344,11.65,11.9,2026-09-22 14:34:04,🔭LEAPS,HOLD,1
IONQ,2026-12-18,90.0,0.37,3031,5,88.18371191406248,87,40.7400016784668,0.05,0.63,2026-09-22 18:35:27,🚬菸屁股,HOLD,1
IONQ,2028-01-21,70.0,7.95,1492,5,81.73846386718748,486,40.7400016784668,7.6,9.15,2026-09-22 17:50:12,🔭LEAPS,HOLD,1
SOFI,2026-12-18,42.0,0.04,8521,5,79.687703125,87,17.15999984741211,0.03,0.05,2026-09-22 14:57:25,🆕低基期(前日Vol2) 🚬菸屁股,HOLD,1
SOFI,2028-06-16,23.0,4.0,7360,5,63.623410644531255,633,17.15999984741211,3.9,4.05,2026-09-22 18:16:25,🔭LEAPS,HOLD,1
DKNG,2028-01-21,25.0,5.7,4192,5,67.2122419433594,486,21.799999237060547,5.0,6.15,2026-09-22 19:54:36,🔭LEAPS,HOLD,1
IREN,2028-01-21,115.0,8.65,1900,5,92.773509765625,486,48.54999923706055,8.3,9.25,2026-09-22 19:29:42,🆕低基期(前日Vol1) 🔭LEAPS,HOLD,1
U,2028-01-21,75.0,5.6,4984,5,65.28355029296876,486,43.11000061035156,5.2,5.9,2026-09-22 17:17:42,🔭LEAPS,HOLD,1
PATH,2027-01-15,22.0,0.38,7508,5,74.5119736328125,115,13.25,0.3,0.48,2026-09-22 18:24:19,🆕低基期(前日Vol1) 🚬菸屁股,HOLD,1
PATH,2027-01-15,30.0,0.1,22171,5,85.54701953125,115,13.25,0.1,0.25,2026-09-22 19:35:16,🚬菸屁股,HOLD,1
TDOC,2027-01-15,22.5,0.05,4416,5,130.46909765624997,115,6.349999904632568,0.0,0.29,2026-09-18 17:58:45,🚬菸屁股,HOLD,1
TDOC,2028-01-21,17.0,0.44,1203,5,69.72686523437501,486,6.349999904632568,0.34,0.51,2026-09-21 15:33:34,🔭LEAPS,HOLD,1
ZM,2026-12-18,140.0,0.83,1070,5,51.95360546875,87,90.94999694824219,0.25,0.82,2026-09-11 15:17:51,🚬菸屁股,HOLD,1
HIMS,2028-01-21,90.0,3.47,4202,5,87.70764245605469,486,30.43000030517578,3.15,3.95,2026-09-22 19:56:38,🆕低基期(前日Vol2) 🔭LEAPS,HOLD,1
ONDS,2027-01-15,27.0,0.06,7165,5,103.12548437500001,115,7.71999979019165,0.03,0.06,2026-09-21 17:13:26,🚬菸屁股,HOLD,1
LUNR,2028-01-21,10.0,9.3,1086,5,98.242205078125,486,16.239999771118164,8.85,9.55,2026-09-22 19:55:24,🔭LEAPS,HOLD,1
JOBY,2027-01-15,35.0,0.02,2447,5,117.1879140625,115,6.440000057220459,0.0,0.03,2026-09-18 18:34:45,🚬菸屁股,HOLD,1
JOBY,2028-01-21,25.0,0.35,3848,5,80.4689453125,486,6.440000057220459,0.31,0.39,2026-09-22 14:08:39,🔭LEAPS,HOLD,1
ACHR,2027-01-15,11.0,0.13,3873,5,84.37515624999999,115,5.690000057220459,0.1,0.18,2026-09-22 17:39:47,🚬菸屁股,HOLD,1
ACHR,2028-01-21,2.0,4.0,1039,5,92.38288867187501,486,5.690000057220459,3.8,4.15,2026-09-22 19:04:24,🔭LEAPS,HOLD,1
ACHR,2028-01-21,22.0,0.43,1357,5,82.12908496093749,486,5.690000057220459,0.2,0.48,2026-09-22 18:17:36,🔭LEAPS,HOLD,1
SMR,2027-01-15,47.0,0.21,1034,5,131.25034374999998,115,8.890000343322754,0.0,0.12,2026-09-17 16:15:27,🚬菸屁股,HOLD,1
NNE,2026-10-16,28.0,0.05,901,5,84.37515624999999,24,17.31999969482422,0.0,0.05,2026-09-21 19:20:47,🚬菸屁股,HOLD,1
VRT,2026-10-16,330.0,0.64,1303,5,57.25140405273439,24,253.4600067138672,0.55,0.81,2026-09-22 16:13:17,🚬菸屁股,HOLD,1
VRT,2026-10-16,380.0,0.13,2673,5,64.3558251953125,24,253.4600067138672,0.02,0.26,2026-09-22 18:18:27,🚬菸屁股,HOLD,1
PCG,2026-11-20,21.0,0.1,3931,5,64.062859375,59,12.880000114440918,0.0,0.1,2026-09-22 18:13:00,🚬菸屁股,HOLD,1
PCG,2027-01-15,27.0,0.06,3418,5,66.01596484375001,115,12.880000114440918,0.0,0.12,2026-09-21 18:51:47,🚬菸屁股,HOLD,1
NKE,2026-11-20,65.0,0.03,926,5,62.109753906250006,59,36.099998474121094,0.03,0.05,2026-09-22 19:31:06,🚬菸屁股,HOLD,1
NKE,2026-12-18,90.0,0.05,3574,5,73.04714453125,87,36.099998474121094,0.01,0.06,2026-09-22 14:04:33,🚬菸屁股,HOLD,1
NKE,2026-12-18,115.0,0.02,2382,5,85.937640625,87,36.099998474121094,0.0,0.05,2026-09-22 13:38:08,🚬菸屁股,HOLD,1
NKE,2026-12-18,155.0,0.01,6021,5,96.87503124999999,87,36.099998474121094,0.0,0.02,2026-09-22 14:04:32,🚬菸屁股,HOLD,1
NKE,2028-01-21,47.5,3.75,2315,5,44.336494140625,486,36.099998474121094,3.7,3.9,2026-09-22 19:26:13,🔭LEAPS,HOLD,1
NKE,2028-01-21,65.0,1.48,5932,5,45.19097778320313,486,36.099998474121094,1.35,1.61,2026-09-22 19:59:52,🔭LEAPS,HOLD,1
NKE,2028-01-21,90.0,0.57,3313,5,49.5122236328125,486,36.099998474121094,0.5,0.74,2026-09-22 14:14:24,🆕低基期(前日Vol2) 🔭LEAPS,HOLD,1
NKE,2028-01-21,105.0,0.34,2734,5,50.098155273437506,486,36.099998474121094,0.29,0.44,2026-09-21 19:49:13,🔭LEAPS,HOLD,1
NKE,2028-06-16,32.5,10.0,820,5,50.48877636718749,633,36.099998474121094,9.6,10.85,2026-09-22 17:21:10,🆕低基期(前日Vol1) 🔭LEAPS,HOLD,1
NKE,2028-06-16,50.0,4.16,1272,5,44.40973559570312,633,36.099998474121094,4.05,4.4,2026-09-22 17:26:53,🆕低基期(前日Vol1) 🔭LEAPS,HOLD,1
WMB,2027-01-15,95.0,0.35,892,5,31.348342773437498,115,70.9800033569336,0.15,0.3,2026-09-14 19:15:35,🚬菸屁股,HOLD,1
AMZN,2026-10-16,340.0,0.03,3899,5,46.582565429687506,24,254.97999572753906,0.02,0.11,2026-09-22 15:44:33,🚬菸屁股,HOLD,1
AMZN,2026-11-20,340.0,0.7,3938,5,40.45469702148438,59,254.97999572753906,0.56,0.77,2026-09-22 19:05:26,🚬菸屁股,HOLD,1
GOOGL,2026-10-16,800.0,0.03,4960,5,101.95361523437501,24,351.1600036621094,0.0,0.08,2026-09-14 18:30:33,🚬菸屁股,HOLD,1
GOOGL,2027-01-15,800.0,0.06,5547,5,50.29346582031251,115,351.1600036621094,0.01,0.08,2026-09-22 13:30:01,🚬菸屁股,HOLD,1
BAC,2028-01-21,62.5,5.12,1311,5,29.63937548828125,486,56.20000076293945,5.05,5.3,2026-09-22 15:07:41,🔭LEAPS,HOLD,1
NEE,2026-12-18,92.5,0.35,962,5,23.29178271484375,87,79.26000213623047,0.25,0.4,2026-09-22 16:13:12,🚬菸屁股,HOLD,1
NEE,2027-02-19,100.0,0.35,1923,5,25.80640600585938,150,79.26000213623047,0.12,0.54,2026-09-22 16:07:55,🚬菸屁股,HOLD,1
SEDG,2026-10-16,47.5,0.35,2175,5,83.39860351562498,24,36.08000183105469,0.32,0.57,2026-09-21 19:22:32,🚬菸屁股,HOLD,1
SEDG,2026-10-16,50.0,0.25,1496,5,79.883013671875,24,36.08000183105469,0.11,0.34,2026-09-22 17:14:14,🚬菸屁股,HOLD,1
GOOG,2026-10-16,450.0,0.12,6419,4,42.529871582031255,24,347.4100036621094,0.08,0.15,2026-09-22 15:13:34,🚬菸屁股,HOLD,1
SMCI,2027-01-15,90.0,0.66,27865,4,85.937640625,115,41.540000915527344,0.56,0.8,2026-09-22 15:55:10,🚬菸屁股,HOLD,1
OKLO,2026-10-16,90.0,0.04,1061,4,124.60975195312498,24,40.45000076293945,0.03,0.06,2026-09-22 15:05:25,🚬菸屁股,HOLD,1
OKLO,2027-01-15,130.0,0.36,1333,4,102.73486132812502,115,40.45000076293945,0.25,0.41,2026-09-22 19:10:29,🚬菸屁股,HOLD,1
OKLO,2027-01-15,175.0,0.04,1155,4,109.76607617187501,115,40.45000076293945,0.01,0.29,2026-09-22 18:10:08,🚬菸屁股,HOLD,1
OKLO,2027-01-15,195.0,0.12,1228,4,114.0629296875,115,40.45000076293945,0.01,0.25,2026-09-18 19:25:37,🚬菸屁股,HOLD,1
OKLO,2027-01-15,200.0,0.2,5055,4,115.0394873046875,115,40.45000076293945,0.05,0.2,2026-09-22 15:28:08,🚬菸屁股,HOLD,1
OKLO,2028-01-21,150.0,4.0,1345,4,91.54061193847657,486,40.45000076293945,3.3,4.45,2026-09-22 16:00:23,🆕低基期(前日Vol1) 🔭LEAPS,HOLD,1
OKLO,2028-01-21,250.0,2.16,5671,4,95.94730615234374,486,40.45000076293945,1.88,2.29,2026-09-21 14:10:27,🔭LEAPS,HOLD,1
RKLB,2028-01-21,185.0,7.76,1913,4,78.51583984375,486,71.9800033569336,6.85,8.25,2026-09-22 17:45:45,🔭LEAPS,HOLD,1
ASTS,2026-10-02,86.0,0.16,1280,4,96.0937890625,10,63.689998626708984,0.0,0.35,2026-09-22 18:06:20,🚬菸屁股,HOLD,1
ASTS,2026-10-16,120.0,0.09,1380,4,118.1644716796875,24,63.689998626708984,0.09,0.31,2026-09-22 19:31:45,🚬菸屁股,HOLD,1
IONQ,2026-10-16,100.0,0.04,2275,4,135.15657421875,24,40.7400016784668,0.01,0.07,2026-09-22 15:28:19,🚬菸屁股,HOLD,1
IONQ,2027-01-15,105.0,0.3,2529,4,88.76964355468748,115,40.7400016784668,0.01,0.71,2026-09-18 14:45:39,🚬菸屁股,HOLD,1
SOFI,2026-10-02,30.0,0.02,3150,4,118.75040625,10,17.15999984741211,0.0,0.01,2026-09-22 17:36:47,🚬菸屁股,HOLD,1
SOFI,2026-12-18,35.0,0.07,14371,4,71.0940390625,87,17.15999984741211,0.06,0.07,2026-09-22 19:15:01,🚬菸屁股,HOLD,1
SOFI,2027-01-15,45.0,0.05,11272,4,76.95335546875,115,17.15999984741211,0.05,0.06,2026-09-22 19:57:39,🚬菸屁股,HOLD,1
DKNG,2026-12-18,35.0,0.3,3125,4,67.09017285156251,87,21.799999237060547,0.22,0.39,2026-09-22 15:16:33,🚬菸屁股,HOLD,1
DKNG,2026-12-18,43.0,0.07,5519,4,68.35969140625001,87,21.799999237060547,0.04,0.12,2026-09-22 15:36:24,🚬菸屁股,HOLD,1
DKNG,2026-12-18,55.0,0.02,3393,4,101.66064794921877,87,21.799999237060547,0.0,0.42,2026-09-10 15:56:19,🚬菸屁股,HOLD,1
DKNG,2027-01-15,45.0,0.11,5605,4,64.8441015625,115,21.799999237060547,0.06,0.14,2026-09-22 18:16:29,🚬菸屁股,HOLD,1
PATH,2027-01-15,35.0,0.02,3036,4,85.1563984375,115,13.25,0.01,0.15,2026-09-21 18:16:00,🚬菸屁股,HOLD,1
TDOC,2027-01-15,9.0,0.26,1286,4,63.47692773437501,115,6.349999904632568,0.18,0.29,2026-09-22 15:55:25,🚬菸屁股,HOLD,1
TDOC,2027-01-15,20.0,0.08,20339,4,110.15669921875002,115,6.349999904632568,0.02,0.15,2026-09-22 19:14:54,🆕低基期(前日Vol1) 🚬菸屁股,HOLD,1
ZM,2026-11-20,130.0,0.22,7113,4,52.393054199218746,59,90.94999694824219,0.0,0.44,2026-09-22 16:43:13,🚬菸屁股,HOLD,1
XYZ,2026-12-18,135.0,0.3,839,4,75.68383691406251,87,77.52999877929688,0.0,2.24,2026-09-11 16:00:20,🚬菸屁股,HOLD,1
XYZ,2027-01-15,140.0,0.15,1300,4,50.92822509765625,115,77.52999877929688,0.1,0.33,2026-09-21 15:14:58,🚬菸屁股,HOLD,1
XYZ,2028-01-21,110.0,8.9,2053,4,50.97400100708008,486,77.52999877929688,8.65,9.45,2026-09-22 17:46:29,🔭LEAPS,HOLD,1
XYZ,2028-01-21,120.0,7.3,1470,4,50.59863854980469,486,77.52999877929688,6.9,7.6,2026-09-21 18:00:02,🔭LEAPS,HOLD,1
HIMS,2026-10-02,45.0,0.05,764,4,99.2187578125,10,30.43000030517578,0.0,0.05,2026-09-22 18:24:14,🚬菸屁股,HOLD,1
ONDS,2027-01-15,22.0,0.06,2421,4,101.5629921875,115,7.71999979019165,0.06,0.13,2026-09-22 14:03:12,🚬菸屁股,HOLD,1
LUNR,2027-01-15,55.0,0.1,2078,4,102.53954980468751,115,16.239999771118164,0.01,0.2,2026-09-21 16:19:23,🚬菸屁股,HOLD,1
JOBY,2027-01-15,30.0,0.01,8344,4,103.12548437500001,115,6.440000057220459,0.0,0.02,2026-09-21 18:24:48,🚬菸屁股,HOLD,1
JOBY,2028-01-21,3.0,4.0,2775,4,100.1958115234375,486,6.440000057220459,3.95,4.35,2026-09-22 18:20:02,🔭LEAPS,HOLD,1
SMR,2026-11-20,19.0,0.09,1151,4,109.375453125,59,8.890000343322754,0.06,0.14,2026-09-21 14:34:48,🚬菸屁股,HOLD,1
CRWV,2026-10-02,114.0,0.2,1031,4,85.1563984375,10,86.76000213623047,0.14,0.23,2026-09-21 19:59:51,🚬菸屁股,HOLD,1
CRWV,2026-10-16,180.0,0.04,8760,4,107.03171484375002,24,86.76000213623047,0.01,0.09,2026-09-21 13:54:47,🚬菸屁股,HOLD,1
CRWV,2026-10-16,195.0,0.04,7415,4,109.375453125,24,86.76000213623047,0.01,0.04,2026-09-22 19:58:53,🚬菸屁股,HOLD,1
CRWV,2026-11-20,175.0,0.63,2338,4,92.6758544921875,59,86.76000213623047,0.48,0.62,2026-09-21 16:55:29,🚬菸屁股,HOLD,1
PCG,2026-12-18,25.0,0.34,9213,4,70.312796875,87,12.880000114440918,0.0,0.13,2026-09-09 17:29:39,🚬菸屁股,HOLD,1
NKE,2026-10-16,55.0,0.03,3500,4,72.6565234375,24,36.099998474121094,0.01,0.07,2026-09-22 19:39:20,🚬菸屁股,HOLD,1
NKE,2026-12-18,75.0,0.08,2624,4,64.062859375,87,36.099998474121094,0.01,0.1,2026-09-22 19:39:05,🚬菸屁股,HOLD,1
NKE,2026-12-18,135.0,0.04,2875,4,93.7500625,87,36.099998474121094,0.0,0.04,2026-09-22 14:04:33,🆕低基期(前日Vol1) 🚬菸屁股,HOLD,1
NKE,2026-12-18,145.0,0.03,1734,4,96.0937890625,87,36.099998474121094,0.0,0.03,2026-09-22 14:04:30,🚬菸屁股,HOLD,1
NKE,2028-01-21,57.5,2.2,3629,4,44.336494140625,486,36.099998474121094,2.08,2.26,2026-09-22 17:50:24,🔭LEAPS,HOLD,1
NKE,2028-01-21,82.5,0.69,2141,4,48.97511962890626,486,36.099998474121094,0.63,0.96,2026-09-22 18:03:52,🆕低基期(前日Vol1) 🔭LEAPS,HOLD,1
NKE,2028-06-16,42.5,6.05,2051,4,48.16336016845704,633,36.099998474121094,5.9,6.9,2026-09-22 19:22:03,🔭LEAPS,HOLD,1
KHC,2026-12-18,47.5,0.02,927,4,66.79720703125001,87,24.0,0.0,0.15,2026-09-14 14:21:02,🚬菸屁股,HOLD,1
KHC,2026-12-18,50.0,0.01,2703,4,57.812921875,87,24.0,0.0,0.03,2026-07-31 18:18:55,🚬菸屁股,HOLD,1
WMB,2026-12-18,85.0,0.65,1778,4,31.201859863281246,87,70.9800033569336,0.55,0.7,2026-09-22 17:42:28,🆕低基期(前日Vol1) 🚬菸屁股,HOLD,1
WMB,2028-01-21,100.0,2.81,1180,4,32.617861328124995,486,70.9800033569336,2.35,3.1,2026-09-21 18:09:22,🔭LEAPS,HOLD,1
META,2026-10-16,1200.0,0.05,3220,4,60.74258007812501,24,736.594970703125,0.0,0.09,2026-09-22 19:11:57,🚬菸屁股,HOLD,1
META,2026-12-18,1400.0,0.35,2517,4,51.07470800781251,87,736.594970703125,0.3,0.54,2026-09-22 15:16:17,🚬菸屁股,HOLD,1
GOOGL,2026-11-20,540.0,0.17,4815,4,44.67828759765625,59,351.1600036621094,0.13,0.23,2026-09-22 17:38:20,🚬菸屁股,HOLD,1
GOOGL,2026-12-18,550.0,0.4,3059,4,43.87263159179688,87,351.1600036621094,0.18,0.64,2026-09-21 14:34:20,🚬菸屁股,HOLD,1
GOOGL,2028-01-21,700.0,5.8,2495,4,39.16686810302734,486,351.1600036621094,4.8,6.1,2026-09-22 16:46:49,🔭LEAPS,HOLD,1
BAC,2027-01-15,80.0,0.05,2614,4,34.8639326171875,115,56.20000076293945,0.0,0.19,2026-09-18 18:28:08,🚬菸屁股,HOLD,1
SEDG,2028-01-21,65.0,8.0,1037,4,88.61095373535154,486,36.08000183105469,7.5,8.75,2026-09-22 17:14:22,🔭LEAPS,HOLD,1
SMCI,2026-12-18,92.0,0.46,2094,3,93.0664755859375,87,41.540000915527344,0.44,0.48,2026-09-22 19:33:57,🚬菸屁股,HOLD,1
OKLO,2027-01-15,90.0,0.85,1966,3,90.77157666015624,115,40.45000076293945,0.7,0.83,2026-09-22 19:27:43,🚬菸屁股,HOLD,1
OKLO,2027-01-15,120.0,0.47,3075,3,100.39112304687498,115,40.45000076293945,0.23,0.57,2026-09-17 16:25:06,🚬菸屁股,HOLD,1
OKLO,2028-01-21,55.0,11.5,1098,3,85.18081225585938,486,40.45000076293945,10.8,12.25,2026-09-22 18:18:53,🔭LEAPS,HOLD,1
OKLO,2028-01-21,95.0,6.5,828,3,86.67005517578124,486,40.45000076293945,5.8,6.8,2026-09-22 15:20:40,🔭LEAPS,HOLD,1
OKLO,2028-01-21,260.0,2.15,2557,3,96.92385888671875,486,40.45000076293945,1.9,2.2,2026-09-22 19:12:19,🔭LEAPS,HOLD,1
VST,2026-11-20,220.0,0.29,2809,3,55.90864404296876,59,140.41000366210938,0.16,0.55,2026-09-22 19:39:22,🚬菸屁股,HOLD,1
VST,2026-12-18,250.0,0.33,1097,3,55.9574716796875,87,140.41000366210938,0.12,0.54,2026-09-22 19:31:57,🚬菸屁股,HOLD,1
ASTS,2028-01-21,135.0,11.95,1899,3,87.81140118408204,486,63.689998626708984,10.8,12.5,2026-09-22 19:19:18,🔭LEAPS,HOLD,1
ASTS,2028-01-21,155.0,9.7,953,3,87.46350427246092,486,63.689998626708984,9.0,10.35,2026-09-22 17:22:53,🔭LEAPS,HOLD,1
ASTS,2028-01-21,160.0,9.55,1205,3,87.47571118164062,486,63.689998626708984,9.0,9.55,2026-09-22 18:05:06,🔭LEAPS,HOLD,1
IONQ,2026-10-02,51.0,0.15,1445,3,84.76577734374999,10,40.7400016784668,0.01,0.36,2026-09-22 17:05:09,🚬菸屁股,HOLD,1
UPST,2028-01-21,45.0,4.7,775,3,75.97680273437501,486,25.969999313354492,4.3,4.9,2026-09-22 18:44:08,🔭LEAPS,HOLD,1
SOFI,2028-01-21,8.0,10.3,2336,3,78.46701220703125,486,17.15999984741211,10.1,10.45,2026-09-22 17:49:08,🔭LEAPS,HOLD,1
DKNG,2028-01-21,30.0,4.0,6087,3,63.574583007812514,486,21.799999237060547,3.75,4.2,2026-09-22 18:53:57,🔭LEAPS,HOLD,1
IREN,2026-12-18,120.0,0.56,4115,3,102.73486132812502,87,48.54999923706055,0.45,0.64,2026-09-22 15:10:13,🚬菸屁股,HOLD,1
U,2028-01-21,70.0,6.3,1043,3,66.50424121093752,486,43.11000061035156,5.95,7.05,2026-09-22 18:13:52,🔭LEAPS,HOLD,1
PATH,2028-01-21,3.0,11.0,1177,3,126.172244140625,486,13.25,10.3,11.45,2026-09-21 19:13:55,🔭LEAPS,HOLD,1
PATH,2028-01-21,35.0,1.32,833,3,74.26783544921875,486,13.25,0.87,1.37,2026-09-22 13:39:05,🆕低基期(前日Vol1) 🔭LEAPS,HOLD,1
TDOC,2026-10-16,9.0,0.01,2176,3,107.81296093750001,24,6.349999904632568,0.0,0.22,2026-09-21 16:10:01,🚬菸屁股,HOLD,1
TDOC,2027-01-15,11.0,0.15,2050,3,67.57844921875001,115,6.349999904632568,0.03,0.18,2026-09-14 18:32:10,🚬菸屁股,HOLD,1
ZM,2026-11-20,120.0,0.47,1008,3,47.43704907226562,59,90.94999694824219,0.34,0.67,2026-09-22 19:42:59,🚬菸屁股,HOLD,1
ZM,2026-11-20,125.0,0.33,842,3,49.805189453125,59,90.94999694824219,0.25,0.53,2026-09-22 13:54:38,🚬菸屁股,HOLD,1
ZM,2026-11-20,135.0,0.42,1751,3,50.098155273437506,59,90.94999694824219,0.0,0.44,2026-09-14 16:36:32,🚬菸屁股,HOLD,1
XYZ,2026-12-18,115.0,0.45,1014,3,51.17236328125,87,77.52999877929688,0.23,0.59,2026-09-22 18:26:43,🆕低基期(前日Vol1) 🚬菸屁股,HOLD,1
XYZ,2028-01-21,105.0,10.37,2206,3,51.43481182861327,486,77.52999877929688,9.7,10.7,2026-09-16 14:03:26,🔭LEAPS,HOLD,1
OPEN,2027-02-19,3.0,0.54,3800,3,117.1879140625,150,2.759999990463257,0.52,0.94,2026-09-22 18:46:24,🚬菸屁股,HOLD,1
OPEN,2028-01-21,1.0,1.93,3281,3,80.4689453125,486,2.759999990463257,1.75,1.97,2026-09-22 17:34:47,🔭LEAPS,HOLD,1
BEAM,2027-01-15,50.0,0.45,1559,3,73.34011035156249,115,25.93000030517578,0.0,0.7,2026-09-22 19:08:45,🚬菸屁股,HOLD,1
HIMS,2027-01-15,105.0,0.19,12587,3,101.95361523437501,115,30.43000030517578,0.13,0.22,2026-09-22 18:38:55,🚬菸屁股,HOLD,1
KTOS,2026-11-20,85.0,0.25,3698,3,74.414318359375,59,46.970001220703125,0.1,0.25,2026-09-22 15:28:14,🚬菸屁股,HOLD,1
KTOS,2028-01-21,160.0,2.03,863,3,70.06865869140626,486,46.970001220703125,1.65,2.1,2026-09-22 16:41:58,🔭LEAPS,HOLD,1
LUNR,2028-01-21,32.0,3.5,1273,3,97.29006616210938,486,16.239999771118164,3.7,4.2,2026-09-21 13:31:31,🔭LEAPS,HOLD,1
ACHR,2026-10-16,11.0,0.02,4413,3,118.75040625,24,5.690000057220459,0.01,0.02,2026-09-22 18:05:56,🚬菸屁股,HOLD,1
SMR,2027-01-15,32.0,0.07,1117,3,112.89106054687501,115,8.890000343322754,0.06,0.11,2026-09-22 19:48:23,🆕低基期(前日Vol1) 🚬菸屁股,HOLD,1
CRWV,2026-10-16,165.0,0.07,2782,3,100.58643457031249,24,86.76000213623047,0.03,0.12,2026-09-22 14:54:52,🚬菸屁股,HOLD,1
PCG,2026-10-02,20.0,0.01,2158,3,123.43788281249999,10,12.880000114440918,0.0,0.05,2026-09-14 16:48:00,🚬菸屁股,HOLD,1
NKE,2027-01-15,52.5,0.44,7058,3,47.070841796875,115,36.099998474121094,0.37,0.41,2026-09-22 14:53:15,🚬菸屁股,HOLD,1
NKE,2027-01-15,85.0,0.05,2852,3,62.109753906250006,115,36.099998474121094,0.01,0.08,2026-09-22 17:43:02,🚬菸屁股,HOLD,1
NKE,2027-01-15,97.5,0.04,3212,3,71.87528125,115,36.099998474121094,0.01,0.1,2026-09-18 16:31:58,🚬菸屁股,HOLD,1
NKE,2028-01-21,85.0,0.61,3055,3,47.583531982421874,486,36.099998474121094,0.39,0.76,2026-09-22 17:43:07,🔭LEAPS,HOLD,1
NKE,2028-01-21,95.0,0.51,1156,3,50.65967309570312,486,36.099998474121094,0.4,0.68,2026-09-22 13:52:16,🔭LEAPS,HOLD,1
KHC,2028-01-21,27.5,2.12,3289,3,30.371790039062496,486,24.0,1.8,2.1,2026-09-22 14:39:13,🔭LEAPS,HOLD,1
KVUE,2027-01-15,25.0,0.05,4825,3,32.422550781249996,115,17.860000610351562,0.0,0.05,2026-09-21 17:32:45,🚬菸屁股,HOLD,1
WMB,2028-01-21,70.0,11.5,1002,3,35.34000207519531,486,70.9800033569336,9.0,11.9,2026-09-22 15:05:06,🆕低基期(前日Vol1) 🔭LEAPS,HOLD,1
GOOGL,2026-10-16,480.0,0.06,6775,3,54.44381494140625,24,351.1600036621094,0.01,0.29,2026-09-22 17:06:35,🚬菸屁股,HOLD,1
GOOGL,2026-11-20,520.0,0.25,2965,3,46.31401342773438,59,351.1600036621094,0.01,0.53,2026-09-22 15:45:31,🆕低基期(前日Vol1) 🚬菸屁股,HOLD,1
GOOGL,2026-12-18,545.0,0.42,1019,3,43.54304504394532,87,351.1600036621094,0.23,0.68,2026-09-21 16:52:38,🚬菸屁股,HOLD,1
GOOGL,2027-01-15,650.0,0.21,4356,3,45.654840332031256,115,351.1600036621094,0.11,0.34,2026-09-22 19:43:54,🚬菸屁股,HOLD,1
BAC,2026-10-02,67.0,0.02,1900,3,47.6567734375,10,56.20000076293945,0.0,0.03,2026-09-16 17:11:34,🚬菸屁股,HOLD,1
BAC,2028-01-21,52.5,9.8,1725,3,33.008482421874994,486,56.20000076293945,9.65,10.2,2026-09-22 15:23:10,🔭LEAPS,HOLD,1
SEDG,2026-10-02,43.0,0.28,2032,3,81.2501875,10,36.08000183105469,0.21,0.36,2026-09-22 19:54:16,🚬菸屁股,HOLD,1
SEDG,2027-01-15,75.0,0.7,1064,3,85.742330078125,115,36.08000183105469,0.46,0.94,2026-09-11 18:59:18,🚬菸屁股,HOLD,1
SEDG,2027-01-15,110.0,0.3,3145,3,90.9180595703125,115,36.08000183105469,0.0,0.33,2026-09-09 16:13:33,🚬菸屁股,HOLD,1
TSLA,2026-12-18,710.0,0.68,12865,2,57.10492114257812,87,378.8999938964844,0.5,0.76,2026-09-22 17:40:13,🚬菸屁股,HOLD,1
SMCI,2026-12-18,106.0,0.26,2345,2,97.94923925781251,87,41.540000915527344,0.28,0.33,2026-09-22 17:20:39,🚬菸屁股,HOLD,1
SMCI,2028-01-21,65.0,9.71,3028,2,82.61736132812499,486,41.540000915527344,9.6,9.85,2026-09-22 19:05:19,🔭LEAPS,HOLD,1
SMCI,2028-01-21,80.0,6.35,1305,2,82.5074991455078,486,41.540000915527344,7.4,7.65,2026-09-18 14:28:42,🔭LEAPS,HOLD,1
OKLO,2026-11-20,105.0,0.15,955,2,113.8676181640625,59,40.45000076293945,0.1,0.32,2026-09-16 15:35:50,🚬菸屁股,HOLD,1
OKLO,2026-12-18,85.0,0.63,1329,2,93.35944140625,87,40.45000076293945,0.5,0.67,2026-09-22 19:09:27,🚬菸屁股,HOLD,1
OKLO,2026-12-18,125.0,0.19,2249,2,110.74263378906251,87,40.45000076293945,0.17,0.35,2026-09-16 17:47:03,🚬菸屁股,HOLD,1
OKLO,2028-01-21,80.0,7.6,967,2,85.937640625,486,40.45000076293945,7.55,7.85,2026-09-21 18:33:19,🔭LEAPS,HOLD,1
OKLO,2028-01-21,85.0,7.4,1247,2,87.5123319091797,486,40.45000076293945,7.05,7.8,2026-09-22 15:14:04,🔭LEAPS,HOLD,1
VST,2026-10-16,250.0,0.12,1579,2,126.22107202148439,24,140.41000366210938,0.0,2.0,2026-08-18 14:03:38,🚬菸屁股,HOLD,1
VST,2027-01-15,230.0,0.91,882,2,51.050294189453126,115,140.41000366210938,0.71,1.1,2026-09-22 14:11:06,🚬菸屁股,HOLD,1
VST,2028-01-21,320.0,5.4,803,2,53.55881402587892,486,140.41000366210938,4.95,5.85,2026-09-22 19:50:21,🔭LEAPS,HOLD,1
RKLB,2027-01-15,195.0,0.53,1222,2,88.67198828125,115,71.9800033569336,0.24,0.76,2026-09-22 14:36:44,🚬菸屁股,HOLD,1
ASTS,2026-10-16,150.0,0.08,2103,2,132.81283593749998,24,63.689998626708984,0.0,0.15,2026-09-21 16:57:53,🚬菸屁股,HOLD,1
ASTS,2027-01-15,155.0,0.78,969,2,92.8711650390625,115,63.689998626708984,0.79,1.07,2026-09-22 14:46:57,🚬菸屁股,HOLD,1
IONQ,2026-12-18,85.0,0.31,1839,2,90.52743847656251,87,40.7400016784668,0.01,1.04,2026-09-22 17:01:48,🚬菸屁股,HOLD,1
IONQ,2027-01-15,80.0,0.8,1896,2,87.40246972656249,115,40.7400016784668,0.77,1.39,2026-09-22 15:39:03,🚬菸屁股,HOLD,1
IONQ,2027-01-15,90.0,0.63,2354,2,86.4259169921875,115,40.7400016784668,0.55,0.71,2026-09-22 15:47:52,🚬菸屁股,HOLD,1
IONQ,2027-01-15,95.0,0.52,1872,2,93.99420068359376,115,40.7400016784668,0.5,1.0,2026-09-22 15:47:52,🚬菸屁股,HOLD,1
IONQ,2028-01-21,75.0,7.47,914,2,80.65204895019531,486,40.7400016784668,7.1,7.85,2026-09-22 19:04:23,🔭LEAPS,HOLD,1
UPST,2027-01-15,80.0,0.06,2102,2,84.57046679687498,115,25.969999313354492,0.05,0.08,2026-09-22 17:18:51,🚬菸屁股,HOLD,1
UPST,2027-02-19,45.0,0.93,989,2,71.63114306640624,150,25.969999313354492,0.67,1.09,2026-09-22 14:07:56,🚬菸屁股,HOLD,1
UPST,2028-01-21,47.5,4.31,772,2,79.101771484375,486,25.969999313354492,4.1,5.15,2026-09-22 16:20:22,🔭LEAPS,HOLD,1
UPST,2028-01-21,105.0,1.2,1337,2,78.75997802734375,486,25.969999313354492,1.04,1.34,2026-09-22 19:47:34,🔭LEAPS,HOLD,1
SOFI,2026-11-20,33.0,0.03,1471,2,73.437765625,59,17.15999984741211,0.03,0.04,2026-09-22 18:02:04,🚬菸屁股,HOLD,1
SOFI,2028-06-16,32.0,2.55,12667,2,63.84313500976562,633,17.15999984741211,2.46,2.54,2026-09-22 16:35:11,🔭LEAPS,HOLD,1
SOFI,2028-06-16,42.0,1.65,2927,2,64.50230810546876,633,17.15999984741211,1.56,1.68,2026-09-22 17:15:23,🔭LEAPS,HOLD,1
DKNG,2026-12-18,50.0,0.03,1456,2,75.7814921875,87,21.799999237060547,0.02,0.09,2026-09-21 16:05:38,🚬菸屁股,HOLD,1
DKNG,2026-12-18,65.0,0.05,1810,2,86.7188828125,87,21.799999237060547,0.0,0.05,2026-09-21 16:06:28,🚬菸屁股,HOLD,1
DKNG,2028-01-21,20.0,8.4,1723,2,70.58134887695313,486,21.799999237060547,6.55,8.55,2026-09-22 15:32:46,🔭LEAPS,HOLD,1
DKNG,2028-01-21,32.5,3.33,2439,2,61.29189099121095,486,21.799999237060547,2.92,3.6,2026-09-22 13:31:09,🔭LEAPS,HOLD,1
DKNG,2028-01-21,35.0,2.9,17504,2,61.08437353515627,486,21.799999237060547,2.75,2.9,2026-09-22 19:57:08,🔭LEAPS,HOLD,1
PATH,2026-11-20,23.0,0.08,4302,2,74.60962890625001,59,13.25,0.0,0.14,2026-09-17 19:29:01,🚬菸屁股,HOLD,1
PATH,2028-01-21,8.0,7.05,1644,2,83.8868798828125,486,13.25,6.8,7.3,2026-09-22 16:42:18,🔭LEAPS,HOLD,1
ROKU,2027-01-15,200.0,0.5,1091,2,27.210200561523436,115,154.25,0.0,0.5,2026-09-21 13:58:34,🚬菸屁股,HOLD,1
HOOD,2026-10-16,175.0,0.37,902,2,73.04714453125,24,124.25,0.38,0.44,2026-09-22 15:14:23,🚬菸屁股,HOLD,1
TDOC,2028-01-21,10.0,1.0,2703,2,67.09017285156251,486,6.349999904632568,0.96,1.09,2026-09-21 14:58:28,🔭LEAPS,HOLD,1
TDOC,2028-01-21,12.0,0.79,1138,2,68.06672558593752,486,6.349999904632568,0.72,0.83,2026-09-16 15:04:50,🔭LEAPS,HOLD,1
ZM,2026-10-16,115.0,0.07,983,2,45.4107021484375,24,90.94999694824219,0.04,0.11,2026-09-22 17:54:55,🚬菸屁股,HOLD,1
XYZ,2027-01-15,115.0,0.64,1339,2,48.41360180664063,115,77.52999877929688,0.53,0.85,2026-09-22 15:10:30,🚬菸屁股,HOLD,1
XYZ,2027-01-15,135.0,0.26,1118,2,53.12546875,115,77.52999877929688,0.06,0.38,2026-09-21 17:20:50,🚬菸屁股,HOLD,1
XYZ,2027-01-15,145.0,0.15,23729,2,52.3442265625,115,77.52999877929688,0.1,0.28,2026-09-22 14:25:11,🚬菸屁股,HOLD,1
XYZ,2028-01-21,100.0,11.47,1053,2,51.27001855468749,486,77.52999877929688,10.85,11.65,2026-09-22 17:28:35,🔭LEAPS,HOLD,1
OPEN,2026-11-20,6.0,0.04,8515,2,119.53165234375001,59,2.759999990463257,0.04,0.05,2026-09-22 14:52:56,🚬菸屁股,HOLD,1
OPEN,2026-12-18,8.0,0.06,2139,2,118.75040625,87,2.759999990463257,0.02,0.05,2026-09-17 14:24:09,🚬菸屁股,HOLD,1
CRSP,2028-01-21,110.0,6.38,794,2,63.867548828124995,486,59.029998779296875,5.2,7.5,2026-09-22 19:09:28,🔭LEAPS,HOLD,1
NTLA,2028-01-21,20.0,3.0,1613,2,84.39957006835937,486,12.6899995803833,2.5,3.6,2026-09-22 13:46:40,🔭LEAPS,HOLD,1
PACB,2028-01-21,0.5,1.1,762,2,85.937640625,486,1.4700000286102295,0.8,1.25,2026-09-22 19:35:36,🔭LEAPS,HOLD,1
PACB,2028-01-21,3.0,0.34,1324,2,105.46922265625001,486,1.4700000286102295,0.0,0.8,2026-09-21 19:24:27,🔭LEAPS,HOLD,1
HIMS,2026-12-18,100.0,0.14,3295,2,113.0863720703125,87,30.43000030517578,0.1,0.24,2026-09-22 16:52:04,🚬菸屁股,HOLD,1
HIMS,2027-01-15,85.0,0.22,2672,2,102.24658251953124,115,30.43000030517578,0.26,0.59,2026-09-18 17:42:27,🚬菸屁股,HOLD,1
ONDS,2026-10-16,14.0,0.01,768,2,104.68797656250001,24,7.71999979019165,0.01,0.02,2026-09-22 18:01:26,🚬菸屁股,HOLD,1
ONDS,2027-01-15,18.0,0.13,2181,2,92.9688203125,115,7.71999979019165,0.12,0.15,2026-09-22 16:24:02,🚬菸屁股,HOLD,1
LUNR,2026-12-18,65.0,0.1,1036,2,135.547197265625,87,16.239999771118164,0.01,0.27,2026-09-22 18:57:21,🚬菸屁股,HOLD,1
LUNR,2028-01-21,35.0,3.38,900,2,97.19241088867187,486,16.239999771118164,3.3,3.9,2026-09-21 14:40:13,🔭LEAPS,HOLD,1
JOBY,2026-10-16,10.0,0.02,6230,2,87.500125,24,6.440000057220459,0.01,0.03,2026-09-22 18:07:15,🚬菸屁股,HOLD,1
JOBY,2026-10-16,15.0,0.01,1659,2,143.75028125,24,6.440000057220459,0.0,0.03,2026-09-17 17:59:41,🚬菸屁股,HOLD,1
JOBY,2027-01-15,32.0,0.01,1046,2,148.4377578125,115,6.440000057220459,0.0,0.24,2026-09-18 18:35:05,🚬菸屁股,HOLD,1
JOBY,2028-01-21,17.0,0.59,3954,2,79.29708203125,486,6.440000057220459,0.61,0.72,2026-09-22 16:47:14,🔭LEAPS,HOLD,1
ACHR,2028-01-21,1.0,4.7,973,2,118.35978320312499,486,5.690000057220459,4.65,5.0,2026-09-22 13:51:26,🔭LEAPS,HOLD,1
SMR,2026-11-20,16.0,0.17,994,2,97.26565234374999,59,8.890000343322754,0.1,0.18,2026-09-22 15:21:01,🚬菸屁股,HOLD,1
SMR,2027-01-15,65.0,0.06,844,2,146.875265625,115,8.890000343322754,0.0,0.1,2026-09-18 15:48:00,🚬菸屁股,HOLD,1
NNE,2026-10-02,22.5,0.25,2026,2,100.39112304687498,10,17.31999969482422,0.0,0.2,2026-09-10 13:38:05,🚬菸屁股,HOLD,1
NNE,2027-01-15,45.0,0.15,1502,2,93.55475195312499,115,17.31999969482422,0.1,0.3,2026-09-21 14:07:55,🚬菸屁股,HOLD,1
NNE,2028-01-21,50.0,1.87,797,2,88.52550537109374,486,17.31999969482422,1.75,2.55,2026-09-18 17:22:02,🔭LEAPS,HOLD,1
CRWV,2026-10-16,160.0,0.08,4962,2,99.2187578125,24,86.76000213623047,0.06,0.13,2026-09-22 15:45:29,🚬菸屁股,HOLD,1
CRWV,2027-01-15,250.0,0.49,2561,2,89.74619628906248,115,86.76000213623047,0.4,0.56,2026-09-22 15:24:32,🚬菸屁股,HOLD,1
CRWV,2027-01-15,270.0,0.37,2913,2,90.47861083984375,115,86.76000213623047,0.29,0.4,2026-09-21 17:34:06,🚬菸屁股,HOLD,1
PCG,2027-01-15,35.0,0.23,2666,2,72.6565234375,115,12.880000114440918,0.0,0.04,2026-09-04 19:54:21,🚬菸屁股,HOLD,1
TJX,2026-10-16,150.0,0.08,752,2,27.051510742187503,24,130.7899932861328,0.0,0.1,2026-09-22 14:37:50,🚬菸屁股,HOLD,1
TJX,2026-10-16,155.0,0.05,1415,2,34.52213916015625,24,130.7899932861328,0.0,0.15,2026-09-21 19:16:30,🚬菸屁股,HOLD,1
TJX,2026-12-18,170.0,0.2,1181,2,29.492892578124994,87,130.7899932861328,0.05,0.3,2026-09-18 14:53:20,🚬菸屁股,HOLD,1
TJX,2027-01-15,170.0,0.45,2751,2,28.321029296874993,115,130.7899932861328,0.3,0.5,2026-09-22 18:17:29,🚬菸屁股,HOLD,1
NKE,2026-11-20,62.5,0.04,915,2,69.14093359375,59,36.099998474121094,0.0,0.25,2026-09-22 18:45:18,🚬菸屁股,HOLD,1
NKE,2026-12-18,85.0,0.06,1827,2,70.312796875,87,36.099998474121094,0.0,0.08,2026-09-22 14:04:31,🚬菸屁股,HOLD,1
NKE,2026-12-18,110.0,0.04,4017,2,83.59391406249999,87,36.099998474121094,0.0,0.05,2026-09-22 14:04:32,🚬菸屁股,HOLD,1
NKE,2026-12-18,120.0,0.02,1743,2,86.7188828125,87,36.099998474121094,0.0,0.04,2026-09-18 18:11:12,🚬菸屁股,HOLD,1
NKE,2027-01-15,82.5,0.09,1922,2,65.820654296875,115,36.099998474121094,0.04,0.14,2026-09-17 17:16:13,🚬菸屁股,HOLD,1
KHC,2026-12-18,42.5,0.04,831,2,71.0940390625,87,24.0,0.0,0.47,2026-07-20 18:28:43,🚬菸屁股,HOLD,1
KHC,2028-01-21,35.0,0.55,6330,2,29.053443847656247,486,24.0,0.46,0.63,2026-09-22 16:27:58,🔭LEAPS,HOLD,1
KVUE,2026-11-20,21.0,0.05,804,2,29.981168945312497,59,17.860000610351562,0.01,0.1,2026-09-22 19:48:42,🚬菸屁股,HOLD,1
KVUE,2028-01-21,22.0,0.45,999,2,22.583781982421876,486,17.860000610351562,0.38,0.62,2026-09-21 13:30:02,🔭LEAPS,HOLD,1
WMB,2028-01-21,80.0,7.15,982,2,33.14275842285156,486,70.9800033569336,6.6,7.5,2026-09-16 16:16:49,🔭LEAPS,HOLD,1
GOOGL,2026-10-16,440.0,0.2,2548,2,40.5279384765625,24,351.1600036621094,0.06,0.25,2026-09-22 19:23:24,🚬菸屁股,HOLD,1
GOOGL,2026-10-16,470.0,0.08,4673,2,48.1450498046875,24,351.1600036621094,0.03,0.18,2026-09-21 16:27:48,🚬菸屁股,HOLD,1
GOOGL,2026-10-16,490.0,0.07,7560,2,50.39112109375,24,351.1600036621094,0.01,0.1,2026-09-18 19:52:25,🚬菸屁股,HOLD,1
GOOGL,2026-10-16,550.0,0.04,2094,2,60.15664843750002,24,351.1600036621094,0.02,0.07,2026-09-22 17:41:46,🚬菸屁股,HOLD,1
GOOGL,2026-11-20,530.0,0.19,3554,2,43.457596679687505,59,351.1600036621094,0.1,0.25,2026-09-22 17:38:29,🚬菸屁股,HOLD,1
GOOGL,2026-12-18,525.0,0.6,2550,2,42.11483666992188,87,351.1600036621094,0.37,0.87,2026-09-21 17:48:57,🚬菸屁股,HOLD,1
GOOGL,2026-12-18,530.0,0.68,3163,2,41.63876721191406,87,351.1600036621094,0.3,0.72,2026-09-22 15:07:48,🚬菸屁股,HOLD,1
GOOGL,2026-12-18,540.0,0.5,2665,2,43.2622861328125,87,351.1600036621094,0.22,0.73,2026-09-22 15:27:47,🚬菸屁股,HOLD,1
GOOGL,2026-12-18,575.0,0.28,1018,2,46.02104760742188,87,351.1600036621094,0.15,0.52,2026-09-18 19:19:03,🚬菸屁股,HOLD,1
GOOGL,2028-01-21,670.0,7.5,1341,2,40.4226538848877,486,351.1600036621094,5.8,8.45,2026-09-21 19:29:38,🔭LEAPS,HOLD,1
GOOGL,2028-01-21,720.0,6.0,1469,2,39.24010955810546,486,351.1600036621094,4.85,5.4,2026-09-22 13:48:59,🔭LEAPS,HOLD,1
BAC,2028-01-21,80.0,1.38,1483,2,27.82054602050781,486,56.20000076293945,1.22,1.47,2026-09-22 19:59:12,🔭LEAPS,HOLD,1
BRK-B,2026-12-18,600.0,0.54,873,2,19.5320546875,87,503.489990234375,0.38,0.7,2026-09-22 17:02:58,🚬菸屁股,HOLD,1
BRK-B,2026-12-18,740.0,0.03,1027,2,29.004616210937495,87,503.489990234375,0.01,0.09,2026-09-21 16:28:25,🚬菸屁股,HOLD,1
NEE,2026-11-20,100.0,0.04,9009,2,31.348342773437498,59,79.26000213623047,0.0,0.15,2026-09-22 13:30:02,🚬菸屁股,HOLD,1
NEE,2026-12-18,105.0,0.05,1414,2,34.03386279296875,87,79.26000213623047,0.03,0.29,2026-09-22 17:17:45,🚬菸屁股,HOLD,1
NEE,2027-01-15,140.0,0.05,1189,2,40.62559375,115,79.26000213623047,0.0,0.05,2026-08-27 13:30:06,🚬菸屁股,HOLD,1
NEE,2027-02-19,105.0,0.16,1010,2,26.831786376953122,150,79.26000213623047,0.02,0.34,2026-09-22 15:51:38,🚬菸屁股,HOLD,1
SEDG,2027-01-15,70.0,0.71,4778,2,85.40053662109376,115,36.08000183105469,0.69,1.14,2026-09-21 17:12:57,🚬菸屁股,HOLD,1
SEDG,2027-01-15,90.0,0.36,1150,2,87.5977802734375,115,36.08000183105469,0.09,0.6,2026-09-22 17:19:20,🚬菸屁股,HOLD,1
SEDG,2027-01-15,95.0,0.45,914,2,89.55088574218748,115,36.08000183105469,0.12,0.49,2026-08-27 14:51:45,🚬菸屁股,HOLD,1
TSLA,2026-12-18,950.0,0.2,5865,1,68.84796777343752,87,378.8999938964844,0.16,0.24,2026-09-21 17:58:00,🚬菸屁股,HOLD,1
TSLA,2027-01-15,950.0,0.4,16637,1,64.59996337890624,115,378.8999938964844,0.36,0.44,2026-09-22 14:36:00,🚬菸屁股,HOLD,1
TSLA,2028-01-21,850.0,14.15,6009,1,52.75010629272462,486,378.8999938964844,14.25,14.6,2026-09-22 14:51:50,🔭LEAPS,HOLD,1
TSLA,2028-01-21,900.0,12.2,5958,1,53.081218704223645,486,378.8999938964844,12.1,12.7,2026-09-22 14:02:45,🔭LEAPS,HOLD,1
NVDA,2026-12-18,420.0,0.06,5954,1,45.508357421875004,87,228.8699951171875,0.05,0.07,2026-09-22 19:54:11,🚬菸屁股,HOLD,1
NVDA,2028-06-16,350.0,20.75,7681,1,43.33857931518554,633,228.8699951171875,20.05,20.95,2026-09-22 18:45:40,🔭LEAPS,HOLD,1
IBIT,2027-01-15,115.0,0.12,5476,1,65.03941210937501,115,48.83000183105469,0.08,0.1,2026-09-21 19:56:04,🚬菸屁股,HOLD,1
SMCI,2026-12-18,100.0,0.35,10275,1,95.70316796875,87,41.540000915527344,0.33,0.38,2026-09-22 19:11:00,🚬菸屁股,HOLD,1
SMCI,2026-12-18,110.0,0.28,2633,1,98.437515625,87,41.540000915527344,0.25,0.27,2026-09-21 17:25:25,🚬菸屁股,HOLD,1
SMCI,2027-01-15,95.0,0.4,1233,1,86.86536572265625,115,41.540000915527344,0.44,0.69,2026-09-15 16:15:15,🚬菸屁股,HOLD,1
SMCI,2027-01-15,105.0,0.47,13503,1,91.79695703125,115,41.540000915527344,0.47,0.5,2026-09-22 18:26:02,🚬菸屁股,HOLD,1
SMCI,2028-01-21,90.0,6.15,3492,1,82.65398205566406,486,41.540000915527344,6.35,6.55,2026-09-22 17:52:11,🔭LEAPS,HOLD,1
OKLO,2026-10-16,95.0,0.03,2293,1,125.78162109374999,24,40.45000076293945,0.0,0.06,2026-09-21 15:35:20,🚬菸屁股,HOLD,1
OKLO,2026-10-16,110.0,0.03,828,1,140.625296875,24,40.45000076293945,0.0,0.05,2026-09-22 17:56:51,🚬菸屁股,HOLD,1
OKLO,2026-11-20,165.0,0.1,1141,1,140.625296875,59,40.45000076293945,0.0,0.2,2026-09-01 14:04:23,🚬菸屁股,HOLD,1
OKLO,2026-12-18,95.0,0.2,1380,1,97.1679970703125,87,40.45000076293945,0.3,0.55,2026-09-21 13:32:59,🚬菸屁股,HOLD,1
OKLO,2026-12-18,115.0,0.09,1336,1,103.41845166015626,87,40.45000076293945,0.1,0.39,2026-09-22 14:07:20,🚬菸屁股,HOLD,1
OKLO,2027-01-15,110.0,0.49,3066,1,96.48441015625,115,40.45000076293945,0.38,0.53,2026-09-22 18:40:41,🚬菸屁股,HOLD,1
OKLO,2027-01-15,125.0,0.37,3397,1,100.9770576171875,115,40.45000076293945,0.21,0.49,2026-09-22 17:24:29,🚬菸屁股,HOLD,1
OKLO,2027-01-15,140.0,0.34,1007,1,104.98094384765626,115,40.45000076293945,0.2,0.36,2026-09-18 15:02:18,🚬菸屁股,HOLD,1
OKLO,2027-01-15,150.0,0.28,12827,1,109.18014160156251,115,40.45000076293945,0.2,0.35,2026-09-22 18:24:52,🚬菸屁股,HOLD,1
OKLO,2027-01-15,190.0,0.18,750,1,115.4301103515625,115,40.45000076293945,0.02,0.3,2026-09-18 15:07:21,🚬菸屁股,HOLD,1
OKLO,2027-01-15,230.0,0.01,1018,1,124.02381738281247,115,40.45000076293945,0.02,0.25,2026-09-22 16:41:34,🚬菸屁股,HOLD,1
OKLO,2027-01-15,250.0,0.1,1362,1,127.73473632812498,115,40.45000076293945,0.01,0.24,2026-09-18 15:08:39,🚬菸屁股,HOLD,1
OKLO,2028-01-21,145.0,4.2,1560,1,92.05330212402343,486,40.45000076293945,3.7,4.6,2026-09-02 18:17:10,🔭LEAPS,HOLD,1
VST,2026-10-16,190.0,0.09,771,1,51.17236328125,24,140.41000366210938,0.0,0.18,2026-09-22 15:58:39,🚬菸屁股,HOLD,1
VST,2026-11-20,195.0,0.92,2358,1,50.04932763671876,59,140.41000366210938,0.59,0.9,2026-09-22 16:56:05,🚬菸屁股,HOLD,1
VST,2026-12-18,235.0,0.5,2679,1,54.297332031250015,87,140.41000366210938,0.18,0.8,2026-09-18 15:53:27,🚬菸屁股,HOLD,1
VST,2026-12-18,280.0,0.47,883,1,64.99058447265625,87,140.41000366210938,0.0,0.68,2026-09-03 13:30:04,🚬菸屁股,HOLD,1
VST,2027-01-15,255.0,0.59,867,1,53.93112475585939,115,140.41000366210938,0.3,0.77,2026-09-18 17:22:38,🚬菸屁股,HOLD,1
VST,2027-01-15,290.0,0.18,3343,1,52.83250292968751,115,140.41000366210938,0.01,0.28,2026-09-22 13:47:13,🚬菸屁股,HOLD,1
RKLB,2028-01-21,145.0,11.44,5028,1,79.48628912353514,486,71.9800033569336,10.65,12.0,2026-09-22 19:14:44,🔭LEAPS,HOLD,1
RKLB,2028-01-21,180.0,8.35,1089,1,80.26753131103514,486,71.9800033569336,7.55,9.25,2026-09-22 19:11:55,🔭LEAPS,HOLD,1
RKLB,2028-01-21,195.0,5.6,1902,1,79.94404821777343,486,71.9800033569336,6.6,8.0,2026-09-21 13:30:00,🔭LEAPS,HOLD,1
ASTS,2028-01-21,145.0,8.7,1798,1,88.06774627685544,486,63.689998626708984,10.15,11.3,2026-09-18 19:47:42,🔭LEAPS,HOLD,1
ASTS,2028-01-21,170.0,7.95,1606,1,87.62219409179689,486,63.689998626708984,8.25,8.9,2026-09-22 15:56:19,🔭LEAPS,HOLD,1
IONQ,2026-10-16,85.0,0.03,2384,1,134.37532812499998,24,40.7400016784668,0.03,0.24,2026-09-21 18:50:28,🚬菸屁股,HOLD,1
IONQ,2026-11-20,140.0,0.07,1600,1,121.09414453124998,59,40.7400016784668,0.01,0.13,2026-09-22 17:53:31,🚬菸屁股,HOLD,1
IONQ,2027-01-15,100.0,0.45,4584,1,90.96688720703125,115,40.7400016784668,0.31,0.72,2026-09-22 17:20:55,🚬菸屁股,HOLD,1
IONQ,2028-01-21,85.0,5.3,1040,1,80.3590831298828,486,40.7400016784668,5.8,6.7,2026-09-15 18:07:30,🔭LEAPS,HOLD,1
IONQ,2028-01-21,90.0,5.92,2297,1,80.9022905883789,486,40.7400016784668,5.35,6.35,2026-09-21 18:49:03,🔭LEAPS,HOLD,1
UPST,2026-10-16,45.0,0.07,1446,1,89.062609375,24,25.969999313354492,0.0,0.05,2026-09-17 19:36:37,🚬菸屁股,HOLD,1
UPST,2027-01-15,60.0,0.16,3736,1,79.687703125,115,25.969999313354492,0.12,0.3,2026-09-22 16:34:37,🚬菸屁股,HOLD,1
UPST,2027-01-15,70.0,0.11,1681,1,80.27363476562499,115,25.969999313354492,0.04,0.15,2026-09-22 16:52:37,🚬菸屁股,HOLD,1
UPST,2028-01-21,20.0,10.35,1181,1,78.4181845703125,486,25.969999313354492,10.65,12.0,2026-09-17 19:53:07,🔭LEAPS,HOLD,1
UPST,2028-01-21,30.0,7.85,1728,1,77.95432202148437,486,25.969999313354492,7.6,8.05,2026-09-22 15:18:27,🔭LEAPS,HOLD,1
UPST,2028-01-21,42.5,4.8,2129,1,77.6369423828125,486,25.969999313354492,4.85,5.5,2026-09-18 14:42:49,🔭LEAPS,HOLD,1
SOFI,2026-11-20,34.0,0.03,1651,1,75.00025000000001,59,17.15999984741211,0.02,0.04,2026-09-22 14:09:49,🚬菸屁股,HOLD,1
DKNG,2026-12-18,60.0,0.03,1045,1,91.01571484374999,87,21.799999237060547,0.01,0.12,2026-09-18 15:27:35,🚬菸屁股,HOLD,1
DKNG,2026-12-18,80.0,0.01,871,1,109.375453125,87,21.799999237060547,0.0,0.11,2026-09-22 13:30:00,🚬菸屁股,HOLD,1
DKNG,2027-01-15,57.5,0.09,1258,1,74.2190078125,115,21.799999237060547,0.0,0.1,2026-09-22 15:10:19,🚬菸屁股,HOLD,1
DKNG,2027-01-15,70.0,0.01,3800,1,89.062609375,115,21.799999237060547,0.0,0.13,2026-09-18 14:28:15,🚬菸屁股,HOLD,1
DKNG,2028-01-21,60.0,0.86,4692,1,61.81678808593751,486,21.799999237060547,0.6,1.14,2026-09-22 15:40:06,🔭LEAPS,HOLD,1
IREN,2026-10-16,90.0,0.08,7415,1,104.68797656250001,24,48.54999923706055,0.05,0.1,2026-09-22 14:21:35,🚬菸屁股,HOLD,1
IREN,2026-10-16,105.0,0.05,849,1,113.28168359375002,24,48.54999923706055,0.01,0.05,2026-09-22 19:58:35,🚬菸屁股,HOLD,1
IREN,2026-11-20,130.0,0.17,1329,1,109.96138769531252,59,48.54999923706055,0.08,0.25,2026-09-22 14:13:36,🚬菸屁股,HOLD,1
IREN,2026-12-18,130.0,0.31,991,1,104.39500927734377,87,48.54999923706055,0.31,0.52,2026-09-17 18:31:35,🚬菸屁股,HOLD,1
IREN,2026-12-18,135.0,0.4,820,1,106.54343603515626,87,48.54999923706055,0.33,0.46,2026-09-22 14:22:02,🚬菸屁股,HOLD,1
IREN,2028-06-16,110.0,11.8,6412,1,91.83968121337891,633,48.54999923706055,11.3,12.5,2026-09-22 15:12:55,🔭LEAPS,HOLD,1
PATH,2026-10-16,19.0,0.03,1377,1,94.33599414062499,24,13.25,0.0,0.25,2026-09-22 17:34:50,🚬菸屁股,HOLD,1
PATH,2026-11-20,21.0,0.1,1301,1,66.40658593750001,59,13.25,0.02,0.14,2026-09-22 13:52:53,🚬菸屁股,HOLD,1
PATH,2027-01-15,37.0,0.15,4809,1,85.1563984375,115,13.25,0.02,0.1,2026-09-21 13:30:03,🚬菸屁股,HOLD,1
PATH,2028-01-21,5.0,9.19,2514,1,102.34423828125001,486,13.25,8.8,9.7,2026-09-18 19:03:14,🔭LEAPS,HOLD,1
ROKU,2026-12-18,175.0,0.75,1272,1,27.564200927734372,87,154.25,0.0,2.1,2026-09-18 13:30:35,🚬菸屁股,HOLD,1
TDOC,2028-01-21,15.0,0.5,5919,1,69.92217578125,486,6.349999904632568,0.49,0.61,2026-09-22 17:29:20,🔭LEAPS,HOLD,1
ZM,2027-01-15,160.0,0.23,820,1,53.12546875,115,90.94999694824219,0.0,0.82,2026-09-22 14:39:26,🚬菸屁股,HOLD,1
ZM,2027-01-15,165.0,0.2,1912,1,51.95360546875,115,90.94999694824219,0.15,0.4,2026-09-22 14:38:30,🚬菸屁股,HOLD,1
XYZ,2026-12-18,145.0,0.09,1405,1,58.6918193359375,87,77.52999877929688,0.05,0.27,2026-09-16 16:23:19,🚬菸屁股,HOLD,1
XYZ,2027-01-15,120.0,0.43,920,1,49.43898217773438,115,77.52999877929688,0.31,0.67,2026-09-22 16:32:01,🚬菸屁股,HOLD,1
XYZ,2027-01-15,125.0,0.44,5157,1,48.58449853515625,115,77.52999877929688,0.21,0.44,2026-09-22 19:27:28,🚬菸屁股,HOLD,1
XYZ,2028-01-21,115.0,7.85,866,1,51.00757000732423,486,77.52999877929688,7.7,8.65,2026-09-17 13:54:14,🔭LEAPS,HOLD,1
OPEN,2027-01-15,9.0,0.03,5260,1,118.75040625,115,2.759999990463257,0.02,0.08,2026-09-21 15:05:23,🚬菸屁股,HOLD,1
OPEN,2027-02-19,7.0,0.11,5881,1,107.42233789062503,150,2.759999990463257,0.09,0.15,2026-09-22 16:54:21,🚬菸屁股,HOLD,1
OPEN,2028-06-16,7.0,0.72,826,1,100.68409033203123,633,2.759999990463257,0.71,0.76,2026-09-22 16:05:02,🔭LEAPS,HOLD,1
NTLA,2026-10-16,16.0,0.15,963,1,69.5315546875,24,12.6899995803833,0.1,0.15,2026-09-22 19:07:27,🚬菸屁股,HOLD,1
NTLA,2026-10-16,17.0,0.1,1727,1,89.64854101562499,24,12.6899995803833,0.05,0.3,2026-09-22 19:02:45,🚬菸屁股,HOLD,1
BEAM,2028-01-21,35.0,5.3,881,1,70.898728515625,486,25.93000030517578,3.5,8.0,2026-09-22 14:59:35,🔭LEAPS,HOLD,1
BEAM,2028-01-21,40.0,4.0,2248,1,66.47982739257814,486,25.93000030517578,2.0,6.5,2026-09-17 14:41:18,🔭LEAPS,HOLD,1
PACB,2026-12-18,2.0,0.1,1820,1,86.7188828125,87,1.4700000286102295,0.05,0.15,2026-09-22 19:24:24,🚬菸屁股,HOLD,1
PACB,2027-01-15,1.0,0.47,2167,1,137.50031249999998,115,1.4700000286102295,0.3,0.65,2026-09-22 13:54:46,🚬菸屁股,HOLD,1
PACB,2027-01-15,5.0,0.05,3475,1,120.3128984375,115,1.4700000286102295,0.0,0.05,2026-09-04 19:53:44,🚬菸屁股,HOLD,1
HIMS,2026-12-18,65.0,0.47,805,1,97.6562734375,87,30.43000030517578,0.4,0.61,2026-09-22 18:00:56,🚬菸屁股,HOLD,1
HIMS,2026-12-18,80.0,0.16,3420,1,99.41406835937501,87,30.43000030517578,0.09,0.33,2026-09-21 14:11:00,🚬菸屁股,HOLD,1
HIMS,2026-12-18,95.0,0.12,970,1,111.5238798828125,87,30.43000030517578,0.09,0.3,2026-09-17 15:46:42,🚬菸屁股,HOLD,1
HIMS,2028-01-21,47.0,6.25,754,1,83.82584533691406,486,30.43000030517578,6.45,8.35,2026-09-18 15:27:35,🔭LEAPS,HOLD,1
HIMS,2028-01-21,80.0,4.4,1029,1,84.76577734374999,486,30.43000030517578,3.1,4.55,2026-09-22 17:53:47,🔭LEAPS,HOLD,1
ONDS,2026-10-02,11.0,0.01,1276,1,96.87503124999999,10,7.71999979019165,0.0,0.02,2026-09-22 19:36:36,🚬菸屁股,HOLD,1
ONDS,2026-10-02,12.0,0.01,996,1,129.6878515625,10,7.71999979019165,0.0,0.04,2026-09-22 17:48:57,🚬菸屁股,HOLD,1
ONDS,2026-12-18,16.0,0.05,1241,1,89.062609375,87,7.71999979019165,0.05,0.14,2026-09-21 16:46:06,🚬菸屁股,HOLD,1
ONDS,2026-12-18,17.0,0.1,3125,1,86.7188828125,87,7.71999979019165,0.03,0.09,2026-09-22 14:40:40,🚬菸屁股,HOLD,1
ONDS,2027-01-15,19.0,0.1,1029,1,89.84385156249999,115,7.71999979019165,0.05,0.13,2026-09-22 15:39:44,🚬菸屁股,HOLD,1
LUNR,2026-12-18,40.0,0.1,1319,1,97.6562734375,87,16.239999771118164,0.09,0.19,2026-09-22 15:55:23,🚬菸屁股,HOLD,1
LUNR,2027-01-15,32.0,0.49,3258,1,92.57819921875,115,16.239999771118164,0.43,0.63,2026-09-22 14:28:17,🚬菸屁股,HOLD,1
JOBY,2026-10-16,11.0,0.01,5547,1,84.37515624999999,24,6.440000057220459,0.0,0.01,2026-09-21 16:13:18,🚬菸屁股,HOLD,1
JOBY,2027-01-15,27.0,0.03,1490,1,108.59420703125,115,6.440000057220459,0.0,0.05,2026-08-24 17:27:12,🚬菸屁股,HOLD,1
JOBY,2028-01-21,27.0,0.33,1916,1,80.37129003906249,486,6.440000057220459,0.25,0.35,2026-09-21 13:33:09,🔭LEAPS,HOLD,1
JOBY,2028-01-21,30.0,0.38,5333,1,85.35170898437501,486,6.440000057220459,0.21,0.43,2026-09-22 15:30:35,🔭LEAPS,HOLD,1
ACHR,2027-01-15,13.0,0.11,4937,1,85.1563984375,115,5.690000057220459,0.04,0.1,2026-09-21 13:33:23,🚬菸屁股,HOLD,1
SMR,2027-01-15,27.0,0.12,1986,1,103.51610742187502,115,8.890000343322754,0.01,0.18,2026-09-22 19:48:23,🚬菸屁股,HOLD,1
SMR,2027-01-15,50.0,0.03,4937,1,129.6878515625,115,8.890000343322754,0.04,0.05,2026-09-22 15:52:33,🚬菸屁股,HOLD,1
NNE,2027-01-15,27.0,0.8,4766,1,82.56853369140623,115,17.31999969482422,0.85,0.95,2026-09-22 14:50:02,🚬菸屁股,HOLD,1
NNE,2027-01-15,60.0,0.07,1817,1,102.34423828125001,115,17.31999969482422,0.05,0.15,2026-09-17 17:03:12,🚬菸屁股,HOLD,1
NNE,2028-01-21,25.0,4.7,754,1,90.3321279296875,486,17.31999969482422,4.7,5.4,2026-09-22 13:38:13,🔭LEAPS,HOLD,1
CRWV,2026-10-16,185.0,0.04,852,1,110.54732226562503,24,86.76000213623047,0.01,0.09,2026-09-22 15:40:14,🚬菸屁股,HOLD,1
CRWV,2026-10-16,200.0,0.01,3513,1,112.5004375,24,86.76000213623047,0.01,0.04,2026-09-22 16:57:36,🚬菸屁股,HOLD,1
CRWV,2026-12-18,195.0,0.54,1164,1,88.96495410156248,87,86.76000213623047,0.64,0.75,2026-09-17 13:51:27,🚬菸屁股,HOLD,1
CRWV,2027-01-15,210.0,0.76,2999,1,86.93860717773438,115,86.76000213623047,0.84,0.99,2026-09-18 13:31:52,🚬菸屁股,HOLD,1
CRWV,2027-01-15,260.0,0.38,1923,1,89.59971337890623,115,86.76000213623047,0.34,0.44,2026-09-22 17:50:51,🚬菸屁股,HOLD,1
PCG,2026-10-16,21.0,0.03,4370,1,113.28168359375002,24,12.880000114440918,0.0,0.2,2026-09-17 17:51:55,🚬菸屁股,HOLD,1
PCG,2026-10-16,23.0,0.05,5040,1,126.172244140625,24,12.880000114440918,0.0,0.18,2026-09-21 14:18:29,🚬菸屁股,HOLD,1
PCG,2026-12-18,23.0,0.28,6197,1,65.23472265625001,87,12.880000114440918,0.0,0.15,2026-09-10 14:56:17,🚬菸屁股,HOLD,1
PCG,2027-01-15,19.0,0.22,25918,1,54.297332031250015,115,12.880000114440918,0.18,0.28,2026-09-22 17:28:41,🚬菸屁股,HOLD,1
PCG,2028-01-21,17.0,1.25,2478,1,51.41650146484375,486,12.880000114440918,1.2,1.79,2026-09-22 18:18:49,🔭LEAPS,HOLD,1
PCG,2028-01-21,35.0,0.14,3654,1,80.5666005859375,486,12.880000114440918,0.1,2.56,2026-09-15 15:30:39,🔭LEAPS,HOLD,1
TJX,2026-10-16,170.0,0.05,1175,1,46.48491015625,24,130.7899932861328,0.0,0.1,2026-09-22 15:31:03,🚬菸屁股,HOLD,1
TJX,2026-12-18,160.0,0.62,924,1,27.71068383789062,87,130.7899932861328,0.35,0.6,2026-09-22 14:24:11,🚬菸屁股,HOLD,1
NKE,2026-11-20,70.0,0.03,1846,1,67.57844921875001,59,36.099998474121094,0.01,0.06,2026-09-22 13:30:04,🚬菸屁股,HOLD,1
NKE,2026-12-18,67.5,0.11,1038,1,59.766027343750004,87,36.099998474121094,0.05,0.12,2026-09-22 14:32:32,🚬菸屁股,HOLD,1
NKE,2026-12-18,77.5,0.04,875,1,65.62534375000001,87,36.099998474121094,0.0,0.1,2026-09-18 13:30:01,🚬菸屁股,HOLD,1
NKE,2026-12-18,80.0,0.09,10143,1,70.70341796875,87,36.099998474121094,0.04,0.1,2026-09-22 14:23:52,🚬菸屁股,HOLD,1
NKE,2026-12-18,100.0,0.03,14338,1,80.07832421875,87,36.099998474121094,0.02,0.05,2026-09-22 19:47:41,🚬菸屁股,HOLD,1
NKE,2027-01-15,80.0,0.15,15214,1,64.25816992187501,115,36.099998474121094,0.05,0.14,2026-09-22 13:36:34,🚬菸屁股,HOLD,1
NKE,2027-01-15,90.0,0.04,3619,1,68.35969140625001,115,36.099998474121094,0.02,0.11,2026-09-22 18:56:44,🚬菸屁股,HOLD,1
NKE,2028-01-21,67.5,1.26,1360,1,46.41166870117188,486,36.099998474121094,1.14,1.55,2026-09-22 15:34:46,🔭LEAPS,HOLD,1
NKE,2028-06-16,35.0,9.01,1018,1,46.66801379394532,633,36.099998474121094,8.55,9.15,2026-09-22 14:01:26,🔭LEAPS,HOLD,1
NKE,2028-06-16,40.0,6.8,2140,1,47.10746252441406,633,36.099998474121094,6.65,7.45,2026-09-22 16:06:52,🔭LEAPS,HOLD,1
KHC,2026-12-18,40.0,0.01,1173,1,46.48491015625,87,24.0,0.0,0.03,2026-09-21 17:07:09,🚬菸屁股,HOLD,1
KHC,2027-01-15,45.0,0.03,946,1,45.703667968750004,115,24.0,0.0,0.02,2026-09-17 18:41:25,🚬菸屁股,HOLD,1
KHC,2027-01-15,47.5,0.02,1543,1,58.789474609375006,115,24.0,0.0,0.16,2026-08-26 17:42:26,🚬菸屁股,HOLD,1
KHC,2027-01-15,50.0,0.01,3675,1,53.51608984375,115,24.0,0.01,0.04,2026-09-21 17:21:03,🚬菸屁股,HOLD,1
KVUE,2027-01-15,30.0,0.07,2871,1,55.859816406250005,115,17.860000610351562,0.0,0.15,2026-07-27 19:04:53,🚬菸屁股,HOLD,1
WMB,2026-10-02,79.0,0.17,1948,1,43.555251953125,10,70.9800033569336,0.0,0.2,2026-09-21 13:35:31,🚬菸屁股,HOLD,1
META,2026-12-18,1290.0,0.84,8569,1,49.951672363281254,87,736.594970703125,0.71,0.91,2026-09-22 18:30:17,🚬菸屁股,HOLD,1
META,2026-12-18,1420.0,0.33,816,1,52.31981274414061,87,736.594970703125,0.23,0.65,2026-09-22 19:08:38,🚬菸屁股,HOLD,1
MS,2026-10-02,235.0,0.04,1468,1,50.43994873046876,10,200.17999267578125,0.0,0.25,2026-09-22 14:16:49,🚬菸屁股,HOLD,1
MS,2026-11-20,250.0,0.45,841,1,36.63393444824219,59,200.17999267578125,0.4,0.98,2026-09-22 19:19:13,🚬菸屁股,HOLD,1
AMZN,2026-10-16,370.0,0.05,4541,1,52.14891601562499,24,254.97999572753906,0.0,0.04,2026-09-22 14:42:51,🚬菸屁股,HOLD,1
AMZN,2026-10-16,380.0,0.01,6120,1,56.055126953125,24,254.97999572753906,0.0,0.09,2026-09-22 16:06:26,🚬菸屁股,HOLD,1
AMZN,2026-12-18,355.0,0.81,1197,1,38.52600537109374,87,254.97999572753906,0.68,0.92,2026-09-22 19:33:26,🚬菸屁股,HOLD,1
GOOGL,2026-10-16,460.0,0.1,7189,1,45.4107021484375,24,351.1600036621094,0.01,0.19,2026-09-22 16:39:14,🚬菸屁股,HOLD,1
GOOGL,2026-10-16,530.0,0.11,5848,1,56.836369140624996,24,351.1600036621094,0.0,0.11,2026-09-22 14:17:34,🚬菸屁股,HOLD,1
GOOGL,2026-10-16,540.0,0.06,6396,1,69.38507177734375,24,351.1600036621094,0.0,0.47,2026-09-22 14:43:35,🚬菸屁股,HOLD,1
GOOGL,2026-10-16,600.0,0.03,1438,1,71.0940390625,24,351.1600036621094,0.0,0.1,2026-09-22 13:48:36,🚬菸屁股,HOLD,1
GOOGL,2026-11-20,480.0,0.68,3535,1,40.89414575195312,59,351.1600036621094,0.65,0.78,2026-09-22 16:14:54,🚬菸屁股,HOLD,1
GOOGL,2026-11-20,490.0,0.74,5124,1,43.23787231445312,59,351.1600036621094,0.26,0.8,2026-09-22 14:46:19,🚬菸屁股,HOLD,1
GOOGL,2026-11-20,510.0,0.37,2454,1,45.48394360351563,59,351.1600036621094,0.08,0.62,2026-09-21 13:50:25,🚬菸屁股,HOLD,1
GOOGL,2026-11-20,800.0,0.02,8201,1,68.7503125,59,351.1600036621094,0.02,0.11,2026-09-22 13:30:02,🚬菸屁股,HOLD,1
GOOGL,2026-12-18,510.0,0.9,2148,1,40.02745520019532,87,351.1600036621094,0.53,0.92,2026-09-22 15:30:14,🚬菸屁股,HOLD,1
GOOGL,2026-12-18,560.0,0.34,2599,1,44.336494140625,87,351.1600036621094,0.2,0.55,2026-09-18 14:48:37,🚬菸屁股,HOLD,1
GOOGL,2026-12-18,600.0,0.15,821,1,44.87359814453124,87,351.1600036621094,0.06,0.25,2026-09-22 13:34:54,🚬菸屁股,HOLD,1
GOOGL,2026-12-18,610.0,0.17,2576,1,47.6567734375,87,351.1600036621094,0.07,0.33,2026-09-22 13:58:12,🚬菸屁股,HOLD,1
GOOGL,2028-01-21,610.0,11.35,2634,1,39.194333648681635,486,351.1600036621094,9.1,11.1,2026-09-22 15:35:31,🔭LEAPS,HOLD,1
GOOGL,2028-01-21,640.0,8.3,1314,1,40.25633474731446,486,351.1600036621094,7.3,10.05,2026-09-18 16:56:50,🔭LEAPS,HOLD,1
GOOGL,2028-01-21,690.0,5.69,2944,1,39.148557739257804,486,351.1600036621094,6.05,6.5,2026-09-16 17:28:03,🔭LEAPS,HOLD,1
BAC,2027-01-15,85.0,0.01,857,1,35.6451748046875,115,56.20000076293945,0.0,0.1,2026-09-21 18:58:01,🚬菸屁股,HOLD,1
BRK-B,2026-10-16,545.0,0.24,1451,1,16.639017211914066,24,503.489990234375,0.21,0.31,2026-09-22 15:47:33,🚬菸屁股,HOLD,1
BRK-B,2027-01-15,750.0,0.12,5290,1,28.662822753906248,115,503.489990234375,0.02,0.22,2026-09-22 13:33:57,🚬菸屁股,HOLD,1
BRK-B,2028-01-21,640.0,12.0,2041,1,21.54466883850098,486,503.489990234375,11.0,12.55,2026-09-21 19:18:12,🔭LEAPS,HOLD,1
BRK-B,2028-01-21,700.0,4.75,865,1,20.710021423339843,486,503.489990234375,4.1,5.45,2026-09-22 15:13:16,🔭LEAPS,HOLD,1
BRK-B,2028-01-21,740.0,2.95,1276,1,20.572693695068356,486,503.489990234375,2.25,3.2,2026-09-21 13:38:31,🔭LEAPS,HOLD,1
NEE,2026-12-18,110.0,0.04,1702,1,37.305314453125,87,79.26000213623047,0.0,0.25,2026-09-22 14:02:19,🚬菸屁股,HOLD,1
NEE,2026-12-18,115.0,0.16,2591,1,30.4694453125,87,79.26000213623047,0.0,0.03,2026-09-09 14:21:50,🚬菸屁股,HOLD,1
NEE,2027-01-15,115.0,0.04,1442,1,32.27606787109374,115,79.26000213623047,0.0,0.13,2026-09-22 17:26:04,🚬菸屁股,HOLD,1
NEE,2028-01-21,95.0,3.99,1102,1,24.781025634765623,486,79.26000213623047,3.7,3.95,2026-09-22 15:33:39,🔭LEAPS,HOLD,1
SEDG,2026-10-16,80.0,0.05,1700,1,144.140904296875,24,36.08000183105469,0.0,0.25,2026-08-24 15:27:41,🚬菸屁股,HOLD,1
SEDG,2026-11-20,75.0,0.2,890,1,101.66064794921877,59,36.08000183105469,0.08,0.56,2026-08-24 17:24:19,🚬菸屁股,HOLD,1
META,2026-09-25,1000.0,0.01,982,800,84.37515624999999,3,736.594970703125,0.0,0.01,2026-09-22 19:37:32,🎲末日結算 🆕新倉暴量 🚬菸屁股 ⚠️尾段價外(36%) ⚠️暴動高IV(84%),GAMBLE,-1
HOOD,2026-09-25,185.0,0.01,1432,515,121.875390625,3,124.25,0.0,0.01,2026-09-22 14:30:59,🎲末日結算 🆕新倉暴量 🚬菸屁股 ⚠️尾段價外(49%) ⚠️暴動高IV(122%),GAMBLE,-1
