Stock,Expiry,Strike,Ask,OpenInterest,Volume,IV,DTE,Tags,Action,Score
AAPL,2026-06-05,315.0,0.01,32330,278486,19.92267578125,-1,🎲末日結算 🚨異常掃貨 🚀點火(5.3x) 🚬菸屁股 🔥萬人塚,GAMBLE,9
F,2026-07-17,16.0,0.5,20144,45405,45.0200810546875,41,🚨異常掃貨 🚀點火(23.6x) 🚬菸屁股,STRONG_BUY,9
AMZN,2026-08-21,350.0,0.73,2995,35577,41.90731921386719,76,🚨異常掃貨 🚀點火(1226.8x) 🚬菸屁股,STRONG_BUY,9
F,2026-08-21,20.0,0.2,1740,5421,50.586431640624994,76,🚨異常掃貨 🚀點火(45.2x) 🚬菸屁股,STRONG_BUY,9
F,2026-08-21,17.0,0.57,1760,5339,47.60794580078125,76,🚨異常掃貨 🚀點火(51.8x) 🚬菸屁股,STRONG_BUY,9
HOOD,2026-07-17,125.0,0.65,3584,4437,78.95528857421876,41,🚨異常掃貨 🆕新倉暴量 🚬菸屁股,STRONG_BUY,9
PATH,2026-09-18,15.0,0.85,2251,4100,80.664255859375,104,🚨異常掃貨 🆕新倉暴量 🚬菸屁股,STRONG_BUY,9
AMZN,2026-08-21,295.0,3.95,7358,36501,39.050902465820315,76,🚨異常掃貨 🆕新倉暴量,STRONG_BUY,8
AMZN,2026-08-21,370.0,0.35,43098,35178,43.140217041015624,76,🚀點火(1407.1x) 🚬菸屁股 🔥萬人塚,BUY_WATCH,8
NVDA,2026-09-18,255.0,5.86,5775,32035,46.01494415283204,104,🚨異常掃貨 🆕新倉暴量,STRONG_BUY,8
AMZN,2026-07-17,300.0,0.7,50582,26154,35.40103662109374,41,🚀點火(7.4x) 🚬菸屁股 🔥萬人塚,BUY_WATCH,8
HPE,2026-09-18,55.0,5.7,4425,10139,73.29128271484375,104,🚨異常掃貨 🆕新倉暴量,STRONG_BUY,8
F,2026-09-18,17.0,0.67,42584,5790,45.703667968750004,104,🚀點火(4.6x) 🚬菸屁股 🔥萬人塚,BUY_WATCH,8
ACHR,2026-07-17,7.0,0.24,35519,5136,87.89074609375,41,🚀點火(4.0x) 🚬菸屁股 🔥萬人塚,BUY_WATCH,8
SOFI,2026-09-18,40.0,0.1,31747,2607,85.937640625,104,🚀點火(7.5x) 🚬菸屁股 🔥萬人塚,BUY_WATCH,8
ACHR,2027-01-15,10.0,0.64,42653,2175,94.33599414062499,223,🚀點火(5.8x) 🚬菸屁股 🔥萬人塚,BUY_WATCH,8
BBAI,2027-01-15,10.0,0.47,61675,2034,111.328568359375,223,🚀點火(3.8x) 🚬菸屁股 🔥萬人塚,BUY_WATCH,8
SOFI,2027-01-15,30.0,0.85,70247,2031,72.851833984375,223,🚀點火(3.0x) 🚬菸屁股 🔥萬人塚,BUY_WATCH,8
IBIT,2027-01-15,70.0,0.43,31591,1363,55.51802294921876,223,🚀點火(4.6x) 🚬菸屁股 🔥萬人塚,BUY_WATCH,8
SMR,2027-01-15,14.0,2.73,863,1350,113.13519995117187,223,🚨異常掃貨 🆕新倉暴量,STRONG_BUY,8
NVDA,2028-01-21,300.0,26.18,91390,1311,50.02491381835939,594,🚀點火(7.5x) 🔭LEAPS 🔥萬人塚,BUY_WATCH,8
ZS,2026-07-17,165.0,2.2,921,1217,64.86851538085938,41,🚨異常掃貨 🆕新倉暴量,STRONG_BUY,8
ACHR,2026-07-17,10.0,0.04,33388,834,100.78174609374999,41,🚀點火(5.5x) 🚬菸屁股 🔥萬人塚,BUY_WATCH,8
SOFI,2027-01-15,35.0,0.58,34304,668,74.7072841796875,223,🚀點火(3.2x) 🚬菸屁股 🔥萬人塚,BUY_WATCH,8
IBIT,2027-01-15,90.0,0.21,37779,525,61.62147753906251,223,🚀點火(8.5x) 🚬菸屁股 🔥萬人塚,BUY_WATCH,8
NVDA,2028-01-21,250.0,37.88,34654,504,50.52234536743164,594,🚀點火(6.4x) 🔭LEAPS 🔥萬人塚,BUY_WATCH,8
DKNG,2026-08-21,30.0,0.99,40719,300,55.9574716796875,76,🚀點火(2.7x) 🚬菸屁股 🔥萬人塚,BUY_WATCH,8
IBIT,2026-09-18,65.0,0.13,34502,293,60.644924804687506,104,🚀點火(2.7x) 🚬菸屁股 🔥萬人塚,BUY_WATCH,8
NVDA,2028-01-21,400.0,13.5,50172,151,50.33924172973633,594,🚀點火(3.7x) 🔭LEAPS 🔥萬人塚,BUY_WATCH,8
DKNG,2026-11-20,37.5,0.94,30606,28,56.9340244140625,167,🚀點火(28.0x) 🚬菸屁股 🔥萬人塚,BUY_WATCH,8
NVDA,2026-06-05,210.0,0.01,10358,382204,20.313296875,-1,🎲末日結算 🚨異常掃貨 🚀點火(21.5x) 🚬菸屁股,GAMBLE,7
NVDA,2026-06-05,212.5,0.01,6396,220147,28.906960937499992,-1,🎲末日結算 🚨異常掃貨 🚀點火(5.0x) 🚬菸屁股,GAMBLE,7
AAPL,2026-06-05,317.5,0.01,25544,122920,25.391371093750003,-1,🎲末日結算 🚨異常掃貨 🚀點火(2.9x) 🚬菸屁股,GAMBLE,7
NVDA,2026-06-05,205.0,0.29,5679,70511,6.250937500000001,-1,🎲末日結算 🚨異常掃貨 🆕新倉暴量 🚬菸屁股,GAMBLE,7
MU,2026-06-05,950.0,0.01,1762,59429,56.250437500000004,-1,🎲末日結算 🚨異常掃貨 🆕新倉暴量 🚬菸屁股,GAMBLE,7
GOOGL,2026-06-05,372.5,0.01,6108,47635,9.37590625,-1,🎲末日結算 🚨異常掃貨 🚀點火(2.6x) 🚬菸屁股,GAMBLE,7
TSLA,2026-06-05,422.5,0.01,7590,40279,50.0005,-1,🎲末日結算 🚨異常掃貨 🆕新倉暴量 🚬菸屁股,GAMBLE,7
MU,2026-06-05,900.0,0.02,2188,37755,28.125718749999994,-1,🎲末日結算 🚨異常掃貨 🆕新倉暴量 🚬菸屁股,GAMBLE,7
SOFI,2026-06-05,16.5,0.01,10063,36018,45.313046875000005,-1,🎲末日結算 🚨異常掃貨 🆕新倉暴量 🚬菸屁股,GAMBLE,7
MRVL,2026-06-05,300.0,0.36,4671,28273,141.9924775390625,-1,🎲末日結算 🚨異常掃貨 🆕新倉暴量 🚬菸屁股,GAMBLE,7
SOFI,2026-06-05,16.0,0.09,7750,26549,25.00075,-1,🎲末日結算 🚨異常掃貨 🆕新倉暴量 🚬菸屁股,GAMBLE,7
MU,2026-06-05,1000.0,0.01,8068,24586,84.37515624999999,-1,🎲末日結算 🚨異常掃貨 🆕新倉暴量 🚬菸屁股,GAMBLE,7
TSLA,2026-06-05,427.5,0.02,5157,24332,56.250437500000004,-1,🎲末日結算 🚨異常掃貨 🆕新倉暴量 🚬菸屁股,GAMBLE,7
AMZN,2026-06-05,250.0,0.01,3700,22479,14.063359375000001,-1,🎲末日結算 🚨異常掃貨 🚀點火(4.5x) 🚬菸屁股,GAMBLE,7
META,2026-06-05,630.0,0.01,4375,20507,41.4068359375,-1,🎲末日結算 🚨異常掃貨 🆕新倉暴量 🚬菸屁股,GAMBLE,7
TSLA,2026-06-05,432.5,0.01,5810,19729,64.062859375,-1,🎲末日結算 🚨異常掃貨 🆕新倉暴量 🚬菸屁股,GAMBLE,7
META,2026-06-05,620.0,0.01,3584,19205,31.250687499999998,-1,🎲末日結算 🚨異常掃貨 🆕新倉暴量 🚬菸屁股,GAMBLE,7
ONDS,2026-06-05,11.0,0.01,3737,16190,56.250437500000004,-1,🎲末日結算 🚨異常掃貨 🆕新倉暴量 🚬菸屁股,GAMBLE,7
META,2026-06-05,610.0,0.03,1702,16152,20.703917968749998,-1,🎲末日結算 🚨異常掃貨 🆕新倉暴量 🚬菸屁股,GAMBLE,7
SMCI,2026-06-05,42.0,0.01,5191,16042,14.45398046875,-1,🎲末日結算 🚨異常掃貨 🆕新倉暴量 🚬菸屁股,GAMBLE,7
PLTR,2026-06-05,138.0,0.01,8679,15586,17.188328125,-1,🎲末日結算 🚨異常掃貨 🆕新倉暴量 🚬菸屁股,GAMBLE,7
ASTS,2026-06-05,100.0,0.01,1125,15199,50.0005,-1,🎲末日結算 🚨異常掃貨 🆕新倉暴量 🚬菸屁股,GAMBLE,7
HOOD,2026-06-05,82.0,0.52,1457,13267,25.391371093750003,-1,🎲末日結算 🚨異常掃貨 🆕新倉暴量 🚬菸屁股,GAMBLE,7
META,2026-06-05,615.0,0.01,2037,13245,26.17261328125,-1,🎲末日結算 🚨異常掃貨 🆕新倉暴量 🚬菸屁股,GAMBLE,7
META,2026-06-05,625.0,0.01,3599,13228,36.32876171875,-1,🎲末日結算 🚨異常掃貨 🆕新倉暴量 🚬菸屁股,GAMBLE,7
MU,2026-06-05,970.0,0.01,1140,12284,71.87528125,-1,🎲末日結算 🚨異常掃貨 🆕新倉暴量 🚬菸屁股,GAMBLE,7
ONDS,2026-06-05,11.5,0.01,2880,12271,93.7500625,-1,🎲末日結算 🚨異常掃貨 🚀點火(3.0x) 🚬菸屁股,GAMBLE,7
META,2026-06-05,600.0,0.04,1434,11187,11.231356445312498,-1,🎲末日結算 🚨異常掃貨 🆕新倉暴量 🚬菸屁股,GAMBLE,7
MU,2026-06-05,960.0,0.01,1273,11018,62.500375000000005,-1,🎲末日結算 🚨異常掃貨 🆕新倉暴量 🚬菸屁股,GAMBLE,7
HOOD,2026-06-05,83.0,0.03,2028,10546,12.696185546875,-1,🎲末日結算 🚨異常掃貨 🚀點火(3.6x) 🚬菸屁股,GAMBLE,7
META,2026-06-05,612.5,0.01,3703,9995,23.438265625,-1,🎲末日結算 🚨異常掃貨 🆕新倉暴量 🚬菸屁股,GAMBLE,7
NBIS,2026-06-05,240.0,0.01,878,9940,39.8443515625,-1,🎲末日結算 🚨異常掃貨 🆕新倉暴量 🚬菸屁股,GAMBLE,7
SMCI,2026-06-05,44.0,0.01,6338,9552,53.12546875,-1,🎲末日結算 🚨異常掃貨 🆕新倉暴量 🚬菸屁股,GAMBLE,7
MU,2026-06-05,980.0,0.02,848,9192,78.12521875,-1,🎲末日結算 🚨異常掃貨 🆕新倉暴量 🚬菸屁股,GAMBLE,7
META,2026-06-05,640.0,0.01,6225,8863,50.7817421875,-1,🎲末日結算 🚨異常掃貨 🆕新倉暴量 🚬菸屁股,GAMBLE,7
AMZN,2026-06-05,247.5,0.01,1260,8749,6.250937500000001,-1,🎲末日結算 🚨異常掃貨 🆕新倉暴量 🚬菸屁股,GAMBLE,7
MU,2026-06-05,880.0,0.5,1833,8646,26.29468237304688,-1,🎲末日結算 🚨異常掃貨 🆕新倉暴量 🚬菸屁股,GAMBLE,7
HIMS,2026-06-05,26.0,0.16,2558,8466,24.61012890625,-1,🎲末日結算 🚨異常掃貨 🆕新倉暴量 🚬菸屁股,GAMBLE,7
META,2026-06-05,635.0,0.01,3918,8211,46.0942890625,-1,🎲末日結算 🚨異常掃貨 🆕新倉暴量 🚬菸屁股,GAMBLE,7
META,2026-06-05,622.5,0.01,1099,8167,33.5944140625,-1,🎲末日結算 🚨異常掃貨 🆕新倉暴量 🚬菸屁股,GAMBLE,7
F,2026-06-05,15.0,0.01,6579,8095,14.063359375000001,-1,🎲末日結算 🚨異常掃貨 🚀點火(4.0x) 🚬菸屁股,GAMBLE,7
SMCI,2026-06-05,42.5,0.04,4730,7437,23.438265625,-1,🎲末日結算 🚨異常掃貨 🆕新倉暴量 🚬菸屁股,GAMBLE,7
META,2026-06-05,627.5,0.01,1061,7412,39.063109374999996,-1,🎲末日結算 🚨異常掃貨 🆕新倉暴量 🚬菸屁股,GAMBLE,7
META,2026-06-05,607.5,0.01,941,7309,17.9695703125,-1,🎲末日結算 🚨異常掃貨 🆕新倉暴量 🚬菸屁股,GAMBLE,7
ASTS,2026-06-05,95.0,0.02,1106,6986,24.024197265625,-1,🎲末日結算 🚨異常掃貨 🆕新倉暴量 🚬菸屁股,GAMBLE,7
OPEN,2026-06-05,4.5,0.01,2909,6124,40.62559375,-1,🎲末日結算 🚨異常掃貨 🆕新倉暴量 🚬菸屁股,GAMBLE,7
ASTS,2026-06-05,105.0,0.01,1624,5816,81.2501875,-1,🎲末日結算 🚨異常掃貨 🚀點火(2.6x) 🚬菸屁股,GAMBLE,7
HIMS,2026-06-05,27.0,0.01,3214,5612,35.1568984375,-1,🎲末日結算 🚨異常掃貨 🚀點火(3.1x) 🚬菸屁股,GAMBLE,7
CRWV,2026-06-05,105.0,0.02,1967,5376,39.063109374999996,-1,🎲末日結算 🚨異常掃貨 🚀點火(8.4x) 🚬菸屁股,GAMBLE,7
NBIS,2026-06-05,230.0,0.1,1295,5268,18.164880859375,-1,🎲末日結算 🚨異常掃貨 🆕新倉暴量 🚬菸屁股,GAMBLE,7
NBIS,2026-06-05,250.0,0.01,1482,5261,62.500375000000005,-1,🎲末日結算 🚨異常掃貨 🆕新倉暴量 🚬菸屁股,GAMBLE,7
MU,2026-06-05,990.0,0.01,1533,5148,78.12521875,-1,🎲末日結算 🚨異常掃貨 🆕新倉暴量 🚬菸屁股,GAMBLE,7
META,2026-06-05,632.5,0.02,2139,4987,43.7505625,-1,🎲末日結算 🚨異常掃貨 🆕新倉暴量 🚬菸屁股,GAMBLE,7
ONDS,2026-06-05,10.5,0.02,3272,4064,26.563234375,-1,🎲末日結算 🚨異常掃貨 🆕新倉暴量 🚬菸屁股,GAMBLE,7
NBIS,2026-06-05,235.0,0.01,1307,3926,25.391371093750003,-1,🎲末日結算 🚨異常掃貨 🆕新倉暴量 🚬菸屁股,GAMBLE,7
SMCI,2026-06-05,43.5,0.01,2558,3872,43.7505625,-1,🎲末日結算 🚨異常掃貨 🆕新倉暴量 🚬菸屁股,GAMBLE,7
CRM,2026-06-05,192.5,0.02,899,3378,29.688203124999994,-1,🎲末日結算 🚨異常掃貨 🆕新倉暴量 🚬菸屁股,GAMBLE,7
NOW,2026-06-05,115.0,0.01,1363,3006,28.516339843749993,-1,🎲末日結算 🚨異常掃貨 🆕新倉暴量 🚬菸屁股,GAMBLE,7
IBM,2026-06-05,290.0,0.03,853,2978,15.235222656250002,-1,🎲末日結算 🚨異常掃貨 🆕新倉暴量 🚬菸屁股,GAMBLE,7
IBM,2026-06-05,285.0,0.36,899,2587,8.838802246093751,-1,🎲末日結算 🚨異常掃貨 🆕新倉暴量 🚬菸屁股,GAMBLE,7
SMR,2026-06-05,11.5,0.01,1450,2479,87.500125,-1,🎲末日結算 🚨異常掃貨 🆕新倉暴量 🚬菸屁股,GAMBLE,7
HIMS,2026-06-05,26.5,0.01,1440,2421,26.563234375,-1,🎲末日結算 🚨異常掃貨 🆕新倉暴量 🚬菸屁股,GAMBLE,7
MU,2026-06-05,995.0,0.01,1008,2295,120.11758691406249,-1,🎲末日結算 🚨異常掃貨 🆕新倉暴量 🚬菸屁股,GAMBLE,7
IONQ,2026-06-05,60.0,0.01,1329,2134,50.0005,-1,🎲末日結算 🚨異常掃貨 🆕新倉暴量 🚬菸屁股,GAMBLE,7
MU,2026-06-05,1025.0,0.03,1378,2037,110.9379453125,-1,🎲末日結算 🚨異常掃貨 🆕新倉暴量 🚬菸屁股,GAMBLE,7
IBM,2026-06-05,295.0,0.01,894,1983,27.3444765625,-1,🎲末日結算 🚨異常掃貨 🆕新倉暴量 🚬菸屁股,GAMBLE,7
MU,2026-06-05,1005.0,0.01,885,1869,99.2187578125,-1,🎲末日結算 🚨異常掃貨 🆕新倉暴量 🚬菸屁股,GAMBLE,7
NOW,2026-06-05,119.0,0.05,1154,1828,53.12546875,-1,🎲末日結算 🚨異常掃貨 🆕新倉暴量 🚬菸屁股,GAMBLE,7
MU,2026-06-05,1090.0,0.01,1399,1792,146.09401953124998,-1,🎲末日結算 🚨異常掃貨 🆕新倉暴量 🚬菸屁股,GAMBLE,7
MU,2026-06-05,1015.0,0.02,825,1690,92.187578125,-1,🎲末日結算 🚨異常掃貨 🆕新倉暴量 🚬菸屁股,GAMBLE,7
OKLO,2026-06-05,65.0,0.01,810,1679,84.37515624999999,-1,🎲末日結算 🚨異常掃貨 🆕新倉暴量 🚬菸屁股,GAMBLE,7
MU,2026-06-05,1035.0,0.01,978,1650,103.12548437500001,-1,🎲末日結算 🚨異常掃貨 🆕新倉暴量 🚬菸屁股,GAMBLE,7
NBIS,2026-06-05,255.0,0.01,860,1571,75.00025000000001,-1,🎲末日結算 🚨異常掃貨 🆕新倉暴量 🚬菸屁股,GAMBLE,7
CRM,2026-06-05,187.5,0.02,901,1345,15.430533203125002,-1,🎲末日結算 🚨異常掃貨 🆕新倉暴量 🚬菸屁股,GAMBLE,7
NVDA,2026-06-05,217.5,0.01,61098,146192,45.313046875000005,-1,🎲末日結算 🚨異常掃貨 🚬菸屁股 🔥萬人塚,GAMBLE,6
NVDA,2026-06-05,220.0,0.01,43903,58497,52.3442265625,-1,🎲末日結算 🚨異常掃貨 🚬菸屁股 🔥萬人塚,GAMBLE,6
HOOD,2026-07-17,150.0,0.2,13379,11769,90.72274902343749,41,🚀點火(6.4x) 🚬菸屁股,BUY_WATCH,6
MRVL,2026-06-05,290.0,1.0,4200,10228,148.4377578125,-1,🎲末日結算 🚨異常掃貨 🆕新倉暴量,GAMBLE,6
IBIT,2026-07-17,42.0,0.36,14939,9299,50.098155273437506,41,🚀點火(6.3x) 🚬菸屁股,BUY_WATCH,6
HOOD,2026-07-17,140.0,0.32,10152,8683,87.89074609375,41,🚀點火(75.5x) 🚬菸屁股,BUY_WATCH,6
HOOD,2026-06-05,81.0,1.45,2547,8356,35.938140624999996,-1,🎲末日結算 🚨異常掃貨 🆕新倉暴量,GAMBLE,6
F,2026-07-17,18.0,0.14,28662,8110,46.48491015625,41,🚀點火(4.2x) 🚬菸屁股,BUY_WATCH,6
INTC,2026-07-17,195.0,0.59,15489,7004,106.88523120117188,41,🚀點火(10.8x) 🚬菸屁股,BUY_WATCH,6
SHOP,2026-07-17,150.0,0.8,10224,6474,62.2074091796875,41,🆕新倉暴量 🚬菸屁股,BUY_WATCH,6
SOFI,2026-07-17,18.0,0.64,14531,6474,60.547269531250016,41,🆕新倉暴量 🚬菸屁股,BUY_WATCH,6
SMR,2026-07-17,20.0,0.25,15892,6182,133.98470507812496,41,🚀點火(4.6x) 🚬菸屁股,BUY_WATCH,6
NVDA,2026-09-18,350.0,0.81,17415,6083,51.90477783203124,104,🆕新倉暴量 🚬菸屁股,BUY_WATCH,6
PLTR,2026-07-17,180.0,0.97,13141,5806,56.47016186523439,41,🆕新倉暴量 🚬菸屁股,BUY_WATCH,6
NVDA,2026-08-21,300.0,0.95,25969,5602,48.01077380371094,76,🆕新倉暴量 🚬菸屁股,BUY_WATCH,6
NVDA,2026-07-17,260.0,0.88,23006,5436,44.36090795898438,41,🆕新倉暴量 🚬菸屁股,BUY_WATCH,6
SMCI,2026-07-17,65.0,0.49,7229,5170,87.40246972656249,41,🆕新倉暴量 🚬菸屁股,BUY_WATCH,6
DVN,2026-08-21,65.0,0.2,20577,5098,50.098155273437506,76,🚀點火(91.0x) 🚬菸屁股,BUY_WATCH,6
GOOGL,2026-06-05,365.0,3.75,2338,4897,27.90599438476562,-1,🎲末日結算 🚨異常掃貨 🆕新倉暴量,GAMBLE,6
IBIT,2026-08-21,45.0,0.46,12648,4607,49.951672363281254,76,🚀點火(2.9x) 🚬菸屁股,BUY_WATCH,6
SOFI,2028-06-16,30.0,3.74,19879,4340,74.92700854492188,741,🚀點火(4.9x) 🔭LEAPS,BUY_WATCH,6
SOFI,2026-07-17,22.0,0.17,12138,4175,67.38313867187502,41,🚀點火(6.7x) 🚬菸屁股,BUY_WATCH,6
F,2026-09-18,18.0,0.51,11499,3913,46.045461425781255,104,🚀點火(4.7x) 🚬菸屁股,BUY_WATCH,6
NVDA,2026-08-21,350.0,0.35,5007,3575,53.4184345703125,76,🆕新倉暴量 🚬菸屁股,BUY_WATCH,6
OPEN,2026-11-20,12.0,0.27,6692,3279,114.45355273437498,167,🚀點火(3.0x) 🚬菸屁股,BUY_WATCH,6
NVDA,2026-07-17,270.0,0.59,10771,2930,45.825737060546885,41,🆕新倉暴量 🚬菸屁股,BUY_WATCH,6
IREN,2026-07-17,110.0,0.67,3804,2902,121.38711181640622,41,🆕新倉暴量 🚬菸屁股,BUY_WATCH,6
CRM,2026-07-17,270.0,0.4,10975,2898,56.49457568359376,41,🆕新倉暴量 🚬菸屁股,BUY_WATCH,6
IREN,2026-07-17,100.0,0.86,3838,2890,119.04337353515623,41,🆕新倉暴量 🚬菸屁股,BUY_WATCH,6
SOFI,2026-07-17,17.0,0.99,8855,2740,60.74258007812501,41,🆕新倉暴量 🚬菸屁股,BUY_WATCH,6
SOFI,2028-06-16,15.0,7.07,20650,2709,78.00314965820311,741,🚀點火(6.7x) 🔭LEAPS,BUY_WATCH,6
OPEN,2028-01-21,5.0,1.95,23392,2704,103.51610742187502,594,🚀點火(13.3x) 🔭LEAPS,BUY_WATCH,6
AMZN,2026-06-05,245.0,1.35,909,2567,14.746946289062501,-1,🎲末日結算 🚨異常掃貨 🆕新倉暴量,GAMBLE,6
F,2026-09-18,19.0,0.35,7280,2491,47.363807617187504,104,🚀點火(16.2x) 🚬菸屁股,BUY_WATCH,6
BBAI,2028-01-21,4.0,2.26,10465,2227,111.328568359375,594,🚀點火(16.4x) 🔭LEAPS,BUY_WATCH,6
PLTR,2026-09-18,300.0,0.52,9849,2185,71.99735034179689,104,🚀點火(2.7x) 🚬菸屁股,BUY_WATCH,6
SOFI,2027-01-15,45.0,0.31,11925,2165,84.27750097656251,223,🚀點火(15.4x) 🚬菸屁股,BUY_WATCH,6
CLSK,2026-07-17,20.0,0.85,10157,2159,100.1958115234375,41,🆕新倉暴量 🚬菸屁股,BUY_WATCH,6
SMR,2026-07-17,13.0,0.8,5567,2074,110.74263378906251,41,🆕新倉暴量 🚬菸屁股,BUY_WATCH,6
F,2027-01-15,25.0,0.31,14906,2038,49.70753417968751,223,🚀點火(4.1x) 🚬菸屁股,BUY_WATCH,6
IBIT,2027-01-15,85.0,0.24,18127,2012,60.40078662109377,223,🚀點火(7.6x) 🚬菸屁股,BUY_WATCH,6
OPEN,2028-01-21,7.0,1.7,14735,2009,108.984830078125,594,🚀點火(44.6x) 🔭LEAPS,BUY_WATCH,6
SOFI,2026-09-18,23.0,0.66,8185,1838,70.70341796875,104,🚀點火(16.4x) 🚬菸屁股,BUY_WATCH,6
OPEN,2026-08-21,6.0,0.37,14342,1827,102.34423828125001,76,🚀點火(4.6x) 🚬菸屁股,BUY_WATCH,6
ACHR,2028-01-21,7.0,2.08,20849,1792,92.43171630859376,594,🚀點火(8.4x) 🔭LEAPS,BUY_WATCH,6
CRM,2026-08-21,300.0,0.7,3056,1716,53.686986572265624,76,🆕新倉暴量 🚬菸屁股,BUY_WATCH,6
BSX,2026-08-21,60.0,0.93,3069,1656,45.825737060546885,76,🚀點火(75.3x) 🚬菸屁股,BUY_WATCH,6
BBAI,2026-09-18,6.0,0.43,9746,1620,104.88328808593752,104,🚀點火(2.8x) 🚬菸屁股,BUY_WATCH,6
OPEN,2028-01-21,15.0,0.95,29655,1569,106.25046875000001,594,🚀點火(8.9x) 🔭LEAPS,BUY_WATCH,6
BLDP,2026-07-17,6.0,0.42,6296,1544,108.203583984375,41,🚀點火(14.8x) 🚬菸屁股,BUY_WATCH,6
NVDA,2028-01-21,420.0,11.9,24616,1540,50.104258728027354,594,🚀點火(118.5x) 🔭LEAPS,BUY_WATCH,6
IBIT,2028-01-21,80.0,2.04,5482,1504,56.78754150390625,594,🚀點火(15.7x) 🔭LEAPS,BUY_WATCH,6
COUR,2026-08-21,6.0,0.59,3896,1501,77.3439765625,76,🚀點火(14.6x) 🚬菸屁股,BUY_WATCH,6
SOFI,2028-01-21,10.0,8.72,3585,1477,82.39763696289062,594,🚀點火(44.8x) 🔭LEAPS,BUY_WATCH,6
GOOGL,2026-08-21,800.0,0.05,5029,1461,55.66450585937501,76,🚀點火(21.5x) 🚬菸屁股,BUY_WATCH,6
SOFI,2028-01-21,25.0,3.75,15625,1460,74.17018017578124,594,🚀點火(7.2x) 🔭LEAPS,BUY_WATCH,6
BBAI,2026-07-17,8.0,0.07,3572,1411,122.65663671875001,41,🚀點火(9.5x) 🚬菸屁股,BUY_WATCH,6
DVN,2026-07-17,55.0,0.29,29286,1370,46.289599609375,41,🚀點火(13.7x) 🚬菸屁股,BUY_WATCH,6
HOOD,2026-07-17,120.0,0.87,5335,1335,75.39087109375001,41,🆕新倉暴量 🚬菸屁股,BUY_WATCH,6
ACHR,2026-07-17,12.0,0.02,2813,1316,111.71919140624999,41,🚀點火(219.3x) 🚬菸屁股,BUY_WATCH,6
SMR,2026-07-17,14.0,0.61,4532,1260,112.69574902343751,41,🆕新倉暴量 🚬菸屁股,BUY_WATCH,6
ONDS,2028-01-21,10.0,5.65,13405,1210,113.52582299804688,594,🚀點火(5.1x) 🔭LEAPS,BUY_WATCH,6
HPQ,2026-07-17,35.0,0.12,7493,1186,57.812921875,41,🚀點火(3.6x) 🚬菸屁股,BUY_WATCH,6
JOBY,2026-08-21,15.0,0.32,5024,1175,87.695435546875,76,🚀點火(7.3x) 🚬菸屁股,BUY_WATCH,6
TSLA,2026-09-18,990.0,0.63,13608,1124,71.41141870117188,104,🚀點火(14.2x) 🚬菸屁股,BUY_WATCH,6
BBAI,2026-09-18,10.0,0.15,3719,1087,117.57853710937498,104,🚀點火(4.9x) 🚬菸屁股,BUY_WATCH,6
SMR,2026-08-21,16.0,0.87,1850,1079,116.30901220703124,76,🆕新倉暴量 🚬菸屁股,BUY_WATCH,6
BBAI,2028-01-21,5.0,2.03,16625,1058,112.109814453125,594,🚀點火(3.0x) 🔭LEAPS,BUY_WATCH,6
SOFI,2027-01-15,40.0,0.43,27669,1054,77.3439765625,223,🚀點火(5.5x) 🚬菸屁股,BUY_WATCH,6
JOBY,2026-07-17,10.0,0.85,4574,1054,79.49239257812499,41,🆕新倉暴量 🚬菸屁股,BUY_WATCH,6
BBAI,2026-07-17,4.0,0.59,3484,1019,91.01571484374999,41,🆕新倉暴量 🚬菸屁股,BUY_WATCH,6
HOOD,2026-06-05,79.0,2.67,795,999,65.62534375000001,-1,🎲末日結算 🚨異常掃貨 🆕新倉暴量,GAMBLE,6
ACHR,2028-01-21,5.0,2.71,8033,996,95.80082324218748,594,🚀點火(13.8x) 🔭LEAPS,BUY_WATCH,6
RKLB,2026-07-17,210.0,0.91,2701,995,107.61764941406251,41,🆕新倉暴量 🚬菸屁股,BUY_WATCH,6
ACHR,2026-07-17,6.0,0.46,5804,979,84.37515624999999,41,🚀點火(2.8x) 🚬菸屁股,BUY_WATCH,6
F,2026-09-18,22.0,0.14,4973,955,50.6840869140625,104,🚀點火(5.6x) 🚬菸屁股,BUY_WATCH,6
BBAI,2026-09-18,7.0,0.3,6015,945,106.44578027343752,104,🚀點火(3.7x) 🚬菸屁股,BUY_WATCH,6
MSFT,2026-07-17,600.0,0.21,5420,936,45.117736328125005,41,🚀點火(2.7x) 🚬菸屁股,BUY_WATCH,6
BSX,2026-07-17,60.0,0.19,3692,934,42.188078125,41,🚀點火(5.2x) 🚬菸屁股,BUY_WATCH,6
ACHR,2027-01-15,8.0,0.95,2574,915,91.211025390625,223,🆕新倉暴量 🚬菸屁股,BUY_WATCH,6
CRWV,2026-07-17,170.0,0.89,2143,893,90.9180595703125,41,🆕新倉暴量 🚬菸屁股,BUY_WATCH,6
COIN,2026-07-17,300.0,0.51,7444,886,92.0899228515625,41,🚀點火(3.8x) 🚬菸屁股,BUY_WATCH,6
TGT,2026-07-17,150.0,0.25,2218,877,38.2818671875,41,🚀點火(29.2x) 🚬菸屁股,BUY_WATCH,6
AMZN,2026-07-17,310.0,0.44,6893,864,37.32972827148438,41,🚀點火(5.8x) 🚬菸屁股,BUY_WATCH,6
MSTR,2026-07-17,250.0,0.48,7016,840,102.05127099609376,41,🚀點火(2.7x) 🚬菸屁股,BUY_WATCH,6
HPQ,2026-09-18,35.0,0.6,1858,831,59.570716796875004,104,🚀點火(75.5x) 🚬菸屁股,BUY_WATCH,6
NVDA,2028-01-21,360.0,18.0,6474,827,50.14393118286134,594,🚀點火(16.2x) 🔭LEAPS,BUY_WATCH,6
NVDA,2026-07-17,460.0,0.01,11292,826,75.7814921875,41,🚀點火(7.5x) 🚬菸屁股,BUY_WATCH,6
ACHR,2028-01-21,10.0,1.61,15906,821,93.0664755859375,594,🚀點火(3.2x) 🔭LEAPS,BUY_WATCH,6
OPEN,2026-09-18,15.0,0.08,7562,797,124.21912890624998,104,🚀點火(27.5x) 🚬菸屁股,BUY_WATCH,6
MSFT,2026-09-18,800.0,0.26,10317,788,47.852083984375,104,🚀點火(2.6x) 🚬菸屁股,BUY_WATCH,6
OPEN,2027-01-15,15.0,0.3,13356,778,118.35978320312499,223,🚀點火(2.9x) 🚬菸屁股,BUY_WATCH,6
ONDS,2026-07-17,17.0,0.26,1938,766,109.375453125,41,🚀點火(8.0x) 🚬菸屁股,BUY_WATCH,6
CLSK,2026-07-17,30.0,0.07,1492,754,116.99260253906249,41,🚀點火(2.8x) 🚬菸屁股,BUY_WATCH,6
IBIT,2026-07-17,48.0,0.13,10611,751,57.0316796875,41,🚀點火(6.6x) 🚬菸屁股,BUY_WATCH,6
SOFI,2028-01-21,30.0,2.95,18489,735,73.80397290039062,594,🚀點火(2.7x) 🔭LEAPS,BUY_WATCH,6
ONDS,2028-01-21,17.0,4.1,10319,722,117.23674194335936,594,🚀點火(26.7x) 🔭LEAPS,BUY_WATCH,6
BBAI,2026-09-18,9.0,0.18,1762,719,123.047259765625,104,🚀點火(12.8x) 🚬菸屁股,BUY_WATCH,6
ONDS,2028-01-21,20.0,3.67,12892,706,109.18014160156251,594,🚀點火(6.2x) 🔭LEAPS,BUY_WATCH,6
ACHR,2026-10-16,13.0,0.16,1197,702,93.35944140625,132,🚀點火(14.0x) 🚬菸屁股,BUY_WATCH,6
ACHR,2026-07-17,5.0,0.92,1633,701,84.37515624999999,41,🆕新倉暴量 🚬菸屁股,BUY_WATCH,6
SOFI,2026-08-21,22.0,0.53,7985,699,70.312796875,76,🚀點火(3.7x) 🚬菸屁股,BUY_WATCH,6
TSLA,2028-01-21,900.0,27.3,7463,687,58.04485314941408,594,🚀點火(23.7x) 🔭LEAPS,BUY_WATCH,6
COUR,2026-07-17,7.0,0.12,21333,687,71.48466015625,41,🚀點火(4.3x) 🚬菸屁股,BUY_WATCH,6
IBIT,2028-06-16,65.0,4.31,6539,686,57.678645874023424,741,🚀點火(3.9x) 🔭LEAPS,BUY_WATCH,6
F,2028-01-21,15.0,3.1,8953,683,44.5318046875,594,🚀點火(3.2x) 🔭LEAPS,BUY_WATCH,6
IBIT,2028-01-21,55.0,4.6,5321,681,56.75092077636719,594,🚀點火(4.8x) 🔭LEAPS,BUY_WATCH,6
SOFI,2026-10-16,25.0,0.66,2915,674,71.04521142578125,132,🚀點火(8.4x) 🚬菸屁股,BUY_WATCH,6
NVDA,2028-01-21,350.0,18.59,27180,667,49.92725854492188,594,🚀點火(11.5x) 🔭LEAPS,BUY_WATCH,6
SOFI,2028-06-16,18.0,6.1,9801,661,76.6848034667969,741,🚀點火(4.1x) 🔭LEAPS,BUY_WATCH,6
JOBY,2028-01-21,10.0,4.1,9844,660,91.6993017578125,594,🚀點火(9.9x) 🔭LEAPS,BUY_WATCH,6
ACHR,2027-01-15,15.0,0.31,24571,659,102.05127099609376,223,🚀點火(6.5x) 🚬菸屁股,BUY_WATCH,6
HPQ,2026-08-21,38.0,0.21,5502,659,58.8871298828125,76,🚀點火(6.5x) 🚬菸屁股,BUY_WATCH,6
JOBY,2026-08-21,13.0,0.55,1510,639,85.0587431640625,76,🆕新倉暴量 🚬菸屁股,BUY_WATCH,6
SMR,2026-07-17,16.0,0.38,1578,636,118.55509472656249,41,🚀點火(3.7x) 🚬菸屁股,BUY_WATCH,6
HOOD,2026-07-17,130.0,0.56,4615,629,81.445498046875,41,🚀點火(4.9x) 🚬菸屁股,BUY_WATCH,6
SOFI,2028-06-16,10.0,9.3,8978,627,81.78729150390623,741,🚀點火(12.1x) 🔭LEAPS,BUY_WATCH,6
OPEN,2026-07-17,4.0,0.72,2329,620,112.5004375,41,🆕新倉暴量 🚬菸屁股,BUY_WATCH,6
ACHR,2026-10-16,6.0,0.99,2376,611,87.500125,132,🆕新倉暴量 🚬菸屁股,BUY_WATCH,6
SOFI,2026-08-21,29.0,0.14,807,608,78.32052929687501,76,🚀點火(608.0x) 🚬菸屁股,BUY_WATCH,6
AMZN,2026-07-17,305.0,0.54,9740,607,36.32876171875,41,🚀點火(5.1x) 🚬菸屁股,BUY_WATCH,6
SMR,2026-08-21,19.0,0.55,1105,605,128.02770361328123,76,🚀點火(121.0x) 🚬菸屁股,BUY_WATCH,6
DDD,2028-01-21,5.0,1.13,4716,605,109.96138769531252,594,🚀點火(11.2x) 🔭LEAPS,BUY_WATCH,6
HOOD,2028-01-21,250.0,7.39,2552,602,73.84669708251951,594,🚀點火(100.3x) 🔭LEAPS,BUY_WATCH,6
ACHR,2026-10-16,11.0,0.24,4151,588,92.187578125,132,🚀點火(294.0x) 🚬菸屁股,BUY_WATCH,6
SOFI,2028-06-16,47.0,2.19,15503,568,74.95142236328125,741,🚀點火(6.8x) 🔭LEAPS,BUY_WATCH,6
INTC,2028-01-21,150.0,26.83,8423,567,79.92878958129883,594,🚀點火(6.2x) 🔭LEAPS,BUY_WATCH,6
IBIT,2027-01-15,65.0,0.52,15050,563,53.85788330078126,223,🚀點火(3.8x) 🚬菸屁股,BUY_WATCH,6
BBAI,2028-01-21,15.0,1.03,9324,558,113.0863720703125,594,🚀點火(4.8x) 🔭LEAPS,BUY_WATCH,6
NVDA,2026-09-18,400.0,0.38,12184,555,55.762161132812516,104,🚀點火(2.6x) 🚬菸屁股,BUY_WATCH,6
TSLA,2026-08-21,990.0,0.33,8167,549,77.6369423828125,76,🚀點火(3.8x) 🚬菸屁股,BUY_WATCH,6
CLSK,2028-01-21,30.0,4.25,21360,545,91.65047412109377,594,🚀點火(4.1x) 🔭LEAPS,BUY_WATCH,6
ONDS,2026-09-18,22.0,0.55,4078,535,114.64886425781249,104,🚀點火(89.2x) 🚬菸屁股,BUY_WATCH,6
SMCI,2026-09-18,100.0,0.72,2333,532,97.85158398437501,104,🆕新倉暴量 🚬菸屁股,BUY_WATCH,6
SOFI,2026-08-21,23.0,0.44,4594,522,71.28934960937501,76,🚀點火(2.9x) 🚬菸屁股,BUY_WATCH,6
ACHR,2026-10-16,12.0,0.19,6895,520,97.6562734375,132,🚀點火(86.7x) 🚬菸屁股,BUY_WATCH,6
PLTR,2028-01-21,200.0,25.2,10571,466,61.78321908569336,594,🚀點火(5.1x) 🔭LEAPS,BUY_WATCH,6
ACHR,2026-10-16,9.0,0.39,3590,455,90.039162109375,132,🚀點火(28.4x) 🚬菸屁股,BUY_WATCH,6
NTLA,2026-07-17,15.0,0.95,2077,453,82.226740234375,41,🚀點火(2.9x) 🚬菸屁股,BUY_WATCH,6
CLSK,2028-01-21,20.0,5.75,5240,449,94.48247705078124,594,🚀點火(3.5x) 🔭LEAPS,BUY_WATCH,6
BBAI,2027-01-15,15.0,0.25,8174,449,118.55509472656249,223,🚀點火(4.3x) 🚬菸屁股,BUY_WATCH,6
HIMS,2026-07-17,45.0,0.3,3262,442,101.7583037109375,41,🚀點火(4.9x) 🚬菸屁股,BUY_WATCH,6
GOOGL,2026-07-17,500.0,0.38,1909,435,43.04256176757813,41,🚀點火(4.8x) 🚬菸屁股,BUY_WATCH,6
PATH,2026-07-17,20.0,0.07,3981,429,89.84385156249999,41,🚀點火(9.3x) 🚬菸屁股,BUY_WATCH,6
PATH,2027-01-15,35.0,0.35,1240,419,89.64854101562499,223,🚀點火(419.0x) 🚬菸屁股,BUY_WATCH,6
ACHR,2028-01-21,20.0,0.82,5491,410,93.7500625,594,🚀點火(41.0x) 🔭LEAPS,BUY_WATCH,6
CCL,2028-01-21,45.0,2.8,4073,409,50.18360363769532,594,🚀點火(31.5x) 🔭LEAPS,BUY_WATCH,6
ONDS,2028-01-21,7.0,6.35,10026,396,118.45743896484376,594,🚀點火(7.2x) 🔭LEAPS,BUY_WATCH,6
CLSK,2028-01-21,15.0,7.5,4102,395,95.38578833007811,594,🚀點火(6.1x) 🔭LEAPS,BUY_WATCH,6
BBAI,2028-01-21,1.0,3.75,2906,390,140.234673828125,594,🚀點火(11.8x) 🔭LEAPS,BUY_WATCH,6
JOBY,2028-01-21,15.0,2.97,7910,384,89.74619628906248,594,🚀點火(5.9x) 🔭LEAPS,BUY_WATCH,6
CLSK,2026-07-17,21.0,0.65,5843,376,100.87940185546876,41,🚀點火(4.3x) 🚬菸屁股,BUY_WATCH,6
NVDA,2028-01-21,410.0,12.7,19296,374,50.10120700073243,594,🚀點火(187.0x) 🔭LEAPS,BUY_WATCH,6
CLSK,2028-01-21,37.0,3.44,7254,369,93.96978686523438,594,🚀點火(4.3x) 🔭LEAPS,BUY_WATCH,6
SMR,2028-01-21,15.0,4.8,6683,368,115.67424975585938,594,🚀點火(4.1x) 🔭LEAPS,BUY_WATCH,6
PATH,2027-01-15,25.0,0.62,13628,367,86.32826171875,223,🚀點火(3.2x) 🚬菸屁股,BUY_WATCH,6
OPEN,2026-11-20,9.0,0.41,7054,353,109.18014160156251,167,🚀點火(10.7x) 🚬菸屁股,BUY_WATCH,6
NVDA,2028-01-21,390.0,14.35,7764,348,50.00660345458985,594,🚀點火(58.0x) 🔭LEAPS,BUY_WATCH,6
RUN,2028-01-21,17.0,4.5,869,340,85.00991552734375,594,🚀點火(85.0x) 🔭LEAPS,BUY_WATCH,6
SOFI,2026-09-18,30.0,0.27,21833,338,77.53928710937501,104,🚀點火(3.1x) 🚬菸屁股,BUY_WATCH,6
IBIT,2026-07-17,55.0,0.09,6868,335,69.14093359375,41,🚀點火(5.9x) 🚬菸屁股,BUY_WATCH,6
SMCI,2028-01-21,105.0,7.65,7006,330,87.26819372558592,594,🚀點火(4.3x) 🔭LEAPS,BUY_WATCH,6
NVDA,2026-08-21,400.0,0.15,5489,322,57.910577148437504,76,🚀點火(5.0x) 🚬菸屁股,BUY_WATCH,6
CCL,2026-07-17,34.0,0.34,3243,312,52.734847656250004,41,🚀點火(3.9x) 🚬菸屁股,BUY_WATCH,6
PATH,2027-01-15,30.0,0.45,27503,306,89.16026464843749,223,🚀點火(6.2x) 🚬菸屁股,BUY_WATCH,6
SOFI,2028-06-16,13.0,7.9,3763,296,79.24825439453124,741,🚀點火(7.0x) 🔭LEAPS,BUY_WATCH,6
SOFI,2026-09-18,37.0,0.17,7388,286,83.20329296874999,104,🚀點火(5.4x) 🚬菸屁股,BUY_WATCH,6
OPEN,2026-09-18,7.0,0.36,7480,284,104.88328808593752,104,🚀點火(3.1x) 🚬菸屁股,BUY_WATCH,6
INTC,2028-01-21,80.0,46.6,9913,276,80.78022149658204,594,🚀點火(27.6x) 🔭LEAPS,BUY_WATCH,6
SMR,2028-01-21,85.0,1.3,2263,276,120.60586572265623,594,🚀點火(5.1x) 🔭LEAPS,BUY_WATCH,6
INTC,2028-01-21,100.0,38.8,13823,271,80.38349694824218,594,🚀點火(4.3x) 🔭LEAPS,BUY_WATCH,6
SOFI,2028-01-21,13.0,7.25,3478,268,77.71018383789064,594,🚀點火(6.2x) 🔭LEAPS,BUY_WATCH,6
BLDP,2026-07-17,7.0,0.3,1198,265,118.35978320312499,41,🚀點火(13.2x) 🚬菸屁股,BUY_WATCH,6
TDOC,2026-07-17,10.0,0.1,2860,253,72.26590234375,41,🚀點火(50.6x) 🚬菸屁股,BUY_WATCH,6
SMR,2027-01-15,85.0,0.31,3148,248,138.37921435546875,223,🚀點火(9.9x) 🚬菸屁股,BUY_WATCH,6
SMR,2028-01-21,30.0,3.13,2712,247,117.87150439453123,594,🚀點火(4.0x) 🔭LEAPS,BUY_WATCH,6
HOOD,2026-08-21,200.0,0.3,1466,238,95.507857421875,76,🚀點火(4.8x) 🚬菸屁股,BUY_WATCH,6
CLSK,2028-01-21,10.0,8.53,3507,228,82.71501660156248,594,🚀點火(5.6x) 🔭LEAPS,BUY_WATCH,6
NVDA,2026-09-18,420.0,0.28,7094,226,56.7387138671875,104,🚀點火(2.7x) 🚬菸屁股,BUY_WATCH,6
NVDA,2028-01-21,210.0,51.5,9353,221,51.78270874023438,594,🚀點火(2.5x) 🔭LEAPS,BUY_WATCH,6
BBAI,2026-09-18,8.0,0.22,3886,221,111.5238798828125,104,🚀點火(2.5x) 🚬菸屁股,BUY_WATCH,6
SOFI,2028-01-21,35.0,2.35,13385,208,73.77955908203124,594,🚀點火(3.5x) 🔭LEAPS,BUY_WATCH,6
IBIT,2026-07-17,51.0,0.09,10329,203,61.914443359375014,41,🚀點火(4.6x) 🚬菸屁股,BUY_WATCH,6
PLTR,2026-09-18,410.0,0.17,6295,202,81.2501875,104,🚀點火(11.2x) 🚬菸屁股,BUY_WATCH,6
BBAI,2026-09-18,12.0,0.1,3678,196,128.90660546875,104,🚀點火(7.8x) 🚬菸屁股,BUY_WATCH,6
ONDS,2026-07-17,22.0,0.11,1504,194,125.78162109374999,41,🚀點火(3.0x) 🚬菸屁股,BUY_WATCH,6
OPEN,2028-01-21,12.0,1.15,3363,193,107.71530517578127,594,🚀點火(193.0x) 🔭LEAPS,BUY_WATCH,6
SOFI,2027-01-15,32.0,0.67,15283,186,72.70535107421875,223,🚀點火(2.7x) 🚬菸屁股,BUY_WATCH,6
SMR,2028-01-21,13.0,5.15,2390,186,113.96527392578126,594,🚀點火(2.5x) 🔭LEAPS,BUY_WATCH,6
SOFI,2028-01-21,23.0,4.06,3721,184,72.70535107421875,594,🚀點火(8.0x) 🔭LEAPS,BUY_WATCH,6
SOFI,2026-10-16,35.0,0.23,2582,180,78.32052929687501,132,🚀點火(3.6x) 🚬菸屁股,BUY_WATCH,6
AMZN,2026-07-17,315.0,0.35,4035,179,38.67248828125,41,🚀點火(5.8x) 🚬菸屁股,BUY_WATCH,6
CLSK,2026-09-18,35.0,0.46,825,178,107.42233789062503,104,🚀點火(4.6x) 🚬菸屁股,BUY_WATCH,6
SOFI,2026-09-18,27.0,0.36,12918,172,73.92604199218749,104,🚀點火(5.7x) 🚬菸屁股,BUY_WATCH,6
XYZ,2026-07-17,85.0,0.4,757,169,49.36574072265626,41,🚀點火(33.8x) 🚬菸屁股,BUY_WATCH,6
ONDS,2026-07-17,19.0,0.15,833,167,119.141029296875,41,🚀點火(6.4x) 🚬菸屁股,BUY_WATCH,6
CLSK,2028-01-21,17.0,6.69,2238,167,99.09668872070311,594,🚀點火(10.4x) 🔭LEAPS,BUY_WATCH,6
ONDS,2028-01-21,25.0,3.28,2195,166,111.20649865722658,594,🚀點火(4.4x) 🔭LEAPS,BUY_WATCH,6
CLSK,2028-01-21,25.0,4.95,3888,157,93.38385522460936,594,🚀點火(8.3x) 🔭LEAPS,BUY_WATCH,6
AMZN,2026-07-17,330.0,0.17,1918,155,40.57676611328125,41,🚀點火(4.1x) 🚬菸屁股,BUY_WATCH,6
UPST,2027-01-15,135.0,0.35,5127,153,94.48247705078124,223,🚀點火(153.0x) 🚬菸屁股,BUY_WATCH,6
TDOC,2026-07-17,13.0,0.01,2836,153,107.03171484375002,41,🚀點火(15.3x) 🚬菸屁股,BUY_WATCH,6
BSX,2026-07-17,65.0,0.07,3223,151,48.5356708984375,41,🚀點火(25.2x) 🚬菸屁股,BUY_WATCH,6
SOFI,2028-01-21,32.0,2.69,6673,150,76.66038964843752,594,🚀點火(4.7x) 🔭LEAPS,BUY_WATCH,6
ACHR,2028-01-21,3.0,3.51,3560,148,113.37933935546877,594,🚀點火(18.5x) 🔭LEAPS,BUY_WATCH,6
ACHR,2028-01-21,4.0,3.0,2289,147,115.52776611328125,594,🚀點火(5.9x) 🔭LEAPS,BUY_WATCH,6
ACHR,2028-01-21,15.0,1.19,12482,145,94.0430283203125,594,🚀點火(36.2x) 🔭LEAPS,BUY_WATCH,6
ACHR,2028-01-21,12.0,1.35,3709,144,91.211025390625,594,🚀點火(14.4x) 🔭LEAPS,BUY_WATCH,6
TSLA,2028-01-21,940.0,25.09,5101,141,58.27220683288574,594,🚀點火(17.6x) 🔭LEAPS,BUY_WATCH,6
NVDA,2028-01-21,320.0,23.1,6701,139,49.96998272705079,594,🚀點火(6.0x) 🔭LEAPS,BUY_WATCH,6
OPEN,2027-01-15,8.0,0.67,1941,136,108.7895185546875,223,🚀點火(3.5x) 🚬菸屁股,BUY_WATCH,6
SMR,2028-01-21,23.0,4.05,867,130,112.45160961914063,594,🚀點火(6.5x) 🔭LEAPS,BUY_WATCH,6
BA,2026-07-17,280.0,0.33,1153,130,43.57966577148438,41,🚀點火(3.1x) 🚬菸屁股,BUY_WATCH,6
SMR,2028-01-21,25.0,3.55,2107,129,114.74652001953123,594,🚀點火(3.8x) 🔭LEAPS,BUY_WATCH,6
OPEN,2026-11-20,8.0,0.49,1467,125,113.67230664062502,167,🚀點火(3.2x) 🚬菸屁股,BUY_WATCH,6
ACHR,2026-07-17,11.0,0.03,1646,125,127.73473632812498,41,🚀點火(5.0x) 🚬菸屁股,BUY_WATCH,6
AAPL,2028-01-21,300.0,57.3,21490,124,35.13095875549316,594,🚀點火(4.6x) 🔭LEAPS,BUY_WATCH,6
VST,2026-07-17,210.0,0.66,1459,120,60.74258007812501,41,🚀點火(3.6x) 🚬菸屁股,BUY_WATCH,6
DDD,2026-08-21,3.0,0.53,828,120,119.53165234375001,76,🚀點火(2.7x) 🚬菸屁股,BUY_WATCH,6
SOFI,2028-06-16,23.0,4.96,6853,118,76.19652709960938,741,🚀點火(4.1x) 🔭LEAPS,BUY_WATCH,6
SMR,2028-01-21,50.0,2.28,1224,118,116.89494677734376,594,🚀點火(16.9x) 🔭LEAPS,BUY_WATCH,6
SMR,2028-01-21,8.0,6.4,1352,115,118.06681591796875,594,🚀點火(12.8x) 🔭LEAPS,BUY_WATCH,6
BBAI,2028-01-21,3.0,2.52,4166,115,116.40666796875001,594,🚀點火(3.4x) 🔭LEAPS,BUY_WATCH,6
HPQ,2026-07-17,28.0,0.7,3181,114,49.07277490234375,41,🚀點火(2.6x) 🚬菸屁股,BUY_WATCH,6
JOBY,2028-01-21,8.0,4.7,4283,113,100.78174609374999,594,🚀點火(37.7x) 🔭LEAPS,BUY_WATCH,6
JOBY,2028-01-21,20.0,2.24,7316,112,91.74812939453125,594,🚀點火(2.9x) 🔭LEAPS,BUY_WATCH,6
BSX,2026-08-21,75.0,0.17,2484,112,51.95360546875,76,🚀點火(56.0x) 🚬菸屁股,BUY_WATCH,6
NEE,2026-09-18,115.0,0.13,6945,112,31.055376953125,104,🚀點火(56.0x) 🚬菸屁股,BUY_WATCH,6
TSLA,2028-06-16,990.0,32.5,5254,111,58.450732879638664,741,🚀點火(4.4x) 🔭LEAPS,BUY_WATCH,6
ONDS,2028-01-21,5.0,7.4,6833,107,120.55703784179687,594,🚀點火(2.9x) 🔭LEAPS,BUY_WATCH,6
OKLO,2026-07-17,165.0,0.26,1144,105,140.625296875,41,🚀點火(3.9x) 🚬菸屁股,BUY_WATCH,6
BA,2026-07-17,270.0,0.53,1097,105,40.552352294921874,41,🚀點火(2.5x) 🚬菸屁股,BUY_WATCH,6
U,2028-01-21,30.0,11.2,3359,104,82.45867150878905,594,🚀點火(3.6x) 🔭LEAPS,BUY_WATCH,6
JOBY,2028-01-21,30.0,1.56,3537,104,93.99420068359376,594,🚀點火(10.4x) 🔭LEAPS,BUY_WATCH,6
F,2026-09-18,23.0,0.11,2777,100,51.95360546875,104,🚀點火(100.0x) 🚬菸屁股,BUY_WATCH,6
BSX,2028-01-21,75.0,5.1,865,98,50.92822509765625,594,🚀點火(98.0x) 🔭LEAPS,BUY_WATCH,6
AMZN,2026-08-21,360.0,0.53,1169,98,43.38435522460938,76,🚀點火(3.5x) 🚬菸屁股,BUY_WATCH,6
SMR,2028-01-21,40.0,2.5,926,92,115.96721704101563,594,🚀點火(9.2x) 🔭LEAPS,BUY_WATCH,6
D,2026-07-17,70.0,0.84,3398,89,24.243921630859372,41,🚀點火(7.4x) 🚬菸屁股,BUY_WATCH,6
JOBY,2027-01-15,40.0,0.21,4284,85,102.34423828125001,223,🚀點火(7.1x) 🚬菸屁股,BUY_WATCH,6
OKLO,2026-07-17,150.0,0.38,1494,84,133.8870493164062,41,🚀點火(4.9x) 🚬菸屁股,BUY_WATCH,6
IBIT,2027-01-15,135.0,0.12,12024,78,74.02369726562499,223,🚀點火(15.6x) 🚬菸屁股,BUY_WATCH,6
ACHR,2026-07-17,15.0,0.01,1445,78,112.5004375,41,🚀點火(7.8x) 🚬菸屁股,BUY_WATCH,6
CLSK,2028-01-21,35.0,3.15,7494,76,99.38965454101563,594,🚀點火(76.0x) 🔭LEAPS,BUY_WATCH,6
JOBY,2026-07-17,20.0,0.03,1742,67,125.00037499999999,41,🚀點火(67.0x) 🚬菸屁股,BUY_WATCH,6
HIMS,2028-01-21,80.0,4.7,998,65,96.11820288085937,594,🚀點火(3.4x) 🔭LEAPS,BUY_WATCH,6
TSLA,2026-09-18,940.0,0.77,9143,63,70.38603833007812,104,🚀點火(31.5x) 🚬菸屁股,BUY_WATCH,6
CCL,2028-01-21,25.0,8.05,2011,62,52.47850256347657,594,🚀點火(7.8x) 🔭LEAPS,BUY_WATCH,6
XYZ,2027-01-15,145.0,0.66,23323,61,56.665472412109374,223,🚀點火(3.8x) 🚬菸屁股,BUY_WATCH,6
JOBY,2026-07-17,18.0,0.05,2296,60,111.328568359375,41,🚀點火(3.0x) 🚬菸屁股,BUY_WATCH,6
NVDA,2028-01-21,310.0,24.7,9875,56,50.01118104553224,594,🚀點火(7.0x) 🔭LEAPS,BUY_WATCH,6
ACHR,2028-01-21,17.0,0.93,930,55,95.507857421875,594,🚀點火(27.5x) 🔭LEAPS,BUY_WATCH,6
NVDA,2028-01-21,280.0,30.5,7264,53,50.175974319458014,594,🚀點火(2.9x) 🔭LEAPS,BUY_WATCH,6
IBIT,2026-09-18,70.0,0.1,23785,52,64.9417568359375,104,🚀點火(7.4x) 🚬菸屁股,BUY_WATCH,6
SOFI,2028-06-16,8.0,10.35,2871,52,83.30094824218747,741,🚀點火(4.7x) 🔭LEAPS,BUY_WATCH,6
HOOD,2026-09-18,290.0,0.18,1680,52,98.82813671875,104,🚀點火(3.7x) 🚬菸屁股,BUY_WATCH,6
PACB,2028-01-21,1.5,0.71,6793,52,139.453427734375,594,🚀點火(26.0x) 🔭LEAPS,BUY_WATCH,6
OPEN,2026-10-16,6.0,0.66,913,51,108.203583984375,132,🚀點火(10.2x) 🚬菸屁股,BUY_WATCH,6
CLSK,2028-01-21,27.0,4.2,4382,51,87.76867700195312,594,🚀點火(12.8x) 🔭LEAPS,BUY_WATCH,6
IBIT,2027-01-15,79.0,0.32,6503,50,57.910577148437504,223,🚀點火(50.0x) 🚬菸屁股,BUY_WATCH,6
CCL,2027-01-15,45.0,0.79,6370,50,52.75926147460939,223,🚀點火(16.7x) 🚬菸屁股,BUY_WATCH,6
NVDA,2026-09-18,410.0,0.36,5525,48,56.055126953125,104,🚀點火(48.0x) 🚬菸屁股,BUY_WATCH,6
IBIT,2026-09-18,80.0,0.09,12349,48,71.0940390625,104,🚀點火(8.0x) 🚬菸屁股,BUY_WATCH,6
UPST,2028-01-21,50.0,8.3,2622,46,90.72274902343749,594,🚀點火(15.3x) 🔭LEAPS,BUY_WATCH,6
SOFI,2028-01-21,27.0,3.25,4578,46,74.48755981445312,594,🚀點火(2.7x) 🔭LEAPS,BUY_WATCH,6
LUNR,2026-07-17,65.0,0.34,1412,46,131.05503222656247,41,🚀點火(2.7x) 🚬菸屁股,BUY_WATCH,6
IBIT,2028-06-16,90.0,2.44,12673,45,57.32464550781251,741,🚀點火(45.0x) 🔭LEAPS,BUY_WATCH,6
SMR,2028-01-21,18.0,4.5,1480,45,114.55120849609375,594,🚀點火(22.5x) 🔭LEAPS,BUY_WATCH,6
JOBY,2027-01-15,25.0,0.48,3486,44,92.38288867187501,223,🚀點火(22.0x) 🚬菸屁股,BUY_WATCH,6
DKNG,2028-01-21,65.0,1.43,4556,43,57.08050732421876,594,🚀點火(14.3x) 🔭LEAPS,BUY_WATCH,6
DVN,2026-07-17,57.5,0.2,1171,43,50.0005,41,🚀點火(14.3x) 🚬菸屁股,BUY_WATCH,6
DVN,2026-09-18,60.0,0.59,1706,42,45.28863305664063,104,🚀點火(42.0x) 🚬菸屁股,BUY_WATCH,6
JOBY,2028-01-21,32.0,1.44,8291,41,95.06840869140623,594,🚀點火(5.1x) 🔭LEAPS,BUY_WATCH,6
ACHR,2027-01-15,27.0,0.13,5446,41,116.40666796875001,223,🚀點火(20.5x) 🚬菸屁股,BUY_WATCH,6
HPQ,2026-08-21,35.0,0.3,1057,41,55.71333349609377,76,🚀點火(5.1x) 🚬菸屁股,BUY_WATCH,6
XYZ,2028-01-21,120.0,6.88,1420,40,54.82833258056643,594,🚀點火(13.3x) 🔭LEAPS,BUY_WATCH,6
JOBY,2028-01-21,5.0,6.0,2343,40,93.6524072265625,594,🚀點火(2.9x) 🔭LEAPS,BUY_WATCH,6
PATH,2028-01-21,22.0,2.28,3449,35,81.17694604492188,594,🚀點火(2.5x) 🔭LEAPS,BUY_WATCH,6
TDOC,2027-01-15,25.0,0.14,2933,35,91.211025390625,223,🚀點火(35.0x) 🚬菸屁股,BUY_WATCH,6
BSX,2028-01-21,60.0,8.42,1467,35,51.648432739257814,594,🚀點火(8.8x) 🔭LEAPS,BUY_WATCH,6
HPQ,2028-01-21,25.0,6.42,5146,35,53.00339965820313,594,🚀點火(3.5x) 🔭LEAPS,BUY_WATCH,6
BSX,2027-01-15,90.0,0.65,12872,34,50.24463818359376,223,🚀點火(11.3x) 🚬菸屁股,BUY_WATCH,6
SOFI,2028-06-16,42.0,2.4,3277,30,74.46314599609374,741,🚀點火(3.8x) 🔭LEAPS,BUY_WATCH,6
CLSK,2028-01-21,32.0,3.75,2282,30,98.46192944335938,594,🚀點火(2.5x) 🔭LEAPS,BUY_WATCH,6
BSX,2028-01-21,70.0,6.3,2084,29,50.4460521850586,594,🚀點火(14.5x) 🔭LEAPS,BUY_WATCH,6
HPQ,2028-01-21,15.0,11.1,1556,29,46.14311669921876,594,🚀點火(14.5x) 🔭LEAPS,BUY_WATCH,6
BA,2026-07-17,285.0,0.29,1614,27,46.99760034179688,41,🚀點火(27.0x) 🚬菸屁股,BUY_WATCH,6
TDOC,2028-01-21,17.0,1.04,1120,25,78.6134951171875,594,🚀點火(5.0x) 🔭LEAPS,BUY_WATCH,6
PACB,2026-09-18,3.0,0.08,1840,25,115.625421875,104,🚀點火(4.2x) 🚬菸屁股,BUY_WATCH,6
JOBY,2027-01-15,30.0,0.35,7376,25,95.99613378906248,223,🚀點火(5.0x) 🚬菸屁股,BUY_WATCH,6
MDT,2027-01-15,110.0,0.72,1780,25,28.076891113281242,223,🚀點火(8.3x) 🚬菸屁股,BUY_WATCH,6
CCL,2028-01-21,40.0,3.64,1976,25,51.50194982910157,594,🚀點火(12.5x) 🔭LEAPS,BUY_WATCH,6
NEE,2028-01-21,105.0,6.03,8260,25,29.260961303710932,594,🚀點火(8.3x) 🔭LEAPS,BUY_WATCH,6
DKNG,2026-07-17,35.0,0.08,2233,24,60.35195898437502,41,🚀點火(24.0x) 🚬菸屁股,BUY_WATCH,6
ACHR,2028-01-21,25.0,0.64,1201,23,95.01958105468748,594,🚀點火(23.0x) 🔭LEAPS,BUY_WATCH,6
SMR,2027-01-15,45.0,0.61,1297,23,124.41444042968747,223,🚀點火(3.3x) 🚬菸屁股,BUY_WATCH,6
SMR,2028-01-21,35.0,2.8,826,23,118.40861108398437,594,🚀點火(11.5x) 🔭LEAPS,BUY_WATCH,6
TDOC,2028-01-21,15.0,1.22,1005,22,79.9806689453125,594,🚀點火(11.0x) 🔭LEAPS,BUY_WATCH,6
DKNG,2026-09-18,35.0,0.59,4778,20,54.19967675781252,104,🚀點火(10.0x) 🚬菸屁股,BUY_WATCH,6
U,2027-01-15,75.0,0.85,2425,20,72.60769580078124,223,🚀點火(10.0x) 🚬菸屁股,BUY_WATCH,6
TSCO,2026-09-18,40.0,0.69,8072,20,51.465329101562496,104,🚀點火(6.7x) 🚬菸屁股,BUY_WATCH,6
OPEN,2026-08-21,11.0,0.07,1072,19,125.00037499999999,76,🚀點火(19.0x) 🚬菸屁股,BUY_WATCH,6
ZS,2026-07-17,220.0,0.37,915,19,70.312796875,41,🚀點火(6.3x) 🚬菸屁股,BUY_WATCH,6
NVDA,2028-06-16,350.0,24.5,5375,16,50.12562081909181,741,🚀點火(16.0x) 🔭LEAPS,BUY_WATCH,6
SOFI,2026-10-16,28.0,0.44,973,15,72.9494892578125,132,🚀點火(7.5x) 🚬菸屁股,BUY_WATCH,6
TDOC,2028-01-21,10.0,1.88,2035,15,75.34204345703125,594,🚀點火(3.0x) 🔭LEAPS,BUY_WATCH,6
NTLA,2028-01-21,42.0,3.1,5908,15,99.60937890625,594,🚀點火(2.5x) 🔭LEAPS,BUY_WATCH,6
HOOD,2028-01-21,240.0,8.0,1405,12,74.07862835693358,594,🚀點火(6.0x) 🔭LEAPS,BUY_WATCH,6
ACHR,2026-07-17,14.0,0.02,1483,12,125.00037499999999,41,🚀點火(12.0x) 🚬菸屁股,BUY_WATCH,6
PATH,2026-08-21,25.0,0.08,799,11,91.79695703125,76,🚀點火(11.0x) 🚬菸屁股,BUY_WATCH,6
RUN,2028-01-21,13.0,6.0,3731,10,85.0587431640625,594,🚀點火(2.5x) 🔭LEAPS,BUY_WATCH,6
F,2027-01-15,24.0,0.37,1164,9,50.0005,223,🚀點火(4.5x) 🚬菸屁股,BUY_WATCH,6
JOBY,2026-08-21,17.0,0.27,866,8,92.9688203125,76,🚀點火(8.0x) 🚬菸屁股,BUY_WATCH,6
UPST,2026-07-17,75.0,0.01,974,7,133.98470507812496,41,🚀點火(3.5x) 🚬菸屁股,BUY_WATCH,6
DVN,2028-01-21,45.0,9.5,4418,7,46.84501397705078,594,🚀點火(7.0x) 🔭LEAPS,BUY_WATCH,6
DVN,2028-01-21,50.0,7.5,828,6,42.383388671875,594,🚀點火(3.0x) 🔭LEAPS,BUY_WATCH,6
PACB,2028-01-21,5.0,0.45,1376,5,135.15657421875,594,🚀點火(5.0x) 🔭LEAPS,BUY_WATCH,6
JOBY,2027-01-15,22.0,0.7,6230,5,90.1368173828125,223,🚀點火(5.0x) 🚬菸屁股,BUY_WATCH,6
PATH,2026-08-21,30.0,0.07,1700,4,105.078599609375,76,🚀點火(4.0x) 🚬菸屁股,BUY_WATCH,6
HPQ,2028-01-21,18.0,9.15,2060,3,48.633326171875005,594,🚀點火(3.0x) 🔭LEAPS,BUY_WATCH,6
AMZN,2026-07-17,290.0,1.18,62454,52598,34.80289807128906,41,🚀點火(48.2x) 🔥萬人塚,HOLD,5
AMZN,2026-08-21,320.0,1.79,46120,35463,40.430283203125,76,🚀點火(709.3x) 🔥萬人塚,HOLD,5
NVDA,2026-08-21,230.0,7.8,30262,15058,44.0435283203125,76,🆕新倉暴量 🔥萬人塚,HOLD,5
AAPL,2026-08-21,345.0,4.0,68490,13942,27.66795965576171,76,🚀點火(59.1x) 🔥萬人塚,HOLD,5
NVDA,2026-10-16,230.0,14.0,32526,11602,46.820600158691406,132,🆕新倉暴量 🔥萬人塚,HOLD,5
MSFT,2026-08-21,500.0,5.46,59279,11082,36.75600354003906,76,🚀點火(3.6x) 🔥萬人塚,HOLD,5
BLDP,2026-08-21,5.0,1.0,49017,10947,112.109814453125,76,🚀點火(4.9x) 🔥萬人塚,HOLD,5
NVDA,2026-09-18,250.0,6.7,42765,10324,46.18584088134766,104,🚀點火(2.8x) 🔥萬人塚,HOLD,5
AAPL,2026-07-17,310.0,9.6,41602,6584,26.33740655517578,41,🚀點火(3.3x) 🔥萬人塚,HOLD,5
IREN,2027-01-15,110.0,7.9,76940,4439,112.95209539794924,223,🚀點火(3.6x) 🔥萬人塚,HOLD,5
F,2027-01-15,5.0,4.45,1087,3633,0.0010000000000000002,223,🚨異常掃貨,STRONG_BUY,5
SOFI,2027-01-15,15.0,4.04,47177,2994,73.24245507812499,223,🚀點火(3.7x) 🔥萬人塚,HOLD,5
AAPL,2027-01-15,300.0,34.0,65919,1736,31.59858441162109,223,🚀點火(5.4x) 🔥萬人塚,HOLD,5
NVDA,2026-07-17,195.0,17.8,32254,1473,44.93463269042969,41,🚀點火(4.6x) 🔥萬人塚,HOLD,5
ACHR,2027-01-15,7.0,1.13,30125,967,91.1133701171875,223,🚀點火(3.9x) 🔥萬人塚,HOLD,5
AAPL,2026-07-17,295.0,19.1,33053,686,29.199926757812488,41,🚀點火(6.1x) 🔥萬人塚,HOLD,5
AAPL,2026-09-18,300.0,23.8,31809,545,30.066617309570308,104,🚀點火(2.8x) 🔥萬人塚,HOLD,5
SHOP,2026-09-18,140.0,6.12,49049,86,65.89389575195312,104,🚀點火(3.7x) 🔥萬人塚,HOLD,5
SHOP,2026-09-18,175.0,2.09,46770,47,66.45541357421877,104,🚀點火(3.6x) 🔥萬人塚,HOLD,5
NVDA,2026-06-05,215.0,0.01,28082,248369,36.7193828125,-1,🎲末日結算 🚨異常掃貨 🚬菸屁股,GAMBLE,4
AAPL,2026-06-05,312.5,0.01,14027,141670,14.063359375000001,-1,🎲末日結算 🚨異常掃貨 🚬菸屁股,GAMBLE,4
TSLA,2026-06-05,425.0,0.01,14028,92814,53.12546875,-1,🎲末日結算 🚨異常掃貨 🚬菸屁股,GAMBLE,4
AMZN,2026-06-05,255.0,0.01,9154,81120,28.125718749999994,-1,🎲末日結算 🚨異常掃貨 🚬菸屁股,GAMBLE,4
TSLA,2026-06-05,420.0,0.01,10568,79199,50.0005,-1,🎲末日結算 🚨異常掃貨 🚬菸屁股,GAMBLE,4
TSLA,2026-06-05,430.0,0.01,19951,78051,60.937890625000016,-1,🎲末日結算 🚨異常掃貨 🚬菸屁股,GAMBLE,4
GOOGL,2026-06-05,370.0,0.1,9741,63139,6.885696777343751,-1,🎲末日結算 🚨異常掃貨 🚬菸屁股,GAMBLE,4
AAPL,2026-06-05,310.0,0.01,15900,51551,8.008732421875001,-1,🎲末日結算 🚨異常掃貨 🚬菸屁股,GAMBLE,4
AMZN,2026-06-05,257.5,0.01,6529,35192,35.1568984375,-1,🎲末日結算 🚨異常掃貨 🚬菸屁股,GAMBLE,4
GOOGL,2026-06-05,375.0,0.01,8104,33127,14.45398046875,-1,🎲末日結算 🚨異常掃貨 🚬菸屁股,GAMBLE,4
TSLA,2026-06-05,435.0,0.01,12120,26916,67.18782812500001,-1,🎲末日結算 🚨異常掃貨 🚬菸屁股,GAMBLE,4
MSFT,2026-06-05,430.0,0.01,7409,26499,23.82888671875,-1,🎲末日結算 🚨異常掃貨 🚬菸屁股,GAMBLE,4
AMZN,2026-06-05,252.5,0.01,3828,25798,21.48516015625,-1,🎲末日結算 🚨異常掃貨 🚬菸屁股,GAMBLE,4
MSFT,2026-06-05,435.0,0.01,15165,24322,31.250687499999998,-1,🎲末日結算 🚨異常掃貨 🚬菸屁股,GAMBLE,4
AMZN,2026-06-05,260.0,0.01,10666,22380,41.4068359375,-1,🎲末日結算 🚨異常掃貨 🚬菸屁股,GAMBLE,4
HOOD,2026-06-05,86.0,0.01,16680,22228,37.500625,-1,🎲末日結算 🚨異常掃貨 🚬菸屁股,GAMBLE,4
MRVL,2026-06-05,310.0,0.16,3916,22136,158.59395703124997,-1,🎲末日結算 🚨異常掃貨 🆕新倉暴量 ⚠️IV頂峰 🚬菸屁股,GAMBLE,4
PLTR,2026-06-05,142.0,0.01,9980,22127,39.063109374999996,-1,🎲末日結算 🚨異常掃貨 🚬菸屁股,GAMBLE,4
HOOD,2026-06-05,88.0,0.01,7707,17859,50.0005,-1,🎲末日結算 🚨異常掃貨 🚬菸屁股,GAMBLE,4
HOOD,2026-06-05,85.0,0.01,6569,17420,28.125718749999994,-1,🎲末日結算 🚨異常掃貨 🚬菸屁股,GAMBLE,4
HOOD,2026-06-05,87.0,0.01,5108,14901,46.87553125,-1,🎲末日結算 🚨異常掃貨 🚬菸屁股,GAMBLE,4
PLTR,2026-06-05,140.0,0.01,7021,12473,28.125718749999994,-1,🎲末日結算 🚨異常掃貨 🚬菸屁股,GAMBLE,4
SMCI,2026-06-05,48.0,0.01,16127,12015,106.25046875000001,-1,🎲末日結算 🆕新倉暴量 🚬菸屁股,GAMBLE,4
GOOGL,2026-06-05,380.0,0.01,7400,10809,23.438265625,-1,🎲末日結算 🚨異常掃貨 🚬菸屁股,GAMBLE,4
OPEN,2026-06-05,5.0,0.01,25113,9255,137.50031249999998,-1,🎲末日結算 🆕新倉暴量 🚬菸屁股,GAMBLE,4
SMCI,2026-06-05,41.0,0.55,18011,7907,49.219257812500004,-1,🎲末日結算 🆕新倉暴量 🚬菸屁股,GAMBLE,4
META,2026-06-05,650.0,0.01,12214,7667,56.250437500000004,-1,🎲末日結算 🆕新倉暴量 🚬菸屁股,GAMBLE,4
SMCI,2026-06-05,50.0,0.01,16513,7328,137.50031249999998,-1,🎲末日結算 🆕新倉暴量 🚬菸屁股,GAMBLE,4
AMZN,2026-06-05,262.5,0.01,5376,7241,48.438015625000006,-1,🎲末日結算 🚨異常掃貨 🚬菸屁股,GAMBLE,4
RKLB,2026-06-05,120.0,0.01,1383,6025,62.500375000000005,-1,🎲末日結算 🚨異常掃貨 🚬菸屁股,GAMBLE,4
HOOD,2026-06-05,84.0,0.01,2807,5839,18.7508125,-1,🎲末日結算 🚨異常掃貨 🚬菸屁股,GAMBLE,4
GOOGL,2026-06-05,377.5,0.01,2613,5678,19.14143359375,-1,🎲末日結算 🚨異常掃貨 🚬菸屁股,GAMBLE,4
RKLB,2026-06-05,115.0,0.01,1823,5344,37.500625,-1,🎲末日結算 🚨異常掃貨 🚬菸屁股,GAMBLE,4
TSLA,2026-06-05,455.0,0.01,6399,5090,93.7500625,-1,🎲末日結算 🆕新倉暴量 🚬菸屁股,GAMBLE,4
HOOD,2026-06-05,95.0,0.01,22874,4959,100.0005,-1,🎲末日結算 🆕新倉暴量 🚬菸屁股,GAMBLE,4
BA,2026-06-05,217.5,0.01,1250,4802,9.37590625,-1,🎲末日結算 🚨異常掃貨 🚬菸屁股,GAMBLE,4
SMCI,2026-06-05,46.5,0.01,5520,4767,87.500125,-1,🎲末日結算 🚀點火(3.1x) 🚬菸屁股,GAMBLE,4
BA,2026-06-05,220.0,0.01,3292,4767,17.9695703125,-1,🎲末日結算 🚨異常掃貨 🚬菸屁股,GAMBLE,4
HOOD,2026-06-05,92.0,0.01,7438,4353,81.2501875,-1,🎲末日結算 🆕新倉暴量 🚬菸屁股,GAMBLE,4
ASTS,2026-06-05,110.0,0.01,3078,4287,112.5004375,-1,🎲末日結算 🚨異常掃貨 🚬菸屁股,GAMBLE,4
HIMS,2026-06-05,28.0,0.02,3836,3841,59.375406250000005,-1,🎲末日結算 🆕新倉暴量 🚬菸屁股,GAMBLE,4
MU,2026-06-05,1040.0,0.02,4875,3727,106.25046875000001,-1,🎲末日結算 🆕新倉暴量 🚬菸屁股,GAMBLE,4
SMCI,2026-06-05,45.0,0.01,7451,3708,62.500375000000005,-1,🎲末日結算 🆕新倉暴量 🚬菸屁股,GAMBLE,4
MU,2026-06-05,1030.0,0.01,3605,3652,98.437515625,-1,🎲末日結算 🆕新倉暴量 🚬菸屁股,GAMBLE,4
MU,2026-06-05,1020.0,0.01,3727,3604,93.7500625,-1,🎲末日結算 🆕新倉暴量 🚬菸屁股,GAMBLE,4
INTC,2026-06-05,112.0,0.01,5781,3559,87.500125,-1,🎲末日結算 🆕新倉暴量 🚬菸屁股,GAMBLE,4
HIMS,2026-06-05,27.5,0.03,3073,3473,51.562984375,-1,🎲末日結算 🆕新倉暴量 🚬菸屁股,GAMBLE,4
TSLA,2026-06-05,457.5,0.01,5746,3414,96.87503124999999,-1,🎲末日結算 🆕新倉暴量 🚬菸屁股,GAMBLE,4
META,2026-06-05,637.5,0.01,5072,3389,48.438015625000006,-1,🎲末日結算 🆕新倉暴量 🚬菸屁股,GAMBLE,4
MSFT,2026-06-05,450.0,0.01,12095,3381,50.0005,-1,🎲末日結算 🆕新倉暴量 🚬菸屁股,GAMBLE,4
BBAI,2026-06-05,4.5,0.01,6059,3300,87.500125,-1,🎲末日結算 🆕新倉暴量 🚬菸屁股,GAMBLE,4
SOFI,2026-06-05,15.5,0.58,3900,3275,50.0005,-1,🎲末日結算 🆕新倉暴量 🚬菸屁股,GAMBLE,4
HOOD,2026-06-05,89.0,0.01,2652,3261,57.812921875,-1,🎲末日結算 🚨異常掃貨 🚬菸屁股,GAMBLE,4
TSLA,2026-06-05,460.0,0.01,10146,3240,98.437515625,-1,🎲末日結算 🆕新倉暴量 🚬菸屁股,GAMBLE,4
IREN,2026-06-05,61.0,0.01,1343,2939,87.500125,-1,🎲末日結算 🚨異常掃貨 🚬菸屁股,GAMBLE,4
HPE,2026-06-05,50.0,0.02,8165,2887,26.17261328125,-1,🎲末日結算 🆕新倉暴量 🚬菸屁股,GAMBLE,4
META,2026-06-05,645.0,0.01,4855,2823,51.562984375,-1,🎲末日結算 🆕新倉暴量 🚬菸屁股,GAMBLE,4
PLTR,2026-06-05,147.0,0.01,6385,2744,57.812921875,-1,🎲末日結算 🆕新倉暴量 🚬菸屁股,GAMBLE,4
SMCI,2026-06-05,48.5,0.01,3951,2744,115.625421875,-1,🎲末日結算 🆕新倉暴量 🚬菸屁股,GAMBLE,4
MSFT,2026-06-05,445.0,0.01,5050,2663,46.0942890625,-1,🎲末日結算 🆕新倉暴量 🚬菸屁股,GAMBLE,4
SMCI,2026-06-05,43.0,0.02,6978,2562,33.5944140625,-1,🎲末日結算 🆕新倉暴量 🚬菸屁股,GAMBLE,4
HPE,2026-06-05,51.0,0.03,2377,2551,35.938140624999996,-1,🎲末日結算 🆕新倉暴量 🚬菸屁股,GAMBLE,4
HOOD,2026-06-05,96.0,0.01,4385,2466,106.25046875000001,-1,🎲末日結算 🆕新倉暴量 🚬菸屁股,GAMBLE,4
SMR,2026-06-05,12.0,0.03,2272,2432,125.00037499999999,-1,🎲末日結算 🆕新倉暴量 🚬菸屁股,GAMBLE,4
MU,2026-06-05,1010.0,0.05,2040,2419,97.6562734375,-1,🎲末日結算 🆕新倉暴量 🚬菸屁股,GAMBLE,4
CRM,2026-06-05,190.0,0.01,2643,2292,20.313296875,-1,🎲末日結算 🆕新倉暴量 🚬菸屁股,GAMBLE,4
NOW,2026-06-05,120.0,0.04,3807,2128,59.766027343750004,-1,🎲末日結算 🆕新倉暴量 🚬菸屁股,GAMBLE,4
META,2026-06-05,642.5,0.01,2114,2031,55.469195312500005,-1,🎲末日結算 🆕新倉暴量 🚬菸屁股,GAMBLE,4
ONDS,2026-06-05,10.0,0.4,3803,1915,75.00025000000001,-1,🎲末日結算 🆕新倉暴量 🚬菸屁股,GAMBLE,4
DKNG,2026-06-05,25.5,0.01,1938,1675,28.125718749999994,-1,🎲末日結算 🆕新倉暴量 🚬菸屁股,GAMBLE,4
CLSK,2026-06-05,16.0,0.02,1891,1614,42.188078125,-1,🎲末日結算 🆕新倉暴量 🚬菸屁股,GAMBLE,4
PANW,2026-06-05,290.0,0.01,2732,1602,46.87553125,-1,🎲末日結算 🆕新倉暴量 🚬菸屁股,GAMBLE,4
PATH,2026-06-05,11.5,0.01,1618,1471,34.37565625,-1,🎲末日結算 🚀點火(3.3x) 🚬菸屁股,GAMBLE,4
HPE,2026-06-05,52.0,0.01,5589,1449,51.562984375,-1,🎲末日結算 🆕新倉暴量 🚬菸屁股,GAMBLE,4
IBM,2026-06-05,300.0,0.04,1730,1421,39.063109374999996,-1,🎲末日結算 🚀點火(3.2x) 🚬菸屁股,GAMBLE,4
DKNG,2026-06-05,24.5,0.43,1341,1406,52.734847656250004,-1,🎲末日結算 🆕新倉暴量 🚬菸屁股,GAMBLE,4
META,2026-06-05,655.0,0.03,2916,1375,60.937890625000016,-1,🎲末日結算 🆕新倉暴量 🚬菸屁股,GAMBLE,4
MU,2026-06-05,1055.0,0.01,1063,1259,127.34411328124997,-1,🎲末日結算 🆕新倉暴量 🚬菸屁股,GAMBLE,4
META,2026-06-05,657.5,0.01,2153,1253,62.500375000000005,-1,🎲末日結算 🆕新倉暴量 🚬菸屁股,GAMBLE,4
CCL,2026-06-05,27.0,0.35,1196,1252,72.6565234375,-1,🎲末日結算 🆕新倉暴量 🚬菸屁股,GAMBLE,4
SMCI,2026-06-05,46.0,0.01,4243,1203,78.12521875,-1,🎲末日結算 🆕新倉暴量 🚬菸屁股,GAMBLE,4
DKNG,2026-06-05,26.5,0.01,1524,1162,56.250437500000004,-1,🎲末日結算 🚀點火(2.8x) 🚬菸屁股,GAMBLE,4
OKLO,2026-06-05,66.0,0.01,868,1159,93.7500625,-1,🎲末日結算 🚨異常掃貨 🚬菸屁股,GAMBLE,4
CRM,2026-06-05,195.0,0.01,4358,1099,39.063109374999996,-1,🎲末日結算 🆕新倉暴量 🚬菸屁股,GAMBLE,4
META,2026-06-05,647.5,0.01,1676,1045,54.68795312500001,-1,🎲末日結算 🆕新倉暴量 🚬菸屁股,GAMBLE,4
XYZ,2026-06-05,72.0,0.02,1185,1000,53.906710937500016,-1,🎲末日結算 🆕新倉暴量 🚬菸屁股,GAMBLE,4
IBM,2026-06-05,320.0,0.01,4453,990,75.00025000000001,-1,🎲末日結算 🆕新倉暴量 🚬菸屁股,GAMBLE,4
META,2026-06-05,670.0,0.01,3162,976,73.437765625,-1,🎲末日結算 🆕新倉暴量 🚬菸屁股,GAMBLE,4
JOBY,2026-06-05,11.0,0.01,3759,916,131.25034374999998,-1,🎲末日結算 🆕新倉暴量 🚬菸屁股,GAMBLE,4
IBM,2026-06-05,305.0,0.01,930,873,50.0005,-1,🎲末日結算 🆕新倉暴量 🚬菸屁股,GAMBLE,4
IONQ,2026-06-05,62.0,0.01,941,870,82.81267187499999,-1,🎲末日結算 🆕新倉暴量 🚬菸屁股,GAMBLE,4
ZS,2026-06-05,140.0,0.01,3317,860,50.0005,-1,🎲末日結算 🆕新倉暴量 🚬菸屁股,GAMBLE,4
RKLB,2026-06-05,127.0,0.01,773,820,96.87503124999999,-1,🎲末日結算 🆕新倉暴量 🚬菸屁股,GAMBLE,4
NBIS,2026-06-05,260.0,0.01,2001,814,95.312546875,-1,🎲末日結算 🆕新倉暴量 🚬菸屁股,GAMBLE,4
DKNG,2026-06-05,25.0,0.07,1089,798,27.3444765625,-1,🎲末日結算 🆕新倉暴量 🚬菸屁股,GAMBLE,4
BBAI,2026-06-05,4.0,0.21,3661,782,62.500375000000005,-1,🎲末日結算 🆕新倉暴量 🚬菸屁股,GAMBLE,4
MU,2026-06-05,1075.0,0.01,1008,769,138.28155859374996,-1,🎲末日結算 🆕新倉暴量 🚬菸屁股,GAMBLE,4
META,2026-06-05,652.5,0.01,1438,754,59.375406250000005,-1,🎲末日結算 🆕新倉暴量 🚬菸屁股,GAMBLE,4
DKNG,2026-06-05,27.5,0.01,1832,739,144.53152734375,-1,🎲末日結算 🆕新倉暴量 🚬菸屁股,GAMBLE,4
META,2026-06-05,665.0,0.01,3129,726,68.7503125,-1,🎲末日結算 🆕新倉暴量 🚬菸屁股,GAMBLE,4
GS,2026-06-05,1100.0,0.01,791,676,37.500625,-1,🎲末日結算 🆕新倉暴量 🚬菸屁股,GAMBLE,4
DXCM,2026-06-05,74.0,0.75,1416,663,30.274134765625,-1,🎲末日結算 🆕新倉暴量 🚬菸屁股,GAMBLE,4
RKLB,2026-06-05,124.0,0.01,787,622,84.37515624999999,-1,🎲末日結算 🆕新倉暴量 🚬菸屁股,GAMBLE,4
MDT,2026-06-05,85.0,0.01,946,612,35.938140624999996,-1,🎲末日結算 🆕新倉暴量 🚬菸屁股,GAMBLE,4
TSCO,2026-06-05,30.5,0.08,1103,610,42.9693203125,-1,🎲末日結算 🆕新倉暴量 🚬菸屁股,GAMBLE,4
IONQ,2026-06-05,65.0,0.01,836,601,100.0005,-1,🎲末日結算 🆕新倉暴量 🚬菸屁股,GAMBLE,4
MDT,2026-06-05,83.0,0.01,1312,565,17.188328125,-1,🎲末日結算 🆕新倉暴量 🚬菸屁股,GAMBLE,4
DKNG,2026-06-05,28.0,0.03,2534,562,106.25046875000001,-1,🎲末日結算 🆕新倉暴量 🚬菸屁股,GAMBLE,4
BSX,2026-06-05,50.0,0.01,1235,560,42.9693203125,-1,🎲末日結算 🆕新倉暴量 🚬菸屁股,GAMBLE,4
VRT,2026-06-05,330.0,0.04,1154,534,80.4689453125,-1,🎲末日結算 🆕新倉暴量 🚬菸屁股,GAMBLE,4
TGT,2026-06-05,128.0,0.01,2477,528,36.7193828125,-1,🎲末日結算 🆕新倉暴量 🚬菸屁股,GAMBLE,4
U,2026-06-05,31.0,0.01,837,507,53.12546875,-1,🎲末日結算 🆕新倉暴量 🚬菸屁股,GAMBLE,4
CRWD,2026-06-05,800.0,0.01,1248,496,103.12548437500001,-1,🎲末日結算 🆕新倉暴量 🚬菸屁股,GAMBLE,4
CRWD,2026-06-05,750.0,0.01,1395,495,67.18782812500001,-1,🎲末日結算 🆕新倉暴量 🚬菸屁股,GAMBLE,4
BSX,2026-06-05,49.0,0.1,1360,481,32.031929687499996,-1,🎲末日結算 🆕新倉暴量 🚬菸屁股,GAMBLE,4
NOW,2026-06-05,127.0,0.04,1317,464,101.5629921875,-1,🎲末日結算 🆕新倉暴量 🚬菸屁股,GAMBLE,4
PATH,2026-06-05,11.0,0.28,1456,460,40.62559375,-1,🎲末日結算 🆕新倉暴量 🚬菸屁股,GAMBLE,4
MU,2026-06-05,1095.0,0.02,1286,455,137.50031249999998,-1,🎲末日結算 🆕新倉暴量 🚬菸屁股,GAMBLE,4
NOW,2026-06-05,123.0,0.03,1758,421,78.9064609375,-1,🎲末日結算 🆕新倉暴量 🚬菸屁股,GAMBLE,4
GOOGL,2026-06-05,367.5,1.5,3714,18562,16.38267211914063,-1,🎲末日結算 🚨異常掃貨,GAMBLE,3
AMZN,2026-08-21,335.0,1.11,13001,12284,41.22373229980468,76,🆕新倉暴量,HOLD,3
PLTR,2026-09-18,170.0,6.35,15830,11038,57.69085278320312,104,🆕新倉暴量,HOLD,3
F,2026-07-17,20.0,0.06,32518,10846,50.39112109375,41,🚬菸屁股 🔥萬人塚,HOLD,3
META,2026-07-17,700.0,3.98,12543,10369,37.86072882080078,41,🆕新倉暴量,HOLD,3
PLTR,2026-09-18,230.0,1.51,11439,10206,63.257203369140626,104,🆕新倉暴量,HOLD,3
NVDA,2026-07-17,210.0,9.7,20171,10046,42.22469885253906,41,🆕新倉暴量,HOLD,3
NVDA,2026-07-17,245.0,1.76,13683,8835,42.34676794433594,41,🆕新倉暴量,HOLD,3
TSLA,2026-07-17,500.0,3.47,24286,8789,53.94333166503908,41,🆕新倉暴量,HOLD,3
SMR,2027-01-15,20.0,1.74,21855,8637,115.47893823242185,223,🆕新倉暴量,HOLD,3
NVDA,2026-07-17,225.0,4.65,25831,8523,41.51059466552734,41,🆕新倉暴量,HOLD,3
OKLO,2026-07-17,80.0,2.35,14372,8511,103.24755407714848,41,🆕新倉暴量,HOLD,3
AAPL,2027-01-15,310.0,27.92,20492,7625,30.58846267700196,223,🆕新倉暴量,HOLD,3
HOOD,2026-07-17,100.0,2.6,15066,7403,69.97100341796876,41,🆕新倉暴量,HOLD,3
INTC,2026-07-17,140.0,2.37,11725,7389,88.35460864257811,41,🆕新倉暴量,HOLD,3
BLDP,2026-08-21,4.0,1.48,27287,7039,109.76607617187501,76,🆕新倉暴量,HOLD,3
MRVL,2026-06-05,280.0,3.0,1969,6877,156.78732543945313,-1,🎲末日結算 🚨異常掃貨 🆕新倉暴量 ⚠️IV頂峰,GAMBLE,3
MSFT,2026-08-21,600.0,1.1,8531,6612,42.78621667480469,76,🆕新倉暴量,HOLD,3
TSLA,2026-07-17,600.0,1.06,15712,6395,64.3558251953125,41,🆕新倉暴量,HOLD,3
ONDS,2026-07-17,10.0,1.6,7370,6291,98.437515625,41,🆕新倉暴量,HOLD,3
IBIT,2026-07-17,45.0,0.18,69177,6048,51.758294921875006,41,🚬菸屁股 🔥萬人塚,HOLD,3
MRVL,2026-06-05,285.0,1.87,3669,5676,152.29516040039059,-1,🎲末日結算 🚨異常掃貨 🆕新倉暴量 ⚠️IV頂峰,GAMBLE,3
DVN,2026-08-21,52.5,1.01,22944,5256,43.35994140625,76,🆕新倉暴量,HOLD,3
NVDA,2026-08-21,240.0,5.53,25468,5195,43.91535577392578,76,🆕新倉暴量,HOLD,3
NVDA,2026-09-18,320.0,1.38,6863,5163,49.69532727050782,104,🆕新倉暴量,HOLD,3
TSLA,2026-07-17,450.0,8.4,14339,5119,50.180551910400396,41,🆕新倉暴量,HOLD,3
NVDA,2026-08-21,215.0,12.7,12610,4615,44.74542559814453,76,🆕新倉暴量,HOLD,3
TSLA,2026-08-21,500.0,9.1,11470,4610,53.41233111572266,76,🆕新倉暴量,HOLD,3
NVDA,2026-07-17,235.0,2.82,18659,4308,41.76083630371094,41,🆕新倉暴量,HOLD,3
HIMS,2026-08-21,28.0,4.05,7038,4283,100.53760668945313,76,🆕新倉暴量,HOLD,3
IREN,2027-01-15,100.0,8.95,19904,4261,112.76899084472656,223,🆕新倉暴量,HOLD,3
COIN,2026-07-17,200.0,3.23,6571,4234,74.1091456298828,41,🆕新倉暴量,HOLD,3
MSFT,2026-09-18,600.0,1.85,6600,4182,39.71007556152344,104,🆕新倉暴量,HOLD,3
IREN,2026-07-17,75.0,2.65,7063,4110,110.44966650390626,41,🆕新倉暴量,HOLD,3
TSLA,2026-09-18,500.0,13.2,9689,4034,52.48155429077149,104,🆕新倉暴量,HOLD,3
AAPL,2026-07-17,330.0,3.25,19941,4002,25.58057818603516,41,🆕新倉暴量,HOLD,3
NVDA,2026-09-18,300.0,1.99,17405,3956,47.93753234863281,104,🆕新倉暴量,HOLD,3
RUN,2026-11-20,18.0,1.76,8270,3710,87.30481445312499,167,🆕新倉暴量,HOLD,3
NVDA,2026-08-21,260.0,2.9,14143,3633,44.39752868652344,76,🆕新倉暴量,HOLD,3
SMCI,2026-07-17,50.0,1.91,8831,3587,80.81073876953124,41,🆕新倉暴量,HOLD,3
IBIT,2026-09-18,55.0,0.25,33754,3511,52.734847656250004,104,🚬菸屁股 🔥萬人塚,HOLD,3
HOOD,2026-07-17,90.0,4.95,15435,3507,70.97196997070311,41,🆕新倉暴量,HOLD,3
HOOD,2026-07-17,115.0,1.15,5267,3473,73.58424853515625,41,🆕新倉暴量,HOLD,3
IREN,2026-07-17,70.0,3.6,7631,3359,110.15669921875002,41,🆕新倉暴量,HOLD,3
NVDA,2026-08-21,210.0,14.77,12396,3291,45.117736328125005,76,🆕新倉暴量,HOLD,3
AMZN,2026-07-17,265.0,4.65,7306,3242,34.241380249023436,41,🆕新倉暴量,HOLD,3
INTC,2026-08-21,195.0,1.74,13609,3239,97.70510107421876,76,🆕新倉暴量,HOLD,3
MSFT,2026-07-17,480.0,2.45,10730,3149,33.124448059082034,41,🆕新倉暴量,HOLD,3
MSFT,2026-07-17,430.0,12.1,5408,3017,31.22017022705078,41,🆕新倉暴量,HOLD,3
GOOGL,2026-11-20,540.0,3.77,4211,2937,40.46690393066406,167,🆕新倉暴量,HOLD,3
INTC,2026-07-17,130.0,3.2,6184,2902,85.35170898437501,41,🆕新倉暴量,HOLD,3
VST,2026-07-17,175.0,3.15,7124,2879,52.80808911132813,41,🆕新倉暴量,HOLD,3
NVDA,2026-07-17,255.0,1.09,14035,2822,43.530838134765624,41,🆕新倉暴量,HOLD,3
IBIT,2026-07-17,38.0,1.0,9066,2797,50.48877636718749,41,🆕新倉暴量,HOLD,3
ASTS,2026-07-17,130.0,5.35,4537,2795,119.38516870117186,41,🆕新倉暴量,HOLD,3
IREN,2026-07-17,65.0,4.55,4521,2795,108.86276037597655,41,🆕新倉暴量,HOLD,3
TSLA,2026-07-17,410.0,18.5,6186,2794,49.47560290527344,41,🆕新倉暴量,HOLD,3
INTC,2026-08-21,150.0,4.1,12803,2780,89.52647192382811,76,🆕新倉暴量,HOLD,3
MSFT,2026-08-21,430.0,21.9,8811,2775,36.05105453491211,76,🆕新倉暴量,HOLD,3
DVN,2026-07-17,50.0,0.73,113332,2731,41.8951123046875,41,🚬菸屁股 🔥萬人塚,HOLD,3
ASTS,2026-07-17,150.0,3.35,6588,2719,124.51209619140621,41,🆕新倉暴量,HOLD,3
PLTR,2026-07-17,160.0,2.5,12740,2706,52.1367091064453,41,🆕新倉暴量,HOLD,3
ONDS,2026-09-18,15.0,1.22,10556,2675,111.328568359375,104,🆕新倉暴量,HOLD,3
PLTR,2026-09-18,150.0,11.3,7059,2671,57.605404418945305,104,🆕新倉暴量,HOLD,3
MSFT,2026-07-17,455.0,5.44,7690,2670,31.57417059326171,41,🆕新倉暴量,HOLD,3
MSFT,2026-09-18,500.0,7.8,12257,2657,35.773347351074214,104,🆕新倉暴量,HOLD,3
HIMS,2026-07-17,30.0,1.75,7275,2656,85.54701953125,41,🆕新倉暴量,HOLD,3
VST,2026-07-17,195.0,1.23,5718,2642,55.59126440429689,41,🆕新倉暴量,HOLD,3
OKLO,2026-07-17,100.0,1.01,9303,2629,111.71919140624999,41,🆕新倉暴量,HOLD,3
TSLA,2026-07-17,420.0,15.08,6278,2602,49.21315435791016,41,🆕新倉暴量,HOLD,3
INTC,2026-07-17,110.0,6.92,6302,2574,80.90839404296875,41,🆕新倉暴量,HOLD,3
GOOGL,2026-11-20,530.0,4.15,3732,2565,40.302110656738286,167,🆕新倉暴量,HOLD,3
NVDA,2026-10-16,300.0,3.05,5576,2558,47.76663562011719,132,🆕新倉暴量,HOLD,3
NOW,2026-07-17,130.0,4.3,7666,2553,66.29672375488282,41,🆕新倉暴量,HOLD,3
MSFT,2026-09-18,550.0,3.55,7214,2524,37.13441772460938,104,🆕新倉暴量,HOLD,3
HOOD,2026-08-21,120.0,2.55,4488,2421,76.18432019042969,76,🆕新倉暴量,HOLD,3
IREN,2026-07-17,60.0,5.9,8126,2415,109.66842041015626,41,🆕新倉暴量,HOLD,3
CRWV,2026-07-17,120.0,5.46,9699,2324,87.25598681640624,41,🆕新倉暴量,HOLD,3
HIMS,2027-01-15,40.0,4.2,10615,2302,97.33889379882812,223,🆕新倉暴量,HOLD,3
ONDS,2027-01-15,30.0,0.82,80733,2126,112.01215869140624,223,🚬菸屁股 🔥萬人塚,HOLD,3
CRWV,2026-07-17,125.0,4.45,6427,2099,86.52357226562499,41,🆕新倉暴量,HOLD,3
IBM,2026-07-17,400.0,1.03,6042,2056,55.81098876953126,41,🆕新倉暴量,HOLD,3
SOFI,2026-08-21,16.0,2.04,8398,2055,68.84796777343752,76,🆕新倉暴量,HOLD,3
JOBY,2027-01-15,8.0,3.2,2361,2053,88.18371191406248,223,🆕新倉暴量,HOLD,3
IBIT,2026-09-18,45.0,0.73,42579,2048,48.26711889648438,104,🚬菸屁股 🔥萬人塚,HOLD,3
F,2026-07-17,17.0,0.27,43610,2036,45.80132324218751,41,🚬菸屁股 🔥萬人塚,HOLD,3
FLNC,2026-07-17,25.0,3.0,1952,1814,121.58242333984374,41,🆕新倉暴量,HOLD,3
RKLB,2026-07-17,150.0,4.73,2723,1746,102.97900073242188,41,🆕新倉暴量,HOLD,3
NOW,2026-07-17,125.0,5.45,5703,1742,65.49106774902344,41,🆕新倉暴量,HOLD,3
SOFI,2026-09-18,22.0,0.8,125596,1739,70.50810742187501,104,🚬菸屁股 🔥萬人塚,HOLD,3
ONDS,2028-01-21,30.0,2.8,68434,1637,108.69186279296876,594,🔭LEAPS 🔥萬人塚,HOLD,3
CLSK,2026-09-18,15.0,3.0,4577,1628,103.12548437500001,104,🆕新倉暴量,HOLD,3
CRWV,2027-01-15,180.0,10.1,3016,1613,89.54478228759764,223,🆕新倉暴量,HOLD,3
OKLO,2026-07-17,70.0,3.98,3861,1612,99.48730981445313,41,🆕新倉暴量,HOLD,3
SMCI,2026-08-21,50.0,3.95,4944,1571,88.30578100585937,76,🆕新倉暴量,HOLD,3
CLSK,2027-01-15,27.0,2.0,7253,1565,94.87309814453124,223,🆕新倉暴量,HOLD,3
CRWV,2026-07-17,130.0,3.6,5408,1541,86.77991735839842,41,🆕新倉暴量,HOLD,3
SMR,2026-08-21,12.0,1.7,2339,1540,113.47699511718751,76,🆕新倉暴量,HOLD,3
MRVL,2026-06-05,282.5,2.64,811,1533,154.3459313964844,-1,🎲末日結算 🚨異常掃貨 🆕新倉暴量 ⚠️IV頂峰,GAMBLE,3
U,2026-08-21,40.0,1.28,6622,1530,77.39280419921876,76,🆕新倉暴量,HOLD,3
CRWV,2026-08-21,150.0,5.0,2658,1528,93.83551086425781,76,🆕新倉暴量,HOLD,3
NOW,2026-08-21,150.0,4.82,7303,1469,73.633076171875,76,🆕新倉暴量,HOLD,3
SOFI,2027-01-15,16.0,3.55,1549,1413,70.84990087890624,223,🆕新倉暴量,HOLD,3
META,2026-08-21,800.0,4.3,4259,1355,44.21137332153321,76,🆕新倉暴量,HOLD,3
BLDP,2026-11-20,5.0,1.49,5175,1349,115.4301103515625,167,🆕新倉暴量,HOLD,3
HIMS,2026-08-21,35.0,2.35,5574,1328,103.12548437500001,76,🆕新倉暴量,HOLD,3
ACHR,2026-07-17,8.0,0.11,53216,1294,90.62509374999999,41,🚬菸屁股 🔥萬人塚,HOLD,3
IBIT,2026-09-18,50.0,0.36,30667,1280,49.951672363281254,104,🚬菸屁股 🔥萬人塚,HOLD,3
IREN,2026-08-21,75.0,5.11,4543,1247,112.45160961914063,76,🆕新倉暴量,HOLD,3
NOW,2026-07-17,140.0,2.72,4743,1236,68.67707104492189,41,🆕新倉暴量,HOLD,3
HPQ,2026-08-21,25.0,2.49,2334,1179,49.60987890625,76,🆕新倉暴量,HOLD,3
F,2027-01-15,17.0,1.27,1542,1178,45.67925415039063,223,🆕新倉暴量,HOLD,3
SOFI,2026-09-18,25.0,0.5,31292,1111,72.1682470703125,104,🚬菸屁股 🔥萬人塚,HOLD,3
SMCI,2026-08-21,55.0,2.9,3147,1105,88.67198828125,76,🆕新倉暴量,HOLD,3
ONDS,2026-09-18,14.0,1.38,4371,1095,109.375453125,104,🆕新倉暴量,HOLD,3
OPEN,2026-09-18,4.0,1.1,2434,1073,114.64886425781249,104,🆕新倉暴量,HOLD,3
PATH,2027-01-15,20.0,0.95,31194,1065,82.71501660156248,223,🚬菸屁股 🔥萬人塚,HOLD,3
ZM,2026-09-18,150.0,1.72,1708,1034,56.78754150390625,104,🆕新倉暴量,HOLD,3
SOFI,2026-08-21,15.0,2.53,4966,1022,68.84796777343752,76,🆕新倉暴量,HOLD,3
OPEN,2027-01-15,7.0,0.86,52498,1008,112.109814453125,223,🚬菸屁股 🔥萬人塚,HOLD,3
IBM,2026-07-17,350.0,3.0,4503,1008,50.56201782226562,41,🆕新倉暴量,HOLD,3
SMR,2026-11-20,15.0,2.0,2626,1006,115.96721704101563,167,🆕新倉暴量,HOLD,3
OPEN,2027-01-15,10.0,0.51,43004,1002,110.74263378906251,223,🚬菸屁股 🔥萬人塚,HOLD,3
CRM,2026-08-21,230.0,3.74,4145,995,47.30277307128906,76,🆕新倉暴量,HOLD,3
IBIT,2027-01-15,60.0,0.71,34264,987,52.3442265625,223,🚬菸屁股 🔥萬人塚,HOLD,3
IREN,2026-07-17,90.0,1.3,3213,987,114.89300366210938,41,🆕新倉暴量,HOLD,3
NOW,2026-07-17,135.0,3.49,3761,983,67.61506994628907,41,🆕新倉暴量,HOLD,3
BA,2026-07-17,250.0,1.43,3890,963,35.242346801757805,41,🆕新倉暴量,HOLD,3
IREN,2026-08-21,80.0,4.55,3397,958,112.64692114257815,76,🆕新倉暴量,HOLD,3
BLDP,2026-11-20,6.0,1.09,2853,905,111.42622412109375,167,🆕新倉暴量,HOLD,3
SMR,2026-07-17,12.0,1.01,2314,885,107.42233789062503,41,🆕新倉暴量,HOLD,3
ASTS,2026-07-17,140.0,4.2,2312,853,121.60683728027344,41,🆕新倉暴量,HOLD,3
IREN,2027-01-15,85.0,10.4,3648,834,112.40278173828125,223,🆕新倉暴量,HOLD,3
RKLB,2026-07-17,160.0,3.55,1576,831,103.36962377929689,41,🆕新倉暴量,HOLD,3
IBIT,2027-01-15,80.0,0.29,31077,824,58.5941640625,223,🚬菸屁股 🔥萬人塚,HOLD,3
SMR,2026-08-21,13.0,1.4,3273,784,114.25824121093751,76,🆕新倉暴量,HOLD,3
META,2026-07-17,680.0,5.8,2238,779,37.055072814941404,41,🆕新倉暴量,HOLD,3
HUBS,2026-07-17,280.0,4.92,768,752,78.6134951171875,41,🆕新倉暴量,HOLD,3
SOFI,2026-11-20,19.0,2.06,1790,722,71.48466015625,167,🆕新倉暴量,HOLD,3
SOFI,2026-09-18,16.0,2.45,2156,715,69.67803759765626,104,🆕新倉暴量,HOLD,3
ZS,2027-01-15,200.0,11.12,2935,708,69.69024450683594,223,🆕新倉暴量,HOLD,3
UPST,2027-01-15,45.0,3.71,1306,703,84.8390187988281,223,🆕新倉暴量,HOLD,3
ASTS,2026-07-17,170.0,2.22,1310,702,127.88121997070311,41,🆕新倉暴量,HOLD,3
CLSK,2026-09-18,21.0,1.67,3051,673,98.7304814453125,104,🆕新倉暴量,HOLD,3
HPE,2026-07-17,50.0,4.2,1998,662,67.33431103515628,41,🆕新倉暴量,HOLD,3
BBAI,2027-01-15,7.0,0.78,31259,651,109.375453125,223,🚬菸屁股 🔥萬人塚,HOLD,3
OKLO,2026-07-17,90.0,1.5,2877,649,106.10398510742188,41,🆕新倉暴量,HOLD,3
IBM,2026-08-21,400.0,4.0,966,644,56.62885168457032,76,🆕新倉暴量,HOLD,3
APH,2026-08-21,170.0,4.9,932,607,55.50581604003908,76,🆕新倉暴量,HOLD,3
ZM,2026-07-17,120.0,1.42,1119,597,48.804222900390634,41,🆕新倉暴量,HOLD,3
SMR,2026-11-20,13.0,2.43,1135,580,114.0629296875,167,🆕新倉暴量,HOLD,3
ZM,2027-01-15,165.0,4.05,1128,571,57.80681842041015,223,🆕新倉暴量,HOLD,3
SMCI,2026-08-21,45.0,5.55,2727,565,88.9405402832031,76,🆕新倉暴量,HOLD,3
META,2026-08-21,900.0,1.95,1454,562,48.981223083496104,76,🆕新倉暴量,HOLD,3
JOBY,2027-01-15,9.0,2.82,1794,552,86.32826171875,223,🆕新倉暴量,HOLD,3
META,2026-07-17,720.0,2.85,2154,548,39.19738537597656,41,🆕新倉暴量,HOLD,3
BLDP,2026-11-20,4.0,1.8,1770,541,118.55509472656249,167,🆕新倉暴量,HOLD,3
IONQ,2026-07-17,70.0,3.7,2281,534,101.92920129394531,41,🆕新倉暴量,HOLD,3
GOOGL,2027-01-15,600.0,3.6,2216,520,40.546248840332034,223,🆕新倉暴量,HOLD,3
SMCI,2026-11-20,65.0,4.25,2125,517,89.69736865234374,167,🆕新倉暴量,HOLD,3
JOBY,2026-11-20,13.0,1.28,1226,504,87.2071591796875,167,🆕新倉暴量,HOLD,3
MDT,2026-08-21,85.0,2.5,1188,504,28.34544311523437,76,🆕新倉暴量,HOLD,3
META,2027-01-15,1300.0,2.8,1931,504,49.921155090332036,223,🆕新倉暴量,HOLD,3
CRWV,2026-09-18,160.0,5.75,1366,494,92.88337194824219,104,🆕新倉暴量,HOLD,3
ZM,2026-07-17,115.0,2.15,1499,483,47.5591181640625,41,🆕新倉暴量,HOLD,3
JOBY,2026-08-21,10.0,1.32,1834,474,85.742330078125,76,🆕新倉暴量,HOLD,3
SMCI,2027-01-15,58.0,6.5,1020,466,87.58557336425781,223,🆕新倉暴量,HOLD,3
IONQ,2026-07-17,65.0,4.94,1596,466,100.78174609374999,41,🆕新倉暴量,HOLD,3
META,2026-08-21,780.0,5.3,1267,462,43.76276940917969,76,🆕新倉暴量,HOLD,3
VELO,2026-07-17,30.0,0.5,775,455,157.71505517578123,41,🆕新倉暴量 ⚠️IV頂峰 🚬菸屁股,BUY_WATCH,3
CLSK,2026-07-17,16.0,2.01,1290,444,102.63720556640625,41,🆕新倉暴量,HOLD,3
OKLO,2026-07-17,65.0,5.23,1219,432,98.75489526367188,41,🆕新倉暴量,HOLD,3
HPE,2027-01-15,50.0,10.66,1207,432,71.87528125,223,🆕新倉暴量,HOLD,3
SMR,2027-01-15,13.0,3.0,1800,427,115.0394873046875,223,🆕新倉暴量,HOLD,3
GOOGL,2027-01-15,515.0,9.95,781,425,39.51476501464845,223,🆕新倉暴量,HOLD,3
RKLB,2026-07-17,200.0,1.18,933,411,106.6899196777344,41,🆕新倉暴量,HOLD,3
NTLA,2026-07-17,14.0,1.25,1147,407,91.60164648437501,41,🆕新倉暴量,HOLD,3
VST,2026-09-18,220.0,2.72,1634,406,56.665472412109374,104,🆕新倉暴量,HOLD,3
SMR,2026-11-20,10.0,3.35,902,402,115.91838916015624,167,🆕新倉暴量,HOLD,3
NOW,2026-09-18,240.0,1.4,801,402,83.789224609375,104,🆕新倉暴量,HOLD,3
IBIT,2027-01-15,100.0,0.2,41408,398,65.23472265625001,223,🚬菸屁股 🔥萬人塚,HOLD,3
SMR,2026-08-21,35.0,0.26,7343,343,150.390873046875,76,🚀點火(5.3x) ⚠️IV頂峰 🚬菸屁股,BUY_WATCH,3
OPEN,2028-01-21,20.0,3.25,37480,327,25.00075,594,🔭LEAPS 🔥萬人塚,HOLD,3
F,2027-01-15,19.85,0.75,49264,151,46.0942890625,223,🚬菸屁股 🔥萬人塚,HOLD,3
BSX,2026-09-18,70.0,0.4,42800,115,46.14311669921876,104,🚬菸屁股 🔥萬人塚,HOLD,3
OPEN,2028-01-21,2.0,2.98,2107,65,151.36743066406248,594,🚀點火(3.1x) ⚠️IV頂峰 🔭LEAPS,BUY_WATCH,3
IBIT,2026-08-21,55.0,0.16,33119,63,56.836369140624996,76,🚬菸屁股 🔥萬人塚,HOLD,3
SOFI,2026-09-18,32.0,0.2,53576,46,79.49239257812499,104,🚬菸屁股 🔥萬人塚,HOLD,3
IBIT,2027-01-15,140.0,0.11,30156,40,75.586181640625,223,🚬菸屁股 🔥萬人塚,HOLD,3
BSX,2026-09-18,80.0,0.15,40419,29,47.363807617187504,104,🚬菸屁股 🔥萬人塚,HOLD,3
ACHR,2028-01-21,1.0,4.8,913,15,248.43787890625003,594,🚀點火(7.5x) ⚠️IV頂峰 🔭LEAPS,BUY_WATCH,3
TSCO,2027-01-15,45.0,1.05,1347,11,50.04932763671876,223,🚀點火(5.5x),HOLD,3
NVDA,2026-07-17,250.0,1.35,69101,34504,42.83504431152344,41,🔥萬人塚,HOLD,2
NVDA,2026-07-17,220.0,6.06,76813,14542,41.88900885009765,41,🔥萬人塚,HOLD,2
NVDA,2026-07-17,230.0,3.7,47740,13776,41.56552575683594,41,🔥萬人塚,HOLD,2
MSFT,2026-07-17,500.0,1.41,30425,11980,34.42448388671875,41,🔥萬人塚,HOLD,2
NVDA,2026-08-21,250.0,3.85,34768,9424,43.90925231933594,76,🔥萬人塚,HOLD,2
NVDA,2026-07-17,240.0,2.18,42835,6583,41.846284667968746,41,🔥萬人塚,HOLD,2
MSTR,2026-07-17,180.0,1.6,34990,5263,85.91322680664062,41,🔥萬人塚,HOLD,2
AMZN,2026-07-17,280.0,2.06,34312,4970,34.430587341308595,41,🔥萬人塚,HOLD,2
AAPL,2026-07-17,320.0,5.7,38717,4348,25.592785095214843,41,🔥萬人塚,HOLD,2
NVDA,2027-01-15,250.0,15.75,39004,4287,47.95279098510742,223,🔥萬人塚,HOLD,2
SOFI,2027-01-15,20.0,2.27,74741,3843,71.24052197265625,223,🔥萬人塚,HOLD,2
PLTR,2026-07-17,150.0,4.45,32298,2996,51.343260009765615,41,🔥萬人塚,HOLD,2
IBIT,2027-01-15,50.0,1.54,39376,2611,50.7817421875,223,🔥萬人塚,HOLD,2
NVDA,2026-07-17,200.0,14.95,77368,2476,43.95807995605468,41,🔥萬人塚,HOLD,2
NVDA,2027-01-15,300.0,7.4,70558,2384,47.955842712402344,223,🔥萬人塚,HOLD,2
SOFI,2027-01-15,25.0,1.33,70891,2054,71.3870048828125,223,🔥萬人塚,HOLD,2
ONDS,2027-01-15,20.0,1.56,31712,2038,110.79146166992189,223,🔥萬人塚,HOLD,2
F,2026-09-18,15.0,1.35,35698,2023,44.87359814453124,104,🔥萬人塚,HOLD,2
MSFT,2026-07-17,475.0,2.87,69158,1997,32.88641333007812,41,🔥萬人塚,HOLD,2
ONDS,2027-01-15,15.0,2.29,51430,1993,109.32662524414063,223,🔥萬人塚,HOLD,2
NVDA,2027-01-15,200.0,34.0,83110,1722,49.69532727050782,223,🔥萬人塚,HOLD,2
NVDA,2027-01-15,210.0,29.3,31240,1468,49.1216025390625,223,🔥萬人塚,HOLD,2
NVDA,2026-09-18,240.0,8.65,37792,1417,46.15532360839845,104,🔥萬人塚,HOLD,2
TSLA,2027-01-15,960.0,3.75,109281,1264,62.109753906250006,223,🔥萬人塚,HOLD,2
BBAI,2027-01-15,5.0,1.12,31290,965,107.61764941406251,223,🔥萬人塚,HOLD,2
NVDA,2027-01-15,240.0,18.4,40253,922,48.03823934936523,223,🔥萬人塚,HOLD,2
PLTR,2026-09-18,155.0,9.73,57451,827,57.36126623535156,104,🔥萬人塚,HOLD,2
NVDA,2027-01-15,290.0,8.7,37833,662,47.86429089355468,223,🔥萬人塚,HOLD,2
PATH,2027-01-15,15.0,1.66,35723,627,79.9806689453125,223,🔥萬人塚,HOLD,2
NVDA,2027-01-15,180.0,44.75,49792,488,50.961794097900395,223,🔥萬人塚,HOLD,2
META,2027-01-15,1250.0,3.2,39435,457,49.08498181152344,223,🔥萬人塚,HOLD,2
NVDA,2026-09-18,190.0,28.98,99284,443,49.09108526611329,104,🔥萬人塚,HOLD,2
GOOGL,2026-08-21,450.0,4.8,41232,355,38.88000573730469,76,🔥萬人塚,HOLD,2
F,2027-01-15,16.85,1.27,34802,297,44.482977050781244,223,🔥萬人塚,HOLD,2
AAPL,2026-09-18,350.0,4.75,33947,265,26.905027832031248,104,🔥萬人塚,HOLD,2
F,2027-01-15,14.85,2.03,56963,238,44.5318046875,223,🔥萬人塚,HOLD,2
NVDA,2027-01-15,160.0,58.5,111792,176,54.52010812377931,223,🔥萬人塚,HOLD,2
NVDA,2027-01-15,340.0,4.3,70092,173,48.8957747192383,223,🔥萬人塚,HOLD,2
TSLA,2027-01-15,940.0,4.0,93882,141,61.725236267089855,223,🔥萬人塚,HOLD,2
MSFT,2027-01-15,625.0,5.35,52269,115,37.00014172363281,223,🔥萬人塚,HOLD,2
SHOP,2026-09-18,160.0,3.3,83219,111,66.16244775390626,104,🔥萬人塚,HOLD,2
AAPL,2027-01-15,280.0,46.88,31558,100,34.0826904296875,223,🔥萬人塚,HOLD,2
META,2027-01-15,1430.0,2.05,53446,81,52.39915765380858,223,🔥萬人塚,HOLD,2
SHOP,2026-09-18,195.0,1.36,82092,53,68.01789794921876,104,🔥萬人塚,HOLD,2
SHOP,2026-09-18,100.0,20.35,47930,12,67.69441485595704,104,🔥萬人塚,HOLD,2
OPEN,2027-01-15,1.5,6.67,49508,7,0.0010000000000000002,223,🔥萬人塚,HOLD,2
DKNG,2026-11-20,30.0,2.13,30842,4,57.32464550781251,167,🔥萬人塚,HOLD,2
NVDA,2026-06-05,225.0,0.01,84370,68158,62.500375000000005,-1,🎲末日結算 🚬菸屁股 🔥萬人塚,HOLD,1
AAPL,2026-06-05,320.0,0.01,36358,36870,30.4694453125,-1,🎲末日結算 🚬菸屁股 🔥萬人塚,HOLD,1
NVDA,2026-06-05,222.5,0.01,43786,25867,56.250437500000004,-1,🎲末日結算 🚬菸屁股 🔥萬人塚,HOLD,1
NVDA,2026-06-05,240.0,0.01,38842,25506,100.0005,-1,🎲末日結算 🚬菸屁股 🔥萬人塚,HOLD,1
NVDA,2026-06-05,230.0,0.01,48116,18037,75.00025000000001,-1,🎲末日結算 🚬菸屁股 🔥萬人塚,HOLD,1
MRVL,2026-06-05,320.0,0.02,12276,14273,151.95336523437498,-1,🎲末日結算 🆕新倉暴量 ⚠️IV頂峰 🚬菸屁股,GAMBLE,1
SOFI,2026-07-17,20.0,0.3,26446,8723,62.890996093750005,41,🚬菸屁股,HOLD,1
PLTR,2026-07-17,200.0,0.49,26551,6215,62.500375000000005,41,🚬菸屁股,HOLD,1
SMCI,2026-06-05,39.0,2.67,6757,6184,98.437515625,-1,🎲末日結算 🆕新倉暴量,HOLD,1
NVDA,2026-06-05,235.0,0.01,34351,6149,87.500125,-1,🎲末日結算 🚬菸屁股 🔥萬人塚,HOLD,1
SMCI,2026-06-05,40.0,1.55,10104,6038,75.39087109375001,-1,🎲末日結算 🆕新倉暴量,HOLD,1
SOFI,2026-08-21,20.0,0.82,24099,5832,68.26203613281253,76,🚬菸屁股,HOLD,1
HOOD,2026-06-05,80.0,2.57,6175,5678,77.3439765625,-1,🎲末日結算 🆕新倉暴量,HOLD,1
NVDA,2026-07-17,300.0,0.24,27459,5619,51.6606396484375,41,🚬菸屁股,HOLD,1
INTC,2026-06-05,130.0,0.01,17532,5569,175.000125,-1,🎲末日結算 🆕新倉暴量 ⚠️IV頂峰 🚬菸屁股,GAMBLE,1
IBIT,2027-01-15,83.0,0.52,5222,5000,59.375406250000005,223,🚬菸屁股,HOLD,1
ONDS,2026-07-17,15.0,0.38,27947,4959,106.83640332031253,41,🚬菸屁股,HOLD,1
SMCI,2026-06-05,40.5,1.3,4355,4254,72.26590234375,-1,🎲末日結算 🆕新倉暴量,HOLD,1
BBAI,2026-07-17,5.0,0.28,19833,4203,92.57819921875,41,🚬菸屁股,HOLD,1
IBIT,2026-07-17,40.0,0.55,6339,4065,49.70753417968751,41,🚬菸屁股,HOLD,1
MSTR,2026-06-05,165.0,0.01,18326,3925,196.875015625,-1,🎲末日結算 🆕新倉暴量 ⚠️IV頂峰 🚬菸屁股,GAMBLE,1
SMR,2026-07-17,15.0,0.5,12786,3544,117.77384863281249,41,🚬菸屁股,HOLD,1
ONDS,2026-07-17,13.0,0.65,19710,3320,103.12548437500001,41,🚬菸屁股,HOLD,1
ONDS,2026-07-17,12.0,0.89,20316,3223,101.27002490234376,41,🚬菸屁股,HOLD,1
HIMS,2026-07-17,35.0,0.87,8034,3092,89.69736865234374,41,🚬菸屁股,HOLD,1
BBAI,2026-09-18,5.0,0.67,12138,2992,105.46922265625001,104,🚬菸屁股,HOLD,1
MU,2026-06-05,1200.0,0.01,11490,2970,178.125109375,-1,🎲末日結算 🆕新倉暴量 ⚠️IV頂峰 🚬菸屁股,GAMBLE,1
COUR,2026-08-21,5.0,0.95,18558,2931,82.61736132812499,76,🚬菸屁股,HOLD,1
F,2026-09-18,16.0,0.98,28626,2701,45.16656396484375,104,🚬菸屁股,HOLD,1
NVDA,2026-07-17,265.0,0.73,20754,2449,45.16656396484375,41,🚬菸屁股,HOLD,1
SMR,2026-06-05,13.0,0.01,6168,2300,187.50006249999998,-1,🎲末日結算 🆕新倉暴量 ⚠️IV頂峰 🚬菸屁股,GAMBLE,1
NVDA,2026-08-21,310.0,0.82,11278,2243,49.60987890625,76,🚬菸屁股,HOLD,1
SOFI,2026-07-17,19.0,0.44,14206,2154,61.62147753906251,41,🚬菸屁股,HOLD,1
NVDA,2026-07-17,280.0,0.41,9302,2026,47.852083984375,41,🚬菸屁股,HOLD,1
OPEN,2026-11-20,10.0,0.34,8388,1999,112.89106054687501,167,🚬菸屁股,HOLD,1
COIN,2026-07-17,250.0,0.9,5011,1974,81.93377441406248,41,🚬菸屁股,HOLD,1
OPEN,2026-07-17,6.0,0.15,12804,1950,94.5313046875,41,🚬菸屁股,HOLD,1
MU,2026-06-05,1300.0,0.01,5565,1913,218.75045312499998,-1,🎲末日結算 🆕新倉暴量 ⚠️IV頂峰 🚬菸屁股,GAMBLE,1
NVDA,2026-07-17,290.0,0.32,5819,1910,50.04932763671876,41,🚬菸屁股,HOLD,1
OPEN,2026-07-17,7.0,0.09,7042,1824,101.95361523437501,41,🚬菸屁股,HOLD,1
OPEN,2026-07-17,5.0,0.33,5893,1811,88.67198828125,41,🚬菸屁股,HOLD,1
IBIT,2026-07-17,41.0,0.38,6832,1733,50.0005,41,🚬菸屁股,HOLD,1
SMCI,2026-07-17,60.0,0.73,13358,1716,85.00991552734375,41,🚬菸屁股,HOLD,1
SOFI,2028-01-21,20.0,4.84,29334,1699,74.53638745117188,594,🔭LEAPS,HOLD,1
IBIT,2026-07-17,43.0,0.28,10890,1670,50.19581054687501,41,🚬菸屁股,HOLD,1
SOFI,2028-01-21,15.0,6.39,26860,1629,76.90452783203125,594,🔭LEAPS,HOLD,1
PATH,2026-07-17,12.0,0.76,3629,1481,67.87141503906251,41,🚬菸屁股,HOLD,1
SMR,2026-06-05,12.5,0.01,4264,1470,150.00025,-1,🎲末日結算 🆕新倉暴量 ⚠️IV頂峰 🚬菸屁股,GAMBLE,1
BBAI,2026-07-17,7.0,0.09,16796,1460,110.9379453125,41,🚬菸屁股,HOLD,1
TDOC,2026-10-16,10.0,0.65,2115,1442,74.804939453125,132,🚬菸屁股,HOLD,1
HPE,2026-06-05,47.0,1.88,3146,1439,60.15664843750002,-1,🎲末日結算 🆕新倉暴量,HOLD,1
OPEN,2026-08-21,7.0,0.24,27844,1426,105.078599609375,76,🚬菸屁股,HOLD,1
OPEN,2026-07-17,8.0,0.06,3426,1390,111.71919140624999,41,🚬菸屁股,HOLD,1
PLTR,2026-07-17,185.0,0.79,5510,1338,57.98381860351562,41,🚬菸屁股,HOLD,1
NVDA,2026-07-17,275.0,0.51,7242,1335,46.973186523437505,41,🚬菸屁股,HOLD,1
F,2026-07-17,19.0,0.09,15363,1267,48.438015625000006,41,🚬菸屁股,HOLD,1
IREN,2026-06-05,69.0,0.01,2770,1262,168.75015625,-1,🎲末日結算 🆕新倉暴量 ⚠️IV頂峰 🚬菸屁股,GAMBLE,1
ONDS,2026-07-17,14.0,0.56,8744,1244,105.078599609375,41,🚬菸屁股,HOLD,1
SOFI,2028-06-16,20.0,5.59,29110,1237,75.9035612792969,741,🔭LEAPS,HOLD,1
ACHR,2026-07-17,9.0,0.06,24606,1234,95.312546875,41,🚬菸屁股,HOLD,1
MU,2026-06-05,1250.0,0.01,3188,1216,196.875015625,-1,🎲末日結算 🆕新倉暴量 ⚠️IV頂峰 🚬菸屁股,GAMBLE,1
ACHR,2026-10-16,10.0,0.3,4733,1206,92.9688203125,132,🚬菸屁股,HOLD,1
SMCI,2026-09-18,105.0,0.52,5908,1161,99.023447265625,104,🚬菸屁股,HOLD,1
ACHR,2026-10-16,7.0,0.7,3400,1122,88.86729882812499,132,🚬菸屁股,HOLD,1
F,2026-09-18,25.0,0.08,4075,1110,54.102021484375015,104,🚬菸屁股,HOLD,1
IBIT,2026-09-18,48.0,0.46,20995,1069,49.70753417968751,104,🚬菸屁股,HOLD,1
DKNG,2026-07-17,30.0,0.39,28415,1068,53.027813476562514,41,🚬菸屁股,HOLD,1
AAPL,2026-07-17,350.0,0.93,6358,1050,26.343510009765623,41,🚬菸屁股,HOLD,1
F,2026-08-21,18.0,0.38,3183,1037,48.1450498046875,76,🚬菸屁股,HOLD,1
F,2026-09-18,21.0,0.2,12175,1037,48.92629199218751,104,🚬菸屁股,HOLD,1
IBIT,2026-09-18,100.0,0.06,15143,1033,79.883013671875,104,🚬菸屁股,HOLD,1
MU,2026-06-05,1400.0,0.01,4104,1029,256.25035937499996,-1,🎲末日結算 🆕新倉暴量 ⚠️IV頂峰 🚬菸屁股,GAMBLE,1
META,2026-09-18,1480.0,0.31,8748,1025,61.890029541015636,104,🚬菸屁股,HOLD,1
SMR,2026-08-21,20.0,0.52,5476,1001,124.80506347656248,76,🚬菸屁股,HOLD,1
MSTR,2026-07-17,200.0,0.98,6539,977,89.62412719726561,41,🚬菸屁股,HOLD,1
ONDS,2026-07-17,20.0,0.14,5814,964,117.57853710937498,41,🚬菸屁股,HOLD,1
MU,2026-06-05,1105.0,0.02,894,950,193.84768701171876,-1,🎲末日結算 🆕新倉暴量 ⚠️IV頂峰 🚬菸屁股,GAMBLE,1
F,2026-07-17,15.0,0.86,16137,945,44.92242578125,41,🚬菸屁股,HOLD,1
BBAI,2026-07-17,6.0,0.14,12618,941,105.46922265625001,41,🚬菸屁股,HOLD,1
SOFI,2026-07-17,25.0,0.1,15670,936,75.39087109375001,41,🚬菸屁股,HOLD,1
IBIT,2026-07-17,50.0,0.11,21156,926,60.937890625000016,41,🚬菸屁股,HOLD,1
SOFI,2026-08-21,21.0,0.66,23891,915,69.72686523437501,76,🚬菸屁股,HOLD,1
HPQ,2026-07-17,30.0,0.45,6754,905,49.5122236328125,41,🚬菸屁股,HOLD,1
ZS,2026-06-05,130.0,1.04,1369,881,34.8639326171875,-1,🎲末日結算 🆕新倉暴量,HOLD,1
SOFI,2026-08-21,25.0,0.33,13161,868,73.7307314453125,76,🚬菸屁股,HOLD,1
ONDS,2026-09-18,20.0,0.65,12229,853,114.64886425781249,104,🚬菸屁股,HOLD,1
OPEN,2026-08-21,5.0,0.57,22435,850,108.984830078125,76,🚬菸屁股,HOLD,1
JOBY,2027-01-15,20.0,0.7,12333,831,89.3555751953125,223,🚬菸屁股,HOLD,1
IONQ,2026-06-05,71.0,0.01,1234,830,156.25021875,-1,🎲末日結算 🆕新倉暴量 ⚠️IV頂峰 🚬菸屁股,GAMBLE,1
JOBY,2026-07-17,11.0,0.55,20925,827,79.101771484375,41,🚬菸屁股,HOLD,1
BLDP,2026-08-21,6.0,0.75,3908,821,117.1879140625,76,🚬菸屁股,HOLD,1
CLSK,2026-07-17,19.0,0.9,3362,781,99.9023447265625,41,🚬菸屁股,HOLD,1
IBIT,2026-07-17,44.0,0.21,15174,766,50.586431640624994,41,🚬菸屁股,HOLD,1
PLTR,2026-07-17,190.0,0.65,6258,756,59.717199707031256,41,🚬菸屁股,HOLD,1
OPEN,2026-07-17,10.0,0.02,7212,750,139.06280468749998,41,🚬菸屁股,HOLD,1
IBIT,2026-08-21,42.0,0.77,6908,749,49.1216025390625,76,🚬菸屁股,HOLD,1
IBIT,2028-06-16,100.0,2.01,26774,749,57.678645874023424,741,🔭LEAPS,HOLD,1
PATH,2026-08-21,15.0,0.54,8850,733,76.07445800781252,76,🚬菸屁股,HOLD,1
JOBY,2026-07-17,12.0,0.34,19402,718,80.27363476562499,41,🚬菸屁股,HOLD,1
JOBY,2026-08-21,11.0,0.95,2778,716,83.49625878906248,76,🚬菸屁股,HOLD,1
SOFI,2026-07-17,21.0,0.22,15587,708,64.648791015625,41,🚬菸屁股,HOLD,1
OPEN,2026-08-21,10.0,0.1,18072,700,121.875390625,76,🚬菸屁股,HOLD,1
UPST,2026-07-17,40.0,0.62,3794,692,77.3439765625,41,🚬菸屁股,HOLD,1
AMZN,2026-07-17,295.0,0.92,7415,685,35.96255444335937,41,🚬菸屁股,HOLD,1
NOW,2026-07-17,195.0,0.45,3190,683,84.57046679687498,41,🚬菸屁股,HOLD,1
IBIT,2026-10-16,50.0,0.64,6000,681,50.537604003906246,132,🚬菸屁股,HOLD,1
F,2028-01-21,25.0,1.14,13005,681,49.341326904296885,594,🔭LEAPS,HOLD,1
MSTR,2028-01-21,700.0,10.4,6523,665,95.45902978515625,594,🔭LEAPS,HOLD,1
CRWV,2026-07-17,200.0,0.3,2536,645,94.726615234375,41,🚬菸屁股,HOLD,1
AAPL,2026-07-17,360.0,0.51,7012,639,26.95385546875,41,🚬菸屁股,HOLD,1
META,2026-07-17,1480.0,0.05,10057,638,82.0314296875,41,🚬菸屁股,HOLD,1
ONDS,2028-01-21,12.0,5.15,11512,632,110.64497802734377,594,🔭LEAPS,HOLD,1
IREN,2026-06-05,68.0,0.01,2693,629,156.25021875,-1,🎲末日結算 🆕新倉暴量 ⚠️IV頂峰 🚬菸屁股,GAMBLE,1
HIMS,2026-07-17,40.0,0.49,6663,625,100.1958115234375,41,🚬菸屁股,HOLD,1
SOFI,2028-06-16,25.0,4.5,17527,613,74.65845654296875,741,🔭LEAPS,HOLD,1
F,2026-09-18,20.0,0.27,13254,609,48.34036035156251,104,🚬菸屁股,HOLD,1
IBIT,2026-08-21,50.0,0.23,23068,608,52.6371923828125,76,🚬菸屁股,HOLD,1
IBIT,2028-01-21,140.0,0.65,26330,595,60.79140771484376,594,🔭LEAPS,HOLD,1
JOBY,2026-07-17,13.0,0.22,5004,588,82.42205078125,41,🚬菸屁股,HOLD,1
HOOD,2028-01-21,290.0,5.84,4964,586,74.06031799316406,594,🔭LEAPS,HOLD,1
OPEN,2026-09-18,6.0,0.54,3748,586,99.023447265625,104,🚬菸屁股,HOLD,1
BSX,2026-07-17,55.0,0.7,2176,586,38.91662646484375,41,🚬菸屁股,HOLD,1
PATH,2026-07-17,15.0,0.24,5061,585,77.73459765625,41,🚬菸屁股,HOLD,1
MU,2026-06-05,1420.0,0.01,1173,584,262.50034375,-1,🎲末日結算 🆕新倉暴量 ⚠️IV頂峰 🚬菸屁股,GAMBLE,1
SOFI,2028-06-16,40.0,2.58,8076,583,74.02369726562499,741,🔭LEAPS,HOLD,1
SMR,2026-07-17,17.0,0.34,4049,571,121.28945605468748,41,🚬菸屁股,HOLD,1
CRWV,2026-07-17,210.0,0.2,4639,569,100.39112304687498,41,🚬菸屁股,HOLD,1
NOW,2026-07-17,180.0,0.7,3527,548,78.56466748046876,41,🚬菸屁股,HOLD,1
CLSK,2026-07-17,25.0,0.19,6025,534,115.4301103515625,41,🚬菸屁股,HOLD,1
CRM,2026-06-05,185.0,1.1,1365,532,28.662822753906248,-1,🎲末日結算 🆕新倉暴量,HOLD,1
MU,2026-06-05,1225.0,0.01,2401,525,187.50006249999998,-1,🎲末日結算 🆕新倉暴量 ⚠️IV頂峰 🚬菸屁股,GAMBLE,1
NVDA,2028-01-21,200.0,55.9,26253,524,52.20995056152342,594,🔭LEAPS,HOLD,1
JOBY,2026-07-17,16.0,0.08,3176,524,91.4063359375,41,🚬菸屁股,HOLD,1
OPEN,2026-11-20,15.0,0.18,10523,517,121.48476757812499,167,🚬菸屁股,HOLD,1
HPQ,2026-06-05,37.0,0.01,2015,509,262.50034375,-1,🎲末日結算 🆕新倉暴量 ⚠️IV頂峰 🚬菸屁股,GAMBLE,1
ONDS,2026-07-17,16.0,0.32,3371,505,111.13325683593752,41,🚬菸屁股,HOLD,1
OPEN,2026-09-18,5.0,0.73,6895,504,107.81296093750001,104,🚬菸屁股,HOLD,1
OPEN,2026-09-18,10.0,0.15,13225,502,113.28168359375002,104,🚬菸屁股,HOLD,1
OPEN,2026-08-21,12.0,0.12,1308,501,131.64096679687498,76,🚬菸屁股,HOLD,1
HPQ,2026-08-21,30.0,0.95,6155,493,50.7817421875,76,🚬菸屁股,HOLD,1
BA,2026-07-17,260.0,0.87,2968,481,37.62269409179687,41,🚬菸屁股,HOLD,1
ASTS,2026-06-05,90.0,3.35,928,480,65.62534375000001,-1,🎲末日結算 🆕新倉暴量,HOLD,1
OKLO,2026-07-17,120.0,0.57,3742,474,121.77773486328122,41,🚬菸屁股,HOLD,1
AMZN,2026-07-17,320.0,0.35,9637,462,38.81897119140625,41,🚬菸屁股,HOLD,1
AMZN,2026-07-17,325.0,0.23,2144,451,38.81897119140625,41,🚬菸屁股,HOLD,1
CRM,2026-07-17,250.0,0.74,3703,449,52.686020019531256,41,🚬菸屁股,HOLD,1
ACHR,2028-01-21,27.0,0.6,17686,447,94.5313046875,594,🔭LEAPS,HOLD,1
JOBY,2026-07-17,15.0,0.11,3915,441,92.187578125,41,🚬菸屁股,HOLD,1
ONDS,2026-07-17,18.0,0.22,2222,432,117.96916015624998,41,🚬菸屁股,HOLD,1
JOBY,2026-07-17,14.0,0.16,5736,414,85.937640625,41,🚬菸屁股,HOLD,1
SMR,2028-01-21,10.0,5.83,4598,408,116.55315161132816,594,🔭LEAPS,HOLD,1
SMCI,2026-09-18,90.0,0.85,2386,407,95.36137451171875,104,🚬菸屁股,HOLD,1
BBAI,2027-01-15,17.0,0.23,24944,399,123.82850585937497,223,🚬菸屁股,HOLD,1
ONDS,2028-01-21,15.0,4.58,6113,398,111.42622412109375,594,🔭LEAPS,HOLD,1
OKLO,2026-07-17,105.0,0.9,1148,394,114.35589697265624,41,🚬菸屁股,HOLD,1
SOFI,2028-01-21,18.0,5.4,9181,391,75.68383691406251,594,🔭LEAPS,HOLD,1
ZS,2026-07-17,200.0,0.6,1367,388,68.70148486328127,41,🚬菸屁股,HOLD,1
DKNG,2026-07-17,27.5,0.87,5105,387,52.88133056640626,41,🚬菸屁股,HOLD,1
ONDS,2026-09-18,18.0,0.89,11189,384,114.55120849609375,104,🚬菸屁股,HOLD,1
IBIT,2026-08-21,44.0,0.53,8240,373,49.60987890625,76,🚬菸屁股,HOLD,1
BLDP,2026-11-20,7.0,0.95,2009,368,113.57465087890625,167,🚬菸屁股,HOLD,1
HIMS,2026-08-21,50.0,0.8,2906,365,107.51999365234377,76,🚬菸屁股,HOLD,1
SOFI,2026-07-17,23.0,0.13,5498,360,70.117486328125,41,🚬菸屁股,HOLD,1
HPQ,2026-07-17,38.0,0.07,4338,360,60.547269531250016,41,🚬菸屁股,HOLD,1
IBIT,2028-01-21,50.0,5.55,7571,356,57.3368524169922,594,🔭LEAPS,HOLD,1
IBIT,2026-07-17,47.0,0.13,19019,351,54.98091894531252,41,🚬菸屁股,HOLD,1
SOFI,2027-01-15,47.0,0.28,20415,351,82.0314296875,223,🚬菸屁股,HOLD,1
SMR,2026-08-21,17.0,0.71,1393,350,121.875390625,76,🚬菸屁股,HOLD,1
D,2027-01-15,80.0,0.8,1028,350,23.57254162597656,223,🚬菸屁股,HOLD,1
PATH,2026-07-17,14.0,0.34,8992,349,73.24245507812499,41,🚬菸屁股,HOLD,1
OPEN,2028-01-21,1.0,3.63,2741,335,118.35978320312499,594,🔭LEAPS,HOLD,1
SMR,2026-07-17,18.0,0.32,1640,335,123.24257128906248,41,🚬菸屁股,HOLD,1
OPEN,2026-10-16,10.0,0.24,2930,332,125.00037499999999,132,🚬菸屁股,HOLD,1
SMR,2028-01-21,3.0,8.45,1126,326,148.4377578125,594,🔭LEAPS,HOLD,1
BBAI,2028-01-21,7.0,1.64,8423,320,113.18402783203125,594,🔭LEAPS,HOLD,1
TSLA,2026-07-17,620.0,0.88,13583,317,66.21127539062502,41,🚬菸屁股,HOLD,1
IBIT,2026-07-17,46.0,0.15,9079,317,53.51608984375,41,🚬菸屁股,HOLD,1
PATH,2026-08-21,13.0,0.88,3729,317,72.46121289062499,76,🚬菸屁股,HOLD,1
JOBY,2026-11-20,15.0,0.89,1341,316,87.5977802734375,167,🚬菸屁股,HOLD,1
IBIT,2028-01-21,60.0,3.82,6552,315,57.21478332519532,594,🔭LEAPS,HOLD,1
NVDA,2028-01-21,220.0,48.25,8287,312,51.50194982910157,594,🔭LEAPS,HOLD,1
NVDA,2026-08-21,320.0,0.64,7459,311,50.12256909179689,76,🚬菸屁股,HOLD,1
OPEN,2026-08-21,9.0,0.14,4071,311,118.75040625,76,🚬菸屁股,HOLD,1
TDOC,2026-07-17,7.0,0.6,11978,300,59.766027343750004,41,🚬菸屁股,HOLD,1
IBIT,2028-01-21,70.0,2.7,16184,299,55.92085095214845,594,🔭LEAPS,HOLD,1
HOOD,2026-07-17,210.0,0.11,855,297,108.00827246093752,41,🚬菸屁股,HOLD,1
BBAI,2028-01-21,10.0,1.36,21228,294,112.109814453125,594,🔭LEAPS,HOLD,1
PATH,2028-01-21,37.0,1.22,4397,286,81.15253222656249,594,🔭LEAPS,HOLD,1
ACHR,2027-01-15,20.0,0.21,20862,282,108.203583984375,223,🚬菸屁股,HOLD,1
SOFI,2026-08-21,35.0,0.09,3299,279,88.67198828125,76,🚬菸屁股,HOLD,1
IBIT,2026-07-17,53.0,0.09,5054,278,64.25816992187501,41,🚬菸屁股,HOLD,1
SOFI,2026-08-21,24.0,0.36,4014,268,72.07059179687501,76,🚬菸屁股,HOLD,1
UPST,2026-09-18,70.0,0.53,951,261,94.92192578125,104,🚬菸屁股,HOLD,1
SMR,2027-01-15,40.0,0.7,6595,261,124.51209619140621,223,🚬菸屁股,HOLD,1
F,2026-07-17,22.0,0.04,3675,257,60.937890625000016,41,🚬菸屁股,HOLD,1
TSLA,2026-07-17,990.0,0.1,15150,251,93.945373046875,41,🚬菸屁股,HOLD,1
DDD,2026-08-21,2.5,0.82,1318,250,105.46922265625001,76,🚬菸屁股,HOLD,1
SMR,2026-08-21,18.0,0.58,1479,234,119.3363408203125,76,🚬菸屁股,HOLD,1
OPEN,2026-09-18,8.0,0.29,3797,232,112.109814453125,104,🚬菸屁股,HOLD,1
ACHR,2026-10-16,8.0,0.51,3433,232,88.67198828125,132,🚬菸屁股,HOLD,1
BLDP,2026-11-20,8.0,0.77,1164,228,115.625421875,167,🚬菸屁股,HOLD,1
SOFI,2026-09-18,35.0,0.16,5444,226,81.64080859375,104,🚬菸屁股,HOLD,1
OPEN,2026-08-21,4.0,0.96,2511,226,96.87503124999999,76,🚬菸屁股,HOLD,1
JOBY,2026-08-21,12.0,0.71,3067,226,83.789224609375,76,🚬菸屁股,HOLD,1
CRWV,2026-09-18,280.0,0.85,4339,226,99.68262036132812,104,🚬菸屁股,HOLD,1
NVDA,2026-07-17,350.0,0.08,24270,222,60.25430371093752,41,🚬菸屁股,HOLD,1
LUNR,2026-07-17,50.0,0.97,1137,217,127.73473632812498,41,🚬菸屁股,HOLD,1
NOW,2026-07-17,170.0,0.91,1790,208,77.09983837890626,41,🚬菸屁股,HOLD,1
SOFI,2026-09-18,21.0,0.87,2556,206,69.2385888671875,104,🚬菸屁股,HOLD,1
SOFI,2026-08-21,30.0,0.13,7181,204,79.687703125,76,🚬菸屁股,HOLD,1
IBIT,2026-09-18,60.0,0.17,19101,202,57.617611328124994,104,🚬菸屁股,HOLD,1
SMR,2027-01-15,80.0,0.35,9809,201,136.71906640625,223,🚬菸屁股,HOLD,1
SMR,2028-01-21,20.0,4.05,3339,201,114.67327819824216,594,🔭LEAPS,HOLD,1
IBIT,2028-06-16,40.0,9.71,6059,200,61.04775280761721,741,🔭LEAPS,HOLD,1
HIMS,2028-01-21,30.0,10.82,6037,198,90.74716284179686,594,🔭LEAPS,HOLD,1
SMR,2027-01-15,50.0,0.53,4917,197,132.61752441406247,223,🚬菸屁股,HOLD,1
NVDA,2026-08-21,420.0,0.1,7511,193,59.18009570312501,76,🚬菸屁股,HOLD,1
SOFI,2028-01-21,40.0,2.0,13718,192,74.26783544921875,594,🔭LEAPS,HOLD,1
HIMS,2027-01-15,105.0,0.99,8387,189,110.49849438476565,223,🚬菸屁股,HOLD,1
NTLA,2027-01-15,30.0,0.75,1206,187,100.0005,223,🚬菸屁股,HOLD,1
HIMS,2026-07-17,50.0,0.2,6142,186,108.7895185546875,41,🚬菸屁股,HOLD,1
PATH,2026-07-17,13.0,0.47,9529,184,70.50810742187501,41,🚬菸屁股,HOLD,1
SOFI,2026-11-20,25.0,0.95,2430,181,73.29128271484375,167,🚬菸屁股,HOLD,1
FIS,2026-07-17,45.0,0.65,1138,180,35.32779516601562,41,🚬菸屁股,HOLD,1
BLDP,2026-07-17,5.0,0.72,1903,179,109.375453125,41,🚬菸屁股,HOLD,1
SOFI,2026-09-18,47.0,0.09,3124,176,96.87503124999999,104,🚬菸屁股,HOLD,1
XYZ,2026-07-17,80.0,0.94,2479,176,48.56008471679687,41,🚬菸屁股,HOLD,1
IBIT,2027-01-15,75.0,0.32,10753,173,56.9340244140625,223,🚬菸屁股,HOLD,1
BBAI,2027-01-15,12.0,0.34,15883,173,112.69574902343751,223,🚬菸屁股,HOLD,1
JOBY,2028-01-21,12.0,3.58,5080,169,91.3086806640625,594,🔭LEAPS,HOLD,1
DDD,2026-08-21,5.0,0.2,1519,168,118.75040625,76,🚬菸屁股,HOLD,1
NOW,2026-07-17,175.0,0.8,1386,166,78.68673657226562,41,🚬菸屁股,HOLD,1
MSTR,2027-01-15,1080.0,0.73,9155,162,113.13519995117187,223,🚬菸屁股,HOLD,1
META,2026-07-17,900.0,0.54,5467,160,53.4184345703125,41,🚬菸屁股,HOLD,1
MSFT,2028-01-21,600.0,29.79,6064,157,38.0941859588623,594,🔭LEAPS,HOLD,1
SOFI,2026-07-17,30.0,0.05,13804,157,91.79695703125,41,🚬菸屁股,HOLD,1
SOFI,2028-01-21,47.0,1.74,5763,156,75.04907763671875,594,🔭LEAPS,HOLD,1
PACB,2027-01-15,1.5,0.45,8687,153,105.46922265625001,223,🚬菸屁股,HOLD,1
TDOC,2026-07-17,8.0,0.24,3748,149,52.734847656250004,41,🚬菸屁股,HOLD,1
DKNG,2026-07-17,32.5,0.17,1669,148,52.539537109375004,41,🚬菸屁股,HOLD,1
IBIT,2028-06-16,50.0,7.25,9793,147,59.48526843261719,741,🔭LEAPS,HOLD,1
BLDP,2026-08-21,7.0,0.48,1904,147,122.07070214843749,76,🚬菸屁股,HOLD,1
OKLO,2026-07-17,110.0,0.7,998,146,117.57853710937498,41,🚬菸屁股,HOLD,1
CRWV,2026-07-17,180.0,0.53,2459,146,93.4570966796875,41,🚬菸屁股,HOLD,1
PATH,2028-01-21,20.0,2.5,8589,144,80.1759794921875,594,🔭LEAPS,HOLD,1
SOFI,2026-08-21,26.0,0.26,4038,143,73.92604199218749,76,🚬菸屁股,HOLD,1
SOFI,2026-07-17,24.0,0.11,4095,140,73.633076171875,41,🚬菸屁股,HOLD,1
NVDA,2028-01-21,230.0,44.7,12453,139,51.228820236206055,594,🔭LEAPS,HOLD,1
MSFT,2028-01-21,500.0,51.56,7902,138,37.7310304107666,594,🔭LEAPS,HOLD,1
JOBY,2027-01-15,17.0,0.89,5958,138,87.7930908203125,223,🚬菸屁股,HOLD,1
F,2027-01-15,20.0,0.71,1008,138,47.21732470703125,223,🚬菸屁股,HOLD,1
META,2026-07-17,1460.0,0.06,1445,138,83.98453515624999,41,🚬菸屁股,HOLD,1
OPEN,2026-08-21,8.0,0.17,10513,136,120.11758691406249,76,🚬菸屁股,HOLD,1
TGT,2026-07-17,140.0,0.8,3198,136,34.64420825195312,41,🚬菸屁股,HOLD,1
IBIT,2026-09-18,46.0,0.6,7667,135,49.1216025390625,104,🚬菸屁股,HOLD,1
F,2028-01-21,20.0,1.8,3051,134,46.655806884765624,594,🔭LEAPS,HOLD,1
UPST,2026-07-17,37.5,0.83,791,133,77.3439765625,41,🚬菸屁股,HOLD,1
HPQ,2026-08-21,31.0,0.75,1397,132,51.562984375,76,🚬菸屁股,HOLD,1
TSLA,2028-01-21,800.0,34.05,7024,131,57.44595166778564,594,🔭LEAPS,HOLD,1
SOFI,2026-07-17,26.0,0.08,4431,131,76.95335546875,41,🚬菸屁股,HOLD,1
ONDS,2026-09-18,25.0,0.4,5853,131,118.84806201171875,104,🚬菸屁股,HOLD,1
META,2026-07-17,850.0,0.77,1328,131,50.26905200195313,41,🚬菸屁股,HOLD,1
PATH,2028-01-21,15.0,3.4,8875,129,80.32246240234375,594,🔭LEAPS,HOLD,1
CLSK,2026-07-17,22.0,0.3,961,128,97.26565234374999,41,🚬菸屁股,HOLD,1
COIN,2027-01-15,880.0,0.76,13565,127,94.726615234375,223,🚬菸屁股,HOLD,1
SOFI,2028-06-16,27.0,4.1,4023,127,74.92700854492188,741,🔭LEAPS,HOLD,1
SMR,2028-01-21,5.0,7.2,1180,126,142.3831005859375,594,🔭LEAPS,HOLD,1
NNE,2026-07-17,40.0,0.35,3166,126,113.57465087890625,41,🚬菸屁股,HOLD,1
DKNG,2028-01-21,37.5,4.2,19870,124,60.8524422607422,594,🔭LEAPS,HOLD,1
ONDS,2028-01-21,22.0,3.53,914,124,107.39792395019533,594,🔭LEAPS,HOLD,1
NOW,2028-01-21,284.0,10.5,4087,123,65.6924817504883,594,🔭LEAPS,HOLD,1
IBIT,2026-10-16,60.0,0.26,8672,121,54.49264257812501,132,🚬菸屁股,HOLD,1
U,2026-07-17,40.0,0.5,7969,121,73.82838671875,41,🚬菸屁股,HOLD,1
PATH,2028-01-21,10.0,4.82,7499,121,81.68963623046875,594,🔭LEAPS,HOLD,1
HPQ,2027-01-15,55.0,0.37,5795,121,59.03361279296876,223,🚬菸屁股,HOLD,1
NVDA,2028-01-21,370.0,20.45,5211,120,49.928784408569335,594,🔭LEAPS,HOLD,1
OPEN,2026-11-20,6.0,0.78,3758,116,114.25824121093751,167,🚬菸屁股,HOLD,1
SOFI,2028-06-16,35.0,3.1,7327,115,74.73169799804688,741,🔭LEAPS,HOLD,1
IBIT,2026-08-21,43.0,0.65,5097,114,49.36574072265626,76,🚬菸屁股,HOLD,1
CCL,2026-07-17,38.0,0.09,2653,114,50.586431640624994,41,🚬菸屁股,HOLD,1
CCL,2026-07-17,39.0,0.15,2076,114,52.3442265625,41,🚬菸屁股,HOLD,1
NVDA,2026-09-18,390.0,0.47,5387,113,54.834436035156266,104,🚬菸屁股,HOLD,1
UPST,2026-07-17,50.0,0.17,2343,113,87.500125,41,🚬菸屁股,HOLD,1
BBAI,2028-01-21,2.0,2.92,2588,113,115.4301103515625,594,🔭LEAPS,HOLD,1
COUR,2027-01-15,12.0,0.15,1080,112,75.39087109375001,223,🚬菸屁股,HOLD,1
SOFI,2026-07-17,27.0,0.07,3284,111,82.42205078125,41,🚬菸屁股,HOLD,1
CRWV,2026-07-17,175.0,0.6,957,110,92.38288867187501,41,🚬菸屁股,HOLD,1
PATH,2026-08-21,16.0,0.42,2444,106,78.0275634765625,76,🚬菸屁股,HOLD,1
HOOD,2026-07-17,135.0,0.45,972,105,80.81073876953124,41,🚬菸屁股,HOLD,1
RUN,2026-07-17,16.0,0.58,851,105,82.3243955078125,41,🚬菸屁股,HOLD,1
SOFI,2026-09-18,42.0,0.11,6034,104,89.45323046875,104,🚬菸屁股,HOLD,1
SMR,2026-07-17,19.0,0.25,3602,104,133.78939355468745,41,🚬菸屁股,HOLD,1
DVN,2026-07-17,52.5,0.45,13043,103,46.14311669921876,41,🚬菸屁股,HOLD,1
SMR,2027-01-15,37.0,0.8,946,102,123.34022705078125,223,🚬菸屁股,HOLD,1
IBIT,2026-09-18,90.0,0.08,10693,100,76.367423828125,104,🚬菸屁股,HOLD,1
ACHR,2026-07-17,13.0,0.03,1006,100,135.15657421875,41,🚬菸屁股,HOLD,1
CRM,2026-07-17,260.0,0.56,1156,100,53.80905566406251,41,🚬菸屁股,HOLD,1
IBIT,2028-01-21,100.0,1.3,14327,99,58.27678442382812,594,🔭LEAPS,HOLD,1
HIMS,2028-01-21,50.0,7.5,2405,96,95.48344360351561,594,🔭LEAPS,HOLD,1
PATH,2026-07-17,16.0,0.16,1024,95,79.101771484375,41,🚬菸屁股,HOLD,1
NOW,2026-07-17,190.0,0.45,846,95,84.81460498046874,41,🚬菸屁股,HOLD,1
SOFI,2026-09-18,24.0,0.55,1039,94,72.41238525390624,104,🚬菸屁股,HOLD,1
HOOD,2028-01-21,200.0,10.2,4116,94,73.63917962646485,594,🔭LEAPS,HOLD,1
NTLA,2026-07-17,17.0,0.55,1643,94,88.37902246093749,41,🚬菸屁股,HOLD,1
U,2028-01-21,50.0,6.39,1498,92,73.27907580566406,594,🔭LEAPS,HOLD,1
ACHR,2027-01-15,25.0,0.15,22954,92,110.54732226562503,223,🚬菸屁股,HOLD,1
INTC,2028-01-21,60.0,54.5,10854,91,83.68546588134764,594,🔭LEAPS,HOLD,1
PATH,2026-08-21,14.0,0.67,5848,91,74.02369726562499,76,🚬菸屁股,HOLD,1
PLTR,2028-01-21,410.0,6.8,7616,90,62.83606500244141,594,🔭LEAPS,HOLD,1
SOFI,2026-07-17,28.0,0.05,5028,90,82.42205078125,41,🚬菸屁股,HOLD,1
DXCM,2026-07-17,85.0,0.85,1385,90,43.99470068359375,41,🚬菸屁股,HOLD,1
AMZN,2026-07-17,350.0,0.07,3391,90,43.7505625,41,🚬菸屁股,HOLD,1
IBIT,2026-09-18,44.0,0.85,7957,89,49.1216025390625,104,🚬菸屁股,HOLD,1
DKNG,2026-08-21,35.0,0.53,4048,89,59.18009570312501,76,🚬菸屁股,HOLD,1
CCL,2026-09-18,39.0,0.39,1222,89,50.63525927734375,104,🚬菸屁股,HOLD,1
SOFI,2028-01-21,42.0,1.91,8739,88,74.804939453125,594,🔭LEAPS,HOLD,1
HPQ,2026-09-18,40.0,0.36,3705,88,59.570716796875004,104,🚬菸屁股,HOLD,1
ACHR,2027-01-15,12.0,0.45,18652,87,97.26565234374999,223,🚬菸屁股,HOLD,1
PATH,2028-01-21,30.0,1.49,6873,85,82.12908496093749,594,🔭LEAPS,HOLD,1
DKNG,2026-08-21,32.5,0.56,8571,81,57.51995605468749,76,🚬菸屁股,HOLD,1
PATH,2026-08-21,18.0,0.26,17864,81,82.51970605468748,76,🚬菸屁股,HOLD,1
OKLO,2026-07-17,115.0,0.65,823,80,118.70157836914062,41,🚬菸屁股,HOLD,1
ZTS,2026-07-17,95.0,0.53,911,80,41.16269775390625,41,🚬菸屁股,HOLD,1
F,2028-01-21,12.0,4.4,8798,80,50.73291455078125,594,🔭LEAPS,HOLD,1
DKNG,2027-01-15,42.0,0.92,1606,79,56.34809277343751,223,🚬菸屁股,HOLD,1
AMZN,2026-08-21,390.0,0.3,4740,79,44.97125341796875,76,🚬菸屁股,HOLD,1
PATH,2026-08-21,20.0,0.18,5031,77,83.98453515624999,76,🚬菸屁股,HOLD,1
OPEN,2028-01-21,4.0,2.3,4298,76,105.2739111328125,594,🔭LEAPS,HOLD,1
JOBY,2028-01-21,25.0,1.89,1245,76,91.60164648437501,594,🔭LEAPS,HOLD,1
HIMS,2028-01-21,40.0,8.6,3160,75,93.40826904296875,594,🔭LEAPS,HOLD,1
AAPL,2026-09-18,400.0,0.82,6461,72,28.174546386718745,104,🚬菸屁股,HOLD,1
HIMS,2028-01-21,35.0,9.8,2607,71,91.23543920898439,594,🔭LEAPS,HOLD,1
TSCO,2026-10-16,45.0,0.46,1416,71,51.07470800781251,132,🚬菸屁股,HOLD,1
CCL,2026-07-17,31.0,0.82,2000,71,53.906710937500016,41,🚬菸屁股,HOLD,1
HIMS,2028-01-21,95.0,4.15,2888,70,100.43995092773437,594,🔭LEAPS,HOLD,1
PATH,2028-01-21,12.0,4.27,6692,69,87.42688354492188,594,🔭LEAPS,HOLD,1
OPEN,2028-01-21,10.0,1.3,16850,69,114.74652001953123,594,🔭LEAPS,HOLD,1
NVDA,2028-01-21,195.0,58.31,6319,68,52.463243927001955,594,🔭LEAPS,HOLD,1
CRM,2028-01-21,390.0,12.0,2186,68,53.493201889038076,594,🔭LEAPS,HOLD,1
SOFI,2026-10-16,30.0,0.37,1964,67,73.7307314453125,132,🚬菸屁股,HOLD,1
OPEN,2026-08-21,15.0,0.05,2785,67,144.53152734375,76,🚬菸屁股,HOLD,1
F,2028-01-21,17.0,2.46,8318,67,47.09525561523438,594,🔭LEAPS,HOLD,1
TSLA,2026-09-18,900.0,0.91,7049,65,68.62824340820313,104,🚬菸屁股,HOLD,1
SOFI,2028-06-16,45.0,2.44,4384,65,73.75514526367188,741,🔭LEAPS,HOLD,1
OPEN,2026-09-18,12.0,0.12,997,65,126.172244140625,104,🚬菸屁股,HOLD,1
CCL,2026-09-18,40.0,0.36,1798,65,51.17236328125,104,🚬菸屁股,HOLD,1
SOFI,2027-01-15,42.0,0.36,6467,64,74.7072841796875,223,🚬菸屁股,HOLD,1
CCL,2026-07-17,35.0,0.26,4201,64,50.0005,41,🚬菸屁股,HOLD,1
CCL,2026-09-18,35.0,0.87,3071,64,51.07470800781251,104,🚬菸屁股,HOLD,1
ONDS,2028-01-21,3.0,8.04,1363,63,69.5315546875,594,🔭LEAPS,HOLD,1
U,2026-08-21,55.0,0.4,5622,61,82.12908496093749,76,🚬菸屁股,HOLD,1
CCL,2026-09-18,37.0,0.54,4907,61,51.07470800781251,104,🚬菸屁股,HOLD,1
IBIT,2026-08-21,60.0,0.14,7216,60,62.890996093750005,76,🚬菸屁股,HOLD,1
LUNR,2028-01-21,55.0,11.88,756,60,118.11564379882813,594,🔭LEAPS,HOLD,1
PLTR,2027-01-15,410.0,0.92,7472,59,68.84796777343752,223,🚬菸屁股,HOLD,1
CCL,2026-07-17,36.0,0.2,14900,58,55.273884765625006,41,🚬菸屁股,HOLD,1
TDOC,2027-01-15,10.0,0.8,8591,57,74.12135253906249,223,🚬菸屁股,HOLD,1
ACHR,2027-01-15,9.0,0.72,2002,57,96.97268652343749,223,🚬菸屁股,HOLD,1
META,2026-07-17,1380.0,0.07,1449,57,93.35944140625,41,🚬菸屁股,HOLD,1
AMZN,2026-07-17,360.0,0.1,1384,57,49.805189453125,41,🚬菸屁股,HOLD,1
CCL,2026-07-17,37.0,0.33,4146,56,52.14891601562499,41,🚬菸屁股,HOLD,1
SMCI,2028-01-21,85.0,9.3,15211,55,86.63953790283203,594,🔭LEAPS,HOLD,1
PATH,2028-01-21,17.0,3.0,3236,55,79.32149584960936,594,🔭LEAPS,HOLD,1
CRWV,2026-07-17,165.0,0.83,899,54,91.06454248046875,41,🚬菸屁股,HOLD,1
AAPL,2028-01-21,350.0,34.6,7636,53,32.25165405273437,594,🔭LEAPS,HOLD,1
PACB,2026-07-17,2.0,0.07,1382,53,128.125359375,41,🚬菸屁股,HOLD,1
HIMS,2028-01-21,60.0,6.3,1619,53,95.06840869140623,594,🔭LEAPS,HOLD,1
JOBY,2027-01-15,32.0,0.31,1055,53,95.80082324218748,223,🚬菸屁股,HOLD,1
NNE,2026-07-17,35.0,0.63,2504,53,107.1293706054688,41,🚬菸屁股,HOLD,1
NEE,2026-07-17,92.5,0.81,1784,53,25.12281909179687,41,🚬菸屁股,HOLD,1
GOOGL,2027-01-15,800.0,0.79,1338,53,44.58063232421875,223,🚬菸屁股,HOLD,1
SMR,2027-01-15,55.0,0.58,2145,52,131.05503222656247,223,🚬菸屁股,HOLD,1
NVDA,2028-01-21,270.0,33.0,8179,51,50.215646774292,594,🔭LEAPS,HOLD,1
IBIT,2026-08-21,47.0,0.32,6594,51,51.025880371093756,76,🚬菸屁股,HOLD,1
U,2028-01-21,40.0,8.48,1302,51,73.1447998046875,594,🔭LEAPS,HOLD,1
META,2026-07-17,1400.0,0.07,1117,51,81.445498046875,41,🚬菸屁股,HOLD,1
PATH,2026-09-18,18.0,0.5,2039,50,84.37515624999999,104,🚬菸屁股,HOLD,1
PACB,2027-01-15,2.0,0.3,6200,50,112.5004375,223,🚬菸屁股,HOLD,1
PACB,2027-01-15,3.0,0.22,2184,50,112.5004375,223,🚬菸屁股,HOLD,1
SOFI,2026-08-21,27.0,0.21,3694,49,75.195560546875,76,🚬菸屁股,HOLD,1
CLSK,2028-01-21,12.0,7.35,2033,49,105.95750146484377,594,🔭LEAPS,HOLD,1
INTC,2028-01-21,65.0,53.1,7597,48,81.9215675048828,594,🔭LEAPS,HOLD,1
SOFI,2027-01-15,37.0,0.6,3198,48,76.367423828125,223,🚬菸屁股,HOLD,1
PATH,2026-08-21,17.0,0.3,2301,48,77.73459765625,76,🚬菸屁股,HOLD,1
OPEN,2026-07-17,9.0,0.04,2222,48,117.96916015624998,41,🚬菸屁股,HOLD,1
BSX,2028-01-21,50.0,11.95,1113,47,50.879397460937504,594,🔭LEAPS,HOLD,1
SMR,2026-08-21,25.0,0.32,1186,45,132.03158984375,76,🚬菸屁股,HOLD,1
NOW,2026-09-18,300.0,0.7,926,45,89.59971337890623,104,🚬菸屁股,HOLD,1
EBAY,2026-07-17,125.0,0.77,769,45,38.23303955078124,41,🚬菸屁股,HOLD,1
OPEN,2026-11-20,7.0,0.64,3544,44,112.5004375,167,🚬菸屁股,HOLD,1
NTLA,2026-07-17,20.0,0.25,1238,43,105.66453417968751,41,🚬菸屁股,HOLD,1
JOBY,2026-08-21,16.0,0.27,1116,43,89.84385156249999,76,🚬菸屁股,HOLD,1
SMR,2026-08-21,22.0,0.41,2276,43,127.05114599609372,76,🚬菸屁股,HOLD,1
TGT,2026-07-17,145.0,0.45,1893,42,35.18131225585937,41,🚬菸屁股,HOLD,1
PATH,2027-01-15,37.0,0.27,2233,41,87.89074609375,223,🚬菸屁股,HOLD,1
NVDA,2028-01-21,240.0,41.63,6552,40,50.906863006591806,594,🔭LEAPS,HOLD,1
DKNG,2026-09-18,47.5,0.1,892,40,62.305064453125006,104,🚬菸屁股,HOLD,1
ZTS,2026-07-17,100.0,0.25,759,40,43.40876904296876,41,🚬菸屁股,HOLD,1
GOOGL,2026-07-17,470.0,0.64,904,40,40.12511047363281,41,🚬菸屁股,HOLD,1
AMZN,2026-09-18,370.0,0.8,2403,40,41.492284301757806,104,🚬菸屁股,HOLD,1
HOOD,2026-08-21,160.0,0.77,3279,39,85.30288134765625,76,🚬菸屁股,HOLD,1
LUNR,2026-07-17,60.0,0.5,1278,39,132.81283593749998,41,🚬菸屁股,HOLD,1
SMR,2026-07-17,25.0,0.14,1615,39,149.21900390624998,41,🚬菸屁股,HOLD,1
AMZN,2026-09-18,380.0,0.63,925,39,42.65194067382813,104,🚬菸屁股,HOLD,1
COIN,2026-07-17,400.0,0.13,5804,37,109.18014160156251,41,🚬菸屁股,HOLD,1
ONDS,2026-09-18,19.0,0.76,1284,37,115.33245458984376,104,🚬菸屁股,HOLD,1
APH,2026-07-17,200.0,0.32,2386,37,55.90864404296876,41,🚬菸屁股,HOLD,1
SOFI,2026-07-17,33.0,0.05,1270,36,90.62509374999999,41,🚬菸屁股,HOLD,1
U,2028-01-21,47.0,8.0,7591,36,76.18432019042969,594,🔭LEAPS,HOLD,1
F,2026-08-21,19.0,0.26,1819,36,52.3442265625,76,🚬菸屁股,HOLD,1
DDD,2027-01-15,7.5,0.25,7265,35,104.68797656250001,223,🚬菸屁股,HOLD,1
SOFI,2026-10-16,23.0,0.86,2254,34,69.336244140625,132,🚬菸屁股,HOLD,1
JOBY,2026-08-21,14.0,0.43,2845,34,85.1563984375,76,🚬菸屁股,HOLD,1
INTC,2028-01-21,55.0,57.95,5333,33,83.23991369628905,594,🔭LEAPS,HOLD,1
HIMS,2028-01-21,28.0,11.18,1050,33,92.43171630859376,594,🔭LEAPS,HOLD,1
TJX,2028-01-21,190.0,10.2,2101,33,29.39218557739257,594,🔭LEAPS,HOLD,1
SOFI,2026-08-21,28.0,0.18,1518,32,76.367423828125,76,🚬菸屁股,HOLD,1
OPEN,2026-09-18,9.0,0.21,1693,32,103.51610742187502,104,🚬菸屁股,HOLD,1
IBIT,2026-08-21,52.0,0.21,8694,31,53.80905566406251,76,🚬菸屁股,HOLD,1
BEAM,2026-08-21,50.0,0.6,1569,31,86.52357226562499,76,🚬菸屁股,HOLD,1
META,2026-07-17,1290.0,0.14,1054,31,76.75804492187501,41,🚬菸屁股,HOLD,1
DDD,2027-01-15,3.0,0.85,5005,31,101.95361523437501,223,🚬菸屁股,HOLD,1
RUN,2026-07-17,19.0,0.28,1943,31,80.4689453125,41,🚬菸屁股,HOLD,1
RUN,2026-08-21,20.0,0.65,879,31,94.726615234375,76,🚬菸屁股,HOLD,1
NVDA,2026-07-17,400.0,0.02,6014,30,67.18782812500001,41,🚬菸屁股,HOLD,1
AAPL,2026-07-17,380.0,0.19,9818,30,29.199926757812488,41,🚬菸屁股,HOLD,1
IBIT,2026-08-21,65.0,0.1,19846,30,67.18782812500001,76,🚬菸屁股,HOLD,1
SOFI,2026-10-16,24.0,0.76,2800,30,70.21514160156251,132,🚬菸屁股,HOLD,1
TDOC,2027-01-15,15.0,0.55,10558,30,84.27750097656251,223,🚬菸屁股,HOLD,1
JOBY,2026-08-21,30.0,0.05,1462,30,123.82850585937497,76,🚬菸屁股,HOLD,1
JOBY,2026-11-20,17.0,0.74,944,30,93.4570966796875,167,🚬菸屁股,HOLD,1
NEE,2027-01-15,140.0,0.15,1103,30,30.567100585937503,223,🚬菸屁股,HOLD,1
META,2026-07-17,1410.0,0.08,1034,30,96.289099609375,41,🚬菸屁股,HOLD,1
PATH,2027-01-15,22.0,0.75,7921,29,80.664255859375,223,🚬菸屁股,HOLD,1
NTLA,2026-07-17,16.0,0.79,1474,29,90.62509374999999,41,🚬菸屁股,HOLD,1
NTLA,2026-07-17,18.0,0.4,6077,29,90.9180595703125,41,🚬菸屁股,HOLD,1
UPST,2028-01-21,35.0,11.39,983,28,90.77157666015624,594,🔭LEAPS,HOLD,1
SOFI,2028-06-16,32.0,3.45,13294,28,74.09693872070311,741,🔭LEAPS,HOLD,1
NVDA,2028-01-21,290.0,27.95,5334,27,50.19886227416993,594,🔭LEAPS,HOLD,1
SOFI,2026-11-20,27.0,0.74,1267,27,72.60769580078124,167,🚬菸屁股,HOLD,1
GOOGL,2026-07-17,540.0,0.2,2008,27,50.63525927734375,41,🚬菸屁股,HOLD,1
IBIT,2027-01-15,68.0,0.45,8213,26,54.102021484375015,223,🚬菸屁股,HOLD,1
XYZ,2027-01-15,140.0,0.78,1339,26,54.22409057617189,223,🚬菸屁股,HOLD,1
SMR,2027-01-15,35.0,0.85,2884,26,120.89883300781248,223,🚬菸屁股,HOLD,1
META,2026-07-17,1420.0,0.08,893,26,95.80082324218748,41,🚬菸屁股,HOLD,1
CRM,2027-01-15,500.0,0.9,2135,26,61.79237426757813,223,🚬菸屁股,HOLD,1
U,2028-01-21,60.0,5.6,972,25,75.68383691406251,594,🔭LEAPS,HOLD,1
OPEN,2026-09-18,11.0,0.2,824,25,125.39099804687498,104,🚬菸屁股,HOLD,1
PACB,2027-01-15,5.0,0.15,3131,25,133.59408203124997,223,🚬菸屁股,HOLD,1
GOOGL,2026-09-18,600.0,0.82,8017,25,44.2388388671875,104,🚬菸屁股,HOLD,1
TSLA,2026-07-17,750.0,0.33,5280,24,76.95335546875,41,🚬菸屁股,HOLD,1
JOBY,2028-01-21,17.0,2.62,2649,24,89.67295483398436,594,🔭LEAPS,HOLD,1
DVN,2026-08-21,55.0,0.78,826,24,44.28766650390625,76,🚬菸屁股,HOLD,1
GOOGL,2026-08-21,600.0,0.38,11138,24,47.02201416015625,76,🚬菸屁股,HOLD,1
F,2026-07-17,25.0,0.02,3359,23,78.9064609375,41,🚬菸屁股,HOLD,1
OPEN,2027-01-15,9.0,0.65,2045,22,110.35201074218752,223,🚬菸屁股,HOLD,1
SMR,2026-07-17,23.0,0.15,924,22,145.703396484375,41,🚬菸屁股,HOLD,1
F,2027-01-15,21.0,0.59,1960,22,47.461462890625,223,🚬菸屁股,HOLD,1
GOOGL,2026-08-21,580.0,0.54,3683,22,48.19387744140625,76,🚬菸屁股,HOLD,1
GOOGL,2026-09-18,800.0,0.11,11737,22,50.97705273437501,104,🚬菸屁股,HOLD,1
AMZN,2026-07-17,380.0,0.04,3562,22,50.29346582031251,41,🚬菸屁股,HOLD,1
BA,2026-07-17,265.0,0.66,1194,22,39.28283374023437,41,🚬菸屁股,HOLD,1
IBIT,2026-10-16,65.0,0.21,5001,21,58.00823242187501,132,🚬菸屁股,HOLD,1
BSX,2026-08-21,65.0,0.44,27817,21,52.3442265625,76,🚬菸屁股,HOLD,1
MDT,2028-01-21,95.0,4.0,877,21,28.07383938598632,594,🔭LEAPS,HOLD,1
CCL,2026-07-17,33.0,0.43,2670,21,53.12546875,41,🚬菸屁股,HOLD,1
F,2028-01-21,22.0,1.41,1748,21,45.9966337890625,594,🔭LEAPS,HOLD,1
CRM,2027-01-15,550.0,0.65,5381,21,59.61954443359375,223,🚬菸屁股,HOLD,1
UPST,2027-01-15,100.0,0.69,5723,20,92.33406103515625,223,🚬菸屁股,HOLD,1
PATH,2028-01-21,35.0,1.33,986,20,81.15253222656249,594,🔭LEAPS,HOLD,1
BEAM,2028-01-21,40.0,9.0,2846,20,80.24922094726561,594,🔭LEAPS,HOLD,1
GOOGL,2026-07-17,460.0,0.87,2188,20,38.867798828125,41,🚬菸屁股,HOLD,1
GOOGL,2026-08-21,700.0,0.13,902,20,54.19967675781252,76,🚬菸屁股,HOLD,1
META,2026-07-17,1000.0,0.28,1155,20,62.40271972656251,41,🚬菸屁股,HOLD,1
SOFI,2026-09-18,45.0,0.05,7186,19,92.9688203125,104,🚬菸屁股,HOLD,1
NTLA,2028-01-21,12.5,8.0,917,19,108.61862097167969,594,🔭LEAPS,HOLD,1
ONDS,2028-01-21,4.0,7.75,2197,19,135.0589184570312,594,🔭LEAPS,HOLD,1
BSX,2026-09-18,65.0,0.75,4452,19,44.89801196289062,104,🚬菸屁股,HOLD,1
NOW,2028-01-21,260.0,11.8,810,19,66.31503411865236,594,🔭LEAPS,HOLD,1
HPQ,2028-01-21,40.0,2.98,1569,19,50.70850073242188,594,🔭LEAPS,HOLD,1
GOOGL,2026-07-17,480.0,0.51,5199,19,39.795523925781254,41,🚬菸屁股,HOLD,1
BA,2026-08-21,300.0,0.71,1209,19,42.725182128906255,76,🚬菸屁股,HOLD,1
SOFI,2026-11-20,26.0,0.8,857,18,73.24245507812499,167,🚬菸屁股,HOLD,1
KTOS,2026-07-17,85.0,0.75,1171,18,76.66038964843752,41,🚬菸屁股,HOLD,1
SOFI,2028-01-21,45.0,1.7,3963,17,74.75611181640626,594,🔭LEAPS,HOLD,1
SMR,2027-01-15,60.0,0.45,783,17,127.93004785156248,223,🚬菸屁股,HOLD,1
CRWV,2026-07-17,185.0,0.46,1061,17,92.57819921875,41,🚬菸屁股,HOLD,1
DDD,2028-01-21,3.0,1.45,1373,17,107.03171484375002,594,🔭LEAPS,HOLD,1
SMCI,2028-01-21,70.0,11.6,1798,16,87.48181463623045,594,🔭LEAPS,HOLD,1
U,2028-01-21,75.0,3.8,5110,16,79.32149584960936,594,🔭LEAPS,HOLD,1
HOOD,2026-09-18,200.0,0.55,1439,16,87.45129736328124,104,🚬菸屁股,HOLD,1
TSCO,2027-01-15,46.0,0.95,1667,16,51.27001855468749,223,🚬菸屁股,HOLD,1
EBAY,2026-07-17,140.0,0.07,1568,16,39.649041015625,41,🚬菸屁股,HOLD,1
IBIT,2026-10-16,70.0,0.16,7181,15,60.644924804687506,132,🚬菸屁股,HOLD,1
IBIT,2027-01-15,110.0,0.12,29820,15,67.18782812500001,223,🚬菸屁股,HOLD,1
PATH,2026-09-18,20.0,0.37,2917,15,88.37902246093749,104,🚬菸屁股,HOLD,1
SMR,2026-08-21,30.0,0.25,2420,15,141.40654296875002,76,🚬菸屁股,HOLD,1
NEE,2027-01-15,125.0,0.38,8655,15,29.199926757812488,223,🚬菸屁股,HOLD,1
HPQ,2028-01-21,30.0,4.57,947,15,50.26905200195313,594,🔭LEAPS,HOLD,1
GOOGL,2026-09-18,630.0,0.54,1000,15,47.717807983398444,104,🚬菸屁股,HOLD,1
META,2026-07-17,830.0,0.75,914,15,48.511257080078124,41,🚬菸屁股,HOLD,1
PATH,2028-01-21,8.0,5.5,1800,14,86.47474462890624,594,🔭LEAPS,HOLD,1
OPEN,2027-01-15,12.0,0.41,4262,14,125.9769326171875,223,🚬菸屁股,HOLD,1
NTLA,2028-01-21,15.0,6.19,995,14,105.17625537109376,594,🔭LEAPS,HOLD,1
AAPL,2027-01-15,480.0,0.76,8902,13,29.1877198486328,223,🚬菸屁股,HOLD,1
OKLO,2026-07-17,125.0,0.47,800,13,121.28945605468748,41,🚬菸屁股,HOLD,1
UPST,2028-01-21,100.0,3.86,1287,13,93.40826904296875,594,🔭LEAPS,HOLD,1
SOFI,2026-08-21,40.0,0.07,1348,13,97.85158398437501,76,🚬菸屁股,HOLD,1
SOFI,2028-01-21,5.0,11.68,962,13,110.05904345703127,594,🔭LEAPS,HOLD,1
JOBY,2026-07-17,17.0,0.07,1314,13,100.39112304687498,41,🚬菸屁股,HOLD,1
SMR,2027-01-15,32.0,0.94,1280,13,120.11758691406249,223,🚬菸屁股,HOLD,1
COUR,2027-01-15,15.0,0.13,3217,13,88.86729882812499,223,🚬菸屁股,HOLD,1
SOFI,2026-08-21,34.0,0.25,1152,12,94.5313046875,76,🚬菸屁股,HOLD,1
SOFI,2028-06-16,37.0,2.99,4710,12,76.88011401367189,741,🔭LEAPS,HOLD,1
TDOC,2028-01-21,7.0,2.7,2227,12,79.1994267578125,594,🔭LEAPS,HOLD,1
XYZ,2026-09-18,100.0,0.99,8937,12,53.22312402343749,104,🚬菸屁股,HOLD,1
HIMS,2028-01-21,55.0,6.84,771,12,94.70220141601561,594,🔭LEAPS,HOLD,1
BSX,2026-08-21,70.0,0.25,1168,12,52.3442265625,76,🚬菸屁股,HOLD,1
NEE,2028-01-21,110.0,5.0,1245,12,29.33420275878905,594,🔭LEAPS,HOLD,1
HPQ,2027-01-15,50.0,0.55,1394,12,57.32464550781251,223,🚬菸屁股,HOLD,1
GOOGL,2026-11-20,800.0,0.47,1756,12,47.80325634765625,167,🚬菸屁股,HOLD,1
BA,2026-07-17,300.0,0.11,1353,12,43.2622861328125,41,🚬菸屁股,HOLD,1
CLSK,2028-01-21,5.0,10.63,1230,12,120.36172631835936,594,🔭LEAPS,HOLD,1
RUN,2028-01-21,20.0,3.8,1160,12,84.05777661132812,594,🔭LEAPS,HOLD,1
AAPL,2027-01-15,550.0,0.23,5685,11,30.737997314453118,223,🚬菸屁股,HOLD,1
VST,2026-07-17,230.0,0.44,1286,11,66.65072412109377,41,🚬菸屁股,HOLD,1
SOFI,2026-09-18,26.0,0.41,1409,11,73.04714453125,104,🚬菸屁股,HOLD,1
PATH,2028-01-21,5.0,7.32,2355,11,88.81847119140623,594,🔭LEAPS,HOLD,1
NTLA,2027-01-15,35.0,0.7,3954,11,97.75392871093752,223,🚬菸屁股,HOLD,1
HIMS,2028-01-21,45.0,7.92,1115,11,93.5425450439453,594,🔭LEAPS,HOLD,1
ONDS,2028-01-21,27.0,3.2,4801,11,110.10787133789064,594,🔭LEAPS,HOLD,1
ACHR,2027-01-15,22.0,0.17,6524,11,106.05515722656251,223,🚬菸屁股,HOLD,1
TSCO,2026-07-17,40.0,0.11,9740,11,53.906710937500016,41,🚬菸屁股,HOLD,1
CCL,2026-07-17,32.0,0.57,9232,11,53.17429638671876,41,🚬菸屁股,HOLD,1
AMZN,2026-10-16,410.0,0.61,1188,11,42.57869921875,132,🚬菸屁股,HOLD,1
RUN,2027-01-15,27.0,0.94,2355,11,85.10757080078125,223,🚬菸屁股,HOLD,1
RUN,2027-01-15,35.0,0.76,4753,11,90.1368173828125,223,🚬菸屁股,HOLD,1
IBIT,2026-09-18,95.0,0.06,7597,10,77.73459765625,104,🚬菸屁股,HOLD,1
SMCI,2028-01-21,80.0,10.03,1157,10,86.3831928100586,594,🔭LEAPS,HOLD,1
UPST,2028-01-21,40.0,10.6,2526,10,94.726615234375,594,🔭LEAPS,HOLD,1
DKNG,2026-09-18,37.5,0.4,2814,10,61.572649902343755,104,🚬菸屁股,HOLD,1
XYZ,2027-01-15,135.0,0.9,1101,10,53.076641113281255,223,🚬菸屁股,HOLD,1
HIMS,2028-01-21,65.0,6.3,898,10,92.33406103515625,594,🔭LEAPS,HOLD,1
ONDS,2026-07-17,21.0,0.11,3324,10,129.6878515625,41,🚬菸屁股,HOLD,1
TSCO,2026-07-17,35.0,0.43,4287,10,47.6567734375,41,🚬菸屁股,HOLD,1
TSCO,2026-09-18,55.0,0.15,914,10,58.5941640625,104,🚬菸屁股,HOLD,1
FIS,2026-09-18,95.0,0.11,5219,10,66.99251757812502,104,🚬菸屁股,HOLD,1
BSX,2026-07-17,70.0,0.08,4249,10,54.102021484375015,41,🚬菸屁股,HOLD,1
DVN,2026-07-17,70.0,0.08,1927,10,63.086306640625,41,🚬菸屁股,HOLD,1
F,2026-07-17,21.0,0.03,2706,10,55.859816406250005,41,🚬菸屁股,HOLD,1
DDD,2027-01-15,5.5,0.75,993,10,108.3988955078125,223,🚬菸屁股,HOLD,1
COUR,2027-01-15,7.0,0.75,5082,10,72.07059179687501,223,🚬菸屁股,HOLD,1
COUR,2027-01-15,10.0,0.37,2543,10,72.07059179687501,223,🚬菸屁股,HOLD,1
IBIT,2026-09-18,47.0,0.54,10293,9,49.31691308593751,104,🚬菸屁股,HOLD,1
OKLO,2028-01-21,260.0,10.4,1495,9,110.49849438476565,594,🔭LEAPS,HOLD,1
SOFI,2026-09-18,28.0,0.32,1456,9,76.562734375,104,🚬菸屁股,HOLD,1
SOFI,2026-10-16,26.0,0.59,1718,9,71.9729365234375,132,🚬菸屁股,HOLD,1
HOOD,2028-01-21,280.0,5.89,1532,9,73.05935144042968,594,🔭LEAPS,HOLD,1
TDOC,2026-07-17,9.0,0.1,1836,9,66.99251757812502,41,🚬菸屁股,HOLD,1
BEAM,2028-01-21,50.0,8.5,1960,9,76.42845837402344,594,🔭LEAPS,HOLD,1
BSX,2026-07-17,80.0,0.06,2424,9,69.72686523437501,41,🚬菸屁股,HOLD,1
BSX,2026-08-21,90.0,0.05,1472,9,61.52382226562501,76,🚬菸屁股,HOLD,1
HPQ,2028-01-21,20.0,8.15,1500,9,55.347126220703124,594,🔭LEAPS,HOLD,1
HPQ,2028-01-21,23.0,6.85,4312,9,52.07567456054687,594,🔭LEAPS,HOLD,1
AMZN,2026-09-18,410.0,0.3,903,9,45.04449487304687,104,🚬菸屁股,HOLD,1
COUR,2026-08-21,7.0,0.3,2259,9,83.59391406249999,76,🚬菸屁股,HOLD,1
OKLO,2026-07-17,135.0,0.35,1028,8,125.78162109374999,41,🚬菸屁股,HOLD,1
SOFI,2026-07-17,40.0,0.01,2627,8,115.625421875,41,🚬菸屁股,HOLD,1
SOFI,2026-11-20,30.0,0.53,1130,8,73.5354208984375,167,🚬菸屁股,HOLD,1
SOFI,2028-01-21,8.0,9.7,1653,8,96.679720703125,594,🔭LEAPS,HOLD,1
HOOD,2028-01-21,180.0,10.85,2074,8,72.87624780273438,594,🔭LEAPS,HOLD,1
BSX,2026-07-17,75.0,0.1,5179,8,59.766027343750004,41,🚬菸屁股,HOLD,1
BSX,2026-09-18,75.0,0.25,3826,8,46.436082519531254,104,🚬菸屁股,HOLD,1
BSX,2026-09-18,85.0,0.13,1184,8,55.469195312500005,104,🚬菸屁股,HOLD,1
BSX,2027-01-15,105.0,0.4,3426,8,50.537604003906246,223,🚬菸屁股,HOLD,1
F,2028-01-21,10.0,5.6,2828,8,45.16656396484375,594,🔭LEAPS,HOLD,1
META,2026-07-17,1350.0,0.21,1015,8,100.87940185546876,41,🚬菸屁股,HOLD,1
BA,2028-01-21,370.0,10.55,894,8,43.6254416809082,594,🔭LEAPS,HOLD,1
IBIT,2028-01-21,62.0,3.48,5486,7,56.5556102294922,594,🔭LEAPS,HOLD,1
UPST,2027-01-15,125.0,0.5,1772,7,93.0664755859375,223,🚬菸屁股,HOLD,1
DKNG,2027-01-15,40.0,0.99,10812,7,56.836369140624996,223,🚬菸屁股,HOLD,1
PATH,2028-01-21,3.0,8.65,1097,7,115.33245458984376,594,🔭LEAPS,HOLD,1
OPEN,2028-01-21,17.0,3.4,861,7,25.00075,594,🔭LEAPS,HOLD,1
NTLA,2027-01-15,42.0,0.5,896,7,92.57819921875,223,🚬菸屁股,HOLD,1
HIMS,2028-01-21,90.0,5.1,4251,7,95.43461596679688,594,🔭LEAPS,HOLD,1
ONDS,2026-09-18,21.0,0.61,2678,7,116.50432373046877,104,🚬菸屁股,HOLD,1
TSCO,2028-01-21,35.0,5.52,1706,7,54.24850439453126,594,🔭LEAPS,HOLD,1
NEE,2026-09-18,105.0,0.6,6919,7,29.7736514892578,104,🚬菸屁股,HOLD,1
DVN,2026-07-17,60.0,0.08,2417,7,51.562984375,41,🚬菸屁股,HOLD,1
COUR,2026-07-17,6.0,0.3,1029,7,73.633076171875,41,🚬菸屁股,HOLD,1
OKLO,2026-09-18,260.0,0.93,1389,6,142.87137939453123,104,🚬菸屁股,HOLD,1
DKNG,2028-01-21,40.0,3.85,3096,6,57.593197509765616,594,🔭LEAPS,HOLD,1
PATH,2028-01-21,25.0,1.86,8348,6,79.7853583984375,594,🔭LEAPS,HOLD,1
HOOD,2026-07-17,145.0,0.33,2987,6,86.52357226562499,41,🚬菸屁股,HOLD,1
TDOC,2027-01-15,20.0,0.26,20228,6,89.64854101562499,223,🚬菸屁股,HOLD,1
TDOC,2027-01-15,22.5,0.18,4429,6,93.164130859375,223,🚬菸屁股,HOLD,1
OPEN,2028-01-21,3.0,2.6,2457,6,112.01215869140624,594,🔭LEAPS,HOLD,1
NTLA,2028-01-21,7.5,8.7,891,6,120.94766088867183,594,🔭LEAPS,HOLD,1
VRT,2026-07-17,470.0,0.71,1382,6,72.04617797851563,41,🚬菸屁股,HOLD,1
BSX,2026-09-18,105.0,0.1,1137,6,61.133201171875015,104,🚬菸屁股,HOLD,1
CCL,2028-01-21,30.0,6.15,3014,6,52.40526110839843,594,🔭LEAPS,HOLD,1
META,2026-07-17,1330.0,0.2,1331,6,91.01571484374999,41,🚬菸屁股,HOLD,1
BA,2028-01-21,380.0,10.6,2141,6,41.498387756347654,594,🔭LEAPS,HOLD,1
SOFI,2026-08-21,32.0,0.11,7276,5,83.98453515624999,76,🚬菸屁股,HOLD,1
SOFI,2026-11-20,31.0,0.48,868,5,74.414318359375,167,🚬菸屁股,HOLD,1
DKNG,2026-09-18,32.5,0.83,1496,5,56.9340244140625,104,🚬菸屁股,HOLD,1
DKNG,2028-01-21,42.5,3.3,1675,5,59.81485498046876,594,🔭LEAPS,HOLD,1
DKNG,2028-01-21,50.0,2.44,25950,5,57.86174951171875,594,🔭LEAPS,HOLD,1
NTLA,2026-07-17,19.0,0.4,1941,5,92.9688203125,41,🚬菸屁股,HOLD,1
PACB,2028-01-21,2.0,0.69,4435,5,108.203583984375,594,🔭LEAPS,HOLD,1
ACHR,2027-01-15,17.0,0.27,9831,5,102.93017285156252,223,🚬菸屁股,HOLD,1
ACHR,2028-01-21,22.0,0.7,1137,5,92.9688203125,594,🔭LEAPS,HOLD,1
ZTS,2028-01-21,220.0,1.0,1008,5,51.38598419189453,594,🔭LEAPS,HOLD,1
TSCO,2026-07-17,50.0,0.16,852,5,95.21489160156248,41,🚬菸屁股,HOLD,1
TSCO,2026-09-18,75.0,0.06,1607,5,75.39087109375001,104,🚬菸屁股,HOLD,1
CCL,2026-09-18,38.0,0.47,2639,5,51.123535644531245,104,🚬菸屁股,HOLD,1
DVN,2027-01-15,75.0,0.53,6576,5,45.80132324218751,223,🚬菸屁股,HOLD,1
CLSK,2028-01-21,22.0,5.8,1350,5,93.77447631835938,594,🔭LEAPS,HOLD,1
DDD,2027-01-15,5.0,0.55,1449,5,109.375453125,223,🚬菸屁股,HOLD,1
RUN,2027-01-15,30.0,0.91,3597,5,86.96302099609376,223,🚬菸屁股,HOLD,1
AAPL,2026-09-18,530.0,0.03,8150,4,37.207659179687504,104,🚬菸屁股,HOLD,1
SOFI,2026-11-20,28.0,0.62,1340,4,73.29128271484375,167,🚬菸屁股,HOLD,1
DKNG,2026-07-17,37.5,0.05,3971,4,60.547269531250016,41,🚬菸屁股,HOLD,1
U,2028-01-21,45.0,8.02,7662,4,76.42845837402344,594,🔭LEAPS,HOLD,1
U,2028-01-21,70.0,4.05,1518,4,76.61156201171876,594,🔭LEAPS,HOLD,1
PATH,2027-01-15,27.0,0.55,5086,4,88.33019482421875,223,🚬菸屁股,HOLD,1
TDOC,2026-07-17,15.0,0.04,1501,4,128.90660546875,41,🚬菸屁股,HOLD,1
XYZ,2026-09-18,115.0,0.38,1052,4,53.4184345703125,104,🚬菸屁股,HOLD,1
BEAM,2028-01-21,35.0,9.9,880,4,80.34687622070311,594,🔭LEAPS,HOLD,1
PACB,2027-01-15,1.0,0.7,2754,4,111.71919140624999,223,🚬菸屁股,HOLD,1
PACB,2028-01-21,3.0,0.5,1124,4,86.52357226562499,594,🔭LEAPS,HOLD,1
TSCO,2026-09-18,45.0,0.35,1469,4,51.36767382812499,104,🚬菸屁股,HOLD,1
TSCO,2026-10-16,40.0,0.98,1521,4,51.758294921875006,132,🚬菸屁股,HOLD,1
BSX,2026-08-21,85.0,0.2,1746,4,62.01209863281252,76,🚬菸屁股,HOLD,1
NEE,2027-01-15,115.0,0.82,1470,4,28.162339477539057,223,🚬菸屁股,HOLD,1
GEN,2026-07-17,28.0,0.85,798,4,47.949739257812496,41,🚬菸屁股,HOLD,1
F,2026-07-17,27.0,0.05,6667,4,80.4689453125,41,🚬菸屁股,HOLD,1
META,2026-07-17,1390.0,0.21,1120,4,103.27196801757816,41,🚬菸屁股,HOLD,1
AMZN,2026-07-17,340.0,0.15,1778,4,42.62752685546876,41,🚬菸屁股,HOLD,1
AMZN,2026-07-17,370.0,0.05,2590,4,46.48491015625,41,🚬菸屁股,HOLD,1
TGT,2027-01-15,220.0,0.55,1172,4,42.407802490234374,223,🚬菸屁股,HOLD,1
RUN,2026-08-21,21.0,0.54,788,4,93.945373046875,76,🚬菸屁股,HOLD,1
BBAI,2028-01-21,12.0,1.18,1896,4,116.60197949218751,594,🔭LEAPS,HOLD,1
OKLO,2028-01-21,250.0,10.6,3546,3,110.95625576782227,594,🔭LEAPS,HOLD,1
UPST,2028-01-21,105.0,3.75,938,3,91.04012866210938,594,🔭LEAPS,HOLD,1
SOFI,2026-10-16,27.0,0.49,3112,3,73.1447998046875,132,🚬菸屁股,HOLD,1
DKNG,2028-01-21,25.0,8.46,3764,3,61.95106408691409,594,🔭LEAPS,HOLD,1
PATH,2027-01-15,32.0,0.44,1308,3,93.945373046875,223,🚬菸屁股,HOLD,1
JOBY,2026-07-17,30.0,0.04,1115,3,132.81283593749998,41,🚬菸屁股,HOLD,1
ZTS,2027-01-15,175.0,0.2,3780,3,50.0005,223,🚬菸屁股,HOLD,1
BSX,2027-01-15,100.0,0.4,822,3,53.467262207031254,223,🚬菸屁股,HOLD,1
BSX,2028-01-21,80.0,4.4,1345,3,50.67188000488281,594,🔭LEAPS,HOLD,1
MDT,2026-09-18,100.0,0.57,1303,3,28.662822753906248,104,🚬菸屁股,HOLD,1
CCL,2028-01-21,32.0,6.1,1051,3,51.17236328125,594,🔭LEAPS,HOLD,1
GOOGL,2026-07-17,465.0,0.91,1024,3,38.477177734375,41,🚬菸屁股,HOLD,1
GOOGL,2026-07-17,600.0,0.08,1889,3,51.6606396484375,41,🚬菸屁股,HOLD,1
GOOGL,2026-09-18,575.0,0.88,919,3,43.59187268066406,104,🚬菸屁股,HOLD,1
GOOGL,2026-10-16,800.0,0.21,1189,3,48.633326171875005,132,🚬菸屁股,HOLD,1
META,2026-07-17,1370.0,0.17,1161,3,100.7573321533203,41,🚬菸屁股,HOLD,1
TGT,2027-01-15,230.0,0.37,2475,3,42.67635449218751,223,🚬菸屁股,HOLD,1
DDD,2026-08-21,3.5,0.4,1076,3,102.73486132812502,76,🚬菸屁股,HOLD,1
NVDA,2028-01-21,380.0,15.4,8248,2,49.96387927246094,594,🔭LEAPS,HOLD,1
IBIT,2027-01-15,115.0,0.15,5633,2,67.773759765625,223,🚬菸屁股,HOLD,1
IBIT,2028-01-21,85.0,1.8,13993,2,56.76312768554688,594,🔭LEAPS,HOLD,1
IBIT,2028-01-21,95.0,1.71,6687,2,57.3368524169922,594,🔭LEAPS,HOLD,1
SMCI,2028-01-21,90.0,11.55,3325,2,87.0118486328125,594,🔭LEAPS,HOLD,1
VST,2026-07-17,240.0,0.3,3266,2,67.96907031250001,41,🚬菸屁股,HOLD,1
SOFI,2026-07-17,31.0,0.06,842,2,99.2187578125,41,🚬菸屁股,HOLD,1
SOFI,2026-07-17,35.0,0.04,2133,2,101.5629921875,41,🚬菸屁股,HOLD,1
SOFI,2026-08-21,31.0,0.13,2726,2,80.4689453125,76,🚬菸屁股,HOLD,1
SOFI,2028-01-21,37.0,2.24,8099,2,73.34011035156249,594,🔭LEAPS,HOLD,1
DKNG,2026-08-21,42.5,0.04,1053,2,63.47692773437501,76,🚬菸屁股,HOLD,1
DKNG,2026-09-18,50.0,0.07,3113,2,58.984785156250005,104,🚬菸屁股,HOLD,1
DKNG,2026-09-18,52.5,0.08,4447,2,62.890996093750005,104,🚬菸屁股,HOLD,1
DKNG,2027-01-15,45.0,0.61,5514,2,56.201609863281256,223,🚬菸屁股,HOLD,1
DKNG,2027-01-15,60.0,0.19,8989,2,60.44961425781252,223,🚬菸屁股,HOLD,1
DKNG,2027-01-15,70.0,0.07,3798,2,63.281617187500004,223,🚬菸屁股,HOLD,1
DKNG,2027-01-15,80.0,0.05,881,2,64.45348046875,223,🚬菸屁股,HOLD,1
DKNG,2028-01-21,20.0,10.2,1536,2,68.57941577148439,594,🔭LEAPS,HOLD,1
DKNG,2028-01-21,30.0,6.0,3259,2,58.87492297363281,594,🔭LEAPS,HOLD,1
U,2028-01-21,65.0,4.6,1989,2,77.86887365722657,594,🔭LEAPS,HOLD,1
PATH,2026-09-18,16.0,0.7,762,2,77.3439765625,104,🚬菸屁股,HOLD,1
NTLA,2028-01-21,20.0,4.91,1427,2,99.41406835937501,594,🔭LEAPS,HOLD,1
JOBY,2027-01-15,27.0,0.46,1499,2,93.945373046875,223,🚬菸屁股,HOLD,1
SMR,2027-01-15,65.0,0.5,858,2,129.88316308593747,223,🚬菸屁股,HOLD,1
TSCO,2026-07-17,45.0,0.05,6501,2,57.812921875,41,🚬菸屁股,HOLD,1
TSCO,2027-01-15,66.0,0.2,2662,2,53.22312402343749,223,🚬菸屁股,HOLD,1
FIS,2026-07-17,50.0,0.33,952,2,39.942006835937505,41,🚬菸屁股,HOLD,1
BSX,2026-07-17,90.0,0.1,3568,2,75.7814921875,41,🚬菸屁股,HOLD,1
BSX,2027-01-15,85.0,0.85,1121,2,52.539537109375004,223,🚬菸屁股,HOLD,1
BSX,2027-01-15,120.0,0.16,922,2,55.469195312500005,223,🚬菸屁股,HOLD,1
CTSH,2026-07-17,95.0,0.4,1261,2,100.87940185546876,41,🚬菸屁股,HOLD,1
CCL,2026-09-18,42.0,0.3,979,2,55.9574716796875,104,🚬菸屁股,HOLD,1
CCL,2028-01-21,50.0,2.15,889,2,52.17332983398437,594,🔭LEAPS,HOLD,1
NEE,2026-09-18,110.0,0.28,6202,2,28.760478027343737,104,🚬菸屁股,HOLD,1
DVN,2026-07-17,65.0,0.08,1040,2,51.562984375,41,🚬菸屁股,HOLD,1
DVN,2026-09-18,65.0,0.35,1880,2,47.998566894531244,104,🚬菸屁股,HOLD,1
HPQ,2028-01-21,32.0,5.0,2108,2,50.171396728515624,594,🔭LEAPS,HOLD,1
F,2027-01-15,28.0,0.33,4374,2,52.14891601562499,223,🚬菸屁股,HOLD,1
META,2026-07-17,1190.0,0.2,760,2,81.5431533203125,41,🚬菸屁股,HOLD,1
META,2026-07-17,1270.0,0.2,763,2,91.16219775390626,41,🚬菸屁股,HOLD,1
TGT,2027-01-15,210.0,0.75,1098,2,40.41807629394532,223,🚬菸屁股,HOLD,1
BA,2026-08-21,290.0,0.98,1256,2,40.67442138671875,76,🚬菸屁股,HOLD,1
RUN,2026-08-21,18.0,0.87,864,2,91.211025390625,76,🚬菸屁股,HOLD,1
RUN,2026-09-18,20.0,0.73,3608,2,88.76964355468748,104,🚬菸屁股,HOLD,1
RUN,2026-09-18,25.0,0.4,25565,2,99.41406835937501,104,🚬菸屁股,HOLD,1
RUN,2026-11-20,17.0,0.97,2665,2,86.0352958984375,167,🚬菸屁股,HOLD,1
COUR,2026-07-17,5.0,0.9,2030,2,74.60962890625001,41,🚬菸屁股,HOLD,1
GOOG,2026-07-17,485.0,0.35,5987,1,42.04159521484375,41,🚬菸屁股,HOLD,1
IBIT,2026-07-17,60.0,0.05,13197,1,74.60962890625001,41,🚬菸屁股,HOLD,1
IBIT,2026-09-18,105.0,0.04,9621,1,80.85956640625,104,🚬菸屁股,HOLD,1
IBIT,2027-01-15,84.0,0.51,5214,1,59.375406250000005,223,🚬菸屁股,HOLD,1
IBIT,2027-01-15,95.0,0.22,17913,1,62.793340820312515,223,🚬菸屁股,HOLD,1
IBIT,2027-01-15,120.0,0.13,18858,1,71.0940390625,223,🚬菸屁股,HOLD,1
IBIT,2028-06-16,5.0,30.0,6813,1,108.7895185546875,741,🔭LEAPS,HOLD,1
UPST,2027-01-15,90.0,0.92,1089,1,92.04109521484375,223,🚬菸屁股,HOLD,1
UPST,2028-01-21,42.5,9.9,2066,1,90.60067993164063,594,🔭LEAPS,HOLD,1
UPST,2028-01-21,47.5,11.9,752,1,86.09633044433593,594,🔭LEAPS,HOLD,1
UPST,2028-01-21,80.0,5.3,1152,1,90.45419702148439,594,🔭LEAPS,HOLD,1
SOFI,2026-07-17,29.0,0.06,764,1,87.89074609375,41,🚬菸屁股,HOLD,1
SOFI,2026-07-17,32.0,0.05,1777,1,112.30512597656251,41,🚬菸屁股,HOLD,1
SOFI,2026-08-21,37.0,0.11,923,1,89.45323046875,76,🚬菸屁股,HOLD,1
DKNG,2026-08-21,40.0,0.1,786,1,52.539537109375004,76,🚬菸屁股,HOLD,1
DKNG,2026-09-18,40.0,0.25,8229,1,60.30313134765627,104,🚬菸屁股,HOLD,1
DKNG,2026-09-18,45.0,0.11,6241,1,60.84023535156251,104,🚬菸屁股,HOLD,1
DKNG,2026-09-18,55.0,0.05,2551,1,80.07832421875,104,🚬菸屁股,HOLD,1
DKNG,2027-01-15,50.0,0.39,14035,1,56.49457568359376,223,🚬菸屁股,HOLD,1
DKNG,2027-01-15,55.0,0.27,6653,1,60.25430371093752,223,🚬菸屁股,HOLD,1
DKNG,2027-01-15,65.0,0.12,795,1,59.08244042968751,223,🚬菸屁股,HOLD,1
DKNG,2027-01-15,75.0,0.07,1026,1,63.867548828124995,223,🚬菸屁股,HOLD,1
DKNG,2028-01-21,60.0,1.74,4682,1,56.665472412109374,594,🔭LEAPS,HOLD,1
U,2027-01-15,70.0,0.85,2759,1,79.61446166992188,223,🚬菸屁股,HOLD,1
PATH,2026-09-18,19.0,0.39,954,1,90.039162109375,104,🚬菸屁股,HOLD,1
HOOD,2028-01-21,220.0,10.4,755,1,73.17531707763672,594,🔭LEAPS,HOLD,1
TDOC,2027-01-15,12.5,0.72,1348,1,80.664255859375,223,🚬菸屁股,HOLD,1
TDOC,2027-01-15,17.5,0.29,2466,1,84.37515624999999,223,🚬菸屁股,HOLD,1
TDOC,2028-01-21,3.0,4.6,2435,1,71.7776259765625,594,🔭LEAPS,HOLD,1
OPEN,2026-10-16,9.0,0.4,754,1,129.10191699218748,132,🚬菸屁股,HOLD,1
PACB,2027-01-15,4.0,0.15,1903,1,112.5004375,223,🚬菸屁股,HOLD,1
HIMS,2028-01-21,75.0,5.15,1639,1,95.65434033203124,594,🔭LEAPS,HOLD,1
JOBY,2027-01-15,35.0,0.33,2587,1,92.38288867187501,223,🚬菸屁股,HOLD,1
SMR,2027-01-15,47.0,0.63,923,1,123.63319433593749,223,🚬菸屁股,HOLD,1
NNE,2027-01-15,90.0,0.8,2346,1,103.41845166015626,223,🚬菸屁股,HOLD,1
TSCO,2026-07-17,55.0,0.07,1010,1,84.961087890625,41,🚬菸屁股,HOLD,1
BSX,2026-09-18,90.0,0.05,1096,1,52.83250292968751,104,🚬菸屁股,HOLD,1
BSX,2028-01-21,115.0,1.55,993,1,50.098155273437506,594,🔭LEAPS,HOLD,1
MDT,2026-09-18,97.5,0.71,798,1,31.42158422851562,104,🚬菸屁股,HOLD,1
MDT,2027-01-15,115.0,0.39,895,1,34.25358715820312,223,🚬菸屁股,HOLD,1
MDT,2028-01-21,120.0,2.0,1298,1,28.577374389648437,594,🔭LEAPS,HOLD,1
D,2028-01-21,65.0,8.75,1536,1,27.851063293457035,594,🔭LEAPS,HOLD,1
CCL,2028-01-21,28.0,7.16,807,1,52.393054199218746,594,🔭LEAPS,HOLD,1
DXCM,2027-01-15,130.0,0.9,755,1,53.076641113281255,223,🚬菸屁股,HOLD,1
NEE,2027-01-15,120.0,0.53,3588,1,28.613995117187496,223,🚬菸屁股,HOLD,1
NEE,2028-01-21,100.0,7.5,1805,1,29.444064941406246,594,🔭LEAPS,HOLD,1
DVN,2026-09-18,57.5,0.78,1549,1,44.434149414062496,104,🚬菸屁股,HOLD,1
DVN,2026-10-16,60.0,0.76,983,1,45.117736328125005,132,🚬菸屁股,HOLD,1
DVN,2028-01-21,60.0,4.95,1047,1,46.405565246582036,594,🔭LEAPS,HOLD,1
F,2028-01-21,8.0,7.65,1474,1,50.19581054687501,594,🔭LEAPS,HOLD,1
META,2026-07-17,950.0,0.45,913,1,58.20354296875,41,🚬菸屁股,HOLD,1
META,2026-07-17,1100.0,0.24,753,1,68.26203613281253,41,🚬菸屁股,HOLD,1
META,2026-07-17,1300.0,0.11,2092,1,76.75804492187501,41,🚬菸屁股,HOLD,1
META,2026-07-17,1320.0,0.31,1624,1,97.68068725585938,41,🚬菸屁股,HOLD,1
AMZN,2026-08-21,380.0,0.39,9769,1,46.99760034179688,76,🚬菸屁股,HOLD,1
TGT,2027-01-15,200.0,0.94,1108,1,38.64807446289062,223,🚬菸屁股,HOLD,1
BA,2026-09-18,320.0,0.7,868,1,42.31014721679687,104,🚬菸屁股,HOLD,1
BA,2026-09-18,340.0,0.47,1080,1,47.43704907226562,104,🚬菸屁股,HOLD,1
COUR,2028-01-21,3.0,3.1,2193,1,104.0043862304688,594,🔭LEAPS,HOLD,1
