Stock,Expiry,Strike,Ask,OpenInterest,Volume,IV,DTE,Spot,Tags,Action,Score
PCG,2026-12-18,18.0,0.4,8633,46033,51.465329101562496,106,14.0600004196167,🚨異常掃貨 🚀點火(>50x) 🚬菸屁股,STRONG_BUY,9
ONDS,2026-10-16,8.0,0.4,1219,1613,74.60962890625001,43,7.039999961853027,🚨異常掃貨 🚀點火(8.8x) 🚬菸屁股,STRONG_BUY,9
SMR,2026-09-18,9.5,0.55,841,1315,72.6565234375,15,9.210000038146973,🚨異常掃貨 🚀點火(11.2x) 🚬菸屁股,STRONG_BUY,9
IBIT,2026-10-16,48.0,0.97,71363,22261,40.08848974609375,43,43.7599983215332,🚀點火(4.7x) 🚬菸屁股 🔥萬人塚,BUY_WATCH,8
IBIT,2027-01-15,51.0,2.1,5314,22088,43.311113769531254,134,43.7599983215332,🚨異常掃貨 🆕新倉暴量,STRONG_BUY,8
IBIT,2026-09-18,48.0,0.26,33459,9256,39.649041015625,15,43.7599983215332,🚀點火(2.5x) 🚬菸屁股 🔥萬人塚,BUY_WATCH,8
AMZN,2026-11-20,350.0,0.73,35332,8280,37.9889013671875,78,254.9199981689453,🚀點火(4.8x) 🚬菸屁股 🔥萬人塚,BUY_WATCH,8
ACHR,2027-01-15,7.0,0.63,53608,6239,80.27363476562499,134,5.559999942779541,🚀點火(11.8x) 🚬菸屁股 🔥萬人塚,BUY_WATCH,8
SOUN,2027-01-15,10.0,0.48,33342,2747,78.32052929687501,134,6.849999904632568,🚀點火(4.9x) 🚬菸屁股 🔥萬人塚,BUY_WATCH,8
ONDS,2028-01-21,30.0,0.67,77844,2605,95.70316796875,505,7.039999961853027,🚀點火(2.5x) 🔭LEAPS 🔥萬人塚,BUY_WATCH,8
ONDS,2027-01-15,15.0,0.24,54092,2057,96.87503124999999,134,7.039999961853027,🚀點火(3.0x) 🚬菸屁股 🔥萬人塚,BUY_WATCH,8
DKNG,2026-11-20,37.5,0.14,99671,1894,57.51995605468749,78,23.440000534057617,🚀點火(28.7x) 🚬菸屁股 🔥萬人塚,BUY_WATCH,8
NVDA,2026-09-18,265.0,0.06,51451,1702,39.45373046875,15,217.44000244140625,🚀點火(2.7x) 🚬菸屁股 🔥萬人塚,BUY_WATCH,8
NVDA,2028-01-21,250.0,32.52,37380,1646,43.926036819458005,505,217.44000244140625,🚀點火(3.2x) 🔭LEAPS 🔥萬人塚,BUY_WATCH,8
BBAI,2027-01-15,5.0,0.21,33347,1583,92.57819921875,134,2.950000047683716,🚀點火(14.0x) 🚬菸屁股 🔥萬人塚,BUY_WATCH,8
BBAI,2027-01-15,7.0,0.09,33380,1505,97.26565234374999,134,2.950000047683716,🚀點火(4.5x) 🚬菸屁股 🔥萬人塚,BUY_WATCH,8
OPEN,2028-01-21,15.0,0.33,30741,1109,104.88328808593752,505,3.0399999618530273,🚀點火(3.5x) 🔭LEAPS 🔥萬人塚,BUY_WATCH,8
CRWD,2026-09-18,242.5,2.17,843,1071,54.883263671875014,15,215.07000732421875,🚨異常掃貨 🆕新倉暴量,STRONG_BUY,8
SOFI,2027-01-15,35.0,0.15,31103,556,67.38313867187502,134,17.049999237060547,🚀點火(4.3x) 🚬菸屁股 🔥萬人塚,BUY_WATCH,8
IBIT,2027-01-15,70.0,0.36,32421,239,48.242705078125006,134,43.7599983215332,🚀點火(3.3x) 🚬菸屁股 🔥萬人塚,BUY_WATCH,8
OKLO,2026-12-18,90.0,0.67,30671,215,96.97268652343749,106,38.529998779296875,🚀點火(3.1x) 🚬菸屁股 🔥萬人塚,BUY_WATCH,8
IBIT,2027-01-15,100.0,0.11,42332,110,61.133201171875015,134,43.7599983215332,🚀點火(4.2x) 🚬菸屁股 🔥萬人塚,BUY_WATCH,8
PCG,2026-09-18,17.0,0.18,25618,34711,84.37515624999999,15,14.0600004196167,🚨異常掃貨 🚀點火(4.3x) 🚬菸屁股 ⚠️暴動高IV(84%),STRONG_BUY,7
PLTR,2026-09-04,190.0,0.6,19804,26398,53.85788330078126,1,179.9199981689453,🎲末日結算 🚨異常掃貨 🆕新倉暴量 🚬菸屁股,GAMBLE,7
SOFI,2026-09-04,17.5,0.16,3332,15316,55.078574218750006,1,17.049999237060547,🎲末日結算 🚨異常掃貨 🚀點火(2.6x) 🚬菸屁股,GAMBLE,7
ONDS,2026-09-04,7.5,0.06,982,6302,79.687703125,1,7.039999961853027,🎲末日結算 🚨異常掃貨 🆕新倉暴量 🚬菸屁股,GAMBLE,7
SOFI,2026-09-04,17.0,0.36,1148,5337,53.51608984375,1,17.049999237060547,🎲末日結算 🚨異常掃貨 🚀點火(3.8x) 🚬菸屁股,GAMBLE,7
SOUN,2026-09-04,7.0,0.12,2661,3718,74.2190078125,1,6.849999904632568,🎲末日結算 🚨異常掃貨 🚀點火(3.3x) 🚬菸屁股,GAMBLE,7
OPEN,2026-09-04,3.0,0.09,2543,3387,71.87528125,1,3.0399999618530273,🎲末日結算 🚨異常掃貨 🆕新倉暴量 🚬菸屁股,GAMBLE,7
RKLB,2026-09-04,64.0,0.99,2036,2950,70.6057626953125,1,62.540000915527344,🎲末日結算 🚨異常掃貨 🆕新倉暴量 🚬菸屁股,GAMBLE,7
DKNG,2026-09-04,24.0,0.21,817,2314,57.0316796875,1,23.440000534057617,🎲末日結算 🚨異常掃貨 🆕新倉暴量 🚬菸屁股,GAMBLE,7
AAPL,2026-11-20,400.0,0.91,35462,1966,26.807372558593745,78,325.1300048828125,🚀點火(6.6x) 🚬菸屁股 🔥萬人塚 🏛️機構場,BUY_WATCH,7
META,2026-09-04,612.5,0.84,935,1865,46.265185791015625,1,578.5399780273438,🎲末日結算 🚨異常掃貨 🆕新倉暴量 🚬菸屁股,GAMBLE,7
WMT,2026-09-04,114.0,0.02,1208,1648,39.8443515625,1,105.91999816894531,🎲末日結算 🚨異常掃貨 🆕新倉暴量 🚬菸屁股,GAMBLE,7
NVDA,2026-09-04,230.0,0.13,65025,104211,36.7193828125,1,217.44000244140625,🎲末日結算 🚨異常掃貨 🚬菸屁股 🔥萬人塚,GAMBLE,6
NVDA,2026-09-04,232.5,0.09,45229,46855,39.063109374999996,1,217.44000244140625,🎲末日結算 🚀點火(2.7x) 🚬菸屁股 🔥萬人塚,GAMBLE,6
MU,2026-09-04,1000.0,2.57,5381,32722,59.9735447998047,1,933.4400024414062,🎲末日結算 🚨異常掃貨 🆕新倉暴量,GAMBLE,6
META,2026-09-04,600.0,2.11,8597,25573,42.89607885742188,1,578.5399780273438,🎲末日結算 🚨異常掃貨 🆕新倉暴量,GAMBLE,6
GOOGL,2026-09-04,340.0,1.59,4100,24566,29.541720214843746,1,335.0199890136719,🎲末日結算 🚨異常掃貨 🚀點火(3.7x),GAMBLE,6
PCG,2026-09-18,16.0,0.27,16746,22346,75.39087109375001,15,14.0600004196167,🚨異常掃貨 🚬菸屁股,STRONG_BUY,6
NVDA,2026-09-04,245.0,0.02,67076,21349,50.7817421875,1,217.44000244140625,🎲末日結算 🚀點火(4.9x) 🚬菸屁股 🔥萬人塚,GAMBLE,6
AAPL,2026-09-04,340.0,0.18,9565,15408,30.02999658203125,1,325.1300048828125,🎲末日結算 🚨異常掃貨 🆕新倉暴量 🚬菸屁股 🏛️機構場,GAMBLE,6
TSLA,2026-09-04,357.5,5.54,7836,14190,48.669946899414064,1,356.0899963378906,🎲末日結算 🚨異常掃貨 🚀點火(3.0x),GAMBLE,6
AAPL,2026-09-04,332.5,0.8,5931,13703,28.80930566406249,1,325.1300048828125,🎲末日結算 🚨異常掃貨 🆕新倉暴量 🚬菸屁股 🏛️機構場,GAMBLE,6
HOOD,2026-09-04,108.0,1.01,2193,12890,70.312796875,1,103.51000213623047,🎲末日結算 🚨異常掃貨 🚀點火(6.2x),GAMBLE,6
AAPL,2026-09-04,335.0,0.5,6161,11497,28.321029296874993,1,325.1300048828125,🎲末日結算 🚨異常掃貨 🆕新倉暴量 🚬菸屁股 🏛️機構場,GAMBLE,6
HOOD,2026-09-04,106.0,1.58,2104,8498,69.82452050781251,1,103.51000213623047,🎲末日結算 🚨異常掃貨 🚀點火(3.3x),GAMBLE,6
META,2026-09-04,590.0,4.3,4392,7495,42.2857333984375,1,578.5399780273438,🎲末日結算 🚨異常掃貨 🆕新倉暴量,GAMBLE,6
AMZN,2026-09-04,255.0,2.75,2254,7146,30.78682495117187,1,254.9199981689453,🎲末日結算 🚨異常掃貨 🆕新倉暴量,GAMBLE,6
HOOD,2026-09-04,107.0,1.28,1543,7114,70.312796875,1,103.51000213623047,🎲末日結算 🚨異常掃貨 🆕新倉暴量,GAMBLE,6
INTC,2026-09-18,105.0,0.62,22241,6391,60.30313134765627,15,88.97000122070312,🚀點火(6.1x) 🚬菸屁股,BUY_WATCH,6
GOOGL,2026-09-04,342.5,1.0,1158,6382,31.299515136718746,1,335.0199890136719,🎲末日結算 🚨異常掃貨 🚀點火(3.7x),GAMBLE,6
WMT,2026-09-18,110.0,0.71,21517,5555,24.146266357421876,15,105.91999816894531,🚀點火(3.1x) 🚬菸屁股,BUY_WATCH,6
CRWD,2026-09-04,230.0,1.31,2672,4950,75.39087109375001,1,215.07000732421875,🎲末日結算 🚨異常掃貨 🆕新倉暴量,GAMBLE,6
PCG,2026-09-18,19.0,0.15,163901,4818,100.78174609374999,15,14.0600004196167,🚀點火(8.5x) 🚬菸屁股 🔥萬人塚 ⚠️暴動高IV(101%),BUY_WATCH,6
PCG,2026-09-18,14.0,0.84,10025,4696,67.57844921875001,15,14.0600004196167,🆕新倉暴量 🚬菸屁股,BUY_WATCH,6
SMCI,2026-09-18,43.0,0.56,4909,4498,74.804939453125,15,36.709999084472656,🚀點火(35.4x) 🚬菸屁股,BUY_WATCH,6
MU,2026-09-04,980.0,5.15,2020,4278,58.36833624267577,1,933.4400024414062,🎲末日結算 🚨異常掃貨 🆕新倉暴量,GAMBLE,6
CRWD,2026-09-04,220.0,3.75,2922,4222,74.53638745117188,1,215.07000732421875,🎲末日結算 🚨異常掃貨 🆕新倉暴量,GAMBLE,6
WMT,2026-10-16,115.0,0.8,10320,4074,24.097438720703124,43,105.91999816894531,🚀點火(2.9x) 🚬菸屁股,BUY_WATCH,6
PCG,2026-10-16,17.0,0.29,6660,3984,59.277750976562515,43,14.0600004196167,🚀點火(4.0x) 🚬菸屁股,BUY_WATCH,6
AMZN,2026-09-04,252.5,4.2,1085,3777,31.958688232421867,1,254.9199981689453,🎲末日結算 🚨異常掃貨 🆕新倉暴量,GAMBLE,6
CRWD,2026-09-04,225.0,2.28,2870,3676,74.68287036132813,1,215.07000732421875,🎲末日結算 🚨異常掃貨 🆕新倉暴量,GAMBLE,6
IBIT,2026-10-16,52.0,0.39,6176,3615,41.74862939453124,43,43.7599983215332,🆕新倉暴量 🚬菸屁股,BUY_WATCH,6
GOOGL,2026-10-16,425.0,0.48,2122,3019,37.53724572753906,43,335.0199890136719,🚨異常掃貨 🚀點火(>50x) 🚬菸屁股 ⚠️尾段價外(27%),STRONG_BUY,6
BRZE,2028-01-21,50.0,6.78,3002,3000,67.96907031250001,505,32.779998779296875,🆕新倉暴量 🔭LEAPS,BUY_WATCH,6
AMZN,2026-09-04,250.0,5.95,1553,2891,39.014281738281255,1,254.9199981689453,🎲末日結算 🚨異常掃貨 🆕新倉暴量,GAMBLE,6
OPEN,2027-01-15,3.0,0.67,3469,2676,85.937640625,134,3.0399999618530273,🚀點火(4.2x) 🚬菸屁股,BUY_WATCH,6
META,2026-09-04,585.0,5.95,1405,2587,42.1026297607422,1,578.5399780273438,🎲末日結算 🚨異常掃貨 🆕新倉暴量,GAMBLE,6
META,2026-09-18,670.0,0.78,10069,2247,38.91662646484375,15,578.5399780273438,🆕新倉暴量 🚬菸屁股,BUY_WATCH,6
CRWV,2026-09-18,105.0,0.37,3363,2137,73.68190380859374,15,81.8499984741211,🚀點火(4.4x) 🚬菸屁股,BUY_WATCH,6
PCG,2028-01-21,27.0,0.27,916,2132,45.898978515625004,505,14.0600004196167,🚨異常掃貨 🆕低基期(前日Vol2) 🔭LEAPS,STRONG_BUY,6
GOOGL,2026-09-04,337.5,2.56,1325,2097,30.152065673828126,1,335.0199890136719,🎲末日結算 🚨異常掃貨 🆕新倉暴量,GAMBLE,6
HOOD,2026-09-04,103.0,2.85,1215,1984,69.14093359375,1,103.51000213623047,🎲末日結算 🚨異常掃貨 🆕新倉暴量,GAMBLE,6
SOFI,2026-10-16,18.0,0.82,8650,1891,50.6840869140625,43,17.049999237060547,🆕新倉暴量 🚬菸屁股,BUY_WATCH,6
ONDS,2026-12-18,9.0,0.65,6985,1729,85.742330078125,106,7.039999961853027,🚀點火(2.5x) 🚬菸屁股,BUY_WATCH,6
IBIT,2026-12-18,60.0,0.54,26965,1592,44.77594287109375,106,43.7599983215332,🚀點火(2.8x) 🚬菸屁股,BUY_WATCH,6
MU,2026-09-04,975.0,6.0,1278,1555,58.374439697265615,1,933.4400024414062,🎲末日結算 🚨異常掃貨 🆕新倉暴量,GAMBLE,6
ASTS,2028-01-21,190.0,5.65,10571,1439,87.45129736328124,505,55.79999923706055,🚀點火(3.8x) 🔭LEAPS,BUY_WATCH,6
META,2026-09-04,587.5,4.96,981,1435,42.83504431152344,1,578.5399780273438,🎲末日結算 🚨異常掃貨 🆕新倉暴量,GAMBLE,6
SOUN,2026-09-18,7.0,0.31,3354,1394,62.890996093750005,15,6.849999904632568,🚀點火(3.5x) 🚬菸屁股,BUY_WATCH,6
ONDS,2026-09-18,7.0,0.42,4822,1376,75.39087109375001,15,7.039999961853027,🚀點火(10.3x) 🚬菸屁股,BUY_WATCH,6
META,2026-09-04,595.0,3.0,871,1372,44.15339050292969,1,578.5399780273438,🎲末日結算 🚨異常掃貨 🆕新倉暴量,GAMBLE,6
SOFI,2028-06-16,40.0,1.87,10066,1321,65.47886083984376,652,17.049999237060547,🚀點火(7.8x) 🔭LEAPS,BUY_WATCH,6
SOFI,2028-06-16,47.0,1.46,18678,1307,65.67417138671875,652,17.049999237060547,🚀點火(30.4x) 🔭LEAPS,BUY_WATCH,6
NEE,2026-09-18,87.5,0.18,5996,1299,21.43633251953125,15,82.93000030517578,🆕新倉暴量 🚬菸屁股,BUY_WATCH,6
CRWV,2026-09-04,84.0,1.3,782,1284,75.4885263671875,1,81.8499984741211,🎲末日結算 🚨異常掃貨 🆕新倉暴量,GAMBLE,6
JOBY,2028-01-21,17.0,0.86,2621,1251,84.179845703125,505,6.690000057220459,🚀點火(24.5x) 🔭LEAPS,BUY_WATCH,6
ONDS,2026-11-20,8.0,0.73,1748,1212,83.007982421875,78,7.039999961853027,🆕新倉暴量 🚬菸屁股,BUY_WATCH,6
META,2026-09-04,597.5,2.51,819,1208,43.35994140625,1,578.5399780273438,🎲末日結算 🚨異常掃貨 🆕新倉暴量,GAMBLE,6
HIMS,2027-01-15,60.0,0.8,12010,1130,90.08798974609374,134,28.440000534057617,🚀點火(15.5x) 🚬菸屁股,BUY_WATCH,6
JOBY,2026-09-18,8.0,0.04,6164,1089,61.71913281250001,15,6.690000057220459,🚀點火(3.1x) 🚬菸屁股,BUY_WATCH,6
ONDS,2028-01-21,12.0,1.93,14212,900,95.01958105468748,505,7.039999961853027,🚀點火(5.0x) 🔭LEAPS,BUY_WATCH,6
RDDT,2026-09-18,170.0,0.82,3241,881,56.958438232421884,15,144.63999938964844,🆕新倉暴量 🚬菸屁股,BUY_WATCH,6
SMCI,2026-09-18,42.0,0.7,3794,811,73.24245507812499,15,36.709999084472656,🚀點火(5.3x) 🚬菸屁股,BUY_WATCH,6
ASTS,2028-01-21,180.0,6.1,10757,779,88.1715050048828,505,55.79999923706055,🚀點火(4.4x) 🔭LEAPS,BUY_WATCH,6
TDOC,2028-01-21,15.0,0.58,1358,769,73.34011035156249,505,6.260000228881836,🚀點火(15.4x) 🔭LEAPS,BUY_WATCH,6
META,2026-09-18,710.0,0.28,2697,688,43.50642431640625,15,578.5399780273438,🆕新倉暴量 🚬菸屁股,BUY_WATCH,6
SMR,2027-01-15,15.0,0.7,15498,670,93.2617861328125,134,9.210000038146973,🚀點火(7.4x) 🚬菸屁股,BUY_WATCH,6
JOBY,2027-01-15,10.0,0.38,26061,652,76.17211328125,134,6.690000057220459,🚀點火(3.4x) 🚬菸屁股,BUY_WATCH,6
IONQ,2026-11-20,70.0,0.75,979,650,93.0664755859375,78,37.779998779296875,🚀點火(4.1x) 🚬菸屁股,BUY_WATCH,6
WMT,2026-10-16,130.0,0.13,3082,621,31.738963867187497,43,105.91999816894531,🚀點火(11.1x) 🚬菸屁股,BUY_WATCH,6
ONDS,2026-12-18,11.0,0.34,4770,552,87.500125,106,7.039999961853027,🚀點火(10.2x) 🚬菸屁股,BUY_WATCH,6
TSLA,2028-01-21,990.0,9.77,6133,551,55.79878186035157,505,356.0899963378906,🚀點火(3.8x) 🔭LEAPS,BUY_WATCH,6
SOUN,2026-10-16,7.0,0.54,7789,551,63.67223828125,43,6.849999904632568,🚀點火(2.6x) 🚬菸屁股,BUY_WATCH,6
RKLB,2027-01-15,175.0,0.51,1515,543,86.27943408203124,134,62.540000915527344,🚀點火(10.4x) 🚬菸屁股,BUY_WATCH,6
RTX,2026-10-16,230.0,0.85,961,525,25.269302001953125,43,205.16000366210938,🆕新倉暴量 🚬菸屁股,BUY_WATCH,6
MSTR,2027-01-15,500.0,0.55,8062,513,99.7070341796875,134,124.87999725341797,🚀點火(2.9x) 🚬菸屁股,BUY_WATCH,6
GOOGL,2026-10-16,405.0,0.85,1402,504,33.46013806152344,43,335.0199890136719,🆕新倉暴量 🚬菸屁股,BUY_WATCH,6
SOFI,2026-12-18,24.0,0.5,15735,490,59.6683720703125,106,17.049999237060547,🚀點火(4.4x) 🚬菸屁股,BUY_WATCH,6
XYZ,2026-10-16,95.0,0.45,1657,490,42.383388671875,43,77.87999725341797,🚀點火(20.4x) 🚬菸屁股,BUY_WATCH,6
BBAI,2027-01-15,3.5,0.4,19983,471,82.81267187499999,134,2.950000047683716,🚀點火(3.4x) 🚬菸屁股,BUY_WATCH,6
MNST,2026-09-18,47.5,0.27,2227,458,32.227240234374996,15,44.9900016784668,🚀點火(3.1x) 🚬菸屁股,BUY_WATCH,6
ASTS,2028-01-21,150.0,7.87,10904,454,87.9334702758789,505,55.79999923706055,🚀點火(5.1x) 🔭LEAPS,BUY_WATCH,6
WMT,2026-10-16,125.0,0.19,10041,436,27.051510742187503,43,105.91999816894531,🚀點火(2.6x) 🚬菸屁股,BUY_WATCH,6
OPEN,2028-01-21,4.0,1.13,11053,419,105.85984570312502,505,3.0399999618530273,🚀點火(2.8x) 🔭LEAPS,BUY_WATCH,6
UUUU,2028-01-21,15.0,5.2,2595,401,85.47377807617188,505,14.220000267028809,🚀點火(3.6x) 🔭LEAPS,BUY_WATCH,6
OPEN,2026-11-20,7.0,0.05,4351,396,114.0629296875,78,3.0399999618530273,🚀點火(6.7x) 🚬菸屁股,BUY_WATCH,6
FLNC,2027-01-15,18.0,0.72,2587,368,92.8711650390625,134,10.420000076293945,🚀點火(14.2x) 🚬菸屁股,BUY_WATCH,6
ONDS,2028-01-21,3.0,4.6,3426,358,107.91061669921875,505,7.039999961853027,🚀點火(6.8x) 🔭LEAPS,BUY_WATCH,6
AMZN,2026-10-16,315.0,0.38,3656,356,33.15496533203125,43,254.9199981689453,🚀點火(3.8x) 🚬菸屁股,BUY_WATCH,6
SOUN,2027-01-15,9.0,0.6,4517,343,75.195560546875,134,6.849999904632568,🚀點火(4.8x) 🚬菸屁股,BUY_WATCH,6
AMZN,2026-09-18,315.0,0.03,12531,341,42.8716650390625,15,254.9199981689453,🚀點火(14.8x) 🚬菸屁股,BUY_WATCH,6
FLNC,2027-01-15,20.0,0.55,13211,330,94.5313046875,134,10.420000076293945,🚀點火(3.8x) 🚬菸屁股,BUY_WATCH,6
JOBY,2028-01-21,15.0,1.03,9557,326,82.3243955078125,505,6.690000057220459,🚀點火(5.7x) 🔭LEAPS,BUY_WATCH,6
SOFI,2028-06-16,18.0,5.6,9126,308,67.55403540039065,652,17.049999237060547,🚀點火(3.7x) 🔭LEAPS,BUY_WATCH,6
MNST,2026-09-18,52.5,0.05,1917,301,38.477177734375,15,44.9900016784668,🚀點火(13.7x) 🚬菸屁股,BUY_WATCH,6
ACHR,2028-01-21,10.0,1.28,21080,294,89.16026464843749,505,5.559999942779541,🚀點火(4.0x) 🔭LEAPS,BUY_WATCH,6
MNST,2026-09-18,48.75,0.1,5533,290,42.4810439453125,15,44.9900016784668,🚀點火(2.5x) 🚬菸屁股,BUY_WATCH,6
MSTR,2028-01-21,700.0,6.06,8053,286,88.76354010009764,505,124.87999725341797,🚀點火(3.7x) 🔭LEAPS,BUY_WATCH,6
VRT,2026-09-18,310.0,0.74,1128,284,54.19967675781252,15,255.97000122070312,🚀點火(3.6x) 🚬菸屁股,BUY_WATCH,6
IBIT,2028-01-21,100.0,1.63,16565,283,52.78367529296876,505,43.7599983215332,🚀點火(2.5x) 🔭LEAPS,BUY_WATCH,6
WMT,2026-11-20,130.0,0.44,5997,276,30.005582763671875,78,105.91999816894531,🚀點火(9.5x) 🚬菸屁股,BUY_WATCH,6
PLUG,2028-01-21,2.0,0.86,11308,276,89.84385156249999,505,2.0899999141693115,🚀點火(11.0x) 🔭LEAPS,BUY_WATCH,6
INTC,2028-01-21,210.0,7.58,5289,274,68.37800177001954,505,88.97000122070312,🚀點火(9.1x) 🔭LEAPS,BUY_WATCH,6
SOUN,2028-01-21,10.0,1.83,8093,274,82.86149951171873,505,6.849999904632568,🚀點火(6.2x) 🔭LEAPS,BUY_WATCH,6
SMR,2028-01-21,15.0,2.9,7397,270,97.60744580078125,505,9.210000038146973,🚀點火(3.8x) 🔭LEAPS,BUY_WATCH,6
PLUG,2028-01-21,7.0,0.26,28558,263,96.48441015625,505,2.0899999141693115,🚀點火(8.0x) 🔭LEAPS,BUY_WATCH,6
LUNR,2026-12-18,40.0,0.23,1364,256,105.66453417968751,106,14.720000267028809,🚀點火(11.1x) 🚬菸屁股,BUY_WATCH,6
SOUN,2028-01-21,5.0,3.15,8928,256,80.7619111328125,505,6.849999904632568,🚀點火(3.8x) 🔭LEAPS,BUY_WATCH,6
OPEN,2026-11-20,3.0,0.5,3522,252,74.60962890625001,78,3.0399999618530273,🚀點火(2.7x) 🚬菸屁股,BUY_WATCH,6
ACHR,2028-01-21,5.0,2.39,19739,252,91.01571484374999,505,5.559999942779541,🚀點火(3.6x) 🔭LEAPS,BUY_WATCH,6
MSTR,2026-12-18,1080.0,0.07,15345,246,129.49254003906248,106,124.87999725341797,🚀點火(3.0x) 🚬菸屁股,BUY_WATCH,6
IBIT,2026-11-20,55.0,0.6,5490,228,43.21345849609375,78,43.7599983215332,🚀點火(5.7x) 🚬菸屁股,BUY_WATCH,6
PLUG,2026-12-18,3.5,0.08,9607,220,92.187578125,106,2.0899999141693115,🚀點火(6.1x) 🚬菸屁股,BUY_WATCH,6
ACHR,2028-01-21,12.0,1.05,5190,213,88.81847119140623,505,5.559999942779541,🚀點火(3.9x) 🔭LEAPS,BUY_WATCH,6
PATH,2028-01-21,8.0,11.44,1705,212,87.15833154296875,505,18.139999389648438,🚀點火(8.5x) 🔭LEAPS,BUY_WATCH,6
SOFI,2028-01-21,35.0,1.64,14708,209,66.06479248046875,505,17.049999237060547,🚀點火(3.9x) 🔭LEAPS,BUY_WATCH,6
TDOC,2028-01-21,7.0,1.73,1650,199,70.16631396484375,505,6.260000228881836,🚀點火(8.3x) 🔭LEAPS,BUY_WATCH,6
SOFI,2026-11-20,26.0,0.22,1725,198,63.281617187500004,78,17.049999237060547,🚀點火(2.8x) 🚬菸屁股,BUY_WATCH,6
SOFI,2028-06-16,20.0,4.95,27059,198,66.3333444824219,652,17.049999237060547,🚀點火(2.8x) 🔭LEAPS,BUY_WATCH,6
WMT,2026-09-18,130.0,0.02,12659,194,40.039662109375,15,105.91999816894531,🚀點火(3.4x) 🚬菸屁股,BUY_WATCH,6
BBAI,2028-01-21,2.0,1.59,3592,188,96.48441015625,505,2.950000047683716,🚀點火(4.9x) 🔭LEAPS,BUY_WATCH,6
PLUG,2028-01-21,4.0,0.48,14367,171,92.9688203125,505,2.0899999141693115,🚀點火(3.9x) 🔭LEAPS,BUY_WATCH,6
IREN,2027-01-15,90.0,0.85,5210,158,95.41020214843749,134,36.81999969482422,🚀點火(7.5x) 🚬菸屁股,BUY_WATCH,6
PLUG,2027-01-15,2.0,0.45,25102,158,82.0314296875,134,2.0899999141693115,🚀點火(3.4x) 🚬菸屁股,BUY_WATCH,6
ASTS,2026-11-20,180.0,0.26,2357,154,110.15669921875002,78,55.79999923706055,🚀點火(5.7x) 🚬菸屁股,BUY_WATCH,6
SMR,2027-01-15,14.0,0.77,3364,153,88.2813671875,134,9.210000038146973,🚀點火(6.1x) 🚬菸屁股,BUY_WATCH,6
PLUG,2028-01-21,0.5,1.62,2721,143,86.7188828125,505,2.0899999141693115,🚀點火(4.3x) 🔭LEAPS,BUY_WATCH,6
VST,2026-09-18,165.0,0.19,4449,141,48.92629199218751,15,138.0800018310547,🚀點火(2.8x) 🚬菸屁股,BUY_WATCH,6
PLTR,2026-12-18,410.0,0.15,7162,140,58.30119824218749,106,179.9199981689453,🚀點火(6.4x) 🚬菸屁股,BUY_WATCH,6
GOOGL,2026-12-18,500.0,0.76,2822,129,38.184211914062494,106,335.0199890136719,🚀點火(3.7x) 🚬菸屁股,BUY_WATCH,6
TJX,2026-10-16,145.0,0.86,1330,122,23.80447290039062,43,133.27000427246094,🚀點火(3.0x) 🚬菸屁股,BUY_WATCH,6
IBIT,2027-01-15,80.0,0.21,25338,121,52.4418818359375,134,43.7599983215332,🚀點火(4.3x) 🚬菸屁股,BUY_WATCH,6
SOUN,2027-01-15,11.0,0.36,1746,112,81.83611914062499,134,6.849999904632568,🚀點火(4.3x) 🚬菸屁股,BUY_WATCH,6
IBIT,2027-01-15,65.0,0.51,17885,104,46.33842724609375,134,43.7599983215332,🚀點火(3.6x) 🚬菸屁股,BUY_WATCH,6
SOFI,2027-01-15,40.0,0.08,27547,102,70.117486328125,134,17.049999237060547,🚀點火(5.1x) 🚬菸屁股,BUY_WATCH,6
CRWV,2026-11-20,190.0,0.36,913,102,90.9180595703125,78,81.8499984741211,🚀點火(3.0x) 🚬菸屁股,BUY_WATCH,6
UUUU,2027-01-15,25.0,0.51,19160,96,82.81267187499999,134,14.220000267028809,🚀點火(2.6x) 🚬菸屁股,BUY_WATCH,6
CRWV,2028-01-21,200.0,9.69,11133,95,77.32566619873047,505,81.8499984741211,🚀點火(4.5x) 🔭LEAPS,BUY_WATCH,6
HIMS,2026-12-18,60.0,0.55,2054,93,92.91999267578124,106,28.440000534057617,🚀點火(3.4x) 🚬菸屁股,BUY_WATCH,6
PLUG,2027-01-15,1.5,0.78,9989,93,76.562734375,134,2.0899999141693115,🚀點火(4.7x) 🚬菸屁股,BUY_WATCH,6
SOFI,2028-01-21,23.0,3.4,3798,91,65.33237792968751,505,17.049999237060547,🚀點火(3.1x) 🔭LEAPS,BUY_WATCH,6
FLNC,2028-01-21,12.0,4.35,1868,90,105.22508325195315,505,10.420000076293945,🚀點火(3.0x) 🔭LEAPS,BUY_WATCH,6
MSFT,2028-01-21,600.0,49.23,6962,86,35.6978171005249,505,501.0199890136719,🚀點火(2.9x) 🔭LEAPS,BUY_WATCH,6
LUNR,2028-01-21,25.0,4.65,4560,85,103.02782861328126,505,14.720000267028809,🚀點火(3.7x) 🔭LEAPS,BUY_WATCH,6
NVDA,2028-01-21,420.0,6.2,21677,76,42.249112670898434,505,217.44000244140625,🚀點火(3.8x) 🔭LEAPS,BUY_WATCH,6
RUN,2028-01-21,10.0,2.66,994,73,86.52357226562499,505,8.369999885559082,🚀點火(3.0x) 🔭LEAPS,BUY_WATCH,6
VELO,2026-12-18,30.0,0.42,7179,69,137.10968945312501,106,11.25,🚀點火(2.6x) 🚬菸屁股,BUY_WATCH,6
OPEN,2026-11-20,8.0,0.05,5163,61,124.21912890624998,78,3.0399999618530273,🚀點火(3.0x) 🚬菸屁股,BUY_WATCH,6
OPEN,2026-11-20,9.0,0.05,11210,59,126.56286718749999,78,3.0399999618530273,🚀點火(2.7x) 🚬菸屁股,BUY_WATCH,6
PATH,2028-01-21,10.0,10.11,6060,56,83.1056376953125,505,18.139999389648438,🚀點火(2.7x) 🔭LEAPS,BUY_WATCH,6
AAPL,2026-09-04,330.0,1.4,13471,48179,28.54075366210937,1,325.1300048828125,🎲末日結算 🚨異常掃貨 🆕新倉暴量 🏛️機構場,GAMBLE,5
AAPL,2026-09-04,325.0,3.25,15389,39894,28.784891845703115,1,325.1300048828125,🎲末日結算 🚨異常掃貨 🚀點火(2.6x) 🏛️機構場,GAMBLE,5
PCG,2026-09-04,14.0,0.56,7724,37410,100.39112304687498,1,14.0600004196167,🎲末日結算 🚨異常掃貨 🆕新倉暴量 🚬菸屁股 ⚠️暴動高IV(100%),GAMBLE,5
AAPL,2026-09-04,327.5,2.23,7550,24334,27.967028930664057,1,325.1300048828125,🎲末日結算 🚨異常掃貨 🆕新倉暴量 🏛️機構場,GAMBLE,5
IBIT,2026-09-18,44.0,1.32,35242,19385,39.3560751953125,15,43.7599983215332,🚀點火(10.7x) 🔥萬人塚,HOLD,5
AAPL,2026-09-04,322.5,4.85,8375,17078,29.688203124999994,1,325.1300048828125,🎲末日結算 🚨異常掃貨 🆕新倉暴量 🏛️機構場,GAMBLE,5
NVDA,2026-10-16,270.0,0.39,23986,8976,34.180345703125,43,217.44000244140625,🆕新倉暴量 🚬菸屁股 🏛️機構場,BUY_WATCH,5
AAPL,2026-09-04,317.5,8.5,5627,7255,31.836619140624993,1,325.1300048828125,🎲末日結算 🚨異常掃貨 🆕新倉暴量 🏛️機構場,GAMBLE,5
PCG,2026-09-04,16.0,0.11,3385,5942,116.40666796875001,1,14.0600004196167,🎲末日結算 🚨異常掃貨 🆕新倉暴量 🚬菸屁股 ⚠️暴動高IV(116%),GAMBLE,5
PCG,2026-09-04,13.5,0.84,2910,5750,96.0937890625,1,14.0600004196167,🎲末日結算 🚨異常掃貨 🆕新倉暴量 🚬菸屁股 ⚠️暴動高IV(96%),GAMBLE,5
NVDA,2027-01-15,230.0,15.38,41473,4557,39.18212673950195,134,217.44000244140625,🚀點火(3.5x) 🔥萬人塚,HOLD,5
NVDA,2027-01-15,220.0,19.81,40239,3550,40.09459320068359,134,217.44000244140625,🚀點火(2.9x) 🔥萬人塚,HOLD,5
INTC,2026-10-16,110.0,1.82,64476,2820,61.1576149902344,43,88.97000122070312,🚀點火(2.9x) 🔥萬人塚,HOLD,5
IREN,2026-09-18,38.0,2.08,1250,2014,79.15059912109376,15,36.81999969482422,🚨異常掃貨,STRONG_BUY,5
IREN,2026-09-04,37.5,0.89,1479,1846,89.64854101562499,1,36.81999969482422,🎲末日結算 🚨異常掃貨 🆕新倉暴量 🚬菸屁股 ⚠️暴動高IV(90%),GAMBLE,5
SMCI,2026-09-04,44.0,0.05,1276,1700,103.90673046875003,1,36.709999084472656,🎲末日結算 🚨異常掃貨 🆕新倉暴量 🚬菸屁股 ⚠️暴動高IV(104%),GAMBLE,5
PANW,2026-09-04,450.0,0.79,865,1641,135.25422998046875,1,362.0899963378906,🎲末日結算 🚨異常掃貨 🆕新倉暴量 🚬菸屁股 ⚠️暴動高IV(135%),GAMBLE,5
IONQ,2026-09-04,40.0,0.43,816,1146,87.500125,1,37.779998779296875,🎲末日結算 🚨異常掃貨 🆕新倉暴量 🚬菸屁股 ⚠️暴動高IV(88%),GAMBLE,5
SOFI,2027-01-15,15.0,3.5,38893,920,60.205476074218765,134,17.049999237060547,🚀點火(4.9x) 🔥萬人塚,HOLD,5
SHOP,2026-09-18,140.0,5.3,47586,593,49.329119995117196,15,139.82000732421875,🚀點火(10.8x) 🔥萬人塚,HOLD,5
PLTR,2026-12-18,175.0,24.2,52356,135,56.30536859130859,106,179.9199981689453,🚀點火(4.2x) 🔥萬人塚,HOLD,5
HOOD,2026-09-04,110.0,0.64,7826,22621,71.19169433593751,1,103.51000213623047,🎲末日結算 🚨異常掃貨 🚬菸屁股,GAMBLE,4
NVDA,2026-09-04,237.5,0.05,28471,17656,44.92242578125,1,217.44000244140625,🎲末日結算 🆕新倉暴量 🚬菸屁股,GAMBLE,4
TSLA,2026-09-04,400.0,0.2,13866,17513,64.8441015625,1,356.0899963378906,🎲末日結算 🚨異常掃貨 🚬菸屁股,GAMBLE,4
AMZN,2026-09-04,265.0,0.3,11996,15555,31.78779150390625,1,254.9199981689453,🎲末日結算 🚨異常掃貨 🚬菸屁股,GAMBLE,4
SOFI,2026-09-04,18.0,0.07,9466,14271,58.5941640625,1,17.049999237060547,🎲末日結算 🚨異常掃貨 🚬菸屁股,GAMBLE,4
WMT,2026-09-04,106.0,0.94,4709,10709,26.612062011718752,1,105.91999816894531,🎲末日結算 🚨異常掃貨 🚬菸屁股,GAMBLE,4
AMZN,2026-09-04,260.0,0.99,8092,9815,30.445031494140622,1,254.9199981689453,🎲末日結算 🚨異常掃貨 🚬菸屁股,GAMBLE,4
WMT,2026-09-04,107.0,0.54,4602,9529,26.51440673828125,1,105.91999816894531,🎲末日結算 🚨異常掃貨 🚬菸屁股,GAMBLE,4
AAPL,2026-09-18,340.0,2.22,30197,9476,25.977302734375,15,325.1300048828125,🚀點火(4.6x) 🔥萬人塚 🏛️機構場,HOLD,4
PLTR,2026-09-04,187.5,0.99,7500,9117,53.85788330078126,1,179.9199981689453,🎲末日結算 🚨異常掃貨 🚬菸屁股,GAMBLE,4
IBIT,2026-09-04,44.0,0.52,13647,8671,41.79745703125,1,43.7599983215332,🎲末日結算 🆕新倉暴量 🚬菸屁股,GAMBLE,4
IBIT,2026-09-04,44.5,0.33,12900,8336,41.01621484375,1,43.7599983215332,🎲末日結算 🆕新倉暴量 🚬菸屁股,GAMBLE,4
SMCI,2026-09-04,37.0,1.1,3652,8169,93.35944140625,1,36.709999084472656,🎲末日結算 🚨異常掃貨 🆕新倉暴量 ⚠️暴動高IV(93%),GAMBLE,4
TSLA,2026-09-04,390.0,0.32,11339,7660,57.910577148437504,1,356.0899963378906,🎲末日結算 🆕新倉暴量 🚬菸屁股,GAMBLE,4
SOFI,2026-09-04,18.5,0.04,19066,7548,67.18782812500001,1,17.049999237060547,🎲末日結算 🆕新倉暴量 🚬菸屁股,GAMBLE,4
SOFI,2026-09-04,19.0,0.03,27798,7287,72.6565234375,1,17.049999237060547,🎲末日結算 🆕新倉暴量 🚬菸屁股,GAMBLE,4
NVDA,2026-09-04,242.5,0.02,13192,6743,50.39112109375,1,217.44000244140625,🎲末日結算 🆕新倉暴量 🚬菸屁股,GAMBLE,4
PLTR,2026-09-04,195.0,0.24,15507,6621,56.055126953125,1,179.9199981689453,🎲末日結算 🆕新倉暴量 🚬菸屁股,GAMBLE,4
IREN,2026-09-04,38.0,0.7,3741,6441,89.45323046875,1,36.81999969482422,🎲末日結算 🚨異常掃貨 🚬菸屁股,GAMBLE,4
IBIT,2026-09-04,46.0,0.08,17293,5790,43.945873046875,1,43.7599983215332,🎲末日結算 🆕新倉暴量 🚬菸屁股,GAMBLE,4
SMCI,2026-09-04,36.0,1.6,2751,5264,94.14068359375,1,36.709999084472656,🎲末日結算 🚨異常掃貨 🆕新倉暴量 ⚠️暴動高IV(94%),GAMBLE,4
GOOGL,2026-09-04,350.0,0.27,8034,5239,31.592480957031242,1,335.0199890136719,🎲末日結算 🆕新倉暴量 🚬菸屁股,GAMBLE,4
INTC,2026-09-04,94.0,0.5,6107,4840,65.03941210937501,1,88.97000122070312,🎲末日結算 🆕新倉暴量 🚬菸屁股,GAMBLE,4
TSLA,2026-09-04,385.0,0.46,5914,4502,54.883263671875014,1,356.0899963378906,🎲末日結算 🆕新倉暴量 🚬菸屁股,GAMBLE,4
PLTR,2026-09-04,192.5,0.37,14857,3685,54.98091894531252,1,179.9199981689453,🎲末日結算 🆕新倉暴量 🚬菸屁股,GAMBLE,4
AAPL,2026-10-16,360.0,1.78,81422,3657,25.061784545898437,43,325.1300048828125,🚀點火(4.3x) 🔥萬人塚 🏛️機構場,HOLD,4
CRWD,2026-09-04,240.0,0.4,4159,3636,77.0510107421875,1,215.07000732421875,🎲末日結算 🆕新倉暴量 🚬菸屁股,GAMBLE,4
IONQ,2026-09-18,50.0,0.22,9811,3560,85.54701953125,15,37.779998779296875,🚀點火(4.9x) 🚬菸屁股 ⚠️暴動高IV(86%),BUY_WATCH,4
PANW,2026-09-04,400.0,5.4,1674,3497,134.38753509521482,1,362.0899963378906,🎲末日結算 🚨異常掃貨 🆕新倉暴量 ⚠️暴動高IV(134%),GAMBLE,4
AAPL,2027-01-15,350.0,12.17,42483,3471,27.588614746093743,134,325.1300048828125,🚀點火(4.2x) 🔥萬人塚 🏛️機構場,HOLD,4
XYZ,2026-09-04,88.0,0.06,3459,3457,66.40658593750001,1,77.87999725341797,🎲末日結算 🆕新倉暴量 🚬菸屁股,GAMBLE,4
HOOD,2026-09-04,115.0,0.19,4845,3450,74.2190078125,1,103.51000213623047,🎲末日結算 🆕新倉暴量 🚬菸屁股,GAMBLE,4
HOOD,2026-09-04,120.0,0.07,6352,3436,79.687703125,1,103.51000213623047,🎲末日結算 🆕新倉暴量 🚬菸屁股,GAMBLE,4
META,2026-09-04,620.0,0.47,3218,3280,46.289599609375,1,578.5399780273438,🎲末日結算 🆕新倉暴量 🚬菸屁股,GAMBLE,4
GOOGL,2026-09-04,355.0,0.15,5365,3189,35.1568984375,1,335.0199890136719,🎲末日結算 🆕新倉暴量 🚬菸屁股,GAMBLE,4
WMT,2026-09-04,110.0,0.07,5790,3185,28.516339843749993,1,105.91999816894531,🎲末日結算 🆕新倉暴量 🚬菸屁股,GAMBLE,4
MU,2026-09-04,1050.0,0.58,3423,3085,66.38217211914063,1,933.4400024414062,🎲末日結算 🆕新倉暴量 🚬菸屁股,GAMBLE,4
WMT,2026-09-04,108.0,0.3,2015,3055,26.758544921875,1,105.91999816894531,🎲末日結算 🚨異常掃貨 🚬菸屁股,GAMBLE,4
IBIT,2026-09-04,47.0,0.04,9691,2917,47.6567734375,1,43.7599983215332,🎲末日結算 🆕新倉暴量 🚬菸屁股,GAMBLE,4
META,2026-09-04,615.0,0.71,6427,2914,45.337460693359375,1,578.5399780273438,🎲末日結算 🆕新倉暴量 🚬菸屁股,GAMBLE,4
IBIT,2026-09-04,46.5,0.06,11726,2786,45.703667968750004,1,43.7599983215332,🎲末日結算 🆕新倉暴量 🚬菸屁股,GAMBLE,4
RDDT,2026-09-04,160.0,0.18,3110,2743,66.60189648437502,1,144.63999938964844,🎲末日結算 🆕新倉暴量 🚬菸屁股,GAMBLE,4
HOOD,2026-09-04,112.0,0.38,1546,2654,71.87528125,1,103.51000213623047,🎲末日結算 🚨異常掃貨 🚬菸屁股,GAMBLE,4
HOOD,2026-09-04,109.0,0.76,8047,2631,70.55693505859377,1,103.51000213623047,🎲末日結算 🆕新倉暴量 🚬菸屁股,GAMBLE,4
JOBY,2026-09-04,7.0,0.04,2188,2502,58.5941640625,1,6.690000057220459,🎲末日結算 🆕新倉暴量 🚬菸屁股,GAMBLE,4
PANW,2026-09-04,420.0,2.54,1327,2374,133.9114632568359,1,362.0899963378906,🎲末日結算 🚨異常掃貨 🆕新倉暴量 ⚠️暴動高IV(134%),GAMBLE,4
ONDS,2026-09-04,7.0,0.22,1846,2215,74.2190078125,1,7.039999961853027,🎲末日結算 🆕新倉暴量 🚬菸屁股,GAMBLE,4
CRWV,2026-09-04,90.0,0.25,4119,1961,78.6134951171875,1,81.8499984741211,🎲末日結算 🆕新倉暴量 🚬菸屁股,GAMBLE,4
GOOGL,2026-09-04,360.0,0.1,4225,1837,40.430283203125,1,335.0199890136719,🎲末日結算 🆕新倉暴量 🚬菸屁股,GAMBLE,4
HIMS,2026-09-04,29.0,0.55,1458,1813,78.51583984375,1,28.440000534057617,🎲末日結算 🚨異常掃貨 🚬菸屁股,GAMBLE,4
GOOGL,2026-09-04,352.5,0.17,6841,1711,33.74089697265625,1,335.0199890136719,🎲末日結算 🆕新倉暴量 🚬菸屁股,GAMBLE,4
NBIS,2026-09-04,210.0,2.45,1266,1699,86.2306064453125,1,199.5399932861328,🎲末日結算 🚨異常掃貨 🆕新倉暴量 ⚠️暴動高IV(86%),GAMBLE,4
CRWV,2026-09-04,93.0,0.11,1020,1535,81.64080859375,1,81.8499984741211,🎲末日結算 🚨異常掃貨 🚬菸屁股,GAMBLE,4
MU,2026-09-04,1100.0,0.2,2507,1504,75.4885263671875,1,933.4400024414062,🎲末日結算 🆕新倉暴量 🚬菸屁股,GAMBLE,4
CRWD,2026-09-04,235.0,0.71,4588,1378,75.83031982421876,1,215.07000732421875,🎲末日結算 🆕新倉暴量 🚬菸屁股,GAMBLE,4
PANW,2026-09-04,435.0,1.44,1129,1373,134.66829541015622,1,362.0899963378906,🎲末日結算 🚨異常掃貨 🆕新倉暴量 ⚠️暴動高IV(135%),GAMBLE,4
RUN,2026-09-04,9.0,0.04,1325,1337,70.312796875,1,8.369999885559082,🎲末日結算 🆕新倉暴量 🚬菸屁股,GAMBLE,4
XYZ,2026-09-04,87.0,0.05,1486,1334,61.328511718750015,1,77.87999725341797,🎲末日結算 🆕新倉暴量 🚬菸屁股,GAMBLE,4
RKLB,2026-09-04,65.0,0.69,1412,1290,70.898728515625,1,62.540000915527344,🎲末日結算 🆕新倉暴量 🚬菸屁股,GAMBLE,4
BBAI,2026-09-04,3.0,0.04,6001,1274,62.500375000000005,1,2.950000047683716,🎲末日結算 🆕新倉暴量 🚬菸屁股,GAMBLE,4
HOOD,2026-09-04,111.0,0.49,3728,1244,71.5823154296875,1,103.51000213623047,🎲末日結算 🆕新倉暴量 🚬菸屁股,GAMBLE,4
XYZ,2026-09-04,90.0,0.07,3144,1243,75.00025000000001,1,77.87999725341797,🎲末日結算 🆕新倉暴量 🚬菸屁股,GAMBLE,4
HIMS,2026-09-18,37.0,0.15,3288,1213,86.32826171875,15,28.440000534057617,🚀點火(2.6x) 🚬菸屁股 ⚠️暴動高IV(86%),BUY_WATCH,4
CRWD,2026-09-04,245.0,0.21,1491,1185,78.51583984375,1,215.07000732421875,🎲末日結算 🆕新倉暴量 🚬菸屁股,GAMBLE,4
APP,2026-09-04,340.0,0.55,910,1179,63.7698935546875,1,311.739990234375,🎲末日結算 🚨異常掃貨 🚬菸屁股,GAMBLE,4
GOOGL,2026-09-04,375.0,0.05,2706,1155,54.297332031250015,1,335.0199890136719,🎲末日結算 🆕新倉暴量 🚬菸屁股,GAMBLE,4
GOOGL,2026-09-04,370.0,0.05,3272,1150,49.023947265625004,1,335.0199890136719,🎲末日結算 🆕新倉暴量 🚬菸屁股,GAMBLE,4
GOOGL,2026-09-04,380.0,0.04,1257,1058,56.250437500000004,1,335.0199890136719,🎲末日結算 🆕新倉暴量 🚬菸屁股,GAMBLE,4
META,2026-09-04,630.0,0.24,1340,1050,48.633326171875005,1,578.5399780273438,🎲末日結算 🆕新倉暴量 🚬菸屁股,GAMBLE,4
MU,2026-09-04,1030.0,0.99,1040,1011,62.671271728515634,1,933.4400024414062,🎲末日結算 🆕新倉暴量 🚬菸屁股,GAMBLE,4
MSFT,2026-10-16,510.0,14.63,39253,969,26.557130920410156,43,501.0199890136719,🚀點火(3.5x) 🔥萬人塚 🏛️機構場,HOLD,4
CRWV,2026-09-04,87.0,0.58,1415,935,76.75804492187501,1,81.8499984741211,🎲末日結算 🆕新倉暴量 🚬菸屁股,GAMBLE,4
RKLB,2026-09-04,66.0,0.49,1007,886,71.87528125,1,62.540000915527344,🎲末日結算 🆕新倉暴量 🚬菸屁股,GAMBLE,4
XYZ,2026-09-04,85.0,0.04,1149,880,52.3442265625,1,77.87999725341797,🎲末日結算 🆕新倉暴量 🚬菸屁股,GAMBLE,4
CRWV,2026-09-04,86.0,0.81,974,869,76.562734375,1,81.8499984741211,🎲末日結算 🆕新倉暴量 🚬菸屁股,GAMBLE,4
META,2026-09-04,625.0,0.35,1187,855,47.60794580078125,1,578.5399780273438,🎲末日結算 🆕新倉暴量 🚬菸屁股,GAMBLE,4
AFRM,2026-09-04,75.0,0.24,951,838,62.890996093750005,1,69.94000244140625,🎲末日結算 🆕新倉暴量 🚬菸屁股,GAMBLE,4
RKLB,2026-09-04,68.0,0.23,1707,725,75.97680273437501,1,62.540000915527344,🎲末日結算 🆕新倉暴量 🚬菸屁股,GAMBLE,4
GOOGL,2026-09-04,365.0,0.08,2698,711,45.508357421875004,1,335.0199890136719,🎲末日結算 🆕新倉暴量 🚬菸屁股,GAMBLE,4
GOOGL,2026-09-04,357.5,0.12,1447,702,37.695935546875,1,335.0199890136719,🎲末日結算 🆕新倉暴量 🚬菸屁股,GAMBLE,4
DKNG,2026-09-04,25.5,0.04,823,640,63.281617187500004,1,23.440000534057617,🎲末日結算 🆕新倉暴量 🚬菸屁股,GAMBLE,4
MU,2026-09-04,1040.0,0.75,1073,585,64.69761865234375,1,933.4400024414062,🎲末日結算 🆕新倉暴量 🚬菸屁股,GAMBLE,4
META,2026-09-04,650.0,0.07,1889,581,53.906710937500016,1,578.5399780273438,🎲末日結算 🆕新倉暴量 🚬菸屁股,GAMBLE,4
MU,2026-09-04,1035.0,0.94,943,579,64.25816992187501,1,933.4400024414062,🎲末日結算 🆕新倉暴量 🚬菸屁股,GAMBLE,4
WMT,2026-09-04,111.0,0.04,1047,568,29.883513671874994,1,105.91999816894531,🎲末日結算 🚀點火(3.0x) 🚬菸屁股,GAMBLE,4
ACHR,2026-09-04,5.5,0.16,1027,560,60.937890625000016,1,5.559999942779541,🎲末日結算 🆕新倉暴量 🚬菸屁股,GAMBLE,4
DIS,2026-09-04,110.0,0.14,1348,532,30.07882421875,1,106.22000122070312,🎲末日結算 🆕新倉暴量 🚬菸屁股,GAMBLE,4
LUNR,2026-09-18,20.0,0.1,3813,525,97.26565234374999,15,14.720000267028809,🚀點火(4.6x) 🚬菸屁股 ⚠️暴動高IV(97%),BUY_WATCH,4
CRWV,2026-09-04,88.0,0.46,1344,514,77.3439765625,1,81.8499984741211,🎲末日結算 🆕新倉暴量 🚬菸屁股,GAMBLE,4
DKNG,2026-09-04,25.0,0.08,1819,513,59.766027343750004,1,23.440000534057617,🎲末日結算 🆕新倉暴量 🚬菸屁股,GAMBLE,4
HOOD,2026-09-04,118.0,0.09,1518,408,76.95335546875,1,103.51000213623047,🎲末日結算 🆕新倉暴量 🚬菸屁股,GAMBLE,4
DIS,2026-09-04,118.0,0.01,908,403,55.078574218750006,1,106.22000122070312,🎲末日結算 🆕新倉暴量 🚬菸屁股,GAMBLE,4
SMR,2026-09-18,12.0,0.06,4130,355,86.7188828125,15,9.210000038146973,🚀點火(3.3x) 🚬菸屁股 ⚠️暴動高IV(87%),BUY_WATCH,4
PATH,2026-09-18,22.0,0.48,2244,290,107.51999365234377,15,18.139999389648438,🚀點火(2.8x) 🚬菸屁股 ⚠️暴動高IV(108%),BUY_WATCH,4
DDD,2026-09-18,3.0,0.49,1404,200,114.0629296875,15,3.2899999618530273,🚀點火(10.0x) 🚬菸屁股 ⚠️暴動高IV(114%),BUY_WATCH,4
MSFT,2026-12-18,575.0,9.46,131481,113,29.84994467163086,106,501.0199890136719,🚀點火(4.0x) 🔥萬人塚 🏛️機構場,HOLD,4
FLNC,2026-09-18,13.0,0.1,1752,102,81.2501875,15,10.420000076293945,🚀點火(2.5x) 🚬菸屁股 ⚠️暴動高IV(81%),BUY_WATCH,4
NVDA,2026-09-04,220.0,1.7,27491,59110,35.47427807617186,1,217.44000244140625,🎲末日結算 🚨異常掃貨,GAMBLE,3
TSLA,2026-09-04,360.0,4.45,12792,27671,48.75539526367188,1,356.0899963378906,🎲末日結算 🚨異常掃貨,GAMBLE,3
TSLA,2026-09-04,370.0,1.77,13982,21737,49.5122236328125,1,356.0899963378906,🎲末日結算 🚨異常掃貨,GAMBLE,3
NVDA,2026-09-04,227.5,0.24,29400,19042,34.8639326171875,1,217.44000244140625,🎲末日結算 🆕新倉暴量 🚬菸屁股 🏛️機構場,GAMBLE,3
PCG,2026-09-18,18.0,0.15,66721,16917,86.7188828125,15,14.0600004196167,🚬菸屁股 🔥萬人塚,HOLD,3
TSLA,2026-09-04,365.0,2.83,6808,15712,48.8408436279297,1,356.0899963378906,🎲末日結算 🚨異常掃貨,GAMBLE,3
AAPL,2026-09-18,300.0,26.52,23312,11455,37.439590454101555,15,325.1300048828125,🆕新倉暴量,HOLD,3
IBIT,2026-09-18,50.0,0.12,39398,10376,41.79745703125,15,43.7599983215332,🚬菸屁股 🔥萬人塚,HOLD,3
SOFI,2026-09-18,20.0,0.1,47904,8527,55.66450585937501,15,17.049999237060547,🚬菸屁股 🔥萬人塚,HOLD,3
PCG,2026-09-18,20.0,0.05,121502,7738,99.2187578125,15,14.0600004196167,🚀點火(13.5x) 🚬菸屁股 🔥萬人塚 ⚠️尾段價外(42%) ⚠️暴動高IV(99%),BUY_WATCH,3
SMCI,2026-09-18,40.0,1.09,27207,7135,71.87528125,15,36.709999084472656,🆕新倉暴量,HOLD,3
AMZN,2026-09-04,257.5,1.66,2354,6732,30.83565258789062,1,254.9199981689453,🎲末日結算 🚨異常掃貨,GAMBLE,3
GOOGL,2026-10-16,400.0,1.04,20887,6248,32.55682678222656,43,335.0199890136719,🆕新倉暴量,HOLD,3
IBIT,2026-10-16,45.0,1.88,21651,6107,40.60117993164062,43,43.7599983215332,🆕新倉暴量,HOLD,3
GOOGL,2026-09-18,360.0,1.2,10945,6102,28.528546752929685,15,335.0199890136719,🆕新倉暴量,HOLD,3
INTC,2026-09-18,90.0,3.8,11762,5743,55.786574951171886,15,88.97000122070312,🆕新倉暴量,HOLD,3
AVGO,2026-09-18,450.0,1.6,17687,5735,60.998925170898445,15,369.67999267578125,🆕新倉暴量,HOLD,3
AMZN,2026-09-18,280.0,0.53,42227,5599,30.152065673828126,15,254.9199981689453,🚬菸屁股 🔥萬人塚,HOLD,3
IBIT,2026-09-18,45.0,0.91,61261,5364,38.9654541015625,15,43.7599983215332,🚬菸屁股 🔥萬人塚,HOLD,3
SOFI,2027-01-15,25.0,0.56,101692,5137,59.570716796875004,134,17.049999237060547,🚬菸屁股 🔥萬人塚,HOLD,3
HOOD,2026-09-04,105.0,1.93,3794,5071,69.14093359375,1,103.51000213623047,🎲末日結算 🚨異常掃貨,GAMBLE,3
TSLA,2026-09-18,360.0,10.9,5661,4959,41.56552575683594,15,356.0899963378906,🆕新倉暴量,HOLD,3
META,2026-09-18,650.0,1.6,16353,4503,37.67152172851562,15,578.5399780273438,🆕新倉暴量,HOLD,3
WMT,2026-10-16,110.0,1.95,11707,4267,24.024197265625,43,105.91999816894531,🆕新倉暴量,HOLD,3
PANW,2026-09-18,450.0,2.33,4237,4254,72.10721252441408,15,362.0899963378906,🆕新倉暴量,HOLD,3
HOOD,2026-09-18,110.0,2.93,11091,3983,61.0599597167969,15,103.51000213623047,🆕新倉暴量,HOLD,3
HOOD,2026-09-18,120.0,1.01,12779,3818,62.817754638671886,15,103.51000213623047,🆕新倉暴量,HOLD,3
GOOGL,2026-09-18,340.0,5.56,4902,3667,27.86937365722656,15,335.0199890136719,🆕新倉暴量,HOLD,3
IBIT,2026-10-16,50.0,0.61,30851,3531,40.918559570312496,43,43.7599983215332,🚬菸屁股 🔥萬人塚,HOLD,3
TSLA,2026-09-18,370.0,7.11,10421,3435,41.56552575683594,15,356.0899963378906,🆕新倉暴量,HOLD,3
WMT,2026-09-18,105.0,2.63,14440,3359,24.341576904296875,15,105.91999816894531,🆕新倉暴量,HOLD,3
TSLA,2026-09-18,390.0,2.9,10473,3252,42.749595947265625,15,356.0899963378906,🆕新倉暴量,HOLD,3
WMT,2027-01-15,120.0,2.45,12845,3019,27.71068383789062,134,105.91999816894531,🆕新倉暴量,HOLD,3
INTC,2026-09-18,110.0,0.34,58611,2972,63.086306640625,15,88.97000122070312,🚬菸屁股 🔥萬人塚,HOLD,3
MSTR,2026-09-18,150.0,1.51,13015,2840,77.27073510742188,15,124.87999725341797,🆕新倉暴量,HOLD,3
JOBY,2026-10-16,9.0,0.09,3724,2565,67.96907031250001,43,6.690000057220459,🚀點火(15.9x) 🚬菸屁股 ⚠️尾段價外(35%),BUY_WATCH,3
IBIT,2026-11-20,57.0,0.46,34506,2562,43.89704541015625,78,43.7599983215332,🚬菸屁股 🔥萬人塚,HOLD,3
TSLA,2026-10-16,400.0,7.14,11483,2542,42.98152722167969,43,356.0899963378906,🆕新倉暴量,HOLD,3
CRWD,2026-09-18,255.0,1.0,3049,2458,54.61471166992189,15,215.07000732421875,🆕新倉暴量,HOLD,3
NVDA,2026-10-16,300.0,0.07,12265,2419,37.500625,43,217.44000244140625,🚀點火(6.3x) 🚬菸屁股 ⚠️尾段價外(38%),BUY_WATCH,3
GOOGL,2026-10-16,360.0,5.2,4802,2364,29.66378930664062,43,335.0199890136719,🆕新倉暴量,HOLD,3
AVGO,2026-09-18,410.0,5.83,6991,2306,59.65616516113281,15,369.67999267578125,🆕新倉暴量,HOLD,3
AMZN,2026-10-16,285.0,2.19,5028,2218,30.64034204101562,43,254.9199981689453,🆕新倉暴量,HOLD,3
AMZN,2026-10-16,320.0,0.3,6230,2197,33.81413842773438,43,254.9199981689453,🚀點火(9.6x) 🚬菸屁股 ⚠️尾段價外(26%),BUY_WATCH,3
AVGO,2026-09-18,430.0,3.05,7520,2043,60.32754516601564,15,369.67999267578125,🆕新倉暴量,HOLD,3
SOFI,2026-09-18,22.0,0.05,150765,2040,67.18782812500001,15,17.049999237060547,🚬菸屁股 🔥萬人塚,HOLD,3
ASTS,2026-10-16,70.0,1.88,7985,1966,76.97776928710938,43,55.79999923706055,🆕新倉暴量,HOLD,3
SHOP,2026-09-18,160.0,0.6,81142,1952,48.828636718750005,15,139.82000732421875,🚬菸屁股 🔥萬人塚,HOLD,3
MU,2026-09-18,1100.0,5.3,6838,1871,56.75702423095703,15,933.4400024414062,🆕新倉暴量,HOLD,3
WMT,2027-01-15,130.0,1.05,9168,1774,27.808339111328124,134,105.91999816894531,🚀點火(3.3x),HOLD,3
SOFI,2027-01-15,21.0,1.17,5623,1758,57.95940478515625,134,17.049999237060547,🆕新倉暴量,HOLD,3
OPEN,2028-01-21,10.0,0.52,43702,1689,103.71141894531253,505,3.0399999618530273,🔭LEAPS 🔥萬人塚,HOLD,3
IREN,2027-01-15,110.0,0.5,47868,1615,102.29541040039064,134,36.81999969482422,🚬菸屁股 🔥萬人塚,HOLD,3
ONDS,2027-01-15,10.0,0.67,50121,1615,87.500125,134,7.039999961853027,🚬菸屁股 🔥萬人塚,HOLD,3
PCG,2026-10-16,20.0,0.13,314738,1585,64.8441015625,43,14.0600004196167,🚬菸屁股 🔥萬人塚,HOLD,3
CRWV,2026-09-18,90.0,1.98,7547,1547,68.99445068359377,15,81.8499984741211,🆕新倉暴量,HOLD,3
VST,2026-09-04,140.0,1.42,1005,1546,48.34036035156251,1,138.0800018310547,🎲末日結算 🚨異常掃貨,GAMBLE,3
PCG,2026-10-16,18.0,0.21,23358,1517,61.52382226562501,43,14.0600004196167,🚀點火(2.7x) 🚬菸屁股 ⚠️尾段價外(28%),BUY_WATCH,3
AVGO,2026-11-20,500.0,3.9,4325,1449,48.645533081054694,78,369.67999267578125,🆕新倉暴量,HOLD,3
IREN,2026-12-18,50.0,3.3,5485,1402,88.69640209960936,106,36.81999969482422,🆕新倉暴量,HOLD,3
CRWV,2026-09-18,95.0,1.12,4183,1388,70.06865869140626,15,81.8499984741211,🆕新倉暴量,HOLD,3
CRWV,2026-10-16,100.0,2.86,3770,1353,72.6565234375,43,81.8499984741211,🆕新倉暴量,HOLD,3
CRWD,2026-09-18,230.0,4.6,4852,1338,55.286091674804695,15,215.07000732421875,🆕新倉暴量,HOLD,3
NVDA,2026-09-18,460.0,0.01,32685,1302,100.0005,15,217.44000244140625,🚬菸屁股 🔥萬人塚,HOLD,3
COSM,2027-01-15,2.0,0.05,1415,1300,293.750265625,134,0.22789999842643738,🆕新倉暴量 ⚠️IV頂峰 🚬菸屁股,BUY_WATCH,3
OPEN,2027-01-15,5.0,0.25,30149,1270,96.87503124999999,134,3.0399999618530273,🚬菸屁股 🔥萬人塚,HOLD,3
ASTS,2026-11-20,80.0,2.65,5834,1248,86.62122753906249,78,55.79999923706055,🆕新倉暴量,HOLD,3
PLUG,2027-01-15,2.5,0.28,61324,1222,83.59391406249999,134,2.0899999141693115,🚬菸屁股 🔥萬人塚,HOLD,3
RKLB,2026-10-16,90.0,0.76,3641,1196,75.14673291015625,43,62.540000915527344,🚀點火(2.7x) 🚬菸屁股 ⚠️尾段價外(44%),BUY_WATCH,3
SOFI,2026-09-18,25.0,0.03,37794,1160,84.37515624999999,15,17.049999237060547,🚬菸屁股 🔥萬人塚,HOLD,3
NEE,2026-10-16,85.0,1.6,1390,1149,23.75564526367187,43,82.93000030517578,🆕新倉暴量,HOLD,3
IBIT,2026-09-18,65.0,0.01,35494,1143,71.87528125,15,43.7599983215332,🚬菸屁股 🔥萬人塚,HOLD,3
ASTS,2027-01-15,140.0,1.03,2123,1126,93.55475195312499,134,55.79999923706055,🆕新倉暴量,HOLD,3
ONDS,2026-09-18,10.0,0.04,61666,1108,97.6562734375,15,7.039999961853027,🚬菸屁股 🔥萬人塚,HOLD,3
SOFI,2027-01-15,30.0,0.28,77653,1070,63.281617187500004,134,17.049999237060547,🚬菸屁股 🔥萬人塚,HOLD,3
AMZN,2026-09-18,300.0,0.09,35881,1069,35.1568984375,15,254.9199981689453,🚬菸屁股 🔥萬人塚,HOLD,3
WMT,2026-09-18,106.0,2.09,1760,1058,23.99978344726562,15,105.91999816894531,🆕新倉暴量,HOLD,3
RKLB,2026-12-18,90.0,3.27,2044,1016,76.58714819335938,106,62.540000915527344,🆕新倉暴量,HOLD,3
UPST,2026-10-16,25.0,3.65,1284,995,67.62727685546876,43,27.389999389648438,🆕新倉暴量,HOLD,3
RTX,2026-11-20,230.0,2.97,1861,975,28.33323620605468,78,205.16000366210938,🆕新倉暴量,HOLD,3
IBIT,2027-01-15,60.0,0.81,48500,936,44.824770507812495,134,43.7599983215332,🚬菸屁股 🔥萬人塚,HOLD,3
META,2026-09-18,615.0,6.0,2034,905,36.65834826660156,15,578.5399780273438,🆕新倉暴量,HOLD,3
META,2026-09-18,620.0,4.65,3770,886,36.42946871948243,15,578.5399780273438,🆕新倉暴量,HOLD,3
SMR,2027-01-15,7.0,3.04,2223,863,88.37902246093749,134,9.210000038146973,🆕新倉暴量,HOLD,3
VRT,2026-11-20,400.0,2.06,3601,840,60.718166259765624,78,255.97000122070312,🆕新倉暴量,HOLD,3
HIMS,2026-09-18,30.0,1.04,2940,779,67.96907031250001,15,28.440000534057617,🆕新倉暴量,HOLD,3
NNE,2027-01-15,26.0,1.63,827,767,82.76384423828124,134,17.469999313354492,🆕新倉暴量,HOLD,3
WMT,2026-09-18,108.0,1.25,978,757,23.60916235351562,15,105.91999816894531,🆕新倉暴量,HOLD,3
NVDA,2026-09-18,300.0,0.02,36547,755,51.562984375,15,217.44000244140625,🚬菸屁股 🔥萬人塚,HOLD,3
HOOD,2026-10-16,115.0,4.69,2529,738,61.21864953613283,43,103.51000213623047,🆕新倉暴量,HOLD,3
CRWV,2026-09-18,110.0,0.22,63119,734,76.562734375,15,81.8499984741211,🚬菸屁股 🔥萬人塚,HOLD,3
INTC,2026-09-18,125.0,0.07,11855,724,72.26590234375,15,88.97000122070312,🚀點火(3.2x) 🚬菸屁股 ⚠️尾段價外(40%),BUY_WATCH,3
INTC,2026-09-18,120.0,0.12,36655,720,68.35969140625001,15,88.97000122070312,🚬菸屁股 🔥萬人塚,HOLD,3
INTC,2026-10-16,140.0,0.32,7583,717,68.99445068359377,43,88.97000122070312,🚀點火(2.6x) 🚬菸屁股 ⚠️尾段價外(57%),BUY_WATCH,3
ACHR,2027-01-15,10.0,0.24,51025,701,83.98453515624999,134,5.559999942779541,🚬菸屁股 🔥萬人塚,HOLD,3
ONDS,2026-09-18,13.0,0.01,58669,687,112.5004375,15,7.039999961853027,🚬菸屁股 🔥萬人塚,HOLD,3
SOFI,2026-12-18,15.0,3.33,3247,659,59.717199707031256,106,17.049999237060547,🆕新倉暴量,HOLD,3
INTC,2026-09-18,135.0,0.04,31559,652,76.95335546875,15,88.97000122070312,🚬菸屁股 🔥萬人塚,HOLD,3
SOFI,2026-12-18,17.0,2.2,1829,648,57.617611328124994,106,17.049999237060547,🆕新倉暴量,HOLD,3
META,2026-09-18,1020.0,0.01,1211,645,76.562734375,15,578.5399780273438,🆕新倉暴量 🚬菸屁股 ⚠️尾段價外(76%),BUY_WATCH,3
ONDS,2026-12-18,7.0,1.28,2294,609,86.132951171875,106,7.039999961853027,🆕新倉暴量,HOLD,3
IREN,2026-09-18,36.0,3.1,1657,607,79.29708203125,15,36.81999969482422,🆕新倉暴量,HOLD,3
IREN,2026-09-18,35.0,3.63,2483,603,77.929908203125,15,36.81999969482422,🆕新倉暴量,HOLD,3
SMCI,2026-10-16,38.0,3.16,1823,600,73.51100708007812,43,36.709999084472656,🆕新倉暴量,HOLD,3
ONDS,2027-01-15,20.0,0.12,39141,597,100.78174609374999,134,7.039999961853027,🚬菸屁股 🔥萬人塚,HOLD,3
WMT,2026-09-18,107.0,1.6,785,578,23.645783081054685,15,105.91999816894531,🆕新倉暴量,HOLD,3
DKNG,2026-11-20,30.0,0.7,110200,545,57.910577148437504,78,23.440000534057617,🚬菸屁股 🔥萬人塚,HOLD,3
ONDS,2027-01-15,30.0,0.05,81624,534,114.0629296875,134,7.039999961853027,🚬菸屁股 🔥萬人塚,HOLD,3
AMZN,2027-02-19,350.0,3.75,768,524,37.28700408935547,169,254.9199981689453,🆕新倉暴量,HOLD,3
AVGO,2026-09-18,520.0,0.26,4643,515,68.84796777343752,15,369.67999267578125,🚀點火(7.9x) 🚬菸屁股 ⚠️尾段價外(41%),BUY_WATCH,3
OPEN,2028-01-21,5.0,0.97,37334,513,99.41406835937501,505,3.0399999618530273,🔭LEAPS 🔥萬人塚,HOLD,3
AFRM,2026-09-18,70.0,3.45,1126,509,53.63815893554688,15,69.94000244140625,🆕新倉暴量,HOLD,3
AFRM,2026-09-18,75.0,1.4,1544,509,53.54050366210939,15,69.94000244140625,🆕新倉暴量,HOLD,3
RKLB,2026-10-16,75.0,2.25,1634,506,70.26396923828125,43,62.540000915527344,🆕新倉暴量,HOLD,3
CRWD,2026-09-18,240.0,2.55,1875,498,54.61471166992189,15,215.07000732421875,🆕新倉暴量,HOLD,3
SMCI,2026-10-16,40.0,2.45,1388,457,72.3635576171875,43,36.709999084472656,🆕新倉暴量,HOLD,3
U,2026-11-20,50.0,2.0,1983,451,63.208375732421885,78,40.91999816894531,🆕新倉暴量,HOLD,3
META,2026-10-16,1160.0,0.04,1222,443,62.890996093750005,43,578.5399780273438,🆕新倉暴量 🚬菸屁股 ⚠️尾段價外(101%),BUY_WATCH,3
META,2026-10-16,1200.0,0.07,1907,441,68.7503125,43,578.5399780273438,🆕新倉暴量 🚬菸屁股 ⚠️尾段價外(107%),BUY_WATCH,3
HOOD,2026-11-20,140.0,3.36,1253,440,68.06672558593752,78,103.51000213623047,🆕新倉暴量,HOLD,3
RDDT,2026-09-18,150.0,4.5,967,433,53.8212625732422,15,144.63999938964844,🆕新倉暴量,HOLD,3
ZM,2026-10-16,110.0,1.2,836,418,45.97221997070313,43,94.9000015258789,🆕新倉暴量,HOLD,3
NVDA,2026-09-18,310.0,0.02,6161,416,53.906710937500016,15,217.44000244140625,🚀點火(8.9x) 🚬菸屁股 ⚠️尾段價外(43%),BUY_WATCH,3
META,2026-09-18,960.0,0.04,1016,405,72.6565234375,15,578.5399780273438,🆕新倉暴量 🚬菸屁股 ⚠️尾段價外(66%),BUY_WATCH,3
GOOGL,2026-10-16,410.0,0.79,33186,400,34.52213916015625,43,335.0199890136719,🚬菸屁股 🔥萬人塚,HOLD,3
RDDT,2026-10-16,250.0,0.17,1262,385,71.679970703125,43,144.63999938964844,🚀點火(3.0x) 🚬菸屁股 ⚠️尾段價外(73%),BUY_WATCH,3
HOOD,2026-10-16,150.0,0.71,2906,377,65.77182666015625,43,103.51000213623047,🚀點火(3.8x) 🚬菸屁股 ⚠️尾段價外(45%),BUY_WATCH,3
BBAI,2026-09-18,4.0,0.02,35214,371,87.500125,15,2.950000047683716,🚬菸屁股 🔥萬人塚,HOLD,3
GOOGL,2026-09-18,420.0,0.1,5056,366,43.848217773437504,15,335.0199890136719,🚀點火(12.2x) 🚬菸屁股 ⚠️尾段價外(25%),BUY_WATCH,3
IBIT,2026-09-18,60.0,0.03,25285,356,63.281617187500004,15,43.7599983215332,🚀點火(5.0x) 🚬菸屁股 ⚠️尾段價外(37%),BUY_WATCH,3
OPEN,2028-01-21,20.0,3.25,37480,327,50.0005,505,3.0399999618530273,🔭LEAPS 🔥萬人塚,HOLD,3
OPEN,2027-01-15,7.0,0.12,50083,313,105.078599609375,134,3.0399999618530273,🚬菸屁股 🔥萬人塚,HOLD,3
IBIT,2026-09-18,55.0,0.03,35605,230,50.39112109375,15,43.7599983215332,🚬菸屁股 🔥萬人塚,HOLD,3
PCG,2026-09-18,25.0,0.02,138085,221,109.375453125,15,14.0600004196167,🆕低基期(前日Vol1) 🚬菸屁股 🔥萬人塚,HOLD,3
PCG,2026-09-18,23.0,0.05,107030,215,107.81296093750001,15,14.0600004196167,🚬菸屁股 🔥萬人塚,HOLD,3
PCG,2026-09-18,22.0,0.03,120831,210,101.5629921875,15,14.0600004196167,🚬菸屁股 🔥萬人塚,HOLD,3
PCG,2026-09-18,21.0,0.12,90870,189,99.60937890625,15,14.0600004196167,🚀點火(8.6x) 🚬菸屁股 🔥萬人塚 ⚠️尾段價外(49%) ⚠️暴動高IV(100%),BUY_WATCH,3
VST,2026-09-18,200.0,0.03,8544,182,70.312796875,15,138.0800018310547,🚀點火(3.2x) 🚬菸屁股 ⚠️尾段價外(45%),BUY_WATCH,3
PCG,2026-09-18,24.0,0.02,169806,153,110.9379453125,15,14.0600004196167,🚬菸屁股 🔥萬人塚,HOLD,3
IREN,2028-01-21,110.0,5.35,53413,151,92.6636475830078,505,36.81999969482422,🔭LEAPS 🔥萬人塚,HOLD,3
IBIT,2028-06-16,100.0,2.95,31929,146,54.529263305664074,652,43.7599983215332,🔭LEAPS 🔥萬人塚,HOLD,3
NVDA,2026-10-16,290.0,0.14,10344,135,36.6217275390625,43,217.44000244140625,🚀點火(3.2x) 🚬菸屁股 ⚠️尾段價外(33%),BUY_WATCH,3
GOOGL,2026-09-18,430.0,0.08,1985,133,47.1684970703125,15,335.0199890136719,🚀點火(3.5x) 🚬菸屁股 ⚠️尾段價外(28%),BUY_WATCH,3
PLUG,2027-01-15,3.0,0.19,47326,133,87.500125,134,2.0899999141693115,🚬菸屁股 🔥萬人塚,HOLD,3
META,2027-01-15,1250.0,0.46,38403,123,50.586431640624994,134,578.5399780273438,🚬菸屁股 🔥萬人塚,HOLD,3
BBAI,2027-01-15,10.0,0.06,74213,120,113.28168359375002,134,2.950000047683716,🚬菸屁股 🔥萬人塚,HOLD,3
IBIT,2027-01-15,90.0,0.15,34669,118,56.9340244140625,134,43.7599983215332,🆕低基期(前日Vol3) 🚬菸屁股 🔥萬人塚,HOLD,3
NVDA,2026-09-18,360.0,0.01,5553,116,70.312796875,15,217.44000244140625,🚀點火(4.1x) 🚬菸屁股 ⚠️尾段價外(66%),BUY_WATCH,3
OPEN,2028-01-21,7.0,0.72,30887,115,114.64886425781249,505,3.0399999618530273,🔭LEAPS 🔥萬人塚,HOLD,3
NVDA,2028-01-21,300.0,19.52,95930,114,42.566492309570314,505,217.44000244140625,🔭LEAPS 🔥萬人塚,HOLD,3
CRWV,2026-09-18,115.0,0.15,39949,113,79.29708203125,15,81.8499984741211,🚬菸屁股 🔥萬人塚,HOLD,3
SOFI,2026-09-18,32.0,0.01,54506,101,106.25046875000001,15,17.049999237060547,🚬菸屁股 🔥萬人塚,HOLD,3
SHOP,2026-09-18,175.0,0.11,44482,100,53.320779296874996,15,139.82000732421875,🚬菸屁股 🔥萬人塚,HOLD,3
IREN,2026-09-18,65.0,0.06,32387,100,114.84417578124999,15,36.81999969482422,🚬菸屁股 🔥萬人塚,HOLD,3
PCG,2026-09-18,27.0,0.02,44829,100,131.25034374999998,15,14.0600004196167,🆕低基期(前日Vol4) 🚬菸屁股 🔥萬人塚,HOLD,3
PLUG,2027-01-15,5.0,0.05,34357,99,97.6562734375,134,2.0899999141693115,🚬菸屁股 🔥萬人塚,HOLD,3
NVDA,2028-01-21,400.0,7.38,51525,93,42.12399185180664,505,217.44000244140625,🔭LEAPS 🔥萬人塚,HOLD,3
WMT,2026-09-18,140.0,0.02,9582,91,50.0005,15,105.91999816894531,🚀點火(3.6x) 🚬菸屁股 ⚠️尾段價外(32%),BUY_WATCH,3
IBIT,2026-10-16,54.0,0.26,37931,77,43.2622861328125,43,43.7599983215332,🚬菸屁股 🔥萬人塚,HOLD,3
VRT,2026-09-18,330.0,0.16,983,70,54.834436035156266,15,255.97000122070312,🚀點火(2.5x) 🚬菸屁股 ⚠️尾段價外(29%),BUY_WATCH,3
UUUU,2028-01-21,17.0,4.65,36938,63,86.0352958984375,505,14.220000267028809,🆕低基期(前日Vol11) 🔭LEAPS 🔥萬人塚,HOLD,3
AMZN,2026-09-18,330.0,0.01,5531,59,39.8443515625,15,254.9199981689453,🚀點火(2.8x) 🚬菸屁股 ⚠️尾段價外(29%),BUY_WATCH,3
UPST,2026-09-18,37.5,0.05,2139,57,75.7814921875,15,27.389999389648438,🚀點火(2.6x) 🚬菸屁股 ⚠️尾段價外(37%),BUY_WATCH,3
NVDA,2027-01-15,340.0,0.76,73187,55,39.47814428710938,134,217.44000244140625,🚬菸屁股 🔥萬人塚,HOLD,3
OPEN,2027-01-15,10.0,0.06,36779,37,117.1879140625,134,3.0399999618530273,🚬菸屁股 🔥萬人塚,HOLD,3
PLUG,2028-01-21,3.0,0.62,40505,31,90.429783203125,505,2.0899999141693115,🔭LEAPS 🔥萬人塚,HOLD,3
SHOP,2026-09-18,195.0,0.03,82648,26,62.500375000000005,15,139.82000732421875,🆕低基期(前日Vol1) 🚬菸屁股 🔥萬人塚,HOLD,3
PCG,2026-09-18,17.5,0.14,42946,20,80.4689453125,15,14.0600004196167,🚬菸屁股 🔥萬人塚,HOLD,3
TSLA,2027-01-15,960.0,0.61,111357,18,67.28548339843752,134,356.0899963378906,🚬菸屁股 🔥萬人塚,HOLD,3
IBIT,2028-01-21,140.0,0.8,31200,12,56.61664477539063,505,43.7599983215332,🔭LEAPS 🔥萬人塚,HOLD,3
PCG,2027-01-15,25.0,0.05,31135,10,52.3442265625,134,14.0600004196167,🚬菸屁股 🔥萬人塚,HOLD,3
RUN,2026-09-18,15.0,0.03,30325,10,106.25046875000001,15,8.369999885559082,🚬菸屁股 🔥萬人塚,HOLD,3
META,2027-01-15,1430.0,0.23,45763,9,53.78464184570313,134,578.5399780273438,🚬菸屁股 🔥萬人塚,HOLD,3
UUUU,2028-01-21,30.0,2.52,39473,5,85.81557153320311,505,14.220000267028809,🔭LEAPS 🔥萬人塚,HOLD,3
DIS,2028-01-21,150.0,4.2,33639,4,31.201859863281246,505,106.22000122070312,🔭LEAPS 🔥萬人塚,HOLD,3
TSLA,2026-09-18,990.0,0.01,43118,2,128.125359375,15,356.0899963378906,🚬菸屁股 🔥萬人塚,HOLD,3
TSLA,2027-01-15,940.0,0.65,93429,1,66.74837939453127,134,356.0899963378906,🚬菸屁股 🔥萬人塚,HOLD,3
AAPL,2026-09-04,320.0,6.55,14646,29095,30.542686767578125,1,325.1300048828125,🎲末日結算 🚨異常掃貨 🏛️機構場,GAMBLE,2
AAPL,2026-09-18,325.0,7.65,22171,9160,27.460442199707035,15,325.1300048828125,🆕新倉暴量 🏛️機構場,HOLD,2
AAPL,2026-09-18,350.0,0.86,42042,8596,26.428958374023438,15,325.1300048828125,🚬菸屁股 🔥萬人塚 🏛️機構場,HOLD,2
NVDA,2026-09-18,240.0,0.51,68632,8256,31.690136230468745,15,217.44000244140625,🚬菸屁股 🔥萬人塚 🏛️機構場,HOLD,2
NVDA,2027-01-15,260.0,6.73,48600,8118,37.87293572998046,134,217.44000244140625,🔥萬人塚,HOLD,2
NVDA,2026-09-18,235.0,0.93,41007,8011,31.214066772460935,15,217.44000244140625,🚬菸屁股 🔥萬人塚 🏛️機構場,HOLD,2
SMCI,2026-09-04,39.0,0.46,16582,6970,94.14068359375,1,36.709999084472656,🎲末日結算 🆕新倉暴量 🚬菸屁股 ⚠️暴動高IV(94%),GAMBLE,2
MSTR,2026-09-04,140.0,0.41,24837,6858,91.1133701171875,1,124.87999725341797,🎲末日結算 🆕新倉暴量 🚬菸屁股 ⚠️暴動高IV(91%),GAMBLE,2
SMCI,2026-09-04,40.0,0.28,6524,6265,95.312546875,1,36.709999084472656,🎲末日結算 🆕新倉暴量 🚬菸屁股 ⚠️暴動高IV(95%),GAMBLE,2
INTC,2026-09-18,100.0,1.14,54466,6157,58.39885351562499,15,88.97000122070312,🔥萬人塚,HOLD,2
OPEN,2026-09-04,3.5,0.01,9796,6061,93.7500625,1,3.0399999618530273,🎲末日結算 🆕新倉暴量 🚬菸屁股 ⚠️暴動高IV(94%),GAMBLE,2
NVDA,2026-09-18,250.0,0.18,87845,5759,34.0826904296875,15,217.44000244140625,🚬菸屁股 🔥萬人塚 🏛️機構場,HOLD,2
AAPL,2026-09-18,345.0,1.39,11020,5337,26.050544189453124,15,325.1300048828125,🆕新倉暴量 🏛️機構場,HOLD,2
AAPL,2026-10-16,350.0,3.25,13128,3986,25.10450872802734,43,325.1300048828125,🆕新倉暴量 🏛️機構場,HOLD,2
AAPL,2026-11-20,325.0,17.49,5583,3705,29.227392303466782,78,325.1300048828125,🆕新倉暴量 🏛️機構場,HOLD,2
NVDA,2026-09-18,245.0,0.29,36537,3632,32.617861328124995,15,217.44000244140625,🚬菸屁股 🔥萬人塚 🏛️機構場,HOLD,2
SOFI,2027-01-15,20.0,1.37,89967,3558,57.86174951171875,134,17.049999237060547,🔥萬人塚,HOLD,2
MSFT,2026-09-18,510.0,6.61,15959,3472,24.81764636230469,15,501.0199890136719,🆕新倉暴量 🏛️機構場,HOLD,2
AAPL,2026-10-16,340.0,5.75,13708,3327,25.51954364013672,43,325.1300048828125,🆕新倉暴量 🏛️機構場,HOLD,2
DELL,2026-09-04,600.0,0.25,966,3014,161.9142529296875,1,425.0,🎲末日結算 🚨異常掃貨 🆕新倉暴量 ⚠️IV頂峰 🚬菸屁股 ⚠️暴動高IV(162%),GAMBLE,2
MSTR,2026-09-04,150.0,0.12,6106,2979,100.78174609374999,1,124.87999725341797,🎲末日結算 🆕新倉暴量 🚬菸屁股 ⚠️暴動高IV(101%),GAMBLE,2
AAPL,2026-10-16,325.0,12.05,9035,2956,26.984372741699215,43,325.1300048828125,🆕新倉暴量 🏛️機構場,HOLD,2
XYZ,2026-09-04,91.0,0.03,2808,2736,80.07832421875,1,77.87999725341797,🎲末日結算 🆕新倉暴量 🚬菸屁股 ⚠️暴動高IV(80%),GAMBLE,2
NBIS,2026-09-04,220.0,0.94,3549,2689,89.01378173828124,1,199.5399932861328,🎲末日結算 🆕新倉暴量 🚬菸屁股 ⚠️暴動高IV(89%),GAMBLE,2
IBIT,2027-01-15,50.0,2.4,56133,2627,43.40876904296876,134,43.7599983215332,🔥萬人塚,HOLD,2
AAPL,2026-10-16,320.0,14.93,12103,2605,27.600821655273432,43,325.1300048828125,🆕新倉暴量 🏛️機構場,HOLD,2
PATH,2026-09-04,19.0,0.96,1675,2318,196.09376953125,1,18.139999389648438,🎲末日結算 🚨異常掃貨 🆕新倉暴量 ⚠️IV頂峰 🚬菸屁股 ⚠️暴動高IV(196%),GAMBLE,2
NVDA,2026-12-18,220.0,17.35,58651,2209,39.368282104492195,106,217.44000244140625,🔥萬人塚,HOLD,2
GOOGL,2026-10-16,375.0,2.68,65330,2064,30.34127276611328,43,335.0199890136719,🔥萬人塚,HOLD,2
SMR,2026-09-04,10.0,0.05,8263,2000,85.937640625,1,9.210000038146973,🎲末日結算 🆕新倉暴量 🚬菸屁股 ⚠️暴動高IV(86%),GAMBLE,2
PATH,2026-09-04,20.0,0.63,1400,1879,197.26563867187502,1,18.139999389648438,🎲末日結算 🚨異常掃貨 🆕新倉暴量 ⚠️IV頂峰 🚬菸屁股 ⚠️暴動高IV(197%),GAMBLE,2
SMCI,2026-09-04,45.0,0.03,4298,1829,109.375453125,1,36.709999084472656,🎲末日結算 🆕新倉暴量 🚬菸屁股 ⚠️暴動高IV(109%),GAMBLE,2
RKLB,2026-09-04,70.0,0.12,2693,1797,80.85956640625,1,62.540000915527344,🎲末日結算 🆕新倉暴量 🚬菸屁股 ⚠️暴動高IV(81%),GAMBLE,2
NVDA,2027-01-15,300.0,2.13,64822,1708,37.81800463867187,134,217.44000244140625,🔥萬人塚,HOLD,2
NBIS,2026-09-04,225.0,0.59,2041,1689,90.96688720703125,1,199.5399932861328,🎲末日結算 🆕新倉暴量 🚬菸屁股 ⚠️暴動高IV(91%),GAMBLE,2
SMR,2026-09-04,9.5,0.17,3268,1662,86.7188828125,1,9.210000038146973,🎲末日結算 🆕新倉暴量 🚬菸屁股 ⚠️暴動高IV(87%),GAMBLE,2
IREN,2026-09-04,39.0,0.44,5922,1604,89.64854101562499,1,36.81999969482422,🎲末日結算 🆕新倉暴量 🚬菸屁股 ⚠️暴動高IV(90%),GAMBLE,2
NVDA,2026-11-20,250.0,4.85,31761,1555,37.48231463623046,78,217.44000244140625,🔥萬人塚,HOLD,2
AVGO,2026-09-04,500.0,0.08,3234,1519,128.51598242187498,1,369.67999267578125,🎲末日結算 🆕新倉暴量 🚬菸屁股 ⚠️暴動高IV(129%),GAMBLE,2
NVDA,2026-12-18,300.0,1.27,37624,1508,37.62269409179687,106,217.44000244140625,🔥萬人塚,HOLD,2
AVGO,2026-09-04,440.0,0.87,7278,1500,116.60197949218751,1,369.67999267578125,🎲末日結算 🆕新倉暴量 🚬菸屁股 ⚠️暴動高IV(117%),GAMBLE,2
HIMS,2026-09-04,32.0,0.07,5258,1428,85.1563984375,1,28.440000534057617,🎲末日結算 🆕新倉暴量 🚬菸屁股 ⚠️暴動高IV(85%),GAMBLE,2
CRWV,2026-09-04,100.0,0.02,4726,1366,94.5313046875,1,81.8499984741211,🎲末日結算 🆕新倉暴量 🚬菸屁股 ⚠️暴動高IV(95%),GAMBLE,2
TSLA,2027-01-15,400.0,24.0,35572,1348,46.47880670166016,134,356.0899963378906,🔥萬人塚,HOLD,2
SMCI,2026-09-04,40.5,0.22,1462,1300,99.60937890625,1,36.709999084472656,🎲末日結算 🆕新倉暴量 🚬菸屁股 ⚠️暴動高IV(100%),GAMBLE,2
CRWD,2026-09-04,250.0,0.13,2376,1295,80.85956640625,1,215.07000732421875,🎲末日結算 🆕新倉暴量 🚬菸屁股 ⚠️暴動高IV(81%),GAMBLE,2
SMCI,2026-09-04,42.0,0.12,2631,1276,100.39112304687498,1,36.709999084472656,🎲末日結算 🆕新倉暴量 🚬菸屁股 ⚠️暴動高IV(100%),GAMBLE,2
NVDA,2026-12-18,250.0,6.86,36553,1178,37.47010772705078,106,217.44000244140625,🔥萬人塚,HOLD,2
NVDA,2027-01-15,250.0,8.8,59311,1154,38.172005004882806,134,217.44000244140625,🔥萬人塚,HOLD,2
NBIS,2026-09-04,235.0,0.25,1505,1098,97.85158398437501,1,199.5399932861328,🎲末日結算 🆕新倉暴量 🚬菸屁股 ⚠️暴動高IV(98%),GAMBLE,2
IREN,2026-09-04,42.0,0.09,2829,1017,94.5313046875,1,36.81999969482422,🎲末日結算 🆕新倉暴量 🚬菸屁股 ⚠️暴動高IV(95%),GAMBLE,2
SMCI,2026-09-04,39.5,0.33,1214,992,95.507857421875,1,36.709999084472656,🎲末日結算 🆕新倉暴量 🚬菸屁股 ⚠️暴動高IV(96%),GAMBLE,2
HIMS,2026-09-04,34.0,0.04,2493,946,104.68797656250001,1,28.440000534057617,🎲末日結算 🆕新倉暴量 🚬菸屁股 ⚠️暴動高IV(105%),GAMBLE,2
ASTS,2026-09-04,70.0,0.04,3284,938,115.625421875,1,55.79999923706055,🎲末日結算 🆕新倉暴量 🚬菸屁股 ⚠️暴動高IV(116%),GAMBLE,2
NVDA,2027-01-15,270.0,5.08,30389,899,37.76917700195312,134,217.44000244140625,🔥萬人塚,HOLD,2
ASTS,2026-09-04,61.0,0.26,1222,892,83.007982421875,1,55.79999923706055,🎲末日結算 🆕新倉暴量 🚬菸屁股 ⚠️暴動高IV(83%),GAMBLE,2
SMCI,2026-09-04,43.0,0.09,2715,868,103.12548437500001,1,36.709999084472656,🎲末日結算 🆕新倉暴量 🚬菸屁股 ⚠️暴動高IV(103%),GAMBLE,2
HIMS,2026-09-04,29.5,0.41,811,856,80.27363476562499,1,28.440000534057617,🎲末日結算 🆕新倉暴量 🚬菸屁股 ⚠️暴動高IV(80%),GAMBLE,2
PCG,2026-09-04,16.5,0.02,1935,840,126.56286718749999,1,14.0600004196167,🎲末日結算 🆕新倉暴量 🚬菸屁股 ⚠️暴動高IV(127%),GAMBLE,2
AMZN,2026-11-20,295.0,5.0,31343,705,36.780417358398445,78,254.9199981689453,🔥萬人塚,HOLD,2
AVGO,2026-10-16,440.0,5.7,31263,700,49.774672180175784,43,369.67999267578125,🔥萬人塚,HOLD,2
NVDA,2027-01-15,240.0,11.8,44420,693,38.56567782592772,134,217.44000244140625,🔥萬人塚,HOLD,2
NVDA,2026-12-18,280.0,2.46,31190,675,37.28090063476562,106,217.44000244140625,🔥萬人塚,HOLD,2
IREN,2026-09-04,39.5,0.35,3291,674,91.60164648437501,1,36.81999969482422,🎲末日結算 🆕新倉暴量 🚬菸屁股 ⚠️暴動高IV(92%),GAMBLE,2
ASTS,2026-09-04,64.0,0.09,1090,665,91.211025390625,1,55.79999923706055,🎲末日結算 🆕新倉暴量 🚬菸屁股 ⚠️暴動高IV(91%),GAMBLE,2
OKLO,2026-09-04,43.0,0.13,812,655,89.64854101562499,1,38.529998779296875,🎲末日結算 🆕新倉暴量 🚬菸屁股 ⚠️暴動高IV(90%),GAMBLE,2
IBIT,2026-09-18,40.0,4.11,68141,604,49.1216025390625,15,43.7599983215332,🔥萬人塚,HOLD,2
OKLO,2026-09-04,41.0,0.35,759,519,85.54701953125,1,38.529998779296875,🎲末日結算 🆕新倉暴量 🚬菸屁股 ⚠️暴動高IV(86%),GAMBLE,2
IBIT,2026-09-18,42.0,2.5,33114,456,41.79745703125,15,43.7599983215332,🔥萬人塚,HOLD,2
NVDA,2026-09-18,200.0,18.85,40864,434,41.04062866210938,15,217.44000244140625,🔥萬人塚,HOLD,2
IONQ,2026-09-04,44.0,0.06,1410,425,111.71919140624999,1,37.779998779296875,🎲末日結算 🆕新倉暴量 🚬菸屁股 ⚠️暴動高IV(112%),GAMBLE,2
ASTS,2026-09-04,62.0,0.18,1145,407,84.57046679687498,1,55.79999923706055,🎲末日結算 🆕新倉暴量 🚬菸屁股 ⚠️暴動高IV(85%),GAMBLE,2
NVDA,2027-01-15,290.0,2.87,39252,349,37.976694458007806,134,217.44000244140625,🔥萬人塚,HOLD,2
NVDA,2027-01-15,280.0,3.75,32884,299,37.73255627441406,134,217.44000244140625,🔥萬人塚,HOLD,2
NVDA,2027-01-15,210.0,25.0,40776,241,41.17490466308594,134,217.44000244140625,🔥萬人塚,HOLD,2
NVDA,2026-09-18,195.0,23.33,80481,96,44.946839599609376,15,217.44000244140625,🔥萬人塚,HOLD,2
NVDA,2026-12-18,200.0,28.35,49494,90,42.57869921875,106,217.44000244140625,🔥萬人塚,HOLD,2
MSTR,2026-09-18,100.0,26.55,36203,62,81.05487695312499,15,124.87999725341797,🔥萬人塚,HOLD,2
SHOP,2026-10-16,135.0,11.9,45912,35,50.989259643554696,43,139.82000732421875,🆕低基期(前日Vol10) 🔥萬人塚,HOLD,2
INTC,2026-12-18,70.0,23.33,49988,16,66.88265539550781,106,88.97000122070312,🔥萬人塚,HOLD,2
INTC,2026-11-20,70.0,21.9,78182,10,67.773759765625,78,88.97000122070312,🆕低基期(前日Vol3) 🔥萬人塚,HOLD,2
NVDA,2026-09-04,240.0,0.04,49081,32529,48.04739453125,1,217.44000244140625,🎲末日結算 🚬菸屁股 🔥萬人塚,HOLD,1
NVDA,2026-09-04,235.0,0.06,84063,32035,42.383388671875,1,217.44000244140625,🎲末日結算 🚬菸屁股 🔥萬人塚,HOLD,1
PCG,2026-12-18,15.0,0.99,14290,16122,48.48684326171875,106,14.0600004196167,🚬菸屁股,HOLD,1
NVDA,2026-09-18,230.0,1.7,59352,15085,31.17744604492187,15,217.44000244140625,🔥萬人塚 🏛️機構場,HOLD,1
NVDA,2026-09-18,220.0,4.85,48097,13161,32.37372314453124,15,217.44000244140625,🔥萬人塚 🏛️機構場,HOLD,1
AAPL,2026-09-18,330.0,5.3,32211,12530,26.905027832031248,15,325.1300048828125,🔥萬人塚 🏛️機構場,HOLD,1
INTC,2026-09-04,90.0,1.56,16383,11571,63.47692773437501,1,88.97000122070312,🎲末日結算 🆕新倉暴量,HOLD,1
IBIT,2026-09-04,40.0,3.4,12324,10728,69.14093359375,1,43.7599983215332,🎲末日結算 🆕新倉暴量,HOLD,1
NVDA,2026-09-04,215.0,4.25,10097,10435,38.67248828125,1,217.44000244140625,🎲末日結算 🆕新倉暴量,HOLD,1
AAPL,2026-09-18,320.0,10.56,34283,8356,28.339339660644526,15,325.1300048828125,🔥萬人塚 🏛️機構場,HOLD,1
IBIT,2027-01-15,85.0,0.18,17999,8300,54.394987304687504,134,43.7599983215332,🆕低基期(前日Vol10) 🚬菸屁股,HOLD,1
NVDA,2026-09-04,210.0,8.2,6733,7432,44.19001123046875,1,217.44000244140625,🎲末日結算 🆕新倉暴量,HOLD,1
NVDA,2026-09-18,225.0,2.97,46870,7326,32.031929687499996,15,217.44000244140625,🔥萬人塚 🏛️機構場,HOLD,1
TSLA,2026-09-18,450.0,0.41,15194,7292,54.810022216796895,15,356.0899963378906,🚬菸屁股,HOLD,1
NVDA,2026-10-16,220.0,9.21,110781,6487,34.38786315917969,43,217.44000244140625,🔥萬人塚 🏛️機構場,HOLD,1
INTC,2026-09-04,88.0,2.55,9531,6119,63.52575537109376,1,88.97000122070312,🎲末日結算 🆕新倉暴量,HOLD,1
MSFT,2026-09-18,525.0,2.55,30162,5841,24.01809381103515,15,501.0199890136719,🔥萬人塚 🏛️機構場,HOLD,1
PCG,2026-09-18,15.0,0.45,5846,5787,73.24245507812499,15,14.0600004196167,🚬菸屁股,HOLD,1
NVDA,2026-10-16,240.0,2.85,40046,5675,32.91693060302734,43,217.44000244140625,🔥萬人塚 🏛️機構場,HOLD,1
SOFI,2026-09-18,18.0,0.36,17235,5504,50.586431640624994,15,17.049999237060547,🚬菸屁股,HOLD,1
AMZN,2026-10-16,300.0,0.91,18502,5385,31.238480590820306,43,254.9199981689453,🚬菸屁股,HOLD,1
SOFI,2026-10-16,20.0,0.35,26273,5092,52.05126074218749,43,17.049999237060547,🚬菸屁股,HOLD,1
DELL,2026-09-04,500.0,4.15,2446,5072,156.59201391601562,1,425.0,🎲末日結算 🚨異常掃貨 🆕新倉暴量 ⚠️IV頂峰 ⚠️暴動高IV(157%),GAMBLE,1
NVDA,2026-10-16,250.0,1.46,62866,4855,32.80096496582031,43,217.44000244140625,🔥萬人塚 🏛️機構場,HOLD,1
TSLA,2026-09-04,372.5,1.38,8699,3824,50.098155273437506,1,356.0899963378906,🎲末日結算 🆕新倉暴量,HOLD,1
SMCI,2026-09-04,41.0,0.17,33435,3758,98.437515625,1,36.709999084472656,🎲末日結算 🚬菸屁股 🔥萬人塚,HOLD,1
PLTR,2026-09-04,180.0,3.51,8846,3721,55.15181567382813,1,179.9199981689453,🎲末日結算 🆕新倉暴量,HOLD,1
ONDS,2026-09-18,8.0,0.15,7771,3661,74.2190078125,15,7.039999961853027,🚬菸屁股,HOLD,1
NVDA,2026-10-16,230.0,5.3,40870,3375,33.55168988037109,43,217.44000244140625,🔥萬人塚 🏛️機構場,HOLD,1
NVDA,2026-09-18,390.0,0.01,8800,3109,81.2501875,15,217.44000244140625,🚀點火(42.0x) 🚬菸屁股 ⚠️尾段價外(79%) ⚠️暴動高IV(81%),BUY_WATCH,1
SOFI,2026-09-18,19.0,0.17,27126,3108,51.562984375,15,17.049999237060547,🚬菸屁股,HOLD,1
SMCI,2026-09-04,38.5,0.58,30680,3080,94.14068359375,1,36.709999084472656,🎲末日結算 🚬菸屁股 🔥萬人塚,HOLD,1
ASTS,2026-10-16,95.0,0.43,6325,2748,89.84385156249999,43,55.79999923706055,🚀點火(24.8x) 🚬菸屁股 ⚠️尾段價外(70%) ⚠️暴動高IV(90%),BUY_WATCH,1
ONDS,2026-12-18,26.0,0.13,2260,2617,132.81283593749998,106,7.039999961853027,🚬菸屁股,HOLD,1
INTC,2026-11-20,180.0,0.46,7873,2606,76.22094091796876,78,88.97000122070312,🚬菸屁股,HOLD,1
META,2026-09-04,605.0,1.44,7548,2562,43.79939013671875,1,578.5399780273438,🎲末日結算 🆕新倉暴量,HOLD,1
NVDA,2026-09-18,215.0,7.46,31238,2496,33.60662097167969,15,217.44000244140625,🔥萬人塚 🏛️機構場,HOLD,1
GOOGL,2026-12-18,560.0,0.45,2600,2424,44.14118359375,106,335.0199890136719,🚬菸屁股,HOLD,1
SOFI,2026-10-16,19.0,0.54,9368,2389,51.07470800781251,43,17.049999237060547,🚬菸屁股,HOLD,1
MU,2026-09-04,1025.0,1.15,3305,2302,62.671271728515634,1,933.4400024414062,🎲末日結算 🆕新倉暴量,HOLD,1
IBIT,2026-09-18,46.0,0.61,26402,2174,39.16076464843749,15,43.7599983215332,🚬菸屁股,HOLD,1
NVDA,2026-09-18,255.0,0.12,17466,2121,35.742830078124996,15,217.44000244140625,🚬菸屁股,HOLD,1
IBIT,2026-12-18,63.0,0.43,5133,2060,45.94780615234375,106,43.7599983215332,🚬菸屁股,HOLD,1
AMZN,2026-09-18,275.0,0.88,19912,2054,29.10227148437499,15,254.9199981689453,🚬菸屁股,HOLD,1
AMZN,2026-09-18,285.0,0.31,17357,2030,30.713583496093744,15,254.9199981689453,🚬菸屁股,HOLD,1
SMR,2026-11-20,25.0,0.08,2799,1970,101.5629921875,78,9.210000038146973,🆕低基期(前日Vol10) 🚬菸屁股,HOLD,1
ASTS,2026-09-18,85.0,0.13,5113,1958,101.7583037109375,15,55.79999923706055,🚬菸屁股,HOLD,1
ONDS,2026-12-18,10.0,0.52,19013,1953,87.695435546875,106,7.039999961853027,🚬菸屁股,HOLD,1
SOUN,2026-10-16,10.0,0.11,15358,1914,81.2501875,43,6.849999904632568,🚀點火(9.1x) 🚬菸屁股 ⚠️尾段價外(46%) ⚠️暴動高IV(81%),BUY_WATCH,1
DELL,2026-09-04,520.0,2.3,1054,1887,156.39670239257813,1,425.0,🎲末日結算 🚨異常掃貨 🆕新倉暴量 ⚠️IV頂峰 ⚠️暴動高IV(156%),GAMBLE,1
INTC,2026-10-16,130.0,0.53,24330,1865,66.30893066406252,43,88.97000122070312,🚬菸屁股,HOLD,1
SMR,2026-11-20,20.0,0.15,4935,1849,111.5238798828125,78,9.210000038146973,🚬菸屁股,HOLD,1
META,2026-09-04,610.0,1.0,1792,1828,44.80035668945312,1,578.5399780273438,🎲末日結算 🆕新倉暴量,HOLD,1
SOFI,2026-10-16,25.0,0.08,12072,1793,64.062859375,43,17.049999237060547,🚬菸屁股,HOLD,1
GOOGL,2026-09-18,370.0,0.57,10285,1735,29.90792749023437,15,335.0199890136719,🚬菸屁股,HOLD,1
IREN,2026-09-18,50.0,0.19,28992,1706,88.08605664062499,15,36.81999969482422,🚬菸屁股,HOLD,1
CRWV,2026-09-18,100.0,0.65,13432,1646,71.72879833984375,15,81.8499984741211,🚬菸屁股,HOLD,1
NBIS,2026-09-18,230.0,4.37,2974,1618,80.29804858398437,15,199.5399932861328,🆕新倉暴量 ⚠️暴動高IV(80%),HOLD,1
IREN,2026-09-18,45.0,0.47,14351,1613,81.93377441406248,15,36.81999969482422,🚬菸屁股,HOLD,1
SOFI,2026-11-20,20.0,0.86,20352,1598,58.057060058593756,78,17.049999237060547,🚬菸屁股,HOLD,1
GOOG,2026-10-16,415.0,0.63,6964,1567,35.901519897460936,43,332.0299987792969,🚬菸屁股,HOLD,1
VST,2026-09-04,136.0,3.29,1527,1561,48.828636718750005,1,138.0800018310547,🎲末日結算 🆕新倉暴量,HOLD,1
OPEN,2026-09-18,4.0,0.02,16719,1551,90.62509374999999,15,3.0399999618530273,🚬菸屁股,HOLD,1
MU,2026-09-04,1010.0,1.95,3517,1520,61.072166625976585,1,933.4400024414062,🎲末日結算 🆕新倉暴量,HOLD,1
AMZN,2026-09-18,290.0,0.22,24286,1470,31.836619140624993,15,254.9199981689453,🚬菸屁股,HOLD,1
SOUN,2026-10-16,8.0,0.28,12949,1463,68.16438085937502,43,6.849999904632568,🚬菸屁股,HOLD,1
WMT,2026-09-04,103.0,3.17,3155,1429,41.79745703125,1,105.91999816894531,🎲末日結算 🆕新倉暴量,HOLD,1
MSFT,2026-10-16,550.0,3.45,54217,1423,25.81861291503906,43,501.0199890136719,🔥萬人塚 🏛️機構場,HOLD,1
ONDS,2028-01-21,10.0,2.27,21914,1391,94.6289599609375,505,7.039999961853027,🔭LEAPS,HOLD,1
OPEN,2026-09-18,3.5,0.06,2649,1381,75.00025000000001,15,3.0399999618530273,🚬菸屁股,HOLD,1
WMT,2026-09-18,115.0,0.16,13309,1363,25.489026367187506,15,105.91999816894531,🚬菸屁股,HOLD,1
ACHR,2026-10-16,7.0,0.15,15256,1311,72.07059179687501,43,5.559999942779541,🚬菸屁股,HOLD,1
OPEN,2026-10-16,5.0,0.04,8186,1305,92.9688203125,43,3.0399999618530273,🚬菸屁股,HOLD,1
ONDS,2026-09-18,9.0,0.05,21564,1299,82.81267187499999,15,7.039999961853027,🚬菸屁股,HOLD,1
IBIT,2026-09-18,47.0,0.41,16842,1297,39.3560751953125,15,43.7599983215332,🚬菸屁股,HOLD,1
HOOD,2026-09-18,130.0,0.38,6640,1291,66.60189648437502,15,103.51000213623047,🚬菸屁股,HOLD,1
TSLA,2026-09-18,420.0,0.88,16501,1275,47.51029052734375,15,356.0899963378906,🚬菸屁股,HOLD,1
NBIS,2026-09-18,280.0,0.78,4696,1272,90.52743847656251,15,199.5399932861328,🆕新倉暴量 🚬菸屁股 ⚠️尾段價外(40%) ⚠️暴動高IV(91%),BUY_WATCH,1
NBIS,2026-09-18,290.0,0.58,3086,1264,92.8711650390625,15,199.5399932861328,🚀點火(7.9x) 🚬菸屁股 ⚠️尾段價外(45%) ⚠️暴動高IV(93%),BUY_WATCH,1
MU,2026-09-04,1020.0,1.3,1166,1233,61.914443359375014,1,933.4400024414062,🎲末日結算 🆕新倉暴量,HOLD,1
DELL,2026-09-18,550.0,3.4,1044,1226,86.4137100830078,15,425.0,🆕新倉暴量 ⚠️暴動高IV(86%),HOLD,1
AVGO,2026-09-18,700.0,0.03,1375,1214,94.5313046875,15,369.67999267578125,🚀點火(27.6x) 🚬菸屁股 ⚠️尾段價外(89%) ⚠️暴動高IV(95%),BUY_WATCH,1
XYZ,2026-09-18,90.0,0.16,15326,1213,42.57869921875,15,77.87999725341797,🚬菸屁股,HOLD,1
ONDS,2026-09-18,8.5,0.09,1953,1212,79.29708203125,15,7.039999961853027,🚬菸屁股,HOLD,1
SOFI,2026-09-18,21.0,0.07,16997,1196,62.109753906250006,15,17.049999237060547,🚬菸屁股,HOLD,1
ONDS,2026-10-16,10.0,0.13,8444,1196,82.0314296875,43,7.039999961853027,🚬菸屁股,HOLD,1
ZM,2026-11-20,130.0,0.84,7083,1188,49.63429272460938,78,94.9000015258789,🚬菸屁股,HOLD,1
SOFI,2026-09-18,17.0,0.75,14156,1182,49.414568359375004,15,17.049999237060547,🚬菸屁股,HOLD,1
MU,2026-09-04,990.0,3.55,1189,1179,59.24113024902344,1,933.4400024414062,🎲末日結算 🆕新倉暴量,HOLD,1
OKLO,2026-09-18,50.0,0.22,9768,1164,80.27363476562499,15,38.529998779296875,🚬菸屁股,HOLD,1
PLTR,2026-09-18,220.0,0.28,12779,1151,50.29346582031251,15,179.9199981689453,🚬菸屁股,HOLD,1
ONDS,2026-12-18,8.0,0.93,14007,1138,84.57046679687498,106,7.039999961853027,🚬菸屁股,HOLD,1
NVDA,2026-09-18,210.0,10.6,66611,1115,34.815104980468746,15,217.44000244140625,🔥萬人塚 🏛️機構場,HOLD,1
IREN,2026-10-16,70.0,0.21,6461,1087,97.26565234374999,43,36.81999969482422,🚀點火(12.1x) 🚬菸屁股 ⚠️尾段價外(90%) ⚠️暴動高IV(97%),BUY_WATCH,1
SOFI,2028-01-21,15.0,6.0,27434,1081,67.9934841308594,505,17.049999237060547,🔭LEAPS,HOLD,1
SOFI,2026-09-18,18.5,0.25,1324,1060,50.19581054687501,15,17.049999237060547,🚬菸屁股,HOLD,1
SMR,2026-09-18,11.0,0.14,9253,1057,79.687703125,15,9.210000038146973,🚬菸屁股,HOLD,1
ONDS,2026-11-20,10.0,0.39,2654,1055,87.10950390625,78,7.039999961853027,🚬菸屁股,HOLD,1
ONDS,2027-01-15,9.0,0.85,13655,1047,85.4493642578125,134,7.039999961853027,🚬菸屁股,HOLD,1
OPEN,2026-11-20,4.0,0.22,13647,1041,91.01571484374999,78,3.0399999618530273,🚬菸屁股,HOLD,1
NVDA,2028-01-21,380.0,8.9,8598,1027,42.05990557861329,505,217.44000244140625,🆕低基期(前日Vol8) 🔭LEAPS,HOLD,1
SMCI,2026-09-18,45.0,0.33,16185,1023,75.195560546875,15,36.709999084472656,🚬菸屁股,HOLD,1
AMZN,2026-09-18,370.0,0.03,6987,1016,60.547269531250016,15,254.9199981689453,🚬菸屁股,HOLD,1
TSLA,2026-09-18,490.0,0.24,5919,1001,65.38120556640627,15,356.0899963378906,🚬菸屁股,HOLD,1
AAPL,2026-09-18,400.0,0.02,13037,995,35.547519531249996,15,325.1300048828125,🚬菸屁股,HOLD,1
JOBY,2028-01-21,10.0,1.68,16918,992,83.54508642578124,505,6.690000057220459,🔭LEAPS,HOLD,1
SOFI,2026-10-16,21.0,0.25,7037,982,53.906710937500016,43,17.049999237060547,🚬菸屁股,HOLD,1
GOOGL,2026-11-20,800.0,0.14,6573,975,68.26203613281253,78,335.0199890136719,🆕低基期(前日Vol4) 🚬菸屁股,HOLD,1
AAPL,2027-01-15,320.0,25.87,36580,969,30.075772491455076,134,325.1300048828125,🔥萬人塚 🏛️機構場,HOLD,1
ONDS,2026-12-18,17.0,0.11,2217,967,97.6562734375,106,7.039999961853027,🚬菸屁股,HOLD,1
WMT,2026-12-18,135.0,0.47,5659,962,29.41965112304687,106,105.91999816894531,🚬菸屁股,HOLD,1
ASTS,2026-09-18,70.0,0.45,7233,954,79.29708203125,15,55.79999923706055,🚬菸屁股,HOLD,1
ONDS,2028-01-21,7.0,3.0,16689,929,95.01958105468748,505,7.039999961853027,🔭LEAPS,HOLD,1
WMT,2026-09-18,111.0,0.51,1078,917,24.95192236328125,15,105.91999816894531,🚬菸屁股,HOLD,1
APP,2026-09-18,400.0,0.58,2639,907,62.500375000000005,15,311.739990234375,🚬菸屁股,HOLD,1
ONDS,2026-10-16,11.0,0.09,6772,905,86.7188828125,43,7.039999961853027,🚬菸屁股,HOLD,1
DKNG,2027-01-15,50.0,0.1,15085,896,60.35195898437502,134,23.440000534057617,🚬菸屁股,HOLD,1
SOFI,2026-09-18,20.5,0.07,1963,879,58.20354296875,15,17.049999237060547,🚬菸屁股,HOLD,1
PLUG,2026-09-18,2.0,0.17,4000,879,65.62534375000001,15,2.0899999141693115,🚬菸屁股,HOLD,1
SOFI,2026-12-18,25.0,0.41,19999,876,60.84023535156251,106,17.049999237060547,🚬菸屁股,HOLD,1
GOOGL,2026-09-18,365.0,0.81,4907,865,29.273168212890617,15,335.0199890136719,🚬菸屁股,HOLD,1
BEAM,2028-01-21,35.0,8.9,885,850,73.71852453613282,505,29.020000457763672,🔭LEAPS,HOLD,1
SOFI,2026-10-16,26.0,0.07,4909,849,66.79720703125001,43,17.049999237060547,🚬菸屁股,HOLD,1
OPEN,2026-10-16,4.0,0.08,7419,825,80.07832421875,43,3.0399999618530273,🚬菸屁股,HOLD,1
IREN,2026-09-18,37.0,2.5,1461,821,80.61542822265625,15,36.81999969482422,🆕新倉暴量 ⚠️暴動高IV(81%),HOLD,1
PLTR,2026-09-18,210.0,0.56,8797,816,47.80325634765625,15,179.9199981689453,🚬菸屁股,HOLD,1
GOOGL,2026-09-18,410.0,0.1,14188,815,44.2388388671875,15,335.0199890136719,🚬菸屁股,HOLD,1
OKLO,2026-09-18,70.0,0.03,8029,813,110.9379453125,15,38.529998779296875,🚬菸屁股,HOLD,1
CRWV,2026-10-16,120.0,0.89,18014,810,75.70825073242189,43,81.8499984741211,🚬菸屁股,HOLD,1
WMT,2028-01-21,170.0,1.74,1848,805,31.940377868652337,505,105.91999816894531,🔭LEAPS,HOLD,1
SMCI,2027-01-15,85.0,0.56,3272,802,83.59391406249999,134,36.709999084472656,🆕低基期(前日Vol5) 🚬菸屁股,HOLD,1
NVDA,2026-09-18,280.0,0.03,26509,799,45.703667968750004,15,217.44000244140625,🚬菸屁股,HOLD,1
META,2026-09-18,700.0,0.3,12051,794,42.16366430664063,15,578.5399780273438,🚬菸屁股,HOLD,1
OKTA,2026-09-04,172.5,1.5,973,783,65.43003320312502,1,166.42999267578125,🎲末日結算 🆕新倉暴量,HOLD,1
SOFI,2026-11-20,23.0,0.42,5062,782,60.44961425781252,78,17.049999237060547,🚬菸屁股,HOLD,1
ACHR,2027-01-15,6.0,0.9,6610,779,78.711150390625,134,5.559999942779541,🚬菸屁股,HOLD,1
RKLB,2026-09-18,90.0,0.1,4204,772,86.52357226562499,15,62.540000915527344,🚬菸屁股,HOLD,1
TDOC,2027-01-15,15.0,0.08,9523,767,82.42205078125,134,6.260000228881836,🆕低基期(前日Vol6) 🚬菸屁股,HOLD,1
IREN,2026-10-16,42.0,2.46,2618,754,84.03336279296875,43,36.81999969482422,🆕新倉暴量 ⚠️暴動高IV(84%),HOLD,1
CRWV,2026-10-16,155.0,0.17,8020,753,83.49625878906248,43,81.8499984741211,🚀點火(34.2x) 🚬菸屁股 ⚠️尾段價外(89%) ⚠️暴動高IV(83%),BUY_WATCH,1
IREN,2026-10-16,65.0,0.29,2927,750,96.97268652343749,43,36.81999969482422,🚀點火(5.1x) 🚬菸屁股 ⚠️尾段價外(77%) ⚠️暴動高IV(97%),BUY_WATCH,1
SOFI,2026-12-18,22.0,0.73,5782,742,58.496508789062496,106,17.049999237060547,🚬菸屁股,HOLD,1
INTC,2026-10-16,120.0,0.97,10332,717,63.7698935546875,43,88.97000122070312,🚬菸屁股,HOLD,1
CRWV,2026-09-18,130.0,0.05,7577,709,89.45323046875,15,81.8499984741211,🚬菸屁股,HOLD,1
HOOD,2026-10-16,230.0,0.03,3222,704,81.64080859375,43,103.51000213623047,🆕低基期(前日Vol5) 🚬菸屁股,HOLD,1
IBIT,2026-10-16,55.0,0.21,13434,700,43.945873046875,43,43.7599983215332,🚬菸屁股,HOLD,1
EVGO,2027-02-19,2.0,0.15,802,700,96.87503124999999,169,1.2699999809265137,🆕低基期(前日Vol1) 🚬菸屁股,HOLD,1
NVDA,2026-09-18,260.0,0.09,29500,699,37.402969726562496,15,217.44000244140625,🚬菸屁股,HOLD,1
CRWD,2026-09-04,227.5,1.75,1245,691,75.17114672851561,1,215.07000732421875,🎲末日結算 🆕新倉暴量,HOLD,1
AMD,2026-09-18,600.0,0.29,9458,687,57.66643896484375,15,459.6099853515625,🚬菸屁股,HOLD,1
ONDS,2028-01-21,15.0,1.52,12790,686,94.2383388671875,505,7.039999961853027,🔭LEAPS,HOLD,1
SOFI,2026-09-18,23.0,0.04,19158,681,75.00025000000001,15,17.049999237060547,🚬菸屁股,HOLD,1
ACHR,2026-10-16,6.0,0.36,10326,679,68.35969140625001,43,5.559999942779541,🚬菸屁股,HOLD,1
GOOGL,2026-09-18,390.0,0.23,21562,676,35.352208984375,15,335.0199890136719,🚬菸屁股,HOLD,1
WMT,2026-10-16,120.0,0.34,6227,671,25.073991455078122,43,105.91999816894531,🚬菸屁股,HOLD,1
WMT,2026-09-04,102.0,4.07,2155,665,41.74862939453124,1,105.91999816894531,🎲末日結算 🆕新倉暴量,HOLD,1
MSTR,2026-09-18,200.0,0.16,16821,649,101.95361523437501,15,124.87999725341797,🚬菸屁股,HOLD,1
ONDS,2026-10-16,9.0,0.22,3567,641,77.3439765625,43,7.039999961853027,🚬菸屁股,HOLD,1
SOFI,2026-09-04,16.0,1.11,1249,639,60.15664843750002,1,17.049999237060547,🎲末日結算 🆕新倉暴量,HOLD,1
GOOGL,2026-09-18,380.0,0.33,12144,635,31.98310205078124,15,335.0199890136719,🚬菸屁股,HOLD,1
AMZN,2026-09-18,295.0,0.14,12275,624,33.83855224609375,15,254.9199981689453,🚬菸屁股,HOLD,1
IBIT,2028-01-21,50.0,8.4,8969,623,52.12450219726561,505,43.7599983215332,🔭LEAPS,HOLD,1
DKNG,2026-09-18,25.0,0.5,11233,618,52.14891601562499,15,23.440000534057617,🚬菸屁股,HOLD,1
SOFI,2026-10-16,23.0,0.14,8745,614,58.39885351562499,43,17.049999237060547,🚬菸屁股,HOLD,1
HIMS,2026-09-18,40.0,0.09,12005,610,88.67198828125,15,28.440000534057617,🚬菸屁股,HOLD,1
GOOGL,2026-09-18,400.0,0.17,22246,609,39.111937011718744,15,335.0199890136719,🚬菸屁股,HOLD,1
ACHR,2027-01-15,8.0,0.45,15189,607,80.95722167968748,134,5.559999942779541,🚬菸屁股,HOLD,1
RKLB,2026-09-18,80.0,0.3,4455,592,73.7307314453125,15,62.540000915527344,🚬菸屁股,HOLD,1
AVGO,2026-09-18,600.0,0.07,19191,586,81.64080859375,15,369.67999267578125,🚬菸屁股,HOLD,1
SOFI,2027-01-15,22.0,0.94,20759,585,58.30119824218749,134,17.049999237060547,🚬菸屁股,HOLD,1
RKLB,2026-09-18,100.0,0.06,8701,582,95.70316796875,15,62.540000915527344,🚬菸屁股,HOLD,1
RDDT,2026-09-18,190.0,0.2,2460,577,68.4573466796875,15,144.63999938964844,🚬菸屁股,HOLD,1
IREN,2026-10-16,44.0,2.0,835,572,83.30094824218747,43,36.81999969482422,🆕新倉暴量 ⚠️暴動高IV(83%),HOLD,1
NVDA,2027-01-15,460.0,0.09,28411,570,45.80132324218751,134,217.44000244140625,🚬菸屁股,HOLD,1
ACHR,2026-10-16,9.0,0.05,8268,563,84.37515624999999,43,5.559999942779541,🚀點火(3.4x) 🚬菸屁股 ⚠️尾段價外(62%) ⚠️暴動高IV(84%),BUY_WATCH,1
SOFI,2026-10-16,22.0,0.18,8505,560,56.055126953125,43,17.049999237060547,🚬菸屁股,HOLD,1
SOUN,2026-09-18,8.0,0.09,8416,557,71.87528125,15,6.849999904632568,🚬菸屁股,HOLD,1
INTC,2026-09-18,155.0,0.02,10262,554,87.500125,15,88.97000122070312,🚬菸屁股,HOLD,1
ACHR,2026-10-16,8.0,0.06,11414,554,77.3439765625,43,5.559999942779541,🚬菸屁股,HOLD,1
TSLA,2027-01-15,990.0,0.56,12851,553,68.0911394042969,134,356.0899963378906,🚬菸屁股,HOLD,1
IBIT,2026-10-16,49.0,0.76,8391,553,40.57676611328125,43,43.7599983215332,🚬菸屁股,HOLD,1
NVDA,2026-11-20,300.0,0.66,10936,547,38.50159155273437,78,217.44000244140625,🚬菸屁股,HOLD,1
ONDS,2027-01-15,17.0,0.2,8014,547,93.35944140625,134,7.039999961853027,🆕低基期(前日Vol15) 🚬菸屁股,HOLD,1
GOOGL,2026-09-18,455.0,0.06,2517,546,54.297332031250015,15,335.0199890136719,🆕低基期(前日Vol2) 🚬菸屁股,HOLD,1
DIS,2026-10-16,115.0,0.94,17103,546,25.525647094726565,43,106.22000122070312,🚬菸屁股,HOLD,1
WMT,2026-09-18,120.0,0.06,25899,544,29.688203124999994,15,105.91999816894531,🚬菸屁股,HOLD,1
SOUN,2027-01-15,8.0,0.82,7569,543,74.414318359375,134,6.849999904632568,🚬菸屁股,HOLD,1
IREN,2026-09-18,60.0,0.06,16387,541,103.90673046875003,15,36.81999969482422,🚬菸屁股,HOLD,1
MU,2026-09-04,1005.0,2.24,950,541,60.522855712890646,1,933.4400024414062,🎲末日結算 🆕新倉暴量,HOLD,1
SMCI,2026-09-18,50.0,0.13,12844,538,83.98453515624999,15,36.709999084472656,🚬菸屁股,HOLD,1
GOOGL,2027-01-15,800.0,0.07,4638,531,50.19581054687501,134,335.0199890136719,🆕低基期(前日Vol1) 🚬菸屁股,HOLD,1
ASTS,2026-10-16,100.0,0.34,6328,529,94.33599414062499,43,55.79999923706055,🚬菸屁股,HOLD,1
HIMS,2026-09-18,35.0,0.24,6287,525,78.12521875,15,28.440000534057617,🚬菸屁股,HOLD,1
ASTS,2026-09-18,80.0,0.17,5873,524,90.429783203125,15,55.79999923706055,🚬菸屁股,HOLD,1
OPEN,2026-11-20,5.0,0.12,9400,519,100.78174609374999,78,3.0399999618530273,🚬菸屁股,HOLD,1
SEDG,2027-01-15,110.0,0.89,3145,516,96.87503124999999,134,32.4900016784668,🚬菸屁股,HOLD,1
GOOGL,2026-09-18,475.0,0.15,2422,509,65.62534375000001,15,335.0199890136719,🆕低基期(前日Vol16) 🚬菸屁股,HOLD,1
OPEN,2027-01-15,4.0,0.39,9617,507,92.57819921875,134,3.0399999618530273,🚬菸屁股,HOLD,1
NVDA,2026-10-16,280.0,0.21,17024,506,35.2545537109375,43,217.44000244140625,🚬菸屁股,HOLD,1
ONDS,2028-01-21,20.0,1.12,15240,506,95.94730615234374,505,7.039999961853027,🔭LEAPS,HOLD,1
HIMS,2026-10-16,40.0,0.46,3427,503,77.3439765625,43,28.440000534057617,🚬菸屁股,HOLD,1
SOFI,2026-11-20,22.0,0.53,17437,501,59.08244042968751,78,17.049999237060547,🚬菸屁股,HOLD,1
BBAI,2026-10-16,4.0,0.06,2260,500,78.9064609375,43,2.950000047683716,🚬菸屁股,HOLD,1
HOOD,2026-09-18,125.0,0.66,5413,496,65.03941210937501,15,103.51000213623047,🚬菸屁股,HOLD,1
SOFI,2027-01-15,23.0,0.8,4382,495,58.5941640625,134,17.049999237060547,🚬菸屁股,HOLD,1
RKLB,2026-10-16,100.0,0.42,6968,488,78.95528857421876,43,62.540000915527344,🚬菸屁股,HOLD,1
INTC,2026-10-16,125.0,0.73,10668,486,65.23472265625001,43,88.97000122070312,🚬菸屁股,HOLD,1
PCG,2028-01-21,13.0,3.15,1088,482,43.50642431640625,505,14.0600004196167,🔭LEAPS,HOLD,1
IONQ,2026-09-18,45.0,0.58,16872,478,79.687703125,15,37.779998779296875,🚬菸屁股,HOLD,1
SOUN,2026-10-16,9.0,0.16,16145,467,73.437765625,43,6.849999904632568,🚬菸屁股,HOLD,1
MNST,2026-09-18,46.25,0.49,857,464,25.63550927734375,15,44.9900016784668,🆕低基期(前日Vol1) 🚬菸屁股,HOLD,1
ACHR,2027-01-15,9.0,0.32,28155,462,82.42205078125,134,5.559999942779541,🚬菸屁股,HOLD,1
AMZN,2026-10-16,380.0,0.04,6294,461,44.336494140625,43,254.9199981689453,🚬菸屁股,HOLD,1
MU,2026-09-18,1300.0,0.53,7449,460,65.96713720703126,15,933.4400024414062,🚬菸屁股,HOLD,1
OPEN,2026-12-18,4.0,0.31,2588,456,89.64854101562499,106,3.0399999618530273,🚬菸屁股,HOLD,1
SOFI,2027-01-15,27.0,0.41,20981,448,61.133201171875015,134,17.049999237060547,🚬菸屁股,HOLD,1
ACHR,2026-09-18,7.0,0.04,21639,445,75.00025000000001,15,5.559999942779541,🚬菸屁股,HOLD,1
SOUN,2027-01-15,12.0,0.3,17672,444,83.8868798828125,134,6.849999904632568,🚬菸屁股,HOLD,1
SOUN,2026-09-18,7.5,0.18,1835,436,65.62534375000001,15,6.849999904632568,🚬菸屁股,HOLD,1
INTC,2028-01-21,100.0,24.22,13114,428,67.98738067626955,505,88.97000122070312,🔭LEAPS,HOLD,1
INTC,2026-09-18,130.0,0.05,21290,427,74.804939453125,15,88.97000122070312,🚬菸屁股,HOLD,1
ONDS,2027-01-15,27.0,0.14,6998,427,123.24257128906248,134,7.039999961853027,🚬菸屁股,HOLD,1
BBAI,2026-12-18,4.0,0.23,9453,421,85.1563984375,106,2.950000047683716,🚬菸屁股,HOLD,1
SOFI,2026-09-18,19.5,0.12,2492,419,53.906710937500016,15,17.049999237060547,🚬菸屁股,HOLD,1
ASTS,2026-09-18,75.0,0.27,5039,418,87.40246972656249,15,55.79999923706055,🚬菸屁股,HOLD,1
INTC,2026-09-18,115.0,0.2,15870,410,65.43003320312502,15,88.97000122070312,🚬菸屁股,HOLD,1
ASTS,2026-09-18,65.0,0.92,2403,410,75.09790527343749,15,55.79999923706055,🚬菸屁股,HOLD,1
SOFI,2026-11-20,25.0,0.26,11633,410,62.890996093750005,78,17.049999237060547,🚬菸屁股,HOLD,1
SOFI,2028-01-21,20.0,4.2,29313,410,64.79527392578125,505,17.049999237060547,🔭LEAPS,HOLD,1
DIS,2026-10-16,120.0,0.39,4465,399,25.63550927734375,43,106.22000122070312,🚬菸屁股,HOLD,1
RTX,2026-09-18,230.0,0.09,5285,394,28.955788574218744,15,205.16000366210938,🚬菸屁股,HOLD,1
OKLO,2026-10-16,60.0,0.47,3445,388,87.10950390625,43,38.529998779296875,🚬菸屁股,HOLD,1
BBAI,2028-01-21,5.0,0.84,16979,385,96.289099609375,505,2.950000047683716,🔭LEAPS,HOLD,1
SOFI,2028-06-16,30.0,2.95,20765,382,65.94272338867188,652,17.049999237060547,🔭LEAPS,HOLD,1
CRWV,2026-10-16,130.0,0.52,2925,382,77.8322529296875,43,81.8499984741211,🚬菸屁股,HOLD,1
ASTS,2026-10-16,80.0,0.98,4750,376,82.37322314453124,43,55.79999923706055,🚬菸屁股,HOLD,1
PLUG,2026-09-18,3.0,0.01,15340,374,106.25046875000001,15,2.0899999141693115,🚬菸屁股,HOLD,1
ONDS,2026-11-20,14.0,0.11,875,373,96.87503124999999,78,7.039999961853027,🆕低基期(前日Vol8) 🚬菸屁股,HOLD,1
ONDS,2026-12-18,12.0,0.3,3904,372,89.64854101562499,106,7.039999961853027,🚬菸屁股,HOLD,1
CRWV,2026-09-18,120.0,0.11,16806,372,82.61736132812499,15,81.8499984741211,🚬菸屁股,HOLD,1
IBIT,2026-09-18,51.0,0.08,12322,369,43.945873046875,15,43.7599983215332,🚬菸屁股,HOLD,1
SOFI,2028-01-21,25.0,2.95,15735,368,64.1605146484375,505,17.049999237060547,🔭LEAPS,HOLD,1
SOFI,2026-12-18,30.0,0.18,20311,363,64.648791015625,106,17.049999237060547,🚬菸屁股,HOLD,1
ONDS,2026-12-18,15.0,0.17,7555,362,99.60937890625,106,7.039999961853027,🚬菸屁股,HOLD,1
TJX,2026-10-16,155.0,0.17,787,362,25.63550927734375,43,133.27000427246094,🆕低基期(前日Vol5) 🚬菸屁股,HOLD,1
NBIS,2026-09-18,300.0,0.44,4633,357,95.26371923828124,15,199.5399932861328,🚬菸屁股,HOLD,1
AMZN,2026-10-16,310.0,0.52,11158,357,32.32489550781249,43,254.9199981689453,🚬菸屁股,HOLD,1
PLTR,2026-09-18,230.0,0.17,6223,356,54.49264257812501,15,179.9199981689453,🚬菸屁股,HOLD,1
ONDS,2026-11-20,9.0,0.52,2658,353,85.54701953125,78,7.039999961853027,🚬菸屁股,HOLD,1
SOUN,2026-09-18,9.0,0.04,4518,353,81.2501875,15,6.849999904632568,🚬菸屁股,HOLD,1
BBAI,2026-09-18,3.0,0.2,6615,349,71.87528125,15,2.950000047683716,🚬菸屁股,HOLD,1
TSLA,2026-09-18,425.0,0.75,8026,348,48.60891235351563,15,356.0899963378906,🚬菸屁股,HOLD,1
ACHR,2026-09-18,6.5,0.07,814,346,64.8441015625,15,5.559999942779541,🚬菸屁股,HOLD,1
AVGO,2026-09-18,670.0,0.04,797,344,88.67198828125,15,369.67999267578125,🚀點火(10.4x) 🚬菸屁股 ⚠️尾段價外(81%) ⚠️暴動高IV(89%),BUY_WATCH,1
SOFI,2026-11-20,21.0,0.67,4230,342,58.39885351562499,78,17.049999237060547,🚬菸屁股,HOLD,1
AVGO,2026-09-18,500.0,0.39,12316,341,66.50424121093752,15,369.67999267578125,🚬菸屁股,HOLD,1
TSLA,2026-10-16,900.0,0.06,7029,340,86.7188828125,43,356.0899963378906,🚬菸屁股,HOLD,1
PLUG,2026-09-18,2.5,0.04,8900,340,84.37515624999999,15,2.0899999141693115,🚬菸屁股,HOLD,1
ONDS,2027-01-15,11.0,0.6,7365,338,89.257919921875,134,7.039999961853027,🚬菸屁股,HOLD,1
IBIT,2026-09-18,52.0,0.07,5482,336,44.92242578125,15,43.7599983215332,🚬菸屁股,HOLD,1
ASTS,2026-09-18,90.0,0.09,9550,336,105.66453417968751,15,55.79999923706055,🚬菸屁股,HOLD,1
SOFI,2026-09-18,37.0,0.01,7945,335,125.00037499999999,15,17.049999237060547,🚀點火(13.4x) 🚬菸屁股 ⚠️尾段價外(117%) ⚠️暴動高IV(125%),BUY_WATCH,1
SOFI,2028-01-21,30.0,2.15,29482,335,64.11168701171876,505,17.049999237060547,🔭LEAPS,HOLD,1
PLUG,2026-09-18,4.0,0.01,25208,334,137.50031249999998,15,2.0899999141693115,🚬菸屁股,HOLD,1
ONDS,2026-11-20,15.0,0.09,1296,333,95.70316796875,78,7.039999961853027,🆕低基期(前日Vol17) 🚬菸屁股,HOLD,1
SMCI,2027-01-15,90.0,0.5,27823,332,85.30288134765625,134,36.709999084472656,🆕低基期(前日Vol8) 🚬菸屁股,HOLD,1
ONDS,2028-01-21,5.0,3.7,17721,331,94.726615234375,505,7.039999961853027,🔭LEAPS,HOLD,1
META,2026-09-18,1160.0,0.01,2655,331,95.312546875,15,578.5399780273438,🚬菸屁股,HOLD,1
WMT,2027-01-15,135.0,0.7,18877,330,28.321029296874993,134,105.91999816894531,🚬菸屁股,HOLD,1
AMZN,2026-10-16,325.0,0.22,2477,330,33.4967587890625,43,254.9199981689453,🚬菸屁股,HOLD,1
IBIT,2028-01-21,40.0,12.57,6437,329,55.13960876464845,505,43.7599983215332,🔭LEAPS,HOLD,1
BBAI,2027-01-15,4.0,0.3,12950,329,85.54701953125,134,2.950000047683716,🚬菸屁股,HOLD,1
ONDS,2026-11-20,11.0,0.24,1234,328,90.82040429687498,78,7.039999961853027,🚬菸屁股,HOLD,1
ACHR,2026-09-18,6.0,0.14,6355,328,62.890996093750005,15,5.559999942779541,🚬菸屁股,HOLD,1
NEE,2026-09-18,90.0,0.08,7976,328,21.9734365234375,15,82.93000030517578,🚬菸屁股,HOLD,1
SMCI,2026-10-16,50.0,0.67,6613,327,76.17211328125,43,36.709999084472656,🚬菸屁股,HOLD,1
DKNG,2026-09-18,27.5,0.1,9018,325,53.320779296874996,15,23.440000534057617,🚬菸屁股,HOLD,1
OPEN,2026-12-18,5.0,0.18,3290,322,95.70316796875,106,3.0399999618530273,🚬菸屁股,HOLD,1
META,2026-09-18,730.0,0.19,4239,322,46.045461425781255,15,578.5399780273438,🚬菸屁股,HOLD,1
AMZN,2026-09-18,400.0,0.01,1310,320,71.48466015625,15,254.9199981689453,🚬菸屁股,HOLD,1
OPEN,2028-01-21,12.0,0.44,4431,318,101.85595947265624,505,3.0399999618530273,🔭LEAPS,HOLD,1
NBIS,2026-09-18,440.0,0.02,4359,316,130.07847460937495,15,199.5399932861328,🚬菸屁股,HOLD,1
ONDS,2026-11-20,12.0,0.19,1441,314,91.01571484374999,78,7.039999961853027,🚬菸屁股,HOLD,1
NNE,2027-01-15,30.0,0.9,3501,312,87.5977802734375,134,17.469999313354492,🚬菸屁股,HOLD,1
RKLB,2026-10-16,210.0,0.04,2333,311,125.78162109374999,43,62.540000915527344,🚀點火(11.1x) 🚬菸屁股 ⚠️尾段價外(236%) ⚠️暴動高IV(126%),BUY_WATCH,1
OPEN,2027-02-19,4.0,0.47,3365,311,92.9688203125,169,3.0399999618530273,🚬菸屁股,HOLD,1
OPEN,2027-02-19,5.0,0.31,5528,308,99.023447265625,169,3.0399999618530273,🚬菸屁股,HOLD,1
META,2026-10-16,1220.0,0.08,2276,308,67.57844921875001,43,578.5399780273438,🚬菸屁股,HOLD,1
BBAI,2026-12-18,5.0,0.13,5967,305,89.45323046875,106,2.950000047683716,🚬菸屁股,HOLD,1
PCG,2026-12-18,16.0,0.7,20435,303,49.5122236328125,106,14.0600004196167,🚬菸屁股,HOLD,1
SMR,2027-01-15,20.0,0.31,22801,302,95.70316796875,134,9.210000038146973,🚬菸屁股,HOLD,1
ONDS,2026-09-18,12.0,0.01,18488,301,118.75040625,15,7.039999961853027,🚬菸屁股,HOLD,1
GOOG,2026-09-18,400.0,0.14,13741,298,39.551385742187506,15,332.0299987792969,🚬菸屁股,HOLD,1
NVDA,2028-06-16,300.0,26.5,5629,297,43.82685568237304,652,217.44000244140625,🔭LEAPS,HOLD,1
PATH,2026-09-18,20.0,0.93,6505,297,99.41406835937501,15,18.139999389648438,🚬菸屁股,HOLD,1
AVGO,2026-09-18,640.0,0.03,1213,297,87.89074609375,15,369.67999267578125,🆕低基期(前日Vol9) 🚬菸屁股,HOLD,1
SMR,2026-09-18,10.0,0.31,8028,296,77.3439765625,15,9.210000038146973,🚬菸屁股,HOLD,1
WMT,2026-09-18,125.0,0.03,12417,295,34.570966796875,15,105.91999816894531,🚬菸屁股,HOLD,1
INTC,2026-09-18,150.0,0.02,21578,293,88.2813671875,15,88.97000122070312,🚀點火(4.0x) 🚬菸屁股 ⚠️尾段價外(69%) ⚠️暴動高IV(88%),BUY_WATCH,1
JOBY,2026-10-16,8.0,0.2,1989,292,64.25816992187501,43,6.690000057220459,🚬菸屁股,HOLD,1
LUNR,2026-09-18,30.0,0.04,3162,287,144.53152734375,15,14.720000267028809,🚬菸屁股,HOLD,1
PCG,2028-01-21,10.0,5.1,2009,287,46.55815161132813,505,14.0600004196167,🔭LEAPS,HOLD,1
NVDA,2026-09-18,410.0,0.01,5972,285,87.500125,15,217.44000244140625,🚬菸屁股,HOLD,1
MSTR,2028-01-21,200.0,30.2,6689,284,83.81058670043944,505,124.87999725341797,🔭LEAPS,HOLD,1
RDDT,2026-10-16,200.0,0.85,2148,284,59.54630297851562,43,144.63999938964844,🚬菸屁股,HOLD,1
ONDS,2028-01-21,4.0,4.1,23237,282,98.04689453125,505,7.039999961853027,🔭LEAPS,HOLD,1
SOFI,2026-11-20,30.0,0.11,6642,281,68.16438085937502,78,17.049999237060547,🚬菸屁股,HOLD,1
JOBY,2028-01-21,8.0,2.12,9520,278,83.39860351562498,505,6.690000057220459,🔭LEAPS,HOLD,1
NEE,2026-09-18,85.0,0.7,8160,278,21.289849609375,15,82.93000030517578,🚬菸屁股,HOLD,1
MU,2026-09-18,2000.0,0.02,2077,278,101.5629921875,15,933.4400024414062,🚬菸屁股,HOLD,1
IBIT,2028-01-21,70.0,3.86,16315,277,50.73291455078125,505,43.7599983215332,🔭LEAPS,HOLD,1
ACHR,2027-01-15,20.0,0.07,25309,277,111.71919140624999,134,5.559999942779541,🚬菸屁股,HOLD,1
AVGO,2026-09-18,680.0,0.02,824,277,97.070341796875,15,369.67999267578125,🆕低基期(前日Vol1) 🚬菸屁股,HOLD,1
ONDS,2026-10-16,15.0,0.03,2699,273,119.53165234375001,43,7.039999961853027,🆕低基期(前日Vol15) 🚬菸屁股,HOLD,1
OKLO,2026-09-18,45.0,0.63,3493,272,75.195560546875,15,38.529998779296875,🚬菸屁股,HOLD,1
IBIT,2026-09-18,49.0,0.18,8927,270,40.7232490234375,15,43.7599983215332,🚬菸屁股,HOLD,1
OKLO,2026-10-16,70.0,0.26,1815,268,94.92192578125,43,38.529998779296875,🚬菸屁股,HOLD,1
JOBY,2026-10-16,10.0,0.05,6299,265,70.70341796875,43,6.690000057220459,🚬菸屁股,HOLD,1
JOBY,2028-01-21,12.0,1.35,9395,262,82.226740234375,505,6.690000057220459,🔭LEAPS,HOLD,1
UPST,2026-09-18,30.0,0.54,11756,261,61.71913281250001,15,27.389999389648438,🚬菸屁股,HOLD,1
GOOGL,2026-09-18,375.0,0.41,9294,261,33.32586206054688,15,335.0199890136719,🚬菸屁股,HOLD,1
AFRM,2026-09-18,80.0,0.52,3523,261,52.539537109375004,15,69.94000244140625,🚬菸屁股,HOLD,1
HIMS,2026-10-16,35.0,0.95,2694,260,72.6565234375,43,28.440000534057617,🚬菸屁股,HOLD,1
WMT,2026-12-18,140.0,0.32,6919,260,32.15399877929687,106,105.91999816894531,🚬菸屁股,HOLD,1
PCG,2026-12-18,21.0,0.15,28317,260,50.48877636718749,106,14.0600004196167,🚬菸屁股,HOLD,1
U,2026-09-18,45.0,0.55,4699,257,52.686020019531256,15,40.91999816894531,🚬菸屁股,HOLD,1
AMZN,2027-01-15,380.0,0.89,17556,256,36.255520263671876,134,254.9199981689453,🚬菸屁股,HOLD,1
RUN,2026-09-18,11.0,0.02,26868,256,78.12521875,15,8.369999885559082,🚬菸屁股,HOLD,1
RKLB,2026-09-18,85.0,0.19,3152,251,80.07832421875,15,62.540000915527344,🚬菸屁股,HOLD,1
SMCI,2028-01-21,80.0,6.45,1274,250,81.89715368652341,505,36.709999084472656,🔭LEAPS,HOLD,1
RKLB,2027-01-15,150.0,0.85,10321,250,84.49722534179686,134,62.540000915527344,🚬菸屁股,HOLD,1
HIMS,2026-09-18,36.0,0.24,1263,250,84.57046679687498,15,28.440000534057617,🚬菸屁股,HOLD,1
GOOGL,2026-09-18,555.0,0.01,2929,250,79.687703125,15,335.0199890136719,🚬菸屁股,HOLD,1
JOBY,2027-01-15,15.0,0.1,11060,249,90.82040429687498,134,6.690000057220459,🚬菸屁股,HOLD,1
RTX,2026-09-18,220.0,0.41,3053,249,25.879647460937505,15,205.16000366210938,🚬菸屁股,HOLD,1
TSLA,2026-09-18,500.0,0.2,18811,248,67.6761044921875,15,356.0899963378906,🚬菸屁股,HOLD,1
NVDA,2026-09-18,370.0,0.01,5623,247,73.437765625,15,217.44000244140625,🆕低基期(前日Vol9) 🚬菸屁股,HOLD,1
RKLB,2026-10-16,105.0,0.32,1880,247,81.93377441406248,43,62.540000915527344,🚀點火(11.8x) 🚬菸屁股 ⚠️尾段價外(68%) ⚠️暴動高IV(82%),BUY_WATCH,1
ACHR,2028-01-21,7.0,1.85,20210,247,87.500125,505,5.559999942779541,🔭LEAPS,HOLD,1
ASTS,2026-09-18,95.0,0.08,3463,246,108.984830078125,15,55.79999923706055,🚀點火(7.0x) 🚬菸屁股 ⚠️尾段價外(70%) ⚠️暴動高IV(109%),BUY_WATCH,1
WMT,2026-11-20,125.0,0.78,3927,246,28.49192602539062,78,105.91999816894531,🚬菸屁股,HOLD,1
RDDT,2026-09-18,180.0,0.4,4888,246,62.109753906250006,15,144.63999938964844,🚬菸屁股,HOLD,1
ASTS,2026-10-16,90.0,0.53,2317,245,87.98840136718749,43,55.79999923706055,🚬菸屁股,HOLD,1
PLUG,2026-09-18,3.5,0.01,18811,245,131.25034374999998,15,2.0899999141693115,🚀點火(12.2x) 🚬菸屁股 ⚠️尾段價外(67%) ⚠️暴動高IV(131%),BUY_WATCH,1
SMCI,2026-09-18,44.0,0.43,3689,243,75.09790527343749,15,36.709999084472656,🚬菸屁股,HOLD,1
SMR,2026-10-16,10.0,0.72,5432,243,80.4689453125,43,9.210000038146973,🚬菸屁股,HOLD,1
NVDA,2027-01-15,360.0,0.48,9376,242,40.552352294921874,134,217.44000244140625,🚬菸屁股,HOLD,1
ZM,2026-11-20,135.0,0.52,1705,241,51.24560473632812,78,94.9000015258789,🚬菸屁股,HOLD,1
META,2026-09-18,1000.0,0.01,5514,241,70.312796875,15,578.5399780273438,🚬菸屁股,HOLD,1
AMZN,2027-01-15,400.0,0.55,1920,241,36.6217275390625,134,254.9199981689453,🚬菸屁股,HOLD,1
IBIT,2026-09-18,105.0,0.01,14345,240,131.25034374999998,15,43.7599983215332,🚬菸屁股,HOLD,1
RKLB,2026-09-18,75.0,0.55,2144,239,67.96907031250001,15,62.540000915527344,🚬菸屁股,HOLD,1
SOFI,2028-01-21,18.0,4.75,10718,237,65.4544470214844,505,17.049999237060547,🔭LEAPS,HOLD,1
IREN,2026-09-18,42.0,0.88,2408,235,79.0041162109375,15,36.81999969482422,🚬菸屁股,HOLD,1
FLNC,2027-01-15,30.0,0.17,8763,235,97.070341796875,134,10.420000076293945,🚬菸屁股,HOLD,1
RUN,2026-10-16,10.0,0.28,3596,235,68.16438085937502,43,8.369999885559082,🚬菸屁股,HOLD,1
NVDA,2026-12-18,460.0,0.02,11636,234,48.828636718750005,106,217.44000244140625,🚬菸屁股,HOLD,1
IREN,2027-01-15,100.0,0.8,18984,231,98.437515625,134,36.81999969482422,🚬菸屁股,HOLD,1
PCG,2028-01-21,22.0,0.68,8620,231,44.89801196289062,505,14.0600004196167,🔭LEAPS,HOLD,1
INTC,2027-01-15,210.0,0.65,6877,229,73.97486962890623,134,88.97000122070312,🚬菸屁股,HOLD,1
SOFI,2026-11-20,27.0,0.17,2804,229,65.43003320312502,78,17.049999237060547,🚬菸屁股,HOLD,1
AMZN,2026-12-18,360.0,0.91,4292,227,36.51186535644532,106,254.9199981689453,🚬菸屁股,HOLD,1
ASTS,2026-11-20,115.0,0.75,1013,226,94.726615234375,78,55.79999923706055,🚬菸屁股,HOLD,1
TSLA,2026-12-18,990.0,0.35,18452,225,72.3635576171875,106,356.0899963378906,🚬菸屁股,HOLD,1
IBIT,2027-01-15,62.0,0.68,7798,225,45.313046875000005,134,43.7599983215332,🚬菸屁股,HOLD,1
ONDS,2027-01-15,12.0,0.43,18778,225,89.257919921875,134,7.039999961853027,🚬菸屁股,HOLD,1
META,2026-09-18,1210.0,0.01,2438,222,93.7500625,15,578.5399780273438,🚬菸屁股,HOLD,1
VCYT,2026-09-18,50.0,0.5,1233,221,98.437515625,15,43.43000030517578,🚬菸屁股,HOLD,1
SMCI,2026-09-18,85.0,0.02,4664,220,148.4377578125,15,36.709999084472656,🚬菸屁股,HOLD,1
PLUG,2026-10-16,3.0,0.03,1329,220,81.2501875,43,2.0899999141693115,🚬菸屁股,HOLD,1
INTC,2026-10-16,150.0,0.2,9925,218,71.3870048828125,43,88.97000122070312,🚬菸屁股,HOLD,1
SOFI,2026-12-18,23.0,0.6,10628,218,59.131268066406264,106,17.049999237060547,🚬菸屁股,HOLD,1
SOFI,2026-12-18,21.0,0.92,2388,217,58.00823242187501,106,17.049999237060547,🚬菸屁股,HOLD,1
VST,2026-09-18,160.0,0.35,11100,215,44.58063232421875,15,138.0800018310547,🚬菸屁股,HOLD,1
ASTS,2026-09-18,100.0,0.06,13146,215,116.79729101562502,15,55.79999923706055,🚬菸屁股,HOLD,1
SOFI,2026-12-18,28.0,0.25,10478,215,63.086306640625,106,17.049999237060547,🚬菸屁股,HOLD,1
GOOGL,2026-10-16,420.0,0.57,7721,215,37.28090063476562,43,335.0199890136719,🚬菸屁股,HOLD,1
SMCI,2026-09-18,60.0,0.04,15892,214,100.0005,15,36.709999084472656,🚬菸屁股,HOLD,1
NVDA,2026-11-20,400.0,0.03,6434,211,45.703667968750004,78,217.44000244140625,🚬菸屁股,HOLD,1
OKLO,2026-09-18,60.0,0.06,3942,211,103.51610742187502,15,38.529998779296875,🚬菸屁股,HOLD,1
IREN,2026-09-18,55.0,0.09,10498,211,96.289099609375,15,36.81999969482422,🚬菸屁股,HOLD,1
RKLB,2028-01-21,200.0,4.95,2405,210,79.52901330566407,505,62.540000915527344,🔭LEAPS,HOLD,1
AMZN,2026-09-18,277.5,0.67,1438,210,29.517306396484372,15,254.9199981689453,🚬菸屁股,HOLD,1
RKLB,2026-12-18,145.0,0.65,5257,208,88.23253955078124,106,62.540000915527344,🚬菸屁股,HOLD,1
JOBY,2026-09-18,9.0,0.01,4150,208,62.500375000000005,15,6.690000057220459,🚬菸屁股,HOLD,1
PANW,2026-09-18,500.0,0.4,975,207,74.12135253906249,15,362.0899963378906,🚬菸屁股,HOLD,1
MU,2026-09-18,1250.0,0.81,2357,207,63.208375732421885,15,933.4400024414062,🚬菸屁股,HOLD,1
GOOGL,2026-10-16,435.0,0.44,789,206,39.819937744140624,43,335.0199890136719,🆕低基期(前日Vol9) 🚬菸屁股,HOLD,1
UUUU,2026-10-16,23.0,0.07,1642,206,77.3439765625,43,14.220000267028809,🆕低基期(前日Vol5) 🚬菸屁股,HOLD,1
HOOD,2026-09-18,150.0,0.09,8463,205,74.2190078125,15,103.51000213623047,🚬菸屁股,HOLD,1
SOFI,2026-10-16,24.0,0.11,9053,204,61.52382226562501,43,17.049999237060547,🚬菸屁股,HOLD,1
OKLO,2026-10-16,55.0,0.7,1420,203,83.789224609375,43,38.529998779296875,🚬菸屁股,HOLD,1
WMT,2026-12-18,130.0,0.73,5338,202,28.028063476562494,106,105.91999816894531,🚬菸屁股,HOLD,1
PACB,2026-12-18,1.5,0.15,3382,200,99.60937890625,106,1.2799999713897705,🚬菸屁股,HOLD,1
BBAI,2026-12-18,3.0,0.51,2611,199,88.2813671875,106,2.950000047683716,🚬菸屁股,HOLD,1
PCG,2028-01-21,15.0,2.25,2407,197,42.84725122070313,505,14.0600004196167,🔭LEAPS,HOLD,1
NVDA,2027-01-15,350.0,0.62,8934,196,39.89317919921875,134,217.44000244140625,🚬菸屁股,HOLD,1
XYZ,2026-09-18,85.0,0.52,8412,195,39.7466962890625,15,77.87999725341797,🚬菸屁股,HOLD,1
OPEN,2027-01-15,6.0,0.16,10595,194,101.95361523437501,134,3.0399999618530273,🚬菸屁股,HOLD,1
WMT,2026-09-18,112.0,0.39,1553,194,24.463645996093753,15,105.91999816894531,🚬菸屁股,HOLD,1
DDD,2026-09-18,4.0,0.06,1373,194,98.437515625,15,3.2899999618530273,🆕低基期(前日Vol15) 🚬菸屁股,HOLD,1
NVDA,2028-01-21,390.0,8.0,8453,192,42.1453539428711,505,217.44000244140625,🆕低基期(前日Vol4) 🔭LEAPS,HOLD,1
PCG,2026-12-18,17.0,0.55,22339,192,46.87553125,106,14.0600004196167,🚬菸屁股,HOLD,1
GOOGL,2026-09-18,405.0,0.2,2873,191,44.0435283203125,15,335.0199890136719,🚬菸屁股,HOLD,1
SOFI,2027-01-15,32.0,0.25,18228,190,65.62534375000001,134,17.049999237060547,🆕低基期(前日Vol8) 🚬菸屁股,HOLD,1
SOFI,2028-01-21,13.0,7.0,4004,189,70.41045214843751,505,17.049999237060547,🆕低基期(前日Vol12) 🔭LEAPS,HOLD,1
ONDS,2028-01-21,17.0,1.33,9685,188,93.6524072265625,505,7.039999961853027,🆕低基期(前日Vol19) 🔭LEAPS,HOLD,1
JOBY,2026-11-20,9.0,0.27,4777,187,72.46121289062499,78,6.690000057220459,🚬菸屁股,HOLD,1
BBAI,2026-10-16,3.0,0.26,1665,187,68.35969140625001,43,2.950000047683716,🚬菸屁股,HOLD,1
DIS,2026-09-18,110.0,0.8,10327,186,24.341576904296875,15,106.22000122070312,🚬菸屁股,HOLD,1
INTC,2026-11-20,150.0,0.96,13635,185,71.63114306640624,78,88.97000122070312,🚬菸屁股,HOLD,1
WMT,2027-01-15,140.0,0.47,7101,185,29.24875439453124,134,105.91999816894531,🆕低基期(前日Vol16) 🚬菸屁股,HOLD,1
IBIT,2026-10-16,60.0,0.1,12915,184,49.414568359375004,43,43.7599983215332,🚬菸屁股,HOLD,1
ASTS,2026-10-16,85.0,0.65,1535,183,85.25405371093751,43,55.79999923706055,🚬菸屁股,HOLD,1
PCG,2027-01-15,20.0,0.23,10138,183,51.758294921875006,134,14.0600004196167,🚬菸屁股,HOLD,1
MSTR,2027-01-15,1000.0,0.11,5705,182,115.8207333984375,134,124.87999725341797,🚬菸屁股,HOLD,1
BBAI,2028-01-21,4.0,0.98,14555,181,93.945373046875,505,2.950000047683716,🔭LEAPS,HOLD,1
SMCI,2026-09-18,41.0,0.78,5716,179,73.58424853515625,15,36.709999084472656,🚬菸屁股,HOLD,1
WMT,2026-12-18,145.0,0.21,1920,178,33.35027587890625,106,105.91999816894531,🚬菸屁股,HOLD,1
PLUG,2026-12-18,2.5,0.24,5618,178,85.1563984375,106,2.0899999141693115,🚬菸屁股,HOLD,1
BLDP,2026-11-20,3.0,0.1,1116,178,81.2501875,78,2.240000009536743,🚬菸屁股,HOLD,1
PCG,2026-12-18,20.0,0.25,18601,177,55.9574716796875,106,14.0600004196167,🚬菸屁股,HOLD,1
BBAI,2026-09-18,5.0,0.01,16995,177,112.5004375,15,2.950000047683716,🚬菸屁股,HOLD,1
IREN,2026-11-20,70.0,0.77,14167,176,94.6289599609375,78,36.81999969482422,🚬菸屁股,HOLD,1
PCG,2027-01-15,17.0,0.6,20633,174,46.582565429687506,134,14.0600004196167,🚬菸屁股,HOLD,1
IONQ,2026-12-18,105.0,0.35,1603,173,92.187578125,106,37.779998779296875,🚬菸屁股,HOLD,1
NVDA,2026-09-18,290.0,0.02,7268,172,47.6567734375,15,217.44000244140625,🚬菸屁股,HOLD,1
GOOGL,2026-09-18,630.0,0.04,2479,171,94.5313046875,15,335.0199890136719,🚬菸屁股,HOLD,1
SOFI,2026-09-18,30.0,0.01,23252,169,109.375453125,15,17.049999237060547,🚬菸屁股,HOLD,1
TSLA,2026-09-18,430.0,0.66,5005,168,49.780775634765625,15,356.0899963378906,🚬菸屁股,HOLD,1
TSLA,2026-12-18,960.0,0.42,5521,167,71.63114306640624,106,356.0899963378906,🚬菸屁股,HOLD,1
IONQ,2026-10-16,60.0,0.39,2543,167,86.0352958984375,43,37.779998779296875,🚬菸屁股,HOLD,1
IONQ,2027-01-15,100.0,0.52,3453,165,94.97075341796875,134,37.779998779296875,🆕低基期(前日Vol11) 🚬菸屁股,HOLD,1
NVDA,2028-01-21,450.0,4.8,9656,163,42.383388671875,505,217.44000244140625,🔭LEAPS,HOLD,1
OKLO,2028-01-21,100.0,6.25,5103,163,91.44295666503908,505,38.529998779296875,🔭LEAPS,HOLD,1
SOUN,2028-01-21,8.0,2.2,11473,163,82.56853369140623,505,6.849999904632568,🔭LEAPS,HOLD,1
UUUU,2026-09-18,16.0,0.27,2109,163,69.14093359375,15,14.220000267028809,🚬菸屁股,HOLD,1
GOOG,2026-09-18,385.0,0.23,5569,162,36.32876171875,15,332.0299987792969,🚬菸屁股,HOLD,1
ACHR,2028-01-21,20.0,0.57,7287,162,90.3321279296875,505,5.559999942779541,🔭LEAPS,HOLD,1
JOBY,2027-01-15,9.0,0.54,2511,160,72.851833984375,134,6.690000057220459,🚬菸屁股,HOLD,1
ACHR,2027-01-15,12.0,0.15,25726,160,88.67198828125,134,5.559999942779541,🚬菸屁股,HOLD,1
META,2026-09-18,675.0,0.76,3045,160,39.28283374023437,15,578.5399780273438,🚬菸屁股,HOLD,1
AMZN,2026-09-18,310.0,0.04,9551,159,36.7193828125,15,254.9199981689453,🚬菸屁股,HOLD,1
MSFT,2026-09-18,600.0,0.05,6069,158,37.500625,15,501.0199890136719,🚬菸屁股,HOLD,1
PLUG,2027-01-15,4.5,0.08,8848,158,91.4063359375,134,2.0899999141693115,🆕低基期(前日Vol14) 🚬菸屁股,HOLD,1
SMR,2026-09-18,10.5,0.2,1216,157,78.51583984375,15,9.210000038146973,🚬菸屁股,HOLD,1
SMR,2026-11-20,19.0,0.18,1148,157,97.26565234374999,78,9.210000038146973,🚬菸屁股,HOLD,1
INTC,2026-10-16,135.0,0.38,8047,155,67.6761044921875,43,88.97000122070312,🚬菸屁股,HOLD,1
DKNG,2026-09-18,26.0,0.29,1666,155,56.44574804687501,15,23.440000534057617,🚬菸屁股,HOLD,1
WMT,2027-01-15,160.0,0.15,3350,155,31.738963867187497,134,105.91999816894531,🚬菸屁股,HOLD,1
META,2026-09-18,680.0,0.62,5936,154,40.06407592773438,15,578.5399780273438,🚬菸屁股,HOLD,1
AMZN,2026-10-16,305.0,0.65,7074,154,31.958688232421867,43,254.9199981689453,🚬菸屁股,HOLD,1
OPEN,2027-02-19,6.0,0.22,1283,153,87.695435546875,169,3.0399999618530273,🚬菸屁股,HOLD,1
SMCI,2028-01-21,100.0,4.73,4316,152,83.21549987792966,505,36.709999084472656,🔭LEAPS,HOLD,1
UPST,2026-09-18,35.0,0.07,6725,152,68.16438085937502,15,27.389999389648438,🚬菸屁股,HOLD,1
DKNG,2028-01-21,37.5,2.95,19861,152,60.02237243652344,505,23.440000534057617,🆕低基期(前日Vol2) 🔭LEAPS,HOLD,1
JOBY,2028-01-21,5.0,3.25,5314,152,86.18177880859376,505,6.690000057220459,🔭LEAPS,HOLD,1
IBIT,2026-12-18,55.0,0.99,22627,151,43.23787231445312,106,43.7599983215332,🚬菸屁股,HOLD,1
IREN,2028-01-21,50.0,11.9,8409,151,95.03178796386717,505,36.81999969482422,🔭LEAPS,HOLD,1
IREN,2026-10-16,60.0,0.42,7173,150,89.84385156249999,43,36.81999969482422,🚬菸屁股,HOLD,1
ONDS,2026-09-18,11.0,0.02,21034,150,110.9379453125,15,7.039999961853027,🚬菸屁股,HOLD,1
CRWV,2027-01-15,270.0,0.4,2682,150,87.7930908203125,134,81.8499984741211,🚬菸屁股,HOLD,1
AVGO,2026-09-18,590.0,0.06,770,150,80.27363476562499,15,369.67999267578125,🚬菸屁股,HOLD,1
TSLA,2026-10-16,500.0,0.89,6833,149,51.526363647460926,43,356.0899963378906,🚬菸屁股,HOLD,1
NVDA,2027-01-15,400.0,0.23,6787,149,42.4810439453125,134,217.44000244140625,🚬菸屁股,HOLD,1
CRWV,2027-01-15,200.0,0.93,8613,149,82.6906027832031,134,81.8499984741211,🚬菸屁股,HOLD,1
GOOGL,2026-09-18,425.0,0.09,6256,149,46.87553125,15,335.0199890136719,🚬菸屁股,HOLD,1
GOOGL,2026-09-18,385.0,0.25,9022,148,34.0826904296875,15,335.0199890136719,🚬菸屁股,HOLD,1
NVDA,2028-01-21,220.0,44.1,9587,147,45.26879682922364,505,217.44000244140625,🔭LEAPS,HOLD,1
PLUG,2028-01-21,2.5,0.71,14277,147,92.187578125,505,2.0899999141693115,🔭LEAPS,HOLD,1
OPEN,2026-11-20,6.0,0.07,7929,146,107.03171484375002,78,3.0399999618530273,🚬菸屁股,HOLD,1
NVDA,2026-09-18,275.0,0.04,11333,145,43.945873046875,15,217.44000244140625,🚬菸屁股,HOLD,1
VST,2026-09-18,175.0,0.1,10883,145,52.734847656250004,15,138.0800018310547,🚬菸屁股,HOLD,1
RKLB,2026-10-16,95.0,0.54,1265,145,76.66038964843752,43,62.540000915527344,🚬菸屁股,HOLD,1
SOFI,2026-12-18,26.0,0.36,2441,145,61.03554589843752,106,17.049999237060547,🚬菸屁股,HOLD,1
AVGO,2026-09-18,540.0,0.18,6468,145,71.87528125,15,369.67999267578125,🆕低基期(前日Vol5) 🚬菸屁股,HOLD,1
MU,2026-09-18,1350.0,0.3,1458,145,69.38507177734375,15,933.4400024414062,🚬菸屁股,HOLD,1
RKLB,2028-01-21,140.0,8.65,2924,144,78.97970239257812,505,62.540000915527344,🆕低基期(前日Vol12) 🔭LEAPS,HOLD,1
CRWV,2026-09-18,125.0,0.08,5331,144,85.54701953125,15,81.8499984741211,🚀點火(3.8x) 🚬菸屁股 ⚠️尾段價外(53%) ⚠️暴動高IV(86%),BUY_WATCH,1
IBIT,2026-12-18,70.0,0.23,12172,143,49.805189453125,106,43.7599983215332,🚬菸屁股,HOLD,1
LUNR,2026-09-18,15.0,0.92,3461,143,80.4689453125,15,14.720000267028809,🚬菸屁股,HOLD,1
AMZN,2026-10-16,330.0,0.17,5326,143,35.205726074218745,43,254.9199981689453,🚬菸屁股,HOLD,1
BBAI,2026-09-18,3.5,0.04,2944,143,68.7503125,15,2.950000047683716,🚬菸屁股,HOLD,1
PATH,2028-01-21,20.0,5.75,7869,142,78.17404638671876,505,18.139999389648438,🔭LEAPS,HOLD,1
AVGO,2026-09-18,510.0,0.33,2176,141,67.773759765625,15,369.67999267578125,🚬菸屁股,HOLD,1
OKLO,2027-01-15,140.0,0.34,934,140,102.34423828125001,134,38.529998779296875,🆕低基期(前日Vol3) 🚬菸屁股,HOLD,1
IREN,2028-01-21,140.0,4.05,9692,140,94.31158032226561,505,36.81999969482422,🔭LEAPS,HOLD,1
WMT,2028-01-21,130.0,7.62,4675,140,31.769481140136712,505,105.91999816894531,🔭LEAPS,HOLD,1
AVGO,2026-09-18,650.0,0.02,1482,140,87.10950390625,15,369.67999267578125,🚀點火(4.1x) 🚬菸屁股 ⚠️尾段價外(76%) ⚠️暴動高IV(87%),BUY_WATCH,1
HIMS,2026-09-18,33.0,0.45,4879,138,73.24245507812499,15,28.440000534057617,🚬菸屁股,HOLD,1
PATH,2028-01-21,12.0,9.04,4967,137,78.97970239257812,505,18.139999389648438,🔭LEAPS,HOLD,1
MNST,2026-09-18,100.0,0.6,843,137,50.0005,15,44.9900016784668,🚬菸屁股,HOLD,1
MSFT,2026-09-18,650.0,0.02,6442,136,41.79745703125,15,501.0199890136719,🚬菸屁股,HOLD,1
IBIT,2026-11-20,90.0,0.06,7813,136,66.79720703125001,78,43.7599983215332,🚬菸屁股,HOLD,1
AMAT,2026-09-18,550.0,0.91,1601,136,55.640092041015635,15,441.8500061035156,🚬菸屁股,HOLD,1
SOUN,2028-01-21,3.0,4.34,1485,135,80.4689453125,505,6.849999904632568,🆕低基期(前日Vol12) 🔭LEAPS,HOLD,1
DKNG,2026-09-18,30.0,0.03,15720,134,67.96907031250001,15,23.440000534057617,🚬菸屁股,HOLD,1
ZM,2026-09-18,115.0,0.12,2959,134,53.51608984375,15,94.9000015258789,🆕低基期(前日Vol6) 🚬菸屁股,HOLD,1
ONDS,2026-10-16,14.0,0.04,807,134,110.9379453125,43,7.039999961853027,🆕低基期(前日Vol1) 🚬菸屁股,HOLD,1
GOOG,2026-09-18,390.0,0.24,9566,133,39.50255810546876,15,332.0299987792969,🚬菸屁股,HOLD,1
RKLB,2026-09-18,120.0,0.03,7228,133,113.28168359375002,15,62.540000915527344,🚬菸屁股,HOLD,1
RKLB,2028-01-21,120.0,10.83,3500,133,78.9186678466797,505,62.540000915527344,🔭LEAPS,HOLD,1
IREN,2026-09-18,43.0,0.73,1241,133,81.05487695312499,15,36.81999969482422,🚬菸屁股,HOLD,1
MNST,2026-09-18,50.0,0.06,2428,133,32.813171874999995,15,44.9900016784668,🚬菸屁股,HOLD,1
AFRM,2026-09-18,85.0,0.19,2889,133,55.1762294921875,15,69.94000244140625,🚬菸屁股,HOLD,1
UPST,2026-10-16,32.5,0.85,1246,132,65.1370673828125,43,27.389999389648438,🚬菸屁股,HOLD,1
OPEN,2027-02-19,3.0,0.76,1450,132,94.33599414062499,169,3.0399999618530273,🚬菸屁股,HOLD,1
MU,2026-09-18,1500.0,0.16,7362,132,76.75804492187501,15,933.4400024414062,🚬菸屁股,HOLD,1
ZM,2026-09-18,165.0,0.04,1722,131,89.062609375,15,94.9000015258789,🚬菸屁股,HOLD,1
CRWV,2026-10-16,150.0,0.19,6830,131,82.42205078125,43,81.8499984741211,🚀點火(3.5x) 🚬菸屁股 ⚠️尾段價外(83%) ⚠️暴動高IV(82%),BUY_WATCH,1
PCG,2026-09-18,19.5,0.03,1261,131,104.29735351562503,15,14.0600004196167,🚬菸屁股,HOLD,1
DELL,2026-09-18,650.0,0.57,883,131,95.84965087890623,15,425.0,🚬菸屁股,HOLD,1
AMAT,2026-09-18,600.0,0.27,1491,131,62.40271972656251,15,441.8500061035156,🚬菸屁股,HOLD,1
PLUG,2026-12-18,3.0,0.13,5175,131,84.37515624999999,106,2.0899999141693115,🚬菸屁股,HOLD,1
META,2026-12-18,1480.0,0.11,2178,130,58.984785156250005,106,578.5399780273438,🚬菸屁股,HOLD,1
NVDA,2026-09-18,270.0,0.04,27381,129,41.01621484375,15,217.44000244140625,🚬菸屁股,HOLD,1
SMCI,2026-11-20,75.0,0.36,1589,129,86.62122753906249,78,36.709999084472656,🚬菸屁股,HOLD,1
SOFI,2027-01-15,47.0,0.07,21729,129,75.00025000000001,134,17.049999237060547,🆕低基期(前日Vol7) 🚬菸屁股,HOLD,1
META,2026-09-18,1330.0,0.01,1067,129,103.12548437500001,15,578.5399780273438,🚬菸屁股,HOLD,1
AMZN,2028-01-21,410.0,12.0,10367,129,40.06407592773438,505,254.9199981689453,🔭LEAPS,HOLD,1
IBIT,2026-10-16,70.0,0.06,9874,128,60.547269531250016,43,43.7599983215332,🚬菸屁股,HOLD,1
ONDS,2028-01-21,25.0,0.85,7726,128,95.06840869140623,505,7.039999961853027,🆕低基期(前日Vol17) 🔭LEAPS,HOLD,1
OPEN,2026-10-16,3.0,0.32,1451,126,76.95335546875,43,3.0399999618530273,🚬菸屁股,HOLD,1
SMR,2027-01-15,25.0,0.19,7344,126,101.5629921875,134,9.210000038146973,🚬菸屁股,HOLD,1
SOFI,2026-09-18,26.0,0.02,2256,125,92.187578125,15,17.049999237060547,🚀點火(2.8x) 🚬菸屁股 ⚠️尾段價外(52%) ⚠️暴動高IV(92%),BUY_WATCH,1
SOFI,2028-06-16,15.0,6.72,21576,125,68.62824340820313,652,17.049999237060547,🔭LEAPS,HOLD,1
OPEN,2026-09-18,3.0,0.21,2071,125,71.0940390625,15,3.0399999618530273,🚬菸屁股,HOLD,1
ONDS,2026-10-16,12.0,0.06,2746,125,96.0937890625,43,7.039999961853027,🚬菸屁股,HOLD,1
JOBY,2026-09-18,7.0,0.2,870,125,53.51608984375,15,6.690000057220459,🚬菸屁股,HOLD,1
IONQ,2026-09-18,60.0,0.06,4294,123,104.68797656250001,15,37.779998779296875,🚬菸屁股,HOLD,1
HOOD,2026-09-18,200.0,0.01,10080,123,103.12548437500001,15,103.51000213623047,🚀點火(4.0x) 🚬菸屁股 ⚠️尾段價外(93%) ⚠️暴動高IV(103%),BUY_WATCH,1
GOOGL,2028-01-21,575.0,11.55,3940,123,39.53765296936035,505,335.0199890136719,🔭LEAPS,HOLD,1
HOOD,2026-12-18,240.0,0.44,1932,122,75.00025000000001,106,103.51000213623047,🚬菸屁股,HOLD,1
PLUG,2027-01-15,7.0,0.03,27688,121,112.5004375,134,2.0899999141693115,🚬菸屁股,HOLD,1
OKLO,2026-11-20,95.0,0.32,6372,120,99.1211025390625,78,38.529998779296875,🚬菸屁股,HOLD,1
BBAI,2027-01-15,12.0,0.04,16287,120,117.96916015624998,134,2.950000047683716,🚬菸屁股,HOLD,1
BBAI,2028-01-21,3.0,1.22,11075,120,94.33599414062499,505,2.950000047683716,🔭LEAPS,HOLD,1
UUUU,2027-01-15,30.0,0.28,19856,120,80.5666005859375,134,14.220000267028809,🚬菸屁股,HOLD,1
TSLA,2026-09-18,480.0,0.27,6295,119,62.793340820312515,15,356.0899963378906,🚬菸屁股,HOLD,1
BBAI,2028-01-21,10.0,0.45,23601,119,100.39112304687498,505,2.950000047683716,🔭LEAPS,HOLD,1
ASTS,2026-11-20,150.0,0.33,4386,118,99.023447265625,78,55.79999923706055,🚬菸屁股,HOLD,1
SMCI,2026-09-18,47.0,0.21,1565,117,78.4181845703125,15,36.709999084472656,🚬菸屁股,HOLD,1
SOFI,2026-11-20,28.0,0.16,1977,117,65.62534375000001,78,17.049999237060547,🚬菸屁股,HOLD,1
PLUG,2028-01-21,1.0,1.3,8262,117,91.4063359375,505,2.0899999141693115,🆕低基期(前日Vol6) 🔭LEAPS,HOLD,1
UUUU,2026-10-16,19.0,0.27,1535,117,70.41045214843751,43,14.220000267028809,🚬菸屁股,HOLD,1
AFRM,2026-09-18,90.0,0.1,1650,117,57.42230078125,15,69.94000244140625,🚬菸屁股,HOLD,1
OKLO,2026-10-16,65.0,0.3,1421,116,91.6993017578125,43,38.529998779296875,🚬菸屁股,HOLD,1
SOFI,2026-11-20,24.0,0.32,4491,116,60.74258007812501,78,17.049999237060547,🚬菸屁股,HOLD,1
GOOGL,2026-09-18,362.5,0.99,2634,116,28.77268493652343,15,335.0199890136719,🚬菸屁股,HOLD,1
PLUG,2028-01-21,5.0,0.39,13097,116,93.164130859375,505,2.0899999141693115,🔭LEAPS,HOLD,1
RUN,2027-01-15,20.0,0.12,17524,116,84.179845703125,134,8.369999885559082,🚬菸屁股,HOLD,1
IREN,2026-09-18,44.0,0.59,3096,115,81.73846386718748,15,36.81999969482422,🚬菸屁股,HOLD,1
IREN,2026-09-18,70.0,0.04,15255,115,130.46909765624997,15,36.81999969482422,🚬菸屁股,HOLD,1
ASTS,2026-09-18,110.0,0.05,3548,114,134.76595117187497,15,55.79999923706055,🚀點火(3.8x) 🚬菸屁股 ⚠️尾段價外(97%) ⚠️暴動高IV(135%),BUY_WATCH,1
SOFI,2028-01-21,32.0,1.79,7319,113,65.03941210937501,505,17.049999237060547,🆕低基期(前日Vol1) 🔭LEAPS,HOLD,1
SOFI,2028-06-16,42.0,1.68,3158,113,65.99155102539062,652,17.049999237060547,🆕低基期(前日Vol5) 🔭LEAPS,HOLD,1
TSLA,2026-09-18,600.0,0.08,10855,112,95.312546875,15,356.0899963378906,🚬菸屁股,HOLD,1
META,2026-09-18,725.0,0.21,1870,112,46.14311669921876,15,578.5399780273438,🚬菸屁股,HOLD,1
ASTS,2027-01-15,150.0,0.86,11548,111,93.40826904296875,134,55.79999923706055,🚬菸屁股,HOLD,1
ONDS,2026-12-18,16.0,0.13,1119,111,94.5313046875,106,7.039999961853027,🚬菸屁股,HOLD,1
AVGO,2026-10-16,600.0,0.24,1564,111,57.910577148437504,43,369.67999267578125,🚬菸屁股,HOLD,1
HIMS,2027-01-15,105.0,0.19,12506,110,108.10592822265626,134,28.440000534057617,🆕低基期(前日Vol2) 🚬菸屁股,HOLD,1
META,2026-09-18,820.0,0.06,1055,110,55.859816406250005,15,578.5399780273438,🚬菸屁股,HOLD,1
JOBY,2026-11-20,10.0,0.17,3188,109,74.60962890625001,78,6.690000057220459,🚬菸屁股,HOLD,1
UUUU,2026-09-18,15.0,0.54,1925,109,67.96907031250001,15,14.220000267028809,🚬菸屁股,HOLD,1
AFRM,2026-09-18,125.0,0.03,1132,109,92.187578125,15,69.94000244140625,🚬菸屁股,HOLD,1
NVDA,2028-01-21,200.0,53.8,27535,108,46.86332434082031,505,217.44000244140625,🔭LEAPS,HOLD,1
IONQ,2026-09-18,55.0,0.12,7173,108,97.26565234374999,15,37.779998779296875,🚬菸屁股,HOLD,1
HIMS,2026-09-18,38.0,0.13,1486,108,85.937640625,15,28.440000534057617,🚬菸屁股,HOLD,1
SOFI,2028-06-16,37.0,2.14,4545,107,64.52672192382812,652,17.049999237060547,🆕低基期(前日Vol3) 🔭LEAPS,HOLD,1
PATH,2028-01-21,15.0,7.51,7711,107,77.17307983398439,505,18.139999389648438,🔭LEAPS,HOLD,1
CRWV,2026-10-16,200.0,0.04,3114,107,93.35944140625,43,81.8499984741211,🆕低基期(前日Vol7) 🚬菸屁股,HOLD,1
UPST,2028-01-21,35.0,7.59,1318,106,79.51680639648437,505,27.389999389648438,🆕低基期(前日Vol14) 🔭LEAPS,HOLD,1
PACB,2027-01-15,1.5,0.25,8705,106,121.09414453124998,134,1.2799999713897705,🚬菸屁股,HOLD,1
NVDA,2028-01-21,270.0,26.43,8345,105,43.198199859619145,505,217.44000244140625,🆕低基期(前日Vol14) 🔭LEAPS,HOLD,1
OKLO,2026-11-20,75.0,0.65,1626,105,94.92192578125,78,38.529998779296875,🚬菸屁股,HOLD,1
DKNG,2026-09-18,35.0,0.02,6079,105,93.35944140625,15,23.440000534057617,🚬菸屁股,HOLD,1
HIMS,2028-01-21,75.0,4.0,1579,105,86.54798608398437,505,28.440000534057617,🆕低基期(前日Vol2) 🔭LEAPS,HOLD,1
GOOGL,2026-10-16,430.0,0.49,3801,104,36.69496899414062,43,335.0199890136719,🆕低基期(前日Vol8) 🚬菸屁股,HOLD,1
SOFI,2026-09-18,24.0,0.02,4910,103,77.3439765625,15,17.049999237060547,🚬菸屁股,HOLD,1
SOFI,2026-09-18,27.0,0.01,13374,103,92.187578125,15,17.049999237060547,🚀點火(2.6x) 🚬菸屁股 ⚠️尾段價外(58%) ⚠️暴動高IV(92%),BUY_WATCH,1
SOFI,2027-01-15,24.0,0.68,4788,103,58.984785156250005,134,17.049999237060547,🚬菸屁股,HOLD,1
AMZN,2026-10-16,340.0,0.1,3863,103,36.47524462890625,43,254.9199981689453,🆕低基期(前日Vol5) 🚬菸屁股,HOLD,1
DIS,2028-01-21,170.0,2.25,2882,103,31.464308410644527,505,106.22000122070312,🔭LEAPS,HOLD,1
IONQ,2026-10-16,55.0,0.3,1017,102,25.00075,43,37.779998779296875,🚬菸屁股,HOLD,1
LUNR,2027-01-15,30.0,0.72,2407,102,98.9257919921875,134,14.720000267028809,🚬菸屁股,HOLD,1
GOOGL,2026-09-18,450.0,0.05,12472,102,52.14891601562499,15,335.0199890136719,🆕低基期(前日Vol8) 🚬菸屁股,HOLD,1
GOOGL,2026-11-20,480.0,0.68,3618,102,41.321387573242184,78,335.0199890136719,🚬菸屁股,HOLD,1
UPST,2027-01-15,50.0,0.77,4484,101,75.83031982421876,134,27.389999389648438,🚬菸屁股,HOLD,1
BBAI,2027-01-15,17.0,0.03,27690,101,129.6878515625,134,2.950000047683716,🆕低基期(前日Vol18) 🚬菸屁股,HOLD,1
IONQ,2027-01-15,110.0,0.55,2652,100,96.289099609375,134,37.779998779296875,🚬菸屁股,HOLD,1
HIMS,2026-09-18,31.0,0.77,928,100,68.4573466796875,15,28.440000534057617,🚬菸屁股,HOLD,1
LUNR,2026-09-18,18.0,0.22,2598,100,85.54701953125,15,14.720000267028809,🚬菸屁股,HOLD,1
JOBY,2027-01-15,22.0,0.05,6566,100,89.84385156249999,134,6.690000057220459,🚬菸屁股,HOLD,1
WMT,2026-12-18,150.0,0.15,3191,100,32.617861328124995,106,105.91999816894531,🚬菸屁股,HOLD,1
PCG,2026-09-18,26.0,0.02,5068,100,128.90660546875,15,14.0600004196167,🆕低基期(前日Vol8) 🚬菸屁股,HOLD,1
NNDM,2027-01-15,1.5,0.25,25361,100,72.6565234375,134,1.559999942779541,🚬菸屁股,HOLD,1
SOUN,2027-01-15,15.0,0.18,22934,100,90.23447265624999,134,6.849999904632568,🚬菸屁股,HOLD,1
JOBY,2026-11-20,7.0,0.83,1266,99,70.50810742187501,78,6.690000057220459,🚬菸屁股,HOLD,1
TSLA,2028-01-21,500.0,47.0,6446,98,52.74858042907715,505,356.0899963378906,🔭LEAPS,HOLD,1
INTC,2028-01-21,150.0,13.6,9787,98,67.6883114013672,505,88.97000122070312,🔭LEAPS,HOLD,1
SOFI,2026-09-18,21.5,0.04,1253,98,64.8441015625,15,17.049999237060547,🚬菸屁股,HOLD,1
SOFI,2028-01-21,40.0,1.28,16597,98,66.60189648437502,505,17.049999237060547,🔭LEAPS,HOLD,1
LUNR,2026-09-18,23.0,0.12,2087,98,121.09414453124998,15,14.720000267028809,🆕低基期(前日Vol3) 🚬菸屁股,HOLD,1
PLTR,2026-09-18,410.0,0.01,6930,97,117.1879140625,15,179.9199981689453,🚬菸屁股,HOLD,1
SOFI,2028-06-16,35.0,2.35,9679,97,65.40561938476563,652,17.049999237060547,🔭LEAPS,HOLD,1
HIMS,2026-09-18,34.0,0.33,3250,97,72.3635576171875,15,28.440000534057617,🚬菸屁股,HOLD,1
JOBY,2026-10-16,7.0,0.48,773,97,64.648791015625,43,6.690000057220459,🚬菸屁股,HOLD,1
PLUG,2027-01-15,4.0,0.09,22457,97,94.14068359375,134,2.0899999141693115,🚬菸屁股,HOLD,1
EVGO,2027-01-15,3.0,0.03,1178,97,89.062609375,134,1.2699999809265137,🆕低基期(前日Vol3) 🚬菸屁股,HOLD,1
ONDS,2027-01-15,14.0,0.3,3889,96,94.33599414062499,134,7.039999961853027,🚬菸屁股,HOLD,1
EVGO,2027-01-15,2.5,0.08,1697,96,101.5629921875,134,1.2699999809265137,🆕低基期(前日Vol19) 🚬菸屁股,HOLD,1
OKTA,2026-09-18,200.0,0.66,1798,96,56.592230957031255,15,166.42999267578125,🚬菸屁股,HOLD,1
NVDA,2028-01-21,230.0,40.16,14957,95,44.778994598388664,505,217.44000244140625,🔭LEAPS,HOLD,1
SMR,2026-11-20,11.0,0.87,4976,95,89.94150683593749,78,9.210000038146973,🚬菸屁股,HOLD,1
UUUU,2026-09-18,17.0,0.15,1422,95,71.28934960937501,15,14.220000267028809,🚬菸屁股,HOLD,1
NVDA,2028-01-21,460.0,4.55,5303,93,42.42916458129883,505,217.44000244140625,🔭LEAPS,HOLD,1
UPST,2026-09-18,32.5,0.19,1484,93,63.281617187500004,15,27.389999389648438,🚬菸屁股,HOLD,1
SMR,2026-09-18,9.0,0.65,2232,93,74.60962890625001,15,9.210000038146973,🚬菸屁股,HOLD,1
SMR,2028-01-21,20.0,2.12,4808,93,98.7304814453125,505,9.210000038146973,🔭LEAPS,HOLD,1
RUN,2026-09-18,12.0,0.01,2772,93,82.81267187499999,15,8.369999885559082,🆕低基期(前日Vol8) 🚬菸屁股,HOLD,1
ACHR,2027-01-15,17.0,0.09,9499,92,103.12548437500001,134,5.559999942779541,🚬菸屁股,HOLD,1
MU,2026-09-18,1400.0,0.23,2345,92,72.80300634765625,15,933.4400024414062,🚬菸屁股,HOLD,1
SOUN,2026-09-18,10.0,0.02,3915,92,93.7500625,15,6.849999904632568,🚬菸屁股,HOLD,1
BBAI,2026-12-18,6.0,0.09,4836,92,95.70316796875,106,2.950000047683716,🚬菸屁股,HOLD,1
SMCI,2026-12-18,96.0,0.75,997,91,92.0899228515625,106,36.709999084472656,🚬菸屁股,HOLD,1
SOFI,2026-12-18,32.0,0.12,4110,91,66.60189648437502,106,17.049999237060547,🆕低基期(前日Vol8) 🚬菸屁股,HOLD,1
NTLA,2026-09-18,13.0,0.76,1440,91,81.445498046875,15,12.6850004196167,🚬菸屁股,HOLD,1
RDDT,2026-09-18,200.0,0.11,3353,91,68.06672558593752,15,144.63999938964844,🚬菸屁股,HOLD,1
GOOGL,2026-09-18,500.0,0.02,6463,91,65.62534375000001,15,335.0199890136719,🚬菸屁股,HOLD,1
MU,2026-09-18,1240.0,0.87,967,91,62.671271728515634,15,933.4400024414062,🚬菸屁股,HOLD,1
UUUU,2026-09-18,18.0,0.08,5503,91,79.29708203125,15,14.220000267028809,🚬菸屁股,HOLD,1
GOOGL,2026-10-16,500.0,0.15,4010,90,47.363807617187504,43,335.0199890136719,🚬菸屁股,HOLD,1
PACB,2027-01-15,5.0,0.05,3474,89,141.40654296875002,134,1.2799999713897705,🚬菸屁股,HOLD,1
DKNG,2026-09-18,40.0,0.01,10281,88,90.62509374999999,15,23.440000534057617,🚬菸屁股,HOLD,1
HIMS,2026-11-20,50.0,0.74,1584,88,88.5743330078125,78,28.440000534057617,🚬菸屁股,HOLD,1
KTOS,2026-09-18,60.0,0.2,3388,87,59.96133789062501,15,49.34000015258789,🚬菸屁股,HOLD,1
PCG,2026-12-18,19.0,0.32,25636,87,51.07470800781251,106,14.0600004196167,🚬菸屁股,HOLD,1
HIMS,2026-09-18,32.0,0.56,1542,86,70.21514160156251,15,28.440000534057617,🚬菸屁股,HOLD,1
AMAT,2026-09-18,610.0,0.18,1608,86,65.52768847656252,15,441.8500061035156,🚬菸屁股,HOLD,1
INTC,2027-01-15,195.0,0.86,13387,85,72.51004052734375,134,88.97000122070312,🚬菸屁股,HOLD,1
ONDS,2026-12-18,20.0,0.08,6764,85,106.64109179687502,106,7.039999961853027,🚬菸屁股,HOLD,1
SMR,2027-01-15,27.0,0.18,1801,85,111.9145029296875,134,9.210000038146973,🆕低基期(前日Vol6) 🚬菸屁股,HOLD,1
META,2026-09-18,720.0,0.24,3920,85,45.361874511718746,15,578.5399780273438,🚬菸屁股,HOLD,1
RKLB,2026-10-16,110.0,0.26,4241,84,85.1563984375,43,62.540000915527344,🚬菸屁股,HOLD,1
SOFI,2028-06-16,23.0,4.2,7306,84,65.77182666015625,652,17.049999237060547,🔭LEAPS,HOLD,1
CRWV,2028-01-21,195.0,9.91,3770,84,77.80173565673829,505,81.8499984741211,🔭LEAPS,HOLD,1
AMAT,2026-09-18,980.0,0.01,817,84,119.141029296875,15,441.8500061035156,🚬菸屁股,HOLD,1
RKLB,2026-09-18,95.0,0.09,3178,83,91.01571484374999,15,62.540000915527344,🚬菸屁股,HOLD,1
JOBY,2026-11-20,8.0,0.44,2233,83,71.48466015625,78,6.690000057220459,🚬菸屁股,HOLD,1
ACHR,2026-10-16,5.0,0.85,2533,83,67.96907031250001,43,5.559999942779541,🚬菸屁股,HOLD,1
PCG,2028-01-21,30.0,0.21,3371,83,44.5318046875,505,14.0600004196167,🔭LEAPS,HOLD,1
NEE,2026-10-16,87.5,0.9,768,83,22.534954345703124,43,82.93000030517578,🚬菸屁股,HOLD,1
PLUG,2028-01-21,4.5,0.44,6852,83,90.82040429687498,505,2.0899999141693115,🆕低基期(前日Vol12) 🔭LEAPS,HOLD,1
RUN,2026-11-20,12.0,0.31,3282,83,78.9064609375,78,8.369999885559082,🚬菸屁股,HOLD,1
NVDA,2028-01-21,280.0,24.1,8436,82,42.967794448852544,505,217.44000244140625,🔭LEAPS,HOLD,1
MSTR,2027-01-15,1080.0,0.12,12167,82,120.21524267578125,134,124.87999725341797,🚬菸屁股,HOLD,1
OKLO,2026-09-18,55.0,0.11,1809,82,96.48441015625,15,38.529998779296875,🚬菸屁股,HOLD,1
AVGO,2026-10-16,520.0,0.99,1284,82,52.356433471679686,43,369.67999267578125,🚬菸屁股,HOLD,1
AVGO,2027-01-15,740.0,0.96,9688,82,53.19871020507813,134,369.67999267578125,🚬菸屁股,HOLD,1
AMZN,2026-09-18,282.5,0.38,978,82,30.78682495117187,15,254.9199981689453,🚬菸屁股,HOLD,1
AMZN,2026-09-18,305.0,0.09,9208,82,40.1373173828125,15,254.9199981689453,🚬菸屁股,HOLD,1
UUUU,2026-10-16,25.0,0.05,1178,82,82.81267187499999,43,14.220000267028809,🚬菸屁股,HOLD,1
RKLB,2028-01-21,110.0,12.0,9983,81,79.72432385253907,505,62.540000915527344,🔭LEAPS,HOLD,1
EDIT,2026-09-18,5.0,0.05,1113,81,137.50031249999998,15,3.069999933242798,🚬菸屁股,HOLD,1
AFRM,2028-01-21,135.0,6.9,1762,81,62.005995178222676,505,69.94000244140625,🔭LEAPS,HOLD,1
HIMS,2026-09-18,45.0,0.03,1681,80,105.46922265625001,15,28.440000534057617,🚬菸屁股,HOLD,1
IONQ,2028-01-21,70.0,8.0,1508,79,84.88784643554688,505,37.779998779296875,🔭LEAPS,HOLD,1
IREN,2026-09-18,46.0,0.37,2423,79,84.66812207031249,15,36.81999969482422,🚬菸屁股,HOLD,1
SMR,2026-10-16,17.0,0.07,3609,79,101.172369140625,43,9.210000038146973,🆕低基期(前日Vol11) 🚬菸屁股,HOLD,1
META,2028-01-21,1500.0,8.65,10621,79,46.960979614257816,505,578.5399780273438,🔭LEAPS,HOLD,1
SOUN,2026-10-16,11.0,0.08,4033,79,85.937640625,43,6.849999904632568,🚬菸屁股,HOLD,1
AFRM,2026-09-18,95.0,0.02,2599,79,66.01596484375001,15,69.94000244140625,🚬菸屁股,HOLD,1
DKNG,2026-10-16,30.0,0.22,2662,78,52.93015820312501,43,23.440000534057617,🚬菸屁股,HOLD,1
XYZ,2026-10-16,90.0,0.9,842,78,40.67442138671875,43,77.87999725341797,🚬菸屁股,HOLD,1
RUN,2026-09-18,10.0,0.05,3306,78,65.62534375000001,15,8.369999885559082,🚬菸屁股,HOLD,1
TSLA,2027-01-15,950.0,0.65,16728,77,67.09017285156251,134,356.0899963378906,🆕低基期(前日Vol3) 🚬菸屁股,HOLD,1
NVDA,2026-10-16,460.0,0.01,17228,77,64.8441015625,43,217.44000244140625,🚬菸屁股,HOLD,1
ASTS,2026-11-20,190.0,0.15,2982,77,112.98871630859378,78,55.79999923706055,🚬菸屁股,HOLD,1
IREN,2026-10-16,85.0,0.11,1279,77,125.19568652343749,43,36.81999969482422,🆕低基期(前日Vol7) 🚬菸屁股,HOLD,1
ONDS,2026-09-18,9.5,0.04,1455,77,93.7500625,15,7.039999961853027,🚬菸屁股,HOLD,1
MNST,2026-09-18,45.0,0.95,1437,77,25.928475097656257,15,44.9900016784668,🚬菸屁股,HOLD,1
IBIT,2026-09-18,53.0,0.05,5080,76,47.6567734375,15,43.7599983215332,🚬菸屁股,HOLD,1
SMCI,2026-11-20,65.0,0.59,6961,76,84.57046679687498,78,36.709999084472656,🚬菸屁股,HOLD,1
IONQ,2028-01-21,120.0,4.1,2373,76,86.87757263183593,505,37.779998779296875,🔭LEAPS,HOLD,1
DKNG,2026-11-20,35.0,0.28,1390,76,58.00823242187501,78,23.440000534057617,🚬菸屁股,HOLD,1
DKNG,2026-12-18,30.0,0.98,11500,76,59.277750976562515,106,23.440000534057617,🚬菸屁股,HOLD,1
AVGO,2026-09-18,470.0,0.85,4136,76,62.32947827148438,15,369.67999267578125,🚬菸屁股,HOLD,1
AVGO,2026-09-18,570.0,0.1,1646,76,77.44163183593751,15,369.67999267578125,🆕低基期(前日Vol2) 🚬菸屁股,HOLD,1
SOUN,2027-01-15,20.0,0.1,17632,76,101.5629921875,134,6.849999904632568,🚬菸屁股,HOLD,1
HOOD,2026-09-18,140.0,0.15,9447,75,70.41045214843751,15,103.51000213623047,🚬菸屁股,HOLD,1
GOOGL,2026-10-16,445.0,0.37,1152,75,41.52890502929687,43,335.0199890136719,🆕低基期(前日Vol4) 🚬菸屁股,HOLD,1
DIS,2026-10-16,130.0,0.08,1095,75,32.32489550781249,43,106.22000122070312,🚬菸屁股,HOLD,1
MU,2026-11-20,2500.0,0.48,861,75,78.24728784179689,78,933.4400024414062,🚬菸屁股,HOLD,1
RUN,2026-11-20,10.0,0.65,5239,75,80.07832421875,78,8.369999885559082,🚬菸屁股,HOLD,1
IREN,2026-09-18,48.0,0.25,2840,74,85.35170898437501,15,36.81999969482422,🚬菸屁股,HOLD,1
SMR,2028-01-21,23.0,1.85,916,74,98.87696435546876,505,9.210000038146973,🆕低基期(前日Vol2) 🔭LEAPS,HOLD,1
NEE,2026-09-18,100.0,0.01,6095,74,33.5944140625,15,82.93000030517578,🚬菸屁股,HOLD,1
PLUG,2026-12-18,2.0,0.4,1751,74,83.59391406249999,106,2.0899999141693115,🚬菸屁股,HOLD,1
UUUU,2026-10-16,18.0,0.38,2402,74,72.26590234375,43,14.220000267028809,🚬菸屁股,HOLD,1
EVGO,2028-01-21,3.0,0.3,2402,74,111.328568359375,505,1.2699999809265137,🆕低基期(前日Vol10) 🔭LEAPS,HOLD,1
SMCI,2026-09-18,46.0,0.28,1724,73,77.73459765625,15,36.709999084472656,🚬菸屁股,HOLD,1
AMD,2026-09-18,700.0,0.06,6559,72,67.96907031250001,15,459.6099853515625,🚬菸屁股,HOLD,1
IREN,2026-10-16,75.0,0.14,5074,72,102.53954980468751,43,36.81999969482422,🚬菸屁股,HOLD,1
CRWV,2026-09-18,140.0,0.03,14599,72,96.48441015625,15,81.8499984741211,🆕低基期(前日Vol4) 🚬菸屁股,HOLD,1
NEE,2027-01-15,100.0,0.56,5773,72,23.19412744140625,134,82.93000030517578,🚬菸屁股,HOLD,1
DDD,2028-01-21,3.0,1.65,1606,72,104.29735351562503,505,3.2899999618530273,🆕低基期(前日Vol15) 🔭LEAPS,HOLD,1
SMCI,2026-09-18,42.5,0.64,1586,71,73.633076171875,15,36.709999084472656,🚬菸屁股,HOLD,1
PCG,2026-12-18,23.0,0.04,6207,71,73.82838671875,106,14.0600004196167,🚬菸屁股,HOLD,1
META,2026-09-18,1170.0,0.01,1163,71,89.062609375,15,578.5399780273438,🚬菸屁股,HOLD,1
TGT,2026-09-18,175.0,0.69,2544,71,30.713583496093744,15,163.75,🚬菸屁股,HOLD,1
PLUG,2026-12-18,5.0,0.03,2680,71,97.6562734375,106,2.0899999141693115,🚬菸屁股,HOLD,1
BBAI,2028-01-21,15.0,0.3,10037,71,103.71141894531253,505,2.950000047683716,🔭LEAPS,HOLD,1
UUUU,2026-11-20,18.0,0.86,2353,71,73.92604199218749,78,14.220000267028809,🚬菸屁股,HOLD,1
AFRM,2027-01-15,120.0,0.74,826,71,56.592230957031255,134,69.94000244140625,🚬菸屁股,HOLD,1
ASTS,2026-10-16,150.0,0.1,2140,70,127.34411328124997,43,55.79999923706055,🆕低基期(前日Vol1) 🚬菸屁股,HOLD,1
IREN,2026-10-16,90.0,0.04,6935,70,109.76607617187501,43,36.81999969482422,🚬菸屁股,HOLD,1
IREN,2026-10-16,105.0,0.13,844,70,149.21900390624998,43,36.81999969482422,🚬菸屁股,HOLD,1
SMR,2028-01-21,10.0,3.75,7949,70,98.48634326171876,505,9.210000038146973,🔭LEAPS,HOLD,1
RDDT,2026-09-18,175.0,0.6,1313,70,58.93595751953126,15,144.63999938964844,🚬菸屁股,HOLD,1
BBAI,2027-01-15,3.0,0.59,10852,70,81.64080859375,134,2.950000047683716,🚬菸屁股,HOLD,1
EVGO,2028-01-21,2.0,0.48,3035,70,116.01604492187501,505,1.2699999809265137,🆕低基期(前日Vol5) 🔭LEAPS,HOLD,1
IREN,2027-01-15,95.0,0.75,6577,69,96.04496142578124,134,36.81999969482422,🚬菸屁股,HOLD,1
OPEN,2026-09-18,5.0,0.02,11709,69,128.125359375,15,3.0399999618530273,🚬菸屁股,HOLD,1
FLNC,2028-01-21,15.0,3.88,1085,69,104.44383715820314,505,10.420000076293945,🆕低基期(前日Vol16) 🔭LEAPS,HOLD,1
BBAI,2028-01-21,7.0,0.61,9393,69,99.95117236328124,505,2.950000047683716,🔭LEAPS,HOLD,1
NVDA,2028-01-21,350.0,11.8,28897,68,42.117888397216795,505,217.44000244140625,🔭LEAPS,HOLD,1
RKLB,2028-01-21,210.0,4.55,6039,68,79.35811657714844,505,62.540000915527344,🔭LEAPS,HOLD,1
NBIS,2026-09-18,350.0,0.23,3476,68,113.18402783203125,15,199.5399932861328,🚬菸屁股,HOLD,1
SMR,2027-01-15,17.0,0.49,2576,68,92.38288867187501,134,9.210000038146973,🆕低基期(前日Vol1) 🚬菸屁股,HOLD,1
META,2026-10-16,800.0,0.57,4405,68,43.286699951171876,43,578.5399780273438,🚬菸屁股,HOLD,1
SMCI,2026-09-18,80.0,0.01,2534,67,135.93782031249998,15,36.709999084472656,🆕低基期(前日Vol7) 🚬菸屁股,HOLD,1
ONDS,2027-01-15,13.0,0.34,2969,67,89.94150683593749,134,7.039999961853027,🚬菸屁股,HOLD,1
GOOGL,2026-09-18,445.0,0.19,842,67,60.49844189453126,15,335.0199890136719,🆕低基期(前日Vol11) 🚬菸屁股,HOLD,1
RUN,2027-01-15,10.0,0.96,4942,67,78.51583984375,134,8.369999885559082,🚬菸屁股,HOLD,1
MSTR,2026-09-18,300.0,0.01,6002,66,141.40654296875002,15,124.87999725341797,🚬菸屁股,HOLD,1
UPST,2026-09-18,40.0,0.02,9098,66,80.4689453125,15,27.389999389648438,🚬菸屁股,HOLD,1
UPST,2026-12-18,45.0,0.8,1075,66,78.4181845703125,106,27.389999389648438,🚬菸屁股,HOLD,1
HOOD,2026-09-18,135.0,0.23,8853,66,71.24052197265625,15,103.51000213623047,🚬菸屁股,HOLD,1
NTLA,2028-01-21,15.0,4.8,2299,66,96.33792724609374,505,12.6850004196167,🔭LEAPS,HOLD,1
GOOGL,2026-10-16,490.0,0.17,6461,66,49.951672363281254,43,335.0199890136719,🚬菸屁股,HOLD,1
MU,2026-09-18,2170.0,0.03,1140,66,113.28168359375002,15,933.4400024414062,🚬菸屁股,HOLD,1
VELO,2026-09-18,15.0,0.19,2351,66,115.625421875,15,11.25,🚬菸屁股,HOLD,1
UUUU,2028-01-21,10.0,7.06,1795,66,85.79115771484375,505,14.220000267028809,🆕低基期(前日Vol9) 🔭LEAPS,HOLD,1
OKLO,2026-10-16,95.0,0.1,2272,65,116.2113564453125,43,38.529998779296875,🆕低基期(前日Vol6) 🚬菸屁股,HOLD,1
HOOD,2026-10-16,160.0,0.46,2379,65,71.7776259765625,43,103.51000213623047,🚬菸屁股,HOLD,1
PACB,2026-12-18,2.0,0.1,1789,65,89.84385156249999,106,1.2799999713897705,🚬菸屁股,HOLD,1
SMR,2026-11-20,12.0,0.68,3462,65,95.01958105468748,78,9.210000038146973,🚬菸屁股,HOLD,1
CRWV,2026-10-16,140.0,0.32,8070,65,79.9806689453125,43,81.8499984741211,🚬菸屁股,HOLD,1
GOOGL,2026-09-18,465.0,0.16,790,65,58.5941640625,15,335.0199890136719,🆕低基期(前日Vol1) 🚬菸屁股,HOLD,1
SOFI,2028-01-21,10.0,8.75,4646,64,81.68963623046875,505,17.049999237060547,🔭LEAPS,HOLD,1
ONDS,2026-12-18,13.0,0.25,4006,64,87.695435546875,106,7.039999961853027,🚬菸屁股,HOLD,1
RDDT,2026-09-18,185.0,0.27,1527,64,61.71913281250001,15,144.63999938964844,🚬菸屁股,HOLD,1
PLUG,2028-01-21,5.5,0.33,10139,64,93.35944140625,505,2.0899999141693115,🔭LEAPS,HOLD,1
NVDA,2028-01-21,190.0,59.0,8627,63,48.1099549407959,505,217.44000244140625,🔭LEAPS,HOLD,1
NVDA,2028-01-21,260.0,29.35,9804,63,43.49116567993164,505,217.44000244140625,🆕低基期(前日Vol3) 🔭LEAPS,HOLD,1
MSTR,2026-12-18,500.0,0.3,7497,63,104.68797656250001,106,124.87999725341797,🆕低基期(前日Vol17) 🚬菸屁股,HOLD,1
COIN,2026-09-18,260.0,0.2,5256,63,85.6446748046875,15,176.82000732421875,🚬菸屁股,HOLD,1
SMCI,2026-12-18,70.0,0.78,2706,63,83.34977587890623,106,36.709999084472656,🆕低基期(前日Vol10) 🚬菸屁股,HOLD,1
U,2026-09-18,44.0,0.75,1207,63,52.734847656250004,15,40.91999816894531,🚬菸屁股,HOLD,1
PATH,2027-01-15,37.0,0.37,5076,63,78.12521875,134,18.139999389648438,🆕低基期(前日Vol16) 🚬菸屁股,HOLD,1
PLTR,2028-01-21,200.0,44.5,10724,62,61.603167175292974,505,179.9199981689453,🔭LEAPS,HOLD,1
OKLO,2028-01-21,70.0,8.91,3682,62,88.80626428222655,505,38.529998779296875,🆕低基期(前日Vol5) 🔭LEAPS,HOLD,1
ASTS,2028-01-21,125.0,10.25,1004,62,87.04236590576171,505,55.79999923706055,🆕低基期(前日Vol13) 🔭LEAPS,HOLD,1
ASTS,2028-01-21,135.0,8.95,1859,62,86.46253771972655,505,55.79999923706055,🆕低基期(前日Vol6) 🔭LEAPS,HOLD,1
IREN,2026-12-18,80.0,0.85,5481,62,95.70316796875,106,36.81999969482422,🚬菸屁股,HOLD,1
ACHR,2026-09-18,8.0,0.03,5957,62,101.5629921875,15,5.559999942779541,🚬菸屁股,HOLD,1
GOOGL,2028-01-21,690.0,10.9,2942,62,40.00609310913086,505,335.0199890136719,🔭LEAPS,HOLD,1
NEE,2026-09-18,92.5,0.05,4061,62,26.17261328125,15,82.93000030517578,🚬菸屁股,HOLD,1
SEDG,2026-09-18,40.0,0.34,5398,62,83.8868798828125,15,32.4900016784668,🚬菸屁股,HOLD,1
SOUN,2028-01-21,25.0,0.65,2389,62,90.23447265624999,505,6.849999904632568,🔭LEAPS,HOLD,1
HIMS,2026-10-16,36.0,0.82,1082,61,70.36162451171876,43,28.440000534057617,🚬菸屁股,HOLD,1
CRWV,2027-01-15,260.0,0.35,1877,61,88.08605664062499,134,81.8499984741211,🆕低基期(前日Vol1) 🚬菸屁股,HOLD,1
PLUG,2026-12-18,4.0,0.06,16913,61,93.7500625,106,2.0899999141693115,🆕低基期(前日Vol12) 🚬菸屁股,HOLD,1
PLUG,2027-01-15,5.5,0.06,17151,61,100.78174609374999,134,2.0899999141693115,🚬菸屁股,HOLD,1
RKLB,2027-01-15,200.0,0.39,3463,60,90.57626611328125,134,62.540000915527344,🆕低基期(前日Vol16) 🚬菸屁股,HOLD,1
ASTS,2028-01-21,185.0,5.95,901,60,87.43909045410156,505,55.79999923706055,🔭LEAPS,HOLD,1
SOFI,2028-06-16,13.0,7.68,3499,60,76.61156201171876,652,17.049999237060547,🆕低基期(前日Vol11) 🔭LEAPS,HOLD,1
PATH,2028-01-21,30.0,3.45,6290,60,74.85376708984376,505,18.139999389648438,🔭LEAPS,HOLD,1
OPEN,2026-12-18,8.0,0.06,2083,60,112.5004375,106,3.0399999618530273,🆕低基期(前日Vol2) 🚬菸屁股,HOLD,1
ONDS,2027-01-15,18.0,0.12,2230,60,96.87503124999999,134,7.039999961853027,🚬菸屁股,HOLD,1
LUNR,2026-09-18,17.0,0.36,1283,60,90.62509374999999,15,14.720000267028809,🚬菸屁股,HOLD,1
META,2026-09-18,665.0,0.92,1782,60,38.74572973632812,15,578.5399780273438,🚬菸屁股,HOLD,1
GOOGL,2026-09-18,575.0,0.01,3357,60,87.30481445312499,15,335.0199890136719,🆕低基期(前日Vol2) 🚬菸屁股,HOLD,1
RUN,2028-01-21,13.0,1.9,7998,60,80.02949658203124,505,8.369999885559082,🔭LEAPS,HOLD,1
EDIT,2026-11-20,5.0,0.15,1163,60,108.59420703125,78,3.069999933242798,🆕低基期(前日Vol11) 🚬菸屁股,HOLD,1
SMCI,2028-01-21,90.0,5.2,3546,59,82.59294750976561,505,36.709999084472656,🔭LEAPS,HOLD,1
ASTS,2026-11-20,120.0,0.65,2752,59,97.70510107421876,78,55.79999923706055,🚬菸屁股,HOLD,1
ACHR,2028-01-21,15.0,0.79,13952,59,89.16026464843749,505,5.559999942779541,🔭LEAPS,HOLD,1
AVGO,2026-09-18,480.0,0.65,3749,59,63.79430737304688,15,369.67999267578125,🚬菸屁股,HOLD,1
AMZN,2026-10-16,350.0,0.05,2205,59,39.258419921874996,43,254.9199981689453,🚬菸屁股,HOLD,1
TSLA,2026-12-18,800.0,0.68,10578,58,64.81968774414062,106,356.0899963378906,🚬菸屁股,HOLD,1
SOFI,2028-01-21,45.0,1.04,4437,58,66.60189648437502,505,17.049999237060547,🆕低基期(前日Vol3) 🔭LEAPS,HOLD,1
U,2026-09-18,50.0,0.09,4319,58,54.883263671875014,15,40.91999816894531,🚬菸屁股,HOLD,1
U,2028-01-21,45.0,11.61,7524,58,67.71272521972658,505,40.91999816894531,🔭LEAPS,HOLD,1
ZM,2026-09-18,120.0,0.03,1806,58,48.828636718750005,15,94.9000015258789,🚬菸屁股,HOLD,1
ZM,2026-09-18,130.0,0.03,1510,58,58.5941640625,15,94.9000015258789,🚬菸屁股,HOLD,1
HIMS,2028-01-21,30.0,10.47,6988,58,87.75647009277343,505,28.440000534057617,🔭LEAPS,HOLD,1
JOBY,2026-10-16,12.0,0.02,2308,58,78.12521875,43,6.690000057220459,🆕低基期(前日Vol3) 🚬菸屁股,HOLD,1
FLNC,2026-11-20,20.0,0.14,4641,58,92.187578125,78,10.420000076293945,🆕低基期(前日Vol16) 🚬菸屁股,HOLD,1
ASTS,2026-11-20,110.0,0.87,2054,57,95.55668505859374,78,55.79999923706055,🚬菸屁股,HOLD,1
U,2027-01-15,70.0,0.71,2775,57,63.98961791992188,134,40.91999816894531,🆕低基期(前日Vol5) 🚬菸屁股,HOLD,1
JOBY,2026-10-16,15.0,0.02,1724,57,122.65663671875001,43,6.690000057220459,🚬菸屁股,HOLD,1
SMR,2028-01-21,13.0,3.25,3070,57,100.63526245117185,505,9.210000038146973,🆕低基期(前日Vol12) 🔭LEAPS,HOLD,1
VRT,2026-09-18,320.0,0.31,1173,57,55.273884765625006,15,255.97000122070312,🚬菸屁股,HOLD,1
AFRM,2026-10-16,90.0,0.63,943,57,52.05126074218749,43,69.94000244140625,🚬菸屁股,HOLD,1
TSLA,2026-09-18,470.0,0.3,5290,56,60.205476074218765,15,356.0899963378906,🚬菸屁股,HOLD,1
NVDA,2028-01-21,290.0,21.65,5817,56,42.81978567504883,505,217.44000244140625,🆕低基期(前日Vol15) 🔭LEAPS,HOLD,1
U,2028-01-21,65.0,6.66,1843,56,65.57651611328126,505,40.91999816894531,🆕低基期(前日Vol13) 🔭LEAPS,HOLD,1
WMT,2026-09-18,165.0,0.04,1863,56,94.33599414062499,15,105.91999816894531,🚬菸屁股,HOLD,1
INTC,2028-01-21,80.0,31.3,10874,55,71.21000469970704,505,88.97000122070312,🔭LEAPS,HOLD,1
SMCI,2028-01-21,70.0,6.9,2171,55,83.30705169677732,505,36.709999084472656,🆕低基期(前日Vol1) 🔭LEAPS,HOLD,1
RKLB,2028-01-21,145.0,8.15,4920,55,78.67452966308592,505,62.540000915527344,🔭LEAPS,HOLD,1
IONQ,2028-01-21,60.0,9.5,3656,55,86.21839953613282,505,37.779998779296875,🔭LEAPS,HOLD,1
U,2028-01-21,75.0,5.2,4793,55,65.88779229736328,505,40.91999816894531,🔭LEAPS,HOLD,1
HIMS,2028-01-21,60.0,5.0,3644,55,85.62026098632812,505,28.440000534057617,🆕低基期(前日Vol8) 🔭LEAPS,HOLD,1
ACHR,2026-10-16,10.0,0.03,6147,55,95.312546875,43,5.559999942779541,🚬菸屁股,HOLD,1
SMR,2027-01-15,85.0,0.04,2700,55,132.81283593749998,134,9.210000038146973,🚬菸屁股,HOLD,1
GOOGL,2026-09-18,440.0,0.08,4505,55,50.97705273437501,15,335.0199890136719,🚬菸屁股,HOLD,1
IREN,2026-09-18,52.0,0.13,3317,54,101.5629921875,15,36.81999969482422,🚬菸屁股,HOLD,1
PACB,2027-01-15,2.0,0.15,5385,54,115.625421875,134,1.2799999713897705,🚬菸屁股,HOLD,1
MSFT,2026-12-18,525.0,23.4,53502,53,30.86006640625,106,501.0199890136719,🔥萬人塚 🏛️機構場,HOLD,1
INTC,2026-09-18,140.0,0.03,14125,53,79.687703125,15,88.97000122070312,🚬菸屁股,HOLD,1
SOFI,2026-12-18,45.0,0.05,8218,53,76.95335546875,106,17.049999237060547,🆕低基期(前日Vol9) 🚬菸屁股,HOLD,1
DKNG,2026-12-18,43.0,0.16,5482,53,63.67223828125,106,23.440000534057617,🚬菸屁股,HOLD,1
IREN,2028-01-21,75.0,7.81,2876,53,92.38288867187501,505,36.81999969482422,🔭LEAPS,HOLD,1
JOBY,2026-11-20,11.0,0.12,809,53,76.562734375,78,6.690000057220459,🚬菸屁股,HOLD,1
AVGO,2026-09-18,490.0,0.5,4947,53,65.33237792968751,15,369.67999267578125,🚬菸屁股,HOLD,1
META,2026-12-18,1030.0,0.84,2415,53,48.120635986328125,106,578.5399780273438,🚬菸屁股,HOLD,1
INTC,2028-01-21,65.0,39.3,7363,52,72.37576452636718,505,88.97000122070312,🆕低基期(前日Vol15) 🔭LEAPS,HOLD,1
OKLO,2026-09-18,65.0,0.03,1817,52,113.28168359375002,15,38.529998779296875,🚬菸屁股,HOLD,1
PACB,2026-09-18,1.5,0.05,10727,52,110.9379453125,15,1.2799999713897705,🚬菸屁股,HOLD,1
ONDS,2027-01-15,25.0,0.08,16417,52,105.46922265625001,134,7.039999961853027,🚬菸屁股,HOLD,1
JOBY,2026-09-18,10.0,0.01,21143,52,93.7500625,15,6.690000057220459,🚬菸屁股,HOLD,1
CRWV,2026-10-16,125.0,0.69,3689,52,76.80687255859377,43,81.8499984741211,🚬菸屁股,HOLD,1
CRWV,2028-01-21,210.0,9.0,28780,52,77.22801092529296,505,81.8499984741211,🔭LEAPS,HOLD,1
META,2026-09-18,690.0,0.47,2240,52,40.65000756835938,15,578.5399780273438,🚬菸屁股,HOLD,1
META,2026-09-18,695.0,0.39,1406,52,41.602146484375,15,578.5399780273438,🚬菸屁股,HOLD,1
AMZN,2026-12-18,370.0,0.65,6130,52,36.817038085937504,106,254.9199981689453,🆕低基期(前日Vol1) 🚬菸屁股,HOLD,1
UUUU,2026-09-18,20.0,0.02,2087,52,79.687703125,15,14.220000267028809,🚬菸屁股,HOLD,1
NVDA,2026-10-16,350.0,0.01,10975,51,46.0942890625,43,217.44000244140625,🚬菸屁股,HOLD,1
SOFI,2028-06-16,25.0,3.75,16538,51,66.11362011718751,652,17.049999237060547,🔭LEAPS,HOLD,1
DKNG,2026-11-20,40.0,0.09,5840,51,61.71913281250001,78,23.440000534057617,🚬菸屁股,HOLD,1
IREN,2027-01-15,130.0,0.35,1225,51,103.71141894531253,134,36.81999969482422,🚬菸屁股,HOLD,1
ACHR,2027-01-15,15.0,0.09,22313,51,95.70316796875,134,5.559999942779541,🚬菸屁股,HOLD,1
COIN,2027-01-15,880.0,0.15,13608,50,92.6758544921875,134,176.82000732421875,🆕低基期(前日Vol2) 🚬菸屁股,HOLD,1
SMCI,2026-12-18,74.0,0.61,2326,50,83.59391406249999,106,36.709999084472656,🆕低基期(前日Vol1) 🚬菸屁股,HOLD,1
SMCI,2026-12-18,75.0,0.6,1917,50,84.27750097656251,106,36.709999084472656,🆕低基期(前日Vol12) 🚬菸屁股,HOLD,1
SOFI,2026-11-20,29.0,0.12,1129,50,66.60189648437502,78,17.049999237060547,🆕低基期(前日Vol10) 🚬菸屁股,HOLD,1
DKNG,2026-11-20,32.5,0.4,3473,50,57.42230078125,78,23.440000534057617,🚬菸屁股,HOLD,1
DKNG,2027-01-15,70.0,0.02,3800,50,75.7814921875,134,23.440000534057617,🚬菸屁股,HOLD,1
IREN,2026-10-16,95.0,0.09,2825,50,117.77384863281249,43,36.81999969482422,🚬菸屁股,HOLD,1
IREN,2028-01-21,70.0,8.7,6163,50,94.34820104980469,505,36.81999969482422,🔭LEAPS,HOLD,1
IREN,2028-01-21,85.0,7.05,7668,50,93.09088940429689,505,36.81999969482422,🔭LEAPS,HOLD,1
HOOD,2028-01-21,280.0,8.77,3023,50,70.70341796875,505,103.51000213623047,🔭LEAPS,HOLD,1
NTLA,2028-01-21,7.5,7.45,1025,50,92.6758544921875,505,12.6850004196167,🔭LEAPS,HOLD,1
LUNR,2028-01-21,15.0,6.75,1082,50,109.27779736328125,505,14.720000267028809,🔭LEAPS,HOLD,1
SMR,2026-11-20,15.0,0.32,2736,50,92.38288867187501,78,9.210000038146973,🚬菸屁股,HOLD,1
PCG,2028-01-21,20.0,1.06,16870,50,42.2857333984375,505,14.0600004196167,🔭LEAPS,HOLD,1
META,2026-09-18,750.0,0.13,11159,50,49.31691308593751,15,578.5399780273438,🚬菸屁股,HOLD,1
META,2026-09-18,1100.0,0.01,2900,50,81.2501875,15,578.5399780273438,🚬菸屁股,HOLD,1
RUN,2026-11-20,18.0,0.07,3347,50,85.1563984375,78,8.369999885559082,🚬菸屁股,HOLD,1
SOUN,2027-01-15,17.0,0.15,4690,50,93.35944140625,134,6.849999904632568,🚬菸屁股,HOLD,1
UUUU,2026-11-20,27.0,0.3,1381,50,80.85956640625,78,14.220000267028809,🚬菸屁股,HOLD,1
EVGO,2028-01-21,5.0,0.22,4668,50,102.73486132812502,505,1.2699999809265137,🆕低基期(前日Vol10) 🔭LEAPS,HOLD,1
UPST,2026-10-16,35.0,0.5,1322,49,63.37927246093751,43,27.389999389648438,🚬菸屁股,HOLD,1
U,2028-01-21,60.0,8.0,1145,49,67.4075524902344,505,40.91999816894531,🔭LEAPS,HOLD,1
HOOD,2027-01-15,290.0,0.37,4442,49,77.29514892578125,134,103.51000213623047,🚬菸屁股,HOLD,1
OPEN,2028-01-21,3.0,1.38,3629,49,131.44565527343747,505,3.0399999618530273,🔭LEAPS,HOLD,1
ONDS,2027-01-15,22.0,0.08,2462,49,108.984830078125,134,7.039999961853027,🚬菸屁股,HOLD,1
MNST,2026-09-18,105.0,0.18,750,49,50.0005,15,44.9900016784668,🚬菸屁股,HOLD,1
RKLB,2026-12-18,130.0,0.92,2029,48,84.81460498046874,106,62.540000915527344,🚬菸屁股,HOLD,1
SOFI,2028-06-16,27.0,3.38,4937,48,65.38120556640627,652,17.049999237060547,🔭LEAPS,HOLD,1
LUNR,2026-09-18,16.0,0.55,1426,48,81.93377441406248,15,14.720000267028809,🚬菸屁股,HOLD,1
LUNR,2028-01-21,17.0,6.19,1060,48,110.18111315917972,505,14.720000267028809,🆕低基期(前日Vol6) 🔭LEAPS,HOLD,1
ACHR,2028-01-21,27.0,0.37,15800,48,93.945373046875,505,5.559999942779541,🔭LEAPS,HOLD,1
CRWV,2026-10-16,135.0,0.38,2317,48,78.85763330078125,43,81.8499984741211,🚬菸屁股,HOLD,1
VELO,2026-12-18,25.0,0.65,1225,48,130.7620649414062,106,11.25,🆕低基期(前日Vol5) 🚬菸屁股,HOLD,1
RUN,2026-11-20,11.0,0.45,1017,48,77.53928710937501,78,8.369999885559082,🚬菸屁股,HOLD,1
SOUN,2028-01-21,20.0,0.85,5630,48,88.13488427734374,505,6.849999904632568,🔭LEAPS,HOLD,1
UUUU,2026-10-16,17.0,0.55,1946,48,70.6057626953125,43,14.220000267028809,🚬菸屁股,HOLD,1
NVDA,2028-01-21,240.0,36.05,9934,47,44.196114685058596,505,217.44000244140625,🔭LEAPS,HOLD,1
RKLB,2026-10-16,115.0,0.3,4069,47,96.97268652343749,43,62.540000915527344,🆕低基期(前日Vol17) 🚬菸屁股,HOLD,1
RKLB,2026-10-16,120.0,0.23,3870,47,91.6993017578125,43,62.540000915527344,🚬菸屁股,HOLD,1
RKLB,2026-10-16,125.0,0.18,5478,47,98.437515625,43,62.540000915527344,🚬菸屁股,HOLD,1
IONQ,2026-09-18,70.0,0.04,4072,47,121.09414453124998,15,37.779998779296875,🚬菸屁股,HOLD,1
GOOGL,2026-09-18,395.0,0.19,2771,47,40.77207666015625,15,335.0199890136719,🚬菸屁股,HOLD,1
BBAI,2028-01-21,1.0,2.15,3283,47,105.078599609375,505,2.950000047683716,🔭LEAPS,HOLD,1
INTC,2028-01-21,50.0,46.5,11390,46,74.98804309082033,505,88.97000122070312,🔭LEAPS,HOLD,1
IONQ,2028-01-21,55.0,10.2,1394,46,86.25502026367188,505,37.779998779296875,🔭LEAPS,HOLD,1
SOFI,2026-12-18,40.0,0.06,13181,46,73.437765625,106,17.049999237060547,🆕低基期(前日Vol1) 🚬菸屁股,HOLD,1
PACB,2028-01-21,1.5,0.5,5757,46,111.71919140624999,505,1.2799999713897705,🔭LEAPS,HOLD,1
HIMS,2026-12-18,50.0,0.92,2733,46,86.132951171875,106,28.440000534057617,🚬菸屁股,HOLD,1
DDD,2027-01-15,7.5,0.1,7380,46,95.312546875,134,3.2899999618530273,🚬菸屁股,HOLD,1
OKLO,2027-01-15,100.0,0.77,3703,45,96.82620361328125,134,38.529998779296875,🚬菸屁股,HOLD,1
TDOC,2026-10-16,7.0,0.22,1959,45,55.859816406250005,43,6.260000228881836,🚬菸屁股,HOLD,1
ACHR,2028-01-21,17.0,0.66,1451,45,88.2813671875,505,5.559999942779541,🆕低基期(前日Vol7) 🔭LEAPS,HOLD,1
WMT,2028-01-21,140.0,5.4,870,45,30.762411132812495,505,105.91999816894531,🆕低基期(前日Vol6) 🔭LEAPS,HOLD,1
FLNC,2026-11-20,25.0,0.08,2464,45,106.44578027343752,78,10.420000076293945,🆕低基期(前日Vol10) 🚬菸屁股,HOLD,1
NVDA,2027-01-15,420.0,0.17,11214,44,44.0435283203125,134,217.44000244140625,🚬菸屁股,HOLD,1
OKLO,2027-01-15,105.0,0.7,10720,44,95.312546875,134,38.529998779296875,🚬菸屁股,HOLD,1
RKLB,2028-01-21,160.0,7.0,1837,44,79.1994267578125,505,62.540000915527344,🔭LEAPS,HOLD,1
ONDS,2026-09-18,10.5,0.03,1141,44,107.81296093750001,15,7.039999961853027,🚬菸屁股,HOLD,1
LUNR,2027-01-15,35.0,0.46,1415,44,101.95361523437501,134,14.720000267028809,🚬菸屁股,HOLD,1
SMR,2026-09-18,13.0,0.05,1903,44,99.60937890625,15,9.210000038146973,🚬菸屁股,HOLD,1
PLUG,2026-10-16,3.5,0.04,869,44,92.187578125,43,2.0899999141693115,🚬菸屁股,HOLD,1
OKLO,2026-09-18,43.0,0.95,791,43,74.60962890625001,15,38.529998779296875,🚬菸屁股,HOLD,1
IONQ,2026-10-16,70.0,0.25,2743,43,95.11723632812499,43,37.779998779296875,🆕低基期(前日Vol7) 🚬菸屁股,HOLD,1
UPST,2026-10-16,40.0,0.2,1376,43,69.92217578125,43,27.389999389648438,🚬菸屁股,HOLD,1
DKNG,2028-01-21,30.0,4.55,4041,43,62.23182299804688,505,23.440000534057617,🆕低基期(前日Vol13) 🔭LEAPS,HOLD,1
JOBY,2027-01-15,20.0,0.06,13413,43,100.39112304687498,134,6.690000057220459,🚬菸屁股,HOLD,1
DIS,2026-09-18,115.0,0.18,8657,43,25.391371093750003,15,106.22000122070312,🚬菸屁股,HOLD,1
SOUN,2028-01-21,30.0,0.55,1430,43,91.211025390625,505,6.849999904632568,🆕低基期(前日Vol2) 🔭LEAPS,HOLD,1
BBAI,2026-12-18,7.0,0.06,5428,43,99.2187578125,106,2.950000047683716,🚬菸屁股,HOLD,1
NVDA,2026-10-16,400.0,0.01,12836,42,51.562984375,43,217.44000244140625,🚬菸屁股,HOLD,1
RKLB,2026-09-18,110.0,0.05,2330,42,111.71919140624999,15,62.540000915527344,🚬菸屁股,HOLD,1
UPST,2026-10-16,50.0,0.05,2343,42,92.57819921875,43,27.389999389648438,🆕低基期(前日Vol1) 🚬菸屁股,HOLD,1
IREN,2026-10-16,80.0,0.1,3922,42,102.93017285156252,43,36.81999969482422,🚬菸屁股,HOLD,1
NBIS,2026-09-18,410.0,0.05,4303,42,121.09414453124998,15,199.5399932861328,🆕低基期(前日Vol4) 🚬菸屁股,HOLD,1
PCG,2026-10-16,25.0,0.08,14999,42,80.4689453125,43,14.0600004196167,🚬菸屁股,HOLD,1
FLNC,2026-09-18,16.0,0.04,880,42,100.0005,15,10.420000076293945,🚬菸屁股,HOLD,1
BBAI,2027-01-15,4.5,0.23,11692,42,87.10950390625,134,2.950000047683716,🚬菸屁股,HOLD,1
IBIT,2026-12-18,75.0,0.21,10424,41,52.246571289062494,106,43.7599983215332,🚬菸屁股,HOLD,1
OKLO,2028-01-21,60.0,10.23,1852,41,89.16026464843749,505,38.529998779296875,🆕低基期(前日Vol14) 🔭LEAPS,HOLD,1
SOFI,2026-10-16,27.0,0.06,3209,41,70.312796875,43,17.049999237060547,🆕低基期(前日Vol5) 🚬菸屁股,HOLD,1
ZM,2026-09-18,105.0,0.65,4218,41,47.046427978515624,15,94.9000015258789,🚬菸屁股,HOLD,1
ACHR,2026-09-18,5.0,0.67,1931,41,77.3439765625,15,5.559999942779541,🚬菸屁股,HOLD,1
SMR,2028-01-21,25.0,1.73,2917,41,98.48634326171876,505,9.210000038146973,🔭LEAPS,HOLD,1
RDDT,2026-09-18,220.0,0.06,2557,41,79.101771484375,15,144.63999938964844,🆕低基期(前日Vol16) 🚬菸屁股,HOLD,1
META,2026-09-18,800.0,0.07,6915,41,54.49264257812501,15,578.5399780273438,🚬菸屁股,HOLD,1
GOOGL,2026-09-18,590.0,0.01,1973,41,84.37515624999999,15,335.0199890136719,🚬菸屁股,HOLD,1
SOUN,2028-01-21,22.0,0.76,827,41,89.45323046875,505,6.849999904632568,🆕低基期(前日Vol8) 🔭LEAPS,HOLD,1
IBIT,2027-01-15,135.0,0.06,12646,40,73.437765625,134,43.7599983215332,🚬菸屁股,HOLD,1
SMCI,2026-12-18,100.0,0.26,9643,40,92.57819921875,106,36.709999084472656,🚬菸屁股,HOLD,1
IONQ,2026-11-20,120.0,0.1,2362,40,110.9379453125,78,37.779998779296875,🆕低基期(前日Vol2) 🚬菸屁股,HOLD,1
DKNG,2027-01-15,33.0,0.76,11657,40,56.250437500000004,134,23.440000534057617,🚬菸屁股,HOLD,1
NBIS,2026-09-18,310.0,0.32,1467,40,96.289099609375,15,199.5399932861328,🚬菸屁股,HOLD,1
NBIS,2026-09-18,330.0,0.29,1249,40,103.22314013671878,15,199.5399932861328,🚬菸屁股,HOLD,1
TDOC,2027-01-15,10.0,0.2,10673,40,73.7307314453125,134,6.260000228881836,🚬菸屁股,HOLD,1
WMT,2028-01-21,150.0,3.83,5291,40,30.438928039550785,505,105.91999816894531,🆕低基期(前日Vol10) 🔭LEAPS,HOLD,1
META,2026-09-18,850.0,0.05,11500,40,61.914443359375014,15,578.5399780273438,🚬菸屁股,HOLD,1
META,2026-11-20,1480.0,0.06,6399,40,63.1839619140625,78,578.5399780273438,🚬菸屁股,HOLD,1
DIS,2026-11-20,135.0,0.31,892,40,32.080757324218744,78,106.22000122070312,🚬菸屁股,HOLD,1
RUN,2027-01-15,25.0,0.07,5734,40,97.070341796875,134,8.369999885559082,🚬菸屁股,HOLD,1
UUUU,2026-11-20,20.0,0.55,1669,40,76.95335546875,78,14.220000267028809,🚬菸屁股,HOLD,1
TSLA,2026-09-18,750.0,0.03,6104,39,104.68797656250001,15,356.0899963378906,🚬菸屁股,HOLD,1
INTC,2028-01-21,120.0,18.91,5839,39,68.41462249755861,505,88.97000122070312,🆕低基期(前日Vol7) 🔭LEAPS,HOLD,1
DKNG,2027-01-15,35.0,0.57,13027,39,56.982852050781254,134,23.440000534057617,🚬菸屁股,HOLD,1
ONDS,2026-09-18,15.0,0.01,14905,39,137.50031249999998,15,7.039999961853027,🚬菸屁股,HOLD,1
LUNR,2026-12-18,25.0,0.8,848,39,95.41020214843749,106,14.720000267028809,🚬菸屁股,HOLD,1
JOBY,2028-01-21,32.0,0.35,10016,39,86.914193359375,505,6.690000057220459,🔭LEAPS,HOLD,1
GOOGL,2026-10-16,450.0,0.3,3718,39,40.47911083984375,43,335.0199890136719,🆕低基期(前日Vol6) 🚬菸屁股,HOLD,1
AMZN,2027-01-15,410.0,0.43,3311,39,36.817038085937504,134,254.9199981689453,🚬菸屁股,HOLD,1
MU,2026-10-16,2500.0,0.13,3527,39,89.64854101562499,43,933.4400024414062,🚬菸屁股,HOLD,1
ASTS,2026-11-20,140.0,0.37,1603,38,99.9023447265625,78,55.79999923706055,🚬菸屁股,HOLD,1
IONQ,2026-11-20,65.0,0.98,882,38,90.72274902343749,78,37.779998779296875,🚬菸屁股,HOLD,1
IREN,2026-10-16,55.0,0.62,2901,38,87.7930908203125,43,36.81999969482422,🚬菸屁股,HOLD,1
HOOD,2028-01-21,290.0,7.32,15527,38,68.68927795410158,505,103.51000213623047,🔭LEAPS,HOLD,1
HIMS,2026-12-18,95.0,0.2,955,38,112.109814453125,106,28.440000534057617,🆕低基期(前日Vol2) 🚬菸屁股,HOLD,1
HIMS,2028-01-21,50.0,6.2,2199,38,85.51039880371094,505,28.440000534057617,🔭LEAPS,HOLD,1
TJX,2028-01-21,165.0,7.0,1163,38,27.484856018066406,505,133.27000427246094,🆕低基期(前日Vol15) 🔭LEAPS,HOLD,1
BBAI,2026-09-18,6.0,0.01,12102,38,143.75028125,15,2.950000047683716,🚬菸屁股,HOLD,1
UUUU,2026-10-16,16.0,0.77,1262,38,71.0940390625,43,14.220000267028809,🚬菸屁股,HOLD,1
IBIT,2026-09-18,54.0,0.05,7360,37,49.805189453125,15,43.7599983215332,🆕低基期(前日Vol7) 🚬菸屁股,HOLD,1
IBIT,2027-01-15,120.0,0.06,18115,37,68.16438085937502,134,43.7599983215332,🆕低基期(前日Vol6) 🚬菸屁股,HOLD,1
VST,2028-01-21,320.0,5.5,805,37,54.30343548583985,505,138.0800018310547,🔭LEAPS,HOLD,1
RKLB,2028-01-21,150.0,7.72,3504,37,79.101771484375,505,62.540000915527344,🔭LEAPS,HOLD,1
ASTS,2026-11-20,125.0,0.58,788,37,100.48877880859375,78,55.79999923706055,🚬菸屁股,HOLD,1
U,2027-01-15,75.0,0.5,3163,37,62.69568554687501,134,40.91999816894531,🆕低基期(前日Vol3) 🚬菸屁股,HOLD,1
JOBY,2027-01-15,17.0,0.05,6250,37,87.500125,134,6.690000057220459,🚬菸屁股,HOLD,1
WMT,2028-01-21,120.0,10.95,4009,37,32.27301614379881,505,105.91999816894531,🔭LEAPS,HOLD,1
PCG,2027-01-15,19.0,0.35,1627,37,51.07470800781251,134,14.0600004196167,🚬菸屁股,HOLD,1
META,2026-10-16,790.0,0.7,2000,37,42.920492675781254,43,578.5399780273438,🚬菸屁股,HOLD,1
NVDA,2028-01-21,225.0,42.09,5474,36,44.91174473571777,505,217.44000244140625,🔭LEAPS,HOLD,1
VST,2026-09-18,155.0,0.66,2773,36,43.457596679687505,15,138.0800018310547,🚬菸屁股,HOLD,1
IONQ,2026-10-16,65.0,0.28,1633,36,88.86729882812499,43,37.779998779296875,🚬菸屁股,HOLD,1
SOFI,2026-12-18,27.0,0.27,2616,36,62.500375000000005,106,17.049999237060547,🚬菸屁股,HOLD,1
DKNG,2026-09-18,28.0,0.07,990,36,60.74258007812501,15,23.440000534057617,🚬菸屁股,HOLD,1
IREN,2028-01-21,100.0,6.05,7257,36,93.20075158691408,505,36.81999969482422,🔭LEAPS,HOLD,1
ONDS,2026-09-18,16.0,0.01,17202,36,143.75028125,15,7.039999961853027,🚬菸屁股,HOLD,1
JOBY,2028-01-21,30.0,0.37,4796,36,92.57819921875,505,6.690000057220459,🆕低基期(前日Vol4) 🔭LEAPS,HOLD,1
WMT,2026-09-18,145.0,0.01,4422,36,53.906710937500016,15,105.91999816894531,🆕低基期(前日Vol9) 🚬菸屁股,HOLD,1
META,2026-09-18,740.0,0.16,1660,36,47.7544287109375,15,578.5399780273438,🚬菸屁股,HOLD,1
GOOGL,2028-01-21,700.0,4.83,2466,36,40.268541656494136,505,335.0199890136719,🆕低基期(前日Vol3) 🔭LEAPS,HOLD,1
DIS,2028-01-21,120.0,11.55,16365,36,35.22403643798828,505,106.22000122070312,🔭LEAPS,HOLD,1
SOUN,2027-01-15,14.0,0.25,1183,36,85.937640625,134,6.849999904632568,🚬菸屁股,HOLD,1
SMCI,2026-09-18,48.0,0.12,882,35,79.687703125,15,36.709999084472656,🚬菸屁股,HOLD,1
PATH,2027-01-15,30.0,0.78,23051,35,77.53928710937501,134,18.139999389648438,🚬菸屁股,HOLD,1
XYZ,2026-09-18,95.0,0.06,3242,35,51.465329101562496,15,77.87999725341797,🆕低基期(前日Vol9) 🚬菸屁股,HOLD,1
LUNR,2028-01-21,40.0,3.1,3856,35,102.58837768554687,505,14.720000267028809,🔭LEAPS,HOLD,1
CRWV,2026-10-16,195.0,0.06,7449,35,91.01571484374999,43,81.8499984741211,🚬菸屁股,HOLD,1
TJX,2026-10-16,160.0,0.08,2352,35,35.86489916992188,43,133.27000427246094,🚬菸屁股,HOLD,1
WMT,2027-01-15,145.0,0.34,2868,35,30.445031494140622,134,105.91999816894531,🚬菸屁股,HOLD,1
META,2026-09-18,735.0,0.14,1433,35,47.7544287109375,15,578.5399780273438,🚬菸屁股,HOLD,1
INTC,2026-10-16,170.0,0.07,7492,34,75.195560546875,43,88.97000122070312,🚬菸屁股,HOLD,1
RKLB,2026-09-18,105.0,0.05,1670,34,103.90673046875003,15,62.540000915527344,🚬菸屁股,HOLD,1
RKLB,2026-12-18,200.0,0.26,972,34,100.63526245117185,106,62.540000915527344,🆕低基期(前日Vol1) 🚬菸屁股,HOLD,1
KTOS,2026-09-18,57.5,0.4,1442,34,59.96133789062501,15,49.34000015258789,🚬菸屁股,HOLD,1
LUNR,2027-01-15,32.0,0.6,3323,34,99.1211025390625,134,14.720000267028809,🚬菸屁股,HOLD,1
JOBY,2027-01-15,8.0,0.74,2687,34,74.2190078125,134,6.690000057220459,🚬菸屁股,HOLD,1
ACHR,2026-09-18,10.0,0.02,4459,34,112.5004375,15,5.559999942779541,🚬菸屁股,HOLD,1
DELL,2026-09-18,700.0,0.24,930,34,101.80713159179686,15,425.0,🚬菸屁股,HOLD,1
AVGO,2026-10-16,540.0,0.68,2266,34,53.51608984375,43,369.67999267578125,🆕低基期(前日Vol4) 🚬菸屁股,HOLD,1
META,2026-10-16,825.0,0.43,4658,34,44.77594287109375,43,578.5399780273438,🚬菸屁股,HOLD,1
META,2026-10-16,850.0,0.31,1564,34,46.0942890625,43,578.5399780273438,🚬菸屁股,HOLD,1
BBAI,2027-01-15,2.5,0.8,4133,34,83.20329296874999,134,2.950000047683716,🆕低基期(前日Vol7) 🚬菸屁股,HOLD,1
NVDA,2028-01-21,210.0,49.1,9830,33,45.80437496948243,505,217.44000244140625,🔭LEAPS,HOLD,1
RKLB,2027-01-15,145.0,0.94,5128,33,83.34977587890623,134,62.540000915527344,🚬菸屁股,HOLD,1
ZM,2027-01-15,165.0,0.52,1882,33,51.562984375,134,94.9000015258789,🚬菸屁股,HOLD,1
ONDS,2027-01-15,19.0,0.13,1041,33,95.70316796875,134,7.039999961853027,🆕低基期(前日Vol3) 🚬菸屁股,HOLD,1
ACHR,2027-01-15,27.0,0.05,5903,33,127.34411328124997,134,5.559999942779541,🚬菸屁股,HOLD,1
MNST,2027-01-15,55.0,0.5,5006,33,31.78779150390625,134,44.9900016784668,🚬菸屁股,HOLD,1
META,2026-12-18,1200.0,0.37,948,33,51.58739819335938,106,578.5399780273438,🚬菸屁股,HOLD,1
MU,2026-09-18,1600.0,0.1,2385,33,82.42205078125,15,933.4400024414062,🚬菸屁股,HOLD,1
SOUN,2028-01-21,35.0,0.45,9106,33,94.92192578125,505,6.849999904632568,🔭LEAPS,HOLD,1
BBAI,2027-01-15,5.5,0.14,16708,33,96.0937890625,134,2.950000047683716,🚬菸屁股,HOLD,1
UUUU,2026-10-16,24.0,0.23,779,33,85.54701953125,43,14.220000267028809,🚬菸屁股,HOLD,1
TSLA,2028-06-16,990.0,16.4,6789,32,55.64314376831055,652,356.0899963378906,🔭LEAPS,HOLD,1
DKNG,2028-01-21,40.0,2.59,4145,32,58.64299169921875,505,23.440000534057617,🔭LEAPS,HOLD,1
HOOD,2026-10-16,145.0,0.88,802,32,66.04037866210939,43,103.51000213623047,🚬菸屁股,HOLD,1
HIMS,2026-09-18,35.5,0.26,769,32,77.148666015625,15,28.440000534057617,🚬菸屁股,HOLD,1
HIMS,2026-10-16,45.0,0.27,2622,32,86.914193359375,43,28.440000534057617,🚬菸屁股,HOLD,1
KTOS,2026-11-20,85.0,0.3,3605,32,72.41238525390624,78,49.34000015258789,🆕低基期(前日Vol9) 🚬菸屁股,HOLD,1
ONDS,2027-01-15,16.0,0.2,1183,32,90.82040429687498,134,7.039999961853027,🚬菸屁股,HOLD,1
AMZN,2026-09-18,320.0,0.04,15290,32,42.774009765625,15,254.9199981689453,🚬菸屁股,HOLD,1
MU,2026-09-18,1800.0,0.03,777,32,101.5629921875,15,933.4400024414062,🚬菸屁股,HOLD,1
FLNC,2026-09-18,14.0,0.07,1010,32,92.9688203125,15,10.420000076293945,🚬菸屁股,HOLD,1
FLNC,2026-11-20,35.0,0.06,7313,32,125.00037499999999,78,10.420000076293945,🚬菸屁股,HOLD,1
TSLA,2026-09-18,440.0,0.52,8439,31,52.19774365234374,15,356.0899963378906,🚬菸屁股,HOLD,1
TSLA,2028-01-21,900.0,12.11,6250,31,55.002281036376964,505,356.0899963378906,🔭LEAPS,HOLD,1
IBIT,2028-06-16,40.0,14.17,6162,31,57.43450769042968,652,43.7599983215332,🔭LEAPS,HOLD,1
SOFI,2026-09-18,22.5,0.03,978,31,71.87528125,15,17.049999237060547,🚬菸屁股,HOLD,1
IREN,2028-01-21,80.0,7.45,7435,31,92.07771594238281,505,36.81999969482422,🔭LEAPS,HOLD,1
HOOD,2026-10-16,155.0,0.56,4399,31,69.336244140625,43,103.51000213623047,🚬菸屁股,HOLD,1
ZM,2026-09-18,110.0,0.27,6951,31,46.82670361328125,15,94.9000015258789,🚬菸屁股,HOLD,1
NTLA,2026-09-18,14.0,0.35,831,31,87.10950390625,15,12.6850004196167,🚬菸屁股,HOLD,1
PCG,2026-09-18,16.5,0.2,9457,31,75.7814921875,15,14.0600004196167,🆕低基期(前日Vol4) 🚬菸屁股,HOLD,1
PCG,2028-01-21,17.0,1.65,1260,31,42.89607885742188,505,14.0600004196167,🔭LEAPS,HOLD,1
META,2026-09-18,760.0,0.11,3450,31,50.7817421875,15,578.5399780273438,🚬菸屁股,HOLD,1
RTX,2026-09-18,240.0,0.02,3876,31,34.76627734375,15,205.16000366210938,🚬菸屁股,HOLD,1
AMAT,2026-09-18,700.0,0.09,5112,31,84.27750097656251,15,441.8500061035156,🚬菸屁股,HOLD,1
DIS,2026-09-18,140.0,0.01,989,31,57.617611328124994,15,106.22000122070312,🚬菸屁股,HOLD,1
VELO,2026-12-18,35.0,0.3,1121,31,139.64873925781248,106,11.25,🆕低基期(前日Vol3) 🚬菸屁股,HOLD,1
OKLO,2026-12-18,80.0,0.94,857,30,93.31061376953124,106,38.529998779296875,🚬菸屁股,HOLD,1
OKLO,2026-12-18,100.0,0.5,1085,30,99.60937890625,106,38.529998779296875,🚬菸屁股,HOLD,1
OKLO,2028-01-21,145.0,5.3,1559,30,95.67875415039062,505,38.529998779296875,🔭LEAPS,HOLD,1
OKLO,2028-01-21,200.0,3.05,17469,30,97.11916943359374,505,38.529998779296875,🔭LEAPS,HOLD,1
UPST,2026-12-18,50.0,0.54,1076,30,79.883013671875,106,27.389999389648438,🚬菸屁股,HOLD,1
SOFI,2028-06-16,45.0,1.57,4856,30,65.38120556640627,652,17.049999237060547,🔭LEAPS,HOLD,1
IREN,2026-09-18,47.0,0.18,2559,30,83.98453515624999,15,36.81999969482422,🚬菸屁股,HOLD,1
IREN,2028-01-21,65.0,9.4,6853,30,92.45613012695313,505,36.81999969482422,🔭LEAPS,HOLD,1
XYZ,2028-01-21,115.0,10.0,774,30,50.1378277282715,505,77.87999725341797,🔭LEAPS,HOLD,1
CRSP,2026-09-18,65.0,0.65,1470,30,58.8871298828125,15,56.81999969482422,🚬菸屁股,HOLD,1
ONDS,2028-01-21,22.0,0.97,1091,30,93.2617861328125,505,7.039999961853027,🆕低基期(前日Vol4) 🔭LEAPS,HOLD,1
ACHR,2028-01-21,4.0,2.83,3769,30,92.187578125,505,5.559999942779541,🔭LEAPS,HOLD,1
SMR,2028-01-21,8.0,4.35,5367,30,94.77544287109374,505,9.210000038146973,🔭LEAPS,HOLD,1
CRWV,2026-09-18,135.0,0.04,2834,30,93.35944140625,15,81.8499984741211,🚬菸屁股,HOLD,1
DIS,2028-01-21,165.0,2.61,1621,30,31.74506732177734,505,106.22000122070312,🔭LEAPS,HOLD,1
RUN,2027-01-15,13.0,0.49,1529,30,78.4181845703125,134,8.369999885559082,🚬菸屁股,HOLD,1
UUUU,2027-01-15,27.0,0.48,2285,30,79.0041162109375,134,14.220000267028809,🚬菸屁股,HOLD,1
AMD,2026-09-18,650.0,0.1,8148,29,61.328511718750015,15,459.6099853515625,🚬菸屁股,HOLD,1
HOOD,2026-09-18,160.0,0.06,2012,29,81.64080859375,15,103.51000213623047,🚬菸屁股,HOLD,1
HIMS,2026-10-16,38.0,0.59,825,29,71.04521142578125,43,28.440000534057617,🚬菸屁股,HOLD,1
JOBY,2026-10-16,11.0,0.03,5221,29,71.87528125,43,6.690000057220459,🚬菸屁股,HOLD,1
ACHR,2027-01-15,25.0,0.05,22984,29,118.35978320312499,134,5.559999942779541,🆕低基期(前日Vol8) 🚬菸屁股,HOLD,1
SMR,2027-01-15,22.0,0.24,3017,29,101.95361523437501,134,9.210000038146973,🆕低基期(前日Vol9) 🚬菸屁股,HOLD,1
SMR,2027-01-15,50.0,0.05,4859,29,123.43788281249999,134,9.210000038146973,🚬菸屁股,HOLD,1
WMT,2027-01-15,155.0,0.2,3441,29,32.37372314453124,134,105.91999816894531,🚬菸屁股,HOLD,1
DELL,2026-09-18,620.0,0.9,946,29,83.93570751953125,15,425.0,🚬菸屁股,HOLD,1
META,2026-09-18,705.0,0.33,2061,29,42.9693203125,15,578.5399780273438,🚬菸屁股,HOLD,1
META,2026-09-18,715.0,0.25,1114,29,44.336494140625,15,578.5399780273438,🚬菸屁股,HOLD,1
GOOGL,2026-09-18,540.0,0.01,1134,29,95.89847851562499,15,335.0199890136719,🚬菸屁股,HOLD,1
GOOGL,2026-09-18,610.0,0.03,3556,29,86.7188828125,15,335.0199890136719,🚬菸屁股,HOLD,1
PLUG,2026-12-18,4.5,0.04,2243,29,93.7500625,106,2.0899999141693115,🚬菸屁股,HOLD,1
AFRM,2026-09-18,100.0,0.01,1044,29,66.40658593750001,15,69.94000244140625,🚬菸屁股,HOLD,1
TSLA,2028-01-21,800.0,15.9,7701,28,54.17678880310059,505,356.0899963378906,🔭LEAPS,HOLD,1
NVDA,2026-12-18,320.0,0.66,5349,28,38.7701435546875,106,217.44000244140625,🚬菸屁股,HOLD,1
OKLO,2026-10-16,75.0,0.23,1685,28,100.58643457031249,43,38.529998779296875,🚬菸屁股,HOLD,1
VST,2026-09-18,195.0,0.1,1248,28,80.4689453125,15,138.0800018310547,🆕低基期(前日Vol8) 🚬菸屁股,HOLD,1
IREN,2028-01-21,60.0,10.0,4223,28,94.15289050292968,505,36.81999969482422,🔭LEAPS,HOLD,1
IREN,2028-01-21,90.0,6.5,9743,28,93.71344177246092,505,36.81999969482422,🔭LEAPS,HOLD,1
LUNR,2028-01-21,30.0,4.0,922,28,103.12548437500001,505,14.720000267028809,🔭LEAPS,HOLD,1
META,2026-09-18,1320.0,0.01,1393,28,103.12548437500001,15,578.5399780273438,🚬菸屁股,HOLD,1
GOOGL,2028-01-21,800.0,2.75,3380,28,39.707023834228515,505,335.0199890136719,🔭LEAPS,HOLD,1
EVGO,2028-01-21,4.0,0.23,847,28,107.42233789062503,505,1.2699999809265137,🔭LEAPS,HOLD,1
PLTR,2028-01-21,210.0,41.75,9124,27,61.31935653686526,505,179.9199981689453,🆕低基期(前日Vol6) 🔭LEAPS,HOLD,1
SMCI,2028-01-21,55.0,9.4,854,27,82.98356860351561,505,36.709999084472656,🆕低基期(前日Vol1) 🔭LEAPS,HOLD,1
OKLO,2026-10-16,80.0,0.17,3043,27,102.53954980468751,43,38.529998779296875,🚬菸屁股,HOLD,1
SOFI,2026-10-16,28.0,0.05,1532,27,71.48466015625,43,17.049999237060547,🚬菸屁股,HOLD,1
IREN,2026-11-20,100.0,0.18,2198,27,112.109814453125,78,36.81999969482422,🆕低基期(前日Vol3) 🚬菸屁股,HOLD,1
OPEN,2026-12-18,7.0,0.08,1238,27,108.59420703125,106,3.0399999618530273,🆕低基期(前日Vol4) 🚬菸屁股,HOLD,1
NTLA,2027-01-15,20.0,0.8,5783,27,85.10757080078125,134,12.6850004196167,🚬菸屁股,HOLD,1
LUNR,2026-09-18,24.0,0.06,1839,27,121.875390625,15,14.720000267028809,🆕低基期(前日Vol3) 🚬菸屁股,HOLD,1
LUNR,2026-12-18,30.0,0.47,1148,27,100.09815576171874,106,14.720000267028809,🚬菸屁股,HOLD,1
SMR,2026-11-20,13.0,0.52,2419,27,88.67198828125,78,9.210000038146973,🚬菸屁股,HOLD,1
AVGO,2026-09-18,560.0,0.11,2534,27,78.8088056640625,15,369.67999267578125,🆕低基期(前日Vol6) 🚬菸屁股,HOLD,1
META,2026-09-18,790.0,0.08,1556,27,52.539537109375004,15,578.5399780273438,🚬菸屁股,HOLD,1
DIS,2026-09-18,120.0,0.07,7121,27,29.688203124999994,15,106.22000122070312,🚬菸屁股,HOLD,1
SMCI,2028-01-21,95.0,5.46,2611,26,83.0934307861328,505,36.709999084472656,🔭LEAPS,HOLD,1
ASTS,2026-10-16,190.0,0.07,2420,26,129.6878515625,43,55.79999923706055,🆕低基期(前日Vol2) 🚬菸屁股,HOLD,1
APP,2026-09-18,600.0,0.01,3264,26,98.04689453125,15,311.739990234375,🚬菸屁股,HOLD,1
PCG,2027-01-15,16.0,0.82,4040,26,48.38918798828126,134,14.0600004196167,🚬菸屁股,HOLD,1
META,2027-01-15,1480.0,0.2,2950,26,54.15084912109377,134,578.5399780273438,🚬菸屁股,HOLD,1
GOOGL,2026-09-18,690.0,0.01,923,26,102.34423828125001,15,335.0199890136719,🚬菸屁股,HOLD,1
GOOGL,2027-01-15,650.0,0.25,4339,26,46.02104760742188,134,335.0199890136719,🚬菸屁股,HOLD,1
NEE,2027-01-15,97.5,0.73,985,26,23.706817626953125,134,82.93000030517578,🚬菸屁股,HOLD,1
NEE,2028-01-21,110.0,2.38,1302,26,25.916268188476565,505,82.93000030517578,🔭LEAPS,HOLD,1
NNDM,2027-01-15,2.0,0.15,5119,26,75.7814921875,134,1.559999942779541,🆕低基期(前日Vol2) 🚬菸屁股,HOLD,1
RUN,2028-01-21,25.0,0.84,1653,26,84.66812207031249,505,8.369999885559082,🆕低基期(前日Vol6) 🔭LEAPS,HOLD,1
NVDA,2026-12-18,310.0,0.92,7334,25,38.147591186523435,106,217.44000244140625,🚬菸屁股,HOLD,1
IBIT,2027-01-15,110.0,0.1,29616,25,65.23472265625001,134,43.7599983215332,🚬菸屁股,HOLD,1
IBIT,2027-01-15,140.0,0.08,29511,25,75.39087109375001,134,43.7599983215332,🚬菸屁股,HOLD,1
OKLO,2028-01-21,80.0,7.6,932,25,89.13585083007811,505,38.529998779296875,🆕低基期(前日Vol5) 🔭LEAPS,HOLD,1
RKLB,2026-09-18,125.0,0.01,1332,25,123.43788281249999,15,62.540000915527344,🚬菸屁股,HOLD,1
SOFI,2028-01-21,27.0,2.56,4490,25,65.06382592773438,505,17.049999237060547,🔭LEAPS,HOLD,1
IREN,2028-06-16,80.0,9.8,962,25,92.06550903320311,652,36.81999969482422,🔭LEAPS,HOLD,1
NBIS,2026-09-18,400.0,0.09,3111,25,121.48476757812499,15,199.5399932861328,🚬菸屁股,HOLD,1
U,2026-09-18,52.0,0.12,1557,25,62.500375000000005,15,40.91999816894531,🚬菸屁股,HOLD,1
U,2028-01-21,50.0,10.5,2149,25,68.0911394042969,505,40.91999816894531,🔭LEAPS,HOLD,1
LUNR,2026-09-18,26.0,0.03,1625,25,126.56286718749999,15,14.720000267028809,🚬菸屁股,HOLD,1
JOBY,2026-09-18,7.5,0.08,907,25,60.15664843750002,15,6.690000057220459,🚬菸屁股,HOLD,1
JOBY,2027-01-15,12.0,0.22,7921,25,78.32052929687501,134,6.690000057220459,🚬菸屁股,HOLD,1
ACHR,2026-09-18,9.0,0.01,9151,25,117.1879140625,15,5.559999942779541,🚬菸屁股,HOLD,1
NNE,2027-01-15,50.0,0.28,2808,25,90.62509374999999,134,17.469999313354492,🚬菸屁股,HOLD,1
NNE,2027-01-15,65.0,0.15,1252,25,98.437515625,134,17.469999313354492,🚬菸屁股,HOLD,1
PCG,2026-10-16,22.0,0.03,2144,25,71.48466015625,43,14.0600004196167,🚬菸屁股,HOLD,1
META,2026-11-20,1000.0,0.58,1419,25,50.73291455078125,78,578.5399780273438,🚬菸屁股,HOLD,1
BLDP,2026-11-20,5.0,0.05,5682,25,114.0629296875,78,2.240000009536743,🚬菸屁股,HOLD,1
SOUN,2028-01-21,12.0,1.46,5364,25,84.81460498046874,505,6.849999904632568,🔭LEAPS,HOLD,1
UUUU,2027-01-15,40.0,0.1,22003,25,89.84385156249999,134,14.220000267028809,🚬菸屁股,HOLD,1
SMCI,2027-01-15,100.0,0.33,4979,24,87.10950390625,134,36.709999084472656,🚬菸屁股,HOLD,1
ASTS,2026-09-18,115.0,0.09,1433,24,128.125359375,15,55.79999923706055,🚬菸屁股,HOLD,1
SOFI,2026-09-18,29.0,0.05,3212,24,104.68797656250001,15,17.049999237060547,🆕低基期(前日Vol4) 🚬菸屁股,HOLD,1
XYZ,2026-09-18,100.0,0.04,6324,24,51.17236328125,15,77.87999725341797,🚬菸屁股,HOLD,1
OPEN,2028-01-21,2.0,1.72,2517,24,94.92192578125,505,3.0399999618530273,🔭LEAPS,HOLD,1
HIMS,2028-01-21,65.0,4.91,787,24,85.59584716796876,505,28.440000534057617,🔭LEAPS,HOLD,1
WMT,2028-01-21,145.0,4.6,1618,24,32.00141241455078,505,105.91999816894531,🆕低基期(前日Vol2) 🔭LEAPS,HOLD,1
META,2026-09-18,1140.0,0.01,872,24,92.9688203125,15,578.5399780273438,🚬菸屁股,HOLD,1
META,2026-10-16,820.0,0.43,3114,24,44.38532177734375,43,578.5399780273438,🚬菸屁股,HOLD,1
DIS,2026-09-18,125.0,0.04,5949,24,36.914693359375,15,106.22000122070312,🚬菸屁股,HOLD,1
MU,2026-10-16,2000.0,0.43,2081,24,80.95722167968748,43,933.4400024414062,🚬菸屁股,HOLD,1
FLNC,2026-11-20,17.0,0.32,1214,24,89.16026464843749,78,10.420000076293945,🆕低基期(前日Vol3) 🚬菸屁股,HOLD,1
SOUN,2028-01-21,15.0,1.16,5123,24,84.47281152343749,505,6.849999904632568,🆕低基期(前日Vol9) 🔭LEAPS,HOLD,1
TSLA,2026-11-20,700.0,0.56,17642,23,63.89196264648438,78,356.0899963378906,🚬菸屁股,HOLD,1
NVDA,2026-09-18,320.0,0.01,6931,23,54.68795312500001,15,217.44000244140625,🚬菸屁股,HOLD,1
GOOG,2026-09-18,460.0,0.04,5769,23,58.39885351562499,15,332.0299987792969,🆕低基期(前日Vol6) 🚬菸屁股,HOLD,1
INTC,2026-11-20,170.0,0.5,7093,23,74.75611181640626,78,88.97000122070312,🚬菸屁股,HOLD,1
OPEN,2026-12-18,10.0,0.04,28449,23,119.53165234375001,106,3.0399999618530273,🆕低基期(前日Vol2) 🚬菸屁股,HOLD,1
PACB,2027-01-15,4.0,0.05,2032,23,125.78162109374999,134,1.2799999713897705,🚬菸屁股,HOLD,1
LUNR,2026-09-18,21.0,0.07,2717,23,102.73486132812502,15,14.720000267028809,🚬菸屁股,HOLD,1
ACHR,2026-10-16,12.0,0.03,8367,23,121.875390625,43,5.559999942779541,🆕低基期(前日Vol2) 🚬菸屁股,HOLD,1
SMR,2028-01-21,5.0,5.65,1973,23,97.11916943359374,505,9.210000038146973,🔭LEAPS,HOLD,1
TJX,2026-09-18,140.0,0.5,774,23,23.36502416992187,15,133.27000427246094,🚬菸屁股,HOLD,1
GOOGL,2026-09-18,600.0,0.04,15896,23,91.4063359375,15,335.0199890136719,🚬菸屁股,HOLD,1
GOOGL,2026-10-16,550.0,0.08,1986,23,53.51608984375,43,335.0199890136719,🚬菸屁股,HOLD,1
AMZN,2026-11-20,360.0,0.5,14668,23,38.50159155273437,78,254.9199981689453,🚬菸屁股,HOLD,1
NEE,2026-09-18,86.0,0.45,838,23,21.216608154296875,15,82.93000030517578,🚬菸屁股,HOLD,1
DDD,2027-01-15,5.0,0.3,1555,23,89.257919921875,134,3.2899999618530273,🚬菸屁股,HOLD,1
SOUN,2026-10-16,14.0,0.04,4366,23,107.03171484375002,43,6.849999904632568,🆕低基期(前日Vol1) 🚬菸屁股,HOLD,1
TSLA,2026-09-18,800.0,0.01,8896,22,112.5004375,15,356.0899963378906,🆕低基期(前日Vol3) 🚬菸屁股,HOLD,1
IBIT,2027-01-15,68.0,0.42,8101,22,47.51029052734375,134,43.7599983215332,🚬菸屁股,HOLD,1
OKLO,2026-11-20,70.0,0.85,1389,22,91.55281884765625,78,38.529998779296875,🚬菸屁股,HOLD,1
RKLB,2026-12-18,150.0,0.6,5389,22,87.25598681640624,106,62.540000915527344,🚬菸屁股,HOLD,1
UPST,2028-01-21,25.0,11.8,956,22,84.25308715820312,505,27.389999389648438,🔭LEAPS,HOLD,1
SOFI,2026-11-20,33.0,0.06,1471,22,71.0940390625,78,17.049999237060547,🆕低基期(前日Vol2) 🚬菸屁股,HOLD,1
U,2028-01-21,70.0,6.3,838,22,66.55306884765628,505,40.91999816894531,🔭LEAPS,HOLD,1
OPEN,2026-10-16,6.0,0.03,2066,22,117.1879140625,43,3.0399999618530273,🚬菸屁股,HOLD,1
JOBY,2028-01-21,3.0,4.35,2349,22,91.211025390625,505,6.690000057220459,🔭LEAPS,HOLD,1
TJX,2026-12-18,170.0,0.35,1217,22,27.027096923828125,106,133.27000427246094,🆕低基期(前日Vol4) 🚬菸屁股,HOLD,1
APP,2026-09-18,520.0,0.2,1286,22,134.96126269531248,15,311.739990234375,🚬菸屁股,HOLD,1
GOOGL,2026-09-18,415.0,0.13,4478,22,44.434149414062496,15,335.0199890136719,🚬菸屁股,HOLD,1
GOOGL,2026-09-18,495.0,0.03,1876,22,62.500375000000005,15,335.0199890136719,🆕低基期(前日Vol1) 🚬菸屁股,HOLD,1
GOOGL,2028-01-21,580.0,11.75,2413,22,39.3911700592041,505,335.0199890136719,🔭LEAPS,HOLD,1
PLUG,2028-01-21,3.5,0.56,5021,22,89.45323046875,505,2.0899999141693115,🔭LEAPS,HOLD,1
BLDP,2026-11-20,4.0,0.05,1854,22,90.62509374999999,78,2.240000009536743,🚬菸屁股,HOLD,1
RUN,2026-11-20,17.0,0.07,2748,22,78.9064609375,78,8.369999885559082,🚬菸屁股,HOLD,1
BBAI,2028-01-21,12.0,0.38,5431,22,109.375453125,505,2.950000047683716,🔭LEAPS,HOLD,1
UUUU,2027-01-15,22.0,0.79,4031,22,77.73459765625,134,14.220000267028809,🚬菸屁股,HOLD,1
INTC,2028-01-21,55.0,47.4,5221,21,72.19876434326171,505,88.97000122070312,🔭LEAPS,HOLD,1
OKLO,2026-12-18,125.0,0.4,2251,21,107.42233789062503,106,38.529998779296875,🚬菸屁股,HOLD,1
OKLO,2028-01-21,55.0,11.16,1041,21,89.79502392578124,505,38.529998779296875,🔭LEAPS,HOLD,1
VST,2026-10-16,200.0,0.21,1454,21,51.90477783203124,43,138.0800018310547,🆕低基期(前日Vol1) 🚬菸屁股,HOLD,1
RKLB,2028-01-21,190.0,5.3,1032,21,80.01728967285156,505,62.540000915527344,🔭LEAPS,HOLD,1
DKNG,2027-01-15,37.0,0.5,1612,21,55.273884765625006,134,23.440000534057617,🚬菸屁股,HOLD,1
ACHR,2026-10-16,11.0,0.03,4094,21,115.625421875,43,5.559999942779541,🚬菸屁股,HOLD,1
SMR,2026-09-18,14.0,0.02,1342,21,106.25046875000001,15,9.210000038146973,🚬菸屁股,HOLD,1
SMR,2027-01-15,45.0,0.08,1542,21,121.875390625,134,9.210000038146973,🚬菸屁股,HOLD,1
WMT,2028-01-21,195.0,0.97,3118,21,30.884480224609373,505,105.91999816894531,🔭LEAPS,HOLD,1
GOOGL,2026-12-18,550.0,0.28,3129,21,43.57966577148438,106,335.0199890136719,🆕低基期(前日Vol1) 🚬菸屁股,HOLD,1
RUN,2026-09-18,16.0,0.01,17604,21,118.75040625,15,8.369999885559082,🚬菸屁股,HOLD,1
TSLA,2026-09-18,940.0,0.01,10378,20,121.875390625,15,356.0899963378906,🆕低基期(前日Vol3) 🚬菸屁股,HOLD,1
TSLA,2028-01-21,850.0,14.5,5994,20,54.59182371520996,505,356.0899963378906,🆕低基期(前日Vol5) 🔭LEAPS,HOLD,1
NVDA,2028-01-21,320.0,15.75,8016,20,42.49630258178711,505,217.44000244140625,🔭LEAPS,HOLD,1
MSTR,2027-01-15,700.0,0.27,11458,20,108.203583984375,134,124.87999725341797,🚬菸屁股,HOLD,1
IBIT,2026-09-18,100.0,0.01,16999,20,125.00037499999999,15,43.7599983215332,🚬菸屁股,HOLD,1
SMCI,2028-01-21,105.0,4.1,8436,20,83.11784460449219,505,36.709999084472656,🔭LEAPS,HOLD,1
OKLO,2026-09-18,44.0,0.75,1155,20,75.09790527343749,15,38.529998779296875,🚬菸屁股,HOLD,1
OKLO,2027-01-15,230.0,0.23,1018,20,127.73473632812498,134,38.529998779296875,🚬菸屁股,HOLD,1
RKLB,2026-12-18,185.0,0.33,1596,20,94.33599414062499,106,62.540000915527344,🚬菸屁股,HOLD,1
SOFI,2026-09-18,40.0,0.01,25149,20,137.50031249999998,15,17.049999237060547,🚬菸屁股,HOLD,1
SOFI,2026-10-16,35.0,0.02,6710,20,95.312546875,43,17.049999237060547,🚬菸屁股,HOLD,1
SOFI,2026-11-20,31.0,0.12,1264,20,71.0940390625,78,17.049999237060547,🆕低基期(前日Vol1) 🚬菸屁股,HOLD,1
DKNG,2026-09-18,45.0,0.04,6263,20,126.56286718749999,15,23.440000534057617,🆕低基期(前日Vol1) 🚬菸屁股,HOLD,1
DKNG,2026-12-18,80.0,0.11,871,20,94.14068359375,106,23.440000534057617,🚬菸屁股,HOLD,1
IREN,2026-10-16,100.0,0.04,5455,20,131.64096679687498,43,36.81999969482422,🚬菸屁股,HOLD,1
IREN,2026-12-18,95.0,0.43,916,20,100.3422951660156,106,36.81999969482422,🚬菸屁股,HOLD,1
LUNR,2028-01-21,20.0,5.59,2575,20,103.02782861328126,505,14.720000267028809,🔭LEAPS,HOLD,1
CRWV,2026-09-18,150.0,0.02,10824,20,103.12548437500001,15,81.8499984741211,🚬菸屁股,HOLD,1
TJX,2026-09-18,150.0,0.04,1553,20,29.004616210937495,15,133.27000427246094,🆕低基期(前日Vol2) 🚬菸屁股,HOLD,1
WMT,2026-11-20,135.0,0.3,2946,20,30.274134765625,78,105.91999816894531,🆕低基期(前日Vol6) 🚬菸屁股,HOLD,1
WMT,2028-01-21,135.0,6.35,846,20,32.288274780273426,505,105.91999816894531,🔭LEAPS,HOLD,1
PCG,2027-01-15,27.0,0.02,3335,20,63.7698935546875,134,14.0600004196167,🆕低基期(前日Vol1) 🚬菸屁股,HOLD,1
AVGO,2026-09-18,530.0,0.25,1787,20,72.6565234375,15,369.67999267578125,🚬菸屁股,HOLD,1
META,2026-10-16,765.0,0.99,4615,20,41.345801391601555,43,578.5399780273438,🚬菸屁股,HOLD,1
GOOGL,2026-09-18,570.0,0.01,1360,20,85.937640625,15,335.0199890136719,🚬菸屁股,HOLD,1
GOOGL,2026-09-18,770.0,0.01,1658,20,115.625421875,15,335.0199890136719,🚬菸屁股,HOLD,1
AMZN,2026-09-18,380.0,0.01,3932,20,62.890996093750005,15,254.9199981689453,🚬菸屁股,HOLD,1
AMZN,2026-09-18,390.0,0.01,909,20,72.6565234375,15,254.9199981689453,🚬菸屁股,HOLD,1
CRWD,2026-09-18,300.0,0.06,2169,20,64.648791015625,15,215.07000732421875,🚬菸屁股,HOLD,1
RTX,2026-09-18,250.0,0.04,3425,20,41.699801757812494,15,205.16000366210938,🚬菸屁股,HOLD,1
AMAT,2026-09-18,1020.0,0.03,807,20,114.0629296875,15,441.8500061035156,🚬菸屁股,HOLD,1
BLDP,2026-11-20,8.0,0.05,1194,20,139.06280468749998,78,2.240000009536743,🚬菸屁股,HOLD,1
SOUN,2026-09-18,8.5,0.06,963,20,74.2190078125,15,6.849999904632568,🚬菸屁股,HOLD,1
UUUU,2028-01-21,40.0,1.74,3451,20,86.76771044921875,505,14.220000267028809,🔭LEAPS,HOLD,1
EVGO,2027-01-15,5.0,0.05,6823,20,123.43788281249999,134,1.2699999809265137,🆕低基期(前日Vol5) 🚬菸屁股,HOLD,1
IBIT,2028-01-21,55.0,7.0,5420,19,50.989259643554696,505,43.7599983215332,🆕低基期(前日Vol1) 🔭LEAPS,HOLD,1
SMCI,2026-11-20,60.0,0.89,3226,19,83.54508642578124,78,36.709999084472656,🚬菸屁股,HOLD,1
RKLB,2026-10-16,130.0,0.24,2632,19,101.95361523437501,43,62.540000915527344,🆕低基期(前日Vol5) 🚬菸屁股,HOLD,1
IONQ,2028-01-21,140.0,3.18,925,19,89.00157482910156,505,37.779998779296875,🔭LEAPS,HOLD,1
UPST,2027-01-15,100.0,0.1,6061,19,101.66064794921877,134,27.389999389648438,🚬菸屁股,HOLD,1
SOFI,2026-12-18,29.0,0.22,1335,19,63.1839619140625,106,17.049999237060547,🚬菸屁股,HOLD,1
SOFI,2027-01-15,37.0,0.13,3637,19,68.555001953125,134,17.049999237060547,🆕低基期(前日Vol3) 🚬菸屁股,HOLD,1
DKNG,2027-01-15,75.0,0.08,1010,19,94.92192578125,134,23.440000534057617,🚬菸屁股,HOLD,1
IREN,2026-11-20,80.0,0.5,3937,19,97.75392871093752,78,36.81999969482422,🚬菸屁股,HOLD,1
U,2026-09-18,47.0,0.28,1052,19,52.4418818359375,15,40.91999816894531,🚬菸屁股,HOLD,1
TDOC,2027-01-15,25.0,0.02,2917,19,107.81296093750001,134,6.260000228881836,🚬菸屁股,HOLD,1
KTOS,2026-09-18,70.0,0.05,915,19,88.67198828125,15,49.34000015258789,🚬菸屁股,HOLD,1
LUNR,2026-09-18,19.0,0.14,979,19,92.57819921875,15,14.720000267028809,🚬菸屁股,HOLD,1
LUNR,2026-12-18,32.0,0.37,1019,19,104.0043862304688,106,14.720000267028809,🆕低基期(前日Vol7) 🚬菸屁股,HOLD,1
CRWV,2026-09-18,97.5,0.8,1350,19,70.8010732421875,15,81.8499984741211,🚬菸屁股,HOLD,1
WMT,2026-10-16,140.0,0.04,1206,19,34.961587890625,43,105.91999816894531,🆕低基期(前日Vol2) 🚬菸屁股,HOLD,1
SEDG,2026-10-16,50.0,0.32,844,19,82.3243955078125,43,32.4900016784668,🆕低基期(前日Vol1) 🚬菸屁股,HOLD,1
RUN,2026-09-18,13.0,0.01,21521,19,84.37515624999999,15,8.369999885559082,🚬菸屁股,HOLD,1
UUUU,2027-01-15,35.0,0.18,2414,19,85.1563984375,134,14.220000267028809,🚬菸屁股,HOLD,1
IBIT,2026-09-18,90.0,0.02,10274,18,109.375453125,15,43.7599983215332,🚬菸屁股,HOLD,1
IBIT,2026-09-18,95.0,0.01,8371,18,118.75040625,15,43.7599983215332,🚬菸屁股,HOLD,1
IBIT,2028-06-16,50.0,10.75,8392,18,54.96871203613283,652,43.7599983215332,🔭LEAPS,HOLD,1
VST,2026-09-18,185.0,0.08,1516,18,75.09790527343749,15,138.0800018310547,🚬菸屁股,HOLD,1
RKLB,2028-01-21,175.0,6.2,3480,18,78.62570202636718,505,62.540000915527344,🔭LEAPS,HOLD,1
RKLB,2028-01-21,180.0,5.87,1014,18,78.54025366210936,505,62.540000915527344,🆕低基期(前日Vol7) 🔭LEAPS,HOLD,1
ASTS,2028-01-21,145.0,9.15,1793,18,88.39122937011719,505,55.79999923706055,🔭LEAPS,HOLD,1
UPST,2027-01-15,65.0,0.38,784,18,82.3243955078125,134,27.389999389648438,🚬菸屁股,HOLD,1
UPST,2028-01-21,30.0,9.14,1502,18,80.01728967285156,505,27.389999389648438,🔭LEAPS,HOLD,1
DKNG,2027-01-15,80.0,0.01,999,18,80.07832421875,134,23.440000534057617,🚬菸屁股,HOLD,1
HIMS,2028-01-21,45.0,7.0,1168,18,84.16763879394532,505,28.440000534057617,🔭LEAPS,HOLD,1
JOBY,2026-11-20,15.0,0.03,1083,18,93.7500625,78,6.690000057220459,🚬菸屁股,HOLD,1
VRT,2026-09-18,350.0,0.08,2048,18,58.789474609375006,15,255.97000122070312,🚬菸屁股,HOLD,1
CRWV,2026-12-18,180.0,0.85,1057,18,83.1056376953125,106,81.8499984741211,🚬菸屁股,HOLD,1
PCG,2026-10-16,19.0,0.15,11941,18,67.38313867187502,43,14.0600004196167,🚬菸屁股,HOLD,1
META,2026-09-18,770.0,0.09,2448,18,51.562984375,15,578.5399780273438,🚬菸屁股,HOLD,1
META,2027-01-15,1300.0,0.5,1533,18,50.70850073242188,134,578.5399780273438,🚬菸屁股,HOLD,1
MU,2026-10-16,1800.0,0.95,773,18,76.53832055664063,43,933.4400024414062,🚬菸屁股,HOLD,1
FLNC,2026-09-18,15.0,0.04,1769,18,87.500125,15,10.420000076293945,🚬菸屁股,HOLD,1
SOUN,2026-10-16,15.0,0.03,3080,18,112.5004375,43,6.849999904632568,🚬菸屁股,HOLD,1
UUUU,2028-01-21,20.0,3.97,3735,18,84.76577734374999,505,14.220000267028809,🔭LEAPS,HOLD,1
IBIT,2028-06-16,45.0,12.9,5230,17,55.84760949707033,652,43.7599983215332,🔭LEAPS,HOLD,1
INTC,2026-10-16,210.0,0.02,7631,17,81.2501875,43,88.97000122070312,🚬菸屁股,HOLD,1
SMCI,2026-09-18,41.5,0.79,1499,17,73.1447998046875,15,36.709999084472656,🚬菸屁股,HOLD,1
RKLB,2026-09-18,135.0,0.01,2292,17,146.48464257812498,15,62.540000915527344,🆕低基期(前日Vol2) 🚬菸屁股,HOLD,1
IONQ,2028-01-21,100.0,5.0,1068,17,85.90101989746093,505,37.779998779296875,🆕低基期(前日Vol2) 🔭LEAPS,HOLD,1
SOFI,2026-09-18,28.0,0.02,4570,17,107.81296093750001,15,17.049999237060547,🚬菸屁股,HOLD,1
SOFI,2028-06-16,10.0,9.35,8969,17,73.34011035156249,652,17.049999237060547,🔭LEAPS,HOLD,1
IREN,2026-09-18,75.0,0.03,7875,17,129.6878515625,15,36.81999969482422,🚬菸屁股,HOLD,1
HOOD,2026-12-18,260.0,0.45,2097,17,74.12135253906249,106,103.51000213623047,🚬菸屁股,HOLD,1
HIMS,2026-10-16,55.0,0.11,3203,17,104.49266503906252,43,28.440000534057617,🚬菸屁股,HOLD,1
LUNR,2027-01-15,40.0,0.33,5011,17,101.3676806640625,134,14.720000267028809,🚬菸屁股,HOLD,1
JOBY,2027-01-15,14.0,0.13,2934,17,81.64080859375,134,6.690000057220459,🚬菸屁股,HOLD,1
TJX,2027-01-15,170.0,0.55,1955,17,25.574474731445317,134,133.27000427246094,🚬菸屁股,HOLD,1
APP,2026-09-18,500.0,0.15,2738,17,81.2501875,15,311.739990234375,🆕低基期(前日Vol1) 🚬菸屁股,HOLD,1
RDDT,2026-09-18,210.0,0.08,1458,17,79.687703125,15,144.63999938964844,🚬菸屁股,HOLD,1
META,2026-09-18,1300.0,0.02,2545,17,101.5629921875,15,578.5399780273438,🚬菸屁股,HOLD,1
META,2027-01-15,1100.0,0.97,4167,17,47.37601452636719,134,578.5399780273438,🚬菸屁股,HOLD,1
IBIT,2026-10-16,59.0,0.11,9014,16,47.26615234375,43,43.7599983215332,🚬菸屁股,HOLD,1
SMCI,2028-01-21,60.0,8.47,6506,16,82.45867150878905,505,36.709999084472656,🔭LEAPS,HOLD,1
OKLO,2026-09-18,75.0,0.04,1917,16,130.46909765624997,15,38.529998779296875,🚬菸屁股,HOLD,1
ASTS,2026-09-18,120.0,0.04,3190,16,134.37532812499998,15,55.79999923706055,🚬菸屁股,HOLD,1
DKNG,2026-12-18,55.0,0.1,3397,16,80.4689453125,106,23.440000534057617,🚬菸屁股,HOLD,1
IREN,2028-01-21,55.0,11.12,2790,16,93.13971704101563,505,36.81999969482422,🔭LEAPS,HOLD,1
PATH,2028-01-21,17.0,6.81,2588,16,78.2228740234375,505,18.139999389648438,🔭LEAPS,HOLD,1
HIMS,2026-10-16,50.0,0.16,4943,16,96.3867548828125,43,28.440000534057617,🚬菸屁股,HOLD,1
ONDS,2026-09-18,14.0,0.03,7125,16,143.75028125,15,7.039999961853027,🚬菸屁股,HOLD,1
ONDS,2026-12-18,14.0,0.2,8068,16,95.11723632812499,106,7.039999961853027,🚬菸屁股,HOLD,1
SMR,2028-01-21,85.0,0.45,4560,16,113.0863720703125,505,9.210000038146973,🆕低基期(前日Vol4) 🔭LEAPS,HOLD,1
CRWV,2026-10-16,145.0,0.26,3369,16,81.05487695312499,43,81.8499984741211,🚬菸屁股,HOLD,1
WMT,2027-01-15,150.0,0.26,4867,16,30.86006640625,134,105.91999816894531,🆕低基期(前日Vol5) 🚬菸屁股,HOLD,1
PCG,2027-01-15,18.0,0.4,15031,16,54.59029785156251,134,14.0600004196167,🚬菸屁股,HOLD,1
META,2026-10-16,900.0,0.18,2995,16,48.97511962890626,43,578.5399780273438,🚬菸屁股,HOLD,1
NEE,2026-09-18,97.5,0.01,13669,16,29.688203124999994,15,82.93000030517578,🚬菸屁股,HOLD,1
AMAT,2026-09-18,630.0,0.15,819,16,73.437765625,15,441.8500061035156,🚬菸屁股,HOLD,1
DIS,2026-10-16,125.0,0.19,3352,16,31.153032226562495,43,106.22000122070312,🚬菸屁股,HOLD,1
NNDM,2026-11-20,2.0,0.05,19074,16,70.312796875,78,1.559999942779541,🆕低基期(前日Vol4) 🚬菸屁股,HOLD,1
PLUG,2026-12-18,5.5,0.03,2587,16,90.62509374999999,106,2.0899999141693115,🚬菸屁股,HOLD,1
SOUN,2026-10-16,13.0,0.05,3151,16,103.90673046875003,43,6.849999904632568,🚬菸屁股,HOLD,1
EVGO,2027-02-19,1.0,0.5,6584,16,143.75028125,169,1.2699999809265137,🚬菸屁股,HOLD,1
MSTR,2027-01-15,400.0,0.95,7890,15,93.60357958984375,134,124.87999725341797,🚬菸屁股,HOLD,1
INTC,2026-12-18,195.0,0.56,6109,15,75.09790527343749,106,88.97000122070312,🚬菸屁股,HOLD,1
SMCI,2026-12-18,80.0,0.5,2875,15,86.37708935546875,106,36.709999084472656,🚬菸屁股,HOLD,1
OKLO,2026-09-18,90.0,0.03,1097,15,142.1877890625,15,38.529998779296875,🚬菸屁股,HOLD,1
ASTS,2026-10-16,120.0,0.24,1320,15,104.59032080078129,43,55.79999923706055,🚬菸屁股,HOLD,1
IONQ,2027-01-15,120.0,0.31,3945,15,96.679720703125,134,37.779998779296875,🚬菸屁股,HOLD,1
SOFI,2027-01-15,45.0,0.07,11429,15,73.437765625,134,17.049999237060547,🆕低基期(前日Vol4) 🚬菸屁股,HOLD,1
IREN,2026-12-18,90.0,0.36,1459,15,98.87696435546876,106,36.81999969482422,🆕低基期(前日Vol6) 🚬菸屁股,HOLD,1
NBIS,2026-09-18,320.0,0.27,1745,15,101.46533642578123,15,199.5399932861328,🚬菸屁股,HOLD,1
HOOD,2026-09-18,145.0,0.15,1492,15,75.87914746093752,15,103.51000213623047,🚬菸屁股,HOLD,1
NTLA,2026-10-16,17.0,0.39,1708,15,88.86729882812499,43,12.6850004196167,🚬菸屁股,HOLD,1
NTLA,2027-01-15,42.0,0.05,870,15,122.16835791015623,134,12.6850004196167,🚬菸屁股,HOLD,1
HIMS,2028-01-21,40.0,7.8,9983,15,85.90101989746093,505,28.440000534057617,🔭LEAPS,HOLD,1
HIMS,2028-01-21,70.0,4.3,789,15,85.66908862304687,505,28.440000534057617,🆕低基期(前日Vol2) 🔭LEAPS,HOLD,1
GOOGL,2026-09-18,720.0,0.01,1170,15,107.81296093750001,15,335.0199890136719,🚬菸屁股,HOLD,1
GOOGL,2028-01-21,650.0,6.45,23122,15,39.98473101806641,505,335.0199890136719,🔭LEAPS,HOLD,1
DIS,2026-12-18,145.0,0.28,1312,15,32.93524096679687,106,106.22000122070312,🚬菸屁股,HOLD,1
SOUN,2028-01-21,4.0,3.65,1412,15,80.07832421875,505,6.849999904632568,🔭LEAPS,HOLD,1
UUUU,2027-01-15,37.0,0.13,1751,15,82.42205078125,134,14.220000267028809,🆕低基期(前日Vol4) 🚬菸屁股,HOLD,1
EVGO,2027-01-15,1.0,0.44,3568,15,129.6878515625,134,1.2699999809265137,🆕低基期(前日Vol3) 🚬菸屁股,HOLD,1
SMCI,2026-12-18,65.0,0.99,1961,14,82.42205078125,106,36.709999084472656,🚬菸屁股,HOLD,1
SMCI,2027-01-15,105.0,0.33,12404,14,85.54701953125,134,36.709999084472656,🆕低基期(前日Vol1) 🚬菸屁股,HOLD,1
OKLO,2028-01-21,150.0,4.02,1320,14,97.50979052734375,505,38.529998779296875,🆕低基期(前日Vol4) 🔭LEAPS,HOLD,1
OKLO,2028-01-21,260.0,2.3,2566,14,99.65820654296876,505,38.529998779296875,🔭LEAPS,HOLD,1
VST,2026-09-18,190.0,0.05,9527,14,61.133201171875015,15,138.0800018310547,🆕低基期(前日Vol4) 🚬菸屁股,HOLD,1
ASTS,2027-01-15,190.0,0.46,6367,14,102.10009887695315,134,55.79999923706055,🚬菸屁股,HOLD,1
IONQ,2026-09-18,65.0,0.05,2337,14,111.71919140624999,15,37.779998779296875,🚬菸屁股,HOLD,1
PATH,2026-09-18,26.0,0.12,998,14,105.46922265625001,15,18.139999389648438,🚬菸屁股,HOLD,1
TDOC,2026-09-18,7.0,0.07,1273,14,55.469195312500005,15,6.260000228881836,🚬菸屁股,HOLD,1
KTOS,2026-11-20,80.0,0.7,958,14,69.14093359375,78,49.34000015258789,🚬菸屁股,HOLD,1
NNE,2027-01-15,60.0,0.17,1727,14,93.7500625,134,17.469999313354492,🚬菸屁股,HOLD,1
CRWV,2027-01-15,280.0,0.28,18258,14,87.500125,134,81.8499984741211,🚬菸屁股,HOLD,1
TJX,2026-09-18,165.0,0.05,2247,14,42.9693203125,15,133.27000427246094,🚬菸屁股,HOLD,1
WMT,2028-01-21,125.0,9.1,871,14,31.690136230468745,505,105.91999816894531,🔭LEAPS,HOLD,1
PCG,2026-09-18,18.5,0.15,2099,14,101.95361523437501,15,14.0600004196167,🆕低基期(前日Vol1) 🚬菸屁股,HOLD,1
META,2026-11-20,950.0,0.82,2090,14,49.14601635742188,78,578.5399780273438,🚬菸屁股,HOLD,1
TGT,2026-09-18,177.5,0.47,2065,14,30.07882421875,15,163.75,🚬菸屁股,HOLD,1
GOOGL,2026-09-18,435.0,0.19,1524,14,51.27001855468749,15,335.0199890136719,🚬菸屁股,HOLD,1
DIS,2026-12-18,170.0,0.08,3021,14,45.16656396484375,106,106.22000122070312,🚬菸屁股,HOLD,1
NNDM,2027-01-15,4.0,0.05,980,14,90.62509374999999,134,1.559999942779541,🚬菸屁股,HOLD,1
RUN,2026-11-20,13.0,0.26,11340,14,76.95335546875,78,8.369999885559082,🚬菸屁股,HOLD,1
RUN,2027-01-15,17.0,0.17,10312,14,79.883013671875,134,8.369999885559082,🚬菸屁股,HOLD,1
SOUN,2026-10-16,12.0,0.05,11700,14,96.0937890625,43,6.849999904632568,🚬菸屁股,HOLD,1
MSFT,2027-01-15,625.0,5.45,52477,13,30.07882421875,134,501.0199890136719,🔥萬人塚 🏛️機構場,HOLD,1
OKLO,2026-12-18,140.0,0.41,5816,13,115.4301103515625,106,38.529998779296875,🚬菸屁股,HOLD,1
ASTS,2028-01-21,110.0,11.7,3472,13,87.73815972900391,505,55.79999923706055,🔭LEAPS,HOLD,1
ASTS,2028-01-21,120.0,10.85,4135,13,88.20812573242188,505,55.79999923706055,🔭LEAPS,HOLD,1
IONQ,2026-10-16,85.0,0.07,2379,13,106.25046875000001,43,37.779998779296875,🚬菸屁股,HOLD,1
IONQ,2027-01-15,90.0,0.74,2310,13,91.65047412109377,134,37.779998779296875,🚬菸屁股,HOLD,1
IONQ,2028-01-21,90.0,6.2,2071,13,85.54701953125,505,37.779998779296875,🔭LEAPS,HOLD,1
UPST,2026-09-18,47.5,0.02,944,13,119.53165234375001,15,27.389999389648438,🚬菸屁股,HOLD,1
UPST,2028-01-21,40.0,6.5,2464,13,78.97970239257812,505,27.389999389648438,🔭LEAPS,HOLD,1
SOFI,2028-01-21,47.0,0.95,7510,13,67.87141503906251,505,17.049999237060547,🔭LEAPS,HOLD,1
SOFI,2028-06-16,32.0,2.68,12683,13,64.67320483398437,652,17.049999237060547,🔭LEAPS,HOLD,1
NBIS,2026-09-18,340.0,0.21,1168,13,107.71530517578127,15,199.5399932861328,🚬菸屁股,HOLD,1
NBIS,2026-09-18,390.0,0.14,1268,13,118.1644716796875,15,199.5399932861328,🚬菸屁股,HOLD,1
PATH,2027-01-15,35.0,0.45,3055,13,81.34784277343749,134,18.139999389648438,🚬菸屁股,HOLD,1
PATH,2028-01-21,22.0,5.15,3176,13,75.2932158203125,505,18.139999389648438,🔭LEAPS,HOLD,1
PATH,2028-01-21,25.0,4.55,8183,13,74.92700854492188,505,18.139999389648438,🔭LEAPS,HOLD,1
HOOD,2026-10-16,180.0,0.21,2350,13,80.71308349609374,43,103.51000213623047,🆕低基期(前日Vol1) 🚬菸屁股,HOLD,1
TDOC,2027-01-15,12.5,0.12,5066,13,80.664255859375,134,6.260000228881836,🚬菸屁股,HOLD,1
KTOS,2027-01-15,100.0,0.64,1508,13,73.7307314453125,134,49.34000015258789,🚬菸屁股,HOLD,1
LUNR,2027-01-15,37.0,0.39,2812,13,100.29346728515624,134,14.720000267028809,🚬菸屁股,HOLD,1
META,2026-09-18,1470.0,0.01,1009,13,126.56286718749999,15,578.5399780273438,🚬菸屁股,HOLD,1
AMAT,2026-09-18,740.0,0.1,992,13,98.3398603515625,15,441.8500061035156,🚬菸屁股,HOLD,1
NNDM,2026-11-20,2.5,0.03,3032,13,87.500125,78,1.559999942779541,🚬菸屁股,HOLD,1
SEDG,2027-01-15,70.0,0.79,4935,13,86.132951171875,134,32.4900016784668,🚬菸屁股,HOLD,1
SOUN,2026-10-16,19.0,0.02,990,13,128.125359375,43,6.849999904632568,🆕低基期(前日Vol4) 🚬菸屁股,HOLD,1
SOUN,2027-01-15,22.0,0.08,2744,13,104.68797656250001,134,6.849999904632568,🆕低基期(前日Vol1) 🚬菸屁股,HOLD,1
UUUU,2026-09-18,19.0,0.04,827,13,89.84385156249999,15,14.220000267028809,🚬菸屁股,HOLD,1
EDIT,2027-01-15,7.5,0.1,2817,13,113.67230664062502,134,3.069999933242798,🆕低基期(前日Vol1) 🚬菸屁股,HOLD,1
AFRM,2026-12-18,120.0,0.55,846,13,59.59513061523438,106,69.94000244140625,🚬菸屁股,HOLD,1
TSLA,2026-09-18,550.0,0.12,8435,12,78.0275634765625,15,356.0899963378906,🚬菸屁股,HOLD,1
GOOG,2026-09-18,410.0,0.09,6941,12,42.774009765625,15,332.0299987792969,🚬菸屁股,HOLD,1
IBIT,2027-01-15,95.0,0.12,17564,12,59.18009570312501,134,43.7599983215332,🆕低基期(前日Vol1) 🚬菸屁股,HOLD,1
IBIT,2028-01-21,85.0,2.6,14912,12,51.2578116455078,505,43.7599983215332,🆕低基期(前日Vol3) 🔭LEAPS,HOLD,1
INTC,2026-09-18,160.0,0.01,7565,12,92.187578125,15,88.97000122070312,🆕低基期(前日Vol1) 🚬菸屁股,HOLD,1
SMCI,2026-09-18,49.0,0.13,2314,12,80.27363476562499,15,36.709999084472656,🚬菸屁股,HOLD,1
RKLB,2026-09-18,150.0,0.02,4927,12,139.06280468749998,15,62.540000915527344,🚬菸屁股,HOLD,1
RKLB,2026-10-16,135.0,0.13,1177,12,97.26565234374999,43,62.540000915527344,🚬菸屁股,HOLD,1
RKLB,2026-10-16,140.0,0.1,976,12,92.57819921875,43,62.540000915527344,🚬菸屁股,HOLD,1
SOFI,2028-01-21,8.0,10.2,1644,12,93.40826904296875,505,17.049999237060547,🔭LEAPS,HOLD,1
IREN,2026-09-18,49.0,0.23,1739,12,85.937640625,15,36.81999969482422,🚬菸屁股,HOLD,1
PATH,2028-01-21,37.0,2.37,6606,12,75.195560546875,505,18.139999389648438,🔭LEAPS,HOLD,1
HOOD,2026-09-18,155.0,0.09,2187,12,94.14068359375,15,103.51000213623047,🚬菸屁股,HOLD,1
TDOC,2027-01-15,7.5,0.53,15135,12,65.33237792968751,134,6.260000228881836,🚬菸屁股,HOLD,1
HIMS,2027-01-15,70.0,0.5,3869,12,93.6524072265625,134,28.440000534057617,🚬菸屁股,HOLD,1
HIMS,2028-01-21,28.0,11.2,883,12,83.96012133789061,505,28.440000534057617,🆕低基期(前日Vol1) 🔭LEAPS,HOLD,1
ACHR,2027-01-15,11.0,0.19,3958,12,86.914193359375,134,5.559999942779541,🚬菸屁股,HOLD,1
SMR,2027-01-15,37.0,0.07,1005,12,113.28168359375002,134,9.210000038146973,🆕低基期(前日Vol2) 🚬菸屁股,HOLD,1
CRWV,2026-09-18,145.0,0.03,1757,12,100.0005,15,81.8499984741211,🆕低基期(前日Vol1) 🚬菸屁股,HOLD,1
CRWV,2027-01-15,230.0,0.74,2537,12,84.961087890625,134,81.8499984741211,🚬菸屁股,HOLD,1
WMT,2026-11-20,150.0,0.1,1585,12,33.887379882812496,78,105.91999816894531,🚬菸屁股,HOLD,1
META,2026-12-18,1290.0,0.44,8565,12,54.297332031250015,106,578.5399780273438,🚬菸屁股,HOLD,1
GOOGL,2026-09-18,710.0,0.02,1991,12,106.25046875000001,15,335.0199890136719,🚬菸屁股,HOLD,1
GOOGL,2026-11-20,540.0,0.3,4822,12,48.41360180664063,78,335.0199890136719,🚬菸屁股,HOLD,1
GOOGL,2026-12-18,610.0,0.18,2574,12,49.26808544921876,106,335.0199890136719,🚬菸屁股,HOLD,1
AMZN,2026-10-16,335.0,0.15,1031,12,35.986968261718744,43,254.9199981689453,🆕低基期(前日Vol2) 🚬菸屁股,HOLD,1
AMZN,2026-12-18,410.0,0.22,8181,12,38.30628100585937,106,254.9199981689453,🚬菸屁股,HOLD,1
NEE,2026-12-18,95.0,0.7,1857,12,23.902128173828125,106,82.93000030517578,🚬菸屁股,HOLD,1
NEE,2026-12-18,100.0,0.37,2775,12,25.781992187500002,106,82.93000030517578,🚬菸屁股,HOLD,1
NNDM,2028-01-21,1.0,0.74,1219,12,71.48466015625,505,1.559999942779541,🔭LEAPS,HOLD,1
PLUG,2027-01-15,3.5,0.13,27137,12,88.67198828125,134,2.0899999141693115,🚬菸屁股,HOLD,1
PLUG,2028-01-21,1.5,1.05,6454,12,89.64854101562499,505,2.0899999141693115,🆕低基期(前日Vol3) 🔭LEAPS,HOLD,1
RUN,2026-11-20,25.0,0.05,1544,12,104.68797656250001,78,8.369999885559082,🚬菸屁股,HOLD,1
SOUN,2026-09-18,12.0,0.02,796,12,121.875390625,15,6.849999904632568,🆕低基期(前日Vol2) 🚬菸屁股,HOLD,1
TSLA,2026-09-18,700.0,0.02,7292,11,102.73486132812502,15,356.0899963378906,🚬菸屁股,HOLD,1
NVDA,2026-12-18,420.0,0.05,5525,11,45.9966337890625,106,217.44000244140625,🚬菸屁股,HOLD,1
NVDA,2028-01-21,360.0,11.1,7570,11,42.03091416931152,505,217.44000244140625,🆕低基期(前日Vol3) 🔭LEAPS,HOLD,1
NVDA,2028-06-16,350.0,17.67,5621,11,43.33705345153809,652,217.44000244140625,🔭LEAPS,HOLD,1
IBIT,2028-01-21,60.0,5.61,8042,11,50.75732836914062,505,43.7599983215332,🔭LEAPS,HOLD,1
IBIT,2028-01-21,90.0,2.2,5106,11,51.538570556640614,505,43.7599983215332,🔭LEAPS,HOLD,1
IBIT,2028-06-16,90.0,3.86,16338,11,54.0287800292969,652,43.7599983215332,🔭LEAPS,HOLD,1
RKLB,2026-12-18,125.0,0.85,1198,11,84.47281152343749,106,62.540000915527344,🚬菸屁股,HOLD,1
RKLB,2027-01-15,160.0,0.69,2094,11,84.71694970703125,134,62.540000915527344,🚬菸屁股,HOLD,1
ASTS,2026-10-16,115.0,0.23,1495,11,101.7583037109375,43,55.79999923706055,🚬菸屁股,HOLD,1
IONQ,2026-10-16,80.0,0.12,1512,11,98.437515625,43,37.779998779296875,🚬菸屁股,HOLD,1
SOFI,2026-12-18,37.0,0.04,1947,11,67.96907031250001,106,17.049999237060547,🚬菸屁股,HOLD,1
DKNG,2026-09-18,32.5,0.01,2953,11,68.7503125,15,23.440000534057617,🚬菸屁股,HOLD,1
DKNG,2026-09-18,42.5,0.01,1119,11,96.87503124999999,15,23.440000534057617,🚬菸屁股,HOLD,1
DKNG,2027-01-15,40.0,0.3,11837,11,57.42230078125,134,23.440000534057617,🚬菸屁股,HOLD,1
DKNG,2027-01-15,45.0,0.15,5559,11,61.133201171875015,134,23.440000534057617,🚬菸屁股,HOLD,1
XYZ,2026-09-18,110.0,0.06,1091,11,71.0940390625,15,77.87999725341797,🆕低基期(前日Vol1) 🚬菸屁股,HOLD,1
XYZ,2027-01-15,130.0,0.45,1497,11,51.36767382812499,134,77.87999725341797,🆕低基期(前日Vol2) 🚬菸屁股,HOLD,1
OPEN,2026-11-20,10.0,0.04,8163,11,135.93782031249998,78,3.0399999618530273,🆕低基期(前日Vol3) 🚬菸屁股,HOLD,1
CRSP,2026-09-18,62.5,0.96,928,11,67.773759765625,15,56.81999969482422,🚬菸屁股,HOLD,1
PACB,2028-01-21,2.0,0.45,5115,11,114.84417578124999,505,1.2799999713897705,🆕低基期(前日Vol2) 🔭LEAPS,HOLD,1
PACB,2028-01-21,3.0,0.4,1318,11,110.35201074218752,505,1.2799999713897705,🔭LEAPS,HOLD,1
HIMS,2027-01-15,90.0,0.27,5043,11,97.070341796875,134,28.440000534057617,🚬菸屁股,HOLD,1
KTOS,2026-09-18,65.0,0.08,879,11,68.35969140625001,15,49.34000015258789,🚬菸屁股,HOLD,1
LUNR,2026-12-18,27.0,0.65,2386,11,96.82620361328125,106,14.720000267028809,🆕低基期(前日Vol4) 🚬菸屁股,HOLD,1
LUNR,2028-01-21,37.0,3.85,762,11,104.24852563476566,505,14.720000267028809,🔭LEAPS,HOLD,1
CRWV,2026-11-20,160.0,0.88,2625,11,85.6446748046875,78,81.8499984741211,🚬菸屁股,HOLD,1
CRWV,2027-01-15,250.0,0.41,2613,11,87.30481445312499,134,81.8499984741211,🆕低基期(前日Vol4) 🚬菸屁股,HOLD,1
PCG,2026-12-18,24.0,0.06,25259,11,55.078574218750006,106,14.0600004196167,🚬菸屁股,HOLD,1
META,2026-09-18,780.0,0.1,3772,11,52.539537109375004,15,578.5399780273438,🚬菸屁股,HOLD,1
META,2026-09-18,1150.0,0.01,964,11,93.7500625,15,578.5399780273438,🚬菸屁股,HOLD,1
META,2027-01-15,1200.0,0.6,1656,11,49.5122236328125,134,578.5399780273438,🚬菸屁股,HOLD,1
GOOGL,2026-11-20,470.0,0.82,3164,11,40.955180297851555,78,335.0199890136719,🆕低基期(前日Vol2) 🚬菸屁股,HOLD,1
GOOGL,2028-06-16,730.0,10.35,884,11,40.23955024719238,652,335.0199890136719,🔭LEAPS,HOLD,1
AMAT,2026-09-18,650.0,0.09,917,11,73.34011035156249,15,441.8500061035156,🚬菸屁股,HOLD,1
DIS,2026-09-18,150.0,0.01,1787,11,56.250437500000004,15,106.22000122070312,🚬菸屁股,HOLD,1
DIS,2026-11-20,130.0,0.54,1013,11,31.763377685546875,78,106.22000122070312,🚬菸屁股,HOLD,1
FLNC,2028-01-21,25.0,2.28,889,11,103.32079589843752,505,10.420000076293945,🔭LEAPS,HOLD,1
TSLA,2026-12-18,730.0,0.94,8238,10,61.304097900390644,106,356.0899963378906,🚬菸屁股,HOLD,1
NVDA,2026-09-18,340.0,0.01,7102,10,62.500375000000005,15,217.44000244140625,🚬菸屁股,HOLD,1
NVDA,2026-12-18,400.0,0.1,7463,10,44.336494140625,106,217.44000244140625,🚬菸屁股,HOLD,1
NVDA,2028-01-21,310.0,18.09,10423,10,42.593957855224616,505,217.44000244140625,🔭LEAPS,HOLD,1
IBIT,2026-09-18,80.0,0.01,11600,10,93.7500625,15,43.7599983215332,🚬菸屁股,HOLD,1
SMCI,2026-09-18,55.0,0.05,12799,10,94.14068359375,15,36.709999084472656,🚬菸屁股,HOLD,1
SMCI,2026-12-18,120.0,0.18,10889,10,95.89847851562499,106,36.709999084472656,🚬菸屁股,HOLD,1
SMCI,2027-01-15,75.0,0.86,20101,10,82.95915478515624,134,36.709999084472656,🚬菸屁股,HOLD,1
OKLO,2026-11-20,80.0,0.62,967,10,97.26565234374999,78,38.529998779296875,🚬菸屁股,HOLD,1
OKLO,2027-01-15,195.0,0.38,1227,10,119.82461962890625,134,38.529998779296875,🚬菸屁股,HOLD,1
VST,2026-11-20,220.0,0.72,3072,10,53.63815893554688,78,138.0800018310547,🚬菸屁股,HOLD,1
VST,2026-11-20,240.0,0.34,1967,10,60.620510986328135,78,138.0800018310547,🚬菸屁股,HOLD,1
RKLB,2026-10-16,150.0,0.11,7801,10,104.49266503906252,43,62.540000915527344,🚬菸屁股,HOLD,1
RKLB,2026-12-18,140.0,0.73,1477,10,87.7930908203125,106,62.540000915527344,🚬菸屁股,HOLD,1
RKLB,2026-12-18,195.0,0.27,995,10,89.64854101562499,106,62.540000915527344,🚬菸屁股,HOLD,1
RKLB,2027-01-15,195.0,0.4,1142,10,89.062609375,134,62.540000915527344,🆕低基期(前日Vol3) 🚬菸屁股,HOLD,1
ASTS,2027-01-15,180.0,0.55,9757,10,100.39112304687498,134,55.79999923706055,🚬菸屁股,HOLD,1
IONQ,2026-09-18,90.0,0.02,2085,10,131.25034374999998,15,37.779998779296875,🚬菸屁股,HOLD,1
SOFI,2026-10-16,30.0,0.04,6589,10,78.12521875,43,17.049999237060547,🚬菸屁股,HOLD,1
SOFI,2026-11-20,36.0,0.06,1018,10,75.7814921875,78,17.049999237060547,🚬菸屁股,HOLD,1
DKNG,2026-12-18,38.0,0.24,1112,10,60.88906298828126,106,23.440000534057617,🚬菸屁股,HOLD,1
DKNG,2026-12-18,50.0,0.12,1462,10,70.312796875,106,23.440000534057617,🆕低基期(前日Vol2) 🚬菸屁股,HOLD,1
DKNG,2027-01-15,57.5,0.05,1156,10,66.60189648437502,134,23.440000534057617,🚬菸屁股,HOLD,1
DKNG,2028-01-21,50.0,1.49,26190,10,57.44671459960937,505,23.440000534057617,🔭LEAPS,HOLD,1
NBIS,2026-09-18,370.0,0.08,2014,10,116.40666796875001,15,199.5399932861328,🚬菸屁股,HOLD,1
HOOD,2026-10-16,175.0,0.26,889,10,72.7541787109375,43,103.51000213623047,🚬菸屁股,HOLD,1
HOOD,2027-01-15,230.0,0.98,1177,10,71.41141870117188,134,103.51000213623047,🚬菸屁股,HOLD,1
NTLA,2028-01-21,10.0,6.38,1730,10,107.56882153320313,505,12.6850004196167,🔭LEAPS,HOLD,1
NTLA,2028-01-21,12.5,5.5,1046,10,90.3321279296875,505,12.6850004196167,🔭LEAPS,HOLD,1
NTLA,2028-01-21,42.0,1.8,6065,10,95.89847851562499,505,12.6850004196167,🆕低基期(前日Vol1) 🔭LEAPS,HOLD,1
PACB,2027-01-15,1.0,0.65,2222,10,85.937640625,134,1.2799999713897705,🚬菸屁股,HOLD,1
HIMS,2028-01-21,95.0,3.04,3020,10,88.64757446289062,505,28.440000534057617,🔭LEAPS,HOLD,1
KTOS,2027-01-15,110.0,0.6,882,10,71.9729365234375,134,49.34000015258789,🆕低基期(前日Vol4) 🚬菸屁股,HOLD,1
LUNR,2026-09-18,25.0,0.03,2384,10,116.40666796875001,15,14.720000267028809,🚬菸屁股,HOLD,1
ACHR,2028-01-21,3.0,3.3,4345,10,98.242205078125,505,5.559999942779541,🔭LEAPS,HOLD,1
ACHR,2028-01-21,25.0,0.42,1748,10,89.45323046875,505,5.559999942779541,🔭LEAPS,HOLD,1
CRWV,2026-11-20,200.0,0.32,4926,10,91.4063359375,78,81.8499984741211,🚬菸屁股,HOLD,1
TJX,2027-01-15,195.0,0.13,1021,10,31.00654931640625,134,133.27000427246094,🚬菸屁股,HOLD,1
WMT,2026-09-18,135.0,0.01,11428,10,49.414568359375004,15,105.91999816894531,🚬菸屁股,HOLD,1
WMT,2027-01-15,195.0,0.05,7947,10,40.62559375,134,105.91999816894531,🚬菸屁股,HOLD,1
AVGO,2026-11-20,630.0,0.62,4275,10,52.686020019531256,78,369.67999267578125,🚬菸屁股,HOLD,1
META,2026-09-18,990.0,0.01,1295,10,79.29708203125,15,578.5399780273438,🚬菸屁股,HOLD,1
META,2026-09-18,1420.0,0.01,2014,10,119.53165234375001,15,578.5399780273438,🚬菸屁股,HOLD,1
GOOGL,2026-09-18,480.0,0.06,2429,10,60.35195898437502,15,335.0199890136719,🚬菸屁股,HOLD,1
GOOGL,2026-09-18,760.0,0.01,918,10,114.0629296875,15,335.0199890136719,🚬菸屁股,HOLD,1
AMZN,2026-10-16,400.0,0.02,1890,10,46.87553125,43,254.9199981689453,🆕低基期(前日Vol1) 🚬菸屁股,HOLD,1
NEE,2026-09-18,95.0,0.02,7371,10,27.3444765625,15,82.93000030517578,🚬菸屁股,HOLD,1
NEE,2028-01-21,105.0,2.89,8568,10,26.770751831054685,505,82.93000030517578,🔭LEAPS,HOLD,1
DIS,2026-12-18,140.0,0.4,1557,10,31.61689477539062,106,106.22000122070312,🚬菸屁股,HOLD,1
MU,2026-09-18,1990.0,0.17,796,10,113.28168359375002,15,933.4400024414062,🚬菸屁股,HOLD,1
MU,2026-09-18,2500.0,0.01,5178,10,118.75040625,15,933.4400024414062,🚬菸屁股,HOLD,1
DDD,2027-01-15,4.5,0.4,999,10,97.460962890625,134,3.2899999618530273,🚬菸屁股,HOLD,1
SEDG,2026-12-18,77.5,0.54,6023,10,89.3555751953125,106,32.4900016784668,🚬菸屁股,HOLD,1
RUN,2026-11-20,19.0,0.03,20348,10,88.2813671875,78,8.369999885559082,🚬菸屁股,HOLD,1
RUN,2026-11-20,30.0,0.05,1322,10,141.797166015625,78,8.369999885559082,🚬菸屁股,HOLD,1
RUN,2027-01-15,30.0,0.01,4295,10,110.54732226562503,134,8.369999885559082,🚬菸屁股,HOLD,1
RUN,2028-01-21,35.0,0.45,6374,10,86.132951171875,505,8.369999885559082,🆕低基期(前日Vol3) 🔭LEAPS,HOLD,1
BBAI,2027-01-15,8.0,0.07,2004,10,114.0629296875,134,2.950000047683716,🚬菸屁股,HOLD,1
UUUU,2026-10-16,20.0,0.24,1593,10,74.60962890625001,43,14.220000267028809,🚬菸屁股,HOLD,1
MSFT,2026-12-18,675.0,1.26,37425,9,30.39620385742187,106,501.0199890136719,🔥萬人塚 🏛️機構場,HOLD,1
IBIT,2028-01-21,80.0,2.8,6944,9,51.025880371093756,505,43.7599983215332,🔭LEAPS,HOLD,1
SMCI,2028-01-21,50.0,10.1,4744,9,83.53287951660155,505,36.709999084472656,🔭LEAPS,HOLD,1
RKLB,2026-09-18,140.0,0.01,4001,9,125.00037499999999,15,62.540000915527344,🚬菸屁股,HOLD,1
RKLB,2026-12-18,160.0,0.46,906,9,89.257919921875,106,62.540000915527344,🚬菸屁股,HOLD,1
RKLB,2028-01-21,130.0,9.5,3183,9,78.50363293457032,505,62.540000915527344,🔭LEAPS,HOLD,1
IONQ,2026-09-18,80.0,0.03,4159,9,146.09401953124998,15,37.779998779296875,🚬菸屁股,HOLD,1
IONQ,2026-10-16,90.0,0.09,1120,9,110.9379453125,43,37.779998779296875,🚬菸屁股,HOLD,1
IONQ,2026-12-18,75.0,0.98,2928,9,87.30481445312499,106,37.779998779296875,🚬菸屁股,HOLD,1
UPST,2026-09-18,42.5,0.02,2783,9,124.60975195312498,15,27.389999389648438,🚬菸屁股,HOLD,1
SOFI,2026-09-18,35.0,0.01,6538,9,118.75040625,15,17.049999237060547,🆕低基期(前日Vol2) 🚬菸屁股,HOLD,1
CRSP,2028-01-21,110.0,5.9,761,9,63.800410827636725,505,56.81999969482422,🔭LEAPS,HOLD,1
HIMS,2027-01-15,100.0,0.23,10495,9,106.44578027343752,134,28.440000534057617,🚬菸屁股,HOLD,1
HIMS,2028-01-21,80.0,3.6,1037,9,86.88977954101563,505,28.440000534057617,🆕低基期(前日Vol1) 🔭LEAPS,HOLD,1
KTOS,2026-09-18,75.0,0.03,1122,9,86.7188828125,15,49.34000015258789,🚬菸屁股,HOLD,1
ONDS,2026-10-16,13.0,0.05,2275,9,100.0005,43,7.039999961853027,🚬菸屁股,HOLD,1
SMR,2028-01-21,40.0,1.03,1136,9,101.95361523437501,505,9.210000038146973,🆕低基期(前日Vol2) 🔭LEAPS,HOLD,1
WMT,2026-09-18,150.0,0.01,6118,9,56.250437500000004,15,105.91999816894531,🚬菸屁股,HOLD,1
AVGO,2026-11-20,740.0,0.34,906,9,58.057060058593756,78,369.67999267578125,🚬菸屁股,HOLD,1
META,2026-09-18,1010.0,0.01,3344,9,80.85956640625,15,578.5399780273438,🚬菸屁股,HOLD,1
META,2026-12-18,1430.0,0.16,976,9,57.812921875,106,578.5399780273438,🚬菸屁股,HOLD,1
META,2027-01-15,1150.0,0.74,3674,9,48.462429443359376,134,578.5399780273438,🚬菸屁股,HOLD,1
GOOGL,2026-09-18,460.0,0.16,1230,9,66.8948623046875,15,335.0199890136719,🚬菸屁股,HOLD,1
AMAT,2026-09-18,620.0,0.27,1363,9,67.72493212890626,15,441.8500061035156,🚬菸屁股,HOLD,1
DIS,2026-11-20,125.0,0.96,1852,9,30.127651855468752,78,106.22000122070312,🚬菸屁股,HOLD,1
VELO,2026-09-18,20.0,0.02,2739,9,140.625296875,15,11.25,🚬菸屁股,HOLD,1
NNDM,2027-01-15,5.0,0.01,12689,9,106.25046875000001,134,1.559999942779541,🚬菸屁股,HOLD,1
FLNC,2028-01-21,45.0,1.5,1111,9,107.42233789062503,505,10.420000076293945,🆕低基期(前日Vol1) 🔭LEAPS,HOLD,1
SOUN,2027-01-15,35.0,0.06,2957,9,123.43788281249999,134,6.849999904632568,🚬菸屁股,HOLD,1
NVDA,2026-09-18,400.0,0.01,18975,8,84.37515624999999,15,217.44000244140625,🚬菸屁股,HOLD,1
MSFT,2026-12-18,625.0,3.55,102296,8,30.127651855468752,106,501.0199890136719,🔥萬人塚 🏛️機構場,HOLD,1
GOOG,2026-09-18,430.0,0.09,9488,8,50.39112109375,15,332.0299987792969,🚬菸屁股,HOLD,1
GOOG,2026-10-16,405.0,0.75,7404,8,35.37662280273437,43,332.0299987792969,🚬菸屁股,HOLD,1
IBIT,2026-10-16,65.0,0.08,7661,8,54.297332031250015,43,43.7599983215332,🚬菸屁股,HOLD,1
OKLO,2026-09-18,47.0,0.41,1107,8,79.1994267578125,15,38.529998779296875,🚬菸屁股,HOLD,1
OKLO,2027-01-15,110.0,0.66,3183,8,97.75392871093752,134,38.529998779296875,🆕低基期(前日Vol2) 🚬菸屁股,HOLD,1
OKLO,2027-01-15,120.0,0.52,3081,8,99.5117236328125,134,38.529998779296875,🚬菸屁股,HOLD,1
OKLO,2027-01-15,220.0,0.28,1257,8,125.68396533203124,134,38.529998779296875,🚬菸屁股,HOLD,1
OKLO,2028-01-21,75.0,8.95,842,8,88.80626428222655,505,38.529998779296875,🔭LEAPS,HOLD,1
VST,2026-09-18,170.0,0.11,3638,8,50.19581054687501,15,138.0800018310547,🚬菸屁股,HOLD,1
ASTS,2026-09-18,105.0,0.07,1601,8,132.03158984375,15,55.79999923706055,🚬菸屁股,HOLD,1
ASTS,2028-01-21,140.0,8.6,1600,8,87.0118486328125,505,55.79999923706055,🔭LEAPS,HOLD,1
ASTS,2028-01-21,175.0,6.7,1216,8,88.81847119140623,505,55.79999923706055,🔭LEAPS,HOLD,1
UPST,2027-01-15,55.0,0.59,1251,8,77.49045947265626,134,27.389999389648438,🚬菸屁股,HOLD,1
UPST,2027-01-15,125.0,0.05,1801,8,123.14491552734374,134,27.389999389648438,🚬菸屁股,HOLD,1
UPST,2027-01-15,135.0,0.05,6747,8,101.95361523437501,134,27.389999389648438,🚬菸屁股,HOLD,1
UPST,2028-01-21,47.5,5.85,772,8,78.0275634765625,505,27.389999389648438,🔭LEAPS,HOLD,1
SOFI,2026-12-18,35.0,0.09,14439,8,75.97680273437501,106,17.049999237060547,🆕低基期(前日Vol3) 🚬菸屁股,HOLD,1
DKNG,2026-12-18,60.0,0.02,1047,8,76.75804492187501,106,23.440000534057617,🚬菸屁股,HOLD,1
DKNG,2028-01-21,35.0,3.4,2042,8,59.42423388671876,505,23.440000534057617,🔭LEAPS,HOLD,1
IREN,2028-06-16,110.0,7.12,6408,8,91.78475012207032,652,36.81999969482422,🔭LEAPS,HOLD,1
XYZ,2027-01-15,120.0,0.92,910,8,49.341326904296885,134,77.87999725341797,🚬菸屁股,HOLD,1
OPEN,2027-02-19,7.0,0.16,2685,8,122.65663671875001,169,3.0399999618530273,🚬菸屁股,HOLD,1
CRSP,2026-09-18,70.0,0.2,860,8,70.50810742187501,15,56.81999969482422,🚬菸屁股,HOLD,1
NTLA,2028-01-21,20.0,3.67,1575,8,94.5313046875,505,12.6850004196167,🆕低基期(前日Vol1) 🔭LEAPS,HOLD,1
PACB,2028-01-21,5.0,0.22,1358,8,102.34423828125001,505,1.2799999713897705,🔭LEAPS,HOLD,1
HIMS,2027-01-15,75.0,0.44,3374,8,92.773509765625,134,28.440000534057617,🆕低基期(前日Vol2) 🚬菸屁股,HOLD,1
LUNR,2028-01-21,35.0,3.57,908,8,102.00244311523439,505,14.720000267028809,🔭LEAPS,HOLD,1
ACHR,2028-01-21,1.0,4.6,1035,8,122.65663671875001,505,5.559999942779541,🔭LEAPS,HOLD,1
ACHR,2028-01-21,2.0,3.9,1094,8,98.63282617187501,505,5.559999942779541,🔭LEAPS,HOLD,1
SMR,2026-09-18,15.0,0.03,1477,8,109.375453125,15,9.210000038146973,🚬菸屁股,HOLD,1
NNE,2026-09-18,25.0,0.04,1316,8,89.84385156249999,15,17.469999313354492,🚬菸屁股,HOLD,1
CRWV,2026-10-16,160.0,0.14,4929,8,84.57046679687498,43,81.8499984741211,🆕低基期(前日Vol3) 🚬菸屁股,HOLD,1
CRWV,2026-11-20,155.0,0.82,3894,8,82.81267187499999,78,81.8499984741211,🚬菸屁股,HOLD,1
WMT,2028-01-21,160.0,2.44,1249,8,32.227240234374996,505,105.91999816894531,🔭LEAPS,HOLD,1
PANW,2026-09-18,590.0,0.05,873,8,80.07832421875,15,362.0899963378906,🚬菸屁股,HOLD,1
META,2026-09-18,685.0,0.5,1247,8,40.5279384765625,15,578.5399780273438,🚬菸屁股,HOLD,1
META,2026-09-18,1240.0,0.01,1422,8,96.87503124999999,15,578.5399780273438,🚬菸屁股,HOLD,1
META,2026-09-18,1400.0,0.02,851,8,109.375453125,15,578.5399780273438,🚬菸屁股,HOLD,1
META,2026-10-16,770.0,0.86,3572,8,41.699801757812494,43,578.5399780273438,🚬菸屁股,HOLD,1
GOOGL,2026-11-20,530.0,0.35,3548,8,47.070841796875,78,335.0199890136719,🚬菸屁股,HOLD,1
AMZN,2026-10-16,410.0,0.07,3191,8,50.19581054687501,43,254.9199981689453,🚬菸屁股,HOLD,1
AMZN,2026-11-20,380.0,0.24,3516,8,38.67248828125,78,254.9199981689453,🚬菸屁股,HOLD,1
MU,2026-09-18,1270.0,0.66,792,8,64.25816992187501,15,933.4400024414062,🚬菸屁股,HOLD,1
MU,2026-09-18,1450.0,0.23,1655,8,75.586181640625,15,933.4400024414062,🚬菸屁股,HOLD,1
FLNC,2028-01-21,20.0,3.04,2650,8,104.5414929199219,505,10.420000076293945,🔭LEAPS,HOLD,1
RUN,2027-01-15,35.0,0.04,5164,8,100.78174609374999,134,8.369999885559082,🚬菸屁股,HOLD,1
AFRM,2026-09-18,77.5,0.9,780,8,52.88133056640626,15,69.94000244140625,🚬菸屁股,HOLD,1
IBIT,2028-01-21,62.0,5.5,5625,7,50.72070764160157,505,43.7599983215332,🔭LEAPS,HOLD,1
PLTR,2026-09-18,270.0,0.03,7328,7,77.73459765625,15,179.9199981689453,🚬菸屁股,HOLD,1
INTC,2026-10-16,160.0,0.12,7927,7,73.82838671875,43,88.97000122070312,🚬菸屁股,HOLD,1
INTC,2026-10-16,175.0,0.06,5203,7,77.3439765625,43,88.97000122070312,🚬菸屁股,HOLD,1
INTC,2028-01-21,40.0,54.29,8250,7,77.06321765136718,505,88.97000122070312,🔭LEAPS,HOLD,1
SMCI,2026-09-18,75.0,0.01,3903,7,129.6878515625,15,36.709999084472656,🚬菸屁股,HOLD,1
VST,2026-09-18,180.0,0.29,4991,7,58.20354296875,15,138.0800018310547,🆕低基期(前日Vol1) 🚬菸屁股,HOLD,1
RKLB,2027-01-15,185.0,0.55,1053,7,86.96302099609376,134,62.540000915527344,🚬菸屁股,HOLD,1
ASTS,2026-10-16,110.0,0.26,1872,7,99.023447265625,43,55.79999923706055,🚬菸屁股,HOLD,1
ASTS,2026-11-20,185.0,0.15,4039,7,116.2113564453125,78,55.79999923706055,🚬菸屁股,HOLD,1
UPST,2028-01-21,45.0,5.6,785,7,76.63597583007812,505,27.389999389648438,🆕低基期(前日Vol2) 🔭LEAPS,HOLD,1
SOFI,2026-12-18,31.0,0.16,762,7,72.6565234375,106,17.049999237060547,🚬菸屁股,HOLD,1
DKNG,2027-01-15,55.0,0.09,6912,7,66.79720703125001,134,23.440000534057617,🚬菸屁股,HOLD,1
ZM,2026-09-18,125.0,0.05,4874,7,71.0940390625,15,94.9000015258789,🚬菸屁股,HOLD,1
OPEN,2026-10-16,8.0,0.01,4504,7,137.50031249999998,43,3.0399999618530273,🚬菸屁股,HOLD,1
OPEN,2028-01-21,17.0,3.4,861,7,25.00075,505,3.0399999618530273,🔭LEAPS,HOLD,1
JOBY,2026-10-16,14.0,0.03,1837,7,104.68797656250001,43,6.690000057220459,🚬菸屁股,HOLD,1
JOBY,2026-11-20,12.0,0.08,1796,7,80.07832421875,78,6.690000057220459,🚬菸屁股,HOLD,1
JOBY,2028-01-21,20.0,0.6,9753,7,83.007982421875,505,6.690000057220459,🔭LEAPS,HOLD,1
ACHR,2027-01-15,22.0,0.1,7391,7,116.40666796875001,134,5.559999942779541,🚬菸屁股,HOLD,1
SMR,2028-01-21,18.0,2.22,1492,7,110.2055270996094,505,9.210000038146973,🔭LEAPS,HOLD,1
NNE,2027-01-15,90.0,0.07,2773,7,112.89106054687501,134,17.469999313354492,🚬菸屁股,HOLD,1
VRT,2026-09-18,370.0,0.03,1334,7,69.82452050781251,15,255.97000122070312,🚬菸屁股,HOLD,1
CRWV,2026-12-18,200.0,0.57,7380,7,86.64564135742188,106,81.8499984741211,🚬菸屁股,HOLD,1
APP,2026-09-18,450.0,0.16,1265,7,70.50810742187501,15,311.739990234375,🚬菸屁股,HOLD,1
GOOGL,2026-09-18,545.0,0.03,1336,7,75.00025000000001,15,335.0199890136719,🚬菸屁股,HOLD,1
AMZN,2026-09-18,325.0,0.03,7262,7,48.242705078125006,15,254.9199981689453,🚬菸屁股,HOLD,1
AMZN,2026-12-18,375.0,0.58,1219,7,36.76821044921875,106,254.9199981689453,🚬菸屁股,HOLD,1
NEE,2027-01-15,110.0,0.17,2133,7,25.830819824218754,134,82.93000030517578,🚬菸屁股,HOLD,1
NEE,2027-01-15,115.0,0.13,1442,7,28.321029296874993,134,82.93000030517578,🚬菸屁股,HOLD,1
DIS,2027-01-15,155.0,0.25,1407,7,34.00944897460938,134,106.22000122070312,🚬菸屁股,HOLD,1
NNDM,2027-01-15,3.0,0.05,7132,7,82.81267187499999,134,1.559999942779541,🚬菸屁股,HOLD,1
RUN,2027-01-15,15.0,0.27,6947,7,80.85956640625,134,8.369999885559082,🚬菸屁股,HOLD,1
SOUN,2027-01-15,13.0,0.25,1415,7,86.914193359375,134,6.849999904632568,🆕低基期(前日Vol1) 🚬菸屁股,HOLD,1
UUUU,2026-10-16,21.0,0.14,1459,7,76.95335546875,43,14.220000267028809,🚬菸屁股,HOLD,1
EVGO,2027-01-15,4.0,0.05,2317,7,109.375453125,134,1.2699999809265137,🚬菸屁股,HOLD,1
TSLA,2026-12-18,750.0,0.84,6328,6,62.34168518066407,106,356.0899963378906,🚬菸屁股,HOLD,1
NVDA,2028-01-21,195.0,55.7,6946,6,47.46756634521484,505,217.44000244140625,🔭LEAPS,HOLD,1
NVDA,2028-06-16,460.0,7.85,5074,6,43.247027496337886,652,217.44000244140625,🔭LEAPS,HOLD,1
IBIT,2026-10-16,80.0,0.03,5087,6,69.14093359375,43,43.7599983215332,🚬菸屁股,HOLD,1
INTC,2026-09-18,170.0,0.02,5126,6,108.59420703125,15,88.97000122070312,🚬菸屁股,HOLD,1
SMCI,2027-01-15,95.0,0.42,890,6,86.914193359375,134,36.709999084472656,🚬菸屁股,HOLD,1
OKLO,2026-11-20,100.0,0.38,1746,6,109.27779736328125,78,38.529998779296875,🆕低基期(前日Vol2) 🚬菸屁股,HOLD,1
OKLO,2026-12-18,105.0,0.47,2600,6,100.58643457031249,106,38.529998779296875,🚬菸屁股,HOLD,1
OKLO,2027-01-15,130.0,0.42,1314,6,100.1958115234375,134,38.529998779296875,🚬菸屁股,HOLD,1
VST,2026-09-18,240.0,0.01,1269,6,125.68396533203124,15,138.0800018310547,🚬菸屁股,HOLD,1
RKLB,2026-09-18,130.0,0.02,2056,6,146.6799541015625,15,62.540000915527344,🚬菸屁股,HOLD,1
RKLB,2026-12-18,165.0,0.41,765,6,91.35750830078125,106,62.540000915527344,🚬菸屁股,HOLD,1
RKLB,2026-12-18,210.0,0.24,1265,6,96.48441015625,106,62.540000915527344,🚬菸屁股,HOLD,1
RKLB,2028-01-21,185.0,5.78,1974,6,78.70504693603515,505,62.540000915527344,🔭LEAPS,HOLD,1
ASTS,2026-11-20,160.0,0.24,1253,6,99.804689453125,78,55.79999923706055,🆕低基期(前日Vol1) 🚬菸屁股,HOLD,1
IONQ,2026-09-18,44.5,0.62,1990,6,79.7853583984375,15,37.779998779296875,🚬菸屁股,HOLD,1
UPST,2028-01-21,42.5,7.1,2133,6,75.73266455078127,505,27.389999389648438,🔭LEAPS,HOLD,1
SOFI,2026-11-20,35.0,0.04,1493,6,70.312796875,78,17.049999237060547,🚬菸屁股,HOLD,1
SOFI,2028-06-16,8.0,10.85,3088,6,83.98453515624999,652,17.049999237060547,🔭LEAPS,HOLD,1
IREN,2026-09-18,80.0,0.03,4395,6,144.53152734375,15,36.81999969482422,🚬菸屁股,HOLD,1
IREN,2027-01-15,120.0,0.41,1038,6,99.804689453125,134,36.81999969482422,🚬菸屁股,HOLD,1
IREN,2027-02-19,105.0,0.71,1263,6,94.89751196289062,169,36.81999969482422,🚬菸屁股,HOLD,1
IREN,2028-01-21,95.0,6.44,1210,6,92.12654357910156,505,36.81999969482422,🔭LEAPS,HOLD,1
HIMS,2026-09-18,55.0,0.03,2625,6,128.125359375,15,28.440000534057617,🚬菸屁股,HOLD,1
ACHR,2027-01-15,13.0,0.13,4827,6,94.726615234375,134,5.559999942779541,🚬菸屁股,HOLD,1
SMR,2026-11-20,17.0,0.22,1552,6,93.164130859375,78,9.210000038146973,🚬菸屁股,HOLD,1
SMR,2027-01-15,30.0,0.13,5694,6,105.46922265625001,134,9.210000038146973,🚬菸屁股,HOLD,1
SMR,2027-01-15,60.0,0.06,923,6,128.90660546875,134,9.210000038146973,🚬菸屁股,HOLD,1
NNE,2026-10-16,40.0,0.09,1208,6,119.53165234375001,43,17.469999313354492,🚬菸屁股,HOLD,1
NNE,2028-01-21,50.0,2.22,800,6,87.86633227539062,505,17.469999313354492,🔭LEAPS,HOLD,1
TJX,2028-01-21,190.0,3.0,2172,6,26.87145883178711,505,133.27000427246094,🔭LEAPS,HOLD,1
RDDT,2028-01-21,350.0,11.75,829,6,67.51131121826172,505,144.63999938964844,🔭LEAPS,HOLD,1
AVGO,2026-11-20,650.0,0.49,1011,6,53.467262207031254,78,369.67999267578125,🚬菸屁股,HOLD,1
META,2026-09-18,1030.0,0.02,835,6,83.59391406249999,15,578.5399780273438,🚬菸屁股,HOLD,1
META,2026-09-18,1350.0,0.02,785,6,114.0629296875,15,578.5399780273438,🚬菸屁股,HOLD,1
META,2026-09-18,1370.0,0.03,1221,6,148.53541357421872,15,578.5399780273438,🚬菸屁股,HOLD,1
META,2026-10-16,840.0,0.39,852,6,45.67925415039063,43,578.5399780273438,🚬菸屁股,HOLD,1
META,2027-01-15,1400.0,0.35,1713,6,52.88133056640626,134,578.5399780273438,🚬菸屁股,HOLD,1
TGT,2027-01-15,230.0,0.82,2040,6,34.98600170898437,134,163.75,🚬菸屁股,HOLD,1
GOOGL,2027-01-15,580.0,0.55,1583,6,42.017181396484375,134,335.0199890136719,🚬菸屁股,HOLD,1
MU,2026-09-18,1440.0,0.27,765,6,77.0510107421875,15,933.4400024414062,🚬菸屁股,HOLD,1
FLNC,2028-01-21,30.0,2.1,4470,6,103.85790258789065,505,10.420000076293945,🔭LEAPS,HOLD,1
SEDG,2026-09-18,45.0,0.13,6294,6,89.64854101562499,15,32.4900016784668,🚬菸屁股,HOLD,1
SEDG,2026-09-18,60.0,0.07,1201,6,124.21912890624998,15,32.4900016784668,🚬菸屁股,HOLD,1
SOUN,2027-01-15,37.0,0.05,16489,6,132.03158984375,134,6.849999904632568,🚬菸屁股,HOLD,1
SOUN,2028-01-21,17.0,1.02,2415,6,86.62122753906249,505,6.849999904632568,🔭LEAPS,HOLD,1
EDIT,2027-01-15,5.0,0.28,5368,6,102.93017285156252,134,3.069999933242798,🚬菸屁股,HOLD,1
TSLA,2027-01-15,900.0,0.75,12931,5,65.1614812011719,134,356.0899963378906,🚬菸屁股,HOLD,1
NVDA,2026-09-18,350.0,0.03,26154,5,67.18782812500001,15,217.44000244140625,🚬菸屁股,HOLD,1
NVDA,2028-01-21,410.0,6.78,21112,5,42.15145739746094,505,217.44000244140625,🔭LEAPS,HOLD,1
INTC,2028-01-21,60.0,41.38,10457,5,74.23731817626953,505,88.97000122070312,🔭LEAPS,HOLD,1
IONQ,2026-09-18,49.0,0.28,1348,5,82.12908496093749,15,37.779998779296875,🚬菸屁股,HOLD,1
IONQ,2026-11-20,75.0,0.58,866,5,91.3086806640625,78,37.779998779296875,🚬菸屁股,HOLD,1
UPST,2026-09-18,45.0,0.04,3593,5,108.59420703125,15,27.389999389648438,🚬菸屁股,HOLD,1
UPST,2027-01-15,80.0,0.15,2093,5,90.82040429687498,134,27.389999389648438,🚬菸屁股,HOLD,1
UPST,2028-01-21,50.0,4.9,2735,5,79.3825303955078,505,27.389999389648438,🔭LEAPS,HOLD,1
SOFI,2027-01-15,42.0,0.1,6325,5,71.28934960937501,134,17.049999237060547,🚬菸屁股,HOLD,1
DKNG,2026-12-18,33.0,0.59,2045,5,58.8871298828125,106,23.440000534057617,🚬菸屁股,HOLD,1
DKNG,2027-01-15,60.0,0.06,8926,5,68.35969140625001,134,23.440000534057617,🚬菸屁股,HOLD,1
DKNG,2028-01-21,42.5,2.49,1674,5,64.24596301269531,505,23.440000534057617,🔭LEAPS,HOLD,1
IREN,2027-01-15,105.0,0.58,9033,5,98.53517089843751,134,36.81999969482422,🚬菸屁股,HOLD,1
PATH,2028-01-21,35.0,2.74,899,5,73.7307314453125,505,18.139999389648438,🔭LEAPS,HOLD,1
HOOD,2026-09-18,175.0,0.08,1068,5,92.187578125,15,103.51000213623047,🚬菸屁股,HOLD,1
HOOD,2027-01-15,250.0,0.78,4129,5,75.07349145507813,134,103.51000213623047,🚬菸屁股,HOLD,1
XYZ,2027-01-15,125.0,0.62,5160,5,48.999533447265634,134,77.87999725341797,🆕低基期(前日Vol1) 🚬菸屁股,HOLD,1
OPEN,2026-12-18,6.0,0.11,1805,5,101.172369140625,106,3.0399999618530273,🚬菸屁股,HOLD,1
PACB,2027-01-15,3.0,0.11,2486,5,127.34411328124997,134,1.2799999713897705,🚬菸屁股,HOLD,1
PACB,2028-01-21,1.0,0.65,779,5,116.01604492187501,505,1.2799999713897705,🔭LEAPS,HOLD,1
HIMS,2026-09-18,43.0,0.06,4885,5,95.312546875,15,28.440000534057617,🆕低基期(前日Vol2) 🚬菸屁股,HOLD,1
HIMS,2026-12-18,55.0,0.81,903,5,90.72274902343749,106,28.440000534057617,🚬菸屁股,HOLD,1
HIMS,2028-01-21,25.0,11.75,4397,5,88.45226391601561,505,28.440000534057617,🔭LEAPS,HOLD,1
HIMS,2028-01-21,90.0,3.2,4302,5,86.15736499023438,505,28.440000534057617,🆕低基期(前日Vol1) 🔭LEAPS,HOLD,1
LUNR,2028-01-21,10.0,8.15,1062,5,105.9086735839844,505,14.720000267028809,🔭LEAPS,HOLD,1
SMR,2026-11-20,14.0,0.41,1890,5,90.62509374999999,78,9.210000038146973,🚬菸屁股,HOLD,1
SMR,2026-11-20,16.0,0.29,1115,5,91.60164648437501,78,9.210000038146973,🚬菸屁股,HOLD,1
SMR,2027-01-15,18.0,0.41,779,5,93.35944140625,134,9.210000038146973,🚬菸屁股,HOLD,1
SMR,2027-01-15,40.0,0.1,7550,5,116.01604492187501,134,9.210000038146973,🚬菸屁股,HOLD,1
SMR,2028-01-21,35.0,1.15,1065,5,102.29541040039064,505,9.210000038146973,🔭LEAPS,HOLD,1
VRT,2026-09-18,340.0,0.11,941,5,60.44961425781252,15,255.97000122070312,🚬菸屁股,HOLD,1
CRWV,2026-10-16,180.0,0.13,8683,5,89.64854101562499,43,81.8499984741211,🚬菸屁股,HOLD,1
CRWV,2027-01-15,210.0,0.75,2705,5,82.81267187499999,134,81.8499984741211,🚬菸屁股,HOLD,1
TJX,2026-09-18,145.0,0.2,1008,5,25.2937158203125,15,133.27000427246094,🚬菸屁股,HOLD,1
WMT,2026-09-18,160.0,0.03,1117,5,70.312796875,15,105.91999816894531,🚬菸屁股,HOLD,1
WMT,2026-11-20,145.0,0.18,1829,5,36.426416992187505,78,105.91999816894531,🚬菸屁股,HOLD,1
WMT,2027-01-15,170.0,0.07,6208,5,33.20379296875,134,105.91999816894531,🆕低基期(前日Vol2) 🚬菸屁股,HOLD,1
WMT,2028-01-21,175.0,1.59,1300,5,31.879343322753893,505,105.91999816894531,🔭LEAPS,HOLD,1
PCG,2026-12-18,25.0,0.06,9977,5,56.055126953125,106,14.0600004196167,🚬菸屁股,HOLD,1
PCG,2028-01-21,25.0,0.51,16288,5,43.115803222656254,505,14.0600004196167,🔭LEAPS,HOLD,1
PCG,2028-01-21,35.0,0.16,3664,5,47.070841796875,505,14.0600004196167,🔭LEAPS,HOLD,1
RDDT,2026-10-16,300.0,0.01,848,5,85.937640625,43,144.63999938964844,🚬菸屁股,HOLD,1
MNST,2026-09-18,55.0,0.03,1330,5,54.102021484375015,15,44.9900016784668,🚬菸屁股,HOLD,1
AVGO,2026-09-18,740.0,0.01,786,5,105.85984570312502,15,369.67999267578125,🚬菸屁股,HOLD,1
TGT,2026-09-18,180.0,0.31,1006,5,29.883513671874994,15,163.75,🚬菸屁股,HOLD,1
GOOGL,2026-09-18,730.0,0.03,940,5,109.375453125,15,335.0199890136719,🚬菸屁股,HOLD,1
GOOGL,2026-09-18,800.0,0.01,11844,5,112.5004375,15,335.0199890136719,🚬菸屁股,HOLD,1
GOOGL,2028-01-21,600.0,9.0,7822,5,38.70605728149413,505,335.0199890136719,🔭LEAPS,HOLD,1
GOOGL,2028-06-16,660.0,10.5,3639,5,39.09515251159668,652,335.0199890136719,🔭LEAPS,HOLD,1
AMZN,2026-09-18,350.0,0.01,19073,5,54.68795312500001,15,254.9199981689453,🚬菸屁股,HOLD,1
NEE,2026-09-18,115.0,0.02,6467,5,60.547269531250016,15,82.93000030517578,🚬菸屁股,HOLD,1
NEE,2026-12-18,110.0,0.1,1133,5,28.27220166015625,106,82.93000030517578,🚬菸屁股,HOLD,1
NEE,2028-01-21,95.0,5.46,1003,5,28.153184295654288,505,82.93000030517578,🔭LEAPS,HOLD,1
DIS,2026-09-18,155.0,0.01,3520,5,60.937890625000016,15,106.22000122070312,🚬菸屁股,HOLD,1
DIS,2027-01-15,140.0,0.6,3514,5,30.298548583984374,134,106.22000122070312,🚬菸屁股,HOLD,1
NNDM,2027-01-15,3.5,0.03,6954,5,106.25046875000001,134,1.559999942779541,🚬菸屁股,HOLD,1
FLNC,2027-01-15,21.0,0.43,1093,5,97.3633076171875,134,10.420000076293945,🆕低基期(前日Vol2) 🚬菸屁股,HOLD,1
RUN,2026-09-18,14.0,0.01,2711,5,115.625421875,15,8.369999885559082,🚬菸屁股,HOLD,1
SOUN,2026-10-16,16.0,0.03,1710,5,117.1879140625,43,6.849999904632568,🚬菸屁股,HOLD,1
UUUU,2026-11-20,22.0,0.42,1107,5,77.24632128906251,78,14.220000267028809,🆕低基期(前日Vol2) 🚬菸屁股,HOLD,1
UUUU,2028-01-21,37.0,1.65,2296,5,87.695435546875,505,14.220000267028809,🔭LEAPS,HOLD,1
MSTR,2026-09-18,280.0,0.08,6747,4,133.59408203124997,15,124.87999725341797,🚬菸屁股,HOLD,1
AAPL,2026-09-18,530.0,0.01,9426,4,65.62534375000001,15,325.1300048828125,🚬菸屁股,HOLD,1
IBIT,2026-09-18,70.0,0.02,21431,4,81.2501875,15,43.7599983215332,🚬菸屁股,HOLD,1
PLTR,2027-01-15,410.0,0.35,10940,4,57.617611328124994,134,179.9199981689453,🚬菸屁股,HOLD,1
PLTR,2028-01-21,410.0,11.56,9221,4,60.43435562133791,505,179.9199981689453,🔭LEAPS,HOLD,1
SMCI,2026-09-18,65.0,0.02,2268,4,107.81296093750001,15,36.709999084472656,🚬菸屁股,HOLD,1
SMCI,2027-01-15,80.0,0.69,14919,4,81.93377441406248,134,36.709999084472656,🚬菸屁股,HOLD,1
OKLO,2026-10-16,90.0,0.06,1530,4,110.54732226562503,43,38.529998779296875,🚬菸屁股,HOLD,1
OKLO,2026-10-16,110.0,0.08,813,4,121.09414453124998,43,38.529998779296875,🚬菸屁股,HOLD,1
OKLO,2026-12-18,120.0,0.35,3600,4,105.76218994140625,106,38.529998779296875,🚬菸屁股,HOLD,1
OKLO,2026-12-18,165.0,0.18,3486,4,123.73085009765623,106,38.529998779296875,🚬菸屁股,HOLD,1
OKLO,2027-01-15,125.0,0.45,2285,4,101.95361523437501,134,38.529998779296875,🚬菸屁股,HOLD,1
OKLO,2027-01-15,200.0,0.23,4066,4,115.625421875,134,38.529998779296875,🚬菸屁股,HOLD,1
ASTS,2026-11-20,175.0,0.27,1584,4,105.2739111328125,78,55.79999923706055,🚬菸屁股,HOLD,1
ASTS,2027-01-15,170.0,0.64,1478,4,98.09572216796876,134,55.79999923706055,🚬菸屁股,HOLD,1
UPST,2028-01-21,100.0,1.75,1406,4,81.7262569580078,505,27.389999389648438,🔭LEAPS,HOLD,1
UPST,2028-01-21,105.0,1.68,1116,4,81.445498046875,505,27.389999389648438,🔭LEAPS,HOLD,1
DKNG,2028-01-21,25.0,6.3,3980,4,62.439340454101576,505,23.440000534057617,🔭LEAPS,HOLD,1
IREN,2026-11-20,75.0,0.65,2791,4,96.14261669921873,78,36.81999969482422,🆕低基期(前日Vol1) 🚬菸屁股,HOLD,1
IREN,2027-01-15,140.0,0.21,8703,4,107.81296093750001,134,36.81999969482422,🚬菸屁股,HOLD,1
HOOD,2026-09-18,165.0,0.05,1081,4,108.59420703125,15,103.51000213623047,🚬菸屁股,HOLD,1
HOOD,2027-01-15,280.0,0.62,801,4,75.586181640625,134,103.51000213623047,🚬菸屁股,HOLD,1
TDOC,2026-10-16,10.0,0.03,3319,4,74.2190078125,43,6.260000228881836,🚬菸屁股,HOLD,1
CRSP,2026-09-18,75.0,0.15,1026,4,67.18782812500001,15,56.81999969482422,🚬菸屁股,HOLD,1
NTLA,2027-01-15,30.0,0.3,1130,4,91.01571484374999,134,12.6850004196167,🚬菸屁股,HOLD,1
BEAM,2026-09-18,35.0,0.62,824,4,103.71141894531253,15,29.020000457763672,🚬菸屁股,HOLD,1
BEAM,2028-01-21,40.0,7.5,2241,4,78.62570202636718,505,29.020000457763672,🔭LEAPS,HOLD,1
PACB,2028-01-21,0.5,1.22,767,4,117.96916015624998,505,1.2799999713897705,🔭LEAPS,HOLD,1
HIMS,2026-09-18,50.0,0.02,3232,4,114.0629296875,15,28.440000534057617,🚬菸屁股,HOLD,1
HIMS,2026-12-18,90.0,0.25,1012,4,105.2739111328125,106,28.440000534057617,🚬菸屁股,HOLD,1
HIMS,2026-12-18,100.0,0.2,3315,4,106.05515722656251,106,28.440000534057617,🚬菸屁股,HOLD,1
HIMS,2027-01-15,85.0,0.6,2585,4,96.97268652343749,134,28.440000534057617,🚬菸屁股,HOLD,1
ONDS,2028-01-21,27.0,0.72,12421,4,92.57819921875,505,7.039999961853027,🔭LEAPS,HOLD,1
JOBY,2027-01-15,32.0,0.07,1048,4,109.375453125,134,6.690000057220459,🚬菸屁股,HOLD,1
SMR,2027-01-15,35.0,0.11,3134,4,116.79729101562502,134,9.210000038146973,🆕低基期(前日Vol1) 🚬菸屁股,HOLD,1
SMR,2028-01-21,50.0,0.82,1547,4,105.2739111328125,505,9.210000038146973,🔭LEAPS,HOLD,1
NNE,2027-01-15,42.0,0.85,849,4,87.695435546875,134,17.469999313354492,🚬菸屁股,HOLD,1
VRT,2026-09-18,380.0,0.01,1092,4,73.437765625,15,255.97000122070312,🚬菸屁股,HOLD,1
CRWV,2026-10-16,165.0,0.12,2323,4,86.132951171875,43,81.8499984741211,🚬菸屁股,HOLD,1
TJX,2026-09-18,190.0,0.08,1349,4,69.92217578125,15,133.27000427246094,🚬菸屁股,HOLD,1
WMT,2026-12-18,155.0,0.12,1037,4,33.35027587890625,106,105.91999816894531,🚬菸屁股,HOLD,1
APP,2026-09-18,470.0,0.37,1228,4,88.18371191406248,15,311.739990234375,🚬菸屁股,HOLD,1
PCG,2027-01-15,35.0,0.09,4184,4,69.14093359375,134,14.0600004196167,🚬菸屁股,HOLD,1
RDDT,2026-09-18,270.0,0.05,777,4,120.70352148437497,15,144.63999938964844,🚬菸屁股,HOLD,1
AVGO,2026-10-16,560.0,0.48,2073,4,55.273884765625006,43,369.67999267578125,🆕低基期(前日Vol1) 🚬菸屁股,HOLD,1
META,2026-09-18,1060.0,0.02,1007,4,78.12521875,15,578.5399780273438,🚬菸屁股,HOLD,1
META,2026-09-18,1090.0,0.17,1880,4,99.2187578125,15,578.5399780273438,🚬菸屁股,HOLD,1
META,2026-09-18,1310.0,0.02,1715,4,110.15669921875002,15,578.5399780273438,🚬菸屁股,HOLD,1
META,2026-09-18,1410.0,0.01,1901,4,109.375453125,15,578.5399780273438,🚬菸屁股,HOLD,1
META,2026-12-18,1400.0,0.13,2514,4,56.78754150390625,106,578.5399780273438,🚬菸屁股,HOLD,1
GOOGL,2026-09-18,565.0,0.08,3038,4,84.76577734374999,15,335.0199890136719,🆕低基期(前日Vol1) 🚬菸屁股,HOLD,1
GOOGL,2028-06-16,800.0,5.06,873,4,40.19835192871094,652,335.0199890136719,🔭LEAPS,HOLD,1
NEE,2027-01-15,125.0,0.1,8634,4,32.422550781249996,134,82.93000030517578,🚬菸屁股,HOLD,1
NEE,2027-02-19,100.0,0.92,1530,4,25.440198730468754,169,82.93000030517578,🚬菸屁股,HOLD,1
NEE,2028-01-21,90.0,7.13,996,4,26.856200195312496,505,82.93000030517578,🔭LEAPS,HOLD,1
NEE,2028-01-21,100.0,4.19,2295,4,26.996579650878903,505,82.93000030517578,🔭LEAPS,HOLD,1
AMAT,2026-09-18,640.0,0.18,1511,4,74.414318359375,15,441.8500061035156,🚬菸屁股,HOLD,1
DIS,2026-09-18,130.0,0.05,4829,4,44.336494140625,15,106.22000122070312,🚬菸屁股,HOLD,1
DIS,2026-12-18,130.0,0.85,4063,4,29.370823486328117,106,106.22000122070312,🚬菸屁股,HOLD,1
DIS,2026-12-18,175.0,0.13,3132,4,41.309180664062495,106,106.22000122070312,🚬菸屁股,HOLD,1
DIS,2027-01-15,175.0,0.1,1411,4,38.9654541015625,134,106.22000122070312,🚬菸屁股,HOLD,1
DIS,2027-01-15,185.0,0.04,2430,4,39.795523925781254,134,106.22000122070312,🚬菸屁股,HOLD,1
DIS,2028-01-21,160.0,3.1,872,4,32.5079991455078,505,106.22000122070312,🔭LEAPS,HOLD,1
MU,2026-09-18,1700.0,0.08,837,4,84.37515624999999,15,933.4400024414062,🚬菸屁股,HOLD,1
DDD,2027-01-15,3.0,0.95,4705,4,105.85984570312502,134,3.2899999618530273,🚬菸屁股,HOLD,1
FLNC,2027-01-15,35.0,0.14,879,4,100.0005,134,10.420000076293945,🆕低基期(前日Vol1) 🚬菸屁股,HOLD,1
RUN,2026-09-18,18.0,0.01,25763,4,137.50031249999998,15,8.369999885559082,🚬菸屁股,HOLD,1
RUN,2026-11-20,14.0,0.12,20529,4,77.929908203125,78,8.369999885559082,🚬菸屁股,HOLD,1
RUN,2028-01-21,17.0,1.45,1168,4,81.29901513671875,505,8.369999885559082,🔭LEAPS,HOLD,1
BBAI,2027-01-15,15.0,0.05,10265,4,128.90660546875,134,2.950000047683716,🚬菸屁股,HOLD,1
EVGO,2026-11-20,3.0,0.05,2583,4,136.71906640625,78,1.2699999809265137,🆕低基期(前日Vol1) 🚬菸屁股,HOLD,1
TSLA,2026-09-18,980.0,0.01,6794,3,128.125359375,15,356.0899963378906,🚬菸屁股,HOLD,1
IBIT,2027-01-15,115.0,0.08,5485,3,66.79720703125001,134,43.7599983215332,🚬菸屁股,HOLD,1
PLTR,2026-09-18,300.0,0.01,7604,3,78.9064609375,15,179.9199981689453,🚬菸屁股,HOLD,1
SMCI,2028-01-21,45.0,11.73,2442,3,83.96012133789061,505,36.709999084472656,🔭LEAPS,HOLD,1
OKLO,2026-10-16,130.0,0.05,2993,3,143.359658203125,43,38.529998779296875,🚬菸屁股,HOLD,1
OKLO,2026-12-18,160.0,0.33,927,3,118.35978320312499,106,38.529998779296875,🚬菸屁股,HOLD,1
OKLO,2028-01-21,65.0,9.45,1778,3,89.63633410644529,505,38.529998779296875,🔭LEAPS,HOLD,1
OKLO,2028-01-21,130.0,5.35,1355,3,95.64213342285154,505,38.529998779296875,🔭LEAPS,HOLD,1
OKLO,2028-01-21,155.0,3.85,2066,3,94.5313046875,505,38.529998779296875,🔭LEAPS,HOLD,1
VST,2026-10-16,180.0,0.49,1327,3,47.26615234375,43,138.0800018310547,🚬菸屁股,HOLD,1
VST,2026-12-18,235.0,0.5,2675,3,50.6840869140625,106,138.0800018310547,🚬菸屁股,HOLD,1
VST,2026-12-18,250.0,0.49,1095,3,56.958438232421884,106,138.0800018310547,🚬菸屁股,HOLD,1
VST,2027-01-15,250.0,0.58,2751,3,53.85788330078126,134,138.0800018310547,🚬菸屁股,HOLD,1
RKLB,2028-01-21,125.0,10.22,2027,3,78.52194329833983,505,62.540000915527344,🔭LEAPS,HOLD,1
ASTS,2027-01-15,185.0,0.55,1261,3,97.90041162109377,134,55.79999923706055,🚬菸屁股,HOLD,1
IONQ,2026-12-18,85.0,0.64,966,3,89.45323046875,106,37.779998779296875,🚬菸屁股,HOLD,1
UPST,2026-09-18,50.0,0.01,5559,3,109.375453125,15,27.389999389648438,🚬菸屁股,HOLD,1
UPST,2027-01-15,70.0,0.41,1691,3,83.49625878906248,134,27.389999389648438,🚬菸屁股,HOLD,1
SOFI,2028-01-21,37.0,1.65,8078,3,66.08920629882813,505,17.049999237060547,🔭LEAPS,HOLD,1
SOFI,2028-01-21,42.0,1.33,8979,3,65.77182666015625,505,17.049999237060547,🔭LEAPS,HOLD,1
DKNG,2027-01-15,42.0,0.28,1583,3,56.7387138671875,134,23.440000534057617,🚬菸屁股,HOLD,1
IREN,2026-12-18,105.0,0.38,1073,3,100.9770576171875,106,36.81999969482422,🚬菸屁股,HOLD,1
IREN,2026-12-18,130.0,0.28,998,3,120.89883300781248,106,36.81999969482422,🆕低基期(前日Vol1) 🚬菸屁股,HOLD,1
IREN,2026-12-18,135.0,0.43,813,3,120.3128984375,106,36.81999969482422,🚬菸屁股,HOLD,1
IREN,2026-12-18,140.0,0.2,8326,3,114.74652001953123,106,36.81999969482422,🚬菸屁股,HOLD,1
PATH,2027-01-15,32.0,0.65,4691,3,76.31859619140626,134,18.139999389648438,🚬菸屁股,HOLD,1
HOOD,2026-11-20,200.0,0.61,2103,3,75.586181640625,78,103.51000213623047,🚬菸屁股,HOLD,1
HOOD,2028-01-21,220.0,11.8,976,3,69.8367274169922,505,103.51000213623047,🔭LEAPS,HOLD,1
TDOC,2027-01-15,17.5,0.05,3364,3,101.95361523437501,134,6.260000228881836,🚬菸屁股,HOLD,1
TDOC,2028-01-21,3.0,3.8,2351,3,79.101771484375,505,6.260000228881836,🔭LEAPS,HOLD,1
TDOC,2028-01-21,10.0,1.15,2641,3,71.24052197265625,505,6.260000228881836,🔭LEAPS,HOLD,1
XYZ,2028-01-21,120.0,7.85,1437,3,50.07374145507812,505,77.87999725341797,🔭LEAPS,HOLD,1
OPEN,2027-01-15,9.0,0.09,3284,3,114.0629296875,134,3.0399999618530273,🚬菸屁股,HOLD,1
NTLA,2026-09-18,15.0,0.25,1579,3,82.0314296875,15,12.6850004196167,🚬菸屁股,HOLD,1
NTLA,2026-09-18,16.0,0.18,1813,3,84.37515624999999,15,12.6850004196167,🆕低基期(前日Vol1) 🚬菸屁股,HOLD,1
HIMS,2026-09-18,42.0,0.07,2964,3,99.2187578125,15,28.440000534057617,🚬菸屁股,HOLD,1
HIMS,2028-01-21,35.0,9.3,2428,3,86.56019299316407,505,28.440000534057617,🔭LEAPS,HOLD,1
ONDS,2026-12-18,18.0,0.09,3752,3,103.12548437500001,106,7.039999961853027,🚬菸屁股,HOLD,1
LUNR,2027-01-15,55.0,0.24,1956,3,108.7895185546875,134,14.720000267028809,🚬菸屁股,HOLD,1
JOBY,2027-01-15,25.0,0.02,3098,3,105.46922265625001,134,6.690000057220459,🆕低基期(前日Vol1) 🚬菸屁股,HOLD,1
JOBY,2027-01-15,40.0,0.01,5340,3,107.81296093750001,134,6.690000057220459,🚬菸屁股,HOLD,1
JOBY,2028-01-21,25.0,0.5,3651,3,83.49625878906248,505,6.690000057220459,🔭LEAPS,HOLD,1
SMR,2028-01-21,30.0,1.44,3446,3,102.53954980468751,505,9.210000038146973,🔭LEAPS,HOLD,1
NNE,2027-01-15,35.0,0.57,869,3,87.10950390625,134,17.469999313354492,🚬菸屁股,HOLD,1
VRT,2026-09-18,360.0,0.03,1930,3,60.937890625000016,15,255.97000122070312,🚬菸屁股,HOLD,1
CRWV,2026-09-18,175.0,0.02,917,3,135.15657421875,15,81.8499984741211,🚬菸屁股,HOLD,1
CRWV,2026-12-18,190.0,0.74,3513,3,84.42398388671874,106,81.8499984741211,🚬菸屁股,HOLD,1
CRWV,2028-01-21,190.0,10.75,1348,3,78.35104656982423,505,81.8499984741211,🔭LEAPS,HOLD,1
TJX,2026-09-18,155.0,0.01,1715,3,32.031929687499996,15,133.27000427246094,🚬菸屁股,HOLD,1
TJX,2026-09-18,160.0,0.1,1567,3,41.602146484375,15,133.27000427246094,🆕低基期(前日Vol1) 🚬菸屁股,HOLD,1
TJX,2026-10-16,170.0,0.06,1211,3,34.4733115234375,43,133.27000427246094,🚬菸屁股,HOLD,1
APP,2026-09-18,550.0,0.1,1515,3,102.63720556640625,15,311.739990234375,🆕低基期(前日Vol1) 🚬菸屁股,HOLD,1
PCG,2026-10-16,23.0,0.07,5032,3,105.85984570312502,43,14.0600004196167,🚬菸屁股,HOLD,1
RDDT,2026-09-18,240.0,0.03,2343,3,96.48441015625,15,144.63999938964844,🆕低基期(前日Vol1) 🚬菸屁股,HOLD,1
RDDT,2026-09-18,250.0,0.01,985,3,87.500125,15,144.63999938964844,🚬菸屁股,HOLD,1
META,2026-09-18,900.0,0.02,3916,3,66.40658593750001,15,578.5399780273438,🚬菸屁股,HOLD,1
META,2026-09-18,1130.0,0.01,915,3,92.187578125,15,578.5399780273438,🚬菸屁股,HOLD,1
META,2026-09-18,1190.0,0.02,1721,3,100.0005,15,578.5399780273438,🚬菸屁股,HOLD,1
META,2026-09-18,1200.0,0.02,889,3,92.187578125,15,578.5399780273438,🚬菸屁股,HOLD,1
META,2026-09-18,1260.0,0.02,1247,3,105.46922265625001,15,578.5399780273438,🚬菸屁股,HOLD,1
META,2026-10-16,780.0,0.63,5809,3,42.383388671875,43,578.5399780273438,🚬菸屁股,HOLD,1
META,2026-11-20,1100.0,0.34,1210,3,52.83250292968751,78,578.5399780273438,🚬菸屁股,HOLD,1
GOOGL,2026-10-16,415.0,0.65,2290,3,36.438623901367194,43,335.0199890136719,🚬菸屁股,HOLD,1
GOOGL,2026-10-16,460.0,0.27,6881,3,44.92242578125,43,335.0199890136719,🚬菸屁股,HOLD,1
GOOGL,2026-10-16,480.0,0.21,6507,3,45.26421923828126,43,335.0199890136719,🚬菸屁股,HOLD,1
GOOGL,2026-11-20,600.0,0.12,1150,3,50.63525927734375,78,335.0199890136719,🚬菸屁股,HOLD,1
GOOGL,2026-12-18,510.0,0.72,2143,3,40.34483483886719,106,335.0199890136719,🚬菸屁股,HOLD,1
GOOGL,2026-12-18,515.0,0.81,975,3,40.28380029296875,106,335.0199890136719,🆕低基期(前日Vol1) 🚬菸屁股,HOLD,1
AMZN,2026-09-18,340.0,0.01,6091,3,44.5318046875,15,254.9199981689453,🚬菸屁股,HOLD,1
AMZN,2026-12-18,380.0,0.51,2417,3,37.171038452148444,106,254.9199981689453,🚬菸屁股,HOLD,1
AMZN,2026-12-18,400.0,0.28,1970,3,37.84241845703124,106,254.9199981689453,🚬菸屁股,HOLD,1
RTX,2026-10-16,250.0,0.23,757,3,29.02903002929687,43,205.16000366210938,🚬菸屁股,HOLD,1
NEE,2026-12-18,115.0,0.12,2591,3,30.86006640625,106,82.93000030517578,🚬菸屁股,HOLD,1
DIS,2026-12-18,135.0,0.54,751,3,31.275101318359372,106,106.22000122070312,🚬菸屁股,HOLD,1
DIS,2027-01-15,135.0,0.83,2485,3,29.2853751220703,134,106.22000122070312,🚬菸屁股,HOLD,1
NNDM,2026-11-20,1.5,0.2,820,3,67.96907031250001,78,1.559999942779541,🚬菸屁股,HOLD,1
FLNC,2026-11-20,15.0,0.55,1312,3,86.32826171875,78,10.420000076293945,🚬菸屁股,HOLD,1
PLUG,2026-12-18,6.0,0.06,4679,3,122.65663671875001,106,2.0899999141693115,🚬菸屁股,HOLD,1
SEDG,2026-09-18,55.0,0.05,849,3,112.5004375,15,32.4900016784668,🚬菸屁股,HOLD,1
SEDG,2026-09-18,70.0,0.05,981,3,147.65651171875,15,32.4900016784668,🚬菸屁股,HOLD,1
SEDG,2027-01-15,80.0,0.5,1091,3,87.10950390625,134,32.4900016784668,🆕低基期(前日Vol1) 🚬菸屁股,HOLD,1
SEDG,2027-01-15,90.0,0.31,1150,3,87.98840136718749,134,32.4900016784668,🚬菸屁股,HOLD,1
RUN,2026-11-20,15.0,0.12,2243,3,80.4689453125,78,8.369999885559082,🚬菸屁股,HOLD,1
RUN,2027-01-15,14.0,0.36,1381,3,77.53928710937501,134,8.369999885559082,🚬菸屁股,HOLD,1
RUN,2027-01-15,23.0,0.04,5057,3,93.7500625,134,8.369999885559082,🆕低基期(前日Vol1) 🚬菸屁股,HOLD,1
RUN,2027-01-15,27.0,0.05,3868,3,103.71141894531253,134,8.369999885559082,🚬菸屁股,HOLD,1
SOUN,2027-01-15,25.0,0.08,5630,3,107.42233789062503,134,6.849999904632568,🚬菸屁股,HOLD,1
BBAI,2026-12-18,10.0,0.03,844,3,114.0629296875,106,2.950000047683716,🚬菸屁股,HOLD,1
AFRM,2026-09-18,110.0,0.01,883,3,68.7503125,15,69.94000244140625,🚬菸屁股,HOLD,1
TSLA,2028-01-21,940.0,10.85,5034,2,55.415790084838875,505,356.0899963378906,🔭LEAPS,HOLD,1
NVDA,2026-09-18,420.0,0.01,7926,2,90.62509374999999,15,217.44000244140625,🚬菸屁股,HOLD,1
GOOG,2026-10-16,420.0,0.5,7119,2,36.93910717773438,43,332.0299987792969,🚬菸屁股,HOLD,1
IBIT,2027-01-15,75.0,0.28,11907,2,50.6840869140625,134,43.7599983215332,🚬菸屁股,HOLD,1
IBIT,2027-01-15,79.0,0.28,5266,2,51.758294921875006,134,43.7599983215332,🚬菸屁股,HOLD,1
IBIT,2028-01-21,75.0,3.37,5469,2,50.7817421875,505,43.7599983215332,🔭LEAPS,HOLD,1
INTC,2026-09-18,210.0,0.01,13074,2,128.125359375,15,88.97000122070312,🚬菸屁股,HOLD,1
INTC,2028-01-21,45.0,50.4,6140,2,72.20486779785156,505,88.97000122070312,🔭LEAPS,HOLD,1
SMCI,2026-09-18,70.0,0.02,6513,2,115.625421875,15,36.709999084472656,🚬菸屁股,HOLD,1
SMCI,2026-11-20,70.0,0.46,1178,2,87.0118486328125,78,36.709999084472656,🚬菸屁股,HOLD,1
SMCI,2026-12-18,106.0,0.36,2332,2,94.5313046875,106,36.709999084472656,🚬菸屁股,HOLD,1
SMCI,2028-01-21,85.0,5.92,15622,2,82.93474096679687,505,36.709999084472656,🔭LEAPS,HOLD,1
OKLO,2026-11-20,105.0,0.45,955,2,107.1293706054688,78,38.529998779296875,🚬菸屁股,HOLD,1
OKLO,2027-01-15,190.0,0.32,754,2,118.35978320312499,134,38.529998779296875,🚬菸屁股,HOLD,1
OKLO,2027-01-15,260.0,0.12,5249,2,120.70352148437497,134,38.529998779296875,🚬菸屁股,HOLD,1
OKLO,2028-01-21,250.0,2.39,5565,2,99.78027563476562,505,38.529998779296875,🔭LEAPS,HOLD,1
VST,2026-09-18,215.0,0.02,9111,2,102.24658251953124,15,138.0800018310547,🚬菸屁股,HOLD,1
VST,2026-09-18,235.0,0.06,829,2,118.55509472656249,15,138.0800018310547,🚬菸屁股,HOLD,1
VST,2026-10-16,250.0,0.12,1579,2,75.7814921875,43,138.0800018310547,🚬菸屁股,HOLD,1
VST,2026-12-18,280.0,0.31,883,2,63.35485864257813,106,138.0800018310547,🚬菸屁股,HOLD,1
VST,2027-01-15,255.0,0.79,867,2,50.97705273437501,134,138.0800018310547,🚬菸屁股,HOLD,1
RKLB,2026-10-16,195.0,0.11,2156,2,143.06669091796874,43,62.540000915527344,🚬菸屁股,HOLD,1
RKLB,2028-01-21,135.0,9.22,855,2,78.98580584716797,505,62.540000915527344,🔭LEAPS,HOLD,1
ASTS,2026-11-20,130.0,0.5,1009,2,99.41406835937501,78,55.79999923706055,🚬菸屁股,HOLD,1
ASTS,2028-01-21,155.0,8.5,944,2,86.50526190185546,505,55.79999923706055,🔭LEAPS,HOLD,1
IONQ,2026-10-16,75.0,0.15,2849,2,99.2187578125,43,37.779998779296875,🚬菸屁股,HOLD,1
IONQ,2026-10-16,100.0,0.08,2273,2,117.96916015624998,43,37.779998779296875,🚬菸屁股,HOLD,1
IONQ,2026-11-20,80.0,0.44,2352,2,96.289099609375,78,37.779998779296875,🚬菸屁股,HOLD,1
IONQ,2026-12-18,90.0,0.5,2991,2,90.3321279296875,106,37.779998779296875,🚬菸屁股,HOLD,1
IONQ,2027-01-15,105.0,0.77,2566,2,92.8711650390625,134,37.779998779296875,🚬菸屁股,HOLD,1
UPST,2026-10-16,45.0,0.14,1450,2,73.04714453125,43,27.389999389648438,🚬菸屁股,HOLD,1
UPST,2027-01-15,60.0,0.42,3303,2,74.2190078125,134,27.389999389648438,🚬菸屁股,HOLD,1
UPST,2027-01-15,90.0,0.1,1380,2,102.24658251953124,134,27.389999389648438,🚬菸屁股,HOLD,1
UPST,2028-01-21,80.0,2.68,1120,2,81.46991186523438,505,27.389999389648438,🔭LEAPS,HOLD,1
DKNG,2026-09-18,37.5,0.02,2876,2,102.34423828125001,15,23.440000534057617,🚬菸屁股,HOLD,1
DKNG,2026-09-18,47.5,0.01,915,2,147.65651171875,15,23.440000534057617,🚬菸屁股,HOLD,1
DKNG,2026-12-18,35.0,0.43,2977,2,58.789474609375006,106,23.440000534057617,🚬菸屁股,HOLD,1
DKNG,2026-12-18,65.0,0.06,1810,2,78.12521875,106,23.440000534057617,🚬菸屁股,HOLD,1
DKNG,2028-01-21,20.0,9.75,1669,2,68.99445068359377,505,23.440000534057617,🔭LEAPS,HOLD,1
DKNG,2028-01-21,60.0,0.98,4705,2,56.201609863281256,505,23.440000534057617,🔭LEAPS,HOLD,1
IREN,2026-11-20,85.0,0.37,2109,2,98.63282617187501,78,36.81999969482422,🚬菸屁股,HOLD,1
IREN,2026-11-20,90.0,0.33,2937,2,102.24658251953124,78,36.81999969482422,🚬菸屁股,HOLD,1
IREN,2026-11-20,130.0,0.15,1305,2,125.19568652343749,78,36.81999969482422,🚬菸屁股,HOLD,1
IREN,2026-12-18,110.0,0.42,4045,2,110.64497802734377,106,36.81999969482422,🚬菸屁股,HOLD,1
IREN,2026-12-18,120.0,0.24,4063,2,112.5004375,106,36.81999969482422,🚬菸屁股,HOLD,1
NBIS,2026-09-18,380.0,0.09,1294,2,118.35978320312499,15,199.5399932861328,🚬菸屁股,HOLD,1
U,2026-11-20,60.0,0.85,785,2,64.99058447265625,78,40.91999816894531,🚬菸屁股,HOLD,1
HOOD,2026-11-20,230.0,0.33,2195,2,82.61736132812499,78,103.51000213623047,🚬菸屁股,HOLD,1
HOOD,2028-01-21,250.0,9.91,2464,2,70.14800360107422,505,103.51000213623047,🔭LEAPS,HOLD,1
HOOD,2028-01-21,260.0,9.1,1423,2,70.51421087646486,505,103.51000213623047,🔭LEAPS,HOLD,1
TDOC,2026-10-16,9.0,0.11,2148,2,67.96907031250001,43,6.260000228881836,🚬菸屁股,HOLD,1
TDOC,2026-10-16,11.0,0.09,1222,2,101.172369140625,43,6.260000228881836,🚬菸屁股,HOLD,1
TDOC,2027-01-15,11.0,0.15,2050,2,77.53928710937501,134,6.260000228881836,🚬菸屁股,HOLD,1
TDOC,2027-01-15,22.5,0.12,4407,2,118.35978320312499,134,6.260000228881836,🚬菸屁股,HOLD,1
ZM,2026-09-18,140.0,0.01,1139,2,109.86373193359378,15,94.9000015258789,🚬菸屁股,HOLD,1
XYZ,2026-12-18,145.0,0.2,1401,2,53.320779296874996,106,77.87999725341797,🚬菸屁股,HOLD,1
XYZ,2028-01-21,105.0,11.27,2193,2,50.76953527832031,505,77.87999725341797,🔭LEAPS,HOLD,1
OPEN,2026-10-16,7.0,0.02,2797,2,128.125359375,43,3.0399999618530273,🚬菸屁股,HOLD,1
OPEN,2027-01-15,8.0,0.1,3948,2,104.29735351562503,134,3.0399999618530273,🚬菸屁股,HOLD,1
OPEN,2027-01-15,12.0,0.06,6231,2,124.21912890624998,134,3.0399999618530273,🚬菸屁股,HOLD,1
BEAM,2028-01-21,50.0,4.5,1964,2,78.29611547851563,505,29.020000457763672,🔭LEAPS,HOLD,1
HIMS,2026-09-18,44.0,0.07,907,2,103.51610742187502,15,28.440000534057617,🚬菸屁股,HOLD,1
HIMS,2026-09-18,46.0,0.08,1279,2,111.71919140624999,15,28.440000534057617,🚬菸屁股,HOLD,1
HIMS,2026-12-18,105.0,0.12,1394,2,107.81296093750001,106,28.440000534057617,🚬菸屁股,HOLD,1
HIMS,2027-01-15,80.0,0.26,4434,2,89.74619628906248,134,28.440000534057617,🚬菸屁股,HOLD,1
LUNR,2026-12-18,35.0,0.3,910,2,102.53954980468751,106,14.720000267028809,🚬菸屁股,HOLD,1
LUNR,2027-01-15,27.0,0.91,1744,2,96.72854833984375,134,14.720000267028809,🚬菸屁股,HOLD,1
JOBY,2026-10-16,13.0,0.03,818,2,109.375453125,43,6.690000057220459,🚬菸屁股,HOLD,1
JOBY,2026-10-16,16.0,0.02,783,2,129.6878515625,43,6.690000057220459,🚬菸屁股,HOLD,1
JOBY,2026-11-20,13.0,0.07,1624,2,96.48441015625,78,6.690000057220459,🚬菸屁股,HOLD,1
JOBY,2026-11-20,17.0,0.05,1201,2,92.187578125,78,6.690000057220459,🚬菸屁股,HOLD,1
JOBY,2026-11-20,20.0,0.02,1770,2,117.96916015624998,78,6.690000057220459,🚬菸屁股,HOLD,1
ACHR,2026-10-16,13.0,0.03,3574,2,120.3128984375,43,5.559999942779541,🚬菸屁股,HOLD,1
SMR,2028-01-21,33.0,1.32,772,2,111.08442895507812,505,9.210000038146973,🔭LEAPS,HOLD,1
SMR,2028-01-21,80.0,0.58,801,2,111.86567504882814,505,9.210000038146973,🔭LEAPS,HOLD,1
NNE,2026-09-18,24.0,0.1,765,2,97.6562734375,15,17.469999313354492,🚬菸屁股,HOLD,1
NNE,2026-10-16,28.0,0.16,917,2,86.7188828125,43,17.469999313354492,🚬菸屁股,HOLD,1
CRWV,2026-09-18,155.0,0.13,2064,2,122.266013671875,15,81.8499984741211,🚬菸屁股,HOLD,1
CRWV,2026-09-18,165.0,0.05,1726,2,138.47687011718747,15,81.8499984741211,🚬菸屁股,HOLD,1
CRWV,2026-09-18,200.0,0.01,5977,2,145.3127734375,15,81.8499984741211,🚬菸屁股,HOLD,1
CRWV,2026-11-20,175.0,0.62,2234,2,88.13488427734374,78,81.8499984741211,🚬菸屁股,HOLD,1
CRWV,2026-11-20,180.0,0.68,942,2,88.08605664062499,78,81.8499984741211,🚬菸屁股,HOLD,1
CRWV,2027-01-15,220.0,0.72,3334,2,83.83805224609374,134,81.8499984741211,🚬菸屁股,HOLD,1
CRWV,2027-01-15,240.0,0.7,6011,2,86.08412353515625,134,81.8499984741211,🚬菸屁股,HOLD,1
CRWV,2028-01-21,180.0,11.77,1919,2,78.29611547851563,505,81.8499984741211,🔭LEAPS,HOLD,1
TJX,2026-09-18,170.0,0.03,3813,2,48.04739453125,15,133.27000427246094,🚬菸屁股,HOLD,1
TJX,2027-01-15,175.0,0.45,1170,2,26.29468237304688,134,133.27000427246094,🚬菸屁股,HOLD,1
WMT,2026-09-18,155.0,0.02,2398,2,64.062859375,15,105.91999816894531,🚬菸屁股,HOLD,1
WMT,2027-01-15,165.0,0.11,3524,2,32.66668896484375,134,105.91999816894531,🚬菸屁股,HOLD,1
WMT,2028-01-21,180.0,1.4,904,2,31.738963867187497,505,105.91999816894531,🔭LEAPS,HOLD,1
PCG,2026-10-16,21.0,0.07,7739,2,69.92217578125,43,14.0600004196167,🚬菸屁股,HOLD,1
PCG,2026-12-18,22.0,0.23,6647,2,51.95360546875,106,14.0600004196167,🚬菸屁股,HOLD,1
PCG,2027-01-15,22.0,0.2,7488,2,56.836369140624996,134,14.0600004196167,🚬菸屁股,HOLD,1
PCG,2027-01-15,30.0,0.01,1136,2,66.01596484375001,134,14.0600004196167,🚬菸屁股,HOLD,1
RDDT,2026-09-18,230.0,0.05,2177,2,78.9064609375,15,144.63999938964844,🚬菸屁股,HOLD,1
RDDT,2026-09-18,260.0,0.07,2185,2,114.45355273437498,15,144.63999938964844,🚬菸屁股,HOLD,1
RDDT,2027-01-15,320.0,0.93,2563,2,67.89582885742189,134,144.63999938964844,🚬菸屁股,HOLD,1
RDDT,2027-01-15,350.0,0.65,1980,2,70.04424487304688,134,144.63999938964844,🚬菸屁股,HOLD,1
RDDT,2028-01-21,420.0,7.97,1744,2,68.44513977050781,505,144.63999938964844,🔭LEAPS,HOLD,1
MNST,2026-12-18,52.5,0.75,1071,2,39.600213378906254,106,44.9900016784668,🚬菸屁股,HOLD,1
MNST,2028-01-21,72.5,0.89,1539,2,32.471378417968744,505,44.9900016784668,🔭LEAPS,HOLD,1
META,2026-09-18,810.0,0.11,825,2,55.859816406250005,15,578.5399780273438,🚬菸屁股,HOLD,1
META,2026-09-18,950.0,0.05,1379,2,72.6565234375,15,578.5399780273438,🚬菸屁股,HOLD,1
META,2026-09-18,1040.0,0.01,858,2,75.00025000000001,15,578.5399780273438,🚬菸屁股,HOLD,1
META,2026-09-18,1290.0,0.02,830,2,100.0005,15,578.5399780273438,🚬菸屁股,HOLD,1
META,2026-09-18,1340.0,0.02,2108,2,112.5004375,15,578.5399780273438,🚬菸屁股,HOLD,1
META,2026-09-18,1440.0,0.01,3080,2,130.46909765624997,15,578.5399780273438,🚬菸屁股,HOLD,1
META,2026-10-16,775.0,0.78,5150,2,41.94393994140625,43,578.5399780273438,🚬菸屁股,HOLD,1
META,2026-10-16,805.0,0.61,2929,2,43.6529072265625,43,578.5399780273438,🚬菸屁股,HOLD,1
META,2026-10-16,870.0,0.25,1010,2,47.51029052734375,43,578.5399780273438,🚬菸屁股,HOLD,1
META,2026-12-18,1150.0,0.66,1686,2,50.098155273437506,106,578.5399780273438,🚬菸屁股,HOLD,1
META,2026-12-18,1240.0,0.55,1840,2,53.052227294921884,106,578.5399780273438,🚬菸屁股,HOLD,1
META,2026-12-18,1250.0,0.29,1198,2,53.34519311523438,106,578.5399780273438,🚬菸屁股,HOLD,1
META,2026-12-18,1420.0,0.16,834,2,57.08050732421876,106,578.5399780273438,🚬菸屁股,HOLD,1
GOOGL,2026-09-18,530.0,0.05,2605,2,72.26590234375,15,335.0199890136719,🚬菸屁股,HOLD,1
GOOGL,2026-10-16,510.0,0.2,3152,2,50.586431640624994,43,335.0199890136719,🚬菸屁股,HOLD,1
GOOGL,2026-10-16,540.0,0.11,6386,2,55.22505712890625,43,335.0199890136719,🚬菸屁股,HOLD,1
GOOGL,2026-11-20,500.0,0.55,2483,2,42.920492675781254,78,335.0199890136719,🚬菸屁股,HOLD,1
GOOGL,2026-11-20,510.0,0.44,2451,2,45.117736328125005,78,335.0199890136719,🚬菸屁股,HOLD,1
GOOGL,2026-12-18,490.0,0.99,2670,2,39.19128192138671,106,335.0199890136719,🚬菸屁股,HOLD,1
GOOGL,2026-12-18,575.0,0.22,1005,2,43.530838134765624,106,335.0199890136719,🚬菸屁股,HOLD,1
GOOGL,2026-12-18,800.0,0.08,859,2,53.51608984375,106,335.0199890136719,🚬菸屁股,HOLD,1
GOOGL,2028-01-21,590.0,11.9,1003,2,39.6063168334961,505,335.0199890136719,🔭LEAPS,HOLD,1
GOOGL,2028-01-21,610.0,9.54,2633,2,39.75585147094727,505,335.0199890136719,🔭LEAPS,HOLD,1
GOOGL,2028-01-21,640.0,7.46,1228,2,39.71617901611329,505,335.0199890136719,🔭LEAPS,HOLD,1
GOOGL,2028-06-16,650.0,11.3,4614,2,39.0356438293457,652,335.0199890136719,🔭LEAPS,HOLD,1
AMZN,2026-09-18,335.0,0.01,19890,2,42.188078125,15,254.9199981689453,🚬菸屁股,HOLD,1
AMZN,2026-11-20,370.0,0.4,3454,2,39.063109374999996,78,254.9199981689453,🚬菸屁股,HOLD,1
NEE,2026-12-18,105.0,0.15,1910,2,26.367923828125,106,82.93000030517578,🚬菸屁股,HOLD,1
NEE,2027-01-15,105.0,0.3,4814,2,24.781025634765623,134,82.93000030517578,🚬菸屁股,HOLD,1
NEE,2027-01-15,140.0,0.05,1189,2,37.89124609375,134,82.93000030517578,🚬菸屁股,HOLD,1
NEE,2028-01-21,85.0,9.15,818,2,26.703613830566407,505,82.93000030517578,🔭LEAPS,HOLD,1
DIS,2028-01-21,130.0,8.55,1753,2,32.39203350830078,505,106.22000122070312,🔭LEAPS,HOLD,1
MU,2026-10-16,1830.0,0.61,1248,2,77.24632128906251,43,933.4400024414062,🚬菸屁股,HOLD,1
NNDM,2028-01-21,2.0,0.4,1819,2,76.95335546875,505,1.559999942779541,🔭LEAPS,HOLD,1
BLDP,2026-11-20,2.0,0.52,932,2,93.7500625,78,2.240000009536743,🚬菸屁股,HOLD,1
SEDG,2027-01-15,95.0,0.45,914,2,91.01571484374999,134,32.4900016784668,🚬菸屁股,HOLD,1
RUN,2026-11-20,16.0,0.11,3801,2,80.4689453125,78,8.369999885559082,🚬菸屁股,HOLD,1
RUN,2026-11-20,20.0,0.04,9533,2,108.984830078125,78,8.369999885559082,🚬菸屁股,HOLD,1
RUN,2026-11-20,21.0,0.13,1021,2,102.34423828125001,78,8.369999885559082,🚬菸屁股,HOLD,1
SOUN,2027-01-15,30.0,0.06,2968,2,116.01604492187501,134,6.849999904632568,🚬菸屁股,HOLD,1
UUUU,2026-11-20,25.0,0.21,899,2,83.39860351562498,78,14.220000267028809,🚬菸屁股,HOLD,1
UUUU,2027-01-15,24.0,0.61,1194,2,78.0275634765625,134,14.220000267028809,🚬菸屁股,HOLD,1
UUUU,2028-01-21,25.0,3.4,1984,2,86.62122753906249,505,14.220000267028809,🔭LEAPS,HOLD,1
AFRM,2027-01-15,125.0,0.7,971,2,57.95940478515625,134,69.94000244140625,🚬菸屁股,HOLD,1
AFRM,2027-01-15,150.0,0.34,1425,2,69.67803759765626,134,69.94000244140625,🚬菸屁股,HOLD,1
TSLA,2026-09-18,900.0,0.01,7442,1,123.43788281249999,15,356.0899963378906,🚬菸屁股,HOLD,1
TSLA,2026-12-18,850.0,0.55,7561,1,66.87044848632814,106,356.0899963378906,🚬菸屁股,HOLD,1
TSLA,2026-12-18,950.0,0.39,6051,1,70.898728515625,106,356.0899963378906,🚬菸屁股,HOLD,1
NVDA,2028-01-21,370.0,9.58,5311,1,42.27657821655273,505,217.44000244140625,🔭LEAPS,HOLD,1
AMD,2026-10-16,1120.0,0.02,5849,1,76.95335546875,43,459.6099853515625,🚬菸屁股,HOLD,1
MSFT,2026-09-18,800.0,0.01,10369,1,62.500375000000005,15,501.0199890136719,🚬菸屁股,HOLD,1
MSTR,2027-01-15,550.0,0.43,6734,1,102.10009887695315,134,124.87999725341797,🚬菸屁股,HOLD,1
IBIT,2026-10-16,105.0,0.01,9346,1,88.2813671875,43,43.7599983215332,🚬菸屁股,HOLD,1
IBIT,2028-01-21,95.0,1.94,5969,1,51.90477783203124,505,43.7599983215332,🔭LEAPS,HOLD,1
IBIT,2028-01-21,96.0,2.05,10602,1,52.07567456054687,505,43.7599983215332,🔭LEAPS,HOLD,1
IBIT,2028-06-16,65.0,6.9,6561,1,53.8212625732422,652,43.7599983215332,🔭LEAPS,HOLD,1
INTC,2026-09-18,180.0,0.01,7776,1,117.1879140625,15,88.97000122070312,🚬菸屁股,HOLD,1
INTC,2026-09-18,195.0,0.02,8552,1,128.125359375,15,88.97000122070312,🚬菸屁股,HOLD,1
SMCI,2026-12-18,66.0,0.86,1509,1,82.17791259765625,106,36.709999084472656,🚬菸屁股,HOLD,1
SMCI,2026-12-18,90.0,0.34,2911,1,88.96495410156248,106,36.709999084472656,🚬菸屁股,HOLD,1
SMCI,2026-12-18,92.0,0.86,1278,1,89.64854101562499,106,36.709999084472656,🚬菸屁股,HOLD,1
SMCI,2026-12-18,110.0,0.18,2628,1,94.726615234375,106,36.709999084472656,🚬菸屁股,HOLD,1
OKLO,2026-10-16,100.0,0.07,2507,1,116.01604492187501,43,38.529998779296875,🚬菸屁股,HOLD,1
OKLO,2026-11-20,90.0,0.41,1595,1,97.55861816406251,78,38.529998779296875,🚬菸屁股,HOLD,1
OKLO,2026-11-20,115.0,0.47,859,1,110.15669921875002,78,38.529998779296875,🚬菸屁股,HOLD,1
OKLO,2026-11-20,165.0,0.1,1142,1,125.78162109374999,78,38.529998779296875,🚬菸屁股,HOLD,1
OKLO,2027-01-15,150.0,0.33,12884,1,107.03171484375002,134,38.529998779296875,🚬菸屁股,HOLD,1
OKLO,2027-01-15,175.0,0.47,1306,1,114.55120849609375,134,38.529998779296875,🚬菸屁股,HOLD,1
OKLO,2027-01-15,250.0,0.15,1382,1,122.07070214843749,134,38.529998779296875,🚬菸屁股,HOLD,1
OKLO,2028-01-21,85.0,8.0,1238,1,89.44102355957031,505,38.529998779296875,🔭LEAPS,HOLD,1
OKLO,2028-01-21,95.0,7.4,829,1,91.7115086669922,505,38.529998779296875,🔭LEAPS,HOLD,1
OKLO,2028-01-21,120.0,5.65,963,1,92.15095739746093,505,38.529998779296875,🔭LEAPS,HOLD,1
VST,2026-09-18,210.0,0.02,9685,1,71.0940390625,15,138.0800018310547,🚬菸屁股,HOLD,1
VST,2026-09-18,220.0,0.4,870,1,105.17625537109376,15,138.0800018310547,🚬菸屁股,HOLD,1
VST,2026-09-18,250.0,0.5,7141,1,125.48865380859375,15,138.0800018310547,🚬菸屁股,HOLD,1
VST,2026-10-16,190.0,0.3,766,1,52.4418818359375,43,138.0800018310547,🚬菸屁股,HOLD,1
VST,2027-01-15,290.0,0.32,3350,1,56.665472412109374,134,138.0800018310547,🚬菸屁股,HOLD,1
RKLB,2027-01-15,210.0,0.3,2301,1,92.38288867187501,134,62.540000915527344,🚬菸屁股,HOLD,1
RKLB,2028-01-21,195.0,5.59,1928,1,80.75580767822265,505,62.540000915527344,🔭LEAPS,HOLD,1
ASTS,2026-10-16,175.0,0.01,2423,1,129.6878515625,43,55.79999923706055,🚬菸屁股,HOLD,1
ASTS,2027-01-15,175.0,0.55,867,1,98.82813671875,134,55.79999923706055,🚬菸屁股,HOLD,1
ASTS,2028-01-21,160.0,7.48,1121,1,87.45129736328124,505,55.79999923706055,🔭LEAPS,HOLD,1
ASTS,2028-01-21,170.0,6.7,1533,1,87.3902628173828,505,55.79999923706055,🔭LEAPS,HOLD,1
IONQ,2026-11-20,140.0,0.12,1587,1,114.45355273437498,78,37.779998779296875,🚬菸屁股,HOLD,1
IONQ,2026-12-18,140.0,0.19,917,1,107.22702636718753,106,37.779998779296875,🚬菸屁股,HOLD,1
IONQ,2027-01-15,85.0,0.91,987,1,87.15833154296875,134,37.779998779296875,🚬菸屁股,HOLD,1
IONQ,2027-01-15,95.0,0.65,1488,1,92.187578125,134,37.779998779296875,🚬菸屁股,HOLD,1
IONQ,2028-01-21,75.0,7.44,901,1,85.4615711669922,505,37.779998779296875,🔭LEAPS,HOLD,1
IONQ,2028-01-21,80.0,6.85,1762,1,86.2428133544922,505,37.779998779296875,🔭LEAPS,HOLD,1
IONQ,2028-01-21,85.0,6.86,998,1,86.26722717285156,505,37.779998779296875,🔭LEAPS,HOLD,1
UPST,2027-01-15,62.5,0.7,809,1,79.7853583984375,134,27.389999389648438,🚬菸屁股,HOLD,1
UPST,2027-01-15,75.0,0.21,2726,1,83.59391406249999,134,27.389999389648438,🚬菸屁股,HOLD,1
SOFI,2026-11-20,34.0,0.11,756,1,69.92217578125,78,17.049999237060547,🚬菸屁股,HOLD,1
SOFI,2026-12-18,42.0,0.12,8522,1,75.7814921875,106,17.049999237060547,🚬菸屁股,HOLD,1
DKNG,2026-09-18,50.0,0.01,3183,1,121.875390625,15,23.440000534057617,🚬菸屁股,HOLD,1
DKNG,2026-09-18,52.5,0.02,4524,1,143.75028125,15,23.440000534057617,🚬菸屁股,HOLD,1
DKNG,2026-12-18,40.0,0.25,4128,1,62.500375000000005,106,23.440000534057617,🚬菸屁股,HOLD,1
DKNG,2026-12-18,45.0,0.16,1692,1,65.820654296875,106,23.440000534057617,🚬菸屁股,HOLD,1
DKNG,2026-12-18,70.0,0.03,6410,1,89.062609375,106,23.440000534057617,🚬菸屁股,HOLD,1
DKNG,2028-01-21,32.5,4.3,2428,1,61.426166992187504,505,23.440000534057617,🔭LEAPS,HOLD,1
DKNG,2028-01-21,65.0,0.63,4734,1,57.86174951171875,505,23.440000534057617,🔭LEAPS,HOLD,1
IREN,2026-11-20,110.0,0.21,7902,1,118.35978320312499,78,36.81999969482422,🚬菸屁股,HOLD,1
IREN,2026-12-18,85.0,0.65,3250,1,96.48441015625,106,36.81999969482422,🚬菸屁股,HOLD,1
IREN,2026-12-18,100.0,0.44,5247,1,103.12548437500001,106,36.81999969482422,🚬菸屁股,HOLD,1
IREN,2028-01-21,105.0,5.6,1958,1,93.49371740722657,505,36.81999969482422,🔭LEAPS,HOLD,1
IREN,2028-01-21,115.0,4.7,1885,1,94.06744213867188,505,36.81999969482422,🔭LEAPS,HOLD,1
IREN,2028-06-16,75.0,9.85,2614,1,92.40730249023439,652,36.81999969482422,🔭LEAPS,HOLD,1
ROKU,2027-01-15,200.0,0.2,1084,1,23.975369628906247,134,155.52999877929688,🚬菸屁股,HOLD,1
HOOD,2026-10-16,165.0,0.42,1450,1,70.117486328125,43,103.51000213623047,🚬菸屁股,HOLD,1
HOOD,2026-12-18,280.0,0.3,1138,1,79.7853583984375,106,103.51000213623047,🚬菸屁股,HOLD,1
HOOD,2026-12-18,290.0,0.22,10295,1,84.37515624999999,106,103.51000213623047,🚬菸屁股,HOLD,1
HOOD,2028-01-21,240.0,9.6,1536,1,70.3250037841797,505,103.51000213623047,🔭LEAPS,HOLD,1
TDOC,2026-10-16,8.0,0.09,3141,1,60.15664843750002,43,6.260000228881836,🚬菸屁股,HOLD,1
TDOC,2027-01-15,9.0,0.29,1214,1,71.28934960937501,134,6.260000228881836,🚬菸屁股,HOLD,1
TDOC,2027-01-15,20.0,0.06,20336,1,100.78174609374999,134,6.260000228881836,🚬菸屁股,HOLD,1
TDOC,2028-01-21,12.0,0.76,1138,1,69.28741650390626,505,6.260000228881836,🔭LEAPS,HOLD,1
TDOC,2028-01-21,17.0,0.5,1201,1,71.0940390625,505,6.260000228881836,🔭LEAPS,HOLD,1
ZM,2026-09-18,150.0,0.12,1633,1,88.08605664062499,15,94.9000015258789,🚬菸屁股,HOLD,1
ZM,2028-01-21,135.0,10.42,843,1,51.68505346679688,505,94.9000015258789,🔭LEAPS,HOLD,1
ZM,2028-01-21,140.0,9.3,2725,1,51.57519128417969,505,94.9000015258789,🔭LEAPS,HOLD,1
XYZ,2026-09-18,105.0,0.03,1248,1,72.6565234375,15,77.87999725341797,🚬菸屁股,HOLD,1
XYZ,2026-09-18,115.0,0.06,1141,1,75.7814921875,15,77.87999725341797,🚬菸屁股,HOLD,1
XYZ,2026-12-18,115.0,0.75,1010,1,50.39112109375,106,77.87999725341797,🚬菸屁股,HOLD,1
XYZ,2026-12-18,135.0,0.47,835,1,50.63525927734375,106,77.87999725341797,🚬菸屁股,HOLD,1
XYZ,2027-01-15,135.0,0.55,1110,1,52.46629565429688,134,77.87999725341797,🚬菸屁股,HOLD,1
XYZ,2027-01-15,140.0,0.35,1303,1,52.00243310546875,134,77.87999725341797,🚬菸屁股,HOLD,1
XYZ,2027-01-15,145.0,0.27,23724,1,51.95360546875,134,77.87999725341797,🚬菸屁股,HOLD,1
XYZ,2028-01-21,100.0,11.9,759,1,51.123535644531245,505,77.87999725341797,🔭LEAPS,HOLD,1
XYZ,2028-01-21,110.0,10.25,1946,1,50.574224731445305,505,77.87999725341797,🔭LEAPS,HOLD,1
OPEN,2027-01-15,15.0,0.06,18389,1,138.28155859374996,134,3.0399999618530273,🚬菸屁股,HOLD,1
OPEN,2028-01-21,1.0,2.29,3375,1,142.96903515625,505,3.0399999618530273,🔭LEAPS,HOLD,1
NTLA,2026-09-18,17.0,0.15,1985,1,104.29735351562503,15,12.6850004196167,🚬菸屁股,HOLD,1
NTLA,2027-01-15,25.0,0.6,1892,1,88.86729882812499,134,12.6850004196167,🚬菸屁股,HOLD,1
NTLA,2027-01-15,35.0,0.12,3775,1,93.35944140625,134,12.6850004196167,🚬菸屁股,HOLD,1
HIMS,2026-11-20,47.0,0.72,3412,1,89.99033447265624,78,28.440000534057617,🚬菸屁股,HOLD,1
HIMS,2026-12-18,65.0,0.53,793,1,95.6055126953125,106,28.440000534057617,🚬菸屁股,HOLD,1
HIMS,2026-12-18,80.0,0.29,3427,1,94.726615234375,106,28.440000534057617,🚬菸屁股,HOLD,1
HIMS,2027-01-15,65.0,0.66,1466,1,89.16026464843749,134,28.440000534057617,🚬菸屁股,HOLD,1
HIMS,2028-01-21,55.0,5.7,842,1,84.30191479492187,505,28.440000534057617,🔭LEAPS,HOLD,1
KTOS,2028-01-21,160.0,2.5,858,1,70.7888663330078,505,49.34000015258789,🔭LEAPS,HOLD,1
ONDS,2026-10-16,18.0,0.03,1175,1,134.37532812499998,43,7.039999961853027,🚬菸屁股,HOLD,1
LUNR,2026-09-18,28.0,0.03,1181,1,139.06280468749998,15,14.720000267028809,🚬菸屁股,HOLD,1
LUNR,2028-01-21,32.0,3.8,1258,1,102.02685705566408,505,14.720000267028809,🔭LEAPS,HOLD,1
LUNR,2028-01-21,50.0,2.5,1219,1,103.88231652832035,505,14.720000267028809,🔭LEAPS,HOLD,1
JOBY,2026-09-18,11.0,0.05,1780,1,117.1879140625,15,6.690000057220459,🚬菸屁股,HOLD,1
JOBY,2027-01-15,27.0,0.03,1490,1,103.90673046875003,134,6.690000057220459,🚬菸屁股,HOLD,1
JOBY,2027-01-15,30.0,0.04,8345,1,106.25046875000001,134,6.690000057220459,🚬菸屁股,HOLD,1
JOBY,2027-01-15,35.0,0.02,2448,1,104.68797656250001,134,6.690000057220459,🚬菸屁股,HOLD,1
ACHR,2026-09-18,11.0,0.01,1097,1,140.625296875,15,5.559999942779541,🚬菸屁股,HOLD,1
ACHR,2028-01-21,22.0,0.47,1329,1,92.0899228515625,505,5.559999942779541,🔭LEAPS,HOLD,1
SMR,2026-11-20,18.0,0.19,1612,1,95.312546875,78,9.210000038146973,🚬菸屁股,HOLD,1
SMR,2027-01-15,13.0,0.89,2025,1,87.5977802734375,134,9.210000038146973,🚬菸屁股,HOLD,1
SMR,2027-01-15,32.0,0.12,1109,1,105.85984570312502,134,9.210000038146973,🚬菸屁股,HOLD,1
SMR,2027-01-15,47.0,0.08,1020,1,119.922275390625,134,9.210000038146973,🚬菸屁股,HOLD,1
SMR,2027-01-15,55.0,0.12,3427,1,146.09401953124998,134,9.210000038146973,🚬菸屁股,HOLD,1
SMR,2028-01-21,3.0,6.85,1628,1,111.5238798828125,505,9.210000038146973,🔭LEAPS,HOLD,1
NNE,2026-10-16,26.0,0.26,4671,1,83.39860351562498,43,17.469999313354492,🚬菸屁股,HOLD,1
NNE,2027-01-15,40.0,0.39,2349,1,88.37902246093749,134,17.469999313354492,🚬菸屁股,HOLD,1
NNE,2027-01-15,45.0,0.27,1485,1,85.742330078125,134,17.469999313354492,🚬菸屁股,HOLD,1
VRT,2026-09-18,400.0,0.01,1314,1,65.62534375000001,15,255.97000122070312,🚬菸屁股,HOLD,1
VRT,2026-09-18,460.0,0.04,837,1,125.53748168945313,15,255.97000122070312,🚬菸屁股,HOLD,1
VRT,2026-10-16,380.0,0.54,1884,1,56.7387138671875,43,255.97000122070312,🚬菸屁股,HOLD,1
CRWV,2026-09-18,160.0,0.04,3970,1,114.84417578124999,15,81.8499984741211,🚬菸屁股,HOLD,1
CRWV,2026-09-18,170.0,0.02,5486,1,127.73473632812498,15,81.8499984741211,🚬菸屁股,HOLD,1
CRWV,2026-09-18,180.0,0.01,4004,1,123.43788281249999,15,81.8499984741211,🚬菸屁股,HOLD,1
CRWV,2026-09-18,190.0,0.12,6225,1,147.65651171875,15,81.8499984741211,🚬菸屁股,HOLD,1
CRWV,2026-09-18,195.0,0.04,3941,1,148.047134765625,15,81.8499984741211,🚬菸屁股,HOLD,1
CRWV,2026-10-16,175.0,0.08,2877,1,87.500125,43,81.8499984741211,🚬菸屁股,HOLD,1
CRWV,2026-12-18,195.0,0.65,1176,1,84.42398388671874,106,81.8499984741211,🚬菸屁股,HOLD,1
TJX,2026-09-18,175.0,0.05,1152,1,52.93015820312501,15,133.27000427246094,🚬菸屁股,HOLD,1
TJX,2026-09-18,180.0,0.05,2917,1,60.74258007812501,15,133.27000427246094,🚬菸屁股,HOLD,1
TJX,2026-09-18,185.0,0.05,821,1,62.109753906250006,15,133.27000427246094,🚬菸屁股,HOLD,1
TJX,2027-01-15,165.0,0.89,1380,1,25.51344018554688,134,133.27000427246094,🚬菸屁股,HOLD,1
WMT,2026-09-18,195.0,0.02,9013,1,96.87503124999999,15,105.91999816894531,🚬菸屁股,HOLD,1
WMT,2026-10-16,135.0,0.11,1272,1,32.422550781249996,43,105.91999816894531,🚬菸屁股,HOLD,1
WMT,2026-11-20,140.0,0.14,1435,1,33.35027587890625,78,105.91999816894531,🚬菸屁股,HOLD,1
WMT,2026-12-18,165.0,0.08,1487,1,44.482977050781244,106,105.91999816894531,🚬菸屁股,HOLD,1
WMT,2027-01-15,175.0,0.08,835,1,35.352208984375,134,105.91999816894531,🚬菸屁股,HOLD,1
APP,2026-09-18,700.0,0.8,2175,1,133.59408203124997,15,311.739990234375,🚬菸屁股,HOLD,1
APP,2027-01-15,1000.0,0.35,1005,1,75.2932158203125,134,311.739990234375,🚬菸屁股,HOLD,1
RDDT,2027-01-15,420.0,0.37,1767,1,75.43969873046875,134,144.63999938964844,🚬菸屁股,HOLD,1
RDDT,2028-01-21,400.0,9.3,1261,1,67.15120739746095,505,144.63999938964844,🔭LEAPS,HOLD,1
PANW,2026-10-16,580.0,0.91,1033,1,79.22384057617188,43,362.0899963378906,🚬菸屁股,HOLD,1
AVGO,2026-09-18,580.0,0.13,1380,1,82.226740234375,15,369.67999267578125,🚬菸屁股,HOLD,1
AVGO,2026-10-16,620.0,0.23,925,1,60.10782080078126,43,369.67999267578125,🚬菸屁股,HOLD,1
AVGO,2026-12-18,680.0,0.9,1139,1,53.149882568359374,106,369.67999267578125,🚬菸屁股,HOLD,1
META,2026-09-18,1070.0,0.01,893,1,85.1563984375,15,578.5399780273438,🚬菸屁股,HOLD,1
META,2026-09-18,1180.0,0.02,1107,1,96.87503124999999,15,578.5399780273438,🚬菸屁股,HOLD,1
META,2026-09-18,1390.0,0.02,887,1,114.0629296875,15,578.5399780273438,🚬菸屁股,HOLD,1
META,2026-09-18,1450.0,0.01,1834,1,121.875390625,15,578.5399780273438,🚬菸屁股,HOLD,1
META,2026-09-18,1480.0,0.01,11279,1,115.625421875,15,578.5399780273438,🚬菸屁股,HOLD,1
META,2026-10-16,810.0,0.52,2722,1,43.89704541015625,43,578.5399780273438,🚬菸屁股,HOLD,1
META,2026-10-16,815.0,0.5,4949,1,44.11676977539062,43,578.5399780273438,🚬菸屁股,HOLD,1
META,2026-10-16,830.0,0.6,6109,1,45.16656396484375,43,578.5399780273438,🚬菸屁股,HOLD,1
META,2026-10-16,860.0,0.42,945,1,47.11966943359375,43,578.5399780273438,🚬菸屁股,HOLD,1
META,2026-10-16,1210.0,0.04,1199,1,65.62534375000001,43,578.5399780273438,🚬菸屁股,HOLD,1
META,2026-11-20,1200.0,0.19,1213,1,56.88519677734375,78,578.5399780273438,🚬菸屁股,HOLD,1
META,2026-12-18,1100.0,0.72,1315,1,49.65870654296876,106,578.5399780273438,🚬菸屁股,HOLD,1
META,2026-12-18,1300.0,0.32,9397,1,54.834436035156266,106,578.5399780273438,🚬菸屁股,HOLD,1
META,2027-01-15,1270.0,0.57,863,1,50.26905200195313,134,578.5399780273438,🚬菸屁股,HOLD,1
GOOGL,2026-09-18,470.0,0.06,1768,1,58.39885351562499,15,335.0199890136719,🚬菸屁股,HOLD,1
GOOGL,2026-09-18,550.0,0.03,813,1,78.51583984375,15,335.0199890136719,🚬菸屁股,HOLD,1
GOOGL,2026-09-18,620.0,0.01,1734,1,92.187578125,15,335.0199890136719,🚬菸屁股,HOLD,1
GOOGL,2026-09-18,640.0,0.01,2068,1,96.48441015625,15,335.0199890136719,🚬菸屁股,HOLD,1
GOOGL,2026-09-18,650.0,0.01,862,1,98.437515625,15,335.0199890136719,🚬菸屁股,HOLD,1
GOOGL,2026-09-18,660.0,0.01,959,1,100.78174609374999,15,335.0199890136719,🚬菸屁股,HOLD,1
GOOGL,2026-09-18,700.0,0.02,2079,1,104.68797656250001,15,335.0199890136719,🚬菸屁股,HOLD,1
GOOGL,2026-09-18,740.0,0.01,1131,1,110.9379453125,15,335.0199890136719,🚬菸屁股,HOLD,1
GOOGL,2026-09-18,780.0,0.01,991,1,117.96916015624998,15,335.0199890136719,🚬菸屁股,HOLD,1
GOOGL,2026-10-16,440.0,0.35,2101,1,40.5279384765625,43,335.0199890136719,🚬菸屁股,HOLD,1
GOOGL,2026-10-16,470.0,0.22,3796,1,43.6529072265625,43,335.0199890136719,🚬菸屁股,HOLD,1
GOOGL,2026-10-16,520.0,0.12,3683,1,52.246571289062494,43,335.0199890136719,🚬菸屁股,HOLD,1
GOOGL,2026-10-16,530.0,0.18,5846,1,53.36960693359375,43,335.0199890136719,🚬菸屁股,HOLD,1
GOOGL,2026-10-16,600.0,0.06,1358,1,57.42230078125,43,335.0199890136719,🚬菸屁股,HOLD,1
GOOGL,2026-10-16,800.0,0.03,4849,1,75.7814921875,43,335.0199890136719,🚬菸屁股,HOLD,1
GOOGL,2026-11-20,490.0,0.66,5131,1,43.04256176757813,78,335.0199890136719,🚬菸屁股,HOLD,1
GOOGL,2026-11-20,520.0,0.31,2970,1,46.216358154296884,78,335.0199890136719,🚬菸屁股,HOLD,1
GOOGL,2026-12-18,520.0,0.81,2563,1,41.16269775390625,106,335.0199890136719,🚬菸屁股,HOLD,1
GOOGL,2026-12-18,525.0,0.67,2548,1,42.1026297607422,106,335.0199890136719,🚬菸屁股,HOLD,1
GOOGL,2026-12-18,530.0,0.65,3092,1,40.711042114257815,106,335.0199890136719,🚬菸屁股,HOLD,1
GOOGL,2026-12-18,540.0,0.59,2654,1,43.32332067871094,106,335.0199890136719,🚬菸屁股,HOLD,1
GOOGL,2026-12-18,545.0,0.32,1020,1,42.529871582031255,106,335.0199890136719,🚬菸屁股,HOLD,1
GOOGL,2026-12-18,600.0,0.21,761,1,47.09525561523438,106,335.0199890136719,🚬菸屁股,HOLD,1
GOOGL,2027-01-15,600.0,0.36,3340,1,43.21345849609375,134,335.0199890136719,🚬菸屁股,HOLD,1
GOOGL,2028-01-21,670.0,6.0,1341,1,40.311265838623044,505,335.0199890136719,🔭LEAPS,HOLD,1
GOOGL,2028-01-21,720.0,5.6,1463,1,40.65611102294922,505,335.0199890136719,🔭LEAPS,HOLD,1
GOOGL,2028-06-16,710.0,9.3,1691,1,39.31335101318359,652,335.0199890136719,🔭LEAPS,HOLD,1
AMZN,2026-09-18,360.0,0.01,5946,1,60.547269531250016,15,254.9199981689453,🚬菸屁股,HOLD,1
AMZN,2026-09-18,410.0,0.01,1263,1,65.62534375000001,15,254.9199981689453,🚬菸屁股,HOLD,1
AMZN,2026-10-16,360.0,0.08,905,1,43.50642431640625,43,254.9199981689453,🚬菸屁股,HOLD,1
AMZN,2026-10-16,370.0,0.09,4468,1,42.8716650390625,43,254.9199981689453,🚬菸屁股,HOLD,1
NEE,2026-09-18,105.0,0.02,9203,1,54.297332031250015,15,82.93000030517578,🚬菸屁股,HOLD,1
NEE,2026-09-18,110.0,0.05,5392,1,51.95360546875,15,82.93000030517578,🚬菸屁股,HOLD,1
NEE,2026-12-18,97.5,0.49,3101,1,24.048611083984373,106,82.93000030517578,🚬菸屁股,HOLD,1
NEE,2027-01-15,120.0,0.05,3577,1,30.371790039062496,134,82.93000030517578,🚬菸屁股,HOLD,1
NEE,2027-02-19,105.0,0.91,982,1,25.28150891113281,169,82.93000030517578,🚬菸屁股,HOLD,1
NEE,2028-01-21,140.0,0.78,2867,1,27.466545654296876,505,82.93000030517578,🔭LEAPS,HOLD,1
DIS,2026-09-18,135.0,0.03,1329,1,48.828636718750005,15,106.22000122070312,🚬菸屁股,HOLD,1
DIS,2026-12-18,150.0,0.17,772,1,37.35414208984375,106,106.22000122070312,🚬菸屁股,HOLD,1
DIS,2027-01-15,145.0,0.4,1977,1,30.884480224609373,134,106.22000122070312,🚬菸屁股,HOLD,1
DIS,2027-01-15,150.0,0.39,17497,1,34.22917333984374,134,106.22000122070312,🚬菸屁股,HOLD,1
DIS,2027-01-15,160.0,0.17,2364,1,35.1568984375,134,106.22000122070312,🚬菸屁股,HOLD,1
DIS,2027-01-15,170.0,0.11,903,1,41.699801757812494,134,106.22000122070312,🚬菸屁股,HOLD,1
DIS,2028-01-21,135.0,7.15,1158,1,31.958688232421867,505,106.22000122070312,🔭LEAPS,HOLD,1
DIS,2028-01-21,140.0,6.4,2528,1,32.782654602050776,505,106.22000122070312,🔭LEAPS,HOLD,1
DDD,2026-11-20,2.5,0.97,1922,1,101.5629921875,78,3.2899999618530273,🚬菸屁股,HOLD,1
DDD,2026-12-18,7.5,0.15,2509,1,113.28168359375002,106,3.2899999618530273,🚬菸屁股,HOLD,1
DDD,2027-01-15,5.5,0.3,1001,1,91.60164648437501,134,3.2899999618530273,🚬菸屁股,HOLD,1
DDD,2028-01-21,5.0,1.2,5003,1,105.85984570312502,505,3.2899999618530273,🔭LEAPS,HOLD,1
NNDM,2027-01-15,2.5,0.05,1863,1,67.18782812500001,134,1.559999942779541,🚬菸屁股,HOLD,1
NNDM,2028-01-21,1.5,0.6,2227,1,63.281617187500004,505,1.559999942779541,🔭LEAPS,HOLD,1
NNDM,2028-01-21,2.5,0.35,913,1,69.92217578125,505,1.559999942779541,🔭LEAPS,HOLD,1
NNDM,2028-01-21,3.0,0.28,1009,1,76.17211328125,505,1.559999942779541,🔭LEAPS,HOLD,1
NNDM,2028-01-21,4.5,0.16,1510,1,83.789224609375,505,1.559999942779541,🔭LEAPS,HOLD,1
FLNC,2026-11-20,22.0,0.13,7212,1,94.726615234375,78,10.420000076293945,🚬菸屁股,HOLD,1
FLNC,2026-11-20,24.0,0.19,3605,1,112.89106054687501,78,10.420000076293945,🚬菸屁股,HOLD,1
FLNC,2027-01-15,23.0,0.42,1026,1,97.070341796875,134,10.420000076293945,🚬菸屁股,HOLD,1
FLNC,2027-01-15,25.0,0.35,2468,1,96.19144433593749,134,10.420000076293945,🚬菸屁股,HOLD,1
FLNC,2027-01-15,27.0,0.3,979,1,99.804689453125,134,10.420000076293945,🚬菸屁股,HOLD,1
FLNC,2027-01-15,45.0,0.1,7336,1,104.68797656250001,134,10.420000076293945,🚬菸屁股,HOLD,1
FLNC,2028-01-21,17.0,3.4,1785,1,103.07665649414064,505,10.420000076293945,🔭LEAPS,HOLD,1
FLNC,2028-01-21,22.0,2.7,2505,1,101.22119702148437,505,10.420000076293945,🔭LEAPS,HOLD,1
BLDP,2026-11-20,6.0,0.05,3338,1,131.25034374999998,78,2.240000009536743,🚬菸屁股,HOLD,1
BLDP,2027-02-19,6.0,0.12,1730,1,98.437515625,169,2.240000009536743,🚬菸屁股,HOLD,1
SEDG,2026-09-18,50.0,0.05,798,1,95.312546875,15,32.4900016784668,🚬菸屁股,HOLD,1
SEDG,2026-10-16,80.0,0.05,1700,1,136.23078759765625,43,32.4900016784668,🚬菸屁股,HOLD,1
SEDG,2026-11-20,75.0,0.2,890,1,95.6055126953125,78,32.4900016784668,🚬菸屁股,HOLD,1
RUN,2027-01-15,12.0,0.56,1974,1,75.7814921875,134,8.369999885559082,🚬菸屁股,HOLD,1
RUN,2027-01-15,18.0,0.25,843,1,78.51583984375,134,8.369999885559082,🚬菸屁股,HOLD,1
RUN,2028-01-21,20.0,1.15,2106,1,84.27750097656251,505,8.369999885559082,🔭LEAPS,HOLD,1
SOUN,2027-01-15,27.0,0.08,2573,1,109.76607617187501,134,6.849999904632568,🚬菸屁股,HOLD,1
SOUN,2027-01-15,32.0,0.08,909,1,117.1879140625,134,6.849999904632568,🚬菸屁股,HOLD,1
SOUN,2028-01-21,2.0,5.0,779,1,76.95335546875,505,6.849999904632568,🔭LEAPS,HOLD,1
BBAI,2026-12-18,8.0,0.05,3959,1,105.46922265625001,106,2.950000047683716,🚬菸屁股,HOLD,1
UUUU,2026-10-16,30.0,0.02,1652,1,96.87503124999999,43,14.220000267028809,🚬菸屁股,HOLD,1
UUUU,2026-10-16,35.0,0.01,3421,1,105.46922265625001,43,14.220000267028809,🚬菸屁股,HOLD,1
UUUU,2027-01-15,29.0,0.35,1452,1,81.34784277343749,134,14.220000267028809,🚬菸屁股,HOLD,1
UUUU,2028-01-21,12.0,6.38,1653,1,83.05681005859374,505,14.220000267028809,🔭LEAPS,HOLD,1
UUUU,2028-01-21,35.0,1.98,1589,1,87.03626245117188,505,14.220000267028809,🔭LEAPS,HOLD,1
EVGO,2026-11-20,2.0,0.06,877,1,91.4063359375,78,1.2699999809265137,🚬菸屁股,HOLD,1
EDIT,2028-01-21,5.0,1.15,1356,1,128.51598242187498,505,3.069999933242798,🔭LEAPS,HOLD,1
EDIT,2028-01-21,7.5,1.0,1312,1,118.26212744140622,505,3.069999933242798,🔭LEAPS,HOLD,1
PCG,2026-09-04,18.0,0.03,13351,4211,150.00025,1,14.0600004196167,🎲末日結算 🆕新倉暴量 ⚠️IV頂峰 🚬菸屁股 ⚠️暴動高IV(150%),GAMBLE,-1
ONDS,2026-09-04,9.0,0.02,7502,2196,150.00025,1,7.039999961853027,🎲末日結算 🆕新倉暴量 ⚠️IV頂峰 🚬菸屁股 ⚠️暴動高IV(150%),GAMBLE,-1
DELL,2026-09-04,580.0,0.43,828,811,159.08223583984375,1,425.0,🎲末日結算 🆕新倉暴量 ⚠️IV頂峰 🚬菸屁股 ⚠️暴動高IV(159%),GAMBLE,-1
OPEN,2026-09-18,6.0,0.01,7788,277,162.50018749999998,15,3.0399999618530273,🚀點火(10.7x) ⚠️IV頂峰 🚬菸屁股 ⚠️尾段價外(97%) ⚠️暴動高IV(163%),BUY_WATCH,-2
