Stock,Expiry,Strike,Ask,OpenInterest,Volume,IV,DTE,Tags,Action,Score
NVDA,2026-05-15,235.0,0.89,72344,106243,46.70463452148438,1,🎲末日結算 🚨異常掃貨 🚀點火(4.2x) 🚬菸屁股 🔥萬人塚,GAMBLE,9
PLUG,2026-05-15,4.0,0.14,33671,53700,114.0629296875,1,🎲末日結算 🚨異常掃貨 🆕新倉暴量 🚬菸屁股 🔥萬人塚,GAMBLE,9
PATH,2026-08-21,11.0,0.99,1811,4693,77.44163183593751,99,🚨異常掃貨 🆕新倉暴量 🚬菸屁股,STRONG_BUY,9
PLUG,2026-09-18,5.5,0.52,2041,3452,102.93017285156252,127,🚨異常掃貨 🆕新倉暴量 🚬菸屁股,STRONG_BUY,9
JOBY,2026-07-17,16.0,0.3,814,1068,79.101771484375,64,🚨異常掃貨 🚀點火(12.3x) 🚬菸屁股,STRONG_BUY,9
NVDA,2026-05-15,225.0,4.04,114630,142017,44.40973559570312,1,🎲末日結算 🚨異常掃貨 🆕新倉暴量 🔥萬人塚,GAMBLE,8
AAPL,2026-05-15,300.0,2.18,81123,136077,26.026130371093746,1,🎲末日結算 🚨異常掃貨 🆕新倉暴量 🔥萬人塚,GAMBLE,8
SHOP,2026-09-18,195.0,0.48,93144,92999,62.109753906250006,127,🚀點火(481.9x) 🚬菸屁股 🔥萬人塚,BUY_WATCH,8
SOFI,2028-01-21,20.0,4.18,31897,5196,71.19169433593751,617,🚀點火(11.3x) 🔭LEAPS 🔥萬人塚,BUY_WATCH,8
F,2027-01-15,5.0,4.45,1087,3633,0.0010000000000000002,246,🚨異常掃貨 🆕新倉暴量,STRONG_BUY,8
ACHR,2026-07-17,7.0,0.68,30022,2169,78.32052929687501,64,🚀點火(4.1x) 🚬菸屁股 🔥萬人塚,BUY_WATCH,8
NVDA,2028-01-21,250.0,49.85,33114,1489,50.41706077575683,617,🚀點火(6.7x) 🔭LEAPS 🔥萬人塚,BUY_WATCH,8
ONDS,2028-01-21,30.0,1.47,59168,775,93.79889013671875,617,🚀點火(3.0x) 🔭LEAPS 🔥萬人塚,BUY_WATCH,8
PATH,2027-01-15,30.0,0.21,35540,285,84.179845703125,246,🚀點火(2.6x) 🚬菸屁股 🔥萬人塚,BUY_WATCH,8
IBIT,2027-01-15,90.0,0.52,38091,22,50.24463818359376,246,🚀點火(5.5x) 🚬菸屁股 🔥萬人塚,BUY_WATCH,8
F,2026-05-15,14.0,0.19,18012,54213,72.26590234375,1,🎲末日結算 🚨異常掃貨 🆕新倉暴量 🚬菸屁股,GAMBLE,7
F,2026-05-15,13.0,0.66,23730,53131,64.8441015625,1,🎲末日結算 🚨異常掃貨 🆕新倉暴量 🚬菸屁股,GAMBLE,7
F,2026-05-15,13.5,0.38,2788,46724,67.18782812500001,1,🎲末日結算 🚨異常掃貨 🆕新倉暴量 🚬菸屁股,GAMBLE,7
AAPL,2026-05-15,305.0,0.76,23403,34806,26.319096191406256,1,🎲末日結算 🚨異常掃貨 🚀點火(6.9x) 🚬菸屁股,GAMBLE,7
JOBY,2026-05-15,12.0,0.1,13878,31862,94.5313046875,1,🎲末日結算 🚨異常掃貨 🆕新倉暴量 🚬菸屁股,GAMBLE,7
PLTR,2026-05-15,135.0,0.74,10818,20098,51.123535644531245,1,🎲末日結算 🚨異常掃貨 🆕新倉暴量 🚬菸屁股,GAMBLE,7
SOFI,2026-05-15,15.5,0.18,3779,14148,47.26615234375,1,🎲末日結算 🚨異常掃貨 🚀點火(4.2x) 🚬菸屁股,GAMBLE,7
IBIT,2026-05-15,45.5,0.36,7630,10219,33.4967587890625,1,🎲末日結算 🚨異常掃貨 🚀點火(3.0x) 🚬菸屁股,GAMBLE,7
F,2026-05-15,15.0,0.06,4394,9146,87.500125,1,🎲末日結算 🚨異常掃貨 🆕新倉暴量 🚬菸屁股,GAMBLE,7
NBIS,2026-05-15,240.0,0.6,3326,7653,108.25241186523438,1,🎲末日結算 🚨異常掃貨 🆕新倉暴量 🚬菸屁股,GAMBLE,7
JOBY,2026-05-15,11.5,0.18,1698,6650,90.62509374999999,1,🎲末日結算 🚨異常掃貨 🆕新倉暴量 🚬菸屁股,GAMBLE,7
RIVN,2026-05-15,15.5,0.06,4539,6424,76.95335546875,1,🎲末日結算 🚨異常掃貨 🆕新倉暴量 🚬菸屁股,GAMBLE,7
PYPL,2026-05-15,46.5,0.16,1640,6041,36.426416992187505,1,🎲末日結算 🚨異常掃貨 🆕新倉暴量 🚬菸屁股,GAMBLE,7
NBIS,2026-05-15,250.0,0.26,1888,5453,111.13325683593752,1,🎲末日結算 🚨異常掃貨 🆕新倉暴量 🚬菸屁股,GAMBLE,7
HIMS,2026-05-15,24.0,0.68,1791,5086,73.82838671875,1,🎲末日結算 🚨異常掃貨 🚀點火(9.8x) 🚬菸屁股,GAMBLE,7
PYPL,2026-05-15,45.5,0.43,2267,4423,35.6451748046875,1,🎲末日結算 🚨異常掃貨 🆕新倉暴量 🚬菸屁股,GAMBLE,7
SOFI,2026-05-15,15.0,0.43,2535,3467,44.5318046875,1,🎲末日結算 🚨異常掃貨 🆕新倉暴量 🚬菸屁股,GAMBLE,7
RKLB,2026-05-15,135.0,0.95,2175,3302,94.726615234375,1,🎲末日結算 🚨異常掃貨 🆕新倉暴量 🚬菸屁股,GAMBLE,7
JPM,2026-05-15,305.0,0.98,2145,3116,25.781992187500002,1,🎲末日結算 🚨異常掃貨 🆕新倉暴量 🚬菸屁股,GAMBLE,7
NBIS,2026-05-15,290.0,0.01,1286,2323,140.625296875,1,🎲末日結算 🚨異常掃貨 🚀點火(3.8x) 🚬菸屁股,GAMBLE,7
JOBY,2026-05-15,12.5,0.05,1039,2015,98.437515625,1,🎲末日結算 🚨異常掃貨 🆕新倉暴量 🚬菸屁股,GAMBLE,7
VELO,2026-05-15,22.5,0.54,1171,1912,149.21900390624998,1,🎲末日結算 🚨異常掃貨 🆕新倉暴量 🚬菸屁股,GAMBLE,7
NOW,2026-05-15,89.0,0.9,953,1341,52.539537109375004,1,🎲末日結算 🚨異常掃貨 🆕新倉暴量 🚬菸屁股,GAMBLE,7
OKLO,2026-05-15,81.0,0.2,759,1238,108.3988955078125,1,🎲末日結算 🚨異常掃貨 🆕新倉暴量 🚬菸屁股,GAMBLE,7
NVDA,2026-05-15,227.5,2.83,23105,119243,44.092355957031245,1,🎲末日結算 🚨異常掃貨 🚀點火(4.0x),GAMBLE,6
TSLA,2026-05-15,460.0,3.05,12823,55553,51.355466918945304,1,🎲末日結算 🚨異常掃貨 🚀點火(2.6x),GAMBLE,6
NVDA,2026-05-15,250.0,0.13,42125,45682,58.20354296875,1,🎲末日結算 🚀點火(4.4x) 🚬菸屁股 🔥萬人塚,GAMBLE,6
NVDA,2026-05-15,240.0,0.42,40994,42458,49.756361816406255,1,🎲末日結算 🚀點火(2.6x) 🚬菸屁股 🔥萬人塚,GAMBLE,6
TSLA,2026-05-15,447.5,6.85,8908,36977,49.341326904296885,1,🎲末日結算 🚨異常掃貨 🆕新倉暴量,GAMBLE,6
AAPL,2026-05-15,297.5,3.5,11300,36316,27.027096923828125,1,🎲末日結算 🚨異常掃貨 🚀點火(3.3x),GAMBLE,6
MU,2026-05-15,900.0,5.23,13680,27926,108.32565368652345,1,🎲末日結算 🚨異常掃貨 🆕新倉暴量,GAMBLE,6
AAPL,2026-05-15,302.5,1.27,12800,27274,25.73316455078125,1,🎲末日結算 🚨異常掃貨 🆕新倉暴量,GAMBLE,6
NVDA,2026-05-15,232.5,1.32,5598,26924,45.38628833007812,1,🎲末日結算 🚨異常掃貨 🆕新倉暴量,GAMBLE,6
TSLA,2026-05-15,465.0,2.15,9036,25545,52.539537109375004,1,🎲末日結算 🚨異常掃貨 🆕新倉暴量,GAMBLE,6
TSLA,2026-05-15,437.5,12.15,5119,24644,49.24367163085938,1,🎲末日結算 🚨異常掃貨 🆕新倉暴量,GAMBLE,6
F,2026-05-15,12.5,1.09,16717,22606,65.62534375000001,1,🎲末日結算 🚨異常掃貨 🆕新倉暴量,GAMBLE,6
NBIS,2026-05-15,220.0,3.0,10409,18374,100.09815576171874,1,🎲末日結算 🚨異常掃貨 🆕新倉暴量,GAMBLE,6
MU,2026-05-15,1000.0,1.1,12382,17404,126.07458837890624,1,🎲末日結算 🚨異常掃貨 🆕新倉暴量,GAMBLE,6
GOOG,2026-05-15,400.0,3.65,5971,16188,28.455305297851552,1,🎲末日結算 🚨異常掃貨 🚀點火(3.6x),GAMBLE,6
TSLA,2026-05-15,475.0,1.05,6827,15513,54.9076774902344,1,🎲末日結算 🚨異常掃貨 🆕新倉暴量,GAMBLE,6
SMCI,2026-05-15,36.0,0.07,31303,14375,85.937640625,1,🎲末日結算 🚀點火(2.9x) 🚬菸屁股 🔥萬人塚,GAMBLE,6
SOFI,2026-05-15,16.5,0.04,32834,14138,60.937890625000016,1,🎲末日結算 🆕新倉暴量 🚬菸屁股 🔥萬人塚,GAMBLE,6
TSLA,2026-05-15,457.5,3.55,5149,13733,50.818362915039074,1,🎲末日結算 🚨異常掃貨 🆕新倉暴量,GAMBLE,6
F,2027-01-15,16.85,0.7,19723,12964,39.99083447265625,246,🆕新倉暴量 🚬菸屁股,BUY_WATCH,6
AMD,2026-05-15,450.0,8.95,6039,12559,67.33431103515628,1,🎲末日結算 🚨異常掃貨 🆕新倉暴量,GAMBLE,6
QCOM,2026-05-15,220.0,3.96,6638,11979,86.49915844726561,1,🎲末日結算 🚨異常掃貨 🆕新倉暴量,GAMBLE,6
NBIS,2026-05-15,215.0,4.55,3187,11684,100.24463940429689,1,🎲末日結算 🚨異常掃貨 🚀點火(3.3x),GAMBLE,6
GOOG,2026-05-15,395.0,6.5,6900,11508,29.810272216796868,1,🎲末日結算 🚨異常掃貨 🆕新倉暴量,GAMBLE,6
OPEN,2026-05-15,5.0,0.03,32071,10740,87.500125,1,🎲末日結算 🆕新倉暴量 🚬菸屁股 🔥萬人塚,GAMBLE,6
AMZN,2026-05-15,272.5,1.75,6267,9984,28.284408569335934,1,🎲末日結算 🚨異常掃貨 🆕新倉暴量,GAMBLE,6
F,2026-09-18,15.0,0.75,25801,9947,39.8443515625,127,🆕新倉暴量 🚬菸屁股,BUY_WATCH,6
MARA,2026-05-15,13.0,0.27,41575,9722,80.85956640625,1,🎲末日結算 🆕新倉暴量 🚬菸屁股 🔥萬人塚,GAMBLE,6
NBIS,2026-05-15,230.0,1.41,1650,9371,103.51610742187502,1,🎲末日結算 🚨異常掃貨 🆕新倉暴量,GAMBLE,6
AMZN,2026-05-15,267.5,4.3,2969,8468,30.347376220703122,1,🎲末日結算 🚨異常掃貨 🆕新倉暴量,GAMBLE,6
PLUG,2027-01-15,7.0,0.7,15057,8344,101.95361523437501,246,🆕新倉暴量 🚬菸屁股,BUY_WATCH,6
MU,2026-05-15,950.0,2.35,3206,6736,117.88371136474606,1,🎲末日結算 🚨異常掃貨 🆕新倉暴量,GAMBLE,6
NOW,2026-05-15,88.0,1.25,2595,6429,51.562984375,1,🎲末日結算 🚨異常掃貨 🆕新倉暴量,GAMBLE,6
IBIT,2027-01-15,84.0,0.69,5214,5000,50.0005,246,🆕新倉暴量 🚬菸屁股,BUY_WATCH,6
PLUG,2026-09-18,5.0,0.62,5918,4555,101.172369140625,127,🆕新倉暴量 🚬菸屁股,BUY_WATCH,6
F,2027-01-15,25.0,0.13,6397,4546,45.6060126953125,246,🆕新倉暴量 🚬菸屁股,BUY_WATCH,6
F,2026-09-18,16.0,0.51,5215,4419,40.18614501953125,127,🆕新倉暴量 🚬菸屁股,BUY_WATCH,6
BA,2026-05-15,242.5,2.81,3110,4260,43.677321044921875,1,🎲末日結算 🚨異常掃貨 🆕新倉暴量,GAMBLE,6
IREN,2026-05-15,58.0,1.01,2949,4014,104.29735351562503,1,🎲末日結算 🚨異常掃貨 🆕新倉暴量,GAMBLE,6
F,2026-09-18,17.0,0.35,12028,3884,42.0904228515625,127,🆕新倉暴量 🚬菸屁股,BUY_WATCH,6
F,2028-01-21,25.0,0.45,13404,3850,40.918559570312496,617,🆕新倉暴量 🔭LEAPS,BUY_WATCH,6
QCOM,2026-05-15,215.0,5.7,2815,3418,83.96012133789061,1,🎲末日結算 🚨異常掃貨 🆕新倉暴量,GAMBLE,6
CRWV,2026-05-15,119.0,1.0,991,3297,85.35170898437501,1,🎲末日結算 🚨異常掃貨 🚀點火(7.5x),GAMBLE,6
BA,2026-05-15,237.5,5.3,2037,2925,44.58063232421875,1,🎲末日結算 🚨異常掃貨 🆕新倉暴量,GAMBLE,6
NVTS,2026-05-15,21.0,1.17,2019,2793,138.8674931640625,1,🎲末日結算 🚨異常掃貨 🆕新倉暴量,GAMBLE,6
SOFI,2026-07-17,17.0,0.86,5955,2237,56.9340244140625,64,🆕新倉暴量 🚬菸屁股,BUY_WATCH,6
CRWV,2026-05-15,108.0,5.5,1230,2234,88.91612646484374,1,🎲末日結算 🚨異常掃貨 🆕新倉暴量,GAMBLE,6
OPEN,2026-08-21,6.0,0.41,11063,2214,87.500125,99,🚀點火(5.1x) 🚬菸屁股,BUY_WATCH,6
ASTS,2026-05-15,77.0,1.53,853,2029,91.01571484374999,1,🎲末日結算 🚨異常掃貨 🆕新倉暴量,GAMBLE,6
SOFI,2028-01-21,30.0,2.47,16703,1636,70.117486328125,617,🚀點火(2.7x) 🔭LEAPS,BUY_WATCH,6
ONDS,2027-01-15,25.0,0.63,15958,1604,103.12548437500001,246,🚀點火(61.7x) 🚬菸屁股,BUY_WATCH,6
AAPL,2027-01-15,480.0,0.74,7208,1544,28.980202392578118,246,🚀點火(90.8x) 🚬菸屁股,BUY_WATCH,6
PLUG,2028-01-21,3.5,1.93,3109,1380,90.82040429687498,617,🆕新倉暴量 🔭LEAPS,BUY_WATCH,6
NOW,2026-09-18,160.0,0.97,1566,1292,60.01016552734376,127,🆕新倉暴量 🚬菸屁股,BUY_WATCH,6
HOOD,2026-05-15,76.0,2.04,904,1231,60.937890625000016,1,🎲末日結算 🚨異常掃貨 🆕新倉暴量,GAMBLE,6
JOBY,2026-07-17,14.0,0.56,4221,1208,77.73459765625,64,🚀點火(23.2x) 🚬菸屁股,BUY_WATCH,6
MU,2026-05-15,930.0,3.3,975,1184,115.0394873046875,1,🎲末日結算 🚨異常掃貨 🆕新倉暴量,GAMBLE,6
MU,2026-05-15,920.0,3.8,834,1182,112.5004375,1,🎲末日結算 🚨異常掃貨 🆕新倉暴量,GAMBLE,6
ASTS,2026-05-15,76.0,1.92,755,1161,89.64854101562499,1,🎲末日結算 🚨異常掃貨 🆕新倉暴量,GAMBLE,6
TSCO,2026-10-16,40.0,0.91,2047,1151,50.098155273437506,155,🆕新倉暴量 🚬菸屁股,BUY_WATCH,6
RIVN,2026-05-15,18.0,0.01,37516,1125,128.125359375,1,🎲末日結算 🚀點火(33.1x) 🚬菸屁股 🔥萬人塚,GAMBLE,6
SOFI,2026-07-17,19.0,0.45,9826,1103,59.570716796875004,64,🚀點火(2.6x) 🚬菸屁股,BUY_WATCH,6
SOFI,2028-01-21,32.0,2.38,4145,1054,71.36259106445313,617,🚀點火(25.1x) 🔭LEAPS,BUY_WATCH,6
RIVN,2028-01-21,15.0,5.45,6273,1010,75.73266455078127,617,🚀點火(32.6x) 🔭LEAPS,BUY_WATCH,6
U,2026-05-15,29.0,0.12,59410,941,71.87528125,1,🎲末日結算 🚀點火(2.6x) 🚬菸屁股 🔥萬人塚,GAMBLE,6
ACHR,2026-10-16,9.0,0.7,1698,888,82.81267187499999,155,🚀點火(4.8x) 🚬菸屁股,BUY_WATCH,6
PATH,2028-01-21,15.0,2.3,9028,879,76.12328564453125,617,🚀點火(5.0x) 🔭LEAPS,BUY_WATCH,6
IBIT,2026-07-17,55.0,0.57,7685,853,41.602146484375,64,🚀點火(5.1x) 🚬菸屁股,BUY_WATCH,6
SOFI,2028-06-16,10.0,8.4,6088,813,77.88108056640624,764,🚀點火(7.9x) 🔭LEAPS,BUY_WATCH,6
DKNG,2026-07-17,30.0,0.56,23974,809,50.098155273437506,64,🚀點火(9.5x) 🚬菸屁股,BUY_WATCH,6
NFLX,2027-01-15,266.0,0.06,25060,781,50.29346582031251,246,🚀點火(3.7x) 🚬菸屁股,BUY_WATCH,6
PATH,2027-01-15,20.0,0.55,27901,763,79.24825439453124,246,🚀點火(4.3x) 🚬菸屁股,BUY_WATCH,6
BSX,2026-07-17,70.0,0.3,3524,714,42.57869921875,64,🆕新倉暴量 🚬菸屁股,BUY_WATCH,6
NVDA,2028-01-21,360.0,23.54,7138,686,48.37698107910157,617,🚀點火(28.6x) 🔭LEAPS,BUY_WATCH,6
IBIT,2028-01-21,100.0,2.75,14016,665,53.015606567382825,617,🚀點火(15.5x) 🔭LEAPS,BUY_WATCH,6
IBIT,2028-01-21,85.0,4.02,14185,644,52.960675476074236,617,🚀點火(6.4x) 🔭LEAPS,BUY_WATCH,6
MARA,2026-09-18,37.0,0.19,1297,622,98.82813671875,127,🆕新倉暴量 🚬菸屁股,BUY_WATCH,6
TSCO,2026-09-18,40.0,0.7,7928,583,48.48684326171875,127,🚀點火(13.6x) 🚬菸屁股,BUY_WATCH,6
MARA,2026-08-21,20.0,0.7,2811,583,88.08605664062499,99,🆕新倉暴量 🚬菸屁股,BUY_WATCH,6
PLTR,2028-01-21,200.0,22.09,9640,558,59.943027526855474,617,🚀點火(7.4x) 🔭LEAPS,BUY_WATCH,6
SOFI,2028-01-21,47.0,1.25,4331,533,70.898728515625,617,🚀點火(7.7x) 🔭LEAPS,BUY_WATCH,6
PATH,2027-01-15,25.0,0.32,13523,514,76.75804492187501,246,🚀點火(28.6x) 🚬菸屁股,BUY_WATCH,6
NVTS,2028-01-21,20.0,11.99,2047,486,118.3353692626953,617,🆕新倉暴量 🔭LEAPS,BUY_WATCH,6
UPST,2027-01-15,135.0,0.23,5079,478,92.38288867187501,246,🚀點火(43.5x) 🚬菸屁股,BUY_WATCH,6
F,2026-09-18,18.0,0.27,1366,447,42.9693203125,127,🆕新倉暴量 🚬菸屁股,BUY_WATCH,6
SOFI,2026-08-21,26.0,0.25,2067,445,70.70341796875,99,🚀點火(13.9x) 🚬菸屁股,BUY_WATCH,6
SOFI,2026-08-21,22.0,0.49,6124,440,66.50424121093752,99,🚀點火(3.0x) 🚬菸屁股,BUY_WATCH,6
JOBY,2026-07-17,15.0,0.42,3524,435,78.32052929687501,64,🚀點火(33.5x) 🚬菸屁股,BUY_WATCH,6
TSLA,2028-01-21,900.0,39.15,6890,412,55.876600906372076,617,🚀點火(24.2x) 🔭LEAPS,BUY_WATCH,6
F,2026-09-18,25.0,0.04,951,407,52.734847656250004,127,🆕新倉暴量 🚬菸屁股,BUY_WATCH,6
JOBY,2026-07-17,13.0,0.79,1927,401,77.0510107421875,64,🚀點火(4.1x) 🚬菸屁股,BUY_WATCH,6
SOFI,2026-07-17,29.0,0.09,764,400,82.0314296875,64,🚀點火(400.0x) 🚬菸屁股,BUY_WATCH,6
ACHR,2026-10-16,10.0,0.54,2722,395,82.3243955078125,155,🚀點火(6.8x) 🚬菸屁股,BUY_WATCH,6
OPEN,2028-01-21,10.0,1.28,10816,386,96.87503124999999,617,🚀點火(2.7x) 🔭LEAPS,BUY_WATCH,6
OPEN,2026-09-18,15.0,0.07,6485,372,131.05503222656247,127,🚀點火(124.0x) 🚬菸屁股,BUY_WATCH,6
SOFI,2026-09-18,40.0,0.11,29575,364,82.81267187499999,127,🚀點火(5.3x) 🚬菸屁股,BUY_WATCH,6
ONDS,2028-01-21,15.0,3.05,4878,357,103.71141894531253,617,🚀點火(4.6x) 🔭LEAPS,BUY_WATCH,6
AAPL,2028-01-21,350.0,30.59,6634,349,31.453627365112297,617,🚀點火(8.7x) 🔭LEAPS,BUY_WATCH,6
PATH,2028-01-21,20.0,1.61,6856,344,76.61156201171876,617,🚀點火(4.3x) 🔭LEAPS,BUY_WATCH,6
SOFI,2028-01-21,13.0,6.56,1848,323,75.73266455078127,617,🚀點火(2.8x) 🔭LEAPS,BUY_WATCH,6
JOBY,2027-01-15,22.0,0.87,6145,290,83.8868798828125,246,🚀點火(96.7x) 🚬菸屁股,BUY_WATCH,6
PATH,2026-08-21,15.0,0.35,5509,277,80.85956640625,99,🚀點火(8.4x) 🚬菸屁股,BUY_WATCH,6
PATH,2028-01-21,30.0,0.9,5730,276,75.83031982421876,617,🚀點火(6.9x) 🔭LEAPS,BUY_WATCH,6
PATH,2028-01-21,8.0,4.25,1402,268,80.02949658203124,617,🚀點火(5.8x) 🔭LEAPS,BUY_WATCH,6
AAPL,2027-01-15,550.0,0.22,6044,263,30.86006640625,246,🚀點火(10.5x) 🚬菸屁股,BUY_WATCH,6
SMR,2027-01-15,45.0,0.77,1270,241,115.4301103515625,246,🚀點火(3.3x) 🚬菸屁股,BUY_WATCH,6
TSLA,2028-06-16,990.0,44.0,5699,236,56.19932106781006,764,🚀點火(2.8x) 🔭LEAPS,BUY_WATCH,6
SMCI,2026-09-18,105.0,0.31,4128,226,101.46533642578123,127,🚀點火(5.9x) 🚬菸屁股,BUY_WATCH,6
DKNG,2026-09-18,35.0,0.72,3913,223,52.58836474609375,127,🚀點火(17.2x) 🚬菸屁股,BUY_WATCH,6
PACB,2027-01-15,4.0,0.1,1688,220,103.90673046875003,246,🚀點火(4.3x) 🚬菸屁股,BUY_WATCH,6
TSCO,2026-07-17,40.0,0.16,8221,214,46.0942890625,64,🚀點火(2.6x) 🚬菸屁股,BUY_WATCH,6
ONDS,2027-01-15,22.0,0.8,1560,210,102.05127099609376,246,🚀點火(13.1x) 🚬菸屁股,BUY_WATCH,6
TDOC,2028-01-21,15.0,0.95,1005,207,72.07059179687501,617,🚀點火(207.0x) 🔭LEAPS,BUY_WATCH,6
SOFI,2028-01-21,35.0,2.01,11850,206,70.58134887695313,617,🚀點火(3.6x) 🔭LEAPS,BUY_WATCH,6
PATH,2027-01-15,35.0,0.15,1433,202,86.32826171875,246,🚀點火(11.9x) 🚬菸屁股,BUY_WATCH,6
TDOC,2026-07-17,7.0,0.61,9176,200,63.47692773437501,64,🚀點火(3.3x) 🚬菸屁股,BUY_WATCH,6
ONDS,2026-07-17,14.0,0.38,3973,193,102.34423828125001,64,🚀點火(4.5x) 🚬菸屁股,BUY_WATCH,6
JOBY,2026-08-21,14.0,0.97,1427,187,81.5431533203125,99,🚀點火(20.8x) 🚬菸屁股,BUY_WATCH,6
HOOD,2026-07-17,130.0,0.44,4176,186,70.21514160156251,64,🚀點火(3.0x) 🚬菸屁股,BUY_WATCH,6
ONDS,2026-09-18,20.0,0.39,4166,177,107.81296093750001,127,🚀點火(177.0x) 🚬菸屁股,BUY_WATCH,6
SOFI,2026-07-17,26.0,0.1,4012,176,72.26590234375,64,🚀點火(7.7x) 🚬菸屁股,BUY_WATCH,6
JOBY,2026-07-17,20.0,0.13,1441,173,79.687703125,64,🚀點火(57.7x) 🚬菸屁股,BUY_WATCH,6
SOFI,2026-08-21,28.0,0.2,1239,168,73.82838671875,99,🚀點火(18.7x) 🚬菸屁股,BUY_WATCH,6
SOFI,2026-08-21,30.0,0.15,5871,161,77.3439765625,99,🚀點火(8.5x) 🚬菸屁股,BUY_WATCH,6
SOFI,2026-10-16,35.0,0.2,2036,158,74.804939453125,155,🚀點火(13.2x) 🚬菸屁股,BUY_WATCH,6
SOFI,2026-10-16,25.0,0.58,2532,152,67.48079394531253,155,🚀點火(3.1x) 🚬菸屁股,BUY_WATCH,6
SOFI,2026-09-18,42.0,0.1,6066,147,85.35170898437501,127,🚀點火(5.7x) 🚬菸屁股,BUY_WATCH,6
SOFI,2026-09-18,27.0,0.35,13234,144,70.50810742187501,127,🚀點火(3.4x) 🚬菸屁股,BUY_WATCH,6
PATH,2028-01-21,35.0,0.7,975,144,77.929908203125,617,🚀點火(2.7x) 🔭LEAPS,BUY_WATCH,6
PATH,2026-09-18,14.0,0.63,3041,143,81.15253222656249,127,🚀點火(5.3x) 🚬菸屁股,BUY_WATCH,6
OPEN,2026-08-21,9.0,0.13,3374,143,99.804689453125,99,🚀點火(6.5x) 🚬菸屁股,BUY_WATCH,6
ACHR,2026-07-17,11.0,0.11,1218,140,82.81267187499999,64,🚀點火(5.4x) 🚬菸屁股,BUY_WATCH,6
JOBY,2028-01-21,12.0,4.47,4704,135,84.30191479492187,617,🚀點火(4.5x) 🔭LEAPS,BUY_WATCH,6
SOFI,2026-09-18,45.0,0.1,7169,133,86.32826171875,127,🚀點火(13.3x) 🚬菸屁股,BUY_WATCH,6
DKNG,2028-01-21,40.0,3.8,3062,131,58.19133605957032,617,🚀點火(5.7x) 🔭LEAPS,BUY_WATCH,6
SMR,2027-01-15,55.0,0.54,1823,118,120.60586572265623,246,🚀點火(9.1x) 🚬菸屁股,BUY_WATCH,6
IBIT,2026-08-21,65.0,0.34,12936,117,45.6060126953125,99,🚀點火(3.7x) 🚬菸屁股,BUY_WATCH,6
RIVN,2027-01-15,35.0,0.42,12137,109,76.75804492187501,246,🚀點火(27.2x) 🚬菸屁股,BUY_WATCH,6
IBIT,2027-01-15,85.0,0.63,18183,107,49.87843090820313,246,🚀點火(15.3x) 🚬菸屁股,BUY_WATCH,6
PLTR,2027-01-15,410.0,0.82,7960,107,66.4309997558594,246,🚀點火(35.7x) 🚬菸屁股,BUY_WATCH,6
JOBY,2027-01-15,30.0,0.46,7340,85,86.4259169921875,246,🚀點火(7.7x) 🚬菸屁股,BUY_WATCH,6
ACHR,2027-01-15,17.0,0.3,7651,80,89.64854101562499,246,🚀點火(4.2x) 🚬菸屁股,BUY_WATCH,6
SOFI,2026-08-21,32.0,0.14,7143,77,79.29708203125,99,🚀點火(7.0x) 🚬菸屁股,BUY_WATCH,6
IBIT,2026-09-18,100.0,0.09,11777,74,59.570716796875004,127,🚀點火(4.9x) 🚬菸屁股,BUY_WATCH,6
JOBY,2028-01-21,30.0,1.83,2542,71,86.01088208007812,617,🚀點火(17.8x) 🔭LEAPS,BUY_WATCH,6
U,2027-01-15,60.0,0.9,1760,70,71.9729365234375,246,🚀點火(3.2x) 🚬菸屁股,BUY_WATCH,6
SOFI,2026-08-21,24.0,0.34,2329,69,68.65265722656251,99,🚀點火(2.8x) 🚬菸屁股,BUY_WATCH,6
ACHR,2026-10-16,11.0,0.43,3726,69,83.39860351562498,155,🚀點火(3.1x) 🚬菸屁股,BUY_WATCH,6
NFLX,2028-01-21,200.0,1.65,5553,62,40.686628295898444,617,🚀點火(4.4x) 🔭LEAPS,BUY_WATCH,6
NVDA,2028-01-21,310.0,32.7,6682,61,48.88204194641114,617,🚀點火(4.4x) 🔭LEAPS,BUY_WATCH,6
IBIT,2028-06-16,40.0,17.5,6179,55,62.27454718017577,764,🚀點火(3.1x) 🔭LEAPS,BUY_WATCH,6
JOBY,2028-01-21,5.0,7.4,2249,54,85.6446748046875,617,🚀點火(6.0x) 🔭LEAPS,BUY_WATCH,6
DKNG,2026-07-17,32.5,0.29,1226,53,50.6840869140625,64,🚀點火(7.6x) 🚬菸屁股,BUY_WATCH,6
ACHR,2028-01-21,22.0,0.9,1127,51,87.2071591796875,617,🚀點火(5.1x) 🔭LEAPS,BUY_WATCH,6
SOFI,2026-08-21,31.0,0.15,959,50,77.148666015625,99,🚀點火(50.0x) 🚬菸屁股,BUY_WATCH,6
PATH,2026-08-21,17.0,0.23,2316,48,81.83611914062499,99,🚀點火(6.9x) 🚬菸屁股,BUY_WATCH,6
XYZ,2026-09-18,115.0,0.53,989,44,51.562984375,127,🚀點火(44.0x) 🚬菸屁股,BUY_WATCH,6
NFLX,2028-01-21,110.0,11.8,5605,42,44.44940805053711,617,🚀點火(8.4x) 🔭LEAPS,BUY_WATCH,6
HOOD,2028-01-21,200.0,7.0,4127,41,68.75641595458985,617,🚀點火(4.6x) 🔭LEAPS,BUY_WATCH,6
IBIT,2028-06-16,50.0,13.5,8059,39,59.277750976562515,764,🚀點火(3.9x) 🔭LEAPS,BUY_WATCH,6
XYZ,2027-01-15,145.0,0.75,23605,38,50.48877636718749,246,🚀點火(38.0x) 🚬菸屁股,BUY_WATCH,6
ONDS,2028-01-21,25.0,1.88,1527,37,94.18951123046875,617,🚀點火(18.5x) 🔭LEAPS,BUY_WATCH,6
TDOC,2028-01-21,10.0,1.65,899,35,72.9494892578125,617,🚀點火(7.0x) 🔭LEAPS,BUY_WATCH,6
SOFI,2026-07-17,40.0,0.04,1956,34,95.312546875,64,🚀點火(4.2x) 🚬菸屁股,BUY_WATCH,6
SMR,2027-01-15,65.0,0.46,831,34,116.2113564453125,246,🚀點火(17.0x) 🚬菸屁股,BUY_WATCH,6
UPST,2028-01-21,35.0,9.5,901,32,89.64854101562499,617,🚀點火(10.7x) 🔭LEAPS,BUY_WATCH,6
SMR,2028-01-21,25.0,4.05,1059,32,109.08248583984377,617,🚀點火(2.7x) 🔭LEAPS,BUY_WATCH,6
SOFI,2028-01-21,8.0,9.21,1396,31,78.17404638671876,617,🚀點火(15.5x) 🔭LEAPS,BUY_WATCH,6
DKNG,2028-01-21,30.0,6.3,3277,31,53.088848022460944,617,🚀點火(3.9x) 🔭LEAPS,BUY_WATCH,6
JOBY,2028-01-21,17.0,3.29,2071,29,82.42205078125,617,🚀點火(29.0x) 🔭LEAPS,BUY_WATCH,6
SOFI,2028-01-21,42.0,1.53,8754,28,70.36162451171876,617,🚀點火(5.6x) 🔭LEAPS,BUY_WATCH,6
DKNG,2026-08-21,35.0,0.48,1777,28,53.56491748046876,99,🚀點火(2.5x) 🚬菸屁股,BUY_WATCH,6
HOOD,2027-01-15,290.0,0.43,3383,24,76.367423828125,246,🚀點火(6.0x) 🚬菸屁股,BUY_WATCH,6
ACHR,2027-01-15,27.0,0.11,5405,24,93.7500625,246,🚀點火(4.0x) 🚬菸屁股,BUY_WATCH,6
UPST,2028-01-21,105.0,2.85,928,23,87.13391772460936,617,🚀點火(23.0x) 🔭LEAPS,BUY_WATCH,6
IBIT,2028-01-21,80.0,4.55,5720,21,52.686020019531256,617,🚀點火(4.2x) 🔭LEAPS,BUY_WATCH,6
NOW,2028-01-21,186.0,8.8,5410,21,59.77823425292969,617,🚀點火(21.0x) 🔭LEAPS,BUY_WATCH,6
UPST,2028-01-21,40.0,8.35,2802,18,89.23350610351561,617,🚀點火(18.0x) 🔭LEAPS,BUY_WATCH,6
UPST,2028-01-21,50.0,6.7,2227,18,86.15736499023438,617,🚀點火(2.6x) 🔭LEAPS,BUY_WATCH,6
HIMS,2028-01-21,45.0,7.2,1122,15,92.90778576660156,617,🚀點火(15.0x) 🔭LEAPS,BUY_WATCH,6
JOBY,2027-01-15,40.0,0.25,3676,13,90.3321279296875,246,🚀點火(6.5x) 🚬菸屁股,BUY_WATCH,6
SOFI,2026-09-18,26.0,0.39,1135,11,69.5315546875,127,🚀點火(5.5x) 🚬菸屁股,BUY_WATCH,6
SOFI,2026-09-18,37.0,0.1,7313,11,80.27363476562499,127,🚀點火(5.5x) 🚬菸屁股,BUY_WATCH,6
PATH,2027-01-15,32.0,0.19,1289,10,85.937640625,246,🚀點火(5.0x) 🚬菸屁股,BUY_WATCH,6
HOOD,2028-01-21,250.0,4.65,2455,9,67.59675958251954,617,🚀點火(9.0x) 🔭LEAPS,BUY_WATCH,6
NTLA,2026-07-17,20.0,0.5,1270,9,79.49239257812499,64,🚀點火(4.5x) 🚬菸屁股,BUY_WATCH,6
JOBY,2027-01-15,32.0,0.42,1182,6,88.08605664062499,246,🚀點火(6.0x) 🚬菸屁股,BUY_WATCH,6
PATH,2027-01-15,27.0,0.3,5082,5,80.5666005859375,246,🚀點火(5.0x) 🚬菸屁股,BUY_WATCH,6
TDOC,2028-01-21,3.0,3.61,2478,5,107.32468212890626,617,🚀點火(5.0x) 🔭LEAPS,BUY_WATCH,6
NVDA,2026-05-15,230.0,1.93,72387,198741,44.727115234375,1,🎲末日結算 🚨異常掃貨 🔥萬人塚,GAMBLE,5
TSLA,2026-05-15,450.0,5.82,32058,113261,49.377947631835944,1,🎲末日結算 🚨異常掃貨 🔥萬人塚,GAMBLE,5
SHOP,2026-09-18,160.0,1.53,95741,93226,60.96230444335939,127,🚀點火(249.9x) 🔥萬人塚,HOLD,5
NVDA,2026-09-18,240.0,19.33,37396,11410,47.180703979492186,127,🚀點火(6.4x) 🔥萬人塚,HOLD,5
NVDA,2026-07-17,250.0,8.7,30051,7338,45.74028869628906,64,🆕新倉暴量 🔥萬人塚,HOLD,5
NVDA,2027-01-15,300.0,12.87,63792,4390,46.41166870117188,246,🚀點火(3.1x) 🔥萬人塚,HOLD,5
ONDS,2027-01-15,15.0,1.56,43943,3491,104.0043862304688,246,🚀點火(6.4x) 🔥萬人塚,HOLD,5
SHOP,2026-09-18,100.0,12.35,45682,1741,63.53796228027344,127,🚀點火(16.9x) 🔥萬人塚,HOLD,5
IBIT,2026-08-21,55.0,1.12,35704,619,42.8716650390625,99,🚀點火(3.5x) 🔥萬人塚,HOLD,5
IBIT,2026-09-18,45.0,4.95,31927,295,46.36284106445313,127,🚀點火(3.0x) 🔥萬人塚,HOLD,5
RIVN,2027-01-15,22.0,1.28,32014,130,69.5315546875,246,🚀點火(2.8x) 🔥萬人塚,HOLD,5
NFLX,2026-05-15,88.0,0.77,11528,30004,31.00654931640625,1,🎲末日結算 🚨異常掃貨 🚬菸屁股,GAMBLE,4
INTC,2026-05-15,130.0,0.85,18240,27096,87.500125,1,🎲末日結算 🚨異常掃貨 🚬菸屁股,GAMBLE,4
AAPL,2026-05-15,310.0,0.23,20208,23935,28.27220166015625,1,🎲末日結算 🚀點火(3.1x) 🚬菸屁股,GAMBLE,4
IREN,2026-05-15,60.0,0.63,25147,23777,107.61764941406251,1,🎲末日結算 🆕新倉暴量 🚬菸屁股,GAMBLE,4
AMD,2026-05-15,500.0,0.86,9254,23531,80.07832421875,1,🎲末日結算 🚨異常掃貨 🚬菸屁股,GAMBLE,4
NFLX,2026-05-15,89.0,0.47,12825,23475,32.031929687499996,1,🎲末日結算 🚨異常掃貨 🚬菸屁股,GAMBLE,4
PLTR,2026-05-15,140.0,0.27,21408,22627,58.8871298828125,1,🎲末日結算 🆕新倉暴量 🚬菸屁股,GAMBLE,4
PLUG,2026-05-15,3.5,0.49,29766,22489,118.75040625,1,🎲末日結算 🆕新倉暴量 🚬菸屁股,GAMBLE,4
TSLA,2026-05-15,500.0,0.18,16967,20079,61.71913281250001,1,🎲末日結算 🆕新倉暴量 🚬菸屁股,GAMBLE,4
RIVN,2026-05-15,15.0,0.1,18015,18668,68.7503125,1,🎲末日結算 🚀點火(2.8x) 🚬菸屁股,GAMBLE,4
PLUG,2026-05-15,4.5,0.04,15799,16049,129.6878515625,1,🎲末日結算 🆕新倉暴量 🚬菸屁股,GAMBLE,4
NVDA,2026-05-15,245.0,0.23,12582,13473,53.80905566406251,1,🎲末日結算 🆕新倉暴量 🚬菸屁股,GAMBLE,4
TSLA,2026-05-15,480.0,0.74,10268,13160,56.250437500000004,1,🎲末日結算 🚨異常掃貨 🚬菸屁股,GAMBLE,4
RIVN,2026-05-15,14.5,0.23,8037,12942,64.062859375,1,🎲末日結算 🚨異常掃貨 🚬菸屁股,GAMBLE,4
IBIT,2026-05-15,46.5,0.13,18374,11472,34.76627734375,1,🎲末日結算 🆕新倉暴量 🚬菸屁股,GAMBLE,4
PLTR,2026-05-15,138.0,0.4,6748,10336,55.273884765625006,1,🎲末日結算 🚨異常掃貨 🚬菸屁股,GAMBLE,4
INTC,2026-05-15,135.0,0.39,17130,10217,92.57819921875,1,🎲末日結算 🆕新倉暴量 🚬菸屁股,GAMBLE,4
PLTR,2026-05-15,143.0,0.17,13151,9713,64.8441015625,1,🎲末日結算 🆕新倉暴量 🚬菸屁股,GAMBLE,4
PLTR,2026-05-15,145.0,0.14,17218,9605,69.14093359375,1,🎲末日結算 🆕新倉暴量 🚬菸屁股,GAMBLE,4
TSLA,2026-05-15,490.0,0.36,11923,8089,58.6918193359375,1,🎲末日結算 🆕新倉暴量 🚬菸屁股,GAMBLE,4
ACHR,2026-05-15,6.5,0.19,11146,7922,71.87528125,1,🎲末日結算 🆕新倉暴量 🚬菸屁股,GAMBLE,4
ACHR,2026-05-15,7.0,0.05,23063,7587,81.2501875,1,🎲末日結算 🆕新倉暴量 🚬菸屁股,GAMBLE,4
PYPL,2026-05-15,47.5,0.08,10998,7477,41.602146484375,1,🎲末日結算 🆕新倉暴量 🚬菸屁股,GAMBLE,4
JOBY,2026-05-15,11.0,0.38,6254,6913,87.500125,1,🎲末日結算 🆕新倉暴量 🚬菸屁股,GAMBLE,4
SMCI,2026-05-15,35.0,0.12,26441,6820,82.42205078125,1,🎲末日結算 🆕新倉暴量 🚬菸屁股,GAMBLE,4
INTC,2026-05-15,138.0,0.28,8054,6670,95.70316796875,1,🎲末日結算 🆕新倉暴量 🚬菸屁股,GAMBLE,4
INTC,2026-05-15,140.0,0.22,19697,6560,98.82813671875,1,🎲末日結算 🆕新倉暴量 🚬菸屁股,GAMBLE,4
PLTR,2026-05-15,160.0,0.03,17574,6215,95.312546875,1,🎲末日結算 🆕新倉暴量 🚬菸屁股,GAMBLE,4
MSTR,2026-05-15,195.0,0.57,25045,5623,75.87914746093752,1,🎲末日結算 🆕新倉暴量 🚬菸屁股,GAMBLE,4
INTC,2026-05-15,150.0,0.09,15035,5605,112.5004375,1,🎲末日結算 🆕新倉暴量 🚬菸屁股,GAMBLE,4
HOOD,2026-05-15,80.0,0.64,12449,5589,63.1839619140625,1,🎲末日結算 🆕新倉暴量 🚬菸屁股,GAMBLE,4
RIVN,2026-05-15,14.0,0.47,5655,5483,62.109753906250006,1,🎲末日結算 🆕新倉暴量 🚬菸屁股,GAMBLE,4
NOW,2026-05-15,90.0,0.64,5477,5162,53.4184345703125,1,🎲末日結算 🆕新倉暴量 🚬菸屁股,GAMBLE,4
PLTR,2026-05-15,142.0,0.22,13823,5117,62.500375000000005,1,🎲末日結算 🆕新倉暴量 🚬菸屁股,GAMBLE,4
MSFT,2026-05-15,440.0,0.06,13617,4608,40.820904296875,1,🎲末日結算 🆕新倉暴量 🚬菸屁股,GAMBLE,4
ASTS,2026-05-15,100.0,0.04,16497,4475,139.06280468749998,1,🎲末日結算 🆕新倉暴量 🚬菸屁股,GAMBLE,4
AAPL,2026-05-15,315.0,0.09,11122,4437,30.274134765625,1,🎲末日結算 🆕新倉暴量 🚬菸屁股,GAMBLE,4
PYPL,2026-05-15,46.0,0.27,3801,4435,36.2311064453125,1,🎲末日結算 🆕新倉暴量 🚬菸屁股,GAMBLE,4
LUNR,2026-05-15,40.0,0.97,1491,4428,186.1328818359375,1,🎲末日結算 🚨異常掃貨 🚀點火(6.1x) ⚠️IV頂峰 🚬菸屁股,GAMBLE,4
ASTS,2026-05-15,95.0,0.07,5069,4227,131.64096679687498,1,🎲末日結算 🆕新倉暴量 🚬菸屁股,GAMBLE,4
MSFT,2026-05-15,425.0,0.24,10368,4204,32.17841259765625,1,🎲末日結算 🆕新倉暴量 🚬菸屁股,GAMBLE,4
QCOM,2026-05-15,250.0,0.61,11248,4175,112.01215869140624,1,🎲末日結算 🆕新倉暴量 🚬菸屁股,GAMBLE,4
HOOD,2026-05-15,81.0,0.45,6109,4101,64.25816992187501,1,🎲末日結算 🆕新倉暴量 🚬菸屁股,GAMBLE,4
MSTR,2026-05-15,192.5,0.71,17136,4024,72.55886816406249,1,🎲末日結算 🆕新倉暴量 🚬菸屁股,GAMBLE,4
PYPL,2026-05-15,45.0,0.67,4318,3986,36.03579589843749,1,🎲末日結算 🆕新倉暴量 🚬菸屁股,GAMBLE,4
NOW,2026-05-15,95.0,0.15,11808,3864,61.328511718750015,1,🎲末日結算 🆕新倉暴量 🚬菸屁股,GAMBLE,4
GOOG,2026-05-15,410.0,0.86,8020,3789,29.517306396484372,1,🎲末日結算 🆕新倉暴量 🚬菸屁股,GAMBLE,4
ASTS,2026-05-15,85.0,0.26,9112,3783,100.39112304687498,1,🎲末日結算 🆕新倉暴量 🚬菸屁股,GAMBLE,4
NBIS,2026-05-15,270.0,0.08,2363,3779,122.266013671875,1,🎲末日結算 🚨異常掃貨 🚬菸屁股,GAMBLE,4
BA,2026-05-15,260.0,0.27,7213,3745,54.00436621093752,1,🎲末日結算 🆕新倉暴量 🚬菸屁股,GAMBLE,4
NVDA,2026-05-15,290.0,0.02,5668,3622,96.87503124999999,1,🎲末日結算 🆕新倉暴量 🚬菸屁股,GAMBLE,4
RIVN,2026-05-15,16.0,0.03,16883,3603,84.37515624999999,1,🎲末日結算 🆕新倉暴量 🚬菸屁股,GAMBLE,4
NVDA,2026-05-15,260.0,0.06,17233,3549,67.57844921875001,1,🎲末日結算 🆕新倉暴量 🚬菸屁股,GAMBLE,4
MARA,2026-05-15,12.5,0.48,8576,3155,78.12521875,1,🎲末日結算 🆕新倉暴量 🚬菸屁股,GAMBLE,4
MU,2026-05-15,1100.0,0.29,3564,3150,141.60185449218753,1,🎲末日結算 🆕新倉暴量 🚬菸屁股,GAMBLE,4
PATH,2026-05-15,10.5,0.01,2471,3047,71.87528125,1,🎲末日結算 🚨異常掃貨 🚬菸屁股,GAMBLE,4
QCOM,2026-05-15,240.0,0.97,5910,3037,102.88134497070315,1,🎲末日結算 🆕新倉暴量 🚬菸屁股,GAMBLE,4
NVDA,2026-05-15,280.0,0.02,9883,3031,84.37515624999999,1,🎲末日結算 🆕新倉暴量 🚬菸屁股,GAMBLE,4
BA,2026-05-15,255.0,0.51,6131,3000,49.219257812500004,1,🎲末日結算 🆕新倉暴量 🚬菸屁股,GAMBLE,4
OKLO,2026-05-15,85.0,0.12,6591,2993,124.21912890624998,1,🎲末日結算 🆕新倉暴量 🚬菸屁股,GAMBLE,4
HIMS,2026-05-15,29.5,0.02,4300,2982,112.5004375,1,🎲末日結算 🆕新倉暴量 🚬菸屁股,GAMBLE,4
PLTR,2026-05-15,146.0,0.12,6544,2974,70.70341796875,1,🎲末日結算 🆕新倉暴量 🚬菸屁股,GAMBLE,4
PATH,2026-05-15,11.0,0.01,7234,2875,81.2501875,1,🎲末日結算 🆕新倉暴量 🚬菸屁股,GAMBLE,4
HOOD,2026-05-15,85.0,0.13,12785,2849,72.26590234375,1,🎲末日結算 🆕新倉暴量 🚬菸屁股,GAMBLE,4
SMR,2026-05-15,13.0,0.13,11467,2768,107.03171484375002,1,🎲末日結算 🆕新倉暴量 🚬菸屁股,GAMBLE,4
IONQ,2026-05-15,60.0,0.49,8664,2727,98.04689453125,1,🎲末日結算 🆕新倉暴量 🚬菸屁股,GAMBLE,4
ASTS,2026-05-15,84.0,0.33,1599,2705,98.63282617187501,1,🎲末日結算 🚨異常掃貨 🚬菸屁股,GAMBLE,4
SMR,2026-05-15,12.5,0.21,2440,2658,99.2187578125,1,🎲末日結算 🆕新倉暴量 🚬菸屁股,GAMBLE,4
IREN,2026-05-15,63.0,0.33,1812,2467,113.28168359375002,1,🎲末日結算 🚨異常掃貨 🚬菸屁股,GAMBLE,4
PATH,2026-05-15,10.0,0.07,5926,2441,67.18782812500001,1,🎲末日結算 🆕新倉暴量 🚬菸屁股,GAMBLE,4
OPEN,2026-05-15,4.5,0.17,2533,2339,82.81267187499999,1,🎲末日結算 🆕新倉暴量 🚬菸屁股,GAMBLE,4
ACHR,2026-05-15,7.5,0.01,11029,2285,96.87503124999999,1,🎲末日結算 🆕新倉暴量 🚬菸屁股,GAMBLE,4
PYPL,2026-05-15,49.5,0.03,2578,2274,52.3442265625,1,🎲末日結算 🆕新倉暴量 🚬菸屁股,GAMBLE,4
DKNG,2026-05-15,25.0,0.57,9619,2036,59.18009570312501,1,🎲末日結算 🆕新倉暴量 🚬菸屁股,GAMBLE,4
QCOM,2026-05-15,270.0,0.27,8003,2011,133.59408203124997,1,🎲末日結算 🆕新倉暴量 🚬菸屁股,GAMBLE,4
MU,2026-05-15,1150.0,0.15,1031,1979,154.49241503906248,1,🎲末日結算 🚨異常掃貨 🆕新倉暴量 ⚠️IV頂峰 🚬菸屁股,GAMBLE,4
HIMS,2026-05-15,25.5,0.24,2141,1952,81.64080859375,1,🎲末日結算 🆕新倉暴量 🚬菸屁股,GAMBLE,4
TSCO,2026-05-15,31.0,0.13,2854,1917,55.469195312500005,1,🎲末日結算 🆕新倉暴量 🚬菸屁股,GAMBLE,4
QBTS,2026-05-15,22.0,0.52,2338,1875,97.6562734375,1,🎲末日結算 🆕新倉暴量 🚬菸屁股,GAMBLE,4
NOW,2026-05-15,91.0,0.5,2804,1776,54.78560839843751,1,🎲末日結算 🆕新倉暴量 🚬菸屁股,GAMBLE,4
IREN,2026-05-15,62.0,0.36,4178,1753,112.109814453125,1,🎲末日結算 🆕新倉暴量 🚬菸屁股,GAMBLE,4
OKLO,2026-05-15,90.0,0.05,4471,1733,138.28155859374996,1,🎲末日結算 🆕新倉暴量 🚬菸屁股,GAMBLE,4
SMCI,2026-05-15,36.5,0.05,7022,1713,87.500125,1,🎲末日結算 🆕新倉暴量 🚬菸屁股,GAMBLE,4
NFLX,2026-05-15,102.0,0.02,4924,1707,69.5315546875,1,🎲末日結算 🆕新倉暴量 🚬菸屁股,GAMBLE,4
QCOM,2026-05-15,280.0,0.2,4315,1674,140.625296875,1,🎲末日結算 🆕新倉暴量 🚬菸屁股,GAMBLE,4
PYPL,2026-05-15,47.0,0.11,4798,1613,39.45373046875,1,🎲末日結算 🆕新倉暴量 🚬菸屁股,GAMBLE,4
MU,2026-05-15,1050.0,0.55,1572,1591,132.12924560546875,1,🎲末日結算 🆕新倉暴量 🚬菸屁股,GAMBLE,4
QBTS,2026-05-15,24.0,0.1,4749,1552,101.172369140625,1,🎲末日結算 🆕新倉暴量 🚬菸屁股,GAMBLE,4
AMZN,2026-05-15,282.5,0.2,4115,1440,31.934274414062493,1,🎲末日結算 🆕新倉暴量 🚬菸屁股,GAMBLE,4
CLSK,2026-05-15,14.0,0.18,5798,1436,87.500125,1,🎲末日結算 🆕新倉暴量 🚬菸屁股,GAMBLE,4
IREN,2026-05-15,59.0,0.78,1798,1371,105.37156689453124,1,🎲末日結算 🆕新倉暴量 🚬菸屁股,GAMBLE,4
OKLO,2026-05-15,77.0,0.43,1905,1356,99.60937890625,1,🎲末日結算 🆕新倉暴量 🚬菸屁股,GAMBLE,4
SMR,2026-05-15,14.0,0.04,5211,1355,121.875390625,1,🎲末日結算 🆕新倉暴量 🚬菸屁股,GAMBLE,4
NVTS,2026-05-15,22.0,0.79,1112,1337,153.90648046875,1,🎲末日結算 🚨異常掃貨 🆕新倉暴量 ⚠️IV頂峰 🚬菸屁股,GAMBLE,4
NOW,2026-05-15,93.0,0.23,1948,1298,57.22699023437501,1,🎲末日結算 🆕新倉暴量 🚬菸屁股,GAMBLE,4
IBM,2026-05-15,225.0,0.22,1439,1294,35.69400244140625,1,🎲末日結算 🆕新倉暴量 🚬菸屁股,GAMBLE,4
EBAY,2026-05-15,115.0,0.8,2220,1264,42.139250488281256,1,🎲末日結算 🆕新倉暴量 🚬菸屁股,GAMBLE,4
F,2026-05-15,17.0,0.01,1776,1219,106.25046875000001,1,🎲末日結算 🆕新倉暴量 🚬菸屁股,GAMBLE,4
XYZ,2026-05-15,76.0,0.01,1892,1217,51.562984375,1,🎲末日結算 🆕新倉暴量 🚬菸屁股,GAMBLE,4
HIMS,2026-05-15,32.0,0.01,4844,1150,131.25034374999998,1,🎲末日結算 🆕新倉暴量 🚬菸屁股,GAMBLE,4
OKLO,2026-05-15,95.0,0.04,4994,1143,148.4377578125,1,🎲末日結算 🆕新倉暴量 🚬菸屁股,GAMBLE,4
XYZ,2026-05-15,78.0,0.02,1407,1141,65.23472265625001,1,🎲末日結算 🆕新倉暴量 🚬菸屁股,GAMBLE,4
SMR,2026-05-15,14.5,0.03,4658,1073,131.25034374999998,1,🎲末日結算 🆕新倉暴量 🚬菸屁股,GAMBLE,4
HOOD,2026-05-15,87.0,0.11,3446,1064,82.0314296875,1,🎲末日結算 🆕新倉暴量 🚬菸屁股,GAMBLE,4
QCOM,2026-05-15,245.0,0.69,1595,1049,107.61764941406251,1,🎲末日結算 🆕新倉暴量 🚬菸屁股,GAMBLE,4
NOW,2026-05-15,92.0,0.32,2705,1015,54.98091894531252,1,🎲末日結算 🆕新倉暴量 🚬菸屁股,GAMBLE,4
NOW,2026-05-15,94.0,0.15,2920,1015,59.96133789062501,1,🎲末日結算 🆕新倉暴量 🚬菸屁股,GAMBLE,4
IREN,2026-05-15,66.0,0.15,2334,995,119.922275390625,1,🎲末日結算 🆕新倉暴量 🚬菸屁股,GAMBLE,4
XYZ,2026-05-15,79.0,0.02,1273,983,67.18782812500001,1,🎲末日結算 🆕新倉暴量 🚬菸屁股,GAMBLE,4
QBTS,2026-05-15,22.5,0.35,1779,978,97.26565234374999,1,🎲末日結算 🆕新倉暴量 🚬菸屁股,GAMBLE,4
BA,2026-05-15,252.5,0.66,1244,937,47.7544287109375,1,🎲末日結算 🆕新倉暴量 🚬菸屁股,GAMBLE,4
CRWV,2026-05-15,126.0,0.27,1227,903,90.3321279296875,1,🎲末日結算 🆕新倉暴量 🚬菸屁股,GAMBLE,4
QCOM,2026-05-15,260.0,0.4,1450,882,121.68007910156248,1,🎲末日結算 🆕新倉暴量 🚬菸屁股,GAMBLE,4
QBTS,2026-05-15,21.0,0.93,1367,860,93.7500625,1,🎲末日結算 🆕新倉暴量 🚬菸屁股,GAMBLE,4
AMZN,2026-05-15,380.0,0.01,1240,854,126.56286718749999,1,🎲末日結算 🆕新倉暴量 🚬菸屁股,GAMBLE,4
F,2026-05-15,16.0,0.02,2155,812,101.5629921875,1,🎲末日結算 🆕新倉暴量 🚬菸屁股,GAMBLE,4
VST,2026-05-15,160.0,0.04,3120,771,57.812921875,1,🎲末日結算 🆕新倉暴量 🚬菸屁股,GAMBLE,4
EBAY,2026-05-15,120.0,0.06,2727,763,40.430283203125,1,🎲末日結算 🆕新倉暴量 🚬菸屁股,GAMBLE,4
MS,2026-05-15,200.0,0.39,3462,744,33.301448242187504,1,🎲末日結算 🆕新倉暴量 🚬菸屁股,GAMBLE,4
NBIS,2026-05-15,260.0,0.12,1165,737,116.60197949218751,1,🎲末日結算 🆕新倉暴量 🚬菸屁股,GAMBLE,4
OKLO,2026-05-15,82.0,0.17,2198,709,111.328568359375,1,🎲末日結算 🆕新倉暴量 🚬菸屁股,GAMBLE,4
BA,2026-05-15,270.0,0.1,2943,677,64.062859375,1,🎲末日結算 🆕新倉暴量 🚬菸屁股,GAMBLE,4
EBAY,2026-05-15,118.0,0.2,823,674,40.5279384765625,1,🎲末日結算 🆕新倉暴量 🚬菸屁股,GAMBLE,4
JOBY,2026-05-15,13.0,0.03,1687,664,109.375453125,1,🎲末日結算 🆕新倉暴量 🚬菸屁股,GAMBLE,4
IREN,2026-05-15,67.0,0.13,1904,620,121.48476757812499,1,🎲末日結算 🆕新倉暴量 🚬菸屁股,GAMBLE,4
NOW,2026-05-15,101.0,0.05,2007,611,79.687703125,1,🎲末日結算 🆕新倉暴量 🚬菸屁股,GAMBLE,4
CLSK,2026-05-15,13.5,0.29,2141,607,88.2813671875,1,🎲末日結算 🆕新倉暴量 🚬菸屁股,GAMBLE,4
DDD,2026-05-15,3.5,0.07,1398,592,128.125359375,1,🎲末日結算 🆕新倉暴量 🚬菸屁股,GAMBLE,4
UPST,2026-05-15,30.0,0.06,2458,582,78.12521875,1,🎲末日結算 🆕新倉暴量 🚬菸屁股,GAMBLE,4
FLNC,2026-05-15,23.0,0.55,2230,518,127.34411328124997,1,🎲末日結算 🆕新倉暴量 🚬菸屁股,GAMBLE,4
CLSK,2026-05-15,16.5,0.01,1301,515,103.12548437500001,1,🎲末日結算 🆕新倉暴量 🚬菸屁股,GAMBLE,4
NOW,2026-05-15,97.0,0.1,2000,513,69.336244140625,1,🎲末日結算 🆕新倉暴量 🚬菸屁股,GAMBLE,4
QCOM,2026-05-15,275.0,0.25,927,496,134.76595117187497,1,🎲末日結算 🆕新倉暴量 🚬菸屁股,GAMBLE,4
QBTS,2026-05-15,21.5,0.76,1288,495,95.89847851562499,1,🎲末日結算 🆕新倉暴量 🚬菸屁股,GAMBLE,4
JPM,2026-05-15,307.5,0.5,1138,482,25.80640600585938,1,🎲末日結算 🆕新倉暴量 🚬菸屁股,GAMBLE,4
FLNC,2026-05-15,26.0,0.15,1833,469,141.40654296875002,1,🎲末日結算 🆕新倉暴量 🚬菸屁股,GAMBLE,4
MU,2026-05-15,1090.0,0.35,773,437,142.48075634765624,1,🎲末日結算 🆕新倉暴量 🚬菸屁股,GAMBLE,4
TSLA,2026-05-15,440.0,10.75,18049,73357,49.26808544921876,1,🎲末日結算 🚨異常掃貨,GAMBLE,3
TSLA,2026-05-15,445.0,7.9,8531,46942,48.85305053710938,1,🎲末日結算 🚨異常掃貨,GAMBLE,3
TSLA,2026-05-15,470.0,1.5,12401,39686,53.906710937500016,1,🎲末日結算 🚨異常掃貨,GAMBLE,3
TSLA,2026-05-15,430.0,17.72,15257,38934,49.70753417968751,1,🎲末日結算 🚨異常掃貨,GAMBLE,3
NVDA,2026-05-15,222.5,5.5,14796,34004,44.97125341796875,1,🎲末日結算 🚨異常掃貨,GAMBLE,3
AMZN,2026-05-15,270.0,2.82,24236,33894,29.529513305664057,1,🎲末日結算 🚨異常掃貨,GAMBLE,3
TSLA,2026-05-15,435.0,14.04,13070,31486,49.46339599609375,1,🎲末日結算 🚨異常掃貨,GAMBLE,3
TSLA,2026-05-15,425.0,21.74,8516,22358,50.513190185546875,1,🎲末日結算 🚨異常掃貨,GAMBLE,3
INTC,2026-05-15,125.0,1.82,9980,22353,83.64274169921873,1,🎲末日結算 🚨異常掃貨,GAMBLE,3
NVDA,2026-05-15,217.5,9.35,70813,19327,48.633326171875005,1,🎲末日結算 🆕新倉暴量 🔥萬人塚,HOLD,3
NVDA,2026-05-15,215.0,11.65,50179,18220,51.41650146484375,1,🎲末日結算 🆕新倉暴量 🔥萬人塚,HOLD,3
TSLA,2026-05-15,432.5,15.75,9093,17933,50.36670727539063,1,🎲末日結算 🚨異常掃貨,GAMBLE,3
AAPL,2026-07-17,300.0,12.5,24253,16311,26.20618228149414,64,🆕新倉暴量,HOLD,3
NVDA,2026-07-17,240.0,11.75,21114,11776,45.91728887939453,64,🆕新倉暴量,HOLD,3
F,2026-09-18,14.0,1.07,12498,11697,40.28380029296875,127,🆕新倉暴量,HOLD,3
NVDA,2026-09-18,270.0,10.5,11412,10658,46.56425506591797,127,🆕新倉暴量,HOLD,3
INTC,2026-05-15,121.0,3.3,6174,10003,82.95915478515624,1,🎲末日結算 🚨異常掃貨,GAMBLE,3
AAPL,2026-07-17,310.0,8.2,27443,9660,25.31507791137696,64,🆕新倉暴量,HOLD,3
JOBY,2026-07-17,11.0,1.51,10858,9118,79.49239257812499,64,🆕新倉暴量,HOLD,3
AAPL,2026-05-15,290.0,9.6,30119,8420,34.61979443359374,1,🎲末日結算 🆕新倉暴量 🔥萬人塚,HOLD,3
NFLX,2026-05-15,87.0,1.27,5898,8345,31.543653320312494,1,🎲末日結算 🚨異常掃貨,GAMBLE,3
MARA,2027-01-15,20.0,1.77,19474,8231,86.4259169921875,246,🆕新倉暴量,HOLD,3
NBIS,2026-05-15,225.0,2.1,5476,7680,102.83251708984378,1,🎲末日結算 🚨異常掃貨,GAMBLE,3
RKLB,2026-05-15,125.0,3.75,3076,7472,89.59971337890623,1,🎲末日結算 🚨異常掃貨,GAMBLE,3
MSFT,2026-07-17,450.0,6.0,14160,6524,29.621065124511713,64,🆕新倉暴量,HOLD,3
AAPL,2026-09-18,300.0,20.0,23485,6523,29.47458221435546,127,🆕新倉暴量,HOLD,3
NVDA,2026-07-17,230.0,15.75,25033,5908,46.259082336425784,64,🆕新倉暴量,HOLD,3
NVDA,2026-08-21,250.0,12.6,16752,5791,45.868461242675785,99,🆕新倉暴量,HOLD,3
TSLA,2026-07-17,520.0,14.31,5526,5674,50.79394909667969,64,🆕新倉暴量,HOLD,3
AAPL,2026-07-17,315.0,6.33,5795,5538,24.98854309082031,64,🆕新倉暴量,HOLD,3
IBM,2026-08-21,260.0,4.45,6147,5310,39.148557739257804,99,🆕新倉暴量,HOLD,3
NVDA,2026-09-18,290.0,7.2,8676,5109,46.613082702636724,127,🆕新倉暴量,HOLD,3
VST,2026-09-18,210.0,3.0,7499,5065,53.71140039062501,127,🆕新倉暴量,HOLD,3
VST,2026-09-18,250.0,1.27,6618,5029,56.89740368652343,127,🆕新倉暴量,HOLD,3
TSLA,2026-08-21,600.0,11.4,15776,4937,54.61471166992189,99,🆕新倉暴量,HOLD,3
F,2026-09-18,13.0,1.57,10890,4881,40.86973193359375,127,🆕新倉暴量,HOLD,3
NVDA,2026-07-17,225.0,18.1,13801,4548,46.30790997314453,64,🆕新倉暴量,HOLD,3
AAPL,2026-07-17,305.0,10.21,16237,4468,25.757578369140628,64,🆕新倉暴量,HOLD,3
F,2027-01-15,19.85,0.34,53579,4456,41.01621484375,246,🚬菸屁股 🔥萬人塚,HOLD,3
LUNR,2026-05-15,35.0,2.71,2677,3968,168.5548447265625,1,🎲末日結算 🚨異常掃貨 🆕新倉暴量 ⚠️IV頂峰,GAMBLE,3
AMZN,2026-07-17,320.0,1.71,5792,3872,30.68306622314453,64,🆕新倉暴量,HOLD,3
JOBY,2026-07-17,12.0,1.1,7814,3620,78.0275634765625,64,🚀點火(37.7x),HOLD,3
NVDA,2026-07-17,300.0,1.91,15284,3558,47.76663562011719,64,🆕新倉暴量,HOLD,3
PLUG,2027-01-15,4.0,1.22,15691,3352,97.6562734375,246,🆕新倉暴量,HOLD,3
NVDA,2026-09-18,225.0,25.8,9883,3120,48.102325622558595,127,🆕新倉暴量,HOLD,3
AAPL,2026-09-18,310.0,14.84,10830,3102,27.832752929687498,127,🆕新倉暴量,HOLD,3
NVDA,2026-07-17,235.0,13.45,10282,3079,46.161427062988295,64,🆕新倉暴量,HOLD,3
RIVN,2026-09-18,18.0,1.1,16272,2777,66.99251757812502,127,🚀點火(4.8x),HOLD,3
ASTS,2026-05-15,78.0,1.24,1420,2759,91.01571484374999,1,🎲末日結算 🚨異常掃貨,GAMBLE,3
NVDA,2026-08-21,230.0,20.15,12278,2582,46.680220703125,99,🆕新倉暴量,HOLD,3
NVDA,2026-08-21,225.0,22.42,7541,2559,46.89994506835938,99,🆕新倉暴量,HOLD,3
VST,2026-07-17,165.0,4.7,5688,2417,50.2080174560547,64,🆕新倉暴量,HOLD,3
ONDS,2026-07-17,10.0,1.07,6843,2415,99.60937890625,64,🆕新倉暴量,HOLD,3
SMR,2026-07-17,15.0,1.14,3310,1937,103.71141894531253,64,🆕新倉暴量,HOLD,3
PLUG,2028-01-21,3.0,2.05,35678,1772,89.55088574218748,617,🔭LEAPS 🔥萬人塚,HOLD,3
FLNC,2026-08-21,30.0,2.8,4620,1734,113.11078601074217,99,🆕新倉暴量,HOLD,3
TGT,2026-10-16,145.0,3.14,3906,1614,37.34193518066406,155,🆕新倉暴量,HOLD,3
HIMS,2026-08-21,40.0,1.42,1548,1606,98.77930908203125,99,🚀點火(2.7x),HOLD,3
F,2027-01-15,13.0,1.98,3798,1602,39.551385742187506,246,🆕新倉暴量,HOLD,3
LUNR,2026-05-15,36.0,2.2,988,1572,172.265763671875,1,🎲末日結算 🚨異常掃貨 🆕新倉暴量 ⚠️IV頂峰,GAMBLE,3
PYPL,2028-01-21,70.0,3.25,53467,1571,40.86973193359375,617,🔭LEAPS 🔥萬人塚,HOLD,3
PYPL,2028-01-21,75.0,2.78,49631,1498,41.480077392578124,617,🔭LEAPS 🔥萬人塚,HOLD,3
OKLO,2026-07-17,150.0,1.21,1622,1475,115.91838916015624,64,🆕新倉暴量,HOLD,3
ACHR,2026-07-17,10.0,0.14,50973,1442,80.85956640625,64,🚬菸屁股 🔥萬人塚,HOLD,3
CLSK,2026-09-18,17.0,1.61,3093,1302,87.500125,127,🆕新倉暴量,HOLD,3
IREN,2026-07-17,75.0,4.3,2477,1281,108.1791700439453,64,🆕新倉暴量,HOLD,3
SOFI,2026-08-21,15.0,2.2,1482,1268,64.1605146484375,99,🆕新倉暴量,HOLD,3
TSCO,2026-10-16,35.0,1.88,1309,1160,50.26905200195313,155,🆕新倉暴量,HOLD,3
OPEN,2027-01-15,10.0,0.45,37011,1140,96.679720703125,246,🚬菸屁股 🔥萬人塚,HOLD,3
AEHR,2026-05-15,105.0,4.94,812,1132,155.0295217285156,1,🎲末日結算 🚨異常掃貨 🆕新倉暴量 ⚠️IV頂峰,GAMBLE,3
JOBY,2026-08-21,12.0,1.55,1954,1118,82.27556787109374,99,🆕新倉暴量,HOLD,3
PYPL,2026-09-18,55.0,1.34,4355,1116,39.57579956054688,127,🆕新倉暴量,HOLD,3
NOW,2026-07-17,95.0,5.3,3745,1032,56.531196411132825,64,🆕新倉暴量,HOLD,3
ACHR,2027-01-15,10.0,0.9,34530,937,84.66812207031249,246,🚬菸屁股 🔥萬人塚,HOLD,3
SOFI,2027-01-15,30.0,0.7,68820,871,69.336244140625,246,🚬菸屁股 🔥萬人塚,HOLD,3
ONDS,2026-07-17,9.0,1.44,2384,856,100.0005,64,🆕新倉暴量,HOLD,3
NFLX,2026-07-17,120.0,0.31,107193,814,43.457596679687505,64,🚬菸屁股 🔥萬人塚,HOLD,3
HIMS,2027-01-15,42.0,3.25,2334,713,92.06550903320311,246,🆕新倉暴量,HOLD,3
NVDA,2028-01-21,300.0,34.6,89697,672,49.01326622009278,617,🔭LEAPS 🔥萬人塚,HOLD,3
VELO,2026-09-18,25.0,5.13,1278,626,130.17613037109373,127,🆕新倉暴量,HOLD,3
SOFI,2026-09-18,22.0,0.7,112576,613,66.40658593750001,127,🚬菸屁股 🔥萬人塚,HOLD,3
CRWV,2026-07-17,200.0,1.25,806,606,84.74136352539061,64,🚀點火(7.3x),HOLD,3
NNE,2026-07-17,33.0,2.61,788,604,96.87503124999999,64,🆕新倉暴量,HOLD,3
BSX,2026-07-17,60.0,1.2,2426,597,39.771110107421876,64,🆕新倉暴量,HOLD,3
FLNC,2026-08-21,40.0,1.47,841,588,114.0629296875,99,🆕新倉暴量,HOLD,3
HIMS,2026-07-17,32.0,1.3,777,576,86.0352958984375,64,🆕新倉暴量,HOLD,3
OPEN,2027-01-15,7.0,0.76,34390,567,98.04689453125,246,🚬菸屁股 🔥萬人塚,HOLD,3
AAPL,2027-01-15,450.0,1.26,17428,544,28.052477294921868,246,🚀點火(2.9x),HOLD,3
AMZN,2026-08-21,370.0,0.99,36917,544,35.01041552734374,99,🚬菸屁股 🔥萬人塚,HOLD,3
PLUG,2026-09-18,2.0,2.2,1482,532,98.04689453125,127,🆕新倉暴量,HOLD,3
ONDS,2027-01-15,30.0,0.45,75584,512,103.61376318359379,246,🚬菸屁股 🔥萬人塚,HOLD,3
ACHR,2026-10-16,7.0,1.24,2473,508,84.0821904296875,155,🆕新倉暴量,HOLD,3
ACMR,2027-01-15,100.0,9.0,2526,507,83.0507066040039,246,🆕新倉暴量,HOLD,3
XYZ,2027-01-15,90.0,5.7,2453,504,51.20898400878906,246,🆕新倉暴量,HOLD,3
TGT,2026-09-18,140.0,4.45,1676,493,37.87903918457031,127,🆕新倉暴量,HOLD,3
NFLX,2026-09-18,107.0,1.92,833,450,38.721315917968745,127,🆕新倉暴量,HOLD,3
SOFI,2026-09-18,16.0,2.11,1269,444,65.03941210937501,127,🆕新倉暴量,HOLD,3
ASTS,2026-07-17,105.0,5.93,1402,443,112.72016296386718,64,🆕新倉暴量,HOLD,3
RIVN,2026-09-18,20.0,0.75,39424,425,66.45541357421877,127,🚬菸屁股 🔥萬人塚,HOLD,3
IONQ,2026-07-17,65.0,5.55,1194,418,97.070341796875,64,🆕新倉暴量,HOLD,3
SMCI,2026-07-17,36.0,2.73,1138,414,75.56176782226562,64,🆕新倉暴量,HOLD,3
MARA,2026-08-21,17.0,1.09,908,413,86.8165380859375,99,🆕新倉暴量,HOLD,3
NTLA,2027-01-15,30.0,1.0,1862,406,90.67392138671875,246,🆕新倉暴量,HOLD,3
JOBY,2027-01-15,20.0,1.05,13278,339,83.15446533203124,246,🚀點火(3.9x),HOLD,3
OPEN,2028-01-21,20.0,3.25,37480,327,25.00075,617,🔭LEAPS 🔥萬人塚,HOLD,3
PYPL,2027-01-15,100.0,0.18,42921,310,48.34036035156251,246,🚬菸屁股 🔥萬人塚,HOLD,3
IBIT,2026-09-18,65.0,0.54,33998,260,45.19097778320313,127,🚬菸屁股 🔥萬人塚,HOLD,3
SOFI,2027-01-15,35.0,0.47,33106,202,71.24052197265625,246,🚬菸屁股 🔥萬人塚,HOLD,3
RIVN,2027-01-15,25.0,0.85,33610,183,69.2385888671875,246,🚬菸屁股 🔥萬人塚,HOLD,3
NVDA,2028-01-21,400.0,17.9,51558,155,48.474636352539065,617,🔭LEAPS 🔥萬人塚,HOLD,3
IBIT,2027-01-15,100.0,0.37,39570,115,52.539537109375004,246,🚬菸屁股 🔥萬人塚,HOLD,3
NVDA,2026-09-18,390.0,1.13,5095,106,50.26905200195313,127,🚀點火(17.7x),HOLD,3
SOFI,2026-09-18,32.0,0.2,53516,64,75.195560546875,127,🚬菸屁股 🔥萬人塚,HOLD,3
RIVN,2028-01-21,40.0,1.6,58695,62,75.4885263671875,617,🔭LEAPS 🔥萬人塚,HOLD,3
NFLX,2026-07-17,140.0,0.14,102745,60,51.27001855468749,64,🚬菸屁股 🔥萬人塚,HOLD,3
NTLA,2026-07-17,17.0,1.13,1561,22,87.7930908203125,64,🚀點火(22.0x),HOLD,3
BSX,2026-09-18,80.0,0.35,40552,14,44.58063232421875,127,🚬菸屁股 🔥萬人塚,HOLD,3
IBIT,2027-01-15,80.0,0.77,30778,10,49.36574072265626,246,🚬菸屁股 🔥萬人塚,HOLD,3
NFLX,2026-08-21,125.0,0.43,69097,9,42.65194067382813,99,🚬菸屁股 🔥萬人塚,HOLD,3
RIVN,2027-01-15,32.0,0.52,30741,6,72.6565234375,246,🚬菸屁股 🔥萬人塚,HOLD,3
PYPL,2028-01-21,90.0,1.71,83742,3,45.6182196044922,617,🔭LEAPS 🔥萬人塚,HOLD,3
PYPL,2028-01-21,95.0,1.45,77735,3,42.76180285644532,617,🔭LEAPS 🔥萬人塚,HOLD,3
NVDA,2026-07-17,220.0,20.65,78457,5514,46.96708306884766,64,🔥萬人塚,HOLD,2
NFLX,2026-07-17,100.0,1.67,51616,4817,37.51283190917969,64,🔥萬人塚,HOLD,2
F,2027-01-15,14.85,1.22,51195,4203,38.67248828125,246,🔥萬人塚,HOLD,2
SOFI,2027-01-15,20.0,1.93,73730,3588,66.94368994140626,246,🔥萬人塚,HOLD,2
NVDA,2027-01-15,250.0,25.76,43708,3198,47.33939379882813,246,🔥萬人塚,HOLD,2
NVDA,2027-01-15,200.0,49.5,88012,2214,50.17750018310547,246,🔥萬人塚,HOLD,2
AAPL,2026-07-17,295.0,15.5,48072,2137,26.76464837646484,64,🔥萬人塚,HOLD,2
SOFI,2027-01-15,25.0,1.11,72628,2116,67.87141503906251,246,🔥萬人塚,HOLD,2
IREN,2027-01-15,110.0,7.55,75473,1580,103.90673046875003,246,🔥萬人塚,HOLD,2
AAPL,2027-01-15,300.0,29.3,67294,1368,30.60066958618164,246,🔥萬人塚,HOLD,2
AAPL,2026-08-21,320.0,8.6,72606,1207,26.584596466064458,99,🔥萬人塚,HOLD,2
SOFI,2027-01-15,15.0,3.54,46022,1055,68.4573466796875,246,🔥萬人塚,HOLD,2
PLTR,2026-09-18,155.0,8.76,64400,1008,55.66450585937501,127,🔥萬人塚,HOLD,2
PATH,2027-01-15,15.0,1.01,31031,856,77.44163183593751,246,🔥萬人塚,HOLD,2
TSLA,2027-01-15,960.0,7.6,109358,804,59.10380252075197,246,🔥萬人塚,HOLD,2
AAPL,2026-07-17,280.0,25.98,41587,735,30.37789349365234,64,🔥萬人塚,HOLD,2
PLUG,2027-01-15,3.0,1.59,44709,696,97.85158398437501,246,🔥萬人塚,HOLD,2
NFLX,2026-09-18,100.0,3.35,30565,579,37.061176269531245,127,🔥萬人塚,HOLD,2
NFLX,2026-08-21,105.0,1.75,70828,561,37.24427990722656,99,🔥萬人塚,HOLD,2
NVDA,2027-01-15,290.0,15.1,37942,539,46.45744461059571,246,🔥萬人塚,HOLD,2
IBIT,2027-01-15,50.0,5.3,37091,503,48.57229162597656,246,🔥萬人塚,HOLD,2
AMZN,2026-08-21,320.0,4.99,41729,496,34.55875988769531,99,🔥萬人塚,HOLD,2
NVDA,2027-01-15,210.0,43.74,31780,485,49.863172271728516,246,🔥萬人塚,HOLD,2
RIVN,2027-01-15,20.0,1.62,48404,461,69.28741650390626,246,🔥萬人塚,HOLD,2
PLUG,2027-01-15,2.5,1.91,56379,400,100.1958115234375,246,🔥萬人塚,HOLD,2
NVDA,2027-01-15,340.0,7.32,69147,397,46.442185974121095,246,🔥萬人塚,HOLD,2
BSX,2026-09-18,70.0,1.0,42606,365,42.383388671875,127,🔥萬人塚,HOLD,2
SMCI,2026-07-17,35.0,2.94,41289,354,76.02563037109377,64,🔥萬人塚,HOLD,2
NFLX,2026-09-18,110.0,1.62,48738,349,37.15883154296875,127,🔥萬人塚,HOLD,2
MSTR,2026-07-17,180.0,20.27,30608,348,70.8010732421875,64,🔥萬人塚,HOLD,2
MSFT,2026-07-17,475.0,3.05,42769,298,30.988238952636713,64,🔥萬人塚,HOLD,2
IBIT,2027-01-15,60.0,2.64,39992,297,47.14408325195312,246,🔥萬人塚,HOLD,2
IBIT,2026-09-18,55.0,1.6,34605,191,43.6529072265625,127,🔥萬人塚,HOLD,2
AAPL,2027-01-15,280.0,41.0,32154,110,32.83911155700683,246,🔥萬人塚,HOLD,2
TSLA,2027-01-15,940.0,8.65,94035,102,58.67656069946289,246,🔥萬人塚,HOLD,2
MSFT,2027-01-15,625.0,3.35,52221,77,33.399103515625,246,🔥萬人塚,HOLD,2
OPEN,2027-01-15,1.5,6.67,49508,7,0.0010000000000000002,246,🔥萬人塚,HOLD,2
NFLX,2026-05-15,90.0,0.25,62308,24260,33.5944140625,1,🎲末日結算 🚬菸屁股 🔥萬人塚,HOLD,1
AMZN,2026-05-15,280.0,0.34,36054,14801,30.567100585937503,1,🎲末日結算 🚬菸屁股 🔥萬人塚,HOLD,1
IBIT,2026-05-15,46.0,0.22,64828,13816,34.180345703125,1,🎲末日結算 🚬菸屁股 🔥萬人塚,HOLD,1
MSTR,2026-05-15,200.0,0.34,34083,13200,81.5431533203125,1,🎲末日結算 🚬菸屁股 🔥萬人塚,HOLD,1
MSFT,2026-05-15,410.0,1.97,11367,12891,26.734131103515622,1,🎲末日結算 🆕新倉暴量,HOLD,1
ONDS,2026-05-15,10.5,0.14,17960,12332,186.71881640625,1,🎲末日結算 🆕新倉暴量 ⚠️IV頂峰 🚬菸屁股,GAMBLE,1
PLUG,2026-05-15,5.0,0.02,21783,10887,162.50018749999998,1,🎲末日結算 🆕新倉暴量 ⚠️IV頂峰 🚬菸屁股,GAMBLE,1
SMCI,2026-05-15,38.0,0.03,32726,10749,99.60937890625,1,🎲末日結算 🚬菸屁股 🔥萬人塚,HOLD,1
ONDS,2026-05-15,9.0,0.43,7780,10515,150.78149609375,1,🎲末日結算 🚨異常掃貨 ⚠️IV頂峰 🚬菸屁股,GAMBLE,1
IREN,2026-05-15,55.0,2.09,13951,9859,101.3676806640625,1,🎲末日結算 🆕新倉暴量,HOLD,1
IBIT,2026-05-15,45.0,0.61,90542,9827,34.180345703125,1,🎲末日結算 🚬菸屁股 🔥萬人塚,HOLD,1
SOFI,2026-05-15,17.0,0.03,43455,9602,71.87528125,1,🎲末日結算 🚬菸屁股 🔥萬人塚,HOLD,1
ONDS,2026-05-15,9.5,0.28,11708,9245,161.71894140625,1,🎲末日結算 🚀點火(2.5x) ⚠️IV頂峰 🚬菸屁股,GAMBLE,1
F,2026-05-15,12.0,1.6,23634,9049,85.937640625,1,🎲末日結算 🆕新倉暴量,HOLD,1
MSTR,2026-05-15,180.0,3.25,9550,8747,63.867548828124995,1,🎲末日結算 🆕新倉暴量,HOLD,1
PLTR,2026-05-15,150.0,0.08,40685,8232,78.9064609375,1,🎲末日結算 🚬菸屁股 🔥萬人塚,HOLD,1
MARA,2026-05-15,13.5,0.12,43599,7691,80.85956640625,1,🎲末日結算 🚬菸屁股 🔥萬人塚,HOLD,1
AAPL,2026-05-15,292.5,7.25,11247,6939,31.250687499999998,1,🎲末日結算 🆕新倉暴量,HOLD,1
ONDS,2026-05-15,11.0,0.09,21792,6232,196.09376953125,1,🎲末日結算 🆕新倉暴量 ⚠️IV頂峰 🚬菸屁股,GAMBLE,1
QCOM,2026-05-15,230.0,1.93,4981,5582,94.67778759765625,1,🎲末日結算 🆕新倉暴量,HOLD,1
MARA,2026-05-15,14.0,0.06,43212,5514,84.37515624999999,1,🎲末日結算 🚬菸屁股 🔥萬人塚,HOLD,1
ASTS,2026-05-15,115.0,0.02,13402,5501,197.65626171875002,1,🎲末日結算 🆕新倉暴量 ⚠️IV頂峰 🚬菸屁股,GAMBLE,1
IBIT,2026-05-15,48.0,0.03,62001,5492,42.188078125,1,🎲末日結算 🚬菸屁股 🔥萬人塚,HOLD,1
IBIT,2026-05-15,47.0,0.07,32473,4561,36.524072265625,1,🎲末日結算 🚬菸屁股 🔥萬人塚,HOLD,1
AMD,2026-05-15,470.0,3.36,5791,4387,70.82548706054688,1,🎲末日結算 🆕新倉暴量,HOLD,1
MU,2026-05-15,1200.0,0.14,3928,3736,162.89081054687497,1,🎲末日結算 🆕新倉暴量 ⚠️IV頂峰 🚬菸屁股,GAMBLE,1
PLUG,2027-01-15,5.0,0.96,26525,3553,98.82813671875,246,🚬菸屁股,HOLD,1
ASTS,2026-05-15,105.0,0.03,4630,3238,159.37520312499998,1,🎲末日結算 🆕新倉暴量 ⚠️IV頂峰 🚬菸屁股,GAMBLE,1
MARA,2026-05-15,15.0,0.02,54624,3109,96.87503124999999,1,🎲末日結算 🚬菸屁股 🔥萬人塚,HOLD,1
HOOD,2026-05-15,77.0,1.59,3850,3034,60.49844189453126,1,🎲末日結算 🆕新倉暴量,HOLD,1
FLNC,2026-05-15,22.0,1.05,6241,2792,119.141029296875,1,🎲末日結算 🆕新倉暴量,HOLD,1
NVTS,2026-05-15,24.0,0.43,3936,2682,160.15644921875,1,🎲末日結算 🆕新倉暴量 ⚠️IV頂峰 🚬菸屁股,GAMBLE,1
COIN,2026-05-15,220.0,1.37,10834,2653,91.84578466796876,1,🎲末日結算 🆕新倉暴量,HOLD,1
HIMS,2026-05-15,23.0,1.35,2272,2648,73.437765625,1,🎲末日結算 🚀點火(3.2x),HOLD,1
NVTS,2026-05-15,25.0,0.22,6475,2566,167.1876640625,1,🎲末日結算 🆕新倉暴量 ⚠️IV頂峰 🚬菸屁股,GAMBLE,1
AAPL,2026-05-15,287.5,11.91,6007,2549,39.258419921874996,1,🎲末日結算 🆕新倉暴量,HOLD,1
QCOM,2026-05-15,225.0,2.73,4130,2396,90.30771411132812,1,🎲末日結算 🆕新倉暴量,HOLD,1
IBIT,2026-05-15,50.0,0.02,50064,2377,53.906710937500016,1,🎲末日結算 🚬菸屁股 🔥萬人塚,HOLD,1
PLUG,2026-09-18,4.0,0.92,20020,2362,100.58643457031249,127,🚬菸屁股,HOLD,1
SMR,2026-05-15,17.0,0.01,4684,2345,184.375078125,1,🎲末日結算 🆕新倉暴量 ⚠️IV頂峰 🚬菸屁股,GAMBLE,1
ASTS,2026-05-15,120.0,0.02,9384,2271,190.625046875,1,🎲末日結算 🆕新倉暴量 ⚠️IV頂峰 🚬菸屁股,GAMBLE,1
SMCI,2026-05-15,32.0,0.89,30217,2102,73.04714453125,1,🎲末日結算 🚬菸屁股 🔥萬人塚,HOLD,1
ONDS,2026-05-15,11.5,0.08,8501,2095,209.37547656249995,1,🎲末日結算 🆕新倉暴量 ⚠️IV頂峰 🚬菸屁股,GAMBLE,1
SOFI,2028-01-21,15.0,5.65,17070,2082,73.07155834960936,617,🔭LEAPS,HOLD,1
BA,2026-05-15,247.5,1.35,1728,2058,45.16656396484375,1,🎲末日結算 🆕新倉暴量,HOLD,1
NFLX,2026-05-15,86.0,1.96,3934,1960,33.1061376953125,1,🎲末日結算 🆕新倉暴量,HOLD,1
OKLO,2026-05-15,70.0,2.19,4775,1948,92.72468212890624,1,🎲末日結算 🆕新倉暴量,HOLD,1
VELO,2026-05-15,20.0,1.53,1587,1878,126.172244140625,1,🎲末日結算 🆕新倉暴量,HOLD,1
VELO,2026-05-15,17.5,3.3,2861,1830,143.75028125,1,🎲末日結算 🆕新倉暴量,HOLD,1
U,2026-05-15,30.0,0.03,31626,1809,71.87528125,1,🎲末日結算 🚬菸屁股 🔥萬人塚,HOLD,1
PLUG,2028-01-21,4.0,1.74,12903,1795,90.62509374999999,617,🔭LEAPS,HOLD,1
SOFI,2026-07-17,20.0,0.34,12918,1748,60.44961425781252,64,🚬菸屁股,HOLD,1
SOFI,2028-06-16,25.0,3.85,14125,1725,70.84990087890624,764,🔭LEAPS,HOLD,1
IREN,2026-05-15,54.0,2.65,7903,1723,101.3676806640625,1,🎲末日結算 🆕新倉暴量,HOLD,1
QCOM,2026-05-15,235.0,1.36,2777,1702,97.31447998046875,1,🎲末日結算 🆕新倉暴量,HOLD,1
NVDA,2026-07-17,350.0,0.59,20326,1631,52.905744384765626,64,🚬菸屁股,HOLD,1
PLUG,2026-05-15,5.5,0.02,6646,1585,221.87544531249995,1,🎲末日結算 🆕新倉暴量 ⚠️IV頂峰 🚬菸屁股,GAMBLE,1
MU,2026-05-15,970.0,1.62,2489,1571,121.8265627441406,1,🎲末日結算 🆕新倉暴量,HOLD,1
PLUG,2027-01-15,5.5,0.84,19105,1569,100.1958115234375,246,🚬菸屁股,HOLD,1
PACB,2027-01-15,1.5,0.39,3771,1500,128.51598242187498,246,🚬菸屁股,HOLD,1
MU,2026-05-15,1300.0,0.05,2450,1464,178.515732421875,1,🎲末日結算 🆕新倉暴量 ⚠️IV頂峰 🚬菸屁股,GAMBLE,1
SOFI,2028-06-16,20.0,4.87,22301,1459,71.82645361328125,764,🔭LEAPS,HOLD,1
CRWV,2026-05-15,113.0,2.63,2092,1439,85.0587431640625,1,🎲末日結算 🆕新倉暴量,HOLD,1
SMCI,2026-05-15,40.0,0.01,46701,1404,109.375453125,1,🎲末日結算 🚬菸屁股 🔥萬人塚,HOLD,1
F,2026-09-18,20.0,0.16,8232,1401,45.508357421875004,127,🚬菸屁股,HOLD,1
MU,2026-05-15,910.0,4.45,1657,1356,110.92573834228516,1,🎲末日結算 🆕新倉暴量,HOLD,1
F,2028-01-21,15.0,2.03,9282,1352,36.96352099609375,617,🔭LEAPS,HOLD,1
SOFI,2026-07-17,18.0,0.63,5954,1300,57.47112841796876,64,🚬菸屁股,HOLD,1
PLUG,2026-09-18,4.5,0.76,6511,1236,100.9770576171875,127,🚬菸屁股,HOLD,1
NVTS,2026-05-15,23.0,0.6,2886,1234,154.1017919921875,1,🎲末日結算 🆕新倉暴量 ⚠️IV頂峰 🚬菸屁股,GAMBLE,1
F,2028-01-21,12.0,3.3,9056,1233,38.64807446289062,617,🔭LEAPS,HOLD,1
MARA,2026-05-15,14.5,0.04,37498,1212,95.312546875,1,🎲末日結算 🚬菸屁股 🔥萬人塚,HOLD,1
SOFI,2026-09-18,20.0,0.99,16177,1198,65.47886083984376,127,🚬菸屁股,HOLD,1
SOFI,2028-06-16,15.0,6.33,14673,1185,74.12135253906249,764,🔭LEAPS,HOLD,1
MS,2026-05-15,195.0,1.66,1351,1182,34.570966796875,1,🎲末日結算 🆕新倉暴量,HOLD,1
NFLX,2026-05-15,100.0,0.02,54290,1171,61.71913281250001,1,🎲末日結算 🚬菸屁股 🔥萬人塚,HOLD,1
IBIT,2026-09-18,60.0,0.92,20234,1092,44.16559741210938,127,🚬菸屁股,HOLD,1
JOBY,2028-01-21,15.0,3.85,7062,1081,87.500125,617,🔭LEAPS,HOLD,1
GE,2026-05-15,300.0,2.4,2573,1073,45.532771240234375,1,🎲末日結算 🆕新倉暴量,HOLD,1
PLUG,2028-01-21,5.0,1.52,10502,1055,88.67198828125,617,🔭LEAPS,HOLD,1
GE,2026-05-15,295.0,4.3,2981,1050,53.85788330078126,1,🎲末日結算 🆕新倉暴量,HOLD,1
JOBY,2026-08-21,30.0,0.1,1349,1010,96.87503124999999,99,🚬菸屁股,HOLD,1
OPEN,2026-08-21,8.0,0.21,9822,998,94.726615234375,99,🚬菸屁股,HOLD,1
IONQ,2026-05-15,56.0,1.47,1509,979,91.50399121093751,1,🎲末日結算 🆕新倉暴量,HOLD,1
DKNG,2026-05-15,24.0,1.33,2555,971,52.3442265625,1,🎲末日結算 🆕新倉暴量,HOLD,1
QCOM,2026-05-15,217.5,4.6,1343,965,85.6446748046875,1,🎲末日結算 🆕新倉暴量,HOLD,1
OPEN,2026-09-18,5.0,0.78,6335,917,88.2813671875,127,🚬菸屁股,HOLD,1
PLUG,2028-01-21,7.0,1.17,26780,907,89.74619628906248,617,🔭LEAPS,HOLD,1
NVTS,2026-05-15,30.0,0.05,2357,907,175.000125,1,🎲末日結算 🆕新倉暴量 ⚠️IV頂峰 🚬菸屁股,GAMBLE,1
MU,2026-05-15,960.0,1.97,2257,904,119.62930810546877,1,🎲末日結算 🆕新倉暴量,HOLD,1
NFLX,2026-07-17,110.0,0.69,19124,901,39.942006835937505,64,🚬菸屁股,HOLD,1
CRWV,2026-05-15,109.0,4.7,858,861,87.84191845703124,1,🎲末日結算 🆕新倉暴量,HOLD,1
MARA,2026-09-18,23.0,0.66,8204,833,90.18564501953125,127,🚬菸屁股,HOLD,1
LUNR,2026-05-15,41.0,0.76,1248,798,190.4297353515625,1,🎲末日結算 🆕新倉暴量 ⚠️IV頂峰 🚬菸屁股,GAMBLE,1
ASTS,2026-05-15,73.0,3.95,1380,777,89.30674755859374,1,🎲末日結算 🆕新倉暴量,HOLD,1
OPEN,2026-08-21,5.0,0.68,14815,772,85.742330078125,99,🚬菸屁股,HOLD,1
ACHR,2026-10-16,8.0,0.96,1972,767,82.81267187499999,155,🚬菸屁股,HOLD,1
ONDS,2026-05-15,8.0,1.0,2200,766,134.37532812499998,1,🎲末日結算 🆕新倉暴量,HOLD,1
ONDS,2026-07-17,12.0,0.62,19571,714,99.60937890625,64,🚬菸屁股,HOLD,1
SOFI,2026-09-18,25.0,0.44,25681,705,68.65265722656251,127,🚬菸屁股,HOLD,1
SOFI,2027-01-15,47.0,0.25,19669,677,77.3439765625,246,🚬菸屁股,HOLD,1
PLTR,2026-07-17,200.0,0.8,9730,673,60.35195898437502,64,🚬菸屁股,HOLD,1
SOFI,2027-01-15,27.0,0.92,18194,660,68.50617431640626,246,🚬菸屁股,HOLD,1
SOFI,2026-08-21,20.0,0.74,6990,655,64.7464462890625,99,🚬菸屁股,HOLD,1
HIMS,2026-07-17,35.0,0.93,4499,653,89.20909228515625,64,🚬菸屁股,HOLD,1
TXG,2026-05-15,25.0,0.08,1010,636,172.65638671875,1,🎲末日結算 🆕新倉暴量 ⚠️IV頂峰 🚬菸屁股,GAMBLE,1
MU,2026-05-15,1170.0,0.17,905,629,156.64084179687498,1,🎲末日結算 🆕新倉暴量 ⚠️IV頂峰 🚬菸屁股,GAMBLE,1
IONQ,2026-05-15,75.0,0.05,1765,624,156.25021875,1,🎲末日結算 🆕新倉暴量 ⚠️IV頂峰 🚬菸屁股,GAMBLE,1
SOFI,2028-06-16,27.0,3.55,3734,621,70.87431469726562,764,🔭LEAPS,HOLD,1
ASTS,2026-05-15,74.0,2.83,1678,616,87.25598681640624,1,🎲末日結算 🆕新倉暴量,HOLD,1
FLNC,2026-05-15,28.0,0.05,2336,616,168.75015625,1,🎲末日結算 🆕新倉暴量 ⚠️IV頂峰 🚬菸屁股,GAMBLE,1
BE,2026-05-15,320.0,2.04,1173,604,101.44092248535155,1,🎲末日結算 🆕新倉暴量,HOLD,1
JPM,2026-05-15,302.5,1.7,1596,563,26.57544128417969,1,🎲末日結算 🆕新倉暴量,HOLD,1
SOFI,2028-06-16,18.0,5.4,6884,552,72.51004052734375,764,🔭LEAPS,HOLD,1
SOFI,2028-06-16,30.0,3.1,13975,547,70.55693505859377,764,🔭LEAPS,HOLD,1
SOFI,2028-06-16,23.0,4.25,6423,546,71.50907397460938,764,🔭LEAPS,HOLD,1
ONDS,2028-01-21,10.0,4.05,12071,546,103.27196801757816,617,🔭LEAPS,HOLD,1
PATH,2028-01-21,10.0,3.55,6873,544,78.07639111328125,617,🔭LEAPS,HOLD,1
OPEN,2028-01-21,15.0,0.95,25456,544,101.172369140625,617,🔭LEAPS,HOLD,1
RIVN,2028-01-21,20.0,3.75,14020,516,72.58328198242188,617,🔭LEAPS,HOLD,1
NFLX,2026-05-15,84.0,3.75,1882,516,42.67635449218751,1,🎲末日結算 🆕新倉暴量,HOLD,1
NVTS,2028-01-21,35.0,9.53,6861,515,119.38516870117186,617,🔭LEAPS,HOLD,1
ONDS,2028-01-21,7.0,5.0,9569,512,110.01021557617187,617,🔭LEAPS,HOLD,1
ACHR,2026-07-17,8.0,0.43,6720,504,77.53928710937501,64,🚬菸屁股,HOLD,1
QCOM,2026-05-15,290.0,0.19,2076,496,162.6954990234375,1,🎲末日結算 🆕新倉暴量 ⚠️IV頂峰 🚬菸屁股,GAMBLE,1
OPEN,2026-08-21,7.0,0.27,23984,491,92.38288867187501,99,🚬菸屁股,HOLD,1
VELO,2026-05-15,30.0,0.06,862,491,220.31294921874994,1,🎲末日結算 🆕新倉暴量 ⚠️IV頂峰 🚬菸屁股,GAMBLE,1
IONQ,2026-05-15,53.0,3.0,1900,479,90.1368173828125,1,🎲末日結算 🆕新倉暴量,HOLD,1
SOFI,2028-01-21,40.0,1.61,13221,478,71.16728051757812,617,🔭LEAPS,HOLD,1
ONDS,2026-07-17,11.0,0.84,17224,472,98.242205078125,64,🚬菸屁股,HOLD,1
ACHR,2026-10-16,13.0,0.28,994,456,86.52357226562499,155,🚬菸屁股,HOLD,1
HIMS,2028-01-21,30.0,9.5,4828,445,92.84675122070311,617,🔭LEAPS,HOLD,1
TSLA,2026-07-17,990.0,0.45,13851,433,75.83031982421876,64,🚬菸屁股,HOLD,1
NOW,2026-07-17,130.0,0.74,6697,432,61.03554589843752,64,🚬菸屁股,HOLD,1
VRT,2026-05-15,380.0,3.95,1664,431,59.44864770507813,1,🎲末日結算 🆕新倉暴量,HOLD,1
TGT,2026-05-15,120.0,2.29,2040,428,36.7193828125,1,🎲末日結算 🆕新倉暴量,HOLD,1
OPEN,2026-09-18,7.0,0.4,5939,427,92.9688203125,127,🚬菸屁股,HOLD,1
MSFT,2028-01-21,500.0,41.3,6753,418,34.70219107055663,617,🔭LEAPS,HOLD,1
PYPL,2028-01-21,82.5,2.85,797,400,42.1026297607422,617,🔭LEAPS,HOLD,1
ONDS,2026-09-18,15.0,0.78,6515,395,104.88328808593752,127,🚬菸屁股,HOLD,1
JOBY,2026-08-21,15.0,0.77,2669,395,81.73846386718748,99,🚬菸屁股,HOLD,1
NVDA,2026-08-21,420.0,0.46,7756,394,53.76022802734376,99,🚬菸屁股,HOLD,1
ONDS,2027-01-15,20.0,0.96,23664,388,102.53954980468751,246,🚬菸屁股,HOLD,1
ACHR,2026-07-17,9.0,0.25,9048,387,79.101771484375,64,🚬菸屁股,HOLD,1
SOFI,2026-05-15,20.0,0.01,122836,378,121.875390625,1,🎲末日結算 🚬菸屁股 🔥萬人塚,HOLD,1
SOFI,2028-06-16,35.0,2.59,6949,376,70.58134887695313,764,🔭LEAPS,HOLD,1
ACHR,2028-01-21,10.0,2.03,15128,368,85.8399853515625,617,🔭LEAPS,HOLD,1
NVDA,2026-09-18,420.0,0.74,7670,367,51.41650146484375,127,🚬菸屁股,HOLD,1
SOFI,2026-07-17,22.0,0.21,5058,367,64.648791015625,64,🚬菸屁股,HOLD,1
MSFT,2027-01-15,800.0,0.66,14890,361,36.304347900390624,246,🚬菸屁股,HOLD,1
MARA,2027-01-15,40.0,0.47,28973,359,91.8946123046875,246,🚬菸屁股,HOLD,1
DDD,2027-01-15,5.0,0.65,1452,355,101.3676806640625,246,🚬菸屁股,HOLD,1
SOFI,2026-07-17,30.0,0.08,12054,343,82.0314296875,64,🚬菸屁股,HOLD,1
ACHR,2026-07-17,12.0,0.07,1707,341,86.7188828125,64,🚬菸屁股,HOLD,1
CLSK,2028-01-21,32.0,2.4,1849,338,81.83611914062499,617,🔭LEAPS,HOLD,1
F,2028-01-21,8.0,5.95,1462,336,38.330694824218746,617,🔭LEAPS,HOLD,1
SOFI,2028-01-21,10.0,7.95,2642,326,89.59971337890623,617,🔭LEAPS,HOLD,1
NFLX,2028-01-21,245.0,0.87,11236,323,42.44442321777344,617,🔭LEAPS,HOLD,1
F,2028-01-21,17.0,1.62,5694,321,36.98793481445312,617,🔭LEAPS,HOLD,1
PATH,2026-05-15,12.0,0.01,32800,317,118.75040625,1,🎲末日結算 🚬菸屁股 🔥萬人塚,HOLD,1
F,2027-01-15,15.0,0.42,17186,316,21.48516015625,246,🚬菸屁股,HOLD,1
NVDA,2028-01-21,420.0,15.9,22602,315,48.23660162353516,617,🔭LEAPS,HOLD,1
NOW,2026-07-17,125.0,0.94,4804,315,60.2787175292969,64,🚬菸屁股,HOLD,1
SOFI,2028-01-21,18.0,4.7,5883,313,71.3870048828125,617,🔭LEAPS,HOLD,1
BLDP,2026-08-21,4.0,0.9,1609,304,101.172369140625,99,🚬菸屁股,HOLD,1
OPEN,2028-01-21,5.0,2.1,13350,295,97.85158398437501,617,🔭LEAPS,HOLD,1
NFLX,2026-05-15,105.0,0.01,47201,292,81.2501875,1,🎲末日結算 🚬菸屁股 🔥萬人塚,HOLD,1
SOFI,2028-06-16,47.0,1.75,12812,290,70.9963837890625,764,🔭LEAPS,HOLD,1
NFLX,2027-01-15,150.0,0.75,18326,284,39.942006835937505,246,🚬菸屁股,HOLD,1
SOFI,2026-07-17,25.0,0.13,16375,283,70.70341796875,64,🚬菸屁股,HOLD,1
OPEN,2028-01-21,7.0,1.67,13909,280,96.97268652343749,617,🔭LEAPS,HOLD,1
BLDP,2026-08-21,6.0,0.42,1388,279,104.49266503906252,99,🚬菸屁股,HOLD,1
HIMS,2028-01-21,25.0,10.69,4214,277,92.21199194335938,617,🔭LEAPS,HOLD,1
NOW,2026-08-21,150.0,0.9,3251,275,64.7464462890625,99,🚬菸屁股,HOLD,1
PLUG,2028-01-21,2.0,2.59,5676,273,92.187578125,617,🔭LEAPS,HOLD,1
F,2028-01-21,10.0,4.5,2616,272,41.01621484375,617,🔭LEAPS,HOLD,1
SOFI,2026-08-21,25.0,0.3,10299,267,69.5315546875,99,🚬菸屁股,HOLD,1
SOFI,2026-09-18,30.0,0.24,20841,264,73.437765625,127,🚬菸屁股,HOLD,1
PATH,2028-01-21,12.0,3.0,6358,264,76.75804492187501,617,🔭LEAPS,HOLD,1
RIVN,2027-01-15,30.0,0.6,29215,263,72.99831689453124,246,🚬菸屁股,HOLD,1
F,2028-01-21,20.0,1.0,2471,262,37.81800463867187,617,🔭LEAPS,HOLD,1
ONDS,2028-01-21,20.0,2.39,11423,261,97.53420434570313,617,🔭LEAPS,HOLD,1
OPEN,2026-08-21,13.0,0.08,826,257,137.10968945312501,99,🚬菸屁股,HOLD,1
OPEN,2026-05-15,6.0,0.01,40108,254,143.75028125,1,🎲末日結算 🚬菸屁股 🔥萬人塚,HOLD,1
HIMS,2026-07-17,40.0,0.58,2832,254,93.2617861328125,64,🚬菸屁股,HOLD,1
ONDS,2026-09-18,14.0,0.9,3220,254,103.02782861328126,127,🚬菸屁股,HOLD,1
ACHR,2028-01-21,27.0,0.7,16317,252,88.62316064453124,617,🔭LEAPS,HOLD,1
RIVN,2026-09-18,35.0,0.13,2112,252,75.7814921875,127,🚬菸屁股,HOLD,1
SOFI,2026-08-21,19.0,0.92,6398,250,64.59996337890624,99,🚬菸屁股,HOLD,1
PYPL,2027-01-15,75.0,0.66,6520,248,42.16366430664063,246,🚬菸屁股,HOLD,1
F,2028-01-21,22.0,0.7,2069,245,38.52600537109374,617,🔭LEAPS,HOLD,1
OPEN,2027-01-15,6.0,0.95,4397,242,101.95361523437501,246,🚬菸屁股,HOLD,1
MARA,2026-09-18,20.0,0.88,8155,242,86.914193359375,127,🚬菸屁股,HOLD,1
UPST,2026-07-17,35.0,0.85,1080,238,67.57844921875001,64,🚬菸屁股,HOLD,1
PYPL,2026-07-17,60.0,0.15,6313,235,40.1373173828125,64,🚬菸屁股,HOLD,1
OPEN,2027-01-15,15.0,0.22,11903,228,102.53954980468751,246,🚬菸屁股,HOLD,1
NVDA,2028-01-21,230.0,57.0,11629,226,50.824466369628915,617,🔭LEAPS,HOLD,1
SOFI,2028-06-16,13.0,7.05,2385,224,75.195560546875,764,🔭LEAPS,HOLD,1
RIVN,2026-09-18,24.0,0.37,4187,224,70.50810742187501,127,🚬菸屁股,HOLD,1
OPEN,2026-08-21,10.0,0.09,16481,222,99.804689453125,99,🚬菸屁股,HOLD,1
SOFI,2026-07-17,21.0,0.27,11479,218,62.40271972656251,64,🚬菸屁股,HOLD,1
HIMS,2028-01-21,95.0,3.75,2730,217,97.33889379882812,617,🔭LEAPS,HOLD,1
SOFI,2028-01-21,27.0,2.86,4245,211,71.14286669921876,617,🔭LEAPS,HOLD,1
ONDS,2028-01-21,12.0,3.55,10544,207,104.0043862304688,617,🔭LEAPS,HOLD,1
ACHR,2028-01-21,7.0,2.74,19327,206,87.15833154296875,617,🔭LEAPS,HOLD,1
SOFI,2028-01-21,25.0,3.2,10642,199,70.63017651367188,617,🔭LEAPS,HOLD,1
JOBY,2028-01-21,10.0,5.12,9429,198,88.33019482421875,617,🔭LEAPS,HOLD,1
NFLX,2026-08-21,115.0,0.79,2833,198,39.69786865234375,99,🚬菸屁股,HOLD,1
F,2027-01-15,17.0,0.24,1965,197,29.444064941406246,246,🚬菸屁股,HOLD,1
IBIT,2026-10-16,70.0,0.58,7840,196,46.87553125,155,🚬菸屁股,HOLD,1
NVDA,2026-09-18,400.0,0.97,10771,193,50.513190185546875,127,🚬菸屁股,HOLD,1
SOFI,2028-06-16,40.0,2.2,6717,193,71.19169433593751,764,🔭LEAPS,HOLD,1
OPEN,2026-09-18,10.0,0.16,9874,191,113.67230664062502,127,🚬菸屁股,HOLD,1
ONDS,2026-07-17,13.0,0.49,1146,186,101.172369140625,64,🚬菸屁股,HOLD,1
PATH,2026-08-21,13.0,0.55,2820,185,78.12521875,99,🚬菸屁股,HOLD,1
HIMS,2028-01-21,35.0,8.5,2437,184,93.60357958984375,617,🔭LEAPS,HOLD,1
NFLX,2026-07-17,115.0,0.46,5867,184,43.04256176757813,64,🚬菸屁股,HOLD,1
SOFI,2026-09-18,23.0,0.6,2826,177,67.18782812500001,127,🚬菸屁股,HOLD,1
F,2027-01-15,12.0,0.82,6914,176,0.0010000000000000002,246,🚬菸屁股,HOLD,1
HOOD,2026-07-17,120.0,0.64,3036,173,67.65169067382814,64,🚬菸屁股,HOLD,1
ACHR,2028-01-21,5.0,3.4,7347,171,90.429783203125,617,🔭LEAPS,HOLD,1
AMZN,2026-07-17,380.0,0.11,3354,171,33.301448242187504,64,🚬菸屁股,HOLD,1
PLUG,2028-01-21,5.5,1.4,8653,171,88.2813671875,617,🔭LEAPS,HOLD,1
SOFI,2026-10-16,22.0,0.89,1716,169,66.26010302734376,155,🚬菸屁股,HOLD,1
PLUG,2028-01-21,4.5,1.61,6531,169,88.08605664062499,617,🔭LEAPS,HOLD,1
PATH,2026-08-21,12.0,0.75,2661,168,77.6369423828125,99,🚬菸屁股,HOLD,1
PYPL,2027-01-15,120.0,0.06,5524,168,50.6840869140625,246,🚬菸屁股,HOLD,1
CLSK,2026-09-18,25.0,0.52,10546,166,87.695435546875,127,🚬菸屁股,HOLD,1
SOFI,2026-07-17,24.0,0.13,2410,165,69.72686523437501,64,🚬菸屁股,HOLD,1
SOFI,2027-01-15,40.0,0.34,26802,163,74.90259472656251,246,🚬菸屁股,HOLD,1
NVDA,2028-01-21,350.0,24.95,27616,162,48.50667948913575,617,🔭LEAPS,HOLD,1
HIMS,2026-07-17,45.0,0.38,775,159,93.8477177734375,64,🚬菸屁股,HOLD,1
JOBY,2026-07-17,18.0,0.2,2355,157,81.445498046875,64,🚬菸屁股,HOLD,1
AAPL,2028-01-21,300.0,51.55,6294,152,34.15135429382324,617,🔭LEAPS,HOLD,1
IBIT,2028-01-21,140.0,1.27,26250,149,54.44381494140625,617,🔭LEAPS,HOLD,1
IBIT,2028-01-21,70.0,6.0,17559,148,53.467262207031254,617,🔭LEAPS,HOLD,1
HIMS,2026-08-21,45.0,0.98,864,148,103.1743122558594,99,🚬菸屁股,HOLD,1
PYPL,2026-07-17,55.0,0.4,4613,145,38.184211914062494,64,🚬菸屁股,HOLD,1
SOFI,2026-08-21,21.0,0.6,13285,141,65.9183095703125,99,🚬菸屁股,HOLD,1
JOBY,2028-01-21,20.0,2.94,6949,139,85.47377807617188,617,🔭LEAPS,HOLD,1
PYPL,2026-07-17,62.5,0.12,846,139,42.4810439453125,64,🚬菸屁股,HOLD,1
SMR,2026-07-17,20.0,0.42,2000,138,108.30123974609376,64,🚬菸屁股,HOLD,1
PATH,2028-01-21,37.0,0.65,4086,134,76.12328564453125,617,🔭LEAPS,HOLD,1
SOFI,2026-07-17,31.0,0.08,770,133,80.85956640625,64,🚬菸屁股,HOLD,1
SMR,2028-01-21,15.0,5.69,4617,132,109.57076464843752,617,🔭LEAPS,HOLD,1
TSLA,2028-01-21,800.0,51.3,6959,130,55.48826860809327,617,🔭LEAPS,HOLD,1
CLSK,2028-01-21,27.0,3.67,4182,130,85.71791625976562,617,🔭LEAPS,HOLD,1
COSM,2026-07-17,0.5,0.05,1221,128,137.50031249999998,64,🚬菸屁股,HOLD,1
ACHR,2027-01-15,15.0,0.4,19001,127,86.52357226562499,246,🚬菸屁股,HOLD,1
PYPL,2027-01-15,130.0,0.06,15704,127,55.273884765625006,246,🚬菸屁股,HOLD,1
PYPL,2027-01-15,135.0,0.06,17494,127,52.3442265625,246,🚬菸屁股,HOLD,1
HIMS,2028-01-21,90.0,3.95,4039,125,97.11916943359374,617,🔭LEAPS,HOLD,1
RIVN,2026-09-18,30.0,0.15,8129,125,69.92217578125,127,🚬菸屁股,HOLD,1
SMCI,2027-01-15,105.0,0.91,6678,122,89.257919921875,246,🚬菸屁股,HOLD,1
DDD,2026-08-21,3.5,0.6,1431,122,106.64109179687502,99,🚬菸屁股,HOLD,1
SOFI,2026-09-18,47.0,0.08,2967,120,87.500125,127,🚬菸屁股,HOLD,1
ACHR,2027-01-15,12.0,0.64,16163,118,85.6446748046875,246,🚬菸屁股,HOLD,1
SMR,2027-01-15,40.0,0.86,3231,117,113.42816723632816,246,🚬菸屁股,HOLD,1
OPEN,2026-09-18,8.0,0.29,2450,116,102.53954980468751,127,🚬菸屁股,HOLD,1
NNE,2026-07-17,50.0,0.52,757,116,100.68409033203123,64,🚬菸屁股,HOLD,1
U,2026-08-21,55.0,0.29,5537,114,73.633076171875,99,🚬菸屁股,HOLD,1
SOFI,2026-07-17,23.0,0.17,3250,113,67.18782812500001,64,🚬菸屁股,HOLD,1
TSCO,2026-07-17,35.0,0.55,1793,113,43.6529072265625,64,🚬菸屁股,HOLD,1
RIVN,2026-09-18,19.0,0.94,1320,113,67.92024267578127,127,🚬菸屁股,HOLD,1
CLSK,2028-01-21,20.0,4.1,3828,111,87.42688354492188,617,🔭LEAPS,HOLD,1
NFLX,2026-07-17,150.0,0.11,2220,111,54.102021484375015,64,🚬菸屁股,HOLD,1
PYPL,2026-07-17,57.5,0.25,3088,109,40.918559570312496,64,🚬菸屁股,HOLD,1
NOW,2028-01-21,200.0,7.2,4228,108,60.90737335205078,617,🔭LEAPS,HOLD,1
IBIT,2026-09-18,105.0,0.06,9579,105,60.74258007812501,127,🚬菸屁股,HOLD,1
SOFI,2026-09-18,35.0,0.16,5053,105,80.4689453125,127,🚬菸屁股,HOLD,1
DKNG,2027-01-15,50.0,0.35,14038,105,55.02974658203126,246,🚬菸屁股,HOLD,1
NFLX,2026-08-21,124.0,0.46,1731,105,41.1138701171875,99,🚬菸屁股,HOLD,1
IBIT,2028-01-21,50.0,11.3,6835,104,56.43354113769532,617,🔭LEAPS,HOLD,1
OPEN,2028-01-21,4.0,2.37,3778,104,108.203583984375,617,🔭LEAPS,HOLD,1
NFLX,2027-01-15,265.0,0.08,1504,102,53.4184345703125,246,🚬菸屁股,HOLD,1
TDOC,2027-01-15,25.0,0.15,2768,100,92.187578125,246,🚬菸屁股,HOLD,1
PYPL,2027-01-15,80.0,0.5,15698,100,43.555251953125,246,🚬菸屁股,HOLD,1
INTC,2028-01-21,100.0,54.88,13870,99,80.78632495117188,617,🔭LEAPS,HOLD,1
ONDS,2028-01-21,5.0,5.69,5258,99,123.047259765625,617,🔭LEAPS,HOLD,1
PATH,2028-01-21,17.0,1.99,2825,98,78.27170166015625,617,🔭LEAPS,HOLD,1
ACHR,2028-01-21,20.0,1.01,5355,98,87.500125,617,🔭LEAPS,HOLD,1
RIVN,2026-09-18,22.0,0.5,12845,98,67.18782812500001,127,🚬菸屁股,HOLD,1
MARA,2027-01-15,30.0,0.85,10949,98,89.99033447265624,246,🚬菸屁股,HOLD,1
HIMS,2028-01-21,40.0,7.85,1755,94,94.0430283203125,617,🔭LEAPS,HOLD,1
JOBY,2028-01-21,32.0,1.68,8262,94,85.1563984375,617,🔭LEAPS,HOLD,1
NOW,2028-01-21,284.0,3.2,3042,94,59.766027343750004,617,🔭LEAPS,HOLD,1
PYPL,2026-07-17,52.5,0.67,3202,94,35.742830078124996,64,🚬菸屁股,HOLD,1
PYPL,2026-07-17,90.0,0.02,2217,94,60.937890625000016,64,🚬菸屁股,HOLD,1
CLSK,2027-01-15,35.0,0.72,24252,93,93.945373046875,246,🚬菸屁股,HOLD,1
SHOP,2026-07-17,150.0,0.4,5487,92,57.910577148437504,64,🚬菸屁股,HOLD,1
PATH,2028-01-21,5.0,5.7,2223,92,85.937640625,617,🔭LEAPS,HOLD,1
DDD,2027-01-15,7.5,0.33,7386,92,100.1958115234375,246,🚬菸屁股,HOLD,1
IBIT,2026-09-18,80.0,0.21,12328,91,50.97705273437501,127,🚬菸屁股,HOLD,1
HIMS,2026-07-17,50.0,0.28,3526,90,101.5629921875,64,🚬菸屁股,HOLD,1
KTOS,2026-08-21,100.0,0.71,1217,89,80.15156567382812,99,🚬菸屁股,HOLD,1
SOFI,2027-01-15,45.0,0.28,11536,88,76.75804492187501,246,🚬菸屁股,HOLD,1
SMR,2028-01-21,8.0,7.45,906,86,113.28168359375002,617,🔭LEAPS,HOLD,1
PYPL,2027-01-15,90.0,0.31,17536,86,47.24173852539062,246,🚬菸屁股,HOLD,1
SOFI,2027-01-15,32.0,0.59,14303,81,69.92217578125,246,🚬菸屁股,HOLD,1
ONDS,2026-09-18,16.0,0.66,1287,80,105.66453417968751,127,🚬菸屁股,HOLD,1
PYPL,2026-09-18,100.0,0.05,5143,80,53.71140039062501,127,🚬菸屁股,HOLD,1
QBTS,2028-01-21,35.0,7.5,1250,79,100.7573321533203,617,🔭LEAPS,HOLD,1
SMCI,2028-01-21,40.0,11.0,4064,77,83.72819006347656,617,🔭LEAPS,HOLD,1
OPEN,2028-01-21,3.0,2.69,1667,77,90.3321279296875,617,🔭LEAPS,HOLD,1
ONDS,2026-07-17,15.0,0.35,6354,77,105.46922265625001,64,🚬菸屁股,HOLD,1
NVDA,2028-01-21,280.0,39.54,7102,76,49.41762008666992,617,🔭LEAPS,HOLD,1
SMR,2027-01-15,85.0,0.27,2734,76,127.93004785156248,246,🚬菸屁股,HOLD,1
NFLX,2026-07-17,125.0,0.25,3142,76,47.21732470703125,64,🚬菸屁股,HOLD,1
NFLX,2027-01-15,205.0,0.13,1542,76,52.00243310546875,246,🚬菸屁股,HOLD,1
SMR,2026-08-21,20.0,0.87,3187,74,105.66453417968751,99,🚬菸屁股,HOLD,1
QBTS,2028-01-21,20.0,10.73,2078,74,100.48877880859375,617,🔭LEAPS,HOLD,1
SMR,2028-01-21,10.0,6.85,2989,73,111.25532653808592,617,🔭LEAPS,HOLD,1
ACHR,2027-01-15,20.0,0.22,20948,72,88.08605664062499,246,🚬菸屁股,HOLD,1
ACHR,2028-01-21,3.0,4.45,3050,72,101.95361523437501,617,🔭LEAPS,HOLD,1
PYPL,2028-01-21,50.0,8.29,3965,72,47.15629016113281,617,🔭LEAPS,HOLD,1
MARA,2028-01-21,10.0,6.47,5080,72,89.47764428710936,617,🔭LEAPS,HOLD,1
NVTS,2028-01-21,25.0,10.98,1408,72,120.59365875244139,617,🔭LEAPS,HOLD,1
SMCI,2026-07-17,50.0,0.68,3199,71,83.30094824218747,64,🚬菸屁股,HOLD,1
SOFI,2026-10-16,24.0,0.67,2348,71,67.82258740234376,155,🚬菸屁股,HOLD,1
PATH,2027-01-15,17.0,0.68,13980,71,80.4689453125,246,🚬菸屁股,HOLD,1
MARA,2026-09-18,30.0,0.3,9705,71,95.80082324218748,127,🚬菸屁股,HOLD,1
CLSK,2028-01-21,30.0,2.77,15895,70,81.98260205078124,617,🔭LEAPS,HOLD,1
ONDS,2028-01-21,17.0,2.67,9629,69,100.1958115234375,617,🔭LEAPS,HOLD,1
PYPL,2027-01-15,125.0,0.09,13666,69,51.758294921875006,246,🚬菸屁股,HOLD,1
NFLX,2026-08-21,120.0,0.55,7800,69,39.67345483398438,99,🚬菸屁股,HOLD,1
IBIT,2026-08-21,60.0,0.6,5157,68,43.79939013671875,99,🚬菸屁股,HOLD,1
SOFI,2026-09-18,21.0,0.82,1464,68,66.06479248046875,127,🚬菸屁股,HOLD,1
UPST,2026-07-17,40.0,0.47,4218,67,72.851833984375,64,🚬菸屁股,HOLD,1
SOFI,2028-01-21,23.0,3.53,3368,67,70.41045214843751,617,🔭LEAPS,HOLD,1
HIMS,2028-01-21,28.0,10.17,943,67,92.84675122070311,617,🔭LEAPS,HOLD,1
MARA,2027-01-15,37.0,0.58,6040,67,91.8946123046875,246,🚬菸屁股,HOLD,1
HIMS,2028-01-21,50.0,6.53,2396,66,93.99420068359376,617,🔭LEAPS,HOLD,1
HIMS,2028-01-21,70.0,4.75,814,66,95.65434033203124,617,🔭LEAPS,HOLD,1
ACHR,2028-01-21,4.0,3.9,2059,65,95.70316796875,617,🔭LEAPS,HOLD,1
HOOD,2028-01-21,150.0,11.68,3801,64,68.01179449462893,617,🔭LEAPS,HOLD,1
SMR,2027-01-15,50.0,0.65,4475,64,116.55315161132816,246,🚬菸屁股,HOLD,1
PYPL,2027-01-15,70.0,0.93,11109,64,41.602146484375,246,🚬菸屁股,HOLD,1
PYPL,2026-10-16,60.0,0.91,1412,63,42.236905761718745,155,🚬菸屁股,HOLD,1
NFLX,2026-09-18,118.0,0.99,1991,63,39.942006835937505,127,🚬菸屁股,HOLD,1
SOFI,2028-06-16,8.0,9.56,2603,62,84.8634326171875,764,🔭LEAPS,HOLD,1
PATH,2026-09-18,15.0,0.52,1038,62,86.52357226562499,127,🚬菸屁股,HOLD,1
NFLX,2026-09-18,126.0,0.45,1111,62,40.40586938476562,127,🚬菸屁股,HOLD,1
PLUG,2028-01-21,2.5,2.06,10130,62,85.1563984375,617,🔭LEAPS,HOLD,1
PLUG,2028-01-21,0.5,3.45,2149,61,101.5629921875,617,🔭LEAPS,HOLD,1
HOOD,2026-07-17,115.0,0.83,5311,60,66.2356892089844,64,🚬菸屁股,HOLD,1
ONDS,2026-09-18,25.0,0.19,4675,60,107.42233789062503,127,🚬菸屁股,HOLD,1
RIVN,2028-01-21,32.0,2.24,851,60,92.33406103515625,617,🔭LEAPS,HOLD,1
SMR,2028-01-21,13.0,6.2,1831,58,110.3764246826172,617,🔭LEAPS,HOLD,1
CLSK,2028-01-21,15.0,5.37,3852,57,88.59874682617188,617,🔭LEAPS,HOLD,1
OPEN,2027-01-15,8.0,0.63,902,56,94.33599414062499,246,🚬菸屁股,HOLD,1
SMR,2026-08-21,35.0,0.27,3822,56,123.24257128906248,99,🚬菸屁股,HOLD,1
SMR,2028-01-21,5.0,8.79,1024,56,123.047259765625,617,🔭LEAPS,HOLD,1
BLDP,2026-08-21,5.0,0.6,1166,56,105.46922265625001,99,🚬菸屁股,HOLD,1
TDOC,2027-01-15,17.5,0.27,2522,55,81.2501875,246,🚬菸屁股,HOLD,1
HOOD,2026-09-18,150.0,0.95,4688,54,69.14093359375,127,🚬菸屁股,HOLD,1
BSX,2026-07-17,75.0,0.12,5124,54,46.48491015625,64,🚬菸屁股,HOLD,1
PATH,2026-08-21,14.0,0.44,3094,53,79.29708203125,99,🚬菸屁股,HOLD,1
NTLA,2028-01-21,20.0,5.73,1209,53,100.12256970214844,617,🔭LEAPS,HOLD,1
PYPL,2028-01-21,100.0,1.3,9033,53,44.983460327148435,617,🔭LEAPS,HOLD,1
NFLX,2027-01-15,200.0,0.21,16991,53,44.727115234375,246,🚬菸屁股,HOLD,1
PATH,2026-08-21,30.0,0.07,1347,52,104.68797656250001,99,🚬菸屁股,HOLD,1
ONDS,2028-01-21,3.0,6.65,1375,52,130.07847460937495,617,🔭LEAPS,HOLD,1
FLNC,2028-01-21,30.0,10.3,1030,52,103.50390045166019,617,🔭LEAPS,HOLD,1
SMCI,2026-07-17,65.0,0.25,987,51,94.33599414062499,64,🚬菸屁股,HOLD,1
U,2028-01-21,60.0,3.67,768,51,72.09500561523438,617,🔭LEAPS,HOLD,1
ACHR,2027-01-15,22.0,0.14,6436,51,89.64854101562499,246,🚬菸屁股,HOLD,1
ABT,2026-09-18,110.0,0.5,8213,51,33.42351733398438,127,🚬菸屁股,HOLD,1
CLSK,2028-01-21,17.0,4.9,1895,51,84.179845703125,617,🔭LEAPS,HOLD,1
ACHR,2028-01-21,15.0,1.39,11702,50,86.52357226562499,617,🔭LEAPS,HOLD,1
SMR,2028-01-21,20.0,4.7,2290,50,107.83737487792968,617,🔭LEAPS,HOLD,1
CLSK,2028-01-21,10.0,7.15,3303,50,93.35944140625,617,🔭LEAPS,HOLD,1
SOFI,2028-06-16,32.0,2.9,12775,49,69.72686523437501,764,🔭LEAPS,HOLD,1
CRWV,2026-07-17,210.0,0.99,892,48,85.10757080078125,64,🚬菸屁股,HOLD,1
ABT,2026-08-21,120.0,0.09,1265,48,40.40586938476562,99,🚬菸屁股,HOLD,1
AMZN,2026-08-21,380.0,0.69,9796,48,35.23013989257812,99,🚬菸屁股,HOLD,1
PLTR,2028-01-21,410.0,5.5,5794,47,60.937890625000016,617,🔭LEAPS,HOLD,1
SOFI,2026-08-21,23.0,0.42,3128,47,67.57844921875001,99,🚬菸屁股,HOLD,1
HIMS,2027-01-15,100.0,0.83,7184,47,104.49266503906252,246,🚬菸屁股,HOLD,1
PATH,2026-09-18,13.0,0.79,1626,46,80.4689453125,127,🚬菸屁股,HOLD,1
NOW,2026-07-17,140.0,0.48,1845,46,61.71913281250001,64,🚬菸屁股,HOLD,1
MSFT,2028-01-21,600.0,20.97,5361,45,33.640952903747554,617,🔭LEAPS,HOLD,1
VST,2026-07-17,240.0,0.3,3051,45,60.79140771484376,64,🚬菸屁股,HOLD,1
PATH,2026-08-21,18.0,0.17,17387,45,83.98453515624999,99,🚬菸屁股,HOLD,1
PYPL,2026-07-17,65.0,0.09,1201,45,43.945873046875,64,🚬菸屁股,HOLD,1
PYPL,2028-01-21,60.0,5.8,6370,45,42.48714739990235,617,🔭LEAPS,HOLD,1
PATH,2026-09-18,12.0,0.99,2027,44,80.37129003906249,127,🚬菸屁股,HOLD,1
HIMS,2026-08-21,50.0,0.76,1819,44,102.97900073242188,99,🚬菸屁股,HOLD,1
NFLX,2028-06-16,210.0,2.15,2862,44,44.16559741210938,764,🔭LEAPS,HOLD,1
MARA,2026-07-17,20.0,0.31,1409,44,87.695435546875,64,🚬菸屁股,HOLD,1
SMCI,2028-01-21,70.0,6.2,1384,43,81.26239440917968,617,🔭LEAPS,HOLD,1
SOFI,2026-08-21,27.0,0.23,2732,43,73.1447998046875,99,🚬菸屁股,HOLD,1
PYPL,2027-01-15,72.5,0.75,3584,43,41.57773266601562,246,🚬菸屁股,HOLD,1
NFLX,2026-07-17,130.0,0.19,3211,43,50.6840869140625,64,🚬菸屁股,HOLD,1
PACB,2028-01-21,2.0,0.66,4364,42,126.172244140625,617,🔭LEAPS,HOLD,1
SMR,2026-07-17,25.0,0.25,1317,42,106.25046875000001,64,🚬菸屁股,HOLD,1
AMZN,2026-07-17,340.0,0.66,995,42,31.409377319335935,64,🚬菸屁股,HOLD,1
PLUG,2028-01-21,1.0,3.1,4517,42,93.7500625,617,🔭LEAPS,HOLD,1
NFLX,2026-09-18,265.0,0.02,945,41,66.40658593750001,127,🚬菸屁股,HOLD,1
SOFI,2026-07-17,28.0,0.09,4062,40,77.73459765625,64,🚬菸屁股,HOLD,1
BSX,2026-07-17,80.0,0.1,2460,40,50.586431640624994,64,🚬菸屁股,HOLD,1
NFLX,2026-09-18,150.0,0.18,3520,40,43.164630859375,127,🚬菸屁股,HOLD,1
NFLX,2027-01-15,152.0,0.57,988,40,42.712975219726566,246,🚬菸屁股,HOLD,1
QBTS,2028-01-21,30.0,8.4,1645,39,100.48877880859375,617,🔭LEAPS,HOLD,1
NFLX,2026-07-17,180.0,0.06,1073,39,70.50810742187501,64,🚬菸屁股,HOLD,1
ACHR,2027-01-15,25.0,0.14,23286,38,93.164130859375,246,🚬菸屁股,HOLD,1
PYPL,2026-09-18,60.0,0.75,5071,37,41.309180664062495,127,🚬菸屁股,HOLD,1
MARA,2028-01-21,20.0,3.75,4654,37,84.61929443359374,617,🔭LEAPS,HOLD,1
SMCI,2026-09-18,85.0,0.45,2590,36,94.38482177734375,127,🚬菸屁股,HOLD,1
SMR,2027-01-15,47.0,0.67,928,36,116.40666796875001,246,🚬菸屁股,HOLD,1
TSCO,2026-07-17,45.0,0.09,6124,36,51.95360546875,64,🚬菸屁股,HOLD,1
QBTS,2028-01-21,40.0,6.7,1447,36,98.9257919921875,617,🔭LEAPS,HOLD,1
RIVN,2027-01-15,40.0,0.28,6821,36,75.195560546875,246,🚬菸屁股,HOLD,1
NFLX,2026-09-18,120.0,0.83,15499,36,39.33166137695313,127,🚬菸屁股,HOLD,1
SMCI,2028-01-21,90.0,4.4,4124,35,78.72335729980469,617,🔭LEAPS,HOLD,1
DKNG,2026-08-21,42.5,0.15,912,35,52.93015820312501,99,🚬菸屁股,HOLD,1
SMR,2028-01-21,85.0,1.55,1601,35,111.98774475097655,617,🔭LEAPS,HOLD,1
PYPL,2027-01-15,77.5,0.5,1415,35,46.460496337890625,246,🚬菸屁股,HOLD,1
HOOD,2026-07-17,150.0,0.21,2318,34,79.29708203125,64,🚬菸屁股,HOLD,1
HOOD,2028-01-21,290.0,3.5,4585,34,69.29351995849609,617,🔭LEAPS,HOLD,1
ACHR,2028-01-21,12.0,1.71,3426,34,86.32826171875,617,🔭LEAPS,HOLD,1
ABT,2026-09-18,105.0,0.82,1041,34,32.605654418945306,127,🚬菸屁股,HOLD,1
NFLX,2026-07-17,135.0,0.15,1025,34,50.97705273437501,64,🚬菸屁股,HOLD,1
IBIT,2027-01-15,140.0,0.15,27265,33,60.547269531250016,246,🚬菸屁股,HOLD,1
SOFI,2028-06-16,45.0,1.92,4026,33,70.55693505859377,764,🔭LEAPS,HOLD,1
PATH,2026-09-18,20.0,0.2,1929,33,85.1563984375,127,🚬菸屁股,HOLD,1
PATH,2027-01-15,37.0,0.13,2172,33,88.476677734375,246,🚬菸屁股,HOLD,1
NTLA,2028-01-21,15.0,6.86,866,33,88.15929809570311,617,🔭LEAPS,HOLD,1
PACB,2027-01-15,3.0,0.13,2212,33,134.76595117187497,246,🚬菸屁股,HOLD,1
PYPL,2026-09-18,67.5,0.36,1072,33,46.045461425781255,127,🚬菸屁股,HOLD,1
MARA,2027-01-15,35.0,0.58,12343,33,91.1133701171875,246,🚬菸屁股,HOLD,1
IBIT,2028-06-16,100.0,4.35,25899,32,55.56685058593751,764,🔭LEAPS,HOLD,1
CLSK,2027-01-15,37.0,0.61,4997,32,91.06454248046875,246,🚬菸屁股,HOLD,1
MARA,2028-01-21,30.0,2.46,5054,32,82.25115405273438,617,🔭LEAPS,HOLD,1
NFLX,2026-09-18,135.0,0.27,2351,31,42.62752685546876,127,🚬菸屁股,HOLD,1
NFLX,2028-06-16,130.0,9.2,851,31,43.9885972290039,764,🔭LEAPS,HOLD,1
HOOD,2026-07-17,135.0,0.35,796,30,70.70341796875,64,🚬菸屁股,HOLD,1
HOOD,2026-07-17,140.0,0.37,3103,30,72.21707470703124,64,🚬菸屁股,HOLD,1
NFLX,2026-08-21,114.0,0.98,2085,30,40.7232490234375,99,🚬菸屁股,HOLD,1
IBIT,2026-10-16,65.0,0.82,5786,29,45.67925415039063,155,🚬菸屁股,HOLD,1
BSX,2027-01-15,90.0,0.62,12698,29,43.335527587890624,246,🚬菸屁股,HOLD,1
NFLX,2028-06-16,150.0,6.35,1239,29,43.60407958984375,764,🔭LEAPS,HOLD,1
MARA,2028-01-21,5.0,9.2,4792,29,98.9257919921875,617,🔭LEAPS,HOLD,1
SOFI,2028-01-21,45.0,1.31,4130,28,70.6057626953125,617,🔭LEAPS,HOLD,1
NFLX,2026-09-18,125.0,0.64,23434,28,39.624627197265625,127,🚬菸屁股,HOLD,1
DKNG,2026-08-21,32.5,0.71,8021,27,51.07470800781251,99,🚬菸屁股,HOLD,1
PATH,2028-01-21,22.0,1.35,3443,27,76.41625146484375,617,🔭LEAPS,HOLD,1
SMR,2026-07-17,23.0,0.28,922,27,114.25824121093751,64,🚬菸屁股,HOLD,1
PYPL,2028-01-21,45.0,10.1,1500,27,48.279325805664065,617,🔭LEAPS,HOLD,1
IBIT,2028-01-21,60.0,8.12,6820,26,54.22409057617189,617,🔭LEAPS,HOLD,1
HIMS,2027-01-15,105.0,0.8,8153,26,105.2739111328125,246,🚬菸屁股,HOLD,1
SMR,2028-01-21,23.0,4.25,830,26,108.15475610351561,617,🔭LEAPS,HOLD,1
NOW,2026-07-17,135.0,0.5,876,26,62.74451318359377,64,🚬菸屁股,HOLD,1
AMZN,2026-08-21,390.0,0.49,4598,26,35.49869189453124,99,🚬菸屁股,HOLD,1
MSTR,2028-01-21,700.0,15.96,5397,25,82.32744723510741,617,🔭LEAPS,HOLD,1
DKNG,2027-01-15,60.0,0.18,9007,25,58.39885351562499,246,🚬菸屁股,HOLD,1
PATH,2026-08-21,16.0,0.26,1664,25,89.16026464843749,99,🚬菸屁股,HOLD,1
TDOC,2028-01-21,7.0,2.42,1918,25,74.36549072265625,617,🔭LEAPS,HOLD,1
OPEN,2026-09-18,9.0,0.19,1693,25,91.4063359375,127,🚬菸屁股,HOLD,1
IBM,2028-01-21,460.0,3.34,1000,25,37.54945263671875,617,🔭LEAPS,HOLD,1
TGT,2026-07-17,150.0,0.78,1884,25,37.695935546875,64,🚬菸屁股,HOLD,1
NFLX,2026-10-16,125.0,0.96,1584,25,39.063109374999996,155,🚬菸屁股,HOLD,1
MARA,2026-09-18,25.0,0.45,6811,25,90.9180595703125,127,🚬菸屁股,HOLD,1
VST,2026-07-17,210.0,0.76,1993,24,54.34615966796876,64,🚬菸屁股,HOLD,1
SOFI,2026-10-16,30.0,0.33,1534,24,70.70341796875,155,🚬菸屁股,HOLD,1
TDOC,2026-07-17,8.0,0.32,2810,24,69.72686523437501,64,🚬菸屁股,HOLD,1
SMR,2026-08-21,25.0,0.51,815,24,116.40666796875001,99,🚬菸屁股,HOLD,1
TSCO,2027-01-15,66.0,0.28,2662,24,54.394987304687504,246,🚬菸屁股,HOLD,1
JPM,2026-07-17,360.0,0.63,1599,24,26.831786376953122,64,🚬菸屁股,HOLD,1
SMCI,2026-07-17,60.0,0.3,3542,23,87.98840136718749,64,🚬菸屁股,HOLD,1
SMCI,2026-08-21,60.0,0.72,1895,23,86.86536572265625,99,🚬菸屁股,HOLD,1
UPST,2027-01-15,80.0,0.69,4703,23,82.56853369140623,246,🚬菸屁股,HOLD,1
JOBY,2028-01-21,25.0,2.3,980,23,84.91226025390624,617,🔭LEAPS,HOLD,1
QBTS,2028-01-21,22.0,10.23,769,23,98.55958471679689,617,🔭LEAPS,HOLD,1
NFLX,2026-08-21,140.0,0.19,3462,23,47.461462890625,99,🚬菸屁股,HOLD,1
NFLX,2027-01-15,160.0,0.62,5142,23,43.469803588867194,246,🚬菸屁股,HOLD,1
NFLX,2028-06-16,200.0,2.47,1970,23,44.80646014404296,764,🔭LEAPS,HOLD,1
NVTS,2028-01-21,30.0,10.24,3920,23,119.04337353515623,617,🔭LEAPS,HOLD,1
TSLA,2028-01-21,940.0,36.5,5149,22,56.0627562713623,617,🔭LEAPS,HOLD,1
SOFI,2028-01-21,5.0,11.3,870,22,136.1331318359375,617,🔭LEAPS,HOLD,1
OPEN,2026-09-18,6.0,0.5,2482,22,85.1563984375,127,🚬菸屁股,HOLD,1
MARA,2026-09-18,40.0,0.17,16709,22,101.7583037109375,127,🚬菸屁股,HOLD,1
NVDA,2028-01-21,370.0,21.49,5008,21,48.337308624267585,617,🔭LEAPS,HOLD,1
SMCI,2027-01-15,100.0,0.93,3858,21,87.45129736328124,246,🚬菸屁股,HOLD,1
ACHR,2028-01-21,25.0,0.8,1166,21,85.1563984375,617,🔭LEAPS,HOLD,1
QBTS,2028-01-21,42.0,6.55,1627,21,97.81496325683594,617,🔭LEAPS,HOLD,1
PYPL,2028-01-21,105.0,1.42,812,21,53.06443420410156,617,🔭LEAPS,HOLD,1
NFLX,2027-01-15,220.0,0.46,817,21,54.17526293945314,246,🚬菸屁股,HOLD,1
IBIT,2026-09-18,70.0,0.37,15819,20,46.82670361328125,127,🚬菸屁股,HOLD,1
NTLA,2028-01-21,12.5,6.7,853,20,83.27653442382811,617,🔭LEAPS,HOLD,1
PYPL,2026-07-17,70.0,0.09,3338,20,50.586431640624994,64,🚬菸屁股,HOLD,1
PYPL,2026-09-18,65.0,0.44,3397,20,43.311113769531254,127,🚬菸屁股,HOLD,1
NFLX,2026-09-18,170.0,0.01,909,20,53.22312402343749,127,🚬菸屁股,HOLD,1
SOFI,2026-07-17,33.0,0.05,1203,19,85.1563984375,64,🚬菸屁股,HOLD,1
HOOD,2026-07-17,125.0,0.54,1484,19,68.21320849609377,64,🚬菸屁股,HOLD,1
SMR,2026-07-17,18.0,0.67,1082,19,106.83640332031253,64,🚬菸屁股,HOLD,1
NOW,2026-07-17,150.0,0.26,1392,19,67.87141503906251,64,🚬菸屁股,HOLD,1
BSX,2026-08-21,70.0,0.75,768,19,44.11676977539062,99,🚬菸屁股,HOLD,1
RIVN,2026-09-18,27.0,0.18,6802,19,66.69955175781253,127,🚬菸屁股,HOLD,1
RIVN,2028-01-21,10.0,6.75,1926,19,75.87914746093752,617,🔭LEAPS,HOLD,1
RIVN,2028-01-21,12.0,6.45,2811,19,80.02949658203124,617,🔭LEAPS,HOLD,1
PYPL,2028-01-21,80.0,1.7,3727,19,44.56842541503906,617,🔭LEAPS,HOLD,1
PYPL,2028-01-21,115.0,0.88,15696,19,46.24077197265626,617,🔭LEAPS,HOLD,1
NVDA,2028-01-21,390.0,19.4,7830,18,48.32815344238281,617,🔭LEAPS,HOLD,1
NVDA,2028-01-21,410.0,17.17,17648,18,48.44717080688476,617,🔭LEAPS,HOLD,1
SMCI,2028-01-21,105.0,3.4,7185,18,79.66328930664062,617,🔭LEAPS,HOLD,1
CLSK,2028-01-21,12.0,6.35,2028,18,90.67392138671875,617,🔭LEAPS,HOLD,1
NVDA,2028-01-21,380.0,20.66,8411,17,48.44717080688476,617,🔭LEAPS,HOLD,1
SMCI,2028-01-21,50.0,9.0,3090,17,82.60515441894529,617,🔭LEAPS,HOLD,1
PATH,2028-01-21,25.0,1.2,8516,17,74.87818090820313,617,🔭LEAPS,HOLD,1
HIMS,2028-01-21,60.0,5.67,1266,17,98.59620544433594,617,🔭LEAPS,HOLD,1
JOBY,2028-01-21,8.0,5.85,4307,17,89.74619628906248,617,🔭LEAPS,HOLD,1
ABT,2026-08-21,105.0,0.58,2163,17,35.30338134765625,99,🚬菸屁股,HOLD,1
AMZN,2026-07-17,350.0,0.43,1677,17,32.031929687499996,64,🚬菸屁股,HOLD,1
RIVN,2026-09-18,28.0,0.14,858,17,70.312796875,127,🚬菸屁股,HOLD,1
RIVN,2028-01-21,22.0,3.9,1155,17,78.9064609375,617,🔭LEAPS,HOLD,1
PYPL,2026-09-18,90.0,0.08,2278,17,50.7817421875,127,🚬菸屁股,HOLD,1
MARA,2028-01-21,40.0,1.7,6319,17,83.30094824218747,617,🔭LEAPS,HOLD,1
NVDA,2028-06-16,350.0,31.39,5460,16,49.124654266357425,764,🔭LEAPS,HOLD,1
DKNG,2026-09-18,40.0,0.3,8158,16,53.906710937500016,127,🚬菸屁股,HOLD,1
DKNG,2026-09-18,45.0,0.14,6240,16,58.10588769531251,127,🚬菸屁股,HOLD,1
U,2028-01-21,25.0,10.99,971,16,76.31859619140626,617,🔭LEAPS,HOLD,1
HOOD,2026-07-17,160.0,0.18,950,16,78.6134951171875,64,🚬菸屁股,HOLD,1
HOOD,2026-08-21,150.0,0.62,837,16,72.55886816406249,99,🚬菸屁股,HOLD,1
OPEN,2028-01-21,1.0,3.8,1802,16,123.43788281249999,617,🔭LEAPS,HOLD,1
ONDS,2026-09-18,17.0,0.56,6305,16,104.10204199218754,127,🚬菸屁股,HOLD,1
NOW,2026-08-21,155.0,0.6,1365,16,65.57651611328126,99,🚬菸屁股,HOLD,1
IBM,2027-01-15,400.0,0.76,904,16,39.41710974121094,246,🚬菸屁股,HOLD,1
NFLX,2026-09-18,130.0,0.52,6012,16,40.38145556640625,127,🚬菸屁股,HOLD,1
UPST,2027-01-15,100.0,0.4,5698,15,85.35170898437501,246,🚬菸屁股,HOLD,1
SOFI,2026-08-21,35.0,0.12,1799,15,84.76577734374999,99,🚬菸屁股,HOLD,1
PATH,2026-08-21,20.0,0.11,5130,15,85.1563984375,99,🚬菸屁股,HOLD,1
TDOC,2028-01-21,17.0,0.8,1021,15,76.562734375,617,🔭LEAPS,HOLD,1
ACHR,2026-10-16,12.0,0.36,6564,15,84.76577734374999,155,🚬菸屁股,HOLD,1
RIVN,2026-09-18,25.0,0.29,21571,15,68.35969140625001,127,🚬菸屁股,HOLD,1
TGT,2027-01-15,230.0,0.35,2535,15,41.15049084472656,246,🚬菸屁股,HOLD,1
NFLX,2028-01-21,225.0,1.1,803,15,42.60311303710938,617,🔭LEAPS,HOLD,1
NFLX,2028-06-16,120.0,11.49,1926,15,44.482977050781244,764,🔭LEAPS,HOLD,1
MARA,2028-01-21,15.0,4.81,4400,15,81.98260205078124,617,🔭LEAPS,HOLD,1
UPST,2028-01-21,47.5,8.27,751,14,87.43909045410156,617,🔭LEAPS,HOLD,1
HOOD,2028-01-21,280.0,3.8,1528,14,68.43293286132813,617,🔭LEAPS,HOLD,1
TDOC,2026-07-17,15.0,0.08,1482,14,96.0937890625,64,🚬菸屁股,HOLD,1
ONDS,2026-09-18,18.0,0.49,7273,14,104.49266503906252,127,🚬菸屁股,HOLD,1
CLSK,2028-01-21,25.0,3.35,3374,14,84.32632861328125,617,🔭LEAPS,HOLD,1
DKNG,2027-01-15,70.0,0.1,3798,13,57.22699023437501,246,🚬菸屁股,HOLD,1
PATH,2028-01-21,3.0,7.0,1067,13,94.726615234375,617,🔭LEAPS,HOLD,1
TDOC,2028-01-21,5.0,3.5,768,13,70.0198310546875,617,🔭LEAPS,HOLD,1
ONDS,2028-01-21,2.0,6.95,1012,13,145.89870800781247,617,🔭LEAPS,HOLD,1
NFLX,2026-08-21,130.0,0.32,12983,13,43.79939013671875,99,🚬菸屁股,HOLD,1
NFLX,2026-08-21,135.0,0.23,852,13,48.1450498046875,99,🚬菸屁股,HOLD,1
DDD,2028-01-21,3.0,1.72,1231,13,101.5629921875,617,🔭LEAPS,HOLD,1
IBIT,2028-06-16,90.0,5.25,12621,12,55.56685058593751,764,🔭LEAPS,HOLD,1
DKNG,2028-01-21,50.0,2.28,25824,12,64.0750662841797,617,🔭LEAPS,HOLD,1
DKNG,2028-01-21,65.0,1.16,4538,12,54.07760766601564,617,🔭LEAPS,HOLD,1
PATH,2026-09-18,18.0,0.28,1600,12,82.12908496093749,127,🚬菸屁股,HOLD,1
HOOD,2028-01-21,160.0,10.53,1078,12,65.0943432006836,617,🔭LEAPS,HOLD,1
PACB,2028-01-21,1.0,0.85,756,12,107.03171484375002,617,🔭LEAPS,HOLD,1
HIMS,2028-01-21,65.0,5.06,868,12,93.88433850097657,617,🔭LEAPS,HOLD,1
JOBY,2027-01-15,35.0,0.27,2722,12,89.45323046875,246,🚬菸屁股,HOLD,1
NOW,2026-09-18,180.0,0.53,1781,12,63.33044482421876,127,🚬菸屁股,HOLD,1
IBM,2027-01-15,470.0,0.22,891,12,41.18711157226562,246,🚬菸屁股,HOLD,1
AMZN,2026-07-17,370.0,0.15,2842,12,33.20379296875,64,🚬菸屁股,HOLD,1
NFLX,2026-09-18,122.0,0.63,1018,12,39.69786865234375,127,🚬菸屁股,HOLD,1
NFLX,2026-09-18,140.0,0.24,2194,12,43.457596679687505,127,🚬菸屁股,HOLD,1
NFLX,2026-09-18,266.0,0.04,2727,12,65.23472265625001,127,🚬菸屁股,HOLD,1
NFLX,2028-01-21,140.0,5.65,3439,12,41.815767395019535,617,🔭LEAPS,HOLD,1
IBIT,2026-05-15,63.0,0.01,71143,11,131.25034374999998,1,🎲末日結算 🚬菸屁股 🔥萬人塚,HOLD,1
IBIT,2027-01-15,135.0,0.18,12076,11,59.277750976562515,246,🚬菸屁股,HOLD,1
SOFI,2027-01-15,37.0,0.44,3069,11,72.07059179687501,246,🚬菸屁股,HOLD,1
HIMS,2028-01-21,80.0,4.07,1000,11,94.84868432617188,617,🔭LEAPS,HOLD,1
ONDS,2028-01-21,4.0,6.29,2022,11,133.20345898437495,617,🔭LEAPS,HOLD,1
ACHR,2028-01-21,17.0,1.1,936,11,85.88881298828124,617,🔭LEAPS,HOLD,1
SMR,2028-01-21,30.0,3.75,1495,11,109.30221130371093,617,🔭LEAPS,HOLD,1
NOW,2026-07-17,180.0,0.15,1654,11,80.1759794921875,64,🚬菸屁股,HOLD,1
BSX,2026-09-18,105.0,0.12,1140,11,52.93015820312501,127,🚬菸屁股,HOLD,1
QBTS,2028-01-21,65.0,4.7,2224,11,100.24463940429689,617,🔭LEAPS,HOLD,1
AMZN,2026-07-17,360.0,0.26,1440,11,32.422550781249996,64,🚬菸屁股,HOLD,1
RIVN,2026-09-18,21.0,0.63,9783,11,66.79720703125001,127,🚬菸屁股,HOLD,1
RIVN,2028-01-21,37.0,1.71,4095,11,71.24052197265625,617,🔭LEAPS,HOLD,1
CLSK,2027-01-15,32.0,0.87,4044,11,91.16219775390626,246,🚬菸屁股,HOLD,1
PYPL,2026-09-18,80.0,0.13,4294,11,50.098155273437506,127,🚬菸屁股,HOLD,1
NFLX,2026-05-15,115.0,0.01,30247,11,103.12548437500001,1,🎲末日結算 🚬菸屁股 🔥萬人塚,HOLD,1
IBIT,2027-01-15,95.0,0.43,18045,10,51.41650146484375,246,🚬菸屁股,HOLD,1
SMCI,2026-08-21,55.0,0.95,761,10,84.8634326171875,99,🚬菸屁股,HOLD,1
UPST,2026-07-17,50.0,0.23,844,10,71.87528125,64,🚬菸屁股,HOLD,1
U,2028-01-21,70.0,4.0,1456,10,71.91190197753907,617,🔭LEAPS,HOLD,1
HIMS,2027-01-15,85.0,0.99,1645,10,101.80713159179686,246,🚬菸屁股,HOLD,1
JOBY,2027-01-15,25.0,0.67,3363,10,85.742330078125,246,🚬菸屁股,HOLD,1
SMR,2028-01-21,40.0,2.9,784,10,110.25435498046878,617,🔭LEAPS,HOLD,1
ABT,2026-08-21,115.0,0.25,1585,10,35.69400244140625,99,🚬菸屁股,HOLD,1
NOW,2026-09-18,165.0,0.8,773,10,64.5511357421875,127,🚬菸屁股,HOLD,1
NOW,2027-01-15,244.0,0.8,1306,10,63.72106591796876,246,🚬菸屁股,HOLD,1
QBTS,2028-01-21,25.0,9.2,1166,10,99.2187578125,617,🔭LEAPS,HOLD,1
JPM,2026-09-18,410.0,0.3,1342,10,27.466545654296876,127,🚬菸屁股,HOLD,1
CLSK,2028-01-21,22.0,4.2,1275,10,87.89074609375,617,🔭LEAPS,HOLD,1
TGT,2027-01-15,220.0,0.62,1168,10,41.01621484375,246,🚬菸屁股,HOLD,1
PYPL,2026-09-18,70.0,0.2,3786,10,45.80132324218751,127,🚬菸屁股,HOLD,1
PYPL,2027-01-15,85.0,0.31,2661,10,51.294432373046874,246,🚬菸屁股,HOLD,1
NFLX,2026-09-18,142.0,0.29,1093,10,48.5356708984375,127,🚬菸屁股,HOLD,1
NFLX,2028-01-21,170.0,2.8,1029,10,44.12897668457031,617,🔭LEAPS,HOLD,1
NVDA,2026-09-18,410.0,0.9,5414,9,51.025880371093756,127,🚬菸屁股,HOLD,1
NVDA,2028-01-21,270.0,43.2,6897,9,49.672439315795906,617,🔭LEAPS,HOLD,1
OPEN,2026-08-21,11.0,0.08,922,9,117.57853710937498,99,🚬菸屁股,HOLD,1
PACB,2027-01-15,1.0,0.58,2577,9,119.53165234375001,246,🚬菸屁股,HOLD,1
RIVN,2028-01-21,30.0,2.24,6111,9,72.46121289062499,617,🔭LEAPS,HOLD,1
PYPL,2027-01-15,115.0,0.09,4002,9,50.879397460937504,246,🚬菸屁股,HOLD,1
NFLX,2026-08-21,150.0,0.14,779,9,47.1684970703125,99,🚬菸屁股,HOLD,1
NFLX,2026-09-18,132.0,0.32,813,9,42.62752685546876,127,🚬菸屁股,HOLD,1
NFLX,2027-01-15,170.0,0.31,2504,9,43.60407958984375,246,🚬菸屁股,HOLD,1
MARA,2026-07-17,24.0,0.16,760,9,91.79695703125,64,🚬菸屁股,HOLD,1
UPST,2028-01-21,30.0,10.92,1234,8,88.06164282226561,617,🔭LEAPS,HOLD,1
U,2026-08-21,40.0,0.94,1831,8,70.26396923828125,99,🚬菸屁股,HOLD,1
HOOD,2026-09-18,165.0,0.67,763,8,72.26590234375,127,🚬菸屁股,HOLD,1
HOOD,2027-01-15,250.0,0.69,2329,8,71.53348779296876,246,🚬菸屁股,HOLD,1
HIMS,2027-01-15,90.0,0.85,3692,8,102.68603344726563,246,🚬菸屁股,HOLD,1
ONDS,2028-01-21,22.0,2.12,1082,8,95.55668505859374,617,🔭LEAPS,HOLD,1
TSCO,2026-10-16,45.0,0.44,1536,8,51.123535644531245,155,🚬菸屁股,HOLD,1
BSX,2026-07-17,65.0,0.55,3064,8,39.649041015625,64,🚬菸屁股,HOLD,1
BSX,2026-07-17,90.0,0.09,3582,8,55.859816406250005,64,🚬菸屁股,HOLD,1
RIVN,2027-01-15,27.0,0.8,4692,8,69.72686523437501,246,🚬菸屁股,HOLD,1
PYPL,2027-01-15,82.5,0.41,3251,8,45.9966337890625,246,🚬菸屁股,HOLD,1
PYPL,2028-01-21,55.0,6.56,8248,8,44.64166687011719,617,🔭LEAPS,HOLD,1
PYPL,2028-01-21,110.0,0.86,7817,8,49.60987890625,617,🔭LEAPS,HOLD,1
NFLX,2026-08-21,152.0,0.13,789,8,54.73678076171876,99,🚬菸屁股,HOLD,1
NFLX,2026-09-18,124.0,0.68,1377,8,41.431249755859376,127,🚬菸屁股,HOLD,1
NFLX,2027-01-15,165.0,0.46,2191,8,43.97028686523438,246,🚬菸屁股,HOLD,1
NFLX,2028-01-21,180.0,2.38,2996,8,41.28476684570312,617,🔭LEAPS,HOLD,1
MARA,2028-01-21,17.0,4.5,1499,8,85.98646826171876,617,🔭LEAPS,HOLD,1
IBIT,2027-01-15,110.0,0.3,29736,7,54.78560839843751,246,🚬菸屁股,HOLD,1
SMCI,2026-08-21,65.0,0.59,1634,7,89.50205810546873,99,🚬菸屁股,HOLD,1
SMCI,2026-09-18,70.0,0.71,1510,7,87.45129736328124,127,🚬菸屁股,HOLD,1
SMCI,2026-09-18,80.0,0.78,1597,7,92.57819921875,127,🚬菸屁股,HOLD,1
SMCI,2028-01-21,60.0,7.27,3418,7,81.97039514160156,617,🔭LEAPS,HOLD,1
SOFI,2026-07-17,27.0,0.1,1948,7,75.39087109375001,64,🚬菸屁股,HOLD,1
SOFI,2026-09-18,28.0,0.3,1315,7,70.9963837890625,127,🚬菸屁股,HOLD,1
SOFI,2026-10-16,27.0,0.45,2940,7,69.04327832031252,155,🚬菸屁股,HOLD,1
SOFI,2028-01-21,37.0,1.85,8028,7,70.70341796875,617,🔭LEAPS,HOLD,1
TDOC,2027-01-15,10.0,0.65,8250,7,67.96907031250001,246,🚬菸屁股,HOLD,1
TDOC,2027-01-15,15.0,0.38,10506,7,74.2190078125,246,🚬菸屁股,HOLD,1
OPEN,2028-01-21,17.0,3.4,861,7,25.00075,617,🔭LEAPS,HOLD,1
PACB,2028-01-21,1.5,0.85,6698,7,102.34423828125001,617,🔭LEAPS,HOLD,1
JOBY,2026-07-17,30.0,0.02,1090,7,110.15669921875002,64,🚬菸屁股,HOLD,1
ACHR,2026-07-17,13.0,0.04,1016,7,90.23447265624999,64,🚬菸屁股,HOLD,1
ACHR,2026-07-17,15.0,0.02,1609,7,93.7500625,64,🚬菸屁股,HOLD,1
NOW,2027-01-15,344.0,0.3,3660,7,69.92217578125,246,🚬菸屁股,HOLD,1
RIVN,2026-09-18,26.0,0.25,1936,7,65.62534375000001,127,🚬菸屁股,HOLD,1
RIVN,2028-01-21,25.0,2.96,2657,7,74.2190078125,617,🔭LEAPS,HOLD,1
RIVN,2028-06-16,20.0,4.67,920,7,76.05004418945313,764,🔭LEAPS,HOLD,1
PYPL,2026-07-17,85.0,0.02,796,7,62.890996093750005,64,🚬菸屁股,HOLD,1
PYPL,2026-09-18,85.0,0.1,2663,7,55.1762294921875,127,🚬菸屁股,HOLD,1
NFLX,2027-01-15,212.0,0.35,1623,7,54.102021484375015,246,🚬菸屁股,HOLD,1
SMCI,2028-01-21,85.0,4.7,15225,6,80.11494494628906,617,🔭LEAPS,HOLD,1
UPST,2026-09-18,50.0,0.65,1335,6,81.445498046875,127,🚬菸屁股,HOLD,1
SOFI,2026-07-17,35.0,0.05,2018,6,89.062609375,64,🚬菸屁股,HOLD,1
U,2028-01-21,30.0,9.35,3505,6,74.48755981445312,617,🔭LEAPS,HOLD,1
PACB,2027-01-15,2.0,0.24,6110,6,105.078599609375,246,🚬菸屁股,HOLD,1
ONDS,2027-01-15,27.0,0.55,6547,6,101.85595947265624,246,🚬菸屁股,HOLD,1
NOW,2027-01-15,300.0,0.4,1095,6,67.52962158203127,246,🚬菸屁股,HOLD,1
BSX,2027-01-15,105.0,0.27,3418,6,44.92242578125,246,🚬菸屁股,HOLD,1
PYPL,2026-09-18,62.5,0.56,1281,6,44.336494140625,127,🚬菸屁股,HOLD,1
NFLX,2027-01-15,180.0,0.08,3320,6,47.852083984375,246,🚬菸屁股,HOLD,1
NFLX,2028-01-21,114.0,11.51,11394,6,44.33954586791992,617,🔭LEAPS,HOLD,1
MARA,2026-09-18,27.0,0.29,1944,6,91.60164648437501,127,🚬菸屁股,HOLD,1
MARA,2028-01-21,13.0,5.32,1587,6,88.33019482421875,617,🔭LEAPS,HOLD,1
TDUP,2026-07-17,5.0,0.48,758,6,87.30481445312499,64,🚬菸屁股,HOLD,1
SOFI,2027-01-15,42.0,0.31,6204,5,74.5119736328125,246,🚬菸屁股,HOLD,1
U,2028-01-21,65.0,3.5,1994,5,72.13162634277343,617,🔭LEAPS,HOLD,1
PATH,2027-01-15,22.0,0.41,7722,5,80.37129003906249,246,🚬菸屁股,HOLD,1
TDOC,2027-01-15,12.5,0.49,1579,5,70.898728515625,246,🚬菸屁股,HOLD,1
XYZ,2027-01-15,140.0,0.88,1327,5,51.22119091796875,246,🚬菸屁股,HOLD,1
JOBY,2028-01-21,3.0,8.8,981,5,99.60937890625,617,🔭LEAPS,HOLD,1
ACHR,2026-07-17,14.0,0.03,1080,5,87.500125,64,🚬菸屁股,HOLD,1
SMR,2028-01-21,18.0,5.1,1325,5,117.62736499023435,617,🔭LEAPS,HOLD,1
SMR,2028-01-21,50.0,2.45,965,5,111.23091259765626,617,🔭LEAPS,HOLD,1
TSCO,2026-07-17,50.0,0.16,852,5,56.250437500000004,64,🚬菸屁股,HOLD,1
TSCO,2026-09-18,75.0,0.06,1607,5,80.27363476562499,127,🚬菸屁股,HOLD,1
ABT,2027-01-15,155.0,0.4,2197,5,39.18517846679687,246,🚬菸屁股,HOLD,1
NOW,2028-01-21,230.0,5.1,873,5,58.75895733642578,617,🔭LEAPS,HOLD,1
BSX,2026-09-18,85.0,0.32,1161,5,46.92435888671875,127,🚬菸屁股,HOLD,1
BSX,2026-09-18,90.0,0.3,1114,5,49.756361816406255,127,🚬菸屁股,HOLD,1
QBTS,2028-01-21,27.0,8.8,1911,5,98.97461962890624,617,🔭LEAPS,HOLD,1
F,2027-01-15,20.0,0.19,10781,5,36.524072265625,246,🚬菸屁股,HOLD,1
PYPL,2027-01-15,105.0,0.18,6241,5,49.60987890625,246,🚬菸屁股,HOLD,1
NFLX,2027-01-15,168.0,0.3,1922,5,47.6567734375,246,🚬菸屁股,HOLD,1
NFLX,2028-01-21,134.0,7.05,998,5,43.73835559082031,617,🔭LEAPS,HOLD,1
NFLX,2028-01-21,150.0,4.7,4820,5,41.97445721435547,617,🔭LEAPS,HOLD,1
MARA,2027-01-15,32.0,0.69,5898,5,89.3555751953125,246,🚬菸屁股,HOLD,1
IBIT,2027-01-15,120.0,0.21,18931,4,57.0316796875,246,🚬菸屁股,HOLD,1
OKLO,2026-07-17,165.0,0.92,882,4,119.28751293945314,64,🚬菸屁股,HOLD,1
UPST,2028-01-21,100.0,2.9,855,4,85.52260571289064,617,🔭LEAPS,HOLD,1
SOFI,2028-06-16,37.0,2.3,4171,4,70.36162451171876,764,🔭LEAPS,HOLD,1
DKNG,2028-01-21,25.0,8.32,3725,4,67.16341430664063,617,🔭LEAPS,HOLD,1
U,2026-08-21,39.0,0.99,1595,4,71.82645361328125,99,🚬菸屁股,HOLD,1
PATH,2026-08-21,25.0,0.07,818,4,86.32826171875,99,🚬菸屁股,HOLD,1
NTLA,2027-01-15,35.0,0.85,3953,4,88.52550537109374,246,🚬菸屁股,HOLD,1
NTLA,2028-01-21,7.5,9.48,868,4,107.91061669921875,617,🔭LEAPS,HOLD,1
BEAM,2028-01-21,50.0,8.55,1974,4,81.88494677734374,617,🔭LEAPS,HOLD,1
ABT,2026-08-21,125.0,0.15,750,4,43.89704541015625,99,🚬菸屁股,HOLD,1
IBM,2026-09-18,320.0,0.99,1252,4,40.75986975097656,127,🚬菸屁股,HOLD,1
CLSK,2027-01-15,30.0,0.99,10446,4,92.23640576171876,246,🚬菸屁股,HOLD,1
CLSK,2028-01-21,5.0,9.75,1230,4,112.30512597656251,617,🔭LEAPS,HOLD,1
CLSK,2028-01-21,37.0,2.0,6823,4,80.00508276367188,617,🔭LEAPS,HOLD,1
PYPL,2026-09-18,115.0,0.04,1460,4,65.43003320312502,127,🚬菸屁股,HOLD,1
NFLX,2026-09-18,240.0,0.04,1494,4,67.18782812500001,127,🚬菸屁股,HOLD,1
NFLX,2027-01-15,230.0,0.18,2853,4,53.27195166015625,246,🚬菸屁股,HOLD,1
MARA,2028-01-21,3.0,10.02,1240,4,118.75040625,617,🔭LEAPS,HOLD,1
MARA,2028-01-21,22.0,3.08,825,4,82.95915478515624,617,🔭LEAPS,HOLD,1
MARA,2028-01-21,32.0,2.04,5563,4,84.42398388671874,617,🔭LEAPS,HOLD,1
DDD,2027-01-15,5.5,0.6,983,4,99.41406835937501,246,🚬菸屁股,HOLD,1
PLUG,2028-01-21,1.5,2.97,3746,4,87.89074609375,617,🔭LEAPS,HOLD,1
IBIT,2028-06-16,5.0,40.97,6816,3,134.91243481445312,764,🔭LEAPS,HOLD,1
SMCI,2026-09-18,65.0,0.87,1598,3,85.4493642578125,127,🚬菸屁股,HOLD,1
SMCI,2026-09-18,75.0,0.6,2328,3,88.72081591796874,127,🚬菸屁股,HOLD,1
SMCI,2026-09-18,90.0,0.49,2414,3,96.3867548828125,127,🚬菸屁股,HOLD,1
SMCI,2028-01-21,55.0,9.6,758,3,87.70764245605469,617,🔭LEAPS,HOLD,1
SOFI,2026-08-21,37.0,0.1,1016,3,87.10950390625,99,🚬菸屁股,HOLD,1
SOFI,2026-10-16,23.0,0.76,2170,3,66.60189648437502,155,🚬菸屁股,HOLD,1
SOFI,2026-10-16,28.0,0.4,979,3,69.2385888671875,155,🚬菸屁股,HOLD,1
DKNG,2027-01-15,42.0,0.88,1588,3,53.71140039062501,246,🚬菸屁股,HOLD,1
DKNG,2027-01-15,80.0,0.21,886,3,62.109753906250006,246,🚬菸屁股,HOLD,1
U,2027-01-15,70.0,0.65,1268,3,75.92797509765626,246,🚬菸屁股,HOLD,1
U,2028-01-21,40.0,6.63,1350,3,72.26590234375,617,🔭LEAPS,HOLD,1
NTLA,2026-07-17,18.0,0.85,5982,3,82.42205078125,64,🚬菸屁股,HOLD,1
ONDS,2028-01-21,27.0,1.75,4579,3,93.21295849609376,617,🔭LEAPS,HOLD,1
SMR,2026-07-17,19.0,0.65,3149,3,106.73874755859379,64,🚬菸屁股,HOLD,1
SMR,2027-01-15,80.0,0.32,9625,3,121.68007910156248,246,🚬菸屁股,HOLD,1
TSCO,2026-07-17,55.0,0.06,1014,3,74.02369726562499,64,🚬菸屁股,HOLD,1
TSCO,2026-09-18,45.0,0.31,1409,3,49.60987890625,127,🚬菸屁股,HOLD,1
NOW,2026-08-21,180.0,0.37,822,3,68.16438085937502,99,🚬菸屁股,HOLD,1
RIVN,2026-09-18,40.0,0.05,3898,3,89.64854101562499,127,🚬菸屁股,HOLD,1
RIVN,2028-01-21,8.0,7.4,826,3,83.007982421875,617,🔭LEAPS,HOLD,1
RIVN,2028-06-16,15.0,5.65,1522,3,85.35170898437501,764,🔭LEAPS,HOLD,1
PYPL,2026-07-17,67.5,0.05,915,3,50.29346582031251,64,🚬菸屁股,HOLD,1
PYPL,2026-09-18,95.0,0.01,1877,3,64.5511357421875,127,🚬菸屁股,HOLD,1
PYPL,2026-09-18,105.0,0.05,1369,3,71.19169433593751,127,🚬菸屁股,HOLD,1
PYPL,2027-01-15,87.5,0.27,1038,3,48.09622216796875,246,🚬菸屁股,HOLD,1
PYPL,2028-01-21,65.0,4.4,2104,3,42.82894085693359,617,🔭LEAPS,HOLD,1
NFLX,2027-01-15,144.0,0.91,4688,3,41.687594848632806,246,🚬菸屁股,HOLD,1
NFLX,2027-01-15,156.0,0.58,890,3,41.55331884765625,246,🚬菸屁股,HOLD,1
NFLX,2027-01-15,210.0,0.28,1532,3,52.97898583984376,246,🚬菸屁股,HOLD,1
NFLX,2028-01-21,115.0,10.46,861,3,44.28461477661133,617,🔭LEAPS,HOLD,1
NFLX,2028-01-21,125.0,7.7,1198,3,43.64070031738281,617,🔭LEAPS,HOLD,1
NFLX,2028-01-21,130.0,7.13,4441,3,42.34676794433594,617,🔭LEAPS,HOLD,1
MARA,2028-01-21,35.0,1.94,1442,3,83.7648107910156,617,🔭LEAPS,HOLD,1
IBIT,2026-05-15,62.0,0.01,45931,2,125.00037499999999,1,🎲末日結算 🚬菸屁股 🔥萬人塚,HOLD,1
IBIT,2028-01-21,95.0,3.12,6688,2,52.93015820312501,617,🔭LEAPS,HOLD,1
SMCI,2026-09-18,100.0,0.37,905,2,99.31641308593751,127,🚬菸屁股,HOLD,1
SMCI,2028-01-21,38.0,11.46,964,2,89.3433682861328,617,🔭LEAPS,HOLD,1
UPST,2028-01-21,25.0,12.0,772,2,85.09536389160158,617,🔭LEAPS,HOLD,1
SOFI,2026-07-17,32.0,0.06,1127,2,85.1563984375,64,🚬菸屁股,HOLD,1
DKNG,2026-09-18,47.5,0.09,889,2,56.1527822265625,127,🚬菸屁股,HOLD,1
DKNG,2026-09-18,50.0,0.06,3107,2,51.562984375,127,🚬菸屁股,HOLD,1
DKNG,2026-09-18,52.5,0.08,4447,2,58.5941640625,127,🚬菸屁股,HOLD,1
U,2027-01-15,75.0,0.58,2283,2,75.24438818359374,246,🚬菸屁股,HOLD,1
HOOD,2026-08-21,160.0,0.44,2428,2,74.2190078125,99,🚬菸屁股,HOLD,1
HOOD,2026-09-18,145.0,0.96,798,2,68.0911394042969,127,🚬菸屁股,HOLD,1
HOOD,2026-09-18,200.0,0.35,1335,2,75.97680273437501,127,🚬菸屁股,HOLD,1
TDOC,2026-07-17,9.0,0.18,1003,2,72.07059179687501,64,🚬菸屁股,HOLD,1
TDOC,2026-07-17,10.0,0.13,2355,2,73.04714453125,64,🚬菸屁股,HOLD,1
NTLA,2026-07-17,19.0,0.81,2239,2,80.07832421875,64,🚬菸屁股,HOLD,1
BEAM,2026-08-21,50.0,0.5,1566,2,69.38507177734375,99,🚬菸屁股,HOLD,1
BEAM,2028-01-21,40.0,9.5,2834,2,78.30832238769531,617,🔭LEAPS,HOLD,1
PACB,2026-09-18,3.0,0.05,1763,2,131.25034374999998,127,🚬菸屁股,HOLD,1
PACB,2027-01-15,5.0,0.07,2981,2,124.60975195312498,246,🚬菸屁股,HOLD,1
TXG,2026-08-21,30.0,0.8,2078,2,73.04714453125,99,🚬菸屁股,HOLD,1
HIMS,2028-01-21,75.0,4.57,1667,2,93.82330395507812,617,🔭LEAPS,HOLD,1
ONDS,2026-07-17,16.0,0.24,1028,2,101.172369140625,64,🚬菸屁股,HOLD,1
SMR,2028-01-21,3.0,10.4,1020,2,136.71906640625,617,🔭LEAPS,HOLD,1
NNE,2027-01-15,90.0,0.95,2403,2,89.50205810546873,246,🚬菸屁股,HOLD,1
NOW,2027-01-15,216.0,0.87,1783,2,61.08437353515627,246,🚬菸屁股,HOLD,1
NOW,2027-01-15,240.0,0.95,1216,2,63.67223828125,246,🚬菸屁股,HOLD,1
NOW,2028-01-21,188.0,9.77,3091,2,60.229889892578136,617,🔭LEAPS,HOLD,1
NOW,2028-01-21,190.0,8.1,5279,2,57.15985223388673,617,🔭LEAPS,HOLD,1
BSX,2026-08-21,75.0,0.37,2254,2,48.58449853515625,99,🚬菸屁股,HOLD,1
BSX,2027-01-15,120.0,0.24,932,2,48.828636718750005,246,🚬菸屁股,HOLD,1
BSX,2028-01-21,115.0,1.26,994,2,43.811597045898445,617,🔭LEAPS,HOLD,1
IBM,2027-01-15,420.0,0.57,1166,2,40.67442138671875,246,🚬菸屁股,HOLD,1
TGT,2027-01-15,200.0,0.96,1092,2,38.90441955566406,246,🚬菸屁股,HOLD,1
PYPL,2027-01-15,95.0,0.24,6221,2,48.242705078125006,246,🚬菸屁股,HOLD,1
PYPL,2028-01-21,67.5,3.65,1767,2,43.15242395019532,617,🔭LEAPS,HOLD,1
NFLX,2026-08-21,122.0,0.49,1648,2,41.94393994140625,99,🚬菸屁股,HOLD,1
NFLX,2026-09-18,134.0,0.3,1160,2,44.092355957031245,127,🚬菸屁股,HOLD,1
NFLX,2027-01-15,154.0,0.65,839,2,43.82380395507813,246,🚬菸屁股,HOLD,1
NFLX,2027-01-15,155.0,0.65,1798,2,43.25007922363281,246,🚬菸屁股,HOLD,1
NFLX,2027-01-15,166.0,0.44,879,2,43.555251953125,246,🚬菸屁股,HOLD,1
NFLX,2027-01-15,195.0,0.25,2477,2,50.098155273437506,246,🚬菸屁股,HOLD,1
NFLX,2027-01-15,239.0,0.1,1034,2,50.29346582031251,246,🚬菸屁股,HOLD,1
NFLX,2028-01-21,116.0,11.74,5580,2,46.56425506591797,617,🔭LEAPS,HOLD,1
MARA,2028-01-21,25.0,3.0,4620,2,84.179845703125,617,🔭LEAPS,HOLD,1
MARA,2028-01-21,37.0,1.84,2589,2,83.49625878906248,617,🔭LEAPS,HOLD,1
DDD,2027-01-15,4.5,0.69,759,2,99.7070341796875,246,🚬菸屁股,HOLD,1
DDD,2028-01-21,5.0,1.4,4316,2,105.66453417968751,617,🔭LEAPS,HOLD,1
IBIT,2026-09-18,90.0,0.13,10743,1,55.37154003906251,127,🚬菸屁股,HOLD,1
IBIT,2026-09-18,95.0,0.11,7586,1,56.44574804687501,127,🚬菸屁股,HOLD,1
IBIT,2027-01-15,115.0,0.25,5700,1,55.22505712890625,246,🚬菸屁股,HOLD,1
IBIT,2028-01-21,62.0,8.62,5497,1,53.94333166503908,617,🔭LEAPS,HOLD,1
IBIT,2028-06-16,65.0,9.25,6055,1,56.79974841308593,764,🔭LEAPS,HOLD,1
SMCI,2028-01-21,80.0,5.15,1037,1,81.82391223144529,617,🔭LEAPS,HOLD,1
UPST,2027-01-15,70.0,0.97,1549,1,81.05487695312499,246,🚬菸屁股,HOLD,1
UPST,2027-01-15,90.0,0.75,1059,1,83.64274169921873,246,🚬菸屁股,HOLD,1
UPST,2027-01-15,125.0,0.3,1948,1,97.11916943359374,246,🚬菸屁股,HOLD,1
UPST,2028-01-21,42.5,7.9,2086,1,88.90391955566406,617,🔭LEAPS,HOLD,1
UPST,2028-01-21,80.0,6.5,1144,1,84.74136352539061,617,🔭LEAPS,HOLD,1
SOFI,2026-08-21,40.0,0.08,1088,1,90.62509374999999,99,🚬菸屁股,HOLD,1
SOFI,2028-06-16,42.0,2.07,3031,1,70.898728515625,764,🔭LEAPS,HOLD,1
DKNG,2026-09-18,37.5,0.35,760,1,57.42230078125,127,🚬菸屁股,HOLD,1
DKNG,2026-09-18,55.0,0.05,2551,1,73.437765625,127,🚬菸屁股,HOLD,1
DKNG,2027-01-15,45.0,0.6,5465,1,55.22505712890625,246,🚬菸屁股,HOLD,1
DKNG,2027-01-15,55.0,0.45,6654,1,55.37154003906251,246,🚬菸屁股,HOLD,1
DKNG,2027-01-15,65.0,0.05,795,1,58.496508789062496,246,🚬菸屁股,HOLD,1
DKNG,2027-01-15,75.0,0.06,985,1,62.890996093750005,246,🚬菸屁股,HOLD,1
DKNG,2028-01-21,20.0,9.66,1153,1,63.391479370117196,617,🔭LEAPS,HOLD,1
DKNG,2028-01-21,37.5,4.85,1239,1,63.03747900390625,617,🔭LEAPS,HOLD,1
DKNG,2028-01-21,42.5,3.2,1680,1,56.1527822265625,617,🔭LEAPS,HOLD,1
DKNG,2028-01-21,60.0,1.5,4671,1,56.592230957031255,617,🔭LEAPS,HOLD,1
U,2027-01-15,65.0,0.75,2914,1,71.3870048828125,246,🚬菸屁股,HOLD,1
U,2028-01-21,23.0,11.58,3918,1,74.75611181640626,617,🔭LEAPS,HOLD,1
U,2028-01-21,45.0,5.45,3104,1,71.71659143066407,617,🔭LEAPS,HOLD,1
U,2028-01-21,50.0,4.75,1335,1,72.11941943359376,617,🔭LEAPS,HOLD,1
U,2028-01-21,75.0,2.55,5193,1,73.31569653320311,617,🔭LEAPS,HOLD,1
HOOD,2026-07-17,145.0,0.25,2904,1,75.73266455078127,64,🚬菸屁股,HOLD,1
HOOD,2026-09-18,290.0,0.13,1581,1,82.81267187499999,127,🚬菸屁股,HOLD,1
HOOD,2026-10-16,180.0,0.7,2231,1,70.84990087890624,155,🚬菸屁股,HOLD,1
HOOD,2028-01-21,180.0,8.5,1902,1,68.19489813232424,617,🔭LEAPS,HOLD,1
HOOD,2028-01-21,240.0,4.6,1403,1,67.16951776123048,617,🔭LEAPS,HOLD,1
TDOC,2026-07-17,13.0,0.75,2736,1,98.437515625,64,🚬菸屁股,HOLD,1
TDOC,2027-01-15,20.0,0.18,20393,1,82.81267187499999,246,🚬菸屁股,HOLD,1
TDOC,2027-01-15,22.5,0.29,4430,1,89.45323046875,246,🚬菸屁股,HOLD,1
XYZ,2028-01-21,120.0,7.9,1578,1,52.69822692871094,617,🔭LEAPS,HOLD,1
OPEN,2026-08-21,12.0,0.18,752,1,124.21912890624998,99,🚬菸屁股,HOLD,1
OPEN,2026-08-21,15.0,0.04,1989,1,107.81296093750001,99,🚬菸屁股,HOLD,1
OPEN,2027-01-15,12.0,0.33,3985,1,102.1489267578125,246,🚬菸屁股,HOLD,1
OPEN,2028-01-21,12.0,1.17,3389,1,100.48877880859375,617,🔭LEAPS,HOLD,1
NTLA,2027-01-15,42.0,0.5,905,1,82.12908496093749,246,🚬菸屁股,HOLD,1
NTLA,2028-01-21,42.0,3.1,4654,1,107.91061669921875,617,🔭LEAPS,HOLD,1
PACB,2028-01-21,3.0,0.6,1083,1,131.64096679687498,617,🔭LEAPS,HOLD,1
PACB,2028-01-21,5.0,0.31,1319,1,117.1879140625,617,🔭LEAPS,HOLD,1
ONDS,2026-09-18,22.0,0.29,3355,1,104.29735351562503,127,🚬菸屁股,HOLD,1
JOBY,2026-07-17,17.0,0.23,1164,1,79.29708203125,64,🚬菸屁股,HOLD,1
JOBY,2027-01-15,27.0,0.51,1543,1,86.52357226562499,246,🚬菸屁股,HOLD,1
SMR,2026-08-21,22.0,0.84,1373,1,113.0863720703125,99,🚬菸屁股,HOLD,1
SMR,2026-08-21,30.0,0.32,2836,1,122.75429248046876,99,🚬菸屁股,HOLD,1
TSCO,2026-09-18,55.0,0.15,828,1,54.59029785156251,127,🚬菸屁股,HOLD,1
ABT,2026-09-18,120.0,0.2,974,1,38.867798828125,127,🚬菸屁股,HOLD,1
ABT,2027-01-15,120.0,0.95,944,1,32.72772351074219,246,🚬菸屁股,HOLD,1
ABT,2027-01-15,140.0,0.27,1563,1,32.37372314453124,246,🚬菸屁股,HOLD,1
ABT,2028-01-21,150.0,1.2,1142,1,31.03096313476562,617,🔭LEAPS,HOLD,1
NOW,2027-01-15,248.0,0.64,2466,1,63.33044482421876,246,🚬菸屁股,HOLD,1
NOW,2027-01-15,260.0,0.7,2161,1,64.25816992187501,246,🚬菸屁股,HOLD,1
BSX,2026-08-21,85.0,0.15,1703,1,55.81098876953126,99,🚬菸屁股,HOLD,1
BSX,2026-08-21,90.0,0.12,1460,1,52.393054199218746,99,🚬菸屁股,HOLD,1
BSX,2026-09-18,75.0,0.6,3879,1,42.99373413085938,127,🚬菸屁股,HOLD,1
BSX,2027-01-15,115.0,0.2,2524,1,48.242705078125006,246,🚬菸屁股,HOLD,1
BSX,2028-01-21,60.0,9.9,1068,1,45.94780615234375,617,🔭LEAPS,HOLD,1
RIVN,2026-09-18,23.0,0.44,4986,1,67.18782812500001,127,🚬菸屁股,HOLD,1
RIVN,2028-01-21,17.0,4.45,2924,1,73.51100708007812,617,🔭LEAPS,HOLD,1
RIVN,2028-01-21,35.0,2.0,5934,1,75.586181640625,617,🔭LEAPS,HOLD,1
RIVN,2028-06-16,30.0,2.7,1255,1,74.36549072265625,764,🔭LEAPS,HOLD,1
CLSK,2028-01-21,35.0,2.13,6881,1,81.10370458984374,617,🔭LEAPS,HOLD,1
PYPL,2026-09-18,72.5,0.22,833,1,48.242705078125006,127,🚬菸屁股,HOLD,1
PYPL,2026-09-18,75.0,0.21,1510,1,47.1684970703125,127,🚬菸屁股,HOLD,1
PYPL,2026-09-18,110.0,0.06,1791,1,74.2190078125,127,🚬菸屁股,HOLD,1
PYPL,2027-01-15,92.5,0.36,2563,1,47.949739257812496,246,🚬菸屁股,HOLD,1
PYPL,2027-01-15,97.5,0.2,3840,1,51.807122558593754,246,🚬菸屁股,HOLD,1
PYPL,2027-01-15,110.0,0.12,4043,1,49.60987890625,246,🚬菸屁股,HOLD,1
PYPL,2028-01-21,62.5,5.5,4622,1,42.542078491210944,617,🔭LEAPS,HOLD,1
NFLX,2026-08-21,132.0,0.3,802,1,46.24077197265626,99,🚬菸屁股,HOLD,1
NFLX,2026-09-18,138.0,0.18,1915,1,46.36284106445313,127,🚬菸屁股,HOLD,1
NFLX,2026-09-18,152.0,0.19,997,1,47.21732470703125,127,🚬菸屁股,HOLD,1
NFLX,2027-01-15,146.0,0.83,4682,1,42.82283740234375,246,🚬菸屁股,HOLD,1
NFLX,2027-01-15,190.0,0.23,1179,1,54.394987304687504,246,🚬菸屁股,HOLD,1
NFLX,2027-01-15,229.0,0.16,1606,1,51.22119091796875,246,🚬菸屁股,HOLD,1
NFLX,2027-01-15,252.0,0.09,1373,1,52.4418818359375,246,🚬菸屁股,HOLD,1
NFLX,2027-01-15,256.0,0.08,1832,1,54.834436035156266,246,🚬菸屁股,HOLD,1
NFLX,2028-01-21,111.0,10.81,860,1,43.99470068359375,617,🔭LEAPS,HOLD,1
NFLX,2028-01-21,112.0,11.5,2273,1,44.196114685058596,617,🔭LEAPS,HOLD,1
NFLX,2028-01-21,120.0,9.0,3862,1,42.71602694702149,617,🔭LEAPS,HOLD,1
NFLX,2028-01-21,146.0,4.61,1613,1,46.74735870361329,617,🔭LEAPS,HOLD,1
NFLX,2028-01-21,168.0,3.8,2061,1,44.12287322998046,617,🔭LEAPS,HOLD,1
NFLX,2028-01-21,215.0,1.33,1156,1,42.529871582031255,617,🔭LEAPS,HOLD,1
NFLX,2028-01-21,240.0,0.78,1630,1,40.930766479492185,617,🔭LEAPS,HOLD,1
MARA,2026-09-18,35.0,0.21,1916,1,99.804689453125,127,🚬菸屁股,HOLD,1
MARA,2028-01-21,8.0,7.62,2180,1,93.0664755859375,617,🔭LEAPS,HOLD,1
TDUP,2026-10-16,7.5,0.3,753,1,98.04689453125,155,🚬菸屁股,HOLD,1
