Stock,Expiry,Strike,Ask,OpenInterest,Volume,IV,DTE,Spot,Tags,Action,Score
TSCO,2027-01-15,38.0,1.2,12993,15860,43.70173486328125,177,29.639999389648438,🚨異常掃貨 🆕新倉暴量,STRONG_BUY,8
CMCSA,2026-08-21,24.0,1.08,6870,10788,41.55331884765625,30,23.809999465942383,🚨異常掃貨 🚀點火(6.8x),STRONG_BUY,8
CPRT,2026-08-21,25.0,2.45,5067,7667,39.649041015625,30,27.170000076293945,🚨異常掃貨 🆕新倉暴量,STRONG_BUY,8
F,2026-12-18,4.82,4.8,1415,4637,0.0010000000000000002,149,14.270000457763672,🚨異常掃貨 🆕新倉暴量,STRONG_BUY,8
IBIT,2026-09-18,50.0,0.14,37692,4613,42.67635449218751,58,37.66999816894531,🚀點火(3.9x) 🚬菸屁股 🔥萬人塚,BUY_WATCH,8
F,2027-01-15,5.0,4.45,1087,3633,0.0010000000000000002,177,14.270000457763672,🚨異常掃貨 🆕新倉暴量,STRONG_BUY,8
ONDS,2027-01-15,15.0,0.75,54169,1787,104.98094384765626,177,7.659999847412109,🚀點火(3.2x) 🚬菸屁股 🔥萬人塚,BUY_WATCH,8
CMCSA,2026-09-18,30.0,0.13,40307,825,42.383388671875,58,23.809999465942383,🚀點火(13.8x) 🚬菸屁股 🔥萬人塚,BUY_WATCH,8
CMCSA,2027-01-15,30.0,0.69,85293,623,38.52600537109374,177,23.809999465942383,🚀點火(11.8x) 🚬菸屁股 🔥萬人塚,BUY_WATCH,8
ONDS,2027-01-15,20.0,0.41,31801,475,108.3988955078125,177,7.659999847412109,🚀點火(3.3x) 🚬菸屁股 🔥萬人塚,BUY_WATCH,8
IBIT,2026-09-18,55.0,0.09,35247,459,49.219257812500004,58,37.66999816894531,🚀點火(4.6x) 🚬菸屁股 🔥萬人塚,BUY_WATCH,8
ONDS,2027-01-15,30.0,0.18,81618,353,111.328568359375,177,7.659999847412109,🚀點火(5.0x) 🚬菸屁股 🔥萬人塚,BUY_WATCH,8
IBIT,2027-01-15,90.0,0.13,37981,118,57.129334960937506,177,37.66999816894531,🚀點火(5.9x) 🚬菸屁股 🔥萬人塚,BUY_WATCH,8
PFE,2026-09-18,32.0,0.02,35151,111,33.5944140625,58,24.940000534057617,🚀點火(3.4x) 🚬菸屁股 🔥萬人塚,BUY_WATCH,8
NVDA,2026-09-18,310.0,0.22,37100,71,45.508357421875004,58,207.2899932861328,🚀點火(3.1x) 🚬菸屁股 🔥萬人塚,BUY_WATCH,8
DKNG,2026-11-20,37.5,0.48,30612,46,57.7152666015625,121,23.850000381469727,🚀點火(4.2x) 🚬菸屁股 🔥萬人塚,BUY_WATCH,8
JOBY,2026-07-24,8.0,0.12,2800,23173,76.17211328125,2,7.659999847412109,🎲末日結算 🚨異常掃貨 🚀點火(11.8x) 🚬菸屁股,GAMBLE,7
META,2026-07-24,725.0,0.22,14219,20750,52.686020019531256,2,643.8099975585938,🎲末日結算 🚨異常掃貨 🆕新倉暴量 🚬菸屁股,GAMBLE,7
T,2026-07-24,22.5,0.48,4001,15435,62.890996093750005,2,22.260000228881836,🎲末日結算 🚨異常掃貨 🚀點火(6.0x) 🚬菸屁股,GAMBLE,7
MSTR,2026-07-24,110.0,0.81,5570,13117,78.85763330078125,2,101.94999694824219,🎲末日結算 🚨異常掃貨 🆕新倉暴量 🚬菸屁股,GAMBLE,7
HOOD,2026-07-24,120.0,0.16,8487,10743,68.555001953125,2,106.36000061035156,🎲末日結算 🚨異常掃貨 🚀點火(4.0x) 🚬菸屁股,GAMBLE,7
JOBY,2026-08-21,9.0,0.32,4329,5863,85.937640625,30,7.659999847412109,🚨異常掃貨 🚀點火(10.3x) 🚬菸屁股 ⚠️暴動高IV(86%),STRONG_BUY,7
T,2026-07-24,23.5,0.17,917,3989,60.937890625000016,2,22.260000228881836,🎲末日結算 🚨異常掃貨 🆕新倉暴量 🚬菸屁股,GAMBLE,7
T,2026-07-24,25.0,0.02,1982,3741,60.937890625000016,2,22.260000228881836,🎲末日結算 🚨異常掃貨 🆕新倉暴量 🚬菸屁股,GAMBLE,7
RKLB,2026-09-18,140.0,0.66,828,2063,103.22314013671878,58,69.12000274658203,🚨異常掃貨 🚀點火(121.4x) 🚬菸屁股 ⚠️暴動高IV(103%),STRONG_BUY,7
ORCL,2026-07-24,137.0,0.76,760,1943,69.14093359375,2,127.05000305175781,🎲末日結算 🚨異常掃貨 🆕新倉暴量 🚬菸屁股,GAMBLE,7
XYZ,2026-07-24,87.0,0.03,1129,1555,45.508357421875004,2,80.37999725341797,🎲末日結算 🚨異常掃貨 🆕新倉暴量 🚬菸屁股,GAMBLE,7
BA,2026-07-24,217.5,0.3,973,1456,40.039662109375,2,204.8000030517578,🎲末日結算 🚨異常掃貨 🆕新倉暴量 🚬菸屁股,GAMBLE,7
TSLA,2026-07-24,390.0,6.9,8436,27418,72.29031616210936,2,378.92999267578125,🎲末日結算 🚨異常掃貨 🚀點火(3.1x),GAMBLE,6
TSLA,2026-07-24,420.0,1.29,9826,25533,73.51100708007812,2,378.92999267578125,🎲末日結算 🚨異常掃貨 🚀點火(2.5x),GAMBLE,6
IBIT,2026-07-24,39.0,0.08,8522,12452,32.031929687499996,2,37.66999816894531,🎲末日結算 🚨異常掃貨 🚀點火(2.5x) 🚬菸屁股 🏛️機構場,GAMBLE,6
IBIT,2026-08-21,45.0,0.13,19167,10367,39.8443515625,30,37.66999816894531,🚀點火(9.6x) 🚬菸屁股,BUY_WATCH,6
NVDA,2026-07-24,192.5,15.45,7131,10020,49.60987890625,2,207.2899932861328,🎲末日結算 🚨異常掃貨 🆕新倉暴量,GAMBLE,6
IBIT,2026-08-21,42.0,0.35,10760,9785,36.7193828125,30,37.66999816894531,🚀點火(10.2x) 🚬菸屁股,BUY_WATCH,6
NVDA,2026-07-24,202.5,6.3,5906,9549,37.402969726562496,2,207.2899932861328,🎲末日結算 🚨異常掃貨 🚀點火(2.9x),GAMBLE,6
TSLA,2026-07-24,395.0,5.45,6034,7367,72.58328198242188,2,378.92999267578125,🎲末日結算 🚨異常掃貨 🆕新倉暴量,GAMBLE,6
IBIT,2026-09-18,44.0,0.5,14695,7311,37.89124609375,58,37.66999816894531,🚀點火(149.2x) 🚬菸屁股,BUY_WATCH,6
T,2026-08-21,24.0,0.29,8475,5642,34.668622070312495,30,22.260000228881836,🚀點火(6.3x) 🚬菸屁股,BUY_WATCH,6
ORCL,2026-07-24,127.0,3.6,1248,5575,67.38313867187502,2,127.05000305175781,🎲末日結算 🚨異常掃貨 🚀點火(3.2x),GAMBLE,6
HOOD,2026-07-24,108.0,2.32,3168,5550,67.92024267578127,2,106.36000061035156,🎲末日結算 🚨異常掃貨 🚀點火(5.1x),GAMBLE,6
CRM,2026-07-24,180.0,1.2,3274,5069,62.06092626953126,2,170.05999755859375,🎲末日結算 🚨異常掃貨 🆕新倉暴量,GAMBLE,6
HOOD,2026-07-24,107.0,2.74,1072,4813,68.11555322265626,2,106.36000061035156,🎲末日結算 🚨異常掃貨 🆕新倉暴量,GAMBLE,6
ONDS,2026-09-18,10.0,0.59,46090,4573,103.32079589843752,58,7.659999847412109,🚀點火(4.0x) 🚬菸屁股 🔥萬人塚 ⚠️暴動高IV(103%),BUY_WATCH,6
HOOD,2026-07-24,109.0,1.93,1713,4150,67.82258740234376,2,106.36000061035156,🎲末日結算 🚨異常掃貨 🚀點火(4.2x),GAMBLE,6
ORCL,2026-07-24,126.0,4.19,983,3993,67.18782812500001,2,127.05000305175781,🎲末日結算 🚨異常掃貨 🆕新倉暴量,GAMBLE,6
JOBY,2026-08-21,7.0,1.13,1356,3985,88.08605664062499,30,7.659999847412109,🚨異常掃貨 🆕新倉暴量 ⚠️暴動高IV(88%),STRONG_BUY,6
JPM,2026-07-24,345.0,3.35,1171,3366,23.474886352539063,2,345.2300109863281,🎲末日結算 🚨異常掃貨 🆕新倉暴量,GAMBLE,6
IBIT,2026-08-21,41.0,0.51,7108,3098,36.32876171875,30,37.66999816894531,🚀點火(3.5x) 🚬菸屁股,BUY_WATCH,6
IBIT,2027-01-15,140.0,0.05,28388,3087,72.46121289062499,177,37.66999816894531,🚀點火(36.3x) 🚬菸屁股,BUY_WATCH,6
NKE,2026-08-21,50.0,0.22,20906,2744,38.7701435546875,30,42.959999084472656,🚀點火(2.7x) 🚬菸屁股,BUY_WATCH,6
BA,2026-07-24,210.0,1.31,774,2566,39.20959228515625,2,204.8000030517578,🎲末日結算 🚨異常掃貨 🆕新倉暴量,GAMBLE,6
SOFI,2028-06-16,30.0,4.0,19676,2565,71.43583251953125,695,17.639999389648438,🚀點火(4.8x) 🔭LEAPS,BUY_WATCH,6
BA,2027-01-15,345.0,0.59,3068,2306,38.06214282226562,177,204.8000030517578,🆕新倉暴量 🚬菸屁股,BUY_WATCH,6
SMR,2028-01-21,85.0,0.72,3089,2101,115.0394873046875,548,8.710000038146973,🚀點火(110.6x) 🔭LEAPS,BUY_WATCH,6
SOFI,2028-06-16,47.0,2.18,16328,2016,72.02176416015625,695,17.639999389648438,🚀點火(35.4x) 🔭LEAPS,BUY_WATCH,6
NKE,2028-01-21,90.0,1.0,1795,1865,43.95807995605468,548,42.959999084472656,🚀點火(20.7x) 🔭LEAPS,BUY_WATCH,6
ORCL,2026-07-24,124.0,5.36,1440,1845,68.11555322265626,2,127.05000305175781,🎲末日結算 🚨異常掃貨 🆕新倉暴量,GAMBLE,6
PFE,2026-11-20,27.0,0.53,3877,1733,21.826953613281248,121,24.940000534057617,🚀點火(5.5x) 🚬菸屁股,BUY_WATCH,6
ACHR,2027-01-15,9.0,0.51,2446,1714,93.7500625,177,5.28000020980835,🚀點火(4.9x) 🚬菸屁股,BUY_WATCH,6
MSFT,2027-01-15,800.0,0.61,15796,1594,43.27449304199219,177,397.75,🚀點火(19.7x) 🚬菸屁股,BUY_WATCH,6
ACHR,2026-10-16,13.0,0.07,2947,1557,105.46922265625001,86,5.28000020980835,🚀點火(13.4x) 🚬菸屁股,BUY_WATCH,6
OPEN,2026-12-18,10.0,0.23,23919,1520,108.203583984375,149,4.480000019073486,🚀點火(28.1x) 🚬菸屁股,BUY_WATCH,6
IBIT,2026-10-16,50.0,0.31,14483,1454,41.5044912109375,86,37.66999816894531,🚀點火(3.7x) 🚬菸屁股,BUY_WATCH,6
PLTR,2026-09-18,210.0,0.78,9074,1429,66.01596484375001,58,132.66000366210938,🚀點火(68.0x) 🚬菸屁股,BUY_WATCH,6
IBIT,2026-12-18,50.0,0.88,6412,1299,42.236905761718745,149,37.66999816894531,🚀點火(7.4x) 🚬菸屁股,BUY_WATCH,6
HOOD,2026-10-16,230.0,0.48,1150,1291,79.49239257812499,86,106.36000061035156,🚀點火(12.1x) 🚬菸屁股,BUY_WATCH,6
SOFI,2028-01-21,15.0,7.1,26714,1206,74.38990454101561,548,17.639999389648438,🚀點火(6.3x) 🔭LEAPS,BUY_WATCH,6
NKE,2026-09-18,57.5,0.13,3222,1187,44.5318046875,58,42.959999084472656,🚀點火(59.4x) 🚬菸屁股,BUY_WATCH,6
AMZN,2026-09-18,350.0,0.29,13021,1165,40.820904296875,58,247.5500030517578,🚀點火(5.1x) 🚬菸屁股,BUY_WATCH,6
VZ,2026-09-18,55.0,0.06,11525,1118,30.664755859375,58,43.779998779296875,🚀點火(23.8x) 🚬菸屁股,BUY_WATCH,6
NVDA,2026-09-18,400.0,0.06,13417,1053,58.39885351562499,58,207.2899932861328,🚀點火(131.6x) 🚬菸屁股,BUY_WATCH,6
ONDS,2028-01-21,10.0,3.2,20774,1051,104.88328808593752,548,7.659999847412109,🚀點火(4.0x) 🔭LEAPS,BUY_WATCH,6
PFE,2026-11-20,26.0,0.79,1864,1044,21.72929833984375,121,24.940000534057617,🚀點火(23.2x) 🚬菸屁股,BUY_WATCH,6
OPEN,2027-01-15,15.0,0.15,19494,965,110.15669921875002,177,4.480000019073486,🚀點火(9.9x) 🚬菸屁股,BUY_WATCH,6
TSCO,2026-09-18,35.0,0.6,13559,907,45.654840332031256,58,29.639999389648438,🚀點火(9.4x) 🚬菸屁股,BUY_WATCH,6
AMZN,2026-09-18,325.0,0.82,19190,907,39.96642065429688,58,247.5500030517578,🚀點火(14.2x) 🚬菸屁股,BUY_WATCH,6
CPRT,2026-09-18,30.0,0.64,2282,904,39.600213378906254,58,27.170000076293945,🚀點火(8.0x) 🚬菸屁股,BUY_WATCH,6
IBIT,2026-10-16,65.0,0.1,7255,890,53.51608984375,86,37.66999816894531,🚀點火(445.0x) 🚬菸屁股,BUY_WATCH,6
GOOGL,2026-08-21,430.0,0.8,2046,876,42.06600903320313,30,347.1499938964844,🆕新倉暴量 🚬菸屁股,BUY_WATCH,6
OPEN,2028-01-21,7.0,1.45,19585,872,99.804689453125,548,4.480000019073486,🚀點火(67.1x) 🔭LEAPS,BUY_WATCH,6
IBIT,2026-09-18,70.0,0.05,21971,810,65.62534375000001,58,37.66999816894531,🚀點火(11.1x) 🚬菸屁股,BUY_WATCH,6
JOBY,2027-01-15,15.0,0.5,11251,756,89.45323046875,177,7.659999847412109,🚀點火(3.2x) 🚬菸屁股,BUY_WATCH,6
T,2026-08-21,25.0,0.13,15719,729,33.5944140625,30,22.260000228881836,🚀點火(2.9x) 🚬菸屁股,BUY_WATCH,6
IBIT,2026-10-16,60.0,0.12,8705,675,50.0005,86,37.66999816894531,🚀點火(14.4x) 🚬菸屁股,BUY_WATCH,6
SOFI,2026-12-18,28.0,0.7,10951,673,67.38313867187502,149,17.639999389648438,🚀點火(3.5x) 🚬菸屁股,BUY_WATCH,6
SOFI,2028-01-21,25.0,4.0,16360,669,71.50907397460938,548,17.639999389648438,🚀點火(3.8x) 🔭LEAPS,BUY_WATCH,6
OPEN,2026-11-20,10.0,0.19,7999,653,113.67230664062502,121,4.480000019073486,🚀點火(653.0x) 🚬菸屁股,BUY_WATCH,6
JOBY,2026-10-16,14.0,0.17,752,651,88.86729882812499,86,7.659999847412109,🆕新倉暴量 🚬菸屁股,BUY_WATCH,6
ONDS,2026-12-18,12.0,0.95,3938,649,105.46922265625001,149,7.659999847412109,🚀點火(2.9x) 🚬菸屁股,BUY_WATCH,6
SOFI,2028-06-16,15.0,7.9,21953,642,75.31762963867187,695,17.639999389648438,🚀點火(5.9x) 🔭LEAPS,BUY_WATCH,6
IBIT,2027-01-15,75.0,0.19,10651,622,51.318846191406244,177,37.66999816894531,🚀點火(12.2x) 🚬菸屁股,BUY_WATCH,6
OPEN,2028-01-21,10.0,1.16,26524,592,104.39500927734377,548,4.480000019073486,🚀點火(2.9x) 🔭LEAPS,BUY_WATCH,6
SMCI,2027-01-15,75.0,0.72,20229,507,97.460962890625,177,25.5,🚀點火(84.5x) 🚬菸屁股,BUY_WATCH,6
T,2028-01-21,25.0,2.09,8936,500,29.517306396484372,548,22.260000228881836,🚀點火(45.5x) 🔭LEAPS,BUY_WATCH,6
NKE,2026-12-18,100.0,0.08,13621,500,57.812921875,149,42.959999084472656,🚀點火(250.0x) 🚬菸屁股,BUY_WATCH,6
IBIT,2026-08-21,47.0,0.09,6034,494,43.945873046875,30,37.66999816894531,🚀點火(3.1x) 🚬菸屁股,BUY_WATCH,6
IBIT,2027-01-15,80.0,0.16,23285,456,53.320779296874996,177,37.66999816894531,🚀點火(7.7x) 🚬菸屁股,BUY_WATCH,6
PFE,2026-10-16,27.0,0.33,6500,442,21.289849609375,86,24.940000534057617,🚀點火(3.6x) 🚬菸屁股,BUY_WATCH,6
ONDS,2028-01-21,17.0,2.11,9253,434,104.10204199218754,548,7.659999847412109,🚀點火(12.4x) 🔭LEAPS,BUY_WATCH,6
KO,2026-09-18,87.5,0.9,15341,426,21.021297607421875,58,81.97000122070312,🚀點火(6.3x) 🚬菸屁股,BUY_WATCH,6
SOFI,2028-01-21,20.0,5.3,28978,418,72.21707470703124,548,17.639999389648438,🚀點火(3.1x) 🔭LEAPS,BUY_WATCH,6
SOFI,2026-10-16,35.0,0.11,6219,391,72.46121289062499,86,17.639999389648438,🚀點火(7.5x) 🚬菸屁股,BUY_WATCH,6
CMCSA,2026-10-16,27.0,0.66,2899,385,37.35414208984375,86,23.809999465942383,🚀點火(11.0x) 🚬菸屁股,BUY_WATCH,6
ONDS,2026-12-18,15.0,0.6,3121,370,108.59420703125,149,7.659999847412109,🚀點火(2.5x) 🚬菸屁股,BUY_WATCH,6
GOOGL,2027-01-15,800.0,0.2,1872,355,48.16946362304687,177,347.1499938964844,🚀點火(118.3x) 🚬菸屁股,BUY_WATCH,6
IBIT,2028-01-21,140.0,0.5,28482,352,55.469195312500005,548,37.66999816894531,🚀點火(9.8x) 🔭LEAPS,BUY_WATCH,6
IBIT,2028-01-21,50.0,5.58,8528,351,50.32398309326172,548,37.66999816894531,🚀點火(6.2x) 🔭LEAPS,BUY_WATCH,6
CRSP,2026-09-18,75.0,0.41,1307,333,68.89679541015626,58,48.150001525878906,🚀點火(55.5x) 🚬菸屁股,BUY_WATCH,6
NVDA,2026-10-16,300.0,0.69,8304,332,41.846284667968746,86,207.2899932861328,🚀點火(2.7x) 🚬菸屁股,BUY_WATCH,6
CMCSA,2026-10-16,26.0,0.92,3293,332,37.5982802734375,86,23.809999465942383,🚀點火(4.7x) 🚬菸屁股,BUY_WATCH,6
IBM,2026-09-18,320.0,0.62,2080,329,53.24753784179688,58,210.5,🚀點火(3.4x) 🚬菸屁股,BUY_WATCH,6
ACHR,2028-01-21,25.0,0.62,1584,320,104.88328808593752,548,5.28000020980835,🚀點火(32.0x) 🔭LEAPS,BUY_WATCH,6
OPEN,2026-11-20,6.0,0.62,4812,312,102.93017285156252,121,4.480000019073486,🚀點火(5.7x) 🚬菸屁股,BUY_WATCH,6
HIMS,2028-01-21,95.0,6.02,3106,305,97.3633076171875,548,32.72999954223633,🚀點火(3.7x) 🔭LEAPS,BUY_WATCH,6
SOFI,2026-10-16,26.0,0.39,2010,304,66.11362011718751,86,17.639999389648438,🚀點火(2.7x) 🚬菸屁股,BUY_WATCH,6
ONDS,2028-01-21,3.0,5.43,2384,300,100.9770576171875,548,7.659999847412109,🚀點火(4.6x) 🔭LEAPS,BUY_WATCH,6
PFE,2026-10-16,26.0,0.6,4148,300,21.631643066406248,86,24.940000534057617,🚀點火(2.5x) 🚬菸屁股,BUY_WATCH,6
SOFI,2026-10-16,24.0,0.53,3212,263,65.57651611328126,86,17.639999389648438,🚀點火(4.2x) 🚬菸屁股,BUY_WATCH,6
SMR,2028-01-21,10.0,3.9,7620,263,106.34812451171878,548,8.710000038146973,🚀點火(2.6x) 🔭LEAPS,BUY_WATCH,6
GOOGL,2026-11-20,600.0,0.55,842,262,43.35994140625,121,347.1499938964844,🚀點火(131.0x) 🚬菸屁股,BUY_WATCH,6
IBM,2026-09-18,350.0,0.28,4213,261,56.49457568359376,58,210.5,🚀點火(5.0x) 🚬菸屁股,BUY_WATCH,6
NVDA,2028-01-21,320.0,17.55,6853,256,45.89592678833009,548,207.2899932861328,🚀點火(51.2x) 🔭LEAPS,BUY_WATCH,6
MSTR,2027-01-15,500.0,0.64,6680,249,102.58837768554687,177,101.94999694824219,🚀點火(3.6x) 🚬菸屁股,BUY_WATCH,6
LUNR,2028-01-21,25.0,6.0,4725,244,113.59906481933595,548,14.640000343322754,🚀點火(22.2x) 🔭LEAPS,BUY_WATCH,6
T,2026-10-16,30.0,0.05,831,244,37.11000390625,86,22.260000228881836,🚀點火(122.0x) 🚬菸屁股,BUY_WATCH,6
NVDA,2026-09-18,350.0,0.11,24352,236,51.562984375,58,207.2899932861328,🚀點火(5.5x) 🚬菸屁股,BUY_WATCH,6
OPEN,2028-01-21,4.0,2.21,5420,235,104.10204199218754,548,4.480000019073486,🚀點火(26.1x) 🔭LEAPS,BUY_WATCH,6
PFE,2028-01-21,25.0,2.64,22206,223,22.96219616699219,548,24.940000534057617,🚀點火(2.5x) 🔭LEAPS,BUY_WATCH,6
SOFI,2026-09-18,26.0,0.21,1762,222,67.87141503906251,58,17.639999389648438,🚀點火(2.8x) 🚬菸屁股,BUY_WATCH,6
NKE,2026-09-18,60.0,0.09,5355,220,43.555251953125,58,42.959999084472656,🚀點火(4.8x) 🚬菸屁股,BUY_WATCH,6
ORCL,2026-12-18,350.0,0.92,12141,215,79.687703125,149,127.05000305175781,🚀點火(14.3x) 🚬菸屁股,BUY_WATCH,6
PFE,2026-10-16,30.0,0.06,3275,212,23.242955078125,86,24.940000534057617,🚀點火(19.3x) 🚬菸屁股,BUY_WATCH,6
VZ,2026-12-18,52.5,0.54,3643,211,27.222407470703118,149,43.779998779296875,🚀點火(8.1x) 🚬菸屁股,BUY_WATCH,6
SOFI,2026-10-16,28.0,0.25,1045,207,66.50424121093752,86,17.639999389648438,🚀點火(3.7x) 🚬菸屁股,BUY_WATCH,6
MSTR,2027-01-15,700.0,0.33,11028,202,111.37739624023438,177,101.94999694824219,🚀點火(3.2x) 🚬菸屁股,BUY_WATCH,6
NKE,2027-01-15,82.5,0.19,1920,200,51.318846191406244,177,42.959999084472656,🚀點火(100.0x) 🚬菸屁股,BUY_WATCH,6
ONDS,2027-01-15,25.0,0.26,16205,192,109.27779736328125,177,7.659999847412109,🚀點火(21.3x) 🚬菸屁股,BUY_WATCH,6
VZ,2027-01-15,55.0,0.42,14112,190,25.879647460937505,177,43.779998779296875,🚀點火(4.6x) 🚬菸屁股,BUY_WATCH,6
MSFT,2026-09-18,800.0,0.04,10214,182,58.00823242187501,58,397.75,🚀點火(9.1x) 🚬菸屁股,BUY_WATCH,6
NVDA,2026-09-18,460.0,0.03,22520,172,64.45348046875,58,207.2899932861328,🚀點火(43.0x) 🚬菸屁股,BUY_WATCH,6
NKE,2026-12-18,60.0,0.77,8717,171,43.164630859375,149,42.959999084472656,🚀點火(11.4x) 🚬菸屁股,BUY_WATCH,6
SOFI,2026-10-16,30.0,0.17,3082,165,67.18782812500001,86,17.639999389648438,🚀點火(3.1x) 🚬菸屁股,BUY_WATCH,6
ONDS,2028-01-21,25.0,1.42,7413,158,103.27196801757816,548,7.659999847412109,🚀點火(3.1x) 🔭LEAPS,BUY_WATCH,6
PLTR,2026-09-18,230.0,0.49,5225,155,69.48272705078125,58,132.66000366210938,🚀點火(4.4x) 🚬菸屁股,BUY_WATCH,6
GIS,2026-09-18,42.5,0.47,2366,154,33.301448242187504,58,37.150001525878906,🚀點火(2.5x) 🚬菸屁股,BUY_WATCH,6
TDOC,2028-01-21,7.0,4.3,1921,147,71.63114306640624,548,9.710000038146973,🚀點火(49.0x) 🔭LEAPS,BUY_WATCH,6
HIMS,2028-01-21,80.0,6.9,970,145,97.22903161621093,548,32.72999954223633,🚀點火(14.5x) 🔭LEAPS,BUY_WATCH,6
IBM,2026-09-18,330.0,0.46,1216,144,55.51802294921876,58,210.5,🚀點火(9.6x) 🚬菸屁股,BUY_WATCH,6
SMCI,2026-11-20,60.0,0.63,845,140,97.1679970703125,121,25.5,🚀點火(2.5x) 🚬菸屁股,BUY_WATCH,6
ONDS,2027-01-15,14.0,0.83,2333,137,103.80907470703127,177,7.659999847412109,🚀點火(13.7x) 🚬菸屁股,BUY_WATCH,6
SOFI,2026-12-18,27.0,0.8,2342,134,67.13900048828127,149,17.639999389648438,🚀點火(4.2x) 🚬菸屁股,BUY_WATCH,6
T,2026-09-18,30.0,0.03,4682,131,40.820904296875,58,22.260000228881836,🚀點火(11.9x) 🚬菸屁股,BUY_WATCH,6
U,2028-01-21,65.0,4.2,1822,127,75.32983654785157,548,29.8700008392334,🚀點火(127.0x) 🔭LEAPS,BUY_WATCH,6
VZ,2028-01-21,50.0,2.71,4716,126,23.57254162597656,548,43.779998779296875,🚀點火(4.3x) 🔭LEAPS,BUY_WATCH,6
SOFI,2026-12-18,42.0,0.2,2015,125,77.148666015625,149,17.639999389648438,🚀點火(62.5x) 🚬菸屁股,BUY_WATCH,6
ACHR,2027-01-15,25.0,0.1,23131,120,113.28168359375002,177,5.28000020980835,🚀點火(3.3x) 🚬菸屁股,BUY_WATCH,6
SOFI,2028-06-16,27.0,4.5,4276,110,71.7776259765625,695,17.639999389648438,🚀點火(5.8x) 🔭LEAPS,BUY_WATCH,6
SOFI,2026-11-20,24.0,0.97,1551,108,67.57844921875001,121,17.639999389648438,🚀點火(4.9x) 🚬菸屁股,BUY_WATCH,6
VZ,2026-10-16,52.5,0.19,2496,108,26.17261328125,86,43.779998779296875,🚀點火(3.1x) 🚬菸屁股,BUY_WATCH,6
IBIT,2026-09-18,46.0,0.31,13957,104,38.867798828125,58,37.66999816894531,🚀點火(13.0x) 🚬菸屁股,BUY_WATCH,6
ZM,2026-09-18,130.0,0.41,3163,100,54.49264257812501,58,89.7699966430664,🚀點火(100.0x) 🚬菸屁股,BUY_WATCH,6
CPRT,2028-01-21,42.5,1.56,1134,100,39.88097229003906,548,27.170000076293945,🚀點火(5.0x) 🔭LEAPS,BUY_WATCH,6
IBIT,2026-10-16,47.0,0.51,6301,97,39.8443515625,86,37.66999816894531,🚀點火(3.5x) 🚬菸屁股,BUY_WATCH,6
IBIT,2026-09-18,47.0,0.26,8260,93,39.649041015625,58,37.66999816894531,🚀點火(2.7x) 🚬菸屁股,BUY_WATCH,6
T,2026-09-18,28.0,0.05,17512,90,35.938140624999996,58,22.260000228881836,🚀點火(8.2x) 🚬菸屁股,BUY_WATCH,6
SOFI,2028-06-16,13.0,8.6,3652,85,77.58811474609377,695,17.639999389648438,🚀點火(5.7x) 🔭LEAPS,BUY_WATCH,6
HOOD,2026-09-18,175.0,0.95,1019,85,76.02563037109377,58,106.36000061035156,🚀點火(28.3x) 🚬菸屁股,BUY_WATCH,6
AMZN,2026-09-18,400.0,0.06,766,85,47.31497998046875,58,247.5500030517578,🚀點火(17.0x) 🚬菸屁股,BUY_WATCH,6
IBIT,2026-10-16,55.0,0.18,5197,83,45.6060126953125,86,37.66999816894531,🚀點火(8.3x) 🚬菸屁股,BUY_WATCH,6
T,2028-01-21,30.0,0.98,6225,82,28.833719482421866,548,22.260000228881836,🚀點火(13.7x) 🔭LEAPS,BUY_WATCH,6
SMCI,2028-01-21,40.0,7.6,3719,80,91.79695703125,548,25.5,🚀點火(11.4x) 🔭LEAPS,BUY_WATCH,6
SOFI,2028-06-16,23.0,5.15,6295,77,72.63210961914062,695,17.639999389648438,🚀點火(7.7x) 🔭LEAPS,BUY_WATCH,6
MSFT,2026-09-18,600.0,0.43,6304,75,46.02104760742188,58,397.75,🚀點火(4.2x) 🚬菸屁股,BUY_WATCH,6
IBIT,2028-01-21,100.0,1.0,14998,74,51.27001855468749,548,37.66999816894531,🚀點火(4.6x) 🔭LEAPS,BUY_WATCH,6
SOFI,2028-01-21,13.0,8.15,3652,74,75.73266455078127,548,17.639999389648438,🚀點火(12.3x) 🔭LEAPS,BUY_WATCH,6
JOBY,2028-01-21,15.0,1.85,9402,72,90.47861083984375,548,7.659999847412109,🚀點火(8.0x) 🔭LEAPS,BUY_WATCH,6
BA,2026-09-18,270.0,0.53,2932,72,40.45469702148438,58,204.8000030517578,🚀點火(4.5x) 🚬菸屁股,BUY_WATCH,6
T,2026-12-18,28.0,0.26,1006,71,30.127651855468752,149,22.260000228881836,🚀點火(71.0x) 🚬菸屁股,BUY_WATCH,6
NKE,2028-01-21,110.0,0.53,9816,71,43.7505625,548,42.959999084472656,🚀點火(5.5x) 🔭LEAPS,BUY_WATCH,6
NVDA,2027-01-15,460.0,0.37,11504,70,49.36574072265626,177,207.2899932861328,🚀點火(2.9x) 🚬菸屁股,BUY_WATCH,6
PEP,2027-01-15,190.0,0.29,2700,70,25.855233642578128,177,135.0,🚀點火(70.0x) 🚬菸屁股,BUY_WATCH,6
CMCSA,2026-12-18,32.5,0.3,6439,66,40.23497265625,149,23.809999465942383,🚀點火(13.2x) 🚬菸屁股,BUY_WATCH,6
XYZ,2026-09-18,115.0,0.4,1105,64,51.17236328125,58,80.37999725341797,🚀點火(2.9x) 🚬菸屁股,BUY_WATCH,6
JOBY,2027-01-15,17.0,0.36,5984,61,90.23447265624999,177,7.659999847412109,🚀點火(61.0x) 🚬菸屁股,BUY_WATCH,6
OPEN,2026-12-18,6.0,0.67,1124,59,101.7583037109375,149,4.480000019073486,🚀點火(3.7x) 🚬菸屁股,BUY_WATCH,6
SMR,2028-01-21,25.0,2.12,2773,59,107.86178881835937,548,8.710000038146973,🚀點火(3.0x) 🔭LEAPS,BUY_WATCH,6
KO,2026-08-21,92.5,0.1,1610,58,24.7077841796875,30,81.97000122070312,🚀點火(19.3x) 🚬菸屁股,BUY_WATCH,6
NVDA,2026-10-16,350.0,0.24,9732,55,47.31497998046875,86,207.2899932861328,🚀點火(3.9x) 🚬菸屁股,BUY_WATCH,6
NNE,2027-01-15,40.0,0.95,2318,54,97.80275634765626,177,17.299999237060547,🚀點火(18.0x) 🚬菸屁股,BUY_WATCH,6
ORCL,2026-12-18,500.0,0.34,5491,54,90.039162109375,149,127.05000305175781,🚀點火(2.6x) 🚬菸屁股,BUY_WATCH,6
BA,2027-01-15,340.0,0.71,2388,54,40.18614501953125,177,204.8000030517578,🚀點火(3.6x) 🚬菸屁股,BUY_WATCH,6
BA,2026-09-18,300.0,0.21,2422,53,42.82283740234375,58,204.8000030517578,🚀點火(4.8x) 🚬菸屁股,BUY_WATCH,6
NVDA,2026-09-18,390.0,0.07,5422,52,60.25430371093752,58,207.2899932861328,🚀點火(3.5x) 🚬菸屁股,BUY_WATCH,6
UPST,2028-01-21,50.0,7.53,2570,52,89.58750646972655,548,29.270000457763672,🚀點火(13.0x) 🔭LEAPS,BUY_WATCH,6
T,2028-01-21,20.0,4.25,4176,51,30.02999658203125,548,22.260000228881836,🚀點火(6.4x) 🔭LEAPS,BUY_WATCH,6
NVDA,2026-09-18,320.0,0.2,7682,50,47.60794580078125,58,207.2899932861328,🚀點火(12.5x) 🚬菸屁股,BUY_WATCH,6
PEP,2027-01-15,175.0,0.8,2512,50,25.81861291503906,177,135.0,🚀點火(12.5x) 🚬菸屁股,BUY_WATCH,6
IBIT,2026-09-18,51.0,0.14,8315,49,44.434149414062496,58,37.66999816894531,🚀點火(49.0x) 🚬菸屁股,BUY_WATCH,6
SMR,2026-11-20,14.0,0.83,1132,48,104.88328808593752,121,8.710000038146973,🚀點火(24.0x) 🚬菸屁股,BUY_WATCH,6
NVDA,2028-06-16,350.0,19.36,5505,47,46.594772338867195,695,207.2899932861328,🚀點火(9.4x) 🔭LEAPS,BUY_WATCH,6
IBIT,2028-06-16,50.0,7.3,8522,47,53.28415856933593,695,37.66999816894531,🚀點火(7.8x) 🔭LEAPS,BUY_WATCH,6
PATH,2028-01-21,25.0,1.9,8388,47,77.58811474609377,548,12.039999961853027,🚀點火(3.1x) 🔭LEAPS,BUY_WATCH,6
CPRT,2027-01-15,40.0,0.33,2176,45,39.99083447265625,177,27.170000076293945,🚀點火(22.5x) 🚬菸屁股,BUY_WATCH,6
HIMS,2028-01-21,45.0,11.81,1350,42,90.56405920410155,548,32.72999954223633,🚀點火(14.0x) 🔭LEAPS,BUY_WATCH,6
VZ,2028-01-21,70.0,0.39,2626,40,27.06371765136719,548,43.779998779296875,🚀點火(40.0x) 🔭LEAPS,BUY_WATCH,6
GOOGL,2028-01-21,800.0,5.5,2155,40,41.486180847167965,548,347.1499938964844,🚀點火(8.0x) 🔭LEAPS,BUY_WATCH,6
TDOC,2028-01-21,10.0,3.05,2143,39,70.92314233398437,548,9.710000038146973,🚀點火(5.6x) 🔭LEAPS,BUY_WATCH,6
T,2026-12-18,32.0,0.06,2726,37,32.32489550781249,149,22.260000228881836,🚀點火(9.2x) 🚬菸屁股,BUY_WATCH,6
NKE,2027-01-15,110.0,0.08,3996,37,56.250437500000004,177,42.959999084472656,🚀點火(37.0x) 🚬菸屁股,BUY_WATCH,6
NKE,2028-06-16,45.0,9.0,774,36,48.26711889648438,695,42.959999084472656,🚀點火(5.1x) 🔭LEAPS,BUY_WATCH,6
U,2027-01-15,70.0,0.52,2759,35,76.95335546875,177,29.8700008392334,🚀點火(11.7x) 🚬菸屁股,BUY_WATCH,6
SMR,2027-01-15,50.0,0.13,4751,34,123.43788281249999,177,8.710000038146973,🚀點火(11.3x) 🚬菸屁股,BUY_WATCH,6
BA,2028-01-21,380.0,5.7,2119,34,43.124958404541026,548,204.8000030517578,🚀點火(4.9x) 🔭LEAPS,BUY_WATCH,6
NVDA,2028-01-21,410.0,8.15,20711,31,45.69451278686524,548,207.2899932861328,🚀點火(15.5x) 🔭LEAPS,BUY_WATCH,6
OPEN,2026-10-16,9.0,0.12,1690,31,110.15669921875002,86,4.480000019073486,🚀點火(31.0x) 🚬菸屁股,BUY_WATCH,6
LUNR,2028-01-21,20.0,6.6,1610,31,117.67619287109375,548,14.640000343322754,🚀點火(5.2x) 🔭LEAPS,BUY_WATCH,6
GOOGL,2026-10-16,530.0,0.51,5865,30,41.17490466308594,86,347.1499938964844,🚀點火(15.0x) 🚬菸屁股,BUY_WATCH,6
VZ,2026-12-18,60.0,0.11,2284,29,28.028063476562494,149,43.779998779296875,🚀點火(4.8x) 🚬菸屁股,BUY_WATCH,6
IBIT,2028-06-16,45.0,8.7,5133,28,54.18746984863283,695,37.66999816894531,🚀點火(4.7x) 🔭LEAPS,BUY_WATCH,6
XYZ,2026-09-18,110.0,0.58,1115,28,52.58836474609375,58,80.37999725341797,🚀點火(28.0x) 🚬菸屁股,BUY_WATCH,6
NTLA,2027-01-15,20.0,0.9,4522,28,90.52743847656251,177,11.470000267028809,🚀點火(28.0x) 🚬菸屁股,BUY_WATCH,6
GIS,2026-12-18,50.0,0.3,1295,28,34.52213916015625,149,37.150001525878906,🚀點火(9.3x) 🚬菸屁股,BUY_WATCH,6
NVDA,2028-01-21,280.0,25.0,8108,27,46.399461791992195,548,207.2899932861328,🚀點火(13.5x) 🔭LEAPS,BUY_WATCH,6
TSLA,2026-09-18,940.0,0.15,10372,26,78.9064609375,58,378.92999267578125,🚀點火(13.0x) 🚬菸屁股,BUY_WATCH,6
IBIT,2026-09-18,80.0,0.04,12567,26,75.00025000000001,58,37.66999816894531,🚀點火(26.0x) 🚬菸屁股,BUY_WATCH,6
IONQ,2028-01-21,55.0,11.99,1108,26,99.2065509033203,548,35.5099983215332,🚀點火(3.7x) 🔭LEAPS,BUY_WATCH,6
SMCI,2026-12-18,70.0,0.56,2480,25,99.07227490234375,149,25.5,🚀點火(25.0x) 🚬菸屁股,BUY_WATCH,6
ORCL,2027-01-15,460.0,0.76,910,25,83.20329296874999,177,127.05000305175781,🚀點火(25.0x) 🚬菸屁股,BUY_WATCH,6
RKLB,2026-10-16,210.0,0.33,853,24,109.66842041015626,86,69.12000274658203,🚀點火(8.0x) 🚬菸屁股,BUY_WATCH,6
SMR,2026-11-20,18.0,0.45,890,24,110.15669921875002,121,8.710000038146973,🚀點火(4.8x) 🚬菸屁股,BUY_WATCH,6
IBIT,2027-01-15,120.0,0.07,18624,23,67.18782812500001,177,37.66999816894531,🚀點火(23.0x) 🚬菸屁股,BUY_WATCH,6
PACB,2028-01-21,2.0,0.53,4756,23,117.96916015624998,548,1.399999976158142,🚀點火(11.5x) 🔭LEAPS,BUY_WATCH,6
PFE,2027-01-15,42.0,0.04,18791,23,35.352208984375,177,24.940000534057617,🚀點火(7.7x) 🚬菸屁股,BUY_WATCH,6
NKE,2028-01-21,80.0,1.6,2996,22,44.58063232421875,548,42.959999084472656,🚀點火(4.4x) 🔭LEAPS,BUY_WATCH,6
PATH,2028-01-21,8.0,6.14,2069,21,79.73653076171875,548,12.039999961853027,🚀點火(7.0x) 🔭LEAPS,BUY_WATCH,6
NKE,2028-01-21,60.0,4.02,8071,21,41.95614685058594,548,42.959999084472656,🚀點火(3.0x) 🔭LEAPS,BUY_WATCH,6
NVDA,2028-06-16,300.0,27.02,5883,20,47.23716093444825,695,207.2899932861328,🚀點火(6.7x) 🔭LEAPS,BUY_WATCH,6
SOFI,2026-11-20,26.0,0.68,1047,20,67.6761044921875,121,17.639999389648438,🚀點火(2.5x) 🚬菸屁股,BUY_WATCH,6
TDOC,2027-01-15,12.5,0.97,6665,20,68.555001953125,177,9.710000038146973,🚀點火(20.0x) 🚬菸屁股,BUY_WATCH,6
LUNR,2028-01-21,50.0,3.6,1092,20,116.55315161132816,548,14.640000343322754,🚀點火(20.0x) 🔭LEAPS,BUY_WATCH,6
CMCSA,2028-01-21,45.0,0.52,935,20,37.76917700195312,548,23.809999465942383,🚀點火(20.0x) 🔭LEAPS,BUY_WATCH,6
PATH,2028-01-21,22.0,2.19,3480,19,79.56563403320311,548,12.039999961853027,🚀點火(19.0x) 🔭LEAPS,BUY_WATCH,6
TSLA,2026-09-18,750.0,0.35,5389,18,68.11555322265626,58,378.92999267578125,🚀點火(6.0x) 🚬菸屁股,BUY_WATCH,6
SMCI,2026-12-18,120.0,0.19,10943,18,112.109814453125,149,25.5,🚀點火(9.0x) 🚬菸屁股,BUY_WATCH,6
GOOGL,2027-01-15,650.0,0.68,3837,18,42.725182128906255,177,347.1499938964844,🚀點火(18.0x) 🚬菸屁股,BUY_WATCH,6
SOFI,2028-06-16,8.0,11.39,3088,16,84.71694970703125,695,17.639999389648438,🚀點火(2.7x) 🔭LEAPS,BUY_WATCH,6
PACB,2027-01-15,4.0,0.08,1937,16,145.703396484375,177,1.399999976158142,🚀點火(16.0x) 🚬菸屁股,BUY_WATCH,6
T,2026-09-18,31.0,0.01,4513,16,50.098155273437506,58,22.260000228881836,🚀點火(16.0x) 🚬菸屁股,BUY_WATCH,6
KO,2028-01-21,82.5,9.1,1861,16,24.695577270507812,548,81.97000122070312,🚀點火(8.0x) 🔭LEAPS,BUY_WATCH,6
ONDS,2028-01-21,27.0,1.34,8629,15,104.10204199218754,548,7.659999847412109,🚀點火(15.0x) 🔭LEAPS,BUY_WATCH,6
SMR,2027-01-15,17.0,0.85,2406,15,104.88328808593752,177,8.710000038146973,🚀點火(3.8x) 🚬菸屁股,BUY_WATCH,6
T,2026-09-18,29.0,0.03,6412,15,34.37565625,58,22.260000228881836,🚀點火(3.0x) 🚬菸屁股,BUY_WATCH,6
VICI,2027-01-15,32.5,0.11,3040,15,20.362124511718747,177,26.579999923706055,🚀點火(7.5x) 🚬菸屁股,BUY_WATCH,6
TSCO,2026-10-16,40.0,0.26,1634,15,48.34036035156251,86,29.639999389648438,🚀點火(7.5x) 🚬菸屁股,BUY_WATCH,6
HIMS,2028-01-21,60.0,8.85,1588,14,93.96978686523438,548,32.72999954223633,🚀點火(14.0x) 🔭LEAPS,BUY_WATCH,6
IBM,2026-09-18,370.0,0.2,936,14,62.93982373046876,58,210.5,🚀點火(2.8x) 🚬菸屁股,BUY_WATCH,6
PFE,2027-01-15,40.0,0.04,11301,14,33.399103515625,177,24.940000534057617,🚀點火(14.0x) 🚬菸屁股,BUY_WATCH,6
SMCI,2028-01-21,70.0,4.35,1967,13,91.60164648437501,548,25.5,🚀點火(4.3x) 🔭LEAPS,BUY_WATCH,6
ASTS,2026-10-16,190.0,0.74,1985,13,119.53165234375001,86,63.34000015258789,🚀點火(13.0x) 🚬菸屁股,BUY_WATCH,6
SOFI,2028-01-21,8.0,10.95,1638,13,94.09185595703124,548,17.639999389648438,🚀點火(13.0x) 🔭LEAPS,BUY_WATCH,6
TDOC,2027-01-15,25.0,0.18,2835,13,86.7188828125,177,9.710000038146973,🚀點火(4.3x) 🚬菸屁股,BUY_WATCH,6
HIMS,2028-01-21,65.0,8.95,907,13,92.4927508544922,548,32.72999954223633,🚀點火(6.5x) 🔭LEAPS,BUY_WATCH,6
ONDS,2028-01-21,22.0,1.77,1140,13,107.91061669921875,548,7.659999847412109,🚀點火(4.3x) 🔭LEAPS,BUY_WATCH,6
NVDA,2028-01-21,420.0,7.65,21531,11,45.84709915161134,548,207.2899932861328,🚀點火(3.7x) 🔭LEAPS,BUY_WATCH,6
OKLO,2027-01-15,250.0,0.47,1364,11,115.8207333984375,177,44.130001068115234,🚀點火(11.0x) 🚬菸屁股,BUY_WATCH,6
SMR,2027-01-15,85.0,0.06,2780,11,138.28155859374996,177,8.710000038146973,🚀點火(5.5x) 🚬菸屁股,BUY_WATCH,6
VZ,2026-09-18,57.5,0.05,5895,11,35.44986425781249,58,43.779998779296875,🚀點火(5.5x) 🚬菸屁股,BUY_WATCH,6
VZ,2028-01-21,38.0,7.71,2846,11,25.305922729492192,548,43.779998779296875,🚀點火(11.0x) 🔭LEAPS,BUY_WATCH,6
VZ,2028-01-21,47.0,3.7,4220,11,25.586681640625002,548,43.779998779296875,🚀點火(11.0x) 🔭LEAPS,BUY_WATCH,6
KO,2028-01-21,85.0,8.0,6191,11,23.8990764465332,548,81.97000122070312,🚀點火(11.0x) 🔭LEAPS,BUY_WATCH,6
IBIT,2028-01-21,85.0,1.47,14382,10,50.19581054687501,548,37.66999816894531,🚀點火(10.0x) 🔭LEAPS,BUY_WATCH,6
TDOC,2028-01-21,17.0,1.73,1132,10,69.87334814453125,548,9.710000038146973,🚀點火(10.0x) 🔭LEAPS,BUY_WATCH,6
XYZ,2028-01-21,120.0,10.11,1430,10,52.58226129150392,548,80.37999725341797,🚀點火(2.5x) 🔭LEAPS,BUY_WATCH,6
NTLA,2028-01-21,20.0,3.5,1472,10,92.70026831054687,548,11.470000267028809,🚀點火(10.0x) 🔭LEAPS,BUY_WATCH,6
ORCL,2027-01-15,440.0,0.61,769,10,80.32246240234375,177,127.05000305175781,🚀點火(5.0x) 🚬菸屁股,BUY_WATCH,6
NKE,2028-01-21,65.0,3.15,4377,10,43.93366613769531,548,42.959999084472656,🚀點火(10.0x) 🔭LEAPS,BUY_WATCH,6
PFE,2026-12-18,37.0,0.05,1105,10,30.664755859375,149,24.940000534057617,🚀點火(10.0x) 🚬菸屁股,BUY_WATCH,6
GIS,2028-01-21,35.0,6.7,1230,10,33.99724206542969,548,37.150001525878906,🚀點火(10.0x) 🔭LEAPS,BUY_WATCH,6
GOOGL,2026-10-16,600.0,0.23,1165,10,47.70560107421875,86,347.1499938964844,🚀點火(10.0x) 🚬菸屁股,BUY_WATCH,6
NVDA,2028-01-21,390.0,9.74,8332,9,45.67315069580079,548,207.2899932861328,🚀點火(9.0x) 🔭LEAPS,BUY_WATCH,6
PATH,2027-01-15,22.0,0.58,7639,9,79.3947373046875,177,12.039999961853027,🚀點火(4.5x) 🚬菸屁股,BUY_WATCH,6
NKE,2028-01-21,100.0,0.69,9810,9,45.154357055664065,548,42.959999084472656,🚀點火(3.0x) 🔭LEAPS,BUY_WATCH,6
OKLO,2026-10-16,130.0,0.3,2995,8,109.86373193359378,86,44.130001068115234,🚀點火(4.0x) 🚬菸屁股,BUY_WATCH,6
CMCSA,2026-08-21,29.0,0.08,1930,8,48.828636718750005,30,23.809999465942383,🚀點火(4.0x) 🚬菸屁股,BUY_WATCH,6
IONQ,2028-01-21,85.0,8.3,1019,7,100.96485064697265,548,35.5099983215332,🚀點火(3.5x) 🔭LEAPS,BUY_WATCH,6
SOFI,2028-01-21,45.0,1.7,4272,7,70.84990087890624,548,17.639999389648438,🚀點火(7.0x) 🔭LEAPS,BUY_WATCH,6
DKNG,2026-12-18,45.0,0.32,811,7,66.55306884765628,149,23.850000381469727,🚀點火(3.5x) 🚬菸屁股,BUY_WATCH,6
NNE,2027-01-15,50.0,0.55,1952,7,100.68409033203123,177,17.299999237060547,🚀點火(3.5x) 🚬菸屁股,BUY_WATCH,6
NKE,2027-01-15,85.0,0.16,3000,7,53.76022802734376,177,42.959999084472656,🚀點火(3.5x) 🚬菸屁股,BUY_WATCH,6
GIS,2028-01-21,40.0,4.7,1972,7,34.26579406738281,548,37.150001525878906,🚀點火(7.0x) 🔭LEAPS,BUY_WATCH,6
ZM,2028-01-21,140.0,10.44,2803,6,53.873141937255866,548,89.7699966430664,🚀點火(6.0x) 🔭LEAPS,BUY_WATCH,6
SMR,2028-01-21,23.0,2.25,910,6,107.05612878417972,548,8.710000038146973,🚀點火(3.0x) 🔭LEAPS,BUY_WATCH,6
ORLY,2026-08-21,105.0,0.29,1111,6,43.945873046875,30,87.97000122070312,🚀點火(6.0x) 🚬菸屁股,BUY_WATCH,6
PEP,2028-01-21,250.0,0.45,1384,6,27.95482202148437,548,135.0,🚀點火(6.0x) 🔭LEAPS,BUY_WATCH,6
KR,2026-09-18,75.0,0.13,2481,6,35.938140624999996,58,57.779998779296875,🚀點火(6.0x) 🚬菸屁股,BUY_WATCH,6
KO,2028-01-21,77.5,11.86,1347,6,25.592785095214843,548,81.97000122070312,🚀點火(3.0x) 🔭LEAPS,BUY_WATCH,6
SMCI,2026-12-18,72.0,0.52,1720,5,100.48877880859375,149,25.5,🚀點火(5.0x) 🚬菸屁股,BUY_WATCH,6
DKNG,2028-01-21,50.0,1.83,26028,5,60.30313134765627,548,23.850000381469727,🚀點火(2.5x) 🔭LEAPS,BUY_WATCH,6
HIMS,2028-01-21,55.0,10.05,786,5,93.85992468261719,548,32.72999954223633,🚀點火(5.0x) 🔭LEAPS,BUY_WATCH,6
ORCL,2027-01-15,430.0,0.7,760,5,80.12715185546875,177,127.05000305175781,🚀點火(5.0x) 🚬菸屁股,BUY_WATCH,6
VICI,2026-09-18,32.5,0.05,967,5,32.031929687499996,58,26.579999923706055,🚀點火(5.0x) 🚬菸屁股,BUY_WATCH,6
PFE,2028-01-21,37.0,0.4,2776,5,25.24488818359375,548,24.940000534057617,🚀點火(5.0x) 🔭LEAPS,BUY_WATCH,6
GOOGL,2026-10-16,510.0,0.72,2950,5,39.905386108398446,86,347.1499938964844,🚀點火(5.0x) 🚬菸屁股,BUY_WATCH,6
SMCI,2028-01-21,38.0,8.0,952,4,95.53227124023438,548,25.5,🚀點火(4.0x) 🔭LEAPS,BUY_WATCH,6
DKNG,2026-12-18,38.0,0.65,932,4,60.40078662109377,149,23.850000381469727,🚀點火(4.0x) 🚬菸屁股,BUY_WATCH,6
NKE,2027-01-15,67.5,0.53,2035,4,45.703667968750004,177,42.959999084472656,🚀點火(4.0x) 🚬菸屁股,BUY_WATCH,6
NKE,2028-01-21,47.5,7.15,1977,4,43.6529072265625,548,42.959999084472656,🚀點火(4.0x) 🔭LEAPS,BUY_WATCH,6
CMCSA,2027-01-15,40.0,0.07,7433,4,39.45373046875,177,23.809999465942383,🚀點火(4.0x) 🚬菸屁股,BUY_WATCH,6
PFE,2026-12-18,42.0,0.05,1088,4,38.477177734375,149,24.940000534057617,🚀點火(4.0x) 🚬菸屁股,BUY_WATCH,6
TSCO,2027-01-15,42.0,0.6,3092,4,44.092355957031245,177,29.639999389648438,🚀點火(4.0x) 🚬菸屁股,BUY_WATCH,6
VST,2026-09-18,250.0,0.58,7157,3,56.7387138671875,58,162.3300018310547,🚀點火(3.0x) 🚬菸屁股,BUY_WATCH,6
ASTS,2026-10-16,180.0,0.88,974,3,118.99454565429686,86,63.34000015258789,🚀點火(3.0x) 🚬菸屁股,BUY_WATCH,6
DKNG,2026-11-20,40.0,0.35,5354,3,68.26203613281253,121,23.850000381469727,🚀點火(3.0x) 🚬菸屁股,BUY_WATCH,6
PEP,2027-01-15,200.0,0.2,3499,3,30.725790405273436,177,135.0,🚀點火(3.0x) 🚬菸屁股,BUY_WATCH,6
VICI,2027-01-15,35.0,0.05,3993,3,23.633576171875,177,26.579999923706055,🚀點火(3.0x) 🚬菸屁股,BUY_WATCH,6
ONDS,2026-07-24,8.0,0.17,7672,19995,93.7500625,2,7.659999847412109,🎲末日結算 🚨異常掃貨 🚀點火(4.1x) 🚬菸屁股 ⚠️暴動高IV(94%),GAMBLE,5
AAPL,2026-07-24,335.0,1.35,12348,16132,28.85813330078124,2,327.739990234375,🎲末日結算 🚨異常掃貨 🆕新倉暴量 🏛️機構場,GAMBLE,5
ONDS,2026-07-24,8.5,0.07,4690,8750,94.5313046875,2,7.659999847412109,🎲末日結算 🚨異常掃貨 🆕新倉暴量 🚬菸屁股 ⚠️暴動高IV(95%),GAMBLE,5
ACHR,2026-07-24,6.5,0.01,3157,7439,118.75040625,2,5.28000020980835,🎲末日結算 🚨異常掃貨 🆕新倉暴量 🚬菸屁股 ⚠️暴動高IV(119%),GAMBLE,5
IREN,2027-01-15,110.0,2.86,43581,4699,115.47893823242185,177,41.290000915527344,🚀點火(17.4x) 🔥萬人塚,HOLD,5
NVDA,2026-09-18,200.0,18.8,44443,3759,45.20928814697266,58,207.2899932861328,🚀點火(4.0x) 🔥萬人塚,HOLD,5
NVDA,2027-01-15,250.0,11.1,51210,2277,43.1219066772461,177,207.2899932861328,🚀點火(3.3x) 🔥萬人塚,HOLD,5
SMR,2026-07-24,9.5,0.08,1240,2045,89.062609375,2,8.710000038146973,🎲末日結算 🚨異常掃貨 🆕新倉暴量 🚬菸屁股 ⚠️暴動高IV(89%),GAMBLE,5
AMZN,2026-08-21,370.0,0.04,39109,2026,50.586431640624994,30,247.5500030517578,🚀點火(675.3x) 🚬菸屁股 🔥萬人塚 ⚠️尾段價外(49%),BUY_WATCH,5
NVDA,2026-12-18,300.0,2.6,37492,1715,42.273526489257804,149,207.2899932861328,🚀點火(5.2x) 🔥萬人塚,HOLD,5
NVDA,2027-01-15,240.0,13.6,40847,748,43.564407135009766,177,207.2899932861328,🚀點火(3.1x) 🔥萬人塚,HOLD,5
NVDA,2027-01-15,290.0,4.49,37976,436,42.493250854492196,177,207.2899932861328,🚀點火(2.8x) 🔥萬人塚,HOLD,5
MSFT,2026-12-18,525.0,8.32,54362,273,40.43333493041992,149,397.75,🚀點火(3.0x) 🔥萬人塚,HOLD,5
PFE,2027-01-15,25.0,1.44,30289,185,21.949022705078125,177,24.940000534057617,🚀點火(3.4x) 🔥萬人塚,HOLD,5
NVDA,2027-01-15,340.0,1.67,71580,81,43.29890686035156,177,207.2899932861328,🚀點火(2.5x) 🔥萬人塚,HOLD,5
META,2026-07-24,700.0,0.7,26607,27011,48.828636718750005,2,643.8099975585938,🎲末日結算 🚀點火(4.7x) 🚬菸屁股,GAMBLE,4
SOFI,2026-07-24,18.0,0.24,15965,20452,52.3442265625,2,17.639999389648438,🎲末日結算 🚨異常掃貨 🚬菸屁股,GAMBLE,4
SOFI,2026-07-24,17.5,0.47,13077,18159,54.68795312500001,2,17.639999389648438,🎲末日結算 🚨異常掃貨 🚬菸屁股,GAMBLE,4
ORCL,2026-07-24,140.0,0.42,9733,17016,70.312796875,2,127.05000305175781,🎲末日結算 🚨異常掃貨 🚬菸屁股,GAMBLE,4
TSLA,2026-07-24,430.0,0.68,10255,15544,74.17018017578124,2,378.92999267578125,🎲末日結算 🚨異常掃貨 🚬菸屁股,GAMBLE,4
ONDS,2026-07-24,7.5,0.39,10741,13907,97.6562734375,2,7.659999847412109,🎲末日結算 🚨異常掃貨 🚬菸屁股,GAMBLE,4
OPEN,2026-07-24,4.5,0.15,8040,12296,79.687703125,2,4.480000019073486,🎲末日結算 🚨異常掃貨 🚬菸屁股,GAMBLE,4
AMZN,2026-07-24,255.0,0.94,7136,11933,33.008482421874994,2,247.5500030517578,🎲末日結算 🚨異常掃貨 🚬菸屁股,GAMBLE,4
F,2026-07-24,14.5,0.12,8564,8242,35.938140624999996,2,14.270000457763672,🎲末日結算 🆕新倉暴量 🚬菸屁股,GAMBLE,4
HOOD,2026-07-24,115.0,0.53,6462,7202,67.09017285156251,2,106.36000061035156,🎲末日結算 🚀點火(4.1x) 🚬菸屁股,GAMBLE,4
MU,2026-07-24,1100.0,4.0,2862,6883,88.78185046386717,2,970.8200073242188,🎲末日結算 🚨異常掃貨 🆕新倉暴量 ⚠️暴動高IV(89%),GAMBLE,4
CRWV,2026-07-24,90.0,0.54,3964,6728,100.39112304687498,2,79.58000183105469,🎲末日結算 🚨異常掃貨 🚬菸屁股,GAMBLE,4
T,2026-07-24,23.0,0.29,4563,6412,60.937890625000016,2,22.260000228881836,🎲末日結算 🚨異常掃貨 🚬菸屁股,GAMBLE,4
F,2026-07-24,15.0,0.02,10479,5175,38.2818671875,2,14.270000457763672,🎲末日結算 🆕新倉暴量 🚬菸屁股,GAMBLE,4
BAC,2026-07-24,62.0,0.24,11173,4941,21.094539062499997,2,61.220001220703125,🎲末日結算 🆕新倉暴量 🚬菸屁股,GAMBLE,4
ORCL,2026-07-24,150.0,0.07,6634,4578,76.17211328125,2,127.05000305175781,🎲末日結算 🆕新倉暴量 🚬菸屁股,GAMBLE,4
IREN,2026-07-24,43.0,1.26,2579,4328,113.67230664062502,2,41.290000915527344,🎲末日結算 🚨異常掃貨 🆕新倉暴量 ⚠️暴動高IV(114%),GAMBLE,4
RKLB,2026-07-24,75.0,0.67,2672,3861,87.10950390625,2,69.12000274658203,🎲末日結算 🚨異常掃貨 🚬菸屁股,GAMBLE,4
HOOD,2026-07-24,125.0,0.05,6276,3665,73.04714453125,2,106.36000061035156,🎲末日結算 🆕新倉暴量 🚬菸屁股,GAMBLE,4
ONDS,2026-08-21,10.0,0.3,11210,3606,104.68797656250001,30,7.659999847412109,🚀點火(3.3x) 🚬菸屁股 ⚠️暴動高IV(105%),BUY_WATCH,4
IREN,2026-07-24,41.5,1.93,910,3529,117.96916015624998,2,41.290000915527344,🎲末日結算 🚨異常掃貨 🆕新倉暴量 ⚠️暴動高IV(118%),GAMBLE,4
IREN,2026-07-24,41.0,2.2,2409,3005,118.35978320312499,2,41.290000915527344,🎲末日結算 🚨異常掃貨 🆕新倉暴量 ⚠️暴動高IV(118%),GAMBLE,4
BAC,2026-07-24,61.0,0.67,6482,3001,22.461712890624995,2,61.220001220703125,🎲末日結算 🆕新倉暴量 🚬菸屁股,GAMBLE,4
HOOD,2026-07-24,114.0,0.67,3348,2700,67.09017285156251,2,106.36000061035156,🎲末日結算 🆕新倉暴量 🚬菸屁股,GAMBLE,4
ASTS,2026-07-24,64.0,2.37,815,2613,97.50979052734375,2,63.34000015258789,🎲末日結算 🚨異常掃貨 🆕新倉暴量 ⚠️暴動高IV(98%),GAMBLE,4
PLTR,2026-07-24,150.0,0.08,6376,2511,58.789474609375006,2,132.66000366210938,🎲末日結算 🆕新倉暴量 🚬菸屁股,GAMBLE,4
NBIS,2026-07-24,260.0,1.83,1368,2463,139.3557719726562,2,216.9199981689453,🎲末日結算 🚨異常掃貨 🚀點火(5.7x) ⚠️暴動高IV(139%),GAMBLE,4
BAC,2026-07-24,63.0,0.07,10701,2380,21.680470703125,2,61.220001220703125,🎲末日結算 🆕新倉暴量 🚬菸屁股,GAMBLE,4
BA,2026-07-24,215.0,0.49,1720,2322,39.20959228515625,2,204.8000030517578,🎲末日結算 🚨異常掃貨 🚬菸屁股,GAMBLE,4
ORCL,2026-07-24,138.0,0.6,1554,2291,69.82452050781251,2,127.05000305175781,🎲末日結算 🚨異常掃貨 🚬菸屁股,GAMBLE,4
SMR,2026-08-21,10.0,0.58,5493,2271,99.804689453125,30,8.710000038146973,🚀點火(2.5x) 🚬菸屁股 ⚠️暴動高IV(100%),BUY_WATCH,4
CRWV,2026-07-24,79.0,3.65,1603,2240,101.27002490234376,2,79.58000183105469,🎲末日結算 🚨異常掃貨 🆕新倉暴量 ⚠️暴動高IV(101%),GAMBLE,4
ASTS,2026-07-24,63.0,2.78,801,2169,97.50979052734375,2,63.34000015258789,🎲末日結算 🚨異常掃貨 🆕新倉暴量 ⚠️暴動高IV(98%),GAMBLE,4
ASTS,2026-07-24,62.0,3.05,1064,2072,100.39112304687498,2,63.34000015258789,🎲末日結算 🚨異常掃貨 🆕新倉暴量 ⚠️暴動高IV(100%),GAMBLE,4
NKE,2026-07-24,43.5,0.38,927,1850,33.98503515625,2,42.959999084472656,🎲末日結算 🚨異常掃貨 🚬菸屁股,GAMBLE,4
ORCL,2026-08-21,390.0,0.07,838,1794,136.71906640625,30,127.05000305175781,🚨異常掃貨 🚀點火(224.2x) 🚬菸屁股 ⚠️尾段價外(207%) ⚠️暴動高IV(137%),STRONG_BUY,4
F,2026-07-24,14.0,0.37,7613,1734,35.1568984375,2,14.270000457763672,🎲末日結算 🆕新倉暴量 🚬菸屁股,GAMBLE,4
RKLB,2026-07-24,68.0,3.15,919,1652,89.16026464843749,2,69.12000274658203,🎲末日結算 🚨異常掃貨 🆕新倉暴量 ⚠️暴動高IV(89%),GAMBLE,4
HOOD,2026-07-24,117.0,0.27,6090,1590,66.79720703125001,2,106.36000061035156,🎲末日結算 🆕新倉暴量 🚬菸屁股,GAMBLE,4
HOOD,2026-07-24,113.0,0.85,2576,1575,66.99251757812502,2,106.36000061035156,🎲末日結算 🆕新倉暴量 🚬菸屁股,GAMBLE,4
RKLB,2026-07-24,73.0,1.14,991,1537,86.32826171875,2,69.12000274658203,🎲末日結算 🚨異常掃貨 🆕新倉暴量 ⚠️暴動高IV(86%),GAMBLE,4
HOOD,2026-07-24,118.0,0.25,1720,1506,67.96907031250001,2,106.36000061035156,🎲末日結算 🆕新倉暴量 🚬菸屁股,GAMBLE,4
ONDS,2026-09-18,15.0,0.15,13196,1413,112.5004375,58,7.659999847412109,🚀點火(48.7x) 🚬菸屁股 ⚠️暴動高IV(113%),BUY_WATCH,4
SOFI,2026-07-24,20.5,0.01,6533,1383,68.7503125,2,17.639999389648438,🎲末日結算 🆕新倉暴量 🚬菸屁股,GAMBLE,4
ASTS,2026-07-24,68.0,1.0,788,1341,100.78174609374999,2,63.34000015258789,🎲末日結算 🚨異常掃貨 🆕新倉暴量 ⚠️暴動高IV(101%),GAMBLE,4
SMCI,2026-09-18,70.0,0.12,5197,1311,115.234798828125,58,25.5,🚀點火(27.3x) 🚬菸屁股 ⚠️暴動高IV(115%),BUY_WATCH,4
JOBY,2026-07-24,8.5,0.02,1241,1257,79.687703125,2,7.659999847412109,🎲末日結算 🆕新倉暴量 🚬菸屁股,GAMBLE,4
XYZ,2026-07-24,82.0,0.77,3236,1229,44.336494140625,2,80.37999725341797,🎲末日結算 🆕新倉暴量 🚬菸屁股,GAMBLE,4
HOOD,2026-07-24,116.0,0.42,1543,1182,67.28548339843752,2,106.36000061035156,🎲末日結算 🆕新倉暴量 🚬菸屁股,GAMBLE,4
UPST,2026-07-24,30.0,0.53,894,990,68.7503125,2,29.270000457763672,🎲末日結算 🆕新倉暴量 🚬菸屁股,GAMBLE,4
ORCL,2026-07-24,143.0,0.27,1569,959,72.07059179687501,2,127.05000305175781,🎲末日結算 🆕新倉暴量 🚬菸屁股,GAMBLE,4
CRM,2026-07-24,190.0,0.28,2245,955,63.67223828125,2,170.05999755859375,🎲末日結算 🆕新倉暴量 🚬菸屁股,GAMBLE,4
VZ,2026-07-24,44.0,0.85,3098,927,50.7817421875,2,43.779998779296875,🎲末日結算 🆕新倉暴量 🚬菸屁股,GAMBLE,4
SMCI,2026-08-21,35.0,0.77,10009,877,106.34812451171878,30,25.5,🚀點火(2.7x) 🚬菸屁股 ⚠️暴動高IV(106%),BUY_WATCH,4
JPM,2026-07-24,355.0,0.36,1389,809,21.3875048828125,2,345.2300109863281,🎲末日結算 🆕新倉暴量 🚬菸屁股,GAMBLE,4
F,2026-07-24,15.5,0.01,1937,801,50.7817421875,2,14.270000457763672,🎲末日結算 🆕新倉暴量 🚬菸屁股,GAMBLE,4
HOOD,2026-07-24,130.0,0.02,3096,794,78.9064609375,2,106.36000061035156,🎲末日結算 🆕新倉暴量 🚬菸屁股,GAMBLE,4
OPEN,2026-08-21,4.0,0.76,3324,748,103.12548437500001,30,4.480000019073486,🚀點火(5.9x) 🚬菸屁股 ⚠️暴動高IV(103%),BUY_WATCH,4
LUNR,2026-09-18,25.0,0.58,1229,719,111.62153564453124,58,14.640000343322754,🚀點火(22.5x) 🚬菸屁股 ⚠️暴動高IV(112%),BUY_WATCH,4
DKNG,2026-07-24,28.5,0.01,1091,688,68.7503125,2,23.850000381469727,🎲末日結算 🆕新倉暴量 🚬菸屁股,GAMBLE,4
JPM,2026-07-24,357.5,0.16,990,643,22.022264160156247,2,345.2300109863281,🎲末日結算 🆕新倉暴量 🚬菸屁股,GAMBLE,4
BA,2026-07-24,230.0,0.02,3122,629,46.48491015625,2,204.8000030517578,🎲末日結算 🆕新倉暴量 🚬菸屁股,GAMBLE,4
BAC,2026-07-24,64.0,0.02,1595,628,23.04764453125,2,61.220001220703125,🎲末日結算 🆕新倉暴量 🚬菸屁股,GAMBLE,4
CRM,2026-07-24,185.0,0.58,1795,593,63.623410644531255,2,170.05999755859375,🎲末日結算 🆕新倉暴量 🚬菸屁股,GAMBLE,4
V,2026-07-24,365.0,0.84,2297,589,26.29468237304688,2,355.82000732421875,🎲末日結算 🆕新倉暴量 🚬菸屁股,GAMBLE,4
META,2026-07-24,710.0,0.45,1916,583,50.04932763671876,2,643.8099975585938,🎲末日結算 🆕新倉暴量 🚬菸屁股,GAMBLE,4
JPM,2026-07-24,352.5,0.65,1492,581,21.99785034179687,2,345.2300109863281,🎲末日結算 🆕新倉暴量 🚬菸屁股,GAMBLE,4
ONDS,2026-09-18,13.0,0.25,9169,484,108.3988955078125,58,7.659999847412109,🚀點火(2.7x) 🚬菸屁股 ⚠️暴動高IV(108%),BUY_WATCH,4
DKNG,2026-07-24,25.0,0.15,866,445,53.12546875,2,23.850000381469727,🎲末日結算 🆕新倉暴量 🚬菸屁股,GAMBLE,4
ONDS,2026-09-18,14.0,0.17,6073,420,110.9379453125,58,7.659999847412109,🚀點火(2.8x) 🚬菸屁股 ⚠️暴動高IV(111%),BUY_WATCH,4
CRM,2026-07-24,182.5,0.83,788,408,61.914443359375014,2,170.05999755859375,🎲末日結算 🆕新倉暴量 🚬菸屁股,GAMBLE,4
CRWV,2026-09-18,210.0,0.25,2288,280,109.375453125,58,79.58000183105469,🚀點火(4.2x) 🚬菸屁股 ⚠️暴動高IV(109%),BUY_WATCH,4
ORCL,2026-09-18,290.0,0.3,2824,250,91.50399121093751,58,127.05000305175781,🚀點火(62.5x) 🚬菸屁股 ⚠️暴動高IV(92%),BUY_WATCH,4
ONDS,2026-09-18,18.0,0.1,9993,240,120.3128984375,58,7.659999847412109,🚀點火(4.3x) 🚬菸屁股 ⚠️暴動高IV(120%),BUY_WATCH,4
RKLB,2026-09-18,150.0,0.52,3420,235,104.19969775390628,58,69.12000274658203,🚀點火(3.3x) 🚬菸屁股 ⚠️暴動高IV(104%),BUY_WATCH,4
IONQ,2026-09-18,65.0,0.73,1818,198,106.39695239257816,58,35.5099983215332,🚀點火(2.6x) 🚬菸屁股 ⚠️暴動高IV(106%),BUY_WATCH,4
OPEN,2026-09-18,4.0,0.85,4111,194,98.82813671875,58,4.480000019073486,🚀點火(3.3x) 🚬菸屁股 ⚠️暴動高IV(99%),BUY_WATCH,4
IONQ,2026-09-18,70.0,0.56,3867,187,108.3988955078125,58,35.5099983215332,🚀點火(3.0x) 🚬菸屁股 ⚠️暴動高IV(108%),BUY_WATCH,4
ORCL,2026-09-18,230.0,0.79,5981,178,80.73749731445312,58,127.05000305175781,🚀點火(7.4x) 🚬菸屁股 ⚠️暴動高IV(81%),BUY_WATCH,4
CRWV,2026-09-18,170.0,0.67,5608,165,102.93017285156252,58,79.58000183105469,🚀點火(7.2x) 🚬菸屁股 ⚠️暴動高IV(103%),BUY_WATCH,4
HOOD,2026-09-18,280.0,0.11,1113,125,93.945373046875,58,106.36000061035156,🚀點火(20.8x) 🚬菸屁股 ⚠️暴動高IV(94%),BUY_WATCH,4
PACB,2026-08-21,1.5,0.13,2912,125,99.60937890625,30,1.399999976158142,🚀點火(8.3x) 🚬菸屁股 ⚠️暴動高IV(100%),BUY_WATCH,4
ORCL,2026-09-18,280.0,0.41,4517,119,90.47861083984375,58,127.05000305175781,🚀點火(9.2x) 🚬菸屁股 ⚠️暴動高IV(90%),BUY_WATCH,4
ORCL,2026-09-18,270.0,0.41,5437,109,88.5743330078125,58,127.05000305175781,🚀點火(4.0x) 🚬菸屁股 ⚠️暴動高IV(89%),BUY_WATCH,4
RKLB,2026-09-18,190.0,0.19,977,101,105.85984570312502,58,69.12000274658203,🚀點火(33.7x) 🚬菸屁股 ⚠️暴動高IV(106%),BUY_WATCH,4
OKLO,2026-09-18,90.0,0.51,1232,85,104.63914868164066,58,44.130001068115234,🚀點火(12.1x) 🚬菸屁股 ⚠️暴動高IV(105%),BUY_WATCH,4
SMCI,2026-09-18,43.0,0.61,1659,76,104.34618139648441,58,25.5,🚀點火(9.5x) 🚬菸屁股 ⚠️暴動高IV(104%),BUY_WATCH,4
HOOD,2026-09-18,220.0,0.24,836,58,81.73846386718748,58,106.36000061035156,🚀點火(19.3x) 🚬菸屁股 ⚠️暴動高IV(82%),BUY_WATCH,4
LUNR,2026-09-18,35.0,0.17,1282,55,121.09414453124998,58,14.640000343322754,🚀點火(11.0x) 🚬菸屁股 ⚠️暴動高IV(121%),BUY_WATCH,4
IONQ,2026-09-18,75.0,0.42,1109,45,117.48088134765624,58,35.5099983215332,🚀點火(9.0x) 🚬菸屁股 ⚠️暴動高IV(117%),BUY_WATCH,4
CRWV,2026-09-18,175.0,0.64,927,36,104.59032080078129,58,79.58000183105469,🚀點火(3.6x) 🚬菸屁股 ⚠️暴動高IV(105%),BUY_WATCH,4
RKLB,2026-09-18,145.0,0.44,828,34,100.92822973632813,58,69.12000274658203,🚀點火(5.7x) 🚬菸屁股 ⚠️暴動高IV(101%),BUY_WATCH,4
HOOD,2026-09-18,290.0,0.04,1822,32,95.89847851562499,58,106.36000061035156,🚀點火(5.3x) 🚬菸屁股 ⚠️暴動高IV(96%),BUY_WATCH,4
PATH,2026-09-18,18.0,0.27,2524,28,85.35170898437501,58,12.039999961853027,🚀點火(2.5x) 🚬菸屁股 ⚠️暴動高IV(85%),BUY_WATCH,4
SMCI,2026-09-18,65.0,0.13,2333,25,112.5004375,58,25.5,🚀點火(4.2x) 🚬菸屁股 ⚠️暴動高IV(113%),BUY_WATCH,4
ORCL,2026-09-18,500.0,0.12,6677,16,121.68007910156248,58,127.05000305175781,🚀點火(16.0x) 🚬菸屁股 ⚠️暴動高IV(122%),BUY_WATCH,4
ASTS,2026-09-18,170.0,0.47,1389,15,122.4613251953125,58,63.34000015258789,🚀點火(7.5x) 🚬菸屁股 ⚠️暴動高IV(122%),BUY_WATCH,4
CRWV,2026-09-18,160.0,0.9,2189,11,102.73486132812502,58,79.58000183105469,🚀點火(3.7x) 🚬菸屁股 ⚠️暴動高IV(103%),BUY_WATCH,4
ASTS,2026-09-18,145.0,0.9,1205,10,121.53359545898437,58,63.34000015258789,🚀點火(10.0x) 🚬菸屁股 ⚠️暴動高IV(122%),BUY_WATCH,4
ASTS,2026-09-18,140.0,0.9,11746,9,122.36366943359376,58,63.34000015258789,🚀點火(4.5x) 🚬菸屁股 ⚠️暴動高IV(122%),BUY_WATCH,4
UPST,2026-09-18,70.0,0.07,991,7,98.437515625,58,29.270000457763672,🚀點火(3.5x) 🚬菸屁股 ⚠️暴動高IV(98%),BUY_WATCH,4
IREN,2026-09-18,105.0,0.43,1635,5,126.85583447265623,58,41.290000915527344,🚀點火(2.5x) 🚬菸屁股 ⚠️暴動高IV(127%),BUY_WATCH,4
CRWV,2026-09-18,240.0,0.17,5476,4,121.58242333984374,58,79.58000183105469,🚀點火(4.0x) 🚬菸屁股 ⚠️暴動高IV(122%),BUY_WATCH,4
ASTS,2026-09-18,155.0,0.65,1267,3,124.90271923828122,58,63.34000015258789,🚀點火(3.0x) 🚬菸屁股 ⚠️暴動高IV(125%),BUY_WATCH,4
NVDA,2026-07-24,205.0,4.3,23537,41126,36.255520263671876,2,207.2899932861328,🎲末日結算 🚨異常掃貨,GAMBLE,3
IBIT,2026-07-24,38.0,0.31,15904,35141,29.492892578124994,2,37.66999816894531,🎲末日結算 🚨異常掃貨 🚬菸屁股 🏛️機構場,GAMBLE,3
TSLA,2026-07-24,400.0,4.17,14629,28786,72.87624780273438,2,378.92999267578125,🎲末日結算 🚨異常掃貨,GAMBLE,3
ORCL,2026-07-24,130.0,2.32,6290,21402,67.09017285156251,2,127.05000305175781,🎲末日結算 🚨異常掃貨,GAMBLE,3
MSTR,2026-07-24,102.0,3.28,33907,15932,76.90452783203125,2,101.94999694824219,🎲末日結算 🆕新倉暴量 🔥萬人塚,HOLD,3
IBIT,2026-09-18,45.0,0.4,54453,13909,38.2818671875,58,37.66999816894531,🚬菸屁股 🔥萬人塚,HOLD,3
TSLA,2026-07-24,410.0,2.36,9472,13230,73.16921362304687,2,378.92999267578125,🎲末日結算 🚨異常掃貨,GAMBLE,3
GOOGL,2026-07-24,370.0,3.28,5435,12766,73.26686889648437,2,347.1499938964844,🎲末日結算 🚨異常掃貨,GAMBLE,3
HOOD,2026-07-24,110.0,1.58,7674,12728,67.28548339843752,2,106.36000061035156,🎲末日結算 🚨異常掃貨,GAMBLE,3
NVDA,2026-08-21,240.0,0.92,35780,8244,35.986968261718744,30,207.2899932861328,🚬菸屁股 🔥萬人塚,HOLD,3
TSLA,2026-07-24,415.0,1.77,6132,8006,73.36452416992188,2,378.92999267578125,🎲末日結算 🚨異常掃貨,GAMBLE,3
IBIT,2026-07-24,39.5,0.06,9054,7903,34.37565625,2,37.66999816894531,🎲末日結算 🆕新倉暴量 🚬菸屁股 🏛️機構場,GAMBLE,3
CRWV,2026-07-24,80.0,3.15,3892,7713,101.51416430664062,2,79.58000183105469,🎲末日結算 🚨異常掃貨,GAMBLE,3
RKLB,2026-07-24,70.0,2.15,2986,7143,86.62122753906249,2,69.12000274658203,🎲末日結算 🚨異常掃貨,GAMBLE,3
ASTS,2026-07-24,65.0,1.88,4038,7102,98.242205078125,2,63.34000015258789,🎲末日結算 🚨異常掃貨,GAMBLE,3
IBIT,2026-08-21,40.0,0.73,34001,6582,36.2311064453125,30,37.66999816894531,🚬菸屁股 🔥萬人塚,HOLD,3
IBIT,2026-08-21,38.0,1.52,24235,6310,37.5982802734375,30,37.66999816894531,🆕新倉暴量,HOLD,3
IBIT,2026-08-21,39.0,1.07,16181,5736,36.914693359375,30,37.66999816894531,🚀點火(5.7x),HOLD,3
IREN,2026-07-24,42.0,1.7,3174,5590,116.2113564453125,2,41.290000915527344,🎲末日結算 🚨異常掃貨,GAMBLE,3
ONDS,2027-01-15,7.5,2.23,19509,5272,102.24658251953124,177,7.659999847412109,🆕新倉暴量,HOLD,3
NVDA,2026-08-21,205.0,10.96,20080,5245,39.905386108398446,30,207.2899932861328,🆕新倉暴量,HOLD,3
ORCL,2026-08-21,150.0,3.1,11432,4799,67.0169313964844,30,127.05000305175781,🆕新倉暴量,HOLD,3
ONDS,2026-12-18,10.0,1.32,8810,4462,103.41845166015626,149,7.659999847412109,🚀點火(16.5x),HOLD,3
MSTR,2026-08-21,125.0,3.24,51939,4271,83.52067260742186,30,101.94999694824219,🚀點火(5.7x) 🔥萬人塚 ⚠️暴動高IV(84%),HOLD,3
NVDA,2026-07-24,222.5,0.07,5874,4002,34.961587890625,2,207.2899932861328,🎲末日結算 🆕新倉暴量 🚬菸屁股 🏛️機構場,GAMBLE,3
ORCL,2026-08-21,140.0,5.23,14480,3973,66.57748266601564,30,127.05000305175781,🆕新倉暴量,HOLD,3
GOOGL,2026-09-18,400.0,5.17,7346,3811,37.61659063720704,58,347.1499938964844,🆕新倉暴量,HOLD,3
ONDS,2027-01-15,9.0,1.74,7477,3734,103.12548437500001,177,7.659999847412109,🆕新倉暴量,HOLD,3
GOOG,2026-08-21,400.0,2.28,13603,3660,39.752799743652346,30,346.19000244140625,🆕新倉暴量,HOLD,3
ORCL,2026-07-24,132.0,1.7,1791,3622,67.6761044921875,2,127.05000305175781,🎲末日結算 🚨異常掃貨,GAMBLE,3
BAC,2026-08-21,62.5,1.08,10810,3569,23.04764453125,30,61.220001220703125,🆕新倉暴量,HOLD,3
INTC,2027-01-15,130.0,18.25,8470,3465,89.39829937744139,177,105.44999694824219,🆕新倉暴量,HOLD,3
SOFI,2026-08-21,20.0,0.59,43878,3367,66.50424121093752,30,17.639999389648438,🚬菸屁股 🔥萬人塚,HOLD,3
GOOGL,2026-08-21,390.0,3.65,11415,3317,39.819937744140624,30,347.1499938964844,🆕新倉暴量,HOLD,3
NVDA,2026-09-18,265.0,1.06,7203,3251,40.039662109375,58,207.2899932861328,🚀點火(19.1x),HOLD,3
TSLA,2026-08-21,400.0,13.23,7962,3242,48.45022253417969,30,378.92999267578125,🆕新倉暴量,HOLD,3
NVDA,2026-10-16,260.0,2.83,15115,3212,40.497421203613285,86,207.2899932861328,🆕新倉暴量,HOLD,3
META,2026-07-24,670.0,3.6,1893,3106,45.91118542480469,2,643.8099975585938,🎲末日結算 🚨異常掃貨,GAMBLE,3
NVDA,2026-08-21,360.0,0.04,5360,3014,63.67223828125,30,207.2899932861328,🚀點火(251.2x) 🚬菸屁股 ⚠️尾段價外(74%),BUY_WATCH,3
PEP,2026-08-21,140.0,2.15,4734,2911,26.03833728027344,30,135.0,🆕新倉暴量,HOLD,3
NVDA,2026-08-21,250.0,0.45,93171,2901,37.08559008789062,30,207.2899932861328,🚬菸屁股 🔥萬人塚,HOLD,3
CRWV,2026-07-24,82.0,2.32,2259,2881,100.78174609374999,2,79.58000183105469,🎲末日結算 🚨異常掃貨,GAMBLE,3
IREN,2026-12-18,70.0,5.6,9964,2866,118.57950866699215,149,41.290000915527344,🆕新倉暴量,HOLD,3
AAPL,2026-07-24,342.5,0.43,7261,2839,31.055376953125,2,327.739990234375,🎲末日結算 🆕新倉暴量 🚬菸屁股 🏛️機構場,GAMBLE,3
T,2026-12-18,24.0,1.05,2953,2741,34.52213916015625,149,22.260000228881836,🚀點火(85.7x),HOLD,3
OPEN,2028-01-21,5.0,1.95,31386,2709,103.90673046875003,548,4.480000019073486,🔭LEAPS 🔥萬人塚,HOLD,3
ORCL,2026-08-21,180.0,0.64,11310,2606,71.16728051757812,30,127.05000305175781,🚀點火(6.0x) 🚬菸屁股 ⚠️尾段價外(42%),BUY_WATCH,3
IREN,2026-07-24,42.5,1.48,1844,2519,114.45355273437498,2,41.290000915527344,🎲末日結算 🚨異常掃貨,GAMBLE,3
HOOD,2026-09-18,150.0,2.36,7121,2412,74.46314599609374,58,106.36000061035156,🆕新倉暴量,HOLD,3
PFE,2026-08-21,26.0,0.2,62829,2146,19.8250205078125,30,24.940000534057617,🚬菸屁股 🔥萬人塚,HOLD,3
ORCL,2026-08-21,175.0,0.83,4542,2131,69.5315546875,30,127.05000305175781,🚀點火(5.9x) 🚬菸屁股 ⚠️尾段價外(38%),BUY_WATCH,3
F,2027-01-15,14.0,1.65,4083,2105,40.18614501953125,177,14.270000457763672,🆕新倉暴量,HOLD,3
IREN,2027-01-15,85.0,4.6,3523,2028,116.79729101562502,177,41.290000915527344,🆕新倉暴量,HOLD,3
T,2027-01-15,24.0,1.15,2852,1964,31.03096313476562,177,22.260000228881836,🆕新倉暴量,HOLD,3
IBIT,2027-01-15,60.0,0.45,43399,1961,45.26421923828126,177,37.66999816894531,🚬菸屁股 🔥萬人塚,HOLD,3
ONDS,2026-12-18,8.0,1.83,8408,1902,103.41845166015626,149,7.659999847412109,🆕新倉暴量,HOLD,3
AMZN,2026-08-21,310.0,0.56,30241,1847,43.62849340820312,30,247.5500030517578,🚬菸屁股 🔥萬人塚,HOLD,3
MU,2026-07-24,1150.0,1.46,1382,1774,88.25695336914062,2,970.8200073242188,🎲末日結算 🚨異常掃貨,GAMBLE,3
IBM,2026-08-21,250.0,1.8,5189,1669,48.76760217285157,30,210.5,🆕新倉暴量,HOLD,3
PFE,2027-01-15,27.0,0.78,53197,1509,23.242955078125,177,24.940000534057617,🚬菸屁股 🔥萬人塚,HOLD,3
ORCL,2026-08-21,145.0,4.01,5050,1318,66.51644812011722,30,127.05000305175781,🆕新倉暴量,HOLD,3
CRM,2026-08-21,195.0,2.35,4823,1074,49.170430175781256,30,170.05999755859375,🆕新倉暴量,HOLD,3
BAC,2026-09-18,65.0,0.8,47665,1059,21.9734365234375,58,61.220001220703125,🚬菸屁股 🔥萬人塚,HOLD,3
AMZN,2026-10-16,310.0,2.9,2901,1042,38.15979809570312,86,247.5500030517578,🆕新倉暴量,HOLD,3
IBM,2026-08-21,260.0,1.15,4124,1025,51.123535644531245,30,210.5,🆕新倉暴量,HOLD,3
GIS,2027-01-15,37.5,3.15,3147,1015,34.32682861328124,177,37.150001525878906,🆕新倉暴量,HOLD,3
F,2026-09-18,15.0,0.61,34985,930,40.23497265625,58,14.270000457763672,🚬菸屁股 🔥萬人塚,HOLD,3
PFE,2026-09-18,26.0,0.39,39792,871,20.264469238281247,58,24.940000534057617,🚬菸屁股 🔥萬人塚,HOLD,3
TDOC,2026-10-16,10.0,1.04,2331,846,67.09017285156251,86,9.710000038146973,🆕新倉暴量,HOLD,3
ACN,2026-08-21,150.0,5.2,1342,841,51.13574255371094,30,140.86000061035156,🆕新倉暴量,HOLD,3
SOFI,2026-09-18,22.0,0.59,143133,826,64.99058447265625,58,17.639999389648438,🚬菸屁股 🔥萬人塚,HOLD,3
PFE,2026-11-20,25.0,1.16,2628,774,21.43633251953125,121,24.940000534057617,🆕新倉暴量,HOLD,3
ACHR,2027-01-15,10.0,0.41,46855,743,95.507857421875,177,5.28000020980835,🚬菸屁股 🔥萬人塚,HOLD,3
GIS,2026-10-16,37.5,2.25,1504,727,35.205726074218745,86,37.150001525878906,🆕新倉暴量,HOLD,3
ONDS,2026-12-18,7.0,2.25,2807,679,103.32079589843752,149,7.659999847412109,🆕新倉暴量,HOLD,3
DKNG,2026-09-18,22.5,3.0,1011,657,61.865615722656266,58,23.850000381469727,🆕新倉暴量,HOLD,3
GOOGL,2026-08-21,480.0,0.16,2453,653,46.973186523437505,30,347.1499938964844,🚀點火(163.2x) 🚬菸屁股 ⚠️尾段價外(38%),BUY_WATCH,3
PFE,2026-09-18,25.0,0.73,30077,651,20.069158691406248,58,24.940000534057617,🚬菸屁股 🔥萬人塚,HOLD,3
GOOGL,2026-12-18,515.0,2.43,946,618,39.014281738281255,149,347.1499938964844,🆕新倉暴量,HOLD,3
GOOGL,2026-12-18,520.0,2.22,2499,618,39.063109374999996,149,347.1499938964844,🆕新倉暴量,HOLD,3
ONDS,2027-01-15,12.0,1.1,19319,614,104.68797656250001,177,7.659999847412109,🚀點火(2.7x),HOLD,3
OPEN,2026-08-21,7.0,0.07,30460,601,111.71919140624999,30,4.480000019073486,🚬菸屁股 🔥萬人塚,HOLD,3
IBIT,2026-08-21,50.0,0.05,17099,579,50.19581054687501,30,37.66999816894531,🚀點火(4.6x) 🚬菸屁股 ⚠️尾段價外(33%),BUY_WATCH,3
PEP,2026-10-16,145.0,2.91,873,574,25.305922729492192,86,135.0,🆕新倉暴量,HOLD,3
IBIT,2027-01-15,70.0,0.25,32434,571,49.170430175781256,177,37.66999816894531,🚬菸屁股 🔥萬人塚,HOLD,3
ONDS,2027-01-15,11.0,1.28,6849,556,103.80907470703127,177,7.659999847412109,🚀點火(11.6x),HOLD,3
PFE,2026-09-18,28.0,0.1,62588,553,21.5828154296875,58,24.940000534057617,🚬菸屁股 🔥萬人塚,HOLD,3
BA,2026-08-21,215.0,5.62,1908,545,41.16269775390625,30,204.8000030517578,🆕新倉暴量,HOLD,3
GEMI,2027-01-15,5.0,1.25,2490,530,105.85984570312502,177,4.769999980926514,🆕新倉暴量,HOLD,3
ZM,2026-08-21,140.0,0.11,1439,515,74.12135253906249,30,89.7699966430664,🚀點火(257.5x) 🚬菸屁股 ⚠️尾段價外(56%),BUY_WATCH,3
ONDS,2026-12-18,11.0,1.09,3504,514,104.49266503906252,149,7.659999847412109,🚀點火(4.1x),HOLD,3
BA,2026-11-20,260.0,3.33,1261,513,39.14245428466796,121,204.8000030517578,🆕新倉暴量,HOLD,3
IBIT,2027-01-15,100.0,0.11,41651,504,61.133201171875015,177,37.66999816894531,🚬菸屁股 🔥萬人塚,HOLD,3
NVDA,2026-09-18,300.0,0.29,35193,480,43.79939013671875,58,207.2899932861328,🚬菸屁股 🔥萬人塚,HOLD,3
T,2027-01-15,23.0,1.5,2143,448,30.86006640625,177,22.260000228881836,🆕新倉暴量,HOLD,3
HOOD,2026-08-21,155.0,0.69,806,435,78.8088056640625,30,106.36000061035156,🚀點火(48.3x) 🚬菸屁股 ⚠️尾段價外(46%),BUY_WATCH,3
PEP,2026-09-18,155.0,0.53,53439,430,25.196060546875,58,135.0,🚬菸屁股 🔥萬人塚,HOLD,3
ASTS,2027-01-15,185.0,2.96,862,427,108.02047943115237,177,63.34000015258789,🆕新倉暴量,HOLD,3
F,2026-09-18,17.0,0.18,45109,426,42.0904228515625,58,14.270000457763672,🚬菸屁股 🔥萬人塚,HOLD,3
ACHR,2027-01-15,7.0,0.81,37080,419,92.187578125,177,5.28000020980835,🚬菸屁股 🔥萬人塚,HOLD,3
SOFI,2027-01-15,30.0,0.68,67544,405,67.38313867187502,177,17.639999389648438,🚬菸屁股 🔥萬人塚,HOLD,3
SOFI,2026-09-18,25.0,0.26,41243,402,66.50424121093752,58,17.639999389648438,🚬菸屁股 🔥萬人塚,HOLD,3
NVDA,2026-09-18,270.0,0.84,34154,389,40.30821411132813,58,207.2899932861328,🚬菸屁股 🔥萬人塚,HOLD,3
OPEN,2027-01-15,10.0,0.32,39502,381,104.10204199218754,177,4.480000019073486,🚬菸屁股 🔥萬人塚,HOLD,3
F,2026-08-21,18.0,0.05,31273,379,48.438015625000006,30,14.270000457763672,🚬菸屁股 🔥萬人塚,HOLD,3
PFE,2026-09-18,27.0,0.19,32738,368,20.655090332031246,58,24.940000534057617,🚬菸屁股 🔥萬人塚,HOLD,3
OPEN,2028-01-21,20.0,3.25,37480,327,25.00075,548,4.480000019073486,🔭LEAPS 🔥萬人塚,HOLD,3
VZ,2026-09-18,47.0,0.81,34436,306,27.95482202148437,58,43.779998779296875,🚬菸屁股 🔥萬人塚,HOLD,3
IBM,2026-08-21,380.0,0.04,817,294,79.883013671875,30,210.5,🚀點火(2.9x) 🚬菸屁股 ⚠️尾段價外(81%),BUY_WATCH,3
DKNG,2026-08-21,30.0,0.28,49105,292,63.47692773437501,30,23.850000381469727,🚬菸屁股 🔥萬人塚,HOLD,3
NVDA,2026-08-21,310.0,0.06,10994,264,52.539537109375004,30,207.2899932861328,🚀點火(11.0x) 🚬菸屁股 ⚠️尾段價外(50%),BUY_WATCH,3
MSFT,2026-08-21,600.0,0.18,5883,257,56.64105859375,30,397.75,🚀點火(7.1x) 🚬菸屁股 ⚠️尾段價外(51%),BUY_WATCH,3
ONDS,2028-01-21,30.0,1.24,73766,256,103.90673046875003,548,7.659999847412109,🔭LEAPS 🔥萬人塚,HOLD,3
SOFI,2026-08-21,28.0,0.04,2483,250,78.51583984375,30,17.639999389648438,🚀點火(3.0x) 🚬菸屁股 ⚠️尾段價外(59%),BUY_WATCH,3
IBM,2026-08-21,350.0,0.08,1447,235,69.04327832031252,30,210.5,🚀點火(2.8x) 🚬菸屁股 ⚠️尾段價外(66%),BUY_WATCH,3
TSLA,2026-09-18,990.0,0.12,32752,231,82.12908496093749,58,378.92999267578125,🚬菸屁股 🔥萬人塚,HOLD,3
NVDA,2026-08-21,270.0,0.16,17062,221,41.74862939453124,30,207.2899932861328,🚀點火(3.2x) 🚬菸屁股 ⚠️尾段價外(30%),BUY_WATCH,3
F,2026-09-18,16.0,0.34,30557,212,40.7232490234375,58,14.270000457763672,🚬菸屁股 🔥萬人塚,HOLD,3
OPEN,2027-01-15,7.0,0.57,52185,209,102.34423828125001,177,4.480000019073486,🚬菸屁股 🔥萬人塚,HOLD,3
NVDA,2028-01-21,300.0,21.03,92866,206,46.057668334960944,548,207.2899932861328,🔭LEAPS 🔥萬人塚,HOLD,3
SMCI,2026-08-21,34.0,0.85,42424,183,107.42233789062503,30,25.5,🚬菸屁股 🔥萬人塚,HOLD,3
SMCI,2027-01-15,60.0,1.18,11008,183,94.58013232421875,177,25.5,🚀點火(4.4x),HOLD,3
HOOD,2026-08-21,160.0,0.55,9269,143,79.83418603515625,30,106.36000061035156,🚀點火(3.3x) 🚬菸屁股 ⚠️尾段價外(50%),BUY_WATCH,3
IBIT,2028-06-16,100.0,1.71,33635,131,51.97801928710937,695,37.66999816894531,🔭LEAPS 🔥萬人塚,HOLD,3
F,2027-01-15,16.85,0.72,35158,120,38.9654541015625,177,14.270000457763672,🚬菸屁股 🔥萬人塚,HOLD,3
GOOGL,2026-08-21,460.0,0.3,2517,117,45.361874511718746,30,347.1499938964844,🚀點火(3.8x) 🚬菸屁股 ⚠️尾段價外(33%),BUY_WATCH,3
NVDA,2028-01-21,250.0,33.0,37023,111,47.108988388061526,548,207.2899932861328,🔭LEAPS 🔥萬人塚,HOLD,3
IREN,2028-01-21,110.0,10.85,52420,108,108.66744885253907,548,41.290000915527344,🔭LEAPS 🔥萬人塚,HOLD,3
KO,2027-01-15,95.0,1.04,2058,100,21.76591906738281,177,81.97000122070312,🚀點火(16.7x),HOLD,3
T,2027-01-15,30.0,0.17,49236,93,29.981168945312497,177,22.260000228881836,🚬菸屁股 🔥萬人塚,HOLD,3
AMZN,2026-08-21,320.0,0.34,44583,89,44.482977050781244,30,247.5500030517578,🚬菸屁股 🔥萬人塚,HOLD,3
NKE,2026-08-21,60.0,0.03,3557,87,49.60987890625,30,42.959999084472656,🚀點火(3.5x) 🚬菸屁股 ⚠️尾段價外(40%),BUY_WATCH,3
SMCI,2026-11-20,50.0,1.07,1831,77,95.11723632812499,121,25.5,🚀點火(3.2x),HOLD,3
PFE,2027-01-15,30.0,0.26,57292,76,22.852333984375,177,24.940000534057617,🚬菸屁股 🔥萬人塚,HOLD,3
PEP,2026-09-18,170.0,0.18,41849,71,30.811238769531247,58,135.0,🚬菸屁股 🔥萬人塚,HOLD,3
ZM,2026-08-21,125.0,0.27,1081,68,63.9652041015625,30,89.7699966430664,🚀點火(34.0x) 🚬菸屁股 ⚠️尾段價外(39%),BUY_WATCH,3
NNE,2026-10-16,26.0,1.05,5320,66,98.53517089843751,86,17.299999237060547,🚀點火(3.5x),HOLD,3
GOOGL,2026-08-21,520.0,0.09,1179,55,52.734847656250004,30,347.1499938964844,🚀點火(55.0x) 🚬菸屁股 ⚠️尾段價外(50%),BUY_WATCH,3
IBIT,2026-08-21,65.0,0.02,19940,54,75.00025000000001,30,37.66999816894531,🚀點火(9.0x) 🚬菸屁股 ⚠️尾段價外(73%),BUY_WATCH,3
META,2026-08-21,1000.0,0.41,1605,45,61.890029541015636,30,643.8099975585938,🚀點火(3.5x) 🚬菸屁股 ⚠️尾段價外(55%),BUY_WATCH,3
AMZN,2026-08-21,350.0,0.09,39268,43,49.414568359375004,30,247.5500030517578,🚬菸屁股 🔥萬人塚,HOLD,3
VST,2026-08-21,210.0,0.88,1876,40,56.250437500000004,30,162.3300018310547,🚀點火(6.7x) 🚬菸屁股 ⚠️尾段價外(29%),BUY_WATCH,3
IBIT,2026-09-18,65.0,0.05,35952,36,59.766027343750004,58,37.66999816894531,🚬菸屁股 🔥萬人塚,HOLD,3
SOFI,2026-09-18,32.0,0.07,54362,31,74.60962890625001,58,17.639999389648438,🚬菸屁股 🔥萬人塚,HOLD,3
PATH,2026-08-21,17.0,0.09,2608,27,78.51583984375,30,12.039999961853027,🚀點火(3.0x) 🚬菸屁股 ⚠️尾段價外(41%),BUY_WATCH,3
IBM,2026-08-21,360.0,0.08,1048,24,74.2190078125,30,210.5,🚀點火(6.0x) 🚬菸屁股 ⚠️尾段價外(71%),BUY_WATCH,3
JOBY,2028-01-21,3.0,5.3,1340,22,177.24620751953123,548,7.659999847412109,🚀點火(5.5x) ⚠️IV頂峰 🔭LEAPS,BUY_WATCH,3
T,2026-08-21,29.0,0.01,857,20,49.219257812500004,30,22.260000228881836,🚀點火(4.0x) 🚬菸屁股 ⚠️尾段價外(30%),BUY_WATCH,3
AMZN,2026-08-21,360.0,0.06,1205,16,51.27001855468749,30,247.5500030517578,🚀點火(5.3x) 🚬菸屁股 ⚠️尾段價外(45%),BUY_WATCH,3
NVDA,2028-01-21,400.0,9.0,50849,14,45.691461059570315,548,207.2899932861328,🔭LEAPS 🔥萬人塚,HOLD,3
SOFI,2027-01-15,35.0,0.39,35531,12,68.84796777343752,177,17.639999389648438,🚬菸屁股 🔥萬人塚,HOLD,3
F,2027-01-15,19.85,0.33,50051,12,42.2857333984375,177,14.270000457763672,🚬菸屁股 🔥萬人塚,HOLD,3
NVDA,2026-08-21,320.0,0.04,9761,11,55.078574218750006,30,207.2899932861328,🚀點火(11.0x) 🚬菸屁股 ⚠️尾段價外(54%),BUY_WATCH,3
SHOP,2026-09-18,195.0,0.83,82790,11,64.1605146484375,58,123.02999877929688,🚬菸屁股 🔥萬人塚,HOLD,3
NVDA,2026-08-21,420.0,0.01,8280,6,75.7814921875,30,207.2899932861328,🚀點火(6.0x) 🚬菸屁股 ⚠️尾段價外(103%),BUY_WATCH,3
IBIT,2026-08-21,55.0,0.03,33047,5,58.5941640625,30,37.66999816894531,🚬菸屁股 🔥萬人塚,HOLD,3
ASTS,2026-11-20,185.0,1.22,833,4,113.42816723632816,121,63.34000015258789,🚀點火(4.0x),HOLD,3
HOOD,2026-09-18,165.0,1.53,814,4,75.41528491210939,58,106.36000061035156,🚀點火(4.0x),HOLD,3
CMCSA,2027-01-15,50.0,0.34,44845,2,62.500375000000005,177,23.809999465942383,🚬菸屁股 🔥萬人塚,HOLD,3
CMCSA,2028-01-21,35.0,1.46,44524,2,37.061176269531245,548,23.809999465942383,🔭LEAPS 🔥萬人塚,HOLD,3
AAPL,2026-07-24,330.0,2.88,12073,32276,28.516339843749993,2,327.739990234375,🎲末日結算 🚨異常掃貨 🏛️機構場,GAMBLE,2
AAPL,2026-11-20,400.0,3.3,16368,18351,28.80930566406249,121,327.739990234375,🆕新倉暴量 🏛️機構場,HOLD,2
SMCI,2026-07-24,28.0,0.26,12929,15340,98.82813671875,2,25.5,🎲末日結算 🆕新倉暴量 🚬菸屁股 ⚠️暴動高IV(99%),GAMBLE,2
SMCI,2026-07-24,28.5,0.19,16582,14473,99.60937890625,2,25.5,🎲末日結算 🆕新倉暴量 🚬菸屁股 ⚠️暴動高IV(100%),GAMBLE,2
NVDA,2026-08-21,230.0,2.03,71850,8860,36.121244262695306,30,207.2899932861328,🔥萬人塚,HOLD,2
IBIT,2026-09-18,40.0,1.41,37105,8607,38.20862573242187,58,37.66999816894531,🔥萬人塚,HOLD,2
INTC,2026-08-21,120.0,7.2,38227,8498,100.20801849365235,30,105.44999694824219,🔥萬人塚,HOLD,2
AAPL,2026-07-24,325.0,5.4,5441,7794,29.199926757812488,2,327.739990234375,🎲末日結算 🚨異常掃貨 🏛️機構場,GAMBLE,2
NVDA,2026-08-21,220.0,4.33,51221,7278,37.13441772460938,30,207.2899932861328,🔥萬人塚,HOLD,2
SMCI,2026-07-24,29.0,0.15,6183,5851,100.78174609374999,2,25.5,🎲末日結算 🆕新倉暴量 🚬菸屁股 ⚠️暴動高IV(101%),GAMBLE,2
SMCI,2026-07-24,26.0,0.76,13599,5191,90.62509374999999,2,25.5,🎲末日結算 🆕新倉暴量 🚬菸屁股 ⚠️暴動高IV(91%),GAMBLE,2
NVDA,2026-08-21,210.0,8.3,36713,4406,38.94714373779296,30,207.2899932861328,🔥萬人塚,HOLD,2
NVDA,2026-09-18,220.0,9.15,33293,3710,42.1026297607422,58,207.2899932861328,🔥萬人塚,HOLD,2
MSFT,2026-08-21,480.0,2.58,71100,3549,48.04739453125,30,397.75,🔥萬人塚,HOLD,2
ONDS,2026-07-24,9.0,0.02,3770,3245,101.5629921875,2,7.659999847412109,🎲末日結算 🚀點火(2.5x) 🚬菸屁股 ⚠️暴動高IV(102%),GAMBLE,2
NVDA,2026-08-21,225.0,3.05,31742,3008,36.68276208496094,30,207.2899932861328,🔥萬人塚,HOLD,2
NVDA,2026-09-18,210.0,13.35,59774,2870,43.50642431640625,58,207.2899932861328,🔥萬人塚,HOLD,2
AAPL,2026-09-18,325.0,17.4,10492,2811,30.783773223876953,58,327.739990234375,🆕新倉暴量 🏛️機構場,HOLD,2
MSFT,2026-08-21,450.0,5.8,49977,2652,46.55815161132813,30,397.75,🔥萬人塚,HOLD,2
IBIT,2026-08-21,35.0,3.4,45803,2634,40.820904296875,30,37.66999816894531,🔥萬人塚,HOLD,2
HIMS,2026-07-24,35.0,0.96,7773,2591,135.93782031249998,2,32.72999954223633,🎲末日結算 🆕新倉暴量 🚬菸屁股 ⚠️暴動高IV(136%),GAMBLE,2
NVDA,2026-09-18,250.0,2.28,39834,2474,39.92369647216797,58,207.2899932861328,🔥萬人塚,HOLD,2
CRWV,2026-08-21,100.0,3.8,66460,2449,106.12839904785156,30,79.58000183105469,🔥萬人塚,HOLD,2
MSFT,2026-08-21,500.0,1.52,138063,2383,48.57229162597656,30,397.75,🔥萬人塚,HOLD,2
HOOD,2026-07-24,140.0,0.02,3598,2153,87.500125,2,106.36000061035156,🎲末日結算 🆕新倉暴量 🚬菸屁股 ⚠️暴動高IV(88%),GAMBLE,2
ONDS,2027-01-15,10.0,1.49,48590,2063,102.24658251953124,177,7.659999847412109,🔥萬人塚,HOLD,2
SMCI,2026-07-24,27.5,0.36,7080,2026,96.289099609375,2,25.5,🎲末日結算 🆕新倉暴量 🚬菸屁股 ⚠️暴動高IV(96%),GAMBLE,2
AMZN,2026-08-21,270.0,4.85,60082,1877,43.0242514038086,30,247.5500030517578,🔥萬人塚,HOLD,2
GOOGL,2026-09-18,410.0,3.85,59564,1801,37.87903918457031,58,347.1499938964844,🔥萬人塚,HOLD,2
IREN,2026-07-24,47.0,0.31,2167,1715,107.22702636718753,2,41.290000915527344,🎲末日結算 🆕新倉暴量 🚬菸屁股 ⚠️暴動高IV(107%),GAMBLE,2
ASTS,2026-07-24,75.0,0.22,4647,1693,106.83640332031253,2,63.34000015258789,🎲末日結算 🆕新倉暴量 🚬菸屁股 ⚠️暴動高IV(107%),GAMBLE,2
MSFT,2026-09-18,450.0,9.45,31831,1516,41.42819802856445,58,397.75,🔥萬人塚,HOLD,2
MSFT,2026-08-21,460.0,4.4,75297,1458,47.02201416015625,30,397.75,🔥萬人塚,HOLD,2
NVDA,2026-09-18,240.0,3.7,53521,1307,40.40586938476562,58,207.2899932861328,🔥萬人塚,HOLD,2
IREN,2026-07-24,48.0,0.2,1973,1279,108.203583984375,2,41.290000915527344,🎲末日結算 🆕新倉暴量 🚬菸屁股 ⚠️暴動高IV(108%),GAMBLE,2
NBIS,2026-07-24,290.0,0.26,1326,1274,137.6956240234375,2,216.9199981689453,🎲末日結算 🆕新倉暴量 🚬菸屁股 ⚠️暴動高IV(138%),GAMBLE,2
SOFI,2027-01-15,20.0,2.46,73159,1265,67.773759765625,177,17.639999389648438,🔥萬人塚,HOLD,2
NVDA,2026-09-18,195.0,21.97,81905,1153,46.051564880371096,58,207.2899932861328,🔥萬人塚,HOLD,2
CRWV,2026-07-24,87.0,0.95,1375,1144,99.60937890625,2,79.58000183105469,🎲末日結算 🆕新倉暴量 🚬菸屁股 ⚠️暴動高IV(100%),GAMBLE,2
ONDS,2026-07-24,9.5,0.01,2682,1141,115.625421875,2,7.659999847412109,🎲末日結算 🆕新倉暴量 🚬菸屁股 ⚠️暴動高IV(116%),GAMBLE,2
NVDA,2027-01-15,300.0,3.7,62645,1098,42.377285217285156,177,207.2899932861328,🔥萬人塚,HOLD,2
NVDA,2027-01-15,230.0,16.8,33608,1058,44.14728704833985,177,207.2899932861328,🔥萬人塚,HOLD,2
NVDA,2026-12-18,200.0,27.9,32170,1041,46.73515179443359,149,207.2899932861328,🔥萬人塚,HOLD,2
IREN,2026-07-24,49.0,0.15,2376,975,109.76607617187501,2,41.290000915527344,🎲末日結算 🆕新倉暴量 🚬菸屁股 ⚠️暴動高IV(110%),GAMBLE,2
IBIT,2026-08-21,37.0,2.03,34630,942,38.67248828125,30,37.66999816894531,🔥萬人塚,HOLD,2
SOFI,2026-09-18,20.0,1.01,30287,916,65.1370673828125,58,17.639999389648438,🔥萬人塚,HOLD,2
LUNR,2026-07-24,15.0,0.47,1533,898,99.2187578125,2,14.640000343322754,🎲末日結算 🆕新倉暴量 🚬菸屁股 ⚠️暴動高IV(99%),GAMBLE,2
NBIS,2026-07-24,280.0,0.61,868,879,138.67218164062498,2,216.9199981689453,🎲末日結算 🆕新倉暴量 🚬菸屁股 ⚠️暴動高IV(139%),GAMBLE,2
NVDA,2026-09-18,255.0,1.75,39707,860,39.83214465332031,58,207.2899932861328,🔥萬人塚,HOLD,2
MSFT,2027-01-15,500.0,13.5,33572,771,39.148557739257804,177,397.75,🔥萬人塚,HOLD,2
ASTS,2026-07-24,72.0,0.41,1290,734,103.12548437500001,2,63.34000015258789,🎲末日結算 🆕新倉暴量 🚬菸屁股 ⚠️暴動高IV(103%),GAMBLE,2
OKLO,2026-07-24,50.0,0.21,1377,703,91.79695703125,2,44.130001068115234,🎲末日結算 🆕新倉暴量 🚬菸屁股 ⚠️暴動高IV(92%),GAMBLE,2
IBIT,2027-01-15,50.0,1.19,45808,699,42.8716650390625,177,37.66999816894531,🔥萬人塚,HOLD,2
ASTS,2026-07-24,77.0,0.15,1098,682,110.15669921875002,2,63.34000015258789,🎲末日結算 🆕新倉暴量 🚬菸屁股 ⚠️暴動高IV(110%),GAMBLE,2
SMR,2026-07-24,10.0,0.02,1925,670,87.500125,2,8.710000038146973,🎲末日結算 🆕新倉暴量 🚬菸屁股 ⚠️暴動高IV(88%),GAMBLE,2
IBM,2026-07-24,260.0,0.14,858,664,98.53517089843751,2,210.5,🎲末日結算 🆕新倉暴量 🚬菸屁股 ⚠️暴動高IV(99%),GAMBLE,2
AMZN,2026-08-21,280.0,2.9,30130,640,42.85945812988281,30,247.5500030517578,🔥萬人塚,HOLD,2
PLTR,2026-09-18,155.0,5.65,60222,638,60.718166259765624,58,132.66000366210938,🔥萬人塚,HOLD,2
SOFI,2027-01-15,25.0,1.29,101365,637,66.94368994140626,177,17.639999389648438,🔥萬人塚,HOLD,2
IREN,2026-07-24,44.5,0.7,1088,632,112.30512597656251,2,41.290000915527344,🎲末日結算 🆕新倉暴量 🚬菸屁股 ⚠️暴動高IV(112%),GAMBLE,2
IBIT,2026-08-21,36.0,2.62,35073,629,39.99083447265625,30,37.66999816894531,🔥萬人塚,HOLD,2
LUNR,2026-07-24,16.0,0.17,1009,567,99.60937890625,2,14.640000343322754,🎲末日結算 🆕新倉暴量 🚬菸屁股 ⚠️暴動高IV(100%),GAMBLE,2
NVDA,2027-01-15,210.0,25.24,37926,566,45.70671969604493,177,207.2899932861328,🔥萬人塚,HOLD,2
IREN,2026-07-24,45.5,0.54,843,551,115.4301103515625,2,41.290000915527344,🎲末日結算 🆕新倉暴量 🚬菸屁股 ⚠️暴動高IV(115%),GAMBLE,2
NVDA,2026-10-16,220.0,12.3,68446,543,42.712975219726566,86,207.2899932861328,🔥萬人塚,HOLD,2
RKLB,2026-07-24,76.0,0.48,863,543,87.98840136718749,2,69.12000274658203,🎲末日結算 🆕新倉暴量 🚬菸屁股 ⚠️暴動高IV(88%),GAMBLE,2
OKLO,2026-12-18,90.0,2.85,53240,519,101.46533642578123,149,44.130001068115234,🔥萬人塚,HOLD,2
IREN,2026-09-18,65.0,2.58,31713,491,125.68396533203124,58,41.290000915527344,🔥萬人塚,HOLD,2
SOFI,2027-01-15,15.0,4.55,41430,473,69.43389941406251,177,17.639999389648438,🔥萬人塚,HOLD,2
CRWV,2026-07-24,105.0,0.05,1001,445,113.28168359375002,2,79.58000183105469,🎲末日結算 🆕新倉暴量 🚬菸屁股 ⚠️暴動高IV(113%),GAMBLE,2
SMCI,2026-07-24,31.0,0.05,1400,401,111.71919140624999,2,25.5,🎲末日結算 🆕新倉暴量 🚬菸屁股 ⚠️暴動高IV(112%),GAMBLE,2
PATH,2027-01-15,15.0,1.56,36092,374,76.61156201171876,177,12.039999961853027,🔥萬人塚,HOLD,2
SHOP,2026-09-18,140.0,7.2,50137,208,67.9812772216797,58,123.02999877929688,🔥萬人塚,HOLD,2
MSTR,2026-09-18,100.0,14.97,33288,207,85.70570935058592,58,101.94999694824219,🔥萬人塚,HOLD,2
TSLA,2027-01-15,960.0,1.52,111402,201,62.21961608886719,177,378.92999267578125,🔥萬人塚,HOLD,2
NVDA,2026-12-18,280.0,4.3,34402,194,42.37118176269531,149,207.2899932861328,🔥萬人塚,HOLD,2
NVDA,2026-09-18,190.0,25.37,106286,179,47.1135659790039,58,207.2899932861328,🔥萬人塚,HOLD,2
IBIT,2026-11-20,40.0,2.76,54488,144,43.079182495117195,121,37.66999816894531,🔥萬人塚,HOLD,2
IBIT,2026-11-20,46.0,1.07,50473,97,41.06504248046875,121,37.66999816894531,🔥萬人塚,HOLD,2
INTC,2026-09-18,97.5,19.7,71049,80,95.54447814941408,58,105.44999694824219,🔥萬人塚,HOLD,2
SHOP,2026-10-16,135.0,10.95,45837,70,65.29575720214844,86,123.02999877929688,🔥萬人塚,HOLD,2
VZ,2027-01-15,45.0,2.54,41392,59,28.394270751953115,177,43.779998779296875,🔥萬人塚,HOLD,2
MSFT,2027-01-15,625.0,3.35,52369,44,41.220680572509764,177,397.75,🔥萬人塚,HOLD,2
F,2027-01-15,14.85,1.29,56879,33,39.795523925781254,177,14.270000457763672,🔥萬人塚,HOLD,2
META,2027-01-15,1430.0,1.63,45355,32,51.233397827148444,177,643.8099975585938,🔥萬人塚,HOLD,2
BAC,2027-01-15,60.0,5.45,31499,27,28.479719116210934,177,61.220001220703125,🔥萬人塚,HOLD,2
META,2027-01-15,1250.0,3.4,38908,22,49.93336199951172,177,643.8099975585938,🔥萬人塚,HOLD,2
DKNG,2026-11-20,30.0,1.48,36061,20,59.91251025390626,121,23.850000381469727,🔥萬人塚,HOLD,2
SHOP,2026-09-18,160.0,3.0,83749,17,67.28548339843752,58,123.02999877929688,🔥萬人塚,HOLD,2
MSFT,2026-12-18,575.0,4.2,129405,11,41.492284301757806,149,397.75,🔥萬人塚,HOLD,2
MSFT,2026-12-18,625.0,2.34,102620,7,41.37021520996094,149,397.75,🔥萬人塚,HOLD,2
TSLA,2027-01-15,940.0,1.6,93471,5,61.69471899414063,177,378.92999267578125,🔥萬人塚,HOLD,2
SHOP,2026-09-18,175.0,1.52,46688,3,63.867548828124995,58,123.02999877929688,🔥萬人塚,HOLD,2
MSFT,2026-12-18,675.0,1.45,37424,1,44.15339050292969,149,397.75,🔥萬人塚,HOLD,2
IONQ,2026-08-21,50.0,0.91,11866,10491,105.37156689453124,30,35.5099983215332,🚀點火(16.4x) 🚬菸屁股 ⚠️尾段價外(41%) ⚠️暴動高IV(105%),BUY_WATCH,1
COIN,2026-08-21,200.0,8.5,8658,7309,81.03046313476561,30,175.85000610351562,🆕新倉暴量 ⚠️暴動高IV(81%),HOLD,1
GOOGL,2026-07-24,360.0,5.7,6342,6378,74.90259472656251,2,347.1499938964844,🎲末日結算 🆕新倉暴量,HOLD,1
PLTR,2026-07-24,138.0,1.0,9722,5884,51.70946728515625,2,132.66000366210938,🎲末日結算 🆕新倉暴量,HOLD,1
GOOG,2026-07-24,375.0,2.0,5602,5558,71.80203979492188,2,346.19000244140625,🎲末日結算 🆕新倉暴量,HOLD,1
MSTR,2026-07-24,103.0,2.8,12914,5165,76.75804492187501,2,101.94999694824219,🎲末日結算 🆕新倉暴量,HOLD,1
MSTR,2026-07-24,101.0,3.75,15299,4527,76.17211328125,2,101.94999694824219,🎲末日結算 🆕新倉暴量,HOLD,1
MSTR,2026-07-24,97.0,6.25,9197,4305,77.3439765625,2,101.94999694824219,🎲末日結算 🆕新倉暴量,HOLD,1
AMZN,2026-07-24,247.5,3.45,7832,3915,33.61882788085938,2,247.5500030517578,🎲末日結算 🆕新倉暴量,HOLD,1
SOFI,2026-08-21,19.0,0.86,22281,3720,67.09017285156251,30,17.639999389648438,🚬菸屁股,HOLD,1
MSTR,2026-07-24,104.0,2.41,10238,3587,77.44163183593751,2,101.94999694824219,🎲末日結算 🆕新倉暴量,HOLD,1
ONDS,2026-08-21,9.0,0.48,28117,3505,101.172369140625,30,7.659999847412109,🚬菸屁股,HOLD,1
INTC,2026-08-21,140.0,3.3,16541,3389,100.24463940429689,30,105.44999694824219,🆕新倉暴量 ⚠️暴動高IV(100%),HOLD,1
ONDS,2026-08-21,8.0,0.8,7854,3002,102.53954980468751,30,7.659999847412109,🚬菸屁股,HOLD,1
ONDS,2026-08-21,7.0,1.27,4637,2980,104.10204199218754,30,7.659999847412109,🚀點火(4.3x) ⚠️暴動高IV(104%),HOLD,1
ORCL,2026-08-21,490.0,0.07,1020,2840,158.98458007812496,30,127.05000305175781,🚨異常掃貨 🆕新倉暴量 ⚠️IV頂峰 🚬菸屁股 ⚠️尾段價外(286%) ⚠️暴動高IV(159%),STRONG_BUY,1
INTC,2026-08-21,135.0,4.0,8390,2810,100.56202062988282,30,105.44999694824219,🆕新倉暴量 ⚠️暴動高IV(101%),HOLD,1
TSLA,2026-07-24,402.5,3.66,6635,2798,72.98610998535156,2,378.92999267578125,🎲末日結算 🆕新倉暴量,HOLD,1
RKLB,2026-09-18,120.0,1.36,3219,2756,99.1211025390625,58,69.12000274658203,🆕新倉暴量 ⚠️暴動高IV(99%),HOLD,1
ORCL,2026-08-21,480.0,0.07,1889,2581,160.93769531249998,30,127.05000305175781,🚨異常掃貨 🆕新倉暴量 ⚠️IV頂峰 🚬菸屁股 ⚠️尾段價外(278%) ⚠️暴動高IV(161%),STRONG_BUY,1
ONDS,2026-09-18,9.0,0.8,13913,2499,102.34423828125001,58,7.659999847412109,🚬菸屁股,HOLD,1
NVDA,2026-08-21,300.0,0.07,28724,2236,49.60987890625,30,207.2899932861328,🚬菸屁股,HOLD,1
F,2026-08-21,15.0,0.41,12586,2162,41.5044912109375,30,14.270000457763672,🚬菸屁股,HOLD,1
TSLA,2026-08-21,990.0,0.04,13808,2131,102.73486132812502,30,378.92999267578125,🚀點火(6.5x) 🚬菸屁股 ⚠️尾段價外(161%) ⚠️暴動高IV(103%),BUY_WATCH,1
SOFI,2026-08-21,21.0,0.39,26175,2128,66.50424121093752,30,17.639999389648438,🚬菸屁股,HOLD,1
CRWV,2026-09-18,130.0,2.31,7111,2031,101.24561096191407,58,79.58000183105469,🆕新倉暴量 ⚠️暴動高IV(101%),HOLD,1
HOOD,2026-07-24,111.0,1.28,2653,1848,67.48079394531253,2,106.36000061035156,🎲末日結算 🆕新倉暴量,HOLD,1
AMZN,2026-07-24,245.0,4.85,4961,1734,34.314621704101555,2,247.5500030517578,🎲末日結算 🆕新倉暴量,HOLD,1
RKLB,2026-08-21,75.0,5.88,4855,1697,100.51319274902343,30,69.12000274658203,🆕新倉暴量 ⚠️暴動高IV(101%),HOLD,1
IBIT,2026-09-18,42.0,0.83,19597,1673,37.695935546875,58,37.66999816894531,🚬菸屁股,HOLD,1
AAPL,2026-08-21,345.0,4.91,44732,1669,29.3403062133789,30,327.739990234375,🔥萬人塚 🏛️機構場,HOLD,1
ACHR,2026-08-21,7.0,0.15,18936,1646,96.0937890625,30,5.28000020980835,🚬菸屁股,HOLD,1
ONDS,2026-09-18,7.0,1.55,6126,1629,99.9023447265625,58,7.659999847412109,🆕新倉暴量 ⚠️暴動高IV(100%),HOLD,1
PFE,2026-08-21,25.0,0.51,20566,1571,18.6531572265625,30,24.940000534057617,🚬菸屁股,HOLD,1
ACHR,2026-10-16,7.0,0.43,5986,1565,91.60164648437501,86,5.28000020980835,🚬菸屁股,HOLD,1
AAPL,2026-10-16,360.0,7.05,75187,1540,28.397322479248032,86,327.739990234375,🔥萬人塚 🏛️機構場,HOLD,1
META,2026-07-24,660.0,5.83,3344,1528,45.76470251464845,2,643.8099975585938,🎲末日結算 🆕新倉暴量,HOLD,1
ACHR,2026-08-21,6.0,0.33,6346,1527,92.57819921875,30,5.28000020980835,🚬菸屁股,HOLD,1
BA,2026-08-21,250.0,0.63,10271,1462,41.74862939453124,30,204.8000030517578,🚬菸屁股,HOLD,1
MSTR,2026-08-21,150.0,0.94,7739,1461,87.2071591796875,30,101.94999694824219,🚬菸屁股,HOLD,1
JPM,2026-07-24,350.0,1.23,3497,1451,22.339643798828124,2,345.2300109863281,🎲末日結算 🆕新倉暴量,HOLD,1
HOOD,2026-09-18,200.0,0.46,8138,1443,75.7814921875,58,106.36000061035156,🚬菸屁股,HOLD,1
IBIT,2026-08-21,43.0,0.25,7873,1366,37.305314453125,30,37.66999816894531,🚬菸屁股,HOLD,1
PATH,2026-08-21,13.0,0.6,7309,1355,69.04327832031252,30,12.039999961853027,🚬菸屁股,HOLD,1
OPEN,2026-08-21,5.0,0.32,28613,1274,100.78174609374999,30,4.480000019073486,🚬菸屁股,HOLD,1
NVDA,2026-08-21,245.0,0.63,15452,1231,36.499658447265624,30,207.2899932861328,🚬菸屁股,HOLD,1
SOFI,2026-08-21,22.0,0.26,18659,1231,66.99251757812502,30,17.639999389648438,🚬菸屁股,HOLD,1
IBIT,2026-09-18,43.0,0.65,5042,1223,37.793590820312495,58,37.66999816894531,🚬菸屁股,HOLD,1
ASTS,2026-08-21,80.0,3.45,5116,1214,115.47893823242185,30,63.34000015258789,🆕新倉暴量 ⚠️暴動高IV(115%),HOLD,1
ONDS,2026-09-18,11.0,0.43,16053,1210,104.68797656250001,58,7.659999847412109,🚬菸屁股,HOLD,1
IBIT,2027-01-15,62.0,0.31,6800,1196,46.0942890625,177,37.66999816894531,🚬菸屁股,HOLD,1
MSTR,2026-08-21,200.0,0.18,6067,1175,101.5629921875,30,101.94999694824219,🚀點火(16.8x) 🚬菸屁股 ⚠️尾段價外(96%) ⚠️暴動高IV(102%),BUY_WATCH,1
NVDA,2026-09-18,280.0,0.55,18298,1086,41.16269775390625,58,207.2899932861328,🚬菸屁股,HOLD,1
VZ,2026-08-21,49.0,0.2,2014,1033,30.371790039062496,30,43.779998779296875,🚬菸屁股,HOLD,1
IREN,2026-08-21,70.0,0.61,15573,1032,122.07070214843749,30,41.290000915527344,🚬菸屁股,HOLD,1
ONDS,2026-09-18,12.0,0.31,21401,1026,108.203583984375,58,7.659999847412109,🚬菸屁股,HOLD,1
T,2026-08-21,23.0,0.6,20055,1017,35.352208984375,30,22.260000228881836,🚬菸屁股,HOLD,1
ONDS,2026-08-21,11.0,0.17,5154,1006,106.64109179687502,30,7.659999847412109,🚀點火(4.3x) 🚬菸屁股 ⚠️尾段價外(44%) ⚠️暴動高IV(107%),BUY_WATCH,1
CRWV,2026-08-21,110.0,2.32,3969,987,105.9086735839844,30,79.58000183105469,🆕新倉暴量 ⚠️暴動高IV(106%),HOLD,1
V,2026-07-24,360.0,1.95,1233,979,26.01392346191406,2,355.82000732421875,🎲末日結算 🆕新倉暴量,HOLD,1
IBM,2026-07-24,212.5,5.55,1015,918,74.75611181640626,2,210.5,🎲末日結算 🆕新倉暴量,HOLD,1
AMZN,2026-08-21,300.0,0.98,20767,896,43.15242395019532,30,247.5500030517578,🚬菸屁股,HOLD,1
ASTS,2026-09-18,95.0,3.5,2909,891,111.328568359375,58,63.34000015258789,🆕新倉暴量 ⚠️暴動高IV(111%),HOLD,1
CRM,2026-07-24,175.0,2.48,3138,875,61.47499462890625,2,170.05999755859375,🎲末日結算 🆕新倉暴量,HOLD,1
IREN,2026-09-18,100.0,0.55,4467,867,126.75817871093749,58,41.290000915527344,🚬菸屁股,HOLD,1
AAPL,2026-09-18,350.0,7.0,42725,849,28.95273684692382,58,327.739990234375,🔥萬人塚 🏛️機構場,HOLD,1
SMR,2026-08-21,13.0,0.16,3857,837,106.25046875000001,30,8.710000038146973,🚬菸屁股,HOLD,1
SMR,2026-11-20,20.0,0.36,5402,836,110.05904345703127,121,8.710000038146973,🚬菸屁股,HOLD,1
ORCL,2026-08-21,200.0,0.3,14962,832,75.97680273437501,30,127.05000305175781,🚬菸屁股,HOLD,1
ACHR,2026-10-16,6.0,0.66,4871,830,92.187578125,86,5.28000020980835,🚬菸屁股,HOLD,1
T,2026-07-24,21.5,1.04,4048,830,58.20354296875,2,22.260000228881836,🎲末日結算 🆕新倉暴量,HOLD,1
META,2026-07-24,665.0,4.55,1377,826,46.3872548828125,2,643.8099975585938,🎲末日結算 🆕新倉暴量,HOLD,1
ACHR,2026-08-21,5.0,0.75,3327,785,91.4063359375,30,5.28000020980835,🚬菸屁股,HOLD,1
BAC,2026-08-21,65.0,0.33,23783,784,21.43633251953125,30,61.220001220703125,🚬菸屁股,HOLD,1
NKE,2026-09-18,50.0,0.57,16451,760,37.9889013671875,58,42.959999084472656,🚬菸屁股,HOLD,1
SMCI,2026-09-18,26.0,3.72,781,750,98.38868798828125,58,25.5,🆕新倉暴量 ⚠️暴動高IV(98%),HOLD,1
SOFI,2026-08-21,25.0,0.09,22285,726,71.87528125,30,17.639999389648438,🚬菸屁股,HOLD,1
SOFI,2026-08-21,23.0,0.17,12867,711,67.773759765625,30,17.639999389648438,🚬菸屁股,HOLD,1
HOOD,2026-07-24,104.0,4.4,789,707,70.06865869140626,2,106.36000061035156,🎲末日結算 🆕新倉暴量,HOLD,1
F,2026-08-21,16.0,0.18,8549,699,42.774009765625,30,14.270000457763672,🚬菸屁股,HOLD,1
SMCI,2026-08-21,40.0,0.4,12834,694,108.7895185546875,30,25.5,🚬菸屁股,HOLD,1
JPM,2026-07-24,347.5,2.06,1336,667,22.901161621093753,2,345.2300109863281,🎲末日結算 🆕新倉暴量,HOLD,1
SOFI,2026-09-18,35.0,0.05,7317,666,78.9064609375,58,17.639999389648438,🚬菸屁股,HOLD,1
JOBY,2026-08-21,10.0,0.18,5567,658,86.32826171875,30,7.659999847412109,🚬菸屁股,HOLD,1
OPEN,2026-08-21,8.0,0.04,17862,652,122.65663671875001,30,4.480000019073486,🚀點火(3.0x) 🚬菸屁股 ⚠️尾段價外(79%) ⚠️暴動高IV(123%),BUY_WATCH,1
VST,2026-07-24,165.0,2.28,1266,649,50.04932763671876,2,162.3300018310547,🎲末日結算 🆕新倉暴量,HOLD,1
PFE,2026-08-21,27.0,0.07,16445,625,21.192194335937497,30,24.940000534057617,🚬菸屁股,HOLD,1
OPEN,2026-09-18,5.0,0.52,8043,604,98.82813671875,58,4.480000019073486,🚬菸屁股,HOLD,1
ONDS,2028-01-21,20.0,1.88,14666,601,102.68603344726563,548,7.659999847412109,🔭LEAPS,HOLD,1
NKE,2026-08-21,47.5,0.5,17309,594,38.086556640625,30,42.959999084472656,🚬菸屁股,HOLD,1
OKLO,2026-09-18,70.0,1.35,1205,581,98.58399853515625,58,44.130001068115234,🆕新倉暴量 ⚠️暴動高IV(99%),HOLD,1
INTC,2026-09-18,210.0,1.03,6033,580,99.023447265625,58,105.44999694824219,🚀點火(6.4x) ⚠️暴動高IV(99%),HOLD,1
JOBY,2026-08-21,8.0,0.64,1480,579,86.52357226562499,30,7.659999847412109,🚬菸屁股,HOLD,1
ONDS,2027-01-15,17.0,0.56,7898,576,104.78563232421875,177,7.659999847412109,🚬菸屁股,HOLD,1
OKLO,2026-08-21,50.0,2.95,2337,575,96.77737597656251,30,44.130001068115234,🆕新倉暴量 ⚠️暴動高IV(97%),HOLD,1
RKLB,2026-08-21,130.0,0.29,3109,575,108.7895185546875,30,69.12000274658203,🚀點火(7.5x) 🚬菸屁股 ⚠️尾段價外(88%) ⚠️暴動高IV(109%),BUY_WATCH,1
ACHR,2027-01-15,8.0,0.63,12711,568,93.55475195312499,177,5.28000020980835,🚬菸屁股,HOLD,1
CMCSA,2026-08-21,26.0,0.4,4782,563,41.309180664062495,30,23.809999465942383,🚬菸屁股,HOLD,1
OPEN,2028-01-21,15.0,0.78,28182,561,102.53954980468751,548,4.480000019073486,🔭LEAPS,HOLD,1
NVDA,2026-08-21,460.0,0.01,5307,552,82.0314296875,30,207.2899932861328,🚬菸屁股,HOLD,1
OKLO,2026-09-18,220.0,0.54,755,550,164.84392578125,58,44.130001068115234,🆕新倉暴量 ⚠️IV頂峰 🚬菸屁股 ⚠️暴動高IV(165%),BUY_WATCH,1
ORCL,2026-07-24,123.0,5.99,1475,545,68.82355395507813,2,127.05000305175781,🎲末日結算 🆕新倉暴量,HOLD,1
RKLB,2026-08-21,105.0,0.98,2297,542,102.05127099609376,30,69.12000274658203,🚬菸屁股,HOLD,1
CRWV,2026-08-21,92.5,5.5,977,539,106.37253845214846,30,79.58000183105469,🆕新倉暴量 ⚠️暴動高IV(106%),HOLD,1
SMR,2026-08-21,9.0,0.93,3767,532,101.172369140625,30,8.710000038146973,🚬菸屁股,HOLD,1
META,2026-08-21,1480.0,0.02,2864,527,81.2501875,30,643.8099975585938,🚬菸屁股,HOLD,1
IREN,2026-08-21,65.0,0.92,8062,526,118.45743896484376,30,41.290000915527344,🚬菸屁股,HOLD,1
ORCL,2026-08-21,340.0,0.01,1752,524,126.75817871093749,30,127.05000305175781,🚀點火(40.3x) 🚬菸屁股 ⚠️尾段價外(168%) ⚠️暴動高IV(127%),BUY_WATCH,1
BA,2026-09-18,260.0,0.9,4150,523,37.74476318359375,58,204.8000030517578,🚬菸屁股,HOLD,1
ACHR,2026-10-16,12.0,0.09,7557,514,102.73486132812502,86,5.28000020980835,🚬菸屁股,HOLD,1
ACHR,2028-01-21,10.0,1.45,18863,504,95.21489160156248,548,5.28000020980835,🔭LEAPS,HOLD,1
CRM,2026-08-21,220.0,0.48,8935,500,51.17236328125,30,170.05999755859375,🚬菸屁股,HOLD,1
NTLA,2026-08-21,16.0,0.13,1247,498,89.062609375,30,11.470000267028809,🚀點火(23.7x) 🚬菸屁股 ⚠️尾段價外(39%) ⚠️暴動高IV(89%),BUY_WATCH,1
META,2026-08-21,1470.0,0.1,835,496,93.164130859375,30,643.8099975585938,🆕新倉暴量 🚬菸屁股 ⚠️尾段價外(128%) ⚠️暴動高IV(93%),BUY_WATCH,1
ONDS,2026-08-21,13.0,0.07,1503,492,104.68797656250001,30,7.659999847412109,🚬菸屁股,HOLD,1
VST,2026-07-24,160.0,4.81,972,490,52.19774365234374,2,162.3300018310547,🎲末日結算 🆕新倉暴量,HOLD,1
GIS,2026-08-21,40.0,0.5,15121,487,34.76627734375,30,37.150001525878906,🚬菸屁股,HOLD,1
OPEN,2026-09-18,6.0,0.29,5935,486,100.39112304687498,58,4.480000019073486,🚬菸屁股,HOLD,1
ONDS,2026-08-21,12.0,0.12,4268,477,110.15669921875002,30,7.659999847412109,🚬菸屁股,HOLD,1
ORCL,2026-10-16,250.0,0.95,6380,468,77.31956274414063,86,127.05000305175781,🚬菸屁股,HOLD,1
CMCSA,2027-01-15,55.0,0.19,1075,465,59.277750976562515,177,23.809999465942383,🚬菸屁股,HOLD,1
HOOD,2028-01-21,290.0,10.12,14678,464,73.16311016845702,548,106.36000061035156,🔭LEAPS,HOLD,1
IBIT,2027-01-15,55.0,0.71,16659,462,43.70173486328125,177,37.66999816894531,🚬菸屁股,HOLD,1
NKE,2026-09-18,47.5,0.98,14534,460,37.036762451171874,58,42.959999084472656,🚬菸屁股,HOLD,1
XYZ,2026-07-24,78.0,2.9,1405,458,46.0942890625,2,80.37999725341797,🎲末日結算 🆕新倉暴量,HOLD,1
VZ,2026-10-16,48.0,0.79,2547,457,26.050544189453124,86,43.779998779296875,🚬菸屁股,HOLD,1
VZ,2026-10-16,49.0,0.6,1178,457,25.952888916015628,86,43.779998779296875,🚬菸屁股,HOLD,1
BAC,2026-10-16,70.0,0.48,2736,456,23.82888671875,86,61.220001220703125,🚬菸屁股,HOLD,1
CRM,2026-07-24,172.5,3.35,1585,453,62.42713354492189,2,170.05999755859375,🎲末日結算 🆕新倉暴量,HOLD,1
SMR,2026-08-21,12.0,0.23,4456,452,102.34423828125001,30,8.710000038146973,🚬菸屁股,HOLD,1
KTOS,2026-08-21,60.0,1.35,2797,451,81.93377441406248,30,48.209999084472656,🚀點火(6.3x) ⚠️暴動高IV(82%),HOLD,1
IBM,2026-08-21,300.0,0.27,6170,450,56.7387138671875,30,210.5,🚬菸屁股,HOLD,1
SMCI,2026-09-18,105.0,0.11,8371,432,141.797166015625,58,25.5,🚬菸屁股,HOLD,1
ONDS,2028-01-21,7.0,3.85,13560,429,105.46922265625001,548,7.659999847412109,🔭LEAPS,HOLD,1
SOFI,2026-08-21,30.0,0.03,8640,423,82.81267187499999,30,17.639999389648438,🚬菸屁股,HOLD,1
SMR,2027-01-15,20.0,0.63,20409,409,106.34812451171878,177,8.710000038146973,🚬菸屁股,HOLD,1
F,2026-08-21,17.0,0.09,13369,408,44.727115234375,30,14.270000457763672,🚬菸屁股,HOLD,1
ONDS,2028-01-21,5.0,4.55,14202,404,106.54343603515626,548,7.659999847412109,🔭LEAPS,HOLD,1
OPEN,2026-08-21,6.0,0.14,17336,399,102.34423828125001,30,4.480000019073486,🚬菸屁股,HOLD,1
IBIT,2026-08-21,52.0,0.05,8484,398,52.734847656250004,30,37.66999816894531,🚬菸屁股,HOLD,1
T,2026-10-16,24.0,0.65,16492,395,30.713583496093744,86,22.260000228881836,🚬菸屁股,HOLD,1
BA,2026-08-21,260.0,0.24,9109,394,45.4107021484375,30,204.8000030517578,🚬菸屁股,HOLD,1
BA,2026-08-21,265.0,0.27,6221,393,47.09525561523438,30,204.8000030517578,🚬菸屁股,HOLD,1
CMCSA,2027-01-15,52.5,0.23,3660,383,64.3558251953125,177,23.809999465942383,🚬菸屁股,HOLD,1
T,2026-09-18,25.0,0.27,13588,376,31.201859863281246,58,22.260000228881836,🚬菸屁股,HOLD,1
SOFI,2026-09-18,21.0,0.76,4951,375,65.03941210937501,58,17.639999389648438,🚬菸屁股,HOLD,1
SMR,2026-08-21,11.0,0.35,3083,372,101.95361523437501,30,8.710000038146973,🚬菸屁股,HOLD,1
IBIT,2026-08-21,44.0,0.17,12997,371,38.2818671875,30,37.66999816894531,🚬菸屁股,HOLD,1
AAPL,2026-09-18,320.0,20.63,35594,366,31.595532684326166,58,327.739990234375,🔥萬人塚 🏛️機構場,HOLD,1
SOFI,2026-09-18,23.0,0.44,14097,362,65.33237792968751,58,17.639999389648438,🚬菸屁股,HOLD,1
CRWV,2026-09-18,150.0,1.2,12446,357,102.10009887695315,58,79.58000183105469,🚀點火(2.5x) ⚠️暴動高IV(102%),HOLD,1
PEP,2026-09-18,150.0,0.98,3861,350,24.74440490722656,58,135.0,🚬菸屁股,HOLD,1
CMCSA,2027-01-15,45.0,0.02,5015,348,41.79745703125,177,23.809999465942383,🚬菸屁股,HOLD,1
SMR,2026-08-21,14.0,0.1,7807,347,106.64109179687502,30,8.710000038146973,🚀點火(4.1x) 🚬菸屁股 ⚠️尾段價外(61%) ⚠️暴動高IV(107%),BUY_WATCH,1
ACHR,2026-10-16,10.0,0.14,6483,336,101.172369140625,86,5.28000020980835,🚬菸屁股,HOLD,1
IBIT,2026-10-16,45.0,0.76,9219,322,39.404902832031254,86,37.66999816894531,🚬菸屁股,HOLD,1
SOFI,2026-08-21,24.0,0.13,8375,322,69.5315546875,30,17.639999389648438,🚬菸屁股,HOLD,1
OPEN,2026-09-18,11.0,0.07,1166,320,133.59408203124997,58,4.480000019073486,🚬菸屁股,HOLD,1
VICI,2026-09-18,27.5,0.47,3867,314,20.2156416015625,58,26.579999923706055,🚬菸屁股,HOLD,1
F,2026-12-18,17.0,0.58,1803,307,40.332627929687504,149,14.270000457763672,🚬菸屁股,HOLD,1
OPEN,2026-12-18,8.0,0.41,1281,299,103.12548437500001,149,4.480000019073486,🚬菸屁股,HOLD,1
ONDS,2028-01-21,15.0,2.31,9274,299,103.71141894531253,548,7.659999847412109,🔭LEAPS,HOLD,1
ORCL,2026-09-18,250.0,0.56,10594,299,84.47281152343749,58,127.05000305175781,🚬菸屁股,HOLD,1
BA,2026-08-21,245.0,0.71,7796,298,41.33359448242187,30,204.8000030517578,🚬菸屁股,HOLD,1
RKLB,2026-08-21,125.0,0.33,2548,295,105.46922265625001,30,69.12000274658203,🚀點火(13.4x) 🚬菸屁股 ⚠️尾段價外(81%) ⚠️暴動高IV(105%),BUY_WATCH,1
NVDA,2026-08-21,265.0,0.19,6484,292,40.5279384765625,30,207.2899932861328,🚬菸屁股,HOLD,1
SOFI,2028-06-16,20.0,6.09,27962,292,72.58328198242188,695,17.639999389648438,🔭LEAPS,HOLD,1
VICI,2026-09-18,30.0,0.07,5120,292,24.414818359375,58,26.579999923706055,🚬菸屁股,HOLD,1
PFE,2026-10-16,25.0,0.99,4045,292,21.24102197265625,86,24.940000534057617,🚬菸屁股,HOLD,1
AMZN,2026-12-18,410.0,0.8,1010,292,41.28476684570312,149,247.5500030517578,🚬菸屁股,HOLD,1
IONQ,2026-08-21,60.0,0.34,11846,291,109.47310888671878,30,35.5099983215332,🚬菸屁股,HOLD,1
F,2026-12-18,19.82,0.13,7303,290,41.211525390625,149,14.270000457763672,🚬菸屁股,HOLD,1
VZ,2026-08-21,46.0,0.7,15598,289,30.225307128906252,30,43.779998779296875,🚬菸屁股,HOLD,1
NVDA,2026-08-21,260.0,0.25,20932,287,39.20959228515625,30,207.2899932861328,🚬菸屁股,HOLD,1
GEMI,2026-10-16,15.0,0.1,806,285,129.6878515625,86,4.769999980926514,🚬菸屁股,HOLD,1
ACHR,2028-01-21,5.0,2.51,19569,284,98.82813671875,548,5.28000020980835,🔭LEAPS,HOLD,1
T,2026-09-18,24.0,0.49,3622,272,32.227240234374996,58,22.260000228881836,🚬菸屁股,HOLD,1
OKLO,2026-08-21,70.0,0.47,3475,269,104.29735351562503,30,44.130001068115234,🚀點火(4.0x) 🚬菸屁股 ⚠️尾段價外(59%) ⚠️暴動高IV(104%),BUY_WATCH,1
IONQ,2026-08-21,55.0,0.53,12361,268,107.22702636718753,30,35.5099983215332,🚬菸屁股,HOLD,1
F,2026-09-18,20.0,0.05,13027,267,50.39112109375,58,14.270000457763672,🚬菸屁股,HOLD,1
HOOD,2026-08-21,150.0,0.88,3500,265,78.0275634765625,30,106.36000061035156,🚬菸屁股,HOLD,1
SMR,2026-08-21,15.0,0.08,11849,265,110.9379453125,30,8.710000038146973,🚬菸屁股,HOLD,1
KR,2026-08-21,65.0,0.3,3614,265,30.811238769531247,30,57.779998779296875,🚬菸屁股,HOLD,1
SOFI,2027-01-15,27.0,0.98,19257,264,66.94368994140626,177,17.639999389648438,🚬菸屁股,HOLD,1
SMCI,2026-08-21,45.0,0.21,6978,263,113.8676181640625,30,25.5,🚀點火(2.5x) 🚬菸屁股 ⚠️尾段價外(76%) ⚠️暴動高IV(114%),BUY_WATCH,1
IREN,2026-09-18,90.0,0.95,7254,261,126.61169506835934,58,41.290000915527344,🚬菸屁股,HOLD,1
TSLA,2026-09-18,600.0,0.97,10466,258,56.90961059570312,58,378.92999267578125,🚬菸屁股,HOLD,1
PATH,2026-08-21,14.0,0.35,8397,258,69.5315546875,30,12.039999961853027,🚬菸屁股,HOLD,1
RKLB,2026-08-21,150.0,0.14,9273,254,115.0394873046875,30,69.12000274658203,🚬菸屁股,HOLD,1
MSFT,2028-01-21,500.0,45.6,10051,253,40.60728338623046,548,397.75,🔭LEAPS,HOLD,1
PATH,2026-09-18,15.0,0.63,6203,252,79.883013671875,58,12.039999961853027,🚬菸屁股,HOLD,1
VICI,2026-08-21,27.5,0.25,5032,252,20.703917968749998,30,26.579999923706055,🚬菸屁股,HOLD,1
ONDS,2028-01-21,12.0,2.75,13694,251,106.73874755859379,548,7.659999847412109,🔭LEAPS,HOLD,1
OKLO,2026-08-21,75.0,0.36,4992,249,106.25046875000001,30,44.130001068115234,🚬菸屁股,HOLD,1
VZ,2026-09-18,48.0,0.56,8094,248,27.735097656249998,58,43.779998779296875,🚬菸屁股,HOLD,1
DKNG,2026-09-18,32.5,0.33,1934,247,61.426166992187504,58,23.850000381469727,🚬菸屁股,HOLD,1
T,2026-09-18,23.0,0.82,6432,242,32.32489550781249,58,22.260000228881836,🚬菸屁股,HOLD,1
KO,2026-08-21,87.5,0.53,7525,239,22.68143725585937,30,81.97000122070312,🚬菸屁股,HOLD,1
KO,2026-09-18,90.0,0.53,11999,238,21.338677246093752,58,81.97000122070312,🚬菸屁股,HOLD,1
PATH,2026-08-21,15.0,0.21,10203,237,72.07059179687501,30,12.039999961853027,🚬菸屁股,HOLD,1
META,2026-09-18,1480.0,0.05,10031,235,64.45348046875,58,643.8099975585938,🚬菸屁股,HOLD,1
VICI,2026-12-18,27.5,0.96,1524,232,22.60819580078125,149,26.579999923706055,🚬菸屁股,HOLD,1
UPST,2026-08-21,40.0,0.58,1232,231,92.773509765625,30,29.270000457763672,🚀點火(5.6x) 🚬菸屁股 ⚠️尾段價外(37%) ⚠️暴動高IV(93%),BUY_WATCH,1
ACHR,2027-01-15,12.0,0.3,19317,231,96.289099609375,177,5.28000020980835,🚬菸屁股,HOLD,1
ORCL,2026-08-21,510.0,0.01,6206,231,143.75028125,30,127.05000305175781,🚀點火(17.8x) 🚬菸屁股 ⚠️尾段價外(301%) ⚠️暴動高IV(144%),BUY_WATCH,1
INTC,2026-08-21,195.0,0.44,11317,230,105.66453417968751,30,105.44999694824219,🚀點火(2.9x) 🚬菸屁股 ⚠️尾段價外(85%) ⚠️暴動高IV(106%),BUY_WATCH,1
T,2026-10-16,26.0,0.24,3235,229,30.51827294921875,86,22.260000228881836,🚬菸屁股,HOLD,1
PFE,2026-12-18,26.0,0.91,3652,228,23.780059082031247,149,24.940000534057617,🚬菸屁股,HOLD,1
F,2026-12-18,18.0,0.41,6695,226,41.1138701171875,149,14.270000457763672,🚬菸屁股,HOLD,1
NVDA,2026-09-18,275.0,0.67,8380,225,40.62559375,58,207.2899932861328,🚬菸屁股,HOLD,1
KTOS,2026-08-21,80.0,0.2,1594,225,89.45323046875,30,48.209999084472656,🚀點火(15.0x) 🚬菸屁股 ⚠️尾段價外(66%) ⚠️暴動高IV(89%),BUY_WATCH,1
JOBY,2026-08-21,12.0,0.06,3749,225,97.26565234374999,30,7.659999847412109,🚬菸屁股,HOLD,1
ASTS,2026-08-21,110.0,0.85,7080,224,122.02187426757814,30,63.34000015258789,🚬菸屁股,HOLD,1
OPEN,2026-09-18,9.0,0.08,2381,223,116.40666796875001,58,4.480000019073486,🚬菸屁股,HOLD,1
SOFI,2026-08-21,26.0,0.07,6569,218,73.82838671875,30,17.639999389648438,🚬菸屁股,HOLD,1
ACHR,2026-10-16,8.0,0.3,8398,216,93.7500625,86,5.28000020980835,🚬菸屁股,HOLD,1
NVDA,2026-08-21,255.0,0.33,8393,212,38.13538427734374,30,207.2899932861328,🚬菸屁股,HOLD,1
ONDS,2026-09-18,20.0,0.06,12671,212,128.125359375,58,7.659999847412109,🚬菸屁股,HOLD,1
F,2026-09-18,18.0,0.11,12023,212,44.14118359375,58,14.270000457763672,🚬菸屁股,HOLD,1
LUNR,2026-08-21,20.0,0.63,1218,211,121.09414453124998,30,14.640000343322754,🚬菸屁股,HOLD,1
JOBY,2026-08-21,17.0,0.02,1014,210,145.3127734375,30,7.659999847412109,🚬菸屁股,HOLD,1
KDP,2026-09-18,32.0,0.8,2728,210,34.8639326171875,58,30.209999084472656,🚬菸屁股,HOLD,1
SOFI,2026-09-18,40.0,0.03,25394,208,93.7500625,58,17.639999389648438,🚬菸屁股,HOLD,1
JOBY,2026-08-21,13.0,0.04,2140,207,98.437515625,30,7.659999847412109,🚀點火(41.4x) 🚬菸屁股 ⚠️尾段價外(70%) ⚠️暴動高IV(98%),BUY_WATCH,1
GOOGL,2026-08-21,450.0,0.39,24237,207,44.0435283203125,30,347.1499938964844,🚬菸屁股,HOLD,1
ORCL,2026-08-21,240.0,0.13,4694,206,99.5117236328125,30,127.05000305175781,🚀點火(25.8x) 🚬菸屁股 ⚠️尾段價外(89%) ⚠️暴動高IV(100%),BUY_WATCH,1
TSLA,2026-08-21,600.0,0.28,7201,202,65.52768847656252,30,378.92999267578125,🚬菸屁股,HOLD,1
IBM,2026-09-18,300.0,0.83,4645,201,50.7817421875,58,210.5,🚬菸屁股,HOLD,1
PACB,2027-01-15,5.0,0.05,3345,200,136.71906640625,177,1.399999976158142,🚬菸屁股,HOLD,1
IREN,2028-01-21,100.0,11.9,6188,199,110.71821984863281,548,41.290000915527344,🔭LEAPS,HOLD,1
PFE,2026-10-16,28.0,0.19,4315,199,21.7781259765625,86,24.940000534057617,🚬菸屁股,HOLD,1
GIS,2026-08-21,42.5,0.15,3041,199,35.547519531249996,30,37.150001525878906,🚬菸屁股,HOLD,1
IBM,2026-08-21,280.0,0.49,2491,198,53.56491748046876,30,210.5,🚬菸屁股,HOLD,1
ACHR,2028-01-21,15.0,1.02,13689,193,99.1211025390625,548,5.28000020980835,🔭LEAPS,HOLD,1
OPEN,2026-10-16,6.0,0.41,1209,192,99.804689453125,86,4.480000019073486,🚬菸屁股,HOLD,1
ORCL,2026-09-18,300.0,0.28,8336,192,93.0664755859375,58,127.05000305175781,🚬菸屁股,HOLD,1
SOFI,2026-12-18,30.0,0.52,21314,191,67.6761044921875,149,17.639999389648438,🚬菸屁股,HOLD,1
T,2026-10-16,23.0,0.98,3451,191,31.348342773437498,86,22.260000228881836,🚬菸屁股,HOLD,1
IBM,2026-08-21,270.0,0.75,1989,189,50.513190185546875,30,210.5,🚬菸屁股,HOLD,1
PEP,2026-08-21,150.0,0.45,4413,187,27.027096923828125,30,135.0,🚬菸屁股,HOLD,1
PFE,2026-08-21,28.0,0.03,12005,186,23.82888671875,30,24.940000534057617,🚬菸屁股,HOLD,1
BAC,2026-09-18,67.5,0.33,2569,185,21.509573974609374,58,61.220001220703125,🚬菸屁股,HOLD,1
BAC,2027-01-15,75.0,0.7,5820,185,25.196060546875,177,61.220001220703125,🚬菸屁股,HOLD,1
SMCI,2026-08-21,46.0,0.18,1414,183,125.00037499999999,30,25.5,🚀點火(91.5x) 🚬菸屁股 ⚠️尾段價外(80%) ⚠️暴動高IV(125%),BUY_WATCH,1
ASTS,2026-08-21,120.0,0.6,4369,183,125.78162109374999,30,63.34000015258789,🚬菸屁股,HOLD,1
ACHR,2026-08-21,8.0,0.08,1488,183,100.0005,30,5.28000020980835,🚬菸屁股,HOLD,1
PLTR,2026-08-21,200.0,0.4,11679,181,72.90066162109376,30,132.66000366210938,🚬菸屁股,HOLD,1
T,2026-12-18,27.0,0.38,6503,181,30.4694453125,149,22.260000228881836,🚬菸屁股,HOLD,1
VZ,2026-08-21,48.0,0.31,2645,178,29.785858398437494,30,43.779998779296875,🚬菸屁股,HOLD,1
BAC,2026-10-16,67.5,0.83,1418,178,24.048611083984373,86,61.220001220703125,🚬菸屁股,HOLD,1
IONQ,2026-08-21,65.0,0.2,4161,175,112.69574902343751,30,35.5099983215332,🚬菸屁股,HOLD,1
INTC,2028-01-21,100.0,44.8,14119,174,88.84288500976561,548,105.44999694824219,🔭LEAPS,HOLD,1
TSCO,2026-10-16,45.0,0.17,1694,174,53.4184345703125,86,29.639999389648438,🚬菸屁股,HOLD,1
CPRT,2026-08-21,30.0,0.26,1823,172,36.524072265625,30,27.170000076293945,🚬菸屁股,HOLD,1
NVDA,2027-01-15,400.0,0.69,6044,171,46.11870288085938,177,207.2899932861328,🚬菸屁股,HOLD,1
OKLO,2026-08-21,65.0,0.76,2467,171,102.58837768554687,30,44.130001068115234,🚬菸屁股,HOLD,1
CPRT,2026-08-21,27.5,0.91,971,171,34.278000976562495,30,27.170000076293945,🚬菸屁股,HOLD,1
SOFI,2026-08-21,40.0,0.01,1477,170,103.12548437500001,30,17.639999389648438,🚀點火(2.6x) 🚬菸屁股 ⚠️尾段價外(127%) ⚠️暴動高IV(103%),BUY_WATCH,1
LUNR,2026-08-21,19.0,0.73,2564,169,115.4301103515625,30,14.640000343322754,🚬菸屁股,HOLD,1
PFE,2026-12-18,29.0,0.28,2858,169,23.04764453125,149,24.940000534057617,🚬菸屁股,HOLD,1
ONDS,2026-12-18,18.0,0.4,2830,167,107.81296093750001,149,7.659999847412109,🚬菸屁股,HOLD,1
ACHR,2028-01-21,2.0,3.85,1001,167,108.59420703125,548,5.28000020980835,🔭LEAPS,HOLD,1
VZ,2026-09-18,50.0,0.25,16274,166,28.36985693359374,58,43.779998779296875,🚬菸屁股,HOLD,1
PLTR,2026-08-21,180.0,0.93,9249,164,68.65265722656251,30,132.66000366210938,🚬菸屁股,HOLD,1
NTLA,2026-08-21,13.0,0.6,1744,164,72.26590234375,30,11.470000267028809,🚬菸屁股,HOLD,1
ORCL,2026-08-21,190.0,0.42,4781,161,73.68190380859374,30,127.05000305175781,🚬菸屁股,HOLD,1
JPM,2026-08-21,375.0,0.88,3879,160,21.204401245117186,30,345.2300109863281,🚬菸屁股,HOLD,1
RKLB,2026-08-21,140.0,0.18,2430,159,112.109814453125,30,69.12000274658203,🚀點火(2.7x) 🚬菸屁股 ⚠️尾段價外(103%) ⚠️暴動高IV(112%),BUY_WATCH,1
HIMS,2026-08-21,50.0,0.68,7540,159,114.16058544921874,30,32.72999954223633,🚬菸屁股,HOLD,1
NKE,2026-09-18,52.5,0.31,4665,159,39.16076464843749,58,42.959999084472656,🚬菸屁股,HOLD,1
DKNG,2026-08-21,27.5,0.62,12282,156,64.5511357421875,30,23.850000381469727,🚬菸屁股,HOLD,1
SMCI,2026-08-21,36.0,0.66,4977,155,106.05515722656251,30,25.5,🚬菸屁股,HOLD,1
VZ,2026-08-21,47.0,0.46,2431,155,32.86199951171874,30,43.779998779296875,🚬菸屁股,HOLD,1
OKLO,2026-08-21,80.0,0.24,3880,153,109.57076464843752,30,44.130001068115234,🚬菸屁股,HOLD,1
ACHR,2028-01-21,7.0,1.95,18500,150,97.1679970703125,548,5.28000020980835,🔭LEAPS,HOLD,1
CRWV,2026-08-21,150.0,0.35,5913,149,108.3988955078125,30,79.58000183105469,🚬菸屁股,HOLD,1
F,2026-12-18,16.0,0.79,2554,149,40.430283203125,149,14.270000457763672,🚬菸屁股,HOLD,1
ORCL,2026-08-21,290.0,0.1,1067,148,114.25824121093751,30,127.05000305175781,🚬菸屁股,HOLD,1
F,2026-08-21,14.0,0.83,7279,148,42.383388671875,30,14.270000457763672,🚬菸屁股,HOLD,1
SOFI,2026-10-16,25.0,0.47,4066,147,66.01596484375001,86,17.639999389648438,🚬菸屁股,HOLD,1
VZ,2026-12-18,50.0,0.9,8893,147,26.587648193359374,149,43.779998779296875,🚬菸屁股,HOLD,1
NVDA,2028-01-21,200.0,52.0,27224,146,49.442033905029305,548,207.2899932861328,🔭LEAPS,HOLD,1
SOFI,2026-08-21,27.0,0.06,5023,145,75.7814921875,30,17.639999389648438,🚬菸屁股,HOLD,1
SOFI,2028-01-21,40.0,2.0,14713,143,70.82548706054688,548,17.639999389648438,🔭LEAPS,HOLD,1
IBM,2026-08-21,320.0,0.17,4059,143,59.86368261718751,30,210.5,🚬菸屁股,HOLD,1
PFE,2026-12-18,30.0,0.18,22701,143,22.852333984375,149,24.940000534057617,🚬菸屁股,HOLD,1
PFE,2028-01-21,27.0,1.96,20903,142,22.99881689453125,548,24.940000534057617,🔭LEAPS,HOLD,1
T,2026-10-16,25.0,0.41,3541,141,30.127651855468752,86,22.260000228881836,🚬菸屁股,HOLD,1
ORCL,2026-08-21,230.0,0.14,4013,141,84.37515624999999,30,127.05000305175781,🚬菸屁股,HOLD,1
PATH,2026-08-21,16.0,0.15,3317,140,75.00025000000001,30,12.039999961853027,🚬菸屁股,HOLD,1
NKE,2027-01-15,87.5,0.2,2612,140,53.80905566406251,177,42.959999084472656,🚬菸屁股,HOLD,1
SMCI,2026-09-18,50.0,0.35,10630,139,104.88328808593752,58,25.5,🚬菸屁股,HOLD,1
SMR,2028-01-21,8.0,4.4,5106,139,107.1293706054688,548,8.710000038146973,🔭LEAPS,HOLD,1
SMCI,2026-09-18,40.0,0.9,9946,138,100.04932788085937,58,25.5,🚬菸屁股,HOLD,1
SOFI,2027-01-15,45.0,0.19,11821,136,74.02369726562499,177,17.639999389648438,🚬菸屁股,HOLD,1
NVDA,2026-08-21,275.0,0.13,7860,134,42.9693203125,30,207.2899932861328,🚬菸屁股,HOLD,1
SMCI,2026-09-18,45.0,0.53,7300,130,105.66453417968751,58,25.5,🚬菸屁股,HOLD,1
SOFI,2026-09-18,24.0,0.32,2413,130,65.1370673828125,58,17.639999389648438,🚬菸屁股,HOLD,1
PFE,2027-01-15,28.0,0.51,6443,130,25.440198730468754,177,24.940000534057617,🚬菸屁股,HOLD,1
ONDS,2026-12-18,14.0,0.69,5676,129,104.29735351562503,149,7.659999847412109,🚬菸屁股,HOLD,1
ACN,2028-01-21,260.0,9.9,1688,128,52.82639947509766,548,140.86000061035156,🔭LEAPS,HOLD,1
ONDS,2026-09-18,17.0,0.1,7280,127,119.922275390625,58,7.659999847412109,🚬菸屁股,HOLD,1
ONDS,2026-08-21,15.0,0.05,1131,126,113.28168359375002,30,7.659999847412109,🚀點火(126.0x) 🚬菸屁股 ⚠️尾段價外(96%) ⚠️暴動高IV(113%),BUY_WATCH,1
ORCL,2026-08-21,220.0,0.15,9437,126,80.95722167968748,30,127.05000305175781,🚬菸屁股,HOLD,1
ORCL,2026-08-21,380.0,0.18,752,126,148.4377578125,30,127.05000305175781,🚬菸屁股,HOLD,1
CMCSA,2026-08-21,25.0,0.69,6753,126,41.35800830078124,30,23.809999465942383,🚬菸屁股,HOLD,1
ORCL,2026-09-18,260.0,0.46,2512,125,84.66812207031249,58,127.05000305175781,🚬菸屁股,HOLD,1
INTC,2026-08-21,180.0,0.7,7705,124,104.49266503906252,30,105.44999694824219,🚬菸屁股,HOLD,1
SMCI,2026-08-21,50.0,0.14,15026,123,119.141029296875,30,25.5,🚬菸屁股,HOLD,1
INTC,2026-09-18,195.0,1.42,9632,122,97.75392871093752,58,105.44999694824219,🚀點火(3.0x) ⚠️暴動高IV(98%),HOLD,1
SMCI,2026-09-18,42.0,0.66,1099,121,101.85595947265624,58,25.5,🚬菸屁股,HOLD,1
T,2028-01-21,40.0,0.23,6537,121,32.52020605468749,548,22.260000228881836,🔭LEAPS,HOLD,1
DKNG,2026-09-18,52.5,0.09,4510,120,87.10950390625,58,23.850000381469727,🚬菸屁股,HOLD,1
ACHR,2028-01-21,12.0,1.33,4105,119,97.60744580078125,548,5.28000020980835,🔭LEAPS,HOLD,1
GOOG,2026-08-21,430.0,0.71,6964,116,42.11483666992188,30,346.19000244140625,🚬菸屁股,HOLD,1
PATH,2026-08-21,19.0,0.04,1002,116,77.3439765625,30,12.039999961853027,🚬菸屁股,HOLD,1
OPEN,2026-09-18,8.0,0.1,10139,116,105.078599609375,58,4.480000019073486,🚬菸屁股,HOLD,1
ACHR,2028-01-21,20.0,0.78,6408,115,98.7304814453125,548,5.28000020980835,🔭LEAPS,HOLD,1
SMR,2026-11-20,15.0,0.67,2455,114,105.85984570312502,121,8.710000038146973,🚬菸屁股,HOLD,1
VZ,2026-08-21,50.0,0.11,6105,113,30.371790039062496,30,43.779998779296875,🚬菸屁股,HOLD,1
SMR,2028-01-21,15.0,3.0,8004,112,107.42233789062503,548,8.710000038146973,🔭LEAPS,HOLD,1
OPEN,2026-12-18,5.0,0.86,1780,111,101.95361523437501,149,4.480000019073486,🚬菸屁股,HOLD,1
F,2027-01-15,16.0,0.88,2823,111,39.50255810546876,177,14.270000457763672,🚬菸屁股,HOLD,1
NVDA,2028-01-21,210.0,47.23,10340,110,48.8561022644043,548,207.2899932861328,🔭LEAPS,HOLD,1
NVDA,2028-01-21,220.0,43.05,8668,110,48.34646380615235,548,207.2899932861328,🔭LEAPS,HOLD,1
IBIT,2028-01-21,40.0,8.6,5120,110,52.82029602050782,548,37.66999816894531,🔭LEAPS,HOLD,1
ASTS,2026-08-21,115.0,0.67,2375,110,126.07458837890624,30,63.34000015258789,🚬菸屁股,HOLD,1
DKNG,2026-09-18,30.0,0.57,9611,110,59.42423388671876,58,23.850000381469727,🚬菸屁股,HOLD,1
DKNG,2026-09-18,35.0,0.18,5349,110,67.38313867187502,58,23.850000381469727,🚬菸屁股,HOLD,1
OPEN,2026-11-20,9.0,0.24,9674,110,110.9379453125,121,4.480000019073486,🚬菸屁股,HOLD,1
T,2026-09-18,26.0,0.2,8889,110,32.7155166015625,58,22.260000228881836,🚬菸屁股,HOLD,1
SMCI,2026-08-21,38.0,0.51,2206,109,107.61764941406251,30,25.5,🚬菸屁股,HOLD,1
CRWV,2026-10-16,180.0,0.8,8953,108,99.26758544921876,86,79.58000183105469,🚬菸屁股,HOLD,1
PATH,2027-01-15,20.0,0.76,27767,107,77.3439765625,177,12.039999961853027,🚬菸屁股,HOLD,1
VICI,2026-12-18,30.0,0.32,7063,107,21.289849609375,149,26.579999923706055,🚬菸屁股,HOLD,1
NVDA,2026-08-21,280.0,0.12,11761,106,44.824770507812495,30,207.2899932861328,🚬菸屁股,HOLD,1
SOFI,2027-01-15,40.0,0.27,27112,106,70.8010732421875,177,17.639999389648438,🚬菸屁股,HOLD,1
NKE,2026-08-21,52.5,0.1,14629,106,41.1138701171875,30,42.959999084472656,🚬菸屁股,HOLD,1
RKLB,2026-09-18,130.0,0.93,1558,105,102.1489267578125,58,69.12000274658203,🚬菸屁股,HOLD,1
CMCSA,2026-08-21,30.0,0.04,2642,105,44.92242578125,30,23.809999465942383,🚬菸屁股,HOLD,1
TSCO,2026-10-16,35.0,0.9,3657,105,48.58449853515625,86,29.639999389648438,🚬菸屁股,HOLD,1
AMZN,2026-08-21,330.0,0.21,2482,105,46.436082519531254,30,247.5500030517578,🚬菸屁股,HOLD,1
SMR,2027-01-15,25.0,0.42,4793,104,109.08248583984377,177,8.710000038146973,🚬菸屁股,HOLD,1
MSTR,2026-09-18,200.0,0.72,10458,103,92.4805439453125,58,101.94999694824219,🚬菸屁股,HOLD,1
CRWV,2026-08-21,160.0,0.22,1781,103,111.62153564453124,30,79.58000183105469,🚀點火(14.7x) 🚬菸屁股 ⚠️尾段價外(101%) ⚠️暴動高IV(112%),BUY_WATCH,1
T,2026-12-18,25.0,0.75,6353,103,30.713583496093744,149,22.260000228881836,🚬菸屁股,HOLD,1
NVDA,2028-01-21,260.0,30.03,8823,102,46.849591567993166,548,207.2899932861328,🔭LEAPS,HOLD,1
ORCL,2026-08-21,300.0,0.05,10744,102,104.68797656250001,30,127.05000305175781,🚬菸屁股,HOLD,1
F,2026-12-18,24.82,0.11,5499,102,50.586431640624994,149,14.270000457763672,🚬菸屁股,HOLD,1
IBIT,2026-10-16,105.0,0.04,8949,100,83.20329296874999,86,37.66999816894531,🚬菸屁股,HOLD,1
ONDS,2026-09-18,19.0,0.05,1217,100,132.03158984375,58,7.659999847412109,🚬菸屁股,HOLD,1
IBM,2028-01-21,490.0,7.43,1108,100,50.18970709228516,548,210.5,🔭LEAPS,HOLD,1
NKE,2026-12-18,145.0,0.06,1761,100,72.26590234375,149,42.959999084472656,🚬菸屁股,HOLD,1
GOOGL,2026-08-21,425.0,0.91,1283,100,41.57773266601562,30,347.1499938964844,🚬菸屁股,HOLD,1
BAC,2026-08-21,75.0,0.01,913,100,32.422550781249996,30,61.220001220703125,🚬菸屁股,HOLD,1
RKLB,2026-08-21,110.0,0.73,10942,99,103.07665649414064,30,69.12000274658203,🚬菸屁股,HOLD,1
JOBY,2028-01-21,10.0,2.62,14659,99,91.16219775390626,548,7.659999847412109,🔭LEAPS,HOLD,1
CRWV,2026-08-21,140.0,0.5,5289,99,108.203583984375,30,79.58000183105469,🚀點火(2.8x) 🚬菸屁股 ⚠️尾段價外(76%) ⚠️暴動高IV(108%),BUY_WATCH,1
V,2026-08-21,410.0,0.54,1299,99,28.955788574218744,30,355.82000732421875,🚬菸屁股,HOLD,1
T,2026-09-18,27.0,0.08,5232,98,36.32876171875,58,22.260000228881836,🚬菸屁股,HOLD,1
UPST,2026-08-21,42.5,0.42,2151,97,91.6993017578125,30,29.270000457763672,🚬菸屁股,HOLD,1
ACHR,2027-01-15,20.0,0.13,25138,97,109.57076464843752,177,5.28000020980835,🚬菸屁股,HOLD,1
ORCL,2026-08-21,185.0,0.52,4921,97,71.9729365234375,30,127.05000305175781,🚬菸屁股,HOLD,1
COIN,2027-01-15,880.0,0.37,13507,96,90.08798974609374,177,175.85000610351562,🚬菸屁股,HOLD,1
SOFI,2028-01-21,18.0,5.77,11900,96,72.851833984375,548,17.639999389648438,🔭LEAPS,HOLD,1
RKLB,2028-01-21,200.0,11.5,773,94,92.99933758544923,548,69.12000274658203,🔭LEAPS,HOLD,1
OPEN,2027-01-15,6.0,0.74,8387,94,101.07471337890624,177,4.480000019073486,🚬菸屁股,HOLD,1
SOFI,2026-11-20,35.0,0.2,1218,92,70.898728515625,121,17.639999389648438,🚬菸屁股,HOLD,1
ONDS,2026-12-18,16.0,0.52,817,92,106.44578027343752,149,7.659999847412109,🚬菸屁股,HOLD,1
PFE,2026-11-20,28.0,0.32,1285,92,22.3640576171875,121,24.940000534057617,🚬菸屁股,HOLD,1
BAC,2026-09-18,70.0,0.15,5853,91,21.680470703125,58,61.220001220703125,🚬菸屁股,HOLD,1
IBIT,2026-09-18,48.0,0.21,20781,89,40.7232490234375,58,37.66999816894531,🚬菸屁股,HOLD,1
INTC,2028-01-21,150.0,32.95,6680,89,88.12572909545898,548,105.44999694824219,🔭LEAPS,HOLD,1
SOFI,2026-10-16,22.0,0.91,2924,89,65.18589501953126,86,17.639999389648438,🚬菸屁股,HOLD,1
IBM,2026-08-21,275.0,0.6,1331,89,52.17332983398437,30,210.5,🚬菸屁股,HOLD,1
OPEN,2026-10-16,10.0,0.09,3886,88,108.59420703125,86,4.480000019073486,🚬菸屁股,HOLD,1
ACHR,2027-01-15,11.0,0.35,1292,88,98.242205078125,177,5.28000020980835,🚬菸屁股,HOLD,1
SMR,2026-08-21,20.0,0.04,6560,86,134.37532812499998,30,8.710000038146973,🚬菸屁股,HOLD,1
SMR,2028-01-21,20.0,2.5,4451,86,107.32468212890626,548,8.710000038146973,🔭LEAPS,HOLD,1
PFE,2028-01-21,30.0,1.2,28693,86,23.413851806640622,548,24.940000534057617,🔭LEAPS,HOLD,1
PATH,2026-12-18,20.0,0.68,2562,85,77.24632128906251,149,12.039999961853027,🚬菸屁股,HOLD,1
SOFI,2026-11-20,25.0,0.78,3418,84,67.43196630859377,121,17.639999389648438,🚬菸屁股,HOLD,1
NKE,2026-09-18,55.0,0.18,16936,84,39.649041015625,58,42.959999084472656,🚬菸屁股,HOLD,1
OKLO,2026-08-21,90.0,0.15,3531,83,117.3832255859375,30,44.130001068115234,🚀點火(4.9x) 🚬菸屁股 ⚠️尾段價外(104%) ⚠️暴動高IV(117%),BUY_WATCH,1
PFE,2026-12-18,28.0,0.42,6464,83,22.11991943359375,149,24.940000534057617,🚬菸屁股,HOLD,1
VZ,2026-10-16,50.0,0.42,6363,83,26.758544921875,86,43.779998779296875,🚬菸屁股,HOLD,1
ORCL,2026-08-21,210.0,0.21,4347,82,77.929908203125,30,127.05000305175781,🚬菸屁股,HOLD,1
CMCSA,2026-09-18,27.5,0.37,11902,82,37.9889013671875,58,23.809999465942383,🚬菸屁股,HOLD,1
IBIT,2028-01-21,80.0,1.65,6286,81,49.9028447265625,548,37.66999816894531,🔭LEAPS,HOLD,1
F,2026-12-18,11.82,0.84,9105,81,0.0010000000000000002,149,14.270000457763672,🚬菸屁股,HOLD,1
MSTR,2028-01-21,700.0,5.4,7549,80,93.31061376953124,548,101.94999694824219,🔭LEAPS,HOLD,1
SMCI,2026-09-18,60.0,0.18,14529,80,108.3988955078125,58,25.5,🚬菸屁股,HOLD,1
OPEN,2026-11-20,15.0,0.09,13782,80,121.875390625,121,4.480000019073486,🚬菸屁股,HOLD,1
NTLA,2026-08-21,14.0,0.35,889,80,79.101771484375,30,11.470000267028809,🚬菸屁股,HOLD,1
KTOS,2026-08-21,65.0,0.75,1225,80,82.42205078125,30,48.209999084472656,🚬菸屁股,HOLD,1
ORCL,2026-09-18,220.0,0.98,6387,80,79.37032348632812,58,127.05000305175781,🚬菸屁股,HOLD,1
ORCL,2026-12-18,380.0,0.8,875,80,80.7619111328125,149,127.05000305175781,🚬菸屁股,HOLD,1
SOFI,2027-01-15,47.0,0.16,21625,79,74.414318359375,177,17.639999389648438,🚬菸屁股,HOLD,1
KO,2026-08-21,90.0,0.21,6123,79,22.80350634765625,30,81.97000122070312,🚬菸屁股,HOLD,1
BA,2026-09-18,265.0,0.65,5745,79,39.624627197265625,58,204.8000030517578,🚬菸屁股,HOLD,1
NVDA,2028-01-21,230.0,39.75,13143,78,47.87039434814453,548,207.2899932861328,🔭LEAPS,HOLD,1
IBIT,2027-01-15,65.0,0.31,15412,78,47.363807617187504,177,37.66999816894531,🚬菸屁股,HOLD,1
SOFI,2026-11-20,30.0,0.38,3820,78,67.773759765625,121,17.639999389648438,🚬菸屁股,HOLD,1
ACHR,2026-10-16,9.0,0.21,3586,78,96.48441015625,86,5.28000020980835,🚬菸屁股,HOLD,1
F,2027-01-15,18.0,0.51,10187,78,39.99083447265625,177,14.270000457763672,🚬菸屁股,HOLD,1
SOFI,2026-12-18,35.0,0.28,14424,77,67.57844921875001,149,17.639999389648438,🚬菸屁股,HOLD,1
T,2026-12-18,26.0,0.53,2832,77,30.176479492187504,149,22.260000228881836,🚬菸屁股,HOLD,1
BA,2026-08-21,270.0,0.15,2622,77,47.31497998046875,30,204.8000030517578,🚬菸屁股,HOLD,1
BA,2026-08-21,275.0,0.15,3309,77,47.852083984375,30,204.8000030517578,🚬菸屁股,HOLD,1
PLTR,2026-09-18,300.0,0.13,7170,76,81.93377441406248,58,132.66000366210938,🚬菸屁股,HOLD,1
IONQ,2026-10-16,80.0,0.7,1486,76,110.30318286132817,86,35.5099983215332,🚬菸屁股,HOLD,1
JOBY,2026-08-21,11.0,0.09,4938,76,88.2813671875,30,7.659999847412109,🚬菸屁股,HOLD,1
TSCO,2026-08-21,35.0,0.35,2563,76,50.586431640624994,30,29.639999389648438,🚬菸屁股,HOLD,1
T,2026-10-16,27.0,0.14,6054,75,34.76627734375,86,22.260000228881836,🚬菸屁股,HOLD,1
CPRT,2026-08-21,32.5,0.1,1183,75,40.039662109375,30,27.170000076293945,🚬菸屁股,HOLD,1
PFE,2026-12-18,32.0,0.1,8261,75,24.1218525390625,149,24.940000534057617,🚬菸屁股,HOLD,1
F,2026-12-18,21.82,0.15,2582,75,46.289599609375,149,14.270000457763672,🚬菸屁股,HOLD,1
PFE,2026-08-21,29.0,0.02,2573,74,27.930408203124994,30,24.940000534057617,🚬菸屁股,HOLD,1
JPM,2026-08-21,380.0,0.59,1415,74,21.680470703125,30,345.2300109863281,🚬菸屁股,HOLD,1
SOFI,2028-06-16,18.0,6.73,9636,73,74.14576635742188,695,17.639999389648438,🔭LEAPS,HOLD,1
ONDS,2026-08-21,14.0,0.06,1408,73,109.375453125,30,7.659999847412109,🚀點火(24.3x) 🚬菸屁股 ⚠️尾段價外(83%) ⚠️暴動高IV(109%),BUY_WATCH,1
ONDS,2026-12-18,13.0,0.78,3465,73,104.29735351562503,149,7.659999847412109,🚬菸屁股,HOLD,1
T,2026-09-18,32.0,0.01,3709,72,46.0942890625,58,22.260000228881836,🚬菸屁股,HOLD,1
KO,2028-01-21,110.0,1.63,1680,72,22.510540527343746,548,81.97000122070312,🔭LEAPS,HOLD,1
SMR,2027-01-15,40.0,0.17,7196,71,118.75040625,177,8.710000038146973,🚬菸屁股,HOLD,1
TSLA,2026-12-18,990.0,0.95,20391,70,65.23472265625001,149,378.92999267578125,🚬菸屁股,HOLD,1
CMCSA,2028-01-21,40.0,0.81,5901,70,37.402969726562496,548,23.809999465942383,🔭LEAPS,HOLD,1
GOOGL,2026-09-18,500.0,0.4,5305,69,42.62752685546876,58,347.1499938964844,🚬菸屁股,HOLD,1
BAC,2026-08-21,67.5,0.12,1545,69,21.87578125,30,61.220001220703125,🚬菸屁股,HOLD,1
MSTR,2026-08-21,160.0,0.62,5644,68,89.79502392578124,30,101.94999694824219,🚬菸屁股,HOLD,1
IBIT,2028-01-21,70.0,2.38,15629,68,49.69532727050782,548,37.66999816894531,🔭LEAPS,HOLD,1
ORCL,2026-09-18,240.0,0.65,5244,68,82.81267187499999,58,127.05000305175781,🚬菸屁股,HOLD,1
SMCI,2026-08-21,37.0,0.57,6512,67,108.984830078125,30,25.5,🚬菸屁股,HOLD,1
SOFI,2026-10-16,27.0,0.31,3489,67,66.60189648437502,86,17.639999389648438,🚬菸屁股,HOLD,1
SOFI,2028-06-16,25.0,4.89,17887,67,72.30252307128906,695,17.639999389648438,🔭LEAPS,HOLD,1
GIS,2026-09-18,40.0,0.89,6172,67,34.15593188476562,58,37.150001525878906,🚬菸屁股,HOLD,1
CRM,2026-08-21,210.0,0.9,5692,67,50.0005,30,170.05999755859375,🚬菸屁股,HOLD,1
T,2027-01-15,25.0,0.9,19697,66,30.176479492187504,177,22.260000228881836,🚬菸屁股,HOLD,1
ORCL,2026-08-21,260.0,0.07,2626,66,91.01571484374999,30,127.05000305175781,🚀點火(3.0x) 🚬菸屁股 ⚠️尾段價外(105%) ⚠️暴動高IV(91%),BUY_WATCH,1
ORCL,2028-01-21,400.0,7.75,2313,66,71.06047006225586,548,127.05000305175781,🔭LEAPS,HOLD,1
OKLO,2026-09-18,80.0,0.85,1516,65,100.63526245117185,58,44.130001068115234,🚬菸屁股,HOLD,1
SOFI,2026-08-21,35.0,0.11,6761,65,110.9379453125,30,17.639999389648438,🚬菸屁股,HOLD,1
T,2026-08-21,26.0,0.05,4411,65,33.5944140625,30,22.260000228881836,🚬菸屁股,HOLD,1
T,2027-01-15,27.0,0.46,20298,65,30.02999658203125,177,22.260000228881836,🚬菸屁股,HOLD,1
SMCI,2026-09-18,46.0,0.46,967,64,101.3676806640625,58,25.5,🚬菸屁股,HOLD,1
ZM,2026-08-21,120.0,0.27,1143,64,59.375406250000005,30,89.7699966430664,🚬菸屁股,HOLD,1
ONDS,2027-01-15,27.0,0.21,7196,64,105.85984570312502,177,7.659999847412109,🚬菸屁股,HOLD,1
CRWV,2026-08-21,145.0,0.41,3304,64,108.49655126953124,30,79.58000183105469,🚬菸屁股,HOLD,1
F,2027-01-15,24.0,0.27,1204,64,47.852083984375,177,14.270000457763672,🚬菸屁股,HOLD,1
IBIT,2026-12-18,60.0,0.34,24735,63,46.14311669921876,149,37.66999816894531,🚬菸屁股,HOLD,1
OKLO,2028-01-21,150.0,7.82,1451,63,101.29443884277345,548,44.130001068115234,🔭LEAPS,HOLD,1
JOBY,2026-08-21,14.0,0.02,2880,63,101.5629921875,30,7.659999847412109,🚬菸屁股,HOLD,1
PFE,2026-12-18,27.0,0.6,24641,62,21.656056884765622,149,24.940000534057617,🚬菸屁股,HOLD,1
AMZN,2026-09-18,330.0,0.7,2857,62,40.039662109375,58,247.5500030517578,🚬菸屁股,HOLD,1
F,2026-12-18,16.67,0.63,16048,62,39.942006835937505,149,14.270000457763672,🚬菸屁股,HOLD,1
F,2028-01-21,8.0,6.5,1474,61,44.727115234375,548,14.270000457763672,🔭LEAPS,HOLD,1
CRM,2026-09-18,270.0,0.43,1537,61,55.469195312500005,58,170.05999755859375,🚬菸屁股,HOLD,1
MSFT,2026-08-21,550.0,0.44,5454,60,51.41650146484375,30,397.75,🚬菸屁股,HOLD,1
PATH,2026-08-21,20.0,0.02,4487,60,86.7188828125,30,12.039999961853027,🚬菸屁股,HOLD,1
OPEN,2026-09-18,7.0,0.16,8632,60,104.29735351562503,58,4.480000019073486,🚬菸屁股,HOLD,1
JOBY,2027-01-15,20.0,0.22,12886,60,91.992267578125,177,7.659999847412109,🚬菸屁股,HOLD,1
JOBY,2028-01-21,5.0,4.34,3289,60,89.64854101562499,548,7.659999847412109,🔭LEAPS,HOLD,1
KO,2026-10-16,92.5,0.49,3321,60,21.192194335937497,86,81.97000122070312,🚬菸屁股,HOLD,1
KO,2028-01-21,105.0,2.27,2944,60,22.278609252929684,548,81.97000122070312,🔭LEAPS,HOLD,1
OKLO,2028-01-21,155.0,7.26,1380,59,100.98926458740235,548,44.130001068115234,🔭LEAPS,HOLD,1
RKLB,2026-08-21,145.0,0.15,1071,59,121.68007910156248,30,69.12000274658203,🚀點火(19.7x) 🚬菸屁股 ⚠️尾段價外(110%) ⚠️暴動高IV(122%),BUY_WATCH,1
SOFI,2026-08-21,31.0,0.03,2858,58,98.82813671875,30,17.639999389648438,🚬菸屁股,HOLD,1
PFE,2026-09-18,30.0,0.03,28314,58,25.391371093750003,58,24.940000534057617,🚬菸屁股,HOLD,1
META,2026-12-18,1480.0,0.95,1031,58,53.78464184570313,149,643.8099975585938,🚬菸屁股,HOLD,1
NVDA,2027-01-15,420.0,0.53,11066,57,47.14408325195312,177,207.2899932861328,🚬菸屁股,HOLD,1
OKLO,2028-01-21,260.0,4.63,2099,57,106.70212664794924,548,44.130001068115234,🔭LEAPS,HOLD,1
SOFI,2026-12-18,37.0,0.24,1590,57,69.62920996093752,149,17.639999389648438,🚬菸屁股,HOLD,1
CRWV,2026-08-21,180.0,0.15,872,57,114.84417578124999,30,79.58000183105469,🚬菸屁股,HOLD,1
UPST,2027-01-15,80.0,0.53,2082,56,86.32826171875,177,29.270000457763672,🚬菸屁股,HOLD,1
SOFI,2026-09-18,30.0,0.09,22946,56,71.87528125,58,17.639999389648438,🚬菸屁股,HOLD,1
JOBY,2026-11-20,10.0,0.85,1286,56,85.0587431640625,121,7.659999847412109,🚬菸屁股,HOLD,1
AMZN,2026-08-21,305.0,0.78,4735,56,43.79939013671875,30,247.5500030517578,🚬菸屁股,HOLD,1
CRM,2026-09-18,320.0,0.06,3035,56,58.39885351562499,58,170.05999755859375,🚬菸屁股,HOLD,1
TSLA,2026-08-21,750.0,0.09,5038,55,84.37515624999999,30,378.92999267578125,🚀點火(27.5x) 🚬菸屁股 ⚠️尾段價外(98%) ⚠️暴動高IV(84%),BUY_WATCH,1
DKNG,2027-01-15,42.0,0.6,1585,55,57.95940478515625,177,23.850000381469727,🚬菸屁股,HOLD,1
KTOS,2026-08-21,70.0,0.45,2577,55,83.007982421875,30,48.209999084472656,🚬菸屁股,HOLD,1
T,2026-10-16,28.0,0.08,1924,55,30.371790039062496,86,22.260000228881836,🚬菸屁股,HOLD,1
PEP,2026-08-21,155.0,0.23,2396,55,27.832752929687498,30,135.0,🚬菸屁股,HOLD,1
NKE,2026-10-16,55.0,0.62,2673,55,44.0435283203125,86,42.959999084472656,🚬菸屁股,HOLD,1
OPEN,2027-01-15,12.0,0.28,4635,54,106.25046875000001,177,4.480000019073486,🚬菸屁股,HOLD,1
JOBY,2027-01-15,25.0,0.12,3419,54,98.437515625,177,7.659999847412109,🚬菸屁股,HOLD,1
T,2027-01-15,26.0,0.6,1981,54,33.20379296875,177,22.260000228881836,🚬菸屁股,HOLD,1
AMZN,2026-08-21,315.0,0.45,5378,54,43.87263159179688,30,247.5500030517578,🚬菸屁股,HOLD,1
ASTS,2026-08-21,130.0,0.4,3244,53,126.95349023437497,30,63.34000015258789,🚬菸屁股,HOLD,1
PATH,2028-01-21,35.0,1.22,928,53,79.101771484375,548,12.039999961853027,🔭LEAPS,HOLD,1
IBM,2026-08-21,310.0,0.19,1605,53,58.6918193359375,30,210.5,🚬菸屁股,HOLD,1
ORCL,2027-01-15,390.0,0.84,1506,53,78.36935693359376,177,127.05000305175781,🚬菸屁股,HOLD,1
IBIT,2028-06-16,90.0,2.24,15899,52,51.97801928710937,695,37.66999816894531,🔭LEAPS,HOLD,1
OPEN,2027-01-15,8.0,0.48,3896,52,98.437515625,177,4.480000019073486,🚬菸屁股,HOLD,1
CMCSA,2026-08-21,27.0,0.24,3106,52,41.602146484375,30,23.809999465942383,🚬菸屁股,HOLD,1
GOOGL,2028-01-21,720.0,10.3,1457,52,42.85945812988281,548,347.1499938964844,🔭LEAPS,HOLD,1
IBIT,2026-09-18,60.0,0.07,24939,51,54.297332031250015,58,37.66999816894531,🚬菸屁股,HOLD,1
SMCI,2026-11-20,75.0,0.32,793,51,104.19969775390628,121,25.5,🚬菸屁股,HOLD,1
RKLB,2026-08-21,120.0,0.4,2267,51,105.56687841796877,30,69.12000274658203,🚬菸屁股,HOLD,1
RKLB,2026-08-21,160.0,0.09,1895,51,130.27378613281246,30,69.12000274658203,🚀點火(6.4x) 🚬菸屁股 ⚠️尾段價外(131%) ⚠️暴動高IV(130%),BUY_WATCH,1
LUNR,2026-09-18,32.0,0.2,766,51,125.00037499999999,58,14.640000343322754,🚬菸屁股,HOLD,1
JOBY,2026-10-16,15.0,0.13,1545,51,89.062609375,86,7.659999847412109,🚬菸屁股,HOLD,1
JOBY,2028-01-21,25.0,1.1,3546,51,92.4805439453125,548,7.659999847412109,🔭LEAPS,HOLD,1
T,2028-01-21,15.0,7.8,787,51,32.05634350585937,548,22.260000228881836,🔭LEAPS,HOLD,1
ORCL,2026-08-21,460.0,0.04,823,51,143.75028125,30,127.05000305175781,🚬菸屁股,HOLD,1
PFE,2026-09-18,33.0,0.02,2260,51,36.7193828125,58,24.940000534057617,🚬菸屁股,HOLD,1
AMZN,2026-08-21,340.0,0.14,2457,51,46.7778759765625,30,247.5500030517578,🚬菸屁股,HOLD,1
BA,2026-08-21,255.0,0.35,8818,51,42.43221630859375,30,204.8000030517578,🚬菸屁股,HOLD,1
IBIT,2026-09-18,95.0,0.03,7587,50,87.500125,58,37.66999816894531,🚬菸屁股,HOLD,1
SMCI,2026-08-21,75.0,0.03,1114,50,139.06280468749998,30,25.5,🚀點火(16.7x) 🚬菸屁股 ⚠️尾段價外(194%) ⚠️暴動高IV(139%),BUY_WATCH,1
SOFI,2028-01-21,23.0,4.4,3565,50,70.84990087890624,548,17.639999389648438,🔭LEAPS,HOLD,1
JOBY,2027-01-15,35.0,0.1,2440,50,118.75040625,177,7.659999847412109,🚬菸屁股,HOLD,1
JOBY,2028-01-21,30.0,0.86,4108,50,91.74812939453125,548,7.659999847412109,🔭LEAPS,HOLD,1
GIS,2028-01-21,45.0,3.1,1095,50,34.241380249023436,548,37.150001525878906,🔭LEAPS,HOLD,1
F,2026-12-18,21.67,0.13,7819,50,46.289599609375,149,14.270000457763672,🚬菸屁股,HOLD,1
F,2026-12-18,25.0,0.07,781,50,50.97705273437501,149,14.270000457763672,🚬菸屁股,HOLD,1
RTX,2026-09-18,230.0,0.9,1059,50,34.07048352050781,58,193.6699981689453,🚬菸屁股,HOLD,1
CRM,2026-09-18,260.0,0.44,2232,50,53.27195166015625,58,170.05999755859375,🚬菸屁股,HOLD,1
OPEN,2026-10-16,7.0,0.28,1848,49,101.172369140625,86,4.480000019073486,🚬菸屁股,HOLD,1
PLTR,2026-08-21,220.0,0.21,7926,48,78.9064609375,30,132.66000366210938,🚬菸屁股,HOLD,1
SMCI,2026-09-18,55.0,0.25,10509,48,113.67230664062502,58,25.5,🚬菸屁股,HOLD,1
JOBY,2026-10-16,10.0,0.56,1706,48,85.25405371093751,86,7.659999847412109,🚬菸屁股,HOLD,1
CRWV,2026-08-21,130.0,0.75,4973,48,107.95944458007813,30,79.58000183105469,🚬菸屁股,HOLD,1
PFE,2026-09-18,29.0,0.05,23048,48,23.3406103515625,58,24.940000534057617,🚬菸屁股,HOLD,1
BAC,2028-01-21,85.0,1.99,2495,48,27.027096923828125,548,61.220001220703125,🔭LEAPS,HOLD,1
SOFI,2026-09-18,27.0,0.13,13092,47,68.16438085937502,58,17.639999389648438,🚬菸屁股,HOLD,1
SOFI,2027-01-15,32.0,0.54,15700,47,66.94368994140626,177,17.639999389648438,🚬菸屁股,HOLD,1
PEP,2026-09-18,165.0,0.22,2264,47,27.539787109375,58,135.0,🚬菸屁股,HOLD,1
KR,2026-08-21,62.5,0.47,2254,47,30.176479492187504,30,57.779998779296875,🚬菸屁股,HOLD,1
PFE,2027-01-15,29.0,0.36,6173,47,25.269302001953125,177,24.940000534057617,🚬菸屁股,HOLD,1
ASTS,2026-08-21,150.0,0.2,7522,46,135.35188574218748,30,63.34000015258789,🚬菸屁股,HOLD,1
IONQ,2028-01-21,140.0,5.0,834,46,100.98926458740235,548,35.5099983215332,🔭LEAPS,HOLD,1
IREN,2026-08-21,85.0,0.23,3494,46,131.64096679687498,30,41.290000915527344,🚬菸屁股,HOLD,1
PATH,2026-09-18,14.0,0.85,3442,46,80.07832421875,58,12.039999961853027,🚬菸屁股,HOLD,1
JOBY,2027-01-15,12.0,0.75,8201,46,84.47281152343749,177,7.659999847412109,🚬菸屁股,HOLD,1
SMR,2026-11-20,13.0,0.92,1858,46,104.39500927734377,121,8.710000038146973,🚬菸屁股,HOLD,1
T,2028-01-21,35.0,0.57,3030,46,32.15399877929687,548,22.260000228881836,🔭LEAPS,HOLD,1
CPRT,2028-01-21,30.0,4.5,984,46,41.95614685058594,548,27.170000076293945,🔭LEAPS,HOLD,1
SOFI,2028-01-21,30.0,3.15,20191,45,71.41141870117188,548,17.639999389648438,🔭LEAPS,HOLD,1
LUNR,2028-01-21,32.0,4.65,1249,45,117.04143041992188,548,14.640000343322754,🔭LEAPS,HOLD,1
ACHR,2028-01-21,27.0,0.6,15135,45,101.95361523437501,548,5.28000020980835,🔭LEAPS,HOLD,1
T,2028-01-21,23.0,2.79,8736,45,30.457238403320307,548,22.260000228881836,🔭LEAPS,HOLD,1
PFE,2028-01-21,22.0,4.09,5992,45,21.43633251953125,548,24.940000534057617,🔭LEAPS,HOLD,1
AMZN,2026-10-16,410.0,0.12,1307,45,41.846284667968746,86,247.5500030517578,🚬菸屁股,HOLD,1
GEMI,2027-01-15,15.0,0.23,819,45,118.1644716796875,177,4.769999980926514,🚬菸屁股,HOLD,1
SOFI,2028-01-21,32.0,2.9,7313,44,70.92314233398437,548,17.639999389648438,🔭LEAPS,HOLD,1
IREN,2028-01-21,140.0,9.13,3924,44,111.98774475097655,548,41.290000915527344,🔭LEAPS,HOLD,1
NKE,2028-01-21,70.0,2.5,9601,44,44.067942138671874,548,42.959999084472656,🔭LEAPS,HOLD,1
SOFI,2026-12-18,45.0,0.13,8168,43,75.2932158203125,149,17.639999389648438,🚬菸屁股,HOLD,1
PACB,2028-01-21,5.0,0.37,1369,43,137.50031249999998,548,1.399999976158142,🔭LEAPS,HOLD,1
ONDS,2028-01-21,4.0,4.95,2400,43,107.71530517578127,548,7.659999847412109,🔭LEAPS,HOLD,1
NKE,2026-10-16,57.5,0.43,1921,43,44.28766650390625,86,42.959999084472656,🚬菸屁股,HOLD,1
VZ,2026-09-18,52.5,0.13,16855,43,29.004616210937495,58,43.779998779296875,🚬菸屁股,HOLD,1
RTX,2026-08-21,220.0,0.85,2356,43,33.76531079101562,30,193.6699981689453,🚬菸屁股,HOLD,1
IREN,2026-08-21,100.0,0.16,3897,42,144.922150390625,30,41.290000915527344,🚬菸屁股,HOLD,1
JOBY,2026-11-20,15.0,0.26,1040,42,89.84385156249999,121,7.659999847412109,🚬菸屁股,HOLD,1
PEP,2026-09-18,160.0,0.33,3923,42,28.711650390624992,58,135.0,🚬菸屁股,HOLD,1
NKE,2026-08-21,55.0,0.07,9326,42,43.945873046875,30,42.959999084472656,🚬菸屁股,HOLD,1
VZ,2026-10-16,55.0,0.11,1845,42,29.688203124999994,86,43.779998779296875,🚬菸屁股,HOLD,1
VZ,2028-01-21,45.0,4.27,4482,42,23.706817626953125,548,43.779998779296875,🔭LEAPS,HOLD,1
CRM,2026-09-18,250.0,0.54,4925,42,51.07470800781251,58,170.05999755859375,🚬菸屁股,HOLD,1
IBIT,2027-01-15,85.0,0.14,17795,41,55.078574218750006,177,37.66999816894531,🚬菸屁股,HOLD,1
SMCI,2028-01-21,30.0,9.75,2657,41,94.37261486816406,548,25.5,🔭LEAPS,HOLD,1
ASTS,2026-08-21,125.0,0.46,2962,41,128.61363818359374,30,63.34000015258789,🚬菸屁股,HOLD,1
UPST,2026-08-21,45.0,0.26,1035,41,92.773509765625,30,29.270000457763672,🚬菸屁股,HOLD,1
PATH,2028-01-21,15.0,3.4,9112,41,77.73459765625,548,12.039999961853027,🔭LEAPS,HOLD,1
PFE,2028-01-21,20.0,5.54,20840,41,21.460746337890622,548,24.940000534057617,🔭LEAPS,HOLD,1
SMCI,2026-09-18,100.0,0.03,3631,40,135.15657421875,58,25.5,🚬菸屁股,HOLD,1
SMCI,2028-01-21,33.0,9.05,1224,40,93.05426867675781,548,25.5,🔭LEAPS,HOLD,1
OKLO,2026-09-18,140.0,0.13,1811,40,128.90660546875,58,44.130001068115234,🚬菸屁股,HOLD,1
SMR,2026-11-20,17.0,0.53,1418,40,107.61764941406251,121,8.710000038146973,🚬菸屁股,HOLD,1
SMR,2028-01-21,35.0,1.56,957,40,113.57465087890625,548,8.710000038146973,🔭LEAPS,HOLD,1
T,2027-01-15,32.0,0.11,10869,40,31.348342773437498,177,22.260000228881836,🚬菸屁股,HOLD,1
NKE,2026-09-18,90.0,0.02,12219,40,72.6565234375,58,42.959999084472656,🚬菸屁股,HOLD,1
KDP,2026-08-21,33.0,0.31,5130,40,36.6217275390625,30,30.209999084472656,🚬菸屁股,HOLD,1
F,2028-01-21,12.0,3.5,9012,40,39.3560751953125,548,14.270000457763672,🔭LEAPS,HOLD,1
IONQ,2028-01-21,70.0,10.21,1492,39,98.41310180664063,548,35.5099983215332,🔭LEAPS,HOLD,1
SOFI,2028-01-21,35.0,2.5,13768,39,71.02079760742188,548,17.639999389648438,🔭LEAPS,HOLD,1
DKNG,2026-09-18,47.5,0.04,913,39,75.7814921875,58,23.850000381469727,🚬菸屁股,HOLD,1
ONDS,2027-01-15,13.0,0.96,2239,39,103.71141894531253,177,7.659999847412109,🚬菸屁股,HOLD,1
JOBY,2026-08-21,15.0,0.02,4996,39,106.25046875000001,30,7.659999847412109,🚬菸屁股,HOLD,1
T,2026-10-16,29.0,0.07,1142,39,32.32489550781249,86,22.260000228881836,🚬菸屁股,HOLD,1
KDP,2026-08-21,31.0,0.9,2378,39,39.014281738281255,30,30.209999084472656,🚬菸屁股,HOLD,1
TSLA,2028-06-16,990.0,23.5,5008,38,56.37403245544434,695,378.92999267578125,🔭LEAPS,HOLD,1
OKLO,2026-08-21,100.0,0.1,1580,38,121.09414453124998,30,44.130001068115234,🚬菸屁股,HOLD,1
RKLB,2026-08-21,165.0,0.08,911,38,131.44565527343747,30,69.12000274658203,🚀點火(12.7x) 🚬菸屁股 ⚠️尾段價外(139%) ⚠️暴動高IV(131%),BUY_WATCH,1
IONQ,2028-01-21,100.0,7.0,965,38,99.24317163085938,548,35.5099983215332,🔭LEAPS,HOLD,1
JOBY,2026-10-16,20.0,0.05,923,38,107.03171484375002,86,7.659999847412109,🚬菸屁股,HOLD,1
NNE,2026-08-21,25.0,0.27,1422,38,100.9770576171875,30,17.299999237060547,🚬菸屁股,HOLD,1
BA,2026-09-18,275.0,0.44,1170,38,41.96835375976563,58,204.8000030517578,🚬菸屁股,HOLD,1
SMCI,2026-08-21,42.0,0.31,1543,37,114.64886425781249,30,25.5,🚬菸屁股,HOLD,1
SOFI,2026-12-18,26.0,0.86,1531,37,67.04134521484376,149,17.639999389648438,🚬菸屁股,HOLD,1
SMR,2027-01-15,35.0,0.22,3137,37,117.77384863281249,177,8.710000038146973,🚬菸屁股,HOLD,1
TSCO,2026-09-18,40.0,0.17,9566,37,53.12546875,58,29.639999389648438,🚬菸屁股,HOLD,1
IONQ,2026-08-21,70.0,0.13,3957,36,115.0394873046875,30,35.5099983215332,🚬菸屁股,HOLD,1
SOFI,2026-10-16,23.0,0.73,3654,36,65.33237792968751,86,17.639999389648438,🚬菸屁股,HOLD,1
IREN,2026-08-21,80.0,0.3,3503,36,124.21912890624998,30,41.290000915527344,🚬菸屁股,HOLD,1
IREN,2026-08-21,95.0,0.25,923,36,148.24244628906249,30,41.290000915527344,🚬菸屁股,HOLD,1
ACHR,2027-01-15,17.0,0.16,9720,36,104.68797656250001,177,5.28000020980835,🚬菸屁股,HOLD,1
CMCSA,2026-12-18,30.0,0.54,6660,36,37.9889013671875,149,23.809999465942383,🚬菸屁股,HOLD,1
PFE,2026-09-18,35.0,0.01,3708,36,41.4068359375,58,24.940000534057617,🚬菸屁股,HOLD,1
JPM,2026-09-18,410.0,0.34,1417,36,22.04667797851562,58,345.2300109863281,🚬菸屁股,HOLD,1
CRM,2026-08-21,240.0,0.18,2825,36,55.078574218750006,30,170.05999755859375,🚬菸屁股,HOLD,1
BAC,2026-11-20,70.0,0.85,1580,36,24.36599072265625,121,61.220001220703125,🚬菸屁股,HOLD,1
NVDA,2028-01-21,240.0,35.94,8987,35,47.48587670898438,548,207.2899932861328,🔭LEAPS,HOLD,1
JOBY,2026-11-20,12.0,0.52,1507,35,86.914193359375,121,7.659999847412109,🚬菸屁股,HOLD,1
CMCSA,2026-10-16,33.0,0.09,904,35,44.434149414062496,86,23.809999465942383,🚬菸屁股,HOLD,1
VZ,2026-09-18,49.0,0.4,2251,35,27.686270019531246,58,43.779998779296875,🚬菸屁股,HOLD,1
AMZN,2026-08-21,325.0,0.25,3581,35,44.87359814453124,30,247.5500030517578,🚬菸屁股,HOLD,1
F,2028-01-21,17.0,1.85,7563,35,41.089456298828125,548,14.270000457763672,🔭LEAPS,HOLD,1
BAC,2026-10-16,75.0,0.14,832,35,24.414818359375,86,61.220001220703125,🚬菸屁股,HOLD,1
BAC,2026-11-20,75.0,0.3,1426,35,24.268335449218746,121,61.220001220703125,🚬菸屁股,HOLD,1
SMCI,2026-08-21,70.0,0.05,1432,34,136.71906640625,30,25.5,🚬菸屁股,HOLD,1
IONQ,2026-08-21,85.0,0.07,822,34,142.3831005859375,30,35.5099983215332,🚬菸屁股,HOLD,1
OPEN,2026-11-20,5.0,0.8,5479,34,101.7583037109375,121,4.480000019073486,🚬菸屁股,HOLD,1
SMR,2027-01-15,30.0,0.31,5552,34,114.0629296875,177,8.710000038146973,🚬菸屁股,HOLD,1
SMR,2028-01-21,5.0,5.5,1796,34,111.13325683593752,548,8.710000038146973,🔭LEAPS,HOLD,1
T,2028-01-21,27.0,1.54,6860,34,29.66378930664062,548,22.260000228881836,🔭LEAPS,HOLD,1
ORCL,2026-11-20,300.0,0.86,1624,34,75.61059545898439,121,127.05000305175781,🚬菸屁股,HOLD,1
SMCI,2026-08-21,55.0,0.1,5859,33,125.00037499999999,30,25.5,🚬菸屁股,HOLD,1
RKLB,2026-08-21,115.0,0.55,943,33,105.76218994140625,30,69.12000274658203,🚬菸屁股,HOLD,1
BEAM,2028-01-21,35.0,8.1,938,33,84.10660424804688,548,27.290000915527344,🔭LEAPS,HOLD,1
ACHR,2026-08-21,9.0,0.04,1487,33,109.375453125,30,5.28000020980835,🚬菸屁股,HOLD,1
CRWV,2026-08-21,155.0,0.28,1538,33,110.74263378906251,30,79.58000183105469,🚬菸屁股,HOLD,1
NKE,2028-01-21,45.0,8.0,6513,33,44.34870104980468,548,42.959999084472656,🔭LEAPS,HOLD,1
GOOG,2026-08-21,450.0,0.34,5360,32,43.311113769531254,30,346.19000244140625,🚬菸屁股,HOLD,1
MSTR,2026-12-18,1080.0,0.06,11984,32,119.922275390625,149,101.94999694824219,🚬菸屁股,HOLD,1
ASTS,2026-08-21,160.0,0.2,1130,32,145.1174619140625,30,63.34000015258789,🚬菸屁股,HOLD,1
SOFI,2026-12-18,29.0,0.58,1210,32,67.62727685546876,149,17.639999389648438,🚬菸屁股,HOLD,1
DKNG,2026-08-21,35.0,0.09,8729,32,72.26590234375,30,23.850000381469727,🚬菸屁股,HOLD,1
IBM,2026-08-21,400.0,0.04,2086,32,76.562734375,30,210.5,🚬菸屁股,HOLD,1
PEP,2026-12-18,180.0,0.44,793,32,30.39620385742187,149,135.0,🚬菸屁股,HOLD,1
F,2028-01-21,10.0,5.0,2907,32,41.992767578125,548,14.270000457763672,🔭LEAPS,HOLD,1
CRM,2026-12-18,550.0,0.16,6999,32,63.281617187500004,149,170.05999755859375,🚬菸屁股,HOLD,1
HOOD,2028-01-21,280.0,10.94,1901,31,74.70118072509766,548,106.36000061035156,🔭LEAPS,HOLD,1
ONDS,2027-01-15,16.0,0.68,857,31,104.59032080078129,177,7.659999847412109,🚬菸屁股,HOLD,1
ACHR,2027-01-15,15.0,0.2,24474,31,102.1489267578125,177,5.28000020980835,🚬菸屁股,HOLD,1
SMR,2027-01-15,47.0,0.11,1118,31,121.875390625,177,8.710000038146973,🚬菸屁股,HOLD,1
ORCL,2026-09-18,480.0,0.21,3224,31,123.63319433593749,58,127.05000305175781,🚬菸屁股,HOLD,1
CMCSA,2027-01-15,29.0,0.74,1033,31,36.96352099609375,177,23.809999465942383,🚬菸屁股,HOLD,1
GIS,2027-01-15,52.5,0.35,987,31,35.30338134765625,177,37.150001525878906,🚬菸屁股,HOLD,1
CRM,2026-08-21,270.0,0.1,1168,31,64.1605146484375,30,170.05999755859375,🚬菸屁股,HOLD,1
MSTR,2027-01-15,1080.0,0.14,11035,30,116.50432373046877,177,101.94999694824219,🚬菸屁股,HOLD,1
SMCI,2027-01-15,65.0,0.94,4587,30,94.09185595703124,177,25.5,🚬菸屁股,HOLD,1
UPST,2027-01-15,100.0,0.26,5906,30,92.6758544921875,177,29.270000457763672,🚬菸屁股,HOLD,1
PATH,2028-01-21,12.0,4.5,6709,30,79.5900478515625,548,12.039999961853027,🔭LEAPS,HOLD,1
SMR,2026-08-21,16.0,0.06,2675,30,127.34411328124997,30,8.710000038146973,🚬菸屁股,HOLD,1
ORCL,2028-01-21,470.0,6.0,5399,30,71.16117706298827,548,127.05000305175781,🔭LEAPS,HOLD,1
NKE,2026-09-18,85.0,0.04,3252,30,71.48466015625,58,42.959999084472656,🚬菸屁股,HOLD,1
VICI,2026-08-21,30.0,0.03,1182,30,25.586681640625002,30,26.579999923706055,🚬菸屁股,HOLD,1
CMCSA,2026-12-18,42.5,0.86,1472,30,70.16631396484375,149,23.809999465942383,🚬菸屁股,HOLD,1
GEMI,2026-10-16,7.5,0.35,1706,30,112.5004375,86,4.769999980926514,🚬菸屁股,HOLD,1
ONDS,2026-12-18,20.0,0.3,4457,29,108.00827246093752,149,7.659999847412109,🚬菸屁股,HOLD,1
LUNR,2028-01-21,15.0,7.7,847,29,121.28945605468748,548,14.640000343322754,🔭LEAPS,HOLD,1
NKE,2027-01-15,100.0,0.11,15887,29,52.3442265625,177,42.959999084472656,🚬菸屁股,HOLD,1
PFE,2026-08-21,30.0,0.01,3610,29,30.86006640625,30,24.940000534057617,🚬菸屁股,HOLD,1
GOOGL,2026-08-21,440.0,0.57,3810,29,42.16366430664063,30,347.1499938964844,🚬菸屁股,HOLD,1
F,2026-08-21,21.0,0.02,10136,29,65.62534375000001,30,14.270000457763672,🚬菸屁股,HOLD,1
SMCI,2026-08-21,47.0,0.19,880,28,115.8207333984375,30,25.5,🚬菸屁股,HOLD,1
RKLB,2026-08-21,135.0,0.23,1031,28,109.76607617187501,30,69.12000274658203,🚬菸屁股,HOLD,1
SOFI,2028-01-21,10.0,9.6,3972,28,80.90839404296875,548,17.639999389648438,🔭LEAPS,HOLD,1
PATH,2027-01-15,30.0,0.26,26753,28,80.07832421875,177,12.039999961853027,🚬菸屁股,HOLD,1
OPEN,2026-10-16,8.0,0.18,846,28,105.46922265625001,86,4.480000019073486,🚬菸屁股,HOLD,1
JOBY,2028-01-21,8.0,3.2,7504,28,91.79695703125,548,7.659999847412109,🔭LEAPS,HOLD,1
ACHR,2028-01-21,4.0,2.83,3609,28,103.61376318359379,548,5.28000020980835,🔭LEAPS,HOLD,1
VZ,2027-01-15,52.5,0.6,8241,28,25.51344018554688,177,43.779998779296875,🚬菸屁股,HOLD,1
KO,2026-10-16,90.0,0.86,4029,28,20.655090332031246,86,81.97000122070312,🚬菸屁股,HOLD,1
GEMI,2027-01-15,10.0,0.45,1697,28,111.71919140624999,177,4.769999980926514,🚬菸屁股,HOLD,1
IONQ,2028-01-21,120.0,5.94,2408,27,99.85351708984375,548,35.5099983215332,🔭LEAPS,HOLD,1
JOBY,2026-10-16,12.0,0.29,1344,27,86.914193359375,86,7.659999847412109,🚬菸屁股,HOLD,1
SMR,2026-08-21,17.0,0.04,1335,27,117.96916015624998,30,8.710000038146973,🚬菸屁股,HOLD,1
IBM,2026-08-21,290.0,0.35,4800,27,52.734847656250004,30,210.5,🚬菸屁股,HOLD,1
NKE,2027-01-15,77.5,0.25,27427,27,49.219257812500004,177,42.959999084472656,🚬菸屁股,HOLD,1
NKE,2028-01-21,50.0,6.4,11524,27,43.50642431640625,548,42.959999084472656,🔭LEAPS,HOLD,1
CMCSA,2026-10-16,28.0,0.44,3275,27,37.402969726562496,86,23.809999465942383,🚬菸屁股,HOLD,1
MSFT,2028-01-21,600.0,26.5,6868,26,40.23192092895508,548,397.75,🔭LEAPS,HOLD,1
IONQ,2028-01-21,80.0,8.67,1758,26,99.3286199951172,548,35.5099983215332,🔭LEAPS,HOLD,1
IREN,2026-08-21,75.0,0.41,6526,26,123.047259765625,30,41.290000915527344,🚬菸屁股,HOLD,1
IREN,2028-01-21,95.0,11.95,1057,26,110.5961501464844,548,41.290000915527344,🔭LEAPS,HOLD,1
U,2028-01-21,50.0,5.5,1608,26,75.26880200195312,548,29.8700008392334,🔭LEAPS,HOLD,1
PATH,2028-01-21,20.0,2.5,7791,26,76.92894165039064,548,12.039999961853027,🔭LEAPS,HOLD,1
CRWV,2026-08-21,135.0,0.7,3509,26,110.25435498046878,30,79.58000183105469,🚬菸屁股,HOLD,1
ORCL,2026-08-21,330.0,0.05,1650,26,116.79729101562502,30,127.05000305175781,🚬菸屁股,HOLD,1
PFE,2026-09-18,31.0,0.02,20494,26,32.813171874999995,58,24.940000534057617,🚬菸屁股,HOLD,1
CRM,2026-08-21,250.0,0.11,2379,26,56.836369140624996,30,170.05999755859375,🚬菸屁股,HOLD,1
CRM,2026-09-18,240.0,0.89,3547,26,51.41650146484375,58,170.05999755859375,🚬菸屁股,HOLD,1
IBIT,2028-01-21,60.0,3.6,6823,25,50.171396728515624,548,37.66999816894531,🔭LEAPS,HOLD,1
PLTR,2028-01-21,200.0,23.9,12192,25,64.1727215576172,548,132.66000366210938,🔭LEAPS,HOLD,1
INTC,2028-01-21,80.0,52.36,10440,25,91.29037030029296,548,105.44999694824219,🔭LEAPS,HOLD,1
OKLO,2026-09-18,100.0,0.35,2924,25,106.44578027343752,58,44.130001068115234,🚬菸屁股,HOLD,1
DKNG,2027-01-15,37.0,0.91,1712,25,59.22892333984377,177,23.850000381469727,🚬菸屁股,HOLD,1
PATH,2026-09-18,16.0,0.47,1370,25,83.98453515624999,58,12.039999961853027,🚬菸屁股,HOLD,1
OPEN,2027-01-15,9.0,0.38,2158,25,102.93017285156252,177,4.480000019073486,🚬菸屁股,HOLD,1
HIMS,2026-08-21,55.0,0.4,2973,25,113.96527392578126,30,32.72999954223633,🚬菸屁股,HOLD,1
HIMS,2028-01-21,75.0,8.65,1531,25,98.52296398925782,548,32.72999954223633,🔭LEAPS,HOLD,1
ACHR,2027-01-15,27.0,0.1,5840,25,117.1879140625,177,5.28000020980835,🚬菸屁股,HOLD,1
ORLY,2026-08-21,100.0,0.6,2115,25,40.967387207031244,30,87.97000122070312,🚬菸屁股,HOLD,1
ORCL,2026-08-21,400.0,0.03,5016,25,124.21912890624998,30,127.05000305175781,🚬菸屁股,HOLD,1
ORCL,2026-10-16,300.0,0.5,3646,25,84.179845703125,86,127.05000305175781,🚬菸屁股,HOLD,1
NKE,2026-10-16,60.0,0.3,2921,25,45.361874511718746,86,42.959999084472656,🚬菸屁股,HOLD,1
NKE,2026-12-18,80.0,0.16,10117,25,50.48877636718749,149,42.959999084472656,🚬菸屁股,HOLD,1
CMCSA,2028-01-21,30.0,2.21,9909,25,37.0123486328125,548,23.809999465942383,🔭LEAPS,HOLD,1
PFE,2028-01-21,40.0,0.27,16750,25,27.00268310546875,548,24.940000534057617,🔭LEAPS,HOLD,1
NVDA,2028-01-21,270.0,27.33,8308,24,46.5749361114502,548,207.2899932861328,🔭LEAPS,HOLD,1
COIN,2026-09-18,880.0,0.07,8084,24,125.00037499999999,58,175.85000610351562,🚬菸屁股,HOLD,1
OKLO,2028-01-21,100.0,10.45,3416,24,98.53517089843751,548,44.130001068115234,🔭LEAPS,HOLD,1
XYZ,2026-08-21,100.0,0.75,883,24,57.178162597656254,30,80.37999725341797,🚬菸屁股,HOLD,1
SMR,2028-01-21,13.0,3.45,3334,24,107.17819848632817,548,8.710000038146973,🔭LEAPS,HOLD,1
T,2027-01-15,28.0,0.27,858,24,33.5944140625,177,22.260000228881836,🚬菸屁股,HOLD,1
CMCSA,2026-09-18,47.5,0.23,1225,24,87.500125,58,23.809999465942383,🚬菸屁股,HOLD,1
VZ,2028-01-21,52.5,2.18,2654,24,25.867440551757813,548,43.779998779296875,🔭LEAPS,HOLD,1
GOOGL,2026-08-21,500.0,0.11,3479,24,49.70753417968751,30,347.1499938964844,🚬菸屁股,HOLD,1
SMCI,2026-08-21,43.0,0.27,840,23,110.9379453125,30,25.5,🚀點火(3.8x) 🚬菸屁股 ⚠️尾段價外(69%) ⚠️暴動高IV(111%),BUY_WATCH,1
SMCI,2028-01-21,105.0,2.8,8205,23,94.48247705078124,548,25.5,🔭LEAPS,HOLD,1
OKLO,2026-09-18,110.0,0.18,927,23,104.49266503906252,58,44.130001068115234,🚬菸屁股,HOLD,1
SOFI,2026-12-18,40.0,0.19,8486,23,71.48466015625,149,17.639999389648438,🚬菸屁股,HOLD,1
SOFI,2028-01-21,42.0,1.81,9592,23,70.21514160156251,548,17.639999389648438,🔭LEAPS,HOLD,1
HIMS,2026-08-21,48.0,0.78,952,23,112.40278173828125,30,32.72999954223633,🚬菸屁股,HOLD,1
PEP,2026-08-21,160.0,0.13,1829,23,31.934274414062493,30,135.0,🚬菸屁股,HOLD,1
CMCSA,2026-08-21,28.0,0.14,1337,23,45.898978515625004,30,23.809999465942383,🚬菸屁股,HOLD,1
BAC,2026-12-18,75.0,0.47,2229,23,24.390404541015627,149,61.220001220703125,🚬菸屁股,HOLD,1
IBIT,2027-01-15,84.0,0.14,5205,22,54.98091894531252,177,37.66999816894531,🚬菸屁股,HOLD,1
SMCI,2026-08-21,44.0,0.24,1016,22,114.84417578124999,30,25.5,🚀點火(5.5x) 🚬菸屁股 ⚠️尾段價外(73%) ⚠️暴動高IV(115%),BUY_WATCH,1
IONQ,2026-08-21,80.0,0.12,1574,22,141.60185449218753,30,35.5099983215332,🚬菸屁股,HOLD,1
SOFI,2026-09-18,42.0,0.04,5771,22,93.7500625,58,17.639999389648438,🚬菸屁股,HOLD,1
ONDS,2026-12-18,17.0,0.46,1535,22,109.375453125,149,7.659999847412109,🚬菸屁股,HOLD,1
ACHR,2028-01-21,1.0,4.6,987,22,133.20345898437495,548,5.28000020980835,🔭LEAPS,HOLD,1
T,2026-12-18,30.0,0.14,7285,22,30.9577216796875,149,22.260000228881836,🚬菸屁股,HOLD,1
VICI,2027-01-15,30.0,0.36,2322,22,21.3875048828125,177,26.579999923706055,🚬菸屁股,HOLD,1
TSCO,2027-01-15,40.0,0.9,7059,22,44.434149414062496,177,29.639999389648438,🚬菸屁股,HOLD,1
GIS,2028-01-21,42.5,4.0,964,22,33.20379296875,548,37.150001525878906,🔭LEAPS,HOLD,1
GIS,2028-01-21,47.5,2.9,871,22,33.533379516601556,548,37.150001525878906,🔭LEAPS,HOLD,1
GOOGL,2028-01-21,650.0,11.65,22237,22,42.00802621459962,548,347.1499938964844,🔭LEAPS,HOLD,1
BAC,2028-01-21,65.0,7.25,5099,22,29.822479125976553,548,61.220001220703125,🔭LEAPS,HOLD,1
OKLO,2027-01-15,230.0,0.73,1018,21,117.57853710937498,177,44.130001068115234,🚬菸屁股,HOLD,1
IONQ,2026-09-18,80.0,0.33,2717,21,110.9379453125,58,35.5099983215332,🚬菸屁股,HOLD,1
PATH,2026-09-18,17.0,0.38,1112,21,81.64080859375,58,12.039999961853027,🚬菸屁股,HOLD,1
LUNR,2026-08-21,30.0,0.1,822,21,128.51598242187498,30,14.640000343322754,🚬菸屁股,HOLD,1
SMR,2027-01-15,60.0,0.09,881,21,130.46909765624997,177,8.710000038146973,🚬菸屁股,HOLD,1
CRWV,2026-08-21,210.0,0.06,924,21,128.125359375,30,79.58000183105469,🚀點火(3.5x) 🚬菸屁股 ⚠️尾段價外(164%) ⚠️暴動高IV(128%),BUY_WATCH,1
T,2026-08-21,27.0,0.03,5040,21,38.2818671875,30,22.260000228881836,🚬菸屁股,HOLD,1
PEP,2028-01-21,180.0,4.07,1327,21,28.964943756103512,548,135.0,🔭LEAPS,HOLD,1
ORCL,2026-08-21,250.0,0.1,9813,21,93.945373046875,30,127.05000305175781,🚬菸屁股,HOLD,1
PFE,2027-01-15,35.0,0.1,24921,21,26.95385546875,177,24.940000534057617,🚬菸屁股,HOLD,1
GIS,2026-12-18,55.0,0.16,853,21,37.94007373046875,149,37.150001525878906,🚬菸屁股,HOLD,1
JPM,2026-09-18,400.0,0.6,848,21,21.85136743164062,58,345.2300109863281,🚬菸屁股,HOLD,1
F,2026-09-18,19.0,0.07,5456,21,45.703667968750004,58,14.270000457763672,🚬菸屁股,HOLD,1
F,2028-01-21,15.0,2.45,18609,21,39.7466962890625,548,14.270000457763672,🔭LEAPS,HOLD,1
CRM,2027-01-15,500.0,0.2,2140,21,64.18492846679689,177,170.05999755859375,🚬菸屁股,HOLD,1
MSTR,2026-09-18,300.0,0.2,5298,20,111.328568359375,58,101.94999694824219,🚬菸屁股,HOLD,1
IBIT,2026-09-18,105.0,0.03,14405,20,93.7500625,58,37.66999816894531,🚬菸屁股,HOLD,1
SMCI,2028-01-21,25.0,11.2,1448,20,95.312546875,548,25.5,🔭LEAPS,HOLD,1
ASTS,2026-08-21,140.0,0.34,1333,20,136.42609912109376,30,63.34000015258789,🚬菸屁股,HOLD,1
DKNG,2026-09-18,40.0,0.07,10399,20,67.38313867187502,58,23.850000381469727,🚬菸屁股,HOLD,1
DKNG,2026-12-18,80.0,0.11,871,20,78.51583984375,149,23.850000381469727,🚬菸屁股,HOLD,1
PATH,2026-09-18,20.0,0.15,2966,20,85.54701953125,58,12.039999961853027,🚬菸屁股,HOLD,1
OPEN,2026-11-20,7.0,0.42,3916,20,105.46922265625001,121,4.480000019073486,🚬菸屁股,HOLD,1
OPEN,2028-01-21,2.0,3.1,2411,20,97.460962890625,548,4.480000019073486,🔭LEAPS,HOLD,1
NTLA,2028-01-21,12.5,5.14,984,20,110.15669921875002,548,11.470000267028809,🔭LEAPS,HOLD,1
PACB,2026-09-18,1.5,0.25,7163,20,117.1879140625,58,1.399999976158142,🚬菸屁股,HOLD,1
PACB,2027-01-15,1.0,0.7,2679,20,85.937640625,177,1.399999976158142,🚬菸屁股,HOLD,1
KTOS,2026-08-21,90.0,0.1,1660,20,107.81296093750001,30,48.209999084472656,🚀點火(6.7x) 🚬菸屁股 ⚠️尾段價外(87%) ⚠️暴動高IV(108%),BUY_WATCH,1
ONDS,2027-01-15,19.0,0.45,935,20,109.57076464843752,177,7.659999847412109,🚬菸屁股,HOLD,1
LUNR,2026-09-18,30.0,0.29,2597,20,117.1879140625,58,14.640000343322754,🚬菸屁股,HOLD,1
JOBY,2027-01-15,30.0,0.1,8437,20,104.88328808593752,177,7.659999847412109,🚬菸屁股,HOLD,1
NNE,2027-01-15,90.0,0.15,2770,20,117.1879140625,177,17.299999237060547,🚬菸屁股,HOLD,1
ORCL,2027-01-15,450.0,0.67,904,20,83.83805224609374,177,127.05000305175781,🚬菸屁股,HOLD,1
NKE,2026-12-18,85.0,0.2,1801,20,51.562984375,149,42.959999084472656,🚬菸屁股,HOLD,1
PFE,2026-12-18,35.0,0.05,8833,20,33.20379296875,149,24.940000534057617,🚬菸屁股,HOLD,1
VZ,2028-01-21,65.0,0.71,4240,20,27.00268310546875,548,43.779998779296875,🔭LEAPS,HOLD,1
KO,2027-01-15,105.0,0.29,1653,20,22.19316088867187,177,81.97000122070312,🚬菸屁股,HOLD,1
GOOGL,2028-01-21,690.0,11.01,2936,20,42.33303517150879,548,347.1499938964844,🔭LEAPS,HOLD,1
CRM,2026-08-21,230.0,0.28,4054,20,51.07470800781251,30,170.05999755859375,🚬菸屁股,HOLD,1
CRM,2028-01-21,380.0,7.5,1959,20,51.294432373046874,548,170.05999755859375,🔭LEAPS,HOLD,1
NVDA,2028-01-21,190.0,55.8,8256,19,50.151560501098636,548,207.2899932861328,🔭LEAPS,HOLD,1
SMCI,2026-12-18,58.0,0.98,3058,19,96.53323779296875,149,25.5,🚬菸屁股,HOLD,1
RKLB,2028-01-21,210.0,11.15,4179,19,92.72468212890624,548,69.12000274658203,🔭LEAPS,HOLD,1
DKNG,2027-01-15,75.0,0.08,1010,19,71.0940390625,177,23.850000381469727,🚬菸屁股,HOLD,1
DKNG,2028-01-21,40.0,3.15,3080,19,59.83926879882813,548,23.850000381469727,🔭LEAPS,HOLD,1
TDOC,2026-08-21,12.0,0.26,2166,19,81.2501875,30,9.710000038146973,🚬菸屁股,HOLD,1
ONDS,2028-01-21,2.0,6.0,1280,19,93.35944140625,548,7.659999847412109,🔭LEAPS,HOLD,1
LUNR,2026-09-18,37.0,0.15,1087,19,121.48476757812499,58,14.640000343322754,🚬菸屁股,HOLD,1
ACHR,2028-01-21,3.0,3.25,3882,19,96.77737597656251,548,5.28000020980835,🔭LEAPS,HOLD,1
SMR,2026-08-21,18.0,0.04,1870,19,123.43788281249999,30,8.710000038146973,🚬菸屁股,HOLD,1
IBM,2026-08-21,285.0,0.45,2954,19,53.85788330078126,30,210.5,🚬菸屁股,HOLD,1
ORCL,2027-01-15,400.0,0.92,11724,19,79.9806689453125,177,127.05000305175781,🚬菸屁股,HOLD,1
CMCSA,2026-09-18,26.0,0.6,3944,19,38.3795224609375,58,23.809999465942383,🚬菸屁股,HOLD,1
PFE,2026-12-18,31.0,0.15,2664,19,24.95192236328125,149,24.940000534057617,🚬菸屁股,HOLD,1
VZ,2028-01-21,40.0,6.56,3165,19,25.41578491210938,548,43.779998779296875,🔭LEAPS,HOLD,1
IBIT,2026-08-21,60.0,0.02,7920,18,67.18782812500001,30,37.66999816894531,🚬菸屁股,HOLD,1
PLTR,2028-01-21,410.0,6.4,8024,18,65.31406756591798,548,132.66000366210938,🔭LEAPS,HOLD,1
SMCI,2027-01-15,80.0,0.48,14972,18,98.3398603515625,177,25.5,🚬菸屁股,HOLD,1
SOFI,2026-09-18,37.0,0.04,7421,18,90.62509374999999,58,17.639999389648438,🚬菸屁股,HOLD,1
SOFI,2028-06-16,10.0,10.1,9171,18,80.51777294921875,695,17.639999389648438,🔭LEAPS,HOLD,1
CRSP,2026-08-21,70.0,0.21,1366,18,73.82838671875,30,48.150001525878906,🚬菸屁股,HOLD,1
ACHR,2028-01-21,17.0,0.94,1301,18,99.7070341796875,548,5.28000020980835,🔭LEAPS,HOLD,1
ORCL,2026-08-21,195.0,0.33,2407,18,72.3635576171875,30,127.05000305175781,🚬菸屁股,HOLD,1
CMCSA,2026-09-18,29.0,0.21,1374,18,43.2622861328125,58,23.809999465942383,🚬菸屁股,HOLD,1
CMCSA,2026-10-16,31.0,0.28,865,18,41.309180664062495,86,23.809999465942383,🚬菸屁股,HOLD,1
PFE,2027-01-15,37.0,0.05,8067,18,31.055376953125,177,24.940000534057617,🚬菸屁股,HOLD,1
PFE,2028-01-21,35.0,0.55,24443,18,25.464612548828132,548,24.940000534057617,🔭LEAPS,HOLD,1
GOOGL,2026-09-18,470.0,0.69,1614,18,40.47911083984375,58,347.1499938964844,🚬菸屁股,HOLD,1
IBIT,2026-12-18,55.0,0.5,9451,17,43.848217773437504,149,37.66999816894531,🚬菸屁股,HOLD,1
INTC,2028-01-21,55.0,58.85,5227,17,94.0857525024414,548,105.44999694824219,🔭LEAPS,HOLD,1
SMCI,2026-08-21,41.0,0.31,1182,17,114.35589697265624,30,25.5,🚬菸屁股,HOLD,1
RKLB,2026-08-21,175.0,0.06,4465,17,123.43788281249999,30,69.12000274658203,🚬菸屁股,HOLD,1
ASTS,2026-08-21,135.0,0.41,1552,17,128.61363818359374,30,63.34000015258789,🚬菸屁股,HOLD,1
KTOS,2026-08-21,75.0,0.25,3423,17,85.6446748046875,30,48.209999084472656,🚬菸屁股,HOLD,1
PEP,2027-01-15,180.0,0.55,1826,17,30.64034204101562,177,135.0,🚬菸屁股,HOLD,1
NKE,2026-10-16,52.5,0.91,1926,17,43.066975585937506,86,42.959999084472656,🚬菸屁股,HOLD,1
CMCSA,2026-10-16,30.0,0.21,1246,17,37.695935546875,86,23.809999465942383,🚬菸屁股,HOLD,1
PFE,2026-10-16,29.0,0.1,981,17,22.657023437499998,86,24.940000534057617,🚬菸屁股,HOLD,1
KO,2028-01-21,115.0,1.15,1181,17,22.095505615234373,548,81.97000122070312,🔭LEAPS,HOLD,1
SMCI,2027-01-15,90.0,0.46,26065,16,102.63720556640625,177,25.5,🚬菸屁股,HOLD,1
SMCI,2028-01-21,35.0,8.65,2174,16,93.77447631835938,548,25.5,🔭LEAPS,HOLD,1
SMCI,2028-01-21,50.0,6.28,4318,16,91.8946123046875,548,25.5,🔭LEAPS,HOLD,1
IONQ,2026-09-18,90.0,0.21,1811,16,122.8519482421875,58,35.5099983215332,🚬菸屁股,HOLD,1
SOFI,2026-11-20,31.0,0.31,1014,16,68.06672558593752,121,17.639999389648438,🚬菸屁股,HOLD,1
SOFI,2028-06-16,45.0,2.29,4978,16,71.9729365234375,695,17.639999389648438,🔭LEAPS,HOLD,1
ONDS,2026-09-18,16.0,0.13,10496,16,117.1879140625,58,7.659999847412109,🚬菸屁股,HOLD,1
JOBY,2028-01-21,20.0,1.38,9107,16,90.82040429687498,548,7.659999847412109,🔭LEAPS,HOLD,1
SMR,2027-01-15,27.0,0.28,1461,16,109.76607617187501,177,8.710000038146973,🚬菸屁股,HOLD,1
SMR,2028-01-21,30.0,1.76,3180,16,108.35006762695313,548,8.710000038146973,🔭LEAPS,HOLD,1
NKE,2028-06-16,40.0,11.4,1304,16,43.95807995605468,695,42.959999084472656,🔭LEAPS,HOLD,1
CMCSA,2026-09-18,31.0,0.11,6438,16,46.680220703125,58,23.809999465942383,🚬菸屁股,HOLD,1
VZ,2027-01-15,60.0,0.17,5928,16,26.95385546875,177,43.779998779296875,🚬菸屁股,HOLD,1
BA,2026-08-21,280.0,0.1,2844,16,45.508357421875004,30,204.8000030517578,🚬菸屁股,HOLD,1
OKLO,2026-08-21,95.0,0.14,2194,15,123.82850585937497,30,44.130001068115234,🚀點火(15.0x) 🚬菸屁股 ⚠️尾段價外(115%) ⚠️暴動高IV(124%),BUY_WATCH,1
IONQ,2026-10-16,85.0,0.58,2418,15,109.22896948242186,86,35.5099983215332,🚬菸屁股,HOLD,1
IONQ,2026-11-20,140.0,0.28,1591,15,112.20747021484377,121,35.5099983215332,🚬菸屁股,HOLD,1
SOFI,2026-08-21,32.0,0.05,7393,15,90.62509374999999,30,17.639999389648438,🚬菸屁股,HOLD,1
SOFI,2026-09-18,28.0,0.13,1658,15,69.92217578125,58,17.639999389648438,🚬菸屁股,HOLD,1
SOFI,2026-09-18,47.0,0.02,3379,15,95.312546875,58,17.639999389648438,🚬菸屁股,HOLD,1
DKNG,2026-12-18,40.0,0.5,3836,15,60.88906298828126,149,23.850000381469727,🚬菸屁股,HOLD,1
U,2026-08-21,40.0,0.58,6550,15,86.32826171875,30,29.8700008392334,🚬菸屁股,HOLD,1
TDOC,2028-01-21,12.0,2.23,1092,15,72.41238525390624,548,9.710000038146973,🔭LEAPS,HOLD,1
OPEN,2026-10-16,5.0,0.66,2629,15,97.460962890625,86,4.480000019073486,🚬菸屁股,HOLD,1
OPEN,2026-12-18,7.0,0.5,839,15,103.32079589843752,149,4.480000019073486,🚬菸屁股,HOLD,1
IBM,2026-12-18,470.0,0.52,1259,15,57.39788696289063,149,210.5,🚬菸屁股,HOLD,1
T,2026-09-18,35.0,0.03,2386,15,51.17236328125,58,22.260000228881836,🚬菸屁股,HOLD,1
NKE,2026-10-16,65.0,0.18,815,15,49.023947265625004,86,42.959999084472656,🚬菸屁股,HOLD,1
NKE,2026-12-18,150.0,0.02,12440,15,70.312796875,149,42.959999084472656,🚬菸屁股,HOLD,1
VZ,2028-01-21,75.0,0.27,6590,15,26.12378564453125,548,43.779998779296875,🔭LEAPS,HOLD,1
GIS,2026-12-18,47.5,0.56,1455,15,35.718416259765625,149,37.150001525878906,🚬菸屁股,HOLD,1
GOOGL,2026-09-18,630.0,0.05,1003,15,57.617611328124994,58,347.1499938964844,🚬菸屁股,HOLD,1
GOOGL,2026-10-16,490.0,0.98,6358,15,38.9654541015625,86,347.1499938964844,🚬菸屁股,HOLD,1
GOOGL,2026-10-16,500.0,0.85,3588,15,41.272559936523436,86,347.1499938964844,🚬菸屁股,HOLD,1
GOOGL,2026-10-16,540.0,0.5,6367,15,44.73932214355468,86,347.1499938964844,🚬菸屁股,HOLD,1
F,2027-01-15,25.0,0.09,18838,15,47.6567734375,177,14.270000457763672,🚬菸屁股,HOLD,1
TSLA,2026-09-18,800.0,0.25,8724,14,71.24052197265625,58,378.92999267578125,🚬菸屁股,HOLD,1
SMCI,2026-12-18,60.0,0.92,12675,14,97.26565234374999,149,25.5,🚬菸屁股,HOLD,1
HOOD,2026-08-21,175.0,0.25,1413,14,83.1056376953125,30,106.36000061035156,🚬菸屁股,HOLD,1
OPEN,2026-08-21,9.0,0.03,9118,14,134.37532812499998,30,4.480000019073486,🚬菸屁股,HOLD,1
NTLA,2027-01-15,25.0,0.53,1947,14,88.18371191406248,177,11.470000267028809,🚬菸屁股,HOLD,1
HIMS,2028-01-21,50.0,10.24,1923,14,93.31061376953124,548,32.72999954223633,🔭LEAPS,HOLD,1
ONDS,2026-09-18,21.0,0.03,2366,14,146.875265625,58,7.659999847412109,🚬菸屁股,HOLD,1
LUNR,2028-01-21,65.0,3.05,780,14,118.62833654785155,548,14.640000343322754,🔭LEAPS,HOLD,1
SMR,2027-01-15,22.0,0.54,2969,14,109.375453125,177,8.710000038146973,🚬菸屁股,HOLD,1
T,2026-09-18,40.0,0.02,1195,14,58.5941640625,58,22.260000228881836,🚬菸屁股,HOLD,1
NKE,2026-09-18,75.0,0.04,3023,14,62.500375000000005,58,42.959999084472656,🚬菸屁股,HOLD,1
NKE,2026-09-18,80.0,0.03,13820,14,60.15664843750002,58,42.959999084472656,🚬菸屁股,HOLD,1
F,2027-01-15,17.0,0.7,1800,14,39.942006835937505,177,14.270000457763672,🚬菸屁股,HOLD,1
IBIT,2028-06-16,40.0,10.43,6084,13,55.27998822021485,695,37.66999816894531,🔭LEAPS,HOLD,1
SMCI,2026-12-18,66.0,0.77,1533,13,97.460962890625,149,25.5,🚬菸屁股,HOLD,1
ASTS,2026-09-18,180.0,0.5,8943,13,127.14880175781246,58,63.34000015258789,🚬菸屁股,HOLD,1
IONQ,2028-01-21,60.0,11.28,3401,13,100.30567425537109,548,35.5099983215332,🔭LEAPS,HOLD,1
IONQ,2028-01-21,75.0,8.6,801,13,98.7304814453125,548,35.5099983215332,🔭LEAPS,HOLD,1
SOFI,2028-01-21,37.0,2.19,8105,13,69.92217578125,548,17.639999389648438,🔭LEAPS,HOLD,1
IREN,2026-08-21,90.0,0.11,3444,13,125.39099804687498,30,41.290000915527344,🚬菸屁股,HOLD,1
OPEN,2028-01-21,12.0,1.03,3987,13,100.68409033203123,548,4.480000019073486,🔭LEAPS,HOLD,1
NTLA,2027-01-15,42.0,0.24,908,13,93.7500625,177,11.470000267028809,🚬菸屁股,HOLD,1
NTLA,2028-01-21,7.5,7.0,904,13,124.07264526367183,548,11.470000267028809,🔭LEAPS,HOLD,1
ONDS,2026-09-18,27.0,0.03,860,13,132.81283593749998,58,7.659999847412109,🚬菸屁股,HOLD,1
IBM,2026-08-21,305.0,0.25,819,13,61.23085644531252,30,210.5,🚬菸屁股,HOLD,1
IBM,2026-09-18,310.0,0.8,1257,13,55.00533276367189,58,210.5,🚬菸屁股,HOLD,1
CTSH,2026-12-18,85.0,0.25,5153,13,60.10782080078126,149,43.630001068115234,🚬菸屁股,HOLD,1
ORCL,2026-08-21,410.0,0.01,840,13,130.46909765624997,30,127.05000305175781,🚬菸屁股,HOLD,1
ORCL,2027-01-15,360.0,0.91,1149,13,77.49045947265626,177,127.05000305175781,🚬菸屁股,HOLD,1
NKE,2027-01-15,65.0,0.66,9955,13,45.16656396484375,177,42.959999084472656,🚬菸屁股,HOLD,1
NKE,2027-01-15,80.0,0.25,14449,13,48.48684326171875,177,42.959999084472656,🚬菸屁股,HOLD,1
NKE,2028-01-21,52.5,5.55,1194,13,42.725182128906255,548,42.959999084472656,🔭LEAPS,HOLD,1
NVDA,2026-09-18,290.0,0.4,7288,12,42.33456103515625,58,207.2899932861328,🚬菸屁股,HOLD,1
SMCI,2026-08-21,48.0,0.17,1460,12,123.43788281249999,30,25.5,🚬菸屁股,HOLD,1
OKLO,2026-08-21,85.0,0.16,1320,12,109.76607617187501,30,44.130001068115234,🚬菸屁股,HOLD,1
OKLO,2026-10-16,100.0,0.77,2575,12,102.7836892089844,86,44.130001068115234,🚬菸屁股,HOLD,1
DKNG,2026-11-20,35.0,0.72,1034,12,59.375406250000005,121,23.850000381469727,🚬菸屁股,HOLD,1
DKNG,2026-12-18,50.0,0.16,1405,12,64.25816992187501,149,23.850000381469727,🚬菸屁股,HOLD,1
U,2028-01-21,75.0,2.95,5059,12,73.79176599121094,548,29.8700008392334,🔭LEAPS,HOLD,1
PATH,2028-01-21,37.0,1.1,4459,12,78.17404638671876,548,12.039999961853027,🔭LEAPS,HOLD,1
HOOD,2026-08-21,185.0,0.15,6111,12,85.937640625,30,106.36000061035156,🚬菸屁股,HOLD,1
HOOD,2026-12-18,290.0,0.88,3272,12,78.32052929687501,149,106.36000061035156,🚬菸屁股,HOLD,1
JOBY,2028-01-21,32.0,0.81,9122,12,92.2852333984375,548,7.659999847412109,🔭LEAPS,HOLD,1
SMR,2027-01-15,80.0,0.07,9961,12,136.71906640625,177,8.710000038146973,🚬菸屁股,HOLD,1
ACN,2026-08-21,180.0,0.75,1746,12,52.85691674804689,30,140.86000061035156,🚬菸屁股,HOLD,1
KR,2026-09-18,105.0,0.09,754,12,90.82040429687498,58,57.779998779296875,🚬菸屁股,HOLD,1
GOOGL,2026-08-21,445.0,0.46,814,12,43.6529072265625,30,347.1499938964844,🚬菸屁股,HOLD,1
GOOGL,2026-08-21,470.0,0.24,4490,12,45.9966337890625,30,347.1499938964844,🚬菸屁股,HOLD,1
GEMI,2026-10-16,5.0,0.9,1212,12,112.30512597656251,86,4.769999980926514,🚬菸屁股,HOLD,1
AAPL,2026-09-18,530.0,0.02,9253,11,41.992767578125,58,327.739990234375,🚬菸屁股,HOLD,1
SMCI,2026-08-21,65.0,0.06,4957,11,142.96903515625,30,25.5,🚬菸屁股,HOLD,1
SMCI,2026-09-18,80.0,0.08,2436,11,130.85972070312496,58,25.5,🚬菸屁股,HOLD,1
OKLO,2026-08-21,110.0,0.08,1197,11,138.28155859374996,30,44.130001068115234,🚬菸屁股,HOLD,1
ASTS,2026-08-21,180.0,0.12,3178,11,148.4377578125,30,63.34000015258789,🚬菸屁股,HOLD,1
U,2026-08-21,45.0,0.28,1092,11,92.57819921875,30,29.8700008392334,🚬菸屁股,HOLD,1
CRSP,2026-08-21,65.0,0.44,828,11,66.30893066406252,30,48.150001525878906,🚬菸屁股,HOLD,1
NTLA,2027-01-15,30.0,0.3,1073,11,83.8868798828125,177,11.470000267028809,🚬菸屁股,HOLD,1
KTOS,2026-08-21,100.0,0.05,1371,11,101.172369140625,30,48.209999084472656,🚬菸屁股,HOLD,1
ONDS,2026-09-18,25.0,0.03,11324,11,132.81283593749998,58,7.659999847412109,🚬菸屁股,HOLD,1
SMR,2028-01-21,50.0,1.12,1268,11,109.66842041015626,548,8.710000038146973,🔭LEAPS,HOLD,1
PEP,2026-10-16,165.0,0.44,1100,11,28.882547119140618,86,135.0,🚬菸屁股,HOLD,1
ORCL,2028-01-21,380.0,8.47,12500,11,71.56095333862305,548,127.05000305175781,🔭LEAPS,HOLD,1
KR,2026-09-18,65.0,0.75,1039,11,32.813171874999995,58,57.779998779296875,🚬菸屁股,HOLD,1
NKE,2026-09-18,77.5,0.03,1347,11,62.69568554687501,58,42.959999084472656,🚬菸屁股,HOLD,1
TSCO,2028-01-21,30.0,6.99,803,11,48.48684326171875,548,29.639999389648438,🔭LEAPS,HOLD,1
GIS,2027-01-15,55.0,0.33,1283,11,38.67248828125,177,37.150001525878906,🚬菸屁股,HOLD,1
META,2026-09-18,1100.0,0.46,950,11,53.73581420898439,58,643.8099975585938,🚬菸屁股,HOLD,1
AMZN,2026-10-16,380.0,0.31,5417,11,40.18614501953125,86,247.5500030517578,🚬菸屁股,HOLD,1
GOOGL,2026-09-18,475.0,0.7,2241,11,40.5279384765625,58,347.1499938964844,🚬菸屁股,HOLD,1
CRM,2027-01-15,350.0,0.93,1350,11,51.88036401367187,177,170.05999755859375,🚬菸屁股,HOLD,1
CRM,2028-01-21,350.0,8.8,794,11,50.037120727539076,548,170.05999755859375,🔭LEAPS,HOLD,1
NVDA,2028-01-21,310.0,19.03,9894,10,45.97221997070313,548,207.2899932861328,🔭LEAPS,HOLD,1
IBIT,2026-08-21,100.0,0.01,5981,10,106.25046875000001,30,37.66999816894531,🚬菸屁股,HOLD,1
IBIT,2026-09-18,54.0,0.08,5248,10,47.26615234375,58,37.66999816894531,🚬菸屁股,HOLD,1
SMCI,2026-11-20,65.0,0.52,10004,10,98.63282617187501,121,25.5,🚬菸屁股,HOLD,1
SMCI,2027-01-15,66.0,0.91,766,10,95.21489160156248,177,25.5,🚬菸屁股,HOLD,1
SMCI,2028-01-21,100.0,3.0,3731,10,93.79889013671875,548,25.5,🔭LEAPS,HOLD,1
OKLO,2026-09-18,85.0,0.61,988,10,103.07665649414064,58,44.130001068115234,🚬菸屁股,HOLD,1
OKLO,2028-01-21,145.0,8.57,1536,10,99.804689453125,548,44.130001068115234,🔭LEAPS,HOLD,1
IONQ,2026-08-21,90.0,0.05,788,10,138.28155859374996,30,35.5099983215332,🚬菸屁股,HOLD,1
IONQ,2026-09-18,120.0,0.26,1541,10,140.0393623046875,58,35.5099983215332,🚬菸屁股,HOLD,1
UPST,2028-01-21,42.5,10.15,2072,10,88.64757446289062,548,29.270000457763672,🔭LEAPS,HOLD,1
SOFI,2028-01-21,27.0,3.45,4557,10,69.80010668945313,548,17.639999389648438,🔭LEAPS,HOLD,1
DKNG,2026-08-21,32.5,0.12,9116,10,67.38313867187502,30,23.850000381469727,🚬菸屁股,HOLD,1
PATH,2027-01-15,37.0,0.16,2654,10,82.81267187499999,177,12.039999961853027,🚬菸屁股,HOLD,1
TDOC,2027-01-15,17.5,0.45,2483,10,75.2932158203125,177,9.710000038146973,🚬菸屁股,HOLD,1
TDOC,2027-01-15,20.0,0.3,20086,10,77.53928710937501,177,9.710000038146973,🚬菸屁股,HOLD,1
TDOC,2028-01-21,3.0,6.34,2332,10,111.03560107421875,548,9.710000038146973,🔭LEAPS,HOLD,1
OPEN,2026-09-18,12.0,0.05,1216,10,136.71906640625,58,4.480000019073486,🚬菸屁股,HOLD,1
OPEN,2026-11-20,8.0,0.31,1713,10,108.00827246093752,121,4.480000019073486,🚬菸屁股,HOLD,1
NTLA,2028-01-21,42.0,2.2,5950,10,100.3667091064453,548,11.470000267028809,🔭LEAPS,HOLD,1
PACB,2026-12-18,2.0,0.19,1229,10,137.89093554687497,149,1.399999976158142,🚬菸屁股,HOLD,1
PACB,2027-01-15,1.5,0.39,9043,10,100.39112304687498,177,1.399999976158142,🚬菸屁股,HOLD,1
LUNR,2026-12-18,40.0,0.78,1466,10,120.85000512695312,149,14.640000343322754,🚬菸屁股,HOLD,1
ORCL,2026-09-18,360.0,0.22,1103,10,105.2739111328125,58,127.05000305175781,🚬菸屁股,HOLD,1
ORCL,2026-09-18,400.0,0.14,4209,10,111.9145029296875,58,127.05000305175781,🚬菸屁股,HOLD,1
ORCL,2026-12-18,510.0,0.33,10780,10,89.3555751953125,149,127.05000305175781,🚬菸屁股,HOLD,1
ORCL,2027-01-15,420.0,0.8,1009,10,80.5666005859375,177,127.05000305175781,🚬菸屁股,HOLD,1
ORCL,2027-01-15,470.0,0.52,910,10,84.71694970703125,177,127.05000305175781,🚬菸屁股,HOLD,1
CMCSA,2028-01-21,32.5,2.0,4139,10,37.036762451171874,548,23.809999465942383,🔭LEAPS,HOLD,1
VZ,2026-12-18,55.0,0.28,5321,10,26.709717285156252,149,43.779998779296875,🚬菸屁股,HOLD,1
VZ,2028-01-21,35.0,9.8,2266,10,24.268335449218746,548,43.779998779296875,🔭LEAPS,HOLD,1
KDP,2027-01-15,35.0,0.93,1710,10,32.471378417968744,177,30.209999084472656,🚬菸屁股,HOLD,1
GIS,2028-01-21,50.0,2.22,1912,10,34.058276611328125,548,37.150001525878906,🔭LEAPS,HOLD,1
META,2026-09-18,1090.0,0.63,1855,10,53.613745117187506,58,643.8099975585938,🚬菸屁股,HOLD,1
GOOGL,2026-08-21,535.0,0.06,2540,10,52.539537109375004,30,347.1499938964844,🚬菸屁股,HOLD,1
GOOGL,2026-08-21,600.0,0.07,10549,10,66.21127539062502,30,347.1499938964844,🚬菸屁股,HOLD,1
F,2026-09-18,21.0,0.03,10632,10,50.39112109375,58,14.270000457763672,🚬菸屁股,HOLD,1
F,2028-01-21,25.0,0.71,14982,10,42.57869921875,548,14.270000457763672,🔭LEAPS,HOLD,1
CRM,2028-01-21,390.0,6.41,3784,10,51.8559501953125,548,170.05999755859375,🔭LEAPS,HOLD,1
BAC,2027-01-15,80.0,0.3,2205,10,25.24488818359375,177,61.220001220703125,🚬菸屁股,HOLD,1
NVDA,2028-01-21,360.0,12.8,7189,9,45.57854714965821,548,207.2899932861328,🔭LEAPS,HOLD,1
IBIT,2026-12-18,70.0,0.19,5147,9,50.7817421875,149,37.66999816894531,🚬菸屁股,HOLD,1
SMCI,2027-01-15,85.0,0.52,3404,9,99.31641308593751,177,25.5,🚬菸屁股,HOLD,1
RKLB,2026-08-21,210.0,0.04,988,9,133.59408203124997,30,69.12000274658203,🚬菸屁股,HOLD,1
SOFI,2026-09-18,29.0,0.1,876,9,70.312796875,58,17.639999389648438,🚬菸屁股,HOLD,1
SOFI,2028-06-16,35.0,3.25,8966,9,71.63114306640624,695,17.639999389648438,🔭LEAPS,HOLD,1
SOFI,2028-06-16,37.0,3.02,4563,9,71.82645361328125,695,17.639999389648438,🔭LEAPS,HOLD,1
IREN,2026-09-18,110.0,0.38,3189,9,129.6878515625,58,41.290000915527344,🚬菸屁股,HOLD,1
TDOC,2026-08-21,10.0,0.66,4214,9,75.97680273437501,30,9.710000038146973,🚬菸屁股,HOLD,1
ZM,2026-09-18,125.0,0.67,4634,9,52.393054199218746,58,89.7699966430664,🚬菸屁股,HOLD,1
KTOS,2026-08-21,85.0,0.1,6632,9,95.507857421875,30,48.209999084472656,🚬菸屁股,HOLD,1
LUNR,2028-01-21,10.0,9.1,886,9,112.93988842773439,548,14.640000343322754,🔭LEAPS,HOLD,1
JOBY,2026-11-20,17.0,0.19,1022,9,85.937640625,121,7.659999847412109,🚬菸屁股,HOLD,1
ACHR,2028-01-21,22.0,0.75,1159,9,99.41406835937501,548,5.28000020980835,🔭LEAPS,HOLD,1
SMR,2028-01-21,40.0,1.45,1045,9,110.5961501464844,548,8.710000038146973,🔭LEAPS,HOLD,1
CRWV,2026-09-18,200.0,0.33,5278,9,106.73874755859379,58,79.58000183105469,🚬菸屁股,HOLD,1
CRWV,2026-10-16,200.0,0.67,1096,9,101.41650854492185,86,79.58000183105469,🚬菸屁股,HOLD,1
CPRT,2026-08-21,35.0,0.03,1037,9,52.14891601562499,30,27.170000076293945,🚬菸屁股,HOLD,1
CPRT,2026-12-18,45.0,0.1,1477,9,48.828636718750005,149,27.170000076293945,🚬菸屁股,HOLD,1
CPRT,2027-01-15,35.0,0.83,862,9,39.014281738281255,177,27.170000076293945,🚬菸屁股,HOLD,1
ORCL,2027-01-15,500.0,0.53,6295,9,87.57336645507812,177,127.05000305175781,🚬菸屁股,HOLD,1
VZ,2028-01-21,55.0,1.58,3680,9,26.01392346191406,548,43.779998779296875,🔭LEAPS,HOLD,1
KDP,2026-08-21,35.0,0.1,2026,9,37.11000390625,30,30.209999084472656,🚬菸屁股,HOLD,1
GIS,2026-10-16,42.5,0.73,1138,9,33.32586206054688,86,37.150001525878906,🚬菸屁股,HOLD,1
KO,2028-01-21,100.0,3.1,2217,9,23.120885986328126,548,81.97000122070312,🔭LEAPS,HOLD,1
F,2028-01-21,20.0,1.23,3152,9,41.87069848632812,548,14.270000457763672,🔭LEAPS,HOLD,1
BA,2026-08-21,290.0,0.03,1261,9,49.219257812500004,30,204.8000030517578,🚬菸屁股,HOLD,1
TSLA,2028-01-21,800.0,23.64,6993,8,54.9076774902344,548,378.92999267578125,🔭LEAPS,HOLD,1
GOOG,2026-09-18,460.0,0.95,8861,8,39.72228247070312,58,346.19000244140625,🚬菸屁股,HOLD,1
SMCI,2026-08-21,60.0,0.07,7377,8,132.81283593749998,30,25.5,🚬菸屁股,HOLD,1
SMCI,2026-09-18,39.0,0.93,1471,8,100.73291821289061,58,25.5,🚬菸屁股,HOLD,1
SMCI,2026-12-18,106.0,0.54,2324,8,115.4301103515625,149,25.5,🚬菸屁股,HOLD,1
SMCI,2027-01-15,70.0,0.86,8097,8,97.90041162109377,177,25.5,🚬菸屁股,HOLD,1
OKLO,2026-09-18,105.0,0.3,994,8,103.51610742187502,58,44.130001068115234,🚬菸屁股,HOLD,1
OKLO,2027-01-15,200.0,0.72,3850,8,115.33245458984376,177,44.130001068115234,🚬菸屁股,HOLD,1
ASTS,2026-09-18,150.0,0.77,12946,8,120.01993115234374,58,63.34000015258789,🚬菸屁股,HOLD,1
UPST,2026-09-18,50.0,0.39,2155,8,87.500125,58,29.270000457763672,🚬菸屁股,HOLD,1
UPST,2027-01-15,70.0,0.89,1632,8,85.25405371093751,177,29.270000457763672,🚬菸屁股,HOLD,1
SOFI,2026-11-20,28.0,0.48,1608,8,66.16244775390626,121,17.639999389648438,🚬菸屁股,HOLD,1
DKNG,2026-08-21,37.5,0.04,6519,8,69.5315546875,30,23.850000381469727,🚬菸屁股,HOLD,1
DKNG,2026-08-21,40.0,0.02,1102,8,73.437765625,30,23.850000381469727,🚬菸屁股,HOLD,1
U,2027-01-15,60.0,0.89,5773,8,75.586181640625,177,29.8700008392334,🚬菸屁股,HOLD,1
PATH,2027-01-15,25.0,0.46,13030,8,80.1759794921875,177,12.039999961853027,🚬菸屁股,HOLD,1
PATH,2028-01-21,17.0,3.1,2887,8,79.883013671875,548,12.039999961853027,🔭LEAPS,HOLD,1
HOOD,2026-08-21,200.0,0.12,2032,8,91.4063359375,30,106.36000061035156,🚬菸屁股,HOLD,1
HIMS,2026-08-21,49.0,0.71,2170,8,113.37933935546877,30,32.72999954223633,🚬菸屁股,HOLD,1
LUNR,2028-01-21,35.0,4.85,768,8,116.26018432617187,548,14.640000343322754,🔭LEAPS,HOLD,1
JOBY,2027-01-15,27.0,0.13,1492,8,99.023447265625,177,7.659999847412109,🚬菸屁股,HOLD,1
T,2026-08-21,28.0,0.02,6188,8,40.23497265625,30,22.260000228881836,🚬菸屁股,HOLD,1
ORCL,2026-10-16,270.0,0.74,1743,8,80.37129003906249,86,127.05000305175781,🚬菸屁股,HOLD,1
NKE,2026-11-20,60.0,0.55,3678,8,44.0435283203125,121,42.959999084472656,🚬菸屁股,HOLD,1
CMCSA,2026-10-16,29.0,0.32,2390,8,40.1373173828125,86,23.809999465942383,🚬菸屁股,HOLD,1
CMCSA,2027-01-15,35.0,0.24,12607,8,45.45952978515625,177,23.809999465942383,🚬菸屁股,HOLD,1
CMCSA,2028-01-21,27.5,2.9,8263,8,37.08559008789062,548,23.809999465942383,🔭LEAPS,HOLD,1
PFE,2028-01-21,32.0,0.86,10576,8,24.341576904296875,548,24.940000534057617,🔭LEAPS,HOLD,1
ZTS,2026-09-18,105.0,0.35,1710,8,50.43994873046876,58,75.3499984741211,🚬菸屁股,HOLD,1
VZ,2026-09-18,60.0,0.04,3653,8,37.11000390625,58,43.779998779296875,🚬菸屁股,HOLD,1
VZ,2028-01-21,42.0,5.52,1929,8,24.17068017578125,548,43.779998779296875,🔭LEAPS,HOLD,1
AMZN,2026-10-16,350.0,0.7,1160,8,39.13635083007812,86,247.5500030517578,🚬菸屁股,HOLD,1
CRM,2026-08-21,260.0,0.07,1047,8,56.836369140624996,30,170.05999755859375,🚬菸屁股,HOLD,1
CRM,2027-01-15,400.0,0.4,2790,8,53.10105493164063,177,170.05999755859375,🚬菸屁股,HOLD,1
TSLA,2026-09-18,700.0,0.45,6366,7,64.7464462890625,58,378.92999267578125,🚬菸屁股,HOLD,1
TSLA,2028-01-21,900.0,18.49,6841,7,55.589738540649435,548,378.92999267578125,🔭LEAPS,HOLD,1
IBIT,2026-10-16,70.0,0.07,7254,7,58.39885351562499,86,37.66999816894531,🚬菸屁股,HOLD,1
IBIT,2026-12-18,75.0,0.15,13083,7,53.613745117187506,149,37.66999816894531,🚬菸屁股,HOLD,1
IBIT,2028-01-21,75.0,2.01,5317,7,49.70753417968751,548,37.66999816894531,🔭LEAPS,HOLD,1
PLTR,2026-09-18,410.0,0.04,7292,7,96.0937890625,58,132.66000366210938,🚬菸屁股,HOLD,1
SMCI,2026-09-18,41.0,0.74,3695,7,99.60937890625,58,25.5,🚬菸屁股,HOLD,1
SMCI,2026-09-18,90.0,0.05,2940,7,131.64096679687498,58,25.5,🚬菸屁股,HOLD,1
SMCI,2026-12-18,68.0,0.59,4207,7,98.242205078125,149,25.5,🚬菸屁股,HOLD,1
RKLB,2028-01-21,185.0,11.96,1990,7,92.94440649414062,548,69.12000274658203,🔭LEAPS,HOLD,1
IONQ,2026-08-21,75.0,0.12,1575,7,115.625421875,30,35.5099983215332,🚬菸屁股,HOLD,1
SOFI,2026-11-20,27.0,0.56,1862,7,66.01596484375001,121,17.639999389648438,🚬菸屁股,HOLD,1
DKNG,2026-12-18,35.0,0.93,2901,7,58.64299169921875,149,23.850000381469727,🚬菸屁股,HOLD,1
DKNG,2027-01-15,50.0,0.25,14886,7,61.23085644531252,177,23.850000381469727,🚬菸屁股,HOLD,1
OPEN,2028-01-21,17.0,3.4,861,7,25.00075,548,4.480000019073486,🔭LEAPS,HOLD,1
NTLA,2026-09-18,17.0,0.28,1791,7,78.12521875,58,11.470000267028809,🚬菸屁股,HOLD,1
LUNR,2027-01-15,55.0,0.42,1965,7,119.922275390625,177,14.640000343322754,🚬菸屁股,HOLD,1
JOBY,2027-01-15,40.0,0.07,5023,7,109.375453125,177,7.659999847412109,🚬菸屁股,HOLD,1
ACHR,2027-01-15,22.0,0.11,7218,7,124.21912890624998,177,5.28000020980835,🚬菸屁股,HOLD,1
SMR,2026-08-21,19.0,0.01,10294,7,139.84405078125,30,8.710000038146973,🚬菸屁股,HOLD,1
CRWV,2026-08-21,175.0,0.12,1652,7,117.57853710937498,30,79.58000183105469,🚬菸屁股,HOLD,1
IBM,2026-09-18,400.0,0.1,3307,7,66.55306884765628,58,210.5,🚬菸屁股,HOLD,1
ORCL,2027-01-15,510.0,0.51,7118,7,85.937640625,177,127.05000305175781,🚬菸屁股,HOLD,1
NKE,2026-09-18,100.0,0.01,1461,7,71.87528125,58,42.959999084472656,🚬菸屁股,HOLD,1
CMCSA,2026-12-18,35.0,0.17,6683,7,46.48491015625,149,23.809999465942383,🚬菸屁股,HOLD,1
CMCSA,2028-01-21,25.0,3.69,1052,7,37.305314453125,548,23.809999465942383,🔭LEAPS,HOLD,1
F,2026-09-18,25.0,0.02,3750,7,66.40658593750001,58,14.270000457763672,🚬菸屁股,HOLD,1
BA,2026-09-18,285.0,0.25,793,7,43.457596679687505,58,204.8000030517578,🚬菸屁股,HOLD,1
BA,2028-01-21,370.0,7.5,946,7,40.60117993164062,548,204.8000030517578,🔭LEAPS,HOLD,1
RTX,2026-08-21,240.0,0.13,1980,7,35.44986425781249,30,193.6699981689453,🚬菸屁股,HOLD,1
TSLA,2028-01-21,940.0,16.95,5053,6,55.84760949707033,548,378.92999267578125,🔭LEAPS,HOLD,1
IBIT,2027-01-15,79.0,0.15,5845,6,52.6371923828125,177,37.66999816894531,🚬菸屁股,HOLD,1
VST,2026-10-16,250.0,0.95,1540,6,56.38471350097658,86,162.3300018310547,🚬菸屁股,HOLD,1
RKLB,2026-08-21,200.0,0.03,890,6,128.90660546875,30,69.12000274658203,🚬菸屁股,HOLD,1
RKLB,2028-01-21,195.0,11.87,1881,6,93.2617861328125,548,69.12000274658203,🔭LEAPS,HOLD,1
SOFI,2027-01-15,42.0,0.2,6496,6,71.7776259765625,177,17.639999389648438,🚬菸屁股,HOLD,1
U,2028-01-21,30.0,10.9,3141,6,77.44163183593751,548,29.8700008392334,🔭LEAPS,HOLD,1
U,2028-01-21,45.0,7.5,7278,6,75.85473364257813,548,29.8700008392334,🔭LEAPS,HOLD,1
U,2028-01-21,70.0,4.25,1509,6,75.69604382324219,548,29.8700008392334,🔭LEAPS,HOLD,1
PATH,2028-01-21,10.0,5.2,7338,6,82.37322314453124,548,12.039999961853027,🔭LEAPS,HOLD,1
OPEN,2028-01-21,3.0,2.26,1910,6,100.9770576171875,548,4.480000019073486,🔭LEAPS,HOLD,1
BEAM,2028-01-21,50.0,6.82,1963,6,85.02212243652343,548,27.290000915527344,🔭LEAPS,HOLD,1
JOBY,2026-08-21,16.0,0.02,1079,6,115.625421875,30,7.659999847412109,🚀點火(6.0x) 🚬菸屁股 ⚠️尾段價外(109%) ⚠️暴動高IV(116%),BUY_WATCH,1
ACN,2027-01-15,350.0,0.4,871,6,57.25140405273439,177,140.86000061035156,🚬菸屁股,HOLD,1
PEP,2027-01-15,185.0,0.4,834,6,32.617861328124995,177,135.0,🚬菸屁股,HOLD,1
NKE,2026-09-18,70.0,0.04,6885,6,52.734847656250004,58,42.959999084472656,🚬菸屁股,HOLD,1
NKE,2026-09-18,82.5,0.16,822,6,77.73459765625,58,42.959999084472656,🚬菸屁股,HOLD,1
NKE,2026-12-18,70.0,0.32,4207,6,46.19194433593751,149,42.959999084472656,🚬菸屁股,HOLD,1
NKE,2027-01-15,70.0,0.44,15999,6,46.92435888671875,177,42.959999084472656,🚬菸屁股,HOLD,1
NKE,2028-01-21,67.5,3.08,873,6,48.30373962402344,548,42.959999084472656,🔭LEAPS,HOLD,1
GIS,2027-01-15,50.0,0.47,2623,6,36.279934082031254,177,37.150001525878906,🚬菸屁股,HOLD,1
KO,2028-01-21,95.0,4.4,2204,6,23.7037658996582,548,81.97000122070312,🔭LEAPS,HOLD,1
AMZN,2026-08-21,335.0,0.2,7207,6,46.680220703125,30,247.5500030517578,🚬菸屁股,HOLD,1
AMZN,2026-08-21,380.0,0.08,10014,6,53.51608984375,30,247.5500030517578,🚬菸屁股,HOLD,1
AMZN,2026-09-18,340.0,0.47,2102,6,40.74766284179688,58,247.5500030517578,🚬菸屁股,HOLD,1
GOOGL,2026-08-21,580.0,0.16,3701,6,68.4573466796875,30,347.1499938964844,🚬菸屁股,HOLD,1
BA,2026-08-21,300.0,0.02,2165,6,51.17236328125,30,204.8000030517578,🚬菸屁股,HOLD,1
BA,2026-09-18,325.0,0.2,790,6,53.662572753906254,58,204.8000030517578,🚬菸屁股,HOLD,1
CRM,2026-08-21,300.0,0.06,1620,6,74.02369726562499,30,170.05999755859375,🚬菸屁股,HOLD,1
CRM,2026-08-21,340.0,0.13,755,6,90.62509374999999,30,170.05999755859375,🚬菸屁股,HOLD,1
CRM,2026-09-18,300.0,0.1,1764,6,55.859816406250005,58,170.05999755859375,🚬菸屁股,HOLD,1
GEMI,2028-01-21,5.0,2.3,976,6,111.03560107421875,548,4.769999980926514,🔭LEAPS,HOLD,1
NVDA,2028-01-21,195.0,52.7,6769,5,49.80824118041992,548,207.2899932861328,🔭LEAPS,HOLD,1
MSFT,2026-08-21,800.0,0.01,5878,5,77.929908203125,30,397.75,🚬菸屁股,HOLD,1
MSFT,2026-09-18,580.0,0.54,8993,5,46.82670361328125,58,397.75,🚬菸屁股,HOLD,1
MSTR,2026-09-18,280.0,0.26,5470,5,106.05515722656251,58,101.94999694824219,🚬菸屁股,HOLD,1
IBIT,2027-01-15,68.0,0.27,8198,5,48.7309814453125,177,37.66999816894531,🚬菸屁股,HOLD,1
SMCI,2026-12-18,74.0,0.48,2367,5,97.26565234374999,149,25.5,🚬菸屁股,HOLD,1
SMCI,2026-12-18,92.0,0.85,1360,5,101.95361523437501,149,25.5,🚬菸屁股,HOLD,1
SMCI,2027-01-15,105.0,0.4,11854,5,106.15281298828126,177,25.5,🚬菸屁股,HOLD,1
RKLB,2026-08-21,185.0,0.05,1277,5,127.34411328124997,30,69.12000274658203,🚀點火(5.0x) 🚬菸屁股 ⚠️尾段價外(168%) ⚠️暴動高IV(127%),BUY_WATCH,1
RKLB,2026-09-18,160.0,0.4,1023,5,104.19969775390628,58,69.12000274658203,🚬菸屁股,HOLD,1
IONQ,2026-11-20,120.0,0.41,2370,5,113.47699511718751,121,35.5099983215332,🚬菸屁股,HOLD,1
UPST,2027-01-15,65.0,0.98,766,5,83.4718449707031,177,29.270000457763672,🚬菸屁股,HOLD,1
UPST,2028-01-21,80.0,4.15,1082,5,85.07095007324219,548,29.270000457763672,🔭LEAPS,HOLD,1
UPST,2028-01-21,100.0,3.0,1325,5,86.0352958984375,548,29.270000457763672,🔭LEAPS,HOLD,1
SOFI,2027-01-15,37.0,0.36,3219,5,69.336244140625,177,17.639999389648438,🚬菸屁股,HOLD,1
SOFI,2028-06-16,40.0,2.7,9306,5,71.43583251953125,695,17.639999389648438,🔭LEAPS,HOLD,1
DKNG,2026-09-18,50.0,0.07,3136,5,86.32826171875,58,23.850000381469727,🚬菸屁股,HOLD,1
DKNG,2026-12-18,43.0,0.37,5437,5,65.23472265625001,149,23.850000381469727,🚬菸屁股,HOLD,1
DKNG,2026-12-18,65.0,0.04,1859,5,69.5315546875,149,23.850000381469727,🚬菸屁股,HOLD,1
DKNG,2026-12-18,70.0,0.14,6411,5,72.26590234375,149,23.850000381469727,🚬菸屁股,HOLD,1
DKNG,2028-01-21,60.0,1.3,4663,5,59.05802661132813,548,23.850000381469727,🔭LEAPS,HOLD,1
IREN,2026-08-21,105.0,0.07,933,5,132.81283593749998,30,41.290000915527344,🚬菸屁股,HOLD,1
IREN,2026-09-18,125.0,0.19,998,5,132.61752441406247,58,41.290000915527344,🚬菸屁股,HOLD,1
U,2026-08-21,38.0,0.81,3935,5,87.64660791015625,30,29.8700008392334,🚬菸屁股,HOLD,1
PATH,2027-01-15,35.0,0.17,1851,5,88.67198828125,177,12.039999961853027,🚬菸屁股,HOLD,1
PATH,2028-01-21,5.0,8.2,2635,5,83.98453515624999,548,12.039999961853027,🔭LEAPS,HOLD,1
HOOD,2028-01-21,260.0,11.81,1203,5,72.47036807250976,548,106.36000061035156,🔭LEAPS,HOLD,1
XYZ,2026-12-18,135.0,0.85,834,5,51.73388110351562,149,80.37999725341797,🚬菸屁股,HOLD,1
PACB,2027-01-15,2.0,0.23,5370,5,107.42233789062503,177,1.399999976158142,🚬菸屁股,HOLD,1
PACB,2027-01-15,3.0,0.15,2474,5,123.82850585937497,177,1.399999976158142,🚬菸屁股,HOLD,1
ONDS,2028-01-21,1.0,6.38,820,5,145.3127734375,548,7.659999847412109,🔭LEAPS,HOLD,1
JOBY,2028-01-21,17.0,1.62,2495,5,86.67005517578124,548,7.659999847412109,🔭LEAPS,HOLD,1
NNE,2026-10-16,40.0,0.25,1191,5,101.95361523437501,86,17.299999237060547,🚬菸屁股,HOLD,1
CRWV,2026-09-18,180.0,0.55,2923,5,105.85984570312502,58,79.58000183105469,🚬菸屁股,HOLD,1
IBM,2026-09-18,360.0,0.38,888,5,58.64299169921875,58,210.5,🚬菸屁股,HOLD,1
ACN,2026-09-18,280.0,0.1,945,5,67.18782812500001,58,140.86000061035156,🚬菸屁股,HOLD,1
CPRT,2026-09-18,47.5,0.05,860,5,63.67223828125,58,27.170000076293945,🚬菸屁股,HOLD,1
PEP,2026-08-21,165.0,0.13,1404,5,39.30724755859375,30,135.0,🚬菸屁股,HOLD,1
PEP,2026-10-16,170.0,0.3,1024,5,29.85909985351562,86,135.0,🚬菸屁股,HOLD,1
ORCL,2026-08-21,280.0,0.07,4446,5,100.0005,30,127.05000305175781,🚬菸屁股,HOLD,1
ORCL,2026-09-18,340.0,0.35,890,5,97.6562734375,58,127.05000305175781,🚬菸屁股,HOLD,1
ORCL,2026-12-18,360.0,0.85,3403,5,82.61736132812499,149,127.05000305175781,🚬菸屁股,HOLD,1
NKE,2026-12-18,67.5,0.38,1039,5,49.561051269531255,149,42.959999084472656,🚬菸屁股,HOLD,1
NKE,2026-12-18,90.0,0.2,3296,5,55.56685058593751,149,42.959999084472656,🚬菸屁股,HOLD,1
NKE,2026-12-18,120.0,0.09,1738,5,72.26590234375,149,42.959999084472656,🚬菸屁股,HOLD,1
CMCSA,2027-01-15,32.5,0.35,2315,5,39.014281738281255,177,23.809999465942383,🚬菸屁股,HOLD,1
TSCO,2026-09-18,75.0,0.06,1607,5,116.2113564453125,58,29.639999389648438,🚬菸屁股,HOLD,1
KDP,2027-01-15,55.0,0.05,1316,5,56.44574804687501,177,30.209999084472656,🚬菸屁股,HOLD,1
GIS,2026-09-18,45.0,0.2,4706,5,35.49869189453124,58,37.150001525878906,🚬菸屁股,HOLD,1
GIS,2026-09-18,47.5,0.08,1231,5,34.961587890625,58,37.150001525878906,🚬菸屁股,HOLD,1
GOOGL,2026-08-21,800.0,0.03,6404,5,88.2813671875,30,347.1499938964844,🚬菸屁股,HOLD,1
F,2026-08-21,20.0,0.02,7330,5,55.469195312500005,30,14.270000457763672,🚬菸屁股,HOLD,1
F,2026-12-18,14.82,0.4,6146,5,19.6297099609375,149,14.270000457763672,🚬菸屁股,HOLD,1
F,2026-12-18,16.82,0.3,8808,5,31.88544677734374,149,14.270000457763672,🚬菸屁股,HOLD,1
BA,2026-08-21,305.0,0.31,751,5,61.133201171875015,30,204.8000030517578,🚬菸屁股,HOLD,1
CRM,2026-12-18,430.0,0.01,2250,5,60.84023535156251,149,170.05999755859375,🚬菸屁股,HOLD,1
CRM,2027-01-15,550.0,0.12,5856,5,60.937890625000016,177,170.05999755859375,🚬菸屁股,HOLD,1
BAC,2026-08-21,70.0,0.03,3612,5,23.7312314453125,30,61.220001220703125,🚬菸屁股,HOLD,1
BAC,2028-01-21,70.0,5.45,2830,5,28.919167846679684,548,61.220001220703125,🔭LEAPS,HOLD,1
GEMI,2028-01-21,10.0,1.35,1107,5,108.0571003417969,548,4.769999980926514,🔭LEAPS,HOLD,1
IBIT,2026-09-18,90.0,0.02,10691,4,83.20329296874999,58,37.66999816894531,🚬菸屁股,HOLD,1
SMCI,2026-12-18,100.0,0.29,7309,4,104.98094384765626,149,25.5,🚬菸屁股,HOLD,1
SMCI,2026-12-18,110.0,0.21,2636,4,118.84806201171875,149,25.5,🚬菸屁股,HOLD,1
SMCI,2028-01-21,45.0,6.88,881,4,91.992267578125,548,25.5,🔭LEAPS,HOLD,1
RKLB,2026-08-21,170.0,0.07,1768,4,123.047259765625,30,69.12000274658203,🚬菸屁股,HOLD,1
IONQ,2026-09-18,100.0,0.11,2979,4,119.53165234375001,58,35.5099983215332,🚬菸屁股,HOLD,1
UPST,2026-09-18,42.5,0.9,1260,4,85.30288134765625,58,29.270000457763672,🚬菸屁股,HOLD,1
UPST,2026-09-18,45.0,0.67,3593,4,85.59584716796876,58,29.270000457763672,🚬菸屁股,HOLD,1
UPST,2026-09-18,47.5,0.46,952,4,86.27943408203124,58,29.270000457763672,🚬菸屁股,HOLD,1
DKNG,2028-01-21,25.0,7.01,3730,4,65.57651611328126,548,23.850000381469727,🔭LEAPS,HOLD,1
DKNG,2028-01-21,35.0,4.1,1095,4,59.03361279296876,548,23.850000381469727,🔭LEAPS,HOLD,1
DKNG,2028-01-21,37.5,3.9,19808,4,58.22795678710937,548,23.850000381469727,🔭LEAPS,HOLD,1
IREN,2026-09-18,120.0,0.28,860,4,128.7112939453125,58,41.290000915527344,🚬菸屁股,HOLD,1
U,2028-01-21,40.0,7.75,1285,4,76.03783728027345,548,29.8700008392334,🔭LEAPS,HOLD,1
U,2028-01-21,60.0,5.11,976,4,75.54956091308594,548,29.8700008392334,🔭LEAPS,HOLD,1
TDOC,2028-01-21,15.0,1.85,902,4,71.19169433593751,548,9.710000038146973,🔭LEAPS,HOLD,1
ZM,2026-08-21,110.0,0.94,1972,4,54.05319384765627,30,89.7699966430664,🚬菸屁股,HOLD,1
XYZ,2027-01-15,140.0,0.9,1324,4,50.75732836914062,177,80.37999725341797,🚬菸屁股,HOLD,1
OPEN,2026-10-16,4.0,0.93,950,4,96.289099609375,86,4.480000019073486,🚬菸屁股,HOLD,1
CRSP,2027-01-15,100.0,0.89,860,4,67.09017285156251,177,48.150001525878906,🚬菸屁股,HOLD,1
PACB,2028-01-21,1.5,0.75,5603,4,123.43788281249999,548,1.399999976158142,🔭LEAPS,HOLD,1
HIMS,2026-12-18,105.0,0.83,1648,4,111.57270776367186,149,32.72999954223633,🚬菸屁股,HOLD,1
LUNR,2026-09-18,42.0,0.1,4422,4,128.51598242187498,58,14.640000343322754,🚬菸屁股,HOLD,1
LUNR,2026-09-18,55.0,0.05,1920,4,139.06280468749998,58,14.640000343322754,🚬菸屁股,HOLD,1
LUNR,2028-01-21,40.0,4.2,3580,4,118.35978320312499,548,14.640000343322754,🔭LEAPS,HOLD,1
JOBY,2026-10-16,11.0,0.42,1212,4,83.007982421875,86,7.659999847412109,🚬菸屁股,HOLD,1
JOBY,2026-11-20,11.0,0.65,790,4,87.500125,121,7.659999847412109,🚬菸屁股,HOLD,1
JOBY,2027-01-15,22.0,0.19,6244,4,99.41406835937501,177,7.659999847412109,🚬菸屁股,HOLD,1
ACHR,2026-10-16,11.0,0.14,3918,4,102.34423828125001,86,5.28000020980835,🚬菸屁股,HOLD,1
NNE,2027-01-15,42.0,0.8,849,4,98.09572216796876,177,17.299999237060547,🚬菸屁股,HOLD,1
CRWV,2026-09-18,280.0,0.11,5040,4,118.35978320312499,58,79.58000183105469,🚬菸屁股,HOLD,1
IBM,2026-09-18,470.0,0.06,1886,4,68.7503125,58,210.5,🚬菸屁股,HOLD,1
T,2026-12-18,35.0,0.03,1591,4,38.3795224609375,149,22.260000228881836,🚬菸屁股,HOLD,1
CPRT,2028-01-21,50.0,0.95,988,4,41.06504248046875,548,27.170000076293945,🔭LEAPS,HOLD,1
PEP,2026-09-18,175.0,0.15,3678,4,36.2311064453125,58,135.0,🚬菸屁股,HOLD,1
ORCL,2026-08-21,360.0,0.04,1098,4,119.53165234375001,30,127.05000305175781,🚬菸屁股,HOLD,1
ORCL,2026-12-18,400.0,0.57,1104,4,81.56756713867188,149,127.05000305175781,🚬菸屁股,HOLD,1
NKE,2026-08-21,65.0,0.01,3295,4,54.68795312500001,30,42.959999084472656,🚬菸屁股,HOLD,1
NKE,2026-09-18,67.5,0.05,3046,4,57.51995605468749,58,42.959999084472656,🚬菸屁股,HOLD,1
NKE,2027-01-15,62.5,0.8,2392,4,44.727115234375,177,42.959999084472656,🚬菸屁股,HOLD,1
NKE,2028-01-21,75.0,2.3,3095,4,44.446356323242185,548,42.959999084472656,🔭LEAPS,HOLD,1
NKE,2028-06-16,70.0,3.25,1600,4,42.15145739746094,695,42.959999084472656,🔭LEAPS,HOLD,1
CMCSA,2026-09-18,37.5,0.1,6895,4,53.12546875,58,23.809999465942383,🚬菸屁股,HOLD,1
CMCSA,2026-12-18,27.5,0.93,5209,4,38.574833007812494,149,23.809999465942383,🚬菸屁股,HOLD,1
CMCSA,2027-01-15,60.0,0.14,5896,4,62.793340820312515,177,23.809999465942383,🚬菸屁股,HOLD,1
PFE,2026-11-20,29.0,0.21,1701,4,22.9499892578125,121,24.940000534057617,🚬菸屁股,HOLD,1
TSCO,2027-01-15,46.0,0.67,1681,4,46.7778759765625,177,29.639999389648438,🚬菸屁股,HOLD,1
TSCO,2028-01-21,35.0,4.8,3714,4,46.64359997558594,548,29.639999389648438,🔭LEAPS,HOLD,1
AMZN,2026-10-16,360.0,0.5,838,4,39.624627197265625,86,247.5500030517578,🚬菸屁股,HOLD,1
GOOGL,2026-09-18,600.0,0.1,9000,4,51.465329101562496,58,347.1499938964844,🚬菸屁股,HOLD,1
F,2026-08-21,19.0,0.03,3449,4,50.0005,30,14.270000457763672,🚬菸屁股,HOLD,1
F,2027-01-15,20.0,0.3,11453,4,41.699801757812494,177,14.270000457763672,🚬菸屁股,HOLD,1
F,2028-01-21,22.0,0.94,1918,4,42.2857333984375,548,14.270000457763672,🔭LEAPS,HOLD,1
BA,2026-08-21,285.0,0.13,2466,4,47.6567734375,30,204.8000030517578,🚬菸屁股,HOLD,1
BA,2026-09-18,290.0,0.2,1334,4,44.65387377929687,58,204.8000030517578,🚬菸屁股,HOLD,1
BAC,2028-01-21,60.0,9.65,9394,4,31.262894409179687,548,61.220001220703125,🔭LEAPS,HOLD,1
IBIT,2027-01-15,52.0,0.96,5277,3,43.115803222656254,177,37.66999816894531,🚬菸屁股,HOLD,1
IBIT,2027-01-15,56.0,0.66,5267,3,44.0435283203125,177,37.66999816894531,🚬菸屁股,HOLD,1
SMCI,2028-01-21,60.0,5.2,6490,3,90.429783203125,548,25.5,🔭LEAPS,HOLD,1
OKLO,2027-01-15,260.0,0.45,5354,3,116.50432373046877,177,44.130001068115234,🚬菸屁股,HOLD,1
OKLO,2028-01-21,120.0,9.2,808,3,100.52539971923828,548,44.130001068115234,🔭LEAPS,HOLD,1
OKLO,2028-01-21,250.0,5.0,5541,3,106.37253845214846,548,44.130001068115234,🔭LEAPS,HOLD,1
IONQ,2026-09-18,85.0,0.32,1367,3,114.0629296875,58,35.5099983215332,🚬菸屁股,HOLD,1
IONQ,2028-01-21,90.0,8.0,1976,3,100.94043670654298,548,35.5099983215332,🔭LEAPS,HOLD,1
UPST,2026-09-18,62.5,0.11,773,3,95.507857421875,58,29.270000457763672,🚬菸屁股,HOLD,1
UPST,2028-01-21,40.0,9.45,2365,3,88.19591882324218,548,29.270000457763672,🔭LEAPS,HOLD,1
SOFI,2028-06-16,32.0,3.62,12688,3,71.31376342773439,695,17.639999389648438,🔭LEAPS,HOLD,1
DKNG,2027-01-15,40.0,0.65,10821,3,60.30313134765627,177,23.850000381469727,🚬菸屁股,HOLD,1
DKNG,2028-01-21,30.0,5.87,3312,3,62.866582275390634,548,23.850000381469727,🔭LEAPS,HOLD,1
U,2026-08-21,39.0,0.69,2924,3,86.7188828125,30,29.8700008392334,🚬菸屁股,HOLD,1
PATH,2026-08-21,25.0,0.02,833,3,103.12548437500001,30,12.039999961853027,🚬菸屁股,HOLD,1
HOOD,2026-08-21,170.0,0.37,955,3,87.10950390625,30,106.36000061035156,🚬菸屁股,HOLD,1
TDOC,2027-01-15,15.0,0.71,10675,3,72.3635576171875,177,9.710000038146973,🚬菸屁股,HOLD,1
ZM,2026-09-18,140.0,0.32,1008,3,55.37154003906251,58,89.7699966430664,🚬菸屁股,HOLD,1
OPEN,2028-01-21,1.0,3.56,2910,3,85.937640625,548,4.480000019073486,🔭LEAPS,HOLD,1
NTLA,2028-01-21,15.0,5.0,1931,3,100.78174609374999,548,11.470000267028809,🔭LEAPS,HOLD,1
HIMS,2026-12-18,100.0,0.96,2954,3,106.05515722656251,149,32.72999954223633,🚬菸屁股,HOLD,1
ONDS,2027-01-15,18.0,0.51,1354,3,105.66453417968751,177,7.659999847412109,🚬菸屁股,HOLD,1
ONDS,2027-01-15,22.0,0.38,2366,3,106.64109179687502,177,7.659999847412109,🚬菸屁股,HOLD,1
JOBY,2026-11-20,13.0,0.42,1523,3,87.30481445312499,121,7.659999847412109,🚬菸屁股,HOLD,1
SMR,2027-01-15,45.0,0.15,1485,3,122.07070214843749,177,8.710000038146973,🚬菸屁股,HOLD,1
SMR,2027-01-15,55.0,0.08,3422,3,125.39099804687498,177,8.710000038146973,🚬菸屁股,HOLD,1
NNE,2027-01-15,45.0,0.75,1476,3,100.29346728515624,177,17.299999237060547,🚬菸屁股,HOLD,1
CRWV,2026-08-21,170.0,0.16,877,3,116.60197949218751,30,79.58000183105469,🚬菸屁股,HOLD,1
CRWV,2026-08-21,200.0,0.07,1114,3,132.03158984375,30,79.58000183105469,🚬菸屁股,HOLD,1
IBM,2026-08-21,295.0,0.39,2569,3,57.08050732421876,30,210.5,🚬菸屁股,HOLD,1
IBM,2027-01-15,470.0,0.7,1268,3,55.79878186035157,177,210.5,🚬菸屁股,HOLD,1
T,2027-01-15,35.0,0.07,7926,3,37.11000390625,177,22.260000228881836,🚬菸屁股,HOLD,1
ACN,2026-09-18,210.0,0.5,921,3,54.394987304687504,58,140.86000061035156,🚬菸屁股,HOLD,1
ACN,2026-12-18,310.0,0.4,1060,3,57.0316796875,149,140.86000061035156,🚬菸屁股,HOLD,1
ACN,2027-01-15,280.0,0.85,789,3,51.807122558593754,177,140.86000061035156,🚬菸屁股,HOLD,1
ACN,2027-01-15,300.0,0.7,4810,3,54.61471166992189,177,140.86000061035156,🚬菸屁股,HOLD,1
PEP,2026-09-18,180.0,0.07,1436,3,44.067942138671874,58,135.0,🚬菸屁股,HOLD,1
ORCL,2026-08-21,320.0,0.14,1162,3,134.57063964843746,30,127.05000305175781,🚬菸屁股,HOLD,1
ORCL,2026-08-21,350.0,0.06,1125,3,114.84417578124999,30,127.05000305175781,🚀點火(3.0x) 🚬菸屁股 ⚠️尾段價外(175%) ⚠️暴動高IV(115%),BUY_WATCH,1
ORCL,2026-09-18,370.0,0.18,853,3,108.3988955078125,58,127.05000305175781,🚬菸屁股,HOLD,1
ORCL,2026-10-16,260.0,0.8,1093,3,76.46507910156251,86,127.05000305175781,🚬菸屁股,HOLD,1
ORCL,2028-01-21,320.0,11.38,1482,3,69.6688824157715,548,127.05000305175781,🔭LEAPS,HOLD,1
KR,2026-09-18,67.5,0.5,940,3,33.64324169921875,58,57.779998779296875,🚬菸屁股,HOLD,1
NKE,2027-01-15,90.0,0.14,3578,3,52.05126074218749,177,42.959999084472656,🚬菸屁股,HOLD,1
NKE,2027-01-15,125.0,0.06,2428,3,60.15664843750002,177,42.959999084472656,🚬菸屁股,HOLD,1
NKE,2027-01-15,130.0,0.05,12384,3,63.867548828124995,177,42.959999084472656,🚬菸屁股,HOLD,1
NKE,2028-01-21,40.0,10.2,3128,3,44.836977416992184,548,42.959999084472656,🔭LEAPS,HOLD,1
NKE,2028-01-21,55.0,5.0,3519,3,42.79842358398438,548,42.959999084472656,🔭LEAPS,HOLD,1
NKE,2028-01-21,95.0,0.94,990,3,43.73835559082031,548,42.959999084472656,🔭LEAPS,HOLD,1
NKE,2028-01-21,105.0,0.6,1366,3,43.35994140625,548,42.959999084472656,🔭LEAPS,HOLD,1
ZTS,2027-01-15,175.0,0.45,3780,3,59.4730615234375,177,75.3499984741211,🚬菸屁股,HOLD,1
TSCO,2026-09-18,45.0,0.05,1127,3,55.273884765625006,58,29.639999389648438,🚬菸屁股,HOLD,1
VZ,2026-12-18,65.0,0.07,2479,3,35.30338134765625,149,43.779998779296875,🚬菸屁股,HOLD,1
GIS,2028-01-21,30.0,10.04,964,3,35.938140624999996,548,37.150001525878906,🔭LEAPS,HOLD,1
V,2026-12-18,520.0,0.46,3201,3,29.822479125976553,149,355.82000732421875,🚬菸屁股,HOLD,1
AMZN,2026-09-18,370.0,0.11,6749,3,41.74862939453124,58,247.5500030517578,🚬菸屁股,HOLD,1
GOOGL,2026-09-18,800.0,0.18,11427,3,72.07059179687501,58,347.1499938964844,🚬菸屁股,HOLD,1
GOOGL,2026-12-18,600.0,0.85,810,3,41.16269775390625,149,347.1499938964844,🚬菸屁股,HOLD,1
F,2027-01-15,21.0,0.22,2067,3,42.774009765625,177,14.270000457763672,🚬菸屁股,HOLD,1
F,2027-01-15,22.0,0.16,1545,3,44.727115234375,177,14.270000457763672,🚬菸屁股,HOLD,1
BA,2028-01-21,330.0,10.25,1592,3,39.97557583618164,548,204.8000030517578,🔭LEAPS,HOLD,1
BAC,2028-01-21,80.0,2.82,1703,3,27.558097473144528,548,61.220001220703125,🔭LEAPS,HOLD,1
NVDA,2026-09-18,420.0,0.07,7512,2,61.52382226562501,58,207.2899932861328,🚬菸屁股,HOLD,1
NVDA,2028-01-21,185.0,57.5,9281,2,50.52844882202149,548,207.2899932861328,🔭LEAPS,HOLD,1
NVDA,2028-01-21,370.0,11.6,5288,2,45.75554733276368,548,207.2899932861328,🔭LEAPS,HOLD,1
NVDA,2028-01-21,380.0,10.45,8451,2,45.56023678588868,548,207.2899932861328,🔭LEAPS,HOLD,1
IBIT,2027-01-15,95.0,0.11,17902,2,59.277750976562515,177,37.66999816894531,🚬菸屁股,HOLD,1
IBIT,2027-01-15,110.0,0.08,29840,2,64.648791015625,177,37.66999816894531,🚬菸屁股,HOLD,1
IBIT,2028-01-21,1.0,35.27,7057,2,0.0,548,37.66999816894531,🔭LEAPS,HOLD,1
IBIT,2028-01-21,55.0,4.41,5722,2,50.43994873046876,548,37.66999816894531,🔭LEAPS,HOLD,1
IBIT,2028-01-21,62.0,3.0,5592,2,50.01270690917969,548,37.66999816894531,🔭LEAPS,HOLD,1
IBIT,2028-01-21,95.0,1.1,5844,2,50.61084545898438,548,37.66999816894531,🔭LEAPS,HOLD,1
PLTR,2027-01-15,410.0,0.5,8541,2,72.70535107421875,177,132.66000366210938,🚬菸屁股,HOLD,1
SMCI,2026-09-18,49.0,0.35,1087,2,108.7895185546875,58,25.5,🚬菸屁股,HOLD,1
SMCI,2026-09-18,75.0,0.09,3196,2,117.96916015624998,58,25.5,🚬菸屁股,HOLD,1
SMCI,2027-01-15,62.0,0.95,886,2,95.70316796875,177,25.5,🚬菸屁股,HOLD,1
SMCI,2027-01-15,100.0,0.37,4693,2,103.51610742187502,177,25.5,🚬菸屁股,HOLD,1
SMCI,2028-01-21,80.0,3.7,1159,2,92.63923376464844,548,25.5,🔭LEAPS,HOLD,1
SMCI,2028-01-21,85.0,3.28,15342,2,92.40730249023439,548,25.5,🔭LEAPS,HOLD,1
OKLO,2026-09-18,155.0,0.11,788,2,125.39099804687498,58,44.130001068115234,🚬菸屁股,HOLD,1
OKLO,2026-11-20,165.0,0.32,1017,2,116.30901220703124,121,44.130001068115234,🚬菸屁股,HOLD,1
OKLO,2028-01-21,200.0,5.85,16596,2,105.33494598388671,548,44.130001068115234,🔭LEAPS,HOLD,1
VST,2026-08-21,220.0,0.49,922,2,57.812921875,30,162.3300018310547,🚬菸屁股,HOLD,1
IONQ,2026-10-16,100.0,0.42,1282,2,112.109814453125,86,35.5099983215332,🚬菸屁股,HOLD,1
UPST,2027-01-15,90.0,0.55,1090,2,87.40246972656249,177,29.270000457763672,🚬菸屁股,HOLD,1
UPST,2028-01-21,30.0,11.75,1302,2,90.67392138671875,548,29.270000457763672,🔭LEAPS,HOLD,1
UPST,2028-01-21,105.0,2.88,930,2,85.42495043945313,548,29.270000457763672,🔭LEAPS,HOLD,1
SOFI,2026-08-21,29.0,0.04,1568,2,78.12521875,30,17.639999389648438,🚬菸屁股,HOLD,1
SOFI,2026-08-21,34.0,0.04,1444,2,111.328568359375,30,17.639999389648438,🚬菸屁股,HOLD,1
SOFI,2026-11-20,29.0,0.4,1080,2,68.7503125,121,17.639999389648438,🚬菸屁股,HOLD,1
SOFI,2028-01-21,47.0,1.54,6299,2,70.53252124023439,548,17.639999389648438,🔭LEAPS,HOLD,1
DKNG,2026-08-21,42.5,0.01,853,2,107.03171484375002,30,23.850000381469727,🚬菸屁股,HOLD,1
DKNG,2027-01-15,45.0,0.4,5526,2,62.74451318359377,177,23.850000381469727,🚬菸屁股,HOLD,1
DKNG,2027-01-15,80.0,0.03,1006,2,68.7503125,177,23.850000381469727,🚬菸屁股,HOLD,1
IREN,2026-09-18,95.0,0.8,1171,2,125.24451440429685,58,41.290000915527344,🚬菸屁股,HOLD,1
IREN,2026-10-16,110.0,0.42,2444,2,125.92810473632814,86,41.290000915527344,🚬菸屁股,HOLD,1
U,2027-01-15,65.0,0.69,2894,2,76.31859619140626,177,29.8700008392334,🚬菸屁股,HOLD,1
U,2027-01-15,75.0,0.43,2468,2,75.195560546875,177,29.8700008392334,🚬菸屁股,HOLD,1
PATH,2026-08-21,18.0,0.07,18200,2,81.2501875,30,12.039999961853027,🚬菸屁股,HOLD,1
PATH,2026-08-21,21.0,0.05,976,2,117.96916015624998,30,12.039999961853027,🚬菸屁股,HOLD,1
PATH,2027-01-15,32.0,0.23,1312,2,86.2306064453125,177,12.039999961853027,🚬菸屁股,HOLD,1
HOOD,2026-12-18,280.0,0.99,1153,2,79.101771484375,149,106.36000061035156,🚬菸屁股,HOLD,1
OPEN,2026-09-18,10.0,0.05,15108,2,121.875390625,58,4.480000019073486,🚬菸屁股,HOLD,1
OPEN,2026-11-20,12.0,0.17,7191,2,114.84417578124999,121,4.480000019073486,🚬菸屁股,HOLD,1
BEAM,2028-01-21,40.0,5.5,2841,2,80.54218676757812,548,27.290000915527344,🔭LEAPS,HOLD,1
PACB,2026-09-18,2.0,0.07,1257,2,103.12548437500001,58,1.399999976158142,🚬菸屁股,HOLD,1
PACB,2026-12-18,1.5,0.4,1514,2,146.09401953124998,149,1.399999976158142,🚬菸屁股,HOLD,1
LUNR,2026-09-18,26.0,0.51,1044,2,113.28168359375002,58,14.640000343322754,🚬菸屁股,HOLD,1
LUNR,2026-09-18,40.0,0.11,4254,2,134.76595117187497,58,14.640000343322754,🚬菸屁股,HOLD,1
SMR,2027-01-15,32.0,0.2,1109,2,116.40666796875001,177,8.710000038146973,🚬菸屁股,HOLD,1
SMR,2027-01-15,65.0,0.06,847,2,130.07847460937495,177,8.710000038146973,🚬菸屁股,HOLD,1
SMR,2027-01-15,75.0,0.11,1008,2,128.90660546875,177,8.710000038146973,🚬菸屁股,HOLD,1
SMR,2028-01-21,18.0,2.6,1495,2,103.27196801757816,548,8.710000038146973,🔭LEAPS,HOLD,1
CRWV,2026-09-18,165.0,0.86,1816,2,101.7583037109375,58,79.58000183105469,🚬菸屁股,HOLD,1
CRWV,2026-09-18,250.0,0.17,1148,2,127.05114599609372,58,79.58000183105469,🚬菸屁股,HOLD,1
CRWV,2026-09-18,270.0,0.12,812,2,121.09414453124998,58,79.58000183105469,🚬菸屁股,HOLD,1
T,2026-12-18,40.0,0.02,1350,2,41.602146484375,149,22.260000228881836,🚬菸屁股,HOLD,1
CPRT,2027-01-15,60.0,0.05,1005,2,82.27556787109374,177,27.170000076293945,🚬菸屁股,HOLD,1
ORLY,2028-01-21,160.0,1.45,1756,2,34.18644915771484,548,87.97000122070312,🔭LEAPS,HOLD,1
CTSH,2026-09-18,65.0,0.59,790,2,68.555001953125,58,43.630001068115234,🚬菸屁股,HOLD,1
ORCL,2026-08-21,270.0,0.02,1654,2,97.6562734375,30,127.05000305175781,🚬菸屁股,HOLD,1
ORCL,2026-08-21,310.0,0.21,1124,2,117.1879140625,30,127.05000305175781,🚬菸屁股,HOLD,1
ORCL,2026-09-18,310.0,0.26,1492,2,97.070341796875,58,127.05000305175781,🚬菸屁股,HOLD,1
ORCL,2026-09-18,440.0,0.17,1075,2,119.23868505859376,58,127.05000305175781,🚬菸屁股,HOLD,1
ORCL,2026-09-18,510.0,0.1,6714,2,119.922275390625,58,127.05000305175781,🚬菸屁股,HOLD,1
ORCL,2026-10-16,280.0,0.65,1076,2,80.42011767578124,86,127.05000305175781,🚬菸屁股,HOLD,1
ORCL,2026-10-16,330.0,0.3,2548,2,83.59391406249999,86,127.05000305175781,🚬菸屁股,HOLD,1
ORCL,2027-01-15,480.0,0.8,1032,2,85.52260571289064,177,127.05000305175781,🚬菸屁股,HOLD,1
ORCL,2028-01-21,430.0,6.6,1660,2,70.66679724121094,548,127.05000305175781,🔭LEAPS,HOLD,1
NKE,2026-09-18,62.5,0.03,3642,2,46.87553125,58,42.959999084472656,🚬菸屁股,HOLD,1
NKE,2026-09-18,65.0,0.05,7419,2,49.023947265625004,58,42.959999084472656,🚬菸屁股,HOLD,1
NKE,2026-12-18,57.5,0.98,1133,2,44.80035668945312,149,42.959999084472656,🚬菸屁股,HOLD,1
NKE,2026-12-18,130.0,0.05,2540,2,67.57844921875001,149,42.959999084472656,🚬菸屁股,HOLD,1
NKE,2026-12-18,135.0,0.12,2875,2,73.04714453125,149,42.959999084472656,🚬菸屁股,HOLD,1
NKE,2026-12-18,155.0,0.04,5953,2,73.82838671875,149,42.959999084472656,🚬菸屁股,HOLD,1
NKE,2027-01-15,105.0,0.19,1231,2,61.62147753906251,177,42.959999084472656,🚬菸屁股,HOLD,1
NKE,2027-01-15,120.0,0.11,1777,2,63.47692773437501,177,42.959999084472656,🚬菸屁股,HOLD,1
NKE,2028-01-21,42.5,9.1,1817,2,44.34259759521484,548,42.959999084472656,🔭LEAPS,HOLD,1
NKE,2028-01-21,82.5,1.7,2110,2,43.164630859375,548,42.959999084472656,🔭LEAPS,HOLD,1
CMCSA,2026-09-18,32.5,0.02,8607,2,45.80132324218751,58,23.809999465942383,🚬菸屁股,HOLD,1
CMCSA,2026-09-18,34.0,0.04,1253,2,57.812921875,58,23.809999465942383,🚬菸屁股,HOLD,1
CMCSA,2026-09-18,35.0,0.03,5994,2,55.078574218750006,58,23.809999465942383,🚬菸屁股,HOLD,1
CMCSA,2026-12-18,40.0,0.06,1995,2,42.9693203125,149,23.809999465942383,🚬菸屁股,HOLD,1
CMCSA,2026-12-18,50.0,0.36,892,2,65.23472265625001,149,23.809999465942383,🚬菸屁股,HOLD,1
CMCSA,2026-12-18,52.5,0.61,2153,2,68.7503125,149,23.809999465942383,🚬菸屁股,HOLD,1
CMCSA,2026-12-18,60.0,0.1,1237,2,65.23472265625001,149,23.809999465942383,🚬菸屁股,HOLD,1
CMCSA,2026-12-18,65.0,0.05,1434,2,66.01596484375001,149,23.809999465942383,🚬菸屁股,HOLD,1
CMCSA,2027-01-15,42.5,0.84,11477,2,65.86948193359376,177,23.809999465942383,🚬菸屁股,HOLD,1
CMCSA,2027-01-15,47.5,0.45,5908,2,65.03941210937501,177,23.809999465942383,🚬菸屁股,HOLD,1
PFE,2026-12-18,40.0,0.03,19632,2,34.37565625,149,24.940000534057617,🚬菸屁股,HOLD,1
ZTS,2028-01-21,220.0,0.85,1018,2,53.79684875488282,548,75.3499984741211,🔭LEAPS,HOLD,1
VZ,2027-01-15,57.5,0.25,3662,2,26.465579101562497,177,43.779998779296875,🚬菸屁股,HOLD,1
VZ,2027-01-15,65.0,0.09,6790,2,32.12958496093749,177,43.779998779296875,🚬菸屁股,HOLD,1
VZ,2027-01-15,70.0,0.07,1660,2,35.2545537109375,177,43.779998779296875,🚬菸屁股,HOLD,1
VZ,2028-01-21,60.0,0.92,4935,2,25.098405273437496,548,43.779998779296875,🔭LEAPS,HOLD,1
GIS,2026-12-18,45.0,0.75,1145,2,32.813171874999995,149,37.150001525878906,🚬菸屁股,HOLD,1
AMZN,2026-08-21,390.0,0.03,4185,2,56.836369140624996,30,247.5500030517578,🚬菸屁股,HOLD,1
GOOGL,2026-09-18,495.0,0.44,1245,2,44.0435283203125,58,347.1499938964844,🚬菸屁股,HOLD,1
GOOGL,2026-09-18,555.0,0.26,2706,2,52.3442265625,58,347.1499938964844,🚬菸屁股,HOLD,1
GOOGL,2026-10-16,550.0,0.51,1809,2,45.48394360351563,86,347.1499938964844,🚬菸屁股,HOLD,1
F,2026-09-18,23.0,0.04,2846,2,62.109753906250006,58,14.270000457763672,🚬菸屁股,HOLD,1
F,2026-12-18,19.67,0.25,14361,2,43.945873046875,149,14.270000457763672,🚬菸屁股,HOLD,1
MU,2026-08-21,2420.0,0.33,764,2,108.00827246093752,30,970.8200073242188,🚬菸屁股,HOLD,1
BA,2026-09-18,320.0,0.23,864,2,55.1762294921875,58,204.8000030517578,🚬菸屁股,HOLD,1
RTX,2026-08-21,260.0,0.19,786,2,50.29346582031251,30,193.6699981689453,🚬菸屁股,HOLD,1
RTX,2026-08-21,280.0,0.07,904,2,54.78560839843751,30,193.6699981689453,🚬菸屁股,HOLD,1
CRM,2026-08-21,280.0,0.06,1002,2,63.47692773437501,30,170.05999755859375,🚬菸屁股,HOLD,1
BAC,2026-09-18,75.0,0.04,1008,2,26.856200195312496,58,61.220001220703125,🚬菸屁股,HOLD,1
GEMI,2027-01-15,20.0,0.1,1258,2,117.57853710937498,177,4.769999980926514,🚬菸屁股,HOLD,1
TSLA,2026-09-18,900.0,0.17,7052,1,77.148666015625,58,378.92999267578125,🚬菸屁股,HOLD,1
NVDA,2026-08-21,400.0,0.01,7716,1,71.0940390625,30,207.2899932861328,🚬菸屁股,HOLD,1
NVDA,2026-09-18,410.0,0.07,5550,1,60.15664843750002,58,207.2899932861328,🚬菸屁股,HOLD,1
NVDA,2028-01-21,290.0,22.18,5496,1,46.24077197265626,548,207.2899932861328,🔭LEAPS,HOLD,1
NVDA,2028-01-21,350.0,13.35,28027,1,45.61211614990235,548,207.2899932861328,🔭LEAPS,HOLD,1
NVDA,2028-06-16,400.0,13.51,5223,1,46.631393066406254,695,207.2899932861328,🔭LEAPS,HOLD,1
MSTR,2027-01-15,1000.0,0.17,5062,1,117.67619287109375,177,101.94999694824219,🚬菸屁股,HOLD,1
IBIT,2026-09-18,100.0,0.02,15113,1,91.4063359375,58,37.66999816894531,🚬菸屁股,HOLD,1
IBIT,2026-10-16,59.0,0.11,7617,1,49.219257812500004,86,37.66999816894531,🚬菸屁股,HOLD,1
IBIT,2027-01-15,115.0,0.09,5618,1,66.21127539062502,177,37.66999816894531,🚬菸屁股,HOLD,1
IBIT,2027-01-15,135.0,0.07,11945,1,72.26590234375,177,37.66999816894531,🚬菸屁股,HOLD,1
IBIT,2028-06-16,5.0,33.25,6000,1,125.83044897460938,695,37.66999816894531,🔭LEAPS,HOLD,1
IBIT,2028-06-16,65.0,4.45,6376,1,52.1367091064453,695,37.66999816894531,🔭LEAPS,HOLD,1
INTC,2028-01-21,65.0,54.58,7550,1,90.98519757080076,548,105.44999694824219,🔭LEAPS,HOLD,1
SMCI,2026-09-18,85.0,0.07,2715,1,126.56286718749999,58,25.5,🚬菸屁股,HOLD,1
SMCI,2026-12-18,62.0,0.77,1161,1,97.460962890625,149,25.5,🚬菸屁股,HOLD,1
SMCI,2026-12-18,65.0,0.65,1852,1,97.80275634765626,149,25.5,🚬菸屁股,HOLD,1
SMCI,2026-12-18,75.0,0.48,1711,1,99.7070341796875,149,25.5,🚬菸屁股,HOLD,1
SMCI,2026-12-18,80.0,0.45,2987,1,102.24658251953124,149,25.5,🚬菸屁股,HOLD,1
SMCI,2026-12-18,90.0,0.33,2801,1,101.46533642578123,149,25.5,🚬菸屁股,HOLD,1
SMCI,2026-12-18,96.0,0.25,989,1,106.93405908203127,149,25.5,🚬菸屁股,HOLD,1
SMCI,2027-01-15,72.0,0.8,3686,1,96.679720703125,177,25.5,🚬菸屁股,HOLD,1
SMCI,2027-01-15,95.0,0.5,954,1,100.87940185546876,177,25.5,🚬菸屁股,HOLD,1
SMCI,2028-01-21,55.0,5.65,795,1,90.86923193359374,548,25.5,🔭LEAPS,HOLD,1
SMCI,2028-01-21,90.0,3.2,3226,1,91.66268103027345,548,25.5,🔭LEAPS,HOLD,1
OKLO,2026-09-18,130.0,0.16,1129,1,116.2113564453125,58,44.130001068115234,🚬菸屁股,HOLD,1
OKLO,2026-09-18,260.0,0.03,1433,1,146.875265625,58,44.130001068115234,🚬菸屁股,HOLD,1
OKLO,2026-10-16,150.0,0.22,929,1,121.68007910156248,86,44.130001068115234,🚬菸屁股,HOLD,1
OKLO,2026-10-16,165.0,0.16,2488,1,120.89883300781248,86,44.130001068115234,🚬菸屁股,HOLD,1
OKLO,2026-12-18,165.0,0.74,3282,1,112.84223266601563,149,44.130001068115234,🚬菸屁股,HOLD,1
OKLO,2027-01-15,190.0,0.8,750,1,111.81684716796876,177,44.130001068115234,🚬菸屁股,HOLD,1
OKLO,2027-01-15,195.0,0.71,1250,1,112.25629809570314,177,44.130001068115234,🚬菸屁股,HOLD,1
OKLO,2027-01-15,220.0,0.63,1256,1,115.38128247070314,177,44.130001068115234,🚬菸屁股,HOLD,1
VST,2026-08-21,240.0,0.19,1480,1,60.44961425781252,30,162.3300018310547,🚬菸屁股,HOLD,1
VST,2026-08-21,250.0,0.24,889,1,67.57844921875001,30,162.3300018310547,🚬菸屁股,HOLD,1
VST,2026-09-18,235.0,0.83,831,1,55.42036767578126,58,162.3300018310547,🚬菸屁股,HOLD,1
RKLB,2026-09-18,155.0,0.42,1473,1,100.29346728515624,58,69.12000274658203,🚬菸屁股,HOLD,1
ASTS,2026-09-18,160.0,0.58,1046,1,123.58436645507811,58,63.34000015258789,🚬菸屁股,HOLD,1
ASTS,2026-09-18,165.0,0.45,985,1,127.14880175781246,58,63.34000015258789,🚬菸屁股,HOLD,1
ASTS,2026-09-18,190.0,0.36,1418,1,130.27378613281246,58,63.34000015258789,🚬菸屁股,HOLD,1
ASTS,2026-10-16,175.0,0.87,2382,1,117.62736499023435,86,63.34000015258789,🚬菸屁股,HOLD,1
IONQ,2026-09-18,110.0,0.15,758,1,119.922275390625,58,35.5099983215332,🚬菸屁股,HOLD,1
UPST,2026-09-18,52.5,0.1,1343,1,87.10950390625,58,29.270000457763672,🚬菸屁股,HOLD,1
UPST,2027-01-15,75.0,0.65,2796,1,85.79115771484375,177,29.270000457763672,🚬菸屁股,HOLD,1
UPST,2027-01-15,125.0,0.24,1771,1,101.7583037109375,177,29.270000457763672,🚬菸屁股,HOLD,1
UPST,2027-01-15,135.0,0.13,5066,1,98.63282617187501,177,29.270000457763672,🚬菸屁股,HOLD,1
UPST,2028-01-21,35.0,10.75,1155,1,90.41757629394532,548,29.270000457763672,🔭LEAPS,HOLD,1
UPST,2028-01-21,47.5,10.07,759,1,87.74426318359374,548,29.270000457763672,🔭LEAPS,HOLD,1
SOFI,2026-08-21,37.0,0.04,921,1,121.09414453124998,30,17.639999389648438,🚬菸屁股,HOLD,1
SOFI,2026-09-18,45.0,0.03,7249,1,92.187578125,58,17.639999389648438,🚬菸屁股,HOLD,1
SOFI,2026-11-20,33.0,0.25,1526,1,70.70341796875,121,17.639999389648438,🚬菸屁股,HOLD,1
SOFI,2026-11-20,36.0,0.2,822,1,71.48466015625,121,17.639999389648438,🚬菸屁股,HOLD,1
SOFI,2026-12-18,32.0,0.39,4281,1,69.14093359375,149,17.639999389648438,🚬菸屁股,HOLD,1
SOFI,2028-06-16,42.0,2.59,3271,1,71.48466015625,695,17.639999389648438,🔭LEAPS,HOLD,1
DKNG,2026-09-18,37.5,0.17,2907,1,61.914443359375014,58,23.850000381469727,🚬菸屁股,HOLD,1
DKNG,2026-09-18,45.0,0.03,6261,1,76.562734375,58,23.850000381469727,🚬菸屁股,HOLD,1
DKNG,2026-09-18,55.0,0.02,2594,1,92.57819921875,58,23.850000381469727,🚬菸屁股,HOLD,1
DKNG,2026-09-18,60.0,0.01,2660,1,99.2187578125,58,23.850000381469727,🚬菸屁股,HOLD,1
DKNG,2026-12-18,55.0,0.12,3413,1,69.5315546875,149,23.850000381469727,🚬菸屁股,HOLD,1
DKNG,2026-12-18,60.0,0.11,1038,1,74.60962890625001,149,23.850000381469727,🚬菸屁股,HOLD,1
DKNG,2027-01-15,55.0,0.22,6877,1,64.9417568359375,177,23.850000381469727,🚬菸屁股,HOLD,1
DKNG,2027-01-15,57.5,0.14,932,1,65.1370673828125,177,23.850000381469727,🚬菸屁股,HOLD,1
DKNG,2027-01-15,60.0,0.12,8918,1,64.7464462890625,177,23.850000381469727,🚬菸屁股,HOLD,1
DKNG,2027-01-15,70.0,0.06,3803,1,70.312796875,177,23.850000381469727,🚬菸屁股,HOLD,1
DKNG,2028-01-21,20.0,9.3,1636,1,78.07639111328125,548,23.850000381469727,🔭LEAPS,HOLD,1
DKNG,2028-01-21,42.5,4.2,1675,1,59.570716796875004,548,23.850000381469727,🔭LEAPS,HOLD,1
DKNG,2028-01-21,65.0,1.03,4622,1,59.08244042968751,548,23.850000381469727,🔭LEAPS,HOLD,1
IREN,2028-01-21,105.0,11.2,1877,1,109.57076464843752,548,41.290000915527344,🔭LEAPS,HOLD,1
U,2026-08-21,37.0,0.93,2544,1,86.27943408203124,30,29.8700008392334,🚬菸屁股,HOLD,1
U,2026-08-21,55.0,0.1,5402,1,102.34423828125001,30,29.8700008392334,🚬菸屁股,HOLD,1
U,2028-01-21,47.0,6.71,7589,1,74.85376708984376,548,29.8700008392334,🔭LEAPS,HOLD,1
PATH,2026-08-21,23.0,0.04,820,1,110.9379453125,30,12.039999961853027,🚬菸屁股,HOLD,1
PATH,2026-08-21,30.0,0.01,1807,1,112.5004375,30,12.039999961853027,🚬菸屁股,HOLD,1
PATH,2026-09-18,19.0,0.24,928,1,86.132951171875,58,12.039999961853027,🚬菸屁股,HOLD,1
PATH,2026-11-20,20.0,0.54,844,1,78.32052929687501,121,12.039999961853027,🚬菸屁股,HOLD,1
PATH,2027-01-15,27.0,0.36,4955,1,87.30481445312499,177,12.039999961853027,🚬菸屁股,HOLD,1
PATH,2028-01-21,30.0,1.55,6478,1,77.97873583984375,548,12.039999961853027,🔭LEAPS,HOLD,1
ROKU,2026-12-18,175.0,0.8,1248,1,23.633576171875,149,144.27000427246094,🚬菸屁股,HOLD,1
TDOC,2027-01-15,22.5,0.36,4426,1,86.0352958984375,177,9.710000038146973,🚬菸屁股,HOLD,1
ZM,2026-09-18,120.0,0.93,960,1,52.19774365234374,58,89.7699966430664,🚬菸屁股,HOLD,1
ZM,2026-09-18,150.0,0.25,1632,1,67.13900048828127,58,89.7699966430664,🚬菸屁股,HOLD,1
XYZ,2026-12-18,145.0,0.5,1397,1,52.29539892578124,149,80.37999725341797,🚬菸屁股,HOLD,1
XYZ,2027-01-15,145.0,0.8,23425,1,51.73388110351562,177,80.37999725341797,🚬菸屁股,HOLD,1
NTLA,2027-01-15,35.0,0.24,3959,1,91.211025390625,177,11.470000267028809,🚬菸屁股,HOLD,1
BEAM,2026-08-21,50.0,0.05,794,1,107.03171484375002,30,27.290000915527344,🚬菸屁股,HOLD,1
PACB,2028-01-21,3.0,0.43,1118,1,104.29735351562503,548,1.399999976158142,🔭LEAPS,HOLD,1
HIMS,2028-01-21,90.0,5.9,4252,1,96.99710034179687,548,32.72999954223633,🔭LEAPS,HOLD,1
KTOS,2028-01-21,160.0,4.2,860,1,78.78439184570311,548,48.209999084472656,🔭LEAPS,HOLD,1
LUNR,2026-09-18,28.0,0.37,1332,1,123.73085009765623,58,14.640000343322754,🚬菸屁股,HOLD,1
LUNR,2026-09-18,45.0,0.08,847,1,132.81283593749998,58,14.640000343322754,🚬菸屁股,HOLD,1
LUNR,2028-01-21,17.0,7.3,803,1,116.16252856445315,548,14.640000343322754,🔭LEAPS,HOLD,1
LUNR,2028-01-21,37.0,4.45,773,1,115.96721704101563,548,14.640000343322754,🔭LEAPS,HOLD,1
JOBY,2026-11-20,20.0,0.12,1156,1,104.29735351562503,121,7.659999847412109,🚬菸屁股,HOLD,1
JOBY,2027-01-15,32.0,0.08,1046,1,99.2187578125,177,7.659999847412109,🚬菸屁股,HOLD,1
JOBY,2028-01-21,12.0,2.22,5560,1,86.27943408203124,548,7.659999847412109,🔭LEAPS,HOLD,1
SMR,2026-08-21,23.0,0.03,1177,1,145.3127734375,30,8.710000038146973,🚬菸屁股,HOLD,1
SMR,2027-01-15,37.0,0.18,949,1,120.50820996093749,177,8.710000038146973,🚬菸屁股,HOLD,1
SMR,2028-01-21,3.0,6.39,1619,1,101.27002490234376,548,8.710000038146973,🔭LEAPS,HOLD,1
SMR,2028-01-21,80.0,0.79,785,1,114.20941333007812,548,8.710000038146973,🔭LEAPS,HOLD,1
NNE,2026-10-16,28.0,0.79,882,1,99.36524072265625,86,17.299999237060547,🚬菸屁股,HOLD,1
NNE,2027-01-15,60.0,0.37,1728,1,95.312546875,177,17.299999237060547,🚬菸屁股,HOLD,1
NNE,2027-01-15,65.0,0.38,1272,1,102.93017285156252,177,17.299999237060547,🚬菸屁股,HOLD,1
CRWV,2026-08-21,165.0,0.17,1126,1,114.0629296875,30,79.58000183105469,🚬菸屁股,HOLD,1
CRWV,2026-09-18,190.0,0.36,5031,1,106.73874755859379,58,79.58000183105469,🚬菸屁股,HOLD,1
CRWV,2026-09-18,195.0,0.35,4032,1,106.05515722656251,58,79.58000183105469,🚬菸屁股,HOLD,1
CRWV,2028-01-21,195.0,11.1,3284,1,92.03804348754883,548,79.58000183105469,🔭LEAPS,HOLD,1
IBM,2026-09-18,365.0,0.4,1305,1,62.25623681640625,58,210.5,🚬菸屁股,HOLD,1
IBM,2027-01-15,450.0,0.9,1435,1,53.06443420410156,177,210.5,🚬菸屁股,HOLD,1
IBM,2027-01-15,490.0,0.85,755,1,57.88616333007812,177,210.5,🚬菸屁股,HOLD,1
IBM,2028-01-21,460.0,8.6,1166,1,50.98315618896485,548,210.5,🔭LEAPS,HOLD,1
T,2026-08-21,30.0,0.01,812,1,42.188078125,30,22.260000228881836,🚬菸屁股,HOLD,1
T,2027-01-15,40.0,0.04,8875,1,38.2818671875,177,22.260000228881836,🚬菸屁股,HOLD,1
T,2028-01-21,18.0,5.5,1936,1,30.713583496093744,548,22.260000228881836,🔭LEAPS,HOLD,1
T,2028-01-21,32.0,0.75,4164,1,30.713583496093744,548,22.260000228881836,🔭LEAPS,HOLD,1
T,2028-01-21,37.0,0.35,934,1,31.592480957031242,548,22.260000228881836,🔭LEAPS,HOLD,1
ACN,2026-08-21,220.0,0.05,1119,1,65.52768847656252,30,140.86000061035156,🚬菸屁股,HOLD,1
ACN,2026-09-18,300.0,0.1,1022,1,77.73459765625,58,140.86000061035156,🚬菸屁股,HOLD,1
ACN,2026-09-18,350.0,0.02,1036,1,126.63610900878903,58,140.86000061035156,🚬菸屁股,HOLD,1
ACN,2026-12-18,265.0,0.95,903,1,54.24850439453126,149,140.86000061035156,🚬菸屁股,HOLD,1
ACN,2027-01-15,290.0,0.7,944,1,54.1264353027344,177,140.86000061035156,🚬菸屁股,HOLD,1
ACN,2027-01-15,320.0,0.24,972,1,53.613745117187506,177,140.86000061035156,🚬菸屁股,HOLD,1
ACN,2027-01-15,370.0,0.23,1059,1,58.25237060546875,177,140.86000061035156,🚬菸屁股,HOLD,1
ACN,2027-01-15,380.0,0.38,971,1,58.8871298828125,177,140.86000061035156,🚬菸屁股,HOLD,1
ACN,2028-01-21,280.0,8.33,2067,1,50.98315618896485,548,140.86000061035156,🔭LEAPS,HOLD,1
ACN,2028-01-21,400.0,2.7,1812,1,52.35033001708984,548,140.86000061035156,🔭LEAPS,HOLD,1
CPRT,2026-09-18,40.0,0.13,889,1,50.39112109375,58,27.170000076293945,🚬菸屁股,HOLD,1
CPRT,2026-12-18,40.0,0.2,1114,1,49.07277490234375,149,27.170000076293945,🚬菸屁股,HOLD,1
CPRT,2027-01-15,50.0,0.1,2966,1,46.973186523437505,177,27.170000076293945,🚬菸屁股,HOLD,1
CTSH,2028-01-21,75.0,3.5,1428,1,50.06153454589843,548,43.630001068115234,🔭LEAPS,HOLD,1
PEP,2026-09-18,190.0,0.21,1197,1,49.805189453125,58,135.0,🚬菸屁股,HOLD,1
ORCL,2026-09-18,320.0,0.41,962,1,97.1679970703125,58,127.05000305175781,🚬菸屁股,HOLD,1
ORCL,2026-09-18,330.0,0.22,2265,1,92.38288867187501,58,127.05000305175781,🚬菸屁股,HOLD,1
ORCL,2026-09-18,350.0,0.18,3094,1,106.73874755859379,58,127.05000305175781,🚬菸屁股,HOLD,1
ORCL,2026-09-18,450.0,0.11,1116,1,116.40666796875001,58,127.05000305175781,🚬菸屁股,HOLD,1
ORCL,2026-11-20,370.0,0.45,1242,1,79.5900478515625,121,127.05000305175781,🚬菸屁股,HOLD,1
ORCL,2027-01-15,380.0,0.86,821,1,77.929908203125,177,127.05000305175781,🚬菸屁股,HOLD,1
ORCL,2027-01-15,410.0,0.9,1461,1,80.83515258789062,177,127.05000305175781,🚬菸屁股,HOLD,1
ORCL,2027-01-15,490.0,0.69,1227,1,86.20619262695313,177,127.05000305175781,🚬菸屁股,HOLD,1
ORCL,2028-01-21,310.0,11.7,773,1,69.31488204956054,548,127.05000305175781,🔭LEAPS,HOLD,1
ORCL,2028-01-21,350.0,10.0,1688,1,70.37383142089844,548,127.05000305175781,🔭LEAPS,HOLD,1
ORCL,2028-01-21,410.0,6.4,1028,1,69.48883050537108,548,127.05000305175781,🔭LEAPS,HOLD,1
ORCL,2028-01-21,450.0,6.0,881,1,71.19779779052735,548,127.05000305175781,🔭LEAPS,HOLD,1
ORCL,2028-01-21,460.0,5.5,888,1,71.98514343261719,548,127.05000305175781,🔭LEAPS,HOLD,1
KR,2026-09-18,70.0,0.33,1000,1,40.820904296875,58,57.779998779296875,🚬菸屁股,HOLD,1
KR,2027-01-15,82.5,0.54,928,1,35.1568984375,177,57.779998779296875,🚬菸屁股,HOLD,1
NKE,2026-09-18,72.5,0.06,2772,1,53.12546875,58,42.959999084472656,🚬菸屁股,HOLD,1
NKE,2026-09-18,110.0,0.01,769,1,81.2501875,58,42.959999084472656,🚬菸屁股,HOLD,1
NKE,2026-11-20,57.5,0.82,1257,1,44.87359814453124,121,42.959999084472656,🚬菸屁股,HOLD,1
NKE,2026-11-20,62.5,0.31,846,1,45.06890869140625,121,42.959999084472656,🚬菸屁股,HOLD,1
NKE,2026-11-20,65.0,0.38,928,1,49.414568359375004,121,42.959999084472656,🚬菸屁股,HOLD,1
NKE,2026-11-20,70.0,0.25,1268,1,54.834436035156266,121,42.959999084472656,🚬菸屁股,HOLD,1
NKE,2026-12-18,62.5,0.6,1040,1,45.6060126953125,149,42.959999084472656,🚬菸屁股,HOLD,1
NKE,2026-12-18,65.0,0.44,3150,1,45.2153916015625,149,42.959999084472656,🚬菸屁股,HOLD,1
NKE,2026-12-18,75.0,0.19,2733,1,48.1450498046875,149,42.959999084472656,🚬菸屁股,HOLD,1
NKE,2026-12-18,77.5,0.17,855,1,51.758294921875006,149,42.959999084472656,🚬菸屁股,HOLD,1
NKE,2026-12-18,82.5,0.13,917,1,51.562984375,149,42.959999084472656,🚬菸屁股,HOLD,1
NKE,2026-12-18,95.0,0.12,1202,1,58.20354296875,149,42.959999084472656,🚬菸屁股,HOLD,1
NKE,2026-12-18,110.0,0.07,3995,1,68.16438085937502,149,42.959999084472656,🚬菸屁股,HOLD,1
NKE,2026-12-18,115.0,0.09,2337,1,71.3870048828125,149,42.959999084472656,🚬菸屁股,HOLD,1
NKE,2026-12-18,140.0,0.03,2435,1,69.92217578125,149,42.959999084472656,🚬菸屁股,HOLD,1
NKE,2027-01-15,72.5,0.33,2096,1,47.1684970703125,177,42.959999084472656,🚬菸屁股,HOLD,1
NKE,2027-01-15,75.0,0.33,5459,1,49.414568359375004,177,42.959999084472656,🚬菸屁股,HOLD,1
NKE,2027-01-15,97.5,0.1,3214,1,57.129334960937506,177,42.959999084472656,🚬菸屁股,HOLD,1
NKE,2027-01-15,115.0,0.21,1171,1,64.7464462890625,177,42.959999084472656,🚬菸屁股,HOLD,1
NKE,2028-01-21,57.5,4.4,2479,1,43.27449304199219,548,42.959999084472656,🔭LEAPS,HOLD,1
NKE,2028-01-21,85.0,1.22,3048,1,42.43221630859375,548,42.959999084472656,🔭LEAPS,HOLD,1
CMCSA,2026-09-18,36.0,0.04,7125,1,50.0005,58,23.809999465942383,🚬菸屁股,HOLD,1
CMCSA,2026-09-18,40.0,0.01,1438,1,62.109753906250006,58,23.809999465942383,🚬菸屁股,HOLD,1
CMCSA,2026-10-16,35.0,0.06,2343,1,44.6294599609375,86,23.809999465942383,🚬菸屁股,HOLD,1
CMCSA,2026-12-18,47.5,0.35,1996,1,67.48079394531253,149,23.809999465942383,🚬菸屁股,HOLD,1
CMCSA,2026-12-18,55.0,0.15,4567,1,62.69568554687501,149,23.809999465942383,🚬菸屁股,HOLD,1
CMCSA,2027-01-15,37.5,0.11,1315,1,38.3795224609375,177,23.809999465942383,🚬菸屁股,HOLD,1
CMCSA,2027-01-15,65.0,0.08,7142,1,66.60189648437502,177,23.809999465942383,🚬菸屁股,HOLD,1
CMCSA,2028-01-21,20.0,6.0,909,1,37.28090063476562,548,23.809999465942383,🔭LEAPS,HOLD,1
CMCSA,2028-01-21,37.5,1.02,5889,1,36.96352099609375,548,23.809999465942383,🔭LEAPS,HOLD,1
PFE,2026-09-18,37.0,0.02,822,1,46.87553125,58,24.940000534057617,🚬菸屁股,HOLD,1
PFE,2026-12-18,45.0,0.02,16392,1,39.8443515625,149,24.940000534057617,🚬菸屁股,HOLD,1
PFE,2027-01-15,32.0,0.13,21633,1,25.2937158203125,177,24.940000534057617,🚬菸屁股,HOLD,1
TSCO,2026-09-18,55.0,0.05,881,1,68.35969140625001,58,29.639999389648438,🚬菸屁股,HOLD,1
TSCO,2026-12-18,45.0,0.3,1285,1,47.852083984375,149,29.639999389648438,🚬菸屁股,HOLD,1
TSCO,2027-01-15,45.0,0.45,1382,1,47.461462890625,177,29.639999389648438,🚬菸屁股,HOLD,1
VZ,2026-10-16,65.0,0.01,1206,1,35.938140624999996,86,43.779998779296875,🚬菸屁股,HOLD,1
VZ,2026-12-18,57.5,0.18,794,1,32.080757324218744,149,43.779998779296875,🚬菸屁股,HOLD,1
KDP,2026-09-18,35.0,0.35,2498,1,37.89124609375,58,30.209999084472656,🚬菸屁股,HOLD,1
GIS,2026-09-18,50.0,0.05,800,1,40.62559375,58,37.150001525878906,🚬菸屁股,HOLD,1
GIS,2027-01-15,45.0,0.96,1776,1,33.936207519531244,177,37.150001525878906,🚬菸屁股,HOLD,1
GIS,2027-01-15,47.5,0.65,1175,1,34.278000976562495,177,37.150001525878906,🚬菸屁股,HOLD,1
GIS,2027-01-15,57.5,0.2,1229,1,40.57676611328125,177,37.150001525878906,🚬菸屁股,HOLD,1
GIS,2027-01-15,60.0,0.15,2102,1,40.5279384765625,177,37.150001525878906,🚬菸屁股,HOLD,1
GIS,2028-01-21,32.5,8.09,1491,1,34.16813879394531,548,37.150001525878906,🔭LEAPS,HOLD,1
META,2026-08-21,1050.0,0.3,1585,1,64.25816992187501,30,643.8099975585938,🚬菸屁股,HOLD,1
KO,2027-01-15,100.0,0.49,2408,1,21.08233215332031,177,81.97000122070312,🚬菸屁股,HOLD,1
KO,2027-01-15,110.0,0.16,2938,1,23.316196533203126,177,81.97000122070312,🚬菸屁股,HOLD,1
KO,2028-01-21,80.0,10.5,788,1,25.775888732910158,548,81.97000122070312,🔭LEAPS,HOLD,1
KO,2028-01-21,90.0,6.0,1579,1,23.34671380615234,548,81.97000122070312,🔭LEAPS,HOLD,1
AMZN,2026-09-18,360.0,0.18,6321,1,41.55331884765625,58,247.5500030517578,🚬菸屁股,HOLD,1
AMZN,2026-09-18,380.0,0.1,3833,1,43.7505625,58,247.5500030517578,🚬菸屁股,HOLD,1
AMZN,2026-09-18,410.0,0.05,1076,1,48.438015625000006,58,247.5500030517578,🚬菸屁股,HOLD,1
GOOGL,2026-08-21,700.0,0.05,1142,1,112.25629809570314,30,347.1499938964844,🚬菸屁股,HOLD,1
GOOGL,2026-09-18,565.0,0.23,3002,1,53.662572753906254,58,347.1499938964844,🚬菸屁股,HOLD,1
GOOGL,2026-09-18,575.0,0.29,3041,1,52.10008837890624,58,347.1499938964844,🚬菸屁股,HOLD,1
GOOGL,2026-10-16,520.0,0.87,3606,1,40.34483483886719,86,347.1499938964844,🚬菸屁股,HOLD,1
GOOGL,2026-10-16,800.0,0.08,2335,1,62.54920263671876,86,347.1499938964844,🚬菸屁股,HOLD,1
GOOGL,2026-11-20,800.0,0.09,4119,1,52.93015820312501,121,347.1499938964844,🚬菸屁股,HOLD,1
GOOGL,2028-01-21,700.0,8.8,2459,1,42.389492126464845,548,347.1499938964844,🔭LEAPS,HOLD,1
F,2026-09-18,22.0,0.01,5026,1,69.14093359375,58,14.270000457763672,🚬菸屁股,HOLD,1
F,2026-12-18,19.0,0.29,838,1,42.0904228515625,149,14.270000457763672,🚬菸屁股,HOLD,1
F,2026-12-18,19.85,0.26,6662,1,42.383388671875,149,14.270000457763672,🚬菸屁股,HOLD,1
F,2026-12-18,20.0,0.18,920,1,43.457596679687505,149,14.270000457763672,🚬菸屁股,HOLD,1
F,2026-12-18,24.67,0.07,12710,1,49.219257812500004,149,14.270000457763672,🚬菸屁股,HOLD,1
BA,2026-09-18,340.0,0.2,1056,1,53.955538574218764,58,204.8000030517578,🚬菸屁股,HOLD,1
BA,2026-12-18,350.0,0.4,1856,1,42.44442321777344,149,204.8000030517578,🚬菸屁股,HOLD,1
BA,2028-01-21,320.0,11.4,1681,1,40.866680206298824,548,204.8000030517578,🔭LEAPS,HOLD,1
CRM,2026-08-21,330.0,0.03,757,1,103.71141894531253,30,170.05999755859375,🚬菸屁股,HOLD,1
CRM,2026-12-18,350.0,0.54,1231,1,55.51802294921876,149,170.05999755859375,🚬菸屁股,HOLD,1
CRM,2027-01-15,370.0,0.6,1895,1,51.562984375,177,170.05999755859375,🚬菸屁股,HOLD,1
CRM,2027-01-15,430.0,0.3,1005,1,57.0316796875,177,170.05999755859375,🚬菸屁股,HOLD,1
NRG,2026-09-18,180.0,0.9,4821,1,58.66740551757812,58,131.60000610351562,🚬菸屁股,HOLD,1
NRG,2026-09-18,190.0,0.65,12593,1,63.7698935546875,58,131.60000610351562,🚬菸屁股,HOLD,1
BAC,2028-01-21,62.5,8.45,1266,1,30.457238403320307,548,61.220001220703125,🔭LEAPS,HOLD,1
BAC,2028-01-21,75.0,3.85,1716,1,28.327132751464834,548,61.220001220703125,🔭LEAPS,HOLD,1
TDUP,2026-10-16,7.5,0.8,1260,1,115.4301103515625,86,6.429999828338623,🚬菸屁股,HOLD,1
GEMI,2026-10-16,10.0,0.1,843,1,106.64109179687502,86,4.769999980926514,🚬菸屁股,HOLD,1
GEMI,2028-01-21,7.5,1.6,821,1,108.88717431640625,548,4.769999980926514,🔭LEAPS,HOLD,1
GEMI,2028-01-21,22.5,0.89,1531,1,111.23091259765626,548,4.769999980926514,🔭LEAPS,HOLD,1
INTC,2026-07-24,130.0,0.83,8589,4914,152.5392998046875,2,105.44999694824219,🎲末日結算 🆕新倉暴量 ⚠️IV頂峰 🚬菸屁股 ⚠️暴動高IV(153%),GAMBLE,-1
SMCI,2026-07-24,40.0,0.01,2468,3224,156.25021875,2,25.5,🎲末日結算 🚨異常掃貨 🆕新倉暴量 ⚠️IV頂峰 🚬菸屁股 ⚠️尾段價外(57%) ⚠️暴動高IV(156%),GAMBLE,-1
INTC,2026-07-24,135.0,0.52,6205,3043,153.22289013671875,2,105.44999694824219,🎲末日結算 🆕新倉暴量 ⚠️IV頂峰 🚬菸屁股 ⚠️暴動高IV(153%),GAMBLE,-1
MU,2026-07-24,1500.0,0.02,1701,686,123.43788281249999,2,970.8200073242188,🎲末日結算 🆕新倉暴量 🚬菸屁股 ⚠️尾段價外(55%) ⚠️暴動高IV(123%),GAMBLE,-1
ORCL,2026-08-21,450.0,0.03,2191,326,159.37520312499998,30,127.05000305175781,🚀點火(19.2x) ⚠️IV頂峰 🚬菸屁股 ⚠️尾段價外(254%) ⚠️暴動高IV(159%),BUY_WATCH,-2
SMCI,2026-07-24,41.5,0.01,898,714,168.75015625,2,25.5,🎲末日結算 🆕新倉暴量 ⚠️IV頂峰 🚬菸屁股 ⚠️尾段價外(63%) ⚠️暴動高IV(169%),GAMBLE,-4
