Stock,Expiry,Strike,Ask,OpenInterest,Volume,IV,DTE,Spot,Tags,Action,Score
DKNG,2026-09-18,25.0,0.86,5761,8288,64.3558251953125,43,21.760000228881836,🚨異常掃貨 🆕新倉暴量 🚬菸屁股,STRONG_BUY,9
ONDS,2028-01-21,4.0,5.95,4465,5555,101.5629921875,533,8.869999885559082,🚨異常掃貨 🚀點火(>50x) 🔭LEAPS,STRONG_BUY,9
NVDA,2026-08-07,220.0,2.49,33476,159215,36.18227880859375,1,219.22000122070312,🎲末日結算 🚨異常掃貨 🚀點火(3.9x) 🔥萬人塚,GAMBLE,8
NVDA,2026-08-21,250.0,0.47,90135,18095,38.81897119140625,15,219.22000122070312,🚀點火(2.7x) 🚬菸屁股 🔥萬人塚,BUY_WATCH,8
SOFI,2026-12-18,24.0,1.04,2833,14691,59.08244042968751,134,18.25,🚨異常掃貨 🆕新倉暴量,STRONG_BUY,8
IBIT,2026-09-18,40.0,0.69,51294,7117,35.44986425781249,43,36.7400016784668,🚀點火(3.6x) 🚬菸屁股 🔥萬人塚,BUY_WATCH,8
TGT,2027-01-15,210.0,1.23,1000,5370,35.86489916992188,162,147.6999969482422,🚨異常掃貨 🆕新倉暴量,STRONG_BUY,8
OPEN,2028-01-21,10.0,0.83,34246,3951,102.53954980468751,533,3.759999990463257,🚀點火(9.3x) 🔭LEAPS 🔥萬人塚,BUY_WATCH,8
OPEN,2027-01-15,7.0,0.33,52281,3610,100.9770576171875,162,3.759999990463257,🚀點火(4.8x) 🚬菸屁股 🔥萬人塚,BUY_WATCH,8
IBIT,2028-06-16,100.0,1.59,33327,3199,53.12546875,680,36.7400016784668,🚀點火(20.4x) 🔭LEAPS 🔥萬人塚,BUY_WATCH,8
F,2026-09-18,17.0,0.07,48094,2677,37.11000390625,43,14.130000114440918,🚀點火(5.5x) 🚬菸屁股 🔥萬人塚,BUY_WATCH,8
NVDA,2028-01-21,300.0,24.5,93011,2633,45.898978515625004,533,219.22000122070312,🚀點火(6.6x) 🔭LEAPS 🔥萬人塚,BUY_WATCH,8
META,2026-09-18,730.0,2.49,1936,2583,41.80966394042969,43,588.77001953125,🚨異常掃貨 🆕新倉暴量,STRONG_BUY,8
U,2026-09-18,40.0,2.45,975,1348,79.44356494140624,43,35.470001220703125,🚨異常掃貨 🆕新倉暴量,STRONG_BUY,8
NVDA,2028-01-21,400.0,10.75,51322,430,44.96209823608398,533,219.22000122070312,🚀點火(13.4x) 🔭LEAPS 🔥萬人塚,BUY_WATCH,8
IBIT,2026-11-20,46.0,0.67,51596,410,39.86876538085938,106,36.7400016784668,🚀點火(4.0x) 🚬菸屁股 🔥萬人塚,BUY_WATCH,8
IBIT,2027-01-15,100.0,0.06,42235,324,61.914443359375014,162,36.7400016784668,🚀點火(6.4x) 🚬菸屁股 🔥萬人塚,BUY_WATCH,8
NVDA,2026-08-07,225.0,0.86,13271,153260,36.255520263671876,1,219.22000122070312,🎲末日結算 🚨異常掃貨 🚀點火(10.6x) 🚬菸屁股,GAMBLE,7
NVDA,2026-08-07,230.0,0.27,16819,64915,37.74476318359375,1,219.22000122070312,🎲末日結算 🚨異常掃貨 🆕新倉暴量 🚬菸屁股,GAMBLE,7
PLTR,2026-08-07,170.0,0.3,20349,43493,55.66450585937501,1,158.42999267578125,🎲末日結算 🚨異常掃貨 🆕新倉暴量 🚬菸屁股,GAMBLE,7
NVDA,2026-08-07,227.5,0.48,11519,40177,36.57289990234375,1,219.22000122070312,🎲末日結算 🚨異常掃貨 🚀點火(12.7x) 🚬菸屁股,GAMBLE,7
NVDA,2026-08-07,235.0,0.11,6196,27994,41.602146484375,1,219.22000122070312,🎲末日結算 🚨異常掃貨 🚀點火(7.7x) 🚬菸屁股,GAMBLE,7
PLTR,2026-08-07,167.5,0.49,11077,26126,53.906710937500016,1,158.42999267578125,🎲末日結算 🚨異常掃貨 🆕新倉暴量 🚬菸屁股,GAMBLE,7
PLTR,2026-08-07,180.0,0.07,11174,16386,66.79720703125001,1,158.42999267578125,🎲末日結算 🚨異常掃貨 🆕新倉暴量 🚬菸屁股,GAMBLE,7
GOOGL,2026-08-07,380.0,0.41,9382,15026,36.279934082031254,1,362.42999267578125,🎲末日結算 🚨異常掃貨 🆕新倉暴量 🚬菸屁股,GAMBLE,7
NVDA,2026-08-07,240.0,0.06,6856,14942,48.242705078125006,1,219.22000122070312,🎲末日結算 🚨異常掃貨 🆕新倉暴量 🚬菸屁股,GAMBLE,7
GOOGL,2026-08-07,385.0,0.2,4979,14696,38.7701435546875,1,362.42999267578125,🎲末日結算 🚨異常掃貨 🆕新倉暴量 🚬菸屁股,GAMBLE,7
PLTR,2026-08-07,175.0,0.12,9760,13879,60.35195898437502,1,158.42999267578125,🎲末日結算 🚨異常掃貨 🆕新倉暴量 🚬菸屁股,GAMBLE,7
TSLA,2026-08-07,335.0,0.88,5135,11245,41.87069848632812,1,321.54998779296875,🎲末日結算 🚨異常掃貨 🆕新倉暴量 🚬菸屁股,GAMBLE,7
GOOGL,2026-08-07,390.0,0.13,3973,8421,41.1138701171875,1,362.42999267578125,🎲末日結算 🚨異常掃貨 🆕新倉暴量 🚬菸屁股,GAMBLE,7
IBIT,2026-08-21,38.0,0.49,47266,8021,31.299515136718746,15,36.7400016784668,🚀點火(9.6x) 🚬菸屁股 🔥萬人塚 🏛️機構場,BUY_WATCH,7
GOOGL,2026-08-07,375.0,0.84,5780,7444,36.524072265625,1,362.42999267578125,🎲末日結算 🚨異常掃貨 🆕新倉暴量 🚬菸屁股,GAMBLE,7
GOOGL,2026-08-07,400.0,0.06,4515,7327,48.242705078125006,1,362.42999267578125,🎲末日結算 🚨異常掃貨 🆕新倉暴量 🚬菸屁股,GAMBLE,7
DIS,2026-08-07,105.0,0.18,2860,4419,30.274134765625,1,101.76000213623047,🎲末日結算 🚨異常掃貨 🆕新倉暴量 🚬菸屁股,GAMBLE,7
IBM,2026-08-07,245.0,0.57,885,3634,38.3795224609375,1,235.9199981689453,🎲末日結算 🚨異常掃貨 🚀點火(3.6x) 🚬菸屁股,GAMBLE,7
META,2026-08-07,625.0,0.82,1075,1961,45.825737060546885,1,588.77001953125,🎲末日結算 🚨異常掃貨 🚀點火(2.9x) 🚬菸屁股,GAMBLE,7
DIS,2026-08-07,103.0,0.56,1428,1862,31.201859863281246,1,101.76000213623047,🎲末日結算 🚨異常掃貨 🆕新倉暴量 🚬菸屁股,GAMBLE,7
DIS,2026-08-07,106.0,0.07,923,1572,32.031929687499996,1,101.76000213623047,🎲末日結算 🚨異常掃貨 🆕新倉暴量 🚬菸屁股,GAMBLE,7
UPST,2026-08-07,33.0,0.1,1014,1504,72.6565234375,1,30.200000762939453,🎲末日結算 🚨異常掃貨 🆕新倉暴量 🚬菸屁股,GAMBLE,7
NVDA,2026-08-07,222.5,1.51,16351,117604,36.15786499023437,1,219.22000122070312,🎲末日結算 🚨異常掃貨 🚀點火(5.6x),GAMBLE,6
MSTR,2026-08-07,98.0,2.76,11536,23170,67.87141503906251,1,98.37000274658203,🎲末日結算 🚨異常掃貨 🚀點火(6.0x),GAMBLE,6
MSTR,2026-08-07,99.0,2.21,12351,20186,67.43196630859377,1,98.37000274658203,🎲末日結算 🚨異常掃貨 🆕新倉暴量,GAMBLE,6
GOOGL,2026-08-07,370.0,1.79,2116,17864,35.44986425781249,1,362.42999267578125,🎲末日結算 🚨異常掃貨 🆕新倉暴量,GAMBLE,6
TSLA,2026-08-07,317.5,6.85,8290,17341,40.21055883789062,1,321.54998779296875,🎲末日結算 🚨異常掃貨 🆕新倉暴量,GAMBLE,6
TSLA,2026-08-07,332.5,1.23,7920,14553,41.26035302734374,1,321.54998779296875,🎲末日結算 🚨異常掃貨 🆕新倉暴量,GAMBLE,6
TSLA,2026-08-07,315.0,8.6,10185,14338,40.50352465820312,1,321.54998779296875,🎲末日結算 🚨異常掃貨 🆕新倉暴量,GAMBLE,6
PLTR,2026-08-07,162.5,1.39,6583,14221,52.417468017578116,1,158.42999267578125,🎲末日結算 🚨異常掃貨 🆕新倉暴量,GAMBLE,6
GOOGL,2026-08-07,365.0,3.5,2725,14202,36.69496899414062,1,362.42999267578125,🎲末日結算 🚨異常掃貨 🆕新倉暴量,GAMBLE,6
AAPL,2026-08-07,325.0,0.21,9155,11149,30.86006640625,1,311.0,🎲末日結算 🚨異常掃貨 🆕新倉暴量 🚬菸屁股 🏛️機構場,GAMBLE,6
IBIT,2026-09-18,42.0,0.36,24284,10502,36.03579589843749,43,36.7400016784668,🚀點火(>50x) 🚬菸屁股,BUY_WATCH,6
META,2026-08-07,610.0,2.3,2721,9554,42.8716650390625,1,588.77001953125,🎲末日結算 🚨異常掃貨 🚀點火(3.6x),GAMBLE,6
ANET,2026-08-07,200.0,4.25,5920,8071,70.38603833007812,1,197.30999755859375,🎲末日結算 🚨異常掃貨 🆕新倉暴量,GAMBLE,6
NVDA,2026-08-21,260.0,0.25,21905,7722,41.4068359375,15,219.22000122070312,🚀點火(15.1x) 🚬菸屁股,BUY_WATCH,6
TSLA,2026-08-07,312.5,10.68,5277,6840,41.01621484375,1,321.54998779296875,🎲末日結算 🚨異常掃貨 🆕新倉暴量,GAMBLE,6
META,2026-08-07,595.0,5.5,1729,4900,41.431249755859376,1,588.77001953125,🎲末日結算 🚨異常掃貨 🆕新倉暴量,GAMBLE,6
GOOGL,2026-08-21,410.0,0.63,6468,3574,36.75600354003906,15,362.42999267578125,🆕新倉暴量 🚬菸屁股,BUY_WATCH,6
U,2026-09-18,45.0,1.3,1105,3242,80.32246240234375,43,35.470001220703125,🚨異常掃貨 🆕新倉暴量 ⚠️暴動高IV(80%),STRONG_BUY,6
AVGO,2026-08-07,425.0,4.0,1772,3021,50.13477600097658,1,418.2799987792969,🎲末日結算 🚨異常掃貨 🆕新倉暴量,GAMBLE,6
NVDA,2026-08-21,255.0,0.34,8440,2913,40.039662109375,15,219.22000122070312,🚀點火(4.8x) 🚬菸屁股,BUY_WATCH,6
NVDA,2026-08-21,270.0,0.12,15730,2908,44.824770507812495,15,219.22000122070312,🚀點火(8.5x) 🚬菸屁股,BUY_WATCH,6
GOOGL,2026-08-07,362.5,4.74,1195,2872,37.64710791015625,1,362.42999267578125,🎲末日結算 🚨異常掃貨 🆕新倉暴量,GAMBLE,6
IBIT,2026-10-16,48.0,0.23,7680,2494,40.7232490234375,71,36.7400016784668,🚀點火(8.4x) 🚬菸屁股,BUY_WATCH,6
IBIT,2026-11-20,45.0,0.79,8120,2423,39.551385742187506,106,36.7400016784668,🚀點火(39.1x) 🚬菸屁股,BUY_WATCH,6
META,2026-08-07,615.0,1.57,794,2056,43.57966577148438,1,588.77001953125,🎲末日結算 🚨異常掃貨 🆕新倉暴量,GAMBLE,6
META,2026-08-21,700.0,0.96,21759,1926,45.26421923828126,15,588.77001953125,🚀點火(2.5x) 🚬菸屁股,BUY_WATCH,6
DKNG,2026-08-21,25.0,0.39,4094,1906,72.851833984375,15,21.760000228881836,🆕新倉暴量 🚬菸屁股,BUY_WATCH,6
AVGO,2026-08-07,440.0,1.16,1499,1831,47.90091162109375,1,418.2799987792969,🎲末日結算 🚨異常掃貨 🆕新倉暴量,GAMBLE,6
IBM,2026-08-21,275.0,0.52,4304,1673,43.60407958984375,15,235.9199981689453,🚀點火(15.9x) 🚬菸屁股,BUY_WATCH,6
NVDA,2028-01-21,260.0,35.0,8827,1624,46.65885861206055,533,219.22000122070312,🚀點火(>50x) 🔭LEAPS,BUY_WATCH,6
OPEN,2026-10-16,6.0,0.15,2505,1500,98.04689453125,71,3.759999990463257,🚀點火(18.3x) 🚬菸屁股,BUY_WATCH,6
OPEN,2026-11-20,5.0,0.42,6750,1461,97.26565234374999,106,3.759999990463257,🚀點火(5.6x) 🚬菸屁股,BUY_WATCH,6
AVGO,2026-08-07,435.0,1.63,829,1424,47.88870471191406,1,418.2799987792969,🎲末日結算 🚨異常掃貨 🆕新倉暴量,GAMBLE,6
DIS,2026-08-07,101.0,1.5,942,1376,30.811238769531247,1,101.76000213623047,🎲末日結算 🚨異常掃貨 🆕新倉暴量,GAMBLE,6
HOOD,2026-08-21,115.0,0.66,4534,1326,70.41045214843751,15,92.80000305175781,🚀點火(3.1x) 🚬菸屁股,BUY_WATCH,6
OPEN,2026-10-16,5.0,0.24,3565,1210,91.01571484374999,71,3.759999990463257,🚀點火(2.7x) 🚬菸屁股,BUY_WATCH,6
ACHR,2027-01-15,25.0,0.06,22961,1191,115.625421875,162,5.199999809265137,🚀點火(6.2x) 🚬菸屁股,BUY_WATCH,6
OPEN,2026-10-16,7.0,0.08,2915,1188,93.7500625,71,3.759999990463257,🚀點火(4.0x) 🚬菸屁股,BUY_WATCH,6
OPEN,2026-11-20,8.0,0.15,3776,1166,108.59420703125,106,3.759999990463257,🚀點火(5.4x) 🚬菸屁股,BUY_WATCH,6
SOFI,2028-06-16,20.0,6.15,28451,1069,69.336244140625,680,18.25,🚀點火(2.8x) 🔭LEAPS,BUY_WATCH,6
AVGO,2026-08-07,422.5,4.25,817,1011,49.81739636230469,1,418.2799987792969,🎲末日結算 🚨異常掃貨 🆕新倉暴量,GAMBLE,6
T,2026-09-18,24.0,0.54,7538,1008,28.418684570312493,43,23.059999465942383,🚀點火(2.8x) 🚬菸屁股,BUY_WATCH,6
UPST,2028-01-21,50.0,7.5,2580,984,82.47087841796873,533,30.200000762939453,🚀點火(9.0x) 🔭LEAPS,BUY_WATCH,6
DIS,2026-10-16,115.0,0.98,4259,954,27.246821289062495,71,101.76000213623047,🆕新倉暴量 🚬菸屁股,BUY_WATCH,6
BAC,2026-08-21,66.0,0.21,1459,929,20.0203310546875,15,63.25,🚀點火(12.9x) 🚬菸屁股,BUY_WATCH,6
SOFI,2027-01-15,40.0,0.18,27095,870,66.79720703125001,162,18.25,🚀點火(10.4x) 🚬菸屁股,BUY_WATCH,6
SOFI,2027-01-15,47.0,0.11,22105,866,71.48466015625,162,18.25,🚀點火(24.1x) 🚬菸屁股,BUY_WATCH,6
DKNG,2026-08-21,27.5,0.14,12380,857,76.17211328125,15,21.760000228881836,🚀點火(5.9x) 🚬菸屁股,BUY_WATCH,6
OPEN,2026-11-20,4.0,0.67,10560,840,96.0937890625,106,3.759999990463257,🚀點火(16.8x) 🚬菸屁股,BUY_WATCH,6
NVDA,2028-01-21,230.0,46.37,14027,801,48.15267912292481,533,219.22000122070312,🚀點火(3.9x) 🔭LEAPS,BUY_WATCH,6
U,2028-01-21,40.0,11.0,1325,769,77.11204528808592,533,35.470001220703125,🚀點火(11.8x) 🔭LEAPS,BUY_WATCH,6
NVDA,2028-01-21,200.0,59.95,27286,735,49.91199990844727,533,219.22000122070312,🚀點火(3.2x) 🔭LEAPS,BUY_WATCH,6
GOOGL,2026-08-21,405.0,0.87,1628,734,35.81607153320313,15,362.42999267578125,🆕新倉暴量 🚬菸屁股,BUY_WATCH,6
SOFI,2028-01-21,18.0,5.75,12378,705,68.43293286132813,533,18.25,🚀點火(2.9x) 🔭LEAPS,BUY_WATCH,6
HOOD,2026-11-20,230.0,0.4,1341,702,82.42205078125,106,92.80000305175781,🆕新倉暴量 🚬菸屁股,BUY_WATCH,6
SOFI,2028-01-21,35.0,2.35,15689,639,66.11362011718751,533,18.25,🚀點火(20.6x) 🔭LEAPS,BUY_WATCH,6
SMR,2027-01-15,40.0,0.23,7330,636,121.28945605468748,162,9.380000114440918,🚀點火(21.9x) 🚬菸屁股,BUY_WATCH,6
ONDS,2028-01-21,5.0,5.5,16633,629,104.68797656250001,533,8.869999885559082,🚀點火(4.2x) 🔭LEAPS,BUY_WATCH,6
DIS,2028-01-21,160.0,2.55,855,629,32.56903369140625,533,101.76000213623047,🆕新倉暴量 🔭LEAPS,BUY_WATCH,6
T,2026-09-18,27.0,0.08,7683,607,28.321029296874993,43,23.059999465942383,🚀點火(8.0x) 🚬菸屁股,BUY_WATCH,6
F,2027-01-15,16.0,0.73,4829,492,38.330694824218746,162,14.130000114440918,🚀點火(4.5x) 🚬菸屁股,BUY_WATCH,6
GOOGL,2026-08-21,425.0,0.28,1241,471,41.91952612304687,15,362.42999267578125,🆕新倉暴量 🚬菸屁股,BUY_WATCH,6
MSTR,2028-01-21,700.0,3.67,7592,457,89.94150683593749,533,98.37000274658203,🚀點火(5.7x) 🔭LEAPS,BUY_WATCH,6
NVDA,2028-01-21,350.0,16.55,28385,454,45.0200810546875,533,219.22000122070312,🚀點火(20.6x) 🔭LEAPS,BUY_WATCH,6
META,2026-08-21,710.0,0.67,2761,450,46.7778759765625,15,588.77001953125,🚀點火(5.2x) 🚬菸屁股,BUY_WATCH,6
PATH,2026-11-20,21.0,0.55,1129,445,74.60962890625001,106,13.819999694824219,🆕新倉暴量 🚬菸屁股,BUY_WATCH,6
OPEN,2026-12-18,5.0,0.5,2247,426,107.42233789062503,134,3.759999990463257,🚀點火(4.4x) 🚬菸屁股,BUY_WATCH,6
T,2026-08-21,23.0,0.6,19637,406,30.762411132812495,15,23.059999465942383,🚀點火(2.7x) 🚬菸屁股,BUY_WATCH,6
ONDS,2028-01-21,2.0,7.05,1316,381,113.8676181640625,533,8.869999885559082,🚀點火(13.1x) 🔭LEAPS,BUY_WATCH,6
NVDA,2027-01-15,400.0,0.94,6182,374,46.7778759765625,162,219.22000122070312,🚀點火(4.8x) 🚬菸屁股,BUY_WATCH,6
PACB,2026-12-18,2.0,0.2,1280,362,129.297228515625,134,1.2999999523162842,🚀點火(9.1x) 🚬菸屁股,BUY_WATCH,6
OPEN,2026-12-18,7.0,0.26,961,349,90.429783203125,134,3.759999990463257,🚀點火(6.6x) 🚬菸屁股,BUY_WATCH,6
SMR,2028-01-21,15.0,3.4,7957,347,106.39695239257816,533,9.380000114440918,🚀點火(7.1x) 🔭LEAPS,BUY_WATCH,6
ORLY,2026-08-21,100.0,0.37,1787,338,29.46847875976562,15,93.44000244140625,🚀點火(5.3x) 🚬菸屁股,BUY_WATCH,6
JOBY,2028-01-21,3.0,5.4,1423,327,108.984830078125,533,7.800000190734863,🚀點火(14.9x) 🔭LEAPS,BUY_WATCH,6
OPEN,2028-01-21,12.0,0.71,4168,322,106.15281298828126,533,3.759999990463257,🚀點火(3.9x) 🔭LEAPS,BUY_WATCH,6
SOFI,2028-06-16,45.0,2.19,4882,314,68.13996704101564,680,18.25,🚀點火(15.7x) 🔭LEAPS,BUY_WATCH,6
IBIT,2028-01-21,40.0,7.9,5219,302,51.79491564941407,533,36.7400016784668,🚀點火(4.1x) 🔭LEAPS,BUY_WATCH,6
SOFI,2028-01-21,25.0,3.93,15769,298,66.60189648437502,533,18.25,🚀點火(4.9x) 🔭LEAPS,BUY_WATCH,6
NVDA,2028-01-21,220.0,50.78,8745,289,48.66079171752929,533,219.22000122070312,🚀點火(4.7x) 🔭LEAPS,BUY_WATCH,6
JOBY,2027-01-15,40.0,0.06,5285,287,109.375453125,162,7.800000190734863,🚀點火(11.5x) 🚬菸屁股,BUY_WATCH,6
SOFI,2028-06-16,27.0,4.45,4414,263,67.0169313964844,680,18.25,🚀點火(5.5x) 🔭LEAPS,BUY_WATCH,6
NVDA,2028-06-16,300.0,31.75,5984,222,46.62071202087403,680,219.22000122070312,🚀點火(2.7x) 🔭LEAPS,BUY_WATCH,6
IBIT,2026-08-21,43.0,0.03,8773,221,39.063109374999996,15,36.7400016784668,🚀點火(2.9x) 🚬菸屁股,BUY_WATCH,6
SOFI,2028-01-21,47.0,1.36,6971,221,65.96713720703126,533,18.25,🚀點火(6.3x) 🔭LEAPS,BUY_WATCH,6
T,2027-01-15,28.0,0.32,1425,205,28.46751220703124,162,23.059999465942383,🚀點火(5.1x) 🚬菸屁股,BUY_WATCH,6
SMR,2026-11-20,20.0,0.43,4947,182,113.47699511718751,106,9.380000114440918,🚀點火(7.3x) 🚬菸屁股,BUY_WATCH,6
IBIT,2028-01-21,100.0,0.84,14403,156,51.92919165039063,533,36.7400016784668,🚀點火(4.1x) 🔭LEAPS,BUY_WATCH,6
IBIT,2027-01-15,55.0,0.48,16657,153,43.40876904296876,162,36.7400016784668,🚀點火(2.7x) 🚬菸屁股,BUY_WATCH,6
U,2027-01-15,70.0,0.97,2763,153,73.97486962890623,162,35.470001220703125,🚀點火(5.3x) 🚬菸屁股,BUY_WATCH,6
SMCI,2026-12-18,120.0,0.31,11303,150,111.23091259765626,134,30.31999969482422,🚀點火(4.1x) 🚬菸屁股,BUY_WATCH,6
TSLA,2027-01-15,990.0,0.85,13500,144,71.19169433593751,162,321.54998779296875,🚀點火(2.7x) 🚬菸屁股,BUY_WATCH,6
U,2028-01-21,50.0,8.7,1593,139,74.7072841796875,533,35.470001220703125,🚀點火(7.0x) 🔭LEAPS,BUY_WATCH,6
T,2027-01-15,27.0,0.5,20692,135,29.63937548828125,162,23.059999465942383,🚀點火(2.6x) 🚬菸屁股,BUY_WATCH,6
T,2026-12-18,28.0,0.26,2324,128,31.78779150390625,134,23.059999465942383,🚀點火(4.3x) 🚬菸屁股,BUY_WATCH,6
NVDA,2026-10-16,350.0,0.36,7758,126,49.68312036132813,71,219.22000122070312,🚀點火(4.5x) 🚬菸屁股,BUY_WATCH,6
OPEN,2028-01-21,2.0,2.32,2385,107,98.63282617187501,533,3.759999990463257,🚀點火(2.9x) 🔭LEAPS,BUY_WATCH,6
SMR,2028-01-21,20.0,2.77,4543,106,106.39695239257816,533,9.380000114440918,🚀點火(2.6x) 🔭LEAPS,BUY_WATCH,6
SOFI,2027-01-15,37.0,0.26,3193,100,65.23472265625001,162,18.25,🚀點火(4.0x) 🚬菸屁股,BUY_WATCH,6
HOOD,2026-12-18,290.0,0.29,10013,100,82.37322314453124,134,92.80000305175781,🚀點火(4.5x) 🚬菸屁股,BUY_WATCH,6
NVDA,2027-01-15,420.0,0.73,11009,94,47.852083984375,162,219.22000122070312,🚀點火(3.4x) 🚬菸屁股,BUY_WATCH,6
SOUN,2028-01-21,3.0,4.05,1274,91,87.500125,533,6.429999828338623,🚀點火(2.8x) 🔭LEAPS,BUY_WATCH,6
UPST,2028-01-21,40.0,9.41,2415,78,79.80977221679689,533,30.200000762939453,🚀點火(3.7x) 🔭LEAPS,BUY_WATCH,6
NVDA,2026-08-07,215.0,5.43,34410,42179,37.89124609375,1,219.22000122070312,🎲末日結算 🚨異常掃貨 🔥萬人塚,GAMBLE,5
IBIT,2026-08-07,37.0,0.23,42378,38345,26.563234375,1,36.7400016784668,🎲末日結算 🆕新倉暴量 🚬菸屁股 🔥萬人塚 🏛️機構場,GAMBLE,5
RKLB,2026-08-07,80.0,0.7,4858,34819,88.37902246093749,1,74.81999969482422,🎲末日結算 🚨異常掃貨 🚀點火(4.6x) 🚬菸屁股 ⚠️暴動高IV(88%),GAMBLE,5
NVDA,2026-08-21,230.0,2.99,79327,33815,37.51283190917969,15,219.22000122070312,🚀點火(3.4x) 🔥萬人塚,HOLD,5
NVDA,2026-08-21,225.0,4.61,31534,30607,37.793590820312495,15,219.22000122070312,🚀點火(2.7x) 🔥萬人塚,HOLD,5
AAPL,2026-08-07,312.5,2.26,7965,30176,26.612062011718752,1,311.0,🎲末日結算 🚨異常掃貨 🆕新倉暴量 🏛️機構場,GAMBLE,5
ASTS,2026-08-07,75.0,0.55,4776,27048,101.85595947265624,1,68.37999725341797,🎲末日結算 🚨異常掃貨 🚀點火(4.1x) 🚬菸屁股 ⚠️暴動高IV(102%),GAMBLE,5
OPEN,2026-08-07,4.0,0.04,15662,23772,84.37515624999999,1,3.759999990463257,🎲末日結算 🚨異常掃貨 🆕新倉暴量 🚬菸屁股 ⚠️暴動高IV(84%),GAMBLE,5
INTC,2026-08-07,110.0,0.49,13897,20571,82.226740234375,1,101.05999755859375,🎲末日結算 🚨異常掃貨 🆕新倉暴量 🚬菸屁股 ⚠️暴動高IV(82%),GAMBLE,5
NVDA,2027-01-15,240.0,17.88,41162,7079,43.945873046875,162,219.22000122070312,🚀點火(9.0x) 🔥萬人塚,HOLD,5
XYZ,2026-08-07,100.0,0.33,914,6300,128.51598242187498,1,84.19999694824219,🎲末日結算 🚨異常掃貨 🆕新倉暴量 🚬菸屁股 ⚠️暴動高IV(129%),GAMBLE,5
NVDA,2026-09-18,300.0,0.47,30658,4377,47.070841796875,43,219.22000122070312,🚀點火(4.2x) 🚬菸屁股 🔥萬人塚 ⚠️尾段價外(37%),BUY_WATCH,5
IBIT,2026-08-21,37.5,0.64,14235,3759,31.445998046874994,15,36.7400016784668,🆕新倉暴量 🚬菸屁股 🏛️機構場,BUY_WATCH,5
IREN,2026-08-07,44.5,0.22,1042,1634,113.28168359375002,1,38.88999938964844,🎲末日結算 🚨異常掃貨 🆕新倉暴量 🚬菸屁股 ⚠️暴動高IV(113%),GAMBLE,5
NVDA,2027-01-15,230.0,21.86,34819,1318,44.52570123291015,162,219.22000122070312,🚀點火(3.0x) 🔥萬人塚,HOLD,5
DKNG,2026-08-07,26.5,0.06,981,1290,142.1877890625,1,21.760000228881836,🎲末日結算 🚨異常掃貨 🆕新倉暴量 🚬菸屁股 ⚠️暴動高IV(142%),GAMBLE,5
IBIT,2026-09-18,55.0,0.05,34789,960,53.12546875,43,36.7400016784668,🚀點火(34.3x) 🚬菸屁股 🔥萬人塚 ⚠️尾段價外(50%),BUY_WATCH,5
SHOP,2026-09-18,175.0,2.55,44069,876,55.18843640136719,43,144.24000549316406,🚀點火(15.6x) 🔥萬人塚,HOLD,5
NVDA,2027-01-15,290.0,6.51,38176,423,42.856406402587886,162,219.22000122070312,🚀點火(2.7x) 🔥萬人塚,HOLD,5
SHOP,2026-09-18,195.0,0.87,82802,50,54.394987304687504,43,144.24000549316406,🚀點火(2.5x) 🚬菸屁股 🔥萬人塚 ⚠️尾段價外(35%),BUY_WATCH,5
PLTR,2026-08-07,165.0,0.86,20952,29392,52.97898583984376,1,158.42999267578125,🎲末日結算 🚨異常掃貨 🚬菸屁股,GAMBLE,4
TSLA,2026-08-07,350.0,0.17,15651,19904,49.414568359375004,1,321.54998779296875,🎲末日結算 🚨異常掃貨 🚬菸屁股,GAMBLE,4
TSLA,2026-08-07,340.0,0.46,10122,15129,43.6529072265625,1,321.54998779296875,🎲末日結算 🚨異常掃貨 🚬菸屁股,GAMBLE,4
MSTR,2026-08-07,105.0,0.5,14051,11247,70.21514160156251,1,98.37000274658203,🎲末日結算 🆕新倉暴量 🚬菸屁股,GAMBLE,4
SOFI,2026-08-07,18.5,0.2,22168,10879,48.04739453125,1,18.25,🎲末日結算 🆕新倉暴量 🚬菸屁股,GAMBLE,4
OPEN,2026-08-07,4.5,0.01,36698,9832,106.25046875000001,1,3.759999990463257,🎲末日結算 🆕新倉暴量 🚬菸屁股 🔥萬人塚 ⚠️暴動高IV(106%),GAMBLE,4
SOFI,2026-08-07,20.0,0.01,14511,8924,56.250437500000004,1,18.25,🎲末日結算 🆕新倉暴量 🚬菸屁股,GAMBLE,4
MSTR,2026-08-07,110.0,0.15,7368,8711,74.60962890625001,1,98.37000274658203,🎲末日結算 🆕新倉暴量 🚬菸屁股,GAMBLE,4
AMD,2026-08-07,550.0,0.48,6760,7881,79.5900478515625,1,482.04998779296875,🎲末日結算 🆕新倉暴量 🚬菸屁股,GAMBLE,4
DKNG,2026-08-07,24.0,0.31,4364,6904,128.125359375,1,21.760000228881836,🎲末日結算 🚨異常掃貨 🚬菸屁股,GAMBLE,4
HOOD,2026-08-07,96.0,0.98,2150,5996,64.9417568359375,1,92.80000305175781,🎲末日結算 🚨異常掃貨 🚬菸屁股,GAMBLE,4
HOOD,2026-08-07,99.0,0.44,1656,5514,66.79720703125001,1,92.80000305175781,🎲末日結算 🚨異常掃貨 🚬菸屁股,GAMBLE,4
T,2026-08-07,24.0,0.02,7608,5397,32.813171874999995,1,23.059999465942383,🎲末日結算 🆕新倉暴量 🚬菸屁股,GAMBLE,4
NVDA,2026-08-07,250.0,0.03,9621,4487,57.812921875,1,219.22000122070312,🎲末日結算 🆕新倉暴量 🚬菸屁股,GAMBLE,4
GOOG,2026-08-07,390.0,0.1,9169,4352,42.9693203125,1,360.1300048828125,🎲末日結算 🆕新倉暴量 🚬菸屁股,GAMBLE,4
COIN,2026-08-07,160.0,0.88,7097,3943,71.33817724609376,1,149.88999938964844,🎲末日結算 🆕新倉暴量 🚬菸屁股,GAMBLE,4
ASTS,2026-08-07,69.0,2.11,1509,3925,96.92385888671875,1,68.37999725341797,🎲末日結算 🚨異常掃貨 🆕新倉暴量 ⚠️暴動高IV(97%),GAMBLE,4
PATH,2026-08-07,14.0,0.24,9792,3696,64.062859375,1,13.819999694824219,🎲末日結算 🆕新倉暴量 🚬菸屁股,GAMBLE,4
HIMS,2026-08-07,32.5,0.52,1385,3618,75.97680273437501,1,31.649999618530273,🎲末日結算 🚨異常掃貨 🚬菸屁股,GAMBLE,4
GOOGL,2026-08-07,405.0,0.06,3178,3505,51.95360546875,1,362.42999267578125,🎲末日結算 🆕新倉暴量 🚬菸屁股,GAMBLE,4
AAPL,2026-08-07,335.0,0.04,6379,3501,35.938140624999996,1,311.0,🎲末日結算 🆕新倉暴量 🚬菸屁股,GAMBLE,4
T,2026-08-07,23.0,0.29,4817,3380,29.883513671874994,1,23.059999465942383,🎲末日結算 🆕新倉暴量 🚬菸屁股,GAMBLE,4
META,2026-08-07,650.0,0.2,1964,3185,52.246571289062494,1,588.77001953125,🎲末日結算 🚨異常掃貨 🚬菸屁股,GAMBLE,4
DIS,2026-08-07,102.0,0.97,2926,3106,30.02999658203125,1,101.76000213623047,🎲末日結算 🆕新倉暴量 🚬菸屁股,GAMBLE,4
RKLB,2026-08-07,78.0,1.17,1475,3054,87.7930908203125,1,74.81999969482422,🎲末日結算 🚨異常掃貨 🆕新倉暴量 ⚠️暴動高IV(88%),GAMBLE,4
OPEN,2026-08-21,4.0,0.17,7586,2934,83.59391406249999,15,3.759999990463257,🚀點火(3.2x) 🚬菸屁股 ⚠️暴動高IV(84%),BUY_WATCH,4
AVGO,2026-08-07,450.0,0.35,2004,2258,48.92629199218751,1,418.2799987792969,🎲末日結算 🆕新倉暴量 🚬菸屁股,GAMBLE,4
UPST,2026-08-07,32.0,0.22,1769,2240,74.2190078125,1,30.200000762939453,🎲末日結算 🚨異常掃貨 🚬菸屁股,GAMBLE,4
PATH,2026-08-07,14.5,0.11,2694,2215,65.62534375000001,1,13.819999694824219,🎲末日結算 🆕新倉暴量 🚬菸屁股,GAMBLE,4
RKLB,2026-08-07,77.0,1.45,1345,2065,87.0118486328125,1,74.81999969482422,🎲末日結算 🚨異常掃貨 🆕新倉暴量 ⚠️暴動高IV(87%),GAMBLE,4
ASTS,2026-08-07,71.0,1.4,990,2022,98.53517089843751,1,68.37999725341797,🎲末日結算 🚨異常掃貨 🆕新倉暴量 ⚠️暴動高IV(99%),GAMBLE,4
SOFI,2026-08-07,20.5,0.01,5096,1965,59.375406250000005,1,18.25,🎲末日結算 🆕新倉暴量 🚬菸屁股,GAMBLE,4
ONDS,2026-08-21,10.5,0.38,1604,1417,116.01604492187501,15,8.869999885559082,🚀點火(2.7x) 🚬菸屁股 ⚠️暴動高IV(116%),BUY_WATCH,4
ONDS,2026-08-21,12.0,0.18,6221,1245,123.43788281249999,15,8.869999885559082,🚀點火(4.1x) 🚬菸屁股 ⚠️暴動高IV(123%),BUY_WATCH,4
TDOC,2026-08-07,7.0,0.1,3243,1152,58.5941640625,1,6.929999828338623,🎲末日結算 🆕新倉暴量 🚬菸屁股,GAMBLE,4
AVGO,2026-08-07,500.0,0.01,2688,1135,65.62534375000001,1,418.2799987792969,🎲末日結算 🆕新倉暴量 🚬菸屁股,GAMBLE,4
DIS,2026-08-07,110.0,0.01,4192,1093,39.45373046875,1,101.76000213623047,🎲末日結算 🆕新倉暴量 🚬菸屁股,GAMBLE,4
DIS,2026-08-07,104.0,0.35,1033,1020,30.51827294921875,1,101.76000213623047,🎲末日結算 🆕新倉暴量 🚬菸屁股,GAMBLE,4
GOOGL,2026-08-07,395.0,0.07,2016,1001,43.7505625,1,362.42999267578125,🎲末日結算 🆕新倉暴量 🚬菸屁股,GAMBLE,4
ACHR,2026-09-18,6.0,0.34,1805,978,85.1563984375,43,5.199999809265137,🚀點火(2.8x) 🚬菸屁股 ⚠️暴動高IV(85%),BUY_WATCH,4
META,2026-08-07,660.0,0.17,2731,969,55.1762294921875,1,588.77001953125,🎲末日結算 🆕新倉暴量 🚬菸屁股,GAMBLE,4
GOOGL,2026-08-07,410.0,0.03,1774,966,50.7817421875,1,362.42999267578125,🎲末日結算 🆕新倉暴量 🚬菸屁股,GAMBLE,4
DIS,2026-08-07,108.0,0.04,939,797,35.1568984375,1,101.76000213623047,🎲末日結算 🆕新倉暴量 🚬菸屁股,GAMBLE,4
META,2026-08-07,745.0,0.01,808,795,78.12521875,1,588.77001953125,🎲末日結算 🆕新倉暴量 🚬菸屁股,GAMBLE,4
MSFT,2027-01-15,625.0,8.35,51776,789,33.86296606445312,162,487.4599914550781,🚀點火(5.1x) 🔥萬人塚 🏛️機構場,HOLD,4
UPST,2026-08-07,30.5,0.8,1397,717,73.04714453125,1,30.200000762939453,🎲末日結算 🆕新倉暴量 🚬菸屁股,GAMBLE,4
U,2026-08-21,45.0,0.65,1241,673,100.48877880859375,15,35.470001220703125,🚀點火(2.9x) 🚬菸屁股 ⚠️暴動高IV(100%),BUY_WATCH,4
UPST,2026-08-07,30.0,0.83,1450,652,72.6565234375,1,30.200000762939453,🎲末日結算 🆕新倉暴量 🚬菸屁股,GAMBLE,4
META,2026-08-07,632.5,0.5,1783,642,47.77884252929688,1,588.77001953125,🎲末日結算 🆕新倉暴量 🚬菸屁股,GAMBLE,4
GOOGL,2026-08-07,420.0,0.02,2564,541,68.35969140625001,1,362.42999267578125,🎲末日結算 🆕新倉暴量 🚬菸屁股,GAMBLE,4
HIMS,2026-08-07,31.5,0.95,856,407,74.7072841796875,1,31.649999618530273,🎲末日結算 🆕新倉暴量 🚬菸屁股,GAMBLE,4
NTLA,2026-08-21,13.0,0.25,1766,177,107.81296093750001,15,10.970000267028809,🚀點火(3.2x) 🚬菸屁股 ⚠️暴動高IV(108%),BUY_WATCH,4
TSLA,2026-08-07,325.0,3.1,10042,36653,39.96642065429688,1,321.54998779296875,🎲末日結算 🚨異常掃貨,GAMBLE,3
INTC,2026-08-07,100.0,3.3,8265,29095,80.1759794921875,1,101.05999755859375,🎲末日結算 🚨異常掃貨,GAMBLE,3
AAPL,2026-08-07,320.0,0.55,18314,27840,28.906960937499992,1,311.0,🎲末日結算 🚨異常掃貨 🚬菸屁股 🏛️機構場,GAMBLE,3
PLTR,2026-08-07,160.0,2.24,15099,23615,51.90477783203124,1,158.42999267578125,🎲末日結算 🚨異常掃貨,GAMBLE,3
TSLA,2026-08-07,320.0,5.37,7049,23533,39.942006835937505,1,321.54998779296875,🎲末日結算 🚨異常掃貨,GAMBLE,3
INTC,2026-08-07,105.0,1.4,8815,19935,79.687703125,1,101.05999755859375,🎲末日結算 🚨異常掃貨,GAMBLE,3
NVDA,2026-08-07,210.0,9.49,58309,19871,43.21345849609375,1,219.22000122070312,🎲末日結算 🆕新倉暴量 🔥萬人塚,HOLD,3
TSLA,2026-08-07,327.5,2.27,6128,16791,40.21055883789062,1,321.54998779296875,🎲末日結算 🚨異常掃貨,GAMBLE,3
META,2026-08-07,600.0,4.3,4817,15018,41.19931848144531,1,588.77001953125,🎲末日結算 🚨異常掃貨,GAMBLE,3
GOOGL,2026-08-21,400.0,1.21,25417,14674,34.61979443359374,15,362.42999267578125,🆕新倉暴量,HOLD,3
NVDA,2026-09-18,235.0,6.97,20281,12942,41.77914666748046,43,219.22000122070312,🚀點火(3.5x),HOLD,3
GOOGL,2026-08-21,390.0,2.25,13240,11619,34.54655297851562,15,362.42999267578125,🆕新倉暴量,HOLD,3
IREN,2026-12-18,60.0,5.0,12899,11563,110.88911743164064,134,38.88999938964844,🆕新倉暴量,HOLD,3
NVDA,2026-09-18,260.0,2.1,19417,10833,41.87069848632812,43,219.22000122070312,🆕新倉暴量,HOLD,3
NVDA,2026-08-07,207.5,12.25,41685,8636,55.078574218750006,1,219.22000122070312,🎲末日結算 🆕新倉暴量 🔥萬人塚,HOLD,3
IBIT,2026-08-07,36.5,0.47,17245,8484,27.735097656249998,1,36.7400016784668,🎲末日結算 🆕新倉暴量 🚬菸屁股 🏛️機構場,GAMBLE,3
ORCL,2026-08-07,148.0,1.57,2584,7318,58.789474609375006,1,144.38999938964844,🎲末日結算 🚨異常掃貨,GAMBLE,3
GOOGL,2026-09-18,400.0,5.14,15014,6581,34.10100079345704,43,362.42999267578125,🆕新倉暴量,HOLD,3
NVDA,2026-10-16,270.0,3.0,6109,6541,41.699801757812494,71,219.22000122070312,🆕新倉暴量,HOLD,3
SOFI,2027-01-15,30.0,0.52,70904,6362,61.426166992187504,162,18.25,🚬菸屁股 🔥萬人塚,HOLD,3
AMD,2026-08-21,500.0,21.0,11687,6348,69.26300268554688,15,482.04998779296875,🆕新倉暴量,HOLD,3
DKNG,2026-09-18,30.0,0.23,11474,6268,66.21127539062502,43,21.760000228881836,🚀點火(20.7x) 🚬菸屁股 ⚠️尾段價外(38%),BUY_WATCH,3
XYZ,2026-09-18,100.0,1.58,5336,6254,51.78270874023438,43,84.19999694824219,🆕新倉暴量,HOLD,3
NVDA,2026-09-18,215.0,15.24,24074,5350,43.21956195068359,43,219.22000122070312,🆕新倉暴量,HOLD,3
GOOGL,2026-08-21,380.0,4.2,11949,5084,34.33293206787109,15,362.42999267578125,🆕新倉暴量,HOLD,3
SOFI,2026-08-21,20.0,0.22,53368,5034,50.19581054687501,15,18.25,🚬菸屁股 🔥萬人塚,HOLD,3
VST,2026-12-18,235.0,2.28,5055,5004,58.96037133789063,134,140.5800018310547,🆕新倉暴量,HOLD,3
NVDA,2026-11-20,260.0,7.76,7358,4615,43.353837951660154,106,219.22000122070312,🆕新倉暴量,HOLD,3
AVGO,2026-08-21,500.0,1.01,16666,4231,49.92725854492188,15,418.2799987792969,🆕新倉暴量,HOLD,3
VST,2026-11-20,190.0,4.5,4125,4030,57.2391971435547,106,140.5800018310547,🆕新倉暴量,HOLD,3
DIS,2026-08-21,105.0,1.14,10556,4007,28.27220166015625,15,101.76000213623047,🆕新倉暴量,HOLD,3
RKLB,2026-08-07,76.0,1.88,1470,3981,86.32826171875,1,74.81999969482422,🎲末日結算 🚨異常掃貨,GAMBLE,3
ONDS,2026-09-18,10.0,0.92,45502,3944,106.93405908203127,43,8.869999885559082,🚬菸屁股 🔥萬人塚,HOLD,3
NVDA,2026-11-20,220.0,21.0,12253,3865,45.514460876464845,106,219.22000122070312,🆕新倉暴量,HOLD,3
META,2026-08-07,620.0,1.16,2438,3848,44.55621850585938,1,588.77001953125,🎲末日結算 🚨異常掃貨,GAMBLE,3
NVDA,2026-10-16,260.0,4.37,17020,3733,41.55331884765625,71,219.22000122070312,🆕新倉暴量,HOLD,3
ASTS,2026-09-18,120.0,1.41,2938,3677,116.30901220703124,43,68.37999725341797,🚨異常掃貨 🆕新倉暴量 ⚠️尾段價外(75%) ⚠️暴動高IV(116%),STRONG_BUY,3
NVDA,2026-08-21,285.0,0.07,8251,3539,50.29346582031251,15,219.22000122070312,🚀點火(17.0x) 🚬菸屁股 ⚠️尾段價外(30%),BUY_WATCH,3
IBM,2026-08-07,240.0,1.5,2007,3484,37.76917700195312,1,235.9199981689453,🎲末日結算 🚨異常掃貨,GAMBLE,3
OPEN,2026-08-21,5.0,0.03,32397,3471,96.87503124999999,15,3.759999990463257,🚬菸屁股 🔥萬人塚,HOLD,3
NVDA,2026-09-18,265.0,1.84,7322,3313,42.175871215820315,43,219.22000122070312,🆕新倉暴量,HOLD,3
MSTR,2026-08-21,110.0,2.28,8642,3083,72.11941943359376,15,98.37000274658203,🆕新倉暴量,HOLD,3
NVDA,2026-11-20,225.0,18.5,6586,2855,45.0628052368164,106,219.22000122070312,🆕新倉暴量,HOLD,3
GOOGL,2026-09-18,410.0,3.6,11818,2802,34.48551843261719,43,362.42999267578125,🆕新倉暴量,HOLD,3
SOFI,2026-09-18,19.0,1.0,7665,2783,51.70946728515625,43,18.25,🆕新倉暴量,HOLD,3
GOOGL,2026-08-21,385.0,3.2,7288,2781,35.034829345703116,15,362.42999267578125,🆕新倉暴量,HOLD,3
META,2026-09-18,700.0,4.85,7458,2665,40.75681802368164,43,588.77001953125,🆕新倉暴量,HOLD,3
GOOG,2027-01-15,400.0,21.0,11189,2651,37.898875411987305,162,360.1300048828125,🆕新倉暴量,HOLD,3
NVDA,2026-10-16,225.0,14.0,8795,2606,42.66414758300782,71,219.22000122070312,🆕新倉暴量,HOLD,3
MSTR,2026-08-21,130.0,0.44,8059,2583,77.53928710937501,15,98.37000274658203,🚀點火(10.2x) 🚬菸屁股 ⚠️尾段價外(32%),BUY_WATCH,3
ORCL,2026-08-07,146.0,2.35,1087,2435,58.25237060546875,1,144.38999938964844,🎲末日結算 🚨異常掃貨,GAMBLE,3
SOFI,2026-09-18,20.0,0.68,30624,2344,51.465329101562496,43,18.25,🚬菸屁股 🔥萬人塚,HOLD,3
HOOD,2026-12-18,130.0,5.9,3658,2228,71.54569470214844,134,92.80000305175781,🆕新倉暴量,HOLD,3
DIS,2026-09-18,105.0,2.5,4177,2219,27.222407470703118,43,101.76000213623047,🆕新倉暴量,HOLD,3
GOOGL,2026-08-21,375.0,5.7,5359,2171,34.699139343261706,15,362.42999267578125,🆕新倉暴量,HOLD,3
GOOGL,2026-09-18,440.0,1.2,3768,2130,35.85269226074219,43,362.42999267578125,🆕新倉暴量,HOLD,3
CRWV,2026-10-16,140.0,4.0,3268,2122,98.63282617187501,71,89.88999938964844,🆕新倉暴量,HOLD,3
SOFI,2026-08-21,18.0,0.91,38783,2042,51.17236328125,15,18.25,🚬菸屁股 🔥萬人塚,HOLD,3
VST,2026-11-20,240.0,1.07,2142,2006,61.69471899414063,106,140.5800018310547,🆕新倉暴量,HOLD,3
LUNR,2026-12-18,26.0,1.4,2063,2001,115.96721704101563,134,13.989999771118164,🆕新倉暴量,HOLD,3
META,2026-08-07,605.0,3.03,1061,1908,41.57773266601562,1,588.77001953125,🎲末日結算 🚨異常掃貨,GAMBLE,3
NVDA,2026-09-18,350.0,0.15,24084,1857,54.98091894531252,43,219.22000122070312,🚀點火(5.8x) 🚬菸屁股 ⚠️尾段價外(60%),BUY_WATCH,3
NVDA,2026-08-21,280.0,0.08,11915,1819,48.1450498046875,15,219.22000122070312,🚀點火(6.8x) 🚬菸屁股 ⚠️尾段價外(28%),BUY_WATCH,3
DIS,2026-09-18,110.0,1.11,5816,1682,26.905027832031248,43,101.76000213623047,🆕新倉暴量,HOLD,3
NVDA,2026-08-21,300.0,0.04,28673,1360,54.297332031250015,15,219.22000122070312,🚀點火(3.1x) 🚬菸屁股 ⚠️尾段價外(37%),BUY_WATCH,3
ORCL,2026-08-07,147.0,1.9,1070,1317,58.350025878906244,1,144.38999938964844,🎲末日結算 🚨異常掃貨,GAMBLE,3
META,2026-08-21,1000.0,0.02,2294,1304,76.95335546875,15,588.77001953125,🚀點火(4.8x) 🚬菸屁股 ⚠️尾段價外(70%),BUY_WATCH,3
GOOGL,2026-09-18,405.0,4.32,1784,1174,34.314621704101555,43,362.42999267578125,🆕新倉暴量,HOLD,3
TSLA,2026-08-21,430.0,0.29,7142,1166,63.1839619140625,15,321.54998779296875,🚀點火(2.6x) 🚬菸屁股 ⚠️尾段價外(34%),BUY_WATCH,3
DKNG,2026-09-18,22.5,1.64,1224,1151,64.25816992187501,43,21.760000228881836,🆕新倉暴量,HOLD,3
IBIT,2026-09-18,45.0,0.17,44595,1125,38.9654541015625,43,36.7400016784668,🚬菸屁股 🔥萬人塚,HOLD,3
ACHR,2027-01-15,10.0,0.33,53491,1119,94.33599414062499,162,5.199999809265137,🚬菸屁股 🔥萬人塚,HOLD,3
DKNG,2026-09-18,32.5,0.13,2358,1105,76.367423828125,43,21.760000228881836,🚀點火(19.1x) 🚬菸屁股 ⚠️尾段價外(49%),BUY_WATCH,3
SOFI,2026-09-18,22.0,0.3,145238,1066,52.539537109375004,43,18.25,🚬菸屁股 🔥萬人塚,HOLD,3
F,2026-09-18,15.0,0.31,33369,1066,33.301448242187504,43,14.130000114440918,🚬菸屁股 🔥萬人塚,HOLD,3
SMCI,2026-12-18,49.0,2.7,1438,1019,97.09475561523438,134,30.31999969482422,🆕新倉暴量,HOLD,3
VST,2026-10-16,200.0,1.71,1439,959,57.83733569335938,71,140.5800018310547,🆕新倉暴量,HOLD,3
NVDA,2026-08-21,320.0,0.02,9547,954,59.375406250000005,15,219.22000122070312,🚀點火(13.6x) 🚬菸屁股 ⚠️尾段價外(46%),BUY_WATCH,3
VRT,2026-08-21,400.0,0.25,2000,907,73.7307314453125,15,277.94000244140625,🚀點火(24.5x) 🚬菸屁股 ⚠️尾段價外(44%),BUY_WATCH,3
GOOGL,2026-09-18,420.0,2.44,3886,899,34.61979443359374,43,362.42999267578125,🆕新倉暴量,HOLD,3
IBIT,2027-01-15,50.0,0.8,45710,885,42.139250488281256,162,36.7400016784668,🚬菸屁股 🔥萬人塚,HOLD,3
OPEN,2027-01-15,10.0,0.14,40604,844,100.39112304687498,162,3.759999990463257,🚬菸屁股 🔥萬人塚,HOLD,3
SOUN,2026-08-21,8.0,0.21,52194,821,119.922275390625,15,6.429999828338623,🚬菸屁股 🔥萬人塚,HOLD,3
DIS,2026-10-16,110.0,1.95,2528,813,27.84495983886719,71,101.76000213623047,🆕新倉暴量,HOLD,3
ONDS,2027-01-15,20.0,0.69,34257,807,112.109814453125,162,8.869999885559082,🚬菸屁股 🔥萬人塚,HOLD,3
ONDS,2028-01-21,30.0,1.68,76162,803,105.02977172851561,533,8.869999885559082,🔭LEAPS 🔥萬人塚,HOLD,3
ORLY,2026-11-20,100.0,3.54,2465,801,32.36151623535155,106,93.44000244140625,🆕新倉暴量,HOLD,3
NVDA,2026-09-18,400.0,0.06,13322,719,61.328511718750015,43,219.22000122070312,🚀點火(11.2x) 🚬菸屁股 ⚠️尾段價外(82%),BUY_WATCH,3
HOOD,2026-08-21,125.0,0.22,4097,714,73.5354208984375,15,92.80000305175781,🚀點火(5.1x) 🚬菸屁股 ⚠️尾段價外(35%),BUY_WATCH,3
NVDA,2028-01-21,250.0,38.3,36377,668,47.59268716430663,533,219.22000122070312,🔭LEAPS 🔥萬人塚,HOLD,3
JOBY,2028-01-21,5.0,4.4,3703,661,153.3205458984375,533,7.800000190734863,🚀點火(7.2x) ⚠️IV頂峰 🔭LEAPS,BUY_WATCH,3
GOOGL,2026-10-16,440.0,3.35,1416,647,36.67055517578125,71,362.42999267578125,🆕新倉暴量,HOLD,3
SOFI,2027-01-15,35.0,0.29,33682,634,62.500375000000005,162,18.25,🚬菸屁股 🔥萬人塚,HOLD,3
DKNG,2026-08-21,30.0,0.05,48719,581,80.4689453125,15,21.760000228881836,🚀點火(3.0x) 🚬菸屁股 🔥萬人塚 ⚠️尾段價外(38%) ⚠️暴動高IV(80%),BUY_WATCH,3
TSLA,2026-08-21,410.0,0.45,5985,553,57.76409423828125,15,321.54998779296875,🚀點火(3.9x) 🚬菸屁股 ⚠️尾段價外(28%),BUY_WATCH,3
META,2026-09-18,1210.0,0.06,818,548,66.40658593750001,43,588.77001953125,🆕新倉暴量 🚬菸屁股 ⚠️尾段價外(106%),BUY_WATCH,3
OPEN,2026-08-21,7.0,0.01,30729,541,125.00037499999999,15,3.759999990463257,🚬菸屁股 🔥萬人塚,HOLD,3
ASTS,2026-11-20,185.0,1.78,830,539,115.67424975585938,106,68.37999725341797,🆕新倉暴量,HOLD,3
SOFI,2026-09-18,25.0,0.11,36426,530,57.42230078125,43,18.25,🚬菸屁股 🔥萬人塚,HOLD,3
TSLA,2026-09-18,990.0,0.06,38178,528,102.73486132812502,43,321.54998779296875,🚀點火(26.4x) 🚬菸屁股 🔥萬人塚 ⚠️尾段價外(208%) ⚠️暴動高IV(103%),BUY_WATCH,3
F,2026-09-18,16.0,0.13,32074,525,34.961587890625,43,14.130000114440918,🚬菸屁股 🔥萬人塚,HOLD,3
PATH,2026-11-20,14.0,2.2,1002,523,75.4885263671875,106,13.819999694824219,🆕新倉暴量,HOLD,3
KTOS,2026-09-18,55.0,5.5,816,516,72.3635576171875,43,55.34000015258789,🆕新倉暴量,HOLD,3
CRWV,2026-10-16,165.0,2.41,1897,512,98.16896362304688,71,89.88999938964844,🆕新倉暴量,HOLD,3
NVDA,2026-09-18,290.0,0.65,7144,507,45.26421923828126,43,219.22000122070312,🚀點火(25.4x) 🚬菸屁股 ⚠️尾段價外(32%),BUY_WATCH,3
SOUN,2027-01-15,10.0,0.69,31947,490,93.6524072265625,162,6.429999828338623,🚬菸屁股 🔥萬人塚,HOLD,3
OPEN,2028-01-21,5.0,1.39,33704,479,99.31641308593751,533,3.759999990463257,🔭LEAPS 🔥萬人塚,HOLD,3
KTOS,2026-08-21,55.0,3.86,1261,477,64.30699755859376,15,55.34000015258789,🆕新倉暴量,HOLD,3
TSLA,2026-08-21,440.0,0.26,6995,475,65.62534375000001,15,321.54998779296875,🚀點火(4.3x) 🚬菸屁股 ⚠️尾段價外(37%),BUY_WATCH,3
DKNG,2026-11-20,30.0,0.83,38926,446,64.69761865234375,106,21.760000228881836,🚬菸屁股 🔥萬人塚,HOLD,3
SOFI,2027-01-15,16.0,4.3,1596,439,64.1605146484375,162,18.25,🆕新倉暴量,HOLD,3
RKLB,2026-10-16,105.0,4.7,1028,436,97.11916943359374,71,74.81999969482422,🆕新倉暴量,HOLD,3
DIS,2026-11-20,120.0,1.53,1617,433,31.03096313476562,106,101.76000213623047,🆕新倉暴量,HOLD,3
T,2026-09-18,25.0,0.25,31348,429,27.88158056640625,43,23.059999465942383,🚬菸屁股 🔥萬人塚,HOLD,3
DIS,2026-10-16,105.0,3.58,935,416,28.27220166015625,71,101.76000213623047,🆕新倉暴量,HOLD,3
GOOGL,2027-01-15,505.0,4.61,811,401,37.976694458007806,162,362.42999267578125,🆕新倉暴量,HOLD,3
UPST,2026-09-18,45.0,0.25,3521,380,72.26590234375,43,30.200000762939453,🚀點火(13.1x) 🚬菸屁股 ⚠️尾段價外(49%),BUY_WATCH,3
ACHR,2027-01-15,7.0,0.71,53799,329,89.84385156249999,162,5.199999809265137,🚬菸屁股 🔥萬人塚,HOLD,3
OPEN,2028-01-21,20.0,3.25,37480,327,25.00075,533,3.759999990463257,🔭LEAPS 🔥萬人塚,HOLD,3
META,2026-08-21,1030.0,0.02,1282,307,79.687703125,15,588.77001953125,🚀點火(6.3x) 🚬菸屁股 ⚠️尾段價外(75%),BUY_WATCH,3
DKNG,2026-09-18,35.0,0.12,5351,292,73.437765625,43,21.760000228881836,🚀點火(6.6x) 🚬菸屁股 ⚠️尾段價外(61%),BUY_WATCH,3
IBIT,2026-09-18,46.0,0.11,14268,258,40.430283203125,43,36.7400016784668,🚀點火(5.5x) 🚬菸屁股 ⚠️尾段價外(25%),BUY_WATCH,3
TSLA,2027-01-15,960.0,0.9,111656,224,70.48369360351563,162,321.54998779296875,🚬菸屁股 🔥萬人塚,HOLD,3
F,2026-09-18,18.0,0.05,13156,213,42.188078125,43,14.130000114440918,🚀點火(3.2x) 🚬菸屁股 ⚠️尾段價外(27%),BUY_WATCH,3
SOFI,2028-01-21,20.0,5.35,30240,212,67.773759765625,533,18.25,🔭LEAPS 🔥萬人塚,HOLD,3
F,2027-01-15,19.85,0.22,50051,200,39.649041015625,162,14.130000114440918,🚬菸屁股 🔥萬人塚,HOLD,3
SOFI,2026-09-18,35.0,0.02,6604,199,78.12521875,43,18.25,🚀點火(5.0x) 🚬菸屁股 ⚠️尾段價外(92%),BUY_WATCH,3
NVDA,2026-09-18,310.0,0.39,6349,162,48.87746435546876,43,219.22000122070312,🚀點火(4.5x) 🚬菸屁股 ⚠️尾段價外(41%),BUY_WATCH,3
IBIT,2027-01-15,60.0,0.31,45636,145,45.9966337890625,162,36.7400016784668,🚬菸屁股 🔥萬人塚,HOLD,3
SOFI,2026-09-18,29.0,0.04,913,123,67.18782812500001,43,18.25,🚀點火(4.9x) 🚬菸屁股 ⚠️尾段價外(59%),BUY_WATCH,3
F,2027-01-15,16.85,0.55,36532,101,38.3795224609375,162,14.130000114440918,🚬菸屁股 🔥萬人塚,HOLD,3
IREN,2028-01-21,110.0,8.8,52257,99,104.87108111572267,533,38.88999938964844,🔭LEAPS 🔥萬人塚,HOLD,3
VST,2026-08-21,210.0,0.11,1793,94,73.437765625,15,140.5800018310547,🚀點火(3.6x) 🚬菸屁股 ⚠️尾段價外(49%),BUY_WATCH,3
IBIT,2026-09-18,50.0,0.07,40420,88,46.48491015625,43,36.7400016784668,🆕低基期(前日Vol19) 🚬菸屁股 🔥萬人塚,HOLD,3
F,2026-08-21,18.0,0.01,31753,79,51.562984375,15,14.130000114440918,🆕低基期(前日Vol8) 🚬菸屁股 🔥萬人塚,HOLD,3
ONDS,2027-01-15,30.0,0.3,81243,70,115.4301103515625,162,8.869999885559082,🚬菸屁股 🔥萬人塚,HOLD,3
META,2027-01-15,1430.0,0.6,45840,67,52.77146838378908,162,588.77001953125,🚬菸屁股 🔥萬人塚,HOLD,3
IBIT,2026-09-18,65.0,0.02,36142,58,67.18782812500001,43,36.7400016784668,🆕低基期(前日Vol1) 🚬菸屁股 🔥萬人塚,HOLD,3
DKNG,2026-11-20,37.5,0.25,30586,45,62.890996093750005,106,21.760000228881836,🆕低基期(前日Vol3) 🚬菸屁股 🔥萬人塚,HOLD,3
SOFI,2026-09-18,32.0,0.03,54509,38,74.2190078125,43,18.25,🚬菸屁股 🔥萬人塚,HOLD,3
T,2027-01-15,30.0,0.17,50279,36,30.127651855468752,162,23.059999465942383,🆕低基期(前日Vol14) 🚬菸屁股 🔥萬人塚,HOLD,3
IBIT,2027-01-15,70.0,0.17,33312,26,50.0005,162,36.7400016784668,🚬菸屁股 🔥萬人塚,HOLD,3
DIS,2028-01-21,150.0,3.8,33617,19,31.909860595703115,533,101.76000213623047,🔭LEAPS 🔥萬人塚,HOLD,3
IBIT,2027-01-15,90.0,0.07,34746,6,58.496508789062496,162,36.7400016784668,🚬菸屁股 🔥萬人塚,HOLD,3
IBIT,2026-08-21,55.0,0.01,32191,3,75.00025000000001,15,36.7400016784668,🚬菸屁股 🔥萬人塚,HOLD,3
IBIT,2027-01-15,140.0,0.04,30463,2,73.437765625,162,36.7400016784668,🚬菸屁股 🔥萬人塚,HOLD,3
TSLA,2027-01-15,940.0,0.91,93556,1,69.78789978027345,162,321.54998779296875,🚬菸屁股 🔥萬人塚,HOLD,3
AAPL,2026-08-07,310.0,3.4,17051,63094,26.929441650390622,1,311.0,🎲末日結算 🚨異常掃貨 🏛️機構場,GAMBLE,2
AAPL,2026-08-07,315.0,1.43,10358,49627,26.856200195312496,1,311.0,🎲末日結算 🚨異常掃貨 🏛️機構場,GAMBLE,2
NVDA,2026-08-21,220.0,6.75,57310,37859,38.26355682373046,15,219.22000122070312,🔥萬人塚,HOLD,2
NVDA,2026-08-21,240.0,1.2,34637,21812,37.62269409179687,15,219.22000122070312,🔥萬人塚,HOLD,2
ONDS,2026-08-07,9.5,0.08,17478,19998,90.62509374999999,1,8.869999885559082,🎲末日結算 🆕新倉暴量 🚬菸屁股 ⚠️暴動高IV(91%),GAMBLE,2
AAPL,2026-08-07,307.5,4.7,6247,18215,27.625235473632802,1,311.0,🎲末日結算 🚨異常掃貨 🏛️機構場,GAMBLE,2
NVDA,2026-08-21,215.0,9.45,40936,13854,38.7701435546875,15,219.22000122070312,🔥萬人塚,HOLD,2
NVDA,2026-09-18,230.0,8.4,33105,13790,41.98056066894531,43,219.22000122070312,🔥萬人塚,HOLD,2
NVDA,2026-09-18,225.0,10.4,52975,12972,42.267423034667964,43,219.22000122070312,🔥萬人塚,HOLD,2
INTC,2026-09-18,100.0,11.95,32551,12677,81.31122204589842,43,101.05999755859375,🔥萬人塚,HOLD,2
NVDA,2026-08-21,210.0,12.68,42770,12306,40.02745520019532,15,219.22000122070312,🔥萬人塚,HOLD,2
MSFT,2026-08-07,500.0,1.34,6046,12201,30.628135131835936,1,487.4599914550781,🎲末日結算 🚨異常掃貨 🏛️機構場,GAMBLE,2
NVDA,2026-09-18,220.0,13.0,40105,11466,42.737389038085944,43,219.22000122070312,🔥萬人塚,HOLD,2
NVDA,2026-09-18,250.0,3.35,42390,10964,41.68149139404296,43,219.22000122070312,🔥萬人塚,HOLD,2
AAPL,2026-08-21,320.0,3.5,21905,10490,26.392337646484375,15,311.0,🆕新倉暴量 🏛️機構場,HOLD,2
NVDA,2026-09-18,240.0,5.35,49133,10480,41.55331884765625,43,219.22000122070312,🔥萬人塚,HOLD,2
NVDA,2026-08-21,200.0,20.8,37970,8867,44.12897668457031,15,219.22000122070312,🔥萬人塚,HOLD,2
MSFT,2026-09-18,500.0,15.0,21072,8691,30.64034204101562,43,487.4599914550781,🆕新倉暴量 🏛️機構場,HOLD,2
NVDA,2026-09-18,210.0,18.3,66525,7998,44.232735412597656,43,219.22000122070312,🔥萬人塚,HOLD,2
AMD,2026-08-07,600.0,0.07,8130,7863,91.79695703125,1,482.04998779296875,🎲末日結算 🆕新倉暴量 🚬菸屁股 ⚠️暴動高IV(92%),GAMBLE,2
ONDS,2026-08-07,9.0,0.22,14067,7333,85.1563984375,1,8.869999885559082,🎲末日結算 🆕新倉暴量 🚬菸屁股 ⚠️暴動高IV(85%),GAMBLE,2
IREN,2026-08-07,42.0,0.53,7091,6689,111.5238798828125,1,38.88999938964844,🎲末日結算 🆕新倉暴量 🚬菸屁股 ⚠️暴動高IV(112%),GAMBLE,2
SNDK,2026-08-07,2000.0,0.8,2744,6425,182.51961865234375,1,1350.5,🎲末日結算 🚨異常掃貨 🆕新倉暴量 ⚠️IV頂峰 🚬菸屁股 ⚠️暴動高IV(183%),GAMBLE,2
CRWV,2026-08-21,100.0,5.09,67507,5908,114.74652001953123,15,89.88999938964844,🔥萬人塚,HOLD,2
CRWV,2026-08-07,100.0,0.48,9268,5585,99.023447265625,1,89.88999938964844,🎲末日結算 🆕新倉暴量 🚬菸屁股 ⚠️暴動高IV(99%),GAMBLE,2
NVDA,2026-10-16,250.0,6.3,42917,5560,41.62045684814453,71,219.22000122070312,🔥萬人塚,HOLD,2
DKNG,2026-08-07,27.0,0.05,13132,5492,134.37532812499998,1,21.760000228881836,🎲末日結算 🆕新倉暴量 🚬菸屁股 ⚠️暴動高IV(134%),GAMBLE,2
GOOG,2026-09-18,400.0,4.51,7387,5148,33.945362701416016,43,360.1300048828125,🆕新倉暴量 🏛️機構場,HOLD,2
PLTR,2026-08-07,195.0,0.03,5535,5073,89.84385156249999,1,158.42999267578125,🎲末日結算 🆕新倉暴量 🚬菸屁股 ⚠️暴動高IV(90%),GAMBLE,2
NVDA,2026-09-18,270.0,1.4,41496,4344,42.65194067382813,43,219.22000122070312,🔥萬人塚,HOLD,2
SMCI,2026-08-07,31.0,0.6,9575,4153,80.27363476562499,1,30.31999969482422,🎲末日結算 🆕新倉暴量 🚬菸屁股 ⚠️暴動高IV(80%),GAMBLE,2
SHOP,2026-09-18,160.0,5.36,83850,3946,55.20064331054688,43,144.24000549316406,🔥萬人塚,HOLD,2
IBIT,2026-08-21,37.0,0.88,33118,3830,31.98310205078124,15,36.7400016784668,🚬菸屁股 🔥萬人塚 🏛️機構場,HOLD,2
NVDA,2026-10-16,230.0,12.41,31670,3700,42.48714739990235,71,219.22000122070312,🔥萬人塚,HOLD,2
NVDA,2027-01-15,250.0,14.6,53889,3525,43.503372589111336,162,219.22000122070312,🔥萬人塚,HOLD,2
GOOG,2026-08-21,400.0,1.0,11666,3514,34.961587890625,15,360.1300048828125,🆕新倉暴量 🏛️機構場,HOLD,2
AAPL,2026-11-20,310.0,20.95,6912,3370,30.74410076904296,106,311.0,🆕新倉暴量 🏛️機構場,HOLD,2
BAC,2026-09-18,65.0,1.1,46880,3338,20.4109521484375,43,63.25,🔥萬人塚,HOLD,2
NVDA,2026-10-16,220.0,16.25,85308,3241,43.03340658569337,71,219.22000122070312,🔥萬人塚,HOLD,2
NVDA,2026-09-18,200.0,24.96,51763,3192,46.3323237915039,43,219.22000122070312,🔥萬人塚,HOLD,2
NVDA,2027-01-15,300.0,5.1,65620,3014,42.71602694702149,162,219.22000122070312,🔥萬人塚,HOLD,2
GOOG,2026-09-18,380.0,9.2,9099,2960,33.93315579223633,43,360.1300048828125,🆕新倉暴量 🏛️機構場,HOLD,2
MSFT,2026-09-18,490.0,19.43,6376,2791,31.485670501708974,43,487.4599914550781,🆕新倉暴量 🏛️機構場,HOLD,2
MSFT,2027-01-15,550.0,21.9,11433,2762,34.448897705078124,162,487.4599914550781,🆕新倉暴量 🏛️機構場,HOLD,2
INTC,2026-08-21,110.0,3.75,30929,2717,80.37129003906249,15,101.05999755859375,🔥萬人塚,HOLD,2
SMR,2026-08-07,9.0,0.71,6665,2703,146.48464257812498,1,9.380000114440918,🎲末日結算 🆕新倉暴量 🚬菸屁股 ⚠️暴動高IV(146%),GAMBLE,2
AAPL,2026-09-18,400.0,0.12,9405,2593,30.86006640625,43,311.0,🆕新倉暴量 🚬菸屁股 ⚠️尾段價外(29%) 🏛️機構場,BUY_WATCH,2
IREN,2026-08-07,45.0,0.15,9227,2562,114.84417578124999,1,38.88999938964844,🎲末日結算 🆕新倉暴量 🚬菸屁股 ⚠️暴動高IV(115%),GAMBLE,2
SMCI,2026-08-07,33.0,0.16,3599,2444,84.57046679687498,1,30.31999969482422,🎲末日結算 🆕新倉暴量 🚬菸屁股 ⚠️暴動高IV(85%),GAMBLE,2
VST,2026-08-07,155.0,0.86,4179,2349,94.09185595703124,1,140.5800018310547,🎲末日結算 🆕新倉暴量 🚬菸屁股 ⚠️暴動高IV(94%),GAMBLE,2
UPST,2026-08-07,35.0,0.02,2538,2277,84.37515624999999,1,30.200000762939453,🎲末日結算 🆕新倉暴量 🚬菸屁股 ⚠️暴動高IV(84%),GAMBLE,2
AAPL,2026-08-21,340.0,0.53,40615,2111,27.466545654296876,15,311.0,🚬菸屁股 🔥萬人塚 🏛️機構場,HOLD,2
NVDA,2027-01-15,220.0,25.95,30130,2101,45.01092587280273,162,219.22000122070312,🔥萬人塚,HOLD,2
NVDA,2026-12-18,280.0,6.0,30089,2093,42.682457946777355,134,219.22000122070312,🔥萬人塚,HOLD,2
IREN,2026-08-07,44.0,0.23,4300,1980,114.45355273437498,1,38.88999938964844,🎲末日結算 🆕新倉暴量 🚬菸屁股 ⚠️暴動高IV(114%),GAMBLE,2
NVDA,2026-12-18,300.0,3.62,36160,1933,42.69466485595704,134,219.22000122070312,🔥萬人塚,HOLD,2
NVDA,2027-01-15,260.0,11.7,37213,1906,43.097492858886724,162,219.22000122070312,🔥萬人塚,HOLD,2
NVDA,2026-12-18,250.0,11.85,32432,1899,42.81368222045898,134,219.22000122070312,🔥萬人塚,HOLD,2
ORCL,2026-09-18,200.0,2.62,31057,1733,77.56370092773439,43,144.38999938964844,🔥萬人塚,HOLD,2
INTC,2026-08-21,120.0,1.8,38058,1697,82.64177514648436,15,101.05999755859375,🔥萬人塚,HOLD,2
IREN,2026-08-07,41.0,0.76,4651,1650,111.5238798828125,1,38.88999938964844,🎲末日結算 🆕新倉暴量 🚬菸屁股 ⚠️暴動高IV(112%),GAMBLE,2
DKNG,2026-08-07,25.0,0.16,3557,1537,132.03158984375,1,21.760000228881836,🎲末日結算 🆕新倉暴量 🚬菸屁股 ⚠️暴動高IV(132%),GAMBLE,2
SOFI,2027-01-15,25.0,1.05,97536,1534,60.058993164062514,162,18.25,🔥萬人塚,HOLD,2
JOBY,2026-08-07,8.0,0.3,4429,1505,140.625296875,1,7.800000190734863,🎲末日結算 🆕新倉暴量 🚬菸屁股 ⚠️暴動高IV(141%),GAMBLE,2
IREN,2026-08-07,43.0,0.36,5836,1432,112.89106054687501,1,38.88999938964844,🎲末日結算 🆕新倉暴量 🚬菸屁股 ⚠️暴動高IV(113%),GAMBLE,2
JOBY,2026-08-07,8.5,0.16,4119,1403,140.625296875,1,7.800000190734863,🎲末日結算 🆕新倉暴量 🚬菸屁股 ⚠️暴動高IV(141%),GAMBLE,2
NVDA,2026-09-18,195.0,29.5,83254,1376,46.72904833984375,43,219.22000122070312,🔥萬人塚,HOLD,2
INTC,2026-09-18,110.0,8.14,44303,1259,80.5666005859375,43,101.05999755859375,🔥萬人塚,HOLD,2
DKNG,2026-08-07,23.0,0.56,1663,1235,131.25034374999998,1,21.760000228881836,🎲末日結算 🆕新倉暴量 🚬菸屁股 ⚠️暴動高IV(131%),GAMBLE,2
OPEN,2026-08-07,3.5,0.29,1685,1193,109.375453125,1,3.759999990463257,🎲末日結算 🆕新倉暴量 🚬菸屁股 ⚠️暴動高IV(109%),GAMBLE,2
UPST,2026-08-07,40.0,0.01,956,1068,118.75040625,1,30.200000762939453,🎲末日結算 🆕新倉暴量 🚬菸屁股 ⚠️暴動高IV(119%),GAMBLE,2
ONDS,2027-01-15,10.0,2.14,48014,1050,108.3988955078125,162,8.869999885559082,🔥萬人塚,HOLD,2
TSLA,2027-01-15,400.0,18.5,34186,1035,49.94404304504395,162,321.54998779296875,🔥萬人塚,HOLD,2
IREN,2026-08-07,42.5,0.43,1886,955,112.5004375,1,38.88999938964844,🎲末日結算 🆕新倉暴量 🚬菸屁股 ⚠️暴動高IV(113%),GAMBLE,2
PLTR,2026-09-18,155.0,12.95,60486,936,50.513190185546875,43,158.42999267578125,🔥萬人塚,HOLD,2
IBIT,2026-08-21,40.0,0.13,32397,932,32.031929687499996,15,36.7400016784668,🚬菸屁股 🔥萬人塚 🏛️機構場,HOLD,2
LUNR,2026-08-07,14.0,0.45,1600,817,105.85984570312502,1,13.989999771118164,🎲末日結算 🆕新倉暴量 🚬菸屁股 ⚠️暴動高IV(106%),GAMBLE,2
SOFI,2027-01-15,20.0,2.27,82911,812,60.40078662109377,162,18.25,🔥萬人塚,HOLD,2
UPST,2026-08-07,36.0,0.02,1078,805,93.7500625,1,30.200000762939453,🎲末日結算 🆕新倉暴量 🚬菸屁股 ⚠️暴動高IV(94%),GAMBLE,2
ASTS,2026-08-07,73.0,0.95,835,773,100.68409033203123,1,68.37999725341797,🎲末日結算 🆕新倉暴量 🚬菸屁股 ⚠️暴動高IV(101%),GAMBLE,2
NBIS,2026-08-07,300.0,0.09,2916,772,148.047134765625,1,218.99000549316406,🎲末日結算 🆕新倉暴量 🚬菸屁股 ⚠️暴動高IV(148%),GAMBLE,2
SHOP,2026-09-18,140.0,13.44,47877,770,55.347126220703124,43,144.24000549316406,🔥萬人塚,HOLD,2
RKLB,2026-08-07,81.0,0.55,1193,721,89.062609375,1,74.81999969482422,🎲末日結算 🆕新倉暴量 🚬菸屁股 ⚠️暴動高IV(89%),GAMBLE,2
DKNG,2026-08-07,26.0,0.08,1092,575,133.59408203124997,1,21.760000228881836,🎲末日結算 🆕新倉暴量 🚬菸屁股 ⚠️暴動高IV(134%),GAMBLE,2
IBIT,2026-08-21,35.0,2.12,43364,564,35.938140624999996,15,36.7400016784668,🔥萬人塚,HOLD,2
IBIT,2026-11-20,40.0,1.92,58696,512,40.08848974609375,106,36.7400016784668,🔥萬人塚,HOLD,2
NBIS,2026-08-07,270.0,0.35,1615,504,121.48476757812499,1,218.99000549316406,🎲末日結算 🆕新倉暴量 🚬菸屁股 ⚠️暴動高IV(121%),GAMBLE,2
DKNG,2026-08-07,25.5,0.1,2246,460,131.64096679687498,1,21.760000228881836,🎲末日結算 🆕新倉暴量 🚬菸屁股 ⚠️暴動高IV(132%),GAMBLE,2
MSTR,2026-09-18,100.0,9.48,36432,448,74.67066345214843,43,98.37000274658203,🔥萬人塚,HOLD,2
CRWV,2026-08-07,102.0,0.42,867,447,100.9770576171875,1,89.88999938964844,🎲末日結算 🆕新倉暴量 🚬菸屁股 ⚠️暴動高IV(101%),GAMBLE,2
MSTR,2026-08-21,95.0,7.8,46371,438,71.0940390625,15,98.37000274658203,🔥萬人塚,HOLD,2
IREN,2027-01-15,110.0,1.74,40849,428,112.93988842773439,162,38.88999938964844,🔥萬人塚,HOLD,2
F,2027-01-15,14.85,1.1,56135,428,38.086556640625,162,14.130000114440918,🔥萬人塚,HOLD,2
NVDA,2027-01-15,340.0,2.36,72339,404,43.79939013671875,162,219.22000122070312,🔥萬人塚,HOLD,2
ONDS,2027-01-15,15.0,1.16,52780,352,110.01021557617187,162,8.869999885559082,🔥萬人塚,HOLD,2
IREN,2026-09-18,65.0,1.09,30595,311,116.69963525390625,43,38.88999938964844,🔥萬人塚,HOLD,2
SOFI,2027-01-15,15.0,4.65,41655,276,63.7698935546875,162,18.25,🔥萬人塚,HOLD,2
PATH,2027-01-15,15.0,2.42,34314,266,78.07639111328125,162,13.819999694824219,🔥萬人塚,HOLD,2
SMCI,2026-08-21,34.0,1.63,45498,255,111.9145029296875,15,30.31999969482422,🔥萬人塚,HOLD,2
SHOP,2026-10-16,135.0,18.55,45950,225,54.15084912109377,71,144.24000549316406,🔥萬人塚,HOLD,2
OKLO,2026-12-18,90.0,2.3,53326,163,103.02782861328126,134,42.9900016784668,🔥萬人塚,HOLD,2
CRWV,2026-09-18,115.0,5.65,38582,108,102.10009887695315,43,89.88999938964844,🔥萬人塚,HOLD,2
META,2027-01-15,1250.0,1.19,38701,23,50.2080174560547,162,588.77001953125,🆕低基期(前日Vol8) 🔥萬人塚,HOLD,2
TSLA,2026-08-07,330.0,1.69,21224,24939,40.60117993164062,1,321.54998779296875,🎲末日結算 🆕新倉暴量,HOLD,1
MSTR,2026-08-07,93.0,6.65,22979,24850,70.117486328125,1,98.37000274658203,🎲末日結算 🆕新倉暴量,HOLD,1
MSTR,2026-08-07,100.0,1.66,23447,20514,67.28548339843752,1,98.37000274658203,🎲末日結算 🆕新倉暴量,HOLD,1
MSTR,2026-08-07,98.5,2.13,12530,14988,67.38313867187502,1,98.37000274658203,🎲末日結算 🆕新倉暴量,HOLD,1
MSTR,2026-08-07,102.0,1.11,14197,13752,67.43196630859377,1,98.37000274658203,🎲末日結算 🆕新倉暴量,HOLD,1
SOFI,2026-08-21,19.0,0.47,23791,11726,50.586431640624994,15,18.25,🚬菸屁股,HOLD,1
NVDA,2026-08-07,205.0,15.02,25942,7856,54.78560839843751,1,219.22000122070312,🎲末日結算 🆕新倉暴量,HOLD,1
MSTR,2026-08-07,94.0,5.63,14577,6813,72.07059179687501,1,98.37000274658203,🎲末日結算 🆕新倉暴量,HOLD,1
DIS,2026-08-07,100.0,2.2,6906,6273,34.52213916015625,1,101.76000213623047,🎲末日結算 🆕新倉暴量,HOLD,1
NVDA,2026-08-21,245.0,0.81,15154,5863,38.03772900390625,15,219.22000122070312,🚬菸屁股,HOLD,1
SHOP,2026-08-07,130.0,14.4,6065,5444,67.96907031250001,1,144.24000549316406,🎲末日結算 🆕新倉暴量,HOLD,1
VST,2026-08-21,180.0,0.33,14704,5053,72.60769580078124,15,140.5800018310547,🚬菸屁股,HOLD,1
AAPL,2026-09-18,320.0,8.1,38257,5003,27.436028381347654,43,311.0,🔥萬人塚 🏛️機構場,HOLD,1
HOOD,2026-08-07,93.0,2.04,10174,4925,62.890996093750005,1,92.80000305175781,🎲末日結算 🆕新倉暴量,HOLD,1
PLTR,2026-08-21,200.0,0.25,15575,4808,57.37347314453125,15,158.42999267578125,🚬菸屁股,HOLD,1
U,2026-08-07,36.0,2.5,3770,4689,208.20360449218748,1,35.470001220703125,🎲末日結算 🚨異常掃貨 🆕新倉暴量 ⚠️IV頂峰 ⚠️暴動高IV(208%),GAMBLE,1
INTC,2026-09-18,120.0,5.48,22880,4643,82.00701586914062,43,101.05999755859375,🆕新倉暴量 ⚠️暴動高IV(82%),HOLD,1
HOOD,2026-08-07,94.0,1.6,6056,3843,63.37927246093751,1,92.80000305175781,🎲末日結算 🆕新倉暴量,HOLD,1
PLTR,2026-08-07,157.5,3.35,8643,3761,51.41650146484375,1,158.42999267578125,🎲末日結算 🆕新倉暴量,HOLD,1
SNDK,2026-08-07,1800.0,3.49,1902,3717,174.75598559570312,1,1350.5,🎲末日結算 🚨異常掃貨 🆕新倉暴量 ⚠️IV頂峰 ⚠️暴動高IV(175%),GAMBLE,1
T,2028-01-21,30.0,1.01,6249,3606,29.175512939453114,533,23.059999465942383,🆕低基期(前日Vol5) 🔭LEAPS,HOLD,1
U,2026-08-07,38.0,1.75,2522,3582,210.35203662109367,1,35.470001220703125,🎲末日結算 🚨異常掃貨 🆕新倉暴量 ⚠️IV頂峰 ⚠️暴動高IV(210%),GAMBLE,1
ASTS,2026-09-18,140.0,0.76,8653,3334,124.07264526367183,43,68.37999725341797,🆕新倉暴量 🚬菸屁股 ⚠️尾段價外(105%) ⚠️暴動高IV(124%),BUY_WATCH,1
MSFT,2026-08-21,500.0,7.45,45281,3255,29.87435848999023,15,487.4599914550781,🔥萬人塚 🏛️機構場,HOLD,1
INTC,2026-08-21,105.0,5.31,13173,3231,80.39570385742188,15,101.05999755859375,🆕新倉暴量 ⚠️暴動高IV(80%),HOLD,1
HOOD,2026-08-07,89.0,4.9,7639,3169,62.890996093750005,1,92.80000305175781,🎲末日結算 🆕新倉暴量,HOLD,1
AAPL,2026-08-07,300.0,11.45,5061,2921,35.49869189453124,1,311.0,🎲末日結算 🆕新倉暴量,HOLD,1
OPEN,2028-01-21,15.0,0.56,26394,2916,105.46922265625001,533,3.759999990463257,🔭LEAPS,HOLD,1
SOUN,2026-08-21,7.5,0.29,19057,2864,114.0629296875,15,6.429999828338623,🚬菸屁股,HOLD,1
GOOGL,2026-08-07,367.5,2.43,3655,2848,36.07241662597656,1,362.42999267578125,🎲末日結算 🆕新倉暴量,HOLD,1
TSLA,2026-08-21,400.0,0.55,19584,2842,54.93209130859377,15,321.54998779296875,🚬菸屁股,HOLD,1
OPEN,2026-09-18,5.0,0.13,11326,2790,89.84385156249999,43,3.759999990463257,🚬菸屁股,HOLD,1
IONQ,2026-08-21,40.0,3.7,13211,2665,105.85984570312502,15,39.93000030517578,🆕新倉暴量 ⚠️暴動高IV(106%),HOLD,1
CRM,2026-08-07,200.0,1.1,2919,2657,50.146982910156254,1,192.97999572753906,🎲末日結算 🆕新倉暴量,HOLD,1
PLTR,2026-08-21,220.0,0.09,8591,2622,66.01596484375001,15,158.42999267578125,🚬菸屁股,HOLD,1
ONDS,2026-08-21,9.0,0.78,27621,2576,111.9145029296875,15,8.869999885559082,🚬菸屁股,HOLD,1
NVDA,2026-08-21,460.0,0.01,7039,2472,98.437515625,15,219.22000122070312,🚬菸屁股,HOLD,1
AVGO,2026-08-07,430.0,2.85,3217,2434,50.06153454589843,1,418.2799987792969,🎲末日結算 🆕新倉暴量,HOLD,1
RKLB,2026-09-18,100.0,3.3,6259,2344,98.46192944335938,43,74.81999969482422,🆕新倉暴量 ⚠️暴動高IV(98%),HOLD,1
IREN,2026-08-21,50.0,0.86,16679,2145,113.57465087890625,15,38.88999938964844,🚬菸屁股,HOLD,1
ASTS,2026-08-21,105.0,0.69,5119,2097,131.64096679687498,15,68.37999725341797,🚀點火(25.3x) 🚬菸屁股 ⚠️尾段價外(54%) ⚠️暴動高IV(132%),BUY_WATCH,1
MSTR,2026-09-18,150.0,0.98,7307,2054,79.93184130859376,43,98.37000274658203,🚬菸屁股,HOLD,1
TSLA,2026-08-21,390.0,0.71,6671,1967,52.246571289062494,15,321.54998779296875,🚬菸屁股,HOLD,1
META,2026-09-18,1440.0,0.09,1619,1930,83.39860351562498,43,588.77001953125,🚬菸屁股,HOLD,1
NVDA,2026-10-16,460.0,0.07,6540,1915,58.789474609375006,71,219.22000122070312,🚬菸屁股,HOLD,1
NVDA,2026-09-18,280.0,0.88,17932,1889,43.87263159179688,43,219.22000122070312,🚬菸屁股,HOLD,1
IREN,2026-08-21,40.0,3.25,6723,1870,113.76996240234377,15,38.88999938964844,🆕新倉暴量 ⚠️暴動高IV(114%),HOLD,1
MSTR,2026-08-21,120.0,0.95,8168,1866,75.4885263671875,15,98.37000274658203,🚬菸屁股,HOLD,1
OPEN,2028-01-21,7.0,1.05,24228,1706,100.1958115234375,533,3.759999990463257,🔭LEAPS,HOLD,1
IONQ,2026-09-18,70.0,0.65,3523,1664,109.96138769531252,43,39.93000030517578,🚀點火(29.7x) 🚬菸屁股 ⚠️尾段價外(75%) ⚠️暴動高IV(110%),BUY_WATCH,1
IBIT,2026-09-18,95.0,0.02,8401,1655,96.87503124999999,43,36.7400016784668,🚬菸屁股,HOLD,1
SNDK,2026-08-07,1900.0,1.65,990,1646,177.63683056640622,1,1350.5,🎲末日結算 🚨異常掃貨 🆕新倉暴量 ⚠️IV頂峰 ⚠️暴動高IV(178%),GAMBLE,1
IBIT,2026-09-18,100.0,0.01,16114,1642,101.5629921875,43,36.7400016784668,🚬菸屁股,HOLD,1
F,2026-08-21,14.5,0.22,3175,1635,32.227240234374996,15,14.130000114440918,🚬菸屁股,HOLD,1
IBIT,2026-10-16,42.0,0.77,5861,1631,37.84241845703124,71,36.7400016784668,🚬菸屁股,HOLD,1
BAC,2026-08-21,65.0,0.44,25198,1545,19.92267578125,15,63.25,🚬菸屁股,HOLD,1
SOFI,2026-08-21,35.0,0.01,6633,1515,121.875390625,15,18.25,🆕低基期(前日Vol8) 🚬菸屁股,HOLD,1
PACB,2026-12-18,1.5,0.35,2568,1500,117.57853710937498,134,1.2999999523162842,🚬菸屁股,HOLD,1
ASTS,2026-08-21,75.0,4.4,3638,1465,116.69963525390625,15,68.37999725341797,🆕新倉暴量 ⚠️暴動高IV(117%),HOLD,1
OPEN,2026-08-21,4.5,0.07,2424,1430,87.500125,15,3.759999990463257,🚬菸屁股,HOLD,1
IONQ,2026-08-21,55.0,0.57,5084,1418,117.96916015624998,15,39.93000030517578,🚬菸屁股,HOLD,1
CRM,2026-08-07,195.0,2.5,2830,1392,49.414568359375004,1,192.97999572753906,🎲末日結算 🆕新倉暴量,HOLD,1
AAPL,2026-10-16,360.0,2.29,79360,1372,27.381097290039058,71,311.0,🔥萬人塚 🏛️機構場,HOLD,1
NVDA,2026-08-21,265.0,0.17,7018,1343,43.066975585937506,15,219.22000122070312,🚬菸屁股,HOLD,1
KTOS,2026-08-21,85.0,0.05,7305,1325,87.10950390625,15,55.34000015258789,🚀點火(6.6x) 🚬菸屁股 ⚠️尾段價外(54%) ⚠️暴動高IV(87%),BUY_WATCH,1
OPEN,2027-01-15,8.0,0.25,3852,1311,110.9379453125,162,3.759999990463257,🆕低基期(前日Vol8) 🚬菸屁股,HOLD,1
AVGO,2026-08-07,420.0,6.0,3211,1311,56.28705822753908,1,418.2799987792969,🎲末日結算 🆕新倉暴量,HOLD,1
T,2026-09-18,23.0,0.92,7042,1288,30.07882421875,43,23.059999465942383,🚬菸屁股,HOLD,1
META,2026-09-18,1410.0,0.05,1085,1226,81.73846386718748,43,588.77001953125,🚀點火(2.6x) 🚬菸屁股 ⚠️尾段價外(139%) ⚠️暴動高IV(82%),BUY_WATCH,1
ONDS,2026-08-21,10.0,0.48,15516,1225,115.234798828125,15,8.869999885559082,🚬菸屁股,HOLD,1
NVDA,2026-09-18,460.0,0.03,23520,1214,69.5315546875,43,219.22000122070312,🚬菸屁股,HOLD,1
DIS,2026-08-07,98.0,4.0,1339,1203,46.973186523437505,1,101.76000213623047,🎲末日結算 🆕新倉暴量,HOLD,1
SMCI,2026-08-21,33.0,1.8,4080,1200,110.25435498046878,15,30.31999969482422,🆕新倉暴量 ⚠️暴動高IV(110%),HOLD,1
ONDS,2026-09-18,11.0,0.69,17522,1193,108.3988955078125,43,8.869999885559082,🚬菸屁股,HOLD,1
HOOD,2026-08-07,88.0,5.8,1538,1169,67.96907031250001,1,92.80000305175781,🎲末日結算 🆕新倉暴量,HOLD,1
TSLA,2026-08-21,420.0,0.36,18208,1167,60.49844189453126,15,321.54998779296875,🚬菸屁股,HOLD,1
IONQ,2026-08-21,65.0,0.16,3904,1156,125.39099804687498,15,39.93000030517578,🚀點火(13.1x) 🚬菸屁股 ⚠️尾段價外(63%) ⚠️暴動高IV(125%),BUY_WATCH,1
F,2026-08-21,16.0,0.02,11471,1137,36.7193828125,15,14.130000114440918,🚬菸屁股,HOLD,1
OPEN,2027-01-15,5.0,0.56,27769,1133,97.26565234374999,162,3.759999990463257,🚬菸屁股,HOLD,1
META,2026-09-18,1420.0,0.16,1190,1132,84.47281152343749,43,588.77001953125,🚬菸屁股,HOLD,1
SMR,2026-08-21,10.0,0.64,7050,1126,110.15669921875002,15,9.380000114440918,🚬菸屁股,HOLD,1
SOFI,2028-01-21,15.0,7.1,28475,1125,70.06865869140626,533,18.25,🔭LEAPS,HOLD,1
OKLO,2026-08-21,45.0,2.95,1416,1122,100.53760668945313,15,42.9900016784668,🆕新倉暴量 ⚠️暴動高IV(101%),HOLD,1
CRWV,2026-08-21,97.5,5.92,2182,1120,118.79923413085938,15,89.88999938964844,🆕新倉暴量 ⚠️暴動高IV(119%),HOLD,1
DKNG,2027-01-15,40.0,0.37,10890,1115,63.867548828124995,162,21.760000228881836,🆕低基期(前日Vol5) 🚬菸屁股,HOLD,1
PATH,2026-09-18,14.0,1.55,4866,1076,83.39860351562498,43,13.819999694824219,🆕新倉暴量 ⚠️暴動高IV(83%),HOLD,1
SOUN,2026-08-21,7.0,0.41,8902,1062,100.78174609374999,15,6.429999828338623,🚬菸屁股,HOLD,1
OPEN,2026-09-18,4.0,0.37,5730,1047,85.937640625,43,3.759999990463257,🚬菸屁股,HOLD,1
TSLA,2026-08-21,380.0,0.97,5352,1038,49.9028447265625,15,321.54998779296875,🚬菸屁股,HOLD,1
IBM,2026-08-07,237.5,2.35,886,1032,37.11000390625,1,235.9199981689453,🎲末日結算 🆕新倉暴量,HOLD,1
IBIT,2026-09-18,41.0,0.49,6528,981,35.69400244140625,43,36.7400016784668,🚬菸屁股,HOLD,1
GOOGL,2026-08-21,420.0,0.39,5715,974,40.57676611328125,15,362.42999267578125,🚬菸屁股,HOLD,1
ASTS,2026-08-21,100.0,0.88,24934,968,127.34411328124997,15,68.37999725341797,🚬菸屁股,HOLD,1
SOFI,2026-08-21,21.0,0.11,27921,955,52.539537109375004,15,18.25,🚬菸屁股,HOLD,1
SMCI,2026-09-18,45.0,0.92,7494,943,103.12548437500001,43,30.31999969482422,🚬菸屁股,HOLD,1
IONQ,2026-09-18,65.0,0.89,2957,934,108.25241186523438,43,39.93000030517578,🆕新倉暴量 🚬菸屁股 ⚠️尾段價外(63%) ⚠️暴動高IV(108%),BUY_WATCH,1
META,2026-09-18,1430.0,0.05,1391,924,84.37515624999999,43,588.77001953125,🚬菸屁股,HOLD,1
RKLB,2026-08-21,80.0,4.65,3612,909,104.29735351562503,15,74.81999969482422,🆕新倉暴量 ⚠️暴動高IV(104%),HOLD,1
AMD,2026-08-21,700.0,0.63,5983,893,81.64080859375,15,482.04998779296875,🚬菸屁股,HOLD,1
F,2026-08-21,17.5,0.01,1685,872,50.0005,15,14.130000114440918,🚬菸屁股,HOLD,1
SOFI,2026-08-21,18.5,0.66,6090,866,51.17236328125,15,18.25,🚬菸屁股,HOLD,1
PATH,2026-08-21,15.0,0.39,10119,864,66.60189648437502,15,13.819999694824219,🚬菸屁股,HOLD,1
PATH,2026-09-18,20.0,0.28,3258,861,84.57046679687498,43,13.819999694824219,🚀點火(3.6x) 🚬菸屁股 ⚠️尾段價外(45%) ⚠️暴動高IV(85%),BUY_WATCH,1
KTOS,2026-08-07,52.0,3.87,1423,857,77.24632128906251,1,55.34000015258789,🎲末日結算 🆕新倉暴量,HOLD,1
ONDS,2026-08-21,7.5,1.66,1479,853,113.28168359375002,15,8.869999885559082,🆕新倉暴量 ⚠️暴動高IV(113%),HOLD,1
IREN,2026-08-21,65.0,0.15,7393,837,128.125359375,15,38.88999938964844,🚬菸屁股,HOLD,1
ACHR,2026-08-21,6.5,0.1,1041,828,103.90673046875003,15,5.199999809265137,🚬菸屁股,HOLD,1
INTC,2026-08-21,160.0,0.1,11306,823,92.187578125,15,101.05999755859375,🚀點火(4.4x) 🚬菸屁股 ⚠️尾段價外(58%) ⚠️暴動高IV(92%),BUY_WATCH,1
SOFI,2026-10-16,21.0,0.83,4053,821,54.00436621093752,71,18.25,🚬菸屁股,HOLD,1
SOFI,2028-01-21,30.0,2.95,21679,813,64.5511357421875,533,18.25,🔭LEAPS,HOLD,1
IBIT,2026-09-18,44.0,0.2,21310,812,37.5982802734375,43,36.7400016784668,🚬菸屁股,HOLD,1
MSFT,2026-08-21,600.0,0.07,6196,807,37.9889013671875,15,487.4599914550781,🚬菸屁股,HOLD,1
OPEN,2026-08-21,6.0,0.02,18556,805,117.1879140625,15,3.759999990463257,🚬菸屁股,HOLD,1
ASTS,2026-09-18,95.0,3.45,3556,798,114.13617150878905,43,68.37999725341797,🆕新倉暴量 ⚠️暴動高IV(114%),HOLD,1
SOFI,2026-09-18,21.0,0.46,7394,778,51.6606396484375,43,18.25,🚬菸屁股,HOLD,1
SOFI,2026-08-21,19.5,0.33,6013,777,50.39112109375,15,18.25,🚬菸屁股,HOLD,1
IBIT,2026-08-21,36.0,1.44,33288,747,33.15496533203125,15,36.7400016784668,🔥萬人塚 🏛️機構場,HOLD,1
INTC,2026-08-21,195.0,0.01,11405,746,93.7500625,15,101.05999755859375,🚀點火(5.3x) 🚬菸屁股 ⚠️尾段價外(93%) ⚠️暴動高IV(94%),BUY_WATCH,1
ONDS,2026-08-21,8.5,1.01,2885,740,110.15669921875002,15,8.869999885559082,🆕新倉暴量 ⚠️暴動高IV(110%),HOLD,1
SOUN,2026-08-21,9.0,0.1,4680,726,125.39099804687498,15,6.429999828338623,🚬菸屁股,HOLD,1
T,2026-10-16,30.0,0.03,1465,723,30.86006640625,71,23.059999465942383,🆕低基期(前日Vol4) 🚬菸屁股,HOLD,1
ORCL,2026-08-21,180.0,0.58,15413,716,66.21127539062502,15,144.38999938964844,🚬菸屁股,HOLD,1
SOUN,2026-08-21,10.0,0.06,10794,712,132.81283593749998,15,6.429999828338623,🚬菸屁股,HOLD,1
IREN,2026-08-21,60.0,0.24,10506,711,119.72696386718751,15,38.88999938964844,🚬菸屁股,HOLD,1
DIS,2026-08-21,110.0,0.2,16574,711,27.295648925781247,15,101.76000213623047,🚬菸屁股,HOLD,1
INTC,2026-08-21,130.0,0.85,13977,706,85.88881298828124,15,101.05999755859375,🚬菸屁股,HOLD,1
SOFI,2026-08-21,20.5,0.15,2297,675,51.17236328125,15,18.25,🚬菸屁股,HOLD,1
ONDS,2026-09-18,12.0,0.49,16823,668,111.5238798828125,43,8.869999885559082,🚬菸屁股,HOLD,1
IBIT,2026-09-18,43.0,0.26,15432,663,36.914693359375,43,36.7400016784668,🚬菸屁股,HOLD,1
SOFI,2026-08-21,25.0,0.03,22220,660,73.437765625,15,18.25,🚬菸屁股,HOLD,1
OPEN,2027-01-15,15.0,0.08,21024,660,114.0629296875,162,3.759999990463257,🚬菸屁股,HOLD,1
SMCI,2026-08-21,40.0,0.61,17275,659,116.79729101562502,15,30.31999969482422,🚬菸屁股,HOLD,1
F,2026-08-21,15.0,0.11,14986,656,32.227240234374996,15,14.130000114440918,🚬菸屁股,HOLD,1
CRM,2026-08-07,192.5,3.5,1079,654,50.29346582031251,1,192.97999572753906,🎲末日結算 🆕新倉暴量,HOLD,1
SOUN,2026-08-21,6.5,0.6,1770,649,113.28168359375002,15,6.429999828338623,🚬菸屁股,HOLD,1
SOUN,2026-09-18,7.0,0.64,1989,648,92.38288867187501,43,6.429999828338623,🚬菸屁股,HOLD,1
TSLA,2026-09-18,500.0,0.66,11534,640,61.572649902343755,43,321.54998779296875,🚬菸屁股,HOLD,1
IREN,2026-08-21,55.0,0.44,14795,636,115.8207333984375,15,38.88999938964844,🚬菸屁股,HOLD,1
IBIT,2026-09-18,39.0,0.94,17113,632,35.425450439453115,43,36.7400016784668,🚬菸屁股,HOLD,1
OPEN,2026-09-18,10.0,0.03,17148,630,139.06280468749998,43,3.759999990463257,🚬菸屁股,HOLD,1
ACHR,2026-09-18,7.0,0.17,1284,628,88.67198828125,43,5.199999809265137,🚬菸屁股,HOLD,1
AAPL,2026-11-20,400.0,1.24,42350,618,28.882547119140618,106,311.0,🔥萬人塚 🏛️機構場,HOLD,1
SOFI,2026-09-18,23.0,0.2,14527,616,53.71140039062501,43,18.25,🚬菸屁股,HOLD,1
COIN,2026-08-21,200.0,0.55,9422,615,79.0041162109375,15,149.88999938964844,🚬菸屁股,HOLD,1
META,2026-08-21,1090.0,0.01,789,606,120.26407055664063,15,588.77001953125,🆕新倉暴量 🚬菸屁股 ⚠️尾段價外(85%) ⚠️暴動高IV(120%),BUY_WATCH,1
HOOD,2026-10-16,230.0,0.08,3183,604,86.0352958984375,71,92.80000305175781,🚬菸屁股,HOLD,1
CRWV,2026-08-21,175.0,0.13,2192,595,128.90660546875,15,89.88999938964844,🚬菸屁股,HOLD,1
SOUN,2026-10-16,7.0,0.82,6269,575,90.429783203125,71,6.429999828338623,🚬菸屁股,HOLD,1
ORCL,2026-08-21,175.0,0.85,8560,565,64.50230810546876,15,144.38999938964844,🚬菸屁股,HOLD,1
OPEN,2026-09-18,6.0,0.07,7086,556,99.60937890625,43,3.759999990463257,🚬菸屁股,HOLD,1
SOFI,2026-10-16,22.0,0.62,3717,555,53.906710937500016,71,18.25,🚬菸屁股,HOLD,1
RKLB,2026-08-21,110.0,0.48,12016,553,112.98871630859378,15,74.81999969482422,🚬菸屁股,HOLD,1
T,2026-12-18,26.0,0.6,18974,553,30.225307128906252,134,23.059999465942383,🚬菸屁股,HOLD,1
ONDS,2028-01-21,10.0,3.95,20491,551,104.73680444335938,533,8.869999885559082,🔭LEAPS,HOLD,1
HOOD,2026-08-21,120.0,0.2,14161,549,72.46121289062499,15,92.80000305175781,🚬菸屁股,HOLD,1
UPST,2026-08-21,42.5,0.06,2174,548,89.257919921875,15,30.200000762939453,🚀點火(7.5x) 🚬菸屁股 ⚠️尾段價外(41%) ⚠️暴動高IV(89%),BUY_WATCH,1
PATH,2026-08-21,14.0,0.7,9400,546,66.60189648437502,15,13.819999694824219,🚬菸屁股,HOLD,1
T,2026-10-16,26.0,0.25,13264,544,27.783925292968746,71,23.059999465942383,🚬菸屁股,HOLD,1
OPEN,2026-11-20,6.0,0.27,6056,541,100.9770576171875,106,3.759999990463257,🚬菸屁股,HOLD,1
T,2026-10-16,24.0,0.77,11736,537,28.125718749999994,71,23.059999465942383,🚬菸屁股,HOLD,1
GOOGL,2026-08-21,415.0,0.51,15293,531,37.84241845703124,15,362.42999267578125,🚬菸屁股,HOLD,1
OPEN,2027-01-15,6.0,0.41,9617,530,97.070341796875,162,3.759999990463257,🚬菸屁股,HOLD,1
CRWV,2026-08-21,140.0,0.56,5757,528,116.99260253906249,15,89.88999938964844,🚬菸屁股,HOLD,1
HOOD,2026-08-21,110.0,0.9,9613,525,65.03941210937501,15,92.80000305175781,🚬菸屁股,HOLD,1
ONDS,2026-09-18,13.0,0.37,8633,524,113.47699511718751,43,8.869999885559082,🚬菸屁股,HOLD,1
ORCL,2026-08-21,190.0,0.29,5595,523,69.92217578125,15,144.38999938964844,🚬菸屁股,HOLD,1
SOFI,2026-10-16,30.0,0.09,5201,519,62.109753906250006,71,18.25,🚬菸屁股,HOLD,1
SMR,2026-08-21,9.5,0.82,981,516,107.03171484375002,15,9.380000114440918,🚬菸屁股,HOLD,1
PATH,2026-08-21,18.0,0.05,18872,515,76.562734375,15,13.819999694824219,🚬菸屁股,HOLD,1
ACHR,2026-08-21,5.5,0.32,5219,514,96.48441015625,15,5.199999809265137,🚬菸屁股,HOLD,1
DIS,2026-08-21,115.0,0.04,4463,511,27.832752929687498,15,101.76000213623047,🚬菸屁股,HOLD,1
SMCI,2026-08-21,50.0,0.15,16912,506,126.56286718749999,15,30.31999969482422,🚬菸屁股,HOLD,1
SOFI,2028-01-21,32.0,2.69,7344,505,65.62534375000001,533,18.25,🆕低基期(前日Vol14) 🔭LEAPS,HOLD,1
DIS,2026-08-07,99.0,3.16,1487,504,42.4810439453125,1,101.76000213623047,🎲末日結算 🆕新倉暴量,HOLD,1
IBIT,2026-09-18,48.0,0.09,20989,502,43.164630859375,43,36.7400016784668,🚬菸屁股,HOLD,1
IREN,2026-12-18,140.0,0.66,7158,497,116.45549584960939,134,38.88999938964844,🚬菸屁股,HOLD,1
HIMS,2026-08-07,30.0,1.57,2473,496,78.32052929687501,1,31.649999618530273,🎲末日結算 🆕新倉暴量,HOLD,1
CRM,2026-08-21,220.0,0.95,12322,494,47.41263525390625,15,192.97999572753906,🚬菸屁股,HOLD,1
ORCL,2026-08-07,142.0,4.55,2218,489,58.545336425781244,1,144.38999938964844,🎲末日結算 🆕新倉暴量,HOLD,1
T,2026-08-21,24.0,0.22,17195,485,28.223374023437497,15,23.059999465942383,🚬菸屁股,HOLD,1
OPEN,2026-09-18,7.0,0.04,9492,484,110.15669921875002,43,3.759999990463257,🚬菸屁股,HOLD,1
ACHR,2026-08-21,6.0,0.16,6708,478,98.04689453125,15,5.199999809265137,🚬菸屁股,HOLD,1
SOUN,2026-10-16,11.0,0.24,4412,475,101.172369140625,71,6.429999828338623,🚬菸屁股,HOLD,1
OPEN,2026-11-20,7.0,0.19,4076,473,102.34423828125001,106,3.759999990463257,🚬菸屁股,HOLD,1
NVDA,2026-08-21,275.0,0.1,7804,469,46.3872548828125,15,219.22000122070312,🚬菸屁股,HOLD,1
INTC,2026-08-21,150.0,0.2,22273,466,90.039162109375,15,101.05999755859375,🚬菸屁股,HOLD,1
AVGO,2026-08-07,437.5,1.31,873,465,49.756361816406255,1,418.2799987792969,🎲末日結算 🆕新倉暴量,HOLD,1
BAC,2026-09-18,67.5,0.43,3591,464,20.16681396484375,43,63.25,🚬菸屁股,HOLD,1
DKNG,2026-09-18,27.5,0.42,5115,458,65.23472265625001,43,21.760000228881836,🚬菸屁股,HOLD,1
KTOS,2026-08-21,65.0,0.85,1839,451,75.2932158203125,15,55.34000015258789,🚬菸屁股,HOLD,1
OKLO,2026-09-18,55.0,2.35,980,445,98.9257919921875,43,42.9900016784668,🆕新倉暴量 ⚠️暴動高IV(99%),HOLD,1
SOUN,2026-10-16,8.0,0.55,9190,444,91.01571484374999,71,6.429999828338623,🚬菸屁股,HOLD,1
SOUN,2026-10-16,10.0,0.3,12173,444,99.2187578125,71,6.429999828338623,🚬菸屁股,HOLD,1
ORCL,2026-08-21,185.0,0.47,5071,435,67.57844921875001,15,144.38999938964844,🚬菸屁股,HOLD,1
SOFI,2026-08-21,22.0,0.06,16972,431,55.469195312500005,15,18.25,🚬菸屁股,HOLD,1
OPEN,2028-01-21,4.0,1.65,7008,424,100.1958115234375,533,3.759999990463257,🔭LEAPS,HOLD,1
ACHR,2027-01-15,6.0,0.96,6889,423,92.57819921875,162,5.199999809265137,🚬菸屁股,HOLD,1
SOUN,2026-08-21,6.0,0.87,3393,423,106.64109179687502,15,6.429999828338623,🚬菸屁股,HOLD,1
HOOD,2026-09-18,135.0,0.81,8988,421,70.94755615234375,43,92.80000305175781,🚬菸屁股,HOLD,1
SMR,2026-08-21,12.0,0.23,4748,416,112.89106054687501,15,9.380000114440918,🚬菸屁股,HOLD,1
ACHR,2026-08-21,7.0,0.07,17747,414,107.03171484375002,15,5.199999809265137,🚬菸屁股,HOLD,1
ONDS,2028-01-21,20.0,2.4,15601,410,107.47116577148441,533,8.869999885559082,🔭LEAPS,HOLD,1
JOBY,2026-08-21,10.0,0.11,5151,408,99.2187578125,15,7.800000190734863,🚬菸屁股,HOLD,1
IBIT,2026-10-16,65.0,0.06,7848,407,58.39885351562499,71,36.7400016784668,🆕低基期(前日Vol1) 🚬菸屁股,HOLD,1
SOUN,2028-01-21,8.0,2.26,11935,404,90.429783203125,533,6.429999828338623,🔭LEAPS,HOLD,1
IBIT,2028-01-21,95.0,0.82,5975,400,51.17236328125,533,36.7400016784668,🔭LEAPS,HOLD,1
DKNG,2026-12-18,45.0,0.21,1127,400,68.16438085937502,134,21.760000228881836,🚬菸屁股,HOLD,1
SOUN,2027-01-15,37.0,0.11,17612,400,129.297228515625,162,6.429999828338623,🚬菸屁股,HOLD,1
SMR,2026-08-21,15.0,0.06,11811,399,125.78162109374999,15,9.380000114440918,🚬菸屁股,HOLD,1
ONDS,2028-01-21,7.0,4.74,14380,396,104.63914868164066,533,8.869999885559082,🔭LEAPS,HOLD,1
ACHR,2026-10-16,6.0,0.53,7613,393,88.476677734375,71,5.199999809265137,🚬菸屁股,HOLD,1
IONQ,2026-08-21,70.0,0.1,3907,384,123.82850585937497,15,39.93000030517578,🚀點火(5.0x) 🚬菸屁股 ⚠️尾段價外(75%) ⚠️暴動高IV(124%),BUY_WATCH,1
SMR,2026-08-21,13.0,0.13,3895,384,117.1879140625,15,9.380000114440918,🚬菸屁股,HOLD,1
HOOD,2026-09-18,150.0,0.39,8807,377,74.5119736328125,43,92.80000305175781,🚬菸屁股,HOLD,1
SOFI,2026-11-20,25.0,0.62,9919,375,58.20354296875,106,18.25,🚬菸屁股,HOLD,1
SOUN,2027-01-15,12.0,0.49,15646,375,95.80082324218748,162,6.429999828338623,🚬菸屁股,HOLD,1
IBM,2026-08-21,300.0,0.11,6578,369,50.0005,15,235.9199981689453,🚬菸屁股,HOLD,1
MSTR,2026-08-21,150.0,0.14,10339,368,91.01571484374999,15,98.37000274658203,🚬菸屁股,HOLD,1
TSLA,2026-08-21,500.0,0.11,18508,366,78.711150390625,15,321.54998779296875,🚬菸屁股,HOLD,1
DIS,2026-12-18,175.0,0.09,3162,365,40.039662109375,134,101.76000213623047,🚬菸屁股,HOLD,1
U,2026-08-21,55.0,0.28,5450,363,110.54732226562503,15,35.470001220703125,🚀點火(13.4x) 🚬菸屁股 ⚠️尾段價外(55%) ⚠️暴動高IV(111%),BUY_WATCH,1
TSLA,2026-08-21,990.0,0.01,11078,361,140.625296875,15,321.54998779296875,🚬菸屁股,HOLD,1
SOFI,2026-08-21,21.5,0.09,958,351,53.51608984375,15,18.25,🚬菸屁股,HOLD,1
SOFI,2027-01-15,27.0,0.8,20347,347,59.375406250000005,162,18.25,🚬菸屁股,HOLD,1
OPEN,2026-12-18,10.0,0.12,25244,345,110.54732226562503,134,3.759999990463257,🚬菸屁股,HOLD,1
JOBY,2026-09-18,10.0,0.34,11053,345,87.10950390625,43,7.800000190734863,🚬菸屁股,HOLD,1
JOBY,2028-01-21,20.0,1.35,9239,344,90.57626611328125,533,7.800000190734863,🔭LEAPS,HOLD,1
TSLA,2026-08-21,450.0,0.22,13128,343,68.21320849609377,15,321.54998779296875,🚬菸屁股,HOLD,1
SOFI,2026-08-21,29.0,0.02,1668,341,98.437515625,15,18.25,🚬菸屁股,HOLD,1
OPEN,2026-10-16,4.0,0.49,1098,338,88.2813671875,71,3.759999990463257,🚬菸屁股,HOLD,1
AAPL,2027-01-15,320.0,21.2,35087,337,30.26803131103516,162,311.0,🔥萬人塚 🏛️機構場,HOLD,1
TSLA,2026-08-21,460.0,0.18,5322,336,70.6057626953125,15,321.54998779296875,🚬菸屁股,HOLD,1
DIS,2026-09-18,115.0,0.46,6280,336,27.051510742187503,43,101.76000213623047,🚬菸屁股,HOLD,1
T,2026-08-21,25.0,0.06,24501,334,29.10227148437499,15,23.059999465942383,🚬菸屁股,HOLD,1
TDOC,2028-01-21,15.0,0.8,841,332,73.1447998046875,533,6.929999828338623,🔭LEAPS,HOLD,1
OKLO,2026-09-18,100.0,0.18,3001,329,113.67230664062502,43,42.9900016784668,🚀點火(6.3x) 🚬菸屁股 ⚠️尾段價外(133%) ⚠️暴動高IV(114%),BUY_WATCH,1
JOBY,2028-01-21,8.0,3.2,7995,329,93.89654541015625,533,7.800000190734863,🔭LEAPS,HOLD,1
LUNR,2026-09-18,40.0,0.08,4342,326,136.328443359375,43,13.989999771118164,🚬菸屁股,HOLD,1
GOOGL,2026-08-21,450.0,0.1,23223,324,44.434149414062496,15,362.42999267578125,🚬菸屁股,HOLD,1
XYZ,2026-08-21,100.0,0.77,1636,323,64.89292919921876,15,84.19999694824219,🚬菸屁股,HOLD,1
T,2026-08-21,23.5,0.37,3486,323,29.688203124999994,15,23.059999465942383,🚬菸屁股,HOLD,1
ONDS,2026-12-18,15.0,0.96,4094,322,110.84028955078126,134,8.869999885559082,🚬菸屁股,HOLD,1
SOFI,2028-06-16,40.0,2.6,9114,320,67.70051831054688,680,18.25,🔭LEAPS,HOLD,1
IBIT,2026-10-16,60.0,0.07,9313,316,52.734847656250004,71,36.7400016784668,🚬菸屁股,HOLD,1
IBIT,2026-12-18,50.0,0.58,7887,314,41.79745703125,134,36.7400016784668,🚬菸屁股,HOLD,1
OPEN,2026-11-20,9.0,0.12,10997,313,106.64109179687502,106,3.759999990463257,🚬菸屁股,HOLD,1
UPST,2026-08-21,40.0,0.11,1574,310,83.007982421875,15,30.200000762939453,🚬菸屁股,HOLD,1
NVDA,2026-08-21,360.0,0.01,7801,305,68.7503125,15,219.22000122070312,🚬菸屁股,HOLD,1
ACHR,2026-08-21,5.0,0.53,6081,304,96.48441015625,15,5.199999809265137,🚬菸屁股,HOLD,1
T,2026-09-18,26.0,0.11,8958,302,28.028063476562494,43,23.059999465942383,🚬菸屁股,HOLD,1
SMR,2026-11-20,16.0,0.7,859,298,110.74263378906251,106,9.380000114440918,🚬菸屁股,HOLD,1
ORCL,2026-08-21,220.0,0.1,9161,295,83.007982421875,15,144.38999938964844,🚬菸屁股,HOLD,1
LUNR,2028-01-21,17.0,6.6,906,294,119.43399658203124,533,13.989999771118164,🆕低基期(前日Vol4) 🔭LEAPS,HOLD,1
SMR,2026-08-21,11.5,0.26,1089,292,108.203583984375,15,9.380000114440918,🚬菸屁股,HOLD,1
F,2026-12-18,19.82,0.13,7303,290,44.434149414062496,134,14.130000114440918,🚬菸屁股,HOLD,1
SOFI,2026-12-18,25.0,0.79,12883,288,59.375406250000005,134,18.25,🚬菸屁股,HOLD,1
IREN,2026-08-21,70.0,0.07,15522,287,127.73473632812498,15,38.88999938964844,🚬菸屁股,HOLD,1
SOFI,2026-12-18,35.0,0.2,14839,285,64.45348046875,134,18.25,🚬菸屁股,HOLD,1
ORCL,2028-01-21,470.0,8.1,6362,285,71.24052197265625,533,144.38999938964844,🔭LEAPS,HOLD,1
SOFI,2026-12-18,40.0,0.14,13119,279,66.99251757812502,134,18.25,🚬菸屁股,HOLD,1
CRWV,2026-08-21,150.0,0.3,5405,279,122.75429248046876,15,89.88999938964844,🚬菸屁股,HOLD,1
IBIT,2026-08-21,42.0,0.05,13427,278,36.914693359375,15,36.7400016784668,🚬菸屁股,HOLD,1
ORCL,2026-08-21,250.0,0.05,9091,278,97.26565234374999,15,144.38999938964844,🚬菸屁股,HOLD,1
IONQ,2026-08-21,60.0,0.3,14288,277,118.9457177734375,15,39.93000030517578,🚬菸屁股,HOLD,1
TDOC,2027-01-15,15.0,0.2,10221,276,92.2852333984375,162,6.929999828338623,🚬菸屁股,HOLD,1
T,2026-08-21,24.5,0.09,3654,276,28.906960937499992,15,23.059999465942383,🚬菸屁股,HOLD,1
HOOD,2026-09-18,140.0,0.7,7462,273,75.43969873046875,43,92.80000305175781,🚬菸屁股,HOLD,1
PACB,2027-01-15,1.5,0.35,9008,273,99.60937890625,162,1.2999999523162842,🆕低基期(前日Vol10) 🚬菸屁股,HOLD,1
ONDS,2026-08-21,11.0,0.28,8069,273,117.57853710937498,15,8.869999885559082,🚬菸屁股,HOLD,1
SOUN,2027-01-15,15.0,0.34,22582,266,104.68797656250001,162,6.429999828338623,🚬菸屁股,HOLD,1
PATH,2026-08-21,20.0,0.02,4780,265,87.500125,15,13.819999694824219,🚬菸屁股,HOLD,1
KTOS,2026-08-21,70.0,0.35,2417,264,76.17211328125,15,55.34000015258789,🚬菸屁股,HOLD,1
F,2026-08-21,14.0,0.43,8897,259,29.883513671874994,15,14.130000114440918,🚬菸屁股,HOLD,1
MSFT,2028-01-21,600.0,51.63,7183,256,38.273474937438955,533,487.4599914550781,🔭LEAPS,HOLD,1
JOBY,2026-08-21,8.0,0.56,5574,254,94.92192578125,15,7.800000190734863,🚬菸屁股,HOLD,1
U,2028-01-21,45.0,10.1,7281,252,75.01245690917968,533,35.470001220703125,🆕低基期(前日Vol3) 🔭LEAPS,HOLD,1
MSTR,2026-09-18,170.0,0.47,5311,251,86.2306064453125,43,98.37000274658203,🚬菸屁股,HOLD,1
IBIT,2028-01-21,85.0,1.23,15065,251,50.19581054687501,533,36.7400016784668,🔭LEAPS,HOLD,1
UPST,2026-08-21,35.0,0.57,1769,251,77.8322529296875,15,30.200000762939453,🚬菸屁股,HOLD,1
ONDS,2026-09-18,14.0,0.31,6111,251,117.1879140625,43,8.869999885559082,🚬菸屁股,HOLD,1
JOBY,2026-09-18,8.0,0.85,2229,250,84.961087890625,43,7.800000190734863,🚬菸屁股,HOLD,1
SOFI,2026-08-21,24.0,0.03,6988,249,65.62534375000001,15,18.25,🚬菸屁股,HOLD,1
U,2026-08-21,50.0,0.24,2017,246,102.34423828125001,15,35.470001220703125,🚬菸屁股,HOLD,1
OPEN,2026-08-21,5.5,0.03,2020,246,109.375453125,15,3.759999990463257,🚬菸屁股,HOLD,1
T,2026-12-18,30.0,0.12,7578,245,29.444064941406246,134,23.059999465942383,🚬菸屁股,HOLD,1
T,2026-10-16,25.0,0.42,6052,243,27.393304199218747,71,23.059999465942383,🚬菸屁股,HOLD,1
T,2026-10-16,27.0,0.13,6718,243,26.758544921875,71,23.059999465942383,🚬菸屁股,HOLD,1
ACHR,2027-01-15,9.0,0.41,3765,240,91.60164648437501,162,5.199999809265137,🚬菸屁股,HOLD,1
DIS,2026-09-18,120.0,0.16,4439,240,28.27220166015625,43,101.76000213623047,🚬菸屁股,HOLD,1
DIS,2027-01-15,150.0,0.25,9999,240,31.201859863281246,162,101.76000213623047,🚬菸屁股,HOLD,1
RKLB,2026-08-21,115.0,0.35,1093,239,110.74263378906251,15,74.81999969482422,🚬菸屁股,HOLD,1
SMCI,2028-01-21,105.0,3.8,7935,237,92.15095739746093,533,30.31999969482422,🔭LEAPS,HOLD,1
RKLB,2026-08-21,170.0,0.07,1748,235,142.1877890625,15,74.81999969482422,🚬菸屁股,HOLD,1
META,2026-08-21,1180.0,0.02,1189,234,98.437515625,15,588.77001953125,🚬菸屁股,HOLD,1
META,2026-08-21,1080.0,0.13,1136,232,114.79534790039061,15,588.77001953125,🚬菸屁股,HOLD,1
ORLY,2028-01-21,160.0,1.51,1262,230,31.726756958007808,533,93.44000244140625,🆕低基期(前日Vol2) 🔭LEAPS,HOLD,1
ORCL,2026-08-21,200.0,0.18,15290,230,74.7072841796875,15,144.38999938964844,🚬菸屁股,HOLD,1
META,2026-09-18,950.0,0.21,927,230,52.393054199218746,43,588.77001953125,🚬菸屁股,HOLD,1
GOOGL,2026-09-18,500.0,0.17,5245,229,43.92145922851562,43,362.42999267578125,🚬菸屁股,HOLD,1
MSFT,2026-10-16,510.0,18.55,60801,228,32.25165405273437,71,487.4599914550781,🔥萬人塚 🏛️機構場,HOLD,1
KTOS,2026-08-21,75.0,0.2,3643,228,75.39087109375001,15,55.34000015258789,🚬菸屁股,HOLD,1
IBIT,2026-10-16,41.0,0.99,5411,226,37.9889013671875,71,36.7400016784668,🚬菸屁股,HOLD,1
PLTR,2027-01-15,410.0,0.59,7847,226,65.62534375000001,162,158.42999267578125,🚬菸屁股,HOLD,1
UPST,2026-08-21,45.0,0.02,1050,226,94.14068359375,15,30.200000762939453,🚀點火(3.0x) 🚬菸屁股 ⚠️尾段價外(49%) ⚠️暴動高IV(94%),BUY_WATCH,1
IBM,2026-08-21,270.0,0.63,3594,225,42.16366430664063,15,235.9199981689453,🚬菸屁股,HOLD,1
ORCL,2026-09-18,250.0,0.69,12389,225,85.0587431640625,43,144.38999938964844,🚬菸屁股,HOLD,1
ORCL,2026-08-21,340.0,0.03,2529,224,135.15657421875,15,144.38999938964844,🚬菸屁股,HOLD,1
INTC,2026-08-21,140.0,0.42,16012,223,88.18371191406248,15,101.05999755859375,🚬菸屁股,HOLD,1
META,2026-08-21,1060.0,0.01,1893,223,103.22314013671878,15,588.77001953125,🚬菸屁股,HOLD,1
OPEN,2026-09-18,8.0,0.03,10537,221,121.09414453124998,43,3.759999990463257,🚬菸屁股,HOLD,1
F,2026-08-21,21.0,0.01,10205,221,82.81267187499999,15,14.130000114440918,🚬菸屁股,HOLD,1
SMCI,2026-08-21,45.0,0.33,9492,220,124.02381738281247,15,30.31999969482422,🚬菸屁股,HOLD,1
UPST,2026-09-18,40.0,0.66,5872,220,74.414318359375,43,30.200000762939453,🚬菸屁股,HOLD,1
BAC,2028-01-21,70.0,6.1,2852,220,28.85813330078124,533,63.25,🔭LEAPS,HOLD,1
OKLO,2026-08-21,90.0,0.04,3435,218,143.75028125,15,42.9900016784668,🆕低基期(前日Vol9) 🚬菸屁股,HOLD,1
OPEN,2026-12-18,6.0,0.36,1481,217,101.7583037109375,134,3.759999990463257,🚬菸屁股,HOLD,1
SMR,2026-08-21,11.0,0.36,4556,213,110.54732226562503,15,9.380000114440918,🚬菸屁股,HOLD,1
TSLA,2026-08-21,600.0,0.03,8080,212,97.6562734375,15,321.54998779296875,🚬菸屁股,HOLD,1
SOFI,2026-11-20,23.0,0.94,2478,212,59.277750976562515,106,18.25,🚬菸屁股,HOLD,1
MSTR,2026-08-21,125.0,0.61,8605,211,77.73459765625,15,98.37000274658203,🚬菸屁股,HOLD,1
SMCI,2028-01-21,90.0,5.0,3502,211,90.51523156738281,533,30.31999969482422,🔭LEAPS,HOLD,1
META,2026-08-21,800.0,0.13,15154,211,56.49457568359376,15,588.77001953125,🚬菸屁股,HOLD,1
BAC,2026-08-21,64.0,0.83,1908,211,20.752745605468746,15,63.25,🚬菸屁股,HOLD,1
IBIT,2026-08-21,50.0,0.02,16568,210,59.375406250000005,15,36.7400016784668,🚬菸屁股,HOLD,1
F,2026-09-18,14.0,0.69,19181,207,32.12958496093749,43,14.130000114440918,🚬菸屁股,HOLD,1
MSTR,2026-09-18,200.0,0.22,11213,206,94.33599414062499,43,98.37000274658203,🚬菸屁股,HOLD,1
META,2026-09-18,800.0,0.98,5336,206,45.09332250976563,43,588.77001953125,🚬菸屁股,HOLD,1
OPEN,2026-11-20,12.0,0.13,7591,205,129.6878515625,106,3.759999990463257,🚬菸屁股,HOLD,1
CRWV,2026-08-21,130.0,0.84,5239,204,116.11370068359376,15,89.88999938964844,🚬菸屁股,HOLD,1
DKNG,2028-01-21,40.0,2.32,3122,203,60.10782080078126,533,21.760000228881836,🆕低基期(前日Vol6) 🔭LEAPS,HOLD,1
UPST,2026-09-18,50.0,0.14,5470,201,80.7619111328125,43,30.200000762939453,🚬菸屁股,HOLD,1
META,2026-09-18,1100.0,0.11,1553,201,62.01209863281252,43,588.77001953125,🚬菸屁股,HOLD,1
IBIT,2028-01-21,70.0,2.08,15583,200,50.06153454589843,533,36.7400016784668,🔭LEAPS,HOLD,1
SMCI,2026-09-18,49.0,0.8,1111,200,103.32079589843752,43,30.31999969482422,🆕低基期(前日Vol9) 🚬菸屁股,HOLD,1
META,2026-12-18,1300.0,0.6,8793,200,53.29636547851562,134,588.77001953125,🆕低基期(前日Vol5) 🚬菸屁股,HOLD,1
JOBY,2026-09-18,9.0,0.51,1927,198,86.132951171875,43,7.800000190734863,🚬菸屁股,HOLD,1
SMR,2027-01-15,20.0,0.73,20092,198,109.47310888671878,162,9.380000114440918,🚬菸屁股,HOLD,1
SOFI,2026-12-18,26.0,0.73,1920,197,60.74258007812501,134,18.25,🚬菸屁股,HOLD,1
TSLA,2028-01-21,400.0,59.8,6040,195,54.859612785339365,533,321.54998779296875,🔭LEAPS,HOLD,1
IBIT,2026-08-21,60.0,0.01,7529,194,78.12521875,15,36.7400016784668,🚬菸屁股,HOLD,1
SOFI,2026-10-16,23.0,0.47,5828,194,54.883263671875014,71,18.25,🚬菸屁股,HOLD,1
NTLA,2026-08-21,11.0,0.83,1035,191,86.32826171875,15,10.970000267028809,🚬菸屁股,HOLD,1
F,2027-01-15,25.0,0.06,18610,189,49.70753417968751,162,14.130000114440918,🚬菸屁股,HOLD,1
PATH,2027-01-15,32.0,0.31,1300,188,77.6369423828125,162,13.819999694824219,🆕低基期(前日Vol17) 🚬菸屁股,HOLD,1
AAPL,2028-01-21,300.0,58.2,21130,183,35.9656061706543,533,311.0,🔭LEAPS,HOLD,1
DKNG,2028-01-21,20.0,7.47,1655,182,66.28451684570314,533,21.760000228881836,🆕低基期(前日Vol14) 🔭LEAPS,HOLD,1
HOOD,2028-01-21,290.0,6.5,15042,182,73.58424853515625,533,92.80000305175781,🔭LEAPS,HOLD,1
OPEN,2026-09-18,3.0,0.91,1159,182,96.0937890625,43,3.759999990463257,🚬菸屁股,HOLD,1
NVDA,2028-01-21,420.0,9.25,21519,181,45.32525378417969,533,219.22000122070312,🔭LEAPS,HOLD,1
VST,2026-09-18,200.0,0.71,8851,181,60.32754516601564,43,140.5800018310547,🚬菸屁股,HOLD,1
JOBY,2026-10-16,12.0,0.28,1856,180,95.11723632812499,71,7.800000190734863,🚬菸屁股,HOLD,1
ONDS,2026-08-21,9.5,0.62,3354,178,120.70352148437497,15,8.869999885559082,🚬菸屁股,HOLD,1
ONDS,2026-08-21,14.0,0.07,1742,178,126.56286718749999,15,8.869999885559082,🚬菸屁股,HOLD,1
META,2026-08-21,740.0,0.38,2402,176,50.22022436523439,15,588.77001953125,🆕低基期(前日Vol12) 🚬菸屁股,HOLD,1
SOFI,2026-09-18,30.0,0.03,23445,175,68.7503125,43,18.25,🚬菸屁股,HOLD,1
GOOGL,2026-08-21,500.0,0.04,4292,175,53.51608984375,15,362.42999267578125,🚬菸屁股,HOLD,1
META,2026-09-18,1300.0,0.07,2189,175,74.2190078125,43,588.77001953125,🚬菸屁股,HOLD,1
SOFI,2026-08-21,23.0,0.04,11696,174,58.5941640625,15,18.25,🚬菸屁股,HOLD,1
CRM,2026-08-21,250.0,0.08,2445,172,51.758294921875006,15,192.97999572753906,🚬菸屁股,HOLD,1
F,2026-12-18,24.67,0.04,12711,170,49.219257812500004,134,14.130000114440918,🚬菸屁股,HOLD,1
CRM,2026-09-18,320.0,0.14,3092,169,56.9340244140625,43,192.97999572753906,🚬菸屁股,HOLD,1
META,2026-09-18,1340.0,0.16,1378,168,78.32052929687501,43,588.77001953125,🚬菸屁股,HOLD,1
IBIT,2028-01-21,55.0,3.9,5714,167,50.23243127441408,533,36.7400016784668,🆕低基期(前日Vol14) 🔭LEAPS,HOLD,1
SMCI,2026-09-18,55.0,0.39,10613,167,109.76607617187501,43,30.31999969482422,🚬菸屁股,HOLD,1
SOFI,2026-09-18,24.0,0.15,2479,167,54.883263671875014,43,18.25,🚬菸屁股,HOLD,1
NVDA,2028-01-21,210.0,55.73,9753,166,49.29707685852051,533,219.22000122070312,🔭LEAPS,HOLD,1
RKLB,2026-08-21,130.0,0.12,3377,165,116.99260253906249,15,74.81999969482422,🚬菸屁股,HOLD,1
INTC,2026-08-21,165.0,0.08,5058,164,95.312546875,15,101.05999755859375,🚬菸屁股,HOLD,1
ASTS,2026-08-21,120.0,0.22,4507,164,127.34411328124997,15,68.37999725341797,🚬菸屁股,HOLD,1
OPEN,2027-01-15,4.0,0.85,6278,163,95.11723632812499,162,3.759999990463257,🚬菸屁股,HOLD,1
PLTR,2026-09-18,220.0,0.64,5072,162,54.73678076171876,43,158.42999267578125,🚬菸屁股,HOLD,1
SOFI,2028-06-16,15.0,8.01,22702,162,70.23955541992189,680,18.25,🔭LEAPS,HOLD,1
IREN,2028-01-21,80.0,11.43,7253,162,107.97165155029298,533,38.88999938964844,🔭LEAPS,HOLD,1
SMR,2026-11-20,14.0,0.98,1724,162,107.51999365234377,106,9.380000114440918,🚬菸屁股,HOLD,1
T,2027-01-15,26.0,0.65,2640,162,30.127651855468752,162,23.059999465942383,🚬菸屁股,HOLD,1
CRM,2027-01-15,550.0,0.11,6000,162,57.0316796875,162,192.97999572753906,🚬菸屁股,HOLD,1
HOOD,2026-08-21,175.0,0.02,1528,160,146.6799541015625,15,92.80000305175781,🚬菸屁股,HOLD,1
IBIT,2026-08-21,45.0,0.03,17248,159,46.0942890625,15,36.7400016784668,🚬菸屁股,HOLD,1
F,2028-01-21,15.0,2.25,19693,159,39.3560751953125,533,14.130000114440918,🔭LEAPS,HOLD,1
DIS,2026-10-16,120.0,0.52,830,156,27.66185620117187,71,101.76000213623047,🚬菸屁股,HOLD,1
SOUN,2028-01-21,5.0,3.12,7382,156,88.33019482421875,533,6.429999828338623,🔭LEAPS,HOLD,1
IBIT,2028-01-21,140.0,0.43,28698,154,56.226023681640626,533,36.7400016784668,🔭LEAPS,HOLD,1
META,2026-08-21,1010.0,0.08,758,153,86.52357226562499,15,588.77001953125,🚬菸屁股,HOLD,1
F,2028-01-21,17.0,1.65,7519,153,39.3560751953125,533,14.130000114440918,🔭LEAPS,HOLD,1
RKLB,2026-09-18,155.0,0.41,1460,151,104.78563232421875,43,74.81999969482422,🆕低基期(前日Vol6) 🚬菸屁股,HOLD,1
SOFI,2026-10-16,25.0,0.31,5122,151,56.836369140624996,71,18.25,🚬菸屁股,HOLD,1
IBIT,2026-10-16,50.0,0.16,19883,149,42.4810439453125,71,36.7400016784668,🚬菸屁股,HOLD,1
SNDK,2026-08-21,3530.0,0.08,1486,149,139.55108349609375,15,1350.5,🚬菸屁股,HOLD,1
SOFI,2026-12-18,30.0,0.37,19764,148,62.109753906250006,134,18.25,🚬菸屁股,HOLD,1
ACHR,2026-10-16,8.0,0.21,8411,147,92.187578125,71,5.199999809265137,🚬菸屁股,HOLD,1
BAC,2026-09-18,70.0,0.15,6076,147,19.8250205078125,43,63.25,🚬菸屁股,HOLD,1
RKLB,2026-08-21,120.0,0.24,2302,146,115.234798828125,15,74.81999969482422,🚬菸屁股,HOLD,1
U,2028-01-21,75.0,5.05,4501,146,73.4499725341797,533,35.470001220703125,🔭LEAPS,HOLD,1
PATH,2027-01-15,25.0,0.63,12981,146,77.0510107421875,162,13.819999694824219,🚬菸屁股,HOLD,1
OPEN,2026-08-21,3.0,0.8,1461,146,106.25046875000001,15,3.759999990463257,🚬菸屁股,HOLD,1
SMR,2028-01-21,8.0,4.95,5302,146,109.57076464843752,533,9.380000114440918,🔭LEAPS,HOLD,1
ONDS,2026-09-18,17.0,0.13,8212,145,123.047259765625,43,8.869999885559082,🆕低基期(前日Vol14) 🚬菸屁股,HOLD,1
INTC,2026-08-21,135.0,0.61,8756,144,85.6446748046875,15,101.05999755859375,🚬菸屁股,HOLD,1
DIS,2026-08-21,120.0,0.02,4150,144,31.641308593749994,15,101.76000213623047,🚬菸屁股,HOLD,1
IBIT,2026-08-21,65.0,0.01,19729,143,90.62509374999999,15,36.7400016784668,🚬菸屁股,HOLD,1
MSFT,2026-12-18,575.0,12.5,129620,142,34.24748370361328,134,487.4599914550781,🔥萬人塚 🏛️機構場,HOLD,1
ORCL,2026-08-21,380.0,0.03,2648,142,147.65651171875,15,144.38999938964844,🚬菸屁股,HOLD,1
IBIT,2027-01-15,95.0,0.07,17907,140,60.35195898437502,162,36.7400016784668,🚬菸屁股,HOLD,1
OPEN,2027-01-15,9.0,0.2,3492,140,128.125359375,162,3.759999990463257,🚬菸屁股,HOLD,1
CRWV,2026-09-18,210.0,0.4,2447,140,114.64886425781249,43,89.88999938964844,🚬菸屁股,HOLD,1
PLTR,2028-01-21,200.0,34.58,12605,139,62.05482281494141,533,158.42999267578125,🔭LEAPS,HOLD,1
NVDA,2028-01-21,380.0,13.0,8595,138,44.917848190307616,533,219.22000122070312,🆕低基期(前日Vol2) 🔭LEAPS,HOLD,1
ACHR,2028-01-21,10.0,1.3,19266,138,93.01764794921876,533,5.199999809265137,🔭LEAPS,HOLD,1
SMR,2026-11-20,15.0,0.83,2570,138,108.984830078125,106,9.380000114440918,🚬菸屁股,HOLD,1
META,2026-08-21,990.0,0.14,1100,138,90.3321279296875,15,588.77001953125,🚀點火(4.8x) 🚬菸屁股 ⚠️尾段價外(68%) ⚠️暴動高IV(90%),BUY_WATCH,1
IONQ,2028-01-21,120.0,7.3,2394,137,96.41116870117187,533,39.93000030517578,🔭LEAPS,HOLD,1
SOFI,2028-01-21,10.0,10.15,4275,137,72.02176416015625,533,18.25,🔭LEAPS,HOLD,1
F,2026-10-16,15.0,0.54,1000,137,35.059243164062494,71,14.130000114440918,🚬菸屁股,HOLD,1
SOFI,2026-12-18,42.0,0.11,6751,135,71.28934960937501,134,18.25,🚬菸屁股,HOLD,1
PATH,2026-08-21,16.0,0.17,3154,135,68.35969140625001,15,13.819999694824219,🚬菸屁股,HOLD,1
IBIT,2026-10-16,45.0,0.42,12652,134,38.7701435546875,71,36.7400016784668,🚬菸屁股,HOLD,1
ASTS,2026-09-18,150.0,0.57,8996,134,120.50820996093749,43,68.37999725341797,🚬菸屁股,HOLD,1
IBM,2026-08-21,400.0,0.03,4614,134,76.562734375,15,235.9199981689453,🚬菸屁股,HOLD,1
ORCL,2026-08-21,230.0,0.06,3962,134,87.30481445312499,15,144.38999938964844,🚬菸屁股,HOLD,1
ORCL,2026-09-18,240.0,0.9,5913,134,82.91032714843749,43,144.38999938964844,🚬菸屁股,HOLD,1
RKLB,2026-08-21,150.0,0.05,9211,133,126.56286718749999,15,74.81999969482422,🚬菸屁股,HOLD,1
RKLB,2026-09-18,150.0,0.5,3680,133,105.17625537109376,43,74.81999969482422,🚬菸屁股,HOLD,1
UPST,2028-01-21,100.0,2.87,1353,133,82.66618896484374,533,30.200000762939453,🆕低基期(前日Vol1) 🔭LEAPS,HOLD,1
PATH,2028-01-21,10.0,6.7,6935,133,80.27363476562499,533,13.819999694824219,🔭LEAPS,HOLD,1
ONDS,2026-08-21,13.0,0.11,2613,133,128.90660546875,15,8.869999885559082,🚬菸屁股,HOLD,1
GOOGL,2026-09-18,470.0,0.43,1629,133,40.12511047363281,43,362.42999267578125,🚬菸屁股,HOLD,1
GOOGL,2028-01-21,800.0,5.65,2618,132,41.89816403198242,533,362.42999267578125,🔭LEAPS,HOLD,1
SOUN,2028-01-21,15.0,1.34,4886,132,93.99420068359376,533,6.429999828338623,🔭LEAPS,HOLD,1
NVDA,2026-08-21,310.0,0.02,11532,131,56.250437500000004,15,219.22000122070312,🚬菸屁股,HOLD,1
NVDA,2027-01-15,460.0,0.45,10937,130,50.02491381835939,162,219.22000122070312,🚬菸屁股,HOLD,1
T,2026-12-18,27.0,0.42,7236,130,28.516339843749993,134,23.059999465942383,🚬菸屁股,HOLD,1
DKNG,2026-12-18,35.0,0.55,2921,129,60.25430371093752,134,21.760000228881836,🚬菸屁股,HOLD,1
GOOGL,2026-08-21,440.0,0.15,3762,129,45.80132324218751,15,362.42999267578125,🚬菸屁股,HOLD,1
F,2028-01-21,25.0,0.6,14953,129,43.35994140625,533,14.130000114440918,🔭LEAPS,HOLD,1
ASTS,2026-08-21,125.0,0.18,2630,128,140.234673828125,15,68.37999725341797,🚬菸屁股,HOLD,1
IREN,2026-09-18,70.0,0.72,14264,127,116.69963525390625,43,38.88999938964844,🚬菸屁股,HOLD,1
META,2026-09-18,850.0,0.53,10734,127,48.02298071289062,43,588.77001953125,🚬菸屁股,HOLD,1
DIS,2028-01-21,115.0,10.8,1686,127,34.058276611328125,533,101.76000213623047,🔭LEAPS,HOLD,1
META,2026-09-18,900.0,0.3,3696,124,50.19581054687501,43,588.77001953125,🚬菸屁股,HOLD,1
ASTS,2026-08-21,150.0,0.09,7599,123,149.60962695312497,15,68.37999725341797,🚬菸屁股,HOLD,1
HOOD,2026-09-18,290.0,0.04,1958,123,117.1879140625,43,92.80000305175781,🚬菸屁股,HOLD,1
TSLA,2026-12-18,990.0,0.57,19162,122,74.85376708984376,134,321.54998779296875,🚬菸屁股,HOLD,1
UPST,2027-01-15,90.0,0.29,1156,122,87.45129736328124,162,30.200000762939453,🚬菸屁股,HOLD,1
CRWV,2026-09-18,170.0,0.78,5796,122,104.15086987304689,43,89.88999938964844,🚬菸屁股,HOLD,1
SOFI,2026-09-18,40.0,0.02,25284,120,88.2813671875,43,18.25,🚬菸屁股,HOLD,1
DKNG,2026-09-18,52.5,0.09,4510,120,111.328568359375,43,21.760000228881836,🚬菸屁股,HOLD,1
IREN,2026-09-18,85.0,0.27,4203,120,130.27378613281246,43,38.88999938964844,🚀點火(4.3x) 🚬菸屁股 ⚠️尾段價外(119%) ⚠️暴動高IV(130%),BUY_WATCH,1
DKNG,2026-08-21,24.5,0.46,1282,119,65.03941210937501,15,21.760000228881836,🚬菸屁股,HOLD,1
HIMS,2026-08-21,45.0,0.31,6021,119,113.8676181640625,15,31.649999618530273,🚬菸屁股,HOLD,1
ACHR,2027-01-15,15.0,0.14,24449,119,97.85158398437501,162,5.199999809265137,🚬菸屁股,HOLD,1
SOUN,2027-01-15,9.0,0.86,2873,119,96.289099609375,162,6.429999828338623,🚬菸屁股,HOLD,1
HOOD,2026-08-21,130.0,0.14,10199,118,78.32052929687501,15,92.80000305175781,🚬菸屁股,HOLD,1
ORCL,2026-10-16,300.0,0.65,2663,117,79.883013671875,71,144.38999938964844,🚬菸屁股,HOLD,1
SOFI,2026-09-18,42.0,0.02,5771,116,92.187578125,43,18.25,🚬菸屁股,HOLD,1
F,2026-10-16,16.0,0.28,2046,116,35.742830078124996,71,14.130000114440918,🚬菸屁股,HOLD,1
AAPL,2026-08-21,400.0,0.02,6043,115,41.01621484375,15,311.0,🚬菸屁股,HOLD,1
XYZ,2026-09-18,110.0,0.5,1136,115,53.027813476562514,43,84.19999694824219,🆕低基期(前日Vol12) 🚬菸屁股,HOLD,1
META,2026-09-18,1090.0,0.19,1871,115,65.38120556640627,43,588.77001953125,🆕低基期(前日Vol16) 🚬菸屁股,HOLD,1
BAC,2026-10-16,75.0,0.15,2629,114,23.82888671875,71,63.25,🚬菸屁股,HOLD,1
DKNG,2028-01-21,35.0,3.1,1924,113,61.40175317382813,533,21.760000228881836,🔭LEAPS,HOLD,1
JOBY,2026-08-21,12.0,0.03,3457,113,112.5004375,15,7.800000190734863,🚀點火(2.7x) 🚬菸屁股 ⚠️尾段價外(54%) ⚠️暴動高IV(113%),BUY_WATCH,1
SMCI,2026-08-21,55.0,0.09,5576,112,128.90660546875,15,30.31999969482422,🚬菸屁股,HOLD,1
TDOC,2027-01-15,12.5,0.24,5588,112,75.2932158203125,162,6.929999828338623,🚬菸屁股,HOLD,1
ONDS,2028-01-21,25.0,1.95,7248,112,102.10009887695315,533,8.869999885559082,🔭LEAPS,HOLD,1
SOUN,2027-01-15,30.0,0.11,2964,112,117.96916015624998,162,6.429999828338623,🆕低基期(前日Vol4) 🚬菸屁股,HOLD,1
PATH,2028-01-21,35.0,1.7,916,111,76.22094091796876,533,13.819999694824219,🔭LEAPS,HOLD,1
TDOC,2026-08-21,9.0,0.04,2549,111,82.81267187499999,15,6.929999828338623,🆕低基期(前日Vol17) 🚬菸屁股,HOLD,1
SMR,2026-08-21,12.5,0.15,1391,111,114.0629296875,15,9.380000114440918,🚬菸屁股,HOLD,1
IBIT,2026-09-18,47.0,0.1,8359,109,41.211525390625,43,36.7400016784668,🚬菸屁股,HOLD,1
ASTS,2026-09-18,130.0,0.96,11462,109,115.28362670898437,43,68.37999725341797,🚬菸屁股,HOLD,1
JOBY,2026-11-20,15.0,0.24,1046,109,91.79695703125,106,7.800000190734863,🚬菸屁股,HOLD,1
ACHR,2026-09-18,5.0,0.73,1219,109,87.89074609375,43,5.199999809265137,🚬菸屁股,HOLD,1
JOBY,2026-10-16,10.0,0.53,4732,108,85.54701953125,71,7.800000190734863,🚬菸屁股,HOLD,1
GOOGL,2026-08-21,430.0,0.23,3236,107,41.82187084960937,15,362.42999267578125,🚬菸屁股,HOLD,1
SOUN,2027-01-15,20.0,0.22,16797,107,110.15669921875002,162,6.429999828338623,🚬菸屁股,HOLD,1
INTC,2028-01-21,100.0,40.75,12519,106,85.80641635131835,533,101.05999755859375,🔭LEAPS,HOLD,1
SMCI,2026-09-18,50.0,0.55,11318,106,102.05127099609376,43,30.31999969482422,🚬菸屁股,HOLD,1
TSLA,2026-12-18,950.0,0.64,6219,105,73.68190380859374,134,321.54998779296875,🆕低基期(前日Vol2) 🚬菸屁股,HOLD,1
DKNG,2027-01-15,33.0,0.88,11760,104,60.74258007812501,162,21.760000228881836,🚬菸屁股,HOLD,1
SOFI,2026-11-20,35.0,0.14,1426,103,66.60189648437502,106,18.25,🆕低基期(前日Vol14) 🚬菸屁股,HOLD,1
SOFI,2028-01-21,40.0,1.8,15336,103,65.7229990234375,533,18.25,🔭LEAPS,HOLD,1
NNE,2027-01-15,50.0,0.58,2277,103,96.77737597656251,162,17.8799991607666,🚬菸屁股,HOLD,1
SOUN,2026-10-16,12.0,0.19,8413,103,107.61764941406251,71,6.429999828338623,🚬菸屁股,HOLD,1
SOUN,2026-10-16,16.0,0.09,1767,103,123.047259765625,71,6.429999828338623,🚬菸屁股,HOLD,1
SOUN,2027-01-15,25.0,0.12,5208,103,114.84417578124999,162,6.429999828338623,🚬菸屁股,HOLD,1
IONQ,2026-10-16,55.0,0.3,1017,102,12.500875,71,39.93000030517578,🚬菸屁股,HOLD,1
SOFI,2026-09-18,28.0,0.06,1719,102,69.14093359375,43,18.25,🆕低基期(前日Vol9) 🚬菸屁股,HOLD,1
F,2026-12-18,24.82,0.11,5499,102,53.12546875,134,14.130000114440918,🚬菸屁股,HOLD,1
NVDA,2028-01-21,410.0,10.28,20836,101,45.31915032958984,533,219.22000122070312,🆕低基期(前日Vol1) 🔭LEAPS,HOLD,1
U,2028-01-21,60.0,7.21,982,101,74.26783544921875,533,35.470001220703125,🆕低基期(前日Vol5) 🔭LEAPS,HOLD,1
F,2026-08-21,15.5,0.05,3087,101,35.1568984375,15,14.130000114440918,🚬菸屁股,HOLD,1
IBIT,2026-09-18,70.0,0.02,21355,100,73.04714453125,43,36.7400016784668,🚬菸屁股,HOLD,1
RKLB,2026-08-21,185.0,0.03,1467,100,145.3127734375,15,74.81999969482422,🆕低基期(前日Vol6) 🚬菸屁股,HOLD,1
ASTS,2026-08-21,110.0,0.48,6408,100,130.37144189453122,15,68.37999725341797,🚬菸屁股,HOLD,1
DKNG,2026-09-18,40.0,0.03,10252,100,83.59391406249999,43,21.760000228881836,🚬菸屁股,HOLD,1
PACB,2026-09-18,1.5,0.18,8662,100,135.93782031249998,43,1.2999999523162842,🚬菸屁股,HOLD,1
ONDS,2026-09-18,16.0,0.18,10698,100,119.141029296875,43,8.869999885559082,🚬菸屁股,HOLD,1
BAC,2026-10-16,70.0,0.59,3667,100,23.7312314453125,71,63.25,🚬菸屁股,HOLD,1
META,2026-08-21,1250.0,0.01,915,99,136.08430395507813,15,588.77001953125,🚬菸屁股,HOLD,1
GOOG,2026-09-18,460.0,0.52,8831,98,39.429316650390625,43,360.1300048828125,🚬菸屁股,HOLD,1
DKNG,2026-08-21,35.0,0.01,8708,97,100.78174609374999,15,21.760000228881836,🚀點火(3.3x) 🚬菸屁股 ⚠️尾段價外(61%) ⚠️暴動高IV(101%),BUY_WATCH,1
F,2027-01-15,20.0,0.19,11712,97,39.649041015625,162,14.130000114440918,🆕低基期(前日Vol4) 🚬菸屁股,HOLD,1
DIS,2028-01-21,130.0,6.3,1668,97,32.30963687133788,533,101.76000213623047,🔭LEAPS,HOLD,1
CRM,2026-09-18,300.0,0.16,1726,97,53.613745117187506,43,192.97999572753906,🚬菸屁股,HOLD,1
UPST,2027-01-15,100.0,0.21,6151,96,86.8165380859375,162,30.200000762939453,🚬菸屁股,HOLD,1
SOFI,2026-10-16,24.0,0.35,3741,96,55.859816406250005,71,18.25,🚬菸屁股,HOLD,1
MSFT,2026-12-18,525.0,27.0,53247,95,34.81663084411621,134,487.4599914550781,🔥萬人塚 🏛️機構場,HOLD,1
INTC,2028-01-21,150.0,28.2,7743,95,83.98758688354492,533,101.05999755859375,🔭LEAPS,HOLD,1
ONDS,2028-01-21,12.0,3.5,14076,95,105.32273901367186,533,8.869999885559082,🔭LEAPS,HOLD,1
ORCL,2028-01-21,400.0,10.75,2369,95,69.49493395996093,533,144.38999938964844,🔭LEAPS,HOLD,1
SOUN,2026-09-18,9.0,0.22,1065,94,98.63282617187501,43,6.429999828338623,🚬菸屁股,HOLD,1
VST,2026-08-21,170.0,0.75,1767,93,62.52478881835939,15,140.5800018310547,🚬菸屁股,HOLD,1
SOUN,2027-01-15,11.0,0.62,1490,93,104.88328808593752,162,6.429999828338623,🚬菸屁股,HOLD,1
OPEN,2026-12-18,4.0,0.79,1000,92,106.64109179687502,134,3.759999990463257,🚬菸屁股,HOLD,1
SNDK,2026-08-21,3000.0,0.46,1123,92,133.9358771972656,15,1350.5,🚬菸屁股,HOLD,1
ACHR,2028-01-21,7.0,1.79,18299,91,93.0664755859375,533,5.199999809265137,🔭LEAPS,HOLD,1
RKLB,2026-10-16,210.0,0.3,1413,90,108.203583984375,71,74.81999969482422,🆕低基期(前日Vol5) 🚬菸屁股,HOLD,1
PACB,2028-01-21,3.0,0.39,1141,90,113.67230664062502,533,1.2999999523162842,🔭LEAPS,HOLD,1
SMCI,2026-08-21,42.0,0.41,1756,88,117.67619287109375,15,30.31999969482422,🚬菸屁股,HOLD,1
SOUN,2026-09-18,8.0,0.37,873,88,99.804689453125,43,6.429999828338623,🚬菸屁股,HOLD,1
SOUN,2026-09-18,10.0,0.17,1329,88,105.85984570312502,43,6.429999828338623,🚬菸屁股,HOLD,1
IONQ,2026-08-21,75.0,0.04,1600,87,124.21912890624998,15,39.93000030517578,🚬菸屁股,HOLD,1
META,2026-08-21,900.0,0.06,2131,87,67.57844921875001,15,588.77001953125,🚬菸屁股,HOLD,1
PLTR,2026-09-18,300.0,0.08,7915,85,69.72686523437501,43,158.42999267578125,🚬菸屁股,HOLD,1
CRWV,2026-09-18,240.0,0.11,5476,85,120.11758691406249,43,89.88999938964844,🆕低基期(前日Vol3) 🚬菸屁股,HOLD,1
DKNG,2026-08-21,26.0,0.28,1313,84,68.555001953125,15,21.760000228881836,🆕低基期(前日Vol7) 🚬菸屁股,HOLD,1
IBM,2026-09-18,300.0,0.9,5163,84,43.836010864257815,43,235.9199981689453,🚬菸屁股,HOLD,1
ORCL,2026-09-18,480.0,0.17,3224,84,144.53152734375,43,144.38999938964844,🚀點火(2.7x) 🚬菸屁股 ⚠️尾段價外(232%) ⚠️暴動高IV(145%),BUY_WATCH,1
META,2026-08-21,1050.0,0.02,4129,84,105.17625537109376,15,588.77001953125,🚬菸屁股,HOLD,1
CRM,2026-12-18,430.0,0.25,2235,84,57.42230078125,134,192.97999572753906,🚬菸屁股,HOLD,1
HIMS,2026-08-21,39.0,0.85,2593,83,107.71530517578127,15,31.649999618530273,🚬菸屁股,HOLD,1
META,2026-09-18,1000.0,0.18,2182,83,56.250437500000004,43,588.77001953125,🚬菸屁股,HOLD,1
SMCI,2026-12-18,92.0,0.6,1278,82,106.25046875000001,134,30.31999969482422,🚬菸屁股,HOLD,1
HIMS,2026-08-21,40.0,0.76,9928,82,112.98871630859378,15,31.649999618530273,🚬菸屁股,HOLD,1
T,2026-10-16,28.0,0.06,2258,82,28.516339843749993,71,23.059999465942383,🚬菸屁股,HOLD,1
PLTR,2026-09-18,230.0,0.5,5346,81,56.592230957031255,43,158.42999267578125,🚬菸屁股,HOLD,1
ACHR,2026-10-16,7.0,0.32,7335,80,89.257919921875,71,5.199999809265137,🚬菸屁股,HOLD,1
GOOGL,2026-08-21,470.0,0.07,4555,80,50.39112109375,15,362.42999267578125,🚬菸屁股,HOLD,1
NVDA,2028-06-16,400.0,16.65,5383,79,45.80437496948243,680,219.22000122070312,🆕低基期(前日Vol5) 🔭LEAPS,HOLD,1
SMR,2028-01-21,10.0,4.45,7424,79,108.35006762695313,533,9.380000114440918,🔭LEAPS,HOLD,1
INTC,2026-09-18,170.0,0.8,5127,78,88.33019482421875,43,101.05999755859375,🚬菸屁股,HOLD,1
JOBY,2028-01-21,12.0,2.24,6115,78,92.13875048828125,533,7.800000190734863,🔭LEAPS,HOLD,1
ORCL,2026-08-21,195.0,0.25,2664,78,68.65265722656251,15,144.38999938964844,🚬菸屁股,HOLD,1
META,2026-08-21,1100.0,0.03,918,78,88.2813671875,15,588.77001953125,🚬菸屁股,HOLD,1
COIN,2026-08-21,250.0,0.12,5826,77,100.1958115234375,15,149.88999938964844,🚬菸屁股,HOLD,1
ONDS,2026-09-18,15.0,0.21,14258,77,113.67230664062502,43,8.869999885559082,🚬菸屁股,HOLD,1
AVGO,2026-08-21,510.0,0.71,1460,77,50.43994873046876,15,418.2799987792969,🚬菸屁股,HOLD,1
IREN,2026-09-18,80.0,0.42,4427,76,119.141029296875,43,38.88999938964844,🚬菸屁股,HOLD,1
META,2026-08-21,720.0,0.62,22279,76,47.92532543945312,15,588.77001953125,🚬菸屁股,HOLD,1
BAC,2026-09-18,75.0,0.04,946,76,25.6843369140625,43,63.25,🚬菸屁股,HOLD,1
U,2027-01-15,75.0,0.69,2489,75,75.87914746093752,162,35.470001220703125,🚬菸屁股,HOLD,1
JOBY,2027-01-15,20.0,0.27,13128,75,93.945373046875,162,7.800000190734863,🚬菸屁股,HOLD,1
ACHR,2028-01-21,5.0,2.25,19676,75,96.97268652343749,533,5.199999809265137,🔭LEAPS,HOLD,1
CRWV,2026-09-18,195.0,0.54,3941,75,114.45355273437498,43,89.88999938964844,🚬菸屁股,HOLD,1
META,2026-08-21,1280.0,0.01,785,75,96.87503124999999,15,588.77001953125,🚬菸屁股,HOLD,1
F,2026-12-18,21.82,0.15,2582,75,49.60987890625,134,14.130000114440918,🚬菸屁股,HOLD,1
OKLO,2026-08-21,80.0,0.06,4263,74,133.98470507812496,15,42.9900016784668,🚬菸屁股,HOLD,1
SOFI,2026-12-18,27.0,0.62,2204,74,59.277750976562515,134,18.25,🚬菸屁股,HOLD,1
T,2027-01-15,32.0,0.1,11302,74,29.004616210937495,162,23.059999465942383,🆕低基期(前日Vol2) 🚬菸屁股,HOLD,1
GOOGL,2026-10-16,490.0,0.93,6350,74,40.149524291992186,71,362.42999267578125,🚬菸屁股,HOLD,1
PATH,2026-09-18,17.0,0.69,1317,73,78.2228740234375,43,13.819999694824219,🚬菸屁股,HOLD,1
ZM,2026-09-18,140.0,0.57,1083,72,58.838302246093754,43,100.63999938964844,🚬菸屁股,HOLD,1
JOBY,2026-08-21,9.0,0.12,8409,72,94.92192578125,15,7.800000190734863,🚬菸屁股,HOLD,1
T,2026-08-21,22.5,0.8,4702,72,40.23497265625,15,23.059999465942383,🚬菸屁股,HOLD,1
META,2027-01-15,1480.0,0.5,2675,72,53.54050366210939,162,588.77001953125,🚬菸屁股,HOLD,1
SOUN,2027-01-15,13.0,0.43,811,72,99.023447265625,162,6.429999828338623,🆕低基期(前日Vol13) 🚬菸屁股,HOLD,1
SOUN,2027-01-15,17.0,0.29,4236,72,105.078599609375,162,6.429999828338623,🚬菸屁股,HOLD,1
ONDS,2026-08-21,12.5,0.14,859,71,130.46909765624997,15,8.869999885559082,🚬菸屁股,HOLD,1
META,2026-08-21,1040.0,0.01,1603,71,110.84028955078126,15,588.77001953125,🚬菸屁股,HOLD,1
IBIT,2026-10-16,44.0,0.5,5448,70,38.3795224609375,71,36.7400016784668,🚬菸屁股,HOLD,1
SMCI,2026-09-18,75.0,0.15,3590,70,118.35978320312499,43,30.31999969482422,🚬菸屁股,HOLD,1
IBM,2026-09-18,320.0,0.58,2109,70,48.70656762695313,43,235.9199981689453,🚬菸屁股,HOLD,1
SOUN,2026-10-16,9.0,0.4,4010,69,86.52357226562499,71,6.429999828338623,🚬菸屁股,HOLD,1
HOOD,2026-08-21,140.0,0.07,2943,68,78.9064609375,15,92.80000305175781,🚬菸屁股,HOLD,1
CRWV,2026-08-21,200.0,0.03,1110,68,132.81283593749998,15,89.88999938964844,🆕低基期(前日Vol14) 🚬菸屁股,HOLD,1
GOOGL,2026-10-16,520.0,0.44,3612,68,43.103596313476565,71,362.42999267578125,🚬菸屁股,HOLD,1
F,2026-08-21,17.0,0.01,18940,68,46.87553125,15,14.130000114440918,🚬菸屁股,HOLD,1
F,2028-01-21,8.0,6.35,1449,68,40.820904296875,533,14.130000114440918,🆕低基期(前日Vol1) 🔭LEAPS,HOLD,1
TSLA,2028-06-16,990.0,14.5,5905,67,57.61150787353515,680,321.54998779296875,🔭LEAPS,HOLD,1
ASTS,2026-08-21,130.0,0.15,2990,67,133.98470507812496,15,68.37999725341797,🚬菸屁股,HOLD,1
NBIS,2026-08-21,440.0,0.45,1396,67,148.53541357421872,15,218.99000549316406,🚬菸屁股,HOLD,1
ONDS,2026-08-21,15.0,0.05,1701,67,145.3127734375,15,8.869999885559082,🚬菸屁股,HOLD,1
ONDS,2028-01-21,15.0,3.0,9318,67,105.85984570312502,533,8.869999885559082,🔭LEAPS,HOLD,1
T,2028-01-21,25.0,2.3,8991,67,28.760478027343737,533,23.059999465942383,🔭LEAPS,HOLD,1
F,2026-12-18,16.0,0.6,2847,67,37.695935546875,134,14.130000114440918,🚬菸屁股,HOLD,1
SMCI,2026-08-21,38.0,0.8,2666,66,110.64497802734377,15,30.31999969482422,🚬菸屁股,HOLD,1
PATH,2026-09-18,16.0,0.89,2226,66,83.59391406249999,43,13.819999694824219,🚬菸屁股,HOLD,1
T,2026-12-18,25.0,0.84,6571,66,29.224340576171866,134,23.059999465942383,🚬菸屁股,HOLD,1
NVDA,2026-09-18,320.0,0.3,7694,65,50.34229345703125,43,219.22000122070312,🚬菸屁股,HOLD,1
SOFI,2027-01-15,32.0,0.44,18565,65,61.23085644531252,162,18.25,🚬菸屁股,HOLD,1
DKNG,2028-01-21,25.0,5.4,3949,65,68.50617431640626,533,21.760000228881836,🆕低基期(前日Vol19) 🔭LEAPS,HOLD,1
DKNG,2028-01-21,37.5,3.34,19824,65,61.133201171875015,533,21.760000228881836,🔭LEAPS,HOLD,1
JOBY,2028-01-21,10.0,2.69,14900,65,93.164130859375,533,7.800000190734863,🔭LEAPS,HOLD,1
META,2026-08-21,750.0,0.29,18895,65,50.63525927734375,15,588.77001953125,🚬菸屁股,HOLD,1
BAC,2026-12-18,75.0,0.57,2410,65,23.29178271484375,134,63.25,🚬菸屁股,HOLD,1
VST,2026-08-21,175.0,0.5,1295,64,63.623410644531255,15,140.5800018310547,🚬菸屁股,HOLD,1
F,2027-01-15,24.0,0.27,1204,64,50.7817421875,162,14.130000114440918,🚬菸屁股,HOLD,1
INTC,2026-09-18,180.0,0.58,7418,63,88.72081591796874,43,101.05999755859375,🚬菸屁股,HOLD,1
ASTS,2026-08-21,135.0,0.22,1399,63,141.9924775390625,15,68.37999725341797,🚬菸屁股,HOLD,1
SOFI,2026-09-18,45.0,0.02,7253,63,102.34423828125001,43,18.25,🚬菸屁股,HOLD,1
SOFI,2026-12-18,28.0,0.52,11137,63,59.6683720703125,134,18.25,🚬菸屁股,HOLD,1
IREN,2028-01-21,140.0,7.0,4168,63,103.82128167724612,533,38.88999938964844,🔭LEAPS,HOLD,1
CRWV,2026-08-21,165.0,0.23,1123,63,136.5237548828125,15,89.88999938964844,🚬菸屁股,HOLD,1
CRWV,2026-09-18,250.0,0.19,1120,63,122.16835791015623,43,89.88999938964844,🆕低基期(前日Vol3) 🚬菸屁股,HOLD,1
SMCI,2026-08-21,39.0,0.7,981,62,116.50432373046877,15,30.31999969482422,🚬菸屁股,HOLD,1
SMCI,2026-09-18,60.0,0.28,14538,62,110.25435498046878,43,30.31999969482422,🚬菸屁股,HOLD,1
JOBY,2026-11-20,13.0,0.38,1540,62,87.89074609375,106,7.800000190734863,🚬菸屁股,HOLD,1
GOOGL,2028-01-21,690.0,10.9,2942,62,42.45663012695313,533,362.42999267578125,🔭LEAPS,HOLD,1
SMCI,2026-08-21,47.0,0.28,1037,61,117.96916015624998,15,30.31999969482422,🆕低基期(前日Vol8) 🚬菸屁股,HOLD,1
IREN,2026-08-21,49.0,0.96,1621,61,112.79340478515624,15,38.88999938964844,🚬菸屁股,HOLD,1
IBIT,2026-09-18,54.0,0.03,5242,60,51.95360546875,43,36.7400016784668,🚬菸屁股,HOLD,1
SOFI,2026-10-16,26.0,0.22,1809,60,57.51995605468749,71,18.25,🚬菸屁股,HOLD,1
SOFI,2026-11-20,28.0,0.34,1678,60,60.25430371093752,106,18.25,🚬菸屁股,HOLD,1
HIMS,2026-08-21,55.0,0.05,4036,60,117.57853710937498,15,31.649999618530273,🚬菸屁股,HOLD,1
SMR,2026-08-21,14.0,0.09,7854,60,122.65663671875001,15,9.380000114440918,🚬菸屁股,HOLD,1
CRWV,2026-08-21,135.0,0.73,3275,60,116.69963525390625,15,89.88999938964844,🚬菸屁股,HOLD,1
ORCL,2026-09-18,350.0,0.28,3095,60,106.64109179687502,43,144.38999938964844,🚬菸屁股,HOLD,1
MSTR,2026-08-21,200.0,0.02,5774,59,120.3128984375,15,98.37000274658203,🚬菸屁股,HOLD,1
ONDS,2026-12-18,20.0,0.53,4888,59,115.13714306640624,134,8.869999885559082,🚬菸屁股,HOLD,1
T,2028-01-21,40.0,0.26,6586,59,29.834686035156246,533,23.059999465942383,🆕低基期(前日Vol8) 🔭LEAPS,HOLD,1
TSLA,2028-01-21,500.0,39.1,6137,58,54.620815124511736,533,321.54998779296875,🔭LEAPS,HOLD,1
SOFI,2026-11-20,24.0,0.76,3138,58,59.03361279296876,106,18.25,🚬菸屁股,HOLD,1
HOOD,2027-01-15,290.0,0.45,4182,58,80.07832421875,162,92.80000305175781,🚬菸屁股,HOLD,1
LUNR,2026-09-18,20.0,0.75,2527,58,118.55509472656249,43,13.989999771118164,🚬菸屁股,HOLD,1
F,2026-12-18,20.0,0.15,1054,58,41.211525390625,134,14.130000114440918,🚬菸屁股,HOLD,1
NVDA,2028-01-21,320.0,21.31,6988,57,45.36492623901367,533,219.22000122070312,🔭LEAPS,HOLD,1
TDOC,2026-08-21,7.0,0.36,779,57,56.64105859375,15,6.929999828338623,🆕低基期(前日Vol16) 🚬菸屁股,HOLD,1
NVDA,2026-08-21,340.0,0.01,5221,56,62.500375000000005,15,219.22000122070312,🚬菸屁股,HOLD,1
PATH,2028-01-21,37.0,1.52,4949,56,77.27073510742188,533,13.819999694824219,🔭LEAPS,HOLD,1
HIMS,2026-09-18,55.0,0.35,1309,56,95.312546875,43,31.649999618530273,🚬菸屁股,HOLD,1
ORCL,2026-08-21,210.0,0.01,6703,56,78.9064609375,15,144.38999938964844,🚬菸屁股,HOLD,1
META,2026-09-18,820.0,0.68,1081,56,46.265185791015625,43,588.77001953125,🚬菸屁股,HOLD,1
SOUN,2028-01-21,10.0,1.89,8402,56,90.429783203125,533,6.429999828338623,🔭LEAPS,HOLD,1
COIN,2027-01-15,880.0,0.11,13684,55,99.1211025390625,162,149.88999938964844,🚬菸屁股,HOLD,1
IREN,2026-10-16,110.0,0.34,2337,55,117.48088134765624,71,38.88999938964844,🚬菸屁股,HOLD,1
ACHR,2026-10-16,5.0,0.88,2638,55,88.08605664062499,71,5.199999809265137,🚬菸屁股,HOLD,1
ACHR,2028-01-21,4.0,2.68,3991,55,91.4063359375,533,5.199999809265137,🔭LEAPS,HOLD,1
NVDA,2028-01-21,240.0,42.83,9025,54,47.39737661743164,533,219.22000122070312,🔭LEAPS,HOLD,1
HOOD,2026-08-21,135.0,0.11,2041,54,78.51583984375,15,92.80000305175781,🚬菸屁股,HOLD,1
HOOD,2026-09-18,155.0,0.33,2140,54,78.12521875,43,92.80000305175781,🚬菸屁股,HOLD,1
CRWV,2026-08-21,210.0,0.03,955,53,142.1877890625,15,89.88999938964844,🆕低基期(前日Vol5) 🚬菸屁股,HOLD,1
ORCL,2026-08-21,390.0,0.04,2459,53,148.4377578125,15,144.38999938964844,🚬菸屁股,HOLD,1
OKLO,2026-08-21,55.0,0.9,2527,52,108.74069067382814,15,42.9900016784668,🚬菸屁股,HOLD,1
PATH,2026-08-21,23.0,0.02,869,52,110.9379453125,15,13.819999694824219,🚬菸屁股,HOLD,1
GOOGL,2026-10-16,500.0,0.7,4321,52,41.10166320800781,71,362.42999267578125,🚬菸屁股,HOLD,1
AVGO,2026-08-21,730.0,0.02,1395,52,77.3439765625,15,418.2799987792969,🚬菸屁股,HOLD,1
PLTR,2028-01-21,410.0,9.28,8175,51,62.805547729492204,533,158.42999267578125,🔭LEAPS,HOLD,1
OKLO,2026-09-18,140.0,0.06,1822,51,148.4377578125,43,42.9900016784668,🚬菸屁股,HOLD,1
SOFI,2026-08-21,32.0,0.01,7440,51,107.81296093750001,15,18.25,🆕低基期(前日Vol6) 🚬菸屁股,HOLD,1
SOFI,2026-09-18,27.0,0.06,12421,51,61.328511718750015,43,18.25,🚬菸屁股,HOLD,1
DKNG,2027-01-15,45.0,0.28,5563,51,66.21127539062502,162,21.760000228881836,🚬菸屁股,HOLD,1
XYZ,2026-09-18,115.0,0.34,1186,51,52.88133056640626,43,84.19999694824219,🚬菸屁股,HOLD,1
LUNR,2026-09-18,30.0,0.14,2947,51,125.39099804687498,43,13.989999771118164,🚬菸屁股,HOLD,1
JOBY,2028-01-21,30.0,0.9,4344,51,95.41020214843749,533,7.800000190734863,🆕低基期(前日Vol5) 🔭LEAPS,HOLD,1
GOOGL,2026-08-21,535.0,0.03,1827,51,64.25816992187501,15,362.42999267578125,🚬菸屁股,HOLD,1
AVGO,2026-09-18,670.0,0.66,755,51,59.25333715820314,43,418.2799987792969,🚬菸屁股,HOLD,1
NVDA,2026-08-21,420.0,0.01,9195,50,87.500125,15,219.22000122070312,🚬菸屁股,HOLD,1
NVDA,2028-01-21,270.0,32.8,8364,50,46.358263473510746,533,219.22000122070312,🆕低基期(前日Vol2) 🔭LEAPS,HOLD,1
OKLO,2026-09-18,105.0,0.2,991,50,130.95737646484372,43,42.9900016784668,🚬菸屁股,HOLD,1
DKNG,2026-12-18,65.0,0.03,1809,50,89.64854101562499,134,21.760000228881836,🚬菸屁股,HOLD,1
XYZ,2028-01-21,120.0,10.75,1423,50,51.63012237548828,533,84.19999694824219,🆕低基期(前日Vol3) 🔭LEAPS,HOLD,1
JOBY,2026-08-21,13.0,0.03,2420,50,117.1879140625,15,7.800000190734863,🆕低基期(前日Vol12) 🚬菸屁股,HOLD,1
ACHR,2026-10-16,12.0,0.07,7432,50,103.12548437500001,71,5.199999809265137,🚬菸屁股,HOLD,1
SMR,2028-01-21,85.0,0.76,4551,50,114.25824121093751,533,9.380000114440918,🆕低基期(前日Vol10) 🔭LEAPS,HOLD,1
IBIT,2027-01-15,65.0,0.23,15489,49,48.438015625000006,162,36.7400016784668,🚬菸屁股,HOLD,1
OKLO,2026-12-18,165.0,0.52,3220,49,112.89106054687501,134,42.9900016784668,🚬菸屁股,HOLD,1
KTOS,2026-08-21,80.0,0.05,1891,49,81.2501875,15,55.34000015258789,🚬菸屁股,HOLD,1
MSTR,2026-08-21,160.0,0.11,5453,48,100.1958115234375,15,98.37000274658203,🚬菸屁股,HOLD,1
MSTR,2027-01-15,400.0,0.64,6274,48,94.2383388671875,162,98.37000274658203,🆕低基期(前日Vol3) 🚬菸屁股,HOLD,1
SMCI,2026-09-18,65.0,0.2,2189,48,112.89106054687501,43,30.31999969482422,🚬菸屁股,HOLD,1
SOFI,2028-06-16,23.0,5.33,6599,48,66.5286550292969,680,18.25,🔭LEAPS,HOLD,1
SOFI,2028-06-16,35.0,3.18,9912,48,67.10237976074221,680,18.25,🆕低基期(前日Vol19) 🔭LEAPS,HOLD,1
PATH,2027-01-15,35.0,0.22,3078,48,83.39860351562498,162,13.819999694824219,🚬菸屁股,HOLD,1
HIMS,2026-08-21,48.0,0.15,945,48,115.625421875,15,31.649999618530273,🚬菸屁股,HOLD,1
ONDS,2028-01-21,3.0,6.55,3143,48,102.73486132812502,533,8.869999885559082,🔭LEAPS,HOLD,1
LUNR,2026-09-18,26.0,0.25,1158,48,120.89883300781248,43,13.989999771118164,🚬菸屁股,HOLD,1
JOBY,2026-08-21,7.5,0.77,884,48,96.48441015625,15,7.800000190734863,🚬菸屁股,HOLD,1
ACHR,2028-01-21,17.0,0.68,1308,48,95.21489160156248,533,5.199999809265137,🆕低基期(前日Vol14) 🔭LEAPS,HOLD,1
META,2026-08-21,725.0,0.4,1758,48,48.5356708984375,15,588.77001953125,🚬菸屁股,HOLD,1
META,2026-08-21,730.0,0.47,5601,48,49.023947265625004,15,588.77001953125,🚬菸屁股,HOLD,1
META,2026-08-21,1110.0,0.01,1438,48,89.062609375,15,588.77001953125,🚬菸屁股,HOLD,1
META,2026-08-21,1320.0,0.01,855,48,118.75040625,15,588.77001953125,🚬菸屁股,HOLD,1
MS,2026-08-21,240.0,0.54,2922,48,32.984068603515624,15,218.27000427246094,🚬菸屁股,HOLD,1
AVGO,2026-08-21,740.0,0.01,1814,48,78.9064609375,15,418.2799987792969,🚬菸屁股,HOLD,1
RKLB,2026-09-18,140.0,0.67,4442,47,109.86373193359378,43,74.81999969482422,🚬菸屁股,HOLD,1
UPST,2028-01-21,42.5,9.06,2057,47,82.76384423828124,533,30.200000762939453,🔭LEAPS,HOLD,1
JOBY,2026-11-20,10.0,0.78,1818,47,85.8399853515625,106,7.800000190734863,🚬菸屁股,HOLD,1
META,2026-08-21,1020.0,0.04,1030,47,80.85956640625,15,588.77001953125,🆕低基期(前日Vol1) 🚬菸屁股,HOLD,1
AVGO,2026-08-21,540.0,0.24,2825,47,50.97705273437501,15,418.2799987792969,🚬菸屁股,HOLD,1
NVDA,2028-01-21,390.0,11.9,8647,46,45.81658187866212,533,219.22000122070312,🔭LEAPS,HOLD,1
SMCI,2026-08-21,60.0,0.07,8005,46,140.625296875,15,30.31999969482422,🚬菸屁股,HOLD,1
RKLB,2026-08-21,105.0,0.72,2574,46,109.18014160156251,15,74.81999969482422,🚬菸屁股,HOLD,1
U,2028-01-21,47.0,9.44,7589,46,75.80590600585938,533,35.470001220703125,🆕低基期(前日Vol3) 🔭LEAPS,HOLD,1
CRWV,2026-08-21,145.0,0.39,3131,46,121.19180029296874,15,89.88999938964844,🚬菸屁股,HOLD,1
BAC,2027-01-15,75.0,0.89,6025,46,24.732197998046875,162,63.25,🚬菸屁股,HOLD,1
SOFI,2028-01-21,13.0,8.2,3886,45,72.68093725585938,533,18.25,🔭LEAPS,HOLD,1
PATH,2028-01-21,15.0,4.8,8722,45,77.78342529296876,533,13.819999694824219,🔭LEAPS,HOLD,1
ONDS,2026-12-18,18.0,0.71,2908,45,116.99260253906249,134,8.869999885559082,🚬菸屁股,HOLD,1
ORCL,2026-09-18,400.0,0.25,4483,45,119.62930810546877,43,144.38999938964844,🚬菸屁股,HOLD,1
AVGO,2026-08-21,520.0,0.52,1220,45,52.14891601562499,15,418.2799987792969,🚬菸屁股,HOLD,1
UPST,2026-09-18,42.5,0.39,2728,44,72.6565234375,43,30.200000762939453,🚬菸屁股,HOLD,1
LUNR,2026-09-18,23.0,0.38,836,44,121.19180029296874,43,13.989999771118164,🚬菸屁股,HOLD,1
IBM,2026-08-21,290.0,0.2,4782,44,50.24463818359376,15,235.9199981689453,🚬菸屁股,HOLD,1
F,2027-01-15,17.0,0.5,1904,44,37.793590820312495,162,14.130000114440918,🚬菸屁股,HOLD,1
TSLA,2026-08-21,750.0,0.02,5055,43,125.00037499999999,15,321.54998779296875,🚬菸屁股,HOLD,1
NVDA,2028-01-21,280.0,29.65,8309,43,46.37657383728027,533,219.22000122070312,🔭LEAPS,HOLD,1
INTC,2026-09-18,210.0,0.19,11177,43,92.9688203125,43,101.05999755859375,🚬菸屁股,HOLD,1
SOFI,2026-11-20,31.0,0.25,1200,43,63.47692773437501,106,18.25,🆕低基期(前日Vol4) 🚬菸屁股,HOLD,1
SMR,2026-08-21,18.0,0.03,1801,43,146.875265625,15,9.380000114440918,🚬菸屁股,HOLD,1
NVDA,2028-01-21,310.0,23.31,9823,42,45.514460876464845,533,219.22000122070312,🔭LEAPS,HOLD,1
DKNG,2027-01-15,35.0,0.7,12793,42,61.96327099609377,162,21.760000228881836,🆕低基期(前日Vol3) 🚬菸屁股,HOLD,1
TDOC,2027-01-15,17.5,0.12,3154,42,87.89074609375,162,6.929999828338623,🚬菸屁股,HOLD,1
OPEN,2026-12-18,8.0,0.2,994,42,92.9688203125,134,3.759999990463257,🚬菸屁股,HOLD,1
HIMS,2028-01-21,50.0,9.5,2027,42,93.2617861328125,533,31.649999618530273,🆕低基期(前日Vol9) 🔭LEAPS,HOLD,1
T,2028-01-21,23.0,3.05,8525,42,30.005582763671875,533,23.059999465942383,🔭LEAPS,HOLD,1
GOOGL,2026-10-16,800.0,0.03,3343,42,56.250437500000004,71,362.42999267578125,🚬菸屁股,HOLD,1
SOUN,2028-01-21,4.0,3.5,1355,42,87.2071591796875,533,6.429999828338623,🔭LEAPS,HOLD,1
TDOC,2026-08-21,12.0,0.01,2161,41,134.37532812499998,15,6.929999828338623,🚬菸屁股,HOLD,1
ZM,2026-08-21,110.0,0.9,1908,41,45.06890869140625,15,100.63999938964844,🚬菸屁股,HOLD,1
HIMS,2028-01-21,90.0,5.81,4283,41,90.01474829101561,533,31.649999618530273,🔭LEAPS,HOLD,1
LUNR,2027-01-15,40.0,0.82,5108,41,120.85000512695312,162,13.989999771118164,🆕低基期(前日Vol16) 🚬菸屁股,HOLD,1
IBM,2026-08-21,280.0,0.32,2660,41,46.436082519531254,15,235.9199981689453,🚬菸屁股,HOLD,1
META,2026-09-18,1480.0,0.03,10832,41,78.9064609375,43,588.77001953125,🆕低基期(前日Vol11) 🚬菸屁股,HOLD,1
CRM,2026-09-18,270.0,0.68,1448,41,53.36960693359375,43,192.97999572753906,🚬菸屁股,HOLD,1
TSLA,2028-01-21,850.0,12.85,5749,40,56.74481732177734,533,321.54998779296875,🔭LEAPS,HOLD,1
AAPL,2026-09-18,530.0,0.02,9390,40,50.97705273437501,43,311.0,🚬菸屁股,HOLD,1
IBIT,2027-01-15,68.0,0.19,8183,40,49.805189453125,162,36.7400016784668,🆕低基期(前日Vol5) 🚬菸屁股,HOLD,1
OKLO,2026-08-21,70.0,0.18,3272,40,120.89883300781248,15,42.9900016784668,🚬菸屁股,HOLD,1
IONQ,2026-09-18,80.0,0.37,4011,40,119.04337353515623,43,39.93000030517578,🚬菸屁股,HOLD,1
DKNG,2027-01-15,50.0,0.12,15153,40,67.87141503906251,162,21.760000228881836,🚬菸屁股,HOLD,1
IREN,2026-12-18,120.0,0.95,4057,40,114.11175756835937,134,38.88999938964844,🚬菸屁股,HOLD,1
PATH,2028-01-21,22.0,3.12,3428,40,77.148666015625,533,13.819999694824219,🔭LEAPS,HOLD,1
PACB,2027-01-15,5.0,0.05,3385,40,127.34411328124997,162,1.2999999523162842,🚬菸屁股,HOLD,1
LUNR,2026-09-18,25.0,0.3,1887,40,130.46909765624997,43,13.989999771118164,🚬菸屁股,HOLD,1
LUNR,2026-12-18,40.0,0.63,1378,40,121.48476757812499,134,13.989999771118164,🚬菸屁股,HOLD,1
T,2026-08-21,26.0,0.03,7672,40,37.500625,15,23.059999465942383,🚬菸屁股,HOLD,1
DIS,2028-01-21,170.0,2.05,2792,40,32.25165405273437,533,101.76000213623047,🔭LEAPS,HOLD,1
CRM,2026-08-21,230.0,0.37,4535,40,50.19581054687501,15,192.97999572753906,🚬菸屁股,HOLD,1
TSLA,2028-01-21,990.0,8.75,5764,39,58.142508422851556,533,321.54998779296875,🔭LEAPS,HOLD,1
IBIT,2026-10-16,105.0,0.03,8895,39,89.84385156249999,71,36.7400016784668,🚬菸屁股,HOLD,1
META,2026-08-21,1270.0,0.16,976,39,125.78162109374999,15,588.77001953125,🚬菸屁股,HOLD,1
SOFI,2026-08-21,30.0,0.02,8937,38,96.87503124999999,15,18.25,🚬菸屁股,HOLD,1
F,2026-12-18,19.0,0.24,1618,38,41.1138701171875,134,14.130000114440918,🚬菸屁股,HOLD,1
MSTR,2026-09-18,280.0,0.09,5744,37,115.625421875,43,98.37000274658203,🚬菸屁股,HOLD,1
SOFI,2028-01-21,45.0,1.56,4405,37,66.72396557617189,533,18.25,🔭LEAPS,HOLD,1
PATH,2026-08-21,17.0,0.1,2093,37,81.05487695312499,15,13.819999694824219,🚬菸屁股,HOLD,1
CRWV,2026-09-18,270.0,0.05,805,37,121.875390625,43,89.88999938964844,🆕低基期(前日Vol7) 🚬菸屁股,HOLD,1
T,2027-01-15,40.0,0.03,8784,37,37.89124609375,162,23.059999465942383,🆕低基期(前日Vol2) 🚬菸屁股,HOLD,1
ORCL,2027-01-15,510.0,0.65,7759,37,82.76384423828124,162,144.38999938964844,🚬菸屁股,HOLD,1
BAC,2028-01-21,60.0,10.61,9298,37,31.372756591796875,533,63.25,🆕低基期(前日Vol12) 🔭LEAPS,HOLD,1
SMCI,2026-08-21,41.0,0.55,1287,36,117.57853710937498,15,30.31999969482422,🚬菸屁股,HOLD,1
SMCI,2026-08-21,43.0,0.31,1231,36,119.141029296875,15,30.31999969482422,🚬菸屁股,HOLD,1
OKLO,2026-08-21,75.0,0.12,5675,36,129.297228515625,15,42.9900016784668,🚬菸屁股,HOLD,1
ASTS,2026-10-16,175.0,0.85,2382,36,117.43205346679689,71,68.37999725341797,🚬菸屁股,HOLD,1
SOFI,2028-01-21,23.0,4.4,3375,36,66.21127539062502,533,18.25,🔭LEAPS,HOLD,1
ORCL,2026-09-18,280.0,0.31,4639,36,86.2306064453125,43,144.38999938964844,🚬菸屁股,HOLD,1
IBIT,2026-10-16,55.0,0.1,5171,35,47.852083984375,71,36.7400016784668,🚬菸屁股,HOLD,1
RKLB,2026-08-21,125.0,0.18,2885,35,117.96916015624998,15,74.81999969482422,🚬菸屁股,HOLD,1
DKNG,2027-01-15,37.0,0.59,1571,35,64.9417568359375,162,21.760000228881836,🆕低基期(前日Vol5) 🚬菸屁股,HOLD,1
U,2028-01-21,70.0,5.48,800,35,74.804939453125,533,35.470001220703125,🔭LEAPS,HOLD,1
PATH,2028-01-21,12.0,5.88,6514,35,80.7619111328125,533,13.819999694824219,🔭LEAPS,HOLD,1
OPEN,2028-01-21,3.0,1.98,2205,35,110.9379453125,533,3.759999990463257,🔭LEAPS,HOLD,1
ONDS,2026-09-18,18.0,0.12,10567,35,123.43788281249999,43,8.869999885559082,🚬菸屁股,HOLD,1
T,2028-01-21,27.0,1.75,7083,35,28.430891479492182,533,23.059999465942383,🔭LEAPS,HOLD,1
F,2026-12-18,25.0,0.05,781,35,53.12546875,134,14.130000114440918,🚬菸屁股,HOLD,1
SOFI,2026-08-21,34.0,0.01,1556,34,125.78162109374999,15,18.25,🚬菸屁股,HOLD,1
SOFI,2028-06-16,47.0,2.06,18413,34,67.7981735839844,680,18.25,🔭LEAPS,HOLD,1
U,2028-01-21,65.0,5.94,1821,34,73.68190380859374,533,35.470001220703125,🔭LEAPS,HOLD,1
OPEN,2027-01-15,12.0,0.11,5499,34,131.05503222656247,162,3.759999990463257,🚬菸屁股,HOLD,1
CRWV,2026-08-21,170.0,0.18,850,34,137.3050009765625,15,89.88999938964844,🚬菸屁股,HOLD,1
T,2028-01-21,35.0,0.5,2624,34,29.02903002929687,533,23.059999465942383,🆕低基期(前日Vol3) 🔭LEAPS,HOLD,1
GOOGL,2026-08-21,700.0,0.06,1137,34,146.36257287597653,15,362.42999267578125,🚬菸屁股,HOLD,1
BAC,2026-08-21,67.5,0.08,1555,34,20.508607421875,15,63.25,🆕低基期(前日Vol12) 🚬菸屁股,HOLD,1
AVGO,2026-08-21,560.0,0.12,1696,34,53.906710937500016,15,418.2799987792969,🚬菸屁股,HOLD,1
MSTR,2027-01-15,1080.0,0.08,12014,33,118.75040625,162,98.37000274658203,🚬菸屁股,HOLD,1
IBIT,2028-01-21,75.0,1.75,5454,33,50.12256909179689,533,36.7400016784668,🔭LEAPS,HOLD,1
PATH,2026-08-21,19.0,0.03,1076,33,98.437515625,15,13.819999694824219,🚬菸屁股,HOLD,1
T,2028-01-21,20.0,4.6,4105,33,29.29758203124999,533,23.059999465942383,🆕低基期(前日Vol13) 🔭LEAPS,HOLD,1
ORCL,2026-08-21,400.0,0.01,5846,33,148.4377578125,15,144.38999938964844,🚬菸屁股,HOLD,1
BAC,2026-12-18,80.0,0.13,1181,33,24.024197265625,134,63.25,🚬菸屁股,HOLD,1
SOUN,2028-01-21,35.0,0.64,7968,33,101.46533642578123,533,6.429999828338623,🔭LEAPS,HOLD,1
IBIT,2026-10-16,43.0,0.62,12330,32,38.086556640625,71,36.7400016784668,🚬菸屁股,HOLD,1
IBIT,2026-10-16,59.0,0.08,7817,32,51.758294921875006,71,36.7400016784668,🚬菸屁股,HOLD,1
OKLO,2026-08-21,60.0,0.47,3371,32,109.66842041015626,15,42.9900016784668,🚬菸屁股,HOLD,1
IONQ,2028-01-21,140.0,6.3,904,32,99.2187578125,533,39.93000030517578,🔭LEAPS,HOLD,1
PATH,2028-01-21,20.0,3.47,7833,32,77.97873583984375,533,13.819999694824219,🔭LEAPS,HOLD,1
NTLA,2026-09-18,17.0,0.25,1767,32,114.0629296875,43,10.970000267028809,🚬菸屁股,HOLD,1
GOOGL,2026-09-18,555.0,0.09,2730,32,52.4418818359375,43,362.42999267578125,🚬菸屁股,HOLD,1
META,2026-12-18,1240.0,0.87,1842,32,52.063467651367176,134,588.77001953125,🚬菸屁股,HOLD,1
F,2026-12-18,15.0,0.92,1847,32,37.89124609375,134,14.130000114440918,🚬菸屁股,HOLD,1
MSTR,2027-01-15,700.0,0.18,11134,31,108.984830078125,162,98.37000274658203,🆕低基期(前日Vol2) 🚬菸屁股,HOLD,1
LUNR,2026-09-18,24.0,0.35,755,31,123.92616162109374,43,13.989999771118164,🚬菸屁股,HOLD,1
ACHR,2027-01-15,12.0,0.22,20387,31,95.507857421875,162,5.199999809265137,🚬菸屁股,HOLD,1
GOOGL,2026-09-18,800.0,0.07,11531,31,73.437765625,43,362.42999267578125,🚬菸屁股,HOLD,1
DIS,2026-09-18,140.0,0.01,990,31,37.500625,43,101.76000213623047,🚬菸屁股,HOLD,1
TSLA,2026-09-18,550.0,0.41,6743,30,68.40851904296876,43,321.54998779296875,🚬菸屁股,HOLD,1
NVDA,2028-06-16,350.0,22.5,5467,30,46.00578897094727,680,219.22000122070312,🔭LEAPS,HOLD,1
RKLB,2026-09-18,130.0,0.96,1455,30,102.63720556640625,43,74.81999969482422,🚬菸屁股,HOLD,1
PATH,2028-01-21,17.0,4.2,2755,30,77.12425219726562,533,13.819999694824219,🔭LEAPS,HOLD,1
TDOC,2027-01-15,10.0,0.49,10783,30,68.94562304687501,162,6.929999828338623,🚬菸屁股,HOLD,1
TDOC,2027-01-15,20.0,0.1,20207,30,92.38288867187501,162,6.929999828338623,🆕低基期(前日Vol2) 🚬菸屁股,HOLD,1
HIMS,2026-08-21,42.0,0.55,3449,30,118.26212744140622,15,31.649999618530273,🚬菸屁股,HOLD,1
SMR,2027-01-15,30.0,0.35,5431,30,115.625421875,162,9.380000114440918,🚬菸屁股,HOLD,1
META,2026-08-21,1200.0,0.01,771,30,96.87503124999999,15,588.77001953125,🚬菸屁股,HOLD,1
META,2026-09-18,1450.0,0.03,1776,30,77.3439765625,43,588.77001953125,🚬菸屁股,HOLD,1
DIS,2026-09-18,130.0,0.05,5096,30,34.4733115234375,43,101.76000213623047,🚬菸屁股,HOLD,1
IBIT,2027-01-15,115.0,0.05,5590,29,66.79720703125001,162,36.7400016784668,🚬菸屁股,HOLD,1
INTC,2028-01-21,55.0,58.75,5201,29,88.86729882812499,533,101.05999755859375,🆕低基期(前日Vol8) 🔭LEAPS,HOLD,1
SMR,2026-09-18,11.0,0.79,3957,29,102.53954980468751,43,9.380000114440918,🚬菸屁股,HOLD,1
NVDA,2026-09-18,410.0,0.05,5515,28,62.305064453125006,43,219.22000122070312,🚬菸屁股,HOLD,1
INTC,2026-08-21,170.0,0.03,12485,28,105.078599609375,15,101.05999755859375,🚬菸屁股,HOLD,1
OKLO,2026-09-18,75.0,0.59,2026,28,105.078599609375,43,42.9900016784668,🚬菸屁股,HOLD,1
SOFI,2026-10-16,35.0,0.06,6177,28,72.26590234375,71,18.25,🚬菸屁股,HOLD,1
TDOC,2026-08-21,10.0,0.02,3630,28,90.62509374999999,15,6.929999828338623,🚬菸屁股,HOLD,1
XYZ,2026-08-21,110.0,0.18,1459,28,66.30893066406252,15,84.19999694824219,🆕低基期(前日Vol10) 🚬菸屁股,HOLD,1
GOOGL,2026-09-18,630.0,0.05,1007,28,59.766027343750004,43,362.42999267578125,🚬菸屁股,HOLD,1
NVDA,2026-09-18,420.0,0.03,7719,27,64.45348046875,43,219.22000122070312,🚬菸屁股,HOLD,1
IBIT,2028-01-21,50.0,4.92,8598,27,50.61084545898438,533,36.7400016784668,🔭LEAPS,HOLD,1
IBIT,2028-01-21,60.0,3.15,7054,27,50.2080174560547,533,36.7400016784668,🔭LEAPS,HOLD,1
SMCI,2028-01-21,60.0,7.8,6592,27,92.52937158203125,533,30.31999969482422,🆕低基期(前日Vol7) 🔭LEAPS,HOLD,1
IONQ,2026-09-18,90.0,0.29,1812,27,123.43788281249999,43,39.93000030517578,🚬菸屁股,HOLD,1
SOFI,2026-10-16,27.0,0.2,3547,27,58.00823242187501,71,18.25,🚬菸屁股,HOLD,1
HOOD,2026-09-18,145.0,0.51,1218,27,72.7541787109375,43,92.80000305175781,🚬菸屁股,HOLD,1
LUNR,2028-01-21,32.0,4.6,1240,27,117.04143041992188,533,13.989999771118164,🔭LEAPS,HOLD,1
SMR,2026-08-21,16.0,0.03,3173,27,121.875390625,15,9.380000114440918,🆕低基期(前日Vol5) 🚬菸屁股,HOLD,1
SMR,2026-08-21,17.0,0.03,1367,27,132.81283593749998,15,9.380000114440918,🚬菸屁股,HOLD,1
IBM,2026-09-18,400.0,0.07,3622,27,59.96133789062501,43,235.9199981689453,🚬菸屁股,HOLD,1
META,2026-08-21,705.0,0.73,867,27,46.3872548828125,15,588.77001953125,🚬菸屁股,HOLD,1
META,2026-08-21,1370.0,0.02,1487,27,113.28168359375002,15,588.77001953125,🚬菸屁股,HOLD,1
MS,2026-09-18,260.0,0.65,1434,27,34.42448388671875,43,218.27000427246094,🚬菸屁股,HOLD,1
F,2028-01-21,20.0,1.1,3510,27,40.1373173828125,533,14.130000114440918,🔭LEAPS,HOLD,1
DIS,2027-01-15,175.0,0.11,1410,27,38.23303955078124,162,101.76000213623047,🚬菸屁股,HOLD,1
IBIT,2028-01-21,62.0,2.91,5620,26,50.24463818359376,533,36.7400016784668,🔭LEAPS,HOLD,1
IBIT,2028-01-21,80.0,1.46,6034,26,50.33008654785156,533,36.7400016784668,🔭LEAPS,HOLD,1
OKLO,2026-10-16,165.0,0.11,2514,26,123.43788281249999,71,42.9900016784668,🚬菸屁股,HOLD,1
OKLO,2028-01-21,260.0,4.56,2355,26,106.2748826904297,533,42.9900016784668,🔭LEAPS,HOLD,1
SOFI,2026-09-18,26.0,0.08,1811,26,60.35195898437502,43,18.25,🚬菸屁股,HOLD,1
SOFI,2026-11-20,30.0,0.29,6330,26,59.96133789062501,106,18.25,🚬菸屁股,HOLD,1
SOFI,2028-06-16,25.0,4.82,17022,26,68.04231176757813,680,18.25,🔭LEAPS,HOLD,1
TDOC,2027-01-15,7.5,0.97,14974,26,67.96907031250001,162,6.929999828338623,🚬菸屁股,HOLD,1
NTLA,2026-08-21,12.0,0.55,1550,26,104.88328808593752,15,10.970000267028809,🚬菸屁股,HOLD,1
HIMS,2026-08-21,49.0,0.11,2173,26,122.8519482421875,15,31.649999618530273,🆕低基期(前日Vol6) 🚬菸屁股,HOLD,1
JOBY,2027-01-15,35.0,0.06,2416,26,124.60975195312498,162,7.800000190734863,🚬菸屁股,HOLD,1
GOOGL,2026-08-21,460.0,0.09,3294,26,52.6371923828125,15,362.42999267578125,🚬菸屁股,HOLD,1
F,2026-12-18,16.67,0.47,15857,26,38.477177734375,134,14.130000114440918,🚬菸屁股,HOLD,1
DIS,2027-01-15,140.0,0.55,3574,26,30.811238769531247,162,101.76000213623047,🚬菸屁股,HOLD,1
SOUN,2027-01-15,27.0,0.12,2135,26,121.09414453124998,162,6.429999828338623,🚬菸屁股,HOLD,1
TSLA,2026-09-18,800.0,0.1,8777,25,94.43364941406249,43,321.54998779296875,🚬菸屁股,HOLD,1
IBIT,2026-09-18,60.0,0.03,24954,25,60.547269531250016,43,36.7400016784668,🚬菸屁股,HOLD,1
SMCI,2028-01-21,50.0,9.07,4709,25,89.9292999267578,533,30.31999969482422,🔭LEAPS,HOLD,1
OKLO,2026-10-16,130.0,0.3,3003,25,116.2113564453125,71,42.9900016784668,🚬菸屁股,HOLD,1
IREN,2026-09-18,100.0,0.11,4877,25,132.22690136718748,43,38.88999938964844,🆕低基期(前日Vol3) 🚬菸屁股,HOLD,1
IREN,2026-11-20,110.0,0.98,7918,25,117.3832255859375,106,38.88999938964844,🚬菸屁股,HOLD,1
HIMS,2026-09-18,50.0,0.61,2500,25,98.63282617187501,43,31.649999618530273,🚬菸屁股,HOLD,1
JOBY,2027-01-15,15.0,0.4,11105,25,89.062609375,162,7.800000190734863,🚬菸屁股,HOLD,1
SMR,2027-01-15,35.0,0.3,3102,25,121.48476757812499,162,9.380000114440918,🚬菸屁股,HOLD,1
CRWV,2026-09-18,180.0,0.61,3331,25,105.02977172851561,43,89.88999938964844,🚬菸屁股,HOLD,1
ORCL,2026-08-21,260.0,0.02,2732,25,105.85984570312502,15,144.38999938964844,🚬菸屁股,HOLD,1
ORCL,2027-01-15,500.0,0.75,6461,25,84.49722534179686,162,144.38999938964844,🚬菸屁股,HOLD,1
DIS,2026-09-18,135.0,0.02,1306,25,31.250687499999998,43,101.76000213623047,🚬菸屁股,HOLD,1
IBIT,2026-09-18,105.0,0.02,14434,24,104.68797656250001,43,36.7400016784668,🆕低基期(前日Vol3) 🚬菸屁股,HOLD,1
IBIT,2027-01-15,120.0,0.04,19611,24,67.18782812500001,162,36.7400016784668,🚬菸屁股,HOLD,1
IREN,2026-09-18,75.0,0.63,6151,24,122.266013671875,43,38.88999938964844,🚬菸屁股,HOLD,1
HIMS,2026-08-21,44.0,0.39,1781,24,115.33245458984376,15,31.649999618530273,🚬菸屁股,HOLD,1
ONDS,2026-09-18,20.0,0.06,12683,24,127.34411328124997,43,8.869999885559082,🚬菸屁股,HOLD,1
LUNR,2026-09-18,21.0,0.56,766,24,125.5863095703125,43,13.989999771118164,🚬菸屁股,HOLD,1
ACHR,2028-01-21,15.0,0.92,13681,24,93.8477177734375,533,5.199999809265137,🔭LEAPS,HOLD,1
SMR,2026-11-20,18.0,0.53,942,24,109.76607617187501,106,9.380000114440918,🚬菸屁股,HOLD,1
SMR,2027-01-15,22.0,0.66,2949,24,108.30123974609376,162,9.380000114440918,🚬菸屁股,HOLD,1
GOOGL,2026-08-21,465.0,0.05,908,24,53.22312402343749,15,362.42999267578125,🚬菸屁股,HOLD,1
OKLO,2026-08-21,65.0,0.24,4327,23,113.28168359375002,15,42.9900016784668,🚬菸屁股,HOLD,1
UPST,2026-09-18,70.0,0.07,995,23,105.078599609375,43,30.200000762939453,🚬菸屁股,HOLD,1
DKNG,2026-11-20,35.0,0.38,1030,23,64.5511357421875,106,21.760000228881836,🆕低基期(前日Vol9) 🚬菸屁股,HOLD,1
DKNG,2028-01-21,30.0,4.0,3491,23,66.30893066406252,533,21.760000228881836,🔭LEAPS,HOLD,1
XYZ,2027-01-15,140.0,0.97,1314,23,50.04932763671876,162,84.19999694824219,🆕低基期(前日Vol1) 🚬菸屁股,HOLD,1
KTOS,2026-08-21,100.0,0.03,1331,23,105.46922265625001,15,55.34000015258789,🆕低基期(前日Vol3) 🚬菸屁股,HOLD,1
LUNR,2026-08-21,18.0,0.59,1381,23,132.61752441406247,15,13.989999771118164,🚬菸屁股,HOLD,1
SMR,2028-01-21,5.0,6.1,1843,23,114.55120849609375,533,9.380000114440918,🔭LEAPS,HOLD,1
IBM,2026-08-21,305.0,0.04,833,23,53.4184345703125,15,235.9199981689453,🆕低基期(前日Vol3) 🚬菸屁股,HOLD,1
T,2026-08-21,25.5,0.02,1955,23,37.500625,15,23.059999465942383,🚬菸屁股,HOLD,1
ORCL,2026-09-18,300.0,0.3,8297,23,94.28716650390623,43,144.38999938964844,🚬菸屁股,HOLD,1
IBIT,2027-01-15,56.0,0.44,5257,22,44.28766650390625,162,36.7400016784668,🆕低基期(前日Vol2) 🚬菸屁股,HOLD,1
IBIT,2028-06-16,50.0,6.65,8430,22,53.625952026367194,680,36.7400016784668,🔭LEAPS,HOLD,1
RKLB,2026-08-21,175.0,0.01,4800,22,137.50031249999998,15,74.81999969482422,🚬菸屁股,HOLD,1
DKNG,2028-01-21,65.0,0.7,4606,22,61.572649902343755,533,21.760000228881836,🔭LEAPS,HOLD,1
PATH,2026-09-18,18.0,0.5,2985,22,85.1563984375,43,13.819999694824219,🚬菸屁股,HOLD,1
HOOD,2026-08-21,155.0,0.08,1267,22,103.71141894531253,15,92.80000305175781,🚬菸屁股,HOLD,1
HOOD,2028-01-21,260.0,7.85,1231,22,71.85086743164062,533,92.80000305175781,🆕低基期(前日Vol2) 🔭LEAPS,HOLD,1
TDOC,2026-10-16,7.0,0.75,1405,22,62.500375000000005,71,6.929999828338623,🚬菸屁股,HOLD,1
JOBY,2027-01-15,12.0,0.72,7758,22,85.54701953125,162,7.800000190734863,🚬菸屁股,HOLD,1
SMR,2028-01-21,50.0,1.3,1405,22,111.328568359375,533,9.380000114440918,🔭LEAPS,HOLD,1
T,2026-09-18,28.0,0.03,17545,22,30.86006640625,43,23.059999465942383,🚬菸屁股,HOLD,1
META,2026-08-21,850.0,0.08,1762,22,62.890996093750005,15,588.77001953125,🚬菸屁股,HOLD,1
BAC,2026-11-20,75.0,0.39,4068,22,23.780059082031247,106,63.25,🚬菸屁股,HOLD,1
ASTS,2026-10-16,190.0,0.64,1965,21,123.53553857421873,71,68.37999725341797,🚬菸屁股,HOLD,1
IREN,2026-08-21,75.0,0.06,5631,21,133.59408203124997,15,38.88999938964844,🚬菸屁股,HOLD,1
OPEN,2026-10-16,10.0,0.06,9604,21,115.625421875,71,3.759999990463257,🚬菸屁股,HOLD,1
HIMS,2028-01-21,60.0,7.85,3533,21,91.8824053955078,533,31.649999618530273,🔭LEAPS,HOLD,1
ONDS,2026-12-18,16.0,0.85,854,21,113.28168359375002,134,8.869999885559082,🚬菸屁股,HOLD,1
IBM,2026-08-21,470.0,0.01,1277,21,111.71919140624999,15,235.9199981689453,🚬菸屁股,HOLD,1
IBM,2026-09-18,310.0,0.68,1253,21,44.67828759765625,43,235.9199981689453,🆕低基期(前日Vol6) 🚬菸屁股,HOLD,1
T,2028-01-21,18.0,5.94,1793,21,33.301448242187504,533,23.059999465942383,🆕低基期(前日Vol7) 🔭LEAPS,HOLD,1
F,2026-09-18,25.0,0.01,3823,21,60.937890625000016,43,14.130000114440918,🚬菸屁股,HOLD,1
DIS,2028-01-21,165.0,2.45,1616,21,33.301448242187504,533,101.76000213623047,🔭LEAPS,HOLD,1
OKLO,2026-09-18,85.0,0.37,1035,20,111.71919140624999,43,42.9900016784668,🆕低基期(前日Vol6) 🚬菸屁股,HOLD,1
OKLO,2028-01-21,200.0,5.65,16650,20,105.18846234130861,533,42.9900016784668,🔭LEAPS,HOLD,1
UPST,2026-09-18,47.5,0.25,939,20,78.32052929687501,43,30.200000762939453,🆕低基期(前日Vol2) 🚬菸屁股,HOLD,1
SOFI,2026-11-20,26.0,0.51,1271,20,58.6918193359375,106,18.25,🚬菸屁股,HOLD,1
SOFI,2027-01-15,45.0,0.13,11136,20,68.555001953125,162,18.25,🚬菸屁股,HOLD,1
DKNG,2026-12-18,80.0,0.11,871,20,89.062609375,134,21.760000228881836,🚬菸屁股,HOLD,1
PATH,2028-01-21,8.0,7.8,1956,20,86.32826171875,533,13.819999694824219,🔭LEAPS,HOLD,1
TDOC,2028-01-21,17.0,0.58,1158,20,74.07252490234374,533,6.929999828338623,🔭LEAPS,HOLD,1
OPEN,2026-11-20,15.0,0.06,14302,20,130.46909765624997,106,3.759999990463257,🚬菸屁股,HOLD,1
CRSP,2026-08-21,70.0,0.1,1329,20,70.312796875,15,52.45000076293945,🚬菸屁股,HOLD,1
NTLA,2028-01-21,12.5,4.9,1029,20,99.95117236328124,533,10.970000267028809,🔭LEAPS,HOLD,1
CRWV,2026-09-18,200.0,0.3,5383,20,104.68797656250001,43,89.88999938964844,🚬菸屁股,HOLD,1
ORCL,2026-09-18,360.0,0.33,1098,20,114.35589697265624,43,144.38999938964844,🆕低基期(前日Vol2) 🚬菸屁股,HOLD,1
GOOGL,2026-09-18,475.0,0.48,2147,20,41.33359448242187,43,362.42999267578125,🚬菸屁股,HOLD,1
GOOGL,2026-09-18,480.0,0.58,833,20,41.23593920898438,43,362.42999267578125,🚬菸屁股,HOLD,1
GOOGL,2026-10-16,600.0,0.15,1213,20,48.633326171875005,71,362.42999267578125,🚬菸屁股,HOLD,1
META,2026-08-21,1120.0,0.02,868,20,90.23447265624999,15,588.77001953125,🚬菸屁股,HOLD,1
DIS,2026-11-20,125.0,0.92,786,20,30.982135498046876,106,101.76000213623047,🚬菸屁股,HOLD,1
BAC,2028-01-21,80.0,3.13,1729,20,27.5825112915039,533,63.25,🔭LEAPS,HOLD,1
CRM,2026-12-18,550.0,0.15,6999,20,63.1839619140625,134,192.97999572753906,🚬菸屁股,HOLD,1
SOUN,2026-10-16,15.0,0.1,2964,20,117.96916015624998,71,6.429999828338623,🚬菸屁股,HOLD,1
SOUN,2027-01-15,22.0,0.2,2592,20,116.40666796875001,162,6.429999828338623,🚬菸屁股,HOLD,1
RKLB,2026-08-21,135.0,0.15,960,19,121.48476757812499,15,74.81999969482422,🚬菸屁股,HOLD,1
SOFI,2028-06-16,13.0,9.17,3885,19,75.39087109375001,680,18.25,🔭LEAPS,HOLD,1
DKNG,2027-01-15,75.0,0.08,1010,19,80.07832421875,162,21.760000228881836,🚬菸屁股,HOLD,1
IREN,2026-09-18,90.0,0.31,6986,19,126.56286718749999,43,38.88999938964844,🆕低基期(前日Vol7) 🚬菸屁股,HOLD,1
HOOD,2026-09-18,165.0,0.19,1140,19,77.3439765625,43,92.80000305175781,🚬菸屁股,HOLD,1
LUNR,2026-08-21,21.0,0.19,1257,19,132.422212890625,15,13.989999771118164,🚬菸屁股,HOLD,1
T,2027-01-15,35.0,0.05,7865,19,35.6451748046875,162,23.059999465942383,🚬菸屁股,HOLD,1
ORCL,2028-01-21,460.0,8.95,887,19,71.52128088378906,533,144.38999938964844,🔭LEAPS,HOLD,1
GOOGL,2026-08-21,445.0,0.15,770,19,44.336494140625,15,362.42999267578125,🚬菸屁股,HOLD,1
GOOGL,2026-09-18,460.0,0.64,1256,19,38.81897119140625,43,362.42999267578125,🚬菸屁股,HOLD,1
META,2026-12-18,1430.0,0.38,964,19,55.66450585937501,134,588.77001953125,🚬菸屁股,HOLD,1
IBIT,2026-08-21,47.0,0.02,6267,18,50.7817421875,15,36.7400016784668,🚬菸屁股,HOLD,1
IBIT,2027-01-15,79.0,0.15,5264,18,54.297332031250015,162,36.7400016784668,🚬菸屁股,HOLD,1
SMCI,2026-12-18,100.0,0.49,7375,18,107.61764941406251,134,30.31999969482422,🆕低基期(前日Vol3) 🚬菸屁股,HOLD,1
SMCI,2027-01-15,90.0,0.75,25710,18,100.87940185546876,162,30.31999969482422,🚬菸屁股,HOLD,1
VST,2026-08-21,190.0,0.16,1192,18,72.99831689453124,15,140.5800018310547,🚬菸屁股,HOLD,1
SOFI,2028-06-16,30.0,3.88,21559,18,68.21320849609377,680,18.25,🔭LEAPS,HOLD,1
DKNG,2026-08-21,32.5,0.03,8689,18,117.1879140625,15,21.760000228881836,🚬菸屁股,HOLD,1
ONDS,2027-01-15,27.0,0.4,7186,18,113.76996240234377,162,8.869999885559082,🚬菸屁股,HOLD,1
JOBY,2028-01-21,15.0,1.8,9512,18,89.69736865234374,533,7.800000190734863,🔭LEAPS,HOLD,1
ACHR,2028-01-21,12.0,1.09,4247,18,92.38288867187501,533,5.199999809265137,🔭LEAPS,HOLD,1
SMR,2027-01-15,25.0,0.49,4808,18,110.25435498046878,162,9.380000114440918,🚬菸屁股,HOLD,1
SMR,2027-01-15,37.0,0.23,957,18,118.75040625,162,9.380000114440918,🚬菸屁股,HOLD,1
GOOGL,2026-09-18,575.0,0.08,3281,18,51.90477783203124,43,362.42999267578125,🚬菸屁股,HOLD,1
META,2026-08-21,775.0,0.22,1259,18,53.22312402343749,15,588.77001953125,🆕低基期(前日Vol3) 🚬菸屁股,HOLD,1
DIS,2026-11-20,130.0,0.55,783,18,31.763377685546875,106,101.76000213623047,🚬菸屁股,HOLD,1
SMCI,2026-09-18,100.0,0.09,3596,17,136.71906640625,43,30.31999969482422,🚬菸屁股,HOLD,1
OKLO,2026-09-18,70.0,0.86,1906,17,103.61376318359379,43,42.9900016784668,🚬菸屁股,HOLD,1
ASTS,2026-08-21,115.0,0.33,2871,17,135.25422998046875,15,68.37999725341797,🚬菸屁股,HOLD,1
IREN,2027-01-15,140.0,0.95,8597,17,113.23285571289064,162,38.88999938964844,🚬菸屁股,HOLD,1
PATH,2028-01-21,5.0,9.69,2490,17,93.2617861328125,533,13.819999694824219,🆕低基期(前日Vol3) 🔭LEAPS,HOLD,1
HOOD,2026-08-21,150.0,0.03,3949,17,86.7188828125,15,92.80000305175781,🚬菸屁股,HOLD,1
JOBY,2026-10-16,15.0,0.12,1549,17,93.7500625,71,7.800000190734863,🚬菸屁股,HOLD,1
T,2026-09-18,30.0,0.02,4571,17,42.383388671875,43,23.059999465942383,🚬菸屁股,HOLD,1
CRM,2026-08-21,240.0,0.19,2828,17,54.63912548828126,15,192.97999572753906,🚬菸屁股,HOLD,1
IBIT,2026-08-21,44.0,0.02,14334,16,43.7505625,15,36.7400016784668,🚬菸屁股,HOLD,1
SMCI,2026-11-20,65.0,0.99,9915,16,101.31885278320314,106,30.31999969482422,🚬菸屁股,HOLD,1
OKLO,2028-01-21,145.0,6.9,1530,16,102.51513586425784,533,42.9900016784668,🔭LEAPS,HOLD,1
SOFI,2028-06-16,10.0,10.66,9255,16,74.5119736328125,680,18.25,🔭LEAPS,HOLD,1
IREN,2026-12-18,135.0,0.89,811,16,114.50238061523437,134,38.88999938964844,🚬菸屁股,HOLD,1
HIMS,2026-08-21,50.0,0.18,6435,16,116.40666796875001,15,31.649999618530273,🚬菸屁股,HOLD,1
HIMS,2028-01-21,40.0,11.4,6830,16,92.82233740234375,533,31.649999618530273,🔭LEAPS,HOLD,1
JOBY,2026-10-16,11.0,0.38,2283,16,86.132951171875,71,7.800000190734863,🚬菸屁股,HOLD,1
SMR,2028-01-21,40.0,1.54,1107,16,109.22896948242186,533,9.380000114440918,🔭LEAPS,HOLD,1
ORCL,2026-08-21,300.0,0.03,11660,16,113.28168359375002,15,144.38999938964844,🚬菸屁股,HOLD,1
ORCL,2026-09-18,440.0,0.17,1069,16,123.24257128906248,43,144.38999938964844,🚬菸屁股,HOLD,1
META,2026-08-21,760.0,0.27,2200,16,51.36767382812499,15,588.77001953125,🆕低基期(前日Vol2) 🚬菸屁股,HOLD,1
DIS,2026-08-21,125.0,0.01,1350,16,46.0942890625,15,101.76000213623047,🚬菸屁股,HOLD,1
CRM,2026-09-18,330.0,0.08,817,16,61.52382226562501,43,192.97999572753906,🚬菸屁股,HOLD,1
SOUN,2026-10-16,14.0,0.12,4102,16,107.81296093750001,71,6.429999828338623,🆕低基期(前日Vol3) 🚬菸屁股,HOLD,1
MSFT,2026-12-18,675.0,2.9,37459,15,34.43669079589844,134,487.4599914550781,🔥萬人塚 🏛️機構場,HOLD,1
PLTR,2028-01-21,210.0,33.0,9016,15,62.10517631530763,533,158.42999267578125,🔭LEAPS,HOLD,1
INTC,2028-01-21,80.0,47.2,10495,15,86.47169290161132,533,101.05999755859375,🔭LEAPS,HOLD,1
IONQ,2026-09-18,75.0,0.49,1755,15,113.8676181640625,43,39.93000030517578,🚬菸屁股,HOLD,1
SOFI,2026-09-18,47.0,0.01,3390,15,109.375453125,43,18.25,🚬菸屁股,HOLD,1
ZM,2026-08-21,120.0,0.18,2156,15,49.756361816406255,15,100.63999938964844,🚬菸屁股,HOLD,1
LUNR,2026-09-18,35.0,0.1,1278,15,134.37532812499998,43,13.989999771118164,🚬菸屁股,HOLD,1
JOBY,2026-11-20,12.0,0.52,1550,15,84.0821904296875,106,7.800000190734863,🚬菸屁股,HOLD,1
T,2028-01-21,15.0,8.35,772,15,34.22917333984374,533,23.059999465942383,🔭LEAPS,HOLD,1
META,2028-01-21,1500.0,11.95,9995,15,48.37850694274903,533,588.77001953125,🔭LEAPS,HOLD,1
F,2026-10-16,17.0,0.16,889,15,37.695935546875,71,14.130000114440918,🚬菸屁股,HOLD,1
DIS,2028-01-21,140.0,5.1,1047,15,32.794861511230465,533,101.76000213623047,🔭LEAPS,HOLD,1
CRM,2027-01-15,500.0,0.2,2135,15,56.7387138671875,162,192.97999572753906,🚬菸屁股,HOLD,1
SOUN,2028-01-21,25.0,0.88,2135,15,99.60937890625,533,6.429999828338623,🔭LEAPS,HOLD,1
TSLA,2026-09-18,700.0,0.17,6396,14,82.71501660156248,43,321.54998779296875,🚬菸屁股,HOLD,1
NVDA,2026-09-18,390.0,0.07,5419,14,60.15664843750002,43,219.22000122070312,🚬菸屁股,HOLD,1
RKLB,2026-08-21,140.0,0.09,2749,14,120.3128984375,15,74.81999969482422,🚬菸屁股,HOLD,1
UPST,2026-10-16,45.0,0.7,1136,14,74.414318359375,71,30.200000762939453,🚬菸屁股,HOLD,1
SOFI,2026-08-21,28.0,0.02,2508,14,92.187578125,15,18.25,🚬菸屁股,HOLD,1
SOFI,2026-12-18,32.0,0.29,3928,14,62.01209863281252,134,18.25,🚬菸屁股,HOLD,1
PATH,2028-01-21,3.0,11.1,1202,14,107.42233789062503,533,13.819999694824219,🔭LEAPS,HOLD,1
HOOD,2026-09-18,175.0,0.16,1016,14,86.7188828125,43,92.80000305175781,🆕低基期(前日Vol2) 🚬菸屁股,HOLD,1
OPEN,2026-09-18,9.0,0.03,2484,14,135.15657421875,43,3.759999990463257,🚬菸屁股,HOLD,1
KTOS,2026-08-21,90.0,0.03,1654,14,89.062609375,15,55.34000015258789,🚬菸屁股,HOLD,1
LUNR,2028-01-21,50.0,3.29,1100,14,117.57853710937498,533,13.989999771118164,🔭LEAPS,HOLD,1
JOBY,2026-10-16,9.0,0.75,803,14,84.76577734374999,71,7.800000190734863,🚬菸屁股,HOLD,1
CRWV,2026-09-18,280.0,0.05,4769,14,117.1879140625,43,89.88999938964844,🚬菸屁股,HOLD,1
IBM,2026-08-21,350.0,0.03,2077,14,66.99251757812502,15,235.9199981689453,🚬菸屁股,HOLD,1
IBM,2026-08-21,445.0,0.08,1257,14,124.90271923828122,15,235.9199981689453,🚬菸屁股,HOLD,1
ORCL,2026-10-16,280.0,0.83,1231,14,81.49432568359374,71,144.38999938964844,🚬菸屁股,HOLD,1
GOOGL,2026-09-18,465.0,0.6,777,14,43.50642431640625,43,362.42999267578125,🚬菸屁股,HOLD,1
META,2026-08-21,780.0,0.18,2496,14,53.955538574218764,15,588.77001953125,🚬菸屁股,HOLD,1
DIS,2026-09-18,125.0,0.1,3720,14,31.055376953125,43,101.76000213623047,🚬菸屁股,HOLD,1
SOUN,2028-01-21,17.0,1.2,2230,14,95.55668505859374,533,6.429999828338623,🔭LEAPS,HOLD,1
TSLA,2026-12-18,960.0,0.68,5724,13,73.90162817382812,134,321.54998779296875,🚬菸屁股,HOLD,1
IBIT,2027-01-15,85.0,0.09,17792,13,56.64105859375,162,36.7400016784668,🚬菸屁股,HOLD,1
OKLO,2026-09-18,80.0,0.46,1504,13,108.203583984375,43,42.9900016784668,🚬菸屁股,HOLD,1
SOFI,2026-08-21,26.0,0.03,6588,13,78.9064609375,15,18.25,🚬菸屁股,HOLD,1
SOFI,2026-11-20,27.0,0.44,2198,13,61.572649902343755,106,18.25,🚬菸屁股,HOLD,1
SOFI,2028-06-16,18.0,6.7,9420,13,70.117486328125,680,18.25,🔭LEAPS,HOLD,1
SOFI,2028-06-16,37.0,3.0,4641,13,67.74934594726562,680,18.25,🔭LEAPS,HOLD,1
DKNG,2026-12-18,38.0,0.4,935,13,64.45348046875,134,21.760000228881836,🚬菸屁股,HOLD,1
IREN,2026-08-21,80.0,0.07,3493,13,142.96903515625,15,38.88999938964844,🚬菸屁股,HOLD,1
NTLA,2027-01-15,42.0,0.24,908,13,97.6562734375,162,10.970000267028809,🚬菸屁股,HOLD,1
LUNR,2026-09-18,32.0,0.12,765,13,141.01591992187502,43,13.989999771118164,🚬菸屁股,HOLD,1
LUNR,2028-01-21,40.0,3.9,3798,13,118.60392260742185,533,13.989999771118164,🔭LEAPS,HOLD,1
JOBY,2026-10-16,14.0,0.14,1704,13,87.500125,71,7.800000190734863,🚬菸屁股,HOLD,1
CRWV,2026-08-21,155.0,0.29,1494,13,123.82850585937497,15,89.88999938964844,🚬菸屁股,HOLD,1
IBM,2026-08-21,295.0,0.17,2604,13,51.07470800781251,15,235.9199981689453,🚬菸屁股,HOLD,1
ORLY,2026-08-21,105.0,0.1,1363,13,30.4694453125,15,93.44000244140625,🚬菸屁股,HOLD,1
ORCL,2026-08-21,270.0,0.05,1636,13,112.5004375,15,144.38999938964844,🆕低基期(前日Vol5) 🚬菸屁股,HOLD,1
ORCL,2026-12-18,500.0,0.35,5490,13,86.4259169921875,134,144.38999938964844,🚬菸屁股,HOLD,1
GOOGL,2026-09-18,600.0,0.07,9383,13,51.36767382812499,43,362.42999267578125,🚬菸屁股,HOLD,1
META,2026-08-21,1340.0,0.01,1341,13,126.172244140625,15,588.77001953125,🚬菸屁股,HOLD,1
F,2026-12-18,18.0,0.3,6195,13,39.649041015625,134,14.130000114440918,🚬菸屁股,HOLD,1
DIS,2026-12-18,130.0,0.82,3914,13,30.664755859375,134,101.76000213623047,🚬菸屁股,HOLD,1
MSTR,2026-09-18,300.0,0.06,5595,12,123.24257128906248,43,98.37000274658203,🆕低基期(前日Vol1) 🚬菸屁股,HOLD,1
SMCI,2028-01-21,85.0,5.4,15519,12,92.35847485351563,533,30.31999969482422,🔭LEAPS,HOLD,1
OKLO,2028-01-21,95.0,10.6,762,12,99.46289599609376,533,42.9900016784668,🆕低基期(前日Vol3) 🔭LEAPS,HOLD,1
VST,2026-08-21,200.0,0.26,1715,12,84.57046679687498,15,140.5800018310547,🚬菸屁股,HOLD,1
SOFI,2026-11-20,29.0,0.3,1088,12,61.81678808593751,106,18.25,🆕低基期(前日Vol4) 🚬菸屁股,HOLD,1
IREN,2028-01-21,100.0,9.87,6540,12,103.6198666687012,533,38.88999938964844,🔭LEAPS,HOLD,1
PATH,2028-01-21,25.0,2.7,8222,12,77.02659692382812,533,13.819999694824219,🔭LEAPS,HOLD,1
LUNR,2026-08-21,16.0,0.75,1187,12,129.10191699218748,15,13.989999771118164,🚬菸屁股,HOLD,1
LUNR,2028-01-21,30.0,4.75,765,12,115.86956127929686,533,13.989999771118164,🔭LEAPS,HOLD,1
ACHR,2028-01-21,3.0,3.05,4067,12,93.945373046875,533,5.199999809265137,🔭LEAPS,HOLD,1
ACHR,2028-01-21,27.0,0.49,14966,12,97.070341796875,533,5.199999809265137,🔭LEAPS,HOLD,1
CRWV,2026-09-18,165.0,0.98,1875,12,104.05321411132817,43,89.88999938964844,🚬菸屁股,HOLD,1
ORCL,2026-08-21,310.0,0.02,1875,12,121.875390625,15,144.38999938964844,🆕低基期(前日Vol1) 🚬菸屁股,HOLD,1
ORCL,2026-11-20,370.0,0.6,1268,12,81.29901513671875,106,144.38999938964844,🚬菸屁股,HOLD,1
ORCL,2028-01-21,410.0,9.53,1124,12,69.34234759521485,533,144.38999938964844,🔭LEAPS,HOLD,1
DIS,2028-01-21,135.0,6.08,1278,12,32.91693060302734,533,101.76000213623047,🔭LEAPS,HOLD,1
BAC,2026-08-21,75.0,0.01,1341,12,34.76627734375,15,63.25,🚬菸屁股,HOLD,1
SOUN,2028-01-21,12.0,1.61,5039,12,92.0899228515625,533,6.429999828338623,🔭LEAPS,HOLD,1
MSFT,2026-08-21,800.0,0.01,5980,11,65.62534375000001,15,487.4599914550781,🆕低基期(前日Vol1) 🚬菸屁股,HOLD,1
MSTR,2026-12-18,1080.0,0.04,12585,11,124.21912890624998,134,98.37000274658203,🚬菸屁股,HOLD,1
IBIT,2027-01-15,135.0,0.03,12494,11,71.87528125,162,36.7400016784668,🚬菸屁股,HOLD,1
SOFI,2028-06-16,42.0,2.48,3155,11,68.27424304199221,680,18.25,🔭LEAPS,HOLD,1
PATH,2027-01-15,30.0,0.39,26048,11,79.29708203125,162,13.819999694824219,🚬菸屁股,HOLD,1
HOOD,2026-09-18,280.0,0.03,1014,11,105.85984570312502,43,92.80000305175781,🚬菸屁股,HOLD,1
HOOD,2026-10-16,180.0,0.5,2272,11,78.711150390625,71,92.80000305175781,🚬菸屁股,HOLD,1
HIMS,2027-01-15,100.0,0.67,10747,11,97.94923925781251,162,31.649999618530273,🚬菸屁股,HOLD,1
ONDS,2027-01-15,25.0,0.4,15775,11,114.84417578124999,162,8.869999885559082,🚬菸屁股,HOLD,1
LUNR,2028-01-21,10.0,8.61,1076,11,117.72502075195312,533,13.989999771118164,🔭LEAPS,HOLD,1
JOBY,2028-01-21,32.0,0.78,9992,11,90.3321279296875,533,7.800000190734863,🔭LEAPS,HOLD,1
SMR,2027-01-15,75.0,0.03,997,11,135.93782031249998,162,9.380000114440918,🚬菸屁股,HOLD,1
SMR,2028-01-21,25.0,2.25,2893,11,107.20261242675787,533,9.380000114440918,🔭LEAPS,HOLD,1
IBM,2026-08-21,320.0,0.08,3871,11,57.617611328124994,15,235.9199981689453,🚬菸屁股,HOLD,1
T,2028-01-21,32.0,0.73,4198,11,30.371790039062496,533,23.059999465942383,🆕低基期(前日Vol1) 🔭LEAPS,HOLD,1
ORCL,2026-09-18,270.0,0.54,5634,11,90.82040429687498,43,144.38999938964844,🚬菸屁股,HOLD,1
DIS,2026-12-18,145.0,0.27,1314,11,33.35027587890625,134,101.76000213623047,🚬菸屁股,HOLD,1
DIS,2027-01-15,160.0,0.18,2368,11,36.646141357421875,162,101.76000213623047,🚬菸屁股,HOLD,1
DIS,2028-01-21,120.0,9.62,16122,11,33.22820678710938,533,101.76000213623047,🔭LEAPS,HOLD,1
CRM,2026-09-18,260.0,0.97,1885,11,52.93015820312501,43,192.97999572753906,🚬菸屁股,HOLD,1
TGT,2027-01-15,230.0,0.5,2061,11,36.133451171874995,162,147.6999969482422,🚬菸屁股,HOLD,1
TSLA,2026-09-18,900.0,0.1,7043,10,101.3676806640625,43,321.54998779296875,🚬菸屁股,HOLD,1
IBIT,2026-12-18,70.0,0.13,5221,10,52.93015820312501,134,36.7400016784668,🚬菸屁股,HOLD,1
IBIT,2026-12-18,75.0,0.11,11168,10,55.37154003906251,134,36.7400016784668,🚬菸屁股,HOLD,1
SMCI,2026-08-21,44.0,0.38,2203,10,116.99260253906249,15,30.31999969482422,🚬菸屁股,HOLD,1
SMCI,2026-09-18,70.0,0.15,6247,10,112.5004375,43,30.31999969482422,🚬菸屁股,HOLD,1
SMCI,2027-01-15,95.0,0.69,911,10,101.07471337890624,162,30.31999969482422,🚬菸屁股,HOLD,1
SMCI,2027-01-15,105.0,0.5,12429,10,101.66064794921877,162,30.31999969482422,🚬菸屁股,HOLD,1
SMCI,2028-01-21,100.0,4.22,3999,10,91.77254321289064,533,30.31999969482422,🔭LEAPS,HOLD,1
OKLO,2027-01-15,190.0,0.69,751,10,116.35784008789062,162,42.9900016784668,🆕低基期(前日Vol4) 🚬菸屁股,HOLD,1
IONQ,2026-09-18,120.0,0.1,1598,10,127.73473632812498,43,39.93000030517578,🚬菸屁股,HOLD,1
SOFI,2026-08-21,40.0,0.01,1756,10,137.50031249999998,15,18.25,🚬菸屁股,HOLD,1
DKNG,2028-01-21,60.0,1.07,4707,10,59.570716796875004,533,21.760000228881836,🔭LEAPS,HOLD,1
PATH,2026-08-21,30.0,0.01,1809,10,131.25034374999998,15,13.819999694824219,🚬菸屁股,HOLD,1
HOOD,2026-08-21,200.0,0.01,2969,10,109.375453125,15,92.80000305175781,🚬菸屁股,HOLD,1
TDOC,2027-01-15,22.5,0.08,4394,10,109.375453125,162,6.929999828338623,🚬菸屁股,HOLD,1
TDOC,2028-01-21,12.0,1.1,1082,10,71.7776259765625,533,6.929999828338623,🔭LEAPS,HOLD,1
BEAM,2026-11-20,50.0,0.5,897,10,91.06454248046875,106,27.06999969482422,🚬菸屁股,HOLD,1
HIMS,2026-08-21,41.0,0.6,844,10,112.59809326171877,15,31.649999618530273,🚬菸屁股,HOLD,1
LUNR,2026-08-21,19.0,0.29,2634,10,137.89093554687497,15,13.989999771118164,🚬菸屁股,HOLD,1
LUNR,2026-09-18,19.0,0.89,804,10,121.97304638671875,43,13.989999771118164,🚬菸屁股,HOLD,1
JOBY,2027-01-15,22.0,0.18,6374,10,93.35944140625,162,7.800000190734863,🚬菸屁股,HOLD,1
JOBY,2027-01-15,30.0,0.08,8367,10,107.42233789062503,162,7.800000190734863,🚬菸屁股,HOLD,1
ACHR,2028-01-21,22.0,0.6,1199,10,92.6758544921875,533,5.199999809265137,🔭LEAPS,HOLD,1
ACHR,2028-01-21,25.0,0.5,1648,10,99.1211025390625,533,5.199999809265137,🆕低基期(前日Vol4) 🔭LEAPS,HOLD,1
T,2026-09-18,40.0,0.03,1195,10,64.062859375,43,23.059999465942383,🚬菸屁股,HOLD,1
ORLY,2026-09-18,104.0,0.7,759,10,33.03289624023437,43,93.44000244140625,🚬菸屁股,HOLD,1
ORCL,2026-09-18,340.0,0.35,907,10,109.57076464843752,43,144.38999938964844,🆕低基期(前日Vol1) 🚬菸屁股,HOLD,1
ORCL,2026-09-18,450.0,0.17,1140,10,130.66440917968748,43,144.38999938964844,🚬菸屁股,HOLD,1
GOOGL,2027-01-15,800.0,0.17,2444,10,47.11966943359375,162,362.42999267578125,🚬菸屁股,HOLD,1
META,2026-08-21,1300.0,0.03,1916,10,130.27378613281246,15,588.77001953125,🚬菸屁股,HOLD,1
META,2026-08-21,1480.0,0.02,3582,10,126.56286718749999,15,588.77001953125,🆕低基期(前日Vol2) 🚬菸屁股,HOLD,1
F,2028-01-21,22.0,0.85,1889,10,42.33456103515625,533,14.130000114440918,🔭LEAPS,HOLD,1
DIS,2026-12-18,140.0,0.35,1360,10,32.64227514648437,134,101.76000213623047,🚬菸屁股,HOLD,1
DIS,2027-01-15,135.0,0.84,2439,10,31.543653320312494,162,101.76000213623047,🚬菸屁股,HOLD,1
AVGO,2026-08-21,600.0,0.04,5687,10,56.250437500000004,15,418.2799987792969,🚬菸屁股,HOLD,1
AVGO,2026-09-18,650.0,0.65,1749,10,59.155681884765634,43,418.2799987792969,🚬菸屁股,HOLD,1
NVDA,2028-01-21,360.0,15.1,7354,9,45.4107021484375,533,219.22000122070312,🔭LEAPS,HOLD,1
MSFT,2026-12-18,625.0,5.92,102370,9,34.549604705810545,134,487.4599914550781,🔥萬人塚 🏛️機構場,HOLD,1
IBIT,2026-09-18,90.0,0.02,10679,9,92.187578125,43,36.7400016784668,🚬菸屁股,HOLD,1
IBIT,2027-01-15,62.0,0.27,6842,9,47.02201416015625,162,36.7400016784668,🚬菸屁股,HOLD,1
INTC,2026-09-18,195.0,0.37,9200,9,91.1133701171875,43,101.05999755859375,🚬菸屁股,HOLD,1
SMCI,2026-09-18,90.0,0.06,2942,9,126.95349023437497,43,30.31999969482422,🚬菸屁股,HOLD,1
SMCI,2026-12-18,106.0,0.31,2333,9,109.66842041015626,134,30.31999969482422,🚬菸屁股,HOLD,1
SMCI,2028-01-21,40.0,11.25,3628,9,95.08061560058592,533,30.31999969482422,🔭LEAPS,HOLD,1
SMCI,2028-01-21,80.0,5.75,1172,9,92.9688203125,533,30.31999969482422,🔭LEAPS,HOLD,1
UPST,2027-01-15,80.0,0.5,2080,9,83.59391406249999,162,30.200000762939453,🚬菸屁股,HOLD,1
IREN,2026-12-18,130.0,0.85,949,9,116.01604492187501,134,38.88999938964844,🚬菸屁股,HOLD,1
HOOD,2026-10-16,160.0,0.82,1686,9,72.55886816406249,71,92.80000305175781,🚬菸屁股,HOLD,1
NTLA,2026-08-21,14.0,0.15,976,9,120.50820996093749,15,10.970000267028809,🚬菸屁股,HOLD,1
JOBY,2026-08-21,11.0,0.05,4852,9,93.7500625,15,7.800000190734863,🚬菸屁股,HOLD,1
IBM,2026-08-21,310.0,0.09,1609,9,53.22312402343749,15,235.9199981689453,🚬菸屁股,HOLD,1
T,2026-09-18,31.0,0.06,4473,9,52.14891601562499,43,23.059999465942383,🚬菸屁股,HOLD,1
META,2026-09-18,1350.0,0.05,794,9,74.804939453125,43,588.77001953125,🚬菸屁股,HOLD,1
SOUN,2028-01-21,20.0,1.02,4648,9,95.70316796875,533,6.429999828338623,🆕低基期(前日Vol1) 🔭LEAPS,HOLD,1
OKLO,2027-01-15,230.0,0.34,1018,8,114.16058544921874,162,42.9900016784668,🚬菸屁股,HOLD,1
SOFI,2026-08-21,27.0,0.03,5158,8,87.500125,15,18.25,🚬菸屁股,HOLD,1
SOFI,2026-10-16,28.0,0.17,1176,8,58.39885351562499,71,18.25,🚬菸屁股,HOLD,1
DKNG,2027-01-15,57.5,0.08,955,8,74.90259472656251,162,21.760000228881836,🆕低基期(前日Vol1) 🚬菸屁股,HOLD,1
DKNG,2028-01-21,50.0,1.36,26057,8,63.7698935546875,533,21.760000228881836,🆕低基期(前日Vol3) 🔭LEAPS,HOLD,1
PATH,2027-01-15,27.0,0.48,4950,8,80.07832421875,162,13.819999694824219,🚬菸屁股,HOLD,1
PATH,2027-01-15,37.0,0.19,4758,8,80.664255859375,162,13.819999694824219,🚬菸屁股,HOLD,1
NTLA,2028-01-21,7.5,6.5,914,8,117.23674194335936,533,10.970000267028809,🆕低基期(前日Vol3) 🔭LEAPS,HOLD,1
BEAM,2026-08-21,50.0,0.05,787,8,129.297228515625,15,27.06999969482422,🚬菸屁股,HOLD,1
HIMS,2026-08-21,43.0,0.47,793,8,108.203583984375,15,31.649999618530273,🚬菸屁股,HOLD,1
HIMS,2026-12-18,90.0,0.63,1040,8,101.07471337890624,134,31.649999618530273,🚬菸屁股,HOLD,1
ACHR,2027-01-15,8.0,0.55,13830,8,92.773509765625,162,5.199999809265137,🚬菸屁股,HOLD,1
ACHR,2028-01-21,20.0,0.64,6479,8,96.679720703125,533,5.199999809265137,🔭LEAPS,HOLD,1
SMR,2028-01-21,23.0,2.89,905,8,108.30123974609376,533,9.380000114440918,🔭LEAPS,HOLD,1
T,2026-10-16,29.0,0.07,1138,8,28.711650390624992,71,23.059999465942383,🚬菸屁股,HOLD,1
ORCL,2026-09-18,320.0,0.29,987,8,96.5820654296875,43,144.38999938964844,🚬菸屁股,HOLD,1
ORCL,2026-09-18,330.0,0.21,2261,8,98.242205078125,43,144.38999938964844,🆕低基期(前日Vol1) 🚬菸屁股,HOLD,1
ORCL,2027-01-15,460.0,0.75,965,8,80.78632495117188,162,144.38999938964844,🚬菸屁股,HOLD,1
META,2027-01-15,1400.0,0.74,1636,8,52.4418818359375,162,588.77001953125,🚬菸屁股,HOLD,1
MS,2026-08-21,250.0,0.14,1024,8,34.668622070312495,15,218.27000427246094,🚬菸屁股,HOLD,1
CRM,2027-01-15,400.0,0.59,2763,8,54.17526293945314,162,192.97999572753906,🚬菸屁股,HOLD,1
AVGO,2026-08-21,530.0,0.33,1534,8,51.465329101562496,15,418.2799987792969,🚬菸屁股,HOLD,1
AVGO,2026-08-21,570.0,0.08,856,8,54.49264257812501,15,418.2799987792969,🚬菸屁股,HOLD,1
SOUN,2026-10-16,13.0,0.16,2697,8,113.28168359375002,71,6.429999828338623,🚬菸屁股,HOLD,1
IONQ,2026-09-18,110.0,0.08,754,7,147.265888671875,43,39.93000030517578,🚬菸屁股,HOLD,1
IONQ,2026-10-16,100.0,0.51,1781,7,108.59420703125,71,39.93000030517578,🚬菸屁股,HOLD,1
DKNG,2026-09-18,47.5,0.02,914,7,102.34423828125001,43,21.760000228881836,🚬菸屁股,HOLD,1
HOOD,2026-08-21,145.0,0.06,4402,7,91.01571484374999,15,92.80000305175781,🚬菸屁股,HOLD,1
HOOD,2026-09-18,160.0,0.27,2022,7,82.226740234375,43,92.80000305175781,🚬菸屁股,HOLD,1
OPEN,2026-11-20,10.0,0.1,7913,7,121.48476757812499,106,3.759999990463257,🚬菸屁股,HOLD,1
OPEN,2028-01-21,17.0,3.4,861,7,25.00075,533,3.759999990463257,🔭LEAPS,HOLD,1
NTLA,2027-01-15,25.0,0.45,1878,7,92.4805439453125,162,10.970000267028809,🚬菸屁股,HOLD,1
ONDS,2027-01-15,22.0,0.57,2479,7,114.64886425781249,162,8.869999885559082,🚬菸屁股,HOLD,1
ONDS,2028-01-21,17.0,2.75,8812,7,104.73680444335938,533,8.869999885559082,🔭LEAPS,HOLD,1
LUNR,2026-08-21,20.0,0.2,2561,7,126.95349023437497,15,13.989999771118164,🚬菸屁股,HOLD,1
LUNR,2028-01-21,15.0,6.85,1038,7,124.80506347656248,533,13.989999771118164,🔭LEAPS,HOLD,1
ACHR,2028-01-21,2.0,3.6,1087,7,104.68797656250001,533,5.199999809265137,🔭LEAPS,HOLD,1
SMR,2027-01-15,85.0,0.07,2874,7,139.453427734375,162,9.380000114440918,🆕低基期(前日Vol1) 🚬菸屁股,HOLD,1
T,2027-01-15,29.0,0.25,941,7,33.15496533203125,162,23.059999465942383,🚬菸屁股,HOLD,1
ORCL,2026-08-21,350.0,0.01,1379,7,139.06280468749998,15,144.38999938964844,🚬菸屁股,HOLD,1
GOOGL,2026-11-20,600.0,0.45,1097,7,45.154357055664065,106,362.42999267578125,🚬菸屁股,HOLD,1
TSLA,2026-09-18,600.0,0.27,10484,6,73.92604199218749,43,321.54998779296875,🚬菸屁股,HOLD,1
TSLA,2026-12-18,850.0,0.9,7566,6,69.84893432617189,134,321.54998779296875,🚬菸屁股,HOLD,1
TSLA,2027-01-15,950.0,0.93,16876,6,70.14190014648437,162,321.54998779296875,🚬菸屁股,HOLD,1
IBIT,2026-09-18,80.0,0.02,12383,6,85.937640625,43,36.7400016784668,🚬菸屁股,HOLD,1
IBIT,2027-01-15,75.0,0.14,10534,6,52.83250292968751,162,36.7400016784668,🚬菸屁股,HOLD,1
IBIT,2028-06-16,90.0,1.94,15931,6,52.905744384765626,680,36.7400016784668,🔭LEAPS,HOLD,1
INTC,2026-08-21,180.0,0.01,5920,6,100.78174609374999,15,101.05999755859375,🚬菸屁股,HOLD,1
INTC,2026-08-21,210.0,0.01,6720,6,109.375453125,15,101.05999755859375,🚬菸屁股,HOLD,1
SMCI,2026-12-18,68.0,0.84,4200,6,99.36524072265625,134,30.31999969482422,🚬菸屁股,HOLD,1
SMCI,2026-12-18,74.0,0.98,2361,6,98.68165380859377,134,30.31999969482422,🚬菸屁股,HOLD,1
OKLO,2026-09-18,110.0,0.09,813,6,139.06280468749998,43,42.9900016784668,🚬菸屁股,HOLD,1
ASTS,2026-08-21,145.0,0.17,796,6,144.140904296875,15,68.37999725341797,🚬菸屁股,HOLD,1
ASTS,2026-09-18,180.0,0.39,8602,6,128.80894970703122,43,68.37999725341797,🚬菸屁股,HOLD,1
IONQ,2026-08-21,80.0,0.07,1510,6,149.21900390624998,15,39.93000030517578,🚬菸屁股,HOLD,1
SOFI,2028-01-21,27.0,3.55,4417,6,65.4544470214844,533,18.25,🔭LEAPS,HOLD,1
DKNG,2027-01-15,60.0,0.01,8915,6,68.7503125,162,21.760000228881836,🚬菸屁股,HOLD,1
PATH,2026-09-18,19.0,0.37,817,6,86.0352958984375,43,13.819999694824219,🚬菸屁股,HOLD,1
PATH,2028-01-21,30.0,2.06,6477,6,75.83031982421876,533,13.819999694824219,🔭LEAPS,HOLD,1
HOOD,2027-01-15,250.0,0.8,3803,6,77.88108056640624,162,92.80000305175781,🚬菸屁股,HOLD,1
TDOC,2028-01-21,10.0,1.53,2496,6,72.02176416015625,533,6.929999828338623,🔭LEAPS,HOLD,1
PACB,2027-01-15,2.0,0.25,5362,6,110.54732226562503,162,1.2999999523162842,🚬菸屁股,HOLD,1
HIMS,2028-01-21,75.0,6.88,1543,6,96.5820654296875,533,31.649999618530273,🔭LEAPS,HOLD,1
ONDS,2028-01-21,22.0,2.2,1089,6,108.0571003417969,533,8.869999885559082,🔭LEAPS,HOLD,1
LUNR,2026-12-18,35.0,0.77,903,6,122.36366943359376,134,13.989999771118164,🚬菸屁股,HOLD,1
LUNR,2028-01-21,20.0,5.95,1677,6,118.45743896484376,533,13.989999771118164,🔭LEAPS,HOLD,1
JOBY,2027-01-15,25.0,0.12,3298,6,96.0937890625,162,7.800000190734863,🚬菸屁股,HOLD,1
JOBY,2027-01-15,27.0,0.1,1479,6,99.804689453125,162,7.800000190734863,🚬菸屁股,HOLD,1
ACHR,2027-01-15,22.0,0.07,7399,6,113.28168359375002,162,5.199999809265137,🆕低基期(前日Vol1) 🚬菸屁股,HOLD,1
NNE,2026-10-16,40.0,0.26,1259,6,110.15669921875002,71,17.8799991607666,🚬菸屁股,HOLD,1
CRWV,2026-09-18,190.0,0.48,6322,6,106.83640332031253,43,89.88999938964844,🚬菸屁股,HOLD,1
IBM,2026-08-21,285.0,0.26,2960,6,47.26615234375,15,235.9199981689453,🚬菸屁股,HOLD,1
T,2026-09-18,35.0,0.04,2448,6,50.0005,43,23.059999465942383,🚬菸屁股,HOLD,1
T,2026-12-18,40.0,0.03,1381,6,39.8443515625,134,23.059999465942383,🚬菸屁股,HOLD,1
ORCL,2027-01-15,490.0,0.59,1260,6,83.98453515624999,162,144.38999938964844,🚬菸屁股,HOLD,1
GOOGL,2026-10-16,540.0,0.26,6372,6,43.945873046875,71,362.42999267578125,🚬菸屁股,HOLD,1
META,2026-08-21,830.0,0.11,956,6,61.71913281250001,15,588.77001953125,🚬菸屁股,HOLD,1
META,2026-08-21,860.0,0.11,785,6,63.9652041015625,15,588.77001953125,🚬菸屁股,HOLD,1
DIS,2027-01-15,155.0,0.2,1366,6,31.738963867187497,162,101.76000213623047,🚬菸屁股,HOLD,1
DIS,2027-01-15,185.0,0.06,2372,6,37.0123486328125,162,101.76000213623047,🚬菸屁股,HOLD,1
BAC,2026-08-21,70.0,0.01,3617,6,22.26640234375,15,63.25,🆕低基期(前日Vol1) 🚬菸屁股,HOLD,1
BAC,2027-01-15,80.0,0.37,2435,6,24.5124736328125,162,63.25,🚬菸屁股,HOLD,1
CRM,2026-08-21,300.0,0.03,1602,6,77.148666015625,15,192.97999572753906,🚬菸屁股,HOLD,1
TSLA,2028-01-21,900.0,11.03,6733,5,57.146119461059584,533,321.54998779296875,🔭LEAPS,HOLD,1
IBIT,2026-10-16,70.0,0.06,7231,5,63.281617187500004,71,36.7400016784668,🚬菸屁股,HOLD,1
IBIT,2026-12-18,55.0,0.33,9363,5,44.28766650390625,134,36.7400016784668,🚬菸屁股,HOLD,1
IBIT,2027-01-15,110.0,0.05,29824,5,64.8441015625,162,36.7400016784668,🚬菸屁股,HOLD,1
PLTR,2026-09-18,410.0,0.02,6851,5,85.1563984375,43,158.42999267578125,🚬菸屁股,HOLD,1
SMCI,2026-09-18,80.0,0.1,2434,5,124.02381738281247,43,30.31999969482422,🚬菸屁股,HOLD,1
SMCI,2026-12-18,90.0,0.82,2796,5,103.66259106445317,134,30.31999969482422,🚬菸屁股,HOLD,1
OKLO,2028-01-21,85.0,11.4,1097,5,96.22196160888672,533,42.9900016784668,🆕低基期(前日Vol1) 🔭LEAPS,HOLD,1
VST,2026-09-18,220.0,0.4,870,5,65.67417138671875,43,140.5800018310547,🚬菸屁股,HOLD,1
VST,2026-10-16,250.0,0.4,1581,5,66.16244775390626,71,140.5800018310547,🚬菸屁股,HOLD,1
ASTS,2026-09-18,160.0,0.44,1085,5,129.00426123046876,43,68.37999725341797,🆕低基期(前日Vol2) 🚬菸屁股,HOLD,1
UPST,2027-01-15,70.0,0.75,1619,5,75.92797509765626,162,30.200000762939453,🚬菸屁股,HOLD,1
UPST,2028-01-21,35.0,10.5,1119,5,78.00314965820311,533,30.200000762939453,🔭LEAPS,HOLD,1
SOFI,2026-11-20,33.0,0.19,1546,5,65.23472265625001,106,18.25,🚬菸屁股,HOLD,1
SOFI,2026-12-18,37.0,0.18,1655,5,66.79720703125001,134,18.25,🚬菸屁股,HOLD,1
SOFI,2026-12-18,45.0,0.08,7821,5,71.87528125,134,18.25,🚬菸屁股,HOLD,1
SOFI,2027-01-15,42.0,0.18,6335,5,67.6761044921875,162,18.25,🆕低基期(前日Vol2) 🚬菸屁股,HOLD,1
SOFI,2028-01-21,8.0,11.05,1654,5,78.711150390625,533,18.25,🔭LEAPS,HOLD,1
DKNG,2026-09-18,37.5,0.07,2894,5,70.70341796875,43,21.760000228881836,🆕低基期(前日Vol2) 🚬菸屁股,HOLD,1
DKNG,2026-12-18,55.0,0.08,3411,5,70.898728515625,134,21.760000228881836,🚬菸屁股,HOLD,1
DKNG,2026-12-18,70.0,0.14,6411,5,84.57046679687498,134,21.760000228881836,🚬菸屁股,HOLD,1
IREN,2028-01-21,105.0,9.48,1739,5,103.77245379638673,533,38.88999938964844,🔭LEAPS,HOLD,1
HOOD,2028-01-21,250.0,8.4,2370,5,72.98000653076171,533,92.80000305175781,🔭LEAPS,HOLD,1
TDOC,2026-10-16,9.0,0.19,2109,5,68.7503125,71,6.929999828338623,🚬菸屁股,HOLD,1
ZM,2026-08-21,125.0,0.15,1082,5,58.789474609375006,15,100.63999938964844,🚬菸屁股,HOLD,1
NTLA,2027-01-15,35.0,0.15,3961,5,98.82813671875,162,10.970000267028809,🚬菸屁股,HOLD,1
PACB,2027-01-15,3.0,0.1,2499,5,131.25034374999998,162,1.2999999523162842,🚬菸屁股,HOLD,1
HIMS,2028-01-21,55.0,8.84,797,5,93.11530322265625,533,31.649999618530273,🆕低基期(前日Vol1) 🔭LEAPS,HOLD,1
ONDS,2026-09-18,19.0,0.11,1269,5,127.73473632812498,43,8.869999885559082,🚬菸屁股,HOLD,1
LUNR,2028-01-21,25.0,5.2,4549,5,122.19277185058593,533,13.989999771118164,🔭LEAPS,HOLD,1
LUNR,2028-01-21,37.0,4.22,759,5,117.3832255859375,533,13.989999771118164,🔭LEAPS,HOLD,1
JOBY,2026-08-21,16.0,0.01,1076,5,140.625296875,15,7.800000190734863,🚬菸屁股,HOLD,1
ACHR,2026-10-16,9.0,0.13,3550,5,96.48441015625,71,5.199999809265137,🚬菸屁股,HOLD,1
ACHR,2026-10-16,10.0,0.09,5899,5,98.437515625,71,5.199999809265137,🚬菸屁股,HOLD,1
ACHR,2027-01-15,17.0,0.13,9698,5,103.90673046875003,162,5.199999809265137,🚬菸屁股,HOLD,1
SMR,2028-01-21,18.0,3.04,1493,5,106.98288696289065,533,9.380000114440918,🔭LEAPS,HOLD,1
NNE,2027-01-15,90.0,0.1,2774,5,108.203583984375,162,17.8799991607666,🚬菸屁股,HOLD,1
IBM,2026-08-21,330.0,0.05,779,5,66.40658593750001,15,235.9199981689453,🚬菸屁股,HOLD,1
IBM,2026-09-18,330.0,0.32,1341,5,49.780775634765625,43,235.9199981689453,🚬菸屁股,HOLD,1
IBM,2027-01-15,490.0,0.63,760,5,50.7817421875,162,235.9199981689453,🚬菸屁股,HOLD,1
T,2026-09-18,32.0,0.05,3706,5,47.26615234375,43,23.059999465942383,🚬菸屁股,HOLD,1
ORCL,2026-08-21,280.0,0.08,4476,5,109.375453125,15,144.38999938964844,🚬菸屁股,HOLD,1
ORCL,2026-09-18,310.0,0.25,1497,5,94.43364941406249,43,144.38999938964844,🚬菸屁股,HOLD,1
ORCL,2026-10-16,330.0,0.38,2554,5,83.54508642578124,71,144.38999938964844,🚬菸屁股,HOLD,1
ORCL,2026-12-18,510.0,0.54,10788,5,84.57046679687498,134,144.38999938964844,🚬菸屁股,HOLD,1
GOOGL,2026-08-21,520.0,0.07,1258,5,67.773759765625,15,362.42999267578125,🚬菸屁股,HOLD,1
GOOGL,2026-08-21,580.0,0.14,3729,5,77.3439765625,15,362.42999267578125,🚬菸屁股,HOLD,1
GOOGL,2026-10-16,510.0,0.57,3134,5,40.50352465820312,71,362.42999267578125,🚬菸屁股,HOLD,1
GOOGL,2026-12-18,800.0,0.17,760,5,51.17236328125,134,362.42999267578125,🚬菸屁股,HOLD,1
F,2026-12-18,14.82,0.4,6146,5,22.3640576171875,134,14.130000114440918,🚬菸屁股,HOLD,1
F,2026-12-18,16.82,0.3,8808,5,34.8639326171875,134,14.130000114440918,🚬菸屁股,HOLD,1
F,2027-01-15,18.0,0.37,10692,5,38.7701435546875,162,14.130000114440918,🚬菸屁股,HOLD,1
F,2027-01-15,21.0,0.17,2043,5,42.9693203125,162,14.130000114440918,🚬菸屁股,HOLD,1
SOUN,2027-01-15,32.0,0.1,952,5,123.43788281249999,162,6.429999828338623,🚬菸屁股,HOLD,1
TSLA,2028-01-21,940.0,10.5,5053,4,57.5352146911621,533,321.54998779296875,🔭LEAPS,HOLD,1
IBIT,2027-01-15,49.0,0.9,5545,4,41.74862939453124,162,36.7400016784668,🚬菸屁股,HOLD,1
IBIT,2028-06-16,5.0,32.35,5316,4,107.22702636718753,680,36.7400016784668,🔭LEAPS,HOLD,1
SMCI,2026-09-18,85.0,0.08,2633,4,128.125359375,43,30.31999969482422,🚬菸屁股,HOLD,1
SMCI,2026-12-18,80.0,0.8,2986,4,101.172369140625,134,30.31999969482422,🆕低基期(前日Vol1) 🚬菸屁股,HOLD,1
SMCI,2028-01-21,70.0,6.84,1981,4,93.7622694091797,533,30.31999969482422,🔭LEAPS,HOLD,1
OKLO,2028-01-21,80.0,11.9,941,4,97.26565234374999,533,42.9900016784668,🔭LEAPS,HOLD,1
VST,2026-08-21,195.0,0.13,1220,4,72.7541787109375,15,140.5800018310547,🚬菸屁股,HOLD,1
VST,2026-08-21,220.0,0.15,924,4,99.60937890625,15,140.5800018310547,🚬菸屁股,HOLD,1
VST,2026-09-18,210.0,0.47,9620,4,61.865615722656266,43,140.5800018310547,🚬菸屁股,HOLD,1
RKLB,2026-09-18,160.0,0.35,1035,4,113.8676181640625,43,74.81999969482422,🚬菸屁股,HOLD,1
ASTS,2026-09-18,165.0,0.4,1020,4,124.41444042968747,43,68.37999725341797,🚬菸屁股,HOLD,1
IONQ,2026-09-18,100.0,0.2,2960,4,140.0393623046875,43,39.93000030517578,🚬菸屁股,HOLD,1
UPST,2026-09-18,62.5,0.04,775,4,96.0937890625,43,30.200000762939453,🚬菸屁股,HOLD,1
SOFI,2026-08-21,31.0,0.01,3221,4,98.437515625,15,18.25,🚬菸屁股,HOLD,1
SOFI,2028-01-21,37.0,2.1,8100,4,65.30796411132813,533,18.25,🆕低基期(前日Vol1) 🔭LEAPS,HOLD,1
DKNG,2026-08-21,40.0,0.03,1167,4,114.0629296875,15,21.760000228881836,🚬菸屁股,HOLD,1
DKNG,2026-11-20,40.0,0.22,5356,4,68.35969140625001,106,21.760000228881836,🚬菸屁股,HOLD,1
DKNG,2026-12-18,43.0,0.22,5487,4,68.06672558593752,134,21.760000228881836,🚬菸屁股,HOLD,1
IREN,2026-09-18,125.0,0.09,993,4,138.67218164062498,43,38.88999938964844,🚬菸屁股,HOLD,1
IREN,2028-01-21,85.0,10.85,7488,4,105.42039477539062,533,38.88999938964844,🔭LEAPS,HOLD,1
OPEN,2028-01-21,1.0,3.06,3200,4,126.172244140625,533,3.759999990463257,🔭LEAPS,HOLD,1
NTLA,2028-01-21,15.0,4.1,2025,4,99.68262036132812,533,10.970000267028809,🔭LEAPS,HOLD,1
PACB,2028-01-21,5.0,0.3,1376,4,143.75028125,533,1.2999999523162842,🔭LEAPS,HOLD,1
HIMS,2026-12-18,105.0,0.44,1578,4,104.19969775390628,134,31.649999618530273,🚬菸屁股,HOLD,1
LUNR,2027-01-15,37.0,0.89,2922,4,122.94960400390624,162,13.989999771118164,🆕低基期(前日Vol1) 🚬菸屁股,HOLD,1
JOBY,2026-08-21,17.0,0.02,1198,4,137.50031249999998,15,7.800000190734863,🚬菸屁股,HOLD,1
JOBY,2026-11-20,17.0,0.17,1309,4,95.312546875,106,7.800000190734863,🚬菸屁股,HOLD,1
ACHR,2026-10-16,11.0,0.07,3922,4,101.5629921875,71,5.199999809265137,🚬菸屁股,HOLD,1
ACHR,2027-01-15,20.0,0.09,25428,4,106.64109179687502,162,5.199999809265137,🚬菸屁股,HOLD,1
SMR,2027-01-15,27.0,0.45,1536,4,115.33245458984376,162,9.380000114440918,🚬菸屁股,HOLD,1
SMR,2027-01-15,32.0,0.36,1111,4,118.55509472656249,162,9.380000114440918,🚬菸屁股,HOLD,1
SMR,2027-01-15,47.0,0.15,1020,4,123.63319433593749,162,9.380000114440918,🚬菸屁股,HOLD,1
IBM,2026-08-21,380.0,0.03,1019,4,75.7814921875,15,235.9199981689453,🆕低基期(前日Vol1) 🚬菸屁股,HOLD,1
ORCL,2026-09-18,290.0,0.34,3032,4,92.187578125,43,144.38999938964844,🚬菸屁股,HOLD,1
ORCL,2026-09-18,500.0,0.08,6884,4,124.21912890624998,43,144.38999938964844,🚬菸屁股,HOLD,1
ORCL,2027-01-15,420.0,0.99,1031,4,78.12521875,162,144.38999938964844,🚬菸屁股,HOLD,1
ORCL,2027-01-15,470.0,0.88,948,4,81.34784277343749,162,144.38999938964844,🚬菸屁股,HOLD,1
ORCL,2027-01-15,480.0,0.8,1052,4,82.39763696289062,162,144.38999938964844,🚬菸屁股,HOLD,1
GOOGL,2026-08-21,480.0,0.07,3146,4,52.4418818359375,15,362.42999267578125,🚬菸屁股,HOLD,1
GOOGL,2026-09-18,565.0,0.17,3014,4,52.19774365234374,43,362.42999267578125,🚬菸屁股,HOLD,1
META,2026-08-21,795.0,0.2,1011,4,55.469195312500005,15,588.77001953125,🚬菸屁股,HOLD,1
META,2026-12-18,1250.0,0.72,1191,4,52.25877819824218,134,588.77001953125,🚬菸屁股,HOLD,1
META,2026-12-18,1290.0,0.65,8569,4,53.00339965820313,134,588.77001953125,🆕低基期(前日Vol1) 🚬菸屁股,HOLD,1
MS,2026-08-21,260.0,0.09,4058,4,44.28766650390625,15,218.27000427246094,🚬菸屁股,HOLD,1
BAC,2028-01-21,85.0,2.28,2567,4,27.082028015136718,533,63.25,🆕低基期(前日Vol1) 🔭LEAPS,HOLD,1
CRM,2026-08-21,270.0,0.05,1205,4,62.109753906250006,15,192.97999572753906,🚬菸屁股,HOLD,1
CRM,2028-01-21,380.0,10.4,2005,4,50.9495871887207,533,192.97999572753906,🔭LEAPS,HOLD,1
IBIT,2026-08-21,52.0,0.02,9033,3,65.62534375000001,15,36.7400016784668,🚬菸屁股,HOLD,1
IBIT,2026-10-16,47.0,0.26,6320,3,39.795523925781254,71,36.7400016784668,🚬菸屁股,HOLD,1
IBIT,2026-12-18,60.0,0.24,18846,3,47.070841796875,134,36.7400016784668,🚬菸屁股,HOLD,1
IBIT,2028-06-16,45.0,7.99,5109,3,54.19967675781252,680,36.7400016784668,🔭LEAPS,HOLD,1
SMCI,2026-09-18,95.0,0.07,922,3,130.46909765624997,43,30.31999969482422,🚬菸屁股,HOLD,1
SMCI,2026-12-18,110.0,0.27,2643,3,109.96138769531252,134,30.31999969482422,🚬菸屁股,HOLD,1
SMCI,2028-01-21,45.0,10.1,905,3,94.8242705078125,533,30.31999969482422,🔭LEAPS,HOLD,1
OKLO,2026-09-18,90.0,0.28,1065,3,111.5238798828125,43,42.9900016784668,🚬菸屁股,HOLD,1
VST,2026-09-18,250.0,0.01,7150,3,74.804939453125,43,140.5800018310547,🚬菸屁股,HOLD,1
ASTS,2026-09-18,155.0,0.52,1272,3,123.87733374023435,43,68.37999725341797,🚬菸屁股,HOLD,1
IONQ,2028-01-21,75.0,11.59,791,3,100.0859487915039,533,39.93000030517578,🔭LEAPS,HOLD,1
UPST,2027-01-15,135.0,0.1,6710,3,93.7500625,162,30.200000762939453,🚬菸屁股,HOLD,1
SOFI,2026-12-18,29.0,0.47,1246,3,61.62147753906251,134,18.25,🚬菸屁股,HOLD,1
DKNG,2026-12-18,33.0,0.75,1747,3,61.328511718750015,134,21.760000228881836,🆕低基期(前日Vol1) 🚬菸屁股,HOLD,1
DKNG,2026-12-18,40.0,0.3,4904,3,68.7503125,134,21.760000228881836,🆕低基期(前日Vol1) 🚬菸屁股,HOLD,1
DKNG,2027-01-15,70.0,0.05,3802,3,75.00025000000001,162,21.760000228881836,🚬菸屁股,HOLD,1
IREN,2026-09-18,110.0,0.1,2976,3,149.60962695312497,43,38.88999938964844,🚬菸屁股,HOLD,1
IREN,2026-11-20,130.0,0.55,1299,3,112.98871630859378,106,38.88999938964844,🚬菸屁股,HOLD,1
HOOD,2026-10-16,165.0,0.68,1084,3,75.24438818359374,71,92.80000305175781,🚬菸屁股,HOLD,1
HOOD,2028-01-21,280.0,6.77,2891,3,72.4490059814453,533,92.80000305175781,🔭LEAPS,HOLD,1
TDOC,2026-10-16,8.0,0.29,2166,3,62.500375000000005,71,6.929999828338623,🚬菸屁股,HOLD,1
TDOC,2028-01-21,7.0,2.38,1495,3,72.70535107421875,533,6.929999828338623,🔭LEAPS,HOLD,1
CRSP,2026-08-21,65.0,0.2,810,3,63.37927246093751,15,52.45000076293945,🚬菸屁股,HOLD,1
NTLA,2027-01-15,20.0,0.8,5039,3,92.9688203125,162,10.970000267028809,🚬菸屁股,HOLD,1
NTLA,2028-01-21,42.0,1.62,5949,3,100.43995092773437,533,10.970000267028809,🔭LEAPS,HOLD,1
PACB,2028-01-21,1.5,0.69,5584,3,125.39099804687498,533,1.2999999523162842,🔭LEAPS,HOLD,1
HIMS,2028-01-21,45.0,10.8,1220,3,92.32185412597657,533,31.649999618530273,🔭LEAPS,HOLD,1
ONDS,2026-12-18,17.0,0.73,1577,3,116.2113564453125,134,8.869999885559082,🚬菸屁股,HOLD,1
ONDS,2027-01-15,18.0,0.83,1353,3,108.59420703125,162,8.869999885559082,🚬菸屁股,HOLD,1
LUNR,2027-01-15,55.0,0.47,1950,3,125.68396533203124,162,13.989999771118164,🚬菸屁股,HOLD,1
JOBY,2027-01-15,32.0,0.09,1048,3,102.34423828125001,162,7.800000190734863,🚬菸屁股,HOLD,1
JOBY,2028-01-21,17.0,1.55,2493,3,85.4493642578125,533,7.800000190734863,🔭LEAPS,HOLD,1
ACHR,2027-01-15,27.0,0.07,5915,3,110.9379453125,162,5.199999809265137,🚬菸屁股,HOLD,1
ACHR,2028-01-21,1.0,4.37,990,3,107.42233789062503,533,5.199999809265137,🔭LEAPS,HOLD,1
SMR,2026-11-20,17.0,0.64,1461,3,107.51999365234377,106,9.380000114440918,🚬菸屁股,HOLD,1
SMR,2028-01-21,13.0,3.74,3201,3,107.22702636718753,533,9.380000114440918,🔭LEAPS,HOLD,1
SMR,2028-01-21,30.0,2.03,3260,3,109.03365795898439,533,9.380000114440918,🔭LEAPS,HOLD,1
SMR,2028-01-21,35.0,1.78,1016,3,111.328568359375,533,9.380000114440918,🔭LEAPS,HOLD,1
NNE,2026-08-21,25.0,0.15,1385,3,105.46922265625001,15,17.8799991607666,🚬菸屁股,HOLD,1
NNE,2026-10-16,28.0,0.76,877,3,102.44189404296877,71,17.8799991607666,🚬菸屁股,HOLD,1
NNE,2027-01-15,40.0,0.9,2350,3,97.1679970703125,162,17.8799991607666,🚬菸屁股,HOLD,1
VRT,2026-08-21,380.0,0.4,979,3,71.7776259765625,15,277.94000244140625,🚬菸屁股,HOLD,1
VRT,2026-09-18,460.0,0.79,837,3,69.18976123046876,43,277.94000244140625,🚬菸屁股,HOLD,1
CRWV,2026-08-21,160.0,0.04,1641,3,133.20345898437495,15,89.88999938964844,🚬菸屁股,HOLD,1
IBM,2026-09-18,340.0,0.28,1022,3,50.48877636718749,43,235.9199981689453,🚬菸屁股,HOLD,1
IBM,2026-09-18,350.0,0.23,4632,3,50.29346582031251,43,235.9199981689453,🚬菸屁股,HOLD,1
IBM,2026-09-18,360.0,0.33,887,3,51.95360546875,43,235.9199981689453,🚬菸屁股,HOLD,1
IBM,2026-09-18,365.0,0.46,1317,3,57.08050732421876,43,235.9199981689453,🚬菸屁股,HOLD,1
T,2028-01-21,37.0,0.38,902,3,29.199926757812488,533,23.059999465942383,🔭LEAPS,HOLD,1
ORCL,2026-09-18,260.0,0.61,2788,3,86.8165380859375,43,144.38999938964844,🚬菸屁股,HOLD,1
ORCL,2026-09-18,370.0,0.21,900,3,109.08248583984377,43,144.38999938964844,🚬菸屁股,HOLD,1
ORCL,2027-01-15,440.0,0.84,852,3,79.49239257812499,162,144.38999938964844,🚬菸屁股,HOLD,1
GOOGL,2026-08-21,800.0,0.01,6492,3,103.12548437500001,15,362.42999267578125,🚬菸屁股,HOLD,1
GOOGL,2026-10-16,550.0,0.3,1813,3,44.6294599609375,71,362.42999267578125,🚬菸屁股,HOLD,1
META,2026-08-21,770.0,0.22,3189,3,52.83250292968751,15,588.77001953125,🚬菸屁股,HOLD,1
META,2026-08-21,820.0,0.11,1848,3,59.08244042968751,15,588.77001953125,🚬菸屁股,HOLD,1
META,2026-08-21,1400.0,0.02,1511,3,120.3128984375,15,588.77001953125,🚬菸屁股,HOLD,1
META,2026-09-18,1010.0,0.22,3226,3,57.812921875,43,588.77001953125,🚬菸屁股,HOLD,1
META,2027-01-15,1300.0,0.9,1524,3,51.001466552734385,162,588.77001953125,🚬菸屁股,HOLD,1
F,2026-09-18,21.0,0.03,10526,3,58.20354296875,43,14.130000114440918,🚬菸屁股,HOLD,1
F,2026-12-18,14.85,0.98,14497,3,38.03772900390625,134,14.130000114440918,🚬菸屁股,HOLD,1
F,2026-12-18,17.0,0.42,2131,3,37.89124609375,134,14.130000114440918,🚬菸屁股,HOLD,1
DIS,2027-01-15,145.0,0.4,1974,3,30.933307861328124,162,101.76000213623047,🚬菸屁股,HOLD,1
BAC,2028-01-21,62.5,9.38,1317,3,30.51827294921875,533,63.25,🔭LEAPS,HOLD,1
CRM,2028-01-21,390.0,9.4,3784,3,50.824466369628915,533,192.97999572753906,🔭LEAPS,HOLD,1
AVGO,2026-08-21,650.0,0.07,1151,3,71.48466015625,15,418.2799987792969,🚬菸屁股,HOLD,1
SOUN,2026-10-16,19.0,0.05,1067,3,123.43788281249999,71,6.429999828338623,🚬菸屁股,HOLD,1
SOUN,2027-01-15,35.0,0.09,3133,3,121.875390625,162,6.429999828338623,🚬菸屁股,HOLD,1
TSLA,2026-09-18,750.0,0.13,6006,2,87.40246972656249,43,321.54998779296875,🚬菸屁股,HOLD,1
TSLA,2026-09-18,940.0,0.07,10391,2,101.95361523437501,43,321.54998779296875,🚬菸屁股,HOLD,1
TSLA,2028-01-21,800.0,13.95,7453,2,56.259592681884776,533,321.54998779296875,🔭LEAPS,HOLD,1
NVDA,2026-08-21,400.0,0.01,12006,2,82.81267187499999,15,219.22000122070312,🚬菸屁股,HOLD,1
MSTR,2027-01-15,500.0,0.37,7470,2,100.73291821289061,162,98.37000274658203,🚬菸屁股,HOLD,1
IBIT,2027-01-15,80.0,0.12,23568,2,54.394987304687504,162,36.7400016784668,🚬菸屁股,HOLD,1
INTC,2028-01-21,65.0,55.0,7339,2,87.15833154296875,533,101.05999755859375,🔭LEAPS,HOLD,1
SMCI,2026-08-21,46.0,0.33,1217,2,113.28168359375002,15,30.31999969482422,🚬菸屁股,HOLD,1
SMCI,2026-12-18,75.0,0.95,1701,2,101.70947583007815,134,30.31999969482422,🚬菸屁股,HOLD,1
SMCI,2026-12-18,96.0,0.3,991,2,105.95750146484377,134,30.31999969482422,🚬菸屁股,HOLD,1
SMCI,2027-01-15,85.0,0.91,3241,2,98.63282617187501,162,30.31999969482422,🚬菸屁股,HOLD,1
SMCI,2027-01-15,100.0,0.6,4823,2,100.68409033203123,162,30.31999969482422,🚬菸屁股,HOLD,1
SMCI,2028-01-21,55.0,8.8,857,2,91.7115086669922,533,30.31999969482422,🔭LEAPS,HOLD,1
OKLO,2026-09-18,155.0,0.11,788,2,147.65651171875,43,42.9900016784668,🚬菸屁股,HOLD,1
OKLO,2026-11-20,165.0,0.3,1139,2,118.26212744140622,106,42.9900016784668,🚬菸屁股,HOLD,1
OKLO,2027-01-15,195.0,0.59,1253,2,111.76801928710938,162,42.9900016784668,🚬菸屁股,HOLD,1
OKLO,2027-01-15,220.0,0.4,1257,2,120.60586572265623,162,42.9900016784668,🚬菸屁股,HOLD,1
OKLO,2028-01-21,100.0,10.0,3949,2,98.37037762451173,533,42.9900016784668,🔭LEAPS,HOLD,1
VST,2026-12-18,280.0,0.97,889,2,63.03747900390625,134,140.5800018310547,🚬菸屁股,HOLD,1
RKLB,2026-08-21,160.0,0.02,1895,2,127.34411328124997,15,74.81999969482422,🚬菸屁股,HOLD,1
RKLB,2026-09-18,190.0,0.01,933,2,131.25034374999998,43,74.81999969482422,🚬菸屁股,HOLD,1
ASTS,2026-09-18,145.0,0.65,1175,2,118.60392260742185,43,68.37999725341797,🚬菸屁股,HOLD,1
ASTS,2026-09-18,170.0,0.46,1371,2,129.49254003906248,43,68.37999725341797,🚬菸屁股,HOLD,1
IONQ,2026-10-16,80.0,0.88,1491,2,108.15475610351561,71,39.93000030517578,🚬菸屁股,HOLD,1
IONQ,2026-10-16,85.0,0.77,2604,2,110.44966650390626,71,39.93000030517578,🚬菸屁股,HOLD,1
IONQ,2028-01-21,85.0,10.64,1010,2,101.61182006835938,533,39.93000030517578,🔭LEAPS,HOLD,1
IONQ,2028-01-21,90.0,9.98,2039,2,98.75489526367188,533,39.93000030517578,🔭LEAPS,HOLD,1
UPST,2026-09-18,52.5,0.3,1339,2,117.48088134765624,43,30.200000762939453,🚬菸屁股,HOLD,1
UPST,2027-01-15,75.0,0.62,2739,2,80.7619111328125,162,30.200000762939453,🚬菸屁股,HOLD,1
UPST,2028-01-21,80.0,3.7,1087,2,80.33466931152343,533,30.200000762939453,🔭LEAPS,HOLD,1
UPST,2028-01-21,105.0,3.02,941,2,81.78729150390623,533,30.200000762939453,🔭LEAPS,HOLD,1
SOFI,2026-09-18,37.0,0.02,7628,2,81.2501875,43,18.25,🚬菸屁股,HOLD,1
SOFI,2026-11-20,36.0,0.14,955,2,66.21127539062502,106,18.25,🚬菸屁股,HOLD,1
SOFI,2026-12-18,31.0,0.3,779,2,63.574583007812514,134,18.25,🚬菸屁股,HOLD,1
SOFI,2028-01-21,42.0,1.81,9250,2,66.5286550292969,533,18.25,🔭LEAPS,HOLD,1
DKNG,2026-08-21,28.5,0.28,828,2,75.97680273437501,15,21.760000228881836,🚬菸屁股,HOLD,1
DKNG,2026-09-18,42.5,0.01,756,2,91.4063359375,43,21.760000228881836,🚬菸屁股,HOLD,1
DKNG,2026-09-18,50.0,0.11,3134,2,110.15669921875002,43,21.760000228881836,🚬菸屁股,HOLD,1
DKNG,2027-01-15,55.0,0.13,6880,2,70.50810742187501,162,21.760000228881836,🚬菸屁股,HOLD,1
IREN,2026-09-18,95.0,0.19,1176,2,124.21912890624998,43,38.88999938964844,🚬菸屁股,HOLD,1
IREN,2028-01-21,95.0,9.88,1103,2,103.69921197509768,533,38.88999938964844,🔭LEAPS,HOLD,1
PATH,2026-08-21,21.0,0.03,976,2,99.2187578125,15,13.819999694824219,🚬菸屁股,HOLD,1
PATH,2027-01-15,22.0,0.93,7617,2,80.27363476562499,162,13.819999694824219,🚬菸屁股,HOLD,1
HOOD,2026-08-21,160.0,0.25,9593,2,91.4063359375,15,92.80000305175781,🚬菸屁股,HOLD,1
HOOD,2026-08-21,170.0,0.01,956,2,102.34423828125001,15,92.80000305175781,🚬菸屁股,HOLD,1
HOOD,2026-12-18,280.0,0.31,1145,2,87.35364208984375,134,92.80000305175781,🚬菸屁股,HOLD,1
HOOD,2028-01-21,220.0,10.5,952,2,71.19169433593751,533,92.80000305175781,🔭LEAPS,HOLD,1
TDOC,2026-10-16,10.0,0.15,2667,2,67.38313867187502,71,6.929999828338623,🚬菸屁股,HOLD,1
TDOC,2026-10-16,11.0,0.09,1227,2,73.04714453125,71,6.929999828338623,🚬菸屁股,HOLD,1
CRSP,2026-09-18,75.0,0.35,1019,2,64.69761865234375,43,52.45000076293945,🚬菸屁股,HOLD,1
NTLA,2026-08-21,16.0,0.05,1016,2,123.82850585937497,15,10.970000267028809,🚬菸屁股,HOLD,1
BEAM,2028-01-21,35.0,7.06,949,2,76.51390673828125,533,27.06999969482422,🔭LEAPS,HOLD,1
BEAM,2028-01-21,40.0,5.5,2841,2,78.73556420898437,533,27.06999969482422,🔭LEAPS,HOLD,1
HIMS,2026-08-21,46.0,0.32,1564,2,107.03171484375002,15,31.649999618530273,🚬菸屁股,HOLD,1
HIMS,2026-12-18,100.0,0.55,3269,2,104.59032080078129,134,31.649999618530273,🚬菸屁股,HOLD,1
HIMS,2027-01-15,85.0,0.95,2619,2,96.63089306640626,162,31.649999618530273,🚬菸屁股,HOLD,1
HIMS,2027-01-15,105.0,0.6,12485,2,98.1445498046875,162,31.649999618530273,🚬菸屁股,HOLD,1
HIMS,2028-01-21,95.0,5.2,2839,2,94.60454614257812,533,31.649999618530273,🔭LEAPS,HOLD,1
ONDS,2026-09-18,21.0,0.08,2370,2,134.37532812499998,43,8.869999885559082,🚬菸屁股,HOLD,1
ONDS,2026-09-18,22.0,0.07,4720,2,135.15657421875,43,8.869999885559082,🚬菸屁股,HOLD,1
ONDS,2028-01-21,27.0,1.8,11390,2,103.22314013671878,533,8.869999885559082,🔭LEAPS,HOLD,1
LUNR,2026-12-18,32.0,0.95,996,2,120.21524267578125,134,13.989999771118164,🚬菸屁股,HOLD,1
JOBY,2026-08-21,15.0,0.01,6773,2,142.1877890625,15,7.800000190734863,🚬菸屁股,HOLD,1
ACHR,2026-08-21,9.0,0.02,1515,2,118.75040625,15,5.199999809265137,🚬菸屁股,HOLD,1
NNE,2026-08-21,20.0,0.9,948,2,103.12548437500001,15,17.8799991607666,🚬菸屁股,HOLD,1
NNE,2027-01-15,42.0,0.9,850,2,99.16993017578125,162,17.8799991607666,🚬菸屁股,HOLD,1
IBM,2026-09-18,470.0,0.03,2466,2,67.18782812500001,43,235.9199981689453,🚬菸屁股,HOLD,1
IBM,2026-10-16,400.0,0.25,755,2,54.883263671875014,71,235.9199981689453,🚬菸屁股,HOLD,1
IBM,2026-12-18,470.0,0.5,1245,2,52.14891601562499,134,235.9199981689453,🚬菸屁股,HOLD,1
IBM,2028-01-21,490.0,8.7,1302,2,47.20816952514648,533,235.9199981689453,🔭LEAPS,HOLD,1
ORCL,2026-08-21,240.0,0.08,4336,2,92.57819921875,15,144.38999938964844,🚬菸屁股,HOLD,1
ORCL,2026-08-21,320.0,0.04,1229,2,129.6878515625,15,144.38999938964844,🚬菸屁股,HOLD,1
ORCL,2026-09-18,510.0,0.07,6942,2,125.9769326171875,43,144.38999938964844,🚬菸屁股,HOLD,1
ORCL,2026-12-18,400.0,0.85,1132,2,81.71405004882811,134,144.38999938964844,🚬菸屁股,HOLD,1
ORCL,2028-01-21,450.0,8.72,919,2,70.68510760498047,533,144.38999938964844,🔭LEAPS,HOLD,1
GOOGL,2026-08-21,600.0,0.02,7210,2,83.59391406249999,15,362.42999267578125,🚬菸屁股,HOLD,1
GOOGL,2026-11-20,800.0,0.07,5308,2,53.906710937500016,106,362.42999267578125,🚬菸屁股,HOLD,1
META,2026-08-21,790.0,0.14,2020,2,55.02974658203126,15,588.77001953125,🚬菸屁股,HOLD,1
META,2026-08-21,1330.0,0.01,1053,2,103.12548437500001,15,588.77001953125,🚬菸屁股,HOLD,1
META,2026-09-18,990.0,0.16,1080,2,54.78560839843751,43,588.77001953125,🚬菸屁股,HOLD,1
META,2026-11-20,1100.0,0.98,1146,2,51.294432373046874,106,588.77001953125,🚬菸屁股,HOLD,1
META,2026-11-20,1200.0,0.48,1369,2,53.73581420898439,106,588.77001953125,🚬菸屁股,HOLD,1
META,2026-12-18,1400.0,0.54,2537,2,54.810022216796895,134,588.77001953125,🚬菸屁股,HOLD,1
MS,2026-09-18,270.0,0.45,1196,2,34.10710424804687,43,218.27000427246094,🚬菸屁股,HOLD,1
F,2026-08-21,20.0,0.01,7943,2,65.62534375000001,15,14.130000114440918,🚬菸屁股,HOLD,1
F,2026-08-21,22.0,0.02,772,2,92.187578125,15,14.130000114440918,🚬菸屁股,HOLD,1
F,2026-09-18,23.0,0.04,2846,2,67.18782812500001,43,14.130000114440918,🚬菸屁股,HOLD,1
F,2026-12-18,19.85,0.2,6632,2,42.383388671875,134,14.130000114440918,🚬菸屁股,HOLD,1
F,2028-01-21,30.0,0.36,2498,2,46.3872548828125,533,14.130000114440918,🔭LEAPS,HOLD,1
BAC,2028-01-21,65.0,8.25,5344,2,29.85299639892578,533,63.25,🔭LEAPS,HOLD,1
BAC,2028-01-21,75.0,4.5,1805,2,28.10740838623046,533,63.25,🔭LEAPS,HOLD,1
CRM,2026-08-21,280.0,0.11,995,2,64.8441015625,15,192.97999572753906,🚬菸屁股,HOLD,1
CRM,2027-01-15,430.0,0.44,1004,2,54.00436621093752,162,192.97999572753906,🚬菸屁股,HOLD,1
TGT,2027-01-15,220.0,0.85,1126,2,37.68372863769531,162,147.6999969482422,🚬菸屁股,HOLD,1
AVGO,2026-08-21,590.0,0.12,1557,2,60.547269531250016,15,418.2799987792969,🚬菸屁股,HOLD,1
AVGO,2026-09-18,680.0,0.38,810,2,60.15664843750002,43,418.2799987792969,🚬菸屁股,HOLD,1
SOUN,2026-08-21,11.0,0.05,2553,2,144.53152734375,15,6.429999828338623,🚬菸屁股,HOLD,1
TSLA,2026-09-18,980.0,0.07,6761,1,104.10204199218754,43,321.54998779296875,🚬菸屁股,HOLD,1
TSLA,2026-11-20,700.0,0.97,17655,1,66.72396557617189,106,321.54998779296875,🚬菸屁股,HOLD,1
NVDA,2028-01-21,290.0,28.3,5570,1,45.86540951538086,533,219.22000122070312,🔭LEAPS,HOLD,1
NVDA,2028-01-21,370.0,14.25,5295,1,44.92852923583984,533,219.22000122070312,🔭LEAPS,HOLD,1
MSFT,2026-09-18,800.0,0.02,10293,1,44.5318046875,43,487.4599914550781,🚬菸屁股,HOLD,1
IBIT,2026-09-18,51.0,0.06,8319,1,47.852083984375,43,36.7400016784668,🚬菸屁股,HOLD,1
IBIT,2026-12-18,47.0,0.84,7055,1,40.698835205078126,134,36.7400016784668,🚬菸屁股,HOLD,1
IBIT,2028-06-16,40.0,9.53,6051,1,55.212850219726576,680,36.7400016784668,🔭LEAPS,HOLD,1
IBIT,2028-06-16,65.0,4.05,6507,1,52.93015820312501,680,36.7400016784668,🔭LEAPS,HOLD,1
INTC,2026-08-21,175.0,0.11,5839,1,96.0937890625,15,101.05999755859375,🚬菸屁股,HOLD,1
INTC,2028-01-21,60.0,57.0,10475,1,85.0587431640625,533,101.05999755859375,🔭LEAPS,HOLD,1
SMCI,2026-08-21,48.0,0.32,1484,1,129.297228515625,15,30.31999969482422,🚬菸屁股,HOLD,1
SMCI,2026-09-18,105.0,0.04,8703,1,136.71906640625,43,30.31999969482422,🚬菸屁股,HOLD,1
SMCI,2026-11-20,75.0,0.6,1359,1,104.29735351562503,106,30.31999969482422,🚬菸屁股,HOLD,1
SMCI,2028-01-21,38.0,11.8,938,1,95.23930541992188,533,30.31999969482422,🔭LEAPS,HOLD,1
OKLO,2026-08-21,85.0,0.14,1367,1,139.84405078125,15,42.9900016784668,🚬菸屁股,HOLD,1
OKLO,2026-09-18,130.0,0.08,1122,1,123.82850585937497,43,42.9900016784668,🚬菸屁股,HOLD,1
OKLO,2026-10-16,90.0,0.85,1541,1,106.44578027343752,71,42.9900016784668,🚬菸屁股,HOLD,1
OKLO,2026-10-16,100.0,0.54,2536,1,108.88717431640625,71,42.9900016784668,🚬菸屁股,HOLD,1
OKLO,2026-10-16,150.0,0.12,951,1,120.89883300781248,71,42.9900016784668,🚬菸屁股,HOLD,1
OKLO,2026-12-18,125.0,0.99,2314,1,111.328568359375,134,42.9900016784668,🚬菸屁股,HOLD,1
OKLO,2027-01-15,200.0,0.56,3881,1,114.30706909179689,162,42.9900016784668,🚬菸屁股,HOLD,1
OKLO,2027-01-15,250.0,0.35,1366,1,120.6546936035156,162,42.9900016784668,🚬菸屁股,HOLD,1
OKLO,2027-01-15,260.0,0.37,5364,1,120.89883300781248,162,42.9900016784668,🚬菸屁股,HOLD,1
OKLO,2028-01-21,120.0,7.6,900,1,99.96337927246093,533,42.9900016784668,🔭LEAPS,HOLD,1
OKLO,2028-01-21,150.0,7.27,1463,1,101.4287155151367,533,42.9900016784668,🔭LEAPS,HOLD,1
OKLO,2028-01-21,155.0,6.05,2088,1,101.29443884277345,533,42.9900016784668,🔭LEAPS,HOLD,1
OKLO,2028-01-21,250.0,4.75,5562,1,106.03074328613285,533,42.9900016784668,🔭LEAPS,HOLD,1
VST,2026-08-21,240.0,0.1,1472,1,121.97304638671875,15,140.5800018310547,🚬菸屁股,HOLD,1
VST,2026-08-21,250.0,0.25,887,1,124.60975195312498,15,140.5800018310547,🚬菸屁股,HOLD,1
VST,2026-09-18,195.0,0.8,1384,1,59.91251025390626,43,140.5800018310547,🚬菸屁股,HOLD,1
VST,2026-09-18,215.0,0.5,9120,1,62.9886513671875,43,140.5800018310547,🚬菸屁股,HOLD,1
VST,2026-09-18,240.0,0.27,1337,1,77.148666015625,43,140.5800018310547,🚬菸屁股,HOLD,1
RKLB,2026-08-21,145.0,0.08,1039,1,122.65663671875001,15,74.81999969482422,🚬菸屁股,HOLD,1
RKLB,2026-08-21,155.0,0.04,1825,1,146.09401953124998,15,74.81999969482422,🚬菸屁股,HOLD,1
RKLB,2026-08-21,210.0,0.01,1124,1,143.75028125,15,74.81999969482422,🚬菸屁股,HOLD,1
RKLB,2026-10-16,195.0,0.42,1023,1,107.27585424804688,71,74.81999969482422,🚬菸屁股,HOLD,1
ASTS,2026-09-18,190.0,0.31,1388,1,136.1331318359375,43,68.37999725341797,🚬菸屁股,HOLD,1
ASTS,2026-10-16,180.0,0.77,1059,1,118.35978320312499,71,68.37999725341797,🚬菸屁股,HOLD,1
IONQ,2026-09-18,85.0,0.35,1363,1,123.53553857421873,43,39.93000030517578,🚬菸屁股,HOLD,1
IONQ,2026-11-20,120.0,0.7,2371,1,114.64886425781249,106,39.93000030517578,🚬菸屁股,HOLD,1
IONQ,2026-11-20,140.0,0.2,1591,1,134.1311887207031,106,39.93000030517578,🚬菸屁股,HOLD,1
IONQ,2026-12-18,140.0,0.75,778,1,115.0394873046875,134,39.93000030517578,🚬菸屁股,HOLD,1
IONQ,2028-01-21,80.0,11.11,1755,1,97.09475561523438,533,39.93000030517578,🔭LEAPS,HOLD,1
IONQ,2028-01-21,100.0,8.9,958,1,101.02588549804685,533,39.93000030517578,🔭LEAPS,HOLD,1
UPST,2027-01-15,125.0,0.19,1774,1,106.73874755859379,162,30.200000762939453,🚬菸屁股,HOLD,1
UPST,2028-01-21,47.5,7.4,760,1,82.05584350585937,533,30.200000762939453,🔭LEAPS,HOLD,1
SOFI,2028-06-16,32.0,3.75,12389,1,66.96810375976563,680,18.25,🔭LEAPS,HOLD,1
DKNG,2026-08-21,37.5,0.1,6458,1,121.09414453124998,15,21.760000228881836,🚬菸屁股,HOLD,1
DKNG,2026-09-18,45.0,0.01,6261,1,95.312546875,43,21.760000228881836,🚬菸屁股,HOLD,1
DKNG,2026-09-18,55.0,0.01,2593,1,121.09414453124998,43,21.760000228881836,🚬菸屁股,HOLD,1
DKNG,2026-09-18,60.0,0.01,2660,1,141.797166015625,43,21.760000228881836,🚬菸屁股,HOLD,1
DKNG,2026-12-18,50.0,0.24,1407,1,69.5315546875,134,21.760000228881836,🚬菸屁股,HOLD,1
DKNG,2026-12-18,60.0,0.06,1035,1,75.00025000000001,134,21.760000228881836,🚬菸屁股,HOLD,1
DKNG,2027-01-15,42.0,0.48,1585,1,64.9417568359375,162,21.760000228881836,🚬菸屁股,HOLD,1
DKNG,2027-01-15,80.0,0.02,1007,1,77.3439765625,162,21.760000228881836,🚬菸屁股,HOLD,1
DKNG,2028-01-21,42.5,2.0,1686,1,61.23085644531252,533,21.760000228881836,🔭LEAPS,HOLD,1
IREN,2026-09-18,105.0,0.16,1452,1,135.15657421875,43,38.88999938964844,🚬菸屁股,HOLD,1
IREN,2026-09-18,120.0,0.09,859,1,149.60962695312497,43,38.88999938964844,🚬菸屁股,HOLD,1
IREN,2026-10-16,90.0,0.8,1962,1,116.79729101562502,71,38.88999938964844,🚬菸屁股,HOLD,1
IREN,2026-10-16,100.0,0.62,6569,1,121.97304638671875,71,38.88999938964844,🚬菸屁股,HOLD,1
IREN,2026-10-16,105.0,0.55,854,1,119.82461962890625,71,38.88999938964844,🚬菸屁股,HOLD,1
IREN,2028-01-21,90.0,10.9,9534,1,105.85984570312502,533,38.88999938964844,🔭LEAPS,HOLD,1
PATH,2026-09-18,25.0,0.1,1051,1,97.26565234374999,43,13.819999694824219,🚬菸屁股,HOLD,1
ROKU,2026-12-18,175.0,0.5,1247,1,30.939411315917965,134,146.9600067138672,🚬菸屁股,HOLD,1
HOOD,2026-08-21,185.0,0.01,6102,1,98.437515625,15,92.80000305175781,🚬菸屁股,HOLD,1
HOOD,2026-09-18,200.0,0.19,9169,1,95.89847851562499,43,92.80000305175781,🚬菸屁股,HOLD,1
HOOD,2028-01-21,240.0,8.5,1430,1,72.52224743652343,533,92.80000305175781,🔭LEAPS,HOLD,1
TDOC,2027-01-15,11.0,0.39,2637,1,72.46121289062499,162,6.929999828338623,🚬菸屁股,HOLD,1
TDOC,2027-01-15,25.0,0.13,2908,1,102.73486132812502,162,6.929999828338623,🚬菸屁股,HOLD,1
TDOC,2028-01-21,3.0,4.26,2342,1,80.27363476562499,533,6.929999828338623,🔭LEAPS,HOLD,1
ZM,2026-08-21,140.0,0.09,1744,1,63.867548828124995,15,100.63999938964844,🚬菸屁股,HOLD,1
ZM,2026-09-18,150.0,0.25,1632,1,64.79527392578125,43,100.63999938964844,🚬菸屁股,HOLD,1
XYZ,2026-12-18,145.0,0.71,1396,1,51.73388110351562,134,84.19999694824219,🚬菸屁股,HOLD,1
XYZ,2027-01-15,145.0,0.98,23287,1,50.70850073242188,162,84.19999694824219,🚬菸屁股,HOLD,1
OPEN,2026-09-18,11.0,0.02,1170,1,139.06280468749998,43,3.759999990463257,🚬菸屁股,HOLD,1
OPEN,2026-10-16,9.0,0.05,1602,1,143.75028125,71,3.759999990463257,🚬菸屁股,HOLD,1
NTLA,2027-01-15,30.0,0.25,1057,1,115.0394873046875,162,10.970000267028809,🚬菸屁股,HOLD,1
NTLA,2028-01-21,20.0,3.7,1484,1,109.47310888671878,533,10.970000267028809,🔭LEAPS,HOLD,1
BEAM,2028-01-21,50.0,4.5,1964,1,81.2501875,533,27.06999969482422,🔭LEAPS,HOLD,1
PACB,2027-01-15,1.0,0.6,2664,1,110.15669921875002,162,1.2999999523162842,🚬菸屁股,HOLD,1
HIMS,2026-12-18,95.0,0.65,837,1,107.42233789062503,134,31.649999618530273,🚬菸屁股,HOLD,1
HIMS,2027-01-15,90.0,0.94,5047,1,96.0937890625,162,31.649999618530273,🚬菸屁股,HOLD,1
HIMS,2028-01-21,65.0,7.0,922,1,93.90875231933593,533,31.649999618530273,🔭LEAPS,HOLD,1
HIMS,2028-01-21,80.0,5.84,1106,1,96.03275451660156,533,31.649999618530273,🔭LEAPS,HOLD,1
KTOS,2028-01-21,160.0,3.9,857,1,76.82518292236328,533,55.34000015258789,🔭LEAPS,HOLD,1
ONDS,2026-09-18,25.0,0.08,11376,1,139.84405078125,43,8.869999885559082,🚬菸屁股,HOLD,1
ONDS,2026-09-18,27.0,0.05,945,1,145.3127734375,43,8.869999885559082,🚬菸屁股,HOLD,1
ONDS,2027-01-15,19.0,0.61,975,1,112.30512597656251,162,8.869999885559082,🚬菸屁股,HOLD,1
LUNR,2026-09-18,28.0,0.21,1320,1,135.35188574218748,43,13.989999771118164,🚬菸屁股,HOLD,1
LUNR,2026-09-18,37.0,0.07,1289,1,142.578412109375,43,13.989999771118164,🚬菸屁股,HOLD,1
LUNR,2026-09-18,42.0,0.07,4427,1,137.50031249999998,43,13.989999771118164,🚬菸屁股,HOLD,1
LUNR,2028-01-21,35.0,4.15,762,1,115.234798828125,533,13.989999771118164,🔭LEAPS,HOLD,1
JOBY,2026-08-21,14.0,0.02,2814,1,118.75040625,15,7.800000190734863,🚬菸屁股,HOLD,1
JOBY,2026-10-16,20.0,0.01,865,1,100.0005,71,7.800000190734863,🚬菸屁股,HOLD,1
JOBY,2026-11-20,20.0,0.1,1369,1,98.04689453125,106,7.800000190734863,🚬菸屁股,HOLD,1
JOBY,2027-01-15,17.0,0.32,6007,1,89.84385156249999,162,7.800000190734863,🚬菸屁股,HOLD,1
JOBY,2028-01-21,25.0,1.01,3536,1,97.11916943359374,533,7.800000190734863,🔭LEAPS,HOLD,1
ACHR,2026-10-16,13.0,0.03,3589,1,135.93782031249998,71,5.199999809265137,🚬菸屁股,HOLD,1
ACHR,2027-01-15,11.0,0.25,1941,1,95.11723632812499,162,5.199999809265137,🚬菸屁股,HOLD,1
SMR,2026-11-20,25.0,0.24,2763,1,115.234798828125,106,9.380000114440918,🚬菸屁股,HOLD,1
SMR,2027-01-15,45.0,0.2,1487,1,118.55509472656249,162,9.380000114440918,🚬菸屁股,HOLD,1
SMR,2027-01-15,50.0,0.14,4751,1,123.63319433593749,162,9.380000114440918,🚬菸屁股,HOLD,1
SMR,2027-01-15,55.0,0.13,3425,1,125.5863095703125,162,9.380000114440918,🚬菸屁股,HOLD,1
SMR,2027-01-15,60.0,0.12,874,1,130.07847460937495,162,9.380000114440918,🚬菸屁股,HOLD,1
SMR,2027-01-15,65.0,0.09,845,1,131.64096679687498,162,9.380000114440918,🚬菸屁股,HOLD,1
SMR,2027-01-15,80.0,0.07,9976,1,136.71906640625,162,9.380000114440918,🚬菸屁股,HOLD,1
SMR,2028-01-21,3.0,7.17,1622,1,118.45743896484376,533,9.380000114440918,🔭LEAPS,HOLD,1
SMR,2028-01-21,80.0,0.81,807,1,113.96527392578126,533,9.380000114440918,🔭LEAPS,HOLD,1
NNE,2027-01-15,45.0,0.75,1480,1,97.94923925781251,162,17.8799991607666,🚬菸屁股,HOLD,1
NNE,2027-01-15,60.0,0.35,1721,1,101.7583037109375,162,17.8799991607666,🚬菸屁股,HOLD,1
NNE,2027-01-15,65.0,0.35,1270,1,104.98094384765626,162,17.8799991607666,🚬菸屁股,HOLD,1
CRWV,2026-08-21,180.0,0.07,797,1,133.20345898437495,15,89.88999938964844,🚬菸屁股,HOLD,1
CRWV,2028-01-21,195.0,9.54,3446,1,90.71054211425779,533,89.88999938964844,🔭LEAPS,HOLD,1
IBM,2026-08-21,360.0,0.04,1292,1,67.96907031250001,15,235.9199981689453,🚬菸屁股,HOLD,1
IBM,2026-08-21,450.0,0.06,905,1,116.40666796875001,15,235.9199981689453,🚬菸屁股,HOLD,1
IBM,2026-09-18,370.0,0.22,942,1,53.4184345703125,43,235.9199981689453,🚬菸屁股,HOLD,1
IBM,2026-12-18,490.0,0.38,882,1,51.514156738281244,134,235.9199981689453,🚬菸屁股,HOLD,1
IBM,2027-01-15,450.0,0.8,1508,1,50.04932763671876,162,235.9199981689453,🚬菸屁股,HOLD,1
IBM,2027-01-15,470.0,0.59,1262,1,51.70946728515625,162,235.9199981689453,🚬菸屁股,HOLD,1
IBM,2028-01-21,460.0,7.1,1164,1,47.246316116333006,533,235.9199981689453,🔭LEAPS,HOLD,1
T,2026-08-21,27.0,0.01,5691,1,42.57869921875,15,23.059999465942383,🚬菸屁股,HOLD,1
T,2026-08-21,28.0,0.01,6217,1,50.0005,15,23.059999465942383,🚬菸屁股,HOLD,1
T,2026-08-21,29.0,0.02,813,1,46.87553125,15,23.059999465942383,🚬菸屁股,HOLD,1
T,2026-08-21,30.0,0.01,854,1,52.3442265625,15,23.059999465942383,🚬菸屁股,HOLD,1
T,2026-08-21,35.0,0.01,1226,1,71.87528125,15,23.059999465942383,🚬菸屁股,HOLD,1
T,2026-09-18,29.0,0.02,6605,1,31.641308593749994,43,23.059999465942383,🚬菸屁股,HOLD,1
T,2026-12-18,32.0,0.07,2819,1,40.18614501953125,134,23.059999465942383,🚬菸屁股,HOLD,1
T,2026-12-18,35.0,0.04,1663,1,36.914693359375,134,23.059999465942383,🚬菸屁股,HOLD,1
ORCL,2026-08-21,290.0,0.05,1933,1,118.35978320312499,15,144.38999938964844,🚬菸屁股,HOLD,1
ORCL,2026-08-21,330.0,0.05,1585,1,128.90660546875,15,144.38999938964844,🚬菸屁股,HOLD,1
ORCL,2026-08-21,360.0,0.14,1089,1,144.53152734375,15,144.38999938964844,🚬菸屁股,HOLD,1
ORCL,2026-12-18,380.0,0.99,877,1,79.9806689453125,134,144.38999938964844,🚬菸屁股,HOLD,1
ORCL,2027-01-15,450.0,0.95,926,1,80.02949658203124,162,144.38999938964844,🚬菸屁股,HOLD,1
ORCL,2028-01-21,430.0,7.5,1662,1,69.46441668701173,533,144.38999938964844,🔭LEAPS,HOLD,1
GOOGL,2026-09-18,495.0,0.33,1126,1,44.5318046875,43,362.42999267578125,🚬菸屁股,HOLD,1
GOOGL,2026-10-16,530.0,0.64,5837,1,43.70173486328125,71,362.42999267578125,🚬菸屁股,HOLD,1
GOOGL,2026-12-18,600.0,0.78,805,1,42.920492675781254,134,362.42999267578125,🚬菸屁股,HOLD,1
GOOGL,2027-01-15,650.0,0.74,4039,1,42.65194067382813,162,362.42999267578125,🚬菸屁股,HOLD,1
GOOGL,2028-01-21,700.0,10.0,2462,1,41.957672714233404,533,362.42999267578125,🔭LEAPS,HOLD,1
GOOGL,2028-01-21,720.0,10.53,1463,1,42.62294926452637,533,362.42999267578125,🔭LEAPS,HOLD,1
META,2026-08-21,745.0,0.44,973,1,50.146982910156254,15,588.77001953125,🚬菸屁股,HOLD,1
META,2026-08-21,1150.0,0.01,1261,1,93.7500625,15,588.77001953125,🚬菸屁股,HOLD,1
META,2026-08-21,1440.0,0.01,1278,1,115.625421875,15,588.77001953125,🚬菸屁股,HOLD,1
META,2026-08-21,1450.0,0.06,1223,1,124.21912890624998,15,588.77001953125,🚬菸屁股,HOLD,1
META,2026-08-21,1470.0,0.01,1314,1,127.73473632812498,15,588.77001953125,🚬菸屁股,HOLD,1
META,2026-09-18,810.0,0.78,854,1,45.703667968750004,43,588.77001953125,🚬菸屁股,HOLD,1
META,2026-11-20,1480.0,0.19,2504,1,59.08244042968751,106,588.77001953125,🚬菸屁股,HOLD,1
META,2026-12-18,1480.0,0.4,1373,1,56.201609863281256,134,588.77001953125,🚬菸屁股,HOLD,1
F,2026-08-21,16.5,0.02,1651,1,40.62559375,15,14.130000114440918,🚬菸屁股,HOLD,1
F,2026-08-21,19.0,0.01,3504,1,56.250437500000004,15,14.130000114440918,🚬菸屁股,HOLD,1
F,2026-09-18,19.0,0.03,5400,1,49.219257812500004,43,14.130000114440918,🚬菸屁股,HOLD,1
F,2026-09-18,20.0,0.02,13215,1,50.7817421875,43,14.130000114440918,🚬菸屁股,HOLD,1
F,2026-09-18,22.0,0.02,5040,1,56.250437500000004,43,14.130000114440918,🚬菸屁股,HOLD,1
F,2026-10-16,18.0,0.11,2300,1,38.67248828125,71,14.130000114440918,🚬菸屁股,HOLD,1
F,2026-12-18,19.67,0.21,14421,1,42.188078125,134,14.130000114440918,🚬菸屁股,HOLD,1
F,2026-12-18,21.67,0.17,7820,1,43.164630859375,134,14.130000114440918,🚬菸屁股,HOLD,1
F,2027-01-15,22.0,0.27,1543,1,43.945873046875,162,14.130000114440918,🚬菸屁股,HOLD,1
F,2028-01-21,10.0,4.9,2869,1,45.16656396484375,533,14.130000114440918,🔭LEAPS,HOLD,1
F,2028-01-21,12.0,3.65,8995,1,39.942006835937505,533,14.130000114440918,🔭LEAPS,HOLD,1
DIS,2026-08-21,130.0,0.05,1777,1,58.20354296875,15,101.76000213623047,🚬菸屁股,HOLD,1
DIS,2026-09-18,150.0,0.02,1790,1,41.01621484375,43,101.76000213623047,🚬菸屁股,HOLD,1
DIS,2026-09-18,155.0,0.01,3508,1,41.4068359375,43,101.76000213623047,🚬菸屁股,HOLD,1
DIS,2026-12-18,170.0,0.13,3021,1,46.045461425781255,134,101.76000213623047,🚬菸屁股,HOLD,1
DIS,2027-01-15,170.0,0.1,924,1,40.28380029296875,162,101.76000213623047,🚬菸屁股,HOLD,1
CRM,2026-08-21,260.0,0.06,1073,1,56.44574804687501,15,192.97999572753906,🚬菸屁股,HOLD,1
CRM,2026-08-21,340.0,0.11,755,1,103.32079589843752,15,192.97999572753906,🚬菸屁股,HOLD,1
SOUN,2028-01-21,30.0,0.75,1475,1,99.7070341796875,533,6.429999828338623,🔭LEAPS,HOLD,1
U,2026-08-07,40.0,1.11,2841,4390,206.25048437499998,1,35.470001220703125,🎲末日結算 🚨異常掃貨 ⚠️IV頂峰,GAMBLE,0
SOUN,2026-08-07,7.0,0.25,15315,6204,194.53127734375002,1,6.429999828338623,🎲末日結算 🆕新倉暴量 ⚠️IV頂峰 🚬菸屁股 ⚠️暴動高IV(195%),GAMBLE,-1
SOUN,2026-08-07,6.5,0.41,7929,5563,189.84380078125,1,6.429999828338623,🎲末日結算 🆕新倉暴量 ⚠️IV頂峰 🚬菸屁股 ⚠️暴動高IV(190%),GAMBLE,-1
SOUN,2026-08-07,8.0,0.09,11927,4453,209.37547656249995,1,6.429999828338623,🎲末日結算 🆕新倉暴量 ⚠️IV頂峰 🚬菸屁股 ⚠️暴動高IV(209%),GAMBLE,-1
SOUN,2026-08-07,7.5,0.14,8004,2854,206.25048437499998,1,6.429999828338623,🎲末日結算 🆕新倉暴量 ⚠️IV頂峰 🚬菸屁股 ⚠️暴動高IV(206%),GAMBLE,-1
IONQ,2026-08-07,45.0,0.71,3433,2621,161.71894140625,1,39.93000030517578,🎲末日結算 🆕新倉暴量 ⚠️IV頂峰 🚬菸屁股 ⚠️暴動高IV(162%),GAMBLE,-1
SMR,2026-08-07,10.5,0.18,4907,1925,160.15644921875,1,9.380000114440918,🎲末日結算 🆕新倉暴量 ⚠️IV頂峰 🚬菸屁股 ⚠️暴動高IV(160%),GAMBLE,-1
IONQ,2026-08-07,50.0,0.23,4585,1714,169.922025390625,1,39.93000030517578,🎲末日結算 🆕新倉暴量 ⚠️IV頂峰 🚬菸屁股 ⚠️暴動高IV(170%),GAMBLE,-1
SMR,2026-08-07,10.0,0.3,6875,1451,152.34398828124998,1,9.380000114440918,🎲末日結算 🆕新倉暴量 ⚠️IV頂峰 🚬菸屁股 ⚠️暴動高IV(152%),GAMBLE,-1
SOUN,2026-08-07,9.0,0.03,1914,1388,228.12542968749997,1,6.429999828338623,🎲末日結算 🆕新倉暴量 ⚠️IV頂峰 🚬菸屁股 ⚠️暴動高IV(228%),GAMBLE,-1
SMR,2026-08-07,9.5,0.46,5274,1116,151.5627421875,1,9.380000114440918,🎲末日結算 🆕新倉暴量 ⚠️IV頂峰 🚬菸屁股 ⚠️暴動高IV(152%),GAMBLE,-1
SOUN,2026-08-07,6.0,0.68,1762,1075,187.50006249999998,1,6.429999828338623,🎲末日結算 🆕新倉暴量 ⚠️IV頂峰 🚬菸屁股 ⚠️暴動高IV(188%),GAMBLE,-1
IONQ,2026-08-07,44.0,0.95,1186,1066,162.50018749999998,1,39.93000030517578,🎲末日結算 🆕新倉暴量 ⚠️IV頂峰 🚬菸屁股 ⚠️暴動高IV(163%),GAMBLE,-1
CRWV,2026-08-07,135.0,0.02,1151,1025,156.25021875,1,89.88999938964844,🎲末日結算 🆕新倉暴量 ⚠️IV頂峰 🚬菸屁股 ⚠️暴動高IV(156%),GAMBLE,-1
JOBY,2026-08-07,10.0,0.03,1173,980,162.50018749999998,1,7.800000190734863,🎲末日結算 🆕新倉暴量 ⚠️IV頂峰 🚬菸屁股 ⚠️暴動高IV(163%),GAMBLE,-1
JOBY,2026-08-07,9.5,0.04,1011,857,159.37520312499998,1,7.800000190734863,🎲末日結算 🆕新倉暴量 ⚠️IV頂峰 🚬菸屁股 ⚠️暴動高IV(159%),GAMBLE,-1
IONQ,2026-08-07,60.0,0.03,1404,707,193.75003125,1,39.93000030517578,🎲末日結算 🆕新倉暴量 ⚠️IV頂峰 🚬菸屁股 ⚠️暴動高IV(194%),GAMBLE,-1
IONQ,2026-08-07,48.0,0.38,882,418,165.82048339843752,1,39.93000030517578,🎲末日結算 🆕新倉暴量 ⚠️IV頂峰 🚬菸屁股 ⚠️暴動高IV(166%),GAMBLE,-1
PACB,2026-09-18,2.0,0.09,1273,197,151.5627421875,43,1.2999999523162842,🚀點火(6.2x) ⚠️IV頂峰 🚬菸屁股 ⚠️尾段價外(54%) ⚠️暴動高IV(152%),BUY_WATCH,-2
PATH,2026-08-21,25.0,0.02,834,101,156.64084179687498,15,13.819999694824219,🚀點火(3.7x) ⚠️IV頂峰 🚬菸屁股 ⚠️尾段價外(81%) ⚠️暴動高IV(157%),BUY_WATCH,-2
SOFI,2026-08-07,30.0,0.01,2244,2236,206.25048437499998,1,18.25,🎲末日結算 🆕新倉暴量 ⚠️IV頂峰 🚬菸屁股 ⚠️尾段價外(64%) ⚠️暴動高IV(206%),GAMBLE,-4
SNDK,2026-08-07,2500.0,0.05,1156,744,207.81298046874994,1,1350.5,🎲末日結算 🆕新倉暴量 ⚠️IV頂峰 🚬菸屁股 ⚠️尾段價外(85%) ⚠️暴動高IV(208%),GAMBLE,-4
SNDK,2026-08-07,2200.0,0.17,988,530,187.50006249999998,1,1350.5,🎲末日結算 🆕新倉暴量 ⚠️IV頂峰 🚬菸屁股 ⚠️尾段價外(63%) ⚠️暴動高IV(188%),GAMBLE,-4
