Stock,Expiry,Strike,Ask,OpenInterest,Volume,Tags,Action,Score
NVDA,2026-01-16,190.0,0.34,91770,173595,🚬菸屁股 🚀點火(2.9x) 👑超級萬人塚,STRONG_BUY,8
NVDA,2026-01-16,189.0,0.59,74053,78459,🚬菸屁股 🚀點火(8.2x) 👑超級萬人塚,STRONG_BUY,8
NVDA,2026-01-16,195.0,0.04,90521,37614,🚬菸屁股 🚀點火(2.2x) 👑超級萬人塚,STRONG_BUY,8
NVDA,2026-01-16,200.0,0.02,167127,32853,🚬菸屁股 🚀點火(2.3x) 👑超級萬人塚,STRONG_BUY,8
NVDA,2026-03-20,200.0,8.45,123445,27285,🚬菸屁股 🚀點火(3.2x) 👑超級萬人塚,STRONG_BUY,8
NVDA,2026-03-20,210.0,5.5,65030,12413,🚬菸屁股 🚀點火(3.6x) 👑超級萬人塚,STRONG_BUY,8
NVDA,2027-01-15,230.0,21.4,24281,2211,🔭LEAPS埋伏 🚀點火(14.5x) 🔥萬人塚,STRONG_BUY,8
NVDA,2028-01-21,400.0,12.55,20590,2039,🔭LEAPS埋伏 🚀點火(27.6x) 🔥萬人塚,STRONG_BUY,8
ACHR,2027-01-15,10.0,2.77,29439,1048,🔭LEAPS埋伏 🚀點火(5.1x) 🔥萬人塚,STRONG_BUY,8
SOFI,2027-01-15,30.0,5.85,41120,999,🔭LEAPS埋伏 🚀點火(2.1x) 🔥萬人塚,STRONG_BUY,8
SMCI,2027-01-15,90.0,1.45,25717,421,🔭LEAPS埋伏 🚀點火(140.3x) 🔥萬人塚,STRONG_BUY,8
NVDA,2026-01-16,188.0,0.94,38065,84598,🚬菸屁股 🚀點火(6.3x) 🔥萬人塚,STRONG_BUY,7
NVDA,2026-01-23,190.0,2.23,29010,67624,🚬菸屁股 🚀點火(2.1x) 🔥萬人塚,STRONG_BUY,7
NVDA,2026-01-16,187.0,1.44,28210,52192,🚬菸屁股 🚀點火(2.7x) 🔥萬人塚,STRONG_BUY,7
MSTR,2026-01-16,175.0,1.48,29670,44177,🚬菸屁股 🚀點火(3.8x) 🔥萬人塚,STRONG_BUY,7
CRWV,2026-01-16,100.0,0.4,39989,41948,🚬菸屁股 🚀點火(5.0x) 🔥萬人塚,STRONG_BUY,7
NVDA,2026-01-16,187.5,1.17,23549,39966,🚬菸屁股 🚀點火(2.5x) 🔥萬人塚,STRONG_BUY,7
NVDA,2026-01-23,195.0,0.82,22688,39335,🚬菸屁股 🚀點火(6.3x) 🔥萬人塚,STRONG_BUY,7
PLTR,2026-01-16,190.0,0.04,42312,30763,🚬菸屁股 🚀點火(2.2x) 🔥萬人塚,STRONG_BUY,7
NVDA,2026-01-16,193.0,0.07,28260,28953,🚬菸屁股 🚀點火(4.5x) 🔥萬人塚,STRONG_BUY,7
NVDA,2026-01-23,200.0,0.27,21666,28106,🚬菸屁股 🚀點火(2.8x) 🔥萬人塚,STRONG_BUY,7
ONDS,2026-01-16,14.0,0.26,30000,24926,🚬菸屁股 🚀點火(3.1x) 🔥萬人塚,STRONG_BUY,7
MSTR,2026-01-16,166.0,6.2,21753,22525,🚬菸屁股 🚀點火(3.7x) 🔥萬人塚,STRONG_BUY,7
NVDA,2026-01-23,192.5,1.39,21618,21133,🚬菸屁股 🚀點火(2.8x) 🔥萬人塚,STRONG_BUY,7
AMD,2026-01-16,250.0,0.05,23693,20881,🚬菸屁股 🚀點火(11.0x) 🔥萬人塚,STRONG_BUY,7
HOOD,2026-01-16,125.0,0.05,31075,17545,🚬菸屁股 🚀點火(2.6x) 🔥萬人塚,STRONG_BUY,7
CRWV,2026-01-16,110.0,0.05,24278,13785,🚬菸屁股 🚀點火(19.8x) 🔥萬人塚,STRONG_BUY,7
ACHR,2026-01-16,10.0,0.02,48374,12858,🚬菸屁股 🚀點火(3.8x) 🔥萬人塚,STRONG_BUY,7
NVDA,2026-01-16,194.0,0.05,43477,12630,🚬菸屁股 🚀點火(2.5x) 🔥萬人塚,STRONG_BUY,7
NVDA,2026-02-20,195.0,5.2,35207,9215,🚬菸屁股 🚀點火(2.2x) 🔥萬人塚,STRONG_BUY,7
ONDS,2026-02-20,15.0,1.28,20286,7623,🚬菸屁股 🚀點火(2.4x) 🔥萬人塚,STRONG_BUY,7
NVDA,2026-01-16,175.0,12.55,25818,4973,🚬菸屁股 🚀點火(2.1x) 🔥萬人塚,STRONG_BUY,7
TDOC,2027-01-15,7.5,1.61,3669,2049,🔭LEAPS埋伏 🚀點火(4.7x),STRONG_BUY,7
NVDA,2026-02-20,250.0,0.1,27156,2006,🚬菸屁股 🚀點火(7.5x) 🔥萬人塚,STRONG_BUY,7
SOFI,2026-01-16,25.0,1.53,47292,1530,🚬菸屁股 🚀點火(2.0x) 🔥萬人塚,STRONG_BUY,7
SOFI,2028-06-16,30.0,10.0,5037,1279,🔭LEAPS埋伏 🆕新開倉點火,STRONG_BUY,7
ONDS,2027-01-15,15.0,5.3,12862,1029,🔭LEAPS埋伏 🚀點火(4.5x),STRONG_BUY,7
ACHR,2026-04-17,15.0,0.34,31082,1012,🚬菸屁股 🚀點火(4.3x) 🔥萬人塚,STRONG_BUY,7
PATH,2028-01-21,15.0,6.25,6142,755,🔭LEAPS埋伏 🚀點火(4.7x),STRONG_BUY,7
SOFI,2028-01-21,40.0,7.0,5016,746,🔭LEAPS埋伏 🚀點火(4.2x),STRONG_BUY,7
SOFI,2027-01-15,40.0,3.6,16953,707,🔭LEAPS埋伏 🚀點火(4.1x),STRONG_BUY,7
ACHR,2027-01-15,20.0,1.25,16100,666,🔭LEAPS埋伏 🚀點火(24.7x),STRONG_BUY,7
ACHR,2027-01-15,7.0,3.85,17696,585,🔭LEAPS埋伏 🚀點火(3.9x),STRONG_BUY,7
SMCI,2027-01-15,30.0,8.9,4085,577,🔭LEAPS埋伏 🚀點火(5.2x),STRONG_BUY,7
ACHR,2027-01-15,12.0,2.38,13000,505,🔭LEAPS埋伏 🚀點火(2.4x),STRONG_BUY,7
XYZ,2027-01-15,100.0,4.65,3315,425,🔭LEAPS埋伏 🚀點火(425.0x),STRONG_BUY,7
SMCI,2027-01-15,60.0,3.05,9836,416,🔭LEAPS埋伏 🚀點火(19.8x),STRONG_BUY,7
SMR,2026-01-23,20.5,0.53,22072,381,🚬菸屁股 🆕新開倉點火 🔥萬人塚,STRONG_BUY,7
ONDS,2027-01-15,12.0,6.1,10587,307,🔭LEAPS埋伏 🚀點火(2.0x),STRONG_BUY,7
JOBY,2027-01-15,15.0,5.4,8320,304,🔭LEAPS埋伏 🚀點火(9.8x),STRONG_BUY,7
CRWV,2027-01-15,280.0,7.05,8255,303,🔭LEAPS埋伏 🚀點火(4.0x),STRONG_BUY,7
TSLA,2026-01-16,445.0,1.33,15081,102091,🚬菸屁股 🚀點火(2.4x),STRONG_BUY,6
AMD,2026-01-16,240.0,0.14,13345,65432,🚬菸屁股 🚀點火(13.5x),STRONG_BUY,6
NVDA,2026-01-16,192.5,0.09,15687,35654,🚬菸屁股 🚀點火(3.6x),STRONG_BUY,6
ONDS,2026-02-20,20.0,0.5,3771,30365,🚬菸屁股 🚀點火(18.9x),STRONG_BUY,6
NVDA,2026-01-16,192.0,0.12,15604,26932,🚬菸屁股 🚀點火(3.8x),STRONG_BUY,6
NVDA,2026-01-16,191.0,0.2,19507,26625,🚬菸屁股 🚀點火(2.7x),STRONG_BUY,6
SMCI,2026-01-23,30.0,0.76,4715,22237,🚬菸屁股 🚀點火(12.3x),STRONG_BUY,6
MSTR,2026-01-16,176.0,1.27,15661,20501,🚬菸屁股 🚀點火(28.9x),STRONG_BUY,6
CRWV,2026-01-16,105.0,0.1,8268,19985,🚬菸屁股 🚀點火(6.0x),STRONG_BUY,6
SMCI,2026-01-23,32.0,0.29,3496,17275,🚬菸屁股 🚀點火(20.6x),STRONG_BUY,6
TDOC,2026-01-16,7.0,0.03,2109,17005,🚬菸屁股 🚀點火(7.2x),STRONG_BUY,6
ACHR,2026-02-20,9.0,0.83,9914,15537,🚬菸屁股 🚀點火(5.2x),STRONG_BUY,6
HOOD,2026-01-16,118.0,0.09,4854,13171,🚬菸屁股 🚀點火(2.4x),STRONG_BUY,6
COIN,2026-01-16,252.5,0.44,12667,11950,🚬菸屁股 🚀點火(15.1x),STRONG_BUY,6
MSTR,2026-01-16,167.5,5.1,18135,10064,🚬菸屁股 🚀點火(3.7x),STRONG_BUY,6
HOOD,2026-01-16,126.0,0.05,9412,9937,🚬菸屁股 🚀點火(5.7x),STRONG_BUY,6
SOFI,2026-01-23,27.5,0.38,4117,9231,🚬菸屁股 🚀點火(2.2x),STRONG_BUY,6
HOOD,2026-01-16,115.0,0.25,8082,9123,🚬菸屁股 🆕新開倉點火,STRONG_BUY,6
HOOD,2026-01-16,117.0,0.13,3108,9079,🚬菸屁股 🚀點火(12.1x),STRONG_BUY,6
SOFI,2026-01-16,28.5,0.02,17936,8995,🚬菸屁股 🚀點火(3.6x),STRONG_BUY,6
HOOD,2026-01-16,130.0,0.02,16281,8702,🚬菸屁股 🚀點火(2.5x),STRONG_BUY,6
HOOD,2026-01-16,119.0,0.1,6703,8397,🚬菸屁股 🚀點火(3.0x),STRONG_BUY,6
ASTS,2026-01-16,110.0,0.41,6583,8173,🚬菸屁股 🚀點火(4.4x),STRONG_BUY,6
CRWV,2026-01-23,100.0,2.88,2427,7602,🚬菸屁股 🚀點火(2.4x),STRONG_BUY,6
ASTS,2026-01-16,105.0,1.2,5772,7524,🚬菸屁股 🚀點火(2.8x),STRONG_BUY,6
HOOD,2026-01-23,130.0,0.18,4979,7474,🚬菸屁股 🚀點火(2.3x),STRONG_BUY,6
NVDA,2026-01-16,184.0,3.55,13016,7390,🚬菸屁股 🆕新開倉點火,STRONG_BUY,6
ONDS,2026-01-16,14.5,0.14,8866,7279,🚬菸屁股 🚀點火(2.2x),STRONG_BUY,6
HOOD,2026-01-23,125.0,0.3,2736,7052,🚬菸屁股 🚀點火(5.5x),STRONG_BUY,6
HOOD,2026-01-16,116.0,0.16,1818,7031,🚬菸屁股 🚀點火(21.6x),STRONG_BUY,6
AMD,2026-02-20,250.0,8.05,12701,6982,🚬菸屁股 🚀點火(2.9x),STRONG_BUY,6
NBIS,2026-01-16,110.0,0.42,7518,6525,🚬菸屁股 🚀點火(3.2x),STRONG_BUY,6
DKNG,2026-01-16,36.5,0.16,4648,6477,🚬菸屁股 🚀點火(124.6x),STRONG_BUY,6
ONDS,2026-01-23,15.0,0.36,7798,5901,🚬菸屁股 🚀點火(2.4x),STRONG_BUY,6
NVDA,2026-01-16,202.5,0.02,18663,5791,🚬菸屁股 🚀點火(4.8x),STRONG_BUY,6
ACHR,2026-01-23,9.5,0.18,3856,5668,🚬菸屁股 🚀點火(2.7x),STRONG_BUY,6
IBIT,2026-01-23,56.0,0.51,11454,5447,🚬菸屁股 🆕新開倉點火,STRONG_BUY,6
AMD,2026-02-20,300.0,1.55,11065,5393,🚬菸屁股 🚀點火(2.4x),STRONG_BUY,6
HIMS,2026-03-20,35.0,2.92,2857,5254,🚬菸屁股 🚀點火(7.1x),STRONG_BUY,6
NVDA,2026-04-17,180.0,20.4,13043,5028,🚬菸屁股 🚀點火(3.1x),STRONG_BUY,6
RKLB,2026-01-16,88.0,3.95,1442,4930,🚬菸屁股 🆕新開倉點火,STRONG_BUY,6
PLTR,2026-02-20,200.0,5.2,14963,4790,🚬菸屁股 🚀點火(3.0x),STRONG_BUY,6
ONDS,2026-01-23,14.0,0.56,4921,4784,🚬菸屁股 🚀點火(2.3x),STRONG_BUY,6
U,2026-01-16,46.0,0.2,2982,4716,🚬菸屁股 🚀點火(8.4x),STRONG_BUY,6
JOBY,2026-01-16,16.0,0.1,6351,4638,🚬菸屁股 🚀點火(10.1x),STRONG_BUY,6
HOOD,2026-01-16,124.0,0.08,5762,4561,🚬菸屁股 🚀點火(2.2x),STRONG_BUY,6
ACHR,2026-01-23,10.0,0.1,5023,4472,🚬菸屁股 🚀點火(2.7x),STRONG_BUY,6
HOOD,2026-01-16,110.0,1.82,5036,4456,🚬菸屁股 🆕新開倉點火,STRONG_BUY,6
OKLO,2026-01-16,100.0,0.26,8439,4375,🚬菸屁股 🚀點火(2.5x),STRONG_BUY,6
ACHR,2026-02-20,10.0,0.49,15730,4299,🚬菸屁股 🚀點火(3.6x),STRONG_BUY,6
HOOD,2026-01-16,121.0,0.06,4128,4196,🚬菸屁股 🚀點火(2.2x),STRONG_BUY,6
ONDS,2026-01-16,12.0,1.04,15372,4020,🚬菸屁股 🚀點火(2.3x),STRONG_BUY,6
CRWV,2026-01-23,105.0,1.47,1808,4015,🚬菸屁股 🚀點火(14.9x),STRONG_BUY,6
RKLB,2026-01-16,92.0,1.61,1223,3970,🚬菸屁股 🚀點火(2.8x),STRONG_BUY,6
SOFI,2026-01-23,30.0,0.07,9161,3905,🚬菸屁股 🚀點火(2.3x),STRONG_BUY,6
U,2026-01-23,45.0,1.19,2759,3902,🚬菸屁股 🆕新開倉點火,STRONG_BUY,6
ONDS,2026-02-20,13.0,2.0,5966,3898,🚬菸屁股 🚀點火(6.7x),STRONG_BUY,6
RKLB,2026-01-23,90.0,5.0,1558,3762,🚬菸屁股 🆕新開倉點火,STRONG_BUY,6
XYZ,2026-01-23,66.0,1.12,1927,3505,🚬菸屁股 🆕新開倉點火,STRONG_BUY,6
CRWV,2026-01-16,97.5,0.95,2949,3503,🚬菸屁股 🚀點火(8.2x),STRONG_BUY,6
PLTR,2026-01-16,210.0,0.01,13836,3306,🚬菸屁股 🚀點火(4.0x),STRONG_BUY,6
AMD,2026-03-20,230.0,20.25,14802,3245,🚬菸屁股 🚀點火(2.1x),STRONG_BUY,6
IONQ,2026-01-16,50.0,0.3,8914,3134,🚬菸屁股 🚀點火(2.2x),STRONG_BUY,6
XYZ,2026-01-23,68.0,0.53,2401,3072,🚬菸屁股 🚀點火(2.2x),STRONG_BUY,6
IBIT,2026-03-20,48.0,7.95,15628,3060,🚬菸屁股 🚀點火(23.5x),STRONG_BUY,6
ACHR,2026-01-16,8.0,0.94,14147,3017,🚬菸屁股 🚀點火(2.1x),STRONG_BUY,6
HOOD,2026-03-20,200.0,0.34,3060,2871,🚬菸屁股 🚀點火(17.0x),STRONG_BUY,6
HOOD,2026-02-20,125.0,3.95,6564,2805,🚬菸屁股 🆕新開倉點火,STRONG_BUY,6
HIMS,2026-01-23,32.5,0.63,1788,2757,🚬菸屁股 🆕新開倉點火,STRONG_BUY,6
U,2026-02-20,45.0,4.0,3106,2645,🚬菸屁股 🚀點火(6.9x),STRONG_BUY,6
NNE,2026-02-20,35.0,3.1,2496,2630,🚬菸屁股 🚀點火(8.5x),STRONG_BUY,6
AMD,2026-03-20,250.0,12.8,13417,2627,🚬菸屁股 🚀點火(2.3x),STRONG_BUY,6
HIMS,2026-01-23,35.0,0.19,2073,2564,🚬菸屁股 🆕新開倉點火,STRONG_BUY,6
HIMS,2026-01-16,36.0,0.03,6805,2532,🚬菸屁股 🚀點火(13.1x),STRONG_BUY,6
HIMS,2026-01-16,33.5,0.04,5925,2480,🚬菸屁股 🚀點火(5.8x),STRONG_BUY,6
ASTS,2026-01-23,110.0,2.88,1410,2414,🚬菸屁股 🚀點火(3.9x),STRONG_BUY,6
SMR,2026-01-16,20.5,0.05,2776,2393,🚬菸屁股 🚀點火(5.2x),STRONG_BUY,6
PLTR,2026-01-16,170.0,7.85,10340,2308,🚬菸屁股 🚀點火(2.6x),STRONG_BUY,6
IREN,2026-03-20,85.0,2.32,6157,2275,🚬菸屁股 🚀點火(7.9x),STRONG_BUY,6
SMCI,2026-01-16,32.0,0.04,9789,2249,🚬菸屁股 🚀點火(2.6x),STRONG_BUY,6
VST,2026-01-16,185.0,0.76,5642,2247,🚬菸屁股 🚀點火(7.9x),STRONG_BUY,6
JOBY,2026-02-20,16.0,1.29,3688,2107,🚬菸屁股 🚀點火(2.6x),STRONG_BUY,6
JOBY,2026-02-20,17.0,0.96,7612,2104,🚬菸屁股 🚀點火(2.8x),STRONG_BUY,6
VRT,2026-01-16,180.0,0.4,6535,2099,🚬菸屁股 🚀點火(4.1x),STRONG_BUY,6
CRWV,2026-01-16,115.0,0.04,5248,2063,🚬菸屁股 🚀點火(8.6x),STRONG_BUY,6
ONDS,2026-03-20,20.0,1.04,14582,2021,🚬菸屁股 🚀點火(2.6x),STRONG_BUY,6
UPST,2026-01-16,50.0,0.25,4976,1979,🚬菸屁股 🚀點火(2.7x),STRONG_BUY,6
VST,2026-01-16,180.0,2.54,3763,1965,🚬菸屁股 🚀點火(9.5x),STRONG_BUY,6
HOOD,2026-01-16,135.0,0.03,10458,1913,🚬菸屁股 🚀點火(3.0x),STRONG_BUY,6
IREN,2026-01-16,51.0,1.83,4339,1870,🚬菸屁股 🚀點火(2.0x),STRONG_BUY,6
U,2026-02-20,43.0,4.9,1945,1842,🚬菸屁股 🚀點火(11.7x),STRONG_BUY,6
RKLB,2026-01-23,115.0,0.32,2753,1792,🚬菸屁股 🆕新開倉點火,STRONG_BUY,6
RKLB,2026-02-20,110.0,4.3,1368,1789,🚬菸屁股 🚀點火(3.6x),STRONG_BUY,6
CRWV,2026-02-20,130.0,2.48,8035,1730,🚬菸屁股 🚀點火(26.6x),STRONG_BUY,6
ASTS,2026-01-16,120.0,0.06,3480,1682,🚬菸屁股 🚀點火(4.8x),STRONG_BUY,6
ASTS,2026-01-16,115.0,0.14,3068,1641,🚬菸屁股 🚀點火(3.8x),STRONG_BUY,6
HIMS,2026-01-16,32.0,0.21,2631,1625,🚬菸屁股 🚀點火(2.4x),STRONG_BUY,6
JOBY,2026-04-17,16.0,2.31,3125,1602,🚬菸屁股 🚀點火(4.1x),STRONG_BUY,6
IREN,2026-01-23,50.0,4.15,4060,1599,🚬菸屁股 🚀點火(2.1x),STRONG_BUY,6
SOFI,2026-04-17,30.0,2.04,7555,1570,🚬菸屁股 🚀點火(2.5x),STRONG_BUY,6
JOBY,2026-01-16,17.0,0.05,6681,1514,🚬菸屁股 🚀點火(6.9x),STRONG_BUY,6
OKLO,2026-01-16,160.0,0.01,4484,1512,🚬菸屁股 🚀點火(63.0x),STRONG_BUY,6
DKNG,2026-01-16,35.5,0.45,4636,1456,🚬菸屁股 🚀點火(3.3x),STRONG_BUY,6
SOFI,2026-01-23,31.0,0.05,4812,1440,🚬菸屁股 🚀點火(5.1x),STRONG_BUY,6
IONQ,2026-01-16,52.0,0.13,1886,1425,🚬菸屁股 🚀點火(2.4x),STRONG_BUY,6
ASTS,2026-01-23,115.0,1.82,1942,1398,🚬菸屁股 🚀點火(3.0x),STRONG_BUY,6
NNE,2026-01-16,35.0,0.5,2471,1292,🚬菸屁股 🚀點火(3.0x),STRONG_BUY,6
HOOD,2026-02-20,150.0,0.9,7297,1286,🚬菸屁股 🚀點火(2.9x),STRONG_BUY,6
JOBY,2026-01-16,16.5,0.06,1985,1285,🚬菸屁股 🚀點火(7.3x),STRONG_BUY,6
HOOD,2026-02-20,130.0,2.91,5704,1263,🚬菸屁股 🆕新開倉點火,STRONG_BUY,6
ACHR,2026-02-20,13.0,0.11,1700,1225,🚬菸屁股 🚀點火(3.2x),STRONG_BUY,6
ACHR,2026-04-17,8.0,1.99,8225,1224,🚬菸屁股 🚀點火(3.0x),STRONG_BUY,6
ACHR,2026-01-16,11.0,0.01,17790,1204,🚬菸屁股 🚀點火(2.2x),STRONG_BUY,6
ACHR,2026-01-16,7.0,1.97,11609,1203,🚬菸屁股 🚀點火(2.6x),STRONG_BUY,6
SOFI,2026-01-23,29.5,0.11,2595,1201,🚬菸屁股 🚀點火(3.8x),STRONG_BUY,6
NTLA,2026-02-20,11.0,2.0,3368,1124,🚬菸屁股 🚀點火(3.2x),STRONG_BUY,6
RKLB,2026-02-20,115.0,3.4,1439,1089,🚬菸屁股 🚀點火(2.1x),STRONG_BUY,6
ACHR,2026-02-20,12.0,0.19,2249,1082,🚬菸屁股 🚀點火(3.2x),STRONG_BUY,6
SOFI,2026-02-20,37.0,0.23,5917,1064,🚬菸屁股 🚀點火(17.4x),STRONG_BUY,6
NTLA,2026-01-16,12.5,0.1,3646,1041,🚬菸屁股 🚀點火(2.0x),STRONG_BUY,6
VST,2026-01-16,200.0,0.05,4979,1028,🚬菸屁股 🚀點火(6.6x),STRONG_BUY,6
PATH,2026-03-20,15.0,1.81,1550,1009,🚬菸屁股 🚀點火(2.2x),STRONG_BUY,6
HOOD,2026-03-20,175.0,0.88,3596,996,🚬菸屁股 🚀點火(71.1x),STRONG_BUY,6
JOBY,2026-01-16,15.5,0.27,1799,995,🚬菸屁股 🚀點火(4.7x),STRONG_BUY,6
IREN,2026-01-23,65.0,0.31,2163,977,🚬菸屁股 🚀點火(2.7x),STRONG_BUY,6
ACHR,2026-04-17,6.0,3.45,1936,963,🚬菸屁股 🚀點火(11.5x),STRONG_BUY,6
VRT,2026-02-20,200.0,4.65,8992,921,🚬菸屁股 🚀點火(21.4x),STRONG_BUY,6
SMR,2026-01-16,19.0,0.43,3298,889,🚬菸屁股 🚀點火(2.4x),STRONG_BUY,6
SOFI,2026-01-23,26.0,1.07,1695,883,🚬菸屁股 🆕新開倉點火,STRONG_BUY,6
CRWV,2026-02-20,135.0,2.07,10320,874,🚬菸屁股 🚀點火(9.9x),STRONG_BUY,6
ACHR,2026-02-20,8.0,1.35,3061,848,🚬菸屁股 🚀點火(6.7x),STRONG_BUY,6
JOBY,2026-01-16,13.0,2.85,3383,844,🚬菸屁股 🚀點火(6.4x),STRONG_BUY,6
VST,2026-01-16,190.0,0.2,6996,843,🚬菸屁股 🚀點火(6.5x),STRONG_BUY,6
JOBY,2026-04-17,18.0,1.71,4870,840,🚬菸屁股 🚀點火(2.4x),STRONG_BUY,6
IREN,2026-01-16,61.0,0.04,4421,817,🚬菸屁股 🚀點火(2.5x),STRONG_BUY,6
SMCI,2026-03-20,35.0,1.9,6739,808,🚬菸屁股 🚀點火(2.0x),STRONG_BUY,6
JOBY,2026-02-20,20.0,0.39,8059,791,🚬菸屁股 🚀點火(3.7x),STRONG_BUY,6
HOOD,2026-01-16,190.0,0.03,3193,768,🚬菸屁股 🚀點火(768.0x),STRONG_BUY,6
SMCI,2026-02-20,40.0,0.54,9936,767,🚬菸屁股 🚀點火(2.2x),STRONG_BUY,6
IREN,2026-02-20,75.0,1.67,2515,765,🚬菸屁股 🚀點火(2.2x),STRONG_BUY,6
ACHR,2026-02-20,11.0,0.27,4235,752,🚬菸屁股 🚀點火(2.4x),STRONG_BUY,6
HIMS,2026-03-20,70.0,0.26,5502,745,🚬菸屁股 🚀點火(11.6x),STRONG_BUY,6
CRWV,2026-03-20,140.0,4.8,3845,709,🚬菸屁股 🚀點火(19.2x),STRONG_BUY,6
DKNG,2026-02-20,37.5,1.8,7096,699,🚬菸屁股 🚀點火(6.7x),STRONG_BUY,6
NTLA,2026-02-20,17.0,0.35,3266,689,🚬菸屁股 🚀點火(14.7x),STRONG_BUY,6
ASTS,2026-01-16,140.0,0.04,2577,678,🚬菸屁股 🚀點火(2.5x),STRONG_BUY,6
PATH,2026-01-23,17.5,0.05,1975,674,🚬菸屁股 🚀點火(2.1x),STRONG_BUY,6
ROKU,2026-01-16,105.0,1.28,2357,670,🚬菸屁股 🚀點火(6.1x),STRONG_BUY,6
SOFI,2026-05-15,27.0,3.85,2871,654,🚬菸屁股 🚀點火(5.6x),STRONG_BUY,6
IREN,2026-03-20,100.0,1.5,11359,650,🚬菸屁股 🚀點火(2.7x),STRONG_BUY,6
ONDS,2026-02-20,10.0,3.8,3413,641,🚬菸屁股 🚀點火(3.4x),STRONG_BUY,6
DKNG,2026-02-20,35.0,2.92,8213,634,🚬菸屁股 🚀點火(4.8x),STRONG_BUY,6
U,2026-02-20,46.0,3.55,2169,632,🚬菸屁股 🚀點火(2.1x),STRONG_BUY,6
HOOD,2026-03-20,140.0,3.35,4449,629,🚬菸屁股 🆕新開倉點火,STRONG_BUY,6
SOFI,2026-03-20,24.0,4.25,2362,618,🚬菸屁股 🚀點火(6.9x),STRONG_BUY,6
SMCI,2026-02-20,37.0,0.85,4127,615,🚬菸屁股 🚀點火(5.4x),STRONG_BUY,6
IONQ,2026-04-17,60.0,5.0,2229,610,🚬菸屁股 🆕新開倉點火,STRONG_BUY,6
TDOC,2026-02-20,7.0,0.37,1875,603,🚬菸屁股 🚀點火(4.1x),STRONG_BUY,6
XYZ,2026-01-23,67.0,0.78,1728,598,🚬菸屁股 🆕新開倉點火,STRONG_BUY,6
SOFI,2026-02-20,42.0,0.16,10568,581,🚬菸屁股 🚀點火(29.1x),STRONG_BUY,6
SMCI,2026-03-20,34.0,2.13,2239,553,🚬菸屁股 🚀點火(20.5x),STRONG_BUY,6
HOOD,2026-03-20,135.0,4.15,3009,535,🚬菸屁股 🆕新開倉點火,STRONG_BUY,6
HOOD,2026-04-17,150.0,3.4,2168,524,🚬菸屁股 🆕新開倉點火,STRONG_BUY,6
SOFI,2026-01-16,24.0,2.85,3033,510,🚬菸屁股 🚀點火(2.1x),STRONG_BUY,6
CRWV,2026-03-20,220.0,0.7,5966,508,🚬菸屁股 🚀點火(19.5x),STRONG_BUY,6
SMCI,2026-03-20,33.0,2.42,5584,478,🚬菸屁股 🚀點火(4.1x),STRONG_BUY,6
ROKU,2026-01-16,110.0,0.12,2602,466,🚬菸屁股 🚀點火(3.5x),STRONG_BUY,6
SMCI,2026-03-20,36.0,1.67,1788,462,🚬菸屁股 🚀點火(11.0x),STRONG_BUY,6
ONDS,2026-03-20,18.0,1.49,4570,448,🚬菸屁股 🚀點火(3.2x),STRONG_BUY,6
U,2026-01-16,40.0,4.2,16621,425,🚬菸屁股 🚀點火(2.9x),STRONG_BUY,6
CRWV,2026-02-20,150.0,1.09,1585,417,🚬菸屁股 🆕新開倉點火,STRONG_BUY,6
ASTS,2026-01-16,125.0,0.05,2848,410,🚬菸屁股 🚀點火(2.5x),STRONG_BUY,6
HIMS,2026-01-16,36.5,0.03,1825,396,🚬菸屁股 🚀點火(7.6x),STRONG_BUY,6
DKNG,2026-01-16,32.0,4.0,14178,371,🚬菸屁股 🚀點火(53.0x),STRONG_BUY,6
ONDS,2026-02-20,17.0,1.19,3407,362,🚬菸屁股 🚀點火(3.0x),STRONG_BUY,6
IREN,2026-02-20,105.0,0.62,2924,359,🚬菸屁股 🚀點火(17.9x),STRONG_BUY,6
CRWV,2026-03-20,200.0,1.22,7335,358,🚬菸屁股 🚀點火(5.4x),STRONG_BUY,6
OKLO,2026-01-16,90.0,3.1,2761,354,🚬菸屁股 🆕新開倉點火,STRONG_BUY,6
PATH,2026-05-15,30.0,0.3,11291,346,🚬菸屁股 🚀點火(6.0x),STRONG_BUY,6
HIMS,2026-03-20,33.0,4.15,2085,339,🚬菸屁股 🚀點火(4.0x),STRONG_BUY,6
DKNG,2026-01-23,35.5,0.94,2049,334,🚬菸屁股 🆕新開倉點火,STRONG_BUY,6
NBIS,2026-02-20,130.0,4.2,3243,333,🚬菸屁股 🚀點火(2.9x),STRONG_BUY,6
CRWV,2026-03-20,150.0,3.45,3880,320,🚬菸屁股 🚀點火(3.8x),STRONG_BUY,6
JOBY,2026-01-16,12.0,3.5,8834,316,🚬菸屁股 🚀點火(6.6x),STRONG_BUY,6
HIMS,2026-01-16,30.0,1.5,3026,313,🚬菸屁股 🚀點火(3.0x),STRONG_BUY,6
ACHR,2026-01-16,10.5,0.02,3692,312,🚬菸屁股 🚀點火(26.0x),STRONG_BUY,6
SMCI,2026-03-20,39.0,1.24,11758,310,🚬菸屁股 🚀點火(4.0x),STRONG_BUY,6
CRWV,2026-01-16,200.0,0.01,16695,305,🚬菸屁股 🚀點火(305.0x),STRONG_BUY,6
CRWV,2026-01-16,190.0,0.01,10455,301,🚬菸屁股 🚀死灰復燃,STRONG_BUY,6
CRWV,2026-03-20,100.0,13.35,105072,1388,🚀點火(2.0x) 👑超級萬人塚,BUY_WATCH,5
NVDA,2026-01-16,50.0,138.5,29523,3393,🚀點火(22.6x) 🔥萬人塚,BUY_WATCH,4
NVDA,2027-01-15,180.0,40.2,29744,2480,🚀點火(6.2x) 🔥萬人塚,BUY_WATCH,4
SOFI,2026-01-16,20.0,6.5,39430,2313,🚀點火(3.5x) 🔥萬人塚,BUY_WATCH,4
IREN,2026-01-16,10.0,42.2,32609,1268,🚀點火(17.4x) 🔥萬人塚,BUY_WATCH,4
NVDA,2027-01-15,300.0,8.85,55323,1248,🔭LEAPS埋伏 👑超級萬人塚,HOLD,4
NVDA,2027-01-15,200.0,31.35,50792,1092,🔭LEAPS埋伏 👑超級萬人塚,HOLD,4
SOFI,2026-01-16,15.0,11.55,28868,1058,🚀點火(6.8x) 🔥萬人塚,BUY_WATCH,4
SOFI,2026-01-16,12.0,14.65,28972,719,🚀點火(12.0x) 🔥萬人塚,BUY_WATCH,4
TSLA,2027-01-15,940.0,15.95,100555,322,🔭LEAPS埋伏 👑超級萬人塚,HOLD,4
CRWV,2028-01-21,150.0,34.55,27492,322,🚀點火(64.4x) 🔥萬人塚,BUY_WATCH,4
TSLA,2027-01-15,960.0,15.05,123509,290,🔭LEAPS埋伏 👑超級萬人塚,HOLD,4
NVDA,2028-01-21,300.0,23.65,79985,171,🔭LEAPS埋伏 👑超級萬人塚,HOLD,4
NVDA,2027-01-15,340.0,5.55,68810,104,🔭LEAPS埋伏 👑超級萬人塚,HOLD,4
AMD,2026-01-16,235.0,0.47,6573,74824,🆕新開倉點火,BUY_WATCH,3
NVDA,2026-01-16,185.0,2.77,59697,42259,🚬菸屁股 👑超級萬人塚,HOLD,3
AMD,2026-01-16,237.5,0.24,3123,39366,🆕新開倉點火,BUY_WATCH,3
NVDA,2026-02-20,200.0,3.6,99516,32077,🚬菸屁股 👑超級萬人塚,HOLD,3
TSLA,2026-01-16,447.5,0.85,7794,29570,🆕新開倉點火,BUY_WATCH,3
TSLA,2026-01-16,452.5,0.33,8251,26493,🆕新開倉點火,BUY_WATCH,3
AMD,2026-01-16,245.0,0.07,4304,24286,🆕新開倉點火,BUY_WATCH,3
IBIT,2026-01-16,55.0,0.16,57486,23088,🚬菸屁股 👑超級萬人塚,HOLD,3
NVDA,2026-01-23,187.5,3.4,7391,21721,🆕新開倉點火,BUY_WATCH,3
AMD,2026-01-16,232.5,0.92,7278,21161,🆕新開倉點火,BUY_WATCH,3
NVDA,2026-01-16,180.0,7.6,73606,18408,🚬菸屁股 👑超級萬人塚,HOLD,3
AMD,2026-01-16,242.5,0.09,1260,17944,🆕新開倉點火,BUY_WATCH,3
TSLA,2026-01-16,457.5,0.15,8749,16648,🆕新開倉點火,BUY_WATCH,3
TSLA,2026-01-23,430.0,14.25,3037,15431,🚀點火(2.7x),BUY_WATCH,3
NVDA,2026-02-20,190.0,7.3,55004,15393,🚬菸屁股 👑超級萬人塚,HOLD,3
AMD,2026-01-23,240.0,2.18,2639,15355,🆕新開倉點火,BUY_WATCH,3
NVDA,2026-02-20,220.0,0.69,118523,15100,🚬菸屁股 👑超級萬人塚,HOLD,3
AMD,2026-01-23,250.0,0.81,2751,15039,🆕新開倉點火,BUY_WATCH,3
TSLA,2026-01-23,450.0,4.65,7472,14583,🆕新開倉點火,BUY_WATCH,3
PLTR,2026-01-16,177.5,1.86,7032,14289,🆕新開倉點火,BUY_WATCH,3
TSLA,2026-01-23,445.0,6.35,3247,14108,🆕新開倉點火,BUY_WATCH,3
MSTR,2026-01-23,182.5,2.96,631,13395,🆕新開倉點火,BUY_WATCH,3
TSLA,2026-01-23,460.0,2.32,7908,13179,🆕新開倉點火,BUY_WATCH,3
NVDA,2026-02-20,210.0,1.58,83434,13108,🚬菸屁股 👑超級萬人塚,HOLD,3
HOOD,2026-01-23,118.0,0.99,550,12840,🆕新開倉點火,BUY_WATCH,3
NVDA,2026-01-23,197.5,0.47,6533,11943,🆕新開倉點火,BUY_WATCH,3
AMD,2026-01-23,235.0,3.5,3558,11089,🚀點火(2.4x),BUY_WATCH,3
AMD,2026-01-23,255.0,0.5,1262,10539,🆕新開倉點火,BUY_WATCH,3
COIN,2026-01-16,250.0,0.62,7229,10010,🆕新開倉點火,BUY_WATCH,3
AMD,2026-01-16,225.0,4.4,9640,9799,🆕新開倉點火,BUY_WATCH,3
TSLA,2026-01-16,462.5,0.08,7068,9501,🆕新開倉點火,BUY_WATCH,3
IBIT,2026-01-16,54.5,0.29,7132,9316,🆕新開倉點火,BUY_WATCH,3
COIN,2026-01-23,250.0,3.75,1078,8948,🆕新開倉點火,BUY_WATCH,3
ACHR,2026-01-23,11.0,0.04,673,8916,🆕新開倉點火,BUY_WATCH,3
NVDA,2026-02-20,180.0,12.9,53857,8855,🚬菸屁股 👑超級萬人塚,HOLD,3
AMD,2026-01-16,247.5,0.06,808,8715,🆕新開倉點火,BUY_WATCH,3
NVDA,2026-03-20,190.0,12.5,80199,8596,🚬菸屁股 👑超級萬人塚,HOLD,3
TSLA,2026-01-23,470.0,1.12,6217,8064,🆕新開倉點火,BUY_WATCH,3
MSTR,2026-01-23,180.0,3.45,3931,7996,🆕新開倉點火,BUY_WATCH,3
TSLA,2026-01-16,380.0,60.9,4823,7512,🆕新開倉點火,BUY_WATCH,3
NVDA,2026-01-23,202.5,0.16,4217,7145,🆕新開倉點火,BUY_WATCH,3
AMD,2026-01-23,237.5,2.78,853,6923,🆕新開倉點火,BUY_WATCH,3
IBIT,2026-03-20,58.0,2.34,4831,6664,🆕新開倉點火,BUY_WATCH,3
AMD,2026-01-23,260.0,0.32,1395,6406,🚀點火(3.2x),BUY_WATCH,3
PLTR,2026-01-23,180.0,3.4,5906,6373,🆕新開倉點火,BUY_WATCH,3
TSLA,2026-01-23,455.0,3.3,3384,6352,🆕新開倉點火,BUY_WATCH,3
AMD,2026-01-16,255.0,0.04,2754,6244,🆕新開倉點火,BUY_WATCH,3
IONQ,2026-01-23,50.0,1.51,669,6157,🆕新開倉點火,BUY_WATCH,3
AMD,2026-01-23,242.5,1.72,1089,6138,🆕新開倉點火,BUY_WATCH,3
AMD,2026-01-23,217.5,13.05,2424,5984,🆕新開倉點火,BUY_WATCH,3
AMD,2026-01-16,227.5,2.86,8696,5877,🆕新開倉點火,BUY_WATCH,3
HOOD,2026-02-20,115.0,7.15,3976,5822,🆕新開倉點火,BUY_WATCH,3
IBIT,2026-02-20,60.0,0.83,67169,5815,🚬菸屁股 👑超級萬人塚,HOLD,3
TSLA,2026-01-23,452.5,3.95,1609,5806,🆕新開倉點火,BUY_WATCH,3
RKLB,2026-01-23,95.0,3.0,767,5787,🚀點火(6.1x),BUY_WATCH,3
COIN,2026-01-16,257.5,0.24,5623,5625,🆕新開倉點火,BUY_WATCH,3
TSLA,2026-01-16,477.5,0.04,6948,5592,🆕新開倉點火,BUY_WATCH,3
AMD,2026-02-20,240.0,11.1,8438,5568,🆕新開倉點火,BUY_WATCH,3
COIN,2026-01-23,260.0,1.7,2878,5548,🆕新開倉點火,BUY_WATCH,3
TSLA,2026-01-16,472.5,0.05,7197,5510,🆕新開倉點火,BUY_WATCH,3
NVDA,2026-01-23,205.0,0.11,9448,5426,🆕新開倉點火,BUY_WATCH,3
AMD,2026-02-20,260.0,5.8,9939,5369,🆕新開倉點火,BUY_WATCH,3
MSTR,2026-01-23,175.0,5.0,2214,5122,🆕新開倉點火,BUY_WATCH,3
COIN,2026-01-16,245.0,1.36,1202,5000,🆕新開倉點火,BUY_WATCH,3
PLTR,2026-01-23,187.5,1.2,1934,4881,🆕新開倉點火,BUY_WATCH,3
AMD,2026-01-23,245.0,1.35,1448,4826,🆕新開倉點火,BUY_WATCH,3
HOOD,2026-01-23,122.0,0.48,978,4789,🚀點火(14.8x),BUY_WATCH,3
MSTR,2026-01-16,174.0,1.8,9104,4716,🆕新開倉點火,BUY_WATCH,3
AMD,2026-01-23,265.0,0.21,615,4593,🆕新開倉點火,BUY_WATCH,3
PLTR,2026-02-20,35.0,142.75,4819,4517,🆕新開倉點火,BUY_WATCH,3
CRWV,2026-01-16,96.0,1.51,1496,4502,🆕新開倉點火,BUY_WATCH,3
IBIT,2026-02-20,64.0,0.36,6261,4447,🆕新開倉點火,BUY_WATCH,3
CRWV,2026-01-16,99.0,0.63,1219,4388,🆕新開倉點火,BUY_WATCH,3
AMD,2026-01-23,215.0,15.05,2013,4280,🆕新開倉點火,BUY_WATCH,3
HOOD,2026-02-20,120.0,5.35,8297,4232,🆕新開倉點火,BUY_WATCH,3
COIN,2026-01-16,255.0,0.32,4891,4102,🆕新開倉點火,BUY_WATCH,3
AMD,2026-01-23,225.0,8.25,3847,4026,🆕新開倉點火,BUY_WATCH,3
HOOD,2026-01-16,114.0,0.41,676,3993,🆕新開倉點火,BUY_WATCH,3
PLTR,2026-01-23,192.5,0.55,2333,3963,🆕新開倉點火,BUY_WATCH,3
HOOD,2026-02-20,110.0,9.45,7206,3941,🆕新開倉點火,BUY_WATCH,3
MSTR,2026-01-16,177.5,0.98,1133,3836,🆕新開倉點火,BUY_WATCH,3
IREN,2026-02-20,55.0,5.8,11536,3771,🆕新開倉點火,BUY_WATCH,3
IBIT,2026-02-20,55.0,2.37,51469,3766,🚬菸屁股 👑超級萬人塚,HOLD,3
AMD,2026-01-23,270.0,0.14,1361,3725,🆕新開倉點火,BUY_WATCH,3
TSLA,2026-01-23,480.0,0.54,3969,3724,🆕新開倉點火,BUY_WATCH,3
IBIT,2026-01-16,51.5,2.62,7233,3571,🆕新開倉點火,BUY_WATCH,3
TSLA,2026-01-23,475.0,0.77,6569,3552,🆕新開倉點火,BUY_WATCH,3
MSTR,2026-01-16,164.0,7.85,8761,3477,🆕新開倉點火,BUY_WATCH,3
TSLA,2026-02-20,435.0,27.9,1606,3471,🆕新開倉點火,BUY_WATCH,3
AMD,2026-01-23,232.5,4.4,1375,3400,🆕新開倉點火,BUY_WATCH,3
MSTR,2026-01-23,187.5,1.94,1038,3366,🆕新開倉點火,BUY_WATCH,3
CRWV,2026-02-20,105.0,7.5,1192,3337,🆕新開倉點火,BUY_WATCH,3
CRWV,2026-02-20,100.0,9.25,17185,3330,🆕新開倉點火,BUY_WATCH,3
IBIT,2026-01-23,54.0,1.27,4150,3315,🆕新開倉點火,BUY_WATCH,3
IREN,2026-03-20,65.0,5.25,10624,3274,🆕新開倉點火,BUY_WATCH,3
AMD,2026-02-20,230.0,15.1,8051,3216,🆕新開倉點火,BUY_WATCH,3
NVDA,2026-01-16,49.0,138.55,3166,3202,🆕新開倉點火,BUY_WATCH,3
MSTR,2026-02-20,180.0,11.2,2449,3187,🆕新開倉點火,BUY_WATCH,3
NVDA,2026-03-20,195.0,10.3,58164,3178,🚬菸屁股 👑超級萬人塚,HOLD,3
TSLA,2026-01-23,472.5,0.93,5208,3139,🆕新開倉點火,BUY_WATCH,3
TSLA,2026-01-16,467.5,0.06,9375,3093,🆕新開倉點火,BUY_WATCH,3
NVDA,2026-01-23,210.0,0.06,7267,3089,🆕新開倉點火,BUY_WATCH,3
MSTR,2026-01-23,300.0,0.06,1214,3088,🆕新開倉點火,BUY_WATCH,3
AMD,2026-01-23,220.0,11.2,3064,3016,🆕新開倉點火,BUY_WATCH,3
SOFI,2026-01-16,30.0,0.01,50113,3000,🚬菸屁股 👑超級萬人塚,HOLD,3
CRWV,2026-01-23,110.0,0.75,1030,2960,🆕新開倉點火,BUY_WATCH,3
NBIS,2026-01-23,110.0,2.78,1405,2896,🆕新開倉點火,BUY_WATCH,3
RKLB,2026-02-20,100.0,6.7,2836,2851,🆕新開倉點火,BUY_WATCH,3
TSLA,2026-01-23,465.0,1.62,3103,2831,🆕新開倉點火,BUY_WATCH,3
TSLA,2026-01-23,457.5,2.78,2099,2801,🆕新開倉點火,BUY_WATCH,3
VRT,2026-03-20,210.0,6.3,2574,2773,🆕新開倉點火,BUY_WATCH,3
CRWV,2026-02-20,95.0,11.45,6252,2728,🆕新開倉點火,BUY_WATCH,3
RKLB,2026-01-16,89.0,3.25,630,2722,🆕新開倉點火,BUY_WATCH,3
UPST,2026-01-16,51.0,0.12,1257,2672,🆕新開倉點火,BUY_WATCH,3
NNE,2026-01-16,30.0,5.3,3269,2540,🚀點火(47.9x),BUY_WATCH,3
COIN,2026-01-16,240.0,3.15,3366,2524,🆕新開倉點火,BUY_WATCH,3
NVDA,2026-01-16,135.0,52.7,17735,2499,🆕新開倉點火,BUY_WATCH,3
MSTR,2026-01-16,172.0,2.55,1788,2475,🆕新開倉點火,BUY_WATCH,3
AMD,2026-02-20,220.0,20.15,8867,2471,🆕新開倉點火,BUY_WATCH,3
AMD,2026-01-16,265.0,0.02,1326,2454,🆕新開倉點火,BUY_WATCH,3
HOOD,2026-01-23,124.0,0.4,761,2438,🆕新開倉點火,BUY_WATCH,3
RKLB,2026-01-16,91.0,2.2,905,2425,🚀點火(2.3x),BUY_WATCH,3
MSTR,2026-01-23,177.5,4.2,571,2401,🆕新開倉點火,BUY_WATCH,3
PLTR,2026-04-17,175.0,20.8,1142,2336,🆕新開倉點火,BUY_WATCH,3
TSLA,2026-01-23,447.5,5.45,1143,2331,🆕新開倉點火,BUY_WATCH,3
NVDA,2026-02-20,135.0,53.3,790,2308,🆕新開倉點火,BUY_WATCH,3
SHOP,2026-01-16,165.0,0.16,2376,2265,🆕新開倉點火,BUY_WATCH,3
AMD,2026-01-23,227.5,6.6,1112,2206,🆕新開倉點火,BUY_WATCH,3
VST,2026-02-20,180.0,11.4,3592,2198,🆕新開倉點火,BUY_WATCH,3
OKLO,2027-01-15,200.0,15.85,2007,2188,🆕新開倉點火,BUY_WATCH,3
NVDA,2026-03-20,250.0,0.87,50404,2160,🚬菸屁股 👑超級萬人塚,HOLD,3
NVDA,2026-01-16,144.0,43.85,6007,2153,🆕新開倉點火,BUY_WATCH,3
ASTS,2026-02-20,100.0,13.6,6079,2113,🆕新開倉點火,BUY_WATCH,3
VRT,2026-02-20,180.0,10.25,2594,2102,🆕新開倉點火,BUY_WATCH,3
NVDA,2026-05-15,185.0,20.3,9811,2077,🆕新開倉點火,BUY_WATCH,3
OKLO,2026-01-23,100.0,2.07,1123,2046,🆕新開倉點火,BUY_WATCH,3
ASTS,2026-01-16,102.0,2.29,764,2020,🚀點火(4.8x),BUY_WATCH,3
TSLA,2026-01-16,487.5,0.03,3804,2013,🆕新開倉點火,BUY_WATCH,3
HIMS,2026-01-16,31.5,0.39,798,2012,🆕新開倉點火,BUY_WATCH,3
SOFI,2026-01-16,11.0,16.4,2842,1979,🆕新開倉點火,BUY_WATCH,3
RKLB,2026-01-16,93.0,1.16,596,1915,🆕新開倉點火,BUY_WATCH,3
DKNG,2026-01-23,36.0,0.71,759,1909,🆕新開倉點火,BUY_WATCH,3
DKNG,2026-01-23,35.0,1.22,833,1891,🆕新開倉點火,BUY_WATCH,3
IREN,2026-01-23,56.0,1.54,798,1871,🚀點火(4.3x),BUY_WATCH,3
RKLB,2026-02-20,90.0,10.7,3583,1799,🆕新開倉點火,BUY_WATCH,3
SMCI,2026-01-23,32.5,0.22,551,1788,🆕新開倉點火,BUY_WATCH,3
IONQ,2026-02-20,50.0,4.35,1382,1750,🆕新開倉點火,BUY_WATCH,3
IREN,2026-01-23,53.0,2.57,1327,1730,🆕新開倉點火,BUY_WATCH,3
ASTS,2026-01-16,98.0,4.7,925,1726,🆕新開倉點火,BUY_WATCH,3
ASTS,2026-01-16,101.0,2.75,543,1720,🚀點火(2.5x),BUY_WATCH,3
JOBY,2026-01-23,16.5,0.3,1102,1664,🚀點火(3.4x),BUY_WATCH,3
CRWV,2026-02-20,110.0,6.0,4817,1659,🚀點火(3.6x),BUY_WATCH,3
NBIS,2026-01-16,108.0,0.8,654,1616,🆕新開倉點火,BUY_WATCH,3
DKNG,2026-05-15,50.0,0.93,862,1606,🆕新開倉點火,BUY_WATCH,3
SMCI,2026-01-23,29.5,0.99,835,1586,🆕新開倉點火,BUY_WATCH,3
NNE,2026-04-17,60.0,1.0,643,1542,🆕新開倉點火,BUY_WATCH,3
DKNG,2026-05-15,42.5,2.29,550,1527,🆕新開倉點火,BUY_WATCH,3
ASTS,2026-02-20,95.0,16.0,3336,1507,🆕新開倉點火,BUY_WATCH,3
JOBY,2026-01-23,16.0,0.45,1150,1430,🆕新開倉點火,BUY_WATCH,3
ASTS,2027-01-15,150.0,29.75,11418,1415,🆕新開倉點火,BUY_WATCH,3
CRWV,2026-02-20,97.5,10.35,1064,1377,🆕新開倉點火,BUY_WATCH,3
ASTS,2026-01-16,96.0,6.2,641,1359,🆕新開倉點火,BUY_WATCH,3
VRT,2026-02-20,185.0,9.5,1076,1357,🆕新開倉點火,BUY_WATCH,3
RKLB,2026-02-20,120.0,2.72,817,1323,🆕新開倉點火,BUY_WATCH,3
NBIS,2026-01-23,115.0,1.6,963,1281,🚀點火(2.9x),BUY_WATCH,3
ASTS,2026-01-23,105.0,4.5,1072,1260,🚀點火(3.8x),BUY_WATCH,3
VST,2026-02-20,190.0,7.25,1713,1254,🚀點火(14.2x),BUY_WATCH,3
SMCI,2026-03-20,30.0,3.55,63507,1253,🚬菸屁股 👑超級萬人塚,HOLD,3
HOOD,2026-03-20,120.0,7.9,5159,1252,🆕新開倉點火,BUY_WATCH,3
RKLB,2026-01-16,94.0,0.92,672,1244,🆕新開倉點火,BUY_WATCH,3
CRWV,2026-03-20,110.0,9.9,4147,1236,🚀點火(2.8x),BUY_WATCH,3
VST,2026-03-20,170.0,22.35,3016,1192,🆕新開倉點火,BUY_WATCH,3
PATH,2027-01-15,20.0,2.95,31299,1192,🔭LEAPS埋伏 🔥萬人塚,HOLD,3
RKLB,2026-01-16,70.0,21.0,4091,1179,🚀點火(3.7x),BUY_WATCH,3
CRWV,2026-01-16,85.0,10.35,6814,1168,🆕新開倉點火,BUY_WATCH,3
VRT,2026-03-20,180.0,15.25,1777,1142,🆕新開倉點火,BUY_WATCH,3
UPST,2026-01-16,47.5,1.32,1434,1141,🆕新開倉點火,BUY_WATCH,3
HOOD,2026-01-23,121.0,0.6,945,1122,🆕新開倉點火,BUY_WATCH,3
PATH,2026-01-23,15.5,0.25,749,1121,🆕新開倉點火,BUY_WATCH,3
CRWV,2026-01-23,96.0,4.5,523,1115,🆕新開倉點火,BUY_WATCH,3
CRWV,2026-04-17,100.0,16.05,2091,1109,🆕新開倉點火,BUY_WATCH,3
IREN,2026-03-20,55.0,8.15,13529,1097,🆕新開倉點火,BUY_WATCH,3
HOOD,2026-02-20,190.0,0.26,1391,1094,🆕新開倉點火,BUY_WATCH,3
JOBY,2026-01-23,15.5,0.61,596,1082,🆕新開倉點火,BUY_WATCH,3
IONQ,2026-01-16,48.0,0.95,1178,1062,🆕新開倉點火,BUY_WATCH,3
NBIS,2026-01-16,104.0,2.26,503,1059,🆕新開倉點火,BUY_WATCH,3
HIMS,2026-01-23,34.0,0.31,1497,1052,🆕新開倉點火,BUY_WATCH,3
U,2026-02-20,44.0,4.55,812,1046,🆕新開倉點火,BUY_WATCH,3
IREN,2026-02-20,50.0,8.0,15860,1042,🆕新開倉點火,BUY_WATCH,3
IONQ,2026-01-23,65.0,0.45,525,1032,🆕新開倉點火,BUY_WATCH,3
LUNR,2026-01-16,22.0,0.12,1011,1032,🆕新開倉點火,BUY_WATCH,3
CRWV,2026-01-16,80.0,16.65,10336,1012,🆕新開倉點火,BUY_WATCH,3
NBIS,2026-01-16,107.0,1.08,586,980,🆕新開倉點火,BUY_WATCH,3
ASTS,2027-01-15,50.0,64.0,10004,975,🆕新開倉點火,BUY_WATCH,3
NBIS,2026-02-20,120.0,6.35,4718,973,🚀點火(2.1x),BUY_WATCH,3
VST,2026-02-20,185.0,9.15,1823,966,🚀點火(13.4x),BUY_WATCH,3
IREN,2026-01-23,52.0,2.96,1440,961,🆕新開倉點火,BUY_WATCH,3
HOOD,2026-01-23,123.0,0.41,553,953,🆕新開倉點火,BUY_WATCH,3
VST,2026-01-16,170.0,12.05,2029,939,🚀點火(2.7x),BUY_WATCH,3
CRWV,2026-01-16,91.0,4.8,1179,926,🆕新開倉點火,BUY_WATCH,3
ASTS,2026-02-20,110.0,10.2,1989,913,🚀點火(2.0x),BUY_WATCH,3
CRWV,2026-01-23,115.0,0.39,742,889,🆕新開倉點火,BUY_WATCH,3
HIMS,2026-01-23,32.0,0.84,1020,885,🆕新開倉點火,BUY_WATCH,3
ACHR,2026-01-23,10.5,0.08,1028,884,🆕新開倉點火,BUY_WATCH,3
PATH,2027-01-15,15.0,4.4,29709,870,🔭LEAPS埋伏 🔥萬人塚,HOLD,3
HIMS,2026-04-17,40.0,2.35,551,867,🆕新開倉點火,BUY_WATCH,3
PATH,2027-01-15,30.0,1.54,27882,859,🔭LEAPS埋伏 🔥萬人塚,HOLD,3
RKLB,2026-01-16,87.0,5.0,851,840,🆕新開倉點火,BUY_WATCH,3
NBIS,2026-01-16,112.0,0.24,1098,837,🆕新開倉點火,BUY_WATCH,3
NBIS,2026-01-23,105.0,4.7,1177,825,🆕新開倉點火,BUY_WATCH,3
ASTS,2026-03-20,150.0,6.5,7307,821,🆕新開倉點火,BUY_WATCH,3
KTOS,2026-01-16,130.0,1.2,571,821,🆕新開倉點火,BUY_WATCH,3
HOOD,2026-03-20,115.0,9.85,2771,814,🆕新開倉點火,BUY_WATCH,3
VRT,2026-03-20,190.0,11.4,6206,798,🆕新開倉點火,BUY_WATCH,3
CRWV,2026-02-20,90.0,14.0,6254,786,🆕新開倉點火,BUY_WATCH,3
IONQ,2026-01-16,56.0,0.12,1030,775,🆕新開倉點火,BUY_WATCH,3
UPST,2026-01-16,47.0,1.67,1360,773,🆕新開倉點火,BUY_WATCH,3
NVDA,2027-01-15,250.0,16.55,26945,768,🔭LEAPS埋伏 🔥萬人塚,HOLD,3
ONDS,2026-02-20,18.0,0.73,944,746,🆕新開倉點火,BUY_WATCH,3
VST,2026-01-23,185.0,3.1,1066,741,🆕新開倉點火,BUY_WATCH,3
NVDA,2027-01-15,190.0,35.55,20024,738,🔭LEAPS埋伏 🔥萬人塚,HOLD,3
NBIS,2026-01-16,103.0,2.81,571,723,🆕新開倉點火,BUY_WATCH,3
IREN,2026-01-23,42.0,11.3,1279,714,🆕新開倉點火,BUY_WATCH,3
SMCI,2026-02-20,28.0,3.65,1054,696,🆕新開倉點火,BUY_WATCH,3
IBIT,2026-05-15,63.0,2.61,70566,684,🚬菸屁股 👑超級萬人塚,HOLD,3
HIMS,2026-01-23,37.0,0.12,978,668,🆕新開倉點火,BUY_WATCH,3
RKLB,2026-02-20,95.0,8.55,1933,663,🆕新開倉點火,BUY_WATCH,3
NBIS,2026-02-20,115.0,8.05,1715,658,🆕新開倉點火,BUY_WATCH,3
SOFI,2027-01-15,25.0,7.7,43061,651,🔭LEAPS埋伏 🔥萬人塚,HOLD,3
CRWV,2026-01-16,82.0,15.3,1413,647,🆕新開倉點火,BUY_WATCH,3
ASTS,2026-03-20,100.0,19.0,12328,630,🆕新開倉點火,BUY_WATCH,3
HOOD,2026-03-20,110.0,12.1,2100,624,🆕新開倉點火,BUY_WATCH,3
HOOD,2026-03-20,125.0,6.4,4520,621,🆕新開倉點火,BUY_WATCH,3
CRWV,2026-01-23,86.0,11.0,886,620,🆕新開倉點火,BUY_WATCH,3
UPST,2026-02-20,60.0,1.95,686,617,🆕新開倉點火,BUY_WATCH,3
LUNR,2026-01-16,23.0,0.07,790,612,🆕新開倉點火,BUY_WATCH,3
CRWV,2026-01-16,94.0,2.57,823,608,🆕新開倉點火,BUY_WATCH,3
VST,2026-01-23,160.0,22.0,745,606,🆕新開倉點火,BUY_WATCH,3
HOOD,2026-04-17,120.0,10.15,2948,605,🆕新開倉點火,BUY_WATCH,3
IREN,2026-05-15,110.0,3.15,790,601,🆕新開倉點火,BUY_WATCH,3
JOBY,2026-01-23,17.0,0.21,1146,593,🆕新開倉點火,BUY_WATCH,3
VST,2026-03-20,200.0,9.05,2089,578,🆕新開倉點火,BUY_WATCH,3
OKLO,2026-01-23,110.0,0.85,1203,571,🆕新開倉點火,BUY_WATCH,3
U,2026-04-17,70.0,0.94,1121,567,🆕新開倉點火,BUY_WATCH,3
VST,2027-01-15,290.0,13.6,3033,556,🚀點火(556.0x),BUY_WATCH,3
ASTS,2026-02-20,115.0,9.05,762,556,🆕新開倉點火,BUY_WATCH,3
HOOD,2027-01-15,80.0,44.65,2658,554,🆕新開倉點火,BUY_WATCH,3
VST,2026-03-20,195.0,11.35,646,553,🆕新開倉點火,BUY_WATCH,3
HOOD,2026-01-23,128.0,0.2,1045,551,🆕新開倉點火,BUY_WATCH,3
ASTS,2027-01-15,75.0,50.75,1446,548,🆕新開倉點火,BUY_WATCH,3
RKLB,2026-01-23,75.0,17.3,882,546,🆕新開倉點火,BUY_WATCH,3
RKLB,2026-03-20,130.0,4.85,917,541,🆕新開倉點火,BUY_WATCH,3
RKLB,2026-03-20,90.0,15.0,1289,536,🆕新開倉點火,BUY_WATCH,3
TDOC,2026-01-16,6.5,0.2,560,532,🆕新開倉點火,BUY_WATCH,3
U,2026-01-16,45.5,0.31,1336,525,🆕新開倉點火,BUY_WATCH,3
HOOD,2026-04-17,100.0,19.6,3866,524,🆕新開倉點火,BUY_WATCH,3
NBIS,2026-01-16,96.0,8.4,767,523,🆕新開倉點火,BUY_WATCH,3
IBIT,2027-01-15,60.0,9.0,22337,521,🔭LEAPS埋伏 🔥萬人塚,HOLD,3
VST,2026-02-20,195.0,5.65,988,518,🆕新開倉點火,BUY_WATCH,3
DKNG,2026-01-23,37.0,0.36,1334,517,🆕新開倉點火,BUY_WATCH,3
IREN,2026-01-16,48.0,5.45,3544,516,🆕新開倉點火,BUY_WATCH,3
IREN,2026-03-20,50.0,10.25,7903,516,🆕新開倉點火,BUY_WATCH,3
U,2026-02-20,70.0,0.33,1109,515,🆕新開倉點火,BUY_WATCH,3
ASTS,2026-01-16,20.0,82.8,5224,512,🆕新開倉點火,BUY_WATCH,3
RKLB,2026-04-17,120.0,8.85,811,511,🆕新開倉點火,BUY_WATCH,3
IONQ,2028-01-21,90.0,16.0,680,503,🆕新開倉點火,BUY_WATCH,3
ASTS,2026-02-20,90.0,19.3,3407,502,🆕新開倉點火,BUY_WATCH,3
IREN,2026-01-16,25.0,27.2,17524,499,🆕新開倉點火,BUY_WATCH,3
SMR,2026-04-17,28.0,1.69,563,496,🆕新開倉點火,BUY_WATCH,3
RKLB,2026-01-16,98.0,0.3,673,493,🆕新開倉點火,BUY_WATCH,3
NBIS,2026-02-20,140.0,2.81,1498,493,🆕新開倉點火,BUY_WATCH,3
CRSP,2026-01-16,58.0,0.5,751,493,🆕新開倉點火,BUY_WATCH,3
HOOD,2026-01-16,20.0,91.6,14969,488,🆕新開倉點火,BUY_WATCH,3
ACHR,2026-01-16,3.0,6.0,4317,479,🆕新開倉點火,BUY_WATCH,3
ONDS,2026-01-23,20.0,0.08,1229,469,🆕新開倉點火,BUY_WATCH,3
HOOD,2027-01-15,175.0,12.25,4000,466,🆕新開倉點火,BUY_WATCH,3
XYZ,2026-01-16,67.0,0.15,628,466,🆕新開倉點火,BUY_WATCH,3
DKNG,2026-01-23,39.0,0.12,583,464,🆕新開倉點火,BUY_WATCH,3
CRWV,2026-01-16,86.0,10.7,1506,460,🆕新開倉點火,BUY_WATCH,3
ACHR,2026-01-16,2.5,6.5,1205,458,🆕新開倉點火,BUY_WATCH,3
NBIS,2026-03-20,115.0,12.8,1163,455,🆕新開倉點火,BUY_WATCH,3
NBIS,2026-01-23,100.0,7.55,1080,452,🆕新開倉點火,BUY_WATCH,3
HOOD,2026-01-23,127.0,0.24,826,452,🆕新開倉點火,BUY_WATCH,3
ASTS,2026-01-16,80.0,21.9,7082,451,🆕新開倉點火,BUY_WATCH,3
NVDA,2027-01-15,210.0,27.6,22952,445,🔭LEAPS埋伏 🔥萬人塚,HOLD,3
SMR,2026-01-23,25.0,0.07,1418,443,🆕新開倉點火,BUY_WATCH,3
DKNG,2026-01-23,38.0,0.2,693,442,🆕新開倉點火,BUY_WATCH,3
RKLB,2026-01-16,80.0,11.25,10721,434,🆕新開倉點火,BUY_WATCH,3
HOOD,2026-01-16,100.0,11.1,12242,431,🆕新開倉點火,BUY_WATCH,3
ASTS,2026-02-20,130.0,5.15,906,428,🆕新開倉點火,BUY_WATCH,3
SMCI,2026-01-23,31.5,0.34,608,426,🆕新開倉點火,BUY_WATCH,3
ONDS,2026-02-20,19.0,0.78,1415,425,🆕新開倉點火,BUY_WATCH,3
CRWV,2026-03-20,120.0,7.35,3920,421,🆕新開倉點火,BUY_WATCH,3
ASTS,2026-02-20,85.0,22.9,3088,418,🆕新開倉點火,BUY_WATCH,3
UPST,2026-02-20,65.0,1.24,555,416,🆕新開倉點火,BUY_WATCH,3
OKLO,2026-03-20,100.0,12.0,2673,410,🆕新開倉點火,BUY_WATCH,3
ASTS,2026-03-20,90.0,23.65,4515,410,🆕新開倉點火,BUY_WATCH,3
ACHR,2026-04-17,5.0,4.35,973,406,🆕新開倉點火,BUY_WATCH,3
NBIS,2026-03-20,175.0,3.55,745,403,🆕新開倉點火,BUY_WATCH,3
VRT,2026-01-23,175.0,4.15,730,400,🆕新開倉點火,BUY_WATCH,3
NBIS,2026-01-16,113.0,0.27,636,398,🆕新開倉點火,BUY_WATCH,3
CRWV,2026-02-20,77.5,22.8,931,398,🆕新開倉點火,BUY_WATCH,3
IREN,2026-01-16,45.0,7.2,10431,393,🆕新開倉點火,BUY_WATCH,3
LUNR,2026-01-16,18.0,1.87,1266,392,🆕新開倉點火,BUY_WATCH,3
RKLB,2026-01-16,75.0,16.65,6791,389,🆕新開倉點火,BUY_WATCH,3
UPST,2026-01-23,50.0,1.02,672,385,🆕新開倉點火,BUY_WATCH,3
ONDS,2026-01-23,15.5,0.34,874,383,🆕新開倉點火,BUY_WATCH,3
RKLB,2026-01-16,86.0,5.7,1295,382,🆕新開倉點火,BUY_WATCH,3
CRWV,2026-01-23,81.0,16.2,778,381,🆕新開倉點火,BUY_WATCH,3
CRWV,2026-02-20,85.0,17.5,2500,380,🆕新開倉點火,BUY_WATCH,3
CRWV,2026-03-20,90.0,18.45,4594,380,🆕新開倉點火,BUY_WATCH,3
U,2026-01-16,55.0,0.01,55114,379,🚬菸屁股 👑超級萬人塚,HOLD,3
KTOS,2026-01-16,120.0,6.8,971,379,🆕新開倉點火,BUY_WATCH,3
IREN,2026-01-16,40.0,13.5,5124,376,🆕新開倉點火,BUY_WATCH,3
CRWV,2026-04-17,150.0,5.1,2901,376,🚀點火(17.9x),BUY_WATCH,3
UPST,2026-01-16,49.0,0.6,556,373,🆕新開倉點火,BUY_WATCH,3
HOOD,2026-04-17,115.0,12.3,1061,373,🆕新開倉點火,BUY_WATCH,3
IONQ,2026-01-23,48.0,2.29,564,370,🆕新開倉點火,BUY_WATCH,3
SMR,2026-01-23,23.0,0.18,1122,367,🆕新開倉點火,BUY_WATCH,3
OKLO,2026-01-23,105.0,1.27,548,365,🆕新開倉點火,BUY_WATCH,3
NBIS,2026-02-20,110.0,9.85,3637,361,🆕新開倉點火,BUY_WATCH,3
CRWV,2026-03-20,80.0,23.55,13616,355,🆕新開倉點火,BUY_WATCH,3
PATH,2026-03-20,17.0,1.16,990,351,🆕新開倉點火,BUY_WATCH,3
HOOD,2026-05-15,110.0,17.45,807,349,🆕新開倉點火,BUY_WATCH,3
IREN,2026-01-23,51.0,3.45,1429,348,🆕新開倉點火,BUY_WATCH,3
HOOD,2026-01-16,105.0,5.85,3329,348,🆕新開倉點火,BUY_WATCH,3
JOBY,2026-03-20,15.0,2.45,1040,347,🆕新開倉點火,BUY_WATCH,3
HOOD,2026-01-23,126.0,0.27,549,343,🆕新開倉點火,BUY_WATCH,3
IREN,2026-05-15,65.0,8.35,1369,342,🆕新開倉點火,BUY_WATCH,3
NBIS,2026-01-23,125.0,0.58,686,341,🆕新開倉點火,BUY_WATCH,3
SMR,2026-04-17,30.0,1.41,1194,339,🆕新開倉點火,BUY_WATCH,3
CRWV,2026-01-16,83.0,13.65,1023,339,🆕新開倉點火,BUY_WATCH,3
IBIT,2026-01-16,60.0,0.01,76713,338,🚬菸屁股 👑超級萬人塚,HOLD,3
RKLB,2027-01-15,100.0,29.8,5558,334,🆕新開倉點火,BUY_WATCH,3
SOFI,2026-01-16,7.0,19.55,17169,333,🆕新開倉點火,BUY_WATCH,3
NBIS,2026-03-20,105.0,17.2,1173,333,🆕新開倉點火,BUY_WATCH,3
SMCI,2026-01-23,36.0,0.06,996,332,🆕新開倉點火,BUY_WATCH,3
VRT,2026-01-16,150.0,24.1,3743,329,🆕新開倉點火,BUY_WATCH,3
RKLB,2026-02-20,80.0,16.3,2328,327,🆕新開倉點火,BUY_WATCH,3
CRWV,2026-01-23,85.0,12.05,1561,322,🆕新開倉點火,BUY_WATCH,3
IREN,2028-01-21,60.0,25.65,1726,321,🆕新開倉點火,BUY_WATCH,3
VRT,2026-01-16,177.5,0.8,971,320,🆕新開倉點火,BUY_WATCH,3
NBIS,2026-03-20,100.0,18.6,5388,319,🆕新開倉點火,BUY_WATCH,3
HOOD,2027-01-15,100.0,33.9,13065,317,🆕新開倉點火,BUY_WATCH,3
HOOD,2027-01-15,120.0,25.6,4086,317,🆕新開倉點火,BUY_WATCH,3
OKLO,2026-05-15,100.0,18.95,667,314,🆕新開倉點火,BUY_WATCH,3
RKLB,2026-01-23,80.0,12.65,3576,314,🆕新開倉點火,BUY_WATCH,3
CRWV,2027-01-15,100.0,32.45,4055,314,🆕新開倉點火,BUY_WATCH,3
HOOD,2026-04-17,140.0,5.1,1717,309,🆕新開倉點火,BUY_WATCH,3
CRWV,2026-04-17,105.0,14.0,757,308,🆕新開倉點火,BUY_WATCH,3
VST,2026-01-16,182.5,1.53,886,307,🆕新開倉點火,BUY_WATCH,3
ZM,2026-02-20,85.0,1.77,1204,306,🆕新開倉點火,BUY_WATCH,3
CRWV,2026-02-20,92.5,13.0,559,305,🆕新開倉點火,BUY_WATCH,3
LUNR,2026-02-20,16.0,4.95,1061,302,🆕新開倉點火,BUY_WATCH,3
IONQ,2026-01-23,52.0,1.08,533,301,🆕新開倉點火,BUY_WATCH,3
CRWV,2026-02-20,160.0,0.77,1001,301,🆕新開倉點火,BUY_WATCH,3
SOFI,2027-01-15,35.0,4.45,24832,282,🔭LEAPS埋伏 🔥萬人塚,HOLD,3
ACHR,2027-01-15,25.0,0.95,22070,193,🔭LEAPS埋伏 🔥萬人塚,HOLD,3
PATH,2026-01-16,20.0,0.01,126401,169,🚬菸屁股 👑超級萬人塚,HOLD,3
IBIT,2027-01-15,50.0,13.4,24450,163,🔭LEAPS埋伏 🔥萬人塚,HOLD,3
NVDA,2027-01-15,280.0,11.35,23946,156,🔭LEAPS埋伏 🔥萬人塚,HOLD,3
IBIT,2027-01-15,140.0,0.76,21700,149,🔭LEAPS埋伏 🔥萬人塚,HOLD,3
IBIT,2027-01-15,100.0,2.05,29005,135,🔭LEAPS埋伏 🔥萬人塚,HOLD,3
NVDA,2027-01-15,290.0,10.0,25157,129,🔭LEAPS埋伏 🔥萬人塚,HOLD,3
NVDA,2028-01-21,250.0,33.75,26369,46,🔭LEAPS埋伏 🔥萬人塚,HOLD,3
XYZ,2027-01-15,145.0,1.42,22996,44,🔭LEAPS埋伏 🔥萬人塚,HOLD,3
IBIT,2026-01-16,100.0,0.01,91692,38,🚬菸屁股 👑超級萬人塚,HOLD,3
NVDA,2026-01-16,300.0,0.01,54259,34,🚬菸屁股 👑超級萬人塚,HOLD,3
IBIT,2026-01-16,80.0,0.01,80135,26,🚬菸屁股 👑超級萬人塚,HOLD,3
IBIT,2026-01-16,70.0,0.01,80222,14,🚬菸屁股 👑超級萬人塚,HOLD,3
NVDA,2026-01-16,360.0,0.01,58151,2,🚬菸屁股 👑超級萬人塚,HOLD,3
TSLA,2026-01-16,960.0,0.01,51102,0,🚬菸屁股 👑超級萬人塚,HOLD,3
TSLA,2026-01-16,450.0,0.53,41191,102923,🚬菸屁股 🔥萬人塚,HOLD,2
PLTR,2026-01-16,180.0,0.87,28136,40698,🚬菸屁股 🔥萬人塚,HOLD,2
MSTR,2026-01-16,180.0,0.61,25457,37545,🚬菸屁股 🔥萬人塚,HOLD,2
TSLA,2026-01-16,455.0,0.21,26344,37131,🚬菸屁股 🔥萬人塚,HOLD,2
TSLA,2026-01-16,460.0,0.11,29052,35051,🚬菸屁股 🔥萬人塚,HOLD,2
HOOD,2026-01-16,120.0,0.07,29145,30528,🚬菸屁股 🔥萬人塚,HOLD,2
PLTR,2026-01-16,182.5,0.34,28950,28002,🚬菸屁股 🔥萬人塚,HOLD,2
PLTR,2026-01-16,185.0,0.13,25301,25947,🚬菸屁股 🔥萬人塚,HOLD,2
NVDA,2026-01-16,197.5,0.03,33267,22867,🚬菸屁股 🔥萬人塚,HOLD,2
IREN,2026-01-16,55.0,0.29,21550,22416,🚬菸屁股 🔥萬人塚,HOLD,2
ONDS,2026-01-16,15.0,0.09,30331,21806,🚬菸屁股 🔥萬人塚,HOLD,2
SOFI,2026-01-16,27.0,0.13,33824,20818,🚬菸屁股 🔥萬人塚,HOLD,2
ACHR,2026-01-16,9.0,0.13,27974,16986,🚬菸屁股 🔥萬人塚,HOLD,2
TSLA,2026-01-16,470.0,0.06,31017,12425,🚬菸屁股 🔥萬人塚,HOLD,2
SOFI,2026-01-16,28.0,0.04,35592,11241,🚬菸屁股 🔥萬人塚,HOLD,2
IBIT,2026-03-20,60.0,1.74,37682,10751,🚬菸屁股 🔥萬人塚,HOLD,2
SMCI,2026-01-16,31.0,0.08,21955,9843,🚬菸屁股 🔥萬人塚,HOLD,2
IBIT,2026-01-16,56.0,0.05,21333,9297,🚬菸屁股 🔥萬人塚,HOLD,2
NVDA,2026-02-20,185.0,9.9,39881,8825,🚬菸屁股 🔥萬人塚,HOLD,2
IBIT,2026-01-16,57.0,0.02,24488,8528,🚬菸屁股 🔥萬人塚,HOLD,2
NVDA,2026-03-20,220.0,3.5,49616,8363,🚬菸屁股 🔥萬人塚,HOLD,2
AMD,2026-01-16,220.0,8.5,21342,8033,🚬菸屁股 🔥萬人塚,HOLD,2
SMCI,2026-01-16,30.5,0.13,35952,4966,🚬菸屁股 🔥萬人塚,HOLD,2
IBIT,2026-03-20,55.0,3.55,28205,4739,🚬菸屁股 🔥萬人塚,HOLD,2
IBIT,2026-01-16,52.0,2.13,23351,4599,🚬菸屁股 🔥萬人塚,HOLD,2
SOFI,2026-01-16,29.0,0.02,23970,4313,🚬菸屁股 🔥萬人塚,HOLD,2
NVDA,2026-01-16,205.0,0.01,42257,4165,🚬菸屁股 🔥萬人塚,HOLD,2
NVDA,2026-03-20,185.0,15.0,40149,3483,🚬菸屁股 🔥萬人塚,HOLD,2
NVDA,2026-02-20,230.0,0.32,32988,3480,🚬菸屁股 🔥萬人塚,HOLD,2
NVDA,2026-03-20,230.0,2.16,44014,3328,🚬菸屁股 🔥萬人塚,HOLD,2
PATH,2026-01-16,15.0,0.13,20277,3233,🚬菸屁股 🔥萬人塚,HOLD,2
SOFI,2026-02-20,30.0,0.94,46180,3125,🚬菸屁股 🔥萬人塚,HOLD,2
SMR,2026-01-16,22.0,0.01,28844,3027,🚬菸屁股 🔥萬人塚,HOLD,2
IREN,2026-01-16,60.0,0.04,25281,2637,🚬菸屁股 🔥萬人塚,HOLD,2
NVDA,2026-03-20,180.0,17.8,42742,2618,🚬菸屁股 🔥萬人塚,HOLD,2
SMCI,2026-01-16,32.5,0.04,32651,2568,🚬菸屁股 🔥萬人塚,HOLD,2
TSLA,2026-01-16,500.0,0.01,48407,2554,🚬菸屁股 🔥萬人塚,HOLD,2
NVDA,2026-01-16,210.0,0.01,48547,2308,🚬菸屁股 🔥萬人塚,HOLD,2
NVDA,2026-04-17,210.0,7.75,22002,2249,🚬菸屁股 🔥萬人塚,HOLD,2
DKNG,2026-01-16,35.0,0.75,21083,2211,🚬菸屁股 🔥萬人塚,HOLD,2
U,2026-02-20,55.0,1.27,22084,2074,🚬菸屁股 🔥萬人塚,HOLD,2
PLTR,2026-01-16,200.0,0.02,37847,2069,🚬菸屁股 🔥萬人塚,HOLD,2
NVDA,2026-03-20,240.0,1.37,42006,2059,🚬菸屁股 🔥萬人塚,HOLD,2
IBIT,2026-01-16,53.0,1.21,35317,2043,🚬菸屁股 🔥萬人塚,HOLD,2
SOFI,2026-03-20,30.0,1.5,22997,2019,🚬菸屁股 🔥萬人塚,HOLD,2
NVDA,2026-04-17,200.0,10.95,20281,1794,🚬菸屁股 🔥萬人塚,HOLD,2
PATH,2026-02-20,20.0,0.17,25467,1713,🚬菸屁股 🔥萬人塚,HOLD,2
HOOD,2026-02-20,135.0,2.18,21216,1692,🚬菸屁股 🔥萬人塚,HOLD,2
IBIT,2026-02-20,57.0,1.58,20106,1640,🚬菸屁股 🔥萬人塚,HOLD,2
TSLA,2026-03-20,500.0,14.55,22635,1625,🚬菸屁股 🔥萬人塚,HOLD,2
IBIT,2026-01-23,60.0,0.06,29727,1525,🚬菸屁股 🔥萬人塚,HOLD,2
NVDA,2026-01-16,170.0,17.25,33422,1514,🚬菸屁股 🔥萬人塚,HOLD,2
IBIT,2026-03-20,70.0,0.42,38025,1489,🚬菸屁股 🔥萬人塚,HOLD,2
NVDA,2026-03-20,160.0,31.95,110884,1464,👑超級萬人塚,HOLD,2
CRWV,2026-02-20,115.0,4.9,23825,1446,🚬菸屁股 🔥萬人塚,HOLD,2
NVDA,2026-01-16,140.0,48.5,57844,1429,👑超級萬人塚,HOLD,2
DKNG,2026-01-16,37.0,0.08,29748,1417,🚬菸屁股 🔥萬人塚,HOLD,2
IBIT,2026-03-20,65.0,0.83,36087,1318,🚬菸屁股 🔥萬人塚,HOLD,2
IBIT,2026-03-20,100.0,0.05,29172,1315,🚬菸屁股 🔥萬人塚,HOLD,2
PATH,2026-05-15,20.0,1.05,21200,1254,🚬菸屁股 🔥萬人塚,HOLD,2
PLTR,2026-02-20,180.0,11.95,21322,1212,🚬菸屁股 🔥萬人塚,HOLD,2
IBIT,2026-02-20,59.0,1.03,35171,1042,🚬菸屁股 🔥萬人塚,HOLD,2
U,2026-01-16,45.0,0.43,28675,980,🚬菸屁股 🔥萬人塚,HOLD,2
PLTR,2026-03-20,180.0,15.55,22182,975,🚬菸屁股 🔥萬人塚,HOLD,2
NTLA,2028-01-21,42.0,3.5,2528,959,🔭LEAPS埋伏,HOLD,2
NVDA,2026-01-16,120.0,68.5,50706,908,👑超級萬人塚,HOLD,2
IBIT,2026-01-16,50.0,4.15,39775,898,🚬菸屁股 🔥萬人塚,HOLD,2
IBIT,2027-01-15,70.0,6.05,10535,888,🔭LEAPS埋伏,HOLD,2
NVDA,2027-01-15,260.0,14.55,14912,830,🔭LEAPS埋伏,HOLD,2
NVDA,2026-03-20,170.0,24.35,23234,807,🚬菸屁股 🔥萬人塚,HOLD,2
NVDA,2026-02-20,240.0,0.17,28269,802,🚬菸屁股 🔥萬人塚,HOLD,2
ONDS,2027-01-15,20.0,4.15,13682,716,🔭LEAPS埋伏,HOLD,2
IBIT,2026-03-20,80.0,0.17,44051,684,🚬菸屁股 🔥萬人塚,HOLD,2
SOFI,2026-02-20,32.0,0.58,21633,620,🚬菸屁股 🔥萬人塚,HOLD,2
PATH,2027-01-15,10.0,6.7,6620,598,🔭LEAPS埋伏,HOLD,2
NVDA,2027-01-15,160.0,51.0,90510,588,👑超級萬人塚,HOLD,2
SMCI,2027-01-15,50.0,4.0,12658,568,🔭LEAPS埋伏,HOLD,2
IBIT,2028-01-21,70.0,12.9,11797,485,🔭LEAPS埋伏,HOLD,2
NVDA,2026-03-20,175.0,20.95,35724,484,🚬菸屁股 🔥萬人塚,HOLD,2
MSTR,2026-01-16,300.0,0.02,22074,479,🚬菸屁股 🔥萬人塚,HOLD,2
ONDS,2026-01-16,10.0,2.95,21695,476,🚬菸屁股 🔥萬人塚,HOLD,2
SOFI,2026-01-16,10.0,16.6,74756,467,👑超級萬人塚,HOLD,2
NVDA,2026-02-20,260.0,0.07,28871,443,🚬菸屁股 🔥萬人塚,HOLD,2
PATH,2026-01-16,17.5,0.01,21256,437,🚬菸屁股 🔥萬人塚,HOLD,2
IBIT,2026-03-20,90.0,0.09,31489,415,🚬菸屁股 🔥萬人塚,HOLD,2
ONDS,2027-01-15,30.0,2.82,14705,412,🔭LEAPS埋伏,HOLD,2
ACHR,2028-01-21,7.0,5.1,9688,378,🔭LEAPS埋伏,HOLD,2
ONDS,2027-01-15,17.0,4.85,4935,369,🔭LEAPS埋伏,HOLD,2
TSLA,2027-01-15,900.0,17.95,12635,352,🔭LEAPS埋伏,HOLD,2
TSLA,2026-02-20,650.0,0.37,21282,351,🚬菸屁股 🔥萬人塚,HOLD,2
SMR,2027-01-15,20.0,7.5,4812,332,🔭LEAPS埋伏,HOLD,2
ONDS,2026-03-20,10.0,4.15,20875,327,🚬菸屁股 🔥萬人塚,HOLD,2
ONDS,2028-01-21,12.0,8.15,6978,324,🔭LEAPS埋伏,HOLD,2
NVDA,2026-01-16,220.0,0.01,39577,303,🚬菸屁股 🔥萬人塚,HOLD,2
PATH,2027-01-15,25.0,2.09,10296,303,🔭LEAPS埋伏,HOLD,2
ONDS,2027-01-15,10.0,7.15,15292,294,🔭LEAPS埋伏,HOLD,2
NVDA,2026-01-16,215.0,0.01,28655,292,🚬菸屁股 🔥萬人塚,HOLD,2
SMR,2026-01-23,22.0,0.27,21295,291,🚬菸屁股 🔥萬人塚,HOLD,2
JOBY,2027-01-15,12.0,6.6,4912,284,🔭LEAPS埋伏,HOLD,2
ACHR,2028-01-21,15.0,3.2,8035,283,🔭LEAPS埋伏,HOLD,2
HOOD,2027-01-15,200.0,8.75,6909,282,🔭LEAPS埋伏,HOLD,2
ACHR,2027-01-15,15.0,1.84,11189,272,🔭LEAPS埋伏,HOLD,2
IBIT,2027-01-15,120.0,1.17,17658,271,🔭LEAPS埋伏,HOLD,2
SMCI,2027-01-15,45.0,4.8,4227,271,🔭LEAPS埋伏,HOLD,2
PATH,2027-01-15,17.0,3.75,15962,269,🔭LEAPS埋伏,HOLD,2
ACHR,2028-01-21,10.0,4.15,10330,265,🔭LEAPS埋伏,HOLD,2
CRWV,2026-01-16,150.0,0.01,40184,264,🚬菸屁股 🔥萬人塚,HOLD,2
PATH,2028-01-21,25.0,3.95,5404,261,🔭LEAPS埋伏,HOLD,2
ACHR,2027-01-15,5.0,5.0,13022,255,🔭LEAPS埋伏,HOLD,2
UPST,2027-01-15,135.0,3.6,5974,253,🔭LEAPS埋伏,HOLD,2
CRWV,2026-03-20,165.0,2.3,43574,253,🚬菸屁股 🔥萬人塚,HOLD,2
PATH,2028-01-21,20.0,4.85,4314,248,🔭LEAPS埋伏,HOLD,2
CRWV,2026-01-16,130.0,0.01,23999,245,🚬菸屁股 🔥萬人塚,HOLD,2
SMR,2027-01-15,85.0,1.54,1571,244,🔭LEAPS埋伏,HOLD,2
ONDS,2028-01-21,20.0,6.35,14427,242,🔭LEAPS埋伏,HOLD,2
NVDA,2027-01-15,220.0,24.25,13493,238,🔭LEAPS埋伏,HOLD,2
SOFI,2026-01-16,32.0,0.01,27211,230,🚬菸屁股 🔥萬人塚,HOLD,2
SOFI,2026-03-20,40.0,0.3,31266,225,🚬菸屁股 🔥萬人塚,HOLD,2
SOFI,2027-01-15,27.0,6.9,16689,219,🔭LEAPS埋伏,HOLD,2
NTLA,2027-01-15,20.0,3.2,1487,215,🔭LEAPS埋伏,HOLD,2
NVDA,2026-03-20,260.0,0.56,32337,213,🚬菸屁股 🔥萬人塚,HOLD,2
ONDS,2026-01-16,9.0,4.1,21994,212,🚬菸屁股 🔥萬人塚,HOLD,2
ACHR,2028-01-21,20.0,2.85,4544,210,🔭LEAPS埋伏,HOLD,2
SOFI,2027-01-15,22.0,9.2,12448,206,🔭LEAPS埋伏,HOLD,2
SMCI,2027-01-15,80.0,1.83,13466,202,🔭LEAPS埋伏,HOLD,2
SMCI,2027-01-15,85.0,1.67,3481,201,🔭LEAPS埋伏,HOLD,2
SOFI,2028-01-21,30.0,9.05,7253,198,🔭LEAPS埋伏,HOLD,2
LUNR,2027-01-15,20.0,8.25,4440,193,🔭LEAPS埋伏,HOLD,2
TSLA,2027-01-15,700.0,34.65,15475,192,🔭LEAPS埋伏,HOLD,2
IREN,2027-01-15,110.0,9.55,16618,192,🔭LEAPS埋伏,HOLD,2
NVDA,2028-01-21,420.0,11.15,13193,191,🔭LEAPS埋伏,HOLD,2
IBIT,2026-05-15,62.0,2.87,45656,187,🚬菸屁股 🔥萬人塚,HOLD,2
NVDA,2027-01-15,240.0,18.8,12200,185,🔭LEAPS埋伏,HOLD,2
MSTR,2026-02-20,165.0,17.9,25801,185,🚬菸屁股 🔥萬人塚,HOLD,2
PATH,2027-01-15,12.0,5.65,5104,184,🔭LEAPS埋伏,HOLD,2
IBIT,2027-01-15,80.0,4.15,14739,180,🔭LEAPS埋伏,HOLD,2
IBIT,2027-01-15,110.0,1.52,14061,180,🔭LEAPS埋伏,HOLD,2
JOBY,2027-01-15,20.0,3.9,6567,180,🔭LEAPS埋伏,HOLD,2
SMCI,2027-01-15,40.0,5.75,9531,179,🔭LEAPS埋伏,HOLD,2
IBIT,2026-01-16,61.0,0.01,20887,168,🚬菸屁股 🔥萬人塚,HOLD,2
UPST,2027-01-15,100.0,6.0,6085,159,🔭LEAPS埋伏,HOLD,2
TSLA,2026-01-16,550.0,0.01,23854,150,🚬菸屁股 🔥萬人塚,HOLD,2
HIMS,2027-01-15,70.0,3.65,1569,147,🔭LEAPS埋伏,HOLD,2
SOFI,2026-01-16,35.0,0.01,24167,146,🚬菸屁股 🔥萬人塚,HOLD,2
DKNG,2027-01-15,40.0,6.35,3737,146,🔭LEAPS埋伏,HOLD,2
SMR,2026-01-16,23.0,0.01,23516,145,🚬菸屁股 🔥萬人塚,HOLD,2
MSTR,2026-03-20,160.0,26.5,64849,138,👑超級萬人塚,HOLD,2
IBIT,2026-01-16,45.0,9.2,46194,136,🚬菸屁股 🔥萬人塚,HOLD,2
TDOC,2027-01-15,10.0,1.01,6150,136,🔭LEAPS埋伏,HOLD,2
IBIT,2026-01-16,59.0,0.01,40240,134,🚬菸屁股 🔥萬人塚,HOLD,2
HIMS,2027-01-15,45.0,7.0,2503,129,🔭LEAPS埋伏,HOLD,2
ONDS,2028-01-21,10.0,9.0,3432,129,🔭LEAPS埋伏,HOLD,2
SMCI,2027-01-15,100.0,1.29,2750,126,🔭LEAPS埋伏,HOLD,2
PATH,2028-01-21,37.0,2.59,2758,126,🔭LEAPS埋伏,HOLD,2
PATH,2028-01-21,17.0,5.6,3213,124,🔭LEAPS埋伏,HOLD,2
SMCI,2027-01-15,70.0,2.32,7610,121,🔭LEAPS埋伏,HOLD,2
PATH,2027-01-15,22.0,2.57,3479,117,🔭LEAPS埋伏,HOLD,2
IBIT,2026-03-20,75.0,0.24,43202,115,🚬菸屁股 🔥萬人塚,HOLD,2
SMR,2027-01-15,35.0,4.5,2200,115,🔭LEAPS埋伏,HOLD,2
IBIT,2027-01-15,75.0,5.0,10509,109,🔭LEAPS埋伏,HOLD,2
ONDS,2027-01-15,7.5,8.0,11614,108,🔭LEAPS埋伏,HOLD,2
AMD,2026-01-16,300.0,0.01,28875,106,🚬菸屁股 🔥萬人塚,HOLD,2
NVDA,2026-01-16,250.0,0.01,34237,105,🚬菸屁股 🔥萬人塚,HOLD,2
PATH,2028-01-21,12.0,7.2,4910,105,🔭LEAPS埋伏,HOLD,2
PATH,2028-01-21,30.0,3.25,4443,100,🔭LEAPS埋伏,HOLD,2
SOFI,2027-01-15,37.0,4.0,2852,98,🔭LEAPS埋伏,HOLD,2
SOFI,2027-01-15,45.0,2.85,5178,94,🔭LEAPS埋伏,HOLD,2
SMCI,2028-01-21,105.0,3.35,2098,93,🔭LEAPS埋伏,HOLD,2
SOFI,2028-06-16,47.0,6.5,3398,90,🔭LEAPS埋伏,HOLD,2
NVDA,2027-01-15,270.0,12.85,15025,85,🔭LEAPS埋伏,HOLD,2
ACHR,2027-01-15,27.0,0.89,4730,81,🔭LEAPS埋伏,HOLD,2
SOFI,2026-01-16,40.0,0.01,26463,79,🚬菸屁股 🔥萬人塚,HOLD,2
JOBY,2027-01-15,10.0,7.65,10588,74,🔭LEAPS埋伏,HOLD,2
SMCI,2026-01-16,40.0,0.01,22600,72,🚬菸屁股 🔥萬人塚,HOLD,2
JOBY,2027-01-15,40.0,1.6,2280,71,🔭LEAPS埋伏,HOLD,2
SOFI,2027-01-15,32.0,5.2,13201,70,🔭LEAPS埋伏,HOLD,2
IBIT,2027-01-15,90.0,2.88,14893,66,🔭LEAPS埋伏,HOLD,2
LUNR,2027-01-15,37.0,4.7,3363,65,🔭LEAPS埋伏,HOLD,2
HIMS,2027-01-15,40.0,8.0,3172,64,🔭LEAPS埋伏,HOLD,2
SMR,2027-01-15,22.0,7.1,1789,64,🔭LEAPS埋伏,HOLD,2
TSLA,2026-01-16,600.0,0.01,36789,61,🚬菸屁股 🔥萬人塚,HOLD,2
JOBY,2026-01-16,20.0,0.01,25114,60,🚬菸屁股 🔥萬人塚,HOLD,2
IBIT,2026-05-15,45.0,11.65,29773,57,🚬菸屁股 🔥萬人塚,HOLD,2
SOFI,2028-06-16,37.0,8.4,2176,57,🔭LEAPS埋伏,HOLD,2
HIMS,2027-01-15,60.0,4.9,3507,57,🔭LEAPS埋伏,HOLD,2
SMR,2027-01-15,25.0,6.5,2463,57,🔭LEAPS埋伏,HOLD,2
HOOD,2027-01-15,190.0,9.7,11661,56,🔭LEAPS埋伏,HOLD,2
PATH,2027-01-15,37.0,1.05,1772,55,🔭LEAPS埋伏,HOLD,2
SMCI,2027-01-15,75.0,2.04,19029,54,🔭LEAPS埋伏,HOLD,2
SOFI,2028-06-16,40.0,7.75,3054,53,🔭LEAPS埋伏,HOLD,2
MSTR,2026-01-16,400.0,0.01,26438,52,🚬菸屁股 🔥萬人塚,HOLD,2
DKNG,2028-01-21,42.5,9.5,1933,50,🔭LEAPS埋伏,HOLD,2
PATH,2027-01-15,27.0,1.84,5129,50,🔭LEAPS埋伏,HOLD,2
ONDS,2027-01-15,5.5,9.2,2951,49,🔭LEAPS埋伏,HOLD,2
LUNR,2027-01-15,17.0,9.5,3193,48,🔭LEAPS埋伏,HOLD,2
HIMS,2027-01-15,50.0,6.0,5337,47,🔭LEAPS埋伏,HOLD,2
SMR,2027-01-15,30.0,5.25,3389,47,🔭LEAPS埋伏,HOLD,2
NVDA,2026-01-16,240.0,0.01,27500,46,🚬菸屁股 🔥萬人塚,HOLD,2
NVDA,2026-02-20,310.0,0.02,36986,46,🚬菸屁股 🔥萬人塚,HOLD,2
SMR,2027-01-15,15.0,9.25,2124,46,🔭LEAPS埋伏,HOLD,2
LUNR,2027-01-15,22.0,7.25,9204,44,🔭LEAPS埋伏,HOLD,2
NVDA,2026-01-16,230.0,0.01,36805,43,🚬菸屁股 🔥萬人塚,HOLD,2
CRWV,2027-01-15,240.0,9.8,2575,43,🔭LEAPS埋伏,HOLD,2
ZM,2027-01-15,100.0,6.6,4497,42,🔭LEAPS埋伏,HOLD,2
CRSP,2027-01-15,80.0,8.3,1263,41,🔭LEAPS埋伏,HOLD,2
JOBY,2028-01-21,20.0,6.5,2056,41,🔭LEAPS埋伏,HOLD,2
SOFI,2027-01-15,42.0,3.05,5617,40,🔭LEAPS埋伏,HOLD,2
ONDS,2028-01-21,30.0,5.55,8115,40,🔭LEAPS埋伏,HOLD,2
LUNR,2027-01-15,15.0,10.0,4163,40,🔭LEAPS埋伏,HOLD,2
TDOC,2027-01-15,15.0,0.56,6932,39,🔭LEAPS埋伏,HOLD,2
HIMS,2027-01-15,100.0,2.22,3916,39,🔭LEAPS埋伏,HOLD,2
HIMS,2027-01-15,75.0,3.75,1839,38,🔭LEAPS埋伏,HOLD,2
ACHR,2026-01-16,12.0,0.01,32291,38,🚬菸屁股 🔥萬人塚,HOLD,2
ACHR,2027-01-15,22.0,1.16,5419,38,🔭LEAPS埋伏,HOLD,2
SMR,2027-01-15,50.0,2.95,2971,37,🔭LEAPS埋伏,HOLD,2
NTLA,2027-01-15,15.0,4.5,2018,35,🔭LEAPS埋伏,HOLD,2
IBIT,2026-02-20,85.0,0.04,20413,34,🚬菸屁股 🔥萬人塚,HOLD,2
IONQ,2027-01-15,120.0,6.1,2861,34,🔭LEAPS埋伏,HOLD,2
SOFI,2027-01-15,47.0,2.4,5664,34,🔭LEAPS埋伏,HOLD,2
ACHR,2028-01-21,27.0,2.17,10498,34,🔭LEAPS埋伏,HOLD,2
SMCI,2027-01-15,35.0,7.0,3347,33,🔭LEAPS埋伏,HOLD,2
XYZ,2027-01-15,90.0,6.35,3796,32,🔭LEAPS埋伏,HOLD,2
SOFI,2028-06-16,32.0,9.65,7204,31,🔭LEAPS埋伏,HOLD,2
ONDS,2027-01-15,5.0,9.4,3818,31,🔭LEAPS埋伏,HOLD,2
NVDA,2026-03-20,360.0,0.04,22386,30,🚬菸屁股 🔥萬人塚,HOLD,2
TDOC,2027-01-15,25.0,0.29,2810,30,🔭LEAPS埋伏,HOLD,2
JOBY,2027-01-15,17.0,4.6,5320,30,🔭LEAPS埋伏,HOLD,2
JOBY,2028-01-21,15.0,7.85,2495,30,🔭LEAPS埋伏,HOLD,2
IBIT,2026-01-16,65.0,0.01,33629,28,🚬菸屁股 🔥萬人塚,HOLD,2
ACHR,2028-01-21,5.0,6.2,2579,28,🔭LEAPS埋伏,HOLD,2
IBIT,2026-01-16,35.0,19.25,26934,27,🚬菸屁股 🔥萬人塚,HOLD,2
PACB,2027-01-15,2.0,1.15,5252,27,🔭LEAPS埋伏,HOLD,2
ONDS,2027-01-15,4.5,9.65,1627,27,🔭LEAPS埋伏,HOLD,2
ONDS,2028-01-21,17.0,7.1,8609,27,🔭LEAPS埋伏,HOLD,2
ACHR,2027-01-15,4.0,5.75,4609,26,🔭LEAPS埋伏,HOLD,2
SMCI,2028-01-21,85.0,4.25,15111,25,🔭LEAPS埋伏,HOLD,2
TDOC,2027-01-15,12.5,0.7,1653,25,🔭LEAPS埋伏,HOLD,2
SMCI,2028-01-21,50.0,7.6,1628,24,🔭LEAPS埋伏,HOLD,2
PATH,2028-01-21,10.0,8.45,3119,24,🔭LEAPS埋伏,HOLD,2
DKNG,2027-01-15,50.0,3.2,13656,23,🔭LEAPS埋伏,HOLD,2
TDOC,2027-01-15,5.0,2.79,1524,21,🔭LEAPS埋伏,HOLD,2
NTLA,2027-01-15,10.0,5.7,1752,21,🔭LEAPS埋伏,HOLD,2
SOFI,2028-01-21,35.0,7.8,3422,20,🔭LEAPS埋伏,HOLD,2
HIMS,2027-01-15,90.0,2.54,2822,20,🔭LEAPS埋伏,HOLD,2
LUNR,2027-01-15,25.0,6.75,1937,20,🔭LEAPS埋伏,HOLD,2
TDOC,2027-01-15,17.5,0.45,2003,19,🔭LEAPS埋伏,HOLD,2
OKLO,2028-01-21,200.0,30.55,51943,18,👑超級萬人塚,HOLD,2
JOBY,2027-01-15,30.0,2.33,4552,18,🔭LEAPS埋伏,HOLD,2
ACHR,2027-01-15,17.0,1.6,7483,18,🔭LEAPS埋伏,HOLD,2
DKNG,2027-01-15,35.0,8.3,1704,17,🔭LEAPS埋伏,HOLD,2
U,2026-01-16,65.0,0.01,36548,17,🚬菸屁股 🔥萬人塚,HOLD,2
XYZ,2027-01-15,80.0,8.7,1912,17,🔭LEAPS埋伏,HOLD,2
SMR,2027-01-15,40.0,3.8,2181,17,🔭LEAPS埋伏,HOLD,2
NVDA,2026-01-16,280.0,0.01,25187,16,🚬菸屁股 🔥萬人塚,HOLD,2
NVDA,2026-01-16,222.0,0.01,20790,15,🚬菸屁股 🔥萬人塚,HOLD,2
SMCI,2027-01-15,105.0,1.18,6518,15,🔭LEAPS埋伏,HOLD,2
JOBY,2027-01-15,27.0,2.57,1545,15,🔭LEAPS埋伏,HOLD,2
JOBY,2028-01-21,10.0,9.7,1615,15,🔭LEAPS埋伏,HOLD,2
ACHR,2028-01-21,12.0,4.0,2400,15,🔭LEAPS埋伏,HOLD,2
LUNR,2027-01-15,30.0,5.75,1739,14,🔭LEAPS埋伏,HOLD,2
SMCI,2027-01-15,43.0,5.15,3698,12,🔭LEAPS埋伏,HOLD,2
SMCI,2027-01-15,55.0,3.4,4822,11,🔭LEAPS埋伏,HOLD,2
PACB,2028-01-21,2.0,1.7,4301,11,🔭LEAPS埋伏,HOLD,2
ACHR,2026-01-16,15.0,0.01,47654,11,🚬菸屁股 🔥萬人塚,HOLD,2
NNE,2027-01-15,40.0,8.5,1867,11,🔭LEAPS埋伏,HOLD,2
TSLA,2027-01-15,950.0,15.5,17250,10,🔭LEAPS埋伏,HOLD,2
SMCI,2027-01-15,65.0,2.61,3511,10,🔭LEAPS埋伏,HOLD,2
ACHR,2028-01-21,4.0,6.45,1544,10,🔭LEAPS埋伏,HOLD,2
SHOP,2026-02-20,140.0,24.5,22817,9,🚬菸屁股 🔥萬人塚,HOLD,2
SOFI,2028-06-16,35.0,8.8,2929,9,🔭LEAPS埋伏,HOLD,2
PACB,2027-01-15,3.0,0.9,2058,9,🔭LEAPS埋伏,HOLD,2
HIMS,2027-01-15,42.0,7.95,2218,9,🔭LEAPS埋伏,HOLD,2
JOBY,2027-01-15,25.0,3.0,3763,9,🔭LEAPS埋伏,HOLD,2
JOBY,2027-01-15,35.0,1.92,2424,9,🔭LEAPS埋伏,HOLD,2
PATH,2028-01-21,22.0,4.45,2317,8,🔭LEAPS埋伏,HOLD,2
COIN,2026-01-16,400.0,0.01,20717,7,🚬菸屁股 🔥萬人塚,HOLD,2
ZM,2027-01-15,90.0,9.8,2122,7,🔭LEAPS埋伏,HOLD,2
SMR,2027-01-15,80.0,1.74,3475,7,🔭LEAPS埋伏,HOLD,2
SMCI,2027-01-15,42.0,5.4,1592,6,🔭LEAPS埋伏,HOLD,2
PACB,2027-01-15,1.0,1.6,2655,6,🔭LEAPS埋伏,HOLD,2
ACHR,2027-01-15,3.0,6.65,4383,6,🔭LEAPS埋伏,HOLD,2
IBIT,2027-01-15,135.0,0.84,12058,5,🔭LEAPS埋伏,HOLD,2
IONQ,2027-01-15,100.0,7.65,2232,5,🔭LEAPS埋伏,HOLD,2
SOFI,2028-06-16,42.0,7.25,2509,5,🔭LEAPS埋伏,HOLD,2
U,2027-01-15,65.0,7.5,2465,5,🔭LEAPS埋伏,HOLD,2
PACB,2027-01-15,5.0,0.75,2861,5,🔭LEAPS埋伏,HOLD,2
ACHR,2026-01-16,20.0,0.01,24289,5,🚬菸屁股 🔥萬人塚,HOLD,2
SMCI,2028-01-21,90.0,4.1,2508,4,🔭LEAPS埋伏,HOLD,2
SOFI,2028-01-21,37.0,8.5,1562,4,🔭LEAPS埋伏,HOLD,2
SOFI,2028-01-21,42.0,6.2,8562,4,🔭LEAPS埋伏,HOLD,2
IBIT,2026-01-16,75.0,0.01,35578,3,🚬菸屁股 🔥萬人塚,HOLD,2
IONQ,2027-01-15,90.0,8.45,1960,3,🔭LEAPS埋伏,HOLD,2
TDOC,2027-01-15,20.0,0.37,6708,3,🔭LEAPS埋伏,HOLD,2
HIMS,2027-01-15,80.0,3.5,4498,3,🔭LEAPS埋伏,HOLD,2
HIMS,2027-01-15,105.0,1.96,3615,3,🔭LEAPS埋伏,HOLD,2
CRWV,2026-01-16,180.0,0.01,24081,3,🚬菸屁股 🔥萬人塚,HOLD,2
IBIT,2026-01-16,90.0,0.01,40748,2,🚬菸屁股 🔥萬人塚,HOLD,2
DKNG,2027-01-15,45.0,4.5,5401,2,🔭LEAPS埋伏,HOLD,2
DKNG,2027-01-15,55.0,2.55,6657,2,🔭LEAPS埋伏,HOLD,2
JOBY,2027-01-15,7.0,9.65,6851,2,🔭LEAPS埋伏,HOLD,2
NVDA,2026-01-16,420.0,0.01,22546,1,🚬菸屁股 🔥萬人塚,HOLD,2
DKNG,2027-01-15,60.0,2.0,11320,1,🔭LEAPS埋伏,HOLD,2
DKNG,2027-01-15,70.0,0.96,3755,1,🔭LEAPS埋伏,HOLD,2
XYZ,2027-01-15,115.0,3.4,1551,1,🔭LEAPS埋伏,HOLD,2
XYZ,2027-01-15,130.0,2.07,1718,1,🔭LEAPS埋伏,HOLD,2
NTLA,2027-01-15,35.0,2.2,1977,1,🔭LEAPS埋伏,HOLD,2
LUNR,2027-01-15,32.0,5.5,2101,1,🔭LEAPS埋伏,HOLD,2
IBIT,2026-01-16,115.0,0.01,23009,0,🚬菸屁股 🔥萬人塚,HOLD,2
IBIT,2026-01-16,120.0,0.01,27519,0,🚬菸屁股 🔥萬人塚,HOLD,2
SMCI,2027-01-15,41.0,5.5,2134,0,🔭LEAPS埋伏,HOLD,2
SMCI,2027-01-15,59.0,3.1,1752,0,🔭LEAPS埋伏,HOLD,2
SMCI,2027-01-15,72.0,2.16,3717,0,🔭LEAPS埋伏,HOLD,2
UPST,2027-01-15,80.0,7.75,1907,0,🔭LEAPS埋伏,HOLD,2
UPST,2027-01-15,125.0,4.15,2075,0,🔭LEAPS埋伏,HOLD,2
PATH,2026-01-16,35.0,0.01,22526,0,🚬菸屁股 🔥萬人塚,HOLD,2
TDOC,2026-01-16,10.0,0.01,38924,0,🚬菸屁股 🔥萬人塚,HOLD,2
TDOC,2027-01-15,22.5,0.32,4413,0,🔭LEAPS埋伏,HOLD,2
ZM,2027-01-15,110.0,4.75,3063,0,🔭LEAPS埋伏,HOLD,2
ZM,2027-01-15,130.0,2.09,1763,0,🔭LEAPS埋伏,HOLD,2
XYZ,2027-01-15,125.0,2.27,3357,0,🔭LEAPS埋伏,HOLD,2
PACB,2027-01-15,1.5,1.5,2999,0,🔭LEAPS埋伏,HOLD,2
PACB,2027-01-15,4.0,0.9,1672,0,🔭LEAPS埋伏,HOLD,2
PACB,2028-01-21,1.5,1.85,5326,0,🔭LEAPS埋伏,HOLD,2
JOBY,2027-01-15,22.0,3.5,2113,0,🔭LEAPS埋伏,HOLD,2
NNE,2027-01-15,90.0,2.85,2238,0,🔭LEAPS埋伏,HOLD,2
TSLA,2026-01-16,440.0,2.97,12581,89578,🚬菸屁股,HOLD,1
NVDA,2026-01-16,186.0,2.0,16367,37790,🚬菸屁股,HOLD,1
AMD,2026-01-16,230.0,1.7,19241,30510,🚬菸屁股,HOLD,1
RKLB,2026-01-16,95.0,0.61,4088,24290,🚬菸屁股,HOLD,1
SOFI,2026-01-23,28.0,0.26,17447,18783,🚬菸屁股,HOLD,1
NVDA,2026-01-23,185.0,4.85,16614,18402,🚬菸屁股,HOLD,1
PLTR,2026-01-16,187.5,0.07,12045,16092,🚬菸屁股,HOLD,1
ONDS,2026-01-16,13.5,0.3,10867,15800,🚬菸屁股,HOLD,1
MSTR,2026-01-23,195.0,1.17,11574,14782,🚬菸屁股,HOLD,1
MSTR,2026-01-23,200.0,0.85,10019,14751,🚬菸屁股,HOLD,1
SMCI,2026-01-16,30.0,0.21,17429,13971,🚬菸屁股,HOLD,1
PLTR,2026-01-16,192.5,0.03,16090,12036,🚬菸屁股,HOLD,1
MSTR,2026-01-16,172.5,2.38,12384,11689,🚬菸屁股,HOLD,1
ONDS,2026-01-16,13.0,0.44,10523,11326,🚬菸屁股,HOLD,1
TSLA,2026-01-16,465.0,0.07,13775,11150,🚬菸屁股,HOLD,1
SOFI,2026-01-16,27.5,0.06,11275,10721,🚬菸屁股,HOLD,1
RKLB,2026-01-16,90.0,2.4,8980,10648,🚬菸屁股,HOLD,1
COIN,2026-01-16,262.5,0.16,13534,10283,🚬菸屁股,HOLD,1
ASTS,2026-01-16,100.0,3.2,13506,9710,🚬菸屁股,HOLD,1
TSLA,2026-01-16,420.0,19.1,10570,9510,🚬菸屁股,HOLD,1
TSLA,2026-01-16,475.0,0.04,14577,9267,🚬菸屁股,HOLD,1
MSTR,2026-01-16,182.0,0.47,14097,9085,🚬菸屁股,HOLD,1
NVDA,2026-01-16,182.5,5.0,10001,8209,🚬菸屁股,HOLD,1
MSTR,2026-01-16,200.0,0.09,13757,8150,🚬菸屁股,HOLD,1
SMCI,2026-01-16,29.0,0.67,7124,7929,🚬菸屁股,HOLD,1
ACHR,2026-01-16,9.5,0.04,19607,7791,🚬菸屁股,HOLD,1
SOFI,2026-01-16,26.5,0.31,4472,7543,🚬菸屁股,HOLD,1
SOFI,2026-01-23,27.0,0.54,11080,7510,🚬菸屁股,HOLD,1
AMD,2026-01-16,222.5,6.35,10466,6908,🚬菸屁股,HOLD,1
HOOD,2026-01-23,120.0,0.68,2760,6653,🚬菸屁股,HOLD,1
IREN,2026-01-16,53.0,0.83,4966,6316,🚬菸屁股,HOLD,1
IREN,2026-01-16,54.0,0.55,5221,6160,🚬菸屁股,HOLD,1
PLTR,2026-01-16,195.0,0.03,18535,6134,🚬菸屁股,HOLD,1
PATH,2026-01-16,16.0,0.02,11572,6062,🚬菸屁股,HOLD,1
PATH,2026-03-20,20.0,0.62,17335,5941,🚬菸屁股,HOLD,1
RKLB,2026-01-16,100.0,0.15,15578,5412,🚬菸屁股,HOLD,1
CRWV,2026-01-16,95.0,1.96,6709,5395,🚬菸屁股,HOLD,1
TSLA,2026-01-16,480.0,0.03,18732,5329,🚬菸屁股,HOLD,1
ONDS,2026-01-23,13.5,0.7,3803,5257,🚬菸屁股,HOLD,1
SOFI,2026-01-23,26.5,0.79,4282,5102,🚬菸屁股,HOLD,1
MSTR,2026-01-16,170.0,3.5,17003,5081,🚬菸屁股,HOLD,1
COIN,2026-01-16,270.0,0.09,12885,5066,🚬菸屁股,HOLD,1
NVDA,2026-01-16,183.0,4.5,10872,4632,🚬菸屁股,HOLD,1
IREN,2026-01-23,55.0,1.72,3281,4583,🚬菸屁股,HOLD,1
ACHR,2026-01-23,9.0,0.35,3770,4550,🚬菸屁股,HOLD,1
IBIT,2026-01-23,55.5,0.65,15907,4452,🚬菸屁股,HOLD,1
NVDA,2026-01-16,182.0,5.5,13766,4370,🚬菸屁股,HOLD,1
IREN,2026-01-16,52.0,1.2,3390,4334,🚬菸屁股,HOLD,1
MSTR,2026-01-23,210.0,0.53,10324,4283,🚬菸屁股,HOLD,1
TSLA,2026-01-23,500.0,0.16,11000,4084,🚬菸屁股,HOLD,1
ONDS,2026-01-23,13.0,0.91,1971,3939,🚬菸屁股,HOLD,1
SMCI,2026-01-16,29.5,0.39,3446,3806,🚬菸屁股,HOLD,1
IBIT,2026-01-16,54.0,0.51,18751,3711,🚬菸屁股,HOLD,1
ONDS,2026-01-16,16.0,0.06,11328,3708,🚬菸屁股,HOLD,1
HOOD,2026-01-16,122.0,0.05,6674,3680,🚬菸屁股,HOLD,1
XYZ,2026-01-16,70.0,0.02,13359,3611,🚬菸屁股,HOLD,1
ONDS,2026-01-23,14.5,0.46,7894,3602,🚬菸屁股,HOLD,1
RKLB,2026-01-23,100.0,1.6,3131,3438,🚬菸屁股,HOLD,1
SMR,2026-01-16,20.0,0.1,15322,3418,🚬菸屁股,HOLD,1
NBIS,2026-01-16,105.0,1.91,3916,3394,🚬菸屁股,HOLD,1
SOFI,2026-01-23,29.0,0.12,7614,3127,🚬菸屁股,HOLD,1
ONDS,2026-03-20,15.0,2.0,13748,3105,🚬菸屁股,HOLD,1
TSLA,2026-02-20,500.0,7.5,17491,3037,🚬菸屁股,HOLD,1
IREN,2026-01-16,50.0,2.45,19761,3029,🚬菸屁股,HOLD,1
CRWV,2026-01-16,120.0,0.03,17549,2914,🚬菸屁股,HOLD,1
U,2026-02-20,50.0,2.25,10431,2902,🚬菸屁股,HOLD,1
NBIS,2026-01-16,115.0,0.12,7237,2895,🚬菸屁股,HOLD,1
PLTR,2026-01-23,195.0,0.37,12992,2823,🚬菸屁股,HOLD,1
IBIT,2026-03-20,50.0,6.45,10304,2761,🚬菸屁股,HOLD,1
IBIT,2026-05-15,70.0,1.37,13292,2584,🚬菸屁股,HOLD,1
HIMS,2026-01-16,33.0,0.09,5336,2574,🚬菸屁股,HOLD,1
SMCI,2026-01-23,30.5,0.59,3230,2539,🚬菸屁股,HOLD,1
JOBY,2026-02-20,15.0,1.7,7452,2535,🚬菸屁股,HOLD,1
PATH,2026-01-16,15.5,0.05,2037,2527,🚬菸屁股,HOLD,1
OKLO,2026-01-16,110.0,0.05,7147,2520,🚬菸屁股,HOLD,1
SOFI,2026-01-16,29.5,0.02,9459,2462,🚬菸屁股,HOLD,1
TSLA,2026-01-16,490.0,0.02,13265,2406,🚬菸屁股,HOLD,1
SMCI,2026-01-23,31.0,0.46,17553,2362,🚬菸屁股,HOLD,1
U,2026-01-23,47.0,0.6,8004,2360,🚬菸屁股,HOLD,1
PATH,2026-02-20,18.0,0.32,14287,2355,🚬菸屁股,HOLD,1
IREN,2026-02-20,60.0,4.15,16367,2346,🚬菸屁股,HOLD,1
CRWV,2026-01-23,95.0,4.95,2185,2345,🚬菸屁股,HOLD,1
ONDS,2026-02-20,14.0,1.6,3919,2320,🚬菸屁股,HOLD,1
IREN,2026-01-23,60.0,0.68,2300,2265,🚬菸屁股,HOLD,1
SMCI,2026-01-23,29.0,1.25,17068,2218,🚬菸屁股,HOLD,1
SOFI,2026-01-16,26.0,0.62,7218,2186,🚬菸屁股,HOLD,1
ONDS,2026-01-16,12.5,0.79,4299,2133,🚬菸屁股,HOLD,1
SOFI,2026-01-23,28.5,0.19,3221,2123,🚬菸屁股,HOLD,1
HOOD,2026-01-16,123.0,0.11,4994,2098,🚬菸屁股,HOLD,1
LUNR,2026-01-16,20.0,0.41,11144,2091,🚬菸屁股,HOLD,1
IBIT,2026-02-20,53.0,3.45,14945,2089,🚬菸屁股,HOLD,1
SOFI,2026-02-20,27.0,1.92,12202,2076,🚬菸屁股,HOLD,1
AMD,2026-01-16,270.0,0.02,12689,2049,🚬菸屁股,HOLD,1
JOBY,2026-01-16,15.0,0.47,8689,2024,🚬菸屁股,HOLD,1
IBIT,2026-01-23,59.0,0.11,18331,2021,🚬菸屁股,HOLD,1
IBIT,2026-01-16,53.5,0.82,11691,2002,🚬菸屁股,HOLD,1
NVDA,2026-01-16,160.0,27.25,43944,1974,🔥萬人塚,HOLD,1
IBIT,2026-02-20,56.0,1.94,15174,1924,🚬菸屁股,HOLD,1
AMD,2026-01-16,210.0,18.8,12397,1906,🚬菸屁股,HOLD,1
HOOD,2026-01-16,127.0,0.07,3388,1905,🚬菸屁股,HOLD,1
ACHR,2026-04-17,10.0,1.1,12521,1867,🚬菸屁股,HOLD,1
PLTR,2026-01-16,40.0,137.7,20119,1842,🔥萬人塚,HOLD,1
NVDA,2026-01-16,150.0,37.5,34554,1812,🔥萬人塚,HOLD,1
NVDA,2026-05-15,200.0,13.55,14736,1800,🚬菸屁股,HOLD,1
XYZ,2026-01-16,71.0,0.02,4282,1795,🚬菸屁股,HOLD,1
PLTR,2026-02-20,190.0,8.0,10084,1791,🚬菸屁股,HOLD,1
DKNG,2026-02-20,40.0,1.02,15778,1769,🚬菸屁股,HOLD,1
NVDA,2026-04-17,220.0,5.35,11307,1765,🚬菸屁股,HOLD,1
IREN,2026-03-20,60.0,6.55,20821,1744,🔥萬人塚,HOLD,1
SMCI,2026-01-16,28.5,1.06,1967,1743,🚬菸屁股,HOLD,1
DKNG,2026-01-16,36.0,0.23,7884,1721,🚬菸屁股,HOLD,1
IBIT,2026-01-23,62.0,0.03,10408,1685,🚬菸屁股,HOLD,1
SMCI,2026-01-16,33.0,0.03,15663,1678,🚬菸屁股,HOLD,1
IBIT,2026-01-16,58.0,0.01,17488,1645,🚬菸屁股,HOLD,1
NVDA,2026-02-20,175.0,16.45,13012,1613,🚬菸屁股,HOLD,1
COIN,2026-01-16,280.0,0.06,14857,1594,🚬菸屁股,HOLD,1
SMCI,2026-01-16,28.0,1.53,6103,1533,🚬菸屁股,HOLD,1
OKLO,2026-01-16,105.0,0.1,3315,1517,🚬菸屁股,HOLD,1
SMCI,2026-01-16,35.0,0.02,10625,1462,🚬菸屁股,HOLD,1
NVDA,2026-04-17,190.0,15.15,16073,1459,🚬菸屁股,HOLD,1
IONQ,2026-01-16,51.0,0.21,2583,1447,🚬菸屁股,HOLD,1
NVDA,2026-01-16,179.0,9.35,10307,1414,🚬菸屁股,HOLD,1
SMCI,2026-02-20,35.0,1.14,16311,1412,🚬菸屁股,HOLD,1
IONQ,2026-01-16,55.0,0.05,9266,1406,🚬菸屁股,HOLD,1
IBIT,2026-01-23,61.0,0.05,11573,1345,🚬菸屁股,HOLD,1
NVDA,2026-05-15,220.0,7.55,10929,1340,🚬菸屁股,HOLD,1
NVDA,2026-03-20,300.0,0.13,10725,1338,🚬菸屁股,HOLD,1
IBIT,2026-05-15,120.0,0.12,10742,1332,🚬菸屁股,HOLD,1
PATH,2026-01-23,17.0,0.1,3073,1324,🚬菸屁股,HOLD,1
IREN,2026-01-16,57.0,0.12,4862,1307,🚬菸屁股,HOLD,1
PATH,2026-02-20,16.0,0.67,8727,1306,🚬菸屁股,HOLD,1
SMR,2026-01-16,21.0,0.03,8183,1301,🚬菸屁股,HOLD,1
PATH,2026-01-23,16.0,0.15,3105,1265,🚬菸屁股,HOLD,1
COIN,2026-01-16,300.0,0.02,11178,1204,🚬菸屁股,HOLD,1
ACHR,2026-01-23,8.5,0.63,1657,1195,🚬菸屁股,HOLD,1
IONQ,2026-01-16,49.0,0.61,1740,1170,🚬菸屁股,HOLD,1
SMR,2026-01-23,19.0,1.01,2600,1161,🚬菸屁股,HOLD,1
SMCI,2026-02-20,30.0,2.64,9727,1160,🚬菸屁股,HOLD,1
CRWV,2026-02-20,120.0,3.85,9633,1136,🚬菸屁股,HOLD,1
IREN,2026-01-16,56.0,0.22,2868,1123,🚬菸屁股,HOLD,1
ONDS,2026-01-16,15.5,0.08,4798,1110,🚬菸屁股,HOLD,1
NVDA,2026-04-17,230.0,3.7,11115,1104,🚬菸屁股,HOLD,1
SOFI,2026-02-20,28.0,1.52,13426,1102,🚬菸屁股,HOLD,1
NBIS,2026-01-16,100.0,4.95,6042,1088,🚬菸屁股,HOLD,1
SOFI,2026-02-20,31.0,0.74,14506,1067,🚬菸屁股,HOLD,1
HOOD,2026-02-20,140.0,1.61,7905,1051,🚬菸屁股,HOLD,1
ACHR,2026-01-16,8.5,0.49,6235,1048,🚬菸屁股,HOLD,1
IBIT,2026-02-20,65.0,0.29,13621,1040,🚬菸屁股,HOLD,1
COIN,2026-02-20,260.0,10.55,16300,1038,🚬菸屁股,HOLD,1
IBIT,2026-02-20,70.0,0.15,16566,1031,🚬菸屁股,HOLD,1
LUNR,2026-01-16,21.0,0.15,1579,1025,🚬菸屁股,HOLD,1
SMCI,2026-02-20,32.0,1.93,4018,1018,🚬菸屁股,HOLD,1
IONQ,2026-01-16,53.0,0.14,2764,1004,🚬菸屁股,HOLD,1
NVDA,2026-01-16,80.0,108.5,26789,956,🔥萬人塚,HOLD,1
SMCI,2026-01-23,34.0,0.13,3221,949,🚬菸屁股,HOLD,1
XYZ,2026-01-16,74.0,0.02,4274,940,🚬菸屁股,HOLD,1
IONQ,2026-02-20,55.0,2.88,3861,930,🚬菸屁股,HOLD,1
HOOD,2026-03-20,150.0,2.09,8401,930,🚬菸屁股,HOLD,1
HIMS,2026-01-16,34.0,0.04,4375,929,🚬菸屁股,HOLD,1
LUNR,2026-01-16,19.0,1.0,2696,928,🚬菸屁股,HOLD,1
IREN,2026-01-16,58.0,0.09,2744,926,🚬菸屁股,HOLD,1
PATH,2026-02-20,15.0,1.05,5389,890,🚬菸屁股,HOLD,1
PATH,2026-02-20,17.0,0.45,10672,885,🚬菸屁股,HOLD,1
ONDS,2026-03-20,13.0,2.68,13549,868,🚬菸屁股,HOLD,1
ONDS,2026-03-20,14.0,2.32,4153,850,🚬菸屁股,HOLD,1
CRWV,2026-01-16,92.5,4.7,2203,848,🚬菸屁股,HOLD,1
SMCI,2026-02-20,29.0,3.15,4305,840,🚬菸屁股,HOLD,1
CRWV,2026-01-16,92.0,4.0,1882,831,🚬菸屁股,HOLD,1
IREN,2026-02-20,65.0,3.0,3853,824,🚬菸屁股,HOLD,1
LUNR,2026-02-20,20.0,2.45,4443,819,🚬菸屁股,HOLD,1
RKLB,2026-01-16,97.0,0.36,1271,811,🚬菸屁股,HOLD,1
HOOD,2026-01-23,135.0,0.07,1835,803,🚬菸屁股,HOLD,1
ONDS,2026-01-23,16.0,0.33,2127,802,🚬菸屁股,HOLD,1
NBIS,2026-01-16,120.0,0.08,6985,799,🚬菸屁股,HOLD,1
NBIS,2026-01-23,120.0,0.93,2268,795,🚬菸屁股,HOLD,1
SOFI,2026-02-20,26.0,2.4,5482,793,🚬菸屁股,HOLD,1
IBIT,2026-02-20,58.0,1.27,19166,787,🚬菸屁股,HOLD,1
PATH,2026-01-16,17.0,0.02,6040,783,🚬菸屁股,HOLD,1
SOFI,2026-03-20,27.0,2.58,5644,781,🚬菸屁股,HOLD,1
HOOD,2026-01-16,128.0,0.03,2607,769,🚬菸屁股,HOLD,1
CRWV,2026-02-20,125.0,3.1,13399,769,🚬菸屁股,HOLD,1
SMR,2026-01-16,19.5,0.22,2186,765,🚬菸屁股,HOLD,1
SMR,2026-01-16,21.5,0.05,1727,765,🚬菸屁股,HOLD,1
PATH,2026-05-15,16.0,1.99,9029,759,🚬菸屁股,HOLD,1
NTLA,2026-01-16,10.0,2.8,4124,756,🚬菸屁股,HOLD,1
JOBY,2026-03-20,20.0,0.94,5885,755,🚬菸屁股,HOLD,1
NVDA,2026-05-15,190.0,17.8,13350,742,🚬菸屁股,HOLD,1
SMCI,2026-03-20,40.0,1.09,10901,739,🚬菸屁股,HOLD,1
VRT,2026-01-16,175.0,1.75,4201,738,🚬菸屁股,HOLD,1
ACHR,2026-04-17,9.0,1.47,8588,737,🚬菸屁股,HOLD,1
NVDA,2026-01-16,212.0,0.01,12217,734,🚬菸屁股,HOLD,1
ONDS,2026-01-16,17.0,0.04,11303,723,🚬菸屁股,HOLD,1
IREN,2026-02-20,70.0,2.13,6684,717,🚬菸屁股,HOLD,1
SMCI,2026-01-23,33.0,0.18,1971,716,🚬菸屁股,HOLD,1
NVDA,2026-01-16,130.0,58.5,25839,711,🔥萬人塚,HOLD,1
PLTR,2026-02-20,220.0,2.04,10055,710,🚬菸屁股,HOLD,1
CRWV,2026-02-20,140.0,1.71,8198,710,🚬菸屁股,HOLD,1
HIMS,2026-02-20,35.0,1.34,3171,705,🚬菸屁股,HOLD,1
SMR,2026-01-23,20.0,0.63,7705,703,🚬菸屁股,HOLD,1
NVDA,2026-01-16,0.5,187.05,38723,696,🔥萬人塚,HOLD,1
CRWV,2026-01-16,125.0,0.02,7284,692,🚬菸屁股,HOLD,1
HIMS,2026-01-16,32.5,0.13,1871,672,🚬菸屁股,HOLD,1
IREN,2026-01-16,65.0,0.01,15948,671,🚬菸屁股,HOLD,1
U,2026-01-16,50.0,0.03,14637,662,🚬菸屁股,HOLD,1
HIMS,2026-03-20,40.0,1.79,7373,650,🚬菸屁股,HOLD,1
LUNR,2026-03-20,20.0,3.3,3943,645,🚬菸屁股,HOLD,1
IBIT,2026-05-15,80.0,0.59,10379,631,🚬菸屁股,HOLD,1
ASTS,2026-02-20,150.0,2.68,6013,631,🚬菸屁股,HOLD,1
PATH,2026-01-16,16.5,0.02,4600,625,🚬菸屁股,HOLD,1
HIMS,2026-01-16,35.0,0.03,7295,623,🚬菸屁股,HOLD,1
PLTR,2026-02-20,210.0,3.3,13839,622,🚬菸屁股,HOLD,1
KTOS,2026-01-16,125.0,2.25,1965,620,🚬菸屁股,HOLD,1
NVDA,2026-01-16,165.0,22.25,13605,614,🚬菸屁股,HOLD,1
MSTR,2026-03-20,300.0,2.19,10770,604,🚬菸屁股,HOLD,1
ACHR,2026-04-17,12.0,0.66,8232,599,🚬菸屁股,HOLD,1
SMCI,2026-01-23,35.0,0.09,3871,593,🚬菸屁股,HOLD,1
LUNR,2026-01-16,18.5,1.42,1571,578,🚬菸屁股,HOLD,1
SMCI,2026-01-23,28.0,1.89,1732,577,🚬菸屁股,HOLD,1
SMR,2026-03-20,20.0,2.93,5181,577,🚬菸屁股,HOLD,1
SOFI,2026-03-20,35.0,0.6,14475,573,🚬菸屁股,HOLD,1
NVDA,2026-01-16,100.0,87.85,46737,563,🔥萬人塚,HOLD,1
RKLB,2026-01-16,105.0,0.05,2302,551,🚬菸屁股,HOLD,1
XYZ,2026-01-16,65.0,0.67,6006,547,🚬菸屁股,HOLD,1
TSLA,2026-02-20,550.0,2.5,10091,539,🚬菸屁股,HOLD,1
COIN,2026-03-20,270.0,13.5,15764,531,🚬菸屁股,HOLD,1
SOFI,2026-03-20,29.0,2.02,4644,528,🚬菸屁股,HOLD,1
ONDS,2026-01-16,18.0,0.02,4918,528,🚬菸屁股,HOLD,1
PATH,2026-05-15,17.0,1.67,6649,523,🚬菸屁股,HOLD,1
TSLA,2026-03-20,600.0,3.35,11421,519,🚬菸屁股,HOLD,1
SMR,2026-03-20,25.0,1.62,2579,514,🚬菸屁股,HOLD,1
SOFI,2026-03-20,26.0,3.1,3787,506,🚬菸屁股,HOLD,1
SOFI,2026-01-16,31.0,0.01,13417,501,🚬菸屁股,HOLD,1
HOOD,2026-01-16,140.0,0.01,10853,489,🚬菸屁股,HOLD,1
VST,2026-02-20,200.0,4.35,1782,477,🚬菸屁股,HOLD,1
SMCI,2026-01-16,31.5,0.06,4057,467,🚬菸屁股,HOLD,1
HIMS,2026-01-16,40.0,0.02,12277,465,🚬菸屁股,HOLD,1
ONDS,2026-01-16,11.5,1.7,2036,463,🚬菸屁股,HOLD,1
ACHR,2026-01-16,5.0,3.95,13836,460,🚬菸屁股,HOLD,1
LUNR,2026-01-16,19.5,0.6,2128,458,🚬菸屁股,HOLD,1
U,2026-04-17,50.0,3.95,1860,454,🚬菸屁股,HOLD,1
JOBY,2026-03-20,17.0,1.61,2653,453,🚬菸屁股,HOLD,1
LUNR,2026-01-16,20.5,0.24,1637,448,🚬菸屁股,HOLD,1
SOFI,2026-02-20,29.0,1.19,7952,443,🚬菸屁股,HOLD,1
PATH,2026-02-20,19.0,0.22,12045,440,🚬菸屁股,HOLD,1
SMR,2026-02-20,20.0,1.92,6319,440,🚬菸屁股,HOLD,1
NVDA,2026-03-20,165.0,28.05,21399,437,🔥萬人塚,HOLD,1
HIMS,2026-02-20,40.0,0.55,5378,435,🚬菸屁股,HOLD,1
ONDS,2026-03-20,11.0,3.7,4704,431,🚬菸屁股,HOLD,1
SOFI,2026-02-20,35.0,0.33,9293,425,🚬菸屁股,HOLD,1
U,2026-01-16,42.0,2.27,4651,419,🚬菸屁股,HOLD,1
DKNG,2026-02-20,45.0,0.32,4998,418,🚬菸屁股,HOLD,1
OKLO,2026-02-20,120.0,3.3,1686,410,🚬菸屁股,HOLD,1
SOFI,2026-02-20,40.0,0.13,7775,406,🚬菸屁股,HOLD,1
NTLA,2026-01-16,11.0,1.35,2080,391,🚬菸屁股,HOLD,1
ONDS,2026-03-20,17.0,1.77,5339,390,🚬菸屁股,HOLD,1
SMCI,2026-01-16,34.0,0.02,5772,386,🚬菸屁股,HOLD,1
SOFI,2026-01-23,32.0,0.04,4511,385,🚬菸屁股,HOLD,1
IBIT,2026-03-20,68.0,0.55,14291,379,🚬菸屁股,HOLD,1
SOFI,2026-02-20,33.0,0.45,10066,379,🚬菸屁股,HOLD,1
NBIS,2026-01-16,125.0,0.05,3962,377,🚬菸屁股,HOLD,1
OKLO,2026-01-16,115.0,0.04,4450,376,🚬菸屁股,HOLD,1
SMCI,2026-02-20,33.0,1.61,3267,373,🚬菸屁股,HOLD,1
IONQ,2026-01-16,60.0,0.02,9334,370,🚬菸屁股,HOLD,1
OKLO,2026-01-16,120.0,0.03,4773,368,🚬菸屁股,HOLD,1
ONDS,2026-02-20,16.0,1.2,1884,362,🚬菸屁股,HOLD,1
PATH,2026-05-15,15.0,2.36,4931,353,🚬菸屁股,HOLD,1
DKNG,2026-03-20,35.0,3.6,12814,346,🚬菸屁股,HOLD,1
NVDA,2026-03-20,150.0,40.35,37939,342,🔥萬人塚,HOLD,1
IONQ,2026-02-20,60.0,1.89,2314,342,🚬菸屁股,HOLD,1
IBIT,2026-03-20,56.0,3.1,12373,340,🚬菸屁股,HOLD,1
IBIT,2026-01-16,51.0,3.15,14316,337,🚬菸屁股,HOLD,1
U,2026-03-20,45.0,4.95,2167,337,🚬菸屁股,HOLD,1
SOFI,2026-04-17,27.0,3.15,5116,335,🚬菸屁股,HOLD,1
LUNR,2026-01-16,25.0,0.03,5626,335,🚬菸屁股,HOLD,1
SOFI,2027-01-15,20.0,10.25,36062,329,🔥萬人塚,HOLD,1
SMR,2026-03-20,22.0,2.31,2582,328,🚬菸屁股,HOLD,1
SOFI,2026-01-23,30.5,0.07,1920,326,🚬菸屁股,HOLD,1
LUNR,2026-01-16,15.0,4.7,8412,323,🚬菸屁股,HOLD,1
VRT,2026-01-16,170.0,4.2,5925,319,🚬菸屁股,HOLD,1
PATH,2026-03-20,16.0,1.44,1862,313,🚬菸屁股,HOLD,1
U,2026-03-20,50.0,3.15,9757,312,🚬菸屁股,HOLD,1
ROKU,2026-01-16,115.0,0.04,2646,310,🚬菸屁股,HOLD,1
IBIT,2026-02-20,80.0,0.05,10219,307,🚬菸屁股,HOLD,1
SOFI,2026-02-20,34.0,0.39,4746,305,🚬菸屁股,HOLD,1
SOFI,2026-03-20,25.0,3.65,12980,296,🚬菸屁股,HOLD,1
HIMS,2026-02-20,45.0,0.33,4518,296,🚬菸屁股,HOLD,1
IREN,2026-03-20,70.0,4.25,7938,295,🚬菸屁股,HOLD,1
ASTS,2026-01-16,150.0,0.02,6061,294,🚬菸屁股,HOLD,1
ZM,2026-01-16,80.0,2.27,2127,294,🚬菸屁股,HOLD,1
ACHR,2026-04-17,11.0,0.86,6491,291,🚬菸屁股,HOLD,1
XYZ,2026-03-20,80.0,1.53,15001,290,🚬菸屁股,HOLD,1
JOBY,2026-01-16,14.0,1.4,2899,290,🚬菸屁股,HOLD,1
ONDS,2026-01-16,11.0,2.13,4841,288,🚬菸屁股,HOLD,1
IONQ,2026-01-16,54.0,0.07,1597,287,🚬菸屁股,HOLD,1
PATH,2026-05-15,18.0,1.47,6347,287,🚬菸屁股,HOLD,1
HOOD,2026-02-20,290.0,0.02,1579,286,🚬菸屁股,HOLD,1
ONDS,2026-02-20,21.0,0.48,8027,284,🚬菸屁股,HOLD,1
JOBY,2026-01-16,18.0,0.02,3656,284,🚬菸屁股,HOLD,1
SMR,2026-03-20,30.0,0.93,6928,284,🚬菸屁股,HOLD,1
IREN,2026-01-16,70.0,0.01,17335,283,🚬菸屁股,HOLD,1
HOOD,2026-02-20,145.0,1.25,2915,278,🚬菸屁股,HOLD,1
TSLA,2026-02-20,600.0,0.9,17854,276,🚬菸屁股,HOLD,1
SMCI,2026-03-20,31.0,3.1,1847,273,🚬菸屁股,HOLD,1
SMCI,2026-05-15,39.0,2.27,2277,271,🚬菸屁股,HOLD,1
ACHR,2026-04-17,7.0,2.85,2900,270,🚬菸屁股,HOLD,1
PATH,2026-01-16,18.0,0.01,8549,268,🚬菸屁股,HOLD,1
U,2026-01-16,47.0,0.11,5700,266,🚬菸屁股,HOLD,1
DKNG,2026-01-16,38.0,0.02,4926,262,🚬菸屁股,HOLD,1
HIMS,2026-02-20,33.0,1.93,2252,260,🚬菸屁股,HOLD,1
HOOD,2026-02-20,160.0,0.57,2899,259,🚬菸屁股,HOLD,1
SOFI,2026-01-16,31.5,0.01,2915,258,🚬菸屁股,HOLD,1
XYZ,2026-01-16,67.5,0.09,7664,257,🚬菸屁股,HOLD,1
SMR,2026-02-20,23.0,1.11,4349,257,🚬菸屁股,HOLD,1
SOFI,2026-04-17,28.0,2.73,3293,255,🚬菸屁股,HOLD,1
LUNR,2026-01-16,16.0,3.6,2387,254,🚬菸屁股,HOLD,1
SOFI,2026-01-16,17.0,9.55,22660,253,🔥萬人塚,HOLD,1
PATH,2026-05-15,19.0,1.22,3876,253,🚬菸屁股,HOLD,1
HIMS,2026-01-16,34.5,0.04,3069,253,🚬菸屁股,HOLD,1
CRWV,2026-03-20,180.0,1.51,9083,252,🚬菸屁股,HOLD,1
XYZ,2026-01-16,75.0,0.01,3531,249,🚬菸屁股,HOLD,1
PACB,2026-01-16,2.0,0.35,10031,248,🚬菸屁股,HOLD,1
SMCI,2026-02-20,31.0,2.24,6376,243,🚬菸屁股,HOLD,1
TDOC,2026-04-17,10.0,0.2,7185,240,🚬菸屁股,HOLD,1
SMCI,2026-05-15,35.0,3.2,3548,238,🚬菸屁股,HOLD,1
TDOC,2026-02-20,8.0,0.12,4178,238,🚬菸屁股,HOLD,1
SOFI,2026-04-17,31.0,1.78,2732,236,🚬菸屁股,HOLD,1
SOFI,2026-04-17,35.0,1.18,9909,234,🚬菸屁股,HOLD,1
SOFI,2026-01-16,22.0,4.85,12341,232,🚬菸屁股,HOLD,1
HIMS,2026-01-23,40.0,0.05,2486,232,🚬菸屁股,HOLD,1
JOBY,2026-04-17,20.0,1.26,9760,232,🚬菸屁股,HOLD,1
SOFI,2026-02-20,25.0,2.94,7004,230,🚬菸屁股,HOLD,1
VRT,2026-01-16,185.0,0.12,3981,230,🚬菸屁股,HOLD,1
UPST,2026-03-20,60.0,3.0,2049,227,🚬菸屁股,HOLD,1
SOFI,2026-03-20,28.0,2.21,5919,227,🚬菸屁股,HOLD,1
SMR,2026-02-20,25.0,0.76,3419,226,🚬菸屁股,HOLD,1
TDOC,2026-01-16,7.5,0.02,17208,225,🚬菸屁股,HOLD,1
SMCI,2026-03-20,32.0,2.73,2061,224,🚬菸屁股,HOLD,1
U,2026-01-16,41.5,2.9,3104,223,🚬菸屁股,HOLD,1
SMR,2026-05-15,20.0,4.25,2635,221,🚬菸屁股,HOLD,1
SOFI,2026-03-20,32.0,1.05,7116,220,🚬菸屁股,HOLD,1
HIMS,2026-03-20,50.0,0.76,4765,219,🚬菸屁股,HOLD,1
CRWV,2026-01-16,140.0,0.01,11291,219,🚬菸屁股,HOLD,1
OKLO,2026-01-16,130.0,0.02,2626,218,🚬菸屁股,HOLD,1
VRT,2026-01-16,172.5,3.2,1679,212,🚬菸屁股,HOLD,1
UPST,2026-01-16,55.0,0.01,5530,211,🚬菸屁股,HOLD,1
ONDS,2026-03-20,12.0,3.1,18114,206,🚬菸屁股,HOLD,1
RKLB,2026-01-16,110.0,0.03,4675,205,🚬菸屁股,HOLD,1
SOFI,2026-04-17,26.0,3.6,4897,205,🚬菸屁股,HOLD,1
SOFI,2027-01-15,10.0,17.75,26923,205,🔥萬人塚,HOLD,1
UPST,2026-03-20,70.0,1.69,1873,204,🚬菸屁股,HOLD,1
HOOD,2026-01-16,150.0,0.01,8164,204,🚬菸屁股,HOLD,1
U,2026-02-20,60.0,0.75,4540,203,🚬菸屁股,HOLD,1
XYZ,2026-01-23,70.0,0.25,1553,202,🚬菸屁股,HOLD,1
CRWV,2026-01-16,155.0,0.01,3181,202,🚬菸屁股,HOLD,1
NVDA,2026-01-16,225.0,0.01,19356,198,🚬菸屁股,HOLD,1
HIMS,2026-01-16,37.0,0.03,6286,193,🚬菸屁股,HOLD,1
IREN,2026-01-16,49.0,3.4,3090,192,🚬菸屁股,HOLD,1
ACHR,2026-04-17,13.0,0.52,3870,192,🚬菸屁股,HOLD,1
SMR,2026-01-16,25.0,0.01,9261,188,🚬菸屁股,HOLD,1
IONQ,2026-03-20,70.0,2.21,2032,187,🚬菸屁股,HOLD,1
DKNG,2026-03-20,40.0,1.6,10362,187,🚬菸屁股,HOLD,1
IREN,2026-03-20,90.0,2.04,3852,187,🚬菸屁股,HOLD,1
SMCI,2026-03-20,50.0,0.49,9376,186,🚬菸屁股,HOLD,1
NTLA,2026-04-17,15.0,2.15,2174,185,🚬菸屁股,HOLD,1
SMR,2026-03-20,23.0,2.05,6075,185,🚬菸屁股,HOLD,1
ONDS,2026-02-20,12.0,2.51,2750,184,🚬菸屁股,HOLD,1
IREN,2026-02-20,80.0,1.34,2858,180,🚬菸屁股,HOLD,1
LUNR,2026-01-23,19.0,1.55,1538,180,🚬菸屁股,HOLD,1
RKLB,2026-01-16,99.0,0.23,1211,178,🚬菸屁股,HOLD,1
ROKU,2026-01-16,120.0,0.06,2652,176,🚬菸屁股,HOLD,1
HOOD,2026-01-16,145.0,0.01,8398,176,🚬菸屁股,HOLD,1
CRSP,2026-01-16,55.0,0.75,2771,176,🚬菸屁股,HOLD,1
RKLB,2026-01-16,101.0,0.31,1580,175,🚬菸屁股,HOLD,1
HIMS,2026-02-20,60.0,0.12,3056,174,🚬菸屁股,HOLD,1
ONDS,2026-01-23,17.0,0.17,1550,173,🚬菸屁股,HOLD,1
ONDS,2026-01-16,20.0,0.01,13460,171,🚬菸屁股,HOLD,1
ONDS,2026-03-20,16.0,1.77,4308,170,🚬菸屁股,HOLD,1
XYZ,2026-01-16,80.0,0.01,6696,169,🚬菸屁股,HOLD,1
HIMS,2026-01-16,42.0,0.02,8969,168,🚬菸屁股,HOLD,1
SMCI,2026-02-20,45.0,0.35,5079,167,🚬菸屁股,HOLD,1
U,2026-01-16,43.0,1.48,3167,166,🚬菸屁股,HOLD,1
UPST,2026-01-16,45.0,3.55,1912,165,🚬菸屁股,HOLD,1
ZM,2026-01-16,85.0,0.04,2800,161,🚬菸屁股,HOLD,1
ZM,2026-03-20,90.0,2.3,3877,160,🚬菸屁股,HOLD,1
ZM,2026-03-20,100.0,0.8,6396,157,🚬菸屁股,HOLD,1
ONDS,2026-01-23,12.0,1.48,2531,156,🚬菸屁股,HOLD,1
SOFI,2026-04-17,32.0,1.52,2332,154,🚬菸屁股,HOLD,1
SMCI,2026-02-20,34.0,1.39,2498,153,🚬菸屁股,HOLD,1
JOBY,2026-02-20,18.0,0.73,2306,153,🚬菸屁股,HOLD,1
NVDA,2026-03-20,420.0,0.02,18151,152,🚬菸屁股,HOLD,1
PATH,2026-01-16,14.0,0.83,8289,152,🚬菸屁股,HOLD,1
ONDS,2026-02-20,11.0,2.95,1987,152,🚬菸屁股,HOLD,1
HOOD,2026-03-20,145.0,2.7,3341,151,🚬菸屁股,HOLD,1
NVDA,2026-05-15,270.0,1.61,11183,150,🚬菸屁股,HOLD,1
SMCI,2026-05-15,70.0,0.51,2495,150,🚬菸屁股,HOLD,1
LUNR,2026-01-16,30.0,0.02,2362,150,🚬菸屁股,HOLD,1
SMR,2026-02-20,30.0,0.34,2293,148,🚬菸屁股,HOLD,1
SMCI,2026-01-16,25.0,4.75,3698,145,🚬菸屁股,HOLD,1
PLTR,2026-02-20,160.0,23.45,17224,144,🚬菸屁股,HOLD,1
XYZ,2026-02-20,75.0,0.81,3628,144,🚬菸屁股,HOLD,1
DKNG,2026-01-16,37.5,0.05,3320,143,🚬菸屁股,HOLD,1
IREN,2026-03-20,75.0,3.45,8146,143,🚬菸屁股,HOLD,1
SOFI,2026-04-17,25.0,4.15,5697,142,🚬菸屁股,HOLD,1
SOFI,2026-04-17,29.0,2.35,9886,142,🚬菸屁股,HOLD,1
JOBY,2026-03-20,16.0,2.02,1805,142,🚬菸屁股,HOLD,1
IONQ,2026-01-16,70.0,0.01,8251,141,🚬菸屁股,HOLD,1
SMCI,2026-05-15,30.0,4.95,1965,139,🚬菸屁股,HOLD,1
SOFI,2026-02-20,23.0,4.35,5286,139,🚬菸屁股,HOLD,1
IBIT,2026-02-20,75.0,0.09,16935,138,🚬菸屁股,HOLD,1
XYZ,2026-01-16,72.5,0.01,2562,138,🚬菸屁股,HOLD,1
SMCI,2026-03-20,45.0,0.71,10230,137,🚬菸屁股,HOLD,1
RKLB,2026-01-16,115.0,0.02,3974,137,🚬菸屁股,HOLD,1
IONQ,2026-01-16,45.0,3.5,4597,137,🚬菸屁股,HOLD,1
DKNG,2026-02-20,42.5,0.55,6288,137,🚬菸屁股,HOLD,1
DKNG,2026-02-20,32.5,4.65,5916,136,🚬菸屁股,HOLD,1
NBIS,2026-03-20,195.0,2.2,2247,136,🚬菸屁股,HOLD,1
NVDA,2026-05-15,180.0,23.0,18286,133,🚬菸屁股,HOLD,1
IREN,2026-03-20,80.0,2.8,6951,133,🚬菸屁股,HOLD,1
TSLA,2026-01-16,510.0,0.01,15862,132,🚬菸屁股,HOLD,1
SOFI,2026-01-16,23.0,3.55,12697,131,🚬菸屁股,HOLD,1
CRSP,2026-01-16,60.0,0.1,4836,130,🚬菸屁股,HOLD,1
DKNG,2026-03-20,42.5,1.03,7742,129,🚬菸屁股,HOLD,1
ACHR,2026-01-16,6.0,3.35,1819,129,🚬菸屁股,HOLD,1
SOFI,2026-05-15,28.0,3.65,3536,128,🚬菸屁股,HOLD,1
BEAM,2026-02-20,35.0,2.7,9743,128,🚬菸屁股,HOLD,1
SMCI,2026-05-15,32.0,4.15,2223,125,🚬菸屁股,HOLD,1
UPST,2026-03-20,55.0,4.2,1558,124,🚬菸屁股,HOLD,1
HIMS,2026-03-20,34.0,3.3,8115,124,🚬菸屁股,HOLD,1
SMCI,2026-05-15,50.0,1.13,3129,123,🚬菸屁股,HOLD,1
LUNR,2026-03-20,18.0,4.35,1709,122,🚬菸屁股,HOLD,1
SMR,2026-03-20,18.0,3.8,5909,121,🚬菸屁股,HOLD,1
SMCI,2026-05-15,38.0,2.57,1849,120,🚬菸屁股,HOLD,1
U,2026-01-16,48.0,0.09,3109,119,🚬菸屁股,HOLD,1
HOOD,2026-02-20,155.0,0.69,2842,119,🚬菸屁股,HOLD,1
SOFI,2026-05-15,40.0,0.95,3118,117,🚬菸屁股,HOLD,1
JOBY,2026-04-17,17.0,1.95,5351,117,🚬菸屁股,HOLD,1
VRT,2026-03-20,220.0,4.6,2196,117,🚬菸屁股,HOLD,1
XYZ,2026-03-20,70.0,3.85,11638,115,🚬菸屁股,HOLD,1
TSLA,2026-03-20,880.0,0.21,19087,114,🚬菸屁股,HOLD,1
SOFI,2026-01-16,33.0,0.01,9273,114,🚬菸屁股,HOLD,1
HIMS,2026-03-20,80.0,0.37,6483,114,🚬菸屁股,HOLD,1
HOOD,2026-01-16,155.0,0.01,7311,112,🚬菸屁股,HOLD,1
LUNR,2026-01-16,22.5,0.08,2771,112,🚬菸屁股,HOLD,1
IREN,2026-05-15,100.0,3.4,2692,111,🚬菸屁股,HOLD,1
ACHR,2026-04-17,14.0,0.41,3254,111,🚬菸屁股,HOLD,1
SMCI,2026-03-20,60.0,0.29,13414,110,🚬菸屁股,HOLD,1
SMCI,2026-05-15,45.0,1.53,5956,110,🚬菸屁股,HOLD,1
SOFI,2026-01-16,30.5,0.01,5589,110,🚬菸屁股,HOLD,1
TSLA,2026-04-17,940.0,0.39,12307,109,🚬菸屁股,HOLD,1
PATH,2026-05-15,25.0,0.47,11274,109,🚬菸屁股,HOLD,1
ONDS,2026-03-20,9.0,4.8,8468,109,🚬菸屁股,HOLD,1
HOOD,2026-03-20,155.0,1.82,1565,108,🚬菸屁股,HOLD,1
NVDA,2026-05-15,260.0,2.18,10126,107,🚬菸屁股,HOLD,1
NBIS,2026-01-16,130.0,0.02,5840,107,🚬菸屁股,HOLD,1
VRT,2026-01-16,190.0,0.05,2435,105,🚬菸屁股,HOLD,1
SMCI,2026-03-20,37.0,1.5,1737,104,🚬菸屁股,HOLD,1
SMCI,2026-03-20,70.0,0.2,6809,103,🚬菸屁股,HOLD,1
PATH,2026-01-16,12.5,2.41,5104,103,🚬菸屁股,HOLD,1
PATH,2026-02-20,25.0,0.07,6640,101,🚬菸屁股,HOLD,1
SMR,2026-01-16,17.0,2.24,2647,101,🚬菸屁股,HOLD,1
CRWV,2026-03-20,145.0,3.85,3117,101,🚬菸屁股,HOLD,1
XYZ,2026-02-20,70.0,1.8,1975,100,🚬菸屁股,HOLD,1
HIMS,2026-01-16,38.0,0.04,2748,100,🚬菸屁股,HOLD,1
HIMS,2026-01-16,41.0,0.03,2715,100,🚬菸屁股,HOLD,1
SMR,2026-03-20,65.0,0.22,3001,100,🚬菸屁股,HOLD,1
OKLO,2026-03-20,150.0,3.4,2214,99,🚬菸屁股,HOLD,1
U,2026-01-23,50.0,0.22,1518,98,🚬菸屁股,HOLD,1
DKNG,2026-03-20,50.0,0.28,5718,96,🚬菸屁股,HOLD,1
SMCI,2026-02-20,36.0,1.02,2310,95,🚬菸屁股,HOLD,1
UPST,2026-03-20,65.0,2.12,2428,95,🚬菸屁股,HOLD,1
XYZ,2026-02-20,80.0,0.64,1867,95,🚬菸屁股,HOLD,1
HIMS,2026-03-20,45.0,1.13,6264,95,🚬菸屁股,HOLD,1
NNE,2026-01-16,40.0,0.05,7341,95,🚬菸屁股,HOLD,1
SOFI,2026-03-20,31.0,1.26,4724,94,🚬菸屁股,HOLD,1
JOBY,2026-04-17,15.0,2.77,4363,94,🚬菸屁股,HOLD,1
SMCI,2026-05-15,55.0,0.88,2584,93,🚬菸屁股,HOLD,1
NBIS,2026-03-20,150.0,5.0,7784,93,🚬菸屁股,HOLD,1
HOOD,2026-03-20,160.0,1.42,2264,91,🚬菸屁股,HOLD,1
XYZ,2026-01-16,90.0,0.01,5168,91,🚬菸屁股,HOLD,1
SMR,2026-01-16,15.0,4.5,3075,91,🚬菸屁股,HOLD,1
NVDA,2026-03-20,140.0,49.45,27118,90,🔥萬人塚,HOLD,1
VST,2026-01-16,195.0,0.06,4603,90,🚬菸屁股,HOLD,1
LUNR,2026-01-16,17.5,2.2,3295,90,🚬菸屁股,HOLD,1
SMCI,2026-02-20,50.0,0.24,8493,89,🚬菸屁股,HOLD,1
TSLA,2026-03-20,700.0,0.95,11282,88,🚬菸屁股,HOLD,1
SMCI,2026-03-20,55.0,0.36,10091,88,🚬菸屁股,HOLD,1
JOBY,2026-01-23,18.0,0.16,2460,88,🚬菸屁股,HOLD,1
SMCI,2026-01-16,37.0,0.01,4263,87,🚬菸屁股,HOLD,1
SMCI,2026-05-15,37.0,2.68,1847,87,🚬菸屁股,HOLD,1
DKNG,2026-01-16,40.0,0.01,17714,86,🚬菸屁股,HOLD,1
NTLA,2026-01-16,7.5,4.5,1394,86,🚬菸屁股,HOLD,1
ZM,2026-02-20,100.0,0.19,6774,85,🚬菸屁股,HOLD,1
NVDA,2026-01-16,235.0,0.01,10129,84,🚬菸屁股,HOLD,1
SOFI,2026-03-20,33.0,0.87,3749,84,🚬菸屁股,HOLD,1
SOFI,2026-05-15,30.0,2.75,8898,84,🚬菸屁股,HOLD,1
JOBY,2026-01-16,17.5,0.05,1590,82,🚬菸屁股,HOLD,1
SMCI,2026-02-20,55.0,0.16,7414,81,🚬菸屁股,HOLD,1
DKNG,2026-03-20,37.5,2.43,3503,81,🚬菸屁股,HOLD,1
NTLA,2026-04-17,12.5,2.3,1244,81,🚬菸屁股,HOLD,1
PACB,2026-03-20,2.0,0.65,2647,81,🚬菸屁股,HOLD,1
IREN,2026-05-15,90.0,4.35,3949,80,🚬菸屁股,HOLD,1
SMCI,2026-05-15,40.0,2.11,4564,79,🚬菸屁股,HOLD,1
IREN,2026-02-20,90.0,0.64,8696,79,🚬菸屁股,HOLD,1
NBIS,2026-02-20,150.0,1.94,2784,78,🚬菸屁股,HOLD,1
SOFI,2027-01-15,12.0,15.9,25328,77,🔥萬人塚,HOLD,1
HIMS,2026-02-20,38.0,0.81,1656,77,🚬菸屁股,HOLD,1
CRWV,2026-03-20,280.0,0.25,2882,77,🚬菸屁股,HOLD,1
MSTR,2026-01-16,500.0,0.01,12532,76,🚬菸屁股,HOLD,1
SMCI,2026-01-16,36.0,0.01,5847,76,🚬菸屁股,HOLD,1
XYZ,2026-03-20,85.0,1.01,3487,76,🚬菸屁股,HOLD,1
ACHR,2026-04-17,20.0,0.36,3769,76,🚬菸屁股,HOLD,1
SMCI,2026-01-16,33.5,0.02,2982,75,🚬菸屁股,HOLD,1
HIMS,2026-02-20,37.0,0.95,2684,75,🚬菸屁股,HOLD,1
NBIS,2026-01-16,140.0,0.02,4702,74,🚬菸屁股,HOLD,1
HIMS,2026-01-23,38.0,0.07,1736,73,🚬菸屁股,HOLD,1
VST,2026-02-20,215.0,2.2,3521,72,🚬菸屁股,HOLD,1
ASTS,2026-01-16,135.0,0.02,2823,72,🚬菸屁股,HOLD,1
IONQ,2026-04-17,65.0,4.75,2401,72,🚬菸屁股,HOLD,1
IREN,2026-01-16,75.0,0.01,7119,71,🚬菸屁股,HOLD,1
DKNG,2026-03-20,45.0,0.67,9285,70,🚬菸屁股,HOLD,1
HOOD,2026-01-16,131.0,0.06,1855,70,🚬菸屁股,HOLD,1
NNE,2026-01-16,37.0,0.3,3183,70,🚬菸屁股,HOLD,1
U,2026-01-16,30.0,14.4,37962,69,🔥萬人塚,HOLD,1
IONQ,2026-01-16,65.0,0.02,6075,68,🚬菸屁股,HOLD,1
IREN,2026-05-15,95.0,4.25,4143,68,🚬菸屁股,HOLD,1
ACHR,2026-01-16,13.0,0.01,8893,68,🚬菸屁股,HOLD,1
SMCI,2026-03-20,38.0,1.37,4011,67,🚬菸屁股,HOLD,1
SOFI,2026-04-17,40.0,0.72,1737,67,🚬菸屁股,HOLD,1
HOOD,2026-03-20,170.0,1.05,4247,67,🚬菸屁股,HOLD,1
SMCI,2026-03-20,41.0,0.98,2478,66,🚬菸屁股,HOLD,1
SMCI,2026-05-15,65.0,0.55,2964,66,🚬菸屁股,HOLD,1
LUNR,2026-03-20,19.0,3.7,2158,66,🚬菸屁股,HOLD,1
U,2026-02-20,48.0,2.87,1798,65,🚬菸屁股,HOLD,1
U,2026-03-20,55.0,2.05,2095,65,🚬菸屁股,HOLD,1
PLTR,2026-01-16,220.0,0.01,11942,63,🚬菸屁股,HOLD,1
SMCI,2026-05-15,60.0,0.67,3342,63,🚬菸屁股,HOLD,1
HIMS,2026-03-20,55.0,0.56,4638,62,🚬菸屁股,HOLD,1
HIMS,2026-03-20,37.0,2.41,2679,61,🚬菸屁股,HOLD,1
TDOC,2026-01-16,8.0,0.01,2171,60,🚬菸屁股,HOLD,1
CRWV,2026-03-20,160.0,2.67,4009,60,🚬菸屁股,HOLD,1
UPST,2026-01-16,52.5,0.23,1855,59,🚬菸屁股,HOLD,1
IREN,2027-01-15,20.0,36.65,21392,59,🔥萬人塚,HOLD,1
PATH,2026-05-15,21.0,0.94,4088,59,🚬菸屁股,HOLD,1
ASTS,2026-01-16,130.0,0.02,2577,58,🚬菸屁股,HOLD,1
DKNG,2026-05-15,35.0,4.95,1806,58,🚬菸屁股,HOLD,1
HIMS,2026-01-16,39.0,0.02,1955,58,🚬菸屁股,HOLD,1
VRT,2026-01-16,195.0,0.05,1535,58,🚬菸屁股,HOLD,1
CRWV,2026-03-20,170.0,2.05,2891,58,🚬菸屁股,HOLD,1
OKLO,2026-01-16,125.0,0.02,3298,57,🚬菸屁股,HOLD,1
SOFI,2026-02-20,24.0,3.8,2049,57,🚬菸屁股,HOLD,1
ZM,2026-01-16,87.5,0.02,2154,57,🚬菸屁股,HOLD,1
UPST,2026-03-20,75.0,1.16,2376,56,🚬菸屁股,HOLD,1
SOFI,2027-01-15,15.0,13.5,30034,56,🔥萬人塚,HOLD,1
NVDA,2026-03-20,115.0,73.4,23994,54,🔥萬人塚,HOLD,1
IREN,2026-01-16,62.0,0.02,2583,54,🚬菸屁股,HOLD,1
TDOC,2026-04-17,9.0,0.32,6995,54,🚬菸屁股,HOLD,1
HIMS,2026-05-15,60.0,1.28,2492,54,🚬菸屁股,HOLD,1
CRWV,2026-01-16,135.0,0.02,3836,54,🚬菸屁股,HOLD,1
ROKU,2026-01-16,125.0,0.05,2073,53,🚬菸屁股,HOLD,1
PACB,2026-01-16,1.0,1.6,8559,53,🚬菸屁股,HOLD,1
SMR,2026-01-16,18.0,1.48,3007,53,🚬菸屁股,HOLD,1
NNE,2026-02-20,40.0,1.7,2905,53,🚬菸屁股,HOLD,1
SOFI,2026-05-15,29.0,3.1,1635,52,🚬菸屁股,HOLD,1
XYZ,2026-03-20,75.0,2.52,2393,52,🚬菸屁股,HOLD,1
NVDA,2026-03-20,120.0,68.8,34251,51,🔥萬人塚,HOLD,1
ACHR,2026-01-16,16.0,0.01,7481,51,🚬菸屁股,HOLD,1
TSLA,2026-03-20,870.0,0.22,18442,50,🚬菸屁股,HOLD,1
SMCI,2026-02-20,90.0,0.07,1792,50,🚬菸屁股,HOLD,1
PATH,2026-05-15,22.0,0.75,6216,50,🚬菸屁股,HOLD,1
HIMS,2026-02-20,70.0,0.06,6530,50,🚬菸屁股,HOLD,1
HOOD,2026-01-16,175.0,0.01,1504,49,🚬菸屁股,HOLD,1
MSTR,2026-01-16,255.0,0.03,12143,48,🚬菸屁股,HOLD,1
SMCI,2026-02-20,38.0,0.76,2362,48,🚬菸屁股,HOLD,1
VST,2026-01-16,210.0,0.02,5635,48,🚬菸屁股,HOLD,1
SOFI,2026-05-15,26.0,4.35,3475,48,🚬菸屁股,HOLD,1
PATH,2026-02-20,14.0,1.72,2570,48,🚬菸屁股,HOLD,1
SOFI,2026-05-15,25.0,4.8,3382,47,🚬菸屁股,HOLD,1
PATH,2026-01-16,21.0,0.01,5591,46,🚬菸屁股,HOLD,1
XYZ,2026-03-20,100.0,0.3,4623,46,🚬菸屁股,HOLD,1
JOBY,2026-04-17,13.0,3.9,1818,45,🚬菸屁股,HOLD,1
HOOD,2026-02-20,170.0,0.44,1845,44,🚬菸屁股,HOLD,1
HIMS,2026-03-20,60.0,0.4,4950,44,🚬菸屁股,HOLD,1
ONDS,2026-03-20,30.0,0.45,2293,43,🚬菸屁股,HOLD,1
SMCI,2026-01-16,38.0,0.01,3540,42,🚬菸屁股,HOLD,1
U,2026-04-17,55.0,2.7,1858,41,🚬菸屁股,HOLD,1
HOOD,2026-05-15,160.0,4.1,1868,41,🚬菸屁股,HOLD,1
HIMS,2026-01-16,50.0,0.01,7713,41,🚬菸屁股,HOLD,1
SMR,2026-02-20,18.0,2.8,2449,41,🚬菸屁股,HOLD,1
HOOD,2026-01-16,25.0,86.95,24988,40,🔥萬人塚,HOLD,1
VRT,2026-01-16,220.0,0.05,2562,40,🚬菸屁股,HOLD,1
U,2026-03-20,46.0,4.85,1701,39,🚬菸屁股,HOLD,1
NVDA,2026-02-20,320.0,0.02,10606,38,🚬菸屁股,HOLD,1
COIN,2026-05-15,370.0,7.6,10973,38,🚬菸屁股,HOLD,1
IREN,2028-01-21,110.0,17.55,22155,38,🔥萬人塚,HOLD,1
PATH,2026-01-16,19.0,0.01,9310,38,🚬菸屁股,HOLD,1
UPST,2026-01-16,60.0,0.01,4158,37,🚬菸屁股,HOLD,1
SOFI,2026-05-15,35.0,1.54,4194,37,🚬菸屁股,HOLD,1
IREN,2026-01-16,15.0,37.5,23872,37,🔥萬人塚,HOLD,1
SMR,2026-01-16,24.0,0.01,7409,37,🚬菸屁股,HOLD,1
VRT,2026-01-16,200.0,0.05,4426,37,🚬菸屁股,HOLD,1
NVDA,2026-03-20,125.0,63.65,23577,36,🔥萬人塚,HOLD,1
SOFI,2026-01-23,33.0,0.05,2623,36,🚬菸屁股,HOLD,1
JOBY,2026-01-16,11.0,4.55,2095,36,🚬菸屁股,HOLD,1
NVDA,2026-03-20,130.0,58.85,30297,35,🔥萬人塚,HOLD,1
PLTR,2026-01-16,230.0,0.01,11157,35,🚬菸屁股,HOLD,1
U,2026-03-20,60.0,1.31,2204,35,🚬菸屁股,HOLD,1
OKLO,2026-01-16,150.0,0.01,2933,34,🚬菸屁股,HOLD,1
OKLO,2026-03-20,200.0,1.41,1691,34,🚬菸屁股,HOLD,1
UPST,2026-03-20,80.0,1.09,1589,34,🚬菸屁股,HOLD,1
ACHR,2026-04-17,22.0,0.2,8036,34,🚬菸屁股,HOLD,1
TSLA,2026-04-17,510.0,19.2,10872,33,🚬菸屁股,HOLD,1
SMCI,2026-02-20,44.0,0.4,1520,33,🚬菸屁股,HOLD,1
NBIS,2026-01-16,190.0,0.02,2146,32,🚬菸屁股,HOLD,1
ZM,2026-01-16,95.0,0.01,4843,32,🚬菸屁股,HOLD,1
TSLA,2026-01-16,540.0,0.01,11734,31,🚬菸屁股,HOLD,1
IREN,2026-02-20,85.0,1.2,4718,31,🚬菸屁股,HOLD,1
JOBY,2026-01-16,19.0,0.02,3711,31,🚬菸屁股,HOLD,1
ACHR,2026-04-17,16.0,0.49,6603,31,🚬菸屁股,HOLD,1
SMCI,2026-05-15,42.0,1.9,1777,30,🚬菸屁股,HOLD,1
TDOC,2026-02-20,9.0,0.29,6093,30,🚬菸屁股,HOLD,1
NTLA,2026-04-17,10.0,3.6,3362,30,🚬菸屁股,HOLD,1
CRWV,2026-03-20,250.0,0.35,1970,30,🚬菸屁股,HOLD,1
NVDA,2026-03-20,135.0,54.1,26420,29,🔥萬人塚,HOLD,1
MSTR,2026-03-20,700.0,0.2,10255,29,🚬菸屁股,HOLD,1
DKNG,2026-01-23,34.5,1.63,2073,29,🚬菸屁股,HOLD,1
HIMS,2026-01-16,65.0,0.01,8338,29,🚬菸屁股,HOLD,1
JOBY,2026-04-17,14.0,3.4,4375,29,🚬菸屁股,HOLD,1
IBIT,2026-01-16,110.0,0.01,17397,28,🚬菸屁股,HOLD,1
SOFI,2026-03-20,37.0,0.52,1776,28,🚬菸屁股,HOLD,1
DKNG,2026-05-15,52.5,0.78,2487,28,🚬菸屁股,HOLD,1
HIMS,2026-01-16,39.5,0.04,1901,28,🚬菸屁股,HOLD,1
NVDA,2026-03-20,145.0,44.8,26068,27,🔥萬人塚,HOLD,1
OKLO,2026-03-20,155.0,3.2,2733,27,🚬菸屁股,HOLD,1
HOOD,2026-04-17,170.0,1.84,1741,27,🚬菸屁股,HOLD,1
XYZ,2026-01-16,72.0,0.43,3826,27,🚬菸屁股,HOLD,1
SOFI,2026-03-20,23.0,5.0,1919,26,🚬菸屁股,HOLD,1
SMCI,2026-03-20,47.0,0.64,3310,25,🚬菸屁股,HOLD,1
ASTS,2026-01-16,55.0,47.0,25034,25,🔥萬人塚,HOLD,1
UPST,2026-01-16,70.0,0.01,3543,25,🚬菸屁股,HOLD,1
NBIS,2026-05-15,200.0,4.9,1591,25,🚬菸屁股,HOLD,1
PATH,2026-05-15,28.0,0.32,8528,25,🚬菸屁股,HOLD,1
CRSP,2026-01-16,65.0,0.1,3339,25,🚬菸屁股,HOLD,1
HIMS,2026-02-20,50.0,0.17,5532,25,🚬菸屁股,HOLD,1
TSLA,2026-02-20,990.0,0.02,11298,24,🚬菸屁股,HOLD,1
IBIT,2026-05-15,64.0,2.37,10027,24,🚬菸屁股,HOLD,1
SMCI,2026-01-16,39.0,0.01,3735,24,🚬菸屁股,HOLD,1
OKLO,2026-01-16,140.0,0.01,2379,24,🚬菸屁股,HOLD,1
UPST,2026-01-16,75.0,0.05,1756,24,🚬菸屁股,HOLD,1
SOFI,2026-02-20,36.0,0.24,3446,24,🚬菸屁股,HOLD,1
ZM,2026-01-16,90.0,0.01,5427,24,🚬菸屁股,HOLD,1
SMR,2026-01-16,27.0,0.01,1641,24,🚬菸屁股,HOLD,1
CRWV,2026-03-20,155.0,2.82,1856,24,🚬菸屁股,HOLD,1
SMCI,2026-01-16,50.0,0.01,14846,23,🚬菸屁股,HOLD,1
PATH,2026-02-20,22.0,0.3,7877,23,🚬菸屁股,HOLD,1
ROKU,2026-01-16,135.0,0.05,1501,23,🚬菸屁股,HOLD,1
XYZ,2026-01-16,73.0,0.01,3689,23,🚬菸屁股,HOLD,1
HIMS,2026-01-16,45.0,0.01,9541,23,🚬菸屁股,HOLD,1
OKLO,2026-03-20,140.0,4.25,3052,22,🚬菸屁股,HOLD,1
SOFI,2026-04-17,24.0,4.7,1540,22,🚬菸屁股,HOLD,1
DKNG,2026-03-20,47.5,0.45,6806,22,🚬菸屁股,HOLD,1
HIMS,2026-03-20,41.0,1.95,4199,22,🚬菸屁股,HOLD,1
COIN,2026-05-15,480.0,2.2,11784,21,🚬菸屁股,HOLD,1
SMCI,2026-01-16,44.0,0.01,9112,21,🚬菸屁股,HOLD,1
SMCI,2026-02-20,65.0,0.12,4508,21,🚬菸屁股,HOLD,1
SMCI,2026-02-20,95.0,0.06,3142,21,🚬菸屁股,HOLD,1
SMCI,2026-05-15,95.0,0.26,5459,21,🚬菸屁股,HOLD,1
NBIS,2026-01-16,145.0,0.1,1915,21,🚬菸屁股,HOLD,1
JOBY,2026-04-17,30.0,0.41,4118,21,🚬菸屁股,HOLD,1
NNE,2026-02-20,32.0,5.0,3396,21,🚬菸屁股,HOLD,1
IBIT,2026-01-16,67.0,0.01,10348,20,🚬菸屁股,HOLD,1
IONQ,2026-01-16,85.0,0.01,1713,20,🚬菸屁股,HOLD,1
PATH,2026-01-16,24.0,0.03,1800,20,🚬菸屁股,HOLD,1
ROKU,2026-01-16,155.0,0.01,3776,20,🚬菸屁股,HOLD,1
HIMS,2026-05-15,65.0,1.08,2291,20,🚬菸屁股,HOLD,1
SMCI,2026-02-20,60.0,0.18,5798,19,🚬菸屁股,HOLD,1
UPST,2026-01-16,65.0,0.1,1527,19,🚬菸屁股,HOLD,1
HIMS,2026-01-16,105.0,0.01,6665,19,🚬菸屁股,HOLD,1
NVDA,2026-01-16,350.0,0.01,10408,18,🚬菸屁股,HOLD,1
U,2026-02-20,65.0,0.47,2654,18,🚬菸屁股,HOLD,1
PACB,2026-03-20,3.0,0.2,14318,18,🚬菸屁股,HOLD,1
VRT,2026-01-16,210.0,0.05,6713,18,🚬菸屁股,HOLD,1
NVDA,2026-01-16,260.0,0.01,12445,17,🚬菸屁股,HOLD,1
SOFI,2026-03-20,34.0,0.74,3556,17,🚬菸屁股,HOLD,1
U,2026-01-16,49.0,0.18,1911,17,🚬菸屁股,HOLD,1
U,2026-05-15,60.0,2.8,3140,17,🚬菸屁股,HOLD,1
PATH,2026-05-15,24.0,0.54,3036,17,🚬菸屁股,HOLD,1
HOOD,2026-01-16,160.0,0.01,5748,17,🚬菸屁股,HOLD,1
HIMS,2026-03-20,65.0,0.35,1957,17,🚬菸屁股,HOLD,1
XYZ,2026-03-20,95.0,0.51,1626,16,🚬菸屁股,HOLD,1
SMR,2026-02-20,50.0,0.1,6172,16,🚬菸屁股,HOLD,1
NNE,2026-01-16,50.0,0.05,3359,16,🚬菸屁股,HOLD,1
NNE,2026-04-17,50.0,1.6,1630,16,🚬菸屁股,HOLD,1
VRT,2026-02-20,250.0,0.78,4950,16,🚬菸屁股,HOLD,1
SMCI,2026-02-20,41.0,0.5,5077,15,🚬菸屁股,HOLD,1
SMCI,2026-02-20,46.0,0.33,1598,15,🚬菸屁股,HOLD,1
SOFI,2026-01-16,1.0,25.55,30549,15,🔥萬人塚,HOLD,1
PATH,2026-01-16,18.5,0.01,1752,15,🚬菸屁股,HOLD,1
PATH,2026-02-20,23.0,0.3,2046,15,🚬菸屁股,HOLD,1
PATH,2026-05-15,26.0,0.41,2233,15,🚬菸屁股,HOLD,1
HIMS,2026-03-20,95.0,0.23,2893,15,🚬菸屁股,HOLD,1
OKLO,2026-03-20,180.0,2.14,1570,14,🚬菸屁股,HOLD,1
DKNG,2026-02-20,50.0,0.19,8556,14,🚬菸屁股,HOLD,1
DKNG,2026-03-20,52.5,0.27,1852,14,🚬菸屁股,HOLD,1
U,2026-03-20,65.0,0.9,7992,14,🚬菸屁股,HOLD,1
CRSP,2026-01-16,70.0,0.05,3697,14,🚬菸屁股,HOLD,1
PACB,2026-01-16,1.5,1.0,3255,14,🚬菸屁股,HOLD,1
JOBY,2026-04-17,21.0,1.08,2972,14,🚬菸屁股,HOLD,1
NVDA,2026-01-16,245.0,0.01,19067,13,🚬菸屁股,HOLD,1
PACB,2026-01-16,3.0,0.05,9846,13,🚬菸屁股,HOLD,1
SMCI,2026-01-16,52.0,0.01,4171,12,🚬菸屁股,HOLD,1
SOFI,2026-01-23,34.0,0.03,2004,12,🚬菸屁股,HOLD,1
SOFI,2026-03-20,44.0,0.21,3916,12,🚬菸屁股,HOLD,1
DKNG,2026-01-16,42.0,0.05,6144,12,🚬菸屁股,HOLD,1
HOOD,2026-02-20,185.0,0.3,1784,12,🚬菸屁股,HOLD,1
XYZ,2026-01-16,62.5,2.77,2032,12,🚬菸屁股,HOLD,1
NTLA,2026-01-16,15.0,0.05,10494,12,🚬菸屁股,HOLD,1
JOBY,2026-01-16,40.0,0.01,2149,12,🚬菸屁股,HOLD,1
SMCI,2026-01-16,45.0,0.01,13054,11,🚬菸屁股,HOLD,1
IREN,2026-03-20,105.0,1.49,2747,11,🚬菸屁股,HOLD,1
ZM,2026-03-20,105.0,0.74,1642,11,🚬菸屁股,HOLD,1
ACHR,2026-04-17,18.0,0.42,1956,11,🚬菸屁股,HOLD,1
IBIT,2026-01-16,63.0,0.01,13761,10,🚬菸屁股,HOLD,1
IBIT,2026-01-16,85.0,0.01,18196,10,🚬菸屁股,HOLD,1
SMCI,2026-01-16,100.0,0.01,18092,10,🚬菸屁股,HOLD,1
DKNG,2026-03-20,55.0,0.13,1607,10,🚬菸屁股,HOLD,1
IREN,2026-02-20,95.0,0.86,3904,10,🚬菸屁股,HOLD,1
NBIS,2026-01-16,150.0,0.01,3615,10,🚬菸屁股,HOLD,1
U,2026-01-16,70.0,0.01,1841,10,🚬菸屁股,HOLD,1
SMR,2026-02-20,40.0,0.16,1984,10,🚬菸屁股,HOLD,1
CRWV,2026-01-16,170.0,0.01,3921,10,🚬菸屁股,HOLD,1
CRWV,2026-04-17,160.0,4.2,1659,10,🚬菸屁股,HOLD,1
SMCI,2026-01-16,60.0,0.01,17832,9,🚬菸屁股,HOLD,1
UPST,2026-01-16,110.0,0.01,1747,9,🚬菸屁股,HOLD,1
SOFI,2026-01-16,34.0,0.01,8548,9,🚬菸屁股,HOLD,1
DKNG,2026-02-20,47.5,0.2,4279,9,🚬菸屁股,HOLD,1
U,2026-01-16,60.0,0.01,12013,9,🚬菸屁股,HOLD,1
U,2026-04-17,65.0,1.42,2798,9,🚬菸屁股,HOLD,1
PATH,2026-02-20,21.0,0.34,3777,9,🚬菸屁股,HOLD,1
HOOD,2026-01-16,165.0,0.01,1981,9,🚬菸屁股,HOLD,1
XYZ,2026-05-15,90.0,1.79,1634,9,🚬菸屁股,HOLD,1
NNE,2026-02-20,45.0,0.95,3022,9,🚬菸屁股,HOLD,1
PLTR,2026-03-20,370.0,0.05,15279,8,🚬菸屁股,HOLD,1
SMCI,2026-03-20,43.0,0.86,1855,8,🚬菸屁股,HOLD,1
IREN,2026-01-16,80.0,0.01,11752,8,🚬菸屁股,HOLD,1
IREN,2026-01-16,95.0,0.01,3051,8,🚬菸屁股,HOLD,1
IREN,2026-03-20,95.0,2.02,5902,8,🚬菸屁股,HOLD,1
HOOD,2026-03-20,210.0,0.37,5099,8,🚬菸屁股,HOLD,1
TDOC,2026-04-17,15.0,0.06,3340,8,🚬菸屁股,HOLD,1
XYZ,2026-03-20,90.0,0.64,2368,8,🚬菸屁股,HOLD,1
CRSP,2026-01-16,85.0,0.1,1397,8,🚬菸屁股,HOLD,1
HIMS,2026-01-16,60.0,0.01,9397,8,🚬菸屁股,HOLD,1
MSTR,2026-01-16,0.5,171.65,25298,7,🔥萬人塚,HOLD,1
SMCI,2026-01-16,55.0,0.01,12555,7,🚬菸屁股,HOLD,1
IONQ,2026-01-16,59.0,0.16,1950,7,🚬菸屁股,HOLD,1
SOFI,2026-03-20,38.0,0.4,1963,7,🚬菸屁股,HOLD,1
PATH,2026-02-20,13.0,2.39,1738,7,🚬菸屁股,HOLD,1
CRWV,2026-01-16,280.0,0.01,8100,7,🚬菸屁股,HOLD,1
TSLA,2026-03-20,930.0,0.15,12259,6,🚬菸屁股,HOLD,1
MSTR,2026-01-16,350.0,0.01,10773,6,🚬菸屁股,HOLD,1
MSTR,2026-01-16,,0.01,13166,6,🚬菸屁股,HOLD,1
SMCI,2026-01-16,43.0,0.01,5839,6,🚬菸屁股,HOLD,1
SMCI,2026-01-16,47.0,0.01,2973,6,🚬菸屁股,HOLD,1
OKLO,2026-01-16,200.0,0.01,2463,6,🚬菸屁股,HOLD,1
IONQ,2026-01-16,75.0,0.01,7064,6,🚬菸屁股,HOLD,1
UPST,2026-01-16,100.0,0.01,5397,6,🚬菸屁股,HOLD,1
SOFI,2026-01-16,36.0,0.01,6709,6,🚬菸屁股,HOLD,1
SOFI,2026-03-20,36.0,0.54,2880,6,🚬菸屁股,HOLD,1
PATH,2026-05-15,13.0,3.45,1799,6,🚬菸屁股,HOLD,1
HOOD,2026-02-20,200.0,0.17,2339,6,🚬菸屁股,HOLD,1
TDOC,2026-04-17,8.0,0.45,4367,6,🚬菸屁股,HOLD,1
XYZ,2026-01-16,77.5,0.02,2530,6,🚬菸屁股,HOLD,1
HIMS,2026-01-16,48.0,0.01,1524,6,🚬菸屁股,HOLD,1
TSLA,2026-01-16,800.0,0.01,10525,5,🚬菸屁股,HOLD,1
IBIT,2026-03-20,85.0,0.12,16704,5,🚬菸屁股,HOLD,1
IBIT,2026-03-20,105.0,0.05,10282,5,🚬菸屁股,HOLD,1
SMCI,2026-01-16,70.0,0.01,12016,5,🚬菸屁股,HOLD,1
SMCI,2026-05-15,90.0,0.33,7078,5,🚬菸屁股,HOLD,1
DKNG,2026-02-20,52.5,0.1,1522,5,🚬菸屁股,HOLD,1
NBIS,2026-01-16,195.0,0.01,1629,5,🚬菸屁股,HOLD,1
NBIS,2026-03-20,170.0,4.05,3369,5,🚬菸屁股,HOLD,1
HOOD,2026-01-16,170.0,0.01,3298,5,🚬菸屁股,HOLD,1
NTLA,2026-04-17,35.0,0.3,1647,5,🚬菸屁股,HOLD,1
HIMS,2026-01-16,90.0,0.01,5913,5,🚬菸屁股,HOLD,1
HIMS,2026-02-20,55.0,0.14,2933,5,🚬菸屁股,HOLD,1
NNE,2026-01-16,55.0,0.05,2524,5,🚬菸屁股,HOLD,1
CRWV,2026-01-16,165.0,0.01,5272,5,🚬菸屁股,HOLD,1
SMCI,2026-03-20,48.0,0.6,2401,4,🚬菸屁股,HOLD,1
OKLO,2026-03-20,165.0,2.58,2064,4,🚬菸屁股,HOLD,1
SOFI,2026-01-16,44.0,0.01,4497,4,🚬菸屁股,HOLD,1
DKNG,2026-01-16,50.0,0.01,19188,4,🚬菸屁股,HOLD,1
IREN,2026-01-16,90.0,0.01,6383,4,🚬菸屁股,HOLD,1
ZM,2026-01-16,92.5,0.58,2752,4,🚬菸屁股,HOLD,1
XYZ,2026-01-16,120.0,0.01,2723,4,🚬菸屁股,HOLD,1
HIMS,2026-01-16,55.0,0.01,3780,4,🚬菸屁股,HOLD,1
SMR,2026-01-16,70.0,0.75,1604,4,🚬菸屁股,HOLD,1
CRWV,2026-01-16,160.0,0.01,8790,4,🚬菸屁股,HOLD,1
SMCI,2026-01-16,41.0,0.01,5702,3,🚬菸屁股,HOLD,1
SMCI,2026-01-16,46.0,0.01,2363,3,🚬菸屁股,HOLD,1
SMCI,2026-01-16,53.0,0.01,3643,3,🚬菸屁股,HOLD,1
DKNG,2026-01-16,55.0,0.01,17459,3,🚬菸屁股,HOLD,1
IREN,2026-03-20,30.0,25.3,20242,3,🔥萬人塚,HOLD,1
XYZ,2026-01-16,85.0,0.02,5195,3,🚬菸屁股,HOLD,1
JOBY,2026-01-16,22.0,0.01,4338,3,🚬菸屁股,HOLD,1
ACHR,2026-01-16,17.0,0.01,12941,3,🚬菸屁股,HOLD,1
NNE,2026-01-16,45.0,0.2,1532,3,🚬菸屁股,HOLD,1
TSLA,2026-01-16,900.0,0.01,16349,2,🚬菸屁股,HOLD,1
SMCI,2026-01-16,42.0,0.01,2814,2,🚬菸屁股,HOLD,1
SMCI,2026-01-16,65.0,0.05,5323,2,🚬菸屁股,HOLD,1
SMCI,2026-01-16,80.0,0.01,7234,2,🚬菸屁股,HOLD,1
SMCI,2026-03-20,65.0,0.25,11054,2,🚬菸屁股,HOLD,1
SMCI,2026-05-15,47.0,1.34,2134,2,🚬菸屁股,HOLD,1
SOFI,2026-01-16,38.0,0.01,6181,2,🚬菸屁股,HOLD,1
DKNG,2026-01-16,45.0,0.01,8473,2,🚬菸屁股,HOLD,1
IREN,2026-01-16,110.0,0.01,3695,2,🚬菸屁股,HOLD,1
IREN,2026-03-20,20.0,33.3,25871,2,🔥萬人塚,HOLD,1
NBIS,2026-03-20,180.0,2.8,2166,2,🚬菸屁股,HOLD,1
PATH,2026-05-15,27.0,0.41,2467,2,🚬菸屁股,HOLD,1
LUNR,2026-01-16,37.0,0.01,3316,2,🚬菸屁股,HOLD,1
SMR,2026-01-16,30.0,0.01,7939,2,🚬菸屁股,HOLD,1
VRT,2026-01-16,230.0,0.01,1757,2,🚬菸屁股,HOLD,1
CRWV,2026-01-16,185.0,0.01,10349,2,🚬菸屁股,HOLD,1
CRWV,2026-01-16,195.0,0.01,2448,2,🚬菸屁股,HOLD,1
NVDA,2026-01-16,255.0,0.01,18489,1,🚬菸屁股,HOLD,1
SMCI,2026-01-16,51.0,0.04,2471,1,🚬菸屁股,HOLD,1
SMCI,2026-02-20,70.0,0.12,3840,1,🚬菸屁股,HOLD,1
SMCI,2026-03-20,80.0,0.19,1777,1,🚬菸屁股,HOLD,1
SMCI,2026-03-20,90.0,0.12,3547,1,🚬菸屁股,HOLD,1
SMCI,2026-05-15,48.0,1.27,1525,1,🚬菸屁股,HOLD,1
OKLO,2026-01-16,190.0,0.01,3769,1,🚬菸屁股,HOLD,1
OKLO,2026-03-20,220.0,1.15,2845,1,🚬菸屁股,HOLD,1
IONQ,2026-01-16,90.0,0.01,2645,1,🚬菸屁股,HOLD,1
IONQ,2026-01-16,100.0,0.01,4412,1,🚬菸屁股,HOLD,1
SOFI,2026-01-16,37.0,0.01,3548,1,🚬菸屁股,HOLD,1
SOFI,2026-01-16,45.0,0.01,2211,1,🚬菸屁股,HOLD,1
SOFI,2026-01-16,47.0,0.01,3097,1,🚬菸屁股,HOLD,1
DKNG,2026-01-16,60.0,0.01,13567,1,🚬菸屁股,HOLD,1
HOOD,2026-01-16,200.0,0.01,6956,1,🚬菸屁股,HOLD,1
TDOC,2026-01-16,12.5,0.01,2929,1,🚬菸屁股,HOLD,1
XYZ,2026-01-16,82.5,0.02,3287,1,🚬菸屁股,HOLD,1
XYZ,2026-01-16,92.5,0.01,1573,1,🚬菸屁股,HOLD,1
XYZ,2026-01-16,100.0,0.01,5273,1,🚬菸屁股,HOLD,1
XYZ,2026-01-16,110.0,0.01,1938,1,🚬菸屁股,HOLD,1
XYZ,2026-01-16,125.0,0.01,4986,1,🚬菸屁股,HOLD,1
CRSP,2026-01-16,75.0,0.05,2808,1,🚬菸屁股,HOLD,1
CRSP,2026-01-16,80.0,0.05,7323,1,🚬菸屁股,HOLD,1
CRSP,2026-04-17,77.5,1.6,2017,1,🚬菸屁股,HOLD,1
NTLA,2026-01-16,30.0,0.05,1202,1,🚬菸屁股,HOLD,1
NTLA,2026-04-17,25.0,0.5,2462,1,🚬菸屁股,HOLD,1
HIMS,2026-01-16,75.0,0.01,4172,1,🚬菸屁股,HOLD,1
HIMS,2026-01-16,80.0,0.01,4445,1,🚬菸屁股,HOLD,1
LUNR,2026-01-16,35.0,0.01,1708,1,🚬菸屁股,HOLD,1
JOBY,2026-01-16,21.0,0.01,3621,1,🚬菸屁股,HOLD,1
JOBY,2026-01-16,27.0,0.02,4617,1,🚬菸屁股,HOLD,1
JOBY,2026-04-17,26.0,0.61,3476,1,🚬菸屁股,HOLD,1
SMR,2026-01-16,35.0,0.02,2247,1,🚬菸屁股,HOLD,1
SMR,2026-01-16,65.0,0.03,1866,1,🚬菸屁股,HOLD,1
CRWV,2026-01-16,220.0,0.01,2669,1,🚬菸屁股,HOLD,1
CRWV,2026-01-16,250.0,0.01,1803,1,🚬菸屁股,HOLD,1
TSLA,2026-01-16,700.0,0.01,10524,0,🚬菸屁股,HOLD,1
TSLA,2027-01-15,5.0,434.55,31423,0,🔥萬人塚,HOLD,1
NVDA,2026-01-16,270.0,0.01,17911,0,🚬菸屁股,HOLD,1
NVDA,2026-01-16,275.0,0.01,14550,0,🚬菸屁股,HOLD,1
NVDA,2026-01-16,370.0,0.01,10538,0,🚬菸屁股,HOLD,1
NVDA,2026-02-20,420.0,0.01,14588,0,🚬菸屁股,HOLD,1
MSTR,2026-01-16,,0.01,11951,0,🚬菸屁股,HOLD,1
IBIT,2026-01-16,68.0,0.01,13871,0,🚬菸屁股,HOLD,1
IBIT,2026-01-16,81.0,0.01,11639,0,🚬菸屁股,HOLD,1
IBIT,2026-01-16,135.0,0.01,17659,0,🚬菸屁股,HOLD,1
IBIT,2026-03-20,110.0,0.04,10804,0,🚬菸屁股,HOLD,1
COIN,2026-01-16,500.0,0.01,15250,0,🚬菸屁股,HOLD,1
PLTR,2026-01-16,390.0,0.01,11953,0,🚬菸屁股,HOLD,1
PLTR,2026-02-20,410.0,0.02,14368,0,🚬菸屁股,HOLD,1
SMCI,2026-01-16,48.0,0.03,2957,0,🚬菸屁股,HOLD,1
SMCI,2026-01-16,49.0,0.01,10020,0,🚬菸屁股,HOLD,1
SMCI,2026-01-16,54.0,0.01,1880,0,🚬菸屁股,HOLD,1
SMCI,2026-01-16,56.0,0.01,5065,0,🚬菸屁股,HOLD,1
SMCI,2026-01-16,57.0,0.01,2418,0,🚬菸屁股,HOLD,1
SMCI,2026-01-16,58.0,0.01,2395,0,🚬菸屁股,HOLD,1
SMCI,2026-01-16,59.0,0.01,1576,0,🚬菸屁股,HOLD,1
SMCI,2026-01-16,61.0,0.01,2006,0,🚬菸屁股,HOLD,1
SMCI,2026-01-16,62.0,0.01,1697,0,🚬菸屁股,HOLD,1
SMCI,2026-01-16,63.0,0.13,8510,0,🚬菸屁股,HOLD,1
SMCI,2026-01-16,67.0,0.01,1713,0,🚬菸屁股,HOLD,1
SMCI,2026-01-16,75.0,0.01,7211,0,🚬菸屁股,HOLD,1
SMCI,2026-01-16,77.0,0.13,3225,0,🚬菸屁股,HOLD,1
SMCI,2026-01-16,78.0,0.01,4539,0,🚬菸屁股,HOLD,1
SMCI,2026-01-16,85.0,0.03,4091,0,🚬菸屁股,HOLD,1
SMCI,2026-01-16,88.0,0.01,1626,0,🚬菸屁股,HOLD,1
SMCI,2026-01-16,90.0,0.01,13039,0,🚬菸屁股,HOLD,1
SMCI,2026-01-16,93.0,0.13,3365,0,🚬菸屁股,HOLD,1
SMCI,2026-01-16,95.0,0.01,3668,0,🚬菸屁股,HOLD,1
SMCI,2026-01-16,105.0,0.01,4193,0,🚬菸屁股,HOLD,1
SMCI,2026-01-16,110.0,0.02,2641,0,🚬菸屁股,HOLD,1
SMCI,2026-01-16,111.0,0.01,3353,0,🚬菸屁股,HOLD,1
SMCI,2026-01-16,120.0,0.01,4383,0,🚬菸屁股,HOLD,1
SMCI,2026-01-16,125.0,0.01,4010,0,🚬菸屁股,HOLD,1
SMCI,2026-01-16,126.0,0.13,3095,0,🚬菸屁股,HOLD,1
SMCI,2026-01-16,130.0,0.01,3325,0,🚬菸屁股,HOLD,1
SMCI,2026-01-16,140.0,0.12,1685,0,🚬菸屁股,HOLD,1
SMCI,2026-01-16,150.0,0.01,16945,0,🚬菸屁股,HOLD,1
SMCI,2026-01-16,158.0,0.13,1654,0,🚬菸屁股,HOLD,1
SMCI,2026-01-16,160.0,0.13,1674,0,🚬菸屁股,HOLD,1
SMCI,2026-01-16,162.0,0.13,2158,0,🚬菸屁股,HOLD,1
SMCI,2026-01-16,170.0,0.01,8511,0,🚬菸屁股,HOLD,1
SMCI,2026-01-16,180.0,0.13,3543,0,🚬菸屁股,HOLD,1
SMCI,2026-01-16,184.0,0.01,13668,0,🚬菸屁股,HOLD,1
SMCI,2026-03-20,100.0,0.12,3170,0,🚬菸屁股,HOLD,1
VST,2026-01-16,220.0,0.24,2738,0,🚬菸屁股,HOLD,1
VST,2026-01-16,250.0,0.01,4913,0,🚬菸屁股,HOLD,1
VST,2026-01-16,310.0,0.67,2251,0,🚬菸屁股,HOLD,1
UPST,2026-01-16,80.0,0.01,7330,0,🚬菸屁股,HOLD,1
UPST,2026-01-16,82.5,0.02,3549,0,🚬菸屁股,HOLD,1
UPST,2026-01-16,85.0,0.01,2364,0,🚬菸屁股,HOLD,1
UPST,2026-01-16,90.0,0.01,13962,0,🚬菸屁股,HOLD,1
UPST,2026-01-16,120.0,0.01,3574,0,🚬菸屁股,HOLD,1
UPST,2026-01-16,125.0,0.02,2517,0,🚬菸屁股,HOLD,1
UPST,2026-01-16,135.0,0.01,3410,0,🚬菸屁股,HOLD,1
SOFI,2026-01-16,39.0,0.01,3858,0,🚬菸屁股,HOLD,1
SOFI,2026-01-16,42.0,0.02,6245,0,🚬菸屁股,HOLD,1
SOFI,2026-02-20,38.0,0.19,1923,0,🚬菸屁股,HOLD,1
SOFI,2026-02-20,39.0,0.35,1572,0,🚬菸屁股,HOLD,1
SOFI,2026-02-20,44.0,0.28,2276,0,🚬菸屁股,HOLD,1
SOFI,2026-04-17,44.0,0.52,2201,0,🚬菸屁股,HOLD,1
DKNG,2026-01-16,47.0,0.01,3083,0,🚬菸屁股,HOLD,1
DKNG,2026-01-16,52.5,0.01,2123,0,🚬菸屁股,HOLD,1
DKNG,2026-01-16,65.0,0.01,6363,0,🚬菸屁股,HOLD,1
DKNG,2026-01-16,70.0,0.01,2996,0,🚬菸屁股,HOLD,1
DKNG,2026-02-20,70.0,0.1,5623,0,🚬菸屁股,HOLD,1
DKNG,2026-03-20,60.0,0.11,2033,0,🚬菸屁股,HOLD,1
IREN,2026-01-16,85.0,0.01,6669,0,🚬菸屁股,HOLD,1
IREN,2026-01-16,100.0,0.01,7334,0,🚬菸屁股,HOLD,1
IREN,2026-01-16,105.0,0.01,8173,0,🚬菸屁股,HOLD,1
IREN,2026-03-20,18.0,36.3,23614,0,🔥萬人塚,HOLD,1
IREN,2026-05-15,105.0,3.45,3481,0,🚬菸屁股,HOLD,1
NBIS,2026-01-16,170.0,0.01,2262,0,🚬菸屁股,HOLD,1
PATH,2026-01-16,22.5,0.01,11628,0,🚬菸屁股,HOLD,1
PATH,2026-01-16,25.0,0.01,9949,0,🚬菸屁股,HOLD,1
PATH,2026-01-16,30.0,0.01,13643,0,🚬菸屁股,HOLD,1
PATH,2026-02-20,26.0,0.14,2822,0,🚬菸屁股,HOLD,1
PATH,2026-02-20,27.0,0.14,2802,0,🚬菸屁股,HOLD,1
PATH,2026-02-20,30.0,0.05,2510,0,🚬菸屁股,HOLD,1
HOOD,2026-01-16,180.0,0.01,2939,0,🚬菸屁股,HOLD,1
HOOD,2026-01-16,210.0,0.01,3244,0,🚬菸屁股,HOLD,1
HOOD,2026-01-16,290.0,0.01,6279,0,🚬菸屁股,HOLD,1
HOOD,2026-02-20,210.0,0.09,4337,0,🚬菸屁股,HOLD,1
HOOD,2026-02-20,280.0,0.15,2008,0,🚬菸屁股,HOLD,1
HOOD,2026-03-20,220.0,0.3,2290,0,🚬菸屁股,HOLD,1
HOOD,2026-03-20,290.0,0.11,10255,0,🚬菸屁股,HOLD,1
TDOC,2026-01-16,9.0,0.01,8375,0,🚬菸屁股,HOLD,1
TDOC,2026-01-16,11.0,0.01,2661,0,🚬菸屁股,HOLD,1
TDOC,2026-01-16,15.0,0.01,10277,0,🚬菸屁股,HOLD,1
TDOC,2026-01-16,17.5,0.01,2580,0,🚬菸屁股,HOLD,1
TDOC,2026-01-16,20.0,0.01,8168,0,🚬菸屁股,HOLD,1
TDOC,2026-01-16,25.0,0.01,6998,0,🚬菸屁股,HOLD,1
TDOC,2026-01-16,30.0,0.01,14225,0,🚬菸屁股,HOLD,1
TDOC,2026-01-16,35.0,0.01,9107,0,🚬菸屁股,HOLD,1
TDOC,2026-04-17,11.0,0.17,1992,0,🚬菸屁股,HOLD,1
ZM,2026-01-16,100.0,0.01,12123,0,🚬菸屁股,HOLD,1
ZM,2026-01-16,110.0,0.01,9697,0,🚬菸屁股,HOLD,1
ZM,2026-01-16,120.0,0.11,4410,0,🚬菸屁股,HOLD,1
ZM,2026-01-16,125.0,0.01,1628,0,🚬菸屁股,HOLD,1
ZM,2026-03-20,130.0,0.61,1980,0,🚬菸屁股,HOLD,1
XYZ,2026-01-16,95.0,0.01,2572,0,🚬菸屁股,HOLD,1
XYZ,2026-01-16,105.0,0.02,1690,0,🚬菸屁股,HOLD,1
XYZ,2026-01-16,140.0,0.01,1896,0,🚬菸屁股,HOLD,1
XYZ,2026-01-16,145.0,0.01,1666,0,🚬菸屁股,HOLD,1
XYZ,2026-03-20,105.0,0.38,2047,0,🚬菸屁股,HOLD,1
XYZ,2026-03-20,125.0,0.26,7763,0,🚬菸屁股,HOLD,1
CRSP,2026-01-16,90.0,1.05,3461,0,🚬菸屁股,HOLD,1
CRSP,2026-01-16,100.0,0.05,2288,0,🚬菸屁股,HOLD,1
CRSP,2026-01-16,110.0,0.05,1560,0,🚬菸屁股,HOLD,1
CRSP,2026-01-16,135.0,0.05,1234,0,🚬菸屁股,HOLD,1
NTLA,2026-01-16,17.5,0.05,1788,0,🚬菸屁股,HOLD,1
NTLA,2026-01-16,20.0,0.05,3977,0,🚬菸屁股,HOLD,1
NTLA,2026-01-16,25.0,0.05,4614,0,🚬菸屁股,HOLD,1
NTLA,2026-01-16,35.0,0.05,4193,0,🚬菸屁股,HOLD,1
NTLA,2026-04-17,22.5,0.9,1289,0,🚬菸屁股,HOLD,1
PACB,2026-01-16,4.0,0.05,5634,0,🚬菸屁股,HOLD,1
PACB,2026-01-16,5.0,0.05,4757,0,🚬菸屁股,HOLD,1
PACB,2026-01-16,8.0,0.05,2537,0,🚬菸屁股,HOLD,1
PACB,2026-01-16,10.0,0.05,1599,0,🚬菸屁股,HOLD,1
PACB,2026-01-16,22.0,0.05,1861,0,🚬菸屁股,HOLD,1
HIMS,2026-01-16,70.0,0.01,6282,0,🚬菸屁股,HOLD,1
HIMS,2026-01-16,85.0,0.01,2697,0,🚬菸屁股,HOLD,1
HIMS,2026-01-16,95.0,0.01,4908,0,🚬菸屁股,HOLD,1
HIMS,2026-01-16,100.0,0.01,6626,0,🚬菸屁股,HOLD,1
HIMS,2026-02-20,100.0,0.04,1829,0,🚬菸屁股,HOLD,1
HIMS,2026-03-20,90.0,0.2,4061,0,🚬菸屁股,HOLD,1
ONDS,2026-01-16,21.0,0.02,3274,0,🚬菸屁股,HOLD,1
JOBY,2026-01-16,25.0,0.01,3113,0,🚬菸屁股,HOLD,1
JOBY,2026-01-16,32.0,0.22,3889,0,🚬菸屁股,HOLD,1
ACHR,2026-01-16,14.0,0.01,6957,0,🚬菸屁股,HOLD,1
ACHR,2026-01-16,18.0,0.01,4625,0,🚬菸屁股,HOLD,1
ACHR,2026-01-16,19.0,0.01,2340,0,🚬菸屁股,HOLD,1
ACHR,2026-01-16,21.0,0.01,4249,0,🚬菸屁股,HOLD,1
ACHR,2026-01-16,22.0,0.01,11857,0,🚬菸屁股,HOLD,1
ACHR,2026-01-16,24.0,0.01,1750,0,🚬菸屁股,HOLD,1
ACHR,2026-01-16,25.0,0.01,4454,0,🚬菸屁股,HOLD,1
ACHR,2026-04-17,17.0,0.35,1875,0,🚬菸屁股,HOLD,1
SMR,2026-01-16,32.0,0.01,5006,0,🚬菸屁股,HOLD,1
SMR,2026-01-16,40.0,0.01,5271,0,🚬菸屁股,HOLD,1
SMR,2026-01-16,42.0,0.02,2681,0,🚬菸屁股,HOLD,1
SMR,2026-01-16,45.0,0.01,2107,0,🚬菸屁股,HOLD,1
SMR,2026-01-16,50.0,0.01,3595,0,🚬菸屁股,HOLD,1
SMR,2026-01-16,60.0,0.01,4521,0,🚬菸屁股,HOLD,1
SMR,2026-01-16,80.0,0.01,1518,0,🚬菸屁股,HOLD,1
SMR,2026-02-20,46.0,0.18,1532,0,🚬菸屁股,HOLD,1
SMR,2026-03-20,60.0,0.33,2515,0,🚬菸屁股,HOLD,1
SMR,2026-03-20,80.0,0.24,1733,0,🚬菸屁股,HOLD,1
SMR,2026-03-20,85.0,0.21,2160,0,🚬菸屁股,HOLD,1
NNE,2026-01-16,42.0,0.1,2644,0,🚬菸屁股,HOLD,1
NNE,2026-01-16,60.0,0.05,1501,0,🚬菸屁股,HOLD,1
NNE,2026-01-16,65.0,0.05,1904,0,🚬菸屁股,HOLD,1
VRT,2026-01-16,240.0,0.01,14698,0,🚬菸屁股,HOLD,1
CRWV,2026-01-16,145.0,0.01,10742,0,🚬菸屁股,HOLD,1
CRWV,2026-01-16,175.0,0.01,3097,0,🚬菸屁股,HOLD,1
CRWV,2026-01-16,210.0,0.01,1710,0,🚬菸屁股,HOLD,1
CRWV,2026-01-16,230.0,0.01,2895,0,🚬菸屁股,HOLD,1
