Stock,Expiry,Strike,Ask,OpenInterest,Volume,IV,DTE,Spot,Tags,Action,Score
NOW,2026-08-21,170.0,0.69,2299,3361,79.883013671875,62,95.04000091552734,🚨異常掃貨 🚬菸屁股,STRONG_BUY,6
HOOD,2026-08-21,200.0,0.75,799,1848,83.8868798828125,62,108.1500015258789,🚨異常掃貨 🚬菸屁股,STRONG_BUY,6
IBIT,2026-07-17,36.0,1.57,5459,12222,44.336494140625,27,35.619998931884766,🚨異常掃貨,STRONG_BUY,5
CRWV,2026-07-17,140.0,4.25,4435,7042,84.37515624999999,27,117.94999694824219,🚨異常掃貨,STRONG_BUY,5
SMCI,2026-08-21,37.0,2.64,1124,5998,92.57819921875,62,30.65999984741211,🚨異常掃貨,STRONG_BUY,5
HOOD,2026-09-18,140.0,5.56,3156,5374,71.33817724609376,90,108.1500015258789,🚨異常掃貨,STRONG_BUY,5
NEE,2026-07-17,87.5,1.9,2075,2740,23.95095581054687,27,86.75,🚨異常掃貨,STRONG_BUY,5
SMCI,2026-07-17,31.0,2.66,1648,2128,81.83611914062499,27,30.65999984741211,🚨異常掃貨,STRONG_BUY,5
NOW,2026-10-16,150.0,2.69,1228,1801,67.13900048828127,118,95.04000091552734,🚨異常掃貨,STRONG_BUY,5
VST,2026-07-17,180.0,3.9,933,1494,51.14794946289063,27,163.75,🚨異常掃貨,STRONG_BUY,5
NVDA,2026-07-17,250.0,0.64,69051,17381,39.014281738281255,27,210.69000244140625,🚬菸屁股 🔥萬人塚,HOLD,3
HOOD,2026-07-17,120.0,4.05,18259,15040,68.17658776855471,27,108.1500015258789,🆕新倉暴量,HOLD,3
NVDA,2026-07-17,210.0,9.0,29921,13354,37.0123486328125,27,210.69000244140625,🆕新倉暴量,HOLD,3
SOFI,2026-07-17,20.0,0.46,32172,12128,57.7152666015625,27,17.90999984741211,🚬菸屁股 🔥萬人塚,HOLD,3
ONDS,2026-07-17,10.0,0.64,32789,9778,88.08605664062499,27,9.270000457763672,🚬菸屁股 🔥萬人塚,HOLD,3
AMZN,2026-07-17,260.0,3.35,18810,9683,32.34930932617186,27,244.38999938964844,🆕新倉暴量,HOLD,3
MSFT,2026-07-17,450.0,1.0,29241,9206,37.65931481933594,27,379.3999938964844,🆕新倉暴量,HOLD,3
SOFI,2026-07-17,18.0,1.13,18888,7390,57.7152666015625,27,17.90999984741211,🆕新倉暴量,HOLD,3
INTC,2026-07-17,135.0,12.75,7780,5214,86.65784826660156,27,133.99000549316406,🆕新倉暴量,HOLD,3
HOOD,2026-07-17,115.0,5.51,8573,4986,67.35872485351564,27,108.1500015258789,🆕新倉暴量,HOLD,3
INTC,2026-07-17,160.0,5.15,6726,4848,89.30674755859374,27,133.99000549316406,🆕新倉暴量,HOLD,3
ASTS,2026-07-17,100.0,3.4,15851,4838,102.24658251953124,27,80.66000366210938,🆕新倉暴量,HOLD,3
DKNG,2026-07-17,30.0,0.4,32832,4653,50.879397460937504,27,26.389999389648438,🚬菸屁股 🔥萬人塚,HOLD,3
HIMS,2026-07-17,35.0,3.9,10338,4590,90.72274902343749,27,35.470001220703125,🆕新倉暴量,HOLD,3
HIMS,2026-07-17,40.0,2.05,8684,4456,91.6993017578125,27,35.470001220703125,🆕新倉暴量,HOLD,3
NVDA,2026-07-17,205.0,12.2,19953,4247,38.172005004882806,27,210.69000244140625,🆕新倉暴量,HOLD,3
SMR,2026-07-17,12.0,1.18,4859,3752,101.5629921875,27,11.739999771118164,🆕新倉暴量,HOLD,3
HOOD,2026-07-17,130.0,2.2,15448,3431,69.5315546875,27,108.1500015258789,🆕新倉暴量,HOLD,3
PLTR,2026-07-17,135.0,4.3,10139,3408,48.633326171875005,27,128.47000122070312,🆕新倉暴量,HOLD,3
PLTR,2026-07-17,140.0,2.84,13798,3363,48.76760217285157,27,128.47000122070312,🆕新倉暴量,HOLD,3
AMZN,2026-07-17,300.0,0.27,36938,3333,37.15883154296875,27,244.38999938964844,🚬菸屁股 🔥萬人塚,HOLD,3
DIS,2026-07-17,100.0,5.0,5272,3178,26.79516564941406,27,103.88999938964844,🆕新倉暴量,HOLD,3
IREN,2026-07-17,70.0,3.41,10412,2969,102.00244311523439,27,59.959999084472656,🆕新倉暴量,HOLD,3
NOW,2026-07-17,110.0,1.8,7830,2684,59.375406250000005,27,95.04000091552734,🆕新倉暴量,HOLD,3
HOOD,2026-07-17,125.0,2.9,7503,2571,68.32307067871095,27,108.1500015258789,🆕新倉暴量,HOLD,3
SMCI,2026-07-17,32.0,2.25,2442,2520,81.64080859375,27,30.65999984741211,🆕新倉暴量,HOLD,3
HIMS,2026-08-21,40.0,4.55,3353,2161,105.56687841796877,62,35.470001220703125,🆕新倉暴量,HOLD,3
DIS,2026-07-17,105.0,2.25,8105,2143,24.01199035644531,27,103.88999938964844,🆕新倉暴量,HOLD,3
DIS,2027-01-15,110.0,7.0,7470,2079,30.927204406738284,209,103.88999938964844,🆕新倉暴量,HOLD,3
VST,2026-07-17,200.0,1.2,2314,2046,53.63815893554688,27,163.75,🆕新倉暴量,HOLD,3
NOW,2026-08-21,110.0,5.6,8916,2017,66.91927612304688,62,95.04000091552734,🆕新倉暴量,HOLD,3
JPM,2026-07-17,350.0,1.89,3376,1940,26.12378564453125,27,325.2200012207031,🆕新倉暴量,HOLD,3
ASTS,2026-07-17,105.0,2.72,3623,1840,103.80907470703127,27,80.66000366210938,🆕新倉暴量,HOLD,3
DKNG,2026-07-17,27.5,1.05,5459,1816,51.07470800781251,27,26.389999389648438,🆕新倉暴量,HOLD,3
CLSK,2026-07-17,18.0,1.27,2814,1724,87.695435546875,27,17.239999771118164,🆕新倉暴量,HOLD,3
MSFT,2026-07-17,475.0,0.59,45720,1603,43.00594104003906,27,379.3999938964844,🚬菸屁股 🔥萬人塚,HOLD,3
IBIT,2026-07-17,45.0,0.06,86047,1533,45.703667968750004,27,35.619998931884766,🚬菸屁股 🔥萬人塚,HOLD,3
ACHR,2026-07-17,7.0,0.11,37698,1514,76.562734375,27,5.570000171661377,🚬菸屁股 🔥萬人塚,HOLD,3
NOW,2026-07-17,115.0,1.22,4720,1507,60.84023535156251,27,95.04000091552734,🆕新倉暴量,HOLD,3
NOW,2026-07-17,105.0,2.7,4635,1505,58.19133605957032,27,95.04000091552734,🆕新倉暴量,HOLD,3
MSTR,2026-07-17,180.0,0.48,39175,1464,91.4063359375,27,112.52999877929688,🚬菸屁股 🔥萬人塚,HOLD,3
CRM,2026-07-17,160.0,4.05,6730,1380,43.78718322753906,27,151.77999877929688,🆕新倉暴量,HOLD,3
IBM,2026-07-17,290.0,1.63,1465,1143,45.56939196777344,27,249.10000610351562,🆕新倉暴量,HOLD,3
HOOD,2026-08-21,150.0,2.95,2462,1079,74.02369726562499,62,108.1500015258789,🆕新倉暴量,HOLD,3
AMZN,2026-08-21,350.0,0.41,40111,1052,43.555251953125,62,244.38999938964844,🚬菸屁股 🔥萬人塚,HOLD,3
AMZN,2026-08-21,370.0,0.2,40740,1046,45.117736328125005,62,244.38999938964844,🚬菸屁股 🔥萬人塚,HOLD,3
ONDS,2026-07-17,15.0,0.07,30682,972,104.68797656250001,27,9.270000457763672,🚬菸屁股 🔥萬人塚,HOLD,3
JPM,2026-07-17,335.0,5.7,2271,949,26.18176846313477,27,325.2200012207031,🆕新倉暴量,HOLD,3
ONDS,2026-07-17,9.0,1.02,4070,941,87.695435546875,27,9.270000457763672,🆕新倉暴量,HOLD,3
NOW,2026-10-16,125.0,5.4,1409,861,65.19810192871094,118,95.04000091552734,🆕新倉暴量,HOLD,3
SMR,2026-08-21,11.0,2.46,1639,858,108.00827246093752,62,11.739999771118164,🆕新倉暴量,HOLD,3
SMCI,2026-07-17,33.0,1.9,1876,845,82.12908496093749,27,30.65999984741211,🆕新倉暴量,HOLD,3
JPM,2026-07-17,345.0,2.71,2040,799,26.142096008300786,27,325.2200012207031,🆕新倉暴量,HOLD,3
HOOD,2026-07-17,135.0,1.58,1447,796,70.55693505859377,27,108.1500015258789,🆕新倉暴量,HOLD,3
FLNC,2026-07-17,25.0,3.43,3256,782,127.44176904296873,27,24.799999237060547,🆕新倉暴量,HOLD,3
SOFI,2026-09-18,25.0,0.6,41946,754,66.69955175781253,90,17.90999984741211,🚬菸屁股 🔥萬人塚,HOLD,3
IBIT,2026-09-18,50.0,0.24,33000,731,43.945873046875,90,35.619998931884766,🚬菸屁股 🔥萬人塚,HOLD,3
UPST,2026-07-17,35.0,1.65,2678,728,72.70535107421875,27,32.43000030517578,🆕新倉暴量,HOLD,3
HIMS,2026-07-17,36.0,3.5,1311,704,90.67392138671875,27,35.470001220703125,🆕新倉暴量,HOLD,3
ACHR,2026-07-17,8.0,0.05,52235,700,85.1563984375,27,5.570000171661377,🚬菸屁股 🔥萬人塚,HOLD,3
SMR,2026-07-17,11.0,1.63,2660,683,97.6562734375,27,11.739999771118164,🆕新倉暴量,HOLD,3
XYZ,2026-07-17,80.0,1.75,3153,670,44.67828759765625,27,74.77999877929688,🆕新倉暴量,HOLD,3
OPEN,2027-01-15,10.0,0.42,44122,606,107.03171484375002,209,4.46999979019165,🚬菸屁股 🔥萬人塚,HOLD,3
U,2026-08-21,32.0,1.61,1699,605,73.97486962890623,62,27.479999542236328,🆕新倉暴量,HOLD,3
SMCI,2026-07-17,34.0,1.59,1596,574,82.42205078125,27,30.65999984741211,🆕新倉暴量,HOLD,3
IBIT,2027-01-15,60.0,0.52,35072,540,46.87553125,209,35.619998931884766,🚬菸屁股 🔥萬人塚,HOLD,3
NVDA,2028-01-21,300.0,26.95,91537,536,49.1338094482422,580,210.69000244140625,🔭LEAPS 🔥萬人塚,HOLD,3
ONDS,2028-01-21,30.0,1.79,74912,528,100.65967639160154,580,9.270000457763672,🔭LEAPS 🔥萬人塚,HOLD,3
HOOD,2026-08-21,130.0,5.88,2411,486,71.72879833984375,62,108.1500015258789,🆕新倉暴量,HOLD,3
ONDS,2027-01-15,30.0,0.37,84198,485,105.46922265625001,209,9.270000457763672,🚬菸屁股 🔥萬人塚,HOLD,3
IBIT,2027-01-15,90.0,0.15,38145,473,58.10588769531251,209,35.619998931884766,🚬菸屁股 🔥萬人塚,HOLD,3
ACHR,2027-01-15,10.0,0.52,44498,458,90.82040429687498,209,5.570000171661377,🚬菸屁股 🔥萬人塚,HOLD,3
HOOD,2026-08-21,135.0,4.91,1436,447,72.21707470703124,62,108.1500015258789,🆕新倉暴量,HOLD,3
SMCI,2026-07-17,29.0,3.5,1713,432,82.66618896484374,27,30.65999984741211,🆕新倉暴量,HOLD,3
JPM,2026-09-18,365.0,4.1,958,409,23.8990764465332,90,325.2200012207031,🆕新倉暴量,HOLD,3
OPEN,2028-01-21,20.0,3.25,37480,327,25.00075,580,4.46999979019165,🔭LEAPS 🔥萬人塚,HOLD,3
ACHR,2026-07-17,10.0,0.01,32811,325,100.0005,27,5.570000171661377,🚬菸屁股 🔥萬人塚,HOLD,3
SOFI,2027-01-15,35.0,0.65,34604,302,70.117486328125,209,17.90999984741211,🚬菸屁股 🔥萬人塚,HOLD,3
IBIT,2027-01-15,70.0,0.3,32196,282,50.39112109375,209,35.619998931884766,🚬菸屁股 🔥萬人塚,HOLD,3
ONDS,2027-01-15,20.0,0.86,32936,243,101.02588549804685,209,9.270000457763672,🚬菸屁股 🔥萬人塚,HOLD,3
IBIT,2026-07-17,50.0,0.03,33771,231,55.469195312500005,27,35.619998931884766,🚬菸屁股 🔥萬人塚,HOLD,3
IBIT,2026-09-18,45.0,0.51,37908,211,42.04159521484375,90,35.619998931884766,🚬菸屁股 🔥萬人塚,HOLD,3
OPEN,2027-01-15,7.0,0.78,51739,174,111.13325683593752,209,4.46999979019165,🚬菸屁股 🔥萬人塚,HOLD,3
NVDA,2028-01-21,400.0,13.06,50254,141,48.94155062866212,580,210.69000244140625,🔭LEAPS 🔥萬人塚,HOLD,3
BSX,2026-09-18,70.0,0.2,42892,138,50.537604003906246,90,45.290000915527344,🚬菸屁股 🔥萬人塚,HOLD,3
NVDA,2028-01-21,250.0,39.0,34897,126,49.826551544189456,580,210.69000244140625,🔭LEAPS 🔥萬人塚,HOLD,3
IBIT,2027-01-15,80.0,0.2,31254,116,53.613745117187506,209,35.619998931884766,🚬菸屁股 🔥萬人塚,HOLD,3
IBIT,2026-09-18,55.0,0.14,36054,98,47.363807617187504,90,35.619998931884766,🚬菸屁股 🔥萬人塚,HOLD,3
SOFI,2026-09-18,32.0,0.21,53681,52,71.87528125,90,17.90999984741211,🚬菸屁股 🔥萬人塚,HOLD,3
IBIT,2027-01-15,100.0,0.13,42138,46,61.81678808593751,209,35.619998931884766,🚬菸屁股 🔥萬人塚,HOLD,3
IBIT,2026-08-21,55.0,0.07,33109,45,51.17236328125,62,35.619998931884766,🚬菸屁股 🔥萬人塚,HOLD,3
SHOP,2026-09-18,195.0,0.7,82050,14,64.648791015625,90,108.8499984741211,🚬菸屁股 🔥萬人塚,HOLD,3
IBIT,2026-09-18,65.0,0.07,34639,4,55.078574218750006,90,35.619998931884766,🚬菸屁股 🔥萬人塚,HOLD,3
BSX,2026-09-18,80.0,0.09,40424,2,53.613745117187506,90,45.290000915527344,🚬菸屁股 🔥萬人塚,HOLD,3
MSFT,2026-08-21,500.0,2.55,117968,26840,45.374081420898435,62,379.3999938964844,🔥萬人塚,HOLD,2
NVDA,2026-07-17,220.0,4.8,85940,19162,36.279934082031254,27,210.69000244140625,🔥萬人塚,HOLD,2
INTC,2026-07-17,150.0,7.35,48795,18797,87.62219409179689,27,133.99000549316406,🔥萬人塚,HOLD,2
NVDA,2026-07-17,230.0,2.42,48414,14305,36.279934082031254,27,210.69000244140625,🔥萬人塚,HOLD,2
MSFT,2026-08-21,480.0,3.5,48796,12478,43.5125277709961,62,379.3999938964844,🔥萬人塚,HOLD,2
MSFT,2026-07-17,400.0,5.8,10510,11607,31.702343139648438,27,379.3999938964844,🆕新倉暴量 🏛️機構場,HOLD,2
MSFT,2026-07-17,420.0,2.58,15040,10394,33.47234497070312,27,379.3999938964844,🆕新倉暴量 🏛️機構場,HOLD,2
NVDA,2026-07-17,215.0,6.85,37245,9955,36.73158972167969,27,210.69000244140625,🔥萬人塚,HOLD,2
SOFI,2027-01-15,25.0,1.69,71369,9762,67.74934594726562,209,17.90999984741211,🔥萬人塚,HOLD,2
PLTR,2026-07-17,150.0,1.27,35969,6437,49.5122236328125,27,128.47000122070312,🔥萬人塚,HOLD,2
SMCI,2026-07-17,35.0,1.34,46051,6399,82.81267187499999,27,30.65999984741211,🔥萬人塚,HOLD,2
NVDA,2026-08-21,230.0,6.87,35739,5943,39.94811029052735,62,210.69000244140625,🔥萬人塚,HOLD,2
NVDA,2027-01-15,240.0,18.95,40462,5497,46.23772024536134,209,210.69000244140625,🔥萬人塚,HOLD,2
NVDA,2026-10-16,220.0,17.35,50511,5335,44.56232196044921,118,210.69000244140625,🔥萬人塚,HOLD,2
AMZN,2026-08-21,320.0,1.11,42863,5100,40.820904296875,62,244.38999938964844,🔥萬人塚,HOLD,2
NVDA,2026-09-18,210.0,18.7,35183,4483,44.24189059448243,90,210.69000244140625,🔥萬人塚,HOLD,2
NVDA,2026-07-17,240.0,1.22,39856,3753,37.183245361328126,27,210.69000244140625,🔥萬人塚,HOLD,2
NVDA,2026-08-21,250.0,3.04,39863,3483,40.1373173828125,62,210.69000244140625,🔥萬人塚,HOLD,2
AMZN,2026-07-17,270.0,1.68,33535,3308,32.91082714843749,27,244.38999938964844,🔥萬人塚,HOLD,2
NVDA,2026-07-17,200.0,15.19,80542,3099,39.063109374999996,27,210.69000244140625,🔥萬人塚,HOLD,2
ONDS,2027-01-15,10.0,2.5,30138,2803,99.36524072265625,209,9.270000457763672,🔥萬人塚,HOLD,2
NVDA,2026-09-18,250.0,6.05,39626,2451,43.25007922363281,90,210.69000244140625,🔥萬人塚,HOLD,2
AMZN,2027-01-15,300.0,11.55,58480,2107,39.12414392089843,209,244.38999938964844,🔥萬人塚,HOLD,2
MSFT,2026-09-18,450.0,8.04,30579,2021,38.58398818969726,90,379.3999938964844,🔥萬人塚,HOLD,2
SOFI,2027-01-15,20.0,2.94,72211,1999,68.50617431640626,209,17.90999984741211,🔥萬人塚,HOLD,2
NVDA,2027-01-15,210.0,30.38,35484,1677,47.351600708007815,209,210.69000244140625,🔥萬人塚,HOLD,2
NVDA,2027-01-15,250.0,16.0,42764,1293,46.1217546081543,209,210.69000244140625,🔥萬人塚,HOLD,2
NVDA,2026-09-18,255.0,4.93,36824,1260,43.29890686035156,90,210.69000244140625,🔥萬人塚,HOLD,2
IBIT,2027-01-15,50.0,1.25,41421,1234,45.6060126953125,209,35.619998931884766,🔥萬人塚,HOLD,2
ONDS,2027-01-15,15.0,1.4,53171,1176,100.9770576171875,209,9.270000457763672,🔥萬人塚,HOLD,2
NVDA,2026-09-18,240.0,8.1,46666,1108,43.21345849609375,90,210.69000244140625,🔥萬人塚,HOLD,2
NVDA,2027-01-15,300.0,7.09,64168,1048,46.30180651855469,209,210.69000244140625,🔥萬人塚,HOLD,2
SOFI,2026-09-18,22.0,1.08,125579,966,66.30893066406252,90,17.90999984741211,🔥萬人塚,HOLD,2
NVDA,2026-09-18,200.0,24.4,35193,941,44.995667236328124,90,210.69000244140625,🔥萬人塚,HOLD,2
MSFT,2026-08-21,460.0,4.95,70228,911,41.79745703125,62,379.3999938964844,🔥萬人塚,HOLD,2
PLTR,2026-09-18,155.0,5.9,57024,818,55.762161132812516,90,128.47000122070312,🔥萬人塚,HOLD,2
ACHR,2027-01-15,7.0,1.0,33785,779,89.64854101562499,209,5.570000171661377,🔥萬人塚,HOLD,2
NVDA,2026-07-17,195.0,19.5,33335,774,41.492284301757806,27,210.69000244140625,🔥萬人塚,HOLD,2
AAPL,2026-07-17,350.0,0.07,35922,764,25.098405273437496,27,298.010009765625,🚬菸屁股 🔥萬人塚 🏛️機構場,HOLD,2
SOFI,2027-01-15,30.0,1.02,70171,721,68.555001953125,209,17.90999984741211,🔥萬人塚,HOLD,2
NVDA,2027-01-15,180.0,46.95,49707,487,50.275155456542976,209,210.69000244140625,🔥萬人塚,HOLD,2
MSTR,2026-08-21,125.0,10.8,51647,463,82.40984387207031,62,112.52999877929688,🔥萬人塚,HOLD,2
PATH,2027-01-15,15.0,1.07,33089,410,74.65845654296875,209,10.270000457763672,🔥萬人塚,HOLD,2
NVDA,2027-01-15,290.0,8.25,38456,402,46.323168609619145,209,210.69000244140625,🔥萬人塚,HOLD,2
IREN,2027-01-15,110.0,8.6,77471,402,108.3134467163086,209,59.959999084472656,🔥萬人塚,HOLD,2
SOFI,2027-01-15,15.0,5.18,44186,385,71.7776259765625,209,17.90999984741211,🔥萬人塚,HOLD,2
TSLA,2027-01-15,960.0,2.9,109864,369,59.54019952392577,209,400.489990234375,🔥萬人塚,HOLD,2
NVDA,2027-01-15,200.0,35.33,82221,358,48.02908416748046,209,210.69000244140625,🔥萬人塚,HOLD,2
DKNG,2026-08-21,30.0,1.12,48766,329,55.81098876953126,62,26.389999389648438,🔥萬人塚,HOLD,2
NVDA,2027-01-15,340.0,3.88,70293,312,47.11966943359375,209,210.69000244140625,🔥萬人塚,HOLD,2
META,2027-01-15,1430.0,1.65,53457,311,53.50388293457031,209,577.219970703125,🔥萬人塚,HOLD,2
NVDA,2026-09-18,310.0,1.17,34796,123,46.631393066406254,90,210.69000244140625,🔥萬人塚,HOLD,2
META,2027-01-15,1250.0,2.39,39489,41,49.945568908691406,209,577.219970703125,🔥萬人塚,HOLD,2
DKNG,2026-11-20,30.0,2.6,31164,40,56.543403320312514,153,26.389999389648438,🔥萬人塚,HOLD,2
DKNG,2026-11-20,37.5,1.05,30658,22,56.201609863281256,153,26.389999389648438,🔥萬人塚,HOLD,2
MSFT,2027-01-15,625.0,3.45,52321,19,41.63571548461914,209,379.3999938964844,🔥萬人塚,HOLD,2
SHOP,2026-09-18,140.0,4.61,49016,18,62.890996093750005,90,108.8499984741211,🔥萬人塚,HOLD,2
SHOP,2026-09-18,160.0,2.2,83758,16,63.04968591308593,90,108.8499984741211,🔥萬人塚,HOLD,2
TSLA,2027-01-15,940.0,2.96,93575,10,59.28385443115236,209,400.489990234375,🔥萬人塚,HOLD,2
OPEN,2027-01-15,1.5,6.67,49508,7,0.0010000000000000002,209,4.46999979019165,🔥萬人塚,HOLD,2
SHOP,2026-09-18,100.0,18.54,47919,6,65.19810192871094,90,108.8499984741211,🔥萬人塚,HOLD,2
SHOP,2026-09-18,175.0,1.27,46686,3,63.232789550781256,90,108.8499984741211,🔥萬人塚,HOLD,2
AAPL,2026-07-17,300.0,6.83,31404,11739,23.810576354980466,27,298.010009765625,🔥萬人塚 🏛️機構場,HOLD,1
AMZN,2026-07-17,280.0,0.85,25194,9398,33.99724206542969,27,244.38999938964844,🚬菸屁股,HOLD,1
INTC,2028-01-21,150.0,51.17,8906,6178,86.5937619934082,580,133.99000549316406,🔭LEAPS,HOLD,1
NVDA,2026-07-17,300.0,0.1,23147,5743,52.539537109375004,27,210.69000244140625,🚬菸屁股,HOLD,1
NOW,2026-07-17,120.0,0.8,16148,5119,63.232789550781256,27,95.04000091552734,🚬菸屁股,HOLD,1
IBIT,2026-07-17,46.0,0.06,9553,5108,49.023947265625004,27,35.619998931884766,🚬菸屁股,HOLD,1
AAPL,2026-07-17,310.0,3.2,59933,5014,22.72416143798828,27,298.010009765625,🔥萬人塚 🏛️機構場,HOLD,1
SMCI,2026-07-17,40.0,0.57,9984,4414,85.35170898437501,27,30.65999984741211,🚬菸屁股,HOLD,1
MSFT,2026-07-17,470.0,0.66,11659,4405,42.04159521484375,27,379.3999938964844,🚬菸屁股,HOLD,1
SOFI,2026-07-17,19.0,0.73,18875,3784,57.51995605468749,27,17.90999984741211,🚬菸屁股,HOLD,1
IBM,2026-07-17,300.0,0.98,4804,3496,44.55621850585938,27,249.10000610351562,🚬菸屁股,HOLD,1
IBIT,2028-06-16,100.0,1.75,26504,3376,54.18746984863283,727,35.619998931884766,🔭LEAPS,HOLD,1
MSFT,2026-07-17,500.0,0.37,26116,3322,46.99760034179688,27,379.3999938964844,🚬菸屁股,HOLD,1
HIMS,2026-07-17,50.0,0.48,6529,3203,94.0430283203125,27,35.470001220703125,🚬菸屁股,HOLD,1
NVDA,2026-07-17,245.0,0.89,19673,3149,38.06214282226562,27,210.69000244140625,🚬菸屁股,HOLD,1
AAPL,2026-07-17,320.0,1.26,30420,3090,22.852333984375,27,298.010009765625,🔥萬人塚 🏛️機構場,HOLD,1
NVDA,2026-07-17,260.0,0.39,23984,3050,41.65097412109374,27,210.69000244140625,🚬菸屁股,HOLD,1
MSTR,2026-07-17,200.0,0.26,8243,3029,96.679720703125,27,112.52999877929688,🚬菸屁股,HOLD,1
IBIT,2026-07-17,42.0,0.15,27009,2906,41.309180664062495,27,35.619998931884766,🚬菸屁股,HOLD,1
SOFI,2026-07-17,22.0,0.17,13214,2878,58.789474609375006,27,17.90999984741211,🚬菸屁股,HOLD,1
SMR,2026-07-17,15.0,0.43,15845,2669,102.53954980468751,27,11.739999771118164,🚬菸屁股,HOLD,1
SOFI,2026-08-21,25.0,0.36,14771,2625,67.96907031250001,62,17.90999984741211,🚬菸屁股,HOLD,1
AMZN,2026-07-17,290.0,0.46,21884,2569,35.57193334960937,27,244.38999938964844,🚬菸屁股,HOLD,1
MSFT,2026-07-17,460.0,0.79,8827,2453,39.795523925781254,27,379.3999938964844,🚬菸屁股,HOLD,1
IBIT,2028-01-21,80.0,1.83,6685,2425,52.74705456542969,580,35.619998931884766,🔭LEAPS,HOLD,1
AAPL,2026-07-17,295.0,9.75,33437,2424,24.616232360839845,27,298.010009765625,🔥萬人塚 🏛️機構場,HOLD,1
OPEN,2026-11-20,10.0,0.32,8474,2365,111.5238798828125,153,4.46999979019165,🚬菸屁股,HOLD,1
SMCI,2026-07-17,45.0,0.29,7091,2341,90.23447265624999,27,30.65999984741211,🚬菸屁股,HOLD,1
SOFI,2026-07-17,21.0,0.27,17514,2167,58.5941640625,27,17.90999984741211,🚬菸屁股,HOLD,1
ONDS,2026-07-17,13.0,0.15,20359,2072,95.312546875,27,9.270000457763672,🚬菸屁股,HOLD,1
OKLO,2026-07-17,100.0,0.52,8387,2013,107.56882153320313,27,61.16999816894531,🚬菸屁股,HOLD,1
MSTR,2026-07-17,170.0,0.65,5249,1993,86.2306064453125,27,112.52999877929688,🚬菸屁股,HOLD,1
IBIT,2026-07-17,40.0,0.33,18839,1953,40.18614501953125,27,35.619998931884766,🚬菸屁股,HOLD,1
NVDA,2026-09-18,350.0,0.53,24805,1899,50.39112109375,90,210.69000244140625,🚬菸屁股,HOLD,1
MDT,2026-07-17,82.5,0.77,3698,1896,24.292749267578124,27,79.33999633789062,🚬菸屁股,HOLD,1
PLTR,2026-07-17,165.0,0.5,10133,1892,54.63912548828126,27,128.47000122070312,🚬菸屁股,HOLD,1
ASTS,2026-07-17,150.0,0.49,7690,1872,120.3128984375,27,80.66000366210938,🚬菸屁股,HOLD,1
IBIT,2026-07-17,38.0,0.78,14911,1856,41.699801757812494,27,35.619998931884766,🚬菸屁股,HOLD,1
ASTS,2026-07-17,180.0,0.2,7444,1843,129.297228515625,27,80.66000366210938,🚬菸屁股,HOLD,1
AMZN,2026-07-17,320.0,0.11,9699,1807,41.992767578125,27,244.38999938964844,🚬菸屁股,HOLD,1
ONDS,2026-07-17,11.0,0.39,23690,1773,89.45323046875,27,9.270000457763672,🚬菸屁股,HOLD,1
IBIT,2026-07-17,39.0,0.49,5725,1711,40.62559375,27,35.619998931884766,🚬菸屁股,HOLD,1
HOOD,2026-07-17,150.0,0.71,10366,1704,74.90259472656251,27,108.1500015258789,🚬菸屁股,HOLD,1
ONDS,2026-07-17,12.0,0.24,23273,1675,92.9688203125,27,9.270000457763672,🚬菸屁股,HOLD,1
NVDA,2026-07-17,270.0,0.25,11721,1665,44.5318046875,27,210.69000244140625,🚬菸屁股,HOLD,1
ADBE,2026-07-17,250.0,0.37,2928,1658,48.5356708984375,27,195.16000366210938,🚬菸屁股,HOLD,1
TSLA,2026-07-17,600.0,0.45,17648,1644,65.11265356445313,27,400.489990234375,🚬菸屁股,HOLD,1
ASTS,2026-07-17,140.0,0.7,2579,1607,115.8207333984375,27,80.66000366210938,🚬菸屁股,HOLD,1
PLTR,2026-07-17,160.0,0.65,12233,1599,52.58836474609375,27,128.47000122070312,🚬菸屁股,HOLD,1
IBIT,2026-07-17,41.0,0.22,9149,1593,40.5279384765625,27,35.619998931884766,🚬菸屁股,HOLD,1
SMCI,2026-08-21,55.0,0.6,4028,1591,98.9257919921875,62,30.65999984741211,🚬菸屁股,HOLD,1
OPEN,2026-07-17,5.0,0.25,10297,1587,87.10950390625,27,4.46999979019165,🚬菸屁股,HOLD,1
BSX,2026-07-17,50.0,0.5,5330,1529,38.2818671875,27,45.290000915527344,🚬菸屁股,HOLD,1
IBIT,2026-09-18,70.0,0.07,22305,1516,60.74258007812501,90,35.619998931884766,🚬菸屁股,HOLD,1
HOOD,2026-07-17,145.0,0.89,2462,1511,73.19362744140624,27,108.1500015258789,🚬菸屁股,HOLD,1
SOFI,2028-01-21,15.0,7.6,28139,1482,76.44066528320312,580,17.90999984741211,🔭LEAPS,HOLD,1
AAPL,2026-08-21,345.0,1.28,91581,1468,25.47071600341797,62,298.010009765625,🔥萬人塚 🏛️機構場,HOLD,1
NVDA,2026-10-16,350.0,0.96,9114,1461,48.54787780761719,118,210.69000244140625,🚬菸屁股,HOLD,1
ONDS,2028-01-21,10.0,4.4,15849,1452,105.2739111328125,580,9.270000457763672,🔭LEAPS,HOLD,1
PLTR,2026-07-17,170.0,0.38,8491,1428,56.88519677734375,27,128.47000122070312,🚬菸屁股,HOLD,1
IBM,2026-07-17,310.0,0.68,2450,1428,46.53373779296876,27,249.10000610351562,🚬菸屁股,HOLD,1
IBIT,2026-07-17,47.0,0.05,18747,1392,50.97705273437501,27,35.619998931884766,🚬菸屁股,HOLD,1
AAPL,2026-09-18,300.0,15.28,31250,1373,27.863270202636713,90,298.010009765625,🔥萬人塚 🏛️機構場,HOLD,1
SMCI,2026-07-17,50.0,0.15,13728,1367,95.70316796875,27,30.65999984741211,🚬菸屁股,HOLD,1
PLTR,2026-07-17,155.0,0.92,14244,1195,50.537604003906246,27,128.47000122070312,🚬菸屁股,HOLD,1
SOFI,2026-10-16,35.0,0.22,4005,1190,72.07059179687501,118,17.90999984741211,🚬菸屁股,HOLD,1
PLTR,2026-07-17,200.0,0.17,27575,1183,71.87528125,27,128.47000122070312,🚬菸屁股,HOLD,1
NOW,2026-07-17,130.0,0.47,9439,1177,67.87141503906251,27,95.04000091552734,🚬菸屁股,HOLD,1
NVDA,2026-07-17,255.0,0.5,13667,1154,40.23497265625,27,210.69000244140625,🚬菸屁股,HOLD,1
DIS,2026-07-17,110.0,0.8,8478,1140,25.147232910156248,27,103.88999938964844,🚬菸屁股,HOLD,1
SMR,2026-07-17,20.0,0.1,14997,1106,117.57853710937498,27,11.739999771118164,🚬菸屁股,HOLD,1
SOFI,2026-09-18,40.0,0.09,27218,1075,77.73459765625,90,17.90999984741211,🚬菸屁股,HOLD,1
PATH,2026-07-17,13.0,0.13,11272,1065,67.773759765625,27,10.270000457763672,🚬菸屁股,HOLD,1
ONDS,2026-07-17,14.0,0.11,9047,1050,100.78174609374999,27,9.270000457763672,🚬菸屁股,HOLD,1
NVDA,2026-08-21,300.0,0.55,29949,1045,45.19097778320313,62,210.69000244140625,🚬菸屁股,HOLD,1
IBIT,2026-08-21,50.0,0.12,19374,1016,46.7778759765625,62,35.619998931884766,🚬菸屁股,HOLD,1
CRWV,2026-07-17,210.0,0.34,10175,1010,98.3398603515625,27,117.94999694824219,🚬菸屁股,HOLD,1
U,2028-01-21,45.0,6.0,7056,1001,75.02466381835937,580,27.479999542236328,🔭LEAPS,HOLD,1
ASTS,2026-07-17,130.0,0.97,6985,983,112.84223266601563,27,80.66000366210938,🚬菸屁股,HOLD,1
AMZN,2026-07-17,285.0,0.58,15851,977,34.69303588867187,27,244.38999938964844,🚬菸屁股,HOLD,1
IBM,2026-07-17,350.0,0.3,4706,956,57.47112841796876,27,249.10000610351562,🚬菸屁股,HOLD,1
ADBE,2027-01-15,500.0,0.8,2536,956,58.19133605957032,209,195.16000366210938,🚬菸屁股,HOLD,1
AAPL,2026-09-18,350.0,2.02,45641,935,25.623302368164065,90,298.010009765625,🔥萬人塚 🏛️機構場,HOLD,1
AMZN,2026-07-17,295.0,0.34,7792,914,36.914693359375,27,244.38999938964844,🚬菸屁股,HOLD,1
ONDS,2026-09-18,16.0,0.43,7850,911,106.83640332031253,90,9.270000457763672,🚬菸屁股,HOLD,1
NOW,2026-07-17,125.0,0.62,7066,888,65.86948193359376,27,95.04000091552734,🚬菸屁股,HOLD,1
SMCI,2026-08-21,50.0,0.86,11444,875,95.94730615234374,62,30.65999984741211,🚬菸屁股,HOLD,1
IBIT,2026-09-18,48.0,0.33,21788,874,42.67635449218751,90,35.619998931884766,🚬菸屁股,HOLD,1
MSFT,2026-07-17,480.0,0.52,9937,873,44.11676977539062,27,379.3999938964844,🚬菸屁股,HOLD,1
SMR,2026-07-17,14.0,0.6,4399,865,105.2739111328125,27,11.739999771118164,🚬菸屁股,HOLD,1
IREN,2026-07-17,100.0,0.46,6459,860,108.10592822265626,27,59.959999084472656,🚬菸屁股,HOLD,1
PATH,2026-07-17,12.0,0.22,2822,859,64.648791015625,27,10.270000457763672,🚬菸屁股,HOLD,1
CRM,2026-07-17,185.0,0.65,7355,857,46.680220703125,27,151.77999877929688,🚬菸屁股,HOLD,1
HPQ,2026-07-17,26.0,0.43,6932,857,48.438015625000006,27,23.5,🚬菸屁股,HOLD,1
PLTR,2027-01-15,410.0,0.66,8162,848,70.94755615234375,209,128.47000122070312,🚬菸屁股,HOLD,1
CRM,2026-07-17,180.0,0.92,6908,837,45.703667968750004,27,151.77999877929688,🚬菸屁股,HOLD,1
CLSK,2026-07-17,20.0,0.74,10866,832,85.0587431640625,27,17.239999771118164,🚬菸屁股,HOLD,1
ADBE,2026-08-21,300.0,0.42,1131,828,51.514156738281244,62,195.16000366210938,🚬菸屁股,HOLD,1
ZM,2028-01-21,135.0,11.25,891,805,55.29219512939454,580,86.36000061035156,🔭LEAPS,HOLD,1
BSX,2026-09-18,60.0,0.6,8182,799,47.02201416015625,90,45.290000915527344,🚬菸屁股,HOLD,1
SMR,2026-07-17,13.0,0.86,6486,796,98.82813671875,27,11.739999771118164,🚬菸屁股,HOLD,1
OPEN,2026-08-21,10.0,0.07,19303,790,121.09414453124998,62,4.46999979019165,🚬菸屁股,HOLD,1
IBIT,2026-08-21,40.0,0.97,11888,787,41.94393994140625,62,35.619998931884766,🚬菸屁股,HOLD,1
OPEN,2026-08-21,6.0,0.3,13442,774,101.5629921875,62,4.46999979019165,🚬菸屁股,HOLD,1
DKNG,2026-07-17,40.0,0.02,4252,770,75.39087109375001,27,26.389999389648438,🚬菸屁股,HOLD,1
NOW,2026-07-17,150.0,0.21,10339,755,79.1994267578125,27,95.04000091552734,🚬菸屁股,HOLD,1
META,2026-07-17,1370.0,0.2,1265,750,117.23674194335936,27,577.219970703125,🚬菸屁股,HOLD,1
IONQ,2026-07-17,90.0,0.43,1624,747,101.07471337890624,27,56.54999923706055,🚬菸屁股,HOLD,1
ACHR,2026-07-17,6.0,0.3,7754,739,78.12521875,27,5.570000171661377,🚬菸屁股,HOLD,1
ONDS,2026-09-18,13.0,0.8,8693,736,98.82813671875,90,9.270000457763672,🚬菸屁股,HOLD,1
OPEN,2026-07-17,6.0,0.1,14224,718,95.312546875,27,4.46999979019165,🚬菸屁股,HOLD,1
OPEN,2026-08-21,5.0,0.53,23548,715,97.6562734375,62,4.46999979019165,🚬菸屁股,HOLD,1
ONDS,2026-09-18,12.0,0.97,12281,709,100.68409033203123,90,9.270000457763672,🚬菸屁股,HOLD,1
TDOC,2026-07-17,8.0,0.56,3550,699,60.35195898437502,27,8.069999694824219,🚬菸屁股,HOLD,1
HPQ,2026-09-18,30.0,0.62,2270,698,52.734847656250004,90,23.5,🚬菸屁股,HOLD,1
SOFI,2026-08-21,22.0,0.7,8421,682,66.50424121093752,62,17.90999984741211,🚬菸屁股,HOLD,1
ONDS,2028-01-21,7.0,5.3,10066,681,105.17625537109376,580,9.270000457763672,🔭LEAPS,HOLD,1
IBIT,2026-08-21,44.0,0.35,11116,678,41.699801757812494,62,35.619998931884766,🚬菸屁股,HOLD,1
SOFI,2026-09-18,47.0,0.02,3795,668,85.1563984375,90,17.90999984741211,🚬菸屁股,HOLD,1
IBIT,2026-07-17,43.0,0.1,11525,659,41.992767578125,27,35.619998931884766,🚬菸屁股,HOLD,1
HOOD,2026-07-17,175.0,0.22,1869,659,79.29708203125,27,108.1500015258789,🚬菸屁股,HOLD,1
SOFI,2026-08-21,21.0,0.93,23601,649,66.01596484375001,62,17.90999984741211,🚬菸屁股,HOLD,1
ACHR,2026-07-17,9.0,0.03,22613,643,99.2187578125,27,5.570000171661377,🚬菸屁股,HOLD,1
PLTR,2026-08-21,200.0,0.91,12178,642,64.62437719726562,62,128.47000122070312,🚬菸屁股,HOLD,1
PLTR,2026-07-17,180.0,0.29,12304,633,62.15858154296876,27,128.47000122070312,🚬菸屁股,HOLD,1
META,2026-07-17,1430.0,0.13,1058,629,99.2187578125,27,577.219970703125,🚬菸屁股,HOLD,1
AAPL,2026-09-18,320.0,7.37,34700,628,26.343510009765623,90,298.010009765625,🔥萬人塚 🏛️機構場,HOLD,1
U,2026-08-21,40.0,0.55,7056,628,73.87721435546875,62,27.479999542236328,🚬菸屁股,HOLD,1
PACB,2028-01-21,1.5,0.77,6730,622,124.60975195312498,580,1.399999976158142,🔭LEAPS,HOLD,1
OKLO,2026-07-17,90.0,0.85,3332,621,100.83057397460936,27,61.16999816894531,🚬菸屁股,HOLD,1
OPEN,2028-01-21,7.0,1.69,17575,615,123.34022705078125,580,4.46999979019165,🔭LEAPS,HOLD,1
META,2026-07-17,1000.0,0.12,1512,605,70.6057626953125,27,577.219970703125,🚬菸屁股,HOLD,1
TSLA,2026-07-17,990.0,0.05,16818,587,105.46922265625001,27,400.489990234375,🚬菸屁股,HOLD,1
CRM,2026-08-21,220.0,0.51,9173,587,51.19677709960937,62,151.77999877929688,🚬菸屁股,HOLD,1
SMCI,2026-07-17,47.0,0.21,4908,586,91.79695703125,27,30.65999984741211,🚬菸屁股,HOLD,1
BSX,2026-07-17,55.0,0.13,2326,578,43.6529072265625,27,45.290000915527344,🚬菸屁股,HOLD,1
CHWY,2026-07-17,20.0,0.42,9297,573,51.36767382812499,27,18.209999084472656,🚬菸屁股,HOLD,1
CHWY,2026-07-17,22.5,0.11,3053,571,53.906710937500016,27,18.209999084472656,🚬菸屁股,HOLD,1
CRM,2026-07-17,200.0,0.22,7469,570,50.73291455078125,27,151.77999877929688,🚬菸屁股,HOLD,1
SMCI,2026-08-21,60.0,0.43,7031,567,101.3676806640625,62,30.65999984741211,🚬菸屁股,HOLD,1
SMR,2026-08-21,20.0,0.5,5362,565,115.625421875,62,11.739999771118164,🚬菸屁股,HOLD,1
MSTR,2026-07-17,175.0,0.55,7609,563,88.76964355468748,27,112.52999877929688,🚬菸屁股,HOLD,1
NEE,2026-09-18,110.0,0.17,6197,559,29.444064941406246,90,86.75,🚬菸屁股,HOLD,1
SOFI,2026-07-17,23.0,0.12,7708,553,61.328511718750015,27,17.90999984741211,🚬菸屁股,HOLD,1
MSFT,2026-07-17,550.0,0.31,6690,551,56.29926513671876,27,379.3999938964844,🚬菸屁股,HOLD,1
OKLO,2026-09-18,220.0,0.54,755,550,120.11758691406249,90,61.16999816894531,🚬菸屁股,HOLD,1
TSLA,2026-07-17,550.0,0.69,7094,546,57.08050732421876,27,400.489990234375,🚬菸屁股,HOLD,1
JOBY,2026-07-17,11.0,0.46,22627,545,72.07059179687501,27,10.0,🚬菸屁股,HOLD,1
ONDS,2026-09-18,15.0,0.55,11221,543,100.78174609374999,90,9.270000457763672,🚬菸屁股,HOLD,1
HPQ,2026-07-17,35.0,0.01,7265,541,69.92217578125,27,23.5,🚬菸屁股,HOLD,1
DIS,2026-07-17,120.0,0.13,6237,525,28.516339843749993,27,103.88999938964844,🚬菸屁股,HOLD,1
COIN,2026-07-17,250.0,0.51,6161,512,81.05487695312499,27,163.25999450683594,🚬菸屁股,HOLD,1
PATH,2026-08-21,15.0,0.18,9800,511,74.02369726562499,62,10.270000457763672,🚬菸屁股,HOLD,1
SMR,2027-01-15,75.0,0.2,963,507,121.09414453124998,209,11.739999771118164,🚬菸屁股,HOLD,1
ZM,2026-07-17,135.0,0.45,927,500,75.97680273437501,27,86.36000061035156,🚬菸屁股,HOLD,1
NEE,2026-07-17,92.5,0.43,2627,499,23.096472167968752,27,86.75,🚬菸屁股,HOLD,1
NVDA,2027-01-15,460.0,0.96,10036,494,50.879397460937504,209,210.69000244140625,🚬菸屁股,HOLD,1
OKLO,2026-07-17,105.0,0.39,1735,491,112.40278173828125,27,61.16999816894531,🚬菸屁股,HOLD,1
OPEN,2026-11-20,15.0,0.16,13513,487,124.21912890624998,153,4.46999979019165,🚬菸屁股,HOLD,1
NVDA,2026-08-21,400.0,0.08,6937,484,58.00823242187501,62,210.69000244140625,🚬菸屁股,HOLD,1
SMCI,2026-09-18,70.0,0.41,4257,484,100.1958115234375,90,30.65999984741211,🚬菸屁股,HOLD,1
UPST,2026-07-17,40.0,0.59,4717,469,72.07059179687501,27,32.43000030517578,🚬菸屁股,HOLD,1
NOW,2026-07-17,195.0,0.1,3796,468,101.5629921875,27,95.04000091552734,🚬菸屁股,HOLD,1
JOBY,2026-07-17,10.0,0.8,5522,467,73.04714453125,27,10.0,🚬菸屁股,HOLD,1
SOFI,2026-07-17,26.0,0.04,4395,463,70.312796875,27,17.90999984741211,🚬菸屁股,HOLD,1
HOOD,2028-01-21,290.0,10.4,6496,461,72.89760989379883,580,108.1500015258789,🔭LEAPS,HOLD,1
SOFI,2027-01-15,45.0,0.34,11819,460,78.711150390625,209,17.90999984741211,🚬菸屁股,HOLD,1
CRM,2026-07-17,190.0,0.4,4586,460,48.58449853515625,27,151.77999877929688,🚬菸屁股,HOLD,1
PATH,2026-08-21,12.0,0.55,8226,456,67.18782812500001,62,10.270000457763672,🚬菸屁股,HOLD,1
DKNG,2026-09-18,35.0,0.62,5006,454,54.297332031250015,90,26.389999389648438,🚬菸屁股,HOLD,1
SOFI,2028-01-21,40.0,2.38,13883,452,72.3635576171875,580,17.90999984741211,🔭LEAPS,HOLD,1
PATH,2026-08-21,13.0,0.37,4767,452,70.6057626953125,62,10.270000457763672,🚬菸屁股,HOLD,1
META,2026-07-17,750.0,0.7,16486,450,46.64359997558594,27,577.219970703125,🚬菸屁股,HOLD,1
ACHR,2026-10-16,6.0,0.9,4699,447,86.52357226562499,118,5.570000171661377,🚬菸屁股,HOLD,1
SMR,2026-07-17,16.0,0.3,1673,433,104.68797656250001,27,11.739999771118164,🚬菸屁股,HOLD,1
TJX,2026-07-17,175.0,0.72,3018,428,23.596955444335936,27,163.80999755859375,🚬菸屁股,HOLD,1
META,2026-07-17,1390.0,0.13,1442,425,131.64096679687498,27,577.219970703125,🚬菸屁股,HOLD,1
ONDS,2026-09-18,22.0,0.19,4384,419,108.203583984375,90,9.270000457763672,🚬菸屁股,HOLD,1
OPEN,2028-01-21,10.0,1.38,17377,417,105.95750146484377,580,4.46999979019165,🔭LEAPS,HOLD,1
JOBY,2026-07-17,15.0,0.05,3612,416,80.4689453125,27,10.0,🚬菸屁股,HOLD,1
SOFI,2026-07-17,25.0,0.06,18416,415,67.57844921875001,27,17.90999984741211,🚬菸屁股,HOLD,1
DIS,2026-07-17,115.0,0.3,8288,413,26.563234375,27,103.88999938964844,🚬菸屁股,HOLD,1
SOFI,2028-01-21,18.0,6.4,10977,403,74.43873217773438,580,17.90999984741211,🔭LEAPS,HOLD,1
IBIT,2026-08-21,42.0,0.56,8931,401,41.35800830078124,62,35.619998931884766,🚬菸屁股,HOLD,1
ACHR,2026-10-16,7.0,0.63,3918,401,85.54701953125,118,5.570000171661377,🚬菸屁股,HOLD,1
TSCO,2026-07-17,35.0,0.25,5634,398,47.363807617187504,27,30.239999771118164,🚬菸屁股,HOLD,1
OPEN,2026-07-17,8.0,0.03,3247,390,117.1879140625,27,4.46999979019165,🚬菸屁股,HOLD,1
IBIT,2026-10-16,45.0,0.81,7618,388,42.774009765625,118,35.619998931884766,🚬菸屁股,HOLD,1
CRM,2026-07-17,210.0,0.14,7559,385,51.8559501953125,27,151.77999877929688,🚬菸屁股,HOLD,1
PATH,2026-07-17,11.0,0.43,4409,381,63.281617187500004,27,10.270000457763672,🚬菸屁股,HOLD,1
LUNR,2026-07-17,40.0,0.17,9967,377,116.79729101562502,27,22.850000381469727,🚬菸屁股,HOLD,1
BSX,2026-08-21,55.0,0.72,16432,375,46.289599609375,62,45.290000915527344,🚬菸屁股,HOLD,1
AAPL,2027-01-15,300.0,26.4,65601,370,30.307703765869142,209,298.010009765625,🔥萬人塚 🏛️機構場,HOLD,1
JOBY,2026-07-17,12.0,0.22,20425,369,72.851833984375,27,10.0,🚬菸屁股,HOLD,1
SMCI,2026-07-17,37.0,0.96,1716,367,83.789224609375,27,30.65999984741211,🚬菸屁股,HOLD,1
XYZ,2026-07-17,90.0,0.25,861,361,45.85015087890626,27,74.77999877929688,🚬菸屁股,HOLD,1
LUNR,2026-07-17,30.0,0.7,1527,359,106.25046875000001,27,22.850000381469727,🚬菸屁股,HOLD,1
IBIT,2028-01-21,70.0,2.52,16599,358,52.57615783691407,580,35.619998931884766,🔭LEAPS,HOLD,1
NOW,2028-01-21,200.0,11.3,6178,356,66.71175866699221,580,95.04000091552734,🔭LEAPS,HOLD,1
META,2026-07-17,720.0,0.99,4645,353,42.85945812988281,27,577.219970703125,🚬菸屁股,HOLD,1
IONQ,2026-07-17,80.0,0.91,5114,351,98.3398603515625,27,56.54999923706055,🚬菸屁股,HOLD,1
NEE,2026-09-18,115.0,0.11,7117,350,34.37565625,90,86.75,🚬菸屁股,HOLD,1
NVDA,2026-07-17,265.0,0.31,17948,347,42.920492675781254,27,210.69000244140625,🚬菸屁股,HOLD,1
ONDS,2028-01-21,12.0,3.85,11481,347,105.37156689453124,580,9.270000457763672,🔭LEAPS,HOLD,1
SMCI,2026-07-17,65.0,0.05,11193,346,114.84417578124999,27,30.65999984741211,🚬菸屁股,HOLD,1
META,2026-09-18,1480.0,0.2,10867,346,65.33237792968751,90,577.219970703125,🚬菸屁股,HOLD,1
SOFI,2026-07-17,24.0,0.07,4269,344,62.109753906250006,27,17.90999984741211,🚬菸屁股,HOLD,1
SMR,2028-01-21,10.0,6.7,6072,341,114.74652001953123,580,11.739999771118164,🔭LEAPS,HOLD,1
JPM,2026-07-17,360.0,0.86,14288,341,26.941648559570307,27,325.2200012207031,🚬菸屁股,HOLD,1
ONDS,2026-07-17,16.0,0.05,3411,340,107.03171484375002,27,9.270000457763672,🚬菸屁股,HOLD,1
META,2026-07-17,1310.0,0.1,833,334,94.92192578125,27,577.219970703125,🚬菸屁股,HOLD,1
CRM,2026-07-17,220.0,0.11,4518,333,56.64105859375,27,151.77999877929688,🚬菸屁股,HOLD,1
KTOS,2026-07-17,70.0,0.52,3096,329,76.07445800781252,27,54.209999084472656,🚬菸屁股,HOLD,1
OPEN,2026-10-16,6.0,0.57,888,327,111.5238798828125,118,4.46999979019165,🚬菸屁股,HOLD,1
NEE,2026-07-17,90.0,0.88,5210,322,22.779092529296875,27,86.75,🚬菸屁股,HOLD,1
TDOC,2026-07-17,9.0,0.24,1932,320,58.5941640625,27,8.069999694824219,🚬菸屁股,HOLD,1
ONDS,2028-01-21,15.0,3.37,6466,320,103.51610742187502,580,9.270000457763672,🔭LEAPS,HOLD,1
IBIT,2026-10-16,105.0,0.05,9162,306,76.562734375,118,35.619998931884766,🚬菸屁股,HOLD,1
SOFI,2028-06-16,18.0,7.35,9372,306,76.34301000976562,727,17.90999984741211,🔭LEAPS,HOLD,1
PATH,2027-01-15,20.0,0.53,28906,305,77.0510107421875,209,10.270000457763672,🚬菸屁股,HOLD,1
SOFI,2028-01-21,20.0,5.75,29370,304,75.85473364257813,580,17.90999984741211,🔭LEAPS,HOLD,1
IBM,2026-07-17,320.0,0.48,2168,304,49.219257812500004,27,249.10000610351562,🚬菸屁股,HOLD,1
META,2026-07-17,1280.0,0.06,981,304,87.500125,27,577.219970703125,🚬菸屁股,HOLD,1
SOFI,2026-08-21,30.0,0.14,8054,303,73.82838671875,62,17.90999984741211,🚬菸屁股,HOLD,1
SOFI,2028-06-16,20.0,6.7,29188,303,75.2810089111328,727,17.90999984741211,🔭LEAPS,HOLD,1
VST,2026-07-17,210.0,0.7,2201,298,57.007265869140625,27,163.75,🚬菸屁股,HOLD,1
MSFT,2026-07-17,455.0,0.88,8305,297,38.95324719238281,27,379.3999938964844,🚬菸屁股,HOLD,1
MSTR,2028-01-21,700.0,8.95,6937,297,95.11723632812499,580,112.52999877929688,🔭LEAPS,HOLD,1
ASTS,2026-07-17,190.0,0.18,2835,295,132.03158984375,27,80.66000366210938,🚬菸屁股,HOLD,1
PATH,2026-07-17,14.0,0.07,9384,293,72.6565234375,27,10.270000457763672,🚬菸屁股,HOLD,1
NOW,2026-07-17,135.0,0.38,4137,290,71.48466015625,27,95.04000091552734,🚬菸屁股,HOLD,1
MSFT,2028-01-21,600.0,22.1,6396,288,39.36523037719727,580,379.3999938964844,🔭LEAPS,HOLD,1
XYZ,2026-07-17,85.0,0.67,1650,287,44.5318046875,27,74.77999877929688,🚬菸屁股,HOLD,1
OPEN,2026-07-17,4.0,0.65,2432,287,66.40658593750001,27,4.46999979019165,🚬菸屁股,HOLD,1
IBM,2026-07-17,400.0,0.15,6362,287,69.04327832031252,27,249.10000610351562,🚬菸屁股,HOLD,1
CRM,2026-08-21,210.0,0.71,3551,287,48.70656762695313,62,151.77999877929688,🚬菸屁股,HOLD,1
NVDA,2028-01-21,380.0,14.53,8253,285,49.149068084716795,580,210.69000244140625,🔭LEAPS,HOLD,1
DKNG,2026-07-17,32.5,0.13,3052,283,50.19581054687501,27,26.389999389648438,🚬菸屁股,HOLD,1
ACHR,2028-01-21,10.0,1.6,17222,280,94.14068359375,580,5.570000171661377,🔭LEAPS,HOLD,1
MSFT,2028-01-21,500.0,38.5,8788,279,39.59410992431641,580,379.3999938964844,🔭LEAPS,HOLD,1
CRM,2026-09-18,240.0,0.8,2393,276,53.29636547851562,90,151.77999877929688,🚬菸屁股,HOLD,1
CRM,2028-01-21,300.0,10.62,2638,276,52.71653729248047,580,151.77999877929688,🔭LEAPS,HOLD,1
RKLB,2026-07-17,180.0,0.45,1752,271,99.31641308593751,27,107.23999786376953,🚬菸屁股,HOLD,1
SMR,2028-01-21,15.0,5.57,7444,271,112.15864233398437,580,11.739999771118164,🔭LEAPS,HOLD,1
SMCI,2026-07-17,42.0,0.4,1499,270,87.10950390625,27,30.65999984741211,🚬菸屁股,HOLD,1
JOBY,2026-08-21,15.0,0.25,5110,267,83.59391406249999,62,10.0,🚬菸屁股,HOLD,1
OPEN,2026-09-18,6.0,0.42,5653,266,100.39112304687498,90,4.46999979019165,🚬菸屁股,HOLD,1
ADBE,2026-07-17,360.0,0.05,850,265,77.73459765625,27,195.16000366210938,🚬菸屁股,HOLD,1
TSLA,2026-08-21,990.0,0.3,9961,264,81.88494677734374,62,400.489990234375,🚬菸屁股,HOLD,1
DKNG,2026-07-17,35.0,0.06,3779,264,53.51608984375,27,26.389999389648438,🚬菸屁股,HOLD,1
CRM,2026-08-21,240.0,0.29,2809,263,51.41650146484375,62,151.77999877929688,🚬菸屁股,HOLD,1
TSLA,2028-01-21,940.0,24.25,5074,260,57.688563987731925,580,400.489990234375,🔭LEAPS,HOLD,1
OPEN,2028-01-21,15.0,0.95,28890,258,104.49266503906252,580,4.46999979019165,🔭LEAPS,HOLD,1
CHWY,2026-07-17,25.0,0.04,2818,258,61.71913281250001,27,18.209999084472656,🚬菸屁股,HOLD,1
ZM,2026-07-17,100.0,0.67,1737,256,45.703667968750004,27,86.36000061035156,🚬菸屁股,HOLD,1
ADBE,2026-07-17,240.0,0.61,3478,256,45.874564697265626,27,195.16000366210938,🚬菸屁股,HOLD,1
SOFI,2028-06-16,30.0,4.5,19716,255,73.51100708007812,727,17.90999984741211,🔭LEAPS,HOLD,1
ONDS,2028-01-21,20.0,2.58,12703,254,102.24658251953124,580,9.270000457763672,🔭LEAPS,HOLD,1
UPST,2026-07-17,37.5,0.91,1138,253,71.7776259765625,27,32.43000030517578,🚬菸屁股,HOLD,1
ONDS,2026-09-18,25.0,0.12,12332,253,117.3832255859375,90,9.270000457763672,🚬菸屁股,HOLD,1
NEE,2028-01-21,110.0,4.7,1259,251,30.200893310546878,580,86.75,🔭LEAPS,HOLD,1
IBIT,2028-01-21,95.0,1.44,7118,250,53.83346948242189,580,35.619998931884766,🔭LEAPS,HOLD,1
NVDA,2026-07-17,275.0,0.22,6505,245,46.045461425781255,27,210.69000244140625,🚬菸屁股,HOLD,1
NOW,2026-07-17,140.0,0.29,5985,244,73.04714453125,27,95.04000091552734,🚬菸屁股,HOLD,1
AAPL,2026-07-17,280.0,21.15,39244,243,29.85909985351562,27,298.010009765625,🔥萬人塚 🏛️機構場,HOLD,1
SMR,2026-08-21,16.0,0.97,2418,243,111.03560107421875,62,11.739999771118164,🚬菸屁股,HOLD,1
UPST,2026-07-17,45.0,0.23,877,241,76.85570019531252,27,32.43000030517578,🚬菸屁股,HOLD,1
SOFI,2028-01-21,25.0,4.25,16687,241,73.51100708007812,580,17.90999984741211,🔭LEAPS,HOLD,1
DIS,2026-08-21,120.0,0.97,3714,240,31.275101318359372,62,103.88999938964844,🚬菸屁股,HOLD,1
ACHR,2027-01-15,12.0,0.38,18902,239,91.60164648437501,209,5.570000171661377,🚬菸屁股,HOLD,1
SMR,2028-01-21,13.0,5.71,2756,239,112.03657263183592,580,11.739999771118164,🔭LEAPS,HOLD,1
JOBY,2026-08-21,11.0,0.95,3583,236,81.34784277343749,62,10.0,🚬菸屁股,HOLD,1
IBIT,2027-01-15,55.0,0.78,17094,235,46.36284106445313,209,35.619998931884766,🚬菸屁股,HOLD,1
SMR,2026-07-17,17.0,0.2,3719,234,106.44578027343752,27,11.739999771118164,🚬菸屁股,HOLD,1
PLTR,2026-09-18,410.0,0.08,6277,233,84.961087890625,90,128.47000122070312,🚬菸屁股,HOLD,1
UPST,2027-01-15,100.0,0.67,5639,232,89.94150683593749,209,32.43000030517578,🚬菸屁股,HOLD,1
PLTR,2026-07-17,190.0,0.23,5601,231,67.48079394531253,27,128.47000122070312,🚬菸屁股,HOLD,1
HPQ,2026-07-17,25.0,0.65,5378,230,47.51029052734375,27,23.5,🚬菸屁股,HOLD,1
SMR,2027-01-15,80.0,0.26,10128,229,127.2464575195312,209,11.739999771118164,🚬菸屁股,HOLD,1
CLSK,2026-07-17,19.0,0.88,4212,225,82.42205078125,27,17.239999771118164,🚬菸屁股,HOLD,1
CHWY,2026-08-21,20.0,0.97,814,225,54.34615966796876,62,18.209999084472656,🚬菸屁股,HOLD,1
IBM,2026-09-18,470.0,0.76,1377,224,63.1839619140625,90,249.10000610351562,🚬菸屁股,HOLD,1
SOFI,2028-06-16,10.0,10.69,9112,223,86.62122753906249,727,17.90999984741211,🔭LEAPS,HOLD,1
ADBE,2026-09-18,440.0,0.21,2052,214,66.26010302734376,90,195.16000366210938,🚬菸屁股,HOLD,1
NVDA,2026-07-17,350.0,0.03,24647,212,62.890996093750005,27,210.69000244140625,🚬菸屁股,HOLD,1
NVDA,2028-01-21,200.0,56.8,26885,210,51.14794946289063,580,210.69000244140625,🔭LEAPS,HOLD,1
OPEN,2026-11-20,9.0,0.37,9491,210,125.78162109374999,153,4.46999979019165,🚬菸屁股,HOLD,1
DKNG,2026-09-18,40.0,0.26,8391,209,56.055126953125,90,26.389999389648438,🚬菸屁股,HOLD,1
OPEN,2026-08-21,7.0,0.21,28376,209,105.078599609375,62,4.46999979019165,🚬菸屁股,HOLD,1
IREN,2026-07-17,90.0,0.8,4710,207,104.49266503906252,27,59.959999084472656,🚬菸屁股,HOLD,1
OPEN,2026-09-18,5.0,0.67,7234,206,96.48441015625,90,4.46999979019165,🚬菸屁股,HOLD,1
LUNR,2026-07-17,45.0,0.1,2380,206,137.6956240234375,27,22.850000381469727,🚬菸屁股,HOLD,1
SMR,2026-08-21,35.0,0.11,7562,206,134.37532812499998,62,11.739999771118164,🚬菸屁股,HOLD,1
SMCI,2026-09-18,60.0,0.75,13119,205,95.99613378906248,90,30.65999984741211,🚬菸屁股,HOLD,1
PLTR,2026-09-18,300.0,0.28,8681,203,74.12135253906249,90,128.47000122070312,🚬菸屁股,HOLD,1
SMR,2028-01-21,8.0,7.05,1364,203,122.07070214843749,580,11.739999771118164,🔭LEAPS,HOLD,1
SOFI,2026-08-21,23.0,0.56,5118,202,66.8948623046875,62,17.90999984741211,🚬菸屁股,HOLD,1
PATH,2026-08-21,11.0,0.82,6470,202,64.8441015625,62,10.270000457763672,🚬菸屁股,HOLD,1
IBIT,2026-08-21,60.0,0.05,7570,201,56.836369140624996,62,35.619998931884766,🚬菸屁股,HOLD,1
DIS,2028-01-21,170.0,2.76,3774,201,32.282171325683585,580,103.88999938964844,🔭LEAPS,HOLD,1
DKNG,2027-01-15,55.0,0.3,6850,200,58.20354296875,209,26.389999389648438,🚬菸屁股,HOLD,1
ONDS,2026-07-17,20.0,0.03,8325,200,147.65651171875,27,9.270000457763672,🚬菸屁股,HOLD,1
ONDS,2026-09-18,14.0,0.64,5184,200,100.0005,90,9.270000457763672,🚬菸屁股,HOLD,1
ACHR,2026-10-16,9.0,0.29,3563,200,86.914193359375,118,5.570000171661377,🚬菸屁股,HOLD,1
BSX,2026-08-21,70.0,0.05,1119,200,55.273884765625006,62,45.290000915527344,🚬菸屁股,HOLD,1
META,2026-07-17,1480.0,0.01,11966,200,104.29735351562503,27,577.219970703125,🚬菸屁股,HOLD,1
MDT,2026-07-17,85.0,0.41,3389,199,26.978269287109374,27,79.33999633789062,🚬菸屁股,HOLD,1
D,2026-07-17,70.0,0.9,3394,199,22.925575439453127,27,68.41000366210938,🚬菸屁股,HOLD,1
SOFI,2028-06-16,15.0,8.39,21795,198,78.0275634765625,727,17.90999984741211,🔭LEAPS,HOLD,1
SOFI,2026-09-18,23.0,0.92,13150,197,66.69955175781253,90,17.90999984741211,🚬菸屁股,HOLD,1
SMR,2028-01-21,20.0,4.52,3738,197,113.67230664062502,580,11.739999771118164,🔭LEAPS,HOLD,1
SMCI,2026-09-18,55.0,0.98,10358,196,93.99420068359376,90,30.65999984741211,🚬菸屁股,HOLD,1
IBIT,2026-09-18,42.0,0.95,11127,195,42.188078125,90,35.619998931884766,🚬菸屁股,HOLD,1
SMCI,2026-07-17,60.0,0.06,18220,195,109.76607617187501,27,30.65999984741211,🚬菸屁股,HOLD,1
SOFI,2028-01-21,23.0,4.85,3866,195,75.36645727539062,580,17.90999984741211,🔭LEAPS,HOLD,1
IBIT,2028-01-21,100.0,1.12,14334,193,54.07760766601564,580,35.619998931884766,🔭LEAPS,HOLD,1
PATH,2028-01-21,20.0,1.95,9014,192,77.00218310546876,580,10.270000457763672,🔭LEAPS,HOLD,1
KTOS,2026-08-21,100.0,0.48,1369,192,94.33599414062499,62,54.209999084472656,🚬菸屁股,HOLD,1
ADBE,2028-01-21,550.0,5.25,5480,190,52.51512329101562,580,195.16000366210938,🔭LEAPS,HOLD,1
AMZN,2026-07-17,310.0,0.19,6585,189,40.1373173828125,27,244.38999938964844,🚬菸屁股,HOLD,1
SMCI,2026-07-17,43.0,0.34,1971,188,87.98840136718749,27,30.65999984741211,🚬菸屁股,HOLD,1
ZM,2026-07-17,120.0,0.1,1068,188,54.49264257812501,27,86.36000061035156,🚬菸屁股,HOLD,1
ACHR,2027-01-15,25.0,0.12,22925,188,105.46922265625001,209,5.570000171661377,🚬菸屁股,HOLD,1
CRM,2028-01-21,390.0,5.5,2577,188,53.430641479492195,580,151.77999877929688,🔭LEAPS,HOLD,1
OPEN,2027-01-15,15.0,0.29,14146,187,116.79729101562502,209,4.46999979019165,🚬菸屁股,HOLD,1
CLSK,2028-01-21,30.0,5.1,21807,185,93.35944140625,580,17.239999771118164,🔭LEAPS,HOLD,1
META,2026-07-17,1380.0,0.04,1673,183,94.92192578125,27,577.219970703125,🚬菸屁股,HOLD,1
SMCI,2026-07-17,55.0,0.1,5858,182,100.78174609374999,27,30.65999984741211,🚬菸屁股,HOLD,1
SMR,2026-07-17,18.0,0.18,1461,181,111.328568359375,27,11.739999771118164,🚬菸屁股,HOLD,1
IBIT,2026-08-21,45.0,0.3,19617,180,42.33456103515625,62,35.619998931884766,🚬菸屁股,HOLD,1
PATH,2028-01-21,30.0,1.09,6876,179,79.0041162109375,580,10.270000457763672,🔭LEAPS,HOLD,1
OPEN,2026-09-18,15.0,0.07,7146,178,128.90660546875,90,4.46999979019165,🚬菸屁股,HOLD,1
TSLA,2026-09-18,800.0,0.95,8222,177,63.598996826171884,90,400.489990234375,🚬菸屁股,HOLD,1
HIMS,2028-01-21,95.0,8.13,3272,176,98.55958471679689,580,35.470001220703125,🔭LEAPS,HOLD,1
CHWY,2026-08-21,25.0,0.18,1878,174,54.297332031250015,62,18.209999084472656,🚬菸屁股,HOLD,1
SOFI,2027-01-15,40.0,0.45,27604,172,72.1682470703125,209,17.90999984741211,🚬菸屁股,HOLD,1
ACHR,2027-01-15,17.0,0.22,9849,171,101.95361523437501,209,5.570000171661377,🚬菸屁股,HOLD,1
NVDA,2026-09-18,390.0,0.35,5408,169,53.80905566406251,90,210.69000244140625,🚬菸屁股,HOLD,1
IBIT,2026-10-16,50.0,0.39,8198,169,43.7505625,118,35.619998931884766,🚬菸屁股,HOLD,1
SMCI,2026-07-17,39.0,0.65,5966,169,84.71694970703125,27,30.65999984741211,🚬菸屁股,HOLD,1
NEE,2026-09-18,100.0,0.65,5406,166,24.98854309082031,90,86.75,🚬菸屁股,HOLD,1
NTLA,2028-01-21,15.0,7.6,1030,165,107.54440759277344,580,15.670000076293945,🔭LEAPS,HOLD,1
CRWV,2026-07-17,175.0,0.8,887,165,88.62316064453124,27,117.94999694824219,🚬菸屁股,HOLD,1
ASTS,2026-07-17,135.0,0.73,1815,164,114.69769213867184,27,80.66000366210938,🚬菸屁股,HOLD,1
CRM,2026-07-17,195.0,0.28,3479,163,50.39112109375,27,151.77999877929688,🚬菸屁股,HOLD,1
META,2026-07-17,1450.0,0.03,825,163,98.437515625,27,577.219970703125,🚬菸屁股,HOLD,1
ADBE,2027-01-15,600.0,0.48,1868,162,64.062859375,209,195.16000366210938,🚬菸屁股,HOLD,1
SOFI,2026-08-21,32.0,0.11,7385,161,77.148666015625,62,17.90999984741211,🚬菸屁股,HOLD,1
MSFT,2026-09-18,800.0,0.23,9907,159,56.44574804687501,90,379.3999938964844,🚬菸屁股,HOLD,1
IONQ,2026-07-17,85.0,0.63,1492,159,98.77930908203125,27,56.54999923706055,🚬菸屁股,HOLD,1
ACHR,2027-01-15,9.0,0.66,2339,158,88.476677734375,209,5.570000171661377,🚬菸屁股,HOLD,1
ONDS,2026-09-18,20.0,0.21,12326,157,114.55120849609375,90,9.270000457763672,🚬菸屁股,HOLD,1
JOBY,2026-07-17,13.0,0.1,5168,157,75.195560546875,27,10.0,🚬菸屁股,HOLD,1
SMR,2026-08-21,18.0,0.68,2108,157,117.67619287109375,62,11.739999771118164,🚬菸屁股,HOLD,1
DIS,2026-07-17,125.0,0.06,1543,157,33.399103515625,27,103.88999938964844,🚬菸屁股,HOLD,1
SOFI,2026-08-21,35.0,0.09,3357,156,83.20329296874999,62,17.90999984741211,🚬菸屁股,HOLD,1
SOFI,2028-06-16,47.0,2.6,15808,155,73.31569653320311,727,17.90999984741211,🔭LEAPS,HOLD,1
COIN,2026-07-17,400.0,0.07,6092,154,115.625421875,27,163.25999450683594,🚬菸屁股,HOLD,1
PATH,2028-01-21,12.0,3.5,6765,154,82.86149951171873,580,10.270000457763672,🔭LEAPS,HOLD,1
NOW,2026-07-17,190.0,0.1,1033,154,98.437515625,27,95.04000091552734,🚬菸屁股,HOLD,1
SOFI,2026-09-18,26.0,0.49,1404,153,67.38313867187502,90,17.90999984741211,🚬菸屁股,HOLD,1
JOBY,2026-10-16,20.0,0.23,866,153,89.94150683593749,118,10.0,🚬菸屁股,HOLD,1
ZTS,2026-07-17,90.0,0.38,2431,153,39.014281738281255,27,78.70999908447266,🚬菸屁股,HOLD,1
MSTR,2026-07-17,250.0,0.12,9056,152,117.57853710937498,27,112.52999877929688,🚬菸屁股,HOLD,1
NTLA,2026-07-17,18.0,0.83,2869,152,95.80082324218748,27,15.670000076293945,🚬菸屁股,HOLD,1
META,2026-07-17,1300.0,0.06,2468,152,92.9688203125,27,577.219970703125,🚬菸屁股,HOLD,1
TSLA,2028-06-16,990.0,33.0,5112,150,58.21574987792968,727,400.489990234375,🔭LEAPS,HOLD,1
SMCI,2028-01-21,105.0,4.2,7882,148,92.22419885253908,580,30.65999984741211,🔭LEAPS,HOLD,1
CHWY,2026-08-21,22.5,0.41,1012,148,53.12546875,62,18.209999084472656,🚬菸屁股,HOLD,1
SOFI,2028-01-21,47.0,1.8,5944,147,72.3635576171875,580,17.90999984741211,🔭LEAPS,HOLD,1
TDOC,2028-01-21,10.0,2.18,1914,147,71.87528125,580,8.069999694824219,🔭LEAPS,HOLD,1
JOBY,2026-07-17,14.0,0.07,5251,147,77.73459765625,27,10.0,🚬菸屁股,HOLD,1
JOBY,2027-01-15,20.0,0.63,12543,147,85.8399853515625,209,10.0,🚬菸屁股,HOLD,1
IBIT,2028-06-16,5.0,33.55,6719,146,99.31641308593751,727,35.619998931884766,🔭LEAPS,HOLD,1
SOFI,2027-01-15,47.0,0.32,22294,146,75.97680273437501,209,17.90999984741211,🚬菸屁股,HOLD,1
ACHR,2026-07-17,13.0,0.01,1106,146,118.75040625,27,5.570000171661377,🚬菸屁股,HOLD,1
PATH,2027-01-15,30.0,0.2,27259,145,83.007982421875,209,10.270000457763672,🚬菸屁股,HOLD,1
CRM,2026-09-18,320.0,0.17,3288,145,66.55306884765628,90,151.77999877929688,🚬菸屁股,HOLD,1
CLSK,2028-01-21,37.0,3.8,7374,145,84.61929443359374,580,17.239999771118164,🔭LEAPS,HOLD,1
META,2026-07-17,1100.0,0.08,2985,144,80.27363476562499,27,577.219970703125,🚬菸屁股,HOLD,1
OPEN,2026-08-21,8.0,0.15,10713,143,113.67230664062502,62,4.46999979019165,🚬菸屁股,HOLD,1
ROKU,2026-07-17,150.0,0.5,1807,142,27.90599438476562,27,138.07000732421875,🚬菸屁股,HOLD,1
ACHR,2028-01-21,5.0,2.81,9273,142,101.172369140625,580,5.570000171661377,🔭LEAPS,HOLD,1
OPEN,2028-01-21,5.0,2.13,26206,141,104.98094384765626,580,4.46999979019165,🔭LEAPS,HOLD,1
ONDS,2027-01-15,25.0,0.53,16739,141,104.19969775390628,209,9.270000457763672,🚬菸屁股,HOLD,1
META,2026-07-17,1410.0,0.03,2073,141,95.70316796875,27,577.219970703125,🚬菸屁股,HOLD,1
NVDA,2026-07-17,280.0,0.18,8611,140,47.26615234375,27,210.69000244140625,🚬菸屁股,HOLD,1
AAPL,2026-09-18,285.0,23.8,36377,140,30.054410400390623,90,298.010009765625,🔥萬人塚 🏛️機構場,HOLD,1
JOBY,2027-01-15,30.0,0.27,7517,140,91.01571484374999,209,10.0,🚬菸屁股,HOLD,1
COIN,2026-07-17,300.0,0.22,8379,139,94.2383388671875,27,163.25999450683594,🚬菸屁股,HOLD,1
SOFI,2026-08-21,29.0,0.15,1427,138,73.437765625,62,17.90999984741211,🚬菸屁股,HOLD,1
DKNG,2028-01-21,40.0,4.1,3006,138,60.242096801757825,580,26.389999389648438,🔭LEAPS,HOLD,1
ONDS,2028-01-21,3.0,6.8,1482,138,100.39112304687498,580,9.270000457763672,🔭LEAPS,HOLD,1
IBIT,2027-01-15,65.0,0.36,14679,137,49.31691308593751,209,35.619998931884766,🚬菸屁股,HOLD,1
IBIT,2026-07-17,44.0,0.08,14760,136,44.14118359375,27,35.619998931884766,🚬菸屁股,HOLD,1
SMCI,2026-07-17,41.0,0.46,1015,136,87.500125,27,30.65999984741211,🚬菸屁股,HOLD,1
IBIT,2026-09-18,105.0,0.04,14289,135,85.937640625,90,35.619998931884766,🚬菸屁股,HOLD,1
SOFI,2026-11-20,35.0,0.38,796,135,73.82838671875,153,17.90999984741211,🚬菸屁股,HOLD,1
DKNG,2028-01-21,50.0,2.52,25867,135,59.08244042968751,580,26.389999389648438,🔭LEAPS,HOLD,1
OPEN,2026-10-16,7.0,0.4,1230,135,126.36755566406248,118,4.46999979019165,🚬菸屁股,HOLD,1
CRWV,2026-07-17,180.0,0.64,2292,135,90.1368173828125,27,117.94999694824219,🚬菸屁股,HOLD,1
SOFI,2026-09-18,35.0,0.14,5547,134,74.02369726562499,90,17.90999984741211,🚬菸屁股,HOLD,1
ACHR,2027-01-15,15.0,0.24,25497,134,97.26565234374999,209,5.570000171661377,🚬菸屁股,HOLD,1
IBM,2026-07-17,325.0,0.4,1113,134,50.92822509765625,27,249.10000610351562,🚬菸屁股,HOLD,1
NEE,2026-09-18,105.0,0.34,6922,134,26.050544189453124,90,86.75,🚬菸屁股,HOLD,1
OPEN,2026-09-18,10.0,0.14,13766,131,116.40666796875001,90,4.46999979019165,🚬菸屁股,HOLD,1
DIS,2028-01-21,120.0,11.1,5692,131,34.821208435058594,580,103.88999938964844,🔭LEAPS,HOLD,1
ACHR,2028-01-21,15.0,1.11,13432,130,94.92192578125,580,5.570000171661377,🔭LEAPS,HOLD,1
SMR,2026-08-21,25.0,0.25,1262,130,126.95349023437497,62,11.739999771118164,🚬菸屁股,HOLD,1
BSX,2026-08-21,60.0,0.35,4702,130,48.48684326171875,62,45.290000915527344,🚬菸屁股,HOLD,1
ADBE,2026-09-18,410.0,0.3,952,129,64.99058447265625,90,195.16000366210938,🚬菸屁股,HOLD,1
OPEN,2026-11-20,12.0,0.23,6349,128,133.78939355468745,153,4.46999979019165,🚬菸屁股,HOLD,1
SMCI,2028-01-21,50.0,9.32,3971,127,95.33696069335937,580,30.65999984741211,🔭LEAPS,HOLD,1
NOW,2026-07-17,160.0,0.13,4290,127,82.61736132812499,27,95.04000091552734,🚬菸屁股,HOLD,1
OPEN,2026-09-18,11.0,0.13,1230,126,108.203583984375,90,4.46999979019165,🚬菸屁股,HOLD,1
CHWY,2026-08-21,50.0,0.07,1683,126,110.54732226562503,62,18.209999084472656,🚬菸屁股,HOLD,1
KTOS,2026-07-17,75.0,0.33,1260,125,76.66038964843752,27,54.209999084472656,🚬菸屁股,HOLD,1
META,2026-07-17,1350.0,0.04,1373,125,93.7500625,27,577.219970703125,🚬菸屁股,HOLD,1
TSLA,2026-07-17,620.0,0.36,10492,124,68.01789794921876,27,400.489990234375,🚬菸屁股,HOLD,1
IBIT,2026-09-18,60.0,0.08,19170,124,50.586431640624994,90,35.619998931884766,🚬菸屁股,HOLD,1
SOFI,2028-01-21,32.0,3.19,7116,123,73.02273071289062,580,17.90999984741211,🔭LEAPS,HOLD,1
OPEN,2028-01-21,4.0,2.32,4575,122,120.01993115234374,580,4.46999979019165,🔭LEAPS,HOLD,1
CRWV,2026-07-17,200.0,0.4,3116,122,96.63089306640626,27,117.94999694824219,🚬菸屁股,HOLD,1
AMZN,2026-07-17,315.0,0.16,4336,122,41.4068359375,27,244.38999938964844,🚬菸屁股,HOLD,1
SOFI,2028-06-16,13.0,9.1,3834,120,83.4718449707031,727,17.90999984741211,🔭LEAPS,HOLD,1
DKNG,2026-09-18,52.5,0.09,4510,120,80.27363476562499,90,26.389999389648438,🚬菸屁股,HOLD,1
DKNG,2026-09-18,55.0,0.06,2593,120,84.179845703125,90,26.389999389648438,🚬菸屁股,HOLD,1
CRM,2026-07-17,240.0,0.08,3831,120,64.45348046875,27,151.77999877929688,🚬菸屁股,HOLD,1
META,2026-07-17,1400.0,0.03,1613,120,98.82813671875,27,577.219970703125,🚬菸屁股,HOLD,1
CLSK,2026-07-17,22.0,0.38,1133,120,82.71501660156248,27,17.239999771118164,🚬菸屁股,HOLD,1
PATH,2026-09-18,15.0,0.41,5626,119,79.29708203125,90,10.270000457763672,🚬菸屁股,HOLD,1
IBM,2026-08-21,400.0,0.95,872,119,60.32754516601564,62,249.10000610351562,🚬菸屁股,HOLD,1
JOBY,2028-01-21,10.0,4.3,11059,115,88.23253955078124,580,10.0,🔭LEAPS,HOLD,1
SMR,2026-08-21,17.0,0.85,1395,115,112.40278173828125,62,11.739999771118164,🚬菸屁股,HOLD,1
ADBE,2026-07-17,300.0,0.08,2003,115,59.766027343750004,27,195.16000366210938,🚬菸屁股,HOLD,1
NOW,2026-08-21,180.0,0.65,1724,115,82.12908496093749,62,95.04000091552734,🚬菸屁股,HOLD,1
OKLO,2026-07-17,165.0,0.08,1093,114,142.1877890625,27,61.16999816894531,🚬菸屁股,HOLD,1
LUNR,2026-07-17,35.0,0.26,1194,114,110.74263378906251,27,22.850000381469727,🚬菸屁股,HOLD,1
SMCI,2026-07-17,70.0,0.03,2951,113,118.75040625,27,30.65999984741211,🚬菸屁股,HOLD,1
SOFI,2026-09-18,30.0,0.25,21935,113,70.70341796875,90,17.90999984741211,🚬菸屁股,HOLD,1
JOBY,2027-01-15,17.0,0.79,5921,113,85.88881298828124,209,10.0,🚬菸屁股,HOLD,1
CRM,2027-01-15,400.0,0.6,2782,112,61.890029541015636,209,151.77999877929688,🚬菸屁股,HOLD,1
NEE,2027-01-15,110.0,0.94,2006,112,25.73316455078125,209,86.75,🚬菸屁股,HOLD,1
IBIT,2026-07-17,55.0,0.03,7337,111,65.62534375000001,27,35.619998931884766,🚬菸屁股,HOLD,1
COIN,2026-07-17,240.0,0.63,11500,111,74.36549072265625,27,163.25999450683594,🚬菸屁股,HOLD,1
META,2026-07-17,800.0,0.43,12710,111,51.8559501953125,27,577.219970703125,🚬菸屁股,HOLD,1
CLSK,2026-09-18,35.0,0.38,1323,111,103.41845166015626,90,17.239999771118164,🚬菸屁股,HOLD,1
SOFI,2027-01-15,32.0,0.83,15691,110,68.94562304687501,209,17.90999984741211,🚬菸屁股,HOLD,1
ONDS,2026-09-18,18.0,0.29,11269,110,106.64109179687502,90,9.270000457763672,🚬菸屁股,HOLD,1
NNE,2026-07-17,40.0,0.5,2998,110,103.51610742187502,27,28.209999084472656,🚬菸屁股,HOLD,1
NVDA,2028-01-21,360.0,16.51,7201,109,49.05446453857423,580,210.69000244140625,🔭LEAPS,HOLD,1
ADBE,2026-07-17,350.0,0.02,3181,108,71.87528125,27,195.16000366210938,🚬菸屁股,HOLD,1
IBIT,2026-08-21,43.0,0.42,5676,107,41.45566357421875,62,35.619998931884766,🚬菸屁股,HOLD,1
ADBE,2026-09-18,380.0,0.34,915,107,59.4730615234375,90,195.16000366210938,🚬菸屁股,HOLD,1
PLTR,2026-08-21,220.0,0.61,11500,106,68.40851904296876,62,128.47000122070312,🚬菸屁股,HOLD,1
SMR,2027-01-15,50.0,0.49,4869,106,122.36366943359376,209,11.739999771118164,🚬菸屁股,HOLD,1
NVDA,2028-01-21,260.0,35.22,8818,104,49.71668936157228,580,210.69000244140625,🔭LEAPS,HOLD,1
ACHR,2028-01-21,7.0,2.17,21633,104,94.726615234375,580,5.570000171661377,🔭LEAPS,HOLD,1
NVDA,2026-08-21,320.0,0.33,8640,103,48.291532714843754,62,210.69000244140625,🚬菸屁股,HOLD,1
ADBE,2026-09-18,320.0,0.87,7395,103,53.19871020507813,90,195.16000366210938,🚬菸屁股,HOLD,1
NVDA,2028-01-21,220.0,49.43,8711,102,50.21106918334962,580,210.69000244140625,🔭LEAPS,HOLD,1
SOFI,2026-08-21,27.0,0.23,3808,102,68.94562304687501,62,17.90999984741211,🚬菸屁股,HOLD,1
ACHR,2026-10-16,8.0,0.44,7286,102,85.54701953125,118,5.570000171661377,🚬菸屁股,HOLD,1
CLSK,2026-07-17,25.0,0.17,6661,102,99.023447265625,27,17.239999771118164,🚬菸屁股,HOLD,1
SMR,2028-01-21,18.0,4.73,1535,101,121.33828393554684,580,11.739999771118164,🔭LEAPS,HOLD,1
IBIT,2026-09-18,90.0,0.08,10693,100,76.17211328125,90,35.619998931884766,🚬菸屁股,HOLD,1
PATH,2026-08-21,30.0,0.02,1707,100,109.375453125,62,10.270000457763672,🚬菸屁股,HOLD,1
NOW,2028-01-21,284.0,6.2,4207,100,67.51741467285157,580,95.04000091552734,🔭LEAPS,HOLD,1
CLSK,2026-07-17,21.0,0.53,9164,99,82.42205078125,27,17.239999771118164,🚬菸屁股,HOLD,1
RKLB,2026-07-17,175.0,0.53,2476,98,98.3398603515625,27,107.23999786376953,🚬菸屁股,HOLD,1
U,2026-07-17,35.0,0.25,6815,98,64.8441015625,27,27.479999542236328,🚬菸屁股,HOLD,1
PATH,2026-09-18,13.0,0.7,1792,98,75.195560546875,90,10.270000457763672,🚬菸屁股,HOLD,1
CTSH,2026-07-17,55.0,0.28,1497,98,56.055126953125,27,43.70000076293945,🚬菸屁股,HOLD,1
NOW,2026-07-17,145.0,0.22,2125,98,75.7814921875,27,95.04000091552734,🚬菸屁股,HOLD,1
RKLB,2026-07-17,210.0,0.24,4200,97,107.91061669921875,27,107.23999786376953,🚬菸屁股,HOLD,1
SOFI,2026-08-21,24.0,0.44,4624,97,67.09017285156251,62,17.90999984741211,🚬菸屁股,HOLD,1
NVDA,2028-01-21,280.0,31.0,8340,96,49.420671813964844,580,210.69000244140625,🔭LEAPS,HOLD,1
PLTR,2026-09-18,230.0,0.85,5342,96,64.86851538085938,90,128.47000122070312,🚬菸屁股,HOLD,1
SOFI,2026-07-17,30.0,0.02,14827,96,82.81267187499999,27,17.90999984741211,🚬菸屁股,HOLD,1
OPEN,2026-07-17,7.0,0.06,6245,96,109.375453125,27,4.46999979019165,🚬菸屁股,HOLD,1
NOW,2026-07-17,155.0,0.15,1300,96,88.08605664062499,27,95.04000091552734,🚬菸屁股,HOLD,1
NVDA,2028-01-21,370.0,14.8,5102,95,49.005636901855475,580,210.69000244140625,🔭LEAPS,HOLD,1
UPST,2026-09-18,70.0,0.34,978,95,87.695435546875,90,32.43000030517578,🚬菸屁股,HOLD,1
SOFI,2028-01-21,30.0,3.5,18973,95,72.55886816406249,580,17.90999984741211,🔭LEAPS,HOLD,1
BSX,2028-01-21,75.0,3.86,1182,94,50.22022436523439,580,45.290000915527344,🔭LEAPS,HOLD,1
CRM,2026-07-17,230.0,0.11,2643,94,79.9806689453125,27,151.77999877929688,🚬菸屁股,HOLD,1
IBIT,2027-01-15,140.0,0.07,28330,93,72.46121289062499,209,35.619998931884766,🚬菸屁股,HOLD,1
ASTS,2026-07-17,175.0,0.23,2069,93,133.78939355468745,27,80.66000366210938,🚬菸屁股,HOLD,1
OPEN,2026-08-21,9.0,0.1,4152,93,114.0629296875,62,4.46999979019165,🚬菸屁股,HOLD,1
BSX,2026-08-21,65.0,0.15,27764,93,58.154715332031245,62,45.290000915527344,🚬菸屁股,HOLD,1
SMCI,2026-07-17,44.0,0.3,1926,92,88.86729882812499,27,30.65999984741211,🚬菸屁股,HOLD,1
SMCI,2027-01-15,105.0,0.74,12536,92,95.89847851562499,209,30.65999984741211,🚬菸屁股,HOLD,1
SOFI,2026-09-18,24.0,0.73,1537,92,66.69955175781253,90,17.90999984741211,🚬菸屁股,HOLD,1
OPEN,2026-10-16,9.0,0.24,1441,92,146.09401953124998,118,4.46999979019165,🚬菸屁股,HOLD,1
NOW,2027-01-15,300.0,0.8,1394,92,75.63500927734376,209,95.04000091552734,🚬菸屁股,HOLD,1
SOFI,2026-08-21,31.0,0.11,2772,91,75.00025000000001,62,17.90999984741211,🚬菸屁股,HOLD,1
PATH,2028-01-21,25.0,1.4,8323,91,77.19749365234375,580,10.270000457763672,🔭LEAPS,HOLD,1
SMR,2026-07-17,19.0,0.14,3575,91,113.0863720703125,27,11.739999771118164,🚬菸屁股,HOLD,1
IBM,2026-07-17,340.0,0.33,1181,91,53.12546875,27,249.10000610351562,🚬菸屁股,HOLD,1
AMZN,2026-07-17,350.0,0.04,6401,91,49.023947265625004,27,244.38999938964844,🚬菸屁股,HOLD,1
PATH,2028-01-21,10.0,4.01,7477,90,78.8088056640625,580,10.270000457763672,🔭LEAPS,HOLD,1
TSCO,2026-10-16,45.0,0.3,1518,90,53.076641113281255,118,30.239999771118164,🚬菸屁股,HOLD,1
ADBE,2026-07-17,270.0,0.16,997,90,56.201609863281256,27,195.16000366210938,🚬菸屁股,HOLD,1
DKNG,2028-01-21,37.5,6.62,19827,89,64.99058447265625,580,26.389999389648438,🔭LEAPS,HOLD,1
JOBY,2026-08-21,12.0,0.65,3256,89,81.83611914062499,62,10.0,🚬菸屁股,HOLD,1
JOBY,2028-01-21,5.0,6.26,2439,88,91.01571484374999,580,10.0,🔭LEAPS,HOLD,1
CRM,2026-07-17,270.0,0.01,8151,88,71.48466015625,27,151.77999877929688,🚬菸屁股,HOLD,1
IBIT,2026-07-17,48.0,0.05,10278,87,52.539537109375004,27,35.619998931884766,🚬菸屁股,HOLD,1
TDOC,2027-01-15,17.5,0.28,2474,87,78.12521875,209,8.069999694824219,🚬菸屁股,HOLD,1
DIS,2028-01-21,150.0,4.68,25876,86,32.79180978393554,580,103.88999938964844,🔭LEAPS,HOLD,1
RKLB,2026-07-17,170.0,0.79,4369,85,102.68603344726563,27,107.23999786376953,🚬菸屁股,HOLD,1
UPST,2026-07-17,75.0,0.16,964,85,144.72683886718752,27,32.43000030517578,🚬菸屁股,HOLD,1
HIMS,2028-01-21,90.0,8.3,4315,84,96.24027197265625,580,35.470001220703125,🔭LEAPS,HOLD,1
NEE,2028-01-21,105.0,6.14,8329,84,31.445998046874994,580,86.75,🔭LEAPS,HOLD,1
ASTS,2026-07-17,170.0,0.2,3573,83,130.46909765624997,27,80.66000366210938,🚬菸屁股,HOLD,1
DKNG,2026-08-21,32.5,0.67,8885,83,54.68795312500001,62,26.389999389648438,🚬菸屁股,HOLD,1
CRM,2026-09-18,250.0,0.72,4295,83,54.541470214843756,90,151.77999877929688,🚬菸屁股,HOLD,1
NVDA,2028-01-21,210.0,53.9,9690,82,50.44910391235352,580,210.69000244140625,🔭LEAPS,HOLD,1
SMCI,2026-07-17,38.0,0.75,1385,82,84.0821904296875,27,30.65999984741211,🚬菸屁股,HOLD,1
ACHR,2026-10-16,13.0,0.1,2225,82,105.078599609375,118,5.570000171661377,🚬菸屁股,HOLD,1
IBM,2026-07-17,330.0,0.35,1295,81,50.098155273437506,27,249.10000610351562,🚬菸屁股,HOLD,1
DXCM,2026-07-17,80.0,0.8,1069,81,42.529871582031255,27,72.47000122070312,🚬菸屁股,HOLD,1
HPQ,2026-07-17,30.0,0.09,6484,81,53.12546875,27,23.5,🚬菸屁股,HOLD,1
AMZN,2026-07-17,305.0,0.19,9333,81,39.16076464843749,27,244.38999938964844,🚬菸屁股,HOLD,1
ASTS,2026-07-17,155.0,0.38,848,80,123.82850585937497,27,80.66000366210938,🚬菸屁股,HOLD,1
OPEN,2026-09-18,7.0,0.32,8000,80,115.0394873046875,90,4.46999979019165,🚬菸屁股,HOLD,1
ONDS,2026-09-18,21.0,0.2,2666,80,125.5863095703125,90,9.270000457763672,🚬菸屁股,HOLD,1
META,2026-07-17,1360.0,0.06,1608,80,96.0937890625,27,577.219970703125,🚬菸屁股,HOLD,1
SMCI,2026-09-18,75.0,0.47,3299,79,102.24658251953124,90,30.65999984741211,🚬菸屁股,HOLD,1
HPQ,2026-08-21,30.0,0.34,6453,79,51.17236328125,62,23.5,🚬菸屁股,HOLD,1
META,2026-07-17,900.0,0.24,5650,79,62.305064453125006,27,577.219970703125,🚬菸屁股,HOLD,1
IBIT,2026-09-18,54.0,0.17,5238,78,46.973186523437505,90,35.619998931884766,🚬菸屁股,HOLD,1
JOBY,2028-01-21,15.0,3.15,7588,78,92.04109521484375,580,10.0,🔭LEAPS,HOLD,1
NVDA,2028-01-21,270.0,32.85,8083,77,49.515275360107424,580,210.69000244140625,🔭LEAPS,HOLD,1
PATH,2026-09-18,12.0,0.94,3347,77,78.9064609375,90,10.270000457763672,🚬菸屁股,HOLD,1
OPEN,2026-11-20,7.0,0.57,3409,77,131.8362783203125,153,4.46999979019165,🚬菸屁股,HOLD,1
JOBY,2028-01-21,25.0,1.85,3376,76,92.8711650390625,580,10.0,🔭LEAPS,HOLD,1
DKNG,2027-01-15,80.0,0.08,959,75,64.45348046875,209,26.389999389648438,🚬菸屁股,HOLD,1
SOFI,2028-01-21,27.0,4.05,4566,74,73.36452416992188,580,17.90999984741211,🔭LEAPS,HOLD,1
WDAY,2026-07-17,150.0,0.57,1292,74,59.03361279296876,27,116.93000030517578,🚬菸屁股,HOLD,1
MSTR,2027-01-15,1080.0,0.4,9370,73,115.57659399414062,209,112.52999877929688,🚬菸屁股,HOLD,1
RKLB,2026-07-17,200.0,0.3,913,73,115.625421875,27,107.23999786376953,🚬菸屁股,HOLD,1
PLTR,2028-01-21,200.0,21.5,11864,71,61.95106408691409,580,128.47000122070312,🔭LEAPS,HOLD,1
SMCI,2026-07-17,48.0,0.18,9626,71,93.164130859375,27,30.65999984741211,🚬菸屁股,HOLD,1
SMCI,2026-08-21,65.0,0.32,4887,71,105.2739111328125,62,30.65999984741211,🚬菸屁股,HOLD,1
SOFI,2026-11-20,33.0,0.49,1265,71,70.21514160156251,153,17.90999984741211,🚬菸屁股,HOLD,1
NVDA,2028-01-21,310.0,24.65,9887,70,49.0086886291504,580,210.69000244140625,🔭LEAPS,HOLD,1
DKNG,2026-08-21,35.0,0.37,4859,70,56.250437500000004,62,26.389999389648438,🚬菸屁股,HOLD,1
ACHR,2027-01-15,8.0,0.78,11767,70,87.695435546875,209,5.570000171661377,🚬菸屁股,HOLD,1
HPQ,2026-07-17,38.0,0.02,4104,70,75.00025000000001,27,23.5,🚬菸屁股,HOLD,1
AMZN,2026-07-17,380.0,0.02,3320,70,58.20354296875,27,244.38999938964844,🚬菸屁股,HOLD,1
ZS,2026-07-17,155.0,0.98,1865,70,56.76312768554688,27,124.8499984741211,🚬菸屁股,HOLD,1
SOFI,2028-06-16,25.0,5.46,17950,68,74.19459399414062,727,17.90999984741211,🔭LEAPS,HOLD,1
ACHR,2026-07-17,5.0,0.74,2236,67,66.01596484375001,27,5.570000171661377,🚬菸屁股,HOLD,1
CHWY,2027-01-15,40.0,0.26,4956,67,67.18782812500001,209,18.209999084472656,🚬菸屁股,HOLD,1
LUNR,2026-07-17,28.0,0.86,958,66,101.95361523437501,27,22.850000381469727,🚬菸屁股,HOLD,1
ASTS,2026-07-17,160.0,0.35,961,65,125.29334228515623,27,80.66000366210938,🚬菸屁股,HOLD,1
LUNR,2026-07-17,36.0,0.22,1725,65,107.22702636718753,27,22.850000381469727,🚬菸屁股,HOLD,1
ADBE,2026-07-17,260.0,0.21,976,65,51.07470800781251,27,195.16000366210938,🚬菸屁股,HOLD,1
NOW,2026-08-21,190.0,0.4,798,65,86.08412353515625,62,95.04000091552734,🚬菸屁股,HOLD,1
HPQ,2026-07-17,29.0,0.12,773,65,54.297332031250015,27,23.5,🚬菸屁股,HOLD,1
CLSK,2028-01-21,15.0,8.22,4131,65,80.98163549804687,580,17.239999771118164,🔭LEAPS,HOLD,1
IBIT,2026-08-21,65.0,0.05,19983,64,63.281617187500004,62,35.619998931884766,🚬菸屁股,HOLD,1
SMCI,2026-09-18,85.0,0.28,2708,64,106.25046875000001,90,30.65999984741211,🚬菸屁股,HOLD,1
DKNG,2026-09-18,32.5,0.95,1529,64,52.393054199218746,90,26.389999389648438,🚬菸屁股,HOLD,1
LUNR,2028-01-21,25.0,11.1,3679,64,113.8676181640625,580,22.850000381469727,🔭LEAPS,HOLD,1
ADBE,2026-07-17,345.0,0.01,1001,64,70.312796875,27,195.16000366210938,🚬菸屁股,HOLD,1
CRM,2028-01-21,350.0,7.33,827,63,52.722640747070315,580,151.77999877929688,🔭LEAPS,HOLD,1
COIN,2027-01-15,880.0,0.53,13534,62,90.7959904785156,209,163.25999450683594,🚬菸屁股,HOLD,1
SOFI,2028-06-16,40.0,3.15,10943,62,74.63404272460939,727,17.90999984741211,🔭LEAPS,HOLD,1
PATH,2026-08-21,18.0,0.07,17821,62,78.51583984375,62,10.270000457763672,🚬菸屁股,HOLD,1
PATH,2028-01-21,8.0,4.8,2029,62,113.37933935546877,580,10.270000457763672,🔭LEAPS,HOLD,1
PATH,2026-07-17,15.0,0.05,4606,61,80.4689453125,27,10.270000457763672,🚬菸屁股,HOLD,1
NOW,2026-08-21,160.0,0.9,2170,61,77.31956274414063,62,95.04000091552734,🚬菸屁股,HOLD,1
TSLA,2026-09-18,990.0,0.49,26449,60,73.04714453125,90,400.489990234375,🚬菸屁股,HOLD,1
SOFI,2026-10-16,28.0,0.47,984,59,67.04134521484376,118,17.90999984741211,🚬菸屁股,HOLD,1
ACHR,2026-10-16,10.0,0.22,4382,59,88.67198828125,118,5.570000171661377,🚬菸屁股,HOLD,1
LUNR,2026-07-17,34.0,0.3,2639,58,106.15281298828126,27,22.850000381469727,🚬菸屁股,HOLD,1
JOBY,2026-08-21,14.0,0.27,2605,58,82.61736132812499,62,10.0,🚬菸屁股,HOLD,1
AAPL,2027-01-15,280.0,37.5,31515,57,32.587344055175784,209,298.010009765625,🔥萬人塚 🏛️機構場,HOLD,1
IBIT,2026-10-16,60.0,0.17,8823,57,49.5122236328125,118,35.619998931884766,🚬菸屁股,HOLD,1
NEE,2026-09-18,97.5,0.93,5411,57,24.878680908203126,90,86.75,🚬菸屁股,HOLD,1
SOFI,2028-06-16,27.0,5.01,4246,56,73.99928344726561,727,17.90999984741211,🔭LEAPS,HOLD,1
PATH,2027-01-15,17.0,0.79,12848,56,73.82838671875,209,10.270000457763672,🚬菸屁股,HOLD,1
ZM,2026-07-17,115.0,0.1,1595,56,55.9574716796875,27,86.36000061035156,🚬菸屁股,HOLD,1
AMZN,2026-10-16,410.0,0.41,1259,56,42.944906494140625,118,244.38999938964844,🚬菸屁股,HOLD,1
IBIT,2026-09-18,46.0,0.42,9721,55,42.139250488281256,90,35.619998931884766,🚬菸屁股,HOLD,1
SMCI,2026-08-21,75.0,0.2,872,55,106.44578027343752,62,30.65999984741211,🚬菸屁股,HOLD,1
SMCI,2028-01-21,100.0,4.5,1686,55,92.12654357910156,580,30.65999984741211,🔭LEAPS,HOLD,1
ZM,2026-08-21,140.0,0.18,1431,55,62.25623681640625,62,86.36000061035156,🚬菸屁股,HOLD,1
ACHR,2026-10-16,12.0,0.12,7075,55,89.257919921875,118,5.570000171661377,🚬菸屁股,HOLD,1
JPM,2026-09-18,410.0,0.48,1403,55,25.489026367187506,90,325.2200012207031,🚬菸屁股,HOLD,1
IBIT,2028-06-16,40.0,9.99,6027,54,58.24626715087891,727,35.619998931884766,🔭LEAPS,HOLD,1
TDOC,2028-01-21,17.0,1.22,1132,54,73.19362744140624,580,8.069999694824219,🔭LEAPS,HOLD,1
CRM,2026-08-21,260.0,0.22,931,54,61.03554589843752,62,151.77999877929688,🚬菸屁股,HOLD,1
SMCI,2026-09-18,65.0,0.51,2301,53,97.94923925781251,90,30.65999984741211,🚬菸屁股,HOLD,1
SOFI,2028-01-21,10.0,10.07,3840,53,82.51970605468748,580,17.90999984741211,🔭LEAPS,HOLD,1
PATH,2026-08-21,16.0,0.13,2723,53,81.83611914062499,62,10.270000457763672,🚬菸屁股,HOLD,1
MDT,2026-07-17,87.5,0.2,1011,53,29.346409667968743,27,79.33999633789062,🚬菸屁股,HOLD,1
NVDA,2028-01-21,240.0,41.6,6784,52,50.160715682983394,580,210.69000244140625,🔭LEAPS,HOLD,1
OPEN,2026-08-21,4.0,0.95,2831,52,109.375453125,62,4.46999979019165,🚬菸屁股,HOLD,1
ONDS,2027-01-15,22.0,0.71,2415,52,101.66064794921877,209,9.270000457763672,🚬菸屁股,HOLD,1
JOBY,2028-01-21,3.0,7.6,1193,52,111.5238798828125,580,10.0,🔭LEAPS,HOLD,1
IBIT,2027-01-15,75.0,0.22,10967,51,52.29539892578124,209,35.619998931884766,🚬菸屁股,HOLD,1
SMR,2026-08-21,22.0,0.35,2253,51,118.75040625,62,11.739999771118164,🚬菸屁股,HOLD,1
IBIT,2026-10-16,55.0,0.24,5170,50,45.94780615234375,118,35.619998931884766,🚬菸屁股,HOLD,1
SMCI,2027-01-15,100.0,0.83,4773,50,95.45902978515625,209,30.65999984741211,🚬菸屁股,HOLD,1
OKLO,2026-07-17,95.0,0.6,2041,50,103.71141894531253,27,61.16999816894531,🚬菸屁股,HOLD,1
PATH,2026-07-17,20.0,0.01,2867,50,90.62509374999999,27,10.270000457763672,🚬菸屁股,HOLD,1
PATH,2026-09-18,14.0,0.54,3393,50,79.883013671875,90,10.270000457763672,🚬菸屁股,HOLD,1
KTOS,2026-08-21,90.0,0.8,1533,50,86.08412353515625,62,54.209999084472656,🚬菸屁股,HOLD,1
SMR,2028-01-21,3.0,9.5,1326,50,121.77773486328122,580,11.739999771118164,🔭LEAPS,HOLD,1
BSX,2028-01-21,50.0,9.62,1365,50,53.375710388183585,580,45.290000915527344,🔭LEAPS,HOLD,1
DIS,2027-01-15,145.0,0.92,1941,50,34.37565625,209,103.88999938964844,🚬菸屁股,HOLD,1
SOFI,2026-10-16,30.0,0.39,2154,49,68.84796777343752,118,17.90999984741211,🚬菸屁股,HOLD,1
U,2026-07-17,32.0,0.63,753,49,64.062859375,27,27.479999542236328,🚬菸屁股,HOLD,1
ACHR,2028-01-21,3.0,3.45,3889,49,102.73486132812502,580,5.570000171661377,🔭LEAPS,HOLD,1
NOW,2027-01-15,344.0,0.55,4729,49,79.3947373046875,209,95.04000091552734,🚬菸屁股,HOLD,1
CHWY,2026-09-18,22.5,0.78,7898,49,58.30119824218749,90,18.209999084472656,🚬菸屁股,HOLD,1
JOBY,2028-01-21,8.0,5.06,4715,48,89.64854101562499,580,10.0,🔭LEAPS,HOLD,1
MSTR,2027-01-15,700.0,0.95,10788,47,107.42233789062503,209,112.52999877929688,🚬菸屁股,HOLD,1
TSLA,2026-07-17,750.0,0.15,7924,46,83.69156933593749,27,400.489990234375,🚬菸屁股,HOLD,1
DKNG,2028-01-21,20.0,11.16,1541,46,67.74934594726562,580,26.389999389648438,🔭LEAPS,HOLD,1
PATH,2028-01-21,15.0,2.7,8867,46,78.0275634765625,580,10.270000457763672,🔭LEAPS,HOLD,1
TDOC,2026-10-16,10.0,0.66,2250,46,68.65265722656251,118,8.069999694824219,🚬菸屁股,HOLD,1
NOW,2026-08-21,200.0,0.45,3471,46,87.84191845703124,62,95.04000091552734,🚬菸屁股,HOLD,1
NOW,2028-01-21,280.0,6.4,1393,46,67.7310355834961,580,95.04000091552734,🔭LEAPS,HOLD,1
JOBY,2028-01-21,20.0,2.43,7683,45,89.062609375,580,10.0,🔭LEAPS,HOLD,1
CRM,2026-08-21,230.0,0.4,4058,45,52.83250292968751,62,151.77999877929688,🚬菸屁股,HOLD,1
DIS,2026-07-17,130.0,0.05,9197,45,37.89124609375,27,103.88999938964844,🚬菸屁股,HOLD,1
DIS,2028-01-21,165.0,2.94,1774,45,32.65448205566406,580,103.88999938964844,🔭LEAPS,HOLD,1
CLSK,2028-01-21,10.0,10.2,3391,45,98.437515625,580,17.239999771118164,🔭LEAPS,HOLD,1
SMCI,2028-01-21,85.0,5.5,15215,44,93.32282067871094,580,30.65999984741211,🔭LEAPS,HOLD,1
ASTS,2026-07-17,165.0,0.29,757,44,129.6878515625,27,80.66000366210938,🚬菸屁股,HOLD,1
LUNR,2026-07-17,37.0,0.23,1226,44,114.84417578124999,27,22.850000381469727,🚬菸屁股,HOLD,1
HPQ,2026-07-17,27.0,0.27,1733,44,49.805189453125,27,23.5,🚬菸屁股,HOLD,1
META,2026-07-17,725.0,0.94,917,44,43.70173486328125,27,577.219970703125,🚬菸屁股,HOLD,1
SMCI,2026-08-21,70.0,0.26,1233,43,106.54343603515626,62,30.65999984741211,🚬菸屁股,HOLD,1
ONDS,2028-01-21,5.0,5.8,9739,43,111.71919140624999,580,9.270000457763672,🔭LEAPS,HOLD,1
ADBE,2026-07-17,245.0,0.49,835,43,49.04836108398438,27,195.16000366210938,🚬菸屁股,HOLD,1
NVDA,2026-08-21,310.0,0.42,11228,42,46.655806884765624,62,210.69000244140625,🚬菸屁股,HOLD,1
IBIT,2026-09-18,44.0,0.62,9993,42,41.992767578125,90,35.619998931884766,🚬菸屁股,HOLD,1
ACHR,2028-01-21,12.0,1.28,3844,42,96.19144433593749,580,5.570000171661377,🔭LEAPS,HOLD,1
ACHR,2028-01-21,20.0,0.81,5881,42,94.0430283203125,580,5.570000171661377,🔭LEAPS,HOLD,1
SOFI,2027-01-15,37.0,0.55,3245,41,70.8010732421875,209,17.90999984741211,🚬菸屁股,HOLD,1
ZM,2026-08-21,120.0,0.6,1206,41,52.88133056640626,62,86.36000061035156,🚬菸屁股,HOLD,1
HPQ,2028-01-21,40.0,2.16,1687,41,51.91698474121094,580,23.5,🔭LEAPS,HOLD,1
SOFI,2026-09-18,27.0,0.41,13038,40,67.96907031250001,90,17.90999984741211,🚬菸屁股,HOLD,1
SOFI,2026-09-18,37.0,0.11,7590,40,80.664255859375,90,17.90999984741211,🚬菸屁股,HOLD,1
PATH,2027-01-15,25.0,0.3,13410,40,83.59391406249999,209,10.270000457763672,🚬菸屁股,HOLD,1
HIMS,2028-01-21,60.0,11.25,1595,40,96.9299623413086,580,35.470001220703125,🔭LEAPS,HOLD,1
ONDS,2026-09-18,17.0,0.33,6214,40,103.71141894531253,90,9.270000457763672,🚬菸屁股,HOLD,1
ONDS,2028-01-21,4.0,6.35,2273,40,141.50419873046877,580,9.270000457763672,🔭LEAPS,HOLD,1
LUNR,2026-07-17,60.0,0.04,1281,40,131.25034374999998,27,22.850000381469727,🚬菸屁股,HOLD,1
ACHR,2027-01-15,20.0,0.15,23481,40,99.804689453125,209,5.570000171661377,🚬菸屁股,HOLD,1
ADBE,2026-09-18,350.0,0.59,2409,40,59.302164794921886,90,195.16000366210938,🚬菸屁股,HOLD,1
HPQ,2028-01-21,20.0,7.05,1520,40,58.8993367919922,580,23.5,🔭LEAPS,HOLD,1
SMCI,2026-07-17,46.0,0.22,1220,39,89.94150683593749,27,30.65999984741211,🚬菸屁股,HOLD,1
SOFI,2026-08-21,40.0,0.02,1471,39,87.89074609375,62,17.90999984741211,🚬菸屁股,HOLD,1
PACB,2028-01-21,2.0,0.63,4670,39,144.53152734375,580,1.399999976158142,🔭LEAPS,HOLD,1
NVDA,2028-01-21,420.0,11.4,23711,38,49.2116284942627,580,210.69000244140625,🔭LEAPS,HOLD,1
SOFI,2028-06-16,23.0,5.88,6578,38,74.75611181640626,727,17.90999984741211,🔭LEAPS,HOLD,1
PATH,2027-01-15,35.0,0.26,1667,38,91.6993017578125,209,10.270000457763672,🚬菸屁股,HOLD,1
OPEN,2026-07-17,10.0,0.03,7165,38,134.37532812499998,27,4.46999979019165,🚬菸屁股,HOLD,1
AMZN,2026-09-18,370.0,0.51,3598,38,41.82187084960937,90,244.38999938964844,🚬菸屁股,HOLD,1
NVDA,2026-09-18,320.0,0.9,8059,37,47.41263525390625,90,210.69000244140625,🚬菸屁股,HOLD,1
DKNG,2026-08-21,42.5,0.08,859,37,69.14093359375,62,26.389999389648438,🚬菸屁股,HOLD,1
CRM,2026-07-17,250.0,0.06,3649,37,68.7503125,27,151.77999877929688,🚬菸屁股,HOLD,1
NOW,2026-08-21,175.0,0.65,1099,37,81.15253222656249,62,95.04000091552734,🚬菸屁股,HOLD,1
NVDA,2028-01-21,230.0,45.6,12736,36,50.47199186706541,580,210.69000244140625,🔭LEAPS,HOLD,1
SMCI,2026-08-21,48.0,0.98,1138,36,95.6055126953125,62,30.65999984741211,🚬菸屁股,HOLD,1
SMCI,2028-01-21,40.0,11.1,3473,36,94.33599414062499,580,30.65999984741211,🔭LEAPS,HOLD,1
SOFI,2026-08-21,28.0,0.21,1618,36,72.46121289062499,62,17.90999984741211,🚬菸屁股,HOLD,1
OPEN,2026-07-17,9.0,0.03,2298,36,129.6878515625,27,4.46999979019165,🚬菸屁股,HOLD,1
ONDS,2028-01-21,25.0,2.18,7273,36,101.07471337890624,580,9.270000457763672,🔭LEAPS,HOLD,1
SMR,2028-01-21,5.0,8.35,1408,36,120.80117724609374,580,11.739999771118164,🔭LEAPS,HOLD,1
MDT,2027-01-15,100.0,0.96,1513,36,26.319096191406256,209,79.33999633789062,🚬菸屁股,HOLD,1
META,2026-07-17,1330.0,0.04,1649,36,92.9688203125,27,577.219970703125,🚬菸屁股,HOLD,1
CLSK,2028-01-21,20.0,7.05,5261,36,93.945373046875,580,17.239999771118164,🔭LEAPS,HOLD,1
DKNG,2027-01-15,75.0,0.16,996,35,63.67223828125,209,26.389999389648438,🚬菸屁股,HOLD,1
PATH,2028-01-21,5.0,6.3,2452,35,85.54701953125,580,10.270000457763672,🔭LEAPS,HOLD,1
ZM,2026-08-21,125.0,0.47,1075,35,52.734847656250004,62,86.36000061035156,🚬菸屁股,HOLD,1
CHWY,2027-01-15,30.0,0.73,1964,35,62.25623681640625,209,18.209999084472656,🚬菸屁股,HOLD,1
LUNR,2026-07-17,32.0,0.44,777,34,101.7583037109375,27,22.850000381469727,🚬菸屁股,HOLD,1
AMZN,2026-08-21,335.0,0.69,6964,34,42.017181396484375,62,244.38999938964844,🚬菸屁股,HOLD,1
NVDA,2028-01-21,290.0,28.22,5291,33,49.21010263061524,580,210.69000244140625,🔭LEAPS,HOLD,1
IBIT,2028-06-16,45.0,8.35,5116,33,57.01947277832031,727,35.619998931884766,🔭LEAPS,HOLD,1
SOFI,2026-10-16,25.0,0.83,3485,33,66.79720703125001,118,17.90999984741211,🚬菸屁股,HOLD,1
ACHR,2027-01-15,27.0,0.1,5587,33,108.203583984375,209,5.570000171661377,🚬菸屁股,HOLD,1
AMZN,2026-09-18,380.0,0.38,3621,33,41.96835375976563,90,244.38999938964844,🚬菸屁股,HOLD,1
CLSK,2028-01-21,17.0,7.67,2048,33,94.67778759765625,580,17.239999771118164,🔭LEAPS,HOLD,1
NVDA,2026-08-21,420.0,0.06,8329,32,58.789474609375006,62,210.69000244140625,🚬菸屁股,HOLD,1
IBIT,2028-06-16,50.0,6.95,9834,32,56.122264953613275,727,35.619998931884766,🔭LEAPS,HOLD,1
SMCI,2026-09-18,105.0,0.16,7672,32,113.47699511718751,90,30.65999984741211,🚬菸屁股,HOLD,1
PATH,2028-01-21,37.0,0.8,4550,32,80.32246240234375,580,10.270000457763672,🔭LEAPS,HOLD,1
BSX,2026-09-18,65.0,0.32,3955,32,48.5356708984375,90,45.290000915527344,🚬菸屁股,HOLD,1
SOFI,2026-07-17,28.0,0.04,4718,31,76.95335546875,27,17.90999984741211,🚬菸屁股,HOLD,1
SOFI,2026-08-21,26.0,0.28,4678,31,68.555001953125,62,17.90999984741211,🚬菸屁股,HOLD,1
SOFI,2026-09-18,28.0,0.38,1619,31,70.41045214843751,90,17.90999984741211,🚬菸屁股,HOLD,1
IREN,2026-07-17,110.0,0.22,2498,31,111.62153564453124,27,59.959999084472656,🚬菸屁股,HOLD,1
PATH,2026-08-21,14.0,0.25,5905,31,70.312796875,62,10.270000457763672,🚬菸屁股,HOLD,1
JOBY,2028-01-21,30.0,1.4,3506,31,90.96688720703125,580,10.0,🔭LEAPS,HOLD,1
ACHR,2026-10-16,11.0,0.17,3970,31,88.2813671875,118,5.570000171661377,🚬菸屁股,HOLD,1
BSX,2027-01-15,75.0,0.75,8816,31,47.21732470703125,209,45.290000915527344,🚬菸屁股,HOLD,1
BSX,2027-01-15,90.0,0.3,12677,31,50.34229345703125,209,45.290000915527344,🚬菸屁股,HOLD,1
ZS,2026-08-21,200.0,0.62,1337,31,65.43003320312502,62,124.8499984741211,🚬菸屁股,HOLD,1
CHWY,2026-09-18,25.0,0.45,2307,31,58.8871298828125,90,18.209999084472656,🚬菸屁股,HOLD,1
TSLA,2026-07-17,540.0,0.7,5316,30,55.37154003906251,27,400.489990234375,🚬菸屁股,HOLD,1
SOFI,2026-09-18,42.0,0.07,6128,30,83.20329296874999,90,17.90999984741211,🚬菸屁股,HOLD,1
JOBY,2026-08-21,30.0,0.05,1492,30,140.625296875,62,10.0,🚬菸屁股,HOLD,1
HPQ,2026-09-18,35.0,0.25,1544,30,52.83250292968751,90,23.5,🚬菸屁股,HOLD,1
AMZN,2026-09-18,350.0,0.85,11819,30,40.66221447753906,90,244.38999938964844,🚬菸屁股,HOLD,1
TSLA,2028-01-21,900.0,27.03,7031,29,57.33074896240235,580,400.489990234375,🔭LEAPS,HOLD,1
DKNG,2028-01-21,25.0,8.54,3717,29,62.927616821289064,580,26.389999389648438,🔭LEAPS,HOLD,1
PATH,2026-08-21,17.0,0.1,2379,29,73.437765625,62,10.270000457763672,🚬菸屁股,HOLD,1
NTLA,2026-07-17,19.0,0.7,1955,29,97.6562734375,27,15.670000076293945,🚬菸屁股,HOLD,1
PACB,2027-01-15,1.0,0.59,2719,29,96.0937890625,209,1.399999976158142,🚬菸屁股,HOLD,1
LUNR,2028-01-21,50.0,7.73,816,29,114.33148303222657,580,22.850000381469727,🔭LEAPS,HOLD,1
ADBE,2026-07-17,290.0,0.15,1758,29,60.25430371093752,27,195.16000366210938,🚬菸屁股,HOLD,1
MDT,2026-09-18,90.0,0.85,1942,29,28.0158565673828,90,79.33999633789062,🚬菸屁股,HOLD,1
ZS,2026-07-17,170.0,0.36,837,29,58.8871298828125,27,124.8499984741211,🚬菸屁股,HOLD,1
CHWY,2027-01-15,35.0,0.45,3427,29,60.547269531250016,209,18.209999084472656,🚬菸屁股,HOLD,1
NVDA,2028-01-21,195.0,59.0,6315,28,50.95569064331055,580,210.69000244140625,🔭LEAPS,HOLD,1
IBIT,2026-09-18,47.0,0.35,10235,28,42.2857333984375,90,35.619998931884766,🚬菸屁股,HOLD,1
RKLB,2026-07-17,165.0,0.95,1348,28,97.85158398437501,27,107.23999786376953,🚬菸屁股,HOLD,1
SOFI,2026-10-16,27.0,0.62,3137,28,65.9183095703125,118,17.90999984741211,🚬菸屁股,HOLD,1
PATH,2026-09-18,18.0,0.2,2321,28,83.39860351562498,90,10.270000457763672,🚬菸屁股,HOLD,1
JOBY,2026-08-21,13.0,0.47,2307,28,80.85956640625,62,10.0,🚬菸屁股,HOLD,1
BSX,2027-01-15,120.0,0.15,950,28,54.883263671875014,209,45.290000915527344,🚬菸屁股,HOLD,1
CRM,2026-09-18,260.0,0.6,1545,28,56.543403320312514,90,151.77999877929688,🚬菸屁股,HOLD,1
NOW,2026-09-18,200.0,0.62,2928,28,80.37129003906249,90,95.04000091552734,🚬菸屁股,HOLD,1
TJX,2026-07-17,185.0,0.2,782,28,25.855233642578128,27,163.80999755859375,🚬菸屁股,HOLD,1
AMZN,2026-08-21,390.0,0.13,4916,28,46.7778759765625,62,244.38999938964844,🚬菸屁股,HOLD,1
ZS,2026-07-17,180.0,0.23,957,28,64.5511357421875,27,124.8499984741211,🚬菸屁股,HOLD,1
SMCI,2026-09-18,100.0,0.18,3060,27,111.71919140624999,90,30.65999984741211,🚬菸屁股,HOLD,1
TDOC,2026-07-17,10.0,0.13,3225,27,64.45348046875,27,8.069999694824219,🚬菸屁股,HOLD,1
PACB,2027-01-15,3.0,0.15,2277,27,138.67218164062498,209,1.399999976158142,🚬菸屁股,HOLD,1
HIMS,2028-01-21,65.0,10.62,908,27,95.14165014648437,580,35.470001220703125,🔭LEAPS,HOLD,1
SMR,2027-01-15,40.0,0.63,6802,27,116.01604492187501,209,11.739999771118164,🚬菸屁股,HOLD,1
AMZN,2026-08-21,325.0,0.96,2809,27,41.321387573242184,62,244.38999938964844,🚬菸屁股,HOLD,1
DIS,2026-09-18,125.0,0.76,3428,27,30.847859497070306,90,103.88999938964844,🚬菸屁股,HOLD,1
IBIT,2028-01-21,60.0,3.65,6529,26,52.9423651123047,580,35.619998931884766,🔭LEAPS,HOLD,1
SMCI,2026-07-17,49.0,0.17,9505,26,94.33599414062499,27,30.65999984741211,🚬菸屁股,HOLD,1
LUNR,2028-01-21,40.0,9.25,3044,26,116.89494677734376,580,22.850000381469727,🔭LEAPS,HOLD,1
ADBE,2026-07-17,280.0,0.2,912,26,56.7387138671875,27,195.16000366210938,🚬菸屁股,HOLD,1
ADBE,2026-07-17,400.0,0.01,2332,26,75.00025000000001,27,195.16000366210938,🚬菸屁股,HOLD,1
MDT,2026-08-21,90.0,0.47,1788,26,27.832752929687498,62,79.33999633789062,🚬菸屁股,HOLD,1
DIS,2026-07-17,135.0,0.02,8373,26,43.164630859375,27,103.88999938964844,🚬菸屁股,HOLD,1
META,2026-07-17,770.0,0.54,3722,26,49.023947265625004,27,577.219970703125,🚬菸屁股,HOLD,1
IBIT,2026-07-17,60.0,0.02,13251,25,76.562734375,27,35.619998931884766,🚬菸屁股,HOLD,1
IBIT,2027-01-15,79.0,0.21,6452,25,53.22312402343749,209,35.619998931884766,🚬菸屁股,HOLD,1
IBIT,2027-01-15,115.0,0.11,5615,25,66.21127539062502,209,35.619998931884766,🚬菸屁股,HOLD,1
PLTR,2028-01-21,410.0,5.7,8355,25,63.327393096923835,580,128.47000122070312,🔭LEAPS,HOLD,1
SOFI,2026-11-20,29.0,0.68,1219,25,69.2385888671875,153,17.90999984741211,🚬菸屁股,HOLD,1
SOFI,2028-06-16,37.0,3.41,4735,25,71.9729365234375,727,17.90999984741211,🔭LEAPS,HOLD,1
PATH,2026-08-21,25.0,0.05,782,25,93.7500625,62,10.270000457763672,🚬菸屁股,HOLD,1
PACB,2026-09-18,3.0,0.08,1865,25,128.90660546875,90,1.399999976158142,🚬菸屁股,HOLD,1
KTOS,2026-07-17,85.0,0.1,1205,25,79.29708203125,27,54.209999084472656,🚬菸屁股,HOLD,1
ONDS,2028-01-21,17.0,3.0,10081,25,105.02977172851561,580,9.270000457763672,🔭LEAPS,HOLD,1
SMR,2026-08-21,23.0,0.32,900,25,118.75040625,62,11.739999771118164,🚬菸屁股,HOLD,1
SMR,2027-01-15,60.0,0.31,791,25,117.96916015624998,209,11.739999771118164,🚬菸屁股,HOLD,1
CRM,2026-08-21,250.0,0.21,2401,25,58.64299169921875,62,151.77999877929688,🚬菸屁股,HOLD,1
DIS,2026-08-21,125.0,0.57,1266,25,32.49579223632812,62,103.88999938964844,🚬菸屁股,HOLD,1
META,2026-07-17,850.0,0.3,1325,25,57.617611328124994,27,577.219970703125,🚬菸屁股,HOLD,1
IBIT,2028-01-21,50.0,5.4,8269,24,53.99215930175782,580,35.619998931884766,🔭LEAPS,HOLD,1
SOFI,2028-01-21,35.0,2.89,13853,24,72.41238525390624,580,17.90999984741211,🔭LEAPS,HOLD,1
SOFI,2028-01-21,42.0,2.16,9619,24,72.26590234375,580,17.90999984741211,🔭LEAPS,HOLD,1
SOFI,2028-06-16,32.0,4.11,13435,24,74.2068009033203,727,17.90999984741211,🔭LEAPS,HOLD,1
PATH,2027-01-15,22.0,0.41,7697,24,75.195560546875,209,10.270000457763672,🚬菸屁股,HOLD,1
TDOC,2026-07-17,15.0,0.03,1512,24,110.9379453125,27,8.069999694824219,🚬菸屁股,HOLD,1
ZM,2026-07-17,105.0,0.36,1426,24,49.85401708984375,27,86.36000061035156,🚬菸屁股,HOLD,1
JOBY,2027-01-15,32.0,0.25,1042,24,97.460962890625,209,10.0,🚬菸屁股,HOLD,1
DIS,2027-01-15,150.0,0.8,9915,24,34.75407043457031,209,103.88999938964844,🚬菸屁股,HOLD,1
CLSK,2028-01-21,12.0,9.55,1999,24,101.46533642578123,580,17.239999771118164,🔭LEAPS,HOLD,1
CLSK,2028-01-21,35.0,4.0,7446,24,85.59584716796876,580,17.239999771118164,🔭LEAPS,HOLD,1
CHWY,2026-07-17,30.0,0.03,842,24,84.37515624999999,27,18.209999084472656,🚬菸屁股,HOLD,1
CHWY,2026-11-20,40.0,0.16,1127,24,62.500375000000005,153,18.209999084472656,🚬菸屁股,HOLD,1
TSLA,2028-01-21,800.0,34.4,6819,23,56.86230882263183,580,400.489990234375,🔭LEAPS,HOLD,1
NVDA,2028-06-16,350.0,24.9,5539,23,49.80824118041992,727,210.69000244140625,🔭LEAPS,HOLD,1
SOFI,2026-07-17,40.0,0.02,2555,23,107.81296093750001,27,17.90999984741211,🚬菸屁股,HOLD,1
U,2028-01-21,47.0,5.18,7589,23,74.36549072265625,580,27.479999542236328,🔭LEAPS,HOLD,1
NTLA,2028-01-21,20.0,6.33,1427,23,101.48975036621093,580,15.670000076293945,🔭LEAPS,HOLD,1
ONDS,2026-07-17,17.0,0.03,1676,23,109.375453125,27,9.270000457763672,🚬菸屁股,HOLD,1
CHWY,2028-01-21,20.0,5.2,818,23,66.38217211914063,580,18.209999084472656,🔭LEAPS,HOLD,1
IBIT,2027-01-15,110.0,0.12,29806,22,64.062859375,209,35.619998931884766,🚬菸屁股,HOLD,1
SMCI,2028-01-21,70.0,6.56,1928,22,91.87019848632812,580,30.65999984741211,🔭LEAPS,HOLD,1
DKNG,2027-01-15,60.0,0.2,8954,22,61.133201171875015,209,26.389999389648438,🚬菸屁股,HOLD,1
HOOD,2026-07-17,210.0,0.08,859,22,93.55475195312499,27,108.1500015258789,🚬菸屁股,HOLD,1
OPEN,2026-09-18,8.0,0.23,3712,22,105.078599609375,90,4.46999979019165,🚬菸屁股,HOLD,1
NTLA,2026-07-17,20.0,0.5,1375,22,97.75392871093752,27,15.670000076293945,🚬菸屁股,HOLD,1
ACHR,2028-01-21,27.0,0.6,18761,22,95.80082324218748,580,5.570000171661377,🔭LEAPS,HOLD,1
TSCO,2026-07-17,40.0,0.09,9652,22,54.883263671875014,27,30.239999771118164,🚬菸屁股,HOLD,1
MDT,2027-01-15,110.0,0.35,1733,22,29.761444580078116,209,79.33999633789062,🚬菸屁股,HOLD,1
HPQ,2026-08-21,31.0,0.21,1363,22,50.879397460937504,62,23.5,🚬菸屁股,HOLD,1
AMZN,2026-09-18,410.0,0.19,981,22,45.0200810546875,90,244.38999938964844,🚬菸屁股,HOLD,1
META,2026-07-17,810.0,0.4,863,22,52.83250292968751,27,577.219970703125,🚬菸屁股,HOLD,1
ZS,2026-07-17,175.0,0.37,1116,22,68.89679541015626,27,124.8499984741211,🚬菸屁股,HOLD,1
CHWY,2028-01-21,30.0,2.67,777,22,60.76699389648439,580,18.209999084472656,🔭LEAPS,HOLD,1
TSLA,2026-08-21,750.0,0.62,5918,21,66.96810375976563,62,400.489990234375,🚬菸屁股,HOLD,1
OKLO,2028-01-21,250.0,11.3,3552,21,110.49849438476565,580,61.16999816894531,🔭LEAPS,HOLD,1
SMR,2027-01-15,85.0,0.25,2853,21,133.00814746093747,209,11.739999771118164,🚬菸屁股,HOLD,1
CRM,2028-01-21,380.0,6.38,1971,21,53.74802111816408,580,151.77999877929688,🔭LEAPS,HOLD,1
NOW,2026-09-18,180.0,0.8,1692,21,74.63404272460939,90,95.04000091552734,🚬菸屁股,HOLD,1
HPQ,2026-08-21,28.0,0.53,1006,21,51.22119091796875,62,23.5,🚬菸屁股,HOLD,1
META,2026-07-17,1440.0,0.04,1488,21,96.48441015625,27,577.219970703125,🚬菸屁股,HOLD,1
MSFT,2026-07-17,600.0,0.1,5959,20,60.937890625000016,27,379.3999938964844,🚬菸屁股,HOLD,1
IBIT,2028-06-16,65.0,4.4,6490,20,55.10298803710938,727,35.619998931884766,🔭LEAPS,HOLD,1
ONDS,2028-01-21,22.0,2.4,886,20,108.69186279296876,580,9.270000457763672,🔭LEAPS,HOLD,1
SMR,2028-01-21,25.0,4.0,2510,20,113.79437634277343,580,11.739999771118164,🔭LEAPS,HOLD,1
ADBE,2027-01-15,800.0,0.2,1262,20,67.57844921875001,209,195.16000366210938,🚬菸屁股,HOLD,1
ZTS,2026-07-17,100.0,0.07,832,20,54.541470214843756,27,78.70999908447266,🚬菸屁股,HOLD,1
HPQ,2026-08-21,26.0,0.88,1288,20,52.19774365234374,62,23.5,🚬菸屁股,HOLD,1
HPQ,2028-01-21,25.0,4.88,5156,20,53.149882568359374,580,23.5,🔭LEAPS,HOLD,1
CLSK,2028-01-21,27.0,5.4,4375,20,79.80977221679689,580,17.239999771118164,🔭LEAPS,HOLD,1
ZS,2026-07-17,200.0,0.1,1445,20,81.64080859375,27,124.8499984741211,🚬菸屁股,HOLD,1
CHWY,2026-09-18,40.0,0.08,1265,20,76.95335546875,90,18.209999084472656,🚬菸屁股,HOLD,1
SMCI,2028-01-21,38.0,11.5,952,19,95.04399487304687,580,30.65999984741211,🔭LEAPS,HOLD,1
ADBE,2026-08-21,485.0,0.42,760,19,92.9688203125,62,195.16000366210938,🚬菸屁股,HOLD,1
ADBE,2027-01-15,700.0,0.25,1570,19,68.79914013671876,209,195.16000366210938,🚬菸屁股,HOLD,1
DIS,2026-09-18,130.0,0.55,3173,19,36.18227880859375,90,103.88999938964844,🚬菸屁股,HOLD,1
NVDA,2026-09-18,400.0,0.26,12836,18,54.394987304687504,90,210.69000244140625,🚬菸屁股,HOLD,1
VST,2026-07-17,240.0,0.25,3263,18,72.21707470703124,27,163.75,🚬菸屁股,HOLD,1
SOFI,2026-08-21,34.0,0.08,1387,18,78.9064609375,62,17.90999984741211,🚬菸屁股,HOLD,1
SOFI,2026-10-16,24.0,0.99,2866,18,66.65072412109377,118,17.90999984741211,🚬菸屁股,HOLD,1
SOFI,2027-01-15,42.0,0.41,6552,18,74.804939453125,209,17.90999984741211,🚬菸屁股,HOLD,1
SMR,2026-07-17,25.0,0.05,1707,18,134.37532812499998,27,11.739999771118164,🚬菸屁股,HOLD,1
SMR,2028-01-21,40.0,3.0,1000,18,120.41055419921874,580,11.739999771118164,🔭LEAPS,HOLD,1
MDT,2026-09-18,95.0,0.46,1380,18,30.127651855468752,90,79.33999633789062,🚬菸屁股,HOLD,1
SHOP,2026-07-17,150.0,0.2,7583,17,56.9340244140625,27,108.8499984741211,🚬菸屁股,HOLD,1
UPST,2028-01-21,80.0,5.05,1151,17,87.1949522705078,580,32.43000030517578,🔭LEAPS,HOLD,1
SOFI,2026-07-17,32.0,0.03,1639,17,88.2813671875,27,17.90999984741211,🚬菸屁股,HOLD,1
DKNG,2026-09-18,50.0,0.15,3127,17,76.562734375,90,26.389999389648438,🚬菸屁股,HOLD,1
U,2028-01-21,30.0,9.35,3320,17,76.17211328125,580,27.479999542236328,🔭LEAPS,HOLD,1
ZM,2026-09-18,140.0,0.48,1008,17,54.297332031250015,90,86.36000061035156,🚬菸屁股,HOLD,1
JOBY,2026-07-17,16.0,0.03,3183,17,96.87503124999999,27,10.0,🚬菸屁股,HOLD,1
CPRT,2027-01-15,50.0,0.15,2995,17,38.574833007812494,209,30.229999542236328,🚬菸屁股,HOLD,1
NOW,2026-07-17,165.0,0.14,1344,17,86.52357226562499,27,95.04000091552734,🚬菸屁股,HOLD,1
NEE,2027-01-15,140.0,0.11,1073,17,35.18131225585937,209,86.75,🚬菸屁股,HOLD,1
RKLB,2026-07-17,195.0,0.28,2701,16,117.43205346679689,27,107.23999786376953,🚬菸屁股,HOLD,1
UPST,2027-01-15,90.0,0.87,1088,16,85.88881298828124,209,32.43000030517578,🚬菸屁股,HOLD,1
SOFI,2026-07-17,29.0,0.03,801,16,82.0314296875,27,17.90999984741211,🚬菸屁股,HOLD,1
SOFI,2028-06-16,45.0,2.71,6977,16,74.24342163085937,727,17.90999984741211,🔭LEAPS,HOLD,1
PATH,2026-09-18,16.0,0.31,755,16,83.789224609375,90,10.270000457763672,🚬菸屁股,HOLD,1
XYZ,2028-01-21,120.0,8.7,1427,16,54.327849304199226,580,74.77999877929688,🔭LEAPS,HOLD,1
OPEN,2026-10-16,10.0,0.18,3192,16,117.96916015624998,118,4.46999979019165,🚬菸屁股,HOLD,1
OPEN,2026-11-20,6.0,0.74,4327,16,108.59420703125,153,4.46999979019165,🚬菸屁股,HOLD,1
OPEN,2027-01-15,9.0,0.5,1971,16,108.984830078125,209,4.46999979019165,🚬菸屁股,HOLD,1
ACHR,2028-01-21,17.0,1.0,1275,16,94.33599414062499,580,5.570000171661377,🔭LEAPS,HOLD,1
TSCO,2026-09-18,40.0,0.45,8718,16,50.537604003906246,90,30.239999771118164,🚬菸屁股,HOLD,1
NOW,2026-08-21,230.0,0.29,1088,16,96.5820654296875,62,95.04000091552734,🚬菸屁股,HOLD,1
AMZN,2026-08-21,340.0,0.55,2485,16,42.33456103515625,62,244.38999938964844,🚬菸屁股,HOLD,1
CHWY,2028-01-21,17.5,5.95,1019,16,68.97003686523439,580,18.209999084472656,🔭LEAPS,HOLD,1
IBIT,2026-09-18,80.0,0.06,12343,15,68.94562304687501,90,35.619998931884766,🚬菸屁股,HOLD,1
IBIT,2027-01-15,84.0,0.2,5199,15,55.1762294921875,209,35.619998931884766,🚬菸屁股,HOLD,1
DKNG,2026-07-17,37.5,0.03,3229,15,64.062859375,27,26.389999389648438,🚬菸屁股,HOLD,1
U,2027-01-15,60.0,0.8,5956,15,73.7307314453125,209,27.479999542236328,🚬菸屁股,HOLD,1
PATH,2026-08-21,23.0,0.05,807,15,89.062609375,62,10.270000457763672,🚬菸屁股,HOLD,1
HOOD,2026-09-18,290.0,0.33,1701,15,85.937640625,90,108.1500015258789,🚬菸屁股,HOLD,1
XYZ,2027-01-15,145.0,0.81,23312,15,54.24850439453126,209,74.77999877929688,🚬菸屁股,HOLD,1
SMR,2027-01-15,55.0,0.39,3472,15,124.31678466796873,209,11.739999771118164,🚬菸屁股,HOLD,1
CRWV,2026-07-17,190.0,0.65,931,15,96.3867548828125,27,117.94999694824219,🚬菸屁股,HOLD,1
BSX,2026-07-17,60.0,0.09,3582,15,53.906710937500016,27,45.290000915527344,🚬菸屁股,HOLD,1
HPQ,2028-01-21,18.0,7.91,2056,15,50.26905200195313,580,23.5,🔭LEAPS,HOLD,1
AMZN,2026-07-17,330.0,0.08,2266,15,44.5318046875,27,244.38999938964844,🚬菸屁股,HOLD,1
IBIT,2026-07-17,51.0,0.03,10353,14,58.20354296875,27,35.619998931884766,🚬菸屁股,HOLD,1
SOFI,2026-11-20,28.0,0.8,1364,14,69.97100341796876,153,17.90999984741211,🚬菸屁股,HOLD,1
DKNG,2026-08-21,37.5,0.18,1423,14,58.789474609375006,62,26.389999389648438,🚬菸屁股,HOLD,1
ZM,2026-07-17,110.0,0.23,2656,14,54.394987304687504,27,86.36000061035156,🚬菸屁股,HOLD,1
XYZ,2026-09-18,115.0,0.47,1056,14,53.467262207031254,90,74.77999877929688,🚬菸屁股,HOLD,1
OPEN,2028-01-21,1.0,3.6,2861,14,0.0,580,4.46999979019165,🔭LEAPS,HOLD,1
BEAM,2026-08-21,50.0,0.56,1567,14,68.40851904296876,62,34.13999938964844,🚬菸屁股,HOLD,1
LUNR,2028-01-21,35.0,9.23,795,14,116.33342614746094,580,22.850000381469727,🔭LEAPS,HOLD,1
ZTS,2026-09-18,105.0,0.75,1471,14,46.460496337890625,90,78.70999908447266,🚬菸屁股,HOLD,1
DIS,2027-01-15,185.0,0.21,2582,14,35.596347167968744,209,103.88999938964844,🚬菸屁股,HOLD,1
UPST,2026-07-17,42.5,0.34,962,13,73.5354208984375,27,32.43000030517578,🚬菸屁股,HOLD,1
SOFI,2028-06-16,35.0,3.67,7344,13,74.38990454101561,727,17.90999984741211,🔭LEAPS,HOLD,1
ZM,2026-09-18,130.0,0.91,868,13,52.93015820312501,90,86.36000061035156,🚬菸屁股,HOLD,1
OPEN,2026-11-20,8.0,0.45,1420,13,120.70352148437497,153,4.46999979019165,🚬菸屁股,HOLD,1
SMR,2028-01-21,85.0,1.55,2041,13,116.69963525390625,580,11.739999771118164,🔭LEAPS,HOLD,1
CRWV,2026-07-17,185.0,0.55,1049,13,91.211025390625,27,117.94999694824219,🚬菸屁股,HOLD,1
CRM,2027-01-15,350.0,0.93,1344,13,58.00823242187501,209,151.77999877929688,🚬菸屁股,HOLD,1
CLSK,2028-01-21,25.0,5.55,3919,13,85.21743298339844,580,17.239999771118164,🔭LEAPS,HOLD,1
PATH,2028-01-21,35.0,0.85,1088,12,76.85570019531252,580,10.270000457763672,🔭LEAPS,HOLD,1
OPEN,2027-01-15,8.0,0.6,2073,12,100.9770576171875,209,4.46999979019165,🚬菸屁股,HOLD,1
NTLA,2028-01-21,7.5,10.95,901,12,105.17625537109376,580,15.670000076293945,🔭LEAPS,HOLD,1
SMR,2026-08-21,19.0,0.58,1028,12,115.8207333984375,62,11.739999771118164,🚬菸屁股,HOLD,1
SMR,2028-01-21,30.0,3.5,2997,12,112.1342283935547,580,11.739999771118164,🔭LEAPS,HOLD,1
BSX,2028-01-21,155.0,0.4,950,12,50.07374145507812,580,45.290000915527344,🔭LEAPS,HOLD,1
MDT,2026-08-21,87.5,0.72,1680,12,27.564200927734372,62,79.33999633789062,🚬菸屁股,HOLD,1
NOW,2026-07-17,180.0,0.07,3839,12,91.79695703125,27,95.04000091552734,🚬菸屁股,HOLD,1
NOW,2026-09-18,190.0,0.85,834,12,77.07542456054688,90,95.04000091552734,🚬菸屁股,HOLD,1
HPQ,2027-01-15,55.0,0.15,5671,12,62.25623681640625,209,23.5,🚬菸屁股,HOLD,1
SOFI,2026-09-18,45.0,0.07,7182,11,84.76577734374999,90,17.90999984741211,🚬菸屁股,HOLD,1
SOFI,2028-01-21,8.0,11.4,1652,11,84.76577734374999,580,17.90999984741211,🔭LEAPS,HOLD,1
SOFI,2028-01-21,13.0,8.44,3612,11,77.68577001953125,580,17.90999984741211,🔭LEAPS,HOLD,1
PATH,2026-08-21,20.0,0.04,4991,11,85.1563984375,62,10.270000457763672,🚬菸屁股,HOLD,1
PATH,2026-09-18,20.0,0.2,3328,11,92.773509765625,90,10.270000457763672,🚬菸屁股,HOLD,1
TDOC,2026-10-16,9.0,0.9,1571,11,69.92217578125,118,8.069999694824219,🚬菸屁股,HOLD,1
TDOC,2027-01-15,15.0,0.45,10554,11,78.0275634765625,209,8.069999694824219,🚬菸屁股,HOLD,1
BSX,2027-01-15,80.0,0.53,1832,11,47.90091162109375,209,45.290000915527344,🚬菸屁股,HOLD,1
HPQ,2027-01-15,35.0,0.9,4169,11,53.34519311523438,209,23.5,🚬菸屁股,HOLD,1
HPQ,2028-01-21,23.0,5.8,4315,11,53.015606567382825,580,23.5,🔭LEAPS,HOLD,1
DIS,2026-07-17,150.0,0.02,2723,11,50.0005,27,103.88999938964844,🚬菸屁股,HOLD,1
DIS,2026-09-18,150.0,0.14,1779,11,38.086556640625,90,103.88999938964844,🚬菸屁股,HOLD,1
META,2026-07-17,730.0,0.89,2050,11,44.28766650390625,27,577.219970703125,🚬菸屁股,HOLD,1
NVDA,2026-09-18,420.0,0.2,7158,10,56.592230957031255,90,210.69000244140625,🚬菸屁股,HOLD,1
OKLO,2026-07-17,110.0,0.32,821,10,114.94183154296876,27,61.16999816894531,🚬菸屁股,HOLD,1
OKLO,2026-07-17,120.0,0.23,3608,10,118.9457177734375,27,61.16999816894531,🚬菸屁股,HOLD,1
RKLB,2026-07-17,190.0,0.39,803,10,103.90673046875003,27,107.23999786376953,🚬菸屁股,HOLD,1
PATH,2028-01-21,22.0,1.6,3456,10,76.51390673828125,580,10.270000457763672,🔭LEAPS,HOLD,1
TDOC,2026-07-17,13.0,0.05,2683,10,120.3128984375,27,8.069999694824219,🚬菸屁股,HOLD,1
TDOC,2028-01-21,3.0,5.35,2434,10,64.3558251953125,580,8.069999694824219,🔭LEAPS,HOLD,1
ZM,2028-01-21,140.0,10.6,2656,10,55.597367858886734,580,86.36000061035156,🔭LEAPS,HOLD,1
OPEN,2026-10-16,5.0,0.79,2055,10,108.00827246093752,118,4.46999979019165,🚬菸屁股,HOLD,1
ONDS,2026-09-18,19.0,0.25,1219,10,120.89883300781248,90,9.270000457763672,🚬菸屁股,HOLD,1
ONDS,2028-01-21,27.0,1.98,8647,10,100.68409033203123,580,9.270000457763672,🔭LEAPS,HOLD,1
LUNR,2026-07-17,50.0,0.08,1242,10,136.71906640625,27,22.850000381469727,🚬菸屁股,HOLD,1
BSX,2028-01-21,60.0,6.65,1819,10,50.83056982421875,580,45.290000915527344,🔭LEAPS,HOLD,1
FIS,2026-09-18,95.0,0.11,5219,10,77.53928710937501,90,38.209999084472656,🚬菸屁股,HOLD,1
ADBE,2026-07-17,355.0,0.09,1223,10,76.95335546875,27,195.16000366210938,🚬菸屁股,HOLD,1
MDT,2028-01-21,95.0,5.05,910,10,31.037066589355465,580,79.33999633789062,🔭LEAPS,HOLD,1
MDT,2028-01-21,120.0,1.7,1285,10,28.25999475097656,580,79.33999633789062,🔭LEAPS,HOLD,1
HPQ,2026-08-21,38.0,0.09,5536,10,64.8441015625,62,23.5,🚬菸屁股,HOLD,1
META,2026-09-18,1100.0,0.86,936,10,55.42036767578126,90,577.219970703125,🚬菸屁股,HOLD,1
TSLA,2026-09-18,900.0,0.61,7047,9,68.62824340820313,90,400.489990234375,🚬菸屁股,HOLD,1
IBIT,2028-06-16,90.0,2.22,15049,9,54.34615966796876,727,35.619998931884766,🔭LEAPS,HOLD,1
UPST,2026-07-17,50.0,0.09,2331,9,83.20329296874999,27,32.43000030517578,🚬菸屁股,HOLD,1
UPST,2028-01-21,50.0,9.38,2670,9,85.742330078125,580,32.43000030517578,🔭LEAPS,HOLD,1
SOFI,2026-10-16,26.0,0.69,1881,9,67.773759765625,118,17.90999984741211,🚬菸屁股,HOLD,1
SOFI,2026-11-20,31.0,0.57,872,9,69.67803759765626,153,17.90999984741211,🚬菸屁股,HOLD,1
DKNG,2028-01-21,65.0,1.39,4572,9,55.322712402343754,580,26.389999389648438,🔭LEAPS,HOLD,1
U,2026-08-21,37.0,0.84,2331,9,73.97486962890623,62,27.479999542236328,🚬菸屁股,HOLD,1
TDOC,2028-01-21,15.0,1.18,1009,9,72.46121289062499,580,8.069999694824219,🔭LEAPS,HOLD,1
PACB,2027-01-15,1.5,0.4,8864,9,68.35969140625001,209,1.399999976158142,🚬菸屁股,HOLD,1
LUNR,2026-09-18,55.0,0.51,1249,9,116.89494677734376,90,22.850000381469727,🚬菸屁股,HOLD,1
JOBY,2027-01-15,25.0,0.37,3490,9,89.45323046875,209,10.0,🚬菸屁股,HOLD,1
SMR,2028-01-21,23.0,4.18,968,9,116.89494677734376,580,11.739999771118164,🔭LEAPS,HOLD,1
BSX,2026-08-21,90.0,0.05,1472,9,72.07059179687501,62,45.290000915527344,🚬菸屁股,HOLD,1
BSX,2027-01-15,85.0,0.38,1060,9,50.537604003906246,209,45.290000915527344,🚬菸屁股,HOLD,1
BSX,2028-01-21,70.0,4.6,2079,9,49.86622399902344,580,45.290000915527344,🔭LEAPS,HOLD,1
ADBE,2026-08-21,415.0,0.31,949,9,90.57626611328125,62,195.16000366210938,🚬菸屁股,HOLD,1
ADBE,2026-09-18,460.0,0.3,790,9,72.6565234375,90,195.16000366210938,🚬菸屁股,HOLD,1
ADBE,2028-01-21,540.0,5.58,955,9,52.51512329101562,580,195.16000366210938,🔭LEAPS,HOLD,1
NOW,2026-07-17,175.0,0.1,1467,9,91.60164648437501,27,95.04000091552734,🚬菸屁股,HOLD,1
NEE,2027-01-15,125.0,0.39,8655,9,35.938140624999996,209,86.75,🚬菸屁股,HOLD,1
AMZN,2026-07-17,325.0,0.09,2141,9,44.5318046875,27,244.38999938964844,🚬菸屁股,HOLD,1
WDAY,2026-07-17,160.0,0.36,905,9,62.93982373046876,27,116.93000030517578,🚬菸屁股,HOLD,1
IBIT,2027-01-15,52.0,0.95,5030,8,45.9966337890625,209,35.619998931884766,🚬菸屁股,HOLD,1
IBIT,2027-01-15,120.0,0.1,18679,8,68.06672558593752,209,35.619998931884766,🚬菸屁股,HOLD,1
U,2026-07-17,40.0,0.1,7857,8,72.07059179687501,27,27.479999542236328,🚬菸屁股,HOLD,1
NTLA,2028-01-21,42.0,3.6,5940,8,90.72274902343749,580,15.670000076293945,🔭LEAPS,HOLD,1
BEAM,2028-01-21,40.0,11.5,2827,8,76.55052746582032,580,34.13999938964844,🔭LEAPS,HOLD,1
HIMS,2028-01-21,80.0,8.7,985,8,97.50979052734375,580,35.470001220703125,🔭LEAPS,HOLD,1
JOBY,2026-08-21,17.0,0.16,849,8,85.937640625,62,10.0,🚬菸屁股,HOLD,1
SMR,2028-01-21,50.0,2.4,1208,8,113.8676181640625,580,11.739999771118164,🔭LEAPS,HOLD,1
BSX,2026-07-17,75.0,0.1,5179,8,78.51583984375,27,45.290000915527344,🚬菸屁股,HOLD,1
BSX,2026-09-18,85.0,0.13,1178,8,55.859816406250005,90,45.290000915527344,🚬菸屁股,HOLD,1
BSX,2027-01-15,100.0,0.15,822,8,53.027813476562514,209,45.290000915527344,🚬菸屁股,HOLD,1
TSCO,2028-01-21,35.0,5.35,3711,8,51.57519128417969,580,30.239999771118164,🔭LEAPS,HOLD,1
CRM,2027-01-15,550.0,0.29,5347,8,70.0198310546875,209,151.77999877929688,🚬菸屁股,HOLD,1
HPQ,2026-07-17,28.0,0.13,3284,8,52.14891601562499,27,23.5,🚬菸屁股,HOLD,1
HPQ,2026-09-18,40.0,0.12,4034,8,59.766027343750004,90,23.5,🚬菸屁股,HOLD,1
META,2026-08-21,1000.0,0.67,1498,8,57.69085278320312,62,577.219970703125,🚬菸屁股,HOLD,1
IBIT,2028-01-21,85.0,1.6,14020,7,53.00339965820313,580,35.619998931884766,🔭LEAPS,HOLD,1
VST,2026-07-17,230.0,0.66,1319,7,61.27968408203126,27,163.75,🚬菸屁股,HOLD,1
UPST,2027-01-15,135.0,0.4,5037,7,92.9688203125,209,32.43000030517578,🚬菸屁股,HOLD,1
SOFI,2026-07-17,27.0,0.04,3180,7,73.437765625,27,17.90999984741211,🚬菸屁股,HOLD,1
SOFI,2026-11-20,30.0,0.68,1832,7,70.117486328125,153,17.90999984741211,🚬菸屁股,HOLD,1
DKNG,2028-01-21,60.0,1.61,4674,7,63.35485864257813,580,26.389999389648438,🔭LEAPS,HOLD,1
U,2026-08-21,38.0,0.78,3840,7,75.68383691406251,62,27.479999542236328,🚬菸屁股,HOLD,1
TDOC,2028-01-21,7.0,3.13,2207,7,71.7776259765625,580,8.069999694824219,🔭LEAPS,HOLD,1
OPEN,2028-01-21,17.0,3.4,861,7,25.00075,580,4.46999979019165,🔭LEAPS,HOLD,1
JOBY,2027-01-15,40.0,0.13,4347,7,96.0937890625,209,10.0,🚬菸屁股,HOLD,1
SMR,2028-01-21,35.0,2.35,818,7,112.72016296386718,580,11.739999771118164,🔭LEAPS,HOLD,1
TSCO,2026-07-17,50.0,0.06,849,7,82.81267187499999,27,30.239999771118164,🚬菸屁股,HOLD,1
CRM,2026-07-17,260.0,0.03,1052,7,72.07059179687501,27,151.77999877929688,🚬菸屁股,HOLD,1
CRM,2026-08-21,300.0,0.13,1449,7,64.648791015625,62,151.77999877929688,🚬菸屁股,HOLD,1
CRM,2027-01-15,500.0,0.25,2128,7,65.9183095703125,209,151.77999877929688,🚬菸屁股,HOLD,1
CPRT,2026-08-21,35.0,0.25,1037,7,33.54558642578125,62,30.229999542236328,🚬菸屁股,HOLD,1
NOW,2026-07-17,170.0,0.1,1753,7,98.1445498046875,27,95.04000091552734,🚬菸屁股,HOLD,1
DXCM,2026-07-17,85.0,0.35,1613,7,49.756361816406255,27,72.47000122070312,🚬菸屁股,HOLD,1
AMZN,2026-08-21,330.0,0.85,2201,7,41.687594848632806,62,244.38999938964844,🚬菸屁股,HOLD,1
DIS,2027-01-15,170.0,0.3,926,7,37.573866455078125,209,103.88999938964844,🚬菸屁股,HOLD,1
WDAY,2026-07-17,170.0,0.24,1301,7,65.23472265625001,27,116.93000030517578,🚬菸屁股,HOLD,1
META,2026-07-17,1020.0,0.18,1048,7,73.633076171875,27,577.219970703125,🚬菸屁股,HOLD,1
CLSK,2028-01-21,22.0,6.71,1305,7,92.99323413085938,580,17.239999771118164,🔭LEAPS,HOLD,1
UPST,2028-01-21,105.0,4.0,962,6,81.49432568359374,580,32.43000030517578,🔭LEAPS,HOLD,1
DKNG,2026-08-21,40.0,0.13,916,6,58.39885351562499,62,26.389999389648438,🚬菸屁股,HOLD,1
DKNG,2026-09-18,37.5,0.39,2608,6,53.662572753906254,90,26.389999389648438,🚬菸屁股,HOLD,1
U,2026-08-21,39.0,0.62,2733,6,70.312796875,62,27.479999542236328,🚬菸屁股,HOLD,1
PATH,2028-01-21,17.0,2.3,3179,6,77.00218310546876,580,10.270000457763672,🔭LEAPS,HOLD,1
TDOC,2027-01-15,22.5,0.18,4429,6,87.10950390625,209,8.069999694824219,🚬菸屁股,HOLD,1
NTLA,2027-01-15,42.0,0.6,914,6,92.2852333984375,209,15.670000076293945,🚬菸屁股,HOLD,1
LUNR,2026-07-17,39.0,0.12,1796,6,114.64886425781249,27,22.850000381469727,🚬菸屁股,HOLD,1
LUNR,2028-01-21,32.0,9.67,1196,6,113.3305114746094,580,22.850000381469727,🔭LEAPS,HOLD,1
ACHR,2026-07-17,11.0,0.01,1640,6,114.0629296875,27,5.570000171661377,🚬菸屁股,HOLD,1
SMR,2026-08-21,30.0,0.14,2271,6,127.53942480468747,62,11.739999771118164,🚬菸屁股,HOLD,1
BSX,2026-07-17,65.0,0.06,3286,6,59.375406250000005,27,45.290000915527344,🚬菸屁股,HOLD,1
BSX,2026-07-17,70.0,0.03,4239,6,69.5315546875,27,45.290000915527344,🚬菸屁股,HOLD,1
BSX,2026-09-18,105.0,0.1,1137,6,71.0940390625,90,45.290000915527344,🚬菸屁股,HOLD,1
CRM,2026-09-18,270.0,0.45,1489,6,56.78754150390625,90,151.77999877929688,🚬菸屁股,HOLD,1
ADBE,2026-08-21,350.0,0.21,1932,6,60.596097167968765,62,195.16000366210938,🚬菸屁股,HOLD,1
ADBE,2026-09-18,400.0,0.31,1624,6,64.01403173828125,90,195.16000366210938,🚬菸屁股,HOLD,1
CTSH,2026-09-18,65.0,0.35,807,6,52.393054199218746,90,43.70000076293945,🚬菸屁股,HOLD,1
NEE,2027-01-15,120.0,0.55,3585,6,35.30338134765625,209,86.75,🚬菸屁股,HOLD,1
META,2026-07-17,950.0,0.17,1098,6,66.40658593750001,27,577.219970703125,🚬菸屁股,HOLD,1
META,2026-07-17,1420.0,0.06,1293,6,100.39112304687498,27,577.219970703125,🚬菸屁股,HOLD,1
CLSK,2026-07-17,30.0,0.04,1483,6,113.28168359375002,27,17.239999771118164,🚬菸屁股,HOLD,1
CHWY,2026-07-17,32.5,0.03,2200,6,96.87503124999999,27,18.209999084472656,🚬菸屁股,HOLD,1
CHWY,2026-09-18,37.5,0.09,1593,6,70.70341796875,90,18.209999084472656,🚬菸屁股,HOLD,1
CHWY,2026-11-20,32.5,0.28,1400,6,62.69568554687501,153,18.209999084472656,🚬菸屁股,HOLD,1
NVDA,2026-07-17,460.0,0.01,13205,5,81.2501875,27,210.69000244140625,🚬菸屁股,HOLD,1
IBIT,2026-07-17,53.0,0.03,5155,5,62.109753906250006,27,35.619998931884766,🚬菸屁股,HOLD,1
IBIT,2028-01-21,140.0,0.56,26771,5,57.568783691406246,580,35.619998931884766,🔭LEAPS,HOLD,1
SMCI,2028-01-21,80.0,4.85,1147,5,92.773509765625,580,30.65999984741211,🔭LEAPS,HOLD,1
DKNG,2027-01-15,50.0,0.4,14543,5,59.375406250000005,209,26.389999389648438,🚬菸屁股,HOLD,1
DKNG,2028-01-21,42.5,3.3,1675,5,55.469195312500005,580,26.389999389648438,🔭LEAPS,HOLD,1
U,2028-01-21,25.0,10.5,929,5,78.711150390625,580,27.479999542236328,🔭LEAPS,HOLD,1
U,2028-01-21,40.0,6.59,1276,5,74.09693872070311,580,27.479999542236328,🔭LEAPS,HOLD,1
PATH,2027-01-15,37.0,0.09,2196,5,92.38288867187501,209,10.270000457763672,🚬菸屁股,HOLD,1
OPEN,2027-01-15,12.0,0.35,4561,5,113.67230664062502,209,4.46999979019165,🚬菸屁股,HOLD,1
OPEN,2028-01-21,3.0,2.7,2647,5,114.64886425781249,580,4.46999979019165,🔭LEAPS,HOLD,1
OPEN,2028-01-21,12.0,1.09,3591,5,105.078599609375,580,4.46999979019165,🔭LEAPS,HOLD,1
NTLA,2028-01-21,12.5,8.21,933,5,95.11723632812499,580,15.670000076293945,🔭LEAPS,HOLD,1
PACB,2027-01-15,5.0,0.1,3134,5,133.98470507812496,209,1.399999976158142,🚬菸屁股,HOLD,1
ONDS,2027-01-15,27.0,0.44,7438,5,103.90673046875003,209,9.270000457763672,🚬菸屁股,HOLD,1
JOBY,2028-01-21,17.0,2.71,2622,5,89.42881665039062,580,10.0,🔭LEAPS,HOLD,1
ACHR,2027-01-15,22.0,0.13,6650,5,104.29735351562503,209,5.570000171661377,🚬菸屁股,HOLD,1
SMR,2028-01-21,80.0,1.45,779,5,113.91644604492188,580,11.739999771118164,🔭LEAPS,HOLD,1
BSX,2026-07-17,80.0,0.05,2424,5,95.507857421875,27,45.290000915527344,🚬菸屁股,HOLD,1
BSX,2028-01-21,115.0,1.0,997,5,48.57229162597656,580,45.290000915527344,🔭LEAPS,HOLD,1
TSCO,2026-09-18,75.0,0.06,1607,5,91.992267578125,90,30.239999771118164,🚬菸屁股,HOLD,1
CRM,2027-01-15,370.0,0.8,1892,5,57.73968041992188,209,151.77999877929688,🚬菸屁股,HOLD,1
CPRT,2026-09-18,40.0,0.15,792,5,37.5982802734375,90,30.229999542236328,🚬菸屁股,HOLD,1
CPRT,2026-09-18,47.5,0.05,860,5,47.461462890625,90,30.229999542236328,🚬菸屁股,HOLD,1
CPRT,2027-01-15,40.0,0.65,1869,5,38.2818671875,209,30.229999542236328,🚬菸屁股,HOLD,1
ADBE,2026-08-21,385.0,0.17,1298,5,84.71694970703125,62,195.16000366210938,🚬菸屁股,HOLD,1
ADBE,2026-08-21,390.0,0.28,1161,5,77.3439765625,62,195.16000366210938,🚬菸屁股,HOLD,1
ADBE,2026-08-21,410.0,0.15,1204,5,85.57143334960938,62,195.16000366210938,🚬菸屁股,HOLD,1
ADBE,2026-09-18,510.0,0.01,1351,5,87.93957373046875,90,195.16000366210938,🚬菸屁股,HOLD,1
MDT,2026-09-18,100.0,0.26,1357,5,36.47524462890625,90,79.33999633789062,🚬菸屁股,HOLD,1
HPQ,2026-09-18,28.0,0.9,2023,5,52.246571289062494,90,23.5,🚬菸屁股,HOLD,1
HPQ,2027-01-15,40.0,0.66,1697,5,54.98091894531252,209,23.5,🚬菸屁股,HOLD,1
AMZN,2026-08-21,360.0,0.29,1122,5,43.99470068359375,62,244.38999938964844,🚬菸屁股,HOLD,1
META,2026-07-17,760.0,0.62,2973,5,47.949739257812496,27,577.219970703125,🚬菸屁股,HOLD,1
META,2026-07-17,940.0,0.17,955,5,66.11362011718751,27,577.219970703125,🚬菸屁股,HOLD,1
META,2026-07-17,1190.0,0.08,814,5,89.84385156249999,27,577.219970703125,🚬菸屁股,HOLD,1
META,2026-07-17,1290.0,0.08,1059,5,93.7500625,27,577.219970703125,🚬菸屁股,HOLD,1
TSLA,2026-09-18,940.0,0.54,10324,4,70.58134887695313,90,400.489990234375,🚬菸屁股,HOLD,1
IBIT,2026-08-21,47.0,0.19,6161,4,43.6529072265625,62,35.619998931884766,🚬菸屁股,HOLD,1
IBIT,2026-08-21,52.0,0.09,8517,4,48.04739453125,62,35.619998931884766,🚬菸屁股,HOLD,1
SMCI,2028-01-21,60.0,7.55,4095,4,90.73495593261718,580,30.65999984741211,🔭LEAPS,HOLD,1
OKLO,2026-07-17,150.0,0.1,1476,4,136.328443359375,27,61.16999816894531,🚬菸屁股,HOLD,1
SOFI,2026-07-17,33.0,0.19,1271,4,92.187578125,27,17.90999984741211,🚬菸屁股,HOLD,1
HOOD,2028-01-21,280.0,11.7,1571,4,74.02369726562499,580,108.1500015258789,🔭LEAPS,HOLD,1
TDOC,2027-01-15,25.0,0.19,2829,4,89.84385156249999,209,8.069999694824219,🚬菸屁股,HOLD,1
PACB,2028-01-21,5.0,0.4,1382,4,130.07847460937495,580,1.399999976158142,🔭LEAPS,HOLD,1
JOBY,2026-07-17,20.0,0.01,1775,4,110.9379453125,27,10.0,🚬菸屁股,HOLD,1
JOBY,2028-01-21,12.0,3.7,5251,4,88.67198828125,580,10.0,🔭LEAPS,HOLD,1
ACHR,2028-01-21,4.0,2.9,3386,4,146.6799541015625,580,5.570000171661377,🔭LEAPS,HOLD,1
ACHR,2028-01-21,22.0,0.75,1137,4,107.17819848632817,580,5.570000171661377,🔭LEAPS,HOLD,1
SMR,2027-01-15,47.0,0.45,922,4,122.36366943359376,209,11.739999771118164,🚬菸屁股,HOLD,1
BSX,2027-01-15,115.0,0.06,2487,4,52.93015820312501,209,45.290000915527344,🚬菸屁股,HOLD,1
BSX,2028-01-21,80.0,3.2,2834,4,48.438015625000006,580,45.290000915527344,🔭LEAPS,HOLD,1
BSX,2028-01-21,100.0,1.63,1948,4,47.82767016601562,580,45.290000915527344,🔭LEAPS,HOLD,1
ADBE,2026-08-21,375.0,0.17,994,4,68.7503125,62,195.16000366210938,🚬菸屁股,HOLD,1
ADBE,2026-08-21,430.0,0.24,954,4,88.13488427734374,62,195.16000366210938,🚬菸屁股,HOLD,1
ADBE,2027-01-15,820.0,0.18,1741,4,69.82452050781251,209,195.16000366210938,🚬菸屁股,HOLD,1
MDT,2026-07-17,90.0,0.12,2150,4,29.883513671874994,27,79.33999633789062,🚬菸屁股,HOLD,1
ZTS,2026-07-17,95.0,0.15,907,4,40.332627929687504,27,78.70999908447266,🚬菸屁股,HOLD,1
HPQ,2028-01-21,15.0,9.45,1587,4,51.88036401367187,580,23.5,🔭LEAPS,HOLD,1
DIS,2028-01-21,135.0,7.25,1264,4,33.30449996948243,580,103.88999938964844,🔭LEAPS,HOLD,1
META,2028-01-21,1500.0,11.08,10891,4,46.86332434082031,580,577.219970703125,🔭LEAPS,HOLD,1
NVDA,2026-09-18,410.0,0.22,5527,3,54.93209130859377,90,210.69000244140625,🚬菸屁股,HOLD,1
NVDA,2028-01-21,320.0,22.45,6652,3,49.09718872070313,580,210.69000244140625,🔭LEAPS,HOLD,1
SMCI,2026-09-18,90.0,0.23,2892,3,109.47310888671878,90,30.65999984741211,🚬菸屁股,HOLD,1
SMCI,2028-01-21,55.0,8.28,783,3,90.85702502441406,580,30.65999984741211,🔭LEAPS,HOLD,1
OKLO,2026-07-17,115.0,0.29,762,3,116.89494677734376,27,61.16999816894531,🚬菸屁股,HOLD,1
SOFI,2026-07-17,35.0,0.01,2148,3,107.03171484375002,27,17.90999984741211,🚬菸屁股,HOLD,1
SOFI,2026-08-21,37.0,0.06,922,3,78.51583984375,62,17.90999984741211,🚬菸屁股,HOLD,1
DKNG,2027-01-15,70.0,0.18,3799,3,60.937890625000016,209,26.389999389648438,🚬菸屁股,HOLD,1
IREN,2026-08-21,130.0,0.88,766,3,118.26212744140622,62,59.959999084472656,🚬菸屁股,HOLD,1
PACB,2028-01-21,3.0,0.47,1126,3,101.3676806640625,580,1.399999976158142,🔭LEAPS,HOLD,1
HIMS,2028-01-21,75.0,8.1,1540,3,95.81303015136717,580,35.470001220703125,🔭LEAPS,HOLD,1
ACHR,2028-01-21,25.0,0.66,1308,3,96.48441015625,580,5.570000171661377,🔭LEAPS,HOLD,1
SMR,2027-01-15,35.0,0.8,3274,3,113.96527392578126,209,11.739999771118164,🚬菸屁股,HOLD,1
VRT,2026-07-17,470.0,0.52,1394,3,65.43003320312502,27,333.04998779296875,🚬菸屁股,HOLD,1
BSX,2026-07-17,90.0,0.01,3568,3,93.7500625,27,45.290000915527344,🚬菸屁股,HOLD,1
BSX,2026-09-18,75.0,0.15,3794,3,50.29346582031251,90,45.290000915527344,🚬菸屁股,HOLD,1
CRM,2026-09-18,300.0,0.26,1768,3,61.81678808593751,90,151.77999877929688,🚬菸屁股,HOLD,1
FIS,2026-07-17,45.0,0.1,1298,3,49.805189453125,27,38.209999084472656,🚬菸屁股,HOLD,1
CPRT,2027-01-15,60.0,0.19,1001,3,54.34615966796876,209,30.229999542236328,🚬菸屁股,HOLD,1
ADBE,2026-08-21,330.0,0.2,1075,3,55.762161132812516,62,195.16000366210938,🚬菸屁股,HOLD,1
ADBE,2026-08-21,395.0,0.3,1486,3,78.711150390625,62,195.16000366210938,🚬菸屁股,HOLD,1
ADBE,2026-08-21,400.0,0.11,922,3,73.19362744140624,62,195.16000366210938,🚬菸屁股,HOLD,1
ADBE,2026-09-18,450.0,0.22,1233,3,67.773759765625,90,195.16000366210938,🚬菸屁股,HOLD,1
ZTS,2027-01-15,175.0,0.2,3780,3,58.66740551757812,209,78.70999908447266,🚬菸屁股,HOLD,1
D,2028-01-21,65.0,10.07,1537,3,32.080757324218744,580,68.41000366210938,🔭LEAPS,HOLD,1
NOW,2026-08-21,210.0,0.1,1716,3,92.38288867187501,62,95.04000091552734,🚬菸屁股,HOLD,1
NOW,2027-01-15,248.0,0.8,4501,3,71.04521142578125,209,95.04000091552734,🚬菸屁股,HOLD,1
NOW,2028-01-21,230.0,10.45,884,3,65.11265356445313,580,95.04000091552734,🔭LEAPS,HOLD,1
NEE,2028-01-21,100.0,7.18,1819,3,31.000445861816406,580,86.75,🔭LEAPS,HOLD,1
HPQ,2026-08-21,35.0,0.1,1087,3,53.906710937500016,62,23.5,🚬菸屁股,HOLD,1
AMZN,2026-09-18,360.0,0.67,4784,3,40.942973388671874,90,244.38999938964844,🚬菸屁股,HOLD,1
DIS,2027-01-15,160.0,0.52,2369,3,37.207659179687504,209,103.88999938964844,🚬菸屁股,HOLD,1
DIS,2028-01-21,140.0,5.94,861,3,34.595380615234376,580,103.88999938964844,🔭LEAPS,HOLD,1
FLNC,2028-01-21,30.0,10.9,4380,3,119.9466893310547,580,24.799999237060547,🔭LEAPS,HOLD,1
CHWY,2026-09-18,50.0,0.04,3021,3,112.69574902343751,90,18.209999084472656,🚬菸屁股,HOLD,1
NVDA,2026-07-17,400.0,0.02,6174,2,72.6565234375,27,210.69000244140625,🚬菸屁股,HOLD,1
NVDA,2028-01-21,390.0,13.45,8059,2,49.26808544921876,580,210.69000244140625,🔭LEAPS,HOLD,1
AAPL,2026-09-18,530.0,0.01,8163,2,40.1373173828125,90,298.010009765625,🚬菸屁股,HOLD,1
IBIT,2026-09-18,51.0,0.18,8312,2,44.6294599609375,90,35.619998931884766,🚬菸屁股,HOLD,1
IBIT,2027-01-15,85.0,0.15,17850,2,55.273884765625006,209,35.619998931884766,🚬菸屁股,HOLD,1
IBIT,2028-01-21,55.0,4.45,5572,2,53.320779296874996,580,35.619998931884766,🔭LEAPS,HOLD,1
OKLO,2026-07-17,135.0,0.13,1171,2,139.64873925781248,27,61.16999816894531,🚬菸屁股,HOLD,1
IONQ,2026-07-17,120.0,0.06,1043,2,126.75817871093749,27,56.54999923706055,🚬菸屁股,HOLD,1
SOFI,2026-07-17,31.0,0.03,866,2,91.4063359375,27,17.90999984741211,🚬菸屁股,HOLD,1
SOFI,2028-01-21,37.0,2.63,8117,2,72.26590234375,580,17.90999984741211,🔭LEAPS,HOLD,1
SOFI,2028-01-21,45.0,1.97,3815,2,72.07059179687501,580,17.90999984741211,🔭LEAPS,HOLD,1
SOFI,2028-06-16,42.0,2.96,3303,2,73.02273071289062,727,17.90999984741211,🔭LEAPS,HOLD,1
DKNG,2027-01-15,57.5,0.3,929,2,62.01209863281252,209,26.389999389648438,🚬菸屁股,HOLD,1
DKNG,2028-01-21,30.0,6.75,3252,2,64.77086010742188,580,26.389999389648438,🔭LEAPS,HOLD,1
IREN,2026-07-17,115.0,0.32,756,2,114.94183154296876,27,59.959999084472656,🚬菸屁股,HOLD,1
U,2027-01-15,70.0,0.5,2760,2,75.63500927734376,209,27.479999542236328,🚬菸屁股,HOLD,1
U,2028-01-21,23.0,11.9,3698,2,78.32052929687501,580,27.479999542236328,🔭LEAPS,HOLD,1
U,2028-01-21,60.0,4.2,972,2,72.14383325195313,580,27.479999542236328,🔭LEAPS,HOLD,1
U,2028-01-21,65.0,3.25,1984,2,74.46314599609374,580,27.479999542236328,🔭LEAPS,HOLD,1
U,2028-01-21,70.0,3.25,1507,2,72.92507543945312,580,27.479999542236328,🔭LEAPS,HOLD,1
U,2028-01-21,75.0,2.84,5110,2,78.62570202636718,580,27.479999542236328,🔭LEAPS,HOLD,1
PATH,2026-07-17,16.0,0.02,902,2,78.9064609375,27,10.270000457763672,🚬菸屁股,HOLD,1
PATH,2027-01-15,27.0,0.41,5084,2,83.20329296874999,209,10.270000457763672,🚬菸屁股,HOLD,1
PATH,2028-01-21,3.0,8.21,1096,2,129.49254003906248,580,10.270000457763672,🔭LEAPS,HOLD,1
OPEN,2026-09-18,9.0,0.18,1674,2,119.922275390625,90,4.46999979019165,🚬菸屁股,HOLD,1
PACB,2027-01-15,4.0,0.1,1905,2,140.625296875,209,1.399999976158142,🚬菸屁股,HOLD,1
JOBY,2026-07-17,17.0,0.02,1319,2,104.68797656250001,27,10.0,🚬菸屁股,HOLD,1
JOBY,2026-08-21,16.0,0.15,1126,2,85.1563984375,62,10.0,🚬菸屁股,HOLD,1
JOBY,2026-11-20,15.0,0.74,1569,2,83.15446533203124,153,10.0,🚬菸屁股,HOLD,1
JOBY,2026-11-20,17.0,0.53,930,2,87.5977802734375,153,10.0,🚬菸屁股,HOLD,1
JOBY,2027-01-15,22.0,0.6,6231,2,89.59971337890623,209,10.0,🚬菸屁股,HOLD,1
JOBY,2027-01-15,35.0,0.19,2489,2,96.0937890625,209,10.0,🚬菸屁股,HOLD,1
JOBY,2028-01-21,32.0,1.45,8574,2,92.4805439453125,580,10.0,🔭LEAPS,HOLD,1
ACHR,2026-07-17,12.0,0.01,2416,2,118.75040625,27,5.570000171661377,🚬菸屁股,HOLD,1
SMR,2027-01-15,45.0,0.54,1308,2,123.53553857421873,209,11.739999771118164,🚬菸屁股,HOLD,1
SMR,2027-01-15,65.0,0.3,856,2,120.11758691406249,209,11.739999771118164,🚬菸屁股,HOLD,1
NNE,2027-01-15,90.0,0.9,2713,2,98.19337744140626,209,28.209999084472656,🚬菸屁股,HOLD,1
BSX,2026-08-21,75.0,0.08,2573,2,62.109753906250006,62,45.290000915527344,🚬菸屁股,HOLD,1
IBM,2026-07-17,375.0,0.25,753,2,63.9652041015625,27,249.10000610351562,🚬菸屁股,HOLD,1
TSCO,2026-09-18,45.0,0.22,1129,2,51.27001855468749,90,30.239999771118164,🚬菸屁股,HOLD,1
TSCO,2027-01-15,66.0,0.2,2662,2,54.00436621093752,209,30.239999771118164,🚬菸屁股,HOLD,1
CPRT,2028-01-21,42.5,2.5,1118,2,38.892212646484374,580,30.229999542236328,🔭LEAPS,HOLD,1
ADBE,2026-08-21,500.0,0.38,913,2,78.12521875,62,195.16000366210938,🚬菸屁股,HOLD,1
ADBE,2027-01-15,490.0,0.89,1014,2,57.898370239257815,209,195.16000366210938,🚬菸屁股,HOLD,1
NOW,2026-09-18,300.0,0.17,922,2,95.89847851562499,90,95.04000091552734,🚬菸屁股,HOLD,1
NEE,2027-01-15,115.0,0.64,1479,2,26.17261328125,209,86.75,🚬菸屁股,HOLD,1
HPQ,2026-08-21,27.0,0.77,1843,2,50.586431640624994,62,23.5,🚬菸屁股,HOLD,1
HPQ,2026-09-18,32.0,0.41,4842,2,52.93015820312501,90,23.5,🚬菸屁股,HOLD,1
HPQ,2026-11-20,32.0,0.89,2516,2,51.6606396484375,153,23.5,🚬菸屁股,HOLD,1
HPQ,2027-01-15,50.0,0.21,1412,2,56.543403320312514,209,23.5,🚬菸屁股,HOLD,1
AMZN,2026-07-17,360.0,0.06,1612,2,52.4418818359375,27,244.38999938964844,🚬菸屁股,HOLD,1
AMZN,2026-07-17,370.0,0.02,2679,2,57.0316796875,27,244.38999938964844,🚬菸屁股,HOLD,1
AMZN,2026-08-21,380.0,0.17,9765,2,45.45952978515625,62,244.38999938964844,🚬菸屁股,HOLD,1
DIS,2026-09-18,135.0,0.36,1290,2,31.66572241210937,90,103.88999938964844,🚬菸屁股,HOLD,1
DIS,2026-09-18,140.0,0.24,973,2,44.77594287109375,90,103.88999938964844,🚬菸屁股,HOLD,1
DIS,2026-09-18,155.0,0.01,3457,2,52.31981274414061,90,103.88999938964844,🚬菸屁股,HOLD,1
DIS,2027-01-15,175.0,0.25,1415,2,38.79455737304687,209,103.88999938964844,🚬菸屁股,HOLD,1
DIS,2028-01-21,130.0,7.24,1976,2,32.84674087524414,580,103.88999938964844,🔭LEAPS,HOLD,1
META,2026-07-17,1320.0,0.19,1737,2,105.078599609375,27,577.219970703125,🚬菸屁股,HOLD,1
ZS,2026-07-17,220.0,0.19,900,2,80.4689453125,27,124.8499984741211,🚬菸屁股,HOLD,1
CHWY,2026-07-17,27.5,0.03,3433,2,86.32826171875,27,18.209999084472656,🚬菸屁股,HOLD,1
CHWY,2026-08-21,27.5,0.12,801,2,60.15664843750002,62,18.209999084472656,🚬菸屁股,HOLD,1
CHWY,2026-09-18,27.5,0.26,4279,2,64.45348046875,90,18.209999084472656,🚬菸屁股,HOLD,1
CHWY,2028-01-21,27.5,3.05,1398,2,60.38857971191409,580,18.209999084472656,🔭LEAPS,HOLD,1
NVDA,2028-01-21,350.0,17.8,27580,1,49.00258517456055,580,210.69000244140625,🔭LEAPS,HOLD,1
NVDA,2028-01-21,410.0,12.1,19582,1,49.0788783569336,580,210.69000244140625,🔭LEAPS,HOLD,1
IBIT,2026-08-21,100.0,0.02,6630,1,93.7500625,62,35.619998931884766,🚬菸屁股,HOLD,1
IBIT,2026-09-18,95.0,0.06,7587,1,79.101771484375,90,35.619998931884766,🚬菸屁股,HOLD,1
IBIT,2026-09-18,100.0,0.05,15159,1,82.42205078125,90,35.619998931884766,🚬菸屁股,HOLD,1
IBIT,2026-10-16,70.0,0.1,7425,1,55.078574218750006,118,35.619998931884766,🚬菸屁股,HOLD,1
IBIT,2027-01-15,68.0,0.36,8208,1,50.39112109375,209,35.619998931884766,🚬菸屁股,HOLD,1
IBIT,2027-01-15,95.0,0.15,17921,1,58.984785156250005,209,35.619998931884766,🚬菸屁股,HOLD,1
IBIT,2027-01-15,135.0,0.1,11956,1,70.898728515625,209,35.619998931884766,🚬菸屁股,HOLD,1
IBIT,2028-01-21,62.0,3.33,5488,1,52.80808911132813,580,35.619998931884766,🔭LEAPS,HOLD,1
COIN,2026-09-18,880.0,0.09,5371,1,113.28168359375002,90,163.25999450683594,🚬菸屁股,HOLD,1
SMCI,2026-09-18,80.0,0.28,2044,1,105.76218994140625,90,30.65999984741211,🚬菸屁股,HOLD,1
SMCI,2028-01-21,90.0,4.5,3246,1,92.9688203125,580,30.65999984741211,🔭LEAPS,HOLD,1
OKLO,2026-07-17,125.0,0.22,1264,1,123.82850585937497,27,61.16999816894531,🚬菸屁股,HOLD,1
OKLO,2026-09-18,260.0,0.32,1540,1,128.41832666015623,90,61.16999816894531,🚬菸屁股,HOLD,1
IONQ,2026-07-17,135.0,0.2,838,1,139.06280468749998,27,56.54999923706055,🚬菸屁股,HOLD,1
UPST,2027-01-15,125.0,0.4,1772,1,90.1368173828125,209,32.43000030517578,🚬菸屁股,HOLD,1
UPST,2028-01-21,40.0,11.4,2541,1,86.69446899414062,580,32.43000030517578,🔭LEAPS,HOLD,1
UPST,2028-01-21,42.5,10.99,2058,1,85.59584716796876,580,32.43000030517578,🔭LEAPS,HOLD,1
UPST,2028-01-21,47.5,11.9,752,1,85.11977770996093,580,32.43000030517578,🔭LEAPS,HOLD,1
UPST,2028-01-21,100.0,4.04,1295,1,85.1686053466797,580,32.43000030517578,🔭LEAPS,HOLD,1
SOFI,2026-11-20,27.0,0.93,1274,1,68.4573466796875,153,17.90999984741211,🚬菸屁股,HOLD,1
DKNG,2026-09-18,45.0,0.12,6248,1,64.25816992187501,90,26.389999389648438,🚬菸屁股,HOLD,1
DKNG,2026-09-18,47.5,0.13,876,1,63.67223828125,90,26.389999389648438,🚬菸屁股,HOLD,1
DKNG,2028-01-21,35.0,5.28,869,1,66.06479248046875,580,26.389999389648438,🔭LEAPS,HOLD,1
U,2026-08-21,55.0,0.13,5592,1,79.29708203125,62,27.479999542236328,🚬菸屁股,HOLD,1
U,2027-01-15,65.0,0.55,2927,1,76.46507910156251,209,27.479999542236328,🚬菸屁股,HOLD,1
U,2027-01-15,75.0,0.3,2466,1,75.68383691406251,209,27.479999542236328,🚬菸屁股,HOLD,1
U,2028-01-21,50.0,5.65,1469,1,72.70535107421875,580,27.479999542236328,🔭LEAPS,HOLD,1
PATH,2027-01-15,32.0,0.17,1307,1,88.476677734375,209,10.270000457763672,🚬菸屁股,HOLD,1
TDOC,2027-01-15,12.5,0.6,1331,1,71.87528125,209,8.069999694824219,🚬菸屁股,HOLD,1
TDOC,2027-01-15,20.0,0.19,20221,1,88.67198828125,209,8.069999694824219,🚬菸屁股,HOLD,1
ZM,2026-09-18,150.0,0.4,1647,1,66.60189648437502,90,86.36000061035156,🚬菸屁股,HOLD,1
XYZ,2027-01-15,140.0,0.85,1342,1,53.027813476562514,209,74.77999877929688,🚬菸屁股,HOLD,1
OPEN,2028-01-21,2.0,3.05,2328,1,129.49254003906248,580,4.46999979019165,🔭LEAPS,HOLD,1
BEAM,2028-01-21,50.0,8.0,1960,1,76.3796307373047,580,34.13999938964844,🔭LEAPS,HOLD,1
PACB,2026-07-17,2.0,0.05,1382,1,126.56286718749999,27,1.399999976158142,🚬菸屁股,HOLD,1
PACB,2027-01-15,2.0,0.24,6235,1,80.85956640625,209,1.399999976158142,🚬菸屁股,HOLD,1
ONDS,2026-07-17,19.0,0.06,807,1,115.625421875,27,9.270000457763672,🚬菸屁股,HOLD,1
JOBY,2026-07-17,18.0,0.03,2438,1,104.68797656250001,27,10.0,🚬菸屁股,HOLD,1
JOBY,2027-01-15,27.0,0.33,1493,1,91.01571484374999,209,10.0,🚬菸屁股,HOLD,1
SMR,2026-07-17,23.0,0.01,927,1,127.73473632812498,27,11.739999771118164,🚬菸屁股,HOLD,1
SMR,2027-01-15,37.0,0.69,790,1,115.13714306640624,209,11.739999771118164,🚬菸屁股,HOLD,1
BSX,2026-08-21,85.0,0.05,1745,1,63.67223828125,62,45.290000915527344,🚬菸屁股,HOLD,1
BSX,2026-09-18,90.0,0.05,1095,1,60.15664843750002,90,45.290000915527344,🚬菸屁股,HOLD,1
BSX,2027-01-15,105.0,0.28,3426,1,50.19581054687501,209,45.290000915527344,🚬菸屁股,HOLD,1
TSCO,2026-07-17,45.0,0.06,6502,1,68.35969140625001,27,30.239999771118164,🚬菸屁股,HOLD,1
TSCO,2026-07-17,55.0,0.25,999,1,109.57076464843752,27,30.239999771118164,🚬菸屁股,HOLD,1
TSCO,2026-09-18,55.0,0.05,891,1,56.836369140624996,90,30.239999771118164,🚬菸屁股,HOLD,1
TSCO,2026-10-16,40.0,0.7,1596,1,49.70753417968751,118,30.239999771118164,🚬菸屁股,HOLD,1
TSCO,2027-01-15,45.0,0.9,1380,1,49.85401708984375,209,30.239999771118164,🚬菸屁股,HOLD,1
TSCO,2027-01-15,46.0,0.78,1680,1,50.73291455078125,209,30.239999771118164,🚬菸屁股,HOLD,1
CRM,2026-08-21,270.0,0.2,1167,1,57.7152666015625,62,151.77999877929688,🚬菸屁股,HOLD,1
CRM,2027-01-15,430.0,0.71,1006,1,61.67030517578126,209,151.77999877929688,🚬菸屁股,HOLD,1
FIS,2026-07-17,50.0,0.06,957,1,59.96133789062501,27,38.209999084472656,🚬菸屁股,HOLD,1
ADBE,2026-07-17,320.0,0.16,971,1,68.94562304687501,27,195.16000366210938,🚬菸屁股,HOLD,1
ADBE,2026-07-17,340.0,0.03,1300,1,69.5315546875,27,195.16000366210938,🚬菸屁股,HOLD,1
ADBE,2026-08-21,335.0,0.29,826,1,58.25237060546875,62,195.16000366210938,🚬菸屁股,HOLD,1
ADBE,2026-08-21,405.0,0.46,860,1,80.73749731445312,62,195.16000366210938,🚬菸屁股,HOLD,1
ADBE,2026-08-21,420.0,0.35,870,1,83.64274169921873,62,195.16000366210938,🚬菸屁股,HOLD,1
ADBE,2026-09-18,480.0,0.18,976,1,66.60189648437502,90,195.16000366210938,🚬菸屁股,HOLD,1
ADBE,2026-09-18,490.0,0.3,756,1,76.17211328125,90,195.16000366210938,🚬菸屁股,HOLD,1
ADBE,2026-09-18,500.0,0.33,1766,1,77.39280419921876,90,195.16000366210938,🚬菸屁股,HOLD,1
ADBE,2026-09-18,520.0,0.4,957,1,89.3555751953125,90,195.16000366210938,🚬菸屁股,HOLD,1
ADBE,2027-01-15,550.0,0.55,1477,1,59.399820068359375,209,195.16000366210938,🚬菸屁股,HOLD,1
ADBE,2027-01-15,780.0,0.35,1014,1,66.40658593750001,209,195.16000366210938,🚬菸屁股,HOLD,1
MDT,2026-09-18,97.5,0.71,798,1,38.15979809570312,90,79.33999633789062,🚬菸屁股,HOLD,1
MDT,2027-01-15,105.0,0.86,1202,1,30.628135131835936,209,79.33999633789062,🚬菸屁股,HOLD,1
MDT,2027-01-15,115.0,0.3,895,1,36.86586572265625,209,79.33999633789062,🚬菸屁股,HOLD,1
ZTS,2028-01-21,220.0,1.15,1008,1,50.34229345703125,580,78.70999908447266,🔭LEAPS,HOLD,1
CTSH,2028-01-21,75.0,3.6,1428,1,51.96581237792968,580,43.70000076293945,🔭LEAPS,HOLD,1
NOW,2026-08-21,220.0,0.3,949,1,94.726615234375,62,95.04000091552734,🚬菸屁股,HOLD,1
HPQ,2027-01-15,37.0,0.77,3651,1,51.36767382812499,209,23.5,🚬菸屁股,HOLD,1
HPQ,2028-01-21,30.0,3.7,931,1,51.27001855468749,580,23.5,🔭LEAPS,HOLD,1
HPQ,2028-01-21,32.0,3.1,2109,1,51.514156738281244,580,23.5,🔭LEAPS,HOLD,1
AMZN,2026-07-17,340.0,0.06,1897,1,45.6060126953125,27,244.38999938964844,🚬菸屁股,HOLD,1
AMZN,2026-10-16,380.0,0.66,2770,1,41.28476684570312,118,244.38999938964844,🚬菸屁股,HOLD,1
DIS,2026-08-21,130.0,0.36,1481,1,35.2545537109375,62,103.88999938964844,🚬菸屁股,HOLD,1
DIS,2027-01-15,155.0,0.59,1361,1,32.17841259765625,209,103.88999938964844,🚬菸屁股,HOLD,1
WDAY,2027-01-15,300.0,0.85,788,1,64.91734301757812,209,116.93000030517578,🚬菸屁股,HOLD,1
META,2026-07-17,830.0,0.32,927,1,55.078574218750006,27,577.219970703125,🚬菸屁股,HOLD,1
META,2026-07-17,1460.0,0.04,2561,1,96.0937890625,27,577.219970703125,🚬菸屁股,HOLD,1
META,2026-08-21,1480.0,0.14,765,1,77.929908203125,62,577.219970703125,🚬菸屁股,HOLD,1
CLSK,2028-01-21,32.0,4.88,2296,1,88.42785009765625,580,17.239999771118164,🔭LEAPS,HOLD,1
SEDG,2026-07-17,90.0,0.52,1065,1,104.88328808593752,27,58.04999923706055,🚬菸屁股,HOLD,1
SEDG,2026-07-17,100.0,0.18,755,1,100.1958115234375,27,58.04999923706055,🚬菸屁股,HOLD,1
ZS,2026-08-21,220.0,0.32,1076,1,69.43389941406251,62,124.8499984741211,🚬菸屁股,HOLD,1
CHWY,2026-08-21,35.0,0.05,4370,1,73.04714453125,62,18.209999084472656,🚬菸屁股,HOLD,1
CHWY,2026-09-18,55.0,0.06,3025,1,110.74263378906251,90,18.209999084472656,🚬菸屁股,HOLD,1
