Stock,Expiry,Strike,Ask,OpenInterest,Volume,IV,DTE,Spot,Bid,AskReal,LastTradeAt,Tags,Action,Score
PCG,2027-01-15,22.0,0.67,7149,25509,70.75224560546876,127,14.82,0.6,0.8,2026-09-08 19:37:44,🚨異常掃貨 🚀點火(>50x) 🚬菸屁股,STRONG_BUY,9
PCG,2026-10-16,16.0,0.72,5994,7350,61.133201171875015,36,14.82,0.68,0.74,2026-09-08 19:48:15,🚨異常掃貨 🚀點火(23.3x) 🚬菸屁股,STRONG_BUY,9
HIMS,2026-09-18,30.0,0.68,3695,5380,72.55886816406249,8,28.17,0.65,0.68,2026-09-08 19:58:51,🚨異常掃貨 🚀點火(6.2x) 🚬菸屁股,STRONG_BUY,9
SMCI,2026-09-18,46.0,0.47,2077,2936,79.49239257812499,8,40.26,0.44,0.48,2026-09-08 19:59:46,🚨異常掃貨 🚀點火(6.2x) 🚬菸屁股,STRONG_BUY,9
ACHR,2026-09-18,6.5,0.07,1089,1996,65.62534375000001,8,5.83,0.04,0.07,2026-09-08 19:47:53,🚨異常掃貨 🚀點火(16.6x) 🚬菸屁股,STRONG_BUY,9
PCG,2026-11-20,16.0,1.35,986,40762,68.555001953125,71,14.82,1.3,1.39,2026-09-08 19:59:20,🚨異常掃貨 🆕新倉暴量,STRONG_BUY,8
INTC,2026-09-18,115.0,1.61,16816,32526,73.09597216796875,8,104.47,1.59,1.63,2026-09-08 19:59:58,🚨異常掃貨 🚀點火(27.9x),STRONG_BUY,8
INTC,2026-09-18,120.0,0.96,36171,20573,75.83031982421876,8,104.47,0.94,0.97,2026-09-08 19:59:59,🚀點火(9.9x) 🚬菸屁股 🔥萬人塚,BUY_WATCH,8
TSLA,2026-09-18,370.0,9.7,10604,19315,43.89094195556641,8,368.16,9.6,9.8,2026-09-08 19:59:50,🚨異常掃貨 🆕新倉暴量,STRONG_BUY,8
IBIT,2027-01-15,52.0,2.17,6296,9507,45.337460693359375,127,44.39,2.14,2.22,2026-09-08 19:18:12,🚨異常掃貨 🆕新倉暴量,STRONG_BUY,8
RKLB,2026-09-18,70.0,1.58,4043,5339,72.26590234375,8,65.87,1.55,1.62,2026-09-08 19:59:32,🚨異常掃貨 🚀點火(3.9x),STRONG_BUY,8
MU,2026-09-18,1150.0,5.8,2703,3648,66.65072412109377,8,1000.26,5.7,5.9,2026-09-08 19:59:54,🚨異常掃貨 🆕新倉暴量,STRONG_BUY,8
QCOM,2026-09-18,190.0,1.49,2909,3526,54.59029785156251,8,174.09,1.39,1.52,2026-09-08 19:59:35,🚨異常掃貨 🆕新倉暴量,STRONG_BUY,8
IREN,2028-01-21,110.0,9.61,52783,2595,95.82523706054687,498,46.93,9.05,9.95,2026-09-08 19:53:40,🚀點火(25.9x) 🔭LEAPS 🔥萬人塚,BUY_WATCH,8
SOFI,2027-01-15,30.0,0.35,77941,1576,63.086306640625,127,18.01,0.34,0.35,2026-09-08 19:40:28,🚀點火(3.8x) 🚬菸屁股 🔥萬人塚,BUY_WATCH,8
PCG,2026-11-20,20.0,0.5,246123,1029,71.87528125,71,14.82,0.45,0.59,2026-09-08 19:54:33,🚀點火(3.1x) 🚬菸屁股 🔥萬人塚,BUY_WATCH,8
OPEN,2028-01-21,10.0,0.52,45033,680,111.328568359375,498,3.07,0.51,0.75,2026-09-08 18:46:36,🚀點火(5.5x) 🔭LEAPS 🔥萬人塚,BUY_WATCH,8
ONDS,2027-01-15,20.0,0.13,39002,361,97.070341796875,127,7.62,0.1,0.17,2026-09-08 19:36:16,🚀點火(2.8x) 🚬菸屁股 🔥萬人塚,BUY_WATCH,8
IBIT,2026-11-20,57.0,0.59,36737,332,47.11966943359375,71,44.39,0.58,0.61,2026-09-08 16:06:02,🚀點火(2.6x) 🚬菸屁股 🔥萬人塚,BUY_WATCH,8
ONDS,2027-01-15,30.0,0.05,81291,237,112.109814453125,127,7.62,0.04,0.1,2026-09-08 19:41:09,🚀點火(8.8x) 🚬菸屁股 🔥萬人塚,BUY_WATCH,8
QCOM,2026-09-11,200.0,0.14,1062,24065,78.51583984375,1,174.09,0.12,0.14,2026-09-08 19:59:46,🎲末日結算 🚨異常掃貨 🆕新倉暴量 🚬菸屁股,GAMBLE,7
QCOM,2026-09-11,185.0,0.86,1005,14878,65.820654296875,1,174.09,0.85,0.87,2026-09-08 19:59:55,🎲末日結算 🚨異常掃貨 🆕新倉暴量 🚬菸屁股,GAMBLE,7
PLTR,2026-09-11,185.0,0.23,6768,14123,58.00823242187501,1,170.3,0.22,0.24,2026-09-08 19:59:15,🎲末日結算 🚨異常掃貨 🆕新倉暴量 🚬菸屁股,GAMBLE,7
QCOM,2026-09-11,190.0,0.45,1611,11826,69.62920996093752,1,174.09,0.41,0.46,2026-09-08 19:58:37,🎲末日結算 🚨異常掃貨 🆕新倉暴量 🚬菸屁股,GAMBLE,7
ACHR,2026-09-11,6.0,0.09,1922,10785,78.12521875,1,5.83,0.09,0.1,2026-09-08 19:59:57,🎲末日結算 🚨異常掃貨 🚀點火(14.6x) 🚬菸屁股,GAMBLE,7
CRWV,2026-09-18,135.0,0.28,2793,8060,101.172369140625,8,99.83,0.27,0.28,2026-09-08 19:49:08,🚨異常掃貨 🚀點火(>50x) 🚬菸屁股 ⚠️暴動高IV(101%),STRONG_BUY,7
IBIT,2026-09-11,44.5,0.64,5368,6970,48.1450498046875,1,44.39,0.69,0.72,2026-09-08 19:56:58,🎲末日結算 🚨異常掃貨 🆕新倉暴量 🚬菸屁股,GAMBLE,7
META,2026-09-11,660.0,0.69,756,6433,50.6840869140625,1,613.48,0.68,0.71,2026-09-08 19:59:39,🎲末日結算 🚨異常掃貨 🆕新倉暴量 🚬菸屁股,GAMBLE,7
F,2026-09-11,14.0,0.2,4150,6013,43.35994140625,1,14.0,0.18,0.22,2026-09-08 19:59:47,🎲末日結算 🚨異常掃貨 🚀點火(3.1x) 🚬菸屁股,GAMBLE,7
SMR,2026-09-18,13.0,0.21,1893,3685,101.5629921875,8,11.18,0.19,0.22,2026-09-08 19:58:20,🚨異常掃貨 🚀點火(>50x) 🚬菸屁股 ⚠️暴動高IV(102%),STRONG_BUY,7
SMR,2026-10-16,12.0,0.99,1435,3369,90.82040429687498,36,11.18,0.96,1.0,2026-09-08 19:59:22,🚨異常掃貨 🚀點火(9.8x) 🚬菸屁股 ⚠️暴動高IV(91%),STRONG_BUY,7
WMT,2026-09-11,113.0,0.01,1491,3179,32.813171874999995,1,106.05,0.01,0.02,2026-09-08 19:23:34,🎲末日結算 🚨異常掃貨 🚀點火(3.5x) 🚬菸屁股,GAMBLE,7
QCOM,2026-09-11,187.5,0.62,1029,2786,67.52962158203127,1,174.09,0.59,0.62,2026-09-08 19:59:51,🎲末日結算 🚨異常掃貨 🆕新倉暴量 🚬菸屁股,GAMBLE,7
BA,2026-09-11,222.5,0.17,866,2494,39.16076464843749,1,210.73,0.14,0.21,2026-09-08 19:59:07,🎲末日結算 🚨異常掃貨 🆕新倉暴量 🚬菸屁股,GAMBLE,7
HIMS,2026-09-11,28.0,0.9,779,2005,75.586181640625,1,28.17,0.81,0.9,2026-09-08 19:59:57,🎲末日結算 🚨異常掃貨 🆕新倉暴量 🚬菸屁股,GAMBLE,7
SMR,2026-09-18,11.5,0.59,767,1969,96.0937890625,8,11.18,0.55,0.59,2026-09-08 19:59:41,🚨異常掃貨 🆕新倉暴量 🚬菸屁股 ⚠️暴動高IV(96%),STRONG_BUY,7
RKLB,2026-09-11,69.0,0.75,838,1876,78.6134951171875,1,65.87,0.72,0.77,2026-09-08 19:59:25,🎲末日結算 🚨異常掃貨 🆕新倉暴量 🚬菸屁股,GAMBLE,7
NVDA,2026-09-11,227.5,2.19,24169,54493,36.76821044921875,1,225.73,2.16,2.21,2026-09-08 19:59:58,🎲末日結算 🚨異常掃貨 🚀點火(4.8x),GAMBLE,6
NVDA,2026-09-11,235.0,0.48,32767,54222,37.89124609375,1,225.73,0.46,0.47,2026-09-08 19:59:58,🎲末日結算 🚨異常掃貨 🚬菸屁股 🔥萬人塚,GAMBLE,6
TSLA,2026-09-11,370.0,5.56,14235,45723,48.5356708984375,1,368.16,5.0,5.6,2026-09-08 19:59:54,🎲末日結算 🚨異常掃貨 🆕新倉暴量,GAMBLE,6
TSLA,2026-09-11,380.0,2.3,7992,28547,49.060567993164064,1,368.16,2.27,2.33,2026-09-08 19:59:58,🎲末日結算 🚨異常掃貨 🚀點火(2.8x),GAMBLE,6
INTC,2026-09-11,107.0,1.8,18987,25102,75.4885263671875,1,104.47,1.77,1.82,2026-09-08 19:59:56,🎲末日結算 🚨異常掃貨 🆕新倉暴量,GAMBLE,6
INTC,2026-09-11,110.0,1.03,5453,24480,77.8322529296875,1,104.47,1.01,1.04,2026-09-08 19:59:58,🎲末日結算 🚨異常掃貨 🆕新倉暴量,GAMBLE,6
INTC,2026-09-11,105.0,2.57,7520,23905,73.97486962890623,1,104.47,2.52,2.57,2026-09-08 19:59:56,🎲末日結算 🚨異常掃貨 🆕新倉暴量,GAMBLE,6
META,2026-09-11,650.0,1.25,1896,21375,49.28029235839845,1,613.48,1.25,1.3,2026-09-08 19:59:54,🎲末日結算 🚨異常掃貨 🚀點火(7.7x),GAMBLE,6
AAPL,2026-09-11,320.0,2.95,9591,21257,40.21055883789062,1,316.22,2.88,2.98,2026-09-08 19:59:58,🎲末日結算 🚨異常掃貨 🆕新倉暴量,GAMBLE,6
TSLA,2026-09-11,360.0,11.26,5589,19163,49.548844360351566,1,368.16,11.2,11.4,2026-09-08 19:59:53,🎲末日結算 🚨異常掃貨 🆕新倉暴量,GAMBLE,6
NVDA,2026-09-11,225.0,3.35,12685,17810,37.061176269531245,1,225.73,3.35,3.4,2026-09-08 19:59:57,🎲末日結算 🚨異常掃貨 🚀點火(4.2x),GAMBLE,6
QCOM,2026-09-11,180.0,1.7,1498,14392,62.01209863281252,1,174.09,1.66,1.73,2026-09-08 19:59:53,🎲末日結算 🚨異常掃貨 🆕新倉暴量,GAMBLE,6
PCG,2026-10-16,18.0,0.32,18949,14080,64.8441015625,36,14.82,0.27,0.38,2026-09-08 19:53:52,🚀點火(42.0x) 🚬菸屁股,BUY_WATCH,6
MU,2026-09-11,1100.0,2.55,4712,13965,74.42652526855468,1,1000.26,2.51,2.58,2026-09-08 19:59:53,🎲末日結算 🚨異常掃貨 🆕新倉暴量,GAMBLE,6
NBIS,2026-09-18,380.0,0.17,1262,13329,113.0863720703125,8,243.88,0.12,0.22,2026-09-08 19:56:09,🚨異常掃貨 🆕低基期(前日Vol8) 🚬菸屁股,STRONG_BUY,6
TSLA,2026-09-11,367.5,6.7,5467,13178,48.97511962890626,1,368.16,6.6,6.85,2026-09-08 19:59:51,🎲末日結算 🚨異常掃貨 🆕新倉暴量,GAMBLE,6
AMD,2026-09-11,500.0,13.55,5499,9921,58.19133605957032,1,505.74,13.35,14.05,2026-09-08 19:59:33,🎲末日結算 🚨異常掃貨 🆕新倉暴量,GAMBLE,6
CRWV,2026-09-18,105.0,3.62,5311,8583,86.59681372070311,8,99.83,3.6,3.65,2026-09-08 19:59:29,🚨異常掃貨 🚀點火(8.9x) ⚠️暴動高IV(87%),STRONG_BUY,6
PCG,2026-10-16,17.0,0.47,9724,8091,59.96133789062501,36,14.82,0.37,0.49,2026-09-08 19:48:08,🚀點火(6.8x) 🚬菸屁股,BUY_WATCH,6
INTC,2026-09-18,135.0,0.22,31697,7619,85.35170898437501,8,104.47,0.22,0.24,2026-09-08 19:59:35,🚀點火(6.3x) 🚬菸屁股 🔥萬人塚 ⚠️暴動高IV(85%),BUY_WATCH,6
META,2026-09-11,640.0,2.33,3411,7542,47.83987707519531,1,613.48,2.33,2.37,2026-09-08 19:59:56,🎲末日結算 🚨異常掃貨 🚀點火(4.2x),GAMBLE,6
PCG,2026-09-18,15.5,0.33,6203,6788,63.867548828124995,8,14.82,0.25,0.46,2026-09-08 19:36:41,🚀點火(26.7x) 🚬菸屁股,BUY_WATCH,6
AMZN,2026-09-11,252.5,5.75,907,6526,37.0123486328125,1,256.97,5.7,6.1,2026-09-08 19:56:20,🎲末日結算 🚨異常掃貨 🆕新倉暴量,GAMBLE,6
QCOM,2026-09-11,175.0,3.35,3111,6396,60.40078662109377,1,174.09,3.35,3.4,2026-09-08 19:59:46,🎲末日結算 🚨異常掃貨 🆕新倉暴量,GAMBLE,6
QCOM,2026-09-18,200.0,0.63,7290,6189,58.838302246093754,8,174.09,0.6,0.66,2026-09-08 19:59:33,🆕新倉暴量 🚬菸屁股,BUY_WATCH,6
INTC,2026-09-18,125.0,0.57,10638,5256,78.95528857421876,8,104.47,0.55,0.61,2026-09-08 19:59:17,🚀點火(4.6x) 🚬菸屁股,BUY_WATCH,6
RKLB,2026-09-11,67.0,1.34,1561,5236,76.562734375,1,65.87,1.32,1.34,2026-09-08 19:59:21,🎲末日結算 🚨異常掃貨 🚀點火(3.6x),GAMBLE,6
META,2026-09-11,630.0,4.12,2103,5040,46.460496337890625,1,613.48,4.1,4.2,2026-09-08 19:59:51,🎲末日結算 🚨異常掃貨 🚀點火(2.9x),GAMBLE,6
QCOM,2026-09-11,177.5,2.38,2759,4947,60.181062255859395,1,174.09,2.25,2.47,2026-09-08 19:59:28,🎲末日結算 🚨異常掃貨 🆕新倉暴量,GAMBLE,6
ACHR,2026-10-16,7.0,0.2,15401,4834,74.2190078125,36,5.83,0.19,0.2,2026-09-08 19:59:53,🚀點火(6.2x) 🚬菸屁股,BUY_WATCH,6
META,2026-09-11,625.0,5.44,794,4329,45.9966337890625,1,613.48,5.4,5.55,2026-09-08 19:59:49,🎲末日結算 🚨異常掃貨 🆕新倉暴量,GAMBLE,6
PCG,2028-01-21,30.0,0.55,3371,4265,48.5356708984375,498,14.82,0.33,0.6,2026-09-08 17:26:07,🚨異常掃貨 🆕低基期(前日Vol4) 🔭LEAPS,STRONG_BUY,6
RKLB,2026-09-11,68.0,1.01,1129,3684,77.929908203125,1,65.87,0.99,1.03,2026-09-08 19:59:51,🎲末日結算 🚨異常掃貨 🆕新倉暴量,GAMBLE,6
WMT,2026-09-11,106.0,1.02,1788,3412,27.49095947265625,1,106.05,1.01,1.08,2026-09-08 19:56:58,🎲末日結算 🚨異常掃貨 🚀點火(8.1x),GAMBLE,6
PCG,2026-09-18,19.0,0.05,105770,2957,92.187578125,8,14.82,0.04,0.07,2026-09-08 19:54:17,🚀點火(>50x) 🚬菸屁股 🔥萬人塚 ⚠️暴動高IV(92%),BUY_WATCH,6
HOOD,2026-09-18,140.0,0.57,10045,2950,75.4885263671875,8,117.34,0.55,0.59,2026-09-08 19:59:41,🆕新倉暴量 🚬菸屁股,BUY_WATCH,6
RKLB,2026-09-11,66.0,1.83,965,2942,75.87914746093752,1,65.87,1.71,1.78,2026-09-08 19:54:56,🎲末日結算 🚨異常掃貨 🆕新倉暴量,GAMBLE,6
AMD,2026-09-18,600.0,0.97,8869,2677,59.936924072265626,8,505.74,0.89,1.0,2026-09-08 19:59:53,🚀點火(5.4x) 🚬菸屁股,BUY_WATCH,6
TSM,2026-09-11,450.0,2.29,1733,2606,40.5279384765625,1,439.0,2.22,2.44,2026-09-08 19:57:23,🎲末日結算 🚨異常掃貨 🆕新倉暴量,GAMBLE,6
SMR,2026-09-18,14.0,0.12,1414,2272,108.984830078125,8,11.18,0.1,0.13,2026-09-08 19:49:50,🚨異常掃貨 🆕低基期(前日Vol5) 🚬菸屁股,STRONG_BUY,6
IREN,2026-09-18,65.0,0.15,32321,2197,110.35201074218752,8,46.93,0.13,0.17,2026-09-08 19:59:28,🚀點火(2.6x) 🚬菸屁股 🔥萬人塚 ⚠️暴動高IV(110%),BUY_WATCH,6
WMT,2026-09-18,108.0,0.94,1857,2153,26.074958007812498,8,106.05,0.94,1.03,2026-09-08 19:54:10,🆕新倉暴量 🚬菸屁股,BUY_WATCH,6
RKLB,2026-09-11,64.0,2.92,1089,2144,75.586181640625,1,65.87,2.79,2.94,2026-09-08 19:25:11,🎲末日結算 🚨異常掃貨 🆕新倉暴量,GAMBLE,6
INTC,2028-01-21,120.0,29.28,5935,2066,72.0553331604004,498,104.47,28.95,29.8,2026-09-08 19:56:25,🚀點火(11.5x) 🔭LEAPS,BUY_WATCH,6
SMCI,2028-01-21,105.0,5.3,8450,1902,84.58267370605468,498,40.26,5.15,5.4,2026-09-08 17:31:50,🚀點火(8.8x) 🔭LEAPS,BUY_WATCH,6
HOOD,2026-09-18,135.0,0.9,8665,1898,73.24245507812499,8,117.34,0.9,0.97,2026-09-08 19:59:40,🆕新倉暴量 🚬菸屁股,BUY_WATCH,6
OKLO,2026-09-18,42.0,3.0,961,1897,85.59584716796876,8,43.31,2.99,3.25,2026-09-08 19:46:40,🚨異常掃貨 🆕新倉暴量 ⚠️暴動高IV(86%),STRONG_BUY,6
OKLO,2026-09-18,44.0,2.13,1191,1640,84.8634326171875,8,43.31,2.03,2.2,2026-09-08 19:58:03,🚨異常掃貨 🆕新倉暴量 ⚠️暴動高IV(85%),STRONG_BUY,6
PCG,2028-01-21,15.0,3.33,5985,1639,52.3442265625,498,14.82,2.91,3.5,2026-09-08 19:48:37,🚀點火(12.6x) 🔭LEAPS,BUY_WATCH,6
F,2026-10-16,14.0,0.67,3930,1542,38.2818671875,36,14.0,0.64,0.69,2026-09-08 19:59:20,🚀點火(8.0x) 🚬菸屁股,BUY_WATCH,6
META,2026-09-11,627.5,4.75,1274,1537,46.30180651855469,1,613.48,4.7,4.85,2026-09-08 19:58:19,🎲末日結算 🚨異常掃貨 🆕新倉暴量,GAMBLE,6
OPEN,2026-11-20,5.0,0.11,10347,1458,98.437515625,71,3.07,0.11,0.12,2026-09-08 19:47:50,🚀點火(12.9x) 🚬菸屁股,BUY_WATCH,6
MU,2026-09-11,1075.0,4.52,907,1439,71.83866052246093,1,1000.26,4.45,4.7,2026-09-08 19:59:48,🎲末日結算 🚨異常掃貨 🆕新倉暴量,GAMBLE,6
PCG,2026-12-18,19.0,0.94,28400,1423,67.33431103515628,99,14.82,0.68,1.0,2026-09-08 19:58:03,🚀點火(4.8x) 🚬菸屁股,BUY_WATCH,6
HOOD,2026-09-18,145.0,0.37,2040,1419,79.05294384765625,8,117.34,0.34,0.42,2026-09-08 19:54:33,🚀點火(4.1x) 🚬菸屁股,BUY_WATCH,6
ACHR,2026-09-18,7.0,0.03,21536,1313,75.00025000000001,8,5.83,0.02,0.03,2026-09-08 19:52:26,🚀點火(3.7x) 🚬菸屁股,BUY_WATCH,6
JOBY,2028-01-21,8.0,2.16,11433,1291,82.3243955078125,498,6.84,2.1,2.3,2026-09-08 19:56:26,🚀點火(7.1x) 🔭LEAPS,BUY_WATCH,6
OPEN,2026-12-18,4.0,0.29,2717,1216,91.79695703125,99,3.07,0.29,0.32,2026-09-08 19:59:18,🚀點火(10.1x) 🚬菸屁股,BUY_WATCH,6
VST,2026-09-11,155.0,1.58,995,1215,52.29539892578124,1,151.72,1.4,1.7,2026-09-08 19:59:56,🎲末日結算 🚨異常掃貨 🆕新倉暴量,GAMBLE,6
JOBY,2026-11-20,10.0,0.18,3290,1210,74.804939453125,71,6.84,0.16,0.19,2026-09-08 17:58:48,🚀點火(20.2x) 🚬菸屁股,BUY_WATCH,6
SOFI,2026-11-20,34.0,0.08,752,1209,74.02369726562499,71,18.01,0.08,0.09,2026-09-08 19:36:44,🚨異常掃貨 🆕低基期(前日Vol9) 🚬菸屁股,STRONG_BUY,6
IREN,2028-01-21,140.0,7.55,9930,1207,95.80082324218748,498,46.93,6.9,7.5,2026-09-08 19:45:11,🚀點火(4.6x) 🔭LEAPS,BUY_WATCH,6
PATH,2026-09-18,14.0,0.58,4522,1205,63.867548828124995,8,14.01,0.57,0.62,2026-09-08 19:59:00,🆕新倉暴量 🚬菸屁股,BUY_WATCH,6
IONQ,2026-09-18,43.0,1.32,802,1164,86.0352958984375,8,40.47,1.17,1.46,2026-09-08 19:59:42,🚨異常掃貨 🆕新倉暴量 ⚠️暴動高IV(86%),STRONG_BUY,6
PCG,2026-12-18,20.0,0.79,18612,1139,69.336244140625,99,14.82,0.42,1.02,2026-09-08 19:32:41,🚀點火(11.4x) 🚬菸屁股,BUY_WATCH,6
IBIT,2028-01-21,80.0,3.26,7327,1074,52.62498547363281,498,44.39,3.1,3.35,2026-09-08 18:07:42,🚀點火(46.7x) 🔭LEAPS,BUY_WATCH,6
SMR,2026-10-16,11.0,1.45,770,1051,89.45323046875,36,11.18,1.33,1.4,2026-09-08 19:53:38,🚨異常掃貨 🚀點火(6.3x) ⚠️暴動高IV(89%),STRONG_BUY,6
JOBY,2027-01-15,10.0,0.4,26963,991,75.195560546875,127,6.84,0.38,0.42,2026-09-08 19:55:51,🚀點火(4.9x) 🚬菸屁股,BUY_WATCH,6
PCG,2026-09-18,15.0,0.51,3708,909,53.320779296874996,8,14.82,0.28,0.6,2026-09-08 19:59:58,🚀點火(3.2x) 🚬菸屁股,BUY_WATCH,6
UPST,2026-09-18,30.0,0.29,11951,840,65.23472265625001,8,26.98,0.22,0.31,2026-09-08 19:54:46,🚀點火(4.0x) 🚬菸屁股,BUY_WATCH,6
INTC,2028-01-21,100.0,35.8,13673,779,72.5466612548828,498,104.47,35.35,36.45,2026-09-08 19:58:02,🚀點火(2.5x) 🔭LEAPS,BUY_WATCH,6
AMZN,2026-09-18,272.5,0.95,1793,776,32.66668896484375,8,256.97,0.92,1.01,2026-09-08 19:57:41,🆕新倉暴量 🚬菸屁股,BUY_WATCH,6
ONDS,2026-12-18,10.0,0.7,19723,772,88.86729882812499,99,7.62,0.68,0.72,2026-09-08 19:56:21,🚀點火(3.1x) 🚬菸屁股,BUY_WATCH,6
SMR,2028-01-21,10.0,5.3,8032,760,99.1211025390625,498,11.18,5.1,5.4,2026-09-08 19:56:46,🚀點火(15.2x) 🔭LEAPS,BUY_WATCH,6
TSM,2026-09-18,490.0,0.53,2287,728,39.50255810546876,8,439.0,0.49,0.58,2026-09-08 19:56:27,🆕新倉暴量 🚬菸屁股,BUY_WATCH,6
OPEN,2028-01-21,4.0,1.1,11783,714,96.5820654296875,498,3.07,1.07,1.1,2026-09-08 19:58:36,🚀點火(4.1x) 🔭LEAPS,BUY_WATCH,6
ONDS,2028-01-21,7.0,3.38,17610,712,94.09185595703124,498,7.62,3.25,3.5,2026-09-08 19:56:17,🚀點火(9.8x) 🔭LEAPS,BUY_WATCH,6
RKLB,2026-12-18,145.0,0.93,5850,693,89.01378173828124,99,65.87,0.7,1.0,2026-09-08 18:32:43,🚀點火(15.4x) 🚬菸屁股,BUY_WATCH,6
U,2028-01-21,65.0,7.45,1911,688,68.15217395019533,498,42.75,7.5,7.85,2026-09-08 18:56:57,🚀點火(12.1x) 🔭LEAPS,BUY_WATCH,6
PATH,2026-10-16,16.0,0.45,1022,676,65.33237792968751,36,14.01,0.42,0.59,2026-09-08 19:52:53,🆕新倉暴量 🚬菸屁股,BUY_WATCH,6
HIMS,2026-10-16,35.0,0.75,2818,671,74.85376708984376,36,28.17,0.73,0.79,2026-09-08 19:57:06,🚀點火(2.6x) 🚬菸屁股,BUY_WATCH,6
AMD,2026-09-18,650.0,0.35,8147,645,66.11362011718751,8,505.74,0.2,0.27,2026-09-08 19:56:39,🚀點火(14.0x) 🚬菸屁股,BUY_WATCH,6
JOBY,2026-09-18,7.5,0.08,1189,638,65.62534375000001,8,6.84,0.07,0.1,2026-09-08 18:54:44,🚀點火(4.6x) 🚬菸屁股,BUY_WATCH,6
OPEN,2026-11-20,3.0,0.52,3651,636,89.062609375,71,3.07,0.5,0.53,2026-09-08 19:55:39,🚀點火(3.1x) 🚬菸屁股,BUY_WATCH,6
LUNR,2028-01-21,20.0,6.0,2549,626,101.92920129394531,498,15.68,5.8,6.2,2026-09-08 19:17:32,🚀點火(20.2x) 🔭LEAPS,BUY_WATCH,6
RKLB,2028-01-21,200.0,5.95,2683,583,80.5666005859375,498,65.87,5.45,6.35,2026-09-08 19:51:44,🚀點火(18.8x) 🔭LEAPS,BUY_WATCH,6
PLTR,2026-09-18,220.0,0.09,12447,582,67.96907031250001,8,170.3,0.08,0.09,2026-09-08 19:39:36,🚀點火(2.5x) 🚬菸屁股,BUY_WATCH,6
IREN,2026-11-20,100.0,0.77,2204,578,108.59420703125,71,46.93,0.77,0.9,2026-09-08 19:45:30,🚀點火(19.3x) 🚬菸屁股,BUY_WATCH,6
U,2026-09-18,45.0,0.66,4967,571,56.44574804687501,8,42.75,0.62,0.88,2026-09-08 19:04:06,🚀點火(4.2x) 🚬菸屁股,BUY_WATCH,6
OPEN,2028-01-21,3.0,1.37,3794,556,98.63282617187501,498,3.07,1.31,1.41,2026-09-08 18:36:46,🚀點火(3.8x) 🔭LEAPS,BUY_WATCH,6
VST,2026-09-18,170.0,0.59,3600,531,51.758294921875006,8,151.72,0.55,0.63,2026-09-08 19:57:31,🚀點火(4.4x) 🚬菸屁股,BUY_WATCH,6
ORCL,2026-12-18,400.0,0.47,1492,521,77.68577001953125,99,162.52,0.4,0.59,2026-09-08 18:02:30,🆕新倉暴量 🚬菸屁股,BUY_WATCH,6
IREN,2026-12-18,140.0,0.6,8286,518,112.06098657226562,99,46.93,0.49,0.66,2026-09-08 19:30:01,🚀點火(4.2x) 🚬菸屁股,BUY_WATCH,6
ACHR,2026-09-18,5.0,0.84,2212,507,71.87528125,8,5.83,0.82,0.9,2026-09-08 18:14:18,🚀點火(4.3x) 🚬菸屁股,BUY_WATCH,6
COST,2026-09-18,985.0,0.62,888,499,29.846892944335934,8,910.18,0.05,1.09,2026-09-08 19:42:16,🆕新倉暴量 🚬菸屁股,BUY_WATCH,6
AMZN,2026-09-18,295.0,0.09,12133,486,38.867798828125,8,256.97,0.08,0.1,2026-09-08 19:32:31,🚀點火(3.5x) 🚬菸屁股,BUY_WATCH,6
OPEN,2026-12-18,5.0,0.18,3585,479,98.437515625,99,3.07,0.18,0.19,2026-09-08 19:04:28,🚀點火(4.8x) 🚬菸屁股,BUY_WATCH,6
COST,2026-09-18,980.0,0.55,1310,478,28.394270751953115,8,910.18,0.3,1.1,2026-09-08 19:49:07,🆕新倉暴量 🚬菸屁股,BUY_WATCH,6
JOBY,2026-11-20,11.0,0.11,907,467,74.60962890625001,71,6.84,0.08,0.12,2026-09-08 19:02:33,🚀點火(2.8x) 🚬菸屁股,BUY_WATCH,6
META,2026-09-18,720.0,0.38,3949,461,47.6567734375,8,613.48,0.36,0.41,2026-09-08 19:58:31,🚀點火(7.2x) 🚬菸屁股,BUY_WATCH,6
ONDS,2028-01-21,5.0,4.3,18042,439,97.6562734375,498,7.62,4.0,4.4,2026-09-08 19:20:15,🚀點火(5.7x) 🔭LEAPS,BUY_WATCH,6
SMR,2026-11-20,20.0,0.35,5255,429,101.85595947265624,71,11.18,0.28,0.36,2026-09-08 19:16:06,🚀點火(10.7x) 🚬菸屁股,BUY_WATCH,6
ONDS,2027-01-15,12.0,0.57,18908,426,93.164130859375,127,7.62,0.55,0.65,2026-09-08 19:47:08,🚀點火(3.1x) 🚬菸屁股,BUY_WATCH,6
AMZN,2026-09-18,277.5,0.52,2481,414,33.35027587890625,8,256.97,0.51,0.55,2026-09-08 19:59:35,🚀點火(3.5x) 🚬菸屁股,BUY_WATCH,6
PCG,2026-09-18,20.0,0.03,121321,413,102.34423828125001,8,14.82,0.03,0.06,2026-09-08 19:53:16,🚀點火(3.3x) 🚬菸屁股 🔥萬人塚 ⚠️暴動高IV(102%),BUY_WATCH,6
JOBY,2026-10-16,7.0,0.53,1302,363,67.18782812500001,36,6.84,0.49,0.55,2026-09-08 18:16:07,🚀點火(3.7x) 🚬菸屁股,BUY_WATCH,6
ONDS,2026-11-20,12.0,0.3,1976,361,91.01571484374999,71,7.62,0.21,0.3,2026-09-08 16:48:32,🚀點火(4.1x) 🚬菸屁股,BUY_WATCH,6
LUNR,2026-09-18,17.0,0.43,1315,345,79.687703125,8,15.68,0.24,0.47,2026-09-08 19:37:12,🚀點火(4.9x) 🚬菸屁股,BUY_WATCH,6
ACHR,2028-01-21,15.0,0.87,14047,344,89.45323046875,498,5.83,0.84,0.96,2026-09-08 18:38:41,🚀點火(11.1x) 🔭LEAPS,BUY_WATCH,6
AMZN,2026-09-18,305.0,0.05,9312,327,45.9966337890625,8,256.97,0.01,0.09,2026-09-08 19:44:55,🚀點火(9.6x) 🚬菸屁股,BUY_WATCH,6
SMR,2028-01-21,8.0,6.02,5402,324,99.26758544921876,498,11.18,5.8,6.1,2026-09-08 19:56:49,🚀點火(6.8x) 🔭LEAPS,BUY_WATCH,6
JOBY,2026-11-20,9.0,0.3,5124,296,74.02369726562499,71,6.84,0.24,0.35,2026-09-08 18:48:02,🚀點火(4.9x) 🚬菸屁股,BUY_WATCH,6
F,2026-10-16,17.0,0.05,1825,286,40.23497265625,36,14.0,0.04,0.06,2026-09-08 17:06:24,🚀點火(7.5x) 🚬菸屁股,BUY_WATCH,6
HIMS,2026-09-18,34.0,0.15,3289,266,78.12521875,8,28.17,0.1,0.16,2026-09-08 19:29:51,🚀點火(3.6x) 🚬菸屁股,BUY_WATCH,6
SMCI,2028-01-21,60.0,10.66,6491,258,83.34977587890623,498,40.26,9.85,10.75,2026-09-08 19:19:33,🚀點火(7.8x) 🔭LEAPS,BUY_WATCH,6
SOFI,2026-12-18,26.0,0.44,2974,255,61.52382226562501,99,18.01,0.44,0.45,2026-09-08 19:45:25,🚀點火(6.4x) 🚬菸屁股,BUY_WATCH,6
OPEN,2027-02-19,5.0,0.33,7293,244,97.070341796875,162,3.07,0.3,0.35,2026-09-08 19:18:29,🚀點火(12.2x) 🚬菸屁股,BUY_WATCH,6
HIMS,2026-10-16,34.0,0.86,3482,244,74.7072841796875,36,28.17,0.9,0.95,2026-09-08 19:23:41,🚀點火(3.5x) 🚬菸屁股,BUY_WATCH,6
U,2026-09-18,46.0,0.46,1065,229,56.64105859375,8,42.75,0.43,0.6,2026-09-08 18:48:02,🚀點火(4.6x) 🚬菸屁股,BUY_WATCH,6
IBIT,2026-10-16,52.0,0.48,8435,216,45.654840332031256,36,44.39,0.48,0.51,2026-09-08 19:03:24,🚀點火(2.8x) 🚬菸屁股,BUY_WATCH,6
ACHR,2028-01-21,5.0,2.64,19753,204,89.74619628906248,498,5.83,2.52,2.69,2026-09-08 19:37:35,🚀點火(3.1x) 🔭LEAPS,BUY_WATCH,6
JOBY,2027-01-15,20.0,0.04,13750,201,99.2187578125,127,6.84,0.04,0.14,2026-09-08 19:26:58,🚀點火(4.4x) 🚬菸屁股,BUY_WATCH,6
TJX,2026-10-16,145.0,0.3,1468,199,26.465579101562497,36,128.92,0.25,0.45,2026-09-08 19:53:08,🚀點火(8.7x) 🚬菸屁股,BUY_WATCH,6
NVDA,2028-01-21,240.0,42.03,10133,195,46.18584088134766,498,225.73,41.45,42.8,2026-09-08 19:33:06,🚀點火(2.9x) 🔭LEAPS,BUY_WATCH,6
OKLO,2026-11-20,95.0,0.67,6316,186,104.98094384765626,71,43.31,0.49,0.66,2026-09-08 19:30:48,🚀點火(5.0x) 🚬菸屁股,BUY_WATCH,6
OPEN,2028-01-21,2.0,1.74,2650,182,101.172369140625,498,3.07,1.5,1.96,2026-09-08 17:40:25,🚀點火(4.5x) 🔭LEAPS,BUY_WATCH,6
WMT,2027-01-15,140.0,0.48,7145,179,30.274134765625,127,106.05,0.46,0.58,2026-09-08 17:43:29,🚀點火(7.8x) 🚬菸屁股,BUY_WATCH,6
ACHR,2028-01-21,27.0,0.44,15775,172,93.945373046875,498,5.83,0.35,0.57,2026-09-08 19:49:01,🚀點火(2.7x) 🔭LEAPS,BUY_WATCH,6
JOBY,2026-11-20,8.0,0.49,2300,162,70.898728515625,71,6.84,0.42,0.51,2026-09-08 19:42:55,🚀點火(3.1x) 🚬菸屁股,BUY_WATCH,6
OPEN,2027-01-15,15.0,0.03,18380,155,129.6878515625,127,3.07,0.01,0.06,2026-09-08 18:13:56,🚀點火(7.8x) 🚬菸屁股,BUY_WATCH,6
RDDT,2026-09-18,185.0,0.35,1579,153,74.31666308593749,8,149.38,0.25,0.43,2026-09-08 19:59:42,🚀點火(3.2x) 🚬菸屁股,BUY_WATCH,6
ZM,2026-09-18,120.0,0.04,1912,146,55.859816406250005,8,96.44,0.01,0.05,2026-09-08 18:06:43,🚀點火(2.7x) 🚬菸屁股,BUY_WATCH,6
NTLA,2028-01-21,15.0,4.7,2388,145,93.60357958984375,498,12.74,4.4,5.0,2026-09-08 19:33:17,🚀點火(3.5x) 🔭LEAPS,BUY_WATCH,6
JOBY,2028-01-21,20.0,0.69,9878,145,82.0314296875,498,6.84,0.65,0.73,2026-09-08 16:43:54,🚀點火(3.7x) 🔭LEAPS,BUY_WATCH,6
ONDS,2028-01-21,15.0,1.83,12835,132,94.48247705078124,498,7.62,1.75,1.85,2026-09-08 19:56:07,🚀點火(3.6x) 🔭LEAPS,BUY_WATCH,6
RDDT,2026-09-18,195.0,0.18,852,130,79.687703125,8,149.38,0.12,0.24,2026-09-08 19:59:42,🚀點火(6.5x) 🚬菸屁股,BUY_WATCH,6
SOFI,2026-09-18,21.5,0.04,1290,129,65.23472265625001,8,18.01,0.04,0.05,2026-09-08 19:46:00,🚀點火(4.2x) 🚬菸屁股,BUY_WATCH,6
DKNG,2028-01-21,37.5,3.12,19871,126,60.547269531250016,498,23.87,3.1,3.4,2026-09-08 18:34:39,🚀點火(4.5x) 🔭LEAPS,BUY_WATCH,6
META,2026-09-18,715.0,0.45,1062,124,47.38822143554688,8,613.48,0.41,0.5,2026-09-08 19:28:31,🚀點火(2.8x) 🚬菸屁股,BUY_WATCH,6
KTOS,2026-09-18,60.0,0.1,3301,119,70.70341796875,8,48.2,0.05,0.1,2026-09-08 19:38:42,🚀點火(3.1x) 🚬菸屁股,BUY_WATCH,6
UPST,2026-10-16,32.5,0.7,1321,118,65.52768847656252,36,26.98,0.57,0.73,2026-09-08 19:52:27,🚀點火(2.9x) 🚬菸屁股,BUY_WATCH,6
DDD,2027-01-15,7.5,0.1,7401,116,95.312546875,127,3.38,0.05,0.15,2026-09-08 19:46:52,🚀點火(5.8x) 🚬菸屁股,BUY_WATCH,6
CRSP,2026-09-18,60.0,0.55,1565,111,60.84023535156251,8,54.78,0.3,0.85,2026-09-08 19:38:47,🚀點火(3.6x) 🚬菸屁股,BUY_WATCH,6
JOBY,2027-01-15,14.0,0.13,2919,107,81.05487695312499,127,6.84,0.1,0.18,2026-09-08 18:34:56,🚀點火(5.1x) 🚬菸屁股,BUY_WATCH,6
OPEN,2026-12-18,10.0,0.04,28901,102,114.0629296875,99,3.07,0.02,0.04,2026-09-08 19:59:34,🚀點火(3.4x) 🚬菸屁股,BUY_WATCH,6
SMR,2026-11-20,25.0,0.09,4692,101,112.89106054687501,71,11.18,0.14,0.25,2026-09-08 19:35:18,🚀點火(4.2x) 🚬菸屁股,BUY_WATCH,6
META,2028-01-21,1500.0,11.25,10724,100,47.565221618652345,498,613.48,10.75,11.9,2026-09-08 18:17:15,🚀點火(3.4x) 🔭LEAPS,BUY_WATCH,6
SMR,2028-01-21,30.0,2.13,3428,91,98.53517089843751,498,11.18,1.96,2.2,2026-09-08 19:57:15,🚀點火(2.8x) 🔭LEAPS,BUY_WATCH,6
ASTS,2028-01-21,190.0,8.71,10065,90,89.17247155761719,498,66.12,8.45,9.05,2026-09-08 19:36:29,🚀點火(3.1x) 🔭LEAPS,BUY_WATCH,6
ASTS,2026-11-20,180.0,0.39,2377,85,108.30123974609376,71,66.12,0.11,0.62,2026-09-08 18:10:07,🚀點火(2.6x) 🚬菸屁股,BUY_WATCH,6
SMR,2028-01-21,50.0,1.25,1545,80,101.31885278320314,498,11.18,1.05,1.4,2026-09-08 19:53:53,🚀點火(2.5x) 🔭LEAPS,BUY_WATCH,6
MSTR,2027-01-15,1000.0,0.15,5567,74,115.4301103515625,127,136.52,0.07,0.19,2026-09-08 19:41:24,🚀點火(2.6x) 🚬菸屁股,BUY_WATCH,6
TSLA,2026-12-18,960.0,0.3,5546,72,69.92217578125,99,368.16,0.25,0.37,2026-09-08 18:37:27,🚀點火(3.6x) 🚬菸屁股,BUY_WATCH,6
SMR,2027-01-15,40.0,0.14,7562,66,110.15669921875002,127,11.18,0.06,0.2,2026-09-08 18:07:00,🚀點火(3.1x) 🚬菸屁股,BUY_WATCH,6
ACHR,2028-01-21,20.0,0.59,7603,65,91.211025390625,498,5.83,0.54,0.75,2026-09-08 16:43:31,🚀點火(2.5x) 🔭LEAPS,BUY_WATCH,6
RKLB,2028-01-21,140.0,10.05,2934,60,80.0233931274414,498,65.87,9.6,10.5,2026-09-08 19:59:29,🚀點火(3.0x) 🔭LEAPS,BUY_WATCH,6
NVDA,2026-09-11,230.0,1.35,34545,60848,36.74379663085938,1,225.73,1.32,1.36,2026-09-08 19:59:57,🎲末日結算 🚨異常掃貨 🔥萬人塚,GAMBLE,5
SMR,2026-09-11,11.0,0.54,2861,19212,110.9379453125,1,11.18,0.53,0.55,2026-09-08 19:59:18,🎲末日結算 🚨異常掃貨 🚀點火(18.9x) 🚬菸屁股 ⚠️暴動高IV(111%),GAMBLE,5
INTC,2026-11-20,110.0,11.35,31774,18558,74.414318359375,71,104.47,11.25,11.9,2026-09-08 19:58:30,🚀點火(7.2x) 🔥萬人塚,HOLD,5
CRWV,2026-09-11,110.0,0.69,1176,18119,100.39112304687498,1,99.83,0.69,0.71,2026-09-08 19:59:54,🎲末日結算 🚨異常掃貨 🚀點火(30.0x) 🚬菸屁股 ⚠️暴動高IV(100%),GAMBLE,5
HIMS,2026-09-11,30.0,0.25,5304,17305,82.0314296875,1,28.17,0.23,0.25,2026-09-08 19:59:44,🎲末日結算 🚨異常掃貨 🚀點火(13.4x) 🚬菸屁股 ⚠️暴動高IV(82%),GAMBLE,5
ONDS,2026-09-11,8.0,0.1,7796,14670,84.37515624999999,1,7.62,0.09,0.1,2026-09-08 19:59:57,🎲末日結算 🚨異常掃貨 🚀點火(2.5x) 🚬菸屁股 ⚠️暴動高IV(84%),GAMBLE,5
SMR,2026-09-11,12.0,0.2,1054,14239,119.922275390625,1,11.18,0.18,0.21,2026-09-08 19:59:29,🎲末日結算 🚨異常掃貨 🆕新倉暴量 🚬菸屁股 ⚠️暴動高IV(120%),GAMBLE,5
SMR,2026-09-11,11.5,0.33,3127,14129,115.234798828125,1,11.18,0.32,0.34,2026-09-08 19:59:51,🎲末日結算 🚨異常掃貨 🆕新倉暴量 🚬菸屁股 ⚠️暴動高IV(115%),GAMBLE,5
IREN,2026-09-11,55.0,0.13,1885,13151,112.89106054687501,1,46.93,0.13,0.14,2026-09-08 19:59:30,🎲末日結算 🚨異常掃貨 🆕新倉暴量 🚬菸屁股 ⚠️暴動高IV(113%),GAMBLE,5
ONDS,2026-09-11,8.5,0.04,4689,12998,95.312546875,1,7.62,0.03,0.04,2026-09-08 19:56:39,🎲末日結算 🚨異常掃貨 🚀點火(2.7x) 🚬菸屁股 ⚠️暴動高IV(95%),GAMBLE,5
TSLA,2026-09-18,360.0,15.08,7660,11222,44.42194250488281,8,368.16,15.05,15.25,2026-09-08 19:59:39,🚨異常掃貨,STRONG_BUY,5
CRWV,2026-09-11,115.0,0.3,867,6592,104.29735351562503,1,99.83,0.29,0.31,2026-09-08 19:57:29,🎲末日結算 🚨異常掃貨 🆕新倉暴量 🚬菸屁股 ⚠️暴動高IV(104%),GAMBLE,5
IONQ,2026-09-11,45.0,0.28,1942,6317,105.46922265625001,1,40.47,0.25,0.3,2026-09-08 19:59:41,🎲末日結算 🚨異常掃貨 🚀點火(7.7x) 🚬菸屁股 ⚠️暴動高IV(105%),GAMBLE,5
SMCI,2026-09-11,46.0,0.12,1375,5292,98.437515625,1,40.26,0.11,0.12,2026-09-08 19:59:04,🎲末日結算 🚨異常掃貨 🆕新倉暴量 🚬菸屁股 ⚠️暴動高IV(98%),GAMBLE,5
NBIS,2026-09-11,300.0,0.33,3635,5276,120.21524267578125,1,243.88,0.3,0.35,2026-09-08 19:59:40,🎲末日結算 🚨異常掃貨 🆕新倉暴量 🚬菸屁股 ⚠️暴動高IV(120%),GAMBLE,5
SMR,2026-09-11,10.5,0.87,2705,4881,111.71919140624999,1,11.18,0.81,0.91,2026-09-08 19:59:44,🎲末日結算 🚨異常掃貨 🚀點火(4.2x) 🚬菸屁股 ⚠️暴動高IV(112%),GAMBLE,5
IONQ,2026-09-11,50.0,0.04,1806,4745,114.0629296875,1,40.47,0.03,0.04,2026-09-08 19:59:13,🎲末日結算 🚨異常掃貨 🚀點火(4.6x) 🚬菸屁股 ⚠️暴動高IV(114%),GAMBLE,5
PCG,2026-10-16,20.0,0.17,71778,4713,72.07059179687501,36,14.82,0.17,0.2,2026-09-08 19:56:03,🚀點火(4.3x) 🚬菸屁股 🔥萬人塚 ⚠️尾段價外(35%),BUY_WATCH,5
AAPL,2027-02-19,600.0,0.05,6016,4654,34.32682861328124,162,316.22,0.03,0.08,2026-09-04 18:56:39,🆕新倉暴量 🚬菸屁股 🏛️機構場,BUY_WATCH,5
IREN,2026-09-11,49.0,0.91,2199,4593,99.9023447265625,1,46.93,0.87,0.91,2026-09-08 19:58:43,🎲末日結算 🚨異常掃貨 🆕新倉暴量 🚬菸屁股 ⚠️暴動高IV(100%),GAMBLE,5
OKLO,2026-09-11,45.0,0.86,1191,3996,94.726615234375,1,43.31,0.78,0.85,2026-09-08 19:58:38,🎲末日結算 🚨異常掃貨 🆕新倉暴量 🚬菸屁股 ⚠️暴動高IV(95%),GAMBLE,5
SMR,2026-09-11,12.5,0.12,1295,3920,125.00037499999999,1,11.18,0.11,0.12,2026-09-08 19:59:10,🎲末日結算 🚨異常掃貨 🆕新倉暴量 🚬菸屁股 ⚠️暴動高IV(125%),GAMBLE,5
IONQ,2026-09-11,48.0,0.12,2959,3834,114.45355273437498,1,40.47,0.07,0.12,2026-09-08 19:59:57,🎲末日結算 🚨異常掃貨 🚀點火(4.0x) 🚬菸屁股 ⚠️暴動高IV(114%),GAMBLE,5
SMCI,2026-09-11,41.5,0.82,781,3567,87.30481445312499,1,40.26,0.73,0.8,2026-09-08 19:57:06,🎲末日結算 🚨異常掃貨 🆕新倉暴量 🚬菸屁股 ⚠️暴動高IV(87%),GAMBLE,5
IONQ,2026-09-11,44.0,0.36,1099,3531,103.12548437500001,1,40.47,0.37,0.43,2026-09-08 19:59:21,🎲末日結算 🚨異常掃貨 🆕新倉暴量 🚬菸屁股 ⚠️暴動高IV(103%),GAMBLE,5
SMCI,2026-09-11,44.0,0.28,2480,3330,92.773509765625,1,40.26,0.25,0.28,2026-09-08 19:59:26,🎲末日結算 🚨異常掃貨 🆕新倉暴量 🚬菸屁股 ⚠️暴動高IV(93%),GAMBLE,5
IREN,2026-09-11,60.0,0.04,2180,3241,128.90660546875,1,46.93,0.03,0.05,2026-09-08 19:54:02,🎲末日結算 🚨異常掃貨 🚀點火(4.6x) 🚬菸屁股 ⚠️暴動高IV(129%),GAMBLE,5
IREN,2026-09-11,52.0,0.34,950,3197,104.29735351562503,1,46.93,0.32,0.34,2026-09-08 19:59:51,🎲末日結算 🚨異常掃貨 🆕新倉暴量 🚬菸屁股 ⚠️暴動高IV(104%),GAMBLE,5
IBIT,2026-09-18,42.0,2.85,32167,3131,49.60987890625,8,44.39,2.84,2.92,2026-09-08 20:10:51,🚀點火(48.2x) 🔥萬人塚,HOLD,5
HOOD,2026-09-11,127.0,0.68,2265,3075,82.91032714843749,1,117.34,0.65,0.73,2026-09-08 19:58:56,🎲末日結算 🚨異常掃貨 🚀點火(5.3x) 🚬菸屁股 ⚠️暴動高IV(83%),GAMBLE,5
MU,2026-09-11,1150.0,0.83,1054,2947,80.10273803710936,1,1000.26,0.78,0.85,2026-09-08 19:59:39,🎲末日結算 🚨異常掃貨 🆕新倉暴量 🚬菸屁股 ⚠️暴動高IV(80%),GAMBLE,5
IONQ,2026-09-11,47.0,0.12,875,2352,108.59420703125,1,40.47,0.09,0.15,2026-09-08 19:48:05,🎲末日結算 🚨異常掃貨 🚀點火(3.7x) 🚬菸屁股 ⚠️暴動高IV(109%),GAMBLE,5
OKLO,2026-09-11,50.0,0.13,1196,2303,110.74263378906251,1,43.31,0.13,0.19,2026-09-08 19:58:07,🎲末日結算 🚨異常掃貨 🆕新倉暴量 🚬菸屁股 ⚠️暴動高IV(111%),GAMBLE,5
IONQ,2026-09-11,43.0,0.57,1154,1791,99.60937890625,1,40.47,0.52,0.61,2026-09-08 19:59:42,🎲末日結算 🚨異常掃貨 🚀點火(3.0x) 🚬菸屁股 ⚠️暴動高IV(100%),GAMBLE,5
LUNR,2026-09-11,16.0,0.4,813,1666,96.0937890625,1,15.68,0.36,0.45,2026-09-08 19:59:34,🎲末日結算 🚨異常掃貨 🆕新倉暴量 🚬菸屁股 ⚠️暴動高IV(96%),GAMBLE,5
NVDA,2027-01-15,290.0,4.4,38967,552,39.99083447265625,127,225.73,4.35,4.55,2026-09-08 19:49:07,🚀點火(2.7x) 🔥萬人塚,HOLD,5
SOFI,2026-09-11,19.0,0.09,17379,36773,59.766027343750004,1,18.01,0.08,0.09,2026-09-08 19:59:37,🎲末日結算 🚨異常掃貨 🚬菸屁股,GAMBLE,4
IREN,2026-09-11,50.0,0.64,7782,21832,101.5629921875,1,46.93,0.64,0.66,2026-09-08 19:59:49,🎲末日結算 🚨異常掃貨 🚬菸屁股,GAMBLE,4
AAPL,2026-09-11,330.0,0.77,16733,20179,41.5044912109375,1,316.22,0.74,0.78,2026-09-08 19:59:58,🎲末日結算 🚨異常掃貨 🚬菸屁股,GAMBLE,4
AMZN,2026-09-11,265.0,0.75,10374,19992,35.32779516601562,1,256.97,0.73,0.75,2026-09-08 19:59:58,🎲末日結算 🚨異常掃貨 🚬菸屁股,GAMBLE,4
SOFI,2026-09-11,18.5,0.16,10469,18556,55.078574218750006,1,18.01,0.16,0.18,2026-09-08 19:59:39,🎲末日結算 🚨異常掃貨 🚬菸屁股,GAMBLE,4
TSLA,2026-09-11,400.0,0.38,13460,18310,55.078574218750006,1,368.16,0.38,0.39,2026-09-08 19:59:58,🎲末日結算 🚨異常掃貨 🚬菸屁股,GAMBLE,4
CRWV,2026-09-11,100.0,3.38,5014,16155,95.06840869140623,1,99.83,3.25,3.45,2026-09-08 19:59:41,🎲末日結算 🚨異常掃貨 🚀點火(3.6x) ⚠️暴動高IV(95%),GAMBLE,4
CRWV,2026-09-11,105.0,1.62,1368,15613,97.55861816406251,1,99.83,1.58,1.62,2026-09-08 19:59:43,🎲末日結算 🚨異常掃貨 🚀點火(22.3x) ⚠️暴動高IV(98%),GAMBLE,4
TSLA,2026-09-11,390.0,0.9,9093,13796,51.123535644531245,1,368.16,0.89,0.91,2026-09-08 19:59:53,🎲末日結算 🚨異常掃貨 🚬菸屁股,GAMBLE,4
ORCL,2026-09-18,220.0,0.87,9964,11505,114.35589697265624,8,162.52,0.8,0.86,2026-09-08 19:59:51,🆕新倉暴量 🚬菸屁股 ⚠️暴動高IV(114%),BUY_WATCH,4
CRWV,2026-09-18,120.0,0.92,16956,9145,91.79695703125,8,99.83,0.89,0.93,2026-09-08 19:59:40,🚀點火(11.4x) 🚬菸屁股 ⚠️暴動高IV(92%),BUY_WATCH,4
SMCI,2026-09-11,41.0,0.92,2981,8955,86.132951171875,1,40.26,0.91,0.95,2026-09-08 19:59:27,🎲末日結算 🚨異常掃貨 🚬菸屁股,GAMBLE,4
IBIT,2026-09-11,45.0,0.5,11259,8448,48.04739453125,1,44.39,0.49,0.51,2026-09-08 20:14:54,🎲末日結算 🆕新倉暴量 🚬菸屁股,GAMBLE,4
NVDA,2026-09-11,252.5,0.03,18423,8436,50.39112109375,1,225.73,0.02,0.03,2026-09-08 19:57:16,🎲末日結算 🆕新倉暴量 🚬菸屁股,GAMBLE,4
NVDA,2026-09-11,257.5,0.01,11425,8166,56.250437500000004,1,225.73,0.01,0.03,2026-09-08 19:52:54,🎲末日結算 🆕新倉暴量 🚬菸屁股,GAMBLE,4
RKLB,2026-09-11,70.0,0.56,5997,7877,80.07832421875,1,65.87,0.54,0.57,2026-09-08 19:59:37,🎲末日結算 🚨異常掃貨 🚬菸屁股,GAMBLE,4
IREN,2026-09-11,48.0,1.21,2081,6783,99.2187578125,1,46.93,1.19,1.25,2026-09-08 19:59:53,🎲末日結算 🚨異常掃貨 🚀點火(3.3x) ⚠️暴動高IV(99%),GAMBLE,4
OKLO,2026-09-18,50.0,0.56,9244,6569,90.9180595703125,8,43.31,0.58,0.69,2026-09-08 19:57:17,🚀點火(7.2x) 🚬菸屁股 ⚠️暴動高IV(91%),BUY_WATCH,4
SMCI,2026-09-11,45.0,0.18,3789,6546,95.70316796875,1,40.26,0.17,0.18,2026-09-08 19:59:15,🎲末日結算 🚨異常掃貨 🚬菸屁股,GAMBLE,4
NBIS,2026-09-11,260.0,3.56,1554,6490,104.85887414550783,1,243.88,3.45,3.7,2026-09-08 19:59:53,🎲末日結算 🚨異常掃貨 🆕新倉暴量 ⚠️暴動高IV(105%),GAMBLE,4
IREN,2026-09-18,55.0,0.66,10324,6440,93.8477177734375,8,46.93,0.59,0.67,2026-09-08 19:59:47,🚀點火(3.9x) 🚬菸屁股 ⚠️暴動高IV(94%),BUY_WATCH,4
IREN,2026-09-11,47.5,1.44,2012,5715,99.31641308593751,1,46.93,1.39,1.46,2026-09-08 19:57:35,🎲末日結算 🚨異常掃貨 🆕新倉暴量 ⚠️暴動高IV(99%),GAMBLE,4
CRWV,2026-09-11,101.0,2.92,890,5640,95.80082324218748,1,99.83,2.87,2.98,2026-09-08 19:59:54,🎲末日結算 🚨異常掃貨 🆕新倉暴量 ⚠️暴動高IV(96%),GAMBLE,4
BA,2026-09-11,220.0,0.33,5548,5636,37.25648681640625,1,210.73,0.3,0.35,2026-09-08 19:59:47,🎲末日結算 🚀點火(2.7x) 🚬菸屁股,GAMBLE,4
ASTS,2026-09-11,70.0,0.82,3428,5598,91.1133701171875,1,66.12,0.77,0.86,2026-09-08 19:59:57,🎲末日結算 🚨異常掃貨 🚬菸屁股,GAMBLE,4
PCG,2026-09-11,15.0,0.25,5724,5428,63.67223828125,1,14.82,0.21,0.31,2026-09-08 19:59:42,🎲末日結算 🆕新倉暴量 🚬菸屁股,GAMBLE,4
NBIS,2026-09-11,280.0,1.02,885,5199,110.64497802734377,1,243.88,0.95,1.07,2026-09-08 19:59:28,🎲末日結算 🚨異常掃貨 🆕新倉暴量 ⚠️暴動高IV(111%),GAMBLE,4
HIMS,2026-09-11,28.5,0.66,4936,5196,78.51583984375,1,28.17,0.64,0.66,2026-09-08 19:59:56,🎲末日結算 🆕新倉暴量 🚬菸屁股,GAMBLE,4
AAPL,2026-09-11,350.0,0.07,6394,4872,50.39112109375,1,316.22,0.05,0.07,2026-09-08 19:59:54,🎲末日結算 🆕新倉暴量 🚬菸屁股,GAMBLE,4
SMR,2026-09-18,11.0,0.81,10058,4729,97.26565234374999,8,11.18,0.76,0.85,2026-09-08 19:59:43,🚀點火(10.0x) 🚬菸屁股 ⚠️暴動高IV(97%),BUY_WATCH,4
SMCI,2026-09-11,50.0,0.03,2357,4479,116.40666796875001,1,40.26,0.03,0.04,2026-09-08 19:37:51,🎲末日結算 🚨異常掃貨 🚬菸屁股,GAMBLE,4
PLTR,2026-09-11,190.0,0.12,5434,4322,63.67223828125,1,170.3,0.11,0.12,2026-09-08 19:59:46,🎲末日結算 🆕新倉暴量 🚬菸屁股,GAMBLE,4
TSLA,2026-09-11,392.5,0.73,6312,4069,51.807122558593754,1,368.16,0.69,0.73,2026-09-08 19:59:56,🎲末日結算 🆕新倉暴量 🚬菸屁股,GAMBLE,4
SMR,2026-09-18,12.0,0.45,4569,3901,98.82813671875,8,11.18,0.39,0.44,2026-09-08 19:58:04,🚀點火(>50x) 🚬菸屁股 ⚠️暴動高IV(99%),BUY_WATCH,4
HOOD,2026-09-11,123.0,1.33,2841,3820,80.27363476562499,1,117.34,1.32,1.41,2026-09-08 19:59:31,🎲末日結算 🚨異常掃貨 🆕新倉暴量 ⚠️暴動高IV(80%),GAMBLE,4
RKLB,2026-09-18,80.0,0.31,5100,3723,81.64080859375,8,65.87,0.28,0.38,2026-09-08 19:54:22,🚀點火(4.9x) 🚬菸屁股 ⚠️暴動高IV(82%),BUY_WATCH,4
CRWV,2026-09-11,97.0,5.05,1321,3621,94.77544287109374,1,99.83,4.9,5.05,2026-09-08 19:54:22,🎲末日結算 🚨異常掃貨 🆕新倉暴量 ⚠️暴動高IV(95%),GAMBLE,4
IONQ,2026-09-11,41.0,1.21,1380,3421,98.82813671875,1,40.47,1.09,1.32,2026-09-08 19:59:19,🎲末日結算 🚨異常掃貨 🆕新倉暴量 ⚠️暴動高IV(99%),GAMBLE,4
MU,2026-09-11,1200.0,0.34,1994,3357,87.93957373046875,1,1000.26,0.3,0.37,2026-09-08 19:58:24,🎲末日結算 🚨異常掃貨 🚬菸屁股,GAMBLE,4
ONDS,2026-09-18,8.5,0.13,4150,3334,80.4689453125,8,7.62,0.12,0.13,2026-09-08 19:51:34,🚀點火(3.8x) 🚬菸屁股 ⚠️暴動高IV(80%),BUY_WATCH,4
CRWV,2026-09-18,130.0,0.4,7452,3212,97.460962890625,8,99.83,0.38,0.4,2026-09-08 19:58:03,🚀點火(3.7x) 🚬菸屁股 ⚠️暴動高IV(97%),BUY_WATCH,4
WMT,2026-09-11,109.0,0.18,1893,3071,28.223374023437497,1,106.05,0.18,0.2,2026-09-08 19:59:34,🎲末日結算 🚨異常掃貨 🚬菸屁股,GAMBLE,4
IONQ,2026-09-18,50.0,0.25,9561,3055,95.70316796875,8,40.47,0.26,0.34,2026-09-08 19:59:38,🚀點火(6.7x) 🚬菸屁股 ⚠️暴動高IV(96%),BUY_WATCH,4
ASTS,2026-09-18,85.0,0.28,5115,2800,95.70316796875,8,66.12,0.25,0.32,2026-09-08 19:58:26,🚀點火(6.5x) 🚬菸屁股 ⚠️暴動高IV(96%),BUY_WATCH,4
HOOD,2026-09-11,124.0,1.14,939,2750,80.7619111328125,1,117.34,1.1,1.2,2026-09-08 19:59:45,🎲末日結算 🚨異常掃貨 🆕新倉暴量 ⚠️暴動高IV(81%),GAMBLE,4
CRWV,2026-09-11,98.0,4.4,984,2663,94.5313046875,1,99.83,4.3,4.45,2026-09-08 19:52:44,🎲末日結算 🚨異常掃貨 🆕新倉暴量 ⚠️暴動高IV(95%),GAMBLE,4
HOOD,2026-09-11,126.0,0.79,1727,2395,82.3243955078125,1,117.34,0.79,0.86,2026-09-08 19:59:20,🎲末日結算 🚨異常掃貨 🚬菸屁股,GAMBLE,4
ASTS,2026-09-11,75.0,0.21,1882,2369,98.04689453125,1,66.12,0.2,0.24,2026-09-08 19:59:52,🎲末日結算 🚨異常掃貨 🚬菸屁股,GAMBLE,4
INTC,2026-09-18,130.0,0.35,19861,2332,81.83611914062499,8,104.47,0.35,0.36,2026-09-08 19:59:40,🚀點火(7.6x) 🚬菸屁股 ⚠️暴動高IV(82%),BUY_WATCH,4
HIMS,2026-09-11,29.0,0.47,2448,2318,79.29708203125,1,28.17,0.44,0.5,2026-09-08 19:58:00,🎲末日結算 🚀點火(3.1x) 🚬菸屁股,GAMBLE,4
CRWV,2026-09-11,96.0,5.65,990,2309,94.38482177734375,1,99.83,5.5,5.7,2026-09-08 19:50:00,🎲末日結算 🚨異常掃貨 🆕新倉暴量 ⚠️暴動高IV(94%),GAMBLE,4
WMT,2026-09-11,111.0,0.06,1546,2249,30.274134765625,1,106.05,0.05,0.06,2026-09-08 19:59:10,🎲末日結算 🚨異常掃貨 🚬菸屁股,GAMBLE,4
ASTS,2026-09-11,66.0,2.04,791,2071,86.4259169921875,1,66.12,2.05,2.2,2026-09-08 19:59:16,🎲末日結算 🚨異常掃貨 🆕新倉暴量 ⚠️暴動高IV(86%),GAMBLE,4
RDDT,2026-09-11,160.0,0.77,1733,2025,73.82838671875,1,149.38,0.74,0.9,2026-09-08 19:57:18,🎲末日結算 🚀點火(3.2x) 🚬菸屁股,GAMBLE,4
CRWV,2026-09-18,125.0,0.6,5246,1875,94.5313046875,8,99.83,0.58,0.6,2026-09-08 19:58:10,🚀點火(32.3x) 🚬菸屁股 ⚠️暴動高IV(95%),BUY_WATCH,4
DKNG,2026-09-11,24.5,0.3,2602,1797,64.062859375,1,23.87,0.27,0.33,2026-09-08 19:59:46,🎲末日結算 🆕新倉暴量 🚬菸屁股,GAMBLE,4
ASTS,2026-09-11,64.0,3.55,804,1662,87.98840136718749,1,66.12,3.15,3.45,2026-09-08 19:55:58,🎲末日結算 🚨異常掃貨 🆕新倉暴量 ⚠️暴動高IV(88%),GAMBLE,4
PCG,2026-09-11,14.5,0.5,5269,1600,58.20354296875,1,14.82,0.39,0.6,2026-09-08 19:53:09,🎲末日結算 🆕新倉暴量 🚬菸屁股,GAMBLE,4
INTC,2026-09-18,140.0,0.15,12804,1596,88.476677734375,8,104.47,0.14,0.16,2026-09-08 19:59:15,🚀點火(5.5x) 🚬菸屁股 ⚠️暴動高IV(88%),BUY_WATCH,4
OKLO,2026-09-11,44.0,1.18,792,1537,100.78174609374999,1,43.31,1.2,1.34,2026-09-08 19:58:33,🎲末日結算 🚨異常掃貨 🆕新倉暴量 ⚠️暴動高IV(101%),GAMBLE,4
IONQ,2026-09-18,55.0,0.13,7141,1500,104.68797656250001,8,40.47,0.1,0.15,2026-09-08 19:54:16,🚀點火(24.2x) 🚬菸屁股 ⚠️暴動高IV(105%),BUY_WATCH,4
JOBY,2026-09-11,7.5,0.02,1134,1415,79.687703125,1,6.84,0.02,0.03,2026-09-08 19:48:43,🎲末日結算 🚨異常掃貨 🚬菸屁股,GAMBLE,4
BA,2026-09-11,230.0,0.05,1657,1348,46.0942890625,1,210.73,0.03,0.06,2026-09-08 19:58:51,🎲末日結算 🆕新倉暴量 🚬菸屁股,GAMBLE,4
ASTS,2026-09-11,67.0,1.7,851,1308,88.13488427734374,1,66.12,1.63,1.79,2026-09-08 19:59:02,🎲末日結算 🚨異常掃貨 🆕新倉暴量 ⚠️暴動高IV(88%),GAMBLE,4
BA,2026-09-11,217.5,0.64,1093,1308,36.255520263671876,1,210.73,0.53,0.63,2026-09-08 19:58:23,🎲末日結算 🆕新倉暴量 🚬菸屁股,GAMBLE,4
WMT,2026-09-11,112.0,0.02,1141,1286,32.422550781249996,1,106.05,0.01,0.04,2026-09-08 19:52:41,🎲末日結算 🚀點火(2.6x) 🚬菸屁股,GAMBLE,4
ONDS,2026-09-18,9.5,0.03,1649,1278,87.500125,8,7.62,0.03,0.04,2026-09-08 19:34:23,🚀點火(4.4x) 🚬菸屁股 ⚠️暴動高IV(88%),BUY_WATCH,4
BEAM,2026-09-18,30.0,0.43,1189,1213,82.42205078125,8,26.83,0.25,0.65,2026-09-08 17:50:57,🆕新倉暴量 🚬菸屁股 ⚠️暴動高IV(82%),BUY_WATCH,4
HIMS,2026-09-11,29.5,0.31,2766,1109,79.687703125,1,28.17,0.3,0.36,2026-09-08 19:55:54,🎲末日結算 🆕新倉暴量 🚬菸屁股,GAMBLE,4
NTLA,2026-09-18,13.0,0.6,1516,1079,85.1563984375,8,12.74,0.55,0.65,2026-09-08 19:59:20,🚀點火(>50x) 🚬菸屁股 ⚠️暴動高IV(85%),BUY_WATCH,4
OPEN,2026-09-18,4.5,0.01,761,1002,112.5004375,8,3.07,0.0,0.01,2026-09-08 16:53:06,🚨異常掃貨 🆕新倉暴量 🚬菸屁股 ⚠️尾段價外(47%) ⚠️暴動高IV(113%),STRONG_BUY,4
OKLO,2026-09-18,55.0,0.21,1773,964,100.9770576171875,8,43.31,0.21,0.35,2026-09-08 19:59:08,🚀點火(14.2x) 🚬菸屁股 ⚠️暴動高IV(101%),BUY_WATCH,4
TSM,2026-09-11,460.0,0.81,1061,857,41.77304321289062,1,439.0,0.73,0.89,2026-09-08 19:52:49,🎲末日結算 🆕新倉暴量 🚬菸屁股,GAMBLE,4
TGT,2026-09-11,165.0,0.97,996,742,34.13151806640625,1,162.71,0.9,1.08,2026-09-08 19:53:11,🎲末日結算 🆕新倉暴量 🚬菸屁股,GAMBLE,4
F,2026-09-11,13.5,0.65,1099,676,59.375406250000005,1,14.0,0.53,0.61,2026-09-08 19:49:49,🎲末日結算 🆕新倉暴量 🚬菸屁股,GAMBLE,4
TDOC,2026-09-11,6.5,0.03,837,624,51.562984375,1,6.26,0.01,0.06,2026-09-08 19:57:38,🎲末日結算 🆕新倉暴量 🚬菸屁股,GAMBLE,4
SMCI,2026-09-18,49.0,0.23,2306,592,83.98453515624999,8,40.26,0.21,0.23,2026-09-08 19:59:40,🚀點火(7.0x) 🚬菸屁股 ⚠️暴動高IV(84%),BUY_WATCH,4
NBIS,2026-09-18,330.0,0.83,1280,553,104.49266503906252,8,243.88,0.74,0.85,2026-09-08 19:58:23,🚀點火(5.6x) 🚬菸屁股 ⚠️暴動高IV(104%),BUY_WATCH,4
PCG,2026-09-11,16.0,0.07,820,546,75.7814921875,1,14.82,0.04,0.1,2026-09-08 19:58:40,🎲末日結算 🆕新倉暴量 🚬菸屁股,GAMBLE,4
RKLB,2026-09-18,85.0,0.15,3375,450,85.54701953125,8,65.87,0.13,0.17,2026-09-08 19:49:28,🚀點火(4.2x) 🚬菸屁股 ⚠️暴動高IV(86%),BUY_WATCH,4
MSFT,2026-12-18,525.0,19.95,53545,417,31.131670135498034,99,493.95,19.6,20.0,2026-09-08 19:59:56,🚀點火(2.7x) 🔥萬人塚 🏛️機構場,HOLD,4
OKLO,2026-09-18,60.0,0.11,3726,381,105.85984570312502,8,43.31,0.1,0.12,2026-09-08 19:57:34,🚀點火(4.1x) 🚬菸屁股 ⚠️暴動高IV(106%),BUY_WATCH,4
SMR,2026-10-16,15.0,0.37,1045,354,96.48441015625,36,11.18,0.35,0.39,2026-09-08 19:59:26,🚀點火(8.0x) 🚬菸屁股 ⚠️暴動高IV(96%),BUY_WATCH,4
HIMS,2026-09-18,37.0,0.06,4260,220,91.4063359375,8,28.17,0.06,0.08,2026-09-08 19:43:29,🚀點火(7.9x) 🚬菸屁股 ⚠️暴動高IV(91%),BUY_WATCH,4
HIMS,2026-09-18,38.0,0.08,1452,81,97.26565234374999,8,28.17,0.05,0.08,2026-09-08 18:25:59,🚀點火(2.7x) 🚬菸屁股 ⚠️暴動高IV(97%),BUY_WATCH,4
TSLA,2026-09-18,400.0,2.0,22976,21228,45.667047241210945,8,368.16,1.97,2.0,2026-09-08 19:59:57,🆕新倉暴量,HOLD,3
INTC,2026-09-18,105.0,4.45,19371,20944,68.8723815917969,8,104.47,4.4,4.6,2026-09-08 19:59:31,🆕新倉暴量,HOLD,3
INTC,2026-10-16,105.0,8.75,21259,16571,67.72493212890626,36,104.47,8.75,8.95,2026-09-08 19:57:34,🆕新倉暴量,HOLD,3
NVDA,2026-09-18,250.0,0.27,97160,16124,36.817038085937504,8,225.73,0.27,0.28,2026-09-08 19:59:35,🚬菸屁股 🔥萬人塚,HOLD,3
PLTR,2026-09-11,175.0,1.51,9197,12937,53.613745117187506,1,170.3,1.5,1.52,2026-09-08 19:59:56,🎲末日結算 🚨異常掃貨,GAMBLE,3
INTC,2026-10-16,120.0,4.23,11126,12502,70.56914196777345,36,104.47,4.15,4.3,2026-09-08 19:59:53,🆕新倉暴量,HOLD,3
NVDA,2026-09-18,245.0,0.5,34651,12325,35.44986425781249,8,225.73,0.5,0.51,2026-09-08 19:59:41,🚬菸屁股 🔥萬人塚,HOLD,3
ORCL,2026-09-18,200.0,2.04,39626,11692,109.27779736328125,8,162.52,2.01,2.05,2026-09-08 19:59:54,🆕新倉暴量 🔥萬人塚 ⚠️暴動高IV(109%),HOLD,3
CRWV,2026-09-18,110.0,2.3,62646,10322,87.89074609375,8,99.83,2.26,2.34,2026-09-08 19:59:50,🚀點火(3.4x) 🔥萬人塚 ⚠️暴動高IV(88%),HOLD,3
IBIT,2026-09-18,47.0,0.44,30982,9943,46.19194433593751,8,44.39,0.43,0.46,2026-09-08 20:14:40,🚬菸屁股 🔥萬人塚,HOLD,3
INTC,2026-11-20,130.0,6.1,21635,9934,76.45287219238281,71,104.47,6.1,6.4,2026-09-08 19:56:52,🆕新倉暴量,HOLD,3
NVDA,2026-10-16,225.0,10.9,20513,9868,36.49355499267578,36,225.73,10.85,10.95,2026-09-08 19:59:52,🆕新倉暴量,HOLD,3
NVDA,2026-09-18,260.0,0.11,33329,9075,41.4068359375,8,225.73,0.1,0.12,2026-09-08 19:57:43,🚬菸屁股 🔥萬人塚,HOLD,3
SMCI,2026-10-16,50.0,1.27,7914,8953,78.56466748046876,36,40.26,1.2,1.27,2026-09-08 19:59:15,🚀點火(4.2x),HOLD,3
INTC,2026-11-20,90.0,21.0,11457,8448,72.851833984375,71,104.47,20.95,21.25,2026-09-08 19:58:58,🆕新倉暴量,HOLD,3
IBIT,2026-09-18,48.0,0.26,37898,8159,47.1684970703125,8,44.39,0.28,0.3,2026-09-08 19:55:46,🚬菸屁股 🔥萬人塚,HOLD,3
INTC,2026-11-20,140.0,4.58,16501,7747,77.24632128906251,71,104.47,4.45,4.7,2026-09-08 19:56:54,🆕新倉暴量,HOLD,3
TSLA,2026-09-18,380.0,5.9,8809,7718,43.97028686523438,8,368.16,5.85,5.95,2026-09-08 19:59:48,🆕新倉暴量,HOLD,3
IREN,2027-01-15,65.0,5.55,11589,6950,98.27882580566407,127,46.93,5.5,5.9,2026-09-08 19:56:42,🆕新倉暴量,HOLD,3
IREN,2026-09-11,47.0,1.62,3937,6890,98.9257919921875,1,46.93,1.62,1.67,2026-09-08 19:59:52,🎲末日結算 🚨異常掃貨,GAMBLE,3
GOOG,2026-11-20,400.0,4.45,9995,6503,37.67762518310547,71,335.38,4.35,4.7,2026-09-08 19:57:10,🆕新倉暴量,HOLD,3
AMZN,2026-09-18,265.0,2.38,18873,6475,32.10517114257812,8,256.97,2.34,2.42,2026-09-08 19:59:59,🆕新倉暴量,HOLD,3
IBIT,2026-10-16,50.0,0.72,35704,6420,44.482977050781244,36,44.39,0.73,0.77,2026-09-08 20:00:37,🚬菸屁股 🔥萬人塚,HOLD,3
NBIS,2026-09-11,270.0,1.91,1887,6282,107.42233789062503,1,243.88,1.82,2.0,2026-09-08 19:59:59,🎲末日結算 🚨異常掃貨,GAMBLE,3
INTC,2027-01-15,150.0,6.4,21367,6130,75.08569836425781,127,104.47,6.25,6.75,2026-09-08 19:56:53,🆕新倉暴量,HOLD,3
TSLA,2026-10-16,400.0,9.0,11655,5924,43.35994140625,36,368.16,9.0,9.15,2026-09-08 19:59:44,🆕新倉暴量,HOLD,3
ORCL,2026-10-16,200.0,4.18,16787,5864,71.5701085205078,36,162.52,4.15,4.2,2026-09-08 19:59:39,🆕新倉暴量,HOLD,3
META,2026-10-16,750.0,2.85,7556,5860,42.413905944824215,36,613.48,2.75,2.92,2026-09-08 19:59:50,🆕新倉暴量,HOLD,3
GOOG,2026-11-20,380.0,7.6,7170,5766,37.37855590820312,71,335.38,7.15,7.85,2026-09-08 19:59:51,🆕新倉暴量,HOLD,3
SOFI,2026-09-18,19.0,0.26,35887,5755,52.539537109375004,8,18.01,0.26,0.27,2026-09-08 19:59:41,🚬菸屁股 🔥萬人塚,HOLD,3
SOFI,2026-09-18,20.0,0.12,50387,5719,56.250437500000004,8,18.01,0.11,0.12,2026-09-08 19:59:35,🚬菸屁股 🔥萬人塚,HOLD,3
PCG,2026-10-16,21.0,0.17,7760,5708,72.07059179687501,36,14.82,0.05,0.19,2026-09-08 18:23:08,🚀點火(>50x) 🚬菸屁股 ⚠️尾段價外(42%),BUY_WATCH,3
INTC,2026-12-18,125.0,9.1,5620,5702,73.35842071533203,99,104.47,9.0,9.25,2026-09-08 19:56:32,🆕新倉暴量,HOLD,3
INTC,2027-01-15,130.0,9.71,17907,5537,72.67483380126953,127,104.47,9.65,9.85,2026-09-08 19:58:52,🆕新倉暴量,HOLD,3
CRWV,2026-12-18,200.0,2.58,11389,5518,92.83454431152343,99,99.83,2.22,2.49,2026-09-08 18:36:43,🆕新倉暴量,HOLD,3
PCG,2027-01-15,20.0,0.92,30028,5159,64.99058447265625,127,14.82,0.65,1.0,2026-09-08 19:38:53,🚬菸屁股 🔥萬人塚,HOLD,3
IREN,2026-12-18,60.0,5.5,15651,5128,96.76516906738281,99,46.93,5.25,5.55,2026-09-08 19:53:45,🆕新倉暴量,HOLD,3
AMZN,2027-01-15,315.0,5.7,4958,5089,36.71327935791015,127,256.97,5.6,5.85,2026-09-08 19:58:01,🆕新倉暴量,HOLD,3
AMZN,2026-09-11,257.5,2.97,2505,5087,35.01041552734374,1,256.97,2.89,3.0,2026-09-08 19:59:55,🎲末日結算 🚨異常掃貨,GAMBLE,3
INTC,2026-12-18,130.0,8.05,8073,5055,73.95045581054687,99,104.47,7.9,8.2,2026-09-08 19:59:40,🆕新倉暴量,HOLD,3
TSM,2026-09-18,470.0,1.78,5707,4815,37.26869372558594,8,439.0,1.66,1.9,2026-09-08 19:59:52,🆕新倉暴量,HOLD,3
AMZN,2026-10-16,295.0,1.32,12734,4780,33.36248278808594,36,256.97,1.32,1.4,2026-09-08 19:58:47,🆕新倉暴量,HOLD,3
TSLA,2026-09-18,375.0,7.5,7116,4754,43.92756268310547,8,368.16,7.55,7.7,2026-09-08 19:59:38,🆕新倉暴量,HOLD,3
IBIT,2026-09-18,43.0,2.03,22032,4702,46.87553125,8,44.39,2.08,2.16,2026-09-08 19:48:58,🆕新倉暴量,HOLD,3
TSLA,2026-09-18,390.0,3.44,8789,4669,44.72101177978516,8,368.16,3.4,3.5,2026-09-08 19:59:49,🆕新倉暴量,HOLD,3
IBIT,2026-09-18,50.0,0.13,38415,4652,50.7817421875,8,44.39,0.12,0.14,2026-09-08 19:58:08,🚬菸屁股 🔥萬人塚,HOLD,3
QCOM,2026-09-18,180.0,3.6,7029,4541,51.318846191406244,8,174.09,3.4,3.6,2026-09-08 19:59:47,🆕新倉暴量,HOLD,3
HOOD,2026-09-18,130.0,1.53,7672,4393,71.28934960937501,8,117.34,1.51,1.59,2026-09-08 19:59:56,🆕新倉暴量,HOLD,3
BA,2026-09-11,215.0,1.1,2045,4359,35.44986425781249,1,210.73,0.99,1.11,2026-09-08 19:59:53,🎲末日結算 🚨異常掃貨,GAMBLE,3
INTC,2026-09-18,90.0,14.94,12723,4306,71.87528125,8,104.47,14.95,15.15,2026-09-08 19:58:34,🆕新倉暴量,HOLD,3
CRWV,2026-09-18,115.0,1.46,40063,4278,89.64854101562499,8,99.83,1.42,1.47,2026-09-08 19:58:13,🚀點火(8.2x) 🔥萬人塚 ⚠️暴動高IV(90%),HOLD,3
IREN,2026-11-20,60.0,4.0,15350,4143,97.97365307617189,71,46.93,4.0,4.25,2026-09-08 19:59:29,🆕新倉暴量,HOLD,3
CRWV,2027-01-15,280.0,1.23,18253,4062,94.65337377929689,127,99.83,1.15,1.25,2026-09-08 19:36:44,🚀點火(21.2x),HOLD,3
INTC,2026-10-16,125.0,3.35,10589,4007,71.8874881591797,36,104.47,3.25,3.4,2026-09-08 19:59:04,🆕新倉暴量,HOLD,3
INTC,2026-12-18,120.0,10.3,9305,3952,72.83962707519531,99,104.47,10.25,10.5,2026-09-08 19:58:11,🆕新倉暴量,HOLD,3
AMD,2026-09-18,520.0,11.75,5110,3743,54.297332031250015,8,505.74,11.7,12.55,2026-09-08 19:59:02,🆕新倉暴量,HOLD,3
INTC,2027-01-15,210.0,2.1,6995,3685,79.56563403320311,127,104.47,2.06,2.19,2026-09-08 19:59:50,🚀點火(25.6x),HOLD,3
ASTS,2026-09-11,65.0,2.77,2350,3629,87.2071591796875,1,66.12,2.57,2.78,2026-09-08 19:57:13,🎲末日結算 🚨異常掃貨,GAMBLE,3
META,2026-09-18,650.0,4.9,13668,3474,41.876801940917964,8,613.48,4.85,4.95,2026-09-08 19:59:56,🆕新倉暴量,HOLD,3
IREN,2027-01-15,90.0,2.73,5195,3393,100.80616003417968,127,46.93,2.55,2.78,2026-09-08 19:48:32,🆕新倉暴量,HOLD,3
INTC,2026-09-18,92.5,12.8,5109,3235,78.66232275390624,8,104.47,12.75,13.6,2026-09-08 19:56:21,🆕新倉暴量,HOLD,3
PCG,2026-09-18,22.0,0.03,79612,3082,112.5004375,8,14.82,0.01,0.03,2026-09-08 19:41:40,🚀點火(>50x) 🚬菸屁股 🔥萬人塚 ⚠️尾段價外(48%) ⚠️暴動高IV(113%),BUY_WATCH,3
MSTR,2026-09-18,140.0,5.7,6844,3076,79.83418603515625,8,136.52,5.6,5.75,2026-09-08 19:59:56,🆕新倉暴量,HOLD,3
INTC,2027-01-15,115.0,13.55,5205,3068,71.32597033691408,127,104.47,13.5,13.75,2026-09-08 19:57:29,🆕新倉暴量,HOLD,3
RKLB,2026-09-18,65.0,3.5,3842,3020,71.679970703125,8,65.87,3.4,3.7,2026-09-08 19:59:34,🆕新倉暴量,HOLD,3
INTC,2026-11-20,180.0,1.7,7370,2993,83.03239624023438,71,104.47,1.52,1.67,2026-09-08 19:51:05,🚀點火(5.8x),HOLD,3
TSM,2026-09-18,450.0,5.75,7121,2905,36.133451171874995,8,439.0,5.55,6.0,2026-09-08 19:53:21,🆕新倉暴量,HOLD,3
PCG,2026-09-18,24.0,0.02,169851,2899,128.125359375,8,14.82,0.01,0.02,2026-09-08 19:39:17,🆕低基期(前日Vol7) 🚬菸屁股 🔥萬人塚,HOLD,3
NVDA,2027-01-15,460.0,0.09,36131,2869,44.824770507812495,127,225.73,0.08,0.1,2026-09-08 19:57:54,🚬菸屁股 🔥萬人塚,HOLD,3
INTC,2026-10-16,135.0,2.07,7844,2865,74.8293532714844,36,104.47,2.03,2.19,2026-09-08 19:59:09,🚀點火(8.6x),HOLD,3
TSM,2026-09-18,460.0,3.13,2934,2833,36.646141357421875,8,439.0,3.1,3.45,2026-09-08 19:52:32,🆕新倉暴量,HOLD,3
HOOD,2026-10-16,150.0,1.97,3346,2734,68.92120922851564,36,117.34,1.96,2.04,2026-09-08 19:59:30,🆕新倉暴量,HOLD,3
AMZN,2026-09-18,280.0,0.39,41452,2407,34.22917333984374,8,256.97,0.38,0.43,2026-09-08 19:59:43,🚬菸屁股 🔥萬人塚,HOLD,3
SOFI,2026-09-18,22.0,0.03,154739,2382,68.7503125,8,18.01,0.03,0.04,2026-09-08 19:50:53,🚬菸屁股 🔥萬人塚,HOLD,3
WMT,2026-10-16,110.0,1.93,9909,2321,26.17261328125,36,106.05,1.88,2.0,2026-09-08 19:59:43,🆕新倉暴量,HOLD,3
ACHR,2027-01-15,7.0,0.7,60502,2229,79.883013671875,127,5.83,0.69,0.72,2026-09-08 19:58:16,🚬菸屁股 🔥萬人塚,HOLD,3
SMR,2027-01-15,15.0,1.37,16028,2184,94.92192578125,127,11.18,1.33,1.41,2026-09-08 19:58:53,🚀點火(9.5x),HOLD,3
QCOM,2026-09-18,185.0,2.26,2606,2183,52.661606201171885,8,174.09,2.18,2.31,2026-09-08 19:59:39,🆕新倉暴量,HOLD,3
SMR,2027-01-15,10.0,2.9,9525,2181,88.67198828125,127,11.18,2.7,2.98,2026-09-08 19:57:49,🆕新倉暴量,HOLD,3
RKLB,2026-09-11,65.0,2.25,1626,2159,77.44163183593751,1,65.87,2.25,2.35,2026-09-08 19:58:54,🎲末日結算 🚨異常掃貨,GAMBLE,3
IBIT,2026-10-16,60.0,0.15,30529,2150,53.51608984375,36,44.39,0.14,0.15,2026-09-08 19:32:37,🚬菸屁股 🔥萬人塚,HOLD,3
HOOD,2026-10-16,140.0,3.3,4523,2056,67.44417321777345,36,117.34,3.15,3.4,2026-09-08 19:59:37,🆕新倉暴量,HOLD,3
QCOM,2026-10-16,200.0,3.1,5096,2054,49.42677526855469,36,174.09,3.0,3.15,2026-09-08 19:58:58,🆕新倉暴量,HOLD,3
ONDS,2026-09-18,10.0,0.02,61417,2010,96.87503124999999,8,7.62,0.02,0.03,2026-09-08 19:46:22,🚬菸屁股 🔥萬人塚,HOLD,3
HOOD,2026-09-11,121.0,1.85,1465,1851,79.44356494140624,1,117.34,1.84,1.96,2026-09-08 19:59:31,🎲末日結算 🚨異常掃貨,GAMBLE,3
META,2026-09-18,690.0,1.09,2403,1791,44.458563232421874,8,613.48,1.06,1.12,2026-09-08 19:55:58,🆕新倉暴量,HOLD,3
ORCL,2026-10-16,190.0,5.78,7185,1789,70.53252124023439,36,162.52,5.75,5.9,2026-09-08 19:58:46,🆕新倉暴量,HOLD,3
SMCI,2026-09-18,43.0,1.01,5746,1736,76.75804492187501,8,40.26,0.99,1.04,2026-09-08 19:59:33,🆕新倉暴量,HOLD,3
IONQ,2026-12-18,45.0,5.36,6299,1728,83.789224609375,99,40.47,5.25,5.55,2026-09-08 19:57:30,🆕新倉暴量,HOLD,3
QCOM,2026-09-18,175.0,5.4,4679,1666,50.70850073242188,8,174.09,5.3,5.5,2026-09-08 19:59:50,🆕新倉暴量,HOLD,3
AMZN,2026-09-18,257.5,5.15,1303,1550,33.03289624023437,8,256.97,5.1,5.35,2026-09-08 19:59:58,🆕新倉暴量,HOLD,3
TSM,2026-10-16,500.0,4.45,5880,1527,39.148557739257804,36,439.0,4.25,4.65,2026-09-08 19:57:22,🆕新倉暴量,HOLD,3
RKLB,2026-10-16,75.0,3.13,2688,1481,74.804939453125,36,65.87,3.1,3.2,2026-09-08 19:59:48,🆕新倉暴量,HOLD,3
AMZN,2026-09-18,300.0,0.06,34929,1458,40.820904296875,8,256.97,0.06,0.07,2026-09-08 19:57:30,🚬菸屁股 🔥萬人塚,HOLD,3
RKLB,2026-12-18,100.0,3.2,5348,1449,82.91032714843749,99,65.87,3.05,3.25,2026-09-08 19:55:56,🆕新倉暴量,HOLD,3
QCOM,2026-12-18,220.0,5.05,3488,1427,50.67188000488281,99,174.09,5.25,5.6,2026-09-08 19:56:43,🆕新倉暴量,HOLD,3
ZM,2026-10-16,110.0,1.39,1320,1405,47.192910888671875,36,96.44,1.38,1.68,2026-09-08 19:57:43,🆕新倉暴量,HOLD,3
F,2026-09-18,15.0,0.07,48414,1334,39.45373046875,8,14.0,0.06,0.07,2026-09-08 19:59:29,🚬菸屁股 🔥萬人塚,HOLD,3
QCOM,2026-10-16,190.0,5.0,4210,1325,48.88967126464845,36,174.09,4.9,5.2,2026-09-08 19:55:55,🆕新倉暴量,HOLD,3
IONQ,2027-01-15,65.0,2.4,2308,1309,85.4493642578125,127,40.47,1.98,2.85,2026-09-08 18:09:37,🆕新倉暴量,HOLD,3
COSM,2027-01-15,2.0,0.05,1415,1300,271.8753203125,127,0.2704,0.0,0.1,2026-08-20 13:59:24,🆕新倉暴量 ⚠️IV頂峰 🚬菸屁股,BUY_WATCH,3
CRWV,2026-12-18,160.0,5.53,5007,1295,90.11240356445312,99,99.83,4.8,5.1,2026-09-08 17:58:58,🆕新倉暴量,HOLD,3
ORCL,2026-11-20,220.0,4.45,3185,1268,66.66293103027346,71,162.52,4.4,4.65,2026-09-08 19:56:08,🆕新倉暴量,HOLD,3
IONQ,2026-12-18,50.0,3.85,5448,1266,85.937640625,99,40.47,4.05,4.3,2026-09-08 19:42:46,🆕新倉暴量,HOLD,3
SOFI,2026-09-18,25.0,0.01,36938,1254,89.062609375,8,18.01,0.01,0.02,2026-09-08 19:49:47,🚬菸屁股 🔥萬人塚,HOLD,3
SOFI,2027-01-15,25.0,0.72,102879,1203,59.81485498046876,127,18.01,0.71,0.73,2026-09-08 19:53:43,🚬菸屁股 🔥萬人塚,HOLD,3
META,2026-09-18,660.0,3.4,3317,1175,42.46273358154296,8,613.48,3.35,3.45,2026-09-08 19:59:45,🆕新倉暴量,HOLD,3
VST,2026-10-16,170.0,3.37,1377,1162,48.657739990234376,36,151.72,3.25,3.45,2026-09-08 19:59:59,🆕新倉暴量,HOLD,3
META,2026-10-16,720.0,5.06,2590,1131,41.78525012207031,36,613.48,4.75,5.15,2026-09-08 19:56:18,🆕新倉暴量,HOLD,3
HOOD,2026-11-20,160.0,4.0,2499,1085,72.91286853027343,71,117.34,3.9,4.2,2026-09-08 19:58:08,🆕新倉暴量,HOLD,3
HOOD,2026-10-16,130.0,5.35,4961,1057,65.69858520507813,36,117.34,5.2,5.4,2026-09-08 19:59:37,🆕新倉暴量,HOLD,3
CRWV,2026-12-18,170.0,4.35,5000,1037,90.46640393066407,99,99.83,3.9,4.15,2026-09-08 18:42:07,🆕新倉暴量,HOLD,3
ORCL,2026-12-18,290.0,1.98,2675,1027,69.98321032714844,99,162.52,1.76,2.15,2026-09-08 19:14:34,🆕新倉暴量,HOLD,3
HIMS,2026-11-20,32.0,2.8,3006,1016,82.81267187499999,71,28.17,2.67,2.85,2026-09-08 19:59:57,🆕新倉暴量,HOLD,3
IREN,2026-11-20,75.0,2.08,2944,997,101.5385782470703,71,46.93,1.99,2.16,2026-09-08 19:54:40,🆕新倉暴量,HOLD,3
META,2026-09-18,685.0,1.27,1319,980,44.15339050292969,8,613.48,1.29,1.36,2026-09-08 19:57:54,🆕新倉暴量,HOLD,3
META,2026-09-18,675.0,1.89,2945,979,43.04256176757813,8,613.48,1.88,1.91,2026-09-08 19:57:11,🆕新倉暴量,HOLD,3
NVDA,2026-09-18,300.0,0.01,37071,976,59.375406250000005,8,225.73,0.01,0.02,2026-09-08 19:58:23,🚬菸屁股 🔥萬人塚,HOLD,3
COST,2026-09-18,950.0,2.24,1622,974,23.297886169433596,8,910.18,2.06,2.41,2026-09-08 19:59:31,🆕新倉暴量,HOLD,3
MU,2026-09-18,1270.0,1.38,939,971,73.95045581054687,8,1000.26,1.24,1.43,2026-09-08 19:54:51,🆕新倉暴量,HOLD,3
ASTS,2027-01-15,120.0,3.25,4252,931,91.82137084960938,127,66.12,2.82,3.8,2026-09-08 18:27:16,🆕新倉暴量,HOLD,3
HOOD,2026-09-18,118.0,5.05,1011,929,67.26106958007814,8,117.34,4.75,5.05,2026-09-08 19:58:38,🆕新倉暴量,HOLD,3
QCOM,2026-10-16,210.0,1.95,1949,929,50.525397094726564,36,174.09,1.84,2.02,2026-09-08 19:56:54,🆕新倉暴量,HOLD,3
PATH,2026-11-20,14.0,1.56,1410,906,66.50424121093752,71,14.01,1.52,1.8,2026-09-08 19:36:27,🆕新倉暴量,HOLD,3
IONQ,2027-01-15,45.0,5.85,4329,899,84.5460529785156,127,40.47,5.85,6.95,2026-09-08 19:53:17,🆕新倉暴量,HOLD,3
NVDA,2026-09-18,265.0,0.07,51048,871,43.555251953125,8,225.73,0.07,0.08,2026-09-08 19:59:27,🚬菸屁股 🔥萬人塚,HOLD,3
QCOM,2026-09-18,195.0,1.0,1693,858,55.078574218750006,8,174.09,0.72,1.0,2026-09-08 19:57:21,🆕新倉暴量,HOLD,3
SOFI,2026-10-16,25.0,0.09,11209,851,61.328511718750015,36,18.01,0.08,0.09,2026-09-08 19:20:43,🚀點火(3.9x) 🚬菸屁股 ⚠️尾段價外(39%),BUY_WATCH,3
IBIT,2028-01-21,140.0,0.92,32170,823,57.129334960937506,498,44.39,0.82,0.95,2026-09-08 19:58:56,🔭LEAPS 🔥萬人塚,HOLD,3
BA,2026-10-16,220.0,5.07,2750,819,33.20989642333985,36,210.73,5.0,5.3,2026-09-08 19:59:53,🆕新倉暴量,HOLD,3
ORCL,2026-11-20,240.0,2.79,1627,807,68.00569104003908,71,162.52,2.74,2.9,2026-09-08 19:37:08,🆕新倉暴量,HOLD,3
ORCL,2026-10-16,210.0,2.96,2952,806,72.93728234863282,36,162.52,2.97,3.1,2026-09-08 19:58:02,🆕新倉暴量,HOLD,3
PLTR,2026-09-18,230.0,0.06,6325,785,73.82838671875,8,170.3,0.05,0.06,2026-09-08 19:31:51,🚀點火(3.4x) 🚬菸屁股 ⚠️尾段價外(35%),BUY_WATCH,3
SMCI,2026-11-20,60.0,1.42,3419,778,85.742330078125,71,40.26,1.37,1.5,2026-09-08 19:48:28,🆕新倉暴量,HOLD,3
SOFI,2026-12-18,19.0,1.8,3716,766,58.5941640625,99,18.01,1.79,1.82,2026-09-08 19:57:14,🆕新倉暴量,HOLD,3
ONDS,2027-01-15,10.0,0.86,51036,761,88.76964355468748,127,7.62,0.85,0.9,2026-09-08 19:58:37,🚬菸屁股 🔥萬人塚,HOLD,3
ZM,2026-12-18,140.0,1.48,1056,755,51.92919165039063,99,96.44,0.91,1.59,2026-09-04 15:42:01,🆕新倉暴量,HOLD,3
META,2026-09-18,800.0,0.06,6779,703,59.18009570312501,8,613.48,0.05,0.09,2026-09-08 19:34:16,🚀點火(13.0x) 🚬菸屁股 ⚠️尾段價外(30%),BUY_WATCH,3
ORCL,2027-01-15,310.0,2.18,2625,686,69.06769213867189,127,162.52,2.06,2.44,2026-09-08 16:46:46,🆕新倉暴量,HOLD,3
OPEN,2027-01-15,7.0,0.13,49919,685,107.81296093750001,127,3.07,0.12,0.15,2026-09-08 19:35:08,🚬菸屁股 🔥萬人塚,HOLD,3
VRT,2026-09-18,310.0,4.62,1335,674,60.08340698242189,8,290.83,4.4,5.0,2026-09-08 19:59:29,🆕新倉暴量,HOLD,3
WMT,2026-09-18,107.0,1.38,1229,673,26.245854736328127,8,106.05,1.33,1.41,2026-09-08 19:56:50,🆕新倉暴量,HOLD,3
SMR,2026-11-20,13.0,1.27,2466,665,95.11723632812499,71,11.18,1.18,1.32,2026-09-08 19:59:52,🚀點火(5.6x),HOLD,3
SHOP,2026-09-18,160.0,0.21,80893,664,58.984785156250005,8,134.1,0.16,0.24,2026-09-08 19:48:45,🚬菸屁股 🔥萬人塚,HOLD,3
SMR,2026-11-20,10.0,2.4,2744,660,96.289099609375,71,11.18,2.38,2.53,2026-09-08 19:58:33,🆕新倉暴量,HOLD,3
OKLO,2026-11-20,50.0,4.41,1893,637,86.27943408203124,71,43.31,4.1,4.45,2026-09-08 19:51:50,🆕新倉暴量,HOLD,3
IBIT,2027-01-15,140.0,0.07,30010,604,75.00025000000001,127,44.39,0.04,0.07,2026-09-08 16:51:22,🚬菸屁股 🔥萬人塚,HOLD,3
IBIT,2026-09-18,55.0,0.04,36105,598,63.67223828125,8,44.39,0.03,0.05,2026-09-08 19:44:42,🚬菸屁股 🔥萬人塚,HOLD,3
META,2026-09-18,645.0,5.75,1674,593,41.74862939453124,8,613.48,5.8,5.95,2026-09-08 19:58:18,🆕新倉暴量,HOLD,3
VST,2026-10-16,175.0,2.52,753,592,49.86622399902344,36,151.72,2.43,2.69,2026-09-08 19:52:12,🆕新倉暴量,HOLD,3
RKLB,2026-09-18,67.0,2.6,1414,570,72.02176416015625,8,65.87,2.58,2.67,2026-09-08 19:52:33,🆕新倉暴量,HOLD,3
ONDS,2026-10-16,7.0,1.1,1125,563,75.39087109375001,36,7.62,1.01,1.11,2026-09-08 19:19:32,🆕新倉暴量,HOLD,3
HIMS,2026-10-16,32.0,1.31,1598,552,73.5354208984375,36,28.17,1.29,1.36,2026-09-08 19:59:34,🆕新倉暴量,HOLD,3
SMR,2026-11-20,12.0,1.58,3442,552,94.726615234375,71,11.18,1.53,1.59,2026-09-08 19:58:47,🚀點火(8.2x),HOLD,3
ACHR,2027-01-15,10.0,0.25,51591,542,82.81267187499999,127,5.83,0.24,0.27,2026-09-08 19:58:19,🚬菸屁股 🔥萬人塚,HOLD,3
VST,2026-10-16,160.0,6.0,2436,536,48.8408436279297,36,151.72,5.8,6.2,2026-09-08 19:56:51,🆕新倉暴量,HOLD,3
U,2026-10-16,48.0,1.3,1331,536,55.9574716796875,36,42.75,1.23,1.34,2026-09-08 19:59:21,🚀點火(7.0x),HOLD,3
BA,2026-10-16,225.0,3.67,1812,530,32.94744787597656,36,210.73,3.4,3.8,2026-09-08 19:57:56,🆕新倉暴量,HOLD,3
BA,2026-09-18,217.5,2.08,808,529,34.570966796875,8,210.73,1.9,2.23,2026-09-08 19:59:44,🆕新倉暴量,HOLD,3
IREN,2027-01-15,140.0,1.22,8672,518,108.203583984375,127,46.93,0.82,1.02,2026-09-08 16:07:16,🚀點火(5.2x),HOLD,3
HIMS,2026-10-16,30.0,1.9,2155,504,72.6565234375,36,28.17,1.88,1.91,2026-09-08 19:59:50,🆕新倉暴量,HOLD,3
PATH,2027-01-15,19.0,1.01,826,476,75.68383691406251,127,14.01,0.98,1.17,2026-09-08 18:37:25,🆕新倉暴量,HOLD,3
HIMS,2026-09-18,28.0,1.33,1393,475,70.0198310546875,8,28.17,1.32,1.45,2026-09-08 19:58:36,🆕新倉暴量,HOLD,3
HIMS,2026-10-16,33.0,1.09,1546,474,73.7307314453125,36,28.17,1.05,1.14,2026-09-08 19:57:19,🆕新倉暴量,HOLD,3
PCG,2026-11-20,15.0,1.69,1676,463,68.4573466796875,71,14.82,1.65,1.8,2026-09-08 19:53:00,🆕新倉暴量,HOLD,3
QCOM,2026-11-20,220.0,3.9,1711,444,52.57615783691407,71,174.09,3.6,4.1,2026-09-08 19:52:20,🆕新倉暴量,HOLD,3
AMZN,2026-09-18,330.0,0.01,6029,431,50.7817421875,8,256.97,0.0,0.01,2026-09-08 19:43:10,🚀點火(4.4x) 🚬菸屁股 ⚠️尾段價外(28%),BUY_WATCH,3
F,2026-09-18,16.0,0.01,32901,431,46.87553125,8,14.0,0.01,0.02,2026-09-08 19:58:03,🚬菸屁股 🔥萬人塚,HOLD,3
NVDA,2028-01-21,300.0,23.4,96083,428,44.15339050292969,498,225.73,23.35,24.15,2026-09-08 19:54:48,🔭LEAPS 🔥萬人塚,HOLD,3
OPEN,2027-01-15,5.0,0.25,31042,374,99.60937890625,127,3.07,0.25,0.27,2026-09-08 19:36:38,🚬菸屁股 🔥萬人塚,HOLD,3
ONDS,2028-01-21,30.0,0.78,76931,374,94.48247705078124,498,7.62,0.74,0.82,2026-09-08 18:42:57,🔭LEAPS 🔥萬人塚,HOLD,3
IBIT,2027-01-15,60.0,0.98,49395,365,47.363807617187504,127,44.39,0.98,1.05,2026-09-08 19:51:06,🚬菸屁股 🔥萬人塚,HOLD,3
IONQ,2026-11-20,70.0,1.01,987,361,95.45902978515625,71,40.47,0.91,1.2,2026-09-08 19:51:11,🚀點火(16.4x),HOLD,3
OPEN,2028-01-21,5.0,0.94,38737,354,98.242205078125,498,3.07,0.9,0.95,2026-09-08 19:57:17,🔭LEAPS 🔥萬人塚,HOLD,3
OPEN,2028-01-21,20.0,3.25,37480,327,50.0005,498,3.07,0.0,0.0,2025-11-17 20:56:15,🔭LEAPS 🔥萬人塚,HOLD,3
META,2026-10-16,1200.0,0.02,2452,319,66.01596484375001,36,613.48,0.02,0.06,2026-09-08 19:24:10,🚀點火(3.3x) 🚬菸屁股 ⚠️尾段價外(96%),BUY_WATCH,3
VRT,2026-09-18,380.0,0.1,1101,302,67.18782812500001,8,290.83,0.02,0.18,2026-09-08 18:33:48,🚀點火(2.6x) 🚬菸屁股 ⚠️尾段價外(31%),BUY_WATCH,3
PCG,2026-09-18,25.0,0.01,138261,302,118.75040625,8,14.82,0.0,0.01,2026-09-08 19:28:54,🆕低基期(前日Vol3) 🚬菸屁股 🔥萬人塚,HOLD,3
ONDS,2027-01-15,15.0,0.31,54675,286,93.2617861328125,127,7.62,0.28,0.34,2026-09-08 17:53:59,🚬菸屁股 🔥萬人塚,HOLD,3
PCG,2026-09-18,18.0,0.08,81769,276,82.0314296875,8,14.82,0.03,0.12,2026-09-08 19:03:20,🚬菸屁股 🔥萬人塚,HOLD,3
AMD,2026-09-18,700.0,0.08,6513,244,78.51583984375,8,505.74,0.07,0.24,2026-09-08 19:38:34,🚀點火(5.0x) 🚬菸屁股 ⚠️尾段價外(38%),BUY_WATCH,3
DKNG,2026-11-20,30.0,0.8,105947,239,60.547269531250016,71,23.87,0.76,0.84,2026-09-08 19:49:04,🚬菸屁股 🔥萬人塚,HOLD,3
SOFI,2026-10-16,30.0,0.03,6881,235,75.00025000000001,36,18.01,0.03,0.04,2026-09-08 18:23:12,🚀點火(3.0x) 🚬菸屁股 ⚠️尾段價外(67%),BUY_WATCH,3
VST,2026-10-16,200.0,0.61,1802,228,51.807122558593754,36,151.72,0.5,0.69,2026-09-08 19:28:21,🚀點火(3.9x) 🚬菸屁股 ⚠️尾段價外(32%),BUY_WATCH,3
NVDA,2028-01-21,250.0,37.7,37657,227,45.154357055664065,498,225.73,38.0,38.35,2026-09-08 19:54:50,🔭LEAPS 🔥萬人塚,HOLD,3
VST,2026-09-18,200.0,0.03,8517,217,66.01596484375001,8,151.72,0.01,0.06,2026-09-08 19:44:30,🚀點火(8.7x) 🚬菸屁股 ⚠️尾段價外(32%),BUY_WATCH,3
CRWV,2026-12-18,190.0,3.44,3494,212,92.12654357910156,99,99.83,2.67,2.94,2026-09-08 16:52:31,🚀點火(7.1x),HOLD,3
NVDA,2028-01-21,400.0,9.62,51537,207,43.280596496582035,498,225.73,9.3,9.65,2026-09-08 18:40:34,🔭LEAPS 🔥萬人塚,HOLD,3
OPEN,2028-01-21,7.0,0.72,31218,198,101.46533642578123,498,3.07,0.7,0.74,2026-09-08 19:49:02,🔭LEAPS 🔥萬人塚,HOLD,3
SOFI,2027-01-15,35.0,0.19,31406,192,66.99251757812502,127,18.01,0.19,0.2,2026-09-08 19:09:06,🚬菸屁股 🔥萬人塚,HOLD,3
IREN,2026-12-18,105.0,1.34,971,185,105.68894812011717,99,46.93,1.16,1.34,2026-09-08 18:39:28,🚀點火(5.3x),HOLD,3
CRWV,2026-11-20,190.0,1.74,884,175,95.82523706054687,71,99.83,1.58,1.81,2026-09-08 19:52:07,🚀點火(3.4x),HOLD,3
IBIT,2026-10-16,54.0,0.37,38086,169,47.26615234375,36,44.39,0.32,0.35,2026-09-08 19:40:40,🚬菸屁股 🔥萬人塚,HOLD,3
IREN,2026-12-18,110.0,1.15,3975,163,106.20164086914063,99,46.93,0.97,1.19,2026-09-08 18:47:02,🚀點火(6.8x),HOLD,3
TSLA,2027-01-15,960.0,0.56,111358,160,65.94272338867188,127,368.16,0.53,0.56,2026-09-08 19:49:34,🚬菸屁股 🔥萬人塚,HOLD,3
OPEN,2028-01-21,15.0,0.36,32351,160,109.18014160156251,498,3.07,0.35,0.43,2026-09-08 19:03:16,🔭LEAPS 🔥萬人塚,HOLD,3
META,2026-09-18,850.0,0.01,11503,133,64.8441015625,8,613.48,0.0,0.05,2026-09-08 16:22:28,🚀點火(3.7x) 🚬菸屁股 ⚠️尾段價外(39%),BUY_WATCH,3
IBIT,2027-01-15,70.0,0.45,32554,107,50.19581054687501,127,44.39,0.43,0.48,2026-09-08 17:58:40,🚬菸屁股 🔥萬人塚,HOLD,3
IBIT,2028-06-16,100.0,3.15,32248,103,55.84760949707033,645,44.39,3.15,3.45,2026-09-08 19:56:10,🔭LEAPS 🔥萬人塚,HOLD,3
SOFI,2026-10-16,28.0,0.04,1519,100,69.14093359375,36,18.01,0.04,0.05,2026-09-08 14:55:58,🚀點火(4.8x) 🚬菸屁股 ⚠️尾段價外(55%),BUY_WATCH,3
PCG,2026-09-18,27.0,0.02,44929,100,137.50031249999998,8,14.82,0.0,0.01,2026-09-01 18:16:47,🚬菸屁股 🔥萬人塚,HOLD,3
IBIT,2027-01-15,90.0,0.17,34914,80,58.5941640625,127,44.39,0.15,0.19,2026-09-08 19:38:32,🆕低基期(前日Vol1) 🚬菸屁股 🔥萬人塚,HOLD,3
F,2026-09-18,17.0,0.01,46479,80,50.0005,8,14.0,0.0,0.01,2026-09-08 19:15:28,🚬菸屁股 🔥萬人塚,HOLD,3
F,2027-01-15,14.85,0.84,55915,73,37.793590820312495,127,14.0,0.83,0.91,2026-09-08 19:34:09,🚬菸屁股 🔥萬人塚,HOLD,3
ASTS,2027-01-15,180.0,1.0,9719,61,97.90041162109377,127,66.12,1.0,1.14,2026-09-08 19:02:32,🚀點火(3.0x),HOLD,3
ONDS,2026-09-18,13.0,0.01,58555,53,131.25034374999998,8,7.62,0.0,0.01,2026-09-08 17:16:30,🚬菸屁股 🔥萬人塚,HOLD,3
OPEN,2027-01-15,10.0,0.06,36885,37,114.0629296875,127,3.07,0.05,0.07,2026-09-08 19:51:57,🚬菸屁股 🔥萬人塚,HOLD,3
SHOP,2026-09-18,175.0,0.06,44530,34,83.007982421875,8,134.1,0.05,0.37,2026-09-08 19:48:23,🚬菸屁股 🔥萬人塚,HOLD,3
IBIT,2026-09-18,65.0,0.02,33887,20,90.62509374999999,8,44.39,0.01,0.02,2026-09-08 18:04:46,🚬菸屁股 🔥萬人塚,HOLD,3
F,2027-01-15,16.85,0.36,36413,20,39.111937011718744,127,14.0,0.32,0.43,2026-09-08 19:06:57,🚬菸屁股 🔥萬人塚,HOLD,3
PCG,2026-09-18,23.0,0.03,107062,18,121.875390625,8,14.82,0.01,0.03,2026-09-08 18:14:03,🚬菸屁股 🔥萬人塚,HOLD,3
SHOP,2026-09-18,195.0,0.03,82620,15,101.7583037109375,8,134.1,0.0,0.25,2026-09-08 17:52:18,🚬菸屁股 🔥萬人塚,HOLD,3
META,2027-01-15,1430.0,0.3,45823,15,52.393054199218746,127,613.48,0.19,0.39,2026-09-08 18:29:15,🚬菸屁股 🔥萬人塚,HOLD,3
IBIT,2027-01-15,100.0,0.14,42486,12,63.281617187500004,127,44.39,0.12,0.15,2026-09-08 13:30:05,🚬菸屁股 🔥萬人塚,HOLD,3
SOFI,2026-09-18,32.0,0.02,54996,10,125.00037499999999,8,18.01,0.0,0.01,2026-09-08 14:48:05,🚬菸屁股 🔥萬人塚,HOLD,3
DKNG,2026-11-20,37.5,0.26,99534,10,63.086306640625,71,23.87,0.14,0.25,2026-09-08 18:09:11,🚬菸屁股 🔥萬人塚,HOLD,3
TSLA,2027-01-15,940.0,0.62,93683,5,64.1605146484375,127,368.16,0.37,0.64,2026-09-04 19:30:39,🚬菸屁股 🔥萬人塚,HOLD,3
PCG,2026-09-18,21.0,0.06,90977,2,110.9379453125,8,14.82,0.02,0.05,2026-09-08 18:05:30,🚬菸屁股 🔥萬人塚,HOLD,3
F,2027-01-15,19.85,0.16,53232,2,45.0200810546875,127,14.0,0.1,0.2,2026-09-04 19:40:21,🚬菸屁股 🔥萬人塚,HOLD,3
NVDA,2026-09-18,460.0,0.01,32685,1,125.00037499999999,8,225.73,0.0,0.01,2026-09-03 14:40:03,🚬菸屁股 🔥萬人塚,HOLD,3
META,2027-01-15,1250.0,0.65,38367,1,50.3056727294922,127,613.48,0.6,0.75,2026-09-08 18:27:49,🚬菸屁股 🔥萬人塚,HOLD,3
PCG,2027-01-15,16.0,1.85,42210,33127,66.35775830078127,127,14.82,1.75,1.98,2026-09-08 19:58:42,🔥萬人塚,HOLD,2
INTC,2026-09-18,110.0,2.69,56577,29310,70.84990087890624,8,104.47,2.7,2.75,2026-09-08 19:59:33,🔥萬人塚,HOLD,2
NVDA,2026-09-18,240.0,0.97,81241,27875,34.71744970703124,8,225.73,0.95,0.98,2026-09-08 19:59:39,🚬菸屁股 🔥萬人塚 🏛️機構場,HOLD,2
INTC,2026-09-18,100.0,7.1,52210,21190,68.16438085937502,8,104.47,7.1,7.25,2026-09-08 19:59:58,🔥萬人塚,HOLD,2
INTC,2026-10-16,110.0,6.93,76991,10319,68.49396740722658,36,104.47,6.9,6.95,2026-09-08 19:59:46,🔥萬人塚,HOLD,2
AAPL,2026-09-18,320.0,4.8,29449,9900,31.513136047363275,8,316.22,4.75,4.9,2026-09-08 19:59:58,🆕新倉暴量 🏛️機構場,HOLD,2
NVDA,2026-10-16,240.0,4.95,47665,8270,35.55362298583984,36,225.73,4.9,5.0,2026-09-08 19:59:51,🔥萬人塚,HOLD,2
NVDA,2026-09-18,227.5,4.3,11243,8052,34.99820861816406,8,225.73,4.3,4.4,2026-09-08 19:59:59,🆕新倉暴量 🏛️機構場,HOLD,2
IBIT,2026-09-18,45.0,1.03,59414,7872,44.482977050781244,8,44.39,1.0,1.03,2026-09-08 20:14:44,🔥萬人塚,HOLD,2
OPEN,2026-09-11,3.5,0.03,7925,7079,87.500125,1,3.07,0.0,0.01,2026-09-08 19:54:40,🎲末日結算 🚀點火(2.7x) 🚬菸屁股 ⚠️暴動高IV(88%),GAMBLE,2
AAPL,2026-09-18,350.0,0.26,43006,7007,33.887379882812496,8,316.22,0.24,0.26,2026-09-08 19:59:26,🚬菸屁股 🔥萬人塚 🏛️機構場,HOLD,2
AAPL,2026-10-16,345.0,2.23,25589,6851,26.697510375976563,36,316.22,2.18,2.32,2026-09-08 19:59:05,🆕新倉暴量 🏛️機構場,HOLD,2
NVDA,2026-09-18,225.0,5.55,45344,6529,35.46207116699218,8,225.73,5.55,5.65,2026-09-08 19:59:59,🔥萬人塚,HOLD,2
NVDA,2026-10-16,230.0,8.53,38071,6318,35.980864807128896,36,225.73,8.45,8.55,2026-09-08 19:59:59,🔥萬人塚,HOLD,2
AAPL,2026-10-16,330.0,5.45,15665,6150,26.984372741699215,36,316.22,5.5,5.65,2026-09-08 19:59:12,🆕新倉暴量 🏛️機構場,HOLD,2
NVDA,2026-10-16,250.0,2.7,72914,5953,35.388829711914056,36,225.73,2.7,2.75,2026-09-08 19:59:39,🔥萬人塚,HOLD,2
SMCI,2026-09-11,42.5,0.55,26081,5331,89.45323046875,1,40.26,0.47,0.54,2026-09-08 19:59:33,🎲末日結算 🆕新倉暴量 🚬菸屁股 ⚠️暴動高IV(89%),GAMBLE,2
AAPL,2026-09-18,335.0,1.13,17720,5151,31.50703259277343,8,316.22,1.08,1.15,2026-09-08 19:59:45,🆕新倉暴量 🏛️機構場,HOLD,2
NVDA,2026-11-20,230.0,14.65,31184,4631,41.37631866455078,71,225.73,14.55,14.75,2026-09-08 19:59:59,🔥萬人塚,HOLD,2
OKLO,2026-10-16,45.0,3.85,55750,3884,80.63984204101561,36,43.31,3.7,3.85,2026-09-08 19:59:52,🔥萬人塚,HOLD,2
AAPL,2026-10-16,335.0,4.05,10612,3815,26.807372558593745,36,316.22,4.05,4.25,2026-09-08 19:59:12,🆕新倉暴量 🏛️機構場,HOLD,2
NVDA,2026-09-18,220.0,8.5,44147,3783,36.75600354003906,8,225.73,8.55,8.75,2026-09-08 19:59:49,🔥萬人塚,HOLD,2
IBIT,2026-10-16,47.0,1.42,41739,3638,43.311113769531254,36,44.39,1.41,1.45,2026-09-08 20:12:44,🔥萬人塚,HOLD,2
HOOD,2026-09-11,128.0,0.57,3871,3614,83.59391406249999,1,117.34,0.55,0.61,2026-09-08 19:59:37,🎲末日結算 🆕新倉暴量 🚬菸屁股 ⚠️暴動高IV(84%),GAMBLE,2
IBIT,2026-09-18,44.0,1.53,30879,3495,45.4107021484375,8,44.39,1.46,1.53,2026-09-08 20:14:51,🔥萬人塚,HOLD,2
INTC,2026-09-18,95.0,10.72,45886,3393,68.7503125,8,104.47,10.65,10.85,2026-09-08 19:59:40,🔥萬人塚,HOLD,2
NVDA,2026-10-16,245.0,3.7,30546,3236,35.51089880371093,36,225.73,3.65,3.75,2026-09-08 19:59:52,🔥萬人塚,HOLD,2
NVDA,2026-09-18,210.0,16.66,60144,3067,41.4068359375,8,225.73,16.65,16.85,2026-09-08 19:59:51,🔥萬人塚,HOLD,2
NVDA,2026-10-16,260.0,1.43,33660,2892,35.8404853515625,36,225.73,1.45,1.5,2026-09-08 19:59:25,🔥萬人塚,HOLD,2
NVDA,2027-01-15,250.0,12.45,62315,2796,40.268541656494136,127,225.73,12.4,12.55,2026-09-08 19:59:20,🔥萬人塚,HOLD,2
NVDA,2026-11-20,250.0,7.46,34960,2594,40.28380029296875,71,225.73,7.4,7.6,2026-09-08 19:59:42,🔥萬人塚,HOLD,2
AAPL,2026-10-16,320.0,9.54,11489,2578,27.82054602050781,36,316.22,9.35,9.6,2026-09-08 19:59:54,🆕新倉暴量 🏛️機構場,HOLD,2
IREN,2027-01-15,110.0,1.7,45362,2465,104.49266503906252,127,46.93,1.6,1.77,2026-09-08 19:48:15,🔥萬人塚,HOLD,2
ASTS,2026-09-11,90.0,0.03,3060,2416,143.75028125,1,66.12,0.02,0.04,2026-09-08 19:33:20,🎲末日結算 🆕新倉暴量 🚬菸屁股 ⚠️暴動高IV(144%),GAMBLE,2
NVDA,2027-01-15,280.0,5.6,36294,2372,39.838248107910154,127,225.73,5.7,5.85,2026-09-08 19:54:50,🔥萬人塚,HOLD,2
SOFI,2026-09-11,22.0,0.03,4719,2241,93.7500625,1,18.01,0.0,0.01,2026-09-08 18:35:57,🎲末日結算 🆕新倉暴量 🚬菸屁股 ⚠️暴動高IV(94%),GAMBLE,2
IBIT,2026-10-16,48.0,1.13,85675,2108,43.50642431640625,36,44.39,1.13,1.17,2026-09-08 20:06:23,🔥萬人塚,HOLD,2
ACHR,2026-09-11,6.5,0.02,2975,1930,81.2501875,1,5.83,0.01,0.02,2026-09-08 19:58:32,🎲末日結算 🚀點火(2.7x) 🚬菸屁股 ⚠️暴動高IV(81%),GAMBLE,2
NVDA,2026-10-16,220.0,13.6,105608,1899,37.11000390625,36,225.73,13.6,13.75,2026-09-08 19:59:20,🔥萬人塚,HOLD,2
TSLA,2027-01-15,400.0,28.53,36146,1883,46.985393432617194,127,368.16,28.3,28.6,2026-09-08 19:59:56,🔥萬人塚,HOLD,2
AAPL,2026-10-16,360.0,0.9,81182,1812,27.246821289062495,36,316.22,0.87,0.92,2026-09-08 19:58:54,🚬菸屁股 🔥萬人塚 🏛️機構場,HOLD,2
HOOD,2026-09-11,132.0,0.28,2151,1585,86.8165380859375,1,117.34,0.27,0.31,2026-09-08 19:59:02,🎲末日結算 🚀點火(2.9x) 🚬菸屁股 ⚠️暴動高IV(87%),GAMBLE,2
ORCL,2026-12-18,250.0,4.1,48077,1584,68.88458850097659,99,162.52,4.0,4.3,2026-09-08 19:54:53,🔥萬人塚,HOLD,2
RKLB,2026-09-11,71.0,0.41,1355,1437,81.5431533203125,1,65.87,0.39,0.43,2026-09-08 19:58:01,🎲末日結算 🆕新倉暴量 🚬菸屁股 ⚠️暴動高IV(82%),GAMBLE,2
NVDA,2027-01-15,260.0,9.58,51172,1364,40.16478292846679,127,225.73,9.55,9.85,2026-09-08 19:55:48,🔥萬人塚,HOLD,2
NVDA,2027-01-15,230.0,20.1,40942,1363,41.30612893676757,127,225.73,20.05,20.2,2026-09-08 19:59:49,🔥萬人塚,HOLD,2
NVDA,2026-12-18,250.0,9.82,36665,1297,39.91148956298829,99,225.73,9.85,10.05,2026-09-08 19:59:20,🔥萬人塚,HOLD,2
SOFI,2027-01-15,20.0,1.73,91753,1240,58.496508789062496,127,18.01,1.73,1.76,2026-09-08 19:59:34,🔥萬人塚,HOLD,2
NVDA,2026-09-18,200.0,25.8,38718,962,51.17236328125,8,225.73,26.1,26.35,2026-09-08 19:55:49,🔥萬人塚,HOLD,2
NVDA,2027-01-15,220.0,24.85,41882,896,43.671217590332034,127,225.73,24.9,26.0,2026-09-08 19:55:40,🔥萬人塚,HOLD,2
SMCI,2026-09-11,43.5,0.35,1713,862,92.187578125,1,40.26,0.3,0.37,2026-09-08 19:59:52,🎲末日結算 🆕新倉暴量 🚬菸屁股 ⚠️暴動高IV(92%),GAMBLE,2
NVDA,2027-01-15,300.0,3.4,63899,859,40.05186901855468,127,225.73,3.35,3.5,2026-09-08 19:59:32,🔥萬人塚,HOLD,2
PCG,2027-01-15,17.0,1.51,83854,855,67.09017285156251,127,14.82,1.4,1.74,2026-09-08 19:58:06,🔥萬人塚,HOLD,2
PCG,2026-12-18,17.0,1.33,40950,797,68.94562304687501,99,14.82,1.25,1.47,2026-09-08 17:52:39,🔥萬人塚,HOLD,2
SMCI,2026-09-11,48.0,0.05,881,792,107.03171484375002,1,40.26,0.05,0.07,2026-09-08 19:48:00,🎲末日結算 🆕新倉暴量 🚬菸屁股 ⚠️暴動高IV(107%),GAMBLE,2
NVDA,2026-12-18,220.0,22.15,60602,774,41.992767578125,99,225.73,22.15,22.6,2026-09-08 19:58:00,🔥萬人塚,HOLD,2
HIMS,2026-09-11,30.5,0.16,3637,767,81.2501875,1,28.17,0.13,0.18,2026-09-08 19:44:55,🎲末日結算 🆕新倉暴量 🚬菸屁股 ⚠️暴動高IV(81%),GAMBLE,2
NVDA,2027-01-15,240.0,15.75,46341,762,40.88193884277344,127,225.73,15.75,16.1,2026-09-08 19:54:10,🔥萬人塚,HOLD,2
COST,2026-09-11,1290.0,0.02,1580,761,119.53165234375001,1,910.18,0.0,0.04,2026-08-28 15:55:50,🎲末日結算 🆕新倉暴量 🚬菸屁股 ⚠️暴動高IV(120%),GAMBLE,2
AAPL,2026-11-20,400.0,0.62,34943,731,29.10227148437499,71,316.22,0.6,0.65,2026-09-08 19:59:22,🚬菸屁股 🔥萬人塚 🏛️機構場,HOLD,2
HIMS,2026-09-11,32.0,0.06,2650,710,89.062609375,1,28.17,0.05,0.07,2026-09-08 19:38:32,🎲末日結算 🆕新倉暴量 🚬菸屁股 ⚠️暴動高IV(89%),GAMBLE,2
RKLB,2026-09-11,85.0,0.04,1355,703,121.875390625,1,65.87,0.01,0.05,2026-09-08 19:30:02,🎲末日結算 🆕新倉暴量 🚬菸屁股 ⚠️暴動高IV(122%),GAMBLE,2
ASTS,2026-09-11,80.0,0.08,1009,669,103.90673046875003,1,66.12,0.02,0.09,2026-09-08 19:47:19,🎲末日結算 🆕新倉暴量 🚬菸屁股 ⚠️暴動高IV(104%),GAMBLE,2
RKLB,2026-09-11,80.0,0.04,1598,660,104.29735351562503,1,65.87,0.03,0.07,2026-09-08 19:57:30,🎲末日結算 🆕新倉暴量 🚬菸屁股 ⚠️暴動高IV(104%),GAMBLE,2
PATH,2026-09-11,16.0,0.03,1090,617,89.062609375,1,14.01,0.02,0.03,2026-09-08 19:53:01,🎲末日結算 🆕新倉暴量 🚬菸屁股 ⚠️暴動高IV(89%),GAMBLE,2
IBIT,2027-01-15,50.0,2.66,54588,613,45.26421923828126,127,44.39,2.64,2.73,2026-09-08 19:41:08,🔥萬人塚,HOLD,2
SHOP,2026-09-18,140.0,2.36,47933,598,52.686020019531256,8,134.1,2.23,2.54,2026-09-08 19:59:34,🔥萬人塚,HOLD,2
MU,2026-09-11,1300.0,0.15,837,585,105.85984570312502,1,1000.26,0.07,0.14,2026-09-08 19:57:35,🎲末日結算 🆕新倉暴量 🚬菸屁股 ⚠️暴動高IV(106%),GAMBLE,2
RDDT,2026-09-11,175.0,0.07,1435,552,83.98453515624999,1,149.38,0.05,0.12,2026-09-08 19:58:35,🎲末日結算 🆕新倉暴量 🚬菸屁股 ⚠️暴動高IV(84%),GAMBLE,2
SOFI,2027-01-15,15.0,4.19,39299,526,61.81678808593751,127,18.01,4.15,4.25,2026-09-08 18:48:56,🔥萬人塚,HOLD,2
NVDA,2026-12-18,300.0,2.17,39797,522,39.99083447265625,99,225.73,2.14,2.22,2026-09-08 19:45:53,🔥萬人塚,HOLD,2
SHOP,2026-10-16,135.0,8.2,45915,490,51.111328735351556,36,134.1,8.0,8.4,2026-09-08 19:56:03,🆕低基期(前日Vol5) 🔥萬人塚,HOLD,2
NVDA,2026-12-18,280.0,3.85,31821,486,39.52697192382813,99,225.73,3.95,4.05,2026-09-08 19:54:40,🔥萬人塚,HOLD,2
IBIT,2026-12-18,50.0,2.19,30776,448,45.0200810546875,99,44.39,2.12,2.19,2026-09-08 20:13:01,🔥萬人塚,HOLD,2
OKLO,2026-12-18,90.0,1.11,30936,368,97.87599780273439,99,43.31,0.99,1.21,2026-09-08 19:56:10,🔥萬人塚,HOLD,2
PLTR,2026-12-18,175.0,18.5,52487,310,57.80987014770508,99,170.3,18.45,18.75,2026-09-08 19:54:59,🔥萬人塚,HOLD,2
NVDA,2027-01-15,340.0,1.27,72964,291,41.07724938964844,127,225.73,1.23,1.3,2026-09-08 19:58:01,🔥萬人塚,HOLD,2
AMZN,2026-11-20,295.0,5.61,31476,244,38.861695373535156,71,256.97,5.55,5.8,2026-09-08 19:56:35,🔥萬人塚,HOLD,2
IBIT,2026-09-18,40.0,4.6,66755,205,57.910577148437504,8,44.39,4.6,4.75,2026-09-08 20:02:24,🔥萬人塚,HOLD,2
IBIT,2026-12-18,55.0,1.16,45580,193,45.898978515625004,99,44.39,1.16,1.22,2026-09-08 19:25:27,🔥萬人塚,HOLD,2
PCG,2026-12-18,18.0,1.11,81270,104,67.13900048828127,99,14.82,0.73,1.36,2026-09-08 19:34:28,🔥萬人塚,HOLD,2
MSFT,2026-12-18,675.0,0.84,37437,70,30.737997314453118,99,493.95,0.8,0.95,2026-09-08 19:04:21,🚬菸屁股 🔥萬人塚 🏛️機構場,HOLD,2
NVDA,2026-09-11,240.0,0.19,41481,36735,41.5044912109375,1,225.73,0.18,0.19,2026-09-08 19:59:53,🎲末日結算 🚬菸屁股 🔥萬人塚,HOLD,1
NVDA,2026-09-11,237.5,0.29,35730,26050,39.45373046875,1,225.73,0.28,0.29,2026-09-08 19:59:50,🎲末日結算 🚬菸屁股 🔥萬人塚,HOLD,1
NVDA,2026-09-11,232.5,0.8,45091,21609,37.0123486328125,1,225.73,0.78,0.8,2026-09-08 19:59:59,🎲末日結算 🚬菸屁股 🔥萬人塚,HOLD,1
NVDA,2026-09-18,230.0,3.34,55394,19829,34.61979443359374,8,225.73,3.3,3.35,2026-09-08 19:59:57,🔥萬人塚 🏛️機構場,HOLD,1
NVDA,2026-09-11,260.0,0.02,32771,18463,60.15664843750002,1,225.73,0.01,0.03,2026-09-08 19:59:51,🎲末日結算 🚬菸屁股 🔥萬人塚,HOLD,1
NVDA,2026-09-18,235.0,1.86,43391,18047,34.37565625,8,225.73,1.83,1.85,2026-09-08 19:59:58,🔥萬人塚 🏛️機構場,HOLD,1
ORCL,2026-09-18,190.0,3.3,20573,16372,107.34909606933596,8,162.52,3.15,3.35,2026-09-08 19:59:58,🆕新倉暴量 ⚠️暴動高IV(107%),HOLD,1
IBIT,2026-09-11,43.0,1.63,15222,14613,52.246571289062494,1,44.39,1.67,1.73,2026-09-08 20:04:09,🎲末日結算 🆕新倉暴量,HOLD,1
ORCL,2026-09-18,180.0,5.15,23821,11784,104.9565299072266,8,162.52,5.0,5.2,2026-09-08 19:59:53,🆕新倉暴量 ⚠️暴動高IV(105%),HOLD,1
CRWV,2026-09-18,100.0,5.55,15379,7694,85.47377807617188,8,99.83,5.45,5.65,2026-09-08 19:59:52,🆕新倉暴量 ⚠️暴動高IV(85%),HOLD,1
TSLA,2026-09-11,355.0,15.1,7568,7617,51.36767382812499,1,368.16,14.9,15.25,2026-09-08 19:59:52,🎲末日結算 🆕新倉暴量,HOLD,1
PLTR,2026-09-11,170.0,3.4,6220,7238,53.58933129882813,1,170.3,3.4,3.5,2026-09-08 19:59:55,🎲末日結算 🆕新倉暴量,HOLD,1
AMZN,2026-09-18,275.0,0.68,18610,7203,32.91082714843749,8,256.97,0.68,0.74,2026-09-08 19:59:01,🚬菸屁股,HOLD,1
ORCL,2026-09-11,185.0,3.05,5269,6807,171.50893151855468,1,162.52,3.0,3.1,2026-09-08 19:59:52,🎲末日結算 🚨異常掃貨 🆕新倉暴量 ⚠️IV頂峰 ⚠️暴動高IV(172%),GAMBLE,1
ORCL,2026-09-11,180.0,3.95,4556,6103,169.9464393310547,1,162.52,3.9,4.1,2026-09-08 19:59:48,🎲末日結算 🚨異常掃貨 🆕新倉暴量 ⚠️IV頂峰 ⚠️暴動高IV(170%),GAMBLE,1
PCG,2026-09-18,16.0,0.23,13711,6072,65.43003320312502,8,14.82,0.22,0.25,2026-09-08 19:59:28,🚬菸屁股,HOLD,1
TSLA,2026-09-11,357.5,12.95,7013,5783,50.25684509277344,1,368.16,12.95,13.25,2026-09-08 19:59:46,🎲末日結算 🆕新倉暴量,HOLD,1
MSTR,2026-09-18,150.0,2.93,12076,5477,83.93570751953125,8,136.52,2.89,3.0,2026-09-08 19:59:33,🆕新倉暴量 ⚠️暴動高IV(84%),HOLD,1
SMR,2026-09-18,10.0,1.42,8678,4963,95.312546875,8,11.18,1.38,1.45,2026-09-08 19:59:47,🚀點火(4.4x) ⚠️暴動高IV(95%),HOLD,1
ORCL,2026-09-11,202.5,1.14,1804,4758,177.5391748046875,1,162.52,1.13,1.17,2026-09-08 19:59:28,🎲末日結算 🚨異常掃貨 🆕新倉暴量 ⚠️IV頂峰 ⚠️暴動高IV(178%),GAMBLE,1
WMT,2026-09-18,110.0,0.49,17411,4723,26.367923828125,8,106.05,0.48,0.53,2026-09-08 19:57:16,🚬菸屁股,HOLD,1
RKLB,2026-09-18,75.0,0.68,5736,4578,75.586181640625,8,65.87,0.65,0.71,2026-09-08 19:58:32,🚬菸屁股,HOLD,1
IREN,2026-09-18,60.0,0.28,14987,4163,101.5629921875,8,46.93,0.27,0.3,2026-09-08 19:59:38,🚬菸屁股,HOLD,1
WMT,2026-10-16,115.0,0.8,13878,4112,26.074958007812498,36,106.05,0.78,0.83,2026-09-08 19:52:34,🚬菸屁股,HOLD,1
ORCL,2026-09-18,185.0,4.05,9070,4077,106.71433361816409,8,162.52,4.0,4.25,2026-09-08 19:59:22,🆕新倉暴量 ⚠️暴動高IV(107%),HOLD,1
PLTR,2026-09-18,200.0,0.3,18780,3806,56.982852050781254,8,170.3,0.29,0.34,2026-09-08 19:52:28,🚬菸屁股,HOLD,1
JOBY,2026-09-18,8.0,0.04,7230,3739,70.312796875,8,6.84,0.03,0.04,2026-09-08 19:52:32,🚬菸屁股,HOLD,1
SOFI,2026-09-18,18.5,0.39,3675,3566,50.97705273437501,8,18.01,0.39,0.41,2026-09-08 19:59:42,🚬菸屁股,HOLD,1
F,2026-12-18,19.67,0.11,14304,3492,44.824770507812495,99,14.0,0.07,0.13,2026-09-08 18:39:25,🆕低基期(前日Vol3) 🚬菸屁股,HOLD,1
NVDA,2026-09-18,255.0,0.16,19658,3448,38.7701435546875,8,225.73,0.16,0.17,2026-09-08 19:59:27,🚬菸屁股,HOLD,1
INTC,2026-10-16,210.0,0.11,7962,3354,90.039162109375,36,104.47,0.1,0.13,2026-09-08 19:56:12,🆕低基期(前日Vol9) 🚬菸屁股,HOLD,1
F,2026-09-18,14.0,0.35,25993,3296,38.867798828125,8,14.0,0.33,0.36,2026-09-08 19:59:04,🚬菸屁股,HOLD,1
IREN,2026-09-18,70.0,0.09,14235,3291,118.35978320312499,8,46.93,0.08,0.09,2026-09-08 19:59:39,🚀點火(4.8x) 🚬菸屁股 ⚠️尾段價外(49%) ⚠️暴動高IV(118%),BUY_WATCH,1
IONQ,2026-09-18,45.0,0.88,17506,3272,89.84385156249999,8,40.47,0.83,0.94,2026-09-08 19:59:22,🚬菸屁股,HOLD,1
INTC,2026-10-16,160.0,0.73,7611,3256,80.85956640625,36,104.47,0.67,0.77,2026-09-08 19:25:53,🚀點火(16.0x) 🚬菸屁股 ⚠️尾段價外(53%) ⚠️暴動高IV(81%),BUY_WATCH,1
OPEN,2026-09-18,3.5,0.03,3883,3193,75.00025000000001,8,3.07,0.02,0.04,2026-09-08 19:57:07,🚬菸屁股,HOLD,1
ORCL,2026-09-11,195.0,1.74,1837,3115,175.09778076171875,1,162.52,1.73,1.79,2026-09-08 19:59:52,🎲末日結算 🚨異常掃貨 🆕新倉暴量 ⚠️IV頂峰 ⚠️暴動高IV(175%),GAMBLE,1
IREN,2026-10-16,70.0,0.9,6580,3105,97.02151416015624,36,46.93,0.8,0.9,2026-09-08 19:46:29,🚀點火(3.9x) 🚬菸屁股 ⚠️尾段價外(49%) ⚠️暴動高IV(97%),BUY_WATCH,1
IBIT,2026-09-18,46.0,0.69,27153,3066,45.06890869140625,8,44.39,0.66,0.69,2026-09-08 20:11:07,🚬菸屁股,HOLD,1
IREN,2026-10-16,55.0,2.73,7843,3056,90.23447265624999,36,46.93,2.66,2.76,2026-09-08 19:58:44,🆕新倉暴量 ⚠️暴動高IV(90%),HOLD,1
ORCL,2026-09-18,195.0,2.53,9535,3053,108.00827246093752,8,162.52,2.51,2.59,2026-09-08 19:58:45,🆕新倉暴量 ⚠️暴動高IV(108%),HOLD,1
TSLA,2026-09-18,420.0,0.72,16345,3041,49.561051269531255,8,368.16,0.72,0.74,2026-09-08 19:59:22,🚬菸屁股,HOLD,1
BRZE,2028-01-21,50.0,6.78,3002,3000,67.81038049316408,498,30.31,2.5,7.0,2026-08-31 16:07:42,🔭LEAPS,HOLD,1
META,2026-09-11,645.0,1.7,2666,2987,48.37698107910157,1,613.48,1.7,1.74,2026-09-08 19:59:15,🎲末日結算 🚀點火(4.4x),HOLD,1
SOFI,2026-09-18,29.0,0.01,2971,2940,115.625421875,8,18.01,0.0,0.02,2026-09-08 19:58:52,🚀點火(17.2x) 🚬菸屁股 ⚠️尾段價外(61%) ⚠️暴動高IV(116%),BUY_WATCH,1
RKLB,2026-10-16,100.0,0.55,8369,2902,83.69156933593749,36,65.87,0.52,0.63,2026-09-08 19:54:29,🚬菸屁股,HOLD,1
PCG,2028-01-21,20.0,1.7,18329,2891,49.07277490234375,498,14.82,1.42,1.85,2026-09-08 19:08:03,🔭LEAPS,HOLD,1
ONDS,2026-09-18,9.0,0.06,21935,2886,84.37515624999999,8,7.62,0.06,0.07,2026-09-08 19:54:32,🚬菸屁股,HOLD,1
IONQ,2026-10-16,50.0,1.46,4693,2762,83.54508642578124,36,40.47,1.44,1.54,2026-09-08 19:56:51,🆕新倉暴量 ⚠️暴動高IV(84%),HOLD,1
ONDS,2026-12-18,26.0,0.13,2260,2617,103.12548437500001,99,7.62,0.0,0.06,2026-08-21 15:46:28,🚬菸屁股,HOLD,1
SOFI,2026-10-16,20.0,0.53,26738,2601,52.539537109375004,36,18.01,0.52,0.53,2026-09-08 19:59:57,🚬菸屁股,HOLD,1
SOFI,2026-12-18,32.0,0.18,4047,2552,66.99251757812502,99,18.01,0.17,0.19,2026-09-08 19:45:05,🆕低基期(前日Vol11) 🚬菸屁股,HOLD,1
CRWV,2026-10-16,130.0,2.93,2549,2529,86.49915844726561,36,99.83,2.88,2.95,2026-09-08 19:57:27,🆕新倉暴量 ⚠️暴動高IV(86%),HOLD,1
F,2026-09-18,14.5,0.15,6711,2516,36.524072265625,8,14.0,0.13,0.15,2026-09-08 19:59:49,🚬菸屁股,HOLD,1
SOFI,2026-09-18,19.5,0.17,5379,2514,53.12546875,8,18.01,0.16,0.17,2026-09-08 19:57:09,🚬菸屁股,HOLD,1
F,2026-10-16,15.0,0.29,7386,2469,37.500625,36,14.0,0.27,0.31,2026-09-08 19:59:53,🚬菸屁股,HOLD,1
INTC,2026-09-18,155.0,0.06,10425,2452,98.82813671875,8,104.47,0.05,0.06,2026-09-08 19:51:26,🚀點火(>50x) 🚬菸屁股 ⚠️尾段價外(48%) ⚠️暴動高IV(99%),BUY_WATCH,1
SOFI,2026-09-18,18.0,0.61,17436,2327,50.97705273437501,8,18.01,0.6,0.62,2026-09-08 19:59:43,🚬菸屁股,HOLD,1
ORCL,2026-10-16,250.0,0.93,22467,2319,78.6134951171875,36,162.52,0.89,0.98,2026-09-08 19:52:11,🚬菸屁股,HOLD,1
INTC,2026-09-18,150.0,0.08,21723,2300,94.5313046875,8,104.47,0.06,0.08,2026-09-08 19:59:56,🚀點火(4.4x) 🚬菸屁股 ⚠️尾段價外(44%) ⚠️暴動高IV(95%),BUY_WATCH,1
SMCI,2026-09-18,45.0,0.6,16134,2280,79.29708203125,8,40.26,0.57,0.66,2026-09-08 19:59:01,🚬菸屁股,HOLD,1
ORCL,2026-09-18,250.0,0.3,14393,2195,125.19568652343749,8,162.52,0.26,0.31,2026-09-08 19:59:44,🚬菸屁股,HOLD,1
ONDS,2026-09-18,8.0,0.23,11577,2179,75.7814921875,8,7.62,0.22,0.24,2026-09-08 19:59:43,🚬菸屁股,HOLD,1
ASTS,2026-09-18,75.0,1.02,5042,2071,86.2306064453125,8,66.12,0.97,1.11,2026-09-08 19:59:24,🚀點火(4.8x) ⚠️暴動高IV(86%),HOLD,1
SMCI,2026-09-18,50.0,0.17,13342,2062,85.1563984375,8,40.26,0.16,0.18,2026-09-08 19:59:15,🚬菸屁股,HOLD,1
PATH,2026-09-18,15.0,0.24,15440,2058,64.45348046875,8,14.01,0.23,0.26,2026-09-08 19:50:19,🚬菸屁股,HOLD,1
TSM,2026-09-11,440.0,5.8,2761,2048,40.820904296875,1,439.0,5.6,6.0,2026-09-08 19:59:48,🎲末日結算 🆕新倉暴量,HOLD,1
META,2026-09-18,700.0,0.77,11849,1976,45.337460693359375,8,613.48,0.75,0.78,2026-09-08 19:58:38,🚬菸屁股,HOLD,1
PLTR,2026-09-18,190.0,0.72,14925,1927,51.562984375,8,170.3,0.71,0.74,2026-09-08 19:59:48,🚬菸屁股,HOLD,1
PCG,2026-09-18,14.5,0.8,12504,1899,65.23472265625001,8,14.82,0.66,0.95,2026-09-08 19:46:32,🚬菸屁股,HOLD,1
NVDA,2026-10-16,270.0,0.81,23560,1878,36.67055517578125,36,225.73,0.8,0.83,2026-09-08 19:58:48,🚬菸屁股,HOLD,1
SOFI,2026-09-18,21.0,0.06,17277,1847,63.281617187500004,8,18.01,0.06,0.07,2026-09-08 19:58:56,🚬菸屁股,HOLD,1
NBIS,2026-09-18,280.0,4.41,3606,1803,99.95117236328124,8,243.88,4.15,5.6,2026-09-08 19:59:49,🆕新倉暴量 ⚠️暴動高IV(100%),HOLD,1
TSLA,2026-09-18,600.0,0.04,10627,1769,102.34423828125001,8,368.16,0.04,0.05,2026-09-08 19:32:44,🚀點火(19.9x) 🚬菸屁股 ⚠️尾段價外(63%) ⚠️暴動高IV(102%),BUY_WATCH,1
CRWV,2026-10-16,115.0,5.6,1900,1757,84.8390187988281,36,99.83,5.55,5.7,2026-09-08 19:59:28,🆕新倉暴量 ⚠️暴動高IV(85%),HOLD,1
SMR,2026-10-16,10.0,1.95,5271,1745,90.72274902343749,36,11.18,1.85,1.97,2026-09-08 19:56:04,🚀點火(6.0x) ⚠️暴動高IV(91%),HOLD,1
ORCL,2026-09-18,300.0,0.09,9114,1679,144.140904296875,8,162.52,0.07,0.1,2026-09-08 19:58:58,🚬菸屁股,HOLD,1
ACHR,2026-09-18,6.0,0.2,7346,1642,65.62534375000001,8,5.83,0.16,0.2,2026-09-08 19:58:57,🚬菸屁股,HOLD,1
MSTR,2026-09-18,200.0,0.22,18378,1559,111.5238798828125,8,136.52,0.2,0.23,2026-09-08 19:59:42,🚬菸屁股,HOLD,1
SOFI,2026-10-16,19.0,0.79,11294,1487,51.758294921875006,36,18.01,0.79,0.81,2026-09-08 19:59:26,🚬菸屁股,HOLD,1
AAPL,2027-01-15,350.0,9.0,43796,1454,28.031115203857414,127,316.22,9.0,9.2,2026-09-08 19:58:57,🔥萬人塚 🏛️機構場,HOLD,1
PCG,2028-01-21,22.0,1.4,11688,1452,48.462429443359376,498,14.82,1.15,1.44,2026-09-08 19:33:07,🆕低基期(前日Vol9) 🔭LEAPS,HOLD,1
CRWV,2026-10-16,200.0,0.33,3243,1442,103.61376318359379,36,99.83,0.3,0.34,2026-09-08 19:50:58,🚀點火(10.8x) 🚬菸屁股 ⚠️尾段價外(100%) ⚠️暴動高IV(104%),BUY_WATCH,1
MSFT,2026-10-16,510.0,10.25,39757,1424,26.95385546875,36,493.95,10.1,10.55,2026-09-08 19:59:23,🔥萬人塚 🏛️機構場,HOLD,1
MSTR,2026-09-18,180.0,0.52,5795,1413,101.172369140625,8,136.52,0.51,0.57,2026-09-08 19:59:11,🚬菸屁股,HOLD,1
ASTS,2026-09-18,80.0,0.51,5950,1412,89.74619628906248,8,66.12,0.48,0.54,2026-09-08 19:59:16,🚬菸屁股,HOLD,1
SMCI,2026-09-18,95.0,0.02,1068,1410,168.75015625,8,40.26,0.0,0.01,2026-09-08 14:51:44,🚨異常掃貨 🆕新倉暴量 ⚠️IV頂峰 🚬菸屁股 ⚠️尾段價外(136%) ⚠️暴動高IV(169%),STRONG_BUY,1
PCG,2027-01-15,25.0,0.44,10065,1395,70.8010732421875,127,14.82,0.37,0.45,2026-09-08 19:58:48,🚬菸屁股,HOLD,1
SMCI,2026-09-18,44.0,0.77,4236,1385,77.24632128906251,8,40.26,0.75,0.8,2026-09-08 19:59:31,🚬菸屁股,HOLD,1
TJX,2028-01-21,190.0,2.35,2173,1320,26.392337646484375,498,128.92,2.25,2.4,2026-09-08 19:59:45,🆕低基期(前日Vol1) 🔭LEAPS,HOLD,1
ZM,2026-09-18,114.0,0.16,1211,1267,65.43003320312502,8,96.44,0.0,0.6,2026-09-08 15:50:51,🆕低基期(前日Vol2) 🚬菸屁股,HOLD,1
ORCL,2026-09-11,172.5,5.9,912,1265,166.74821313476565,1,162.52,5.8,5.95,2026-09-08 19:59:40,🎲末日結算 🚨異常掃貨 🆕新倉暴量 ⚠️IV頂峰 ⚠️暴動高IV(167%),GAMBLE,1
ONDS,2026-10-16,10.0,0.19,12640,1255,83.20329296874999,36,7.62,0.18,0.2,2026-09-08 19:58:11,🚬菸屁股,HOLD,1
SMCI,2026-09-18,80.0,0.01,2526,1229,146.875265625,8,40.26,0.0,0.02,2026-09-08 16:53:19,🚀點火(27.3x) 🚬菸屁股 ⚠️尾段價外(99%) ⚠️暴動高IV(147%),BUY_WATCH,1
MSFT,2026-10-16,550.0,2.14,54666,1205,26.593751647949215,36,493.95,2.12,2.25,2026-09-08 19:59:27,🔥萬人塚 🏛️機構場,HOLD,1
CRWV,2026-10-16,125.0,3.66,3667,1149,85.86439916992188,36,99.83,3.55,3.7,2026-09-08 19:53:42,🆕新倉暴量 ⚠️暴動高IV(86%),HOLD,1
SMR,2027-01-15,20.0,0.7,25581,1145,98.7304814453125,127,11.18,0.7,0.75,2026-09-08 19:58:53,🚬菸屁股,HOLD,1
F,2026-10-16,16.0,0.11,5490,1119,38.086556640625,36,14.0,0.1,0.13,2026-09-08 19:59:20,🚬菸屁股,HOLD,1
PCG,2027-01-15,19.0,0.78,25152,1113,70.0198310546875,127,14.82,1.07,1.27,2026-09-08 19:56:58,🚬菸屁股,HOLD,1
INTC,2026-09-18,170.0,0.01,5135,1110,99.2187578125,8,104.47,0.0,0.02,2026-09-08 19:42:38,🚀點火(6.5x) 🚬菸屁股 ⚠️尾段價外(63%) ⚠️暴動高IV(99%),BUY_WATCH,1
TSLA,2026-09-18,700.0,0.01,8012,1095,118.75040625,8,368.16,0.01,0.02,2026-09-04 19:40:46,🚬菸屁股,HOLD,1
XYZ,2026-09-18,90.0,0.15,15833,1086,45.0200810546875,8,80.1,0.14,0.16,2026-09-08 19:53:54,🚬菸屁股,HOLD,1
BA,2026-09-11,212.5,1.8,996,1078,36.40200317382813,1,210.73,1.75,1.99,2026-09-08 19:59:01,🎲末日結算 🆕新倉暴量,HOLD,1
IREN,2026-09-18,46.0,3.38,2650,1075,90.86923193359374,8,46.93,3.2,3.35,2026-09-08 19:57:27,🆕新倉暴量 ⚠️暴動高IV(91%),HOLD,1
SOFI,2026-09-18,20.5,0.07,5846,1052,58.984785156250005,8,18.01,0.07,0.09,2026-09-08 19:44:09,🚬菸屁股,HOLD,1
SMCI,2026-09-18,60.0,0.05,15917,1039,110.15669921875002,8,40.26,0.04,0.05,2026-09-08 19:48:59,🚀點火(4.5x) 🚬菸屁股 ⚠️尾段價外(49%) ⚠️暴動高IV(110%),BUY_WATCH,1
QCOM,2026-09-18,250.0,0.06,7463,1038,87.500125,8,174.09,0.05,0.07,2026-09-08 19:38:06,🚬菸屁股,HOLD,1
AMZN,2026-09-18,290.0,0.17,22834,1034,36.914693359375,8,256.97,0.12,0.15,2026-09-08 19:44:29,🚬菸屁股,HOLD,1
NVDA,2026-09-18,360.0,0.01,5625,1029,84.37515624999999,8,225.73,0.0,0.01,2026-09-03 15:14:29,🚬菸屁股,HOLD,1
PATH,2028-01-21,37.0,1.36,6317,1027,77.58811474609377,498,14.01,1.3,1.52,2026-09-08 18:26:31,🔭LEAPS,HOLD,1
IREN,2026-10-16,85.0,0.42,1350,1025,105.2739111328125,36,46.93,0.31,0.38,2026-09-08 17:35:02,🚀點火(12.2x) 🚬菸屁股 ⚠️尾段價外(81%) ⚠️暴動高IV(105%),BUY_WATCH,1
AMZN,2026-09-18,370.0,0.03,6987,1016,67.18782812500001,8,256.97,0.0,0.01,2026-08-28 18:35:14,🚬菸屁股,HOLD,1
NBIS,2026-09-18,320.0,1.12,1720,1014,103.27196801757816,8,243.88,1.07,1.2,2026-09-08 19:56:23,🚀點火(18.4x) ⚠️暴動高IV(103%),HOLD,1
OPEN,2026-09-18,3.0,0.16,2725,1013,76.562734375,8,3.07,0.16,0.22,2026-09-08 19:58:06,🚬菸屁股,HOLD,1
NVDA,2026-09-18,270.0,0.07,27052,1009,46.0942890625,8,225.73,0.05,0.06,2026-09-08 19:27:50,🚬菸屁股,HOLD,1
OPEN,2026-10-16,8.0,0.02,4511,1002,148.4377578125,36,3.07,0.01,0.03,2026-09-08 15:50:55,🆕低基期(前日Vol1) 🚬菸屁股,HOLD,1
F,2027-01-15,24.0,0.04,1198,1000,59.6683720703125,127,14.0,0.0,0.36,2026-09-03 14:20:10,🚬菸屁股,HOLD,1
TSM,2026-09-18,500.0,0.3,6081,976,41.480077392578124,8,439.0,0.22,0.36,2026-09-08 19:48:57,🚬菸屁股,HOLD,1
IREN,2026-10-16,80.0,0.44,3895,975,102.1489267578125,36,46.93,0.43,0.46,2026-09-08 19:58:58,🚀點火(9.3x) 🚬菸屁股 ⚠️尾段價外(70%) ⚠️暴動高IV(102%),BUY_WATCH,1
IREN,2026-09-18,49.0,2.15,2301,974,91.1133701171875,8,46.93,1.91,2.02,2026-09-08 19:47:53,🆕新倉暴量 ⚠️暴動高IV(91%),HOLD,1
TSLA,2026-09-18,450.0,0.27,23766,971,58.6918193359375,8,368.16,0.27,0.29,2026-09-08 19:59:32,🚬菸屁股,HOLD,1
CRWV,2026-10-16,165.0,0.85,2324,933,94.0430283203125,36,99.83,0.74,0.83,2026-09-08 19:25:17,🆕低基期(前日Vol7) 🚬菸屁股,HOLD,1
ASTS,2026-09-18,90.0,0.19,9669,925,103.71141894531253,8,66.12,0.18,0.2,2026-09-08 19:48:20,🚬菸屁股,HOLD,1
OKLO,2026-09-18,45.0,1.77,4438,910,85.10757080078125,8,43.31,1.63,1.82,2026-09-08 19:58:12,🆕新倉暴量 ⚠️暴動高IV(85%),HOLD,1
TJX,2026-10-16,140.0,0.7,2235,909,24.854267089843752,36,128.92,0.65,0.85,2026-09-08 19:56:10,🚬菸屁股,HOLD,1
OPEN,2027-02-19,7.0,0.18,2684,886,102.34423828125001,162,3.07,0.15,0.19,2026-09-08 17:52:07,🆕低基期(前日Vol8) 🚬菸屁股,HOLD,1
SOFI,2026-10-16,22.0,0.22,10764,867,55.078574218750006,36,18.01,0.22,0.24,2026-09-08 19:58:41,🚬菸屁股,HOLD,1
SMR,2026-09-18,9.0,2.32,2155,867,103.90673046875003,8,11.18,2.18,2.35,2026-09-08 19:52:05,🚀點火(18.8x) ⚠️暴動高IV(104%),HOLD,1
ASTS,2026-10-16,100.0,0.86,7206,861,91.211025390625,36,66.12,0.82,0.9,2026-09-08 19:59:39,🚬菸屁股,HOLD,1
SOFI,2026-10-16,21.0,0.34,9122,848,53.320779296874996,36,18.01,0.33,0.35,2026-09-08 19:57:46,🚬菸屁股,HOLD,1
HIMS,2026-12-18,60.0,0.47,2304,845,91.60164648437501,99,28.17,0.4,0.57,2026-09-08 17:55:27,🚬菸屁股,HOLD,1
PATH,2027-01-15,20.0,0.86,17590,842,74.414318359375,127,14.01,0.8,0.94,2026-09-08 19:47:53,🚬菸屁股,HOLD,1
SOFI,2026-11-20,25.0,0.34,11939,834,62.500375000000005,71,18.01,0.34,0.36,2026-09-08 19:42:54,🚬菸屁股,HOLD,1
IREN,2026-09-18,80.0,0.04,4121,834,131.25034374999998,8,46.93,0.02,0.04,2026-09-08 18:39:59,🆕低基期(前日Vol5) 🚬菸屁股,HOLD,1
ASTS,2026-09-18,100.0,0.09,12138,806,116.79729101562502,8,66.12,0.07,0.11,2026-09-08 19:47:22,🚀點火(4.2x) 🚬菸屁股 ⚠️尾段價外(51%) ⚠️暴動高IV(117%),BUY_WATCH,1
OPEN,2026-09-18,4.0,0.01,17220,776,81.2501875,8,3.07,0.0,0.01,2026-09-08 19:57:52,🚬菸屁股,HOLD,1
PCG,2026-09-18,17.0,0.13,18964,772,70.70341796875,8,14.82,0.07,0.15,2026-09-08 19:58:00,🚬菸屁股,HOLD,1
IREN,2026-10-16,75.0,0.67,5113,767,100.09815576171874,36,46.93,0.58,0.66,2026-09-08 19:28:28,🚀點火(5.8x) 🚬菸屁股 ⚠️尾段價外(60%) ⚠️暴動高IV(100%),BUY_WATCH,1
PCG,2028-01-21,27.0,0.75,6944,753,51.758294921875006,498,14.82,0.44,1.0,2026-09-08 19:33:06,🔭LEAPS,HOLD,1
TSM,2026-09-11,445.0,3.77,986,751,40.75986975097656,1,439.0,3.6,3.95,2026-09-08 19:58:03,🎲末日結算 🆕新倉暴量,HOLD,1
ORCL,2026-09-18,270.0,0.15,5960,748,132.422212890625,8,162.52,0.14,0.18,2026-09-08 19:34:22,🚬菸屁股,HOLD,1
AAPL,2026-09-18,360.0,0.11,8352,743,36.7193828125,8,316.22,0.11,0.12,2026-09-08 19:55:51,🚬菸屁股,HOLD,1
TSM,2026-09-11,455.0,1.4,1034,740,40.86973193359375,1,439.0,1.31,1.47,2026-09-08 19:58:39,🎲末日結算 🆕新倉暴量,HOLD,1
IBIT,2028-01-21,60.0,6.15,7450,735,52.28319201660157,498,44.39,6.05,6.3,2026-09-08 19:33:00,🆕低基期(前日Vol13) 🔭LEAPS,HOLD,1
SMR,2026-09-18,15.0,0.06,1480,733,113.28168359375002,8,11.18,0.05,0.07,2026-09-08 19:59:26,🆕低基期(前日Vol3) 🚬菸屁股,HOLD,1
TSM,2026-09-18,480.0,0.94,7326,732,37.86683227539062,8,439.0,0.91,1.0,2026-09-08 19:59:49,🚬菸屁股,HOLD,1
WMT,2026-09-18,109.0,0.71,2706,720,26.807372558593745,8,106.05,0.69,0.78,2026-09-08 19:58:39,🚬菸屁股,HOLD,1
WMT,2026-10-16,120.0,0.33,6140,719,26.709717285156252,36,106.05,0.3,0.33,2026-09-08 19:58:51,🚬菸屁股,HOLD,1
ACHR,2026-10-16,6.0,0.45,10709,711,71.87528125,36,5.83,0.44,0.49,2026-09-08 19:48:02,🚬菸屁股,HOLD,1
TSLA,2026-09-18,430.0,0.51,5722,706,52.19774365234374,8,368.16,0.48,0.51,2026-09-08 19:54:42,🚬菸屁股,HOLD,1
SMR,2026-10-16,17.0,0.23,3847,706,102.34423828125001,36,11.18,0.19,0.25,2026-09-08 19:51:24,🚀點火(6.2x) 🚬菸屁股 ⚠️尾段價外(52%) ⚠️暴動高IV(102%),BUY_WATCH,1
OPEN,2026-10-16,4.0,0.08,9678,703,82.81267187499999,36,3.07,0.07,0.09,2026-09-08 19:35:02,🚬菸屁股,HOLD,1
TSLA,2026-09-18,500.0,0.12,18840,693,74.804939453125,8,368.16,0.11,0.12,2026-09-08 19:56:45,🚬菸屁股,HOLD,1
SOFI,2026-09-18,30.0,0.01,23793,680,112.5004375,8,18.01,0.0,0.01,2026-09-08 18:41:41,🚬菸屁股,HOLD,1
QCOM,2026-09-11,172.5,4.55,2323,678,59.86368261718751,1,174.09,4.5,4.7,2026-09-08 19:59:20,🎲末日結算 🆕新倉暴量,HOLD,1
ONDS,2026-10-16,8.0,0.6,4664,676,77.3439765625,36,7.62,0.58,0.62,2026-09-08 19:59:45,🚬菸屁股,HOLD,1
HOOD,2026-09-18,150.0,0.22,8224,673,80.07832421875,8,117.34,0.21,0.23,2026-09-08 19:59:41,🚬菸屁股,HOLD,1
CRWV,2026-09-18,140.0,0.19,14481,670,104.10204199218754,8,99.83,0.18,0.2,2026-09-08 19:49:40,🚬菸屁股,HOLD,1
NBIS,2026-09-18,310.0,1.58,1449,668,101.51416430664062,8,243.88,1.53,1.65,2026-09-08 19:59:51,🚀點火(8.6x) ⚠️暴動高IV(102%),HOLD,1
IBIT,2026-12-18,60.0,0.66,27887,666,47.461462890625,99,44.39,0.66,0.71,2026-09-08 19:59:33,🚬菸屁股,HOLD,1
RKLB,2026-10-16,120.0,0.24,4050,662,93.35944140625,36,65.87,0.2,0.26,2026-09-08 19:55:56,🚀點火(8.4x) 🚬菸屁股 ⚠️尾段價外(82%) ⚠️暴動高IV(93%),BUY_WATCH,1
DKNG,2026-09-18,25.0,0.45,11098,660,56.44574804687501,8,23.87,0.41,0.5,2026-09-08 19:59:36,🚬菸屁股,HOLD,1
ORCL,2026-09-18,230.0,0.58,8015,660,118.26212744140622,8,162.52,0.56,0.59,2026-09-08 19:59:55,🚬菸屁股,HOLD,1
NVDA,2026-10-16,300.0,0.19,13072,659,40.918559570312496,36,225.73,0.18,0.19,2026-09-08 19:58:33,🚬菸屁股,HOLD,1
TSLA,2026-09-18,425.0,0.6,7695,655,50.85498364257812,8,368.16,0.59,0.61,2026-09-08 19:55:57,🚬菸屁股,HOLD,1
PATH,2026-09-18,16.0,0.1,4058,649,70.312796875,8,14.01,0.09,0.13,2026-09-08 19:57:03,🚬菸屁股,HOLD,1
VRT,2026-09-11,300.0,3.52,778,643,67.13900048828127,1,290.83,3.3,3.7,2026-09-08 19:58:21,🎲末日結算 🆕新倉暴量,HOLD,1
ORCL,2026-09-18,240.0,0.4,6224,642,122.75429248046876,8,162.52,0.39,0.45,2026-09-08 19:59:25,🚬菸屁股,HOLD,1
AAPL,2027-01-15,320.0,20.34,36616,636,31.308670318603514,127,316.22,20.2,21.75,2026-09-08 19:58:45,🔥萬人塚 🏛️機構場,HOLD,1
OKLO,2026-10-16,60.0,0.99,3792,635,90.429783203125,36,43.31,0.89,1.07,2026-09-08 19:59:54,🚀點火(3.6x) 🚬菸屁股 ⚠️尾段價外(39%) ⚠️暴動高IV(90%),BUY_WATCH,1
PATH,2026-09-18,18.0,0.03,3692,631,83.59391406249999,8,14.01,0.02,0.04,2026-09-08 19:51:46,🚬菸屁股,HOLD,1
HIMS,2027-01-15,90.0,0.26,5076,631,97.070341796875,127,28.17,0.2,0.26,2026-09-08 18:33:43,🆕低基期(前日Vol1) 🚬菸屁股,HOLD,1
HIMS,2026-12-18,90.0,0.12,1003,630,106.83640332031253,99,28.17,0.0,0.39,2026-09-08 14:33:34,🆕低基期(前日Vol8) 🚬菸屁股,HOLD,1
META,2026-10-16,1180.0,0.02,1203,615,62.890996093750005,36,613.48,0.01,0.05,2026-09-08 19:54:21,🆕低基期(前日Vol16) 🚬菸屁股,HOLD,1
IONQ,2026-09-18,60.0,0.07,4226,598,122.65663671875001,8,40.47,0.05,0.15,2026-09-08 17:44:16,🚀點火(17.6x) 🚬菸屁股 ⚠️尾段價外(48%) ⚠️暴動高IV(123%),BUY_WATCH,1
IREN,2026-10-16,100.0,0.18,5427,593,113.8676181640625,36,46.93,0.15,0.21,2026-09-08 19:17:19,🆕低基期(前日Vol4) 🚬菸屁股,HOLD,1
RDDT,2026-09-11,157.5,1.1,1093,592,71.48466015625,1,149.38,1.07,1.25,2026-09-08 19:58:04,🎲末日結算 🆕新倉暴量,HOLD,1
SMCI,2026-09-18,55.0,0.07,12897,589,96.0937890625,8,40.26,0.06,0.08,2026-09-08 19:36:19,🚬菸屁股,HOLD,1
RKLB,2026-09-18,90.0,0.1,4293,589,94.726615234375,8,65.87,0.1,0.11,2026-09-08 19:54:03,🚀點火(2.9x) 🚬菸屁股 ⚠️尾段價外(37%) ⚠️暴動高IV(95%),BUY_WATCH,1
HIMS,2026-09-18,35.0,0.12,5917,586,84.76577734374999,8,28.17,0.11,0.12,2026-09-08 19:45:56,🚬菸屁股,HOLD,1
BA,2026-09-18,225.0,0.82,5546,576,35.08365698242187,8,210.73,0.56,0.82,2026-09-08 19:59:52,🚬菸屁股,HOLD,1
META,2026-09-18,955.0,0.03,860,576,85.1563984375,8,613.48,0.0,0.05,2026-09-03 18:46:20,🚬菸屁股,HOLD,1
ONDS,2028-01-21,10.0,2.6,23494,570,94.14068359375,498,7.62,2.52,2.67,2026-09-08 19:56:23,🔭LEAPS,HOLD,1
SOFI,2026-12-18,25.0,0.53,20518,567,60.644924804687506,99,18.01,0.52,0.54,2026-09-08 19:53:11,🚬菸屁股,HOLD,1
SOFI,2028-01-21,30.0,2.48,29362,566,64.18492846679689,498,18.01,2.46,2.51,2026-09-08 19:59:53,🔭LEAPS,HOLD,1
HIMS,2026-09-18,31.0,0.45,1943,561,74.414318359375,8,28.17,0.42,0.49,2026-09-08 19:58:17,🚬菸屁股,HOLD,1
IREN,2026-10-16,49.0,4.45,1205,558,88.96495410156248,36,46.93,4.4,4.6,2026-09-08 19:59:09,🆕新倉暴量 ⚠️暴動高IV(89%),HOLD,1
PCG,2028-01-21,13.0,4.2,3268,554,53.88229711914063,498,14.82,4.2,4.65,2026-09-08 19:52:16,🆕低基期(前日Vol12) 🔭LEAPS,HOLD,1
IREN,2026-09-18,75.0,0.04,7685,547,125.00037499999999,8,46.93,0.04,0.06,2026-09-08 19:53:46,🚀點火(8.7x) 🚬菸屁股 ⚠️尾段價外(60%) ⚠️暴動高IV(125%),BUY_WATCH,1
OKLO,2026-10-16,55.0,1.46,1539,546,86.54798608398437,36,43.31,1.4,1.55,2026-09-08 19:59:53,🆕新倉暴量 ⚠️暴動高IV(87%),HOLD,1
OKLO,2026-10-16,70.0,0.4,1932,544,97.3633076171875,36,43.31,0.4,0.54,2026-09-08 19:50:21,🚀點火(14.3x) 🚬菸屁股 ⚠️尾段價外(62%) ⚠️暴動高IV(97%),BUY_WATCH,1
SMCI,2026-09-18,47.0,0.38,1846,543,81.83611914062499,8,40.26,0.34,0.4,2026-09-08 19:54:09,🚬菸屁股,HOLD,1
OKLO,2026-09-18,45.5,1.56,1266,538,86.0352958984375,8,43.31,1.5,1.65,2026-09-08 19:33:56,🚀點火(3.9x) ⚠️暴動高IV(86%),HOLD,1
TSLA,2026-10-16,500.0,0.87,7309,535,50.97705273437501,36,368.16,0.84,0.88,2026-09-08 19:57:57,🚬菸屁股,HOLD,1
OKLO,2026-09-18,43.0,2.63,955,530,84.179845703125,8,43.31,2.47,2.64,2026-09-08 19:56:40,🆕新倉暴量 ⚠️暴動高IV(84%),HOLD,1
AMZN,2026-09-18,285.0,0.22,17139,528,36.03579589843749,8,256.97,0.21,0.27,2026-09-08 19:51:52,🚬菸屁股,HOLD,1
MSFT,2026-09-18,800.0,0.01,10606,527,82.81267187499999,8,493.95,0.0,0.01,2026-09-03 18:32:50,🚬菸屁股,HOLD,1
AAPL,2027-01-15,600.0,0.03,12130,527,36.32876171875,127,316.22,0.02,0.04,2026-09-08 19:59:49,🚬菸屁股,HOLD,1
WMT,2026-09-11,103.0,3.14,1096,527,36.133451171874995,1,106.05,2.9,3.4,2026-09-08 19:59:54,🎲末日結算 🆕新倉暴量,HOLD,1
MU,2026-09-18,1500.0,0.23,7338,524,93.0664755859375,8,1000.26,0.2,0.3,2026-09-08 19:58:06,🚬菸屁股,HOLD,1
ORCL,2026-09-18,260.0,0.23,3105,524,129.98081884765622,8,162.52,0.2,0.25,2026-09-08 19:57:24,🚬菸屁股,HOLD,1
NVDA,2026-10-16,290.0,0.27,10593,520,39.45373046875,36,225.73,0.27,0.3,2026-09-08 19:53:57,🚬菸屁股,HOLD,1
AAPL,2026-09-18,390.0,0.01,5527,520,47.070841796875,8,316.22,0.0,0.03,2026-09-08 18:57:29,🆕低基期(前日Vol12) 🚬菸屁股,HOLD,1
ONDS,2026-09-18,11.0,0.02,20683,516,112.5004375,8,7.62,0.01,0.02,2026-09-08 19:35:19,🚀點火(2.8x) 🚬菸屁股 ⚠️尾段價外(44%) ⚠️暴動高IV(113%),BUY_WATCH,1
OKLO,2026-09-18,40.5,4.62,1199,514,87.35364208984375,8,43.31,3.8,4.35,2026-09-08 16:59:40,🆕新倉暴量 ⚠️暴動高IV(87%),HOLD,1
WMT,2026-09-18,125.0,0.02,12893,509,43.164630859375,8,106.05,0.02,0.03,2026-09-08 19:07:43,🚬菸屁股,HOLD,1
PCG,2027-01-15,30.0,0.32,1136,506,72.07059179687501,127,14.82,0.09,0.28,2026-09-08 18:29:41,🆕低基期(前日Vol2) 🚬菸屁股,HOLD,1
NVDA,2026-09-18,350.0,0.01,26425,505,81.2501875,8,225.73,0.0,0.01,2026-09-08 19:21:58,🚬菸屁股,HOLD,1
BA,2026-09-18,230.0,0.39,4268,505,36.7193828125,8,210.73,0.35,0.45,2026-09-08 19:59:59,🚬菸屁股,HOLD,1
IBIT,2026-10-16,49.0,0.88,10368,503,43.7505625,36,44.39,0.91,0.94,2026-09-08 19:49:41,🚬菸屁股,HOLD,1
META,2026-09-18,960.0,0.03,1490,500,84.37515624999999,8,613.48,0.0,0.04,2026-09-03 18:48:50,🚬菸屁股,HOLD,1
SOFI,2026-11-20,21.0,0.89,4616,494,59.4730615234375,71,18.01,0.89,0.91,2026-09-08 19:59:28,🚬菸屁股,HOLD,1
HOOD,2026-09-11,115.0,4.6,2242,490,75.43969873046875,1,117.34,4.35,4.6,2026-09-08 19:57:52,🎲末日結算 🆕新倉暴量,HOLD,1
NVDA,2026-10-16,275.0,0.61,7890,489,37.15883154296875,36,225.73,0.59,0.62,2026-09-08 19:54:22,🚬菸屁股,HOLD,1
NVDA,2026-10-16,280.0,0.47,17771,486,37.86683227539062,36,225.73,0.45,0.48,2026-09-08 19:48:29,🚬菸屁股,HOLD,1
PCG,2026-12-18,21.0,0.64,27514,486,71.7776259765625,99,14.82,0.57,0.7,2026-09-08 19:47:10,🚬菸屁股,HOLD,1
WMT,2026-09-18,115.0,0.1,11900,467,29.004616210937495,8,106.05,0.08,0.1,2026-09-08 19:59:26,🚬菸屁股,HOLD,1
AAPL,2026-09-18,355.0,0.16,7878,466,35.44986425781249,8,316.22,0.15,0.18,2026-09-08 19:52:52,🚬菸屁股,HOLD,1
MSFT,2026-09-18,570.0,0.06,26838,458,35.1568984375,8,493.95,0.03,0.07,2026-09-08 19:53:20,🚬菸屁股,HOLD,1
INTC,2028-01-21,150.0,22.48,10719,458,72.33914379882812,498,104.47,22.0,22.9,2026-09-08 19:59:50,🔭LEAPS,HOLD,1
SMR,2026-11-20,15.0,0.85,3362,452,98.53517089843751,71,11.18,0.8,0.9,2026-09-08 19:28:48,🚬菸屁股,HOLD,1
IONQ,2026-09-18,41.0,2.0,892,443,87.30481445312499,8,40.47,1.96,2.22,2026-09-08 19:51:00,🆕新倉暴量 ⚠️暴動高IV(87%),HOLD,1
AMZN,2026-09-18,345.0,0.01,1030,443,56.250437500000004,8,256.97,0.0,0.01,2026-09-03 18:22:53,🚬菸屁股,HOLD,1
OKLO,2026-10-16,75.0,0.35,2273,437,99.023447265625,36,43.31,0.21,0.42,2026-09-08 19:28:45,🚀點火(6.6x) 🚬菸屁股 ⚠️尾段價外(73%) ⚠️暴動高IV(99%),BUY_WATCH,1
IBIT,2026-09-18,51.0,0.09,12402,434,52.3442265625,8,44.39,0.09,0.1,2026-09-08 19:12:34,🚬菸屁股,HOLD,1
TSLA,2026-09-18,550.0,0.07,8398,431,89.062609375,8,368.16,0.05,0.08,2026-09-08 18:21:31,🚀點火(5.9x) 🚬菸屁股 ⚠️尾段價外(49%) ⚠️暴動高IV(89%),BUY_WATCH,1
NBIS,2026-09-18,350.0,0.45,3410,431,107.27585424804688,8,243.88,0.22,0.58,2026-09-08 19:45:04,🚀點火(6.6x) 🚬菸屁股 ⚠️尾段價外(44%) ⚠️暴動高IV(107%),BUY_WATCH,1
TSLA,2026-09-18,460.0,0.22,5112,428,61.81678808593751,8,368.16,0.21,0.23,2026-09-08 19:49:33,🚬菸屁股,HOLD,1
IBIT,2026-09-18,49.0,0.19,8991,428,48.7309814453125,8,44.39,0.18,0.2,2026-09-08 20:11:07,🚬菸屁股,HOLD,1
SOFI,2027-01-15,27.0,0.53,21075,427,60.986718261718764,127,18.01,0.52,0.53,2026-09-08 19:53:43,🚬菸屁股,HOLD,1
SOFI,2026-11-20,22.0,0.7,17605,422,59.91251025390626,71,18.01,0.69,0.71,2026-09-08 19:59:28,🚬菸屁股,HOLD,1
SOFI,2026-09-18,24.0,0.02,4836,421,86.7188828125,8,18.01,0.02,0.03,2026-09-08 19:59:18,🚬菸屁股,HOLD,1
IONQ,2026-09-18,70.0,0.03,4078,419,133.59408203124997,8,40.47,0.0,0.05,2026-09-08 19:50:46,🆕低基期(前日Vol6) 🚬菸屁股,HOLD,1
CRWV,2026-09-18,150.0,0.13,10795,419,110.9379453125,8,99.83,0.09,0.12,2026-09-08 18:40:53,🚀點火(3.4x) 🚬菸屁股 ⚠️尾段價外(50%) ⚠️暴動高IV(111%),BUY_WATCH,1
LUNR,2026-09-18,18.0,0.24,2807,418,87.30481445312499,8,15.68,0.2,0.24,2026-09-08 19:58:04,🚬菸屁股,HOLD,1
HIMS,2026-09-18,29.0,0.99,810,416,70.70341796875,8,28.17,0.92,1.0,2026-09-08 19:59:47,🚬菸屁股,HOLD,1
RKLB,2026-10-16,95.0,0.77,1843,415,82.27556787109374,36,65.87,0.73,0.87,2026-09-08 19:58:54,🚀點火(18.0x) 🚬菸屁股 ⚠️尾段價外(44%) ⚠️暴動高IV(82%),BUY_WATCH,1
TSLA,2026-12-18,990.0,0.26,19632,413,70.65459033203125,99,368.16,0.25,0.28,2026-09-08 19:39:50,🚬菸屁股,HOLD,1
TSLA,2028-01-21,800.0,16.81,7540,411,53.674779663085936,498,368.16,16.9,17.5,2026-09-08 18:39:43,🔭LEAPS,HOLD,1
CHPT,2026-09-18,10.0,0.49,1305,411,112.89106054687501,8,9.37,0.4,0.5,2026-09-08 19:58:26,🚬菸屁股,HOLD,1
ONDS,2026-12-18,14.0,0.26,8020,410,91.992267578125,99,7.62,0.21,0.28,2026-09-08 19:25:54,🆕低基期(前日Vol15) 🚬菸屁股,HOLD,1
AAPL,2026-09-18,400.0,0.02,14776,408,50.0005,8,316.22,0.01,0.02,2026-09-08 18:12:28,🚬菸屁股,HOLD,1
XYZ,2026-09-18,85.0,0.64,7922,408,43.40876904296876,8,80.1,0.61,0.68,2026-09-08 19:58:27,🚬菸屁股,HOLD,1
NVDA,2026-12-18,420.0,0.1,5476,406,45.06890869140625,99,225.73,0.08,0.1,2026-09-08 19:56:25,🆕低基期(前日Vol5) 🚬菸屁股,HOLD,1
GOOG,2026-09-18,380.0,0.19,6396,405,38.3795224609375,8,335.38,0.16,0.21,2026-09-08 19:49:54,🚬菸屁股,HOLD,1
PATH,2028-01-21,17.0,3.95,2475,405,76.41625146484375,498,14.01,3.85,4.1,2026-09-08 19:26:10,🔭LEAPS,HOLD,1
DKNG,2027-01-15,55.0,0.08,6912,403,65.62534375000001,127,23.87,0.01,0.15,2026-09-08 18:37:03,🆕低基期(前日Vol7) 🚬菸屁股,HOLD,1
SHOP,2026-09-18,150.0,0.7,11402,400,57.0316796875,8,134.1,0.48,1.06,2026-09-08 19:54:40,🚬菸屁股,HOLD,1
SOFI,2026-09-18,17.5,0.9,1657,398,51.27001855468749,8,18.01,0.88,0.9,2026-09-08 19:54:11,🚬菸屁股,HOLD,1
WMT,2028-01-21,150.0,3.91,5223,395,30.7074800415039,498,106.05,3.8,4.0,2026-09-08 19:55:00,🔭LEAPS,HOLD,1
OKLO,2028-01-21,100.0,7.65,5574,393,89.42881665039062,498,43.31,7.3,8.0,2026-09-08 19:39:50,🆕低基期(前日Vol15) 🔭LEAPS,HOLD,1
SOFI,2028-06-16,30.0,3.35,21105,391,65.43003320312502,645,18.01,3.25,3.4,2026-09-08 19:51:26,🔭LEAPS,HOLD,1
HIMS,2026-09-18,33.0,0.21,4957,381,79.687703125,8,28.17,0.21,0.24,2026-09-08 19:59:57,🚬菸屁股,HOLD,1
ONDS,2026-10-16,9.0,0.33,6863,381,80.85956640625,36,7.62,0.33,0.35,2026-09-08 19:52:16,🚬菸屁股,HOLD,1
SOFI,2026-10-16,35.0,0.03,5147,379,89.062609375,36,18.01,0.02,0.03,2026-09-08 19:29:58,🚀點火(2.9x) 🚬菸屁股 ⚠️尾段價外(94%) ⚠️暴動高IV(89%),BUY_WATCH,1
JOBY,2026-09-18,7.0,0.22,1204,379,66.40658593750001,8,6.84,0.17,0.29,2026-09-08 19:58:21,🚬菸屁股,HOLD,1
PATH,2028-01-21,20.0,3.15,7591,378,76.41625146484375,498,14.01,3.15,3.45,2026-09-08 19:51:38,🔭LEAPS,HOLD,1
CHPT,2026-09-18,12.0,0.13,1012,377,139.06280468749998,8,9.37,0.1,0.25,2026-09-08 19:40:31,🚬菸屁股,HOLD,1
LUNR,2026-12-18,27.0,0.74,2386,373,97.1679970703125,99,15.68,0.54,0.98,2026-09-08 19:22:32,🆕低基期(前日Vol6) 🚬菸屁股,HOLD,1
ONDS,2026-11-20,10.0,0.53,3606,372,91.79695703125,71,7.62,0.5,0.58,2026-09-08 19:02:26,🚬菸屁股,HOLD,1
META,2026-09-18,1340.0,0.02,1734,372,137.50031249999998,8,613.48,0.0,0.03,2026-09-03 18:57:47,🚬菸屁股,HOLD,1
PATH,2026-10-16,17.0,0.31,1276,371,61.71913281250001,36,14.01,0.2,0.34,2026-09-08 19:46:10,🚬菸屁股,HOLD,1
AMZN,2026-11-20,350.0,0.89,28850,371,39.954213745117194,71,256.97,0.8,0.91,2026-09-08 19:52:00,🚬菸屁股,HOLD,1
MU,2026-09-18,2000.0,0.03,2247,362,129.6878515625,8,1000.26,0.02,0.08,2026-09-08 16:14:16,🚬菸屁股,HOLD,1
OPEN,2026-11-20,4.0,0.23,14283,360,94.14068359375,71,3.07,0.22,0.25,2026-09-08 19:59:10,🚬菸屁股,HOLD,1
HOOD,2026-10-16,230.0,0.1,3537,356,84.76577734374999,36,117.34,0.08,0.12,2026-09-08 19:50:11,🚬菸屁股,HOLD,1
F,2026-12-18,16.0,0.43,5894,351,39.942006835937505,99,14.0,0.39,0.5,2026-09-08 19:34:08,🚬菸屁股,HOLD,1
IONQ,2026-10-16,65.0,0.35,1633,350,93.6524072265625,36,40.47,0.31,0.46,2026-09-08 19:30:23,🚀點火(9.2x) 🚬菸屁股 ⚠️尾段價外(61%) ⚠️暴動高IV(94%),BUY_WATCH,1
IBIT,2028-01-21,90.0,2.46,5157,349,52.89353747558594,498,44.39,2.34,2.45,2026-09-08 17:14:16,🆕低基期(前日Vol16) 🔭LEAPS,HOLD,1
INTC,2028-01-21,210.0,14.17,6345,343,72.81216152954102,498,104.47,13.3,14.5,2026-09-08 19:49:21,🔭LEAPS,HOLD,1
BA,2026-09-18,235.0,0.2,5273,343,38.13538427734374,8,210.73,0.12,0.24,2026-09-08 19:50:55,🚬菸屁股,HOLD,1
F,2026-11-20,16.0,0.32,7825,341,39.3560751953125,71,14.0,0.31,0.34,2026-09-08 19:40:49,🚬菸屁股,HOLD,1
NVDA,2028-01-21,460.0,5.75,5574,339,43.49116567993164,498,225.73,5.65,5.9,2026-09-08 19:18:23,🔭LEAPS,HOLD,1
ONDS,2026-09-18,7.5,0.42,1229,338,72.6565234375,8,7.62,0.4,0.45,2026-09-08 19:58:28,🚬菸屁股,HOLD,1
ORCL,2026-10-16,300.0,0.33,4032,335,87.5977802734375,36,162.52,0.3,0.36,2026-09-08 19:56:49,🚬菸屁股,HOLD,1
META,2026-09-18,1160.0,0.01,2655,331,106.25046875000001,8,613.48,0.0,0.01,2026-08-28 19:07:38,🚬菸屁股,HOLD,1
PLTR,2026-09-18,210.0,0.15,8017,328,62.500375000000005,8,170.3,0.15,0.16,2026-09-08 19:59:07,🚬菸屁股,HOLD,1
F,2026-11-20,14.0,0.99,2706,326,40.08848974609375,71,14.0,0.95,1.0,2026-09-08 19:48:23,🚬菸屁股,HOLD,1
ONDS,2026-10-16,12.0,0.08,2322,322,89.84385156249999,36,7.62,0.04,0.1,2026-09-08 19:47:00,🚬菸屁股,HOLD,1
RKLB,2026-09-18,100.0,0.05,9440,321,108.59420703125,8,65.87,0.04,0.06,2026-09-08 19:45:10,🚬菸屁股,HOLD,1
QCOM,2026-09-18,210.0,0.29,5192,321,65.23472265625001,8,174.09,0.29,0.4,2026-09-08 19:35:04,🚬菸屁股,HOLD,1
SOFI,2026-09-18,23.0,0.03,21225,318,75.7814921875,8,18.01,0.02,0.03,2026-09-08 19:51:55,🚬菸屁股,HOLD,1
CHPT,2026-09-18,11.0,0.24,1215,318,117.1879140625,8,9.37,0.15,0.3,2026-09-08 19:45:07,🚬菸屁股,HOLD,1
OKLO,2026-10-16,65.0,0.66,1458,313,93.11530322265625,36,43.31,0.56,0.73,2026-09-08 19:46:55,🚀點火(12.5x) 🚬菸屁股 ⚠️尾段價外(50%) ⚠️暴動高IV(93%),BUY_WATCH,1
HOOD,2026-11-20,230.0,0.7,5397,313,80.51777294921875,71,117.34,0.54,0.86,2026-09-08 19:26:52,🚬菸屁股,HOLD,1
INTC,2026-09-18,160.0,0.04,7538,311,100.39112304687498,8,104.47,0.03,0.04,2026-09-08 19:53:56,🚀點火(9.4x) 🚬菸屁股 ⚠️尾段價外(53%) ⚠️暴動高IV(100%),BUY_WATCH,1
HIMS,2026-09-18,32.0,0.3,1618,308,76.367423828125,8,28.17,0.29,0.33,2026-09-08 19:45:10,🚬菸屁股,HOLD,1
TJX,2026-10-16,155.0,0.1,1018,306,29.981168945312497,36,128.92,0.0,0.15,2026-09-08 18:17:12,🆕低基期(前日Vol3) 🚬菸屁股,HOLD,1
NBIS,2026-09-18,340.0,0.63,1139,304,105.95750146484377,8,243.88,0.43,0.7,2026-09-08 19:56:23,🚀點火(9.5x) 🚬菸屁股 ⚠️尾段價外(39%) ⚠️暴動高IV(106%),BUY_WATCH,1
PATH,2026-09-18,20.0,0.01,6805,304,99.2187578125,8,14.01,0.01,0.02,2026-09-08 19:53:07,🚬菸屁股,HOLD,1
GOOG,2026-09-18,390.0,0.13,9288,302,41.79745703125,8,335.38,0.11,0.13,2026-09-08 19:52:34,🚬菸屁股,HOLD,1
NVDA,2026-09-18,310.0,0.01,5463,301,59.375406250000005,8,225.73,0.0,0.01,2026-09-08 19:13:24,🚬菸屁股,HOLD,1
LUNR,2026-09-18,20.0,0.08,3633,301,95.312546875,8,15.68,0.07,0.08,2026-09-08 19:58:30,🆕低基期(前日Vol19) 🚬菸屁股,HOLD,1
ORCL,2026-09-18,280.0,0.13,6100,300,135.547197265625,8,162.52,0.1,0.14,2026-09-08 19:58:04,🚬菸屁股,HOLD,1
BA,2026-09-18,250.0,0.03,8684,299,46.3872548828125,8,210.73,0.02,0.08,2026-09-08 19:46:08,🚬菸屁股,HOLD,1
ORCL,2026-10-16,280.0,0.45,1946,299,83.34977587890623,36,162.52,0.4,0.51,2026-09-08 19:17:14,🚬菸屁股,HOLD,1
DKNG,2026-09-18,26.0,0.26,2246,298,57.617611328124994,8,23.87,0.18,0.3,2026-09-08 19:50:40,🚬菸屁股,HOLD,1
MSTR,2026-09-18,220.0,0.09,5001,297,117.96916015624998,8,136.52,0.04,0.12,2026-09-08 19:37:34,🚬菸屁股,HOLD,1
IBIT,2026-09-18,53.0,0.06,5221,297,58.20354296875,8,44.39,0.05,0.07,2026-09-08 19:44:42,🚬菸屁股,HOLD,1
IONQ,2026-10-16,60.0,0.58,2576,295,89.64854101562499,36,40.47,0.5,0.63,2026-09-08 19:57:32,🚀點火(12.3x) 🚬菸屁股 ⚠️尾段價外(48%) ⚠️暴動高IV(90%),BUY_WATCH,1
PCG,2027-01-15,27.0,0.32,3341,292,74.60962890625001,127,14.82,0.09,0.62,2026-09-08 16:13:53,🆕低基期(前日Vol2) 🚬菸屁股,HOLD,1
SOFI,2028-01-21,20.0,4.7,29822,291,65.1370673828125,498,18.01,4.65,4.75,2026-09-08 19:56:32,🔭LEAPS,HOLD,1
F,2026-12-18,19.82,0.13,7303,290,50.0005,99,14.0,0.15,0.23,2025-02-13 18:30:47,🚬菸屁股,HOLD,1
SOFI,2026-10-16,24.0,0.12,9526,289,59.18009570312501,36,18.01,0.11,0.12,2026-09-08 19:11:21,🚬菸屁股,HOLD,1
ACHR,2027-01-15,9.0,0.31,28253,286,81.2501875,127,5.83,0.31,0.38,2026-09-08 19:58:00,🚬菸屁股,HOLD,1
SMR,2027-01-15,25.0,0.44,7250,286,102.1489267578125,127,11.18,0.4,0.45,2026-09-08 19:54:30,🆕低基期(前日Vol3) 🚬菸屁股,HOLD,1
AMZN,2026-09-18,282.5,0.28,1759,286,34.71744970703124,8,256.97,0.1,0.32,2026-09-08 19:57:02,🚬菸屁股,HOLD,1
OPEN,2026-10-16,5.0,0.02,8740,284,92.187578125,36,3.07,0.02,0.03,2026-09-08 18:51:50,🚀點火(5.4x) 🚬菸屁股 ⚠️尾段價外(63%) ⚠️暴動高IV(92%),BUY_WATCH,1
RKLB,2026-09-18,120.0,0.02,7284,283,136.71906640625,8,65.87,0.02,0.03,2026-09-08 19:47:00,🚀點火(4.3x) 🚬菸屁股 ⚠️尾段價外(82%) ⚠️暴動高IV(137%),BUY_WATCH,1
SMR,2028-01-21,13.0,4.4,3042,280,95.89847851562499,498,11.18,4.0,4.55,2026-09-08 19:59:03,🆕低基期(前日Vol9) 🔭LEAPS,HOLD,1
ONDS,2028-01-21,12.0,2.23,14054,279,92.62702685546876,498,7.62,2.03,2.3,2026-09-08 19:56:35,🔭LEAPS,HOLD,1
IREN,2026-11-20,110.0,0.6,7904,278,110.54732226562503,71,46.93,0.52,0.68,2026-09-08 19:44:05,🚬菸屁股,HOLD,1
TSLA,2028-01-21,500.0,51.24,6768,277,52.545640563964845,498,368.16,50.8,51.5,2026-09-08 19:34:18,🔭LEAPS,HOLD,1
GOOG,2026-09-18,375.0,0.27,5573,276,36.47524462890625,8,335.38,0.19,0.27,2026-09-08 19:58:47,🚬菸屁股,HOLD,1
SOFI,2026-11-20,24.0,0.44,5166,275,61.23085644531252,71,18.01,0.42,0.44,2026-09-08 19:47:06,🚬菸屁股,HOLD,1
SMCI,2026-10-16,55.0,0.68,1359,273,80.664255859375,36,40.26,0.65,0.72,2026-09-08 19:50:00,🚬菸屁股,HOLD,1
PCG,2026-09-18,17.5,0.1,26622,269,80.85956640625,8,14.82,0.05,0.17,2026-09-08 19:45:04,🚬菸屁股,HOLD,1
HOOD,2026-09-18,175.0,0.04,1078,267,96.48441015625,8,117.34,0.02,0.07,2026-09-08 19:50:01,🚀點火(3.5x) 🚬菸屁股 ⚠️尾段價外(49%) ⚠️暴動高IV(96%),BUY_WATCH,1
SMR,2026-11-20,18.0,0.5,1611,267,103.51610742187502,71,11.18,0.44,0.58,2026-09-08 19:51:58,🆕低基期(前日Vol7) 🚬菸屁股,HOLD,1
F,2026-09-18,15.5,0.03,1141,266,44.14118359375,8,14.0,0.02,0.04,2026-09-08 19:42:04,🚬菸屁股,HOLD,1
SOFI,2028-01-21,32.0,2.26,7343,265,64.28258374023439,498,18.01,2.16,2.28,2026-09-08 18:25:43,🔭LEAPS,HOLD,1
PATH,2026-12-18,20.0,0.65,3978,264,73.77955908203124,99,14.01,0.55,0.7,2026-09-08 19:49:40,🚬菸屁股,HOLD,1
SOFI,2028-01-21,15.0,6.7,28813,263,67.09017285156251,498,18.01,6.6,6.75,2026-09-08 19:28:46,🔭LEAPS,HOLD,1
PATH,2026-09-18,17.0,0.04,2229,263,75.00025000000001,8,14.01,0.04,0.06,2026-09-08 19:50:29,🚬菸屁股,HOLD,1
ACHR,2027-01-15,15.0,0.1,22144,262,94.92192578125,127,5.83,0.08,0.12,2026-09-08 19:23:40,🚬菸屁股,HOLD,1
CRWV,2026-10-16,180.0,0.52,8685,261,98.04689453125,36,99.83,0.48,0.54,2026-09-08 19:35:04,🆕低基期(前日Vol2) 🚬菸屁股,HOLD,1
OPEN,2026-11-20,8.0,0.05,5657,255,123.43788281249999,71,3.07,0.03,0.06,2026-09-08 19:47:15,🚬菸屁股,HOLD,1
ORCL,2026-12-18,510.0,0.19,11141,255,83.789224609375,99,162.52,0.16,0.21,2026-09-08 16:12:19,🚬菸屁股,HOLD,1
AMZN,2026-09-18,325.0,0.01,7244,254,52.3442265625,8,256.97,0.0,0.05,2026-09-08 19:41:19,🆕低基期(前日Vol14) 🚬菸屁股,HOLD,1
TJX,2027-01-15,170.0,0.35,2160,253,27.49095947265625,127,128.92,0.35,0.45,2026-09-08 18:35:38,🚬菸屁股,HOLD,1
JOBY,2026-11-20,7.0,0.82,1499,252,72.6565234375,71,6.84,0.78,0.85,2026-09-08 19:18:53,🆕低基期(前日Vol15) 🚬菸屁股,HOLD,1
PATH,2028-01-21,15.0,4.48,7476,250,76.367423828125,498,14.01,4.4,4.65,2026-09-08 19:53:32,🔭LEAPS,HOLD,1
HOOD,2026-09-18,155.0,0.17,2378,250,83.39860351562498,8,117.34,0.13,0.17,2026-09-08 19:59:16,🚬菸屁股,HOLD,1
WMT,2026-09-18,112.0,0.24,2737,250,27.246821289062495,8,106.05,0.2,0.27,2026-09-08 19:59:47,🚬菸屁股,HOLD,1
NVDA,2026-09-18,330.0,0.01,5749,249,70.312796875,8,225.73,0.0,0.01,2026-09-04 19:53:05,🚬菸屁股,HOLD,1
VST,2026-09-18,175.0,0.35,8836,249,55.12740185546876,8,151.72,0.3,0.45,2026-09-08 19:57:33,🚬菸屁股,HOLD,1
NVDA,2026-09-18,275.0,0.05,11524,248,49.023947265625004,8,225.73,0.04,0.05,2026-09-08 19:46:33,🚬菸屁股,HOLD,1
MU,2026-09-18,1450.0,0.35,1572,247,89.3555751953125,8,1000.26,0.24,0.45,2026-09-08 19:36:19,🚬菸屁股,HOLD,1
TGT,2026-09-18,170.0,0.98,4097,247,31.250687499999998,8,162.71,0.82,0.95,2026-09-08 19:59:12,🚬菸屁股,HOLD,1
LUNR,2026-09-18,19.0,0.13,1062,243,85.937640625,8,15.68,0.05,0.15,2026-09-08 19:47:47,🚬菸屁股,HOLD,1
JOBY,2027-01-15,40.0,0.02,5577,242,100.0005,127,6.84,0.0,0.01,2026-09-03 19:58:25,🚬菸屁股,HOLD,1
U,2028-01-21,70.0,6.1,1085,240,67.0169313964844,498,42.75,6.45,6.8,2026-09-04 17:08:13,🔭LEAPS,HOLD,1
ONDS,2026-10-16,11.0,0.11,6672,239,87.10950390625,36,7.62,0.11,0.12,2026-09-08 19:10:50,🚬菸屁股,HOLD,1
HOOD,2026-09-18,160.0,0.11,2073,236,89.64854101562499,8,117.34,0.1,0.17,2026-09-08 19:56:03,🚬菸屁股,HOLD,1
AMZN,2026-10-16,310.0,0.56,10685,236,34.55875988769531,36,256.97,0.53,0.6,2026-09-08 19:48:35,🚬菸屁股,HOLD,1
IONQ,2026-09-18,49.0,0.33,1359,235,94.33599414062499,8,40.47,0.32,0.42,2026-09-08 19:47:45,🆕低基期(前日Vol19) 🚬菸屁股,HOLD,1
JOBY,2028-01-21,32.0,0.31,9899,235,83.007982421875,498,6.84,0.31,0.32,2026-09-08 19:43:55,🔭LEAPS,HOLD,1
VRT,2026-09-18,350.0,0.55,2192,235,64.3558251953125,8,290.83,0.5,0.63,2026-09-08 19:41:20,🚬菸屁股,HOLD,1
QCOM,2026-10-16,230.0,0.9,2505,235,53.56491748046876,36,174.09,0.72,0.84,2026-09-08 19:58:28,🚬菸屁股,HOLD,1
SMR,2028-01-21,20.0,3.13,4819,234,99.19434399414062,498,11.18,3.0,3.3,2026-09-08 19:57:15,🆕低基期(前日Vol9) 🔭LEAPS,HOLD,1
ASTS,2026-09-18,110.0,0.06,3367,233,129.6878515625,8,66.12,0.05,0.06,2026-09-08 19:53:55,🆕低基期(前日Vol2) 🚬菸屁股,HOLD,1
RDDT,2026-09-18,175.0,0.7,1454,232,69.28741650390626,8,149.38,0.62,0.8,2026-09-08 19:57:46,🚬菸屁股,HOLD,1
SOFI,2026-12-18,30.0,0.23,23921,230,65.33237792968751,99,18.01,0.23,0.25,2026-09-08 18:47:59,🚬菸屁股,HOLD,1
SMR,2028-01-21,15.0,4.0,7581,230,98.36427416992188,498,11.18,3.8,4.1,2026-09-08 19:53:13,🔭LEAPS,HOLD,1
GOOG,2026-09-18,370.0,0.39,5487,229,36.426416992187505,8,335.38,0.33,0.46,2026-09-08 19:59:50,🚬菸屁股,HOLD,1
JOBY,2028-01-21,10.0,1.7,17967,224,80.1759794921875,498,6.84,1.62,1.75,2026-09-08 19:56:48,🔭LEAPS,HOLD,1
F,2026-11-20,15.0,0.53,3082,222,39.16076464843749,71,14.0,0.55,0.59,2026-09-08 19:28:54,🚬菸屁股,HOLD,1
SOFI,2028-01-21,18.0,5.39,10993,221,65.74741284179689,498,18.01,5.3,5.5,2026-09-08 19:53:22,🔭LEAPS,HOLD,1
COST,2026-12-18,1600.0,0.1,1177,221,38.23303955078124,99,910.18,0.0,0.18,2026-09-08 14:41:32,🚬菸屁股,HOLD,1
TSLA,2027-01-15,990.0,0.48,13755,220,66.69955175781253,127,368.16,0.46,0.5,2026-09-08 18:41:07,🚬菸屁股,HOLD,1
IBIT,2026-10-16,55.0,0.28,23167,220,48.438015625000006,36,44.39,0.27,0.3,2026-09-08 19:59:50,🚬菸屁股,HOLD,1
PLTR,2026-09-18,300.0,0.01,7385,220,103.12548437500001,8,170.3,0.0,0.01,2026-09-08 15:31:14,🚬菸屁股,HOLD,1
SOFI,2028-06-16,47.0,1.69,18201,220,65.99155102539062,645,18.01,1.61,1.74,2026-09-08 19:57:59,🔭LEAPS,HOLD,1
ORCL,2026-10-16,330.0,0.2,2618,220,95.312546875,36,162.52,0.07,0.44,2026-09-08 19:53:56,🚬菸屁股,HOLD,1
ACHR,2028-01-21,10.0,1.39,21136,218,87.7930908203125,498,5.83,1.37,1.42,2026-09-08 19:14:35,🔭LEAPS,HOLD,1
SMCI,2026-09-18,48.0,0.28,900,216,82.0314296875,8,40.26,0.26,0.29,2026-09-08 19:59:54,🚬菸屁股,HOLD,1
QCOM,2026-09-18,240.0,0.07,4324,215,80.85956640625,8,174.09,0.03,0.12,2026-09-08 19:54:18,🚬菸屁股,HOLD,1
QCOM,2026-10-16,240.0,0.59,1465,215,54.19967675781252,36,174.09,0.15,0.78,2026-09-08 19:01:32,🚬菸屁股,HOLD,1
INTC,2026-10-16,175.0,0.39,5209,212,82.76384423828124,36,104.47,0.33,0.4,2026-09-08 19:58:49,🆕低基期(前日Vol12) 🚬菸屁股,HOLD,1
OKLO,2026-09-18,47.0,1.14,1201,212,87.89074609375,8,43.31,1.1,1.25,2026-09-08 19:46:36,🚀點火(3.7x) ⚠️暴動高IV(88%),HOLD,1
JOBY,2026-10-16,8.0,0.21,2628,212,65.23472265625001,36,6.84,0.17,0.24,2026-09-08 19:27:02,🚬菸屁股,HOLD,1
AMZN,2026-09-18,335.0,0.01,20089,212,50.0005,8,256.97,0.0,0.01,2026-09-04 19:20:15,🚬菸屁股,HOLD,1
DKNG,2026-10-16,27.5,0.53,855,211,54.297332031250015,36,23.87,0.45,0.61,2026-09-08 19:55:27,🚬菸屁股,HOLD,1
TSLA,2026-09-18,440.0,0.38,8528,210,55.322712402343754,8,368.16,0.35,0.37,2026-09-08 19:52:42,🚬菸屁股,HOLD,1
IREN,2026-10-16,90.0,0.32,7043,209,108.3988955078125,36,46.93,0.23,0.32,2026-09-08 17:14:39,🚬菸屁股,HOLD,1
MU,2026-09-18,1600.0,0.17,2341,206,103.32079589843752,8,1000.26,0.11,0.28,2026-09-08 19:39:37,🚬菸屁股,HOLD,1
F,2026-12-18,15.0,0.64,5937,206,38.9654541015625,99,14.0,0.65,0.75,2026-09-08 19:22:58,🚬菸屁股,HOLD,1
TSLA,2026-09-18,470.0,0.18,5073,201,65.03941210937501,8,368.16,0.17,0.19,2026-09-08 19:17:59,🚬菸屁股,HOLD,1
PATH,2027-01-15,25.0,0.4,13048,201,75.7814921875,127,14.01,0.37,0.41,2026-09-08 19:50:33,🚬菸屁股,HOLD,1
ONDS,2026-12-18,18.0,0.11,3725,201,96.0937890625,99,7.62,0.08,0.13,2026-09-08 15:33:17,🆕低基期(前日Vol9) 🚬菸屁股,HOLD,1
WMT,2026-09-18,120.0,0.05,23838,201,36.32876171875,8,106.05,0.04,0.05,2026-09-08 19:40:56,🚬菸屁股,HOLD,1
IBIT,2026-09-18,80.0,0.01,11710,200,118.75040625,8,44.39,0.0,0.01,2026-09-03 19:29:26,🚬菸屁股,HOLD,1
OPEN,2026-12-18,7.0,0.08,1239,200,114.0629296875,99,3.07,0.07,0.14,2026-09-08 16:09:22,🆕低基期(前日Vol14) 🚬菸屁股,HOLD,1
WMT,2027-01-15,135.0,0.72,19089,200,29.688203124999994,127,106.05,0.68,0.83,2026-09-08 19:59:05,🚬菸屁股,HOLD,1
AMZN,2026-10-16,305.0,0.76,6216,200,34.09489733886719,36,256.97,0.69,0.79,2026-09-08 19:49:59,🚬菸屁股,HOLD,1
META,2026-09-18,1100.0,0.01,2800,200,102.34423828125001,8,613.48,0.0,0.02,2026-09-02 14:10:14,🚬菸屁股,HOLD,1
GOOG,2026-09-18,410.0,0.05,6614,198,48.633326171875005,8,335.38,0.05,0.06,2026-09-08 18:52:35,🚬菸屁股,HOLD,1
ONDS,2028-01-21,20.0,1.31,14566,198,95.06840869140623,498,7.62,1.25,1.42,2026-09-08 17:55:07,🆕低基期(前日Vol14) 🔭LEAPS,HOLD,1
PATH,2026-09-18,19.0,0.04,1641,197,97.6562734375,8,14.01,0.01,0.05,2026-09-08 19:53:07,🚬菸屁股,HOLD,1
ACHR,2027-01-15,8.0,0.5,15700,197,79.29708203125,127,5.83,0.45,0.5,2026-09-08 19:49:08,🚬菸屁股,HOLD,1
ORCL,2027-01-15,400.0,0.74,13928,196,72.07059179687501,127,162.52,0.63,0.75,2026-09-08 19:40:34,🚬菸屁股,HOLD,1
MSTR,2028-01-21,700.0,7.45,8573,195,89.90793783569335,498,136.52,7.3,7.95,2026-09-08 19:54:25,🔭LEAPS,HOLD,1
INTC,2026-09-18,195.0,0.01,8552,193,118.75040625,8,104.47,0.0,0.01,2026-09-08 18:46:36,🆕低基期(前日Vol1) 🚬菸屁股,HOLD,1
PATH,2026-11-20,17.0,0.66,1208,192,64.25816992187501,71,14.01,0.63,0.69,2026-09-08 19:29:10,🚬菸屁股,HOLD,1
ONDS,2026-11-20,14.0,0.18,1160,192,96.87503124999999,71,7.62,0.12,0.2,2026-09-08 17:02:00,🚬菸屁股,HOLD,1
ACHR,2027-01-15,12.0,0.15,25717,192,88.2813671875,127,5.83,0.15,0.18,2026-09-08 19:59:59,🚬菸屁股,HOLD,1
WMT,2026-09-18,111.0,0.37,3027,192,26.563234375,8,106.05,0.3,0.37,2026-09-08 19:31:35,🚬菸屁股,HOLD,1
BA,2026-11-20,280.0,0.66,3764,191,37.08559008789062,71,210.73,0.47,0.71,2026-09-08 19:51:41,🆕低基期(前日Vol10) 🚬菸屁股,HOLD,1
META,2026-09-18,750.0,0.16,11116,190,50.7817421875,8,613.48,0.13,0.19,2026-09-08 19:56:26,🚬菸屁股,HOLD,1
PATH,2026-12-18,18.0,0.94,5129,189,73.633076171875,99,14.01,0.86,1.04,2026-09-08 19:23:00,🚬菸屁股,HOLD,1
PCG,2026-09-18,18.5,0.06,2172,186,87.500125,8,14.82,0.05,0.08,2026-09-08 19:50:41,🚬菸屁股,HOLD,1
NBIS,2026-09-18,370.0,0.26,1967,185,112.30512597656251,8,243.88,0.04,0.44,2026-09-08 19:45:31,🆕低基期(前日Vol10) 🚬菸屁股,HOLD,1
HIMS,2026-09-18,40.0,0.04,11289,185,103.90673046875003,8,28.17,0.04,0.05,2026-09-08 19:54:00,🚬菸屁股,HOLD,1
HIMS,2026-10-16,36.0,0.63,1113,185,77.3439765625,36,28.17,0.52,0.84,2026-09-08 19:49:06,🆕低基期(前日Vol6) 🚬菸屁股,HOLD,1
ACHR,2027-01-15,20.0,0.05,25317,183,106.64109179687502,127,5.83,0.05,0.08,2026-09-08 16:56:05,🆕低基期(前日Vol13) 🚬菸屁股,HOLD,1
SMR,2026-11-20,16.0,0.72,1112,182,98.437515625,71,11.18,0.64,0.72,2026-09-08 19:51:58,🆕低基期(前日Vol1) 🚬菸屁股,HOLD,1
PCG,2026-09-18,16.5,0.18,2563,182,72.46121289062499,8,14.82,0.12,0.26,2026-09-08 19:07:07,🚬菸屁股,HOLD,1
OKLO,2026-09-18,70.0,0.05,7533,181,130.46909765624997,8,43.31,0.04,0.07,2026-09-08 18:37:11,🚬菸屁股,HOLD,1
COST,2026-09-18,1000.0,0.34,2694,181,28.980202392578118,8,910.18,0.23,0.43,2026-09-08 19:52:27,🚬菸屁股,HOLD,1
META,2026-09-18,695.0,0.86,1471,180,44.861391235351554,8,613.48,0.88,0.93,2026-09-08 19:57:35,🚬菸屁股,HOLD,1
ONDS,2026-09-18,12.0,0.01,18506,177,112.5004375,8,7.62,0.0,0.01,2026-09-08 19:53:40,🚬菸屁股,HOLD,1
SOFI,2026-09-18,28.0,0.02,4526,175,115.625421875,8,18.01,0.01,0.02,2026-09-08 19:59:54,🆕低基期(前日Vol9) 🚬菸屁股,HOLD,1
DKNG,2026-09-18,27.5,0.08,8856,175,58.5941640625,8,23.87,0.07,0.09,2026-09-08 19:57:38,🚬菸屁股,HOLD,1
NVDA,2027-01-15,370.0,0.63,5414,174,42.16366430664063,127,225.73,0.59,0.66,2026-09-08 18:47:24,🆕低基期(前日Vol19) 🚬菸屁股,HOLD,1
NVDA,2028-01-21,230.0,45.8,14997,173,47.50113534545898,498,225.73,45.55,47.8,2026-09-08 19:52:06,🔭LEAPS,HOLD,1
IONQ,2026-12-18,105.0,0.49,1602,171,101.27002490234376,99,40.47,0.3,0.69,2026-09-08 18:44:50,🆕低基期(前日Vol1) 🚬菸屁股,HOLD,1
GOOG,2026-09-18,400.0,0.1,13788,170,44.824770507812495,8,335.38,0.07,0.08,2026-09-08 19:32:10,🚬菸屁股,HOLD,1
CRWV,2026-09-18,170.0,0.05,5946,170,124.21912890624998,8,99.83,0.03,0.05,2026-09-08 17:23:25,🆕低基期(前日Vol2) 🚬菸屁股,HOLD,1
SOFI,2028-06-16,40.0,2.18,10833,169,66.2356892089844,645,18.01,2.15,2.29,2026-09-08 19:46:42,🔭LEAPS,HOLD,1
CRWV,2026-09-18,145.0,0.16,1750,168,107.03171484375002,8,99.83,0.12,0.15,2026-09-08 19:49:47,🆕低基期(前日Vol7) 🚬菸屁股,HOLD,1
SOFI,2026-10-16,23.0,0.16,9178,167,56.64105859375,36,18.01,0.15,0.16,2026-09-08 19:41:51,🚬菸屁股,HOLD,1
ONDS,2026-11-20,9.0,0.75,3433,167,89.257919921875,71,7.62,0.71,0.76,2026-09-08 19:47:47,🚬菸屁股,HOLD,1
ONDS,2026-09-18,7.0,0.75,5420,165,64.8441015625,8,7.62,0.64,0.79,2026-09-08 19:44:02,🚬菸屁股,HOLD,1
INTC,2026-10-16,170.0,0.47,7455,163,82.12908496093749,36,104.47,0.4,0.51,2026-09-08 19:59:24,🆕低基期(前日Vol8) 🚬菸屁股,HOLD,1
SOFI,2026-10-16,27.0,0.05,3240,163,66.79720703125001,36,18.01,0.05,0.06,2026-09-08 19:31:46,🚬菸屁股,HOLD,1
ORCL,2026-09-18,290.0,0.1,3207,163,136.328443359375,8,162.52,0.04,0.12,2026-09-08 19:24:15,🚬菸屁股,HOLD,1
IBIT,2027-01-15,65.0,0.65,18178,162,49.1216025390625,127,44.39,0.63,0.7,2026-09-08 17:27:21,🚬菸屁股,HOLD,1
ONDS,2027-01-15,11.0,0.7,7204,162,91.6993017578125,127,7.62,0.62,0.84,2026-09-08 19:53:33,🚬菸屁股,HOLD,1
NNE,2026-09-18,24.0,0.09,750,162,109.76607617187501,8,19.35,0.0,0.45,2026-09-08 19:35:47,🆕低基期(前日Vol6) 🚬菸屁股,HOLD,1
IREN,2028-01-21,100.0,10.55,7130,157,96.03275451660156,498,46.93,10.25,10.85,2026-09-08 19:58:06,🔭LEAPS,HOLD,1
IBIT,2026-10-16,70.0,0.06,9724,156,65.62534375000001,36,44.39,0.06,0.07,2026-09-08 17:20:42,🚬菸屁股,HOLD,1
WMT,2026-09-18,113.0,0.2,845,156,29.053443847656247,8,106.05,0.13,0.23,2026-09-08 19:26:11,🚬菸屁股,HOLD,1
PATH,2028-01-21,12.0,5.7,4733,154,77.19749365234375,498,14.01,5.4,5.8,2026-09-08 19:42:23,🔭LEAPS,HOLD,1
HOOD,2026-09-18,165.0,0.07,1465,154,89.45323046875,8,117.34,0.07,0.08,2026-09-08 19:58:23,🚬菸屁股,HOLD,1
SMCI,2026-11-20,75.0,0.62,1802,153,88.42785009765625,71,40.26,0.44,0.62,2026-09-08 18:29:09,🚬菸屁股,HOLD,1
PATH,2026-11-20,19.0,0.38,5082,152,66.01596484375001,71,14.01,0.35,0.4,2026-09-08 19:41:42,🚬菸屁股,HOLD,1
ACHR,2026-09-18,8.0,0.01,5915,152,87.500125,8,5.83,0.0,0.01,2026-09-08 18:24:01,🚬菸屁股,HOLD,1
JOBY,2027-01-15,22.0,0.05,6566,151,84.37515624999999,127,6.84,0.01,0.03,2026-09-08 15:42:10,🚬菸屁股,HOLD,1
WMT,2026-12-18,130.0,0.75,3916,151,30.64034204101562,99,106.05,0.68,0.93,2026-09-08 19:57:29,🚬菸屁股,HOLD,1
BA,2028-01-21,380.0,5.25,2311,150,41.00705966186523,498,210.73,4.3,7.05,2026-09-08 17:34:19,🆕低基期(前日Vol2) 🔭LEAPS,HOLD,1
MSTR,2026-12-18,1080.0,0.08,15895,149,128.32067089843747,99,136.52,0.06,0.09,2026-09-08 19:39:55,🚬菸屁股,HOLD,1
NBIS,2026-09-18,410.0,0.11,4242,149,114.45355273437498,8,243.88,0.01,0.1,2026-09-08 18:28:44,🚀點火(2.5x) 🚬菸屁股 ⚠️尾段價外(68%) ⚠️暴動高IV(114%),BUY_WATCH,1
QCOM,2026-10-16,250.0,0.33,1934,149,54.63912548828126,36,174.09,0.13,0.41,2026-09-08 19:36:48,🚬菸屁股,HOLD,1
SOFI,2026-09-18,22.5,0.03,1032,148,70.312796875,8,18.01,0.02,0.03,2026-09-08 19:55:48,🚬菸屁股,HOLD,1
ACHR,2026-10-16,8.0,0.1,11275,148,79.29708203125,36,5.83,0.08,0.1,2026-09-08 19:58:51,🚬菸屁股,HOLD,1
MU,2026-09-18,1350.0,0.66,1364,148,80.7619111328125,8,1000.26,0.62,0.72,2026-09-08 19:47:18,🚬菸屁股,HOLD,1
NVDA,2026-12-18,460.0,0.06,11126,147,48.242705078125006,99,225.73,0.04,0.06,2026-09-08 19:56:55,🚬菸屁股,HOLD,1
PATH,2028-01-21,10.0,6.61,5912,147,80.29804858398437,498,14.01,6.5,6.7,2026-09-08 19:59:32,🔭LEAPS,HOLD,1
HIMS,2026-10-16,40.0,0.34,3233,146,80.85956640625,36,28.17,0.32,0.4,2026-09-08 19:35:25,🚬菸屁股,HOLD,1
QCOM,2026-09-18,220.0,0.13,2814,146,69.2385888671875,8,174.09,0.09,0.25,2026-09-08 18:53:05,🚬菸屁股,HOLD,1
IBIT,2026-11-20,55.0,0.76,7456,145,46.216358154296884,71,44.39,0.76,0.79,2026-09-08 19:41:51,🚬菸屁股,HOLD,1
IREN,2026-09-18,90.0,0.02,7026,145,148.4377578125,8,46.93,0.01,0.03,2026-09-08 17:52:51,🚬菸屁股,HOLD,1
LUNR,2026-09-18,16.0,0.79,1540,142,85.1563984375,8,15.68,0.69,0.79,2026-09-08 19:15:48,🚬菸屁股,HOLD,1
COIN,2026-09-18,300.0,0.07,5047,141,118.75040625,8,178.94,0.05,0.07,2026-09-08 19:03:25,🚬菸屁股,HOLD,1
CRWV,2026-09-18,180.0,0.03,4000,141,131.25034374999998,8,99.83,0.02,0.04,2026-09-08 19:28:40,🚬菸屁股,HOLD,1
WMT,2028-01-21,130.0,7.55,4602,140,32.21503332519531,498,106.05,7.2,8.15,2026-09-08 19:53:59,🔭LEAPS,HOLD,1
ACHR,2028-01-21,7.0,1.99,20574,139,89.16026464843749,498,5.83,1.96,2.05,2026-09-08 19:56:32,🔭LEAPS,HOLD,1
SOFI,2028-01-21,42.0,1.3,8862,138,65.1614812011719,498,18.01,1.29,1.4,2026-09-04 17:32:36,🔭LEAPS,HOLD,1
NVDA,2026-09-18,280.0,0.03,26552,137,50.7817421875,8,225.73,0.03,0.04,2026-09-08 19:24:09,🚬菸屁股,HOLD,1
ASTS,2026-10-16,110.0,0.54,1975,137,95.84965087890623,36,66.12,0.5,0.59,2026-09-08 18:52:54,🆕低基期(前日Vol8) 🚬菸屁股,HOLD,1
JOBY,2026-10-16,10.0,0.05,6208,137,73.437765625,36,6.84,0.04,0.05,2026-09-08 18:52:19,🚬菸屁股,HOLD,1
SMR,2026-11-20,17.0,0.57,1564,136,100.0005,71,11.18,0.52,0.62,2026-09-08 19:52:58,🆕低基期(前日Vol3) 🚬菸屁股,HOLD,1
RDDT,2026-09-18,180.0,0.45,4826,136,70.45927978515626,8,149.38,0.4,0.49,2026-09-08 19:27:59,🚬菸屁股,HOLD,1
NBIS,2026-09-18,440.0,0.04,4613,135,125.78162109374999,8,243.88,0.03,0.06,2026-09-08 19:58:39,🚀點火(2.9x) 🚬菸屁股 ⚠️尾段價外(80%) ⚠️暴動高IV(126%),BUY_WATCH,1
ONDS,2026-12-18,16.0,0.17,1209,135,96.48441015625,99,7.62,0.15,0.2,2026-09-08 17:00:39,🆕低基期(前日Vol2) 🚬菸屁股,HOLD,1
RDDT,2026-09-18,190.0,0.22,2012,134,82.226740234375,8,149.38,0.14,0.57,2026-09-08 19:59:36,🆕低基期(前日Vol19) 🚬菸屁股,HOLD,1
IREN,2026-09-18,85.0,0.01,4067,133,137.50031249999998,8,46.93,0.01,0.03,2026-09-08 19:25:34,🚀點火(6.7x) 🚬菸屁股 ⚠️尾段價外(81%) ⚠️暴動高IV(138%),BUY_WATCH,1
SMR,2027-01-15,22.0,0.6,3015,133,104.39500927734377,127,11.18,0.55,0.77,2026-09-08 19:51:15,🆕低基期(前日Vol10) 🚬菸屁股,HOLD,1
SOFI,2026-12-18,23.0,0.78,10899,132,58.984785156250005,99,18.01,0.75,0.79,2026-09-08 19:45:06,🚬菸屁股,HOLD,1
BA,2026-09-18,240.0,0.13,3310,132,39.063109374999996,8,210.73,0.1,0.12,2026-09-08 18:03:42,🚬菸屁股,HOLD,1
IBIT,2028-01-21,50.0,8.95,8757,131,53.381813842773425,498,44.39,8.85,9.1,2026-09-08 19:41:05,🔭LEAPS,HOLD,1
IBIT,2028-01-21,100.0,1.92,19687,131,54.17526293945314,498,44.39,1.81,2.06,2026-09-08 18:53:03,🔭LEAPS,HOLD,1
PATH,2026-11-20,18.0,0.48,2948,131,60.84023535156251,71,14.01,0.25,0.58,2026-09-08 19:29:21,🚬菸屁股,HOLD,1
ZM,2026-09-18,165.0,0.04,1722,131,114.0629296875,8,96.44,0.0,0.03,2026-08-25 19:56:30,🚬菸屁股,HOLD,1
MSTR,2027-01-15,1080.0,0.15,12048,130,120.70352148437497,127,136.52,0.12,0.18,2026-09-08 19:34:25,🚬菸屁股,HOLD,1
UPST,2026-10-16,35.0,0.4,1424,129,68.35969140625001,36,26.98,0.36,0.43,2026-09-08 18:59:43,🚬菸屁股,HOLD,1
RDDT,2026-09-18,200.0,0.1,3429,129,84.37515624999999,8,149.38,0.12,0.2,2026-09-08 19:14:29,🚀點火(3.8x) 🚬菸屁股 ⚠️尾段價外(34%) ⚠️暴動高IV(84%),BUY_WATCH,1
INTC,2026-10-16,155.0,0.87,5756,128,79.46797875976561,36,104.47,0.84,0.9,2026-09-08 19:58:59,🚬菸屁股,HOLD,1
PATH,2026-11-20,20.0,0.26,1341,128,65.52768847656252,71,14.01,0.22,0.31,2026-09-08 18:52:04,🚬菸屁股,HOLD,1
TSM,2026-09-18,510.0,0.16,3341,127,44.28766650390625,8,439.0,0.11,0.26,2026-09-08 19:08:48,🚬菸屁股,HOLD,1
IBIT,2026-10-16,65.0,0.09,7508,126,59.375406250000005,36,44.39,0.08,0.1,2026-09-08 17:05:00,🚬菸屁股,HOLD,1
SOFI,2026-11-20,28.0,0.19,1804,126,66.40658593750001,71,18.01,0.19,0.21,2026-09-08 18:59:16,🚬菸屁股,HOLD,1
NNE,2026-10-16,40.0,0.05,1178,126,110.54732226562503,36,19.35,0.0,0.15,2026-09-03 16:59:44,🚬菸屁股,HOLD,1
TSLA,2026-09-18,750.0,0.01,6104,125,133.59408203124997,8,368.16,0.0,0.04,2026-09-08 18:09:41,🚬菸屁股,HOLD,1
RKLB,2028-01-21,150.0,8.9,3545,125,79.6754962158203,498,65.87,8.4,9.6,2026-09-08 18:48:58,🔭LEAPS,HOLD,1
OPEN,2027-02-19,4.0,0.48,3757,125,94.92192578125,162,3.07,0.47,0.51,2026-09-08 18:36:11,🚬菸屁股,HOLD,1
ASTS,2026-09-18,120.0,0.04,3185,124,140.625296875,8,66.12,0.03,0.04,2026-09-08 19:56:58,🆕低基期(前日Vol12) 🚬菸屁股,HOLD,1
UPST,2026-09-18,27.5,0.99,3124,124,66.8948623046875,8,26.98,0.89,1.03,2026-09-08 19:30:15,🚬菸屁股,HOLD,1
AMZN,2026-10-16,340.0,0.13,3868,124,39.942006835937505,36,256.97,0.1,0.2,2026-09-08 19:23:32,🆕低基期(前日Vol1) 🚬菸屁股,HOLD,1
ZM,2026-09-18,110.0,0.23,6854,122,54.541470214843756,8,96.44,0.1,0.3,2026-09-08 19:14:14,🚬菸屁股,HOLD,1
CRWV,2026-10-16,195.0,0.35,7467,122,102.1489267578125,36,99.83,0.34,0.37,2026-09-08 19:41:44,🚬菸屁股,HOLD,1
ACHR,2028-01-21,3.0,3.6,4472,121,96.3867548828125,498,5.83,3.5,3.65,2026-09-08 19:42:10,🆕低基期(前日Vol9) 🔭LEAPS,HOLD,1
OPEN,2027-02-19,6.0,0.22,1573,120,109.96138769531252,162,3.07,0.2,0.4,2026-09-08 19:54:11,🚬菸屁股,HOLD,1
SMCI,2026-11-20,65.0,0.96,4064,119,88.20812573242188,71,40.26,0.98,1.19,2026-09-08 19:59:46,🚬菸屁股,HOLD,1
AMZN,2026-10-16,400.0,0.01,1883,119,43.7505625,36,256.97,0.0,0.01,2026-09-08 19:53:56,🆕低基期(前日Vol3) 🚬菸屁股,HOLD,1
ONDS,2026-11-20,17.0,0.09,827,118,96.87503124999999,71,7.62,0.02,0.1,2026-09-03 14:15:02,🚬菸屁股,HOLD,1
JOBY,2027-01-15,15.0,0.1,11209,118,77.73459765625,127,6.84,0.05,0.12,2026-09-08 18:33:12,🆕低基期(前日Vol17) 🚬菸屁股,HOLD,1
AMZN,2026-10-16,380.0,0.04,6304,118,46.680220703125,36,256.97,0.0,0.07,2026-09-04 18:10:55,🚬菸屁股,HOLD,1
TSLA,2026-10-16,900.0,0.02,8340,117,86.7188828125,36,368.16,0.02,0.04,2026-09-08 17:16:48,🚬菸屁股,HOLD,1
IONQ,2028-01-21,120.0,4.85,2390,117,87.30481445312499,498,40.47,4.6,5.05,2026-09-08 19:59:42,🆕低基期(前日Vol16) 🔭LEAPS,HOLD,1
SOFI,2028-06-16,20.0,5.5,27169,116,66.51644812011722,645,18.01,5.5,5.6,2026-09-08 18:55:39,🔭LEAPS,HOLD,1
AMZN,2026-11-20,380.0,0.32,3597,116,40.86973193359375,71,256.97,0.23,0.33,2026-09-08 19:57:30,🆕低基期(前日Vol10) 🚬菸屁股,HOLD,1
RKLB,2026-10-16,110.0,0.36,4232,114,88.5743330078125,36,65.87,0.3,0.4,2026-09-08 18:47:48,🚀點火(3.2x) 🚬菸屁股 ⚠️尾段價外(67%) ⚠️暴動高IV(89%),BUY_WATCH,1
SOFI,2026-11-20,27.0,0.23,3057,114,65.23472265625001,71,18.01,0.23,0.25,2026-09-08 19:45:05,🆕低基期(前日Vol17) 🚬菸屁股,HOLD,1
ACHR,2028-01-21,25.0,0.48,1748,114,93.55475195312499,498,5.83,0.42,0.6,2026-09-08 19:37:49,🔭LEAPS,HOLD,1
SOFI,2026-12-18,22.0,0.95,6016,111,58.93595751953126,99,18.01,0.95,0.97,2026-09-08 19:17:29,🚬菸屁股,HOLD,1
PATH,2028-01-21,30.0,1.86,6260,111,76.83128637695313,498,14.01,1.84,2.0,2026-09-08 19:18:02,🔭LEAPS,HOLD,1
HIMS,2026-11-20,47.0,0.66,3413,111,88.476677734375,71,28.17,0.41,0.9,2026-09-08 18:28:16,🆕低基期(前日Vol1) 🚬菸屁股,HOLD,1
JOBY,2027-01-15,17.0,0.06,6237,111,99.41406835937501,127,6.84,0.05,0.28,2026-09-08 16:54:44,🆕低基期(前日Vol3) 🚬菸屁股,HOLD,1
CRWV,2026-10-16,160.0,0.94,4917,111,92.72468212890624,36,99.83,0.9,0.94,2026-09-08 19:53:42,🆕低基期(前日Vol14) 🚬菸屁股,HOLD,1
PCG,2026-10-16,19.0,0.2,11163,111,62.305064453125006,36,14.82,0.05,0.3,2026-09-08 19:02:37,🆕低基期(前日Vol15) 🚬菸屁股,HOLD,1
TGT,2026-09-18,180.0,0.07,1014,111,33.5944140625,8,162.71,0.09,0.13,2026-09-08 15:51:55,🚬菸屁股,HOLD,1
F,2028-01-21,15.0,2.06,20003,110,40.11290356445312,498,14.0,1.9,2.22,2026-09-08 19:34:40,🔭LEAPS,HOLD,1
META,2026-09-18,930.0,0.01,768,110,78.9064609375,8,613.48,0.0,0.04,2026-09-04 19:38:43,🚬菸屁股,HOLD,1
RKLB,2026-09-18,110.0,0.04,2336,109,121.875390625,8,65.87,0.01,0.05,2026-09-08 19:38:04,🚬菸屁股,HOLD,1
WMT,2026-11-20,125.0,0.83,3759,109,30.200893310546878,71,106.05,0.78,0.84,2026-09-08 19:57:36,🚬菸屁股,HOLD,1
AMZN,2026-09-18,310.0,0.03,9464,109,44.92242578125,8,256.97,0.02,0.04,2026-09-08 19:54:44,🚬菸屁股,HOLD,1
MU,2026-09-18,1400.0,0.45,2249,109,85.20522607421876,8,1000.26,0.39,0.56,2026-09-08 19:59:23,🚬菸屁股,HOLD,1
NVDA,2028-06-16,460.0,9.85,5114,108,45.76775424194337,645,225.73,9.55,11.4,2026-09-08 19:31:08,🔭LEAPS,HOLD,1
INTC,2028-01-21,80.0,44.8,10457,107,75.15283636474608,498,104.47,43.9,45.95,2026-09-08 19:28:14,🔭LEAPS,HOLD,1
NVDA,2028-01-21,210.0,55.4,9742,106,47.99093757629394,498,225.73,54.6,56.45,2026-09-08 19:28:05,🔭LEAPS,HOLD,1
NVDA,2028-01-21,225.0,47.6,5433,106,47.27835925292969,498,225.73,47.8,49.5,2026-09-08 19:55:39,🔭LEAPS,HOLD,1
PATH,2028-01-21,25.0,2.45,8062,106,76.14769946289064,498,14.01,2.35,2.56,2026-09-08 19:43:39,🔭LEAPS,HOLD,1
WMT,2028-01-21,160.0,3.0,1350,106,30.73189385986328,498,106.05,2.6,2.92,2026-09-03 19:06:01,🔭LEAPS,HOLD,1
QCOM,2026-09-18,260.0,0.01,4139,105,98.04689453125,8,174.09,0.0,0.15,2026-09-08 15:10:27,🚬菸屁股,HOLD,1
QCOM,2026-12-18,370.0,0.35,5522,105,66.35775830078127,99,174.09,0.26,0.7,2026-09-08 17:55:17,🚬菸屁股,HOLD,1
F,2026-11-20,17.0,0.16,2043,105,40.332627929687504,71,14.0,0.17,0.2,2026-09-08 19:28:57,🚬菸屁股,HOLD,1
F,2026-11-20,18.0,0.14,1008,105,43.35994140625,71,14.0,0.08,0.14,2026-09-08 18:08:25,🆕低基期(前日Vol7) 🚬菸屁股,HOLD,1
MSFT,2026-12-18,625.0,2.78,102461,104,30.966876861572267,99,493.95,2.7,3.0,2026-09-08 19:47:30,🔥萬人塚 🏛️機構場,HOLD,1
HOOD,2026-10-16,180.0,0.52,2549,104,75.63500927734376,36,117.34,0.52,0.61,2026-09-08 19:58:55,🚬菸屁股,HOLD,1
F,2027-01-15,18.0,0.23,10843,104,39.942006835937505,127,14.0,0.22,0.28,2026-09-08 19:40:04,🚬菸屁股,HOLD,1
GOOG,2026-09-18,385.0,0.13,5433,103,39.942006835937505,8,335.38,0.14,0.16,2026-09-08 19:21:58,🚬菸屁股,HOLD,1
ASTS,2028-01-21,140.0,10.62,1701,103,90.26498992919923,498,66.12,12.45,13.95,2026-09-02 14:59:23,🔭LEAPS,HOLD,1
OKLO,2026-09-18,80.0,0.03,1871,102,145.3127734375,8,43.31,0.01,0.04,2026-09-08 18:54:11,🚬菸屁股,HOLD,1
IONQ,2026-10-16,55.0,0.3,1017,102,25.00075,36,40.47,0.0,0.0,2026-07-30 19:11:27,🚬菸屁股,HOLD,1
WMT,2026-09-18,150.0,0.01,6098,102,68.7503125,8,106.05,0.0,0.01,2026-09-08 17:10:54,🚬菸屁股,HOLD,1
F,2026-12-18,24.82,0.11,5499,102,62.500375000000005,99,14.0,0.09,0.11,2025-02-14 19:08:37,🚬菸屁股,HOLD,1
NVDA,2028-01-21,390.0,10.4,8310,101,43.25007922363281,498,225.73,10.1,10.5,2026-09-08 18:48:56,🔭LEAPS,HOLD,1
JOBY,2028-01-21,15.0,1.0,10988,101,84.0821904296875,498,6.84,0.94,1.3,2026-09-08 19:21:04,🔭LEAPS,HOLD,1
ORCL,2028-01-21,470.0,7.19,7218,101,64.45348046875,498,162.52,6.9,7.4,2026-09-08 18:29:40,🔭LEAPS,HOLD,1
META,2026-09-18,1420.0,0.02,1913,101,146.875265625,8,613.48,0.0,0.03,2026-09-03 19:01:59,🚬菸屁股,HOLD,1
TSLA,2028-01-21,990.0,10.05,6300,100,55.07552249145509,498,368.16,9.8,10.5,2026-09-08 18:41:48,🔭LEAPS,HOLD,1
RKLB,2027-01-15,210.0,0.49,2314,100,95.80082324218748,127,65.87,0.3,0.7,2026-09-08 19:08:38,🆕低基期(前日Vol6) 🚬菸屁股,HOLD,1
DKNG,2027-01-15,57.5,0.06,1156,100,66.40658593750001,127,23.87,0.0,0.13,2026-09-08 13:30:02,🆕低基期(前日Vol10) 🚬菸屁股,HOLD,1
PATH,2027-01-15,22.0,0.56,7658,100,75.09790527343749,127,14.01,0.46,0.8,2026-09-08 18:56:28,🚬菸屁股,HOLD,1
F,2028-01-21,20.0,0.93,3869,100,41.01621484375,498,14.0,0.86,1.05,2026-09-08 19:14:09,🔭LEAPS,HOLD,1
META,2026-09-18,1000.0,0.01,5839,100,87.500125,8,613.48,0.0,0.02,2026-09-04 16:46:59,🚬菸屁股,HOLD,1
ONDS,2026-12-18,9.0,0.94,6823,98,86.62122753906249,99,7.62,0.86,0.95,2026-09-08 19:24:33,🚬菸屁股,HOLD,1
LUNR,2026-09-18,25.0,0.02,2377,98,135.93782031249998,8,15.68,0.01,0.05,2026-09-08 19:55:45,🆕低基期(前日Vol13) 🚬菸屁股,HOLD,1
ORCL,2026-11-20,300.0,0.87,2204,98,73.51100708007812,71,162.52,0.8,0.94,2026-09-08 17:47:57,🚬菸屁股,HOLD,1
IONQ,2028-01-21,140.0,3.8,1041,97,88.24474645996092,498,40.47,3.5,4.45,2026-09-08 19:37:17,🆕低基期(前日Vol1) 🔭LEAPS,HOLD,1
SOFI,2027-01-15,32.0,0.27,18316,97,64.648791015625,127,18.01,0.26,0.28,2026-09-08 19:46:13,🆕低基期(前日Vol19) 🚬菸屁股,HOLD,1
SOFI,2028-01-21,27.0,2.99,4500,97,64.40465283203125,498,18.01,2.93,3.05,2026-09-08 19:59:53,🔭LEAPS,HOLD,1
MU,2026-10-16,2500.0,0.24,3138,97,97.94923925781251,36,1000.26,0.2,0.34,2026-09-08 19:55:19,🚬菸屁股,HOLD,1
VST,2026-09-18,190.0,0.06,9534,96,60.74258007812501,8,151.72,0.05,0.1,2026-09-08 19:29:22,🆕低基期(前日Vol6) 🚬菸屁股,HOLD,1
VRT,2026-09-18,340.0,0.89,886,96,62.18299536132813,8,290.83,0.67,1.15,2026-09-08 19:23:47,🆕低基期(前日Vol1) 🚬菸屁股,HOLD,1
IBIT,2027-01-15,62.0,0.97,8853,95,47.90091162109375,127,44.39,0.82,0.88,2026-09-04 19:38:44,🚬菸屁股,HOLD,1
SOFI,2028-01-21,35.0,1.9,14857,95,64.28258374023439,498,18.01,1.82,1.93,2026-09-08 19:41:25,🔭LEAPS,HOLD,1
TSLA,2026-11-20,700.0,0.52,17546,94,62.842168457031256,71,368.16,0.5,0.58,2026-09-08 19:35:11,🚬菸屁股,HOLD,1
JOBY,2027-01-15,12.0,0.21,8011,94,75.39087109375001,127,6.84,0.19,0.21,2026-09-08 16:59:59,🆕低基期(前日Vol14) 🚬菸屁股,HOLD,1
F,2028-01-21,12.0,3.4,9197,94,45.654840332031256,498,14.0,3.25,3.85,2026-09-08 19:45:50,🆕低基期(前日Vol3) 🔭LEAPS,HOLD,1
CHPT,2026-09-18,9.0,0.86,1855,94,102.73486132812502,8,9.37,0.65,1.0,2026-09-08 19:53:36,🚬菸屁股,HOLD,1
SOFI,2027-01-15,45.0,0.08,11852,93,74.2190078125,127,18.01,0.08,0.09,2026-09-08 19:00:14,🚬菸屁股,HOLD,1
SOFI,2028-06-16,15.0,7.44,21559,93,68.92120922851564,645,18.01,7.35,7.55,2026-09-08 19:46:48,🔭LEAPS,HOLD,1
NBIS,2026-09-18,400.0,0.1,2945,93,112.5004375,8,243.88,0.04,0.1,2026-09-08 19:52:08,🚀點火(4.7x) 🚬菸屁股 ⚠️尾段價外(64%) ⚠️暴動高IV(113%),BUY_WATCH,1
CRWV,2026-09-18,175.0,0.05,925,92,125.78162109374999,8,99.83,0.02,0.04,2026-09-08 16:39:52,🆕低基期(前日Vol6) 🚬菸屁股,HOLD,1
NVDA,2026-09-18,290.0,0.02,7070,91,53.12546875,8,225.73,0.01,0.02,2026-09-08 19:59:57,🚬菸屁股,HOLD,1
NVDA,2028-01-21,270.0,31.6,8423,91,45.065856964111326,498,225.73,31.1,32.3,2026-09-08 19:07:04,🔭LEAPS,HOLD,1
IONQ,2026-10-16,70.0,0.17,2794,91,99.2187578125,36,40.47,0.19,0.41,2026-09-08 19:26:30,🚀點火(3.2x) 🚬菸屁股 ⚠️尾段價外(73%) ⚠️暴動高IV(99%),BUY_WATCH,1
IONQ,2026-12-18,90.0,0.81,2994,91,95.99613378906248,99,40.47,0.53,0.91,2026-09-08 18:28:44,🆕低基期(前日Vol1) 🚬菸屁股,HOLD,1
JOBY,2027-01-15,8.0,0.8,2868,91,74.804939453125,127,6.84,0.76,0.85,2026-09-08 19:16:31,🚬菸屁股,HOLD,1
TSLA,2026-12-18,800.0,0.59,10684,90,62.915409912109375,99,368.16,0.52,0.62,2026-09-08 18:04:37,🚬菸屁股,HOLD,1
IONQ,2026-09-18,44.5,0.95,2980,90,88.18371191406248,8,40.47,0.88,1.04,2026-09-08 19:08:39,🚬菸屁股,HOLD,1
OPEN,2026-10-16,3.0,0.3,1530,90,75.39087109375001,36,3.07,0.3,0.36,2026-09-08 18:20:14,🚬菸屁股,HOLD,1
MSFT,2027-01-15,625.0,4.38,52462,89,30.32906585693359,127,493.95,4.3,4.5,2026-09-08 19:59:37,🔥萬人塚 🏛️機構場,HOLD,1
PATH,2028-01-21,35.0,1.5,856,89,74.414318359375,498,14.01,1.15,1.59,2026-09-08 19:47:30,🔭LEAPS,HOLD,1
HOOD,2026-10-16,175.0,0.7,959,89,73.92604199218749,36,117.34,0.59,0.73,2026-09-08 19:36:50,🚬菸屁股,HOLD,1
TSLA,2026-12-18,950.0,0.3,5854,88,68.50617431640626,99,368.16,0.24,0.32,2026-09-08 17:34:40,🚬菸屁股,HOLD,1
HIMS,2027-01-15,60.0,0.77,13833,88,91.01571484374999,127,28.17,0.65,0.95,2026-09-08 19:26:43,🆕低基期(前日Vol7) 🚬菸屁股,HOLD,1
MSTR,2026-10-16,280.0,0.42,5206,85,104.0043862304688,36,136.52,0.3,0.45,2026-09-08 19:47:05,🚬菸屁股,HOLD,1
SOFI,2026-12-18,28.0,0.3,10765,85,63.086306640625,99,18.01,0.31,0.32,2026-09-08 19:20:54,🚬菸屁股,HOLD,1
PATH,2028-01-21,22.0,2.85,2183,85,76.00121655273439,498,14.01,2.81,3.0,2026-09-08 18:30:36,🔭LEAPS,HOLD,1
ONDS,2028-01-21,4.0,4.65,23561,85,97.3633076171875,498,7.62,4.45,4.85,2026-09-08 19:54:46,🔭LEAPS,HOLD,1
META,2026-10-16,1220.0,0.03,3081,84,64.8441015625,36,613.48,0.0,0.05,2026-09-08 19:37:34,🆕低基期(前日Vol14) 🚬菸屁股,HOLD,1
OPEN,2027-01-15,4.0,0.4,11647,83,96.0937890625,127,3.07,0.39,0.43,2026-09-08 19:57:56,🚬菸屁股,HOLD,1
ACHR,2026-10-16,12.0,0.02,8429,82,114.84417578124999,36,5.83,0.02,0.04,2026-09-08 18:31:35,🚬菸屁股,HOLD,1
IBIT,2028-06-16,50.0,11.1,8417,81,56.177196044921885,645,44.39,10.95,11.3,2026-09-08 18:53:03,🔭LEAPS,HOLD,1
SMCI,2027-01-15,95.0,0.82,892,81,90.47861083984375,127,40.26,0.67,0.85,2026-09-08 15:19:04,🆕低基期(前日Vol6) 🚬菸屁股,HOLD,1
HIMS,2028-01-21,50.0,6.1,2259,81,83.83805224609374,498,28.17,5.7,6.25,2026-09-08 15:06:31,🆕低基期(前日Vol10) 🔭LEAPS,HOLD,1
RKLB,2026-09-18,95.0,0.08,3012,80,104.68797656250001,8,65.87,0.07,0.1,2026-09-08 19:17:05,🆕低基期(前日Vol16) 🚬菸屁股,HOLD,1
ASTS,2027-01-15,190.0,0.95,6351,80,97.460962890625,127,66.12,0.68,1.02,2026-09-08 19:49:01,🆕低基期(前日Vol17) 🚬菸屁股,HOLD,1
DKNG,2028-01-21,50.0,1.43,26183,80,58.66740551757812,498,23.87,1.44,1.84,2026-09-04 19:24:16,🔭LEAPS,HOLD,1
ASTS,2026-11-20,150.0,0.72,4381,79,99.2187578125,71,66.12,0.35,0.75,2026-09-08 19:27:42,🚬菸屁股,HOLD,1
U,2028-01-21,50.0,11.05,2159,79,69.2385888671875,498,42.75,11.1,11.35,2026-09-08 18:39:47,🆕低基期(前日Vol16) 🔭LEAPS,HOLD,1
PATH,2026-11-20,16.0,0.86,5870,79,64.1605146484375,71,14.01,0.8,0.99,2026-09-08 18:45:49,🚬菸屁股,HOLD,1
HOOD,2027-01-15,290.0,0.85,4441,79,78.07639111328125,127,117.34,0.62,1.01,2026-09-08 19:18:44,🚬菸屁股,HOLD,1
HIMS,2026-09-18,42.0,0.03,2960,79,138.67218164062498,8,28.17,0.02,0.24,2026-09-08 19:02:00,🆕低基期(前日Vol15) 🚬菸屁股,HOLD,1
SMR,2028-01-21,5.0,7.5,1984,79,105.76218994140625,498,11.18,7.3,7.65,2026-09-08 19:47:55,🆕低基期(前日Vol14) 🔭LEAPS,HOLD,1
NVDA,2028-01-21,350.0,14.7,28860,78,43.35841554260254,498,225.73,14.55,15.0,2026-09-08 19:50:03,🔭LEAPS,HOLD,1
ASTS,2026-11-20,190.0,0.32,2804,78,114.16058544921874,71,66.12,0.13,0.66,2026-09-08 18:09:17,🆕低基期(前日Vol10) 🚬菸屁股,HOLD,1
SOFI,2026-11-20,23.0,0.54,5611,78,61.08437353515627,71,18.01,0.53,0.59,2026-09-08 19:41:42,🚬菸屁股,HOLD,1
SMR,2027-01-15,18.0,0.91,948,78,96.679720703125,127,11.18,0.86,0.96,2026-09-08 19:06:51,🚬菸屁股,HOLD,1
META,2026-09-18,730.0,0.29,4371,78,49.219257812500004,8,613.48,0.23,0.32,2026-09-08 19:41:59,🚬菸屁股,HOLD,1
TSLA,2026-09-18,480.0,0.16,5533,77,68.7503125,8,368.16,0.15,0.17,2026-09-08 19:53:30,🚬菸屁股,HOLD,1
TSLA,2028-06-16,990.0,17.5,6890,77,55.08010008239748,645,368.16,17.15,17.5,2026-09-08 19:09:01,🔭LEAPS,HOLD,1
JOBY,2027-01-15,30.0,0.03,8345,77,101.5629921875,127,6.84,0.01,0.03,2026-09-02 13:40:08,🚬菸屁股,HOLD,1
JOBY,2028-01-21,5.0,3.27,5662,77,84.8634326171875,498,6.84,3.25,3.3,2026-09-08 19:00:46,🔭LEAPS,HOLD,1
IBIT,2028-01-21,70.0,4.3,15915,76,52.014640014648435,498,44.39,4.2,4.5,2026-09-08 18:30:00,🔭LEAPS,HOLD,1
PATH,2026-10-16,20.0,0.09,1249,76,76.17211328125,36,14.01,0.08,0.19,2026-09-08 19:35:29,🚬菸屁股,HOLD,1
BA,2026-10-16,250.0,0.6,1824,76,34.278000976562495,36,210.73,0.46,0.67,2026-09-08 19:47:54,🆕低基期(前日Vol13) 🚬菸屁股,HOLD,1
TSLA,2026-09-18,490.0,0.14,6899,75,71.7776259765625,8,368.16,0.13,0.14,2026-09-08 19:59:42,🆕低基期(前日Vol17) 🚬菸屁股,HOLD,1
NVDA,2026-11-20,400.0,0.05,9619,75,46.0942890625,71,225.73,0.04,0.05,2026-09-08 19:53:08,🚬菸屁股,HOLD,1
NVDA,2028-01-21,280.0,28.5,8584,75,44.6996496887207,498,225.73,28.3,29.3,2026-09-08 19:58:40,🔭LEAPS,HOLD,1
SOFI,2028-01-21,40.0,1.49,16618,75,65.1614812011719,498,18.01,1.48,1.5,2026-09-08 19:36:01,🔭LEAPS,HOLD,1
F,2026-12-18,21.82,0.15,2582,75,55.273884765625006,99,14.0,0.1,0.18,2025-02-13 15:24:32,🚬菸屁股,HOLD,1
QCOM,2026-09-18,300.0,0.02,10236,74,109.375453125,8,174.09,0.01,0.02,2026-09-08 19:11:15,🚬菸屁股,HOLD,1
ORCL,2028-01-21,400.0,10.3,3328,74,63.72106591796876,498,162.52,9.75,10.3,2026-09-08 19:11:49,🔭LEAPS,HOLD,1
RKLB,2026-10-16,105.0,0.43,1692,73,85.4493642578125,36,65.87,0.4,0.45,2026-09-08 19:46:27,🆕低基期(前日Vol1) 🚬菸屁股,HOLD,1
IONQ,2028-01-21,60.0,10.68,3617,72,86.47474462890624,498,40.47,10.25,11.75,2026-09-08 19:57:06,🔭LEAPS,HOLD,1
RDDT,2026-10-16,210.0,0.93,785,72,65.69858520507813,36,149.38,0.75,0.96,2026-09-08 19:50:02,🚬菸屁股,HOLD,1
ASTS,2026-09-18,95.0,0.1,3381,71,110.54732226562503,8,66.12,0.11,0.15,2026-09-08 18:42:02,🚬菸屁股,HOLD,1
SOFI,2027-01-15,40.0,0.11,27429,71,71.28934960937501,127,18.01,0.12,0.14,2026-09-08 18:05:50,🚬菸屁股,HOLD,1
ONDS,2026-12-18,15.0,0.22,7256,71,94.33599414062499,99,7.62,0.2,0.21,2026-09-08 17:10:24,🆕低基期(前日Vol15) 🚬菸屁股,HOLD,1
ONDS,2028-01-21,27.0,0.85,12374,71,88.5743330078125,498,7.62,0.45,1.01,2026-09-08 14:10:02,🆕低基期(前日Vol1) 🔭LEAPS,HOLD,1
QCOM,2026-09-18,280.0,0.06,937,71,122.65663671875001,8,174.09,0.0,0.29,2026-09-08 19:31:30,🚬菸屁股,HOLD,1
META,2026-09-18,1170.0,0.01,1163,71,115.625421875,8,613.48,0.0,0.03,2026-08-28 17:25:26,🚬菸屁股,HOLD,1
OKLO,2027-01-15,220.0,0.25,1257,70,118.84806201171875,127,43.31,0.05,0.43,2026-09-08 15:51:16,🆕低基期(前日Vol1) 🚬菸屁股,HOLD,1
SOFI,2028-06-16,27.0,3.85,4946,70,65.64975756835938,645,18.01,3.75,3.95,2026-09-08 18:39:10,🆕低基期(前日Vol2) 🔭LEAPS,HOLD,1
JOBY,2026-11-20,15.0,0.03,1144,70,88.2813671875,71,6.84,0.02,0.05,2026-09-08 17:06:18,🚬菸屁股,HOLD,1
ORCL,2026-09-18,310.0,0.06,1856,70,146.48464257812498,8,162.52,0.05,0.08,2026-09-08 19:45:09,🚬菸屁股,HOLD,1
RKLB,2028-01-21,210.0,5.61,6627,69,81.07929077148437,498,65.87,5.05,6.05,2026-09-08 19:51:42,🔭LEAPS,HOLD,1
HIMS,2026-09-18,36.0,0.08,1329,69,87.500125,8,28.17,0.07,0.1,2026-09-08 19:33:27,🚬菸屁股,HOLD,1
BA,2026-09-18,260.0,0.03,5068,69,55.273884765625006,8,210.73,0.01,0.15,2026-09-08 18:14:56,🚬菸屁股,HOLD,1
RKLB,2026-12-18,150.0,0.84,7815,68,90.18564501953125,99,65.87,0.65,0.9,2026-09-08 19:56:00,🚬菸屁股,HOLD,1
PATH,2027-01-15,30.0,0.18,22953,68,79.883013671875,127,14.01,0.15,0.29,2026-09-08 19:19:25,🚬菸屁股,HOLD,1
HOOD,2026-09-18,200.0,0.02,9939,68,116.40666796875001,8,117.34,0.01,0.04,2026-09-08 15:19:11,🚬菸屁股,HOLD,1
CRSP,2026-09-18,62.5,0.3,927,68,75.586181640625,8,54.78,0.2,0.9,2026-09-08 19:30:58,🆕低基期(前日Vol5) 🚬菸屁股,HOLD,1
BEAM,2026-09-18,35.0,0.1,904,68,147.65651171875,8,26.83,0.05,1.0,2026-09-08 19:30:40,🚬菸屁股,HOLD,1
SMR,2028-01-21,25.0,2.6,2902,68,97.1679970703125,498,11.18,2.3,2.6,2026-09-08 19:54:32,🔭LEAPS,HOLD,1
F,2027-01-15,17.0,0.34,2611,68,38.574833007812494,127,14.0,0.32,0.39,2026-09-08 19:06:57,🚬菸屁股,HOLD,1
MSTR,2027-01-15,500.0,0.89,7218,67,100.68409033203123,127,136.52,0.71,0.9,2026-09-08 19:32:20,🚬菸屁股,HOLD,1
SOFI,2028-01-21,47.0,1.08,7637,67,65.74741284179689,498,18.01,1.05,1.12,2026-09-08 18:49:39,🔭LEAPS,HOLD,1
NVDA,2028-01-21,370.0,12.4,5248,66,44.464666687011714,498,225.73,12.05,13.5,2026-09-08 19:25:23,🆕低基期(前日Vol8) 🔭LEAPS,HOLD,1
ONDS,2028-01-21,25.0,1.03,7600,66,93.0664755859375,498,7.62,0.8,1.11,2026-09-08 14:59:38,🔭LEAPS,HOLD,1
PCG,2026-12-18,22.0,0.54,8219,66,70.21514160156251,99,14.82,0.16,0.8,2026-09-08 19:07:22,🚬菸屁股,HOLD,1
PLTR,2026-12-18,410.0,0.11,7481,65,63.1839619140625,99,170.3,0.1,0.12,2026-09-08 19:56:26,🚬菸屁股,HOLD,1
OKLO,2027-01-15,250.0,0.2,1382,65,120.70352148437497,127,43.31,0.01,0.33,2026-09-08 15:43:24,🆕低基期(前日Vol2) 🚬菸屁股,HOLD,1
ONDS,2027-01-15,13.0,0.46,3442,65,94.5313046875,127,7.62,0.45,0.55,2026-09-08 19:35:44,🆕低基期(前日Vol16) 🚬菸屁股,HOLD,1
WMT,2028-01-21,120.0,10.65,4114,65,33.399103515625,498,106.05,10.45,11.4,2026-09-08 19:48:39,🔭LEAPS,HOLD,1
NVDA,2026-10-16,350.0,0.03,11303,64,48.04739453125,36,225.73,0.02,0.03,2026-09-08 19:19:10,🚬菸屁股,HOLD,1
MSFT,2026-12-18,575.0,7.76,131537,64,30.628135131835936,99,493.95,7.6,7.95,2026-09-08 19:57:25,🔥萬人塚 🏛️機構場,HOLD,1
ASTS,2026-11-20,160.0,0.59,1315,64,102.49072192382815,71,66.12,0.33,0.62,2026-09-08 19:12:50,🚬菸屁股,HOLD,1
PACB,2026-12-18,2.0,0.13,1789,64,99.2187578125,99,1.32,0.05,0.15,2026-09-04 15:40:16,🚬菸屁股,HOLD,1
SMR,2028-01-21,3.0,8.84,1643,64,113.57465087890625,498,11.18,8.55,8.95,2026-09-08 19:54:35,🆕低基期(前日Vol5) 🔭LEAPS,HOLD,1
F,2026-12-18,14.67,0.79,18053,64,38.7701435546875,99,14.0,0.79,0.86,2026-09-08 19:00:26,🚬菸屁股,HOLD,1
COST,2026-09-18,1300.0,0.01,978,64,66.79720703125001,8,910.18,0.0,0.04,2026-09-08 18:22:41,🚬菸屁股,HOLD,1
IBIT,2028-06-16,45.0,13.1,5190,63,57.5077491455078,645,44.39,12.7,13.35,2026-09-08 16:39:17,🔭LEAPS,HOLD,1
OKLO,2026-09-18,65.0,0.08,1790,63,121.48476757812499,8,43.31,0.03,0.14,2026-09-08 18:31:20,🚬菸屁股,HOLD,1
SOFI,2027-01-15,47.0,0.08,21609,63,75.586181640625,127,18.01,0.07,0.08,2026-09-08 18:50:19,🆕低基期(前日Vol18) 🚬菸屁股,HOLD,1
OPEN,2027-01-15,6.0,0.18,10931,63,102.73486132812502,127,3.07,0.17,0.18,2026-09-08 19:25:58,🚬菸屁股,HOLD,1
ONDS,2026-10-16,13.0,0.06,2351,62,95.312546875,36,7.62,0.01,0.09,2026-09-04 17:07:22,🚬菸屁股,HOLD,1
ONDS,2026-11-20,13.0,0.22,844,62,94.726615234375,71,7.62,0.18,0.23,2026-09-08 17:33:49,🆕低基期(前日Vol10) 🚬菸屁股,HOLD,1
ONDS,2026-12-18,11.0,0.52,5050,62,93.164130859375,99,7.62,0.52,0.64,2026-09-08 16:43:12,🚬菸屁股,HOLD,1
ACHR,2026-10-16,10.0,0.03,6291,62,93.7500625,36,5.83,0.03,0.04,2026-09-08 17:43:01,🆕低基期(前日Vol2) 🚬菸屁股,HOLD,1
META,2026-09-18,740.0,0.18,1652,62,51.22119091796875,8,613.48,0.15,0.27,2026-09-08 19:44:48,🚬菸屁股,HOLD,1
META,2026-10-16,1210.0,0.02,1442,62,66.79720703125001,36,613.48,0.01,0.07,2026-09-08 19:47:43,🚬菸屁股,HOLD,1
IBIT,2028-06-16,90.0,3.98,16232,61,55.62788513183594,645,44.39,3.85,4.3,2026-09-08 14:10:38,🔭LEAPS,HOLD,1
UPST,2027-01-15,50.0,0.71,4512,61,78.17404638671876,127,26.98,0.66,0.78,2026-09-08 19:48:21,🚬菸屁股,HOLD,1
LUNR,2027-01-15,32.0,0.48,3266,61,97.75392871093752,127,15.68,0.55,0.79,2026-09-03 19:28:29,🚬菸屁股,HOLD,1
SOFI,2026-12-18,24.0,0.64,16046,60,60.058993164062514,99,18.01,0.64,0.65,2026-09-08 19:05:44,🚬菸屁股,HOLD,1
SOFI,2026-12-18,31.0,0.18,781,60,66.01596484375001,99,18.01,0.17,0.24,2026-09-02 17:59:53,🚬菸屁股,HOLD,1
IREN,2026-12-18,120.0,0.97,4064,60,108.00827246093752,99,46.93,0.74,0.96,2026-09-08 18:25:57,🆕低基期(前日Vol3) 🚬菸屁股,HOLD,1
SMR,2028-01-21,18.0,3.49,1504,60,96.289099609375,498,11.18,3.1,3.5,2026-09-08 19:51:56,🆕低基期(前日Vol10) 🔭LEAPS,HOLD,1
NNE,2027-01-15,35.0,0.85,873,60,84.57046679687498,127,19.35,0.5,1.0,2026-09-08 18:24:03,🆕低基期(前日Vol2) 🚬菸屁股,HOLD,1
CRWV,2026-09-18,165.0,0.06,1726,60,121.09414453124998,8,99.83,0.04,0.06,2026-09-08 19:05:52,🆕低基期(前日Vol4) 🚬菸屁股,HOLD,1
PCG,2028-01-21,35.0,0.25,3662,60,52.29539892578124,498,14.82,0.15,0.49,2026-09-08 15:01:20,🆕低基期(前日Vol1) 🔭LEAPS,HOLD,1
META,2026-09-18,705.0,0.66,2030,60,46.265185791015625,8,613.48,0.56,0.69,2026-09-08 19:39:03,🆕低基期(前日Vol15) 🚬菸屁股,HOLD,1
SOFI,2028-06-16,18.0,6.2,9145,59,66.91927612304688,645,18.01,6.1,6.3,2026-09-08 19:46:48,🔭LEAPS,HOLD,1
HIMS,2026-10-16,45.0,0.18,2608,59,85.54701953125,36,28.17,0.16,0.2,2026-09-08 18:43:50,🆕低基期(前日Vol10) 🚬菸屁股,HOLD,1
F,2026-12-18,19.85,0.08,6652,59,43.945873046875,99,14.0,0.05,0.11,2026-09-08 14:33:13,🆕低基期(前日Vol2) 🚬菸屁股,HOLD,1
GOOG,2026-09-18,430.0,0.03,9446,58,54.297332031250015,8,335.38,0.01,0.05,2026-09-08 19:04:32,🚬菸屁股,HOLD,1
AAPL,2026-09-18,380.0,0.03,5878,58,48.1450498046875,8,316.22,0.03,0.1,2026-09-08 19:20:52,🚬菸屁股,HOLD,1
OKLO,2026-11-20,100.0,0.46,1754,58,107.81296093750001,71,43.31,0.44,0.6,2026-09-08 19:00:25,🆕低基期(前日Vol11) 🚬菸屁股,HOLD,1
RKLB,2026-10-16,125.0,0.19,5491,58,96.97268652343749,36,65.87,0.19,0.23,2026-09-08 19:35:58,🆕低基期(前日Vol14) 🚬菸屁股,HOLD,1
DKNG,2027-01-15,45.0,0.2,5565,58,65.52768847656252,127,23.87,0.15,0.4,2026-09-08 18:18:53,🆕低基期(前日Vol8) 🚬菸屁股,HOLD,1
OPEN,2027-01-15,3.0,0.68,6051,58,84.76577734374999,127,3.07,0.55,0.73,2026-09-08 19:50:48,🚬菸屁股,HOLD,1
LUNR,2026-12-18,25.0,0.95,834,58,94.5313046875,99,15.68,0.8,1.01,2026-09-08 19:05:34,🆕低基期(前日Vol12) 🚬菸屁股,HOLD,1
QCOM,2027-01-15,370.0,0.62,2787,58,61.03554589843752,127,174.09,0.5,0.75,2026-09-08 17:15:09,🚬菸屁股,HOLD,1
TGT,2026-09-18,175.0,0.31,2573,58,32.52020605468749,8,162.71,0.25,0.37,2026-09-08 19:27:01,🚬菸屁股,HOLD,1
SMCI,2027-01-15,105.0,0.57,12440,57,91.35750830078125,127,40.26,0.5,0.57,2026-09-08 19:57:30,🚬菸屁股,HOLD,1
SOFI,2026-12-18,29.0,0.3,1355,57,64.25816992187501,99,18.01,0.26,0.29,2026-09-08 14:13:46,🚬菸屁股,HOLD,1
SMR,2028-01-21,33.0,1.96,791,57,100.56202062988282,498,11.18,1.7,2.24,2026-09-08 18:50:41,🆕低基期(前日Vol4) 🔭LEAPS,HOLD,1
TDOC,2028-01-21,12.0,0.76,1138,56,70.50810742187501,498,6.26,0.63,1.04,2026-09-04 19:13:07,🔭LEAPS,HOLD,1
KTOS,2026-11-20,80.0,0.56,899,56,72.31472998046875,71,48.2,0.4,0.6,2026-09-08 17:37:47,🚬菸屁股,HOLD,1
COIN,2026-09-18,260.0,0.15,5528,55,98.82813671875,8,178.94,0.12,0.15,2026-09-08 19:59:44,🚬菸屁股,HOLD,1
SOFI,2026-09-18,27.0,0.01,13571,55,106.25046875000001,8,18.01,0.01,0.02,2026-09-08 19:54:38,🚀點火(2.5x) 🚬菸屁股 ⚠️尾段價外(50%) ⚠️暴動高IV(106%),BUY_WATCH,1
SOFI,2028-06-16,25.0,4.25,16512,55,65.74741284179689,645,18.01,4.15,4.35,2026-09-08 19:12:28,🆕低基期(前日Vol6) 🔭LEAPS,HOLD,1
CRWV,2026-09-18,155.0,0.1,2062,55,114.45355273437498,8,99.83,0.07,0.09,2026-09-08 19:31:50,🆕低基期(前日Vol2) 🚬菸屁股,HOLD,1
PCG,2028-01-21,25.0,0.9,19577,55,54.44381494140625,498,14.82,0.67,1.38,2026-09-08 17:40:02,🆕低基期(前日Vol3) 🔭LEAPS,HOLD,1
QCOM,2028-01-21,370.0,8.85,4281,55,54.65743585205078,498,174.09,8.5,9.9,2026-09-08 19:51:07,🔭LEAPS,HOLD,1
SMCI,2026-12-18,90.0,0.63,2912,54,91.79695703125,99,40.26,0.52,0.61,2026-09-08 15:41:02,🆕低基期(前日Vol2) 🚬菸屁股,HOLD,1
DKNG,2026-09-18,30.0,0.02,15622,54,64.062859375,8,23.87,0.01,0.02,2026-09-08 19:59:58,🚬菸屁股,HOLD,1
ONDS,2026-11-20,11.0,0.37,1845,54,91.60164648437501,71,7.62,0.36,0.39,2026-09-08 19:42:31,🚬菸屁股,HOLD,1
NVDA,2028-01-21,380.0,11.25,8961,53,43.24397576904296,498,225.73,11.05,11.45,2026-09-08 19:31:06,🆕低基期(前日Vol13) 🔭LEAPS,HOLD,1
SOFI,2027-01-15,24.0,0.85,4806,53,59.277750976562515,127,18.01,0.84,0.86,2026-09-08 19:57:48,🚬菸屁股,HOLD,1
PATH,2027-01-15,35.0,0.47,3051,53,87.695435546875,127,14.01,0.07,0.29,2026-09-03 19:25:14,🚬菸屁股,HOLD,1
SMR,2028-01-21,85.0,0.77,4507,53,104.39500927734377,498,11.18,0.55,0.77,2026-09-08 19:47:10,🆕低基期(前日Vol10) 🔭LEAPS,HOLD,1
META,2026-11-20,1000.0,0.92,1335,53,51.36767382812499,71,613.48,0.91,1.24,2026-09-08 18:50:50,🆕低基期(前日Vol5) 🚬菸屁股,HOLD,1
META,2026-12-18,1200.0,0.36,1040,53,51.050294189453126,99,613.48,0.24,0.68,2026-09-04 18:37:34,🚬菸屁股,HOLD,1
IBIT,2026-09-18,70.0,0.01,21629,52,93.7500625,8,44.39,0.0,0.01,2026-09-04 16:00:50,🚬菸屁股,HOLD,1
OKLO,2026-12-18,100.0,0.9,1064,52,100.73291821289061,99,43.31,0.72,0.94,2026-09-08 17:28:34,🆕低基期(前日Vol5) 🚬菸屁股,HOLD,1
PCG,2028-01-21,10.0,6.0,2359,52,53.12546875,498,14.82,5.8,6.2,2026-09-08 19:50:55,🔭LEAPS,HOLD,1
F,2027-01-15,21.0,0.1,1682,52,43.457596679687505,127,14.0,0.07,0.11,2026-09-04 14:00:42,🚬菸屁股,HOLD,1
TSLA,2026-09-18,800.0,0.02,8990,51,140.625296875,8,368.16,0.01,0.02,2026-09-08 19:58:42,🆕低基期(前日Vol3) 🚬菸屁股,HOLD,1
NVDA,2027-01-15,420.0,0.2,11172,51,44.092355957031245,127,225.73,0.19,0.24,2026-09-08 19:10:08,🚬菸屁股,HOLD,1
UPST,2026-09-18,32.5,0.1,1513,51,73.82838671875,8,26.98,0.05,0.15,2026-09-08 19:43:17,🆕低基期(前日Vol10) 🚬菸屁股,HOLD,1
SOFI,2028-06-16,42.0,2.01,3152,51,66.11362011718751,645,18.01,2.01,2.07,2026-09-08 19:04:43,🆕低基期(前日Vol5) 🔭LEAPS,HOLD,1
ONDS,2026-12-18,13.0,0.34,4062,51,92.773509765625,99,7.62,0.3,0.36,2026-09-08 16:54:44,🚬菸屁股,HOLD,1
SMR,2027-01-15,75.0,0.04,997,51,123.43788281249999,127,11.18,0.01,0.05,2026-09-08 17:34:13,🚬菸屁股,HOLD,1
META,2026-12-18,1480.0,0.15,2395,51,56.64105859375,99,613.48,0.07,0.18,2026-09-08 18:54:38,🆕低基期(前日Vol3) 🚬菸屁股,HOLD,1
ASTS,2028-01-21,185.0,8.8,937,50,89.72788592529295,498,66.12,8.45,10.0,2026-09-08 19:06:52,🆕低基期(前日Vol1) 🔭LEAPS,HOLD,1
IONQ,2026-09-18,65.0,0.03,2321,50,127.34411328124997,8,40.47,0.01,0.08,2026-09-08 18:15:22,🆕低基期(前日Vol9) 🚬菸屁股,HOLD,1
DKNG,2027-01-15,70.0,0.02,3800,50,79.687703125,127,23.87,0.0,0.15,2026-08-27 13:41:14,🚬菸屁股,HOLD,1
U,2026-09-18,52.0,0.06,1557,50,76.75804492187501,8,42.75,0.0,0.32,2026-09-08 18:04:22,🚬菸屁股,HOLD,1
ZM,2027-01-15,160.0,0.79,761,50,51.001466552734385,127,96.44,0.32,1.15,2026-09-08 14:05:03,🆕低基期(前日Vol2) 🚬菸屁股,HOLD,1
PACB,2027-01-15,1.5,0.25,8807,50,100.78174609374999,127,1.32,0.2,0.3,2026-09-08 18:45:38,🆕低基期(前日Vol1) 🚬菸屁股,HOLD,1
ONDS,2027-01-15,25.0,0.1,16447,50,106.64109179687502,127,7.62,0.06,0.14,2026-09-03 19:11:57,🚬菸屁股,HOLD,1
LUNR,2028-01-21,15.0,7.15,1099,50,103.85790258789065,498,15.68,7.05,7.65,2026-09-08 18:04:53,🆕低基期(前日Vol18) 🔭LEAPS,HOLD,1
JOBY,2027-01-15,37.0,0.02,769,50,113.28168359375002,127,6.84,0.0,0.04,2026-09-02 18:30:02,🚬菸屁股,HOLD,1
ACHR,2026-10-16,11.0,0.03,4054,50,109.375453125,36,5.83,0.02,0.06,2026-09-04 15:25:10,🚬菸屁股,HOLD,1
CRWV,2026-10-16,175.0,0.6,2877,50,96.679720703125,36,99.83,0.55,0.62,2026-09-08 19:40:07,🚬菸屁股,HOLD,1
ORCL,2026-10-16,260.0,0.74,1129,50,80.98163549804687,36,162.52,0.67,0.86,2026-09-08 19:59:06,🚬菸屁股,HOLD,1
NVDA,2028-01-21,360.0,13.6,7586,49,43.607131317138666,498,225.73,13.25,13.95,2026-09-08 16:27:02,🆕低基期(前日Vol10) 🔭LEAPS,HOLD,1
AAPL,2028-01-21,300.0,59.0,20858,49,36.04647694396972,498,316.22,58.6,60.0,2026-09-08 19:18:44,🔭LEAPS,HOLD,1
UPST,2026-09-18,35.0,0.07,5985,49,83.59391406249999,8,26.98,0.03,0.07,2026-09-08 19:35:02,🚬菸屁股,HOLD,1
SOFI,2028-01-21,25.0,3.38,15964,49,64.38023901367188,498,18.01,3.3,3.45,2026-09-08 19:44:56,🔭LEAPS,HOLD,1
HIMS,2026-12-18,50.0,0.85,2771,49,86.67005517578124,99,28.17,0.77,0.9,2026-09-08 19:56:40,🆕低基期(前日Vol7) 🚬菸屁股,HOLD,1
ACHR,2028-01-21,12.0,1.09,5137,49,87.2071591796875,498,5.83,1.09,1.15,2026-09-08 19:53:44,🔭LEAPS,HOLD,1
TJX,2026-09-18,170.0,0.03,3764,49,64.8441015625,8,128.92,0.0,0.05,2026-09-02 19:30:34,🚬菸屁股,HOLD,1
INTC,2026-09-18,180.0,0.01,7756,48,109.375453125,8,104.47,0.0,0.02,2026-09-08 19:48:42,🚬菸屁股,HOLD,1
JOBY,2028-01-21,12.0,1.36,9460,48,79.3947373046875,498,6.84,1.21,1.45,2026-09-08 19:44:27,🆕低基期(前日Vol4) 🔭LEAPS,HOLD,1
ORCL,2026-12-18,350.0,0.8,7391,48,74.29224926757811,99,162.52,0.56,1.16,2026-09-08 19:34:59,🚬菸屁股,HOLD,1
VST,2026-09-18,180.0,0.21,4987,47,53.51608984375,8,151.72,0.1,0.2,2026-09-08 19:31:20,🚬菸屁股,HOLD,1
TDOC,2026-09-18,7.0,0.05,1310,47,60.937890625000016,8,6.26,0.01,0.08,2026-09-08 17:06:42,🚬菸屁股,HOLD,1
CRSP,2027-01-15,100.0,0.95,903,47,70.36162451171876,127,54.78,0.75,1.3,2026-09-04 19:29:34,🚬菸屁股,HOLD,1
HIMS,2028-01-21,40.0,7.69,10025,47,84.59488061523437,498,28.17,7.45,8.05,2026-09-08 19:58:05,🆕低基期(前日Vol10) 🔭LEAPS,HOLD,1
SMR,2027-01-15,85.0,0.03,2700,47,132.03158984375,127,11.18,0.02,0.05,2026-09-08 17:02:42,🆕低基期(前日Vol8) 🚬菸屁股,HOLD,1
CRWV,2026-09-18,185.0,0.06,850,47,136.71906640625,8,99.83,0.02,0.04,2026-09-08 16:02:22,🚬菸屁股,HOLD,1
WMT,2026-12-18,135.0,0.48,6373,47,29.785858398437494,99,106.05,0.43,0.5,2026-09-08 19:59:52,🚬菸屁股,HOLD,1
META,2026-10-16,1240.0,0.03,1355,47,67.18782812500001,36,613.48,0.0,0.06,2026-09-08 16:28:53,🚬菸屁股,HOLD,1
SMCI,2028-01-21,85.0,6.9,15661,46,83.36198278808591,498,40.26,6.5,7.1,2026-09-08 18:56:54,🔭LEAPS,HOLD,1
ASTS,2028-01-21,150.0,12.0,10953,46,89.07481628417968,498,66.12,11.45,12.2,2026-09-08 17:41:15,🆕低基期(前日Vol6) 🔭LEAPS,HOLD,1
ZM,2027-01-15,165.0,0.58,1881,46,53.24753784179688,127,96.44,0.53,0.93,2026-09-08 17:58:35,🆕低基期(前日Vol1) 🚬菸屁股,HOLD,1
F,2026-09-18,18.0,0.01,13004,46,70.312796875,8,14.0,0.0,0.02,2026-09-08 18:08:25,🚬菸屁股,HOLD,1
META,2026-09-18,810.0,0.05,824,46,61.52382226562501,8,613.48,0.03,0.11,2026-09-08 19:44:48,🆕低基期(前日Vol3) 🚬菸屁股,HOLD,1
ZM,2026-09-18,105.0,0.6,4465,45,54.93209130859377,8,96.44,0.45,0.86,2026-09-08 19:53:27,🚬菸屁股,HOLD,1
SMR,2028-01-21,80.0,0.67,803,45,103.51610742187502,498,11.18,0.55,0.84,2026-09-08 16:58:09,🔭LEAPS,HOLD,1
WMT,2026-10-16,125.0,0.15,8519,45,29.590547851562498,36,106.05,0.1,0.19,2026-09-08 19:58:45,🚬菸屁股,HOLD,1
TSM,2026-10-16,570.0,0.64,1053,45,43.25007922363281,36,439.0,0.46,0.83,2026-09-08 19:25:25,🚬菸屁股,HOLD,1
TSM,2026-10-16,620.0,0.17,788,45,44.19001123046875,36,439.0,0.07,0.19,2026-09-08 17:14:07,🚬菸屁股,HOLD,1
BA,2026-09-18,245.0,0.07,3127,45,45.703667968750004,8,210.73,0.01,0.15,2026-09-08 19:19:43,🆕低基期(前日Vol11) 🚬菸屁股,HOLD,1
F,2027-01-15,15.0,0.82,4372,45,37.54945263671875,127,14.0,0.77,0.85,2026-09-08 19:54:26,🚬菸屁股,HOLD,1
COST,2026-09-18,1200.0,0.04,1211,45,54.68795312500001,8,910.18,0.01,0.05,2026-09-08 16:04:35,🚬菸屁股,HOLD,1
OKLO,2028-01-21,260.0,3.1,2577,44,99.19434399414062,498,43.31,2.68,3.1,2026-09-08 17:24:46,🆕低基期(前日Vol1) 🔭LEAPS,HOLD,1
ASTS,2026-10-16,120.0,0.38,1347,44,98.7304814453125,36,66.12,0.17,0.5,2026-09-08 18:10:59,🆕低基期(前日Vol2) 🚬菸屁股,HOLD,1
IONQ,2028-01-21,100.0,6.05,1054,44,85.60805407714844,498,40.47,5.35,6.45,2026-09-08 17:53:58,🆕低基期(前日Vol2) 🔭LEAPS,HOLD,1
PACB,2028-01-21,1.5,0.56,5701,44,107.03171484375002,498,1.32,0.55,0.6,2026-09-08 17:06:54,🔭LEAPS,HOLD,1
RKLB,2026-10-16,150.0,0.15,8010,43,108.59420703125,36,65.87,0.07,0.15,2026-09-08 19:51:44,🚬菸屁股,HOLD,1
IONQ,2026-11-20,75.0,0.77,875,43,97.26565234374999,71,40.47,0.7,0.96,2026-09-08 19:53:34,🆕低基期(前日Vol1) 🚬菸屁股,HOLD,1
IONQ,2028-01-21,80.0,7.75,1769,43,86.37708935546875,498,40.47,7.3,8.7,2026-09-08 18:49:04,🆕低基期(前日Vol10) 🔭LEAPS,HOLD,1
TDOC,2026-10-16,7.0,0.19,2135,43,53.906710937500016,36,6.26,0.15,0.21,2026-09-08 19:21:08,🚬菸屁股,HOLD,1
ONDS,2027-01-15,17.0,0.22,8258,43,93.55475195312499,127,7.62,0.18,0.23,2026-09-08 19:56:32,🚬菸屁股,HOLD,1
LUNR,2026-12-18,35.0,0.25,916,43,104.39500927734377,99,15.68,0.3,0.5,2026-09-08 14:26:53,🆕低基期(前日Vol10) 🚬菸屁股,HOLD,1
SMR,2027-01-15,30.0,0.28,5741,43,104.68797656250001,127,11.18,0.23,0.3,2026-09-08 18:15:18,🚬菸屁股,HOLD,1
NVDA,2028-01-21,220.0,50.2,9625,42,46.52305674743653,498,225.73,50.05,50.75,2026-09-08 19:54:50,🔭LEAPS,HOLD,1
NVDA,2028-01-21,310.0,21.6,10488,42,43.70173486328125,498,225.73,21.15,21.7,2026-09-08 17:27:20,🆕低基期(前日Vol10) 🔭LEAPS,HOLD,1
TDOC,2028-01-21,15.0,0.57,1740,42,74.5119736328125,498,6.26,0.55,0.77,2026-09-08 19:41:30,🆕低基期(前日Vol4) 🔭LEAPS,HOLD,1
LUNR,2028-01-21,65.0,1.9,801,42,101.3676806640625,498,15.68,1.65,2.14,2026-09-08 18:34:12,🆕低基期(前日Vol2) 🔭LEAPS,HOLD,1
QCOM,2026-09-18,230.0,0.12,2425,42,78.2228740234375,8,174.09,0.01,0.28,2026-09-08 18:32:10,🚬菸屁股,HOLD,1
ORCL,2026-11-20,370.0,0.32,1479,42,79.3947373046875,71,162.52,0.28,0.32,2026-09-08 17:40:52,🚬菸屁股,HOLD,1
F,2026-12-18,16.67,0.29,16046,42,39.7466962890625,99,14.0,0.28,0.36,2026-09-08 19:29:23,🚬菸屁股,HOLD,1
ASTS,2026-09-18,115.0,0.07,1438,41,134.37532812499998,8,66.12,0.0,0.08,2026-09-08 16:40:02,🆕低基期(前日Vol13) 🚬菸屁股,HOLD,1
IONQ,2026-11-20,80.0,0.9,2351,41,99.2187578125,71,40.47,0.45,0.89,2026-09-08 16:09:33,🆕低基期(前日Vol1) 🚬菸屁股,HOLD,1
SOFI,2026-11-20,30.0,0.14,6611,41,68.94562304687501,71,18.01,0.14,0.15,2026-09-08 19:32:57,🚬菸屁股,HOLD,1
DKNG,2026-10-16,30.0,0.24,2798,41,58.39885351562499,36,23.87,0.23,0.32,2026-09-08 19:16:51,🚬菸屁股,HOLD,1
NBIS,2026-09-18,390.0,0.1,1262,41,115.4301103515625,8,243.88,0.1,0.17,2026-09-08 19:55:50,🆕低基期(前日Vol3) 🚬菸屁股,HOLD,1
U,2026-09-18,50.0,0.12,3621,41,60.35195898437502,8,42.75,0.08,0.15,2026-09-08 19:59:39,🆕低基期(前日Vol2) 🚬菸屁股,HOLD,1
TDOC,2027-01-15,15.0,0.07,9241,41,97.26565234374999,127,6.26,0.08,0.23,2026-09-08 19:41:30,🆕低基期(前日Vol5) 🚬菸屁股,HOLD,1
LUNR,2026-12-18,30.0,0.53,1210,41,98.82813671875,99,15.68,0.5,0.62,2026-09-08 17:37:15,🆕低基期(前日Vol3) 🚬菸屁股,HOLD,1
JOBY,2026-11-20,13.0,0.05,2090,41,80.4689453125,71,6.84,0.01,0.09,2026-09-08 16:20:36,🆕低基期(前日Vol8) 🚬菸屁股,HOLD,1
AMZN,2026-10-16,320.0,0.32,5128,41,35.352208984375,36,256.97,0.28,0.34,2026-09-08 19:30:32,🚬菸屁股,HOLD,1
ORCL,2028-01-21,370.0,11.95,1205,41,63.467772552490246,498,162.52,11.4,12.15,2026-09-08 15:03:09,🔭LEAPS,HOLD,1
COST,2026-09-18,1060.0,0.18,1062,41,40.28380029296875,8,910.18,0.07,0.25,2026-09-08 18:22:29,🚬菸屁股,HOLD,1
IBIT,2026-09-18,52.0,0.08,5509,40,54.68795312500001,8,44.39,0.06,0.08,2026-09-08 18:48:51,🚬菸屁股,HOLD,1
ASTS,2028-01-21,160.0,10.65,1120,40,89.08702319335937,498,66.12,10.6,11.25,2026-09-08 13:59:11,🆕低基期(前日Vol1) 🔭LEAPS,HOLD,1
IONQ,2026-11-20,120.0,0.1,2372,40,120.11758691406249,71,40.47,0.0,0.58,2026-09-01 16:51:11,🚬菸屁股,HOLD,1
SOFI,2028-01-21,23.0,3.8,3766,40,64.38023901367188,498,18.01,3.75,3.9,2026-09-08 19:06:43,🔭LEAPS,HOLD,1
HIMS,2028-01-21,25.0,11.54,4446,40,87.67102172851563,498,28.17,11.25,12.9,2026-09-08 19:17:42,🔭LEAPS,HOLD,1
ACHR,2026-10-16,9.0,0.04,8367,40,85.937640625,36,5.83,0.04,0.06,2026-09-08 19:18:52,🚬菸屁股,HOLD,1
WMT,2026-09-18,130.0,0.01,11758,40,51.95360546875,8,106.05,0.01,0.03,2026-09-08 17:47:13,🆕低基期(前日Vol8) 🚬菸屁股,HOLD,1
WMT,2026-11-20,150.0,0.08,1578,40,42.4810439453125,71,106.05,0.0,0.32,2026-09-04 18:45:49,🚬菸屁股,HOLD,1
F,2026-09-18,23.0,0.01,2846,40,131.25034374999998,8,14.0,0.0,0.03,2026-08-24 16:21:05,🚬菸屁股,HOLD,1
META,2026-10-16,815.0,0.76,4920,40,45.23980541992188,36,613.48,0.86,1.01,2026-09-03 17:59:37,🚬菸屁股,HOLD,1
COST,2026-09-18,1100.0,0.05,1419,40,49.951672363281254,8,910.18,0.05,0.31,2026-09-08 18:01:48,🚬菸屁股,HOLD,1
NVDA,2028-01-21,320.0,19.75,7261,39,43.61933822631836,498,225.73,19.25,19.8,2026-09-08 18:35:44,🔭LEAPS,HOLD,1
DKNG,2026-12-18,35.0,0.43,3003,39,60.693752441406254,99,23.87,0.43,0.6,2026-09-08 16:04:13,🆕低基期(前日Vol14) 🚬菸屁股,HOLD,1
WMT,2026-12-18,140.0,0.3,6845,39,33.130551513671875,99,106.05,0.26,0.5,2026-09-08 19:04:25,🚬菸屁股,HOLD,1
ORCL,2027-01-15,510.0,0.19,9694,39,78.75997802734375,127,162.52,0.23,0.4,2026-09-08 16:44:08,🚬菸屁股,HOLD,1
META,2026-10-16,850.0,0.54,1667,39,46.94877270507813,36,613.48,0.49,0.61,2026-09-08 17:01:13,🚬菸屁股,HOLD,1
META,2026-10-16,900.0,0.3,3040,39,49.805189453125,36,613.48,0.2,0.34,2026-09-08 19:09:23,🆕低基期(前日Vol13) 🚬菸屁股,HOLD,1
SOFI,2026-12-18,35.0,0.13,14426,38,70.50810742187501,99,18.01,0.12,0.15,2026-09-08 17:25:31,🆕低基期(前日Vol1) 🚬菸屁股,HOLD,1
PATH,2026-09-18,22.0,0.01,2221,38,106.25046875000001,8,14.01,0.0,0.01,2026-09-08 18:22:17,🚬菸屁股,HOLD,1
KTOS,2027-01-15,90.0,0.77,3081,38,68.11555322265626,127,48.2,0.6,0.8,2026-09-08 19:56:46,🆕低基期(前日Vol8) 🚬菸屁股,HOLD,1
ONDS,2027-01-15,16.0,0.26,1150,38,93.164130859375,127,7.62,0.2,0.3,2026-09-08 16:13:01,🆕低基期(前日Vol14) 🚬菸屁股,HOLD,1
WMT,2026-11-20,130.0,0.46,6234,38,30.689169677734373,71,106.05,0.37,0.49,2026-09-08 19:50:11,🚬菸屁股,HOLD,1
DDD,2026-09-18,4.0,0.03,1377,38,81.2501875,8,3.38,0.0,0.05,2026-09-08 16:52:33,🚬菸屁股,HOLD,1
OKLO,2026-11-20,90.0,0.64,1605,37,101.51416430664062,71,43.31,0.56,0.7,2026-09-08 19:39:50,🚬菸屁股,HOLD,1
KTOS,2026-09-18,57.5,0.17,1426,37,68.16438085937502,8,48.2,0.1,0.2,2026-09-08 17:56:27,🚬菸屁股,HOLD,1
SMR,2028-01-21,40.0,1.5,1127,37,100.68409033203123,498,11.18,1.35,1.82,2026-09-08 19:49:57,🆕低基期(前日Vol7) 🔭LEAPS,HOLD,1
META,2026-09-18,710.0,0.59,2745,37,46.87553125,8,613.48,0.5,0.59,2026-09-08 19:54:18,🚬菸屁股,HOLD,1
IBIT,2026-12-18,70.0,0.28,14024,36,51.758294921875006,99,44.39,0.28,0.31,2026-09-08 15:46:24,🚬菸屁股,HOLD,1
IBIT,2028-01-21,40.0,13.3,6263,36,56.177196044921885,498,44.39,13.05,13.35,2026-09-08 18:35:51,🔭LEAPS,HOLD,1
PLTR,2028-01-21,410.0,10.16,9304,36,62.19215054321289,498,170.3,9.85,10.5,2026-09-08 19:26:38,🔭LEAPS,HOLD,1
SMCI,2026-12-18,120.0,0.24,10891,36,99.9023447265625,99,40.26,0.23,0.26,2026-09-08 18:56:01,🚬菸屁股,HOLD,1
PATH,2028-01-21,8.0,7.65,1636,36,85.59584716796876,498,14.01,7.5,8.1,2026-09-08 18:46:27,🔭LEAPS,HOLD,1
LUNR,2028-01-21,17.0,6.74,1240,36,104.3705953369141,498,15.68,6.5,7.2,2026-09-08 19:27:52,🆕低基期(前日Vol1) 🔭LEAPS,HOLD,1
AMZN,2026-12-18,370.0,0.75,6154,36,38.74572973632812,99,256.97,0.77,0.92,2026-09-08 19:31:50,🚬菸屁股,HOLD,1
MSTR,2028-01-21,200.0,35.93,7206,35,83.70377624511718,498,136.52,35.1,36.5,2026-09-08 19:26:55,🔭LEAPS,HOLD,1
OKLO,2026-12-18,165.0,0.3,3510,35,115.13714306640624,99,43.31,0.08,0.39,2026-09-08 15:54:26,🆕低基期(前日Vol8) 🚬菸屁股,HOLD,1
XYZ,2026-09-18,95.0,0.07,3210,35,52.93015820312501,8,80.1,0.03,0.12,2026-09-08 19:15:25,🚬菸屁股,HOLD,1
VCYT,2026-09-18,50.0,0.7,1036,35,80.5666005859375,8,42.45,0.0,0.65,2026-09-03 14:17:51,🚬菸屁股,HOLD,1
ORCL,2026-10-16,270.0,0.57,2050,35,81.88494677734374,36,162.52,0.54,0.61,2026-09-08 19:04:17,🚬菸屁股,HOLD,1
NVDA,2028-01-21,420.0,7.95,21565,34,43.32026895141602,498,225.73,7.85,8.15,2026-09-08 19:18:31,🔭LEAPS,HOLD,1
ONDS,2026-12-18,12.0,0.42,3967,34,89.16026464843749,99,7.62,0.35,0.43,2026-09-08 19:58:28,🚬菸屁股,HOLD,1
JOBY,2026-10-16,9.0,0.1,2080,34,68.7503125,36,6.84,0.05,0.13,2026-09-08 16:48:05,🚬菸屁股,HOLD,1
SMR,2028-01-21,35.0,1.87,1055,34,99.65820654296876,498,11.18,1.61,1.99,2026-09-08 19:51:40,🔭LEAPS,HOLD,1
PCG,2026-12-18,24.0,0.41,25217,34,74.804939453125,99,14.82,0.21,0.57,2026-09-08 17:29:34,🚬菸屁股,HOLD,1
WMT,2028-01-21,140.0,5.35,899,34,32.312688598632796,498,106.05,4.7,6.15,2026-09-08 15:05:35,🔭LEAPS,HOLD,1
QCOM,2026-12-18,300.0,0.96,2087,34,55.10298803710938,99,174.09,0.39,1.15,2026-09-08 15:59:50,🚬菸屁股,HOLD,1
F,2027-01-15,16.0,0.5,5516,34,41.1138701171875,127,14.0,0.49,0.67,2026-09-08 19:19:40,🚬菸屁股,HOLD,1
TGT,2026-09-18,177.5,0.17,2113,34,32.37372314453124,8,162.71,0.16,0.2,2026-09-08 18:37:51,🚬菸屁股,HOLD,1
OKLO,2026-10-16,95.0,0.17,2343,33,125.19568652343749,36,43.31,0.13,0.37,2026-09-08 16:22:43,🚬菸屁股,HOLD,1
OPEN,2026-11-20,6.0,0.08,8142,33,107.42233789062503,71,3.07,0.07,0.08,2026-09-08 19:51:56,🆕低基期(前日Vol6) 🚬菸屁股,HOLD,1
HIMS,2026-10-16,37.0,0.54,1554,33,77.19749365234375,36,28.17,0.5,0.61,2026-09-08 19:02:03,🚬菸屁股,HOLD,1
ONDS,2028-01-21,3.0,5.4,3622,33,103.12548437500001,498,7.62,5.0,5.55,2026-09-08 15:31:54,🆕低基期(前日Vol6) 🔭LEAPS,HOLD,1
LUNR,2027-01-15,55.0,0.11,1982,33,105.46922265625001,127,15.68,0.11,0.19,2026-09-04 14:30:11,🚬菸屁股,HOLD,1
JOBY,2027-01-15,9.0,0.55,2664,33,72.1682470703125,127,6.84,0.48,0.57,2026-09-08 18:47:47,🚬菸屁股,HOLD,1
ORCL,2028-01-21,380.0,11.13,12497,33,63.55322091674805,498,162.52,10.75,11.55,2026-09-08 17:53:40,🔭LEAPS,HOLD,1
IBIT,2026-11-20,60.0,0.4,6204,32,48.828636718750005,71,44.39,0.4,0.43,2026-09-08 15:48:38,🚬菸屁股,HOLD,1
IBIT,2027-01-15,80.0,0.26,25367,32,54.68795312500001,127,44.39,0.25,0.28,2026-09-08 16:13:23,🚬菸屁股,HOLD,1
OKLO,2027-01-15,150.0,0.52,12810,32,109.32662524414063,127,43.31,0.5,0.58,2026-09-08 18:47:06,🚬菸屁股,HOLD,1
VST,2026-09-18,185.0,0.19,1511,32,58.39885351562499,8,151.72,0.01,0.23,2026-09-08 17:56:31,🆕低基期(前日Vol10) 🚬菸屁股,HOLD,1
NTLA,2026-09-18,15.0,0.13,1954,32,86.32826171875,8,12.74,0.1,0.15,2026-09-08 18:39:56,🚬菸屁股,HOLD,1
HIMS,2028-01-21,65.0,4.07,788,32,83.98453515624999,498,28.17,3.9,4.7,2026-09-04 18:35:29,🔭LEAPS,HOLD,1
LUNR,2026-12-18,40.0,0.22,1315,32,100.78174609374999,99,15.68,0.15,0.25,2026-09-08 19:21:01,🆕低基期(前日Vol5) 🚬菸屁股,HOLD,1
JOBY,2026-10-16,12.0,0.02,2279,32,92.187578125,36,6.84,0.01,0.05,2026-09-08 15:20:20,🚬菸屁股,HOLD,1
TJX,2026-09-18,140.0,0.05,893,32,32.617861328124995,8,128.92,0.0,0.2,2026-09-08 19:54:07,🚬菸屁股,HOLD,1
AMZN,2026-10-16,330.0,0.18,5311,32,36.57289990234375,36,256.97,0.14,0.21,2026-09-08 14:58:03,🚬菸屁股,HOLD,1
IBIT,2027-01-15,85.0,0.2,15061,31,56.88519677734375,127,44.39,0.2,0.23,2026-09-08 18:31:04,🆕低基期(前日Vol8) 🚬菸屁股,HOLD,1
RKLB,2027-01-15,175.0,0.62,2285,31,91.55281884765625,127,65.87,0.64,1.0,2026-09-04 19:53:20,🚬菸屁股,HOLD,1
IONQ,2027-01-15,90.0,0.95,2320,31,90.429783203125,127,40.47,0.62,1.29,2026-09-08 19:38:27,🆕低基期(前日Vol1) 🚬菸屁股,HOLD,1
DKNG,2026-12-18,45.0,0.1,1686,31,69.2385888671875,99,23.87,0.07,0.32,2026-09-08 17:36:09,🚬菸屁股,HOLD,1
OPEN,2027-02-19,10.0,0.07,1972,31,126.56286718749999,162,3.07,0.02,0.31,2026-09-08 16:14:13,🚬菸屁股,HOLD,1
NTLA,2028-01-21,20.0,3.98,1581,31,92.9688203125,498,12.74,2.8,4.5,2026-09-08 18:25:24,🆕低基期(前日Vol6) 🔭LEAPS,HOLD,1
ACHR,2027-01-15,11.0,0.2,3962,31,93.164130859375,127,5.83,0.15,0.39,2026-09-08 19:59:57,🆕低基期(前日Vol8) 🚬菸屁股,HOLD,1
WMT,2028-01-21,125.0,8.95,940,31,32.739930419921876,498,106.05,8.25,9.65,2026-09-08 19:53:43,🔭LEAPS,HOLD,1
BA,2026-11-20,290.0,0.39,3795,31,40.930766479492185,71,210.73,0.08,0.74,2026-09-08 16:32:19,🆕低基期(前日Vol12) 🚬菸屁股,HOLD,1
META,2026-09-18,725.0,0.27,1846,31,48.58449853515625,8,613.48,0.3,0.37,2026-09-08 19:22:12,🚬菸屁股,HOLD,1
COST,2026-09-18,1040.0,0.22,1214,31,41.67538793945312,8,910.18,0.05,0.68,2026-09-08 19:53:02,🚬菸屁股,HOLD,1
COST,2026-09-18,1340.0,0.01,990,31,74.2190078125,8,910.18,0.01,0.05,2026-09-08 14:42:18,🚬菸屁股,HOLD,1
IBIT,2026-12-18,63.0,0.53,7070,30,48.87746435546876,99,44.39,0.49,0.54,2026-09-08 17:12:11,🆕低基期(前日Vol1) 🚬菸屁股,HOLD,1
SMCI,2026-11-20,70.0,0.77,1220,30,88.08605664062499,71,40.26,0.71,0.79,2026-09-08 19:51:10,🚬菸屁股,HOLD,1
SOFI,2028-06-16,37.0,2.45,4643,30,65.7229990234375,645,18.01,2.4,2.53,2026-09-08 19:46:43,🆕低基期(前日Vol2) 🔭LEAPS,HOLD,1
DKNG,2026-12-18,33.0,0.68,2051,30,58.20354296875,99,23.87,0.48,0.79,2026-09-08 19:11:45,🆕低基期(前日Vol2) 🚬菸屁股,HOLD,1
U,2026-09-18,47.0,0.32,1330,30,54.49264257812501,8,42.75,0.2,0.41,2026-09-08 19:04:06,🆕低基期(前日Vol2) 🚬菸屁股,HOLD,1
TDOC,2027-01-15,11.0,0.17,2050,30,79.687703125,127,6.26,0.11,0.33,2026-09-02 15:19:49,🚬菸屁股,HOLD,1
OPEN,2027-01-15,8.0,0.11,3584,30,108.984830078125,127,3.07,0.05,0.14,2026-09-08 19:38:03,🚬菸屁股,HOLD,1
CRSP,2026-09-18,65.0,0.2,1521,30,77.53928710937501,8,54.78,0.15,0.5,2026-09-08 19:12:40,🚬菸屁股,HOLD,1
ONDS,2026-11-20,15.0,0.13,1536,30,100.39112304687498,71,7.62,0.12,0.15,2026-09-08 19:24:33,🚬菸屁股,HOLD,1
LUNR,2028-01-21,37.0,3.2,756,30,101.70947583007815,498,15.68,3.25,3.9,2026-09-04 14:23:04,🔭LEAPS,HOLD,1
AMZN,2026-12-18,410.0,0.25,8199,30,39.942006835937505,99,256.97,0.2,0.31,2026-09-08 15:59:41,🆕低基期(前日Vol3) 🚬菸屁股,HOLD,1
TSLA,2028-01-21,900.0,12.79,6123,29,54.858849853515636,498,368.16,12.6,14.0,2026-09-08 16:56:27,🔭LEAPS,HOLD,1
GOOG,2026-10-16,405.0,0.84,7531,29,35.68179553222656,36,335.38,0.78,0.9,2026-09-08 19:51:14,🚬菸屁股,HOLD,1
INTC,2028-01-21,60.0,56.24,10459,29,78.49142602539064,498,104.47,54.95,57.05,2026-09-08 18:46:13,🆕低基期(前日Vol7) 🔭LEAPS,HOLD,1
TSM,2026-09-18,530.0,0.07,3183,29,47.852083984375,8,439.0,0.01,0.11,2026-09-08 18:41:37,🚬菸屁股,HOLD,1
BA,2026-09-18,275.0,0.2,2018,29,70.70341796875,8,210.73,0.0,0.22,2026-09-08 15:53:30,🆕低基期(前日Vol6) 🚬菸屁股,HOLD,1
SMCI,2027-01-15,100.0,0.6,4994,28,90.9180595703125,127,40.26,0.58,0.69,2026-09-08 19:59:02,🚬菸屁股,HOLD,1
OKLO,2027-01-15,260.0,0.16,5247,28,119.72696386718751,127,43.31,0.01,0.26,2026-09-08 14:16:10,🆕低基期(前日Vol1) 🚬菸屁股,HOLD,1
RKLB,2026-10-16,210.0,0.03,2540,28,128.125359375,36,65.87,0.03,0.04,2026-09-08 19:53:12,🚬菸屁股,HOLD,1
SOFI,2026-09-18,26.0,0.02,2580,28,98.437515625,8,18.01,0.01,0.02,2026-09-08 19:25:42,🚬菸屁股,HOLD,1
OPEN,2026-10-16,6.0,0.02,2074,28,112.5004375,36,3.07,0.01,0.03,2026-09-08 17:07:42,🆕低基期(前日Vol10) 🚬菸屁股,HOLD,1
HIMS,2028-01-21,30.0,9.97,6933,28,84.03336279296875,498,28.17,9.85,10.3,2026-09-08 19:57:38,🔭LEAPS,HOLD,1
KTOS,2026-09-18,52.5,0.6,773,28,64.7464462890625,8,48.2,0.45,0.85,2026-09-08 19:55:36,🚬菸屁股,HOLD,1
QCOM,2026-11-20,300.0,0.5,1503,28,63.13513427734375,71,174.09,0.29,1.03,2026-09-08 19:30:24,🚬菸屁股,HOLD,1
TSM,2026-10-16,600.0,0.28,918,28,46.72904833984375,36,439.0,0.12,0.54,2026-09-08 19:28:52,🚬菸屁股,HOLD,1
META,2026-09-18,1320.0,0.01,1393,28,134.37532812499998,8,613.48,0.0,0.03,2026-08-26 17:02:30,🚬菸屁股,HOLD,1
TSLA,2028-01-21,940.0,9.75,5095,27,54.706263488769544,498,368.16,11.15,11.95,2026-09-04 15:22:52,🔭LEAPS,HOLD,1
OKLO,2028-01-21,200.0,3.55,17498,27,96.93606579589844,498,43.31,3.55,4.2,2026-09-08 19:37:32,🆕低基期(前日Vol10) 🔭LEAPS,HOLD,1
SOFI,2026-12-18,40.0,0.07,13070,27,73.82838671875,99,18.01,0.07,0.08,2026-09-08 17:24:09,🆕低基期(前日Vol1) 🚬菸屁股,HOLD,1
PACB,2026-09-18,1.5,0.07,10787,27,128.125359375,8,1.32,0.0,0.1,2026-09-08 17:02:41,🚬菸屁股,HOLD,1
LUNR,2028-01-21,50.0,2.55,1218,27,101.7583037109375,498,15.68,2.43,2.8,2026-09-08 19:05:57,🆕低基期(前日Vol9) 🔭LEAPS,HOLD,1
NNE,2026-09-18,25.0,0.06,1310,27,94.92192578125,8,19.35,0.0,0.15,2026-09-08 19:54:44,🆕低基期(前日Vol6) 🚬菸屁股,HOLD,1
PCG,2026-10-16,25.0,0.09,14977,27,92.187578125,36,14.82,0.02,0.16,2026-09-03 17:56:27,🚬菸屁股,HOLD,1
RDDT,2027-01-15,420.0,0.39,1768,27,75.00025000000001,127,149.38,0.23,0.53,2026-09-08 19:46:15,🆕低基期(前日Vol3) 🚬菸屁股,HOLD,1
QCOM,2026-11-20,270.0,0.77,836,27,56.958438232421884,71,174.09,0.69,1.21,2026-08-31 18:02:32,🚬菸屁股,HOLD,1
TSM,2026-09-18,560.0,0.03,1861,27,50.0005,8,439.0,0.01,0.03,2026-09-08 17:16:23,🚬菸屁股,HOLD,1
MU,2026-09-18,1800.0,0.07,805,27,111.71919140624999,8,1000.26,0.0,0.1,2026-09-08 19:29:17,🚬菸屁股,HOLD,1
BA,2026-11-20,285.0,0.48,2140,27,39.67345483398438,71,210.73,0.26,0.79,2026-09-08 16:32:19,🆕低基期(前日Vol4) 🚬菸屁股,HOLD,1
MSFT,2028-01-21,600.0,45.63,6961,26,35.82522671508789,498,493.95,44.1,47.25,2026-09-08 19:15:59,🔭LEAPS,HOLD,1
ASTS,2026-11-20,140.0,0.91,1722,26,102.44189404296877,71,66.12,0.69,1.15,2026-09-08 19:56:11,🚬菸屁股,HOLD,1
IONQ,2027-01-15,120.0,0.46,3921,26,108.88717431640625,127,40.47,0.25,1.42,2026-09-08 19:04:35,🚬菸屁股,HOLD,1
UPST,2028-01-21,30.0,8.85,1549,26,76.6848034667969,498,26.98,7.4,9.45,2026-09-08 18:55:50,🆕低基期(前日Vol1) 🔭LEAPS,HOLD,1
DKNG,2027-01-15,40.0,0.34,11797,26,61.133201171875015,127,23.87,0.26,0.52,2026-09-08 18:57:40,🚬菸屁股,HOLD,1
IREN,2026-11-20,130.0,0.35,1303,26,115.0394873046875,71,46.93,0.27,0.43,2026-09-08 19:35:56,🆕低基期(前日Vol1) 🚬菸屁股,HOLD,1
TDOC,2028-01-21,7.0,1.77,1879,26,70.8010732421875,498,6.26,1.6,1.96,2026-09-08 16:15:06,🔭LEAPS,HOLD,1
XYZ,2026-09-18,100.0,0.03,6158,26,55.078574218750006,8,80.1,0.0,0.04,2026-09-08 19:53:26,🚬菸屁股,HOLD,1
NTLA,2028-01-21,12.5,5.4,1057,26,97.11916943359374,498,12.74,5.0,6.1,2026-09-08 17:44:12,🔭LEAPS,HOLD,1
ONDS,2026-09-18,10.5,0.02,1135,26,104.68797656250001,8,7.62,0.01,0.03,2026-09-08 16:22:00,🚬菸屁股,HOLD,1
LUNR,2028-01-21,25.0,5.04,4584,26,101.92920129394531,498,15.68,4.9,5.25,2026-09-08 19:06:40,🔭LEAPS,HOLD,1
NNE,2026-10-16,26.0,0.3,4767,26,87.2071591796875,36,19.35,0.25,0.7,2026-09-08 19:42:03,🆕低基期(前日Vol4) 🚬菸屁股,HOLD,1
MSTR,2027-01-15,700.0,0.4,11701,25,112.06098657226562,127,136.52,0.4,0.51,2026-09-08 13:43:20,🆕低基期(前日Vol2) 🚬菸屁股,HOLD,1
IBIT,2027-01-15,110.0,0.12,29579,25,66.40658593750001,127,44.39,0.08,0.12,2026-09-04 15:17:12,🚬菸屁股,HOLD,1
PLTR,2028-01-21,200.0,38.61,10743,25,62.40882318115235,498,170.3,38.75,39.55,2026-09-08 19:56:33,🔭LEAPS,HOLD,1
PLTR,2028-01-21,210.0,36.32,9154,25,62.03803831481935,498,170.3,35.6,36.75,2026-09-08 19:08:20,🆕低基期(前日Vol4) 🔭LEAPS,HOLD,1
OKLO,2028-01-21,150.0,4.95,1325,25,94.726615234375,498,43.31,4.85,5.8,2026-09-08 19:37:32,🆕低基期(前日Vol8) 🔭LEAPS,HOLD,1
IONQ,2028-01-21,70.0,9.33,1512,25,86.10853735351563,498,40.47,8.2,10.35,2026-09-08 18:05:40,🆕低基期(前日Vol2) 🔭LEAPS,HOLD,1
UPST,2028-01-21,35.0,7.62,1298,25,81.59198095703124,498,26.98,7.3,8.2,2026-09-08 17:06:32,🔭LEAPS,HOLD,1
DKNG,2026-11-20,35.0,0.3,1435,25,64.648791015625,71,23.87,0.23,0.49,2026-09-08 18:01:41,🆕低基期(前日Vol5) 🚬菸屁股,HOLD,1
TDOC,2026-10-16,10.0,0.03,3321,25,78.12521875,36,6.26,0.02,0.03,2026-09-08 19:37:42,🆕低基期(前日Vol4) 🚬菸屁股,HOLD,1
OPEN,2026-12-18,8.0,0.06,2144,25,116.40666796875001,99,3.07,0.05,0.1,2026-09-04 17:15:18,🚬菸屁股,HOLD,1
SMR,2026-11-20,19.0,0.4,1148,25,108.30123974609376,71,11.18,0.34,0.62,2026-09-08 18:10:00,🆕低基期(前日Vol10) 🚬菸屁股,HOLD,1
NNE,2027-01-15,40.0,0.51,2348,25,86.52357226562499,127,19.35,0.4,0.6,2026-09-08 18:45:59,🆕低基期(前日Vol1) 🚬菸屁股,HOLD,1
NNE,2027-01-15,65.0,0.15,1252,25,93.7500625,127,19.35,0.0,0.2,2026-08-31 13:30:15,🚬菸屁股,HOLD,1
PCG,2026-09-18,26.0,0.01,5068,25,125.00037499999999,8,14.82,0.0,0.01,2026-09-08 15:42:37,🚬菸屁股,HOLD,1
QCOM,2028-01-21,350.0,9.63,1076,25,54.767298034667974,498,174.09,9.9,11.55,2026-09-08 17:42:32,🔭LEAPS,HOLD,1
TSM,2026-09-18,520.0,0.12,852,25,44.0435283203125,8,439.0,0.01,0.12,2026-09-08 19:48:12,🚬菸屁股,HOLD,1
BA,2028-01-21,330.0,9.72,1575,25,41.55789643859863,498,210.73,8.1,12.15,2026-09-08 19:03:55,🆕低基期(前日Vol2) 🔭LEAPS,HOLD,1
NVDA,2028-01-21,290.0,25.9,5974,24,44.45551150512696,498,225.73,25.7,26.65,2026-09-08 19:47:00,🔭LEAPS,HOLD,1
IBIT,2026-10-16,59.0,0.16,9004,24,52.14891601562499,36,44.39,0.15,0.17,2026-09-08 19:38:36,🚬菸屁股,HOLD,1
UPST,2026-12-18,50.0,0.49,1068,24,83.49625878906248,99,26.98,0.46,0.69,2026-09-08 15:43:18,🆕低基期(前日Vol1) 🚬菸屁股,HOLD,1
HOOD,2026-09-18,220.0,0.01,923,24,118.75040625,8,117.34,0.0,0.01,2026-09-08 19:17:10,🚬菸屁股,HOLD,1
HOOD,2028-01-21,290.0,11.05,15473,24,72.93423062133789,498,117.34,10.25,11.8,2026-09-08 19:53:10,🔭LEAPS,HOLD,1
ACHR,2027-01-15,13.0,0.15,4824,24,89.45323046875,127,5.83,0.11,0.15,2026-09-08 17:24:58,🚬菸屁股,HOLD,1
VRT,2026-09-18,430.0,0.05,774,24,88.2813671875,8,290.83,0.01,0.11,2026-09-08 17:36:00,🚬菸屁股,HOLD,1
BA,2027-01-15,325.0,0.38,1643,24,38.2818671875,127,210.73,0.22,0.65,2026-09-03 16:57:25,🚬菸屁股,HOLD,1
META,2026-09-18,780.0,0.12,3787,24,54.102021484375015,8,613.48,0.05,0.09,2026-09-08 19:01:03,🚬菸屁股,HOLD,1
SMCI,2028-01-21,70.0,9.0,2194,23,83.98453515624999,498,40.26,8.45,9.1,2026-09-08 19:17:53,🔭LEAPS,HOLD,1
RKLB,2028-01-21,130.0,11.2,3187,23,80.65815240478516,498,65.87,10.6,12.05,2026-09-08 19:48:51,🔭LEAPS,HOLD,1
SOFI,2027-01-15,37.0,0.15,3648,23,68.94562304687501,127,18.01,0.16,0.17,2026-09-08 19:54:20,🆕低基期(前日Vol1) 🚬菸屁股,HOLD,1
NTLA,2026-09-18,14.0,0.26,837,23,83.98453515624999,8,12.74,0.2,0.35,2026-09-08 19:52:39,🚬菸屁股,HOLD,1
PACB,2027-01-15,4.0,0.05,2032,23,125.78162109374999,127,1.32,0.0,0.1,2026-08-28 19:51:37,🚬菸屁股,HOLD,1
SMR,2027-01-15,47.0,0.12,1020,23,113.67230664062502,127,11.18,0.03,0.15,2026-09-08 16:36:19,🆕低基期(前日Vol1) 🚬菸屁股,HOLD,1
PCG,2026-12-18,23.0,0.45,6195,23,71.9729365234375,99,14.82,0.07,0.77,2026-09-08 19:07:43,🚬菸屁股,HOLD,1
AMZN,2026-09-18,320.0,0.04,15487,23,48.04739453125,8,256.97,0.01,0.02,2026-09-08 17:52:30,🚬菸屁股,HOLD,1
MU,2026-09-18,1700.0,0.17,872,23,105.85984570312502,8,1000.26,0.02,0.14,2026-09-08 17:44:48,🆕低基期(前日Vol1) 🚬菸屁股,HOLD,1
F,2028-01-21,25.0,0.47,15111,23,46.289599609375,498,14.0,0.42,0.72,2026-09-08 19:18:50,🔭LEAPS,HOLD,1
NVDA,2026-09-18,400.0,0.01,19001,22,103.12548437500001,8,225.73,0.0,0.01,2026-09-03 14:49:48,🚬菸屁股,HOLD,1
NVDA,2027-01-15,360.0,0.8,9082,22,41.94393994140625,127,225.73,0.75,0.84,2026-09-08 18:25:15,🚬菸屁股,HOLD,1
IBIT,2027-01-15,120.0,0.08,17938,22,70.117486328125,127,44.39,0.07,0.1,2026-09-04 15:17:12,🚬菸屁股,HOLD,1
ASTS,2026-11-20,185.0,0.28,4057,22,114.64886425781249,71,66.12,0.22,0.7,2026-09-08 17:51:38,🚬菸屁股,HOLD,1
SOFI,2026-09-18,35.0,0.05,6325,22,143.75028125,8,18.01,0.0,0.01,2026-09-08 19:54:03,🚬菸屁股,HOLD,1
SOFI,2026-11-20,31.0,0.12,1244,22,69.72686523437501,71,18.01,0.11,0.13,2026-09-08 15:50:44,🆕低基期(前日Vol1) 🚬菸屁股,HOLD,1
ZM,2026-11-20,130.0,0.88,7085,22,52.56395092773438,71,96.44,0.42,1.27,2026-09-08 14:15:03,🚬菸屁股,HOLD,1
HIMS,2026-09-18,45.0,0.03,1662,22,115.625421875,8,28.17,0.01,0.02,2026-09-08 19:41:08,🆕低基期(前日Vol8) 🚬菸屁股,HOLD,1
JOBY,2026-09-18,9.0,0.01,4083,22,90.62509374999999,8,6.84,0.01,0.02,2026-09-08 18:54:38,🚬菸屁股,HOLD,1
CRWV,2026-09-18,200.0,0.03,5945,22,146.09401953124998,8,99.83,0.01,0.03,2026-09-08 16:08:02,🚬菸屁股,HOLD,1
WMT,2026-11-20,140.0,0.13,1449,22,34.570966796875,71,106.05,0.1,0.27,2026-09-08 16:55:49,🆕低基期(前日Vol7) 🚬菸屁股,HOLD,1
WMT,2027-01-15,145.0,0.33,2900,22,33.1061376953125,127,106.05,0.34,0.58,2026-09-04 17:39:12,🚬菸屁股,HOLD,1
F,2028-01-21,17.0,1.47,7791,22,39.57579956054688,498,14.0,1.34,1.58,2026-09-08 19:50:17,🔭LEAPS,HOLD,1
META,2026-09-18,790.0,0.06,1564,22,58.20354296875,8,613.48,0.03,0.15,2026-09-08 17:46:19,🚬菸屁股,HOLD,1
IBIT,2028-01-21,75.0,3.7,5461,21,52.40526110839843,498,44.39,3.6,3.9,2026-09-08 18:23:19,🆕低基期(前日Vol6) 🔭LEAPS,HOLD,1
PLTR,2027-01-15,410.0,0.26,10934,21,62.69568554687501,127,170.3,0.2,0.4,2026-09-08 15:22:59,🆕低基期(前日Vol3) 🚬菸屁股,HOLD,1
INTC,2028-01-21,65.0,52.7,7355,21,78.5707709350586,498,104.47,51.65,55.0,2026-09-08 19:54:10,🔭LEAPS,HOLD,1
OKLO,2026-10-16,80.0,0.27,3084,21,103.71141894531253,36,43.31,0.2,0.31,2026-09-08 19:31:29,🚬菸屁股,HOLD,1
OKLO,2026-12-18,125.0,0.4,2251,21,109.86373193359378,99,43.31,0.37,0.71,2026-08-28 19:49:36,🚬菸屁股,HOLD,1
RKLB,2026-12-18,200.0,0.34,1047,21,99.7070341796875,99,65.87,0.24,0.48,2026-09-08 16:22:17,🚬菸屁股,HOLD,1
IONQ,2026-10-16,80.0,0.11,1506,21,104.88328808593752,36,40.47,0.05,0.26,2026-09-04 17:31:57,🚬菸屁股,HOLD,1
PATH,2026-09-18,18.5,0.02,5589,21,76.562734375,8,14.01,0.0,0.02,2026-09-08 19:52:51,🚬菸屁股,HOLD,1
CRSP,2028-01-21,110.0,5.53,773,21,66.76058630371095,498,54.78,5.0,6.8,2026-09-08 16:14:38,🔭LEAPS,HOLD,1
HIMS,2026-10-16,50.0,0.11,4810,21,103.71141894531253,36,28.17,0.1,0.34,2026-09-08 19:31:46,🚬菸屁股,HOLD,1
PCG,2028-01-21,17.0,2.65,1267,21,56.250437500000004,498,14.82,2.18,3.1,2026-09-08 16:45:40,🔭LEAPS,HOLD,1
BA,2026-09-18,290.0,0.01,1645,21,75.195560546875,8,210.73,0.0,0.1,2026-09-08 18:24:29,🆕低基期(前日Vol2) 🚬菸屁股,HOLD,1
NVDA,2026-10-16,400.0,0.01,12884,20,53.12546875,36,225.73,0.0,0.01,2026-09-08 15:14:47,🚬菸屁股,HOLD,1
SMCI,2026-09-18,75.0,0.02,3879,20,140.625296875,8,40.26,0.01,0.02,2026-09-08 19:42:47,🚬菸屁股,HOLD,1
OKLO,2028-01-21,70.0,11.05,3688,20,87.89074609375,498,43.31,10.75,11.35,2026-09-08 19:53:40,🔭LEAPS,HOLD,1
RKLB,2026-10-16,195.0,0.05,2176,20,130.85972070312496,36,65.87,0.02,0.13,2026-09-04 13:30:01,🚬菸屁股,HOLD,1
UPST,2028-01-21,50.0,4.75,2693,20,82.15349877929687,498,26.98,4.7,5.75,2026-09-08 18:47:54,🔭LEAPS,HOLD,1
SOFI,2026-12-18,27.0,0.38,2642,20,62.40271972656251,99,18.01,0.37,0.38,2026-09-08 19:49:33,🚬菸屁股,HOLD,1
DKNG,2026-12-18,80.0,0.11,871,20,96.0937890625,99,23.87,0.0,0.12,2026-06-11 13:30:18,🚬菸屁股,HOLD,1
PATH,2028-01-21,5.0,9.7,2489,20,89.45323046875,498,14.01,9.55,9.85,2026-09-08 19:50:45,🔭LEAPS,HOLD,1
CRSP,2026-09-18,70.0,0.08,797,20,95.11723632812499,8,54.78,0.05,0.45,2026-09-08 19:54:46,🆕低基期(前日Vol7) 🚬菸屁股,HOLD,1
PACB,2027-01-15,2.0,0.15,5383,20,105.46922265625001,127,1.32,0.05,0.25,2026-09-08 13:59:25,🚬菸屁股,HOLD,1
LUNR,2026-09-18,23.0,0.03,2064,20,112.5004375,8,15.68,0.02,0.03,2026-09-08 17:25:16,🆕低基期(前日Vol3) 🚬菸屁股,HOLD,1
LUNR,2026-09-18,26.0,0.02,1697,20,137.50031249999998,8,15.68,0.01,0.03,2026-09-08 19:50:48,🆕低基期(前日Vol1) 🚬菸屁股,HOLD,1
LUNR,2027-01-15,37.0,0.35,2798,20,97.26565234374999,127,15.68,0.28,0.54,2026-09-04 18:56:19,🚬菸屁股,HOLD,1
LUNR,2028-01-21,32.0,3.9,1266,20,100.70850427246091,498,15.68,3.75,4.3,2026-09-02 13:53:44,🔭LEAPS,HOLD,1
JOBY,2027-01-15,25.0,0.03,3090,20,91.4063359375,127,6.84,0.0,0.04,2026-09-04 13:30:00,🚬菸屁股,HOLD,1
JOBY,2028-01-21,17.0,0.83,3930,20,85.937640625,498,6.84,0.8,1.2,2026-09-08 18:00:52,🔭LEAPS,HOLD,1
ACHR,2028-01-21,4.0,3.03,3780,20,93.164130859375,498,5.83,2.97,3.15,2026-09-08 19:53:44,🔭LEAPS,HOLD,1
SMR,2027-01-15,50.0,0.1,4860,20,117.57853710937498,127,11.18,0.08,0.1,2026-09-08 19:53:15,🆕低基期(前日Vol2) 🚬菸屁股,HOLD,1
WMT,2026-09-18,140.0,0.01,9577,20,60.937890625000016,8,106.05,0.0,0.02,2026-09-08 19:17:19,🚬菸屁股,HOLD,1
BA,2027-01-15,300.0,0.95,8219,20,35.217932983398434,127,210.73,0.9,0.99,2026-09-08 19:52:39,🚬菸屁股,HOLD,1
F,2026-12-18,14.85,0.75,15654,20,39.258419921874996,99,14.0,0.7,0.81,2026-09-08 19:59:46,🚬菸屁股,HOLD,1
TSLA,2027-01-15,900.0,0.67,12951,19,64.01403173828125,127,368.16,0.64,0.73,2026-09-08 18:21:09,🚬菸屁股,HOLD,1
OKLO,2026-09-18,75.0,0.04,1905,19,135.93782031249998,8,43.31,0.02,0.04,2026-09-08 17:48:25,🚬菸屁股,HOLD,1
UPST,2026-09-18,40.0,0.02,9072,19,99.2187578125,8,26.98,0.01,0.02,2026-09-08 19:39:17,🚬菸屁股,HOLD,1
DKNG,2026-09-18,28.0,0.06,1042,19,62.109753906250006,8,23.87,0.05,0.09,2026-09-08 18:25:51,🚬菸屁股,HOLD,1
DKNG,2027-01-15,75.0,0.08,1010,19,95.89847851562499,127,23.87,0.0,0.39,2026-07-10 16:42:23,🚬菸屁股,HOLD,1
DKNG,2028-01-21,35.0,3.6,2042,19,59.570716796875004,498,23.87,3.4,3.75,2026-09-08 18:36:24,🔭LEAPS,HOLD,1
IREN,2028-01-21,115.0,9.4,1903,19,96.30130651855468,498,46.93,8.65,9.65,2026-09-08 18:14:29,🔭LEAPS,HOLD,1
TDOC,2027-01-15,25.0,0.02,2917,19,100.0005,127,6.26,0.0,0.05,2026-08-31 18:22:42,🚬菸屁股,HOLD,1
PACB,2028-01-21,1.0,0.7,782,19,92.187578125,498,1.32,0.55,0.75,2026-09-08 17:19:58,🆕低基期(前日Vol7) 🔭LEAPS,HOLD,1
SMR,2027-01-15,27.0,0.35,1801,19,102.93017285156252,127,11.18,0.29,0.4,2026-09-08 19:11:59,🆕低基期(前日Vol5) 🚬菸屁股,HOLD,1
SMR,2027-01-15,32.0,0.24,1113,19,106.83640332031253,127,11.18,0.19,0.28,2026-09-08 19:53:32,🆕低基期(前日Vol3) 🚬菸屁股,HOLD,1
CRWV,2026-09-18,160.0,0.07,3964,19,117.1879140625,8,99.83,0.05,0.07,2026-09-08 19:08:36,🆕低基期(前日Vol5) 🚬菸屁股,HOLD,1
AMZN,2027-01-15,410.0,0.48,3347,19,37.94007373046875,127,256.97,0.46,0.51,2026-09-08 18:42:29,🚬菸屁股,HOLD,1
TSM,2026-09-18,660.0,0.01,958,19,83.59391406249999,8,439.0,0.0,0.07,2026-09-04 16:57:28,🚬菸屁股,HOLD,1
ORCL,2026-12-18,380.0,0.53,859,19,77.75901147460938,99,162.52,0.48,0.9,2026-09-08 19:12:11,🚬菸屁股,HOLD,1
META,2026-09-18,735.0,0.2,1447,19,50.61084545898438,8,613.48,0.2,0.31,2026-09-08 18:50:32,🚬菸屁股,HOLD,1
NVDA,2028-06-16,350.0,21.3,7658,18,44.62030477905273,645,225.73,20.8,21.8,2026-09-08 19:31:56,🔭LEAPS,HOLD,1
IBIT,2026-09-18,90.0,0.02,10274,18,140.625296875,8,44.39,0.0,0.01,2026-08-27 19:47:44,🚬菸屁股,HOLD,1
OKLO,2027-01-15,190.0,0.35,754,18,112.5004375,127,43.31,0.1,0.45,2026-09-08 15:54:42,🆕低基期(前日Vol2) 🚬菸屁股,HOLD,1
OKLO,2028-01-21,155.0,5.15,2067,18,94.73882214355469,498,43.31,4.7,5.5,2026-09-08 16:19:58,🆕低基期(前日Vol1) 🔭LEAPS,HOLD,1
VST,2027-01-15,290.0,0.7,3348,18,54.46822875976562,127,151.72,0.4,0.74,2026-09-08 19:12:41,🆕低基期(前日Vol1) 🚬菸屁股,HOLD,1
NTLA,2026-09-18,16.0,0.05,1822,18,95.312546875,8,12.74,0.0,0.15,2026-09-08 17:44:48,🆕低基期(前日Vol6) 🚬菸屁股,HOLD,1
NTLA,2026-10-16,17.0,0.3,1715,18,93.55475195312499,36,12.74,0.25,0.55,2026-09-08 19:47:55,🚬菸屁股,HOLD,1
PACB,2028-01-21,3.0,0.25,1318,18,103.90673046875003,498,1.32,0.05,0.6,2026-09-08 18:09:31,🔭LEAPS,HOLD,1
NNE,2027-01-15,50.0,0.25,2811,18,96.289099609375,127,19.35,0.25,0.45,2026-09-08 19:38:19,🚬菸屁股,HOLD,1
PCG,2026-12-18,25.0,0.3,9231,18,75.97680273437501,99,14.82,0.16,0.52,2026-09-08 19:48:54,🚬菸屁股,HOLD,1
WMT,2028-01-21,135.0,6.35,909,18,32.52630950927734,498,106.05,5.9,7.2,2026-09-08 18:33:20,🔭LEAPS,HOLD,1
TSM,2026-09-18,550.0,0.03,2607,18,53.12546875,8,439.0,0.0,0.07,2026-09-08 19:47:40,🚬菸屁股,HOLD,1
BA,2026-12-18,300.0,0.6,14674,18,37.573866455078125,99,210.73,0.5,0.73,2026-09-08 16:33:13,🚬菸屁股,HOLD,1
COST,2026-09-18,1020.0,0.2,1499,18,34.10710424804687,8,910.18,0.05,0.44,2026-09-08 18:13:29,🚬菸屁股,HOLD,1
ASTS,2026-09-18,105.0,0.07,1604,17,125.00037499999999,8,66.12,0.05,0.1,2026-09-08 17:58:26,🆕低基期(前日Vol5) 🚬菸屁股,HOLD,1
SOFI,2026-11-20,29.0,0.16,1142,17,67.28548339843752,71,18.01,0.16,0.17,2026-09-08 14:59:14,🚬菸屁股,HOLD,1
TDOC,2027-01-15,7.5,0.53,15145,17,61.133201171875015,127,6.26,0.46,0.52,2026-09-04 18:49:16,🚬菸屁股,HOLD,1
NTLA,2026-10-16,14.0,0.85,780,17,81.05487695312499,36,12.74,0.5,1.2,2026-09-08 19:07:46,🚬菸屁股,HOLD,1
LUNR,2026-09-18,21.0,0.06,2697,17,92.187578125,8,15.68,0.01,0.05,2026-09-08 19:25:51,🚬菸屁股,HOLD,1
ACHR,2027-01-15,25.0,0.04,22925,17,116.01604492187501,127,5.83,0.03,0.07,2026-09-08 16:56:05,🆕低基期(前日Vol1) 🚬菸屁股,HOLD,1
TJX,2028-01-21,165.0,5.6,1135,17,27.616080291748034,498,128.92,3.0,6.0,2026-09-08 19:00:19,🔭LEAPS,HOLD,1
ORCL,2028-01-21,460.0,7.7,875,17,64.54503228759765,498,162.52,7.2,7.95,2026-09-08 15:29:49,🔭LEAPS,HOLD,1
F,2026-10-16,18.0,0.03,2559,17,45.313046875000005,36,14.0,0.01,0.04,2026-09-08 19:20:02,🚬菸屁股,HOLD,1
TGT,2026-10-16,185.0,0.87,752,17,32.0197227783203,36,162.71,0.71,0.92,2026-09-08 18:22:26,🚬菸屁股,HOLD,1
NVDA,2027-01-15,400.0,0.32,6842,16,43.2622861328125,127,225.73,0.31,0.35,2026-09-08 19:38:37,🚬菸屁股,HOLD,1
IBIT,2026-09-18,54.0,0.04,7590,16,61.328511718750015,8,44.39,0.04,0.06,2026-09-08 19:39:16,🚬菸屁股,HOLD,1
IBIT,2028-01-21,55.0,7.13,6092,16,52.4418818359375,498,44.39,7.2,7.55,2026-09-08 13:39:00,🔭LEAPS,HOLD,1
UPST,2028-01-21,40.0,6.5,2338,16,78.05197729492188,498,26.98,6.0,6.55,2026-09-08 19:48:19,🔭LEAPS,HOLD,1
UPST,2028-01-21,105.0,1.47,1116,16,79.76094458007812,498,26.98,1.18,1.8,2026-09-08 15:10:18,🔭LEAPS,HOLD,1
DKNG,2026-12-18,55.0,0.1,3397,16,82.0314296875,99,23.87,0.0,0.31,2026-08-12 17:44:00,🚬菸屁股,HOLD,1
KTOS,2027-01-15,100.0,0.55,1508,16,73.82838671875,127,48.2,0.4,0.8,2026-09-08 17:49:09,🚬菸屁股,HOLD,1
LUNR,2027-01-15,35.0,0.52,1407,16,99.023447265625,127,15.68,0.38,0.68,2026-09-08 17:42:55,🆕低基期(前日Vol1) 🚬菸屁股,HOLD,1
VRT,2026-09-18,360.0,0.34,1924,16,63.281617187500004,8,290.83,0.02,0.5,2026-09-08 16:55:37,🆕低基期(前日Vol5) 🚬菸屁股,HOLD,1
BA,2026-09-18,265.0,0.03,5722,16,55.469195312500005,8,210.73,0.0,0.09,2026-09-08 17:34:38,🚬菸屁股,HOLD,1
ORCL,2027-01-15,450.0,0.46,984,16,77.78342529296876,127,162.52,0.43,0.76,2026-09-08 16:57:49,🚬菸屁股,HOLD,1
META,2026-10-16,840.0,0.76,845,16,46.72904833984375,36,613.48,0.5,0.73,2026-09-08 19:01:51,🆕低基期(前日Vol3) 🚬菸屁股,HOLD,1
BRZE,2026-09-18,47.5,0.05,1219,16,136.71906640625,8,30.31,0.0,0.15,2026-09-08 19:59:24,🚬菸屁股,HOLD,1
NDAQ,2026-09-18,100.0,0.39,1414,16,32.91082714843749,8,95.04,0.3,0.5,2026-09-08 19:40:32,🚬菸屁股,HOLD,1
IBIT,2028-01-21,62.0,6.5,5609,15,52.08788146972656,498,44.39,5.55,5.9,2026-09-03 19:05:28,🔭LEAPS,HOLD,1
VST,2028-01-21,320.0,8.43,819,15,55.04195349121095,498,151.72,7.4,9.35,2026-09-08 17:21:45,🔭LEAPS,HOLD,1
SOFI,2026-11-20,26.0,0.28,1808,15,63.67223828125,71,18.01,0.28,0.29,2026-09-08 19:58:12,🚬菸屁股,HOLD,1
ZM,2026-09-18,140.0,0.3,1139,15,130.56675341796873,8,96.44,0.0,0.86,2026-09-04 16:38:18,🚬菸屁股,HOLD,1
NTLA,2027-01-15,42.0,0.05,870,15,125.00037499999999,127,12.74,0.0,0.75,2026-08-26 13:52:14,🚬菸屁股,HOLD,1
HIMS,2028-01-21,70.0,4.3,797,15,84.98550170898437,498,28.17,3.7,4.3,2026-09-01 19:46:59,🔭LEAPS,HOLD,1
WMT,2027-01-15,150.0,0.3,4882,15,32.300481689453115,127,106.05,0.22,0.34,2026-09-08 19:51:29,🚬菸屁股,HOLD,1
AMZN,2026-09-18,340.0,0.01,6432,15,53.12546875,8,256.97,0.0,0.01,2026-09-08 17:01:42,🚬菸屁股,HOLD,1
AMZN,2026-10-16,315.0,0.43,3698,15,35.205726074218745,36,256.97,0.29,0.47,2026-09-08 18:47:53,🚬菸屁股,HOLD,1
AMZN,2026-10-16,410.0,0.01,3247,15,45.703667968750004,36,256.97,0.0,0.01,2026-09-08 16:30:21,🚬菸屁股,HOLD,1
TSM,2026-10-16,560.0,0.9,1523,15,43.22566540527344,36,439.0,0.74,1.13,2026-09-08 19:25:25,🚬菸屁股,HOLD,1
DDD,2028-01-21,3.0,1.5,1646,15,107.61764941406251,498,3.38,1.5,1.9,2026-09-08 19:37:13,🔭LEAPS,HOLD,1
NVDA,2026-12-18,400.0,0.13,7447,14,44.28766650390625,99,225.73,0.12,0.16,2026-09-08 19:40:29,🚬菸屁股,HOLD,1
SMCI,2027-01-15,90.0,0.86,27862,14,88.81847119140623,127,40.26,0.78,0.94,2026-09-08 18:29:04,🆕低基期(前日Vol4) 🚬菸屁股,HOLD,1
VST,2026-11-20,240.0,0.58,1998,14,56.055126953125,71,151.72,0.48,0.78,2026-09-08 19:08:57,🚬菸屁股,HOLD,1
ASTS,2026-11-20,175.0,0.41,1585,14,109.47310888671878,71,66.12,0.23,0.67,2026-09-08 17:01:50,🚬菸屁股,HOLD,1
SOFI,2026-12-18,37.0,0.11,1965,14,71.28934960937501,99,18.01,0.09,0.11,2026-09-08 16:58:23,🆕低基期(前日Vol5) 🚬菸屁股,HOLD,1
SOFI,2028-01-21,13.0,7.8,4227,14,69.2385888671875,498,18.01,7.65,7.85,2026-09-08 18:42:58,🔭LEAPS,HOLD,1
U,2028-01-21,75.0,5.56,4878,14,66.58358612060549,498,42.75,5.6,6.05,2026-09-08 16:39:16,🔭LEAPS,HOLD,1
XYZ,2026-10-16,95.0,0.56,1289,14,44.5318046875,36,80.1,0.54,0.72,2026-09-08 19:56:25,🚬菸屁股,HOLD,1
XYZ,2028-01-21,110.0,11.5,1960,14,51.239501281738285,498,80.1,10.0,10.8,2026-09-03 14:46:17,🔭LEAPS,HOLD,1
PACB,2028-01-21,5.0,0.24,1351,14,105.46922265625001,498,1.32,0.05,0.35,2026-09-08 16:41:40,🔭LEAPS,HOLD,1
HIMS,2026-09-18,44.0,0.02,890,14,147.65651171875,8,28.17,0.0,0.23,2026-09-08 19:35:39,🆕低基期(前日Vol2) 🚬菸屁股,HOLD,1
LUNR,2026-09-18,24.0,0.03,1832,14,125.00037499999999,8,15.68,0.0,0.06,2026-09-08 19:52:41,🆕低基期(前日Vol1) 🚬菸屁股,HOLD,1
JOBY,2026-09-18,10.0,0.01,21046,14,98.437515625,8,6.84,0.0,0.01,2026-09-08 19:52:45,🚬菸屁股,HOLD,1
JOBY,2028-01-21,30.0,0.36,5175,14,83.20329296874999,498,6.84,0.32,0.4,2026-09-08 16:43:54,🔭LEAPS,HOLD,1
ACHR,2028-01-21,1.0,4.95,1015,14,132.03158984375,498,5.83,4.95,5.1,2026-09-08 16:31:02,🔭LEAPS,HOLD,1
NNE,2027-01-15,60.0,0.17,1727,14,100.78174609374999,127,19.35,0.05,0.4,2026-08-28 19:47:35,🚬菸屁股,HOLD,1
RDDT,2026-09-18,250.0,0.01,970,14,96.87503124999999,8,149.38,0.0,0.01,2026-09-08 18:29:51,🚬菸屁股,HOLD,1
MU,2026-09-18,1990.0,0.04,809,14,127.73473632812498,8,1000.26,0.0,0.09,2026-09-08 19:37:33,🆕低基期(前日Vol3) 🚬菸屁股,HOLD,1
MU,2026-09-18,2170.0,0.02,1148,14,135.93782031249998,8,1000.26,0.0,0.05,2026-09-08 18:50:33,🆕低基期(前日Vol1) 🚬菸屁股,HOLD,1
ORCL,2026-12-18,340.0,0.97,1818,14,73.77955908203124,99,162.52,0.88,1.1,2026-09-08 18:07:30,🚬菸屁股,HOLD,1
ORCL,2026-12-18,450.0,0.3,1533,14,81.83611914062499,99,162.52,0.18,0.51,2026-09-08 16:35:31,🚬菸屁股,HOLD,1
DDD,2026-09-18,3.0,0.53,1492,14,128.125359375,8,3.38,0.4,0.6,2026-09-08 16:15:27,🆕低基期(前日Vol1) 🚬菸屁股,HOLD,1
NVDA,2028-06-16,300.0,31.0,5655,13,44.940736145019535,645,225.73,30.55,31.3,2026-09-08 18:48:58,🔭LEAPS,HOLD,1
AMD,2026-10-16,1120.0,0.03,5852,13,75.00025000000001,36,505.74,0.02,0.03,2026-09-08 19:53:30,🆕低基期(前日Vol4) 🚬菸屁股,HOLD,1
SMCI,2028-01-21,80.0,7.52,1259,13,83.75260388183592,498,40.26,7.05,7.8,2026-09-08 18:26:26,🔭LEAPS,HOLD,1
OKLO,2028-01-21,65.0,11.9,1800,13,86.96302099609376,498,43.31,11.35,12.1,2026-09-08 19:57:33,🆕低基期(前日Vol1) 🔭LEAPS,HOLD,1
UPST,2027-01-15,60.0,0.4,3302,13,78.9064609375,127,26.98,0.22,0.45,2026-09-08 14:01:00,🚬菸屁股,HOLD,1
SOFI,2026-10-16,26.0,0.07,5121,13,63.67223828125,36,18.01,0.06,0.07,2026-09-08 19:50:53,🚬菸屁股,HOLD,1
DKNG,2027-01-15,35.0,0.66,11950,13,58.154715332031245,127,23.87,0.6,0.74,2026-09-08 19:56:11,🚬菸屁股,HOLD,1
OPEN,2028-01-21,1.0,2.26,3380,13,121.875390625,498,3.07,2.25,2.42,2026-09-08 17:14:16,🔭LEAPS,HOLD,1
HIMS,2026-10-16,38.0,0.46,845,13,77.53928710937501,36,28.17,0.42,0.5,2026-09-08 17:34:03,🆕低基期(前日Vol2) 🚬菸屁股,HOLD,1
HIMS,2028-01-21,45.0,6.7,1188,13,85.04653625488281,498,28.17,6.35,7.45,2026-09-08 19:19:19,🆕低基期(前日Vol5) 🔭LEAPS,HOLD,1
JOBY,2027-01-15,11.0,0.28,776,13,75.97680273437501,127,6.84,0.23,0.35,2026-09-08 15:37:23,🚬菸屁股,HOLD,1
ACHR,2028-01-21,17.0,0.74,1491,13,89.74619628906248,498,5.83,0.65,0.89,2026-09-08 19:27:33,🆕低基期(前日Vol1) 🔭LEAPS,HOLD,1
RDDT,2026-09-18,210.0,0.17,1553,13,92.773509765625,8,149.38,0.04,0.21,2026-09-08 17:02:07,🚬菸屁股,HOLD,1
RDDT,2028-01-21,400.0,11.0,1262,13,68.05451867675782,498,149.38,8.25,10.95,2026-09-03 15:54:08,🔭LEAPS,HOLD,1
NVDA,2026-09-18,320.0,0.01,7911,12,65.62534375000001,8,225.73,0.0,0.01,2026-09-08 18:38:27,🚬菸屁股,HOLD,1
NVDA,2026-09-18,340.0,0.01,6343,12,75.00025000000001,8,225.73,0.0,0.01,2026-09-08 17:58:15,🚬菸屁股,HOLD,1
NVDA,2028-01-21,260.0,34.55,9846,12,45.3481417388916,498,225.73,34.25,35.45,2026-09-08 19:54:39,🔭LEAPS,HOLD,1
IBIT,2027-01-15,75.0,0.33,11953,12,51.807122558593754,127,44.39,0.31,0.33,2026-09-08 16:40:02,🚬菸屁股,HOLD,1
SMCI,2026-09-18,65.0,0.03,2326,12,121.875390625,8,40.26,0.02,0.04,2026-09-08 16:34:20,🚬菸屁股,HOLD,1
IONQ,2026-10-16,75.0,0.12,2864,12,101.3676806640625,36,40.47,0.06,0.35,2026-09-08 18:01:39,🆕低基期(前日Vol2) 🚬菸屁股,HOLD,1
IONQ,2026-11-20,140.0,0.12,1587,12,120.11758691406249,71,40.47,0.01,0.27,2026-09-08 14:04:35,🆕低基期(前日Vol1) 🚬菸屁股,HOLD,1
SOFI,2028-01-21,10.0,9.77,4681,12,73.58424853515625,498,18.01,9.5,9.75,2026-09-08 17:08:47,🔭LEAPS,HOLD,1
SOFI,2028-06-16,35.0,2.67,9600,12,66.2356892089844,645,18.01,2.62,2.84,2026-09-08 19:42:11,🔭LEAPS,HOLD,1
IREN,2026-10-16,110.0,0.13,2318,12,120.11758691406249,36,46.93,0.1,0.17,2026-09-08 18:10:18,🚬菸屁股,HOLD,1
XYZ,2027-01-15,145.0,0.44,23715,12,50.92822509765625,127,80.1,0.23,0.38,2026-09-08 19:48:17,🆕低基期(前日Vol4) 🚬菸屁股,HOLD,1
NTLA,2028-01-21,42.0,1.55,6059,12,94.33599414062499,498,12.74,1.3,2.0,2026-09-04 18:23:29,🔭LEAPS,HOLD,1
HIMS,2026-10-16,55.0,0.18,3212,12,105.078599609375,36,28.17,0.06,0.18,2026-09-08 19:56:44,🆕低基期(前日Vol2) 🚬菸屁股,HOLD,1
ONDS,2028-01-21,2.0,5.8,1744,12,93.164130859375,498,7.62,5.7,5.95,2026-09-08 19:43:26,🔭LEAPS,HOLD,1
RDDT,2026-09-18,220.0,0.04,2600,12,90.23447265624999,8,149.38,0.01,0.07,2026-09-08 17:21:18,🚬菸屁股,HOLD,1
AMZN,2026-10-16,335.0,0.18,1034,12,38.13538427734374,36,256.97,0.12,0.2,2026-09-04 19:42:52,🚬菸屁股,HOLD,1
BA,2026-09-18,270.0,0.03,2969,12,62.109753906250006,8,210.73,0.0,0.13,2026-09-08 16:00:19,🚬菸屁股,HOLD,1
BA,2027-01-15,305.0,0.74,800,12,38.03772900390625,127,210.73,0.7,1.22,2026-09-04 14:49:21,🚬菸屁股,HOLD,1
ORCL,2026-12-18,500.0,0.16,5563,12,85.59584716796876,99,162.52,0.07,0.44,2026-09-04 19:07:15,🚬菸屁股,HOLD,1
F,2026-12-18,24.67,0.01,12823,12,51.95360546875,99,14.0,0.01,0.06,2026-09-08 19:00:38,🆕低基期(前日Vol4) 🚬菸屁股,HOLD,1
NDAQ,2026-09-18,97.5,0.75,756,12,29.566134033203124,8,95.04,0.2,0.9,2026-09-08 19:48:33,🚬菸屁股,HOLD,1
IBIT,2026-10-16,80.0,0.04,5092,11,75.00025000000001,36,44.39,0.03,0.04,2026-09-08 18:14:20,🚬菸屁股,HOLD,1
IBIT,2027-01-15,135.0,0.08,12722,11,74.60962890625001,127,44.39,0.05,0.08,2026-09-08 13:30:01,🆕低基期(前日Vol2) 🚬菸屁股,HOLD,1
RKLB,2026-10-16,115.0,0.29,4085,11,94.2383388671875,36,65.87,0.29,0.4,2026-09-08 18:28:46,🚬菸屁股,HOLD,1
RKLB,2028-01-21,145.0,9.7,4948,11,79.90742749023438,498,65.87,9.0,10.05,2026-09-08 15:19:47,🔭LEAPS,HOLD,1
UPST,2026-10-16,40.0,0.17,1374,11,80.4689453125,36,26.98,0.13,0.35,2026-09-08 19:03:35,🚬菸屁股,HOLD,1
UPST,2026-12-18,45.0,0.72,1071,11,77.73459765625,99,26.98,0.69,0.73,2026-09-08 17:53:47,🚬菸屁股,HOLD,1
PATH,2026-11-20,21.0,0.2,1299,11,59.766027343750004,71,14.01,0.01,0.25,2026-09-08 19:03:24,🚬菸屁股,HOLD,1
TDOC,2027-01-15,17.5,0.04,3372,11,101.5629921875,127,6.26,0.02,0.2,2026-09-02 17:31:25,🚬菸屁股,HOLD,1
ZM,2026-09-18,115.0,0.09,2963,11,57.812921875,8,96.44,0.09,0.17,2026-09-08 19:21:38,🚬菸屁股,HOLD,1
XYZ,2026-09-18,105.0,0.01,1245,11,72.26590234375,8,80.1,0.0,0.09,2026-09-08 15:38:08,🚬菸屁股,HOLD,1
NTLA,2027-01-15,35.0,0.15,3775,11,92.9688203125,127,12.74,0.05,0.25,2026-09-08 17:13:36,🆕低基期(前日Vol3) 🚬菸屁股,HOLD,1
BEAM,2028-01-21,35.0,6.2,885,11,81.07929077148437,498,26.83,6.2,9.0,2026-09-08 15:45:36,🔭LEAPS,HOLD,1
HIMS,2026-11-20,50.0,0.65,1571,11,92.187578125,71,28.17,0.49,0.65,2026-09-08 19:59:32,🚬菸屁股,HOLD,1
KTOS,2026-11-20,85.0,0.37,3593,11,74.17018017578124,71,48.2,0.3,0.45,2026-09-08 17:51:37,🚬菸屁股,HOLD,1
SMR,2027-01-15,55.0,0.09,3428,11,123.047259765625,127,11.18,0.03,0.15,2026-09-08 19:56:07,🆕低基期(前日Vol1) 🚬菸屁股,HOLD,1
SMR,2028-01-21,23.0,2.7,934,11,98.53517089843751,498,11.18,2.32,3.15,2026-09-08 15:39:29,🔭LEAPS,HOLD,1
VRT,2026-09-18,370.0,0.1,1338,11,64.7464462890625,8,290.83,0.0,0.3,2026-09-08 18:22:14,🚬菸屁股,HOLD,1
CRWV,2026-09-18,195.0,0.03,3943,11,141.40654296875002,8,99.83,0.01,0.03,2026-09-08 15:35:35,🆕低基期(前日Vol2) 🚬菸屁股,HOLD,1
TJX,2026-09-18,145.0,0.03,914,11,33.789724609375,8,128.92,0.0,0.05,2026-09-08 17:46:54,🆕低基期(前日Vol1) 🚬菸屁股,HOLD,1
TSM,2026-09-18,570.0,0.01,1262,11,52.3442265625,8,439.0,0.0,0.03,2026-09-08 16:32:42,🚬菸屁股,HOLD,1
BA,2026-09-18,255.0,0.08,3690,11,54.78560839843751,8,210.73,0.01,0.26,2026-09-08 16:06:49,🚬菸屁股,HOLD,1
F,2026-12-18,17.0,0.32,3141,11,39.45373046875,99,14.0,0.24,0.3,2026-09-08 14:05:22,🚬菸屁股,HOLD,1
META,2026-09-18,900.0,0.01,3914,11,65.62534375000001,8,613.48,0.0,0.01,2026-09-08 17:43:47,🆕低基期(前日Vol1) 🚬菸屁股,HOLD,1
META,2026-10-16,820.0,0.83,3115,11,45.508357421875004,36,613.48,0.78,0.94,2026-09-08 18:06:01,🚬菸屁股,HOLD,1
META,2027-01-15,1270.0,0.49,863,11,50.63525927734375,127,613.48,0.53,0.68,2026-09-02 13:49:23,🚬菸屁股,HOLD,1
DDD,2027-01-15,3.0,0.95,4710,11,107.03171484375002,127,3.38,0.85,1.15,2026-09-08 19:11:34,🆕低基期(前日Vol4) 🚬菸屁股,HOLD,1
OKLO,2026-10-16,110.0,0.09,816,10,127.73473632812498,36,43.31,0.07,0.16,2026-09-08 19:24:56,🚬菸屁股,HOLD,1
OKLO,2026-12-18,160.0,0.25,966,10,114.0629296875,99,43.31,0.03,0.47,2026-09-08 19:22:33,🚬菸屁股,HOLD,1
OKLO,2027-01-15,195.0,0.38,1227,10,112.89106054687501,127,43.31,0.01,0.5,2026-08-21 17:33:23,🚬菸屁股,HOLD,1
RKLB,2028-01-21,160.0,8.2,1883,10,79.6999100341797,498,65.87,7.5,8.85,2026-09-08 19:20:46,🔭LEAPS,HOLD,1
RKLB,2028-01-21,180.0,5.92,1073,10,80.71308349609374,498,65.87,6.7,7.4,2026-09-03 18:23:42,🔭LEAPS,HOLD,1
IONQ,2026-10-16,100.0,0.05,2277,10,119.922275390625,36,40.47,0.01,0.15,2026-09-08 18:02:48,🚬菸屁股,HOLD,1
UPST,2027-01-15,55.0,0.52,1260,10,76.562734375,127,26.98,0.23,0.64,2026-09-02 13:37:36,🚬菸屁股,HOLD,1
DKNG,2028-01-21,65.0,0.85,4698,10,58.6918193359375,498,23.87,0.71,0.96,2026-09-08 19:15:34,🔭LEAPS,HOLD,1
IREN,2026-10-16,105.0,0.16,844,10,116.01604492187501,36,46.93,0.13,0.16,2026-09-08 19:17:14,🚬菸屁股,HOLD,1
IREN,2028-01-21,105.0,10.67,1959,10,95.66654724121094,498,46.93,9.55,10.35,2026-09-08 17:48:45,🔭LEAPS,HOLD,1
PATH,2026-10-16,21.0,0.07,997,10,87.695435546875,36,14.01,0.06,0.27,2026-09-08 19:28:54,🚬菸屁股,HOLD,1
PATH,2027-01-15,37.0,0.11,4810,10,86.52357226562499,127,14.01,0.05,0.21,2026-09-08 14:08:21,🚬菸屁股,HOLD,1
HOOD,2026-10-16,200.0,0.24,1030,10,78.711150390625,36,117.34,0.22,0.28,2026-09-08 19:57:04,🚬菸屁股,HOLD,1
OPEN,2026-09-18,5.0,0.01,11654,10,137.50031249999998,8,3.07,0.0,0.01,2026-09-08 17:01:19,🚬菸屁股,HOLD,1
OPEN,2026-11-20,10.0,0.01,8223,10,137.50031249999998,71,3.07,0.01,0.06,2026-09-08 14:48:52,🆕低基期(前日Vol4) 🚬菸屁股,HOLD,1
HIMS,2027-01-15,85.0,0.29,2602,10,99.9023447265625,127,28.17,0.22,0.47,2026-09-08 15:27:41,🚬菸屁股,HOLD,1
ONDS,2027-01-15,14.0,0.42,3813,10,93.55475195312499,127,7.62,0.35,0.43,2026-09-08 15:35:26,🚬菸屁股,HOLD,1
ACHR,2027-01-15,27.0,0.03,5903,10,114.84417578124999,127,5.83,0.02,0.05,2026-09-03 14:42:48,🚬菸屁股,HOLD,1
ACHR,2028-01-21,2.0,4.2,1033,10,93.35944140625,498,5.83,3.95,4.3,2026-09-08 19:06:35,🔭LEAPS,HOLD,1
NNE,2026-10-16,28.0,0.29,914,10,84.0821904296875,36,19.35,0.15,0.35,2026-09-08 16:04:55,🆕低基期(前日Vol1) 🚬菸屁股,HOLD,1
RDDT,2028-01-21,420.0,9.74,1746,10,67.63948376464846,498,149.38,7.55,9.35,2026-09-08 13:40:54,🆕低基期(前日Vol4) 🔭LEAPS,HOLD,1
AMZN,2026-09-18,350.0,0.01,19079,10,57.812921875,8,256.97,0.0,0.01,2026-09-08 16:58:03,🆕低基期(前日Vol4) 🚬菸屁股,HOLD,1
AMZN,2026-09-18,390.0,0.01,909,10,92.9688203125,8,256.97,0.0,0.1,2026-09-04 16:24:41,🚬菸屁股,HOLD,1
AMZN,2026-09-18,400.0,0.01,1310,10,91.4063359375,8,256.97,0.0,0.05,2026-09-08 16:00:43,🚬菸屁股,HOLD,1
TSM,2026-11-20,680.0,0.5,1096,10,45.98442687988281,71,439.0,0.4,0.67,2026-09-03 18:15:19,🚬菸屁股,HOLD,1
BA,2026-12-18,340.0,0.52,993,10,43.57966577148438,99,210.73,0.0,0.41,2026-08-13 16:39:54,🚬菸屁股,HOLD,1
F,2026-09-18,22.0,0.01,4949,10,115.625421875,8,14.0,0.0,0.02,2026-08-25 19:18:58,🚬菸屁股,HOLD,1
F,2026-12-18,19.0,0.14,1683,10,43.7505625,99,14.0,0.07,0.16,2026-09-04 15:33:17,🚬菸屁股,HOLD,1
META,2026-09-18,990.0,0.01,1309,10,92.9688203125,8,613.48,0.0,0.06,2026-09-03 14:07:16,🚬菸屁股,HOLD,1
META,2026-11-20,1480.0,0.06,6408,10,60.74258007812501,71,613.48,0.01,0.07,2026-09-08 16:48:13,🆕低基期(前日Vol1) 🚬菸屁股,HOLD,1
META,2027-01-15,1200.0,0.69,1666,10,50.37891418457032,127,613.48,0.75,1.11,2026-09-04 17:18:21,🚬菸屁股,HOLD,1
META,2027-01-15,1480.0,0.25,3012,10,53.320779296874996,127,613.48,0.18,0.31,2026-09-08 19:22:07,🚬菸屁股,HOLD,1
DDD,2027-01-15,4.5,0.45,1009,10,98.437515625,127,3.38,0.3,0.6,2026-09-04 14:45:38,🚬菸屁股,HOLD,1
DDD,2028-01-21,5.0,1.2,4993,10,111.23091259765626,498,3.38,0.9,1.7,2026-09-02 18:50:23,🔭LEAPS,HOLD,1
PLTR,2026-09-18,270.0,0.02,7327,9,96.87503124999999,8,170.3,0.01,0.03,2026-09-08 18:11:02,🚬菸屁股,HOLD,1
OKLO,2026-12-18,105.0,0.8,2600,9,101.3676806640625,99,43.31,0.61,0.8,2026-09-08 16:33:54,🆕低基期(前日Vol1) 🚬菸屁股,HOLD,1
RKLB,2026-09-18,105.0,0.03,1661,9,120.70352148437497,8,65.87,0.02,0.09,2026-09-08 15:35:25,🚬菸屁股,HOLD,1
RKLB,2026-09-18,115.0,0.03,774,9,139.06280468749998,8,65.87,0.03,0.07,2026-09-08 19:29:55,🚬菸屁股,HOLD,1
RKLB,2026-12-18,185.0,0.44,1545,9,98.58399853515625,99,65.87,0.27,0.7,2026-09-08 18:16:43,🚬菸屁股,HOLD,1
SOFI,2028-01-21,45.0,1.14,4454,9,66.08920629882813,498,18.01,1.07,1.36,2026-09-08 19:11:59,🔭LEAPS,HOLD,1
DKNG,2026-09-18,32.5,0.01,2943,9,78.12521875,8,23.87,0.0,0.02,2026-09-08 15:19:30,🚬菸屁股,HOLD,1
DKNG,2028-01-21,40.0,2.8,4215,9,59.766027343750004,498,23.87,2.59,3.0,2026-09-08 18:57:42,🔭LEAPS,HOLD,1
IREN,2026-12-18,135.0,0.81,813,9,111.08442895507812,99,46.93,0.54,0.72,2026-09-08 15:24:44,🆕低基期(前日Vol2) 🚬菸屁股,HOLD,1
U,2028-01-21,60.0,8.55,1145,9,68.50617431640626,498,42.75,8.45,8.95,2026-09-08 17:32:29,🔭LEAPS,HOLD,1
PATH,2027-01-15,32.0,0.2,4699,9,82.61736132812499,127,14.01,0.12,0.27,2026-09-04 15:43:05,🚬菸屁股,HOLD,1
OPEN,2026-12-18,6.0,0.12,1829,9,107.03171484375002,99,3.07,0.12,0.15,2026-09-08 19:57:17,🚬菸屁股,HOLD,1
NTLA,2026-10-16,15.0,0.61,827,9,76.95335546875,36,12.74,0.4,0.65,2026-09-08 19:00:56,🚬菸屁股,HOLD,1
HIMS,2026-09-18,46.0,0.03,1271,9,135.15657421875,8,28.17,0.0,0.08,2026-09-03 15:06:34,🚬菸屁股,HOLD,1
HIMS,2027-01-15,80.0,0.33,4526,9,97.070341796875,127,28.17,0.16,0.58,2026-09-08 18:46:04,🚬菸屁股,HOLD,1
HIMS,2028-01-21,35.0,8.43,2453,9,83.74039697265624,498,28.17,8.45,9.0,2026-09-04 19:27:00,🔭LEAPS,HOLD,1
ONDS,2028-01-21,17.0,1.6,9671,9,90.77157666015624,498,7.62,1.2,1.7,2026-09-08 18:15:00,🔭LEAPS,HOLD,1
LUNR,2027-01-15,30.0,0.77,2373,9,97.55861816406251,127,15.68,0.75,0.87,2026-09-08 19:46:20,🚬菸屁股,HOLD,1
TJX,2026-09-18,155.0,0.01,1707,9,49.60987890625,8,128.92,0.0,0.05,2026-09-04 18:42:44,🚬菸屁股,HOLD,1
WMT,2026-09-18,135.0,0.01,11403,9,53.12546875,8,106.05,0.0,0.02,2026-09-08 16:23:40,🚬菸屁股,HOLD,1
WMT,2028-01-21,195.0,1.01,3098,9,32.10517114257812,498,106.05,0.85,1.18,2026-09-08 19:09:58,🆕低基期(前日Vol3) 🔭LEAPS,HOLD,1
AMZN,2027-01-15,400.0,0.63,2109,9,37.695935546875,127,256.97,0.6,0.65,2026-09-08 19:36:35,🚬菸屁股,HOLD,1
ORCL,2027-01-15,460.0,0.45,954,9,75.68383691406251,127,162.52,0.32,0.53,2026-09-08 13:54:56,🚬菸屁股,HOLD,1
F,2026-12-18,21.67,0.04,7804,9,48.633326171875005,99,14.0,0.04,0.08,2026-09-08 19:08:41,🆕低基期(前日Vol3) 🚬菸屁股,HOLD,1
META,2026-09-18,1010.0,0.01,3344,9,92.9688203125,8,613.48,0.0,0.04,2026-08-31 17:35:21,🚬菸屁股,HOLD,1
COST,2026-09-18,1320.0,0.02,1041,9,70.312796875,8,910.18,0.01,0.04,2026-09-08 17:10:01,🚬菸屁股,HOLD,1
CHPT,2027-01-15,20.0,0.35,911,9,91.992267578125,127,9.37,0.05,0.5,2026-09-08 15:15:12,🚬菸屁股,HOLD,1
IONQ,2028-01-21,55.0,11.5,1537,8,83.72819006347656,498,40.47,10.9,12.05,2026-09-08 17:57:40,🔭LEAPS,HOLD,1
UPST,2027-01-15,125.0,0.05,1801,8,116.99260253906249,127,26.98,0.01,0.36,2026-08-31 19:37:38,🚬菸屁股,HOLD,1
DKNG,2026-11-20,32.5,0.43,3458,8,60.937890625000016,71,23.87,0.41,0.56,2026-09-08 15:10:12,🚬菸屁股,HOLD,1
DKNG,2026-12-18,60.0,0.02,1047,8,88.08605664062499,99,23.87,0.01,0.29,2026-08-31 19:02:05,🚬菸屁股,HOLD,1
IREN,2026-10-16,95.0,0.25,2819,8,111.9145029296875,36,46.93,0.19,0.27,2026-09-08 17:54:14,🆕低基期(前日Vol1) 🚬菸屁股,HOLD,1
IREN,2028-06-16,110.0,7.12,6411,8,94.65337377929689,645,46.93,11.45,12.7,2026-09-01 16:20:42,🔭LEAPS,HOLD,1
TDOC,2026-10-16,9.0,0.04,2155,8,77.3439765625,36,6.26,0.03,0.09,2026-09-08 17:30:18,🚬菸屁股,HOLD,1
TDOC,2027-01-15,10.0,0.21,10475,8,71.28934960937501,127,6.26,0.2,0.25,2026-09-08 16:08:10,🚬菸屁股,HOLD,1
TDOC,2028-01-21,10.0,1.2,2643,8,71.5823154296875,498,6.26,1.0,1.28,2026-09-08 16:18:05,🔭LEAPS,HOLD,1
OPEN,2026-11-20,7.0,0.06,4552,8,117.96916015624998,71,3.07,0.05,0.07,2026-09-08 19:24:02,🚬菸屁股,HOLD,1
NTLA,2026-09-18,17.0,0.05,1891,8,92.187578125,8,12.74,0.0,0.05,2026-09-08 16:10:44,🚬菸屁股,HOLD,1
PACB,2028-01-21,2.0,0.52,5113,8,107.03171484375002,498,1.32,0.35,0.6,2026-09-08 16:52:55,🔭LEAPS,HOLD,1
LUNR,2028-01-21,40.0,3.32,3872,8,102.27099645996094,498,15.68,3.2,3.5,2026-09-08 19:05:57,🔭LEAPS,HOLD,1
CRWV,2026-09-18,190.0,0.05,6232,8,139.06280468749998,8,99.83,0.02,0.03,2026-09-04 19:38:40,🚬菸屁股,HOLD,1
TJX,2026-10-16,160.0,0.1,2317,8,32.12958496093749,36,128.92,0.0,0.1,2026-09-08 19:42:25,🚬菸屁股,HOLD,1
WMT,2028-01-21,145.0,4.55,1617,8,32.263860961914055,498,106.05,3.9,5.3,2026-09-08 14:53:27,🔭LEAPS,HOLD,1
BA,2028-01-21,320.0,10.93,2426,8,39.322506195068364,498,210.73,8.75,11.65,2026-09-08 19:04:42,🔭LEAPS,HOLD,1
F,2027-01-15,25.0,0.06,18505,8,50.97705273437501,127,14.0,0.01,0.06,2026-09-04 19:27:19,🚬菸屁股,HOLD,1
META,2026-09-18,760.0,0.14,3343,8,52.14891601562499,8,613.48,0.07,0.18,2026-09-08 19:44:48,🚬菸屁股,HOLD,1
META,2026-09-18,1090.0,0.02,1884,8,96.87503124999999,8,613.48,0.0,0.01,2026-09-08 16:21:41,🆕低基期(前日Vol2) 🚬菸屁股,HOLD,1
DDD,2027-01-15,5.0,0.35,1579,8,94.5313046875,127,3.38,0.25,0.4,2026-09-04 17:03:14,🚬菸屁股,HOLD,1
NDAQ,2026-12-18,120.0,0.85,1133,8,35.413243530273434,99,95.04,0.35,1.0,2026-08-31 13:34:32,🚬菸屁股,HOLD,1
TSLA,2026-12-18,850.0,0.63,7562,7,65.96713720703126,99,368.16,0.41,0.6,2026-09-04 13:30:01,🚬菸屁股,HOLD,1
MSFT,2026-09-18,650.0,0.05,6442,7,50.0005,8,493.95,0.0,0.01,2026-09-08 13:49:29,🚬菸屁股,HOLD,1
GOOG,2026-10-16,420.0,0.61,7287,7,37.9889013671875,36,335.38,0.51,0.6,2026-09-08 19:15:37,🚬菸屁股,HOLD,1
IBIT,2026-09-18,60.0,0.02,25188,7,74.2190078125,8,44.39,0.01,0.02,2026-09-08 18:53:08,🚬菸屁股,HOLD,1
IBIT,2026-12-18,65.0,0.42,26391,7,49.70753417968751,99,44.39,0.41,0.45,2026-09-08 18:51:42,🚬菸屁股,HOLD,1
SMCI,2026-09-18,70.0,0.02,6492,7,134.37532812499998,8,40.26,0.02,0.03,2026-09-08 18:28:25,🚬菸屁股,HOLD,1
SMCI,2026-12-18,80.0,0.93,2885,7,88.37902246093749,99,40.26,0.72,0.88,2026-09-08 15:19:46,🚬菸屁股,HOLD,1
OKLO,2028-01-21,80.0,9.9,939,7,88.89171264648436,498,43.31,9.3,10.25,2026-09-08 19:17:26,🔭LEAPS,HOLD,1
RKLB,2026-10-16,130.0,0.16,2602,7,97.6562734375,36,65.87,0.07,0.25,2026-09-08 19:45:08,🚬菸屁股,HOLD,1
SOFI,2027-01-15,42.0,0.12,6462,7,72.07059179687501,127,18.01,0.1,0.11,2026-09-08 13:56:22,🆕低基期(前日Vol1) 🚬菸屁股,HOLD,1
U,2026-11-20,60.0,0.95,789,7,65.1370673828125,71,42.75,0.77,1.0,2026-09-08 17:27:45,🆕低基期(前日Vol2) 🚬菸屁股,HOLD,1
OPEN,2028-01-21,17.0,3.4,861,7,25.00075,498,3.07,0.0,0.0,2025-11-17 15:54:10,🔭LEAPS,HOLD,1
NTLA,2028-01-21,10.0,6.3,1743,7,99.16993017578125,498,12.74,6.0,6.9,2026-09-04 19:13:39,🔭LEAPS,HOLD,1
BEAM,2028-01-21,40.0,5.0,2241,7,67.26106958007814,498,26.83,3.0,6.7,2026-09-08 14:56:36,🆕低基期(前日Vol2) 🔭LEAPS,HOLD,1
ACHR,2026-09-18,10.0,0.01,4451,7,137.50031249999998,8,5.83,0.0,0.01,2026-09-08 14:44:19,🚬菸屁股,HOLD,1
ACHR,2028-01-21,22.0,0.5,1327,7,91.79695703125,498,5.83,0.41,0.74,2026-09-08 18:08:02,🆕低基期(前日Vol1) 🔭LEAPS,HOLD,1
WMT,2026-11-20,135.0,0.29,2920,7,32.32489550781249,71,106.05,0.03,0.34,2026-09-08 16:15:42,🚬菸屁股,HOLD,1
RDDT,2026-09-18,240.0,0.07,2293,7,108.984830078125,8,149.38,0.0,0.09,2026-09-08 17:04:43,🚬菸屁股,HOLD,1
AMZN,2026-11-20,360.0,0.62,14626,7,40.49131774902344,71,256.97,0.55,0.67,2026-09-08 19:59:34,🚬菸屁股,HOLD,1
ORCL,2027-01-15,390.0,0.83,1744,7,72.33914379882812,127,162.52,0.72,0.92,2026-09-08 16:31:59,🚬菸屁股,HOLD,1
META,2026-09-18,1370.0,0.01,1061,7,140.625296875,8,613.48,0.0,0.03,2026-09-04 17:14:32,🚬菸屁股,HOLD,1
GOOG,2026-09-18,460.0,0.03,5777,6,70.117486328125,8,335.38,0.01,0.08,2026-09-08 19:12:36,🚬菸屁股,HOLD,1
MSTR,2026-12-18,500.0,0.5,7473,6,106.39695239257816,99,136.52,0.38,0.6,2026-09-08 19:23:57,🚬菸屁股,HOLD,1
OKLO,2027-01-15,130.0,0.42,1320,6,102.53954980468751,127,43.31,0.44,0.81,2026-09-01 15:27:06,🚬菸屁股,HOLD,1
OKLO,2028-01-21,120.0,6.4,974,6,91.36971520996093,498,43.31,6.2,6.65,2026-09-08 17:00:48,🆕低基期(前日Vol2) 🔭LEAPS,HOLD,1
VST,2026-09-18,210.0,0.03,9690,6,83.20329296874999,8,151.72,0.0,0.15,2026-09-03 15:58:08,🚬菸屁股,HOLD,1
VST,2026-09-18,220.0,0.03,870,6,89.062609375,8,151.72,0.0,0.1,2026-09-08 17:29:53,🚬菸屁股,HOLD,1
VST,2026-12-18,250.0,0.99,1097,6,55.00533276367189,99,151.72,0.82,1.1,2026-09-08 18:29:54,🚬菸屁股,HOLD,1
RKLB,2026-10-16,140.0,0.1,1015,6,104.88328808593752,36,65.87,0.08,0.21,2026-09-04 17:07:28,🚬菸屁股,HOLD,1
RKLB,2027-01-15,195.0,0.42,1235,6,95.507857421875,127,65.87,0.5,0.84,2026-09-03 19:46:15,🚬菸屁股,HOLD,1
RKLB,2028-01-21,135.0,11.15,926,6,80.53608331298827,498,65.87,10.2,11.25,2026-09-08 16:56:35,🔭LEAPS,HOLD,1
ASTS,2026-10-16,190.0,0.1,2393,6,128.51598242187498,36,66.12,0.06,0.1,2026-09-08 15:25:36,🚬菸屁股,HOLD,1
IONQ,2026-12-18,140.0,0.27,917,6,121.14297241210936,99,40.47,0.05,0.85,2026-09-08 17:31:13,🆕低基期(前日Vol1) 🚬菸屁股,HOLD,1
IONQ,2028-01-21,75.0,9.45,899,6,85.55922644042968,498,40.47,7.55,9.4,2026-09-08 17:47:48,🔭LEAPS,HOLD,1
UPST,2028-01-21,42.5,7.1,2133,6,80.00508276367188,498,26.98,5.75,6.4,2026-08-31 16:37:50,🔭LEAPS,HOLD,1
SOFI,2026-12-18,45.0,0.05,8237,6,77.73459765625,99,18.01,0.04,0.06,2026-09-08 14:41:28,🚬菸屁股,HOLD,1
SOFI,2028-06-16,8.0,12.0,3086,6,78.8088056640625,645,18.01,11.3,11.65,2026-09-03 17:52:49,🔭LEAPS,HOLD,1
DKNG,2026-12-18,50.0,0.07,1473,6,67.18782812500001,99,23.87,0.05,0.11,2026-09-08 17:50:08,🆕低基期(前日Vol1) 🚬菸屁股,HOLD,1
HIMS,2026-12-18,55.0,0.64,903,6,92.13875048828125,99,28.17,0.55,0.88,2026-09-08 18:19:25,🚬菸屁股,HOLD,1
ONDS,2026-10-16,15.0,0.03,2750,6,104.68797656250001,36,7.62,0.01,0.05,2026-09-08 19:09:29,🚬菸屁股,HOLD,1
ONDS,2026-12-18,17.0,0.14,3116,6,92.187578125,99,7.62,0.07,0.15,2026-09-08 18:57:15,🚬菸屁股,HOLD,1
JOBY,2026-10-16,11.0,0.04,5186,6,85.1563984375,36,6.84,0.02,0.06,2026-09-08 17:37:40,🚬菸屁股,HOLD,1
ACHR,2026-09-18,9.0,0.01,9179,6,112.5004375,8,5.83,0.0,0.01,2026-09-08 16:18:48,🚬菸屁股,HOLD,1
RDDT,2026-09-18,230.0,0.01,2259,6,101.5629921875,8,149.38,0.0,0.1,2026-09-08 17:02:54,🚬菸屁股,HOLD,1
RDDT,2026-09-18,260.0,0.06,2175,6,103.12548437500001,8,149.38,0.0,0.01,2026-09-08 17:06:53,🚬菸屁股,HOLD,1
RDDT,2028-01-21,350.0,11.75,828,6,68.32612240600588,498,149.38,11.5,14.05,2026-09-01 19:16:50,🔭LEAPS,HOLD,1
AMZN,2026-09-18,315.0,0.02,12546,6,48.438015625000006,8,256.97,0.02,0.04,2026-09-08 15:15:15,🚬菸屁股,HOLD,1
AMZN,2026-10-16,325.0,0.26,2367,6,37.89124609375,36,256.97,0.2,0.37,2026-09-08 13:45:00,🚬菸屁股,HOLD,1
AMZN,2026-12-18,375.0,0.75,7513,6,38.62366064453124,99,256.97,0.63,0.77,2026-09-04 19:46:02,🚬菸屁股,HOLD,1
TSM,2026-09-18,620.0,0.02,826,6,83.20329296874999,8,439.0,0.0,0.28,2026-08-28 19:14:16,🚬菸屁股,HOLD,1
BA,2028-01-21,370.0,6.02,1060,6,38.72436764526367,498,210.73,5.2,6.4,2026-08-27 15:37:27,🔭LEAPS,HOLD,1
ORCL,2027-01-15,490.0,0.25,1275,6,77.19749365234375,127,162.52,0.24,0.44,2026-09-04 18:08:07,🚬菸屁股,HOLD,1
F,2026-12-18,20.0,0.08,1224,6,43.7505625,99,14.0,0.06,0.1,2026-09-08 19:45:56,🚬菸屁股,HOLD,1
F,2026-12-18,25.0,0.03,781,6,63.67223828125,99,14.0,0.0,0.21,2026-09-02 17:43:40,🚬菸屁股,HOLD,1
META,2026-09-18,1480.0,0.01,11281,6,143.75028125,8,613.48,0.0,0.01,2026-09-03 14:58:30,🚬菸屁股,HOLD,1
NVDA,2028-01-21,410.0,8.95,21525,5,43.27754476928711,498,225.73,8.45,8.85,2026-09-08 14:02:06,🔭LEAPS,HOLD,1
MSTR,2027-01-15,550.0,0.69,6729,5,104.15086987304689,127,136.52,0.55,0.83,2026-09-08 15:09:21,🚬菸屁股,HOLD,1
IBIT,2026-10-16,105.0,0.01,9437,5,90.62509374999999,36,44.39,0.0,0.02,2026-09-04 13:48:54,🚬菸屁股,HOLD,1
IBIT,2026-11-20,90.0,0.08,8066,5,69.92217578125,71,44.39,0.07,0.09,2026-09-08 14:07:47,🚬菸屁股,HOLD,1
IBIT,2027-01-15,68.0,0.57,8118,5,50.0005,127,44.39,0.5,0.55,2026-09-04 14:12:44,🚬菸屁股,HOLD,1
SMCI,2026-12-18,96.0,0.38,997,5,94.14068359375,99,40.26,0.4,0.56,2026-09-04 14:01:28,🚬菸屁股,HOLD,1
SMCI,2026-12-18,110.0,0.3,2632,5,97.55861816406251,99,40.26,0.23,0.4,2026-09-04 17:50:22,🚬菸屁股,HOLD,1
SMCI,2028-01-21,55.0,11.53,843,5,84.37515624999999,498,40.26,11.1,11.85,2026-09-04 17:36:19,🔭LEAPS,HOLD,1
OKLO,2026-10-16,100.0,0.09,2504,5,118.35978320312499,36,43.31,0.05,0.2,2026-09-08 18:31:56,🚬菸屁股,HOLD,1
OKLO,2028-01-21,75.0,10.5,846,5,88.7574366455078,498,43.31,10.1,10.8,2026-09-08 19:50:59,🆕低基期(前日Vol1) 🔭LEAPS,HOLD,1
OKLO,2028-01-21,85.0,9.54,1241,5,89.19688537597656,498,43.31,8.9,9.5,2026-09-08 14:10:09,🆕低基期(前日Vol2) 🔭LEAPS,HOLD,1
OKLO,2028-01-21,95.0,7.5,829,5,88.48888464355468,498,43.31,7.45,8.45,2026-09-08 13:30:01,🆕低基期(前日Vol1) 🔭LEAPS,HOLD,1
OKLO,2028-01-21,250.0,3.24,5565,5,98.88917126464844,498,43.31,2.8,3.25,2026-09-08 15:55:35,🔭LEAPS,HOLD,1
RKLB,2026-12-18,195.0,0.42,944,5,95.312546875,99,65.87,0.06,0.54,2026-09-08 16:24:06,🚬菸屁股,HOLD,1
ASTS,2026-10-16,175.0,0.09,2428,5,129.10191699218748,36,66.12,0.0,0.29,2026-09-02 19:22:56,🚬菸屁股,HOLD,1
ASTS,2026-10-16,180.0,0.06,1265,5,123.82850585937497,36,66.12,0.05,0.12,2026-09-08 18:32:53,🚬菸屁股,HOLD,1
ASTS,2027-01-15,175.0,0.87,872,5,98.04689453125,127,66.12,1.0,1.39,2026-09-03 17:15:55,🚬菸屁股,HOLD,1
ASTS,2028-01-21,180.0,9.6,10771,5,89.67295483398436,498,66.12,9.1,10.0,2026-09-08 18:29:53,🔭LEAPS,HOLD,1
UPST,2027-01-15,65.0,0.28,784,5,77.8322529296875,127,26.98,0.05,0.37,2026-09-08 15:17:13,🚬菸屁股,HOLD,1
UPST,2027-01-15,80.0,0.13,2088,5,82.0314296875,127,26.98,0.0,0.2,2026-09-08 16:37:24,🚬菸屁股,HOLD,1
DKNG,2027-01-15,37.0,0.49,1605,5,58.44768115234375,127,23.87,0.46,0.55,2026-09-04 18:47:51,🚬菸屁股,HOLD,1
DKNG,2027-01-15,60.0,0.06,8926,5,69.5315546875,127,23.87,0.01,0.13,2026-08-17 15:22:00,🚬菸屁股,HOLD,1
DKNG,2028-01-21,30.0,4.8,4517,5,64.9417568359375,498,23.87,4.65,5.85,2026-09-08 17:21:55,🆕低基期(前日Vol1) 🔭LEAPS,HOLD,1
DKNG,2028-01-21,42.5,2.49,1674,5,63.55016918945313,498,23.87,1.96,3.75,2026-08-27 17:42:38,🔭LEAPS,HOLD,1
HOOD,2026-12-18,280.0,0.65,1134,5,80.42011767578124,99,117.34,0.37,0.73,2026-09-04 15:11:37,🚬菸屁股,HOLD,1
TDOC,2027-01-15,22.5,0.05,4415,5,116.79729101562502,127,6.26,0.05,0.15,2026-09-04 13:33:26,🚬菸屁股,HOLD,1
ZM,2026-09-18,150.0,0.07,1634,5,111.328568359375,8,96.44,0.0,0.12,2026-09-03 16:53:26,🚬菸屁股,HOLD,1
PACB,2027-01-15,3.0,0.11,2486,5,115.625421875,127,1.32,0.0,0.15,2026-08-26 18:55:24,🚬菸屁股,HOLD,1
HIMS,2026-12-18,95.0,0.14,958,5,107.03171484375002,99,28.17,0.09,0.22,2026-09-04 15:45:23,🚬菸屁股,HOLD,1
KTOS,2026-09-18,65.0,0.1,855,5,85.54701953125,8,48.2,0.0,0.1,2026-09-08 17:34:02,🆕低基期(前日Vol1) 🚬菸屁股,HOLD,1
KTOS,2026-09-18,70.0,0.02,911,5,93.7500625,8,48.2,0.0,0.05,2026-09-08 19:32:03,🚬菸屁股,HOLD,1
ONDS,2026-12-18,20.0,0.08,6857,5,102.34423828125001,99,7.62,0.05,0.14,2026-09-08 14:17:00,🚬菸屁股,HOLD,1
LUNR,2028-01-21,10.0,8.76,1076,5,110.5961501464844,498,15.68,8.8,9.9,2026-09-08 13:34:36,🆕低基期(前日Vol1) 🔭LEAPS,HOLD,1
LUNR,2028-01-21,35.0,3.4,907,5,99.36524072265625,498,15.68,3.25,3.95,2026-09-04 19:25:59,🔭LEAPS,HOLD,1
JOBY,2026-11-20,12.0,0.08,1793,5,78.9064609375,71,6.84,0.07,0.08,2026-09-08 17:46:13,🆕低基期(前日Vol1) 🚬菸屁股,HOLD,1
NNE,2027-01-15,45.0,0.25,1494,5,92.38288867187501,127,19.35,0.25,0.6,2026-09-04 18:27:55,🚬菸屁股,HOLD,1
TJX,2026-09-18,165.0,0.05,2245,5,58.5941640625,8,128.92,0.0,0.05,2026-09-08 15:40:42,🆕低基期(前日Vol2) 🚬菸屁股,HOLD,1
TJX,2026-09-18,175.0,0.1,1151,5,70.70341796875,8,128.92,0.0,0.05,2026-09-02 17:47:06,🚬菸屁股,HOLD,1
TJX,2027-01-15,160.0,0.8,832,5,26.636475830078126,127,128.92,0.65,0.9,2026-09-08 19:31:56,🚬菸屁股,HOLD,1
TJX,2027-01-15,165.0,0.54,1380,5,27.197993652343744,127,128.92,0.4,0.65,2026-09-08 18:48:01,🆕低基期(前日Vol1) 🚬菸屁股,HOLD,1
WMT,2026-09-18,160.0,0.03,1117,5,85.937640625,8,106.05,0.0,0.02,2026-08-28 19:55:13,🚬菸屁股,HOLD,1
WMT,2027-01-15,155.0,0.18,3442,5,35.889312988281254,127,106.05,0.18,0.41,2026-09-08 17:54:28,🆕低基期(前日Vol2) 🚬菸屁股,HOLD,1
WMT,2027-01-15,160.0,0.13,3434,5,37.52503881835938,127,106.05,0.1,0.37,2026-09-08 17:26:13,🚬菸屁股,HOLD,1
WMT,2027-01-15,165.0,0.11,3525,5,34.4733115234375,127,106.05,0.07,0.15,2026-09-03 17:34:46,🚬菸屁股,HOLD,1
WMT,2027-01-15,170.0,0.07,6208,5,36.426416992187505,127,106.05,0.04,0.15,2026-09-01 16:53:37,🚬菸屁股,HOLD,1
WMT,2028-01-21,175.0,1.74,1300,5,32.03803314208984,498,106.05,1.31,2.13,2026-09-08 19:38:48,🔭LEAPS,HOLD,1
RDDT,2026-09-18,270.0,0.27,779,5,109.375453125,8,149.38,0.0,0.01,2026-09-08 17:01:32,🚬菸屁股,HOLD,1
QCOM,2026-11-20,290.0,0.34,2291,5,61.914443359375014,71,174.09,0.47,1.11,2026-08-26 16:05:10,🚬菸屁股,HOLD,1
QCOM,2027-01-15,350.0,0.79,3023,5,61.9388571777344,127,174.09,0.62,1.38,2026-09-08 17:11:46,🚬菸屁股,HOLD,1
QCOM,2027-01-15,360.0,0.85,1203,5,59.25333715820314,127,174.09,0.25,1.0,2026-08-11 16:34:33,🚬菸屁股,HOLD,1
AMZN,2026-10-16,350.0,0.07,3451,5,41.699801757812494,36,256.97,0.06,0.15,2026-09-08 19:11:23,🚬菸屁股,HOLD,1
AMZN,2026-10-16,360.0,0.05,905,5,44.92242578125,36,256.97,0.02,0.15,2026-09-08 18:25:11,🚬菸屁股,HOLD,1
TSM,2026-10-16,670.0,0.09,2085,5,50.0005,36,439.0,0.01,0.12,2026-09-08 15:42:48,🚬菸屁股,HOLD,1
ORCL,2026-10-16,310.0,0.29,821,5,88.2813671875,36,162.52,0.21,0.3,2026-09-08 16:07:23,🚬菸屁股,HOLD,1
ORCL,2027-01-15,430.0,0.54,788,5,74.2190078125,127,162.52,0.45,0.65,2026-09-08 15:00:43,🚬菸屁股,HOLD,1
ORCL,2027-01-15,500.0,0.31,6481,5,78.2228740234375,127,162.52,0.3,0.37,2026-09-08 19:02:40,🚬菸屁股,HOLD,1
ORCL,2028-01-21,450.0,7.91,921,5,64.47179083251953,498,162.52,7.65,8.25,2026-09-08 18:29:57,🔭LEAPS,HOLD,1
F,2026-12-18,14.82,0.4,6146,5,27.735097656249998,99,14.0,0.32,0.49,2025-02-14 16:42:36,🚬菸屁股,HOLD,1
F,2026-12-18,16.82,0.3,8808,5,41.79745703125,99,14.0,0.26,0.38,2025-02-14 17:09:28,🚬菸屁股,HOLD,1
F,2028-01-21,30.0,0.33,4387,5,44.727115234375,498,14.0,0.18,0.34,2026-09-02 14:10:52,🔭LEAPS,HOLD,1
META,2026-09-18,1150.0,0.01,948,5,112.5004375,8,613.48,0.0,0.03,2026-09-04 13:43:05,🚬菸屁股,HOLD,1
META,2026-09-18,1260.0,0.01,1239,5,127.34411328124997,8,613.48,0.0,0.03,2026-09-03 18:17:53,🚬菸屁股,HOLD,1
META,2026-10-16,1000.0,0.13,778,5,53.320779296874996,36,613.48,0.05,0.13,2026-09-08 17:36:10,🚬菸屁股,HOLD,1
TSLA,2026-12-18,730.0,0.94,8227,4,60.058993164062514,99,368.16,0.82,0.92,2026-09-08 17:35:40,🚬菸屁股,HOLD,1
AAPL,2026-09-18,530.0,0.01,9426,4,90.62509374999999,8,316.22,0.0,0.01,2026-08-21 18:43:17,🚬菸屁股,HOLD,1
SMCI,2026-12-18,92.0,0.58,1275,4,92.57819921875,99,40.26,0.48,0.59,2026-09-04 18:07:22,🚬菸屁股,HOLD,1
SMCI,2028-01-21,100.0,5.55,4341,4,85.00991552734375,498,40.26,5.5,5.95,2026-09-08 16:48:03,🔭LEAPS,HOLD,1
RKLB,2026-10-16,135.0,0.15,1174,4,103.41845166015626,36,65.87,0.07,0.28,2026-09-08 19:40:53,🆕低基期(前日Vol1) 🚬菸屁股,HOLD,1
IONQ,2028-01-21,90.0,7.25,2097,4,85.98036480712892,498,40.47,6.1,7.6,2026-09-08 15:45:27,🔭LEAPS,HOLD,1
UPST,2026-09-18,37.5,0.04,2112,4,93.7500625,8,26.98,0.0,0.06,2026-09-08 16:30:20,🚬菸屁股,HOLD,1
UPST,2028-01-21,100.0,1.59,1410,4,79.32149584960936,498,26.98,1.31,1.89,2026-09-08 13:39:44,🔭LEAPS,HOLD,1
SOFI,2026-12-18,42.0,0.08,8521,4,75.7814921875,99,18.01,0.04,0.09,2026-09-08 15:41:02,🚬菸屁股,HOLD,1
SOFI,2028-06-16,10.0,10.3,9017,4,73.77955908203124,645,18.01,9.9,10.3,2026-09-08 14:43:13,🔭LEAPS,HOLD,1
SOFI,2028-06-16,13.0,8.5,3455,4,69.94658959960938,645,18.01,8.15,8.6,2026-09-08 15:57:07,🔭LEAPS,HOLD,1
SOFI,2028-06-16,23.0,4.82,7312,4,65.79624047851563,645,18.01,4.6,4.8,2026-09-08 13:56:27,🔭LEAPS,HOLD,1
DKNG,2026-09-18,40.0,0.02,10276,4,112.5004375,8,23.87,0.0,0.01,2026-09-04 14:18:03,🚬菸屁股,HOLD,1
IREN,2026-12-18,130.0,0.89,997,4,110.30318286132817,99,46.93,0.61,0.79,2026-09-08 15:18:53,🚬菸屁股,HOLD,1
U,2027-01-15,75.0,0.5,3176,4,63.281617187500004,127,42.75,0.45,0.8,2026-09-08 13:42:48,🚬菸屁股,HOLD,1
HOOD,2026-12-18,290.0,0.61,10248,4,81.20135986328124,99,117.34,0.31,0.64,2026-09-08 15:08:12,🚬菸屁股,HOLD,1
TDOC,2027-01-15,9.0,0.3,1276,4,64.25816992187501,127,6.26,0.22,0.3,2026-09-08 14:32:51,🚬菸屁股,HOLD,1
ZM,2028-01-21,140.0,9.71,2724,4,52.10619183349608,498,96.44,9.0,11.45,2026-09-08 18:58:06,🆕低基期(前日Vol1) 🔭LEAPS,HOLD,1
XYZ,2027-01-15,135.0,0.59,1110,4,51.48974291992188,127,80.1,0.33,0.57,2026-09-04 18:54:51,🚬菸屁股,HOLD,1
OPEN,2026-11-20,9.0,0.04,12261,4,125.00037499999999,71,3.07,0.02,0.04,2026-09-08 15:41:22,🚬菸屁股,HOLD,1
NTLA,2027-01-15,30.0,0.3,1130,4,111.328568359375,127,12.74,0.05,1.1,2026-08-28 14:06:25,🚬菸屁股,HOLD,1
HIMS,2026-09-18,43.0,0.03,4864,4,144.922150390625,8,28.17,0.02,0.24,2026-09-08 15:48:35,🚬菸屁股,HOLD,1
HIMS,2026-11-20,45.0,0.8,1101,4,86.8165380859375,71,28.17,0.66,0.85,2026-09-08 18:17:36,🚬菸屁股,HOLD,1
HIMS,2026-12-18,65.0,0.36,791,4,91.4063359375,99,28.17,0.19,0.48,2026-09-08 17:23:36,🚬菸屁股,HOLD,1
SMR,2027-01-15,35.0,0.2,3139,4,109.18014160156251,127,11.18,0.15,0.24,2026-09-08 19:11:59,🚬菸屁股,HOLD,1
NNE,2027-01-15,90.0,0.05,2778,4,124.41444042968747,127,19.35,0.05,0.35,2026-09-03 13:30:00,🚬菸屁股,HOLD,1
VRT,2026-09-18,460.0,0.12,869,4,102.34423828125001,8,290.83,0.01,0.12,2026-09-08 15:01:47,🚬菸屁股,HOLD,1
TJX,2026-10-16,170.0,0.1,1196,4,39.45373046875,36,128.92,0.05,0.1,2026-09-08 19:18:56,🚬菸屁股,HOLD,1
WMT,2026-10-16,130.0,0.08,3299,4,34.03386279296875,36,106.05,0.07,0.16,2026-09-08 14:51:55,🚬菸屁股,HOLD,1
RDDT,2026-10-16,300.0,0.04,846,4,100.9770576171875,36,149.38,0.0,0.79,2026-09-04 16:44:28,🚬菸屁股,HOLD,1
QCOM,2026-12-18,360.0,0.25,1597,4,69.31183032226562,99,174.09,0.01,1.55,2026-08-21 13:46:10,🚬菸屁股,HOLD,1
AMZN,2026-10-16,370.0,0.03,4463,4,44.6294599609375,36,256.97,0.02,0.08,2026-09-08 19:10:33,🚬菸屁股,HOLD,1
TSM,2026-09-18,540.0,0.01,1325,4,49.219257812500004,8,439.0,0.01,0.07,2026-09-08 14:49:28,🚬菸屁股,HOLD,1
TSM,2026-09-18,650.0,0.04,963,4,68.7503125,8,439.0,0.0,0.01,2026-08-19 17:34:08,🚬菸屁股,HOLD,1
BA,2026-12-18,350.0,0.14,2030,4,40.332627929687504,99,210.73,0.05,0.16,2026-09-08 15:17:57,🚬菸屁股,HOLD,1
ORCL,2026-12-18,360.0,0.7,3017,4,74.92700854492188,99,162.52,0.66,0.86,2026-09-08 18:46:10,🚬菸屁股,HOLD,1
ORCL,2027-01-15,420.0,0.5,1046,4,73.65748999023438,127,162.52,0.52,0.68,2026-09-04 17:08:59,🚬菸屁股,HOLD,1
F,2026-09-18,20.0,0.01,12257,4,93.7500625,8,14.0,0.0,0.02,2026-09-04 13:30:24,🚬菸屁股,HOLD,1
F,2027-01-15,22.0,0.09,1547,4,48.828636718750005,127,14.0,0.05,0.13,2026-08-14 19:13:12,🚬菸屁股,HOLD,1
F,2028-01-21,22.0,0.73,2025,4,44.434149414062496,498,14.0,0.65,0.95,2026-09-08 17:46:59,🔭LEAPS,HOLD,1
META,2026-09-18,770.0,0.11,2386,4,53.80905566406251,8,613.48,0.05,0.16,2026-09-08 19:30:09,🚬菸屁股,HOLD,1
META,2026-09-18,1060.0,0.02,1003,4,99.2187578125,8,613.48,0.0,0.03,2026-09-01 16:48:31,🚬菸屁股,HOLD,1
NVDA,2026-10-16,460.0,0.02,17122,3,67.18782812500001,36,225.73,0.0,0.02,2026-09-08 13:33:12,🚬菸屁股,HOLD,1
NVDA,2028-01-21,450.0,6.3,9856,3,44.82171878051757,498,225.73,6.1,7.2,2026-09-08 14:59:39,🔭LEAPS,HOLD,1
IBIT,2027-01-15,79.0,0.31,5268,3,53.76022802734376,127,44.39,0.24,0.29,2026-09-04 19:39:25,🚬菸屁股,HOLD,1
IBIT,2027-01-15,115.0,0.09,5475,3,68.16438085937502,127,44.39,0.07,0.11,2026-09-04 13:45:25,🚬菸屁股,HOLD,1
INTC,2028-01-21,55.0,59.7,5221,3,79.5778409423828,498,104.47,57.35,60.95,2026-09-08 17:03:54,🆕低基期(前日Vol1) 🔭LEAPS,HOLD,1
SMCI,2028-01-21,90.0,6.0,3492,3,83.92350061035157,498,40.26,6.1,6.7,2026-09-04 19:05:12,🔭LEAPS,HOLD,1
SMCI,2028-01-21,95.0,6.15,2612,3,84.0699835205078,498,40.26,5.6,6.35,2026-09-08 18:15:40,🔭LEAPS,HOLD,1
OKLO,2026-10-16,90.0,0.19,1534,3,120.70352148437497,36,43.31,0.16,0.4,2026-09-08 18:14:40,🚬菸屁股,HOLD,1
OKLO,2026-12-18,120.0,0.59,3600,3,107.81296093750001,99,43.31,0.36,0.78,2026-09-08 16:10:44,🚬菸屁股,HOLD,1
OKLO,2027-01-15,200.0,0.31,4074,3,112.79340478515624,127,43.31,0.04,0.42,2026-09-08 14:17:20,🚬菸屁股,HOLD,1
VST,2026-09-18,240.0,0.01,1266,3,119.53165234375001,8,151.72,0.0,0.26,2026-09-02 19:51:56,🚬菸屁股,HOLD,1
RKLB,2026-12-18,165.0,0.59,765,3,96.5820654296875,99,65.87,0.45,1.0,2026-09-08 18:16:43,🚬菸屁股,HOLD,1
RKLB,2028-01-21,175.0,7.4,3459,3,77.73459765625,498,65.87,5.0,8.2,2026-09-08 19:25:54,🔭LEAPS,HOLD,1
ASTS,2026-10-16,115.0,0.42,1490,3,92.9688203125,36,66.12,0.17,0.49,2026-09-08 17:49:19,🚬菸屁股,HOLD,1
ASTS,2026-10-16,150.0,0.18,2104,3,116.40666796875001,36,66.12,0.0,0.38,2026-09-08 15:01:31,🚬菸屁股,HOLD,1
ASTS,2027-01-15,185.0,0.55,1261,3,97.02151416015624,127,66.12,0.7,1.14,2026-08-31 14:19:13,🚬菸屁股,HOLD,1
UPST,2027-01-15,70.0,0.41,1691,3,79.687703125,127,26.98,0.0,0.33,2026-08-27 19:41:27,🚬菸屁股,HOLD,1
SOFI,2026-11-20,33.0,0.08,1473,3,71.87528125,71,18.01,0.08,0.1,2026-09-04 13:41:38,🚬菸屁股,HOLD,1
DKNG,2026-11-20,40.0,0.12,5796,3,64.062859375,71,23.87,0.05,0.2,2026-09-08 17:11:40,🚬菸屁股,HOLD,1
DKNG,2026-12-18,40.0,0.28,4121,3,61.914443359375014,99,23.87,0.2,0.28,2026-09-08 16:50:32,🚬菸屁股,HOLD,1
DKNG,2027-01-15,33.0,0.87,11666,3,60.44961425781252,127,23.87,0.83,1.17,2026-09-08 16:01:43,🚬菸屁股,HOLD,1
DKNG,2028-01-21,32.5,4.2,2429,3,60.705959350585935,498,23.87,4.0,4.4,2026-09-08 18:46:54,🔭LEAPS,HOLD,1
TDOC,2026-10-16,8.0,0.08,3158,3,63.281617187500004,36,6.26,0.05,0.11,2026-09-08 14:01:23,🚬菸屁股,HOLD,1
TDOC,2027-01-15,12.5,0.15,5063,3,82.81267187499999,127,6.26,0.06,0.25,2026-09-04 13:30:03,🚬菸屁股,HOLD,1
XYZ,2026-12-18,135.0,0.27,835,3,52.00243310546875,99,80.1,0.14,0.47,2026-09-02 14:10:49,🚬菸屁股,HOLD,1
NTLA,2027-01-15,20.0,0.75,5787,3,84.76577734374999,127,12.74,0.6,1.0,2026-09-08 13:48:27,🚬菸屁股,HOLD,1
PACB,2028-01-21,0.5,0.95,771,3,79.687703125,498,1.32,0.55,1.2,2026-09-08 18:08:15,🔭LEAPS,HOLD,1
HIMS,2026-12-18,80.0,0.2,3426,3,98.82813671875,99,28.17,0.07,0.33,2026-09-04 19:26:09,🚬菸屁股,HOLD,1
HIMS,2026-12-18,100.0,0.14,3321,3,111.13325683593752,99,28.17,0.08,0.24,2026-09-08 14:35:18,🚬菸屁股,HOLD,1
HIMS,2026-12-18,105.0,0.11,1387,3,120.11758691406249,99,28.17,0.1,0.35,2026-09-08 16:50:59,🆕低基期(前日Vol1) 🚬菸屁股,HOLD,1
HIMS,2027-01-15,55.0,0.84,1338,3,85.49819189453125,127,28.17,0.7,1.02,2026-09-08 16:54:00,🆕低基期(前日Vol1) 🚬菸屁股,HOLD,1
HIMS,2027-01-15,65.0,0.55,1461,3,90.47861083984375,127,28.17,0.5,0.66,2026-09-08 19:48:20,🚬菸屁股,HOLD,1
HIMS,2027-01-15,75.0,0.34,3378,3,93.0664755859375,127,28.17,0.28,0.48,2026-09-08 16:38:41,🚬菸屁股,HOLD,1
HIMS,2028-01-21,60.0,4.8,3656,3,84.91226025390624,498,28.17,4.65,5.15,2026-09-08 18:17:36,🔭LEAPS,HOLD,1
HIMS,2028-01-21,95.0,2.69,3036,3,87.34143518066406,498,28.17,2.46,3.1,2026-09-08 13:59:37,🔭LEAPS,HOLD,1
ONDS,2027-01-15,22.0,0.09,2423,3,107.42233789062503,127,7.62,0.06,0.26,2026-09-04 19:32:54,🚬菸屁股,HOLD,1
LUNR,2028-01-21,12.0,7.7,768,3,103.00341467285156,498,15.68,8.05,8.45,2026-09-08 13:34:22,🔭LEAPS,HOLD,1
LUNR,2028-01-21,30.0,4.2,984,3,102.17334069824217,498,15.68,4.2,4.55,2026-09-08 16:33:12,🔭LEAPS,HOLD,1
JOBY,2026-10-16,14.0,0.02,1837,3,121.09414453124998,36,6.84,0.0,0.1,2026-09-03 19:56:35,🚬菸屁股,HOLD,1
ACHR,2027-01-15,22.0,0.05,7399,3,108.203583984375,127,5.83,0.02,0.08,2026-09-02 18:49:46,🚬菸屁股,HOLD,1
SMR,2027-01-15,60.0,0.05,923,3,118.75040625,127,11.18,0.0,0.1,2026-09-04 17:36:18,🚬菸屁股,HOLD,1
PCG,2026-10-16,23.0,0.07,5032,3,87.10950390625,36,14.82,0.0,0.26,2026-08-28 16:53:30,🚬菸屁股,HOLD,1
WMT,2026-12-18,145.0,0.35,1979,3,31.86103295898437,99,106.05,0.1,0.25,2026-09-08 19:55:45,🚬菸屁股,HOLD,1
QCOM,2026-11-20,280.0,0.9,782,3,57.593197509765616,71,174.09,0.34,1.1,2026-09-08 17:11:43,🚬菸屁股,HOLD,1
AMZN,2026-11-20,370.0,0.43,3453,3,42.06600903320313,71,256.97,0.38,0.58,2026-09-08 18:22:30,🆕低基期(前日Vol1) 🚬菸屁股,HOLD,1
AMZN,2026-12-18,380.0,0.54,2419,3,39.063109374999996,99,256.97,0.52,0.7,2026-09-08 14:38:20,🚬菸屁股,HOLD,1
ORCL,2027-01-15,480.0,0.36,1099,3,76.17211328125,127,162.52,0.23,0.46,2026-09-08 16:57:49,🚬菸屁股,HOLD,1
META,2026-09-18,1030.0,0.01,829,3,98.437515625,8,613.48,0.0,0.05,2026-09-04 14:17:15,🚬菸屁股,HOLD,1
META,2026-09-18,1180.0,0.01,1106,3,117.1879140625,8,613.48,0.0,0.03,2026-09-04 15:18:46,🚬菸屁股,HOLD,1
META,2026-09-18,1200.0,0.02,889,3,110.9379453125,8,613.48,0.0,0.01,2026-08-28 15:31:50,🚬菸屁股,HOLD,1
META,2026-10-16,810.0,0.99,2731,3,44.93463269042969,36,613.48,0.94,1.08,2026-09-08 18:07:19,🚬菸屁股,HOLD,1
META,2026-10-16,825.0,0.75,4629,3,45.55718505859375,36,613.48,0.71,0.85,2026-09-08 18:10:07,🆕低基期(前日Vol1) 🚬菸屁股,HOLD,1
META,2026-10-16,830.0,0.6,6109,3,45.80132324218751,36,613.48,0.65,0.79,2026-09-04 19:27:48,🚬菸屁股,HOLD,1
META,2026-10-16,860.0,0.47,955,3,47.77884252929688,36,613.48,0.33,0.56,2026-09-08 16:55:01,🚬菸屁股,HOLD,1
META,2026-12-18,1150.0,0.5,1690,3,50.92822509765625,99,613.48,0.5,0.93,2026-09-04 16:45:43,🚬菸屁股,HOLD,1
META,2026-12-18,1250.0,0.21,1201,3,52.29539892578124,99,613.48,0.11,0.62,2026-09-04 19:43:26,🚬菸屁股,HOLD,1
META,2026-12-18,1300.0,0.34,9400,3,53.442848388671884,99,613.48,0.2,0.38,2026-09-08 19:59:58,🚬菸屁股,HOLD,1
META,2027-01-15,1400.0,0.22,1715,3,51.70946728515625,127,613.48,0.07,0.56,2026-09-02 18:33:27,🚬菸屁股,HOLD,1
COST,2026-09-18,1540.0,0.01,1172,3,92.9688203125,8,910.18,0.0,0.03,2026-08-14 15:48:27,🚬菸屁股,HOLD,1
TSLA,2027-01-15,950.0,0.6,16641,2,65.62534375000001,127,368.16,0.51,0.62,2026-09-08 15:30:42,🚬菸屁股,HOLD,1
NVDA,2026-09-18,420.0,0.01,7926,2,109.375453125,8,225.73,0.0,0.01,2026-08-27 17:30:19,🚬菸屁股,HOLD,1
IBIT,2026-12-18,75.0,0.22,10422,2,54.59029785156251,99,44.39,0.2,0.24,2026-09-08 15:46:45,🚬菸屁股,HOLD,1
IBIT,2028-01-21,85.0,2.93,14982,2,53.088848022460944,498,44.39,2.7,2.95,2026-09-08 16:23:39,🔭LEAPS,HOLD,1
IBIT,2028-06-16,65.0,7.35,6581,2,55.096884582519536,645,44.39,7.1,7.5,2026-09-04 14:44:24,🔭LEAPS,HOLD,1
COIN,2027-01-15,880.0,0.22,13638,2,99.023447265625,127,178.94,0.1,0.37,2026-09-08 19:19:51,🚬菸屁股,HOLD,1
INTC,2026-09-18,210.0,0.01,13067,2,131.25034374999998,8,104.47,0.0,0.01,2026-09-08 13:50:30,🚬菸屁股,HOLD,1
SMCI,2026-12-18,106.0,0.36,2332,2,96.679720703125,99,40.26,0.27,0.44,2026-08-21 19:41:15,🚬菸屁股,HOLD,1
OKLO,2026-11-20,105.0,0.49,955,2,108.10592822265626,71,43.31,0.33,0.51,2026-09-08 17:44:21,🚬菸屁股,HOLD,1
OKLO,2026-12-18,140.0,0.27,5818,2,110.54732226562503,99,43.31,0.21,0.5,2026-09-04 18:37:36,🚬菸屁股,HOLD,1
OKLO,2028-01-21,130.0,6.21,1355,2,92.9566134033203,498,43.31,5.5,6.65,2026-09-08 17:11:06,🔭LEAPS,HOLD,1
VST,2026-09-18,195.0,0.08,1248,2,80.07832421875,8,151.72,0.01,0.5,2026-09-04 19:57:44,🚬菸屁股,HOLD,1
VST,2026-09-18,235.0,0.06,829,2,140.13701806640623,8,151.72,0.0,1.0,2026-08-18 19:23:49,🚬菸屁股,HOLD,1
VST,2026-10-16,250.0,0.12,1579,2,78.51583984375,36,151.72,0.0,0.9,2026-08-18 14:03:38,🚬菸屁股,HOLD,1
VST,2027-01-15,255.0,0.79,867,2,53.99215930175782,127,151.72,1.0,1.79,2026-08-25 19:10:10,🚬菸屁股,HOLD,1
RKLB,2026-12-18,160.0,0.49,990,2,94.67778759765625,99,65.87,0.49,1.0,2026-09-04 16:55:47,🚬菸屁股,HOLD,1
RKLB,2026-12-18,210.0,0.32,1278,2,99.7070341796875,99,65.87,0.22,0.35,2026-09-08 18:45:04,🚬菸屁股,HOLD,1
RKLB,2027-01-15,185.0,0.72,883,2,91.65047412109377,127,65.87,0.46,0.85,2026-09-08 18:37:53,🚬菸屁股,HOLD,1
RKLB,2028-01-21,125.0,11.82,2068,2,80.48115222167968,498,65.87,11.2,12.55,2026-09-08 18:57:10,🔭LEAPS,HOLD,1
RKLB,2028-01-21,190.0,6.6,1043,2,80.87177331542968,498,65.87,6.0,7.0,2026-09-08 17:34:47,🔭LEAPS,HOLD,1
RKLB,2028-01-21,195.0,6.39,1935,2,81.45770495605468,498,65.87,6.0,6.75,2026-09-08 17:35:02,🔭LEAPS,HOLD,1
ASTS,2028-01-21,170.0,10.16,1546,2,89.56309265136717,498,66.12,9.8,10.7,2026-09-08 19:22:02,🔭LEAPS,HOLD,1
IONQ,2026-10-16,85.0,0.11,2357,2,115.234798828125,36,40.47,0.04,0.33,2026-09-08 19:52:12,🚬菸屁股,HOLD,1
IONQ,2027-01-15,110.0,0.36,2654,2,103.90673046875003,127,40.47,0.29,1.48,2026-09-04 15:58:50,🚬菸屁股,HOLD,1
IONQ,2028-01-21,85.0,6.69,1001,2,86.19398571777343,498,40.47,6.3,8.5,2026-09-04 17:31:41,🔭LEAPS,HOLD,1
UPST,2027-01-15,135.0,0.04,6747,2,102.34423828125001,127,26.98,0.02,0.07,2026-09-08 18:45:58,🚬菸屁股,HOLD,1
UPST,2028-01-21,25.0,10.7,956,2,80.59101440429689,498,26.98,10.0,10.9,2026-09-08 16:47:11,🔭LEAPS,HOLD,1
UPST,2028-01-21,45.0,5.59,775,2,76.8679071044922,498,26.98,4.8,5.75,2026-09-08 15:44:10,🔭LEAPS,HOLD,1
UPST,2028-01-21,80.0,2.68,1119,2,79.66328930664062,498,26.98,2.21,2.64,2026-09-01 17:55:26,🔭LEAPS,HOLD,1
SOFI,2026-11-20,35.0,0.09,1562,2,74.2190078125,71,18.01,0.06,0.08,2026-09-08 15:39:59,🚬菸屁股,HOLD,1
SOFI,2026-11-20,36.0,0.07,1019,2,77.73459765625,71,18.01,0.06,0.09,2026-09-08 15:39:59,🚬菸屁股,HOLD,1
SOFI,2028-06-16,32.0,3.1,12679,2,65.96713720703126,645,18.01,2.97,3.2,2026-09-08 15:57:13,🔭LEAPS,HOLD,1
SOFI,2028-06-16,45.0,1.91,4846,2,66.8948623046875,645,18.01,1.8,1.96,2026-09-04 14:38:04,🔭LEAPS,HOLD,1
DKNG,2026-09-18,45.0,0.01,6254,2,137.50031249999998,8,23.87,0.0,0.01,2026-09-08 17:55:15,🚬菸屁股,HOLD,1
DKNG,2026-12-18,38.0,0.27,1101,2,55.469195312500005,99,23.87,0.07,0.34,2026-09-04 16:55:43,🚬菸屁股,HOLD,1
DKNG,2027-01-15,42.0,0.28,1581,2,63.37927246093751,127,23.87,0.19,0.5,2026-09-03 19:57:21,🚬菸屁股,HOLD,1
DKNG,2027-01-15,80.0,0.05,1000,2,76.95335546875,127,23.87,0.0,0.05,2026-09-08 16:26:46,🚬菸屁股,HOLD,1
DKNG,2028-01-21,22.5,7.56,750,2,66.72396557617189,498,23.87,6.8,8.7,2026-09-04 14:50:28,🔭LEAPS,HOLD,1
DKNG,2028-01-21,60.0,0.98,4705,2,57.95940478515625,498,23.87,0.8,1.18,2026-08-31 18:58:29,🔭LEAPS,HOLD,1
PATH,2027-01-15,27.0,0.3,4942,2,78.0275634765625,127,14.01,0.25,0.38,2026-09-08 16:20:20,🚬菸屁股,HOLD,1
TDOC,2026-10-16,11.0,0.02,1222,2,100.78174609374999,36,6.26,0.01,0.08,2026-09-08 16:07:35,🚬菸屁股,HOLD,1
TDOC,2027-01-15,20.0,0.06,20338,2,103.12548437500001,127,6.26,0.02,0.13,2026-09-04 17:32:57,🚬菸屁股,HOLD,1
TDOC,2028-01-21,17.0,0.49,1201,2,72.55886816406249,498,6.26,0.24,0.73,2026-09-08 19:12:07,🔭LEAPS,HOLD,1
XYZ,2026-09-18,110.0,0.03,1097,2,111.328568359375,8,80.1,0.0,0.6,2026-09-08 13:48:32,🚬菸屁股,HOLD,1
XYZ,2026-12-18,145.0,0.2,1401,2,53.51608984375,99,80.1,0.05,0.33,2026-08-20 14:22:34,🚬菸屁股,HOLD,1
XYZ,2027-01-15,130.0,0.64,1496,2,50.586431640624994,127,80.1,0.44,0.69,2026-09-08 14:09:51,🚬菸屁股,HOLD,1
OPEN,2027-01-15,12.0,0.05,6249,2,125.00037499999999,127,3.07,0.05,0.06,2026-09-04 15:46:26,🚬菸屁股,HOLD,1
OPEN,2027-02-19,3.0,0.77,1546,2,88.67198828125,162,3.07,0.68,0.81,2026-09-08 19:58:38,🚬菸屁股,HOLD,1
OPEN,2028-01-21,12.0,0.44,4298,2,108.984830078125,498,3.07,0.38,0.61,2026-09-04 19:56:41,🔭LEAPS,HOLD,1
BEAM,2028-01-21,50.0,3.5,1966,2,64.70982556152343,498,26.83,1.95,4.2,2026-09-08 13:30:48,🔭LEAPS,HOLD,1
HIMS,2027-01-15,105.0,0.16,12535,2,97.85158398437501,127,28.17,0.03,0.22,2026-09-08 19:48:42,🚬菸屁股,HOLD,1
HIMS,2028-01-21,28.0,10.6,897,2,83.15446533203124,498,28.17,10.2,10.95,2026-09-08 17:41:08,🔭LEAPS,HOLD,1
HIMS,2028-01-21,90.0,2.89,4200,2,86.45033081054687,498,28.17,2.54,3.3,2026-09-08 14:54:16,🔭LEAPS,HOLD,1
ONDS,2027-01-15,27.0,0.06,7110,2,106.64109179687502,127,7.62,0.03,0.12,2026-09-03 13:47:18,🚬菸屁股,HOLD,1
JOBY,2026-10-16,13.0,0.02,818,2,95.312546875,36,6.84,0.01,0.03,2026-09-08 16:22:46,🚬菸屁股,HOLD,1
JOBY,2026-10-16,15.0,0.01,1662,2,128.125359375,36,6.84,0.0,0.09,2026-09-04 17:13:26,🚬菸屁股,HOLD,1
JOBY,2026-10-16,16.0,0.02,783,2,138.28155859374996,36,6.84,0.0,0.1,2026-08-28 17:53:19,🚬菸屁股,HOLD,1
JOBY,2027-01-15,32.0,0.02,1048,2,120.3128984375,127,6.84,0.01,0.1,2026-08-10 19:48:04,🚬菸屁股,HOLD,1
JOBY,2028-01-21,3.0,4.48,2577,2,94.726615234375,498,6.84,4.3,4.6,2026-09-08 18:13:00,🔭LEAPS,HOLD,1
ACHR,2027-01-15,17.0,0.06,9448,2,102.73486132812502,127,5.83,0.07,0.12,2026-09-04 19:33:33,🚬菸屁股,HOLD,1
SMR,2027-01-15,37.0,0.14,956,2,117.3832255859375,127,11.18,0.06,0.42,2026-09-08 13:51:07,🚬菸屁股,HOLD,1
SMR,2027-01-15,45.0,0.08,1556,2,113.67230664062502,127,11.18,0.04,0.17,2026-09-08 14:44:31,🚬菸屁股,HOLD,1
SMR,2027-01-15,80.0,0.07,10078,2,131.25034374999998,127,11.18,0.03,0.05,2026-09-08 14:52:28,🚬菸屁股,HOLD,1
NNE,2027-01-15,42.0,0.45,849,2,89.3555751953125,127,19.35,0.25,0.7,2026-09-08 17:02:08,🚬菸屁股,HOLD,1
NNE,2028-01-21,50.0,2.37,796,2,89.50205810546873,498,19.35,2.55,3.4,2026-09-04 18:26:25,🔭LEAPS,HOLD,1
CRWV,2028-01-21,195.0,9.96,3770,2,84.219518157959,498,99.83,18.45,19.6,2026-09-02 14:37:43,🔭LEAPS,HOLD,1
PCG,2026-09-18,19.5,0.04,1261,2,122.65663671875001,8,14.82,0.0,0.28,2026-09-04 13:38:59,🚬菸屁股,HOLD,1
PCG,2027-01-15,35.0,0.23,2666,2,78.711150390625,127,14.82,0.0,0.27,2026-09-04 19:54:21,🚬菸屁股,HOLD,1
TJX,2027-01-15,195.0,0.2,1031,2,33.1061376953125,127,128.92,0.0,0.2,2026-09-03 17:09:44,🚬菸屁股,HOLD,1
WMT,2026-09-18,145.0,0.01,4326,2,67.18782812500001,8,106.05,0.0,0.02,2026-09-08 15:38:57,🚬菸屁股,HOLD,1
WMT,2026-09-18,155.0,0.02,2397,2,79.687703125,8,106.05,0.0,0.02,2026-09-01 18:31:59,🚬菸屁股,HOLD,1
WMT,2026-11-20,145.0,0.12,1829,2,34.4733115234375,71,106.05,0.05,0.15,2026-09-04 16:38:35,🚬菸屁股,HOLD,1
WMT,2027-01-15,175.0,0.08,833,2,49.70753417968751,127,106.05,0.01,0.74,2026-09-03 14:47:34,🚬菸屁股,HOLD,1
RDDT,2026-10-16,250.0,0.27,1406,2,73.24245507812499,36,149.38,0.02,0.45,2026-09-08 17:17:55,🚬菸屁股,HOLD,1
QCOM,2026-09-18,270.0,0.16,3594,2,129.19957275390624,8,174.09,0.0,0.68,2026-09-08 17:43:15,🚬菸屁股,HOLD,1
QCOM,2026-09-18,290.0,0.07,2009,2,115.625421875,8,174.09,0.0,0.1,2026-09-08 17:45:34,🚬菸屁股,HOLD,1
QCOM,2026-10-16,280.0,0.51,900,2,69.43389941406251,36,174.09,0.0,0.6,2026-09-08 14:19:10,🚬菸屁股,HOLD,1
AMZN,2026-09-18,380.0,0.04,3922,2,75.7814921875,8,256.97,0.0,0.02,2026-09-08 18:48:10,🚬菸屁股,HOLD,1
AMZN,2026-09-18,410.0,0.01,1265,2,84.37515624999999,8,256.97,0.0,0.01,2026-09-03 14:15:08,🚬菸屁股,HOLD,1
AMZN,2026-12-18,400.0,0.3,1972,2,39.99083447265625,99,256.97,0.27,0.43,2026-09-08 14:12:33,🚬菸屁股,HOLD,1
MU,2026-10-16,1910.0,0.7,1038,2,86.0352958984375,36,1000.26,1.12,1.43,2026-09-04 13:37:27,🚬菸屁股,HOLD,1
BA,2026-12-18,290.0,0.87,3471,2,38.19641882324218,99,210.73,0.55,1.18,2026-09-08 16:28:41,🚬菸屁股,HOLD,1
BA,2028-01-21,350.0,7.6,1209,2,38.88305746459962,498,210.73,6.1,8.1,2026-09-08 19:02:50,🔭LEAPS,HOLD,1
ORCL,2027-01-15,380.0,0.93,2403,2,71.679970703125,127,162.52,0.8,1.0,2026-09-08 13:55:03,🚬菸屁股,HOLD,1
ORCL,2027-01-15,440.0,0.54,872,2,76.24535473632812,127,162.52,0.37,0.8,2026-09-08 16:33:45,🚬菸屁股,HOLD,1
ORCL,2028-01-21,430.0,8.7,1676,2,64.0750662841797,498,162.52,8.3,9.0,2026-09-08 18:30:11,🔭LEAPS,HOLD,1
F,2028-01-21,8.0,6.35,1375,2,62.40271972656251,498,14.0,6.0,6.95,2026-09-08 17:45:28,🔭LEAPS,HOLD,1
F,2028-01-21,10.0,4.87,2939,2,56.836369140624996,498,14.0,4.5,5.5,2026-09-08 16:36:18,🔭LEAPS,HOLD,1
META,2026-09-18,1020.0,0.07,1190,2,105.2739111328125,8,613.48,0.0,0.14,2026-09-08 13:40:03,🚬菸屁股,HOLD,1
META,2026-09-18,1140.0,0.01,870,2,110.9379453125,8,613.48,0.0,0.03,2026-09-04 13:43:04,🚬菸屁股,HOLD,1
META,2026-09-18,1290.0,0.02,828,2,121.875390625,8,613.48,0.0,0.01,2026-09-01 16:44:20,🚬菸屁股,HOLD,1
META,2026-09-18,1310.0,0.01,1710,2,133.59408203124997,8,613.48,0.0,0.03,2026-09-04 15:27:47,🚬菸屁股,HOLD,1
META,2026-10-16,1160.0,0.04,1879,2,62.890996093750005,36,613.48,0.01,0.07,2026-09-08 17:55:29,🚬菸屁股,HOLD,1
META,2026-10-16,1170.0,0.08,1023,2,64.25816992187501,36,613.48,0.01,0.08,2026-09-08 13:57:00,🚬菸屁股,HOLD,1
META,2026-12-18,1240.0,0.37,1843,2,51.807122558593754,99,613.48,0.1,0.63,2026-09-03 16:57:06,🚬菸屁股,HOLD,1
META,2026-12-18,1290.0,0.03,8563,2,52.29539892578124,99,613.48,0.03,0.48,2026-09-02 13:30:07,🚬菸屁股,HOLD,1
META,2026-12-18,1420.0,0.17,832,2,56.836369140624996,99,613.48,0.04,0.37,2026-09-03 18:21:36,🚬菸屁股,HOLD,1
META,2026-12-18,1430.0,0.15,977,2,56.055126953125,99,613.48,0.13,0.2,2026-09-08 14:44:31,🚬菸屁股,HOLD,1
TSLA,2026-12-18,750.0,0.8,6352,1,61.03554589843752,99,368.16,0.73,0.83,2026-09-08 17:08:33,🚬菸屁股,HOLD,1
TSLA,2028-01-21,850.0,14.95,6005,1,54.01809898376466,498,368.16,14.5,15.1,2026-09-08 15:30:17,🔭LEAPS,HOLD,1
NVDA,2026-09-18,390.0,0.01,7836,1,98.437515625,8,225.73,0.0,0.01,2026-09-04 19:34:08,🚬菸屁股,HOLD,1
NVDA,2026-09-18,410.0,0.01,5972,1,106.25046875000001,8,225.73,0.0,0.01,2026-09-03 16:42:25,🚬菸屁股,HOLD,1
MSFT,2026-09-18,600.0,0.02,6071,1,42.188078125,8,493.95,0.01,0.03,2026-09-08 19:30:46,🚬菸屁股,HOLD,1
IBIT,2027-01-15,95.0,0.15,17567,1,60.35195898437502,127,44.39,0.12,0.16,2026-09-08 15:10:17,🚬菸屁股,HOLD,1
IBIT,2028-01-21,95.0,2.12,5970,1,53.78464184570313,498,44.39,2.05,2.31,2026-09-08 14:34:56,🔭LEAPS,HOLD,1
IBIT,2028-01-21,96.0,2.05,10602,1,53.88229711914063,498,44.39,2.0,2.26,2026-09-08 14:34:56,🔭LEAPS,HOLD,1
IBIT,2028-06-16,40.0,15.3,6183,1,58.8993367919922,645,44.39,14.8,15.55,2026-09-08 16:56:34,🔭LEAPS,HOLD,1
SMCI,2026-12-18,100.0,0.41,9644,1,92.2852333984375,99,40.26,0.26,0.45,2026-09-08 15:35:58,🚬菸屁股,HOLD,1
OKLO,2026-11-20,115.0,0.47,859,1,108.49655126953124,71,43.31,0.05,0.5,2026-08-26 14:07:16,🚬菸屁股,HOLD,1
OKLO,2026-11-20,165.0,0.1,1141,1,134.18001660156247,71,43.31,0.0,0.44,2026-09-01 14:04:23,🚬菸屁股,HOLD,1
OKLO,2026-12-18,115.0,0.33,1335,1,104.98094384765626,99,43.31,0.43,0.74,2026-09-04 13:51:37,🚬菸屁股,HOLD,1
OKLO,2027-01-15,120.0,0.87,3079,1,103.71141894531253,127,43.31,0.7,1.06,2026-09-08 15:56:09,🚬菸屁股,HOLD,1
OKLO,2027-01-15,125.0,0.7,3399,1,104.39500927734377,127,43.31,0.7,0.88,2026-09-08 13:51:44,🚬菸屁股,HOLD,1
OKLO,2027-01-15,140.0,0.51,927,1,105.46922265625001,127,43.31,0.42,0.7,2026-09-04 13:31:22,🚬菸屁股,HOLD,1
OKLO,2027-01-15,175.0,0.21,1306,1,114.99065942382813,127,43.31,0.15,0.71,2026-09-02 14:51:47,🚬菸屁股,HOLD,1
OKLO,2027-01-15,230.0,0.24,1018,1,120.70352148437497,127,43.31,0.02,0.44,2026-09-08 15:40:41,🚬菸屁股,HOLD,1
OKLO,2028-01-21,145.0,4.2,1560,1,93.33502758789064,498,43.31,4.9,5.75,2026-09-02 18:17:10,🔭LEAPS,HOLD,1
VST,2026-09-18,215.0,0.38,9110,1,104.29735351562503,8,151.72,0.0,0.5,2026-09-02 14:26:58,🚬菸屁股,HOLD,1
VST,2026-09-18,250.0,0.05,7141,1,107.03171484375002,8,151.72,0.0,0.05,2026-09-08 18:05:32,🚬菸屁股,HOLD,1
VST,2026-12-18,280.0,0.47,883,1,57.86174951171875,99,151.72,0.12,0.9,2026-09-03 13:30:04,🚬菸屁股,HOLD,1
RKLB,2027-01-15,200.0,0.7,3524,1,94.92192578125,127,65.87,0.33,0.83,2026-09-08 19:59:49,🚬菸屁股,HOLD,1
RKLB,2028-01-21,185.0,6.75,1973,1,80.72529040527343,498,65.87,6.1,7.4,2026-09-08 18:37:29,🔭LEAPS,HOLD,1
ASTS,2028-01-21,145.0,11.55,1795,1,89.01378173828124,498,66.12,11.45,13.15,2026-09-08 14:08:41,🔭LEAPS,HOLD,1
ASTS,2028-01-21,155.0,10.2,944,1,89.20909228515625,498,66.12,11.15,11.65,2026-09-08 13:42:55,🔭LEAPS,HOLD,1
ASTS,2028-01-21,175.0,9.85,1216,1,88.50109155273438,498,66.12,9.15,10.0,2026-09-08 18:17:49,🔭LEAPS,HOLD,1
IONQ,2026-10-16,90.0,0.1,1114,1,128.7112939453125,36,40.47,0.07,0.44,2026-09-08 16:52:29,🚬菸屁股,HOLD,1
IONQ,2027-01-15,95.0,0.84,1477,1,90.47861083984375,127,40.47,0.58,0.98,2026-09-08 18:54:18,🚬菸屁股,HOLD,1
IONQ,2027-01-15,105.0,0.85,2566,1,100.0005,127,40.47,0.59,1.14,2026-09-08 15:16:13,🚬菸屁股,HOLD,1
UPST,2026-09-18,45.0,0.01,3574,1,135.93782031249998,8,26.98,0.0,0.06,2026-09-03 18:39:32,🚬菸屁股,HOLD,1
UPST,2026-09-18,50.0,0.03,5557,1,131.25034374999998,8,26.98,0.0,0.01,2026-09-03 17:03:33,🚬菸屁股,HOLD,1
UPST,2026-10-16,45.0,0.1,1451,1,87.500125,36,26.98,0.0,0.27,2026-09-03 19:28:13,🚬菸屁股,HOLD,1
UPST,2026-10-16,50.0,0.05,2324,1,99.804689453125,36,26.98,0.0,0.25,2026-09-02 16:47:25,🚬菸屁股,HOLD,1
UPST,2027-01-15,62.5,0.42,809,1,82.08025732421873,127,26.98,0.23,0.45,2026-09-03 18:58:52,🚬菸屁股,HOLD,1
UPST,2027-01-15,75.0,0.22,2724,1,85.54701953125,127,26.98,0.11,0.26,2026-09-08 16:28:22,🚬菸屁股,HOLD,1
UPST,2027-01-15,90.0,0.12,1381,1,99.41406835937501,127,26.98,0.0,0.43,2026-09-03 17:55:31,🚬菸屁股,HOLD,1
UPST,2027-01-15,100.0,0.04,6057,1,107.03171484375002,127,26.98,0.05,0.41,2026-09-08 18:06:42,🚬菸屁股,HOLD,1
UPST,2028-01-21,47.5,5.23,772,1,75.195560546875,498,26.98,3.95,5.45,2026-09-08 19:45:23,🔭LEAPS,HOLD,1
SOFI,2028-01-21,8.0,11.3,1644,1,78.32052929687501,498,18.01,10.9,11.25,2026-09-08 14:00:43,🔭LEAPS,HOLD,1
SOFI,2028-01-21,37.0,1.73,8098,1,64.99058447265625,498,18.01,1.7,1.76,2026-09-08 18:06:18,🔭LEAPS,HOLD,1
DKNG,2026-09-18,35.0,0.01,6078,1,87.500125,8,23.87,0.0,0.01,2026-09-08 14:54:48,🚬菸屁股,HOLD,1
DKNG,2026-09-18,37.5,0.07,2877,1,100.0005,8,23.87,0.0,0.01,2026-09-04 14:18:03,🚬菸屁股,HOLD,1
DKNG,2026-12-18,43.0,0.14,5481,1,63.47692773437501,99,23.87,0.1,0.23,2026-09-04 18:47:51,🚬菸屁股,HOLD,1
DKNG,2026-12-18,65.0,0.07,1810,1,93.945373046875,99,23.87,0.01,0.29,2026-09-03 15:27:12,🚬菸屁股,HOLD,1
DKNG,2026-12-18,70.0,0.03,6410,1,90.62509374999999,99,23.87,0.0,0.16,2026-08-27 14:16:37,🚬菸屁股,HOLD,1
DKNG,2027-01-15,50.0,0.11,14984,1,65.7229990234375,127,23.87,0.1,0.2,2026-09-08 14:01:42,🚬菸屁股,HOLD,1
DKNG,2028-01-21,20.0,8.93,1670,1,68.23762231445313,498,23.87,8.05,9.75,2026-09-04 13:29:59,🔭LEAPS,HOLD,1
DKNG,2028-01-21,25.0,6.29,4061,1,66.28451684570314,498,23.87,6.15,7.5,2026-09-08 14:32:33,🔭LEAPS,HOLD,1
IREN,2028-01-21,95.0,11.6,1200,1,95.9717199707031,498,46.93,10.6,11.6,2026-09-08 14:16:08,🔭LEAPS,HOLD,1
U,2028-01-21,47.0,11.95,7592,1,70.47148669433594,498,42.75,12.0,12.65,2026-09-08 18:51:24,🔭LEAPS,HOLD,1
PATH,2026-11-20,23.0,0.13,4301,1,64.45348046875,71,14.01,0.03,0.15,2026-09-08 16:44:58,🚬菸屁股,HOLD,1
PATH,2028-01-21,3.0,11.4,1176,1,91.992267578125,498,14.01,10.9,11.55,2026-09-08 13:51:35,🔭LEAPS,HOLD,1
ROKU,2027-01-15,200.0,0.2,1084,1,25.220474365234374,127,155.34,0.0,0.5,2026-08-31 14:52:07,🚬菸屁股,HOLD,1
TDOC,2028-01-21,3.0,3.5,2351,1,115.8207333984375,498,6.26,3.5,4.95,2026-09-04 13:48:57,🔭LEAPS,HOLD,1
ZM,2026-09-18,125.0,0.1,4872,1,91.60164648437501,8,96.44,0.0,0.59,2026-09-08 19:14:14,🚬菸屁股,HOLD,1
ZM,2026-09-18,130.0,0.03,1526,1,71.87528125,8,96.44,0.01,0.04,2026-09-08 16:33:43,🚬菸屁股,HOLD,1
ZM,2026-11-20,135.0,0.73,1707,1,53.979952392578134,71,96.44,0.3,1.02,2026-09-08 15:42:07,🚬菸屁股,HOLD,1
ZM,2028-01-21,135.0,10.7,843,1,51.67284655761719,498,96.44,10.35,12.2,2026-09-08 19:57:48,🔭LEAPS,HOLD,1
XYZ,2026-09-18,115.0,0.06,1141,1,127.05114599609372,8,80.1,0.0,0.7,2026-08-27 17:49:54,🚬菸屁股,HOLD,1
XYZ,2026-12-18,115.0,0.89,1012,1,50.22022436523439,99,80.1,0.8,0.99,2026-09-08 19:32:33,🚬菸屁股,HOLD,1
XYZ,2027-01-15,125.0,0.99,5155,1,50.879397460937504,127,80.1,0.55,0.94,2026-09-04 13:48:36,🚬菸屁股,HOLD,1
XYZ,2027-01-15,140.0,0.51,1304,1,51.97801928710937,127,80.1,0.35,0.56,2026-09-04 17:06:06,🚬菸屁股,HOLD,1
XYZ,2028-01-21,115.0,10.15,775,1,51.49584637451172,498,80.1,9.0,10.05,2026-09-03 15:01:15,🔭LEAPS,HOLD,1
XYZ,2028-01-21,120.0,8.7,1428,1,50.989259643554696,498,80.1,8.2,8.75,2026-09-08 14:19:24,🔭LEAPS,HOLD,1
OPEN,2026-10-16,7.0,0.01,2799,1,132.81283593749998,36,3.07,0.0,0.04,2026-09-08 15:32:05,🚬菸屁股,HOLD,1
OPEN,2027-01-15,9.0,0.09,5131,1,117.96916015624998,127,3.07,0.05,0.14,2026-09-04 13:30:35,🚬菸屁股,HOLD,1
CRSP,2026-09-18,75.0,0.05,1022,1,79.687703125,8,54.78,0.0,0.05,2026-09-08 15:14:39,🚬菸屁股,HOLD,1
NTLA,2027-01-15,25.0,0.45,1892,1,83.59391406249999,127,12.74,0.15,0.55,2026-09-04 17:57:00,🚬菸屁股,HOLD,1
NTLA,2028-01-21,7.5,7.5,1029,1,93.40826904296875,498,12.74,6.4,8.1,2026-09-08 16:07:02,🔭LEAPS,HOLD,1
PACB,2027-01-15,1.0,0.43,2173,1,128.125359375,127,1.32,0.3,0.75,2026-09-08 15:56:14,🚬菸屁股,HOLD,1
PACB,2027-01-15,5.0,0.05,3475,1,142.1877890625,127,1.32,0.0,0.1,2026-09-04 19:53:44,🚬菸屁股,HOLD,1
HIMS,2027-01-15,70.0,0.48,3866,1,91.992267578125,127,28.17,0.38,0.56,2026-09-08 15:51:59,🚬菸屁股,HOLD,1
HIMS,2027-01-15,100.0,0.19,10485,1,101.5629921875,127,28.17,0.12,0.28,2026-09-08 13:42:07,🚬菸屁股,HOLD,1
HIMS,2028-01-21,55.0,5.35,832,1,84.25308715820312,498,28.17,5.2,5.55,2026-09-08 17:22:25,🔭LEAPS,HOLD,1
HIMS,2028-01-21,75.0,3.7,1579,1,85.3639158935547,498,28.17,3.45,3.9,2026-09-08 15:44:45,🔭LEAPS,HOLD,1
HIMS,2028-01-21,80.0,3.55,1031,1,87.56115954589842,498,28.17,3.2,4.0,2026-09-08 19:33:09,🔭LEAPS,HOLD,1
KTOS,2027-01-15,110.0,0.38,874,1,73.29128271484375,127,48.2,0.25,0.45,2026-09-08 17:49:26,🚬菸屁股,HOLD,1
KTOS,2028-01-21,160.0,2.5,859,1,70.36162451171876,498,48.2,2.0,2.4,2026-09-01 14:52:42,🔭LEAPS,HOLD,1
ONDS,2026-10-16,18.0,0.03,1175,1,129.6878515625,36,7.62,0.0,0.07,2026-09-01 13:30:01,🚬菸屁股,HOLD,1
ONDS,2027-01-15,18.0,0.18,2220,1,96.289099609375,127,7.62,0.16,0.22,2026-09-03 16:52:48,🚬菸屁股,HOLD,1
ONDS,2027-01-15,19.0,0.14,1028,1,94.14068359375,127,7.62,0.02,0.26,2026-09-08 19:38:31,🚬菸屁股,HOLD,1
ONDS,2028-01-21,22.0,1.19,1014,1,93.01764794921876,498,7.62,0.97,1.28,2026-09-08 14:14:39,🔭LEAPS,HOLD,1
LUNR,2026-12-18,32.0,0.45,1035,1,94.8242705078125,99,15.68,0.29,0.46,2026-09-08 19:45:33,🚬菸屁股,HOLD,1
LUNR,2026-12-18,65.0,0.03,849,1,125.78162109374999,99,15.68,0.03,0.2,2026-09-04 17:36:32,🚬菸屁股,HOLD,1
LUNR,2027-01-15,40.0,0.37,4988,1,100.58643457031249,127,15.68,0.28,0.45,2026-09-08 19:17:37,🚬菸屁股,HOLD,1
JOBY,2026-11-20,17.0,0.06,1201,1,99.2187578125,71,6.84,0.01,0.06,2026-09-02 13:56:25,🚬菸屁股,HOLD,1
JOBY,2026-11-20,20.0,0.04,1870,1,110.9379453125,71,6.84,0.01,0.05,2026-09-04 13:46:53,🚬菸屁股,HOLD,1
JOBY,2027-01-15,27.0,0.03,1490,1,100.78174609374999,127,6.84,0.0,0.06,2026-08-24 17:27:12,🚬菸屁股,HOLD,1
JOBY,2027-01-15,35.0,0.02,2448,1,106.25046875000001,127,6.84,0.0,0.03,2026-08-31 13:30:03,🚬菸屁股,HOLD,1
JOBY,2028-01-21,25.0,0.49,3819,1,83.007982421875,498,6.84,0.44,0.55,2026-09-08 15:03:18,🔭LEAPS,HOLD,1
ACHR,2026-10-16,13.0,0.02,3734,1,125.00037499999999,36,5.83,0.01,0.05,2026-09-08 17:28:24,🚬菸屁股,HOLD,1
SMR,2027-01-15,65.0,0.07,842,1,130.85972070312496,127,11.18,0.01,0.15,2026-09-08 14:44:31,🚬菸屁股,HOLD,1
VRT,2026-09-18,400.0,0.05,1396,1,75.7814921875,8,290.83,0.0,0.15,2026-09-08 14:34:24,🚬菸屁股,HOLD,1
PCG,2026-10-16,22.0,0.17,2133,1,82.42205078125,36,14.82,0.05,0.24,2026-09-08 18:01:33,🚬菸屁股,HOLD,1
TJX,2026-09-18,150.0,0.03,1566,1,41.992767578125,8,128.92,0.0,0.05,2026-09-08 17:13:08,🚬菸屁股,HOLD,1
TJX,2026-09-18,160.0,0.04,1566,1,52.3442265625,8,128.92,0.0,0.05,2026-09-08 16:48:11,🚬菸屁股,HOLD,1
TJX,2026-09-18,180.0,0.03,2906,1,117.77384863281249,8,128.92,0.0,1.05,2026-09-04 15:04:14,🚬菸屁股,HOLD,1
TJX,2026-09-18,185.0,0.05,821,1,104.29735351562503,8,128.92,0.0,0.35,2026-08-26 17:43:44,🚬菸屁股,HOLD,1
TJX,2026-12-18,170.0,0.3,1197,1,30.371790039062496,99,128.92,0.15,0.4,2026-09-04 13:41:59,🚬菸屁股,HOLD,1
TJX,2027-01-15,175.0,0.45,1163,1,29.053443847656247,127,128.92,0.2,0.4,2026-09-03 13:42:33,🚬菸屁股,HOLD,1
WMT,2026-09-18,165.0,0.01,1863,1,106.25046875000001,8,106.05,0.0,0.09,2026-09-04 17:09:35,🚬菸屁股,HOLD,1
WMT,2026-09-18,195.0,0.02,9013,1,126.56286718749999,8,106.05,0.0,0.03,2026-08-21 16:42:58,🚬菸屁股,HOLD,1
WMT,2026-10-16,135.0,0.12,1665,1,38.67248828125,36,106.05,0.04,0.15,2026-09-08 13:59:17,🚬菸屁股,HOLD,1
WMT,2026-10-16,140.0,0.01,1202,1,37.11000390625,36,106.05,0.0,0.05,2026-09-04 19:13:27,🚬菸屁股,HOLD,1
WMT,2026-12-18,150.0,0.16,3146,1,33.35027587890625,99,106.05,0.11,0.2,2026-09-04 17:54:43,🚬菸屁股,HOLD,1
WMT,2026-12-18,155.0,0.2,1037,1,42.57869921875,99,106.05,0.0,0.53,2026-09-08 14:43:58,🚬菸屁股,HOLD,1
WMT,2026-12-18,165.0,0.08,1487,1,50.537604003906246,99,106.05,0.0,0.7,2026-09-01 14:27:25,🚬菸屁股,HOLD,1
WMT,2027-01-15,195.0,0.06,7948,1,42.774009765625,127,106.05,0.02,0.1,2026-09-03 19:34:01,🚬菸屁股,HOLD,1
WMT,2028-01-21,170.0,2.06,1847,1,31.256790954589842,498,106.05,1.66,2.26,2026-09-03 15:12:25,🔭LEAPS,HOLD,1
WMT,2028-01-21,180.0,1.47,904,1,31.104204589843743,498,106.05,1.4,1.62,2026-09-02 18:03:42,🔭LEAPS,HOLD,1
RDDT,2026-09-18,280.0,0.02,1792,1,115.625421875,8,149.38,0.0,0.01,2026-09-08 17:06:53,🚬菸屁股,HOLD,1
RDDT,2027-01-15,350.0,0.89,1977,1,73.24245507812499,127,149.38,0.64,1.23,2026-09-08 13:51:01,🚬菸屁股,HOLD,1
QCOM,2026-09-18,370.0,0.01,1831,1,134.37532812499998,8,174.09,0.0,0.01,2026-08-19 16:12:18,🚬菸屁股,HOLD,1
QCOM,2026-10-16,360.0,0.37,4607,1,97.55861816406251,36,174.09,0.0,0.56,2026-09-04 18:02:16,🚬菸屁股,HOLD,1
QCOM,2026-12-18,280.0,0.77,2808,1,55.06636730957033,99,174.09,1.02,1.66,2026-09-01 18:47:07,🚬菸屁股,HOLD,1
AMZN,2026-09-18,360.0,0.01,5945,1,77.148666015625,8,256.97,0.0,0.1,2026-09-03 16:09:03,🚬菸屁股,HOLD,1
TSM,2026-09-18,600.0,0.01,995,1,56.250437500000004,8,439.0,0.0,0.01,2026-09-03 16:00:28,🚬菸屁股,HOLD,1
TSM,2026-09-18,670.0,0.09,1769,1,83.98453515624999,8,439.0,0.0,0.05,2026-08-31 15:39:07,🚬菸屁股,HOLD,1
TSM,2026-11-20,670.0,0.27,1404,1,46.48491015625,71,439.0,0.5,0.87,2026-09-04 14:22:35,🚬菸屁股,HOLD,1
MU,2026-09-18,1440.0,0.32,763,1,87.5977802734375,8,1000.26,0.27,0.4,2026-09-08 17:46:45,🚬菸屁股,HOLD,1
BA,2026-09-18,300.0,0.01,3308,1,65.62534375000001,8,210.73,0.0,0.01,2026-09-04 16:06:46,🚬菸屁股,HOLD,1
BA,2026-09-18,325.0,0.01,806,1,79.687703125,8,210.73,0.0,0.01,2026-09-02 19:42:12,🚬菸屁股,HOLD,1
BA,2026-09-18,340.0,0.05,1073,1,107.03171484375002,8,210.73,0.0,0.1,2026-09-02 19:41:57,🚬菸屁股,HOLD,1
BA,2026-12-18,295.0,0.59,1149,1,37.036762451171874,99,210.73,0.56,0.83,2026-09-03 18:38:25,🚬菸屁股,HOLD,1
BA,2027-01-15,320.0,0.52,2559,1,37.94007373046875,127,210.73,0.2,0.73,2026-09-08 14:54:55,🚬菸屁股,HOLD,1
BA,2027-01-15,340.0,0.27,2317,1,39.99083447265625,127,210.73,0.1,0.52,2026-09-08 14:32:05,🚬菸屁股,HOLD,1
BA,2027-01-15,345.0,0.25,2200,1,40.60117993164062,127,210.73,0.05,0.49,2026-08-31 13:30:02,🚬菸屁股,HOLD,1
BA,2028-01-21,335.0,8.6,1073,1,39.819937744140624,498,210.73,7.2,10.25,2026-09-03 18:34:51,🔭LEAPS,HOLD,1
ORCL,2027-01-15,410.0,0.68,1429,1,73.07155834960936,127,162.52,0.54,0.77,2026-09-08 16:32:30,🚬菸屁股,HOLD,1
ORCL,2027-01-15,470.0,0.42,952,1,77.39280419921876,127,162.52,0.2,0.69,2026-09-08 16:33:36,🚬菸屁股,HOLD,1
ORCL,2028-01-21,410.0,10.4,1160,1,63.867548828124995,498,162.52,9.2,9.9,2026-09-08 13:33:05,🔭LEAPS,HOLD,1
F,2026-09-18,19.0,0.01,5405,1,75.00025000000001,8,14.0,0.0,0.01,2026-09-04 16:11:05,🚬菸屁股,HOLD,1
F,2026-09-18,21.0,0.01,10528,1,131.25034374999998,8,14.0,0.0,0.09,2026-08-25 14:41:20,🚬菸屁股,HOLD,1
F,2026-12-18,18.0,0.22,6266,1,44.14118359375,99,14.0,0.15,0.26,2026-09-08 13:44:23,🚬菸屁股,HOLD,1
F,2027-01-15,20.0,0.11,11684,1,45.703667968750004,127,14.0,0.0,0.2,2026-09-08 19:09:19,🚬菸屁股,HOLD,1
META,2026-09-18,820.0,0.16,1061,1,63.47692773437501,8,613.48,0.01,0.12,2026-09-08 13:48:16,🚬菸屁股,HOLD,1
META,2026-09-18,950.0,0.01,1890,1,84.37515624999999,8,613.48,0.0,0.05,2026-09-04 16:46:59,🚬菸屁股,HOLD,1
META,2026-09-18,1040.0,0.01,857,1,96.0937890625,8,613.48,0.0,0.03,2026-09-03 14:31:27,🚬菸屁股,HOLD,1
META,2026-09-18,1070.0,0.01,893,1,100.78174609374999,8,613.48,0.0,0.03,2026-08-31 13:40:29,🚬菸屁股,HOLD,1
META,2026-09-18,1130.0,0.01,914,1,109.375453125,8,613.48,0.0,0.03,2026-09-04 13:43:21,🚬菸屁股,HOLD,1
META,2026-09-18,1190.0,0.01,1721,1,114.0629296875,8,613.48,0.0,0.02,2026-09-04 13:44:23,🚬菸屁股,HOLD,1
META,2026-09-18,1210.0,0.01,2438,1,112.5004375,8,613.48,0.0,0.01,2026-09-08 16:47:37,🚬菸屁股,HOLD,1
META,2026-09-18,1240.0,0.02,1421,1,125.00037499999999,8,613.48,0.0,0.03,2026-09-02 13:37:07,🚬菸屁股,HOLD,1
META,2026-09-18,1300.0,0.01,2545,1,121.875390625,8,613.48,0.0,0.01,2026-09-04 14:06:05,🚬菸屁股,HOLD,1
META,2026-09-18,1330.0,0.01,1067,1,125.00037499999999,8,613.48,0.0,0.01,2026-09-08 13:31:13,🚬菸屁股,HOLD,1
META,2026-09-18,1450.0,0.01,1834,1,140.625296875,8,613.48,0.0,0.01,2026-09-02 13:57:34,🚬菸屁股,HOLD,1
META,2026-10-16,870.0,0.3,1011,1,50.07374145507812,36,613.48,0.16,0.64,2026-09-03 17:31:40,🚬菸屁股,HOLD,1
META,2026-11-20,1100.0,0.35,1385,1,52.93015820312501,71,613.48,0.22,0.64,2026-09-04 18:42:22,🚬菸屁股,HOLD,1
META,2026-11-20,1200.0,0.14,1212,1,55.469195312500005,71,613.48,0.03,0.41,2026-09-08 14:45:05,🚬菸屁股,HOLD,1
META,2026-12-18,1100.0,0.75,1316,1,51.03808728027344,99,613.48,0.79,1.15,2026-09-08 14:51:14,🚬菸屁股,HOLD,1
META,2026-12-18,1400.0,0.16,2517,1,54.19967675781252,99,613.48,0.0,0.29,2026-09-08 19:39:07,🚬菸屁股,HOLD,1
META,2027-01-15,1300.0,0.44,1534,1,52.07567456054687,127,613.48,0.26,0.69,2026-09-08 16:22:49,🚬菸屁股,HOLD,1
COST,2027-01-15,1600.0,0.15,2026,1,33.81413842773438,127,910.18,0.0,0.18,2026-09-08 15:51:37,🚬菸屁股,HOLD,1
CHPT,2027-01-15,15.0,0.7,1668,1,88.76964355468748,127,9.37,0.55,0.7,2026-09-08 15:17:12,🚬菸屁股,HOLD,1
DDD,2026-12-18,7.5,0.15,2509,1,114.0629296875,99,3.38,0.05,0.2,2026-08-31 15:23:26,🚬菸屁股,HOLD,1
DDD,2027-01-15,5.5,0.3,1002,1,90.23447265624999,127,3.38,0.1,0.35,2026-09-01 15:32:09,🚬菸屁股,HOLD,1
IBIT,2026-09-11,65.0,0.01,5385,4500,150.00025,1,44.39,0.0,0.01,2026-09-04 14:43:53,🎲末日結算 🆕新倉暴量 ⚠️IV頂峰 🚬菸屁股 ⚠️暴動高IV(150%),GAMBLE,-1
MU,2026-09-11,1500.0,0.03,1010,1115,135.93782031249998,1,1000.26,0.0,0.04,2026-09-08 18:38:52,🎲末日結算 🆕新倉暴量 🚬菸屁股 ⚠️尾段價外(50%) ⚠️暴動高IV(136%),GAMBLE,-1
IONQ,2026-09-11,55.0,0.01,1012,801,158.59395703124997,1,40.47,0.0,0.08,2026-09-08 18:07:54,🎲末日結算 🆕新倉暴量 ⚠️IV頂峰 🚬菸屁股 ⚠️暴動高IV(159%),GAMBLE,-1
IONQ,2026-09-11,53.0,0.02,1064,714,157.8127109375,1,40.47,0.02,0.13,2026-09-08 19:34:10,🎲末日結算 🆕新倉暴量 ⚠️IV頂峰 🚬菸屁股 ⚠️暴動高IV(158%),GAMBLE,-1
SMCI,2026-09-18,100.0,0.02,3784,1651,175.000125,8,40.26,0.0,0.01,2026-09-08 16:01:28,🆕新倉暴量 ⚠️IV頂峰 🚬菸屁股 ⚠️尾段價外(148%) ⚠️暴動高IV(175%),BUY_WATCH,-2
ORCL,2026-09-18,350.0,0.05,3155,1627,164.06267968749998,8,162.52,0.04,0.05,2026-09-08 19:45:03,🆕新倉暴量 ⚠️IV頂峰 🚬菸屁股 ⚠️尾段價外(115%) ⚠️暴動高IV(164%),BUY_WATCH,-2
IONQ,2026-09-18,100.0,0.02,3170,1042,193.75003125,8,40.47,0.0,0.03,2026-09-08 17:36:52,🆕新倉暴量 ⚠️IV頂峰 🚬菸屁股 ⚠️尾段價外(147%) ⚠️暴動高IV(194%),BUY_WATCH,-2
ORCL,2026-09-18,330.0,0.06,2640,661,154.6877265625,8,162.52,0.04,0.06,2026-09-08 19:57:04,🆕新倉暴量 ⚠️IV頂峰 🚬菸屁股 ⚠️尾段價外(103%) ⚠️暴動高IV(155%),BUY_WATCH,-2
