Stock,Expiry,Strike,Ask,OpenInterest,Volume,IV,DTE,Tags,Action,Score
F,2026-08-21,18.0,0.31,3533,7417,48.633326171875005,70,🚨異常掃貨 🚀點火(10.2x) 🚬菸屁股,STRONG_BUY,9
SMCI,2026-07-17,45.0,0.75,5054,6739,95.16606396484374,35,🚨異常掃貨 🚀點火(5.9x) 🚬菸屁股,STRONG_BUY,9
BLDP,2026-08-21,5.0,0.47,37257,15666,100.39112304687498,70,🚀點火(4.6x) 🚬菸屁股 🔥萬人塚,BUY_WATCH,8
F,2026-07-17,16.0,0.37,61958,13286,45.117736328125005,35,🚀點火(5.7x) 🚬菸屁股 🔥萬人塚,BUY_WATCH,8
F,2026-07-17,17.0,0.19,44217,10891,45.4107021484375,35,🚀點火(7.3x) 🚬菸屁股 🔥萬人塚,BUY_WATCH,8
MSFT,2026-08-21,470.0,5.85,8067,10286,40.46080047607422,70,🚨異常掃貨 🆕新倉暴量,STRONG_BUY,8
SOFI,2026-09-18,25.0,0.46,36789,6885,68.35969140625001,98,🚀點火(10.7x) 🚬菸屁股 🔥萬人塚,BUY_WATCH,8
RKLB,2026-07-17,160.0,4.34,1633,6174,110.30318286132817,35,🚨異常掃貨 🆕新倉暴量,STRONG_BUY,8
ASTS,2026-07-17,170.0,2.5,1015,3247,135.1077463378906,35,🚨異常掃貨 🆕新倉暴量,STRONG_BUY,8
SOFI,2026-09-18,40.0,0.09,30005,2540,85.742330078125,98,🚀點火(63.5x) 🚬菸屁股 🔥萬人塚,BUY_WATCH,8
ONDS,2027-01-15,30.0,0.62,84119,2342,110.54732226562503,217,🚀點火(4.2x) 🚬菸屁股 🔥萬人塚,BUY_WATCH,8
RKLB,2026-07-17,170.0,3.45,1774,2151,112.28071203613284,35,🚨異常掃貨 🆕新倉暴量,STRONG_BUY,8
KTOS,2026-07-17,70.0,1.87,962,2145,71.48466015625,35,🚨異常掃貨 🆕新倉暴量,STRONG_BUY,8
F,2026-09-18,17.0,0.59,42604,1306,46.045461425781255,98,🚀點火(3.1x) 🚬菸屁股 🔥萬人塚,BUY_WATCH,8
OPEN,2027-01-15,7.0,0.84,51496,1059,110.15669921875002,217,🚀點火(7.8x) 🚬菸屁股 🔥萬人塚,BUY_WATCH,8
SMCI,2026-07-17,33.0,3.25,814,1055,91.65047412109377,35,🚨異常掃貨 🆕新倉暴量,STRONG_BUY,8
IBIT,2026-09-18,55.0,0.2,35332,339,48.34036035156251,98,🚀點火(30.8x) 🚬菸屁股 🔥萬人塚,BUY_WATCH,8
ACHR,2026-07-17,10.0,0.02,32819,171,103.90673046875003,35,🚀點火(3.0x) 🚬菸屁股 🔥萬人塚,BUY_WATCH,8
IBIT,2027-01-15,80.0,0.26,31196,149,55.078574218750006,217,🚀點火(4.1x) 🚬菸屁股 🔥萬人塚,BUY_WATCH,8
SHOP,2026-09-18,195.0,0.83,82071,33,65.77182666015625,98,🚀點火(5.5x) 🚬菸屁股 🔥萬人塚,BUY_WATCH,8
BSX,2026-09-18,80.0,0.08,40419,26,48.04739453125,98,🚀點火(3.2x) 🚬菸屁股 🔥萬人塚,BUY_WATCH,8
SMCI,2026-06-12,33.0,0.46,7729,48674,92.9688203125,0,🎲末日結算 🚨異常掃貨 🆕新倉暴量 🚬菸屁股,GAMBLE,7
ORCL,2026-06-12,195.0,0.52,1494,22736,64.9417568359375,0,🎲末日結算 🚨異常掃貨 🆕新倉暴量 🚬菸屁股,GAMBLE,7
ORCL,2026-06-12,202.5,0.13,927,19048,73.5354208984375,0,🎲末日結算 🚨異常掃貨 🆕新倉暴量 🚬菸屁股,GAMBLE,7
GOOGL,2026-06-12,370.0,0.35,5707,13258,33.64324169921875,0,🎲末日結算 🚨異常掃貨 🆕新倉暴量 🚬菸屁股,GAMBLE,7
OPEN,2026-06-12,4.5,0.09,9226,13217,75.00025000000001,0,🎲末日結算 🚨異常掃貨 🆕新倉暴量 🚬菸屁股,GAMBLE,7
ORCL,2026-06-12,200.0,0.24,4036,13197,71.0940390625,0,🎲末日結算 🚨異常掃貨 🆕新倉暴量 🚬菸屁股,GAMBLE,7
SMCI,2026-06-12,32.0,0.83,8024,13136,89.45323046875,0,🎲末日結算 🚨異常掃貨 🆕新倉暴量 🚬菸屁股,GAMBLE,7
INTC,2026-06-12,125.0,0.48,9644,12484,79.7853583984375,0,🎲末日結算 🚨異常掃貨 🆕新倉暴量 🚬菸屁股,GAMBLE,7
GOOGL,2026-06-12,365.0,0.9,3083,11959,32.12958496093749,0,🎲末日結算 🚨異常掃貨 🆕新倉暴量 🚬菸屁股,GAMBLE,7
SMCI,2026-06-12,32.5,0.63,7929,11019,91.4063359375,0,🎲末日結算 🚨異常掃貨 🆕新倉暴量 🚬菸屁股,GAMBLE,7
MSTR,2026-06-12,133.0,0.25,7739,9347,93.0664755859375,0,🎲末日結算 🚨異常掃貨 🆕新倉暴量 🚬菸屁股,GAMBLE,7
META,2026-06-12,600.0,0.23,5079,8982,41.94393994140625,0,🎲末日結算 🚨異常掃貨 🆕新倉暴量 🚬菸屁股,GAMBLE,7
F,2026-06-12,14.5,0.29,2517,8921,40.62559375,0,🎲末日結算 🚨異常掃貨 🚀點火(3.0x) 🚬菸屁股,GAMBLE,7
IBIT,2026-06-12,35.5,0.69,6810,8445,36.32876171875,0,🎲末日結算 🚨異常掃貨 🆕新倉暴量 🚬菸屁股,GAMBLE,7
HIMS,2026-06-12,29.0,0.55,3341,7645,70.50810742187501,0,🎲末日結算 🚨異常掃貨 🆕新倉暴量 🚬菸屁股,GAMBLE,7
ONDS,2026-06-12,10.5,0.06,4043,7275,82.81267187499999,0,🎲末日結算 🚨異常掃貨 🆕新倉暴量 🚬菸屁股,GAMBLE,7
CRM,2026-06-12,172.5,0.52,2694,5600,48.7309814453125,0,🎲末日結算 🚨異常掃貨 🚀點火(2.5x) 🚬菸屁股,GAMBLE,7
SMR,2026-06-12,10.0,0.08,1241,5022,81.2501875,0,🎲末日結算 🚨異常掃貨 🆕新倉暴量 🚬菸屁股,GAMBLE,7
META,2026-06-12,585.0,0.84,1268,5009,34.03386279296875,0,🎲末日結算 🚨異常掃貨 🆕新倉暴量 🚬菸屁股,GAMBLE,7
DKNG,2026-06-12,31.0,0.08,1792,4839,42.9693203125,0,🎲末日結算 🚨異常掃貨 🆕新倉暴量 🚬菸屁股,GAMBLE,7
GOOGL,2026-06-12,367.5,0.59,3256,4647,32.83758569335937,0,🎲末日結算 🚨異常掃貨 🆕新倉暴量 🚬菸屁股,GAMBLE,7
META,2026-06-12,590.0,0.53,2102,4250,35.86489916992188,0,🎲末日結算 🚨異常掃貨 🆕新倉暴量 🚬菸屁股,GAMBLE,7
SMCI,2026-06-12,34.0,0.28,1986,4165,98.82813671875,0,🎲末日結算 🚨異常掃貨 🆕新倉暴量 🚬菸屁股,GAMBLE,7
ACHR,2026-06-12,5.5,0.05,1468,3851,70.312796875,0,🎲末日結算 🚨異常掃貨 🚀點火(3.5x) 🚬菸屁股,GAMBLE,7
SMCI,2026-06-12,33.5,0.33,1420,3774,97.6562734375,0,🎲末日結算 🚨異常掃貨 🆕新倉暴量 🚬菸屁股,GAMBLE,7
QCOM,2026-06-12,230.0,0.13,1500,3427,85.1563984375,0,🎲末日結算 🚨異常掃貨 🆕新倉暴量 🚬菸屁股,GAMBLE,7
HPQ,2026-06-12,25.0,0.17,900,3368,45.703667968750004,0,🎲末日結算 🚨異常掃貨 🆕新倉暴量 🚬菸屁股,GAMBLE,7
HOOD,2026-06-12,99.0,0.27,1948,2580,74.60962890625001,0,🎲末日結算 🚨異常掃貨 🆕新倉暴量 🚬菸屁股,GAMBLE,7
HOOD,2026-06-12,98.0,0.36,1303,2402,73.24245507812499,0,🎲末日結算 🚨異常掃貨 🆕新倉暴量 🚬菸屁股,GAMBLE,7
META,2026-06-12,595.0,0.36,1321,1841,38.42835009765625,0,🎲末日結算 🚨異常掃貨 🆕新倉暴量 🚬菸屁股,GAMBLE,7
CRM,2026-06-12,175.0,0.27,885,1442,50.6840869140625,0,🎲末日結算 🚨異常掃貨 🆕新倉暴量 🚬菸屁股,GAMBLE,7
NOW,2026-06-12,106.0,0.76,816,1304,60.15664843750002,0,🎲末日結算 🚨異常掃貨 🆕新倉暴量 🚬菸屁股,GAMBLE,7
MU,2026-06-12,1125.0,0.97,851,1191,91.6993017578125,0,🎲末日結算 🚨異常掃貨 🆕新倉暴量 🚬菸屁股,GAMBLE,7
CRWV,2026-06-12,103.0,0.32,905,1136,80.1759794921875,0,🎲末日結算 🚨異常掃貨 🆕新倉暴量 🚬菸屁股,GAMBLE,7
IBM,2026-06-12,285.0,0.54,818,1042,44.01911450195312,0,🎲末日結算 🚨異常掃貨 🆕新倉暴量 🚬菸屁股,GAMBLE,7
NVDA,2026-06-12,205.0,2.0,17179,226041,34.278000976562495,0,🎲末日結算 🚨異常掃貨 🚀點火(4.4x),GAMBLE,6
NVDA,2026-06-12,202.5,3.55,6726,163991,35.938140624999996,0,🎲末日結算 🚨異常掃貨 🆕新倉暴量,GAMBLE,6
NVDA,2026-06-12,210.0,0.53,44875,147236,36.57289990234375,0,🎲末日結算 🚨異常掃貨 🚬菸屁股 🔥萬人塚,GAMBLE,6
NVDA,2026-06-12,207.5,1.04,11212,143944,34.64420825195312,0,🎲末日結算 🚨異常掃貨 🚀點火(3.7x),GAMBLE,6
TSLA,2026-06-12,400.0,6.45,8412,93756,57.34905932617188,0,🎲末日結算 🚨異常掃貨 🆕新倉暴量,GAMBLE,6
AAPL,2026-06-12,297.5,1.02,8024,62983,20.581848876953124,0,🎲末日結算 🚨異常掃貨 🚀點火(3.4x),GAMBLE,6
INTC,2026-06-12,120.0,1.4,16292,54936,76.75804492187501,0,🎲末日結算 🚨異常掃貨 🆕新倉暴量,GAMBLE,6
NVDA,2026-06-12,200.0,5.4,10936,52217,37.0123486328125,0,🎲末日結算 🚨異常掃貨 🚀點火(4.9x),GAMBLE,6
NVDA,2026-06-12,212.5,0.28,38417,48986,38.867798828125,0,🎲末日結算 🚨異常掃貨 🚬菸屁股 🔥萬人塚,GAMBLE,6
AAPL,2026-06-12,292.5,3.7,6321,47682,23.1452998046875,0,🎲末日結算 🚨異常掃貨 🆕新倉暴量,GAMBLE,6
TSLA,2026-06-12,410.0,3.0,6307,40653,59.985751708984395,0,🎲末日結算 🚨異常掃貨 🆕新倉暴量,GAMBLE,6
INTC,2026-06-12,115.0,3.75,8250,35533,76.75804492187501,0,🎲末日結算 🚨異常掃貨 🆕新倉暴量,GAMBLE,6
SMCI,2026-06-12,30.0,2.11,4977,34001,87.10950390625,0,🎲末日結算 🚨異常掃貨 🆕新倉暴量,GAMBLE,6
TSLA,2026-06-12,415.0,2.04,6424,24742,61.52382226562501,0,🎲末日結算 🚨異常掃貨 🚀點火(3.0x),GAMBLE,6
AMD,2026-06-12,500.0,4.7,16498,23915,63.391479370117196,0,🎲末日結算 🚨異常掃貨 🆕新倉暴量,GAMBLE,6
GOOGL,2026-06-12,360.0,2.36,1420,22070,32.27606787109374,0,🎲末日結算 🚨異常掃貨 🆕新倉暴量,GAMBLE,6
ORCL,2026-06-12,190.0,1.17,761,21207,61.914443359375014,0,🎲末日結算 🚨異常掃貨 🆕新倉暴量,GAMBLE,6
HOOD,2026-06-12,93.0,1.52,3549,19676,68.7503125,0,🎲末日結算 🚨異常掃貨 🚀點火(3.3x),GAMBLE,6
SMCI,2026-06-12,31.0,1.4,2735,19466,89.45323046875,0,🎲末日結算 🚨異常掃貨 🆕新倉暴量,GAMBLE,6
AAPL,2026-06-12,290.0,5.9,6726,18720,25.00075,0,🎲末日結算 🚨異常掃貨 🆕新倉暴量,GAMBLE,6
INTC,2026-06-12,116.0,3.13,6879,18515,76.80687255859377,0,🎲末日結算 🚨異常掃貨 🆕新倉暴量,GAMBLE,6
META,2026-06-12,580.0,1.5,1964,17067,32.64227514648437,0,🎲末日結算 🚨異常掃貨 🆕新倉暴量,GAMBLE,6
TSLA,2026-06-12,407.5,3.68,6473,16173,58.74064697265625,0,🎲末日結算 🚨異常掃貨 🆕新倉暴量,GAMBLE,6
INTC,2026-06-12,113.0,5.2,8845,12959,78.51583984375,0,🎲末日結算 🚨異常掃貨 🚀點火(4.0x),GAMBLE,6
BLDP,2026-08-21,4.0,0.82,19054,11475,102.73486132812502,70,🚀點火(4.5x) 🚬菸屁股,BUY_WATCH,6
SMCI,2026-06-12,30.5,1.71,983,8809,86.7188828125,0,🎲末日結算 🚨異常掃貨 🆕新倉暴量,GAMBLE,6
GOOGL,2026-06-12,362.5,1.46,2968,5657,32.12958496093749,0,🎲末日結算 🚨異常掃貨 🆕新倉暴量,GAMBLE,6
RKLB,2026-06-12,115.0,4.93,1646,5559,145.5080849609375,0,🎲末日結算 🚨異常掃貨 🆕新倉暴量,GAMBLE,6
SOFI,2026-06-12,15.5,1.16,2073,4012,72.6565234375,0,🎲末日結算 🚨異常掃貨 🆕新倉暴量,GAMBLE,6
SMCI,2026-08-21,60.0,0.73,4473,3947,102.83251708984378,70,🚀點火(3.6x) 🚬菸屁股,BUY_WATCH,6
IBIT,2028-06-16,100.0,2.02,28614,3929,55.15181567382813,735,🚀點火(10.7x) 🔭LEAPS,BUY_WATCH,6
META,2026-06-12,577.5,1.97,1685,3490,31.958688232421867,0,🎲末日結算 🚨異常掃貨 🆕新倉暴量,GAMBLE,6
F,2028-01-21,25.0,1.0,12655,3358,48.633326171875005,588,🚀點火(23.6x) 🔭LEAPS,BUY_WATCH,6
F,2026-07-17,20.0,0.03,18893,3169,51.95360546875,35,🚀點火(22.3x) 🚬菸屁股,BUY_WATCH,6
CRWV,2026-06-12,95.0,2.74,840,3112,81.88494677734374,0,🎲末日結算 🚨異常掃貨 🆕新倉暴量,GAMBLE,6
QCOM,2026-06-12,210.0,1.65,1121,2992,69.92217578125,0,🎲末日結算 🚨異常掃貨 🚀點火(3.6x),GAMBLE,6
BLDP,2026-11-20,5.0,0.9,5009,2881,106.83640332031253,161,🆕新倉暴量 🚬菸屁股,BUY_WATCH,6
CRWV,2026-06-12,97.0,1.73,1848,2840,80.664255859375,0,🎲末日結算 🚨異常掃貨 🆕新倉暴量,GAMBLE,6
META,2026-06-12,582.5,1.11,1641,2799,32.813171874999995,0,🎲末日結算 🚨異常掃貨 🆕新倉暴量,GAMBLE,6
ASML,2026-06-12,2000.0,4.8,1115,2780,57.3368524169922,0,🎲末日結算 🚨異常掃貨 🆕新倉暴量,GAMBLE,6
SOFI,2026-06-12,15.0,1.59,1198,2772,110.9379453125,0,🎲末日結算 🚨異常掃貨 🆕新倉暴量,GAMBLE,6
AAPL,2026-09-18,400.0,0.3,10644,2487,27.393304199218747,98,🚀點火(16.1x) 🚬菸屁股,BUY_WATCH,6
SOFI,2026-07-17,18.0,0.72,17231,2370,58.789474609375006,35,🚀點火(3.1x) 🚬菸屁股,BUY_WATCH,6
CRWV,2026-06-12,98.0,1.34,780,2249,80.07832421875,0,🎲末日結算 🚨異常掃貨 🆕新倉暴量,GAMBLE,6
SOFI,2027-01-15,47.0,0.26,20428,1882,76.17211328125,217,🚀點火(8.3x) 🚬菸屁股,BUY_WATCH,6
BLDP,2026-08-21,6.0,0.3,4407,1732,105.46922265625001,70,🚀點火(38.5x) 🚬菸屁股,BUY_WATCH,6
OPEN,2026-09-18,15.0,0.09,7133,1651,126.56286718749999,98,🚀點火(14.1x) 🚬菸屁股,BUY_WATCH,6
F,2026-07-17,19.0,0.06,14901,1640,50.0005,35,🚀點火(4.7x) 🚬菸屁股,BUY_WATCH,6
MU,2026-06-12,1070.0,4.65,1104,1630,88.34240173339842,0,🎲末日結算 🚨異常掃貨 🆕新倉暴量,GAMBLE,6
GOOG,2026-07-17,440.0,0.51,6421,1506,37.47621118164062,35,🚀點火(17.9x) 🚬菸屁股,BUY_WATCH,6
MU,2026-06-12,1105.0,1.7,1229,1494,89.45323046875,0,🎲末日結算 🚨異常掃貨 🆕新倉暴量,GAMBLE,6
PATH,2026-08-21,13.0,0.59,3587,1408,70.117486328125,70,🚀點火(18.8x) 🚬菸屁股,BUY_WATCH,6
OKLO,2026-06-12,56.0,2.4,902,1348,81.83611914062499,0,🎲末日結算 🚨異常掃貨 🆕新倉暴量,GAMBLE,6
SMCI,2028-01-21,105.0,4.7,6726,1336,91.08895629882812,588,🚀點火(6.0x) 🔭LEAPS,BUY_WATCH,6
SOFI,2026-09-18,27.0,0.33,13026,1269,69.82452050781251,98,🚀點火(5.0x) 🚬菸屁股,BUY_WATCH,6
ORCL,2026-07-17,270.0,0.69,6163,1266,67.18782812500001,35,🆕新倉暴量 🚬菸屁股,BUY_WATCH,6
SMR,2026-07-17,11.0,0.78,1316,1141,96.87503124999999,35,🚀點火(3.9x) 🚬菸屁股,BUY_WATCH,6
F,2026-09-18,18.0,0.42,9568,1065,46.48491015625,98,🚀點火(31.3x) 🚬菸屁股,BUY_WATCH,6
NVDA,2028-01-21,260.0,33.93,7967,1033,49.87080158996582,588,🚀點火(7.9x) 🔭LEAPS,BUY_WATCH,6
NVDA,2028-01-21,280.0,27.62,7348,1008,49.55189608764648,588,🚀點火(32.5x) 🔭LEAPS,BUY_WATCH,6
IBIT,2027-01-15,83.0,0.24,5073,999,56.250437500000004,217,🚀點火(499.5x) 🚬菸屁股,BUY_WATCH,6
SOFI,2026-07-17,25.0,0.06,15711,979,70.70341796875,35,🚀點火(7.4x) 🚬菸屁股,BUY_WATCH,6
HOOD,2026-09-18,200.0,0.88,1462,925,82.81267187499999,98,🚀點火(12.7x) 🚬菸屁股,BUY_WATCH,6
NVDA,2026-08-21,420.0,0.09,8172,850,59.766027343750004,70,🚀點火(7.3x) 🚬菸屁股,BUY_WATCH,6
SMR,2028-01-21,10.0,5.1,5068,842,112.40278173828125,588,🚀點火(3.4x) 🔭LEAPS,BUY_WATCH,6
IBIT,2026-08-21,47.0,0.32,6586,838,43.89704541015625,70,🚀點火(5.2x) 🚬菸屁股,BUY_WATCH,6
OPEN,2027-01-15,9.0,0.59,2074,833,123.82850585937497,217,🚀點火(3.4x) 🚬菸屁股,BUY_WATCH,6
SMCI,2026-07-17,44.0,0.82,1174,818,93.79889013671875,35,🚀點火(3.8x) 🚬菸屁股,BUY_WATCH,6
BSX,2026-07-17,55.0,0.33,2402,815,39.69786865234375,35,🚀點火(8.0x) 🚬菸屁股,BUY_WATCH,6
ONDS,2026-07-17,14.0,0.29,8630,801,105.078599609375,35,🚀點火(3.5x) 🚬菸屁股,BUY_WATCH,6
SMR,2026-08-21,16.0,0.58,1913,788,119.23868505859376,70,🚀點火(46.4x) 🚬菸屁股,BUY_WATCH,6
ORCL,2026-08-21,350.0,0.8,1270,778,77.929908203125,70,🆕新倉暴量 🚬菸屁股,BUY_WATCH,6
ACHR,2026-07-17,6.0,0.3,6659,762,80.07832421875,35,🚀點火(3.6x) 🚬菸屁股,BUY_WATCH,6
ACHR,2028-01-21,7.0,1.99,21482,732,96.289099609375,588,🚀點火(7.2x) 🔭LEAPS,BUY_WATCH,6
ACHR,2026-07-17,5.0,0.7,1811,715,84.76577734374999,35,🚀點火(10.8x) 🚬菸屁股,BUY_WATCH,6
SOFI,2028-06-16,25.0,4.75,17825,689,74.92700854492188,735,🚀點火(3.3x) 🔭LEAPS,BUY_WATCH,6
CRM,2026-09-18,270.0,0.85,1861,681,52.31981274414061,98,🆕新倉暴量 🚬菸屁股,BUY_WATCH,6
MSFT,2028-01-21,500.0,43.05,8178,654,39.14626894378661,588,🚀點火(5.2x) 🔭LEAPS,BUY_WATCH,6
PLTR,2028-01-21,200.0,22.5,11270,640,61.51161535644532,588,🚀點火(10.7x) 🔭LEAPS,BUY_WATCH,6
CRM,2026-07-17,240.0,0.22,3145,622,54.73678076171876,35,🚀點火(7.1x) 🚬菸屁股,BUY_WATCH,6
ACHR,2026-10-16,6.0,0.9,4184,605,90.52743847656251,126,🚀點火(2.6x) 🚬菸屁股,BUY_WATCH,6
CRM,2028-01-21,390.0,7.3,2207,605,52.03295037841795,588,🚀點火(201.7x) 🔭LEAPS,BUY_WATCH,6
ACHR,2026-10-16,13.0,0.12,1708,581,96.48441015625,126,🚀點火(64.6x) 🚬菸屁股,BUY_WATCH,6
NVDA,2026-07-17,275.0,0.34,6746,570,47.70560107421875,35,🚀點火(4.3x) 🚬菸屁股,BUY_WATCH,6
CRM,2026-07-17,220.0,0.46,4581,558,50.0005,35,🚀點火(4.3x) 🚬菸屁股,BUY_WATCH,6
SOFI,2026-07-17,23.0,0.1,5298,551,65.23472265625001,35,🚀點火(3.8x) 🚬菸屁股,BUY_WATCH,6
SMR,2026-07-17,20.0,0.11,12803,548,136.71906640625,35,🚀點火(3.5x) 🚬菸屁股,BUY_WATCH,6
SMR,2028-01-21,15.0,4.1,7028,545,123.87733374023435,588,🚀點火(5.0x) 🔭LEAPS,BUY_WATCH,6
IBIT,2028-01-21,140.0,0.68,26151,539,57.95940478515625,588,🚀點火(3.0x) 🔭LEAPS,BUY_WATCH,6
DKNG,2026-09-18,40.0,0.84,8680,534,55.22505712890625,98,🚀點火(4.1x) 🚬菸屁股,BUY_WATCH,6
BLDP,2026-11-20,7.0,0.45,2090,508,111.71919140624999,161,🚀點火(14.1x) 🚬菸屁股,BUY_WATCH,6
CRM,2026-09-18,320.0,0.35,2562,507,58.25237060546875,98,🚀點火(2.7x) 🚬菸屁股,BUY_WATCH,6
ACHR,2027-01-15,15.0,0.28,25032,499,103.51610742187502,217,🚀點火(6.1x) 🚬菸屁股,BUY_WATCH,6
OPEN,2027-01-15,8.0,0.7,2017,490,109.08248583984377,217,🚀點火(6.2x) 🚬菸屁股,BUY_WATCH,6
SMR,2027-01-15,40.0,0.6,6763,485,122.8519482421875,217,🚀點火(80.8x) 🚬菸屁股,BUY_WATCH,6
SOFI,2026-08-21,32.0,0.11,7266,460,73.82838671875,70,🚀點火(38.3x) 🚬菸屁股,BUY_WATCH,6
ONDS,2028-01-21,12.0,4.45,11671,455,104.98094384765626,588,🚀點火(4.4x) 🔭LEAPS,BUY_WATCH,6
SMR,2026-07-17,14.0,0.28,3961,453,111.5238798828125,35,🚀點火(2.8x) 🚬菸屁股,BUY_WATCH,6
SOFI,2026-09-18,21.0,0.98,2508,446,66.45541357421877,98,🚀點火(7.0x) 🚬菸屁股,BUY_WATCH,6
IBIT,2026-07-17,46.0,0.12,8592,418,45.313046875000005,35,🚀點火(2.7x) 🚬菸屁股,BUY_WATCH,6
PLTR,2027-01-15,410.0,0.73,7601,409,69.89776196289064,217,🚀點火(10.2x) 🚬菸屁股,BUY_WATCH,6
IBIT,2028-06-16,90.0,2.58,14628,401,55.45698840332032,735,🚀點火(23.6x) 🔭LEAPS,BUY_WATCH,6
SOFI,2028-01-21,42.0,1.73,9604,401,72.9494892578125,588,🚀點火(15.4x) 🔭LEAPS,BUY_WATCH,6
PATH,2026-07-17,20.0,0.01,3140,400,99.2187578125,35,🚀點火(3.6x) 🚬菸屁股,BUY_WATCH,6
HPQ,2026-09-18,40.0,0.25,3831,369,59.570716796875004,98,🚀點火(3.5x) 🚬菸屁股,BUY_WATCH,6
NOW,2026-07-17,160.0,0.38,3987,368,74.414318359375,35,🚀點火(3.3x) 🚬菸屁股,BUY_WATCH,6
CRM,2027-01-15,550.0,0.3,5429,318,62.353892089843754,217,🚀點火(3.5x) 🚬菸屁股,BUY_WATCH,6
F,2026-08-21,16.0,0.71,975,316,47.26615234375,70,🚀點火(2.5x) 🚬菸屁股,BUY_WATCH,6
NTLA,2026-07-17,16.0,0.4,1474,307,90.039162109375,35,🚀點火(307.0x) 🚬菸屁股,BUY_WATCH,6
CRWV,2026-07-17,200.0,0.22,3134,300,103.51610742187502,35,🚀點火(4.2x) 🚬菸屁股,BUY_WATCH,6
OPEN,2026-10-16,10.0,0.25,3012,297,124.60975195312498,126,🚀點火(2.7x) 🚬菸屁股,BUY_WATCH,6
PATH,2026-09-18,14.0,0.73,3306,285,77.929908203125,98,🚀點火(3.3x) 🚬菸屁股,BUY_WATCH,6
CRM,2026-07-17,270.0,0.08,8167,280,62.2074091796875,35,🚀點火(3.0x) 🚬菸屁股,BUY_WATCH,6
OPEN,2026-08-21,11.0,0.06,1061,276,143.75028125,70,🚀點火(27.6x) 🚬菸屁股,BUY_WATCH,6
OKLO,2026-07-17,105.0,0.48,1161,273,107.22702636718753,35,🚀點火(15.2x) 🚬菸屁股,BUY_WATCH,6
NVDA,2028-06-16,350.0,22.8,5402,265,49.75331008911134,735,🚀點火(11.0x) 🔭LEAPS,BUY_WATCH,6
BLDP,2026-11-20,8.0,0.4,1027,261,106.83640332031253,161,🚀點火(3.6x) 🚬菸屁股,BUY_WATCH,6
AAPL,2026-07-17,360.0,0.08,5600,253,26.856200195312496,35,🚀點火(2.7x) 🚬菸屁股,BUY_WATCH,6
ONDS,2026-09-18,25.0,0.25,12464,245,114.0629296875,98,🚀點火(14.4x) 🚬菸屁股,BUY_WATCH,6
HPQ,2026-07-17,28.0,0.44,3126,243,51.27001855468749,35,🚀點火(6.2x) 🚬菸屁股,BUY_WATCH,6
ACHR,2027-01-15,12.0,0.43,18757,236,97.26565234374999,217,🚀點火(2.6x) 🚬菸屁股,BUY_WATCH,6
PLTR,2026-07-17,190.0,0.37,5868,235,62.109753906250006,35,🚀點火(2.6x) 🚬菸屁股,BUY_WATCH,6
OPEN,2026-07-17,10.0,0.03,6878,228,128.125359375,35,🚀點火(8.8x) 🚬菸屁股,BUY_WATCH,6
NOW,2027-01-15,344.0,0.83,4581,220,75.61059545898439,217,🚀點火(5.9x) 🚬菸屁股,BUY_WATCH,6
BLDP,2026-11-20,6.0,0.65,2983,216,103.12548437500001,161,🚀點火(2.9x) 🚬菸屁股,BUY_WATCH,6
SMR,2027-01-15,30.0,0.8,5297,211,120.50820996093749,217,🚀點火(4.1x) 🚬菸屁股,BUY_WATCH,6
IBIT,2028-01-21,80.0,2.14,6190,200,53.54050366210939,588,🚀點火(200.0x) 🔭LEAPS,BUY_WATCH,6
NVDA,2028-01-21,270.0,30.35,8174,191,49.67701690673829,588,🚀點火(6.4x) 🔭LEAPS,BUY_WATCH,6
VST,2026-07-17,190.0,0.89,3841,182,54.19967675781252,35,🚀點火(2.9x) 🚬菸屁股,BUY_WATCH,6
F,2028-01-21,15.0,2.85,8731,173,44.26325268554688,588,🚀點火(11.5x) 🔭LEAPS,BUY_WATCH,6
JOBY,2028-01-21,20.0,2.12,7488,172,95.21489160156248,588,🚀點火(11.5x) 🔭LEAPS,BUY_WATCH,6
HPQ,2026-08-21,31.0,0.5,1496,161,51.90477783203124,70,🚀點火(3.0x) 🚬菸屁股,BUY_WATCH,6
IBIT,2026-10-16,70.0,0.15,7287,158,56.34809277343751,126,🚀點火(14.4x) 🚬菸屁股,BUY_WATCH,6
INTC,2028-01-21,100.0,53.7,13926,155,85.27236407470704,588,🚀點火(3.0x) 🔭LEAPS,BUY_WATCH,6
ACHR,2028-01-21,3.0,3.2,3667,155,119.922275390625,588,🚀點火(5.0x) 🔭LEAPS,BUY_WATCH,6
NOW,2026-07-17,155.0,0.47,1199,155,72.51004052734375,35,🚀點火(2.9x) 🚬菸屁股,BUY_WATCH,6
PATH,2026-09-18,15.0,0.56,5590,154,78.711150390625,98,🚀點火(4.8x) 🚬菸屁股,BUY_WATCH,6
F,2027-01-15,20.0,0.64,1322,154,47.31497998046875,217,🚀點火(2.6x) 🚬菸屁股,BUY_WATCH,6
SOFI,2026-09-18,26.0,0.38,1368,138,68.4573466796875,98,🚀點火(23.0x) 🚬菸屁股,BUY_WATCH,6
OKLO,2026-07-17,115.0,0.33,815,135,118.9457177734375,35,🚀點火(13.5x) 🚬菸屁股,BUY_WATCH,6
SOFI,2026-11-20,25.0,0.93,2725,135,67.13900048828127,161,🚀點火(9.6x) 🚬菸屁股,BUY_WATCH,6
F,2028-01-21,20.0,1.54,3152,127,45.09332250976563,588,🚀點火(3.1x) 🔭LEAPS,BUY_WATCH,6
MSTR,2027-01-15,1080.0,0.56,9325,126,112.20747021484377,217,🚀點火(2.9x) 🚬菸屁股,BUY_WATCH,6
ORCL,2026-08-21,510.0,0.19,4137,125,85.937640625,70,🚀點火(2.6x) 🚬菸屁股,BUY_WATCH,6
QCOM,2026-07-17,370.0,0.81,2681,124,97.75392871093752,35,🚀點火(9.5x) 🚬菸屁股,BUY_WATCH,6
SOFI,2026-08-21,26.0,0.2,3997,122,70.70341796875,70,🚀點火(3.2x) 🚬菸屁股,BUY_WATCH,6
DKNG,2028-01-21,35.0,7.58,812,121,60.461821166992216,588,🚀點火(15.1x) 🔭LEAPS,BUY_WATCH,6
ZS,2026-07-17,180.0,0.51,911,119,64.11168701171876,35,🚀點火(5.4x) 🚬菸屁股,BUY_WATCH,6
XYZ,2026-07-17,80.0,0.97,2643,117,47.82767016601562,35,🚀點火(2.8x) 🚬菸屁股,BUY_WATCH,6
ORCL,2026-07-17,500.0,0.12,1112,117,119.72696386718751,35,🚀點火(14.6x) 🚬菸屁股,BUY_WATCH,6
UPST,2026-07-17,50.0,0.15,2436,113,80.664255859375,35,🚀點火(16.1x) 🚬菸屁股,BUY_WATCH,6
COIN,2027-01-15,880.0,0.65,13441,112,91.25985302734375,217,🚀點火(6.6x) 🚬菸屁股,BUY_WATCH,6
SOFI,2028-06-16,35.0,3.25,7380,109,73.16921362304687,735,🚀點火(4.0x) 🔭LEAPS,BUY_WATCH,6
SOFI,2028-01-21,23.0,4.37,3813,104,72.24148852539062,588,🚀點火(17.3x) 🔭LEAPS,BUY_WATCH,6
HPQ,2026-07-17,27.0,0.73,1606,103,50.97705273437501,35,🚀點火(4.0x) 🚬菸屁股,BUY_WATCH,6
SMR,2027-01-15,85.0,0.2,3149,101,140.4299853515625,217,🚀點火(7.2x) 🚬菸屁股,BUY_WATCH,6
TSCO,2026-10-16,45.0,0.45,1416,101,46.631393066406254,126,🚀點火(50.5x) 🚬菸屁股,BUY_WATCH,6
F,2026-07-17,21.0,0.03,2753,101,59.766027343750004,35,🚀點火(16.8x) 🚬菸屁股,BUY_WATCH,6
BLDP,2026-07-17,5.0,0.25,2071,97,101.172369140625,35,🚀點火(3.7x) 🚬菸屁股,BUY_WATCH,6
BSX,2028-01-21,50.0,11.38,1158,96,51.056397644042974,588,🚀點火(12.0x) 🔭LEAPS,BUY_WATCH,6
ORCL,2026-07-17,370.0,0.19,1065,96,95.89847851562499,35,🚀點火(10.7x) 🚬菸屁股,BUY_WATCH,6
HOOD,2026-07-17,145.0,0.6,2992,95,82.86149951171873,35,🚀點火(19.0x) 🚬菸屁股,BUY_WATCH,6
AAPL,2026-07-17,380.0,0.04,9874,87,30.4694453125,35,🚀點火(7.2x) 🚬菸屁股,BUY_WATCH,6
SMR,2027-01-15,65.0,0.26,856,85,131.25034374999998,217,🚀點火(42.5x) 🚬菸屁股,BUY_WATCH,6
ORCL,2026-08-21,450.0,0.49,2047,85,93.4570966796875,70,🚀點火(14.2x) 🚬菸屁股,BUY_WATCH,6
IBIT,2026-07-17,48.0,0.08,10383,80,49.60987890625,35,🚀點火(3.5x) 🚬菸屁股,BUY_WATCH,6
CRM,2026-08-21,300.0,0.22,1451,78,57.7152666015625,70,🚀點火(26.0x) 🚬菸屁股,BUY_WATCH,6
TDOC,2028-01-21,10.0,2.0,2036,77,77.39280419921876,588,🚀點火(77.0x) 🔭LEAPS,BUY_WATCH,6
ACHR,2028-01-21,12.0,1.24,3741,77,92.57819921875,588,🚀點火(4.1x) 🔭LEAPS,BUY_WATCH,6
SOFI,2028-06-16,27.0,4.5,4098,74,73.24245507812499,735,🚀點火(2.8x) 🔭LEAPS,BUY_WATCH,6
NOW,2026-08-21,220.0,0.44,878,74,87.30481445312499,70,🚀點火(74.0x) 🚬菸屁股,BUY_WATCH,6
HPQ,2026-08-21,30.0,0.69,6197,72,51.41650146484375,70,🚀點火(2.8x) 🚬菸屁股,BUY_WATCH,6
DKNG,2026-09-18,55.0,0.13,2551,71,64.3558251953125,98,🚀點火(71.0x) 🚬菸屁股,BUY_WATCH,6
PATH,2026-07-17,16.0,0.1,935,71,83.59391406249999,35,🚀點火(4.2x) 🚬菸屁股,BUY_WATCH,6
SMR,2028-01-21,5.0,6.47,1354,69,120.70352148437497,588,🚀點火(4.6x) 🔭LEAPS,BUY_WATCH,6
F,2027-01-15,24.0,0.27,1160,64,50.6840869140625,217,🚀點火(7.1x) 🚬菸屁股,BUY_WATCH,6
F,2028-01-21,8.0,6.9,1474,64,56.1527822265625,588,🚀點火(32.0x) 🔭LEAPS,BUY_WATCH,6
TSCO,2026-09-18,45.0,0.3,1176,60,47.7544287109375,98,🚀點火(12.0x) 🚬菸屁股,BUY_WATCH,6
IBIT,2026-07-17,55.0,0.04,6874,59,61.71913281250001,35,🚀點火(3.1x) 🚬菸屁股,BUY_WATCH,6
OKLO,2026-07-17,110.0,0.36,955,58,112.98871630859378,35,🚀點火(2.9x) 🚬菸屁股,BUY_WATCH,6
JOBY,2026-10-16,20.0,0.22,774,58,90.62509374999999,126,🚀點火(7.2x) 🚬菸屁股,BUY_WATCH,6
ACHR,2028-01-21,20.0,0.79,5778,58,97.55861816406251,588,🚀點火(3.1x) 🔭LEAPS,BUY_WATCH,6
MDT,2026-09-18,95.0,0.58,1385,57,29.90792749023437,98,🚀點火(4.4x) 🚬菸屁股,BUY_WATCH,6
F,2028-01-21,10.0,5.58,2840,57,44.5318046875,588,🚀點火(3.8x) 🔭LEAPS,BUY_WATCH,6
NVDA,2026-07-17,400.0,0.03,6009,56,70.312796875,35,🚀點火(5.6x) 🚬菸屁股,BUY_WATCH,6
IBIT,2026-08-21,65.0,0.08,19981,55,61.328511718750015,70,🚀點火(3.1x) 🚬菸屁股,BUY_WATCH,6
SOFI,2026-11-20,27.0,0.72,1271,53,68.7503125,161,🚀點火(3.1x) 🚬菸屁股,BUY_WATCH,6
ZM,2026-07-17,120.0,0.29,1065,53,50.92822509765625,35,🚀點火(3.3x) 🚬菸屁股,BUY_WATCH,6
OKLO,2026-09-18,260.0,0.38,1387,51,131.1526879882812,98,🚀點火(5.1x) 🚬菸屁股,BUY_WATCH,6
JOBY,2026-07-17,20.0,0.02,1722,51,117.96916015624998,35,🚀點火(17.0x) 🚬菸屁股,BUY_WATCH,6
CRM,2026-07-17,260.0,0.12,1065,51,61.81678808593751,35,🚀點火(5.7x) 🚬菸屁股,BUY_WATCH,6
IBIT,2026-09-18,54.0,0.23,5243,48,47.5591181640625,98,🚀點火(24.0x) 🚬菸屁股,BUY_WATCH,6
SMR,2028-01-21,3.0,7.5,1326,48,140.8206083984375,588,🚀點火(2.7x) 🔭LEAPS,BUY_WATCH,6
ORCL,2026-07-17,390.0,0.09,1071,48,103.46727954101564,35,🚀點火(24.0x) 🚬菸屁股,BUY_WATCH,6
IBIT,2028-01-21,55.0,4.95,5584,43,54.00436621093752,588,🚀點火(8.6x) 🔭LEAPS,BUY_WATCH,6
SOFI,2026-09-18,23.0,0.67,9180,43,67.33431103515628,98,🚀點火(4.8x) 🚬菸屁股,BUY_WATCH,6
SOFI,2026-11-20,29.0,0.59,800,42,69.62920996093752,161,🚀點火(5.2x) 🚬菸屁股,BUY_WATCH,6
SOFI,2028-06-16,42.0,2.66,3293,42,74.92700854492188,735,🚀點火(3.5x) 🔭LEAPS,BUY_WATCH,6
IBIT,2027-01-15,120.0,0.11,18721,40,66.99251757812502,217,🚀點火(40.0x) 🚬菸屁股,BUY_WATCH,6
SOFI,2026-09-18,28.0,0.29,1452,40,71.0940390625,98,🚀點火(3.1x) 🚬菸屁股,BUY_WATCH,6
UPST,2026-07-17,40.0,0.65,4226,38,73.633076171875,35,🚀點火(3.8x) 🚬菸屁股,BUY_WATCH,6
XYZ,2026-09-18,100.0,0.95,8936,35,53.39402075195312,98,🚀點火(7.0x) 🚬菸屁股,BUY_WATCH,6
OPEN,2026-07-17,9.0,0.04,2250,35,125.00037499999999,35,🚀點火(2.9x) 🚬菸屁股,BUY_WATCH,6
SOFI,2028-06-16,23.0,5.1,7068,34,74.58521508789062,735,🚀點火(6.8x) 🔭LEAPS,BUY_WATCH,6
SMR,2027-01-15,45.0,0.43,1339,33,124.70740771484374,217,🚀點火(8.2x) 🚬菸屁股,BUY_WATCH,6
BLDP,2026-07-17,7.0,0.05,1063,33,115.625421875,35,🚀點火(4.1x) 🚬菸屁股,BUY_WATCH,6
U,2026-08-21,40.0,0.63,7053,32,76.80687255859377,70,🚀點火(16.0x) 🚬菸屁股,BUY_WATCH,6
LUNR,2026-07-17,65.0,0.62,1673,32,142.67606787109375,35,🚀點火(3.2x) 🚬菸屁股,BUY_WATCH,6
SOFI,2026-10-16,30.0,0.31,1993,31,69.92217578125,126,🚀點火(3.9x) 🚬菸屁股,BUY_WATCH,6
UPST,2027-01-15,100.0,0.64,5688,28,88.37902246093749,217,🚀點火(4.0x) 🚬菸屁股,BUY_WATCH,6
SOFI,2028-01-21,27.0,3.4,4579,28,72.70535107421875,588,🚀點火(3.5x) 🔭LEAPS,BUY_WATCH,6
SMR,2027-01-15,37.0,0.56,821,28,127.05114599609372,217,🚀點火(14.0x) 🚬菸屁股,BUY_WATCH,6
PATH,2028-01-21,37.0,0.9,4548,27,78.12521875,588,🚀點火(5.4x) 🔭LEAPS,BUY_WATCH,6
ACHR,2026-10-16,11.0,0.19,4071,27,95.507857421875,126,🚀點火(2.7x) 🚬菸屁股,BUY_WATCH,6
SEDG,2026-07-17,90.0,0.74,1055,26,100.04932788085937,35,🚀點火(3.7x) 🚬菸屁股,BUY_WATCH,6
IBIT,2027-01-15,115.0,0.11,5633,25,65.03941210937501,217,🚀點火(12.5x) 🚬菸屁股,BUY_WATCH,6
DKNG,2026-09-18,45.0,0.41,6242,25,52.19774365234374,98,🚀點火(4.2x) 🚬菸屁股,BUY_WATCH,6
NTLA,2028-01-21,42.0,2.6,5911,25,105.2739111328125,588,🚀點火(12.5x) 🔭LEAPS,BUY_WATCH,6
HIMS,2028-01-21,45.0,8.73,1105,25,92.52937158203125,588,🚀點火(25.0x) 🔭LEAPS,BUY_WATCH,6
SOFI,2026-07-17,31.0,0.01,841,23,89.84385156249999,35,🚀點火(23.0x) 🚬菸屁股,BUY_WATCH,6
NVDA,2026-09-18,390.0,0.36,5393,22,54.44381494140625,98,🚀點火(2.8x) 🚬菸屁股,BUY_WATCH,6
PATH,2027-01-15,22.0,0.55,7703,22,85.40053662109376,217,🚀點火(7.3x) 🚬菸屁股,BUY_WATCH,6
F,2027-01-15,21.0,0.49,1985,22,47.90091162109375,217,🚀點火(11.0x) 🚬菸屁股,BUY_WATCH,6
NVDA,2026-09-18,400.0,0.31,12866,21,55.640092041015635,98,🚀點火(4.2x) 🚬菸屁股,BUY_WATCH,6
SOFI,2026-11-20,26.0,0.84,868,21,68.65265722656251,161,🚀點火(5.2x) 🚬菸屁股,BUY_WATCH,6
DKNG,2027-01-15,80.0,0.15,805,20,57.910577148437504,217,🚀點火(20.0x) 🚬菸屁股,BUY_WATCH,6
U,2028-01-21,25.0,10.66,876,20,77.56370092773439,588,🚀點火(20.0x) 🔭LEAPS,BUY_WATCH,6
CRWV,2026-07-17,165.0,0.4,814,19,95.507857421875,35,🚀點火(9.5x) 🚬菸屁股,BUY_WATCH,6
OPEN,2026-08-21,9.0,0.17,4115,18,119.922275390625,70,🚀點火(3.0x) 🚬菸屁股,BUY_WATCH,6
ONDS,2028-01-21,4.0,7.0,2217,18,106.93405908203127,588,🚀點火(18.0x) 🔭LEAPS,BUY_WATCH,6
NVDA,2028-01-21,310.0,23.31,9867,17,49.2314647216797,588,🚀點火(2.8x) 🔭LEAPS,BUY_WATCH,6
DKNG,2026-09-18,50.0,0.15,3110,17,58.5941640625,98,🚀點火(17.0x) 🚬菸屁股,BUY_WATCH,6
F,2028-01-21,22.0,1.36,1758,17,47.60794580078125,588,🚀點火(3.4x) 🔭LEAPS,BUY_WATCH,6
IBIT,2027-01-15,75.0,0.31,10892,16,53.22312402343749,217,🚀點火(8.0x) 🚬菸屁股,BUY_WATCH,6
NTLA,2028-01-21,15.0,5.5,1005,16,108.44772338867186,588,🚀點火(4.0x) 🔭LEAPS,BUY_WATCH,6
ONDS,2027-01-15,27.0,0.72,7461,16,102.93017285156252,217,🚀點火(8.0x) 🚬菸屁股,BUY_WATCH,6
SMCI,2028-01-21,55.0,8.54,784,15,90.24667956542969,588,🚀點火(15.0x) 🔭LEAPS,BUY_WATCH,6
PATH,2027-01-15,25.0,0.52,13386,15,84.961087890625,217,🚀點火(5.0x) 🚬菸屁股,BUY_WATCH,6
TDOC,2027-01-15,12.5,0.55,1344,15,83.789224609375,217,🚀點火(3.8x) 🚬菸屁股,BUY_WATCH,6
CRWV,2026-09-18,270.0,0.55,822,15,98.9257919921875,98,🚀點火(2.5x) 🚬菸屁股,BUY_WATCH,6
TSCO,2026-10-16,40.0,0.95,1524,14,47.730014892578126,126,🚀點火(14.0x) 🚬菸屁股,BUY_WATCH,6
GOOG,2026-07-17,485.0,0.16,5987,13,45.06890869140625,35,🚀點火(2.6x) 🚬菸屁股,BUY_WATCH,6
ACHR,2027-01-15,17.0,0.21,9827,13,102.53954980468751,217,🚀點火(6.5x) 🚬菸屁股,BUY_WATCH,6
NEE,2028-01-21,110.0,4.9,1255,13,29.645478942871094,588,🚀點火(3.2x) 🔭LEAPS,BUY_WATCH,6
VST,2026-07-17,230.0,0.24,1283,12,73.92604199218749,35,🚀點火(6.0x) 🚬菸屁股,BUY_WATCH,6
UPST,2026-09-18,70.0,0.3,952,12,87.0118486328125,98,🚀點火(12.0x) 🚬菸屁股,BUY_WATCH,6
CRWV,2026-07-17,185.0,0.18,1060,12,101.66064794921877,35,🚀點火(12.0x) 🚬菸屁股,BUY_WATCH,6
BSX,2026-07-17,65.0,0.05,3280,12,52.734847656250004,35,🚀點火(6.0x) 🚬菸屁股,BUY_WATCH,6
IBIT,2027-01-15,140.0,0.08,28934,11,72.07059179687501,217,🚀點火(3.7x) 🚬菸屁股,BUY_WATCH,6
SOFI,2028-01-21,37.0,2.16,8097,11,72.58328198242188,588,🚀點火(11.0x) 🔭LEAPS,BUY_WATCH,6
DKNG,2028-01-21,60.0,2.82,4683,11,60.43740734863283,588,🚀點火(11.0x) 🔭LEAPS,BUY_WATCH,6
BSX,2026-09-18,75.0,0.13,3834,11,46.19194433593751,98,🚀點火(5.5x) 🚬菸屁股,BUY_WATCH,6
ACHR,2026-10-16,12.0,0.15,7108,10,97.6562734375,126,🚀點火(3.3x) 🚬菸屁股,BUY_WATCH,6
JOBY,2026-08-21,14.0,0.32,2596,8,83.007982421875,70,🚀點火(8.0x) 🚬菸屁股,BUY_WATCH,6
JOBY,2026-08-21,16.0,0.17,1111,8,86.914193359375,70,🚀點火(8.0x) 🚬菸屁股,BUY_WATCH,6
HPQ,2028-01-21,18.0,8.67,2053,8,50.24463818359376,588,🚀點火(4.0x) 🔭LEAPS,BUY_WATCH,6
IBIT,2028-01-21,62.0,3.8,5488,7,53.76022802734376,588,🚀點火(3.5x) 🔭LEAPS,BUY_WATCH,6
TDOC,2026-07-17,10.0,0.09,3037,7,71.48466015625,35,🚀點火(3.5x) 🚬菸屁股,BUY_WATCH,6
PACB,2028-01-21,3.0,0.49,1126,6,134.57063964843746,588,🚀點火(3.0x) 🔭LEAPS,BUY_WATCH,6
KTOS,2026-07-17,85.0,0.42,1191,6,74.31666308593749,35,🚀點火(6.0x) 🚬菸屁股,BUY_WATCH,6
OKLO,2026-07-17,150.0,0.09,1480,5,138.47687011718747,35,🚀點火(2.5x) 🚬菸屁股,BUY_WATCH,6
U,2026-08-21,38.0,0.78,3841,5,74.414318359375,70,🚀點火(5.0x) 🚬菸屁股,BUY_WATCH,6
TDOC,2028-01-21,7.0,2.82,2236,3,77.00218310546876,588,🚀點火(3.0x) 🔭LEAPS,BUY_WATCH,6
SMCI,2026-07-17,30.0,4.7,6083,7333,93.89654541015625,35,🚨異常掃貨,STRONG_BUY,5
AAPL,2026-09-18,285.0,23.8,41375,5082,30.29244512939453,98,🚀點火(42.0x) 🔥萬人塚,HOLD,5
MSFT,2026-08-21,460.0,6.95,65779,4934,39.56054092407227,70,🚀點火(9.3x) 🔥萬人塚,HOLD,5
F,2027-01-15,5.0,4.45,1087,3633,0.0010000000000000002,217,🚨異常掃貨,STRONG_BUY,5
NVDA,2026-09-18,240.0,7.78,39066,2331,45.14825360107422,98,🚀點火(2.9x) 🔥萬人塚,HOLD,5
AAPL,2026-08-21,345.0,1.5,91297,1620,25.965095825195316,70,🚀點火(5.3x) 🔥萬人塚,HOLD,5
NVDA,2026-09-18,190.0,27.55,103046,1590,48.126739440917966,98,🚀點火(8.7x) 🔥萬人塚,HOLD,5
NVDA,2027-01-15,290.0,7.24,37779,684,46.83891052246094,217,🚀點火(3.1x) 🔥萬人塚,HOLD,5
SHOP,2026-09-18,100.0,18.43,47915,42,65.7229990234375,98,🚀點火(8.4x) 🔥萬人塚,HOLD,5
AAPL,2026-06-12,300.0,0.44,12648,73786,21.192194335937497,0,🎲末日結算 🚨異常掃貨 🚬菸屁股,GAMBLE,4
SOFI,2026-06-12,16.5,0.35,20106,38584,52.3442265625,0,🎲末日結算 🚨異常掃貨 🚬菸屁股,GAMBLE,4
HOOD,2026-06-12,95.0,0.86,12656,24401,70.117486328125,0,🎲末日結算 🚨異常掃貨 🚬菸屁股,GAMBLE,4
IBIT,2026-06-12,36.0,0.36,18957,23926,32.422550781249996,0,🎲末日結算 🚨異常掃貨 🚬菸屁股,GAMBLE,4
HOOD,2026-06-12,100.0,0.2,15980,20071,77.73459765625,0,🎲末日結算 🚨異常掃貨 🚬菸屁股,GAMBLE,4
SOFI,2026-06-12,16.0,0.71,5732,17752,55.469195312500005,0,🎲末日結算 🚨異常掃貨 🚬菸屁股,GAMBLE,4
INTC,2026-06-12,130.0,0.16,17365,16227,85.1563984375,0,🎲末日結算 🆕新倉暴量 🚬菸屁股,GAMBLE,4
NVDA,2026-06-12,217.5,0.08,15933,15301,44.0435283203125,0,🎲末日結算 🆕新倉暴量 🚬菸屁股,GAMBLE,4
SMCI,2026-06-12,35.0,0.17,4981,14783,105.85984570312502,0,🎲末日結算 🚨異常掃貨 🚬菸屁股,GAMBLE,4
AAPL,2026-06-12,305.0,0.09,9100,14408,24.219507812499998,0,🎲末日結算 🚨異常掃貨 🚬菸屁股,GAMBLE,4
TSLA,2026-06-12,430.0,0.61,15697,11709,67.23665576171877,0,🎲末日結算 🆕新倉暴量 🚬菸屁股,GAMBLE,4
PLTR,2026-06-12,138.0,0.15,8789,11163,48.242705078125006,0,🎲末日結算 🚨異常掃貨 🚬菸屁股,GAMBLE,4
COIN,2026-06-12,175.0,0.17,16838,10599,68.555001953125,0,🎲末日結算 🆕新倉暴量 🚬菸屁股,GAMBLE,4
ONDS,2026-06-12,10.0,0.16,10611,9417,76.562734375,0,🎲末日結算 🆕新倉暴量 🚬菸屁股,GAMBLE,4
IREN,2026-06-12,60.0,0.49,6131,8740,93.7500625,0,🎲末日結算 🚨異常掃貨 🚬菸屁股,GAMBLE,4
COIN,2026-06-12,167.5,0.7,14146,8560,61.76796044921876,0,🎲末日結算 🆕新倉暴量 🚬菸屁股,GAMBLE,4
MSTR,2026-06-12,126.0,0.85,13864,7096,79.5900478515625,0,🎲末日結算 🆕新倉暴量 🚬菸屁股,GAMBLE,4
DKNG,2026-06-12,30.0,0.39,5061,6494,45.117736328125005,0,🎲末日結算 🚨異常掃貨 🚬菸屁股,GAMBLE,4
AAPL,2026-06-12,307.5,0.05,9083,6444,26.563234375,0,🎲末日結算 🆕新倉暴量 🚬菸屁股,GAMBLE,4
GOOGL,2026-06-12,375.0,0.15,10017,6231,36.32876171875,0,🎲末日結算 🆕新倉暴量 🚬菸屁股,GAMBLE,4
GOOGL,2026-06-12,382.5,0.06,6223,6230,41.602146484375,0,🎲末日結算 🆕新倉暴量 🚬菸屁股,GAMBLE,4
TSLA,2026-06-12,435.0,0.43,18402,5944,69.5315546875,0,🎲末日結算 🆕新倉暴量 🚬菸屁股,GAMBLE,4
CRWV,2026-06-12,100.0,0.78,3079,5897,79.101771484375,0,🎲末日結算 🚨異常掃貨 🚬菸屁股,GAMBLE,4
ORCL,2026-06-12,210.0,0.09,5840,5803,85.54701953125,0,🎲末日結算 🆕新倉暴量 🚬菸屁股,GAMBLE,4
MSTR,2026-06-12,140.0,0.07,6503,5757,103.51610742187502,0,🎲末日結算 🆕新倉暴量 🚬菸屁股,GAMBLE,4
PLTR,2026-06-12,140.0,0.08,9258,5439,50.0005,0,🎲末日結算 🆕新倉暴量 🚬菸屁股,GAMBLE,4
F,2026-06-12,15.5,0.02,12478,5121,53.12546875,0,🎲末日結算 🆕新倉暴量 🚬菸屁股,GAMBLE,4
ORCL,2026-06-12,220.0,0.03,10834,4694,94.5313046875,0,🎲末日結算 🆕新倉暴量 🚬菸屁股,GAMBLE,4
GOOGL,2026-06-12,372.5,0.22,6527,4425,34.91276025390625,0,🎲末日結算 🆕新倉暴量 🚬菸屁股,GAMBLE,4
PLTR,2026-06-12,143.0,0.03,5366,4404,55.469195312500005,0,🎲末日結算 🆕新倉暴量 🚬菸屁股,GAMBLE,4
ORCL,2026-06-12,225.0,0.01,6481,4200,99.2187578125,0,🎲末日結算 🆕新倉暴量 🚬菸屁股,GAMBLE,4
TSLA,2026-06-12,460.0,0.13,6821,3973,86.132951171875,0,🎲末日結算 🆕新倉暴量 🚬菸屁股,GAMBLE,4
NOW,2026-06-12,110.0,0.22,2073,3946,66.21127539062502,0,🎲末日結算 🚨異常掃貨 🚬菸屁股,GAMBLE,4
GOOGL,2026-06-12,380.0,0.07,4085,3550,40.430283203125,0,🎲末日結算 🆕新倉暴量 🚬菸屁股,GAMBLE,4
HPQ,2026-06-12,25.5,0.05,3455,3539,46.87553125,0,🎲末日結算 🆕新倉暴量 🚬菸屁股,GAMBLE,4
NBIS,2026-06-12,250.0,0.45,4154,3386,100.0005,0,🎲末日結算 🆕新倉暴量 🚬菸屁股,GAMBLE,4
ORCL,2026-06-12,205.0,0.13,3103,3126,77.929908203125,0,🎲末日結算 🆕新倉暴量 🚬菸屁股,GAMBLE,4
GOOG,2026-06-12,380.0,0.1,9257,3105,43.066975585937506,0,🎲末日結算 🆕新倉暴量 🚬菸屁股,GAMBLE,4
NVDA,2026-06-12,227.5,0.01,11274,3074,55.469195312500005,0,🎲末日結算 🆕新倉暴量 🚬菸屁股,GAMBLE,4
ONDS,2026-06-12,9.5,0.45,1567,2911,85.937640625,0,🎲末日結算 🚨異常掃貨 🚬菸屁股,GAMBLE,4
ORCL,2026-06-12,215.0,0.04,3677,2780,90.23447265624999,0,🎲末日結算 🆕新倉暴量 🚬菸屁股,GAMBLE,4
HIMS,2026-06-12,29.5,0.33,1827,2660,71.28934960937501,0,🎲末日結算 🚨異常掃貨 🚬菸屁股,GAMBLE,4
OKLO,2026-06-12,60.0,0.6,1461,2344,81.34784277343749,0,🎲末日結算 🚨異常掃貨 🚬菸屁股,GAMBLE,4
GOOGL,2026-06-12,390.0,0.03,4497,2344,49.219257812500004,0,🎲末日結算 🆕新倉暴量 🚬菸屁股,GAMBLE,4
META,2026-06-12,610.0,0.13,2963,2337,51.465329101562496,0,🎲末日結算 🆕新倉暴量 🚬菸屁股,GAMBLE,4
SOFI,2026-06-12,18.5,0.01,8704,2301,78.12521875,0,🎲末日結算 🆕新倉暴量 🚬菸屁股,GAMBLE,4
GOOGL,2026-06-12,377.5,0.12,2025,1935,38.477177734375,0,🎲末日結算 🆕新倉暴量 🚬菸屁股,GAMBLE,4
MU,2026-06-12,1200.0,0.08,4994,1871,94.5313046875,0,🎲末日結算 🆕新倉暴量 🚬菸屁股,GAMBLE,4
ORCL,2026-06-12,212.5,0.05,3198,1819,82.81267187499999,0,🎲末日結算 🆕新倉暴量 🚬菸屁股,GAMBLE,4
HOOD,2026-06-12,105.0,0.05,3693,1753,89.062609375,0,🎲末日結算 🆕新倉暴量 🚬菸屁股,GAMBLE,4
PATH,2026-06-12,11.0,0.08,1091,1749,60.15664843750002,0,🎲末日結算 🚨異常掃貨 🚬菸屁股,GAMBLE,4
HIMS,2026-06-12,28.5,0.78,4327,1688,69.92217578125,0,🎲末日結算 🆕新倉暴量 🚬菸屁股,GAMBLE,4
MU,2026-06-12,1130.0,0.84,1689,1619,90.23447265624999,0,🎲末日結算 🆕新倉暴量 🚬菸屁股,GAMBLE,4
HOOD,2026-06-12,97.0,0.45,1953,1562,72.26590234375,0,🎲末日結算 🆕新倉暴量 🚬菸屁股,GAMBLE,4
TDOC,2026-06-12,7.0,0.33,2300,1508,61.71913281250001,0,🎲末日結算 🆕新倉暴量 🚬菸屁股,GAMBLE,4
HIMS,2026-06-12,31.0,0.08,3690,1410,75.39087109375001,0,🎲末日結算 🆕新倉暴量 🚬菸屁股,GAMBLE,4
IREN,2026-06-12,59.0,0.73,1902,1402,93.0664755859375,0,🎲末日結算 🆕新倉暴量 🚬菸屁股,GAMBLE,4
QBTS,2026-06-12,24.0,0.72,1542,1370,88.67198828125,0,🎲末日結算 🆕新倉暴量 🚬菸屁股,GAMBLE,4
SMCI,2026-06-12,37.0,0.06,3649,1317,124.21912890624998,0,🎲末日結算 🆕新倉暴量 🚬菸屁股,GAMBLE,4
QBTS,2026-06-12,30.0,0.01,3298,1200,143.75028125,0,🎲末日結算 🆕新倉暴量 🚬菸屁股,GAMBLE,4
IREN,2026-06-12,62.0,0.2,4208,1182,97.070341796875,0,🎲末日結算 🆕新倉暴量 🚬菸屁股,GAMBLE,4
META,2026-06-12,620.0,0.08,2190,1155,50.39112109375,0,🎲末日結算 🆕新倉暴量 🚬菸屁股,GAMBLE,4
QBTS,2026-06-12,28.0,0.02,1900,1146,118.75040625,0,🎲末日結算 🆕新倉暴量 🚬菸屁股,GAMBLE,4
QBTS,2026-06-12,25.0,0.21,1567,1128,85.1563984375,0,🎲末日結算 🆕新倉暴量 🚬菸屁股,GAMBLE,4
OKLO,2026-06-12,62.0,0.25,1291,1118,83.98453515624999,0,🎲末日結算 🆕新倉暴量 🚬菸屁股,GAMBLE,4
IBM,2026-06-12,290.0,0.25,1485,1098,46.582565429687506,0,🎲末日結算 🆕新倉暴量 🚬菸屁股,GAMBLE,4
DKNG,2026-06-12,29.5,0.61,1515,1064,54.102021484375015,0,🎲末日結算 🆕新倉暴量 🚬菸屁股,GAMBLE,4
SMCI,2026-06-12,35.5,0.12,1207,1040,109.375453125,0,🎲末日結算 🆕新倉暴量 🚬菸屁股,GAMBLE,4
CRWV,2026-06-12,104.0,0.24,885,1038,81.05487695312499,0,🎲末日結算 🆕新倉暴量 🚬菸屁股,GAMBLE,4
META,2026-06-12,622.5,0.03,853,1016,50.97705273437501,0,🎲末日結算 🆕新倉暴量 🚬菸屁股,GAMBLE,4
NOW,2026-06-12,117.0,0.05,1116,959,89.062609375,0,🎲末日結算 🆕新倉暴量 🚬菸屁股,GAMBLE,4
ORCL,2026-06-12,207.5,0.07,2199,958,82.226740234375,0,🎲末日結算 🆕新倉暴量 🚬菸屁股,GAMBLE,4
QBTS,2026-06-12,26.0,0.09,2167,949,96.87503124999999,0,🎲末日結算 🆕新倉暴量 🚬菸屁股,GAMBLE,4
META,2026-06-12,592.5,0.43,964,894,36.98793481445312,0,🎲末日結算 🆕新倉暴量 🚬菸屁股,GAMBLE,4
GOOGL,2026-06-12,405.0,0.01,3105,841,62.500375000000005,0,🎲末日結算 🆕新倉暴量 🚬菸屁股,GAMBLE,4
META,2026-06-12,615.0,0.11,1224,815,49.9028447265625,0,🎲末日結算 🆕新倉暴量 🚬菸屁股,GAMBLE,4
IONQ,2026-06-12,65.0,0.14,1782,814,102.34423828125001,0,🎲末日結算 🆕新倉暴量 🚬菸屁股,GAMBLE,4
ORCL,2026-06-12,227.5,0.02,1617,791,104.68797656250001,0,🎲末日結算 🆕新倉暴量 🚬菸屁股,GAMBLE,4
QBTS,2026-06-12,27.0,0.03,3015,782,100.0005,0,🎲末日結算 🆕新倉暴量 🚬菸屁股,GAMBLE,4
SMCI,2026-06-12,36.5,0.07,789,758,116.40666796875001,0,🎲末日結算 🆕新倉暴量 🚬菸屁股,GAMBLE,4
SMCI,2026-06-12,37.5,0.03,2321,750,125.00037499999999,0,🎲末日結算 🆕新倉暴量 🚬菸屁股,GAMBLE,4
QBTS,2026-06-12,24.5,0.36,947,745,85.54701953125,0,🎲末日結算 🆕新倉暴量 🚬菸屁股,GAMBLE,4
MU,2026-06-12,1300.0,0.04,2435,723,120.3128984375,0,🎲末日結算 🆕新倉暴量 🚬菸屁股,GAMBLE,4
GOOGL,2026-06-12,385.0,0.05,2629,721,43.945873046875,0,🎲末日結算 🆕新倉暴量 🚬菸屁股,GAMBLE,4
META,2026-06-12,665.0,0.01,958,720,69.5315546875,0,🎲末日結算 🆕新倉暴量 🚬菸屁股,GAMBLE,4
ORCL,2026-06-12,222.5,0.03,813,647,100.0005,0,🎲末日結算 🆕新倉暴量 🚬菸屁股,GAMBLE,4
UPST,2026-06-12,33.0,0.2,1169,623,59.766027343750004,0,🎲末日結算 🆕新倉暴量 🚬菸屁股,GAMBLE,4
CRWV,2026-06-12,106.0,0.15,2144,614,84.179845703125,0,🎲末日結算 🆕新倉暴量 🚬菸屁股,GAMBLE,4
META,2026-06-12,605.0,0.19,1270,604,44.92242578125,0,🎲末日結算 🆕新倉暴量 🚬菸屁股,GAMBLE,4
ORCL,2026-06-12,217.5,0.01,849,601,87.500125,0,🎲末日結算 🆕新倉暴量 🚬菸屁股,GAMBLE,4
IREN,2026-06-12,68.0,0.03,1577,589,110.9379453125,0,🎲末日結算 🆕新倉暴量 🚬菸屁股,GAMBLE,4
IONQ,2026-06-12,61.0,0.55,1116,580,91.4063359375,0,🎲末日結算 🆕新倉暴量 🚬菸屁股,GAMBLE,4
XYZ,2026-06-12,75.0,0.04,1010,578,71.48466015625,0,🎲末日結算 🆕新倉暴量 🚬菸屁股,GAMBLE,4
NBIS,2026-06-12,270.0,0.12,1669,575,112.109814453125,0,🎲末日結算 🆕新倉暴量 🚬菸屁股,GAMBLE,4
NOW,2026-06-12,118.0,0.05,929,569,93.7500625,0,🎲末日結算 🆕新倉暴量 🚬菸屁股,GAMBLE,4
OKLO,2026-06-12,65.0,0.09,1501,567,92.187578125,0,🎲末日結算 🆕新倉暴量 🚬菸屁股,GAMBLE,4
META,2026-06-12,625.0,0.06,1234,539,53.51608984375,0,🎲末日結算 🆕新倉暴量 🚬菸屁股,GAMBLE,4
META,2026-06-12,670.0,0.01,2685,538,75.00025000000001,0,🎲末日結算 🆕新倉暴量 🚬菸屁股,GAMBLE,4
QCOM,2026-06-12,240.0,0.06,1823,505,99.60937890625,0,🎲末日結算 🆕新倉暴量 🚬菸屁股,GAMBLE,4
QBTS,2026-06-12,29.0,0.01,1732,497,131.25034374999998,0,🎲末日結算 🆕新倉暴量 🚬菸屁股,GAMBLE,4
GOOGL,2026-06-12,395.0,0.02,2176,477,53.51608984375,0,🎲末日結算 🆕新倉暴量 🚬菸屁股,GAMBLE,4
CRWV,2026-06-12,108.0,0.1,1328,473,91.79695703125,0,🎲末日結算 🆕新倉暴量 🚬菸屁股,GAMBLE,4
CRWV,2026-06-12,109.0,0.06,1063,467,97.26565234374999,0,🎲末日結算 🆕新倉暴量 🚬菸屁股,GAMBLE,4
CRWV,2026-06-12,112.0,0.05,1465,459,111.71919140624999,0,🎲末日結算 🆕新倉暴量 🚬菸屁股,GAMBLE,4
HOOD,2026-06-12,104.0,0.08,1511,449,88.67198828125,0,🎲末日結算 🆕新倉暴量 🚬菸屁股,GAMBLE,4
JOBY,2026-06-12,9.5,0.12,1003,436,64.8441015625,0,🎲末日結算 🆕新倉暴量 🚬菸屁股,GAMBLE,4
IONQ,2026-06-12,62.0,0.35,897,422,93.55475195312499,0,🎲末日結算 🆕新倉暴量 🚬菸屁股,GAMBLE,4
IONQ,2026-06-12,63.0,0.23,1835,401,95.11723632812499,0,🎲末日結算 🆕新倉暴量 🚬菸屁股,GAMBLE,4
AAPL,2026-06-12,295.0,2.11,17041,87879,20.948056152343746,0,🎲末日結算 🚨異常掃貨,GAMBLE,3
HOOD,2026-06-12,90.0,3.2,14733,32424,70.84990087890624,0,🎲末日結算 🚨異常掃貨,GAMBLE,3
TSLA,2026-06-12,420.0,1.37,10589,31744,63.42810009765626,0,🎲末日結算 🚨異常掃貨,GAMBLE,3
ASTS,2026-06-12,100.0,3.75,6017,22559,167.1876640625,0,🎲末日結算 🚨異常掃貨 🚀點火(2.7x) ⚠️IV頂峰,GAMBLE,3
HOOD,2026-06-12,92.0,1.99,5529,17686,68.65265722656251,0,🎲末日結算 🚨異常掃貨,GAMBLE,3
ONDS,2026-07-17,10.0,1.15,13767,15105,98.7304814453125,35,🚀點火(6.1x),HOLD,3
DKNG,2026-07-17,30.0,2.05,28966,11583,53.027813476562514,35,🆕新倉暴量,HOLD,3
AAPL,2026-09-18,320.0,7.6,12061,11301,26.898924377441404,98,🆕新倉暴量,HOLD,3
HOOD,2026-07-17,105.0,3.99,18451,11138,71.679970703125,35,🆕新倉暴量,HOLD,3
RKLB,2026-06-12,120.0,3.1,4865,9464,151.61157006835936,0,🎲末日結算 🚨異常掃貨 🆕新倉暴量 ⚠️IV頂峰,GAMBLE,3
COIN,2026-06-12,165.0,1.15,5182,9348,60.35195898437502,0,🎲末日結算 🚨異常掃貨,GAMBLE,3
HOOD,2026-06-12,88.0,4.68,6551,9098,70.312796875,0,🎲末日結算 🚨異常掃貨,GAMBLE,3
HOOD,2026-06-12,91.0,2.5,6031,8745,69.14093359375,0,🎲末日結算 🚨異常掃貨,GAMBLE,3
HOOD,2026-06-12,89.0,3.85,3994,8709,70.50810742187501,0,🎲末日結算 🚨異常掃貨,GAMBLE,3
ASTS,2026-06-12,110.0,1.36,5998,8582,179.1016669921875,0,🎲末日結算 🚨異常掃貨 🆕新倉暴量 ⚠️IV頂峰,GAMBLE,3
ORCL,2026-08-21,300.0,1.32,9637,8524,66.06479248046875,70,🆕新倉暴量,HOLD,3
ORCL,2026-07-17,250.0,1.1,10494,8382,62.08534008789064,35,🆕新倉暴量,HOLD,3
GOOGL,2026-07-17,400.0,3.13,20117,8306,33.77141424560547,35,🆕新倉暴量,HOLD,3
TSLA,2026-06-12,417.5,1.67,6605,8042,62.42713354492189,0,🎲末日結算 🚨異常掃貨,GAMBLE,3
META,2026-07-17,700.0,1.78,19392,7198,40.39366247558594,35,🆕新倉暴量,HOLD,3
MSFT,2026-07-17,450.0,2.16,23640,6783,35.07145007324218,35,🆕新倉暴量,HOLD,3
HOOD,2026-06-12,94.0,1.13,2172,6322,68.35969140625001,0,🎲末日結算 🚨異常掃貨,GAMBLE,3
INTC,2026-07-17,120.0,11.3,14475,5608,85.22963989257812,35,🆕新倉暴量,HOLD,3
IREN,2026-06-12,55.0,2.6,3178,5520,97.460962890625,0,🎲末日結算 🚨異常掃貨,GAMBLE,3
MSFT,2026-09-18,500.0,4.77,11823,5193,38.97460928344727,98,🆕新倉暴量,HOLD,3
IREN,2026-06-12,54.0,3.3,1182,4992,97.3633076171875,0,🎲末日結算 🚨異常掃貨,GAMBLE,3
ORCL,2026-07-17,210.0,4.65,9147,4919,55.56685058593751,35,🆕新倉暴量,HOLD,3
NVDA,2026-07-17,235.0,2.17,19492,4897,41.18711157226562,35,🆕新倉暴量,HOLD,3
ONDS,2028-01-21,30.0,2.24,70756,4895,103.32079589843752,588,🔭LEAPS 🔥萬人塚,HOLD,3
MSFT,2026-07-17,470.0,1.2,11586,4849,36.89027954101562,35,🆕新倉暴量,HOLD,3
NBIS,2026-06-12,230.0,3.25,2029,4810,95.36137451171875,0,🎲末日結算 🚨異常掃貨,GAMBLE,3
NVDA,2026-07-17,225.0,3.8,22261,4792,40.85752502441406,35,🆕新倉暴量,HOLD,3
ASTS,2026-06-12,105.0,2.29,3647,4752,172.4610751953125,0,🎲末日結算 🚨異常掃貨 🆕新倉暴量 ⚠️IV頂峰,GAMBLE,3
INTC,2026-07-17,130.0,7.9,10349,4537,85.937640625,35,🆕新倉暴量,HOLD,3
TSLA,2026-07-17,450.0,9.22,16236,4227,51.08081146240235,35,🆕新倉暴量,HOLD,3
TSLA,2026-07-17,400.0,25.11,9339,4143,50.336190002441406,35,🆕新倉暴量,HOLD,3
HOOD,2026-07-17,110.0,2.96,8454,4018,72.55886816406249,35,🆕新倉暴量,HOLD,3
GM,2026-09-18,95.0,2.48,6654,4003,42.212491943359375,98,🆕新倉暴量,HOLD,3
NVDA,2026-07-17,250.0,0.99,82523,3964,42.84725122070313,35,🚬菸屁股 🔥萬人塚,HOLD,3
MSFT,2026-08-21,450.0,8.4,18123,3774,39.020385192871096,70,🆕新倉暴量,HOLD,3
META,2026-08-21,800.0,2.86,4382,3747,46.75956561279296,70,🆕新倉暴量,HOLD,3
META,2026-07-17,660.0,3.68,4926,3740,37.67152172851562,35,🆕新倉暴量,HOLD,3
INTC,2026-07-17,110.0,16.14,7369,3662,85.13198461914062,35,🆕新倉暴量,HOLD,3
GOOGL,2026-10-16,490.0,3.25,3989,3231,38.64197100830078,126,🆕新倉暴量,HOLD,3
GOOGL,2026-10-16,540.0,1.48,3945,3231,40.40586938476562,126,🆕新倉暴量,HOLD,3
ORCL,2026-08-21,250.0,3.4,8790,3120,59.26554406738283,70,🆕新倉暴量,HOLD,3
IREN,2026-06-12,57.0,1.47,1310,3017,94.726615234375,0,🎲末日結算 🚨異常掃貨,GAMBLE,3
MSFT,2026-07-17,440.0,3.15,6913,2880,34.38786315917969,35,🆕新倉暴量,HOLD,3
MSFT,2026-07-17,420.0,6.15,11709,2877,33.60662097167969,35,🆕新倉暴量,HOLD,3
NVDA,2026-08-21,215.0,11.4,14314,2871,43.38435522460938,70,🆕新倉暴量,HOLD,3
NOW,2026-07-17,120.0,2.9,9958,2812,63.196168823242196,35,🆕新倉暴量,HOLD,3
ORCL,2026-08-21,240.0,4.4,4160,2796,58.374439697265615,70,🆕新倉暴量,HOLD,3
GOOGL,2026-10-16,480.0,4.0,5834,2778,38.88610919189453,126,🆕新倉暴量,HOLD,3
GOOGL,2026-10-16,530.0,1.73,5254,2739,39.954213745117194,126,🆕新倉暴量,HOLD,3
ORCL,2026-07-17,220.0,3.1,13032,2712,56.592230957031255,35,🆕新倉暴量,HOLD,3
SOFI,2026-09-18,16.0,2.65,2401,2652,68.35969140625001,98,🆕新倉暴量,HOLD,3
INTC,2026-07-17,115.0,13.5,6280,2511,84.74136352539061,35,🆕新倉暴量,HOLD,3
META,2026-07-17,650.0,4.57,7567,2510,37.12831427001954,35,🆕新倉暴量,HOLD,3
MSFT,2026-09-18,420.0,18.83,7988,2506,37.72645281982422,98,🆕新倉暴量,HOLD,3
IBIT,2026-07-17,38.0,1.12,11296,2426,41.06504248046875,35,🚀點火(2.9x),HOLD,3
GOOGL,2026-10-16,470.0,3.97,3107,2309,38.37341900634765,126,🆕新倉暴量,HOLD,3
GOOGL,2026-10-16,520.0,2.04,2854,2293,39.63683410644532,126,🆕新倉暴量,HOLD,3
ORCL,2026-07-17,240.0,1.52,8767,2252,60.91347680664063,35,🆕新倉暴量,HOLD,3
MU,2026-06-12,1060.0,5.8,1694,2194,88.08605664062499,0,🎲末日結算 🚨異常掃貨,GAMBLE,3
IREN,2026-06-12,53.0,4.11,1312,2124,101.7583037109375,0,🎲末日結算 🚨異常掃貨,GAMBLE,3
ORCL,2026-08-21,280.0,1.8,3878,2123,63.196168823242196,70,🆕新倉暴量,HOLD,3
GOOGL,2026-11-20,490.0,5.9,4416,2046,39.54528228759766,161,🆕新倉暴量,HOLD,3
GOOGL,2026-11-20,540.0,2.56,4211,2035,40.35704174804688,161,🆕新倉暴量,HOLD,3
MU,2026-06-12,1110.0,1.47,1205,1949,90.11240356445312,0,🎲末日結算 🚨異常掃貨,GAMBLE,3
ORCL,2026-07-17,230.0,2.13,4388,1878,58.142508422851556,35,🆕新倉暴量,HOLD,3
META,2026-07-17,680.0,2.39,4299,1876,38.861695373535156,35,🆕新倉暴量,HOLD,3
GOOGL,2026-10-16,460.0,6.0,6476,1863,38.803712554931636,126,🆕新倉暴量,HOLD,3
GOOGL,2026-10-16,510.0,2.39,2407,1853,39.27062683105469,126,🆕新倉暴量,HOLD,3
IREN,2026-07-17,65.0,4.51,4547,1828,105.85984570312502,35,🆕新倉暴量,HOLD,3
ORCL,2026-09-18,300.0,2.94,6501,1804,66.47982739257814,98,🆕新倉暴量,HOLD,3
SMCI,2027-01-15,105.0,1.0,11352,1710,96.679720703125,217,🚀點火(3.2x),HOLD,3
UPST,2026-10-16,45.0,1.93,1954,1700,78.85763330078125,126,🆕新倉暴量,HOLD,3
MDT,2026-07-17,82.5,1.56,1515,1677,23.120885986328126,35,🆕新倉暴量,HOLD,3
VST,2026-07-17,165.0,3.6,3030,1666,51.48974291992188,35,🆕新倉暴量,HOLD,3
GOOGL,2026-10-16,500.0,2.82,2472,1587,39.15466119384765,126,🆕新倉暴量,HOLD,3
BSX,2026-07-17,50.0,1.19,2935,1531,39.014281738281255,35,🆕新倉暴量,HOLD,3
VST,2026-07-17,185.0,1.12,1442,1513,53.442848388671884,35,🚀點火(60.5x),HOLD,3
GOOGL,2026-11-20,520.0,3.26,2103,1500,40.08848974609375,161,🆕新倉暴量,HOLD,3
IREN,2026-07-17,75.0,2.47,4593,1491,104.68797656250001,35,🆕新倉暴量,HOLD,3
SMCI,2026-09-18,40.0,3.72,4439,1482,94.79985668945312,98,🆕新倉暴量,HOLD,3
GOOGL,2026-09-18,475.0,2.9,2127,1462,40.17393811035156,98,🆕新倉暴量,HOLD,3
FLNC,2026-07-17,30.0,2.1,4187,1436,129.19957275390624,35,🆕新倉暴量,HOLD,3
INTC,2026-07-17,195.0,1.0,11279,1413,96.94827270507812,35,🚀點火(7.0x),HOLD,3
META,2026-11-20,1200.0,2.16,1320,1386,52.45408874511719,161,🆕新倉暴量,HOLD,3
GOOGL,2026-11-20,530.0,2.98,3732,1364,40.30821411132813,161,🆕新倉暴量,HOLD,3
SOFI,2026-09-18,22.0,0.81,127522,1328,66.40658593750001,98,🚬菸屁股 🔥萬人塚,HOLD,3
GOOGL,2026-11-20,510.0,3.82,1869,1315,39.81383428955078,161,🆕新倉暴量,HOLD,3
ACHR,2027-01-15,10.0,0.54,43787,1235,94.14068359375,217,🚬菸屁股 🔥萬人塚,HOLD,3
ORCL,2026-09-18,350.0,1.8,2637,1203,71.1062459716797,98,🆕新倉暴量,HOLD,3
GOOGL,2026-11-20,500.0,4.92,2082,1199,39.78331701660156,161,🆕新倉暴量,HOLD,3
CRM,2026-08-21,190.0,6.0,3897,1186,47.363807617187504,70,🆕新倉暴量,HOLD,3
COUR,2026-08-21,4.0,1.67,1205,1183,88.67198828125,70,🆕新倉暴量,HOLD,3
IREN,2026-08-21,90.0,3.05,4048,1116,111.08442895507812,70,🆕新倉暴量,HOLD,3
NOW,2026-07-17,125.0,2.2,5358,1094,64.52672192382812,35,🆕新倉暴量,HOLD,3
RKLB,2026-07-17,150.0,5.7,3540,1084,107.91061669921875,35,🆕新倉暴量,HOLD,3
IBIT,2026-07-17,45.0,0.13,80064,1075,44.2388388671875,35,🚬菸屁股 🔥萬人塚,HOLD,3
ZTS,2026-07-17,85.0,2.5,4822,1068,37.81800463867187,35,🆕新倉暴量,HOLD,3
SMCI,2026-07-17,29.0,5.2,1798,1014,93.99420068359376,35,🆕新倉暴量,HOLD,3
SOFI,2027-01-15,30.0,0.81,71197,1011,69.18976123046876,217,🚬菸屁股 🔥萬人塚,HOLD,3
ROKU,2026-07-17,135.0,2.4,1506,1007,49.341326904296885,35,🆕新倉暴量,HOLD,3
ACHR,2026-07-17,7.0,0.12,37206,995,83.98453515624999,35,🚬菸屁股 🔥萬人塚,HOLD,3
ORCL,2026-11-20,300.0,6.0,1264,975,63.519651916503925,161,🆕新倉暴量,HOLD,3
ORCL,2026-08-21,230.0,5.61,3499,866,57.678645874023424,70,🆕新倉暴量,HOLD,3
OPEN,2027-01-15,10.0,0.5,43305,865,112.30512597656251,217,🚬菸屁股 🔥萬人塚,HOLD,3
SEDG,2026-07-17,65.0,4.75,2424,851,98.9257919921875,35,🆕新倉暴量,HOLD,3
QCOM,2026-07-17,300.0,2.26,3304,833,87.76867700195312,35,🆕新倉暴量,HOLD,3
AAPL,2026-07-17,350.0,0.15,35483,830,25.537854003906258,35,🚬菸屁股 🔥萬人塚,HOLD,3
BLDP,2026-11-20,4.0,1.15,1981,819,111.5238798828125,161,🆕新倉暴量,HOLD,3
ACHR,2026-07-17,8.0,0.05,52190,814,87.500125,35,🚬菸屁股 🔥萬人塚,HOLD,3
SOFI,2028-06-16,20.0,5.95,30165,809,75.26880200195312,735,🔭LEAPS 🔥萬人塚,HOLD,3
ZM,2026-07-17,100.0,2.26,987,809,45.16656396484375,35,🆕新倉暴量,HOLD,3
IREN,2026-09-18,120.0,1.99,1165,800,114.52679455566405,98,🆕新倉暴量,HOLD,3
NOW,2026-08-21,130.0,4.64,3654,789,69.55596850585938,70,🆕新倉暴量,HOLD,3
SMCI,2026-08-21,32.0,5.35,1139,766,96.289099609375,70,🆕新倉暴量,HOLD,3
HIMS,2026-07-17,31.0,2.43,1326,713,86.7188828125,35,🆕新倉暴量,HOLD,3
ASTS,2026-07-17,135.0,5.6,1149,680,127.91784088134763,35,🆕新倉暴量,HOLD,3
ZTS,2027-01-15,90.0,8.62,1386,679,48.02298071289062,217,🆕新倉暴量,HOLD,3
OKLO,2026-07-17,60.0,5.93,1939,629,92.0899228515625,35,🆕新倉暴量,HOLD,3
SMCI,2026-07-17,31.0,4.2,827,608,91.45516357421876,35,🆕新倉暴量,HOLD,3
IBIT,2026-09-18,45.0,0.77,41970,571,42.920492675781254,98,🚬菸屁股 🔥萬人塚,HOLD,3
MDT,2026-09-18,87.5,1.92,1284,558,27.82054602050781,98,🆕新倉暴量,HOLD,3
HOOD,2026-09-18,125.0,5.21,1339,552,74.90259472656251,98,🆕新倉暴量,HOLD,3
CRWV,2026-08-21,135.0,4.62,2391,546,92.51716467285156,70,🆕新倉暴量,HOLD,3
ORCL,2027-01-15,410.0,3.9,1409,540,67.90193231201174,217,🆕新倉暴量,HOLD,3
OKLO,2026-07-17,65.0,4.2,1371,539,92.55378540039064,35,🆕新倉暴量,HOLD,3
MDT,2026-08-21,85.0,1.85,1638,539,27.01489001464844,70,🆕新倉暴量,HOLD,3
ASTS,2026-07-17,140.0,4.82,2380,529,128.06432452392576,35,🆕新倉暴量,HOLD,3
IBM,2026-07-17,320.0,2.96,1885,521,45.514460876464845,35,🆕新倉暴量,HOLD,3
TGT,2026-09-18,150.0,3.85,1229,517,34.71744970703124,98,🆕新倉暴量,HOLD,3
GOOGL,2027-01-15,530.0,5.26,1209,507,39.11804046630859,217,🆕新倉暴量,HOLD,3
SMCI,2026-07-17,32.0,3.77,1406,506,92.38288867187501,35,🆕新倉暴量,HOLD,3
TJX,2026-07-17,175.0,2.03,1093,495,22.35185070800781,35,🆕新倉暴量,HOLD,3
META,2026-08-21,740.0,5.2,1988,486,44.388373504638665,70,🆕新倉暴量,HOLD,3
ZS,2026-07-17,135.0,5.91,946,480,58.45988806152342,35,🆕新倉暴量,HOLD,3
IREN,2026-11-20,130.0,4.0,1701,476,113.5624439086914,161,🆕新倉暴量,HOLD,3
F,2026-07-17,18.0,0.1,31698,453,47.070841796875,35,🚬菸屁股 🔥萬人塚,HOLD,3
META,2027-01-15,1200.0,2.6,1878,450,49.15211981201172,217,🆕新倉暴量,HOLD,3
ASTS,2026-07-17,175.0,2.34,1806,436,136.328443359375,35,🆕新倉暴量,HOLD,3
IBIT,2027-01-15,70.0,0.39,31726,395,51.514156738281244,217,🚬菸屁股 🔥萬人塚,HOLD,3
MSTR,2026-07-17,175.0,1.17,6725,380,80.07832421875,35,🚀點火(2.9x),HOLD,3
JOBY,2026-08-21,10.0,1.06,2261,373,84.37515624999999,70,🚀點火(5.7x),HOLD,3
ASTS,2026-07-17,190.0,1.79,1881,327,139.3557719726562,35,🚀點火(2.9x),HOLD,3
OPEN,2028-01-21,20.0,3.25,37480,327,25.00075,588,🔭LEAPS 🔥萬人塚,HOLD,3
SOFI,2026-09-18,32.0,0.18,53695,321,73.82838671875,98,🚬菸屁股 🔥萬人塚,HOLD,3
NVDA,2028-01-21,300.0,24.8,91335,290,49.31691308593751,588,🔭LEAPS 🔥萬人塚,HOLD,3
OKLO,2026-07-17,85.0,1.18,2826,249,99.95117236328124,35,🚀點火(3.3x),HOLD,3
F,2027-01-15,19.85,0.64,49604,224,46.436082519531254,217,🚬菸屁股 🔥萬人塚,HOLD,3
SOFI,2026-11-20,24.0,1.09,848,221,68.31086376953127,161,🚀點火(20.1x),HOLD,3
NNE,2026-07-17,30.0,1.08,2924,205,100.68409033203123,35,🚀點火(4.5x),HOLD,3
IBIT,2026-07-17,50.0,0.06,31315,200,52.14891601562499,35,🚬菸屁股 🔥萬人塚,HOLD,3
SOFI,2027-01-15,35.0,0.53,34628,182,71.9729365234375,217,🚬菸屁股 🔥萬人塚,HOLD,3
NVDA,2028-01-21,250.0,36.7,34764,159,50.07221559143067,588,🔭LEAPS 🔥萬人塚,HOLD,3
IBIT,2026-09-18,50.0,0.35,31246,141,44.58063232421875,98,🚬菸屁股 🔥萬人塚,HOLD,3
JOBY,2027-01-15,15.0,1.08,11010,140,86.2306064453125,217,🚀點火(3.1x),HOLD,3
IBIT,2027-01-15,60.0,0.63,34858,99,48.7309814453125,217,🚬菸屁股 🔥萬人塚,HOLD,3
BSX,2026-09-18,70.0,0.23,42696,75,44.6294599609375,98,🚬菸屁股 🔥萬人塚,HOLD,3
NVDA,2028-01-21,400.0,12.4,50162,69,49.33827517700197,588,🔭LEAPS 🔥萬人塚,HOLD,3
SOFI,2026-10-16,22.0,1.07,2453,68,66.69955175781253,126,🚀點火(3.0x),HOLD,3
KTOS,2026-07-17,75.0,1.12,1266,66,72.11941943359376,35,🚀點火(2.6x),HOLD,3
IBIT,2026-09-18,65.0,0.11,34443,32,55.859816406250005,98,🚬菸屁股 🔥萬人塚,HOLD,3
VRT,2026-07-17,420.0,1.23,998,25,62.866582275390634,35,🚀點火(3.1x),HOLD,3
IBIT,2026-08-21,55.0,0.12,33114,22,50.879397460937504,70,🚬菸屁股 🔥萬人塚,HOLD,3
IBIT,2027-01-15,90.0,0.2,37928,20,58.496508789062496,217,🚬菸屁股 🔥萬人塚,HOLD,3
IBIT,2027-01-15,100.0,0.16,42006,20,61.71913281250001,217,🚬菸屁股 🔥萬人塚,HOLD,3
NVDA,2026-07-17,220.0,5.05,84256,11938,40.80869738769531,35,🔥萬人塚,HOLD,2
INTC,2026-07-17,150.0,3.85,44087,9007,88.33019482421875,35,🔥萬人塚,HOLD,2
AAPL,2026-07-17,310.0,3.5,49777,8222,23.303989624023437,35,🔥萬人塚,HOLD,2
NVDA,2026-07-17,230.0,2.88,44672,7050,40.86973193359375,35,🔥萬人塚,HOLD,2
NVDA,2026-07-17,200.0,13.51,79914,5862,42.78621667480469,35,🔥萬人塚,HOLD,2
AAPL,2026-09-18,350.0,2.28,41773,5536,26.33130310058594,98,🔥萬人塚,HOLD,2
AAPL,2026-07-17,300.0,6.96,30708,5402,24.243921630859372,35,🔥萬人塚,HOLD,2
NVDA,2026-08-21,250.0,3.28,37307,5229,43.17073431396484,70,🔥萬人塚,HOLD,2
NVDA,2026-08-21,230.0,6.82,32887,4991,42.81063049316406,70,🔥萬人塚,HOLD,2
NVDA,2026-07-17,240.0,1.65,41227,4883,41.65097412109374,35,🔥萬人塚,HOLD,2
AAPL,2026-07-17,295.0,9.6,34088,4308,25.012956909179685,35,🔥萬人塚,HOLD,2
SMCI,2026-07-17,35.0,2.54,42412,3977,91.45516357421876,35,🔥萬人塚,HOLD,2
PLTR,2026-07-17,150.0,2.49,33071,3823,50.452155639648446,35,🔥萬人塚,HOLD,2
NVDA,2026-07-17,215.0,6.55,34623,3809,41.01011138916015,35,🔥萬人塚,HOLD,2
MSFT,2026-08-21,500.0,3.25,74656,3585,41.27866339111328,70,🔥萬人塚,HOLD,2
AAPL,2026-07-17,320.0,1.6,33133,2689,23.12698944091797,35,🔥萬人塚,HOLD,2
NVDA,2027-01-15,250.0,14.9,41566,2455,46.89689334106446,217,🔥萬人塚,HOLD,2
NVDA,2026-09-18,250.0,5.86,45070,2356,45.18487432861329,98,🔥萬人塚,HOLD,2
SOFI,2027-01-15,20.0,2.38,74704,2192,68.31086376953127,217,🔥萬人塚,HOLD,2
MSFT,2026-07-17,475.0,1.04,45702,1566,37.32972827148438,35,🔥萬人塚,HOLD,2
NVDA,2027-01-15,200.0,32.8,82448,1411,48.8835678100586,217,🔥萬人塚,HOLD,2
NVDA,2027-01-15,210.0,28.18,31772,1279,48.23965335083008,217,🔥萬人塚,HOLD,2
NVDA,2026-09-18,210.0,17.43,30710,1257,46.07292697143555,98,🔥萬人塚,HOLD,2
SOFI,2027-01-15,15.0,4.35,46663,1240,71.48466015625,217,🔥萬人塚,HOLD,2
NVDA,2026-07-17,195.0,16.58,32761,1130,43.64070031738281,35,🔥萬人塚,HOLD,2
NVDA,2027-01-15,300.0,6.68,69941,1064,46.90604852294922,217,🔥萬人塚,HOLD,2
ONDS,2027-01-15,15.0,1.87,52123,835,107.95944458007813,217,🔥萬人塚,HOLD,2
NVDA,2027-01-15,160.0,58.0,114789,664,53.2109171142578,217,🔥萬人塚,HOLD,2
IBIT,2027-01-15,50.0,1.55,40867,634,47.21732470703125,217,🔥萬人塚,HOLD,2
NVDA,2026-10-16,220.0,16.29,50298,589,46.14311669921876,126,🔥萬人塚,HOLD,2
F,2026-09-18,15.0,1.22,38424,577,45.2153916015625,98,🔥萬人塚,HOLD,2
AAPL,2026-09-18,300.0,15.45,31540,550,28.23863265991211,98,🔥萬人塚,HOLD,2
IREN,2027-01-15,110.0,8.45,77094,495,112.67133508300785,217,🔥萬人塚,HOLD,2
SOFI,2027-01-15,25.0,1.33,71046,434,68.06672558593752,217,🔥萬人塚,HOLD,2
ACHR,2027-01-15,7.0,1.0,30111,408,91.4063359375,217,🔥萬人塚,HOLD,2
TSLA,2027-01-15,960.0,3.95,109604,374,62.140271179199225,217,🔥萬人塚,HOLD,2
DKNG,2026-08-21,30.0,3.05,41278,367,58.25237060546875,70,🔥萬人塚,HOLD,2
MSTR,2026-08-21,125.0,14.93,52874,321,80.27973822021484,70,🔥萬人塚,HOLD,2
MSTR,2026-07-17,180.0,1.0,34534,281,82.25115405273438,35,🔥萬人塚,HOLD,2
AAPL,2027-01-15,300.0,25.2,65667,281,30.301600311279298,217,🔥萬人塚,HOLD,2
NVDA,2027-01-15,240.0,17.75,40339,275,47.137979797363286,217,🔥萬人塚,HOLD,2
PATH,2027-01-15,15.0,1.34,35135,253,78.4181845703125,217,🔥萬人塚,HOLD,2
ONDS,2027-01-15,20.0,1.23,32594,227,108.49655126953124,217,🔥萬人塚,HOLD,2
AAPL,2026-07-17,280.0,20.34,39127,191,28.68723657226562,35,🔥萬人塚,HOLD,2
MSFT,2027-01-15,625.0,4.1,52280,160,39.987782745361336,217,🔥萬人塚,HOLD,2
F,2027-01-15,14.85,1.9,56760,153,45.75249560546876,217,🔥萬人塚,HOLD,2
NVDA,2026-09-18,255.0,5.1,36618,140,45.154357055664065,98,🔥萬人塚,HOLD,2
PLTR,2026-09-18,155.0,7.6,57932,140,56.958438232421884,98,🔥萬人塚,HOLD,2
NVDA,2027-01-15,180.0,43.97,49884,139,50.31787963867188,217,🔥萬人塚,HOLD,2
AAPL,2027-01-15,280.0,37.28,31567,118,32.59497337341308,217,🔥萬人塚,HOLD,2
SHOP,2026-09-18,160.0,2.59,83115,102,64.34361828613282,98,🔥萬人塚,HOLD,2
DKNG,2026-11-20,30.0,4.85,30719,97,61.23085644531252,161,🔥萬人塚,HOLD,2
NVDA,2027-01-15,340.0,3.67,70146,73,47.8093598022461,217,🔥萬人塚,HOLD,2
META,2027-01-15,1250.0,2.37,39633,71,49.93946545410156,217,🔥萬人塚,HOLD,2
NVDA,2026-09-18,310.0,1.27,32902,68,48.120635986328125,98,🔥萬人塚,HOLD,2
META,2027-01-15,1430.0,1.64,53453,59,53.29636547851562,217,🔥萬人塚,HOLD,2
TSLA,2027-01-15,940.0,3.87,93815,32,61.84730535888674,217,🔥萬人塚,HOLD,2
F,2027-01-15,16.85,1.16,34558,25,44.19001123046875,217,🔥萬人塚,HOLD,2
DKNG,2026-11-20,37.5,2.39,30654,18,59.277750976562515,161,🔥萬人塚,HOLD,2
SHOP,2026-09-18,140.0,6.0,49008,12,64.95396374511719,98,🔥萬人塚,HOLD,2
SHOP,2026-09-18,175.0,1.85,46686,10,58.496508789062496,98,🔥萬人塚,HOLD,2
OPEN,2027-01-15,1.5,6.67,49508,7,0.0010000000000000002,217,🔥萬人塚,HOLD,2
NVDA,2026-06-12,215.0,0.16,53240,60575,41.5044912109375,0,🎲末日結算 🚬菸屁股 🔥萬人塚,HOLD,1
ASTS,2026-06-12,120.0,0.5,27772,22625,191.40629296875002,0,🎲末日結算 🆕新倉暴量 ⚠️IV頂峰 🚬菸屁股,GAMBLE,1
NVDA,2026-06-12,222.5,0.02,40887,20998,48.828636718750005,0,🎲末日結算 🚬菸屁股 🔥萬人塚,HOLD,1
NVDA,2026-06-12,220.0,0.05,52231,20977,46.289599609375,0,🎲末日結算 🚬菸屁股 🔥萬人塚,HOLD,1
NVDA,2026-06-12,225.0,0.02,54721,11888,50.0005,0,🎲末日結算 🚬菸屁股 🔥萬人塚,HOLD,1
MSTR,2026-06-12,125.0,1.05,17773,10789,77.929908203125,0,🎲末日結算 🆕新倉暴量,HOLD,1
MU,2026-06-12,1100.0,2.09,8687,9750,89.79502392578124,0,🎲末日結算 🆕新倉暴量,HOLD,1
TSLA,2026-06-12,600.0,0.04,7030,7773,189.06255468749998,0,🎲末日結算 🆕新倉暴量 ⚠️IV頂峰 🚬菸屁股,GAMBLE,1
SOFI,2026-07-17,20.0,0.32,27203,6867,59.570716796875004,35,🚬菸屁股,HOLD,1
AMD,2026-06-12,510.0,2.27,9289,6151,63.89196264648438,0,🎲末日結算 🆕新倉暴量,HOLD,1
TSLA,2026-06-12,650.0,0.02,9350,6026,215.62546093749998,0,🎲末日結算 🆕新倉暴量 ⚠️IV頂峰 🚬菸屁股,GAMBLE,1
HOOD,2026-06-12,87.0,5.58,10476,5529,73.04714453125,0,🎲末日結算 🆕新倉暴量,HOLD,1
SMCI,2026-07-17,50.0,0.44,9523,5093,97.94923925781251,35,🚬菸屁股,HOLD,1
TSLA,2026-09-18,990.0,0.71,15989,5050,73.07155834960936,98,🚬菸屁股,HOLD,1
ASTS,2026-06-12,115.0,0.81,9114,4728,184.57038964843747,0,🎲末日結算 🆕新倉暴量 ⚠️IV頂峰 🚬菸屁股,GAMBLE,1
ASTS,2026-06-12,125.0,0.3,3925,4546,200.78174804687498,0,🎲末日結算 🆕新倉暴量 ⚠️IV頂峰 🚬菸屁股,GAMBLE,1
ORCL,2026-07-17,300.0,0.38,15991,4429,74.17018017578124,35,🚬菸屁股,HOLD,1
ONDS,2028-01-21,25.0,2.41,4805,4188,106.10398510742188,588,🔭LEAPS,HOLD,1
SMCI,2026-06-12,46.0,0.01,5625,4169,181.25009375,0,🎲末日結算 🆕新倉暴量 ⚠️IV頂峰 🚬菸屁股,GAMBLE,1
MSFT,2026-07-17,500.0,0.6,26842,4096,40.5279384765625,35,🚬菸屁股,HOLD,1
SMCI,2026-06-12,43.5,0.02,5169,4025,156.25021875,0,🎲末日結算 🆕新倉暴量 ⚠️IV頂峰 🚬菸屁股,GAMBLE,1
ONDS,2028-01-21,27.0,2.29,6385,3424,106.88523120117188,588,🔭LEAPS,HOLD,1
HOOD,2026-07-17,150.0,0.43,15870,2935,84.47281152343749,35,🚬菸屁股,HOLD,1
RKLB,2026-06-12,140.0,0.4,4195,2921,168.1642216796875,0,🎲末日結算 🆕新倉暴量 ⚠️IV頂峰 🚬菸屁股,GAMBLE,1
MSTR,2026-06-12,121.0,2.19,8331,2880,72.70535107421875,0,🎲末日結算 🆕新倉暴量,HOLD,1
NBIS,2026-06-12,240.0,1.29,2642,2766,98.1445498046875,0,🎲末日結算 🆕新倉暴量,HOLD,1
SOFI,2026-08-21,20.0,0.89,25398,2736,66.69955175781253,70,🚬菸屁股,HOLD,1
COUR,2026-08-21,5.0,0.85,14346,2704,79.49239257812499,70,🚬菸屁股,HOLD,1
NVDA,2026-07-17,300.0,0.16,23686,2578,52.539537109375004,35,🚬菸屁股,HOLD,1
ASTS,2026-06-12,130.0,0.17,2966,2567,205.46923632812496,0,🎲末日結算 🆕新倉暴量 ⚠️IV頂峰 🚬菸屁股,GAMBLE,1
F,2026-07-17,15.0,0.7,15865,2199,44.92242578125,35,🚬菸屁股,HOLD,1
SOFI,2026-07-17,19.0,0.49,15806,2106,59.277750976562515,35,🚬菸屁股,HOLD,1
DKNG,2026-07-17,35.0,0.51,3675,2079,52.49070947265625,35,🚬菸屁股,HOLD,1
RKLB,2026-06-12,135.0,0.56,2511,2074,162.3048759765625,0,🎲末日結算 🆕新倉暴量 ⚠️IV頂峰 🚬菸屁股,GAMBLE,1
CRWV,2026-07-17,210.0,0.19,8658,2022,108.3988955078125,35,🚬菸屁股,HOLD,1
PLTR,2026-07-17,200.0,0.27,26519,2017,65.43003320312502,35,🚬菸屁股,HOLD,1
ORCL,2026-07-17,350.0,0.2,3844,1977,84.961087890625,35,🚬菸屁股,HOLD,1
IBIT,2026-07-17,40.0,0.57,13870,1779,40.430283203125,35,🚬菸屁股,HOLD,1
HIMS,2026-06-12,28.0,1.07,2719,1757,73.24245507812499,0,🎲末日結算 🆕新倉暴量,HOLD,1
IBIT,2026-09-18,70.0,0.1,24039,1669,60.15664843750002,98,🚬菸屁股,HOLD,1
RKLB,2026-06-12,150.0,0.16,3631,1639,180.85947070312497,0,🎲末日結算 🆕新倉暴量 ⚠️IV頂峰 🚬菸屁股,GAMBLE,1
NTLA,2026-07-17,18.0,0.25,4984,1603,129.98081884765622,35,🚬菸屁股,HOLD,1
TDOC,2026-07-17,7.0,0.75,12761,1392,65.23472265625001,35,🚬菸屁股,HOLD,1
CRWV,2026-07-17,150.0,0.84,6246,1324,88.81847119140623,35,🚬菸屁股,HOLD,1
ONDS,2026-07-17,11.0,0.82,21663,1275,99.41406835937501,35,🚬菸屁股,HOLD,1
NOW,2026-07-17,150.0,0.6,9721,1256,71.28934960937501,35,🚬菸屁股,HOLD,1
SMCI,2026-06-12,45.5,0.01,2192,1239,175.000125,0,🎲末日結算 🆕新倉暴量 ⚠️IV頂峰 🚬菸屁股,GAMBLE,1
ONDS,2026-07-17,15.0,0.21,28493,1226,107.42233789062503,35,🚬菸屁股,HOLD,1
NVDA,2026-07-17,260.0,0.62,24385,1141,44.58063232421875,35,🚬菸屁股,HOLD,1
TSLA,2026-08-21,990.0,0.38,8423,1135,80.22480712890624,70,🚬菸屁股,HOLD,1
TSLA,2026-07-17,990.0,0.1,16021,1129,97.070341796875,35,🚬菸屁股,HOLD,1
SMR,2026-08-21,15.0,0.64,7840,1085,115.72307763671876,70,🚬菸屁股,HOLD,1
NVDA,2026-08-21,300.0,0.7,27681,1082,47.7544287109375,70,🚬菸屁股,HOLD,1
OPEN,2026-07-17,5.0,0.42,8302,1076,96.48441015625,35,🚬菸屁股,HOLD,1
QCOM,2026-06-12,205.0,3.2,2110,1071,70.0198310546875,0,🎲末日結算 🆕新倉暴量,HOLD,1
COIN,2026-07-17,250.0,0.67,5772,1064,78.36935693359376,35,🚬菸屁股,HOLD,1
ONDS,2026-07-17,12.0,0.56,23395,1060,100.39112304687498,35,🚬菸屁股,HOLD,1
ASTS,2026-06-12,135.0,0.15,1416,1057,214.06296484374997,0,🎲末日結算 🆕新倉暴量 ⚠️IV頂峰 🚬菸屁股,GAMBLE,1
SMCI,2026-08-21,65.0,0.54,4662,1056,103.90673046875003,70,🚬菸屁股,HOLD,1
NBIS,2026-06-12,235.0,1.86,855,1008,95.9717199707031,0,🎲末日結算 🆕新倉暴量,HOLD,1
MU,2026-06-12,1120.0,1.15,2511,1008,90.72274902343749,0,🎲末日結算 🆕新倉暴量,HOLD,1
TDOC,2026-10-16,9.0,0.69,1561,971,69.336244140625,126,🚬菸屁股,HOLD,1
PLTR,2026-07-17,180.0,0.51,11488,962,58.10588769531251,35,🚬菸屁股,HOLD,1
HOOD,2028-01-21,290.0,8.15,5191,935,75.31762963867187,588,🔭LEAPS,HOLD,1
HIMS,2026-06-12,27.0,1.98,2312,917,88.2813671875,0,🎲末日結算 🆕新倉暴量,HOLD,1
SMR,2026-07-17,15.0,0.23,13208,844,114.25824121093751,35,🚬菸屁股,HOLD,1
PLTR,2026-08-21,220.0,0.83,9671,809,67.13900048828127,70,🚬菸屁股,HOLD,1
COIN,2026-07-17,300.0,0.28,8145,802,89.257919921875,35,🚬菸屁股,HOLD,1
ONDS,2026-09-18,15.0,0.9,9141,794,108.3988955078125,98,🚬菸屁股,HOLD,1
ACHR,2026-10-16,10.0,0.25,4843,786,93.945373046875,126,🚬菸屁股,HOLD,1
ONDS,2026-07-17,13.0,0.39,19331,769,103.32079589843752,35,🚬菸屁股,HOLD,1
ORCL,2026-07-17,400.0,0.11,3423,769,98.9257919921875,35,🚬菸屁股,HOLD,1
F,2026-09-18,21.0,0.17,11691,764,49.805189453125,98,🚬菸屁股,HOLD,1
LUNR,2026-06-12,35.0,0.46,1454,757,201.9536201171875,0,🎲末日結算 🆕新倉暴量 ⚠️IV頂峰 🚬菸屁股,GAMBLE,1
DKNG,2026-06-12,26.5,3.35,2227,736,144.140904296875,0,🎲末日結算 🆕新倉暴量,HOLD,1
OPEN,2026-09-18,6.0,0.58,4430,711,107.61764941406251,98,🚬菸屁股,HOLD,1
OPEN,2026-07-17,6.0,0.15,13359,708,98.437515625,35,🚬菸屁股,HOLD,1
OPEN,2028-01-21,15.0,1.04,28590,708,108.7895185546875,588,🔭LEAPS,HOLD,1
PLTR,2026-07-17,170.0,0.79,6846,707,54.41940112304688,35,🚬菸屁股,HOLD,1
ORCL,2026-07-17,310.0,0.33,1730,700,76.46507910156251,35,🚬菸屁股,HOLD,1
SMCI,2026-07-17,65.0,0.13,11556,682,112.109814453125,35,🚬菸屁股,HOLD,1
LUNR,2026-06-12,32.5,0.96,2834,674,190.82035839843752,0,🎲末日結算 🆕新倉暴量 ⚠️IV頂峰 🚬菸屁股,GAMBLE,1
IONQ,2026-06-12,57.0,2.26,1268,672,87.695435546875,0,🎲末日結算 🆕新倉暴量,HOLD,1
TJX,2026-06-12,165.0,3.66,1047,669,38.086556640625,0,🎲末日結算 🆕新倉暴量,HOLD,1
AAPL,2026-07-17,335.0,0.5,7464,661,23.780059082031247,35,🚬菸屁股,HOLD,1
DKNG,2026-06-12,27.5,2.48,1592,647,81.2501875,0,🎲末日結算 🆕新倉暴量,HOLD,1
NOW,2026-07-17,140.0,0.91,4588,626,67.62727685546876,35,🚬菸屁股,HOLD,1
MSFT,2026-07-17,480.0,0.91,8929,625,38.2696602783203,35,🚬菸屁股,HOLD,1
IBIT,2026-07-17,43.0,0.22,11336,622,41.5044912109375,35,🚬菸屁股,HOLD,1
ORCL,2026-07-17,510.0,0.03,4245,617,102.73486132812502,35,🚬菸屁股,HOLD,1
HIMS,2026-06-12,26.0,2.83,2274,614,121.875390625,0,🎲末日結算 🆕新倉暴量,HOLD,1
ASTS,2026-06-12,150.0,0.05,2297,613,231.25042187499994,0,🎲末日結算 🆕新倉暴量 ⚠️IV頂峰 🚬菸屁股,GAMBLE,1
AAPL,2026-07-17,330.0,0.7,14076,608,23.474886352539063,35,🚬菸屁股,HOLD,1
IBIT,2026-07-17,42.0,0.3,22265,606,40.918559570312496,35,🚬菸屁股,HOLD,1
IBIT,2026-08-21,100.0,0.02,6830,604,87.10950390625,70,🚬菸屁股,HOLD,1
GOOGL,2026-07-17,440.0,0.68,3160,597,38.78235046386719,35,🚬菸屁股,HOLD,1
RKLB,2026-06-12,117.0,4.0,809,592,149.36548754882813,0,🎲末日結算 🆕新倉暴量,HOLD,1
CRM,2026-07-17,210.0,0.83,7526,582,48.438015625000006,35,🚬菸屁股,HOLD,1
DKNG,2026-07-17,37.5,0.24,4752,581,53.12546875,35,🚬菸屁股,HOLD,1
IBIT,2026-08-21,50.0,0.2,22475,577,46.48491015625,70,🚬菸屁股,HOLD,1
ACHR,2027-01-15,20.0,0.19,20962,561,107.03171484375002,217,🚬菸屁股,HOLD,1
ASTS,2026-06-12,140.0,0.09,823,551,220.31294921874994,0,🎲末日結算 🆕新倉暴量 ⚠️IV頂峰 🚬菸屁股,GAMBLE,1
SOFI,2028-06-16,15.0,7.43,22409,545,77.39280419921876,735,🔭LEAPS,HOLD,1
SOFI,2026-08-21,23.0,0.43,4451,537,67.96907031250001,70,🚬菸屁股,HOLD,1
LUNR,2026-06-12,34.0,0.65,1547,537,194.921900390625,0,🎲末日結算 🆕新倉暴量 ⚠️IV頂峰 🚬菸屁股,GAMBLE,1
GOOGL,2026-07-17,450.0,0.48,2991,536,39.429316650390625,35,🚬菸屁股,HOLD,1
SOFI,2026-08-21,25.0,0.28,13481,531,70.0198310546875,70,🚬菸屁股,HOLD,1
MSFT,2026-07-17,550.0,0.21,6405,524,50.83056982421875,35,🚬菸屁股,HOLD,1
SOFI,2028-06-16,30.0,3.95,19898,500,74.06031799316406,735,🔭LEAPS,HOLD,1
OKLO,2026-07-17,100.0,0.57,8670,495,106.15281298828126,35,🚬菸屁股,HOLD,1
SOFI,2026-07-17,21.0,0.21,16028,495,61.52382226562501,35,🚬菸屁股,HOLD,1
META,2026-07-17,750.0,0.9,16756,490,45.2153916015625,35,🚬菸屁股,HOLD,1
OPEN,2026-08-21,5.0,0.67,22877,487,108.3988955078125,70,🚬菸屁股,HOLD,1
ONDS,2026-06-12,9.0,0.82,867,487,151.5627421875,0,🎲末日結算 🆕新倉暴量 ⚠️IV頂峰 🚬菸屁股,GAMBLE,1
F,2027-01-15,18.0,0.94,9497,478,45.898978515625004,217,🚬菸屁股,HOLD,1
ONDS,2028-01-21,10.0,4.9,13419,465,106.78757543945316,588,🔭LEAPS,HOLD,1
JOBY,2026-07-17,10.0,0.64,4930,464,78.4181845703125,35,🚬菸屁股,HOLD,1
GOOGL,2026-07-17,430.0,0.9,4247,460,35.75503698730469,35,🚬菸屁股,HOLD,1
SOFI,2028-01-21,47.0,1.7,5956,454,74.26783544921875,588,🔭LEAPS,HOLD,1
ORCL,2026-07-17,280.0,0.52,2120,449,68.40851904296876,35,🚬菸屁股,HOLD,1
SOFI,2028-01-21,20.0,5.12,29427,444,74.46314599609374,588,🔭LEAPS,HOLD,1
NVDA,2026-07-17,255.0,0.78,12736,442,43.87263159179688,35,🚬菸屁股,HOLD,1
SOFI,2026-07-17,22.0,0.14,10142,442,62.890996093750005,35,🚬菸屁股,HOLD,1
JOBY,2026-07-17,12.0,0.23,19937,440,78.12521875,35,🚬菸屁股,HOLD,1
OPEN,2026-08-21,7.0,0.25,28073,435,111.328568359375,70,🚬菸屁股,HOLD,1
PATH,2027-01-15,35.0,0.35,1623,419,90.62509374999999,217,🚬菸屁股,HOLD,1
MSFT,2026-07-17,600.0,0.12,5569,413,53.4184345703125,35,🚬菸屁股,HOLD,1
NVDA,2026-07-17,270.0,0.42,11365,411,46.680220703125,35,🚬菸屁股,HOLD,1
F,2026-09-18,16.0,0.87,27470,401,44.824770507812495,98,🚬菸屁股,HOLD,1
SMR,2026-07-17,13.0,0.39,6606,400,108.203583984375,35,🚬菸屁股,HOLD,1
SOFI,2028-01-21,15.0,6.7,29632,399,75.04907763671875,588,🔭LEAPS,HOLD,1
SOFI,2028-06-16,18.0,6.48,10241,390,76.02563037109377,735,🔭LEAPS,HOLD,1
JOBY,2026-07-17,11.0,0.37,21893,383,77.929908203125,35,🚬菸屁股,HOLD,1
OPEN,2026-09-18,7.0,0.4,8347,382,112.109814453125,98,🚬菸屁股,HOLD,1
OPEN,2026-11-20,15.0,0.18,10880,378,120.3128984375,161,🚬菸屁股,HOLD,1
IBM,2026-07-17,400.0,0.42,6419,378,56.81195532226562,35,🚬菸屁股,HOLD,1
SMCI,2026-07-17,60.0,0.16,18368,377,105.2739111328125,35,🚬菸屁股,HOLD,1
F,2026-09-18,22.0,0.1,4823,375,50.0005,98,🚬菸屁股,HOLD,1
ONDS,2026-09-18,16.0,0.72,8642,369,108.59420703125,98,🚬菸屁股,HOLD,1
F,2027-01-15,25.0,0.26,15605,366,50.537604003906246,217,🚬菸屁股,HOLD,1
SMR,2026-08-21,13.0,0.96,2681,364,113.47699511718751,70,🚬菸屁股,HOLD,1
NVDA,2028-01-21,200.0,54.5,26806,358,51.54467401123046,588,🔭LEAPS,HOLD,1
IBIT,2026-07-17,41.0,0.41,7850,358,40.332627929687504,35,🚬菸屁股,HOLD,1
META,2026-07-17,1410.0,0.13,1021,357,98.04689453125,35,🚬菸屁股,HOLD,1
SOFI,2028-06-16,40.0,2.87,9547,351,74.38990454101561,735,🔭LEAPS,HOLD,1
PATH,2026-07-17,12.0,0.44,2555,351,67.96907031250001,35,🚬菸屁股,HOLD,1
D,2027-01-15,80.0,0.8,1028,350,23.450472534179685,217,🚬菸屁股,HOLD,1
IBIT,2026-07-17,44.0,0.17,12070,346,42.57869921875,35,🚬菸屁股,HOLD,1
PATH,2026-08-21,12.0,0.82,7057,346,68.94562304687501,70,🚬菸屁股,HOLD,1
OPEN,2028-01-21,7.0,1.76,16869,344,110.84028955078126,588,🔭LEAPS,HOLD,1
SOFI,2026-08-21,21.0,0.69,23880,338,66.84603466796877,70,🚬菸屁股,HOLD,1
SOFI,2028-06-16,45.0,2.47,4482,328,74.73169799804688,735,🔭LEAPS,HOLD,1
NVDA,2027-01-15,460.0,0.91,8523,325,51.111328735351556,217,🚬菸屁股,HOLD,1
ACHR,2027-01-15,8.0,0.79,2530,324,92.38288867187501,217,🚬菸屁股,HOLD,1
OPEN,2026-08-21,10.0,0.1,18031,322,121.48476757812499,70,🚬菸屁股,HOLD,1
NVDA,2026-07-17,280.0,0.26,9118,319,48.87746435546876,35,🚬菸屁股,HOLD,1
MSTR,2026-07-17,200.0,0.6,7129,319,87.25598681640624,35,🚬菸屁股,HOLD,1
ONDS,2026-09-18,18.0,0.58,11281,319,111.03560107421875,98,🚬菸屁股,HOLD,1
MDT,2026-07-17,85.0,0.74,1886,316,23.19412744140625,35,🚬菸屁股,HOLD,1
NEE,2027-01-15,115.0,0.76,1467,315,30.53047985839844,217,🚬菸屁股,HOLD,1
ONDS,2026-09-18,20.0,0.46,12305,312,113.28168359375002,98,🚬菸屁股,HOLD,1
SOFI,2026-09-18,30.0,0.22,22138,310,73.633076171875,98,🚬菸屁股,HOLD,1
SMCI,2026-08-21,55.0,0.98,3870,309,100.48877880859375,70,🚬菸屁股,HOLD,1
ORCL,2026-09-18,500.0,0.61,6188,309,88.76964355468748,98,🚬菸屁股,HOLD,1
SOFI,2026-08-21,22.0,0.54,7956,308,66.99251757812502,70,🚬菸屁股,HOLD,1
TDOC,2027-01-15,10.0,0.79,8243,307,74.60962890625001,217,🚬菸屁股,HOLD,1
HIMS,2026-07-17,50.0,0.19,6228,299,99.023447265625,35,🚬菸屁股,HOLD,1
CRM,2026-07-17,250.0,0.13,3498,297,55.1762294921875,35,🚬菸屁股,HOLD,1
PLTR,2026-09-18,300.0,0.38,8755,296,72.60769580078124,98,🚬菸屁股,HOLD,1
INTC,2028-01-21,150.0,39.0,8804,296,83.53593124389647,588,🔭LEAPS,HOLD,1
PATH,2026-07-17,13.0,0.25,9811,296,70.50810742187501,35,🚬菸屁股,HOLD,1
BSX,2026-07-17,60.0,0.07,3597,295,45.2153916015625,35,🚬菸屁股,HOLD,1
MSTR,2026-07-17,250.0,0.3,7727,293,104.39500927734377,35,🚬菸屁股,HOLD,1
SMCI,2026-07-17,55.0,0.25,6120,290,102.34423828125001,35,🚬菸屁股,HOLD,1
HIMS,2026-07-17,40.0,0.6,6311,288,88.86729882812499,35,🚬菸屁股,HOLD,1
ORCL,2026-08-21,400.0,0.48,3213,287,82.51970605468748,70,🚬菸屁股,HOLD,1
HOOD,2026-07-17,135.0,0.79,956,286,79.1994267578125,35,🚬菸屁股,HOLD,1
ORCL,2026-07-17,290.0,0.46,1847,286,71.28934960937501,35,🚬菸屁股,HOLD,1
ACHR,2026-07-17,9.0,0.04,22796,285,95.312546875,35,🚬菸屁股,HOLD,1
ACHR,2026-10-16,7.0,0.61,3527,283,87.98840136718749,126,🚬菸屁股,HOLD,1
NOW,2026-08-21,200.0,0.7,3143,276,83.007982421875,70,🚬菸屁股,HOLD,1
IBIT,2026-08-21,45.0,0.45,19125,274,42.82283740234375,70,🚬菸屁股,HOLD,1
META,2026-07-17,1350.0,0.05,1030,274,85.1563984375,35,🚬菸屁股,HOLD,1
SOFI,2028-01-21,30.0,3.15,18611,267,72.6565234375,588,🔭LEAPS,HOLD,1
SMCI,2026-07-17,70.0,0.1,3118,266,114.45355273437498,35,🚬菸屁股,HOLD,1
NVDA,2026-09-18,350.0,0.62,24621,264,51.61181201171875,98,🚬菸屁股,HOLD,1
OPEN,2026-07-17,4.0,0.92,2571,263,103.51610742187502,35,🚬菸屁股,HOLD,1
BSX,2028-01-21,60.0,7.8,1602,263,50.586431640624994,588,🔭LEAPS,HOLD,1
NEE,2026-09-18,115.0,0.22,7108,261,31.055376953125,98,🚬菸屁股,HOLD,1
SMR,2026-08-21,20.0,0.32,5058,257,125.39099804687498,70,🚬菸屁股,HOLD,1
SMCI,2026-07-17,47.0,0.54,2382,255,95.507857421875,35,🚬菸屁股,HOLD,1
OPEN,2026-09-18,10.0,0.18,13260,254,126.172244140625,98,🚬菸屁股,HOLD,1
SOFI,2028-06-16,47.0,2.35,15590,253,74.46314599609374,735,🔭LEAPS,HOLD,1
PATH,2028-01-21,17.0,2.67,3204,253,79.101771484375,588,🔭LEAPS,HOLD,1
MSFT,2028-01-21,600.0,24.35,6122,245,39.10278182983398,588,🔭LEAPS,HOLD,1
F,2026-09-18,20.0,0.18,13236,243,48.633326171875005,98,🚬菸屁股,HOLD,1
SMR,2026-08-21,14.0,0.78,3787,241,115.8207333984375,70,🚬菸屁股,HOLD,1
AAPL,2026-07-17,340.0,0.3,6268,236,24.390404541015627,35,🚬菸屁股,HOLD,1
BSX,2027-01-15,80.0,0.75,1484,236,48.1450498046875,217,🚬菸屁股,HOLD,1
JOBY,2026-08-21,15.0,0.23,4961,233,85.1563984375,70,🚬菸屁股,HOLD,1
DKNG,2027-01-15,60.0,0.51,9000,229,58.154715332031245,217,🚬菸屁股,HOLD,1
NOW,2026-07-17,195.0,0.1,2919,229,92.57819921875,35,🚬菸屁股,HOLD,1
META,2026-07-17,800.0,0.6,12695,229,50.4765694580078,35,🚬菸屁股,HOLD,1
META,2026-08-21,1000.0,0.82,1606,228,56.226023681640626,70,🚬菸屁股,HOLD,1
SOFI,2028-01-21,25.0,3.91,16514,225,73.633076171875,588,🔭LEAPS,HOLD,1
GOOG,2026-07-17,425.0,0.94,7216,224,36.03579589843749,35,🚬菸屁股,HOLD,1
SMR,2028-01-21,20.0,3.5,3508,221,115.47893823242185,588,🔭LEAPS,HOLD,1
GOOGL,2026-08-21,600.0,0.21,11103,221,48.04739453125,70,🚬菸屁股,HOLD,1
IBIT,2028-01-21,50.0,6.0,7900,215,54.23629748535157,588,🔭LEAPS,HOLD,1
F,2026-08-21,20.0,0.14,6236,215,50.48877636718749,70,🚬菸屁股,HOLD,1
SOFI,2027-01-15,40.0,0.4,27614,214,72.90066162109376,217,🚬菸屁股,HOLD,1
ZS,2026-07-17,175.0,0.71,932,213,63.45251391601563,35,🚬菸屁股,HOLD,1
SMR,2028-01-21,13.0,4.35,2556,212,118.9457177734375,588,🔭LEAPS,HOLD,1
GOOGL,2026-08-21,570.0,0.28,770,211,48.5356708984375,70,🚬菸屁股,HOLD,1
ACHR,2028-01-21,5.0,2.57,8808,204,99.1211025390625,588,🔭LEAPS,HOLD,1
PATH,2026-08-21,15.0,0.31,8682,201,72.26590234375,70,🚬菸屁股,HOLD,1
SMR,2028-01-21,25.0,3.08,2358,201,116.99260253906249,588,🔭LEAPS,HOLD,1
JOBY,2026-07-17,13.0,0.13,5198,200,79.29708203125,35,🚬菸屁股,HOLD,1
SOFI,2026-07-17,24.0,0.08,3759,199,66.79720703125001,35,🚬菸屁股,HOLD,1
DKNG,2026-08-21,40.0,0.51,1073,199,55.42036767578126,70,🚬菸屁股,HOLD,1
ORCL,2026-08-21,340.0,0.83,1458,198,73.97486962890623,70,🚬菸屁股,HOLD,1
PATH,2027-01-15,20.0,0.76,28771,195,82.42205078125,217,🚬菸屁股,HOLD,1
NVDA,2026-07-17,265.0,0.51,17755,194,45.654840332031256,35,🚬菸屁股,HOLD,1
QBTS,2026-07-17,35.0,0.55,3418,193,104.29735351562503,35,🚬菸屁股,HOLD,1
SMCI,2026-09-18,70.0,0.71,3911,191,100.09815576171874,98,🚬菸屁股,HOLD,1
BSX,2026-09-18,60.0,0.85,6756,191,42.67635449218751,98,🚬菸屁股,HOLD,1
PATH,2026-07-17,15.0,0.11,4817,190,75.39087109375001,35,🚬菸屁股,HOLD,1
ZM,2026-07-17,110.0,0.73,2597,187,49.46339599609375,35,🚬菸屁股,HOLD,1
SMR,2026-07-17,12.0,0.54,2548,183,104.68797656250001,35,🚬菸屁股,HOLD,1
IBIT,2026-08-21,42.0,0.86,8872,181,41.94393994140625,70,🚬菸屁股,HOLD,1
LUNR,2026-07-17,50.0,0.91,1289,181,129.49254003906248,35,🚬菸屁股,HOLD,1
TSCO,2026-07-17,35.0,0.5,4390,180,43.99470068359375,35,🚬菸屁股,HOLD,1
ONDS,2028-01-21,17.0,3.3,10126,178,105.56687841796877,588,🔭LEAPS,HOLD,1
CRWV,2026-08-21,200.0,0.88,1109,178,96.80178979492187,70,🚬菸屁股,HOLD,1
SMCI,2026-09-18,75.0,0.6,3310,174,101.22119702148437,98,🚬菸屁股,HOLD,1
CRWV,2026-07-17,160.0,0.55,2841,170,93.11530322265625,35,🚬菸屁股,HOLD,1
GOOGL,2026-08-21,800.0,0.04,5086,170,59.375406250000005,70,🚬菸屁股,HOLD,1
HOOD,2026-07-17,140.0,0.66,6633,168,81.29901513671875,35,🚬菸屁股,HOLD,1
UPST,2026-07-17,37.5,0.95,920,165,73.09597216796875,35,🚬菸屁股,HOLD,1
ONDS,2028-01-21,20.0,3.15,12720,163,104.15086987304689,588,🔭LEAPS,HOLD,1
OKLO,2026-07-17,90.0,0.92,2563,160,101.172369140625,35,🚬菸屁股,HOLD,1
JOBY,2026-07-17,14.0,0.08,5306,159,84.37515624999999,35,🚬菸屁股,HOLD,1
META,2026-09-18,1480.0,0.21,10575,158,63.9652041015625,98,🚬菸屁股,HOLD,1
ACHR,2028-01-21,27.0,0.57,17858,156,97.26565234374999,588,🔭LEAPS,HOLD,1
ORCL,2026-07-17,320.0,0.3,824,155,80.4689453125,35,🚬菸屁股,HOLD,1
CRWV,2026-07-17,155.0,0.64,3279,153,89.64854101562499,35,🚬菸屁股,HOLD,1
SOFI,2028-06-16,10.0,9.65,9335,152,81.83611914062499,735,🔭LEAPS,HOLD,1
ONDS,2026-07-17,17.0,0.13,1585,152,112.5004375,35,🚬菸屁股,HOLD,1
NVDA,2026-08-21,320.0,0.45,7384,151,50.31787963867188,70,🚬菸屁股,HOLD,1
CRM,2026-07-17,230.0,0.25,2290,149,50.97705273437501,35,🚬菸屁股,HOLD,1
PATH,2026-07-17,11.0,0.72,4181,147,66.21127539062502,35,🚬菸屁股,HOLD,1
SMR,2028-01-21,18.0,3.75,1533,146,116.45549584960939,588,🔭LEAPS,HOLD,1
GOOGL,2026-07-17,435.0,0.82,1472,146,37.183245361328126,35,🚬菸屁股,HOLD,1
PATH,2026-07-17,14.0,0.15,9098,145,72.851833984375,35,🚬菸屁股,HOLD,1
OPEN,2026-09-18,5.0,0.74,6960,140,111.9145029296875,98,🚬菸屁股,HOLD,1
HPQ,2026-07-17,30.0,0.24,6508,137,52.3442265625,35,🚬菸屁股,HOLD,1
ZS,2026-07-17,200.0,0.25,1414,137,67.773759765625,35,🚬菸屁股,HOLD,1
META,2026-07-17,1330.0,0.04,1340,133,81.2501875,35,🚬菸屁股,HOLD,1
SOFI,2026-08-21,24.0,0.34,4102,130,68.7503125,70,🚬菸屁股,HOLD,1
SOFI,2026-11-20,33.0,0.38,1079,130,71.5823154296875,161,🚬菸屁股,HOLD,1
OPEN,2028-01-21,10.0,1.34,16907,130,104.78563232421875,588,🔭LEAPS,HOLD,1
QBTS,2026-07-17,32.0,0.84,852,130,99.60937890625,35,🚬菸屁股,HOLD,1
NEE,2026-07-17,90.0,0.88,4740,129,25.171646728515622,35,🚬菸屁股,HOLD,1
OPEN,2028-01-21,5.0,2.22,25618,128,109.27779736328125,588,🔭LEAPS,HOLD,1
CRM,2026-08-21,240.0,0.87,2695,128,50.146982910156254,70,🚬菸屁股,HOLD,1
META,2026-07-17,760.0,0.81,2966,128,46.228565063476566,35,🚬菸屁股,HOLD,1
NVDA,2026-08-21,400.0,0.1,6720,126,58.10588769531251,70,🚬菸屁股,HOLD,1
IBIT,2026-10-16,105.0,0.08,8837,126,75.39087109375001,126,🚬菸屁股,HOLD,1
OPEN,2026-08-21,6.0,0.42,13542,126,106.83640332031253,70,🚬菸屁股,HOLD,1
ACHR,2026-10-16,8.0,0.49,3535,126,95.507857421875,126,🚬菸屁股,HOLD,1
GOOGL,2026-10-16,800.0,0.11,1707,123,50.6840869140625,126,🚬菸屁股,HOLD,1
QBTS,2026-07-17,40.0,0.29,3846,121,111.328568359375,35,🚬菸屁股,HOLD,1
XYZ,2027-01-15,145.0,0.63,23330,119,56.1527822265625,217,🚬菸屁股,HOLD,1
ONDS,2028-01-21,7.0,5.66,10075,119,108.88717431640625,588,🔭LEAPS,HOLD,1
MSTR,2028-01-21,700.0,8.63,7058,117,93.2190619506836,588,🔭LEAPS,HOLD,1
IREN,2026-07-17,110.0,0.33,2290,117,108.7895185546875,35,🚬菸屁股,HOLD,1
JOBY,2028-01-21,10.0,3.85,10781,117,91.79695703125,588,🔭LEAPS,HOLD,1
SMCI,2026-09-18,90.0,0.29,2851,116,104.98094384765626,98,🚬菸屁股,HOLD,1
ACHR,2026-10-16,9.0,0.32,3350,116,91.60164648437501,126,🚬菸屁股,HOLD,1
GOOGL,2026-08-21,500.0,0.95,3033,116,41.17490466308594,70,🚬菸屁股,HOLD,1
QBTS,2028-01-21,30.0,10.68,2261,115,112.45160961914063,588,🔭LEAPS,HOLD,1
APH,2026-07-17,200.0,0.71,1751,114,55.42036767578126,35,🚬菸屁股,HOLD,1
HIMS,2026-08-21,50.0,0.95,3129,113,103.07665649414064,70,🚬菸屁股,HOLD,1
SMR,2026-07-17,17.0,0.15,3784,111,121.875390625,35,🚬菸屁股,HOLD,1
ORCL,2026-07-17,340.0,0.25,1176,111,85.1563984375,35,🚬菸屁股,HOLD,1
ACHR,2027-01-15,22.0,0.12,6659,110,104.49266503906252,217,🚬菸屁股,HOLD,1
SOFI,2028-01-21,18.0,5.69,10732,109,74.26783544921875,588,🔭LEAPS,HOLD,1
SMCI,2028-01-21,50.0,10.1,3908,107,91.27205993652343,588,🔭LEAPS,HOLD,1
OPEN,2027-01-15,12.0,0.39,4263,107,112.89106054687501,217,🚬菸屁股,HOLD,1
ONDS,2026-07-17,16.0,0.17,3143,107,110.54732226562503,35,🚬菸屁股,HOLD,1
XYZ,2027-01-15,140.0,0.75,1333,106,55.66450585937501,217,🚬菸屁股,HOLD,1
IREN,2026-07-17,100.0,0.58,5760,105,110.64497802734377,35,🚬菸屁股,HOLD,1
HPQ,2026-07-17,35.0,0.05,7316,105,57.812921875,35,🚬菸屁股,HOLD,1
SMCI,2026-08-21,70.0,0.41,1314,104,104.49266503906252,70,🚬菸屁股,HOLD,1
F,2026-08-21,19.0,0.16,1974,104,50.098155273437506,70,🚬菸屁股,HOLD,1
SMCI,2026-09-18,65.0,0.75,2409,102,98.29103271484375,98,🚬菸屁股,HOLD,1
SMCI,2028-01-21,40.0,12.0,3178,101,90.99130102539061,588,🔭LEAPS,HOLD,1
OPEN,2026-07-17,7.0,0.07,5616,101,103.90673046875003,35,🚬菸屁股,HOLD,1
IBIT,2026-09-18,90.0,0.08,10693,100,73.82838671875,98,🚬菸屁股,HOLD,1
IREN,2026-07-17,90.0,0.97,3623,100,107.17819848632817,35,🚬菸屁股,HOLD,1
PACB,2026-07-17,2.0,0.05,1382,100,120.3128984375,35,🚬菸屁股,HOLD,1
NOW,2026-07-17,145.0,0.8,1792,100,70.21514160156251,35,🚬菸屁股,HOLD,1
GOOGL,2026-11-20,800.0,0.25,1755,100,52.07567456054687,161,🚬菸屁股,HOLD,1
COUR,2026-08-21,6.0,0.46,5398,100,73.82838671875,70,🚬菸屁股,HOLD,1
BSX,2026-08-21,60.0,0.65,4703,99,51.24560473632812,70,🚬菸屁股,HOLD,1
ONDS,2027-01-15,25.0,0.84,16811,98,109.27779736328125,217,🚬菸屁股,HOLD,1
HIMS,2026-07-17,45.0,0.3,3518,97,97.1679970703125,35,🚬菸屁股,HOLD,1
ONDS,2026-09-18,22.0,0.33,4021,96,115.0394873046875,98,🚬菸屁股,HOLD,1
NNE,2026-07-17,35.0,0.52,2894,95,100.68409033203123,35,🚬菸屁股,HOLD,1
SOFI,2026-09-18,42.0,0.09,6043,94,84.37515624999999,98,🚬菸屁股,HOLD,1
ACHR,2028-01-21,25.0,0.61,1324,93,96.72854833984375,588,🔭LEAPS,HOLD,1
GOOGL,2026-07-17,465.0,0.3,1044,92,40.967387207031244,35,🚬菸屁股,HOLD,1
SMR,2028-01-21,8.0,5.6,1514,91,118.21329956054684,588,🔭LEAPS,HOLD,1
COUR,2026-07-17,7.0,0.06,20396,91,70.70341796875,35,🚬菸屁股,HOLD,1
GOOG,2026-07-17,430.0,0.7,9799,90,35.913726806640625,35,🚬菸屁股,HOLD,1
SOFI,2026-10-16,35.0,0.19,2773,90,73.7307314453125,126,🚬菸屁股,HOLD,1
OPEN,2026-11-20,6.0,0.76,4259,90,111.71919140624999,161,🚬菸屁股,HOLD,1
TSCO,2026-09-18,40.0,0.72,8118,90,48.804222900390634,98,🚬菸屁股,HOLD,1
META,2026-07-17,1460.0,0.05,2476,90,102.53954980468751,35,🚬菸屁股,HOLD,1
IBIT,2027-01-15,55.0,0.99,17104,88,47.77884252929688,217,🚬菸屁股,HOLD,1
OPEN,2026-07-17,8.0,0.04,3112,88,111.71919140624999,35,🚬菸屁股,HOLD,1
ONDS,2026-07-17,20.0,0.07,8075,87,125.78162109374999,35,🚬菸屁股,HOLD,1
ORCL,2026-07-17,330.0,0.35,2016,85,80.02949658203124,35,🚬菸屁股,HOLD,1
META,2026-07-17,1380.0,0.03,1505,83,84.37515624999999,35,🚬菸屁股,HOLD,1
SMCI,2026-09-18,100.0,0.23,3015,80,107.22702636718753,98,🚬菸屁股,HOLD,1
U,2026-07-17,35.0,0.37,6780,80,75.87914746093752,35,🚬菸屁股,HOLD,1
NOW,2028-01-21,284.0,7.55,4164,80,66.32724102783205,588,🔭LEAPS,HOLD,1
ORCL,2026-09-18,510.0,0.51,6150,80,90.1368173828125,98,🚬菸屁股,HOLD,1
GOOGL,2027-01-15,800.0,0.53,1343,80,45.6182196044922,217,🚬菸屁股,HOLD,1
NVDA,2028-01-21,240.0,39.69,6723,79,50.10120700073243,588,🔭LEAPS,HOLD,1
JOBY,2026-08-21,13.0,0.4,2027,79,84.0821904296875,70,🚬菸屁股,HOLD,1
SMCI,2026-07-17,48.0,0.49,9655,78,96.0937890625,35,🚬菸屁股,HOLD,1
F,2026-08-21,17.0,0.4,6823,78,47.6567734375,70,🚬菸屁股,HOLD,1
OPEN,2027-01-15,15.0,0.35,13908,77,118.35978320312499,217,🚬菸屁股,HOLD,1
SMR,2028-01-21,40.0,2.16,1031,76,117.04143041992188,588,🔭LEAPS,HOLD,1
TSCO,2026-07-17,40.0,0.1,9734,76,50.19581054687501,35,🚬菸屁股,HOLD,1
PATH,2028-01-21,12.0,3.75,6823,75,79.83418603515625,588,🔭LEAPS,HOLD,1
CRM,2026-08-21,250.0,0.71,2076,75,50.879397460937504,70,🚬菸屁股,HOLD,1
ONDS,2028-01-21,5.0,6.55,8223,74,109.27779736328125,588,🔭LEAPS,HOLD,1
IREN,2026-07-17,115.0,0.44,756,73,119.62930810546877,35,🚬菸屁股,HOLD,1
NNE,2026-07-17,40.0,0.25,3041,72,109.76607617187501,35,🚬菸屁股,HOLD,1
PATH,2026-08-21,14.0,0.42,5884,71,71.19169433593751,70,🚬菸屁股,HOLD,1
ONDS,2028-01-21,15.0,3.9,6177,70,106.05515722656251,588,🔭LEAPS,HOLD,1
SMR,2026-07-17,16.0,0.19,1594,70,117.96916015624998,35,🚬菸屁股,HOLD,1
ONDS,2026-09-18,17.0,0.63,6871,69,111.9145029296875,98,🚬菸屁股,HOLD,1
TSLA,2026-07-17,750.0,0.33,5676,68,80.81073876953124,35,🚬菸屁股,HOLD,1
SMCI,2026-09-18,105.0,0.25,7667,68,111.42622412109375,98,🚬菸屁股,HOLD,1
SOFI,2028-01-21,40.0,2.1,13845,68,73.5354208984375,588,🔭LEAPS,HOLD,1
DKNG,2027-01-15,55.0,0.73,6849,68,57.42230078125,217,🚬菸屁股,HOLD,1
PATH,2028-01-21,10.0,4.35,6995,67,83.30094824218747,588,🔭LEAPS,HOLD,1
OPEN,2026-11-20,9.0,0.39,8336,67,111.71919140624999,161,🚬菸屁股,HOLD,1
BLDP,2026-07-17,6.0,0.14,6232,67,105.46922265625001,35,🚬菸屁股,HOLD,1
NVDA,2028-01-21,230.0,42.8,12606,65,50.37433659362793,588,🔭LEAPS,HOLD,1
OPEN,2028-01-21,12.0,1.18,3301,65,107.86178881835937,588,🔭LEAPS,HOLD,1
HIMS,2028-01-21,50.0,8.67,2327,65,94.28716650390623,588,🔭LEAPS,HOLD,1
SMCI,2026-09-18,85.0,0.36,2721,64,104.78563232421875,98,🚬菸屁股,HOLD,1
IBIT,2026-07-17,53.0,0.05,5130,63,58.20354296875,35,🚬菸屁股,HOLD,1
ORCL,2026-08-21,330.0,0.92,1552,63,72.9494892578125,70,🚬菸屁股,HOLD,1
IBIT,2028-01-21,70.0,2.88,16493,62,53.686986572265624,588,🔭LEAPS,HOLD,1
OPEN,2026-09-18,9.0,0.25,1716,62,125.39099804687498,98,🚬菸屁股,HOLD,1
CRM,2026-09-18,300.0,0.5,1697,62,56.982852050781254,98,🚬菸屁股,HOLD,1
F,2026-07-17,25.0,0.02,3421,62,90.23447265624999,35,🚬菸屁股,HOLD,1
SOFI,2028-01-21,10.0,9.1,3695,61,80.61542822265625,588,🔭LEAPS,HOLD,1
DKNG,2026-08-21,37.5,0.77,1461,61,55.81098876953126,70,🚬菸屁股,HOLD,1
OPEN,2028-01-21,1.0,3.7,2719,61,144.53152734375,588,🔭LEAPS,HOLD,1
HPQ,2028-01-21,30.0,4.6,929,61,51.062501098632815,588,🔭LEAPS,HOLD,1
AAPL,2027-01-15,450.0,0.82,14381,60,28.284408569335934,217,🚬菸屁股,HOLD,1
IBIT,2026-08-21,44.0,0.56,11146,60,42.236905761718745,70,🚬菸屁股,HOLD,1
JOBY,2027-01-15,20.0,0.58,12372,60,87.5977802734375,217,🚬菸屁股,HOLD,1
HPQ,2026-09-18,32.0,0.87,4838,60,55.273884765625006,98,🚬菸屁股,HOLD,1
SMCI,2026-09-18,80.0,0.46,2081,59,103.22314013671878,98,🚬菸屁股,HOLD,1
SOFI,2028-01-21,13.0,7.85,4033,59,76.6848034667969,588,🔭LEAPS,HOLD,1
SMCI,2026-07-17,43.0,0.9,1608,58,93.6524072265625,35,🚬菸屁股,HOLD,1
ACHR,2028-01-21,10.0,1.5,17139,57,95.312546875,588,🔭LEAPS,HOLD,1
ACHR,2028-01-21,15.0,1.0,12715,57,94.6289599609375,588,🔭LEAPS,HOLD,1
SMR,2028-01-21,30.0,2.72,2988,57,116.60197949218751,588,🔭LEAPS,HOLD,1
NVDA,2026-08-21,310.0,0.53,11462,56,48.87746435546876,70,🚬菸屁股,HOLD,1
IBIT,2026-09-18,105.0,0.04,11940,56,81.2501875,98,🚬菸屁股,HOLD,1
PATH,2026-08-21,18.0,0.14,17842,56,81.83611914062499,70,🚬菸屁股,HOLD,1
META,2026-07-17,1400.0,0.05,1511,56,85.54701953125,35,🚬菸屁股,HOLD,1
META,2028-01-21,1500.0,10.3,10939,56,46.02867692565918,588,🔭LEAPS,HOLD,1
SMCI,2026-07-17,46.0,0.63,1412,54,96.82620361328125,35,🚬菸屁股,HOLD,1
CRWV,2026-09-18,280.0,0.5,4349,54,101.02588549804685,98,🚬菸屁股,HOLD,1
DKNG,2027-01-15,57.5,0.59,885,53,59.42423388671876,217,🚬菸屁股,HOLD,1
BLDP,2026-08-21,7.0,0.2,1913,53,105.078599609375,70,🚬菸屁股,HOLD,1
JOBY,2028-01-21,12.0,3.37,5241,51,91.6993017578125,588,🔭LEAPS,HOLD,1
PATH,2026-09-18,13.0,0.9,1785,50,76.70921728515626,98,🚬菸屁股,HOLD,1
PATH,2028-01-21,15.0,3.03,8662,50,82.0314296875,588,🔭LEAPS,HOLD,1
BSX,2026-09-18,65.0,0.45,4446,49,43.457596679687505,98,🚬菸屁股,HOLD,1
SOFI,2026-08-21,40.0,0.07,1403,48,94.14068359375,70,🚬菸屁股,HOLD,1
TDOC,2026-07-17,8.0,0.34,3510,48,64.45348046875,35,🚬菸屁股,HOLD,1
TSLA,2026-09-18,940.0,0.8,10313,47,71.60672924804688,98,🚬菸屁股,HOLD,1
IBIT,2027-01-15,65.0,0.51,14799,47,50.29346582031251,217,🚬菸屁股,HOLD,1
SOFI,2028-01-21,32.0,2.85,7099,47,72.92507543945312,588,🔭LEAPS,HOLD,1
JOBY,2026-07-17,15.0,0.05,3673,47,89.84385156249999,35,🚬菸屁股,HOLD,1
BSX,2027-01-15,90.0,0.4,12616,47,49.1216025390625,217,🚬菸屁股,HOLD,1
NOW,2026-07-17,180.0,0.2,3733,47,85.54701953125,35,🚬菸屁股,HOLD,1
NVDA,2026-07-17,460.0,0.02,13199,46,77.3439765625,35,🚬菸屁股,HOLD,1
SOFI,2027-01-15,32.0,0.64,15546,46,67.773759765625,217,🚬菸屁股,HOLD,1
D,2026-07-17,70.0,0.77,3455,46,24.95192236328125,35,🚬菸屁股,HOLD,1
TSLA,2028-06-16,990.0,34.95,5167,44,59.05497488403321,735,🔭LEAPS,HOLD,1
NVDA,2028-01-21,195.0,56.57,6304,44,51.73998455810547,588,🔭LEAPS,HOLD,1
SMCI,2028-01-21,85.0,5.87,15204,44,89.3555751953125,588,🔭LEAPS,HOLD,1
OPEN,2026-10-16,5.0,0.88,954,44,103.12548437500001,126,🚬菸屁股,HOLD,1
SMR,2026-08-21,18.0,0.42,2063,44,123.047259765625,70,🚬菸屁股,HOLD,1
SMR,2027-01-15,80.0,0.33,9912,44,140.0393623046875,217,🚬菸屁股,HOLD,1
BSX,2026-08-21,65.0,0.3,27810,44,51.22119091796875,70,🚬菸屁股,HOLD,1
GEN,2026-10-16,30.0,0.8,754,44,44.19001123046875,126,🚬菸屁股,HOLD,1
SHOP,2026-07-17,150.0,0.54,7287,43,60.49844189453126,35,🚬菸屁股,HOLD,1
HPQ,2026-08-21,38.0,0.16,5486,42,58.984785156250005,70,🚬菸屁股,HOLD,1
SOFI,2026-09-18,24.0,0.5,1108,41,67.57844921875001,98,🚬菸屁股,HOLD,1
NEE,2026-07-17,92.5,0.49,2076,41,25.196060546875,35,🚬菸屁股,HOLD,1
IBIT,2026-10-16,60.0,0.23,8726,40,50.48877636718749,126,🚬菸屁股,HOLD,1
SOFI,2026-08-21,27.0,0.19,3717,40,71.28934960937501,70,🚬菸屁股,HOLD,1
U,2028-01-21,23.0,11.5,3748,40,78.00314965820311,588,🔭LEAPS,HOLD,1
QBTS,2028-01-21,25.0,12.0,1534,40,107.91061669921875,588,🔭LEAPS,HOLD,1
GOOGL,2026-07-17,480.0,0.21,5205,40,45.19097778320313,35,🚬菸屁股,HOLD,1
IBIT,2026-09-18,46.0,0.68,9659,39,43.2622861328125,98,🚬菸屁股,HOLD,1
JOBY,2026-08-21,11.0,0.8,3513,38,83.20329296874999,70,🚬菸屁股,HOLD,1
JOBY,2026-08-21,12.0,0.59,3140,38,83.789224609375,70,🚬菸屁股,HOLD,1
ACHR,2027-01-15,27.0,0.11,5467,38,119.141029296875,217,🚬菸屁股,HOLD,1
SOFI,2028-01-21,45.0,1.77,3738,37,72.90066162109376,588,🔭LEAPS,HOLD,1
U,2027-01-15,75.0,0.7,2451,37,77.929908203125,217,🚬菸屁股,HOLD,1
CRM,2028-01-21,380.0,7.77,1950,37,51.48974291992188,588,🔭LEAPS,HOLD,1
SOFI,2026-07-17,33.0,0.05,1270,36,107.81296093750001,35,🚬菸屁股,HOLD,1
SOFI,2028-06-16,13.0,8.3,4156,36,81.03046313476561,735,🔭LEAPS,HOLD,1
SOFI,2028-06-16,32.0,3.56,13153,36,72.09500561523438,735,🔭LEAPS,HOLD,1
DKNG,2028-01-21,30.0,9.34,3256,36,64.062859375,588,🔭LEAPS,HOLD,1
MSFT,2026-09-18,800.0,0.19,9910,35,53.027813476562514,98,🚬菸屁股,HOLD,1
SMCI,2028-01-21,70.0,7.05,1840,35,89.09923010253907,588,🔭LEAPS,HOLD,1
DKNG,2027-01-15,75.0,0.16,996,35,58.496508789062496,217,🚬菸屁股,HOLD,1
OPEN,2026-09-18,12.0,0.14,990,35,119.922275390625,98,🚬菸屁股,HOLD,1
GOOGL,2026-07-17,460.0,0.28,2188,35,41.28476684570312,35,🚬菸屁股,HOLD,1
SMCI,2026-07-17,49.0,0.33,9513,34,96.87503124999999,35,🚬菸屁股,HOLD,1
F,2028-01-21,12.0,4.25,8802,34,46.72904833984375,588,🔭LEAPS,HOLD,1
NOW,2026-07-17,165.0,0.3,1289,33,79.3947373046875,35,🚬菸屁股,HOLD,1
F,2026-07-17,22.0,0.03,3752,33,59.375406250000005,35,🚬菸屁股,HOLD,1
IBIT,2026-08-21,43.0,0.69,5490,32,42.0904228515625,70,🚬菸屁股,HOLD,1
UPST,2026-07-17,42.5,0.4,895,32,75.68383691406251,35,🚬菸屁股,HOLD,1
JOBY,2027-01-15,22.0,0.6,6230,32,87.40246972656249,217,🚬菸屁股,HOLD,1
SMR,2026-08-21,17.0,0.5,1419,32,119.141029296875,70,🚬菸屁股,HOLD,1
NOW,2026-08-21,230.0,0.55,1051,32,88.42785009765625,70,🚬菸屁股,HOLD,1
META,2026-07-17,900.0,0.3,5590,32,59.18009570312501,35,🚬菸屁股,HOLD,1
AAPL,2028-01-21,350.0,28.6,7401,31,31.685558639526363,588,🔭LEAPS,HOLD,1
OKLO,2026-07-17,120.0,0.25,3637,31,116.01604492187501,35,🚬菸屁股,HOLD,1
SOFI,2026-07-17,28.0,0.04,4688,31,80.85956640625,35,🚬菸屁股,HOLD,1
U,2026-07-17,40.0,0.14,7932,31,70.50810742187501,35,🚬菸屁股,HOLD,1
PATH,2028-01-21,20.0,2.2,8789,31,78.93087475585938,588,🔭LEAPS,HOLD,1
GEN,2026-07-17,29.0,0.24,851,31,62.890996093750005,35,🚬菸屁股,HOLD,1
NVDA,2028-01-21,350.0,17.46,27540,30,49.09413699340821,588,🔭LEAPS,HOLD,1
DKNG,2028-01-21,37.5,6.85,19839,30,58.72844006347657,588,🔭LEAPS,HOLD,1
HOOD,2026-08-21,200.0,0.52,1270,30,92.04109521484375,70,🚬菸屁股,HOLD,1
ZM,2026-07-17,115.0,0.46,1560,30,55.469195312500005,35,🚬菸屁股,HOLD,1
NTLA,2027-01-15,35.0,0.4,3988,30,97.55861816406251,217,🚬菸屁股,HOLD,1
JOBY,2026-08-21,30.0,0.05,1492,30,117.96916015624998,70,🚬菸屁股,HOLD,1
JOBY,2027-01-15,32.0,0.22,1043,30,96.679720703125,217,🚬菸屁股,HOLD,1
ZS,2026-07-17,170.0,0.78,832,30,61.914443359375014,35,🚬菸屁股,HOLD,1
SOFI,2028-06-16,5.0,12.0,902,29,86.132951171875,735,🔭LEAPS,HOLD,1
CRWV,2026-07-17,180.0,0.21,2379,29,99.65820654296876,35,🚬菸屁股,HOLD,1
HPQ,2026-08-21,35.0,0.25,1094,29,54.98091894531252,70,🚬菸屁股,HOLD,1
TSLA,2028-01-21,900.0,29.48,7022,28,58.51634501647949,588,🔭LEAPS,HOLD,1
IBIT,2026-07-17,60.0,0.03,13199,28,68.7503125,35,🚬菸屁股,HOLD,1
IBIT,2026-09-18,47.0,0.56,10331,28,43.457596679687505,98,🚬菸屁股,HOLD,1
IBIT,2026-09-18,48.0,0.46,21357,28,43.7505625,98,🚬菸屁股,HOLD,1
IBIT,2026-10-16,50.0,0.58,5463,27,45.06890869140625,126,🚬菸屁股,HOLD,1
SMR,2026-08-21,22.0,0.35,2246,27,127.34411328124997,70,🚬菸屁股,HOLD,1
NOW,2026-07-17,170.0,0.31,1666,27,79.49239257812499,35,🚬菸屁股,HOLD,1
SOFI,2026-09-18,45.0,0.08,7201,26,90.039162109375,98,🚬菸屁股,HOLD,1
ZTS,2026-07-17,95.0,0.5,799,26,41.626560302734376,35,🚬菸屁股,HOLD,1
HPQ,2027-01-15,55.0,0.29,5697,26,62.9886513671875,217,🚬菸屁股,HOLD,1
GEN,2026-07-17,25.0,0.85,4389,26,42.2857333984375,35,🚬菸屁股,HOLD,1
QBTS,2026-07-17,33.0,0.77,1107,26,103.80907470703127,35,🚬菸屁股,HOLD,1
NVDA,2028-01-21,210.0,50.35,9620,25,51.10827700805663,588,🔭LEAPS,HOLD,1
PLTR,2028-01-21,410.0,5.85,8203,25,62.86047882080079,588,🔭LEAPS,HOLD,1
IONQ,2026-07-17,90.0,0.98,1706,25,103.27196801757816,35,🚬菸屁股,HOLD,1
OPEN,2026-08-21,8.0,0.19,10626,25,112.109814453125,70,🚬菸屁股,HOLD,1
OPEN,2028-01-21,4.0,2.38,4457,25,99.5117236328125,588,🔭LEAPS,HOLD,1
PACB,2026-09-18,3.0,0.08,1865,25,140.625296875,98,🚬菸屁股,HOLD,1
ONDS,2028-01-21,2.0,7.7,1016,25,126.56286718749999,588,🔭LEAPS,HOLD,1
ONDS,2028-01-21,3.0,7.16,1417,25,113.0863720703125,588,🔭LEAPS,HOLD,1
JOBY,2028-01-21,32.0,1.32,8309,25,97.1679970703125,588,🔭LEAPS,HOLD,1
ACHR,2027-01-15,9.0,0.66,2325,25,93.6524072265625,217,🚬菸屁股,HOLD,1
QBTS,2028-01-21,40.0,9.75,1650,25,107.95944458007813,588,🔭LEAPS,HOLD,1
NVDA,2026-07-17,350.0,0.04,24388,24,61.52382226562501,35,🚬菸屁股,HOLD,1
IBIT,2028-01-21,60.0,4.1,6538,24,53.51608984375,588,🔭LEAPS,HOLD,1
SOFI,2026-11-20,28.0,0.66,1355,24,69.04327832031252,161,🚬菸屁股,HOLD,1
TDOC,2026-07-17,15.0,0.04,1509,24,132.81283593749998,35,🚬菸屁股,HOLD,1
SMR,2028-01-21,23.0,3.22,960,24,116.30901220703124,588,🔭LEAPS,HOLD,1
META,2026-07-17,1000.0,0.18,1194,24,67.28548339843752,35,🚬菸屁股,HOLD,1
OPEN,2026-09-18,8.0,0.25,4093,23,112.30512597656251,98,🚬菸屁股,HOLD,1
META,2026-07-17,850.0,0.39,1334,23,54.63912548828126,35,🚬菸屁股,HOLD,1
META,2026-07-17,1420.0,0.04,1223,23,90.23447265624999,35,🚬菸屁股,HOLD,1
NVDA,2028-01-21,360.0,16.5,7059,22,49.16737844848633,588,🔭LEAPS,HOLD,1
IBIT,2026-10-16,65.0,0.18,5080,22,52.93015820312501,126,🚬菸屁股,HOLD,1
IBIT,2028-06-16,40.0,10.5,6220,22,59.65616516113281,735,🔭LEAPS,HOLD,1
SMCI,2028-01-21,60.0,8.5,3865,22,89.45323046875,588,🔭LEAPS,HOLD,1
OKLO,2026-07-17,165.0,0.09,1109,22,148.4377578125,35,🚬菸屁股,HOLD,1
SOFI,2026-07-17,27.0,0.05,3351,22,77.3439765625,35,🚬菸屁股,HOLD,1
SOFI,2028-01-21,35.0,2.33,13498,22,72.9494892578125,588,🔭LEAPS,HOLD,1
U,2026-08-21,55.0,0.23,5591,22,78.9064609375,70,🚬菸屁股,HOLD,1
HOOD,2028-01-21,250.0,9.67,2323,22,72.25369543457032,588,🔭LEAPS,HOLD,1
JOBY,2028-01-21,8.0,4.45,4634,22,90.86923193359374,588,🔭LEAPS,HOLD,1
ACHR,2028-01-21,4.0,2.8,2691,22,96.48441015625,588,🔭LEAPS,HOLD,1
NOW,2026-07-17,190.0,0.16,859,22,87.98840136718749,35,🚬菸屁股,HOLD,1
GOOGL,2026-07-17,445.0,0.55,1901,22,39.57579956054688,35,🚬菸屁股,HOLD,1
IBIT,2028-01-21,100.0,1.29,14247,21,55.12740185546876,588,🔭LEAPS,HOLD,1
SOFI,2027-01-15,45.0,0.3,11807,21,75.4885263671875,217,🚬菸屁股,HOLD,1
PATH,2026-08-21,20.0,0.09,4971,21,83.007982421875,70,🚬菸屁股,HOLD,1
OPEN,2026-10-16,6.0,0.61,862,21,121.875390625,126,🚬菸屁股,HOLD,1
JOBY,2026-11-20,15.0,0.82,1559,21,88.96495410156248,161,🚬菸屁股,HOLD,1
CRWV,2026-09-18,240.0,0.95,5433,21,96.3867548828125,98,🚬菸屁股,HOLD,1
QBTS,2028-01-21,45.0,8.2,958,21,109.61959252929687,588,🔭LEAPS,HOLD,1
NVDA,2028-01-21,220.0,46.5,8616,20,50.566595413208006,588,🔭LEAPS,HOLD,1
IBIT,2026-07-17,47.0,0.1,18920,20,47.461462890625,35,🚬菸屁股,HOLD,1
JOBY,2027-01-15,35.0,0.21,2490,20,94.5313046875,217,🚬菸屁股,HOLD,1
SMR,2028-01-21,50.0,1.83,1128,20,118.26212744140622,588,🔭LEAPS,HOLD,1
NEE,2026-09-18,100.0,0.72,4839,20,28.613995117187496,98,🚬菸屁股,HOLD,1
META,2026-07-17,1190.0,0.12,815,20,77.148666015625,35,🚬菸屁股,HOLD,1
PATH,2026-09-18,18.0,0.3,2313,19,89.16026464843749,98,🚬菸屁股,HOLD,1
NTLA,2028-01-21,12.5,8.0,917,19,108.35006762695313,588,🔭LEAPS,HOLD,1
JOBY,2028-01-21,5.0,6.0,2430,19,140.8206083984375,588,🔭LEAPS,HOLD,1
GOOGL,2026-07-17,470.0,0.3,871,19,43.48201049804688,35,🚬菸屁股,HOLD,1
NVDA,2028-01-21,320.0,21.5,6673,18,49.16585258483887,588,🔭LEAPS,HOLD,1
JOBY,2028-01-21,15.0,2.73,8018,18,89.30674755859374,588,🔭LEAPS,HOLD,1
ACHR,2026-07-17,11.0,0.02,1657,18,118.75040625,35,🚬菸屁股,HOLD,1
NNE,2027-01-15,90.0,0.8,2746,18,99.26758544921876,217,🚬菸屁股,HOLD,1
NVDA,2028-01-21,420.0,10.9,23763,17,49.41762008666992,588,🔭LEAPS,HOLD,1
TDOC,2026-10-16,10.0,0.54,2118,17,79.7853583984375,126,🚬菸屁股,HOLD,1
PACB,2027-01-15,1.5,0.45,8831,17,116.79729101562502,217,🚬菸屁股,HOLD,1
CRWV,2026-07-17,170.0,0.4,1524,17,95.01958105468748,35,🚬菸屁股,HOLD,1
BSX,2028-01-21,75.0,4.49,1143,17,51.38598419189453,588,🔭LEAPS,HOLD,1
F,2026-09-18,19.0,0.25,7422,17,47.6567734375,98,🚬菸屁股,HOLD,1
NVDA,2028-01-21,190.0,59.0,8389,16,51.96581237792968,588,🔭LEAPS,HOLD,1
PLTR,2026-09-18,410.0,0.12,6277,16,82.0314296875,98,🚬菸屁股,HOLD,1
VST,2026-07-17,210.0,0.41,2175,16,60.937890625000016,35,🚬菸屁股,HOLD,1
NTLA,2026-07-17,14.0,0.83,1646,16,85.54701953125,35,🚬菸屁股,HOLD,1
PACB,2027-01-15,3.0,0.15,2251,16,116.40666796875001,217,🚬菸屁股,HOLD,1
CRM,2026-08-21,270.0,0.35,1173,16,52.10008837890624,70,🚬菸屁股,HOLD,1
TGT,2026-07-17,150.0,0.63,1915,16,30.884480224609373,35,🚬菸屁股,HOLD,1
META,2026-07-17,830.0,0.45,922,16,52.734847656250004,35,🚬菸屁股,HOLD,1
GOOGL,2026-09-18,600.0,0.37,7976,16,43.92145922851562,98,🚬菸屁股,HOLD,1
AAPL,2028-01-21,300.0,48.85,21448,15,34.32225102233886,588,🔭LEAPS,HOLD,1
IBIT,2026-08-21,60.0,0.08,7138,15,56.836369140624996,70,🚬菸屁股,HOLD,1
PATH,2028-01-21,8.0,5.2,1835,15,97.94923925781251,588,🔭LEAPS,HOLD,1
HIMS,2028-01-21,60.0,7.0,1625,15,95.70316796875,588,🔭LEAPS,HOLD,1
KTOS,2026-08-21,100.0,0.92,1338,15,84.37515624999999,70,🚬菸屁股,HOLD,1
ONDS,2026-07-17,18.0,0.1,2866,15,114.0629296875,35,🚬菸屁股,HOLD,1
ONDS,2026-09-18,19.0,0.53,1284,15,115.0394873046875,98,🚬菸屁股,HOLD,1
NOW,2026-07-17,175.0,0.21,1460,15,79.5900478515625,35,🚬菸屁股,HOLD,1
HPQ,2027-01-15,40.0,0.91,1635,15,55.9574716796875,217,🚬菸屁股,HOLD,1
META,2026-07-17,1320.0,0.09,1625,15,103.90673046875003,35,🚬菸屁股,HOLD,1
GOOGL,2026-07-17,500.0,0.13,1719,15,43.457596679687505,35,🚬菸屁股,HOLD,1
GOOGL,2026-09-18,630.0,0.54,1000,15,49.341326904296885,98,🚬菸屁股,HOLD,1
TSLA,2028-01-21,800.0,36.77,6832,14,57.970085830688475,588,🔭LEAPS,HOLD,1
CRM,2027-01-15,400.0,0.87,2692,14,55.54243676757813,217,🚬菸屁股,HOLD,1
OKLO,2026-07-17,95.0,0.81,1170,13,105.078599609375,35,🚬菸屁股,HOLD,1
SOFI,2026-08-21,28.0,0.16,1551,13,72.46121289062499,70,🚬菸屁股,HOLD,1
DKNG,2028-01-21,25.0,11.48,3740,13,67.35872485351564,588,🔭LEAPS,HOLD,1
JOBY,2027-01-15,40.0,0.14,4324,13,107.61764941406251,217,🚬菸屁股,HOLD,1
BSX,2028-01-21,70.0,5.25,2060,13,49.585465087890626,588,🔭LEAPS,HOLD,1
ORCL,2026-09-18,450.0,0.84,1116,13,79.1994267578125,98,🚬菸屁股,HOLD,1
COUR,2027-01-15,15.0,0.13,3217,13,86.32826171875,217,🚬菸屁股,HOLD,1
COIN,2026-07-17,400.0,0.11,5747,12,108.984830078125,35,🚬菸屁股,HOLD,1
SOFI,2026-08-21,30.0,0.13,7047,12,76.75804492187501,70,🚬菸屁股,HOLD,1
SOFI,2026-09-18,35.0,0.19,5457,12,78.711150390625,98,🚬菸屁股,HOLD,1
SOFI,2026-10-16,25.0,0.67,3117,12,67.18782812500001,126,🚬菸屁股,HOLD,1
XYZ,2026-07-17,85.0,0.36,800,12,47.1684970703125,35,🚬菸屁股,HOLD,1
HIMS,2026-07-17,41.0,0.48,1263,12,86.0352958984375,35,🚬菸屁股,HOLD,1
ACHR,2026-07-17,14.0,0.02,1477,12,134.37532812499998,35,🚬菸屁股,HOLD,1
MDT,2028-01-21,95.0,6.3,888,12,31.586377502441398,588,🔭LEAPS,HOLD,1
TGT,2027-01-15,230.0,0.32,2464,12,37.34193518066406,217,🚬菸屁股,HOLD,1
META,2026-07-17,1360.0,0.05,1065,12,97.55861816406251,35,🚬菸屁股,HOLD,1
AAPL,2026-09-18,530.0,0.01,8143,11,39.063109374999996,98,🚬菸屁股,HOLD,1
IBIT,2026-09-18,60.0,0.14,19150,11,51.758294921875006,98,🚬菸屁股,HOLD,1
IBIT,2028-06-16,50.0,7.85,9828,11,57.47112841796876,735,🔭LEAPS,HOLD,1
SOFI,2026-07-17,32.0,0.03,1703,11,95.312546875,35,🚬菸屁股,HOLD,1
SOFI,2028-06-16,8.0,10.15,2880,11,88.23253955078124,735,🔭LEAPS,HOLD,1
U,2028-01-21,65.0,4.35,1989,11,73.65748999023438,588,🔭LEAPS,HOLD,1
PATH,2028-01-21,30.0,1.27,6789,11,80.27363476562499,588,🔭LEAPS,HOLD,1
ONDS,2026-07-17,19.0,0.08,807,11,116.40666796875001,35,🚬菸屁股,HOLD,1
LUNR,2026-07-17,60.0,0.42,1295,11,137.89093554687497,35,🚬菸屁股,HOLD,1
JOBY,2028-01-21,17.0,2.44,2670,11,101.80713159179686,588,🔭LEAPS,HOLD,1
CRWV,2026-07-17,175.0,0.28,947,11,99.7070341796875,35,🚬菸屁股,HOLD,1
ZTS,2026-07-17,100.0,0.21,769,11,42.774009765625,35,🚬菸屁股,HOLD,1
BSX,2028-01-21,80.0,3.7,2839,11,48.49905017089844,588,🔭LEAPS,HOLD,1
QBTS,2028-01-21,27.0,11.55,2208,11,106.95847302246095,588,🔭LEAPS,HOLD,1
IBIT,2027-01-15,85.0,0.22,17852,10,56.543403320312514,217,🚬菸屁股,HOLD,1
IBIT,2027-01-15,110.0,0.13,29795,10,63.67223828125,217,🚬菸屁股,HOLD,1
SMCI,2028-01-21,80.0,5.75,1130,10,90.29550720214843,588,🔭LEAPS,HOLD,1
VST,2026-07-17,200.0,0.59,1473,10,55.322712402343754,35,🚬菸屁股,HOLD,1
SOFI,2026-08-21,29.0,0.13,1376,10,77.929908203125,70,🚬菸屁股,HOLD,1
U,2026-08-21,37.0,0.93,2337,10,72.7541787109375,70,🚬菸屁股,HOLD,1
U,2027-01-15,60.0,0.82,5947,10,74.31666308593749,217,🚬菸屁股,HOLD,1
HOOD,2026-09-18,290.0,0.2,1643,10,89.062609375,98,🚬菸屁股,HOLD,1
NTLA,2026-07-17,15.0,0.57,2184,10,84.37515624999999,35,🚬菸屁股,HOLD,1
NTLA,2027-01-15,30.0,0.55,1206,10,88.18371191406248,217,🚬菸屁股,HOLD,1
JOBY,2027-01-15,30.0,0.23,7464,10,92.4805439453125,217,🚬菸屁股,HOLD,1
SMR,2027-01-15,35.0,0.65,2869,10,123.047259765625,217,🚬菸屁股,HOLD,1
FIS,2026-09-18,95.0,0.11,5219,10,74.02369726562499,98,🚬菸屁股,HOLD,1
BSX,2026-08-21,75.0,0.14,2574,10,50.97705273437501,70,🚬菸屁股,HOLD,1
HPQ,2026-09-18,35.0,0.5,1505,10,58.350025878906244,98,🚬菸屁股,HOLD,1
QBTS,2028-01-21,65.0,6.25,2525,10,108.76510461425784,588,🔭LEAPS,HOLD,1
GOOGL,2026-07-17,540.0,0.07,2008,10,52.539537109375004,35,🚬菸屁股,HOLD,1
COUR,2026-07-17,6.0,0.2,1016,10,67.96907031250001,35,🚬菸屁股,HOLD,1
COUR,2026-08-21,7.0,0.24,2454,10,80.07832421875,70,🚬菸屁股,HOLD,1
NVDA,2026-09-18,420.0,0.21,7147,9,56.64105859375,98,🚬菸屁股,HOLD,1
SOFI,2026-07-17,30.0,0.03,13779,9,85.937640625,35,🚬菸屁股,HOLD,1
HOOD,2028-01-21,280.0,8.0,1542,9,74.12745599365233,588,🔭LEAPS,HOLD,1
OPEN,2026-10-16,9.0,0.28,779,9,123.24257128906248,126,🚬菸屁股,HOLD,1
NTLA,2026-07-17,17.0,0.4,1669,9,104.10204199218754,35,🚬菸屁股,HOLD,1
BEAM,2028-01-21,50.0,8.5,1960,9,76.78245874023439,588,🔭LEAPS,HOLD,1
SMR,2027-01-15,27.0,0.9,1417,9,118.70157836914062,217,🚬菸屁股,HOLD,1
SMR,2028-01-21,85.0,1.3,2127,9,121.72890698242185,588,🔭LEAPS,HOLD,1
BSX,2026-07-17,80.0,0.06,2424,9,79.101771484375,35,🚬菸屁股,HOLD,1
BSX,2026-08-21,90.0,0.05,1472,9,64.25816992187501,70,🚬菸屁股,HOLD,1
GOOGL,2026-08-21,580.0,0.34,3686,9,46.582565429687506,70,🚬菸屁股,HOLD,1
IBIT,2026-09-18,80.0,0.07,12249,8,67.18782812500001,98,🚬菸屁股,HOLD,1
IBIT,2028-06-16,65.0,4.55,6495,8,55.835402587890634,735,🔭LEAPS,HOLD,1
VST,2026-07-17,195.0,0.59,5388,8,55.56685058593751,35,🚬菸屁股,HOLD,1
DKNG,2028-01-21,50.0,4.05,25875,8,57.93499096679688,588,🔭LEAPS,HOLD,1
U,2026-08-21,39.0,0.73,2732,8,74.804939453125,70,🚬菸屁股,HOLD,1
PATH,2028-01-21,35.0,1.03,996,8,78.95528857421876,588,🔭LEAPS,HOLD,1
TDOC,2026-10-16,8.0,0.52,2597,8,64.1605146484375,126,🚬菸屁股,HOLD,1
PACB,2028-01-21,1.5,0.7,6774,8,116.79729101562502,588,🔭LEAPS,HOLD,1
PACB,2028-01-21,5.0,0.4,1380,8,140.234673828125,588,🔭LEAPS,HOLD,1
TSCO,2028-01-21,35.0,6.2,1712,8,53.69919348144532,588,🔭LEAPS,HOLD,1
BSX,2026-07-17,75.0,0.1,5179,8,64.45348046875,35,🚬菸屁股,HOLD,1
BSX,2026-09-18,85.0,0.13,1178,8,52.539537109375004,98,🚬菸屁股,HOLD,1
MDT,2026-07-17,87.5,0.43,981,8,28.418684570312493,35,🚬菸屁股,HOLD,1
GM,2026-07-17,95.0,0.46,2013,8,43.848217773437504,35,🚬菸屁股,HOLD,1
META,2026-07-17,810.0,0.54,856,8,50.90381127929688,35,🚬菸屁股,HOLD,1
COUR,2027-01-15,10.0,0.31,2537,8,73.437765625,217,🚬菸屁股,HOLD,1
COUR,2027-01-15,12.0,0.17,1072,8,75.97680273437501,217,🚬菸屁股,HOLD,1
VST,2026-09-18,250.0,0.96,7125,7,60.937890625000016,98,🚬菸屁股,HOLD,1
UPST,2026-07-17,75.0,0.01,974,7,138.28155859374996,35,🚬菸屁股,HOLD,1
SOFI,2026-07-17,29.0,0.05,790,7,91.4063359375,35,🚬菸屁股,HOLD,1
SOFI,2026-08-21,31.0,0.17,2760,7,78.711150390625,70,🚬菸屁股,HOLD,1
OPEN,2026-11-20,8.0,0.52,1433,7,119.43399658203124,161,🚬菸屁股,HOLD,1
OPEN,2028-01-21,2.0,3.1,2295,7,103.51610742187502,588,🔭LEAPS,HOLD,1
OPEN,2028-01-21,17.0,3.4,861,7,25.00075,588,🔭LEAPS,HOLD,1
JOBY,2026-07-17,18.0,0.03,2386,7,113.67230664062502,35,🚬菸屁股,HOLD,1
JOBY,2027-01-15,17.0,0.75,5961,7,87.30481445312499,217,🚬菸屁股,HOLD,1
TSCO,2026-09-18,55.0,0.06,887,7,54.102021484375015,98,🚬菸屁股,HOLD,1
BSX,2026-07-17,70.0,0.05,4249,7,56.250437500000004,35,🚬菸屁股,HOLD,1
BSX,2026-08-21,70.0,0.17,1087,7,50.39112109375,70,🚬菸屁股,HOLD,1
ORCL,2026-09-18,440.0,0.82,1076,7,82.12908496093749,98,🚬菸屁股,HOLD,1
META,2026-07-17,1390.0,0.08,1123,7,109.71724829101564,35,🚬菸屁股,HOLD,1
AAPL,2027-01-15,550.0,0.12,5615,6,31.055376953125,217,🚬菸屁股,HOLD,1
IBIT,2026-09-18,100.0,0.05,15151,6,79.29708203125,98,🚬菸屁股,HOLD,1
OKLO,2028-01-21,260.0,11.0,1534,6,114.15448196411133,588,🔭LEAPS,HOLD,1
UPST,2028-01-21,50.0,8.51,2643,6,83.30094824218747,588,🔭LEAPS,HOLD,1
SOFI,2026-11-20,31.0,0.44,884,6,71.63114306640624,161,🚬菸屁股,HOLD,1
SOFI,2027-01-15,37.0,0.47,3194,6,73.7307314453125,217,🚬菸屁股,HOLD,1
U,2027-01-15,65.0,0.77,2927,6,76.75804492187501,217,🚬菸屁股,HOLD,1
U,2028-01-21,47.0,5.73,7589,6,74.2190078125,588,🔭LEAPS,HOLD,1
PATH,2026-08-21,30.0,0.03,1704,6,110.9379453125,70,🚬菸屁股,HOLD,1
PATH,2027-01-15,30.0,0.3,27213,6,88.476677734375,217,🚬菸屁股,HOLD,1
PATH,2028-01-21,25.0,1.58,8268,6,78.24728784179689,588,🔭LEAPS,HOLD,1
TDOC,2027-01-15,22.5,0.18,4429,6,96.48441015625,217,🚬菸屁股,HOLD,1
NTLA,2026-07-17,19.0,0.2,1941,6,122.4613251953125,35,🚬菸屁股,HOLD,1
NTLA,2027-01-15,42.0,0.41,908,6,92.2852333984375,217,🚬菸屁股,HOLD,1
TXG,2026-07-17,40.0,0.86,1614,6,86.914193359375,35,🚬菸屁股,HOLD,1
SMR,2026-08-21,19.0,0.4,1031,6,124.41444042968747,70,🚬菸屁股,HOLD,1
SMR,2027-01-15,32.0,0.68,1310,6,120.70352148437497,217,🚬菸屁股,HOLD,1
CRWV,2026-08-21,210.0,0.92,1278,6,98.51075708007812,70,🚬菸屁股,HOLD,1
BSX,2026-09-18,105.0,0.1,1137,6,61.914443359375014,98,🚬菸屁股,HOLD,1
NOW,2026-08-21,210.0,0.58,1620,6,82.47087841796873,70,🚬菸屁股,HOLD,1
NOW,2028-01-21,260.0,8.7,810,6,66.4615170288086,588,🔭LEAPS,HOLD,1
NEE,2027-01-15,140.0,0.2,1075,6,32.52020605468749,217,🚬菸屁股,HOLD,1
HPQ,2028-01-21,15.0,10.9,1592,6,50.70850073242188,588,🔭LEAPS,HOLD,1
META,2026-07-17,1480.0,0.04,11091,6,89.062609375,35,🚬菸屁股,HOLD,1
NVDA,2028-01-21,370.0,14.91,5196,5,49.207050903320315,588,🔭LEAPS,HOLD,1
SMCI,2028-01-21,90.0,5.55,3240,5,89.12364392089842,588,🔭LEAPS,HOLD,1
OKLO,2026-07-17,135.0,0.2,1028,5,137.01203369140623,35,🚬菸屁股,HOLD,1
SOFI,2026-10-16,23.0,0.76,2264,5,67.773759765625,126,🚬菸屁股,HOLD,1
SOFI,2027-01-15,42.0,0.34,6451,5,70.117486328125,217,🚬菸屁股,HOLD,1
DKNG,2026-08-21,42.5,0.36,890,5,50.879397460937504,70,🚬菸屁股,HOLD,1
DKNG,2028-01-21,42.5,3.3,1675,5,59.54630297851562,588,🔭LEAPS,HOLD,1
DKNG,2028-01-21,65.0,2.25,4559,5,55.273884765625006,588,🔭LEAPS,HOLD,1
PATH,2026-08-21,16.0,0.28,2596,5,76.2697685546875,70,🚬菸屁股,HOLD,1
PATH,2026-08-21,25.0,0.06,794,5,92.187578125,70,🚬菸屁股,HOLD,1
PATH,2026-09-18,20.0,0.21,2918,5,86.32826171875,98,🚬菸屁股,HOLD,1
XYZ,2028-01-21,120.0,7.37,1434,5,53.73581420898439,588,🔭LEAPS,HOLD,1
OPEN,2026-11-20,7.0,0.6,3444,5,108.00827246093752,161,🚬菸屁股,HOLD,1
OPEN,2026-11-20,12.0,0.22,6366,5,133.00814746093747,161,🚬菸屁股,HOLD,1
OPEN,2028-01-21,3.0,2.71,2559,5,146.6799541015625,588,🔭LEAPS,HOLD,1
PACB,2027-01-15,5.0,0.1,3134,5,142.578412109375,217,🚬菸屁股,HOLD,1
JOBY,2027-01-15,25.0,0.38,3462,5,90.23447265624999,217,🚬菸屁股,HOLD,1
ACHR,2028-01-21,22.0,0.69,1137,5,100.24463940429689,588,🔭LEAPS,HOLD,1
SMR,2026-07-17,18.0,0.15,1319,5,125.39099804687498,35,🚬菸屁股,HOLD,1
NNE,2026-07-17,33.0,0.55,821,5,97.26565234374999,35,🚬菸屁股,HOLD,1
ZTS,2028-01-21,220.0,1.0,1008,5,49.60987890625,588,🔭LEAPS,HOLD,1
TSCO,2026-07-17,50.0,0.16,852,5,68.7503125,35,🚬菸屁股,HOLD,1
TSCO,2026-09-18,75.0,0.06,1607,5,85.35170898437501,98,🚬菸屁股,HOLD,1
MDT,2026-07-17,90.0,0.18,2092,5,25.440198730468754,35,🚬菸屁股,HOLD,1
MDT,2026-08-21,90.0,0.83,1795,5,26.40454455566406,70,🚬菸屁股,HOLD,1
NEE,2026-09-18,110.0,0.22,6200,5,32.788758056640624,98,🚬菸屁股,HOLD,1
F,2028-01-21,17.0,2.21,8307,5,46.92435888671875,588,🔭LEAPS,HOLD,1
HPQ,2028-01-21,32.0,3.75,2107,5,51.8559501953125,588,🔭LEAPS,HOLD,1
META,2026-07-17,1290.0,0.08,1059,5,84.57046679687498,35,🚬菸屁股,HOLD,1
TSLA,2026-07-17,620.0,0.83,13546,4,68.23762231445313,35,🚬菸屁股,HOLD,1
IBIT,2026-07-17,51.0,0.06,10424,4,54.102021484375015,35,🚬菸屁股,HOLD,1
UPST,2028-01-21,40.0,11.3,2536,4,88.2813671875,588,🔭LEAPS,HOLD,1
SOFI,2026-07-17,35.0,0.04,2131,4,103.90673046875003,35,🚬菸屁股,HOLD,1
DKNG,2026-09-18,47.5,0.21,875,4,58.00823242187501,98,🚬菸屁股,HOLD,1
PATH,2026-08-21,17.0,0.24,2252,4,86.8165380859375,70,🚬菸屁股,HOLD,1
BEAM,2028-01-21,35.0,9.9,882,4,80.71308349609374,588,🔭LEAPS,HOLD,1
PACB,2027-01-15,2.0,0.27,6217,4,120.3128984375,217,🚬菸屁股,HOLD,1
HIMS,2028-01-21,95.0,5.05,2988,4,93.88433850097657,588,🔭LEAPS,HOLD,1
JOBY,2027-01-15,27.0,0.28,1493,4,93.7500625,217,🚬菸屁股,HOLD,1
JOBY,2028-01-21,25.0,1.6,3381,4,91.65047412109377,588,🔭LEAPS,HOLD,1
ACHR,2026-07-17,12.0,0.02,2426,4,121.875390625,35,🚬菸屁股,HOLD,1
ACHR,2027-01-15,25.0,0.13,22944,4,110.15669921875002,217,🚬菸屁股,HOLD,1
SMR,2026-08-21,25.0,0.22,1191,4,149.21900390624998,70,🚬菸屁股,HOLD,1
SMR,2027-01-15,50.0,0.38,4967,4,129.88316308593747,217,🚬菸屁股,HOLD,1
CRWV,2026-09-18,250.0,0.9,1089,4,97.60744580078125,98,🚬菸屁股,HOLD,1
NEE,2026-07-17,95.0,0.3,784,4,27.00268310546875,35,🚬菸屁股,HOLD,1
F,2026-07-17,27.0,0.05,6667,4,111.71919140624999,35,🚬菸屁股,HOLD,1
HPQ,2026-07-17,38.0,0.04,4324,4,66.79720703125001,35,🚬菸屁股,HOLD,1
HPQ,2027-01-15,50.0,0.35,1399,4,59.570716796875004,217,🚬菸屁股,HOLD,1
HPQ,2028-01-21,23.0,6.5,4309,4,51.562984375,588,🔭LEAPS,HOLD,1
TGT,2027-01-15,220.0,0.55,1172,4,38.64807446289062,217,🚬菸屁股,HOLD,1
QBTS,2026-07-17,34.0,0.74,928,4,102.34423828125001,35,🚬菸屁股,HOLD,1
META,2026-07-17,770.0,0.64,3748,4,47.30277307128906,35,🚬菸屁股,HOLD,1
COUR,2026-07-17,5.0,0.55,2025,4,71.28934960937501,35,🚬菸屁股,HOLD,1
IBIT,2026-08-21,52.0,0.15,8665,3,48.5356708984375,70,🚬菸屁股,HOLD,1
IBIT,2027-01-15,68.0,0.43,8209,3,50.34229345703125,217,🚬菸屁股,HOLD,1
IBIT,2027-01-15,84.0,0.24,5214,3,56.10395458984375,217,🚬菸屁股,HOLD,1
OKLO,2028-01-21,250.0,11.22,3549,3,115.28973019409179,588,🔭LEAPS,HOLD,1
UPST,2028-01-21,100.0,4.4,1285,3,84.90005334472657,588,🔭LEAPS,HOLD,1
SOFI,2026-09-18,37.0,0.14,7377,3,81.64080859375,98,🚬菸屁股,HOLD,1
SOFI,2026-10-16,26.0,0.51,1755,3,67.87141503906251,126,🚬菸屁股,HOLD,1
SOFI,2026-10-16,27.0,0.47,3136,3,67.773759765625,126,🚬菸屁股,HOLD,1
DKNG,2028-01-21,40.0,6.05,3034,3,59.50968225097657,588,🔭LEAPS,HOLD,1
U,2026-08-21,36.0,0.97,961,3,75.39087109375001,70,🚬菸屁股,HOLD,1
PATH,2027-01-15,37.0,0.17,2217,3,93.945373046875,217,🚬菸屁股,HOLD,1
PATH,2028-01-21,5.0,6.58,2408,3,97.26565234374999,588,🔭LEAPS,HOLD,1
TDOC,2027-01-15,20.0,0.27,20221,3,88.86729882812499,217,🚬菸屁股,HOLD,1
OPEN,2026-10-16,7.0,0.87,1055,3,113.47699511718751,126,🚬菸屁股,HOLD,1
NTLA,2027-01-15,25.0,0.91,1854,3,87.15833154296875,217,🚬菸屁股,HOLD,1
HIMS,2028-01-21,40.0,10.32,6348,3,93.43268286132812,588,🔭LEAPS,HOLD,1
JOBY,2026-07-17,17.0,0.12,1321,3,107.42233789062503,35,🚬菸屁股,HOLD,1
JOBY,2026-07-17,30.0,0.04,1115,3,146.875265625,35,🚬菸屁股,HOLD,1
JOBY,2028-01-21,30.0,1.65,3643,3,95.11723632812499,588,🔭LEAPS,HOLD,1
ACHR,2028-01-21,17.0,0.91,922,3,98.87696435546876,588,🔭LEAPS,HOLD,1
SMR,2026-07-17,19.0,0.1,3614,3,143.1643466796875,35,🚬菸屁股,HOLD,1
SMR,2027-01-15,55.0,0.31,3477,3,130.27378613281246,217,🚬菸屁股,HOLD,1
ZTS,2027-01-15,175.0,0.2,3780,3,56.07954077148438,217,🚬菸屁股,HOLD,1
FIS,2026-07-17,50.0,0.1,957,3,58.10588769531251,35,🚬菸屁股,HOLD,1
BSX,2026-07-17,90.0,0.01,3568,3,85.1563984375,35,🚬菸屁股,HOLD,1
MDT,2027-01-15,105.0,0.55,1201,3,29.346409667968743,217,🚬菸屁股,HOLD,1
CRM,2027-01-15,500.0,0.45,2142,3,59.42423388671876,217,🚬菸屁股,HOLD,1
CRM,2028-01-21,350.0,9.97,827,3,51.47448428344726,588,🔭LEAPS,HOLD,1
META,2026-07-17,950.0,0.25,926,3,63.33044482421876,35,🚬菸屁股,HOLD,1
META,2026-07-17,1370.0,0.17,1161,3,114.25824121093751,35,🚬菸屁股,HOLD,1
META,2026-09-18,1100.0,0.79,927,3,54.35836657714845,98,🚬菸屁股,HOLD,1
GOOGL,2026-07-17,600.0,0.06,1881,3,57.0316796875,35,🚬菸屁股,HOLD,1
GOOGL,2026-08-21,700.0,0.2,902,3,59.277750976562515,70,🚬菸屁股,HOLD,1
COUR,2027-01-15,7.0,0.67,5082,3,72.1682470703125,217,🚬菸屁股,HOLD,1
NVDA,2028-01-21,290.0,25.7,5299,2,49.41151663208009,588,🔭LEAPS,HOLD,1
IBIT,2026-09-18,51.0,0.3,8303,2,45.2153916015625,98,🚬菸屁股,HOLD,1
OKLO,2026-07-17,125.0,0.23,791,2,128.41832666015623,35,🚬菸屁股,HOLD,1
VST,2026-07-17,240.0,0.16,3264,2,74.7072841796875,35,🚬菸屁股,HOLD,1
IONQ,2026-07-17,120.0,0.24,1043,2,109.57076464843752,35,🚬菸屁股,HOLD,1
UPST,2028-01-21,42.5,10.6,2071,2,84.63150134277342,588,🔭LEAPS,HOLD,1
UPST,2028-01-21,80.0,5.56,1151,2,87.24377990722655,588,🔭LEAPS,HOLD,1
SOFI,2026-07-17,26.0,0.05,4401,2,73.82838671875,35,🚬菸屁股,HOLD,1
SOFI,2026-07-17,40.0,0.02,2549,2,114.0629296875,35,🚬菸屁股,HOLD,1
SOFI,2026-08-21,37.0,0.08,924,2,85.54701953125,70,🚬菸屁股,HOLD,1
SOFI,2026-10-16,24.0,0.73,2855,2,67.13900048828127,126,🚬菸屁股,HOLD,1
SOFI,2026-11-20,30.0,0.5,1246,2,69.92217578125,161,🚬菸屁股,HOLD,1
DKNG,2027-01-15,70.0,0.25,3798,2,59.91251025390626,217,🚬菸屁股,HOLD,1
U,2028-01-21,60.0,4.45,971,2,78.46701220703125,588,🔭LEAPS,HOLD,1
PATH,2027-01-15,27.0,0.41,5084,2,82.3243955078125,217,🚬菸屁股,HOLD,1
PATH,2027-01-15,32.0,0.58,1307,2,87.5977802734375,217,🚬菸屁股,HOLD,1
PATH,2028-01-21,3.0,7.8,1096,2,119.82461962890625,588,🔭LEAPS,HOLD,1
PATH,2028-01-21,22.0,1.93,3483,2,78.63790893554688,588,🔭LEAPS,HOLD,1
TDOC,2027-01-15,17.5,0.28,2470,2,80.4689453125,217,🚬菸屁股,HOLD,1
ZM,2026-09-18,150.0,0.84,1645,2,54.73678076171876,98,🚬菸屁股,HOLD,1
XYZ,2026-09-18,115.0,0.36,1050,2,56.9340244140625,98,🚬菸屁股,HOLD,1
XYZ,2027-01-15,135.0,0.81,1100,2,53.027813476562514,217,🚬菸屁股,HOLD,1
OPEN,2026-09-18,11.0,0.15,876,2,119.141029296875,98,🚬菸屁股,HOLD,1
NTLA,2028-01-21,20.0,4.91,1428,2,100.43995092773437,588,🔭LEAPS,HOLD,1
BEAM,2026-08-21,50.0,0.5,1567,2,84.27750097656251,70,🚬菸屁股,HOLD,1
HIMS,2028-01-21,55.0,7.75,769,2,95.52006433105468,588,🔭LEAPS,HOLD,1
ONDS,2026-09-18,21.0,0.34,2679,2,108.984830078125,98,🚬菸屁股,HOLD,1
JOBY,2026-07-17,16.0,0.02,2875,2,89.45323046875,35,🚬菸屁股,HOLD,1
JOBY,2026-11-20,17.0,0.6,928,2,90.82040429687498,161,🚬菸屁股,HOLD,1
SMR,2026-07-17,23.0,0.08,934,2,138.28155859374996,35,🚬菸屁股,HOLD,1
SMR,2027-01-15,47.0,0.46,923,2,125.39099804687498,217,🚬菸屁股,HOLD,1
SMR,2027-01-15,60.0,0.27,792,2,137.10968945312501,217,🚬菸屁股,HOLD,1
SMR,2028-01-21,35.0,2.41,824,2,116.16252856445315,588,🔭LEAPS,HOLD,1
VRT,2026-07-17,470.0,0.28,1387,2,62.9886513671875,35,🚬菸屁股,HOLD,1
TSCO,2026-07-17,45.0,0.05,6502,2,55.859816406250005,35,🚬菸屁股,HOLD,1
TSCO,2027-01-15,66.0,0.2,2662,2,50.97705273437501,217,🚬菸屁股,HOLD,1
IBM,2026-07-17,375.0,0.64,770,2,51.61181201171875,35,🚬菸屁股,HOLD,1
MDT,2028-01-21,120.0,1.78,1296,2,28.906960937499992,588,🔭LEAPS,HOLD,1
CTSH,2026-07-17,95.0,0.4,1261,2,115.0394873046875,35,🚬菸屁股,HOLD,1
NEE,2026-09-18,105.0,0.51,6887,2,27.588614746093743,98,🚬菸屁股,HOLD,1
F,2027-01-15,28.0,0.33,4374,2,51.562984375,217,🚬菸屁股,HOLD,1
HPQ,2028-01-21,25.0,5.7,5159,2,50.940432006835934,588,🔭LEAPS,HOLD,1
HPQ,2028-01-21,40.0,2.71,1563,2,54.504849487304696,588,🔭LEAPS,HOLD,1
GEN,2026-07-17,28.0,0.2,794,2,63.281617187500004,35,🚬菸屁股,HOLD,1
TGT,2027-01-15,210.0,0.75,1098,2,37.09779699707031,217,🚬菸屁股,HOLD,1
META,2026-07-17,1100.0,0.16,754,2,73.437765625,35,🚬菸屁股,HOLD,1
GOOGL,2026-09-18,800.0,0.13,10765,2,55.51802294921876,98,🚬菸屁股,HOLD,1
ZS,2026-07-17,220.0,0.19,900,2,84.57046679687498,35,🚬菸屁股,HOLD,1
ZS,2026-08-21,220.0,0.65,1076,2,69.09210595703127,70,🚬菸屁股,HOLD,1
TSLA,2028-01-21,940.0,27.0,5081,1,58.76963838195801,588,🔭LEAPS,HOLD,1
NVDA,2026-09-18,410.0,0.22,5526,1,55.90864404296876,98,🚬菸屁股,HOLD,1
NVDA,2028-01-21,380.0,13.0,8259,1,49.2116284942627,588,🔭LEAPS,HOLD,1
NVDA,2028-01-21,390.0,12.92,8064,1,49.252826812744146,588,🔭LEAPS,HOLD,1
NVDA,2028-01-21,410.0,11.07,19530,1,49.28334408569337,588,🔭LEAPS,HOLD,1
AAPL,2027-01-15,480.0,0.41,8884,1,29.13889221191405,217,🚬菸屁股,HOLD,1
IBIT,2026-09-18,44.0,0.86,7960,1,42.9693203125,98,🚬菸屁股,HOLD,1
IBIT,2026-09-18,95.0,0.05,7587,1,76.562734375,98,🚬菸屁股,HOLD,1
IBIT,2027-01-15,79.0,0.27,6452,1,54.394987304687504,217,🚬菸屁股,HOLD,1
IBIT,2027-01-15,95.0,0.17,17921,1,59.4730615234375,217,🚬菸屁股,HOLD,1
IBIT,2027-01-15,135.0,0.1,11956,1,70.0198310546875,217,🚬菸屁股,HOLD,1
IBIT,2028-01-21,85.0,1.91,14020,1,53.662572753906254,588,🔭LEAPS,HOLD,1
IBIT,2028-01-21,95.0,1.48,6968,1,54.394987304687504,588,🔭LEAPS,HOLD,1
IBIT,2028-06-16,5.0,30.0,6813,1,103.32079589843752,735,🔭LEAPS,HOLD,1
IONQ,2026-07-17,135.0,0.2,838,1,126.172244140625,35,🚬菸屁股,HOLD,1
UPST,2027-01-15,90.0,0.75,1088,1,85.91322680664062,217,🚬菸屁股,HOLD,1
UPST,2027-01-15,125.0,0.4,1771,1,92.773509765625,217,🚬菸屁股,HOLD,1
UPST,2027-01-15,135.0,0.35,5042,1,92.4805439453125,217,🚬菸屁股,HOLD,1
UPST,2028-01-21,47.5,11.9,752,1,86.20619262695313,588,🔭LEAPS,HOLD,1
UPST,2028-01-21,105.0,3.6,942,1,86.77991735839842,588,🔭LEAPS,HOLD,1
SOFI,2026-08-21,34.0,0.1,1389,1,82.42205078125,70,🚬菸屁股,HOLD,1
SOFI,2026-08-21,35.0,0.07,3094,1,84.37515624999999,70,🚬菸屁股,HOLD,1
SOFI,2026-09-18,47.0,0.11,3724,1,90.23447265624999,98,🚬菸屁股,HOLD,1
SOFI,2026-10-16,28.0,0.4,967,1,68.16438085937502,126,🚬菸屁股,HOLD,1
SOFI,2028-01-21,8.0,9.52,1677,1,97.41213525390626,588,🔭LEAPS,HOLD,1
SOFI,2028-06-16,37.0,3.0,4731,1,71.04521142578125,735,🔭LEAPS,HOLD,1
DKNG,2026-09-18,52.5,0.2,4447,1,62.2074091796875,98,🚬菸屁股,HOLD,1
U,2026-07-17,37.0,0.38,1236,1,70.898728515625,35,🚬菸屁股,HOLD,1
U,2027-01-15,70.0,0.6,2759,1,79.49239257812499,217,🚬菸屁股,HOLD,1
U,2028-01-21,30.0,8.8,3317,1,77.80783911132812,588,🔭LEAPS,HOLD,1
U,2028-01-21,40.0,6.3,1283,1,76.74583801269532,588,🔭LEAPS,HOLD,1
U,2028-01-21,45.0,5.8,7663,1,74.26783544921875,588,🔭LEAPS,HOLD,1
U,2028-01-21,50.0,5.35,1469,1,74.07252490234374,588,🔭LEAPS,HOLD,1
U,2028-01-21,70.0,3.15,1509,1,76.81907946777345,588,🔭LEAPS,HOLD,1
U,2028-01-21,75.0,2.86,5108,1,76.18432019042969,588,🔭LEAPS,HOLD,1
PATH,2026-09-18,16.0,0.46,751,1,80.07832421875,98,🚬菸屁股,HOLD,1
HOOD,2026-07-17,210.0,0.05,853,1,106.83640332031253,35,🚬菸屁股,HOLD,1
HOOD,2028-01-21,240.0,9.75,1397,1,75.02161209106445,588,🔭LEAPS,HOLD,1
TDOC,2026-07-17,9.0,0.14,1837,1,65.23472265625001,35,🚬菸屁股,HOLD,1
TDOC,2027-01-15,15.0,0.45,10559,1,85.35170898437501,217,🚬菸屁股,HOLD,1
TDOC,2027-01-15,25.0,0.15,2827,1,88.67198828125,217,🚬菸屁股,HOLD,1
TDOC,2028-01-21,3.0,4.6,2435,1,51.17236328125,588,🔭LEAPS,HOLD,1
TDOC,2028-01-21,15.0,1.28,1013,1,78.51583984375,588,🔭LEAPS,HOLD,1
TDOC,2028-01-21,17.0,1.0,1126,1,79.7853583984375,588,🔭LEAPS,HOLD,1
ZM,2026-08-21,140.0,0.59,1414,1,59.08244042968751,70,🚬菸屁股,HOLD,1
OPEN,2026-08-21,13.0,0.05,954,1,114.84417578124999,70,🚬菸屁股,HOLD,1
OPEN,2026-08-21,15.0,0.05,2817,1,140.625296875,70,🚬菸屁股,HOLD,1
OPEN,2026-11-20,10.0,0.4,8469,1,118.9457177734375,161,🚬菸屁股,HOLD,1
NTLA,2026-07-17,20.0,0.15,1264,1,117.96916015624998,35,🚬菸屁股,HOLD,1
NTLA,2026-09-18,17.0,0.93,1740,1,90.1368173828125,98,🚬菸屁股,HOLD,1
NTLA,2028-01-21,7.5,7.66,892,1,112.54926538085938,588,🔭LEAPS,HOLD,1
BEAM,2028-01-21,40.0,9.5,2827,1,80.61542822265625,588,🔭LEAPS,HOLD,1
PACB,2027-01-15,1.0,0.6,2743,1,123.047259765625,217,🚬菸屁股,HOLD,1
PACB,2027-01-15,4.0,0.15,1903,1,135.93782031249998,217,🚬菸屁股,HOLD,1
HIMS,2028-01-21,35.0,11.45,2551,1,93.68902795410156,588,🔭LEAPS,HOLD,1
HIMS,2028-01-21,65.0,7.1,896,1,93.20075158691408,588,🔭LEAPS,HOLD,1
HIMS,2028-01-21,75.0,6.26,1639,1,93.92095922851563,588,🔭LEAPS,HOLD,1
HIMS,2028-01-21,80.0,5.7,990,1,94.70220141601561,588,🔭LEAPS,HOLD,1
HIMS,2028-01-21,90.0,4.99,4192,1,90.83261120605468,588,🔭LEAPS,HOLD,1
ONDS,2026-07-17,21.0,0.11,3324,1,118.75040625,35,🚬菸屁股,HOLD,1
ONDS,2028-01-21,22.0,2.82,899,1,109.03365795898439,588,🔭LEAPS,HOLD,1
JOBY,2026-08-21,17.0,0.13,878,1,91.01571484374999,70,🚬菸屁股,HOLD,1
ACHR,2026-07-17,15.0,0.01,1617,1,143.75028125,35,🚬菸屁股,HOLD,1
SMR,2026-11-20,23.0,0.72,759,1,124.41444042968747,161,🚬菸屁股,HOLD,1
TSCO,2026-07-17,55.0,0.1,1001,1,92.187578125,35,🚬菸屁股,HOLD,1
FIS,2026-07-17,45.0,0.3,1210,1,43.35994140625,35,🚬菸屁股,HOLD,1
BSX,2026-08-21,85.0,0.12,1746,1,67.48079394531253,70,🚬菸屁股,HOLD,1
BSX,2026-09-18,90.0,0.05,1095,1,54.49264257812501,98,🚬菸屁股,HOLD,1
BSX,2027-01-15,85.0,0.55,1056,1,49.561051269531255,217,🚬菸屁股,HOLD,1
BSX,2027-01-15,100.0,0.3,822,1,53.80905566406251,217,🚬菸屁股,HOLD,1
BSX,2027-01-15,105.0,0.28,3426,1,50.39112109375,217,🚬菸屁股,HOLD,1
BSX,2027-01-15,120.0,0.15,922,1,54.59029785156251,217,🚬菸屁股,HOLD,1
BSX,2028-01-21,115.0,1.55,992,1,50.36670727539063,588,🔭LEAPS,HOLD,1
MDT,2026-09-18,97.5,0.71,798,1,31.61689477539062,98,🚬菸屁股,HOLD,1
MDT,2026-09-18,100.0,0.43,1356,1,32.959654785156246,98,🚬菸屁股,HOLD,1
MDT,2027-01-15,110.0,0.52,1735,1,28.321029296874993,217,🚬菸屁股,HOLD,1
MDT,2027-01-15,115.0,0.43,895,1,32.36151623535155,217,🚬菸屁股,HOLD,1
D,2028-01-21,65.0,8.75,1536,1,28.375960388183586,588,🔭LEAPS,HOLD,1
CRM,2027-01-15,430.0,0.63,997,1,59.350992431640634,217,🚬菸屁股,HOLD,1
NOW,2026-09-18,300.0,0.3,919,1,89.94150683593749,98,🚬菸屁股,HOLD,1
NEE,2027-01-15,120.0,0.5,3589,1,29.004616210937495,217,🚬菸屁股,HOLD,1
NEE,2027-01-15,125.0,0.45,8650,1,31.958688232421867,217,🚬菸屁股,HOLD,1
NEE,2028-01-21,100.0,7.5,1804,1,30.21004849243164,588,🔭LEAPS,HOLD,1
NEE,2028-01-21,105.0,6.0,8244,1,29.175512939453114,588,🔭LEAPS,HOLD,1
F,2026-08-21,21.0,0.06,10084,1,51.758294921875006,70,🚬菸屁股,HOLD,1
F,2026-09-18,23.0,0.1,2682,1,51.562984375,98,🚬菸屁股,HOLD,1
F,2026-09-18,25.0,0.09,3643,1,57.42230078125,98,🚬菸屁股,HOLD,1
HPQ,2028-01-21,20.0,7.84,1546,1,51.44091528320311,588,🔭LEAPS,HOLD,1
QBTS,2028-01-21,35.0,9.47,1186,1,105.71336206054687,588,🔭LEAPS,HOLD,1
QBTS,2028-01-21,42.0,8.79,1642,1,108.8505534057617,588,🔭LEAPS,HOLD,1
ORCL,2026-07-17,450.0,0.01,2132,1,126.56286718749999,35,🚬菸屁股,HOLD,1
META,2026-07-17,1270.0,0.32,764,1,101.48975036621093,35,🚬菸屁股,HOLD,1
META,2026-07-17,1300.0,0.09,2093,1,93.6524072265625,35,🚬菸屁股,HOLD,1
GOOGL,2026-09-18,575.0,0.79,920,1,43.72614868164062,98,🚬菸屁股,HOLD,1
COUR,2028-01-21,3.0,3.1,2193,1,79.49239257812499,588,🔭LEAPS,HOLD,1
ASTS,2026-06-12,95.0,6.0,2175,7470,161.23066259765625,0,🎲末日結算 🚨異常掃貨 ⚠️IV頂峰,GAMBLE,0
