Stock,Expiry,Strike,Ask,OpenInterest,Volume,IV,DTE,Tags,Action,Score
ONDS,2026-09-18,25.0,0.25,5813,9638,117.57853710937498,100,🚨異常掃貨 🚀點火(332.3x) 🚬菸屁股,STRONG_BUY,9
RIVN,2026-07-17,22.0,0.18,1469,2933,77.148666015625,37,🚨異常掃貨 🆕新倉暴量 🚬菸屁股,STRONG_BUY,9
NVDA,2026-06-12,212.5,1.75,33309,45799,39.86876538085938,2,🎲末日結算 🚨異常掃貨 🚀點火(2.6x) 🔥萬人塚,GAMBLE,8
NVDA,2026-10-16,220.0,17.6,6979,45478,46.222461608886725,128,🚨異常掃貨 🆕新倉暴量,STRONG_BUY,8
F,2026-07-17,20.0,0.06,33026,24777,51.562984375,37,🚀點火(7.9x) 🚬菸屁股 🔥萬人塚,BUY_WATCH,8
BLDP,2026-08-21,5.0,0.85,45195,11163,109.57076464843752,72,🚀點火(2.6x) 🚬菸屁股 🔥萬人塚,BUY_WATCH,8
SOFI,2026-09-18,25.0,0.49,31914,10892,69.92217578125,100,🚀點火(57.9x) 🚬菸屁股 🔥萬人塚,BUY_WATCH,8
IBIT,2026-07-17,35.0,2.16,5646,10218,48.77980908203126,37,🚨異常掃貨 🆕新倉暴量,STRONG_BUY,8
VST,2026-09-18,200.0,3.65,1011,10054,55.53022985839844,100,🚨異常掃貨 🆕新倉暴量,STRONG_BUY,8
ONDS,2027-01-15,30.0,0.52,80363,5825,109.47310888671878,219,🚀點火(14.4x) 🚬菸屁股 🔥萬人塚,BUY_WATCH,8
F,2026-07-17,18.0,0.11,33838,4813,45.117736328125005,37,🚀點火(8.9x) 🚬菸屁股 🔥萬人塚,BUY_WATCH,8
CRWV,2027-01-15,180.0,9.4,3521,4699,89.43492010498046,219,🚨異常掃貨 🆕新倉暴量,STRONG_BUY,8
PATH,2027-01-15,20.0,0.69,31359,4288,82.91032714843749,219,🚀點火(17.4x) 🚬菸屁股 🔥萬人塚,BUY_WATCH,8
SOFI,2026-09-18,22.0,0.81,125406,2931,68.26203613281253,100,🚀點火(6.0x) 🚬菸屁股 🔥萬人塚,BUY_WATCH,8
RKLB,2026-07-17,160.0,2.8,1804,2662,104.07762805175787,37,🚨異常掃貨 🆕新倉暴量,STRONG_BUY,8
ONDS,2028-01-21,30.0,2.29,68025,1805,107.1293706054688,590,🚀點火(4.6x) 🔭LEAPS 🔥萬人塚,BUY_WATCH,8
F,2026-09-18,17.0,0.68,41750,1726,44.2388388671875,100,🚀點火(10.7x) 🚬菸屁股 🔥萬人塚,BUY_WATCH,8
NVDA,2028-01-21,300.0,25.74,91195,879,49.38862867736817,590,🚀點火(3.1x) 🔭LEAPS 🔥萬人塚,BUY_WATCH,8
ACHR,2027-01-15,10.0,0.57,43847,825,94.92192578125,219,🚀點火(2.5x) 🚬菸屁股 🔥萬人塚,BUY_WATCH,8
F,2027-01-15,19.85,0.63,49345,797,45.6060126953125,219,🚀點火(4.7x) 🚬菸屁股 🔥萬人塚,BUY_WATCH,8
SOFI,2026-09-18,32.0,0.19,53509,603,77.53928710937501,100,🚀點火(9.4x) 🚬菸屁股 🔥萬人塚,BUY_WATCH,8
NVDA,2028-01-21,400.0,13.0,50151,225,49.11549908447266,590,🚀點火(6.8x) 🔭LEAPS 🔥萬人塚,BUY_WATCH,8
IBIT,2026-09-18,65.0,0.12,34542,199,58.984785156250005,100,🚀點火(6.4x) 🚬菸屁股 🔥萬人塚,BUY_WATCH,8
IBIT,2027-01-15,80.0,0.27,31185,175,56.7387138671875,219,🚀點火(4.5x) 🚬菸屁股 🔥萬人塚,BUY_WATCH,8
IBIT,2027-01-15,90.0,0.19,37801,150,59.766027343750004,219,🚀點火(4.1x) 🚬菸屁股 🔥萬人塚,BUY_WATCH,8
BSX,2026-09-18,70.0,0.35,42734,140,44.92242578125,100,🚀點火(3.5x) 🚬菸屁股 🔥萬人塚,BUY_WATCH,8
BSX,2026-09-18,80.0,0.17,40419,8,49.9028447265625,100,🚀點火(8.0x) 🚬菸屁股 🔥萬人塚,BUY_WATCH,8
IREN,2026-06-12,66.0,0.14,2221,18156,115.234798828125,2,🎲末日結算 🚨異常掃貨 🚀點火(6.9x) 🚬菸屁股,GAMBLE,7
AAPL,2026-06-12,305.0,0.25,5749,18002,30.07882421875,2,🎲末日結算 🚨異常掃貨 🆕新倉暴量 🚬菸屁股,GAMBLE,7
PLTR,2026-06-12,140.0,0.53,6832,14512,51.465329101562496,2,🎲末日結算 🚨異常掃貨 🆕新倉暴量 🚬菸屁股,GAMBLE,7
ONDS,2026-06-12,10.0,0.25,3606,11454,99.2187578125,2,🎲末日結算 🚨異常掃貨 🆕新倉暴量 🚬菸屁股,GAMBLE,7
HOOD,2026-06-12,95.0,0.19,7671,11344,77.53928710937501,2,🎲末日結算 🚨異常掃貨 🆕新倉暴量 🚬菸屁股,GAMBLE,7
RIVN,2026-06-12,16.0,0.32,2648,6262,67.57844921875001,2,🎲末日結算 🚨異常掃貨 🆕新倉暴量 🚬菸屁股,GAMBLE,7
HIMS,2026-06-12,32.0,0.24,3947,5253,93.164130859375,2,🎲末日結算 🚨異常掃貨 🆕新倉暴量 🚬菸屁股,GAMBLE,7
HOOD,2026-06-12,92.0,0.4,2650,4926,74.90259472656251,2,🎲末日結算 🚨異常掃貨 🆕新倉暴量 🚬菸屁股,GAMBLE,7
TDOC,2026-06-12,7.5,0.05,2079,4799,82.0314296875,2,🎲末日結算 🚨異常掃貨 🆕新倉暴量 🚬菸屁股,GAMBLE,7
ASTS,2026-06-12,110.0,0.5,3671,4591,145.1174619140625,2,🎲末日結算 🚨異常掃貨 🆕新倉暴量 🚬菸屁股,GAMBLE,7
RKLB,2026-06-12,140.0,0.21,1679,4412,132.81283593749998,2,🎲末日結算 🚨異常掃貨 🆕新倉暴量 🚬菸屁股,GAMBLE,7
RIVN,2026-06-12,16.5,0.19,2026,4214,70.312796875,2,🎲末日結算 🚨異常掃貨 🆕新倉暴量 🚬菸屁股,GAMBLE,7
HIMS,2026-06-12,31.0,0.41,1760,3449,92.187578125,2,🎲末日結算 🚨異常掃貨 🆕新倉暴量 🚬菸屁股,GAMBLE,7
QCOM,2026-06-12,240.0,0.4,928,2840,90.429783203125,2,🎲末日結算 🚨異常掃貨 🆕新倉暴量 🚬菸屁股,GAMBLE,7
OPEN,2026-06-12,4.0,0.4,1412,2725,104.68797656250001,2,🎲末日結算 🚨異常掃貨 🆕新倉暴量 🚬菸屁股,GAMBLE,7
DKNG,2026-06-12,27.5,0.75,1050,2703,59.96133789062501,2,🎲末日結算 🚨異常掃貨 🆕新倉暴量 🚬菸屁股,GAMBLE,7
IREN,2026-06-12,61.0,0.46,2089,2576,110.35201074218752,2,🎲末日結算 🚨異常掃貨 🆕新倉暴量 🚬菸屁股,GAMBLE,7
NOW,2026-06-12,115.0,0.7,1092,2302,70.26396923828125,2,🎲末日結算 🚨異常掃貨 🆕新倉暴量 🚬菸屁股,GAMBLE,7
ONDS,2026-06-12,9.5,0.47,829,2266,100.0005,2,🎲末日結算 🚨異常掃貨 🚀點火(5.0x) 🚬菸屁股,GAMBLE,7
IREN,2026-06-12,59.0,0.8,1193,2232,108.88717431640625,2,🎲末日結算 🚨異常掃貨 🆕新倉暴量 🚬菸屁股,GAMBLE,7
DKNG,2026-06-12,30.0,0.09,1292,2056,60.547269531250016,2,🎲末日結算 🚨異常掃貨 🆕新倉暴量 🚬菸屁股,GAMBLE,7
TSLA,2026-06-12,420.0,1.93,9340,27311,54.44381494140625,2,🎲末日結算 🚨異常掃貨 🆕新倉暴量,GAMBLE,6
INTC,2026-06-12,115.0,1.52,6303,18592,89.89267919921873,2,🎲末日結算 🚨異常掃貨 🆕新倉暴量,GAMBLE,6
NBIS,2026-06-12,240.0,3.86,1338,16881,114.25824121093751,2,🎲末日結算 🚨異常掃貨 🚀點火(8.8x),GAMBLE,6
AMD,2026-06-12,500.0,6.45,9926,16381,76.81907946777345,2,🎲末日結算 🚨異常掃貨 🆕新倉暴量,GAMBLE,6
MU,2026-06-12,1100.0,3.34,7527,12764,103.9799722900391,2,🎲末日結算 🚨異常掃貨 🆕新倉暴量,GAMBLE,6
INTC,2026-07-17,195.0,0.56,15347,9605,97.460962890625,37,🚀點火(3.7x) 🚬菸屁股,BUY_WATCH,6
HIMS,2026-06-12,29.0,1.12,2532,9352,91.3086806640625,2,🎲末日結算 🚨異常掃貨 🆕新倉暴量,GAMBLE,6
COUR,2026-08-21,5.0,0.85,18636,8658,80.4689453125,72,🚀點火(6.0x) 🚬菸屁股,BUY_WATCH,6
NVDA,2026-07-17,300.0,0.16,26160,7606,50.0005,37,🚀點火(6.7x) 🚬菸屁股,BUY_WATCH,6
HOOD,2026-06-12,88.0,1.06,5294,6633,73.92604199218749,2,🎲末日結算 🚨異常掃貨 🆕新倉暴量,GAMBLE,6
MU,2026-06-12,1080.0,4.69,1315,6067,103.18651922607425,2,🎲末日結算 🚨異常掃貨 🆕新倉暴量,GAMBLE,6
AAPL,2026-09-18,400.0,0.29,6579,5529,28.85813330078124,100,🚀點火(10.7x) 🚬菸屁股,BUY_WATCH,6
RIVN,2026-09-18,25.0,0.51,19520,5461,76.95335546875,100,🆕新倉暴量 🚬菸屁股,BUY_WATCH,6
HIMS,2026-06-12,28.5,1.35,2826,5224,92.773509765625,2,🎲末日結算 🚨異常掃貨 🆕新倉暴量,GAMBLE,6
NVDA,2026-07-17,265.0,0.59,20167,5051,43.43318286132813,37,🚀點火(27.8x) 🚬菸屁股,BUY_WATCH,6
SMR,2026-07-17,15.0,0.34,12884,4767,113.67230664062502,37,🚀點火(3.1x) 🚬菸屁股,BUY_WATCH,6
RKLB,2026-06-12,120.0,1.75,2984,4717,121.77773486328122,2,🎲末日結算 🚨異常掃貨 🆕新倉暴量,GAMBLE,6
AAPL,2026-07-17,340.0,0.33,8511,4542,25.90406127929688,37,🚀點火(2.7x) 🚬菸屁股,BUY_WATCH,6
DKNG,2026-06-12,27.0,1.1,2657,4509,62.890996093750005,2,🎲末日結算 🚨異常掃貨 🚀點火(5.2x),GAMBLE,6
NOW,2026-07-17,150.0,0.9,8427,4220,70.19072778320312,37,🆕新倉暴量 🚬菸屁股,BUY_WATCH,6
OPEN,2026-07-17,5.0,0.31,6576,3984,91.4063359375,37,🚀點火(7.9x) 🚬菸屁股,BUY_WATCH,6
ONDS,2026-07-17,12.0,0.55,21119,3523,101.95361523437501,37,🚀點火(3.1x) 🚬菸屁股,BUY_WATCH,6
DKNG,2026-07-17,30.0,0.97,28526,3509,51.807122558593754,37,🚀點火(5.6x) 🚬菸屁股,BUY_WATCH,6
IBIT,2026-09-18,105.0,0.04,9839,3444,81.2501875,100,🚀點火(8.9x) 🚬菸屁股,BUY_WATCH,6
SNDK,2026-06-12,2000.0,3.03,1155,3348,103.72362591552738,2,🎲末日結算 🚨異常掃貨 🆕新倉暴量,GAMBLE,6
IBIT,2026-10-16,105.0,0.08,5601,3210,76.562734375,128,🆕新倉暴量 🚬菸屁股,BUY_WATCH,6
IREN,2026-06-12,55.0,2.01,858,2859,109.66842041015626,2,🎲末日結算 🚨異常掃貨 🚀點火(2.8x),GAMBLE,6
SOFI,2026-07-17,21.0,0.23,15626,2810,63.086306640625,37,🚀點火(3.5x) 🚬菸屁股,BUY_WATCH,6
PATH,2026-08-21,12.0,0.84,8163,2606,68.4573466796875,72,🆕新倉暴量 🚬菸屁股,BUY_WATCH,6
SMCI,2026-06-12,40.0,1.88,1348,2492,90.52743847656251,2,🎲末日結算 🚨異常掃貨 🆕新倉暴量,GAMBLE,6
ASTS,2026-06-12,90.0,4.3,1084,2464,131.88510620117185,2,🎲末日結算 🚨異常掃貨 🆕新倉暴量,GAMBLE,6
OPEN,2026-11-20,15.0,0.16,10715,2233,119.922275390625,163,🚀點火(6.6x) 🚬菸屁股,BUY_WATCH,6
JPM,2026-06-12,317.5,1.71,1233,2162,28.68723657226562,2,🎲末日結算 🚨異常掃貨 🆕新倉暴量,GAMBLE,6
RIVN,2026-07-17,20.0,0.31,5573,2123,70.70341796875,37,🆕新倉暴量 🚬菸屁股,BUY_WATCH,6
RKLB,2026-06-12,115.0,2.97,1139,2059,122.21718579101561,2,🎲末日結算 🚨異常掃貨 🆕新倉暴量,GAMBLE,6
IBIT,2026-09-18,46.0,0.6,7708,2035,46.045461425781255,100,🚀點火(33.4x) 🚬菸屁股,BUY_WATCH,6
NOW,2026-06-12,110.0,1.82,1141,1983,69.82452050781251,2,🎲末日結算 🚨異常掃貨 🆕新倉暴量,GAMBLE,6
CRWV,2026-06-12,106.0,1.41,1081,1972,97.50979052734375,2,🎲末日結算 🚨異常掃貨 🚀點火(3.1x),GAMBLE,6
SMR,2026-08-21,20.0,0.37,5897,1943,122.07070214843749,72,🚀點火(7.9x) 🚬菸屁股,BUY_WATCH,6
HOOD,2026-06-12,82.0,3.6,1280,1928,76.46507910156251,2,🎲末日結算 🚨異常掃貨 🆕新倉暴量,GAMBLE,6
JOBY,2026-07-17,13.0,0.15,4670,1844,82.0314296875,37,🚀點火(20.0x) 🚬菸屁股,BUY_WATCH,6
SMCI,2026-07-17,70.0,0.28,1749,1843,92.9688203125,37,🚀點火(2.8x) 🚬菸屁股,BUY_WATCH,6
QCOM,2026-06-12,220.0,2.55,801,1729,85.40053662109376,2,🎲末日結算 🚨異常掃貨 🆕新倉暴量,GAMBLE,6
OKLO,2026-07-17,100.0,0.63,8494,1717,108.7895185546875,37,🚀點火(3.2x) 🚬菸屁股,BUY_WATCH,6
TSLA,2026-09-18,990.0,0.52,13778,1670,70.23955541992189,100,🚀點火(9.7x) 🚬菸屁股,BUY_WATCH,6
ONDS,2028-01-21,5.0,6.4,6738,1665,113.47699511718751,590,🚀點火(4.9x) 🔭LEAPS,BUY_WATCH,6
NVDA,2026-07-17,275.0,0.4,7012,1657,45.26421923828126,37,🚀點火(9.5x) 🚬菸屁股,BUY_WATCH,6
ONDS,2026-09-18,17.0,0.62,7508,1650,110.64497802734377,100,🚀點火(7.0x) 🚬菸屁股,BUY_WATCH,6
CRM,2026-07-17,270.0,0.16,8553,1632,60.49844189453126,37,🚀點火(4.9x) 🚬菸屁股,BUY_WATCH,6
PLTR,2026-07-17,180.0,0.57,11622,1519,56.81195532226562,37,🚀點火(2.8x) 🚬菸屁股,BUY_WATCH,6
IREN,2026-06-12,57.0,1.27,1069,1469,109.27779736328125,2,🎲末日結算 🚨異常掃貨 🆕新倉暴量,GAMBLE,6
OPEN,2027-01-15,15.0,0.3,13304,1421,117.96916015624998,219,🚀點火(31.6x) 🚬菸屁股,BUY_WATCH,6
HPQ,2026-07-17,30.0,0.3,6498,1412,54.59029785156251,37,🚀點火(7.8x) 🚬菸屁股,BUY_WATCH,6
NVDA,2026-09-18,350.0,0.65,23294,1383,50.171396728515624,100,🚀點火(12.1x) 🚬菸屁股,BUY_WATCH,6
SOFI,2026-08-21,21.0,0.7,23879,1334,67.87141503906251,72,🚀點火(3.2x) 🚬菸屁股,BUY_WATCH,6
U,2026-08-21,39.0,0.88,1602,1261,74.75611181640626,72,🆕新倉暴量 🚬菸屁股,BUY_WATCH,6
IBIT,2028-01-21,95.0,1.48,6687,1253,56.250437500000004,590,🚀點火(626.5x) 🔭LEAPS,BUY_WATCH,6
HOOD,2026-06-12,81.0,4.2,993,1242,77.44163183593751,2,🎲末日結算 🚨異常掃貨 🆕新倉暴量,GAMBLE,6
SMR,2026-07-17,14.0,0.38,3890,1222,108.7895185546875,37,🚀點火(6.4x) 🚬菸屁股,BUY_WATCH,6
RIVN,2026-07-17,17.0,0.9,4749,1089,66.21127539062502,37,🆕新倉暴量 🚬菸屁股,BUY_WATCH,6
DKNG,2026-07-17,32.5,0.45,1887,1086,51.465329101562496,37,🚀點火(8.0x) 🚬菸屁股,BUY_WATCH,6
NOW,2026-07-17,195.0,0.19,3063,1078,93.164130859375,37,🚀點火(8.0x) 🚬菸屁股,BUY_WATCH,6
NOW,2026-08-21,200.0,0.91,2770,1063,80.54218676757812,72,🆕新倉暴量 🚬菸屁股,BUY_WATCH,6
NVDA,2026-07-17,460.0,0.02,12208,1051,78.12521875,37,🚀點火(6.2x) 🚬菸屁股,BUY_WATCH,6
HOOD,2026-07-17,120.0,0.73,4967,1023,73.97486962890623,37,🚀點火(3.4x) 🚬菸屁股,BUY_WATCH,6
SOFI,2028-01-21,15.0,6.7,28064,1007,76.24535473632812,590,🚀點火(2.6x) 🔭LEAPS,BUY_WATCH,6
OPEN,2026-08-21,10.0,0.09,18238,991,123.82850585937497,72,🚀點火(2.8x) 🚬菸屁股,BUY_WATCH,6
TDOC,2026-10-16,9.0,0.69,1561,971,75.97680273437501,128,🆕新倉暴量 🚬菸屁股,BUY_WATCH,6
ONDS,2026-09-18,18.0,0.58,11496,951,109.27779736328125,100,🚀點火(3.4x) 🚬菸屁股,BUY_WATCH,6
IREN,2026-07-17,100.0,0.55,4314,909,113.37933935546877,37,🆕新倉暴量 🚬菸屁股,BUY_WATCH,6
SMR,2026-08-21,18.0,0.46,1429,886,118.55509472656249,72,🚀點火(30.6x) 🚬菸屁股,BUY_WATCH,6
JOBY,2026-07-17,11.0,0.4,21345,865,79.49239257812499,37,🚀點火(2.6x) 🚬菸屁股,BUY_WATCH,6
ONDS,2026-09-18,20.0,0.43,12471,863,113.0863720703125,100,🚀點火(6.7x) 🚬菸屁股,BUY_WATCH,6
SOFI,2026-08-21,22.0,0.57,7887,792,68.7503125,72,🚀點火(4.4x) 🚬菸屁股,BUY_WATCH,6
CRWV,2026-07-17,160.0,0.65,2979,791,88.03722900390623,37,🆕新倉暴量 🚬菸屁股,BUY_WATCH,6
PLTR,2028-01-21,410.0,6.1,7656,748,62.56140954589844,590,🚀點火(20.8x) 🔭LEAPS,BUY_WATCH,6
ACHR,2026-07-17,9.0,0.04,24182,748,99.2187578125,37,🚀點火(4.9x) 🚬菸屁股,BUY_WATCH,6
ONDS,2026-09-18,16.0,0.73,8910,676,107.51999365234377,100,🚀點火(4.3x) 🚬菸屁股,BUY_WATCH,6
JOBY,2027-01-15,20.0,0.61,12306,675,90.82040429687498,219,🚀點火(33.8x) 🚬菸屁股,BUY_WATCH,6
IBIT,2027-01-15,120.0,0.11,18822,670,67.57844921875001,219,🚀點火(5.2x) 🚬菸屁股,BUY_WATCH,6
PATH,2026-09-18,19.0,0.29,953,668,89.84385156249999,100,🚀點火(37.1x) 🚬菸屁股,BUY_WATCH,6
DKNG,2026-07-17,35.0,0.2,2233,655,51.465329101562496,37,🚀點火(109.2x) 🚬菸屁股,BUY_WATCH,6
BLDP,2026-07-17,6.0,0.25,6299,652,106.64109179687502,37,🚀點火(4.0x) 🚬菸屁股,BUY_WATCH,6
PATH,2028-01-21,10.0,4.4,7476,648,81.05487695312499,590,🚀點火(23.1x) 🔭LEAPS,BUY_WATCH,6
SMCI,2026-09-18,100.0,0.5,2674,638,98.1445498046875,100,🚀點火(6.4x) 🚬菸屁股,BUY_WATCH,6
IREN,2026-07-17,130.0,0.22,829,627,128.90660546875,37,🆕新倉暴量 🚬菸屁股,BUY_WATCH,6
RTX,2026-08-21,240.0,0.38,1900,586,36.15786499023437,72,🆕新倉暴量 🚬菸屁股,BUY_WATCH,6
HIMS,2026-07-17,40.0,0.77,6283,574,93.50592431640624,37,🚀點火(2.6x) 🚬菸屁股,BUY_WATCH,6
SOFI,2026-08-21,34.0,0.09,1152,561,96.48441015625,72,🚀點火(46.8x) 🚬菸屁股,BUY_WATCH,6
DKNG,2026-09-18,40.0,0.51,8230,557,54.394987304687504,100,🚀點火(5.4x) 🚬菸屁股,BUY_WATCH,6
SOFI,2028-06-16,25.0,4.7,17690,551,75.4885263671875,737,🚀點火(3.0x) 🔭LEAPS,BUY_WATCH,6
SOFI,2028-06-16,23.0,4.86,6823,550,77.13645910644532,737,🚀點火(12.2x) 🔭LEAPS,BUY_WATCH,6
F,2026-09-18,21.0,0.17,11634,530,48.242705078125006,100,🚀點火(29.4x) 🚬菸屁股,BUY_WATCH,6
OPEN,2026-09-18,10.0,0.17,13123,527,118.75040625,100,🚀點火(6.2x) 🚬菸屁股,BUY_WATCH,6
PATH,2026-07-17,20.0,0.02,3591,520,97.6562734375,37,🚀點火(65.0x) 🚬菸屁股,BUY_WATCH,6
JOBY,2028-01-21,15.0,2.81,8051,519,88.9405402832031,590,🚀點火(3.1x) 🔭LEAPS,BUY_WATCH,6
SOFI,2028-01-21,32.0,2.79,6597,509,75.21997436523438,590,🚀點火(29.9x) 🔭LEAPS,BUY_WATCH,6
PLTR,2028-01-21,200.0,23.05,10955,506,61.46278771972658,590,🚀點火(5.0x) 🔭LEAPS,BUY_WATCH,6
NVDA,2028-01-21,320.0,21.85,6850,500,49.22536126708985,590,🚀點火(8.9x) 🔭LEAPS,BUY_WATCH,6
ONDS,2028-01-21,20.0,3.22,12730,497,108.59420703125,590,🚀點火(3.9x) 🔭LEAPS,BUY_WATCH,6
TSLA,2026-08-21,990.0,0.28,8073,492,77.0510107421875,72,🚀點火(20.5x) 🚬菸屁股,BUY_WATCH,6
NVDA,2026-09-18,400.0,0.28,12450,492,53.85788330078126,100,🚀點火(3.6x) 🚬菸屁股,BUY_WATCH,6
NVDA,2028-01-21,200.0,56.55,26547,470,51.63927755737304,590,🚀點火(3.0x) 🔭LEAPS,BUY_WATCH,6
SOFI,2027-01-15,47.0,0.26,20323,461,78.0275634765625,219,🚀點火(5.9x) 🚬菸屁股,BUY_WATCH,6
SOFI,2026-07-17,28.0,0.05,5019,458,81.64080859375,37,🚀點火(8.0x) 🚬菸屁股,BUY_WATCH,6
F,2026-07-17,22.0,0.03,3642,450,64.45348046875,37,🚀點火(7.4x) 🚬菸屁股,BUY_WATCH,6
IBIT,2026-08-21,47.0,0.31,6628,436,46.92435888671875,72,🚀點火(8.5x) 🚬菸屁股,BUY_WATCH,6
SOFI,2026-08-21,23.0,0.44,4344,436,69.336244140625,72,🚀點火(3.2x) 🚬菸屁股,BUY_WATCH,6
ONDS,2026-07-17,16.0,0.16,3323,407,110.9379453125,37,🚀點火(3.7x) 🚬菸屁股,BUY_WATCH,6
NOW,2026-07-17,180.0,0.29,3750,401,79.3947373046875,37,🚀點火(3.6x) 🚬菸屁股,BUY_WATCH,6
AAPL,2028-01-21,350.0,25.95,7630,399,31.639782730102535,590,🚀點火(4.2x) 🔭LEAPS,BUY_WATCH,6
ONDS,2028-01-21,7.0,5.6,9988,398,107.86178881835937,590,🚀點火(4.8x) 🔭LEAPS,BUY_WATCH,6
AAPL,2028-01-21,300.0,45.03,21470,377,34.0750611114502,590,🚀點火(3.4x) 🔭LEAPS,BUY_WATCH,6
ACHR,2026-10-16,10.0,0.28,4757,368,93.35944140625,128,🚀點火(3.3x) 🚬菸屁股,BUY_WATCH,6
F,2026-09-18,25.0,0.08,3794,363,54.297332031250015,100,🚀點火(9.8x) 🚬菸屁股,BUY_WATCH,6
DKNG,2026-09-18,37.5,0.69,2813,336,54.834436035156266,100,🚀點火(336.0x) 🚬菸屁股,BUY_WATCH,6
OPEN,2026-09-18,15.0,0.08,7039,331,126.56286718749999,100,🚀點火(7.7x) 🚬菸屁股,BUY_WATCH,6
SOFI,2028-01-21,25.0,3.9,16655,327,74.14576635742188,590,🚀點火(2.5x) 🔭LEAPS,BUY_WATCH,6
LUNR,2026-07-17,50.0,0.6,1226,320,133.78939355468745,37,🚀點火(7.6x) 🚬菸屁股,BUY_WATCH,6
TDOC,2026-07-17,7.0,0.59,12009,316,68.35969140625001,37,🚀點火(4.7x) 🚬菸屁股,BUY_WATCH,6
DKNG,2026-08-21,35.0,0.73,4047,308,56.055126953125,72,🚀點火(23.7x) 🚬菸屁股,BUY_WATCH,6
TSLA,2028-01-21,900.0,28.15,7076,297,57.7854563293457,590,🚀點火(8.5x) 🔭LEAPS,BUY_WATCH,6
IBIT,2026-09-18,48.0,0.46,21291,293,46.53373779296876,100,🚀點火(26.6x) 🚬菸屁股,BUY_WATCH,6
DKNG,2026-07-17,37.5,0.08,3971,292,52.93015820312501,37,🚀點火(146.0x) 🚬菸屁股,BUY_WATCH,6
OPEN,2026-10-16,10.0,0.18,3054,287,112.109814453125,128,🚀點火(41.0x) 🚬菸屁股,BUY_WATCH,6
PATH,2028-01-21,20.0,2.15,8632,278,78.32052929687501,590,🚀點火(9.6x) 🔭LEAPS,BUY_WATCH,6
NVDA,2028-01-21,210.0,52.0,9473,270,51.144897735595706,590,🚀點火(7.3x) 🔭LEAPS,BUY_WATCH,6
F,2026-09-18,22.0,0.13,4947,269,49.023947265625004,100,🚀點火(134.5x) 🚬菸屁股,BUY_WATCH,6
SOFI,2028-01-21,45.0,1.76,3979,264,75.97680273437501,590,🚀點火(264.0x) 🔭LEAPS,BUY_WATCH,6
OPEN,2027-01-15,9.0,0.54,2045,262,105.46922265625001,219,🚀點火(262.0x) 🚬菸屁股,BUY_WATCH,6
HOOD,2026-07-17,140.0,0.28,6987,260,81.93377441406248,37,🚀點火(4.9x) 🚬菸屁股,BUY_WATCH,6
BLDP,2026-11-20,8.0,0.71,1095,253,114.64886425781249,163,🚀點火(42.2x) 🚬菸屁股,BUY_WATCH,6
ZTS,2026-07-17,95.0,0.65,866,250,38.67248828125,37,🚀點火(7.8x) 🚬菸屁股,BUY_WATCH,6
SMR,2028-01-21,10.0,5.36,4804,245,114.74652001953123,590,🚀點火(2.8x) 🔭LEAPS,BUY_WATCH,6
TSCO,2026-09-18,40.0,0.6,8046,244,50.43994873046876,100,🚀點火(10.6x) 🚬菸屁股,BUY_WATCH,6
SOFI,2026-10-16,25.0,0.65,3398,240,68.4573466796875,128,🚀點火(5.0x) 🚬菸屁股,BUY_WATCH,6
MSFT,2026-07-17,600.0,0.11,5207,238,50.879397460937504,37,🚀點火(3.9x) 🚬菸屁股,BUY_WATCH,6
TDOC,2026-07-17,10.0,0.07,3066,235,82.81267187499999,37,🚀點火(26.1x) 🚬菸屁股,BUY_WATCH,6
IBIT,2026-10-16,50.0,0.55,5965,227,46.973186523437505,128,🚀點火(6.9x) 🚬菸屁股,BUY_WATCH,6
PATH,2026-08-21,18.0,0.16,17812,227,77.73459765625,72,🚀點火(7.6x) 🚬菸屁股,BUY_WATCH,6
ONDS,2026-07-17,22.0,0.06,1430,227,125.78162109374999,37,🚀點火(17.5x) 🚬菸屁股,BUY_WATCH,6
BSX,2027-01-15,90.0,0.6,12861,222,50.92822509765625,219,🚀點火(6.5x) 🚬菸屁股,BUY_WATCH,6
NOW,2026-07-17,170.0,0.39,1814,221,75.87914746093752,37,🚀點火(3.9x) 🚬菸屁股,BUY_WATCH,6
NVDA,2028-01-21,240.0,41.29,6563,219,50.09205181884766,590,🚀點火(10.9x) 🔭LEAPS,BUY_WATCH,6
SOFI,2027-01-15,32.0,0.69,15419,218,72.02176416015625,219,🚀點火(3.1x) 🚬菸屁股,BUY_WATCH,6
SMR,2028-01-21,15.0,4.4,6904,214,113.7211345214844,590,🚀點火(3.6x) 🔭LEAPS,BUY_WATCH,6
SOFI,2026-10-16,35.0,0.17,2748,213,75.39087109375001,128,🚀點火(5.8x) 🚬菸屁股,BUY_WATCH,6
SOFI,2028-01-21,40.0,2.07,13784,212,74.04811108398437,590,🚀點火(3.7x) 🔭LEAPS,BUY_WATCH,6
PLTR,2026-09-18,410.0,0.12,6264,211,81.05487695312499,100,🚀點火(42.2x) 🚬菸屁股,BUY_WATCH,6
CRM,2027-01-15,550.0,0.51,5373,209,61.426166992187504,219,🚀點火(104.5x) 🚬菸屁股,BUY_WATCH,6
COUR,2026-08-21,7.0,0.25,2254,202,75.586181640625,72,🚀點火(67.3x) 🚬菸屁股,BUY_WATCH,6
F,2026-09-18,19.0,0.33,7450,200,45.6060126953125,100,🚀點火(25.0x) 🚬菸屁股,BUY_WATCH,6
JOBY,2026-08-21,11.0,0.84,3333,197,84.27750097656251,72,🚀點火(3.1x) 🚬菸屁股,BUY_WATCH,6
JOBY,2026-08-21,15.0,0.26,4600,196,95.11723632812499,72,🚀點火(4.6x) 🚬菸屁股,BUY_WATCH,6
PATH,2026-09-18,14.0,0.77,3267,188,78.51583984375,100,🚀點火(3.5x) 🚬菸屁股,BUY_WATCH,6
PATH,2028-01-21,35.0,1.09,986,186,77.19749365234375,590,🚀點火(9.3x) 🔭LEAPS,BUY_WATCH,6
NOW,2026-07-17,175.0,0.35,1389,182,76.95335546875,37,🚀點火(3.7x) 🚬菸屁股,BUY_WATCH,6
SMR,2027-01-15,32.0,0.73,1282,180,117.48088134765624,219,🚀點火(7.2x) 🚬菸屁股,BUY_WATCH,6
TSLA,2028-01-21,800.0,35.21,6914,179,57.24835232543947,590,🚀點火(11.9x) 🔭LEAPS,BUY_WATCH,6
BLDP,2026-07-17,7.0,0.2,1176,179,117.1879140625,37,🚀點火(11.9x) 🚬菸屁股,BUY_WATCH,6
PATH,2026-08-21,16.0,0.26,2462,176,82.81267187499999,72,🚀點火(2.8x) 🚬菸屁股,BUY_WATCH,6
PATH,2027-01-15,30.0,0.34,27341,174,87.5977802734375,219,🚀點火(87.0x) 🚬菸屁股,BUY_WATCH,6
SMR,2026-07-17,18.0,0.17,1333,173,129.49254003906248,37,🚀點火(3.5x) 🚬菸屁股,BUY_WATCH,6
TSLA,2026-07-17,750.0,0.23,5278,169,76.51390673828125,37,🚀點火(15.4x) 🚬菸屁股,BUY_WATCH,6
D,2026-07-17,70.0,0.66,3424,166,23.853300537109373,37,🚀點火(4.4x) 🚬菸屁股,BUY_WATCH,6
OKLO,2026-07-17,120.0,0.3,3704,165,115.234798828125,37,🚀點火(2.7x) 🚬菸屁股,BUY_WATCH,6
ACHR,2028-01-21,12.0,1.25,3715,163,95.99613378906248,590,🚀點火(4.5x) 🔭LEAPS,BUY_WATCH,6
SMCI,2028-01-21,105.0,7.3,6779,161,87.89074609375,590,🚀點火(6.0x) 🔭LEAPS,BUY_WATCH,6
NVDA,2026-07-17,350.0,0.05,24253,157,57.812921875,37,🚀點火(4.6x) 🚬菸屁股,BUY_WATCH,6
HPQ,2026-07-17,27.0,0.68,1481,155,48.438015625000006,37,🚀點火(2.8x) 🚬菸屁股,BUY_WATCH,6
SMCI,2028-01-21,90.0,7.98,3315,154,87.62219409179689,590,🚀點火(7.7x) 🔭LEAPS,BUY_WATCH,6
OPEN,2028-01-21,12.0,1.13,3484,149,105.2739111328125,590,🚀點火(74.5x) 🔭LEAPS,BUY_WATCH,6
SOFI,2026-10-16,23.0,0.9,2244,145,67.96907031250001,128,🚀點火(24.2x) 🚬菸屁股,BUY_WATCH,6
ACHR,2028-01-21,3.0,3.3,3726,141,104.68797656250001,590,🚀點火(4.0x) 🔭LEAPS,BUY_WATCH,6
JOBY,2026-07-17,18.0,0.03,2287,138,124.21912890624998,37,🚀點火(34.5x) 🚬菸屁股,BUY_WATCH,6
SMR,2028-01-21,50.0,1.75,1211,135,117.77384863281249,590,🚀點火(16.9x) 🔭LEAPS,BUY_WATCH,6
SOFI,2026-11-20,30.0,0.51,1173,133,71.5823154296875,163,🚀點火(3.5x) 🚬菸屁股,BUY_WATCH,6
SOFI,2028-01-21,10.0,8.99,3740,131,91.6993017578125,590,🚀點火(2.7x) 🔭LEAPS,BUY_WATCH,6
OPEN,2026-11-20,8.0,0.49,1517,128,113.28168359375002,163,🚀點火(18.3x) 🚬菸屁股,BUY_WATCH,6
NVDA,2028-01-21,410.0,12.1,19417,127,49.171956039428714,590,🚀點火(10.6x) 🔭LEAPS,BUY_WATCH,6
SMR,2028-01-21,8.0,5.87,1462,126,115.86956127929686,590,🚀點火(11.5x) 🔭LEAPS,BUY_WATCH,6
SMR,2028-01-21,25.0,3.1,2148,109,114.11175756835937,590,🚀點火(13.6x) 🔭LEAPS,BUY_WATCH,6
PATH,2028-01-21,30.0,1.27,6801,108,78.95528857421876,590,🚀點火(3.1x) 🔭LEAPS,BUY_WATCH,6
SMCI,2028-01-21,85.0,9.15,15209,106,88.31798791503907,590,🚀點火(21.2x) 🔭LEAPS,BUY_WATCH,6
XYZ,2027-01-15,140.0,0.75,1339,106,54.07760766601564,219,🚀點火(4.1x) 🚬菸屁股,BUY_WATCH,6
HIMS,2028-01-21,50.0,9.2,2304,106,96.80178979492187,590,🚀點火(3.3x) 🔭LEAPS,BUY_WATCH,6
NVDA,2028-01-21,380.0,15.05,8250,105,49.01936967468263,590,🚀點火(52.5x) 🔭LEAPS,BUY_WATCH,6
OKLO,2026-07-17,110.0,0.41,1006,104,111.42622412109375,37,🚀點火(3.9x) 🚬菸屁股,BUY_WATCH,6
ONDS,2026-09-18,22.0,0.38,4076,102,115.72307763671876,100,🚀點火(51.0x) 🚬菸屁股,BUY_WATCH,6
TDOC,2026-07-17,8.0,0.23,3719,100,72.07059179687501,37,🚀點火(2.7x) 🚬菸屁股,BUY_WATCH,6
XYZ,2027-01-15,135.0,0.84,1100,100,53.54050366210939,219,🚀點火(10.0x) 🚬菸屁股,BUY_WATCH,6
SMR,2027-01-15,85.0,0.23,3143,99,133.78939355468745,219,🚀點火(2.5x) 🚬菸屁股,BUY_WATCH,6
DKNG,2028-01-21,37.5,5.29,19874,97,61.548236083984385,590,🚀點火(24.2x) 🔭LEAPS,BUY_WATCH,6
SMR,2026-08-21,35.0,0.12,7247,97,146.2893310546875,72,🚀點火(2.9x) 🚬菸屁股,BUY_WATCH,6
UPST,2026-07-17,40.0,0.68,4192,96,75.39087109375001,37,🚀點火(2.5x) 🚬菸屁股,BUY_WATCH,6
PATH,2028-01-21,25.0,1.72,8341,93,78.85763330078125,590,🚀點火(5.5x) 🔭LEAPS,BUY_WATCH,6
HIMS,2028-01-21,35.0,11.5,2617,91,92.23640576171876,590,🚀點火(4.8x) 🔭LEAPS,BUY_WATCH,6
SOFI,2026-09-18,23.0,0.68,9158,88,68.555001953125,100,🚀點火(3.4x) 🚬菸屁股,BUY_WATCH,6
SOFI,2027-01-15,45.0,0.3,11812,88,81.93377441406248,219,🚀點火(3.1x) 🚬菸屁股,BUY_WATCH,6
F,2026-08-21,19.0,0.23,1846,86,47.7544287109375,72,🚀點火(10.8x) 🚬菸屁股,BUY_WATCH,6
UPST,2026-09-18,70.0,0.36,951,85,96.53323779296875,100,🚀點火(3.5x) 🚬菸屁股,BUY_WATCH,6
SOFI,2026-07-17,40.0,0.01,2624,85,106.25046875000001,37,🚀點火(28.3x) 🚬菸屁股,BUY_WATCH,6
SOFI,2026-09-18,26.0,0.4,1413,85,69.92217578125,100,🚀點火(4.2x) 🚬菸屁股,BUY_WATCH,6
ACHR,2028-01-21,15.0,1.05,12622,85,95.84965087890623,590,🚀點火(2.7x) 🔭LEAPS,BUY_WATCH,6
NVDA,2026-09-18,420.0,0.21,7160,84,55.078574218750006,100,🚀點火(5.2x) 🚬菸屁股,BUY_WATCH,6
HPQ,2026-08-21,30.0,0.63,6178,84,52.246571289062494,72,🚀點火(2.6x) 🚬菸屁股,BUY_WATCH,6
SMR,2027-01-15,45.0,0.45,1312,82,126.46521142578125,219,🚀點火(3.6x) 🚬菸屁股,BUY_WATCH,6
IBIT,2028-01-21,55.0,4.8,5626,79,55.6767127685547,590,🚀點火(11.3x) 🔭LEAPS,BUY_WATCH,6
SOFI,2026-08-21,40.0,0.07,1355,78,94.92192578125,72,🚀點火(5.6x) 🚬菸屁股,BUY_WATCH,6
ACHR,2028-01-21,20.0,0.78,5756,78,95.89847851562499,590,🚀點火(3.2x) 🔭LEAPS,BUY_WATCH,6
DKNG,2027-01-15,80.0,0.06,881,77,60.15664843750002,219,🚀點火(38.5x) 🚬菸屁股,BUY_WATCH,6
HPQ,2026-09-18,40.0,0.26,3701,75,58.20354296875,100,🚀點火(4.2x) 🚬菸屁股,BUY_WATCH,6
IREN,2026-07-17,115.0,0.44,756,73,113.67230664062502,37,🚀點火(73.0x) 🚬菸屁股,BUY_WATCH,6
BSX,2026-07-17,65.0,0.1,3330,73,51.17236328125,37,🚀點火(2.5x) 🚬菸屁股,BUY_WATCH,6
HPQ,2026-08-21,35.0,0.23,1059,73,56.836369140624996,72,🚀點火(4.6x) 🚬菸屁股,BUY_WATCH,6
SOFI,2026-10-16,24.0,0.75,2797,71,68.31086376953127,128,🚀點火(2.5x) 🚬菸屁股,BUY_WATCH,6
ACHR,2027-01-15,9.0,0.75,2006,70,94.726615234375,219,🚀點火(11.7x) 🚬菸屁股,BUY_WATCH,6
DKNG,2028-01-21,50.0,3.0,25951,69,57.593197509765616,590,🚀點火(69.0x) 🔭LEAPS,BUY_WATCH,6
ACHR,2028-01-21,1.0,4.6,925,68,0.0,590,🚀點火(4.5x) 🔭LEAPS,BUY_WATCH,6
F,2028-01-21,25.0,1.12,12652,67,48.68215380859375,590,🚀點火(11.2x) 🔭LEAPS,BUY_WATCH,6
OPEN,2026-09-18,8.0,0.28,3844,64,120.3128984375,100,🚀點火(4.0x) 🚬菸屁股,BUY_WATCH,6
JOBY,2026-08-21,12.0,0.58,3082,64,84.57046679687498,72,🚀點火(4.6x) 🚬菸屁股,BUY_WATCH,6
DKNG,2027-01-15,45.0,0.93,5513,63,55.42036767578126,219,🚀點火(31.5x) 🚬菸屁股,BUY_WATCH,6
ONDS,2028-01-21,25.0,2.7,2159,63,108.0571003417969,590,🚀點火(2.9x) 🔭LEAPS,BUY_WATCH,6
ACHR,2028-01-21,27.0,0.63,17833,62,96.3867548828125,590,🚀點火(3.0x) 🔭LEAPS,BUY_WATCH,6
F,2026-07-17,25.0,0.02,3359,62,70.312796875,37,🚀點火(12.4x) 🚬菸屁股,BUY_WATCH,6
DKNG,2027-01-15,65.0,0.21,795,60,53.12546875,219,🚀點火(60.0x) 🚬菸屁股,BUY_WATCH,6
ACHR,2027-01-15,22.0,0.16,6532,60,108.59420703125,219,🚀點火(12.0x) 🚬菸屁股,BUY_WATCH,6
DKNG,2026-08-21,40.0,0.25,796,58,56.250437500000004,72,🚀點火(5.3x) 🚬菸屁股,BUY_WATCH,6
OPEN,2026-09-18,9.0,0.19,1668,58,112.109814453125,100,🚀點火(19.3x) 🚬菸屁股,BUY_WATCH,6
HPQ,2026-07-17,38.0,0.03,4369,58,61.328511718750015,37,🚀點火(8.3x) 🚬菸屁股,BUY_WATCH,6
VST,2026-07-17,200.0,0.6,1480,56,59.131268066406264,37,🚀點火(2.7x) 🚬菸屁股,BUY_WATCH,6
F,2028-01-21,22.0,1.35,1738,55,47.1684970703125,590,🚀點火(2.6x) 🔭LEAPS,BUY_WATCH,6
COUR,2026-07-17,6.0,0.3,1020,53,81.2501875,37,🚀點火(3.1x) 🚬菸屁股,BUY_WATCH,6
HOOD,2028-01-21,220.0,9.32,754,52,74.74085317993165,590,🚀點火(52.0x) 🔭LEAPS,BUY_WATCH,6
PATH,2028-01-21,17.0,2.7,3238,51,77.8322529296875,590,🚀點火(3.4x) 🔭LEAPS,BUY_WATCH,6
COUR,2026-08-21,6.0,0.44,5397,51,80.27363476562499,72,🚀點火(10.2x) 🚬菸屁股,BUY_WATCH,6
DKNG,2027-01-15,55.0,0.45,6653,50,53.36960693359375,219,🚀點火(50.0x) 🚬菸屁股,BUY_WATCH,6
SMR,2027-01-15,80.0,0.25,9851,50,137.3050009765625,219,🚀點火(2.6x) 🚬菸屁股,BUY_WATCH,6
HPQ,2028-01-21,20.0,7.5,1496,50,51.90477783203124,590,🚀點火(5.6x) 🔭LEAPS,BUY_WATCH,6
SMCI,2028-01-21,80.0,9.8,1155,49,87.7930908203125,590,🚀點火(24.5x) 🔭LEAPS,BUY_WATCH,6
SMR,2026-08-21,30.0,0.15,2423,49,138.67218164062498,72,🚀點火(4.5x) 🚬菸屁股,BUY_WATCH,6
MDT,2026-07-17,87.5,0.8,930,49,24.048611083984373,37,🚀點火(3.8x) 🚬菸屁股,BUY_WATCH,6
CRM,2026-08-21,270.0,0.58,1191,49,52.29539892578124,72,🚀點火(9.8x) 🚬菸屁股,BUY_WATCH,6
HOOD,2028-01-21,200.0,11.0,4097,48,75.39087109375001,590,🚀點火(9.6x) 🔭LEAPS,BUY_WATCH,6
KTOS,2026-07-17,85.0,0.5,1188,48,79.5900478515625,37,🚀點火(16.0x) 🚬菸屁股,BUY_WATCH,6
IBIT,2028-06-16,40.0,10.06,6072,46,60.26651062011721,737,🚀點火(3.3x) 🔭LEAPS,BUY_WATCH,6
SOFI,2026-11-20,31.0,0.41,872,46,71.9729365234375,163,🚀點火(5.1x) 🚬菸屁股,BUY_WATCH,6
HOOD,2028-01-21,280.0,6.25,1529,45,75.21387091064453,590,🚀點火(9.0x) 🔭LEAPS,BUY_WATCH,6
DKNG,2028-01-21,40.0,4.8,3096,43,59.48526843261719,590,🚀點火(7.2x) 🔭LEAPS,BUY_WATCH,6
SOFI,2026-08-21,29.0,0.14,1376,42,85.0587431640625,72,🚀點火(2.8x) 🚬菸屁股,BUY_WATCH,6
SMR,2026-08-21,22.0,0.28,2286,42,135.44954150390623,72,🚀點火(14.0x) 🚬菸屁股,BUY_WATCH,6
SMR,2028-01-21,5.0,6.95,1302,41,117.1879140625,590,🚀點火(5.9x) 🔭LEAPS,BUY_WATCH,6
DKNG,2027-01-15,60.0,0.27,8989,38,54.59029785156251,219,🚀點火(19.0x) 🚬菸屁股,BUY_WATCH,6
ACHR,2027-01-15,25.0,0.14,22965,34,111.71919140624999,219,🚀點火(3.4x) 🚬菸屁股,BUY_WATCH,6
CRM,2028-01-21,390.0,9.15,2207,34,51.947502014160165,590,🚀點火(6.8x) 🔭LEAPS,BUY_WATCH,6
NVDA,2028-01-21,290.0,27.8,5343,33,49.509171905517576,590,🚀點火(16.5x) 🔭LEAPS,BUY_WATCH,6
IBIT,2028-01-21,85.0,1.88,13991,33,55.71333349609377,590,🚀點火(16.5x) 🔭LEAPS,BUY_WATCH,6
BSX,2026-09-18,65.0,0.65,4460,33,43.89704541015625,100,🚀點火(5.5x) 🚬菸屁股,BUY_WATCH,6
HPQ,2028-01-21,25.0,5.75,5163,33,52.83250292968751,590,🚀點火(2.8x) 🔭LEAPS,BUY_WATCH,6
JOBY,2027-01-15,22.0,0.6,6232,32,93.164130859375,219,🚀點火(6.4x) 🚬菸屁股,BUY_WATCH,6
HIMS,2028-01-21,60.0,7.73,1599,30,98.38868798828125,590,🚀點火(7.5x) 🔭LEAPS,BUY_WATCH,6
JOBY,2026-07-17,16.0,0.05,2875,30,101.95361523437501,37,🚀點火(4.3x) 🚬菸屁股,BUY_WATCH,6
SOFI,2026-10-16,26.0,0.57,1710,27,69.14093359375,128,🚀點火(13.5x) 🚬菸屁股,BUY_WATCH,6
HPQ,2028-01-21,40.0,2.65,1567,27,53.87009020996094,590,🚀點火(9.0x) 🔭LEAPS,BUY_WATCH,6
DKNG,2028-01-21,25.0,9.45,3758,26,65.2469295654297,590,🚀點火(4.3x) 🔭LEAPS,BUY_WATCH,6
SOFI,2027-01-15,37.0,0.42,3193,24,72.851833984375,219,🚀點火(12.0x) 🚬菸屁股,BUY_WATCH,6
SMR,2028-01-21,3.0,7.85,1306,23,123.73085009765623,590,🚀點火(3.3x) 🔭LEAPS,BUY_WATCH,6
NEE,2027-01-15,125.0,0.37,8667,23,31.055376953125,219,🚀點火(2.9x) 🚬菸屁股,BUY_WATCH,6
OKLO,2026-07-17,150.0,0.05,1480,22,138.8674931640625,37,🚀點火(5.5x) 🚬菸屁股,BUY_WATCH,6
DKNG,2027-01-15,75.0,0.12,1026,22,55.859816406250005,219,🚀點火(22.0x) 🚬菸屁股,BUY_WATCH,6
PATH,2026-08-21,17.0,0.18,2260,22,84.37515624999999,72,🚀點火(3.7x) 🚬菸屁股,BUY_WATCH,6
ACHR,2028-01-21,4.0,2.88,2403,22,98.1445498046875,590,🚀點火(2.8x) 🔭LEAPS,BUY_WATCH,6
SOFI,2028-01-21,37.0,2.22,8097,20,74.87818090820313,590,🚀點火(10.0x) 🔭LEAPS,BUY_WATCH,6
HIMS,2028-01-21,55.0,7.22,779,20,93.43268286132812,590,🚀點火(20.0x) 🔭LEAPS,BUY_WATCH,6
ONDS,2028-01-21,4.0,6.8,2206,20,127.34411328124997,590,🚀點火(20.0x) 🔭LEAPS,BUY_WATCH,6
BSX,2026-08-21,70.0,0.25,1153,20,52.734847656250004,72,🚀點火(4.0x) 🚬菸屁股,BUY_WATCH,6
UPST,2028-01-21,100.0,4.3,1282,19,87.23157299804687,590,🚀點火(6.3x) 🔭LEAPS,BUY_WATCH,6
OKLO,2026-09-18,260.0,0.6,1394,17,144.53152734375,100,🚀點火(2.8x) 🚬菸屁股,BUY_WATCH,6
U,2028-01-21,70.0,3.58,1521,17,76.46507910156251,590,🚀點火(8.5x) 🔭LEAPS,BUY_WATCH,6
PATH,2027-01-15,27.0,0.4,5082,17,84.76577734374999,219,🚀點火(4.2x) 🚬菸屁股,BUY_WATCH,6
PATH,2027-01-15,37.0,0.24,2228,16,92.8711650390625,219,🚀點火(4.0x) 🚬菸屁股,BUY_WATCH,6
DKNG,2026-08-21,42.5,0.14,1053,12,54.68795312500001,72,🚀點火(6.0x) 🚬菸屁股,BUY_WATCH,6
U,2028-01-21,65.0,4.35,1988,11,73.66969689941408,590,🚀點火(2.8x) 🔭LEAPS,BUY_WATCH,6
JOBY,2028-01-21,17.0,2.45,2662,11,89.89267919921873,590,🚀點火(3.7x) 🔭LEAPS,BUY_WATCH,6
UPST,2028-01-21,105.0,4.65,937,10,88.39122937011719,590,🚀點火(3.3x) 🔭LEAPS,BUY_WATCH,6
DKNG,2028-01-21,30.0,7.55,3258,10,55.10298803710938,590,🚀點火(5.0x) 🔭LEAPS,BUY_WATCH,6
BSX,2028-01-21,60.0,8.69,1449,10,50.586431640624994,590,🚀點火(3.3x) 🔭LEAPS,BUY_WATCH,6
HPQ,2026-09-18,32.0,0.77,4808,10,53.51608984375,100,🚀點火(2.5x) 🚬菸屁股,BUY_WATCH,6
COUR,2026-07-17,5.0,0.55,2030,10,60.547269531250016,37,🚀點火(3.3x) 🚬菸屁股,BUY_WATCH,6
HOOD,2026-09-18,200.0,0.54,1425,9,86.8165380859375,100,🚀點火(4.5x) 🚬菸屁股,BUY_WATCH,6
DKNG,2026-09-18,50.0,0.1,3113,8,67.96907031250001,100,🚀點火(4.0x) 🚬菸屁股,BUY_WATCH,6
DKNG,2026-09-18,45.0,0.2,6242,7,55.37154003906251,100,🚀點火(7.0x) 🚬菸屁股,BUY_WATCH,6
ONDS,2026-09-18,19.0,0.47,1269,7,112.69574902343751,100,🚀點火(3.5x) 🚬菸屁股,BUY_WATCH,6
ONDS,2026-09-18,21.0,0.4,2683,7,115.8207333984375,100,🚀點火(7.0x) 🚬菸屁股,BUY_WATCH,6
BSX,2027-01-15,85.0,0.7,1121,7,51.050294189453126,219,🚀點火(3.5x) 🚬菸屁股,BUY_WATCH,6
NTLA,2026-07-17,17.0,0.7,1672,6,101.3676806640625,37,🚀點火(3.0x) 🚬菸屁股,BUY_WATCH,6
HPQ,2028-01-21,32.0,3.75,2109,5,52.17332983398437,590,🚀點火(5.0x) 🔭LEAPS,BUY_WATCH,6
OPEN,2026-10-16,9.0,0.3,753,4,135.93782031249998,128,🚀點火(4.0x) 🚬菸屁股,BUY_WATCH,6
BSX,2027-01-15,120.0,0.35,922,4,53.51608984375,219,🚀點火(4.0x) 🚬菸屁股,BUY_WATCH,6
IBIT,2027-01-15,84.0,0.24,5214,3,58.20354296875,219,🚀點火(3.0x) 🚬菸屁股,BUY_WATCH,6
U,2027-01-15,70.0,0.6,2759,3,72.9494892578125,219,🚀點火(3.0x) 🚬菸屁股,BUY_WATCH,6
U,2028-01-21,50.0,5.38,1470,3,74.78052563476562,590,🚀點火(3.0x) 🔭LEAPS,BUY_WATCH,6
JOBY,2028-01-21,3.0,6.65,1157,3,109.47310888671878,590,🚀點火(3.0x) 🔭LEAPS,BUY_WATCH,6
NVDA,2026-06-12,210.0,2.66,33646,62083,40.21055883789062,2,🎲末日結算 🚨異常掃貨 🔥萬人塚,GAMBLE,5
NVDA,2026-10-16,230.0,14.15,43039,41081,45.868461242675785,128,🚀點火(40.8x) 🔥萬人塚,HOLD,5
MSFT,2026-08-21,500.0,4.05,55187,27791,38.69690209960937,72,🚀點火(7.1x) 🔥萬人塚,HOLD,5
NVDA,2026-07-17,250.0,1.2,77452,23633,41.28476684570312,37,🚀點火(3.9x) 🔥萬人塚,HOLD,5
AAPL,2026-07-17,320.0,1.26,38276,18895,24.42702526855469,37,🚀點火(3.0x) 🔥萬人塚,HOLD,5
NVDA,2026-08-21,250.0,3.85,36388,9343,42.34676794433594,72,🚀點火(2.5x) 🔥萬人塚,HOLD,5
NVDA,2026-07-17,200.0,15.9,78150,6516,43.0242514038086,37,🚀點火(4.5x) 🔥萬人塚,HOLD,5
AAPL,2026-07-17,295.0,7.5,33011,5451,25.58057818603516,37,🚀點火(22.4x) 🔥萬人塚,HOLD,5
AAPL,2026-09-18,285.0,21.0,46335,5231,29.999479309082034,100,🚀點火(31.7x) 🔥萬人塚,HOLD,5
PLTR,2026-07-17,150.0,2.98,32154,5002,50.85498364257812,37,🚀點火(2.8x) 🔥萬人塚,HOLD,5
F,2027-01-15,5.0,4.45,1087,3633,0.0010000000000000002,219,🚨異常掃貨,STRONG_BUY,5
F,2026-09-18,15.0,1.35,36999,1759,44.2388388671875,100,🚀點火(2.7x) 🔥萬人塚,HOLD,5
DKNG,2026-08-21,30.0,1.91,40894,1315,57.22699023437501,72,🚀點火(6.4x) 🔥萬人塚,HOLD,5
PATH,2027-01-15,15.0,1.4,35642,1293,78.8088056640625,219,🚀點火(9.4x) 🔥萬人塚,HOLD,5
ACHR,2027-01-15,7.0,1.04,30210,985,91.60164648437501,219,🚀點火(5.1x) 🔥萬人塚,HOLD,5
NVDA,2026-09-18,310.0,1.28,32919,915,46.99760034179688,100,🚀點火(5.4x) 🔥萬人塚,HOLD,5
NVDA,2027-01-15,340.0,3.8,70131,703,47.27225579833985,219,🚀點火(3.7x) 🔥萬人塚,HOLD,5
F,2027-01-15,16.85,1.28,34603,657,43.99470068359375,219,🚀點火(10.1x) 🔥萬人塚,HOLD,5
DKNG,2026-11-20,30.0,3.35,30819,391,57.34905932617188,163,🚀點火(10.6x) 🔥萬人塚,HOLD,5
MSFT,2027-01-15,625.0,4.34,52263,201,37.97364273071289,219,🚀點火(2.8x) 🔥萬人塚,HOLD,5
SHOP,2026-09-18,100.0,19.2,47925,63,66.30893066406252,100,🚀點火(21.0x) 🔥萬人塚,HOLD,5
SHOP,2026-09-18,160.0,2.95,83144,53,64.78306701660156,100,🚀點火(2.5x) 🔥萬人塚,HOLD,5
ASTS,2026-06-12,120.0,0.22,10757,41178,157.03146484375,2,🎲末日結算 🚨異常掃貨 🚀點火(11.9x) ⚠️IV頂峰 🚬菸屁股,GAMBLE,4
HOOD,2026-06-12,90.0,0.66,13522,25550,74.26783544921875,2,🎲末日結算 🚨異常掃貨 🚬菸屁股,GAMBLE,4
PLTR,2026-06-12,145.0,0.17,16119,19589,54.297332031250015,2,🎲末日結算 🚨異常掃貨 🚬菸屁股,GAMBLE,4
SOFI,2026-06-12,18.0,0.04,21768,17284,62.500375000000005,2,🎲末日結算 🆕新倉暴量 🚬菸屁股,GAMBLE,4
TSLA,2026-06-12,430.0,0.98,13458,16759,56.49457568359376,2,🎲末日結算 🚨異常掃貨 🚬菸屁股,GAMBLE,4
NVDA,2026-06-12,232.5,0.05,21507,15110,48.633326171875005,2,🎲末日結算 🆕新倉暴量 🚬菸屁股,GAMBLE,4
OPEN,2026-06-12,5.0,0.04,12241,15019,117.1879140625,2,🎲末日結算 🚨異常掃貨 🚬菸屁股,GAMBLE,4
SMCI,2026-06-12,48.5,0.07,14488,14782,102.73486132812502,2,🎲末日結算 🆕新倉暴量 🚬菸屁股,GAMBLE,4
NVDA,2026-06-12,217.5,0.68,11145,14529,40.18614501953125,2,🎲末日結算 🚨異常掃貨 🚬菸屁股,GAMBLE,4
SMCI,2026-06-12,51.0,0.03,15685,14384,110.9379453125,2,🎲末日結算 🆕新倉暴量 🚬菸屁股,GAMBLE,4
HIMS,2026-06-12,30.0,0.69,5543,13279,90.62509374999999,2,🎲末日結算 🚨異常掃貨 🚬菸屁股,GAMBLE,4
OPEN,2026-06-12,4.5,0.12,7791,12821,96.87503124999999,2,🎲末日結算 🚨異常掃貨 🚬菸屁股,GAMBLE,4
INTC,2026-06-12,120.0,0.72,12606,11465,91.06454248046875,2,🎲末日結算 🆕新倉暴量 🚬菸屁股,GAMBLE,4
PLTR,2026-06-12,150.0,0.06,16166,9850,58.5941640625,2,🎲末日結算 🆕新倉暴量 🚬菸屁股,GAMBLE,4
AAPL,2026-06-12,307.5,0.16,5914,9556,31.055376953125,2,🎲末日結算 🚨異常掃貨 🚬菸屁股,GAMBLE,4
IREN,2026-06-12,60.0,0.62,5064,8457,108.203583984375,2,🎲末日結算 🚨異常掃貨 🚬菸屁股,GAMBLE,4
SOFI,2026-06-12,16.0,0.71,4741,7608,64.062859375,2,🎲末日結算 🚨異常掃貨 🚬菸屁股,GAMBLE,4
F,2026-06-12,15.5,0.09,11117,7496,44.5318046875,2,🎲末日結算 🆕新倉暴量 🚬菸屁股,GAMBLE,4
AAPL,2026-06-12,312.5,0.07,10761,7446,33.301448242187504,2,🎲末日結算 🆕新倉暴量 🚬菸屁股,GAMBLE,4
TSLA,2026-06-12,435.0,0.7,17924,7162,57.76409423828125,2,🎲末日結算 🆕新倉暴量 🚬菸屁股,GAMBLE,4
MU,2026-06-12,1200.0,0.52,3560,6931,106.34812451171878,2,🎲末日結算 🚨異常掃貨 🚬菸屁股,GAMBLE,4
IBIT,2026-06-12,36.5,0.16,8641,6696,42.9693203125,2,🎲末日結算 🆕新倉暴量 🚬菸屁股,GAMBLE,4
INTC,2026-06-12,125.0,0.32,8022,6687,92.773509765625,2,🎲末日結算 🆕新倉暴量 🚬菸屁股,GAMBLE,4
RIVN,2026-06-12,17.0,0.1,7340,6682,72.6565234375,2,🎲末日結算 🆕新倉暴量 🚬菸屁股,GAMBLE,4
GOOG,2026-06-12,380.0,0.59,7787,6457,34.76627734375,2,🎲末日結算 🆕新倉暴量 🚬菸屁股,GAMBLE,4
ONDS,2026-06-12,11.5,0.04,8476,6278,110.9379453125,2,🎲末日結算 🆕新倉暴量 🚬菸屁股,GAMBLE,4
SMCI,2026-06-12,45.0,0.29,4909,6183,89.84385156249999,2,🎲末日結算 🚨異常掃貨 🚬菸屁股,GAMBLE,4
NVDA,2026-06-12,227.5,0.1,10598,5899,45.117736328125005,2,🎲末日結算 🆕新倉暴量 🚬菸屁股,GAMBLE,4
IBIT,2026-06-12,40.0,0.01,7309,5885,59.375406250000005,2,🎲末日結算 🆕新倉暴量 🚬菸屁股,GAMBLE,4
SMCI,2026-06-12,47.5,0.12,5760,5505,96.0937890625,2,🎲末日結算 🆕新倉暴量 🚬菸屁股,GAMBLE,4
PLTR,2026-06-12,149.0,0.06,12428,5499,58.00823242187501,2,🎲末日結算 🆕新倉暴量 🚬菸屁股,GAMBLE,4
ASTS,2026-06-12,105.0,0.87,1789,5043,139.2581162109375,2,🎲末日結算 🚨異常掃貨 🚬菸屁股,GAMBLE,4
RIVN,2026-06-12,18.0,0.04,5559,5025,85.937640625,2,🎲末日結算 🆕新倉暴量 🚬菸屁股,GAMBLE,4
ONDS,2026-06-12,10.5,0.14,4303,4905,99.804689453125,2,🎲末日結算 🆕新倉暴量 🚬菸屁股,GAMBLE,4
IONQ,2026-06-12,63.0,0.73,1255,4376,114.84417578124999,2,🎲末日結算 🚨異常掃貨 🚬菸屁股,GAMBLE,4
SOFI,2026-06-12,18.5,0.03,9537,4362,67.18782812500001,2,🎲末日結算 🆕新倉暴量 🚬菸屁股,GAMBLE,4
OPEN,2026-06-12,5.5,0.01,15354,4260,112.5004375,2,🎲末日結算 🆕新倉暴量 🚬菸屁股,GAMBLE,4
F,2026-06-12,16.5,0.02,7146,4248,54.68795312500001,2,🎲末日結算 🆕新倉暴量 🚬菸屁股,GAMBLE,4
RKLB,2026-06-12,130.0,0.6,4135,3853,128.02770361328123,2,🎲末日結算 🆕新倉暴量 🚬菸屁股,GAMBLE,4
COIN,2026-06-12,175.0,0.38,16985,3538,75.195560546875,2,🎲末日結算 🆕新倉暴量 🚬菸屁股,GAMBLE,4
TSLA,2026-06-12,500.0,0.06,16341,3482,84.57046679687498,2,🎲末日結算 🆕新倉暴量 🚬菸屁股,GAMBLE,4
HOOD,2026-06-12,89.0,0.83,3108,3399,74.414318359375,2,🎲末日結算 🆕新倉暴量 🚬菸屁股,GAMBLE,4
IREN,2026-06-12,58.0,0.99,1179,3158,107.32468212890626,2,🎲末日結算 🚨異常掃貨 🚬菸屁股,GAMBLE,4
IREN,2026-06-12,62.0,0.38,3056,3146,111.9145029296875,2,🎲末日結算 🆕新倉暴量 🚬菸屁股,GAMBLE,4
TSLA,2026-06-12,445.0,0.38,6098,3097,60.74258007812501,2,🎲末日結算 🆕新倉暴量 🚬菸屁股,GAMBLE,4
QCOM,2026-06-12,255.0,0.12,2783,3044,89.84385156249999,2,🎲末日結算 🆕新倉暴量 🚬菸屁股,GAMBLE,4
F,2026-06-12,17.0,0.02,5185,2993,56.250437500000004,2,🎲末日結算 🆕新倉暴量 🚬菸屁股,GAMBLE,4
TSLA,2026-06-12,480.0,0.1,11825,2913,75.39087109375001,2,🎲末日結算 🆕新倉暴量 🚬菸屁股,GAMBLE,4
MSFT,2026-06-12,450.0,0.05,8258,2893,44.14118359375,2,🎲末日結算 🆕新倉暴量 🚬菸屁股,GAMBLE,4
MSTR,2026-06-12,140.0,0.19,6143,2744,95.89847851562499,2,🎲末日結算 🆕新倉暴量 🚬菸屁股,GAMBLE,4
SOFI,2026-06-12,19.5,0.02,3769,2714,82.81267187499999,2,🎲末日結算 🆕新倉暴量 🚬菸屁股,GAMBLE,4
CRWV,2026-06-12,120.0,0.14,4871,2689,101.95361523437501,2,🎲末日結算 🆕新倉暴量 🚬菸屁股,GAMBLE,4
CRWV,2026-06-12,115.0,0.32,6734,2510,98.04689453125,2,🎲末日結算 🆕新倉暴量 🚬菸屁股,GAMBLE,4
RIVN,2026-06-12,17.5,0.06,6015,2495,81.2501875,2,🎲末日結算 🆕新倉暴量 🚬菸屁股,GAMBLE,4
BA,2026-06-12,225.0,0.57,2181,2312,39.30724755859375,2,🎲末日結算 🆕新倉暴量 🚬菸屁股,GAMBLE,4
HOOD,2026-06-12,100.0,0.06,7322,2279,89.062609375,2,🎲末日結算 🆕新倉暴量 🚬菸屁股,GAMBLE,4
HOOD,2026-06-12,93.0,0.31,2482,2191,75.97680273437501,2,🎲末日結算 🆕新倉暴量 🚬菸屁股,GAMBLE,4
HOOD,2026-06-12,105.0,0.03,2648,2002,90.62509374999999,2,🎲末日結算 🆕新倉暴量 🚬菸屁股,GAMBLE,4
SMCI,2026-06-12,42.0,0.93,2562,1829,88.08605664062499,2,🎲末日結算 🆕新倉暴量 🚬菸屁股,GAMBLE,4
PATH,2026-06-12,12.5,0.01,2203,1828,68.7503125,2,🎲末日結算 🆕新倉暴量 🚬菸屁股,GAMBLE,4
ONDS,2026-06-12,12.5,0.02,5420,1828,128.125359375,2,🎲末日結算 🆕新倉暴量 🚬菸屁股,GAMBLE,4
HOOD,2026-06-12,91.0,0.51,4677,1823,74.804939453125,2,🎲末日結算 🆕新倉暴量 🚬菸屁股,GAMBLE,4
RKLB,2026-06-12,150.0,0.1,4063,1747,147.265888671875,2,🎲末日結算 🆕新倉暴量 🚬菸屁股,GAMBLE,4
SMR,2026-06-12,12.0,0.05,3971,1733,117.1879140625,2,🎲末日結算 🆕新倉暴量 🚬菸屁股,GAMBLE,4
SMCI,2026-06-12,46.0,0.19,5693,1730,91.4063359375,2,🎲末日結算 🆕新倉暴量 🚬菸屁股,GAMBLE,4
OKLO,2026-06-12,65.0,0.29,1681,1701,100.58643457031249,2,🎲末日結算 🆕新倉暴量 🚬菸屁股,GAMBLE,4
RIVN,2026-06-12,19.0,0.03,4212,1645,99.2187578125,2,🎲末日結算 🆕新倉暴量 🚬菸屁股,GAMBLE,4
QCOM,2026-06-12,247.5,0.16,1709,1563,98.437515625,2,🎲末日結算 🆕新倉暴量 🚬菸屁股,GAMBLE,4
ZS,2026-06-12,138.0,0.43,1518,1443,67.57844921875001,2,🎲末日結算 🆕新倉暴量 🚬菸屁股,GAMBLE,4
QCOM,2026-06-12,250.0,0.18,1349,1314,91.4063359375,2,🎲末日結算 🆕新倉暴量 🚬菸屁股,GAMBLE,4
RIVN,2026-06-12,15.5,0.65,1726,1251,67.57844921875001,2,🎲末日結算 🆕新倉暴量 🚬菸屁股,GAMBLE,4
BA,2026-06-12,222.5,0.76,1110,1223,39.111937011718744,2,🎲末日結算 🆕新倉暴量 🚬菸屁股,GAMBLE,4
ASTS,2026-06-12,135.0,0.09,939,1213,173.4376328125,2,🎲末日結算 🚨異常掃貨 🆕新倉暴量 ⚠️IV頂峰 🚬菸屁股,GAMBLE,4
HIMS,2026-06-12,35.0,0.06,1187,1181,100.78174609374999,2,🎲末日結算 🆕新倉暴量 🚬菸屁股,GAMBLE,4
OKLO,2026-06-12,70.0,0.08,3477,1176,109.375453125,2,🎲末日結算 🆕新倉暴量 🚬菸屁股,GAMBLE,4
F,2026-06-12,14.5,0.54,1350,1163,43.35994140625,2,🎲末日結算 🆕新倉暴量 🚬菸屁股,GAMBLE,4
MU,2026-06-12,1400.0,0.04,1948,1161,128.51598242187498,2,🎲末日結算 🆕新倉暴量 🚬菸屁股,GAMBLE,4
IONQ,2026-06-12,65.0,0.48,1576,1133,114.94183154296876,2,🎲末日結算 🆕新倉暴量 🚬菸屁股,GAMBLE,4
BA,2026-06-12,230.0,0.2,1828,1107,41.01621484375,2,🎲末日結算 🆕新倉暴量 🚬菸屁股,GAMBLE,4
HOOD,2026-06-12,94.0,0.24,1655,1081,76.95335546875,2,🎲末日結算 🆕新倉暴量 🚬菸屁股,GAMBLE,4
CRWV,2026-06-12,112.0,0.5,1231,1042,96.3867548828125,2,🎲末日結算 🆕新倉暴量 🚬菸屁股,GAMBLE,4
IREN,2026-06-12,68.0,0.18,1618,1016,125.00037499999999,2,🎲末日結算 🆕新倉暴量 🚬菸屁股,GAMBLE,4
NBIS,2026-06-12,270.0,0.62,1555,1008,116.60197949218751,2,🎲末日結算 🆕新倉暴量 🚬菸屁股,GAMBLE,4
MU,2026-06-12,1300.0,0.14,2149,978,112.30512597656251,2,🎲末日結算 🆕新倉暴量 🚬菸屁股,GAMBLE,4
NOW,2026-06-12,130.0,0.09,3003,968,89.45323046875,2,🎲末日結算 🆕新倉暴量 🚬菸屁股,GAMBLE,4
NOW,2026-06-12,125.0,0.13,2784,958,80.664255859375,2,🎲末日結算 🆕新倉暴量 🚬菸屁股,GAMBLE,4
HIMS,2026-06-12,29.5,0.93,1705,944,92.187578125,2,🎲末日結算 🆕新倉暴量 🚬菸屁股,GAMBLE,4
BA,2026-06-12,227.5,0.27,889,936,40.67442138671875,2,🎲末日結算 🆕新倉暴量 🚬菸屁股,GAMBLE,4
SNDK,2026-06-12,2200.0,0.42,1134,913,111.67036352539061,2,🎲末日結算 🆕新倉暴量 🚬菸屁股,GAMBLE,4
HOOD,2026-06-12,96.0,0.15,1157,887,79.101771484375,2,🎲末日結算 🆕新倉暴量 🚬菸屁股,GAMBLE,4
IONQ,2026-06-12,67.0,0.32,1684,868,116.60197949218751,2,🎲末日結算 🆕新倉暴量 🚬菸屁股,GAMBLE,4
RIVN,2026-06-12,18.5,0.04,2608,841,93.7500625,2,🎲末日結算 🆕新倉暴量 🚬菸屁股,GAMBLE,4
SMCI,2026-06-12,46.5,0.17,1047,826,92.9688203125,2,🎲末日結算 🆕新倉暴量 🚬菸屁股,GAMBLE,4
RIVN,2026-06-12,20.0,0.01,3289,811,120.3128984375,2,🎲末日結算 🆕新倉暴量 🚬菸屁股,GAMBLE,4
HIMS,2026-06-12,33.0,0.15,1162,792,96.0937890625,2,🎲末日結算 🆕新倉暴量 🚬菸屁股,GAMBLE,4
CRM,2026-06-12,185.0,0.81,844,746,51.41650146484375,2,🎲末日結算 🆕新倉暴量 🚬菸屁股,GAMBLE,4
HIMS,2026-06-12,31.5,0.34,894,733,92.9688203125,2,🎲末日結算 🆕新倉暴量 🚬菸屁股,GAMBLE,4
UPST,2026-06-12,33.0,0.38,818,729,79.29708203125,2,🎲末日結算 🆕新倉暴量 🚬菸屁股,GAMBLE,4
QCOM,2026-06-12,245.0,0.34,1194,724,89.84385156249999,2,🎲末日結算 🆕新倉暴量 🚬菸屁股,GAMBLE,4
CRWV,2026-06-12,109.0,0.81,826,715,96.5820654296875,2,🎲末日結算 🆕新倉暴量 🚬菸屁股,GAMBLE,4
NOW,2026-06-12,121.0,0.21,932,702,75.195560546875,2,🎲末日結算 🆕新倉暴量 🚬菸屁股,GAMBLE,4
ASTS,2026-06-12,107.0,0.68,1405,661,137.79327978515624,2,🎲末日結算 🆕新倉暴量 🚬菸屁股,GAMBLE,4
MU,2026-06-12,1260.0,0.11,1195,624,104.68797656250001,2,🎲末日結算 🆕新倉暴量 🚬菸屁股,GAMBLE,4
OKLO,2026-06-12,62.0,0.64,929,608,99.60937890625,2,🎲末日結算 🆕新倉暴量 🚬菸屁股,GAMBLE,4
NOW,2026-06-12,117.0,0.45,951,607,72.70535107421875,2,🎲末日結算 🆕新倉暴量 🚬菸屁股,GAMBLE,4
NOW,2026-06-12,122.0,0.23,829,581,79.0041162109375,2,🎲末日結算 🆕新倉暴量 🚬菸屁股,GAMBLE,4
IONQ,2026-06-12,62.0,0.94,757,542,113.67230664062502,2,🎲末日結算 🆕新倉暴量 🚬菸屁股,GAMBLE,4
NOW,2026-06-12,119.0,0.33,839,530,73.24245507812499,2,🎲末日結算 🆕新倉暴量 🚬菸屁股,GAMBLE,4
QCOM,2026-06-12,260.0,0.16,944,518,107.42233789062503,2,🎲末日結算 🆕新倉暴量 🚬菸屁股,GAMBLE,4
HIMS,2026-06-12,34.0,0.09,752,510,99.60937890625,2,🎲末日結算 🆕新倉暴量 🚬菸屁股,GAMBLE,4
HOOD,2026-06-12,130.0,0.01,969,456,137.50031249999998,2,🎲末日結算 🆕新倉暴量 🚬菸屁股,GAMBLE,4
UPST,2026-06-12,35.0,0.11,1623,450,82.81267187499999,2,🎲末日結算 🆕新倉暴量 🚬菸屁股,GAMBLE,4
IBM,2026-06-12,320.0,0.11,1033,440,63.67223828125,2,🎲末日結算 🆕新倉暴量 🚬菸屁股,GAMBLE,4
U,2026-06-12,35.0,0.02,1039,421,100.0005,2,🎲末日結算 🆕新倉暴量 🚬菸屁股,GAMBLE,4
IONQ,2026-06-12,64.0,0.64,1184,414,113.67230664062502,2,🎲末日結算 🆕新倉暴量 🚬菸屁股,GAMBLE,4
NOW,2026-06-12,124.0,0.18,952,414,82.226740234375,2,🎲末日結算 🆕新倉暴量 🚬菸屁股,GAMBLE,4
U,2026-06-12,30.0,0.34,805,410,75.195560546875,2,🎲末日結算 🆕新倉暴量 🚬菸屁股,GAMBLE,4
JPM,2026-06-12,325.0,0.31,1106,406,28.68723657226562,2,🎲末日結算 🆕新倉暴量 🚬菸屁股,GAMBLE,4
NVDA,2026-06-12,215.0,1.09,55527,42987,39.771110107421876,2,🎲末日結算 🆕新倉暴量 🔥萬人塚,HOLD,3
MSFT,2026-11-20,500.0,12.03,28087,26836,37.238176452636715,163,🆕新倉暴量,HOLD,3
MSFT,2026-11-20,575.0,4.72,26671,26309,38.57178128051757,163,🆕新倉暴量,HOLD,3
F,2026-07-17,16.0,0.44,63669,13211,42.9693203125,37,🚬菸屁股 🔥萬人塚,HOLD,3
MSFT,2026-07-17,450.0,3.45,22289,12870,32.45306805419921,37,🆕新倉暴量,HOLD,3
PLTR,2026-08-21,140.0,10.65,11919,12732,58.557543334960926,72,🆕新倉暴量,HOLD,3
INTC,2026-06-12,110.0,3.15,7704,12117,89.69736865234374,2,🎲末日結算 🚨異常掃貨,GAMBLE,3
HOOD,2026-07-17,105.0,1.81,14731,11106,69.80010668945313,37,🆕新倉暴量,HOLD,3
AAPL,2026-07-17,315.0,1.86,10662,10954,24.268335449218746,37,🚀點火(2.6x),HOLD,3
ASTS,2026-06-12,100.0,1.5,4313,10558,135.25422998046875,2,🎲末日結算 🚨異常掃貨,GAMBLE,3
HOOD,2026-06-12,86.0,1.68,5617,8454,74.414318359375,2,🎲末日結算 🚨異常掃貨,GAMBLE,3
AAPL,2026-08-21,310.0,7.1,20714,6923,27.326166198730462,72,🆕新倉暴量,HOLD,3
TSLA,2026-06-12,407.5,4.55,5636,6892,52.89353747558594,2,🎲末日結算 🚨異常掃貨,GAMBLE,3
TSLA,2026-07-17,500.0,3.09,23954,6717,52.393054199218746,37,🆕新倉暴量,HOLD,3
INTC,2026-07-17,120.0,7.35,15136,6690,84.0699835205078,37,🆕新倉暴量,HOLD,3
INTC,2026-09-18,130.0,11.59,6398,6142,86.51746881103514,100,🆕新倉暴量,HOLD,3
NVDA,2026-08-21,210.0,15.35,13721,5266,44.10456286621094,72,🆕新倉暴量,HOLD,3
MSFT,2026-07-17,425.0,8.45,5560,5238,32.03498141479491,37,🆕新倉暴量,HOLD,3
HIMS,2026-07-17,35.0,1.49,7205,5153,90.52743847656251,37,🆕新倉暴量,HOLD,3
HIMS,2026-06-12,28.0,1.68,2780,5141,93.945373046875,2,🎲末日結算 🚨異常掃貨,GAMBLE,3
FLNC,2026-11-20,30.0,5.9,5685,5087,125.29334228515623,163,🆕新倉暴量,HOLD,3
AAPL,2027-01-15,330.0,11.8,19422,4439,28.198960205078123,219,🆕新倉暴量,HOLD,3
HOOD,2026-07-17,95.0,3.55,7986,4407,69.04327832031252,37,🆕新倉暴量,HOLD,3
AAPL,2026-08-21,320.0,4.36,19242,4285,26.877562286376953,72,🆕新倉暴量,HOLD,3
NVDA,2026-08-21,200.0,20.5,15762,4102,45.4534263305664,72,🆕新倉暴量,HOLD,3
PATH,2027-01-15,17.0,1.03,16769,4044,78.85763330078125,219,🆕新倉暴量,HOLD,3
NVDA,2026-08-21,235.0,6.55,9933,4022,42.50545776367188,72,🆕新倉暴量,HOLD,3
HIMS,2026-07-17,25.0,5.65,4016,3998,92.187578125,37,🆕新倉暴量,HOLD,3
NOW,2026-07-17,120.0,4.35,7242,3984,63.806514282226566,37,🆕新倉暴量,HOLD,3
NBIS,2026-06-12,250.0,2.2,2931,3971,115.52776611328125,2,🎲末日結算 🚨異常掃貨,GAMBLE,3
ONDS,2026-07-17,10.0,1.09,12958,3859,97.75392871093752,37,🆕新倉暴量,HOLD,3
HIMS,2026-06-12,27.0,2.38,3004,3808,96.679720703125,2,🎲末日結算 🚨異常掃貨,GAMBLE,3
IBIT,2026-08-21,40.0,1.19,12172,3799,45.0200810546875,72,🆕新倉暴量,HOLD,3
NVDA,2026-08-21,270.0,1.9,13298,3740,43.335527587890624,72,🆕新倉暴量,HOLD,3
RIVN,2026-09-18,18.0,1.63,17262,3736,73.77955908203124,100,🆕新倉暴量,HOLD,3
COIN,2026-07-17,200.0,2.98,9325,3717,71.32597033691408,37,🆕新倉暴量,HOLD,3
PLTR,2026-07-17,140.0,5.56,9882,3685,50.89160437011719,37,🆕新倉暴量,HOLD,3
AMD,2026-07-17,600.0,10.59,5879,3624,71.84171224975586,37,🆕新倉暴量,HOLD,3
TSLA,2026-07-17,400.0,23.79,8338,3443,49.18874053955079,37,🆕新倉暴量,HOLD,3
AAPL,2026-07-17,350.0,0.17,34739,3327,27.051510742187503,37,🚬菸屁股 🔥萬人塚,HOLD,3
AAPL,2026-07-17,290.0,10.29,14726,3312,26.34961346435547,37,🆕新倉暴量,HOLD,3
CRWV,2026-06-12,105.0,1.68,2096,3282,97.85158398437501,2,🎲末日結算 🚨異常掃貨,GAMBLE,3
AAPL,2026-08-21,300.0,10.25,15621,3187,28.01280484008788,72,🆕新倉暴量,HOLD,3
ASTS,2026-06-12,95.0,2.57,1086,3049,132.3733850097656,2,🎲末日結算 🚨異常掃貨,GAMBLE,3
IBIT,2026-07-17,37.0,1.31,13522,2964,46.045461425781255,37,🆕新倉暴量,HOLD,3
TSLA,2026-07-17,410.0,19.49,7024,2938,49.03615417480469,37,🆕新倉暴量,HOLD,3
ACHR,2026-07-17,7.0,0.14,38519,2931,85.1563984375,37,🚬菸屁股 🔥萬人塚,HOLD,3
AAPL,2026-08-21,290.0,15.33,6700,2885,29.114478393554677,72,🆕新倉暴量,HOLD,3
FLNC,2026-07-17,30.0,1.86,2597,2884,124.90271923828122,37,🚀點火(4.6x),HOLD,3
INTC,2026-08-21,130.0,8.8,5166,2855,88.22033264160156,72,🆕新倉暴量,HOLD,3
MSFT,2026-07-17,460.0,2.44,6761,2766,32.97796514892578,37,🆕新倉暴量,HOLD,3
SOFI,2026-07-17,17.0,1.07,10261,2728,60.49844189453126,37,🆕新倉暴量,HOLD,3
DKNG,2026-06-12,26.5,1.17,2110,2713,57.42230078125,2,🎲末日結算 🚨異常掃貨,GAMBLE,3
ONDS,2026-09-18,12.0,1.43,11238,2708,106.64109179687502,100,🆕新倉暴量,HOLD,3
HOOD,2026-08-21,120.0,2.4,5323,2680,75.14673291015625,72,🆕新倉暴量,HOLD,3
HOOD,2026-07-17,110.0,1.33,8743,2657,70.94755615234375,37,🆕新倉暴量,HOLD,3
MSFT,2026-09-18,520.0,4.0,11644,2623,37.51588363647461,100,🆕新倉暴量,HOLD,3
OKLO,2026-07-17,80.0,1.65,8632,2539,101.19678308105469,37,🆕新倉暴量,HOLD,3
TSLA,2026-08-21,500.0,9.25,10821,2522,52.83250292968751,72,🆕新倉暴量,HOLD,3
RTX,2026-09-18,220.0,1.89,3758,2508,31.45820495605468,100,🆕新倉暴量,HOLD,3
FLNC,2026-11-20,35.0,4.8,3885,2508,126.90466235351559,163,🆕新倉暴量,HOLD,3
NVDA,2026-08-21,225.0,9.37,12104,2505,42.93880303955079,72,🆕新倉暴量,HOLD,3
RIVN,2026-09-18,16.0,2.3,8352,2496,74.7072841796875,100,🆕新倉暴量,HOLD,3
F,2026-07-17,17.0,0.22,44418,2475,43.7505625,37,🚬菸屁股 🔥萬人塚,HOLD,3
HIMS,2027-01-15,40.0,5.46,8563,2408,95.67875415039062,219,🆕新倉暴量,HOLD,3
SMCI,2026-08-21,50.0,3.5,5838,2332,89.45323046875,72,🆕新倉暴量,HOLD,3
CRM,2026-09-18,250.0,2.18,3200,2319,49.89063781738281,100,🆕新倉暴量,HOLD,3
APH,2026-07-17,200.0,1.0,2365,2310,56.177196044921885,37,🚀點火(105.0x),HOLD,3
QCOM,2026-06-12,230.0,1.0,1342,2238,86.4259169921875,2,🎲末日結算 🚨異常掃貨,GAMBLE,3
ONDS,2026-09-18,10.0,1.98,9760,2215,105.66453417968751,100,🆕新倉暴量,HOLD,3
IREN,2026-07-17,60.0,5.2,8265,2197,104.85887414550783,37,🆕新倉暴量,HOLD,3
DKNG,2026-07-17,25.0,3.55,3213,2140,58.25237060546875,37,🆕新倉暴量,HOLD,3
CRWV,2026-07-17,150.0,1.06,5788,2138,87.08509008789062,37,🆕新倉暴量,HOLD,3
ONDS,2026-09-18,11.0,1.66,7146,2037,101.85595947265624,100,🆕新倉暴量,HOLD,3
HOOD,2026-09-18,115.0,4.35,1917,2021,74.1091456298828,100,🆕新倉暴量,HOLD,3
NOW,2026-08-21,150.0,3.3,7164,1679,72.9494892578125,72,🆕新倉暴量,HOLD,3
ASTS,2026-07-17,150.0,2.42,7206,1671,126.05017443847655,37,🆕新倉暴量,HOLD,3
APH,2026-07-17,170.0,5.2,2387,1668,54.55367712402344,37,🆕新倉暴量,HOLD,3
SOFI,2027-01-15,30.0,0.89,70750,1641,71.0940390625,219,🚬菸屁股 🔥萬人塚,HOLD,3
NOW,2026-07-17,130.0,2.45,7406,1640,65.7229990234375,37,🆕新倉暴量,HOLD,3
NOW,2026-07-17,140.0,1.45,5009,1547,67.84700122070313,37,🆕新倉暴量,HOLD,3
JOBY,2027-01-15,4.0,5.72,2486,1530,108.203583984375,219,🆕新倉暴量,HOLD,3
KTOS,2026-08-21,85.0,1.8,5515,1492,84.10660424804688,72,🆕新倉暴量,HOLD,3
ASTS,2026-07-17,130.0,3.6,5303,1472,121.26504211425781,37,🆕新倉暴量,HOLD,3
SOFI,2028-01-21,20.0,5.01,30149,1464,75.24438818359374,590,🔭LEAPS 🔥萬人塚,HOLD,3
ZM,2026-07-17,115.0,1.05,1849,1290,50.65967309570312,37,🆕新倉暴量,HOLD,3
IBM,2026-07-17,350.0,1.6,4443,1207,49.719741088867195,37,🆕新倉暴量,HOLD,3
COUR,2026-08-21,4.0,1.67,1205,1183,90.23447265624999,72,🆕新倉暴量,HOLD,3
NOW,2026-07-17,125.0,3.25,5631,1154,64.50230810546876,37,🆕新倉暴量,HOLD,3
ACHR,2026-07-17,8.0,0.08,52667,1153,93.7500625,37,🚬菸屁股 🔥萬人塚,HOLD,3
VRT,2026-09-18,480.0,5.15,1124,1097,69.8916585083008,100,🆕新倉暴量,HOLD,3
NOW,2026-07-17,115.0,5.6,2720,1079,63.79430737304688,37,🆕新倉暴量,HOLD,3
CRM,2026-07-17,195.0,3.63,4634,1068,45.06890869140625,37,🆕新倉暴量,HOLD,3
BLDP,2026-11-20,5.0,1.25,5289,1067,109.76607617187501,163,🆕新倉暴量,HOLD,3
IREN,2026-09-18,80.0,6.0,3879,1032,112.01215869140624,100,🆕新倉暴量,HOLD,3
ASTS,2026-09-18,190.0,4.75,1110,972,123.02284582519532,100,🆕新倉暴量,HOLD,3
QCOM,2026-07-17,300.0,3.02,3221,962,87.5123319091797,37,🆕新倉暴量,HOLD,3
IONQ,2026-07-17,80.0,1.9,4397,947,105.2739111328125,37,🆕新倉暴量,HOLD,3
IBIT,2026-09-18,50.0,0.37,31072,937,47.1684970703125,100,🚬菸屁股 🔥萬人塚,HOLD,3
SMR,2026-08-21,13.0,1.05,3132,906,116.99260253906249,72,🆕新倉暴量,HOLD,3
VRT,2026-07-17,420.0,1.32,1228,900,67.13900048828127,37,🆕新倉暴量,HOLD,3
XYZ,2026-07-17,75.0,1.8,1162,880,47.24173852539062,37,🆕新倉暴量,HOLD,3
NOW,2026-09-18,200.0,1.5,2194,865,76.14769946289064,100,🆕新倉暴量,HOLD,3
IBIT,2026-07-17,45.0,0.15,80347,858,48.438015625000006,37,🚬菸屁股 🔥萬人塚,HOLD,3
IREN,2026-11-20,130.0,4.5,1701,853,114.16058544921874,163,🆕新倉暴量,HOLD,3
IREN,2026-09-18,110.0,2.73,3439,852,114.45355273437498,100,🆕新倉暴量,HOLD,3
JPM,2026-09-18,380.0,1.51,2186,801,25.781992187500002,100,🆕新倉暴量,HOLD,3
VST,2026-09-18,220.0,2.29,1327,778,56.68988623046876,100,🆕新倉暴量,HOLD,3
IBIT,2027-01-15,60.0,0.69,34199,774,50.31787963867188,219,🚬菸屁股 🔥萬人塚,HOLD,3
RKLB,2026-07-17,150.0,3.61,3264,771,103.19872619628909,37,🆕新倉暴量,HOLD,3
HIMS,2026-07-17,32.0,2.36,1837,762,91.74812939453125,37,🆕新倉暴量,HOLD,3
HPQ,2026-07-17,22.0,3.15,3064,761,44.2388388671875,37,🆕新倉暴量,HOLD,3
TJX,2026-07-17,170.0,2.42,2092,732,23.15750671386719,37,🆕新倉暴量,HOLD,3
QCOM,2027-01-15,370.0,11.98,2084,730,73.16616189575194,219,🆕新倉暴量,HOLD,3
OKLO,2026-07-17,60.0,5.7,1491,717,96.87503124999999,37,🆕新倉暴量,HOLD,3
ASTS,2026-07-17,160.0,1.72,869,717,126.70935083007811,37,🆕新倉暴量,HOLD,3
QCOM,2026-07-17,330.0,1.82,1981,715,90.16123120117187,37,🆕新倉暴量,HOLD,3
IONQ,2026-07-17,70.0,3.3,2355,689,104.1264559326172,37,🆕新倉暴量,HOLD,3
ZM,2026-07-17,110.0,1.71,2037,687,49.53663745117188,37,🆕新倉暴量,HOLD,3
IONQ,2026-07-17,75.0,2.49,2907,645,104.73680444335938,37,🆕新倉暴量,HOLD,3
RIVN,2027-01-15,18.0,3.1,2268,625,76.80687255859377,219,🆕新倉暴量,HOLD,3
OPEN,2027-01-15,10.0,0.52,43049,613,112.98871630859378,219,🚬菸屁股 🔥萬人塚,HOLD,3
MDT,2026-09-18,90.0,1.79,1653,602,27.06371765136719,100,🆕新倉暴量,HOLD,3
SOFI,2027-01-15,18.0,2.94,2931,598,68.4573466796875,219,🆕新倉暴量,HOLD,3
MDT,2026-07-17,82.5,2.15,1571,569,25.2937158203125,37,🆕新倉暴量,HOLD,3
ZM,2026-08-21,120.0,2.5,763,560,53.24753784179688,72,🆕新倉暴量,HOLD,3
ROKU,2026-07-17,135.0,3.05,1037,538,50.0005,37,🆕新倉暴量,HOLD,3
RKLB,2026-07-17,165.0,2.4,1020,525,104.78563232421875,37,🆕新倉暴量,HOLD,3
ASTS,2026-08-21,190.0,3.0,2385,518,126.41638354492186,72,🆕新倉暴量,HOLD,3
VST,2026-07-17,170.0,2.65,940,504,51.294432373046874,37,🆕新倉暴量,HOLD,3
NOW,2026-08-21,160.0,2.42,1945,504,74.60962890625001,72,🆕新倉暴量,HOLD,3
ONDS,2026-07-17,9.0,1.54,2130,498,94.14068359375,37,🆕新倉暴量,HOLD,3
SOFI,2027-01-15,35.0,0.53,34637,491,71.9729365234375,219,🚬菸屁股 🔥萬人塚,HOLD,3
HPQ,2026-08-21,26.0,1.58,894,461,49.756361816406255,72,🆕新倉暴量,HOLD,3
CRSP,2026-07-17,60.0,1.5,1156,445,62.305064453125006,37,🆕新倉暴量,HOLD,3
SOFI,2026-10-16,17.0,2.45,1689,438,69.67803759765626,128,🆕新倉暴量,HOLD,3
QCOM,2026-07-17,350.0,1.4,830,431,95.23930541992188,37,🆕新倉暴量,HOLD,3
RIVN,2026-09-18,22.0,0.84,38067,428,76.02563037109377,100,🚬菸屁股 🔥萬人塚,HOLD,3
BA,2026-07-17,245.0,1.54,1367,427,35.584140258789056,37,🆕新倉暴量,HOLD,3
NOW,2026-08-21,180.0,1.45,1430,418,77.73459765625,72,🆕新倉暴量,HOLD,3
ACHR,2026-07-17,10.0,0.03,32971,336,106.25046875000001,37,🚬菸屁股 🔥萬人塚,HOLD,3
OPEN,2028-01-21,20.0,3.25,37480,327,25.00075,590,🔭LEAPS 🔥萬人塚,HOLD,3
DKNG,2026-09-18,35.0,1.05,4744,283,55.22505712890625,100,🚀點火(4.6x),HOLD,3
DKNG,2027-01-15,40.0,1.53,10883,278,55.469195312500005,219,🚀點火(3.0x),HOLD,3
IBIT,2026-07-17,50.0,0.09,32421,263,56.64105859375,37,🚬菸屁股 🔥萬人塚,HOLD,3
SOFI,2026-09-18,40.0,0.12,30221,251,88.2813671875,100,🚬菸屁股 🔥萬人塚,HOLD,3
DKNG,2026-08-21,32.5,1.2,8577,244,56.71430004882813,72,🚀點火(3.5x),HOLD,3
IBIT,2027-01-15,70.0,0.42,31655,240,53.662572753906254,219,🚬菸屁股 🔥萬人塚,HOLD,3
OPEN,2027-01-15,7.0,0.78,51451,238,115.13714306640624,219,🚬菸屁股 🔥萬人塚,HOLD,3
IBIT,2026-09-18,45.0,0.74,42980,199,46.0942890625,100,🚬菸屁股 🔥萬人塚,HOLD,3
RIVN,2028-01-21,40.0,2.16,57736,110,78.32052929687501,590,🔭LEAPS 🔥萬人塚,HOLD,3
NVDA,2028-01-21,250.0,38.1,34761,96,50.192758819580085,590,🔭LEAPS 🔥萬人塚,HOLD,3
DKNG,2026-09-18,32.5,1.61,1504,64,56.12836840820312,100,🚀點火(21.3x),HOLD,3
DXCM,2027-01-15,130.0,1.32,755,40,49.70753417968751,219,🚀點火(40.0x),HOLD,3
IBIT,2026-08-21,55.0,0.14,33158,38,53.906710937500016,72,🚬菸屁股 🔥萬人塚,HOLD,3
OPEN,2028-01-21,3.0,2.36,2462,37,179.1016669921875,590,🚀點火(6.2x) ⚠️IV頂峰 🔭LEAPS,BUY_WATCH,3
IBIT,2027-01-15,100.0,0.16,41974,29,63.67223828125,219,🚬菸屁股 🔥萬人塚,HOLD,3
SMR,2026-07-17,25.0,0.1,1603,21,150.00025,37,🚀點火(3.0x) ⚠️IV頂峰 🚬菸屁股,BUY_WATCH,3
IBIT,2026-09-18,55.0,0.23,35356,13,50.29346582031251,100,🚬菸屁股 🔥萬人塚,HOLD,3
NVDA,2026-07-17,230.0,3.6,45335,12942,40.369248657226564,37,🔥萬人塚,HOLD,2
INTC,2026-07-17,150.0,2.37,37563,12766,88.72081591796874,37,🔥萬人塚,HOLD,2
NVDA,2026-07-17,220.0,6.25,79532,10388,40.65611102294922,37,🔥萬人塚,HOLD,2
AAPL,2026-07-17,310.0,2.74,41886,6220,24.311059631347653,37,🔥萬人塚,HOLD,2
NVDA,2026-07-17,240.0,2.07,42644,5937,40.47911083984375,37,🔥萬人塚,HOLD,2
RIVN,2027-01-15,20.0,2.35,50390,5529,77.22190747070312,219,🔥萬人塚,HOLD,2
NVDA,2026-07-17,215.0,8.15,33642,4891,40.90635266113281,37,🔥萬人塚,HOLD,2
NVDA,2026-08-21,230.0,7.9,32838,4217,42.63973376464845,72,🔥萬人塚,HOLD,2
SOFI,2027-01-15,20.0,2.37,74436,4007,69.14093359375,219,🔥萬人塚,HOLD,2
AAPL,2026-09-18,350.0,1.95,35808,2810,26.892820922851556,100,🔥萬人塚,HOLD,2
NVDA,2026-09-18,250.0,6.61,44914,2557,44.41583905029296,100,🔥萬人塚,HOLD,2
NVDA,2027-01-15,250.0,16.05,40168,2267,46.664962066650396,219,🔥萬人塚,HOLD,2
MSFT,2026-07-17,475.0,1.5,46166,2202,33.86906951904296,37,🔥萬人塚,HOLD,2
MSFT,2026-08-21,460.0,8.98,64975,2114,37.53724572753906,72,🔥萬人塚,HOLD,2
ONDS,2027-01-15,15.0,1.86,51085,1847,108.0571003417969,219,🔥萬人塚,HOLD,2
NVDA,2027-01-15,200.0,35.0,82210,1687,48.874412628173836,219,🔥萬人塚,HOLD,2
SOFI,2027-01-15,15.0,4.35,47039,1644,72.46121289062499,219,🔥萬人塚,HOLD,2
AAPL,2026-09-18,300.0,13.16,31452,1619,28.159287750244133,100,🔥萬人塚,HOLD,2
NVDA,2026-09-18,210.0,19.0,30232,1592,46.24077197265626,100,🔥萬人塚,HOLD,2
AAPL,2027-01-15,300.0,23.01,65123,1574,30.083401809692383,219,🔥萬人塚,HOLD,2
NVDA,2027-01-15,300.0,7.22,70756,1562,46.67106552124024,219,🔥萬人塚,HOLD,2
RIVN,2026-09-18,20.0,1.15,52509,1433,73.92604199218749,100,🔥萬人塚,HOLD,2
NVDA,2026-09-18,240.0,8.7,38504,1408,44.69354623413086,100,🔥萬人塚,HOLD,2
IBIT,2027-01-15,50.0,1.45,41640,1393,49.29249926757813,219,🔥萬人塚,HOLD,2
SOFI,2027-01-15,25.0,1.35,71005,1344,68.89679541015626,219,🔥萬人塚,HOLD,2
ONDS,2027-01-15,20.0,1.2,32102,1222,110.15669921875002,219,🔥萬人塚,HOLD,2
MSTR,2026-08-21,125.0,14.56,51975,1128,84.31412170410155,72,🔥萬人塚,HOLD,2
PLTR,2026-09-18,155.0,8.13,57981,1018,57.202576416015624,100,🔥萬人塚,HOLD,2
IREN,2027-01-15,110.0,7.4,76854,810,111.0478080444336,219,🔥萬人塚,HOLD,2
AAPL,2026-08-21,345.0,1.41,91122,809,27.374993835449214,72,🔥萬人塚,HOLD,2
NVDA,2027-01-15,210.0,30.05,31702,793,48.41665353393555,219,🔥萬人塚,HOLD,2
NVDA,2027-01-15,240.0,18.29,40228,784,47.14408325195312,219,🔥萬人塚,HOLD,2
NVDA,2026-07-17,195.0,19.35,32897,761,44.727115234375,37,🔥萬人塚,HOLD,2
AAPL,2026-07-17,280.0,17.15,39285,725,28.790995300292956,37,🔥萬人塚,HOLD,2
RIVN,2027-01-15,25.0,1.43,35865,710,76.22094091796876,219,🔥萬人塚,HOLD,2
NVDA,2027-01-15,160.0,58.8,114043,703,53.979952392578134,219,🔥萬人塚,HOLD,2
MSTR,2026-07-17,180.0,1.05,34648,662,84.88784643554688,37,🔥萬人塚,HOLD,2
AAPL,2027-01-15,280.0,34.45,31561,627,32.221136779785155,219,🔥萬人塚,HOLD,2
TSLA,2027-01-15,960.0,3.55,109484,570,61.23695989990237,219,🔥萬人塚,HOLD,2
NVDA,2027-01-15,290.0,7.9,37855,474,46.42692733764648,219,🔥萬人塚,HOLD,2
NVDA,2027-01-15,180.0,46.15,49780,304,50.723759368896495,219,🔥萬人塚,HOLD,2
NVDA,2026-09-18,255.0,5.4,36554,157,44.4768735961914,100,🔥萬人塚,HOLD,2
RIVN,2027-01-15,22.0,1.89,33200,71,75.00025000000001,219,🔥萬人塚,HOLD,2
TSLA,2027-01-15,940.0,3.85,93761,30,60.78530426025392,219,🔥萬人塚,HOLD,2
DKNG,2026-11-20,37.5,1.39,30606,28,55.615678222656264,163,🔥萬人塚,HOLD,2
F,2027-01-15,14.85,1.93,56900,26,43.848217773437504,219,🔥萬人塚,HOLD,2
SHOP,2026-09-18,175.0,1.79,46691,25,64.95396374511719,100,🔥萬人塚,HOLD,2
SHOP,2026-09-18,140.0,5.99,49005,11,65.00279138183593,100,🔥萬人塚,HOLD,2
OPEN,2027-01-15,1.5,6.67,49508,7,0.0010000000000000002,219,🔥萬人塚,HOLD,2
SHOP,2026-09-18,195.0,1.06,82074,6,65.11265356445313,100,🔥萬人塚,HOLD,2
NVDA,2026-06-12,225.0,0.16,45812,32698,43.164630859375,2,🎲末日結算 🚬菸屁股 🔥萬人塚,HOLD,1
NVDA,2026-06-12,220.0,0.41,52904,30184,40.7232490234375,2,🎲末日結算 🚬菸屁股 🔥萬人塚,HOLD,1
NVDA,2026-06-12,222.5,0.25,46089,14721,41.65097412109374,2,🎲末日結算 🚬菸屁股 🔥萬人塚,HOLD,1
HOOD,2026-06-12,87.0,1.33,10387,9193,74.26783544921875,2,🎲末日結算 🆕新倉暴量,HOLD,1
AAPL,2026-07-17,330.0,0.65,16689,7108,25.012956909179685,37,🚬菸屁股,HOLD,1
AAPL,2026-07-17,325.0,0.9,27058,6531,24.47585290527344,37,🚬菸屁股,HOLD,1
SMCI,2026-07-17,60.0,0.52,16400,5997,86.32826171875,37,🚬菸屁股,HOLD,1
SOFI,2026-08-21,20.0,0.89,22919,5969,67.773759765625,72,🚬菸屁股,HOLD,1
SOFI,2026-07-17,20.0,0.33,28000,5254,61.62147753906251,37,🚬菸屁股,HOLD,1
MSFT,2026-07-17,500.0,0.73,27276,5112,36.279934082031254,37,🚬菸屁股,HOLD,1
AMD,2026-06-12,510.0,4.1,7226,4549,75.80590600585938,2,🎲末日結算 🆕新倉暴量,HOLD,1
NVDA,2026-07-17,260.0,0.74,23589,4120,42.60311303710938,37,🚬菸屁股,HOLD,1
ONDS,2026-07-17,15.0,0.22,28718,4075,108.203583984375,37,🚬菸屁股,HOLD,1
IBIT,2026-07-17,42.0,0.28,22417,4032,44.2388388671875,37,🚬菸屁股,HOLD,1
MSTR,2026-06-12,125.0,1.46,17597,3878,85.8399853515625,2,🎲末日結算 🆕新倉暴量,HOLD,1
HOOD,2026-06-12,84.0,2.55,4719,3684,75.34204345703125,2,🎲末日結算 🆕新倉暴量,HOLD,1
NVDA,2026-08-21,300.0,0.81,27683,3363,46.045461425781255,72,🚬菸屁股,HOLD,1
PLTR,2026-07-17,200.0,0.27,24218,3303,63.281617187500004,37,🚬菸屁股,HOLD,1
NVDA,2026-06-12,250.0,0.01,31201,3221,64.062859375,2,🎲末日結算 🚬菸屁股 🔥萬人塚,HOLD,1
IBIT,2026-07-17,40.0,0.52,12555,3041,44.28766650390625,37,🚬菸屁股,HOLD,1
HOOD,2026-06-12,83.0,2.92,5659,2736,76.02563037109377,2,🎲末日結算 🆕新倉暴量,HOLD,1
SOFI,2026-07-17,18.0,0.74,16909,2657,60.15664843750002,37,🚬菸屁股,HOLD,1
ASTS,2026-06-12,125.0,0.14,2899,2625,163.28143359374997,2,🎲末日結算 🆕新倉暴量 ⚠️IV頂峰 🚬菸屁股,GAMBLE,1
ONDS,2026-07-17,11.0,0.76,19627,2393,99.9023447265625,37,🚬菸屁股,HOLD,1
BA,2026-06-12,220.0,1.34,2677,2271,36.57289990234375,2,🎲末日結算 🆕新倉暴量,HOLD,1
IREN,2026-06-12,56.0,1.65,7471,2151,108.69186279296876,2,🎲末日結算 🆕新倉暴量,HOLD,1
IBIT,2026-07-17,38.0,0.97,11166,2133,45.0200810546875,37,🚬菸屁股,HOLD,1
HOOD,2026-06-12,80.0,5.0,1938,1904,79.1994267578125,2,🎲末日結算 🆕新倉暴量,HOLD,1
PLTR,2026-07-17,175.0,0.7,5070,1902,55.12740185546876,37,🚬菸屁股,HOLD,1
SOFI,2028-06-16,20.0,5.85,29901,1836,75.7814921875,737,🔭LEAPS,HOLD,1
SOFI,2028-06-16,15.0,7.33,22188,1812,77.24632128906251,737,🔭LEAPS,HOLD,1
SOFI,2026-07-17,22.0,0.17,10065,1775,66.40658593750001,37,🚬菸屁股,HOLD,1
MSTR,2026-07-17,200.0,0.62,6929,1723,91.1133701171875,37,🚬菸屁股,HOLD,1
RKLB,2026-06-12,125.0,1.02,2999,1517,124.02381738281247,2,🎲末日結算 🆕新倉暴量,HOLD,1
OPEN,2028-01-21,15.0,0.88,28030,1510,104.39500927734377,590,🔭LEAPS,HOLD,1
IBIT,2026-07-17,43.0,0.23,11443,1489,45.898978515625004,37,🚬菸屁股,HOLD,1
TDOC,2026-10-16,10.0,0.65,2115,1442,75.586181640625,128,🚬菸屁股,HOLD,1
ONDS,2028-01-21,10.0,4.85,13432,1415,108.74069067382814,590,🔭LEAPS,HOLD,1
HOOD,2026-08-21,160.0,0.65,3494,1414,81.83611914062499,72,🚬菸屁股,HOLD,1
SOFI,2026-06-12,15.5,1.07,1811,1394,67.18782812500001,2,🎲末日結算 🆕新倉暴量,HOLD,1
BA,2026-06-12,215.0,3.35,1230,1387,41.699801757812494,2,🎲末日結算 🆕新倉暴量,HOLD,1
SOFI,2026-07-17,19.0,0.48,14781,1363,60.74258007812501,37,🚬菸屁股,HOLD,1
ONDS,2026-09-18,15.0,0.88,9010,1340,108.203583984375,100,🚬菸屁股,HOLD,1
SOFI,2028-06-16,30.0,3.9,19582,1325,74.46314599609374,737,🔭LEAPS,HOLD,1
NVDA,2026-07-17,255.0,0.95,12758,1303,41.846284667968746,37,🚬菸屁股,HOLD,1
ONDS,2026-07-17,20.0,0.09,6676,1235,128.125359375,37,🚬菸屁股,HOLD,1
NBIS,2026-06-12,260.0,1.15,1011,1209,116.40666796875001,2,🎲末日結算 🆕新倉暴量,HOLD,1
JPM,2026-06-12,320.0,1.08,2830,1202,28.613995117187496,2,🎲末日結算 🆕新倉暴量,HOLD,1
NVDA,2026-08-21,400.0,0.12,6023,1175,56.836369140624996,72,🚬菸屁股,HOLD,1
IBIT,2026-08-21,50.0,0.21,23081,1168,49.219257812500004,72,🚬菸屁股,HOLD,1
IBM,2026-07-17,400.0,0.58,6137,1152,56.982852050781254,37,🚬菸屁股,HOLD,1
PATH,2026-08-21,15.0,0.33,8628,1113,73.633076171875,72,🚬菸屁股,HOLD,1
CRWV,2026-06-12,108.0,1.03,1203,1085,97.070341796875,2,🎲末日結算 🆕新倉暴量,HOLD,1
JPM,2026-06-12,315.0,2.65,2042,1085,28.906960937499992,2,🎲末日結算 🆕新倉暴量,HOLD,1
AAPL,2026-07-17,335.0,0.43,7892,1056,25.745371459960943,37,🚬菸屁股,HOLD,1
DKNG,2026-06-12,24.5,2.93,1009,1028,106.05515722656251,2,🎲末日結算 🆕新倉暴量,HOLD,1
OPEN,2026-08-21,6.0,0.36,13858,1026,105.2739111328125,72,🚬菸屁股,HOLD,1
IBIT,2026-08-21,52.0,0.18,8678,1014,50.6840869140625,72,🚬菸屁股,HOLD,1
F,2026-07-17,15.0,0.82,16469,1002,42.774009765625,37,🚬菸屁股,HOLD,1
IBM,2026-06-12,290.0,1.65,840,970,50.171396728515624,2,🎲末日結算 🆕新倉暴量,HOLD,1
PLTR,2026-07-17,170.0,0.9,6990,963,53.85788330078126,37,🚬菸屁股,HOLD,1
HOOD,2026-07-17,115.0,0.99,6284,960,72.14383325195313,37,🚬菸屁股,HOLD,1
SMR,2026-07-17,20.0,0.12,12589,953,130.46909765624997,37,🚬菸屁股,HOLD,1
SMR,2026-08-21,15.0,0.9,8110,948,114.35589697265624,72,🚬菸屁股,HOLD,1
OPEN,2028-01-21,5.0,2.2,25921,941,105.85984570312502,590,🔭LEAPS,HOLD,1
ONDS,2026-07-17,13.0,0.36,18885,932,102.34423828125001,37,🚬菸屁股,HOLD,1
JOBY,2026-07-17,12.0,0.23,19846,927,80.07832421875,37,🚬菸屁股,HOLD,1
IONQ,2026-06-12,55.0,3.7,899,926,115.72307763671876,2,🎲末日結算 🆕新倉暴量,HOLD,1
ASTS,2026-06-12,130.0,0.12,2838,919,181.25009375,2,🎲末日結算 🆕新倉暴量 ⚠️IV頂峰 🚬菸屁股,GAMBLE,1
LUNR,2026-06-12,35.0,0.2,1018,903,166.01579492187503,2,🎲末日結算 🆕新倉暴量 ⚠️IV頂峰 🚬菸屁股,GAMBLE,1
RIVN,2026-07-17,18.0,0.6,6513,837,66.21127539062502,37,🚬菸屁股,HOLD,1
DKNG,2026-06-12,25.5,2.02,3657,818,80.4689453125,2,🎲末日結算 🆕新倉暴量,HOLD,1
MSFT,2026-07-17,550.0,0.24,5165,816,41.65097412109374,37,🚬菸屁股,HOLD,1
IBIT,2028-06-16,100.0,2.04,28136,802,56.360299682617196,737,🔭LEAPS,HOLD,1
ONDS,2026-07-17,14.0,0.28,8664,788,105.66453417968751,37,🚬菸屁股,HOLD,1
SMCI,2026-07-17,55.0,0.88,6621,775,84.0821904296875,37,🚬菸屁股,HOLD,1
OPEN,2026-09-18,7.0,0.37,7908,746,111.71919140624999,100,🚬菸屁股,HOLD,1
SOFI,2026-08-21,25.0,0.29,13711,743,70.41045214843751,72,🚬菸屁股,HOLD,1
DKNG,2026-06-12,26.0,1.6,1533,733,68.555001953125,2,🎲末日結算 🆕新倉暴量,HOLD,1
ONDS,2027-01-15,25.0,0.81,16762,725,108.984830078125,219,🚬菸屁股,HOLD,1
CRWV,2026-06-12,107.0,1.3,881,725,96.87503124999999,2,🎲末日結算 🆕新倉暴量,HOLD,1
SMR,2026-07-17,13.0,0.5,6463,718,105.2739111328125,37,🚬菸屁股,HOLD,1
CRWV,2026-06-12,103.0,2.3,851,718,98.29103271484375,2,🎲末日結算 🆕新倉暴量,HOLD,1
MU,2026-06-12,1070.0,5.3,976,691,104.81004626464845,2,🎲末日結算 🆕新倉暴量,HOLD,1
CRWV,2026-07-17,210.0,0.15,6593,671,98.63282617187501,37,🚬菸屁股,HOLD,1
OPEN,2026-07-17,7.0,0.06,5657,651,105.078599609375,37,🚬菸屁股,HOLD,1
NOW,2026-07-17,160.0,0.6,3891,651,73.34011035156249,37,🚬菸屁股,HOLD,1
OPEN,2026-08-21,5.0,0.57,22545,648,106.25046875000001,72,🚬菸屁股,HOLD,1
OPEN,2028-01-21,7.0,1.63,16732,643,108.203583984375,590,🔭LEAPS,HOLD,1
NVDA,2026-07-17,270.0,0.48,11279,642,44.38532177734375,37,🚬菸屁股,HOLD,1
BLDP,2026-08-21,6.0,0.53,4526,629,114.84417578124999,72,🚬菸屁股,HOLD,1
IBIT,2026-08-21,45.0,0.43,18779,624,45.2153916015625,72,🚬菸屁股,HOLD,1
F,2026-08-21,18.0,0.33,3799,622,46.3872548828125,72,🚬菸屁股,HOLD,1
OPEN,2026-11-20,9.0,0.39,7957,616,127.73473632812498,163,🚬菸屁股,HOLD,1
RIVN,2026-09-18,21.0,0.94,11288,613,73.82838671875,100,🚬菸屁股,HOLD,1
NVDA,2026-08-21,310.0,0.6,11463,612,47.363807617187504,72,🚬菸屁股,HOLD,1
MU,2026-06-12,1130.0,2.0,1404,592,106.22605480957033,2,🎲末日結算 🆕新倉暴量,HOLD,1
SMR,2026-06-12,13.0,0.03,2836,588,150.00025,2,🎲末日結算 🆕新倉暴量 ⚠️IV頂峰 🚬菸屁股,GAMBLE,1
IONQ,2026-06-12,57.0,2.57,1319,587,111.328568359375,2,🎲末日結算 🆕新倉暴量,HOLD,1
ACHR,2026-07-17,6.0,0.33,6249,584,81.64080859375,37,🚬菸屁股,HOLD,1
TSLA,2026-07-17,600.0,0.8,15971,576,62.76892700195313,37,🚬菸屁股,HOLD,1
SOFI,2026-06-12,15.0,1.56,864,569,66.40658593750001,2,🎲末日結算 🆕新倉暴量,HOLD,1
OPEN,2026-08-21,7.0,0.22,28105,569,107.03171484375002,72,🚬菸屁股,HOLD,1
SMR,2026-08-21,17.0,0.55,1502,569,116.79729101562502,72,🚬菸屁股,HOLD,1
ACHR,2026-10-16,7.0,0.62,3415,560,89.94150683593749,128,🚬菸屁股,HOLD,1
NVDA,2026-07-17,280.0,0.31,9043,552,46.3872548828125,37,🚬菸屁股,HOLD,1
F,2026-09-18,16.0,0.91,27214,551,44.38532177734375,100,🚬菸屁股,HOLD,1
F,2027-01-15,20.0,0.63,1336,551,45.9966337890625,219,🚬菸屁股,HOLD,1
ACHR,2026-10-16,6.0,0.88,3823,537,89.45323046875,128,🚬菸屁股,HOLD,1
SOFI,2028-01-21,18.0,5.55,10535,532,77.75901147460938,590,🔭LEAPS,HOLD,1
ASTS,2026-06-12,150.0,0.04,2100,530,196.875015625,2,🎲末日結算 🆕新倉暴量 ⚠️IV頂峰 🚬菸屁股,GAMBLE,1
ASTS,2026-06-12,92.0,3.5,1998,528,131.88510620117185,2,🎲末日結算 🆕新倉暴量,HOLD,1
SOFI,2026-07-17,25.0,0.07,15778,521,74.2190078125,37,🚬菸屁股,HOLD,1
OPEN,2026-07-17,6.0,0.12,13056,514,98.82813671875,37,🚬菸屁股,HOLD,1
F,2026-08-21,17.0,0.52,7444,512,45.26421923828126,72,🚬菸屁股,HOLD,1
CRWV,2026-06-12,104.0,1.94,839,510,97.90041162109377,2,🎲末日結算 🆕新倉暴量,HOLD,1
OPEN,2026-08-21,12.0,0.12,1308,501,130.46909765624997,72,🚬菸屁股,HOLD,1
JPM,2026-06-12,312.5,3.7,1324,493,30.249720947265622,2,🎲末日結算 🆕新倉暴量,HOLD,1
NVDA,2027-01-15,460.0,0.97,8076,488,50.537604003906246,219,🚬菸屁股,HOLD,1
ACHR,2028-01-21,7.0,2.0,21382,485,97.21682470703125,590,🔭LEAPS,HOLD,1
CRM,2026-07-17,220.0,0.93,4747,480,48.242705078125006,37,🚬菸屁股,HOLD,1
RKLB,2026-07-17,210.0,0.65,3692,475,112.98871630859378,37,🚬菸屁股,HOLD,1
SOFI,2028-01-21,30.0,3.09,18531,462,74.19459399414062,590,🔭LEAPS,HOLD,1
SOFI,2026-09-18,30.0,0.22,22006,452,73.437765625,100,🚬菸屁股,HOLD,1
PLTR,2026-09-18,300.0,0.37,8808,445,70.898728515625,100,🚬菸屁股,HOLD,1
XYZ,2026-09-18,100.0,0.85,8943,440,52.22215747070311,100,🚬菸屁股,HOLD,1
OPEN,2026-09-18,6.0,0.48,3744,437,110.54732226562503,100,🚬菸屁股,HOLD,1
SMCI,2026-07-17,65.0,0.36,10824,434,89.64854101562499,37,🚬菸屁股,HOLD,1
PATH,2026-07-17,12.0,0.47,2720,424,66.69955175781253,37,🚬菸屁股,HOLD,1
SOFI,2026-09-18,21.0,0.99,2600,420,68.31086376953127,100,🚬菸屁股,HOLD,1
PATH,2027-01-15,35.0,0.35,1623,419,92.0899228515625,219,🚬菸屁股,HOLD,1
BSX,2026-07-17,55.0,0.6,2495,419,39.014281738281255,37,🚬菸屁股,HOLD,1
ASTS,2026-06-12,88.0,5.2,2038,418,130.51792553710933,2,🎲末日結算 🆕新倉暴量,HOLD,1
COIN,2026-07-17,250.0,0.7,5182,414,82.47087841796873,37,🚬菸屁股,HOLD,1
ACHR,2028-01-21,10.0,1.5,16853,413,94.726615234375,590,🔭LEAPS,HOLD,1
MU,2026-06-12,1065.0,6.0,1153,412,103.47948651123049,2,🎲末日結算 🆕新倉暴量,HOLD,1
IBIT,2026-09-18,70.0,0.1,23947,409,61.328511718750015,100,🚬菸屁股,HOLD,1
SMR,2027-01-15,30.0,0.85,5540,406,117.87150439453123,219,🚬菸屁股,HOLD,1
MS,2026-06-12,215.0,1.27,1526,405,36.69496899414062,2,🎲末日結算 🆕新倉暴量,HOLD,1
IBIT,2026-07-17,41.0,0.37,7747,394,44.5318046875,37,🚬菸屁股,HOLD,1
AAPL,2027-01-15,450.0,0.77,14163,382,29.053443847656247,219,🚬菸屁股,HOLD,1
SOFI,2027-01-15,40.0,0.4,27593,381,74.5119736328125,219,🚬菸屁股,HOLD,1
NVDA,2028-01-21,260.0,34.55,8252,376,49.692275543212894,590,🔭LEAPS,HOLD,1
NVDA,2026-08-21,420.0,0.09,7845,372,57.617611328124994,72,🚬菸屁股,HOLD,1
IBIT,2026-07-17,44.0,0.18,13457,371,46.87553125,37,🚬菸屁股,HOLD,1
AAPL,2026-07-17,360.0,0.1,5833,360,29.395237304687495,37,🚬菸屁股,HOLD,1
OPEN,2026-08-21,9.0,0.15,4110,359,130.85972070312496,72,🚬菸屁股,HOLD,1
F,2027-01-15,25.0,0.28,15725,359,49.023947265625004,219,🚬菸屁股,HOLD,1
F,2026-07-17,19.0,0.05,15049,351,47.6567734375,37,🚬菸屁股,HOLD,1
D,2027-01-15,80.0,0.8,1028,350,24.658956542968753,219,🚬菸屁股,HOLD,1
NVDA,2028-01-21,390.0,14.35,8063,348,49.16737844848633,590,🔭LEAPS,HOLD,1
IBIT,2026-08-21,100.0,0.02,6794,345,86.7188828125,72,🚬菸屁股,HOLD,1
PATH,2026-07-17,13.0,0.28,9606,336,68.35969140625001,37,🚬菸屁股,HOLD,1
COIN,2026-07-17,300.0,0.45,7823,327,90.23447265624999,37,🚬菸屁股,HOLD,1
SOFI,2026-07-17,23.0,0.12,5309,322,66.79720703125001,37,🚬菸屁股,HOLD,1
HOOD,2028-01-21,290.0,6.25,4911,320,74.36549072265625,590,🔭LEAPS,HOLD,1
SOFI,2028-06-16,18.0,6.4,10216,319,77.8322529296875,737,🔭LEAPS,HOLD,1
OPEN,2028-01-21,10.0,1.22,16905,319,110.64497802734377,590,🔭LEAPS,HOLD,1
NNE,2026-07-17,35.0,0.75,2505,314,107.81296093750001,37,🚬菸屁股,HOLD,1
GOOG,2026-07-17,440.0,0.88,6439,312,35.96255444335937,37,🚬菸屁股,HOLD,1
F,2028-01-21,20.0,1.77,2933,311,45.58159887695313,590,🔭LEAPS,HOLD,1
NVDA,2028-01-21,420.0,11.59,23739,310,49.15517153930664,590,🔭LEAPS,HOLD,1
OPEN,2026-11-20,6.0,0.65,4087,310,113.47699511718751,163,🚬菸屁股,HOLD,1
TDOC,2027-01-15,10.0,0.79,8243,307,76.2697685546875,219,🚬菸屁股,HOLD,1
SMR,2026-07-17,12.0,0.71,2389,306,106.44578027343752,37,🚬菸屁股,HOLD,1
SOFI,2026-08-21,35.0,0.08,3105,299,96.289099609375,72,🚬菸屁股,HOLD,1
ONDS,2028-01-21,12.0,4.35,11626,299,106.54343603515626,590,🔭LEAPS,HOLD,1
DXCM,2026-07-17,90.0,0.88,969,298,44.0435283203125,37,🚬菸屁股,HOLD,1
PLTR,2026-07-17,190.0,0.37,5996,294,60.01016552734376,37,🚬菸屁股,HOLD,1
SMR,2026-07-17,17.0,0.2,3864,293,133.59408203124997,37,🚬菸屁股,HOLD,1
NEE,2026-07-17,90.0,0.9,4646,292,25.80640600585938,37,🚬菸屁股,HOLD,1
SOFI,2028-06-16,10.0,9.56,9363,286,83.42301733398436,737,🔭LEAPS,HOLD,1
COUR,2026-07-17,7.0,0.06,20695,286,68.35969140625001,37,🚬菸屁股,HOLD,1
SOFI,2026-07-17,24.0,0.09,4018,285,70.117486328125,37,🚬菸屁股,HOLD,1
OPEN,2026-08-21,8.0,0.16,10514,285,111.328568359375,72,🚬菸屁股,HOLD,1
RKLB,2026-07-17,200.0,0.88,1038,284,108.0571003417969,37,🚬菸屁股,HOLD,1
SMR,2026-08-21,14.0,0.89,4484,283,112.59809326171877,72,🚬菸屁股,HOLD,1
JOBY,2028-01-21,10.0,3.9,10522,278,93.164130859375,590,🔭LEAPS,HOLD,1
PATH,2026-08-21,13.0,0.61,3672,277,69.336244140625,72,🚬菸屁股,HOLD,1
ACHR,2027-01-15,20.0,0.19,21110,272,106.25046875000001,219,🚬菸屁股,HOLD,1
MSFT,2028-01-21,500.0,46.5,7983,266,38.37341900634765,590,🔭LEAPS,HOLD,1
IBIT,2028-01-21,100.0,1.3,14451,265,56.43354113769532,590,🔭LEAPS,HOLD,1
MSFT,2028-01-21,600.0,26.3,6098,262,37.76917700195312,590,🔭LEAPS,HOLD,1
CRM,2026-07-17,250.0,0.29,3540,261,53.12546875,37,🚬菸屁股,HOLD,1
CRWV,2026-07-17,200.0,0.17,3090,256,100.68409033203123,37,🚬菸屁股,HOLD,1
NVDA,2028-01-21,220.0,46.86,8558,255,50.74512145996093,590,🔭LEAPS,HOLD,1
PATH,2026-09-18,13.0,0.95,1835,255,77.3439765625,100,🚬菸屁股,HOLD,1
SMR,2026-08-21,16.0,0.63,1901,248,116.99260253906249,72,🚬菸屁股,HOLD,1
PATH,2026-07-17,11.0,0.78,3141,246,65.62534375000001,37,🚬菸屁股,HOLD,1
CRM,2026-07-17,240.0,0.39,3122,245,52.07567456054687,37,🚬菸屁股,HOLD,1
ONDS,2026-07-17,18.0,0.11,2574,243,117.57853710937498,37,🚬菸屁股,HOLD,1
PLTR,2026-08-21,220.0,0.85,9428,241,65.40561938476563,72,🚬菸屁股,HOLD,1
ACHR,2028-01-21,5.0,2.57,8557,241,99.60937890625,590,🔭LEAPS,HOLD,1
SOFI,2026-08-21,24.0,0.32,4095,238,69.82452050781251,72,🚬菸屁股,HOLD,1
RIVN,2026-07-17,19.0,0.43,2000,236,68.26203613281253,37,🚬菸屁股,HOLD,1
HIMS,2027-01-15,100.0,0.9,10476,235,104.98094384765626,219,🚬菸屁股,HOLD,1
BLDP,2026-08-21,7.0,0.4,1916,231,114.0629296875,72,🚬菸屁股,HOLD,1
OPEN,2026-09-18,5.0,0.75,7104,229,108.00827246093752,100,🚬菸屁股,HOLD,1
ACHR,2026-10-16,9.0,0.33,3396,225,91.01571484374999,128,🚬菸屁股,HOLD,1
SOFI,2028-06-16,47.0,2.31,15495,222,74.95142236328125,737,🔭LEAPS,HOLD,1
F,2026-09-18,20.0,0.25,13241,219,46.7778759765625,100,🚬菸屁股,HOLD,1
BA,2026-07-17,260.0,0.57,3204,217,36.54848608398438,37,🚬菸屁股,HOLD,1
PATH,2026-07-17,15.0,0.13,4981,213,76.562734375,37,🚬菸屁股,HOLD,1
PATH,2028-01-21,15.0,3.05,8774,212,80.81073876953124,590,🔭LEAPS,HOLD,1
HPQ,2026-07-17,35.0,0.05,7287,210,54.883263671875014,37,🚬菸屁股,HOLD,1
BA,2026-07-17,255.0,0.82,1309,208,36.914693359375,37,🚬菸屁股,HOLD,1
MSTR,2026-07-17,250.0,0.28,7693,205,99.7070341796875,37,🚬菸屁股,HOLD,1
ONDS,2026-07-17,17.0,0.14,1611,201,114.45355273437498,37,🚬菸屁股,HOLD,1
HOOD,2026-07-17,130.0,0.43,4666,200,77.148666015625,37,🚬菸屁股,HOLD,1
SMR,2026-07-17,11.0,0.96,1265,200,101.95361523437501,37,🚬菸屁股,HOLD,1
OPEN,2026-07-17,10.0,0.01,6786,197,143.75028125,37,🚬菸屁股,HOLD,1
PATH,2026-09-18,18.0,0.36,2001,192,85.0587431640625,100,🚬菸屁股,HOLD,1
ACHR,2026-10-16,8.0,0.46,3504,192,90.62509374999999,128,🚬菸屁股,HOLD,1
F,2026-08-21,16.0,0.77,936,190,45.26421923828126,72,🚬菸屁股,HOLD,1
HIMS,2026-07-17,50.0,0.3,6536,189,101.7583037109375,37,🚬菸屁股,HOLD,1
ONDS,2028-01-21,15.0,3.85,6138,189,109.47310888671878,590,🔭LEAPS,HOLD,1
NTLA,2027-01-15,30.0,0.75,1206,187,113.37933935546877,219,🚬菸屁股,HOLD,1
HIMS,2027-01-15,105.0,0.99,8302,187,102.19775463867187,219,🚬菸屁股,HOLD,1
SOFI,2026-11-20,25.0,0.95,2704,184,68.99445068359377,163,🚬菸屁股,HOLD,1
OPEN,2026-07-17,8.0,0.03,3060,184,118.75040625,37,🚬菸屁股,HOLD,1
OPEN,2026-08-21,4.0,0.94,2782,184,100.0005,72,🚬菸屁股,HOLD,1
TSCO,2026-07-17,35.0,0.35,4307,179,46.82670361328125,37,🚬菸屁股,HOLD,1
OKLO,2026-07-17,90.0,0.94,2621,178,104.44383715820314,37,🚬菸屁股,HOLD,1
SOFI,2026-09-18,47.0,0.09,3124,176,92.187578125,100,🚬菸屁股,HOLD,1
IBIT,2028-01-21,50.0,5.84,7826,175,56.27485131835939,590,🔭LEAPS,HOLD,1
SOFI,2026-08-21,27.0,0.2,3694,175,72.6565234375,72,🚬菸屁股,HOLD,1
AAPL,2026-07-17,380.0,0.06,9859,174,33.74089697265625,37,🚬菸屁股,HOLD,1
SOFI,2028-01-21,13.0,7.45,3772,172,78.17404638671876,590,🔭LEAPS,HOLD,1
PATH,2026-08-21,14.0,0.44,5837,171,71.48466015625,72,🚬菸屁股,HOLD,1
RIVN,2028-01-21,30.0,3.1,10752,171,77.80783911132812,590,🔭LEAPS,HOLD,1
PATH,2028-01-21,12.0,3.74,6734,170,77.929908203125,590,🔭LEAPS,HOLD,1
BA,2028-01-21,380.0,9.7,2143,167,41.7623621673584,590,🔭LEAPS,HOLD,1
INTC,2028-01-21,150.0,32.0,8721,166,80.96332513427733,590,🔭LEAPS,HOLD,1
HPQ,2027-01-15,40.0,0.85,1702,166,54.394987304687504,219,🚬菸屁股,HOLD,1
NVDA,2028-01-21,350.0,17.75,27523,164,49.18721467590333,590,🔭LEAPS,HOLD,1
F,2026-08-21,20.0,0.16,6075,163,50.0005,72,🚬菸屁股,HOLD,1
CRM,2026-07-17,230.0,0.58,2334,162,50.586431640624994,37,🚬菸屁股,HOLD,1
F,2027-01-15,18.0,0.98,9224,162,43.7505625,219,🚬菸屁股,HOLD,1
U,2026-07-17,35.0,0.72,6757,159,71.72879833984375,37,🚬菸屁股,HOLD,1
OPEN,2026-11-20,10.0,0.36,8085,153,114.84417578124999,163,🚬菸屁股,HOLD,1
HIMS,2028-01-21,95.0,5.34,3006,149,97.80275634765626,590,🔭LEAPS,HOLD,1
SMR,2027-01-15,27.0,0.97,1367,148,119.23868505859376,219,🚬菸屁股,HOLD,1
IBIT,2027-01-15,83.0,0.28,5130,147,57.568783691406246,219,🚬菸屁股,HOLD,1
PATH,2026-09-18,15.0,0.61,5555,147,79.3947373046875,100,🚬菸屁股,HOLD,1
CRM,2026-09-18,320.0,0.57,2288,147,56.982852050781254,100,🚬菸屁股,HOLD,1
NVDA,2026-08-21,320.0,0.5,7369,145,48.68215380859375,72,🚬菸屁股,HOLD,1
JOBY,2028-01-21,25.0,1.75,3280,142,91.3086806640625,590,🔭LEAPS,HOLD,1
F,2026-09-18,18.0,0.46,9654,141,44.824770507812495,100,🚬菸屁股,HOLD,1
RIVN,2026-07-17,21.0,0.23,2306,141,72.851833984375,37,🚬菸屁股,HOLD,1
IREN,2026-07-17,110.0,0.34,2379,138,127.05114599609372,37,🚬菸屁股,HOLD,1
PATH,2026-07-17,14.0,0.17,9176,137,71.48466015625,37,🚬菸屁股,HOLD,1
RIVN,2028-01-21,25.0,3.9,12875,135,81.29901513671875,590,🔭LEAPS,HOLD,1
OPEN,2026-07-17,4.0,0.68,2663,132,91.79695703125,37,🚬菸屁股,HOLD,1
TSLA,2026-07-17,990.0,0.08,15361,131,95.11723632812499,37,🚬菸屁股,HOLD,1
SHOP,2026-07-17,150.0,0.66,7235,125,60.522855712890646,37,🚬菸屁股,HOLD,1
HOOD,2027-01-15,290.0,0.97,4207,125,81.10370458984374,219,🚬菸屁股,HOLD,1
SMR,2027-01-15,40.0,0.54,6823,122,122.65663671875001,219,🚬菸屁股,HOLD,1
INTC,2028-01-21,80.0,51.95,10045,121,80.65204895019531,590,🔭LEAPS,HOLD,1
HOOD,2026-07-17,125.0,0.56,6952,121,74.36549072265625,37,🚬菸屁股,HOLD,1
JOBY,2026-08-21,13.0,0.44,1994,121,85.742330078125,72,🚬菸屁股,HOLD,1
OKLO,2026-07-17,95.0,0.76,1181,120,106.64109179687502,37,🚬菸屁股,HOLD,1
NOW,2026-07-17,155.0,0.69,1221,120,72.1682470703125,37,🚬菸屁股,HOLD,1
MSFT,2026-09-18,800.0,0.19,9908,119,50.7817421875,100,🚬菸屁股,HOLD,1
IBIT,2028-01-21,140.0,0.7,26142,119,59.88809643554689,590,🔭LEAPS,HOLD,1
XYZ,2027-01-15,145.0,0.63,23318,119,55.05416040039064,219,🚬菸屁股,HOLD,1
F,2028-01-21,12.0,4.47,8802,119,45.361874511718746,590,🔭LEAPS,HOLD,1
RIVN,2028-01-21,15.0,6.5,7310,119,78.8088056640625,590,🔭LEAPS,HOLD,1
RIVN,2026-07-17,25.0,0.09,1318,118,82.81267187499999,37,🚬菸屁股,HOLD,1
SOFI,2026-07-17,30.0,0.04,13754,117,85.1563984375,37,🚬菸屁股,HOLD,1
HIMS,2026-07-17,45.0,0.45,3533,117,97.6562734375,37,🚬菸屁股,HOLD,1
NOW,2028-01-21,284.0,8.5,4109,115,67.23970748901368,590,🔭LEAPS,HOLD,1
JOBY,2028-01-21,20.0,2.15,7422,114,90.429783203125,590,🔭LEAPS,HOLD,1
IBIT,2026-07-17,46.0,0.13,8793,112,50.29346582031251,37,🚬菸屁股,HOLD,1
VST,2026-07-17,195.0,0.64,9344,112,56.9340244140625,37,🚬菸屁股,HOLD,1
VST,2026-07-17,210.0,0.37,2175,111,64.59996337890624,37,🚬菸屁股,HOLD,1
BA,2026-07-17,300.0,0.14,1340,111,51.95360546875,37,🚬菸屁股,HOLD,1
U,2026-07-17,40.0,0.29,7937,109,73.34011035156249,37,🚬菸屁股,HOLD,1
XYZ,2026-07-17,80.0,0.78,2572,109,48.5356708984375,37,🚬菸屁股,HOLD,1
JOBY,2028-01-21,12.0,3.4,5158,108,90.039162109375,590,🔭LEAPS,HOLD,1
SMCI,2026-09-18,85.0,0.93,2745,105,95.21489160156248,100,🚬菸屁股,HOLD,1
KTOS,2026-08-21,100.0,0.85,1321,104,87.45129736328124,72,🚬菸屁股,HOLD,1
CRM,2026-08-21,300.0,0.27,1413,104,57.08050732421876,72,🚬菸屁股,HOLD,1
SOFI,2026-08-21,30.0,0.14,7082,103,78.12521875,72,🚬菸屁股,HOLD,1
ZS,2026-08-21,220.0,0.8,986,103,70.06865869140626,72,🚬菸屁股,HOLD,1
SOFI,2026-09-18,42.0,0.11,6039,102,91.4063359375,100,🚬菸屁股,HOLD,1
ONDS,2028-01-21,17.0,3.57,10879,102,108.203583984375,590,🔭LEAPS,HOLD,1
IBIT,2026-09-18,90.0,0.08,10693,100,74.2190078125,100,🚬菸屁股,HOLD,1
PACB,2026-07-17,2.0,0.05,1382,100,114.0629296875,37,🚬菸屁股,HOLD,1
ACHR,2026-07-17,13.0,0.03,1106,100,148.4377578125,37,🚬菸屁股,HOLD,1
JOBY,2028-01-21,8.0,4.5,4545,99,96.72854833984375,590,🔭LEAPS,HOLD,1
SOFI,2028-06-16,35.0,3.3,7344,98,73.60866235351563,737,🔭LEAPS,HOLD,1
LUNR,2026-07-17,45.0,0.95,2181,98,126.95349023437497,37,🚬菸屁股,HOLD,1
IBIT,2026-10-16,60.0,0.25,8684,97,52.246571289062494,128,🚬菸屁股,HOLD,1
ZS,2026-07-17,180.0,0.66,915,97,66.65072412109377,37,🚬菸屁股,HOLD,1
IBIT,2027-01-15,55.0,0.98,17117,96,49.31691308593751,219,🚬菸屁股,HOLD,1
CRM,2026-09-18,300.0,0.73,1685,96,53.76022802734376,100,🚬菸屁股,HOLD,1
RIVN,2028-01-21,17.0,5.6,4945,96,79.883013671875,590,🔭LEAPS,HOLD,1
SOFI,2028-01-21,47.0,1.69,5775,95,75.56176782226562,590,🔭LEAPS,HOLD,1
JOBY,2026-07-17,14.0,0.1,5431,95,95.70316796875,37,🚬菸屁股,HOLD,1
SMCI,2028-01-21,70.0,11.11,1812,92,87.57336645507812,590,🔭LEAPS,HOLD,1
ZM,2026-07-17,120.0,0.7,1077,92,52.14891601562499,37,🚬菸屁股,HOLD,1
SMR,2026-07-17,16.0,0.25,1546,92,114.0629296875,37,🚬菸屁股,HOLD,1
SMR,2028-01-21,13.0,4.6,2479,92,113.96527392578126,590,🔭LEAPS,HOLD,1
TDOC,2027-01-15,25.0,0.17,2813,91,97.26565234374999,219,🚬菸屁股,HOLD,1
ACHR,2026-07-17,5.0,0.69,1715,91,81.2501875,37,🚬菸屁股,HOLD,1
KTOS,2026-07-17,75.0,0.95,1278,89,76.66038964843752,37,🚬菸屁股,HOLD,1
OPEN,2026-11-20,7.0,0.54,3508,87,113.28168359375002,163,🚬菸屁股,HOLD,1
IBIT,2026-07-17,53.0,0.1,5130,86,62.109753906250006,37,🚬菸屁股,HOLD,1
HOOD,2026-08-21,150.0,0.88,1120,86,81.27460131835937,72,🚬菸屁股,HOLD,1
JOBY,2026-07-17,10.0,0.67,5004,86,80.07832421875,37,🚬菸屁股,HOLD,1
SOFI,2026-09-18,24.0,0.53,1074,85,68.26203613281253,100,🚬菸屁股,HOLD,1
RIVN,2027-01-15,32.0,0.8,29876,85,74.85376708984376,219,🚬菸屁股,HOLD,1
COIN,2026-07-17,400.0,0.11,5796,84,120.80117724609374,37,🚬菸屁股,HOLD,1
SMCI,2026-09-18,105.0,0.39,6735,83,99.2187578125,100,🚬菸屁股,HOLD,1
IREN,2026-07-17,90.0,0.85,3565,83,109.86373193359378,37,🚬菸屁股,HOLD,1
ACHR,2026-10-16,11.0,0.2,4138,82,96.289099609375,128,🚬菸屁股,HOLD,1
SOFI,2028-06-16,27.0,4.28,4056,81,72.11941943359376,737,🔭LEAPS,HOLD,1
CRM,2026-08-21,250.0,0.95,1943,81,49.29249926757813,72,🚬菸屁股,HOLD,1
SOFI,2026-11-20,27.0,0.75,1304,80,70.41045214843751,163,🚬菸屁股,HOLD,1
SOFI,2028-06-16,13.0,8.2,4032,80,79.56563403320311,737,🔭LEAPS,HOLD,1
U,2026-08-21,40.0,0.85,7059,80,78.75997802734375,72,🚬菸屁股,HOLD,1
NOW,2026-07-17,190.0,0.25,790,80,83.69156933593749,37,🚬菸屁股,HOLD,1
IBIT,2027-01-15,75.0,0.32,10845,79,54.98091894531252,219,🚬菸屁股,HOLD,1
JOBY,2026-07-17,15.0,0.06,3664,79,90.62509374999999,37,🚬菸屁股,HOLD,1
IBIT,2027-01-15,135.0,0.12,11956,78,72.7541787109375,219,🚬菸屁股,HOLD,1
HOOD,2028-01-21,250.0,7.65,2279,77,74.6370944519043,590,🔭LEAPS,HOLD,1
TSLA,2028-06-16,990.0,33.8,5235,76,58.40114231109619,737,🔭LEAPS,HOLD,1
COIN,2027-01-15,880.0,0.61,13417,76,91.62606030273439,219,🚬菸屁股,HOLD,1
PACB,2028-01-21,2.0,0.6,4435,75,147.265888671875,590,🔭LEAPS,HOLD,1
SMR,2026-07-17,19.0,0.15,3594,75,125.39099804687498,37,🚬菸屁股,HOLD,1
MDT,2026-09-18,100.0,0.4,1356,75,30.884480224609373,100,🚬菸屁股,HOLD,1
PATH,2026-09-18,20.0,0.29,2917,74,88.96495410156248,100,🚬菸屁股,HOLD,1
F,2028-01-21,15.0,3.1,8762,74,45.63042651367188,590,🔭LEAPS,HOLD,1
INTC,2028-01-21,100.0,44.35,13925,73,80.56049713134766,590,🔭LEAPS,HOLD,1
SOFI,2026-09-18,27.0,0.33,12864,72,71.3870048828125,100,🚬菸屁股,HOLD,1
HIMS,2028-01-21,90.0,5.59,4237,72,97.44875598144532,590,🔭LEAPS,HOLD,1
RIVN,2028-01-21,20.0,4.78,15515,72,78.36935693359376,590,🔭LEAPS,HOLD,1
TSCO,2026-10-16,45.0,0.46,1416,71,50.537604003906246,128,🚬菸屁股,HOLD,1
MSTR,2028-01-21,700.0,9.5,6986,70,97.05508316040039,590,🔭LEAPS,HOLD,1
NOW,2026-08-21,230.0,0.47,1061,68,84.961087890625,72,🚬菸屁股,HOLD,1
AAPL,2027-01-15,550.0,0.16,5584,66,32.12958496093749,219,🚬菸屁股,HOLD,1
PATH,2028-01-21,37.0,0.99,4549,66,79.34590966796875,590,🔭LEAPS,HOLD,1
PACB,2027-01-15,3.0,0.15,2184,66,114.0629296875,219,🚬菸屁股,HOLD,1
CRWV,2026-09-18,280.0,0.67,4342,66,97.460962890625,100,🚬菸屁股,HOLD,1
RIVN,2027-01-15,30.0,0.92,29179,66,78.32052929687501,219,🚬菸屁股,HOLD,1
ZS,2026-07-17,200.0,0.28,1408,66,68.16438085937502,37,🚬菸屁股,HOLD,1
NVDA,2028-01-21,270.0,32.09,8183,65,49.76551699829103,590,🔭LEAPS,HOLD,1
ACHR,2027-01-15,8.0,0.82,2387,65,100.0005,219,🚬菸屁股,HOLD,1
UPST,2026-07-17,37.5,0.82,876,64,73.04714453125,37,🚬菸屁股,HOLD,1
SMR,2027-01-15,35.0,0.68,2864,64,120.50820996093749,219,🚬菸屁股,HOLD,1
MSTR,2027-01-15,1080.0,0.62,9276,63,115.69866369628907,219,🚬菸屁股,HOLD,1
SOFI,2026-08-21,26.0,0.23,3988,63,71.679970703125,72,🚬菸屁股,HOLD,1
SOFI,2028-06-16,45.0,2.45,4460,63,75.02466381835937,737,🔭LEAPS,HOLD,1
PACB,2028-01-21,1.5,0.76,6742,63,114.0629296875,590,🔭LEAPS,HOLD,1
BLDP,2026-11-20,7.0,0.8,2133,63,109.57076464843752,163,🚬菸屁股,HOLD,1
CRWV,2026-07-17,155.0,0.82,3262,62,87.35364208984375,37,🚬菸屁股,HOLD,1
IBIT,2026-08-21,42.0,0.76,7923,61,45.45952978515625,72,🚬菸屁股,HOLD,1
HOOD,2026-07-17,150.0,0.2,13960,61,85.8399853515625,37,🚬菸屁股,HOLD,1
NVDA,2028-01-21,230.0,43.26,12586,60,50.37433659362793,590,🔭LEAPS,HOLD,1
SMR,2028-01-21,40.0,2.33,964,60,115.72307763671876,590,🔭LEAPS,HOLD,1
JPM,2026-09-18,410.0,0.48,1339,60,28.076891113281242,100,🚬菸屁股,HOLD,1
RIVN,2026-09-18,35.0,0.28,2264,60,86.914193359375,100,🚬菸屁股,HOLD,1
IBIT,2026-09-18,44.0,0.84,7942,59,45.94780615234375,100,🚬菸屁股,HOLD,1
SMR,2028-01-21,30.0,2.83,2901,59,114.79534790039061,590,🔭LEAPS,HOLD,1
IBIT,2027-01-15,65.0,0.51,14852,58,51.61181201171875,219,🚬菸屁股,HOLD,1
SOFI,2026-07-17,26.0,0.06,4412,58,75.7814921875,37,🚬菸屁股,HOLD,1
RIVN,2027-01-15,40.0,0.53,7414,58,79.05294384765625,219,🚬菸屁股,HOLD,1
SOFI,2026-08-21,28.0,0.18,1535,57,75.195560546875,72,🚬菸屁股,HOLD,1
LUNR,2028-01-21,55.0,10.46,752,57,116.30901220703124,590,🔭LEAPS,HOLD,1
SMR,2028-01-21,20.0,3.7,3433,57,114.64886425781249,590,🔭LEAPS,HOLD,1
SOFI,2026-10-16,30.0,0.33,1944,55,71.87528125,128,🚬菸屁股,HOLD,1
SMR,2028-01-21,85.0,1.33,2109,55,120.45938208007811,590,🔭LEAPS,HOLD,1
BLDP,2026-07-17,5.0,0.55,2048,55,110.54732226562503,37,🚬菸屁股,HOLD,1
HOOD,2026-07-17,135.0,0.31,979,54,80.95722167968748,37,🚬菸屁股,HOLD,1
NOW,2026-07-17,165.0,0.5,1300,54,74.26783544921875,37,🚬菸屁股,HOLD,1
RIVN,2026-09-18,30.0,0.28,8181,54,78.6134951171875,100,🚬菸屁股,HOLD,1
SOFI,2028-06-16,40.0,2.84,9075,53,74.53638745117188,737,🔭LEAPS,HOLD,1
HPQ,2026-08-21,31.0,0.52,1529,53,51.318846191406244,72,🚬菸屁股,HOLD,1
BA,2026-07-17,270.0,0.36,998,53,39.45373046875,37,🚬菸屁股,HOLD,1
RIVN,2026-09-18,23.0,0.74,5201,53,75.53735400390626,100,🚬菸屁股,HOLD,1
SMCI,2026-09-18,90.0,0.71,2717,52,95.89847851562499,100,🚬菸屁股,HOLD,1
SOFI,2026-09-18,45.0,0.08,7199,51,91.79695703125,100,🚬菸屁股,HOLD,1
PATH,2026-08-21,20.0,0.11,4977,51,85.54701953125,72,🚬菸屁股,HOLD,1
XYZ,2026-07-17,85.0,0.39,837,51,50.97705273437501,37,🚬菸屁股,HOLD,1
ACHR,2027-01-15,12.0,0.42,18680,51,97.1679970703125,219,🚬菸屁股,HOLD,1
LUNR,2028-01-21,50.0,11.37,831,49,116.7118422241211,590,🔭LEAPS,HOLD,1
ACHR,2027-01-15,15.0,0.29,25007,49,100.39112304687498,219,🚬菸屁股,HOLD,1
BSX,2026-07-17,60.0,0.18,3711,49,40.820904296875,37,🚬菸屁股,HOLD,1
IBIT,2026-09-18,47.0,0.49,10262,48,46.0942890625,100,🚬菸屁股,HOLD,1
SMR,2027-01-15,50.0,0.4,4966,46,131.25034374999998,219,🚬菸屁股,HOLD,1
CRWV,2026-07-17,170.0,0.42,1520,46,89.45323046875,37,🚬菸屁股,HOLD,1
BSX,2026-08-21,60.0,0.9,4583,46,45.75249560546876,72,🚬菸屁股,HOLD,1
IBIT,2028-01-21,70.0,2.9,16693,44,55.322712402343754,590,🔭LEAPS,HOLD,1
SOFI,2028-01-21,23.0,4.25,3791,44,72.53445434570311,590,🔭LEAPS,HOLD,1
PATH,2027-01-15,22.0,0.55,7740,44,81.445498046875,219,🚬菸屁股,HOLD,1
CRWV,2026-07-17,180.0,0.28,2409,44,91.992267578125,37,🚬菸屁股,HOLD,1
TSCO,2026-07-17,40.0,0.05,9732,44,53.613745117187506,37,🚬菸屁股,HOLD,1
NNE,2026-07-17,40.0,0.4,3071,42,107.91061669921875,37,🚬菸屁股,HOLD,1
BA,2026-07-17,265.0,0.47,1193,42,38.550419189453116,37,🚬菸屁股,HOLD,1
SMR,2027-01-15,55.0,0.37,2101,41,126.36755566406248,219,🚬菸屁股,HOLD,1
HIMS,2028-01-21,40.0,10.8,3110,40,96.19144433593749,590,🔭LEAPS,HOLD,1
ONDS,2028-01-21,3.0,7.32,1372,40,118.9457177734375,590,🔭LEAPS,HOLD,1
HPQ,2026-08-21,28.0,0.92,940,40,50.537604003906246,72,🚬菸屁股,HOLD,1
RIVN,2026-09-18,24.0,0.56,6107,39,76.367423828125,100,🚬菸屁股,HOLD,1
RIVN,2028-01-21,10.0,8.58,1924,38,88.13488427734374,590,🔭LEAPS,HOLD,1
U,2027-01-15,75.0,0.7,2451,37,76.17211328125,219,🚬菸屁股,HOLD,1
JOBY,2026-11-20,15.0,0.86,1557,37,90.3321279296875,163,🚬菸屁股,HOLD,1
IBIT,2026-08-21,43.0,0.62,5577,36,45.26421923828126,72,🚬菸屁股,HOLD,1
IBIT,2028-06-16,50.0,7.31,9810,36,58.66130206298828,737,🔭LEAPS,HOLD,1
SOFI,2026-07-17,33.0,0.05,1270,36,116.01604492187501,37,🚬菸屁股,HOLD,1
SOFI,2026-08-21,31.0,0.13,2760,36,90.039162109375,72,🚬菸屁股,HOLD,1
RIVN,2028-01-21,37.0,3.05,3975,35,77.53928710937501,590,🔭LEAPS,HOLD,1
FLNC,2028-01-21,30.0,11.57,4388,35,120.21524267578125,590,🔭LEAPS,HOLD,1
IBIT,2028-01-21,80.0,2.1,6187,34,55.334919311523436,590,🔭LEAPS,HOLD,1
SOFI,2028-01-21,42.0,2.0,9633,34,75.00025000000001,590,🔭LEAPS,HOLD,1
NTLA,2026-07-17,16.0,0.6,1471,34,94.14068359375,37,🚬菸屁股,HOLD,1
FIS,2026-07-17,45.0,0.45,1219,34,38.574833007812494,37,🚬菸屁股,HOLD,1
NEE,2026-09-18,100.0,0.81,4842,34,27.393304199218747,100,🚬菸屁股,HOLD,1
NEE,2027-01-15,140.0,0.18,1069,34,32.617861328124995,219,🚬菸屁股,HOLD,1
IBIT,2026-09-18,60.0,0.16,19083,33,53.71140039062501,100,🚬菸屁股,HOLD,1
CRWV,2026-07-17,165.0,0.52,840,33,88.72081591796874,37,🚬菸屁股,HOLD,1
CRWV,2026-09-18,270.0,0.8,810,33,98.242205078125,100,🚬菸屁股,HOLD,1
BA,2026-07-17,285.0,0.17,1607,33,46.87553125,37,🚬菸屁股,HOLD,1
NVDA,2028-06-16,350.0,24.42,5381,32,49.591568542480466,737,🔭LEAPS,HOLD,1
UPST,2026-07-17,42.5,0.4,895,32,78.4181845703125,37,🚬菸屁股,HOLD,1
RIVN,2028-06-16,20.0,5.65,958,32,76.88011401367189,737,🔭LEAPS,HOLD,1
IBIT,2026-07-17,47.0,0.11,19038,31,50.97705273437501,37,🚬菸屁股,HOLD,1
IBIT,2026-07-17,48.0,0.1,10396,31,52.3442265625,37,🚬菸屁股,HOLD,1
NTLA,2026-07-17,15.0,0.75,2221,31,108.00827246093752,37,🚬菸屁股,HOLD,1
OKLO,2026-07-17,115.0,0.33,819,30,114.25824121093751,37,🚬菸屁股,HOLD,1
OPEN,2027-01-15,8.0,0.65,1970,30,109.375453125,219,🚬菸屁股,HOLD,1
JOBY,2026-08-21,30.0,0.05,1492,30,123.047259765625,72,🚬菸屁股,HOLD,1
JOBY,2027-01-15,32.0,0.22,1056,30,96.289099609375,219,🚬菸屁股,HOLD,1
ACHR,2027-01-15,11.0,0.48,798,30,96.679720703125,219,🚬菸屁股,HOLD,1
SMR,2027-01-15,37.0,0.69,822,30,122.266013671875,219,🚬菸屁股,HOLD,1
TSCO,2028-01-21,35.0,5.8,1706,30,50.146982910156254,590,🔭LEAPS,HOLD,1
IBIT,2028-06-16,90.0,2.63,14623,29,56.311472045898434,737,🔭LEAPS,HOLD,1
PLTR,2027-01-15,410.0,0.79,7584,29,69.336244140625,219,🚬菸屁股,HOLD,1
DKNG,2026-09-18,47.5,0.13,892,29,57.812921875,100,🚬菸屁股,HOLD,1
PATH,2027-01-15,25.0,0.48,13385,29,84.0821904296875,219,🚬菸屁股,HOLD,1
NEE,2026-07-17,92.5,0.5,1866,29,27.197993652343744,37,🚬菸屁股,HOLD,1
TSLA,2026-09-18,900.0,0.83,7048,28,67.38313867187502,100,🚬菸屁股,HOLD,1
IBIT,2026-07-17,51.0,0.08,10450,28,59.18009570312501,37,🚬菸屁股,HOLD,1
IBIT,2028-01-21,60.0,4.01,6550,28,55.44478149414063,590,🔭LEAPS,HOLD,1
ONDS,2028-01-21,22.0,2.95,914,28,106.93405908203127,590,🔭LEAPS,HOLD,1
ONDS,2028-01-21,27.0,2.6,4777,28,107.00730090332033,590,🔭LEAPS,HOLD,1
TSLA,2026-07-17,620.0,0.67,13466,27,64.79527392578125,37,🚬菸屁股,HOLD,1
XYZ,2026-09-18,115.0,0.47,1050,27,55.615678222656264,100,🚬菸屁股,HOLD,1
JOBY,2026-08-21,14.0,0.34,2581,27,84.179845703125,72,🚬菸屁股,HOLD,1
JOBY,2027-01-15,40.0,0.15,4306,27,102.93017285156252,219,🚬菸屁股,HOLD,1
RIVN,2027-01-15,35.0,0.67,12071,27,79.0041162109375,219,🚬菸屁股,HOLD,1
TSLA,2026-08-21,750.0,0.89,6438,26,65.99155102539062,72,🚬菸屁股,HOLD,1
VST,2026-07-17,190.0,0.92,3833,26,54.98091894531252,37,🚬菸屁股,HOLD,1
SOFI,2026-11-20,28.0,0.66,1359,26,70.70341796875,163,🚬菸屁股,HOLD,1
SOFI,2028-01-21,35.0,2.5,13313,26,75.26880200195312,590,🔭LEAPS,HOLD,1
U,2027-01-15,65.0,0.85,2956,26,75.73266455078127,219,🚬菸屁股,HOLD,1
TSCO,2026-09-18,45.0,0.25,1202,26,50.6840869140625,100,🚬菸屁股,HOLD,1
SOFI,2026-10-16,28.0,0.41,973,25,70.06865869140626,128,🚬菸屁股,HOLD,1
SOFI,2026-11-20,29.0,0.59,777,25,71.0940390625,163,🚬菸屁股,HOLD,1
TDOC,2028-01-21,17.0,1.04,1130,25,81.5431533203125,590,🔭LEAPS,HOLD,1
ZM,2026-08-21,140.0,0.92,1398,25,58.25237060546875,72,🚬菸屁股,HOLD,1
PACB,2026-09-18,3.0,0.08,1865,25,136.71906640625,100,🚬菸屁股,HOLD,1
BA,2026-08-21,300.0,0.65,1245,25,43.03035485839845,72,🚬菸屁股,HOLD,1
JPM,2026-07-17,360.0,0.72,1574,25,27.4421318359375,37,🚬菸屁股,HOLD,1
TDOC,2026-07-17,15.0,0.04,1509,24,124.21912890624998,37,🚬菸屁股,HOLD,1
JOBY,2026-08-21,16.0,0.3,1111,24,96.48441015625,72,🚬菸屁股,HOLD,1
HPQ,2026-09-18,35.0,0.51,1525,24,54.59029785156251,100,🚬菸屁股,HOLD,1
SOFI,2026-07-17,27.0,0.05,3343,23,78.51583984375,37,🚬菸屁股,HOLD,1
SOFI,2026-10-16,27.0,0.48,3150,23,69.43389941406251,128,🚬菸屁股,HOLD,1
SOFI,2028-06-16,32.0,3.31,13163,23,72.9494892578125,737,🔭LEAPS,HOLD,1
PATH,2028-01-21,5.0,6.75,2427,23,84.71694970703125,590,🔭LEAPS,HOLD,1
JOBY,2028-01-21,5.0,5.92,2395,23,104.68797656250001,590,🔭LEAPS,HOLD,1
JOBY,2028-01-21,30.0,1.4,3645,23,92.23640576171876,590,🔭LEAPS,HOLD,1
CRWV,2026-07-17,175.0,0.4,937,23,90.52743847656251,37,🚬菸屁股,HOLD,1
IBIT,2027-01-15,85.0,0.22,17861,22,58.39885351562499,219,🚬菸屁股,HOLD,1
IBIT,2027-01-15,140.0,0.1,28948,22,72.07059179687501,219,🚬菸屁股,HOLD,1
SMCI,2028-01-21,60.0,11.9,3903,22,86.49915844726561,590,🔭LEAPS,HOLD,1
OKLO,2028-01-21,260.0,10.0,1507,22,115.39959292602542,590,🔭LEAPS,HOLD,1
SOFI,2028-01-21,27.0,3.6,4571,22,72.51004052734375,590,🔭LEAPS,HOLD,1
U,2026-08-21,55.0,0.23,5613,22,81.83611914062499,72,🚬菸屁股,HOLD,1
GEN,2026-07-17,28.0,0.35,793,22,43.6529072265625,37,🚬菸屁股,HOLD,1
NVDA,2028-01-21,310.0,23.35,9889,21,49.323016540527355,590,🔭LEAPS,HOLD,1
AAPL,2026-09-18,530.0,0.03,8143,20,41.5044912109375,100,🚬菸屁股,HOLD,1
JOBY,2027-01-15,35.0,0.21,2510,20,103.71141894531253,219,🚬菸屁股,HOLD,1
BSX,2026-07-17,70.0,0.05,4249,20,50.19581054687501,37,🚬菸屁股,HOLD,1
MDT,2027-01-15,110.0,0.6,1735,20,32.788758056640624,219,🚬菸屁股,HOLD,1
RIVN,2027-01-15,37.0,0.53,771,20,78.95528857421876,219,🚬菸屁股,HOLD,1
IBIT,2026-07-17,60.0,0.04,13202,19,70.312796875,37,🚬菸屁股,HOLD,1
NTLA,2028-01-21,12.5,8.0,917,19,105.078599609375,590,🔭LEAPS,HOLD,1
ONDS,2027-01-15,27.0,0.7,7459,19,108.3988955078125,219,🚬菸屁股,HOLD,1
SMR,2028-01-21,18.0,3.9,1493,19,113.76996240234377,590,🔭LEAPS,HOLD,1
OKLO,2026-07-17,105.0,0.5,1165,18,110.64497802734377,37,🚬菸屁股,HOLD,1
SOFI,2026-09-18,28.0,0.27,1451,18,72.26590234375,100,🚬菸屁股,HOLD,1
HOOD,2026-08-21,200.0,0.3,1395,18,91.60164648437501,72,🚬菸屁股,HOLD,1
OPEN,2026-07-17,9.0,0.04,2229,18,117.1879140625,37,🚬菸屁股,HOLD,1
JOBY,2027-01-15,30.0,0.26,7386,18,93.945373046875,219,🚬菸屁股,HOLD,1
NOW,2028-01-21,260.0,9.92,810,18,66.00680966186523,590,🔭LEAPS,HOLD,1
F,2027-01-15,21.0,0.53,1992,18,46.3872548828125,219,🚬菸屁股,HOLD,1
HPQ,2026-08-21,38.0,0.16,5477,18,57.32464550781251,72,🚬菸屁股,HOLD,1
NVDA,2026-09-18,390.0,0.32,5392,17,53.10105493164063,100,🚬菸屁股,HOLD,1
SOFI,2026-11-20,26.0,0.79,856,17,69.87334814453125,163,🚬菸屁股,HOLD,1
U,2028-01-21,75.0,3.67,5107,17,75.83031982421876,590,🔭LEAPS,HOLD,1
PACB,2027-01-15,1.5,0.45,8811,17,112.89106054687501,219,🚬菸屁股,HOLD,1
ZTS,2026-07-17,100.0,0.28,762,17,40.039662109375,37,🚬菸屁股,HOLD,1
CRM,2028-01-21,380.0,10.2,1948,17,52.31370928955077,590,🔭LEAPS,HOLD,1
RIVN,2026-09-18,26.0,0.71,2498,17,81.445498046875,100,🚬菸屁股,HOLD,1
XYZ,2028-01-21,120.0,6.55,1440,16,54.706263488769544,590,🔭LEAPS,HOLD,1
ACHR,2026-10-16,13.0,0.13,1688,16,103.51610742187502,128,🚬菸屁股,HOLD,1
ACHR,2027-01-15,17.0,0.21,9828,16,103.90673046875003,219,🚬菸屁股,HOLD,1
ACHR,2027-01-15,27.0,0.12,5457,16,112.5004375,219,🚬菸屁股,HOLD,1
HPQ,2028-01-21,30.0,4.25,928,16,49.92725854492188,590,🔭LEAPS,HOLD,1
RIVN,2026-09-18,40.0,0.17,3872,16,92.57819921875,100,🚬菸屁股,HOLD,1
NVDA,2028-01-21,195.0,58.34,6315,15,51.73388110351562,590,🔭LEAPS,HOLD,1
UPST,2028-01-21,50.0,8.6,2634,15,88.85509191894529,590,🔭LEAPS,HOLD,1
SOFI,2026-07-17,29.0,0.05,779,15,85.937640625,37,🚬菸屁股,HOLD,1
PATH,2026-07-17,16.0,0.09,965,15,80.85956640625,37,🚬菸屁股,HOLD,1
NTLA,2026-07-17,18.0,0.45,6072,15,108.69186279296876,37,🚬菸屁股,HOLD,1
TSLA,2026-09-18,940.0,0.64,9144,14,68.89679541015626,100,🚬菸屁股,HOLD,1
U,2028-01-21,30.0,10.2,3321,14,77.56370092773439,590,🔭LEAPS,HOLD,1
ONDS,2026-07-17,19.0,0.08,806,14,128.125359375,37,🚬菸屁股,HOLD,1
SMR,2026-08-21,25.0,0.25,1192,14,131.05503222656247,72,🚬菸屁股,HOLD,1
BSX,2026-08-21,65.0,0.55,27832,14,51.538570556640614,72,🚬菸屁股,HOLD,1
BA,2026-07-17,280.0,0.18,1050,14,44.67828759765625,37,🚬菸屁股,HOLD,1
IBIT,2026-08-21,60.0,0.12,7157,13,59.96133789062501,72,🚬菸屁股,HOLD,1
IONQ,2026-07-17,120.0,0.33,1027,13,122.16835791015623,37,🚬菸屁股,HOLD,1
MDT,2026-09-18,95.0,0.86,1378,13,27.149166015625,100,🚬菸屁股,HOLD,1
HPQ,2028-01-21,15.0,10.52,1553,13,62.15858154296876,590,🔭LEAPS,HOLD,1
COUR,2027-01-15,15.0,0.13,3217,13,91.60164648437501,219,🚬菸屁股,HOLD,1
IBIT,2026-09-18,80.0,0.08,12244,12,69.14093359375,100,🚬菸屁股,HOLD,1
SOFI,2026-08-21,32.0,0.11,7265,12,82.0314296875,72,🚬菸屁股,HOLD,1
SOFI,2028-01-21,8.0,9.4,1666,12,97.90041162109377,590,🔭LEAPS,HOLD,1
SOFI,2028-06-16,37.0,3.0,4709,12,76.05004418945313,737,🔭LEAPS,HOLD,1
OPEN,2028-01-21,4.0,2.21,4412,12,109.27779736328125,590,🔭LEAPS,HOLD,1
JOBY,2027-01-15,17.0,0.88,5964,12,87.7930908203125,219,🚬菸屁股,HOLD,1
ACHR,2026-07-17,14.0,0.02,1477,12,131.25034374999998,37,🚬菸屁股,HOLD,1
MDT,2026-07-17,90.0,0.4,2081,12,25.12281909179687,37,🚬菸屁股,HOLD,1
OKLO,2026-07-17,165.0,0.11,1112,11,137.50031249999998,37,🚬菸屁股,HOLD,1
PATH,2026-08-21,25.0,0.08,789,11,98.82813671875,72,🚬菸屁股,HOLD,1
PATH,2028-01-21,8.0,5.12,1829,11,87.2071591796875,590,🔭LEAPS,HOLD,1
OPEN,2026-10-16,6.0,0.51,852,11,116.60197949218751,128,🚬菸屁股,HOLD,1
LUNR,2026-07-17,65.0,0.25,1667,11,143.75028125,37,🚬菸屁股,HOLD,1
ACHR,2026-10-16,12.0,0.17,7110,11,102.93017285156252,128,🚬菸屁股,HOLD,1
SMR,2026-08-21,19.0,0.4,1026,11,121.09414453124998,72,🚬菸屁股,HOLD,1
HPQ,2026-07-17,28.0,0.55,3119,11,49.70753417968751,37,🚬菸屁股,HOLD,1
RIVN,2026-09-18,27.0,0.38,6806,11,80.27363476562499,100,🚬菸屁股,HOLD,1
RIVN,2028-01-21,12.0,8.3,2553,11,79.76094458007812,590,🔭LEAPS,HOLD,1
IBIT,2026-09-18,95.0,0.06,7587,10,76.95335546875,100,🚬菸屁股,HOLD,1
IBIT,2027-01-15,110.0,0.13,29805,10,66.11362011718751,219,🚬菸屁股,HOLD,1
HOOD,2028-01-21,180.0,11.8,2076,10,73.95655926513672,590,🔭LEAPS,HOLD,1
TDOC,2028-01-21,15.0,1.02,1003,10,80.664255859375,590,🔭LEAPS,HOLD,1
OPEN,2026-08-21,11.0,0.09,1055,10,144.922150390625,72,🚬菸屁股,HOLD,1
NTLA,2026-07-17,20.0,0.25,1254,10,121.28945605468748,37,🚬菸屁股,HOLD,1
FIS,2026-09-18,95.0,0.11,5219,10,70.117486328125,100,🚬菸屁股,HOLD,1
BSX,2026-08-21,75.0,0.14,2584,10,52.4418818359375,72,🚬菸屁股,HOLD,1
NEE,2026-09-18,110.0,0.23,6201,10,29.126685302734366,100,🚬菸屁股,HOLD,1
F,2026-07-17,21.0,0.05,2759,10,54.68795312500001,37,🚬菸屁股,HOLD,1
NVDA,2026-07-17,400.0,0.04,6001,9,66.79720703125001,37,🚬菸屁股,HOLD,1
SOFI,2026-07-17,32.0,0.03,1707,9,90.62509374999999,37,🚬菸屁股,HOLD,1
SOFI,2027-01-15,42.0,0.35,6446,9,69.82452050781251,219,🚬菸屁股,HOLD,1
HOOD,2028-01-21,240.0,8.2,1402,9,75.43969873046875,590,🔭LEAPS,HOLD,1
BEAM,2028-01-21,50.0,8.5,1960,9,76.562734375,590,🔭LEAPS,HOLD,1
BSX,2026-07-17,80.0,0.06,2424,9,65.62534375000001,37,🚬菸屁股,HOLD,1
BSX,2026-08-21,90.0,0.05,1472,9,59.96133789062501,72,🚬菸屁股,HOLD,1
BSX,2026-09-18,75.0,0.25,3827,9,46.53373779296876,100,🚬菸屁股,HOLD,1
NOW,2026-09-18,300.0,0.41,914,9,95.11723632812499,100,🚬菸屁股,HOLD,1
F,2027-01-15,24.0,0.37,1160,9,49.1216025390625,219,🚬菸屁股,HOLD,1
NVDA,2028-01-21,280.0,30.25,7339,8,49.62208581542969,590,🔭LEAPS,HOLD,1
IBIT,2026-07-17,55.0,0.07,6884,8,65.23472265625001,37,🚬菸屁股,HOLD,1
IBIT,2026-09-18,100.0,0.06,15151,8,81.05487695312499,100,🚬菸屁股,HOLD,1
IBIT,2028-06-16,65.0,4.55,6497,8,57.2391971435547,737,🔭LEAPS,HOLD,1
INTC,2028-01-21,65.0,58.32,7585,8,81.31122204589842,590,🔭LEAPS,HOLD,1
U,2028-01-21,45.0,7.17,7662,8,75.12231909179687,590,🔭LEAPS,HOLD,1
TDOC,2026-10-16,8.0,0.52,2597,8,74.5119736328125,128,🚬菸屁股,HOLD,1
BSX,2026-07-17,75.0,0.1,5179,8,61.71913281250001,37,🚬菸屁股,HOLD,1
BSX,2026-09-18,85.0,0.13,1178,8,54.68795312500001,100,🚬菸屁股,HOLD,1
BSX,2027-01-15,105.0,0.4,3426,8,50.48877636718749,219,🚬菸屁股,HOLD,1
CRM,2026-07-17,260.0,0.16,1069,8,54.297332031250015,37,🚬菸屁股,HOLD,1
NOW,2026-08-21,220.0,0.67,881,8,86.2306064453125,72,🚬菸屁股,HOLD,1
F,2028-01-21,17.0,2.42,8296,8,44.11676977539062,590,🔭LEAPS,HOLD,1
BA,2028-01-21,370.0,10.55,894,8,43.92298509216309,590,🔭LEAPS,HOLD,1
RIVN,2026-09-18,28.0,0.61,846,8,84.0821904296875,100,🚬菸屁股,HOLD,1
COUR,2027-01-15,10.0,0.31,2537,8,75.00025000000001,219,🚬菸屁股,HOLD,1
COUR,2027-01-15,12.0,0.17,1080,8,75.39087109375001,219,🚬菸屁股,HOLD,1
NVDA,2026-09-18,410.0,0.25,5528,7,54.59029785156251,100,🚬菸屁股,HOLD,1
IBIT,2026-08-21,44.0,0.52,11137,7,45.654840332031256,72,🚬菸屁股,HOLD,1
IBIT,2026-08-21,65.0,0.09,19977,7,65.03941210937501,72,🚬菸屁股,HOLD,1
UPST,2026-07-17,75.0,0.01,974,7,124.60975195312498,37,🚬菸屁股,HOLD,1
DKNG,2028-01-21,65.0,1.72,4559,7,55.859816406250005,590,🔭LEAPS,HOLD,1
OPEN,2028-01-21,17.0,3.4,861,7,25.00075,590,🔭LEAPS,HOLD,1
BEAM,2026-08-21,50.0,0.45,1569,7,74.46314599609374,72,🚬菸屁股,HOLD,1
JOBY,2028-01-21,32.0,1.34,8283,7,91.79695703125,590,🔭LEAPS,HOLD,1
VRT,2026-07-17,470.0,0.39,1376,7,69.14093359375,37,🚬菸屁股,HOLD,1
CRM,2027-01-15,500.0,0.6,2134,7,59.399820068359375,219,🚬菸屁股,HOLD,1
F,2028-01-21,10.0,5.4,2841,7,50.73291455078125,590,🔭LEAPS,HOLD,1
HPQ,2027-01-15,55.0,0.3,5718,7,59.4730615234375,219,🚬菸屁股,HOLD,1
UPST,2027-01-15,100.0,0.73,5699,6,89.79502392578124,219,🚬菸屁股,HOLD,1
SOFI,2028-06-16,8.0,10.77,2874,6,90.38095556640626,737,🔭LEAPS,HOLD,1
TDOC,2027-01-15,22.5,0.18,4429,6,100.78174609374999,219,🚬菸屁股,HOLD,1
TDOC,2028-01-21,10.0,1.84,2037,6,76.61156201171876,590,🔭LEAPS,HOLD,1
NTLA,2027-01-15,35.0,0.65,3988,6,99.46289599609376,219,🚬菸屁股,HOLD,1
NTLA,2027-01-15,42.0,0.41,902,6,94.6289599609375,219,🚬菸屁股,HOLD,1
HIMS,2028-01-21,45.0,9.8,1106,6,95.58109887695312,590,🔭LEAPS,HOLD,1
LUNR,2026-07-17,60.0,0.42,1296,6,142.1877890625,37,🚬菸屁股,HOLD,1
JOBY,2027-01-15,25.0,0.38,3467,6,93.164130859375,219,🚬菸屁股,HOLD,1
ACHR,2028-01-21,25.0,0.62,1231,6,96.289099609375,590,🔭LEAPS,HOLD,1
SMR,2026-11-20,23.0,0.85,755,6,117.67619287109375,163,🚬菸屁股,HOLD,1
SMR,2027-01-15,60.0,0.35,791,6,131.05503222656247,219,🚬菸屁股,HOLD,1
SMR,2028-01-21,23.0,3.45,991,6,113.96527392578126,590,🔭LEAPS,HOLD,1
BSX,2026-09-18,105.0,0.1,1137,6,61.71913281250001,100,🚬菸屁股,HOLD,1
RIVN,2028-06-16,15.0,6.9,1575,6,88.37902246093749,737,🔭LEAPS,HOLD,1
OKLO,2026-07-17,135.0,0.2,1028,5,138.08624707031248,37,🚬菸屁股,HOLD,1
VST,2026-08-21,250.0,0.7,893,5,64.20934228515625,72,🚬菸屁股,HOLD,1
UPST,2026-07-17,50.0,0.15,2437,5,81.05487695312499,37,🚬菸屁股,HOLD,1
DKNG,2028-01-21,42.5,3.3,1675,5,59.155681884765634,590,🔭LEAPS,HOLD,1
TDOC,2027-01-15,20.0,0.19,20228,5,88.2813671875,219,🚬菸屁股,HOLD,1
OPEN,2026-09-18,12.0,0.11,977,5,142.96903515625,100,🚬菸屁股,HOLD,1
OPEN,2026-11-20,12.0,0.22,6366,5,135.15657421875,163,🚬菸屁股,HOLD,1
NTLA,2026-07-17,19.0,0.4,1941,5,116.60197949218751,37,🚬菸屁股,HOLD,1
PACB,2027-01-15,5.0,0.1,3134,5,140.625296875,219,🚬菸屁股,HOLD,1
ACHR,2028-01-21,22.0,0.7,1133,5,97.75392871093752,590,🔭LEAPS,HOLD,1
ZTS,2028-01-21,220.0,1.0,1008,5,58.29509478759765,590,🔭LEAPS,HOLD,1
TSCO,2026-07-17,50.0,0.16,852,5,95.312546875,37,🚬菸屁股,HOLD,1
TSCO,2026-09-18,75.0,0.06,1607,5,88.18371191406248,100,🚬菸屁股,HOLD,1
BSX,2028-01-21,80.0,4.4,2838,5,47.77273907470704,590,🔭LEAPS,HOLD,1
NEE,2027-01-15,115.0,0.79,1467,5,30.176479492187504,219,🚬菸屁股,HOLD,1
TSLA,2028-01-21,940.0,24.45,5075,4,58.00289189910889,590,🔭LEAPS,HOLD,1
IBIT,2027-01-15,68.0,0.43,8209,4,52.246571289062494,219,🚬菸屁股,HOLD,1
SOFI,2026-07-17,35.0,0.04,2131,4,112.5004375,37,🚬菸屁股,HOLD,1
SOFI,2026-09-18,37.0,0.15,7380,4,89.64854101562499,100,🚬菸屁股,HOLD,1
PATH,2026-08-21,30.0,0.07,1704,4,108.59420703125,72,🚬菸屁股,HOLD,1
TDOC,2026-07-17,9.0,0.12,1836,4,81.2501875,37,🚬菸屁股,HOLD,1
OPEN,2027-01-15,12.0,0.35,4262,4,114.0629296875,219,🚬菸屁股,HOLD,1
NTLA,2028-01-21,15.0,6.19,1001,4,100.51319274902343,590,🔭LEAPS,HOLD,1
BEAM,2028-01-21,35.0,9.9,882,4,81.06708386230468,590,🔭LEAPS,HOLD,1
PACB,2027-01-15,1.0,0.6,2742,4,142.1877890625,219,🚬菸屁股,HOLD,1
PACB,2028-01-21,3.0,0.5,1126,4,132.422212890625,590,🔭LEAPS,HOLD,1
TXG,2026-07-17,40.0,0.85,1620,4,92.33406103515625,37,🚬菸屁股,HOLD,1
JOBY,2026-08-21,17.0,0.15,881,4,98.437515625,72,🚬菸屁股,HOLD,1
ACHR,2026-07-17,12.0,0.02,2426,4,126.56286718749999,37,🚬菸屁股,HOLD,1
SMR,2026-07-17,23.0,0.09,935,4,144.53152734375,37,🚬菸屁股,HOLD,1
NNE,2027-01-15,90.0,0.9,2722,4,103.90673046875003,219,🚬菸屁股,HOLD,1
TSCO,2026-09-18,55.0,0.1,914,4,51.562984375,100,🚬菸屁股,HOLD,1
BSX,2026-08-21,85.0,0.2,1746,4,62.793340820312515,72,🚬菸屁股,HOLD,1
BSX,2028-01-21,75.0,5.22,925,4,48.96291271972657,590,🔭LEAPS,HOLD,1
IBM,2026-07-17,375.0,0.94,773,4,54.517056396484385,37,🚬菸屁股,HOLD,1
NOW,2026-08-21,210.0,0.8,1626,4,82.42205078125,72,🚬菸屁股,HOLD,1
NEE,2028-01-21,110.0,5.1,1255,4,28.80930566406249,590,🔭LEAPS,HOLD,1
F,2026-07-17,27.0,0.05,6667,4,106.25046875000001,37,🚬菸屁股,HOLD,1
ZS,2026-07-17,220.0,0.2,905,4,86.2306064453125,37,🚬菸屁股,HOLD,1
NVDA,2028-01-21,360.0,16.47,7006,3,49.043783493042,590,🔭LEAPS,HOLD,1
IBIT,2026-10-16,65.0,0.19,5013,3,55.859816406250005,128,🚬菸屁股,HOLD,1
OKLO,2028-01-21,250.0,10.81,3549,3,115.4301103515625,590,🔭LEAPS,HOLD,1
PATH,2026-09-18,16.0,0.47,751,3,82.0314296875,100,🚬菸屁股,HOLD,1
HIMS,2028-01-21,80.0,6.24,988,3,99.78027563476562,590,🔭LEAPS,HOLD,1
JOBY,2026-07-17,20.0,0.01,1720,3,120.3128984375,37,🚬菸屁股,HOLD,1
ACHR,2026-07-17,11.0,0.02,1609,3,107.81296093750001,37,🚬菸屁股,HOLD,1
ZTS,2027-01-15,175.0,0.2,3780,3,54.541470214843756,219,🚬菸屁股,HOLD,1
BSX,2027-01-15,100.0,0.4,822,3,53.4184345703125,219,🚬菸屁股,HOLD,1
RIVN,2028-01-21,22.0,4.35,1147,3,78.12521875,590,🔭LEAPS,HOLD,1
IBIT,2026-09-18,54.0,0.25,5288,2,50.39112109375,100,🚬菸屁股,HOLD,1
IBIT,2026-10-16,70.0,0.16,7299,2,58.39885351562499,128,🚬菸屁股,HOLD,1
IBIT,2027-01-15,79.0,0.33,6453,2,56.250437500000004,219,🚬菸屁股,HOLD,1
IBIT,2027-01-15,115.0,0.15,5633,2,66.79720703125001,219,🚬菸屁股,HOLD,1
IBIT,2028-01-21,62.0,3.7,5488,2,55.49360913085939,590,🔭LEAPS,HOLD,1
VST,2026-07-17,230.0,0.2,1283,2,72.41238525390624,37,🚬菸屁股,HOLD,1
VST,2026-07-17,240.0,0.16,3265,2,70.6057626953125,37,🚬菸屁股,HOLD,1
UPST,2027-01-15,135.0,0.36,5043,2,97.26565234374999,219,🚬菸屁股,HOLD,1
UPST,2028-01-21,40.0,10.45,2534,2,88.90391955566406,590,🔭LEAPS,HOLD,1
UPST,2028-01-21,80.0,5.56,1152,2,84.30191479492187,590,🔭LEAPS,HOLD,1
SOFI,2028-06-16,42.0,2.65,3284,2,76.39183764648439,737,🔭LEAPS,HOLD,1
DKNG,2026-09-18,52.5,0.08,4447,2,60.547269531250016,100,🚬菸屁股,HOLD,1
DKNG,2027-01-15,50.0,0.55,14036,2,54.59029785156251,219,🚬菸屁股,HOLD,1
U,2028-01-21,40.0,7.4,1292,2,74.78052563476562,590,🔭LEAPS,HOLD,1
U,2028-01-21,47.0,5.84,7591,2,77.5514940185547,590,🔭LEAPS,HOLD,1
U,2028-01-21,60.0,4.45,972,2,73.29128271484375,590,🔭LEAPS,HOLD,1
PATH,2027-01-15,32.0,0.58,1307,2,90.72274902343749,219,🚬菸屁股,HOLD,1
PATH,2028-01-21,3.0,7.8,1098,2,80.664255859375,590,🔭LEAPS,HOLD,1
HOOD,2026-07-17,145.0,0.24,2992,2,88.37902246093749,37,🚬菸屁股,HOLD,1
HOOD,2026-07-17,210.0,0.01,855,2,106.64109179687502,37,🚬菸屁股,HOLD,1
TDOC,2027-01-15,17.5,0.27,2466,2,86.132951171875,219,🚬菸屁股,HOLD,1
NTLA,2028-01-21,7.5,8.0,891,2,117.57853710937498,590,🔭LEAPS,HOLD,1
NTLA,2028-01-21,20.0,4.91,1428,2,114.45355273437498,590,🔭LEAPS,HOLD,1
NTLA,2028-01-21,42.0,2.53,5910,2,103.19872619628909,590,🔭LEAPS,HOLD,1
JOBY,2026-11-20,17.0,0.6,928,2,88.86729882812499,163,🚬菸屁股,HOLD,1
JOBY,2027-01-15,27.0,0.46,1497,2,98.3398603515625,219,🚬菸屁股,HOLD,1
ACHR,2028-01-21,17.0,1.0,920,2,97.6562734375,590,🔭LEAPS,HOLD,1
SMR,2027-01-15,47.0,0.46,923,2,124.21912890624998,219,🚬菸屁股,HOLD,1
SMR,2027-01-15,65.0,0.5,856,2,137.10968945312501,219,🚬菸屁股,HOLD,1
TSCO,2026-07-17,45.0,0.05,6502,2,60.15664843750002,37,🚬菸屁股,HOLD,1
TSCO,2027-01-15,46.0,0.9,1680,2,54.24850439453126,219,🚬菸屁股,HOLD,1
TSCO,2027-01-15,66.0,0.2,2662,2,53.4184345703125,219,🚬菸屁股,HOLD,1
BSX,2026-07-17,90.0,0.1,3568,2,78.51583984375,37,🚬菸屁股,HOLD,1
BSX,2028-01-21,70.0,6.0,2060,2,49.09718872070313,590,🔭LEAPS,HOLD,1
CTSH,2026-07-17,95.0,0.4,1261,2,106.73874755859379,37,🚬菸屁股,HOLD,1
NEE,2028-01-21,100.0,7.14,1805,2,29.688203124999994,590,🔭LEAPS,HOLD,1
F,2026-09-18,23.0,0.13,2679,2,50.0005,100,🚬菸屁股,HOLD,1
F,2027-01-15,28.0,0.33,4374,2,51.562984375,219,🚬菸屁股,HOLD,1
HPQ,2027-01-15,50.0,0.42,1403,2,55.859816406250005,219,🚬菸屁股,HOLD,1
HPQ,2028-01-21,18.0,9.0,2057,2,51.19677709960937,590,🔭LEAPS,HOLD,1
HPQ,2028-01-21,23.0,6.78,4311,2,48.633326171875005,590,🔭LEAPS,HOLD,1
RIVN,2028-01-21,27.0,3.7,1122,2,80.88398022460936,590,🔭LEAPS,HOLD,1
RIVN,2028-06-16,30.0,4.28,1249,2,79.54122021484375,737,🔭LEAPS,HOLD,1
COUR,2027-01-15,7.0,0.65,5082,2,70.0198310546875,219,🚬菸屁股,HOLD,1
NVDA,2028-01-21,370.0,16.02,5212,1,49.19179226684571,590,🔭LEAPS,HOLD,1
GOOG,2026-07-17,485.0,0.27,5987,1,40.942973388671874,37,🚬菸屁股,HOLD,1
AAPL,2027-01-15,480.0,0.5,8884,1,29.932341308593745,219,🚬菸屁股,HOLD,1
IBIT,2027-01-15,95.0,0.17,17922,1,61.426166992187504,219,🚬菸屁股,HOLD,1
IBIT,2028-06-16,5.0,30.0,6813,1,108.984830078125,737,🔭LEAPS,HOLD,1
OKLO,2026-07-17,125.0,0.41,791,1,118.75040625,37,🚬菸屁股,HOLD,1
IONQ,2026-07-17,135.0,0.2,837,1,124.21912890624998,37,🚬菸屁股,HOLD,1
UPST,2027-01-15,90.0,0.92,1088,1,88.5743330078125,219,🚬菸屁股,HOLD,1
UPST,2027-01-15,125.0,0.4,1772,1,93.8477177734375,219,🚬菸屁股,HOLD,1
UPST,2028-01-21,42.5,10.95,2067,1,86.38929626464844,590,🔭LEAPS,HOLD,1
UPST,2028-01-21,47.5,11.9,752,1,86.79212426757812,590,🔭LEAPS,HOLD,1
SOFI,2026-07-17,31.0,0.03,842,1,79.687703125,37,🚬菸屁股,HOLD,1
SOFI,2026-08-21,37.0,0.11,924,1,100.9770576171875,72,🚬菸屁股,HOLD,1
SOFI,2026-09-18,35.0,0.18,5456,1,81.05487695312499,100,🚬菸屁股,HOLD,1
DKNG,2026-09-18,55.0,0.05,2551,1,72.1682470703125,100,🚬菸屁股,HOLD,1
DKNG,2027-01-15,70.0,0.12,3798,1,55.66450585937501,219,🚬菸屁股,HOLD,1
DKNG,2028-01-21,60.0,1.74,4682,1,57.544369873046875,590,🔭LEAPS,HOLD,1
U,2026-07-17,37.0,0.38,1236,1,73.633076171875,37,🚬菸屁股,HOLD,1
PATH,2028-01-21,22.0,2.13,3484,1,76.22094091796876,590,🔭LEAPS,HOLD,1
HOOD,2026-09-18,290.0,0.24,1637,1,95.89847851562499,100,🚬菸屁股,HOLD,1
TDOC,2027-01-15,12.5,0.46,1348,1,79.0041162109375,219,🚬菸屁股,HOLD,1
TDOC,2027-01-15,15.0,0.45,10559,1,83.39860351562498,219,🚬菸屁股,HOLD,1
TDOC,2028-01-21,3.0,4.6,2435,1,78.12521875,590,🔭LEAPS,HOLD,1
TDOC,2028-01-21,7.0,2.56,2236,1,78.4181845703125,590,🔭LEAPS,HOLD,1
BEAM,2028-01-21,40.0,9.5,2828,1,77.31956274414063,590,🔭LEAPS,HOLD,1
PACB,2027-01-15,2.0,0.26,6218,1,87.89074609375,219,🚬菸屁股,HOLD,1
PACB,2027-01-15,4.0,0.15,1903,1,139.84405078125,219,🚬菸屁股,HOLD,1
PACB,2028-01-21,5.0,0.48,1377,1,138.47687011718747,590,🔭LEAPS,HOLD,1
HIMS,2028-01-21,65.0,6.4,897,1,97.80275634765626,590,🔭LEAPS,HOLD,1
HIMS,2028-01-21,75.0,6.26,1639,1,97.92482543945313,590,🔭LEAPS,HOLD,1
ONDS,2026-07-17,21.0,0.06,3322,1,137.10968945312501,37,🚬菸屁股,HOLD,1
JOBY,2026-07-17,17.0,0.06,1316,1,104.68797656250001,37,🚬菸屁股,HOLD,1
JOBY,2026-10-16,20.0,0.3,775,1,93.945373046875,128,🚬菸屁股,HOLD,1
ACHR,2026-07-17,15.0,0.01,1617,1,143.75028125,37,🚬菸屁股,HOLD,1
SMR,2028-01-21,35.0,2.66,833,1,120.55703784179687,590,🔭LEAPS,HOLD,1
CRWV,2026-07-17,185.0,0.27,1061,1,94.8242705078125,37,🚬菸屁股,HOLD,1
TSCO,2026-07-17,55.0,0.1,1002,1,83.59391406249999,37,🚬菸屁股,HOLD,1
TSCO,2026-10-16,40.0,0.91,1524,1,51.807122558593754,128,🚬菸屁股,HOLD,1
TSCO,2027-01-15,45.0,0.93,1350,1,53.320779296874996,219,🚬菸屁股,HOLD,1
FIS,2026-07-17,50.0,0.2,955,1,52.6371923828125,37,🚬菸屁股,HOLD,1
BSX,2026-09-18,90.0,0.05,1095,1,53.12546875,100,🚬菸屁股,HOLD,1
BSX,2028-01-21,115.0,1.55,992,1,49.82960327148438,590,🔭LEAPS,HOLD,1
MDT,2026-09-18,97.5,0.71,798,1,35.10807080078124,100,🚬菸屁股,HOLD,1
MDT,2027-01-15,115.0,0.43,895,1,33.1061376953125,219,🚬菸屁股,HOLD,1
MDT,2028-01-21,95.0,6.63,878,1,30.188686401367193,590,🔭LEAPS,HOLD,1
MDT,2028-01-21,120.0,2.35,1296,1,29.70041003417968,590,🔭LEAPS,HOLD,1
D,2028-01-21,65.0,8.75,1536,1,29.132788757324214,590,🔭LEAPS,HOLD,1
NEE,2026-09-18,105.0,0.41,6886,1,29.66378930664062,100,🚬菸屁股,HOLD,1
NEE,2026-09-18,115.0,0.16,6975,1,32.52020605468749,100,🚬菸屁股,HOLD,1
NEE,2027-01-15,120.0,0.5,3589,1,29.71261694335937,219,🚬菸屁股,HOLD,1
NEE,2028-01-21,105.0,6.0,8244,1,29.260961303710932,590,🔭LEAPS,HOLD,1
F,2028-01-21,8.0,7.65,1474,1,57.76409423828125,590,🔭LEAPS,HOLD,1
BA,2026-09-18,320.0,0.7,868,1,44.26325268554688,100,🚬菸屁股,HOLD,1
BA,2026-09-18,340.0,0.47,1080,1,49.92725854492188,100,🚬菸屁股,HOLD,1
RIVN,2028-01-21,35.0,2.49,6169,1,77.29514892578125,590,🔭LEAPS,HOLD,1
COUR,2028-01-21,3.0,3.1,2193,1,108.59420703125,590,🔭LEAPS,HOLD,1
