Stock,Expiry,Strike,Ask,OpenInterest,Volume,IV,DTE,Spot,Bid,AskReal,LastTradeAt,Tags,Action,Score
NVDA,2026-10-02,250.0,0.02,48006,75290,44.92242578125,3,227.21,0.02,0.03,2026-09-29 19:59:56,🎲末日結算 🚨異常掃貨 🚀點火(2.6x) 🚬菸屁股 🔥萬人塚,GAMBLE,9
PCG,2026-10-16,13.0,0.13,3406,6137,38.67248828125,17,12.180000305175781,0.06,0.13,2026-09-29 19:57:03,🚨異常掃貨 🚀點火(42.0x) 🚬菸屁股,STRONG_BUY,9
IREN,2026-10-09,45.0,0.85,942,3839,77.148666015625,10,41.38,0.82,0.87,2026-09-29 19:59:19,🚨異常掃貨 🆕新倉暴量 🚬菸屁股,STRONG_BUY,9
OPEN,2026-10-09,2.5,0.06,840,2600,73.437765625,10,2.37,0.06,0.07,2026-09-29 19:58:03,🚨異常掃貨 🆕新倉暴量 🚬菸屁股,STRONG_BUY,9
DKNG,2026-10-16,22.0,0.28,759,1797,61.914443359375014,17,19.59,0.27,0.32,2026-09-29 19:51:42,🚨異常掃貨 🆕新倉暴量 🚬菸屁股,STRONG_BUY,9
DKNG,2026-10-09,22.5,0.1,801,1673,59.375406250000005,10,19.59,0.03,0.12,2026-09-29 19:15:48,🚨異常掃貨 🆕新倉暴量 🚬菸屁股,STRONG_BUY,9
F,2026-10-09,12.5,0.18,989,1217,33.98503515625,10,12.300000190734863,0.17,0.19,2026-09-29 19:58:17,🚨異常掃貨 🆕新倉暴量 🚬菸屁股,STRONG_BUY,9
PCG,2026-12-18,17.0,0.18,39727,7989,57.129334960937506,80,12.180000305175781,0.13,0.26,2026-09-29 19:59:58,🚀點火(>50x) 🚬菸屁股 🔥萬人塚,BUY_WATCH,8
NVDA,2028-01-21,400.0,7.7,52173,5019,41.02231829833984,479,227.21,7.5,7.75,2026-09-29 19:59:17,🚀點火(>50x) 🔭LEAPS 🔥萬人塚,BUY_WATCH,8
CRWV,2026-10-09,97.0,1.05,1857,4001,76.80687255859377,10,85.93000030517578,1.02,1.09,2026-09-29 19:59:53,🚨異常掃貨 🆕新倉暴量,STRONG_BUY,8
ONDS,2027-01-15,15.0,0.16,55570,2769,89.062609375,108,7.480000019073486,0.16,0.18,2026-09-29 19:46:57,🚀點火(9.1x) 🚬菸屁股 🔥萬人塚,BUY_WATCH,8
PCG,2026-12-18,14.0,0.51,89492,2705,53.027813476562514,80,12.180000305175781,0.44,0.58,2026-09-29 19:57:17,🚀點火(4.0x) 🚬菸屁股 🔥萬人塚,BUY_WATCH,8
PCG,2027-01-15,16.0,0.36,55927,2529,53.320779296874996,108,12.180000305175781,0.35,0.4,2026-09-29 19:53:20,🚀點火(>50x) 🚬菸屁股 🔥萬人塚,BUY_WATCH,8
VST,2026-10-16,155.0,1.3,1825,2338,46.582565429687506,17,140.83,1.17,1.35,2026-09-29 19:49:40,🚨異常掃貨 🚀點火(6.6x),STRONG_BUY,8
KTOS,2026-11-20,55.0,1.04,1266,2271,65.7229990234375,52,43.05,0.9,1.15,2026-09-29 19:59:34,🚨異常掃貨 🆕新倉暴量,STRONG_BUY,8
PCG,2027-01-15,15.0,0.46,57688,1754,51.07470800781251,108,12.180000305175781,0.46,0.52,2026-09-29 19:51:20,🚀點火(13.7x) 🚬菸屁股 🔥萬人塚,BUY_WATCH,8
AMZN,2026-10-09,247.5,4.57,1036,1719,30.982135498046876,10,246.6699981689453,4.5,4.65,2026-09-29 19:59:17,🚨異常掃貨 🆕新倉暴量,STRONG_BUY,8
SMCI,2026-10-09,42.0,1.48,1191,1664,70.84990087890624,10,41.02,1.47,1.51,2026-09-29 19:59:29,🚨異常掃貨 🆕新倉暴量,STRONG_BUY,8
BA,2026-10-09,190.0,3.5,925,1515,35.80386462402344,10,187.67999267578125,3.15,3.4,2026-09-29 19:58:24,🚨異常掃貨 🆕新倉暴量,STRONG_BUY,8
IREN,2027-01-15,110.0,0.47,46725,1357,99.5117236328125,108,41.38,0.45,0.55,2026-09-29 19:43:15,🚀點火(3.9x) 🚬菸屁股 🔥萬人塚,BUY_WATCH,8
AMZN,2026-10-09,252.5,2.63,753,906,31.372756591796875,10,246.6699981689453,2.47,2.77,2026-09-29 19:58:39,🚨異常掃貨 🆕新倉暴量,STRONG_BUY,8
DKNG,2026-11-20,30.0,0.13,107731,723,67.96907031250001,52,19.59,0.12,0.13,2026-09-29 19:52:30,🚀點火(3.2x) 🚬菸屁股 🔥萬人塚,BUY_WATCH,8
IBIT,2026-12-18,60.0,0.56,32560,510,42.04159521484375,80,47.33,0.56,0.58,2026-09-29 18:27:14,🚀點火(2.7x) 🚬菸屁股 🔥萬人塚,BUY_WATCH,8
ONDS,2027-01-15,20.0,0.07,39794,489,95.70316796875,108,7.480000019073486,0.05,0.09,2026-09-29 19:05:48,🚀點火(3.7x) 🚬菸屁股 🔥萬人塚,BUY_WATCH,8
PCG,2027-01-15,14.0,0.6,39278,429,50.7817421875,108,12.180000305175781,0.56,0.85,2026-09-29 19:44:11,🚀點火(3.1x) 🚬菸屁股 🔥萬人塚,BUY_WATCH,8
OPEN,2027-01-15,10.0,0.04,36906,356,140.625296875,108,2.37,0.02,0.06,2026-09-29 19:20:59,🚀點火(4.5x) 🚬菸屁股 🔥萬人塚,BUY_WATCH,8
INTC,2026-10-02,125.0,0.51,7860,18142,72.9494892578125,3,115.93,0.5,0.51,2026-09-29 19:59:45,🎲末日結算 🚨異常掃貨 🆕新倉暴量 🚬菸屁股,GAMBLE,7
NVDA,2026-10-02,247.5,0.04,11364,18044,42.188078125,3,227.21,0.02,0.04,2026-09-29 19:35:08,🎲末日結算 🚨異常掃貨 🆕新倉暴量 🚬菸屁股,GAMBLE,7
AAPL,2026-11-20,400.0,0.35,38161,3380,27.295648925781247,52,329.4,0.34,0.43,2026-09-29 19:48:03,🚀點火(7.8x) 🚬菸屁股 🔥萬人塚 🏛️機構場,BUY_WATCH,7
DKNG,2026-10-02,21.0,0.09,1163,2323,71.48466015625,3,19.59,0.09,0.1,2026-09-29 19:59:03,🎲末日結算 🚨異常掃貨 🆕新倉暴量 🚬菸屁股,GAMBLE,7
DIS,2026-10-02,110.0,0.07,955,2281,30.567100585937503,3,105.41000366210938,0.07,0.08,2026-09-29 19:56:33,🎲末日結算 🚨異常掃貨 🆕新倉暴量 🚬菸屁股,GAMBLE,7
SOFI,2026-10-02,15.5,0.56,1264,2134,51.95360546875,3,15.91,0.53,0.56,2026-09-29 19:59:39,🎲末日結算 🚨異常掃貨 🆕新倉暴量 🚬菸屁股,GAMBLE,7
MARA,2026-10-09,12.0,0.65,1138,2024,81.445498046875,10,11.989999771118164,0.63,0.65,2026-09-29 19:59:55,🚨異常掃貨 🚀點火(7.7x) 🚬菸屁股 ⚠️暴動高IV(81%),STRONG_BUY,7
VST,2026-10-02,150.0,0.36,1449,1758,55.859816406250005,3,140.83,0.32,0.43,2026-09-29 19:57:32,🎲末日結算 🚨異常掃貨 🆕新倉暴量 🚬菸屁股,GAMBLE,7
PATH,2026-10-02,13.0,0.08,1112,1478,64.062859375,3,12.32,0.05,0.09,2026-09-29 19:59:43,🎲末日結算 🚨異常掃貨 🆕新倉暴量 🚬菸屁股,GAMBLE,7
RKLB,2026-10-02,74.0,0.54,1118,1344,78.12521875,3,69.7,0.54,0.59,2026-09-29 19:58:40,🎲末日結算 🚨異常掃貨 🆕新倉暴量 🚬菸屁股,GAMBLE,7
AAPL,2026-10-02,340.0,0.4,10626,17478,27.588614746093743,3,329.4,0.39,0.41,2026-09-29 19:59:57,🎲末日結算 🚨異常掃貨 🆕新倉暴量 🚬菸屁股 🏛️機構場,GAMBLE,6
AMZN,2026-10-02,250.0,1.59,12748,16583,33.83855224609375,3,246.6699981689453,1.56,1.66,2026-09-29 19:59:58,🎲末日結算 🚨異常掃貨 🆕新倉暴量,GAMBLE,6
TSLA,2026-10-02,370.0,1.21,7601,15590,49.65870654296876,3,352.84,1.2,1.22,2026-09-29 19:59:46,🎲末日結算 🚨異常掃貨 🆕新倉暴量,GAMBLE,6
TSLA,2026-10-02,365.0,2.0,6185,15034,48.8408436279297,3,352.84,2.0,2.03,2026-09-29 19:59:59,🎲末日結算 🚨異常掃貨 🆕新倉暴量,GAMBLE,6
IBIT,2026-10-02,50.0,0.06,32733,11696,39.8443515625,3,47.33,0.04,0.05,2026-09-29 20:07:55,🎲末日結算 🚀點火(3.2x) 🚬菸屁股 🔥萬人塚,GAMBLE,6
AMZN,2026-10-02,247.5,2.52,3491,9157,33.86296606445312,3,246.6699981689453,2.48,2.63,2026-09-29 19:59:55,🎲末日結算 🚨異常掃貨 🆕新倉暴量,GAMBLE,6
MSTR,2026-10-02,160.0,2.35,5149,8864,79.73653076171875,3,154.67,2.32,2.4,2026-09-29 19:59:33,🎲末日結算 🚨異常掃貨 🆕新倉暴量,GAMBLE,6
META,2026-10-02,775.0,2.51,1852,8547,50.01270690917969,3,738.7899780273438,2.51,2.57,2026-09-29 19:59:51,🎲末日結算 🚨異常掃貨 🚀點火(5.6x),GAMBLE,6
PLTR,2026-10-02,190.0,2.06,5231,8434,49.43898217773438,3,186.97,2.05,2.07,2026-09-29 19:59:57,🎲末日結算 🚨異常掃貨 🆕新倉暴量,GAMBLE,6
META,2026-10-02,765.0,4.0,2286,7176,48.88967126464845,3,738.7899780273438,4.0,4.1,2026-09-29 19:59:59,🎲末日結算 🚨異常掃貨 🚀點火(7.3x),GAMBLE,6
PCG,2026-11-20,13.0,0.53,8945,5409,49.9028447265625,52,12.180000305175781,0.53,0.59,2026-09-29 19:53:15,🚀點火(4.8x) 🚬菸屁股,BUY_WATCH,6
SMR,2027-01-15,12.0,0.45,14618,5396,88.5743330078125,108,7.760000228881836,0.44,0.47,2026-09-29 19:59:00,🚀點火(28.7x) 🚬菸屁股,BUY_WATCH,6
IBIT,2026-10-09,49.0,0.47,8254,4416,35.352208984375,10,47.33,0.46,0.48,2026-09-29 20:02:20,🚀點火(8.3x) 🚬菸屁股,BUY_WATCH,6
BA,2026-10-02,190.0,1.86,1677,4246,41.74862939453124,3,187.67999267578125,1.69,1.84,2026-09-29 19:59:23,🎲末日結算 🚨異常掃貨 🆕新倉暴量,GAMBLE,6
NVDA,2026-10-16,280.0,0.03,19551,4170,38.477177734375,17,227.21,0.03,0.04,2026-09-29 19:49:49,🚀點火(7.8x) 🚬菸屁股,BUY_WATCH,6
AMZN,2026-10-09,260.0,0.97,3838,3631,30.78682495117187,10,246.6699981689453,0.96,1.01,2026-09-29 19:59:26,🆕新倉暴量 🚬菸屁股,BUY_WATCH,6
META,2026-10-02,785.0,1.61,2541,3309,51.45312219238281,3,738.7899780273438,1.6,1.63,2026-09-29 19:59:57,🎲末日結算 🚨異常掃貨 🚀點火(3.2x),GAMBLE,6
SOFI,2026-10-09,16.0,0.44,2527,3122,46.87553125,10,15.91,0.43,0.45,2026-09-29 19:57:12,🚨異常掃貨 🚬菸屁股,STRONG_BUY,6
PCG,2026-11-20,14.0,0.29,6944,3079,49.414568359375004,52,12.180000305175781,0.06,0.32,2026-09-29 19:47:11,🚀點火(19.6x) 🚬菸屁股,BUY_WATCH,6
TSLA,2026-10-09,400.0,0.57,6087,3068,45.80132324218751,10,352.84,0.56,0.58,2026-09-29 19:59:53,🆕新倉暴量 🚬菸屁股,BUY_WATCH,6
HOOD,2026-10-02,118.0,2.4,1008,3014,76.31859619140626,3,116.22,2.38,2.46,2026-09-29 19:59:24,🎲末日結算 🚨異常掃貨 🆕新倉暴量,GAMBLE,6
BA,2026-10-02,192.5,1.06,1336,2744,42.45663012695313,3,187.67999267578125,0.99,1.12,2026-09-29 19:59:35,🎲末日結算 🚨異常掃貨 🆕新倉暴量,GAMBLE,6
MSTR,2026-10-16,200.0,0.86,12948,2658,79.687703125,17,154.67,0.86,0.93,2026-09-29 19:58:22,🆕新倉暴量 🚬菸屁股,BUY_WATCH,6
TSLA,2027-01-15,990.0,0.2,13078,2589,69.58038232421876,108,352.84,0.2,0.23,2026-09-29 19:28:55,🚀點火(>50x) 🚬菸屁股,BUY_WATCH,6
HIMS,2026-10-16,32.0,0.72,2789,2410,72.9494892578125,17,28.700000762939453,0.66,0.72,2026-09-29 19:58:52,🚀點火(18.5x) 🚬菸屁股,BUY_WATCH,6
NKE,2026-10-16,42.5,0.25,26030,2362,61.23085644531252,17,35.84000015258789,0.23,0.25,2026-09-29 19:56:35,🚀點火(3.3x) 🚬菸屁股,BUY_WATCH,6
CRWV,2026-10-09,100.0,0.7,5827,2344,78.27170166015625,10,85.93000030517578,0.69,0.74,2026-09-29 19:54:12,🚀點火(2.9x) 🚬菸屁股,BUY_WATCH,6
HOOD,2026-10-02,117.0,2.82,850,2197,76.02563037109377,3,116.22,2.8,2.86,2026-09-29 19:58:41,🎲末日結算 🚨異常掃貨 🆕新倉暴量,GAMBLE,6
META,2026-10-02,790.0,1.26,1723,2147,52.25877819824218,3,738.7899780273438,1.27,1.3,2026-09-29 19:59:56,🎲末日結算 🚨異常掃貨 🆕新倉暴量,GAMBLE,6
HOOD,2026-10-02,116.0,3.27,802,1912,76.562734375,3,116.22,3.25,3.4,2026-09-29 19:59:30,🎲末日結算 🚨異常掃貨 🆕新倉暴量,GAMBLE,6
ONDS,2026-10-09,7.5,0.34,2257,1805,70.70341796875,10,7.480000019073486,0.33,0.35,2026-09-29 19:57:59,🚀點火(3.4x) 🚬菸屁股,BUY_WATCH,6
F,2026-11-20,13.0,0.39,3442,1693,37.11000390625,52,12.300000190734863,0.38,0.41,2026-09-29 19:59:24,🆕新倉暴量 🚬菸屁股,BUY_WATCH,6
AMZN,2026-10-02,242.5,5.3,779,1675,35.425450439453115,3,246.6699981689453,5.35,5.65,2026-09-29 19:59:58,🎲末日結算 🚨異常掃貨 🆕新倉暴量,GAMBLE,6
JPM,2026-10-16,375.0,0.28,6076,1546,28.760478027343737,17,334.9800109863281,0.25,0.3,2026-09-29 19:46:23,🆕新倉暴量 🚬菸屁股,BUY_WATCH,6
AMZN,2026-10-09,270.0,0.27,3168,1499,33.05731005859375,10,246.6699981689453,0.25,0.29,2026-09-29 19:54:22,🆕新倉暴量 🚬菸屁股,BUY_WATCH,6
VST,2026-10-02,145.0,1.1,758,1492,52.539537109375004,3,140.83,1.05,1.2,2026-09-29 19:59:39,🎲末日結算 🚨異常掃貨 🆕新倉暴量,GAMBLE,6
SOFI,2027-01-15,21.0,0.51,9276,1434,55.078574218750006,108,15.91,0.51,0.53,2026-09-29 19:42:07,🚀點火(6.1x) 🚬菸屁股,BUY_WATCH,6
HOOD,2026-10-02,119.0,2.04,945,1339,76.75804492187501,3,116.22,2.01,2.11,2026-09-29 19:53:26,🎲末日結算 🚨異常掃貨 🆕新倉暴量,GAMBLE,6
SOFI,2028-06-16,25.0,2.81,20802,1333,62.23182299804688,626,15.91,2.8,2.85,2026-09-29 19:40:05,🚀點火(4.8x) 🔭LEAPS,BUY_WATCH,6
HIMS,2026-10-16,31.0,0.93,3346,1328,71.48466015625,17,28.700000762939453,0.85,0.97,2026-09-29 19:56:02,🆕新倉暴量 🚬菸屁股,BUY_WATCH,6
AMZN,2026-10-09,265.0,0.51,2381,1326,31.543653320312494,10,246.6699981689453,0.49,0.52,2026-09-29 19:57:52,🆕新倉暴量 🚬菸屁股,BUY_WATCH,6
HOOD,2026-10-02,115.0,3.8,1062,1316,76.02563037109377,3,116.22,3.75,3.9,2026-09-29 19:59:27,🎲末日結算 🚨異常掃貨 🚀點火(2.7x),GAMBLE,6
F,2026-10-09,13.0,0.05,1941,1304,33.5944140625,10,12.300000190734863,0.05,0.06,2026-09-29 19:56:47,🆕新倉暴量 🚬菸屁股,BUY_WATCH,6
TSLA,2026-12-18,990.0,0.13,22190,1285,76.17211328125,80,352.84,0.11,0.12,2026-09-29 19:00:02,🚀點火(7.1x) 🚬菸屁股,BUY_WATCH,6
MARA,2026-12-18,17.0,0.65,6577,1206,87.10950390625,80,11.989999771118164,0.61,0.64,2026-09-29 19:44:04,🚀點火(33.5x) 🚬菸屁股,BUY_WATCH,6
META,2026-10-02,757.5,5.8,920,1165,48.13284289550781,3,738.7899780273438,5.65,5.75,2026-09-29 19:59:18,🎲末日結算 🚨異常掃貨 🆕新倉暴量,GAMBLE,6
KTOS,2026-10-16,55.0,0.14,4368,1089,66.40658593750001,17,43.05,0.1,0.15,2026-09-29 19:48:13,🚀點火(16.8x) 🚬菸屁股,BUY_WATCH,6
DIS,2026-10-16,115.0,0.16,17212,1052,25.977302734375,17,105.41000366210938,0.14,0.16,2026-09-29 19:14:23,🚀點火(6.0x) 🚬菸屁股,BUY_WATCH,6
SOFI,2026-10-09,15.5,0.74,2755,1051,48.04739453125,10,15.91,0.7,0.73,2026-09-29 19:53:47,🆕新倉暴量 🚬菸屁股,BUY_WATCH,6
NVDA,2027-01-15,320.0,0.87,13707,1043,36.35317553710938,108,227.21,0.85,0.9,2026-09-29 19:59:00,🚀點火(2.9x) 🚬菸屁股,BUY_WATCH,6
ACHR,2027-01-15,20.0,0.04,26228,1041,125.78162109374999,108,5.059999942779541,0.04,0.07,2026-09-29 16:44:56,🚀點火(10.4x) 🚬菸屁股,BUY_WATCH,6
ASTS,2028-01-21,190.0,5.85,11223,1010,85.69350244140624,479,59.4,5.1,6.05,2026-09-29 19:52:58,🚀點火(28.9x) 🔭LEAPS,BUY_WATCH,6
F,2027-01-15,24.0,0.04,1198,1000,55.469195312500005,108,12.300000190734863,0.0,0.05,2026-09-03 14:20:10,🆕新倉暴量 🚬菸屁股,BUY_WATCH,6
BA,2026-10-09,200.0,0.89,1000,902,36.74379663085938,10,187.67999267578125,0.5,0.9,2026-09-29 19:57:13,🆕新倉暴量 🚬菸屁股,BUY_WATCH,6
AMZN,2026-10-09,262.5,0.7,1402,890,31.201859863281246,10,246.6699981689453,0.68,0.73,2026-09-29 19:59:20,🆕新倉暴量 🚬菸屁股,BUY_WATCH,6
JOBY,2028-01-21,8.0,1.57,15700,879,79.49239257812499,479,5.989999771118164,1.5,1.63,2026-09-29 19:54:35,🚀點火(14.9x) 🔭LEAPS,BUY_WATCH,6
OKLO,2026-10-09,40.0,0.75,935,876,74.2190078125,10,37.11,0.71,0.86,2026-09-29 19:51:01,🚀點火(5.2x) 🚬菸屁股,BUY_WATCH,6
TJX,2026-10-16,140.0,0.76,2898,856,24.658956542968753,17,133.8000030517578,0.65,0.8,2026-09-29 19:53:23,🚀點火(8.1x) 🚬菸屁股,BUY_WATCH,6
DKNG,2027-01-15,50.0,0.03,19377,772,73.437765625,108,19.59,0.03,0.05,2026-09-29 18:14:28,🚀點火(22.1x) 🚬菸屁股,BUY_WATCH,6
DKNG,2026-11-20,22.5,0.99,1928,705,68.26203613281253,52,19.59,0.96,1.05,2026-09-29 19:53:01,🆕新倉暴量 🚬菸屁股,BUY_WATCH,6
F,2026-10-09,14.0,0.01,2319,685,46.87553125,10,12.300000190734863,0.01,0.02,2026-09-29 19:30:33,🆕新倉暴量 🚬菸屁股,BUY_WATCH,6
IBIT,2026-11-20,56.0,0.53,6459,679,40.28380029296875,52,47.33,0.51,0.53,2026-09-29 19:49:37,🚀點火(8.0x) 🚬菸屁股,BUY_WATCH,6
TSLA,2028-01-21,990.0,6.0,7229,678,52.451037017822266,479,352.84,5.95,6.1,2026-09-29 19:56:54,🚀點火(16.5x) 🔭LEAPS,BUY_WATCH,6
NVDA,2026-12-18,330.0,0.31,5188,674,38.23303955078124,80,227.21,0.26,0.33,2026-09-29 19:24:23,🚀點火(8.9x) 🚬菸屁股,BUY_WATCH,6
SOFI,2026-10-16,19.5,0.05,1409,674,57.0316796875,17,15.91,0.04,0.05,2026-09-29 19:34:21,🚀點火(4.7x) 🚬菸屁股,BUY_WATCH,6
IREN,2026-10-09,46.0,0.7,794,672,78.12521875,10,41.38,0.61,0.7,2026-09-29 19:06:00,🆕新倉暴量 🚬菸屁股,BUY_WATCH,6
AMZN,2026-10-09,275.0,0.13,1907,599,34.37565625,10,246.6699981689453,0.14,0.16,2026-09-29 19:52:14,🆕新倉暴量 🚬菸屁股,BUY_WATCH,6
ONDS,2028-01-21,20.0,1.02,14988,561,89.01378173828124,479,7.480000019073486,0.65,1.4,2026-09-29 19:36:38,🚀點火(10.2x) 🔭LEAPS,BUY_WATCH,6
PACB,2027-01-15,2.0,0.32,5453,541,92.187578125,108,1.83,0.25,0.35,2026-09-29 19:58:48,🚀點火(2.7x) 🚬菸屁股,BUY_WATCH,6
UPST,2026-10-09,25.0,0.3,1898,536,55.273884765625006,10,23.14,0.14,0.35,2026-09-29 19:19:39,🚀點火(5.1x) 🚬菸屁股,BUY_WATCH,6
PACB,2026-12-18,2.0,0.22,3904,530,85.1563984375,80,1.83,0.2,0.25,2026-09-29 19:47:25,🚀點火(5.0x) 🚬菸屁股,BUY_WATCH,6
SMR,2026-10-09,8.0,0.29,1283,519,73.82838671875,10,7.760000228881836,0.25,0.3,2026-09-29 19:53:03,🚀點火(3.2x) 🚬菸屁股,BUY_WATCH,6
TGT,2027-01-15,230.0,0.48,1747,499,39.404902832031254,108,156.42999267578125,0.07,0.58,2026-09-18 18:15:51,🆕新倉暴量 🚬菸屁股,BUY_WATCH,6
UPST,2027-02-19,40.0,0.86,875,493,78.17404638671876,143,23.14,0.8,1.13,2026-09-29 14:25:39,🚀點火(11.7x) 🚬菸屁股,BUY_WATCH,6
F,2026-11-20,12.0,0.82,2002,475,38.867798828125,52,12.300000190734863,0.81,0.87,2026-09-29 19:30:45,🆕新倉暴量 🚬菸屁股,BUY_WATCH,6
PATH,2026-11-20,13.0,0.75,872,455,58.789474609375006,52,12.32,0.77,0.85,2026-09-29 18:49:28,🚀點火(3.7x) 🚬菸屁股,BUY_WATCH,6
IREN,2026-10-09,47.0,0.5,1254,454,79.29708203125,10,41.38,0.49,0.53,2026-09-29 19:57:11,🆕新倉暴量 🚬菸屁股,BUY_WATCH,6
JOBY,2028-01-21,10.0,1.16,20242,454,79.101771484375,479,5.989999771118164,1.15,1.22,2026-09-29 19:59:23,🚀點火(2.6x) 🔭LEAPS,BUY_WATCH,6
SOFI,2026-11-20,27.0,0.07,2606,421,74.2190078125,52,15.91,0.06,0.07,2026-09-29 19:25:03,🚀點火(8.3x) 🚬菸屁股,BUY_WATCH,6
NVDA,2028-01-21,270.0,30.0,8440,413,42.951009948730466,479,227.21,29.35,29.8,2026-09-29 19:32:53,🚀點火(3.2x) 🔭LEAPS,BUY_WATCH,6
MARA,2026-12-18,20.0,0.36,9269,404,89.64854101562499,80,11.989999771118164,0.33,0.36,2026-09-29 19:54:41,🚀點火(2.7x) 🚬菸屁股,BUY_WATCH,6
DKNG,2026-11-20,25.0,0.49,5927,399,67.38313867187502,52,19.59,0.49,0.52,2026-09-29 19:57:58,🚀點火(3.6x) 🚬菸屁股,BUY_WATCH,6
HIMS,2026-10-16,35.0,0.3,5234,375,78.6134951171875,17,28.700000762939453,0.29,0.35,2026-09-29 19:51:40,🚀點火(4.3x) 🚬菸屁股,BUY_WATCH,6
TSLA,2027-01-15,700.0,0.69,16266,365,56.37250659179689,108,352.84,0.65,0.69,2026-09-29 19:29:24,🚀點火(3.5x) 🚬菸屁股,BUY_WATCH,6
PATH,2026-10-16,15.0,0.04,2858,346,57.42230078125,17,12.32,0.03,0.05,2026-09-29 19:43:00,🚀點火(2.5x) 🚬菸屁股,BUY_WATCH,6
ACHR,2028-01-21,15.0,0.53,14209,334,87.0118486328125,479,5.059999942779541,0.53,0.59,2026-09-29 19:56:43,🚀點火(5.7x) 🔭LEAPS,BUY_WATCH,6
ASTS,2027-01-15,150.0,0.76,10630,324,96.19144433593749,108,59.4,0.68,0.8,2026-09-29 18:12:02,🚀點火(14.1x) 🚬菸屁股,BUY_WATCH,6
DKNG,2026-12-18,30.0,0.27,15550,319,65.43003320312502,80,19.59,0.26,0.29,2026-09-29 19:54:21,🚀點火(3.8x) 🚬菸屁股,BUY_WATCH,6
DKNG,2026-10-16,22.5,0.21,2876,311,61.133201171875015,17,19.59,0.19,0.23,2026-09-29 19:48:58,🚀點火(15.6x) 🚬菸屁股,BUY_WATCH,6
TDOC,2026-10-16,6.0,0.15,1201,305,54.68795312500001,17,5.75,0.1,0.24,2026-09-29 19:54:46,🚀點火(6.0x) 🚬菸屁股,BUY_WATCH,6
ACHR,2027-01-15,12.0,0.09,25961,296,94.5313046875,108,5.059999942779541,0.05,0.1,2026-09-29 19:15:22,🚀點火(3.7x) 🚬菸屁股,BUY_WATCH,6
TJX,2026-10-16,145.0,0.2,1723,290,25.586681640625002,17,133.8000030517578,0.1,0.25,2026-09-29 19:32:22,🚀點火(2.8x) 🚬菸屁股,BUY_WATCH,6
PATH,2028-01-21,17.0,2.7,2976,260,73.92604199218749,479,12.32,2.53,3.05,2026-09-29 16:30:05,🚀點火(11.3x) 🔭LEAPS,BUY_WATCH,6
VST,2026-10-16,170.0,0.32,2098,240,51.514156738281244,17,140.83,0.21,0.43,2026-09-29 16:38:05,🚀點火(4.2x) 🚬菸屁股,BUY_WATCH,6
IBIT,2028-01-21,55.0,7.75,6511,231,49.15211981201172,479,47.33,7.65,7.9,2026-09-29 18:04:37,🚀點火(10.0x) 🔭LEAPS,BUY_WATCH,6
TSLA,2026-12-18,800.0,0.23,10886,227,67.04134521484376,80,352.84,0.21,0.26,2026-09-29 16:47:48,🚀點火(4.3x) 🚬菸屁股,BUY_WATCH,6
ACHR,2028-01-21,20.0,0.37,8235,207,89.94150683593749,479,5.059999942779541,0.35,0.45,2026-09-29 19:52:34,🚀點火(2.8x) 🔭LEAPS,BUY_WATCH,6
NVDA,2027-01-15,360.0,0.3,7514,201,38.79455737304687,108,227.21,0.25,0.31,2026-09-29 18:50:20,🚀點火(9.1x) 🚬菸屁股,BUY_WATCH,6
DKNG,2027-01-15,35.0,0.22,11834,201,65.1370673828125,108,19.59,0.17,0.22,2026-09-29 19:39:10,🚀點火(8.4x) 🚬菸屁股,BUY_WATCH,6
RKLB,2026-12-18,150.0,0.52,8294,197,88.08605664062499,80,69.7,0.25,0.77,2026-09-29 18:05:41,🚀點火(7.6x) 🚬菸屁股,BUY_WATCH,6
PATH,2026-11-20,14.0,0.48,2948,197,58.496508789062496,52,12.32,0.46,0.55,2026-09-29 18:05:40,🚀點火(2.6x) 🚬菸屁股,BUY_WATCH,6
SOFI,2026-12-18,35.0,0.05,14360,166,77.73459765625,80,15.91,0.04,0.05,2026-09-29 18:35:23,🚀點火(5.5x) 🚬菸屁股,BUY_WATCH,6
KHC,2027-01-15,27.5,0.28,9515,145,28.46751220703124,108,23.450000762939453,0.23,0.31,2026-09-29 19:57:09,🚀點火(3.2x) 🚬菸屁股,BUY_WATCH,6
U,2028-01-21,75.0,4.45,5108,142,66.77279321289065,479,39.72,4.15,4.95,2026-09-29 19:28:48,🚀點火(3.1x) 🔭LEAPS,BUY_WATCH,6
DKNG,2026-12-18,33.0,0.15,2212,138,74.2190078125,80,19.59,0.12,0.39,2026-09-29 18:33:39,🚀點火(5.1x) 🚬菸屁股,BUY_WATCH,6
NKE,2028-01-21,70.0,1.04,12342,131,44.65387377929687,479,35.84000015258789,1.01,1.12,2026-09-29 17:23:16,🚀點火(5.0x) 🔭LEAPS,BUY_WATCH,6
NKE,2028-01-21,47.5,3.47,2401,130,45.03228796386719,479,35.84000015258789,2.5,3.85,2026-09-29 18:29:51,🚀點火(6.2x) 🔭LEAPS,BUY_WATCH,6
IONQ,2028-01-21,90.0,7.25,2497,127,82.93474096679687,479,43.91,6.7,7.85,2026-09-29 17:29:26,🚀點火(5.5x) 🔭LEAPS,BUY_WATCH,6
U,2026-10-09,43.0,0.45,4739,126,62.305064453125006,10,39.72,0.38,0.7,2026-09-29 19:28:04,🚀點火(4.5x) 🚬菸屁股,BUY_WATCH,6
NKE,2027-01-15,52.5,0.38,7088,125,48.633326171875005,108,35.84000015258789,0.34,0.38,2026-09-29 19:28:15,🚀點火(6.2x) 🚬菸屁股,BUY_WATCH,6
INTC,2028-01-21,130.0,32.4,26690,123,71.71353970336915,479,115.93,31.95,33.1,2026-09-29 19:53:46,🚀點火(2.6x) 🔭LEAPS,BUY_WATCH,6
SOFI,2026-11-20,26.0,0.07,5996,123,71.679970703125,52,15.91,0.07,0.08,2026-09-29 18:49:06,🚀點火(5.1x) 🚬菸屁股,BUY_WATCH,6
O,2027-01-15,62.5,0.27,2369,123,18.4578466796875,108,55.13999938964844,0.25,0.3,2026-09-29 18:24:03,🚀點火(2.9x) 🚬菸屁股,BUY_WATCH,6
MSTR,2028-01-21,500.0,11.45,5601,116,80.27363476562499,479,154.67,10.8,12.0,2026-09-29 17:22:13,🚀點火(3.1x) 🔭LEAPS,BUY_WATCH,6
TDOC,2027-01-15,15.0,0.05,9207,116,112.89106054687501,108,5.75,0.04,0.24,2026-09-29 19:54:12,🚀點火(4.5x) 🚬菸屁股,BUY_WATCH,6
TDOC,2027-01-15,10.0,0.15,10381,106,73.82838671875,108,5.75,0.08,0.15,2026-09-29 19:39:36,🚀點火(5.3x) 🚬菸屁股,BUY_WATCH,6
ONDS,2027-01-15,14.0,0.21,4118,106,90.23447265624999,108,7.480000019073486,0.2,0.27,2026-09-29 19:28:35,🚀點火(2.6x) 🚬菸屁股,BUY_WATCH,6
PACB,2027-01-15,4.0,0.05,2032,104,85.937640625,108,1.83,0.0,0.05,2026-09-29 19:56:03,🚀點火(4.5x) 🚬菸屁股,BUY_WATCH,6
ONDS,2028-01-21,15.0,1.5,11871,100,90.52743847656251,479,7.480000019073486,1.45,1.61,2026-09-29 19:51:17,🚀點火(3.2x) 🔭LEAPS,BUY_WATCH,6
GOOG,2026-10-16,420.0,0.12,8075,93,51.6606396484375,17,337.32,0.09,0.39,2026-09-29 19:07:03,🚀點火(2.5x) 🚬菸屁股,BUY_WATCH,6
DKNG,2026-12-18,35.0,0.11,3117,85,68.35969140625001,80,19.59,0.1,0.13,2026-09-29 18:28:39,🚀點火(2.5x) 🚬菸屁股,BUY_WATCH,6
U,2026-11-20,55.0,0.65,13620,81,71.04521142578125,52,39.72,0.52,0.84,2026-09-29 18:58:29,🚀點火(2.8x) 🚬菸屁股,BUY_WATCH,6
BA,2028-01-21,350.0,4.35,1398,76,40.29295547485352,479,187.67999267578125,3.9,4.75,2026-09-29 18:35:51,🚀點火(2.6x) 🔭LEAPS,BUY_WATCH,6
CRWV,2027-01-15,280.0,0.2,22072,75,88.5743330078125,108,85.93000030517578,0.16,0.18,2026-09-29 17:44:40,🚀點火(3.4x) 🚬菸屁股,BUY_WATCH,6
DKNG,2027-01-15,40.0,0.1,14497,70,65.820654296875,108,19.59,0.05,0.12,2026-09-29 18:48:46,🚀點火(3.5x) 🚬菸屁股,BUY_WATCH,6
SOFI,2028-06-16,27.0,2.5,5151,64,62.378305908203124,626,15.91,2.49,2.56,2026-09-29 18:29:31,🚀點火(2.8x) 🔭LEAPS,BUY_WATCH,6
SMR,2028-01-21,85.0,0.29,4637,64,107.61764941406251,479,7.760000228881836,0.2,0.34,2026-09-29 19:24:57,🚀點火(3.2x) 🔭LEAPS,BUY_WATCH,6
CRWV,2026-10-02,92.0,0.73,2121,4131,86.52357226562499,3,85.93000030517578,0.71,0.77,2026-09-29 19:56:37,🎲末日結算 🚨異常掃貨 🆕新倉暴量 🚬菸屁股 ⚠️暴動高IV(87%),GAMBLE,5
CRWV,2026-10-09,90.0,2.57,2845,3615,74.58521508789062,10,85.93000030517578,2.54,2.65,2026-09-29 19:59:53,🚨異常掃貨,STRONG_BUY,5
IREN,2026-10-02,42.0,0.96,1178,3577,84.37515624999999,3,41.38,0.96,1.01,2026-09-29 19:58:56,🎲末日結算 🚨異常掃貨 🆕新倉暴量 🚬菸屁股 ⚠️暴動高IV(84%),GAMBLE,5
IREN,2026-10-02,46.5,0.13,1039,3553,90.23447265624999,3,41.38,0.1,0.15,2026-09-29 19:32:12,🎲末日結算 🚨異常掃貨 🚀點火(2.8x) 🚬菸屁股 ⚠️暴動高IV(90%),GAMBLE,5
ASTS,2026-10-02,63.0,0.61,1374,3125,85.6446748046875,3,59.4,0.6,0.63,2026-09-29 19:59:10,🎲末日結算 🚨異常掃貨 🆕新倉暴量 🚬菸屁股 ⚠️暴動高IV(86%),GAMBLE,5
NVDA,2026-10-09,245.0,0.38,7133,3063,31.17744604492187,10,227.21,0.37,0.39,2026-09-29 19:59:06,🆕新倉暴量 🚬菸屁股 🏛️機構場,BUY_WATCH,5
META,2026-10-09,800.0,4.0,2156,2608,44.37311486816406,10,738.7899780273438,3.8,4.0,2026-09-29 19:59:48,🚨異常掃貨,STRONG_BUY,5
IREN,2026-10-02,51.0,0.03,1695,2180,107.03171484375002,3,41.38,0.02,0.03,2026-09-29 19:39:15,🎲末日結算 🚨異常掃貨 🆕新倉暴量 🚬菸屁股 ⚠️暴動高IV(107%),GAMBLE,5
NBIS,2026-10-02,280.0,0.35,1747,2154,104.49266503906252,3,237.355,0.3,0.5,2026-09-29 19:55:25,🎲末日結算 🚨異常掃貨 🆕新倉暴量 🚬菸屁股 ⚠️暴動高IV(104%),GAMBLE,5
CRWV,2026-10-02,91.0,0.92,1363,2026,85.742330078125,3,85.93000030517578,0.89,0.95,2026-09-29 19:59:01,🎲末日結算 🚨異常掃貨 🆕新倉暴量 🚬菸屁股 ⚠️暴動高IV(86%),GAMBLE,5
ASTS,2026-10-02,62.0,0.83,1137,1912,83.59391406249999,3,59.4,0.8,0.84,2026-09-29 19:57:23,🎲末日結算 🚨異常掃貨 🆕新倉暴量 🚬菸屁股 ⚠️暴動高IV(84%),GAMBLE,5
RKLB,2026-10-02,76.0,0.29,1303,1906,80.37129003906249,3,69.7,0.28,0.33,2026-09-29 19:53:14,🎲末日結算 🚨異常掃貨 🆕新倉暴量 🚬菸屁股 ⚠️暴動高IV(80%),GAMBLE,5
ASTS,2026-10-02,64.0,0.45,1376,1759,87.10950390625,3,59.4,0.43,0.47,2026-09-29 19:59:31,🎲末日結算 🚨異常掃貨 🆕新倉暴量 🚬菸屁股 ⚠️暴動高IV(87%),GAMBLE,5
BA,2026-11-20,205.0,4.6,1082,1429,37.909556457519535,52,187.67999267578125,4.45,4.6,2026-09-29 19:56:19,🚨異常掃貨,STRONG_BUY,5
ONDS,2027-01-15,7.5,1.27,33373,378,79.687703125,108,7.480000019073486,1.25,1.3,2026-09-29 19:40:25,🚀點火(3.3x) 🔥萬人塚,HOLD,5
NVDA,2026-10-02,237.5,0.27,17538,29730,35.2545537109375,3,227.21,0.26,0.28,2026-09-29 19:59:52,🎲末日結算 🚨異常掃貨 🚬菸屁股,GAMBLE,4
SOFI,2026-10-02,16.0,0.26,7644,22812,51.562984375,3,15.91,0.25,0.26,2026-09-29 19:59:48,🎲末日結算 🚨異常掃貨 🚬菸屁股,GAMBLE,4
META,2026-10-02,800.0,0.84,15426,15893,54.17526293945314,3,738.7899780273438,0.83,0.84,2026-09-29 19:59:59,🎲末日結算 🆕新倉暴量 🚬菸屁股,GAMBLE,4
AMZN,2026-10-02,260.0,0.2,18925,15283,36.524072265625,3,246.6699981689453,0.19,0.2,2026-09-29 19:59:59,🎲末日結算 🆕新倉暴量 🚬菸屁股,GAMBLE,4
CRWV,2026-10-02,90.0,1.14,10032,14003,85.69350244140624,3,85.93000030517578,1.14,1.18,2026-09-29 19:59:57,🎲末日結算 🚨異常掃貨 🆕新倉暴量 ⚠️暴動高IV(86%),GAMBLE,4
MSTR,2026-10-02,170.0,0.69,44862,12398,86.62122753906249,3,154.67,0.69,0.73,2026-09-29 19:59:54,🎲末日結算 🆕新倉暴量 🚬菸屁股 🔥萬人塚 ⚠️暴動高IV(87%),GAMBLE,4
TSLA,2026-10-02,375.0,0.71,8135,11500,50.6840869140625,3,352.84,0.71,0.73,2026-09-29 19:59:52,🎲末日結算 🚨異常掃貨 🚬菸屁股,GAMBLE,4
IBIT,2026-10-02,52.0,0.01,13538,10542,50.0005,3,47.33,0.01,0.02,2026-09-29 19:55:49,🎲末日結算 🆕新倉暴量 🚬菸屁股,GAMBLE,4
SOFI,2026-10-02,17.0,0.04,19308,10353,58.5941640625,3,15.91,0.04,0.05,2026-09-29 19:59:33,🎲末日結算 🆕新倉暴量 🚬菸屁股,GAMBLE,4
AMZN,2026-10-02,255.0,0.57,12650,9917,34.49772534179687,3,246.6699981689453,0.57,0.58,2026-09-29 19:59:46,🎲末日結算 🆕新倉暴量 🚬菸屁股,GAMBLE,4
IBIT,2026-10-02,48.0,0.35,22250,9658,36.524072265625,3,47.33,0.33,0.35,2026-09-29 20:14:11,🎲末日結算 🆕新倉暴量 🚬菸屁股,GAMBLE,4
TSLA,2026-10-02,385.0,0.29,14229,8565,54.883263671875014,3,352.84,0.29,0.3,2026-09-29 19:59:52,🎲末日結算 🆕新倉暴量 🚬菸屁股,GAMBLE,4
TSLA,2026-10-02,400.0,0.13,15247,8344,65.23472265625001,3,352.84,0.13,0.14,2026-09-29 19:59:49,🎲末日結算 🆕新倉暴量 🚬菸屁股,GAMBLE,4
HOOD,2026-10-02,125.0,0.7,13162,7892,78.95528857421876,3,116.22,0.68,0.71,2026-09-29 19:59:32,🎲末日結算 🆕新倉暴量 🚬菸屁股,GAMBLE,4
ASTS,2026-10-02,65.0,0.35,4722,6929,90.039162109375,3,59.4,0.34,0.35,2026-09-29 19:58:19,🎲末日結算 🚨異常掃貨 🚬菸屁股,GAMBLE,4
SOFI,2026-10-02,17.5,0.02,15040,6494,67.18782812500001,3,15.91,0.02,0.03,2026-09-29 19:58:30,🎲末日結算 🆕新倉暴量 🚬菸屁股,GAMBLE,4
NVDA,2026-10-02,255.0,0.01,6507,6254,50.39112109375,3,227.21,0.01,0.02,2026-09-29 19:38:00,🎲末日結算 🆕新倉暴量 🚬菸屁股,GAMBLE,4
IBIT,2026-10-02,49.0,0.13,20755,5720,38.2818671875,3,47.33,0.12,0.14,2026-09-29 19:59:05,🎲末日結算 🆕新倉暴量 🚬菸屁股,GAMBLE,4
PLTR,2026-10-02,195.0,0.8,10598,5462,49.414568359375004,3,186.97,0.78,0.8,2026-09-29 19:59:59,🎲末日結算 🆕新倉暴量 🚬菸屁股,GAMBLE,4
NKE,2026-10-02,36.0,1.47,4204,5300,120.01993115234374,3,35.84000015258789,1.46,1.5,2026-09-29 19:59:42,🎲末日結算 🚨異常掃貨 🆕新倉暴量 ⚠️暴動高IV(120%),GAMBLE,4
AMZN,2026-10-02,252.5,0.95,5638,5256,33.911793701171874,3,246.6699981689453,0.94,0.99,2026-09-29 19:59:30,🎲末日結算 🆕新倉暴量 🚬菸屁股,GAMBLE,4
INTC,2026-10-02,130.0,0.2,8872,5014,78.2228740234375,3,115.93,0.19,0.2,2026-09-29 19:58:44,🎲末日結算 🆕新倉暴量 🚬菸屁股,GAMBLE,4
IREN,2026-11-20,80.0,0.32,13511,4961,91.4063359375,52,41.38,0.1,0.32,2026-09-29 18:05:40,🚀點火(5.9x) 🚬菸屁股 ⚠️暴動高IV(91%),BUY_WATCH,4
ZM,2026-10-02,95.0,0.07,5160,4915,50.39112109375,3,88.355,0.07,0.1,2026-09-29 19:48:28,🎲末日結算 🆕新倉暴量 🚬菸屁股,GAMBLE,4
F,2026-10-02,13.0,0.02,14009,4171,44.5318046875,3,12.300000190734863,0.01,0.02,2026-09-29 19:56:20,🎲末日結算 🆕新倉暴量 🚬菸屁股,GAMBLE,4
AMZN,2026-10-02,257.5,0.33,9171,3897,35.44986425781249,3,246.6699981689453,0.33,0.34,2026-09-29 19:59:31,🎲末日結算 🆕新倉暴量 🚬菸屁股,GAMBLE,4
IBIT,2026-10-02,48.5,0.22,13225,3706,37.11000390625,3,47.33,0.21,0.22,2026-09-29 19:59:12,🎲末日結算 🆕新倉暴量 🚬菸屁股,GAMBLE,4
GOOG,2026-10-02,360.0,0.18,9075,3606,40.28380029296875,3,337.32,0.17,0.19,2026-09-29 19:59:57,🎲末日結算 🆕新倉暴量 🚬菸屁股,GAMBLE,4
NBIS,2026-10-02,270.0,0.65,2434,3475,95.01958105468748,3,237.355,0.61,0.68,2026-09-29 19:59:12,🎲末日結算 🚨異常掃貨 🚬菸屁股,GAMBLE,4
SMCI,2026-10-02,42.0,0.76,4175,3324,79.3947373046875,3,41.02,0.75,0.78,2026-09-29 19:59:51,🎲末日結算 🆕新倉暴量 🚬菸屁股,GAMBLE,4
AAPL,2027-01-15,350.0,10.93,54936,3204,26.840941558837883,108,329.4,10.8,11.15,2026-09-29 19:54:59,🚀點火(4.6x) 🔥萬人塚 🏛️機構場,HOLD,4
PLTR,2026-10-02,202.5,0.17,11734,3176,51.6606396484375,3,186.97,0.15,0.18,2026-09-29 19:58:36,🎲末日結算 🆕新倉暴量 🚬菸屁股,GAMBLE,4
IREN,2026-10-02,43.0,0.66,1441,3112,85.0587431640625,3,41.38,0.63,0.66,2026-09-29 19:59:28,🎲末日結算 🚨異常掃貨 🚬菸屁股,GAMBLE,4
CRWV,2026-10-02,88.0,1.76,2011,3066,84.179845703125,3,85.93000030517578,1.7,1.78,2026-09-29 19:58:02,🎲末日結算 🚨異常掃貨 🆕新倉暴量 ⚠️暴動高IV(84%),GAMBLE,4
AMZN,2026-10-02,262.5,0.13,3896,2979,37.793590820312495,3,246.6699981689453,0.11,0.12,2026-09-29 19:52:42,🎲末日結算 🆕新倉暴量 🚬菸屁股,GAMBLE,4
BA,2026-10-02,195.0,0.59,2676,2803,42.920492675781254,3,187.67999267578125,0.51,0.64,2026-09-29 19:59:40,🎲末日結算 🆕新倉暴量 🚬菸屁股,GAMBLE,4
DKNG,2026-10-02,22.0,0.02,4389,2532,75.00025000000001,3,19.59,0.02,0.03,2026-09-29 19:58:45,🎲末日結算 🆕新倉暴量 🚬菸屁股,GAMBLE,4
F,2026-10-02,12.5,0.08,2463,2409,38.2818671875,3,12.300000190734863,0.07,0.09,2026-09-29 19:59:26,🎲末日結算 🆕新倉暴量 🚬菸屁股,GAMBLE,4
AMZN,2026-10-02,265.0,0.08,7913,2335,39.649041015625,3,246.6699981689453,0.07,0.08,2026-09-29 19:59:22,🎲末日結算 🆕新倉暴量 🚬菸屁股,GAMBLE,4
ONDS,2026-10-02,7.5,0.2,4813,2303,75.7814921875,3,7.480000019073486,0.19,0.2,2026-09-29 19:59:53,🎲末日結算 🆕新倉暴量 🚬菸屁股,GAMBLE,4
IONQ,2026-10-02,47.0,0.33,1610,2274,84.76577734374999,3,43.91,0.33,0.39,2026-09-29 19:58:38,🎲末日結算 🚨異常掃貨 🚬菸屁股,GAMBLE,4
ASTS,2026-10-16,80.0,0.34,7468,2239,88.76964355468748,17,59.4,0.32,0.36,2026-09-29 19:58:32,🚀點火(12.0x) 🚬菸屁股 ⚠️暴動高IV(89%),BUY_WATCH,4
RKLB,2026-10-02,73.0,0.77,1133,2212,77.6369423828125,3,69.7,0.73,0.81,2026-09-29 19:58:15,🎲末日結算 🚨異常掃貨 🚬菸屁股,GAMBLE,4
CRWV,2026-10-02,87.0,2.13,1538,2112,83.789224609375,3,85.93000030517578,2.08,2.16,2026-09-29 19:59:28,🎲末日結算 🚨異常掃貨 🆕新倉暴量 ⚠️暴動高IV(84%),GAMBLE,4
CRWV,2026-10-02,89.0,1.4,1360,1977,84.37515624999999,3,85.93000030517578,1.37,1.45,2026-09-29 19:59:17,🎲末日結算 🚨異常掃貨 🆕新倉暴量 ⚠️暴動高IV(84%),GAMBLE,4
META,2026-10-02,820.0,0.37,2611,1627,57.910577148437504,3,738.7899780273438,0.34,0.38,2026-09-29 19:59:52,🎲末日結算 🆕新倉暴量 🚬菸屁股,GAMBLE,4
AMZN,2026-10-02,270.0,0.03,7496,1549,42.188078125,3,246.6699981689453,0.02,0.03,2026-09-29 19:57:45,🎲末日結算 🆕新倉暴量 🚬菸屁股,GAMBLE,4
NKE,2026-10-09,50.0,0.03,777,1475,85.937640625,10,35.84000015258789,0.01,0.03,2026-09-29 19:59:59,🚨異常掃貨 🆕新倉暴量 🚬菸屁股 ⚠️尾段價外(40%) ⚠️暴動高IV(86%),STRONG_BUY,4
JPM,2026-10-02,350.0,0.11,1705,1458,28.028063476562494,3,334.9800109863281,0.1,0.15,2026-09-29 19:56:46,🎲末日結算 🆕新倉暴量 🚬菸屁股,GAMBLE,4
UPST,2026-10-02,24.0,0.13,2000,1407,61.71913281250001,3,23.14,0.16,0.25,2026-09-29 19:58:37,🎲末日結算 🆕新倉暴量 🚬菸屁股,GAMBLE,4
ASTS,2026-10-16,75.0,0.59,9631,1386,84.179845703125,17,59.4,0.54,0.6,2026-09-29 19:57:51,🚀點火(2.8x) 🚬菸屁股 ⚠️暴動高IV(84%),BUY_WATCH,4
CRM,2026-10-02,235.0,0.97,1200,1356,49.561051269531255,3,225.30999755859375,0.89,0.97,2026-09-29 19:59:49,🎲末日結算 🆕新倉暴量 🚬菸屁股,GAMBLE,4
SMR,2026-10-16,10.0,0.06,5721,1268,85.937640625,17,7.760000228881836,0.06,0.07,2026-09-29 19:37:28,🚀點火(3.5x) 🚬菸屁股 ⚠️暴動高IV(86%),BUY_WATCH,4
IREN,2026-10-02,40.0,1.96,800,1209,83.20329296874999,3,41.38,1.99,2.08,2026-09-29 19:56:06,🎲末日結算 🚨異常掃貨 🆕新倉暴量 ⚠️暴動高IV(83%),GAMBLE,4
IONQ,2026-11-20,70.0,0.61,2919,1143,85.20522607421876,52,43.91,0.5,0.66,2026-09-29 18:20:48,🚀點火(13.6x) 🚬菸屁股 ⚠️暴動高IV(85%),BUY_WATCH,4
ONDS,2026-11-20,8.0,0.69,9203,1131,80.27363476562499,52,7.480000019073486,0.68,0.71,2026-09-29 19:47:01,🚀點火(2.9x) 🚬菸屁股 ⚠️暴動高IV(80%),BUY_WATCH,4
HOOD,2026-10-02,124.0,0.86,1707,1039,78.4181845703125,3,116.22,0.82,0.86,2026-09-29 19:57:39,🎲末日結算 🆕新倉暴量 🚬菸屁股,GAMBLE,4
SMCI,2026-11-20,65.0,0.63,4101,893,87.5977802734375,52,41.02,0.6,0.66,2026-09-29 19:54:50,🚀點火(9.3x) 🚬菸屁股 ⚠️暴動高IV(88%),BUY_WATCH,4
NBIS,2026-10-09,300.0,0.91,1502,802,88.52550537109374,10,237.355,0.8,1.02,2026-09-29 19:50:39,🚀點火(2.6x) 🚬菸屁股 ⚠️暴動高IV(89%),BUY_WATCH,4
JPM,2026-10-02,342.5,0.85,1235,788,27.95482202148437,3,334.9800109863281,0.73,0.9,2026-09-29 19:57:47,🎲末日結算 🆕新倉暴量 🚬菸屁股,GAMBLE,4
META,2026-10-02,805.0,0.67,837,787,54.95650512695314,3,738.7899780273438,0.64,0.69,2026-09-29 19:59:56,🎲末日結算 🆕新倉暴量 🚬菸屁股,GAMBLE,4
JPM,2026-10-02,345.0,0.46,1515,704,27.613028564453117,3,334.9800109863281,0.4,0.5,2026-09-29 19:59:07,🎲末日結算 🆕新倉暴量 🚬菸屁股,GAMBLE,4
HIMS,2026-10-02,29.0,0.64,1731,658,79.687703125,3,28.700000762939453,0.66,0.72,2026-09-29 19:56:40,🎲末日結算 🆕新倉暴量 🚬菸屁股,GAMBLE,4
META,2026-10-02,830.0,0.25,939,654,59.96133789062501,3,738.7899780273438,0.22,0.27,2026-09-29 19:59:52,🎲末日結算 🆕新倉暴量 🚬菸屁股,GAMBLE,4
PANW,2026-10-02,420.0,0.91,834,643,62.817754638671886,3,388.4100036621094,0.85,0.94,2026-09-29 19:59:24,🎲末日結算 🆕新倉暴量 🚬菸屁股,GAMBLE,4
AMZN,2026-10-02,267.5,0.05,1497,623,41.01621484375,3,246.6699981689453,0.04,0.05,2026-09-29 19:54:48,🎲末日結算 🆕新倉暴量 🚬菸屁股,GAMBLE,4
COSM,2026-10-16,0.5,0.05,1935,565,143.75028125,17,0.4208,0.0,0.05,2026-09-29 19:48:01,🆕新倉暴量 🚬菸屁股 ⚠️暴動高IV(144%),BUY_WATCH,4
VST,2026-10-02,147.0,0.74,1751,561,54.15084912109377,3,140.83,0.67,0.82,2026-09-29 19:55:56,🎲末日結算 🆕新倉暴量 🚬菸屁股,GAMBLE,4
META,2026-10-02,810.0,0.55,1680,542,55.9574716796875,3,738.7899780273438,0.51,0.57,2026-09-29 19:59:47,🎲末日結算 🆕新倉暴量 🚬菸屁股,GAMBLE,4
ACHR,2026-10-02,5.0,0.15,1054,498,67.18782812500001,3,5.059999942779541,0.14,0.17,2026-09-29 19:59:48,🎲末日結算 🆕新倉暴量 🚬菸屁股,GAMBLE,4
TGT,2026-10-02,167.5,0.03,1050,479,38.086556640625,3,156.42999267578125,0.01,0.05,2026-09-29 19:43:45,🎲末日結算 🆕新倉暴量 🚬菸屁股,GAMBLE,4
OPEN,2026-10-16,2.0,0.38,1201,444,85.937640625,17,2.37,0.13,0.41,2026-09-29 19:15:27,🆕新倉暴量 🚬菸屁股 ⚠️暴動高IV(86%),BUY_WATCH,4
CRM,2026-10-02,245.0,0.16,825,437,50.39112109375,3,225.30999755859375,0.07,0.21,2026-09-29 19:52:23,🎲末日結算 🆕新倉暴量 🚬菸屁股,GAMBLE,4
JPM,2026-10-02,352.5,0.04,1277,423,27.149166015625,3,334.9800109863281,0.05,0.06,2026-09-29 19:56:46,🎲末日結算 🆕新倉暴量 🚬菸屁股,GAMBLE,4
XYZ,2026-10-02,77.0,0.35,1369,417,54.19967675781252,3,74.05,0.24,0.45,2026-09-29 19:53:42,🎲末日結算 🆕新倉暴量 🚬菸屁股,GAMBLE,4
SOFI,2026-11-20,31.0,0.03,1314,390,81.2501875,52,15.91,0.03,0.04,2026-09-29 19:54:16,🚀點火(9.1x) 🚬菸屁股 ⚠️暴動高IV(81%),BUY_WATCH,4
SMR,2026-11-20,15.0,0.08,4096,370,102.34423828125001,52,7.760000228881836,0.06,0.09,2026-09-29 19:38:27,🚀點火(8.0x) 🚬菸屁股 ⚠️暴動高IV(102%),BUY_WATCH,4
SMR,2026-10-16,9.5,0.1,1181,343,83.20329296874999,17,7.760000228881836,0.09,0.11,2026-09-29 19:51:38,🚀點火(3.8x) 🚬菸屁股 ⚠️暴動高IV(83%),BUY_WATCH,4
SOFI,2026-11-20,34.0,0.02,1572,290,85.937640625,52,15.91,0.02,0.03,2026-09-29 19:56:52,🚀點火(2.5x) 🚬菸屁股 ⚠️暴動高IV(86%),BUY_WATCH,4
MU,2026-11-20,2500.0,0.57,1415,243,84.39957006835937,52,1065.0799560546875,0.57,0.6,2026-09-29 19:59:39,🚀點火(5.9x) 🚬菸屁股 ⚠️暴動高IV(84%),BUY_WATCH,4
ASTS,2026-11-20,125.0,0.41,782,207,107.42233789062503,52,59.4,0.32,0.58,2026-09-29 16:38:09,🚀點火(5.6x) 🚬菸屁股 ⚠️暴動高IV(107%),BUY_WATCH,4
LUNR,2026-10-16,19.0,0.14,837,204,91.01571484374999,17,14.550000190734863,0.11,0.15,2026-09-29 19:23:28,🚀點火(9.7x) 🚬菸屁股 ⚠️暴動高IV(91%),BUY_WATCH,4
OKLO,2026-11-20,70.0,0.27,1820,203,95.11723632812499,52,37.11,0.22,0.34,2026-09-29 18:13:26,🚀點火(10.2x) 🚬菸屁股 ⚠️暴動高IV(95%),BUY_WATCH,4
SMR,2026-11-20,20.0,0.03,5358,133,118.75040625,52,7.760000228881836,0.03,0.04,2026-09-29 17:58:46,🚀點火(4.3x) 🚬菸屁股 ⚠️暴動高IV(119%),BUY_WATCH,4
IREN,2026-10-16,52.0,0.42,1035,111,83.69156933593749,17,41.38,0.4,0.42,2026-09-29 19:59:35,🚀點火(2.9x) 🚬菸屁股 ⚠️暴動高IV(84%),BUY_WATCH,4
JOBY,2026-11-20,11.0,0.03,2216,111,92.187578125,52,5.989999771118164,0.03,0.06,2026-09-29 18:59:21,🚀點火(4.6x) 🚬菸屁股 ⚠️暴動高IV(92%),BUY_WATCH,4
LUNR,2026-10-16,16.0,0.48,1589,71,87.500125,17,14.550000190734863,0.48,0.65,2026-09-29 19:57:08,🚀點火(3.0x) 🚬菸屁股 ⚠️暴動高IV(88%),BUY_WATCH,4
SMCI,2026-11-20,70.0,0.47,1425,63,89.74619628906248,52,41.02,0.41,0.47,2026-09-29 17:37:07,🚀點火(2.9x) 🚬菸屁股 ⚠️暴動高IV(90%),BUY_WATCH,4
INTC,2026-10-02,120.0,1.41,9987,23071,70.6057626953125,3,115.93,1.39,1.42,2026-09-29 19:59:52,🎲末日結算 🚨異常掃貨,GAMBLE,3
NKE,2026-10-16,40.0,0.55,42655,12228,60.644924804687506,17,35.84000015258789,0.55,0.56,2026-09-29 19:59:47,🚬菸屁股 🔥萬人塚,HOLD,3
META,2026-10-02,780.0,2.0,2141,6806,50.65967309570312,3,738.7899780273438,2.0,2.06,2026-09-29 19:59:57,🎲末日結算 🚨異常掃貨,GAMBLE,3
IBIT,2026-12-18,46.0,4.32,10896,6398,41.8951123046875,80,47.33,4.3,4.35,2026-09-29 18:35:19,🆕新倉暴量,HOLD,3
MSFT,2026-10-02,530.0,0.65,9424,5614,34.03386279296875,3,508.96,0.63,0.71,2026-09-29 19:59:41,🎲末日結算 🆕新倉暴量 🚬菸屁股 🏛️機構場,GAMBLE,3
IBIT,2026-10-16,50.0,0.56,47401,5334,36.817038085937504,17,47.33,0.53,0.56,2026-09-29 19:58:51,🚬菸屁股 🔥萬人塚,HOLD,3
NVDA,2026-11-20,270.0,1.56,21116,5325,35.81607153320313,52,227.21,1.55,1.6,2026-09-29 19:57:30,🆕新倉暴量,HOLD,3
PCG,2026-12-18,15.0,0.36,55626,5044,52.4418818359375,80,12.180000305175781,0.31,0.42,2026-09-29 19:56:51,🚬菸屁股 🔥萬人塚,HOLD,3
U,2026-10-16,46.0,0.33,77135,4626,59.18009570312501,17,39.72,0.3,0.38,2026-09-29 19:59:49,🚬菸屁股 🔥萬人塚,HOLD,3
AMZN,2026-10-16,250.0,4.93,12764,4591,30.542686767578125,17,246.6699981689453,4.9,5.0,2026-09-29 19:59:36,🆕新倉暴量,HOLD,3
SOFI,2027-01-15,20.0,0.67,100701,4394,54.541470214843756,108,15.91,0.65,0.68,2026-09-29 19:56:54,🚬菸屁股 🔥萬人塚,HOLD,3
GOOG,2026-10-02,350.0,0.58,7375,4355,34.20475952148438,3,337.32,0.58,0.61,2026-09-29 19:59:09,🎲末日結算 🆕新倉暴量 🚬菸屁股 🏛️機構場,GAMBLE,3
META,2026-10-02,770.0,3.15,2567,4336,49.42677526855469,3,738.7899780273438,3.15,3.25,2026-09-29 19:59:54,🎲末日結算 🚨異常掃貨,GAMBLE,3
VST,2026-10-16,150.0,2.23,14796,4318,45.55718505859375,17,140.83,2.16,2.25,2026-09-29 19:59:48,🆕新倉暴量,HOLD,3
AMZN,2026-12-18,285.0,5.15,6123,4173,36.89027954101562,80,246.6699981689453,4.95,5.15,2026-09-29 19:58:21,🆕新倉暴量,HOLD,3
META,2026-10-02,760.0,5.0,1831,3881,48.40139489746094,3,738.7899780273438,5.05,5.15,2026-09-29 19:59:58,🎲末日結算 🚨異常掃貨,GAMBLE,3
NBIS,2026-10-02,260.0,1.41,2558,3844,91.45516357421876,3,237.355,1.38,1.45,2026-09-29 19:59:56,🎲末日結算 🚨異常掃貨,GAMBLE,3
NKE,2026-10-16,37.5,1.2,14539,3689,60.058993164062514,17,35.84000015258789,1.16,1.2,2026-09-29 19:57:50,🆕新倉暴量,HOLD,3
INTC,2026-10-16,170.0,0.12,11515,3685,79.687703125,17,115.93,0.09,0.13,2026-09-29 19:48:44,🚀點火(3.7x) 🚬菸屁股 ⚠️尾段價外(47%),BUY_WATCH,3
AMZN,2026-10-16,255.0,3.2,9649,3343,30.542686767578125,17,246.6699981689453,3.1,3.25,2026-09-29 19:59:58,🆕新倉暴量,HOLD,3
INTC,2026-10-09,120.0,3.23,5221,3282,64.5511357421875,10,115.93,3.2,3.3,2026-09-29 19:59:25,🆕新倉暴量,HOLD,3
IBIT,2026-12-18,44.0,5.5,5219,3252,43.457596679687505,80,47.33,5.5,5.6,2026-09-29 19:54:30,🆕新倉暴量,HOLD,3
INTC,2026-11-20,97.5,22.8,5486,3112,71.27714270019531,52,115.93,22.8,23.0,2026-09-29 19:48:07,🆕新倉暴量,HOLD,3
IBIT,2026-11-20,52.0,1.18,9042,3093,39.429316650390625,52,47.33,1.16,1.18,2026-09-29 19:58:59,🆕新倉暴量,HOLD,3
ASTS,2026-10-16,65.0,1.93,11662,3090,79.44356494140624,17,59.4,1.89,2.15,2026-09-29 19:59:04,🆕新倉暴量,HOLD,3
TSLA,2026-10-16,495.0,0.1,5280,3072,62.2074091796875,17,352.84,0.1,0.11,2026-09-29 16:30:32,🆕新倉暴量 🚬菸屁股 ⚠️尾段價外(40%),BUY_WATCH,3
TSLA,2026-10-16,480.0,0.14,5324,2881,58.984785156250005,17,352.84,0.13,0.14,2026-09-29 19:57:23,🆕新倉暴量 🚬菸屁股 ⚠️尾段價外(36%),BUY_WATCH,3
TSLA,2026-10-16,370.0,6.08,5630,2757,41.492284301757806,17,352.84,6.05,6.1,2026-09-29 19:59:17,🆕新倉暴量,HOLD,3
AMZN,2026-10-16,275.0,0.44,35719,2733,32.080757324218744,17,246.6699981689453,0.42,0.45,2026-09-29 19:59:30,🚬菸屁股 🔥萬人塚,HOLD,3
NBIS,2026-10-02,245.0,4.55,1421,2696,88.9405402832031,3,237.355,4.35,4.7,2026-09-29 19:57:50,🎲末日結算 🚨異常掃貨,GAMBLE,3
AMZN,2026-10-09,250.0,3.5,2546,2606,30.737997314453118,10,246.6699981689453,3.45,3.55,2026-09-29 19:59:58,🆕新倉暴量,HOLD,3
CRWV,2026-10-16,90.0,3.7,10265,2579,73.36452416992188,17,85.93000030517578,3.7,3.8,2026-09-29 19:58:32,🆕新倉暴量,HOLD,3
ACHR,2027-01-15,7.0,0.29,68743,2539,75.39087109375001,108,5.059999942779541,0.28,0.31,2026-09-29 19:55:01,🚬菸屁股 🔥萬人塚,HOLD,3
IONQ,2026-10-16,45.0,2.2,8110,2486,72.46121289062499,17,43.91,2.19,2.33,2026-09-29 19:56:36,🆕新倉暴量,HOLD,3
SOFI,2026-11-20,20.0,0.29,39690,2484,57.812921875,52,15.91,0.29,0.3,2026-09-29 19:59:05,🚬菸屁股 🔥萬人塚,HOLD,3
SOFI,2027-01-15,25.0,0.24,104286,2157,60.058993164062514,108,15.91,0.24,0.25,2026-09-29 19:54:13,🚬菸屁股 🔥萬人塚,HOLD,3
RKLB,2026-10-16,80.0,1.16,9632,2010,71.50907397460938,17,69.7,1.13,1.21,2026-09-29 19:59:27,🆕新倉暴量,HOLD,3
SOFI,2026-10-16,20.0,0.03,33770,1943,59.766027343750004,17,15.91,0.03,0.04,2026-09-29 19:58:19,🚬菸屁股 🔥萬人塚,HOLD,3
RKLB,2026-10-16,75.0,2.2,5840,1769,70.117486328125,17,69.7,2.18,2.25,2026-09-29 19:59:55,🆕新倉暴量,HOLD,3
IREN,2026-10-16,45.0,1.41,6585,1749,77.29514892578125,17,41.38,1.38,1.45,2026-09-29 19:59:47,🆕新倉暴量,HOLD,3
HOOD,2026-10-09,130.0,1.05,2028,1745,65.47886083984376,10,116.22,1.01,1.07,2026-09-29 19:59:38,🆕新倉暴量,HOLD,3
AMZN,2026-10-16,280.0,0.31,31035,1730,32.959654785156246,17,246.6699981689453,0.27,0.28,2026-09-29 19:57:30,🚬菸屁股 🔥萬人塚,HOLD,3
U,2026-11-20,45.0,2.18,2995,1547,69.09210595703127,52,39.72,2.1,2.39,2026-09-29 19:48:03,🆕新倉暴量,HOLD,3
NKE,2026-12-18,35.0,3.42,1832,1483,47.90091162109375,80,35.84000015258789,3.25,3.6,2026-09-29 19:58:51,🆕新倉暴量,HOLD,3
U,2026-10-16,40.0,1.82,2470,1426,57.22699023437501,17,39.72,1.75,1.9,2026-09-29 19:59:52,🆕新倉暴量,HOLD,3
NKE,2026-10-16,36.5,1.57,1592,1393,60.44961425781252,17,35.84000015258789,1.54,1.6,2026-09-29 19:47:38,🚀點火(2.6x),HOLD,3
IREN,2026-10-16,42.0,2.43,3212,1307,76.2697685546875,17,41.38,2.4,2.47,2026-09-29 19:56:20,🆕新倉暴量,HOLD,3
SOFI,2026-10-16,19.0,0.05,36836,1294,53.906710937500016,17,15.91,0.05,0.06,2026-09-29 19:59:35,🚬菸屁股 🔥萬人塚,HOLD,3
RKLB,2026-12-18,90.0,3.95,3582,1242,76.73363110351563,80,69.7,3.8,4.1,2026-09-29 19:42:18,🆕新倉暴量,HOLD,3
MARA,2027-01-15,20.0,0.55,30724,1190,88.476677734375,108,11.989999771118164,0.52,0.56,2026-09-29 19:38:41,🚬菸屁股 🔥萬人塚,HOLD,3
CRWV,2026-10-09,95.0,1.35,1672,1181,76.12328564453125,10,85.93000030517578,1.33,1.42,2026-09-29 19:48:48,🆕新倉暴量,HOLD,3
META,2026-10-16,850.0,2.37,3575,1137,44.28766650390625,17,738.7899780273438,2.36,2.39,2026-09-29 19:59:35,🆕新倉暴量,HOLD,3
DKNG,2026-11-20,20.0,1.83,1224,1109,69.43389941406251,52,19.59,1.8,1.93,2026-09-29 19:56:55,🆕新倉暴量,HOLD,3
BA,2026-10-09,197.5,1.15,998,1103,38.23303955078124,10,187.67999267578125,1.15,1.45,2026-09-29 19:53:02,🆕新倉暴量,HOLD,3
AMZN,2026-10-09,255.0,1.85,1983,1099,30.493859130859374,10,246.6699981689453,1.86,1.94,2026-09-29 19:59:57,🆕新倉暴量,HOLD,3
JPM,2026-12-18,365.0,5.25,1256,1097,25.25709509277344,80,334.9800109863281,4.85,5.65,2026-09-29 19:40:48,🆕新倉暴量,HOLD,3
TSLA,2026-10-16,550.0,0.05,5559,1060,73.04714453125,17,352.84,0.04,0.06,2026-09-29 18:48:22,🚀點火(10.1x) 🚬菸屁股 ⚠️尾段價外(56%),BUY_WATCH,3
AMZN,2026-10-09,257.5,1.37,2679,1058,30.53047985839844,10,246.6699981689453,1.34,1.4,2026-09-29 19:59:57,🆕新倉暴量,HOLD,3
TGT,2026-10-16,155.0,4.9,884,1035,33.936207519531244,17,156.42999267578125,4.7,5.3,2026-09-29 19:54:11,🆕新倉暴量,HOLD,3
HOOD,2026-10-09,120.0,3.3,1378,1009,63.98961791992188,10,116.22,3.25,3.4,2026-09-29 19:59:27,🆕新倉暴量,HOLD,3
PCG,2026-12-18,12.0,1.18,3076,999,50.04932763671876,80,12.180000305175781,1.1,1.22,2026-09-29 19:59:26,🆕新倉暴量,HOLD,3
RKLB,2026-11-20,90.0,2.64,988,987,79.101771484375,52,69.7,2.47,2.64,2026-09-29 19:59:53,🆕新倉暴量,HOLD,3
CRM,2026-10-16,240.0,2.79,2849,918,41.18711157226562,17,225.30999755859375,2.69,2.9,2026-09-29 19:59:28,🆕新倉暴量,HOLD,3
ASTS,2026-10-16,60.0,3.8,2718,910,76.31859619140626,17,59.4,3.5,3.75,2026-09-29 19:57:16,🆕新倉暴量,HOLD,3
AMZN,2026-10-16,257.5,2.49,1754,841,30.92110095214844,17,246.6699981689453,2.44,2.64,2026-09-29 19:59:47,🆕新倉暴量,HOLD,3
PANW,2026-10-16,430.0,4.25,2617,816,54.327849304199226,17,388.4100036621094,4.65,5.55,2026-09-29 19:58:22,🆕新倉暴量,HOLD,3
HOOD,2026-10-09,125.0,1.91,1157,796,64.77086010742188,10,116.22,1.85,1.97,2026-09-29 19:57:50,🆕新倉暴量,HOLD,3
DKNG,2027-01-15,20.0,2.6,919,780,67.28548339843752,108,19.59,2.52,2.83,2026-09-29 19:57:40,🆕新倉暴量,HOLD,3
KTOS,2026-11-20,50.0,1.9,1463,762,66.62631030273441,52,43.05,1.85,2.1,2026-09-29 19:58:51,🆕新倉暴量,HOLD,3
NVDA,2026-12-18,300.0,0.87,46748,752,35.69400244140625,80,227.21,0.8,0.87,2026-09-29 19:59:54,🚬菸屁股 🔥萬人塚,HOLD,3
NVDA,2028-01-21,250.0,36.45,38009,746,43.73377799987793,479,227.21,36.25,36.65,2026-09-29 19:54:24,🔭LEAPS 🔥萬人塚,HOLD,3
ONDS,2027-01-15,10.0,0.59,54201,745,82.3243955078125,108,7.480000019073486,0.58,0.61,2026-09-29 19:47:49,🚬菸屁股 🔥萬人塚,HOLD,3
SMCI,2026-12-18,62.0,2.15,1591,695,85.4493642578125,80,41.02,1.35,1.77,2026-09-25 18:15:27,🆕新倉暴量,HOLD,3
NKE,2026-10-09,36.0,1.67,2741,682,74.02369726562499,10,35.84000015258789,1.65,1.7,2026-09-29 19:58:57,🆕新倉暴量,HOLD,3
OKLO,2026-10-16,45.0,0.42,58036,643,77.73459765625,17,37.11,0.4,0.45,2026-09-29 19:55:00,🚬菸屁股 🔥萬人塚,HOLD,3
SOFI,2028-01-21,30.0,1.47,31876,617,61.133201171875015,479,15.91,1.45,1.48,2026-09-29 19:58:18,🔭LEAPS 🔥萬人塚,HOLD,3
NVDA,2028-01-21,300.0,21.6,100543,616,41.95614685058594,479,227.21,21.3,21.6,2026-09-29 19:59:51,🔭LEAPS 🔥萬人塚,HOLD,3
DKNG,2026-12-18,20.0,2.25,940,557,69.5315546875,80,19.59,2.2,2.52,2026-09-29 19:56:22,🆕新倉暴量,HOLD,3
IREN,2026-10-16,43.0,2.0,1502,551,75.7814921875,17,41.38,1.96,2.07,2026-09-29 19:52:37,🆕新倉暴量,HOLD,3
DIS,2026-10-16,105.0,2.4,2592,547,27.368890380859373,17,105.41000366210938,2.4,2.69,2026-09-29 19:43:37,🆕新倉暴量,HOLD,3
OPEN,2027-01-15,5.0,0.1,30457,516,117.96916015624998,108,2.37,0.09,0.17,2026-09-29 19:33:11,🚬菸屁股 🔥萬人塚,HOLD,3
RKLB,2026-10-09,75.0,1.34,976,492,70.312796875,10,69.7,1.3,1.4,2026-09-29 19:59:07,🆕新倉暴量,HOLD,3
NKE,2027-01-15,37.5,2.85,2335,471,47.02201416015625,108,35.84000015258789,2.8,2.96,2026-09-29 19:57:52,🆕新倉暴量,HOLD,3
DKNG,2027-01-15,23.0,1.51,1597,464,64.20934228515625,108,19.59,1.5,1.6,2026-09-29 19:58:02,🆕新倉暴量,HOLD,3
INTC,2026-10-16,160.0,0.22,70306,462,77.24632128906251,17,115.93,0.22,0.24,2026-09-29 19:57:04,🚬菸屁股 🔥萬人塚,HOLD,3
PCG,2026-10-16,16.0,0.02,12722,439,67.96907031250001,17,12.180000305175781,0.01,0.04,2026-09-29 17:44:01,🚀點火(10.5x) 🚬菸屁股 ⚠️尾段價外(31%),BUY_WATCH,3
IREN,2026-10-16,44.0,1.7,2098,420,76.22094091796876,17,41.38,1.63,1.73,2026-09-29 19:53:34,🆕新倉暴量,HOLD,3
NVDA,2027-01-15,460.0,0.05,33260,413,46.19194433593751,108,227.21,0.05,0.06,2026-09-29 19:28:50,🚬菸屁股 🔥萬人塚,HOLD,3
GS,2026-10-16,1000.0,5.35,1385,403,37.13441772460938,17,916.239990234375,4.8,5.35,2026-09-29 19:59:21,🆕新倉暴量,HOLD,3
SOFI,2028-01-21,20.0,3.15,30999,399,61.548236083984385,479,15.91,3.1,3.2,2026-09-29 19:44:49,🔭LEAPS 🔥萬人塚,HOLD,3
IBIT,2026-11-20,57.0,0.43,36067,380,41.01621484375,52,47.33,0.42,0.45,2026-09-29 20:00:58,🚬菸屁股 🔥萬人塚,HOLD,3
SOFI,2027-01-15,30.0,0.13,77348,374,66.40658593750001,108,15.91,0.12,0.13,2026-09-29 19:51:58,🚬菸屁股 🔥萬人塚,HOLD,3
ACHR,2027-01-15,10.0,0.12,53510,370,87.89074609375,108,5.059999942779541,0.11,0.12,2026-09-29 19:51:37,🚬菸屁股 🔥萬人塚,HOLD,3
OPEN,2028-01-21,5.0,0.56,43177,366,101.5629921875,479,2.37,0.55,0.6,2026-09-29 19:47:39,🔭LEAPS 🔥萬人塚,HOLD,3
OPEN,2028-01-21,10.0,0.3,53333,366,105.2739111328125,479,2.37,0.29,0.3,2026-09-29 19:18:00,🔭LEAPS 🔥萬人塚,HOLD,3
IBIT,2027-01-15,60.0,0.92,57664,347,42.017181396484375,108,47.33,0.91,0.94,2026-09-29 19:44:55,🚬菸屁股 🔥萬人塚,HOLD,3
OPEN,2028-01-21,15.0,0.21,33990,341,110.35201074218752,479,2.37,0.2,0.22,2026-09-29 18:51:03,🔭LEAPS 🔥萬人塚,HOLD,3
OPEN,2028-01-21,20.0,3.25,37480,327,50.0005,479,2.37,0.0,0.0,2025-11-17 20:56:15,🔭LEAPS 🔥萬人塚,HOLD,3
AMZN,2026-10-16,300.0,0.07,40999,296,39.16076464843749,17,246.6699981689453,0.06,0.08,2026-09-29 19:57:32,🚬菸屁股 🔥萬人塚,HOLD,3
U,2026-10-16,55.0,0.04,1349,277,70.312796875,17,39.72,0.02,0.06,2026-09-29 19:23:05,🚀點火(5.3x) 🚬菸屁股 ⚠️尾段價外(38%),BUY_WATCH,3
SOFI,2028-01-21,15.0,4.83,31649,232,63.01306518554688,479,15.91,4.8,4.85,2026-09-29 19:51:22,🔭LEAPS 🔥萬人塚,HOLD,3
JOBY,2026-10-16,8.0,0.02,4807,223,73.437765625,17,5.989999771118164,0.01,0.02,2026-09-29 19:54:00,🚀點火(5.9x) 🚬菸屁股 ⚠️尾段價外(34%),BUY_WATCH,3
ONDS,2026-12-18,8.0,0.9,36681,222,79.7853583984375,80,7.480000019073486,0.88,0.93,2026-09-29 19:48:52,🚬菸屁股 🔥萬人塚,HOLD,3
IBIT,2026-12-18,70.0,0.19,38416,180,47.852083984375,80,47.33,0.19,0.21,2026-09-29 19:54:24,🚬菸屁股 🔥萬人塚,HOLD,3
ONDS,2027-01-15,30.0,0.03,81397,152,114.0629296875,108,7.480000019073486,0.02,0.06,2026-09-29 19:18:42,🆕低基期(前日Vol11) 🚬菸屁股 🔥萬人塚,HOLD,3
ONDS,2028-01-21,30.0,0.61,75671,150,90.82040429687498,479,7.480000019073486,0.52,0.68,2026-09-29 19:56:01,🔭LEAPS 🔥萬人塚,HOLD,3
NKE,2026-10-16,47.5,0.07,11471,131,68.35969140625001,17,35.84000015258789,0.06,0.07,2026-09-29 19:56:35,🚀點火(3.4x) 🚬菸屁股 ⚠️尾段價外(33%),BUY_WATCH,3
IREN,2028-01-21,110.0,5.85,52178,120,89.36167864990234,479,41.38,5.1,6.45,2026-09-29 19:32:19,🔭LEAPS 🔥萬人塚,HOLD,3
IBIT,2028-06-16,100.0,3.0,34217,118,51.42870837402342,626,47.33,2.9,3.1,2026-09-29 19:32:06,🔭LEAPS 🔥萬人塚,HOLD,3
NVDA,2027-01-15,340.0,0.54,72711,92,37.72034936523438,108,227.21,0.47,0.53,2026-09-29 19:58:34,🚬菸屁股 🔥萬人塚,HOLD,3
IBIT,2027-01-15,90.0,0.18,34838,92,56.055126953125,108,47.33,0.11,0.14,2026-09-24 16:48:07,🚬菸屁股 🔥萬人塚,HOLD,3
OKLO,2026-12-18,90.0,0.29,31596,90,100.09815576171874,80,37.11,0.25,0.35,2026-09-29 18:43:47,🚬菸屁股 🔥萬人塚,HOLD,3
SOFI,2027-01-15,35.0,0.07,31669,87,72.07059179687501,108,15.91,0.07,0.08,2026-09-29 19:11:09,🚬菸屁股 🔥萬人塚,HOLD,3
IBIT,2027-01-15,70.0,0.35,34087,76,45.94780615234375,108,47.33,0.35,0.36,2026-09-29 19:55:57,🚬菸屁股 🔥萬人塚,HOLD,3
IBIT,2027-01-15,80.0,0.19,32386,76,51.17236328125,108,47.33,0.19,0.2,2026-09-29 19:14:19,🚬菸屁股 🔥萬人塚,HOLD,3
DKNG,2026-10-16,27.5,0.02,1268,69,70.312796875,17,19.59,0.01,0.02,2026-09-29 19:48:01,🚀點火(3.1x) 🚬菸屁股 ⚠️尾段價外(40%),BUY_WATCH,3
OPEN,2028-01-21,7.0,0.43,30479,61,103.90673046875003,479,2.37,0.42,0.44,2026-09-29 19:30:25,🔭LEAPS 🔥萬人塚,HOLD,3
OPEN,2027-01-15,7.0,0.05,50053,57,125.78162109374999,108,2.37,0.04,0.09,2026-09-29 19:50:26,🚬菸屁股 🔥萬人塚,HOLD,3
IBIT,2028-01-21,140.0,0.78,34574,49,54.1264353027344,479,47.33,0.75,0.83,2026-09-29 19:47:00,🔭LEAPS 🔥萬人塚,HOLD,3
PCG,2027-01-15,22.0,0.08,70541,46,71.48466015625,108,12.180000305175781,0.04,0.31,2026-09-29 19:45:51,🆕低基期(前日Vol4) 🚬菸屁股 🔥萬人塚,HOLD,3
PCG,2026-11-20,16.0,0.1,82614,43,54.68795312500001,52,12.180000305175781,0.1,0.15,2026-09-29 19:53:43,🚬菸屁股 🔥萬人塚,HOLD,3
TSLA,2027-01-15,960.0,0.23,111573,32,68.60382958984376,108,352.84,0.23,0.25,2026-09-29 19:41:27,🚬菸屁股 🔥萬人塚,HOLD,3
DIS,2028-01-21,150.0,3.73,34220,32,34.36344934082031,479,105.41000366210938,3.55,4.95,2026-09-28 19:34:22,🔭LEAPS 🔥萬人塚,HOLD,3
MARA,2027-01-15,40.0,0.09,33278,24,104.68797656250001,108,11.989999771118164,0.05,0.1,2026-09-29 17:43:38,🚬菸屁股 🔥萬人塚,HOLD,3
DKNG,2026-11-20,37.5,0.04,99335,23,75.7814921875,52,19.59,0.02,0.04,2026-09-29 19:59:19,🆕低基期(前日Vol1) 🚬菸屁股 🔥萬人塚,HOLD,3
PCG,2027-01-15,20.0,0.12,36867,22,63.47692773437501,108,12.180000305175781,0.11,0.25,2026-09-29 19:47:48,🚬菸屁股 🔥萬人塚,HOLD,3
NVDA,2028-01-21,350.0,12.83,31236,21,41.34885311889648,479,227.21,12.45,12.9,2026-09-29 19:35:56,🔭LEAPS 🔥萬人塚,HOLD,3
IBIT,2027-01-15,140.0,0.04,30963,21,75.00025000000001,108,47.33,0.03,0.05,2026-09-29 19:04:25,🚬菸屁股 🔥萬人塚,HOLD,3
F,2027-01-15,14.85,0.24,53849,19,37.305314453125,108,12.300000190734863,0.22,0.26,2026-09-29 19:56:19,🚬菸屁股 🔥萬人塚,HOLD,3
PCG,2026-10-16,20.0,0.01,71669,17,90.62509374999999,17,12.180000305175781,0.0,0.01,2026-09-24 19:32:53,🚬菸屁股 🔥萬人塚,HOLD,3
F,2027-01-15,16.85,0.1,36389,15,39.649041015625,108,12.300000190734863,0.08,0.1,2026-09-29 19:18:49,🚬菸屁股 🔥萬人塚,HOLD,3
PCG,2026-12-18,18.0,0.11,80932,12,65.43003320312502,80,12.180000305175781,0.09,0.34,2026-09-29 18:50:35,🚬菸屁股 🔥萬人塚,HOLD,3
PCG,2026-12-18,19.0,0.1,30317,9,57.0316796875,80,12.180000305175781,0.06,0.1,2026-09-24 16:25:14,🚬菸屁股 🔥萬人塚,HOLD,3
IBIT,2027-01-15,100.0,0.09,44902,7,60.15664843750002,108,47.33,0.07,0.1,2026-09-29 19:13:11,🚬菸屁股 🔥萬人塚,HOLD,3
INTC,2028-01-21,80.0,53.5,33692,7,73.93214544677733,479,115.93,52.0,53.85,2026-09-29 17:41:45,🔭LEAPS 🔥萬人塚,HOLD,3
F,2027-01-15,19.85,0.04,53735,7,47.461462890625,108,12.300000190734863,0.01,0.05,2026-09-28 17:18:28,🚬菸屁股 🔥萬人塚,HOLD,3
PCG,2026-11-20,20.0,0.04,250209,5,64.8441015625,52,12.180000305175781,0.02,0.04,2026-09-28 17:43:14,🚬菸屁股 🔥萬人塚,HOLD,3
TSLA,2027-01-15,940.0,0.27,93663,3,67.48079394531253,108,352.84,0.22,0.27,2026-09-29 14:01:12,🚬菸屁股 🔥萬人塚,HOLD,3
PCG,2027-01-15,17.0,0.23,63612,2,58.789474609375006,108,12.180000305175781,0.26,0.44,2026-09-29 16:21:46,🚬菸屁股 🔥萬人塚,HOLD,3
PCG,2026-12-18,20.0,0.07,140485,1,61.914443359375014,80,12.180000305175781,0.05,0.11,2026-09-29 19:52:25,🚬菸屁股 🔥萬人塚,HOLD,3
NVDA,2026-10-02,230.0,1.68,25617,47662,34.8639326171875,3,227.21,1.69,1.7,2026-09-29 19:59:59,🎲末日結算 🚨異常掃貨 🏛️機構場,GAMBLE,2
INTC,2026-10-16,120.0,4.69,38362,14462,64.13610083007812,17,115.93,4.65,4.7,2026-09-29 19:59:57,🔥萬人塚,HOLD,2
NVDA,2026-10-16,250.0,0.53,73695,10256,30.884480224609373,17,227.21,0.53,0.54,2026-09-29 19:59:57,🚬菸屁股 🔥萬人塚 🏛️機構場,HOLD,2
MSTR,2026-10-02,180.0,0.25,8170,9593,96.0937890625,3,154.67,0.23,0.25,2026-09-29 19:59:58,🎲末日結算 🆕新倉暴量 🚬菸屁股 ⚠️暴動高IV(96%),GAMBLE,2
NVDA,2026-10-09,230.0,3.48,11988,8968,31.909860595703115,10,227.21,3.5,3.55,2026-09-29 19:59:52,🆕新倉暴量 🏛️機構場,HOLD,2
AAPL,2026-10-16,360.0,0.27,53599,7575,23.316196533203126,17,329.4,0.26,0.27,2026-09-29 19:58:57,🚬菸屁股 🔥萬人塚 🏛️機構場,HOLD,2
AMZN,2026-10-16,260.0,1.94,36646,7298,30.347376220703122,17,246.6699981689453,1.91,1.98,2026-09-29 19:59:55,🔥萬人塚,HOLD,2
MSTR,2026-10-02,175.0,0.4,13735,7076,91.01571484374999,3,154.67,0.39,0.41,2026-09-29 19:59:57,🎲末日結算 🆕新倉暴量 🚬菸屁股 ⚠️暴動高IV(91%),GAMBLE,2
MSTR,2026-10-02,167.5,0.95,15748,6803,84.179845703125,3,154.67,0.91,0.97,2026-09-29 19:59:47,🎲末日結算 🆕新倉暴量 🚬菸屁股 ⚠️暴動高IV(84%),GAMBLE,2
IREN,2026-10-02,50.0,0.03,12331,6294,103.90673046875003,3,41.38,0.03,0.04,2026-09-29 19:53:33,🎲末日結算 🆕新倉暴量 🚬菸屁股 ⚠️暴動高IV(104%),GAMBLE,2
CRWV,2026-10-02,95.0,0.37,5409,6079,88.76964355468748,3,85.93000030517578,0.36,0.38,2026-09-29 19:58:09,🎲末日結算 🆕新倉暴量 🚬菸屁股 ⚠️暴動高IV(89%),GAMBLE,2
AAPL,2026-10-16,350.0,0.9,33740,5640,23.120885986328126,17,329.4,0.87,0.92,2026-09-29 19:59:57,🚬菸屁股 🔥萬人塚 🏛️機構場,HOLD,2
CRWV,2026-10-02,100.0,0.11,8107,5488,93.35944140625,3,85.93000030517578,0.11,0.12,2026-09-29 19:59:39,🎲末日結算 🆕新倉暴量 🚬菸屁股 ⚠️暴動高IV(93%),GAMBLE,2
NVDA,2026-10-16,260.0,0.17,69946,5479,32.56903369140625,17,227.21,0.16,0.18,2026-09-29 19:59:24,🚬菸屁股 🔥萬人塚 🏛️機構場,HOLD,2
INTC,2026-10-16,130.0,2.13,96068,5224,66.35775830078127,17,115.93,2.09,2.13,2026-09-29 19:59:59,🔥萬人塚,HOLD,2
AAPL,2026-10-16,330.0,6.75,14131,4465,25.702647277832035,17,329.4,6.6,7.0,2026-09-29 19:59:33,🆕新倉暴量 🏛️機構場,HOLD,2
HIMS,2026-10-02,31.0,0.19,6206,4319,85.54701953125,3,28.700000762939453,0.17,0.22,2026-09-29 19:56:40,🎲末日結算 🆕新倉暴量 🚬菸屁股 ⚠️暴動高IV(86%),GAMBLE,2
HIMS,2026-10-02,32.0,0.11,4715,4301,89.062609375,3,28.700000762939453,0.09,0.11,2026-09-29 19:57:26,🎲末日結算 🆕新倉暴量 🚬菸屁股 ⚠️暴動高IV(89%),GAMBLE,2
NVDA,2026-10-16,245.0,0.97,39676,4003,30.664755859375,17,227.21,0.98,0.99,2026-09-29 19:59:21,🚬菸屁股 🔥萬人塚 🏛️機構場,HOLD,2
IBIT,2026-10-16,48.0,1.19,54570,3952,36.08462353515625,17,47.33,1.15,1.17,2026-09-29 19:58:52,🔥萬人塚,HOLD,2
AAPL,2026-11-20,370.0,1.85,7156,3901,25.794199096679694,52,329.4,1.8,1.93,2026-09-29 19:59:18,🆕新倉暴量 🏛️機構場,HOLD,2
AAPL,2026-10-16,335.0,4.5,12313,3809,24.280542358398435,17,329.4,4.3,4.5,2026-09-29 19:59:53,🆕新倉暴量 🏛️機構場,HOLD,2
NVDA,2026-11-20,250.0,4.6,36395,3541,36.37758935546876,52,227.21,4.6,4.7,2026-09-29 19:59:49,🔥萬人塚,HOLD,2
ASTS,2026-10-02,70.0,0.1,4953,3363,103.12548437500001,3,59.4,0.09,0.1,2026-09-29 19:56:13,🎲末日結算 🆕新倉暴量 🚬菸屁股 ⚠️暴動高IV(103%),GAMBLE,2
RKLB,2026-10-02,80.0,0.1,6404,3358,86.7188828125,3,69.7,0.09,0.1,2026-09-29 19:58:46,🎲末日結算 🆕新倉暴量 🚬菸屁股 ⚠️暴動高IV(87%),GAMBLE,2
OPEN,2026-10-02,2.5,0.03,8631,3216,81.2501875,3,2.37,0.02,0.03,2026-09-29 19:59:22,🎲末日結算 🆕新倉暴量 🚬菸屁股 ⚠️暴動高IV(81%),GAMBLE,2
IREN,2026-10-02,44.0,0.42,2971,2851,86.132951171875,3,41.38,0.4,0.42,2026-09-29 19:59:54,🎲末日結算 🆕新倉暴量 🚬菸屁股 ⚠️暴動高IV(86%),GAMBLE,2
NVDA,2026-11-20,230.0,11.7,102096,2716,38.2269360961914,52,227.21,11.65,11.8,2026-09-29 19:59:33,🔥萬人塚,HOLD,2
SMCI,2026-10-02,44.0,0.3,9269,2550,81.64080859375,3,41.02,0.28,0.3,2026-09-29 19:59:42,🎲末日結算 🆕新倉暴量 🚬菸屁股 ⚠️暴動高IV(82%),GAMBLE,2
MU,2026-10-02,1400.0,0.68,2667,2507,135.64485302734374,3,1065.0799560546875,0.67,0.7,2026-09-29 19:59:39,🎲末日結算 🆕新倉暴量 🚬菸屁股 ⚠️暴動高IV(136%),GAMBLE,2
SMCI,2026-10-02,42.5,0.62,2436,2360,80.4689453125,3,41.02,0.6,0.63,2026-09-29 19:59:42,🎲末日結算 🆕新倉暴量 🚬菸屁股 ⚠️暴動高IV(80%),GAMBLE,2
NKE,2026-10-02,37.5,0.93,2504,2305,122.75429248046876,3,35.84000015258789,0.89,0.97,2026-09-29 19:51:36,🎲末日結算 🆕新倉暴量 🚬菸屁股 ⚠️暴動高IV(123%),GAMBLE,2
NVDA,2027-01-15,300.0,1.7,66589,2297,35.596347167968744,108,227.21,1.65,1.71,2026-09-29 19:57:55,🔥萬人塚,HOLD,2
IREN,2026-10-02,47.0,0.11,3218,2195,91.79695703125,3,41.38,0.09,0.11,2026-09-29 19:59:25,🎲末日結算 🆕新倉暴量 🚬菸屁股 ⚠️暴動高IV(92%),GAMBLE,2
HOOD,2026-10-02,130.0,0.25,7270,2141,81.83611914062499,3,116.22,0.25,0.27,2026-09-29 19:59:41,🎲末日結算 🆕新倉暴量 🚬菸屁股 ⚠️暴動高IV(82%),GAMBLE,2
SMCI,2026-10-02,45.0,0.17,6772,2110,84.37515624999999,3,41.02,0.17,0.19,2026-09-29 19:56:35,🎲末日結算 🆕新倉暴量 🚬菸屁股 ⚠️暴動高IV(84%),GAMBLE,2
NVDA,2026-12-18,250.0,7.1,48737,2085,36.1761753540039,80,227.21,7.0,7.2,2026-09-29 19:56:43,🔥萬人塚,HOLD,2
AMZN,2027-01-15,300.0,4.38,68138,1947,36.05410626220703,108,246.6699981689453,4.35,4.45,2026-09-29 19:59:25,🔥萬人塚,HOLD,2
SMCI,2026-10-02,50.0,0.03,6436,1922,102.34423828125001,3,41.02,0.02,0.03,2026-09-29 19:59:50,🎲末日結算 🆕新倉暴量 🚬菸屁股 ⚠️暴動高IV(102%),GAMBLE,2
INTC,2026-11-20,130.0,7.4,51715,1873,71.93631579589844,52,115.93,7.35,7.45,2026-09-29 19:59:32,🔥萬人塚,HOLD,2
HIMS,2026-10-02,30.0,0.37,5176,1818,84.179845703125,3,28.700000762939453,0.38,0.4,2026-09-29 19:59:20,🎲末日結算 🆕新倉暴量 🚬菸屁股 ⚠️暴動高IV(84%),GAMBLE,2
NKE,2026-10-02,38.0,0.79,6224,1742,121.09414453124998,3,35.84000015258789,0.75,0.77,2026-09-29 19:58:55,🎲末日結算 🆕新倉暴量 🚬菸屁股 ⚠️暴動高IV(121%),GAMBLE,2
IREN,2026-10-02,46.0,0.17,3529,1682,89.45323046875,3,41.38,0.15,0.17,2026-09-29 19:57:36,🎲末日結算 🆕新倉暴量 🚬菸屁股 ⚠️暴動高IV(89%),GAMBLE,2
RKLB,2026-10-02,78.0,0.19,1732,1652,82.42205078125,3,69.7,0.14,0.18,2026-09-29 19:57:22,🎲末日結算 🆕新倉暴量 🚬菸屁股 ⚠️暴動高IV(82%),GAMBLE,2
TSLA,2027-01-15,400.0,16.88,38641,1616,43.90925231933594,108,352.84,16.8,17.0,2026-09-29 19:59:23,🔥萬人塚,HOLD,2
IONQ,2026-10-02,46.0,0.56,2950,1600,84.179845703125,3,43.91,0.55,0.59,2026-09-29 19:59:42,🎲末日結算 🆕新倉暴量 🚬菸屁股 ⚠️暴動高IV(84%),GAMBLE,2
NVDA,2026-11-20,240.0,7.52,35276,1512,37.164934997558596,52,227.21,7.5,7.65,2026-09-29 19:59:17,🔥萬人塚,HOLD,2
OKLO,2026-10-02,40.0,0.26,2086,1434,85.54701953125,3,37.11,0.25,0.28,2026-09-29 19:59:11,🎲末日結算 🆕新倉暴量 🚬菸屁股 ⚠️暴動高IV(86%),GAMBLE,2
SMR,2026-10-02,9.0,0.02,4633,1396,109.375453125,3,7.760000228881836,0.02,0.03,2026-09-29 19:59:15,🎲末日結算 🆕新倉暴量 🚬菸屁股 ⚠️暴動高IV(109%),GAMBLE,2
NVDA,2027-01-15,230.0,17.5,45055,1294,38.28797064208984,108,227.21,17.4,17.6,2026-09-29 19:59:24,🔥萬人塚,HOLD,2
NVDA,2027-01-15,250.0,9.55,66591,1290,36.69191726684571,108,227.21,9.5,9.7,2026-09-29 19:59:51,🔥萬人塚,HOLD,2
IBIT,2026-12-18,50.0,2.5,34672,1289,40.57676611328125,80,47.33,2.46,2.5,2026-09-29 19:46:34,🔥萬人塚,HOLD,2
NKE,2026-10-02,50.0,0.01,1411,1223,134.37532812499998,3,35.84000015258789,0.0,0.01,2026-09-29 18:55:27,🎲末日結算 🆕新倉暴量 🚬菸屁股 ⚠️暴動高IV(134%),GAMBLE,2
ASTS,2026-10-02,69.0,0.1,2534,1222,98.437515625,3,59.4,0.1,0.12,2026-09-29 19:58:26,🎲末日結算 🆕新倉暴量 🚬菸屁股 ⚠️暴動高IV(98%),GAMBLE,2
MU,2026-10-02,1500.0,0.3,2803,1156,148.047134765625,3,1065.0799560546875,0.28,0.3,2026-09-29 19:59:32,🎲末日結算 🆕新倉暴量 🚬菸屁股 ⚠️暴動高IV(148%),GAMBLE,2
CRWV,2026-10-02,97.0,0.22,2751,1137,90.82040429687498,3,85.93000030517578,0.22,0.25,2026-09-29 19:58:48,🎲末日結算 🆕新倉暴量 🚬菸屁股 ⚠️暴動高IV(91%),GAMBLE,2
IREN,2026-10-02,43.5,0.53,1157,1132,86.32826171875,3,41.38,0.51,0.54,2026-09-29 19:58:13,🎲末日結算 🆕新倉暴量 🚬菸屁股 ⚠️暴動高IV(86%),GAMBLE,2
NKE,2026-10-02,39.5,0.42,1544,1097,119.922275390625,3,35.84000015258789,0.4,0.43,2026-09-29 19:57:08,🎲末日結算 🆕新倉暴量 🚬菸屁股 ⚠️暴動高IV(120%),GAMBLE,2
HOOD,2026-10-02,135.0,0.08,5151,1070,83.59391406249999,3,116.22,0.07,0.1,2026-09-29 19:57:42,🎲末日結算 🆕新倉暴量 🚬菸屁股 ⚠️暴動高IV(84%),GAMBLE,2
NVDA,2027-01-15,270.0,4.85,30067,1051,35.6451748046875,108,227.21,4.8,4.9,2026-09-29 19:55:15,🔥萬人塚,HOLD,2
RKLB,2026-10-02,77.0,0.23,1371,1038,81.83611914062499,3,69.7,0.19,0.26,2026-09-29 19:53:34,🎲末日結算 🆕新倉暴量 🚬菸屁股 ⚠️暴動高IV(82%),GAMBLE,2
SMR,2026-10-02,8.0,0.13,914,1024,84.37515624999999,3,7.760000228881836,0.13,0.15,2026-09-29 19:59:33,🎲末日結算 🆕新倉暴量 🚬菸屁股 ⚠️暴動高IV(84%),GAMBLE,2
IONQ,2026-10-02,48.0,0.23,2756,983,87.695435546875,3,43.91,0.22,0.26,2026-09-29 19:58:46,🎲末日結算 🆕新倉暴量 🚬菸屁股 ⚠️暴動高IV(88%),GAMBLE,2
NVDA,2026-12-18,280.0,2.02,34263,981,35.28507098388671,80,227.21,1.97,2.04,2026-09-29 19:58:40,🔥萬人塚,HOLD,2
NBIS,2026-10-02,300.0,0.11,3690,943,113.0863720703125,3,237.355,0.09,0.12,2026-09-29 19:52:56,🎲末日結算 🆕新倉暴量 🚬菸屁股 ⚠️暴動高IV(113%),GAMBLE,2
IONQ,2026-10-02,45.0,0.86,2652,864,82.42205078125,3,43.91,0.81,0.89,2026-09-29 19:56:24,🎲末日結算 🆕新倉暴量 🚬菸屁股 ⚠️暴動高IV(82%),GAMBLE,2
NVDA,2027-01-15,220.0,22.73,40557,858,39.493402923583986,108,227.21,22.65,22.95,2026-09-29 19:56:51,🔥萬人塚,HOLD,2
NVDA,2027-01-15,280.0,3.4,35139,838,35.65127825927734,108,227.21,3.4,3.5,2026-09-29 19:56:35,🔥萬人塚,HOLD,2
NBIS,2026-10-02,290.0,0.18,1492,823,108.59420703125,3,237.355,0.15,0.25,2026-09-29 19:55:26,🎲末日結算 🆕新倉暴量 🚬菸屁股 ⚠️暴動高IV(109%),GAMBLE,2
CRWV,2026-10-02,101.0,0.09,1229,814,96.87503124999999,3,85.93000030517578,0.09,0.12,2026-09-29 19:51:01,🎲末日結算 🆕新倉暴量 🚬菸屁股 ⚠️暴動高IV(97%),GAMBLE,2
IBIT,2026-12-18,55.0,1.17,54122,809,40.84531811523438,80,47.33,1.16,1.2,2026-09-29 20:11:38,🔥萬人塚,HOLD,2
DKNG,2026-10-02,23.5,0.01,1583,800,93.7500625,3,19.59,0.0,0.02,2026-09-29 19:59:42,🎲末日結算 🆕新倉暴量 🚬菸屁股 ⚠️暴動高IV(94%),GAMBLE,2
IREN,2026-10-02,48.5,0.04,1357,758,93.7500625,3,41.38,0.02,0.07,2026-09-29 19:57:39,🎲末日結算 🆕新倉暴量 🚬菸屁股 ⚠️暴動高IV(94%),GAMBLE,2
INTC,2026-10-16,110.0,9.5,41308,726,63.9652041015625,17,115.93,9.55,9.7,2026-09-29 19:52:04,🔥萬人塚,HOLD,2
NVDA,2027-01-15,240.0,13.05,47399,724,37.37245245361328,108,227.21,13.0,13.2,2026-09-29 19:59:54,🔥萬人塚,HOLD,2
SMCI,2026-10-02,47.0,0.07,3052,681,88.2813671875,3,41.02,0.06,0.07,2026-09-29 19:57:41,🎲末日結算 🆕新倉暴量 🚬菸屁股 ⚠️暴動高IV(88%),GAMBLE,2
NVDA,2026-11-20,275.0,1.18,80543,666,35.85269226074219,52,227.21,1.17,1.21,2026-09-29 19:57:30,🔥萬人塚,HOLD,2
NKE,2026-10-02,43.0,0.11,1144,641,123.43788281249999,3,35.84000015258789,0.09,0.1,2026-09-29 19:53:12,🎲末日結算 🆕新倉暴量 🚬菸屁股 ⚠️暴動高IV(123%),GAMBLE,2
IREN,2027-01-15,50.0,4.65,39195,599,84.49722534179686,108,41.38,4.6,4.75,2026-09-29 19:54:55,🔥萬人塚,HOLD,2
LUNR,2026-10-02,18.5,0.02,1004,599,135.93782031249998,3,14.550000190734863,0.01,0.03,2026-09-29 15:00:17,🎲末日結算 🆕新倉暴量 🚬菸屁股 ⚠️暴動高IV(136%),GAMBLE,2
DKNG,2026-10-02,23.0,0.02,2149,571,93.7500625,3,19.59,0.01,0.03,2026-09-29 19:39:57,🎲末日結算 🆕新倉暴量 🚬菸屁股 ⚠️暴動高IV(94%),GAMBLE,2
CRWV,2026-10-02,98.0,0.19,1242,570,91.60164648437501,3,85.93000030517578,0.17,0.2,2026-09-29 19:42:34,🎲末日結算 🆕新倉暴量 🚬菸屁股 ⚠️暴動高IV(92%),GAMBLE,2
IREN,2026-10-02,49.0,0.05,2136,544,98.437515625,3,41.38,0.04,0.05,2026-09-29 19:52:57,🎲末日結算 🆕新倉暴量 🚬菸屁股 ⚠️暴動高IV(98%),GAMBLE,2
IONQ,2026-10-02,60.0,0.01,927,540,125.00037499999999,3,43.91,0.0,0.01,2026-09-29 19:33:16,🎲末日結算 🆕新倉暴量 🚬菸屁股 ⚠️暴動高IV(125%),GAMBLE,2
RKLB,2026-10-02,85.0,0.04,2497,536,99.60937890625,3,69.7,0.03,0.04,2026-09-29 19:58:56,🎲末日結算 🆕新倉暴量 🚬菸屁股 ⚠️暴動高IV(100%),GAMBLE,2
ASTS,2026-10-02,75.0,0.05,2631,530,121.09414453124998,3,59.4,0.04,0.05,2026-09-29 19:56:44,🎲末日結算 🆕新倉暴量 🚬菸屁股 ⚠️暴動高IV(121%),GAMBLE,2
RKLB,2026-10-02,81.0,0.07,1755,517,89.062609375,3,69.7,0.07,0.08,2026-09-29 19:59:13,🎲末日結算 🆕新倉暴量 🚬菸屁股 ⚠️暴動高IV(89%),GAMBLE,2
NVDA,2026-12-18,220.0,20.0,60214,515,39.30724755859375,80,227.21,19.9,20.25,2026-09-29 19:57:04,🔥萬人塚,HOLD,2
ASTS,2026-10-02,72.0,0.07,1365,509,109.375453125,3,59.4,0.06,0.07,2026-09-29 19:18:07,🎲末日結算 🆕新倉暴量 🚬菸屁股 ⚠️暴動高IV(109%),GAMBLE,2
IONQ,2026-10-02,45.5,0.7,1234,503,83.39860351562498,3,43.91,0.67,0.73,2026-09-29 19:57:26,🎲末日結算 🆕新倉暴量 🚬菸屁股 ⚠️暴動高IV(83%),GAMBLE,2
HOOD,2026-10-02,136.0,0.07,1360,498,84.37515624999999,3,116.22,0.06,0.08,2026-09-29 19:57:36,🎲末日結算 🆕新倉暴量 🚬菸屁股 ⚠️暴動高IV(84%),GAMBLE,2
RKLB,2026-10-02,79.0,0.1,1060,474,84.961087890625,3,69.7,0.11,0.14,2026-09-29 19:58:23,🎲末日結算 🆕新倉暴量 🚬菸屁股 ⚠️暴動高IV(85%),GAMBLE,2
SMCI,2026-10-02,49.0,0.04,793,456,98.437515625,3,41.02,0.03,0.04,2026-09-29 18:26:41,🎲末日結算 🆕新倉暴量 🚬菸屁股 ⚠️暴動高IV(98%),GAMBLE,2
SMCI,2026-10-02,51.0,0.02,847,455,110.9379453125,3,41.02,0.02,0.03,2026-09-29 19:44:24,🎲末日結算 🆕新倉暴量 🚬菸屁股 ⚠️暴動高IV(111%),GAMBLE,2
IBIT,2027-01-15,50.0,3.14,58541,446,41.33359448242187,108,47.33,3.1,3.15,2026-09-29 19:59:16,🔥萬人塚,HOLD,2
META,2026-10-02,900.0,0.01,1679,444,87.10950390625,3,738.7899780273438,0.01,0.25,2026-09-29 19:58:04,🎲末日結算 🆕新倉暴量 🚬菸屁股 ⚠️暴動高IV(87%),GAMBLE,2
RKLB,2026-10-02,84.0,0.04,1008,439,96.87503124999999,3,69.7,0.03,0.05,2026-09-29 19:11:18,🎲末日結算 🆕新倉暴量 🚬菸屁股 ⚠️暴動高IV(97%),GAMBLE,2
SOFI,2027-01-15,15.0,2.34,37203,418,55.22505712890625,108,15.91,2.29,2.38,2026-09-29 19:57:42,🔥萬人塚,HOLD,2
CRWV,2026-10-02,110.0,0.03,1876,418,106.25046875000001,3,85.93000030517578,0.01,0.02,2026-09-29 19:59:04,🎲末日結算 🆕新倉暴量 🚬菸屁股 ⚠️暴動高IV(106%),GAMBLE,2
RKLB,2026-10-02,82.0,0.06,1126,402,94.14068359375,3,69.7,0.04,0.1,2026-09-29 19:54:10,🎲末日結算 🆕新倉暴量 🚬菸屁股 ⚠️暴動高IV(94%),GAMBLE,2
NVDA,2026-11-20,210.0,23.9,76059,324,42.2308023071289,52,227.21,23.85,24.15,2026-09-29 19:56:17,🔥萬人塚,HOLD,2
NVDA,2027-01-15,260.0,6.9,55635,276,36.0785200805664,108,227.21,6.75,6.95,2026-09-29 19:58:47,🔥萬人塚,HOLD,2
META,2027-01-15,1250.0,1.31,33718,172,45.374081420898435,108,738.7899780273438,1.23,1.4,2026-09-29 19:56:12,🔥萬人塚,HOLD,2
IBIT,2026-10-16,45.0,2.92,43847,150,38.52600537109374,17,47.33,2.92,2.97,2026-09-29 19:43:21,🔥萬人塚,HOLD,2
IBIT,2026-10-16,47.0,1.66,43619,148,36.426416992187505,17,47.33,1.62,1.65,2026-09-29 19:58:59,🔥萬人塚,HOLD,2
IREN,2026-12-18,70.0,1.13,32282,140,89.42881665039062,80,41.38,1.04,1.18,2026-09-29 19:23:52,🔥萬人塚,HOLD,2
NVDA,2027-01-15,290.0,2.37,40737,105,35.65738171386719,108,227.21,2.34,2.47,2026-09-29 17:54:51,🔥萬人塚,HOLD,2
NVDA,2027-01-15,210.0,29.61,42393,100,41.19931848144531,108,227.21,28.85,29.3,2026-09-29 19:41:10,🔥萬人塚,HOLD,2
AMZN,2026-11-20,305.0,1.52,31650,99,39.954213745117194,52,246.6699981689453,1.32,1.49,2026-09-29 19:02:28,🔥萬人塚,HOLD,2
SHOP,2026-12-18,145.0,19.0,44106,57,62.366098999023436,80,148.26,18.4,19.0,2026-09-29 18:51:30,🔥萬人塚,HOLD,2
PLTR,2026-12-18,175.0,25.66,52384,53,56.982852050781254,80,186.97,25.3,26.25,2026-09-29 19:47:56,🔥萬人塚,HOLD,2
MSTR,2026-11-20,135.0,26.93,33150,48,69.77569287109377,52,154.67,26.15,27.8,2026-09-29 19:32:22,🔥萬人塚,HOLD,2
MSFT,2026-12-18,675.0,0.78,37462,7,32.48358532714843,80,508.96,0.67,1.1,2026-09-29 19:52:54,🆕低基期(前日Vol2) 🚬菸屁股 🔥萬人塚 🏛️機構場,HOLD,2
NVDA,2026-10-02,240.0,0.14,34691,28385,36.133451171874995,3,227.21,0.14,0.15,2026-09-29 19:59:51,🎲末日結算 🚬菸屁股 🔥萬人塚,HOLD,1
NVDA,2026-10-16,240.0,1.76,66499,13959,30.884480224609373,17,227.21,1.79,1.8,2026-09-29 19:59:54,🔥萬人塚 🏛️機構場,HOLD,1
NVDA,2026-10-16,235.0,3.05,49263,9514,31.348342773437498,17,227.21,3.05,3.1,2026-09-29 19:59:31,🔥萬人塚 🏛️機構場,HOLD,1
NVDA,2026-10-16,230.0,5.0,60282,8812,31.995308959960933,17,227.21,4.95,5.0,2026-09-29 19:59:58,🔥萬人塚 🏛️機構場,HOLD,1
MARA,2026-10-02,12.5,0.21,49150,8164,94.14068359375,3,11.989999771118164,0.2,0.22,2026-09-29 19:58:48,🎲末日結算 🚬菸屁股 🔥萬人塚,HOLD,1
HOOD,2026-10-02,120.0,1.73,10209,6918,76.66038964843752,3,116.22,1.7,1.75,2026-09-29 19:59:53,🎲末日結算 🆕新倉暴量,HOLD,1
NVDA,2026-10-02,225.0,4.15,14318,6789,36.89027954101562,3,227.21,4.2,4.25,2026-09-29 19:59:58,🎲末日結算 🆕新倉暴量,HOLD,1
AAPL,2026-10-16,340.0,2.75,106159,6085,24.213404357910157,17,329.4,2.68,2.92,2026-09-29 19:59:27,🔥萬人塚 🏛️機構場,HOLD,1
MARA,2026-10-02,13.0,0.11,62047,5353,96.87503124999999,3,11.989999771118164,0.1,0.11,2026-09-29 19:59:43,🎲末日結算 🚬菸屁股 🔥萬人塚,HOLD,1
TSLA,2026-10-16,500.0,0.1,17747,4944,63.086306640625,17,352.84,0.09,0.1,2026-09-29 19:57:29,🚬菸屁股,HOLD,1
ACHR,2026-10-16,6.0,0.05,24400,4670,70.312796875,17,5.059999942779541,0.05,0.06,2026-09-29 19:55:35,🚬菸屁股,HOLD,1
ACHR,2026-10-16,7.0,0.02,24271,4338,82.81267187499999,17,5.059999942779541,0.01,0.02,2026-09-29 19:44:43,🚀點火(5.3x) 🚬菸屁股 ⚠️尾段價外(38%) ⚠️暴動高IV(83%),BUY_WATCH,1
KTOS,2026-10-16,52.5,0.25,10082,4059,64.25816992187501,17,43.05,0.2,0.25,2026-09-29 19:59:59,🆕低基期(前日Vol12) 🚬菸屁股,HOLD,1
MSFT,2026-10-16,550.0,1.35,62600,3888,28.308822387695308,17,508.96,1.32,1.57,2026-09-29 19:59:27,🔥萬人塚 🏛️機構場,HOLD,1
AMZN,2026-10-02,245.0,3.85,3413,3667,34.21696643066406,3,246.6699981689453,3.7,3.95,2026-09-29 19:59:33,🎲末日結算 🆕新倉暴量,HOLD,1
NVDA,2026-10-16,225.0,7.5,30855,3643,33.31365515136719,17,227.21,7.55,7.65,2026-09-29 19:59:57,🔥萬人塚 🏛️機構場,HOLD,1
RKLB,2026-10-09,80.0,0.56,5024,3614,74.12135253906249,10,69.7,0.55,0.65,2026-09-29 19:59:53,🚬菸屁股,HOLD,1
SOFI,2026-10-09,17.0,0.14,7155,3601,48.242705078125006,10,15.91,0.14,0.15,2026-09-29 19:59:45,🚬菸屁股,HOLD,1
TSLA,2026-10-16,420.0,0.63,12555,3488,46.41166870117188,17,352.84,0.63,0.64,2026-09-29 19:59:58,🚬菸屁股,HOLD,1
IREN,2026-10-16,50.0,0.56,16359,3191,81.73846386718748,17,41.38,0.56,0.6,2026-09-29 19:58:27,🚬菸屁股,HOLD,1
AMZN,2026-10-16,270.0,0.71,29562,2943,31.17744604492187,17,246.6699981689453,0.69,0.72,2026-09-29 19:59:41,🚬菸屁股,HOLD,1
INTC,2026-10-16,140.0,0.97,21633,2858,69.82452050781251,17,115.93,0.95,0.98,2026-09-29 19:59:42,🚬菸屁股,HOLD,1
IBIT,2026-11-20,55.0,0.64,13504,2814,40.06407592773438,52,47.33,0.63,0.65,2026-09-29 19:44:16,🚬菸屁股,HOLD,1
IBIT,2027-01-15,65.0,0.53,23921,2326,43.60407958984375,108,47.33,0.53,0.55,2026-09-29 18:23:28,🚬菸屁股,HOLD,1
SOFI,2026-11-20,18.0,0.6,12953,2316,55.37154003906251,52,15.91,0.6,0.61,2026-09-29 19:58:40,🚬菸屁股,HOLD,1
SOFI,2026-10-16,17.0,0.25,15368,2288,46.289599609375,17,15.91,0.24,0.25,2026-09-29 19:55:43,🚬菸屁股,HOLD,1
SOFI,2026-10-09,17.5,0.08,20023,2251,50.0005,10,15.91,0.08,0.09,2026-09-29 19:58:22,🚬菸屁股,HOLD,1
SOFI,2026-10-09,16.5,0.25,2809,2045,46.87553125,10,15.91,0.25,0.26,2026-09-29 19:59:23,🚬菸屁股,HOLD,1
BA,2026-10-02,187.5,2.93,1704,2035,43.60407958984375,3,187.67999267578125,2.6,3.05,2026-09-29 19:57:40,🎲末日結算 🆕新倉暴量,HOLD,1
INTC,2026-10-16,200.0,0.01,5817,2032,86.7188828125,17,115.93,0.01,0.02,2026-09-29 19:51:46,🚀點火(5.5x) 🚬菸屁股 ⚠️尾段價外(73%) ⚠️暴動高IV(87%),BUY_WATCH,1
CRWV,2028-01-21,200.0,9.6,15179,2031,75.53735400390626,479,85.93000030517578,8.5,10.15,2026-09-29 19:28:35,🆕低基期(前日Vol3) 🔭LEAPS,HOLD,1
IBIT,2026-10-16,52.0,0.25,14620,1945,37.793590820312495,17,47.33,0.23,0.25,2026-09-29 20:00:58,🚬菸屁股,HOLD,1
SOFI,2026-10-16,16.0,0.59,5879,1939,46.19194433593751,17,15.91,0.56,0.59,2026-09-29 19:59:09,🚬菸屁股,HOLD,1
MARA,2026-10-16,13.0,0.47,11842,1819,81.83611914062499,17,11.989999771118164,0.45,0.48,2026-09-29 19:54:21,🚬菸屁股,HOLD,1
IREN,2026-11-20,45.0,3.79,3208,1735,84.52163916015624,52,41.38,3.75,3.95,2026-09-29 19:43:19,🆕新倉暴量 ⚠️暴動高IV(85%),HOLD,1
ASTS,2026-10-16,90.0,0.17,7972,1733,100.1958115234375,17,59.4,0.15,0.18,2026-09-29 19:09:42,🚀點火(3.1x) 🚬菸屁股 ⚠️尾段價外(52%) ⚠️暴動高IV(100%),BUY_WATCH,1
CRWV,2026-10-16,130.0,0.12,5062,1726,89.84385156249999,17,85.93000030517578,0.09,0.15,2026-09-29 18:33:24,🚀點火(6.3x) 🚬菸屁股 ⚠️尾段價外(51%) ⚠️暴動高IV(90%),BUY_WATCH,1
PCG,2026-11-20,12.0,0.94,3587,1721,50.48877636718749,52,12.180000305175781,0.85,1.01,2026-09-29 19:56:50,🚬菸屁股,HOLD,1
SOFI,2026-10-16,18.0,0.1,19978,1712,49.414568359375004,17,15.91,0.1,0.11,2026-09-29 19:56:43,🚬菸屁股,HOLD,1
ASTS,2026-11-20,90.0,1.45,4349,1659,93.01764794921876,52,59.4,1.4,1.55,2026-09-29 19:48:07,🆕新倉暴量 ⚠️暴動高IV(93%),HOLD,1
MSFT,2026-10-16,510.0,11.64,40627,1655,28.412581115722645,17,508.96,11.45,11.95,2026-09-29 19:59:41,🔥萬人塚 🏛️機構場,HOLD,1
SOFI,2026-11-20,19.0,0.42,8030,1597,56.543403320312514,52,15.91,0.4,0.44,2026-09-29 19:57:13,🚬菸屁股,HOLD,1
SOFI,2026-11-20,17.0,0.89,11817,1587,54.834436035156266,52,15.91,0.87,0.89,2026-09-29 19:58:38,🚬菸屁股,HOLD,1
NVDA,2026-11-20,280.0,0.91,16660,1582,35.99917517089843,52,227.21,0.9,0.92,2026-09-29 19:56:32,🚬菸屁股,HOLD,1
ONDS,2026-10-16,10.0,0.03,14782,1567,83.59391406249999,17,7.480000019073486,0.03,0.04,2026-09-29 19:44:49,🚀點火(3.2x) 🚬菸屁股 ⚠️尾段價外(34%) ⚠️暴動高IV(84%),BUY_WATCH,1
RKLB,2026-10-02,70.0,1.79,4225,1522,75.68383691406251,3,69.7,1.73,1.8,2026-09-29 19:59:31,🎲末日結算 🆕新倉暴量,HOLD,1
ASTS,2026-11-20,65.0,5.5,6079,1480,86.01088208007812,52,59.4,5.45,5.6,2026-09-29 19:59:24,🆕新倉暴量 ⚠️暴動高IV(86%),HOLD,1
IREN,2026-10-16,55.0,0.25,17044,1458,87.10950390625,17,41.38,0.24,0.27,2026-09-29 19:57:20,🚬菸屁股,HOLD,1
ONDS,2026-10-16,8.0,0.25,9432,1454,73.04714453125,17,7.480000019073486,0.25,0.29,2026-09-29 19:59:55,🚬菸屁股,HOLD,1
ONDS,2026-10-09,8.0,0.17,7087,1425,71.87528125,10,7.480000019073486,0.16,0.17,2026-09-29 19:53:42,🚬菸屁股,HOLD,1
SMR,2026-10-09,9.0,0.08,1562,1416,83.98453515624999,10,7.760000228881836,0.08,0.09,2026-09-29 19:59:33,🚬菸屁股,HOLD,1
ONDS,2026-12-18,9.0,0.61,8149,1387,81.64080859375,80,7.480000019073486,0.61,0.65,2026-09-29 19:58:10,🚬菸屁股,HOLD,1
IBIT,2026-11-20,58.0,0.37,9565,1358,41.35800830078124,52,47.33,0.35,0.37,2026-09-29 19:58:30,🚬菸屁股,HOLD,1
CRWV,2026-10-16,110.0,0.57,18107,1337,79.883013671875,17,85.93000030517578,0.53,0.61,2026-09-29 19:58:28,🚬菸屁股,HOLD,1
RKLB,2026-10-09,100.0,0.05,1157,1328,95.312546875,10,69.7,0.03,0.07,2026-09-29 19:39:44,🚀點火(>50x) 🚬菸屁股 ⚠️尾段價外(43%) ⚠️暴動高IV(95%),BUY_WATCH,1
NBIS,2026-10-16,340.0,0.73,1655,1286,86.18177880859376,17,237.355,0.29,0.78,2026-09-29 19:43:42,🚀點火(3.1x) 🚬菸屁股 ⚠️尾段價外(43%) ⚠️暴動高IV(86%),BUY_WATCH,1
TSLA,2026-10-16,410.0,0.94,5182,1277,44.87359814453124,17,352.84,0.93,0.96,2026-09-29 19:59:37,🚬菸屁股,HOLD,1
ONDS,2026-10-16,9.0,0.1,12374,1256,78.12521875,17,7.480000019073486,0.09,0.1,2026-09-29 19:46:16,🚬菸屁股,HOLD,1
DKNG,2028-01-21,55.0,0.87,4360,1223,71.28934960937501,479,19.59,0.29,2.2,2026-09-28 14:12:29,🔭LEAPS,HOLD,1
IBIT,2026-10-09,52.0,0.08,6058,1206,37.695935546875,10,47.33,0.08,0.09,2026-09-29 19:59:07,🚬菸屁股,HOLD,1
NVDA,2026-10-16,220.0,10.81,104607,1189,34.72965661621094,17,227.21,10.85,10.9,2026-09-29 19:58:45,🔥萬人塚 🏛️機構場,HOLD,1
F,2026-11-20,14.0,0.18,7656,1176,38.086556640625,52,12.300000190734863,0.17,0.19,2026-09-29 19:50:23,🚬菸屁股,HOLD,1
SOFI,2026-10-16,17.5,0.17,3451,1173,48.242705078125006,17,15.91,0.16,0.17,2026-09-29 19:59:27,🚬菸屁股,HOLD,1
SOFI,2026-10-16,16.5,0.37,3396,1169,46.0942890625,17,15.91,0.38,0.39,2026-09-29 19:57:42,🚬菸屁股,HOLD,1
AAPL,2027-01-15,360.0,7.69,35430,1134,26.18176846313477,108,329.4,7.5,7.95,2026-09-29 19:56:51,🔥萬人塚 🏛️機構場,HOLD,1
U,2026-10-16,47.0,0.24,27379,1128,59.08244042968751,17,39.72,0.21,0.27,2026-09-29 19:56:06,🚬菸屁股,HOLD,1
U,2026-10-16,45.0,0.46,6457,1114,57.617611328124994,17,39.72,0.4,0.47,2026-09-29 19:57:53,🚬菸屁股,HOLD,1
HOOD,2026-10-02,113.0,5.1,984,1053,75.53735400390626,3,116.22,4.9,5.1,2026-09-29 19:57:26,🎲末日結算 🆕新倉暴量,HOLD,1
IREN,2026-10-09,50.0,0.22,2068,1046,82.61736132812499,10,41.38,0.22,0.25,2026-09-29 19:58:43,🚬菸屁股,HOLD,1
ONDS,2026-10-16,8.5,0.15,2818,1039,71.48466015625,17,7.480000019073486,0.13,0.15,2026-09-29 19:00:55,🚬菸屁股,HOLD,1
NVDA,2027-01-15,400.0,0.13,8171,1029,42.0904228515625,108,227.21,0.13,0.15,2026-09-29 17:59:50,🚬菸屁股,HOLD,1
VST,2026-10-02,137.0,5.2,1077,1028,53.467262207031254,3,140.83,4.75,5.3,2026-09-29 19:56:53,🎲末日結算 🆕新倉暴量,HOLD,1
SMR,2026-11-20,9.0,0.57,3528,1021,86.914193359375,52,7.760000228881836,0.56,0.6,2026-09-29 19:59:47,🚬菸屁股,HOLD,1
IBIT,2026-10-16,49.5,0.67,5573,1017,36.6217275390625,17,47.33,0.65,0.68,2026-09-29 19:48:09,🚬菸屁股,HOLD,1
CRWV,2027-01-15,230.0,0.42,7042,1002,88.18371191406248,108,85.93000030517578,0.35,0.62,2026-09-28 19:27:58,🚬菸屁股,HOLD,1
PCG,2026-12-18,16.0,0.22,22442,1000,51.758294921875006,80,12.180000305175781,0.2,0.24,2026-09-29 19:59:26,🆕低基期(前日Vol17) 🚬菸屁股,HOLD,1
SOFI,2026-10-09,18.0,0.05,9750,995,53.12546875,10,15.91,0.05,0.06,2026-09-29 19:59:42,🚬菸屁股,HOLD,1
CRWV,2026-10-16,105.0,0.9,10115,980,77.8322529296875,17,85.93000030517578,0.86,0.95,2026-09-29 19:58:54,🚬菸屁股,HOLD,1
NKE,2027-01-15,50.0,0.5,26244,973,48.77980908203126,108,35.84000015258789,0.48,0.56,2026-09-29 19:50:36,🚬菸屁股,HOLD,1
SMCI,2026-10-16,50.0,0.38,13829,964,73.82838671875,17,41.02,0.36,0.38,2026-09-29 19:59:56,🚬菸屁股,HOLD,1
HOOD,2026-10-02,123.0,1.02,4328,943,78.07639111328125,3,116.22,0.99,1.04,2026-09-29 19:53:54,🎲末日結算 🆕新倉暴量,HOLD,1
BA,2026-10-16,205.0,0.9,7175,933,36.426416992187505,17,187.67999267578125,0.81,1.01,2026-09-29 19:54:17,🚬菸屁股,HOLD,1
TSLA,2026-10-16,600.0,0.03,7346,894,82.81267187499999,17,352.84,0.03,0.04,2026-09-29 13:45:47,🚀點火(6.4x) 🚬菸屁股 ⚠️尾段價外(70%) ⚠️暴動高IV(83%),BUY_WATCH,1
JPM,2026-10-02,340.0,1.45,1159,884,28.882547119140618,3,334.9800109863281,1.37,1.57,2026-09-29 19:54:20,🎲末日結算 🆕新倉暴量,HOLD,1
IBIT,2028-01-21,70.0,4.38,18095,882,48.30373962402344,479,47.33,4.25,4.4,2026-09-29 18:38:18,🔭LEAPS,HOLD,1
IREN,2026-11-20,55.0,1.6,3992,874,87.54895263671875,52,41.38,1.65,1.72,2026-09-29 19:50:28,🆕新倉暴量 ⚠️暴動高IV(88%),HOLD,1
AMZN,2026-10-16,290.0,0.16,15641,871,35.938140624999996,17,246.6699981689453,0.12,0.14,2026-09-29 19:57:39,🚬菸屁股,HOLD,1
NKE,2026-10-09,40.0,0.47,2085,842,73.82838671875,10,35.84000015258789,0.45,0.48,2026-09-29 19:59:43,🚬菸屁股,HOLD,1
ASTS,2026-10-16,95.0,0.12,5239,837,103.90673046875003,17,59.4,0.09,0.13,2026-09-29 19:52:13,🆕低基期(前日Vol5) 🚬菸屁股,HOLD,1
PCG,2026-10-16,18.0,0.01,17089,837,71.87528125,17,12.180000305175781,0.0,0.01,2026-09-29 15:04:58,🆕低基期(前日Vol8) 🚬菸屁股,HOLD,1
U,2026-10-16,50.0,0.12,5875,834,63.281617187500004,17,39.72,0.1,0.13,2026-09-29 19:59:41,🚬菸屁股,HOLD,1
MARA,2026-10-09,12.5,0.43,2408,833,81.64080859375,10,11.989999771118164,0.42,0.45,2026-09-29 19:53:09,🚬菸屁股,HOLD,1
RKLB,2026-10-16,85.0,0.62,4820,822,73.68190380859374,17,69.7,0.59,0.65,2026-09-29 19:57:41,🚬菸屁股,HOLD,1
RKLB,2026-10-02,71.0,1.35,1479,817,76.95335546875,3,69.7,1.32,1.43,2026-09-29 19:58:57,🎲末日結算 🆕新倉暴量,HOLD,1
OPEN,2026-10-16,3.0,0.03,3860,815,87.500125,17,2.37,0.02,0.03,2026-09-29 19:03:13,🚬菸屁股,HOLD,1
DKNG,2026-11-20,27.5,0.25,6446,808,66.79720703125001,52,19.59,0.21,0.27,2026-09-29 19:57:24,🆕低基期(前日Vol7) 🚬菸屁股,HOLD,1
AMZN,2026-10-09,300.0,0.03,7247,807,45.508357421875004,10,246.6699981689453,0.0,0.03,2026-09-29 18:13:42,🚬菸屁股,HOLD,1
PANW,2026-10-02,400.0,4.0,1821,786,60.583890258789076,3,388.4100036621094,3.9,4.2,2026-09-29 19:59:40,🎲末日結算 🆕新倉暴量,HOLD,1
ONDS,2026-11-20,10.0,0.27,22403,774,85.742330078125,52,7.480000019073486,0.27,0.29,2026-09-29 19:57:26,🚬菸屁股,HOLD,1
ASTS,2026-11-20,95.0,1.18,927,771,91.55281884765625,52,59.4,0.77,1.29,2026-09-29 19:46:27,🆕新倉暴量 ⚠️暴動高IV(92%),HOLD,1
INTC,2026-10-16,150.0,0.47,12422,769,73.38893798828124,17,115.93,0.44,0.47,2026-09-29 19:59:10,🚬菸屁股,HOLD,1
VST,2026-10-02,140.0,2.97,750,765,50.098155273437506,3,140.83,2.86,3.1,2026-09-29 19:59:46,🎲末日結算 🆕新倉暴量,HOLD,1
ASTS,2026-10-16,85.0,0.22,2747,758,99.804689453125,17,59.4,0.19,0.42,2026-09-29 19:27:48,🚀點火(5.6x) 🚬菸屁股 ⚠️尾段價外(43%) ⚠️暴動高IV(100%),BUY_WATCH,1
SMCI,2026-10-02,41.0,1.2,2752,750,79.5900478515625,3,41.02,1.17,1.21,2026-09-29 19:59:49,🎲末日結算 🆕新倉暴量,HOLD,1
IONQ,2026-10-16,50.0,0.9,7971,743,75.83031982421876,17,43.91,0.87,0.99,2026-09-29 19:57:30,🚬菸屁股,HOLD,1
ASTS,2026-10-09,70.0,0.55,1394,741,83.69156933593749,10,59.4,0.45,0.58,2026-09-29 19:42:15,🚬菸屁股,HOLD,1
PCG,2028-01-21,13.0,2.0,5585,735,45.16656396484375,479,12.180000305175781,1.85,2.18,2026-09-29 19:17:41,🔭LEAPS,HOLD,1
TSLA,2026-10-16,450.0,0.27,9829,717,52.6371923828125,17,352.84,0.25,0.27,2026-09-29 19:58:57,🚬菸屁股,HOLD,1
ONDS,2026-10-09,8.5,0.07,4799,692,74.2190078125,10,7.480000019073486,0.07,0.08,2026-09-29 19:54:01,🚬菸屁股,HOLD,1
MSFT,2026-12-18,575.0,8.7,132019,689,31.74506732177734,80,508.96,8.45,9.3,2026-09-29 19:59:46,🔥萬人塚 🏛️機構場,HOLD,1
SOFI,2028-01-21,40.0,0.83,16628,676,62.74451318359377,479,15.91,0.81,0.83,2026-09-29 19:23:59,🔭LEAPS,HOLD,1
IBIT,2026-10-16,51.0,0.38,13369,674,37.0123486328125,17,47.33,0.35,0.37,2026-09-29 19:58:32,🚬菸屁股,HOLD,1
SMCI,2026-10-09,45.0,0.64,2590,670,72.26590234375,10,41.02,0.63,0.66,2026-09-29 19:54:35,🚬菸屁股,HOLD,1
SOFI,2026-12-18,18.0,0.85,11461,665,53.71140039062501,80,15.91,0.84,0.86,2026-09-29 19:54:21,🚬菸屁股,HOLD,1
UPST,2026-12-18,32.5,0.74,1246,661,71.5823154296875,80,23.14,0.63,0.85,2026-09-29 19:58:57,🆕低基期(前日Vol8) 🚬菸屁股,HOLD,1
SOFI,2027-01-15,22.0,0.42,21744,655,56.34809277343751,108,15.91,0.42,0.43,2026-09-29 19:28:04,🚬菸屁股,HOLD,1
F,2026-10-16,13.0,0.11,4049,652,33.98503515625,17,12.300000190734863,0.1,0.12,2026-09-29 19:57:55,🚬菸屁股,HOLD,1
AMZN,2026-11-20,325.0,0.6,21332,648,40.84531811523438,52,246.6699981689453,0.55,0.64,2026-09-29 19:40:17,🚬菸屁股,HOLD,1
SOFI,2026-12-18,20.0,0.48,20525,646,55.469195312500005,80,15.91,0.47,0.49,2026-09-29 19:59:30,🚬菸屁股,HOLD,1
HIMS,2026-10-09,30.0,0.82,1424,633,70.898728515625,10,28.700000762939453,0.79,0.85,2026-09-29 19:47:00,🚬菸屁股,HOLD,1
OPEN,2026-10-09,3.0,0.01,1659,631,98.437515625,10,2.37,0.01,0.02,2026-09-29 19:59:48,🚬菸屁股,HOLD,1
IREN,2026-11-20,70.0,0.55,21202,612,94.48247705078124,52,41.38,0.54,0.64,2026-09-29 19:57:15,🚬菸屁股,HOLD,1
NNE,2027-01-15,50.0,0.05,2713,612,101.3676806640625,108,15.789999961853027,0.05,0.15,2026-09-28 19:52:57,🚬菸屁股,HOLD,1
TSLA,2026-10-16,425.0,0.54,5156,610,47.41263525390625,17,352.84,0.52,0.54,2026-09-29 19:59:39,🚬菸屁股,HOLD,1
SOFI,2026-10-16,21.0,0.03,10037,608,65.62534375000001,17,15.91,0.02,0.03,2026-09-29 19:44:45,🚬菸屁股,HOLD,1
SOFI,2026-12-18,22.0,0.29,6671,602,58.20354296875,80,15.91,0.27,0.31,2026-09-29 19:51:59,🚬菸屁股,HOLD,1
LUNR,2026-10-16,20.0,0.1,4400,593,94.92192578125,17,14.550000190734863,0.08,0.1,2026-09-29 19:53:27,🚬菸屁股,HOLD,1
INTC,2028-01-21,210.0,16.5,8006,583,70.74919387817383,479,115.93,16.0,16.6,2026-09-29 19:10:11,🔭LEAPS,HOLD,1
MARA,2026-10-09,15.0,0.06,4841,580,90.62509374999999,10,11.989999771118164,0.05,0.07,2026-09-29 19:52:16,🚬菸屁股,HOLD,1
F,2027-01-15,16.0,0.13,5853,579,38.086556640625,108,12.300000190734863,0.13,0.14,2026-09-29 19:52:18,🚬菸屁股,HOLD,1
TSLA,2026-10-16,430.0,0.45,9013,576,48.438015625000006,17,352.84,0.44,0.46,2026-09-29 19:54:10,🚬菸屁股,HOLD,1
ONDS,2026-12-18,10.0,0.45,23128,574,83.20329296874999,80,7.480000019073486,0.43,0.45,2026-09-29 19:58:32,🚬菸屁股,HOLD,1
META,2026-10-16,900.0,0.85,15131,567,47.363807617187504,17,738.7899780273438,0.78,0.85,2026-09-29 19:59:59,🚬菸屁股,HOLD,1
F,2026-12-18,14.85,0.16,15716,567,38.086556640625,80,12.300000190734863,0.15,0.18,2026-09-29 16:59:13,🚬菸屁股,HOLD,1
HOOD,2026-10-16,140.0,0.73,6098,563,64.8441015625,17,116.22,0.74,0.78,2026-09-29 19:47:04,🚬菸屁股,HOLD,1
ONDS,2027-01-15,9.0,0.79,15745,563,82.3243955078125,108,7.480000019073486,0.78,0.86,2026-09-29 19:46:00,🚬菸屁股,HOLD,1
NKE,2027-01-15,55.0,0.27,8781,552,49.805189453125,108,35.84000015258789,0.25,0.29,2026-09-29 18:53:30,🚬菸屁股,HOLD,1
NVDA,2026-10-16,300.0,0.02,15707,542,46.0942890625,17,227.21,0.0,0.02,2026-09-29 18:54:40,🚬菸屁股,HOLD,1
SOFI,2026-10-16,23.0,0.01,7382,539,76.562734375,17,15.91,0.01,0.02,2026-09-29 19:37:31,🚬菸屁股,HOLD,1
SOFI,2026-10-09,19.5,0.03,2825,535,67.18782812500001,10,15.91,0.02,0.03,2026-09-29 19:20:01,🚬菸屁股,HOLD,1
NVDA,2026-10-16,270.0,0.07,20166,527,35.547519531249996,17,227.21,0.07,0.08,2026-09-29 19:40:27,🚬菸屁股,HOLD,1
SOFI,2028-01-21,25.0,2.1,16850,526,60.84023535156251,479,15.91,2.05,2.14,2026-09-29 19:46:41,🔭LEAPS,HOLD,1
SOFI,2026-10-16,28.0,0.01,2405,521,106.25046875000001,17,15.91,0.0,0.02,2026-09-29 14:56:37,🚀點火(10.4x) 🚬菸屁股 ⚠️尾段價外(76%) ⚠️暴動高IV(106%),BUY_WATCH,1
BA,2026-10-02,185.0,4.2,990,521,47.998566894531244,3,187.67999267578125,4.05,4.75,2026-09-29 18:20:10,🎲末日結算 🆕新倉暴量,HOLD,1
DIS,2026-10-16,110.0,0.7,6998,515,26.00171655273438,17,105.41000366210938,0.63,0.78,2026-09-29 19:59:32,🚬菸屁股,HOLD,1
JPM,2026-10-16,370.0,0.45,3663,514,28.565167480468745,17,334.9800109863281,0.36,0.49,2026-09-29 19:54:58,🚬菸屁股,HOLD,1
ACHR,2026-11-20,6.0,0.28,5745,513,71.87528125,52,5.059999942779541,0.2,0.28,2026-09-29 19:46:31,🚬菸屁股,HOLD,1
F,2028-01-21,12.0,2.15,9232,512,36.93910717773438,479,12.300000190734863,2.12,2.19,2026-09-29 19:34:28,🔭LEAPS,HOLD,1
CRWV,2026-10-09,105.0,0.36,1108,511,81.15253222656249,10,85.93000030517578,0.35,0.41,2026-09-29 19:37:04,🚬菸屁股,HOLD,1
CRWV,2026-10-16,120.0,0.27,20844,509,85.54701953125,17,85.93000030517578,0.24,0.28,2026-09-29 19:52:23,🚬菸屁股,HOLD,1
IONQ,2026-10-16,70.0,0.1,2878,505,96.48441015625,17,43.91,0.02,0.08,2026-09-29 19:56:41,🚀點火(7.5x) 🚬菸屁股 ⚠️尾段價外(59%) ⚠️暴動高IV(96%),BUY_WATCH,1
IBIT,2026-10-16,49.0,0.83,20574,499,36.426416992187505,17,47.33,0.79,0.82,2026-09-29 19:07:10,🚬菸屁股,HOLD,1
IBIT,2026-11-20,53.0,0.96,9219,495,39.624627197265625,52,47.33,0.94,0.97,2026-09-29 20:02:00,🚬菸屁股,HOLD,1
HIMS,2026-10-09,32.0,0.37,819,495,73.24245507812499,10,28.700000762939453,0.33,0.41,2026-09-29 19:56:50,🚬菸屁股,HOLD,1
SOFI,2028-06-16,30.0,2.12,22327,494,62.378305908203124,626,15.91,2.11,2.15,2026-09-29 19:54:53,🔭LEAPS,HOLD,1
AMZN,2026-10-16,295.0,0.09,15296,492,38.721315917968745,17,246.6699981689453,0.09,0.13,2026-09-29 19:28:43,🚬菸屁股,HOLD,1
ACHR,2028-01-21,10.0,0.89,21148,491,83.59391406249999,479,5.059999942779541,0.86,0.93,2026-09-29 19:42:54,🔭LEAPS,HOLD,1
AMZN,2026-11-20,315.0,0.9,5204,490,40.06407592773438,52,246.6699981689453,0.83,0.94,2026-09-29 19:22:09,🚬菸屁股,HOLD,1
ASTS,2026-10-09,75.0,0.23,2406,489,88.476677734375,10,59.4,0.22,0.24,2026-09-29 19:59:06,🚬菸屁股,HOLD,1
IBIT,2026-10-16,53.0,0.16,11331,488,38.184211914062494,17,47.33,0.15,0.16,2026-09-29 19:22:25,🚬菸屁股,HOLD,1
SOFI,2028-06-16,40.0,1.32,12016,487,63.232789550781256,626,15.91,1.3,1.34,2026-09-29 18:47:22,🔭LEAPS,HOLD,1
BA,2026-10-16,210.0,0.49,5728,481,36.96352099609375,17,187.67999267578125,0.48,0.57,2026-09-29 19:58:31,🚬菸屁股,HOLD,1
SMR,2027-01-15,10.0,0.74,15060,479,85.54701953125,108,7.760000228881836,0.73,0.76,2026-09-29 19:44:43,🚬菸屁股,HOLD,1
NVDA,2026-10-09,260.0,0.05,7205,471,36.133451171874995,10,227.21,0.05,0.06,2026-09-29 19:59:28,🚬菸屁股,HOLD,1
SOFI,2026-12-18,25.0,0.16,19027,468,63.47692773437501,80,15.91,0.16,0.17,2026-09-29 19:33:04,🚬菸屁股,HOLD,1
CRM,2026-10-16,260.0,0.49,3219,466,42.57869921875,17,225.30999755859375,0.47,0.57,2026-09-29 19:59:49,🚬菸屁股,HOLD,1
MARA,2026-10-09,13.5,0.19,6357,466,84.37515624999999,10,11.989999771118164,0.18,0.21,2026-09-29 19:37:39,🚬菸屁股,HOLD,1
SMCI,2026-10-09,50.0,0.16,1735,465,77.53928710937501,10,41.02,0.15,0.16,2026-09-29 19:52:34,🚬菸屁股,HOLD,1
RKLB,2026-10-16,100.0,0.13,9587,465,83.789224609375,17,69.7,0.12,0.14,2026-09-29 19:50:39,🚬菸屁股,HOLD,1
F,2026-10-09,13.5,0.02,3515,464,39.8443515625,10,12.300000190734863,0.02,0.03,2026-09-29 19:07:37,🚬菸屁股,HOLD,1
TSLA,2026-10-16,520.0,0.07,5292,460,66.99251757812502,17,352.84,0.06,0.08,2026-09-29 16:45:01,🚬菸屁股,HOLD,1
SOFI,2028-06-16,15.0,5.5,22840,458,64.1605146484375,626,15.91,5.4,5.6,2026-09-29 19:56:52,🔭LEAPS,HOLD,1
OPEN,2026-11-20,3.0,0.16,8609,458,98.04689453125,52,2.37,0.14,0.17,2026-09-29 19:39:45,🚬菸屁股,HOLD,1
ASTS,2026-11-20,110.0,0.61,2332,456,96.3867548828125,52,59.4,0.42,0.66,2026-09-29 19:25:39,🆕低基期(前日Vol2) 🚬菸屁股,HOLD,1
IBIT,2026-12-18,65.0,0.31,26173,454,44.482977050781244,80,47.33,0.3,0.32,2026-09-29 19:46:34,🚬菸屁股,HOLD,1
MARA,2026-10-16,12.0,0.81,9079,454,80.85956640625,17,11.989999771118164,0.81,0.85,2026-09-29 19:56:19,🚬菸屁股,HOLD,1
ASTS,2026-11-20,100.0,0.9,4646,453,94.726615234375,52,59.4,0.8,0.96,2026-09-29 19:53:37,🚬菸屁股,HOLD,1
MSTR,2027-01-15,1080.0,0.06,13386,448,119.53165234375001,108,154.67,0.05,0.15,2026-09-29 19:56:02,🚬菸屁股,HOLD,1
SMR,2026-11-20,12.0,0.18,4255,447,95.70316796875,52,7.760000228881836,0.16,0.22,2026-09-29 19:49:19,🚬菸屁股,HOLD,1
SMCI,2026-10-09,46.0,0.48,4357,442,72.9494892578125,10,41.02,0.46,0.5,2026-09-29 19:48:10,🚬菸屁股,HOLD,1
ONDS,2026-10-09,9.0,0.03,6760,439,77.3439765625,10,7.480000019073486,0.03,0.04,2026-09-29 19:51:53,🚬菸屁股,HOLD,1
IREN,2026-10-16,47.0,0.96,4387,437,78.12521875,17,41.38,0.93,1.0,2026-09-29 19:52:32,🚬菸屁股,HOLD,1
OPEN,2026-12-18,3.0,0.23,2416,437,123.82850585937497,80,2.37,0.16,0.53,2026-09-29 19:09:36,🚬菸屁股,HOLD,1
ACHR,2027-01-15,5.0,0.82,19711,435,73.82838671875,108,5.059999942779541,0.81,0.85,2026-09-29 19:57:22,🚬菸屁股,HOLD,1
SOFI,2026-10-09,18.5,0.03,5156,432,56.250437500000004,10,15.91,0.03,0.04,2026-09-29 19:57:04,🚬菸屁股,HOLD,1
SOFI,2026-10-16,27.0,0.01,3684,432,93.7500625,17,15.91,0.0,0.01,2026-09-29 19:38:31,🆕低基期(前日Vol10) 🚬菸屁股,HOLD,1
BA,2026-10-16,220.0,0.2,4500,425,40.7232490234375,17,187.67999267578125,0.17,0.25,2026-09-29 19:56:19,🚬菸屁股,HOLD,1
KTOS,2027-01-15,90.0,0.35,3241,422,80.22480712890624,108,43.05,0.2,0.8,2026-09-28 13:55:00,🚬菸屁股,HOLD,1
SMCI,2026-10-09,47.0,0.36,833,418,73.633076171875,10,41.02,0.34,0.37,2026-09-29 19:54:50,🚬菸屁股,HOLD,1
MARA,2026-10-09,14.0,0.12,3695,418,86.32826171875,10,11.989999771118164,0.12,0.14,2026-09-29 19:52:36,🚬菸屁股,HOLD,1
SOFI,2026-10-09,20.0,0.02,3547,412,67.18782812500001,10,15.91,0.01,0.02,2026-09-29 19:59:23,🚬菸屁股,HOLD,1
IREN,2026-10-09,48.0,0.39,2998,407,80.4689453125,10,41.38,0.38,0.41,2026-09-29 19:59:22,🚬菸屁股,HOLD,1
SMCI,2026-10-02,40.5,1.43,1355,406,79.101771484375,3,41.02,1.42,1.47,2026-09-29 19:54:50,🎲末日結算 🆕新倉暴量,HOLD,1
MARA,2026-10-16,15.0,0.15,12242,404,87.500125,17,11.989999771118164,0.14,0.15,2026-09-29 19:39:42,🚬菸屁股,HOLD,1
ONDS,2026-11-20,9.0,0.43,5979,403,82.226740234375,52,7.480000019073486,0.41,0.45,2026-09-29 19:53:13,🚬菸屁股,HOLD,1
JOBY,2026-10-16,7.0,0.07,4136,400,66.40658593750001,17,5.989999771118164,0.06,0.07,2026-09-29 19:48:33,🚬菸屁股,HOLD,1
IREN,2027-01-15,100.0,0.63,19268,397,96.19144433593749,108,41.38,0.57,0.67,2026-09-29 19:42:23,🚬菸屁股,HOLD,1
META,2026-10-16,1230.0,0.01,1114,395,70.312796875,17,738.7899780273438,0.0,0.03,2026-09-29 19:43:32,🆕低基期(前日Vol11) 🚬菸屁股,HOLD,1
IREN,2026-10-16,49.0,0.67,1355,388,79.883013671875,17,41.38,0.63,0.71,2026-09-29 19:54:33,🚬菸屁股,HOLD,1
IONQ,2026-11-20,100.0,0.2,881,387,109.57076464843752,52,43.91,0.06,0.41,2026-09-28 19:35:11,🚬菸屁股,HOLD,1
HOOD,2026-10-16,150.0,0.32,5993,387,67.96907031250001,17,116.22,0.3,0.34,2026-09-29 19:58:10,🚬菸屁股,HOLD,1
ASTS,2026-10-16,71.0,0.97,942,383,84.03336279296875,17,59.4,0.81,1.21,2026-09-29 19:37:24,🚬菸屁股,HOLD,1
CRWV,2026-10-09,110.0,0.21,1348,383,83.59391406249999,10,85.93000030517578,0.18,0.22,2026-09-29 19:57:51,🚬菸屁股,HOLD,1
AMZN,2026-10-09,280.0,0.08,2402,382,36.32876171875,10,246.6699981689453,0.08,0.1,2026-09-29 19:23:03,🚬菸屁股,HOLD,1
SOFI,2027-01-15,23.0,0.36,5255,379,57.617611328124994,108,15.91,0.33,0.37,2026-09-29 19:39:26,🚬菸屁股,HOLD,1
OPEN,2027-02-19,5.0,0.14,8619,379,115.234798828125,143,2.37,0.13,0.24,2026-09-29 19:32:52,🚬菸屁股,HOLD,1
F,2027-01-15,25.0,0.02,18583,379,58.5941640625,108,12.300000190734863,0.02,0.03,2026-09-29 16:16:52,🚬菸屁股,HOLD,1
VST,2026-10-16,160.0,0.82,10359,375,47.5591181640625,17,140.83,0.72,0.79,2026-09-29 19:54:50,🚬菸屁股,HOLD,1
KTOS,2026-10-16,50.0,0.4,2141,374,60.35195898437502,17,43.05,0.3,0.45,2026-09-29 19:47:46,🚬菸屁股,HOLD,1
GOOG,2026-10-16,400.0,0.26,12035,373,39.600213378906254,17,337.32,0.21,0.27,2026-09-29 19:46:33,🚬菸屁股,HOLD,1
BA,2027-01-15,295.0,0.35,1241,370,42.139250488281256,108,187.67999267578125,0.14,0.49,2026-09-28 17:29:09,🚬菸屁股,HOLD,1
SOFI,2026-12-18,19.0,0.64,5170,369,54.68795312500001,80,15.91,0.63,0.65,2026-09-29 19:54:42,🚬菸屁股,HOLD,1
SMR,2026-10-09,10.0,0.02,1870,369,90.62509374999999,10,7.760000228881836,0.02,0.03,2026-09-29 19:49:40,🚬菸屁股,HOLD,1
ACHR,2028-01-21,7.0,1.36,20864,364,83.59391406249999,479,5.059999942779541,1.35,1.38,2026-09-29 19:49:15,🔭LEAPS,HOLD,1
META,2026-10-16,1080.0,0.03,1387,364,57.0316796875,17,738.7899780273438,0.02,0.04,2026-09-29 19:51:21,🚬菸屁股,HOLD,1
SOFI,2026-11-20,25.0,0.09,13472,362,68.7503125,52,15.91,0.08,0.09,2026-09-29 18:53:35,🚬菸屁股,HOLD,1
OPEN,2026-12-18,4.0,0.09,5806,359,102.34423828125001,80,2.37,0.09,0.11,2026-09-29 19:02:05,🚬菸屁股,HOLD,1
IREN,2026-10-09,49.0,0.29,1055,358,81.445498046875,10,41.38,0.29,0.32,2026-09-29 19:57:18,🚬菸屁股,HOLD,1
IREN,2026-10-16,60.0,0.12,9567,357,92.9688203125,17,41.38,0.12,0.13,2026-09-29 19:58:53,🚬菸屁股,HOLD,1
SMR,2026-10-09,8.5,0.15,810,353,79.687703125,10,7.760000228881836,0.15,0.16,2026-09-29 19:53:30,🚬菸屁股,HOLD,1
MARA,2026-10-09,13.0,0.28,3703,353,83.20329296874999,10,11.989999771118164,0.28,0.31,2026-09-29 19:57:57,🚬菸屁股,HOLD,1
NVDA,2026-12-18,460.0,0.03,16530,351,50.39112109375,80,227.21,0.02,0.04,2026-09-29 19:16:24,🚬菸屁股,HOLD,1
F,2026-10-16,14.0,0.02,15354,349,39.063109374999996,17,12.300000190734863,0.01,0.03,2026-09-29 19:29:38,🚬菸屁股,HOLD,1
ONDS,2026-11-20,17.0,0.05,827,340,118.75040625,52,7.480000019073486,0.0,0.13,2026-09-17 17:37:43,🚬菸屁股,HOLD,1
F,2027-01-15,13.0,0.66,6733,339,35.742830078124996,108,12.300000190734863,0.64,0.67,2026-09-29 19:56:19,🚬菸屁股,HOLD,1
SOFI,2026-10-16,25.0,0.02,10823,337,92.187578125,17,15.91,0.01,0.02,2026-09-29 19:10:59,🚬菸屁股,HOLD,1
O,2026-10-16,57.5,0.16,18779,335,19.5320546875,17,55.13999938964844,0.15,0.2,2026-09-29 19:43:58,🚬菸屁股,HOLD,1
SOFI,2026-12-18,23.0,0.22,11278,329,59.570716796875004,80,15.91,0.22,0.24,2026-09-29 19:25:22,🚬菸屁股,HOLD,1
RKLB,2026-10-16,90.0,0.35,5537,327,76.367423828125,17,69.7,0.32,0.36,2026-09-29 19:59:33,🚬菸屁股,HOLD,1
JOBY,2027-01-15,10.0,0.15,27803,327,78.12521875,108,5.989999771118164,0.15,0.21,2026-09-29 18:44:09,🚬菸屁股,HOLD,1
SOFI,2026-12-18,24.0,0.19,17350,322,61.328511718750015,80,15.91,0.18,0.2,2026-09-29 19:14:31,🚬菸屁股,HOLD,1
NBIS,2026-10-16,330.0,0.95,986,321,86.18177880859376,17,237.355,0.51,1.08,2026-09-29 19:59:11,🚬菸屁股,HOLD,1
F,2026-10-16,12.5,0.26,1540,319,34.76627734375,17,12.300000190734863,0.25,0.28,2026-09-29 19:50:03,🚬菸屁股,HOLD,1
PACB,2026-10-16,2.0,0.1,1092,315,104.68797656250001,17,1.83,0.05,0.15,2026-09-29 19:58:05,🚬菸屁股,HOLD,1
META,2026-10-16,1000.0,0.13,2427,314,52.83250292968751,17,738.7899780273438,0.09,0.15,2026-09-29 19:53:49,🚬菸屁股,HOLD,1
GOOG,2026-10-16,390.0,0.38,10818,312,40.65000756835938,17,337.32,0.34,0.65,2026-09-29 19:02:56,🚬菸屁股,HOLD,1
AMZN,2026-10-16,285.0,0.18,22883,311,34.32682861328124,17,246.6699981689453,0.18,0.19,2026-09-29 19:28:43,🚬菸屁股,HOLD,1
F,2027-01-15,14.0,0.38,5854,306,36.426416992187505,108,12.300000190734863,0.38,0.4,2026-09-29 19:58:12,🚬菸屁股,HOLD,1
PATH,2028-01-21,37.0,0.82,5706,302,73.87721435546875,479,12.32,0.7,0.85,2026-09-29 19:26:39,🆕低基期(前日Vol12) 🔭LEAPS,HOLD,1
IREN,2026-10-16,48.0,0.8,3156,300,78.85763330078125,17,41.38,0.76,0.84,2026-09-29 19:53:47,🚬菸屁股,HOLD,1
PATH,2026-10-16,14.0,0.13,3521,300,53.906710937500016,17,12.32,0.07,0.14,2026-09-29 19:58:34,🚬菸屁股,HOLD,1
ACHR,2026-10-16,5.0,0.29,3083,300,60.937890625000016,17,5.059999942779541,0.27,0.32,2026-09-29 19:56:18,🚬菸屁股,HOLD,1
SOFI,2026-10-16,22.0,0.02,11645,298,75.00025000000001,17,15.91,0.02,0.03,2026-09-29 19:44:55,🚬菸屁股,HOLD,1
NKE,2026-12-18,45.0,0.65,7684,296,47.31497998046875,80,35.84000015258789,0.64,0.7,2026-09-29 19:52:04,🚬菸屁股,HOLD,1
IBIT,2026-10-16,54.0,0.11,18179,295,39.258419921874996,17,47.33,0.1,0.11,2026-09-29 19:59:43,🚬菸屁股,HOLD,1
BA,2026-10-16,215.0,0.31,3884,295,39.20959228515625,17,187.67999267578125,0.26,0.39,2026-09-29 19:56:19,🚬菸屁股,HOLD,1
META,2026-10-09,900.0,0.25,2670,292,51.807122558593754,10,738.7899780273438,0.21,0.3,2026-09-29 19:59:06,🚬菸屁股,HOLD,1
ONDS,2028-01-21,10.0,2.25,24517,291,91.06454248046875,479,7.480000019073486,2.18,2.5,2026-09-29 19:59:08,🔭LEAPS,HOLD,1
ZM,2026-10-16,95.0,0.8,975,290,43.40876904296876,17,88.355,0.75,1.08,2026-09-29 19:44:20,🚬菸屁股,HOLD,1
F,2026-12-18,19.82,0.13,7303,290,72.46121289062499,80,12.300000190734863,0.15,0.23,2025-02-13 18:30:47,🚬菸屁股,HOLD,1
AMZN,2026-11-20,320.0,0.75,7542,290,40.711042114257815,52,246.6699981689453,0.64,0.8,2026-09-29 19:38:19,🚬菸屁股,HOLD,1
NVDA,2026-10-16,275.0,0.06,9192,289,37.305314453125,17,227.21,0.05,0.06,2026-09-29 19:48:48,🚬菸屁股,HOLD,1
NVDA,2026-11-20,300.0,0.34,13195,288,37.402969726562496,52,227.21,0.32,0.34,2026-09-29 19:58:01,🚬菸屁股,HOLD,1
BA,2026-10-16,225.0,0.13,2281,288,42.0904228515625,17,187.67999267578125,0.12,0.16,2026-09-29 19:47:34,🚬菸屁股,HOLD,1
AMZN,2026-10-16,267.5,0.9,906,288,31.079790771484372,17,246.6699981689453,0.88,0.95,2026-09-29 19:58:43,🚬菸屁股,HOLD,1
RKLB,2026-10-09,90.0,0.13,1101,287,83.789224609375,10,69.7,0.12,0.16,2026-09-29 19:59:07,🚬菸屁股,HOLD,1
SOFI,2027-01-15,19.0,0.86,6835,287,54.15084912109377,108,15.91,0.83,0.88,2026-09-29 19:58:15,🚬菸屁股,HOLD,1
F,2026-11-20,15.0,0.09,7057,286,39.8443515625,52,12.300000190734863,0.08,0.09,2026-09-29 19:51:49,🚬菸屁股,HOLD,1
ACHR,2027-01-15,6.0,0.49,7839,285,74.12135253906249,108,5.059999942779541,0.48,0.5,2026-09-29 19:59:06,🚬菸屁股,HOLD,1
NKE,2026-10-16,50.0,0.03,19457,285,72.6565234375,17,35.84000015258789,0.03,0.05,2026-09-29 19:43:44,🚬菸屁股,HOLD,1
SOFI,2027-01-15,27.0,0.18,21708,284,62.890996093750005,108,15.91,0.18,0.19,2026-09-29 19:46:54,🚬菸屁股,HOLD,1
ONDS,2026-11-20,11.0,0.18,3322,283,86.32826171875,52,7.480000019073486,0.14,0.2,2026-09-29 19:43:12,🚬菸屁股,HOLD,1
NKE,2026-11-20,50.0,0.16,6246,283,52.539537109375004,52,35.84000015258789,0.15,0.17,2026-09-29 19:57:46,🚬菸屁股,HOLD,1
HIMS,2028-01-21,35.0,8.8,2518,281,84.97329479980469,479,28.700000762939453,8.55,9.4,2026-09-29 19:40:31,🆕低基期(前日Vol12) 🔭LEAPS,HOLD,1
U,2026-10-16,44.0,0.56,4123,279,56.64105859375,17,39.72,0.46,0.69,2026-09-29 19:49:00,🚬菸屁股,HOLD,1
NVDA,2027-01-15,420.0,0.09,11208,278,43.60407958984375,108,227.21,0.08,0.11,2026-09-29 19:41:39,🚬菸屁股,HOLD,1
ASTS,2026-10-16,100.0,0.09,8529,276,110.74263378906251,17,59.4,0.08,0.11,2026-09-29 19:53:37,🚬菸屁股,HOLD,1
PACB,2026-10-16,1.5,0.35,2972,275,110.9379453125,17,1.83,0.35,0.4,2026-09-29 19:59:23,🚬菸屁股,HOLD,1
IBIT,2026-10-16,55.0,0.08,20021,274,40.62559375,17,47.33,0.07,0.08,2026-09-29 19:45:39,🚬菸屁股,HOLD,1
JPM,2026-10-16,380.0,0.16,4645,273,31.104204589843743,17,334.9800109863281,0.1,0.28,2026-09-29 18:59:49,🚬菸屁股,HOLD,1
IBIT,2028-01-21,50.0,9.6,10814,271,50.29956927490235,479,47.33,9.5,9.75,2026-09-29 19:28:22,🔭LEAPS,HOLD,1
NKE,2028-01-21,100.0,0.33,12480,271,47.41263525390625,479,35.84000015258789,0.3,0.36,2026-09-29 19:26:05,🔭LEAPS,HOLD,1
ONDS,2027-01-15,12.0,0.34,20164,270,85.54701953125,108,7.480000019073486,0.33,0.37,2026-09-29 19:31:28,🚬菸屁股,HOLD,1
NKE,2026-10-09,38.0,0.94,933,270,74.2190078125,10,35.84000015258789,0.91,0.95,2026-09-29 19:57:24,🚬菸屁股,HOLD,1
SOFI,2026-10-16,18.5,0.08,5751,269,51.95360546875,17,15.91,0.07,0.09,2026-09-29 19:44:29,🚬菸屁股,HOLD,1
U,2026-10-16,60.0,0.05,1802,269,85.54701953125,17,39.72,0.02,0.06,2026-09-29 18:28:45,🚬菸屁股,HOLD,1
JOBY,2026-10-09,7.0,0.03,2266,268,69.5315546875,10,5.989999771118164,0.02,0.04,2026-09-29 19:51:34,🚬菸屁股,HOLD,1
OPEN,2027-01-15,3.0,0.3,7834,265,96.48441015625,108,2.37,0.29,0.3,2026-09-29 19:59:58,🚬菸屁股,HOLD,1
SOFI,2026-11-20,21.0,0.21,6577,264,59.6683720703125,52,15.91,0.21,0.22,2026-09-29 19:35:42,🚬菸屁股,HOLD,1
SMR,2026-11-20,10.0,0.38,4228,264,87.89074609375,52,7.760000228881836,0.35,0.39,2026-09-29 19:49:19,🚬菸屁股,HOLD,1
NKE,2028-01-21,45.0,4.17,10657,264,43.68952795410156,479,35.84000015258789,4.0,4.2,2026-09-29 19:56:47,🔭LEAPS,HOLD,1
ASTS,2027-01-15,170.0,0.74,1710,263,103.22314013671878,108,59.4,0.5,0.8,2026-09-24 18:03:46,🚬菸屁股,HOLD,1
NKE,2026-10-16,45.0,0.12,27207,260,64.062859375,17,35.84000015258789,0.1,0.13,2026-09-29 19:43:32,🚬菸屁股,HOLD,1
NVDA,2026-10-16,290.0,0.02,12056,259,41.01621484375,17,227.21,0.01,0.02,2026-09-29 19:10:34,🚬菸屁股,HOLD,1
MSFT,2026-12-18,625.0,3.1,102412,259,31.38801522827148,80,508.96,2.7,3.05,2026-09-29 17:28:28,🔥萬人塚 🏛️機構場,HOLD,1
HOOD,2026-10-09,140.0,0.31,1515,259,68.7503125,10,116.22,0.29,0.33,2026-09-29 19:47:55,🚬菸屁股,HOLD,1
ONDS,2027-01-15,11.0,0.44,8652,258,83.39860351562498,108,7.480000019073486,0.43,0.46,2026-09-29 19:35:01,🚬菸屁股,HOLD,1
NKE,2026-10-09,39.0,0.65,2027,258,74.02369726562499,10,35.84000015258789,0.64,0.69,2026-09-29 19:56:16,🚬菸屁股,HOLD,1
NKE,2026-12-18,50.0,0.31,9199,258,51.562984375,80,35.84000015258789,0.25,0.39,2026-09-29 19:58:07,🚬菸屁股,HOLD,1
DKNG,2027-01-15,30.0,0.44,6845,257,64.3558251953125,108,19.59,0.4,0.51,2026-09-29 19:40:01,🚬菸屁股,HOLD,1
COIN,2026-10-16,250.0,0.6,5837,255,73.92604199218749,17,190.02,0.56,0.65,2026-09-29 19:46:28,🚬菸屁股,HOLD,1
NVDA,2026-12-18,450.0,0.03,7292,254,51.758294921875006,80,227.21,0.03,0.08,2026-09-29 18:02:20,🆕低基期(前日Vol11) 🚬菸屁股,HOLD,1
SMR,2026-10-16,8.0,0.4,923,254,74.60962890625001,17,7.760000228881836,0.38,0.41,2026-09-29 19:52:20,🚬菸屁股,HOLD,1
OPEN,2026-11-20,7.0,0.03,5249,252,151.5627421875,52,2.37,0.02,0.03,2026-09-29 19:59:13,🚀點火(11.5x) ⚠️IV頂峰 🚬菸屁股 ⚠️暴動高IV(152%),BUY_WATCH,1
DKNG,2026-12-18,25.0,0.82,5028,251,64.7464462890625,80,19.59,0.74,0.85,2026-09-29 19:49:15,🚬菸屁股,HOLD,1
PACB,2027-01-15,3.0,0.1,2413,250,92.9688203125,108,1.83,0.05,0.15,2026-09-29 13:30:02,🆕低基期(前日Vol1) 🚬菸屁股,HOLD,1
AMZN,2027-01-15,350.0,0.92,19843,250,36.98793481445312,108,246.6699981689453,0.87,0.98,2026-09-29 19:10:32,🚬菸屁股,HOLD,1
NKE,2027-01-15,47.5,0.67,4635,244,47.046427978515624,108,35.84000015258789,0.64,0.72,2026-09-29 18:43:26,🆕低基期(前日Vol10) 🚬菸屁股,HOLD,1
IBIT,2027-01-15,61.0,0.88,6077,239,42.2857333984375,108,47.33,0.8,0.84,2026-09-29 14:55:26,🚬菸屁股,HOLD,1
O,2026-10-16,55.0,0.95,1449,237,18.506674316406247,17,55.13999938964844,0.8,0.95,2026-09-29 19:46:55,🚬菸屁股,HOLD,1
NVDA,2028-01-21,280.0,26.98,9203,235,42.493250854492196,479,227.21,26.35,26.7,2026-09-29 18:24:09,🔭LEAPS,HOLD,1
HOOD,2026-10-16,145.0,0.48,4541,234,66.21127539062502,17,116.22,0.47,0.5,2026-09-29 19:47:14,🚬菸屁股,HOLD,1
F,2027-01-15,18.0,0.06,10768,233,42.383388671875,108,12.300000190734863,0.05,0.07,2026-09-29 19:38:31,🚬菸屁股,HOLD,1
META,2027-01-15,1360.0,0.42,962,232,46.582565429687506,108,738.7899780273438,0.51,0.67,2026-09-29 17:35:02,🚬菸屁股,HOLD,1
GS,2026-10-16,1100.0,0.48,1130,232,43.335527587890624,17,916.239990234375,0.4,0.9,2026-09-29 19:40:47,🚬菸屁股,HOLD,1
SOFI,2026-11-20,30.0,0.04,6705,231,78.12521875,52,15.91,0.03,0.04,2026-09-29 19:52:40,🚬菸屁股,HOLD,1
PLTR,2026-10-16,230.0,0.21,5346,229,50.537604003906246,17,186.97,0.21,0.25,2026-09-29 19:46:03,🚬菸屁股,HOLD,1
JOBY,2026-10-16,6.0,0.33,921,229,66.79720703125001,17,5.989999771118164,0.27,0.41,2026-09-29 19:49:55,🚬菸屁股,HOLD,1
SOFI,2026-10-09,19.0,0.03,3930,226,64.062859375,10,15.91,0.03,0.04,2026-09-29 18:04:04,🚬菸屁股,HOLD,1
CRM,2026-10-16,270.0,0.21,2303,226,44.434149414062496,17,225.30999755859375,0.15,0.27,2026-09-29 19:59:36,🚬菸屁股,HOLD,1
AAPL,2027-01-15,320.0,25.5,36932,225,29.78280667114257,108,329.4,25.4,26.0,2026-09-29 19:57:24,🔥萬人塚 🏛️機構場,HOLD,1
F,2026-12-18,14.0,0.26,4877,225,36.524072265625,80,12.300000190734863,0.26,0.29,2026-09-29 19:58:50,🚬菸屁股,HOLD,1
SOFI,2027-01-15,24.0,0.29,5223,224,58.984785156250005,108,15.91,0.28,0.31,2026-09-29 18:34:10,🚬菸屁股,HOLD,1
DKNG,2026-10-16,24.0,0.09,1537,222,58.984785156250005,17,19.59,0.04,0.09,2026-09-29 19:44:05,🚬菸屁股,HOLD,1
CRWV,2026-10-16,115.0,0.37,3710,222,82.0314296875,17,85.93000030517578,0.35,0.38,2026-09-29 19:59:39,🚬菸屁股,HOLD,1
MARA,2026-10-16,14.0,0.27,12198,222,83.98453515624999,17,11.989999771118164,0.25,0.26,2026-09-29 19:53:40,🚬菸屁股,HOLD,1
NVDA,2028-01-21,310.0,19.5,10712,221,41.81881912231445,479,227.21,19.05,19.5,2026-09-29 19:46:10,🔭LEAPS,HOLD,1
MSTR,2027-01-15,500.0,0.6,8512,221,94.92192578125,108,154.67,0.34,0.77,2026-09-29 19:07:35,🚬菸屁股,HOLD,1
RKLB,2026-10-09,85.0,0.25,1306,221,76.562734375,10,69.7,0.22,0.27,2026-09-29 19:55:18,🚬菸屁股,HOLD,1
AMZN,2026-12-18,330.0,0.98,17311,220,38.13538427734374,80,246.6699981689453,0.94,1.1,2026-09-29 19:22:13,🚬菸屁股,HOLD,1
MARA,2026-12-18,19.0,0.45,1487,220,89.257919921875,80,11.989999771118164,0.41,0.44,2026-09-29 19:38:43,🆕低基期(前日Vol3) 🚬菸屁股,HOLD,1
MARA,2026-11-20,14.0,0.86,3209,219,86.52357226562499,52,11.989999771118164,0.85,0.88,2026-09-29 19:57:44,🚬菸屁股,HOLD,1
INTC,2026-10-09,140.0,0.38,7840,218,72.1682470703125,10,115.93,0.35,0.39,2026-09-29 19:34:40,🚬菸屁股,HOLD,1
OPEN,2026-12-18,5.0,0.06,3918,216,113.28168359375002,80,2.37,0.05,0.08,2026-09-29 18:16:54,🚬菸屁股,HOLD,1
O,2026-11-20,57.5,0.62,1309,215,18.311363769531248,52,55.13999938964844,0.5,0.65,2026-09-29 19:47:17,🚬菸屁股,HOLD,1
LUNR,2028-01-21,20.0,4.89,3189,214,97.43654907226562,479,14.550000190734863,4.5,5.2,2026-09-29 19:45:02,🆕低基期(前日Vol15) 🔭LEAPS,HOLD,1
NVDA,2026-11-20,290.0,0.54,5103,213,36.59731372070312,52,227.21,0.52,0.55,2026-09-29 19:54:33,🚬菸屁股,HOLD,1
DKNG,2026-10-16,25.0,0.05,10340,213,63.281617187500004,17,19.59,0.04,0.05,2026-09-29 19:54:33,🚬菸屁股,HOLD,1
IBIT,2026-11-20,60.0,0.26,7965,212,42.383388671875,52,47.33,0.25,0.26,2026-09-29 19:43:00,🚬菸屁股,HOLD,1
IBIT,2026-10-16,65.0,0.02,7617,211,59.375406250000005,17,47.33,0.01,0.02,2026-09-29 19:18:25,🚬菸屁股,HOLD,1
PATH,2026-10-16,12.5,0.5,1481,210,55.859816406250005,17,12.32,0.48,0.54,2026-09-29 19:40:20,🚬菸屁股,HOLD,1
META,2026-10-16,1100.0,0.1,943,210,59.375406250000005,17,738.7899780273438,0.01,0.05,2026-09-28 18:30:53,🚬菸屁股,HOLD,1
ONDS,2028-01-21,5.0,3.83,18455,208,91.60164648437501,479,7.480000019073486,3.8,4.0,2026-09-29 19:56:01,🔭LEAPS,HOLD,1
NKE,2028-01-21,50.0,3.25,16682,207,43.98249377441406,479,35.84000015258789,3.0,3.2,2026-09-29 19:53:57,🔭LEAPS,HOLD,1
BA,2026-12-18,290.0,0.16,3501,206,47.63235961914062,80,187.67999267578125,0.01,0.5,2026-09-28 19:57:13,🚬菸屁股,HOLD,1
RKLB,2028-01-21,150.0,9.6,4291,205,78.22897747802735,479,69.7,9.0,9.8,2026-09-29 19:05:13,🔭LEAPS,HOLD,1
OKLO,2026-11-20,95.0,0.09,6180,204,117.77384863281249,52,37.11,0.07,0.25,2026-09-29 19:17:34,🆕低基期(前日Vol8) 🚬菸屁股,HOLD,1
META,2026-10-16,950.0,0.29,1118,204,50.04932763671876,17,738.7899780273438,0.27,0.34,2026-09-29 18:23:50,🚬菸屁股,HOLD,1
MSTR,2027-01-15,1000.0,0.1,5082,203,117.3832255859375,108,154.67,0.0,0.24,2026-09-29 15:17:48,🆕低基期(前日Vol1) 🚬菸屁股,HOLD,1
TSLA,2027-01-15,950.0,0.25,16643,201,67.96907031250001,108,352.84,0.22,0.26,2026-09-29 14:38:59,🆕低基期(前日Vol1) 🚬菸屁股,HOLD,1
IBIT,2028-01-21,115.0,1.18,12123,199,51.27001855468749,479,47.33,1.16,1.24,2026-09-29 17:16:01,🆕低基期(前日Vol1) 🔭LEAPS,HOLD,1
IBIT,2026-10-16,48.5,0.99,10673,198,36.18227880859375,17,47.33,0.96,0.98,2026-09-29 19:52:22,🚬菸屁股,HOLD,1
SMCI,2026-10-16,46.0,0.89,996,198,71.19169433593751,17,41.02,0.86,0.9,2026-09-29 19:46:41,🚬菸屁股,HOLD,1
SOFI,2026-11-20,22.0,0.16,18492,198,61.914443359375014,52,15.91,0.16,0.17,2026-09-29 19:31:53,🚬菸屁股,HOLD,1
JOBY,2026-11-20,10.0,0.06,4392,197,84.37515624999999,52,5.989999771118164,0.05,0.06,2026-09-29 19:51:42,🚬菸屁股,HOLD,1
BA,2026-11-20,235.0,0.74,8677,193,38.69690209960937,52,187.67999267578125,0.71,0.82,2026-09-29 19:24:02,🚬菸屁股,HOLD,1
JPM,2026-10-09,350.0,0.72,952,193,22.779092529296875,10,334.9800109863281,0.66,0.78,2026-09-29 19:57:03,🚬菸屁股,HOLD,1
HOOD,2027-01-15,290.0,0.29,12815,192,77.19749365234375,108,116.22,0.22,0.57,2026-09-29 19:04:09,🚬菸屁股,HOLD,1
INTC,2026-11-20,210.0,0.5,5734,191,82.61736132812499,52,115.93,0.5,0.55,2026-09-29 19:52:57,🚬菸屁股,HOLD,1
OPEN,2026-10-09,3.5,0.01,3482,190,153.125234375,10,2.37,0.0,0.04,2026-09-29 19:17:48,🚀點火(5.4x) ⚠️IV頂峰 🚬菸屁股 ⚠️暴動高IV(153%),BUY_WATCH,1
SOFI,2026-12-18,21.0,0.36,4192,189,57.0316796875,80,15.91,0.36,0.39,2026-09-29 19:02:48,🚬菸屁股,HOLD,1
F,2027-01-15,15.0,0.22,7647,188,36.2311064453125,108,12.300000190734863,0.21,0.22,2026-09-29 19:56:48,🚬菸屁股,HOLD,1
MARA,2027-01-15,35.0,0.11,13735,188,100.78174609374999,108,11.989999771118164,0.1,0.11,2026-09-29 19:54:51,🚬菸屁股,HOLD,1
PLTR,2026-10-16,220.0,0.43,5132,186,47.5591181640625,17,186.97,0.44,0.5,2026-09-29 19:41:08,🚬菸屁股,HOLD,1
NKE,2028-01-21,35.0,7.5,4500,186,44.458563232421874,479,35.84000015258789,7.35,7.55,2026-09-29 19:53:16,🔭LEAPS,HOLD,1
SOFI,2026-10-16,15.5,0.84,758,184,46.0942890625,17,15.91,0.83,0.85,2026-09-29 19:57:42,🚬菸屁股,HOLD,1
CRWV,2026-10-09,99.0,0.89,4687,184,77.929908203125,10,85.93000030517578,0.78,0.86,2026-09-29 19:53:31,🚬菸屁股,HOLD,1
IONQ,2026-10-09,50.0,0.49,1558,183,77.8322529296875,10,43.91,0.44,0.55,2026-09-29 19:57:53,🚬菸屁股,HOLD,1
MARA,2026-10-09,16.0,0.04,1681,183,98.437515625,10,11.989999771118164,0.03,0.04,2026-09-29 19:18:40,🚬菸屁股,HOLD,1
U,2026-10-16,43.0,0.76,1543,182,55.56685058593751,17,39.72,0.64,0.87,2026-09-29 19:56:58,🚬菸屁股,HOLD,1
SMCI,2026-10-09,44.0,0.87,1185,180,71.5823154296875,10,41.02,0.84,0.88,2026-09-29 19:54:40,🚬菸屁股,HOLD,1
META,2026-10-16,1220.0,0.04,3113,180,78.51583984375,17,738.7899780273438,0.01,0.13,2026-09-29 19:49:20,🚬菸屁股,HOLD,1
ONDS,2026-12-18,12.0,0.24,4290,178,88.476677734375,80,7.480000019073486,0.2,0.29,2026-09-29 17:33:49,🚬菸屁股,HOLD,1
F,2026-12-18,15.0,0.15,9840,178,37.207659179687504,80,12.300000190734863,0.14,0.15,2026-09-29 19:31:08,🚬菸屁股,HOLD,1
ACHR,2026-10-16,6.5,0.03,2028,176,78.12521875,17,5.059999942779541,0.02,0.04,2026-09-29 19:45:45,🚬菸屁股,HOLD,1
PCG,2026-10-16,14.0,0.04,17391,176,44.14118359375,17,12.180000305175781,0.02,0.04,2026-09-29 19:45:46,🚬菸屁股,HOLD,1
NKE,2026-11-20,45.0,0.4,7412,175,49.70753417968751,52,35.84000015258789,0.38,0.41,2026-09-29 19:35:03,🚬菸屁股,HOLD,1
SMCI,2027-01-15,90.0,0.71,27733,173,87.25598681640624,108,41.02,0.4,0.75,2026-09-28 17:54:34,🚬菸屁股,HOLD,1
RKLB,2026-10-16,120.0,0.06,4836,173,107.03171484375002,17,69.7,0.04,0.09,2026-09-29 15:30:27,🚬菸屁股,HOLD,1
IONQ,2026-11-20,65.0,0.9,1468,173,85.1563984375,52,43.91,0.85,0.98,2026-09-29 19:40:22,🚬菸屁股,HOLD,1
SMR,2028-01-21,20.0,1.39,4991,172,98.53517089843751,479,7.760000228881836,1.3,1.57,2026-09-29 19:36:02,🔭LEAPS,HOLD,1
SMR,2027-01-15,15.0,0.26,16209,171,92.773509765625,108,7.760000228881836,0.22,0.26,2026-09-29 19:59:28,🚬菸屁股,HOLD,1
ONDS,2026-10-16,7.5,0.44,1125,170,70.70341796875,17,7.480000019073486,0.43,0.46,2026-09-29 19:58:01,🚬菸屁股,HOLD,1
LUNR,2026-10-16,17.0,0.35,1346,170,87.89074609375,17,14.550000190734863,0.27,0.42,2026-09-29 19:24:45,🚬菸屁股,HOLD,1
ACHR,2026-10-09,6.0,0.03,2729,170,73.437765625,10,5.059999942779541,0.02,0.03,2026-09-29 19:51:02,🚬菸屁股,HOLD,1
ACHR,2027-01-15,8.0,0.2,16013,169,79.29708203125,108,5.059999942779541,0.18,0.22,2026-09-29 19:40:02,🚬菸屁股,HOLD,1
RKLB,2027-01-15,150.0,0.93,10449,168,84.81460498046874,108,69.7,0.85,1.01,2026-09-29 19:48:09,🚬菸屁股,HOLD,1
JOBY,2027-01-15,7.0,0.56,9146,168,70.70341796875,108,5.989999771118164,0.54,0.59,2026-09-29 19:54:54,🚬菸屁股,HOLD,1
INTC,2026-10-16,165.0,0.16,5724,167,78.6134951171875,17,115.93,0.14,0.18,2026-09-29 19:31:48,🚬菸屁股,HOLD,1
AMZN,2026-10-09,267.5,0.39,1080,167,32.52020605468749,10,246.6699981689453,0.28,0.4,2026-09-29 19:41:10,🚬菸屁股,HOLD,1
SOFI,2026-12-18,26.0,0.13,2525,166,64.648791015625,80,15.91,0.13,0.14,2026-09-29 19:41:53,🚬菸屁股,HOLD,1
SOFI,2026-10-16,26.0,0.01,4705,164,93.7500625,17,15.91,0.0,0.02,2026-09-29 18:18:15,🚀點火(3.8x) 🚬菸屁股 ⚠️尾段價外(63%) ⚠️暴動高IV(94%),BUY_WATCH,1
PATH,2026-12-18,15.0,0.64,2761,164,66.8948623046875,80,12.32,0.64,0.72,2026-09-29 18:20:18,🚬菸屁股,HOLD,1
BA,2028-01-21,300.0,8.45,2513,164,40.83921466064453,479,187.67999267578125,7.9,9.05,2026-09-29 19:56:52,🔭LEAPS,HOLD,1
PATH,2027-01-15,15.0,0.88,22132,162,65.7229990234375,108,12.32,0.83,0.93,2026-09-29 19:18:15,🚬菸屁股,HOLD,1
VRT,2026-10-16,300.0,0.85,2459,161,56.37250659179689,17,248.33999633789062,0.72,1.0,2026-09-29 19:41:14,🚬菸屁股,HOLD,1
OKLO,2026-10-09,45.0,0.19,970,160,78.32052929687501,10,37.11,0.12,0.2,2026-09-29 19:53:30,🚬菸屁股,HOLD,1
ASTS,2026-10-09,80.0,0.13,906,160,94.726615234375,10,59.4,0.1,0.14,2026-09-29 19:22:29,🚬菸屁股,HOLD,1
F,2026-10-16,16.0,0.01,8258,160,53.12546875,17,12.300000190734863,0.0,0.01,2026-09-29 19:45:40,🚬菸屁股,HOLD,1
IBIT,2026-10-16,60.0,0.03,28661,159,50.39112109375,17,47.33,0.02,0.03,2026-09-29 18:44:23,🚬菸屁股,HOLD,1
SMR,2027-01-15,11.0,0.58,4702,159,86.914193359375,108,7.760000228881836,0.56,0.59,2026-09-29 19:33:16,🚬菸屁股,HOLD,1
RKLB,2028-01-21,210.0,5.4,7171,158,78.39377075195313,479,69.7,4.9,5.85,2026-09-29 19:27:22,🔭LEAPS,HOLD,1
TSLA,2028-01-21,500.0,39.0,7863,157,50.06382334136963,479,352.84,39.0,39.5,2026-09-29 19:45:01,🔭LEAPS,HOLD,1
ASTS,2028-01-21,180.0,6.2,10671,157,85.937640625,479,59.4,5.6,6.65,2026-09-29 18:38:40,🆕低基期(前日Vol4) 🔭LEAPS,HOLD,1
SOFI,2026-11-20,33.0,0.03,1500,157,83.59391406249999,52,15.91,0.02,0.03,2026-09-29 16:47:27,🚬菸屁股,HOLD,1
AMZN,2026-11-20,350.0,0.2,17542,157,42.43221630859375,52,246.6699981689453,0.19,0.24,2026-09-29 19:41:29,🚬菸屁股,HOLD,1
SOFI,2026-11-20,23.0,0.12,6985,156,63.67223828125,52,15.91,0.12,0.13,2026-09-29 19:38:55,🚬菸屁股,HOLD,1
JOBY,2028-01-21,17.0,0.52,3946,156,79.5900478515625,479,5.989999771118164,0.5,0.58,2026-09-29 16:49:10,🔭LEAPS,HOLD,1
JPM,2026-10-09,355.0,0.3,1513,156,23.36502416992187,10,334.9800109863281,0.26,0.39,2026-09-29 19:20:12,🚬菸屁股,HOLD,1
OKLO,2026-10-16,80.0,0.03,3055,155,147.65651171875,17,37.11,0.01,0.08,2026-09-29 17:00:32,🆕低基期(前日Vol16) 🚬菸屁股,HOLD,1
NKE,2027-01-15,105.0,0.06,1333,155,78.711150390625,108,35.84000015258789,0.02,0.08,2026-08-25 17:00:22,🚬菸屁股,HOLD,1
HOOD,2026-10-16,230.0,0.02,4411,154,106.25046875000001,17,116.22,0.01,0.02,2026-09-29 13:56:24,🆕低基期(前日Vol4) 🚬菸屁股,HOLD,1
TSLA,2026-10-16,460.0,0.21,6377,152,54.78560839843751,17,352.84,0.2,0.21,2026-09-29 19:48:31,🚬菸屁股,HOLD,1
OPEN,2026-11-20,4.0,0.06,15964,152,110.9379453125,52,2.37,0.06,0.07,2026-09-29 19:34:24,🚬菸屁股,HOLD,1
SOFI,2026-12-18,30.0,0.08,25354,151,70.70341796875,80,15.91,0.07,0.08,2026-09-29 19:53:52,🚬菸屁股,HOLD,1
HOOD,2026-10-09,135.0,0.56,904,150,66.79720703125001,10,116.22,0.54,0.58,2026-09-29 19:40:08,🚬菸屁股,HOLD,1
MARA,2026-12-18,32.0,0.09,1589,150,105.078599609375,80,11.989999771118164,0.06,0.1,2026-09-29 16:19:25,🆕低基期(前日Vol1) 🚬菸屁股,HOLD,1
INTC,2026-10-16,145.0,0.68,6029,149,72.7541787109375,17,115.93,0.64,0.77,2026-09-29 19:39:30,🚬菸屁股,HOLD,1
OKLO,2026-11-20,80.0,0.21,2842,149,104.29735351562503,52,37.11,0.13,0.28,2026-09-28 18:10:47,🚬菸屁股,HOLD,1
DKNG,2026-10-09,24.0,0.04,1147,148,66.40658593750001,10,19.59,0.02,0.04,2026-09-29 19:41:22,🚬菸屁股,HOLD,1
TDOC,2028-01-21,17.0,0.41,1200,148,75.2932158203125,479,5.75,0.23,0.57,2026-09-24 15:57:42,🔭LEAPS,HOLD,1
NNE,2027-01-15,30.0,0.35,4035,148,83.789224609375,108,15.789999961853027,0.3,0.4,2026-09-29 19:59:53,🆕低基期(前日Vol18) 🚬菸屁股,HOLD,1
KHC,2026-12-18,27.5,0.18,7610,148,29.24875439453124,80,23.450000762939453,0.17,0.21,2026-09-29 19:57:51,🚬菸屁股,HOLD,1
RKLB,2027-01-15,200.0,0.34,4478,147,90.429783203125,108,69.7,0.32,0.33,2026-09-29 19:15:48,🆕低基期(前日Vol17) 🚬菸屁股,HOLD,1
IREN,2026-10-16,70.0,0.04,9327,147,107.42233789062503,17,41.38,0.03,0.07,2026-09-29 19:35:28,🚬菸屁股,HOLD,1
NVDA,2027-01-15,350.0,0.41,11521,146,38.355108642578124,108,227.21,0.32,0.41,2026-09-29 19:03:14,🚬菸屁股,HOLD,1
OPEN,2027-02-19,6.0,0.09,1362,146,114.84417578124999,143,2.37,0.04,0.2,2026-09-29 19:18:28,🚬菸屁股,HOLD,1
SMR,2026-11-20,8.0,0.88,2778,145,83.39860351562498,52,7.760000228881836,0.85,0.89,2026-09-29 19:59:54,🚬菸屁股,HOLD,1
PATH,2026-10-16,20.0,0.01,1507,144,100.0005,17,12.32,0.0,0.03,2026-09-29 19:50:47,🆕低基期(前日Vol10) 🚬菸屁股,HOLD,1
SMR,2026-10-16,11.0,0.03,6151,144,95.312546875,17,7.760000228881836,0.03,0.04,2026-09-29 19:35:26,🚬菸屁股,HOLD,1
SMR,2026-10-16,9.0,0.15,3065,143,80.85956640625,17,7.760000228881836,0.15,0.17,2026-09-29 19:55:25,🚬菸屁股,HOLD,1
SMCI,2026-10-09,55.0,0.06,821,142,86.32826171875,10,41.02,0.04,0.06,2026-09-29 18:55:04,🚬菸屁股,HOLD,1
INTC,2028-01-21,200.0,17.88,5415,141,70.57524542236328,479,115.93,17.2,17.9,2026-09-29 19:09:08,🔭LEAPS,HOLD,1
VST,2026-10-16,165.0,0.35,2244,141,50.70850073242188,17,140.83,0.43,0.55,2026-09-29 19:56:34,🚬菸屁股,HOLD,1
OKLO,2026-10-16,50.0,0.16,8038,140,84.179845703125,17,37.11,0.16,0.17,2026-09-29 19:58:09,🚬菸屁股,HOLD,1
PATH,2026-10-16,13.0,0.31,1889,137,52.93015820312501,17,12.32,0.26,0.34,2026-09-29 19:21:26,🚬菸屁股,HOLD,1
JPM,2026-10-16,365.0,0.74,1840,137,28.528546752929685,17,334.9800109863281,0.56,0.8,2026-09-29 19:45:54,🚬菸屁股,HOLD,1
OKLO,2027-01-15,80.0,0.6,1478,136,88.5743330078125,108,37.11,0.37,0.84,2026-09-29 16:31:56,🚬菸屁股,HOLD,1
OPEN,2028-01-21,4.0,0.69,12852,136,101.5629921875,479,2.37,0.47,0.94,2026-09-29 19:38:16,🔭LEAPS,HOLD,1
CRWV,2026-11-20,150.0,0.72,2827,136,87.35364208984375,52,85.93000030517578,0.65,0.74,2026-09-29 18:38:29,🚬菸屁股,HOLD,1
IBIT,2028-01-21,60.0,6.35,10348,135,48.58449853515625,479,47.33,6.25,6.45,2026-09-29 19:24:31,🔭LEAPS,HOLD,1
UPST,2028-01-21,45.0,3.7,902,134,78.17404638671876,479,23.14,3.4,3.85,2026-09-28 16:29:10,🔭LEAPS,HOLD,1
JOBY,2027-01-15,6.0,0.95,2311,134,66.01596484375001,108,5.989999771118164,0.76,0.94,2026-09-29 19:50:47,🚬菸屁股,HOLD,1
INTC,2028-01-21,100.0,43.2,14852,133,72.19876434326171,479,115.93,42.75,43.5,2026-09-29 19:58:56,🔭LEAPS,HOLD,1
XYZ,2026-10-16,85.0,0.2,2827,133,44.14118359375,17,74.05,0.12,0.25,2026-09-29 18:49:31,🚬菸屁股,HOLD,1
JOBY,2027-01-15,15.0,0.05,11658,133,91.79695703125,108,5.989999771118164,0.05,0.07,2026-09-29 19:00:56,🚬菸屁股,HOLD,1
MARA,2026-10-09,14.5,0.09,2214,133,87.500125,10,11.989999771118164,0.07,0.1,2026-09-29 19:47:49,🚬菸屁股,HOLD,1
OPEN,2026-11-20,6.0,0.03,8675,131,134.37532812499998,52,2.37,0.02,0.03,2026-09-29 19:27:04,🆕低基期(前日Vol16) 🚬菸屁股,HOLD,1
JOBY,2028-01-21,12.0,0.91,10288,130,79.0041162109375,479,5.989999771118164,0.83,1.01,2026-09-29 18:44:25,🔭LEAPS,HOLD,1
PATH,2028-01-21,15.0,3.25,8571,129,74.31666308593749,479,12.32,3.1,3.45,2026-09-29 19:41:36,🔭LEAPS,HOLD,1
KHC,2026-12-18,30.0,0.07,5362,129,31.836619140624993,80,23.450000762939453,0.06,0.08,2026-09-29 19:43:10,🚬菸屁股,HOLD,1
HBAN,2026-10-16,16.0,0.07,1642,129,35.547519531249996,17,15.270000457763672,0.05,0.2,2026-09-29 19:47:55,🚬菸屁股,HOLD,1
HIMS,2026-10-09,33.0,0.26,1154,128,76.367423828125,10,28.700000762939453,0.22,0.31,2026-09-29 19:18:29,🚬菸屁股,HOLD,1
MARA,2026-10-16,14.5,0.2,1607,128,85.35170898437501,17,11.989999771118164,0.18,0.2,2026-09-29 19:12:40,🚬菸屁股,HOLD,1
ONDS,2028-01-21,7.0,3.1,19384,127,90.96688720703125,479,7.480000019073486,3.05,3.2,2026-09-29 19:36:12,🔭LEAPS,HOLD,1
SMR,2026-10-16,15.0,0.02,1192,126,137.50031249999998,17,7.760000228881836,0.0,0.03,2026-09-28 17:57:46,🚬菸屁股,HOLD,1
AMZN,2028-01-21,410.0,9.0,10674,126,39.05700592041016,479,246.6699981689453,8.35,8.95,2026-09-29 19:14:30,🔭LEAPS,HOLD,1
MARA,2028-01-21,15.0,3.83,4795,126,87.18274536132812,479,11.989999771118164,3.7,3.85,2026-09-29 19:51:44,🆕低基期(前日Vol9) 🔭LEAPS,HOLD,1
ONDS,2026-12-18,17.0,0.08,3126,125,98.04689453125,80,7.480000019073486,0.03,0.12,2026-09-29 19:00:57,🆕低基期(前日Vol5) 🚬菸屁股,HOLD,1
JOBY,2026-11-20,7.0,0.31,3275,125,70.312796875,52,5.989999771118164,0.27,0.32,2026-09-29 18:47:51,🚬菸屁股,HOLD,1
AMZN,2026-10-09,285.0,0.05,3372,125,38.67248828125,10,246.6699981689453,0.06,0.07,2026-09-29 19:28:45,🚬菸屁股,HOLD,1
ONDS,2026-10-16,11.0,0.02,8937,124,96.87503124999999,17,7.480000019073486,0.01,0.04,2026-09-29 19:19:04,🚀點火(6.2x) 🚬菸屁股 ⚠️尾段價外(47%) ⚠️暴動高IV(97%),BUY_WATCH,1
META,2026-10-16,910.0,0.66,4120,123,48.438015625000006,17,738.7899780273438,0.63,0.74,2026-09-29 19:59:26,🚬菸屁股,HOLD,1
META,2027-01-15,1480.0,0.24,2997,123,46.53373779296876,108,738.7899780273438,0.17,0.24,2026-09-29 19:15:41,🚬菸屁股,HOLD,1
SOFI,2028-06-16,45.0,1.06,4797,122,63.574583007812514,626,15.91,1.03,1.1,2026-09-29 18:47:22,🔭LEAPS,HOLD,1
F,2026-12-18,13.0,0.53,6556,122,36.7193828125,80,12.300000190734863,0.52,0.56,2026-09-29 19:19:36,🚬菸屁股,HOLD,1
SOFI,2027-01-15,37.0,0.07,3607,121,74.2190078125,108,15.91,0.05,0.08,2026-09-29 17:03:38,🆕低基期(前日Vol3) 🚬菸屁股,HOLD,1
SOFI,2027-01-15,40.0,0.05,26209,121,77.73459765625,108,15.91,0.05,0.06,2026-09-29 18:20:45,🚬菸屁股,HOLD,1
BA,2028-01-21,280.0,10.1,1014,120,41.47092221069336,479,187.67999267578125,9.6,11.95,2026-09-28 19:40:39,🔭LEAPS,HOLD,1
IONQ,2026-10-16,60.0,0.17,3376,119,83.98453515624999,17,43.91,0.1,0.22,2026-09-29 19:56:32,🚬菸屁股,HOLD,1
IREN,2026-10-09,55.0,0.08,1163,119,91.79695703125,10,41.38,0.08,0.09,2026-09-29 19:41:43,🚬菸屁股,HOLD,1
PCG,2026-12-18,22.0,0.14,8152,119,71.48466015625,80,12.180000305175781,0.0,0.17,2026-09-15 17:45:45,🚬菸屁股,HOLD,1
BA,2026-10-09,205.0,0.38,799,119,38.03772900390625,10,187.67999267578125,0.33,0.45,2026-09-29 19:07:10,🚬菸屁股,HOLD,1
ACHR,2026-10-09,6.5,0.02,8744,117,103.12548437500001,10,5.059999942779541,0.01,0.05,2026-09-29 19:46:04,🚬菸屁股,HOLD,1
CRWV,2026-11-20,175.0,0.32,2439,117,93.55475195312499,52,85.93000030517578,0.3,0.4,2026-09-29 19:22:58,🚬菸屁股,HOLD,1
NKE,2026-10-09,45.0,0.1,1029,117,79.687703125,10,35.84000015258789,0.08,0.1,2026-09-29 19:57:38,🚬菸屁股,HOLD,1
HIMS,2026-12-18,45.0,0.9,1370,116,85.0587431640625,80,28.700000762939453,0.86,0.97,2026-09-29 17:18:14,🚬菸屁股,HOLD,1
LUNR,2026-10-16,18.0,0.22,873,116,89.062609375,17,14.550000190734863,0.16,0.26,2026-09-29 19:34:00,🚬菸屁股,HOLD,1
NKE,2026-11-20,42.5,0.67,7099,116,49.65870654296876,52,35.84000015258789,0.65,0.72,2026-09-29 19:32:06,🚬菸屁股,HOLD,1
DKNG,2027-02-19,30.0,0.7,5224,115,63.81872119140625,143,19.59,0.63,0.77,2026-09-29 18:26:21,🆕低基期(前日Vol10) 🚬菸屁股,HOLD,1
ONDS,2028-01-21,3.0,4.96,3583,115,98.04689453125,479,7.480000019073486,4.7,5.4,2026-09-29 19:46:37,🆕低基期(前日Vol2) 🔭LEAPS,HOLD,1
NKE,2026-10-09,41.0,0.34,3024,115,74.12135253906249,10,35.84000015258789,0.3,0.35,2026-09-29 19:36:02,🚬菸屁股,HOLD,1
OKLO,2028-01-21,100.0,5.05,8994,114,85.1441915283203,479,37.11,4.35,4.55,2026-09-29 19:31:27,🔭LEAPS,HOLD,1
SOFI,2028-01-21,27.0,1.82,4761,114,60.96230444335939,479,15.91,1.77,1.85,2026-09-29 19:20:33,🔭LEAPS,HOLD,1
BA,2026-10-16,240.0,0.07,5542,114,49.31691308593751,17,187.67999267578125,0.06,0.08,2026-09-29 18:29:44,🚬菸屁股,HOLD,1
PATH,2028-01-21,30.0,1.18,6263,113,74.95142236328125,479,12.32,1.0,1.42,2026-09-29 19:24:47,🔭LEAPS,HOLD,1
ACHR,2026-10-16,10.0,0.01,5946,113,131.25034374999998,17,5.059999942779541,0.0,0.01,2026-09-29 18:43:29,🚬菸屁股,HOLD,1
AMZN,2028-01-21,400.0,9.78,12297,112,39.09973010253906,479,246.6699981689453,9.5,9.9,2026-09-29 19:48:56,🔭LEAPS,HOLD,1
MSTR,2028-01-21,700.0,7.1,9591,111,83.42301733398436,479,154.67,6.7,7.4,2026-09-29 19:59:09,🔭LEAPS,HOLD,1
KHC,2026-10-16,25.0,0.11,12687,111,28.125718749999994,17,23.450000762939453,0.08,0.11,2026-09-29 19:59:03,🚬菸屁股,HOLD,1
F,2026-12-18,17.0,0.05,3266,111,42.188078125,80,12.300000190734863,0.05,0.06,2026-09-29 18:38:12,🚬菸屁股,HOLD,1
META,2027-01-15,1490.0,0.22,1043,110,46.53373779296876,108,738.7899780273438,0.17,0.22,2026-09-29 19:52:33,🚬菸屁股,HOLD,1
IREN,2028-01-21,100.0,6.5,8222,109,89.62412719726561,479,41.38,6.4,6.8,2026-09-29 17:16:48,🔭LEAPS,HOLD,1
OKLO,2028-01-21,50.0,10.0,3197,108,85.00991552734375,479,37.11,9.85,11.2,2026-09-29 19:29:26,🆕低基期(前日Vol8) 🔭LEAPS,HOLD,1
JOBY,2026-11-20,8.0,0.15,3779,108,74.2190078125,52,5.989999771118164,0.14,0.16,2026-09-29 18:34:02,🚬菸屁股,HOLD,1
CRWV,2026-10-09,103.0,0.5,2667,108,79.883013671875,10,85.93000030517578,0.45,0.52,2026-09-29 19:20:06,🚬菸屁股,HOLD,1
HBAN,2026-11-20,18.0,0.08,922,108,33.98503515625,52,15.270000457763672,0.05,0.1,2026-09-25 17:39:42,🚬菸屁股,HOLD,1
SOFI,2028-06-16,47.0,1.0,25370,107,64.11168701171876,626,15.91,0.98,1.03,2026-09-29 19:58:40,🔭LEAPS,HOLD,1
KTOS,2026-11-20,60.0,0.61,1889,107,70.9963837890625,52,43.05,0.55,0.85,2026-09-29 19:26:16,🚬菸屁股,HOLD,1
O,2028-01-21,67.5,1.1,1983,107,20.294986511230466,479,55.13999938964844,1.0,1.5,2026-09-29 19:18:53,🔭LEAPS,HOLD,1
BA,2026-10-09,210.0,0.17,784,107,41.74862939453124,10,187.67999267578125,0.15,0.3,2026-09-29 17:37:40,🚬菸屁股,HOLD,1
RKLB,2026-10-16,95.0,0.22,1962,106,82.51970605468748,17,69.7,0.2,0.28,2026-09-29 19:37:44,🚬菸屁股,HOLD,1
MU,2026-10-16,2000.0,0.17,2278,106,99.5117236328125,17,1065.0799560546875,0.13,0.17,2026-09-29 19:54:24,🚬菸屁股,HOLD,1
DKNG,2027-01-15,28.0,0.63,2249,105,63.67223828125,108,19.59,0.6,0.66,2026-09-29 19:59:25,🚬菸屁股,HOLD,1
SMR,2027-01-15,9.0,0.99,1096,104,84.179845703125,108,7.760000228881836,0.95,1.0,2026-09-29 19:29:41,🚬菸屁股,HOLD,1
BA,2027-01-15,300.0,0.26,9103,104,39.50255810546876,108,187.67999267578125,0.23,0.26,2026-09-29 19:17:18,🚬菸屁股,HOLD,1
OPEN,2026-10-16,4.0,0.01,10004,103,112.5004375,17,2.37,0.0,0.01,2026-09-29 19:05:45,🚬菸屁股,HOLD,1
CRWV,2028-01-21,210.0,8.75,27676,103,76.00732000732424,479,85.93000030517578,8.15,9.3,2026-09-29 19:46:05,🔭LEAPS,HOLD,1
KHC,2027-01-15,45.0,0.02,847,103,50.0005,108,23.450000762939453,0.0,0.05,2026-09-25 19:34:48,🚬菸屁股,HOLD,1
NKE,2026-10-16,43.0,0.2,1293,103,62.109753906250006,17,35.84000015258789,0.17,0.25,2026-09-29 18:28:04,🚬菸屁股,HOLD,1
NKE,2028-01-21,110.0,0.27,12969,103,49.219257812500004,479,35.84000015258789,0.27,0.3,2026-09-29 19:15:49,🔭LEAPS,HOLD,1
IONQ,2026-10-16,55.0,0.3,1017,102,25.00075,17,43.91,0.0,0.0,2026-07-30 19:11:27,🚬菸屁股,HOLD,1
HIMS,2026-10-16,36.0,0.24,2858,102,79.9806689453125,17,28.700000762939453,0.22,0.27,2026-09-29 19:51:57,🚬菸屁股,HOLD,1
O,2026-12-18,60.0,0.39,2794,102,18.726398681640628,80,55.13999938964844,0.35,0.45,2026-09-29 18:56:50,🚬菸屁股,HOLD,1
F,2026-12-18,24.82,0.11,5499,102,83.98453515624999,80,12.300000190734863,0.09,0.11,2025-02-14 19:08:37,🚬菸屁股,HOLD,1
AMZN,2027-01-15,375.0,0.42,859,102,38.2818671875,108,246.6699981689453,0.31,0.52,2026-09-22 15:10:10,🚬菸屁股,HOLD,1
DKNG,2027-01-15,45.0,0.08,5599,101,72.07059179687501,108,19.59,0.05,0.09,2026-09-29 16:06:47,🆕低基期(前日Vol3) 🚬菸屁股,HOLD,1
HIMS,2027-01-15,100.0,0.15,10283,101,108.984830078125,108,28.700000762939453,0.0,0.39,2026-09-29 19:03:38,🆕低基期(前日Vol5) 🚬菸屁股,HOLD,1
LUNR,2028-01-21,25.0,4.03,4530,101,104.81004626464845,479,14.550000190734863,3.95,5.0,2026-09-29 19:51:06,🔭LEAPS,HOLD,1
JOBY,2027-01-15,13.0,0.07,915,101,85.54701953125,108,5.989999771118164,0.04,0.12,2026-09-29 14:58:42,🆕低基期(前日Vol10) 🚬菸屁股,HOLD,1
ACHR,2026-11-20,7.0,0.12,2751,101,64.062859375,52,5.059999942779541,0.0,0.12,2026-09-29 19:49:02,🚬菸屁股,HOLD,1
PCG,2027-01-15,35.0,0.01,2565,101,78.9064609375,108,12.180000305175781,0.0,0.04,2026-09-28 15:19:50,🚬菸屁股,HOLD,1
F,2026-10-16,14.5,0.01,1174,101,46.87553125,17,12.300000190734863,0.01,0.03,2026-09-29 16:58:50,🚬菸屁股,HOLD,1
F,2028-01-21,22.0,0.35,2521,101,42.62752685546876,479,12.300000190734863,0.33,0.45,2026-09-29 14:58:02,🔭LEAPS,HOLD,1
IONQ,2027-01-15,120.0,0.33,3927,100,93.2617861328125,108,43.91,0.2,0.44,2026-09-29 17:30:57,🆕低基期(前日Vol1) 🚬菸屁股,HOLD,1
XYZ,2027-01-15,120.0,0.3,922,100,50.537604003906246,108,74.05,0.25,0.41,2026-09-24 15:28:54,🆕低基期(前日Vol2) 🚬菸屁股,HOLD,1
PACB,2027-01-15,5.0,0.05,3526,100,103.12548437500001,108,1.83,0.0,0.05,2026-09-29 18:48:26,🆕低基期(前日Vol10) 🚬菸屁股,HOLD,1
JOBY,2026-11-20,15.0,0.01,1419,100,110.9379453125,52,5.989999771118164,0.0,0.04,2026-09-25 18:32:29,🚬菸屁股,HOLD,1
JOBY,2026-11-20,20.0,0.02,1870,100,134.37532812499998,52,5.989999771118164,0.0,0.03,2026-09-16 15:29:19,🚬菸屁股,HOLD,1
PCG,2026-10-09,13.0,0.06,880,100,50.39112109375,10,12.180000305175781,0.03,0.13,2026-09-29 19:53:46,🚬菸屁股,HOLD,1
HBAN,2027-01-15,20.0,0.07,4754,100,33.789724609375,108,15.270000457763672,0.05,0.1,2026-09-29 16:06:48,🚬菸屁股,HOLD,1
CRM,2026-12-18,550.0,0.04,7603,100,60.15664843750002,80,225.30999755859375,0.0,0.04,2026-09-29 19:54:49,🚬菸屁股,HOLD,1
ASTS,2026-11-20,120.0,0.51,3070,99,100.78174609374999,52,59.4,0.32,0.48,2026-09-29 13:51:09,🚬菸屁股,HOLD,1
IONQ,2028-01-21,60.0,11.5,3791,98,81.48211877441408,479,43.91,11.3,11.85,2026-09-29 19:56:50,🔭LEAPS,HOLD,1
XYZ,2026-11-20,100.0,0.38,1131,98,50.73291455078125,52,74.05,0.31,0.51,2026-09-29 18:40:11,🚬菸屁股,HOLD,1
AMZN,2026-10-16,350.0,0.01,5647,98,56.250437500000004,17,246.6699981689453,0.0,0.04,2026-09-29 15:06:46,🚬菸屁股,HOLD,1
UPST,2027-01-15,50.0,0.23,4618,97,77.73459765625,108,23.14,0.15,0.23,2026-09-28 19:54:53,🚬菸屁股,HOLD,1
SOFI,2028-01-21,18.0,3.7,12096,97,61.597063720703126,479,15.91,3.65,3.75,2026-09-29 19:47:02,🔭LEAPS,HOLD,1
NKE,2027-01-15,70.0,0.1,18005,97,57.51995605468749,108,35.84000015258789,0.07,0.11,2026-09-29 19:17:41,🆕低基期(前日Vol5) 🚬菸屁股,HOLD,1
SOFI,2028-06-16,13.0,6.4,3719,96,66.18686157226563,626,15.91,6.35,6.5,2026-09-29 19:54:50,🔭LEAPS,HOLD,1
PATH,2026-12-18,17.0,0.4,10470,96,67.87141503906251,80,12.32,0.34,0.4,2026-09-29 19:53:56,🚬菸屁股,HOLD,1
LUNR,2027-01-15,25.0,0.71,3867,96,94.8242705078125,108,14.550000190734863,0.66,0.8,2026-09-29 18:41:10,🆕低基期(前日Vol13) 🚬菸屁股,HOLD,1
MU,2026-11-20,2290.0,0.95,812,96,82.08025732421873,52,1065.0799560546875,0.9,1.2,2026-09-29 17:35:10,🚬菸屁股,HOLD,1
MSTR,2026-10-16,280.0,0.06,10284,95,102.34423828125001,17,154.67,0.04,0.06,2026-09-29 19:22:47,🚬菸屁股,HOLD,1
CRWV,2026-10-16,200.0,0.01,3754,95,131.25034374999998,17,85.93000030517578,0.01,0.02,2026-09-29 14:59:53,🆕低基期(前日Vol4) 🚬菸屁股,HOLD,1
NKE,2026-12-18,55.0,0.16,7808,95,52.539537109375004,80,35.84000015258789,0.15,0.21,2026-09-29 17:39:52,🚬菸屁股,HOLD,1
NVDA,2026-11-20,285.0,0.7,5384,94,36.279934082031254,52,227.21,0.68,0.71,2026-09-29 19:42:18,🚬菸屁股,HOLD,1
NVDA,2028-01-21,230.0,44.75,15592,94,44.82324464416504,479,227.21,44.35,44.95,2026-09-29 19:59:11,🔭LEAPS,HOLD,1
MSTR,2027-01-15,550.0,0.51,7233,94,102.39306616210939,108,154.67,0.42,0.81,2026-09-29 18:34:39,🆕低基期(前日Vol16) 🚬菸屁股,HOLD,1
VST,2026-12-18,210.0,0.87,5516,94,53.027813476562514,80,140.83,0.78,1.15,2026-09-29 18:58:08,🆕低基期(前日Vol10) 🚬菸屁股,HOLD,1
IREN,2026-10-16,51.0,0.46,799,94,82.3243955078125,17,41.38,0.43,0.53,2026-09-29 19:52:09,🚬菸屁股,HOLD,1
ONDS,2026-10-09,9.5,0.04,3316,94,90.62509374999999,10,7.480000019073486,0.01,0.05,2026-09-29 19:31:11,🚬菸屁股,HOLD,1
CRWV,2026-10-16,125.0,0.17,5048,94,88.476677734375,17,85.93000030517578,0.16,0.21,2026-09-29 19:46:16,🚬菸屁股,HOLD,1
OKLO,2026-10-16,70.0,0.02,1463,93,117.1879140625,17,37.11,0.02,0.03,2026-09-29 18:09:55,🆕低基期(前日Vol2) 🚬菸屁股,HOLD,1
NKE,2026-10-16,52.5,0.03,2731,93,81.2501875,17,35.84000015258789,0.02,0.06,2026-09-29 16:40:20,🚬菸屁股,HOLD,1
BA,2026-12-18,250.0,0.81,13182,93,37.81800463867187,80,187.67999267578125,0.73,0.85,2026-09-29 19:57:44,🚬菸屁股,HOLD,1
HIMS,2026-10-16,33.0,0.51,2781,92,74.2190078125,17,28.700000762939453,0.47,0.57,2026-09-29 19:40:14,🚬菸屁股,HOLD,1
CRM,2026-10-16,280.0,0.09,2545,92,48.04739453125,17,225.30999755859375,0.05,0.17,2026-09-29 18:33:07,🚬菸屁股,HOLD,1
NVDA,2026-12-18,310.0,0.6,7193,91,36.32876171875,80,227.21,0.55,0.6,2026-09-29 19:56:32,🚬菸屁股,HOLD,1
UPST,2027-02-19,50.0,0.4,833,90,79.101771484375,143,23.14,0.18,0.67,2026-09-29 14:33:05,🆕低基期(前日Vol10) 🚬菸屁股,HOLD,1
HOOD,2026-10-09,145.0,0.17,955,90,70.898728515625,10,116.22,0.16,0.19,2026-09-29 19:57:12,🚬菸屁股,HOLD,1
META,2026-12-18,1430.0,0.25,994,90,52.14891601562499,80,738.7899780273438,0.05,0.26,2026-09-28 13:30:03,🚬菸屁股,HOLD,1
BA,2026-10-16,230.0,0.1,4571,90,43.7505625,17,187.67999267578125,0.07,0.11,2026-09-29 19:51:06,🚬菸屁股,HOLD,1
CRM,2026-10-16,255.0,0.8,832,90,42.383388671875,17,225.30999755859375,0.72,0.89,2026-09-29 19:41:29,🚬菸屁股,HOLD,1
IBIT,2028-01-21,80.0,3.06,7131,89,48.865257446289064,479,47.33,2.99,3.15,2026-09-29 19:14:08,🔭LEAPS,HOLD,1
PCG,2027-01-15,13.0,0.87,4430,89,50.0005,108,12.180000305175781,0.87,0.99,2026-09-29 19:47:31,🚬菸屁股,HOLD,1
O,2028-01-21,65.0,1.45,1274,89,18.567708862304684,479,55.13999938964844,1.4,1.6,2026-09-29 19:57:58,🆕低基期(前日Vol5) 🔭LEAPS,HOLD,1
HOOD,2026-10-16,160.0,0.17,3914,88,72.07059179687501,17,116.22,0.13,0.18,2026-09-29 19:42:34,🚬菸屁股,HOLD,1
ONDS,2026-11-20,14.0,0.05,1423,88,102.34423828125001,52,7.480000019073486,0.04,0.13,2026-09-28 14:47:36,🚬菸屁股,HOLD,1
NVDA,2026-12-18,305.0,0.76,6923,87,36.6217275390625,80,227.21,0.64,0.79,2026-09-29 18:54:50,🚬菸屁股,HOLD,1
HOOD,2026-11-20,230.0,0.19,7074,86,80.1759794921875,52,116.22,0.19,0.22,2026-09-29 19:20:08,🚬菸屁股,HOLD,1
SMR,2027-01-15,20.0,0.1,28232,86,102.73486132812502,108,7.760000228881836,0.1,0.15,2026-09-29 19:01:02,🚬菸屁股,HOLD,1
SOFI,2028-06-16,20.0,3.9,27620,85,62.890996093750005,626,15.91,3.85,3.95,2026-09-29 19:50:56,🔭LEAPS,HOLD,1
CRWV,2026-10-09,120.0,0.06,954,85,87.89074609375,10,85.93000030517578,0.03,0.08,2026-09-29 18:40:48,🚬菸屁股,HOLD,1
MU,2026-10-16,1800.0,0.4,989,85,93.8477177734375,17,1065.0799560546875,0.31,0.53,2026-09-29 17:10:07,🆕低基期(前日Vol13) 🚬菸屁股,HOLD,1
KHC,2026-11-20,25.0,0.52,2438,84,31.00654931640625,52,23.450000762939453,0.47,0.52,2026-09-29 19:59:30,🚬菸屁股,HOLD,1
F,2026-11-20,16.0,0.04,8248,83,42.9693203125,52,12.300000190734863,0.04,0.05,2026-09-29 18:48:45,🚬菸屁股,HOLD,1
AMZN,2027-01-15,360.0,0.68,5788,83,36.914693359375,108,246.6699981689453,0.65,0.69,2026-09-29 19:49:38,🚬菸屁股,HOLD,1
IBIT,2027-01-15,75.0,0.25,12389,82,48.633326171875005,108,47.33,0.24,0.26,2026-09-29 19:55:57,🚬菸屁股,HOLD,1
MARA,2026-11-20,18.0,0.28,4568,82,91.01571484374999,52,11.989999771118164,0.28,0.3,2026-09-29 19:56:54,🚬菸屁股,HOLD,1
HOOD,2028-01-21,290.0,8.4,15607,81,68.89374368286134,479,116.22,7.15,9.65,2026-09-29 18:15:49,🔭LEAPS,HOLD,1
OPEN,2026-11-20,5.0,0.04,13318,81,121.875390625,52,2.37,0.03,0.04,2026-09-29 19:01:03,🚬菸屁股,HOLD,1
F,2026-12-18,11.82,0.84,9105,81,26.17261328125,80,12.300000190734863,0.81,0.86,2025-02-14 20:42:33,🚬菸屁股,HOLD,1
LUNR,2027-01-15,32.0,0.5,3227,80,93.4570966796875,108,14.550000190734863,0.18,0.38,2026-09-24 17:26:01,🚬菸屁股,HOLD,1
O,2026-11-20,60.0,0.21,1480,80,19.190261230468753,52,55.13999938964844,0.1,0.25,2026-09-29 19:51:21,🚬菸屁股,HOLD,1
NKE,2026-12-18,62.5,0.1,1035,80,56.44574804687501,80,35.84000015258789,0.0,0.16,2026-09-28 14:40:23,🚬菸屁股,HOLD,1
PATH,2026-11-20,15.0,0.3,2028,79,57.812921875,52,12.32,0.27,0.32,2026-09-29 19:15:11,🚬菸屁股,HOLD,1
NTLA,2026-10-16,13.0,0.36,1906,79,89.062609375,17,12.03,0.25,0.85,2026-09-29 19:58:37,🆕低基期(前日Vol14) 🚬菸屁股,HOLD,1
HIMS,2026-10-09,32.5,0.29,1184,78,75.00025000000001,10,28.700000762939453,0.27,0.36,2026-09-29 17:38:47,🚬菸屁股,HOLD,1
ACHR,2027-01-15,22.0,0.06,7403,78,128.125359375,108,5.059999942779541,0.03,0.06,2026-09-29 17:46:06,🆕低基期(前日Vol6) 🚬菸屁股,HOLD,1
CRWV,2026-11-20,155.0,0.61,3798,78,88.67198828125,52,85.93000030517578,0.52,0.68,2026-09-28 19:12:15,🚬菸屁股,HOLD,1
BA,2027-01-15,290.0,0.35,1083,78,41.8951123046875,108,187.67999267578125,0.24,0.57,2026-09-28 19:05:44,🚬菸屁股,HOLD,1
IBIT,2028-01-21,100.0,1.7,19726,77,50.2080174560547,479,47.33,1.65,1.75,2026-09-29 19:33:14,🔭LEAPS,HOLD,1
F,2028-01-21,17.0,0.79,7986,77,42.2857333984375,479,12.300000190734863,0.72,1.04,2026-09-29 18:28:52,🔭LEAPS,HOLD,1
RKLB,2027-01-15,190.0,0.38,1613,76,90.3321279296875,108,69.7,0.32,0.52,2026-09-29 17:30:29,🆕低基期(前日Vol11) 🚬菸屁股,HOLD,1
INTC,2028-01-21,150.0,27.03,10620,75,71.49076361083983,479,115.93,26.5,27.85,2026-09-29 19:39:56,🔭LEAPS,HOLD,1
TGT,2026-10-16,170.0,0.54,2011,75,32.05634350585937,17,156.42999267578125,0.47,0.63,2026-09-29 19:43:06,🚬菸屁股,HOLD,1
F,2026-12-18,21.82,0.15,2582,75,77.148666015625,80,12.300000190734863,0.1,0.18,2025-02-13 15:24:32,🚬菸屁股,HOLD,1
ZM,2026-10-16,100.0,0.27,3177,74,41.16269775390625,17,88.355,0.27,0.31,2026-09-29 19:33:01,🚬菸屁股,HOLD,1
SMR,2026-11-20,11.0,0.25,5442,74,89.84385156249999,52,7.760000228881836,0.24,0.25,2026-09-29 19:57:46,🚬菸屁股,HOLD,1
AMZN,2026-11-20,335.0,0.33,2194,74,41.79745703125,52,246.6699981689453,0.27,0.45,2026-09-29 16:14:56,🚬菸屁股,HOLD,1
DKNG,2026-11-20,32.5,0.06,3549,73,69.14093359375,52,19.59,0.06,0.07,2026-09-29 19:57:44,🚬菸屁股,HOLD,1
CRWV,2026-10-09,101.0,0.66,2495,73,79.0041162109375,10,85.93000030517578,0.6,0.67,2026-09-29 19:47:00,🚬菸屁股,HOLD,1
MARA,2026-12-18,25.0,0.17,13069,73,94.92192578125,80,11.989999771118164,0.14,0.17,2026-09-29 19:20:11,🚬菸屁股,HOLD,1
RKLB,2026-10-16,150.0,0.03,5102,72,123.43788281249999,17,69.7,0.0,0.03,2026-09-29 19:17:51,🆕低基期(前日Vol17) 🚬菸屁股,HOLD,1
DKNG,2026-10-16,30.0,0.02,3091,72,84.37515624999999,17,19.59,0.0,0.03,2026-09-29 19:38:11,🆕低基期(前日Vol3) 🚬菸屁股,HOLD,1
DKNG,2026-12-18,28.0,0.42,1499,72,64.59996337890624,80,19.59,0.37,0.45,2026-09-29 19:32:32,🚬菸屁股,HOLD,1
ACHR,2026-10-16,8.0,0.01,15530,72,109.375453125,17,5.059999942779541,0.01,0.02,2026-09-29 19:51:17,🚬菸屁股,HOLD,1
NKE,2027-01-15,60.0,0.18,27742,72,52.93015820312501,108,35.84000015258789,0.18,0.21,2026-09-29 18:58:46,🚬菸屁股,HOLD,1
NKE,2027-01-15,130.0,0.02,11797,72,83.59391406249999,108,35.84000015258789,0.01,0.03,2026-09-28 18:54:12,🚬菸屁股,HOLD,1
F,2026-12-18,18.0,0.04,6299,72,46.0942890625,80,12.300000190734863,0.03,0.05,2026-09-29 14:22:08,🚬菸屁股,HOLD,1
PLTR,2026-10-16,225.0,0.3,6131,71,49.023947265625004,17,186.97,0.28,0.35,2026-09-29 18:51:39,🚬菸屁股,HOLD,1
RKLB,2026-12-18,140.0,0.67,2016,71,86.914193359375,80,69.7,0.55,0.85,2026-09-29 18:51:48,🆕低基期(前日Vol2) 🚬菸屁股,HOLD,1
DKNG,2026-11-20,35.0,0.05,1826,71,76.95335546875,52,19.59,0.03,0.1,2026-09-29 19:12:49,🚬菸屁股,HOLD,1
TJX,2028-01-21,190.0,3.4,2838,71,27.924304748535157,479,133.8000030517578,3.3,3.5,2026-09-29 18:04:55,🆕低基期(前日Vol18) 🔭LEAPS,HOLD,1
F,2026-12-18,19.0,0.02,1714,71,49.219257812500004,80,12.300000190734863,0.02,0.04,2026-09-28 16:54:15,🚬菸屁股,HOLD,1
SOFI,2026-10-16,24.0,0.02,8354,70,84.37515624999999,17,15.91,0.01,0.02,2026-09-29 16:29:30,🚬菸屁股,HOLD,1
PACB,2027-01-15,1.5,0.55,8656,70,101.5629921875,108,1.83,0.45,0.65,2026-09-29 19:25:05,🚬菸屁股,HOLD,1
JOBY,2026-11-20,6.0,0.65,1588,70,69.5315546875,52,5.989999771118164,0.57,0.67,2026-09-29 18:21:33,🚬菸屁股,HOLD,1
SMR,2028-01-21,25.0,1.03,2972,70,97.6562734375,479,7.760000228881836,1.01,1.14,2026-09-29 19:58:00,🆕低基期(前日Vol9) 🔭LEAPS,HOLD,1
NKE,2028-01-21,40.0,5.5,6197,70,48.02298071289062,479,35.84000015258789,5.4,6.3,2026-09-29 19:05:31,🔭LEAPS,HOLD,1
SOFI,2028-06-16,18.0,4.5,9797,69,63.13513427734375,626,15.91,4.4,4.5,2026-09-29 19:14:58,🔭LEAPS,HOLD,1
OKLO,2028-01-21,70.0,6.88,4152,68,83.02018933105468,479,37.11,6.75,7.0,2026-09-29 19:59:54,🆕低基期(前日Vol15) 🔭LEAPS,HOLD,1
RKLB,2026-10-16,140.0,0.03,1013,68,121.09414453124998,17,69.7,0.0,0.06,2026-09-29 19:37:27,🆕低基期(前日Vol1) 🚬菸屁股,HOLD,1
OPEN,2027-01-15,2.0,0.67,1639,68,119.53165234375001,108,2.37,0.64,0.88,2026-09-29 18:14:19,🆕低基期(前日Vol13) 🚬菸屁股,HOLD,1
JOBY,2027-01-15,9.0,0.24,2720,68,74.804939453125,108,5.989999771118164,0.22,0.27,2026-09-29 19:45:04,🚬菸屁股,HOLD,1
CRWV,2026-10-09,115.0,0.12,1491,68,88.2813671875,10,85.93000030517578,0.1,0.15,2026-09-29 19:36:08,🚬菸屁股,HOLD,1
KHC,2027-01-15,30.0,0.1,10562,68,28.613995117187496,108,23.450000762939453,0.08,0.1,2026-09-29 16:02:51,🚬菸屁股,HOLD,1
IBIT,2027-01-15,62.0,0.74,11084,67,42.554285400390626,108,47.33,0.72,0.75,2026-09-29 19:00:16,🚬菸屁股,HOLD,1
IREN,2028-01-21,85.0,8.4,9111,67,88.73302282714843,479,41.38,6.8,9.0,2026-09-28 18:53:02,🔭LEAPS,HOLD,1
SMR,2027-01-15,14.0,0.3,4505,67,95.21489160156248,108,7.760000228881836,0.19,0.48,2026-09-29 18:38:48,🚬菸屁股,HOLD,1
O,2027-01-15,65.0,0.13,3676,67,19.09260595703125,108,55.13999938964844,0.1,0.15,2026-09-29 19:54:48,🆕低基期(前日Vol9) 🚬菸屁股,HOLD,1
F,2026-10-16,13.5,0.06,3315,67,34.76627734375,17,12.300000190734863,0.04,0.05,2026-09-29 19:39:56,🚬菸屁股,HOLD,1
IONQ,2028-01-21,120.0,4.85,3316,66,83.50846569824218,479,43.91,4.6,5.15,2026-09-29 19:47:38,🔭LEAPS,HOLD,1
SOFI,2028-01-21,13.0,5.83,4788,66,65.86948193359376,479,15.91,5.75,5.95,2026-09-29 19:20:27,🔭LEAPS,HOLD,1
IREN,2026-10-16,65.0,0.06,4336,66,100.39112304687498,17,41.38,0.05,0.1,2026-09-29 19:18:46,🚬菸屁股,HOLD,1
JOBY,2027-01-15,30.0,0.02,8344,66,112.5004375,108,5.989999771118164,0.0,0.02,2026-09-29 17:33:13,🆕低基期(前日Vol4) 🚬菸屁股,HOLD,1
PCG,2026-10-16,12.5,0.23,1748,66,54.297332031250015,17,12.180000305175781,0.18,0.43,2026-09-29 19:53:27,🚬菸屁股,HOLD,1
NKE,2028-01-21,60.0,1.7,10019,66,45.300839965820316,479,35.84000015258789,1.63,1.99,2026-09-29 19:41:43,🔭LEAPS,HOLD,1
CRM,2026-11-20,300.0,0.69,1474,66,45.67925415039063,52,225.30999755859375,0.6,0.9,2026-09-29 19:39:52,🚬菸屁股,HOLD,1
MARA,2026-11-20,16.0,0.48,2706,66,87.98840136718749,52,11.989999771118164,0.47,0.5,2026-09-29 19:58:14,🚬菸屁股,HOLD,1
SOFI,2026-11-20,24.0,0.11,4483,65,66.79720703125001,52,15.91,0.1,0.11,2026-09-29 19:40:10,🚬菸屁股,HOLD,1
HOOD,2026-10-16,170.0,0.08,1036,65,77.73459765625,17,116.22,0.08,0.11,2026-09-29 19:13:47,🆕低基期(前日Vol19) 🚬菸屁股,HOLD,1
JOBY,2027-01-15,40.0,0.01,5550,65,118.75040625,108,5.989999771118164,0.0,0.01,2026-09-29 13:39:36,🚬菸屁股,HOLD,1
AMZN,2026-12-18,340.0,0.72,3169,65,38.50159155273437,80,246.6699981689453,0.61,0.78,2026-09-29 18:58:29,🚬菸屁股,HOLD,1
PLTR,2026-10-16,250.0,0.07,6799,64,54.883263671875014,17,186.97,0.04,0.08,2026-09-29 19:53:00,🚬菸屁股,HOLD,1
SMCI,2026-10-16,55.0,0.14,4754,64,79.49239257812499,17,41.02,0.13,0.16,2026-09-29 19:56:56,🚬菸屁股,HOLD,1
HIMS,2026-10-16,34.0,0.39,4286,64,75.97680273437501,17,28.700000762939453,0.38,0.42,2026-09-29 19:45:07,🚬菸屁股,HOLD,1
TSLA,2026-12-18,600.0,0.77,11794,63,54.68795312500001,80,352.84,0.75,0.88,2026-09-29 19:18:42,🚬菸屁股,HOLD,1
SOFI,2028-01-21,23.0,2.47,4674,63,60.229889892578136,479,15.91,2.28,2.52,2026-09-29 19:12:09,🔭LEAPS,HOLD,1
SOFI,2028-06-16,23.0,3.2,7494,63,62.671271728515634,626,15.91,3.15,3.3,2026-09-29 19:51:56,🔭LEAPS,HOLD,1
XYZ,2028-01-21,115.0,6.6,856,63,51.294432373046874,479,74.05,6.05,6.95,2026-09-28 17:46:07,🔭LEAPS,HOLD,1
HIMS,2026-10-16,40.0,0.11,4345,63,90.429783203125,17,28.700000762939453,0.1,0.14,2026-09-29 18:45:40,🚬菸屁股,HOLD,1
NKE,2028-06-16,50.0,3.95,1340,63,43.59187268066406,626,35.84000015258789,3.9,4.1,2026-09-29 17:41:02,🔭LEAPS,HOLD,1
F,2026-10-16,15.0,0.03,9934,63,45.313046875000005,17,12.300000190734863,0.0,0.01,2026-09-29 18:51:12,🚬菸屁股,HOLD,1
INTC,2028-01-21,120.0,35.95,9030,62,71.80814324951173,479,115.93,34.9,36.4,2026-09-29 19:29:42,🔭LEAPS,HOLD,1
SOFI,2028-06-16,10.0,8.09,8554,62,70.82548706054688,626,15.91,8.0,8.2,2026-09-29 19:48:34,🔭LEAPS,HOLD,1
SOFI,2028-06-16,35.0,1.64,9546,62,62.671271728515634,626,15.91,1.6,1.7,2026-09-29 17:57:25,🔭LEAPS,HOLD,1
DKNG,2028-01-21,20.0,5.85,1727,62,68.01789794921876,479,19.59,5.7,5.9,2026-09-29 19:28:59,🆕低基期(前日Vol2) 🔭LEAPS,HOLD,1
PATH,2026-10-09,14.5,0.02,1241,62,64.8441015625,10,12.32,0.02,0.06,2026-09-29 18:42:57,🚬菸屁股,HOLD,1
PATH,2026-10-16,19.0,0.02,1371,62,95.312546875,17,12.32,0.0,0.04,2026-09-25 19:54:04,🚬菸屁股,HOLD,1
HOOD,2026-11-20,200.0,0.43,3776,62,74.804939453125,52,116.22,0.42,0.47,2026-09-29 19:21:17,🚬菸屁股,HOLD,1
JOBY,2028-01-21,15.0,0.64,11970,62,78.32052929687501,479,5.989999771118164,0.56,0.71,2026-09-29 19:49:57,🔭LEAPS,HOLD,1
ACHR,2027-01-15,9.0,0.14,16520,62,80.85956640625,108,5.059999942779541,0.1,0.16,2026-09-29 19:51:33,🚬菸屁股,HOLD,1
PCG,2028-01-21,22.0,0.42,10383,62,48.438015625000006,479,12.180000305175781,0.38,0.65,2026-09-28 19:05:50,🔭LEAPS,HOLD,1
INTC,2026-10-16,210.0,0.01,11879,61,93.7500625,17,115.93,0.01,0.02,2026-09-29 18:56:53,🚬菸屁股,HOLD,1
IONQ,2026-12-18,85.0,0.83,1862,61,91.50399121093751,80,43.91,0.45,0.92,2026-09-28 15:57:14,🚬菸屁股,HOLD,1
UPST,2026-12-18,35.0,0.5,4714,61,71.679970703125,80,23.14,0.38,0.61,2026-09-29 17:04:40,🚬菸屁股,HOLD,1
IREN,2027-01-15,95.0,0.73,6466,61,96.72854833984375,108,41.38,0.61,0.96,2026-09-29 19:53:45,🆕低基期(前日Vol1) 🚬菸屁股,HOLD,1
JOBY,2026-11-20,9.0,0.08,5070,61,76.562734375,52,5.989999771118164,0.06,0.09,2026-09-29 19:39:16,🚬菸屁股,HOLD,1
PCG,2028-01-21,27.0,0.24,7825,61,49.023947265625004,479,12.180000305175781,0.13,0.35,2026-09-23 19:16:06,🔭LEAPS,HOLD,1
BA,2026-12-18,270.0,0.33,3847,61,40.5279384765625,80,187.67999267578125,0.28,0.45,2026-09-29 19:11:34,🚬菸屁股,HOLD,1
GOOG,2027-01-15,500.0,0.78,6390,60,37.46400427246094,108,337.32,0.75,0.85,2026-09-29 18:44:20,🚬菸屁股,HOLD,1
UPST,2027-01-15,40.0,0.45,2148,60,73.82838671875,108,23.14,0.23,0.73,2026-09-29 17:46:12,🚬菸屁股,HOLD,1
SOFI,2026-10-09,20.5,0.02,2604,60,73.437765625,10,15.91,0.01,0.02,2026-09-29 19:09:11,🚬菸屁股,HOLD,1
ACHR,2028-01-21,5.0,1.9,19834,60,86.0352958984375,479,5.059999942779541,1.87,1.99,2026-09-29 19:56:17,🔭LEAPS,HOLD,1
AMZN,2026-10-16,310.0,0.05,11311,60,43.164630859375,17,246.6699981689453,0.04,0.06,2026-09-29 19:55:38,🚬菸屁股,HOLD,1
MARA,2026-12-18,16.0,0.77,3657,60,86.4259169921875,80,11.989999771118164,0.76,0.79,2026-09-29 19:49:39,🚬菸屁股,HOLD,1
TSLA,2027-01-15,900.0,0.28,13005,59,66.01596484375001,108,352.84,0.27,0.3,2026-09-29 19:15:43,🚬菸屁股,HOLD,1
PACB,2028-01-21,1.0,1.1,778,59,105.46922265625001,479,1.83,0.9,1.35,2026-09-29 19:44:58,🆕低基期(前日Vol11) 🔭LEAPS,HOLD,1
NNE,2026-10-16,20.0,0.12,1869,59,80.85956640625,17,15.789999961853027,0.1,0.15,2026-09-29 19:57:16,🆕低基期(前日Vol4) 🚬菸屁股,HOLD,1
CRWV,2026-10-09,102.0,0.57,4154,59,79.24825439453124,10,85.93000030517578,0.51,0.59,2026-09-29 19:47:03,🚬菸屁股,HOLD,1
NVDA,2028-01-21,290.0,25.17,5232,58,42.236905761718745,479,227.21,23.7,24.05,2026-09-29 15:27:28,🔭LEAPS,HOLD,1
KHC,2026-12-18,25.0,0.63,8670,58,28.760478027343737,80,23.450000762939453,0.57,0.67,2026-09-29 19:53:52,🚬菸屁股,HOLD,1
NKE,2026-10-16,44.0,0.15,2346,58,62.109753906250006,17,35.84000015258789,0.12,0.17,2026-09-29 17:08:51,🚬菸屁股,HOLD,1
AMZN,2026-10-16,380.0,0.01,6170,58,66.40658593750001,17,246.6699981689453,0.0,0.03,2026-09-25 17:14:40,🚬菸屁股,HOLD,1
SOFI,2026-12-18,28.0,0.11,9208,57,69.14093359375,80,15.91,0.1,0.12,2026-09-29 19:20:08,🚬菸屁股,HOLD,1
SMR,2026-10-09,9.5,0.04,1482,57,84.37515624999999,10,7.760000228881836,0.03,0.05,2026-09-29 19:50:33,🚬菸屁股,HOLD,1
KHC,2026-10-09,25.0,0.04,760,57,30.4694453125,10,23.450000762939453,0.03,0.06,2026-09-29 19:44:39,🚬菸屁股,HOLD,1
NVDA,2026-10-16,295.0,0.02,6422,56,43.7505625,17,227.21,0.01,0.02,2026-09-29 14:36:54,🚬菸屁股,HOLD,1
NVDA,2028-01-21,225.0,47.0,5750,56,45.235227828979504,479,227.21,46.8,47.35,2026-09-29 19:59:41,🔭LEAPS,HOLD,1
MSFT,2026-12-18,525.0,23.33,53942,56,33.31365515136719,80,508.96,22.5,24.75,2026-09-29 19:59:58,🔥萬人塚 🏛️機構場,HOLD,1
OKLO,2026-10-16,75.0,0.02,4905,56,128.125359375,17,37.11,0.02,0.03,2026-09-29 13:38:14,🚬菸屁股,HOLD,1
PATH,2028-01-21,5.0,8.0,2516,56,81.34784277343749,479,12.32,7.65,8.2,2026-09-28 19:38:03,🔭LEAPS,HOLD,1
MARA,2026-10-16,16.0,0.08,6024,56,91.01571484374999,17,11.989999771118164,0.08,0.09,2026-09-29 19:35:27,🚬菸屁股,HOLD,1
GOOG,2026-10-16,385.0,0.47,7150,55,35.718416259765625,17,337.32,0.44,0.49,2026-09-29 18:32:47,🚬菸屁股,HOLD,1
IBIT,2028-06-16,90.0,3.8,16433,55,51.03198382568359,626,47.33,3.65,3.9,2026-09-29 19:05:53,🔭LEAPS,HOLD,1
OKLO,2026-12-18,80.0,0.41,1026,55,91.3086806640625,80,37.11,0.25,0.41,2026-09-29 19:00:20,🚬菸屁股,HOLD,1
RKLB,2026-12-18,200.0,0.18,1070,55,98.9257919921875,80,69.7,0.14,0.28,2026-09-29 19:33:23,🆕低基期(前日Vol11) 🚬菸屁股,HOLD,1
UPST,2026-10-16,25.0,0.54,3150,55,58.984785156250005,17,23.14,0.38,0.64,2026-09-29 19:40:58,🚬菸屁股,HOLD,1
OPEN,2027-01-15,4.0,0.16,14313,55,104.68797656250001,108,2.37,0.15,0.18,2026-09-29 18:53:39,🚬菸屁股,HOLD,1
ACHR,2028-01-21,17.0,0.45,1531,55,86.32826171875,479,5.059999942779541,0.36,0.54,2026-09-29 15:44:03,🔭LEAPS,HOLD,1
MARA,2027-01-15,17.0,0.89,7099,55,86.132951171875,108,11.989999771118164,0.85,0.89,2026-09-29 19:35:27,🆕低基期(前日Vol4) 🚬菸屁股,HOLD,1
NVDA,2026-11-20,400.0,0.02,12085,54,49.60987890625,52,227.21,0.01,0.02,2026-09-29 19:20:47,🚬菸屁股,HOLD,1
OKLO,2027-01-15,70.0,0.9,4732,54,86.52357226562499,108,37.11,0.85,1.08,2026-09-29 17:56:34,🚬菸屁股,HOLD,1
IONQ,2028-01-21,100.0,6.3,1573,54,82.08025732421873,479,43.91,5.65,6.6,2026-09-29 19:39:36,🔭LEAPS,HOLD,1
NTLA,2028-01-21,12.5,4.2,1580,54,85.98646826171876,479,12.03,3.6,5.2,2026-09-28 19:23:41,🔭LEAPS,HOLD,1
SMR,2026-10-16,10.5,0.04,984,54,85.1563984375,17,7.760000228881836,0.02,0.05,2026-09-29 19:07:08,🚬菸屁股,HOLD,1
TSLA,2026-11-20,700.0,0.21,17563,53,69.38507177734375,52,352.84,0.17,0.19,2026-09-28 16:05:26,🚬菸屁股,HOLD,1
NVDA,2028-01-21,260.0,33.2,10032,53,43.25618267822266,479,227.21,32.6,33.0,2026-09-29 19:49:11,🔭LEAPS,HOLD,1
HOOD,2028-01-21,250.0,11.4,2481,53,68.35969140625001,479,116.22,9.55,12.55,2026-09-29 17:42:41,🆕低基期(前日Vol1) 🔭LEAPS,HOLD,1
ONDS,2026-10-09,10.0,0.01,1645,53,87.500125,10,7.480000019073486,0.0,0.02,2026-09-29 19:00:51,🆕低基期(前日Vol13) 🚬菸屁股,HOLD,1
SMR,2028-01-21,8.0,3.25,5140,53,93.6524072265625,479,7.760000228881836,3.0,3.2,2026-09-29 19:41:05,🔭LEAPS,HOLD,1
AMZN,2026-11-20,330.0,0.44,2241,53,41.38242211914062,52,246.6699981689453,0.44,0.54,2026-09-29 14:17:31,🚬菸屁股,HOLD,1
OKLO,2028-01-21,250.0,1.59,5680,52,96.02054760742188,479,37.11,1.35,1.83,2026-09-28 15:59:44,🔭LEAPS,HOLD,1
IREN,2027-01-15,115.0,0.43,750,52,99.56055126953125,108,41.38,0.3,0.53,2026-09-29 19:42:23,🆕低基期(前日Vol1) 🚬菸屁股,HOLD,1
SMR,2027-01-15,13.0,0.35,2568,52,89.84385156249999,108,7.760000228881836,0.34,0.38,2026-09-29 19:47:49,🚬菸屁股,HOLD,1
CRWV,2026-10-16,135.0,0.08,2657,52,90.62509374999999,17,85.93000030517578,0.05,0.1,2026-09-29 17:25:45,🆕低基期(前日Vol12) 🚬菸屁股,HOLD,1
NKE,2027-01-15,75.0,0.08,7410,52,61.71913281250001,108,35.84000015258789,0.07,0.1,2026-09-29 18:24:07,🚬菸屁股,HOLD,1
AMZN,2026-10-09,295.0,0.03,1092,52,43.35994140625,10,246.6699981689453,0.02,0.04,2026-09-29 16:57:09,🚬菸屁股,HOLD,1
MARA,2028-01-21,20.0,2.77,6033,52,87.52453881835937,479,11.989999771118164,2.73,2.94,2026-09-29 15:35:13,🔭LEAPS,HOLD,1
IBIT,2026-11-20,70.0,0.08,6048,51,51.36767382812499,52,47.33,0.08,0.1,2026-09-29 16:47:33,🚬菸屁股,HOLD,1
IBIT,2028-01-21,90.0,2.3,6184,51,49.53663745117188,479,47.33,2.18,2.32,2026-09-29 19:31:36,🔭LEAPS,HOLD,1
OKLO,2026-11-20,60.0,0.53,1625,51,89.062609375,52,37.11,0.5,0.58,2026-09-29 19:11:35,🚬菸屁股,HOLD,1
ASTS,2028-01-21,185.0,5.9,3453,51,86.30995135498047,479,59.4,5.6,6.3,2026-09-29 18:38:40,🔭LEAPS,HOLD,1
IREN,2027-01-15,105.0,0.6,9130,51,97.75392871093752,108,41.38,0.5,0.6,2026-09-29 19:42:23,🆕低基期(前日Vol17) 🚬菸屁股,HOLD,1
IREN,2028-01-21,140.0,4.2,13522,51,90.95468029785157,479,41.38,4.0,4.65,2026-09-29 19:40:02,🔭LEAPS,HOLD,1
PCG,2026-10-16,25.0,0.02,14979,51,125.00037499999999,17,12.180000305175781,0.0,0.01,2026-09-17 18:23:57,🚬菸屁股,HOLD,1
PCG,2026-12-18,24.0,0.05,24955,51,75.00025000000001,80,12.180000305175781,0.0,0.12,2026-09-21 19:54:08,🚬菸屁股,HOLD,1
O,2027-01-15,60.0,0.55,2662,51,17.945156494140623,108,55.13999938964844,0.5,0.6,2026-09-29 18:53:47,🚬菸屁股,HOLD,1
TSLA,2028-01-21,940.0,7.25,5097,50,52.13365737915038,479,352.84,6.85,7.2,2026-09-29 16:05:47,🆕低基期(前日Vol2) 🔭LEAPS,HOLD,1
NVDA,2026-11-20,460.0,0.01,6841,50,54.68795312500001,52,227.21,0.0,0.01,2026-09-29 18:35:47,🚬菸屁股,HOLD,1
IBIT,2028-01-21,75.0,3.8,5491,50,48.511257080078124,479,47.33,3.55,3.7,2026-09-28 17:24:03,🔭LEAPS,HOLD,1
COIN,2026-10-16,260.0,0.39,5135,50,77.44163183593751,17,190.02,0.34,0.53,2026-09-29 19:42:14,🚬菸屁股,HOLD,1
SMCI,2028-01-21,100.0,5.6,4134,50,82.54411987304687,479,41.02,4.9,5.6,2026-09-28 14:24:57,🔭LEAPS,HOLD,1
RKLB,2027-01-15,175.0,0.51,3052,50,85.742330078125,108,69.7,0.38,0.54,2026-09-29 15:28:37,🚬菸屁股,HOLD,1
IONQ,2026-10-09,49.0,0.61,1655,50,77.6369423828125,10,43.91,0.6,0.7,2026-09-29 19:58:10,🚬菸屁股,HOLD,1
UPST,2027-02-19,45.0,0.53,1047,50,76.70921728515626,143,23.14,0.48,0.67,2026-09-28 13:48:49,🚬菸屁股,HOLD,1
SOFI,2026-12-18,45.0,0.02,7829,50,89.84385156249999,80,15.91,0.02,0.03,2026-09-29 14:03:49,🚬菸屁股,HOLD,1
TDOC,2027-01-15,11.0,0.09,2000,50,84.76577734374999,108,5.75,0.02,0.24,2026-09-25 14:21:43,🚬菸屁股,HOLD,1
NTLA,2028-01-21,10.0,5.4,2062,50,93.11530322265625,479,12.03,5.2,5.9,2026-09-29 19:56:32,🔭LEAPS,HOLD,1
LUNR,2027-01-15,55.0,0.05,2078,50,108.984830078125,108,14.550000190734863,0.05,0.09,2026-09-29 16:54:36,🆕低基期(前日Vol4) 🚬菸屁股,HOLD,1
LUNR,2028-01-21,40.0,2.45,3908,50,102.44189404296877,479,14.550000190734863,2.2,3.3,2026-09-29 19:41:22,🔭LEAPS,HOLD,1
TJX,2027-01-15,175.0,0.3,1133,50,30.347376220703122,108,133.8000030517578,0.2,0.55,2026-09-29 18:25:29,🆕低基期(前日Vol10) 🚬菸屁股,HOLD,1
META,2026-10-16,1160.0,0.01,2902,50,67.18782812500001,17,738.7899780273438,0.0,0.07,2026-09-29 16:00:35,🚬菸屁股,HOLD,1
DIS,2028-01-21,160.0,2.66,879,50,33.44793115234375,479,105.41000366210938,2.5,3.45,2026-09-29 17:24:36,🆕低基期(前日Vol2) 🔭LEAPS,HOLD,1
MARA,2026-10-16,18.0,0.04,1229,50,103.90673046875003,17,11.989999771118164,0.04,0.05,2026-09-29 19:46:03,🚬菸屁股,HOLD,1
SMCI,2026-10-16,60.0,0.07,1478,49,85.54701953125,17,41.02,0.05,0.08,2026-09-29 19:47:31,🚬菸屁股,HOLD,1
OKLO,2026-10-16,55.0,0.09,1991,49,94.5313046875,17,37.11,0.07,0.12,2026-09-29 19:52:22,🚬菸屁股,HOLD,1
ASTS,2028-01-21,150.0,7.9,10858,49,86.52967572021484,479,59.4,7.95,8.4,2026-09-29 19:35:30,🆕低基期(前日Vol2) 🔭LEAPS,HOLD,1
IREN,2026-12-18,85.0,0.66,3327,49,95.80082324218748,80,41.38,0.45,0.75,2026-09-28 19:57:16,🚬菸屁股,HOLD,1
NTLA,2026-10-16,12.0,0.7,1536,49,68.7503125,17,12.03,0.6,0.85,2026-09-29 19:44:24,🚬菸屁股,HOLD,1
ONDS,2026-11-20,12.0,0.12,3440,49,91.01571484374999,52,7.480000019073486,0.1,0.15,2026-09-29 19:43:15,🚬菸屁股,HOLD,1
SMR,2026-11-20,14.0,0.1,2259,49,105.46922265625001,52,7.760000228881836,0.09,0.16,2026-09-29 19:40:03,🚬菸屁股,HOLD,1
BA,2026-11-20,240.0,0.6,2521,49,41.41904284667969,52,187.67999267578125,0.53,0.82,2026-09-29 19:57:40,🚬菸屁股,HOLD,1
SMR,2028-01-21,15.0,1.8,5716,48,94.0430283203125,479,7.760000228881836,1.65,1.91,2026-09-29 19:31:16,🔭LEAPS,HOLD,1
BA,2026-12-18,260.0,0.51,1251,48,41.23593920898438,80,187.67999267578125,0.33,0.8,2026-09-29 18:50:14,🚬菸屁股,HOLD,1
SMCI,2026-12-18,74.0,0.87,2471,47,88.33019482421875,80,41.02,0.66,0.89,2026-09-28 14:16:33,🚬菸屁股,HOLD,1
XYZ,2026-11-20,95.0,0.76,3031,47,52.49070947265625,52,74.05,0.65,1.0,2026-09-29 19:15:05,🆕低基期(前日Vol17) 🚬菸屁股,HOLD,1
ONDS,2027-01-15,13.0,0.27,3613,47,84.57046679687498,108,7.480000019073486,0.22,0.28,2026-09-29 18:02:21,🚬菸屁股,HOLD,1
AMZN,2026-10-16,360.0,0.01,1491,47,63.281617187500004,17,246.6699981689453,0.0,0.07,2026-09-28 18:45:02,🚬菸屁股,HOLD,1
DKNG,2028-01-21,50.0,0.95,26261,46,62.01209863281252,479,19.59,0.72,1.14,2026-09-29 19:26:28,🔭LEAPS,HOLD,1
IREN,2026-11-20,75.0,0.4,3131,46,94.5313046875,52,41.38,0.34,0.44,2026-09-29 19:50:00,🚬菸屁股,HOLD,1
JOBY,2028-01-21,5.0,2.51,6931,46,80.1759794921875,479,5.989999771118164,2.4,2.55,2026-09-29 19:54:38,🔭LEAPS,HOLD,1
SMR,2026-10-16,12.0,0.03,8592,46,115.625421875,17,7.760000228881836,0.02,0.06,2026-09-29 19:05:31,🚬菸屁股,HOLD,1
MARA,2026-11-20,20.0,0.18,2187,46,93.164130859375,52,11.989999771118164,0.16,0.19,2026-09-29 19:46:45,🚬菸屁股,HOLD,1
SOFI,2028-01-21,32.0,1.3,7863,45,61.352925537109385,479,15.91,1.26,1.31,2026-09-29 19:25:05,🔭LEAPS,HOLD,1
DKNG,2027-01-15,60.0,0.02,9029,45,76.562734375,108,19.59,0.0,0.03,2026-09-29 15:09:25,🆕低基期(前日Vol1) 🚬菸屁股,HOLD,1
DKNG,2028-01-21,35.0,2.19,17504,45,65.96713720703126,479,19.59,2.14,2.69,2026-09-29 19:52:37,🆕低基期(前日Vol4) 🔭LEAPS,HOLD,1
IREN,2026-10-09,60.0,0.04,3704,45,103.12548437500001,10,41.38,0.03,0.06,2026-09-29 18:23:30,🚬菸屁股,HOLD,1
HOOD,2026-12-18,290.0,0.22,10296,45,84.179845703125,80,116.22,0.14,0.35,2026-09-29 18:27:04,🆕低基期(前日Vol2) 🚬菸屁股,HOLD,1
HIMS,2027-02-19,55.0,0.84,1005,45,84.42398388671874,143,28.700000762939453,0.92,1.24,2026-09-29 19:56:51,🚬菸屁股,HOLD,1
KTOS,2026-11-20,65.0,0.35,1316,45,71.87528125,52,43.05,0.3,0.5,2026-09-29 18:57:44,🚬菸屁股,HOLD,1
ACHR,2028-01-21,12.0,0.73,5129,45,84.961087890625,479,5.059999942779541,0.67,0.78,2026-09-29 17:09:03,🔭LEAPS,HOLD,1
CRWV,2028-01-21,180.0,11.6,1732,45,76.30028582763673,479,85.93000030517578,10.75,12.0,2026-09-29 17:27:44,🔭LEAPS,HOLD,1
F,2026-12-18,19.67,0.01,12780,45,52.3442265625,80,12.300000190734863,0.01,0.04,2026-09-29 15:35:48,🚬菸屁股,HOLD,1
NVDA,2028-06-16,460.0,8.24,5031,44,42.630578582763675,626,227.21,7.95,8.65,2026-09-29 19:50:51,🔭LEAPS,HOLD,1
IBIT,2026-12-18,75.0,0.13,11956,44,50.97705273437501,80,47.33,0.14,0.15,2026-09-29 16:19:05,🚬菸屁股,HOLD,1
SOFI,2027-01-15,42.0,0.04,6442,44,78.9064609375,108,15.91,0.04,0.05,2026-09-29 18:24:55,🆕低基期(前日Vol9) 🚬菸屁股,HOLD,1
DKNG,2026-12-18,40.0,0.05,4685,44,71.48466015625,80,19.59,0.03,0.08,2026-09-29 18:48:44,🆕低基期(前日Vol7) 🚬菸屁股,HOLD,1
HIMS,2028-01-21,50.0,6.0,2746,44,84.33853552246093,479,28.700000762939453,5.75,6.35,2026-09-29 16:43:51,🆕低基期(前日Vol9) 🔭LEAPS,HOLD,1
JOBY,2027-01-15,12.0,0.09,8183,44,80.85956640625,108,5.989999771118164,0.08,0.1,2026-09-29 18:37:18,🚬菸屁股,HOLD,1
O,2026-12-18,57.5,0.9,1179,44,18.09163940429687,80,55.13999938964844,0.85,0.95,2026-09-29 19:14:29,🚬菸屁股,HOLD,1
NKE,2028-01-21,82.5,0.7,2139,44,45.6060126953125,479,35.84000015258789,0.42,0.65,2026-09-23 19:41:56,🔭LEAPS,HOLD,1
KEY,2028-01-21,22.0,2.05,3266,44,31.31172204589844,479,20.1200008392334,1.95,2.15,2026-09-29 15:43:01,🔭LEAPS,HOLD,1
AMZN,2027-01-15,410.0,0.15,3529,44,38.330694824218746,108,246.6699981689453,0.14,0.16,2026-09-29 18:48:24,🚬菸屁股,HOLD,1
UPST,2026-12-18,40.0,0.27,1912,43,71.7776259765625,80,23.14,0.1,0.34,2026-09-29 16:54:47,🆕低基期(前日Vol8) 🚬菸屁股,HOLD,1
IREN,2026-11-20,65.0,0.78,4951,43,91.06454248046875,52,41.38,0.72,0.84,2026-09-29 19:51:30,🚬菸屁股,HOLD,1
HIMS,2026-10-16,38.0,0.15,1674,43,84.961087890625,17,28.700000762939453,0.14,0.19,2026-09-29 17:51:04,🚬菸屁股,HOLD,1
SMR,2028-01-21,10.0,2.61,8146,43,94.18951123046875,479,7.760000228881836,2.55,2.68,2026-09-29 19:38:06,🔭LEAPS,HOLD,1
VRT,2026-10-16,330.0,0.2,951,43,62.15858154296876,17,248.33999633789062,0.0,0.47,2026-09-29 18:02:37,🚬菸屁股,HOLD,1
META,2026-10-16,1210.0,0.02,2415,43,66.40658593750001,17,738.7899780273438,0.0,0.02,2026-09-29 18:45:46,🚬菸屁股,HOLD,1
MU,2026-10-16,2240.0,0.06,858,43,106.25046875000001,17,1065.0799560546875,0.03,0.08,2026-09-29 19:50:05,🚬菸屁股,HOLD,1
MSTR,2027-01-15,700.0,0.25,11713,42,107.17819848632817,108,154.67,0.1,0.46,2026-09-29 19:03:37,🚬菸屁股,HOLD,1
RKLB,2027-01-15,210.0,0.28,2881,42,91.992267578125,108,69.7,0.27,0.3,2026-09-29 19:37:26,🚬菸屁股,HOLD,1
JOBY,2026-10-16,9.0,0.02,2120,42,90.62509374999999,17,5.989999771118164,0.0,0.02,2026-09-29 17:03:55,🚬菸屁股,HOLD,1
PCG,2026-11-20,15.0,0.18,3457,42,50.19581054687501,52,12.180000305175781,0.15,0.2,2026-09-29 19:51:42,🚬菸屁股,HOLD,1
IBIT,2028-01-21,40.0,14.53,6510,41,53.442848388671884,479,47.33,14.4,14.7,2026-09-29 19:49:39,🔭LEAPS,HOLD,1
PATH,2027-01-15,20.0,0.27,17418,41,75.39087109375001,108,12.32,0.25,0.49,2026-09-29 19:30:42,🚬菸屁股,HOLD,1
HIMS,2028-01-21,55.0,5.77,920,41,84.49722534179686,479,28.700000762939453,5.1,5.7,2026-09-29 14:34:23,🆕低基期(前日Vol9) 🔭LEAPS,HOLD,1
ASTS,2026-11-20,175.0,0.11,1578,40,128.7112939453125,52,59.4,0.05,0.39,2026-09-29 19:21:01,🚬菸屁股,HOLD,1
SOFI,2028-01-21,8.0,9.05,2333,40,75.2932158203125,479,15.91,8.9,9.15,2026-09-29 19:06:57,🆕低基期(前日Vol14) 🔭LEAPS,HOLD,1
O,2026-10-16,60.0,0.05,2226,40,26.367923828125,17,55.13999938964844,0.0,0.1,2026-09-29 19:34:47,🚬菸屁股,HOLD,1
META,2026-12-18,1200.0,0.95,1955,40,47.351600708007815,80,738.7899780273438,0.89,1.05,2026-09-29 19:28:14,🆕低基期(前日Vol11) 🚬菸屁股,HOLD,1
META,2026-12-18,1300.0,0.35,8894,40,48.97511962890626,80,738.7899780273438,0.3,0.5,2026-09-29 19:35:42,🆕低基期(前日Vol11) 🚬菸屁股,HOLD,1
META,2027-01-15,1430.0,0.3,15850,40,47.583531982421874,108,738.7899780273438,0.27,0.45,2026-09-29 18:08:18,🚬菸屁股,HOLD,1
BA,2026-10-09,220.0,0.04,1047,40,46.3872548828125,10,187.67999267578125,0.04,0.11,2026-09-29 19:15:10,🚬菸屁股,HOLD,1
AMZN,2027-01-15,370.0,0.48,7824,40,36.93910717773438,108,246.6699981689453,0.38,0.49,2026-09-29 19:36:46,🚬菸屁股,HOLD,1
MARA,2026-11-20,15.0,0.65,4243,40,87.10950390625,52,11.989999771118164,0.63,0.66,2026-09-29 17:36:52,🚬菸屁股,HOLD,1
SOFI,2028-01-21,10.0,7.58,5186,39,70.50810742187501,479,15.91,7.55,7.7,2026-09-29 19:57:01,🔭LEAPS,HOLD,1
IREN,2028-01-21,60.0,11.56,4001,39,89.8194377441406,479,41.38,11.0,12.55,2026-09-29 19:48:06,🔭LEAPS,HOLD,1
NBIS,2026-10-16,350.0,0.67,1327,39,91.06454248046875,17,237.355,0.39,0.63,2026-09-29 18:29:25,🚬菸屁股,HOLD,1
U,2027-01-15,65.0,0.72,6927,39,67.09017285156251,108,39.72,0.5,1.0,2026-09-29 17:39:19,🚬菸屁股,HOLD,1
OPEN,2026-12-18,6.0,0.03,2103,39,115.625421875,80,2.37,0.03,0.04,2026-09-29 19:25:28,🆕低基期(前日Vol14) 🚬菸屁股,HOLD,1
ONDS,2026-11-20,15.0,0.05,2637,39,98.04689453125,52,7.480000019073486,0.04,0.05,2026-09-29 18:01:48,🚬菸屁股,HOLD,1
LUNR,2026-12-18,30.0,0.22,1121,39,98.437515625,80,14.550000190734863,0.2,0.27,2026-09-29 19:33:06,🆕低基期(前日Vol5) 🚬菸屁股,HOLD,1
CRWV,2026-10-16,140.0,0.07,6311,39,97.6562734375,17,85.93000030517578,0.05,0.11,2026-09-29 17:50:51,🚬菸屁股,HOLD,1
CRWV,2026-11-20,160.0,0.55,2380,39,90.23447265624999,52,85.93000030517578,0.47,0.59,2026-09-29 17:41:34,🚬菸屁股,HOLD,1
F,2027-01-15,22.0,0.02,1581,39,57.812921875,108,12.300000190734863,0.02,0.11,2026-09-29 19:58:39,🚬菸屁股,HOLD,1
ASTS,2027-01-15,160.0,0.64,1541,38,98.77930908203125,108,59.4,0.5,0.8,2026-09-29 19:25:00,🆕低基期(前日Vol2) 🚬菸屁股,HOLD,1
U,2027-01-15,75.0,0.45,3318,38,70.41045214843751,108,39.72,0.25,0.58,2026-09-29 19:44:06,🆕低基期(前日Vol2) 🚬菸屁股,HOLD,1
ACHR,2027-01-15,13.0,0.09,4988,38,106.64109179687502,108,5.059999942779541,0.05,0.15,2026-09-25 17:04:01,🚬菸屁股,HOLD,1
ACHR,2027-01-15,25.0,0.04,23298,38,134.37532812499998,108,5.059999942779541,0.01,0.07,2026-09-29 15:37:23,🚬菸屁股,HOLD,1
PCG,2026-10-16,12.0,0.42,5170,38,37.89124609375,17,12.180000305175781,0.32,0.49,2026-09-29 19:40:15,🚬菸屁股,HOLD,1
KHC,2027-01-15,25.0,0.82,13766,38,31.250687499999998,108,23.450000762939453,0.72,0.98,2026-09-29 19:39:04,🚬菸屁股,HOLD,1
MARA,2026-10-09,15.5,0.04,871,38,92.187578125,10,11.989999771118164,0.03,0.05,2026-09-29 19:47:57,🚬菸屁股,HOLD,1
UPST,2026-10-16,30.0,0.06,5961,37,71.0940390625,17,23.14,0.05,0.1,2026-09-29 17:28:16,🚬菸屁股,HOLD,1
TDOC,2027-01-15,6.0,0.65,2405,37,59.766027343750004,108,5.75,0.58,0.7,2026-09-29 18:04:48,🚬菸屁股,HOLD,1
HIMS,2026-10-16,37.0,0.19,4618,37,90.23447265624999,17,28.700000762939453,0.16,0.41,2026-09-29 18:09:20,🚬菸屁股,HOLD,1
NKE,2027-01-15,67.5,0.12,18127,37,59.766027343750004,108,35.84000015258789,0.1,0.21,2026-09-28 19:54:58,🚬菸屁股,HOLD,1
F,2026-12-18,14.67,0.19,18099,37,37.89124609375,80,12.300000190734863,0.17,0.2,2026-09-29 17:06:03,🚬菸屁股,HOLD,1
F,2027-01-15,17.0,0.08,2328,37,39.649041015625,108,12.300000190734863,0.07,0.09,2026-09-29 18:23:01,🚬菸屁股,HOLD,1
F,2027-01-15,21.0,0.02,1709,37,47.6567734375,108,12.300000190734863,0.01,0.03,2026-09-29 19:58:15,🚬菸屁股,HOLD,1
JPM,2026-10-16,385.0,0.12,6019,37,33.301448242187504,17,334.9800109863281,0.03,0.26,2026-09-29 19:46:35,🚬菸屁股,HOLD,1
TSLA,2028-01-21,800.0,10.95,7296,36,50.919069915771495,479,352.84,10.65,11.25,2026-09-29 19:43:58,🔭LEAPS,HOLD,1
NVDA,2028-01-21,460.0,4.4,25353,36,41.32443930053711,479,227.21,4.3,4.5,2026-09-29 19:56:15,🔭LEAPS,HOLD,1
OKLO,2026-11-20,55.0,0.78,1575,36,85.6446748046875,52,37.11,0.73,0.84,2026-09-29 18:29:37,🚬菸屁股,HOLD,1
OKLO,2026-12-18,65.0,0.75,2300,36,86.96302099609376,80,37.11,0.72,0.8,2026-09-29 17:31:19,🚬菸屁股,HOLD,1
NTLA,2027-01-15,20.0,0.35,5823,36,81.64080859375,108,12.03,0.25,0.6,2026-09-28 18:30:36,🚬菸屁股,HOLD,1
JOBY,2027-01-15,11.0,0.12,2335,36,85.937640625,108,5.989999771118164,0.11,0.23,2026-09-29 18:09:07,🚬菸屁股,HOLD,1
SMR,2026-11-20,13.0,0.13,2609,36,96.0937890625,52,7.760000228881836,0.11,0.14,2026-09-29 19:51:11,🚬菸屁股,HOLD,1
BA,2026-11-20,245.0,0.45,4465,36,41.626560302734376,52,187.67999267578125,0.24,0.62,2026-09-29 19:02:49,🚬菸屁股,HOLD,1
BA,2026-11-20,280.0,0.1,3907,36,44.5318046875,52,187.67999267578125,0.05,0.11,2026-09-29 19:00:56,🚬菸屁股,HOLD,1
BA,2026-12-18,350.0,0.03,2039,36,52.3442265625,80,187.67999267578125,0.01,0.11,2026-09-28 17:45:37,🚬菸屁股,HOLD,1
BA,2027-01-15,345.0,0.07,2200,36,49.5122236328125,108,187.67999267578125,0.01,0.28,2026-09-28 15:30:34,🚬菸屁股,HOLD,1
AMZN,2026-12-18,400.0,0.1,2078,36,42.33456103515625,80,246.6699981689453,0.05,0.15,2026-09-29 19:26:44,🚬菸屁股,HOLD,1
AMZN,2028-01-21,390.0,10.9,5713,36,39.08447146606445,479,246.6699981689453,10.3,10.9,2026-09-29 19:32:57,🔭LEAPS,HOLD,1
SMCI,2026-11-20,75.0,0.4,2254,35,92.38288867187501,52,41.02,0.3,0.35,2026-09-29 18:57:02,🚬菸屁股,HOLD,1
DKNG,2026-12-18,65.0,0.03,1808,35,117.77384863281249,80,19.59,0.0,0.2,2026-09-29 15:08:18,🚬菸屁股,HOLD,1
ZM,2027-01-15,130.0,0.71,3232,35,49.561051269531255,108,88.355,0.46,0.98,2026-09-29 15:13:00,🆕低基期(前日Vol1) 🚬菸屁股,HOLD,1
HIMS,2027-01-15,50.0,0.9,14272,35,86.8165380859375,108,28.700000762939453,0.85,1.22,2026-09-29 19:41:39,🚬菸屁股,HOLD,1
JOBY,2028-01-21,3.0,3.55,2856,35,88.18371191406248,479,5.989999771118164,3.5,3.65,2026-09-29 19:56:33,🔭LEAPS,HOLD,1
CRWV,2026-12-18,200.0,0.37,8251,35,90.9180595703125,80,85.93000030517578,0.36,0.61,2026-09-28 19:55:27,🚬菸屁股,HOLD,1
PCG,2026-12-18,13.0,0.75,3705,35,49.60987890625,80,12.180000305175781,0.65,0.8,2026-09-29 19:53:46,🚬菸屁股,HOLD,1
NKE,2026-10-16,65.0,0.03,1806,35,111.71919140624999,17,35.84000015258789,0.0,0.05,2026-09-28 16:56:56,🚬菸屁股,HOLD,1
KVUE,2026-11-20,18.0,0.58,1174,35,27.149166015625,52,17.90999984741211,0.36,0.69,2026-09-28 19:30:35,🚬菸屁股,HOLD,1
KVUE,2028-01-21,17.0,2.8,1671,35,27.759511474609372,479,17.90999984741211,1.86,2.69,2026-09-22 17:05:40,🔭LEAPS,HOLD,1
ZS,2028-01-21,480.0,11.25,834,35,63.76073837280273,479,198.35499572753906,10.8,12.9,2026-09-29 18:06:33,🔭LEAPS,HOLD,1
NVDA,2027-01-15,370.0,0.24,5141,34,39.7466962890625,108,227.21,0.16,0.26,2026-09-29 19:29:47,🚬菸屁股,HOLD,1
RKLB,2026-10-16,130.0,0.04,2654,34,113.28168359375002,17,69.7,0.0,0.08,2026-09-28 14:59:08,🚬菸屁股,HOLD,1
PATH,2028-01-21,10.0,4.85,5735,34,74.46314599609374,479,12.32,4.75,5.15,2026-09-29 17:10:27,🔭LEAPS,HOLD,1
HOOD,2026-11-20,180.0,0.9,1871,34,71.72879833984375,52,116.22,0.83,0.91,2026-09-29 18:53:19,🚬菸屁股,HOLD,1
NNE,2026-10-16,18.0,0.34,781,34,77.73459765625,17,15.789999961853027,0.3,0.4,2026-09-29 19:56:52,🚬菸屁股,HOLD,1
PCG,2028-01-21,20.0,0.53,21616,34,46.680220703125,479,12.180000305175781,0.5,0.78,2026-09-29 17:08:25,🆕低基期(前日Vol1) 🔭LEAPS,HOLD,1
KHC,2028-01-21,22.5,3.45,1208,34,31.128618408203117,479,23.450000762939453,3.3,3.75,2026-09-29 18:12:55,🔭LEAPS,HOLD,1
JPM,2026-12-18,430.0,0.24,4585,34,25.63550927734375,80,334.9800109863281,0.19,0.31,2026-09-29 18:17:39,🚬菸屁股,HOLD,1
MARA,2027-01-15,22.0,0.42,4675,34,89.84385156249999,108,11.989999771118164,0.38,0.42,2026-09-29 18:55:39,🆕低基期(前日Vol10) 🚬菸屁股,HOLD,1
ONDS,2026-12-18,15.0,0.1,5388,33,96.48441015625,80,7.480000019073486,0.1,0.15,2026-09-29 18:03:36,🚬菸屁股,HOLD,1
LUNR,2026-10-16,15.0,0.98,946,33,83.39860351562498,17,14.550000190734863,0.77,0.93,2026-09-29 18:45:24,🚬菸屁股,HOLD,1
JOBY,2028-01-21,20.0,0.4,10321,33,81.73846386718748,479,5.989999771118164,0.39,0.5,2026-09-29 18:51:32,🔭LEAPS,HOLD,1
BA,2027-01-15,380.0,0.04,1152,33,46.289599609375,108,187.67999267578125,0.02,0.05,2026-09-29 19:56:24,🚬菸屁股,HOLD,1
DIS,2026-10-16,120.0,0.08,3453,33,31.250687499999998,17,105.41000366210938,0.05,0.08,2026-09-29 19:59:32,🆕低基期(前日Vol13) 🚬菸屁股,HOLD,1
JPM,2026-10-09,365.0,0.05,793,33,30.07882421875,10,334.9800109863281,0.03,0.3,2026-09-29 18:18:57,🚬菸屁股,HOLD,1
AMZN,2026-10-16,410.0,0.01,3232,33,101.27002490234376,17,246.6699981689453,0.0,0.47,2026-09-25 18:29:34,🚬菸屁股,HOLD,1
CRM,2026-10-16,300.0,0.03,2671,33,57.42230078125,17,225.30999755859375,0.02,0.21,2026-09-29 19:11:09,🚬菸屁股,HOLD,1
MARA,2026-10-09,17.0,0.03,981,33,107.81296093750001,10,11.989999771118164,0.02,0.03,2026-09-29 19:50:58,🚬菸屁股,HOLD,1
NVDA,2028-01-21,220.0,50.0,9835,32,45.62279719543458,479,227.21,49.25,49.8,2026-09-29 19:31:23,🔭LEAPS,HOLD,1
IBIT,2026-12-18,56.0,0.98,13267,32,40.942973388671874,80,47.33,1.0,1.03,2026-09-29 18:00:59,🚬菸屁股,HOLD,1
ASTS,2026-11-20,130.0,0.29,1032,32,106.05515722656251,52,59.4,0.29,0.37,2026-09-29 17:16:55,🚬菸屁股,HOLD,1
ASTS,2026-11-20,180.0,0.15,2683,32,135.7425087890625,52,59.4,0.06,0.5,2026-09-29 19:20:31,🆕低基期(前日Vol8) 🚬菸屁股,HOLD,1
SOFI,2026-10-09,30.0,0.01,1946,32,140.625296875,10,15.91,0.0,0.01,2026-09-25 18:27:34,🚬菸屁股,HOLD,1
NBIS,2026-10-16,390.0,0.26,851,32,97.75392871093752,17,237.355,0.05,0.35,2026-09-29 15:31:57,🚬菸屁股,HOLD,1
HIMS,2028-01-21,95.0,2.8,3205,32,87.57336645507812,479,28.700000762939453,2.55,2.93,2026-09-29 19:55:30,🆕低基期(前日Vol10) 🔭LEAPS,HOLD,1
ACHR,2028-01-21,27.0,0.24,16601,32,93.4570966796875,479,5.059999942779541,0.23,0.34,2026-09-29 18:48:56,🔭LEAPS,HOLD,1
DIS,2028-01-21,120.0,10.0,16437,32,33.36248278808594,479,105.41000366210938,9.75,10.75,2026-09-29 19:40:01,🔭LEAPS,HOLD,1
DIS,2028-01-21,135.0,5.7,1261,32,32.20892987060546,479,105.41000366210938,5.8,6.55,2026-09-22 16:07:24,🔭LEAPS,HOLD,1
AMZN,2026-10-09,290.0,0.03,1307,32,42.57869921875,10,246.6699981689453,0.03,0.07,2026-09-29 19:24:24,🚬菸屁股,HOLD,1
TSLA,2026-12-18,700.0,0.37,8838,31,61.37733935546876,80,352.84,0.39,0.42,2026-09-29 15:12:11,🚬菸屁股,HOLD,1
MSTR,2028-01-21,200.0,40.92,6700,31,78.07333938598633,479,154.67,40.05,41.75,2026-09-29 18:51:32,🔭LEAPS,HOLD,1
SOFI,2026-10-09,25.0,0.01,1460,31,106.25046875000001,10,15.91,0.0,0.01,2026-09-28 15:48:28,🚬菸屁股,HOLD,1
SOFI,2026-11-20,29.0,0.04,1162,31,78.51583984375,52,15.91,0.04,0.06,2026-09-29 17:45:47,🚬菸屁股,HOLD,1
SOFI,2026-12-18,31.0,0.06,755,31,70.70341796875,80,15.91,0.02,0.1,2026-09-28 14:14:28,🚬菸屁股,HOLD,1
IREN,2026-12-18,80.0,0.7,6023,31,93.7500625,80,41.38,0.63,0.82,2026-09-29 19:53:10,🚬菸屁股,HOLD,1
PATH,2026-10-09,17.0,0.01,841,31,114.0629296875,10,12.32,0.0,0.1,2026-09-28 18:27:41,🚬菸屁股,HOLD,1
PATH,2026-10-16,18.0,0.01,1090,31,78.12521875,17,12.32,0.0,0.02,2026-09-29 19:59:27,🆕低基期(前日Vol4) 🚬菸屁股,HOLD,1
PATH,2028-01-21,20.0,2.13,7770,31,74.07252490234374,479,12.32,2.04,2.45,2026-09-29 18:02:16,🔭LEAPS,HOLD,1
XYZ,2026-10-16,80.0,0.73,1552,31,42.57869921875,17,74.05,0.67,0.79,2026-09-29 19:42:32,🚬菸屁股,HOLD,1
KTOS,2028-01-21,50.0,11.2,861,31,67.10237976074221,479,43.05,10.0,11.4,2026-09-29 19:44:12,🆕低基期(前日Vol3) 🔭LEAPS,HOLD,1
PCG,2026-11-20,18.0,0.05,4387,31,58.5941640625,52,12.180000305175781,0.04,0.06,2026-09-29 19:55:29,🆕低基期(前日Vol2) 🚬菸屁股,HOLD,1
O,2026-12-18,65.0,0.1,4426,31,20.4109521484375,80,55.13999938964844,0.05,0.1,2026-09-29 19:37:21,🚬菸屁股,HOLD,1
HBAN,2026-11-20,17.0,0.13,1443,31,32.031929687499996,52,15.270000457763672,0.1,0.2,2026-09-29 18:16:42,🆕低基期(前日Vol5) 🚬菸屁股,HOLD,1
BA,2026-12-18,300.0,0.11,14697,31,42.67635449218751,80,187.67999267578125,0.1,0.15,2026-09-29 17:07:08,🚬菸屁股,HOLD,1
TGT,2026-12-18,210.0,0.66,2030,31,39.063109374999996,80,156.42999267578125,0.19,0.75,2026-09-15 17:21:13,🚬菸屁股,HOLD,1
NVDA,2028-01-21,240.0,40.87,10235,30,44.37311486816406,479,227.21,40.2,40.75,2026-09-29 19:53:31,🔭LEAPS,HOLD,1
OKLO,2026-12-18,120.0,0.17,3590,30,109.375453125,80,37.11,0.0,0.25,2026-09-28 14:54:05,🚬菸屁股,HOLD,1
ASTS,2026-11-20,150.0,0.22,4251,30,115.91838916015624,52,59.4,0.1,0.4,2026-09-29 19:20:40,🆕低基期(前日Vol3) 🚬菸屁股,HOLD,1
IONQ,2027-01-15,110.0,0.42,2653,30,90.52743847656251,108,43.91,0.31,0.5,2026-09-29 14:14:39,🆕低基期(前日Vol11) 🚬菸屁股,HOLD,1
SOFI,2026-11-20,35.0,0.02,1544,30,89.062609375,52,15.91,0.01,0.04,2026-09-28 17:51:15,🚬菸屁股,HOLD,1
IREN,2026-12-18,100.0,0.36,5746,30,99.804689453125,80,41.38,0.25,0.42,2026-09-29 15:02:47,🆕低基期(前日Vol12) 🚬菸屁股,HOLD,1
U,2026-10-16,48.0,0.15,3107,30,65.03941210937501,17,39.72,0.15,0.35,2026-09-29 17:39:10,🚬菸屁股,HOLD,1
PATH,2026-11-20,21.0,0.02,1301,30,71.87528125,52,12.32,0.0,0.08,2026-09-24 17:33:15,🚬菸屁股,HOLD,1
HIMS,2028-01-21,30.0,9.95,7051,30,83.92350061035157,479,28.700000762939453,10.0,10.4,2026-09-29 19:31:40,🆕低基期(前日Vol7) 🔭LEAPS,HOLD,1
HIMS,2028-01-21,70.0,4.05,823,30,86.15736499023438,479,28.700000762939453,3.75,4.45,2026-09-28 15:40:50,🔭LEAPS,HOLD,1
ONDS,2026-10-16,15.0,0.01,2836,30,143.75028125,17,7.480000019073486,0.0,0.03,2026-09-29 13:33:38,🚬菸屁股,HOLD,1
LUNR,2027-01-15,35.0,0.25,1379,30,95.99613378906248,108,14.550000190734863,0.15,0.29,2026-09-29 16:45:32,🚬菸屁股,HOLD,1
JOBY,2026-11-20,13.0,0.03,2539,30,103.12548437500001,52,5.989999771118164,0.01,0.05,2026-09-28 15:50:09,🚬菸屁股,HOLD,1
PCG,2026-10-09,14.0,0.02,807,30,50.0005,10,12.180000305175781,0.0,0.02,2026-09-29 14:11:23,🚬菸屁股,HOLD,1
NKE,2026-12-18,130.0,0.02,2581,30,96.87503124999999,80,35.84000015258789,0.0,0.04,2026-09-18 15:09:11,🚬菸屁股,HOLD,1
NKE,2026-12-18,135.0,0.02,2875,30,99.2187578125,80,35.84000015258789,0.0,0.04,2026-09-24 19:58:05,🚬菸屁股,HOLD,1
NKE,2028-01-21,95.0,0.42,1175,30,48.97511962890626,479,35.84000015258789,0.37,0.53,2026-09-29 19:46:41,🔭LEAPS,HOLD,1
KVUE,2027-01-15,18.0,0.76,6206,30,27.3444765625,108,17.90999984741211,0.53,1.02,2026-09-29 16:28:49,🚬菸屁股,HOLD,1
META,2026-12-18,1400.0,0.11,2509,30,50.879397460937504,80,738.7899780273438,0.08,0.27,2026-09-28 13:42:09,🆕低基期(前日Vol1) 🚬菸屁股,HOLD,1
OKLO,2026-11-20,65.0,0.38,2228,29,91.79695703125,52,37.11,0.35,0.4,2026-09-29 17:41:28,🚬菸屁股,HOLD,1
UPST,2026-12-18,45.0,0.15,1358,29,78.711150390625,80,23.14,0.14,0.19,2026-09-29 19:52:28,🆕低基期(前日Vol10) 🚬菸屁股,HOLD,1
PATH,2026-12-18,16.0,0.51,2117,29,67.28548339843752,80,12.32,0.46,0.54,2026-09-29 19:19:42,🚬菸屁股,HOLD,1
HIMS,2027-01-15,105.0,0.12,12654,29,106.64109179687502,108,28.700000762939453,0.07,0.2,2026-09-29 19:08:49,🚬菸屁股,HOLD,1
ONDS,2028-01-21,12.0,1.9,14114,29,90.57626611328125,479,7.480000019073486,1.8,2.1,2026-09-29 18:29:26,🔭LEAPS,HOLD,1
LUNR,2026-10-16,15.5,0.68,2210,29,87.30481445312499,17,14.550000190734863,0.65,0.78,2026-09-29 19:58:01,🚬菸屁股,HOLD,1
AMZN,2026-12-18,360.0,0.36,17024,29,39.45373046875,80,246.6699981689453,0.33,0.41,2026-09-29 19:59:38,🚬菸屁股,HOLD,1
AMZN,2027-01-15,400.0,0.19,2418,29,39.404902832031254,108,246.6699981689453,0.12,0.28,2026-09-29 16:32:00,🚬菸屁股,HOLD,1
MU,2026-10-16,1700.0,0.65,1347,29,89.47764428710936,17,1065.0799560546875,0.61,0.71,2026-09-29 19:40:10,🚬菸屁股,HOLD,1
TSLA,2028-06-16,990.0,11.25,6935,28,52.44493356323242,626,352.84,11.1,11.6,2026-09-29 19:30:12,🔭LEAPS,HOLD,1
SMCI,2027-01-15,100.0,0.5,5589,28,91.1133701171875,108,41.02,0.36,0.53,2026-09-28 14:30:24,🚬菸屁股,HOLD,1
UPST,2028-01-21,30.0,6.15,1812,28,78.54025366210936,479,23.14,6.0,6.3,2026-09-28 19:46:40,🔭LEAPS,HOLD,1
DKNG,2028-01-21,22.5,4.9,763,28,67.2122419433594,479,19.59,4.8,5.1,2026-09-29 19:55:41,🆕低基期(前日Vol1) 🔭LEAPS,HOLD,1
HIMS,2026-11-20,50.0,0.35,1774,28,95.70316796875,52,28.700000762939453,0.32,0.41,2026-09-29 18:01:35,🆕低基期(前日Vol8) 🚬菸屁股,HOLD,1
MARA,2027-01-15,25.0,0.27,18601,28,92.57819921875,108,11.989999771118164,0.26,0.29,2026-09-29 17:17:03,🚬菸屁股,HOLD,1
PLTR,2027-01-15,410.0,0.18,10951,27,57.617611328124994,108,186.97,0.08,0.26,2026-09-29 17:43:35,🚬菸屁股,HOLD,1
ASTS,2026-10-16,110.0,0.08,1958,27,123.43788281249999,17,59.4,0.01,0.14,2026-09-29 13:50:25,🆕低基期(前日Vol8) 🚬菸屁股,HOLD,1
DKNG,2028-01-21,25.0,4.11,4176,27,68.97003686523439,479,19.59,4.0,4.9,2026-09-29 19:33:17,🔭LEAPS,HOLD,1
HOOD,2026-10-16,180.0,0.06,2651,27,82.81267187499999,17,116.22,0.05,0.07,2026-09-29 19:53:59,🚬菸屁股,HOLD,1
ZM,2026-10-16,105.0,0.26,1659,27,48.1450498046875,17,88.355,0.0,0.2,2026-09-25 18:06:38,🚬菸屁股,HOLD,1
ZM,2028-01-21,110.0,11.9,1362,27,50.61694891357422,479,88.355,11.9,13.35,2026-09-29 18:06:07,🆕低基期(前日Vol1) 🔭LEAPS,HOLD,1
OPEN,2028-01-21,2.0,1.14,2759,27,105.2739111328125,479,2.37,1.01,1.36,2026-09-29 15:03:15,🔭LEAPS,HOLD,1
PACB,2028-01-21,1.5,0.95,5694,27,85.1563984375,479,1.83,0.6,1.0,2026-09-29 19:30:31,🔭LEAPS,HOLD,1
PACB,2028-01-21,2.0,0.73,5145,27,97.070341796875,479,1.83,0.6,0.85,2026-09-29 19:59:21,🔭LEAPS,HOLD,1
HIMS,2027-01-15,75.0,0.29,3337,27,91.79695703125,108,28.700000762939453,0.15,0.32,2026-09-29 15:03:17,🚬菸屁股,HOLD,1
ACHR,2028-01-21,1.0,4.33,937,27,122.65663671875001,479,5.059999942779541,3.95,4.5,2026-09-29 17:59:22,🔭LEAPS,HOLD,1
SMR,2028-01-21,40.0,0.61,1314,27,102.05127099609376,479,7.760000228881836,0.56,0.77,2026-09-29 15:18:30,🔭LEAPS,HOLD,1
PCG,2028-01-21,10.0,3.42,2415,27,50.39112109375,479,12.180000305175781,3.25,4.25,2026-09-29 18:18:28,🔭LEAPS,HOLD,1
PCG,2028-01-21,15.0,1.45,7437,27,43.89704541015625,479,12.180000305175781,1.35,1.51,2026-09-29 19:55:54,🔭LEAPS,HOLD,1
KHC,2028-01-21,27.5,1.57,3165,27,29.566134033203124,479,23.450000762939453,1.42,1.77,2026-09-29 17:25:55,🔭LEAPS,HOLD,1
NKE,2026-12-18,52.5,0.26,7597,27,51.6606396484375,80,35.84000015258789,0.2,0.31,2026-09-29 19:32:08,🚬菸屁股,HOLD,1
PLNT,2027-02-19,80.0,0.15,764,27,63.1839619140625,143,40.7400016784668,0.1,0.7,2026-09-28 18:32:09,🚬菸屁股,HOLD,1
NTLA,2026-10-16,15.0,0.11,1570,26,78.12521875,17,12.03,0.05,0.15,2026-09-29 19:51:17,🚬菸屁股,HOLD,1
ACHR,2028-01-21,3.0,2.85,4392,26,94.33599414062499,479,5.059999942779541,2.76,2.95,2026-09-29 16:46:56,🆕低基期(前日Vol8) 🔭LEAPS,HOLD,1
SMR,2026-10-09,11.0,0.02,1419,26,106.25046875000001,10,7.760000228881836,0.01,0.02,2026-09-29 18:43:48,🚬菸屁股,HOLD,1
SMR,2028-01-21,33.0,0.8,833,26,100.29346728515624,479,7.760000228881836,0.71,0.92,2026-09-29 14:25:31,🔭LEAPS,HOLD,1
SMR,2028-01-21,80.0,0.29,847,26,109.18014160156251,479,7.760000228881836,0.2,0.45,2026-09-28 14:28:37,🔭LEAPS,HOLD,1
NKE,2026-12-18,57.5,0.12,1767,26,53.51608984375,80,35.84000015258789,0.12,0.14,2026-09-29 16:19:02,🚬菸屁股,HOLD,1
META,2026-10-16,1240.0,0.03,1820,26,65.62534375000001,17,738.7899780273438,0.0,0.01,2026-09-29 14:30:18,🚬菸屁股,HOLD,1
BA,2028-06-16,350.0,7.8,971,26,40.8910940246582,626,187.67999267578125,7.45,8.1,2026-09-29 18:50:13,🔭LEAPS,HOLD,1
MARA,2027-01-15,21.0,0.48,1245,26,89.257919921875,108,11.989999771118164,0.45,0.48,2026-09-29 19:26:17,🚬菸屁股,HOLD,1
OKLO,2028-01-21,155.0,2.75,2087,25,90.429783203125,479,37.11,1.53,3.95,2026-09-29 15:42:43,🆕低基期(前日Vol1) 🔭LEAPS,HOLD,1
UPST,2027-01-15,135.0,0.01,6752,25,100.0005,108,23.14,0.0,0.01,2026-09-29 19:51:38,🆕低基期(前日Vol10) 🚬菸屁股,HOLD,1
DKNG,2028-01-21,40.0,1.63,4266,25,62.74451318359377,479,19.59,1.49,1.77,2026-09-29 19:44:02,🔭LEAPS,HOLD,1
IREN,2026-12-18,75.0,0.85,5377,25,91.55281884765625,80,41.38,0.8,0.97,2026-09-29 19:46:24,🚬菸屁股,HOLD,1
PATH,2026-11-20,20.0,0.04,1291,25,70.312796875,52,12.32,0.03,0.08,2026-09-29 14:06:34,🆕低基期(前日Vol8) 🚬菸屁股,HOLD,1
HOOD,2026-11-20,175.0,0.97,1718,25,70.9963837890625,52,116.22,1.01,1.08,2026-09-29 17:48:40,🚬菸屁股,HOLD,1
TDOC,2026-10-16,7.0,0.03,2508,25,57.812921875,17,5.75,0.01,0.03,2026-09-29 13:55:46,🆕低基期(前日Vol8) 🚬菸屁股,HOLD,1
ONDS,2026-10-16,7.0,0.72,1787,25,64.25816992187501,17,7.480000019073486,0.6,0.77,2026-09-29 19:32:03,🚬菸屁股,HOLD,1
JOBY,2028-01-21,25.0,0.28,3855,25,87.0118486328125,479,5.989999771118164,0.25,0.51,2026-09-29 19:30:17,🔭LEAPS,HOLD,1
SMR,2028-01-21,35.0,0.78,1139,25,101.172369140625,479,7.760000228881836,0.65,0.9,2026-09-29 14:11:58,🔭LEAPS,HOLD,1
NNE,2027-01-15,65.0,0.15,1252,25,118.75040625,108,15.789999961853027,0.0,0.2,2026-08-31 13:30:15,🚬菸屁股,HOLD,1
BA,2026-10-16,250.0,0.05,2283,25,52.539537109375004,17,187.67999267578125,0.02,0.07,2026-09-29 17:49:22,🚬菸屁股,HOLD,1
AMZN,2027-01-15,380.0,0.35,17425,25,37.5982802734375,108,246.6699981689453,0.29,0.39,2026-09-29 19:43:00,🚬菸屁股,HOLD,1
MARA,2028-01-21,35.0,2.1,1540,25,89.89267919921873,479,11.989999771118164,1.39,1.6,2026-09-22 14:11:31,🔭LEAPS,HOLD,1
MSFT,2027-01-15,625.0,4.95,52501,24,31.287308227539057,108,508.96,4.5,5.3,2026-09-29 18:56:58,🔥萬人塚 🏛️機構場,HOLD,1
ASTS,2026-11-20,105.0,0.75,844,24,95.94730615234374,52,59.4,0.5,0.9,2026-09-29 19:37:16,🆕低基期(前日Vol9) 🚬菸屁股,HOLD,1
HIMS,2026-10-16,50.0,0.03,4688,24,121.09414453124998,17,28.700000762939453,0.03,0.09,2026-09-29 19:46:39,🆕低基期(前日Vol9) 🚬菸屁股,HOLD,1
CRWV,2027-01-15,240.0,0.57,5877,24,86.7188828125,108,85.93000030517578,0.11,0.58,2026-09-21 19:44:53,🚬菸屁股,HOLD,1
NKE,2028-01-21,55.0,2.25,4469,24,44.092355957031245,479,35.84000015258789,2.2,2.43,2026-09-29 18:51:53,🔭LEAPS,HOLD,1
BA,2027-01-15,325.0,0.38,1643,24,47.63235961914062,108,187.67999267578125,0.0,0.39,2026-09-03 16:57:25,🚬菸屁股,HOLD,1
DIS,2028-01-21,115.0,11.9,1815,24,33.38689660644532,479,105.41000366210938,11.35,12.35,2026-09-28 18:11:58,🔭LEAPS,HOLD,1
AMZN,2026-10-16,330.0,0.03,6014,24,50.39112109375,17,246.6699981689453,0.02,0.05,2026-09-29 19:09:46,🚬菸屁股,HOLD,1
OKLO,2028-01-21,200.0,2.75,17703,23,94.20171813964843,479,37.11,1.86,2.4,2026-09-29 14:22:57,🔭LEAPS,HOLD,1
ASTS,2027-01-15,190.0,0.4,6720,23,104.0043862304688,108,59.4,0.35,0.5,2026-09-29 19:07:37,🆕低基期(前日Vol8) 🚬菸屁股,HOLD,1
IREN,2028-01-21,80.0,8.55,7730,23,88.79405737304687,479,41.38,8.25,8.75,2026-09-29 19:41:36,🔭LEAPS,HOLD,1
PATH,2026-11-20,17.0,0.1,1031,23,57.42230078125,52,12.32,0.05,0.14,2026-09-29 18:10:54,🚬菸屁股,HOLD,1
ONDS,2026-12-18,13.0,0.18,4161,23,91.79695703125,80,7.480000019073486,0.16,0.23,2026-09-29 19:15:55,🚬菸屁股,HOLD,1
ACHR,2027-01-15,11.0,0.09,3867,23,91.01571484374999,108,5.059999942779541,0.05,0.13,2026-09-29 17:18:56,🚬菸屁股,HOLD,1
SMR,2026-11-20,18.0,0.05,1409,23,123.43788281249999,52,7.760000228881836,0.01,0.14,2026-09-28 18:49:19,🚬菸屁股,HOLD,1
CRWV,2026-10-16,150.0,0.03,9631,23,101.95361523437501,17,85.93000030517578,0.03,0.06,2026-09-29 19:02:26,🚬菸屁股,HOLD,1
O,2026-12-18,62.5,0.17,2216,23,19.28791650390625,80,55.13999938964844,0.15,0.2,2026-09-29 19:10:16,🚬菸屁股,HOLD,1
NKE,2026-10-09,43.0,0.16,785,23,78.32052929687501,10,35.84000015258789,0.15,0.22,2026-09-29 19:26:40,🚬菸屁股,HOLD,1
NKE,2026-12-18,100.0,0.02,14338,23,81.64080859375,80,35.84000015258789,0.0,0.05,2026-09-29 19:43:47,🆕低基期(前日Vol3) 🚬菸屁股,HOLD,1
NKE,2027-01-15,65.0,0.12,11981,23,54.297332031250015,108,35.84000015258789,0.1,0.13,2026-09-29 17:43:51,🚬菸屁股,HOLD,1
F,2026-12-18,12.0,0.97,857,23,36.7193828125,80,12.300000190734863,0.94,0.99,2026-09-29 19:58:50,🚬菸屁股,HOLD,1
DIS,2026-12-18,135.0,0.29,782,23,32.227240234374996,80,105.41000366210938,0.19,0.38,2026-09-29 15:15:45,🆕低基期(前日Vol9) 🚬菸屁股,HOLD,1
AMZN,2026-10-16,320.0,0.04,5684,23,46.289599609375,17,246.6699981689453,0.02,0.04,2026-09-29 19:48:37,🚬菸屁股,HOLD,1
NVDA,2028-01-21,370.0,11.17,5412,22,41.24509439086914,479,227.21,10.15,10.55,2026-09-28 18:20:43,🔭LEAPS,HOLD,1
SMCI,2026-11-20,60.0,0.97,3793,22,85.742330078125,52,41.02,0.9,0.98,2026-09-29 19:40:00,🚬菸屁股,HOLD,1
SMCI,2026-12-18,70.0,0.95,2790,22,85.0587431640625,80,41.02,0.81,0.94,2026-09-29 13:30:01,🚬菸屁股,HOLD,1
OKLO,2026-12-18,160.0,0.14,976,22,130.27378613281246,80,37.11,0.0,0.25,2026-09-14 15:47:10,🚬菸屁股,HOLD,1
SOFI,2026-11-20,36.0,0.02,1285,22,85.937640625,52,15.91,0.01,0.02,2026-09-29 18:25:12,🚬菸屁股,HOLD,1
DKNG,2027-01-15,37.0,0.15,1581,22,66.69955175781253,108,19.59,0.11,0.2,2026-09-29 18:57:43,🆕低基期(前日Vol1) 🚬菸屁股,HOLD,1
PATH,2026-11-20,18.0,0.09,3015,22,64.062859375,52,12.32,0.07,0.11,2026-09-29 18:29:28,🚬菸屁股,HOLD,1
PATH,2028-01-21,8.0,5.68,1670,22,75.68383691406251,479,12.32,5.7,6.2,2026-09-28 14:04:20,🔭LEAPS,HOLD,1
PATH,2028-01-21,12.0,4.05,4716,22,72.92507543945312,479,12.32,3.9,4.3,2026-09-29 17:49:11,🔭LEAPS,HOLD,1
OPEN,2027-02-19,3.0,0.37,3860,22,98.437515625,143,2.37,0.36,0.4,2026-09-29 18:35:25,🚬菸屁股,HOLD,1
ONDS,2026-12-18,18.0,0.08,3915,22,104.29735351562503,80,7.480000019073486,0.05,0.11,2026-09-28 17:40:52,🚬菸屁股,HOLD,1
ONDS,2027-01-15,18.0,0.12,2179,22,93.7500625,108,7.480000019073486,0.04,0.16,2026-09-28 17:33:30,🚬菸屁股,HOLD,1
SMR,2028-01-21,30.0,0.87,3463,22,98.437515625,479,7.760000228881836,0.8,0.94,2026-09-29 16:52:58,🔭LEAPS,HOLD,1
CRWV,2026-11-20,145.0,0.89,807,22,87.25598681640624,52,85.93000030517578,0.78,0.96,2026-09-29 19:03:46,🚬菸屁股,HOLD,1
NKE,2026-11-20,47.5,0.24,4227,22,50.6840869140625,52,35.84000015258789,0.23,0.26,2026-09-29 18:12:06,🚬菸屁股,HOLD,1
NKE,2026-12-18,75.0,0.05,2622,22,68.555001953125,80,35.84000015258789,0.02,0.1,2026-09-25 18:37:38,🚬菸屁股,HOLD,1
BA,2026-11-20,250.0,0.36,3626,22,42.188078125,52,187.67999267578125,0.32,0.49,2026-09-29 17:48:17,🚬菸屁股,HOLD,1
F,2026-12-18,20.0,0.02,1237,22,51.562984375,80,12.300000190734863,0.01,0.03,2026-09-29 14:36:02,🚬菸屁股,HOLD,1
F,2028-01-21,20.0,0.49,4302,22,40.918559570312496,479,12.300000190734863,0.46,0.56,2026-09-29 17:54:29,🔭LEAPS,HOLD,1
AMZN,2026-10-16,277.5,0.35,1141,22,33.15496533203125,17,246.6699981689453,0.32,0.39,2026-09-29 19:43:12,🚬菸屁股,HOLD,1
MU,2026-10-16,2300.0,0.06,2224,22,116.11370068359376,17,1065.0799560546875,0.02,0.21,2026-09-29 19:32:01,🚬菸屁股,HOLD,1
IBIT,2028-06-16,45.0,14.25,5307,21,54.07760766601564,626,47.33,13.8,14.15,2026-09-29 14:38:34,🔭LEAPS,HOLD,1
OKLO,2027-01-15,85.0,0.54,2481,21,90.52743847656251,108,37.11,0.48,0.55,2026-09-29 18:42:48,🆕低基期(前日Vol3) 🚬菸屁股,HOLD,1
RKLB,2026-10-16,110.0,0.08,4296,21,101.5629921875,17,69.7,0.06,0.2,2026-09-29 19:07:35,🚬菸屁股,HOLD,1
ASTS,2028-01-21,160.0,7.5,1204,21,85.33950207519531,479,59.4,6.75,7.6,2026-09-29 16:53:58,🆕低基期(前日Vol1) 🔭LEAPS,HOLD,1
SOFI,2027-01-15,45.0,0.05,11379,21,82.0314296875,108,15.91,0.02,0.06,2026-09-29 15:52:56,🆕低基期(前日Vol3) 🚬菸屁股,HOLD,1
IREN,2028-06-16,110.0,7.8,6417,21,88.51329846191408,626,41.38,7.0,8.75,2026-09-29 19:47:06,🆕低基期(前日Vol1) 🔭LEAPS,HOLD,1
HIMS,2028-01-21,90.0,3.22,4181,21,86.93860717773438,479,28.700000762939453,2.67,3.15,2026-09-24 19:52:52,🔭LEAPS,HOLD,1
ACHR,2028-01-21,25.0,0.32,1818,21,93.164130859375,479,5.059999942779541,0.24,0.4,2026-09-29 19:02:02,🆕低基期(前日Vol3) 🔭LEAPS,HOLD,1
SMR,2027-01-15,25.0,0.12,8311,21,109.375453125,108,7.760000228881836,0.06,0.09,2026-09-29 18:11:24,🚬菸屁股,HOLD,1
PCG,2027-01-15,30.0,0.08,805,21,94.14068359375,108,12.180000305175781,0.0,0.3,2026-09-11 14:30:48,🚬菸屁股,HOLD,1
NKE,2026-10-16,55.0,0.03,3503,21,84.37515624999999,17,35.84000015258789,0.01,0.04,2026-09-29 19:49:16,🆕低基期(前日Vol2) 🚬菸屁股,HOLD,1
JPM,2026-11-20,400.0,0.45,3169,21,24.976336181640622,52,334.9800109863281,0.33,0.4,2026-09-29 19:21:24,🚬菸屁股,HOLD,1
AMZN,2026-10-16,305.0,0.06,6902,21,41.211525390625,17,246.6699981689453,0.05,0.07,2026-09-29 18:49:59,🚬菸屁股,HOLD,1
MARA,2027-01-15,18.0,0.73,4138,21,87.0118486328125,108,11.989999771118164,0.73,0.75,2026-09-29 19:58:35,🆕低基期(前日Vol3) 🚬菸屁股,HOLD,1
MSTR,2026-12-18,1080.0,0.03,18121,20,128.90660546875,80,154.67,0.02,0.06,2026-09-29 16:48:15,🚬菸屁股,HOLD,1
INTC,2026-10-16,155.0,0.34,6920,20,75.2932158203125,17,115.93,0.3,0.34,2026-09-29 19:33:00,🚬菸屁股,HOLD,1
OKLO,2026-11-20,90.0,0.15,1615,20,112.30512597656251,52,37.11,0.06,0.26,2026-09-28 16:29:19,🚬菸屁股,HOLD,1
RKLB,2026-12-18,145.0,0.56,6133,20,86.914193359375,80,69.7,0.35,0.8,2026-09-29 16:33:23,🆕低基期(前日Vol8) 🚬菸屁股,HOLD,1
UPST,2027-01-15,70.0,0.05,1689,20,91.60164648437501,108,23.14,0.05,0.13,2026-09-28 17:43:46,🚬菸屁股,HOLD,1
DKNG,2026-12-18,38.0,0.09,1123,20,72.6565234375,80,19.59,0.04,0.14,2026-09-29 17:32:02,🆕低基期(前日Vol2) 🚬菸屁股,HOLD,1
DKNG,2027-01-15,80.0,0.01,986,20,97.6562734375,108,19.59,0.0,0.05,2026-09-22 19:50:00,🚬菸屁股,HOLD,1
DKNG,2028-01-21,42.5,1.8,1686,20,66.08920629882813,479,19.59,1.22,2.11,2026-09-25 19:21:34,🔭LEAPS,HOLD,1
IREN,2026-12-18,95.0,0.34,1018,20,95.6055126953125,80,41.38,0.12,0.56,2026-09-29 14:24:22,🚬菸屁股,HOLD,1
ZM,2026-11-20,130.0,0.1,7116,20,54.19967675781252,52,88.355,0.0,0.25,2026-09-28 18:08:10,🚬菸屁股,HOLD,1
XYZ,2026-12-18,145.0,0.07,1423,20,68.94562304687501,80,74.05,0.0,0.45,2026-09-28 19:39:33,🚬菸屁股,HOLD,1
CRSP,2026-10-16,65.0,0.64,1732,20,69.92217578125,17,56.0,0.4,1.15,2026-09-29 18:55:33,🚬菸屁股,HOLD,1
NTLA,2027-01-15,15.0,0.97,3152,20,75.7814921875,108,12.03,0.8,1.25,2026-09-29 19:16:52,🚬菸屁股,HOLD,1
PACB,2028-01-21,3.0,0.45,1296,20,85.54701953125,479,1.83,0.05,0.8,2026-09-29 17:42:42,🆕低基期(前日Vol1) 🔭LEAPS,HOLD,1
JOBY,2027-01-15,22.0,0.03,6443,20,104.68797656250001,108,5.989999771118164,0.0,0.05,2026-09-23 18:33:08,🚬菸屁股,HOLD,1
JOBY,2027-01-15,25.0,0.01,3089,20,106.25046875000001,108,5.989999771118164,0.0,0.03,2026-09-28 14:47:31,🚬菸屁股,HOLD,1
SMR,2026-11-20,19.0,0.03,1153,20,110.9379453125,52,7.760000228881836,0.01,0.05,2026-09-29 16:09:24,🆕低基期(前日Vol6) 🚬菸屁股,HOLD,1
SMR,2027-01-15,35.0,0.06,3151,20,132.422212890625,108,7.760000228881836,0.02,0.13,2026-09-29 17:25:22,🚬菸屁股,HOLD,1
SMR,2028-01-21,13.0,2.05,2954,20,92.43171630859376,479,7.760000228881836,1.95,2.05,2026-09-29 19:11:46,🔭LEAPS,HOLD,1
KHC,2027-01-15,50.0,0.01,3686,20,51.562984375,108,23.450000762939453,0.0,0.02,2026-09-23 18:18:40,🚬菸屁股,HOLD,1
NKE,2026-12-18,70.0,0.09,4515,20,66.21127539062502,80,35.84000015258789,0.06,0.11,2026-09-29 15:40:55,🚬菸屁股,HOLD,1
NKE,2028-06-16,32.5,9.5,826,20,49.780775634765625,626,35.84000015258789,9.25,10.5,2026-09-29 18:21:07,🆕低基期(前日Vol1) 🔭LEAPS,HOLD,1
KVUE,2026-12-18,20.0,0.13,5307,20,22.461712890624995,80,17.90999984741211,0.1,0.15,2026-09-28 19:07:24,🚬菸屁股,HOLD,1
F,2026-12-18,16.0,0.09,8977,20,39.45373046875,80,12.300000190734863,0.08,0.09,2026-09-29 19:59:35,🚬菸屁股,HOLD,1
F,2026-12-18,25.0,0.02,781,20,87.500125,80,12.300000190734863,0.0,0.24,2026-09-21 14:57:45,🚬菸屁股,HOLD,1
F,2028-01-21,8.0,4.6,1705,20,37.500625,479,12.300000190734863,4.45,4.65,2026-09-29 15:11:11,🔭LEAPS,HOLD,1
MARA,2026-10-16,20.0,0.03,3852,20,113.28168359375002,17,11.989999771118164,0.02,0.03,2026-09-29 17:56:09,🆕低基期(前日Vol3) 🚬菸屁股,HOLD,1
PLTR,2028-01-21,210.0,44.35,10221,19,62.353892089843754,479,186.97,43.95,45.2,2026-09-29 19:46:10,🔭LEAPS,HOLD,1
OKLO,2027-01-15,75.0,0.76,5555,19,87.84191845703124,108,37.11,0.71,0.83,2026-09-29 19:54:18,🚬菸屁股,HOLD,1
OKLO,2028-01-21,45.0,11.07,1881,19,83.94791442871093,479,37.11,10.8,12.2,2026-09-29 19:23:00,🔭LEAPS,HOLD,1
SOFI,2026-12-18,27.0,0.12,4735,19,67.96907031250001,80,15.91,0.11,0.15,2026-09-29 15:53:20,🚬菸屁股,HOLD,1
SOFI,2028-01-21,35.0,1.08,14981,19,62.06092626953126,479,15.91,1.07,1.1,2026-09-29 19:59:27,🔭LEAPS,HOLD,1
BEAM,2026-10-16,30.0,0.2,1057,19,72.851833984375,17,24.52,0.05,0.35,2026-09-29 19:43:01,🚬菸屁股,HOLD,1
HIMS,2026-11-20,45.0,0.56,1922,19,92.72468212890624,52,28.700000762939453,0.52,0.65,2026-09-29 17:47:49,🆕低基期(前日Vol1) 🚬菸屁股,HOLD,1
HIMS,2028-01-21,40.0,7.53,10096,19,83.19108605957031,479,28.700000762939453,7.45,7.8,2026-09-29 18:35:17,🔭LEAPS,HOLD,1
SMR,2026-10-09,12.0,0.01,5541,19,128.125359375,10,7.760000228881836,0.0,0.03,2026-09-29 18:31:04,🚬菸屁股,HOLD,1
SMR,2026-11-20,23.0,0.03,768,19,146.09401953124998,52,7.760000228881836,0.02,0.11,2026-09-28 18:02:38,🚬菸屁股,HOLD,1
PCG,2027-01-15,25.0,0.04,11314,19,70.70341796875,108,12.180000305175781,0.03,0.13,2026-09-25 18:30:33,🚬菸屁股,HOLD,1
PCG,2028-01-21,17.0,0.89,2513,19,45.4107021484375,479,12.180000305175781,0.83,1.16,2026-09-29 15:48:08,🔭LEAPS,HOLD,1
KHC,2026-10-16,27.5,0.02,12288,19,37.89124609375,17,23.450000762939453,0.01,0.02,2026-09-29 19:44:38,🚬菸屁股,HOLD,1
NKE,2028-01-21,37.5,6.4,845,19,44.64166687011719,479,35.84000015258789,6.25,6.6,2026-09-29 19:42:23,🔭LEAPS,HOLD,1
NKE,2028-06-16,35.0,8.5,1030,19,45.349667602539064,626,35.84000015258789,8.15,8.7,2026-09-29 14:18:50,🔭LEAPS,HOLD,1
DIS,2028-01-21,165.0,2.26,1513,19,31.88544677734374,479,105.41000366210938,1.9,2.53,2026-09-29 17:45:29,🔭LEAPS,HOLD,1
JPM,2026-10-16,390.0,0.1,2220,19,35.62076098632812,17,334.9800109863281,0.05,0.25,2026-09-29 19:12:19,🚬菸屁股,HOLD,1
AMZN,2026-10-16,370.0,0.01,4579,19,62.500375000000005,17,246.6699981689453,0.0,0.03,2026-09-25 19:10:05,🚬菸屁股,HOLD,1
MARA,2026-11-20,22.0,0.14,1505,19,96.48441015625,52,11.989999771118164,0.1,0.13,2026-09-29 17:37:51,🆕低基期(前日Vol5) 🚬菸屁股,HOLD,1
PLNT,2026-10-16,45.0,0.4,1721,19,50.19581054687501,17,40.7400016784668,0.35,0.45,2026-09-29 19:37:14,🚬菸屁股,HOLD,1
INTC,2026-10-16,175.0,0.1,7057,18,82.0314296875,17,115.93,0.07,0.1,2026-09-29 16:56:36,🚬菸屁股,HOLD,1
SMCI,2026-10-16,48.0,0.58,1061,18,72.3635576171875,17,41.02,0.56,0.58,2026-09-29 19:59:30,🚬菸屁股,HOLD,1
IREN,2028-01-21,75.0,9.45,3310,18,89.0504024658203,479,41.38,8.9,9.5,2026-09-29 17:05:49,🔭LEAPS,HOLD,1
TDOC,2027-01-15,7.5,0.27,15211,18,64.8441015625,108,5.75,0.23,0.37,2026-09-29 18:31:46,🚬菸屁股,HOLD,1
OPEN,2027-02-19,4.0,0.2,3783,18,98.04689453125,143,2.37,0.15,0.25,2026-09-29 17:11:05,🚬菸屁股,HOLD,1
JOBY,2026-10-16,10.0,0.01,6227,18,100.0005,17,5.989999771118164,0.0,0.01,2026-09-29 16:51:26,🆕低基期(前日Vol6) 🚬菸屁股,HOLD,1
ACHR,2027-01-15,15.0,0.06,22117,18,110.15669921875002,108,5.059999942779541,0.06,0.08,2026-09-29 19:43:43,🚬菸屁股,HOLD,1
SMR,2027-01-15,17.0,0.19,3032,18,98.437515625,108,7.760000228881836,0.15,0.23,2026-09-29 19:12:43,🚬菸屁股,HOLD,1
NNE,2026-10-16,26.0,0.03,4745,18,118.75040625,17,15.789999961853027,0.0,0.1,2026-09-28 16:58:40,🚬菸屁股,HOLD,1
PCG,2027-01-15,23.0,0.07,5229,18,63.67223828125,108,12.180000305175781,0.0,0.15,2026-09-25 14:29:03,🚬菸屁股,HOLD,1
TJX,2026-10-16,160.0,0.01,2309,18,36.914693359375,17,133.8000030517578,0.0,0.05,2026-09-28 13:30:05,🆕低基期(前日Vol1) 🚬菸屁股,HOLD,1
KEY,2026-11-20,22.0,0.25,1910,18,30.371790039062496,52,20.1200008392334,0.2,0.3,2026-09-29 19:30:56,🚬菸屁股,HOLD,1
F,2026-10-09,15.0,0.01,1602,18,53.12546875,10,12.300000190734863,0.0,0.01,2026-09-29 19:40:35,🚬菸屁股,HOLD,1
DIS,2026-11-20,125.0,0.57,2771,18,33.130551513671875,52,105.41000366210938,0.4,0.57,2026-09-29 17:42:13,🆕低基期(前日Vol7) 🚬菸屁股,HOLD,1
MU,2026-10-16,2500.0,0.03,3568,18,111.71919140624999,17,1065.0799560546875,0.01,0.03,2026-09-29 19:46:32,🚬菸屁股,HOLD,1
MSFT,2028-01-21,600.0,53.5,6949,17,36.794913063049314,479,508.96,50.0,53.9,2026-09-29 19:31:31,🔭LEAPS,HOLD,1
INTC,2028-01-21,125.0,34.0,5494,17,71.2740909729004,479,115.93,33.35,34.25,2026-09-29 19:10:05,🔭LEAPS,HOLD,1
OKLO,2027-01-15,200.0,0.06,5100,17,128.90660546875,108,37.11,0.06,0.25,2026-09-29 19:57:35,🚬菸屁股,HOLD,1
RKLB,2026-12-18,210.0,0.15,1289,17,95.70316796875,80,69.7,0.06,0.18,2026-09-29 19:35:44,🚬菸屁股,HOLD,1
IONQ,2026-10-16,80.0,0.03,1506,17,111.71919140624999,17,43.91,0.01,0.05,2026-09-29 19:59:06,🆕低基期(前日Vol5) 🚬菸屁股,HOLD,1
IREN,2026-10-09,56.0,0.07,792,17,94.14068359375,10,41.38,0.05,0.1,2026-09-29 17:21:45,🚬菸屁股,HOLD,1
IREN,2027-01-15,90.0,0.83,6717,17,95.6055126953125,108,41.38,0.82,1.02,2026-09-29 17:06:34,🆕低基期(前日Vol1) 🚬菸屁股,HOLD,1
U,2026-10-16,49.0,0.16,2270,17,62.69568554687501,17,39.72,0.1,0.21,2026-09-29 19:14:43,🚬菸屁股,HOLD,1
U,2028-01-21,60.0,6.75,1230,17,66.98031066894532,479,39.72,6.35,7.1,2026-09-28 17:01:41,🔭LEAPS,HOLD,1
U,2028-01-21,70.0,5.35,1068,17,66.15024084472658,479,39.72,4.6,5.5,2026-09-28 16:20:38,🔭LEAPS,HOLD,1
PATH,2026-12-18,18.0,0.29,5013,17,66.99251757812502,80,12.32,0.2,0.31,2026-09-29 19:32:16,🚬菸屁股,HOLD,1
PATH,2028-01-21,25.0,1.5,7862,17,75.07349145507813,479,12.32,1.43,1.87,2026-09-29 17:10:17,🔭LEAPS,HOLD,1
HOOD,2026-10-09,150.0,0.09,822,17,73.633076171875,10,116.22,0.09,0.12,2026-09-29 18:29:52,🚬菸屁股,HOLD,1
HOOD,2026-10-16,155.0,0.23,4968,17,70.0198310546875,17,116.22,0.21,0.23,2026-09-29 19:31:49,🚬菸屁股,HOLD,1
HIMS,2028-01-21,65.0,4.68,850,17,85.47377807617188,479,28.700000762939453,4.15,4.75,2026-09-28 15:54:14,🔭LEAPS,HOLD,1
ACHR,2026-10-09,7.5,0.01,1315,17,118.75040625,10,5.059999942779541,0.0,0.02,2026-09-25 16:43:15,🚬菸屁股,HOLD,1
SMR,2028-01-21,50.0,0.49,1749,17,101.85595947265624,479,7.760000228881836,0.27,0.68,2026-09-29 16:00:01,🔭LEAPS,HOLD,1
O,2026-10-16,65.0,0.03,1743,17,39.258419921874996,17,55.13999938964844,0.0,0.05,2026-09-29 13:53:19,🚬菸屁股,HOLD,1
NKE,2026-10-16,70.0,0.02,1605,17,130.46909765624997,17,35.84000015258789,0.0,0.08,2026-09-29 14:11:26,🚬菸屁股,HOLD,1
BA,2026-10-16,235.0,0.07,2591,17,48.242705078125006,17,187.67999267578125,0.05,0.12,2026-09-29 19:34:11,🚬菸屁股,HOLD,1
BA,2026-12-18,280.0,0.25,1393,17,39.99083447265625,80,187.67999267578125,0.15,0.25,2026-09-29 17:19:30,🚬菸屁股,HOLD,1
TGT,2026-10-16,175.0,0.24,1620,17,33.008482421874994,17,156.42999267578125,0.2,0.29,2026-09-29 19:55:43,🚬菸屁股,HOLD,1
F,2026-12-18,19.85,0.01,6625,17,53.12546875,80,12.300000190734863,0.01,0.04,2026-09-29 16:51:31,🚬菸屁股,HOLD,1
F,2028-01-21,10.0,3.3,3135,17,39.551385742187506,479,12.300000190734863,3.1,3.35,2026-09-28 18:18:10,🔭LEAPS,HOLD,1
MU,2026-10-16,2270.0,0.11,950,17,114.35589697265624,17,1065.0799560546875,0.03,0.2,2026-09-29 19:44:05,🚬菸屁股,HOLD,1
NVDA,2027-01-15,330.0,0.73,6079,16,37.061176269531245,108,227.21,0.58,0.69,2026-09-29 19:47:52,🚬菸屁股,HOLD,1
NVDA,2028-01-21,380.0,9.45,8895,16,41.211525390625,479,227.21,9.15,9.55,2026-09-29 19:10:49,🔭LEAPS,HOLD,1
NVDA,2028-01-21,450.0,4.8,10971,16,41.13828393554687,479,227.21,4.6,4.85,2026-09-29 19:59:34,🔭LEAPS,HOLD,1
ASTS,2027-01-15,180.0,0.47,9802,16,104.44383715820314,108,59.4,0.4,0.7,2026-09-29 19:36:13,🚬菸屁股,HOLD,1
UPST,2027-01-15,42.5,0.36,1468,16,71.28934960937501,108,23.14,0.14,0.46,2026-09-29 19:04:58,🚬菸屁股,HOLD,1
SOFI,2026-10-09,21.0,0.01,1708,16,79.687703125,10,15.91,0.01,0.02,2026-09-29 14:38:33,🚬菸屁股,HOLD,1
SOFI,2026-12-18,32.0,0.07,5245,16,74.414318359375,80,15.91,0.05,0.08,2026-09-29 18:46:23,🚬菸屁股,HOLD,1
IREN,2026-10-16,75.0,0.03,6359,16,111.71919140624999,17,41.38,0.01,0.05,2026-09-29 19:49:45,🚬菸屁股,HOLD,1
IREN,2028-01-21,70.0,9.97,8318,16,88.65978137207031,479,41.38,9.5,10.2,2026-09-29 19:25:17,🔭LEAPS,HOLD,1
U,2026-11-20,60.0,0.33,928,16,73.24245507812499,52,39.72,0.19,0.61,2026-09-29 18:58:29,🚬菸屁股,HOLD,1
PATH,2026-10-16,17.0,0.03,2701,16,75.00025000000001,17,12.32,0.0,0.04,2026-09-29 19:59:27,🚬菸屁股,HOLD,1
PATH,2026-12-18,14.0,0.93,1450,16,69.09210595703127,80,12.32,0.89,1.07,2026-09-29 14:16:35,🚬菸屁股,HOLD,1
PATH,2027-01-15,22.0,0.22,7305,16,73.24245507812499,108,12.32,0.12,0.3,2026-09-28 15:16:26,🚬菸屁股,HOLD,1
XYZ,2028-01-21,100.0,9.4,1203,16,50.56812127685546,479,74.05,9.0,9.75,2026-09-29 18:36:48,🔭LEAPS,HOLD,1
HIMS,2026-10-09,33.5,0.21,773,16,70.312796875,10,28.700000762939453,0.05,0.26,2026-09-29 19:30:35,🚬菸屁股,HOLD,1
VRT,2026-10-16,320.0,0.35,1487,16,60.25430371093752,17,248.33999633789062,0.21,0.5,2026-09-29 19:16:16,🚬菸屁股,HOLD,1
PCG,2027-01-15,18.0,0.15,20501,16,62.793340820312515,108,12.180000305175781,0.2,0.43,2026-09-28 19:42:05,🚬菸屁股,HOLD,1
NKE,2026-11-20,52.5,0.11,1712,16,54.883263671875014,52,35.84000015258789,0.11,0.12,2026-09-29 19:59:33,🚬菸屁股,HOLD,1
NKE,2026-11-20,55.0,0.07,2186,16,58.20354296875,52,35.84000015258789,0.05,0.14,2026-09-25 19:12:24,🚬菸屁股,HOLD,1
NKE,2027-01-15,57.5,0.21,7839,16,52.4418818359375,108,35.84000015258789,0.18,0.34,2026-09-29 17:51:54,🚬菸屁股,HOLD,1
NKE,2028-06-16,70.0,1.67,5827,16,43.73835559082031,626,35.84000015258789,1.5,1.67,2026-09-29 17:33:35,🔭LEAPS,HOLD,1
KVUE,2028-01-21,20.0,1.05,1694,16,27.246821289062495,479,17.90999984741211,0.79,1.45,2026-09-29 18:58:34,🆕低基期(前日Vol5) 🔭LEAPS,HOLD,1
META,2026-10-16,1120.0,0.02,826,16,60.937890625000016,17,738.7899780273438,0.01,0.04,2026-09-29 16:28:17,🚬菸屁股,HOLD,1
BA,2027-01-15,285.0,0.4,1941,16,41.480077392578124,108,187.67999267578125,0.16,0.65,2026-09-28 18:55:14,🚬菸屁股,HOLD,1
MARA,2026-11-20,17.0,0.41,2655,16,88.86729882812499,52,11.989999771118164,0.35,0.38,2026-09-29 19:13:08,🚬菸屁股,HOLD,1
MARA,2026-11-20,19.0,0.22,3491,16,92.187578125,52,11.989999771118164,0.22,0.23,2026-09-29 19:46:45,🚬菸屁股,HOLD,1
UPST,2028-01-21,50.0,2.45,2719,15,77.28294201660158,479,23.14,2.92,3.1,2026-09-29 19:49:53,🔭LEAPS,HOLD,1
SOFI,2028-01-21,45.0,0.65,4648,15,64.01403173828125,479,15.91,0.65,0.67,2026-09-29 19:48:42,🔭LEAPS,HOLD,1
ZM,2026-11-20,125.0,0.12,841,15,49.805189453125,52,88.355,0.1,0.25,2026-09-28 19:37:59,🚬菸屁股,HOLD,1
XYZ,2026-10-16,82.5,0.4,1253,15,45.06890869140625,17,74.05,0.27,0.51,2026-09-29 19:04:12,🚬菸屁股,HOLD,1
CRSP,2026-10-16,62.0,0.9,1041,15,73.633076171875,17,56.0,0.8,2.15,2026-09-29 17:46:54,🚬菸屁股,HOLD,1
HIMS,2026-12-18,50.0,0.6,2945,15,87.40246972656249,80,28.700000762939453,0.55,0.68,2026-09-29 19:46:55,🆕低基期(前日Vol2) 🚬菸屁股,HOLD,1
PCG,2028-01-21,25.0,0.28,28226,15,44.092355957031245,479,12.180000305175781,0.25,0.3,2026-09-29 19:47:13,🔭LEAPS,HOLD,1
NKE,2028-01-21,52.5,2.68,3939,15,47.192910888671875,479,35.84000015258789,2.21,3.25,2026-09-29 14:57:01,🔭LEAPS,HOLD,1
NKE,2028-01-21,75.0,0.84,5115,15,46.16753051757813,479,35.84000015258789,0.8,0.99,2026-09-29 18:53:27,🔭LEAPS,HOLD,1
HBAN,2027-01-15,17.0,0.35,3071,15,28.125718749999994,108,15.270000457763672,0.25,0.35,2026-09-29 19:32:34,🚬菸屁股,HOLD,1
KVUE,2026-11-20,21.0,0.04,789,15,33.399103515625,52,17.90999984741211,0.0,0.12,2026-09-24 15:53:17,🚬菸屁股,HOLD,1
PANW,2026-10-16,580.0,0.02,1491,15,64.062859375,17,388.4100036621094,0.0,0.07,2026-09-29 14:24:32,🚬菸屁股,HOLD,1
F,2026-10-16,18.0,0.01,1478,15,71.87528125,17,12.300000190734863,0.0,0.01,2026-09-21 16:09:49,🚬菸屁股,HOLD,1
DIS,2026-10-16,130.0,0.04,1194,15,50.6840869140625,17,105.41000366210938,0.0,0.27,2026-09-28 14:43:15,🚬菸屁股,HOLD,1
AMZN,2026-12-18,350.0,0.51,5795,15,38.79455737304687,80,246.6699981689453,0.42,0.55,2026-09-29 18:58:35,🚬菸屁股,HOLD,1
AMD,2026-10-16,1120.0,0.02,5812,14,84.37515624999999,17,607.57,0.0,0.03,2026-09-29 16:08:45,🆕低基期(前日Vol1) 🚬菸屁股,HOLD,1
IBIT,2026-11-20,90.0,0.03,8570,14,66.01596484375001,52,47.33,0.02,0.03,2026-09-29 16:47:24,🚬菸屁股,HOLD,1
PLTR,2028-01-21,200.0,47.7,11007,14,63.00848759460449,479,186.97,47.35,49.15,2026-09-29 19:19:42,🔭LEAPS,HOLD,1
SMCI,2028-01-21,105.0,5.1,10693,14,82.84929260253907,479,41.02,4.6,5.25,2026-09-29 16:26:05,🔭LEAPS,HOLD,1
VST,2027-01-15,250.0,0.52,2104,14,54.00436621093752,108,140.83,0.25,0.8,2026-09-29 16:02:17,🆕低基期(前日Vol1) 🚬菸屁股,HOLD,1
RKLB,2026-12-18,130.0,0.94,2563,14,82.71501660156248,80,69.7,0.71,0.94,2026-09-29 19:30:06,🚬菸屁股,HOLD,1
RKLB,2026-12-18,165.0,0.43,760,14,89.20909228515625,80,69.7,0.09,0.54,2026-09-29 13:44:01,🆕低基期(前日Vol2) 🚬菸屁股,HOLD,1
RKLB,2028-01-21,190.0,6.5,1097,14,79.08346112060546,479,69.7,5.65,7.55,2026-09-29 19:21:37,🔭LEAPS,HOLD,1
UPST,2026-10-16,29.0,0.07,1074,14,63.67223828125,17,23.14,0.01,0.14,2026-09-29 18:30:08,🚬菸屁股,HOLD,1
SOFI,2028-01-21,37.0,0.97,8069,14,63.42810009765626,479,15.91,0.94,1.11,2026-09-29 19:12:46,🔭LEAPS,HOLD,1
PATH,2027-01-15,32.0,0.09,4698,14,98.437515625,108,12.32,0.01,0.3,2026-09-21 16:46:15,🚬菸屁股,HOLD,1
ZM,2026-11-20,110.0,0.59,10435,14,43.115803222656254,52,88.355,0.5,0.66,2026-09-29 19:46:46,🚬菸屁股,HOLD,1
ZM,2026-12-18,130.0,0.38,763,14,53.491676025390625,80,88.355,0.26,0.71,2026-09-29 17:25:09,🚬菸屁股,HOLD,1
HIMS,2026-11-20,47.0,0.51,3356,14,97.1679970703125,52,28.700000762939453,0.43,0.67,2026-09-28 14:43:52,🚬菸屁股,HOLD,1
ONDS,2026-12-18,16.0,0.08,1238,14,96.0937890625,80,7.480000019073486,0.05,0.13,2026-09-29 18:52:33,🚬菸屁股,HOLD,1
ONDS,2028-01-21,17.0,1.27,9519,14,92.38288867187501,479,7.480000019073486,1.22,1.54,2026-09-29 18:43:48,🔭LEAPS,HOLD,1
LUNR,2027-01-15,30.0,0.56,3258,14,94.92192578125,108,14.550000190734863,0.22,0.55,2026-09-28 15:00:09,🚬菸屁股,HOLD,1
NNE,2027-01-15,90.0,0.05,2793,14,128.125359375,108,15.789999961853027,0.0,0.1,2026-09-21 13:47:21,🚬菸屁股,HOLD,1
CRWV,2027-01-15,200.0,0.74,9719,14,85.35170898437501,108,85.93000030517578,0.7,0.92,2026-09-29 17:32:38,🚬菸屁股,HOLD,1
O,2027-01-15,70.0,0.05,4459,14,23.68240380859375,108,55.13999938964844,0.0,0.1,2026-09-29 19:54:29,🚬菸屁股,HOLD,1
O,2028-01-21,70.0,0.85,1309,14,20.04474487304687,479,55.13999938964844,0.65,1.1,2026-09-29 16:32:22,🆕低基期(前日Vol3) 🔭LEAPS,HOLD,1
KHC,2027-01-15,37.5,0.05,2698,14,43.35994140625,108,23.450000762939453,0.0,0.06,2026-09-14 13:30:21,🚬菸屁股,HOLD,1
NKE,2026-11-20,62.5,0.05,916,14,66.40658593750001,52,35.84000015258789,0.0,0.11,2026-09-29 16:53:27,🆕低基期(前日Vol2) 🚬菸屁股,HOLD,1
NKE,2027-01-15,110.0,0.03,3919,14,79.687703125,108,35.84000015258789,0.0,0.08,2026-09-22 18:30:38,🚬菸屁股,HOLD,1
NKE,2028-01-21,80.0,0.68,3310,14,45.117736328125005,479,35.84000015258789,0.67,0.7,2026-09-29 17:41:16,🔭LEAPS,HOLD,1
HBAN,2026-10-16,17.0,0.04,7578,14,36.32876171875,17,15.270000457763672,0.0,0.05,2026-09-28 16:17:51,🚬菸屁股,HOLD,1
META,2026-10-16,1200.0,0.04,2446,14,69.92217578125,17,738.7899780273438,0.01,0.04,2026-09-29 19:01:22,🚬菸屁股,HOLD,1
META,2026-11-20,1480.0,0.05,6238,14,56.055126953125,52,738.7899780273438,0.01,0.05,2026-09-29 17:43:37,🚬菸屁股,HOLD,1
F,2026-10-16,17.0,0.01,1815,14,62.500375000000005,17,12.300000190734863,0.0,0.01,2026-09-29 17:53:17,🚬菸屁股,HOLD,1
F,2026-12-18,21.67,0.01,7804,14,56.64105859375,80,12.300000190734863,0.01,0.04,2026-09-29 16:54:08,🚬菸屁股,HOLD,1
JPM,2026-11-20,390.0,0.7,6393,14,24.854267089843752,52,334.9800109863281,0.53,0.75,2026-09-29 19:41:19,🚬菸屁股,HOLD,1
MU,2026-10-16,2420.0,0.04,768,14,119.3363408203125,17,1065.0799560546875,0.01,0.15,2026-09-29 16:06:46,🆕低基期(前日Vol3) 🚬菸屁股,HOLD,1
MARA,2028-01-21,13.0,4.31,2238,14,89.40440283203124,479,11.989999771118164,4.25,4.55,2026-09-29 19:52:11,🔭LEAPS,HOLD,1
TSLA,2026-12-18,950.0,0.14,5847,13,74.31666308593749,80,352.84,0.1,0.16,2026-09-25 13:36:36,🚬菸屁股,HOLD,1
TSLA,2027-01-15,800.0,0.42,12439,13,61.597063720703126,108,352.84,0.41,0.43,2026-09-29 17:26:07,🚬菸屁股,HOLD,1
SMCI,2028-01-21,95.0,5.8,2602,13,82.91032714843749,479,41.02,5.0,6.45,2026-09-21 16:52:56,🔭LEAPS,HOLD,1
VST,2026-10-16,175.0,0.28,1779,13,53.71140039062501,17,140.83,0.15,0.28,2026-09-29 17:42:13,🚬菸屁股,HOLD,1
RKLB,2026-10-16,115.0,0.09,4315,13,101.5629921875,17,69.7,0.05,0.1,2026-09-29 19:08:37,🚬菸屁股,HOLD,1
DKNG,2026-12-18,70.0,0.01,6414,13,114.0629296875,80,19.59,0.01,0.1,2026-09-29 16:50:19,🆕低基期(前日Vol1) 🚬菸屁股,HOLD,1
DKNG,2028-01-21,30.0,2.95,8617,13,65.62534375000001,479,19.59,2.85,3.4,2026-09-29 19:21:57,🔭LEAPS,HOLD,1
PATH,2027-01-15,17.0,0.47,10718,13,65.7229990234375,108,12.32,0.45,0.58,2026-09-29 18:07:40,🚬菸屁股,HOLD,1
OPEN,2028-01-21,3.0,0.85,4968,13,97.070341796875,479,2.37,0.79,0.89,2026-09-29 16:44:37,🔭LEAPS,HOLD,1
HIMS,2026-10-09,39.0,0.3,2060,13,130.07847460937495,10,28.700000762939453,0.0,0.5,2026-09-22 19:04:04,🚬菸屁股,HOLD,1
KTOS,2026-10-16,60.0,0.06,1226,13,77.3439765625,17,43.05,0.05,0.1,2026-09-29 19:15:52,🚬菸屁股,HOLD,1
ONDS,2026-12-18,14.0,0.16,7798,13,92.57819921875,80,7.480000019073486,0.12,0.17,2026-09-29 13:51:08,🆕低基期(前日Vol1) 🚬菸屁股,HOLD,1
ACHR,2026-10-16,9.0,0.02,5606,13,131.25034374999998,17,5.059999942779541,0.01,0.02,2026-09-29 19:51:37,🚬菸屁股,HOLD,1
CRWV,2026-10-16,155.0,0.04,11757,13,105.46922265625001,17,85.93000030517578,0.01,0.07,2026-09-28 19:19:33,🚬菸屁股,HOLD,1
TJX,2026-12-18,170.0,0.3,781,13,28.662822753906248,80,133.8000030517578,0.15,0.3,2026-09-29 14:35:17,🆕低基期(前日Vol2) 🚬菸屁股,HOLD,1
NKE,2027-01-15,80.0,0.1,15200,13,67.57844921875001,108,35.84000015258789,0.05,0.15,2026-09-28 19:59:37,🚬菸屁股,HOLD,1
META,2026-10-16,1180.0,0.02,1463,13,67.57844921875001,17,738.7899780273438,0.0,0.05,2026-09-28 18:51:53,🚬菸屁股,HOLD,1
BA,2026-11-20,290.0,0.07,3851,13,50.48877636718749,52,187.67999267578125,0.0,0.34,2026-09-28 18:03:57,🚬菸屁股,HOLD,1
F,2026-10-09,14.5,0.01,1196,13,53.906710937500016,10,12.300000190734863,0.0,0.03,2026-09-29 19:14:02,🚬菸屁股,HOLD,1
DIS,2026-12-18,125.0,0.75,1579,13,30.017789672851556,80,105.41000366210938,0.75,0.88,2026-09-29 19:54:29,🚬菸屁股,HOLD,1
MARA,2026-10-16,17.0,0.05,2523,13,95.70316796875,17,11.989999771118164,0.05,0.06,2026-09-29 18:30:08,🚬菸屁股,HOLD,1
MARA,2026-12-18,15.0,0.91,8647,13,85.6446748046875,80,11.989999771118164,0.94,0.98,2026-09-29 19:56:25,🚬菸屁股,HOLD,1
MARA,2028-01-21,25.0,2.2,6342,13,87.93957373046875,479,11.989999771118164,2.11,2.3,2026-09-29 19:30:00,🔭LEAPS,HOLD,1
CHPT,2026-10-16,12.0,0.14,2089,13,91.4063359375,17,9.520000457763672,0.05,0.2,2026-09-29 19:36:36,🚬菸屁股,HOLD,1
NVDA,2028-01-21,320.0,17.55,6727,12,41.69675003051757,479,227.21,17.1,17.6,2026-09-29 19:44:14,🔭LEAPS,HOLD,1
NVDA,2028-01-21,410.0,7.6,21567,12,41.049783843994135,479,227.21,6.7,7.05,2026-09-29 15:01:48,🔭LEAPS,HOLD,1
IBIT,2026-10-16,105.0,0.01,9769,12,118.75040625,17,47.33,0.0,0.01,2026-09-22 17:21:55,🚬菸屁股,HOLD,1
IBIT,2026-12-18,63.0,0.37,16469,12,43.164630859375,80,47.33,0.37,0.39,2026-09-29 17:34:06,🚬菸屁股,HOLD,1
OKLO,2026-11-20,85.0,0.22,3132,12,107.61764941406251,52,37.11,0.05,0.29,2026-09-24 15:36:05,🚬菸屁股,HOLD,1
OKLO,2026-12-18,70.0,0.56,4323,12,88.42785009765625,80,37.11,0.49,0.64,2026-09-29 18:11:27,🚬菸屁股,HOLD,1
OKLO,2027-01-15,90.0,0.44,4000,12,91.992267578125,108,37.11,0.31,0.56,2026-09-29 18:26:00,🚬菸屁股,HOLD,1
OKLO,2027-01-15,105.0,0.34,10961,12,100.29346728515624,108,37.11,0.3,0.42,2026-09-29 13:45:48,🚬菸屁股,HOLD,1
RKLB,2028-01-21,200.0,6.13,3200,12,79.32759930419921,479,69.7,5.2,7.0,2026-09-29 17:18:46,🔭LEAPS,HOLD,1
ASTS,2026-11-20,160.0,0.2,1682,12,119.72696386718751,52,59.4,0.01,0.42,2026-09-29 19:20:44,🚬菸屁股,HOLD,1
ASTS,2026-11-20,190.0,0.1,2294,12,123.63319433593749,52,59.4,0.05,0.15,2026-09-29 19:20:08,🆕低基期(前日Vol1) 🚬菸屁股,HOLD,1
IONQ,2026-10-16,75.0,0.07,2998,12,108.203583984375,17,43.91,0.03,0.07,2026-09-29 19:13:51,🚬菸屁股,HOLD,1
IONQ,2026-11-20,80.0,0.33,2600,12,92.0899228515625,52,43.91,0.27,0.43,2026-09-29 19:30:27,🚬菸屁股,HOLD,1
SOFI,2027-01-15,47.0,0.04,21719,12,85.1563984375,108,15.91,0.03,0.05,2026-09-29 19:49:32,🚬菸屁股,HOLD,1
IREN,2028-01-21,105.0,8.65,2031,12,87.36584899902343,479,41.38,5.15,6.45,2026-09-24 19:04:23,🔭LEAPS,HOLD,1
PATH,2027-01-15,27.0,0.12,4926,12,77.148666015625,108,12.32,0.05,0.13,2026-09-28 15:06:13,🚬菸屁股,HOLD,1
PATH,2027-01-15,30.0,0.04,22217,12,77.3439765625,108,12.32,0.04,0.06,2026-09-29 18:27:36,🚬菸屁股,HOLD,1
TDOC,2028-01-21,10.0,0.8,2602,12,66.01596484375001,479,5.75,0.65,0.84,2026-09-29 16:24:58,🆕低基期(前日Vol3) 🔭LEAPS,HOLD,1
HIMS,2027-01-15,60.0,0.52,15039,12,89.30674755859374,108,28.700000762939453,0.52,0.59,2026-09-29 17:50:46,🚬菸屁股,HOLD,1
KTOS,2027-01-15,70.0,0.84,931,12,66.21127539062502,108,43.05,0.65,0.95,2026-09-29 19:58:46,🚬菸屁股,HOLD,1
ONDS,2026-10-16,13.0,0.02,2492,12,125.00037499999999,17,7.480000019073486,0.0,0.04,2026-09-29 19:31:40,🚬菸屁股,HOLD,1
ONDS,2028-01-21,25.0,0.74,7484,12,91.79695703125,479,7.480000019073486,0.63,1.01,2026-09-29 17:22:12,🔭LEAPS,HOLD,1
LUNR,2028-01-21,10.0,8.35,1092,12,104.15086987304689,479,14.550000190734863,7.8,8.25,2026-09-29 18:56:23,🔭LEAPS,HOLD,1
CRWV,2028-01-21,190.0,10.5,1384,12,76.63597583007812,479,85.93000030517578,9.7,11.4,2026-09-29 19:47:57,🆕低基期(前日Vol2) 🔭LEAPS,HOLD,1
NKE,2028-06-16,40.0,6.41,2177,12,44.15339050292969,626,35.84000015258789,6.4,6.7,2026-09-29 18:27:06,🔭LEAPS,HOLD,1
NKE,2028-06-16,45.0,5.6,903,12,43.89704541015625,626,35.84000015258789,4.95,5.25,2026-09-28 18:06:24,🔭LEAPS,HOLD,1
META,2026-10-16,1070.0,0.03,1004,12,60.937890625000016,17,738.7899780273438,0.05,0.12,2026-09-29 16:40:41,🚬菸屁股,HOLD,1
META,2026-10-16,1170.0,0.02,2419,12,65.62534375000001,17,738.7899780273438,0.01,0.03,2026-09-29 19:13:20,🚬菸屁股,HOLD,1
META,2026-11-20,1200.0,0.33,1317,12,51.6606396484375,52,738.7899780273438,0.27,0.49,2026-09-29 19:37:04,🚬菸屁股,HOLD,1
BA,2026-11-20,255.0,0.29,1149,12,42.57869921875,52,187.67999267578125,0.1,0.38,2026-09-29 16:37:06,🚬菸屁股,HOLD,1
CRM,2026-12-18,400.0,0.26,917,12,52.83250292968751,80,225.30999755859375,0.0,0.51,2026-09-29 19:54:49,🚬菸屁股,HOLD,1
MARA,2028-01-21,37.0,1.42,5739,12,89.01378173828124,479,11.989999771118164,1.13,1.55,2026-09-29 14:36:36,🔭LEAPS,HOLD,1
TSLA,2027-01-15,750.0,0.53,5659,11,58.984785156250005,108,352.84,0.48,0.55,2026-09-29 18:15:25,🚬菸屁股,HOLD,1
NVDA,2028-06-16,250.0,45.07,5318,11,45.53582296752929,626,227.21,44.1,45.25,2026-09-29 19:08:17,🔭LEAPS,HOLD,1
SMCI,2026-12-18,75.0,0.76,2438,11,88.5743330078125,80,41.02,0.61,0.86,2026-09-29 15:37:09,🚬菸屁股,HOLD,1
OKLO,2027-01-15,100.0,0.35,6875,11,97.1679970703125,108,37.11,0.28,0.46,2026-09-29 19:14:33,🚬菸屁股,HOLD,1
RKLB,2027-01-15,185.0,0.44,928,11,87.5977802734375,108,69.7,0.32,0.47,2026-09-29 19:48:04,🆕低基期(前日Vol1) 🚬菸屁股,HOLD,1
ASTS,2026-11-20,115.0,0.7,971,11,100.09815576171874,52,59.4,0.45,0.55,2026-09-29 13:41:39,🚬菸屁股,HOLD,1
IONQ,2028-01-21,75.0,9.1,906,11,82.20232641601561,479,43.91,8.15,9.95,2026-09-29 18:02:47,🔭LEAPS,HOLD,1
IONQ,2028-01-21,85.0,8.66,1040,11,82.29998168945312,479,43.91,6.75,8.7,2026-09-25 16:00:58,🔭LEAPS,HOLD,1
SOFI,2026-10-16,35.0,0.01,5516,11,131.25034374999998,17,15.91,0.0,0.01,2026-09-29 19:18:02,🚬菸屁股,HOLD,1
SOFI,2026-12-18,40.0,0.04,13048,11,86.7188828125,80,15.91,0.03,0.05,2026-09-24 18:19:22,🚬菸屁股,HOLD,1
SOFI,2027-01-15,32.0,0.1,21624,11,69.336244140625,108,15.91,0.1,0.11,2026-09-29 19:56:49,🚬菸屁股,HOLD,1
SOFI,2028-06-16,37.0,1.51,4682,11,62.59803027343751,626,15.91,1.43,1.54,2026-09-29 16:33:01,🔭LEAPS,HOLD,1
DKNG,2028-01-21,37.5,1.88,19861,11,62.305064453125006,479,19.59,1.57,2.1,2026-09-29 18:52:29,🔭LEAPS,HOLD,1
IREN,2026-10-16,85.0,0.02,1584,11,128.90660546875,17,41.38,0.0,0.05,2026-09-29 19:14:21,🚬菸屁股,HOLD,1
U,2028-01-21,50.0,9.1,2144,11,67.773759765625,479,39.72,8.5,9.45,2026-09-29 14:19:35,🔭LEAPS,HOLD,1
HOOD,2026-10-16,175.0,0.06,906,11,80.85956640625,17,116.22,0.05,0.11,2026-09-29 17:47:34,🚬菸屁股,HOLD,1
ZM,2026-10-09,92.0,0.96,1368,11,43.40876904296876,10,88.355,0.85,1.16,2026-09-29 19:54:17,🚬菸屁股,HOLD,1
XYZ,2027-01-15,135.0,0.15,1118,11,55.078574218750006,108,74.05,0.1,0.4,2026-09-29 18:56:35,🆕低基期(前日Vol2) 🚬菸屁股,HOLD,1
HIMS,2026-12-18,80.0,0.16,3410,11,107.03171484375002,80,28.700000762939453,0.09,0.26,2026-09-23 19:26:56,🚬菸屁股,HOLD,1
ONDS,2027-01-15,19.0,0.11,1028,11,103.12548437500001,108,7.480000019073486,0.03,0.23,2026-09-29 17:03:07,🚬菸屁股,HOLD,1
ONDS,2028-01-21,27.0,0.66,12308,11,96.77737597656251,479,7.480000019073486,0.64,1.1,2026-09-29 15:42:25,🔭LEAPS,HOLD,1
LUNR,2027-01-15,40.0,0.2,4658,11,99.804689453125,108,14.550000190734863,0.12,0.19,2026-09-28 14:44:23,🚬菸屁股,HOLD,1
JOBY,2027-01-15,8.0,0.39,4033,11,69.336244140625,108,5.989999771118164,0.28,0.38,2026-09-29 19:44:12,🚬菸屁股,HOLD,1
SMR,2027-01-15,45.0,0.03,1760,11,140.625296875,108,7.760000228881836,0.02,0.08,2026-09-29 15:28:02,🆕低基期(前日Vol1) 🚬菸屁股,HOLD,1
META,2026-12-18,1290.0,0.42,8568,11,48.950705810546886,80,738.7899780273438,0.36,0.55,2026-09-29 19:39:30,🚬菸屁股,HOLD,1
BA,2028-01-21,320.0,6.77,2415,11,41.309180664062495,479,187.67999267578125,5.75,7.4,2026-09-29 14:08:22,🔭LEAPS,HOLD,1
TGT,2026-10-16,180.0,0.14,1036,11,37.207659179687504,17,156.42999267578125,0.04,0.22,2026-09-29 19:13:57,🚬菸屁股,HOLD,1
F,2026-11-20,17.0,0.03,2093,11,46.0942890625,52,12.300000190734863,0.02,0.03,2026-09-29 19:44:22,🚬菸屁股,HOLD,1
NVDA,2028-06-16,350.0,19.5,7679,10,42.749595947265625,626,227.21,18.9,19.5,2026-09-29 17:59:37,🔭LEAPS,HOLD,1
IBIT,2026-10-16,80.0,0.01,5481,10,81.2501875,17,47.33,0.0,0.01,2026-09-29 13:38:40,🚬菸屁股,HOLD,1
SMCI,2028-01-21,80.0,7.6,1406,10,82.19011950683593,479,41.02,6.8,7.45,2026-09-28 14:24:57,🔭LEAPS,HOLD,1
SMCI,2028-01-21,90.0,6.29,3665,10,83.28874133300779,479,41.02,5.8,6.7,2026-09-28 17:26:11,🔭LEAPS,HOLD,1
OKLO,2026-12-18,140.0,0.17,5802,10,117.57853710937498,80,37.11,0.0,0.2,2026-09-17 15:41:41,🚬菸屁股,HOLD,1
OKLO,2027-01-15,175.0,0.12,1145,10,117.57853710937498,108,37.11,0.0,0.25,2026-09-24 17:27:26,🚬菸屁股,HOLD,1
OKLO,2028-01-21,85.0,5.55,1245,10,84.42398388671874,479,37.11,4.55,6.45,2026-09-29 18:40:42,🔭LEAPS,HOLD,1
OKLO,2028-01-21,150.0,2.87,1359,10,90.51523156738281,479,37.11,2.7,3.1,2026-09-28 19:07:53,🔭LEAPS,HOLD,1
VST,2026-12-18,235.0,0.4,2679,10,54.73678076171876,80,140.83,0.08,0.71,2026-09-29 13:39:56,🆕低基期(前日Vol1) 🚬菸屁股,HOLD,1
ASTS,2026-10-09,85.0,0.06,1136,10,96.87503124999999,10,59.4,0.02,0.08,2026-09-29 16:18:04,🚬菸屁股,HOLD,1
ASTS,2026-11-20,185.0,0.09,4152,10,126.36755566406248,52,59.4,0.08,0.2,2026-09-29 19:20:31,🚬菸屁股,HOLD,1
ASTS,2027-01-15,175.0,0.51,870,10,102.88134497070315,108,59.4,0.4,0.73,2026-09-29 18:03:25,🚬菸屁股,HOLD,1
ASTS,2028-01-21,170.0,7.44,1625,10,87.08509008789062,479,59.4,6.6,7.3,2026-09-28 17:11:36,🔭LEAPS,HOLD,1
IONQ,2026-10-16,65.0,0.15,1915,10,94.92192578125,17,43.91,0.05,0.18,2026-09-29 19:12:18,🚬菸屁股,HOLD,1
SOFI,2026-11-20,28.0,0.05,1943,10,75.7814921875,52,15.91,0.05,0.06,2026-09-29 15:17:56,🚬菸屁股,HOLD,1
SOFI,2028-01-21,42.0,0.75,9253,10,63.281617187500004,479,15.91,0.74,0.76,2026-09-29 19:15:05,🆕低基期(前日Vol2) 🔭LEAPS,HOLD,1
DKNG,2026-12-18,60.0,0.01,1045,10,123.24257128906248,80,19.59,0.0,0.38,2026-09-25 14:37:50,🚬菸屁股,HOLD,1
IREN,2026-10-09,65.0,0.04,1092,10,115.625421875,10,41.38,0.02,0.04,2026-09-29 18:21:19,🚬菸屁股,HOLD,1
IREN,2026-11-20,95.0,0.13,10487,10,106.05515722656251,52,41.38,0.13,0.21,2026-09-29 18:45:12,🚬菸屁股,HOLD,1
PATH,2027-02-19,25.0,0.2,1025,10,70.50810742187501,143,12.32,0.09,0.26,2026-09-25 18:56:02,🚬菸屁股,HOLD,1
HOOD,2026-10-09,160.0,0.02,1262,10,81.64080859375,10,116.22,0.02,0.09,2026-09-29 19:53:38,🚬菸屁股,HOLD,1
TDOC,2027-01-15,17.5,0.03,3378,10,108.59420703125,108,5.75,0.01,0.12,2026-09-29 19:37:59,🆕低基期(前日Vol1) 🚬菸屁股,HOLD,1
OPEN,2026-12-18,8.0,0.02,2136,10,132.81283593749998,80,2.37,0.02,0.03,2026-09-29 19:58:54,🚬菸屁股,HOLD,1
OPEN,2027-02-19,8.0,0.05,6691,10,141.40654296875002,143,2.37,0.01,0.27,2026-09-29 16:06:31,🚬菸屁股,HOLD,1
OPEN,2028-01-21,1.0,1.57,3271,10,118.75040625,479,2.37,1.11,2.22,2026-09-29 17:40:11,🔭LEAPS,HOLD,1
OPEN,2028-06-16,7.0,0.56,952,10,101.7583037109375,626,2.37,0.48,0.64,2026-09-29 17:52:16,🔭LEAPS,HOLD,1
HIMS,2026-12-18,55.0,0.45,878,10,89.45323046875,80,28.700000762939453,0.22,0.63,2026-09-29 17:03:04,🚬菸屁股,HOLD,1
ONDS,2026-11-20,13.0,0.08,1357,10,92.9688203125,52,7.480000019073486,0.08,0.09,2026-09-29 19:59:02,🚬菸屁股,HOLD,1
JOBY,2028-01-21,32.0,0.21,10022,10,85.0587431640625,479,5.989999771118164,0.15,0.28,2026-09-29 15:11:24,🔭LEAPS,HOLD,1
SMR,2026-10-16,13.0,0.02,1333,10,145.3127734375,17,7.760000228881836,0.01,0.12,2026-09-29 19:04:44,🚬菸屁股,HOLD,1
VRT,2026-11-20,400.0,0.67,3131,10,66.91927612304688,52,248.33999633789062,0.51,1.3,2026-09-28 19:52:07,🚬菸屁股,HOLD,1
CRWV,2027-01-15,220.0,0.62,3305,10,85.0587431640625,108,85.93000030517578,0.44,0.53,2026-09-29 14:16:03,🆕低基期(前日Vol2) 🚬菸屁股,HOLD,1
CRWV,2028-01-21,195.0,10.2,3768,10,76.59935510253908,479,85.93000030517578,9.3,10.9,2026-09-29 19:53:22,🔭LEAPS,HOLD,1
PCG,2028-01-21,35.0,0.1,3664,10,57.22699023437501,479,12.180000305175781,0.03,0.56,2026-09-24 16:04:36,🔭LEAPS,HOLD,1
O,2027-01-15,67.5,0.11,1988,10,22.412885253906246,108,55.13999938964844,0.05,0.15,2026-09-29 17:19:21,🚬菸屁股,HOLD,1
KHC,2026-12-18,40.0,0.02,1183,10,48.04739453125,80,23.450000762939453,0.0,0.02,2026-09-23 18:17:00,🚬菸屁股,HOLD,1
KHC,2026-12-18,45.0,0.02,2215,10,82.61736132812499,80,23.450000762939453,0.0,0.47,2026-07-13 15:28:41,🚬菸屁股,HOLD,1
KHC,2028-01-21,40.0,0.2,1844,10,31.81220532226562,479,23.450000762939453,0.2,0.35,2026-09-25 15:58:34,🆕低基期(前日Vol2) 🔭LEAPS,HOLD,1
NKE,2026-11-20,70.0,0.01,1882,10,73.437765625,52,35.84000015258789,0.01,0.06,2026-09-29 18:03:27,🆕低基期(前日Vol3) 🚬菸屁股,HOLD,1
NKE,2026-12-18,60.0,0.11,27296,10,56.250437500000004,80,35.84000015258789,0.11,0.12,2026-09-29 15:18:17,🚬菸屁股,HOLD,1
NKE,2026-12-18,85.0,0.01,1833,10,74.2190078125,80,35.84000015258789,0.0,0.08,2026-09-28 13:41:33,🚬菸屁股,HOLD,1
HBAN,2026-10-16,18.0,0.03,1571,10,55.078574218750006,17,15.270000457763672,0.0,0.15,2026-09-25 18:26:04,🚬菸屁股,HOLD,1
HBAN,2026-12-18,20.0,0.13,1735,10,43.2622861328125,80,15.270000457763672,0.0,0.15,2026-08-26 16:34:01,🚬菸屁股,HOLD,1
HBAN,2027-01-15,18.0,0.2,997,10,31.250687499999998,108,15.270000457763672,0.05,0.25,2026-09-29 17:05:26,🆕低基期(前日Vol2) 🚬菸屁股,HOLD,1
KVUE,2028-01-21,35.0,0.03,1809,10,34.4733115234375,479,17.90999984741211,0.0,0.18,2026-09-10 19:40:40,🔭LEAPS,HOLD,1
KEY,2027-01-15,27.0,0.04,1623,10,33.789724609375,108,20.1200008392334,0.0,0.1,2026-09-22 15:38:15,🚬菸屁股,HOLD,1
KEY,2028-01-21,20.0,2.87,820,10,34.448897705078124,479,20.1200008392334,2.75,3.2,2026-09-29 16:05:36,🔭LEAPS,HOLD,1
META,2026-12-18,1250.0,0.56,2024,10,48.438015625000006,80,738.7899780273438,0.55,0.75,2026-09-29 18:09:57,🆕低基期(前日Vol3) 🚬菸屁股,HOLD,1
META,2027-01-15,1400.0,0.3,1709,10,47.24173852539062,108,738.7899780273438,0.31,0.54,2026-09-29 17:23:09,🚬菸屁股,HOLD,1
PANW,2026-10-16,520.0,0.15,900,10,64.30699755859376,17,388.4100036621094,0.0,0.8,2026-09-29 19:08:05,🆕低基期(前日Vol4) 🚬菸屁股,HOLD,1
F,2028-01-21,15.0,1.13,21027,10,37.500625,479,12.300000190734863,1.13,1.21,2026-09-29 19:26:33,🔭LEAPS,HOLD,1
DIS,2027-01-15,175.0,0.09,1377,10,40.5279384765625,108,105.41000366210938,0.04,0.11,2026-09-29 13:30:47,🚬菸屁股,HOLD,1
DIS,2027-01-15,185.0,0.07,2404,10,43.7505625,108,105.41000366210938,0.03,0.1,2026-09-28 19:43:40,🚬菸屁股,HOLD,1
AMZN,2026-10-16,340.0,0.03,3898,10,53.12546875,17,246.6699981689453,0.01,0.04,2026-09-29 19:04:07,🚬菸屁股,HOLD,1
MU,2026-10-16,1820.0,0.39,1088,10,94.09185595703124,17,1065.0799560546875,0.24,0.49,2026-09-29 16:00:57,🚬菸屁股,HOLD,1
CRM,2026-10-16,290.0,0.05,1235,10,50.0005,17,225.30999755859375,0.0,0.09,2026-09-29 19:27:16,🚬菸屁股,HOLD,1
CHPT,2027-01-15,15.0,0.85,1531,10,78.9064609375,108,9.520000457763672,0.05,0.7,2026-09-21 14:06:36,🚬菸屁股,HOLD,1
NVDA,2028-01-21,210.0,54.9,9640,9,46.53221192932129,479,227.21,54.25,55.05,2026-09-29 18:35:23,🔭LEAPS,HOLD,1
NVDA,2028-01-21,390.0,8.77,8398,9,41.1840598449707,479,227.21,8.25,8.65,2026-09-29 17:45:02,🔭LEAPS,HOLD,1
GOOG,2026-10-16,405.0,0.21,7517,9,41.211525390625,17,337.32,0.17,0.24,2026-09-29 19:49:48,🚬菸屁股,HOLD,1
MSTR,2028-06-16,300.0,34.15,5083,9,78.63790893554688,626,154.67,31.35,33.5,2026-09-29 13:50:32,🔭LEAPS,HOLD,1
IBIT,2027-01-15,120.0,0.04,18045,9,67.57844921875001,108,47.33,0.04,0.06,2026-09-28 14:30:53,🚬菸屁股,HOLD,1
SMCI,2026-12-18,100.0,0.24,10263,9,98.04689453125,80,41.02,0.23,0.34,2026-09-29 19:54:40,🚬菸屁股,HOLD,1
SMCI,2028-01-21,55.0,11.8,1559,9,82.48308532714843,479,41.02,10.85,11.6,2026-09-28 19:50:06,🔭LEAPS,HOLD,1
OKLO,2026-10-16,60.0,0.05,4088,9,102.34423828125001,17,37.11,0.05,0.06,2026-09-29 19:58:09,🚬菸屁股,HOLD,1
OKLO,2026-10-16,90.0,0.01,1052,9,146.875265625,17,37.11,0.0,0.03,2026-09-28 19:46:37,🚬菸屁股,HOLD,1
OKLO,2027-01-15,110.0,0.35,3061,9,100.09815576171874,108,37.11,0.16,0.42,2026-09-24 19:52:21,🚬菸屁股,HOLD,1
RKLB,2026-10-16,125.0,0.06,5712,9,110.15669921875002,17,69.7,0.02,0.08,2026-09-29 15:09:10,🚬菸屁股,HOLD,1
RKLB,2028-01-21,160.0,8.65,1917,9,78.05808074951173,479,69.7,7.75,9.15,2026-09-29 18:31:14,🔭LEAPS,HOLD,1
IONQ,2028-01-21,80.0,8.3,1939,9,81.99480895996092,479,43.91,8.0,8.6,2026-09-29 17:29:26,🔭LEAPS,HOLD,1
UPST,2027-01-15,125.0,0.01,1787,9,137.10968945312501,108,23.14,0.0,0.31,2026-09-28 18:59:26,🚬菸屁股,HOLD,1
DKNG,2026-12-18,45.0,0.04,1709,9,73.437765625,80,19.59,0.0,0.05,2026-09-29 18:53:41,🚬菸屁股,HOLD,1
IREN,2027-02-19,105.0,0.89,1727,9,95.312546875,143,41.38,0.65,1.29,2026-09-29 18:12:49,🚬菸屁股,HOLD,1
PATH,2026-12-18,20.0,0.15,3554,9,79.29708203125,80,12.32,0.14,0.38,2026-09-29 16:48:24,🚬菸屁股,HOLD,1
HOOD,2026-11-20,210.0,0.36,1404,9,77.73459765625,52,116.22,0.3,0.44,2026-09-29 19:07:25,🚬菸屁股,HOLD,1
HOOD,2026-12-18,200.0,0.9,2538,9,69.70245141601563,80,116.22,0.9,1.07,2026-09-29 19:33:03,🚬菸屁股,HOLD,1
TDOC,2028-01-21,15.0,0.42,5921,9,70.0198310546875,479,5.75,0.35,0.45,2026-09-29 16:22:45,🆕低基期(前日Vol1) 🔭LEAPS,HOLD,1
HIMS,2026-12-18,65.0,0.3,796,9,100.39112304687498,80,28.700000762939453,0.26,0.4,2026-09-28 18:20:28,🚬菸屁股,HOLD,1
KTOS,2026-11-20,70.0,0.27,1622,9,73.92604199218749,52,43.05,0.15,0.35,2026-09-29 17:27:29,🚬菸屁股,HOLD,1
ONDS,2026-10-16,12.0,0.02,2319,9,106.25046875000001,17,7.480000019073486,0.0,0.03,2026-09-29 17:31:41,🚬菸屁股,HOLD,1
ONDS,2028-01-21,22.0,0.84,1115,9,88.2813671875,479,7.480000019073486,0.6,1.15,2026-09-29 16:33:20,🔭LEAPS,HOLD,1
LUNR,2026-12-18,21.0,0.8,762,9,91.1133701171875,80,14.550000190734863,0.66,0.93,2026-09-29 19:32:01,🚬菸屁股,HOLD,1
JOBY,2026-11-20,17.0,0.01,1210,9,118.75040625,52,5.989999771118164,0.0,0.03,2026-09-21 18:44:36,🚬菸屁股,HOLD,1
SMR,2026-11-20,16.0,0.06,948,9,110.15669921875002,52,7.760000228881836,0.05,0.1,2026-09-29 18:36:28,🚬菸屁股,HOLD,1
TJX,2026-12-18,160.0,0.64,939,9,27.4421318359375,80,133.8000030517578,0.55,0.7,2026-09-29 18:32:16,🆕低基期(前日Vol3) 🚬菸屁股,HOLD,1
TJX,2027-01-15,170.0,0.4,2797,9,27.246821289062495,108,133.8000030517578,0.4,0.5,2026-09-29 18:10:41,🆕低基期(前日Vol2) 🚬菸屁股,HOLD,1
O,2026-12-18,67.5,0.05,2997,9,24.1218525390625,80,55.13999938964844,0.05,0.1,2026-09-29 19:38:01,🚬菸屁股,HOLD,1
NKE,2026-11-20,65.0,0.01,942,9,66.40658593750001,52,35.84000015258789,0.01,0.06,2026-09-28 14:46:06,🚬菸屁股,HOLD,1
NKE,2026-12-18,47.5,0.43,6319,9,47.60794580078125,80,35.84000015258789,0.36,0.45,2026-09-29 17:09:57,🚬菸屁股,HOLD,1
NKE,2027-01-15,77.5,0.07,27364,9,64.062859375,108,35.84000015258789,0.03,0.14,2026-09-29 13:49:05,🚬菸屁股,HOLD,1
NKE,2027-01-15,120.0,0.01,1763,9,97.26565234374999,108,35.84000015258789,0.0,0.26,2026-09-29 13:49:05,🆕低基期(前日Vol1) 🚬菸屁股,HOLD,1
KEY,2026-10-16,21.0,0.15,1511,9,33.20379296875,17,20.1200008392334,0.05,0.25,2026-09-29 17:10:05,🚬菸屁股,HOLD,1
KEY,2027-01-15,22.0,0.58,3485,9,29.24875439453124,108,20.1200008392334,0.25,0.6,2026-09-28 17:41:45,🚬菸屁股,HOLD,1
META,2027-01-15,1270.0,0.72,911,9,45.43511596679687,108,738.7899780273438,1.01,1.19,2026-09-24 17:08:34,🚬菸屁股,HOLD,1
F,2027-01-15,20.0,0.03,11721,9,48.04739453125,108,12.300000190734863,0.03,0.05,2026-09-29 19:57:27,🚬菸屁股,HOLD,1
DIS,2026-12-18,150.0,0.09,796,9,36.426416992187505,80,105.41000366210938,0.03,0.15,2026-09-29 15:44:10,🚬菸屁股,HOLD,1
JPM,2026-12-18,435.0,0.43,1097,9,29.541720214843746,80,334.9800109863281,0.0,0.6,2026-09-21 16:08:37,🚬菸屁股,HOLD,1
TSLA,2026-12-18,730.0,0.31,8404,8,62.74451318359377,80,352.84,0.29,0.35,2026-09-29 15:11:48,🚬菸屁股,HOLD,1
NVDA,2026-12-18,320.0,0.44,6838,8,36.98793481445312,80,227.21,0.37,0.42,2026-09-29 18:55:24,🚬菸屁股,HOLD,1
IBIT,2027-01-15,115.0,0.05,5476,8,65.62534375000001,108,47.33,0.04,0.07,2026-09-28 20:03:45,🚬菸屁股,HOLD,1
IBIT,2028-06-16,40.0,16.5,6313,8,56.122264953613275,626,47.33,16.3,16.7,2026-09-29 19:16:53,🔭LEAPS,HOLD,1
SMCI,2028-01-21,65.0,9.8,3028,8,82.69670623779295,479,41.02,8.95,9.75,2026-09-28 18:01:01,🔭LEAPS,HOLD,1
VST,2026-10-16,190.0,0.11,761,8,72.851833984375,17,140.83,0.01,0.55,2026-09-29 19:08:14,🚬菸屁股,HOLD,1
RKLB,2026-10-16,105.0,0.08,2132,8,88.08605664062499,17,69.7,0.05,0.13,2026-09-29 19:48:55,🚬菸屁股,HOLD,1
RKLB,2026-12-18,160.0,0.45,978,8,87.89074609375,80,69.7,0.15,0.54,2026-09-29 13:47:47,🚬菸屁股,HOLD,1
UPST,2026-12-18,50.0,0.1,1168,8,82.81267187499999,80,23.14,0.08,0.15,2026-09-29 19:43:24,🚬菸屁股,HOLD,1
UPST,2027-01-15,90.0,0.08,1380,8,100.39112304687498,108,23.14,0.0,0.1,2026-09-14 16:50:46,🚬菸屁股,HOLD,1
DKNG,2027-01-15,42.0,0.1,1570,8,69.92217578125,108,19.59,0.02,0.16,2026-09-29 17:03:59,🆕低基期(前日Vol1) 🚬菸屁股,HOLD,1
IREN,2028-01-21,65.0,10.8,6695,8,88.89171264648436,479,41.38,10.4,11.0,2026-09-29 19:26:51,🔭LEAPS,HOLD,1
NBIS,2026-10-16,380.0,0.39,1769,8,108.83834643554687,17,237.355,0.05,1.13,2026-09-29 18:05:24,🚬菸屁股,HOLD,1
U,2027-01-15,60.0,0.95,7134,8,63.03747900390625,108,39.72,0.7,1.15,2026-09-29 19:47:39,🚬菸屁股,HOLD,1
TDOC,2026-10-16,11.0,0.01,1253,8,134.37532812499998,17,5.75,0.0,0.02,2026-09-28 17:34:28,🚬菸屁股,HOLD,1
TDOC,2027-01-15,22.5,0.05,4421,8,121.09414453124998,108,5.75,0.01,0.09,2026-09-29 19:38:07,🆕低基期(前日Vol1) 🚬菸屁股,HOLD,1
TDOC,2027-01-15,25.0,0.04,2866,8,125.78162109374999,108,5.75,0.01,0.08,2026-09-29 19:52:47,🆕低基期(前日Vol2) 🚬菸屁股,HOLD,1
ZM,2026-11-20,120.0,0.15,1013,8,47.461462890625,52,88.355,0.15,0.33,2026-09-28 19:37:59,🚬菸屁股,HOLD,1
ZM,2028-01-21,140.0,5.8,2776,8,47.46756634521484,479,88.355,5.8,6.55,2026-09-29 13:40:24,🔭LEAPS,HOLD,1
KTOS,2026-10-16,57.5,0.08,2008,8,69.336244140625,17,43.05,0.0,0.15,2026-09-29 16:58:44,🚬菸屁股,HOLD,1
ONDS,2028-01-21,4.0,4.4,20372,8,91.01571484374999,479,7.480000019073486,4.2,4.55,2026-09-29 15:46:03,🔭LEAPS,HOLD,1
LUNR,2026-10-09,20.5,0.05,3206,8,146.875265625,10,14.550000190734863,0.0,0.3,2026-09-28 19:20:21,🚬菸屁股,HOLD,1
LUNR,2028-01-21,12.0,7.7,758,8,104.49266503906252,479,14.550000190734863,7.05,7.6,2026-09-29 16:30:50,🔭LEAPS,HOLD,1
ACHR,2027-01-15,17.0,0.05,9423,8,117.96916015624998,108,5.059999942779541,0.05,0.08,2026-09-23 17:43:06,🚬菸屁股,HOLD,1
SMR,2028-01-21,5.0,4.3,2041,8,97.94923925781251,479,7.760000228881836,4.15,4.4,2026-09-29 16:17:16,🔭LEAPS,HOLD,1
NNE,2026-10-16,21.0,0.06,2823,8,87.89074609375,17,15.789999961853027,0.0,0.2,2026-09-29 16:21:26,🚬菸屁股,HOLD,1
PCG,2026-12-18,23.0,0.05,6197,8,72.26590234375,80,12.180000305175781,0.0,0.13,2026-09-23 18:21:09,🚬菸屁股,HOLD,1
O,2027-01-15,75.0,0.1,2615,8,29.10227148437499,108,55.13999938964844,0.0,0.1,2026-09-25 18:51:53,🚬菸屁股,HOLD,1
NKE,2026-10-16,57.5,0.04,2009,8,98.82813671875,17,35.84000015258789,0.0,0.09,2026-09-29 16:59:07,🚬菸屁股,HOLD,1
BA,2026-10-16,245.0,0.06,867,8,56.9340244140625,17,187.67999267578125,0.03,0.25,2026-09-29 19:43:21,🚬菸屁股,HOLD,1
BA,2028-01-21,330.0,5.9,1564,8,40.11290356445312,479,187.67999267578125,4.9,5.95,2026-09-29 14:28:59,🔭LEAPS,HOLD,1
F,2026-12-18,16.67,0.06,15400,8,41.4068359375,80,12.300000190734863,0.05,0.07,2026-09-29 18:20:10,🚬菸屁股,HOLD,1
DIS,2026-11-20,130.0,0.28,1099,8,34.815104980468746,52,105.41000366210938,0.24,0.36,2026-09-29 19:45:41,🚬菸屁股,HOLD,1
MARA,2026-12-18,18.0,0.52,6508,8,88.2813671875,80,11.989999771118164,0.5,0.53,2026-09-29 19:56:25,🚬菸屁股,HOLD,1
MARA,2027-01-15,27.0,0.34,4782,8,97.070341796875,108,11.989999771118164,0.2,0.3,2026-09-24 17:53:07,🚬菸屁股,HOLD,1
PLNT,2026-10-16,50.0,0.1,2208,8,55.859816406250005,17,40.7400016784668,0.05,0.15,2026-09-29 19:26:29,🚬菸屁股,HOLD,1
PLNT,2027-01-15,60.0,0.5,3924,8,50.879397460937504,108,40.7400016784668,0.4,0.6,2026-09-29 18:30:43,🚬菸屁股,HOLD,1
TSLA,2028-01-21,900.0,8.1,5840,7,51.44091528320311,479,352.84,7.3,8.05,2026-09-29 19:34:28,🔭LEAPS,HOLD,1
IBIT,2026-11-20,59.0,0.3,5887,7,41.8951123046875,52,47.33,0.29,0.31,2026-09-29 15:30:15,🚬菸屁股,HOLD,1
IBIT,2028-06-16,50.0,11.86,8196,7,52.93015820312501,626,47.33,11.8,12.0,2026-09-29 19:22:16,🔭LEAPS,HOLD,1
PLTR,2028-01-21,410.0,12.4,9587,7,61.865615722656266,479,186.97,12.2,13.25,2026-09-29 18:57:43,🆕低基期(前日Vol1) 🔭LEAPS,HOLD,1
OKLO,2026-10-09,52.0,0.05,1102,7,101.172369140625,10,37.11,0.02,0.1,2026-09-29 16:45:31,🚬菸屁股,HOLD,1
OKLO,2026-12-18,75.0,0.45,3313,7,93.164130859375,80,37.11,0.42,0.6,2026-09-29 19:25:32,🚬菸屁股,HOLD,1
OKLO,2028-01-21,60.0,8.25,1866,7,84.10660424804688,479,37.11,7.65,9.35,2026-09-29 19:03:54,🔭LEAPS,HOLD,1
OKLO,2028-01-21,65.0,7.44,1804,7,83.4718449707031,479,37.11,7.15,8.1,2026-09-29 18:18:27,🔭LEAPS,HOLD,1
VST,2026-10-16,180.0,0.16,1989,7,54.102021484375015,17,140.83,0.06,0.18,2026-09-29 19:10:47,🚬菸屁股,HOLD,1
ASTS,2026-10-16,105.0,0.06,2476,7,129.6878515625,17,59.4,0.05,0.29,2026-09-29 18:55:14,🚬菸屁股,HOLD,1
ASTS,2028-01-21,110.0,12.0,3284,7,85.55922644042968,479,59.4,11.3,12.6,2026-09-29 18:22:06,🔭LEAPS,HOLD,1
IONQ,2026-11-20,75.0,0.47,1010,7,90.23447265624999,52,43.91,0.4,0.56,2026-09-29 19:21:12,🚬菸屁股,HOLD,1
UPST,2027-01-15,37.5,0.65,3085,7,72.60769580078124,108,23.14,0.36,0.87,2026-09-29 14:47:33,🚬菸屁股,HOLD,1
UPST,2027-01-15,75.0,0.07,2750,7,107.61764941406251,108,23.14,0.05,0.34,2026-09-28 17:48:08,🚬菸屁股,HOLD,1
UPST,2028-01-21,25.0,7.85,981,7,80.49335913085937,479,23.14,7.45,7.85,2026-09-29 15:31:24,🔭LEAPS,HOLD,1
SOFI,2026-10-16,29.0,0.01,1982,7,103.12548437500001,17,15.91,0.0,0.01,2026-09-29 19:42:16,🚬菸屁股,HOLD,1
IREN,2026-10-16,95.0,0.01,2819,7,145.3127734375,17,41.38,0.0,0.05,2026-09-28 15:30:54,🚬菸屁股,HOLD,1
IREN,2028-06-16,75.0,11.4,3429,7,88.42785009765625,626,41.38,11.1,11.85,2026-09-29 19:40:20,🔭LEAPS,HOLD,1
HOOD,2026-10-16,200.0,0.03,1122,7,97.6562734375,17,116.22,0.02,0.08,2026-09-29 17:57:18,🆕低基期(前日Vol2) 🚬菸屁股,HOLD,1
XYZ,2026-10-16,95.0,0.05,1323,7,55.078574218750006,17,74.05,0.03,0.1,2026-09-29 18:58:12,🚬菸屁股,HOLD,1
OPEN,2028-01-21,17.0,3.4,861,7,50.0005,479,2.37,0.0,0.0,2025-11-17 15:54:10,🔭LEAPS,HOLD,1
HIMS,2026-12-18,60.0,0.3,3119,7,94.14068359375,80,28.700000762939453,0.3,0.4,2026-09-29 18:19:16,🚬菸屁股,HOLD,1
HIMS,2028-01-21,75.0,3.85,1579,7,86.63343444824218,479,28.700000762939453,3.4,4.15,2026-09-23 15:42:27,🔭LEAPS,HOLD,1
KTOS,2026-11-20,80.0,0.1,1035,7,87.500125,52,43.05,0.05,0.4,2026-09-29 19:44:12,🚬菸屁股,HOLD,1
LUNR,2026-12-18,25.0,0.47,1298,7,96.0937890625,80,14.550000190734863,0.26,0.68,2026-09-29 18:07:50,🚬菸屁股,HOLD,1
LUNR,2026-12-18,40.0,0.11,1318,7,113.28168359375002,80,14.550000190734863,0.05,0.22,2026-09-29 15:27:31,🆕低基期(前日Vol1) 🚬菸屁股,HOLD,1
LUNR,2028-01-21,32.0,3.35,1279,7,97.11916943359374,479,14.550000190734863,2.8,3.4,2026-09-29 15:47:02,🔭LEAPS,HOLD,1
LUNR,2028-01-21,65.0,1.43,806,7,100.3422951660156,479,14.550000190734863,1.3,1.56,2026-09-29 19:54:24,🆕低基期(前日Vol1) 🔭LEAPS,HOLD,1
ACHR,2026-10-16,7.5,0.04,1173,7,106.25046875000001,17,5.059999942779541,0.0,0.05,2026-09-25 18:28:19,🚬菸屁股,HOLD,1
ACHR,2028-01-21,4.0,2.3,3920,7,87.40246972656249,479,5.059999942779541,2.26,2.36,2026-09-29 19:50:03,🔭LEAPS,HOLD,1
CRWV,2026-10-16,160.0,0.03,4962,7,108.984830078125,17,85.93000030517578,0.0,0.07,2026-09-28 19:17:41,🚬菸屁股,HOLD,1
CRWV,2026-11-20,200.0,0.22,5003,7,96.679720703125,52,85.93000030517578,0.08,0.25,2026-09-29 14:55:39,🚬菸屁股,HOLD,1
CRWV,2026-12-18,190.0,0.55,2287,7,88.96495410156248,80,85.93000030517578,0.43,0.71,2026-09-28 18:44:40,🚬菸屁股,HOLD,1
O,2028-01-21,60.0,2.61,855,7,18.4578466796875,479,55.13999938964844,2.4,2.8,2026-09-29 19:59:45,🔭LEAPS,HOLD,1
KHC,2028-01-21,20.0,5.0,2713,7,31.714550048828123,479,23.450000762939453,4.8,5.15,2026-09-29 18:38:43,🔭LEAPS,HOLD,1
NKE,2026-10-16,60.0,0.01,2896,7,96.0937890625,17,35.84000015258789,0.01,0.03,2026-09-29 15:24:36,🚬菸屁股,HOLD,1
NKE,2026-12-18,82.5,0.05,990,7,73.04714453125,80,35.84000015258789,0.01,0.08,2026-09-25 14:36:05,🚬菸屁股,HOLD,1
NKE,2026-12-18,95.0,0.04,1235,7,84.37515624999999,80,35.84000015258789,0.04,0.06,2026-09-24 13:52:05,🚬菸屁股,HOLD,1
NKE,2028-01-21,30.0,9.9,1956,7,45.71587487792969,479,35.84000015258789,9.75,10.1,2026-09-29 18:40:45,🔭LEAPS,HOLD,1
NKE,2028-06-16,37.5,7.35,1413,7,46.11870288085938,626,35.84000015258789,7.25,7.9,2026-09-29 17:56:39,🔭LEAPS,HOLD,1
PANW,2026-10-16,480.0,0.7,815,7,57.34905932617188,17,388.4100036621094,0.01,1.89,2026-09-29 17:05:51,🚬菸屁股,HOLD,1
F,2026-12-18,24.67,0.01,12834,7,56.250437500000004,80,12.300000190734863,0.0,0.01,2026-09-16 17:22:57,🚬菸屁股,HOLD,1
AMZN,2026-11-20,380.0,0.05,3701,7,45.9966337890625,52,246.6699981689453,0.02,0.11,2026-09-29 15:06:19,🚬菸屁股,HOLD,1
MARA,2026-10-16,19.0,0.02,2445,7,103.90673046875003,17,11.989999771118164,0.02,0.03,2026-09-29 18:28:24,🚬菸屁股,HOLD,1
NVDA,2026-10-16,350.0,0.01,11879,6,60.937890625000016,17,227.21,0.0,0.01,2026-09-28 13:44:12,🚬菸屁股,HOLD,1
NVDA,2026-10-16,460.0,0.01,17137,6,93.7500625,17,227.21,0.0,0.01,2026-09-28 18:45:36,🚬菸屁股,HOLD,1
GOOG,2026-10-16,450.0,0.06,6823,6,51.562984375,17,337.32,0.05,0.08,2026-09-29 19:05:55,🚬菸屁股,HOLD,1
MSTR,2026-12-18,500.0,0.36,7572,6,102.34423828125001,80,154.67,0.14,0.47,2026-09-29 15:04:47,🚬菸屁股,HOLD,1
IBIT,2026-10-16,70.0,0.01,8904,6,67.96907031250001,17,47.33,0.0,0.02,2026-09-29 14:51:17,🚬菸屁股,HOLD,1
OKLO,2026-10-16,65.0,0.01,1292,6,107.81296093750001,17,37.11,0.01,0.05,2026-09-29 18:48:47,🚬菸屁股,HOLD,1
OKLO,2026-12-18,95.0,0.31,1333,6,103.51610742187502,80,37.11,0.2,0.36,2026-09-28 17:09:16,🚬菸屁股,HOLD,1
OKLO,2028-01-21,95.0,4.85,830,6,84.15543188476562,479,37.11,3.75,5.55,2026-09-28 15:23:50,🆕低基期(前日Vol2) 🔭LEAPS,HOLD,1
VST,2026-11-20,195.0,0.7,2358,6,53.149882568359374,52,140.83,0.62,0.84,2026-09-29 19:10:58,🚬菸屁股,HOLD,1
RKLB,2028-01-21,175.0,8.27,3455,6,78.8088056640625,479,69.7,6.7,8.3,2026-09-23 16:24:13,🔭LEAPS,HOLD,1
IONQ,2026-11-20,120.0,0.08,2372,6,113.8676181640625,52,43.91,0.0,0.2,2026-09-17 14:04:18,🚬菸屁股,HOLD,1
IONQ,2026-12-18,140.0,0.14,991,6,108.00827246093752,80,43.91,0.05,0.24,2026-09-29 15:52:27,🚬菸屁股,HOLD,1
IONQ,2027-01-15,90.0,0.71,2368,6,86.914193359375,108,43.91,0.65,0.99,2026-09-29 17:49:12,🚬菸屁股,HOLD,1
UPST,2026-10-16,27.5,0.18,1102,6,65.43003320312502,17,23.14,0.16,0.22,2026-09-29 18:36:10,🚬菸屁股,HOLD,1
UPST,2026-10-16,40.0,0.01,1451,6,141.797166015625,17,23.14,0.0,0.27,2026-09-28 19:22:05,🚬菸屁股,HOLD,1
UPST,2028-01-21,105.0,0.86,1588,6,81.29901513671875,479,23.14,0.8,1.06,2026-09-29 19:49:25,🔭LEAPS,HOLD,1
SOFI,2026-12-18,29.0,0.08,1384,6,69.14093359375,80,15.91,0.08,0.09,2026-09-29 15:32:35,🆕低基期(前日Vol1) 🚬菸屁股,HOLD,1
SOFI,2028-01-21,47.0,0.61,12352,6,64.648791015625,479,15.91,0.6,0.63,2026-09-29 19:31:46,🔭LEAPS,HOLD,1
IREN,2026-11-20,85.0,0.25,2332,6,100.78174609374999,52,41.38,0.2,0.3,2026-09-29 19:47:19,🚬菸屁股,HOLD,1
IREN,2026-12-18,120.0,0.2,4111,6,108.984830078125,80,41.38,0.09,0.38,2026-09-28 17:15:27,🚬菸屁股,HOLD,1
IREN,2027-01-15,140.0,0.25,9946,6,105.17625537109376,108,41.38,0.21,0.29,2026-09-29 19:04:30,🚬菸屁股,HOLD,1
HOOD,2027-01-15,250.0,0.6,4496,6,70.16631396484375,108,116.22,0.27,0.8,2026-09-29 19:39:25,🆕低基期(前日Vol2) 🚬菸屁股,HOLD,1
TDOC,2028-01-21,3.0,4.05,2351,6,78.51583984375,479,5.75,2.47,4.0,2026-09-15 16:16:44,🔭LEAPS,HOLD,1
ZM,2026-10-09,100.0,0.18,1474,6,52.3442265625,10,88.355,0.0,0.28,2026-09-29 16:26:47,🚬菸屁股,HOLD,1
XYZ,2026-10-16,90.0,0.08,1108,6,53.71140039062501,17,74.05,0.05,0.18,2026-09-29 17:27:51,🚬菸屁股,HOLD,1
XYZ,2027-01-15,140.0,0.15,1300,6,57.910577148437504,108,74.05,0.01,0.5,2026-09-29 16:34:29,🚬菸屁股,HOLD,1
BEAM,2028-01-21,50.0,2.8,1971,6,77.6369423828125,479,24.52,2.05,5.0,2026-09-17 14:56:14,🔭LEAPS,HOLD,1
HIMS,2027-01-15,55.0,0.85,1118,6,87.0118486328125,108,28.700000762939453,0.41,1.02,2026-09-29 13:56:17,🆕低基期(前日Vol1) 🚬菸屁股,HOLD,1
HIMS,2028-01-21,25.0,11.73,4448,6,83.59391406249999,479,28.700000762939453,11.55,12.1,2026-09-29 17:47:25,🔭LEAPS,HOLD,1
ONDS,2026-10-16,9.5,0.05,1041,6,79.687703125,17,7.480000019073486,0.04,0.07,2026-09-29 19:49:41,🚬菸屁股,HOLD,1
LUNR,2028-01-21,30.0,3.86,1065,6,97.99806689453125,479,14.550000190734863,3.15,3.6,2026-09-28 15:07:16,🔭LEAPS,HOLD,1
ACHR,2028-01-21,2.0,3.45,1039,6,110.9379453125,479,5.059999942779541,3.35,3.75,2026-09-29 16:55:06,🔭LEAPS,HOLD,1
ACHR,2028-01-21,22.0,0.29,1408,6,93.55475195312499,479,5.059999942779541,0.23,0.57,2026-09-29 19:02:15,🔭LEAPS,HOLD,1
SMR,2026-11-20,25.0,0.02,4979,6,148.4377578125,52,7.760000228881836,0.0,0.1,2026-09-29 19:59:01,🚬菸屁股,HOLD,1
SMR,2028-01-21,3.0,5.35,1646,6,108.7895185546875,479,7.760000228881836,5.3,5.6,2026-09-29 19:49:58,🔭LEAPS,HOLD,1
SMR,2028-01-21,18.0,1.46,1592,6,94.18951123046875,479,7.760000228881836,1.35,1.57,2026-09-29 19:51:28,🔭LEAPS,HOLD,1
NNE,2026-10-16,19.0,0.25,1100,6,74.804939453125,17,15.789999961853027,0.1,0.25,2026-09-29 17:52:56,🚬菸屁股,HOLD,1
NNE,2027-01-15,42.0,0.15,849,6,95.507857421875,108,15.789999961853027,0.0,0.3,2026-09-15 19:53:21,🚬菸屁股,HOLD,1
KHC,2028-01-21,32.5,0.65,850,6,28.418684570312493,479,23.450000762939453,0.56,0.74,2026-09-29 16:53:18,🔭LEAPS,HOLD,1
NKE,2026-12-18,150.0,0.01,12730,6,99.2187578125,80,35.84000015258789,0.0,0.02,2026-09-25 14:04:47,🚬菸屁股,HOLD,1
NKE,2026-12-18,155.0,0.03,6021,6,101.5629921875,80,35.84000015258789,0.0,0.02,2026-09-25 14:04:44,🚬菸屁股,HOLD,1
NKE,2027-01-15,100.0,0.02,15805,6,72.6565234375,108,35.84000015258789,0.01,0.06,2026-09-28 19:48:29,🚬菸屁股,HOLD,1
NKE,2028-01-21,42.5,4.69,3107,6,46.472703247070314,479,35.84000015258789,4.1,5.3,2026-09-29 17:57:00,🔭LEAPS,HOLD,1
NKE,2028-01-21,85.0,0.59,3054,6,49.023947265625004,479,35.84000015258789,0.28,0.81,2026-09-29 16:25:52,🆕低基期(前日Vol1) 🔭LEAPS,HOLD,1
KVUE,2026-12-18,22.0,0.08,984,6,25.391371093750003,80,17.90999984741211,0.0,0.04,2026-09-21 17:22:14,🚬菸屁股,HOLD,1
KVUE,2027-01-15,35.0,0.07,961,6,80.85956640625,108,17.90999984741211,0.0,0.6,2026-06-30 16:47:26,🚬菸屁股,HOLD,1
KEY,2026-11-20,23.0,0.11,1137,6,33.399103515625,52,20.1200008392334,0.05,0.2,2026-09-29 14:55:46,🚬菸屁股,HOLD,1
BA,2027-01-15,340.0,0.1,2315,6,50.04932763671876,108,187.67999267578125,0.02,0.35,2026-09-28 18:45:24,🚬菸屁股,HOLD,1
BA,2028-01-21,335.0,6.75,1072,6,40.21361056518554,479,187.67999267578125,4.5,5.65,2026-09-18 17:58:23,🔭LEAPS,HOLD,1
DIS,2027-01-15,145.0,0.2,1987,6,33.25262060546875,108,105.41000366210938,0.15,0.35,2026-09-29 17:44:28,🚬菸屁股,HOLD,1
JPM,2026-12-18,415.0,0.51,936,6,25.891854370117194,80,334.9800109863281,0.29,0.7,2026-09-24 15:15:27,🚬菸屁股,HOLD,1
AMZN,2026-10-16,325.0,0.03,3467,6,52.539537109375004,17,246.6699981689453,0.02,0.08,2026-09-29 18:04:36,🚬菸屁股,HOLD,1
CRM,2026-11-20,310.0,0.45,1060,6,47.63235961914062,52,225.30999755859375,0.23,0.72,2026-09-29 18:34:39,🚬菸屁股,HOLD,1
MARA,2028-01-21,22.0,2.61,832,6,89.16026464843749,479,11.989999771118164,2.43,2.84,2026-09-29 14:19:52,🆕低基期(前日Vol1) 🔭LEAPS,HOLD,1
MARA,2028-01-21,32.0,1.71,5017,6,87.64660791015625,479,11.989999771118164,1.43,1.73,2026-09-29 14:31:42,🔭LEAPS,HOLD,1
NVDA,2026-10-16,400.0,0.01,8306,5,78.12521875,17,227.21,0.0,0.01,2026-09-25 14:17:01,🚬菸屁股,HOLD,1
IBIT,2027-01-15,135.0,0.03,13423,5,73.04714453125,108,47.33,0.03,0.05,2026-09-28 18:32:16,🚬菸屁股,HOLD,1
IBIT,2028-01-21,96.0,2.12,10601,5,49.988293090820314,479,47.33,1.83,1.96,2026-09-23 16:58:58,🔭LEAPS,HOLD,1
IBIT,2028-06-16,65.0,7.6,6608,5,50.65356964111327,626,47.33,7.2,7.45,2026-09-29 13:30:00,🔭LEAPS,HOLD,1
SMCI,2026-12-18,96.0,0.38,997,5,93.945373046875,80,41.02,0.22,0.33,2026-09-04 14:01:28,🚬菸屁股,HOLD,1
OKLO,2026-12-18,100.0,0.24,1215,5,105.85984570312502,80,37.11,0.2,0.3,2026-09-29 14:42:22,🚬菸屁股,HOLD,1
OKLO,2028-01-21,75.0,6.38,843,5,83.60612097167967,479,37.11,6.1,6.65,2026-09-29 19:59:54,🆕低基期(前日Vol1) 🔭LEAPS,HOLD,1
RKLB,2027-01-15,160.0,0.7,2168,5,85.69350244140624,108,69.7,0.5,0.94,2026-09-29 19:44:49,🚬菸屁股,HOLD,1
ASTS,2028-01-21,120.0,10.9,4435,5,88.00671173095702,479,59.4,10.7,12.05,2026-09-29 19:43:22,🆕低基期(前日Vol1) 🔭LEAPS,HOLD,1
IONQ,2026-10-16,90.0,0.04,1112,5,142.96903515625,17,43.91,0.0,0.13,2026-09-29 19:14:11,🚬菸屁股,HOLD,1
IONQ,2028-01-21,70.0,9.79,1492,5,81.76287768554687,479,43.91,9.45,10.05,2026-09-29 18:59:06,🔭LEAPS,HOLD,1
SOFI,2026-12-18,42.0,0.03,8525,5,85.1563984375,80,15.91,0.01,0.04,2026-09-28 13:49:36,🚬菸屁股,HOLD,1
SOFI,2028-06-16,8.0,9.42,3152,5,75.24438818359374,626,15.91,9.25,9.55,2026-09-29 19:06:57,🔭LEAPS,HOLD,1
SOFI,2028-06-16,32.0,1.96,11619,5,62.646857910156264,626,15.91,1.9,1.96,2026-09-29 16:26:13,🔭LEAPS,HOLD,1
DKNG,2028-01-21,60.0,0.66,4692,5,62.890996093750005,479,19.59,0.0,1.22,2026-09-29 14:12:03,🔭LEAPS,HOLD,1
HOOD,2027-01-15,280.0,0.44,850,5,75.09790527343749,108,116.22,0.25,0.56,2026-09-25 14:14:25,🚬菸屁股,HOLD,1
TDOC,2026-10-16,8.0,0.04,3462,5,87.500125,17,5.75,0.0,0.04,2026-09-29 19:52:57,🚬菸屁股,HOLD,1
TDOC,2028-01-21,7.0,1.35,2020,5,66.99251757812502,479,5.75,1.28,1.4,2026-09-28 16:00:41,🔭LEAPS,HOLD,1
ZM,2026-11-20,115.0,0.4,2394,5,45.117736328125005,52,88.355,0.34,0.45,2026-09-29 19:41:28,🚬菸屁股,HOLD,1
OPEN,2027-02-19,7.0,0.07,5635,5,121.09414453124998,143,2.37,0.07,0.13,2026-09-29 16:32:29,🚬菸屁股,HOLD,1
NTLA,2026-10-16,16.0,0.05,966,5,80.4689453125,17,12.03,0.0,0.1,2026-09-28 13:47:36,🚬菸屁股,HOLD,1
NTLA,2028-01-21,15.0,3.7,2677,5,87.2071591796875,479,12.03,3.5,4.1,2026-09-29 14:48:29,🔭LEAPS,HOLD,1
HIMS,2026-10-16,45.0,0.06,2979,5,103.51610742187502,17,28.700000762939453,0.03,0.1,2026-09-29 18:29:29,🚬菸屁股,HOLD,1
HIMS,2027-01-15,85.0,0.25,2627,5,101.7583037109375,108,28.700000762939453,0.16,0.34,2026-09-28 16:49:49,🚬菸屁股,HOLD,1
HIMS,2028-01-21,60.0,4.85,3762,5,84.30191479492187,479,28.700000762939453,4.55,5.05,2026-09-29 19:20:13,🔭LEAPS,HOLD,1
KTOS,2028-01-21,160.0,1.45,865,5,69.89776196289064,479,43.05,1.15,1.5,2026-09-29 17:35:50,🆕低基期(前日Vol1) 🔭LEAPS,HOLD,1
ONDS,2027-01-15,25.0,0.06,16629,5,123.047259765625,108,7.480000019073486,0.02,0.23,2026-09-29 13:43:39,🚬菸屁股,HOLD,1
LUNR,2028-01-21,15.0,6.4,1075,5,99.5117236328125,479,14.550000190734863,5.9,6.4,2026-09-29 15:30:21,🔭LEAPS,HOLD,1
JOBY,2027-01-15,35.0,0.02,2447,5,126.56286718749999,108,5.989999771118164,0.0,0.03,2026-09-18 18:34:45,🚬菸屁股,HOLD,1
JOBY,2028-01-21,30.0,0.21,5356,5,83.59391406249999,479,5.989999771118164,0.21,0.24,2026-09-29 15:44:10,🔭LEAPS,HOLD,1
NNE,2026-10-16,28.0,0.05,901,5,119.53165234375001,17,15.789999961853027,0.0,0.05,2026-09-21 19:20:47,🚬菸屁股,HOLD,1
NNE,2027-01-15,35.0,0.25,1002,5,86.32826171875,108,15.789999961853027,0.1,0.3,2026-09-28 13:53:20,🚬菸屁股,HOLD,1
NNE,2028-01-21,25.0,4.0,757,5,86.132951171875,479,15.789999961853027,3.5,4.2,2026-09-29 16:11:01,🆕低基期(前日Vol2) 🔭LEAPS,HOLD,1
CRWV,2026-10-16,145.0,0.06,3438,5,96.48441015625,17,85.93000030517578,0.01,0.08,2026-09-28 18:53:14,🚬菸屁股,HOLD,1
CRWV,2026-10-16,180.0,0.01,8758,5,120.3128984375,17,85.93000030517578,0.01,0.03,2026-09-29 18:11:37,🆕低基期(前日Vol1) 🚬菸屁股,HOLD,1
PCG,2026-10-16,19.0,0.02,11171,5,81.2501875,17,12.180000305175781,0.0,0.01,2026-09-29 13:38:52,🆕低基期(前日Vol1) 🚬菸屁股,HOLD,1
PCG,2026-11-20,21.0,0.1,3932,5,97.070341796875,52,12.180000305175781,0.0,0.35,2026-09-22 18:13:00,🚬菸屁股,HOLD,1
PCG,2027-01-15,27.0,0.06,3418,5,72.26590234375,108,12.180000305175781,0.0,0.11,2026-09-21 18:51:47,🚬菸屁股,HOLD,1
PCG,2028-01-21,30.0,0.15,7571,5,52.246571289062494,479,12.180000305175781,0.1,0.32,2026-09-29 13:30:04,🔭LEAPS,HOLD,1
KHC,2027-01-15,35.0,0.03,3189,5,36.914693359375,108,23.450000762939453,0.01,0.05,2026-09-25 18:09:08,🚬菸屁股,HOLD,1
KHC,2028-01-21,25.0,2.4,4285,5,30.664755859375,479,23.450000762939453,1.99,2.66,2026-09-29 15:57:46,🔭LEAPS,HOLD,1
KHC,2028-01-21,30.0,1.03,9363,5,28.613995117187496,479,23.450000762939453,0.87,1.13,2026-09-28 13:49:04,🆕低基期(前日Vol1) 🔭LEAPS,HOLD,1
NKE,2026-12-18,65.0,0.08,4451,5,60.74258007812501,80,35.84000015258789,0.05,0.13,2026-09-28 16:38:12,🚬菸屁股,HOLD,1
NKE,2026-12-18,90.0,0.05,3579,5,77.3439765625,80,35.84000015258789,0.02,0.05,2026-09-28 13:36:45,🚬菸屁股,HOLD,1
NKE,2026-12-18,115.0,0.02,2387,5,92.57819921875,80,35.84000015258789,0.01,0.05,2026-09-22 13:38:08,🚬菸屁股,HOLD,1
NKE,2028-01-21,90.0,0.5,3397,5,49.82960327148438,479,35.84000015258789,0.46,0.71,2026-09-29 14:02:38,🔭LEAPS,HOLD,1
HBAN,2026-10-16,19.0,0.02,17424,5,54.68795312500001,17,15.270000457763672,0.0,0.05,2026-09-28 16:20:47,🚬菸屁股,HOLD,1
HBAN,2026-12-18,22.0,0.15,1356,5,53.71140039062501,80,15.270000457763672,0.0,0.3,2026-09-08 13:31:36,🚬菸屁股,HOLD,1
HBAN,2027-01-15,22.0,0.12,4742,5,49.60987890625,108,15.270000457763672,0.0,0.2,2026-08-31 13:49:54,🚬菸屁股,HOLD,1
HBAN,2028-01-21,20.0,0.69,1352,5,49.561051269531255,479,15.270000457763672,0.0,2.0,2026-09-18 19:28:27,🔭LEAPS,HOLD,1
KVUE,2026-10-09,18.0,0.19,1139,5,21.289849609375,10,17.90999984741211,0.13,0.21,2026-09-29 19:45:14,🚬菸屁股,HOLD,1
KVUE,2026-11-20,19.0,0.18,905,5,32.91082714843749,52,17.90999984741211,0.05,0.47,2026-09-29 15:22:30,🆕低基期(前日Vol2) 🚬菸屁股,HOLD,1
KEY,2026-11-20,24.0,0.05,2750,5,33.20379296875,52,20.1200008392334,0.0,0.1,2026-09-29 19:37:09,🚬菸屁股,HOLD,1
KEY,2026-12-18,23.0,0.15,1203,5,29.004616210937495,80,20.1200008392334,0.1,0.25,2026-09-28 19:56:25,🚬菸屁股,HOLD,1
KEY,2027-01-15,25.0,0.08,4992,5,26.95385546875,108,20.1200008392334,0.05,0.1,2026-09-29 15:43:47,🚬菸屁股,HOLD,1
META,2027-01-15,1300.0,0.63,1618,5,45.77690942382813,108,738.7899780273438,0.81,0.97,2026-09-29 13:56:56,🚬菸屁股,HOLD,1
F,2026-12-18,14.82,0.4,6146,5,51.27001855468749,80,12.300000190734863,0.32,0.49,2025-02-14 16:42:36,🚬菸屁股,HOLD,1
F,2026-12-18,16.82,0.3,8808,5,63.47692773437501,80,12.300000190734863,0.26,0.38,2025-02-14 17:09:28,🚬菸屁股,HOLD,1
F,2028-01-21,30.0,0.33,4387,5,51.36767382812499,479,12.300000190734863,0.09,0.31,2026-09-02 14:10:52,🔭LEAPS,HOLD,1
DIS,2026-11-20,135.0,0.2,908,5,38.13538427734374,52,105.41000366210938,0.09,0.3,2026-09-29 19:15:57,🚬菸屁股,HOLD,1
DIS,2027-01-15,155.0,0.13,1425,5,34.03386279296875,108,105.41000366210938,0.1,0.16,2026-09-29 19:28:09,🚬菸屁股,HOLD,1
DIS,2027-01-15,160.0,0.35,2359,5,41.33359448242187,108,105.41000366210938,0.09,0.36,2026-09-29 19:28:14,🚬菸屁股,HOLD,1
AMZN,2026-11-20,340.0,0.34,3917,5,42.2857333984375,52,246.6699981689453,0.25,0.38,2026-09-28 17:58:07,🚬菸屁股,HOLD,1
CRM,2027-01-15,370.0,0.75,1854,5,48.865257446289064,108,225.30999755859375,0.55,0.92,2026-09-29 17:24:15,🚬菸屁股,HOLD,1
CRM,2027-01-15,400.0,0.45,2724,5,52.58836474609375,108,225.30999755859375,0.18,0.71,2026-09-28 16:04:31,🚬菸屁股,HOLD,1
CRM,2027-01-15,550.0,0.07,5419,5,55.859816406250005,108,225.30999755859375,0.01,0.09,2026-09-29 19:54:04,🚬菸屁股,HOLD,1
MARA,2028-01-21,17.0,3.4,2077,5,87.30481445312499,479,11.989999771118164,3.25,3.45,2026-09-28 16:58:57,🔭LEAPS,HOLD,1
MARA,2028-01-21,27.0,2.04,783,5,88.67198828125,479,11.989999771118164,1.9,2.18,2026-09-29 19:17:54,🔭LEAPS,HOLD,1
MARA,2028-01-21,40.0,1.25,6660,5,91.3086806640625,479,11.989999771118164,1.2,1.39,2026-09-29 17:12:36,🔭LEAPS,HOLD,1
TSLA,2027-01-15,710.0,0.64,5718,4,56.86078295898438,108,352.84,0.6,0.66,2026-09-29 19:18:53,🆕低基期(前日Vol1) 🚬菸屁股,HOLD,1
NVDA,2028-01-21,420.0,6.35,21582,4,41.043680389404294,479,227.21,6.2,6.4,2026-09-29 17:43:07,🔭LEAPS,HOLD,1
SMCI,2026-12-18,72.0,0.94,1687,4,85.742330078125,80,41.02,0.6,0.97,2026-09-29 16:55:56,🚬菸屁股,HOLD,1
SMCI,2027-01-15,85.0,0.78,3521,4,86.27943408203124,108,41.02,0.51,0.9,2026-09-28 14:58:16,🚬菸屁股,HOLD,1
OKLO,2026-11-20,100.0,0.1,1725,4,115.0394873046875,52,37.11,0.05,0.15,2026-09-29 15:57:38,🚬菸屁股,HOLD,1
OKLO,2026-12-18,105.0,0.25,2589,4,106.64109179687502,80,37.11,0.1,0.31,2026-09-25 14:39:04,🚬菸屁股,HOLD,1
OKLO,2027-01-15,125.0,0.28,3397,4,100.39112304687498,108,37.11,0.01,0.32,2026-09-24 14:11:38,🚬菸屁股,HOLD,1
OKLO,2027-01-15,195.0,0.12,1228,4,130.27378613281246,108,37.11,0.0,0.37,2026-09-18 19:25:37,🚬菸屁股,HOLD,1
OKLO,2027-01-15,220.0,0.05,1282,4,131.25034374999998,108,37.11,0.0,0.25,2026-09-29 14:20:38,🆕低基期(前日Vol1) 🚬菸屁股,HOLD,1
OKLO,2028-01-21,55.0,9.01,1125,4,83.37418969726559,479,37.11,8.9,9.6,2026-09-29 17:45:23,🔭LEAPS,HOLD,1
VST,2026-11-20,190.0,0.96,4268,4,52.905744384765626,52,140.83,0.85,1.06,2026-09-29 19:10:58,🚬菸屁股,HOLD,1
VST,2026-11-20,200.0,0.59,757,4,54.297332031250015,52,140.83,0.5,0.72,2026-09-29 17:29:15,🆕低基期(前日Vol1) 🚬菸屁股,HOLD,1
VST,2026-11-20,220.0,0.27,2806,4,57.42230078125,52,140.83,0.2,0.35,2026-09-29 19:19:51,🆕低基期(前日Vol1) 🚬菸屁股,HOLD,1
RKLB,2026-12-18,195.0,0.25,819,4,103.71141894531253,80,69.7,0.15,0.53,2026-09-29 13:44:36,🚬菸屁股,HOLD,1
ASTS,2026-11-20,140.0,0.17,1741,4,113.47699511718751,52,59.4,0.15,0.5,2026-09-29 15:44:51,🆕低基期(前日Vol1) 🚬菸屁股,HOLD,1
ASTS,2028-01-21,175.0,6.44,1234,4,87.15833154296875,479,59.4,6.3,7.05,2026-09-29 19:06:26,🔭LEAPS,HOLD,1
IONQ,2026-10-16,85.0,0.1,2391,4,133.59408203124997,17,43.91,0.0,0.13,2026-09-29 19:14:11,🆕低基期(前日Vol1) 🚬菸屁股,HOLD,1
IONQ,2027-01-15,105.0,0.3,2529,4,91.60164648437501,108,43.91,0.35,0.72,2026-09-18 14:45:39,🚬菸屁股,HOLD,1
UPST,2028-01-21,47.5,4.2,771,4,78.19846020507812,479,23.14,3.15,3.55,2026-09-23 14:41:13,🔭LEAPS,HOLD,1
DKNG,2026-12-18,55.0,0.02,3393,4,116.40666796875001,80,19.59,0.0,0.39,2026-09-10 15:56:19,🚬菸屁股,HOLD,1
DKNG,2027-01-15,33.0,0.26,11754,4,68.84796777343752,108,19.59,0.21,0.49,2026-09-29 19:34:23,🚬菸屁股,HOLD,1
ROKU,2027-01-15,200.0,0.16,1086,4,29.444064941406246,108,152.14,0.01,0.5,2026-09-29 17:41:35,🚬菸屁股,HOLD,1
HOOD,2026-10-16,165.0,0.14,2960,4,75.39087109375001,17,116.22,0.11,0.14,2026-09-29 15:08:08,🚬菸屁股,HOLD,1
HOOD,2026-12-18,280.0,0.21,1140,4,82.91032714843749,80,116.22,0.07,0.49,2026-09-28 17:14:32,🚬菸屁股,HOLD,1
TDOC,2027-01-15,20.0,0.08,20339,4,113.28168359375002,108,5.75,0.02,0.08,2026-09-29 19:37:51,🚬菸屁股,HOLD,1
ZM,2027-01-15,165.0,0.2,1917,4,56.00629931640625,108,88.355,0.05,0.49,2026-09-23 17:48:01,🚬菸屁股,HOLD,1
XYZ,2026-12-18,135.0,0.3,839,4,84.81460498046874,80,74.05,0.0,2.23,2026-09-11 16:00:20,🚬菸屁股,HOLD,1
XYZ,2027-01-15,105.0,0.62,1732,4,47.046427978515624,108,74.05,0.63,0.89,2026-09-29 14:29:53,🆕低基期(前日Vol1) 🚬菸屁股,HOLD,1
XYZ,2027-01-15,125.0,0.5,7511,4,54.73678076171876,108,74.05,0.2,0.7,2026-09-29 19:03:43,🚬菸屁股,HOLD,1
XYZ,2027-01-15,145.0,0.19,23723,4,54.297332031250015,108,74.05,0.09,0.15,2026-09-29 16:33:22,🚬菸屁股,HOLD,1
OPEN,2028-01-21,12.0,0.28,4367,4,115.625421875,479,2.37,0.21,0.44,2026-09-29 19:27:45,🔭LEAPS,HOLD,1
NTLA,2026-10-16,17.0,0.05,1727,4,107.81296093750001,17,12.03,0.0,0.2,2026-09-24 15:04:42,🚬菸屁股,HOLD,1
NTLA,2027-01-15,17.5,0.48,1544,4,71.5823154296875,108,12.03,0.2,0.8,2026-09-29 18:13:44,🚬菸屁股,HOLD,1
NTLA,2027-01-15,25.0,0.13,1891,4,83.39860351562498,108,12.03,0.1,0.25,2026-09-28 15:26:44,🚬菸屁股,HOLD,1
HIMS,2026-10-16,41.0,0.1,879,4,85.937640625,17,28.700000762939453,0.02,0.11,2026-09-29 18:49:29,🚬菸屁股,HOLD,1
HIMS,2026-12-18,95.0,0.11,977,4,116.2113564453125,80,28.700000762939453,0.09,0.18,2026-09-28 19:44:35,🚬菸屁股,HOLD,1
HIMS,2027-01-15,80.0,0.3,4530,4,93.55475195312499,108,28.700000762939453,0.01,0.38,2026-09-23 15:59:06,🚬菸屁股,HOLD,1
HIMS,2028-01-21,28.0,10.85,893,4,84.15543188476562,479,28.700000762939453,10.7,11.0,2026-09-29 17:39:14,🔭LEAPS,HOLD,1
KTOS,2028-01-21,60.0,8.79,842,4,67.71272521972658,479,43.05,7.5,9.3,2026-09-29 18:33:48,🔭LEAPS,HOLD,1
ONDS,2026-12-18,11.0,0.34,5360,4,83.98453515624999,80,7.480000019073486,0.28,0.33,2026-09-29 15:24:20,🚬菸屁股,HOLD,1
LUNR,2026-12-18,35.0,0.16,1220,4,107.81296093750001,80,14.550000190734863,0.12,0.25,2026-09-28 14:45:44,🚬菸屁股,HOLD,1
LUNR,2027-01-15,37.0,0.2,2775,4,97.070341796875,108,14.550000190734863,0.13,0.24,2026-09-29 15:02:56,🆕低基期(前日Vol1) 🚬菸屁股,HOLD,1
SMR,2026-10-09,11.5,0.05,889,4,140.625296875,10,7.760000228881836,0.0,0.08,2026-09-29 15:56:05,🚬菸屁股,HOLD,1
SMR,2027-01-15,19.0,0.14,812,4,101.5629921875,108,7.760000228881836,0.11,0.18,2026-09-29 19:52:30,🚬菸屁股,HOLD,1
NNE,2026-10-16,25.0,0.04,780,4,110.9379453125,17,15.789999961853027,0.0,0.1,2026-09-29 13:58:13,🚬菸屁股,HOLD,1
NNE,2027-01-15,40.0,0.25,2426,4,91.79695703125,108,15.789999961853027,0.0,0.3,2026-09-25 13:30:01,🚬菸屁股,HOLD,1
CRWV,2026-10-16,195.0,0.04,7416,4,128.125359375,17,85.93000030517578,0.01,0.02,2026-09-29 13:31:32,🚬菸屁股,HOLD,1
CRWV,2027-01-15,210.0,0.83,2992,4,86.18177880859376,108,85.93000030517578,0.54,0.8,2026-09-24 16:48:01,🚬菸屁股,HOLD,1
CRWV,2027-01-15,250.0,0.29,2555,4,90.47861083984375,108,85.93000030517578,0.25,0.5,2026-09-28 19:50:08,🚬菸屁股,HOLD,1
PCG,2026-10-16,17.0,0.01,16775,4,68.7503125,17,12.180000305175781,0.0,0.02,2026-09-29 18:09:39,🆕低基期(前日Vol1) 🚬菸屁股,HOLD,1
TJX,2026-10-16,150.0,0.05,754,4,28.125718749999994,17,133.8000030517578,0.0,0.1,2026-09-29 18:25:34,🚬菸屁股,HOLD,1
TJX,2028-01-21,160.0,8.15,773,4,29.71261694335937,479,133.8000030517578,8.5,9.4,2026-09-29 14:44:10,🔭LEAPS,HOLD,1
O,2026-10-16,62.5,0.03,3062,4,31.445998046874994,17,55.13999938964844,0.0,0.05,2026-09-29 17:15:09,🚬菸屁股,HOLD,1
KHC,2026-12-18,47.5,0.02,927,4,62.500375000000005,80,23.450000762939453,0.0,0.05,2026-09-14 14:21:02,🚬菸屁股,HOLD,1
KHC,2026-12-18,50.0,0.01,2703,4,62.500375000000005,80,23.450000762939453,0.0,0.03,2026-07-31 18:18:55,🚬菸屁股,HOLD,1
NKE,2026-11-20,57.5,0.07,991,4,58.984785156250005,52,35.84000015258789,0.05,0.07,2026-09-29 18:40:39,🚬菸屁股,HOLD,1
NKE,2027-01-15,87.5,0.07,2613,4,68.94562304687501,108,35.84000015258789,0.0,0.12,2026-09-23 17:28:28,🚬菸屁股,HOLD,1
KEY,2026-10-16,22.0,0.05,4645,4,29.688203124999994,17,20.1200008392334,0.0,0.05,2026-09-29 15:15:34,🚬菸屁股,HOLD,1
PANW,2026-10-16,500.0,0.45,2508,4,60.644924804687506,17,388.4100036621094,0.1,1.08,2026-09-29 19:34:46,🆕低基期(前日Vol1) 🚬菸屁股,HOLD,1
BA,2026-11-20,270.0,0.15,2691,4,47.11966943359375,52,187.67999267578125,0.01,0.3,2026-09-29 18:25:09,🚬菸屁股,HOLD,1
BA,2026-11-20,285.0,0.1,2154,4,45.117736328125005,52,187.67999267578125,0.02,0.09,2026-09-29 13:58:26,🚬菸屁股,HOLD,1
BA,2027-01-15,265.0,0.81,1087,4,39.99083447265625,108,187.67999267578125,0.64,1.16,2026-09-29 19:25:52,🚬菸屁股,HOLD,1
BA,2027-01-15,305.0,0.29,798,4,44.482977050781244,108,187.67999267578125,0.0,0.48,2026-09-28 19:33:45,🚬菸屁股,HOLD,1
BA,2027-01-15,320.0,0.15,2539,4,45.4107021484375,108,187.67999267578125,0.09,0.33,2026-09-29 18:09:18,🚬菸屁股,HOLD,1
DIS,2026-12-18,145.0,0.14,1330,4,35.352208984375,80,105.41000366210938,0.06,0.21,2026-09-28 16:41:24,🚬菸屁股,HOLD,1
MARA,2026-12-18,22.0,0.26,2011,4,86.52357226562499,80,11.989999771118164,0.11,0.27,2026-09-29 16:43:20,🚬菸屁股,HOLD,1
TSLA,2026-10-16,900.0,0.02,8570,3,118.75040625,17,352.84,0.0,0.01,2026-09-28 14:39:08,🚬菸屁股,HOLD,1
NVDA,2026-12-18,400.0,0.05,6944,3,46.680220703125,80,227.21,0.05,0.1,2026-09-29 16:37:09,🚬菸屁股,HOLD,1
NVDA,2028-06-16,300.0,31.45,5859,3,43.684950363159174,626,227.21,29.0,29.6,2026-09-28 18:14:04,🔭LEAPS,HOLD,1
IBIT,2027-01-15,95.0,0.14,17571,3,58.39885351562499,108,47.33,0.1,0.11,2026-09-24 16:49:42,🚬菸屁股,HOLD,1
PLTR,2026-12-18,410.0,0.07,7429,3,61.328511718750015,80,186.97,0.05,0.1,2026-09-29 13:47:31,🚬菸屁股,HOLD,1
SMCI,2026-12-18,90.0,0.38,4618,3,92.9688203125,80,41.02,0.31,0.42,2026-09-29 16:22:18,🚬菸屁股,HOLD,1
SMCI,2026-12-18,120.0,0.16,10924,3,103.51610742187502,80,41.02,0.11,0.2,2026-09-29 15:55:56,🚬菸屁股,HOLD,1
SMCI,2027-01-15,105.0,0.38,13522,3,95.21489160156248,108,41.02,0.36,0.55,2026-09-29 18:34:40,🚬菸屁股,HOLD,1
SMCI,2028-01-21,60.0,10.55,6315,3,82.04363659667968,479,41.02,9.75,10.5,2026-09-29 16:08:01,🔭LEAPS,HOLD,1
OKLO,2026-12-18,115.0,0.18,1346,3,108.3988955078125,80,37.11,0.01,0.28,2026-09-29 15:54:40,🚬菸屁股,HOLD,1
OKLO,2028-01-21,260.0,1.44,2534,3,95.48344360351561,479,37.11,1.2,1.68,2026-09-29 19:27:51,🔭LEAPS,HOLD,1
VST,2026-12-18,250.0,0.33,1098,3,57.32464550781251,80,140.83,0.0,0.58,2026-09-22 19:31:57,🚬菸屁股,HOLD,1
VST,2027-01-15,230.0,0.88,762,3,52.29539892578124,108,140.83,0.52,1.23,2026-09-29 14:08:57,🚬菸屁股,HOLD,1
VST,2028-01-21,320.0,4.57,814,3,52.972882385253925,479,140.83,4.45,5.7,2026-09-28 19:19:47,🔭LEAPS,HOLD,1
RKLB,2028-01-21,180.0,7.4,1074,3,78.78439184570311,479,69.7,6.7,7.6,2026-09-29 15:19:18,🆕低基期(前日Vol1) 🔭LEAPS,HOLD,1
RKLB,2028-01-21,185.0,7.82,1902,3,79.24825439453124,479,69.7,6.35,7.55,2026-09-28 19:44:39,🔭LEAPS,HOLD,1
ASTS,2026-10-16,115.0,0.09,1515,3,135.547197265625,17,59.4,0.0,0.2,2026-09-29 18:56:36,🚬菸屁股,HOLD,1
ASTS,2027-01-15,155.0,0.78,972,3,96.3867548828125,108,59.4,0.5,0.8,2026-09-25 18:55:22,🚬菸屁股,HOLD,1
ASTS,2028-01-21,125.0,10.6,1024,3,86.12074426269531,479,59.4,10.1,10.55,2026-09-29 16:36:02,🔭LEAPS,HOLD,1
UPST,2027-01-15,80.0,0.04,2103,3,109.76607617187501,108,23.14,0.01,0.33,2026-09-25 15:02:27,🚬菸屁股,HOLD,1
SOFI,2028-06-16,5.0,11.65,998,3,92.0899228515625,626,15.91,11.55,12.0,2026-09-28 19:46:35,🔭LEAPS,HOLD,1
DKNG,2026-12-18,50.0,0.08,1457,3,87.89074609375,80,19.59,0.02,0.08,2026-09-29 18:53:45,🆕低基期(前日Vol1) 🚬菸屁股,HOLD,1
IREN,2026-10-16,90.0,0.03,7436,3,140.625296875,17,41.38,0.01,0.05,2026-09-29 14:36:54,🚬菸屁股,HOLD,1
IREN,2026-11-20,90.0,0.17,2343,3,101.3676806640625,52,41.38,0.11,0.25,2026-09-29 17:42:34,🚬菸屁股,HOLD,1
IREN,2028-01-21,90.0,7.5,9199,3,89.31895446777342,479,41.38,7.15,7.8,2026-09-29 16:29:37,🔭LEAPS,HOLD,1
IREN,2028-01-21,115.0,5.81,1896,3,90.34433483886718,479,41.38,4.9,6.3,2026-09-29 16:35:58,🔭LEAPS,HOLD,1
IREN,2028-01-21,120.0,5.5,762,3,91.211025390625,479,41.38,4.85,6.0,2026-09-29 16:35:58,🔭LEAPS,HOLD,1
U,2026-10-16,70.0,0.05,1730,3,105.46922265625001,17,39.72,0.0,0.05,2026-09-29 14:50:19,🚬菸屁股,HOLD,1
U,2027-01-15,70.0,0.41,3178,3,65.9183095703125,108,39.72,0.12,0.79,2026-09-29 14:01:34,🚬菸屁股,HOLD,1
PATH,2028-01-21,35.0,0.81,872,3,75.53735400390626,479,12.32,0.71,1.16,2026-09-29 17:35:15,🔭LEAPS,HOLD,1
HOOD,2026-12-18,240.0,0.41,1958,3,73.77955908203124,80,116.22,0.12,0.62,2026-09-29 15:52:06,🚬菸屁股,HOLD,1
ZM,2026-11-20,135.0,0.42,1751,3,53.320779296874996,52,88.355,0.0,0.14,2026-09-14 16:36:32,🚬菸屁股,HOLD,1
ZM,2026-12-18,120.0,0.75,2952,3,50.07374145507812,80,88.355,0.49,1.08,2026-09-29 14:39:24,🚬菸屁股,HOLD,1
XYZ,2028-01-21,120.0,5.58,1481,3,50.78784564208985,479,74.05,5.4,6.8,2026-09-29 15:12:17,🔭LEAPS,HOLD,1
OPEN,2026-12-18,7.0,0.09,1526,3,141.40654296875002,80,2.37,0.02,0.09,2026-09-29 19:26:13,🚬菸屁股,HOLD,1
NTLA,2026-10-16,14.0,0.15,1200,3,82.0314296875,17,12.03,0.1,0.4,2026-09-29 19:26:25,🚬菸屁股,HOLD,1
NTLA,2028-01-21,42.0,0.85,6099,3,84.961087890625,479,12.03,0.4,1.5,2026-09-28 19:51:34,🔭LEAPS,HOLD,1
BEAM,2027-01-15,50.0,0.39,1553,3,88.2813671875,108,24.52,0.0,1.0,2026-09-23 16:09:08,🚬菸屁股,HOLD,1
KTOS,2027-01-15,110.0,0.25,876,3,79.101771484375,108,43.05,0.1,0.2,2026-09-29 16:50:03,🆕低基期(前日Vol1) 🚬菸屁股,HOLD,1
LUNR,2026-12-18,27.0,0.42,2857,3,96.48441015625,80,14.550000190734863,0.28,0.41,2026-09-24 14:25:49,🚬菸屁股,HOLD,1
LUNR,2027-01-15,22.0,0.99,2676,3,91.8946123046875,108,14.550000190734863,0.96,1.05,2026-09-29 19:55:02,🚬菸屁股,HOLD,1
LUNR,2028-01-21,35.0,3.48,900,3,99.38965454101563,479,14.550000190734863,2.62,3.3,2026-09-25 18:42:43,🔭LEAPS,HOLD,1
SMR,2027-01-15,22.0,0.19,2897,3,108.203583984375,108,7.760000228881836,0.06,0.17,2026-09-28 18:15:23,🚬菸屁股,HOLD,1
SMR,2027-01-15,30.0,0.12,5680,3,113.28168359375002,108,7.760000228881836,0.02,0.07,2026-09-28 17:31:27,🚬菸屁股,HOLD,1
NNE,2027-01-15,27.0,0.5,4767,3,81.73846386718748,108,15.789999961853027,0.4,0.6,2026-09-29 16:30:28,🆕低基期(前日Vol1) 🚬菸屁股,HOLD,1
VRT,2026-10-16,380.0,0.01,2671,3,64.8441015625,17,248.33999633789062,0.0,0.03,2026-09-28 16:02:05,🚬菸屁股,HOLD,1
CRWV,2026-10-09,130.0,0.05,1221,3,101.5629921875,10,85.93000030517578,0.01,0.07,2026-09-29 14:37:07,🚬菸屁股,HOLD,1
CRWV,2026-10-16,165.0,0.07,2780,3,113.67230664062502,17,85.93000030517578,0.0,0.07,2026-09-22 14:54:52,🚬菸屁股,HOLD,1
CRWV,2026-12-18,180.0,0.56,1058,3,86.4259169921875,80,85.93000030517578,0.57,0.75,2026-09-28 15:17:06,🚬菸屁股,HOLD,1
CRWV,2027-01-15,270.0,0.19,2914,3,89.84385156249999,108,85.93000030517578,0.03,0.44,2026-09-28 14:38:14,🚬菸屁股,HOLD,1
PCG,2026-10-09,13.5,0.03,1092,3,46.0942890625,10,12.180000305175781,0.01,0.04,2026-09-29 17:44:35,🚬菸屁股,HOLD,1
TJX,2028-01-21,165.0,7.8,1154,3,29.614961669921875,479,133.8000030517578,5.8,8.2,2026-09-29 18:37:09,🔭LEAPS,HOLD,1
O,2026-12-18,70.0,0.05,1884,3,27.539787109375,80,55.13999938964844,0.0,0.1,2026-09-29 16:14:11,🆕低基期(前日Vol1) 🚬菸屁股,HOLD,1
KHC,2026-10-16,30.0,0.02,1741,3,54.68795312500001,17,23.450000762939453,0.0,0.04,2026-09-25 19:18:15,🚬菸屁股,HOLD,1
NKE,2026-11-20,60.0,0.06,4430,3,69.14093359375,52,35.84000015258789,0.03,0.19,2026-09-29 14:14:15,🚬菸屁股,HOLD,1
NKE,2027-01-15,97.5,0.04,3212,3,73.437765625,108,35.84000015258789,0.0,0.09,2026-09-18 16:31:58,🚬菸屁股,HOLD,1
KEY,2026-12-18,21.0,0.65,1104,3,29.590547851562498,80,20.1200008392334,0.6,0.75,2026-09-29 18:02:41,🚬菸屁股,HOLD,1
KEY,2026-12-18,22.0,0.35,3638,3,27.783925292968746,80,20.1200008392334,0.3,0.4,2026-09-28 18:41:58,🚬菸屁股,HOLD,1
KEY,2026-12-18,25.0,0.05,5879,3,31.250687499999998,80,20.1200008392334,0.0,0.1,2026-09-29 16:05:39,🆕低基期(前日Vol1) 🚬菸屁股,HOLD,1
BA,2026-11-20,260.0,0.26,2266,3,43.311113769531254,52,187.67999267578125,0.12,0.31,2026-09-29 17:22:53,🚬菸屁股,HOLD,1
BA,2027-01-15,270.0,0.75,1370,3,38.63586755371094,108,187.67999267578125,0.55,0.8,2026-09-29 16:14:32,🚬菸屁股,HOLD,1
BA,2027-01-15,275.0,0.55,879,3,39.368282104492195,108,187.67999267578125,0.34,0.72,2026-09-29 19:18:54,🚬菸屁股,HOLD,1
BA,2028-01-21,380.0,3.15,2592,3,40.63169720458985,479,187.67999267578125,2.65,3.45,2026-09-29 13:33:42,🔭LEAPS,HOLD,1
DIS,2026-12-18,170.0,0.1,3010,3,51.025880371093756,80,105.41000366210938,0.0,0.27,2026-09-14 17:35:16,🚬菸屁股,HOLD,1
DIS,2027-01-15,130.0,0.7,6048,3,30.908894042968747,108,105.41000366210938,0.61,1.0,2026-09-29 15:26:22,🚬菸屁股,HOLD,1
DIS,2027-01-15,150.0,0.18,17549,3,32.471378417968744,108,105.41000366210938,0.15,0.19,2026-09-29 17:52:33,🚬菸屁股,HOLD,1
JPM,2026-10-16,395.0,0.1,1435,3,37.061176269531245,17,334.9800109863281,0.0,0.21,2026-09-29 18:09:37,🚬菸屁股,HOLD,1
AMZN,2026-12-18,355.0,0.38,1191,3,39.45373046875,80,246.6699981689453,0.29,0.5,2026-09-29 19:20:23,🚬菸屁股,HOLD,1
MARA,2027-01-15,30.0,0.17,13704,3,96.0937890625,108,11.989999771118164,0.14,0.17,2026-09-29 19:58:42,🚬菸屁股,HOLD,1
MARA,2027-01-15,37.0,0.1,6024,3,106.25046875000001,108,11.989999771118164,0.06,0.17,2026-09-28 19:40:06,🚬菸屁股,HOLD,1
MARA,2028-01-21,10.0,5.85,5102,3,93.21295849609376,479,11.989999771118164,5.3,5.75,2026-09-28 15:50:28,🔭LEAPS,HOLD,1
CHPT,2027-02-19,16.0,0.15,1040,3,78.8088056640625,143,9.520000457763672,0.1,0.8,2026-09-28 14:14:10,🚬菸屁股,HOLD,1
TSLA,2026-12-18,960.0,0.13,5654,2,75.00025000000001,80,352.84,0.1,0.16,2026-09-29 16:59:01,🚬菸屁股,HOLD,1
NVDA,2026-12-18,420.0,0.09,6001,2,50.19581054687501,80,227.21,0.03,0.1,2026-09-29 13:53:05,🚬菸屁股,HOLD,1
NVDA,2028-01-21,360.0,11.59,7890,2,41.27561166381836,479,227.21,11.05,11.65,2026-09-29 18:48:20,🔭LEAPS,HOLD,1
IBIT,2027-01-15,64.0,0.59,10496,2,43.2622861328125,108,47.33,0.58,0.61,2026-09-29 19:41:52,🚬菸屁股,HOLD,1
IBIT,2028-01-21,62.0,5.88,5650,2,48.41360180664063,479,47.33,5.75,5.95,2026-09-29 19:41:52,🔭LEAPS,HOLD,1
IBIT,2028-01-21,85.0,2.69,15009,2,49.09718872070313,479,47.33,2.54,2.68,2026-09-29 13:39:09,🔭LEAPS,HOLD,1
SMCI,2026-12-18,106.0,0.26,2345,2,100.39112304687498,80,41.02,0.1,0.39,2026-09-22 17:20:39,🚬菸屁股,HOLD,1
SMCI,2027-01-15,80.0,0.91,14904,2,85.8399853515625,108,41.02,0.76,1.04,2026-09-29 19:06:47,🚬菸屁股,HOLD,1
SMCI,2027-01-15,95.0,0.73,1232,2,88.5743330078125,108,41.02,0.28,0.69,2026-09-25 17:11:54,🚬菸屁股,HOLD,1
SMCI,2028-01-21,70.0,8.4,2419,2,81.86053295898436,479,41.02,8.05,8.75,2026-09-29 19:43:36,🔭LEAPS,HOLD,1
OKLO,2026-11-20,105.0,0.17,957,2,123.24257128906248,52,37.11,0.0,0.25,2026-09-23 13:43:15,🚬菸屁股,HOLD,1
OKLO,2026-12-18,165.0,0.07,3560,2,131.25034374999998,80,37.11,0.07,0.16,2026-09-29 19:37:00,🚬菸屁股,HOLD,1
OKLO,2027-01-15,140.0,0.14,1007,2,112.109814453125,108,37.11,0.0,0.44,2026-09-28 17:25:56,🚬菸屁股,HOLD,1
OKLO,2027-01-15,260.0,0.05,5768,2,129.297228515625,108,37.11,0.01,0.1,2026-09-29 13:34:08,🚬菸屁股,HOLD,1
OKLO,2028-01-21,130.0,3.4,1303,2,89.5386788330078,479,37.11,2.59,4.4,2026-09-29 15:44:33,🔭LEAPS,HOLD,1
OKLO,2028-01-21,145.0,2.85,1560,2,90.30771411132812,479,37.11,1.92,4.15,2026-09-29 19:30:36,🔭LEAPS,HOLD,1
VST,2026-11-20,240.0,0.12,2017,2,59.766027343750004,52,140.83,0.04,0.21,2026-09-29 17:35:26,🚬菸屁股,HOLD,1
RKLB,2026-10-16,135.0,0.03,1291,2,115.625421875,17,69.7,0.0,0.06,2026-09-29 19:39:16,🚬菸屁股,HOLD,1
RKLB,2026-12-18,185.0,0.26,1536,2,95.507857421875,80,69.7,0.15,0.36,2026-09-29 13:34:02,🚬菸屁股,HOLD,1
RKLB,2027-01-15,195.0,0.38,1235,2,90.23447265624999,108,69.7,0.32,0.41,2026-09-29 14:03:31,🚬菸屁股,HOLD,1
RKLB,2028-01-21,130.0,11.7,3175,2,79.0041162109375,479,69.7,11.2,12.5,2026-09-29 19:21:41,🔭LEAPS,HOLD,1
ASTS,2027-01-15,145.0,0.95,910,2,97.60744580078125,108,59.4,0.76,1.08,2026-09-28 13:33:11,🚬菸屁股,HOLD,1
ASTS,2027-01-15,185.0,0.42,1233,2,105.56687841796877,108,59.4,0.36,0.69,2026-09-29 18:40:45,🚬菸屁股,HOLD,1
IONQ,2026-12-18,105.0,0.32,1759,2,97.85158398437501,80,43.91,0.18,0.49,2026-09-24 16:12:33,🚬菸屁股,HOLD,1
IONQ,2028-01-21,115.0,5.85,816,2,83.33756896972655,479,43.91,4.45,5.9,2026-09-25 17:37:54,🔭LEAPS,HOLD,1
IONQ,2028-01-21,140.0,3.7,1292,2,83.98453515624999,479,43.91,3.5,4.25,2026-09-29 16:56:16,🔭LEAPS,HOLD,1
UPST,2026-10-16,32.5,0.03,1416,2,80.4689453125,17,23.14,0.01,0.08,2026-09-29 19:15:24,🚬菸屁股,HOLD,1
UPST,2026-10-16,35.0,0.02,1266,2,89.062609375,17,23.14,0.0,0.06,2026-09-29 18:34:31,🚬菸屁股,HOLD,1
UPST,2026-10-16,50.0,0.03,2323,2,145.3127734375,17,23.14,0.0,0.05,2026-09-25 17:16:00,🚬菸屁股,HOLD,1
UPST,2027-01-15,35.0,0.8,2104,2,68.94562304687501,108,23.14,0.54,0.9,2026-09-29 16:56:09,🚬菸屁股,HOLD,1
UPST,2027-01-15,45.0,0.35,2059,2,74.414318359375,108,23.14,0.19,0.35,2026-09-29 19:51:17,🚬菸屁股,HOLD,1
UPST,2027-01-15,55.0,0.15,1345,2,89.062609375,108,23.14,0.1,0.4,2026-09-29 16:42:38,🚬菸屁股,HOLD,1
UPST,2027-01-15,100.0,0.04,5992,2,105.46922265625001,108,23.14,0.01,0.08,2026-09-29 19:46:05,🚬菸屁股,HOLD,1
UPST,2028-01-21,15.0,11.9,1042,2,85.71791625976562,479,23.14,10.95,12.8,2026-09-29 19:35:17,🔭LEAPS,HOLD,1
UPST,2028-01-21,20.0,9.6,1202,2,81.95818823242188,479,23.14,9.2,9.7,2026-09-29 15:49:50,🔭LEAPS,HOLD,1
UPST,2028-01-21,40.0,4.3,2303,2,78.39377075195313,479,23.14,4.1,4.5,2026-09-29 19:20:20,🔭LEAPS,HOLD,1
UPST,2028-01-21,80.0,1.4,1132,2,79.32149584960936,479,23.14,1.2,1.68,2026-09-29 16:07:16,🔭LEAPS,HOLD,1
SOFI,2026-10-16,30.0,0.01,11024,2,106.25046875000001,17,15.91,0.0,0.01,2026-09-29 16:19:24,🚬菸屁股,HOLD,1
SOFI,2028-01-21,5.0,11.6,978,2,89.257919921875,479,15.91,11.15,11.75,2026-09-25 16:25:26,🔭LEAPS,HOLD,1
DKNG,2026-12-18,43.0,0.05,5518,2,85.937640625,80,19.59,0.01,0.21,2026-09-25 16:28:25,🚬菸屁股,HOLD,1
DKNG,2028-01-21,65.0,0.55,4830,2,64.45348046875,479,19.59,0.4,0.7,2026-09-29 16:50:48,🔭LEAPS,HOLD,1
IREN,2026-10-16,80.0,0.03,3846,2,117.1879140625,17,41.38,0.01,0.03,2026-09-29 17:48:52,🚬菸屁股,HOLD,1
IREN,2026-11-20,130.0,0.06,1328,2,118.75040625,52,41.38,0.01,0.1,2026-09-28 13:30:03,🚬菸屁股,HOLD,1
IREN,2026-12-18,90.0,0.47,4715,2,93.35944140625,80,41.38,0.19,0.6,2026-09-29 16:42:37,🚬菸屁股,HOLD,1
IREN,2026-12-18,130.0,0.11,991,2,113.47699511718751,80,41.38,0.02,0.4,2026-09-29 19:12:07,🚬菸屁股,HOLD,1
IREN,2026-12-18,135.0,0.17,820,2,109.57076464843752,80,41.38,0.1,0.17,2026-09-29 19:11:56,🚬菸屁股,HOLD,1
IREN,2028-01-21,95.0,7.65,1504,2,87.43909045410156,479,41.38,5.6,7.7,2026-09-28 14:43:52,🔭LEAPS,HOLD,1
PATH,2026-10-16,16.0,0.02,2565,2,65.62534375000001,17,12.32,0.01,0.04,2026-09-29 19:20:52,🚬菸屁股,HOLD,1
PATH,2026-10-16,21.0,0.01,969,2,109.375453125,17,12.32,0.0,0.03,2026-09-25 16:18:12,🚬菸屁股,HOLD,1
PATH,2026-11-20,16.0,0.19,6366,2,59.96133789062501,52,12.32,0.16,0.23,2026-09-29 15:05:01,🚬菸屁股,HOLD,1
PATH,2026-11-20,19.0,0.06,5260,2,64.45348046875,52,12.32,0.02,0.09,2026-09-29 16:09:05,🚬菸屁股,HOLD,1
PATH,2026-11-20,23.0,0.08,4302,2,100.39112304687498,52,12.32,0.0,0.26,2026-09-17 19:29:01,🚬菸屁股,HOLD,1
PATH,2028-01-21,22.0,1.84,2219,2,73.65748999023438,479,12.32,1.69,2.17,2026-09-28 18:51:22,🔭LEAPS,HOLD,1
HOOD,2028-01-21,260.0,10.14,1448,2,68.68317449951174,479,116.22,9.0,11.75,2026-09-29 18:56:48,🔭LEAPS,HOLD,1
HOOD,2028-01-21,280.0,9.69,3065,2,69.12872668457032,479,116.22,8.55,9.7,2026-09-25 19:50:00,🔭LEAPS,HOLD,1
TDOC,2026-10-09,6.5,0.02,1987,2,68.7503125,10,5.75,0.0,0.1,2026-09-29 19:37:29,🚬菸屁股,HOLD,1
TDOC,2026-10-16,10.0,0.01,3309,2,125.00037499999999,17,5.75,0.0,0.03,2026-09-29 19:35:49,🚬菸屁股,HOLD,1
TDOC,2027-01-15,12.5,0.06,5046,2,81.64080859375,108,5.75,0.02,0.1,2026-09-29 16:56:36,🚬菸屁股,HOLD,1
TDOC,2028-01-21,12.0,0.6,1137,2,67.28548339843752,479,5.75,0.48,0.63,2026-09-28 16:29:15,🔭LEAPS,HOLD,1
ZM,2027-01-15,125.0,0.59,5081,2,48.75539526367188,108,88.355,0.54,1.24,2026-09-29 14:45:18,🚬菸屁股,HOLD,1
XYZ,2026-12-18,100.0,0.68,2469,2,48.75539526367188,80,74.05,0.56,0.86,2026-09-29 14:17:46,🚬菸屁股,HOLD,1
XYZ,2027-01-15,110.0,0.6,2464,2,48.120635986328125,108,74.05,0.51,0.67,2026-09-29 18:57:56,🚬菸屁股,HOLD,1
XYZ,2027-01-15,115.0,0.39,1339,2,48.950705810546886,108,74.05,0.26,0.5,2026-09-29 14:33:03,🚬菸屁股,HOLD,1
XYZ,2027-01-15,130.0,0.26,1340,2,52.97898583984376,108,74.05,0.04,0.5,2026-09-25 13:30:20,🚬菸屁股,HOLD,1
OPEN,2027-01-15,6.0,0.08,10711,2,117.1879140625,108,2.37,0.07,0.08,2026-09-29 16:52:27,🚬菸屁股,HOLD,1
OPEN,2028-06-16,5.0,0.7,777,2,100.1958115234375,626,2.37,0.66,0.77,2026-09-29 13:58:07,🔭LEAPS,HOLD,1
CRSP,2028-01-21,70.0,11.25,760,2,63.7576866455078,479,56.0,10.4,13.1,2026-09-29 15:54:53,🔭LEAPS,HOLD,1
NTLA,2028-01-21,7.5,6.2,1096,2,110.25435498046878,479,12.03,5.8,8.5,2026-09-28 14:24:45,🔭LEAPS,HOLD,1
BEAM,2028-01-21,35.0,5.25,882,2,71.14286669921876,479,24.52,2.5,7.5,2026-09-23 19:58:49,🔭LEAPS,HOLD,1
PACB,2027-01-15,1.0,0.76,2165,2,78.12521875,108,1.83,0.7,1.0,2026-09-28 15:49:30,🚬菸屁股,HOLD,1
HIMS,2026-12-18,100.0,0.08,3297,2,116.2113564453125,80,28.700000762939453,0.04,0.17,2026-09-28 15:20:00,🚬菸屁股,HOLD,1
HIMS,2027-01-15,90.0,0.17,4789,2,92.57819921875,108,28.700000762939453,0.01,0.19,2026-09-29 19:03:06,🚬菸屁股,HOLD,1
ONDS,2027-01-15,16.0,0.15,1119,2,88.2813671875,108,7.480000019073486,0.08,0.17,2026-09-29 13:52:52,🚬菸屁股,HOLD,1
LUNR,2026-12-18,65.0,0.1,1036,2,146.875265625,80,14.550000190734863,0.01,0.2,2026-09-22 18:57:21,🚬菸屁股,HOLD,1
LUNR,2028-01-21,17.0,5.75,1285,2,104.32176745605473,479,14.550000190734863,5.5,6.35,2026-09-29 14:09:47,🔭LEAPS,HOLD,1
JOBY,2026-10-16,11.0,0.01,5540,2,145.3127734375,17,5.989999771118164,0.0,0.05,2026-09-29 17:20:33,🚬菸屁股,HOLD,1
JOBY,2026-10-16,12.0,0.01,2252,2,140.625296875,17,5.989999771118164,0.0,0.02,2026-09-29 19:54:29,🚬菸屁股,HOLD,1
JOBY,2027-01-15,14.0,0.06,3008,2,92.57819921875,108,5.989999771118164,0.05,0.12,2026-09-28 16:57:16,🚬菸屁股,HOLD,1
JOBY,2027-01-15,32.0,0.01,1046,2,138.28155859374996,108,5.989999771118164,0.0,0.09,2026-09-18 18:35:05,🚬菸屁股,HOLD,1
JOBY,2027-01-15,37.0,0.02,787,2,125.00037499999999,108,5.989999771118164,0.0,0.02,2026-09-24 14:24:46,🚬菸屁股,HOLD,1
JOBY,2028-01-21,27.0,0.25,1912,2,82.71501660156248,479,5.989999771118164,0.2,0.33,2026-09-29 15:09:36,🔭LEAPS,HOLD,1
SMR,2026-10-16,17.0,0.01,4955,2,137.50031249999998,17,7.760000228881836,0.0,0.01,2026-09-28 15:09:35,🚬菸屁股,HOLD,1
SMR,2026-11-20,17.0,0.05,1649,2,103.12548437500001,52,7.760000228881836,0.0,0.07,2026-09-25 19:02:55,🚬菸屁股,HOLD,1
SMR,2027-01-15,18.0,0.15,1023,2,100.78174609374999,108,7.760000228881836,0.11,0.23,2026-09-29 17:01:05,🚬菸屁股,HOLD,1
NNE,2027-01-15,25.0,0.75,1514,2,83.59391406249999,108,15.789999961853027,0.6,0.85,2026-09-28 19:43:46,🚬菸屁股,HOLD,1
NNE,2028-01-21,50.0,1.87,797,2,88.59874682617188,479,15.789999961853027,0.95,2.4,2026-09-18 17:22:02,🔭LEAPS,HOLD,1
CRWV,2026-10-16,190.0,0.01,988,2,132.81283593749998,17,85.93000030517578,0.0,0.06,2026-09-28 19:44:24,🚬菸屁股,HOLD,1
CRWV,2026-11-20,180.0,0.24,997,2,93.0664755859375,52,85.93000030517578,0.19,0.36,2026-09-28 17:00:17,🚬菸屁股,HOLD,1
CRWV,2027-01-15,190.0,0.94,3120,2,82.93474096679687,108,85.93000030517578,0.84,0.95,2026-09-29 16:23:02,🚬菸屁股,HOLD,1
PCG,2026-10-16,15.0,0.02,20455,2,54.68795312500001,17,12.180000305175781,0.01,0.04,2026-09-29 18:09:39,🚬菸屁股,HOLD,1
PCG,2026-12-18,25.0,0.04,9213,2,78.51583984375,80,12.180000305175781,0.0,0.12,2026-09-28 17:59:50,🚬菸屁股,HOLD,1
PCG,2027-01-15,19.0,0.13,25920,2,64.25816992187501,108,12.180000305175781,0.14,0.37,2026-09-29 16:21:46,🚬菸屁股,HOLD,1
O,2027-01-15,72.5,0.04,1232,2,26.465579101562497,108,55.13999938964844,0.0,0.1,2026-09-29 16:48:28,🚬菸屁股,HOLD,1
KHC,2026-12-18,35.0,0.03,1207,2,41.4068359375,80,23.450000762939453,0.02,0.04,2026-09-28 16:51:03,🚬菸屁股,HOLD,1
KHC,2026-12-18,42.5,0.04,831,2,77.148666015625,80,23.450000762939453,0.0,0.47,2026-07-20 18:28:43,🚬菸屁股,HOLD,1
KHC,2027-01-15,40.0,0.02,3662,2,46.680220703125,108,23.450000762939453,0.01,0.05,2026-09-25 15:20:37,🚬菸屁股,HOLD,1
NKE,2026-12-18,110.0,0.08,4017,2,88.2813671875,80,35.84000015258789,0.0,0.05,2026-09-25 14:04:41,🚬菸屁股,HOLD,1
NKE,2026-12-18,120.0,0.02,1743,2,89.062609375,80,35.84000015258789,0.0,0.03,2026-09-18 18:11:12,🚬菸屁股,HOLD,1
NKE,2026-12-18,140.0,0.02,2322,2,101.5629921875,80,35.84000015258789,0.01,0.03,2026-09-28 18:24:51,🚬菸屁股,HOLD,1
NKE,2026-12-18,145.0,0.02,1734,2,101.5629921875,80,35.84000015258789,0.0,0.03,2026-09-25 14:04:43,🚬菸屁股,HOLD,1
NKE,2027-01-15,62.5,0.14,2808,2,55.9574716796875,108,35.84000015258789,0.1,0.28,2026-09-29 17:44:00,🚬菸屁股,HOLD,1
NKE,2027-01-15,82.5,0.08,1922,2,69.336244140625,108,35.84000015258789,0.04,0.15,2026-09-23 16:48:48,🚬菸屁股,HOLD,1
NKE,2027-01-15,85.0,0.07,2851,2,64.8441015625,108,35.84000015258789,0.0,0.09,2026-09-28 18:50:22,🚬菸屁股,HOLD,1
NKE,2027-01-15,90.0,0.05,3612,2,69.14093359375,108,35.84000015258789,0.04,0.06,2026-09-29 18:19:06,🚬菸屁股,HOLD,1
NKE,2028-01-21,57.5,1.93,3628,2,45.05670178222656,479,35.84000015258789,1.87,2.24,2026-09-29 17:55:23,🔭LEAPS,HOLD,1
NKE,2028-01-21,62.5,1.66,856,2,45.508357421875004,479,35.84000015258789,1.28,1.77,2026-09-28 16:26:00,🔭LEAPS,HOLD,1
NKE,2028-01-21,65.0,1.4,5940,2,45.28863305664063,479,35.84000015258789,1.27,1.53,2026-09-29 13:46:54,🔭LEAPS,HOLD,1
NKE,2028-01-21,105.0,0.34,2736,2,49.561051269531255,479,35.84000015258789,0.2,0.38,2026-09-24 14:07:40,🔭LEAPS,HOLD,1
NKE,2028-06-16,65.0,2.04,2868,2,43.6529072265625,626,35.84000015258789,1.8,2.07,2026-09-29 13:30:11,🔭LEAPS,HOLD,1
HBAN,2026-12-18,19.0,0.1,973,2,37.305314453125,80,15.270000457763672,0.0,0.15,2026-09-21 19:07:00,🚬菸屁股,HOLD,1
KVUE,2027-01-15,20.0,0.15,11020,2,21.680470703125,108,17.90999984741211,0.11,0.21,2026-09-29 18:41:34,🚬菸屁股,HOLD,1
KVUE,2027-01-15,22.0,0.03,4706,2,27.149166015625,108,17.90999984741211,0.01,0.11,2026-09-23 19:57:03,🚬菸屁股,HOLD,1
KVUE,2027-01-15,25.0,0.03,4823,2,33.399103515625,108,17.90999984741211,0.0,0.05,2026-09-28 14:12:05,🚬菸屁股,HOLD,1
KVUE,2028-01-21,22.0,0.45,999,2,23.04764453125,479,17.90999984741211,0.44,0.65,2026-09-21 13:30:02,🔭LEAPS,HOLD,1
KEY,2026-10-16,23.0,0.03,1108,2,40.23497265625,17,20.1200008392334,0.0,0.05,2026-09-24 19:18:26,🚬菸屁股,HOLD,1
META,2026-12-18,1480.0,0.11,2058,2,50.63525927734375,80,738.7899780273438,0.01,0.12,2026-09-29 18:48:27,🚬菸屁股,HOLD,1
BA,2026-12-18,255.0,0.85,840,2,41.345801391601555,80,187.67999267578125,0.31,1.02,2026-09-29 13:46:48,🚬菸屁股,HOLD,1
BA,2026-12-18,275.0,0.3,833,2,41.699801757812494,80,187.67999267578125,0.02,0.42,2026-09-29 14:13:54,🚬菸屁股,HOLD,1
BA,2027-01-15,280.0,0.41,1618,2,39.7466962890625,108,187.67999267578125,0.09,0.62,2026-09-29 19:27:00,🚬菸屁股,HOLD,1
BA,2028-01-21,370.0,3.51,1458,2,40.18919674682617,479,187.67999267578125,2.63,3.7,2026-09-29 17:24:55,🔭LEAPS,HOLD,1
TGT,2027-01-15,220.0,0.62,1332,2,38.01331518554687,108,156.42999267578125,0.24,0.79,2026-09-24 16:33:43,🚬菸屁股,HOLD,1
F,2026-10-09,15.5,0.02,1710,2,59.375406250000005,10,12.300000190734863,0.0,0.01,2026-09-28 17:19:54,🚬菸屁股,HOLD,1
F,2026-11-20,18.0,0.02,1319,2,50.7817421875,52,12.300000190734863,0.01,0.04,2026-09-29 17:41:42,🚬菸屁股,HOLD,1
DIS,2026-10-16,125.0,0.08,4478,2,39.258419921874996,17,105.41000366210938,0.03,0.08,2026-09-29 19:27:36,🚬菸屁股,HOLD,1
DIS,2028-01-21,130.0,7.2,1749,2,32.199774688720694,479,105.41000366210938,7.1,7.6,2026-09-29 19:25:23,🔭LEAPS,HOLD,1
DIS,2028-01-21,140.0,5.1,2687,2,32.61480960083007,479,105.41000366210938,4.9,5.8,2026-09-29 19:45:04,🔭LEAPS,HOLD,1
AMZN,2026-10-16,315.0,0.03,4849,2,46.680220703125,17,246.6699981689453,0.03,0.07,2026-09-29 18:21:57,🚬菸屁股,HOLD,1
AMZN,2026-12-18,345.0,0.57,1886,2,38.79455737304687,80,246.6699981689453,0.45,0.67,2026-09-29 18:25:41,🚬菸屁股,HOLD,1
AMZN,2026-12-18,410.0,0.07,8555,2,41.211525390625,80,246.6699981689453,0.06,0.08,2026-09-29 18:44:04,🚬菸屁股,HOLD,1
AMZN,2027-01-15,355.0,0.79,2773,2,37.402969726562496,108,246.6699981689453,0.7,0.88,2026-09-28 19:37:17,🚬菸屁股,HOLD,1
MU,2026-10-16,1910.0,0.25,1042,2,97.460962890625,17,1065.0799560546875,0.12,0.37,2026-09-29 18:47:01,🚬菸屁股,HOLD,1
CRM,2027-01-15,430.0,0.2,1009,2,51.61181201171875,108,225.30999755859375,0.12,0.51,2026-09-28 14:03:20,🚬菸屁股,HOLD,1
CRM,2027-01-15,500.0,0.06,1830,2,50.97705273437501,108,225.30999755859375,0.01,0.1,2026-09-29 17:03:14,🚬菸屁股,HOLD,1
MARA,2027-01-15,32.0,0.14,4965,2,98.04689453125,108,11.989999771118164,0.12,0.14,2026-09-28 14:42:23,🚬菸屁股,HOLD,1
MARA,2028-01-21,5.0,8.31,3595,2,86.32826171875,479,11.989999771118164,7.1,8.35,2026-09-28 17:31:21,🔭LEAPS,HOLD,1
HUBS,2027-01-15,500.0,0.15,821,2,76.46507910156251,108,197.6699981689453,0.15,1.0,2026-09-29 13:42:44,🚬菸屁股,HOLD,1
TSLA,2026-12-18,650.0,0.57,6217,1,57.98381860351562,80,352.84,0.54,0.55,2026-09-29 15:12:49,🚬菸屁股,HOLD,1
TSLA,2026-12-18,710.0,0.34,12871,1,61.572649902343755,80,352.84,0.33,0.39,2026-09-29 15:55:51,🚬菸屁股,HOLD,1
TSLA,2026-12-18,750.0,0.29,6507,1,63.9652041015625,80,352.84,0.26,0.32,2026-09-29 15:12:11,🚬菸屁股,HOLD,1
TSLA,2026-12-18,850.0,0.19,7536,1,69.48272705078125,80,352.84,0.15,0.22,2026-09-29 13:43:46,🚬菸屁股,HOLD,1
TSLA,2028-01-21,850.0,9.53,6008,1,51.42260491943358,479,352.84,9.15,9.5,2026-09-29 16:29:18,🔭LEAPS,HOLD,1
AAPL,2027-01-15,600.0,0.03,13629,1,36.32876171875,108,329.4,0.02,0.03,2026-09-29 19:09:11,🚬菸屁股,HOLD,1
IBIT,2026-10-16,57.0,0.05,8562,1,44.5318046875,17,47.33,0.04,0.05,2026-09-29 15:02:39,🚬菸屁股,HOLD,1
IBIT,2026-10-16,59.0,0.04,9425,1,49.60987890625,17,47.33,0.03,0.04,2026-09-29 14:21:25,🚬菸屁股,HOLD,1
IBIT,2026-12-18,80.0,0.11,5562,1,54.297332031250015,80,47.33,0.1,0.12,2026-09-29 14:30:52,🚬菸屁股,HOLD,1
IBIT,2027-01-15,68.0,0.41,7920,1,44.92242578125,108,47.33,0.4,0.42,2026-09-29 19:29:28,🚬菸屁股,HOLD,1
IBIT,2027-01-15,79.0,0.28,5266,1,50.39112109375,108,47.33,0.19,0.21,2026-09-25 19:59:39,🚬菸屁股,HOLD,1
IBIT,2027-01-15,85.0,0.16,15041,1,53.71140039062501,108,47.33,0.14,0.17,2026-09-29 14:26:11,🚬菸屁股,HOLD,1
IBIT,2027-01-15,110.0,0.07,29476,1,63.67223828125,108,47.33,0.05,0.07,2026-09-29 17:12:13,🚬菸屁股,HOLD,1
IBIT,2028-01-21,95.0,1.96,5970,1,49.731947998046884,479,47.33,1.89,1.99,2026-09-28 14:44:17,🔭LEAPS,HOLD,1
COIN,2027-01-15,880.0,0.09,13701,1,96.48441015625,108,190.02,0.07,0.14,2026-09-29 17:16:47,🚬菸屁股,HOLD,1
SMCI,2026-12-18,80.0,0.65,2718,1,90.77157666015624,80,41.02,0.48,0.71,2026-09-29 13:55:16,🚬菸屁股,HOLD,1
SMCI,2026-12-18,92.0,0.33,2103,1,94.92192578125,80,41.02,0.23,0.5,2026-09-29 19:50:13,🚬菸屁股,HOLD,1
SMCI,2026-12-18,110.0,0.21,2634,1,100.78174609374999,80,41.02,0.14,0.27,2026-09-28 18:49:07,🚬菸屁股,HOLD,1
SMCI,2028-01-21,85.0,7.0,15743,1,84.48501843261718,479,41.02,6.25,7.7,2026-09-28 19:24:15,🔭LEAPS,HOLD,1
OKLO,2026-11-20,75.0,0.21,2977,1,99.41406835937501,52,37.11,0.2,0.26,2026-09-29 18:49:56,🚬菸屁股,HOLD,1
OKLO,2026-11-20,115.0,0.07,963,1,129.6878515625,52,37.11,0.0,0.22,2026-09-29 18:06:09,🚬菸屁股,HOLD,1
OKLO,2026-12-18,85.0,0.29,1328,1,97.26565234374999,80,37.11,0.17,0.51,2026-09-28 17:49:09,🚬菸屁股,HOLD,1
OKLO,2026-12-18,125.0,0.14,2249,1,120.3128984375,80,37.11,0.01,0.4,2026-09-25 13:38:30,🚬菸屁股,HOLD,1
OKLO,2027-01-15,120.0,0.21,3071,1,98.9257919921875,108,37.11,0.01,0.35,2026-09-28 18:39:32,🚬菸屁股,HOLD,1
OKLO,2027-01-15,130.0,0.24,1338,1,101.5629921875,108,37.11,0.0,0.3,2026-09-28 19:35:47,🚬菸屁股,HOLD,1
OKLO,2027-01-15,150.0,0.15,12845,1,111.71919140624999,108,37.11,0.05,0.27,2026-09-29 19:58:54,🚬菸屁股,HOLD,1
OKLO,2027-01-15,190.0,0.18,750,1,122.65663671875001,108,37.11,0.0,0.25,2026-09-18 15:07:21,🚬菸屁股,HOLD,1
OKLO,2027-01-15,230.0,0.01,1017,1,133.78939355468745,108,37.11,0.0,0.25,2026-09-22 16:41:34,🚬菸屁股,HOLD,1
OKLO,2027-01-15,250.0,0.1,1362,1,138.67218164062498,108,37.11,0.0,0.25,2026-09-18 15:08:39,🚬菸屁股,HOLD,1
OKLO,2028-01-21,80.0,6.0,994,1,81.76287768554687,479,37.11,5.1,6.0,2026-09-29 15:02:18,🔭LEAPS,HOLD,1
OKLO,2028-01-21,120.0,3.8,910,1,89.0381955566406,479,37.11,3.0,4.75,2026-09-28 17:00:26,🔭LEAPS,HOLD,1
VST,2026-10-16,200.0,0.03,1759,1,60.937890625000016,17,140.83,0.0,0.05,2026-09-29 13:39:52,🚬菸屁股,HOLD,1
VST,2026-12-18,280.0,0.47,883,1,67.48079394531253,80,140.83,0.0,0.65,2026-09-03 13:30:04,🚬菸屁股,HOLD,1
VST,2027-01-15,255.0,0.4,867,1,53.076641113281255,108,140.83,0.12,0.67,2026-09-24 18:53:21,🚬菸屁股,HOLD,1
VST,2027-01-15,290.0,0.2,3341,1,54.49264257812501,108,140.83,0.01,0.28,2026-09-28 18:41:08,🚬菸屁股,HOLD,1
RKLB,2028-01-21,145.0,10.67,5038,1,78.99190930175781,479,69.7,9.75,10.5,2026-09-29 14:30:33,🔭LEAPS,HOLD,1
RKLB,2028-01-21,195.0,6.8,1900,1,79.23604748535156,479,69.7,5.45,7.25,2026-09-29 14:28:18,🔭LEAPS,HOLD,1
ASTS,2028-01-21,135.0,10.3,1895,1,87.35364208984375,479,59.4,9.2,10.1,2026-09-28 14:36:53,🔭LEAPS,HOLD,1
ASTS,2028-01-21,140.0,9.2,1708,1,86.27943408203124,479,59.4,8.75,9.1,2026-09-29 16:07:20,🔭LEAPS,HOLD,1
ASTS,2028-01-21,145.0,8.7,1798,1,86.25502026367188,479,59.4,8.3,8.7,2026-09-18 19:47:42,🔭LEAPS,HOLD,1
ASTS,2028-01-21,155.0,8.55,953,1,86.40760662841795,479,59.4,7.6,7.95,2026-09-28 13:45:25,🔭LEAPS,HOLD,1
IONQ,2026-11-20,140.0,0.13,1600,1,122.65663671875001,52,43.91,0.01,0.13,2026-09-24 18:52:55,🚬菸屁股,HOLD,1
IONQ,2026-12-18,75.0,0.98,3064,1,87.74426318359374,80,43.91,0.81,1.29,2026-09-29 14:01:58,🚬菸屁股,HOLD,1
IONQ,2026-12-18,90.0,0.52,3357,1,93.60357958984375,80,43.91,0.33,0.82,2026-09-29 15:29:25,🚬菸屁股,HOLD,1
IONQ,2027-01-15,95.0,0.63,1856,1,83.8868798828125,108,43.91,0.38,0.7,2026-09-29 17:51:34,🚬菸屁股,HOLD,1
IONQ,2027-01-15,100.0,0.62,4574,1,89.94150683593749,108,43.91,0.4,0.81,2026-09-29 17:51:34,🚬菸屁股,HOLD,1
UPST,2027-01-15,60.0,0.1,3736,1,92.773509765625,108,23.14,0.08,0.34,2026-09-28 17:19:22,🚬菸屁股,HOLD,1
UPST,2027-01-15,62.5,0.09,843,1,94.2383388671875,108,23.14,0.0,0.38,2026-09-28 15:13:13,🚬菸屁股,HOLD,1
UPST,2027-01-15,65.0,0.05,786,1,96.679720703125,108,23.14,0.0,0.37,2026-09-29 15:07:34,🚬菸屁股,HOLD,1
UPST,2028-01-21,35.0,5.37,1387,1,80.65204895019531,479,23.14,4.7,6.0,2026-09-29 14:39:18,🔭LEAPS,HOLD,1
UPST,2028-01-21,42.5,4.2,2131,1,78.57687438964844,479,23.14,3.75,4.2,2026-09-28 13:30:08,🔭LEAPS,HOLD,1
UPST,2028-01-21,100.0,0.96,1420,1,80.51777294921875,479,23.14,0.88,1.09,2026-09-28 17:09:04,🔭LEAPS,HOLD,1
SOFI,2026-12-18,37.0,0.05,2497,1,84.37515624999999,80,15.91,0.02,0.09,2026-09-25 15:21:12,🚬菸屁股,HOLD,1
SOFI,2028-06-16,42.0,1.2,2854,1,63.37927246093751,626,15.91,1.11,1.31,2026-09-29 17:52:08,🔭LEAPS,HOLD,1
DKNG,2026-11-20,40.0,0.05,5704,1,87.500125,52,19.59,0.0,0.1,2026-09-23 18:07:54,🚬菸屁股,HOLD,1
DKNG,2026-12-18,80.0,0.01,871,1,133.59408203124997,80,19.59,0.0,0.2,2026-09-22 13:30:00,🚬菸屁股,HOLD,1
DKNG,2027-01-15,55.0,0.05,6649,1,76.95335546875,108,19.59,0.02,0.04,2026-09-28 14:16:05,🚬菸屁股,HOLD,1
DKNG,2027-01-15,57.5,0.09,1258,1,88.67198828125,108,19.59,0.0,0.14,2026-09-22 15:10:18,🚬菸屁股,HOLD,1
DKNG,2027-01-15,70.0,0.01,3800,1,102.34423828125001,108,19.59,0.0,0.15,2026-09-18 14:28:15,🚬菸屁股,HOLD,1
DKNG,2027-01-15,75.0,0.06,1010,1,95.312546875,108,19.59,0.0,0.06,2026-09-24 18:21:42,🚬菸屁股,HOLD,1
DKNG,2028-01-21,32.5,2.98,2441,1,64.67320483398437,479,19.59,2.4,2.89,2026-09-24 14:18:28,🔭LEAPS,HOLD,1
IREN,2026-11-20,100.0,0.07,4098,1,103.90673046875003,52,41.38,0.04,0.17,2026-09-29 15:28:25,🚬菸屁股,HOLD,1
IREN,2026-11-20,110.0,0.08,8152,1,108.203583984375,52,41.38,0.01,0.14,2026-09-29 19:37:32,🚬菸屁股,HOLD,1
IREN,2026-12-18,105.0,0.44,1041,1,96.87503124999999,80,41.38,0.01,0.42,2026-09-28 17:36:39,🚬菸屁股,HOLD,1
IREN,2026-12-18,110.0,0.25,3901,1,101.3676806640625,80,41.38,0.1,0.35,2026-09-29 15:46:02,🚬菸屁股,HOLD,1
IREN,2026-12-18,140.0,0.14,9105,1,118.75040625,80,41.38,0.09,0.32,2026-09-28 16:17:15,🚬菸屁股,HOLD,1
IREN,2027-01-15,120.0,0.45,1011,1,104.10204199218754,108,41.38,0.23,0.67,2026-09-28 16:42:55,🚬菸屁股,HOLD,1
IREN,2027-01-15,130.0,0.36,1310,1,105.66453417968751,108,41.38,0.25,0.46,2026-09-28 16:42:22,🚬菸屁股,HOLD,1
U,2028-01-21,45.0,10.4,7451,1,67.6761044921875,479,39.72,9.5,11.1,2026-09-29 17:09:24,🔭LEAPS,HOLD,1
U,2028-01-21,47.0,9.52,7592,1,65.66196447753907,479,39.72,8.55,10.2,2026-09-29 14:06:52,🔭LEAPS,HOLD,1
U,2028-01-21,65.0,5.9,2726,1,66.41879284667971,479,39.72,5.4,6.2,2026-09-29 18:52:40,🔭LEAPS,HOLD,1
PATH,2027-01-15,18.0,0.4,4158,1,67.09017285156251,108,12.32,0.37,0.46,2026-09-29 19:20:55,🚬菸屁股,HOLD,1
PATH,2027-01-15,19.0,0.4,1364,1,68.16438085937502,108,12.32,0.27,0.4,2026-09-25 13:32:40,🚬菸屁股,HOLD,1
PATH,2027-01-15,25.0,0.1,13435,1,79.101771484375,108,12.32,0.07,0.24,2026-09-28 19:47:10,🚬菸屁股,HOLD,1
PATH,2027-01-15,35.0,0.06,3036,1,83.59391406249999,108,12.32,0.01,0.06,2026-09-29 18:37:10,🚬菸屁股,HOLD,1
PATH,2027-01-15,37.0,0.15,4809,1,106.05515722656251,108,12.32,0.01,0.25,2026-09-21 13:30:03,🚬菸屁股,HOLD,1
PATH,2028-01-21,3.0,9.8,1178,1,98.04689453125,479,12.32,9.05,10.2,2026-09-25 19:04:07,🔭LEAPS,HOLD,1
HOOD,2026-12-18,260.0,0.26,2292,1,78.46701220703125,80,116.22,0.1,0.53,2026-09-29 18:44:38,🚬菸屁股,HOLD,1
HOOD,2027-01-15,230.0,0.93,1939,1,70.312796875,108,116.22,0.56,1.27,2026-09-29 15:11:39,🚬菸屁股,HOLD,1
HOOD,2027-01-15,240.0,0.72,1477,1,70.26396923828125,108,116.22,0.4,1.0,2026-09-29 17:44:14,🚬菸屁股,HOLD,1
TDOC,2027-01-15,9.0,0.14,1287,1,62.305064453125006,108,5.75,0.06,0.15,2026-09-28 16:14:46,🚬菸屁股,HOLD,1
ZM,2026-10-16,110.0,0.1,2629,1,52.3442265625,17,88.355,0.0,0.22,2026-09-28 18:59:02,🚬菸屁股,HOLD,1
ZM,2026-10-16,115.0,0.11,943,1,72.55886816406249,17,88.355,0.0,0.6,2026-09-29 15:30:44,🚬菸屁股,HOLD,1
ZM,2026-12-18,140.0,0.34,1070,1,53.51608984375,80,88.355,0.13,0.59,2026-09-25 16:08:30,🚬菸屁股,HOLD,1
ZM,2027-01-15,140.0,0.39,7736,1,50.0005,108,88.355,0.27,0.85,2026-09-29 18:57:26,🚬菸屁股,HOLD,1
ZM,2027-01-15,160.0,0.23,820,1,53.467262207031254,108,88.355,0.0,0.52,2026-09-22 14:39:26,🚬菸屁股,HOLD,1
ZM,2028-01-21,135.0,7.88,919,1,50.397224548339835,479,88.355,5.75,8.3,2026-09-25 18:58:36,🔭LEAPS,HOLD,1
XYZ,2026-12-18,115.0,0.38,990,1,50.97705273437501,80,74.05,0.17,0.39,2026-09-28 17:02:13,🚬菸屁股,HOLD,1
XYZ,2028-01-21,105.0,8.8,2206,1,51.538570556640614,479,74.05,7.55,8.7,2026-09-23 17:38:37,🔭LEAPS,HOLD,1
XYZ,2028-01-21,110.0,7.9,2053,1,50.37891418457032,479,74.05,6.85,8.05,2026-09-23 16:31:08,🔭LEAPS,HOLD,1
XYZ,2028-01-21,125.0,4.9,961,1,51.03198382568359,479,74.05,4.7,5.55,2026-09-29 17:21:21,🔭LEAPS,HOLD,1
OPEN,2027-01-15,8.0,0.06,3419,1,126.56286718749999,108,2.37,0.0,0.09,2026-09-29 13:33:37,🚬菸屁股,HOLD,1
CRSP,2027-01-15,100.0,0.5,994,1,68.31086376953127,108,56.0,0.1,1.3,2026-09-28 17:48:25,🚬菸屁股,HOLD,1
CRSP,2028-01-21,110.0,5.45,792,1,62.21961608886719,479,56.0,3.5,6.4,2026-09-25 14:20:37,🔭LEAPS,HOLD,1
NTLA,2027-01-15,30.0,0.11,1140,1,119.141029296875,108,12.03,0.05,0.8,2026-09-28 18:30:36,🚬菸屁股,HOLD,1
NTLA,2027-01-15,35.0,0.05,3787,1,89.84385156249999,108,12.03,0.0,0.1,2026-09-23 14:47:09,🚬菸屁股,HOLD,1
NTLA,2027-01-15,42.0,0.23,870,1,142.77372363281248,108,12.03,0.0,0.75,2026-09-28 18:30:36,🚬菸屁股,HOLD,1
NTLA,2028-01-21,20.0,2.55,1615,1,85.59584716796876,479,12.03,2.0,3.5,2026-09-28 19:57:36,🔭LEAPS,HOLD,1
BEAM,2028-01-21,40.0,4.6,2250,1,70.09307250976562,479,24.52,1.5,6.5,2026-09-28 13:30:31,🔭LEAPS,HOLD,1
PACB,2026-12-18,1.5,0.53,3211,1,126.95349023437497,80,1.83,0.4,0.75,2026-09-29 19:13:17,🚬菸屁股,HOLD,1
PACB,2028-01-21,5.0,0.32,1353,1,108.7895185546875,479,1.83,0.15,0.65,2026-09-29 16:11:23,🔭LEAPS,HOLD,1
HIMS,2026-10-16,55.0,0.02,3288,1,132.81283593749998,17,28.700000762939453,0.02,0.07,2026-09-29 18:03:31,🚬菸屁股,HOLD,1
HIMS,2026-11-20,55.0,0.31,1316,1,99.9023447265625,52,28.700000762939453,0.21,0.3,2026-09-29 13:46:40,🚬菸屁股,HOLD,1
HIMS,2026-12-18,105.0,0.09,1384,1,117.57853710937498,80,28.700000762939453,0.03,0.15,2026-09-28 19:39:20,🚬菸屁股,HOLD,1
HIMS,2027-01-15,65.0,0.47,1462,1,92.0899228515625,108,28.700000762939453,0.31,0.6,2026-09-29 14:48:58,🚬菸屁股,HOLD,1
HIMS,2027-01-15,70.0,0.39,3807,1,95.11723632812499,108,28.700000762939453,0.31,0.47,2026-09-23 17:43:43,🚬菸屁股,HOLD,1
HIMS,2028-01-21,45.0,6.85,1198,1,84.04556970214843,479,28.700000762939453,6.65,6.95,2026-09-29 19:57:57,🔭LEAPS,HOLD,1
HIMS,2028-01-21,47.0,6.55,781,1,83.91129370117187,479,28.700000762939453,6.15,6.75,2026-09-28 17:09:38,🔭LEAPS,HOLD,1
HIMS,2028-01-21,80.0,3.4,1027,1,87.17053845214843,479,28.700000762939453,3.15,3.85,2026-09-25 19:07:56,🔭LEAPS,HOLD,1
KTOS,2026-11-20,85.0,0.17,3697,1,85.742330078125,52,43.05,0.05,0.2,2026-09-25 18:28:10,🚬菸屁股,HOLD,1
KTOS,2027-01-15,100.0,0.27,1527,1,77.148666015625,108,43.05,0.15,0.3,2026-09-25 17:11:57,🚬菸屁股,HOLD,1
ONDS,2026-12-18,20.0,0.05,6894,1,106.64109179687502,80,7.480000019073486,0.02,0.09,2026-09-25 17:00:24,🚬菸屁股,HOLD,1
ONDS,2027-01-15,17.0,0.16,8297,1,88.2813671875,108,7.480000019073486,0.05,0.14,2026-09-29 16:45:35,🚬菸屁股,HOLD,1
ONDS,2027-01-15,22.0,0.06,2415,1,104.68797656250001,108,7.480000019073486,0.05,0.11,2026-09-29 17:45:49,🚬菸屁股,HOLD,1
ONDS,2027-01-15,27.0,0.03,7167,1,115.625421875,108,7.480000019073486,0.03,0.1,2026-09-28 13:30:02,🚬菸屁股,HOLD,1
ONDS,2028-01-21,2.0,5.66,1662,1,106.05515722656251,479,7.480000019073486,5.35,6.2,2026-09-29 17:59:27,🔭LEAPS,HOLD,1
LUNR,2026-12-18,32.0,0.31,1016,1,97.460962890625,80,14.550000190734863,0.01,0.32,2026-09-24 14:51:39,🚬菸屁股,HOLD,1
LUNR,2027-01-15,27.0,0.59,1749,1,94.726615234375,108,14.550000190734863,0.48,0.64,2026-09-29 16:26:30,🚬菸屁股,HOLD,1
LUNR,2028-01-21,50.0,1.9,1232,1,99.26758544921876,479,14.550000190734863,1.75,2.15,2026-09-29 17:01:19,🔭LEAPS,HOLD,1
JOBY,2026-11-20,12.0,0.03,1639,1,95.312546875,52,5.989999771118164,0.02,0.04,2026-09-28 18:13:08,🚬菸屁股,HOLD,1
JOBY,2027-01-15,17.0,0.04,6201,1,96.0937890625,108,5.989999771118164,0.03,0.06,2026-09-29 18:09:13,🚬菸屁股,HOLD,1
JOBY,2027-01-15,20.0,0.02,14159,1,103.90673046875003,108,5.989999771118164,0.03,0.04,2026-09-29 14:43:50,🚬菸屁股,HOLD,1
JOBY,2027-01-15,27.0,0.03,1490,1,114.0629296875,108,5.989999771118164,0.0,0.04,2026-08-24 17:27:12,🚬菸屁股,HOLD,1
JOBY,2028-01-21,22.0,0.36,793,1,85.54701953125,479,5.989999771118164,0.26,0.63,2026-09-29 13:52:00,🔭LEAPS,HOLD,1
SMR,2026-10-16,14.0,0.03,925,1,131.25034374999998,17,7.760000228881836,0.01,0.03,2026-09-29 13:45:20,🚬菸屁股,HOLD,1
SMR,2027-01-15,27.0,0.09,1988,1,117.1879140625,108,7.760000228881836,0.01,0.16,2026-09-28 14:58:07,🚬菸屁股,HOLD,1
SMR,2027-01-15,32.0,0.06,1116,1,122.65663671875001,108,7.760000228881836,0.0,0.12,2026-09-29 19:00:04,🚬菸屁股,HOLD,1
SMR,2027-01-15,37.0,0.08,984,1,134.76595117187497,108,7.760000228881836,0.01,0.13,2026-09-28 16:58:53,🚬菸屁股,HOLD,1
SMR,2027-01-15,40.0,0.01,7518,1,131.25034374999998,108,7.760000228881836,0.01,0.08,2026-09-29 17:02:27,🚬菸屁股,HOLD,1
SMR,2027-01-15,50.0,0.06,4937,1,146.875265625,108,7.760000228881836,0.02,0.08,2026-09-29 15:43:18,🚬菸屁股,HOLD,1
SMR,2027-01-15,60.0,0.11,809,1,145.3127734375,108,7.760000228881836,0.0,0.05,2026-09-29 13:56:22,🚬菸屁股,HOLD,1
SMR,2028-01-21,23.0,1.2,917,1,98.63282617187501,479,7.760000228881836,1.05,1.4,2026-09-29 16:41:10,🔭LEAPS,HOLD,1
NNE,2026-10-09,22.5,0.05,3025,1,127.34411328124997,10,15.789999961853027,0.0,0.15,2026-09-24 14:00:10,🚬菸屁股,HOLD,1
NNE,2027-01-15,23.0,0.9,896,1,80.85956640625,108,15.789999961853027,0.8,1.0,2026-09-29 17:35:34,🚬菸屁股,HOLD,1
NNE,2027-01-15,45.0,0.1,1503,1,97.460962890625,108,15.789999961853027,0.1,0.15,2026-09-28 15:26:28,🚬菸屁股,HOLD,1
NNE,2027-01-15,60.0,0.06,1817,1,113.67230664062502,108,15.789999961853027,0.0,0.2,2026-09-24 13:29:59,🚬菸屁股,HOLD,1
NNE,2028-01-21,28.0,3.5,2233,1,86.32826171875,479,15.789999961853027,3.0,3.8,2026-09-29 16:11:01,🔭LEAPS,HOLD,1
CRWV,2026-10-16,175.0,0.02,2873,1,122.65663671875001,17,85.93000030517578,0.01,0.06,2026-09-28 19:43:27,🚬菸屁股,HOLD,1
CRWV,2026-10-16,185.0,0.05,854,1,130.46909765624997,17,85.93000030517578,0.01,0.06,2026-09-25 14:03:24,🚬菸屁股,HOLD,1
CRWV,2026-12-18,170.0,0.93,5333,1,85.742330078125,80,85.93000030517578,0.72,1.03,2026-09-28 17:07:42,🚬菸屁股,HOLD,1
CRWV,2026-12-18,195.0,0.51,1166,1,86.8165380859375,80,85.93000030517578,0.17,0.67,2026-09-28 19:31:18,🚬菸屁股,HOLD,1
CRWV,2027-01-15,260.0,0.27,1947,1,90.9180595703125,108,85.93000030517578,0.15,0.48,2026-09-29 15:35:17,🚬菸屁股,HOLD,1
PCG,2026-10-16,13.5,0.09,3549,1,53.320779296874996,17,12.180000305175781,0.03,0.27,2026-09-29 14:11:55,🚬菸屁股,HOLD,1
PCG,2026-10-16,21.0,0.03,4370,1,96.87503124999999,17,12.180000305175781,0.0,0.01,2026-09-17 17:51:55,🚬菸屁股,HOLD,1
PCG,2026-10-16,22.0,0.01,2144,1,106.25046875000001,17,12.180000305175781,0.0,0.01,2026-09-24 14:44:42,🚬菸屁股,HOLD,1
PCG,2026-10-16,23.0,0.05,5040,1,112.5004375,17,12.180000305175781,0.0,0.01,2026-09-21 14:18:29,🚬菸屁股,HOLD,1
PCG,2026-12-18,21.0,0.05,8485,1,64.8441015625,80,12.180000305175781,0.04,0.1,2026-09-29 17:52:23,🚬菸屁股,HOLD,1
TJX,2026-10-16,155.0,0.01,1414,1,40.820904296875,17,133.8000030517578,0.0,0.25,2026-09-24 15:28:48,🚬菸屁股,HOLD,1
TJX,2026-10-16,170.0,0.02,1175,1,47.461462890625,17,133.8000030517578,0.0,0.05,2026-09-28 13:52:51,🚬菸屁股,HOLD,1
TJX,2027-01-15,165.0,0.5,1389,1,26.978269287109374,108,133.8000030517578,0.45,0.75,2026-09-25 16:52:05,🚬菸屁股,HOLD,1
TJX,2027-01-15,195.0,0.09,1371,1,31.934274414062493,108,133.8000030517578,0.05,0.15,2026-09-28 19:31:36,🚬菸屁股,HOLD,1
O,2026-12-18,75.0,0.2,2378,1,38.184211914062494,80,55.13999938964844,0.0,0.2,2026-09-28 17:22:18,🚬菸屁股,HOLD,1
KHC,2026-12-18,32.5,0.03,810,1,37.500625,80,23.450000762939453,0.02,0.06,2026-09-29 13:30:03,🚬菸屁股,HOLD,1
KHC,2027-01-15,32.5,0.03,2587,1,33.98503515625,108,23.450000762939453,0.02,0.08,2026-09-28 16:47:18,🚬菸屁股,HOLD,1
KHC,2027-01-15,47.5,0.02,1543,1,54.68795312500001,108,23.450000762939453,0.0,0.06,2026-08-26 17:42:26,🚬菸屁股,HOLD,1
KHC,2028-01-21,35.0,0.46,6327,1,27.783925292968746,479,23.450000762939453,0.4,0.45,2026-09-25 14:18:44,🔭LEAPS,HOLD,1
NKE,2026-12-18,67.5,0.07,1038,1,62.305064453125006,80,35.84000015258789,0.05,0.1,2026-09-29 15:30:24,🚬菸屁股,HOLD,1
NKE,2026-12-18,77.5,0.07,875,1,70.312796875,80,35.84000015258789,0.01,0.1,2026-09-24 13:30:06,🚬菸屁股,HOLD,1
NKE,2026-12-18,80.0,0.07,10202,1,71.87528125,80,35.84000015258789,0.01,0.09,2026-09-29 13:30:02,🚬菸屁股,HOLD,1
NKE,2027-01-15,72.5,0.07,1997,1,60.937890625000016,108,35.84000015258789,0.04,0.16,2026-09-23 19:56:30,🚬菸屁股,HOLD,1
NKE,2027-01-15,115.0,0.03,1156,1,95.507857421875,108,35.84000015258789,0.02,0.26,2026-09-28 15:00:34,🚬菸屁股,HOLD,1
NKE,2027-01-15,125.0,0.02,3239,1,81.2501875,108,35.84000015258789,0.01,0.03,2026-09-23 17:20:37,🚬菸屁股,HOLD,1
NKE,2028-01-21,67.5,1.24,1360,1,45.26421923828126,479,35.84000015258789,1.11,1.34,2026-09-25 17:37:48,🔭LEAPS,HOLD,1
NKE,2028-06-16,42.5,5.7,2054,1,50.26905200195313,626,35.84000015258789,5.5,7.1,2026-09-24 16:00:33,🔭LEAPS,HOLD,1
NKE,2028-06-16,60.0,2.5,824,1,44.470770141601555,626,35.84000015258789,2.3,2.72,2026-09-29 16:40:49,🔭LEAPS,HOLD,1
HBAN,2026-11-20,20.0,0.05,1492,1,51.17236328125,52,15.270000457763672,0.0,0.25,2026-09-17 13:30:01,🚬菸屁股,HOLD,1
HBAN,2027-01-15,16.0,0.6,3190,1,31.738963867187497,108,15.270000457763672,0.5,0.75,2026-09-29 15:12:57,🚬菸屁股,HOLD,1
KVUE,2026-10-16,18.0,0.27,5210,1,22.1687470703125,17,17.90999984741211,0.15,0.3,2026-09-29 17:57:30,🚬菸屁股,HOLD,1
KVUE,2027-01-15,27.0,0.01,18324,1,54.78560839843751,108,17.90999984741211,0.0,0.25,2026-09-28 14:40:30,🚬菸屁股,HOLD,1
KVUE,2027-01-15,30.0,0.07,2871,1,50.586431640624994,108,17.90999984741211,0.0,0.15,2026-07-27 19:04:53,🚬菸屁股,HOLD,1
KVUE,2028-01-21,15.0,3.66,794,1,28.613995117187496,479,17.90999984741211,2.06,3.9,2026-09-28 19:27:32,🔭LEAPS,HOLD,1
KEY,2028-01-21,25.0,1.1,1194,1,29.688203124999994,479,20.1200008392334,1.05,1.2,2026-09-29 19:42:48,🔭LEAPS,HOLD,1
META,2026-12-18,1240.0,0.7,1846,1,48.04739453125,80,738.7899780273438,0.59,0.78,2026-09-28 13:32:20,🚬菸屁股,HOLD,1
META,2026-12-18,1420.0,0.23,791,1,51.8559501953125,80,738.7899780273438,0.03,0.27,2026-09-25 14:54:40,🚬菸屁股,HOLD,1
BA,2026-12-18,265.0,0.56,1813,1,40.21055883789062,80,187.67999267578125,0.18,0.55,2026-09-29 14:13:54,🚬菸屁股,HOLD,1
BA,2026-12-18,295.0,0.38,1148,1,47.24173852539062,80,187.67999267578125,0.0,0.39,2026-09-17 19:57:07,🚬菸屁股,HOLD,1
BA,2026-12-18,310.0,0.13,776,1,51.22119091796875,80,187.67999267578125,0.0,0.38,2026-09-28 14:57:39,🚬菸屁股,HOLD,1
TGT,2026-10-16,185.0,0.18,880,1,36.524072265625,17,156.42999267578125,0.01,0.08,2026-09-29 17:42:13,🚬菸屁股,HOLD,1
F,2026-10-09,16.0,0.02,926,1,68.7503125,10,12.300000190734863,0.0,0.01,2026-09-23 16:10:23,🚬菸屁股,HOLD,1
F,2028-01-21,25.0,0.25,15197,1,43.555251953125,479,12.300000190734863,0.2,0.3,2026-09-25 18:35:37,🔭LEAPS,HOLD,1
DIS,2026-12-18,130.0,0.35,4616,1,30.83565258789062,80,105.41000366210938,0.35,0.55,2026-09-28 13:46:20,🚬菸屁股,HOLD,1
DIS,2026-12-18,140.0,0.18,1606,1,37.402969726562496,80,105.41000366210938,0.1,0.47,2026-09-28 14:28:29,🚬菸屁股,HOLD,1
DIS,2026-12-18,175.0,0.05,3174,1,45.898978515625004,80,105.41000366210938,0.0,0.09,2026-09-28 14:27:48,🚬菸屁股,HOLD,1
DIS,2027-01-15,135.0,0.45,2478,1,30.493859130859374,108,105.41000366210938,0.31,0.59,2026-09-29 19:02:01,🚬菸屁股,HOLD,1
DIS,2027-01-15,140.0,0.31,3543,1,32.88641333007812,108,105.41000366210938,0.2,0.52,2026-09-29 15:00:42,🚬菸屁股,HOLD,1
DIS,2027-01-15,170.0,0.1,905,1,44.67828759765625,108,105.41000366210938,0.05,0.3,2026-09-28 15:08:12,🚬菸屁股,HOLD,1
DIS,2028-01-21,155.0,3.1,935,1,32.00751586914062,479,105.41000366210938,2.74,3.5,2026-09-28 19:34:22,🔭LEAPS,HOLD,1
DIS,2028-01-21,170.0,1.85,2650,1,31.952584777832026,479,105.41000366210938,1.0,2.18,2026-09-29 16:21:51,🔭LEAPS,HOLD,1
JPM,2026-10-09,375.0,0.02,1247,1,35.8404853515625,10,334.9800109863281,0.0,0.23,2026-09-29 19:02:57,🚬菸屁股,HOLD,1
JPM,2026-10-16,400.0,0.05,1736,1,39.69786865234375,17,334.9800109863281,0.04,0.22,2026-09-29 15:40:51,🚬菸屁股,HOLD,1
JPM,2026-10-16,405.0,0.11,836,1,44.28766650390625,17,334.9800109863281,0.0,0.31,2026-09-29 14:47:17,🚬菸屁股,HOLD,1
JPM,2026-11-20,395.0,0.68,1683,1,27.808339111328124,52,334.9800109863281,0.16,0.95,2026-09-29 16:51:51,🚬菸屁股,HOLD,1
JPM,2026-12-18,420.0,0.4,828,1,25.830819824218754,80,334.9800109863281,0.2,0.54,2026-09-29 18:00:10,🚬菸屁股,HOLD,1
AMZN,2026-10-16,335.0,0.02,1030,1,53.320779296874996,17,246.6699981689453,0.01,0.07,2026-09-29 14:13:22,🚬菸屁股,HOLD,1
AMZN,2026-10-16,400.0,0.02,2112,1,76.562734375,17,246.6699981689453,0.0,0.05,2026-09-28 13:36:40,🚬菸屁股,HOLD,1
AMZN,2026-11-20,360.0,0.19,14611,1,44.19001123046875,52,246.6699981689453,0.12,0.2,2026-09-29 15:06:28,🚬菸屁股,HOLD,1
AMZN,2026-11-20,370.0,0.14,3496,1,43.99470068359375,52,246.6699981689453,0.08,0.12,2026-09-29 16:43:27,🚬菸屁股,HOLD,1
AMZN,2026-12-18,370.0,0.26,6130,1,40.28380029296875,80,246.6699981689453,0.22,0.32,2026-09-28 19:48:55,🚬菸屁股,HOLD,1
AMZN,2026-12-18,375.0,0.19,7496,1,40.62559375,80,246.6699981689453,0.1,0.28,2026-09-28 16:30:48,🚬菸屁股,HOLD,1
AMZN,2026-12-18,380.0,0.16,2389,1,41.06504248046875,80,246.6699981689453,0.08,0.25,2026-09-25 16:55:46,🚬菸屁股,HOLD,1
MU,2026-10-16,1690.0,0.85,909,1,89.45323046875,17,1065.0799560546875,0.61,0.83,2026-09-29 14:27:35,🚬菸屁股,HOLD,1
MU,2026-10-16,1830.0,0.32,1491,1,94.5313046875,17,1065.0799560546875,0.22,0.48,2026-09-29 15:58:26,🚬菸屁股,HOLD,1
MU,2026-10-16,2290.0,0.15,1021,1,125.00037499999999,17,1065.0799560546875,0.02,0.54,2026-09-29 18:30:40,🚬菸屁股,HOLD,1
CRM,2026-12-18,350.0,0.7,1011,1,51.819329467773436,80,225.30999755859375,0.45,0.93,2026-09-29 16:52:50,🚬菸屁股,HOLD,1
CRM,2026-12-18,430.0,0.26,2233,1,56.1527822265625,80,225.30999755859375,0.0,0.37,2026-09-21 15:21:14,🚬菸屁股,HOLD,1
CRM,2026-12-18,500.0,0.15,777,1,57.0316796875,80,225.30999755859375,0.0,0.07,2026-09-16 19:34:13,🚬菸屁股,HOLD,1
MARA,2028-01-21,3.0,9.6,1260,1,127.73473632812498,479,11.989999771118164,9.35,10.0,2026-09-28 17:37:42,🔭LEAPS,HOLD,1
MARA,2028-01-21,8.0,6.5,2059,1,93.4570966796875,479,11.989999771118164,6.0,6.65,2026-09-29 14:19:34,🔭LEAPS,HOLD,1
MARA,2028-01-21,30.0,1.7,5542,1,89.3555751953125,479,11.989999771118164,1.72,1.91,2026-09-25 16:52:34,🔭LEAPS,HOLD,1
CHPT,2027-01-15,20.0,0.2,900,1,91.4063359375,108,9.520000457763672,0.0,0.4,2026-09-25 13:32:58,🚬菸屁股,HOLD,1
